Departure Airport Name,Departure Airport ID,Departure Time,Arrival Airport Name,Arrival Airport ID,Arrival Time,Duration,Airline,Travel Class,Total Duration,Layover 1 Duration,Layover 1 Overnight,Price, Cabin Baggage, Checked Baggage,Meal Included,Cabin Baggage (Number),Cabin Baggage (kg per piece),Checked Baggage (Number),Checked Baggage (kg per piece) ,Day of Week (on flight date),Departure Country Is Holiday,Arrival Country Is Holiday,Overnight Flight,Final Arrival Airport Name,Final Arrival Airport ID
Suvarnabhumi Airport,BKK,2024-07-01 13:30,Ninoy Aquino International Airport,MNL,2024-07-01 17:55,205,Philippine Airlines,Economy,550,220.0,,304,Y,Y,Y,1,7,1,30,Monday,False,False,False,Brunei International Airport,BWN
Suvarnabhumi Airport,BKK,2024-07-01 18:30,Singapore Changi Airport,SIN,2024-07-01 21:55,145,Singapore Airlines,Economy,940,665.0,True,316,Y,Y,Y,1,7,1,23,Monday,False,False,False,Brunei International Airport,BWN
Suvarnabhumi Airport,BKK,2024-07-01 21:15,Singapore Changi Airport,SIN,2024-07-02 00:35,140,Singapore Airlines,Economy,775,505.0,True,369,Y,Y,Y,1,7,1,23,Monday,False,False,True,Brunei International Airport,BWN
Suvarnabhumi Airport,BKK,2024-07-01 06:00,Kuala Lumpur International Airport,KUL,2024-07-01 09:10,130,Malaysia Airlines,Economy,455,180.0,,411,Y,Y,Y,1,7,1,23,Monday,False,False,False,Brunei International Airport,BWN
Suvarnabhumi Airport,BKK,2024-07-01 09:40,Singapore Changi Airport,SIN,2024-07-01 13:05,145,Singapore Airlines,Economy,1470,1195.0,True,295,Y,Y,Y,1,7,1,23,Monday,False,False,False,Brunei International Airport,BWN
Suvarnabhumi Airport,BKK,2024-07-01 19:15,Singapore Changi Airport,SIN,2024-07-01 22:30,135,THAI,Economy,1085,820.0,True,391,Y,Y,Y,1,7,2,23,Monday,False,False,False,Brunei International Airport,BWN
Suvarnabhumi Airport,BKK,2024-07-01 17:55,Singapore Changi Airport,SIN,2024-07-01 21:05,130,Scoot,Economy,975,715.0,True,498,Y,N,N,1,7,0,0,Monday,False,False,False,Brunei International Airport,BWN
Suvarnabhumi Airport,BKK,2024-07-02 11:15,Ninoy Aquino International Airport,MNL,2024-07-02 15:55,220,Cebu Pacific,Economy,640,270.0,,230,Y,N,N,1,7,0,0,Tuesday,False,False,False,Brunei International Airport,BWN
Suvarnabhumi Airport,BKK,2024-07-02 13:30,Brunei International Airport,BWN,2024-07-02 17:15,165,Royal Brunei,Economy,165,,,241,Y,Y,Y,1,7,1,20,Tuesday,False,False,False,Brunei International Airport,BWN
Suvarnabhumi Airport,BKK,2024-07-02 13:50,Singapore Changi Airport,SIN,2024-07-02 17:05,135,THAI,Economy,525,260.0,,391,Y,Y,Y,1,7,2,23,Tuesday,False,False,False,Brunei International Airport,BWN
Suvarnabhumi Airport,BKK,2024-07-02 21:15,Singapore Changi Airport,SIN,2024-07-03 00:35,140,Singapore Airlines,Economy,1005,730.0,True,316,Y,Y,Y,1,7,1,23,Tuesday,False,False,True,Brunei International Airport,BWN
Suvarnabhumi Airport,BKK,2024-07-02 19:15,Singapore Changi Airport,SIN,2024-07-02 22:30,135,THAI,Economy,1085,820.0,True,391,Y,Y,Y,1,7,2,23,Tuesday,False,False,False,Brunei International Airport,BWN
Suvarnabhumi Airport,BKK,2024-07-02 22:50,Singapore Changi Airport,SIN,2024-07-03 02:20,150,Scoot,Economy,910,625.0,True,498,Y,N,N,1,7,0,0,Tuesday,False,False,True,Brunei International Airport,BWN
Suvarnabhumi Airport,BKK,2024-07-02 14:15,Kuala Lumpur International Airport,KUL,2024-07-02 17:30,135,Malaysia Airlines,Economy,505,225.0,,547,Y,Y,Y,1,7,1,23,Tuesday,False,False,False,Brunei International Airport,BWN
Suvarnabhumi Airport,BKK,2024-07-02 16:40,Kuala Lumpur International Airport,KUL,2024-07-02 19:50,130,THAI,Economy,360,85.0,,547,Y,Y,Y,1,7,2,23,Tuesday,False,False,False,Brunei International Airport,BWN
Suvarnabhumi Airport,BKK,2024-07-03 21:00,Brunei International Airport,BWN,2024-07-04 00:45,165,Royal Brunei,Economy,165,,,241,Y,Y,Y,1,7,1,20,Wednesday,False,False,True,Brunei International Airport,BWN
Suvarnabhumi Airport,BKK,2024-07-03 21:15,Singapore Changi Airport,SIN,2024-07-04 00:35,140,Singapore Airlines,Economy,775,505.0,True,295,Y,Y,Y,1,7,1,23,Wednesday,False,False,True,Brunei International Airport,BWN
Suvarnabhumi Airport,BKK,2024-07-03 22:50,Ninoy Aquino International Airport,MNL,2024-07-04 03:15,205,Philippine Airlines,Economy,1430,1100.0,True,304,Y,Y,Y,1,7,1,30,Wednesday,False,False,True,Brunei International Airport,BWN
Suvarnabhumi Airport,BKK,2024-07-03 23:10,Singapore Changi Airport,SIN,2024-07-04 02:40,150,Scoot,Economy,660,380.0,True,316,Y,N,N,1,7,0,0,Wednesday,False,False,True,Brunei International Airport,BWN
Suvarnabhumi Airport,BKK,2024-07-03 06:00,Kuala Lumpur International Airport,KUL,2024-07-03 09:10,130,Malaysia Airlines,Economy,1000,725.0,,413,Y,Y,Y,1,7,1,23,Wednesday,False,False,False,Brunei International Airport,BWN
Suvarnabhumi Airport,BKK,2024-07-03 14:15,Kuala Lumpur International Airport,KUL,2024-07-03 17:30,135,Malaysia Airlines,Economy,505,225.0,,513,Y,Y,Y,1,7,1,23,Wednesday,False,False,False,Brunei International Airport,BWN
Suvarnabhumi Airport,BKK,2024-07-03 16:40,Kuala Lumpur International Airport,KUL,2024-07-03 19:50,130,THAI,Economy,360,85.0,,513,Y,Y,Y,1,7,2,23,Wednesday,False,False,False,Brunei International Airport,BWN
Suvarnabhumi Airport,BKK,2024-07-04 11:15,Ninoy Aquino International Airport,MNL,2024-07-04 15:55,220,Cebu Pacific,Economy,640,270.0,,190,Y,N,N,1,7,0,0,Thursday,False,False,False,Brunei International Airport,BWN
Suvarnabhumi Airport,BKK,2024-07-04 21:15,Singapore Changi Airport,SIN,2024-07-05 00:35,140,Singapore Airlines,Economy,1005,730.0,True,295,Y,Y,Y,1,7,1,23,Thursday,False,False,True,Brunei International Airport,BWN
Suvarnabhumi Airport,BKK,2024-07-04 13:30,Ninoy Aquino International Airport,MNL,2024-07-04 17:55,205,Philippine Airlines,Economy,550,220.0,,304,Y,Y,Y,1,7,1,30,Thursday,False,False,False,Brunei International Airport,BWN
Suvarnabhumi Airport,BKK,2024-07-04 16:25,Singapore Changi Airport,SIN,2024-07-04 19:40,135,THAI,Economy,394,135.0,,391,Y,Y,Y,1,7,2,23,Thursday,False,False,False,Brunei International Airport,BWN
Suvarnabhumi Airport,BKK,2024-07-04 06:00,Kuala Lumpur International Airport,KUL,2024-07-04 09:10,130,Malaysia Airlines,Economy,455,180.0,,411,Y,Y,Y,1,7,1,23,Thursday,False,False,False,Brunei International Airport,BWN
Suvarnabhumi Airport,BKK,2024-07-04 13:50,Singapore Changi Airport,SIN,2024-07-04 17:05,135,THAI,Economy,530,265.0,,391,Y,Y,Y,1,7,2,23,Thursday,False,False,False,Brunei International Airport,BWN
Suvarnabhumi Airport,BKK,2024-07-04 14:15,Kuala Lumpur International Airport,KUL,2024-07-04 17:30,135,Malaysia Airlines,Economy,505,225.0,,496,Y,Y,Y,1,7,1,23,Thursday,False,False,False,Brunei International Airport,BWN
Suvarnabhumi Airport,BKK,2024-07-04 16:40,Kuala Lumpur International Airport,KUL,2024-07-04 19:50,130,THAI,Economy,360,85.0,,496,Y,Y,Y,1,7,2,23,Thursday,False,False,False,Brunei International Airport,BWN
Suvarnabhumi Airport,BKK,2024-07-05 15:40,Singapore Changi Airport,SIN,2024-07-05 19:00,140,Scoot,Economy,1110,840.0,True,295,Y,N,N,1,7,0,0,Friday,False,False,False,Brunei International Airport,BWN
Suvarnabhumi Airport,BKK,2024-07-05 21:15,Singapore Changi Airport,SIN,2024-07-06 00:35,140,Singapore Airlines,Economy,775,505.0,True,295,Y,Y,Y,1,7,1,23,Friday,False,False,True,Brunei International Airport,BWN
Suvarnabhumi Airport,BKK,2024-07-05 13:30,Ninoy Aquino International Airport,MNL,2024-07-05 17:55,205,Philippine Airlines,Economy,550,220.0,,304,Y,Y,Y,1,7,1,30,Friday,False,False,False,Brunei International Airport,BWN
Suvarnabhumi Airport,BKK,2024-07-05 13:50,Singapore Changi Airport,SIN,2024-07-05 17:05,135,THAI,Economy,525,260.0,,391,Y,Y,Y,1,7,2,23,Friday,False,False,False,Brunei International Airport,BWN
Suvarnabhumi Airport,BKK,2024-07-05 06:00,Kuala Lumpur International Airport,KUL,2024-07-05 09:10,130,Malaysia Airlines,Economy,455,180.0,,496,Y,Y,Y,1,7,1,23,Friday,False,False,False,Brunei International Airport,BWN
Suvarnabhumi Airport,BKK,2024-07-05 19:40,Kuala Lumpur International Airport,KUL,2024-07-05 22:50,130,Malaysia Airlines,Economy,1075,800.0,True,413,Y,Y,Y,1,7,1,23,Friday,False,False,False,Brunei International Airport,BWN
Suvarnabhumi Airport,BKK,2024-07-05 20:25,Singapore Changi Airport,SIN,2024-07-05 23:45,140,Scoot,Economy,825,555.0,True,498,Y,N,N,1,7,0,0,Friday,False,False,False,Brunei International Airport,BWN
Suvarnabhumi Airport,BKK,2024-07-05 14:15,Kuala Lumpur International Airport,KUL,2024-07-05 17:30,135,Malaysia Airlines,Economy,505,225.0,,547,Y,Y,Y,1,7,1,23,Friday,False,False,False,Brunei International Airport,BWN
Suvarnabhumi Airport,BKK,2024-07-05 16:40,Kuala Lumpur International Airport,KUL,2024-07-05 19:50,130,THAI,Economy,360,85.0,,547,Y,Y,Y,1,7,2,23,Friday,False,False,False,Brunei International Airport,BWN
Suvarnabhumi Airport,BKK,2024-07-06 11:15,Ninoy Aquino International Airport,MNL,2024-07-06 15:55,220,Cebu Pacific,Economy,640,270.0,,171,Y,N,N,1,7,0,0,Saturday,False,False,False,Brunei International Airport,BWN
Suvarnabhumi Airport,BKK,2024-07-06 13:30,Brunei International Airport,BWN,2024-07-06 17:15,165,Royal Brunei,Economy,165,,,241,Y,Y,Y,1,7,1,20,Saturday,False,False,False,Brunei International Airport,BWN
Suvarnabhumi Airport,BKK,2024-07-06 21:25,Singapore Changi Airport,SIN,2024-07-07 00:45,140,Singapore Airlines,Economy,995,720.0,True,295,Y,Y,Y,1,7,1,23,Saturday,False,False,True,Brunei International Airport,BWN
Suvarnabhumi Airport,BKK,2024-07-06 19:15,Singapore Changi Airport,SIN,2024-07-06 22:30,135,THAI,Economy,1085,820.0,True,391,Y,Y,Y,1,7,2,23,Saturday,False,False,False,Brunei International Airport,BWN
Suvarnabhumi Airport,BKK,2024-07-06 06:00,Kuala Lumpur International Airport,KUL,2024-07-06 09:10,130,Malaysia Airlines,Economy,455,180.0,,411,Y,Y,Y,1,7,1,23,Saturday,False,False,False,Brunei International Airport,BWN
Suvarnabhumi Airport,BKK,2024-07-06 20:25,Singapore Changi Airport,SIN,2024-07-06 23:45,140,Scoot,Economy,1055,780.0,True,446,Y,N,N,1,7,0,0,Saturday,False,False,False,Brunei International Airport,BWN
Suvarnabhumi Airport,BKK,2024-07-06 18:40,Kuala Lumpur International Airport,KUL,2024-07-06 21:55,135,Malaysia Airlines,Economy,1135,855.0,True,498,Y,Y,Y,1,7,1,23,Saturday,False,False,False,Brunei International Airport,BWN
Suvarnabhumi Airport,BKK,2024-07-07 11:15,Ninoy Aquino International Airport,MNL,2024-07-07 15:55,220,Cebu Pacific,Economy,640,270.0,,157,Y,N,N,1,7,0,0,Sunday,False,False,False,Brunei International Airport,BWN
Suvarnabhumi Airport,BKK,2024-07-07 21:00,Brunei International Airport,BWN,2024-07-08 00:45,165,Royal Brunei,Economy,165,,,241,Y,Y,Y,1,7,1,20,Sunday,False,True,True,Brunei International Airport,BWN
Suvarnabhumi Airport,BKK,2024-07-07 21:15,Singapore Changi Airport,SIN,2024-07-08 00:35,140,Singapore Airlines,Economy,775,505.0,True,316,Y,Y,Y,1,7,1,23,Sunday,False,True,True,Brunei International Airport,BWN
Suvarnabhumi Airport,BKK,2024-07-07 11:15,Singapore Changi Airport,SIN,2024-07-07 14:30,135,THAI,Economy,685,420.0,,391,Y,Y,Y,1,7,2,23,Sunday,False,False,False,Brunei International Airport,BWN
Suvarnabhumi Airport,BKK,2024-07-07 13:50,Singapore Changi Airport,SIN,2024-07-07 17:05,135,THAI,Economy,530,265.0,,464,Y,Y,Y,1,7,2,23,Sunday,False,False,False,Brunei International Airport,BWN
Suvarnabhumi Airport,BKK,2024-07-07 06:00,Kuala Lumpur International Airport,KUL,2024-07-07 09:10,130,Malaysia Airlines,Economy,455,180.0,,496,Y,Y,Y,1,7,1,23,Sunday,False,False,False,Brunei International Airport,BWN
Suvarnabhumi Airport,BKK,2024-07-07 11:05,Kuala Lumpur International Airport,KUL,2024-07-07 14:15,130,Malaysia Airlines,Economy,695,420.0,,496,Y,Y,Y,1,7,1,23,Sunday,False,False,False,Brunei International Airport,BWN
Suvarnabhumi Airport,BKK,2024-07-07 16:40,Kuala Lumpur International Airport,KUL,2024-07-07 19:50,130,THAI,Economy,360,85.0,,496,Y,Y,Y,1,7,2,23,Sunday,False,False,False,Brunei International Airport,BWN
Suvarnabhumi Airport,BKK,2024-07-08 21:15,Singapore Changi Airport,SIN,2024-07-09 00:35,140,Singapore Airlines,Economy,775,505.0,True,295,Y,Y,Y,1,7,1,23,Monday,False,False,True,Brunei International Airport,BWN
Suvarnabhumi Airport,BKK,2024-07-08 19:15,Singapore Changi Airport,SIN,2024-07-08 22:30,135,THAI,Economy,1085,820.0,True,391,Y,Y,Y,1,7,2,23,Monday,False,True,False,Brunei International Airport,BWN
Suvarnabhumi Airport,BKK,2024-07-08 20:25,Singapore Changi Airport,SIN,2024-07-08 23:45,140,Scoot,Economy,825,555.0,True,446,Y,N,N,1,7,0,0,Monday,False,True,False,Brunei International Airport,BWN
Suvarnabhumi Airport,BKK,2024-07-08 13:30,Ninoy Aquino International Airport,MNL,2024-07-08 17:55,205,Philippine Airlines,Economy,550,220.0,,448,Y,Y,Y,1,7,1,30,Monday,False,True,False,Brunei International Airport,BWN
Suvarnabhumi Airport,BKK,2024-07-08 19:40,Kuala Lumpur International Airport,KUL,2024-07-08 22:50,130,Malaysia Airlines,Economy,1620,1345.0,True,549,Y,Y,Y,1,7,1,23,Monday,False,True,False,Brunei International Airport,BWN
Suvarnabhumi Airport,BKK,2024-07-09 11:15,Ninoy Aquino International Airport,MNL,2024-07-09 15:55,220,Cebu Pacific,Economy,640,270.0,,197,Y,N,N,1,7,0,0,Tuesday,False,False,False,Brunei International Airport,BWN
Suvarnabhumi Airport,BKK,2024-07-09 13:30,Brunei International Airport,BWN,2024-07-09 17:15,165,Royal Brunei,Economy,165,,,241,Y,Y,Y,1,7,1,20,Tuesday,False,False,False,Brunei International Airport,BWN
Suvarnabhumi Airport,BKK,2024-07-09 13:50,Singapore Changi Airport,SIN,2024-07-09 17:05,135,THAI,Economy,525,260.0,,391,Y,Y,Y,1,7,2,23,Tuesday,False,False,False,Brunei International Airport,BWN
Suvarnabhumi Airport,BKK,2024-07-09 04:00,Ninoy Aquino International Airport,MNL,2024-07-09 08:35,215,Cebu Pacific,Economy,1075,710.0,,180,Y,N,N,1,7,0,0,Tuesday,False,False,False,Brunei International Airport,BWN
Suvarnabhumi Airport,BKK,2024-07-09 21:15,Singapore Changi Airport,SIN,2024-07-10 00:35,140,Singapore Airlines,Economy,1005,730.0,True,295,Y,Y,Y,1,7,1,23,Tuesday,False,False,True,Brunei International Airport,BWN
Suvarnabhumi Airport,BKK,2024-07-09 22:50,Singapore Changi Airport,SIN,2024-07-10 02:20,150,Scoot,Economy,910,625.0,True,446,Y,N,N,1,7,0,0,Tuesday,False,False,True,Brunei International Airport,BWN
Suvarnabhumi Airport,BKK,2024-07-09 14:15,Kuala Lumpur International Airport,KUL,2024-07-09 17:30,135,Malaysia Airlines,Economy,505,225.0,,547,Y,Y,Y,1,7,1,23,Tuesday,False,False,False,Brunei International Airport,BWN
Suvarnabhumi Airport,BKK,2024-07-09 16:40,Kuala Lumpur International Airport,KUL,2024-07-09 19:50,130,THAI,Economy,360,85.0,,547,Y,Y,Y,1,7,2,23,Tuesday,False,False,False,Brunei International Airport,BWN
Suvarnabhumi Airport,BKK,2024-07-10 21:00,Brunei International Airport,BWN,2024-07-11 00:45,165,Royal Brunei,Economy,165,,,241,Y,Y,Y,1,7,1,20,Wednesday,False,False,True,Brunei International Airport,BWN
Suvarnabhumi Airport,BKK,2024-07-10 21:15,Singapore Changi Airport,SIN,2024-07-11 00:35,140,Singapore Airlines,Economy,775,505.0,True,295,Y,Y,Y,1,7,1,23,Wednesday,False,False,True,Brunei International Airport,BWN
Suvarnabhumi Airport,BKK,2024-07-10 23:10,Singapore Changi Airport,SIN,2024-07-11 02:40,150,Scoot,Economy,660,380.0,True,295,Y,N,N,1,7,0,0,Wednesday,False,False,True,Brunei International Airport,BWN
Suvarnabhumi Airport,BKK,2024-07-10 22:50,Ninoy Aquino International Airport,MNL,2024-07-11 03:15,205,Philippine Airlines,Economy,1430,1100.0,True,304,Y,Y,Y,1,7,1,30,Wednesday,False,False,True,Brunei International Airport,BWN
Suvarnabhumi Airport,BKK,2024-07-10 06:00,Kuala Lumpur International Airport,KUL,2024-07-10 09:10,130,Malaysia Airlines,Economy,1000,725.0,,459,Y,Y,Y,1,7,1,23,Wednesday,False,False,False,Brunei International Airport,BWN
Suvarnabhumi Airport,BKK,2024-07-10 16:40,Kuala Lumpur International Airport,KUL,2024-07-10 19:50,130,THAI,Economy,360,85.0,,734,Y,Y,Y,1,7,2,23,Wednesday,False,False,False,Brunei International Airport,BWN
Suvarnabhumi Airport,BKK,2024-07-11 04:00,Ninoy Aquino International Airport,MNL,2024-07-11 08:35,215,Cebu Pacific,Economy,1075,710.0,,151,Y,N,N,1,7,0,0,Thursday,False,False,False,Brunei International Airport,BWN
Suvarnabhumi Airport,BKK,2024-07-11 11:15,Ninoy Aquino International Airport,MNL,2024-07-11 15:55,220,Cebu Pacific,Economy,640,270.0,,182,Y,N,N,1,7,0,0,Thursday,False,False,False,Brunei International Airport,BWN
Suvarnabhumi Airport,BKK,2024-07-11 21:15,Singapore Changi Airport,SIN,2024-07-12 00:35,140,Singapore Airlines,Economy,1005,730.0,True,295,Y,Y,Y,1,7,1,23,Thursday,False,False,True,Brunei International Airport,BWN
Suvarnabhumi Airport,BKK,2024-07-11 13:30,Ninoy Aquino International Airport,MNL,2024-07-11 17:55,205,Philippine Airlines,Economy,550,220.0,,304,Y,Y,Y,1,7,1,30,Thursday,False,False,False,Brunei International Airport,BWN
Suvarnabhumi Airport,BKK,2024-07-11 13:50,Singapore Changi Airport,SIN,2024-07-11 17:05,135,THAI,Economy,530,265.0,,391,Y,Y,Y,1,7,2,23,Thursday,False,False,False,Brunei International Airport,BWN
Suvarnabhumi Airport,BKK,2024-07-11 06:00,Kuala Lumpur International Airport,KUL,2024-07-11 09:10,130,Malaysia Airlines,Economy,455,180.0,,411,Y,Y,Y,1,7,1,23,Thursday,False,False,False,Brunei International Airport,BWN
Suvarnabhumi Airport,BKK,2024-07-11 14:15,Kuala Lumpur International Airport,KUL,2024-07-11 17:30,135,Malaysia Airlines,Economy,505,225.0,,425,Y,Y,Y,1,7,1,23,Thursday,False,False,False,Brunei International Airport,BWN
Suvarnabhumi Airport,BKK,2024-07-11 16:40,Kuala Lumpur International Airport,KUL,2024-07-11 19:50,130,THAI,Economy,360,85.0,,496,Y,Y,Y,1,7,2,23,Thursday,False,False,False,Brunei International Airport,BWN
Suvarnabhumi Airport,BKK,2024-07-12 20:25,Singapore Changi Airport,SIN,2024-07-12 23:45,140,Scoot,Economy,825,555.0,True,316,Y,N,N,1,7,0,0,Friday,False,False,False,Brunei International Airport,BWN
Suvarnabhumi Airport,BKK,2024-07-12 21:15,Singapore Changi Airport,SIN,2024-07-13 00:35,140,Singapore Airlines,Economy,775,505.0,True,316,Y,Y,Y,1,7,1,23,Friday,False,False,True,Brunei International Airport,BWN
Suvarnabhumi Airport,BKK,2024-07-12 13:30,Ninoy Aquino International Airport,MNL,2024-07-12 17:55,205,Philippine Airlines,Economy,550,220.0,,317,Y,Y,Y,1,7,1,30,Friday,False,False,False,Brunei International Airport,BWN
Suvarnabhumi Airport,BKK,2024-07-12 13:50,Singapore Changi Airport,SIN,2024-07-12 17:05,135,THAI,Economy,525,260.0,,391,Y,Y,Y,1,7,2,23,Friday,False,False,False,Brunei International Airport,BWN
Suvarnabhumi Airport,BKK,2024-07-12 06:00,Kuala Lumpur International Airport,KUL,2024-07-12 09:10,130,Malaysia Airlines,Economy,455,180.0,,496,Y,Y,Y,1,7,1,23,Friday,False,False,False,Brunei International Airport,BWN
Suvarnabhumi Airport,BKK,2024-07-12 19:40,Kuala Lumpur International Airport,KUL,2024-07-12 22:50,130,Malaysia Airlines,Economy,1075,800.0,True,498,Y,Y,Y,1,7,1,23,Friday,False,False,False,Brunei International Airport,BWN
Suvarnabhumi Airport,BKK,2024-07-12 14:15,Kuala Lumpur International Airport,KUL,2024-07-12 17:30,135,Malaysia Airlines,Economy,505,225.0,,513,Y,Y,Y,1,7,1,23,Friday,False,False,False,Brunei International Airport,BWN
Suvarnabhumi Airport,BKK,2024-07-12 16:40,Kuala Lumpur International Airport,KUL,2024-07-12 19:50,130,THAI,Economy,360,85.0,,513,Y,Y,Y,1,7,2,23,Friday,False,False,False,Brunei International Airport,BWN
Suvarnabhumi Airport,BKK,2024-07-13 11:15,Ninoy Aquino International Airport,MNL,2024-07-13 15:55,220,Cebu Pacific,Economy,640,270.0,,218,Y,N,N,1,7,0,0,Saturday,False,False,False,Brunei International Airport,BWN
Suvarnabhumi Airport,BKK,2024-07-13 13:30,Brunei International Airport,BWN,2024-07-13 17:15,165,Royal Brunei,Economy,165,,,295,Y,Y,Y,1,7,1,20,Saturday,False,False,False,Brunei International Airport,BWN
Suvarnabhumi Airport,BKK,2024-07-13 13:50,Singapore Changi Airport,SIN,2024-07-13 17:05,135,THAI,Economy,525,260.0,,391,Y,Y,Y,1,7,2,23,Saturday,False,False,False,Brunei International Airport,BWN
Suvarnabhumi Airport,BKK,2024-07-13 06:00,Kuala Lumpur International Airport,KUL,2024-07-13 09:10,130,Malaysia Airlines,Economy,455,180.0,,411,Y,Y,Y,1,7,1,23,Saturday,False,False,False,Brunei International Airport,BWN
Suvarnabhumi Airport,BKK,2024-07-13 21:25,Singapore Changi Airport,SIN,2024-07-14 00:45,140,Singapore Airlines,Economy,995,720.0,True,341,Y,Y,Y,1,7,1,23,Saturday,False,False,True,Brunei International Airport,BWN
Suvarnabhumi Airport,BKK,2024-07-13 19:15,Singapore Changi Airport,SIN,2024-07-13 22:30,135,THAI,Economy,1645,1380.0,True,391,Y,Y,Y,1,7,2,23,Saturday,False,False,False,Brunei International Airport,BWN
Suvarnabhumi Airport,BKK,2024-07-13 20:25,Singapore Changi Airport,SIN,2024-07-13 23:45,140,Scoot,Economy,1055,780.0,True,446,Y,N,N,1,7,0,0,Saturday,False,False,False,Brunei International Airport,BWN
Suvarnabhumi Airport,BKK,2024-07-14 04:00,Ninoy Aquino International Airport,MNL,2024-07-14 08:35,215,Cebu Pacific,Economy,1075,710.0,,178,Y,N,N,1,7,0,0,Sunday,False,False,False,Brunei International Airport,BWN
Suvarnabhumi Airport,BKK,2024-07-14 11:15,Ninoy Aquino International Airport,MNL,2024-07-14 15:55,220,Cebu Pacific,Economy,640,270.0,,190,Y,N,N,1,7,0,0,Sunday,False,False,False,Brunei International Airport,BWN
Suvarnabhumi Airport,BKK,2024-07-14 21:15,Singapore Changi Airport,SIN,2024-07-15 00:35,140,Singapore Airlines,Economy,775,505.0,True,316,Y,Y,Y,1,7,1,23,Sunday,False,True,True,Brunei International Airport,BWN
Suvarnabhumi Airport,BKK,2024-07-14 06:00,Kuala Lumpur International Airport,KUL,2024-07-14 09:10,130,Malaysia Airlines,Economy,455,180.0,,411,Y,Y,Y,1,7,1,23,Sunday,False,False,False,Brunei International Airport,BWN
Suvarnabhumi Airport,BKK,2024-07-14 13:50,Singapore Changi Airport,SIN,2024-07-14 17:05,135,THAI,Economy,530,265.0,,464,Y,Y,Y,1,7,2,23,Sunday,False,False,False,Brunei International Airport,BWN
Suvarnabhumi Airport,BKK,2024-07-14 08:00,Singapore Changi Airport,SIN,2024-07-14 11:15,135,THAI,Economy,880,615.0,,391,Y,Y,Y,1,7,2,23,Sunday,False,False,False,Brunei International Airport,BWN
Suvarnabhumi Airport,BKK,2024-07-14 11:15,Singapore Changi Airport,SIN,2024-07-14 14:30,135,THAI,Economy,685,420.0,,413,Y,Y,Y,1,7,2,23,Sunday,False,False,False,Brunei International Airport,BWN
Suvarnabhumi Airport,BKK,2024-07-14 16:40,Kuala Lumpur International Airport,KUL,2024-07-14 19:50,130,THAI,Economy,360,85.0,,734,Y,Y,Y,1,7,2,23,Sunday,False,False,False,Brunei International Airport,BWN
Suvarnabhumi Airport,BKK,2024-07-14 22:50,Ninoy Aquino International Airport,MNL,2024-07-15 03:15,205,Philippine Airlines,Economy,1430,1100.0,True,833,Y,Y,Y,1,7,1,30,Sunday,False,True,True,Brunei International Airport,BWN
Suvarnabhumi Airport,BKK,2024-07-15 21:15,Singapore Changi Airport,SIN,2024-07-16 00:35,140,Singapore Airlines,Economy,775,505.0,True,295,Y,Y,Y,1,7,1,23,Monday,False,False,True,Brunei International Airport,BWN
Suvarnabhumi Airport,BKK,2024-07-15 19:15,Singapore Changi Airport,SIN,2024-07-15 22:30,135,THAI,Economy,1085,820.0,True,391,Y,Y,Y,1,7,2,23,Monday,False,True,False,Brunei International Airport,BWN
Suvarnabhumi Airport,BKK,2024-07-15 20:25,Singapore Changi Airport,SIN,2024-07-15 23:45,140,Scoot,Economy,825,555.0,True,446,Y,N,N,1,7,0,0,Monday,False,True,False,Brunei International Airport,BWN
Suvarnabhumi Airport,BKK,2024-07-15 06:00,Kuala Lumpur International Airport,KUL,2024-07-15 09:10,130,Malaysia Airlines,Economy,455,180.0,,514,Y,Y,Y,1,7,1,23,Monday,False,True,False,Brunei International Airport,BWN
Suvarnabhumi Airport,BKK,2024-07-15 13:30,Ninoy Aquino International Airport,MNL,2024-07-15 17:55,205,Philippine Airlines,Economy,550,220.0,,793,Y,Y,Y,1,7,1,30,Monday,False,True,False,Brunei International Airport,BWN
Suvarnabhumi Airport,BKK,2024-07-16 11:15,Ninoy Aquino International Airport,MNL,2024-07-16 15:55,220,Cebu Pacific,Economy,640,270.0,,207,Y,N,N,1,7,0,0,Tuesday,False,False,False,Brunei International Airport,BWN
Suvarnabhumi Airport,BKK,2024-07-16 21:15,Singapore Changi Airport,SIN,2024-07-17 00:35,140,Singapore Airlines,Economy,1005,730.0,True,295,Y,Y,Y,1,7,1,23,Tuesday,False,False,True,Brunei International Airport,BWN
Suvarnabhumi Airport,BKK,2024-07-16 13:50,Singapore Changi Airport,SIN,2024-07-16 17:05,135,THAI,Economy,525,260.0,,391,Y,Y,Y,1,7,2,23,Tuesday,False,False,False,Brunei International Airport,BWN
Suvarnabhumi Airport,BKK,2024-07-16 19:15,Singapore Changi Airport,SIN,2024-07-16 22:30,135,THAI,Economy,1085,820.0,True,391,Y,Y,Y,1,7,2,23,Tuesday,False,False,False,Brunei International Airport,BWN
Suvarnabhumi Airport,BKK,2024-07-16 19:40,Kuala Lumpur International Airport,KUL,2024-07-16 22:50,130,Malaysia Airlines,Economy,1620,1345.0,True,413,Y,Y,Y,1,7,1,23,Tuesday,False,False,False,Brunei International Airport,BWN
Suvarnabhumi Airport,BKK,2024-07-16 22:50,Singapore Changi Airport,SIN,2024-07-17 02:20,150,Scoot,Economy,910,625.0,True,446,Y,N,N,1,7,0,0,Tuesday,False,False,True,Brunei International Airport,BWN
Suvarnabhumi Airport,BKK,2024-07-16 06:00,Kuala Lumpur International Airport,KUL,2024-07-16 09:10,130,Malaysia Airlines,Economy,1000,725.0,,459,Y,Y,Y,1,7,1,23,Tuesday,False,False,False,Brunei International Airport,BWN
Suvarnabhumi Airport,BKK,2024-07-16 16:40,Kuala Lumpur International Airport,KUL,2024-07-16 19:50,130,THAI,Economy,360,85.0,,734,Y,Y,Y,1,7,2,23,Tuesday,False,False,False,Brunei International Airport,BWN
Suvarnabhumi Airport,BKK,2024-07-17 21:15,Singapore Changi Airport,SIN,2024-07-18 00:35,140,Singapore Airlines,Economy,775,505.0,True,295,Y,Y,Y,1,7,1,23,Wednesday,False,False,True,Brunei International Airport,BWN
Suvarnabhumi Airport,BKK,2024-07-17 23:10,Singapore Changi Airport,SIN,2024-07-18 02:40,150,Scoot,Economy,660,380.0,True,295,Y,N,N,1,7,0,0,Wednesday,False,False,True,Brunei International Airport,BWN
Suvarnabhumi Airport,BKK,2024-07-17 16:40,Kuala Lumpur International Airport,KUL,2024-07-17 19:50,130,THAI,Economy,360,85.0,,547,Y,Y,Y,1,7,2,23,Wednesday,False,False,False,Brunei International Airport,BWN
Suvarnabhumi Airport,BKK,2024-07-17 22:50,Ninoy Aquino International Airport,MNL,2024-07-18 03:15,205,Philippine Airlines,Economy,1430,1100.0,True,304,Y,Y,Y,1,7,1,30,Wednesday,False,False,True,Brunei International Airport,BWN
Suvarnabhumi Airport,BKK,2024-07-17 16:40,Kuala Lumpur International Airport,KUL,2024-07-17 19:50,130,THAI,Economy,1800,1525.0,True,389,Y,Y,Y,1,7,2,23,Wednesday,False,False,False,Brunei International Airport,BWN
Suvarnabhumi Airport,BKK,2024-07-17 06:00,Kuala Lumpur International Airport,KUL,2024-07-17 09:10,130,Malaysia Airlines,Economy,1000,725.0,,413,Y,Y,Y,1,7,1,23,Wednesday,False,False,False,Brunei International Airport,BWN
Suvarnabhumi Airport,BKK,2024-07-17 19:40,Kuala Lumpur International Airport,KUL,2024-07-17 22:50,130,Malaysia Airlines,Economy,1075,800.0,True,413,Y,Y,Y,1,7,1,23,Wednesday,False,False,False,Brunei International Airport,BWN
Suvarnabhumi Airport,BKK,2024-07-17 09:05,Kuala Lumpur International Airport,KUL,2024-07-17 12:15,130,THAI,Economy,815,540.0,,547,Y,Y,Y,1,7,2,23,Wednesday,False,False,False,Brunei International Airport,BWN
Suvarnabhumi Airport,BKK,2024-07-17 14:15,Kuala Lumpur International Airport,KUL,2024-07-17 17:30,135,Malaysia Airlines,Economy,505,225.0,,547,Y,Y,Y,1,7,1,23,Wednesday,False,False,False,Brunei International Airport,BWN
Suvarnabhumi Airport,BKK,2024-07-18 11:15,Ninoy Aquino International Airport,MNL,2024-07-18 15:55,220,Cebu Pacific,Economy,640,270.0,,182,Y,N,N,1,7,0,0,Thursday,False,False,False,Brunei International Airport,BWN
Suvarnabhumi Airport,BKK,2024-07-18 21:15,Singapore Changi Airport,SIN,2024-07-19 00:35,140,Singapore Airlines,Economy,1005,730.0,True,295,Y,Y,Y,1,7,1,23,Thursday,False,False,True,Brunei International Airport,BWN
Suvarnabhumi Airport,BKK,2024-07-18 13:30,Ninoy Aquino International Airport,MNL,2024-07-18 17:55,205,Philippine Airlines,Economy,550,220.0,,304,Y,Y,Y,1,7,1,30,Thursday,False,False,False,Brunei International Airport,BWN
Suvarnabhumi Airport,BKK,2024-07-18 04:00,Ninoy Aquino International Airport,MNL,2024-07-18 08:35,215,Cebu Pacific,Economy,1075,710.0,,171,Y,N,N,1,7,0,0,Thursday,False,False,False,Brunei International Airport,BWN
Suvarnabhumi Airport,BKK,2024-07-18 09:05,Kuala Lumpur International Airport,KUL,2024-07-18 12:15,130,THAI,Economy,815,540.0,,381,Y,Y,Y,1,7,2,23,Thursday,False,False,False,Brunei International Airport,BWN
Suvarnabhumi Airport,BKK,2024-07-18 13:50,Singapore Changi Airport,SIN,2024-07-18 17:05,135,THAI,Economy,530,265.0,,391,Y,Y,Y,1,7,2,23,Thursday,False,False,False,Brunei International Airport,BWN
Suvarnabhumi Airport,BKK,2024-07-18 06:00,Kuala Lumpur International Airport,KUL,2024-07-18 09:10,130,Malaysia Airlines,Economy,455,180.0,,411,Y,Y,Y,1,7,1,23,Thursday,False,False,False,Brunei International Airport,BWN
Suvarnabhumi Airport,BKK,2024-07-18 14:15,Kuala Lumpur International Airport,KUL,2024-07-18 17:30,135,Malaysia Airlines,Economy,505,225.0,,478,Y,Y,Y,1,7,1,23,Thursday,False,False,False,Brunei International Airport,BWN
Suvarnabhumi Airport,BKK,2024-07-18 16:40,Kuala Lumpur International Airport,KUL,2024-07-18 19:50,130,THAI,Economy,360,85.0,,478,Y,Y,Y,1,7,2,23,Thursday,False,False,False,Brunei International Airport,BWN
Suvarnabhumi Airport,BKK,2024-07-19 20:25,Singapore Changi Airport,SIN,2024-07-19 23:45,140,Scoot,Economy,825,555.0,True,295,Y,N,N,1,7,0,0,Friday,False,False,False,Brunei International Airport,BWN
Suvarnabhumi Airport,BKK,2024-07-19 21:15,Singapore Changi Airport,SIN,2024-07-20 00:35,140,Singapore Airlines,Economy,775,505.0,True,295,Y,Y,Y,1,7,1,23,Friday,False,False,True,Brunei International Airport,BWN
Suvarnabhumi Airport,BKK,2024-07-19 13:30,Ninoy Aquino International Airport,MNL,2024-07-19 17:55,205,Philippine Airlines,Economy,550,220.0,,304,Y,Y,Y,1,7,1,30,Friday,False,False,False,Brunei International Airport,BWN
Suvarnabhumi Airport,BKK,2024-07-19 06:00,Kuala Lumpur International Airport,KUL,2024-07-19 09:10,130,Malaysia Airlines,Economy,455,180.0,,411,Y,Y,Y,1,7,1,23,Friday,False,False,False,Brunei International Airport,BWN
Suvarnabhumi Airport,BKK,2024-07-19 13:50,Singapore Changi Airport,SIN,2024-07-19 17:05,135,THAI,Economy,525,260.0,,391,Y,Y,Y,1,7,2,23,Friday,False,False,False,Brunei International Airport,BWN
Suvarnabhumi Airport,BKK,2024-07-19 14:15,Kuala Lumpur International Airport,KUL,2024-07-19 17:30,135,Malaysia Airlines,Economy,505,225.0,,478,Y,Y,Y,1,7,1,23,Friday,False,False,False,Brunei International Airport,BWN
Suvarnabhumi Airport,BKK,2024-07-19 16:40,Kuala Lumpur International Airport,KUL,2024-07-19 19:50,130,THAI,Economy,360,85.0,,478,Y,Y,Y,1,7,2,23,Friday,False,False,False,Brunei International Airport,BWN
Suvarnabhumi Airport,BKK,2024-07-19 19:40,Kuala Lumpur International Airport,KUL,2024-07-19 22:50,130,Malaysia Airlines,Economy,1075,800.0,True,498,Y,Y,Y,1,7,1,23,Friday,False,False,False,Brunei International Airport,BWN
Suvarnabhumi Airport,BKK,2024-07-20 21:25,Singapore Changi Airport,SIN,2024-07-21 00:45,140,Singapore Airlines,Economy,995,720.0,True,369,Y,Y,Y,1,7,1,23,Saturday,True,False,True,Brunei International Airport,BWN
Suvarnabhumi Airport,BKK,2024-07-20 13:50,Singapore Changi Airport,SIN,2024-07-20 17:05,135,THAI,Economy,525,260.0,,391,Y,Y,Y,1,7,2,23,Saturday,True,False,False,Brunei International Airport,BWN
Suvarnabhumi Airport,BKK,2024-07-20 06:00,Kuala Lumpur International Airport,KUL,2024-07-20 09:10,130,Malaysia Airlines,Economy,455,180.0,,496,Y,Y,Y,1,7,1,23,Saturday,True,False,False,Brunei International Airport,BWN
Suvarnabhumi Airport,BKK,2024-07-20 19:15,Singapore Changi Airport,SIN,2024-07-20 22:30,135,THAI,Economy,1085,820.0,True,391,Y,Y,Y,1,7,2,23,Saturday,True,False,False,Brunei International Airport,BWN
Suvarnabhumi Airport,BKK,2024-07-20 20:25,Singapore Changi Airport,SIN,2024-07-20 23:45,140,Scoot,Economy,1055,780.0,True,403,Y,N,N,1,7,0,0,Saturday,True,False,False,Brunei International Airport,BWN
Suvarnabhumi Airport,BKK,2024-07-20 18:40,Kuala Lumpur International Airport,KUL,2024-07-20 21:55,135,Malaysia Airlines,Economy,1135,855.0,True,549,Y,Y,Y,1,7,1,23,Saturday,True,False,False,Brunei International Airport,BWN
Suvarnabhumi Airport,BKK,2024-07-21 11:15,Ninoy Aquino International Airport,MNL,2024-07-21 15:55,220,Cebu Pacific,Economy,640,270.0,,217,Y,N,N,1,7,0,0,Sunday,False,False,False,Brunei International Airport,BWN
Suvarnabhumi Airport,BKK,2024-07-21 21:00,Brunei International Airport,BWN,2024-07-22 00:45,165,Royal Brunei,Economy,165,,,241,Y,Y,Y,1,7,1,20,Sunday,False,False,True,Brunei International Airport,BWN
Suvarnabhumi Airport,BKK,2024-07-21 04:00,Ninoy Aquino International Airport,MNL,2024-07-21 08:35,215,Cebu Pacific,Economy,1075,710.0,,210,Y,N,N,1,7,0,0,Sunday,False,False,False,Brunei International Airport,BWN
Suvarnabhumi Airport,BKK,2024-07-21 21:15,Singapore Changi Airport,SIN,2024-07-22 00:35,140,Singapore Airlines,Economy,775,505.0,True,295,Y,Y,Y,1,7,1,23,Sunday,False,False,True,Brunei International Airport,BWN
Suvarnabhumi Airport,BKK,2024-07-21 11:15,Singapore Changi Airport,SIN,2024-07-21 14:30,135,THAI,Economy,685,420.0,,391,Y,Y,Y,1,7,2,23,Sunday,False,False,False,Brunei International Airport,BWN
Suvarnabhumi Airport,BKK,2024-07-21 13:50,Singapore Changi Airport,SIN,2024-07-21 17:05,135,THAI,Economy,530,265.0,,464,Y,Y,Y,1,7,2,23,Sunday,False,False,False,Brunei International Airport,BWN
Suvarnabhumi Airport,BKK,2024-07-21 06:00,Kuala Lumpur International Airport,KUL,2024-07-21 09:10,130,Malaysia Airlines,Economy,455,180.0,,547,Y,Y,Y,1,7,1,23,Sunday,False,False,False,Brunei International Airport,BWN
Suvarnabhumi Airport,BKK,2024-07-21 16:40,Kuala Lumpur International Airport,KUL,2024-07-21 19:50,130,THAI,Economy,360,85.0,,547,Y,Y,Y,1,7,2,23,Sunday,False,False,False,Brunei International Airport,BWN
Suvarnabhumi Airport,BKK,2024-07-22 21:15,Singapore Changi Airport,SIN,2024-07-23 00:35,140,Singapore Airlines,Economy,775,505.0,True,295,Y,Y,Y,1,7,1,23,Monday,True,False,True,Brunei International Airport,BWN
Suvarnabhumi Airport,BKK,2024-07-22 13:30,Ninoy Aquino International Airport,MNL,2024-07-22 17:55,205,Philippine Airlines,Economy,550,220.0,,304,Y,Y,Y,1,7,1,30,Monday,True,False,False,Brunei International Airport,BWN
Suvarnabhumi Airport,BKK,2024-07-22 08:25,Singapore Changi Airport,SIN,2024-07-22 11:55,150,Scoot,Economy,1545,1265.0,True,295,Y,N,N,1,7,0,0,Monday,True,False,False,Brunei International Airport,BWN
Suvarnabhumi Airport,BKK,2024-07-22 19:15,Singapore Changi Airport,SIN,2024-07-22 22:30,135,THAI,Economy,1085,820.0,True,391,Y,Y,Y,1,7,2,23,Monday,True,False,False,Brunei International Airport,BWN
Suvarnabhumi Airport,BKK,2024-07-22 20:25,Singapore Changi Airport,SIN,2024-07-22 23:45,140,Scoot,Economy,825,555.0,True,403,Y,N,N,1,7,0,0,Monday,True,False,False,Brunei International Airport,BWN
Suvarnabhumi Airport,BKK,2024-07-22 06:00,Kuala Lumpur International Airport,KUL,2024-07-22 09:10,130,Malaysia Airlines,Economy,455,180.0,,457,Y,Y,Y,1,7,1,23,Monday,True,False,False,Brunei International Airport,BWN
Suvarnabhumi Airport,BKK,2024-07-22 19:40,Kuala Lumpur International Airport,KUL,2024-07-22 22:50,130,Malaysia Airlines,Economy,1620,1345.0,True,549,Y,Y,Y,1,7,1,23,Monday,True,False,False,Brunei International Airport,BWN
Suvarnabhumi Airport,BKK,2024-07-23 11:15,Ninoy Aquino International Airport,MNL,2024-07-23 15:55,220,Cebu Pacific,Economy,640,270.0,,168,Y,N,N,1,7,0,0,Tuesday,False,False,False,Brunei International Airport,BWN
Suvarnabhumi Airport,BKK,2024-07-23 13:30,Brunei International Airport,BWN,2024-07-23 17:15,165,Royal Brunei,Economy,165,,,241,Y,Y,Y,1,7,1,20,Tuesday,False,False,False,Brunei International Airport,BWN
Suvarnabhumi Airport,BKK,2024-07-23 21:15,Singapore Changi Airport,SIN,2024-07-24 00:35,140,Singapore Airlines,Economy,1005,730.0,True,295,Y,Y,Y,1,7,1,23,Tuesday,False,False,True,Brunei International Airport,BWN
Suvarnabhumi Airport,BKK,2024-07-23 13:50,Singapore Changi Airport,SIN,2024-07-23 17:05,135,THAI,Economy,525,260.0,,391,Y,Y,Y,1,7,2,23,Tuesday,False,False,False,Brunei International Airport,BWN
Suvarnabhumi Airport,BKK,2024-07-23 19:15,Singapore Changi Airport,SIN,2024-07-23 22:30,135,THAI,Economy,1085,820.0,True,391,Y,Y,Y,1,7,2,23,Tuesday,False,False,False,Brunei International Airport,BWN
Suvarnabhumi Airport,BKK,2024-07-23 15:40,Singapore Changi Airport,SIN,2024-07-23 19:00,140,Scoot,Economy,1340,1065.0,True,403,Y,N,N,1,7,0,0,Tuesday,False,False,False,Brunei International Airport,BWN
Suvarnabhumi Airport,BKK,2024-07-23 14:15,Kuala Lumpur International Airport,KUL,2024-07-23 17:30,135,Malaysia Airlines,Economy,505,225.0,,425,Y,Y,Y,1,7,1,23,Tuesday,False,False,False,Brunei International Airport,BWN
Suvarnabhumi Airport,BKK,2024-07-23 16:40,Kuala Lumpur International Airport,KUL,2024-07-23 19:50,130,THAI,Economy,360,85.0,,547,Y,Y,Y,1,7,2,23,Tuesday,False,False,False,Brunei International Airport,BWN
Suvarnabhumi Airport,BKK,2024-07-24 21:00,Brunei International Airport,BWN,2024-07-25 00:45,165,Royal Brunei,Economy,165,,,241,Y,Y,Y,1,7,1,20,Wednesday,False,False,True,Brunei International Airport,BWN
Suvarnabhumi Airport,BKK,2024-07-24 21:15,Singapore Changi Airport,SIN,2024-07-25 00:35,140,Singapore Airlines,Economy,775,505.0,True,295,Y,Y,Y,1,7,1,23,Wednesday,False,False,True,Brunei International Airport,BWN
Suvarnabhumi Airport,BKK,2024-07-24 23:10,Singapore Changi Airport,SIN,2024-07-25 02:40,150,Scoot,Economy,660,380.0,True,295,Y,N,N,1,7,0,0,Wednesday,False,False,True,Brunei International Airport,BWN
Suvarnabhumi Airport,BKK,2024-07-24 22:50,Ninoy Aquino International Airport,MNL,2024-07-25 03:15,205,Philippine Airlines,Economy,1430,1100.0,True,304,Y,Y,Y,1,7,1,30,Wednesday,False,False,True,Brunei International Airport,BWN
Suvarnabhumi Airport,BKK,2024-07-24 06:00,Kuala Lumpur International Airport,KUL,2024-07-24 09:10,130,Malaysia Airlines,Economy,1000,725.0,,413,Y,Y,Y,1,7,1,23,Wednesday,False,False,False,Brunei International Airport,BWN
Suvarnabhumi Airport,BKK,2024-07-24 14:15,Kuala Lumpur International Airport,KUL,2024-07-24 17:30,135,Malaysia Airlines,Economy,505,225.0,,425,Y,Y,Y,1,7,1,23,Wednesday,False,False,False,Brunei International Airport,BWN
Suvarnabhumi Airport,BKK,2024-07-24 16:40,Kuala Lumpur International Airport,KUL,2024-07-24 19:50,130,THAI,Economy,360,85.0,,547,Y,Y,Y,1,7,2,23,Wednesday,False,False,False,Brunei International Airport,BWN
Suvarnabhumi Airport,BKK,2024-07-25 04:00,Ninoy Aquino International Airport,MNL,2024-07-25 08:35,215,Cebu Pacific,Economy,1075,710.0,,161,Y,N,N,1,7,0,0,Thursday,False,False,False,Brunei International Airport,BWN
Suvarnabhumi Airport,BKK,2024-07-25 11:15,Ninoy Aquino International Airport,MNL,2024-07-25 15:55,220,Cebu Pacific,Economy,640,270.0,,171,Y,N,N,1,7,0,0,Thursday,False,False,False,Brunei International Airport,BWN
Suvarnabhumi Airport,BKK,2024-07-25 21:15,Singapore Changi Airport,SIN,2024-07-26 00:35,140,Singapore Airlines,Economy,1005,730.0,True,295,Y,Y,Y,1,7,1,23,Thursday,False,False,True,Brunei International Airport,BWN
Suvarnabhumi Airport,BKK,2024-07-25 13:30,Ninoy Aquino International Airport,MNL,2024-07-25 17:55,205,Philippine Airlines,Economy,550,220.0,,304,Y,Y,Y,1,7,1,30,Thursday,False,False,False,Brunei International Airport,BWN
Suvarnabhumi Airport,BKK,2024-07-25 13:50,Singapore Changi Airport,SIN,2024-07-25 17:05,135,THAI,Economy,530,265.0,,391,Y,Y,Y,1,7,2,23,Thursday,False,False,False,Brunei International Airport,BWN
Suvarnabhumi Airport,BKK,2024-07-25 19:40,Kuala Lumpur International Airport,KUL,2024-07-25 22:50,130,Malaysia Airlines,Economy,1075,800.0,True,413,Y,Y,Y,1,7,1,23,Thursday,False,False,False,Brunei International Airport,BWN
Suvarnabhumi Airport,BKK,2024-07-25 14:15,Kuala Lumpur International Airport,KUL,2024-07-25 17:30,135,Malaysia Airlines,Economy,505,225.0,,496,Y,Y,Y,1,7,1,23,Thursday,False,False,False,Brunei International Airport,BWN
Suvarnabhumi Airport,BKK,2024-07-25 16:40,Kuala Lumpur International Airport,KUL,2024-07-25 19:50,130,THAI,Economy,360,85.0,,496,Y,Y,Y,1,7,2,23,Thursday,False,False,False,Brunei International Airport,BWN
Suvarnabhumi Airport,BKK,2024-07-25 06:00,Kuala Lumpur International Airport,KUL,2024-07-25 09:10,130,Malaysia Airlines,Economy,455,180.0,,547,Y,Y,Y,1,7,1,23,Thursday,False,False,False,Brunei International Airport,BWN
Suvarnabhumi Airport,BKK,2024-07-26 21:15,Singapore Changi Airport,SIN,2024-07-27 00:35,140,Singapore Airlines,Economy,775,505.0,True,295,Y,Y,Y,1,7,1,23,Friday,False,False,True,Brunei International Airport,BWN
Suvarnabhumi Airport,BKK,2024-07-26 13:30,Ninoy Aquino International Airport,MNL,2024-07-26 17:55,205,Philippine Airlines,Economy,550,220.0,,304,Y,Y,Y,1,7,1,30,Friday,False,False,False,Brunei International Airport,BWN
Suvarnabhumi Airport,BKK,2024-07-26 23:10,Singapore Changi Airport,SIN,2024-07-27 02:40,150,Scoot,Economy,660,380.0,True,403,Y,N,N,1,7,0,0,Friday,False,False,True,Brunei International Airport,BWN
Suvarnabhumi Airport,BKK,2024-07-26 14:15,Kuala Lumpur International Airport,KUL,2024-07-26 17:30,135,Malaysia Airlines,Economy,505,225.0,,425,Y,Y,Y,1,7,1,23,Friday,False,False,False,Brunei International Airport,BWN
Suvarnabhumi Airport,BKK,2024-07-26 16:40,Kuala Lumpur International Airport,KUL,2024-07-26 19:50,130,THAI,Economy,360,85.0,,547,Y,Y,Y,1,7,2,23,Friday,False,False,False,Brunei International Airport,BWN
Suvarnabhumi Airport,BKK,2024-07-26 19:40,Kuala Lumpur International Airport,KUL,2024-07-26 22:50,130,Malaysia Airlines,Economy,1075,800.0,True,413,Y,Y,Y,1,7,1,23,Friday,False,False,False,Brunei International Airport,BWN
Suvarnabhumi Airport,BKK,2024-07-26 06:00,Kuala Lumpur International Airport,KUL,2024-07-26 09:10,130,Malaysia Airlines,Economy,455,180.0,,513,Y,Y,Y,1,7,1,23,Friday,False,False,False,Brunei International Airport,BWN
Suvarnabhumi Airport,BKK,2024-07-26 09:05,Kuala Lumpur International Airport,KUL,2024-07-26 12:15,130,THAI,Economy,815,540.0,,547,Y,Y,Y,1,7,2,23,Friday,False,False,False,Brunei International Airport,BWN
Suvarnabhumi Airport,BKK,2024-07-27 13:30,Brunei International Airport,BWN,2024-07-27 17:15,165,Royal Brunei,Economy,165,,,343,Y,Y,Y,1,7,1,20,Saturday,False,False,False,Brunei International Airport,BWN
Suvarnabhumi Airport,BKK,2024-07-27 13:50,Singapore Changi Airport,SIN,2024-07-27 17:05,135,THAI,Economy,525,260.0,,391,Y,Y,Y,1,7,2,23,Saturday,False,False,False,Brunei International Airport,BWN
Suvarnabhumi Airport,BKK,2024-07-27 19:15,Singapore Changi Airport,SIN,2024-07-27 22:30,135,THAI,Economy,1085,820.0,True,391,Y,Y,Y,1,7,2,23,Saturday,False,False,False,Brunei International Airport,BWN
Suvarnabhumi Airport,BKK,2024-07-27 18:40,Kuala Lumpur International Airport,KUL,2024-07-27 21:55,135,Malaysia Airlines,Economy,1135,855.0,True,413,Y,Y,Y,1,7,1,23,Saturday,False,False,False,Brunei International Airport,BWN
Suvarnabhumi Airport,BKK,2024-07-27 20:25,Singapore Changi Airport,SIN,2024-07-27 23:45,140,Scoot,Economy,1055,780.0,True,446,Y,N,N,1,7,0,0,Saturday,False,False,False,Brunei International Airport,BWN
Suvarnabhumi Airport,BKK,2024-07-27 21:25,Singapore Changi Airport,SIN,2024-07-28 00:45,140,Singapore Airlines,Economy,995,720.0,True,446,Y,Y,Y,1,7,1,23,Saturday,False,False,True,Brunei International Airport,BWN
Suvarnabhumi Airport,BKK,2024-07-27 06:00,Kuala Lumpur International Airport,KUL,2024-07-27 09:10,130,Malaysia Airlines,Economy,455,180.0,,547,Y,Y,Y,1,7,1,23,Saturday,False,False,False,Brunei International Airport,BWN
Suvarnabhumi Airport,BKK,2024-07-28 11:15,Ninoy Aquino International Airport,MNL,2024-07-28 15:55,220,Cebu Pacific,Economy,640,270.0,,190,Y,N,N,1,7,0,0,Sunday,True,False,False,Brunei International Airport,BWN
Suvarnabhumi Airport,BKK,2024-07-28 21:00,Brunei International Airport,BWN,2024-07-29 00:45,165,Royal Brunei,Economy,165,,,241,Y,Y,Y,1,7,1,20,Sunday,True,False,True,Brunei International Airport,BWN
Suvarnabhumi Airport,BKK,2024-07-28 04:00,Ninoy Aquino International Airport,MNL,2024-07-28 08:35,215,Cebu Pacific,Economy,1075,710.0,,168,Y,N,N,1,7,0,0,Sunday,True,False,False,Brunei International Airport,BWN
Suvarnabhumi Airport,BKK,2024-07-28 21:15,Singapore Changi Airport,SIN,2024-07-29 00:35,140,Singapore Airlines,Economy,775,505.0,True,295,Y,Y,Y,1,7,1,23,Sunday,True,False,True,Brunei International Airport,BWN
Suvarnabhumi Airport,BKK,2024-07-28 11:15,Singapore Changi Airport,SIN,2024-07-28 14:30,135,THAI,Economy,685,420.0,,391,Y,Y,Y,1,7,2,23,Sunday,True,False,False,Brunei International Airport,BWN
Suvarnabhumi Airport,BKK,2024-07-28 13:50,Singapore Changi Airport,SIN,2024-07-28 17:05,135,THAI,Economy,530,265.0,,401,Y,Y,Y,1,7,2,23,Sunday,True,False,False,Brunei International Airport,BWN
Suvarnabhumi Airport,BKK,2024-07-28 06:00,Kuala Lumpur International Airport,KUL,2024-07-28 09:10,130,Malaysia Airlines,Economy,455,180.0,,411,Y,Y,Y,1,7,1,23,Sunday,True,False,False,Brunei International Airport,BWN
Suvarnabhumi Airport,BKK,2024-07-28 16:40,Kuala Lumpur International Airport,KUL,2024-07-28 19:50,130,THAI,Economy,360,85.0,,547,Y,Y,Y,1,7,2,23,Sunday,True,False,False,Brunei International Airport,BWN
Suvarnabhumi Airport,BKK,2024-07-29 13:30,Ninoy Aquino International Airport,MNL,2024-07-29 17:55,205,Philippine Airlines,Economy,550,220.0,,304,Y,Y,Y,1,7,1,30,Monday,True,False,False,Brunei International Airport,BWN
Suvarnabhumi Airport,BKK,2024-07-29 21:15,Singapore Changi Airport,SIN,2024-07-30 00:35,140,Singapore Airlines,Economy,775,505.0,True,341,Y,Y,Y,1,7,1,23,Monday,True,False,True,Brunei International Airport,BWN
Suvarnabhumi Airport,BKK,2024-07-29 23:05,Singapore Changi Airport,SIN,2024-07-30 02:40,155,Scoot,Economy,665,380.0,True,369,Y,N,N,1,7,0,0,Monday,True,False,True,Brunei International Airport,BWN
Suvarnabhumi Airport,BKK,2024-07-29 19:15,Singapore Changi Airport,SIN,2024-07-29 22:30,135,THAI,Economy,1085,820.0,True,391,Y,Y,Y,1,7,2,23,Monday,True,False,False,Brunei International Airport,BWN
Suvarnabhumi Airport,BKK,2024-07-29 06:00,Kuala Lumpur International Airport,KUL,2024-07-29 09:10,130,Malaysia Airlines,Economy,455,180.0,,411,Y,Y,Y,1,7,1,23,Monday,True,False,False,Brunei International Airport,BWN
Suvarnabhumi Airport,BKK,2024-07-29 19:40,Kuala Lumpur International Airport,KUL,2024-07-29 22:50,130,Malaysia Airlines,Economy,1620,1345.0,True,549,Y,Y,Y,1,7,1,23,Monday,True,False,False,Brunei International Airport,BWN
Suvarnabhumi Airport,BKK,2024-07-30 11:15,Ninoy Aquino International Airport,MNL,2024-07-30 15:55,220,Cebu Pacific,Economy,640,270.0,,178,Y,N,N,1,7,0,0,Tuesday,False,False,False,Brunei International Airport,BWN
Suvarnabhumi Airport,BKK,2024-07-30 13:30,Brunei International Airport,BWN,2024-07-30 17:15,165,Royal Brunei,Economy,165,,,241,Y,Y,Y,1,7,1,20,Tuesday,False,False,False,Brunei International Airport,BWN
Suvarnabhumi Airport,BKK,2024-07-30 13:50,Singapore Changi Airport,SIN,2024-07-30 17:05,135,THAI,Economy,525,260.0,,391,Y,Y,Y,1,7,2,23,Tuesday,False,False,False,Brunei International Airport,BWN
Suvarnabhumi Airport,BKK,2024-07-30 04:00,Ninoy Aquino International Airport,MNL,2024-07-30 08:35,215,Cebu Pacific,Economy,1075,710.0,,157,Y,N,N,1,7,0,0,Tuesday,False,False,False,Brunei International Airport,BWN
Suvarnabhumi Airport,BKK,2024-07-30 21:15,Singapore Changi Airport,SIN,2024-07-31 00:35,140,Singapore Airlines,Economy,1005,730.0,True,295,Y,Y,Y,1,7,1,23,Tuesday,False,False,True,Brunei International Airport,BWN
Suvarnabhumi Airport,BKK,2024-07-30 20:25,Singapore Changi Airport,SIN,2024-07-30 23:45,140,Scoot,Economy,1055,780.0,True,403,Y,N,N,1,7,0,0,Tuesday,False,False,False,Brunei International Airport,BWN
Suvarnabhumi Airport,BKK,2024-07-30 14:15,Kuala Lumpur International Airport,KUL,2024-07-30 17:30,135,Malaysia Airlines,Economy,505,225.0,,547,Y,Y,Y,1,7,1,23,Tuesday,False,False,False,Brunei International Airport,BWN
Suvarnabhumi Airport,BKK,2024-07-30 16:40,Kuala Lumpur International Airport,KUL,2024-07-30 19:50,130,THAI,Economy,360,85.0,,547,Y,Y,Y,1,7,2,23,Tuesday,False,False,False,Brunei International Airport,BWN
Suvarnabhumi Airport,BKK,2024-07-31 21:00,Brunei International Airport,BWN,2024-08-01 00:45,165,Royal Brunei,Economy,165,,,241,Y,Y,Y,1,7,1,20,Wednesday,False,False,True,Brunei International Airport,BWN
Suvarnabhumi Airport,BKK,2024-07-31 21:15,Singapore Changi Airport,SIN,2024-08-01 00:35,140,Singapore Airlines,Economy,775,505.0,True,295,Y,Y,Y,1,7,1,23,Wednesday,False,False,True,Brunei International Airport,BWN
Suvarnabhumi Airport,BKK,2024-07-31 23:10,Singapore Changi Airport,SIN,2024-08-01 02:40,150,Scoot,Economy,660,380.0,True,295,Y,N,N,1,7,0,0,Wednesday,False,False,True,Brunei International Airport,BWN
Suvarnabhumi Airport,BKK,2024-07-31 22:50,Ninoy Aquino International Airport,MNL,2024-08-01 03:15,205,Philippine Airlines,Economy,1430,1100.0,True,304,Y,Y,Y,1,7,1,30,Wednesday,False,False,True,Brunei International Airport,BWN
Suvarnabhumi Airport,BKK,2024-07-31 06:00,Kuala Lumpur International Airport,KUL,2024-07-31 09:10,130,Malaysia Airlines,Economy,1000,725.0,,413,Y,Y,Y,1,7,1,23,Wednesday,False,False,False,Brunei International Airport,BWN
Suvarnabhumi Airport,BKK,2024-07-31 14:15,Kuala Lumpur International Airport,KUL,2024-07-31 17:30,135,Malaysia Airlines,Economy,505,225.0,,425,Y,Y,Y,1,7,1,23,Wednesday,False,False,False,Brunei International Airport,BWN
Suvarnabhumi Airport,BKK,2024-07-31 16:40,Kuala Lumpur International Airport,KUL,2024-07-31 19:50,130,THAI,Economy,360,85.0,,547,Y,Y,Y,1,7,2,23,Wednesday,False,False,False,Brunei International Airport,BWN
Suvarnabhumi Airport,BKK,2024-08-01 04:00,Ninoy Aquino International Airport,MNL,2024-08-01 08:35,215,Cebu Pacific,Economy,1075,710.0,,187,Y,N,N,1,7,0,0,Thursday,False,False,False,Brunei International Airport,BWN
Suvarnabhumi Airport,BKK,2024-08-01 11:15,Ninoy Aquino International Airport,MNL,2024-08-01 15:55,220,Cebu Pacific,Economy,640,270.0,,198,Y,N,N,1,7,0,0,Thursday,False,False,False,Brunei International Airport,BWN
Suvarnabhumi Airport,BKK,2024-08-01 13:30,Ninoy Aquino International Airport,MNL,2024-08-01 17:55,205,Philippine Airlines,Economy,550,220.0,,309,Y,Y,Y,1,7,1,30,Thursday,False,False,False,Brunei International Airport,BWN
Suvarnabhumi Airport,BKK,2024-08-01 21:15,Singapore Changi Airport,SIN,2024-08-02 00:35,140,Singapore Airlines,Economy,1005,730.0,True,323,Y,Y,Y,1,7,1,23,Thursday,False,False,True,Brunei International Airport,BWN
Suvarnabhumi Airport,BKK,2024-08-01 13:50,Singapore Changi Airport,SIN,2024-08-01 17:05,135,THAI,Economy,530,265.0,,397,Y,Y,Y,1,7,2,23,Thursday,False,False,False,Brunei International Airport,BWN
Suvarnabhumi Airport,BKK,2024-08-01 06:00,Kuala Lumpur International Airport,KUL,2024-08-01 09:10,130,Malaysia Airlines,Economy,455,180.0,,505,Y,Y,Y,1,7,1,23,Thursday,False,False,False,Brunei International Airport,BWN
Suvarnabhumi Airport,BKK,2024-08-01 14:15,Kuala Lumpur International Airport,KUL,2024-08-01 17:30,135,Malaysia Airlines,Economy,505,225.0,,505,Y,Y,Y,1,7,1,23,Thursday,False,False,False,Brunei International Airport,BWN
Suvarnabhumi Airport,BKK,2024-08-01 16:40,Kuala Lumpur International Airport,KUL,2024-08-01 19:50,130,THAI,Economy,360,85.0,,505,Y,Y,Y,1,7,2,23,Thursday,False,False,False,Brunei International Airport,BWN
Suvarnabhumi Airport,BKK,2024-08-02 13:30,Ninoy Aquino International Airport,MNL,2024-08-02 17:55,205,Philippine Airlines,Economy,550,220.0,,325,Y,Y,Y,1,7,1,30,Friday,False,False,False,Brunei International Airport,BWN
Suvarnabhumi Airport,BKK,2024-08-02 21:15,Singapore Changi Airport,SIN,2024-08-03 00:35,140,Singapore Airlines,Economy,775,505.0,True,348,Y,Y,Y,1,7,1,23,Friday,False,False,True,Brunei International Airport,BWN
Suvarnabhumi Airport,BKK,2024-08-02 23:10,Singapore Changi Airport,SIN,2024-08-03 02:40,150,Scoot,Economy,660,380.0,True,456,Y,N,N,1,7,0,0,Friday,False,False,True,Brunei International Airport,BWN
Suvarnabhumi Airport,BKK,2024-08-02 06:00,Kuala Lumpur International Airport,KUL,2024-08-02 09:10,130,Malaysia Airlines,Economy,455,180.0,,505,Y,Y,Y,1,7,1,23,Friday,False,False,False,Brunei International Airport,BWN
Suvarnabhumi Airport,BKK,2024-08-02 16:40,Kuala Lumpur International Airport,KUL,2024-08-02 19:50,130,THAI,Economy,360,85.0,,505,Y,Y,Y,1,7,2,23,Friday,False,False,False,Brunei International Airport,BWN
Suvarnabhumi Airport,BKK,2024-08-02 14:25,Kuala Lumpur International Airport,KUL,2024-08-02 17:40,135,Malaysia Airlines,Economy,495,215.0,,505,Y,Y,Y,1,7,1,23,Friday,False,False,False,Brunei International Airport,BWN
Suvarnabhumi Airport,BKK,2024-08-02 16:40,Kuala Lumpur International Airport,KUL,2024-08-02 19:50,130,THAI,Economy,1255,980.0,True,525,Y,Y,Y,1,7,2,23,Friday,False,False,False,Brunei International Airport,BWN
Suvarnabhumi Airport,BKK,2024-08-02 19:40,Kuala Lumpur International Airport,KUL,2024-08-02 22:50,130,Malaysia Airlines,Economy,1075,800.0,True,525,Y,Y,Y,1,7,1,23,Friday,False,False,False,Brunei International Airport,BWN
Suvarnabhumi Airport,BKK,2024-08-03 11:15,Ninoy Aquino International Airport,MNL,2024-08-03 15:55,220,Cebu Pacific,Economy,640,270.0,,206,Y,N,N,1,7,0,0,Saturday,False,False,False,Brunei International Airport,BWN
Suvarnabhumi Airport,BKK,2024-08-03 13:30,Brunei International Airport,BWN,2024-08-03 17:15,165,Royal Brunei,Economy,165,,,351,Y,Y,Y,1,7,1,20,Saturday,False,False,False,Brunei International Airport,BWN
Suvarnabhumi Airport,BKK,2024-08-03 06:00,Kuala Lumpur International Airport,KUL,2024-08-03 09:10,130,Malaysia Airlines,Economy,455,180.0,,523,Y,Y,Y,1,7,1,23,Saturday,False,False,False,Brunei International Airport,BWN
Suvarnabhumi Airport,BKK,2024-08-03 04:00,Ninoy Aquino International Airport,MNL,2024-08-03 08:35,215,Cebu Pacific,Economy,1075,710.0,,196,Y,N,N,1,7,0,0,Saturday,False,False,False,Brunei International Airport,BWN
Suvarnabhumi Airport,BKK,2024-08-03 21:25,Singapore Changi Airport,SIN,2024-08-04 00:45,140,Singapore Airlines,Economy,995,720.0,True,323,Y,Y,Y,1,7,1,23,Saturday,False,False,True,Brunei International Airport,BWN
Suvarnabhumi Airport,BKK,2024-08-03 19:15,Singapore Changi Airport,SIN,2024-08-03 22:30,135,THAI,Economy,1085,820.0,True,397,Y,Y,Y,1,7,2,23,Saturday,False,False,False,Brunei International Airport,BWN
Suvarnabhumi Airport,BKK,2024-08-03 17:55,Singapore Changi Airport,SIN,2024-08-03 21:05,130,Scoot,Economy,1205,940.0,True,456,Y,N,N,1,7,0,0,Saturday,False,False,False,Brunei International Airport,BWN
Suvarnabhumi Airport,BKK,2024-08-03 13:50,Singapore Changi Airport,SIN,2024-08-03 17:05,135,THAI,Economy,525,260.0,,615,Y,Y,Y,1,7,2,23,Saturday,False,False,False,Brunei International Airport,BWN
Suvarnabhumi Airport,BKK,2024-08-04 21:00,Brunei International Airport,BWN,2024-08-05 00:45,165,Royal Brunei,Economy,165,,,302,Y,Y,Y,1,7,1,20,Sunday,False,False,True,Brunei International Airport,BWN
Suvarnabhumi Airport,BKK,2024-08-04 22:50,Ninoy Aquino International Airport,MNL,2024-08-05 03:15,205,Philippine Airlines,Economy,1430,1100.0,True,325,Y,Y,Y,1,7,1,30,Sunday,False,False,True,Brunei International Airport,BWN
Suvarnabhumi Airport,BKK,2024-08-04 13:50,Singapore Changi Airport,SIN,2024-08-04 17:05,135,THAI,Economy,530,265.0,,397,Y,Y,Y,1,7,2,23,Sunday,False,False,False,Brunei International Airport,BWN
Suvarnabhumi Airport,BKK,2024-08-04 21:15,Singapore Changi Airport,SIN,2024-08-05 00:35,140,Singapore Airlines,Economy,775,505.0,True,456,Y,Y,Y,1,7,1,23,Sunday,False,False,True,Brunei International Airport,BWN
Suvarnabhumi Airport,BKK,2024-08-04 14:25,Kuala Lumpur International Airport,KUL,2024-08-04 17:40,135,Malaysia Airlines,Economy,495,215.0,,558,Y,Y,Y,1,7,1,23,Sunday,False,False,False,Brunei International Airport,BWN
Suvarnabhumi Airport,BKK,2024-08-04 16:40,Kuala Lumpur International Airport,KUL,2024-08-04 19:50,130,THAI,Economy,360,85.0,,558,Y,Y,Y,1,7,2,23,Sunday,False,False,False,Brunei International Airport,BWN
Suvarnabhumi Airport,BKK,2024-08-05 13:30,Ninoy Aquino International Airport,MNL,2024-08-05 17:55,205,Philippine Airlines,Economy,550,220.0,,325,Y,Y,Y,1,7,1,30,Monday,False,False,False,Brunei International Airport,BWN
Suvarnabhumi Airport,BKK,2024-08-05 19:15,Singapore Changi Airport,SIN,2024-08-05 22:30,135,THAI,Economy,1085,820.0,True,397,Y,Y,Y,1,7,2,23,Monday,False,False,False,Brunei International Airport,BWN
Suvarnabhumi Airport,BKK,2024-08-05 17:55,Singapore Changi Airport,SIN,2024-08-05 21:05,130,Scoot,Economy,975,715.0,True,509,Y,N,N,1,7,0,0,Monday,False,False,False,Brunei International Airport,BWN
Suvarnabhumi Airport,BKK,2024-08-05 21:15,Singapore Changi Airport,SIN,2024-08-06 00:35,140,Singapore Airlines,Economy,775,505.0,True,509,Y,Y,Y,1,7,1,23,Monday,False,False,True,Brunei International Airport,BWN
Suvarnabhumi Airport,BKK,2024-08-06 11:15,Ninoy Aquino International Airport,MNL,2024-08-06 15:55,220,Cebu Pacific,Economy,640,270.0,,210,Y,N,N,1,7,0,0,Tuesday,False,False,False,Brunei International Airport,BWN
Suvarnabhumi Airport,BKK,2024-08-06 13:30,Brunei International Airport,BWN,2024-08-06 17:15,165,Royal Brunei,Economy,165,,,302,Y,Y,Y,1,7,1,20,Tuesday,False,False,False,Brunei International Airport,BWN
Suvarnabhumi Airport,BKK,2024-08-06 13:50,Singapore Changi Airport,SIN,2024-08-06 17:05,135,THAI,Economy,525,260.0,,397,Y,Y,Y,1,7,2,23,Tuesday,False,False,False,Brunei International Airport,BWN
Suvarnabhumi Airport,BKK,2024-08-06 21:15,Singapore Changi Airport,SIN,2024-08-07 00:35,140,Singapore Airlines,Economy,1005,730.0,True,348,Y,Y,Y,1,7,1,23,Tuesday,False,False,True,Brunei International Airport,BWN
Suvarnabhumi Airport,BKK,2024-08-06 19:15,Singapore Changi Airport,SIN,2024-08-06 22:30,135,THAI,Economy,1085,820.0,True,397,Y,Y,Y,1,7,2,23,Tuesday,False,False,False,Brunei International Airport,BWN
Suvarnabhumi Airport,BKK,2024-08-06 20:25,Singapore Changi Airport,SIN,2024-08-06 23:45,140,Scoot,Economy,1055,780.0,True,456,Y,N,N,1,7,0,0,Tuesday,False,False,False,Brunei International Airport,BWN
Suvarnabhumi Airport,BKK,2024-08-06 16:40,Kuala Lumpur International Airport,KUL,2024-08-06 19:50,130,THAI,Economy,360,85.0,,749,Y,Y,Y,1,7,2,23,Tuesday,False,False,False,Brunei International Airport,BWN
Suvarnabhumi Airport,BKK,2024-08-07 21:00,Brunei International Airport,BWN,2024-08-08 00:45,165,Royal Brunei,Economy,165,,,351,Y,Y,Y,1,7,1,20,Wednesday,False,False,True,Brunei International Airport,BWN
Suvarnabhumi Airport,BKK,2024-08-07 22:50,Ninoy Aquino International Airport,MNL,2024-08-08 03:15,205,Philippine Airlines,Economy,1430,1100.0,True,309,Y,Y,Y,1,7,1,30,Wednesday,False,False,True,Brunei International Airport,BWN
Suvarnabhumi Airport,BKK,2024-08-07 21:15,Singapore Changi Airport,SIN,2024-08-08 00:35,140,Singapore Airlines,Economy,775,505.0,True,348,Y,Y,Y,1,7,1,23,Wednesday,False,False,True,Brunei International Airport,BWN
Suvarnabhumi Airport,BKK,2024-08-07 16:40,Kuala Lumpur International Airport,KUL,2024-08-07 19:50,130,THAI,Economy,360,85.0,,749,Y,Y,Y,1,7,2,23,Wednesday,False,False,False,Brunei International Airport,BWN
Suvarnabhumi Airport,BKK,2024-08-08 04:00,Ninoy Aquino International Airport,MNL,2024-08-08 08:35,215,Cebu Pacific,Economy,1075,710.0,,139,Y,N,N,1,7,0,0,Thursday,False,False,False,Brunei International Airport,BWN
Suvarnabhumi Airport,BKK,2024-08-08 11:15,Ninoy Aquino International Airport,MNL,2024-08-08 15:55,220,Cebu Pacific,Economy,640,270.0,,148,Y,N,N,1,7,0,0,Thursday,False,False,False,Brunei International Airport,BWN
Suvarnabhumi Airport,BKK,2024-08-08 13:30,Ninoy Aquino International Airport,MNL,2024-08-08 17:55,205,Philippine Airlines,Economy,550,220.0,,309,Y,Y,Y,1,7,1,30,Thursday,False,False,False,Brunei International Airport,BWN
Suvarnabhumi Airport,BKK,2024-08-08 18:10,Ninoy Aquino International Airport,MNL,2024-08-08 22:40,210,Philippine Airlines,Economy,1710,1375.0,True,306,Y,Y,Y,1,7,1,30,Thursday,False,False,False,Brunei International Airport,BWN
Suvarnabhumi Airport,BKK,2024-08-08 22:50,Ninoy Aquino International Airport,MNL,2024-08-09 03:15,205,Philippine Airlines,Economy,1430,1100.0,True,309,Y,Y,Y,1,7,1,30,Thursday,False,False,True,Brunei International Airport,BWN
Suvarnabhumi Airport,BKK,2024-08-08 13:50,Singapore Changi Airport,SIN,2024-08-08 17:05,135,THAI,Economy,530,265.0,,397,Y,Y,Y,1,7,2,23,Thursday,False,False,False,Brunei International Airport,BWN
Suvarnabhumi Airport,BKK,2024-08-08 06:00,Kuala Lumpur International Airport,KUL,2024-08-08 09:10,130,Malaysia Airlines,Economy,455,180.0,,523,Y,Y,Y,1,7,1,23,Thursday,False,False,False,Brunei International Airport,BWN
Suvarnabhumi Airport,BKK,2024-08-08 14:15,Kuala Lumpur International Airport,KUL,2024-08-08 17:30,135,Malaysia Airlines,Economy,505,225.0,,523,Y,Y,Y,1,7,1,23,Thursday,False,False,False,Brunei International Airport,BWN
Suvarnabhumi Airport,BKK,2024-08-08 16:40,Kuala Lumpur International Airport,KUL,2024-08-08 19:50,130,THAI,Economy,360,85.0,,523,Y,Y,Y,1,7,2,23,Thursday,False,False,False,Brunei International Airport,BWN
Suvarnabhumi Airport,BKK,2024-08-08 21:15,Singapore Changi Airport,SIN,2024-08-09 00:35,140,Singapore Airlines,Economy,1005,730.0,True,575,Y,Y,Y,1,7,1,23,Thursday,False,False,True,Brunei International Airport,BWN
Suvarnabhumi Airport,BKK,2024-08-09 13:30,Ninoy Aquino International Airport,MNL,2024-08-09 17:55,205,Philippine Airlines,Economy,550,220.0,,309,Y,Y,Y,1,7,1,30,Friday,False,False,False,Brunei International Airport,BWN
Suvarnabhumi Airport,BKK,2024-08-09 21:30,Singapore Changi Airport,SIN,2024-08-10 00:45,135,Singapore Airlines,Economy,760,495.0,True,377,Y,Y,Y,1,7,1,23,Friday,False,False,True,Brunei International Airport,BWN
Suvarnabhumi Airport,BKK,2024-08-09 13:50,Singapore Changi Airport,SIN,2024-08-09 17:05,135,THAI,Economy,525,260.0,,397,Y,Y,Y,1,7,2,23,Friday,False,False,False,Brunei International Airport,BWN
Suvarnabhumi Airport,BKK,2024-08-09 06:00,Kuala Lumpur International Airport,KUL,2024-08-09 09:10,130,Malaysia Airlines,Economy,455,180.0,,523,Y,Y,Y,1,7,1,23,Friday,False,False,False,Brunei International Airport,BWN
Suvarnabhumi Airport,BKK,2024-08-09 17:45,Singapore Changi Airport,SIN,2024-08-09 21:05,140,Scoot,Economy,985,715.0,True,456,Y,N,N,1,7,0,0,Friday,False,False,False,Brunei International Airport,BWN
Suvarnabhumi Airport,BKK,2024-08-09 14:25,Kuala Lumpur International Airport,KUL,2024-08-09 17:40,135,Malaysia Airlines,Economy,495,215.0,,523,Y,Y,Y,1,7,1,23,Friday,False,False,False,Brunei International Airport,BWN
Suvarnabhumi Airport,BKK,2024-08-09 16:40,Kuala Lumpur International Airport,KUL,2024-08-09 19:50,130,THAI,Economy,360,85.0,,523,Y,Y,Y,1,7,2,23,Friday,False,False,False,Brunei International Airport,BWN
Suvarnabhumi Airport,BKK,2024-08-10 11:15,Ninoy Aquino International Airport,MNL,2024-08-10 15:55,220,Cebu Pacific,Economy,640,270.0,,188,Y,N,N,1,7,0,0,Saturday,False,False,False,Brunei International Airport,BWN
Suvarnabhumi Airport,BKK,2024-08-10 13:50,Singapore Changi Airport,SIN,2024-08-10 17:05,135,THAI,Economy,525,260.0,,397,Y,Y,Y,1,7,2,23,Saturday,False,False,False,Brunei International Airport,BWN
Suvarnabhumi Airport,BKK,2024-08-10 13:30,Brunei International Airport,BWN,2024-08-10 17:15,165,Royal Brunei,Economy,165,,,517,Y,Y,Y,1,7,1,20,Saturday,False,False,False,Brunei International Airport,BWN
Suvarnabhumi Airport,BKK,2024-08-10 19:15,Singapore Changi Airport,SIN,2024-08-10 22:30,135,THAI,Economy,1645,1380.0,True,472,Y,Y,Y,1,7,2,23,Saturday,False,False,False,Brunei International Airport,BWN
Suvarnabhumi Airport,BKK,2024-08-10 10:50,Singapore Changi Airport,SIN,2024-08-10 14:15,145,Scoot,Economy,1630,1350.0,True,509,Y,N,N,1,7,0,0,Saturday,False,False,False,Brunei International Airport,BWN
Suvarnabhumi Airport,BKK,2024-08-10 18:30,Singapore Changi Airport,SIN,2024-08-10 21:55,145,Singapore Airlines,Economy,1170,890.0,True,509,Y,Y,Y,1,7,1,23,Saturday,False,False,False,Brunei International Airport,BWN
Suvarnabhumi Airport,BKK,2024-08-10 21:15,Singapore Changi Airport,SIN,2024-08-11 00:35,140,Singapore Airlines,Economy,1005,730.0,True,575,Y,Y,Y,1,7,1,23,Saturday,False,False,True,Brunei International Airport,BWN
Suvarnabhumi Airport,BKK,2024-08-11 21:00,Brunei International Airport,BWN,2024-08-12 00:45,165,Royal Brunei,Economy,165,,,465,Y,Y,Y,1,7,1,20,Sunday,False,False,True,Brunei International Airport,BWN
Suvarnabhumi Airport,BKK,2024-08-11 22:50,Ninoy Aquino International Airport,MNL,2024-08-12 03:15,205,Philippine Airlines,Economy,1430,1100.0,True,443,Y,Y,Y,1,7,1,30,Sunday,False,False,True,Brunei International Airport,BWN
Suvarnabhumi Airport,BKK,2024-08-11 08:00,Singapore Changi Airport,SIN,2024-08-11 11:15,135,THAI,Economy,880,615.0,,691,Y,Y,Y,1,7,2,23,Sunday,False,False,False,Brunei International Airport,BWN
Suvarnabhumi Airport,BKK,2024-08-11 14:25,Kuala Lumpur International Airport,KUL,2024-08-11 17:40,135,Malaysia Airlines,Economy,495,215.0,,1433,Y,Y,Y,1,7,1,23,Sunday,False,False,False,Brunei International Airport,BWN
Suvarnabhumi Airport,BKK,2024-08-12 13:30,Ninoy Aquino International Airport,MNL,2024-08-12 17:55,205,Philippine Airlines,Economy,550,220.0,,443,Y,Y,Y,1,7,1,30,Monday,True,False,False,Brunei International Airport,BWN
Suvarnabhumi Airport,BKK,2024-08-12 21:15,Singapore Changi Airport,SIN,2024-08-13 00:35,140,Singapore Airlines,Economy,775,505.0,True,456,Y,Y,Y,1,7,1,23,Monday,True,False,True,Brunei International Airport,BWN
Suvarnabhumi Airport,BKK,2024-08-12 08:00,Singapore Changi Airport,SIN,2024-08-12 11:15,135,THAI,Economy,1760,1495.0,True,450,Y,Y,Y,1,7,2,23,Monday,True,False,False,Brunei International Airport,BWN
Suvarnabhumi Airport,BKK,2024-08-12 09:05,Singapore Changi Airport,SIN,2024-08-12 12:20,135,Scoot,Economy,1505,1240.0,True,456,Y,N,N,1,7,0,0,Monday,True,False,False,Brunei International Airport,BWN
Suvarnabhumi Airport,BKK,2024-08-12 11:15,Singapore Changi Airport,SIN,2024-08-12 14:30,135,THAI,Economy,1565,1300.0,True,516,Y,Y,Y,1,7,2,23,Monday,True,False,False,Brunei International Airport,BWN
Suvarnabhumi Airport,BKK,2024-08-12 19:15,Singapore Changi Airport,SIN,2024-08-12 22:30,135,THAI,Economy,1085,820.0,True,615,Y,Y,Y,1,7,2,23,Monday,True,False,False,Brunei International Airport,BWN
Suvarnabhumi Airport,BKK,2024-08-13 11:15,Ninoy Aquino International Airport,MNL,2024-08-13 15:55,220,Cebu Pacific,Economy,640,270.0,,193,Y,N,N,1,7,0,0,Tuesday,False,False,False,Brunei International Airport,BWN
Suvarnabhumi Airport,BKK,2024-08-13 13:30,Brunei International Airport,BWN,2024-08-13 17:15,165,Royal Brunei,Economy,165,,,302,Y,Y,Y,1,7,1,20,Tuesday,False,False,False,Brunei International Airport,BWN
Suvarnabhumi Airport,BKK,2024-08-13 13:50,Singapore Changi Airport,SIN,2024-08-13 17:05,135,THAI,Economy,525,260.0,,397,Y,Y,Y,1,7,2,23,Tuesday,False,False,False,Brunei International Airport,BWN
Suvarnabhumi Airport,BKK,2024-08-13 04:00,Ninoy Aquino International Airport,MNL,2024-08-13 08:35,215,Cebu Pacific,Economy,1075,710.0,,170,Y,N,N,1,7,0,0,Tuesday,False,False,False,Brunei International Airport,BWN
Suvarnabhumi Airport,BKK,2024-08-13 19:15,Singapore Changi Airport,SIN,2024-08-13 22:30,135,THAI,Economy,1085,820.0,True,397,Y,Y,Y,1,7,2,23,Tuesday,False,False,False,Brunei International Airport,BWN
Suvarnabhumi Airport,BKK,2024-08-13 14:15,Kuala Lumpur International Airport,KUL,2024-08-13 17:30,135,Malaysia Airlines,Economy,505,225.0,,780,Y,Y,Y,1,7,1,23,Tuesday,False,False,False,Brunei International Airport,BWN
Suvarnabhumi Airport,BKK,2024-08-13 16:40,Kuala Lumpur International Airport,KUL,2024-08-13 19:50,130,THAI,Economy,360,85.0,,808,Y,Y,Y,1,7,2,23,Tuesday,False,False,False,Brunei International Airport,BWN
Suvarnabhumi Airport,BKK,2024-08-14 21:00,Brunei International Airport,BWN,2024-08-15 00:45,165,Royal Brunei,Economy,165,,,351,Y,Y,Y,1,7,1,20,Wednesday,False,False,True,Brunei International Airport,BWN
Suvarnabhumi Airport,BKK,2024-08-14 22:50,Ninoy Aquino International Airport,MNL,2024-08-15 03:15,205,Philippine Airlines,Economy,1430,1100.0,True,309,Y,Y,Y,1,7,1,30,Wednesday,False,False,True,Brunei International Airport,BWN
Suvarnabhumi Airport,BKK,2024-08-14 19:15,Singapore Changi Airport,SIN,2024-08-14 22:30,135,THAI,Economy,1645,1380.0,True,397,Y,Y,Y,1,7,2,23,Wednesday,False,False,False,Brunei International Airport,BWN
Suvarnabhumi Airport,BKK,2024-08-14 16:40,Kuala Lumpur International Airport,KUL,2024-08-14 19:50,130,THAI,Economy,360,85.0,,749,Y,Y,Y,1,7,2,23,Wednesday,False,False,False,Brunei International Airport,BWN
Suvarnabhumi Airport,BKK,2024-08-15 11:15,Ninoy Aquino International Airport,MNL,2024-08-15 15:55,220,Cebu Pacific,Economy,640,270.0,,169,Y,N,N,1,7,0,0,Thursday,False,False,False,Brunei International Airport,BWN
Suvarnabhumi Airport,BKK,2024-08-15 13:50,Singapore Changi Airport,SIN,2024-08-15 17:05,135,THAI,Economy,530,265.0,,397,Y,Y,Y,1,7,2,23,Thursday,False,False,False,Brunei International Airport,BWN
Suvarnabhumi Airport,BKK,2024-08-15 22:50,Ninoy Aquino International Airport,MNL,2024-08-16 03:15,205,Philippine Airlines,Economy,1430,1100.0,True,306,Y,Y,Y,1,7,1,30,Thursday,False,False,True,Brunei International Airport,BWN
Suvarnabhumi Airport,BKK,2024-08-15 16:40,Kuala Lumpur International Airport,KUL,2024-08-15 19:50,130,THAI,Economy,1255,980.0,True,560,Y,Y,Y,1,7,2,23,Thursday,False,False,False,Brunei International Airport,BWN
Suvarnabhumi Airport,BKK,2024-08-15 19:40,Kuala Lumpur International Airport,KUL,2024-08-15 22:50,130,Malaysia Airlines,Economy,1075,800.0,True,560,Y,Y,Y,1,7,1,23,Thursday,False,False,False,Brunei International Airport,BWN
Suvarnabhumi Airport,BKK,2024-08-15 16:40,Kuala Lumpur International Airport,KUL,2024-08-15 19:50,130,THAI,Economy,360,85.0,,749,Y,Y,Y,1,7,2,23,Thursday,False,False,False,Brunei International Airport,BWN
Suvarnabhumi Airport,BKK,2024-08-16 13:30,Ninoy Aquino International Airport,MNL,2024-08-16 17:55,205,Philippine Airlines,Economy,550,220.0,,309,Y,Y,Y,1,7,1,30,Friday,False,False,False,Brunei International Airport,BWN
Suvarnabhumi Airport,BKK,2024-08-16 06:00,Kuala Lumpur International Airport,KUL,2024-08-16 09:10,130,Malaysia Airlines,Economy,455,180.0,,558,Y,Y,Y,1,7,1,23,Friday,False,False,False,Brunei International Airport,BWN
Suvarnabhumi Airport,BKK,2024-08-16 16:40,Kuala Lumpur International Airport,KUL,2024-08-16 19:50,130,THAI,Economy,360,85.0,,749,Y,Y,Y,1,7,2,23,Friday,False,False,False,Brunei International Airport,BWN
Suvarnabhumi Airport,BKK,2024-08-16 19:15,Singapore Changi Airport,SIN,2024-08-16 22:30,135,THAI,Economy,1545,1280.0,True,397,Y,Y,Y,1,7,2,23,Friday,False,False,False,Brunei International Airport,BWN
Suvarnabhumi Airport,BKK,2024-08-16 23:10,Singapore Changi Airport,SIN,2024-08-17 02:40,150,Scoot,Economy,660,380.0,True,885,Y,N,N,1,7,0,0,Friday,False,False,True,Brunei International Airport,BWN
Suvarnabhumi Airport,BKK,2024-08-17 11:15,Ninoy Aquino International Airport,MNL,2024-08-17 15:55,220,Cebu Pacific,Economy,640,270.0,,169,Y,N,N,1,7,0,0,Saturday,False,False,False,Brunei International Airport,BWN
Suvarnabhumi Airport,BKK,2024-08-17 13:50,Singapore Changi Airport,SIN,2024-08-17 17:05,135,THAI,Economy,430,165.0,,397,Y,Y,Y,1,7,2,23,Saturday,False,False,False,Brunei International Airport,BWN
Suvarnabhumi Airport,BKK,2024-08-17 13:30,Brunei International Airport,BWN,2024-08-17 17:15,165,Royal Brunei,Economy,165,,,517,Y,Y,Y,1,7,1,20,Saturday,False,False,False,Brunei International Airport,BWN
Suvarnabhumi Airport,BKK,2024-08-17 04:00,Ninoy Aquino International Airport,MNL,2024-08-17 08:35,215,Cebu Pacific,Economy,1075,710.0,,159,Y,N,N,1,7,0,0,Saturday,False,False,False,Brunei International Airport,BWN
Suvarnabhumi Airport,BKK,2024-08-17 19:15,Singapore Changi Airport,SIN,2024-08-17 22:30,135,THAI,Economy,1645,1380.0,True,397,Y,Y,Y,1,7,2,23,Saturday,False,False,False,Brunei International Airport,BWN
Suvarnabhumi Airport,BKK,2024-08-18 21:00,Brunei International Airport,BWN,2024-08-19 00:45,165,Royal Brunei,Economy,165,,,351,Y,Y,Y,1,7,1,20,Sunday,False,False,True,Brunei International Airport,BWN
Suvarnabhumi Airport,BKK,2024-08-18 13:50,Singapore Changi Airport,SIN,2024-08-18 17:05,135,THAI,Economy,530,265.0,,408,Y,Y,Y,1,7,2,23,Sunday,False,False,False,Brunei International Airport,BWN
Suvarnabhumi Airport,BKK,2024-08-18 22:50,Ninoy Aquino International Airport,MNL,2024-08-19 03:15,205,Philippine Airlines,Economy,1430,1100.0,True,309,Y,Y,Y,1,7,1,30,Sunday,False,False,True,Brunei International Airport,BWN
Suvarnabhumi Airport,BKK,2024-08-18 11:15,Singapore Changi Airport,SIN,2024-08-18 14:30,135,THAI,Economy,685,420.0,,397,Y,Y,Y,1,7,2,23,Sunday,False,False,False,Brunei International Airport,BWN
Suvarnabhumi Airport,BKK,2024-08-18 21:15,Singapore Changi Airport,SIN,2024-08-19 00:35,140,Singapore Airlines,Economy,775,505.0,True,575,Y,Y,Y,1,7,1,23,Sunday,False,False,True,Brunei International Airport,BWN
Suvarnabhumi Airport,BKK,2024-08-18 16:40,Kuala Lumpur International Airport,KUL,2024-08-18 19:50,130,THAI,Economy,360,85.0,,749,Y,Y,Y,1,7,2,23,Sunday,False,False,False,Brunei International Airport,BWN
Suvarnabhumi Airport,BKK,2024-08-19 13:30,Ninoy Aquino International Airport,MNL,2024-08-19 17:55,205,Philippine Airlines,Economy,550,220.0,,309,Y,Y,Y,1,7,1,30,Monday,False,False,False,Brunei International Airport,BWN
Suvarnabhumi Airport,BKK,2024-08-19 21:15,Singapore Changi Airport,SIN,2024-08-20 00:35,140,Singapore Airlines,Economy,775,505.0,True,348,Y,Y,Y,1,7,1,23,Monday,False,False,True,Brunei International Airport,BWN
Suvarnabhumi Airport,BKK,2024-08-19 19:15,Singapore Changi Airport,SIN,2024-08-19 22:30,135,THAI,Economy,1085,820.0,True,397,Y,Y,Y,1,7,2,23,Monday,False,False,False,Brunei International Airport,BWN
Suvarnabhumi Airport,BKK,2024-08-19 09:05,Singapore Changi Airport,SIN,2024-08-19 12:20,135,Scoot,Economy,1505,1240.0,True,412,Y,N,N,1,7,0,0,Monday,False,False,False,Brunei International Airport,BWN
Suvarnabhumi Airport,BKK,2024-08-19 17:55,Singapore Changi Airport,SIN,2024-08-19 21:05,130,Scoot,Economy,975,715.0,True,456,Y,N,N,1,7,0,0,Monday,False,False,False,Brunei International Airport,BWN
Suvarnabhumi Airport,BKK,2024-08-20 11:15,Ninoy Aquino International Airport,MNL,2024-08-20 15:55,220,Cebu Pacific,Economy,640,270.0,,206,Y,N,N,1,7,0,0,Tuesday,False,False,False,Brunei International Airport,BWN
Suvarnabhumi Airport,BKK,2024-08-20 13:30,Brunei International Airport,BWN,2024-08-20 17:15,165,Royal Brunei,Economy,165,,,302,Y,Y,Y,1,7,1,20,Tuesday,False,False,False,Brunei International Airport,BWN
Suvarnabhumi Airport,BKK,2024-08-20 13:50,Singapore Changi Airport,SIN,2024-08-20 17:05,135,THAI,Economy,525,260.0,,397,Y,Y,Y,1,7,2,23,Tuesday,False,False,False,Brunei International Airport,BWN
Suvarnabhumi Airport,BKK,2024-08-20 04:00,Ninoy Aquino International Airport,MNL,2024-08-20 08:35,215,Cebu Pacific,Economy,1075,710.0,,174,Y,N,N,1,7,0,0,Tuesday,False,False,False,Brunei International Airport,BWN
Suvarnabhumi Airport,BKK,2024-08-20 21:15,Singapore Changi Airport,SIN,2024-08-21 00:35,140,Singapore Airlines,Economy,1005,730.0,True,301,Y,Y,Y,1,7,1,23,Tuesday,False,False,True,Brunei International Airport,BWN
Suvarnabhumi Airport,BKK,2024-08-20 19:15,Singapore Changi Airport,SIN,2024-08-20 22:30,135,THAI,Economy,1085,820.0,True,397,Y,Y,Y,1,7,2,23,Tuesday,False,False,False,Brunei International Airport,BWN
Suvarnabhumi Airport,BKK,2024-08-20 15:40,Singapore Changi Airport,SIN,2024-08-20 19:00,140,Scoot,Economy,1340,1065.0,True,412,Y,N,N,1,7,0,0,Tuesday,False,False,False,Brunei International Airport,BWN
Suvarnabhumi Airport,BKK,2024-08-20 17:55,Singapore Changi Airport,SIN,2024-08-20 21:05,130,Scoot,Economy,1205,940.0,True,456,Y,N,N,1,7,0,0,Tuesday,False,False,False,Brunei International Airport,BWN
Suvarnabhumi Airport,BKK,2024-08-21 21:00,Brunei International Airport,BWN,2024-08-22 00:45,165,Royal Brunei,Economy,165,,,246,Y,Y,Y,1,7,1,20,Wednesday,False,False,True,Brunei International Airport,BWN
Suvarnabhumi Airport,BKK,2024-08-21 22:50,Ninoy Aquino International Airport,MNL,2024-08-22 03:15,205,Philippine Airlines,Economy,1430,1100.0,True,309,Y,Y,Y,1,7,1,30,Wednesday,False,False,True,Brunei International Airport,BWN
Suvarnabhumi Airport,BKK,2024-08-21 21:15,Singapore Changi Airport,SIN,2024-08-22 00:35,140,Singapore Airlines,Economy,775,505.0,True,348,Y,Y,Y,1,7,1,23,Wednesday,False,False,True,Brunei International Airport,BWN
Suvarnabhumi Airport,BKK,2024-08-21 14:15,Kuala Lumpur International Airport,KUL,2024-08-21 17:30,135,Malaysia Airlines,Economy,505,225.0,,1257,Y,Y,Y,1,7,1,23,Wednesday,False,False,False,Brunei International Airport,BWN
Suvarnabhumi Airport,BKK,2024-08-22 04:00,Ninoy Aquino International Airport,MNL,2024-08-22 08:35,215,Cebu Pacific,Economy,1075,710.0,,159,Y,N,N,1,7,0,0,Thursday,False,False,False,Brunei International Airport,BWN
Suvarnabhumi Airport,BKK,2024-08-22 11:15,Ninoy Aquino International Airport,MNL,2024-08-22 15:55,220,Cebu Pacific,Economy,640,270.0,,169,Y,N,N,1,7,0,0,Thursday,False,False,False,Brunei International Airport,BWN
Suvarnabhumi Airport,BKK,2024-08-22 13:30,Ninoy Aquino International Airport,MNL,2024-08-22 17:55,205,Philippine Airlines,Economy,550,220.0,,306,Y,Y,Y,1,7,1,30,Thursday,False,False,False,Brunei International Airport,BWN
Suvarnabhumi Airport,BKK,2024-08-22 21:15,Singapore Changi Airport,SIN,2024-08-23 00:35,140,Singapore Airlines,Economy,1005,730.0,True,348,Y,Y,Y,1,7,1,23,Thursday,False,False,True,Brunei International Airport,BWN
Suvarnabhumi Airport,BKK,2024-08-22 18:45,Singapore Changi Airport,SIN,2024-08-22 22:40,175,Scoot,Economy,1155,845.0,True,377,Y,N,N,1,7,0,0,Thursday,False,False,False,Brunei International Airport,BWN
Suvarnabhumi Airport,BKK,2024-08-22 13:50,Singapore Changi Airport,SIN,2024-08-22 17:05,135,THAI,Economy,530,265.0,,397,Y,Y,Y,1,7,2,23,Thursday,False,False,False,Brunei International Airport,BWN
Suvarnabhumi Airport,BKK,2024-08-22 19:40,Kuala Lumpur International Airport,KUL,2024-08-22 22:50,130,Malaysia Airlines,Economy,1620,1345.0,True,507,Y,Y,Y,1,7,1,23,Thursday,False,False,False,Brunei International Airport,BWN
Suvarnabhumi Airport,BKK,2024-08-22 06:00,Kuala Lumpur International Airport,KUL,2024-08-22 09:10,130,Malaysia Airlines,Economy,455,180.0,,523,Y,Y,Y,1,7,1,23,Thursday,False,False,False,Brunei International Airport,BWN
Suvarnabhumi Airport,BKK,2024-08-22 16:40,Kuala Lumpur International Airport,KUL,2024-08-22 19:50,130,THAI,Economy,360,85.0,,523,Y,Y,Y,1,7,2,23,Thursday,False,False,False,Brunei International Airport,BWN
Suvarnabhumi Airport,BKK,2024-08-23 13:30,Ninoy Aquino International Airport,MNL,2024-08-23 17:55,205,Philippine Airlines,Economy,550,220.0,,309,Y,Y,Y,1,7,1,30,Friday,False,False,False,Brunei International Airport,BWN
Suvarnabhumi Airport,BKK,2024-08-23 21:15,Singapore Changi Airport,SIN,2024-08-24 00:35,140,Singapore Airlines,Economy,775,505.0,True,456,Y,Y,Y,1,7,1,23,Friday,False,False,True,Brunei International Airport,BWN
Suvarnabhumi Airport,BKK,2024-08-23 23:10,Singapore Changi Airport,SIN,2024-08-24 02:40,150,Scoot,Economy,660,380.0,True,456,Y,N,N,1,7,0,0,Friday,False,False,True,Brunei International Airport,BWN
Suvarnabhumi Airport,BKK,2024-08-23 06:00,Kuala Lumpur International Airport,KUL,2024-08-23 09:10,130,Malaysia Airlines,Economy,455,180.0,,523,Y,Y,Y,1,7,1,23,Friday,False,False,False,Brunei International Airport,BWN
Suvarnabhumi Airport,BKK,2024-08-23 16:40,Kuala Lumpur International Airport,KUL,2024-08-23 19:50,130,THAI,Economy,360,85.0,,523,Y,Y,Y,1,7,2,23,Friday,False,False,False,Brunei International Airport,BWN
Suvarnabhumi Airport,BKK,2024-08-23 14:25,Kuala Lumpur International Airport,KUL,2024-08-23 17:40,135,Malaysia Airlines,Economy,495,215.0,,523,Y,Y,Y,1,7,1,23,Friday,False,False,False,Brunei International Airport,BWN
Suvarnabhumi Airport,BKK,2024-08-23 16:40,Kuala Lumpur International Airport,KUL,2024-08-23 19:50,130,THAI,Economy,1255,980.0,True,752,Y,Y,Y,1,7,2,23,Friday,False,False,False,Brunei International Airport,BWN
Suvarnabhumi Airport,BKK,2024-08-24 11:15,Ninoy Aquino International Airport,MNL,2024-08-24 15:55,220,Cebu Pacific,Economy,640,270.0,,179,Y,N,N,1,7,0,0,Saturday,False,False,False,Brunei International Airport,BWN
Suvarnabhumi Airport,BKK,2024-08-24 13:30,Brunei International Airport,BWN,2024-08-24 17:15,165,Royal Brunei,Economy,165,,,351,Y,Y,Y,1,7,1,20,Saturday,False,False,False,Brunei International Airport,BWN
Suvarnabhumi Airport,BKK,2024-08-24 13:50,Singapore Changi Airport,SIN,2024-08-24 17:05,135,THAI,Economy,525,260.0,,397,Y,Y,Y,1,7,2,23,Saturday,False,False,False,Brunei International Airport,BWN
Suvarnabhumi Airport,BKK,2024-08-24 04:00,Ninoy Aquino International Airport,MNL,2024-08-24 08:35,215,Cebu Pacific,Economy,1075,710.0,,159,Y,N,N,1,7,0,0,Saturday,False,False,False,Brunei International Airport,BWN
Suvarnabhumi Airport,BKK,2024-08-24 21:15,Singapore Changi Airport,SIN,2024-08-25 00:35,140,Singapore Airlines,Economy,1005,730.0,True,323,Y,Y,Y,1,7,1,23,Saturday,False,False,True,Brunei International Airport,BWN
Suvarnabhumi Airport,BKK,2024-08-24 15:40,Singapore Changi Airport,SIN,2024-08-24 19:00,140,Scoot,Economy,1340,1065.0,True,412,Y,N,N,1,7,0,0,Saturday,False,False,False,Brunei International Airport,BWN
Suvarnabhumi Airport,BKK,2024-08-24 19:40,Kuala Lumpur International Airport,KUL,2024-08-24 22:50,130,Malaysia Airlines,Economy,1075,800.0,True,525,Y,Y,Y,1,7,1,23,Saturday,False,False,False,Brunei International Airport,BWN
Suvarnabhumi Airport,BKK,2024-08-25 21:00,Brunei International Airport,BWN,2024-08-26 00:45,165,Royal Brunei,Economy,165,,,246,Y,Y,Y,1,7,1,20,Sunday,False,False,True,Brunei International Airport,BWN
Suvarnabhumi Airport,BKK,2024-08-25 13:50,Singapore Changi Airport,SIN,2024-08-25 17:05,135,THAI,Economy,530,265.0,,408,Y,Y,Y,1,7,2,23,Sunday,False,False,False,Brunei International Airport,BWN
Suvarnabhumi Airport,BKK,2024-08-25 12:15,Singapore Changi Airport,SIN,2024-08-25 15:40,145,Singapore Airlines,Economy,1315,1040.0,True,301,Y,Y,Y,1,7,1,23,Sunday,False,False,False,Brunei International Airport,BWN
Suvarnabhumi Airport,BKK,2024-08-25 22:50,Ninoy Aquino International Airport,MNL,2024-08-26 03:15,205,Philippine Airlines,Economy,1430,1100.0,True,322,Y,Y,Y,1,7,1,30,Sunday,False,False,True,Brunei International Airport,BWN
Suvarnabhumi Airport,BKK,2024-08-25 21:15,Singapore Changi Airport,SIN,2024-08-26 00:35,140,Singapore Airlines,Economy,775,505.0,True,323,Y,Y,Y,1,7,1,23,Sunday,False,False,True,Brunei International Airport,BWN
Suvarnabhumi Airport,BKK,2024-08-25 11:15,Singapore Changi Airport,SIN,2024-08-25 14:30,135,THAI,Economy,685,420.0,,397,Y,Y,Y,1,7,2,23,Sunday,False,False,False,Brunei International Airport,BWN
Suvarnabhumi Airport,BKK,2024-08-25 06:00,Kuala Lumpur International Airport,KUL,2024-08-25 09:10,130,Malaysia Airlines,Economy,455,180.0,,523,Y,Y,Y,1,7,1,23,Sunday,False,False,False,Brunei International Airport,BWN
Suvarnabhumi Airport,BKK,2024-08-25 14:25,Kuala Lumpur International Airport,KUL,2024-08-25 17:40,135,Malaysia Airlines,Economy,495,215.0,,558,Y,Y,Y,1,7,1,23,Sunday,False,False,False,Brunei International Airport,BWN
Suvarnabhumi Airport,BKK,2024-08-25 16:40,Kuala Lumpur International Airport,KUL,2024-08-25 19:50,130,THAI,Economy,360,85.0,,558,Y,Y,Y,1,7,2,23,Sunday,False,False,False,Brunei International Airport,BWN
Suvarnabhumi Airport,BKK,2024-08-26 21:15,Singapore Changi Airport,SIN,2024-08-27 00:35,140,Singapore Airlines,Economy,775,505.0,True,301,Y,Y,Y,1,7,1,23,Monday,False,False,True,Brunei International Airport,BWN
Suvarnabhumi Airport,BKK,2024-08-26 13:30,Ninoy Aquino International Airport,MNL,2024-08-26 17:55,205,Philippine Airlines,Economy,550,220.0,,336,Y,Y,Y,1,7,1,30,Monday,False,False,False,Brunei International Airport,BWN
Suvarnabhumi Airport,BKK,2024-08-26 19:15,Singapore Changi Airport,SIN,2024-08-26 22:30,135,THAI,Economy,1085,820.0,True,397,Y,Y,Y,1,7,2,23,Monday,False,False,False,Brunei International Airport,BWN
Suvarnabhumi Airport,BKK,2024-08-26 17:55,Singapore Changi Airport,SIN,2024-08-26 21:05,130,Scoot,Economy,975,715.0,True,456,Y,N,N,1,7,0,0,Monday,False,False,False,Brunei International Airport,BWN
Suvarnabhumi Airport,BKK,2024-08-26 06:00,Kuala Lumpur International Airport,KUL,2024-08-26 09:10,130,Malaysia Airlines,Economy,455,180.0,,558,Y,Y,Y,1,7,1,23,Monday,False,False,False,Brunei International Airport,BWN
Suvarnabhumi Airport,BKK,2024-08-26 19:40,Kuala Lumpur International Airport,KUL,2024-08-26 22:50,130,Malaysia Airlines,Economy,1620,1345.0,True,560,Y,Y,Y,1,7,1,23,Monday,False,False,False,Brunei International Airport,BWN
Suvarnabhumi Airport,BKK,2024-08-27 11:15,Ninoy Aquino International Airport,MNL,2024-08-27 15:55,220,Cebu Pacific,Economy,640,270.0,,187,Y,N,N,1,7,0,0,Tuesday,False,False,False,Brunei International Airport,BWN
Suvarnabhumi Airport,BKK,2024-08-27 13:30,Brunei International Airport,BWN,2024-08-27 17:15,165,Royal Brunei,Economy,165,,,246,Y,Y,Y,1,7,1,20,Tuesday,False,False,False,Brunei International Airport,BWN
Suvarnabhumi Airport,BKK,2024-08-27 13:50,Singapore Changi Airport,SIN,2024-08-27 17:05,135,THAI,Economy,525,260.0,,397,Y,Y,Y,1,7,2,23,Tuesday,False,False,False,Brunei International Airport,BWN
Suvarnabhumi Airport,BKK,2024-08-27 21:15,Singapore Changi Airport,SIN,2024-08-28 00:35,140,Singapore Airlines,Economy,1005,730.0,True,301,Y,Y,Y,1,7,1,23,Tuesday,False,False,True,Brunei International Airport,BWN
Suvarnabhumi Airport,BKK,2024-08-27 19:15,Singapore Changi Airport,SIN,2024-08-27 22:30,135,THAI,Economy,1085,820.0,True,397,Y,Y,Y,1,7,2,23,Tuesday,False,False,False,Brunei International Airport,BWN
Suvarnabhumi Airport,BKK,2024-08-27 20:25,Singapore Changi Airport,SIN,2024-08-27 23:45,140,Scoot,Economy,1055,780.0,True,456,Y,N,N,1,7,0,0,Tuesday,False,False,False,Brunei International Airport,BWN
Suvarnabhumi Airport,BKK,2024-08-27 14:15,Kuala Lumpur International Airport,KUL,2024-08-27 17:30,135,Malaysia Airlines,Economy,505,225.0,,558,Y,Y,Y,1,7,1,23,Tuesday,False,False,False,Brunei International Airport,BWN
Suvarnabhumi Airport,BKK,2024-08-27 16:40,Kuala Lumpur International Airport,KUL,2024-08-27 19:50,130,THAI,Economy,360,85.0,,558,Y,Y,Y,1,7,2,23,Tuesday,False,False,False,Brunei International Airport,BWN
Suvarnabhumi Airport,BKK,2024-08-28 21:00,Brunei International Airport,BWN,2024-08-29 00:45,165,Royal Brunei,Economy,165,,,246,Y,Y,Y,1,7,1,20,Wednesday,False,False,True,Brunei International Airport,BWN
Suvarnabhumi Airport,BKK,2024-08-28 21:15,Singapore Changi Airport,SIN,2024-08-29 00:35,140,Singapore Airlines,Economy,775,505.0,True,301,Y,Y,Y,1,7,1,23,Wednesday,False,False,True,Brunei International Airport,BWN
Suvarnabhumi Airport,BKK,2024-08-28 22:50,Ninoy Aquino International Airport,MNL,2024-08-29 03:15,205,Philippine Airlines,Economy,1430,1100.0,True,306,Y,Y,Y,1,7,1,30,Wednesday,False,False,True,Brunei International Airport,BWN
Suvarnabhumi Airport,BKK,2024-08-28 14:15,Kuala Lumpur International Airport,KUL,2024-08-28 17:30,135,Malaysia Airlines,Economy,505,225.0,,558,Y,Y,Y,1,7,1,23,Wednesday,False,False,False,Brunei International Airport,BWN
Suvarnabhumi Airport,BKK,2024-08-28 16:40,Kuala Lumpur International Airport,KUL,2024-08-28 19:50,130,THAI,Economy,360,85.0,,558,Y,Y,Y,1,7,2,23,Wednesday,False,False,False,Brunei International Airport,BWN
Suvarnabhumi Airport,BKK,2024-08-29 04:00,Ninoy Aquino International Airport,MNL,2024-08-29 08:35,215,Cebu Pacific,Economy,1075,710.0,,138,Y,N,N,1,7,0,0,Thursday,False,False,False,Brunei International Airport,BWN
Suvarnabhumi Airport,BKK,2024-08-29 11:15,Ninoy Aquino International Airport,MNL,2024-08-29 15:55,220,Cebu Pacific,Economy,640,270.0,,151,Y,N,N,1,7,0,0,Thursday,False,False,False,Brunei International Airport,BWN
Suvarnabhumi Airport,BKK,2024-08-29 21:15,Singapore Changi Airport,SIN,2024-08-30 00:35,140,Singapore Airlines,Economy,1005,730.0,True,301,Y,Y,Y,1,7,1,23,Thursday,False,False,True,Brunei International Airport,BWN
Suvarnabhumi Airport,BKK,2024-08-29 13:30,Ninoy Aquino International Airport,MNL,2024-08-29 17:55,205,Philippine Airlines,Economy,550,220.0,,306,Y,Y,Y,1,7,1,30,Thursday,False,False,False,Brunei International Airport,BWN
Suvarnabhumi Airport,BKK,2024-08-29 09:05,Kuala Lumpur International Airport,KUL,2024-08-29 12:15,130,THAI,Economy,815,540.0,,387,Y,Y,Y,1,7,2,23,Thursday,False,False,False,Brunei International Airport,BWN
Suvarnabhumi Airport,BKK,2024-08-29 13:50,Singapore Changi Airport,SIN,2024-08-29 17:05,135,THAI,Economy,530,265.0,,397,Y,Y,Y,1,7,2,23,Thursday,False,False,False,Brunei International Airport,BWN
Suvarnabhumi Airport,BKK,2024-08-29 14:15,Kuala Lumpur International Airport,KUL,2024-08-29 17:30,135,Malaysia Airlines,Economy,505,225.0,,488,Y,Y,Y,1,7,1,23,Thursday,False,False,False,Brunei International Airport,BWN
Suvarnabhumi Airport,BKK,2024-08-29 16:40,Kuala Lumpur International Airport,KUL,2024-08-29 19:50,130,THAI,Economy,360,85.0,,488,Y,Y,Y,1,7,2,23,Thursday,False,False,False,Brunei International Airport,BWN
Suvarnabhumi Airport,BKK,2024-08-29 06:00,Kuala Lumpur International Airport,KUL,2024-08-29 09:10,130,Malaysia Airlines,Economy,455,180.0,,505,Y,Y,Y,1,7,1,23,Thursday,False,False,False,Brunei International Airport,BWN
Suvarnabhumi Airport,BKK,2024-08-30 13:30,Ninoy Aquino International Airport,MNL,2024-08-30 17:55,205,Philippine Airlines,Economy,550,220.0,,309,Y,Y,Y,1,7,1,30,Friday,False,False,False,Brunei International Airport,BWN
Suvarnabhumi Airport,BKK,2024-08-30 13:50,Singapore Changi Airport,SIN,2024-08-30 17:05,135,THAI,Economy,525,260.0,,397,Y,Y,Y,1,7,2,23,Friday,False,False,False,Brunei International Airport,BWN
Suvarnabhumi Airport,BKK,2024-08-30 21:15,Singapore Changi Airport,SIN,2024-08-31 00:35,140,Singapore Airlines,Economy,775,505.0,True,456,Y,Y,Y,1,7,1,23,Friday,False,False,True,Brunei International Airport,BWN
Suvarnabhumi Airport,BKK,2024-08-30 06:00,Kuala Lumpur International Airport,KUL,2024-08-30 09:10,130,Malaysia Airlines,Economy,455,180.0,,488,Y,Y,Y,1,7,1,23,Friday,False,False,False,Brunei International Airport,BWN
Suvarnabhumi Airport,BKK,2024-08-30 17:45,Singapore Changi Airport,SIN,2024-08-30 21:05,140,Scoot,Economy,985,715.0,True,456,Y,N,N,1,7,0,0,Friday,False,False,False,Brunei International Airport,BWN
Suvarnabhumi Airport,BKK,2024-08-30 19:40,Kuala Lumpur International Airport,KUL,2024-08-30 22:50,130,Malaysia Airlines,Economy,1075,800.0,True,507,Y,Y,Y,1,7,1,23,Friday,False,False,False,Brunei International Airport,BWN
Suvarnabhumi Airport,BKK,2024-08-30 14:25,Kuala Lumpur International Airport,KUL,2024-08-30 17:40,135,Malaysia Airlines,Economy,495,215.0,,558,Y,Y,Y,1,7,1,23,Friday,False,False,False,Brunei International Airport,BWN
Suvarnabhumi Airport,BKK,2024-08-30 16:40,Kuala Lumpur International Airport,KUL,2024-08-30 19:50,130,THAI,Economy,360,85.0,,558,Y,Y,Y,1,7,2,23,Friday,False,False,False,Brunei International Airport,BWN
Suvarnabhumi Airport,BKK,2024-08-31 11:15,Ninoy Aquino International Airport,MNL,2024-08-31 15:55,220,Cebu Pacific,Economy,640,270.0,,170,Y,N,N,1,7,0,0,Saturday,False,False,False,Brunei International Airport,BWN
Suvarnabhumi Airport,BKK,2024-08-31 13:30,Brunei International Airport,BWN,2024-08-31 17:15,165,Royal Brunei,Economy,165,,,246,Y,Y,Y,1,7,1,20,Saturday,False,False,False,Brunei International Airport,BWN
Suvarnabhumi Airport,BKK,2024-08-31 06:00,Kuala Lumpur International Airport,KUL,2024-08-31 09:10,130,Malaysia Airlines,Economy,455,180.0,,505,Y,Y,Y,1,7,1,23,Saturday,False,False,False,Brunei International Airport,BWN
Suvarnabhumi Airport,BKK,2024-08-31 04:00,Ninoy Aquino International Airport,MNL,2024-08-31 08:35,215,Cebu Pacific,Economy,1075,710.0,,159,Y,N,N,1,7,0,0,Saturday,False,False,False,Brunei International Airport,BWN
Suvarnabhumi Airport,BKK,2024-08-31 21:15,Singapore Changi Airport,SIN,2024-09-01 00:35,140,Singapore Airlines,Economy,1005,730.0,True,301,Y,Y,Y,1,7,1,23,Saturday,False,False,True,Brunei International Airport,BWN
Suvarnabhumi Airport,BKK,2024-08-31 19:15,Singapore Changi Airport,SIN,2024-08-31 22:30,135,THAI,Economy,1085,820.0,True,397,Y,Y,Y,1,7,2,23,Saturday,False,False,False,Brunei International Airport,BWN
Suvarnabhumi Airport,BKK,2024-08-31 15:40,Singapore Changi Airport,SIN,2024-08-31 19:00,140,Scoot,Economy,1340,1065.0,True,456,Y,N,N,1,7,0,0,Saturday,False,False,False,Brunei International Airport,BWN
Suvarnabhumi Airport,BKK,2024-08-31 19:40,Kuala Lumpur International Airport,KUL,2024-08-31 22:50,130,Malaysia Airlines,Economy,1075,800.0,True,507,Y,Y,Y,1,7,1,23,Saturday,False,False,False,Brunei International Airport,BWN
