Departure Airport Name,Departure Airport ID,Departure Time,Arrival Airport Name,Arrival Airport ID,Arrival Time,Duration,Airline,Travel Class,Total Duration,Layover 1 Duration,Layover 1 Overnight,Price, Cabin Baggage, Checked Baggage,Meal Included,Cabin Baggage (Number),Cabin Baggage (kg per piece),Checked Baggage (Number),Checked Baggage (kg per piece) ,Day of Week (on flight date),Departure Country Is Holiday,Arrival Country Is Holiday,Overnight Flight,Final Arrival Airport Name,Final Arrival Airport ID
Suvarnabhumi Airport,BKK,2024-07-01 14:05,Wattay International Airport,VTE,2024-07-01 15:05,60,Lao Airlines,Economy,60,,,80,Y,Y,Y,1,7,1,20,Monday,False,False,False,Wattay International Airport,VTE
Suvarnabhumi Airport,BKK,2024-07-01 11:35,Wattay International Airport,VTE,2024-07-01 12:50,75,THAI,Economy,75,,,107,Y,Y,Y,1,7,2,23,Monday,False,False,False,Wattay International Airport,VTE
Suvarnabhumi Airport,BKK,2024-07-01 20:50,Wattay International Airport,VTE,2024-07-01 21:50,60,Lao Airlines,Economy,60,,,80,Y,Y,Y,1,7,1,20,Monday,False,False,False,Wattay International Airport,VTE
Suvarnabhumi Airport,BKK,2024-07-01 18:25,Wattay International Airport,VTE,2024-07-01 19:45,80,THAI,Economy,80,,,107,Y,Y,Y,1,7,2,23,Monday,False,False,False,Wattay International Airport,VTE
Suvarnabhumi Airport,BKK,2024-07-01 21:15,Kunming Changshui International Airport,KMG,2024-07-02 00:45,150,China Eastern,Economy,745,500.0,True,287,Y,Y,Y,1,8,2,23,Monday,False,False,True,Wattay International Airport,VTE
Suvarnabhumi Airport,BKK,2024-07-02 14:05,Wattay International Airport,VTE,2024-07-02 15:25,80,Lao Airlines,Economy,80,,,80,Y,Y,Y,1,7,1,20,Tuesday,False,False,False,Wattay International Airport,VTE
Suvarnabhumi Airport,BKK,2024-07-02 11:35,Wattay International Airport,VTE,2024-07-02 12:50,75,THAI,Economy,75,,,107,Y,Y,Y,1,7,2,23,Tuesday,False,False,False,Wattay International Airport,VTE
Suvarnabhumi Airport,BKK,2024-07-02 20:50,Wattay International Airport,VTE,2024-07-02 21:50,60,Lao Airlines,Economy,60,,,80,Y,Y,Y,1,7,1,20,Tuesday,False,False,False,Wattay International Airport,VTE
Suvarnabhumi Airport,BKK,2024-07-02 18:25,Wattay International Airport,VTE,2024-07-02 19:45,80,THAI,Economy,80,,,107,Y,Y,Y,1,7,2,23,Tuesday,False,False,False,Wattay International Airport,VTE
Suvarnabhumi Airport,BKK,2024-07-02 21:15,Kunming Changshui International Airport,KMG,2024-07-03 00:45,150,China Eastern,Economy,745,500.0,True,251,Y,Y,Y,1,8,2,23,Tuesday,False,False,True,Wattay International Airport,VTE
Suvarnabhumi Airport,BKK,2024-07-03 20:50,Wattay International Airport,VTE,2024-07-03 21:50,60,Lao Airlines,Economy,60,,,80,Y,Y,Y,1,7,1,20,Wednesday,False,False,False,Wattay International Airport,VTE
Suvarnabhumi Airport,BKK,2024-07-03 11:35,Wattay International Airport,VTE,2024-07-03 12:50,75,THAI,Economy,75,,,107,Y,Y,Y,1,7,2,23,Wednesday,False,False,False,Wattay International Airport,VTE
Suvarnabhumi Airport,BKK,2024-07-03 18:25,Wattay International Airport,VTE,2024-07-03 19:45,80,THAI,Economy,80,,,107,Y,Y,Y,1,7,2,23,Wednesday,False,False,False,Wattay International Airport,VTE
Suvarnabhumi Airport,BKK,2024-07-03 14:05,Wattay International Airport,VTE,2024-07-03 15:05,60,Lao Airlines,Economy,60,,,111,Y,Y,Y,1,7,1,20,Wednesday,False,False,False,Wattay International Airport,VTE
Suvarnabhumi Airport,BKK,2024-07-03 21:15,Kunming Changshui International Airport,KMG,2024-07-04 00:45,150,China Eastern,Economy,745,500.0,True,251,Y,Y,Y,1,8,2,23,Wednesday,False,False,True,Wattay International Airport,VTE
Suvarnabhumi Airport,BKK,2024-07-03 11:20,Guangzhou Baiyun International Airport,CAN,2024-07-03 15:05,165,China Southern,Economy,410,90.0,,343,Y,Y,Y,1,8,1,23,Wednesday,False,False,False,Wattay International Airport,VTE
Suvarnabhumi Airport,BKK,2024-07-04 20:50,Wattay International Airport,VTE,2024-07-04 21:50,60,Lao Airlines,Economy,60,,,80,Y,Y,Y,1,7,1,20,Thursday,False,False,False,Wattay International Airport,VTE
Suvarnabhumi Airport,BKK,2024-07-04 11:35,Wattay International Airport,VTE,2024-07-04 12:50,75,THAI,Economy,75,,,111,Y,Y,Y,1,7,2,23,Thursday,False,False,False,Wattay International Airport,VTE
Suvarnabhumi Airport,BKK,2024-07-04 18:25,Wattay International Airport,VTE,2024-07-04 19:45,80,THAI,Economy,80,,,107,Y,Y,Y,1,7,2,23,Thursday,False,False,False,Wattay International Airport,VTE
Suvarnabhumi Airport,BKK,2024-07-04 14:05,Wattay International Airport,VTE,2024-07-04 15:25,80,Lao Airlines,Economy,80,,,111,Y,Y,Y,1,7,1,20,Thursday,False,False,False,Wattay International Airport,VTE
Suvarnabhumi Airport,BKK,2024-07-04 21:15,Kunming Changshui International Airport,KMG,2024-07-05 00:45,150,China Eastern,Economy,745,500.0,True,251,Y,Y,Y,1,8,2,23,Thursday,False,False,True,Wattay International Airport,VTE
Suvarnabhumi Airport,BKK,2024-07-05 14:05,Wattay International Airport,VTE,2024-07-05 15:05,60,Lao Airlines,Economy,60,,,80,Y,Y,Y,1,7,1,20,Friday,False,False,False,Wattay International Airport,VTE
Suvarnabhumi Airport,BKK,2024-07-05 20:50,Wattay International Airport,VTE,2024-07-05 21:50,60,Lao Airlines,Economy,60,,,80,Y,Y,Y,1,7,1,20,Friday,False,False,False,Wattay International Airport,VTE
Suvarnabhumi Airport,BKK,2024-07-05 11:35,Wattay International Airport,VTE,2024-07-05 12:50,75,THAI,Economy,75,,,107,Y,Y,Y,1,7,2,23,Friday,False,False,False,Wattay International Airport,VTE
Suvarnabhumi Airport,BKK,2024-07-05 18:25,Wattay International Airport,VTE,2024-07-05 19:45,80,THAI,Economy,80,,,112,Y,Y,Y,1,7,2,23,Friday,False,False,False,Wattay International Airport,VTE
Suvarnabhumi Airport,BKK,2024-07-05 21:15,Kunming Changshui International Airport,KMG,2024-07-06 00:45,150,China Eastern,Economy,745,500.0,True,251,Y,Y,Y,1,8,2,23,Friday,False,False,True,Wattay International Airport,VTE
Suvarnabhumi Airport,BKK,2024-07-05 11:20,Guangzhou Baiyun International Airport,CAN,2024-07-05 15:05,165,China Southern,Economy,410,90.0,,272,Y,Y,Y,1,8,1,23,Friday,False,False,False,Wattay International Airport,VTE
Suvarnabhumi Airport,BKK,2024-07-06 20:50,Wattay International Airport,VTE,2024-07-06 21:50,60,Lao Airlines,Economy,60,,,80,Y,Y,Y,1,7,1,20,Saturday,False,False,False,Wattay International Airport,VTE
Suvarnabhumi Airport,BKK,2024-07-06 11:35,Wattay International Airport,VTE,2024-07-06 12:50,75,THAI,Economy,75,,,107,Y,Y,Y,1,7,2,23,Saturday,False,False,False,Wattay International Airport,VTE
Suvarnabhumi Airport,BKK,2024-07-06 18:25,Wattay International Airport,VTE,2024-07-06 19:45,80,THAI,Economy,80,,,107,Y,Y,Y,1,7,2,23,Saturday,False,False,False,Wattay International Airport,VTE
Suvarnabhumi Airport,BKK,2024-07-07 18:25,Wattay International Airport,VTE,2024-07-06 15:25,80,Lao Airlines,Economy,80,,,128,Y,Y,Y,1,7,1,20,Sunday,False,False,False,Wattay International Airport,VTE
Suvarnabhumi Airport,BKK,2024-07-08 18:25,Kunming Changshui International Airport,KMG,2024-07-07 00:45,150,China Eastern,Economy,745,500.0,True,251,Y,Y,Y,1,8,2,23,Monday,False,False,False,Wattay International Airport,VTE
Suvarnabhumi Airport,BKK,2024-07-09 18:25,Wattay International Airport,VTE,2024-07-07 21:50,60,Lao Airlines,Economy,60,,,80,Y,Y,Y,1,7,1,20,Tuesday,False,False,False,Wattay International Airport,VTE
Suvarnabhumi Airport,BKK,2024-07-10 18:25,Wattay International Airport,VTE,2024-07-07 12:50,75,THAI,Economy,75,,,107,Y,Y,Y,1,7,2,23,Wednesday,False,False,False,Wattay International Airport,VTE
Suvarnabhumi Airport,BKK,2024-07-11 18:25,Wattay International Airport,VTE,2024-07-07 15:25,80,Lao Airlines,Economy,80,,,111,Y,Y,Y,1,7,1,20,Thursday,False,False,False,Wattay International Airport,VTE
Suvarnabhumi Airport,BKK,2024-07-12 18:25,Wattay International Airport,VTE,2024-07-07 19:45,80,THAI,Economy,80,,,117,Y,Y,Y,1,7,2,23,Friday,False,False,False,Wattay International Airport,VTE
Suvarnabhumi Airport,BKK,2024-07-13 18:25,Kunming Changshui International Airport,KMG,2024-07-08 00:45,150,China Eastern,Economy,745,500.0,True,251,Y,Y,Y,1,8,2,23,Saturday,False,False,False,Wattay International Airport,VTE
Suvarnabhumi Airport,BKK,2024-07-14 18:25,Guangzhou Baiyun International Airport,CAN,2024-07-07 15:05,165,China Southern,Economy,410,90.0,,291,Y,Y,Y,1,8,1,23,Sunday,False,False,False,Wattay International Airport,VTE
Suvarnabhumi Airport,BKK,2024-07-15 18:25,Wattay International Airport,VTE,2024-07-08 15:05,60,Lao Airlines,Economy,60,,,80,Y,Y,Y,1,7,1,20,Monday,False,False,False,Wattay International Airport,VTE
Suvarnabhumi Airport,BKK,2024-07-16 18:25,Wattay International Airport,VTE,2024-07-08 19:45,80,THAI,Economy,80,,,107,Y,Y,Y,1,7,2,23,Tuesday,False,False,False,Wattay International Airport,VTE
Suvarnabhumi Airport,BKK,2024-07-17 18:25,Wattay International Airport,VTE,2024-07-08 21:50,60,Lao Airlines,Economy,60,,,111,Y,Y,Y,1,7,1,20,Wednesday,False,False,False,Wattay International Airport,VTE
Suvarnabhumi Airport,BKK,2024-07-18 18:25,Wattay International Airport,VTE,2024-07-08 12:50,75,THAI,Economy,75,,,134,Y,Y,Y,1,7,2,23,Thursday,False,False,False,Wattay International Airport,VTE
Suvarnabhumi Airport,BKK,2024-07-19 18:25,Kunming Changshui International Airport,KMG,2024-07-09 00:45,150,China Eastern,Economy,745,500.0,True,251,Y,Y,Y,1,8,2,23,Friday,False,False,False,Wattay International Airport,VTE
Suvarnabhumi Airport,BKK,2024-07-20 18:25,Kunming Changshui International Airport,KMG,2024-07-08 16:55,155,China Eastern,Economy,460,215.0,,287,Y,Y,Y,1,8,2,23,Saturday,True,False,False,Wattay International Airport,VTE
Suvarnabhumi Airport,BKK,2024-07-21 18:25,Wattay International Airport,VTE,2024-07-09 15:25,80,Lao Airlines,Economy,80,,,80,Y,Y,Y,1,7,1,20,Sunday,False,False,False,Wattay International Airport,VTE
Suvarnabhumi Airport,BKK,2024-07-22 18:25,Wattay International Airport,VTE,2024-07-09 21:50,60,Lao Airlines,Economy,60,,,80,Y,Y,Y,1,7,1,20,Monday,True,False,False,Wattay International Airport,VTE
Suvarnabhumi Airport,BKK,2024-07-23 18:25,Wattay International Airport,VTE,2024-07-09 12:50,75,THAI,Economy,75,,,107,Y,Y,Y,1,7,2,23,Tuesday,False,False,False,Wattay International Airport,VTE
Suvarnabhumi Airport,BKK,2024-07-24 18:25,Wattay International Airport,VTE,2024-07-09 19:45,80,THAI,Economy,80,,,107,Y,Y,Y,1,7,2,23,Wednesday,False,False,False,Wattay International Airport,VTE
Suvarnabhumi Airport,BKK,2024-07-25 18:25,Kunming Changshui International Airport,KMG,2024-07-09 16:55,155,China Eastern,Economy,460,215.0,,251,Y,Y,Y,1,8,2,23,Thursday,False,False,False,Wattay International Airport,VTE
Suvarnabhumi Airport,BKK,2024-07-26 18:25,Kunming Changshui International Airport,KMG,2024-07-10 00:45,150,China Eastern,Economy,745,500.0,True,251,Y,Y,Y,1,8,2,23,Friday,False,False,False,Wattay International Airport,VTE
Suvarnabhumi Airport,BKK,2024-07-27 18:25,Wattay International Airport,VTE,2024-07-10 15:05,60,Lao Airlines,Economy,60,,,80,Y,Y,Y,1,7,1,20,Saturday,False,False,False,Wattay International Airport,VTE
Suvarnabhumi Airport,BKK,2024-07-28 18:25,Wattay International Airport,VTE,2024-07-10 12:50,75,THAI,Economy,75,,,107,Y,Y,Y,1,7,2,23,Sunday,True,False,False,Wattay International Airport,VTE
Suvarnabhumi Airport,BKK,2024-07-29 18:25,Wattay International Airport,VTE,2024-07-10 21:50,60,Lao Airlines,Economy,60,,,80,Y,Y,Y,1,7,1,20,Monday,True,False,False,Wattay International Airport,VTE
Suvarnabhumi Airport,BKK,2024-07-30 18:25,Wattay International Airport,VTE,2024-07-10 19:45,80,THAI,Economy,80,,,107,Y,Y,Y,1,7,2,23,Tuesday,False,False,False,Wattay International Airport,VTE
Suvarnabhumi Airport,BKK,2024-07-31 18:25,Kunming Changshui International Airport,KMG,2024-07-11 00:45,150,China Eastern,Economy,745,500.0,True,251,Y,Y,Y,1,8,2,23,Wednesday,False,False,False,Wattay International Airport,VTE
Suvarnabhumi Airport,BKK,2024-08-01 18:25,Guangzhou Baiyun International Airport,CAN,2024-07-10 15:05,165,China Southern,Economy,410,90.0,,291,Y,Y,Y,1,8,1,23,Thursday,False,False,False,Wattay International Airport,VTE
Suvarnabhumi Airport,BKK,2024-08-02 18:25,Wattay International Airport,VTE,2024-07-11 15:25,80,Lao Airlines,Economy,80,,,80,Y,Y,Y,1,7,1,20,Friday,False,False,False,Wattay International Airport,VTE
Suvarnabhumi Airport,BKK,2024-08-03 18:25,Wattay International Airport,VTE,2024-07-11 12:50,75,THAI,Economy,75,,,107,Y,Y,Y,1,7,2,23,Saturday,False,False,False,Wattay International Airport,VTE
Suvarnabhumi Airport,BKK,2024-08-04 18:25,Wattay International Airport,VTE,2024-07-11 21:50,60,Lao Airlines,Economy,60,,,80,Y,Y,Y,1,7,1,20,Sunday,False,False,False,Wattay International Airport,VTE
Suvarnabhumi Airport,BKK,2024-08-05 18:25,Wattay International Airport,VTE,2024-07-11 19:45,80,THAI,Economy,80,,,107,Y,Y,Y,1,7,2,23,Monday,False,False,False,Wattay International Airport,VTE
Suvarnabhumi Airport,BKK,2024-08-06 18:25,Kunming Changshui International Airport,KMG,2024-07-11 16:50,150,China Eastern,Economy,460,220.0,,251,Y,Y,Y,1,8,2,23,Tuesday,False,False,False,Wattay International Airport,VTE
Suvarnabhumi Airport,BKK,2024-08-07 18:25,Kunming Changshui International Airport,KMG,2024-07-12 00:45,150,China Eastern,Economy,745,500.0,True,287,Y,Y,Y,1,8,2,23,Wednesday,False,False,False,Wattay International Airport,VTE
Suvarnabhumi Airport,BKK,2024-08-08 18:25,Wattay International Airport,VTE,2024-07-12 15:05,60,Lao Airlines,Economy,60,,,80,Y,Y,Y,1,7,1,20,Thursday,False,False,False,Wattay International Airport,VTE
Suvarnabhumi Airport,BKK,2024-08-09 18:25,Wattay International Airport,VTE,2024-07-12 21:50,60,Lao Airlines,Economy,60,,,80,Y,Y,Y,1,7,1,20,Friday,False,False,False,Wattay International Airport,VTE
Suvarnabhumi Airport,BKK,2024-08-10 18:25,Wattay International Airport,VTE,2024-07-12 12:50,75,THAI,Economy,75,,,107,Y,Y,Y,1,7,2,23,Saturday,False,False,False,Wattay International Airport,VTE
Suvarnabhumi Airport,BKK,2024-08-11 18:25,Wattay International Airport,VTE,2024-07-12 19:45,80,THAI,Economy,80,,,156,Y,Y,Y,1,7,2,23,Sunday,False,False,False,Wattay International Airport,VTE
Suvarnabhumi Airport,BKK,2024-08-12 18:25,Kunming Changshui International Airport,KMG,2024-07-12 16:55,155,China Eastern,Economy,460,215.0,,251,Y,Y,Y,1,8,2,23,Monday,True,False,False,Wattay International Airport,VTE
Suvarnabhumi Airport,BKK,2024-08-13 18:25,Kunming Changshui International Airport,KMG,2024-07-13 00:45,150,China Eastern,Economy,745,500.0,True,287,Y,Y,Y,1,8,2,23,Tuesday,False,False,False,Wattay International Airport,VTE
Suvarnabhumi Airport,BKK,2024-08-14 18:25,Guangzhou Baiyun International Airport,CAN,2024-07-12 15:05,165,China Southern,Economy,410,90.0,,297,Y,Y,Y,1,8,1,23,Wednesday,False,False,False,Wattay International Airport,VTE
Suvarnabhumi Airport,BKK,2024-08-15 18:25,Wattay International Airport,VTE,2024-07-13 21:50,60,Lao Airlines,Economy,60,,,80,Y,Y,Y,1,7,1,20,Thursday,False,False,False,Wattay International Airport,VTE
Suvarnabhumi Airport,BKK,2024-08-16 18:25,Wattay International Airport,VTE,2024-07-13 15:25,80,Lao Airlines,Economy,80,,,111,Y,Y,Y,1,7,1,20,Friday,False,False,False,Wattay International Airport,VTE
Suvarnabhumi Airport,BKK,2024-08-17 18:25,Wattay International Airport,VTE,2024-07-13 12:50,75,THAI,Economy,75,,,118,Y,Y,Y,1,7,2,23,Saturday,False,False,False,Wattay International Airport,VTE
Suvarnabhumi Airport,BKK,2024-08-18 18:25,Wattay International Airport,VTE,2024-07-13 19:45,80,THAI,Economy,80,,,170,Y,Y,Y,1,7,2,23,Sunday,False,False,False,Wattay International Airport,VTE
Suvarnabhumi Airport,BKK,2024-08-19 18:25,Kunming Changshui International Airport,KMG,2024-07-13 16:40,140,China Eastern,Economy,460,230.0,,287,Y,Y,Y,1,8,2,23,Monday,False,False,False,Wattay International Airport,VTE
Suvarnabhumi Airport,BKK,2024-08-20 18:25,Kunming Changshui International Airport,KMG,2024-07-13 19:35,160,China Eastern,Economy,1065,810.0,True,251,Y,Y,Y,1,8,2,23,Tuesday,False,False,False,Wattay International Airport,VTE
Suvarnabhumi Airport,BKK,2024-08-21 18:25,Kunming Changshui International Airport,KMG,2024-07-14 00:45,150,China Eastern,Economy,745,500.0,True,287,Y,Y,Y,1,8,2,23,Wednesday,False,False,False,Wattay International Airport,VTE
Suvarnabhumi Airport,BKK,2024-08-22 18:25,Wattay International Airport,VTE,2024-07-14 21:50,60,Lao Airlines,Economy,60,,,80,Y,Y,Y,1,7,1,20,Thursday,False,False,False,Wattay International Airport,VTE
Suvarnabhumi Airport,BKK,2024-08-23 18:25,Wattay International Airport,VTE,2024-07-14 15:25,80,Lao Airlines,Economy,80,,,111,Y,Y,Y,1,7,1,20,Friday,False,False,False,Wattay International Airport,VTE
Suvarnabhumi Airport,BKK,2024-08-24 18:25,Wattay International Airport,VTE,2024-07-14 19:45,80,THAI,Economy,80,,,120,Y,Y,Y,1,7,2,23,Saturday,False,False,False,Wattay International Airport,VTE
Suvarnabhumi Airport,BKK,2024-08-25 18:25,Wattay International Airport,VTE,2024-07-14 12:50,75,THAI,Economy,75,,,145,Y,Y,Y,1,7,2,23,Sunday,False,False,False,Wattay International Airport,VTE
Suvarnabhumi Airport,BKK,2024-08-26 18:25,Kunming Changshui International Airport,KMG,2024-07-14 16:50,150,China Eastern,Economy,460,220.0,,251,Y,Y,Y,1,8,2,23,Monday,False,False,False,Wattay International Airport,VTE
Suvarnabhumi Airport,BKK,2024-08-27 18:25,Kunming Changshui International Airport,KMG,2024-07-15 00:45,150,China Eastern,Economy,745,500.0,True,287,Y,Y,Y,1,8,2,23,Tuesday,False,False,False,Wattay International Airport,VTE
Suvarnabhumi Airport,BKK,2024-08-28 18:25,Guangzhou Baiyun International Airport,CAN,2024-07-14 15:05,165,China Southern,Economy,410,90.0,,297,Y,Y,Y,1,8,1,23,Wednesday,False,False,False,Wattay International Airport,VTE
Suvarnabhumi Airport,BKK,2024-08-29 18:25,Wattay International Airport,VTE,2024-07-15 15:05,60,Lao Airlines,Economy,60,,,80,Y,Y,Y,1,7,1,20,Thursday,False,False,False,Wattay International Airport,VTE
Suvarnabhumi Airport,BKK,2024-08-30 18:25,Wattay International Airport,VTE,2024-07-15 12:50,75,THAI,Economy,75,,,107,Y,Y,Y,1,7,2,23,Friday,False,False,False,Wattay International Airport,VTE
Suvarnabhumi Airport,BKK,2024-08-31 18:25,Wattay International Airport,VTE,2024-07-15 21:50,60,Lao Airlines,Economy,60,,,80,Y,Y,Y,1,7,1,20,Saturday,False,False,False,Wattay International Airport,VTE
Suvarnabhumi Airport,BKK,2024-09-01 18:25,Wattay International Airport,VTE,2024-07-15 19:45,80,THAI,Economy,80,,,107,Y,Y,Y,1,7,2,23,Sunday,False,False,False,Wattay International Airport,VTE
Suvarnabhumi Airport,BKK,2024-09-02 18:25,Kunming Changshui International Airport,KMG,2024-07-15 16:55,155,China Eastern,Economy,460,215.0,,251,Y,Y,Y,1,8,2,23,Monday,False,False,False,Wattay International Airport,VTE
Suvarnabhumi Airport,BKK,2024-09-03 18:25,Kunming Changshui International Airport,KMG,2024-07-16 00:45,150,China Eastern,Economy,745,500.0,True,287,Y,Y,Y,1,8,2,23,Tuesday,False,False,False,Wattay International Airport,VTE
Suvarnabhumi Airport,BKK,2024-09-04 18:25,Wattay International Airport,VTE,2024-07-16 15:25,80,Lao Airlines,Economy,80,,,80,Y,Y,Y,1,7,1,20,Wednesday,False,False,False,Wattay International Airport,VTE
Suvarnabhumi Airport,BKK,2024-09-05 18:25,Wattay International Airport,VTE,2024-07-16 21:50,60,Lao Airlines,Economy,60,,,80,Y,Y,Y,1,7,1,20,Thursday,False,False,False,Wattay International Airport,VTE
Suvarnabhumi Airport,BKK,2024-09-06 18:25,Wattay International Airport,VTE,2024-07-16 19:45,80,THAI,Economy,80,,,117,Y,Y,Y,1,7,2,23,Friday,False,False,False,Wattay International Airport,VTE
Suvarnabhumi Airport,BKK,2024-09-07 18:25,Wattay International Airport,VTE,2024-07-16 12:50,75,THAI,Economy,75,,,125,Y,Y,Y,1,7,2,23,Saturday,False,False,False,Wattay International Airport,VTE
Suvarnabhumi Airport,BKK,2024-09-08 18:25,Kunming Changshui International Airport,KMG,2024-07-16 16:55,155,China Eastern,Economy,460,215.0,,251,Y,Y,Y,1,8,2,23,Sunday,False,False,False,Wattay International Airport,VTE
Suvarnabhumi Airport,BKK,2024-09-09 18:25,Kunming Changshui International Airport,KMG,2024-07-17 00:45,150,China Eastern,Economy,745,500.0,True,287,Y,Y,Y,1,8,2,23,Monday,False,False,False,Wattay International Airport,VTE
Suvarnabhumi Airport,BKK,2024-09-10 18:25,Wattay International Airport,VTE,2024-07-17 15:05,60,Lao Airlines,Economy,60,,,80,Y,Y,Y,1,7,1,20,Tuesday,False,False,False,Wattay International Airport,VTE
Suvarnabhumi Airport,BKK,2024-09-11 18:25,Wattay International Airport,VTE,2024-07-17 21:50,60,Lao Airlines,Economy,60,,,80,Y,Y,Y,1,7,1,20,Wednesday,False,False,False,Wattay International Airport,VTE
Suvarnabhumi Airport,BKK,2024-09-12 18:25,Wattay International Airport,VTE,2024-07-17 12:50,75,THAI,Economy,75,,,107,Y,Y,Y,1,7,2,23,Thursday,False,False,False,Wattay International Airport,VTE
Suvarnabhumi Airport,BKK,2024-09-13 18:25,Wattay International Airport,VTE,2024-07-17 19:45,80,THAI,Economy,80,,,112,Y,Y,Y,1,7,2,23,Friday,False,False,False,Wattay International Airport,VTE
Suvarnabhumi Airport,BKK,2024-09-14 18:25,Kunming Changshui International Airport,KMG,2024-07-17 17:00,160,China Eastern,Economy,460,210.0,,251,Y,Y,Y,1,8,2,23,Saturday,False,False,False,Wattay International Airport,VTE
Suvarnabhumi Airport,BKK,2024-09-15 18:25,Kunming Changshui International Airport,KMG,2024-07-18 00:45,150,China Eastern,Economy,745,500.0,True,287,Y,Y,Y,1,8,2,23,Sunday,False,False,False,Wattay International Airport,VTE
Suvarnabhumi Airport,BKK,2024-09-16 18:25,Guangzhou Baiyun International Airport,CAN,2024-07-17 15:05,165,China Southern,Economy,410,90.0,,297,Y,Y,Y,1,8,1,23,Monday,False,False,False,Wattay International Airport,VTE
Suvarnabhumi Airport,BKK,2024-09-17 18:25,Wattay International Airport,VTE,2024-07-18 21:50,60,Lao Airlines,Economy,60,,,80,Y,Y,Y,1,7,1,20,Tuesday,False,False,False,Wattay International Airport,VTE
Suvarnabhumi Airport,BKK,2024-09-18 18:25,Wattay International Airport,VTE,2024-07-18 12:50,75,THAI,Economy,75,,,107,Y,Y,Y,1,7,2,23,Wednesday,False,False,False,Wattay International Airport,VTE
Suvarnabhumi Airport,BKK,2024-09-19 18:25,Wattay International Airport,VTE,2024-07-18 19:45,80,THAI,Economy,80,,,107,Y,Y,Y,1,7,2,23,Thursday,False,False,False,Wattay International Airport,VTE
Suvarnabhumi Airport,BKK,2024-09-20 18:25,Wattay International Airport,VTE,2024-07-18 15:25,80,Lao Airlines,Economy,80,,,111,Y,Y,Y,1,7,1,20,Friday,False,False,False,Wattay International Airport,VTE
Suvarnabhumi Airport,BKK,2024-09-21 18:25,Kunming Changshui International Airport,KMG,2024-07-18 16:50,150,China Eastern,Economy,460,220.0,,251,Y,Y,Y,1,8,2,23,Saturday,False,False,False,Wattay International Airport,VTE
Suvarnabhumi Airport,BKK,2024-09-22 18:25,Kunming Changshui International Airport,KMG,2024-07-19 00:45,150,China Eastern,Economy,745,500.0,True,287,Y,Y,Y,1,8,2,23,Sunday,False,False,False,Wattay International Airport,VTE
Suvarnabhumi Airport,BKK,2024-09-23 18:25,Wattay International Airport,VTE,2024-07-19 15:05,60,Lao Airlines,Economy,60,,,80,Y,Y,Y,1,7,1,20,Monday,False,False,False,Wattay International Airport,VTE
Suvarnabhumi Airport,BKK,2024-09-24 18:25,Wattay International Airport,VTE,2024-07-19 21:50,60,Lao Airlines,Economy,60,,,80,Y,Y,Y,1,7,1,20,Tuesday,False,False,False,Wattay International Airport,VTE
Suvarnabhumi Airport,BKK,2024-09-25 18:25,Wattay International Airport,VTE,2024-07-19 12:50,75,THAI,Economy,75,,,107,Y,Y,Y,1,7,2,23,Wednesday,False,False,False,Wattay International Airport,VTE
Suvarnabhumi Airport,BKK,2024-09-26 18:25,Wattay International Airport,VTE,2024-07-19 19:45,80,THAI,Economy,80,,,121,Y,Y,Y,1,7,2,23,Thursday,False,False,False,Wattay International Airport,VTE
Suvarnabhumi Airport,BKK,2024-09-27 18:25,Kunming Changshui International Airport,KMG,2024-07-19 16:55,155,China Eastern,Economy,460,215.0,,251,Y,Y,Y,1,8,2,23,Friday,False,False,False,Wattay International Airport,VTE
Suvarnabhumi Airport,BKK,2024-09-28 18:25,Kunming Changshui International Airport,KMG,2024-07-20 00:45,150,China Eastern,Economy,745,500.0,True,287,Y,Y,Y,1,8,2,23,Saturday,False,True,False,Wattay International Airport,VTE
Suvarnabhumi Airport,BKK,2024-09-29 18:25,Guangzhou Baiyun International Airport,CAN,2024-07-19 15:05,165,China Southern,Economy,410,90.0,,297,Y,Y,Y,1,8,1,23,Sunday,False,False,False,Wattay International Airport,VTE
Suvarnabhumi Airport,BKK,2024-09-30 18:25,Wattay International Airport,VTE,2024-07-20 21:50,60,Lao Airlines,Economy,60,,,80,Y,Y,Y,1,7,1,20,Monday,False,True,False,Wattay International Airport,VTE
Suvarnabhumi Airport,BKK,2024-10-01 18:25,Wattay International Airport,VTE,2024-07-20 19:45,80,THAI,Economy,80,,,125,Y,Y,Y,1,7,2,23,Tuesday,False,True,False,Wattay International Airport,VTE
Suvarnabhumi Airport,BKK,2024-10-02 18:25,Wattay International Airport,VTE,2024-07-20 15:25,80,Lao Airlines,Economy,80,,,111,Y,Y,Y,1,7,1,20,Wednesday,False,True,False,Wattay International Airport,VTE
Suvarnabhumi Airport,BKK,2024-10-03 18:25,Kunming Changshui International Airport,KMG,2024-07-20 16:40,140,China Eastern,Economy,460,230.0,,251,Y,Y,Y,1,8,2,23,Thursday,False,True,False,Wattay International Airport,VTE
Suvarnabhumi Airport,BKK,2024-10-04 18:25,Kunming Changshui International Airport,KMG,2024-07-21 00:45,150,China Eastern,Economy,745,500.0,True,287,Y,Y,Y,1,8,2,23,Friday,False,False,False,Wattay International Airport,VTE
Suvarnabhumi Airport,BKK,2024-10-05 18:25,Wattay International Airport,VTE,2024-07-21 15:25,80,Lao Airlines,Economy,80,,,80,Y,Y,Y,1,7,1,20,Saturday,False,False,False,Wattay International Airport,VTE
Suvarnabhumi Airport,BKK,2024-10-06 18:25,Wattay International Airport,VTE,2024-07-21 21:50,60,Lao Airlines,Economy,60,,,80,Y,Y,Y,1,7,1,20,Sunday,False,False,False,Wattay International Airport,VTE
Suvarnabhumi Airport,BKK,2024-10-07 18:25,Wattay International Airport,VTE,2024-07-21 19:45,80,THAI,Economy,80,,,145,Y,Y,Y,1,7,2,23,Monday,False,False,False,Wattay International Airport,VTE
Suvarnabhumi Airport,BKK,2024-10-08 18:25,Guangzhou Baiyun International Airport,CAN,2024-07-21 11:50,150,China Southern,Economy,590,285.0,,279,Y,Y,Y,1,8,1,23,Tuesday,False,False,False,Wattay International Airport,VTE
Suvarnabhumi Airport,BKK,2024-10-09 18:25,Kunming Changshui International Airport,KMG,2024-07-22 00:45,150,China Eastern,Economy,745,500.0,True,287,Y,Y,Y,1,8,2,23,Wednesday,False,False,False,Wattay International Airport,VTE
Suvarnabhumi Airport,BKK,2024-10-10 18:25,Guangzhou Baiyun International Airport,CAN,2024-07-21 15:05,165,China Southern,Economy,410,90.0,,297,Y,Y,Y,1,8,1,23,Thursday,False,False,False,Wattay International Airport,VTE
Suvarnabhumi Airport,BKK,2024-10-11 18:25,Wattay International Airport,VTE,2024-07-22 15:05,60,Lao Airlines,Economy,60,,,80,Y,Y,Y,1,7,1,20,Friday,False,False,False,Wattay International Airport,VTE
Suvarnabhumi Airport,BKK,2024-10-12 18:25,Wattay International Airport,VTE,2024-07-22 19:45,80,THAI,Economy,80,,,107,Y,Y,Y,1,7,2,23,Saturday,False,False,False,Wattay International Airport,VTE
Suvarnabhumi Airport,BKK,2024-10-13 18:25,Wattay International Airport,VTE,2024-07-22 21:50,60,Lao Airlines,Economy,60,,,80,Y,Y,Y,1,7,1,20,Sunday,False,False,False,Wattay International Airport,VTE
Suvarnabhumi Airport,BKK,2024-10-14 18:25,Wattay International Airport,VTE,2024-07-22 12:50,75,THAI,Economy,75,,,125,Y,Y,Y,1,7,2,23,Monday,False,False,False,Wattay International Airport,VTE
Suvarnabhumi Airport,BKK,2024-10-15 18:25,Kunming Changshui International Airport,KMG,2024-07-22 16:55,155,China Eastern,Economy,460,215.0,,287,Y,Y,Y,1,8,2,23,Tuesday,False,False,False,Wattay International Airport,VTE
Suvarnabhumi Airport,BKK,2024-10-16 18:25,Kunming Changshui International Airport,KMG,2024-07-23 00:45,150,China Eastern,Economy,745,500.0,True,287,Y,Y,Y,1,8,2,23,Wednesday,False,False,False,Wattay International Airport,VTE
Suvarnabhumi Airport,BKK,2024-10-17 18:25,Wattay International Airport,VTE,2024-07-23 15:25,80,Lao Airlines,Economy,80,,,80,Y,Y,Y,1,7,1,20,Thursday,False,False,False,Wattay International Airport,VTE
Suvarnabhumi Airport,BKK,2024-10-18 18:25,Wattay International Airport,VTE,2024-07-23 21:50,60,Lao Airlines,Economy,60,,,80,Y,Y,Y,1,7,1,20,Friday,False,False,False,Wattay International Airport,VTE
Suvarnabhumi Airport,BKK,2024-10-19 18:25,Wattay International Airport,VTE,2024-07-23 12:50,75,THAI,Economy,75,,,107,Y,Y,Y,1,7,2,23,Saturday,False,False,False,Wattay International Airport,VTE
Suvarnabhumi Airport,BKK,2024-10-20 18:25,Wattay International Airport,VTE,2024-07-23 19:45,80,THAI,Economy,80,,,117,Y,Y,Y,1,7,2,23,Sunday,False,False,False,Wattay International Airport,VTE
Suvarnabhumi Airport,BKK,2024-10-21 18:25,Guangzhou Baiyun International Airport,CAN,2024-07-23 22:05,180,China Southern,Economy,1445,1110.0,True,279,Y,Y,Y,1,8,1,23,Monday,False,False,False,Wattay International Airport,VTE
Suvarnabhumi Airport,BKK,2024-10-22 18:25,Kunming Changshui International Airport,KMG,2024-07-23 16:55,155,China Eastern,Economy,460,215.0,,287,Y,Y,Y,1,8,2,23,Tuesday,False,False,False,Wattay International Airport,VTE
Suvarnabhumi Airport,BKK,2024-10-23 18:25,Kunming Changshui International Airport,KMG,2024-07-24 00:45,150,China Eastern,Economy,745,500.0,True,340,Y,Y,Y,1,8,2,23,Wednesday,False,False,False,Wattay International Airport,VTE
Suvarnabhumi Airport,BKK,2024-10-24 18:25,Wattay International Airport,VTE,2024-07-24 15:05,60,Lao Airlines,Economy,60,,,80,Y,Y,Y,1,7,1,20,Thursday,False,False,False,Wattay International Airport,VTE
Suvarnabhumi Airport,BKK,2024-10-25 18:25,Wattay International Airport,VTE,2024-07-24 21:50,60,Lao Airlines,Economy,60,,,80,Y,Y,Y,1,7,1,20,Friday,False,False,False,Wattay International Airport,VTE
Suvarnabhumi Airport,BKK,2024-10-26 18:25,Wattay International Airport,VTE,2024-07-24 12:50,75,THAI,Economy,75,,,107,Y,Y,Y,1,7,2,23,Saturday,False,False,False,Wattay International Airport,VTE
Suvarnabhumi Airport,BKK,2024-10-27 18:25,Wattay International Airport,VTE,2024-07-24 19:45,80,THAI,Economy,80,,,117,Y,Y,Y,1,7,2,23,Sunday,False,False,False,Wattay International Airport,VTE
Suvarnabhumi Airport,BKK,2024-10-28 18:25,Guangzhou Baiyun International Airport,CAN,2024-07-24 12:10,170,China Southern,Economy,590,265.0,,279,Y,Y,Y,1,8,1,23,Monday,False,False,False,Wattay International Airport,VTE
Suvarnabhumi Airport,BKK,2024-10-29 18:25,Guangzhou Baiyun International Airport,CAN,2024-07-24 15:05,165,China Southern,Economy,410,90.0,,297,Y,Y,Y,1,8,1,23,Tuesday,False,False,False,Wattay International Airport,VTE
Suvarnabhumi Airport,BKK,2024-10-30 18:25,Kunming Changshui International Airport,KMG,2024-07-25 00:45,150,China Eastern,Economy,745,500.0,True,340,Y,Y,Y,1,8,2,23,Wednesday,False,False,False,Wattay International Airport,VTE
Suvarnabhumi Airport,BKK,2024-10-31 18:25,Wattay International Airport,VTE,2024-07-25 15:25,80,Lao Airlines,Economy,80,,,80,Y,Y,Y,1,7,1,20,Thursday,False,False,False,Wattay International Airport,VTE
Suvarnabhumi Airport,BKK,2024-11-01 18:25,Wattay International Airport,VTE,2024-07-25 21:50,60,Lao Airlines,Economy,60,,,80,Y,Y,Y,1,7,1,20,Friday,False,False,False,Wattay International Airport,VTE
Suvarnabhumi Airport,BKK,2024-11-02 18:25,Wattay International Airport,VTE,2024-07-25 12:50,75,THAI,Economy,75,,,107,Y,Y,Y,1,7,2,23,Saturday,False,False,False,Wattay International Airport,VTE
Suvarnabhumi Airport,BKK,2024-11-03 18:25,Wattay International Airport,VTE,2024-07-25 19:45,80,THAI,Economy,80,,,134,Y,Y,Y,1,7,2,23,Sunday,False,False,False,Wattay International Airport,VTE
Suvarnabhumi Airport,BKK,2024-11-04 18:25,Guangzhou Baiyun International Airport,CAN,2024-07-25 22:50,165,China Southern,Economy,1385,1065.0,True,279,Y,Y,Y,1,8,1,23,Monday,False,False,False,Wattay International Airport,VTE
Suvarnabhumi Airport,BKK,2024-11-05 18:25,Kunming Changshui International Airport,KMG,2024-07-25 16:50,150,China Eastern,Economy,460,220.0,,287,Y,Y,Y,1,8,2,23,Tuesday,False,False,False,Wattay International Airport,VTE
Suvarnabhumi Airport,BKK,2024-11-06 18:25,Kunming Changshui International Airport,KMG,2024-07-26 00:45,150,China Eastern,Economy,745,500.0,True,340,Y,Y,Y,1,8,2,23,Wednesday,False,False,False,Wattay International Airport,VTE
Suvarnabhumi Airport,BKK,2024-11-07 18:25,Wattay International Airport,VTE,2024-07-26 15:05,60,Lao Airlines,Economy,60,,,80,Y,Y,Y,1,7,1,20,Thursday,False,False,False,Wattay International Airport,VTE
Suvarnabhumi Airport,BKK,2024-11-08 18:25,Wattay International Airport,VTE,2024-07-26 21:50,60,Lao Airlines,Economy,60,,,80,Y,Y,Y,1,7,1,20,Friday,False,False,False,Wattay International Airport,VTE
Suvarnabhumi Airport,BKK,2024-11-09 18:25,Wattay International Airport,VTE,2024-07-26 12:50,75,THAI,Economy,75,,,112,Y,Y,Y,1,7,2,23,Saturday,False,False,False,Wattay International Airport,VTE
Suvarnabhumi Airport,BKK,2024-11-10 18:25,Wattay International Airport,VTE,2024-07-26 19:45,80,THAI,Economy,80,,,117,Y,Y,Y,1,7,2,23,Sunday,False,False,False,Wattay International Airport,VTE
Suvarnabhumi Airport,BKK,2024-11-11 18:25,Guangzhou Baiyun International Airport,CAN,2024-07-26 11:50,150,China Southern,Economy,590,285.0,,279,Y,Y,Y,1,8,1,23,Monday,False,False,False,Wattay International Airport,VTE
Suvarnabhumi Airport,BKK,2024-11-12 18:25,Guangzhou Baiyun International Airport,CAN,2024-07-26 15:05,165,China Southern,Economy,410,90.0,,297,Y,Y,Y,1,8,1,23,Tuesday,False,False,False,Wattay International Airport,VTE
Suvarnabhumi Airport,BKK,2024-11-13 18:25,Kunming Changshui International Airport,KMG,2024-07-27 00:45,150,China Eastern,Economy,745,500.0,True,340,Y,Y,Y,1,8,2,23,Wednesday,False,False,False,Wattay International Airport,VTE
Suvarnabhumi Airport,BKK,2024-11-14 18:25,Wattay International Airport,VTE,2024-07-27 15:25,80,Lao Airlines,Economy,80,,,80,Y,Y,Y,1,7,1,20,Thursday,False,False,False,Wattay International Airport,VTE
Suvarnabhumi Airport,BKK,2024-11-15 18:25,Wattay International Airport,VTE,2024-07-27 21:50,60,Lao Airlines,Economy,60,,,80,Y,Y,Y,1,7,1,20,Friday,False,False,False,Wattay International Airport,VTE
Suvarnabhumi Airport,BKK,2024-11-16 18:25,Wattay International Airport,VTE,2024-07-27 19:45,80,THAI,Economy,80,,,107,Y,Y,Y,1,7,2,23,Saturday,False,False,False,Wattay International Airport,VTE
Suvarnabhumi Airport,BKK,2024-11-17 18:25,Wattay International Airport,VTE,2024-07-27 12:50,75,THAI,Economy,75,,,117,Y,Y,Y,1,7,2,23,Sunday,False,False,False,Wattay International Airport,VTE
Suvarnabhumi Airport,BKK,2024-11-18 18:25,Guangzhou Baiyun International Airport,CAN,2024-07-27 12:10,170,China Southern,Economy,2030,1705.0,True,279,Y,Y,Y,1,8,1,23,Monday,False,False,False,Wattay International Airport,VTE
Suvarnabhumi Airport,BKK,2024-11-19 18:25,Kunming Changshui International Airport,KMG,2024-07-27 16:40,140,China Eastern,Economy,460,230.0,,287,Y,Y,Y,1,8,2,23,Tuesday,False,False,False,Wattay International Airport,VTE
Suvarnabhumi Airport,BKK,2024-11-20 18:25,Kunming Changshui International Airport,KMG,2024-07-28 00:45,150,China Eastern,Economy,745,500.0,True,340,Y,Y,Y,1,8,2,23,Wednesday,False,False,False,Wattay International Airport,VTE
Suvarnabhumi Airport,BKK,2024-11-21 18:25,Wattay International Airport,VTE,2024-07-28 15:25,80,Lao Airlines,Economy,80,,,80,Y,Y,Y,1,7,1,20,Thursday,False,False,False,Wattay International Airport,VTE
Suvarnabhumi Airport,BKK,2024-11-22 18:25,Wattay International Airport,VTE,2024-07-28 21:50,60,Lao Airlines,Economy,60,,,80,Y,Y,Y,1,7,1,20,Friday,False,False,False,Wattay International Airport,VTE
Suvarnabhumi Airport,BKK,2024-11-23 18:25,Wattay International Airport,VTE,2024-07-28 12:50,75,THAI,Economy,75,,,112,Y,Y,Y,1,7,2,23,Saturday,False,False,False,Wattay International Airport,VTE
Suvarnabhumi Airport,BKK,2024-11-24 18:25,Wattay International Airport,VTE,2024-07-28 19:45,80,THAI,Economy,80,,,244,Y,Y,Y,1,7,2,23,Sunday,False,False,False,Wattay International Airport,VTE
Suvarnabhumi Airport,BKK,2024-11-25 18:25,Guangzhou Baiyun International Airport,CAN,2024-07-28 11:50,150,China Southern,Economy,590,285.0,,279,Y,Y,Y,1,8,1,23,Monday,False,False,False,Wattay International Airport,VTE
Suvarnabhumi Airport,BKK,2024-11-26 18:25,Guangzhou Baiyun International Airport,CAN,2024-07-28 15:05,165,China Southern,Economy,410,90.0,,297,Y,Y,Y,1,8,1,23,Tuesday,False,False,False,Wattay International Airport,VTE
Suvarnabhumi Airport,BKK,2024-11-27 18:25,Kunming Changshui International Airport,KMG,2024-07-29 00:45,150,China Eastern,Economy,745,500.0,True,340,Y,Y,Y,1,8,2,23,Wednesday,False,False,False,Wattay International Airport,VTE
Suvarnabhumi Airport,BKK,2024-11-28 18:25,Wattay International Airport,VTE,2024-07-29 15:05,60,Lao Airlines,Economy,60,,,80,Y,Y,Y,1,7,1,20,Thursday,False,False,False,Wattay International Airport,VTE
Suvarnabhumi Airport,BKK,2024-11-29 18:25,Wattay International Airport,VTE,2024-07-29 12:50,75,THAI,Economy,75,,,107,Y,Y,Y,1,7,2,23,Friday,False,False,False,Wattay International Airport,VTE
Suvarnabhumi Airport,BKK,2024-11-30 18:25,Wattay International Airport,VTE,2024-07-29 21:50,60,Lao Airlines,Economy,60,,,80,Y,Y,Y,1,7,1,20,Saturday,False,False,False,Wattay International Airport,VTE
Suvarnabhumi Airport,BKK,2024-12-01 18:25,Wattay International Airport,VTE,2024-07-29 19:45,80,THAI,Economy,80,,,107,Y,Y,Y,1,7,2,23,Sunday,False,False,False,Wattay International Airport,VTE
Suvarnabhumi Airport,BKK,2024-12-02 18:25,Kunming Changshui International Airport,KMG,2024-07-29 16:55,155,China Eastern,Economy,460,215.0,,287,Y,Y,Y,1,8,2,23,Monday,False,False,False,Wattay International Airport,VTE
Suvarnabhumi Airport,BKK,2024-12-03 18:25,Kunming Changshui International Airport,KMG,2024-07-30 00:45,150,China Eastern,Economy,745,500.0,True,340,Y,Y,Y,1,8,2,23,Tuesday,False,False,False,Wattay International Airport,VTE
Suvarnabhumi Airport,BKK,2024-12-04 18:25,Wattay International Airport,VTE,2024-07-30 15:25,80,Lao Airlines,Economy,80,,,80,Y,Y,Y,1,7,1,20,Wednesday,False,False,False,Wattay International Airport,VTE
Suvarnabhumi Airport,BKK,2024-12-05 18:25,Wattay International Airport,VTE,2024-07-30 21:50,60,Lao Airlines,Economy,60,,,80,Y,Y,Y,1,7,1,20,Thursday,False,False,False,Wattay International Airport,VTE
Suvarnabhumi Airport,BKK,2024-12-06 18:25,Wattay International Airport,VTE,2024-07-30 12:50,75,THAI,Economy,75,,,107,Y,Y,Y,1,7,2,23,Friday,False,False,False,Wattay International Airport,VTE
Suvarnabhumi Airport,BKK,2024-12-07 18:25,Wattay International Airport,VTE,2024-07-30 19:45,80,THAI,Economy,80,,,107,Y,Y,Y,1,7,2,23,Saturday,False,False,False,Wattay International Airport,VTE
Suvarnabhumi Airport,BKK,2024-12-08 18:25,Guangzhou Baiyun International Airport,CAN,2024-07-30 22:50,165,China Southern,Economy,1385,1065.0,True,279,Y,Y,Y,1,8,1,23,Sunday,False,False,False,Wattay International Airport,VTE
Suvarnabhumi Airport,BKK,2024-12-09 18:25,Kunming Changshui International Airport,KMG,2024-07-30 16:55,155,China Eastern,Economy,460,215.0,,287,Y,Y,Y,1,8,2,23,Monday,False,False,False,Wattay International Airport,VTE
Suvarnabhumi Airport,BKK,2024-12-10 18:25,Kunming Changshui International Airport,KMG,2024-07-31 00:45,150,China Eastern,Economy,745,500.0,True,340,Y,Y,Y,1,8,2,23,Tuesday,False,False,False,Wattay International Airport,VTE
Suvarnabhumi Airport,BKK,2024-12-11 18:25,Wattay International Airport,VTE,2024-07-31 15:05,60,Lao Airlines,Economy,60,,,80,Y,Y,Y,1,7,1,20,Wednesday,False,False,False,Wattay International Airport,VTE
Suvarnabhumi Airport,BKK,2024-12-12 18:25,Wattay International Airport,VTE,2024-07-31 21:50,60,Lao Airlines,Economy,60,,,80,Y,Y,Y,1,7,1,20,Thursday,False,False,False,Wattay International Airport,VTE
Suvarnabhumi Airport,BKK,2024-12-13 18:25,Wattay International Airport,VTE,2024-07-31 12:50,75,THAI,Economy,75,,,107,Y,Y,Y,1,7,2,23,Friday,False,False,False,Wattay International Airport,VTE
Suvarnabhumi Airport,BKK,2024-12-14 18:25,Wattay International Airport,VTE,2024-07-31 19:45,80,THAI,Economy,80,,,117,Y,Y,Y,1,7,2,23,Saturday,False,False,False,Wattay International Airport,VTE
Suvarnabhumi Airport,BKK,2024-12-15 18:25,Guangzhou Baiyun International Airport,CAN,2024-07-31 12:10,170,China Southern,Economy,590,265.0,,279,Y,Y,Y,1,8,1,23,Sunday,False,False,False,Wattay International Airport,VTE
Suvarnabhumi Airport,BKK,2024-12-16 18:25,Guangzhou Baiyun International Airport,CAN,2024-07-31 15:05,165,China Southern,Economy,410,90.0,,297,Y,Y,Y,1,8,1,23,Monday,False,False,False,Wattay International Airport,VTE
Suvarnabhumi Airport,BKK,2024-12-17 18:25,Kunming Changshui International Airport,KMG,2024-08-01 00:45,150,China Eastern,Economy,745,500.0,True,340,Y,Y,Y,1,8,2,23,Tuesday,False,False,False,Wattay International Airport,VTE
Suvarnabhumi Airport,BKK,2024-12-18 18:25,Wattay International Airport,VTE,2024-08-01 15:25,80,Lao Airlines,Economy,80,,,80,Y,Y,Y,1,7,1,20,Wednesday,False,False,False,Wattay International Airport,VTE
Suvarnabhumi Airport,BKK,2024-12-19 18:25,Wattay International Airport,VTE,2024-08-01 12:40,75,THAI,Economy,75,,,111,Y,Y,Y,1,7,2,23,Thursday,False,False,False,Wattay International Airport,VTE
Suvarnabhumi Airport,BKK,2024-12-20 18:25,Wattay International Airport,VTE,2024-08-01 21:50,60,Lao Airlines,Economy,60,,,80,Y,Y,Y,1,7,1,20,Friday,False,False,False,Wattay International Airport,VTE
Suvarnabhumi Airport,BKK,2024-12-21 18:25,Wattay International Airport,VTE,2024-08-01 19:45,80,THAI,Economy,80,,,111,Y,Y,Y,1,7,2,23,Saturday,False,False,False,Wattay International Airport,VTE
Suvarnabhumi Airport,BKK,2024-12-22 18:25,Kunming Changshui International Airport,KMG,2024-08-02 00:45,150,China Eastern,Economy,745,500.0,True,254,Y,Y,Y,1,8,2,23,Sunday,False,False,False,Wattay International Airport,VTE
Suvarnabhumi Airport,BKK,2024-12-23 18:25,Kunming Changshui International Airport,KMG,2024-08-01 16:50,150,China Eastern,Economy,460,220.0,,291,Y,Y,Y,1,8,2,23,Monday,False,False,False,Wattay International Airport,VTE
Suvarnabhumi Airport,BKK,2024-12-24 18:25,Wattay International Airport,VTE,2024-08-02 15:05,60,Lao Airlines,Economy,60,,,81,Y,Y,Y,1,7,1,20,Tuesday,False,False,False,Wattay International Airport,VTE
Suvarnabhumi Airport,BKK,2024-12-25 18:25,Wattay International Airport,VTE,2024-08-02 12:40,75,THAI,Economy,75,,,111,Y,Y,Y,1,7,2,23,Wednesday,False,False,False,Wattay International Airport,VTE
Suvarnabhumi Airport,BKK,2024-12-26 18:25,Wattay International Airport,VTE,2024-08-02 21:50,60,Lao Airlines,Economy,60,,,81,Y,Y,Y,1,7,1,20,Thursday,False,False,False,Wattay International Airport,VTE
Suvarnabhumi Airport,BKK,2024-12-27 18:25,Wattay International Airport,VTE,2024-08-02 19:45,80,THAI,Economy,80,,,147,Y,Y,Y,1,7,2,23,Friday,False,False,False,Wattay International Airport,VTE
Suvarnabhumi Airport,BKK,2024-12-28 18:25,Kunming Changshui International Airport,KMG,2024-08-03 00:45,150,China Eastern,Economy,745,500.0,True,254,Y,Y,Y,1,8,2,23,Saturday,False,False,False,Wattay International Airport,VTE
Suvarnabhumi Airport,BKK,2024-12-29 18:25,Guangzhou Baiyun International Airport,CAN,2024-08-02 15:05,165,China Southern,Economy,410,90.0,,492,Y,Y,Y,1,8,1,23,Sunday,False,False,False,Wattay International Airport,VTE
Suvarnabhumi Airport,BKK,2024-12-30 18:25,Wattay International Airport,VTE,2024-08-03 15:25,80,Lao Airlines,Economy,80,,,80,Y,Y,Y,1,7,1,20,Monday,False,False,False,Wattay International Airport,VTE
Suvarnabhumi Airport,BKK,2024-12-31 18:25,Wattay International Airport,VTE,2024-08-03 12:40,75,THAI,Economy,75,,,111,Y,Y,Y,1,7,2,23,Tuesday,False,False,False,Wattay International Airport,VTE
Suvarnabhumi Airport,BKK,2025-01-01 18:25,Wattay International Airport,VTE,2024-08-03 21:50,60,Lao Airlines,Economy,60,,,80,Y,Y,Y,1,7,1,20,Wednesday,False,False,False,Wattay International Airport,VTE
Suvarnabhumi Airport,BKK,2025-01-02 18:25,Wattay International Airport,VTE,2024-08-03 19:45,80,THAI,Economy,80,,,146,Y,Y,Y,1,7,2,23,Thursday,False,False,False,Wattay International Airport,VTE
Suvarnabhumi Airport,BKK,2025-01-03 18:25,Kunming Changshui International Airport,KMG,2024-08-04 00:45,150,China Eastern,Economy,745,500.0,True,291,Y,Y,Y,1,8,2,23,Friday,False,False,False,Wattay International Airport,VTE
Suvarnabhumi Airport,BKK,2025-01-04 18:25,Kunming Changshui International Airport,KMG,2024-08-03 16:40,140,China Eastern,Economy,460,230.0,,346,Y,Y,Y,1,8,2,23,Saturday,False,False,False,Wattay International Airport,VTE
Suvarnabhumi Airport,BKK,2025-01-05 18:25,Wattay International Airport,VTE,2024-08-04 21:50,60,Lao Airlines,Economy,60,,,80,Y,Y,Y,1,7,1,20,Sunday,False,False,False,Wattay International Airport,VTE
Suvarnabhumi Airport,BKK,2025-01-06 18:25,Wattay International Airport,VTE,2024-08-04 12:40,75,THAI,Economy,75,,,114,Y,Y,Y,1,7,2,23,Monday,False,False,False,Wattay International Airport,VTE
Suvarnabhumi Airport,BKK,2025-01-07 18:25,Wattay International Airport,VTE,2024-08-04 19:45,80,THAI,Economy,80,,,120,Y,Y,Y,1,7,2,23,Tuesday,False,False,False,Wattay International Airport,VTE
Suvarnabhumi Airport,BKK,2025-01-08 18:25,Wattay International Airport,VTE,2024-08-04 15:25,80,Lao Airlines,Economy,80,,,122,Y,Y,Y,1,7,1,20,Wednesday,False,False,False,Wattay International Airport,VTE
Suvarnabhumi Airport,BKK,2025-01-09 18:25,Kunming Changshui International Airport,KMG,2024-08-05 00:45,150,China Eastern,Economy,745,500.0,True,254,Y,Y,Y,1,8,2,23,Thursday,False,False,False,Wattay International Airport,VTE
Suvarnabhumi Airport,BKK,2025-01-10 18:25,Guangzhou Baiyun International Airport,CAN,2024-08-04 15:05,165,China Southern,Economy,410,90.0,,340,Y,Y,Y,1,8,1,23,Friday,False,False,False,Wattay International Airport,VTE
Suvarnabhumi Airport,BKK,2025-01-11 18:25,Wattay International Airport,VTE,2024-08-05 15:05,60,Lao Airlines,Economy,60,,,81,Y,Y,Y,1,7,1,20,Saturday,False,False,False,Wattay International Airport,VTE
Suvarnabhumi Airport,BKK,2025-01-12 18:25,Wattay International Airport,VTE,2024-08-05 12:40,75,THAI,Economy,75,,,114,Y,Y,Y,1,7,2,23,Sunday,False,False,False,Wattay International Airport,VTE
Suvarnabhumi Airport,BKK,2025-01-13 18:25,Wattay International Airport,VTE,2024-08-05 21:50,60,Lao Airlines,Economy,60,,,81,Y,Y,Y,1,7,1,20,Monday,False,False,False,Wattay International Airport,VTE
Suvarnabhumi Airport,BKK,2025-01-14 18:25,Wattay International Airport,VTE,2024-08-05 19:45,80,THAI,Economy,80,,,114,Y,Y,Y,1,7,2,23,Tuesday,False,False,False,Wattay International Airport,VTE
Suvarnabhumi Airport,BKK,2025-01-15 18:25,Kunming Changshui International Airport,KMG,2024-08-06 00:45,150,China Eastern,Economy,745,500.0,True,254,Y,Y,Y,1,8,2,23,Wednesday,False,False,False,Wattay International Airport,VTE
Suvarnabhumi Airport,BKK,2025-01-16 18:25,Kunming Changshui International Airport,KMG,2024-08-05 16:55,155,China Eastern,Economy,460,215.0,,291,Y,Y,Y,1,8,2,23,Thursday,False,False,False,Wattay International Airport,VTE
Suvarnabhumi Airport,BKK,2025-01-17 18:25,Wattay International Airport,VTE,2024-08-06 15:25,80,Lao Airlines,Economy,80,,,80,Y,Y,Y,1,7,1,20,Friday,False,False,False,Wattay International Airport,VTE
Suvarnabhumi Airport,BKK,2025-01-18 18:25,Wattay International Airport,VTE,2024-08-06 12:40,75,THAI,Economy,75,,,114,Y,Y,Y,1,7,2,23,Saturday,False,False,False,Wattay International Airport,VTE
Suvarnabhumi Airport,BKK,2025-01-19 18:25,Wattay International Airport,VTE,2024-08-06 21:50,60,Lao Airlines,Economy,60,,,80,Y,Y,Y,1,7,1,20,Sunday,False,False,False,Wattay International Airport,VTE
Suvarnabhumi Airport,BKK,2025-01-20 18:25,Wattay International Airport,VTE,2024-08-06 19:45,80,THAI,Economy,80,,,114,Y,Y,Y,1,7,2,23,Monday,False,False,False,Wattay International Airport,VTE
Suvarnabhumi Airport,BKK,2025-01-21 18:25,Kunming Changshui International Airport,KMG,2024-08-07 00:45,150,China Eastern,Economy,745,500.0,True,254,Y,Y,Y,1,8,2,23,Tuesday,False,False,False,Wattay International Airport,VTE
Suvarnabhumi Airport,BKK,2025-01-22 18:25,Kunming Changshui International Airport,KMG,2024-08-06 16:55,155,China Eastern,Economy,460,215.0,,291,Y,Y,Y,1,8,2,23,Wednesday,False,False,False,Wattay International Airport,VTE
Suvarnabhumi Airport,BKK,2025-01-23 18:25,Wattay International Airport,VTE,2024-08-07 15:05,60,Lao Airlines,Economy,60,,,80,Y,Y,Y,1,7,1,20,Thursday,False,False,False,Wattay International Airport,VTE
Suvarnabhumi Airport,BKK,2025-01-24 18:25,Wattay International Airport,VTE,2024-08-07 12:40,75,THAI,Economy,75,,,114,Y,Y,Y,1,7,2,23,Friday,False,False,False,Wattay International Airport,VTE
Suvarnabhumi Airport,BKK,2025-01-25 18:25,Wattay International Airport,VTE,2024-08-07 21:50,60,Lao Airlines,Economy,60,,,80,Y,Y,Y,1,7,1,20,Saturday,False,False,False,Wattay International Airport,VTE
Suvarnabhumi Airport,BKK,2025-01-26 18:25,Wattay International Airport,VTE,2024-08-07 19:45,80,THAI,Economy,80,,,114,Y,Y,Y,1,7,2,23,Sunday,False,False,False,Wattay International Airport,VTE
Suvarnabhumi Airport,BKK,2025-01-27 18:25,Kunming Changshui International Airport,KMG,2024-08-08 00:45,150,China Eastern,Economy,745,500.0,True,254,Y,Y,Y,1,8,2,23,Monday,False,False,False,Wattay International Airport,VTE
Suvarnabhumi Airport,BKK,2025-01-28 18:25,Guangzhou Baiyun International Airport,CAN,2024-08-07 15:05,165,China Southern,Economy,410,90.0,,340,Y,Y,Y,1,8,1,23,Tuesday,False,False,False,Wattay International Airport,VTE
Suvarnabhumi Airport,BKK,2025-01-29 18:25,Wattay International Airport,VTE,2024-08-08 21:50,60,Lao Airlines,Economy,60,,,81,Y,Y,Y,1,7,1,20,Wednesday,False,False,False,Wattay International Airport,VTE
Suvarnabhumi Airport,BKK,2025-01-30 18:25,Wattay International Airport,VTE,2024-08-08 12:40,75,THAI,Economy,75,,,111,Y,Y,Y,1,7,2,23,Thursday,False,False,False,Wattay International Airport,VTE
Suvarnabhumi Airport,BKK,2025-01-31 18:25,Wattay International Airport,VTE,2024-08-08 19:45,80,THAI,Economy,80,,,117,Y,Y,Y,1,7,2,23,Friday,False,False,False,Wattay International Airport,VTE
Suvarnabhumi Airport,BKK,2025-02-01 18:25,Wattay International Airport,VTE,2024-08-08 15:25,80,Lao Airlines,Economy,80,,,122,Y,Y,Y,1,7,1,20,Saturday,False,False,False,Wattay International Airport,VTE
Suvarnabhumi Airport,BKK,2025-02-02 18:25,Kunming Changshui International Airport,KMG,2024-08-09 00:45,150,China Eastern,Economy,745,500.0,True,254,Y,Y,Y,1,8,2,23,Sunday,False,False,False,Wattay International Airport,VTE
Suvarnabhumi Airport,BKK,2025-02-03 18:25,Kunming Changshui International Airport,KMG,2024-08-08 16:50,150,China Eastern,Economy,460,220.0,,346,Y,Y,Y,1,8,2,23,Monday,False,False,False,Wattay International Airport,VTE
Suvarnabhumi Airport,BKK,2025-02-04 18:25,Wattay International Airport,VTE,2024-08-09 15:05,60,Lao Airlines,Economy,60,,,80,Y,Y,Y,1,7,1,20,Tuesday,False,False,False,Wattay International Airport,VTE
Suvarnabhumi Airport,BKK,2025-02-05 18:25,Wattay International Airport,VTE,2024-08-09 12:40,75,THAI,Economy,75,,,111,Y,Y,Y,1,7,2,23,Wednesday,False,False,False,Wattay International Airport,VTE
Suvarnabhumi Airport,BKK,2025-02-06 18:25,Wattay International Airport,VTE,2024-08-09 21:50,60,Lao Airlines,Economy,60,,,80,Y,Y,Y,1,7,1,20,Thursday,False,False,False,Wattay International Airport,VTE
Suvarnabhumi Airport,BKK,2025-02-07 18:25,Wattay International Airport,VTE,2024-08-09 19:45,80,THAI,Economy,80,,,111,Y,Y,Y,1,7,2,23,Friday,False,False,False,Wattay International Airport,VTE
Suvarnabhumi Airport,BKK,2025-02-08 18:25,Kunming Changshui International Airport,KMG,2024-08-10 00:45,150,China Eastern,Economy,745,500.0,True,254,Y,Y,Y,1,8,2,23,Saturday,False,False,False,Wattay International Airport,VTE
Suvarnabhumi Airport,BKK,2025-02-09 18:25,Guangzhou Baiyun International Airport,CAN,2024-08-09 15:05,165,China Southern,Economy,410,90.0,,340,Y,Y,Y,1,8,1,23,Sunday,False,False,False,Wattay International Airport,VTE
Suvarnabhumi Airport,BKK,2025-02-10 18:25,Wattay International Airport,VTE,2024-08-10 15:25,80,Lao Airlines,Economy,80,,,80,Y,Y,Y,1,7,1,20,Monday,False,False,False,Wattay International Airport,VTE
Suvarnabhumi Airport,BKK,2025-02-11 18:25,Wattay International Airport,VTE,2024-08-10 12:40,75,THAI,Economy,75,,,114,Y,Y,Y,1,7,2,23,Tuesday,False,False,False,Wattay International Airport,VTE
Suvarnabhumi Airport,BKK,2025-02-12 18:25,Wattay International Airport,VTE,2024-08-10 21:50,60,Lao Airlines,Economy,60,,,80,Y,Y,Y,1,7,1,20,Wednesday,False,False,False,Wattay International Airport,VTE
Suvarnabhumi Airport,BKK,2025-02-13 18:25,Wattay International Airport,VTE,2024-08-10 19:45,80,THAI,Economy,80,,,113,Y,Y,Y,1,7,2,23,Thursday,False,False,False,Wattay International Airport,VTE
Suvarnabhumi Airport,BKK,2025-02-14 18:25,Kunming Changshui International Airport,KMG,2024-08-11 00:45,150,China Eastern,Economy,745,500.0,True,254,Y,Y,Y,1,8,2,23,Friday,False,False,False,Wattay International Airport,VTE
Suvarnabhumi Airport,BKK,2025-02-15 18:25,Kunming Changshui International Airport,KMG,2024-08-10 16:40,140,China Eastern,Economy,460,230.0,,291,Y,Y,Y,1,8,2,23,Saturday,False,False,False,Wattay International Airport,VTE
Suvarnabhumi Airport,BKK,2025-02-16 18:25,Wattay International Airport,VTE,2024-08-11 15:25,80,Lao Airlines,Economy,80,,,80,Y,Y,Y,1,7,1,20,Sunday,False,False,False,Wattay International Airport,VTE
Suvarnabhumi Airport,BKK,2025-02-17 18:25,Wattay International Airport,VTE,2024-08-11 21:50,60,Lao Airlines,Economy,60,,,80,Y,Y,Y,1,7,1,20,Monday,False,False,False,Wattay International Airport,VTE
Suvarnabhumi Airport,BKK,2025-02-18 18:25,Wattay International Airport,VTE,2024-08-11 12:40,75,THAI,Economy,75,,,111,Y,Y,Y,1,7,2,23,Tuesday,False,False,False,Wattay International Airport,VTE
Suvarnabhumi Airport,BKK,2025-02-19 18:25,Wattay International Airport,VTE,2024-08-11 19:45,80,THAI,Economy,80,,,249,Y,Y,Y,1,7,2,23,Wednesday,False,False,False,Wattay International Airport,VTE
Suvarnabhumi Airport,BKK,2025-02-20 18:25,Kunming Changshui International Airport,KMG,2024-08-12 00:45,150,China Eastern,Economy,745,500.0,True,291,Y,Y,Y,1,8,2,23,Thursday,False,False,False,Wattay International Airport,VTE
Suvarnabhumi Airport,BKK,2025-02-21 18:25,Guangzhou Baiyun International Airport,CAN,2024-08-11 15:05,165,China Southern,Economy,410,90.0,,340,Y,Y,Y,1,8,1,23,Friday,False,False,False,Wattay International Airport,VTE
Suvarnabhumi Airport,BKK,2025-02-22 18:25,Wattay International Airport,VTE,2024-08-12 15:05,60,Lao Airlines,Economy,60,,,80,Y,Y,Y,1,7,1,20,Saturday,False,False,False,Wattay International Airport,VTE
Suvarnabhumi Airport,BKK,2025-02-23 18:25,Wattay International Airport,VTE,2024-08-12 12:40,75,THAI,Economy,75,,,111,Y,Y,Y,1,7,2,23,Sunday,False,False,False,Wattay International Airport,VTE
Suvarnabhumi Airport,BKK,2025-02-24 18:25,Wattay International Airport,VTE,2024-08-12 21:50,60,Lao Airlines,Economy,60,,,80,Y,Y,Y,1,7,1,20,Monday,False,False,False,Wattay International Airport,VTE
Suvarnabhumi Airport,BKK,2025-02-25 18:25,Wattay International Airport,VTE,2024-08-12 19:45,80,THAI,Economy,80,,,111,Y,Y,Y,1,7,2,23,Tuesday,False,False,False,Wattay International Airport,VTE
Suvarnabhumi Airport,BKK,2025-02-26 18:25,Kunming Changshui International Airport,KMG,2024-08-12 16:55,155,China Eastern,Economy,460,215.0,,254,Y,Y,Y,1,8,2,23,Wednesday,False,False,False,Wattay International Airport,VTE
Suvarnabhumi Airport,BKK,2025-02-27 18:25,Kunming Changshui International Airport,KMG,2024-08-13 00:45,150,China Eastern,Economy,745,500.0,True,254,Y,Y,Y,1,8,2,23,Thursday,False,False,False,Wattay International Airport,VTE
Suvarnabhumi Airport,BKK,2025-02-28 18:25,Wattay International Airport,VTE,2024-08-13 15:25,80,Lao Airlines,Economy,80,,,80,Y,Y,Y,1,7,1,20,Friday,False,False,False,Wattay International Airport,VTE
Suvarnabhumi Airport,BKK,2025-03-01 18:25,Wattay International Airport,VTE,2024-08-13 21:50,60,Lao Airlines,Economy,60,,,80,Y,Y,Y,1,7,1,20,Saturday,False,False,False,Wattay International Airport,VTE
Suvarnabhumi Airport,BKK,2025-03-02 18:25,Wattay International Airport,VTE,2024-08-13 12:40,75,THAI,Economy,75,,,111,Y,Y,Y,1,7,2,23,Sunday,False,False,False,Wattay International Airport,VTE
Suvarnabhumi Airport,BKK,2025-03-03 18:25,Wattay International Airport,VTE,2024-08-13 19:45,80,THAI,Economy,80,,,111,Y,Y,Y,1,7,2,23,Monday,False,False,False,Wattay International Airport,VTE
Suvarnabhumi Airport,BKK,2025-03-04 18:25,Kunming Changshui International Airport,KMG,2024-08-13 11:30,160,China Eastern,Economy,790,540.0,,254,Y,Y,Y,1,8,2,23,Tuesday,False,False,False,Wattay International Airport,VTE
Suvarnabhumi Airport,BKK,2025-03-05 18:25,Kunming Changshui International Airport,KMG,2024-08-14 00:45,150,China Eastern,Economy,745,500.0,True,291,Y,Y,Y,1,8,2,23,Wednesday,False,False,False,Wattay International Airport,VTE
Suvarnabhumi Airport,BKK,2025-03-06 18:25,Kunming Changshui International Airport,KMG,2024-08-13 16:55,155,China Eastern,Economy,460,215.0,,346,Y,Y,Y,1,8,2,23,Thursday,False,False,False,Wattay International Airport,VTE
Suvarnabhumi Airport,BKK,2025-03-07 18:25,Wattay International Airport,VTE,2024-08-14 15:05,60,Lao Airlines,Economy,60,,,80,Y,Y,Y,1,7,1,20,Friday,False,False,False,Wattay International Airport,VTE
Suvarnabhumi Airport,BKK,2025-03-08 18:25,Wattay International Airport,VTE,2024-08-14 21:50,60,Lao Airlines,Economy,60,,,80,Y,Y,Y,1,7,1,20,Saturday,False,False,False,Wattay International Airport,VTE
Suvarnabhumi Airport,BKK,2025-03-09 18:25,Wattay International Airport,VTE,2024-08-14 12:40,75,THAI,Economy,75,,,113,Y,Y,Y,1,7,2,23,Sunday,False,False,False,Wattay International Airport,VTE
Suvarnabhumi Airport,BKK,2025-03-10 18:25,Wattay International Airport,VTE,2024-08-14 19:45,80,THAI,Economy,80,,,113,Y,Y,Y,1,7,2,23,Monday,False,False,False,Wattay International Airport,VTE
Suvarnabhumi Airport,BKK,2025-03-11 18:25,Kunming Changshui International Airport,KMG,2024-08-14 17:00,160,China Eastern,Economy,460,210.0,,254,Y,Y,Y,1,8,2,23,Tuesday,False,False,False,Wattay International Airport,VTE
Suvarnabhumi Airport,BKK,2025-03-12 18:25,Kunming Changshui International Airport,KMG,2024-08-15 00:45,150,China Eastern,Economy,745,500.0,True,254,Y,Y,Y,1,8,2,23,Wednesday,False,False,False,Wattay International Airport,VTE
Suvarnabhumi Airport,BKK,2025-03-13 18:25,Guangzhou Baiyun International Airport,CAN,2024-08-14 15:05,165,China Southern,Economy,410,90.0,,340,Y,Y,Y,1,8,1,23,Thursday,False,False,False,Wattay International Airport,VTE
Suvarnabhumi Airport,BKK,2025-03-14 18:25,Wattay International Airport,VTE,2024-08-15 15:25,80,Lao Airlines,Economy,80,,,80,Y,Y,Y,1,7,1,20,Friday,False,False,False,Wattay International Airport,VTE
Suvarnabhumi Airport,BKK,2025-03-15 18:25,Wattay International Airport,VTE,2024-08-15 12:40,75,THAI,Economy,75,,,114,Y,Y,Y,1,7,2,23,Saturday,False,False,False,Wattay International Airport,VTE
Suvarnabhumi Airport,BKK,2025-03-16 18:25,Wattay International Airport,VTE,2024-08-15 21:50,60,Lao Airlines,Economy,60,,,80,Y,Y,Y,1,7,1,20,Sunday,False,False,False,Wattay International Airport,VTE
Suvarnabhumi Airport,BKK,2025-03-17 18:25,Wattay International Airport,VTE,2024-08-15 19:45,80,THAI,Economy,80,,,114,Y,Y,Y,1,7,2,23,Monday,False,False,False,Wattay International Airport,VTE
Suvarnabhumi Airport,BKK,2025-03-18 18:25,Kunming Changshui International Airport,KMG,2024-08-16 00:45,150,China Eastern,Economy,745,500.0,True,254,Y,Y,Y,1,8,2,23,Tuesday,False,False,False,Wattay International Airport,VTE
Suvarnabhumi Airport,BKK,2025-03-19 18:25,Kunming Changshui International Airport,KMG,2024-08-15 16:50,150,China Eastern,Economy,460,220.0,,291,Y,Y,Y,1,8,2,23,Wednesday,False,False,False,Wattay International Airport,VTE
Suvarnabhumi Airport,BKK,2025-03-20 18:25,Wattay International Airport,VTE,2024-08-16 15:05,60,Lao Airlines,Economy,60,,,81,Y,Y,Y,1,7,1,20,Thursday,False,False,False,Wattay International Airport,VTE
Suvarnabhumi Airport,BKK,2025-03-21 18:25,Wattay International Airport,VTE,2024-08-16 12:40,75,THAI,Economy,75,,,115,Y,Y,Y,1,7,2,23,Friday,False,False,False,Wattay International Airport,VTE
Suvarnabhumi Airport,BKK,2025-03-22 18:25,Wattay International Airport,VTE,2024-08-16 21:50,60,Lao Airlines,Economy,60,,,81,Y,Y,Y,1,7,1,20,Saturday,False,False,False,Wattay International Airport,VTE
Suvarnabhumi Airport,BKK,2025-03-23 18:25,Wattay International Airport,VTE,2024-08-16 19:45,80,THAI,Economy,80,,,115,Y,Y,Y,1,7,2,23,Sunday,False,False,False,Wattay International Airport,VTE
Suvarnabhumi Airport,BKK,2025-03-24 18:25,Kunming Changshui International Airport,KMG,2024-08-17 00:45,150,China Eastern,Economy,745,500.0,True,254,Y,Y,Y,1,8,2,23,Monday,False,False,False,Wattay International Airport,VTE
Suvarnabhumi Airport,BKK,2025-03-25 18:25,Guangzhou Baiyun International Airport,CAN,2024-08-16 15:05,165,China Southern,Economy,410,90.0,,340,Y,Y,Y,1,8,1,23,Tuesday,False,False,False,Wattay International Airport,VTE
Suvarnabhumi Airport,BKK,2025-03-26 18:25,Wattay International Airport,VTE,2024-08-17 15:25,80,Lao Airlines,Economy,80,,,81,Y,Y,Y,1,7,1,20,Wednesday,False,False,False,Wattay International Airport,VTE
Suvarnabhumi Airport,BKK,2025-03-27 18:25,Wattay International Airport,VTE,2024-08-17 12:40,75,THAI,Economy,75,,,111,Y,Y,Y,1,7,2,23,Thursday,False,False,False,Wattay International Airport,VTE
Suvarnabhumi Airport,BKK,2025-03-28 18:25,Wattay International Airport,VTE,2024-08-17 21:50,60,Lao Airlines,Economy,60,,,81,Y,Y,Y,1,7,1,20,Friday,False,False,False,Wattay International Airport,VTE
Suvarnabhumi Airport,BKK,2025-03-29 18:25,Wattay International Airport,VTE,2024-08-17 19:45,80,THAI,Economy,80,,,111,Y,Y,Y,1,7,2,23,Saturday,False,False,False,Wattay International Airport,VTE
Suvarnabhumi Airport,BKK,2025-03-30 18:25,Kunming Changshui International Airport,KMG,2024-08-18 00:45,150,China Eastern,Economy,745,500.0,True,254,Y,Y,Y,1,8,2,23,Sunday,False,False,False,Wattay International Airport,VTE
Suvarnabhumi Airport,BKK,2025-03-31 18:25,Kunming Changshui International Airport,KMG,2024-08-17 16:40,140,China Eastern,Economy,460,230.0,,291,Y,Y,Y,1,8,2,23,Monday,False,False,False,Wattay International Airport,VTE
Suvarnabhumi Airport,BKK,2025-04-01 18:25,Wattay International Airport,VTE,2024-08-18 21:50,60,Lao Airlines,Economy,60,,,80,Y,Y,Y,1,7,1,20,Tuesday,False,False,False,Wattay International Airport,VTE
Suvarnabhumi Airport,BKK,2025-04-02 18:25,Wattay International Airport,VTE,2024-08-18 12:40,75,THAI,Economy,75,,,115,Y,Y,Y,1,7,2,23,Wednesday,False,False,False,Wattay International Airport,VTE
Suvarnabhumi Airport,BKK,2025-04-03 18:25,Wattay International Airport,VTE,2024-08-18 15:25,80,Lao Airlines,Economy,80,,,80,Y,Y,Y,1,7,1,20,Thursday,False,False,False,Wattay International Airport,VTE
Suvarnabhumi Airport,BKK,2025-04-04 18:25,Wattay International Airport,VTE,2024-08-18 19:45,80,THAI,Economy,80,,,115,Y,Y,Y,1,7,2,23,Friday,False,False,False,Wattay International Airport,VTE
Suvarnabhumi Airport,BKK,2025-04-05 18:25,Kunming Changshui International Airport,KMG,2024-08-19 00:45,150,China Eastern,Economy,745,500.0,True,254,Y,Y,Y,1,8,2,23,Saturday,False,False,False,Wattay International Airport,VTE
Suvarnabhumi Airport,BKK,2025-04-06 18:25,Guangzhou Baiyun International Airport,CAN,2024-08-18 15:05,165,China Southern,Economy,410,90.0,,304,Y,Y,Y,1,8,1,23,Sunday,False,False,False,Wattay International Airport,VTE
Suvarnabhumi Airport,BKK,2025-04-07 18:25,Wattay International Airport,VTE,2024-08-19 15:05,60,Lao Airlines,Economy,60,,,80,Y,Y,Y,1,7,1,20,Monday,False,False,False,Wattay International Airport,VTE
Suvarnabhumi Airport,BKK,2025-04-08 18:25,Wattay International Airport,VTE,2024-08-19 12:40,75,THAI,Economy,75,,,114,Y,Y,Y,1,7,2,23,Tuesday,False,False,False,Wattay International Airport,VTE
Suvarnabhumi Airport,BKK,2025-04-09 18:25,Wattay International Airport,VTE,2024-08-19 21:50,60,Lao Airlines,Economy,60,,,80,Y,Y,Y,1,7,1,20,Wednesday,False,False,False,Wattay International Airport,VTE
Suvarnabhumi Airport,BKK,2025-04-10 18:25,Wattay International Airport,VTE,2024-08-19 19:45,80,THAI,Economy,80,,,114,Y,Y,Y,1,7,2,23,Thursday,False,False,False,Wattay International Airport,VTE
Suvarnabhumi Airport,BKK,2025-04-11 18:25,Kunming Changshui International Airport,KMG,2024-08-20 00:45,150,China Eastern,Economy,745,500.0,True,254,Y,Y,Y,1,8,2,23,Friday,False,False,False,Wattay International Airport,VTE
Suvarnabhumi Airport,BKK,2025-04-12 18:25,Kunming Changshui International Airport,KMG,2024-08-19 16:55,155,China Eastern,Economy,460,215.0,,291,Y,Y,Y,1,8,2,23,Saturday,False,False,False,Wattay International Airport,VTE
Suvarnabhumi Airport,BKK,2025-04-13 18:25,Wattay International Airport,VTE,2024-08-20 15:25,80,Lao Airlines,Economy,80,,,81,Y,Y,Y,1,7,1,20,Sunday,False,False,False,Wattay International Airport,VTE
Suvarnabhumi Airport,BKK,2025-04-14 18:25,Wattay International Airport,VTE,2024-08-20 12:40,75,THAI,Economy,75,,,117,Y,Y,Y,1,7,2,23,Monday,False,False,False,Wattay International Airport,VTE
Suvarnabhumi Airport,BKK,2025-04-15 18:25,Wattay International Airport,VTE,2024-08-20 21:50,60,Lao Airlines,Economy,60,,,81,Y,Y,Y,1,7,1,20,Tuesday,False,False,False,Wattay International Airport,VTE
Suvarnabhumi Airport,BKK,2025-04-16 18:25,Wattay International Airport,VTE,2024-08-20 19:45,80,THAI,Economy,80,,,117,Y,Y,Y,1,7,2,23,Wednesday,False,False,False,Wattay International Airport,VTE
Suvarnabhumi Airport,BKK,2025-04-17 18:25,Kunming Changshui International Airport,KMG,2024-08-20 16:55,155,China Eastern,Economy,460,215.0,,254,Y,Y,Y,1,8,2,23,Thursday,False,False,False,Wattay International Airport,VTE
Suvarnabhumi Airport,BKK,2025-04-18 18:25,Kunming Changshui International Airport,KMG,2024-08-21 00:45,150,China Eastern,Economy,745,500.0,True,254,Y,Y,Y,1,8,2,23,Friday,False,False,False,Wattay International Airport,VTE
Suvarnabhumi Airport,BKK,2025-04-19 18:25,Wattay International Airport,VTE,2024-08-21 15:05,60,Lao Airlines,Economy,60,,,81,Y,Y,Y,1,7,1,20,Saturday,False,False,False,Wattay International Airport,VTE
Suvarnabhumi Airport,BKK,2025-04-20 18:25,Wattay International Airport,VTE,2024-08-21 21:50,60,Lao Airlines,Economy,60,,,81,Y,Y,Y,1,7,1,20,Sunday,False,False,False,Wattay International Airport,VTE
Suvarnabhumi Airport,BKK,2025-04-21 18:25,Wattay International Airport,VTE,2024-08-21 12:40,75,THAI,Economy,75,,,111,Y,Y,Y,1,7,2,23,Monday,False,False,False,Wattay International Airport,VTE
Suvarnabhumi Airport,BKK,2025-04-22 18:25,Wattay International Airport,VTE,2024-08-21 19:45,80,THAI,Economy,80,,,111,Y,Y,Y,1,7,2,23,Tuesday,False,False,False,Wattay International Airport,VTE
Suvarnabhumi Airport,BKK,2025-04-23 18:25,Kunming Changshui International Airport,KMG,2024-08-21 17:00,160,China Eastern,Economy,460,210.0,,254,Y,Y,Y,1,8,2,23,Wednesday,False,False,False,Wattay International Airport,VTE
Suvarnabhumi Airport,BKK,2025-04-24 18:25,Kunming Changshui International Airport,KMG,2024-08-22 00:45,150,China Eastern,Economy,745,500.0,True,254,Y,Y,Y,1,8,2,23,Thursday,False,False,False,Wattay International Airport,VTE
Suvarnabhumi Airport,BKK,2025-04-25 18:25,Guangzhou Baiyun International Airport,CAN,2024-08-21 15:05,165,China Southern,Economy,410,90.0,,304,Y,Y,Y,1,8,1,23,Friday,False,False,False,Wattay International Airport,VTE
Suvarnabhumi Airport,BKK,2025-04-26 18:25,Wattay International Airport,VTE,2024-08-22 15:25,80,Lao Airlines,Economy,80,,,80,Y,Y,Y,1,7,1,20,Saturday,False,False,False,Wattay International Airport,VTE
Suvarnabhumi Airport,BKK,2025-04-27 18:25,Wattay International Airport,VTE,2024-08-22 12:40,75,THAI,Economy,75,,,111,Y,Y,Y,1,7,2,23,Sunday,False,False,False,Wattay International Airport,VTE
Suvarnabhumi Airport,BKK,2025-04-28 18:25,Wattay International Airport,VTE,2024-08-22 21:50,60,Lao Airlines,Economy,60,,,80,Y,Y,Y,1,7,1,20,Monday,False,False,False,Wattay International Airport,VTE
Suvarnabhumi Airport,BKK,2025-04-29 18:25,Wattay International Airport,VTE,2024-08-22 19:45,80,THAI,Economy,80,,,111,Y,Y,Y,1,7,2,23,Tuesday,False,False,False,Wattay International Airport,VTE
Suvarnabhumi Airport,BKK,2025-04-30 18:25,Kunming Changshui International Airport,KMG,2024-08-22 16:50,150,China Eastern,Economy,460,220.0,,254,Y,Y,Y,1,8,2,23,Wednesday,False,False,False,Wattay International Airport,VTE
Suvarnabhumi Airport,BKK,2025-05-01 18:25,Kunming Changshui International Airport,KMG,2024-08-23 00:45,150,China Eastern,Economy,745,500.0,True,254,Y,Y,Y,1,8,2,23,Thursday,False,False,False,Wattay International Airport,VTE
Suvarnabhumi Airport,BKK,2025-05-02 18:25,Wattay International Airport,VTE,2024-08-23 15:05,60,Lao Airlines,Economy,60,,,81,Y,Y,Y,1,7,1,20,Friday,False,False,False,Wattay International Airport,VTE
Suvarnabhumi Airport,BKK,2025-05-03 18:25,Wattay International Airport,VTE,2024-08-23 21:50,60,Lao Airlines,Economy,60,,,81,Y,Y,Y,1,7,1,20,Saturday,False,False,False,Wattay International Airport,VTE
Suvarnabhumi Airport,BKK,2025-05-04 18:25,Wattay International Airport,VTE,2024-08-23 12:40,75,THAI,Economy,75,,,114,Y,Y,Y,1,7,2,23,Sunday,False,False,False,Wattay International Airport,VTE
Suvarnabhumi Airport,BKK,2025-05-05 18:25,Wattay International Airport,VTE,2024-08-23 19:45,80,THAI,Economy,80,,,114,Y,Y,Y,1,7,2,23,Monday,False,False,False,Wattay International Airport,VTE
Suvarnabhumi Airport,BKK,2025-05-06 18:25,Kunming Changshui International Airport,KMG,2024-08-23 16:55,155,China Eastern,Economy,460,215.0,,254,Y,Y,Y,1,8,2,23,Tuesday,False,False,False,Wattay International Airport,VTE
Suvarnabhumi Airport,BKK,2025-05-07 18:25,Kunming Changshui International Airport,KMG,2024-08-24 00:45,150,China Eastern,Economy,745,500.0,True,254,Y,Y,Y,1,8,2,23,Wednesday,False,False,False,Wattay International Airport,VTE
Suvarnabhumi Airport,BKK,2025-05-08 18:25,Guangzhou Baiyun International Airport,CAN,2024-08-23 15:05,165,China Southern,Economy,410,90.0,,304,Y,Y,Y,1,8,1,23,Thursday,False,False,False,Wattay International Airport,VTE
Suvarnabhumi Airport,BKK,2025-05-09 18:25,Wattay International Airport,VTE,2024-08-24 15:25,80,Lao Airlines,Economy,80,,,80,Y,Y,Y,1,7,1,20,Friday,False,False,False,Wattay International Airport,VTE
Suvarnabhumi Airport,BKK,2025-05-10 18:25,Wattay International Airport,VTE,2024-08-24 12:40,75,THAI,Economy,75,,,114,Y,Y,Y,1,7,2,23,Saturday,False,False,False,Wattay International Airport,VTE
Suvarnabhumi Airport,BKK,2025-05-11 18:25,Wattay International Airport,VTE,2024-08-24 21:50,60,Lao Airlines,Economy,60,,,80,Y,Y,Y,1,7,1,20,Sunday,False,False,False,Wattay International Airport,VTE
Suvarnabhumi Airport,BKK,2025-05-12 18:25,Wattay International Airport,VTE,2024-08-24 19:45,80,THAI,Economy,80,,,114,Y,Y,Y,1,7,2,23,Monday,False,False,False,Wattay International Airport,VTE
Suvarnabhumi Airport,BKK,2025-05-13 18:25,Kunming Changshui International Airport,KMG,2024-08-24 16:40,140,China Eastern,Economy,460,230.0,,254,Y,Y,Y,1,8,2,23,Tuesday,False,False,False,Wattay International Airport,VTE
Suvarnabhumi Airport,BKK,2025-05-14 18:25,Kunming Changshui International Airport,KMG,2024-08-25 00:45,150,China Eastern,Economy,745,500.0,True,254,Y,Y,Y,1,8,2,23,Wednesday,False,False,False,Wattay International Airport,VTE
Suvarnabhumi Airport,BKK,2025-05-15 18:25,Wattay International Airport,VTE,2024-08-25 15:25,80,Lao Airlines,Economy,80,,,80,Y,Y,Y,1,7,1,20,Thursday,False,False,False,Wattay International Airport,VTE
Suvarnabhumi Airport,BKK,2025-05-16 18:25,Wattay International Airport,VTE,2024-08-25 21:50,60,Lao Airlines,Economy,60,,,80,Y,Y,Y,1,7,1,20,Friday,False,False,False,Wattay International Airport,VTE
Suvarnabhumi Airport,BKK,2025-05-17 18:25,Wattay International Airport,VTE,2024-08-25 19:45,80,THAI,Economy,80,,,115,Y,Y,Y,1,7,2,23,Saturday,False,False,False,Wattay International Airport,VTE
Suvarnabhumi Airport,BKK,2025-05-18 18:25,Wattay International Airport,VTE,2024-08-25 12:40,75,THAI,Economy,75,,,122,Y,Y,Y,1,7,2,23,Sunday,False,False,False,Wattay International Airport,VTE
Suvarnabhumi Airport,BKK,2025-05-19 18:25,Kunming Changshui International Airport,KMG,2024-08-25 16:50,150,China Eastern,Economy,460,220.0,,254,Y,Y,Y,1,8,2,23,Monday,False,False,False,Wattay International Airport,VTE
Suvarnabhumi Airport,BKK,2025-05-20 18:25,Kunming Changshui International Airport,KMG,2024-08-26 00:45,150,China Eastern,Economy,745,500.0,True,254,Y,Y,Y,1,8,2,23,Tuesday,False,False,False,Wattay International Airport,VTE
Suvarnabhumi Airport,BKK,2025-05-21 18:25,Guangzhou Baiyun International Airport,CAN,2024-08-25 15:05,165,China Southern,Economy,410,90.0,,286,Y,Y,Y,1,8,1,23,Wednesday,False,False,False,Wattay International Airport,VTE
Suvarnabhumi Airport,BKK,2025-05-22 18:25,Wattay International Airport,VTE,2024-08-26 15:05,60,Lao Airlines,Economy,60,,,81,Y,Y,Y,1,7,1,20,Thursday,False,False,False,Wattay International Airport,VTE
Suvarnabhumi Airport,BKK,2025-05-23 18:25,Wattay International Airport,VTE,2024-08-26 12:40,75,THAI,Economy,75,,,114,Y,Y,Y,1,7,2,23,Friday,False,False,False,Wattay International Airport,VTE
Suvarnabhumi Airport,BKK,2025-05-24 18:25,Wattay International Airport,VTE,2024-08-26 21:50,60,Lao Airlines,Economy,60,,,81,Y,Y,Y,1,7,1,20,Saturday,False,False,False,Wattay International Airport,VTE
Suvarnabhumi Airport,BKK,2025-05-25 18:25,Wattay International Airport,VTE,2024-08-26 19:45,80,THAI,Economy,80,,,114,Y,Y,Y,1,7,2,23,Sunday,False,False,False,Wattay International Airport,VTE
Suvarnabhumi Airport,BKK,2025-05-26 18:25,Kunming Changshui International Airport,KMG,2024-08-26 16:55,155,China Eastern,Economy,460,215.0,,254,Y,Y,Y,1,8,2,23,Monday,False,False,False,Wattay International Airport,VTE
Suvarnabhumi Airport,BKK,2025-05-27 18:25,Kunming Changshui International Airport,KMG,2024-08-27 00:45,150,China Eastern,Economy,745,500.0,True,254,Y,Y,Y,1,8,2,23,Tuesday,False,False,False,Wattay International Airport,VTE
Suvarnabhumi Airport,BKK,2025-05-28 18:25,Wattay International Airport,VTE,2024-08-27 15:25,80,Lao Airlines,Economy,80,,,80,Y,Y,Y,1,7,1,20,Wednesday,False,False,False,Wattay International Airport,VTE
Suvarnabhumi Airport,BKK,2025-05-29 18:25,Wattay International Airport,VTE,2024-08-27 21:50,60,Lao Airlines,Economy,60,,,80,Y,Y,Y,1,7,1,20,Thursday,False,False,False,Wattay International Airport,VTE
Suvarnabhumi Airport,BKK,2025-05-30 18:25,Wattay International Airport,VTE,2024-08-27 12:40,75,THAI,Economy,75,,,115,Y,Y,Y,1,7,2,23,Friday,False,False,False,Wattay International Airport,VTE
Suvarnabhumi Airport,BKK,2025-05-31 18:25,Wattay International Airport,VTE,2024-08-27 19:45,80,THAI,Economy,80,,,115,Y,Y,Y,1,7,2,23,Saturday,False,False,False,Wattay International Airport,VTE
Suvarnabhumi Airport,BKK,2025-06-01 18:25,Kunming Changshui International Airport,KMG,2024-08-27 16:55,155,China Eastern,Economy,460,215.0,,270,Y,Y,Y,1,8,2,23,Sunday,False,False,False,Wattay International Airport,VTE
Suvarnabhumi Airport,BKK,2025-06-02 18:25,Kunming Changshui International Airport,KMG,2024-08-28 00:45,150,China Eastern,Economy,745,500.0,True,254,Y,Y,Y,1,8,2,23,Monday,False,False,False,Wattay International Airport,VTE
Suvarnabhumi Airport,BKK,2025-06-03 18:25,Wattay International Airport,VTE,2024-08-28 15:05,60,Lao Airlines,Economy,60,,,80,Y,Y,Y,1,7,1,20,Tuesday,False,False,False,Wattay International Airport,VTE
Suvarnabhumi Airport,BKK,2025-06-04 18:25,Wattay International Airport,VTE,2024-08-28 21:50,60,Lao Airlines,Economy,60,,,80,Y,Y,Y,1,7,1,20,Wednesday,False,False,False,Wattay International Airport,VTE
Suvarnabhumi Airport,BKK,2025-06-05 18:25,Wattay International Airport,VTE,2024-08-28 12:40,75,THAI,Economy,75,,,114,Y,Y,Y,1,7,2,23,Thursday,False,False,False,Wattay International Airport,VTE
Suvarnabhumi Airport,BKK,2025-06-06 18:25,Wattay International Airport,VTE,2024-08-28 19:45,80,THAI,Economy,80,,,114,Y,Y,Y,1,7,2,23,Friday,False,False,False,Wattay International Airport,VTE
Suvarnabhumi Airport,BKK,2025-06-07 18:25,Kunming Changshui International Airport,KMG,2024-08-28 17:00,160,China Eastern,Economy,460,210.0,,254,Y,Y,Y,1,8,2,23,Saturday,False,False,False,Wattay International Airport,VTE
Suvarnabhumi Airport,BKK,2025-06-08 18:25,Kunming Changshui International Airport,KMG,2024-08-29 00:45,150,China Eastern,Economy,745,500.0,True,254,Y,Y,Y,1,8,2,23,Sunday,False,False,False,Wattay International Airport,VTE
Suvarnabhumi Airport,BKK,2025-06-09 18:25,Guangzhou Baiyun International Airport,CAN,2024-08-28 15:05,165,China Southern,Economy,410,90.0,,279,Y,Y,Y,1,8,1,23,Monday,False,False,False,Wattay International Airport,VTE
Suvarnabhumi Airport,BKK,2025-06-10 18:25,Wattay International Airport,VTE,2024-08-29 15:25,80,Lao Airlines,Economy,80,,,81,Y,Y,Y,1,7,1,20,Tuesday,False,False,False,Wattay International Airport,VTE
Suvarnabhumi Airport,BKK,2025-06-11 18:25,Wattay International Airport,VTE,2024-08-29 12:40,75,THAI,Economy,75,,,115,Y,Y,Y,1,7,2,23,Wednesday,False,False,False,Wattay International Airport,VTE
Suvarnabhumi Airport,BKK,2025-06-12 18:25,Wattay International Airport,VTE,2024-08-29 21:50,60,Lao Airlines,Economy,60,,,81,Y,Y,Y,1,7,1,20,Thursday,False,False,False,Wattay International Airport,VTE
Suvarnabhumi Airport,BKK,2025-06-13 18:25,Wattay International Airport,VTE,2024-08-29 19:45,80,THAI,Economy,80,,,115,Y,Y,Y,1,7,2,23,Friday,False,False,False,Wattay International Airport,VTE
Suvarnabhumi Airport,BKK,2025-06-14 18:25,Kunming Changshui International Airport,KMG,2024-08-29 16:50,150,China Eastern,Economy,460,220.0,,254,Y,Y,Y,1,8,2,23,Saturday,False,False,False,Wattay International Airport,VTE
Suvarnabhumi Airport,BKK,2025-06-15 18:25,Kunming Changshui International Airport,KMG,2024-08-30 00:45,150,China Eastern,Economy,745,500.0,True,254,Y,Y,Y,1,8,2,23,Sunday,False,False,False,Wattay International Airport,VTE
Suvarnabhumi Airport,BKK,2025-06-16 18:25,Wattay International Airport,VTE,2024-08-30 15:05,60,Lao Airlines,Economy,60,,,80,Y,Y,Y,1,7,1,20,Monday,False,False,False,Wattay International Airport,VTE
Suvarnabhumi Airport,BKK,2025-06-17 18:25,Wattay International Airport,VTE,2024-08-30 21:50,60,Lao Airlines,Economy,60,,,80,Y,Y,Y,1,7,1,20,Tuesday,False,False,False,Wattay International Airport,VTE
Suvarnabhumi Airport,BKK,2025-06-18 18:25,Wattay International Airport,VTE,2024-08-30 12:40,75,THAI,Economy,75,,,114,Y,Y,Y,1,7,2,23,Wednesday,False,False,False,Wattay International Airport,VTE
Suvarnabhumi Airport,BKK,2025-06-19 18:25,Wattay International Airport,VTE,2024-08-30 19:45,80,THAI,Economy,80,,,114,Y,Y,Y,1,7,2,23,Thursday,False,False,False,Wattay International Airport,VTE
Suvarnabhumi Airport,BKK,2025-06-20 18:25,Kunming Changshui International Airport,KMG,2024-08-30 16:55,155,China Eastern,Economy,460,215.0,,254,Y,Y,Y,1,8,2,23,Friday,False,False,False,Wattay International Airport,VTE
Suvarnabhumi Airport,BKK,2025-06-21 18:25,Kunming Changshui International Airport,KMG,2024-08-31 00:45,150,China Eastern,Economy,745,500.0,True,254,Y,Y,Y,1,8,2,23,Saturday,False,False,False,Wattay International Airport,VTE
Suvarnabhumi Airport,BKK,2025-06-22 18:25,Guangzhou Baiyun International Airport,CAN,2024-08-30 15:05,165,China Southern,Economy,410,90.0,,298,Y,Y,Y,1,8,1,23,Sunday,False,False,False,Wattay International Airport,VTE
Suvarnabhumi Airport,BKK,2025-06-23 18:25,Wattay International Airport,VTE,2024-08-31 15:25,80,Lao Airlines,Economy,80,,,80,Y,Y,Y,1,7,1,20,Monday,False,False,False,Wattay International Airport,VTE
Suvarnabhumi Airport,BKK,2025-06-24 18:25,Wattay International Airport,VTE,2024-08-31 21:50,60,Lao Airlines,Economy,60,,,80,Y,Y,Y,1,7,1,20,Tuesday,False,False,False,Wattay International Airport,VTE
Suvarnabhumi Airport,BKK,2025-06-25 18:25,Wattay International Airport,VTE,2024-08-31 12:40,75,THAI,Economy,75,,,116,Y,Y,Y,1,7,2,23,Wednesday,False,False,False,Wattay International Airport,VTE
Suvarnabhumi Airport,BKK,2025-06-26 18:25,Wattay International Airport,VTE,2024-08-31 19:45,80,THAI,Economy,80,,,116,Y,Y,Y,1,7,2,23,Thursday,False,False,False,Wattay International Airport,VTE
Suvarnabhumi Airport,BKK,2025-06-27 18:25,Kunming Changshui International Airport,KMG,2024-08-31 16:40,140,China Eastern,Economy,460,230.0,,254,Y,Y,Y,1,8,2,23,Friday,False,False,False,Wattay International Airport,VTE
Suvarnabhumi Airport,BKK,2025-06-28 18:25,Kunming Changshui International Airport,KMG,2024-09-01 00:45,150,China Eastern,Economy,1425,1185.0,True,254,Y,Y,Y,1,8,2,23,Saturday,False,False,False,Wattay International Airport,VTE
Suvarnabhumi Airport,BKK,2025-06-29 18:25,Kunming Changshui International Airport,KMG,2024-09-01 00:45,150,China Eastern,Economy,745,500.0,True,270,Y,Y,Y,1,8,2,23,Sunday,False,False,False,Wattay International Airport,VTE
