Departure Airport Name,Departure Airport ID,Departure Time,Arrival Airport Name,Arrival Airport ID,Arrival Time,Duration,Airline,Travel Class,Total Duration,Layover 1 Duration,Layover 1 Overnight,Price, Cabin Baggage, Checked Baggage,Meal Included,Cabin Baggage (Number),Cabin Baggage (kg per piece),Checked Baggage (Number),Checked Baggage (kg per piece) ,Day of Week (on flight date),Departure Country Is Holiday,Arrival Country Is Holiday,Overnight Flight,Final Arrival Airport Name,Final Arrival Airport ID
Brunei International Airport,BWN,2024-07-02 10:55,Suvarnabhumi Airport,BKK,2024-07-02 12:40,165,Royal Brunei,Economy,590,345,,445,Y,Y,Y,1,7,1,20,Tuesday,False,False,False,Wattay International Airport,VTE
Brunei International Airport,BWN,2024-07-03 18:20,Suvarnabhumi Airport,BKK,2024-07-03 20:05,165,Royal Brunei,Economy,1170,930,True,503,Y,Y,Y,1,7,1,20,Wednesday,False,False,False,Wattay International Airport,VTE
Brunei International Airport,BWN,2024-07-06 10:55,Suvarnabhumi Airport,BKK,2024-07-06 12:40,165,Royal Brunei,Economy,590,345,,835,Y,Y,Y,1,7,1,20,Saturday,False,False,False,Wattay International Airport,VTE
Brunei International Airport,BWN,2024-07-07 18:20,Suvarnabhumi Airport,BKK,2024-07-07 20:05,165,Royal Brunei,Economy,1170,930,True,466,Y,Y,Y,1,7,1,20,Sunday,False,False,False,Wattay International Airport,VTE
Brunei International Airport,BWN,2024-07-08 12:05,Singapore Changi Airport,SIN,2024-07-08 14:20,135,Singapore Airlines,Economy,1505,1200,True,632,Y,Y,Y,1,7,1,23,Monday,True,False,False,Wattay International Airport,VTE
Brunei International Airport,BWN,2024-07-09 10:55,Suvarnabhumi Airport,BKK,2024-07-09 12:40,165,Royal Brunei,Economy,590,345,,628,Y,Y,Y,1,7,1,20,Tuesday,False,False,False,Wattay International Airport,VTE
Brunei International Airport,BWN,2024-07-10 18:20,Suvarnabhumi Airport,BKK,2024-07-10 20:05,165,Royal Brunei,Economy,1170,930,True,466,Y,Y,Y,1,7,1,20,Wednesday,False,False,False,Wattay International Airport,VTE
Brunei International Airport,BWN,2024-07-15 12:05,Singapore Changi Airport,SIN,2024-07-15 14:20,135,Singapore Airlines,Economy,1505,1200,True,454,Y,Y,Y,1,7,1,23,Monday,True,False,False,Wattay International Airport,VTE
Brunei International Airport,BWN,2024-07-19 15:50,Singapore Changi Airport,SIN,2024-07-19 18:00,130,Singapore Airlines,Economy,1280,980,True,454,Y,Y,Y,1,7,1,23,Friday,False,False,False,Wattay International Airport,VTE
Brunei International Airport,BWN,2024-07-21 18:20,Suvarnabhumi Airport,BKK,2024-07-21 20:05,165,Royal Brunei,Economy,1170,930,True,466,Y,Y,Y,1,7,1,20,Sunday,False,False,False,Wattay International Airport,VTE
Brunei International Airport,BWN,2024-07-22 12:05,Singapore Changi Airport,SIN,2024-07-22 14:20,135,Singapore Airlines,Economy,1505,1200,True,454,Y,Y,Y,1,7,1,23,Monday,False,False,False,Wattay International Airport,VTE
Brunei International Airport,BWN,2024-07-23 10:55,Suvarnabhumi Airport,BKK,2024-07-23 12:40,165,Royal Brunei,Economy,590,345,,628,Y,Y,Y,1,7,1,20,Tuesday,False,False,False,Wattay International Airport,VTE
Brunei International Airport,BWN,2024-07-24 18:20,Suvarnabhumi Airport,BKK,2024-07-24 20:05,165,Royal Brunei,Economy,1170,930,True,466,Y,Y,Y,1,7,1,20,Wednesday,False,False,False,Wattay International Airport,VTE
Brunei International Airport,BWN,2024-07-26 15:50,Singapore Changi Airport,SIN,2024-07-26 18:00,130,Singapore Airlines,Economy,1280,980,True,454,Y,Y,Y,1,7,1,23,Friday,False,False,False,Wattay International Airport,VTE
Brunei International Airport,BWN,2024-07-27 10:55,Suvarnabhumi Airport,BKK,2024-07-27 12:40,165,Royal Brunei,Economy,590,345,,522,Y,Y,Y,1,7,1,20,Saturday,False,False,False,Wattay International Airport,VTE
Brunei International Airport,BWN,2024-07-28 18:20,Suvarnabhumi Airport,BKK,2024-07-28 20:05,165,Royal Brunei,Economy,1170,930,True,466,Y,Y,Y,1,7,1,20,Sunday,False,False,False,Wattay International Airport,VTE
Brunei International Airport,BWN,2024-07-29 12:05,Singapore Changi Airport,SIN,2024-07-29 14:20,135,Singapore Airlines,Economy,1505,1200,True,346,Y,Y,Y,1,7,1,23,Monday,False,False,False,Wattay International Airport,VTE
Brunei International Airport,BWN,2024-07-30 10:55,Suvarnabhumi Airport,BKK,2024-07-30 12:40,165,Royal Brunei,Economy,590,345,,573,Y,Y,Y,1,7,1,20,Tuesday,False,False,False,Wattay International Airport,VTE
Brunei International Airport,BWN,2024-07-31 15:50,Singapore Changi Airport,SIN,2024-07-31 18:00,130,Singapore Airlines,Economy,1280,980,True,346,Y,Y,Y,1,7,1,23,Wednesday,False,False,False,Wattay International Airport,VTE
Brunei International Airport,BWN,2024-07-31 18:20,Suvarnabhumi Airport,BKK,2024-07-31 20:05,165,Royal Brunei,Economy,1160,920,True,650,Y,Y,Y,1,7,1,20,Wednesday,False,False,False,Wattay International Airport,VTE
Brunei International Airport,BWN,2024-08-02 15:50,Singapore Changi Airport,SIN,2024-08-02 18:00,130,Singapore Airlines,Economy,1280,980,True,565,Y,Y,Y,1,7,1,23,Friday,False,False,False,Wattay International Airport,VTE
Brunei International Airport,BWN,2024-08-03 10:55,Suvarnabhumi Airport,BKK,2024-08-03 12:40,165,Royal Brunei,Economy,590,345,,628,Y,Y,Y,1,7,1,20,Saturday,False,False,False,Wattay International Airport,VTE
Brunei International Airport,BWN,2024-08-04 18:20,Suvarnabhumi Airport,BKK,2024-08-04 20:05,165,Royal Brunei,Economy,1160,920,True,466,Y,Y,Y,1,7,1,20,Sunday,False,False,False,Wattay International Airport,VTE
Brunei International Airport,BWN,2024-08-05 12:05,Singapore Changi Airport,SIN,2024-08-05 14:20,135,Singapore Airlines,Economy,1505,1200,True,407,Y,Y,Y,1,7,1,23,Monday,False,False,False,Wattay International Airport,VTE
Brunei International Airport,BWN,2024-08-06 10:55,Suvarnabhumi Airport,BKK,2024-08-06 12:40,165,Royal Brunei,Economy,590,345,,628,Y,Y,Y,1,7,1,20,Tuesday,False,False,False,Wattay International Airport,VTE
Brunei International Airport,BWN,2024-08-07 15:50,Singapore Changi Airport,SIN,2024-08-07 18:00,130,Singapore Airlines,Economy,1280,980,True,346,Y,Y,Y,1,7,1,23,Wednesday,False,False,False,Wattay International Airport,VTE
Brunei International Airport,BWN,2024-08-07 18:20,Suvarnabhumi Airport,BKK,2024-08-07 20:05,165,Royal Brunei,Economy,1160,920,True,466,Y,Y,Y,1,7,1,20,Wednesday,False,False,False,Wattay International Airport,VTE
Brunei International Airport,BWN,2024-08-09 15:50,Singapore Changi Airport,SIN,2024-08-09 18:00,130,Singapore Airlines,Economy,1280,980,True,346,Y,Y,Y,1,7,1,23,Friday,False,False,False,Wattay International Airport,VTE
Brunei International Airport,BWN,2024-08-10 10:55,Suvarnabhumi Airport,BKK,2024-08-10 12:40,165,Royal Brunei,Economy,590,345,,573,Y,Y,Y,1,7,1,20,Saturday,False,False,False,Wattay International Airport,VTE
Brunei International Airport,BWN,2024-08-11 18:20,Suvarnabhumi Airport,BKK,2024-08-11 20:05,165,Royal Brunei,Economy,1160,920,True,466,Y,Y,Y,1,7,1,20,Sunday,False,False,False,Wattay International Airport,VTE
Brunei International Airport,BWN,2024-08-12 12:05,Singapore Changi Airport,SIN,2024-08-12 14:20,135,Singapore Airlines,Economy,1505,1200,True,346,Y,Y,Y,1,7,1,23,Monday,False,False,False,Wattay International Airport,VTE
Brunei International Airport,BWN,2024-08-13 10:55,Suvarnabhumi Airport,BKK,2024-08-13 12:40,165,Royal Brunei,Economy,590,345,,445,Y,Y,Y,1,7,1,20,Tuesday,False,False,False,Wattay International Airport,VTE
Brunei International Airport,BWN,2024-08-14 15:50,Singapore Changi Airport,SIN,2024-08-14 18:00,130,Singapore Airlines,Economy,1280,980,True,346,Y,Y,Y,1,7,1,23,Wednesday,False,False,False,Wattay International Airport,VTE
Brunei International Airport,BWN,2024-08-14 18:20,Suvarnabhumi Airport,BKK,2024-08-14 20:05,165,Royal Brunei,Economy,1160,920,True,466,Y,Y,Y,1,7,1,20,Wednesday,False,False,False,Wattay International Airport,VTE
Brunei International Airport,BWN,2024-08-16 15:50,Singapore Changi Airport,SIN,2024-08-16 18:00,130,Singapore Airlines,Economy,1280,980,True,346,Y,Y,Y,1,7,1,23,Friday,False,False,False,Wattay International Airport,VTE
Brunei International Airport,BWN,2024-08-17 10:55,Suvarnabhumi Airport,BKK,2024-08-17 12:40,165,Royal Brunei,Economy,590,345,,482,Y,Y,Y,1,7,1,20,Saturday,False,False,False,Wattay International Airport,VTE
Brunei International Airport,BWN,2024-08-18 18:20,Suvarnabhumi Airport,BKK,2024-08-18 20:05,165,Royal Brunei,Economy,1160,920,True,466,Y,Y,Y,1,7,1,20,Sunday,False,False,False,Wattay International Airport,VTE
Brunei International Airport,BWN,2024-08-19 12:05,Singapore Changi Airport,SIN,2024-08-19 14:20,135,Singapore Airlines,Economy,1505,1200,True,346,Y,Y,Y,1,7,1,23,Monday,False,False,False,Wattay International Airport,VTE
Brunei International Airport,BWN,2024-08-20 10:55,Suvarnabhumi Airport,BKK,2024-08-20 12:40,165,Royal Brunei,Economy,590,345,,445,Y,Y,Y,1,7,1,20,Tuesday,False,False,False,Wattay International Airport,VTE
Brunei International Airport,BWN,2024-08-21 15:50,Singapore Changi Airport,SIN,2024-08-21 18:00,130,Singapore Airlines,Economy,1280,980,True,346,Y,Y,Y,1,7,1,23,Wednesday,False,False,False,Wattay International Airport,VTE
Brunei International Airport,BWN,2024-08-21 18:20,Suvarnabhumi Airport,BKK,2024-08-21 20:05,165,Royal Brunei,Economy,1160,920,True,466,Y,Y,Y,1,7,1,20,Wednesday,False,False,False,Wattay International Airport,VTE
Brunei International Airport,BWN,2024-08-23 15:50,Singapore Changi Airport,SIN,2024-08-23 18:00,130,Singapore Airlines,Economy,1280,980,True,346,Y,Y,Y,1,7,1,23,Friday,False,False,False,Wattay International Airport,VTE
Brunei International Airport,BWN,2024-08-24 10:55,Suvarnabhumi Airport,BKK,2024-08-24 12:40,165,Royal Brunei,Economy,590,345,,445,Y,Y,Y,1,7,1,20,Saturday,False,False,False,Wattay International Airport,VTE
Brunei International Airport,BWN,2024-08-25 18:20,Suvarnabhumi Airport,BKK,2024-08-25 20:05,165,Royal Brunei,Economy,1160,920,True,466,Y,Y,Y,1,7,1,20,Sunday,False,False,False,Wattay International Airport,VTE
Brunei International Airport,BWN,2024-08-26 12:05,Singapore Changi Airport,SIN,2024-08-26 14:20,135,Singapore Airlines,Economy,1505,1200,True,346,Y,Y,Y,1,7,1,23,Monday,False,False,False,Wattay International Airport,VTE
Brunei International Airport,BWN,2024-08-27 10:55,Suvarnabhumi Airport,BKK,2024-08-27 12:40,165,Royal Brunei,Economy,590,345,,445,Y,Y,Y,1,7,1,20,Tuesday,False,False,False,Wattay International Airport,VTE
Brunei International Airport,BWN,2024-08-28 15:50,Singapore Changi Airport,SIN,2024-08-28 18:00,130,Singapore Airlines,Economy,1280,980,True,346,Y,Y,Y,1,7,1,23,Wednesday,False,False,False,Wattay International Airport,VTE
Brunei International Airport,BWN,2024-08-28 18:20,Suvarnabhumi Airport,BKK,2024-08-28 20:05,165,Royal Brunei,Economy,1160,920,True,466,Y,Y,Y,1,7,1,20,Wednesday,False,False,False,Wattay International Airport,VTE
Brunei International Airport,BWN,2024-08-30 15:50,Singapore Changi Airport,SIN,2024-08-30 18:00,130,Singapore Airlines,Economy,1280,980,True,407,Y,Y,Y,1,7,1,23,Friday,False,False,False,Wattay International Airport,VTE
Brunei International Airport,BWN,2024-08-31 10:55,Suvarnabhumi Airport,BKK,2024-08-31 12:40,165,Royal Brunei,Economy,590,345,,445,Y,Y,Y,1,7,1,20,Saturday,False,False,False,Wattay International Airport,VTE
