Departure Airport Name,Departure Airport ID,Departure Time,Arrival Airport Name,Arrival Airport ID,Arrival Time,Duration,Airline,Travel Class,Total Duration,Layover 1 Duration,Layover 1 Overnight,Price, Cabin Baggage, Checked Baggage,Meal Included,Cabin Baggage (Number),Cabin Baggage (kg per piece),Checked Baggage (Number),Checked Baggage (kg per piece) ,Day of Week (on flight date),Departure Country Is Holiday,Arrival Country Is Holiday,Overnight Flight,Final Arrival Airport Name,Final Arrival Airport ID
Brunei International Airport,BWN,2024-07-01 09:30,Kuala Lumpur International Airport,KUL,2024-07-01 11:55,145,AirAsia,Economy,145,,,110,Y,N,N,1,7,0,0,Monday,False,False,False,Kuala Lumpur International Airport,KUL
Brunei International Airport,BWN,2024-07-01 16:10,Kuala Lumpur International Airport,KUL,2024-07-01 18:35,145,AirAsia,Economy,145,,,110,Y,N,N,1,7,0,0,Monday,False,False,False,Kuala Lumpur International Airport,KUL
Brunei International Airport,BWN,2024-07-01 12:05,Singapore Changi Airport,SIN,2024-07-01 14:20,135,Singapore Airlines,Economy,335,125.0,,286,Y,Y,Y,1,7,1,23,Monday,False,False,False,Kuala Lumpur International Airport,KUL
Brunei International Airport,BWN,2024-07-01 08:50,Kuala Lumpur International Airport,KUL,2024-07-01 11:20,150,Royal Brunei,Economy,150,,,429,Y,Y,Y,1,7,1,20,Monday,False,False,False,Kuala Lumpur International Airport,KUL
Brunei International Airport,BWN,2024-07-01 18:45,Kota Kinabalu International Airport,BKI,2024-07-01 19:25,40,Royal Brunei,Economy,795,595.0,True,266,Y,Y,Y,1,7,1,20,Monday,False,False,False,Kuala Lumpur International Airport,KUL
Brunei International Airport,BWN,2024-07-01 12:05,Singapore Changi Airport,SIN,2024-07-01 14:20,135,Singapore Airlines,Economy,315,110.0,,283,Y,Y,Y,1,7,1,23,Monday,False,False,False,Kuala Lumpur International Airport,KUL
Brunei International Airport,BWN,2024-07-01 18:45,Kota Kinabalu International Airport,BKI,2024-07-01 19:25,40,Royal Brunei,Economy,340,140.0,,308,Y,Y,Y,1,7,1,20,Monday,False,False,False,Kuala Lumpur International Airport,KUL
Brunei International Airport,BWN,2024-07-01 12:05,Singapore Changi Airport,SIN,2024-07-01 14:20,135,Singapore Airlines,Economy,340,135.0,,1116,Y,Y,Y,1,7,1,23,Monday,False,False,False,Kuala Lumpur International Airport,KUL
Brunei International Airport,BWN,2024-07-02 09:30,Kuala Lumpur International Airport,KUL,2024-07-02 11:55,145,AirAsia,Economy,145,,,96,Y,N,N,1,7,0,0,Tuesday,False,False,False,Kuala Lumpur International Airport,KUL
Brunei International Airport,BWN,2024-07-02 16:10,Kuala Lumpur International Airport,KUL,2024-07-02 18:35,145,AirAsia,Economy,145,,,96,Y,N,N,1,7,0,0,Tuesday,False,False,False,Kuala Lumpur International Airport,KUL
Brunei International Airport,BWN,2024-07-02 17:55,Kuala Lumpur International Airport,KUL,2024-07-02 20:25,150,Royal Brunei,Economy,150,,,253,Y,Y,Y,1,7,1,20,Tuesday,False,False,False,Kuala Lumpur International Airport,KUL
Brunei International Airport,BWN,2024-07-02 19:35,Kota Kinabalu International Airport,BKI,2024-07-02 20:15,40,Royal Brunei,Economy,290,90.0,,266,Y,Y,Y,1,7,1,20,Tuesday,False,False,False,Kuala Lumpur International Airport,KUL
Brunei International Airport,BWN,2024-07-02 12:05,Singapore Changi Airport,SIN,2024-07-02 14:20,135,Singapore Airlines,Economy,315,110.0,,283,Y,Y,Y,1,7,1,23,Tuesday,False,False,False,Kuala Lumpur International Airport,KUL
Brunei International Airport,BWN,2024-07-02 12:05,Singapore Changi Airport,SIN,2024-07-02 14:20,135,Singapore Airlines,Economy,335,125.0,,286,Y,Y,Y,1,7,1,23,Tuesday,False,False,False,Kuala Lumpur International Airport,KUL
Brunei International Airport,BWN,2024-07-02 12:05,Singapore Changi Airport,SIN,2024-07-02 14:20,135,Singapore Airlines,Economy,340,135.0,,1116,Y,Y,Y,1,7,1,23,Tuesday,False,False,False,Kuala Lumpur International Airport,KUL
Brunei International Airport,BWN,2024-07-03 09:30,Kuala Lumpur International Airport,KUL,2024-07-03 11:55,145,AirAsia,Economy,145,,,110,Y,N,N,1,7,0,0,Wednesday,False,False,False,Kuala Lumpur International Airport,KUL
Brunei International Airport,BWN,2024-07-03 17:55,Kuala Lumpur International Airport,KUL,2024-07-03 20:25,150,Royal Brunei,Economy,150,,,201,Y,Y,Y,1,7,1,20,Wednesday,False,False,False,Kuala Lumpur International Airport,KUL
Brunei International Airport,BWN,2024-07-04 09:30,Kuala Lumpur International Airport,KUL,2024-07-04 11:55,145,AirAsia,Economy,145,,,137,Y,N,N,1,7,0,0,Thursday,False,False,False,Kuala Lumpur International Airport,KUL
Brunei International Airport,BWN,2024-07-04 12:55,Kuching International Airport,KCH,2024-07-04 14:15,80,Royal Brunei,Economy,250,60.0,,367,Y,Y,Y,1,7,1,20,Thursday,False,False,False,Kuala Lumpur International Airport,KUL
Brunei International Airport,BWN,2024-07-04 08:50,Kuala Lumpur International Airport,KUL,2024-07-04 11:20,150,Royal Brunei,Economy,150,,,429,Y,Y,Y,1,7,1,20,Thursday,False,False,False,Kuala Lumpur International Airport,KUL
Brunei International Airport,BWN,2024-07-04 12:05,Singapore Changi Airport,SIN,2024-07-04 14:20,135,Singapore Airlines,Economy,335,125.0,,474,Y,Y,Y,1,7,1,23,Thursday,False,False,False,Kuala Lumpur International Airport,KUL
Brunei International Airport,BWN,2024-07-04 12:55,Kuching International Airport,KCH,2024-07-04 14:15,80,Royal Brunei,Economy,580,395.0,,304,Y,Y,Y,1,7,1,20,Thursday,False,False,False,Kuala Lumpur International Airport,KUL
Brunei International Airport,BWN,2024-07-04 12:55,Kuching International Airport,KCH,2024-07-04 14:15,80,Royal Brunei,Economy,530,340.0,,340,Y,Y,Y,1,7,1,20,Thursday,False,False,False,Kuala Lumpur International Airport,KUL
Brunei International Airport,BWN,2024-07-04 12:05,Singapore Changi Airport,SIN,2024-07-04 14:20,135,Singapore Airlines,Economy,315,110.0,,474,Y,Y,Y,1,7,1,23,Thursday,False,False,False,Kuala Lumpur International Airport,KUL
Brunei International Airport,BWN,2024-07-04 17:55,Kuala Lumpur International Airport,KUL,2024-07-04 20:25,150,Royal Brunei,Economy,150,,,476,Y,Y,Y,1,7,1,20,Thursday,False,False,False,Kuala Lumpur International Airport,KUL
Brunei International Airport,BWN,2024-07-05 09:30,Kuala Lumpur International Airport,KUL,2024-07-05 11:55,145,AirAsia,Economy,145,,,148,Y,N,N,1,7,0,0,Friday,False,False,False,Kuala Lumpur International Airport,KUL
Brunei International Airport,BWN,2024-07-05 16:10,Kuala Lumpur International Airport,KUL,2024-07-05 18:35,145,AirAsia,Economy,145,,,148,Y,N,N,1,7,0,0,Friday,False,False,False,Kuala Lumpur International Airport,KUL
Brunei International Airport,BWN,2024-07-05 08:50,Kuala Lumpur International Airport,KUL,2024-07-05 11:20,150,Royal Brunei,Economy,150,,,286,Y,Y,Y,1,7,1,20,Friday,False,False,False,Kuala Lumpur International Airport,KUL
Brunei International Airport,BWN,2024-07-05 19:35,Kota Kinabalu International Airport,BKI,2024-07-05 20:15,40,Royal Brunei,Economy,745,545.0,True,266,Y,Y,Y,1,7,1,20,Friday,False,False,False,Kuala Lumpur International Airport,KUL
Brunei International Airport,BWN,2024-07-05 19:35,Kota Kinabalu International Airport,BKI,2024-07-05 20:15,40,Royal Brunei,Economy,290,90.0,,284,Y,Y,Y,1,7,1,20,Friday,False,False,False,Kuala Lumpur International Airport,KUL
Brunei International Airport,BWN,2024-07-05 17:55,Kuala Lumpur International Airport,KUL,2024-07-05 20:25,150,Royal Brunei,Economy,150,,,286,Y,Y,Y,1,7,1,20,Friday,False,False,False,Kuala Lumpur International Airport,KUL
Brunei International Airport,BWN,2024-07-05 18:30,Ninoy Aquino International Airport,MNL,2024-07-05 20:45,135,Royal Brunei,Economy,1245,875.0,True,398,Y,Y,Y,1,7,1,20,Friday,False,False,False,Kuala Lumpur International Airport,KUL
Brunei International Airport,BWN,2024-07-06 09:30,Kuala Lumpur International Airport,KUL,2024-07-06 11:55,145,AirAsia,Economy,145,,,110,Y,N,N,1,7,0,0,Saturday,False,False,False,Kuala Lumpur International Airport,KUL
Brunei International Airport,BWN,2024-07-06 16:10,Kuala Lumpur International Airport,KUL,2024-07-06 18:35,145,AirAsia,Economy,145,,,110,Y,N,N,1,7,0,0,Saturday,False,False,False,Kuala Lumpur International Airport,KUL
Brunei International Airport,BWN,2024-07-06 08:50,Kuala Lumpur International Airport,KUL,2024-07-06 11:20,150,Royal Brunei,Economy,150,,,253,Y,Y,Y,1,7,1,20,Saturday,False,False,False,Kuala Lumpur International Airport,KUL
Brunei International Airport,BWN,2024-07-06 18:25,Kota Kinabalu International Airport,BKI,2024-07-06 19:05,40,Royal Brunei,Economy,360,160.0,,266,Y,Y,Y,1,7,1,20,Saturday,False,False,False,Kuala Lumpur International Airport,KUL
Brunei International Airport,BWN,2024-07-06 12:05,Singapore Changi Airport,SIN,2024-07-06 14:20,135,Singapore Airlines,Economy,370,160.0,,526,Y,Y,Y,1,7,1,23,Saturday,False,False,False,Kuala Lumpur International Airport,KUL
Brunei International Airport,BWN,2024-07-07 16:10,Kuala Lumpur International Airport,KUL,2024-07-07 18:35,145,AirAsia,Economy,145,,,96,Y,N,N,1,7,0,0,Sunday,False,True,False,Kuala Lumpur International Airport,KUL
Brunei International Airport,BWN,2024-07-07 09:30,Kuala Lumpur International Airport,KUL,2024-07-07 11:55,145,AirAsia,Economy,145,,,110,Y,N,N,1,7,0,0,Sunday,False,True,False,Kuala Lumpur International Airport,KUL
Brunei International Airport,BWN,2024-07-07 08:50,Kuala Lumpur International Airport,KUL,2024-07-07 11:20,150,Royal Brunei,Economy,150,,,286,Y,Y,Y,1,7,1,20,Sunday,False,True,False,Kuala Lumpur International Airport,KUL
Brunei International Airport,BWN,2024-07-07 19:50,Kota Kinabalu International Airport,BKI,2024-07-07 20:30,40,Royal Brunei,Economy,730,530.0,True,284,Y,Y,Y,1,7,1,20,Sunday,False,True,False,Kuala Lumpur International Airport,KUL
Brunei International Airport,BWN,2024-07-07 17:55,Kuala Lumpur International Airport,KUL,2024-07-07 20:25,150,Royal Brunei,Economy,150,,,286,Y,Y,Y,1,7,1,20,Sunday,False,True,False,Kuala Lumpur International Airport,KUL
Brunei International Airport,BWN,2024-07-07 19:30,Kuching International Airport,KCH,2024-07-07 20:50,80,Royal Brunei,Economy,720,530.0,True,304,Y,Y,Y,1,7,1,20,Sunday,False,True,False,Kuala Lumpur International Airport,KUL
Brunei International Airport,BWN,2024-07-07 19:50,Kota Kinabalu International Airport,BKI,2024-07-07 20:30,40,Royal Brunei,Economy,275,75.0,,308,Y,Y,Y,1,7,1,20,Sunday,False,True,False,Kuala Lumpur International Airport,KUL
Brunei International Airport,BWN,2024-07-08 09:30,Kuala Lumpur International Airport,KUL,2024-07-08 11:55,145,AirAsia,Economy,145,,,107,Y,N,N,1,7,0,0,Monday,True,True,False,Kuala Lumpur International Airport,KUL
Brunei International Airport,BWN,2024-07-08 16:10,Kuala Lumpur International Airport,KUL,2024-07-08 18:35,145,AirAsia,Economy,145,,,125,Y,N,N,1,7,0,0,Monday,True,True,False,Kuala Lumpur International Airport,KUL
Brunei International Airport,BWN,2024-07-08 08:50,Kuala Lumpur International Airport,KUL,2024-07-08 11:20,150,Royal Brunei,Economy,150,,,286,Y,Y,Y,1,7,1,20,Monday,True,True,False,Kuala Lumpur International Airport,KUL
Brunei International Airport,BWN,2024-07-08 18:45,Kota Kinabalu International Airport,BKI,2024-07-08 19:25,40,Royal Brunei,Economy,340,140.0,,266,Y,Y,Y,1,7,1,20,Monday,True,True,False,Kuala Lumpur International Airport,KUL
Brunei International Airport,BWN,2024-07-08 18:30,Ninoy Aquino International Airport,MNL,2024-07-08 20:45,135,Royal Brunei,Economy,1245,875.0,True,435,Y,Y,Y,1,7,1,20,Monday,True,True,False,Kuala Lumpur International Airport,KUL
Brunei International Airport,BWN,2024-07-08 12:05,Singapore Changi Airport,SIN,2024-07-08 14:20,135,Singapore Airlines,Economy,315,110.0,,585,Y,Y,Y,1,7,1,23,Monday,True,True,False,Kuala Lumpur International Airport,KUL
Brunei International Airport,BWN,2024-07-08 12:05,Singapore Changi Airport,SIN,2024-07-08 14:20,135,Singapore Airlines,Economy,335,125.0,,585,Y,Y,Y,1,7,1,23,Monday,True,True,False,Kuala Lumpur International Airport,KUL
Brunei International Airport,BWN,2024-07-08 12:05,Singapore Changi Airport,SIN,2024-07-08 14:20,135,Singapore Airlines,Economy,340,135.0,,1116,Y,Y,Y,1,7,1,23,Monday,True,True,False,Kuala Lumpur International Airport,KUL
Brunei International Airport,BWN,2024-07-09 16:10,Kuala Lumpur International Airport,KUL,2024-07-09 18:35,145,AirAsia,Economy,145,,,89,Y,N,N,1,7,0,0,Tuesday,False,False,False,Kuala Lumpur International Airport,KUL
Brunei International Airport,BWN,2024-07-09 09:30,Kuala Lumpur International Airport,KUL,2024-07-09 11:55,145,AirAsia,Economy,145,,,107,Y,N,N,1,7,0,0,Tuesday,False,False,False,Kuala Lumpur International Airport,KUL
Brunei International Airport,BWN,2024-07-09 17:55,Kuala Lumpur International Airport,KUL,2024-07-09 20:25,150,Royal Brunei,Economy,150,,,201,Y,Y,Y,1,7,1,20,Tuesday,False,False,False,Kuala Lumpur International Airport,KUL
Brunei International Airport,BWN,2024-07-09 19:35,Kota Kinabalu International Airport,BKI,2024-07-09 20:15,40,Royal Brunei,Economy,290,90.0,,266,Y,Y,Y,1,7,1,20,Tuesday,False,False,False,Kuala Lumpur International Airport,KUL
Brunei International Airport,BWN,2024-07-09 12:05,Singapore Changi Airport,SIN,2024-07-09 14:20,135,Singapore Airlines,Economy,315,110.0,,312,Y,Y,Y,1,7,1,23,Tuesday,False,False,False,Kuala Lumpur International Airport,KUL
Brunei International Airport,BWN,2024-07-09 12:05,Singapore Changi Airport,SIN,2024-07-09 14:20,135,Singapore Airlines,Economy,335,125.0,,312,Y,Y,Y,1,7,1,23,Tuesday,False,False,False,Kuala Lumpur International Airport,KUL
Brunei International Airport,BWN,2024-07-10 09:30,Kuala Lumpur International Airport,KUL,2024-07-10 11:55,145,AirAsia,Economy,145,,,76,Y,N,N,1,7,0,0,Wednesday,False,False,False,Kuala Lumpur International Airport,KUL
Brunei International Airport,BWN,2024-07-10 16:10,Kuala Lumpur International Airport,KUL,2024-07-10 18:35,145,AirAsia,Economy,145,,,76,Y,N,N,1,7,0,0,Wednesday,False,False,False,Kuala Lumpur International Airport,KUL
Brunei International Airport,BWN,2024-07-10 17:55,Kuala Lumpur International Airport,KUL,2024-07-10 20:25,150,Royal Brunei,Economy,150,,,201,Y,Y,Y,1,7,1,20,Wednesday,False,False,False,Kuala Lumpur International Airport,KUL
Brunei International Airport,BWN,2024-07-11 16:10,Kuala Lumpur International Airport,KUL,2024-07-11 18:35,145,AirAsia,Economy,145,,,76,Y,N,N,1,7,0,0,Thursday,False,False,False,Kuala Lumpur International Airport,KUL
Brunei International Airport,BWN,2024-07-11 09:30,Kuala Lumpur International Airport,KUL,2024-07-11 11:55,145,AirAsia,Economy,145,,,89,Y,N,N,1,7,0,0,Thursday,False,False,False,Kuala Lumpur International Airport,KUL
Brunei International Airport,BWN,2024-07-11 17:55,Kuala Lumpur International Airport,KUL,2024-07-11 20:25,150,Royal Brunei,Economy,150,,,219,Y,Y,Y,1,7,1,20,Thursday,False,False,False,Kuala Lumpur International Airport,KUL
Brunei International Airport,BWN,2024-07-11 19:00,Kota Kinabalu International Airport,BKI,2024-07-11 19:40,40,Royal Brunei,Economy,325,125.0,,266,Y,Y,Y,1,7,1,20,Thursday,False,False,False,Kuala Lumpur International Airport,KUL
Brunei International Airport,BWN,2024-07-11 08:50,Kuala Lumpur International Airport,KUL,2024-07-11 11:20,150,Royal Brunei,Economy,150,,,286,Y,Y,Y,1,7,1,20,Thursday,False,False,False,Kuala Lumpur International Airport,KUL
Brunei International Airport,BWN,2024-07-11 12:05,Singapore Changi Airport,SIN,2024-07-11 14:20,135,Singapore Airlines,Economy,315,110.0,,312,Y,Y,Y,1,7,1,23,Thursday,False,False,False,Kuala Lumpur International Airport,KUL
Brunei International Airport,BWN,2024-07-11 12:05,Singapore Changi Airport,SIN,2024-07-11 14:20,135,Singapore Airlines,Economy,335,125.0,,312,Y,Y,Y,1,7,1,23,Thursday,False,False,False,Kuala Lumpur International Airport,KUL
Brunei International Airport,BWN,2024-07-11 12:55,Kuching International Airport,KCH,2024-07-11 14:15,80,Royal Brunei,Economy,250,60.0,,367,Y,Y,Y,1,7,1,20,Thursday,False,False,False,Kuala Lumpur International Airport,KUL
Brunei International Airport,BWN,2024-07-12 09:30,Kuala Lumpur International Airport,KUL,2024-07-12 11:55,145,AirAsia,Economy,145,,,107,Y,N,N,1,7,0,0,Friday,False,False,False,Kuala Lumpur International Airport,KUL
Brunei International Airport,BWN,2024-07-12 16:10,Kuala Lumpur International Airport,KUL,2024-07-12 18:35,145,AirAsia,Economy,145,,,107,Y,N,N,1,7,0,0,Friday,False,False,False,Kuala Lumpur International Airport,KUL
Brunei International Airport,BWN,2024-07-12 08:50,Kuala Lumpur International Airport,KUL,2024-07-12 11:20,150,Royal Brunei,Economy,150,,,286,Y,Y,Y,1,7,1,20,Friday,False,False,False,Kuala Lumpur International Airport,KUL
Brunei International Airport,BWN,2024-07-12 18:30,Ninoy Aquino International Airport,MNL,2024-07-12 20:45,135,Royal Brunei,Economy,1245,875.0,True,263,Y,Y,Y,1,7,1,20,Friday,False,False,False,Kuala Lumpur International Airport,KUL
Brunei International Airport,BWN,2024-07-12 19:35,Kota Kinabalu International Airport,BKI,2024-07-12 20:15,40,Royal Brunei,Economy,290,90.0,,266,Y,Y,Y,1,7,1,20,Friday,False,False,False,Kuala Lumpur International Airport,KUL
Brunei International Airport,BWN,2024-07-12 17:55,Kuala Lumpur International Airport,KUL,2024-07-12 20:25,150,Royal Brunei,Economy,150,,,286,Y,Y,Y,1,7,1,20,Friday,False,False,False,Kuala Lumpur International Airport,KUL
Brunei International Airport,BWN,2024-07-13 16:10,Kuala Lumpur International Airport,KUL,2024-07-13 18:35,145,AirAsia,Economy,145,,,107,Y,N,N,1,7,0,0,Saturday,False,False,False,Kuala Lumpur International Airport,KUL
Brunei International Airport,BWN,2024-07-13 15:30,Kota Kinabalu International Airport,BKI,2024-07-13 16:10,40,Royal Brunei,Economy,990,790.0,True,251,Y,Y,Y,1,7,1,20,Saturday,False,False,False,Kuala Lumpur International Airport,KUL
Brunei International Airport,BWN,2024-07-13 08:50,Kuala Lumpur International Airport,KUL,2024-07-13 11:20,150,Royal Brunei,Economy,150,,,286,Y,Y,Y,1,7,1,20,Saturday,False,False,False,Kuala Lumpur International Airport,KUL
Brunei International Airport,BWN,2024-07-13 12:05,Singapore Changi Airport,SIN,2024-07-13 14:20,135,Singapore Airlines,Economy,370,160.0,,585,Y,Y,Y,1,7,1,23,Saturday,False,False,False,Kuala Lumpur International Airport,KUL
Brunei International Airport,BWN,2024-07-14 09:30,Kuala Lumpur International Airport,KUL,2024-07-14 11:55,145,AirAsia,Economy,145,,,76,Y,N,N,1,7,0,0,Sunday,False,False,False,Kuala Lumpur International Airport,KUL
Brunei International Airport,BWN,2024-07-14 16:10,Kuala Lumpur International Airport,KUL,2024-07-14 18:35,145,AirAsia,Economy,145,,,76,Y,N,N,1,7,0,0,Sunday,False,False,False,Kuala Lumpur International Airport,KUL
Brunei International Airport,BWN,2024-07-14 17:55,Kuala Lumpur International Airport,KUL,2024-07-14 20:25,150,Royal Brunei,Economy,150,,,253,Y,Y,Y,1,7,1,20,Sunday,False,False,False,Kuala Lumpur International Airport,KUL
Brunei International Airport,BWN,2024-07-14 19:50,Kota Kinabalu International Airport,BKI,2024-07-14 20:30,40,Royal Brunei,Economy,730,530.0,True,266,Y,Y,Y,1,7,1,20,Sunday,False,False,False,Kuala Lumpur International Airport,KUL
Brunei International Airport,BWN,2024-07-14 19:30,Kuching International Airport,KCH,2024-07-14 20:50,80,Royal Brunei,Economy,720,530.0,True,304,Y,Y,Y,1,7,1,20,Sunday,False,False,False,Kuala Lumpur International Airport,KUL
Brunei International Airport,BWN,2024-07-14 19:50,Kota Kinabalu International Airport,BKI,2024-07-14 20:30,40,Royal Brunei,Economy,275,75.0,,308,Y,Y,Y,1,7,1,20,Sunday,False,False,False,Kuala Lumpur International Airport,KUL
Brunei International Airport,BWN,2024-07-14 08:50,Kuala Lumpur International Airport,KUL,2024-07-14 11:20,150,Royal Brunei,Economy,150,,,352,Y,Y,Y,1,7,1,20,Sunday,False,False,False,Kuala Lumpur International Airport,KUL
Brunei International Airport,BWN,2024-07-15 09:30,Kuala Lumpur International Airport,KUL,2024-07-15 11:55,145,AirAsia,Economy,145,,,76,Y,N,N,1,7,0,0,Monday,True,False,False,Kuala Lumpur International Airport,KUL
Brunei International Airport,BWN,2024-07-15 16:10,Kuala Lumpur International Airport,KUL,2024-07-15 18:35,145,AirAsia,Economy,145,,,76,Y,N,N,1,7,0,0,Monday,True,False,False,Kuala Lumpur International Airport,KUL
Brunei International Airport,BWN,2024-07-15 08:50,Kuala Lumpur International Airport,KUL,2024-07-15 11:20,150,Royal Brunei,Economy,150,,,253,Y,Y,Y,1,7,1,20,Monday,True,False,False,Kuala Lumpur International Airport,KUL
Brunei International Airport,BWN,2024-07-15 18:45,Kota Kinabalu International Airport,BKI,2024-07-15 19:25,40,Royal Brunei,Economy,340,140.0,,250,Y,Y,Y,1,7,1,20,Monday,True,False,False,Kuala Lumpur International Airport,KUL
Brunei International Airport,BWN,2024-07-15 12:05,Singapore Changi Airport,SIN,2024-07-15 14:20,135,Singapore Airlines,Economy,315,110.0,,283,Y,Y,Y,1,7,1,23,Monday,True,False,False,Kuala Lumpur International Airport,KUL
Brunei International Airport,BWN,2024-07-15 12:05,Singapore Changi Airport,SIN,2024-07-15 14:20,135,Singapore Airlines,Economy,335,125.0,,286,Y,Y,Y,1,7,1,23,Monday,True,False,False,Kuala Lumpur International Airport,KUL
Brunei International Airport,BWN,2024-07-15 18:30,Ninoy Aquino International Airport,MNL,2024-07-15 20:45,135,Royal Brunei,Economy,1245,875.0,True,323,Y,Y,Y,1,7,1,20,Monday,True,False,False,Kuala Lumpur International Airport,KUL
Brunei International Airport,BWN,2024-07-15 12:05,Singapore Changi Airport,SIN,2024-07-15 14:20,135,Singapore Airlines,Economy,340,135.0,,1116,Y,Y,Y,1,7,1,23,Monday,True,False,False,Kuala Lumpur International Airport,KUL
Brunei International Airport,BWN,2024-07-16 16:10,Kuala Lumpur International Airport,KUL,2024-07-16 18:35,145,AirAsia,Economy,145,,,76,Y,N,N,1,7,0,0,Tuesday,False,False,False,Kuala Lumpur International Airport,KUL
Brunei International Airport,BWN,2024-07-16 09:30,Kuala Lumpur International Airport,KUL,2024-07-16 11:55,145,AirAsia,Economy,145,,,107,Y,N,N,1,7,0,0,Tuesday,False,False,False,Kuala Lumpur International Airport,KUL
Brunei International Airport,BWN,2024-07-16 17:55,Kuala Lumpur International Airport,KUL,2024-07-16 20:25,150,Royal Brunei,Economy,150,,,201,Y,Y,Y,1,7,1,20,Tuesday,False,False,False,Kuala Lumpur International Airport,KUL
Brunei International Airport,BWN,2024-07-16 19:35,Kota Kinabalu International Airport,BKI,2024-07-16 20:15,40,Royal Brunei,Economy,290,90.0,,250,Y,Y,Y,1,7,1,20,Tuesday,False,False,False,Kuala Lumpur International Airport,KUL
Brunei International Airport,BWN,2024-07-16 12:05,Singapore Changi Airport,SIN,2024-07-16 14:20,135,Singapore Airlines,Economy,315,110.0,,283,Y,Y,Y,1,7,1,23,Tuesday,False,False,False,Kuala Lumpur International Airport,KUL
Brunei International Airport,BWN,2024-07-16 12:05,Singapore Changi Airport,SIN,2024-07-16 14:20,135,Singapore Airlines,Economy,335,125.0,,286,Y,Y,Y,1,7,1,23,Tuesday,False,False,False,Kuala Lumpur International Airport,KUL
Brunei International Airport,BWN,2024-07-16 12:05,Singapore Changi Airport,SIN,2024-07-16 14:20,135,Singapore Airlines,Economy,340,135.0,,1116,Y,Y,Y,1,7,1,23,Tuesday,False,False,False,Kuala Lumpur International Airport,KUL
Brunei International Airport,BWN,2024-07-17 16:10,Kuala Lumpur International Airport,KUL,2024-07-17 18:35,145,AirAsia,Economy,145,,,76,Y,N,N,1,7,0,0,Wednesday,False,False,False,Kuala Lumpur International Airport,KUL
Brunei International Airport,BWN,2024-07-17 09:30,Kuala Lumpur International Airport,KUL,2024-07-17 11:55,145,AirAsia,Economy,145,,,89,Y,N,N,1,7,0,0,Wednesday,False,False,False,Kuala Lumpur International Airport,KUL
Brunei International Airport,BWN,2024-07-17 17:55,Kuala Lumpur International Airport,KUL,2024-07-17 20:25,150,Royal Brunei,Economy,150,,,201,Y,Y,Y,1,7,1,20,Wednesday,False,False,False,Kuala Lumpur International Airport,KUL
Brunei International Airport,BWN,2024-07-18 16:10,Kuala Lumpur International Airport,KUL,2024-07-18 18:35,145,AirAsia,Economy,145,,,76,Y,N,N,1,7,0,0,Thursday,False,False,False,Kuala Lumpur International Airport,KUL
Brunei International Airport,BWN,2024-07-18 09:30,Kuala Lumpur International Airport,KUL,2024-07-18 11:55,145,AirAsia,Economy,145,,,107,Y,N,N,1,7,0,0,Thursday,False,False,False,Kuala Lumpur International Airport,KUL
Brunei International Airport,BWN,2024-07-18 17:55,Kuala Lumpur International Airport,KUL,2024-07-18 20:25,150,Royal Brunei,Economy,150,,,186,Y,Y,Y,1,7,1,20,Thursday,False,False,False,Kuala Lumpur International Airport,KUL
Brunei International Airport,BWN,2024-07-18 18:30,Ninoy Aquino International Airport,MNL,2024-07-18 20:45,135,Royal Brunei,Economy,945,585.0,True,263,Y,Y,Y,1,7,1,20,Thursday,False,False,False,Kuala Lumpur International Airport,KUL
Brunei International Airport,BWN,2024-07-18 08:50,Kuala Lumpur International Airport,KUL,2024-07-18 11:20,150,Royal Brunei,Economy,150,,,275,Y,Y,Y,1,7,1,20,Thursday,False,False,False,Kuala Lumpur International Airport,KUL
Brunei International Airport,BWN,2024-07-18 12:05,Singapore Changi Airport,SIN,2024-07-18 14:20,135,Singapore Airlines,Economy,315,110.0,,283,Y,Y,Y,1,7,1,23,Thursday,False,False,False,Kuala Lumpur International Airport,KUL
Brunei International Airport,BWN,2024-07-18 12:05,Singapore Changi Airport,SIN,2024-07-18 14:20,135,Singapore Airlines,Economy,335,125.0,,286,Y,Y,Y,1,7,1,23,Thursday,False,False,False,Kuala Lumpur International Airport,KUL
Brunei International Airport,BWN,2024-07-18 12:55,Kuching International Airport,KCH,2024-07-18 14:15,80,Royal Brunei,Economy,330,140.0,,304,Y,Y,Y,1,7,1,20,Thursday,False,False,False,Kuala Lumpur International Airport,KUL
Brunei International Airport,BWN,2024-07-18 12:55,Kuching International Airport,KCH,2024-07-18 14:15,80,Royal Brunei,Economy,250,60.0,,340,Y,Y,Y,1,7,1,20,Thursday,False,False,False,Kuala Lumpur International Airport,KUL
Brunei International Airport,BWN,2024-07-19 16:10,Kuala Lumpur International Airport,KUL,2024-07-19 18:35,145,AirAsia,Economy,145,,,76,Y,N,N,1,7,0,0,Friday,False,False,False,Kuala Lumpur International Airport,KUL
Brunei International Airport,BWN,2024-07-19 09:30,Kuala Lumpur International Airport,KUL,2024-07-19 11:55,145,AirAsia,Economy,145,,,89,Y,N,N,1,7,0,0,Friday,False,False,False,Kuala Lumpur International Airport,KUL
Brunei International Airport,BWN,2024-07-19 08:50,Kuala Lumpur International Airport,KUL,2024-07-19 11:20,150,Royal Brunei,Economy,150,,,201,Y,Y,Y,1,7,1,20,Friday,False,False,False,Kuala Lumpur International Airport,KUL
Brunei International Airport,BWN,2024-07-19 19:35,Kota Kinabalu International Airport,BKI,2024-07-19 20:15,40,Royal Brunei,Economy,745,545.0,True,250,Y,Y,Y,1,7,1,20,Friday,False,False,False,Kuala Lumpur International Airport,KUL
Brunei International Airport,BWN,2024-07-19 17:55,Kuala Lumpur International Airport,KUL,2024-07-19 20:25,150,Royal Brunei,Economy,150,,,253,Y,Y,Y,1,7,1,20,Friday,False,False,False,Kuala Lumpur International Airport,KUL
Brunei International Airport,BWN,2024-07-19 18:30,Ninoy Aquino International Airport,MNL,2024-07-19 20:45,135,Royal Brunei,Economy,1245,875.0,True,263,Y,Y,Y,1,7,1,20,Friday,False,False,False,Kuala Lumpur International Airport,KUL
Brunei International Airport,BWN,2024-07-19 19:35,Kota Kinabalu International Airport,BKI,2024-07-19 20:15,40,Royal Brunei,Economy,290,90.0,,266,Y,Y,Y,1,7,1,20,Friday,False,False,False,Kuala Lumpur International Airport,KUL
Brunei International Airport,BWN,2024-07-20 16:10,Kuala Lumpur International Airport,KUL,2024-07-20 18:35,145,AirAsia,Economy,145,,,89,Y,N,N,1,7,0,0,Saturday,False,False,False,Kuala Lumpur International Airport,KUL
Brunei International Airport,BWN,2024-07-20 18:25,Kota Kinabalu International Airport,BKI,2024-07-20 19:05,40,Royal Brunei,Economy,1800,1600.0,True,253,Y,Y,Y,1,7,1,20,Saturday,False,False,False,Kuala Lumpur International Airport,KUL
Brunei International Airport,BWN,2024-07-20 18:25,Kota Kinabalu International Airport,BKI,2024-07-20 19:05,40,Royal Brunei,Economy,360,160.0,,266,Y,Y,Y,1,7,1,20,Saturday,False,False,False,Kuala Lumpur International Airport,KUL
Brunei International Airport,BWN,2024-07-20 12:05,Singapore Changi Airport,SIN,2024-07-20 14:20,135,Singapore Airlines,Economy,370,160.0,,283,Y,Y,Y,1,7,1,23,Saturday,False,False,False,Kuala Lumpur International Airport,KUL
Brunei International Airport,BWN,2024-07-21 09:30,Kuala Lumpur International Airport,KUL,2024-07-21 11:55,145,AirAsia,Economy,145,,,76,Y,N,N,1,7,0,0,Sunday,False,False,False,Kuala Lumpur International Airport,KUL
Brunei International Airport,BWN,2024-07-21 16:10,Kuala Lumpur International Airport,KUL,2024-07-21 18:35,145,AirAsia,Economy,145,,,76,Y,N,N,1,7,0,0,Sunday,False,False,False,Kuala Lumpur International Airport,KUL
Brunei International Airport,BWN,2024-07-21 08:50,Kuala Lumpur International Airport,KUL,2024-07-21 11:20,150,Royal Brunei,Economy,150,,,201,Y,Y,Y,1,7,1,20,Sunday,False,False,False,Kuala Lumpur International Airport,KUL
Brunei International Airport,BWN,2024-07-21 17:55,Kuala Lumpur International Airport,KUL,2024-07-21 20:25,150,Royal Brunei,Economy,150,,,186,Y,Y,Y,1,7,1,20,Sunday,False,False,False,Kuala Lumpur International Airport,KUL
Brunei International Airport,BWN,2024-07-21 19:50,Kota Kinabalu International Airport,BKI,2024-07-21 20:30,40,Royal Brunei,Economy,275,75.0,,250,Y,Y,Y,1,7,1,20,Sunday,False,False,False,Kuala Lumpur International Airport,KUL
Brunei International Airport,BWN,2024-07-22 16:10,Kuala Lumpur International Airport,KUL,2024-07-22 18:35,145,AirAsia,Economy,145,,,76,Y,N,N,1,7,0,0,Monday,False,False,False,Kuala Lumpur International Airport,KUL
Brunei International Airport,BWN,2024-07-22 08:50,Kuala Lumpur International Airport,KUL,2024-07-22 11:20,150,Royal Brunei,Economy,150,,,201,Y,Y,Y,1,7,1,20,Monday,False,False,False,Kuala Lumpur International Airport,KUL
Brunei International Airport,BWN,2024-07-22 18:45,Kota Kinabalu International Airport,BKI,2024-07-22 19:25,40,Royal Brunei,Economy,340,140.0,,266,Y,Y,Y,1,7,1,20,Monday,False,False,False,Kuala Lumpur International Airport,KUL
Brunei International Airport,BWN,2024-07-22 12:05,Singapore Changi Airport,SIN,2024-07-22 14:20,135,Singapore Airlines,Economy,315,110.0,,283,Y,Y,Y,1,7,1,23,Monday,False,False,False,Kuala Lumpur International Airport,KUL
Brunei International Airport,BWN,2024-07-22 12:05,Singapore Changi Airport,SIN,2024-07-22 14:20,135,Singapore Airlines,Economy,335,125.0,,286,Y,Y,Y,1,7,1,23,Monday,False,False,False,Kuala Lumpur International Airport,KUL
Brunei International Airport,BWN,2024-07-22 18:45,Kota Kinabalu International Airport,BKI,2024-07-22 19:25,40,Royal Brunei,Economy,795,595.0,True,250,Y,Y,Y,1,7,1,20,Monday,False,False,False,Kuala Lumpur International Airport,KUL
Brunei International Airport,BWN,2024-07-22 18:30,Ninoy Aquino International Airport,MNL,2024-07-22 20:45,135,Royal Brunei,Economy,1245,875.0,True,263,Y,Y,Y,1,7,1,20,Monday,False,False,False,Kuala Lumpur International Airport,KUL
Brunei International Airport,BWN,2024-07-22 12:05,Singapore Changi Airport,SIN,2024-07-22 14:20,135,Singapore Airlines,Economy,340,135.0,,1116,Y,Y,Y,1,7,1,23,Monday,False,False,False,Kuala Lumpur International Airport,KUL
Brunei International Airport,BWN,2024-07-23 09:30,Kuala Lumpur International Airport,KUL,2024-07-23 11:55,145,AirAsia,Economy,145,,,76,Y,N,N,1,7,0,0,Tuesday,False,False,False,Kuala Lumpur International Airport,KUL
Brunei International Airport,BWN,2024-07-23 16:10,Kuala Lumpur International Airport,KUL,2024-07-23 18:35,145,AirAsia,Economy,145,,,76,Y,N,N,1,7,0,0,Tuesday,False,False,False,Kuala Lumpur International Airport,KUL
Brunei International Airport,BWN,2024-07-23 17:55,Kuala Lumpur International Airport,KUL,2024-07-23 20:25,150,Royal Brunei,Economy,150,,,186,Y,Y,Y,1,7,1,20,Tuesday,False,False,False,Kuala Lumpur International Airport,KUL
Brunei International Airport,BWN,2024-07-23 19:35,Kota Kinabalu International Airport,BKI,2024-07-23 20:15,40,Royal Brunei,Economy,290,90.0,,250,Y,Y,Y,1,7,1,20,Tuesday,False,False,False,Kuala Lumpur International Airport,KUL
Brunei International Airport,BWN,2024-07-23 12:05,Singapore Changi Airport,SIN,2024-07-23 14:20,135,Singapore Airlines,Economy,315,110.0,,283,Y,Y,Y,1,7,1,23,Tuesday,False,False,False,Kuala Lumpur International Airport,KUL
Brunei International Airport,BWN,2024-07-23 12:05,Singapore Changi Airport,SIN,2024-07-23 14:20,135,Singapore Airlines,Economy,335,125.0,,286,Y,Y,Y,1,7,1,23,Tuesday,False,False,False,Kuala Lumpur International Airport,KUL
Brunei International Airport,BWN,2024-07-23 12:05,Singapore Changi Airport,SIN,2024-07-23 14:20,135,Singapore Airlines,Economy,340,135.0,,1116,Y,Y,Y,1,7,1,23,Tuesday,False,False,False,Kuala Lumpur International Airport,KUL
Brunei International Airport,BWN,2024-07-24 09:30,Kuala Lumpur International Airport,KUL,2024-07-24 11:55,145,AirAsia,Economy,145,,,76,Y,N,N,1,7,0,0,Wednesday,False,False,False,Kuala Lumpur International Airport,KUL
Brunei International Airport,BWN,2024-07-24 16:10,Kuala Lumpur International Airport,KUL,2024-07-24 18:35,145,AirAsia,Economy,145,,,76,Y,N,N,1,7,0,0,Wednesday,False,False,False,Kuala Lumpur International Airport,KUL
Brunei International Airport,BWN,2024-07-24 17:55,Kuala Lumpur International Airport,KUL,2024-07-24 20:25,150,Royal Brunei,Economy,150,,,186,Y,Y,Y,1,7,1,20,Wednesday,False,False,False,Kuala Lumpur International Airport,KUL
Brunei International Airport,BWN,2024-07-25 16:10,Kuala Lumpur International Airport,KUL,2024-07-25 18:35,145,AirAsia,Economy,145,,,76,Y,N,N,1,7,0,0,Thursday,False,False,False,Kuala Lumpur International Airport,KUL
Brunei International Airport,BWN,2024-07-25 09:30,Kuala Lumpur International Airport,KUL,2024-07-25 11:55,145,AirAsia,Economy,145,,,107,Y,N,N,1,7,0,0,Thursday,False,False,False,Kuala Lumpur International Airport,KUL
Brunei International Airport,BWN,2024-07-25 08:50,Kuala Lumpur International Airport,KUL,2024-07-25 11:20,150,Royal Brunei,Economy,150,,,201,Y,Y,Y,1,7,1,20,Thursday,False,False,False,Kuala Lumpur International Airport,KUL
Brunei International Airport,BWN,2024-07-25 17:55,Kuala Lumpur International Airport,KUL,2024-07-25 20:25,150,Royal Brunei,Economy,150,,,186,Y,Y,Y,1,7,1,20,Thursday,False,False,False,Kuala Lumpur International Airport,KUL
Brunei International Airport,BWN,2024-07-25 19:00,Kota Kinabalu International Airport,BKI,2024-07-25 19:40,40,Royal Brunei,Economy,325,125.0,,266,Y,Y,Y,1,7,1,20,Thursday,False,False,False,Kuala Lumpur International Airport,KUL
Brunei International Airport,BWN,2024-07-25 12:05,Singapore Changi Airport,SIN,2024-07-25 14:20,135,Singapore Airlines,Economy,315,110.0,,283,Y,Y,Y,1,7,1,23,Thursday,False,False,False,Kuala Lumpur International Airport,KUL
Brunei International Airport,BWN,2024-07-25 12:05,Singapore Changi Airport,SIN,2024-07-25 14:20,135,Singapore Airlines,Economy,335,125.0,,286,Y,Y,Y,1,7,1,23,Thursday,False,False,False,Kuala Lumpur International Airport,KUL
Brunei International Airport,BWN,2024-07-25 12:55,Kuching International Airport,KCH,2024-07-25 14:15,80,Royal Brunei,Economy,250,60.0,,340,Y,Y,Y,1,7,1,20,Thursday,False,False,False,Kuala Lumpur International Airport,KUL
Brunei International Airport,BWN,2024-07-26 16:10,Kuala Lumpur International Airport,KUL,2024-07-26 18:35,145,AirAsia,Economy,145,,,76,Y,N,N,1,7,0,0,Friday,False,False,False,Kuala Lumpur International Airport,KUL
Brunei International Airport,BWN,2024-07-26 09:30,Kuala Lumpur International Airport,KUL,2024-07-26 11:55,145,AirAsia,Economy,145,,,89,Y,N,N,1,7,0,0,Friday,False,False,False,Kuala Lumpur International Airport,KUL
Brunei International Airport,BWN,2024-07-26 08:50,Kuala Lumpur International Airport,KUL,2024-07-26 11:20,150,Royal Brunei,Economy,150,,,201,Y,Y,Y,1,7,1,20,Friday,False,False,False,Kuala Lumpur International Airport,KUL
Brunei International Airport,BWN,2024-07-26 17:55,Kuala Lumpur International Airport,KUL,2024-07-26 20:25,150,Royal Brunei,Economy,150,,,186,Y,Y,Y,1,7,1,20,Friday,False,False,False,Kuala Lumpur International Airport,KUL
Brunei International Airport,BWN,2024-07-26 19:35,Kota Kinabalu International Airport,BKI,2024-07-26 20:15,40,Royal Brunei,Economy,1730,1530.0,True,253,Y,Y,Y,1,7,1,20,Friday,False,False,False,Kuala Lumpur International Airport,KUL
Brunei International Airport,BWN,2024-07-26 18:30,Ninoy Aquino International Airport,MNL,2024-07-26 20:45,135,Royal Brunei,Economy,1245,875.0,True,263,Y,Y,Y,1,7,1,20,Friday,False,False,False,Kuala Lumpur International Airport,KUL
Brunei International Airport,BWN,2024-07-26 19:35,Kota Kinabalu International Airport,BKI,2024-07-26 20:15,40,Royal Brunei,Economy,290,90.0,,266,Y,Y,Y,1,7,1,20,Friday,False,False,False,Kuala Lumpur International Airport,KUL
Brunei International Airport,BWN,2024-07-27 16:10,Kuala Lumpur International Airport,KUL,2024-07-27 18:35,145,AirAsia,Economy,145,,,76,Y,N,N,1,7,0,0,Saturday,False,False,False,Kuala Lumpur International Airport,KUL
Brunei International Airport,BWN,2024-07-27 08:50,Kuala Lumpur International Airport,KUL,2024-07-27 11:20,150,Royal Brunei,Economy,150,,,186,Y,Y,Y,1,7,1,20,Saturday,False,False,False,Kuala Lumpur International Airport,KUL
Brunei International Airport,BWN,2024-07-27 18:25,Kota Kinabalu International Airport,BKI,2024-07-27 19:05,40,Royal Brunei,Economy,360,160.0,,250,Y,Y,Y,1,7,1,20,Saturday,False,False,False,Kuala Lumpur International Airport,KUL
Brunei International Airport,BWN,2024-07-27 12:05,Singapore Changi Airport,SIN,2024-07-27 14:20,135,Singapore Airlines,Economy,370,160.0,,283,Y,Y,Y,1,7,1,23,Saturday,False,False,False,Kuala Lumpur International Airport,KUL
Brunei International Airport,BWN,2024-07-28 09:30,Kuala Lumpur International Airport,KUL,2024-07-28 11:55,145,AirAsia,Economy,145,,,76,Y,N,N,1,7,0,0,Sunday,False,False,False,Kuala Lumpur International Airport,KUL
Brunei International Airport,BWN,2024-07-28 16:10,Kuala Lumpur International Airport,KUL,2024-07-28 18:35,145,AirAsia,Economy,145,,,76,Y,N,N,1,7,0,0,Sunday,False,False,False,Kuala Lumpur International Airport,KUL
Brunei International Airport,BWN,2024-07-28 08:50,Kuala Lumpur International Airport,KUL,2024-07-28 11:20,150,Royal Brunei,Economy,150,,,201,Y,Y,Y,1,7,1,20,Sunday,False,False,False,Kuala Lumpur International Airport,KUL
Brunei International Airport,BWN,2024-07-28 17:55,Kuala Lumpur International Airport,KUL,2024-07-28 20:25,150,Royal Brunei,Economy,150,,,186,Y,Y,Y,1,7,1,20,Sunday,False,False,False,Kuala Lumpur International Airport,KUL
Brunei International Airport,BWN,2024-07-28 19:50,Kota Kinabalu International Airport,BKI,2024-07-28 20:30,40,Royal Brunei,Economy,275,75.0,,250,Y,Y,Y,1,7,1,20,Sunday,False,False,False,Kuala Lumpur International Airport,KUL
Brunei International Airport,BWN,2024-07-29 16:10,Kuala Lumpur International Airport,KUL,2024-07-29 18:35,145,AirAsia,Economy,145,,,76,Y,N,N,1,7,0,0,Monday,False,False,False,Kuala Lumpur International Airport,KUL
Brunei International Airport,BWN,2024-07-29 08:50,Kuala Lumpur International Airport,KUL,2024-07-29 11:20,150,Royal Brunei,Economy,150,,,186,Y,Y,Y,1,7,1,20,Monday,False,False,False,Kuala Lumpur International Airport,KUL
Brunei International Airport,BWN,2024-07-29 18:45,Kota Kinabalu International Airport,BKI,2024-07-29 19:25,40,Royal Brunei,Economy,340,140.0,,266,Y,Y,Y,1,7,1,20,Monday,False,False,False,Kuala Lumpur International Airport,KUL
Brunei International Airport,BWN,2024-07-29 12:05,Singapore Changi Airport,SIN,2024-07-29 14:20,135,Singapore Airlines,Economy,315,110.0,,283,Y,Y,Y,1,7,1,23,Monday,False,False,False,Kuala Lumpur International Airport,KUL
Brunei International Airport,BWN,2024-07-29 12:05,Singapore Changi Airport,SIN,2024-07-29 14:20,135,Singapore Airlines,Economy,335,125.0,,286,Y,Y,Y,1,7,1,23,Monday,False,False,False,Kuala Lumpur International Airport,KUL
Brunei International Airport,BWN,2024-07-29 18:45,Kota Kinabalu International Airport,BKI,2024-07-29 19:25,40,Royal Brunei,Economy,795,595.0,True,250,Y,Y,Y,1,7,1,20,Monday,False,False,False,Kuala Lumpur International Airport,KUL
Brunei International Airport,BWN,2024-07-29 18:30,Ninoy Aquino International Airport,MNL,2024-07-29 20:45,135,Royal Brunei,Economy,1245,875.0,True,263,Y,Y,Y,1,7,1,20,Monday,False,False,False,Kuala Lumpur International Airport,KUL
Brunei International Airport,BWN,2024-07-29 12:05,Singapore Changi Airport,SIN,2024-07-29 14:20,135,Singapore Airlines,Economy,340,135.0,,1116,Y,Y,Y,1,7,1,23,Monday,False,False,False,Kuala Lumpur International Airport,KUL
Brunei International Airport,BWN,2024-07-30 09:30,Kuala Lumpur International Airport,KUL,2024-07-30 11:55,145,AirAsia,Economy,145,,,76,Y,N,N,1,7,0,0,Tuesday,False,False,False,Kuala Lumpur International Airport,KUL
Brunei International Airport,BWN,2024-07-30 16:10,Kuala Lumpur International Airport,KUL,2024-07-30 18:35,145,AirAsia,Economy,145,,,76,Y,N,N,1,7,0,0,Tuesday,False,False,False,Kuala Lumpur International Airport,KUL
Brunei International Airport,BWN,2024-07-30 17:55,Kuala Lumpur International Airport,KUL,2024-07-30 20:25,150,Royal Brunei,Economy,150,,,186,Y,Y,Y,1,7,1,20,Tuesday,False,False,False,Kuala Lumpur International Airport,KUL
Brunei International Airport,BWN,2024-07-30 19:35,Kota Kinabalu International Airport,BKI,2024-07-30 20:15,40,Royal Brunei,Economy,290,90.0,,250,Y,Y,Y,1,7,1,20,Tuesday,False,False,False,Kuala Lumpur International Airport,KUL
Brunei International Airport,BWN,2024-07-30 12:05,Singapore Changi Airport,SIN,2024-07-30 14:20,135,Singapore Airlines,Economy,315,110.0,,283,Y,Y,Y,1,7,1,23,Tuesday,False,False,False,Kuala Lumpur International Airport,KUL
Brunei International Airport,BWN,2024-07-30 12:05,Singapore Changi Airport,SIN,2024-07-30 14:20,135,Singapore Airlines,Economy,335,125.0,,286,Y,Y,Y,1,7,1,23,Tuesday,False,False,False,Kuala Lumpur International Airport,KUL
Brunei International Airport,BWN,2024-07-30 12:05,Singapore Changi Airport,SIN,2024-07-30 14:20,135,Singapore Airlines,Economy,340,135.0,,1116,Y,Y,Y,1,7,1,23,Tuesday,False,False,False,Kuala Lumpur International Airport,KUL
Brunei International Airport,BWN,2024-07-31 09:30,Kuala Lumpur International Airport,KUL,2024-07-31 11:55,145,AirAsia,Economy,145,,,76,Y,N,N,1,7,0,0,Wednesday,False,False,False,Kuala Lumpur International Airport,KUL
Brunei International Airport,BWN,2024-07-31 16:10,Kuala Lumpur International Airport,KUL,2024-07-31 18:35,145,AirAsia,Economy,145,,,76,Y,N,N,1,7,0,0,Wednesday,False,False,False,Kuala Lumpur International Airport,KUL
Brunei International Airport,BWN,2024-07-31 17:55,Kuala Lumpur International Airport,KUL,2024-07-31 20:25,150,Royal Brunei,Economy,150,,,219,Y,Y,Y,1,7,1,20,Wednesday,False,False,False,Kuala Lumpur International Airport,KUL
Brunei International Airport,BWN,2024-07-31 15:50,Singapore Changi Airport,SIN,2024-07-31 18:00,130,Singapore Airlines,Economy,325,120.0,,283,Y,Y,Y,1,7,1,23,Wednesday,False,False,False,Kuala Lumpur International Airport,KUL
Brunei International Airport,BWN,2024-08-01 09:30,Kuala Lumpur International Airport,KUL,2024-08-01 11:55,145,AirAsia,Economy,145,,,76,Y,N,N,1,7,0,0,Thursday,False,False,False,Kuala Lumpur International Airport,KUL
Brunei International Airport,BWN,2024-08-01 16:10,Kuala Lumpur International Airport,KUL,2024-08-01 18:35,145,AirAsia,Economy,145,,,76,Y,N,N,1,7,0,0,Thursday,False,False,False,Kuala Lumpur International Airport,KUL
Brunei International Airport,BWN,2024-08-01 08:50,Kuala Lumpur International Airport,KUL,2024-08-01 11:20,150,Royal Brunei,Economy,150,,,219,Y,Y,Y,1,7,1,20,Thursday,False,False,False,Kuala Lumpur International Airport,KUL
Brunei International Airport,BWN,2024-08-01 17:55,Kuala Lumpur International Airport,KUL,2024-08-01 20:25,150,Royal Brunei,Economy,150,,,201,Y,Y,Y,1,7,1,20,Thursday,False,False,False,Kuala Lumpur International Airport,KUL
Brunei International Airport,BWN,2024-08-01 19:00,Kota Kinabalu International Airport,BKI,2024-08-01 19:40,40,Royal Brunei,Economy,325,125.0,,250,Y,Y,Y,1,7,1,20,Thursday,False,False,False,Kuala Lumpur International Airport,KUL
Brunei International Airport,BWN,2024-08-01 12:05,Singapore Changi Airport,SIN,2024-08-01 14:20,135,Singapore Airlines,Economy,370,160.0,,283,Y,Y,Y,1,7,1,23,Thursday,False,False,False,Kuala Lumpur International Airport,KUL
Brunei International Airport,BWN,2024-08-01 12:05,Singapore Changi Airport,SIN,2024-08-01 14:20,135,Singapore Airlines,Economy,335,125.0,,286,Y,Y,Y,1,7,1,23,Thursday,False,False,False,Kuala Lumpur International Airport,KUL
Brunei International Airport,BWN,2024-08-01 12:05,Singapore Changi Airport,SIN,2024-08-01 14:20,135,Singapore Airlines,Economy,315,110.0,,312,Y,Y,Y,1,7,1,23,Thursday,False,False,False,Kuala Lumpur International Airport,KUL
Brunei International Airport,BWN,2024-08-02 09:30,Kuala Lumpur International Airport,KUL,2024-08-02 11:55,145,AirAsia,Economy,145,,,89,Y,N,N,1,7,0,0,Friday,False,False,False,Kuala Lumpur International Airport,KUL
Brunei International Airport,BWN,2024-08-02 16:10,Kuala Lumpur International Airport,KUL,2024-08-02 18:35,145,AirAsia,Economy,145,,,89,Y,N,N,1,7,0,0,Friday,False,False,False,Kuala Lumpur International Airport,KUL
Brunei International Airport,BWN,2024-08-02 08:50,Kuala Lumpur International Airport,KUL,2024-08-02 11:20,150,Royal Brunei,Economy,150,,,219,Y,Y,Y,1,7,1,20,Friday,False,False,False,Kuala Lumpur International Airport,KUL
Brunei International Airport,BWN,2024-08-02 17:55,Kuala Lumpur International Airport,KUL,2024-08-02 20:25,150,Royal Brunei,Economy,150,,,219,Y,Y,Y,1,7,1,20,Friday,False,False,False,Kuala Lumpur International Airport,KUL
Brunei International Airport,BWN,2024-08-02 19:35,Kota Kinabalu International Airport,BKI,2024-08-02 20:15,40,Royal Brunei,Economy,320,130.0,,250,Y,Y,Y,1,7,1,20,Friday,False,False,False,Kuala Lumpur International Airport,KUL
Brunei International Airport,BWN,2024-08-02 18:30,Ninoy Aquino International Airport,MNL,2024-08-02 20:45,135,Royal Brunei,Economy,1245,875.0,True,263,Y,Y,Y,1,7,1,20,Friday,False,False,False,Kuala Lumpur International Airport,KUL
Brunei International Airport,BWN,2024-08-03 09:30,Kuala Lumpur International Airport,KUL,2024-08-03 11:55,145,AirAsia,Economy,145,,,89,Y,N,N,1,7,0,0,Saturday,False,False,False,Kuala Lumpur International Airport,KUL
Brunei International Airport,BWN,2024-08-03 16:10,Kuala Lumpur International Airport,KUL,2024-08-03 18:35,145,AirAsia,Economy,145,,,89,Y,N,N,1,7,0,0,Saturday,False,False,False,Kuala Lumpur International Airport,KUL
Brunei International Airport,BWN,2024-08-03 08:50,Kuala Lumpur International Airport,KUL,2024-08-03 11:20,150,Royal Brunei,Economy,150,,,219,Y,Y,Y,1,7,1,20,Saturday,False,False,False,Kuala Lumpur International Airport,KUL
Brunei International Airport,BWN,2024-08-03 15:30,Kota Kinabalu International Airport,BKI,2024-08-03 16:10,40,Royal Brunei,Economy,535,335.0,,250,Y,Y,Y,1,7,1,20,Saturday,False,False,False,Kuala Lumpur International Airport,KUL
Brunei International Airport,BWN,2024-08-03 12:05,Singapore Changi Airport,SIN,2024-08-03 14:20,135,Singapore Airlines,Economy,370,160.0,,283,Y,Y,Y,1,7,1,23,Saturday,False,False,False,Kuala Lumpur International Airport,KUL
Brunei International Airport,BWN,2024-08-04 09:30,Kuala Lumpur International Airport,KUL,2024-08-04 11:55,145,AirAsia,Economy,145,,,107,Y,N,N,1,7,0,0,Sunday,False,False,False,Kuala Lumpur International Airport,KUL
Brunei International Airport,BWN,2024-08-04 16:10,Kuala Lumpur International Airport,KUL,2024-08-04 18:35,145,AirAsia,Economy,145,,,107,Y,N,N,1,7,0,0,Sunday,False,False,False,Kuala Lumpur International Airport,KUL
Brunei International Airport,BWN,2024-08-04 17:55,Kuala Lumpur International Airport,KUL,2024-08-04 20:25,150,Royal Brunei,Economy,150,,,253,Y,Y,Y,1,7,1,20,Sunday,False,False,False,Kuala Lumpur International Airport,KUL
Brunei International Airport,BWN,2024-08-04 19:50,Kota Kinabalu International Airport,BKI,2024-08-04 20:30,40,Royal Brunei,Economy,275,75.0,,250,Y,Y,Y,1,7,1,20,Sunday,False,False,False,Kuala Lumpur International Airport,KUL
Brunei International Airport,BWN,2024-08-04 08:50,Kuala Lumpur International Airport,KUL,2024-08-04 11:20,150,Royal Brunei,Economy,150,,,352,Y,Y,Y,1,7,1,20,Sunday,False,False,False,Kuala Lumpur International Airport,KUL
Brunei International Airport,BWN,2024-08-05 16:10,Kuala Lumpur International Airport,KUL,2024-08-05 18:35,145,AirAsia,Economy,145,,,125,Y,N,N,1,7,0,0,Monday,False,False,False,Kuala Lumpur International Airport,KUL
Brunei International Airport,BWN,2024-08-05 09:30,Kuala Lumpur International Airport,KUL,2024-08-05 11:55,145,AirAsia,Economy,145,,,132,Y,N,N,1,7,0,0,Monday,False,False,False,Kuala Lumpur International Airport,KUL
Brunei International Airport,BWN,2024-08-05 12:05,Singapore Changi Airport,SIN,2024-08-05 14:20,135,Singapore Airlines,Economy,335,125.0,,286,Y,Y,Y,1,7,1,23,Monday,False,False,False,Kuala Lumpur International Airport,KUL
Brunei International Airport,BWN,2024-08-05 08:50,Kuala Lumpur International Airport,KUL,2024-08-05 11:20,150,Royal Brunei,Economy,150,,,352,Y,Y,Y,1,7,1,20,Monday,False,False,False,Kuala Lumpur International Airport,KUL
Brunei International Airport,BWN,2024-08-05 18:45,Kota Kinabalu International Airport,BKI,2024-08-05 19:25,40,Royal Brunei,Economy,340,140.0,,250,Y,Y,Y,1,7,1,20,Monday,False,False,False,Kuala Lumpur International Airport,KUL
Brunei International Airport,BWN,2024-08-05 12:05,Singapore Changi Airport,SIN,2024-08-05 14:20,135,Singapore Airlines,Economy,315,110.0,,283,Y,Y,Y,1,7,1,23,Monday,False,False,False,Kuala Lumpur International Airport,KUL
Brunei International Airport,BWN,2024-08-05 18:30,Ninoy Aquino International Airport,MNL,2024-08-05 20:45,135,Royal Brunei,Economy,1245,875.0,True,323,Y,Y,Y,1,7,1,20,Monday,False,False,False,Kuala Lumpur International Airport,KUL
Brunei International Airport,BWN,2024-08-05 12:05,Singapore Changi Airport,SIN,2024-08-05 14:20,135,Singapore Airlines,Economy,340,135.0,,1116,Y,Y,Y,1,7,1,23,Monday,False,False,False,Kuala Lumpur International Airport,KUL
Brunei International Airport,BWN,2024-08-06 16:10,Kuala Lumpur International Airport,KUL,2024-08-06 18:35,145,AirAsia,Economy,145,,,89,Y,N,N,1,7,0,0,Tuesday,False,False,False,Kuala Lumpur International Airport,KUL
Brunei International Airport,BWN,2024-08-06 09:30,Kuala Lumpur International Airport,KUL,2024-08-06 11:55,145,AirAsia,Economy,145,,,107,Y,N,N,1,7,0,0,Tuesday,False,False,False,Kuala Lumpur International Airport,KUL
Brunei International Airport,BWN,2024-08-06 19:35,Kota Kinabalu International Airport,BKI,2024-08-06 20:15,40,Royal Brunei,Economy,290,90.0,,250,Y,Y,Y,1,7,1,20,Tuesday,False,False,False,Kuala Lumpur International Airport,KUL
Brunei International Airport,BWN,2024-08-06 12:05,Singapore Changi Airport,SIN,2024-08-06 14:20,135,Singapore Airlines,Economy,315,110.0,,283,Y,Y,Y,1,7,1,23,Tuesday,False,False,False,Kuala Lumpur International Airport,KUL
Brunei International Airport,BWN,2024-08-06 12:05,Singapore Changi Airport,SIN,2024-08-06 14:20,135,Singapore Airlines,Economy,335,125.0,,286,Y,Y,Y,1,7,1,23,Tuesday,False,False,False,Kuala Lumpur International Airport,KUL
Brunei International Airport,BWN,2024-08-06 17:55,Kuala Lumpur International Airport,KUL,2024-08-06 20:25,150,Royal Brunei,Economy,150,,,476,Y,Y,Y,1,7,1,20,Tuesday,False,False,False,Kuala Lumpur International Airport,KUL
Brunei International Airport,BWN,2024-08-06 12:05,Singapore Changi Airport,SIN,2024-08-06 14:20,135,Singapore Airlines,Economy,340,135.0,,1116,Y,Y,Y,1,7,1,23,Tuesday,False,False,False,Kuala Lumpur International Airport,KUL
Brunei International Airport,BWN,2024-08-07 16:10,Kuala Lumpur International Airport,KUL,2024-08-07 18:35,145,AirAsia,Economy,145,,,89,Y,N,N,1,7,0,0,Wednesday,False,False,False,Kuala Lumpur International Airport,KUL
Brunei International Airport,BWN,2024-08-07 09:30,Kuala Lumpur International Airport,KUL,2024-08-07 11:55,145,AirAsia,Economy,145,,,107,Y,N,N,1,7,0,0,Wednesday,False,False,False,Kuala Lumpur International Airport,KUL
Brunei International Airport,BWN,2024-08-07 15:50,Singapore Changi Airport,SIN,2024-08-07 18:00,130,Singapore Airlines,Economy,305,120.0,,286,Y,Y,Y,1,7,1,23,Wednesday,False,False,False,Kuala Lumpur International Airport,KUL
Brunei International Airport,BWN,2024-08-07 17:55,Kuala Lumpur International Airport,KUL,2024-08-07 20:25,150,Royal Brunei,Economy,150,,,352,Y,Y,Y,1,7,1,20,Wednesday,False,False,False,Kuala Lumpur International Airport,KUL
Brunei International Airport,BWN,2024-08-08 16:10,Kuala Lumpur International Airport,KUL,2024-08-08 18:35,145,AirAsia,Economy,145,,,76,Y,N,N,1,7,0,0,Thursday,False,False,False,Kuala Lumpur International Airport,KUL
Brunei International Airport,BWN,2024-08-08 09:30,Kuala Lumpur International Airport,KUL,2024-08-08 11:55,145,AirAsia,Economy,145,,,89,Y,N,N,1,7,0,0,Thursday,False,False,False,Kuala Lumpur International Airport,KUL
Brunei International Airport,BWN,2024-08-08 17:55,Kuala Lumpur International Airport,KUL,2024-08-08 20:25,150,Royal Brunei,Economy,150,,,253,Y,Y,Y,1,7,1,20,Thursday,False,False,False,Kuala Lumpur International Airport,KUL
Brunei International Airport,BWN,2024-08-08 08:50,Kuala Lumpur International Airport,KUL,2024-08-08 11:20,150,Royal Brunei,Economy,150,,,286,Y,Y,Y,1,7,1,20,Thursday,False,False,False,Kuala Lumpur International Airport,KUL
Brunei International Airport,BWN,2024-08-08 12:05,Singapore Changi Airport,SIN,2024-08-08 14:20,135,Singapore Airlines,Economy,335,125.0,,345,Y,Y,Y,1,7,1,23,Thursday,False,False,False,Kuala Lumpur International Airport,KUL
Brunei International Airport,BWN,2024-08-08 18:30,Ninoy Aquino International Airport,MNL,2024-08-08 20:45,135,Royal Brunei,Economy,945,585.0,True,382,Y,Y,Y,1,7,1,20,Thursday,False,False,False,Kuala Lumpur International Airport,KUL
Brunei International Airport,BWN,2024-08-08 12:05,Singapore Changi Airport,SIN,2024-08-08 14:20,135,Singapore Airlines,Economy,315,110.0,,474,Y,Y,Y,1,7,1,23,Thursday,False,False,False,Kuala Lumpur International Airport,KUL
Brunei International Airport,BWN,2024-08-08 12:05,Singapore Changi Airport,SIN,2024-08-08 14:20,135,Singapore Airlines,Economy,340,135.0,,1116,Y,Y,Y,1,7,1,23,Thursday,False,False,False,Kuala Lumpur International Airport,KUL
Brunei International Airport,BWN,2024-08-09 16:10,Kuala Lumpur International Airport,KUL,2024-08-09 18:35,145,AirAsia,Economy,145,,,89,Y,N,N,1,7,0,0,Friday,False,False,False,Kuala Lumpur International Airport,KUL
Brunei International Airport,BWN,2024-08-09 09:30,Kuala Lumpur International Airport,KUL,2024-08-09 11:55,145,AirAsia,Economy,145,,,107,Y,N,N,1,7,0,0,Friday,False,False,False,Kuala Lumpur International Airport,KUL
Brunei International Airport,BWN,2024-08-09 08:50,Kuala Lumpur International Airport,KUL,2024-08-09 11:20,150,Royal Brunei,Economy,150,,,253,Y,Y,Y,1,7,1,20,Friday,False,False,False,Kuala Lumpur International Airport,KUL
Brunei International Airport,BWN,2024-08-09 19:35,Kota Kinabalu International Airport,BKI,2024-08-09 20:15,40,Royal Brunei,Economy,320,130.0,,250,Y,Y,Y,1,7,1,20,Friday,False,False,False,Kuala Lumpur International Airport,KUL
Brunei International Airport,BWN,2024-08-09 17:55,Kuala Lumpur International Airport,KUL,2024-08-09 20:25,150,Royal Brunei,Economy,150,,,253,Y,Y,Y,1,7,1,20,Friday,False,False,False,Kuala Lumpur International Airport,KUL
Brunei International Airport,BWN,2024-08-09 18:30,Ninoy Aquino International Airport,MNL,2024-08-09 20:45,135,Royal Brunei,Economy,1245,875.0,True,482,Y,Y,Y,1,7,1,20,Friday,False,False,False,Kuala Lumpur International Airport,KUL
Brunei International Airport,BWN,2024-08-10 09:30,Kuala Lumpur International Airport,KUL,2024-08-10 11:55,145,AirAsia,Economy,145,,,89,Y,N,N,1,7,0,0,Saturday,False,False,False,Kuala Lumpur International Airport,KUL
Brunei International Airport,BWN,2024-08-10 16:10,Kuala Lumpur International Airport,KUL,2024-08-10 18:35,145,AirAsia,Economy,145,,,89,Y,N,N,1,7,0,0,Saturday,False,False,False,Kuala Lumpur International Airport,KUL
Brunei International Airport,BWN,2024-08-10 08:50,Kuala Lumpur International Airport,KUL,2024-08-10 11:20,150,Royal Brunei,Economy,150,,,253,Y,Y,Y,1,7,1,20,Saturday,False,False,False,Kuala Lumpur International Airport,KUL
Brunei International Airport,BWN,2024-08-10 18:25,Kota Kinabalu International Airport,BKI,2024-08-10 19:05,40,Royal Brunei,Economy,360,160.0,,250,Y,Y,Y,1,7,1,20,Saturday,False,False,False,Kuala Lumpur International Airport,KUL
Brunei International Airport,BWN,2024-08-10 12:05,Singapore Changi Airport,SIN,2024-08-10 14:20,135,Singapore Airlines,Economy,370,160.0,,345,Y,Y,Y,1,7,1,23,Saturday,False,False,False,Kuala Lumpur International Airport,KUL
Brunei International Airport,BWN,2024-08-11 16:10,Kuala Lumpur International Airport,KUL,2024-08-11 18:35,145,AirAsia,Economy,145,,,76,Y,N,N,1,7,0,0,Sunday,False,False,False,Kuala Lumpur International Airport,KUL
Brunei International Airport,BWN,2024-08-11 09:30,Kuala Lumpur International Airport,KUL,2024-08-11 11:55,145,AirAsia,Economy,145,,,107,Y,N,N,1,7,0,0,Sunday,False,False,False,Kuala Lumpur International Airport,KUL
Brunei International Airport,BWN,2024-08-11 17:55,Kuala Lumpur International Airport,KUL,2024-08-11 20:25,150,Royal Brunei,Economy,150,,,219,Y,Y,Y,1,7,1,20,Sunday,False,False,False,Kuala Lumpur International Airport,KUL
Brunei International Airport,BWN,2024-08-11 19:50,Kota Kinabalu International Airport,BKI,2024-08-11 20:30,40,Royal Brunei,Economy,730,530.0,True,250,Y,Y,Y,1,7,1,20,Sunday,False,False,False,Kuala Lumpur International Airport,KUL
Brunei International Airport,BWN,2024-08-11 08:50,Kuala Lumpur International Airport,KUL,2024-08-11 11:20,150,Royal Brunei,Economy,150,,,253,Y,Y,Y,1,7,1,20,Sunday,False,False,False,Kuala Lumpur International Airport,KUL
Brunei International Airport,BWN,2024-08-11 19:50,Kota Kinabalu International Airport,BKI,2024-08-11 20:30,40,Royal Brunei,Economy,275,75.0,,266,Y,Y,Y,1,7,1,20,Sunday,False,False,False,Kuala Lumpur International Airport,KUL
Brunei International Airport,BWN,2024-08-12 16:10,Kuala Lumpur International Airport,KUL,2024-08-12 18:35,145,AirAsia,Economy,145,,,76,Y,N,N,1,7,0,0,Monday,False,False,False,Kuala Lumpur International Airport,KUL
Brunei International Airport,BWN,2024-08-12 09:30,Kuala Lumpur International Airport,KUL,2024-08-12 11:55,145,AirAsia,Economy,145,,,89,Y,N,N,1,7,0,0,Monday,False,False,False,Kuala Lumpur International Airport,KUL
Brunei International Airport,BWN,2024-08-12 08:50,Kuala Lumpur International Airport,KUL,2024-08-12 11:20,150,Royal Brunei,Economy,150,,,253,Y,Y,Y,1,7,1,20,Monday,False,False,False,Kuala Lumpur International Airport,KUL
Brunei International Airport,BWN,2024-08-12 18:45,Kota Kinabalu International Airport,BKI,2024-08-12 19:25,40,Royal Brunei,Economy,795,595.0,True,250,Y,Y,Y,1,7,1,20,Monday,False,False,False,Kuala Lumpur International Airport,KUL
Brunei International Airport,BWN,2024-08-12 18:30,Ninoy Aquino International Airport,MNL,2024-08-12 20:45,135,Royal Brunei,Economy,1245,875.0,True,263,Y,Y,Y,1,7,1,20,Monday,False,False,False,Kuala Lumpur International Airport,KUL
Brunei International Airport,BWN,2024-08-12 18:45,Kota Kinabalu International Airport,BKI,2024-08-12 19:25,40,Royal Brunei,Economy,340,140.0,,266,Y,Y,Y,1,7,1,20,Monday,False,False,False,Kuala Lumpur International Airport,KUL
Brunei International Airport,BWN,2024-08-12 12:05,Singapore Changi Airport,SIN,2024-08-12 14:20,135,Singapore Airlines,Economy,315,110.0,,283,Y,Y,Y,1,7,1,23,Monday,False,False,False,Kuala Lumpur International Airport,KUL
Brunei International Airport,BWN,2024-08-12 12:05,Singapore Changi Airport,SIN,2024-08-12 14:20,135,Singapore Airlines,Economy,335,125.0,,286,Y,Y,Y,1,7,1,23,Monday,False,False,False,Kuala Lumpur International Airport,KUL
Brunei International Airport,BWN,2024-08-13 16:10,Kuala Lumpur International Airport,KUL,2024-08-13 18:35,145,AirAsia,Economy,145,,,76,Y,N,N,1,7,0,0,Tuesday,False,False,False,Kuala Lumpur International Airport,KUL
Brunei International Airport,BWN,2024-08-13 09:30,Kuala Lumpur International Airport,KUL,2024-08-13 11:55,145,AirAsia,Economy,145,,,89,Y,N,N,1,7,0,0,Tuesday,False,False,False,Kuala Lumpur International Airport,KUL
Brunei International Airport,BWN,2024-08-13 17:55,Kuala Lumpur International Airport,KUL,2024-08-13 20:25,150,Royal Brunei,Economy,150,,,219,Y,Y,Y,1,7,1,20,Tuesday,False,False,False,Kuala Lumpur International Airport,KUL
Brunei International Airport,BWN,2024-08-13 19:35,Kota Kinabalu International Airport,BKI,2024-08-13 20:15,40,Royal Brunei,Economy,290,90.0,,250,Y,Y,Y,1,7,1,20,Tuesday,False,False,False,Kuala Lumpur International Airport,KUL
Brunei International Airport,BWN,2024-08-13 12:05,Singapore Changi Airport,SIN,2024-08-13 14:20,135,Singapore Airlines,Economy,315,110.0,,283,Y,Y,Y,1,7,1,23,Tuesday,False,False,False,Kuala Lumpur International Airport,KUL
Brunei International Airport,BWN,2024-08-13 12:05,Singapore Changi Airport,SIN,2024-08-13 14:20,135,Singapore Airlines,Economy,335,125.0,,286,Y,Y,Y,1,7,1,23,Tuesday,False,False,False,Kuala Lumpur International Airport,KUL
Brunei International Airport,BWN,2024-08-13 12:05,Singapore Changi Airport,SIN,2024-08-13 14:20,135,Singapore Airlines,Economy,340,135.0,,1116,Y,Y,Y,1,7,1,23,Tuesday,False,False,False,Kuala Lumpur International Airport,KUL
Brunei International Airport,BWN,2024-08-14 16:10,Kuala Lumpur International Airport,KUL,2024-08-14 18:35,145,AirAsia,Economy,145,,,76,Y,N,N,1,7,0,0,Wednesday,False,False,False,Kuala Lumpur International Airport,KUL
Brunei International Airport,BWN,2024-08-14 09:30,Kuala Lumpur International Airport,KUL,2024-08-14 11:55,145,AirAsia,Economy,145,,,107,Y,N,N,1,7,0,0,Wednesday,False,False,False,Kuala Lumpur International Airport,KUL
Brunei International Airport,BWN,2024-08-14 17:55,Kuala Lumpur International Airport,KUL,2024-08-14 20:25,150,Royal Brunei,Economy,150,,,219,Y,Y,Y,1,7,1,20,Wednesday,False,False,False,Kuala Lumpur International Airport,KUL
Brunei International Airport,BWN,2024-08-15 16:10,Kuala Lumpur International Airport,KUL,2024-08-15 18:35,145,AirAsia,Economy,145,,,76,Y,N,N,1,7,0,0,Thursday,False,False,False,Kuala Lumpur International Airport,KUL
Brunei International Airport,BWN,2024-08-15 09:30,Kuala Lumpur International Airport,KUL,2024-08-15 11:55,145,AirAsia,Economy,145,,,125,Y,N,N,1,7,0,0,Thursday,False,False,False,Kuala Lumpur International Airport,KUL
Brunei International Airport,BWN,2024-08-15 08:50,Kuala Lumpur International Airport,KUL,2024-08-15 11:20,150,Royal Brunei,Economy,150,,,286,Y,Y,Y,1,7,1,20,Thursday,False,False,False,Kuala Lumpur International Airport,KUL
Brunei International Airport,BWN,2024-08-15 19:00,Kota Kinabalu International Airport,BKI,2024-08-15 19:40,40,Royal Brunei,Economy,875,680.0,True,250,Y,Y,Y,1,7,1,20,Thursday,False,False,False,Kuala Lumpur International Airport,KUL
Brunei International Airport,BWN,2024-08-15 18:30,Ninoy Aquino International Airport,MNL,2024-08-15 20:45,135,Royal Brunei,Economy,945,585.0,True,263,Y,Y,Y,1,7,1,20,Thursday,False,False,False,Kuala Lumpur International Airport,KUL
Brunei International Airport,BWN,2024-08-15 12:05,Singapore Changi Airport,SIN,2024-08-15 14:20,135,Singapore Airlines,Economy,370,160.0,,283,Y,Y,Y,1,7,1,23,Thursday,False,False,False,Kuala Lumpur International Airport,KUL
Brunei International Airport,BWN,2024-08-15 17:55,Kuala Lumpur International Airport,KUL,2024-08-15 20:25,150,Royal Brunei,Economy,150,,,286,Y,Y,Y,1,7,1,20,Thursday,False,False,False,Kuala Lumpur International Airport,KUL
Brunei International Airport,BWN,2024-08-15 12:05,Singapore Changi Airport,SIN,2024-08-15 14:20,135,Singapore Airlines,Economy,335,125.0,,286,Y,Y,Y,1,7,1,23,Thursday,False,False,False,Kuala Lumpur International Airport,KUL
Brunei International Airport,BWN,2024-08-15 12:55,Kuching International Airport,KCH,2024-08-15 14:15,80,Royal Brunei,Economy,250,60.0,,291,Y,Y,Y,1,7,1,20,Thursday,False,False,False,Kuala Lumpur International Airport,KUL
Brunei International Airport,BWN,2024-08-15 12:05,Singapore Changi Airport,SIN,2024-08-15 14:20,135,Singapore Airlines,Economy,315,110.0,,312,Y,Y,Y,1,7,1,23,Thursday,False,False,False,Kuala Lumpur International Airport,KUL
Brunei International Airport,BWN,2024-08-16 16:10,Kuala Lumpur International Airport,KUL,2024-08-16 18:35,145,AirAsia,Economy,145,,,76,Y,N,N,1,7,0,0,Friday,False,False,False,Kuala Lumpur International Airport,KUL
Brunei International Airport,BWN,2024-08-16 09:30,Kuala Lumpur International Airport,KUL,2024-08-16 11:55,145,AirAsia,Economy,145,,,89,Y,N,N,1,7,0,0,Friday,False,False,False,Kuala Lumpur International Airport,KUL
Brunei International Airport,BWN,2024-08-16 08:50,Kuala Lumpur International Airport,KUL,2024-08-16 11:20,150,Royal Brunei,Economy,150,,,286,Y,Y,Y,1,7,1,20,Friday,False,False,False,Kuala Lumpur International Airport,KUL
Brunei International Airport,BWN,2024-08-16 19:35,Kota Kinabalu International Airport,BKI,2024-08-16 20:15,40,Royal Brunei,Economy,840,645.0,True,250,Y,Y,Y,1,7,1,20,Friday,False,False,False,Kuala Lumpur International Airport,KUL
Brunei International Airport,BWN,2024-08-16 17:55,Kuala Lumpur International Airport,KUL,2024-08-16 20:25,150,Royal Brunei,Economy,150,,,253,Y,Y,Y,1,7,1,20,Friday,False,False,False,Kuala Lumpur International Airport,KUL
Brunei International Airport,BWN,2024-08-16 18:30,Ninoy Aquino International Airport,MNL,2024-08-16 20:45,135,Royal Brunei,Economy,1245,875.0,True,263,Y,Y,Y,1,7,1,20,Friday,False,False,False,Kuala Lumpur International Airport,KUL
Brunei International Airport,BWN,2024-08-16 19:35,Kota Kinabalu International Airport,BKI,2024-08-16 20:15,40,Royal Brunei,Economy,320,130.0,,266,Y,Y,Y,1,7,1,20,Friday,False,False,False,Kuala Lumpur International Airport,KUL
Brunei International Airport,BWN,2024-08-17 16:10,Kuala Lumpur International Airport,KUL,2024-08-17 18:35,145,AirAsia,Economy,145,,,76,Y,N,N,1,7,0,0,Saturday,False,False,False,Kuala Lumpur International Airport,KUL
Brunei International Airport,BWN,2024-08-17 09:30,Kuala Lumpur International Airport,KUL,2024-08-17 11:55,145,AirAsia,Economy,145,,,89,Y,N,N,1,7,0,0,Saturday,False,False,False,Kuala Lumpur International Airport,KUL
Brunei International Airport,BWN,2024-08-17 08:50,Kuala Lumpur International Airport,KUL,2024-08-17 11:20,150,Royal Brunei,Economy,150,,,219,Y,Y,Y,1,7,1,20,Saturday,False,False,False,Kuala Lumpur International Airport,KUL
Brunei International Airport,BWN,2024-08-17 18:25,Kota Kinabalu International Airport,BKI,2024-08-17 19:05,40,Royal Brunei,Economy,360,160.0,,266,Y,Y,Y,1,7,1,20,Saturday,False,False,False,Kuala Lumpur International Airport,KUL
Brunei International Airport,BWN,2024-08-17 12:05,Singapore Changi Airport,SIN,2024-08-17 14:20,135,Singapore Airlines,Economy,370,160.0,,283,Y,Y,Y,1,7,1,23,Saturday,False,False,False,Kuala Lumpur International Airport,KUL
Brunei International Airport,BWN,2024-08-18 09:30,Kuala Lumpur International Airport,KUL,2024-08-18 11:55,145,AirAsia,Economy,145,,,89,Y,N,N,1,7,0,0,Sunday,False,False,False,Kuala Lumpur International Airport,KUL
Brunei International Airport,BWN,2024-08-18 16:10,Kuala Lumpur International Airport,KUL,2024-08-18 18:35,145,AirAsia,Economy,145,,,89,Y,N,N,1,7,0,0,Sunday,False,False,False,Kuala Lumpur International Airport,KUL
Brunei International Airport,BWN,2024-08-18 17:55,Kuala Lumpur International Airport,KUL,2024-08-18 20:25,150,Royal Brunei,Economy,150,,,186,Y,Y,Y,1,7,1,20,Sunday,False,False,False,Kuala Lumpur International Airport,KUL
Brunei International Airport,BWN,2024-08-18 19:50,Kota Kinabalu International Airport,BKI,2024-08-18 20:30,40,Royal Brunei,Economy,730,530.0,True,250,Y,Y,Y,1,7,1,20,Sunday,False,False,False,Kuala Lumpur International Airport,KUL
Brunei International Airport,BWN,2024-08-18 08:50,Kuala Lumpur International Airport,KUL,2024-08-18 11:20,150,Royal Brunei,Economy,150,,,253,Y,Y,Y,1,7,1,20,Sunday,False,False,False,Kuala Lumpur International Airport,KUL
Brunei International Airport,BWN,2024-08-18 19:50,Kota Kinabalu International Airport,BKI,2024-08-18 20:30,40,Royal Brunei,Economy,275,75.0,,266,Y,Y,Y,1,7,1,20,Sunday,False,False,False,Kuala Lumpur International Airport,KUL
Brunei International Airport,BWN,2024-08-19 16:10,Kuala Lumpur International Airport,KUL,2024-08-19 18:35,145,AirAsia,Economy,145,,,76,Y,N,N,1,7,0,0,Monday,False,False,False,Kuala Lumpur International Airport,KUL
Brunei International Airport,BWN,2024-08-19 09:30,Kuala Lumpur International Airport,KUL,2024-08-19 11:55,145,AirAsia,Economy,145,,,89,Y,N,N,1,7,0,0,Monday,False,False,False,Kuala Lumpur International Airport,KUL
Brunei International Airport,BWN,2024-08-19 08:50,Kuala Lumpur International Airport,KUL,2024-08-19 11:20,150,Royal Brunei,Economy,150,,,253,Y,Y,Y,1,7,1,20,Monday,False,False,False,Kuala Lumpur International Airport,KUL
Brunei International Airport,BWN,2024-08-19 18:45,Kota Kinabalu International Airport,BKI,2024-08-19 19:25,40,Royal Brunei,Economy,340,140.0,,250,Y,Y,Y,1,7,1,20,Monday,False,False,False,Kuala Lumpur International Airport,KUL
Brunei International Airport,BWN,2024-08-19 18:30,Ninoy Aquino International Airport,MNL,2024-08-19 20:45,135,Royal Brunei,Economy,1245,875.0,True,263,Y,Y,Y,1,7,1,20,Monday,False,False,False,Kuala Lumpur International Airport,KUL
Brunei International Airport,BWN,2024-08-19 12:05,Singapore Changi Airport,SIN,2024-08-19 14:20,135,Singapore Airlines,Economy,315,110.0,,283,Y,Y,Y,1,7,1,23,Monday,False,False,False,Kuala Lumpur International Airport,KUL
Brunei International Airport,BWN,2024-08-19 12:05,Singapore Changi Airport,SIN,2024-08-19 14:20,135,Singapore Airlines,Economy,335,125.0,,286,Y,Y,Y,1,7,1,23,Monday,False,False,False,Kuala Lumpur International Airport,KUL
Brunei International Airport,BWN,2024-08-19 12:05,Singapore Changi Airport,SIN,2024-08-19 14:20,135,Singapore Airlines,Economy,340,135.0,,1116,Y,Y,Y,1,7,1,23,Monday,False,False,False,Kuala Lumpur International Airport,KUL
Brunei International Airport,BWN,2024-08-20 16:10,Kuala Lumpur International Airport,KUL,2024-08-20 18:35,145,AirAsia,Economy,145,,,76,Y,N,N,1,7,0,0,Tuesday,False,False,False,Kuala Lumpur International Airport,KUL
Brunei International Airport,BWN,2024-08-20 09:30,Kuala Lumpur International Airport,KUL,2024-08-20 11:55,145,AirAsia,Economy,145,,,89,Y,N,N,1,7,0,0,Tuesday,False,False,False,Kuala Lumpur International Airport,KUL
Brunei International Airport,BWN,2024-08-20 17:55,Kuala Lumpur International Airport,KUL,2024-08-20 20:25,150,Royal Brunei,Economy,150,,,186,Y,Y,Y,1,7,1,20,Tuesday,False,False,False,Kuala Lumpur International Airport,KUL
Brunei International Airport,BWN,2024-08-20 19:35,Kota Kinabalu International Airport,BKI,2024-08-20 20:15,40,Royal Brunei,Economy,745,545.0,True,250,Y,Y,Y,1,7,1,20,Tuesday,False,False,False,Kuala Lumpur International Airport,KUL
Brunei International Airport,BWN,2024-08-20 19:35,Kota Kinabalu International Airport,BKI,2024-08-20 20:15,40,Royal Brunei,Economy,290,90.0,,266,Y,Y,Y,1,7,1,20,Tuesday,False,False,False,Kuala Lumpur International Airport,KUL
Brunei International Airport,BWN,2024-08-20 12:05,Singapore Changi Airport,SIN,2024-08-20 14:20,135,Singapore Airlines,Economy,315,110.0,,283,Y,Y,Y,1,7,1,23,Tuesday,False,False,False,Kuala Lumpur International Airport,KUL
Brunei International Airport,BWN,2024-08-20 12:05,Singapore Changi Airport,SIN,2024-08-20 14:20,135,Singapore Airlines,Economy,335,125.0,,286,Y,Y,Y,1,7,1,23,Tuesday,False,False,False,Kuala Lumpur International Airport,KUL
Brunei International Airport,BWN,2024-08-20 12:05,Singapore Changi Airport,SIN,2024-08-20 14:20,135,Singapore Airlines,Economy,340,135.0,,1116,Y,Y,Y,1,7,1,23,Tuesday,False,False,False,Kuala Lumpur International Airport,KUL
Brunei International Airport,BWN,2024-08-21 09:30,Kuala Lumpur International Airport,KUL,2024-08-21 11:55,145,AirAsia,Economy,145,,,76,Y,N,N,1,7,0,0,Wednesday,False,False,False,Kuala Lumpur International Airport,KUL
Brunei International Airport,BWN,2024-08-21 16:10,Kuala Lumpur International Airport,KUL,2024-08-21 18:35,145,AirAsia,Economy,145,,,76,Y,N,N,1,7,0,0,Wednesday,False,False,False,Kuala Lumpur International Airport,KUL
Brunei International Airport,BWN,2024-08-21 17:55,Kuala Lumpur International Airport,KUL,2024-08-21 20:25,150,Royal Brunei,Economy,150,,,186,Y,Y,Y,1,7,1,20,Wednesday,False,False,False,Kuala Lumpur International Airport,KUL
Brunei International Airport,BWN,2024-08-22 09:30,Kuala Lumpur International Airport,KUL,2024-08-22 11:55,145,AirAsia,Economy,145,,,76,Y,N,N,1,7,0,0,Thursday,False,False,False,Kuala Lumpur International Airport,KUL
Brunei International Airport,BWN,2024-08-22 16:10,Kuala Lumpur International Airport,KUL,2024-08-22 18:35,145,AirAsia,Economy,145,,,76,Y,N,N,1,7,0,0,Thursday,False,False,False,Kuala Lumpur International Airport,KUL
Brunei International Airport,BWN,2024-08-22 17:55,Kuala Lumpur International Airport,KUL,2024-08-22 20:25,150,Royal Brunei,Economy,150,,,186,Y,Y,Y,1,7,1,20,Thursday,False,False,False,Kuala Lumpur International Airport,KUL
Brunei International Airport,BWN,2024-08-22 08:50,Kuala Lumpur International Airport,KUL,2024-08-22 11:20,150,Royal Brunei,Economy,150,,,219,Y,Y,Y,1,7,1,20,Thursday,False,False,False,Kuala Lumpur International Airport,KUL
Brunei International Airport,BWN,2024-08-22 19:00,Kota Kinabalu International Airport,BKI,2024-08-22 19:40,40,Royal Brunei,Economy,325,125.0,,250,Y,Y,Y,1,7,1,20,Thursday,False,False,False,Kuala Lumpur International Airport,KUL
Brunei International Airport,BWN,2024-08-22 12:05,Singapore Changi Airport,SIN,2024-08-22 14:20,135,Singapore Airlines,Economy,370,160.0,,283,Y,Y,Y,1,7,1,23,Thursday,False,False,False,Kuala Lumpur International Airport,KUL
Brunei International Airport,BWN,2024-08-22 12:05,Singapore Changi Airport,SIN,2024-08-22 14:20,135,Singapore Airlines,Economy,335,125.0,,286,Y,Y,Y,1,7,1,23,Thursday,False,False,False,Kuala Lumpur International Airport,KUL
Brunei International Airport,BWN,2024-08-22 12:05,Singapore Changi Airport,SIN,2024-08-22 14:20,135,Singapore Airlines,Economy,315,110.0,,312,Y,Y,Y,1,7,1,23,Thursday,False,False,False,Kuala Lumpur International Airport,KUL
Brunei International Airport,BWN,2024-08-23 09:30,Kuala Lumpur International Airport,KUL,2024-08-23 11:55,145,AirAsia,Economy,145,,,76,Y,N,N,1,7,0,0,Friday,False,False,False,Kuala Lumpur International Airport,KUL
Brunei International Airport,BWN,2024-08-23 16:10,Kuala Lumpur International Airport,KUL,2024-08-23 18:35,145,AirAsia,Economy,145,,,76,Y,N,N,1,7,0,0,Friday,False,False,False,Kuala Lumpur International Airport,KUL
Brunei International Airport,BWN,2024-08-23 08:50,Kuala Lumpur International Airport,KUL,2024-08-23 11:20,150,Royal Brunei,Economy,150,,,186,Y,Y,Y,1,7,1,20,Friday,False,False,False,Kuala Lumpur International Airport,KUL
Brunei International Airport,BWN,2024-08-23 17:55,Kuala Lumpur International Airport,KUL,2024-08-23 20:25,150,Royal Brunei,Economy,150,,,186,Y,Y,Y,1,7,1,20,Friday,False,False,False,Kuala Lumpur International Airport,KUL
Brunei International Airport,BWN,2024-08-23 19:35,Kota Kinabalu International Airport,BKI,2024-08-23 20:15,40,Royal Brunei,Economy,320,130.0,,250,Y,Y,Y,1,7,1,20,Friday,False,False,False,Kuala Lumpur International Airport,KUL
Brunei International Airport,BWN,2024-08-23 18:30,Ninoy Aquino International Airport,MNL,2024-08-23 20:45,135,Royal Brunei,Economy,1245,875.0,True,263,Y,Y,Y,1,7,1,20,Friday,False,False,False,Kuala Lumpur International Airport,KUL
Brunei International Airport,BWN,2024-08-24 09:30,Kuala Lumpur International Airport,KUL,2024-08-24 11:55,145,AirAsia,Economy,145,,,76,Y,N,N,1,7,0,0,Saturday,False,False,False,Kuala Lumpur International Airport,KUL
Brunei International Airport,BWN,2024-08-24 16:10,Kuala Lumpur International Airport,KUL,2024-08-24 18:35,145,AirAsia,Economy,145,,,76,Y,N,N,1,7,0,0,Saturday,False,False,False,Kuala Lumpur International Airport,KUL
Brunei International Airport,BWN,2024-08-24 08:50,Kuala Lumpur International Airport,KUL,2024-08-24 11:20,150,Royal Brunei,Economy,150,,,186,Y,Y,Y,1,7,1,20,Saturday,False,False,False,Kuala Lumpur International Airport,KUL
Brunei International Airport,BWN,2024-08-24 18:25,Kota Kinabalu International Airport,BKI,2024-08-24 19:05,40,Royal Brunei,Economy,360,160.0,,250,Y,Y,Y,1,7,1,20,Saturday,False,False,False,Kuala Lumpur International Airport,KUL
Brunei International Airport,BWN,2024-08-24 12:05,Singapore Changi Airport,SIN,2024-08-24 14:20,135,Singapore Airlines,Economy,370,160.0,,283,Y,Y,Y,1,7,1,23,Saturday,False,False,False,Kuala Lumpur International Airport,KUL
Brunei International Airport,BWN,2024-08-25 09:30,Kuala Lumpur International Airport,KUL,2024-08-25 11:55,145,AirAsia,Economy,145,,,76,Y,N,N,1,7,0,0,Sunday,False,False,False,Kuala Lumpur International Airport,KUL
Brunei International Airport,BWN,2024-08-25 16:10,Kuala Lumpur International Airport,KUL,2024-08-25 18:35,145,AirAsia,Economy,145,,,76,Y,N,N,1,7,0,0,Sunday,False,False,False,Kuala Lumpur International Airport,KUL
Brunei International Airport,BWN,2024-08-25 08:50,Kuala Lumpur International Airport,KUL,2024-08-25 11:20,150,Royal Brunei,Economy,150,,,186,Y,Y,Y,1,7,1,20,Sunday,False,False,False,Kuala Lumpur International Airport,KUL
Brunei International Airport,BWN,2024-08-25 17:55,Kuala Lumpur International Airport,KUL,2024-08-25 20:25,150,Royal Brunei,Economy,150,,,186,Y,Y,Y,1,7,1,20,Sunday,False,False,False,Kuala Lumpur International Airport,KUL
Brunei International Airport,BWN,2024-08-25 19:30,Kuching International Airport,KCH,2024-08-25 20:50,80,Royal Brunei,Economy,720,530.0,True,291,Y,Y,Y,1,7,1,20,Sunday,False,False,False,Kuala Lumpur International Airport,KUL
Brunei International Airport,BWN,2024-08-26 09:30,Kuala Lumpur International Airport,KUL,2024-08-26 11:55,145,AirAsia,Economy,145,,,76,Y,N,N,1,7,0,0,Monday,False,False,False,Kuala Lumpur International Airport,KUL
Brunei International Airport,BWN,2024-08-26 16:10,Kuala Lumpur International Airport,KUL,2024-08-26 18:35,145,AirAsia,Economy,145,,,76,Y,N,N,1,7,0,0,Monday,False,False,False,Kuala Lumpur International Airport,KUL
Brunei International Airport,BWN,2024-08-26 08:50,Kuala Lumpur International Airport,KUL,2024-08-26 11:20,150,Royal Brunei,Economy,150,,,186,Y,Y,Y,1,7,1,20,Monday,False,False,False,Kuala Lumpur International Airport,KUL
Brunei International Airport,BWN,2024-08-26 18:45,Kota Kinabalu International Airport,BKI,2024-08-26 19:25,40,Royal Brunei,Economy,340,140.0,,250,Y,Y,Y,1,7,1,20,Monday,False,False,False,Kuala Lumpur International Airport,KUL
Brunei International Airport,BWN,2024-08-26 18:30,Ninoy Aquino International Airport,MNL,2024-08-26 20:45,135,Royal Brunei,Economy,1245,875.0,True,263,Y,Y,Y,1,7,1,20,Monday,False,False,False,Kuala Lumpur International Airport,KUL
Brunei International Airport,BWN,2024-08-26 12:05,Singapore Changi Airport,SIN,2024-08-26 14:20,135,Singapore Airlines,Economy,315,110.0,,283,Y,Y,Y,1,7,1,23,Monday,False,False,False,Kuala Lumpur International Airport,KUL
Brunei International Airport,BWN,2024-08-26 12:05,Singapore Changi Airport,SIN,2024-08-26 14:20,135,Singapore Airlines,Economy,335,125.0,,286,Y,Y,Y,1,7,1,23,Monday,False,False,False,Kuala Lumpur International Airport,KUL
Brunei International Airport,BWN,2024-08-26 12:05,Singapore Changi Airport,SIN,2024-08-26 14:20,135,Singapore Airlines,Economy,340,135.0,,1116,Y,Y,Y,1,7,1,23,Monday,False,False,False,Kuala Lumpur International Airport,KUL
Brunei International Airport,BWN,2024-08-27 09:30,Kuala Lumpur International Airport,KUL,2024-08-27 11:55,145,AirAsia,Economy,145,,,76,Y,N,N,1,7,0,0,Tuesday,False,False,False,Kuala Lumpur International Airport,KUL
Brunei International Airport,BWN,2024-08-27 16:10,Kuala Lumpur International Airport,KUL,2024-08-27 18:35,145,AirAsia,Economy,145,,,76,Y,N,N,1,7,0,0,Tuesday,False,False,False,Kuala Lumpur International Airport,KUL
Brunei International Airport,BWN,2024-08-27 17:55,Kuala Lumpur International Airport,KUL,2024-08-27 20:25,150,Royal Brunei,Economy,150,,,186,Y,Y,Y,1,7,1,20,Tuesday,False,False,False,Kuala Lumpur International Airport,KUL
Brunei International Airport,BWN,2024-08-27 19:35,Kota Kinabalu International Airport,BKI,2024-08-27 20:15,40,Royal Brunei,Economy,290,90.0,,250,Y,Y,Y,1,7,1,20,Tuesday,False,False,False,Kuala Lumpur International Airport,KUL
Brunei International Airport,BWN,2024-08-27 12:05,Singapore Changi Airport,SIN,2024-08-27 14:20,135,Singapore Airlines,Economy,315,110.0,,283,Y,Y,Y,1,7,1,23,Tuesday,False,False,False,Kuala Lumpur International Airport,KUL
Brunei International Airport,BWN,2024-08-27 12:05,Singapore Changi Airport,SIN,2024-08-27 14:20,135,Singapore Airlines,Economy,335,125.0,,286,Y,Y,Y,1,7,1,23,Tuesday,False,False,False,Kuala Lumpur International Airport,KUL
Brunei International Airport,BWN,2024-08-27 12:05,Singapore Changi Airport,SIN,2024-08-27 14:20,135,Singapore Airlines,Economy,340,135.0,,1116,Y,Y,Y,1,7,1,23,Tuesday,False,False,False,Kuala Lumpur International Airport,KUL
Brunei International Airport,BWN,2024-08-28 09:30,Kuala Lumpur International Airport,KUL,2024-08-28 11:55,145,AirAsia,Economy,145,,,76,Y,N,N,1,7,0,0,Wednesday,False,False,False,Kuala Lumpur International Airport,KUL
Brunei International Airport,BWN,2024-08-28 16:10,Kuala Lumpur International Airport,KUL,2024-08-28 18:35,145,AirAsia,Economy,145,,,76,Y,N,N,1,7,0,0,Wednesday,False,False,False,Kuala Lumpur International Airport,KUL
Brunei International Airport,BWN,2024-08-28 17:55,Kuala Lumpur International Airport,KUL,2024-08-28 20:25,150,Royal Brunei,Economy,150,,,186,Y,Y,Y,1,7,1,20,Wednesday,False,False,False,Kuala Lumpur International Airport,KUL
Brunei International Airport,BWN,2024-08-29 09:30,Kuala Lumpur International Airport,KUL,2024-08-29 11:55,145,AirAsia,Economy,145,,,76,Y,N,N,1,7,0,0,Thursday,False,False,False,Kuala Lumpur International Airport,KUL
Brunei International Airport,BWN,2024-08-29 16:10,Kuala Lumpur International Airport,KUL,2024-08-29 18:35,145,AirAsia,Economy,145,,,76,Y,N,N,1,7,0,0,Thursday,False,False,False,Kuala Lumpur International Airport,KUL
Brunei International Airport,BWN,2024-08-29 08:50,Kuala Lumpur International Airport,KUL,2024-08-29 11:20,150,Royal Brunei,Economy,150,,,186,Y,Y,Y,1,7,1,20,Thursday,False,False,False,Kuala Lumpur International Airport,KUL
Brunei International Airport,BWN,2024-08-29 17:55,Kuala Lumpur International Airport,KUL,2024-08-29 20:25,150,Royal Brunei,Economy,150,,,186,Y,Y,Y,1,7,1,20,Thursday,False,False,False,Kuala Lumpur International Airport,KUL
Brunei International Airport,BWN,2024-08-29 12:05,Singapore Changi Airport,SIN,2024-08-29 14:20,135,Singapore Airlines,Economy,370,160.0,,283,Y,Y,Y,1,7,1,23,Thursday,False,False,False,Kuala Lumpur International Airport,KUL
Brunei International Airport,BWN,2024-08-29 12:05,Singapore Changi Airport,SIN,2024-08-29 14:20,135,Singapore Airlines,Economy,335,125.0,,286,Y,Y,Y,1,7,1,23,Thursday,False,False,False,Kuala Lumpur International Airport,KUL
Brunei International Airport,BWN,2024-08-29 12:55,Kuching International Airport,KCH,2024-08-29 14:15,80,Royal Brunei,Economy,250,60.0,,304,Y,Y,Y,1,7,1,20,Thursday,False,False,False,Kuala Lumpur International Airport,KUL
Brunei International Airport,BWN,2024-08-29 12:05,Singapore Changi Airport,SIN,2024-08-29 14:20,135,Singapore Airlines,Economy,315,110.0,,312,Y,Y,Y,1,7,1,23,Thursday,False,False,False,Kuala Lumpur International Airport,KUL
Brunei International Airport,BWN,2024-08-30 09:30,Kuala Lumpur International Airport,KUL,2024-08-30 11:55,145,AirAsia,Economy,145,,,76,Y,N,N,1,7,0,0,Friday,False,False,False,Kuala Lumpur International Airport,KUL
Brunei International Airport,BWN,2024-08-30 16:10,Kuala Lumpur International Airport,KUL,2024-08-30 18:35,145,AirAsia,Economy,145,,,76,Y,N,N,1,7,0,0,Friday,False,False,False,Kuala Lumpur International Airport,KUL
Brunei International Airport,BWN,2024-08-30 08:50,Kuala Lumpur International Airport,KUL,2024-08-30 11:20,150,Royal Brunei,Economy,150,,,186,Y,Y,Y,1,7,1,20,Friday,False,False,False,Kuala Lumpur International Airport,KUL
Brunei International Airport,BWN,2024-08-30 17:55,Kuala Lumpur International Airport,KUL,2024-08-30 20:25,150,Royal Brunei,Economy,150,,,186,Y,Y,Y,1,7,1,20,Friday,False,False,False,Kuala Lumpur International Airport,KUL
Brunei International Airport,BWN,2024-08-30 18:30,Ninoy Aquino International Airport,MNL,2024-08-30 20:45,135,Royal Brunei,Economy,1245,875.0,True,263,Y,Y,Y,1,7,1,20,Friday,False,False,False,Kuala Lumpur International Airport,KUL
Brunei International Airport,BWN,2024-08-30 19:35,Kota Kinabalu International Airport,BKI,2024-08-30 20:15,40,Royal Brunei,Economy,290,90.0,,266,Y,Y,Y,1,7,1,20,Friday,False,False,False,Kuala Lumpur International Airport,KUL
Brunei International Airport,BWN,2024-08-31 09:30,Kuala Lumpur International Airport,KUL,2024-08-31 11:55,145,AirAsia,Economy,145,,,76,Y,N,N,1,7,0,0,Saturday,False,True,False,Kuala Lumpur International Airport,KUL
Brunei International Airport,BWN,2024-08-31 16:10,Kuala Lumpur International Airport,KUL,2024-08-31 18:35,145,AirAsia,Economy,145,,,76,Y,N,N,1,7,0,0,Saturday,False,True,False,Kuala Lumpur International Airport,KUL
Brunei International Airport,BWN,2024-08-31 08:50,Kuala Lumpur International Airport,KUL,2024-08-31 11:20,150,Royal Brunei,Economy,150,,,186,Y,Y,Y,1,7,1,20,Saturday,False,True,False,Kuala Lumpur International Airport,KUL
Brunei International Airport,BWN,2024-08-31 18:25,Kota Kinabalu International Airport,BKI,2024-08-31 19:05,40,Royal Brunei,Economy,360,160.0,,266,Y,Y,Y,1,7,1,20,Saturday,False,True,False,Kuala Lumpur International Airport,KUL
Brunei International Airport,BWN,2024-08-31 12:05,Singapore Changi Airport,SIN,2024-08-31 14:20,135,Singapore Airlines,Economy,370,160.0,,345,Y,Y,Y,1,7,1,23,Saturday,False,True,False,Kuala Lumpur International Airport,KUL
