Departure Airport Name,Departure Airport ID,Departure Time,Arrival Airport Name,Arrival Airport ID,Arrival Time,Duration,Airline,Travel Class,Total Duration,Layover 1 Duration,Layover 1 Overnight,Price, Cabin Baggage, Checked Baggage,Meal Included,Cabin Baggage (Number),Cabin Baggage (kg per piece),Checked Baggage (Number),Checked Baggage (kg per piece) ,Day of Week (on flight date),Departure Country Is Holiday,Arrival Country Is Holiday,Overnight Flight,Final Arrival Airport Name,Final Arrival Airport ID
Brunei International Airport,BWN,2024-07-01 18:30,Ninoy Aquino International Airport,MNL,2024-07-01 20:45,135,Royal Brunei,Economy,135,,,334,Y,Y,Y,1,7,1,20,Monday,False,False,False,Ninoy Aquino International Airport,MNL
Brunei International Airport,BWN,2024-07-01 12:05,Singapore Changi Airport,SIN,2024-07-01 14:20,135,Singapore Airlines,Economy,1055,700.0,,370,Y,Y,Y,1,7,1,23,Monday,False,False,False,Ninoy Aquino International Airport,MNL
Brunei International Airport,BWN,2024-07-01 12:05,Singapore Changi Airport,SIN,2024-07-01 14:20,135,Singapore Airlines,Economy,655,305.0,,744,Y,Y,Y,1,7,1,23,Monday,False,False,False,Ninoy Aquino International Airport,MNL
Brunei International Airport,BWN,2024-07-02 23:40,Ninoy Aquino International Airport,MNL,2024-07-03 02:00,140,Cebu Pacific,Economy,140,,,129,Y,N,N,1,7,0,0,Tuesday,False,False,True,Ninoy Aquino International Airport,MNL
Brunei International Airport,BWN,2024-07-02 12:05,Singapore Changi Airport,SIN,2024-07-02 14:20,135,Singapore Airlines,Economy,1055,700.0,,370,Y,Y,Y,1,7,1,23,Tuesday,False,False,False,Ninoy Aquino International Airport,MNL
Brunei International Airport,BWN,2024-07-02 17:55,Kuala Lumpur International Airport,KUL,2024-07-02 20:25,150,Royal Brunei,Economy,1085,705.0,True,485,Y,Y,Y,1,7,1,20,Tuesday,False,False,False,Ninoy Aquino International Airport,MNL
Brunei International Airport,BWN,2024-07-02 12:05,Singapore Changi Airport,SIN,2024-07-02 14:20,135,Singapore Airlines,Economy,655,305.0,,664,Y,Y,Y,1,7,1,23,Tuesday,False,False,False,Ninoy Aquino International Airport,MNL
Brunei International Airport,BWN,2024-07-02 12:05,Singapore Changi Airport,SIN,2024-07-02 14:20,135,Singapore Airlines,Economy,775,405.0,,1489,Y,Y,Y,1,7,1,23,Tuesday,False,False,False,Ninoy Aquino International Airport,MNL
Brunei International Airport,BWN,2024-07-03 11:55,Ninoy Aquino International Airport,MNL,2024-07-03 14:10,135,Royal Brunei,Economy,135,,,230,Y,Y,Y,1,7,1,20,Wednesday,False,False,False,Ninoy Aquino International Airport,MNL
Brunei International Airport,BWN,2024-07-03 15:50,Singapore Changi Airport,SIN,2024-07-03 18:00,130,Singapore Airlines,Economy,830,480.0,,418,Y,Y,Y,1,7,1,23,Wednesday,False,False,False,Ninoy Aquino International Airport,MNL
Brunei International Airport,BWN,2024-07-03 17:55,Kuala Lumpur International Airport,KUL,2024-07-03 20:25,150,Royal Brunei,Economy,1085,705.0,True,418,Y,Y,Y,1,7,1,20,Wednesday,False,False,False,Ninoy Aquino International Airport,MNL
Brunei International Airport,BWN,2024-07-03 15:50,Singapore Changi Airport,SIN,2024-07-03 18:00,130,Singapore Airlines,Economy,430,85.0,,457,Y,Y,Y,1,7,1,23,Wednesday,False,False,False,Ninoy Aquino International Airport,MNL
Brunei International Airport,BWN,2024-07-03 17:55,Kuala Lumpur International Airport,KUL,2024-07-03 20:25,150,Royal Brunei,Economy,1585,1200.0,True,600,Y,Y,Y,1,7,1,20,Wednesday,False,False,False,Ninoy Aquino International Airport,MNL
Brunei International Airport,BWN,2024-07-03 15:50,Singapore Changi Airport,SIN,2024-07-03 18:00,130,Singapore Airlines,Economy,475,110.0,,1489,Y,Y,Y,1,7,1,23,Wednesday,False,False,False,Ninoy Aquino International Airport,MNL
Brunei International Airport,BWN,2024-07-04 23:40,Ninoy Aquino International Airport,MNL,2024-07-05 02:00,140,Cebu Pacific,Economy,140,,,115,Y,N,N,1,7,0,0,Thursday,False,False,True,Ninoy Aquino International Airport,MNL
Brunei International Airport,BWN,2024-07-04 18:30,Ninoy Aquino International Airport,MNL,2024-07-04 20:45,135,Royal Brunei,Economy,135,,,260,Y,Y,Y,1,7,1,20,Thursday,False,False,False,Ninoy Aquino International Airport,MNL
Brunei International Airport,BWN,2024-07-05 18:30,Ninoy Aquino International Airport,MNL,2024-07-05 20:45,135,Royal Brunei,Economy,135,,,230,Y,Y,Y,1,7,1,20,Friday,False,False,False,Ninoy Aquino International Airport,MNL
Brunei International Airport,BWN,2024-07-05 08:50,Kuala Lumpur International Airport,KUL,2024-07-05 11:20,150,Royal Brunei,Economy,1630,1250.0,True,437,Y,Y,Y,1,7,1,20,Friday,False,False,False,Ninoy Aquino International Airport,MNL
Brunei International Airport,BWN,2024-07-05 17:55,Kuala Lumpur International Airport,KUL,2024-07-05 20:25,150,Royal Brunei,Economy,730,345.0,True,666,Y,Y,Y,1,7,1,20,Friday,False,False,False,Ninoy Aquino International Airport,MNL
Brunei International Airport,BWN,2024-07-06 23:40,Ninoy Aquino International Airport,MNL,2024-07-07 02:00,140,Cebu Pacific,Economy,140,,,115,Y,N,N,1,7,0,0,Saturday,False,False,True,Ninoy Aquino International Airport,MNL
Brunei International Airport,BWN,2024-07-06 11:55,Ninoy Aquino International Airport,MNL,2024-07-06 14:10,135,Royal Brunei,Economy,135,,,212,Y,Y,Y,1,7,1,20,Saturday,False,False,False,Ninoy Aquino International Airport,MNL
Brunei International Airport,BWN,2024-07-06 08:50,Kuala Lumpur International Airport,KUL,2024-07-06 11:20,150,Royal Brunei,Economy,1630,1250.0,True,437,Y,Y,Y,1,7,1,20,Saturday,False,False,False,Ninoy Aquino International Airport,MNL
Brunei International Airport,BWN,2024-07-06 12:05,Singapore Changi Airport,SIN,2024-07-06 14:20,135,Singapore Airlines,Economy,655,305.0,,664,Y,Y,Y,1,7,1,23,Saturday,False,False,False,Ninoy Aquino International Airport,MNL
Brunei International Airport,BWN,2024-07-07 23:40,Ninoy Aquino International Airport,MNL,2024-07-08 02:00,140,Cebu Pacific,Economy,140,,,115,Y,N,N,1,7,0,0,Sunday,False,False,True,Ninoy Aquino International Airport,MNL
Brunei International Airport,BWN,2024-07-07 17:55,Kuala Lumpur International Airport,KUL,2024-07-07 20:25,150,Royal Brunei,Economy,1085,705.0,True,563,Y,Y,Y,1,7,1,20,Sunday,False,False,False,Ninoy Aquino International Airport,MNL
Brunei International Airport,BWN,2024-07-07 08:35,Taiwan Taoyuan International Airport,TPE,2024-07-07 12:10,215,Royal Brunei,Economy,1500,1150.0,True,782,Y,Y,Y,1,7,1,20,Sunday,False,False,False,Ninoy Aquino International Airport,MNL
Brunei International Airport,BWN,2024-07-08 18:30,Ninoy Aquino International Airport,MNL,2024-07-08 20:45,135,Royal Brunei,Economy,135,,,230,Y,Y,Y,1,7,1,20,Monday,True,False,False,Ninoy Aquino International Airport,MNL
Brunei International Airport,BWN,2024-07-08 08:50,Kuala Lumpur International Airport,KUL,2024-07-08 11:20,150,Royal Brunei,Economy,1630,1250.0,True,552,Y,Y,Y,1,7,1,20,Monday,True,False,False,Ninoy Aquino International Airport,MNL
Brunei International Airport,BWN,2024-07-08 12:05,Singapore Changi Airport,SIN,2024-07-08 14:20,135,Singapore Airlines,Economy,655,305.0,,664,Y,Y,Y,1,7,1,23,Monday,True,False,False,Ninoy Aquino International Airport,MNL
Brunei International Airport,BWN,2024-07-09 23:40,Ninoy Aquino International Airport,MNL,2024-07-10 02:00,140,Cebu Pacific,Economy,140,,,100,Y,N,N,1,7,0,0,Tuesday,False,False,True,Ninoy Aquino International Airport,MNL
Brunei International Airport,BWN,2024-07-09 12:05,Singapore Changi Airport,SIN,2024-07-09 14:20,135,Singapore Airlines,Economy,655,305.0,,382,Y,Y,Y,1,7,1,23,Tuesday,False,False,False,Ninoy Aquino International Airport,MNL
Brunei International Airport,BWN,2024-07-09 17:55,Kuala Lumpur International Airport,KUL,2024-07-09 20:25,150,Royal Brunei,Economy,1085,705.0,True,467,Y,Y,Y,1,7,1,20,Tuesday,False,False,False,Ninoy Aquino International Airport,MNL
Brunei International Airport,BWN,2024-07-09 12:05,Singapore Changi Airport,SIN,2024-07-09 14:20,135,Singapore Airlines,Economy,700,330.0,,1489,Y,Y,Y,1,7,1,23,Tuesday,False,False,False,Ninoy Aquino International Airport,MNL
Brunei International Airport,BWN,2024-07-10 11:55,Ninoy Aquino International Airport,MNL,2024-07-10 14:10,135,Royal Brunei,Economy,135,,,212,Y,Y,Y,1,7,1,20,Wednesday,False,False,False,Ninoy Aquino International Airport,MNL
Brunei International Airport,BWN,2024-07-10 17:55,Kuala Lumpur International Airport,KUL,2024-07-10 20:25,150,Royal Brunei,Economy,1085,705.0,True,418,Y,Y,Y,1,7,1,20,Wednesday,False,False,False,Ninoy Aquino International Airport,MNL
Brunei International Airport,BWN,2024-07-10 15:50,Singapore Changi Airport,SIN,2024-07-10 18:00,130,Singapore Airlines,Economy,830,480.0,,510,Y,Y,Y,1,7,1,23,Wednesday,False,False,False,Ninoy Aquino International Airport,MNL
Brunei International Airport,BWN,2024-07-10 17:55,Kuala Lumpur International Airport,KUL,2024-07-10 20:25,150,Royal Brunei,Economy,1615,1235.0,True,600,Y,Y,Y,1,7,1,20,Wednesday,False,False,False,Ninoy Aquino International Airport,MNL
Brunei International Airport,BWN,2024-07-10 15:50,Singapore Changi Airport,SIN,2024-07-10 18:00,130,Singapore Airlines,Economy,430,85.0,,664,Y,Y,Y,1,7,1,23,Wednesday,False,False,False,Ninoy Aquino International Airport,MNL
Brunei International Airport,BWN,2024-07-10 15:50,Singapore Changi Airport,SIN,2024-07-10 18:00,130,Singapore Airlines,Economy,475,110.0,,1489,Y,Y,Y,1,7,1,23,Wednesday,False,False,False,Ninoy Aquino International Airport,MNL
Brunei International Airport,BWN,2024-07-11 23:40,Ninoy Aquino International Airport,MNL,2024-07-12 02:00,140,Cebu Pacific,Economy,140,,,100,Y,N,N,1,7,0,0,Thursday,False,False,True,Ninoy Aquino International Airport,MNL
Brunei International Airport,BWN,2024-07-11 18:30,Ninoy Aquino International Airport,MNL,2024-07-11 20:45,135,Royal Brunei,Economy,135,,,230,Y,Y,Y,1,7,1,20,Thursday,False,False,False,Ninoy Aquino International Airport,MNL
Brunei International Airport,BWN,2024-07-12 18:30,Ninoy Aquino International Airport,MNL,2024-07-12 20:45,135,Royal Brunei,Economy,135,,,212,Y,Y,Y,1,7,1,20,Friday,False,False,False,Ninoy Aquino International Airport,MNL
Brunei International Airport,BWN,2024-07-12 17:55,Kuala Lumpur International Airport,KUL,2024-07-12 20:25,150,Royal Brunei,Economy,1650,1260.0,True,506,Y,Y,Y,1,7,1,20,Friday,False,False,False,Ninoy Aquino International Airport,MNL
Brunei International Airport,BWN,2024-07-12 15:50,Singapore Changi Airport,SIN,2024-07-12 18:00,130,Singapore Airlines,Economy,430,85.0,,664,Y,Y,Y,1,7,1,23,Friday,False,False,False,Ninoy Aquino International Airport,MNL
Brunei International Airport,BWN,2024-07-13 23:40,Ninoy Aquino International Airport,MNL,2024-07-14 02:00,140,Cebu Pacific,Economy,140,,,100,Y,N,N,1,7,0,0,Saturday,False,False,True,Ninoy Aquino International Airport,MNL
Brunei International Airport,BWN,2024-07-13 11:55,Ninoy Aquino International Airport,MNL,2024-07-13 14:10,135,Royal Brunei,Economy,135,,,212,Y,Y,Y,1,7,1,20,Saturday,False,False,False,Ninoy Aquino International Airport,MNL
Brunei International Airport,BWN,2024-07-13 08:50,Kuala Lumpur International Airport,KUL,2024-07-13 11:20,150,Royal Brunei,Economy,755,365.0,,443,Y,Y,Y,1,7,1,20,Saturday,False,False,False,Ninoy Aquino International Airport,MNL
Brunei International Airport,BWN,2024-07-13 12:05,Singapore Changi Airport,SIN,2024-07-13 14:20,135,Singapore Airlines,Economy,655,305.0,,664,Y,Y,Y,1,7,1,23,Saturday,False,False,False,Ninoy Aquino International Airport,MNL
Brunei International Airport,BWN,2024-07-13 12:05,Singapore Changi Airport,SIN,2024-07-13 14:20,135,Singapore Airlines,Economy,700,330.0,,1499,Y,Y,Y,1,7,1,23,Saturday,False,False,False,Ninoy Aquino International Airport,MNL
Brunei International Airport,BWN,2024-07-14 23:40,Ninoy Aquino International Airport,MNL,2024-07-15 02:00,140,Cebu Pacific,Economy,140,,,100,Y,N,N,1,7,0,0,Sunday,False,False,True,Ninoy Aquino International Airport,MNL
Brunei International Airport,BWN,2024-07-14 15:50,Singapore Changi Airport,SIN,2024-07-14 18:00,130,Singapore Airlines,Economy,430,85.0,,382,Y,Y,Y,1,7,1,23,Sunday,False,False,False,Ninoy Aquino International Airport,MNL
Brunei International Airport,BWN,2024-07-14 17:55,Kuala Lumpur International Airport,KUL,2024-07-14 20:25,150,Royal Brunei,Economy,1085,705.0,True,429,Y,Y,Y,1,7,1,20,Sunday,False,False,False,Ninoy Aquino International Airport,MNL
Brunei International Airport,BWN,2024-07-14 08:50,Kuala Lumpur International Airport,KUL,2024-07-14 11:20,150,Royal Brunei,Economy,755,365.0,,575,Y,Y,Y,1,7,1,20,Sunday,False,False,False,Ninoy Aquino International Airport,MNL
Brunei International Airport,BWN,2024-07-14 15:50,Singapore Changi Airport,SIN,2024-07-14 18:00,130,Singapore Airlines,Economy,475,110.0,,1489,Y,Y,Y,1,7,1,23,Sunday,False,False,False,Ninoy Aquino International Airport,MNL
Brunei International Airport,BWN,2024-07-15 18:30,Ninoy Aquino International Airport,MNL,2024-07-15 20:45,135,Royal Brunei,Economy,135,,,230,Y,Y,Y,1,7,1,20,Monday,True,False,False,Ninoy Aquino International Airport,MNL
Brunei International Airport,BWN,2024-07-15 12:05,Singapore Changi Airport,SIN,2024-07-15 14:20,135,Singapore Airlines,Economy,1055,700.0,,370,Y,Y,Y,1,7,1,23,Monday,True,False,False,Ninoy Aquino International Airport,MNL
Brunei International Airport,BWN,2024-07-15 12:05,Singapore Changi Airport,SIN,2024-07-15 14:20,135,Singapore Airlines,Economy,655,305.0,,375,Y,Y,Y,1,7,1,23,Monday,True,False,False,Ninoy Aquino International Airport,MNL
Brunei International Airport,BWN,2024-07-16 23:40,Ninoy Aquino International Airport,MNL,2024-07-17 02:00,140,Cebu Pacific,Economy,140,,,100,Y,N,N,1,7,0,0,Tuesday,False,False,True,Ninoy Aquino International Airport,MNL
Brunei International Airport,BWN,2024-07-16 12:05,Singapore Changi Airport,SIN,2024-07-16 14:20,135,Singapore Airlines,Economy,1055,700.0,,370,Y,Y,Y,1,7,1,23,Tuesday,False,False,False,Ninoy Aquino International Airport,MNL
Brunei International Airport,BWN,2024-07-16 12:05,Singapore Changi Airport,SIN,2024-07-16 14:20,135,Singapore Airlines,Economy,655,305.0,,375,Y,Y,Y,1,7,1,23,Tuesday,False,False,False,Ninoy Aquino International Airport,MNL
Brunei International Airport,BWN,2024-07-16 17:55,Kuala Lumpur International Airport,KUL,2024-07-16 20:25,150,Royal Brunei,Economy,1085,705.0,True,418,Y,Y,Y,1,7,1,20,Tuesday,False,False,False,Ninoy Aquino International Airport,MNL
Brunei International Airport,BWN,2024-07-16 12:05,Singapore Changi Airport,SIN,2024-07-16 14:20,135,Singapore Airlines,Economy,700,330.0,,1489,Y,Y,Y,1,7,1,23,Tuesday,False,False,False,Ninoy Aquino International Airport,MNL
Brunei International Airport,BWN,2024-07-17 11:55,Ninoy Aquino International Airport,MNL,2024-07-17 14:10,135,Royal Brunei,Economy,135,,,212,Y,Y,Y,1,7,1,20,Wednesday,False,False,False,Ninoy Aquino International Airport,MNL
Brunei International Airport,BWN,2024-07-17 15:50,Singapore Changi Airport,SIN,2024-07-17 18:00,130,Singapore Airlines,Economy,430,85.0,,375,Y,Y,Y,1,7,1,23,Wednesday,False,False,False,Ninoy Aquino International Airport,MNL
Brunei International Airport,BWN,2024-07-17 15:50,Singapore Changi Airport,SIN,2024-07-17 18:00,130,Singapore Airlines,Economy,830,480.0,,370,Y,Y,Y,1,7,1,23,Wednesday,False,False,False,Ninoy Aquino International Airport,MNL
Brunei International Airport,BWN,2024-07-17 17:55,Kuala Lumpur International Airport,KUL,2024-07-17 20:25,150,Royal Brunei,Economy,1085,705.0,True,418,Y,Y,Y,1,7,1,20,Wednesday,False,False,False,Ninoy Aquino International Airport,MNL
Brunei International Airport,BWN,2024-07-17 17:55,Kuala Lumpur International Airport,KUL,2024-07-17 20:25,150,Royal Brunei,Economy,1585,1200.0,True,600,Y,Y,Y,1,7,1,20,Wednesday,False,False,False,Ninoy Aquino International Airport,MNL
Brunei International Airport,BWN,2024-07-17 15:50,Singapore Changi Airport,SIN,2024-07-17 18:00,130,Singapore Airlines,Economy,475,110.0,,1489,Y,Y,Y,1,7,1,23,Wednesday,False,False,False,Ninoy Aquino International Airport,MNL
Brunei International Airport,BWN,2024-07-18 23:40,Ninoy Aquino International Airport,MNL,2024-07-19 02:00,140,Cebu Pacific,Economy,140,,,129,Y,N,N,1,7,0,0,Thursday,False,False,True,Ninoy Aquino International Airport,MNL
Brunei International Airport,BWN,2024-07-18 18:30,Ninoy Aquino International Airport,MNL,2024-07-18 20:45,135,Royal Brunei,Economy,135,,,211,Y,Y,Y,1,7,1,20,Thursday,False,False,False,Ninoy Aquino International Airport,MNL
Brunei International Airport,BWN,2024-07-18 12:05,Singapore Changi Airport,SIN,2024-07-18 14:20,135,Singapore Airlines,Economy,1055,700.0,,370,Y,Y,Y,1,7,1,23,Thursday,False,False,False,Ninoy Aquino International Airport,MNL
Brunei International Airport,BWN,2024-07-18 12:05,Singapore Changi Airport,SIN,2024-07-18 14:20,135,Singapore Airlines,Economy,655,305.0,,375,Y,Y,Y,1,7,1,23,Thursday,False,False,False,Ninoy Aquino International Airport,MNL
Brunei International Airport,BWN,2024-07-18 08:50,Kuala Lumpur International Airport,KUL,2024-07-18 11:20,150,Royal Brunei,Economy,690,305.0,,597,Y,Y,Y,1,7,1,20,Thursday,False,False,False,Ninoy Aquino International Airport,MNL
Brunei International Airport,BWN,2024-07-19 18:30,Ninoy Aquino International Airport,MNL,2024-07-19 20:45,135,Royal Brunei,Economy,135,,,211,Y,Y,Y,1,7,1,20,Friday,False,False,False,Ninoy Aquino International Airport,MNL
Brunei International Airport,BWN,2024-07-19 15:50,Singapore Changi Airport,SIN,2024-07-19 18:00,130,Singapore Airlines,Economy,830,480.0,,370,Y,Y,Y,1,7,1,23,Friday,False,False,False,Ninoy Aquino International Airport,MNL
Brunei International Airport,BWN,2024-07-19 17:55,Kuala Lumpur International Airport,KUL,2024-07-19 20:25,150,Royal Brunei,Economy,1085,705.0,True,410,Y,Y,Y,1,7,1,20,Friday,False,False,False,Ninoy Aquino International Airport,MNL
Brunei International Airport,BWN,2024-07-19 15:50,Singapore Changi Airport,SIN,2024-07-19 18:00,130,Singapore Airlines,Economy,430,85.0,,565,Y,Y,Y,1,7,1,23,Friday,False,False,False,Ninoy Aquino International Airport,MNL
Brunei International Airport,BWN,2024-07-19 15:50,Singapore Changi Airport,SIN,2024-07-19 18:00,130,Singapore Airlines,Economy,475,110.0,,1489,Y,Y,Y,1,7,1,23,Friday,False,False,False,Ninoy Aquino International Airport,MNL
Brunei International Airport,BWN,2024-07-20 12:05,Singapore Changi Airport,SIN,2024-07-20 14:20,135,Singapore Airlines,Economy,1055,700.0,,370,Y,Y,Y,1,7,1,23,Saturday,False,False,False,Ninoy Aquino International Airport,MNL
Brunei International Airport,BWN,2024-07-20 12:05,Singapore Changi Airport,SIN,2024-07-20 14:20,135,Singapore Airlines,Economy,655,305.0,,375,Y,Y,Y,1,7,1,23,Saturday,False,False,False,Ninoy Aquino International Airport,MNL
Brunei International Airport,BWN,2024-07-20 12:05,Singapore Changi Airport,SIN,2024-07-20 14:20,135,Singapore Airlines,Economy,975,610.0,,1489,Y,Y,Y,1,7,1,23,Saturday,False,False,False,Ninoy Aquino International Airport,MNL
Brunei International Airport,BWN,2024-07-20 12:05,Singapore Changi Airport,SIN,2024-07-20 14:20,135,Singapore Airlines,Economy,700,330.0,,1499,Y,Y,Y,1,7,1,23,Saturday,False,False,False,Ninoy Aquino International Airport,MNL
Brunei International Airport,BWN,2024-07-21 23:40,Ninoy Aquino International Airport,MNL,2024-07-22 02:00,140,Cebu Pacific,Economy,140,,,115,Y,N,N,1,7,0,0,Sunday,False,False,True,Ninoy Aquino International Airport,MNL
Brunei International Airport,BWN,2024-07-21 15:50,Singapore Changi Airport,SIN,2024-07-21 18:00,130,Singapore Airlines,Economy,830,480.0,,370,Y,Y,Y,1,7,1,23,Sunday,False,False,False,Ninoy Aquino International Airport,MNL
Brunei International Airport,BWN,2024-07-21 15:50,Singapore Changi Airport,SIN,2024-07-21 18:00,130,Singapore Airlines,Economy,430,85.0,,382,Y,Y,Y,1,7,1,23,Sunday,False,False,False,Ninoy Aquino International Airport,MNL
Brunei International Airport,BWN,2024-07-21 17:55,Kuala Lumpur International Airport,KUL,2024-07-21 20:25,150,Royal Brunei,Economy,1085,705.0,True,396,Y,Y,Y,1,7,1,20,Sunday,False,False,False,Ninoy Aquino International Airport,MNL
Brunei International Airport,BWN,2024-07-21 08:50,Kuala Lumpur International Airport,KUL,2024-07-21 11:20,150,Royal Brunei,Economy,755,365.0,,485,Y,Y,Y,1,7,1,20,Sunday,False,False,False,Ninoy Aquino International Airport,MNL
Brunei International Airport,BWN,2024-07-21 15:50,Singapore Changi Airport,SIN,2024-07-21 18:00,130,Singapore Airlines,Economy,475,110.0,,1489,Y,Y,Y,1,7,1,23,Sunday,False,False,False,Ninoy Aquino International Airport,MNL
Brunei International Airport,BWN,2024-07-22 18:30,Ninoy Aquino International Airport,MNL,2024-07-22 20:45,135,Royal Brunei,Economy,135,,,211,Y,Y,Y,1,7,1,20,Monday,False,False,False,Ninoy Aquino International Airport,MNL
Brunei International Airport,BWN,2024-07-22 12:05,Singapore Changi Airport,SIN,2024-07-22 14:20,135,Singapore Airlines,Economy,1055,700.0,,370,Y,Y,Y,1,7,1,23,Monday,False,False,False,Ninoy Aquino International Airport,MNL
Brunei International Airport,BWN,2024-07-22 12:05,Singapore Changi Airport,SIN,2024-07-22 14:20,135,Singapore Airlines,Economy,655,305.0,,375,Y,Y,Y,1,7,1,23,Monday,False,False,False,Ninoy Aquino International Airport,MNL
Brunei International Airport,BWN,2024-07-23 23:40,Ninoy Aquino International Airport,MNL,2024-07-24 02:00,140,Cebu Pacific,Economy,140,,,100,Y,N,N,1,7,0,0,Tuesday,False,False,True,Ninoy Aquino International Airport,MNL
Brunei International Airport,BWN,2024-07-23 12:05,Singapore Changi Airport,SIN,2024-07-23 14:20,135,Singapore Airlines,Economy,1055,700.0,,370,Y,Y,Y,1,7,1,23,Tuesday,False,False,False,Ninoy Aquino International Airport,MNL
Brunei International Airport,BWN,2024-07-23 12:05,Singapore Changi Airport,SIN,2024-07-23 14:20,135,Singapore Airlines,Economy,655,305.0,,375,Y,Y,Y,1,7,1,23,Tuesday,False,False,False,Ninoy Aquino International Airport,MNL
Brunei International Airport,BWN,2024-07-23 17:55,Kuala Lumpur International Airport,KUL,2024-07-23 20:25,150,Royal Brunei,Economy,1085,705.0,True,396,Y,Y,Y,1,7,1,20,Tuesday,False,False,False,Ninoy Aquino International Airport,MNL
Brunei International Airport,BWN,2024-07-23 12:05,Singapore Changi Airport,SIN,2024-07-23 14:20,135,Singapore Airlines,Economy,700,330.0,,1489,Y,Y,Y,1,7,1,23,Tuesday,False,False,False,Ninoy Aquino International Airport,MNL
Brunei International Airport,BWN,2024-07-24 11:55,Ninoy Aquino International Airport,MNL,2024-07-24 14:10,135,Royal Brunei,Economy,135,,,212,Y,Y,Y,1,7,1,20,Wednesday,False,False,False,Ninoy Aquino International Airport,MNL
Brunei International Airport,BWN,2024-07-24 15:50,Singapore Changi Airport,SIN,2024-07-24 18:00,130,Singapore Airlines,Economy,430,85.0,,375,Y,Y,Y,1,7,1,23,Wednesday,False,False,False,Ninoy Aquino International Airport,MNL
Brunei International Airport,BWN,2024-07-24 15:50,Singapore Changi Airport,SIN,2024-07-24 18:00,130,Singapore Airlines,Economy,830,480.0,,370,Y,Y,Y,1,7,1,23,Wednesday,False,False,False,Ninoy Aquino International Airport,MNL
Brunei International Airport,BWN,2024-07-24 17:55,Kuala Lumpur International Airport,KUL,2024-07-24 20:25,150,Royal Brunei,Economy,1085,705.0,True,445,Y,Y,Y,1,7,1,20,Wednesday,False,False,False,Ninoy Aquino International Airport,MNL
Brunei International Airport,BWN,2024-07-24 17:55,Kuala Lumpur International Airport,KUL,2024-07-24 20:25,150,Royal Brunei,Economy,1585,1200.0,True,577,Y,Y,Y,1,7,1,20,Wednesday,False,False,False,Ninoy Aquino International Airport,MNL
Brunei International Airport,BWN,2024-07-24 15:50,Singapore Changi Airport,SIN,2024-07-24 18:00,130,Singapore Airlines,Economy,475,110.0,,1489,Y,Y,Y,1,7,1,23,Wednesday,False,False,False,Ninoy Aquino International Airport,MNL
Brunei International Airport,BWN,2024-07-25 23:40,Ninoy Aquino International Airport,MNL,2024-07-26 02:00,140,Cebu Pacific,Economy,140,,,100,Y,N,N,1,7,0,0,Thursday,False,False,True,Ninoy Aquino International Airport,MNL
Brunei International Airport,BWN,2024-07-25 18:30,Ninoy Aquino International Airport,MNL,2024-07-25 20:45,135,Royal Brunei,Economy,135,,,211,Y,Y,Y,1,7,1,20,Thursday,False,False,False,Ninoy Aquino International Airport,MNL
Brunei International Airport,BWN,2024-07-25 08:50,Kuala Lumpur International Airport,KUL,2024-07-25 11:20,150,Royal Brunei,Economy,690,305.0,,597,Y,Y,Y,1,7,1,20,Thursday,False,False,False,Ninoy Aquino International Airport,MNL
Brunei International Airport,BWN,2024-07-26 18:30,Ninoy Aquino International Airport,MNL,2024-07-26 20:45,135,Royal Brunei,Economy,135,,,211,Y,Y,Y,1,7,1,20,Friday,False,False,False,Ninoy Aquino International Airport,MNL
Brunei International Airport,BWN,2024-07-26 15:50,Singapore Changi Airport,SIN,2024-07-26 18:00,130,Singapore Airlines,Economy,830,480.0,,370,Y,Y,Y,1,7,1,23,Friday,False,False,False,Ninoy Aquino International Airport,MNL
Brunei International Airport,BWN,2024-07-26 15:50,Singapore Changi Airport,SIN,2024-07-26 18:00,130,Singapore Airlines,Economy,430,85.0,,375,Y,Y,Y,1,7,1,23,Friday,False,False,False,Ninoy Aquino International Airport,MNL
Brunei International Airport,BWN,2024-07-27 11:55,Ninoy Aquino International Airport,MNL,2024-07-27 14:10,135,Royal Brunei,Economy,135,,,212,Y,Y,Y,1,7,1,20,Saturday,False,False,False,Ninoy Aquino International Airport,MNL
Brunei International Airport,BWN,2024-07-27 12:05,Singapore Changi Airport,SIN,2024-07-27 14:20,135,Singapore Airlines,Economy,1055,700.0,,370,Y,Y,Y,1,7,1,23,Saturday,False,False,False,Ninoy Aquino International Airport,MNL
Brunei International Airport,BWN,2024-07-27 12:05,Singapore Changi Airport,SIN,2024-07-27 14:20,135,Singapore Airlines,Economy,655,305.0,,375,Y,Y,Y,1,7,1,23,Saturday,False,False,False,Ninoy Aquino International Airport,MNL
Brunei International Airport,BWN,2024-07-27 08:50,Kuala Lumpur International Airport,KUL,2024-07-27 11:20,150,Royal Brunei,Economy,755,365.0,,396,Y,Y,Y,1,7,1,20,Saturday,False,False,False,Ninoy Aquino International Airport,MNL
Brunei International Airport,BWN,2024-07-27 08:50,Kuala Lumpur International Airport,KUL,2024-07-27 11:20,150,Royal Brunei,Economy,690,305.0,,574,Y,Y,Y,1,7,1,20,Saturday,False,False,False,Ninoy Aquino International Airport,MNL
Brunei International Airport,BWN,2024-07-27 12:05,Singapore Changi Airport,SIN,2024-07-27 14:20,135,Singapore Airlines,Economy,975,610.0,,1489,Y,Y,Y,1,7,1,23,Saturday,False,False,False,Ninoy Aquino International Airport,MNL
Brunei International Airport,BWN,2024-07-27 12:05,Singapore Changi Airport,SIN,2024-07-27 14:20,135,Singapore Airlines,Economy,700,330.0,,1499,Y,Y,Y,1,7,1,23,Saturday,False,False,False,Ninoy Aquino International Airport,MNL
Brunei International Airport,BWN,2024-07-28 23:40,Ninoy Aquino International Airport,MNL,2024-07-29 02:00,140,Cebu Pacific,Economy,140,,,100,Y,N,N,1,7,0,0,Sunday,False,False,True,Ninoy Aquino International Airport,MNL
Brunei International Airport,BWN,2024-07-28 15:50,Singapore Changi Airport,SIN,2024-07-28 18:00,130,Singapore Airlines,Economy,830,480.0,,370,Y,Y,Y,1,7,1,23,Sunday,False,False,False,Ninoy Aquino International Airport,MNL
Brunei International Airport,BWN,2024-07-28 15:50,Singapore Changi Airport,SIN,2024-07-28 18:00,130,Singapore Airlines,Economy,430,85.0,,382,Y,Y,Y,1,7,1,23,Sunday,False,False,False,Ninoy Aquino International Airport,MNL
Brunei International Airport,BWN,2024-07-28 17:55,Kuala Lumpur International Airport,KUL,2024-07-28 20:25,150,Royal Brunei,Economy,1085,705.0,True,396,Y,Y,Y,1,7,1,20,Sunday,False,False,False,Ninoy Aquino International Airport,MNL
Brunei International Airport,BWN,2024-07-28 08:50,Kuala Lumpur International Airport,KUL,2024-07-28 11:20,150,Royal Brunei,Economy,755,365.0,,418,Y,Y,Y,1,7,1,20,Sunday,False,False,False,Ninoy Aquino International Airport,MNL
Brunei International Airport,BWN,2024-07-28 15:50,Singapore Changi Airport,SIN,2024-07-28 18:00,130,Singapore Airlines,Economy,475,110.0,,1489,Y,Y,Y,1,7,1,23,Sunday,False,False,False,Ninoy Aquino International Airport,MNL
Brunei International Airport,BWN,2024-07-29 18:30,Ninoy Aquino International Airport,MNL,2024-07-29 20:45,135,Royal Brunei,Economy,135,,,211,Y,Y,Y,1,7,1,20,Monday,False,False,False,Ninoy Aquino International Airport,MNL
Brunei International Airport,BWN,2024-07-29 12:05,Singapore Changi Airport,SIN,2024-07-29 14:20,135,Singapore Airlines,Economy,1055,700.0,,370,Y,Y,Y,1,7,1,23,Monday,False,False,False,Ninoy Aquino International Airport,MNL
Brunei International Airport,BWN,2024-07-29 12:05,Singapore Changi Airport,SIN,2024-07-29 14:20,135,Singapore Airlines,Economy,655,305.0,,375,Y,Y,Y,1,7,1,23,Monday,False,False,False,Ninoy Aquino International Airport,MNL
Brunei International Airport,BWN,2024-07-30 23:40,Ninoy Aquino International Airport,MNL,2024-07-31 02:00,140,Cebu Pacific,Economy,140,,,85,Y,N,N,1,7,0,0,Tuesday,False,False,True,Ninoy Aquino International Airport,MNL
Brunei International Airport,BWN,2024-07-30 12:05,Singapore Changi Airport,SIN,2024-07-30 14:20,135,Singapore Airlines,Economy,1055,700.0,,370,Y,Y,Y,1,7,1,23,Tuesday,False,False,False,Ninoy Aquino International Airport,MNL
Brunei International Airport,BWN,2024-07-30 12:05,Singapore Changi Airport,SIN,2024-07-30 14:20,135,Singapore Airlines,Economy,655,305.0,,375,Y,Y,Y,1,7,1,23,Tuesday,False,False,False,Ninoy Aquino International Airport,MNL
Brunei International Airport,BWN,2024-07-30 17:55,Kuala Lumpur International Airport,KUL,2024-07-30 20:25,150,Royal Brunei,Economy,1085,705.0,True,396,Y,Y,Y,1,7,1,20,Tuesday,False,False,False,Ninoy Aquino International Airport,MNL
Brunei International Airport,BWN,2024-07-30 12:05,Singapore Changi Airport,SIN,2024-07-30 14:20,135,Singapore Airlines,Economy,700,330.0,,1489,Y,Y,Y,1,7,1,23,Tuesday,False,False,False,Ninoy Aquino International Airport,MNL
Brunei International Airport,BWN,2024-07-31 11:55,Ninoy Aquino International Airport,MNL,2024-07-31 14:10,135,Royal Brunei,Economy,135,,,212,Y,Y,Y,1,7,1,20,Wednesday,False,False,False,Ninoy Aquino International Airport,MNL
Brunei International Airport,BWN,2024-07-31 15:50,Singapore Changi Airport,SIN,2024-07-31 18:00,130,Singapore Airlines,Economy,430,85.0,,375,Y,Y,Y,1,7,1,23,Wednesday,False,False,False,Ninoy Aquino International Airport,MNL
Brunei International Airport,BWN,2024-07-31 15:50,Singapore Changi Airport,SIN,2024-07-31 18:00,130,Singapore Airlines,Economy,830,480.0,,370,Y,Y,Y,1,7,1,23,Wednesday,False,False,False,Ninoy Aquino International Airport,MNL
Brunei International Airport,BWN,2024-07-31 17:55,Kuala Lumpur International Airport,KUL,2024-07-31 20:25,150,Royal Brunei,Economy,1085,705.0,True,429,Y,Y,Y,1,7,1,20,Wednesday,False,False,False,Ninoy Aquino International Airport,MNL
Brunei International Airport,BWN,2024-07-31 17:55,Kuala Lumpur International Airport,KUL,2024-07-31 20:25,150,Royal Brunei,Economy,1585,1200.0,True,611,Y,Y,Y,1,7,1,20,Wednesday,False,False,False,Ninoy Aquino International Airport,MNL
Brunei International Airport,BWN,2024-07-31 15:50,Singapore Changi Airport,SIN,2024-07-31 18:00,130,Singapore Airlines,Economy,475,110.0,,1489,Y,Y,Y,1,7,1,23,Wednesday,False,False,False,Ninoy Aquino International Airport,MNL
Brunei International Airport,BWN,2024-08-01 23:40,Ninoy Aquino International Airport,MNL,2024-08-02 02:00,140,Cebu Pacific,Economy,140,,,100,Y,N,N,1,7,0,0,Thursday,False,False,True,Ninoy Aquino International Airport,MNL
Brunei International Airport,BWN,2024-08-01 18:30,Ninoy Aquino International Airport,MNL,2024-08-01 20:45,135,Royal Brunei,Economy,135,,,211,Y,Y,Y,1,7,1,20,Thursday,False,False,False,Ninoy Aquino International Airport,MNL
Brunei International Airport,BWN,2024-08-01 08:50,Kuala Lumpur International Airport,KUL,2024-08-01 11:20,150,Royal Brunei,Economy,690,305.0,,597,Y,Y,Y,1,7,1,20,Thursday,False,False,False,Ninoy Aquino International Airport,MNL
Brunei International Airport,BWN,2024-08-02 18:30,Ninoy Aquino International Airport,MNL,2024-08-02 20:45,135,Royal Brunei,Economy,135,,,211,Y,Y,Y,1,7,1,20,Friday,False,False,False,Ninoy Aquino International Airport,MNL
Brunei International Airport,BWN,2024-08-02 08:50,Kuala Lumpur International Airport,KUL,2024-08-02 11:20,150,Royal Brunei,Economy,755,365.0,,418,Y,Y,Y,1,7,1,20,Friday,False,False,False,Ninoy Aquino International Airport,MNL
Brunei International Airport,BWN,2024-08-02 15:50,Singapore Changi Airport,SIN,2024-08-02 18:00,130,Singapore Airlines,Economy,430,85.0,,664,Y,Y,Y,1,7,1,23,Friday,False,False,False,Ninoy Aquino International Airport,MNL
Brunei International Airport,BWN,2024-08-03 23:40,Ninoy Aquino International Airport,MNL,2024-08-04 02:00,140,Cebu Pacific,Economy,140,,,100,Y,N,N,1,7,0,0,Saturday,False,False,True,Ninoy Aquino International Airport,MNL
Brunei International Airport,BWN,2024-08-03 11:55,Ninoy Aquino International Airport,MNL,2024-08-03 14:10,135,Royal Brunei,Economy,135,,,212,Y,Y,Y,1,7,1,20,Saturday,False,False,False,Ninoy Aquino International Airport,MNL
Brunei International Airport,BWN,2024-08-03 12:05,Singapore Changi Airport,SIN,2024-08-03 14:20,135,Singapore Airlines,Economy,1055,700.0,,370,Y,Y,Y,1,7,1,23,Saturday,False,False,False,Ninoy Aquino International Airport,MNL
Brunei International Airport,BWN,2024-08-03 12:05,Singapore Changi Airport,SIN,2024-08-03 14:20,135,Singapore Airlines,Economy,655,305.0,,375,Y,Y,Y,1,7,1,23,Saturday,False,False,False,Ninoy Aquino International Airport,MNL
Brunei International Airport,BWN,2024-08-03 12:05,Singapore Changi Airport,SIN,2024-08-03 14:20,135,Singapore Airlines,Economy,700,330.0,,1499,Y,Y,Y,1,7,1,23,Saturday,False,False,False,Ninoy Aquino International Airport,MNL
Brunei International Airport,BWN,2024-08-04 15:50,Singapore Changi Airport,SIN,2024-08-04 18:00,130,Singapore Airlines,Economy,430,85.0,,382,Y,Y,Y,1,7,1,23,Sunday,False,False,False,Ninoy Aquino International Airport,MNL
Brunei International Airport,BWN,2024-08-04 15:50,Singapore Changi Airport,SIN,2024-08-04 18:00,130,Singapore Airlines,Economy,830,480.0,,387,Y,Y,Y,1,7,1,23,Sunday,False,False,False,Ninoy Aquino International Airport,MNL
Brunei International Airport,BWN,2024-08-04 17:55,Kuala Lumpur International Airport,KUL,2024-08-04 20:25,150,Royal Brunei,Economy,1085,705.0,True,429,Y,Y,Y,1,7,1,20,Sunday,False,False,False,Ninoy Aquino International Airport,MNL
Brunei International Airport,BWN,2024-08-04 08:50,Kuala Lumpur International Airport,KUL,2024-08-04 11:20,150,Royal Brunei,Economy,755,365.0,,507,Y,Y,Y,1,7,1,20,Sunday,False,False,False,Ninoy Aquino International Airport,MNL
Brunei International Airport,BWN,2024-08-04 17:55,Kuala Lumpur International Airport,KUL,2024-08-04 20:25,150,Royal Brunei,Economy,1265,885.0,True,611,Y,Y,Y,1,7,1,20,Sunday,False,False,False,Ninoy Aquino International Airport,MNL
Brunei International Airport,BWN,2024-08-04 15:50,Singapore Changi Airport,SIN,2024-08-04 18:00,130,Singapore Airlines,Economy,475,110.0,,1489,Y,Y,Y,1,7,1,23,Sunday,False,False,False,Ninoy Aquino International Airport,MNL
Brunei International Airport,BWN,2024-08-05 18:30,Ninoy Aquino International Airport,MNL,2024-08-05 20:45,135,Royal Brunei,Economy,135,,,230,Y,Y,Y,1,7,1,20,Monday,False,False,False,Ninoy Aquino International Airport,MNL
Brunei International Airport,BWN,2024-08-05 12:05,Singapore Changi Airport,SIN,2024-08-05 14:20,135,Singapore Airlines,Economy,1055,700.0,,370,Y,Y,Y,1,7,1,23,Monday,False,False,False,Ninoy Aquino International Airport,MNL
Brunei International Airport,BWN,2024-08-05 12:05,Singapore Changi Airport,SIN,2024-08-05 14:20,135,Singapore Airlines,Economy,655,305.0,,375,Y,Y,Y,1,7,1,23,Monday,False,False,False,Ninoy Aquino International Airport,MNL
Brunei International Airport,BWN,2024-08-06 23:40,Ninoy Aquino International Airport,MNL,2024-08-07 02:00,140,Cebu Pacific,Economy,140,,,115,Y,N,N,1,7,0,0,Tuesday,False,False,True,Ninoy Aquino International Airport,MNL
Brunei International Airport,BWN,2024-08-06 12:05,Singapore Changi Airport,SIN,2024-08-06 14:20,135,Singapore Airlines,Economy,1055,700.0,,370,Y,Y,Y,1,7,1,23,Tuesday,False,False,False,Ninoy Aquino International Airport,MNL
Brunei International Airport,BWN,2024-08-06 12:05,Singapore Changi Airport,SIN,2024-08-06 14:20,135,Singapore Airlines,Economy,655,305.0,,375,Y,Y,Y,1,7,1,23,Tuesday,False,False,False,Ninoy Aquino International Airport,MNL
Brunei International Airport,BWN,2024-08-06 10:15,Taiwan Taoyuan International Airport,TPE,2024-08-06 13:50,215,Royal Brunei,Economy,1400,1050.0,True,688,Y,Y,Y,1,7,1,20,Tuesday,False,False,False,Ninoy Aquino International Airport,MNL
Brunei International Airport,BWN,2024-08-06 12:05,Singapore Changi Airport,SIN,2024-08-06 14:20,135,Singapore Airlines,Economy,700,330.0,,1489,Y,Y,Y,1,7,1,23,Tuesday,False,False,False,Ninoy Aquino International Airport,MNL
Brunei International Airport,BWN,2024-08-07 11:55,Ninoy Aquino International Airport,MNL,2024-08-07 14:10,135,Royal Brunei,Economy,135,,,212,Y,Y,Y,1,7,1,20,Wednesday,False,False,False,Ninoy Aquino International Airport,MNL
Brunei International Airport,BWN,2024-08-07 15:50,Singapore Changi Airport,SIN,2024-08-07 18:00,130,Singapore Airlines,Economy,430,85.0,,375,Y,Y,Y,1,7,1,23,Wednesday,False,False,False,Ninoy Aquino International Airport,MNL
Brunei International Airport,BWN,2024-08-07 15:50,Singapore Changi Airport,SIN,2024-08-07 18:00,130,Singapore Airlines,Economy,830,480.0,,370,Y,Y,Y,1,7,1,23,Wednesday,False,False,False,Ninoy Aquino International Airport,MNL
Brunei International Airport,BWN,2024-08-07 17:55,Kuala Lumpur International Airport,KUL,2024-08-07 20:25,150,Royal Brunei,Economy,1085,705.0,True,507,Y,Y,Y,1,7,1,20,Wednesday,False,False,False,Ninoy Aquino International Airport,MNL
Brunei International Airport,BWN,2024-08-07 17:55,Kuala Lumpur International Airport,KUL,2024-08-07 20:25,150,Royal Brunei,Economy,1585,1200.0,True,830,Y,Y,Y,1,7,1,20,Wednesday,False,False,False,Ninoy Aquino International Airport,MNL
Brunei International Airport,BWN,2024-08-07 15:50,Singapore Changi Airport,SIN,2024-08-07 18:00,130,Singapore Airlines,Economy,475,110.0,,1489,Y,Y,Y,1,7,1,23,Wednesday,False,False,False,Ninoy Aquino International Airport,MNL
Brunei International Airport,BWN,2024-08-08 23:40,Ninoy Aquino International Airport,MNL,2024-08-09 02:00,140,Cebu Pacific,Economy,140,,,85,Y,N,N,1,7,0,0,Thursday,False,False,True,Ninoy Aquino International Airport,MNL
Brunei International Airport,BWN,2024-08-08 18:30,Ninoy Aquino International Airport,MNL,2024-08-08 20:45,135,Royal Brunei,Economy,135,,,230,Y,Y,Y,1,7,1,20,Thursday,False,False,False,Ninoy Aquino International Airport,MNL
Brunei International Airport,BWN,2024-08-08 08:50,Kuala Lumpur International Airport,KUL,2024-08-08 11:20,150,Royal Brunei,Economy,690,305.0,,666,Y,Y,Y,1,7,1,20,Thursday,False,False,False,Ninoy Aquino International Airport,MNL
Brunei International Airport,BWN,2024-08-09 18:30,Ninoy Aquino International Airport,MNL,2024-08-09 20:45,135,Royal Brunei,Economy,135,,,211,Y,Y,Y,1,7,1,20,Friday,False,False,False,Ninoy Aquino International Airport,MNL
Brunei International Airport,BWN,2024-08-09 15:50,Singapore Changi Airport,SIN,2024-08-09 18:00,130,Singapore Airlines,Economy,830,480.0,,370,Y,Y,Y,1,7,1,23,Friday,False,False,False,Ninoy Aquino International Airport,MNL
Brunei International Airport,BWN,2024-08-09 15:50,Singapore Changi Airport,SIN,2024-08-09 18:00,130,Singapore Airlines,Economy,430,85.0,,375,Y,Y,Y,1,7,1,23,Friday,False,False,False,Ninoy Aquino International Airport,MNL
Brunei International Airport,BWN,2024-08-10 23:40,Ninoy Aquino International Airport,MNL,2024-08-11 02:00,140,Cebu Pacific,Economy,140,,,100,Y,N,N,1,7,0,0,Saturday,False,False,True,Ninoy Aquino International Airport,MNL
Brunei International Airport,BWN,2024-08-10 11:55,Ninoy Aquino International Airport,MNL,2024-08-10 14:10,135,Royal Brunei,Economy,135,,,212,Y,Y,Y,1,7,1,20,Saturday,False,False,False,Ninoy Aquino International Airport,MNL
Brunei International Airport,BWN,2024-08-10 12:05,Singapore Changi Airport,SIN,2024-08-10 14:20,135,Singapore Airlines,Economy,1055,700.0,,370,Y,Y,Y,1,7,1,23,Saturday,False,False,False,Ninoy Aquino International Airport,MNL
Brunei International Airport,BWN,2024-08-10 12:05,Singapore Changi Airport,SIN,2024-08-10 14:20,135,Singapore Airlines,Economy,655,305.0,,375,Y,Y,Y,1,7,1,23,Saturday,False,False,False,Ninoy Aquino International Airport,MNL
Brunei International Airport,BWN,2024-08-10 12:05,Singapore Changi Airport,SIN,2024-08-10 14:20,135,Singapore Airlines,Economy,700,330.0,,1499,Y,Y,Y,1,7,1,23,Saturday,False,False,False,Ninoy Aquino International Airport,MNL
Brunei International Airport,BWN,2024-08-11 15:50,Singapore Changi Airport,SIN,2024-08-11 18:00,130,Singapore Airlines,Economy,430,85.0,,375,Y,Y,Y,1,7,1,23,Sunday,False,False,False,Ninoy Aquino International Airport,MNL
Brunei International Airport,BWN,2024-08-11 15:50,Singapore Changi Airport,SIN,2024-08-11 18:00,130,Singapore Airlines,Economy,830,480.0,,370,Y,Y,Y,1,7,1,23,Sunday,False,False,False,Ninoy Aquino International Airport,MNL
Brunei International Airport,BWN,2024-08-11 17:55,Kuala Lumpur International Airport,KUL,2024-08-11 20:25,150,Royal Brunei,Economy,1085,705.0,True,418,Y,Y,Y,1,7,1,20,Sunday,False,False,False,Ninoy Aquino International Airport,MNL
Brunei International Airport,BWN,2024-08-11 08:50,Kuala Lumpur International Airport,KUL,2024-08-11 11:20,150,Royal Brunei,Economy,755,365.0,,485,Y,Y,Y,1,7,1,20,Sunday,False,False,False,Ninoy Aquino International Airport,MNL
Brunei International Airport,BWN,2024-08-11 17:55,Kuala Lumpur International Airport,KUL,2024-08-11 20:25,150,Royal Brunei,Economy,1265,885.0,True,830,Y,Y,Y,1,7,1,20,Sunday,False,False,False,Ninoy Aquino International Airport,MNL
Brunei International Airport,BWN,2024-08-11 08:35,Taiwan Taoyuan International Airport,TPE,2024-08-11 12:10,215,Royal Brunei,Economy,1500,1150.0,True,862,Y,Y,Y,1,7,1,20,Sunday,False,False,False,Ninoy Aquino International Airport,MNL
Brunei International Airport,BWN,2024-08-11 15:50,Singapore Changi Airport,SIN,2024-08-11 18:00,130,Singapore Airlines,Economy,475,110.0,,1489,Y,Y,Y,1,7,1,23,Sunday,False,False,False,Ninoy Aquino International Airport,MNL
Brunei International Airport,BWN,2024-08-12 18:30,Ninoy Aquino International Airport,MNL,2024-08-12 20:45,135,Royal Brunei,Economy,135,,,211,Y,Y,Y,1,7,1,20,Monday,False,False,False,Ninoy Aquino International Airport,MNL
Brunei International Airport,BWN,2024-08-12 12:05,Singapore Changi Airport,SIN,2024-08-12 14:20,135,Singapore Airlines,Economy,1055,700.0,,370,Y,Y,Y,1,7,1,23,Monday,False,False,False,Ninoy Aquino International Airport,MNL
Brunei International Airport,BWN,2024-08-12 12:05,Singapore Changi Airport,SIN,2024-08-12 14:20,135,Singapore Airlines,Economy,655,305.0,,375,Y,Y,Y,1,7,1,23,Monday,False,False,False,Ninoy Aquino International Airport,MNL
Brunei International Airport,BWN,2024-08-13 23:40,Ninoy Aquino International Airport,MNL,2024-08-14 02:00,140,Cebu Pacific,Economy,140,,,100,Y,N,N,1,7,0,0,Tuesday,False,False,True,Ninoy Aquino International Airport,MNL
Brunei International Airport,BWN,2024-08-13 12:05,Singapore Changi Airport,SIN,2024-08-13 14:20,135,Singapore Airlines,Economy,1055,700.0,,370,Y,Y,Y,1,7,1,23,Tuesday,False,False,False,Ninoy Aquino International Airport,MNL
Brunei International Airport,BWN,2024-08-13 12:05,Singapore Changi Airport,SIN,2024-08-13 14:20,135,Singapore Airlines,Economy,655,305.0,,375,Y,Y,Y,1,7,1,23,Tuesday,False,False,False,Ninoy Aquino International Airport,MNL
Brunei International Airport,BWN,2024-08-13 17:55,Kuala Lumpur International Airport,KUL,2024-08-13 20:25,150,Royal Brunei,Economy,1085,705.0,True,418,Y,Y,Y,1,7,1,20,Tuesday,False,False,False,Ninoy Aquino International Airport,MNL
Brunei International Airport,BWN,2024-08-13 12:05,Singapore Changi Airport,SIN,2024-08-13 14:20,135,Singapore Airlines,Economy,700,330.0,,1489,Y,Y,Y,1,7,1,23,Tuesday,False,False,False,Ninoy Aquino International Airport,MNL
Brunei International Airport,BWN,2024-08-14 11:55,Ninoy Aquino International Airport,MNL,2024-08-14 14:10,135,Royal Brunei,Economy,135,,,212,Y,Y,Y,1,7,1,20,Wednesday,False,False,False,Ninoy Aquino International Airport,MNL
Brunei International Airport,BWN,2024-08-14 15:50,Singapore Changi Airport,SIN,2024-08-14 18:00,130,Singapore Airlines,Economy,430,85.0,,375,Y,Y,Y,1,7,1,23,Wednesday,False,False,False,Ninoy Aquino International Airport,MNL
Brunei International Airport,BWN,2024-08-14 15:50,Singapore Changi Airport,SIN,2024-08-14 18:00,130,Singapore Airlines,Economy,830,480.0,,370,Y,Y,Y,1,7,1,23,Wednesday,False,False,False,Ninoy Aquino International Airport,MNL
Brunei International Airport,BWN,2024-08-14 17:55,Kuala Lumpur International Airport,KUL,2024-08-14 20:25,150,Royal Brunei,Economy,1085,705.0,True,418,Y,Y,Y,1,7,1,20,Wednesday,False,False,False,Ninoy Aquino International Airport,MNL
Brunei International Airport,BWN,2024-08-14 17:55,Kuala Lumpur International Airport,KUL,2024-08-14 20:25,150,Royal Brunei,Economy,1585,1200.0,True,600,Y,Y,Y,1,7,1,20,Wednesday,False,False,False,Ninoy Aquino International Airport,MNL
Brunei International Airport,BWN,2024-08-14 15:50,Singapore Changi Airport,SIN,2024-08-14 18:00,130,Singapore Airlines,Economy,475,110.0,,1489,Y,Y,Y,1,7,1,23,Wednesday,False,False,False,Ninoy Aquino International Airport,MNL
Brunei International Airport,BWN,2024-08-15 23:40,Ninoy Aquino International Airport,MNL,2024-08-16 02:00,140,Cebu Pacific,Economy,140,,,85,Y,N,N,1,7,0,0,Thursday,False,False,True,Ninoy Aquino International Airport,MNL
Brunei International Airport,BWN,2024-08-15 18:30,Ninoy Aquino International Airport,MNL,2024-08-15 20:45,135,Royal Brunei,Economy,135,,,211,Y,Y,Y,1,7,1,20,Thursday,False,False,False,Ninoy Aquino International Airport,MNL
Brunei International Airport,BWN,2024-08-15 08:50,Kuala Lumpur International Airport,KUL,2024-08-15 11:20,150,Royal Brunei,Economy,690,305.0,,666,Y,Y,Y,1,7,1,20,Thursday,False,False,False,Ninoy Aquino International Airport,MNL
Brunei International Airport,BWN,2024-08-16 18:30,Ninoy Aquino International Airport,MNL,2024-08-16 20:45,135,Royal Brunei,Economy,135,,,211,Y,Y,Y,1,7,1,20,Friday,False,False,False,Ninoy Aquino International Airport,MNL
Brunei International Airport,BWN,2024-08-16 15:50,Singapore Changi Airport,SIN,2024-08-16 18:00,130,Singapore Airlines,Economy,830,480.0,,370,Y,Y,Y,1,7,1,23,Friday,False,False,False,Ninoy Aquino International Airport,MNL
Brunei International Airport,BWN,2024-08-16 15:50,Singapore Changi Airport,SIN,2024-08-16 18:00,130,Singapore Airlines,Economy,430,85.0,,375,Y,Y,Y,1,7,1,23,Friday,False,False,False,Ninoy Aquino International Airport,MNL
Brunei International Airport,BWN,2024-08-17 23:40,Ninoy Aquino International Airport,MNL,2024-08-18 02:00,140,Cebu Pacific,Economy,140,,,85,Y,N,N,1,7,0,0,Saturday,False,False,True,Ninoy Aquino International Airport,MNL
Brunei International Airport,BWN,2024-08-17 11:55,Ninoy Aquino International Airport,MNL,2024-08-17 14:10,135,Royal Brunei,Economy,135,,,212,Y,Y,Y,1,7,1,20,Saturday,False,False,False,Ninoy Aquino International Airport,MNL
Brunei International Airport,BWN,2024-08-17 12:05,Singapore Changi Airport,SIN,2024-08-17 14:20,135,Singapore Airlines,Economy,1055,700.0,,370,Y,Y,Y,1,7,1,23,Saturday,False,False,False,Ninoy Aquino International Airport,MNL
Brunei International Airport,BWN,2024-08-17 12:05,Singapore Changi Airport,SIN,2024-08-17 14:20,135,Singapore Airlines,Economy,655,305.0,,375,Y,Y,Y,1,7,1,23,Saturday,False,False,False,Ninoy Aquino International Airport,MNL
Brunei International Airport,BWN,2024-08-17 12:05,Singapore Changi Airport,SIN,2024-08-17 14:20,135,Singapore Airlines,Economy,700,330.0,,1499,Y,Y,Y,1,7,1,23,Saturday,False,False,False,Ninoy Aquino International Airport,MNL
Brunei International Airport,BWN,2024-08-18 15:50,Singapore Changi Airport,SIN,2024-08-18 18:00,130,Singapore Airlines,Economy,430,85.0,,375,Y,Y,Y,1,7,1,23,Sunday,False,False,False,Ninoy Aquino International Airport,MNL
Brunei International Airport,BWN,2024-08-18 15:50,Singapore Changi Airport,SIN,2024-08-18 18:00,130,Singapore Airlines,Economy,830,480.0,,370,Y,Y,Y,1,7,1,23,Sunday,False,False,False,Ninoy Aquino International Airport,MNL
Brunei International Airport,BWN,2024-08-18 17:55,Kuala Lumpur International Airport,KUL,2024-08-18 20:25,150,Royal Brunei,Economy,1085,705.0,True,396,Y,Y,Y,1,7,1,20,Sunday,False,False,False,Ninoy Aquino International Airport,MNL
Brunei International Airport,BWN,2024-08-18 08:50,Kuala Lumpur International Airport,KUL,2024-08-18 11:20,150,Royal Brunei,Economy,755,365.0,,429,Y,Y,Y,1,7,1,20,Sunday,False,False,False,Ninoy Aquino International Airport,MNL
Brunei International Airport,BWN,2024-08-18 17:55,Kuala Lumpur International Airport,KUL,2024-08-18 20:25,150,Royal Brunei,Economy,1265,885.0,True,577,Y,Y,Y,1,7,1,20,Sunday,False,False,False,Ninoy Aquino International Airport,MNL
Brunei International Airport,BWN,2024-08-18 08:35,Taiwan Taoyuan International Airport,TPE,2024-08-18 12:10,215,Royal Brunei,Economy,1500,1150.0,True,688,Y,Y,Y,1,7,1,20,Sunday,False,False,False,Ninoy Aquino International Airport,MNL
Brunei International Airport,BWN,2024-08-18 15:50,Singapore Changi Airport,SIN,2024-08-18 18:00,130,Singapore Airlines,Economy,475,110.0,,1489,Y,Y,Y,1,7,1,23,Sunday,False,False,False,Ninoy Aquino International Airport,MNL
Brunei International Airport,BWN,2024-08-19 18:30,Ninoy Aquino International Airport,MNL,2024-08-19 20:45,135,Royal Brunei,Economy,135,,,211,Y,Y,Y,1,7,1,20,Monday,False,False,False,Ninoy Aquino International Airport,MNL
Brunei International Airport,BWN,2024-08-19 12:05,Singapore Changi Airport,SIN,2024-08-19 14:20,135,Singapore Airlines,Economy,1055,700.0,,370,Y,Y,Y,1,7,1,23,Monday,False,False,False,Ninoy Aquino International Airport,MNL
Brunei International Airport,BWN,2024-08-19 12:05,Singapore Changi Airport,SIN,2024-08-19 14:20,135,Singapore Airlines,Economy,655,305.0,,375,Y,Y,Y,1,7,1,23,Monday,False,False,False,Ninoy Aquino International Airport,MNL
Brunei International Airport,BWN,2024-08-20 23:40,Ninoy Aquino International Airport,MNL,2024-08-21 02:00,140,Cebu Pacific,Economy,140,,,60,Y,N,N,1,7,0,0,Tuesday,False,True,True,Ninoy Aquino International Airport,MNL
Brunei International Airport,BWN,2024-08-20 12:05,Singapore Changi Airport,SIN,2024-08-20 14:20,135,Singapore Airlines,Economy,1055,700.0,,370,Y,Y,Y,1,7,1,23,Tuesday,False,False,False,Ninoy Aquino International Airport,MNL
Brunei International Airport,BWN,2024-08-20 12:05,Singapore Changi Airport,SIN,2024-08-20 14:20,135,Singapore Airlines,Economy,655,305.0,,375,Y,Y,Y,1,7,1,23,Tuesday,False,False,False,Ninoy Aquino International Airport,MNL
Brunei International Airport,BWN,2024-08-20 17:55,Kuala Lumpur International Airport,KUL,2024-08-20 20:25,150,Royal Brunei,Economy,1085,705.0,True,396,Y,Y,Y,1,7,1,20,Tuesday,False,False,False,Ninoy Aquino International Airport,MNL
Brunei International Airport,BWN,2024-08-20 12:05,Singapore Changi Airport,SIN,2024-08-20 14:20,135,Singapore Airlines,Economy,700,330.0,,1489,Y,Y,Y,1,7,1,23,Tuesday,False,False,False,Ninoy Aquino International Airport,MNL
Brunei International Airport,BWN,2024-08-21 11:55,Ninoy Aquino International Airport,MNL,2024-08-21 14:10,135,Royal Brunei,Economy,135,,,212,Y,Y,Y,1,7,1,20,Wednesday,False,True,False,Ninoy Aquino International Airport,MNL
Brunei International Airport,BWN,2024-08-21 15:50,Singapore Changi Airport,SIN,2024-08-21 18:00,130,Singapore Airlines,Economy,430,85.0,,375,Y,Y,Y,1,7,1,23,Wednesday,False,True,False,Ninoy Aquino International Airport,MNL
Brunei International Airport,BWN,2024-08-21 15:50,Singapore Changi Airport,SIN,2024-08-21 18:00,130,Singapore Airlines,Economy,830,480.0,,370,Y,Y,Y,1,7,1,23,Wednesday,False,True,False,Ninoy Aquino International Airport,MNL
Brunei International Airport,BWN,2024-08-21 17:55,Kuala Lumpur International Airport,KUL,2024-08-21 20:25,150,Royal Brunei,Economy,1085,705.0,True,396,Y,Y,Y,1,7,1,20,Wednesday,False,True,False,Ninoy Aquino International Airport,MNL
Brunei International Airport,BWN,2024-08-21 17:55,Kuala Lumpur International Airport,KUL,2024-08-21 20:25,150,Royal Brunei,Economy,1585,1200.0,True,577,Y,Y,Y,1,7,1,20,Wednesday,False,True,False,Ninoy Aquino International Airport,MNL
Brunei International Airport,BWN,2024-08-21 15:50,Singapore Changi Airport,SIN,2024-08-21 18:00,130,Singapore Airlines,Economy,475,110.0,,1489,Y,Y,Y,1,7,1,23,Wednesday,False,True,False,Ninoy Aquino International Airport,MNL
Brunei International Airport,BWN,2024-08-22 23:40,Ninoy Aquino International Airport,MNL,2024-08-23 02:00,140,Cebu Pacific,Economy,140,,,85,Y,N,N,1,7,0,0,Thursday,False,False,True,Ninoy Aquino International Airport,MNL
Brunei International Airport,BWN,2024-08-22 18:30,Ninoy Aquino International Airport,MNL,2024-08-22 20:45,135,Royal Brunei,Economy,135,,,211,Y,Y,Y,1,7,1,20,Thursday,False,False,False,Ninoy Aquino International Airport,MNL
Brunei International Airport,BWN,2024-08-22 08:50,Kuala Lumpur International Airport,KUL,2024-08-22 11:20,150,Royal Brunei,Economy,690,305.0,,597,Y,Y,Y,1,7,1,20,Thursday,False,False,False,Ninoy Aquino International Airport,MNL
Brunei International Airport,BWN,2024-08-23 18:30,Ninoy Aquino International Airport,MNL,2024-08-23 20:45,135,Royal Brunei,Economy,135,,,211,Y,Y,Y,1,7,1,20,Friday,False,False,False,Ninoy Aquino International Airport,MNL
Brunei International Airport,BWN,2024-08-23 15:50,Singapore Changi Airport,SIN,2024-08-23 18:00,130,Singapore Airlines,Economy,830,480.0,,370,Y,Y,Y,1,7,1,23,Friday,False,False,False,Ninoy Aquino International Airport,MNL
Brunei International Airport,BWN,2024-08-23 15:50,Singapore Changi Airport,SIN,2024-08-23 18:00,130,Singapore Airlines,Economy,430,85.0,,375,Y,Y,Y,1,7,1,23,Friday,False,False,False,Ninoy Aquino International Airport,MNL
Brunei International Airport,BWN,2024-08-24 23:40,Ninoy Aquino International Airport,MNL,2024-08-25 02:00,140,Cebu Pacific,Economy,140,,,60,Y,N,N,1,7,0,0,Saturday,False,False,True,Ninoy Aquino International Airport,MNL
Brunei International Airport,BWN,2024-08-24 11:55,Ninoy Aquino International Airport,MNL,2024-08-24 14:10,135,Royal Brunei,Economy,135,,,212,Y,Y,Y,1,7,1,20,Saturday,False,False,False,Ninoy Aquino International Airport,MNL
Brunei International Airport,BWN,2024-08-24 12:05,Singapore Changi Airport,SIN,2024-08-24 14:20,135,Singapore Airlines,Economy,1055,700.0,,370,Y,Y,Y,1,7,1,23,Saturday,False,False,False,Ninoy Aquino International Airport,MNL
Brunei International Airport,BWN,2024-08-24 12:05,Singapore Changi Airport,SIN,2024-08-24 14:20,135,Singapore Airlines,Economy,655,305.0,,375,Y,Y,Y,1,7,1,23,Saturday,False,False,False,Ninoy Aquino International Airport,MNL
Brunei International Airport,BWN,2024-08-24 12:05,Singapore Changi Airport,SIN,2024-08-24 14:20,135,Singapore Airlines,Economy,700,330.0,,1499,Y,Y,Y,1,7,1,23,Saturday,False,False,False,Ninoy Aquino International Airport,MNL
Brunei International Airport,BWN,2024-08-25 15:50,Singapore Changi Airport,SIN,2024-08-25 18:00,130,Singapore Airlines,Economy,830,480.0,,370,Y,Y,Y,1,7,1,23,Sunday,False,False,False,Ninoy Aquino International Airport,MNL
Brunei International Airport,BWN,2024-08-25 15:50,Singapore Changi Airport,SIN,2024-08-25 18:00,130,Singapore Airlines,Economy,430,85.0,,375,Y,Y,Y,1,7,1,23,Sunday,False,False,False,Ninoy Aquino International Airport,MNL
Brunei International Airport,BWN,2024-08-25 08:50,Kuala Lumpur International Airport,KUL,2024-08-25 11:20,150,Royal Brunei,Economy,755,365.0,,396,Y,Y,Y,1,7,1,20,Sunday,False,False,False,Ninoy Aquino International Airport,MNL
Brunei International Airport,BWN,2024-08-25 17:55,Kuala Lumpur International Airport,KUL,2024-08-25 20:25,150,Royal Brunei,Economy,1085,705.0,True,396,Y,Y,Y,1,7,1,20,Sunday,False,False,False,Ninoy Aquino International Airport,MNL
Brunei International Airport,BWN,2024-08-25 17:55,Kuala Lumpur International Airport,KUL,2024-08-25 20:25,150,Royal Brunei,Economy,1265,885.0,True,577,Y,Y,Y,1,7,1,20,Sunday,False,False,False,Ninoy Aquino International Airport,MNL
Brunei International Airport,BWN,2024-08-25 15:50,Singapore Changi Airport,SIN,2024-08-25 18:00,130,Singapore Airlines,Economy,475,110.0,,1489,Y,Y,Y,1,7,1,23,Sunday,False,False,False,Ninoy Aquino International Airport,MNL
Brunei International Airport,BWN,2024-08-26 18:30,Ninoy Aquino International Airport,MNL,2024-08-26 20:45,135,Royal Brunei,Economy,135,,,211,Y,Y,Y,1,7,1,20,Monday,False,True,False,Ninoy Aquino International Airport,MNL
Brunei International Airport,BWN,2024-08-26 12:05,Singapore Changi Airport,SIN,2024-08-26 14:20,135,Singapore Airlines,Economy,1055,700.0,,370,Y,Y,Y,1,7,1,23,Monday,False,True,False,Ninoy Aquino International Airport,MNL
Brunei International Airport,BWN,2024-08-26 12:05,Singapore Changi Airport,SIN,2024-08-26 14:20,135,Singapore Airlines,Economy,655,305.0,,382,Y,Y,Y,1,7,1,23,Monday,False,True,False,Ninoy Aquino International Airport,MNL
Brunei International Airport,BWN,2024-08-27 23:40,Ninoy Aquino International Airport,MNL,2024-08-28 02:00,140,Cebu Pacific,Economy,140,,,60,Y,N,N,1,7,0,0,Tuesday,False,False,True,Ninoy Aquino International Airport,MNL
Brunei International Airport,BWN,2024-08-27 12:05,Singapore Changi Airport,SIN,2024-08-27 14:20,135,Singapore Airlines,Economy,1055,700.0,,370,Y,Y,Y,1,7,1,23,Tuesday,False,False,False,Ninoy Aquino International Airport,MNL
Brunei International Airport,BWN,2024-08-27 12:05,Singapore Changi Airport,SIN,2024-08-27 14:20,135,Singapore Airlines,Economy,655,305.0,,375,Y,Y,Y,1,7,1,23,Tuesday,False,False,False,Ninoy Aquino International Airport,MNL
Brunei International Airport,BWN,2024-08-27 17:55,Kuala Lumpur International Airport,KUL,2024-08-27 20:25,150,Royal Brunei,Economy,1085,705.0,True,396,Y,Y,Y,1,7,1,20,Tuesday,False,False,False,Ninoy Aquino International Airport,MNL
Brunei International Airport,BWN,2024-08-27 12:05,Singapore Changi Airport,SIN,2024-08-27 14:20,135,Singapore Airlines,Economy,700,330.0,,1489,Y,Y,Y,1,7,1,23,Tuesday,False,False,False,Ninoy Aquino International Airport,MNL
Brunei International Airport,BWN,2024-08-28 11:55,Ninoy Aquino International Airport,MNL,2024-08-28 14:10,135,Royal Brunei,Economy,135,,,212,Y,Y,Y,1,7,1,20,Wednesday,False,False,False,Ninoy Aquino International Airport,MNL
Brunei International Airport,BWN,2024-08-28 15:50,Singapore Changi Airport,SIN,2024-08-28 18:00,130,Singapore Airlines,Economy,430,85.0,,375,Y,Y,Y,1,7,1,23,Wednesday,False,False,False,Ninoy Aquino International Airport,MNL
Brunei International Airport,BWN,2024-08-28 15:50,Singapore Changi Airport,SIN,2024-08-28 18:00,130,Singapore Airlines,Economy,830,480.0,,370,Y,Y,Y,1,7,1,23,Wednesday,False,False,False,Ninoy Aquino International Airport,MNL
Brunei International Airport,BWN,2024-08-28 17:55,Kuala Lumpur International Airport,KUL,2024-08-28 20:25,150,Royal Brunei,Economy,1085,705.0,True,396,Y,Y,Y,1,7,1,20,Wednesday,False,False,False,Ninoy Aquino International Airport,MNL
Brunei International Airport,BWN,2024-08-28 17:55,Kuala Lumpur International Airport,KUL,2024-08-28 20:25,150,Royal Brunei,Economy,1585,1200.0,True,577,Y,Y,Y,1,7,1,20,Wednesday,False,False,False,Ninoy Aquino International Airport,MNL
Brunei International Airport,BWN,2024-08-28 15:50,Singapore Changi Airport,SIN,2024-08-28 18:00,130,Singapore Airlines,Economy,475,110.0,,1489,Y,Y,Y,1,7,1,23,Wednesday,False,False,False,Ninoy Aquino International Airport,MNL
Brunei International Airport,BWN,2024-08-29 23:40,Ninoy Aquino International Airport,MNL,2024-08-30 02:00,140,Cebu Pacific,Economy,140,,,85,Y,N,N,1,7,0,0,Thursday,False,False,True,Ninoy Aquino International Airport,MNL
Brunei International Airport,BWN,2024-08-29 18:30,Ninoy Aquino International Airport,MNL,2024-08-29 20:45,135,Royal Brunei,Economy,135,,,211,Y,Y,Y,1,7,1,20,Thursday,False,False,False,Ninoy Aquino International Airport,MNL
Brunei International Airport,BWN,2024-08-29 08:50,Kuala Lumpur International Airport,KUL,2024-08-29 11:20,150,Royal Brunei,Economy,690,305.0,,574,Y,Y,Y,1,7,1,20,Thursday,False,False,False,Ninoy Aquino International Airport,MNL
Brunei International Airport,BWN,2024-08-30 18:30,Ninoy Aquino International Airport,MNL,2024-08-30 20:45,135,Royal Brunei,Economy,135,,,211,Y,Y,Y,1,7,1,20,Friday,False,False,False,Ninoy Aquino International Airport,MNL
Brunei International Airport,BWN,2024-08-30 15:50,Singapore Changi Airport,SIN,2024-08-30 18:00,130,Singapore Airlines,Economy,830,480.0,,370,Y,Y,Y,1,7,1,23,Friday,False,False,False,Ninoy Aquino International Airport,MNL
Brunei International Airport,BWN,2024-08-30 15:50,Singapore Changi Airport,SIN,2024-08-30 18:00,130,Singapore Airlines,Economy,430,85.0,,375,Y,Y,Y,1,7,1,23,Friday,False,False,False,Ninoy Aquino International Airport,MNL
Brunei International Airport,BWN,2024-08-31 23:40,Ninoy Aquino International Airport,MNL,2024-09-01 02:00,140,Cebu Pacific,Economy,140,,,85,Y,N,N,1,7,0,0,Saturday,False,False,True,Ninoy Aquino International Airport,MNL
Brunei International Airport,BWN,2024-08-31 11:55,Ninoy Aquino International Airport,MNL,2024-08-31 14:10,135,Royal Brunei,Economy,135,,,212,Y,Y,Y,1,7,1,20,Saturday,False,False,False,Ninoy Aquino International Airport,MNL
Brunei International Airport,BWN,2024-08-31 12:05,Singapore Changi Airport,SIN,2024-08-31 14:20,135,Singapore Airlines,Economy,1055,700.0,,370,Y,Y,Y,1,7,1,23,Saturday,False,False,False,Ninoy Aquino International Airport,MNL
Brunei International Airport,BWN,2024-08-31 12:05,Singapore Changi Airport,SIN,2024-08-31 14:20,135,Singapore Airlines,Economy,655,305.0,,375,Y,Y,Y,1,7,1,23,Saturday,False,False,False,Ninoy Aquino International Airport,MNL
Brunei International Airport,BWN,2024-08-31 12:05,Singapore Changi Airport,SIN,2024-08-31 14:20,135,Singapore Airlines,Economy,700,330.0,,1499,Y,Y,Y,1,7,1,23,Saturday,False,False,False,Ninoy Aquino International Airport,MNL
