Departure Airport Name,Departure Airport ID,Departure Time,Arrival Airport Name,Arrival Airport ID,Arrival Time,Duration,Airline,Travel Class,Total Duration,Layover 1 Duration,Layover 1 Overnight,Price, Cabin Baggage, Checked Baggage,Meal Included,Cabin Baggage (Number),Cabin Baggage (kg per piece),Checked Baggage (Number),Checked Baggage (kg per piece) ,Day of Week (on flight date),Departure Country Is Holiday,Arrival Country Is Holiday,Overnight Flight,Final Arrival Airport Name,Final Arrival Airport ID
Brunei International Airport,BWN,2024-07-01 12:05,Singapore Changi Airport,SIN,2024-07-01 14:20,135,Singapore Airlines,Economy,1365,1055,True,497,Y,Y,Y,1,7,1,23,Monday,False,False,False,Yangon International Airport,RGN
Brunei International Airport,BWN,2024-07-01 08:50,Kuala Lumpur International Airport,KUL,2024-07-01 11:20,150,Royal Brunei,Economy,1625,1310,True,723,Y,Y,Y,1,7,1,20,Monday,False,False,False,Yangon International Airport,RGN
Brunei International Airport,BWN,2024-07-02 10:55,Suvarnabhumi Airport,BKK,2024-07-02 12:40,165,Royal Brunei,Economy,470,225,,376,Y,Y,Y,1,7,1,20,Tuesday,False,False,False,Yangon International Airport,RGN
Brunei International Airport,BWN,2024-07-02 10:55,Suvarnabhumi Airport,BKK,2024-07-02 12:40,165,Royal Brunei,Economy,745,500,,329,Y,Y,Y,1,7,1,20,Tuesday,False,False,False,Yangon International Airport,RGN
Brunei International Airport,BWN,2024-07-02 12:05,Singapore Changi Airport,SIN,2024-07-02 14:20,135,Singapore Airlines,Economy,1365,1055,True,397,Y,Y,Y,1,7,1,23,Tuesday,False,False,False,Yangon International Airport,RGN
Brunei International Airport,BWN,2024-07-02 10:55,Suvarnabhumi Airport,BKK,2024-07-02 12:40,165,Royal Brunei,Economy,515,265,,449,Y,Y,Y,1,7,1,20,Tuesday,False,False,False,Yangon International Airport,RGN
Brunei International Airport,BWN,2024-07-02 17:55,Kuala Lumpur International Airport,KUL,2024-07-02 20:25,150,Royal Brunei,Economy,1080,765,True,528,Y,Y,Y,1,7,1,20,Tuesday,False,False,False,Yangon International Airport,RGN
Brunei International Airport,BWN,2024-07-03 15:50,Singapore Changi Airport,SIN,2024-07-03 18:00,130,Singapore Airlines,Economy,1140,835,True,454,Y,Y,Y,1,7,1,23,Wednesday,False,False,False,Yangon International Airport,RGN
Brunei International Airport,BWN,2024-07-03 18:20,Suvarnabhumi Airport,BKK,2024-07-03 20:05,165,Royal Brunei,Economy,1075,820,True,508,Y,Y,Y,1,7,1,20,Wednesday,False,False,False,Yangon International Airport,RGN
Brunei International Airport,BWN,2024-07-03 17:55,Kuala Lumpur International Airport,KUL,2024-07-03 20:25,150,Royal Brunei,Economy,1080,765,True,516,Y,Y,Y,1,7,1,20,Wednesday,False,False,False,Yangon International Airport,RGN
Brunei International Airport,BWN,2024-07-04 12:05,Singapore Changi Airport,SIN,2024-07-04 14:20,135,Singapore Airlines,Economy,1365,1055,True,622,Y,Y,Y,1,7,1,23,Thursday,False,False,False,Yangon International Airport,RGN
Brunei International Airport,BWN,2024-07-05 17:55,Kuala Lumpur International Airport,KUL,2024-07-05 20:25,150,Royal Brunei,Economy,1080,765,True,586,Y,Y,Y,1,7,1,20,Friday,False,False,False,Yangon International Airport,RGN
Brunei International Airport,BWN,2024-07-05 17:55,Kuala Lumpur International Airport,KUL,2024-07-05 20:25,150,Royal Brunei,Economy,1255,940,True,586,Y,Y,Y,1,7,1,20,Friday,False,False,False,Yangon International Airport,RGN
Brunei International Airport,BWN,2024-07-06 08:50,Kuala Lumpur International Airport,KUL,2024-07-06 11:20,150,Royal Brunei,Economy,1625,1310,True,528,Y,Y,Y,1,7,1,20,Saturday,False,False,False,Yangon International Airport,RGN
Brunei International Airport,BWN,2024-07-06 12:05,Singapore Changi Airport,SIN,2024-07-06 14:20,135,Singapore Airlines,Economy,1365,1055,True,720,Y,Y,Y,1,7,1,23,Saturday,False,False,False,Yangon International Airport,RGN
Brunei International Airport,BWN,2024-07-06 10:55,Suvarnabhumi Airport,BKK,2024-07-06 12:40,165,Royal Brunei,Economy,515,265,,838,Y,Y,Y,1,7,1,20,Saturday,False,False,False,Yangon International Airport,RGN
Brunei International Airport,BWN,2024-07-07 18:20,Suvarnabhumi Airport,BKK,2024-07-07 20:05,165,Royal Brunei,Economy,1075,820,True,471,Y,Y,Y,1,7,1,20,Sunday,False,False,False,Yangon International Airport,RGN
Brunei International Airport,BWN,2024-07-07 17:55,Kuala Lumpur International Airport,KUL,2024-07-07 20:25,150,Royal Brunei,Economy,1080,765,True,586,Y,Y,Y,1,7,1,20,Sunday,False,False,False,Yangon International Airport,RGN
Brunei International Airport,BWN,2024-07-07 17:55,Kuala Lumpur International Airport,KUL,2024-07-07 20:25,150,Royal Brunei,Economy,1255,940,True,586,Y,Y,Y,1,7,1,20,Sunday,False,False,False,Yangon International Airport,RGN
Brunei International Airport,BWN,2024-07-08 08:50,Kuala Lumpur International Airport,KUL,2024-07-08 11:20,150,Royal Brunei,Economy,1625,1310,True,636,Y,Y,Y,1,7,1,20,Monday,True,False,False,Yangon International Airport,RGN
Brunei International Airport,BWN,2024-07-08 12:05,Singapore Changi Airport,SIN,2024-07-08 14:20,135,Singapore Airlines,Economy,1365,1055,True,835,Y,Y,Y,1,7,1,23,Monday,True,False,False,Yangon International Airport,RGN
Brunei International Airport,BWN,2024-07-09 12:05,Singapore Changi Airport,SIN,2024-07-09 14:20,135,Singapore Airlines,Economy,1365,1055,True,397,Y,Y,Y,1,7,1,23,Tuesday,False,False,False,Yangon International Airport,RGN
Brunei International Airport,BWN,2024-07-09 10:55,Suvarnabhumi Airport,BKK,2024-07-09 12:40,165,Royal Brunei,Economy,515,265,,632,Y,Y,Y,1,7,1,20,Tuesday,False,False,False,Yangon International Airport,RGN
Brunei International Airport,BWN,2024-07-10 15:50,Singapore Changi Airport,SIN,2024-07-10 18:00,130,Singapore Airlines,Economy,1140,835,True,454,Y,Y,Y,1,7,1,23,Wednesday,False,False,False,Yangon International Airport,RGN
Brunei International Airport,BWN,2024-07-10 18:20,Suvarnabhumi Airport,BKK,2024-07-10 20:05,165,Royal Brunei,Economy,1075,820,True,471,Y,Y,Y,1,7,1,20,Wednesday,False,False,False,Yangon International Airport,RGN
Brunei International Airport,BWN,2024-07-10 17:55,Kuala Lumpur International Airport,KUL,2024-07-10 20:25,150,Royal Brunei,Economy,1080,765,True,649,Y,Y,Y,1,7,1,20,Wednesday,False,False,False,Yangon International Airport,RGN
Brunei International Airport,BWN,2024-07-11 12:05,Singapore Changi Airport,SIN,2024-07-11 14:20,135,Singapore Airlines,Economy,1365,1055,True,397,Y,Y,Y,1,7,1,23,Thursday,False,False,False,Yangon International Airport,RGN
Brunei International Airport,BWN,2024-07-11 17:55,Kuala Lumpur International Airport,KUL,2024-07-11 20:25,150,Royal Brunei,Economy,1255,940,True,586,Y,Y,Y,1,7,1,20,Thursday,False,False,False,Yangon International Airport,RGN
Brunei International Airport,BWN,2024-07-12 17:55,Kuala Lumpur International Airport,KUL,2024-07-12 20:25,150,Royal Brunei,Economy,1080,765,True,586,Y,Y,Y,1,7,1,20,Friday,False,False,False,Yangon International Airport,RGN
Brunei International Airport,BWN,2024-07-12 17:55,Kuala Lumpur International Airport,KUL,2024-07-12 20:25,150,Royal Brunei,Economy,1255,940,True,586,Y,Y,Y,1,7,1,20,Friday,False,False,False,Yangon International Airport,RGN
Brunei International Airport,BWN,2024-07-12 15:50,Singapore Changi Airport,SIN,2024-07-12 18:00,130,Singapore Airlines,Economy,1140,835,True,720,Y,Y,Y,1,7,1,23,Friday,False,False,False,Yangon International Airport,RGN
Brunei International Airport,BWN,2024-07-13 12:05,Singapore Changi Airport,SIN,2024-07-13 14:20,135,Singapore Airlines,Economy,1365,1055,True,835,Y,Y,Y,1,7,1,23,Saturday,False,False,False,Yangon International Airport,RGN
Brunei International Airport,BWN,2024-07-14 15:50,Singapore Changi Airport,SIN,2024-07-14 18:00,130,Singapore Airlines,Economy,1140,835,True,454,Y,Y,Y,1,7,1,23,Sunday,False,False,False,Yangon International Airport,RGN
Brunei International Airport,BWN,2024-07-14 17:55,Kuala Lumpur International Airport,KUL,2024-07-14 20:25,150,Royal Brunei,Economy,1080,765,True,528,Y,Y,Y,1,7,1,20,Sunday,False,False,False,Yangon International Airport,RGN
Brunei International Airport,BWN,2024-07-14 17:55,Kuala Lumpur International Airport,KUL,2024-07-14 20:25,150,Royal Brunei,Economy,1255,940,True,528,Y,Y,Y,1,7,1,20,Sunday,False,False,False,Yangon International Airport,RGN
Brunei International Airport,BWN,2024-07-15 12:05,Singapore Changi Airport,SIN,2024-07-15 14:20,135,Singapore Airlines,Economy,1365,1055,True,454,Y,Y,Y,1,7,1,23,Monday,True,False,False,Yangon International Airport,RGN
Brunei International Airport,BWN,2024-07-15 08:50,Kuala Lumpur International Airport,KUL,2024-07-15 11:20,150,Royal Brunei,Economy,1625,1310,True,528,Y,Y,Y,1,7,1,20,Monday,True,False,False,Yangon International Airport,RGN
Brunei International Airport,BWN,2024-07-15 08:50,Kuala Lumpur International Airport,KUL,2024-07-15 11:20,150,Royal Brunei,Economy,1800,1485,True,534,Y,Y,Y,1,7,1,20,Monday,True,False,False,Yangon International Airport,RGN
Brunei International Airport,BWN,2024-07-16 12:05,Singapore Changi Airport,SIN,2024-07-16 14:20,135,Singapore Airlines,Economy,1365,1055,True,355,Y,Y,Y,1,7,1,23,Tuesday,False,False,False,Yangon International Airport,RGN
Brunei International Airport,BWN,2024-07-16 17:55,Kuala Lumpur International Airport,KUL,2024-07-16 20:25,150,Royal Brunei,Economy,1080,765,True,516,Y,Y,Y,1,7,1,20,Tuesday,False,False,False,Yangon International Airport,RGN
Brunei International Airport,BWN,2024-07-17 15:50,Singapore Changi Airport,SIN,2024-07-17 18:00,130,Singapore Airlines,Economy,1140,835,True,355,Y,Y,Y,1,7,1,23,Wednesday,False,False,False,Yangon International Airport,RGN
Brunei International Airport,BWN,2024-07-17 17:55,Kuala Lumpur International Airport,KUL,2024-07-17 20:25,150,Royal Brunei,Economy,1080,765,True,516,Y,Y,Y,1,7,1,20,Wednesday,False,False,False,Yangon International Airport,RGN
Brunei International Airport,BWN,2024-07-18 12:05,Singapore Changi Airport,SIN,2024-07-18 14:20,135,Singapore Airlines,Economy,1365,1055,True,355,Y,Y,Y,1,7,1,23,Thursday,False,False,False,Yangon International Airport,RGN
Brunei International Airport,BWN,2024-07-18 17:55,Kuala Lumpur International Airport,KUL,2024-07-18 20:25,150,Royal Brunei,Economy,1080,765,True,516,Y,Y,Y,1,7,1,20,Thursday,False,False,False,Yangon International Airport,RGN
Brunei International Airport,BWN,2024-07-18 17:55,Kuala Lumpur International Airport,KUL,2024-07-18 20:25,150,Royal Brunei,Economy,1255,940,True,528,Y,Y,Y,1,7,1,20,Thursday,False,False,False,Yangon International Airport,RGN
Brunei International Airport,BWN,2024-07-19 15:50,Singapore Changi Airport,SIN,2024-07-19 18:00,130,Singapore Airlines,Economy,1140,835,True,355,Y,Y,Y,1,7,1,23,Friday,False,True,False,Yangon International Airport,RGN
Brunei International Airport,BWN,2024-07-19 17:55,Kuala Lumpur International Airport,KUL,2024-07-19 20:25,150,Royal Brunei,Economy,1080,765,True,494,Y,Y,Y,1,7,1,20,Friday,False,True,False,Yangon International Airport,RGN
Brunei International Airport,BWN,2024-07-19 17:55,Kuala Lumpur International Airport,KUL,2024-07-19 20:25,150,Royal Brunei,Economy,1255,940,True,494,Y,Y,Y,1,7,1,20,Friday,False,True,False,Yangon International Airport,RGN
Brunei International Airport,BWN,2024-07-20 12:05,Singapore Changi Airport,SIN,2024-07-20 14:20,135,Singapore Airlines,Economy,1365,1055,True,355,Y,Y,Y,1,7,1,23,Saturday,False,True,False,Yangon International Airport,RGN
Brunei International Airport,BWN,2024-07-21 15:50,Singapore Changi Airport,SIN,2024-07-21 18:00,130,Singapore Airlines,Economy,1140,835,True,454,Y,Y,Y,1,7,1,23,Sunday,False,False,False,Yangon International Airport,RGN
Brunei International Airport,BWN,2024-07-21 18:20,Suvarnabhumi Airport,BKK,2024-07-21 20:05,165,Royal Brunei,Economy,1075,820,True,471,Y,Y,Y,1,7,1,20,Sunday,False,False,False,Yangon International Airport,RGN
Brunei International Airport,BWN,2024-07-21 17:55,Kuala Lumpur International Airport,KUL,2024-07-21 20:25,150,Royal Brunei,Economy,1080,765,True,494,Y,Y,Y,1,7,1,20,Sunday,False,False,False,Yangon International Airport,RGN
Brunei International Airport,BWN,2024-07-21 17:55,Kuala Lumpur International Airport,KUL,2024-07-21 20:25,150,Royal Brunei,Economy,1255,940,True,494,Y,Y,Y,1,7,1,20,Sunday,False,False,False,Yangon International Airport,RGN
Brunei International Airport,BWN,2024-07-22 12:05,Singapore Changi Airport,SIN,2024-07-22 14:20,135,Singapore Airlines,Economy,1365,1055,True,454,Y,Y,Y,1,7,1,23,Monday,False,False,False,Yangon International Airport,RGN
Brunei International Airport,BWN,2024-07-22 08:50,Kuala Lumpur International Airport,KUL,2024-07-22 11:20,150,Royal Brunei,Economy,1625,1310,True,516,Y,Y,Y,1,7,1,20,Monday,False,False,False,Yangon International Airport,RGN
Brunei International Airport,BWN,2024-07-23 12:05,Singapore Changi Airport,SIN,2024-07-23 14:20,135,Singapore Airlines,Economy,1365,1055,True,355,Y,Y,Y,1,7,1,23,Tuesday,False,False,False,Yangon International Airport,RGN
Brunei International Airport,BWN,2024-07-23 17:55,Kuala Lumpur International Airport,KUL,2024-07-23 20:25,150,Royal Brunei,Economy,1080,765,True,494,Y,Y,Y,1,7,1,20,Tuesday,False,False,False,Yangon International Airport,RGN
Brunei International Airport,BWN,2024-07-23 10:55,Suvarnabhumi Airport,BKK,2024-07-23 12:40,165,Royal Brunei,Economy,515,265,,632,Y,Y,Y,1,7,1,20,Tuesday,False,False,False,Yangon International Airport,RGN
Brunei International Airport,BWN,2024-07-24 15:50,Singapore Changi Airport,SIN,2024-07-24 18:00,130,Singapore Airlines,Economy,1140,835,True,355,Y,Y,Y,1,7,1,23,Wednesday,False,False,False,Yangon International Airport,RGN
Brunei International Airport,BWN,2024-07-24 18:20,Suvarnabhumi Airport,BKK,2024-07-24 20:05,165,Royal Brunei,Economy,1075,820,True,471,Y,Y,Y,1,7,1,20,Wednesday,False,False,False,Yangon International Airport,RGN
Brunei International Airport,BWN,2024-07-24 17:55,Kuala Lumpur International Airport,KUL,2024-07-24 20:25,150,Royal Brunei,Economy,1080,765,True,494,Y,Y,Y,1,7,1,20,Wednesday,False,False,False,Yangon International Airport,RGN
Brunei International Airport,BWN,2024-07-24 17:55,Kuala Lumpur International Airport,KUL,2024-07-24 20:25,150,Royal Brunei,Economy,1255,940,True,494,Y,Y,Y,1,7,1,20,Wednesday,False,False,False,Yangon International Airport,RGN
Brunei International Airport,BWN,2024-07-25 12:05,Singapore Changi Airport,SIN,2024-07-25 14:20,135,Singapore Airlines,Economy,1365,1055,True,355,Y,Y,Y,1,7,1,23,Thursday,False,False,False,Yangon International Airport,RGN
Brunei International Airport,BWN,2024-07-25 17:55,Kuala Lumpur International Airport,KUL,2024-07-25 20:25,150,Royal Brunei,Economy,1080,765,True,494,Y,Y,Y,1,7,1,20,Thursday,False,False,False,Yangon International Airport,RGN
Brunei International Airport,BWN,2024-07-25 17:55,Kuala Lumpur International Airport,KUL,2024-07-25 20:25,150,Royal Brunei,Economy,1255,940,True,494,Y,Y,Y,1,7,1,20,Thursday,False,False,False,Yangon International Airport,RGN
Brunei International Airport,BWN,2024-07-26 15:50,Singapore Changi Airport,SIN,2024-07-26 18:00,130,Singapore Airlines,Economy,1140,835,True,355,Y,Y,Y,1,7,1,23,Friday,False,False,False,Yangon International Airport,RGN
Brunei International Airport,BWN,2024-07-26 17:55,Kuala Lumpur International Airport,KUL,2024-07-26 20:25,150,Royal Brunei,Economy,1080,765,True,494,Y,Y,Y,1,7,1,20,Friday,False,False,False,Yangon International Airport,RGN
Brunei International Airport,BWN,2024-07-26 17:55,Kuala Lumpur International Airport,KUL,2024-07-26 20:25,150,Royal Brunei,Economy,1255,940,True,494,Y,Y,Y,1,7,1,20,Friday,False,False,False,Yangon International Airport,RGN
Brunei International Airport,BWN,2024-07-27 12:05,Singapore Changi Airport,SIN,2024-07-27 14:20,135,Singapore Airlines,Economy,1365,1055,True,355,Y,Y,Y,1,7,1,23,Saturday,False,False,False,Yangon International Airport,RGN
Brunei International Airport,BWN,2024-07-27 08:50,Kuala Lumpur International Airport,KUL,2024-07-27 11:20,150,Royal Brunei,Economy,1625,1310,True,494,Y,Y,Y,1,7,1,20,Saturday,False,False,False,Yangon International Airport,RGN
Brunei International Airport,BWN,2024-07-27 10:55,Suvarnabhumi Airport,BKK,2024-07-27 12:40,165,Royal Brunei,Economy,515,265,,527,Y,Y,Y,1,7,1,20,Saturday,False,False,False,Yangon International Airport,RGN
Brunei International Airport,BWN,2024-07-28 15:50,Singapore Changi Airport,SIN,2024-07-28 18:00,130,Singapore Airlines,Economy,1140,835,True,454,Y,Y,Y,1,7,1,23,Sunday,False,False,False,Yangon International Airport,RGN
Brunei International Airport,BWN,2024-07-28 18:20,Suvarnabhumi Airport,BKK,2024-07-28 20:05,165,Royal Brunei,Economy,1075,820,True,471,Y,Y,Y,1,7,1,20,Sunday,False,False,False,Yangon International Airport,RGN
Brunei International Airport,BWN,2024-07-28 17:55,Kuala Lumpur International Airport,KUL,2024-07-28 20:25,150,Royal Brunei,Economy,1080,765,True,494,Y,Y,Y,1,7,1,20,Sunday,False,False,False,Yangon International Airport,RGN
Brunei International Airport,BWN,2024-07-28 17:55,Kuala Lumpur International Airport,KUL,2024-07-28 20:25,150,Royal Brunei,Economy,1255,940,True,494,Y,Y,Y,1,7,1,20,Sunday,False,False,False,Yangon International Airport,RGN
Brunei International Airport,BWN,2024-07-29 12:05,Singapore Changi Airport,SIN,2024-07-29 14:20,135,Singapore Airlines,Economy,1365,1055,True,454,Y,Y,Y,1,7,1,23,Monday,False,False,False,Yangon International Airport,RGN
Brunei International Airport,BWN,2024-07-29 08:50,Kuala Lumpur International Airport,KUL,2024-07-29 11:20,150,Royal Brunei,Economy,1625,1310,True,494,Y,Y,Y,1,7,1,20,Monday,False,False,False,Yangon International Airport,RGN
Brunei International Airport,BWN,2024-07-30 12:05,Singapore Changi Airport,SIN,2024-07-30 14:20,135,Singapore Airlines,Economy,1365,1055,True,355,Y,Y,Y,1,7,1,23,Tuesday,False,False,False,Yangon International Airport,RGN
Brunei International Airport,BWN,2024-07-30 17:55,Kuala Lumpur International Airport,KUL,2024-07-30 20:25,150,Royal Brunei,Economy,1080,765,True,494,Y,Y,Y,1,7,1,20,Tuesday,False,False,False,Yangon International Airport,RGN
Brunei International Airport,BWN,2024-07-30 17:55,Kuala Lumpur International Airport,KUL,2024-07-30 20:25,150,Royal Brunei,Economy,1255,940,True,494,Y,Y,Y,1,7,1,20,Tuesday,False,False,False,Yangon International Airport,RGN
Brunei International Airport,BWN,2024-07-30 10:55,Suvarnabhumi Airport,BKK,2024-07-30 12:40,165,Royal Brunei,Economy,515,265,,577,Y,Y,Y,1,7,1,20,Tuesday,False,False,False,Yangon International Airport,RGN
Brunei International Airport,BWN,2024-07-31 15:50,Singapore Changi Airport,SIN,2024-07-31 18:00,130,Singapore Airlines,Economy,1140,835,True,355,Y,Y,Y,1,7,1,23,Wednesday,False,False,False,Yangon International Airport,RGN
Brunei International Airport,BWN,2024-07-31 17:55,Kuala Lumpur International Airport,KUL,2024-07-31 20:25,150,Royal Brunei,Economy,1080,765,True,528,Y,Y,Y,1,7,1,20,Wednesday,False,False,False,Yangon International Airport,RGN
Brunei International Airport,BWN,2024-07-31 17:55,Kuala Lumpur International Airport,KUL,2024-07-31 20:25,150,Royal Brunei,Economy,1255,940,True,528,Y,Y,Y,1,7,1,20,Wednesday,False,False,False,Yangon International Airport,RGN
Brunei International Airport,BWN,2024-07-31 18:20,Suvarnabhumi Airport,BKK,2024-07-31 20:05,165,Royal Brunei,Economy,1065,810,True,598,Y,Y,Y,1,7,1,20,Wednesday,False,False,False,Yangon International Airport,RGN
Brunei International Airport,BWN,2024-08-01 12:05,Singapore Changi Airport,SIN,2024-08-01 14:20,135,Singapore Airlines,Economy,1365,1055,True,355,Y,Y,Y,1,7,1,23,Thursday,False,False,False,Yangon International Airport,RGN
Brunei International Airport,BWN,2024-08-01 17:55,Kuala Lumpur International Airport,KUL,2024-08-01 20:25,150,Royal Brunei,Economy,1080,765,True,494,Y,Y,Y,1,7,1,20,Thursday,False,False,False,Yangon International Airport,RGN
Brunei International Airport,BWN,2024-08-01 17:55,Kuala Lumpur International Airport,KUL,2024-08-01 20:25,150,Royal Brunei,Economy,1255,940,True,494,Y,Y,Y,1,7,1,20,Thursday,False,False,False,Yangon International Airport,RGN
Brunei International Airport,BWN,2024-08-02 17:55,Kuala Lumpur International Airport,KUL,2024-08-02 20:25,150,Royal Brunei,Economy,1080,765,True,516,Y,Y,Y,1,7,1,20,Friday,False,False,False,Yangon International Airport,RGN
Brunei International Airport,BWN,2024-08-02 17:55,Kuala Lumpur International Airport,KUL,2024-08-02 20:25,150,Royal Brunei,Economy,1255,940,True,528,Y,Y,Y,1,7,1,20,Friday,False,False,False,Yangon International Airport,RGN
Brunei International Airport,BWN,2024-08-02 15:50,Singapore Changi Airport,SIN,2024-08-02 18:00,130,Singapore Airlines,Economy,1140,835,True,720,Y,Y,Y,1,7,1,23,Friday,False,False,False,Yangon International Airport,RGN
Brunei International Airport,BWN,2024-08-03 12:05,Singapore Changi Airport,SIN,2024-08-03 14:20,135,Singapore Airlines,Economy,1365,1055,True,355,Y,Y,Y,1,7,1,23,Saturday,False,False,False,Yangon International Airport,RGN
Brunei International Airport,BWN,2024-08-03 08:50,Kuala Lumpur International Airport,KUL,2024-08-03 11:20,150,Royal Brunei,Economy,1625,1310,True,516,Y,Y,Y,1,7,1,20,Saturday,False,False,False,Yangon International Airport,RGN
Brunei International Airport,BWN,2024-08-03 10:55,Suvarnabhumi Airport,BKK,2024-08-03 12:40,165,Royal Brunei,Economy,515,265,,632,Y,Y,Y,1,7,1,20,Saturday,False,False,False,Yangon International Airport,RGN
Brunei International Airport,BWN,2024-08-04 15:50,Singapore Changi Airport,SIN,2024-08-04 18:00,130,Singapore Airlines,Economy,1140,835,True,397,Y,Y,Y,1,7,1,23,Sunday,False,False,False,Yangon International Airport,RGN
Brunei International Airport,BWN,2024-08-04 18:20,Suvarnabhumi Airport,BKK,2024-08-04 20:05,165,Royal Brunei,Economy,1065,810,True,471,Y,Y,Y,1,7,1,20,Sunday,False,False,False,Yangon International Airport,RGN
Brunei International Airport,BWN,2024-08-04 17:55,Kuala Lumpur International Airport,KUL,2024-08-04 20:25,150,Royal Brunei,Economy,1080,765,True,528,Y,Y,Y,1,7,1,20,Sunday,False,False,False,Yangon International Airport,RGN
Brunei International Airport,BWN,2024-08-04 17:55,Kuala Lumpur International Airport,KUL,2024-08-04 20:25,150,Royal Brunei,Economy,1255,940,True,528,Y,Y,Y,1,7,1,20,Sunday,False,False,False,Yangon International Airport,RGN
Brunei International Airport,BWN,2024-08-05 12:05,Singapore Changi Airport,SIN,2024-08-05 14:20,135,Singapore Airlines,Economy,1365,1055,True,397,Y,Y,Y,1,7,1,23,Monday,False,False,False,Yangon International Airport,RGN
Brunei International Airport,BWN,2024-08-05 08:50,Kuala Lumpur International Airport,KUL,2024-08-05 11:20,150,Royal Brunei,Economy,1625,1310,True,636,Y,Y,Y,1,7,1,20,Monday,False,False,False,Yangon International Airport,RGN
Brunei International Airport,BWN,2024-08-06 12:05,Singapore Changi Airport,SIN,2024-08-06 14:20,135,Singapore Airlines,Economy,1365,1055,True,355,Y,Y,Y,1,7,1,23,Tuesday,False,False,False,Yangon International Airport,RGN
Brunei International Airport,BWN,2024-08-06 10:55,Suvarnabhumi Airport,BKK,2024-08-06 12:40,165,Royal Brunei,Economy,515,265,,632,Y,Y,Y,1,7,1,20,Tuesday,False,False,False,Yangon International Airport,RGN
Brunei International Airport,BWN,2024-08-07 15:50,Singapore Changi Airport,SIN,2024-08-07 18:00,130,Singapore Airlines,Economy,1140,835,True,355,Y,Y,Y,1,7,1,23,Wednesday,False,False,False,Yangon International Airport,RGN
Brunei International Airport,BWN,2024-08-07 18:20,Suvarnabhumi Airport,BKK,2024-08-07 20:05,165,Royal Brunei,Economy,1065,810,True,471,Y,Y,Y,1,7,1,20,Wednesday,False,False,False,Yangon International Airport,RGN
Brunei International Airport,BWN,2024-08-07 17:55,Kuala Lumpur International Airport,KUL,2024-08-07 20:25,150,Royal Brunei,Economy,1080,765,True,595,Y,Y,Y,1,7,1,20,Wednesday,False,False,False,Yangon International Airport,RGN
Brunei International Airport,BWN,2024-08-07 17:55,Kuala Lumpur International Airport,KUL,2024-08-07 20:25,150,Royal Brunei,Economy,1255,940,True,704,Y,Y,Y,1,7,1,20,Wednesday,False,False,False,Yangon International Airport,RGN
Brunei International Airport,BWN,2024-08-08 12:05,Singapore Changi Airport,SIN,2024-08-08 14:20,135,Singapore Airlines,Economy,1365,1055,True,355,Y,Y,Y,1,7,1,23,Thursday,False,False,False,Yangon International Airport,RGN
Brunei International Airport,BWN,2024-08-08 17:55,Kuala Lumpur International Airport,KUL,2024-08-08 20:25,150,Royal Brunei,Economy,1080,765,True,528,Y,Y,Y,1,7,1,20,Thursday,False,False,False,Yangon International Airport,RGN
Brunei International Airport,BWN,2024-08-08 17:55,Kuala Lumpur International Airport,KUL,2024-08-08 20:25,150,Royal Brunei,Economy,1255,940,True,528,Y,Y,Y,1,7,1,20,Thursday,False,False,False,Yangon International Airport,RGN
Brunei International Airport,BWN,2024-08-09 15:50,Singapore Changi Airport,SIN,2024-08-09 18:00,130,Singapore Airlines,Economy,1140,835,True,355,Y,Y,Y,1,7,1,23,Friday,False,False,False,Yangon International Airport,RGN
Brunei International Airport,BWN,2024-08-09 17:55,Kuala Lumpur International Airport,KUL,2024-08-09 20:25,150,Royal Brunei,Economy,1080,765,True,528,Y,Y,Y,1,7,1,20,Friday,False,False,False,Yangon International Airport,RGN
Brunei International Airport,BWN,2024-08-09 17:55,Kuala Lumpur International Airport,KUL,2024-08-09 20:25,150,Royal Brunei,Economy,1255,940,True,528,Y,Y,Y,1,7,1,20,Friday,False,False,False,Yangon International Airport,RGN
Brunei International Airport,BWN,2024-08-10 12:05,Singapore Changi Airport,SIN,2024-08-10 14:20,135,Singapore Airlines,Economy,1365,1055,True,355,Y,Y,Y,1,7,1,23,Saturday,False,False,False,Yangon International Airport,RGN
Brunei International Airport,BWN,2024-08-10 08:50,Kuala Lumpur International Airport,KUL,2024-08-10 11:20,150,Royal Brunei,Economy,1625,1310,True,528,Y,Y,Y,1,7,1,20,Saturday,False,False,False,Yangon International Airport,RGN
Brunei International Airport,BWN,2024-08-10 10:55,Suvarnabhumi Airport,BKK,2024-08-10 12:40,165,Royal Brunei,Economy,515,265,,577,Y,Y,Y,1,7,1,20,Saturday,False,False,False,Yangon International Airport,RGN
Brunei International Airport,BWN,2024-08-11 15:50,Singapore Changi Airport,SIN,2024-08-11 18:00,130,Singapore Airlines,Economy,1140,835,True,397,Y,Y,Y,1,7,1,23,Sunday,False,False,False,Yangon International Airport,RGN
Brunei International Airport,BWN,2024-08-11 18:20,Suvarnabhumi Airport,BKK,2024-08-11 20:05,165,Royal Brunei,Economy,1065,810,True,471,Y,Y,Y,1,7,1,20,Sunday,False,False,False,Yangon International Airport,RGN
Brunei International Airport,BWN,2024-08-11 17:55,Kuala Lumpur International Airport,KUL,2024-08-11 20:25,150,Royal Brunei,Economy,1080,765,True,516,Y,Y,Y,1,7,1,20,Sunday,False,False,False,Yangon International Airport,RGN
Brunei International Airport,BWN,2024-08-11 17:55,Kuala Lumpur International Airport,KUL,2024-08-11 20:25,150,Royal Brunei,Economy,1255,940,True,528,Y,Y,Y,1,7,1,20,Sunday,False,False,False,Yangon International Airport,RGN
Brunei International Airport,BWN,2024-08-12 12:05,Singapore Changi Airport,SIN,2024-08-12 14:20,135,Singapore Airlines,Economy,1365,1055,True,355,Y,Y,Y,1,7,1,23,Monday,False,False,False,Yangon International Airport,RGN
Brunei International Airport,BWN,2024-08-12 08:50,Kuala Lumpur International Airport,KUL,2024-08-12 11:20,150,Royal Brunei,Economy,1625,1310,True,528,Y,Y,Y,1,7,1,20,Monday,False,False,False,Yangon International Airport,RGN
Brunei International Airport,BWN,2024-08-13 12:05,Singapore Changi Airport,SIN,2024-08-13 14:20,135,Singapore Airlines,Economy,1365,1055,True,355,Y,Y,Y,1,7,1,23,Tuesday,False,False,False,Yangon International Airport,RGN
Brunei International Airport,BWN,2024-08-13 10:55,Suvarnabhumi Airport,BKK,2024-08-13 12:40,165,Royal Brunei,Economy,515,265,,449,Y,Y,Y,1,7,1,20,Tuesday,False,False,False,Yangon International Airport,RGN
Brunei International Airport,BWN,2024-08-13 17:55,Kuala Lumpur International Airport,KUL,2024-08-13 20:25,150,Royal Brunei,Economy,1080,765,True,516,Y,Y,Y,1,7,1,20,Tuesday,False,False,False,Yangon International Airport,RGN
Brunei International Airport,BWN,2024-08-13 17:55,Kuala Lumpur International Airport,KUL,2024-08-13 20:25,150,Royal Brunei,Economy,1255,940,True,528,Y,Y,Y,1,7,1,20,Tuesday,False,False,False,Yangon International Airport,RGN
Brunei International Airport,BWN,2024-08-14 15:50,Singapore Changi Airport,SIN,2024-08-14 18:00,130,Singapore Airlines,Economy,1140,835,True,355,Y,Y,Y,1,7,1,23,Wednesday,False,False,False,Yangon International Airport,RGN
Brunei International Airport,BWN,2024-08-14 18:20,Suvarnabhumi Airport,BKK,2024-08-14 20:05,165,Royal Brunei,Economy,1065,810,True,471,Y,Y,Y,1,7,1,20,Wednesday,False,False,False,Yangon International Airport,RGN
Brunei International Airport,BWN,2024-08-14 17:55,Kuala Lumpur International Airport,KUL,2024-08-14 20:25,150,Royal Brunei,Economy,1080,765,True,516,Y,Y,Y,1,7,1,20,Wednesday,False,False,False,Yangon International Airport,RGN
Brunei International Airport,BWN,2024-08-14 17:55,Kuala Lumpur International Airport,KUL,2024-08-14 20:25,150,Royal Brunei,Economy,1255,940,True,528,Y,Y,Y,1,7,1,20,Wednesday,False,False,False,Yangon International Airport,RGN
Brunei International Airport,BWN,2024-08-15 12:05,Singapore Changi Airport,SIN,2024-08-15 14:20,135,Singapore Airlines,Economy,1365,1055,True,355,Y,Y,Y,1,7,1,23,Thursday,False,False,False,Yangon International Airport,RGN
Brunei International Airport,BWN,2024-08-15 17:55,Kuala Lumpur International Airport,KUL,2024-08-15 20:25,150,Royal Brunei,Economy,1080,765,True,586,Y,Y,Y,1,7,1,20,Thursday,False,False,False,Yangon International Airport,RGN
Brunei International Airport,BWN,2024-08-15 17:55,Kuala Lumpur International Airport,KUL,2024-08-15 20:25,150,Royal Brunei,Economy,1255,940,True,586,Y,Y,Y,1,7,1,20,Thursday,False,False,False,Yangon International Airport,RGN
Brunei International Airport,BWN,2024-08-16 15:50,Singapore Changi Airport,SIN,2024-08-16 18:00,130,Singapore Airlines,Economy,1140,835,True,355,Y,Y,Y,1,7,1,23,Friday,False,False,False,Yangon International Airport,RGN
Brunei International Airport,BWN,2024-08-16 17:55,Kuala Lumpur International Airport,KUL,2024-08-16 20:25,150,Royal Brunei,Economy,1080,765,True,528,Y,Y,Y,1,7,1,20,Friday,False,False,False,Yangon International Airport,RGN
Brunei International Airport,BWN,2024-08-16 17:55,Kuala Lumpur International Airport,KUL,2024-08-16 20:25,150,Royal Brunei,Economy,1255,940,True,528,Y,Y,Y,1,7,1,20,Friday,False,False,False,Yangon International Airport,RGN
Brunei International Airport,BWN,2024-08-17 12:05,Singapore Changi Airport,SIN,2024-08-17 14:20,135,Singapore Airlines,Economy,1365,1055,True,355,Y,Y,Y,1,7,1,23,Saturday,False,False,False,Yangon International Airport,RGN
Brunei International Airport,BWN,2024-08-17 10:55,Suvarnabhumi Airport,BKK,2024-08-17 12:40,165,Royal Brunei,Economy,515,265,,486,Y,Y,Y,1,7,1,20,Saturday,False,False,False,Yangon International Airport,RGN
Brunei International Airport,BWN,2024-08-17 08:50,Kuala Lumpur International Airport,KUL,2024-08-17 11:20,150,Royal Brunei,Economy,1625,1310,True,528,Y,Y,Y,1,7,1,20,Saturday,False,False,False,Yangon International Airport,RGN
Brunei International Airport,BWN,2024-08-18 15:50,Singapore Changi Airport,SIN,2024-08-18 18:00,130,Singapore Airlines,Economy,1140,835,True,355,Y,Y,Y,1,7,1,23,Sunday,False,False,False,Yangon International Airport,RGN
Brunei International Airport,BWN,2024-08-18 18:20,Suvarnabhumi Airport,BKK,2024-08-18 20:05,165,Royal Brunei,Economy,1065,810,True,471,Y,Y,Y,1,7,1,20,Sunday,False,False,False,Yangon International Airport,RGN
Brunei International Airport,BWN,2024-08-18 17:55,Kuala Lumpur International Airport,KUL,2024-08-18 20:25,150,Royal Brunei,Economy,1080,765,True,494,Y,Y,Y,1,7,1,20,Sunday,False,False,False,Yangon International Airport,RGN
Brunei International Airport,BWN,2024-08-18 17:55,Kuala Lumpur International Airport,KUL,2024-08-18 20:25,150,Royal Brunei,Economy,1255,940,True,494,Y,Y,Y,1,7,1,20,Sunday,False,False,False,Yangon International Airport,RGN
Brunei International Airport,BWN,2024-08-19 12:05,Singapore Changi Airport,SIN,2024-08-19 14:20,135,Singapore Airlines,Economy,1365,1055,True,355,Y,Y,Y,1,7,1,23,Monday,False,False,False,Yangon International Airport,RGN
Brunei International Airport,BWN,2024-08-19 08:50,Kuala Lumpur International Airport,KUL,2024-08-19 11:20,150,Royal Brunei,Economy,1625,1310,True,528,Y,Y,Y,1,7,1,20,Monday,False,False,False,Yangon International Airport,RGN
Brunei International Airport,BWN,2024-08-20 12:05,Singapore Changi Airport,SIN,2024-08-20 14:20,135,Singapore Airlines,Economy,1365,1055,True,355,Y,Y,Y,1,7,1,23,Tuesday,False,False,False,Yangon International Airport,RGN
Brunei International Airport,BWN,2024-08-20 10:55,Suvarnabhumi Airport,BKK,2024-08-20 12:40,165,Royal Brunei,Economy,515,265,,449,Y,Y,Y,1,7,1,20,Tuesday,False,False,False,Yangon International Airport,RGN
Brunei International Airport,BWN,2024-08-20 17:55,Kuala Lumpur International Airport,KUL,2024-08-20 20:25,150,Royal Brunei,Economy,1080,765,True,494,Y,Y,Y,1,7,1,20,Tuesday,False,False,False,Yangon International Airport,RGN
Brunei International Airport,BWN,2024-08-20 17:55,Kuala Lumpur International Airport,KUL,2024-08-20 20:25,150,Royal Brunei,Economy,1255,940,True,494,Y,Y,Y,1,7,1,20,Tuesday,False,False,False,Yangon International Airport,RGN
Brunei International Airport,BWN,2024-08-21 15:50,Singapore Changi Airport,SIN,2024-08-21 18:00,130,Singapore Airlines,Economy,1140,835,True,355,Y,Y,Y,1,7,1,23,Wednesday,False,False,False,Yangon International Airport,RGN
Brunei International Airport,BWN,2024-08-21 18:20,Suvarnabhumi Airport,BKK,2024-08-21 20:05,165,Royal Brunei,Economy,1065,810,True,471,Y,Y,Y,1,7,1,20,Wednesday,False,False,False,Yangon International Airport,RGN
Brunei International Airport,BWN,2024-08-21 17:55,Kuala Lumpur International Airport,KUL,2024-08-21 20:25,150,Royal Brunei,Economy,1080,765,True,494,Y,Y,Y,1,7,1,20,Wednesday,False,False,False,Yangon International Airport,RGN
Brunei International Airport,BWN,2024-08-21 17:55,Kuala Lumpur International Airport,KUL,2024-08-21 20:25,150,Royal Brunei,Economy,1255,940,True,494,Y,Y,Y,1,7,1,20,Wednesday,False,False,False,Yangon International Airport,RGN
Brunei International Airport,BWN,2024-08-22 12:05,Singapore Changi Airport,SIN,2024-08-22 14:20,135,Singapore Airlines,Economy,1365,1055,True,355,Y,Y,Y,1,7,1,23,Thursday,False,False,False,Yangon International Airport,RGN
Brunei International Airport,BWN,2024-08-22 17:55,Kuala Lumpur International Airport,KUL,2024-08-22 20:25,150,Royal Brunei,Economy,1080,765,True,494,Y,Y,Y,1,7,1,20,Thursday,False,False,False,Yangon International Airport,RGN
Brunei International Airport,BWN,2024-08-22 17:55,Kuala Lumpur International Airport,KUL,2024-08-22 20:25,150,Royal Brunei,Economy,1255,940,True,494,Y,Y,Y,1,7,1,20,Thursday,False,False,False,Yangon International Airport,RGN
Brunei International Airport,BWN,2024-08-23 15:50,Singapore Changi Airport,SIN,2024-08-23 18:00,130,Singapore Airlines,Economy,1140,835,True,355,Y,Y,Y,1,7,1,23,Friday,False,False,False,Yangon International Airport,RGN
Brunei International Airport,BWN,2024-08-23 17:55,Kuala Lumpur International Airport,KUL,2024-08-23 20:25,150,Royal Brunei,Economy,1080,765,True,494,Y,Y,Y,1,7,1,20,Friday,False,False,False,Yangon International Airport,RGN
Brunei International Airport,BWN,2024-08-23 17:55,Kuala Lumpur International Airport,KUL,2024-08-23 20:25,150,Royal Brunei,Economy,1255,940,True,494,Y,Y,Y,1,7,1,20,Friday,False,False,False,Yangon International Airport,RGN
Brunei International Airport,BWN,2024-08-24 12:05,Singapore Changi Airport,SIN,2024-08-24 14:20,135,Singapore Airlines,Economy,1365,1055,True,355,Y,Y,Y,1,7,1,23,Saturday,False,False,False,Yangon International Airport,RGN
Brunei International Airport,BWN,2024-08-24 10:55,Suvarnabhumi Airport,BKK,2024-08-24 12:40,165,Royal Brunei,Economy,515,265,,449,Y,Y,Y,1,7,1,20,Saturday,False,False,False,Yangon International Airport,RGN
Brunei International Airport,BWN,2024-08-24 08:50,Kuala Lumpur International Airport,KUL,2024-08-24 11:20,150,Royal Brunei,Economy,1625,1310,True,494,Y,Y,Y,1,7,1,20,Saturday,False,False,False,Yangon International Airport,RGN
Brunei International Airport,BWN,2024-08-25 15:50,Singapore Changi Airport,SIN,2024-08-25 18:00,130,Singapore Airlines,Economy,1140,835,True,355,Y,Y,Y,1,7,1,23,Sunday,False,False,False,Yangon International Airport,RGN
Brunei International Airport,BWN,2024-08-25 18:20,Suvarnabhumi Airport,BKK,2024-08-25 20:05,165,Royal Brunei,Economy,1065,810,True,471,Y,Y,Y,1,7,1,20,Sunday,False,False,False,Yangon International Airport,RGN
Brunei International Airport,BWN,2024-08-25 17:55,Kuala Lumpur International Airport,KUL,2024-08-25 20:25,150,Royal Brunei,Economy,1080,765,True,494,Y,Y,Y,1,7,1,20,Sunday,False,False,False,Yangon International Airport,RGN
Brunei International Airport,BWN,2024-08-25 17:55,Kuala Lumpur International Airport,KUL,2024-08-25 20:25,150,Royal Brunei,Economy,1255,940,True,494,Y,Y,Y,1,7,1,20,Sunday,False,False,False,Yangon International Airport,RGN
Brunei International Airport,BWN,2024-08-26 12:05,Singapore Changi Airport,SIN,2024-08-26 14:20,135,Singapore Airlines,Economy,1365,1055,True,355,Y,Y,Y,1,7,1,23,Monday,False,False,False,Yangon International Airport,RGN
Brunei International Airport,BWN,2024-08-26 08:50,Kuala Lumpur International Airport,KUL,2024-08-26 11:20,150,Royal Brunei,Economy,1625,1310,True,494,Y,Y,Y,1,7,1,20,Monday,False,False,False,Yangon International Airport,RGN
Brunei International Airport,BWN,2024-08-27 12:05,Singapore Changi Airport,SIN,2024-08-27 14:20,135,Singapore Airlines,Economy,1365,1055,True,355,Y,Y,Y,1,7,1,23,Tuesday,False,False,False,Yangon International Airport,RGN
Brunei International Airport,BWN,2024-08-27 10:55,Suvarnabhumi Airport,BKK,2024-08-27 12:40,165,Royal Brunei,Economy,515,265,,449,Y,Y,Y,1,7,1,20,Tuesday,False,False,False,Yangon International Airport,RGN
Brunei International Airport,BWN,2024-08-27 17:55,Kuala Lumpur International Airport,KUL,2024-08-27 20:25,150,Royal Brunei,Economy,1080,765,True,494,Y,Y,Y,1,7,1,20,Tuesday,False,False,False,Yangon International Airport,RGN
Brunei International Airport,BWN,2024-08-27 17:55,Kuala Lumpur International Airport,KUL,2024-08-27 20:25,150,Royal Brunei,Economy,1255,940,True,494,Y,Y,Y,1,7,1,20,Tuesday,False,False,False,Yangon International Airport,RGN
Brunei International Airport,BWN,2024-08-28 15:50,Singapore Changi Airport,SIN,2024-08-28 18:00,130,Singapore Airlines,Economy,1140,835,True,355,Y,Y,Y,1,7,1,23,Wednesday,False,False,False,Yangon International Airport,RGN
Brunei International Airport,BWN,2024-08-28 18:20,Suvarnabhumi Airport,BKK,2024-08-28 20:05,165,Royal Brunei,Economy,1065,810,True,471,Y,Y,Y,1,7,1,20,Wednesday,False,False,False,Yangon International Airport,RGN
Brunei International Airport,BWN,2024-08-28 17:55,Kuala Lumpur International Airport,KUL,2024-08-28 20:25,150,Royal Brunei,Economy,1080,765,True,494,Y,Y,Y,1,7,1,20,Wednesday,False,False,False,Yangon International Airport,RGN
Brunei International Airport,BWN,2024-08-28 17:55,Kuala Lumpur International Airport,KUL,2024-08-28 20:25,150,Royal Brunei,Economy,1255,940,True,494,Y,Y,Y,1,7,1,20,Wednesday,False,False,False,Yangon International Airport,RGN
Brunei International Airport,BWN,2024-08-29 12:05,Singapore Changi Airport,SIN,2024-08-29 14:20,135,Singapore Airlines,Economy,1365,1055,True,355,Y,Y,Y,1,7,1,23,Thursday,False,False,False,Yangon International Airport,RGN
Brunei International Airport,BWN,2024-08-29 17:55,Kuala Lumpur International Airport,KUL,2024-08-29 20:25,150,Royal Brunei,Economy,1080,765,True,494,Y,Y,Y,1,7,1,20,Thursday,False,False,False,Yangon International Airport,RGN
Brunei International Airport,BWN,2024-08-29 17:55,Kuala Lumpur International Airport,KUL,2024-08-29 20:25,150,Royal Brunei,Economy,1255,940,True,494,Y,Y,Y,1,7,1,20,Thursday,False,False,False,Yangon International Airport,RGN
Brunei International Airport,BWN,2024-08-30 15:50,Singapore Changi Airport,SIN,2024-08-30 18:00,130,Singapore Airlines,Economy,1140,835,True,355,Y,Y,Y,1,7,1,23,Friday,False,False,False,Yangon International Airport,RGN
Brunei International Airport,BWN,2024-08-30 17:55,Kuala Lumpur International Airport,KUL,2024-08-30 20:25,150,Royal Brunei,Economy,1080,765,True,494,Y,Y,Y,1,7,1,20,Friday,False,False,False,Yangon International Airport,RGN
Brunei International Airport,BWN,2024-08-30 17:55,Kuala Lumpur International Airport,KUL,2024-08-30 20:25,150,Royal Brunei,Economy,1255,940,True,494,Y,Y,Y,1,7,1,20,Friday,False,False,False,Yangon International Airport,RGN
Brunei International Airport,BWN,2024-08-31 12:05,Singapore Changi Airport,SIN,2024-08-31 14:20,135,Singapore Airlines,Economy,1365,1055,True,355,Y,Y,Y,1,7,1,23,Saturday,False,False,False,Yangon International Airport,RGN
Brunei International Airport,BWN,2024-08-31 10:55,Suvarnabhumi Airport,BKK,2024-08-31 12:40,165,Royal Brunei,Economy,515,265,,449,Y,Y,Y,1,7,1,20,Saturday,False,False,False,Yangon International Airport,RGN
Brunei International Airport,BWN,2024-08-31 08:50,Kuala Lumpur International Airport,KUL,2024-08-31 11:20,150,Royal Brunei,Economy,1625,1310,True,494,Y,Y,Y,1,7,1,20,Saturday,False,False,False,Yangon International Airport,RGN
