Departure Airport Name,Departure Airport ID,Departure Time,Arrival Airport Name,Arrival Airport ID,Arrival Time,Duration,Airline,Travel Class,Total Duration,Layover 1 Duration,Layover 1 Overnight,Price, Cabin Baggage, Checked Baggage,Meal Included,Cabin Baggage (Number),Cabin Baggage (kg per piece),Checked Baggage (Number),Checked Baggage (kg per piece) ,Day of Week (on flight date),Departure Country Is Holiday,Arrival Country Is Holiday,Overnight Flight,Final Arrival Airport Name,Final Arrival Airport ID
Brunei International Airport,BWN,2024-07-01 12:05,Singapore Changi Airport,SIN,2024-07-01 14:20,135,Singapore Airlines,Economy,1270,1000.0,True,369,Y,Y,Y,1,7,1,23,Monday,False,False,False,Tan Son Nhat International Airport,SGN
Brunei International Airport,BWN,2024-07-01 18:30,Ninoy Aquino International Airport,MNL,2024-07-01 20:45,135,Royal Brunei,Economy,900,600.0,True,587,Y,Y,Y,1,7,1,20,Monday,False,False,False,Tan Son Nhat International Airport,SGN
Brunei International Airport,BWN,2024-07-01 12:05,Singapore Changi Airport,SIN,2024-07-01 14:20,135,Singapore Airlines,Economy,440,175.0,,620,Y,Y,Y,1,7,1,23,Monday,False,False,False,Tan Son Nhat International Airport,SGN
Brunei International Airport,BWN,2024-07-01 08:50,Kuala Lumpur International Airport,KUL,2024-07-01 11:20,150,Royal Brunei,Economy,470,190.0,,692,Y,Y,Y,1,7,1,20,Monday,False,False,False,Tan Son Nhat International Airport,SGN
Brunei International Airport,BWN,2024-07-02 12:20,Tan Son Nhat International Airport,SGN,2024-07-02 13:15,115,Royal Brunei,Economy,115,,,208,Y,Y,Y,1,7,1,20,Tuesday,False,False,False,Tan Son Nhat International Airport,SGN
Brunei International Airport,BWN,2024-07-02 12:05,Singapore Changi Airport,SIN,2024-07-02 14:20,135,Singapore Airlines,Economy,1270,1000.0,True,349,Y,Y,Y,1,7,1,23,Tuesday,False,False,False,Tan Son Nhat International Airport,SGN
Brunei International Airport,BWN,2024-07-02 17:55,Kuala Lumpur International Airport,KUL,2024-07-02 20:25,150,Royal Brunei,Economy,1025,755.0,True,500,Y,Y,Y,1,7,1,20,Tuesday,False,False,False,Tan Son Nhat International Airport,SGN
Brunei International Airport,BWN,2024-07-02 12:05,Singapore Changi Airport,SIN,2024-07-02 14:20,135,Singapore Airlines,Economy,440,175.0,,620,Y,Y,Y,1,7,1,23,Tuesday,False,False,False,Tan Son Nhat International Airport,SGN
Brunei International Airport,BWN,2024-07-03 15:50,Singapore Changi Airport,SIN,2024-07-03 18:00,130,Singapore Airlines,Economy,1045,780.0,True,395,Y,Y,Y,1,7,1,23,Wednesday,False,False,False,Tan Son Nhat International Airport,SGN
Brunei International Airport,BWN,2024-07-03 15:50,Singapore Changi Airport,SIN,2024-07-03 18:00,130,Singapore Airlines,Economy,1655,1395.0,True,395,Y,Y,Y,1,7,1,23,Wednesday,False,False,False,Tan Son Nhat International Airport,SGN
Brunei International Airport,BWN,2024-07-03 17:55,Kuala Lumpur International Airport,KUL,2024-07-03 20:25,150,Royal Brunei,Economy,1025,755.0,True,488,Y,Y,Y,1,7,1,20,Wednesday,False,False,False,Tan Son Nhat International Airport,SGN
Brunei International Airport,BWN,2024-07-03 15:50,Singapore Changi Airport,SIN,2024-07-03 18:00,130,Singapore Airlines,Economy,1205,945.0,True,620,Y,Y,Y,1,7,1,23,Wednesday,False,False,False,Tan Son Nhat International Airport,SGN
Brunei International Airport,BWN,2024-07-04 12:30,Tan Son Nhat International Airport,SGN,2024-07-04 13:25,115,Royal Brunei,Economy,115,,,208,Y,Y,Y,1,7,1,20,Thursday,False,False,False,Tan Son Nhat International Airport,SGN
Brunei International Airport,BWN,2024-07-04 18:30,Ninoy Aquino International Airport,MNL,2024-07-04 20:45,135,Royal Brunei,Economy,1260,965.0,True,427,Y,Y,Y,1,7,1,20,Thursday,False,False,False,Tan Son Nhat International Airport,SGN
Brunei International Airport,BWN,2024-07-04 12:05,Singapore Changi Airport,SIN,2024-07-04 14:20,135,Singapore Airlines,Economy,1430,1165.0,True,494,Y,Y,Y,1,7,1,23,Thursday,False,False,False,Tan Son Nhat International Airport,SGN
Brunei International Airport,BWN,2024-07-04 12:05,Singapore Changi Airport,SIN,2024-07-04 14:20,135,Singapore Airlines,Economy,440,175.0,,620,Y,Y,Y,1,7,1,23,Thursday,False,False,False,Tan Son Nhat International Airport,SGN
Brunei International Airport,BWN,2024-07-05 18:30,Ninoy Aquino International Airport,MNL,2024-07-05 20:45,135,Royal Brunei,Economy,900,600.0,True,388,Y,Y,Y,1,7,1,20,Friday,False,False,False,Tan Son Nhat International Airport,SGN
Brunei International Airport,BWN,2024-07-05 08:50,Kuala Lumpur International Airport,KUL,2024-07-05 11:20,150,Royal Brunei,Economy,470,190.0,,497,Y,Y,Y,1,7,1,20,Friday,False,False,False,Tan Son Nhat International Airport,SGN
Brunei International Airport,BWN,2024-07-05 17:55,Kuala Lumpur International Airport,KUL,2024-07-05 20:25,150,Royal Brunei,Economy,1025,755.0,True,558,Y,Y,Y,1,7,1,20,Friday,False,False,False,Tan Son Nhat International Airport,SGN
Brunei International Airport,BWN,2024-07-06 08:50,Kuala Lumpur International Airport,KUL,2024-07-06 11:20,150,Royal Brunei,Economy,470,190.0,,497,Y,Y,Y,1,7,1,20,Saturday,False,False,False,Tan Son Nhat International Airport,SGN
Brunei International Airport,BWN,2024-07-06 12:05,Singapore Changi Airport,SIN,2024-07-06 14:20,135,Singapore Airlines,Economy,440,175.0,,544,Y,Y,Y,1,7,1,23,Saturday,False,False,False,Tan Son Nhat International Airport,SGN
Brunei International Airport,BWN,2024-07-06 12:05,Singapore Changi Airport,SIN,2024-07-06 14:20,135,Singapore Airlines,Economy,1265,1000.0,True,544,Y,Y,Y,1,7,1,23,Saturday,False,False,False,Tan Son Nhat International Airport,SGN
Brunei International Airport,BWN,2024-07-07 18:50,Tan Son Nhat International Airport,SGN,2024-07-07 19:45,115,Royal Brunei,Economy,115,,,208,Y,Y,Y,1,7,1,20,Sunday,False,False,False,Tan Son Nhat International Airport,SGN
Brunei International Airport,BWN,2024-07-07 08:50,Kuala Lumpur International Airport,KUL,2024-07-07 11:20,150,Royal Brunei,Economy,470,190.0,,555,Y,Y,Y,1,7,1,20,Sunday,False,False,False,Tan Son Nhat International Airport,SGN
Brunei International Airport,BWN,2024-07-08 18:30,Ninoy Aquino International Airport,MNL,2024-07-08 20:45,135,Royal Brunei,Economy,900,600.0,True,359,Y,Y,Y,1,7,1,20,Monday,True,False,False,Tan Son Nhat International Airport,SGN
Brunei International Airport,BWN,2024-07-08 08:50,Kuala Lumpur International Airport,KUL,2024-07-08 11:20,150,Royal Brunei,Economy,470,190.0,,605,Y,Y,Y,1,7,1,20,Monday,True,False,False,Tan Son Nhat International Airport,SGN
Brunei International Airport,BWN,2024-07-08 12:05,Singapore Changi Airport,SIN,2024-07-08 14:20,135,Singapore Airlines,Economy,440,175.0,,620,Y,Y,Y,1,7,1,23,Monday,True,False,False,Tan Son Nhat International Airport,SGN
Brunei International Airport,BWN,2024-07-08 12:05,Singapore Changi Airport,SIN,2024-07-08 14:20,135,Singapore Airlines,Economy,1270,1000.0,True,620,Y,Y,Y,1,7,1,23,Monday,True,False,False,Tan Son Nhat International Airport,SGN
Brunei International Airport,BWN,2024-07-09 12:20,Tan Son Nhat International Airport,SGN,2024-07-09 13:15,115,Royal Brunei,Economy,115,,,208,Y,Y,Y,1,7,1,20,Tuesday,False,False,False,Tan Son Nhat International Airport,SGN
Brunei International Airport,BWN,2024-07-09 12:05,Singapore Changi Airport,SIN,2024-07-09 14:20,135,Singapore Airlines,Economy,440,175.0,,369,Y,Y,Y,1,7,1,23,Tuesday,False,False,False,Tan Son Nhat International Airport,SGN
Brunei International Airport,BWN,2024-07-09 17:55,Kuala Lumpur International Airport,KUL,2024-07-09 20:25,150,Royal Brunei,Economy,1025,755.0,True,488,Y,Y,Y,1,7,1,20,Tuesday,False,False,False,Tan Son Nhat International Airport,SGN
Brunei International Airport,BWN,2024-07-10 15:50,Singapore Changi Airport,SIN,2024-07-10 18:00,130,Singapore Airlines,Economy,1045,780.0,True,395,Y,Y,Y,1,7,1,23,Wednesday,False,False,False,Tan Son Nhat International Airport,SGN
Brunei International Airport,BWN,2024-07-10 15:50,Singapore Changi Airport,SIN,2024-07-10 18:00,130,Singapore Airlines,Economy,1655,1395.0,True,395,Y,Y,Y,1,7,1,23,Wednesday,False,False,False,Tan Son Nhat International Airport,SGN
Brunei International Airport,BWN,2024-07-10 17:55,Kuala Lumpur International Airport,KUL,2024-07-10 20:25,150,Royal Brunei,Economy,1025,755.0,True,488,Y,Y,Y,1,7,1,20,Wednesday,False,False,False,Tan Son Nhat International Airport,SGN
Brunei International Airport,BWN,2024-07-10 15:50,Singapore Changi Airport,SIN,2024-07-10 18:00,130,Singapore Airlines,Economy,1205,945.0,True,544,Y,Y,Y,1,7,1,23,Wednesday,False,False,False,Tan Son Nhat International Airport,SGN
Brunei International Airport,BWN,2024-07-11 12:30,Tan Son Nhat International Airport,SGN,2024-07-11 13:25,115,Royal Brunei,Economy,115,,,208,Y,Y,Y,1,7,1,20,Thursday,False,False,False,Tan Son Nhat International Airport,SGN
Brunei International Airport,BWN,2024-07-11 12:05,Singapore Changi Airport,SIN,2024-07-11 14:20,135,Singapore Airlines,Economy,440,175.0,,369,Y,Y,Y,1,7,1,23,Thursday,False,False,False,Tan Son Nhat International Airport,SGN
Brunei International Airport,BWN,2024-07-11 18:30,Ninoy Aquino International Airport,MNL,2024-07-11 20:45,135,Royal Brunei,Economy,1260,965.0,True,413,Y,Y,Y,1,7,1,20,Thursday,False,False,False,Tan Son Nhat International Airport,SGN
Brunei International Airport,BWN,2024-07-11 08:50,Kuala Lumpur International Airport,KUL,2024-07-11 11:20,150,Royal Brunei,Economy,470,190.0,,555,Y,Y,Y,1,7,1,20,Thursday,False,False,False,Tan Son Nhat International Airport,SGN
Brunei International Airport,BWN,2024-07-11 17:55,Kuala Lumpur International Airport,KUL,2024-07-11 20:25,150,Royal Brunei,Economy,1025,755.0,True,558,Y,Y,Y,1,7,1,20,Thursday,False,False,False,Tan Son Nhat International Airport,SGN
Brunei International Airport,BWN,2024-07-12 18:30,Ninoy Aquino International Airport,MNL,2024-07-12 20:45,135,Royal Brunei,Economy,900,600.0,True,314,Y,Y,Y,1,7,1,20,Friday,False,False,False,Tan Son Nhat International Airport,SGN
Brunei International Airport,BWN,2024-07-12 08:50,Kuala Lumpur International Airport,KUL,2024-07-12 11:20,150,Royal Brunei,Economy,470,190.0,,555,Y,Y,Y,1,7,1,20,Friday,False,False,False,Tan Son Nhat International Airport,SGN
Brunei International Airport,BWN,2024-07-12 15:50,Singapore Changi Airport,SIN,2024-07-12 18:00,130,Singapore Airlines,Economy,1045,780.0,True,544,Y,Y,Y,1,7,1,23,Friday,False,False,False,Tan Son Nhat International Airport,SGN
Brunei International Airport,BWN,2024-07-12 15:50,Singapore Changi Airport,SIN,2024-07-12 18:00,130,Singapore Airlines,Economy,1205,945.0,True,544,Y,Y,Y,1,7,1,23,Friday,False,False,False,Tan Son Nhat International Airport,SGN
Brunei International Airport,BWN,2024-07-12 17:55,Kuala Lumpur International Airport,KUL,2024-07-12 20:25,150,Royal Brunei,Economy,1025,755.0,True,558,Y,Y,Y,1,7,1,20,Friday,False,False,False,Tan Son Nhat International Airport,SGN
Brunei International Airport,BWN,2024-07-13 08:50,Kuala Lumpur International Airport,KUL,2024-07-13 11:20,150,Royal Brunei,Economy,470,190.0,,497,Y,Y,Y,1,7,1,20,Saturday,False,False,False,Tan Son Nhat International Airport,SGN
Brunei International Airport,BWN,2024-07-13 12:05,Singapore Changi Airport,SIN,2024-07-13 14:20,135,Singapore Airlines,Economy,440,175.0,,620,Y,Y,Y,1,7,1,23,Saturday,False,False,False,Tan Son Nhat International Airport,SGN
Brunei International Airport,BWN,2024-07-13 12:05,Singapore Changi Airport,SIN,2024-07-13 14:20,135,Singapore Airlines,Economy,1265,1000.0,True,620,Y,Y,Y,1,7,1,23,Saturday,False,False,False,Tan Son Nhat International Airport,SGN
Brunei International Airport,BWN,2024-07-14 15:50,Singapore Changi Airport,SIN,2024-07-14 18:00,130,Singapore Airlines,Economy,1205,945.0,True,369,Y,Y,Y,1,7,1,23,Sunday,False,False,False,Tan Son Nhat International Airport,SGN
Brunei International Airport,BWN,2024-07-14 15:50,Singapore Changi Airport,SIN,2024-07-14 18:00,130,Singapore Airlines,Economy,1045,780.0,True,395,Y,Y,Y,1,7,1,23,Sunday,False,False,False,Tan Son Nhat International Airport,SGN
Brunei International Airport,BWN,2024-07-14 17:55,Kuala Lumpur International Airport,KUL,2024-07-14 20:25,150,Royal Brunei,Economy,1025,755.0,True,500,Y,Y,Y,1,7,1,20,Sunday,False,False,False,Tan Son Nhat International Airport,SGN
Brunei International Airport,BWN,2024-07-14 08:50,Kuala Lumpur International Airport,KUL,2024-07-14 11:20,150,Royal Brunei,Economy,470,190.0,,605,Y,Y,Y,1,7,1,20,Sunday,False,False,False,Tan Son Nhat International Airport,SGN
Brunei International Airport,BWN,2024-07-15 18:30,Ninoy Aquino International Airport,MNL,2024-07-15 20:45,135,Royal Brunei,Economy,900,600.0,True,328,Y,Y,Y,1,7,1,20,Monday,True,False,False,Tan Son Nhat International Airport,SGN
Brunei International Airport,BWN,2024-07-15 12:05,Singapore Changi Airport,SIN,2024-07-15 14:20,135,Singapore Airlines,Economy,440,175.0,,349,Y,Y,Y,1,7,1,23,Monday,True,False,False,Tan Son Nhat International Airport,SGN
Brunei International Airport,BWN,2024-07-15 12:05,Singapore Changi Airport,SIN,2024-07-15 14:20,135,Singapore Airlines,Economy,1270,1000.0,True,369,Y,Y,Y,1,7,1,23,Monday,True,False,False,Tan Son Nhat International Airport,SGN
Brunei International Airport,BWN,2024-07-15 08:50,Kuala Lumpur International Airport,KUL,2024-07-15 11:20,150,Royal Brunei,Economy,470,190.0,,497,Y,Y,Y,1,7,1,20,Monday,True,False,False,Tan Son Nhat International Airport,SGN
Brunei International Airport,BWN,2024-07-16 12:20,Tan Son Nhat International Airport,SGN,2024-07-16 13:15,115,Royal Brunei,Economy,115,,,208,Y,Y,Y,1,7,1,20,Tuesday,False,False,False,Tan Son Nhat International Airport,SGN
Brunei International Airport,BWN,2024-07-16 12:05,Singapore Changi Airport,SIN,2024-07-16 14:20,135,Singapore Airlines,Economy,440,175.0,,349,Y,Y,Y,1,7,1,23,Tuesday,False,False,False,Tan Son Nhat International Airport,SGN
Brunei International Airport,BWN,2024-07-16 17:55,Kuala Lumpur International Airport,KUL,2024-07-16 20:25,150,Royal Brunei,Economy,1025,755.0,True,488,Y,Y,Y,1,7,1,20,Tuesday,False,False,False,Tan Son Nhat International Airport,SGN
Brunei International Airport,BWN,2024-07-17 15:50,Singapore Changi Airport,SIN,2024-07-17 18:00,130,Singapore Airlines,Economy,1655,1395.0,True,349,Y,Y,Y,1,7,1,23,Wednesday,False,False,False,Tan Son Nhat International Airport,SGN
Brunei International Airport,BWN,2024-07-17 15:50,Singapore Changi Airport,SIN,2024-07-17 18:00,130,Singapore Airlines,Economy,1045,780.0,True,395,Y,Y,Y,1,7,1,23,Wednesday,False,False,False,Tan Son Nhat International Airport,SGN
Brunei International Airport,BWN,2024-07-17 17:55,Kuala Lumpur International Airport,KUL,2024-07-17 20:25,150,Royal Brunei,Economy,1025,755.0,True,488,Y,Y,Y,1,7,1,20,Wednesday,False,False,False,Tan Son Nhat International Airport,SGN
Brunei International Airport,BWN,2024-07-17 15:50,Singapore Changi Airport,SIN,2024-07-17 18:00,130,Singapore Airlines,Economy,1205,945.0,True,544,Y,Y,Y,1,7,1,23,Wednesday,False,False,False,Tan Son Nhat International Airport,SGN
Brunei International Airport,BWN,2024-07-18 12:05,Singapore Changi Airport,SIN,2024-07-18 14:20,135,Singapore Airlines,Economy,440,175.0,,349,Y,Y,Y,1,7,1,23,Thursday,False,False,False,Tan Son Nhat International Airport,SGN
Brunei International Airport,BWN,2024-07-18 18:30,Ninoy Aquino International Airport,MNL,2024-07-18 20:45,135,Royal Brunei,Economy,1260,965.0,True,269,Y,Y,Y,1,7,1,20,Thursday,False,False,False,Tan Son Nhat International Airport,SGN
Brunei International Airport,BWN,2024-07-18 12:05,Singapore Changi Airport,SIN,2024-07-18 14:20,135,Singapore Airlines,Economy,1780,1500.0,True,437,Y,Y,Y,1,7,1,23,Thursday,False,False,False,Tan Son Nhat International Airport,SGN
Brunei International Airport,BWN,2024-07-18 12:05,Singapore Changi Airport,SIN,2024-07-18 14:20,135,Singapore Airlines,Economy,1270,1000.0,True,456,Y,Y,Y,1,7,1,23,Thursday,False,False,False,Tan Son Nhat International Airport,SGN
Brunei International Airport,BWN,2024-07-18 08:50,Kuala Lumpur International Airport,KUL,2024-07-18 11:20,150,Royal Brunei,Economy,470,190.0,,485,Y,Y,Y,1,7,1,20,Thursday,False,False,False,Tan Son Nhat International Airport,SGN
Brunei International Airport,BWN,2024-07-18 17:55,Kuala Lumpur International Airport,KUL,2024-07-18 20:25,150,Royal Brunei,Economy,1025,755.0,True,488,Y,Y,Y,1,7,1,20,Thursday,False,False,False,Tan Son Nhat International Airport,SGN
Brunei International Airport,BWN,2024-07-19 18:30,Ninoy Aquino International Airport,MNL,2024-07-19 20:45,135,Royal Brunei,Economy,900,600.0,True,269,Y,Y,Y,1,7,1,20,Friday,False,False,False,Tan Son Nhat International Airport,SGN
Brunei International Airport,BWN,2024-07-19 08:50,Kuala Lumpur International Airport,KUL,2024-07-19 11:20,150,Royal Brunei,Economy,470,190.0,,485,Y,Y,Y,1,7,1,20,Friday,False,False,False,Tan Son Nhat International Airport,SGN
Brunei International Airport,BWN,2024-07-19 15:50,Singapore Changi Airport,SIN,2024-07-19 18:00,130,Singapore Airlines,Economy,1395,1135.0,True,349,Y,Y,Y,1,7,1,23,Friday,False,False,False,Tan Son Nhat International Airport,SGN
Brunei International Airport,BWN,2024-07-19 15:50,Singapore Changi Airport,SIN,2024-07-19 18:00,130,Singapore Airlines,Economy,1415,1160.0,True,395,Y,Y,Y,1,7,1,23,Friday,False,False,False,Tan Son Nhat International Airport,SGN
Brunei International Airport,BWN,2024-07-19 15:50,Singapore Changi Airport,SIN,2024-07-19 18:00,130,Singapore Airlines,Economy,1045,780.0,True,425,Y,Y,Y,1,7,1,23,Friday,False,False,False,Tan Son Nhat International Airport,SGN
Brunei International Airport,BWN,2024-07-19 17:55,Kuala Lumpur International Airport,KUL,2024-07-19 20:25,150,Royal Brunei,Economy,1025,755.0,True,466,Y,Y,Y,1,7,1,20,Friday,False,False,False,Tan Son Nhat International Airport,SGN
Brunei International Airport,BWN,2024-07-19 15:50,Singapore Changi Airport,SIN,2024-07-19 18:00,130,Singapore Airlines,Economy,1205,945.0,True,544,Y,Y,Y,1,7,1,23,Friday,False,False,False,Tan Son Nhat International Airport,SGN
Brunei International Airport,BWN,2024-07-20 12:05,Singapore Changi Airport,SIN,2024-07-20 14:20,135,Singapore Airlines,Economy,440,175.0,,349,Y,Y,Y,1,7,1,23,Saturday,False,False,False,Tan Son Nhat International Airport,SGN
Brunei International Airport,BWN,2024-07-20 12:05,Singapore Changi Airport,SIN,2024-07-20 14:20,135,Singapore Airlines,Economy,1265,1000.0,True,349,Y,Y,Y,1,7,1,23,Saturday,False,False,False,Tan Son Nhat International Airport,SGN
Brunei International Airport,BWN,2024-07-21 18:50,Tan Son Nhat International Airport,SGN,2024-07-21 19:45,115,Royal Brunei,Economy,115,,,208,Y,Y,Y,1,7,1,20,Sunday,False,False,False,Tan Son Nhat International Airport,SGN
Brunei International Airport,BWN,2024-07-21 15:50,Singapore Changi Airport,SIN,2024-07-21 18:00,130,Singapore Airlines,Economy,1205,945.0,True,349,Y,Y,Y,1,7,1,23,Sunday,False,False,False,Tan Son Nhat International Airport,SGN
Brunei International Airport,BWN,2024-07-21 15:50,Singapore Changi Airport,SIN,2024-07-21 18:00,130,Singapore Airlines,Economy,1045,780.0,True,395,Y,Y,Y,1,7,1,23,Sunday,False,False,False,Tan Son Nhat International Airport,SGN
Brunei International Airport,BWN,2024-07-21 17:55,Kuala Lumpur International Airport,KUL,2024-07-21 20:25,150,Royal Brunei,Economy,1025,755.0,True,466,Y,Y,Y,1,7,1,20,Sunday,False,False,False,Tan Son Nhat International Airport,SGN
Brunei International Airport,BWN,2024-07-21 08:50,Kuala Lumpur International Airport,KUL,2024-07-21 11:20,150,Royal Brunei,Economy,660,375.0,,485,Y,Y,Y,1,7,1,20,Sunday,False,False,False,Tan Son Nhat International Airport,SGN
Brunei International Airport,BWN,2024-07-21 08:50,Kuala Lumpur International Airport,KUL,2024-07-21 11:20,150,Royal Brunei,Economy,470,190.0,,497,Y,Y,Y,1,7,1,20,Sunday,False,False,False,Tan Son Nhat International Airport,SGN
Brunei International Airport,BWN,2024-07-22 18:30,Ninoy Aquino International Airport,MNL,2024-07-22 20:45,135,Royal Brunei,Economy,900,600.0,True,269,Y,Y,Y,1,7,1,20,Monday,False,False,False,Tan Son Nhat International Airport,SGN
Brunei International Airport,BWN,2024-07-22 12:05,Singapore Changi Airport,SIN,2024-07-22 14:20,135,Singapore Airlines,Economy,440,175.0,,349,Y,Y,Y,1,7,1,23,Monday,False,False,False,Tan Son Nhat International Airport,SGN
Brunei International Airport,BWN,2024-07-22 12:05,Singapore Changi Airport,SIN,2024-07-22 14:20,135,Singapore Airlines,Economy,1270,1000.0,True,349,Y,Y,Y,1,7,1,23,Monday,False,False,False,Tan Son Nhat International Airport,SGN
Brunei International Airport,BWN,2024-07-22 08:50,Kuala Lumpur International Airport,KUL,2024-07-22 11:20,150,Royal Brunei,Economy,470,190.0,,485,Y,Y,Y,1,7,1,20,Monday,False,False,False,Tan Son Nhat International Airport,SGN
Brunei International Airport,BWN,2024-07-23 12:20,Tan Son Nhat International Airport,SGN,2024-07-23 13:15,115,Royal Brunei,Economy,115,,,208,Y,Y,Y,1,7,1,20,Tuesday,False,False,False,Tan Son Nhat International Airport,SGN
Brunei International Airport,BWN,2024-07-23 12:05,Singapore Changi Airport,SIN,2024-07-23 14:20,135,Singapore Airlines,Economy,440,175.0,,349,Y,Y,Y,1,7,1,23,Tuesday,False,False,False,Tan Son Nhat International Airport,SGN
Brunei International Airport,BWN,2024-07-23 17:55,Kuala Lumpur International Airport,KUL,2024-07-23 20:25,150,Royal Brunei,Economy,1025,755.0,True,466,Y,Y,Y,1,7,1,20,Tuesday,False,False,False,Tan Son Nhat International Airport,SGN
Brunei International Airport,BWN,2024-07-24 15:50,Singapore Changi Airport,SIN,2024-07-24 18:00,130,Singapore Airlines,Economy,1655,1395.0,True,349,Y,Y,Y,1,7,1,23,Wednesday,False,False,False,Tan Son Nhat International Airport,SGN
Brunei International Airport,BWN,2024-07-24 15:50,Singapore Changi Airport,SIN,2024-07-24 18:00,130,Singapore Airlines,Economy,1045,780.0,True,369,Y,Y,Y,1,7,1,23,Wednesday,False,False,False,Tan Son Nhat International Airport,SGN
Brunei International Airport,BWN,2024-07-24 17:55,Kuala Lumpur International Airport,KUL,2024-07-24 20:25,150,Royal Brunei,Economy,1025,755.0,True,466,Y,Y,Y,1,7,1,20,Wednesday,False,False,False,Tan Son Nhat International Airport,SGN
Brunei International Airport,BWN,2024-07-24 15:50,Singapore Changi Airport,SIN,2024-07-24 18:00,130,Singapore Airlines,Economy,1205,945.0,True,494,Y,Y,Y,1,7,1,23,Wednesday,False,False,False,Tan Son Nhat International Airport,SGN
Brunei International Airport,BWN,2024-07-25 12:30,Tan Son Nhat International Airport,SGN,2024-07-25 13:25,115,Royal Brunei,Economy,115,,,208,Y,Y,Y,1,7,1,20,Thursday,False,False,False,Tan Son Nhat International Airport,SGN
Brunei International Airport,BWN,2024-07-25 18:30,Ninoy Aquino International Airport,MNL,2024-07-25 20:45,135,Royal Brunei,Economy,1260,965.0,True,299,Y,Y,Y,1,7,1,20,Thursday,False,False,False,Tan Son Nhat International Airport,SGN
Brunei International Airport,BWN,2024-07-25 12:05,Singapore Changi Airport,SIN,2024-07-25 14:20,135,Singapore Airlines,Economy,440,175.0,,349,Y,Y,Y,1,7,1,23,Thursday,False,False,False,Tan Son Nhat International Airport,SGN
Brunei International Airport,BWN,2024-07-25 17:55,Kuala Lumpur International Airport,KUL,2024-07-25 20:25,150,Royal Brunei,Economy,1025,755.0,True,466,Y,Y,Y,1,7,1,20,Thursday,False,False,False,Tan Son Nhat International Airport,SGN
Brunei International Airport,BWN,2024-07-25 08:50,Kuala Lumpur International Airport,KUL,2024-07-25 11:20,150,Royal Brunei,Economy,470,190.0,,485,Y,Y,Y,1,7,1,20,Thursday,False,False,False,Tan Son Nhat International Airport,SGN
Brunei International Airport,BWN,2024-07-26 18:30,Ninoy Aquino International Airport,MNL,2024-07-26 20:45,135,Royal Brunei,Economy,900,600.0,True,269,Y,Y,Y,1,7,1,20,Friday,False,False,False,Tan Son Nhat International Airport,SGN
Brunei International Airport,BWN,2024-07-26 08:50,Kuala Lumpur International Airport,KUL,2024-07-26 11:20,150,Royal Brunei,Economy,470,190.0,,485,Y,Y,Y,1,7,1,20,Friday,False,False,False,Tan Son Nhat International Airport,SGN
Brunei International Airport,BWN,2024-07-26 15:50,Singapore Changi Airport,SIN,2024-07-26 18:00,130,Singapore Airlines,Economy,1395,1135.0,True,349,Y,Y,Y,1,7,1,23,Friday,False,False,False,Tan Son Nhat International Airport,SGN
Brunei International Airport,BWN,2024-07-26 15:50,Singapore Changi Airport,SIN,2024-07-26 18:00,130,Singapore Airlines,Economy,1205,945.0,True,369,Y,Y,Y,1,7,1,23,Friday,False,False,False,Tan Son Nhat International Airport,SGN
Brunei International Airport,BWN,2024-07-26 15:50,Singapore Changi Airport,SIN,2024-07-26 18:00,130,Singapore Airlines,Economy,1555,1280.0,True,369,Y,Y,Y,1,7,1,23,Friday,False,False,False,Tan Son Nhat International Airport,SGN
Brunei International Airport,BWN,2024-07-26 15:50,Singapore Changi Airport,SIN,2024-07-26 18:00,130,Singapore Airlines,Economy,1415,1160.0,True,395,Y,Y,Y,1,7,1,23,Friday,False,False,False,Tan Son Nhat International Airport,SGN
Brunei International Airport,BWN,2024-07-26 15:50,Singapore Changi Airport,SIN,2024-07-26 18:00,130,Singapore Airlines,Economy,1045,780.0,True,425,Y,Y,Y,1,7,1,23,Friday,False,False,False,Tan Son Nhat International Airport,SGN
Brunei International Airport,BWN,2024-07-26 17:55,Kuala Lumpur International Airport,KUL,2024-07-26 20:25,150,Royal Brunei,Economy,1025,755.0,True,466,Y,Y,Y,1,7,1,20,Friday,False,False,False,Tan Son Nhat International Airport,SGN
Brunei International Airport,BWN,2024-07-27 12:05,Singapore Changi Airport,SIN,2024-07-27 14:20,135,Singapore Airlines,Economy,440,175.0,,349,Y,Y,Y,1,7,1,23,Saturday,False,False,False,Tan Son Nhat International Airport,SGN
Brunei International Airport,BWN,2024-07-27 12:05,Singapore Changi Airport,SIN,2024-07-27 14:20,135,Singapore Airlines,Economy,1265,1000.0,True,349,Y,Y,Y,1,7,1,23,Saturday,False,False,False,Tan Son Nhat International Airport,SGN
Brunei International Airport,BWN,2024-07-27 08:50,Kuala Lumpur International Airport,KUL,2024-07-27 11:20,150,Royal Brunei,Economy,470,190.0,,463,Y,Y,Y,1,7,1,20,Saturday,False,False,False,Tan Son Nhat International Airport,SGN
Brunei International Airport,BWN,2024-07-28 18:50,Tan Son Nhat International Airport,SGN,2024-07-28 19:45,115,Royal Brunei,Economy,115,,,208,Y,Y,Y,1,7,1,20,Sunday,False,False,False,Tan Son Nhat International Airport,SGN
Brunei International Airport,BWN,2024-07-28 15:50,Singapore Changi Airport,SIN,2024-07-28 18:00,130,Singapore Airlines,Economy,1430,1170.0,True,349,Y,Y,Y,1,7,1,23,Sunday,False,False,False,Tan Son Nhat International Airport,SGN
Brunei International Airport,BWN,2024-07-28 15:50,Singapore Changi Airport,SIN,2024-07-28 18:00,130,Singapore Airlines,Economy,1205,945.0,True,369,Y,Y,Y,1,7,1,23,Sunday,False,False,False,Tan Son Nhat International Airport,SGN
Brunei International Airport,BWN,2024-07-28 17:55,Kuala Lumpur International Airport,KUL,2024-07-28 20:25,150,Royal Brunei,Economy,1025,755.0,True,466,Y,Y,Y,1,7,1,20,Sunday,False,False,False,Tan Son Nhat International Airport,SGN
Brunei International Airport,BWN,2024-07-28 08:50,Kuala Lumpur International Airport,KUL,2024-07-28 11:20,150,Royal Brunei,Economy,470,190.0,,485,Y,Y,Y,1,7,1,20,Sunday,False,False,False,Tan Son Nhat International Airport,SGN
Brunei International Airport,BWN,2024-07-29 18:30,Ninoy Aquino International Airport,MNL,2024-07-29 20:45,135,Royal Brunei,Economy,900,600.0,True,269,Y,Y,Y,1,7,1,20,Monday,False,False,False,Tan Son Nhat International Airport,SGN
Brunei International Airport,BWN,2024-07-29 12:05,Singapore Changi Airport,SIN,2024-07-29 14:20,135,Singapore Airlines,Economy,440,175.0,,349,Y,Y,Y,1,7,1,23,Monday,False,False,False,Tan Son Nhat International Airport,SGN
Brunei International Airport,BWN,2024-07-29 12:05,Singapore Changi Airport,SIN,2024-07-29 14:20,135,Singapore Airlines,Economy,1270,1000.0,True,349,Y,Y,Y,1,7,1,23,Monday,False,False,False,Tan Son Nhat International Airport,SGN
Brunei International Airport,BWN,2024-07-29 08:50,Kuala Lumpur International Airport,KUL,2024-07-29 11:20,150,Royal Brunei,Economy,470,190.0,,463,Y,Y,Y,1,7,1,20,Monday,False,False,False,Tan Son Nhat International Airport,SGN
Brunei International Airport,BWN,2024-07-30 12:20,Tan Son Nhat International Airport,SGN,2024-07-30 13:15,115,Royal Brunei,Economy,115,,,208,Y,Y,Y,1,7,1,20,Tuesday,False,False,False,Tan Son Nhat International Airport,SGN
Brunei International Airport,BWN,2024-07-30 12:05,Singapore Changi Airport,SIN,2024-07-30 14:20,135,Singapore Airlines,Economy,440,175.0,,349,Y,Y,Y,1,7,1,23,Tuesday,False,False,False,Tan Son Nhat International Airport,SGN
Brunei International Airport,BWN,2024-07-30 17:55,Kuala Lumpur International Airport,KUL,2024-07-30 20:25,150,Royal Brunei,Economy,1025,755.0,True,466,Y,Y,Y,1,7,1,20,Tuesday,False,False,False,Tan Son Nhat International Airport,SGN
Brunei International Airport,BWN,2024-07-31 15:50,Singapore Changi Airport,SIN,2024-07-31 18:00,130,Singapore Airlines,Economy,1205,945.0,True,349,Y,Y,Y,1,7,1,23,Wednesday,False,False,False,Tan Son Nhat International Airport,SGN
Brunei International Airport,BWN,2024-07-31 15:50,Singapore Changi Airport,SIN,2024-07-31 18:00,130,Singapore Airlines,Economy,1045,780.0,True,425,Y,Y,Y,1,7,1,23,Wednesday,False,False,False,Tan Son Nhat International Airport,SGN
Brunei International Airport,BWN,2024-07-31 17:55,Kuala Lumpur International Airport,KUL,2024-07-31 20:25,150,Royal Brunei,Economy,1025,755.0,True,500,Y,Y,Y,1,7,1,20,Wednesday,False,False,False,Tan Son Nhat International Airport,SGN
Brunei International Airport,BWN,2024-08-01 12:30,Tan Son Nhat International Airport,SGN,2024-08-01 13:25,115,Royal Brunei,Economy,115,,,208,Y,Y,Y,1,7,1,20,Thursday,False,False,False,Tan Son Nhat International Airport,SGN
Brunei International Airport,BWN,2024-08-01 18:30,Ninoy Aquino International Airport,MNL,2024-08-01 20:45,135,Royal Brunei,Economy,1260,965.0,True,269,Y,Y,Y,1,7,1,20,Thursday,False,False,False,Tan Son Nhat International Airport,SGN
Brunei International Airport,BWN,2024-08-01 12:05,Singapore Changi Airport,SIN,2024-08-01 14:20,135,Singapore Airlines,Economy,440,175.0,,349,Y,Y,Y,1,7,1,23,Thursday,False,False,False,Tan Son Nhat International Airport,SGN
Brunei International Airport,BWN,2024-08-01 17:55,Kuala Lumpur International Airport,KUL,2024-08-01 20:25,150,Royal Brunei,Economy,1025,755.0,True,466,Y,Y,Y,1,7,1,20,Thursday,False,False,False,Tan Son Nhat International Airport,SGN
Brunei International Airport,BWN,2024-08-01 08:50,Kuala Lumpur International Airport,KUL,2024-08-01 11:20,150,Royal Brunei,Economy,470,190.0,,485,Y,Y,Y,1,7,1,20,Thursday,False,False,False,Tan Son Nhat International Airport,SGN
Brunei International Airport,BWN,2024-08-02 18:30,Ninoy Aquino International Airport,MNL,2024-08-02 20:45,135,Royal Brunei,Economy,900,600.0,True,269,Y,Y,Y,1,7,1,20,Friday,False,False,False,Tan Son Nhat International Airport,SGN
Brunei International Airport,BWN,2024-08-02 08:50,Kuala Lumpur International Airport,KUL,2024-08-02 11:20,150,Royal Brunei,Economy,470,190.0,,485,Y,Y,Y,1,7,1,20,Friday,False,False,False,Tan Son Nhat International Airport,SGN
Brunei International Airport,BWN,2024-08-02 17:55,Kuala Lumpur International Airport,KUL,2024-08-02 20:25,150,Royal Brunei,Economy,1025,755.0,True,488,Y,Y,Y,1,7,1,20,Friday,False,False,False,Tan Son Nhat International Airport,SGN
Brunei International Airport,BWN,2024-08-02 15:50,Singapore Changi Airport,SIN,2024-08-02 18:00,130,Singapore Airlines,Economy,1045,780.0,True,544,Y,Y,Y,1,7,1,23,Friday,False,False,False,Tan Son Nhat International Airport,SGN
Brunei International Airport,BWN,2024-08-02 15:50,Singapore Changi Airport,SIN,2024-08-02 18:00,130,Singapore Airlines,Economy,1205,945.0,True,544,Y,Y,Y,1,7,1,23,Friday,False,False,False,Tan Son Nhat International Airport,SGN
Brunei International Airport,BWN,2024-08-03 12:05,Singapore Changi Airport,SIN,2024-08-03 14:20,135,Singapore Airlines,Economy,440,175.0,,349,Y,Y,Y,1,7,1,23,Saturday,False,False,False,Tan Son Nhat International Airport,SGN
Brunei International Airport,BWN,2024-08-03 12:05,Singapore Changi Airport,SIN,2024-08-03 14:20,135,Singapore Airlines,Economy,1265,1000.0,True,395,Y,Y,Y,1,7,1,23,Saturday,False,False,False,Tan Son Nhat International Airport,SGN
Brunei International Airport,BWN,2024-08-03 08:50,Kuala Lumpur International Airport,KUL,2024-08-03 11:20,150,Royal Brunei,Economy,470,190.0,,485,Y,Y,Y,1,7,1,20,Saturday,False,False,False,Tan Son Nhat International Airport,SGN
Brunei International Airport,BWN,2024-08-04 18:50,Tan Son Nhat International Airport,SGN,2024-08-04 19:45,115,Royal Brunei,Economy,115,,,208,Y,Y,Y,1,7,1,20,Sunday,False,False,False,Tan Son Nhat International Airport,SGN
Brunei International Airport,BWN,2024-08-04 15:50,Singapore Changi Airport,SIN,2024-08-04 18:00,130,Singapore Airlines,Economy,1205,945.0,True,369,Y,Y,Y,1,7,1,23,Sunday,False,False,False,Tan Son Nhat International Airport,SGN
Brunei International Airport,BWN,2024-08-04 15:50,Singapore Changi Airport,SIN,2024-08-04 18:00,130,Singapore Airlines,Economy,1045,780.0,True,425,Y,Y,Y,1,7,1,23,Sunday,False,False,False,Tan Son Nhat International Airport,SGN
Brunei International Airport,BWN,2024-08-04 17:55,Kuala Lumpur International Airport,KUL,2024-08-04 20:25,150,Royal Brunei,Economy,1025,755.0,True,500,Y,Y,Y,1,7,1,20,Sunday,False,False,False,Tan Son Nhat International Airport,SGN
Brunei International Airport,BWN,2024-08-04 08:50,Kuala Lumpur International Airport,KUL,2024-08-04 11:20,150,Royal Brunei,Economy,470,190.0,,564,Y,Y,Y,1,7,1,20,Sunday,False,False,False,Tan Son Nhat International Airport,SGN
Brunei International Airport,BWN,2024-08-05 18:30,Ninoy Aquino International Airport,MNL,2024-08-05 20:45,135,Royal Brunei,Economy,900,600.0,True,328,Y,Y,Y,1,7,1,20,Monday,False,False,False,Tan Son Nhat International Airport,SGN
Brunei International Airport,BWN,2024-08-05 12:05,Singapore Changi Airport,SIN,2024-08-05 14:20,135,Singapore Airlines,Economy,440,175.0,,349,Y,Y,Y,1,7,1,23,Monday,False,False,False,Tan Son Nhat International Airport,SGN
Brunei International Airport,BWN,2024-08-05 12:05,Singapore Changi Airport,SIN,2024-08-05 14:20,135,Singapore Airlines,Economy,1270,1000.0,True,395,Y,Y,Y,1,7,1,23,Monday,False,False,False,Tan Son Nhat International Airport,SGN
Brunei International Airport,BWN,2024-08-05 08:50,Kuala Lumpur International Airport,KUL,2024-08-05 11:20,150,Royal Brunei,Economy,470,190.0,,605,Y,Y,Y,1,7,1,20,Monday,False,False,False,Tan Son Nhat International Airport,SGN
Brunei International Airport,BWN,2024-08-06 12:20,Tan Son Nhat International Airport,SGN,2024-08-06 13:15,115,Royal Brunei,Economy,115,,,208,Y,Y,Y,1,7,1,20,Tuesday,False,False,False,Tan Son Nhat International Airport,SGN
Brunei International Airport,BWN,2024-08-06 12:05,Singapore Changi Airport,SIN,2024-08-06 14:20,135,Singapore Airlines,Economy,440,175.0,,349,Y,Y,Y,1,7,1,23,Tuesday,False,False,False,Tan Son Nhat International Airport,SGN
Brunei International Airport,BWN,2024-08-07 15:50,Singapore Changi Airport,SIN,2024-08-07 18:00,130,Singapore Airlines,Economy,1205,945.0,True,425,Y,Y,Y,1,7,1,23,Wednesday,False,False,False,Tan Son Nhat International Airport,SGN
Brunei International Airport,BWN,2024-08-07 15:50,Singapore Changi Airport,SIN,2024-08-07 18:00,130,Singapore Airlines,Economy,1555,1280.0,True,494,Y,Y,Y,1,7,1,23,Wednesday,False,False,False,Tan Son Nhat International Airport,SGN
Brunei International Airport,BWN,2024-08-07 17:55,Kuala Lumpur International Airport,KUL,2024-08-07 20:25,150,Royal Brunei,Economy,1025,755.0,True,567,Y,Y,Y,1,7,1,20,Wednesday,False,False,False,Tan Son Nhat International Airport,SGN
Brunei International Airport,BWN,2024-08-08 12:30,Tan Son Nhat International Airport,SGN,2024-08-08 13:25,115,Royal Brunei,Economy,115,,,208,Y,Y,Y,1,7,1,20,Thursday,False,False,False,Tan Son Nhat International Airport,SGN
Brunei International Airport,BWN,2024-08-08 18:30,Ninoy Aquino International Airport,MNL,2024-08-08 20:45,135,Royal Brunei,Economy,1260,965.0,True,388,Y,Y,Y,1,7,1,20,Thursday,False,False,False,Tan Son Nhat International Airport,SGN
Brunei International Airport,BWN,2024-08-08 12:05,Singapore Changi Airport,SIN,2024-08-08 14:20,135,Singapore Airlines,Economy,440,175.0,,395,Y,Y,Y,1,7,1,23,Thursday,False,False,False,Tan Son Nhat International Airport,SGN
Brunei International Airport,BWN,2024-08-08 17:55,Kuala Lumpur International Airport,KUL,2024-08-08 20:25,150,Royal Brunei,Economy,1025,755.0,True,500,Y,Y,Y,1,7,1,20,Thursday,False,False,False,Tan Son Nhat International Airport,SGN
Brunei International Airport,BWN,2024-08-08 08:50,Kuala Lumpur International Airport,KUL,2024-08-08 11:20,150,Royal Brunei,Economy,470,190.0,,555,Y,Y,Y,1,7,1,20,Thursday,False,False,False,Tan Son Nhat International Airport,SGN
Brunei International Airport,BWN,2024-08-09 18:30,Ninoy Aquino International Airport,MNL,2024-08-09 20:45,135,Royal Brunei,Economy,900,600.0,True,269,Y,Y,Y,1,7,1,20,Friday,False,False,False,Tan Son Nhat International Airport,SGN
Brunei International Airport,BWN,2024-08-09 15:50,Singapore Changi Airport,SIN,2024-08-09 18:00,130,Singapore Airlines,Economy,1430,1170.0,True,349,Y,Y,Y,1,7,1,23,Friday,False,False,False,Tan Son Nhat International Airport,SGN
Brunei International Airport,BWN,2024-08-09 15:50,Singapore Changi Airport,SIN,2024-08-09 18:00,130,Singapore Airlines,Economy,1555,1280.0,True,349,Y,Y,Y,1,7,1,23,Friday,False,False,False,Tan Son Nhat International Airport,SGN
Brunei International Airport,BWN,2024-08-09 15:50,Singapore Changi Airport,SIN,2024-08-09 18:00,130,Singapore Airlines,Economy,1045,780.0,True,369,Y,Y,Y,1,7,1,23,Friday,False,False,False,Tan Son Nhat International Airport,SGN
Brunei International Airport,BWN,2024-08-09 15:50,Singapore Changi Airport,SIN,2024-08-09 18:00,130,Singapore Airlines,Economy,1205,945.0,True,369,Y,Y,Y,1,7,1,23,Friday,False,False,False,Tan Son Nhat International Airport,SGN
Brunei International Airport,BWN,2024-08-09 17:55,Kuala Lumpur International Airport,KUL,2024-08-09 20:25,150,Royal Brunei,Economy,1025,755.0,True,500,Y,Y,Y,1,7,1,20,Friday,False,False,False,Tan Son Nhat International Airport,SGN
Brunei International Airport,BWN,2024-08-09 08:50,Kuala Lumpur International Airport,KUL,2024-08-09 11:20,150,Royal Brunei,Economy,470,190.0,,555,Y,Y,Y,1,7,1,20,Friday,False,False,False,Tan Son Nhat International Airport,SGN
Brunei International Airport,BWN,2024-08-10 12:05,Singapore Changi Airport,SIN,2024-08-10 14:20,135,Singapore Airlines,Economy,440,175.0,,349,Y,Y,Y,1,7,1,23,Saturday,False,False,False,Tan Son Nhat International Airport,SGN
Brunei International Airport,BWN,2024-08-10 12:05,Singapore Changi Airport,SIN,2024-08-10 14:20,135,Singapore Airlines,Economy,1265,1000.0,True,349,Y,Y,Y,1,7,1,23,Saturday,False,False,False,Tan Son Nhat International Airport,SGN
Brunei International Airport,BWN,2024-08-10 08:50,Kuala Lumpur International Airport,KUL,2024-08-10 11:20,150,Royal Brunei,Economy,470,190.0,,497,Y,Y,Y,1,7,1,20,Saturday,False,False,False,Tan Son Nhat International Airport,SGN
Brunei International Airport,BWN,2024-08-11 18:50,Tan Son Nhat International Airport,SGN,2024-08-11 19:45,115,Royal Brunei,Economy,115,,,208,Y,Y,Y,1,7,1,20,Sunday,False,False,False,Tan Son Nhat International Airport,SGN
Brunei International Airport,BWN,2024-08-11 15:50,Singapore Changi Airport,SIN,2024-08-11 18:00,130,Singapore Airlines,Economy,1045,780.0,True,349,Y,Y,Y,1,7,1,23,Sunday,False,False,False,Tan Son Nhat International Airport,SGN
Brunei International Airport,BWN,2024-08-11 17:55,Kuala Lumpur International Airport,KUL,2024-08-11 20:25,150,Royal Brunei,Economy,1025,755.0,True,488,Y,Y,Y,1,7,1,20,Sunday,False,False,False,Tan Son Nhat International Airport,SGN
Brunei International Airport,BWN,2024-08-11 08:50,Kuala Lumpur International Airport,KUL,2024-08-11 11:20,150,Royal Brunei,Economy,470,190.0,,497,Y,Y,Y,1,7,1,20,Sunday,False,False,False,Tan Son Nhat International Airport,SGN
Brunei International Airport,BWN,2024-08-12 18:30,Ninoy Aquino International Airport,MNL,2024-08-12 20:45,135,Royal Brunei,Economy,900,600.0,True,269,Y,Y,Y,1,7,1,20,Monday,False,False,False,Tan Son Nhat International Airport,SGN
Brunei International Airport,BWN,2024-08-12 12:05,Singapore Changi Airport,SIN,2024-08-12 14:20,135,Singapore Airlines,Economy,440,175.0,,349,Y,Y,Y,1,7,1,23,Monday,False,False,False,Tan Son Nhat International Airport,SGN
Brunei International Airport,BWN,2024-08-12 12:05,Singapore Changi Airport,SIN,2024-08-12 14:20,135,Singapore Airlines,Economy,1270,1000.0,True,349,Y,Y,Y,1,7,1,23,Monday,False,False,False,Tan Son Nhat International Airport,SGN
Brunei International Airport,BWN,2024-08-12 08:50,Kuala Lumpur International Airport,KUL,2024-08-12 11:20,150,Royal Brunei,Economy,470,190.0,,497,Y,Y,Y,1,7,1,20,Monday,False,False,False,Tan Son Nhat International Airport,SGN
Brunei International Airport,BWN,2024-08-13 12:20,Tan Son Nhat International Airport,SGN,2024-08-13 13:15,115,Royal Brunei,Economy,115,,,208,Y,Y,Y,1,7,1,20,Tuesday,False,False,False,Tan Son Nhat International Airport,SGN
Brunei International Airport,BWN,2024-08-13 12:05,Singapore Changi Airport,SIN,2024-08-13 14:20,135,Singapore Airlines,Economy,440,175.0,,349,Y,Y,Y,1,7,1,23,Tuesday,False,False,False,Tan Son Nhat International Airport,SGN
Brunei International Airport,BWN,2024-08-13 17:55,Kuala Lumpur International Airport,KUL,2024-08-13 20:25,150,Royal Brunei,Economy,1025,755.0,True,488,Y,Y,Y,1,7,1,20,Tuesday,False,False,False,Tan Son Nhat International Airport,SGN
Brunei International Airport,BWN,2024-08-14 15:50,Singapore Changi Airport,SIN,2024-08-14 18:00,130,Singapore Airlines,Economy,1045,780.0,True,349,Y,Y,Y,1,7,1,23,Wednesday,False,False,False,Tan Son Nhat International Airport,SGN
Brunei International Airport,BWN,2024-08-14 15:50,Singapore Changi Airport,SIN,2024-08-14 18:00,130,Singapore Airlines,Economy,1205,945.0,True,349,Y,Y,Y,1,7,1,23,Wednesday,False,False,False,Tan Son Nhat International Airport,SGN
Brunei International Airport,BWN,2024-08-14 17:55,Kuala Lumpur International Airport,KUL,2024-08-14 20:25,150,Royal Brunei,Economy,1365,1085.0,True,488,Y,Y,Y,1,7,1,20,Wednesday,False,False,False,Tan Son Nhat International Airport,SGN
Brunei International Airport,BWN,2024-08-15 12:30,Tan Son Nhat International Airport,SGN,2024-08-15 13:25,115,Royal Brunei,Economy,115,,,208,Y,Y,Y,1,7,1,20,Thursday,False,False,False,Tan Son Nhat International Airport,SGN
Brunei International Airport,BWN,2024-08-15 18:30,Ninoy Aquino International Airport,MNL,2024-08-15 20:45,135,Royal Brunei,Economy,1260,965.0,True,269,Y,Y,Y,1,7,1,20,Thursday,False,False,False,Tan Son Nhat International Airport,SGN
Brunei International Airport,BWN,2024-08-15 12:05,Singapore Changi Airport,SIN,2024-08-15 14:20,135,Singapore Airlines,Economy,440,175.0,,349,Y,Y,Y,1,7,1,23,Thursday,False,False,False,Tan Son Nhat International Airport,SGN
Brunei International Airport,BWN,2024-08-15 08:50,Kuala Lumpur International Airport,KUL,2024-08-15 11:20,150,Royal Brunei,Economy,470,190.0,,555,Y,Y,Y,1,7,1,20,Thursday,False,False,False,Tan Son Nhat International Airport,SGN
Brunei International Airport,BWN,2024-08-15 17:55,Kuala Lumpur International Airport,KUL,2024-08-15 20:25,150,Royal Brunei,Economy,1025,755.0,True,558,Y,Y,Y,1,7,1,20,Thursday,False,False,False,Tan Son Nhat International Airport,SGN
Brunei International Airport,BWN,2024-08-16 18:30,Ninoy Aquino International Airport,MNL,2024-08-16 20:45,135,Royal Brunei,Economy,900,600.0,True,269,Y,Y,Y,1,7,1,20,Friday,False,False,False,Tan Son Nhat International Airport,SGN
Brunei International Airport,BWN,2024-08-16 15:50,Singapore Changi Airport,SIN,2024-08-16 18:00,130,Singapore Airlines,Economy,1045,780.0,True,349,Y,Y,Y,1,7,1,23,Friday,False,False,False,Tan Son Nhat International Airport,SGN
Brunei International Airport,BWN,2024-08-16 15:50,Singapore Changi Airport,SIN,2024-08-16 18:00,130,Singapore Airlines,Economy,1205,945.0,True,349,Y,Y,Y,1,7,1,23,Friday,False,False,False,Tan Son Nhat International Airport,SGN
Brunei International Airport,BWN,2024-08-16 17:55,Kuala Lumpur International Airport,KUL,2024-08-16 20:25,150,Royal Brunei,Economy,1025,755.0,True,500,Y,Y,Y,1,7,1,20,Friday,False,False,False,Tan Son Nhat International Airport,SGN
Brunei International Airport,BWN,2024-08-16 08:50,Kuala Lumpur International Airport,KUL,2024-08-16 11:20,150,Royal Brunei,Economy,470,190.0,,555,Y,Y,Y,1,7,1,20,Friday,False,False,False,Tan Son Nhat International Airport,SGN
Brunei International Airport,BWN,2024-08-17 12:05,Singapore Changi Airport,SIN,2024-08-17 14:20,135,Singapore Airlines,Economy,440,175.0,,349,Y,Y,Y,1,7,1,23,Saturday,False,False,False,Tan Son Nhat International Airport,SGN
Brunei International Airport,BWN,2024-08-17 12:05,Singapore Changi Airport,SIN,2024-08-17 14:20,135,Singapore Airlines,Economy,1265,1000.0,True,349,Y,Y,Y,1,7,1,23,Saturday,False,False,False,Tan Son Nhat International Airport,SGN
Brunei International Airport,BWN,2024-08-17 08:50,Kuala Lumpur International Airport,KUL,2024-08-17 11:20,150,Royal Brunei,Economy,470,190.0,,497,Y,Y,Y,1,7,1,20,Saturday,False,False,False,Tan Son Nhat International Airport,SGN
Brunei International Airport,BWN,2024-08-18 18:50,Tan Son Nhat International Airport,SGN,2024-08-18 19:45,115,Royal Brunei,Economy,115,,,208,Y,Y,Y,1,7,1,20,Sunday,False,False,False,Tan Son Nhat International Airport,SGN
Brunei International Airport,BWN,2024-08-18 15:50,Singapore Changi Airport,SIN,2024-08-18 18:00,130,Singapore Airlines,Economy,1045,780.0,True,349,Y,Y,Y,1,7,1,23,Sunday,False,False,False,Tan Son Nhat International Airport,SGN
Brunei International Airport,BWN,2024-08-18 17:55,Kuala Lumpur International Airport,KUL,2024-08-18 20:25,150,Royal Brunei,Economy,1025,755.0,True,466,Y,Y,Y,1,7,1,20,Sunday,False,False,False,Tan Son Nhat International Airport,SGN
Brunei International Airport,BWN,2024-08-18 08:50,Kuala Lumpur International Airport,KUL,2024-08-18 11:20,150,Royal Brunei,Economy,470,190.0,,497,Y,Y,Y,1,7,1,20,Sunday,False,False,False,Tan Son Nhat International Airport,SGN
Brunei International Airport,BWN,2024-08-19 18:30,Ninoy Aquino International Airport,MNL,2024-08-19 20:45,135,Royal Brunei,Economy,900,600.0,True,269,Y,Y,Y,1,7,1,20,Monday,False,False,False,Tan Son Nhat International Airport,SGN
Brunei International Airport,BWN,2024-08-19 12:05,Singapore Changi Airport,SIN,2024-08-19 14:20,135,Singapore Airlines,Economy,440,175.0,,349,Y,Y,Y,1,7,1,23,Monday,False,False,False,Tan Son Nhat International Airport,SGN
Brunei International Airport,BWN,2024-08-19 12:05,Singapore Changi Airport,SIN,2024-08-19 14:20,135,Singapore Airlines,Economy,1270,1000.0,True,349,Y,Y,Y,1,7,1,23,Monday,False,False,False,Tan Son Nhat International Airport,SGN
Brunei International Airport,BWN,2024-08-19 08:50,Kuala Lumpur International Airport,KUL,2024-08-19 11:20,150,Royal Brunei,Economy,470,190.0,,497,Y,Y,Y,1,7,1,20,Monday,False,False,False,Tan Son Nhat International Airport,SGN
Brunei International Airport,BWN,2024-08-20 12:20,Tan Son Nhat International Airport,SGN,2024-08-20 13:15,115,Royal Brunei,Economy,115,,,208,Y,Y,Y,1,7,1,20,Tuesday,False,False,False,Tan Son Nhat International Airport,SGN
Brunei International Airport,BWN,2024-08-20 12:05,Singapore Changi Airport,SIN,2024-08-20 14:20,135,Singapore Airlines,Economy,440,175.0,,349,Y,Y,Y,1,7,1,23,Tuesday,False,False,False,Tan Son Nhat International Airport,SGN
Brunei International Airport,BWN,2024-08-20 17:55,Kuala Lumpur International Airport,KUL,2024-08-20 20:25,150,Royal Brunei,Economy,1025,755.0,True,466,Y,Y,Y,1,7,1,20,Tuesday,False,False,False,Tan Son Nhat International Airport,SGN
Brunei International Airport,BWN,2024-08-21 15:50,Singapore Changi Airport,SIN,2024-08-21 18:00,130,Singapore Airlines,Economy,1045,780.0,True,349,Y,Y,Y,1,7,1,23,Wednesday,False,False,False,Tan Son Nhat International Airport,SGN
Brunei International Airport,BWN,2024-08-21 15:50,Singapore Changi Airport,SIN,2024-08-21 18:00,130,Singapore Airlines,Economy,1205,945.0,True,349,Y,Y,Y,1,7,1,23,Wednesday,False,False,False,Tan Son Nhat International Airport,SGN
Brunei International Airport,BWN,2024-08-21 17:55,Kuala Lumpur International Airport,KUL,2024-08-21 20:25,150,Royal Brunei,Economy,1365,1085.0,True,466,Y,Y,Y,1,7,1,20,Wednesday,False,False,False,Tan Son Nhat International Airport,SGN
Brunei International Airport,BWN,2024-08-22 12:30,Tan Son Nhat International Airport,SGN,2024-08-22 13:25,115,Royal Brunei,Economy,115,,,208,Y,Y,Y,1,7,1,20,Thursday,False,False,False,Tan Son Nhat International Airport,SGN
Brunei International Airport,BWN,2024-08-22 18:30,Ninoy Aquino International Airport,MNL,2024-08-22 20:45,135,Royal Brunei,Economy,1260,965.0,True,269,Y,Y,Y,1,7,1,20,Thursday,False,False,False,Tan Son Nhat International Airport,SGN
Brunei International Airport,BWN,2024-08-22 12:05,Singapore Changi Airport,SIN,2024-08-22 14:20,135,Singapore Airlines,Economy,440,175.0,,349,Y,Y,Y,1,7,1,23,Thursday,False,False,False,Tan Son Nhat International Airport,SGN
Brunei International Airport,BWN,2024-08-22 17:55,Kuala Lumpur International Airport,KUL,2024-08-22 20:25,150,Royal Brunei,Economy,1025,755.0,True,466,Y,Y,Y,1,7,1,20,Thursday,False,False,False,Tan Son Nhat International Airport,SGN
Brunei International Airport,BWN,2024-08-22 08:50,Kuala Lumpur International Airport,KUL,2024-08-22 11:20,150,Royal Brunei,Economy,470,190.0,,485,Y,Y,Y,1,7,1,20,Thursday,False,False,False,Tan Son Nhat International Airport,SGN
Brunei International Airport,BWN,2024-08-23 18:30,Ninoy Aquino International Airport,MNL,2024-08-23 20:45,135,Royal Brunei,Economy,900,600.0,True,269,Y,Y,Y,1,7,1,20,Friday,False,False,False,Tan Son Nhat International Airport,SGN
Brunei International Airport,BWN,2024-08-23 08:50,Kuala Lumpur International Airport,KUL,2024-08-23 11:20,150,Royal Brunei,Economy,470,190.0,,463,Y,Y,Y,1,7,1,20,Friday,False,False,False,Tan Son Nhat International Airport,SGN
Brunei International Airport,BWN,2024-08-23 15:50,Singapore Changi Airport,SIN,2024-08-23 18:00,130,Singapore Airlines,Economy,1045,780.0,True,349,Y,Y,Y,1,7,1,23,Friday,False,False,False,Tan Son Nhat International Airport,SGN
Brunei International Airport,BWN,2024-08-23 15:50,Singapore Changi Airport,SIN,2024-08-23 18:00,130,Singapore Airlines,Economy,1205,945.0,True,349,Y,Y,Y,1,7,1,23,Friday,False,False,False,Tan Son Nhat International Airport,SGN
Brunei International Airport,BWN,2024-08-23 17:55,Kuala Lumpur International Airport,KUL,2024-08-23 20:25,150,Royal Brunei,Economy,1025,755.0,True,466,Y,Y,Y,1,7,1,20,Friday,False,False,False,Tan Son Nhat International Airport,SGN
Brunei International Airport,BWN,2024-08-24 12:05,Singapore Changi Airport,SIN,2024-08-24 14:20,135,Singapore Airlines,Economy,440,175.0,,349,Y,Y,Y,1,7,1,23,Saturday,False,False,False,Tan Son Nhat International Airport,SGN
Brunei International Airport,BWN,2024-08-24 12:05,Singapore Changi Airport,SIN,2024-08-24 14:20,135,Singapore Airlines,Economy,1265,1000.0,True,349,Y,Y,Y,1,7,1,23,Saturday,False,False,False,Tan Son Nhat International Airport,SGN
Brunei International Airport,BWN,2024-08-24 08:50,Kuala Lumpur International Airport,KUL,2024-08-24 11:20,150,Royal Brunei,Economy,470,190.0,,463,Y,Y,Y,1,7,1,20,Saturday,False,False,False,Tan Son Nhat International Airport,SGN
Brunei International Airport,BWN,2024-08-25 18:50,Tan Son Nhat International Airport,SGN,2024-08-25 19:45,115,Royal Brunei,Economy,115,,,208,Y,Y,Y,1,7,1,20,Sunday,False,False,False,Tan Son Nhat International Airport,SGN
Brunei International Airport,BWN,2024-08-25 15:50,Singapore Changi Airport,SIN,2024-08-25 18:00,130,Singapore Airlines,Economy,1045,780.0,True,349,Y,Y,Y,1,7,1,23,Sunday,False,False,False,Tan Son Nhat International Airport,SGN
Brunei International Airport,BWN,2024-08-25 08:50,Kuala Lumpur International Airport,KUL,2024-08-25 11:20,150,Royal Brunei,Economy,470,190.0,,463,Y,Y,Y,1,7,1,20,Sunday,False,False,False,Tan Son Nhat International Airport,SGN
Brunei International Airport,BWN,2024-08-26 18:30,Ninoy Aquino International Airport,MNL,2024-08-26 20:45,135,Royal Brunei,Economy,900,600.0,True,269,Y,Y,Y,1,7,1,20,Monday,False,False,False,Tan Son Nhat International Airport,SGN
Brunei International Airport,BWN,2024-08-26 12:05,Singapore Changi Airport,SIN,2024-08-26 14:20,135,Singapore Airlines,Economy,440,175.0,,349,Y,Y,Y,1,7,1,23,Monday,False,False,False,Tan Son Nhat International Airport,SGN
Brunei International Airport,BWN,2024-08-26 12:05,Singapore Changi Airport,SIN,2024-08-26 14:20,135,Singapore Airlines,Economy,1270,1000.0,True,349,Y,Y,Y,1,7,1,23,Monday,False,False,False,Tan Son Nhat International Airport,SGN
Brunei International Airport,BWN,2024-08-26 08:50,Kuala Lumpur International Airport,KUL,2024-08-26 11:20,150,Royal Brunei,Economy,470,190.0,,463,Y,Y,Y,1,7,1,20,Monday,False,False,False,Tan Son Nhat International Airport,SGN
Brunei International Airport,BWN,2024-08-27 12:20,Tan Son Nhat International Airport,SGN,2024-08-27 13:15,115,Royal Brunei,Economy,115,,,208,Y,Y,Y,1,7,1,20,Tuesday,False,False,False,Tan Son Nhat International Airport,SGN
Brunei International Airport,BWN,2024-08-27 12:05,Singapore Changi Airport,SIN,2024-08-27 14:20,135,Singapore Airlines,Economy,440,175.0,,349,Y,Y,Y,1,7,1,23,Tuesday,False,False,False,Tan Son Nhat International Airport,SGN
Brunei International Airport,BWN,2024-08-27 17:55,Kuala Lumpur International Airport,KUL,2024-08-27 20:25,150,Royal Brunei,Economy,1025,755.0,True,466,Y,Y,Y,1,7,1,20,Tuesday,False,False,False,Tan Son Nhat International Airport,SGN
Brunei International Airport,BWN,2024-08-28 15:50,Singapore Changi Airport,SIN,2024-08-28 18:00,130,Singapore Airlines,Economy,1045,780.0,True,349,Y,Y,Y,1,7,1,23,Wednesday,False,False,False,Tan Son Nhat International Airport,SGN
Brunei International Airport,BWN,2024-08-28 15:50,Singapore Changi Airport,SIN,2024-08-28 18:00,130,Singapore Airlines,Economy,1205,945.0,True,349,Y,Y,Y,1,7,1,23,Wednesday,False,False,False,Tan Son Nhat International Airport,SGN
Brunei International Airport,BWN,2024-08-28 17:55,Kuala Lumpur International Airport,KUL,2024-08-28 20:25,150,Royal Brunei,Economy,1025,755.0,True,466,Y,Y,Y,1,7,1,20,Wednesday,False,False,False,Tan Son Nhat International Airport,SGN
Brunei International Airport,BWN,2024-08-29 12:30,Tan Son Nhat International Airport,SGN,2024-08-29 13:25,115,Royal Brunei,Economy,115,,,208,Y,Y,Y,1,7,1,20,Thursday,False,False,False,Tan Son Nhat International Airport,SGN
Brunei International Airport,BWN,2024-08-29 18:30,Ninoy Aquino International Airport,MNL,2024-08-29 20:45,135,Royal Brunei,Economy,1260,965.0,True,269,Y,Y,Y,1,7,1,20,Thursday,False,False,False,Tan Son Nhat International Airport,SGN
Brunei International Airport,BWN,2024-08-29 12:05,Singapore Changi Airport,SIN,2024-08-29 14:20,135,Singapore Airlines,Economy,440,175.0,,349,Y,Y,Y,1,7,1,23,Thursday,False,False,False,Tan Son Nhat International Airport,SGN
Brunei International Airport,BWN,2024-08-29 08:50,Kuala Lumpur International Airport,KUL,2024-08-29 11:20,150,Royal Brunei,Economy,470,190.0,,463,Y,Y,Y,1,7,1,20,Thursday,False,False,False,Tan Son Nhat International Airport,SGN
Brunei International Airport,BWN,2024-08-29 17:55,Kuala Lumpur International Airport,KUL,2024-08-29 20:25,150,Royal Brunei,Economy,1025,755.0,True,466,Y,Y,Y,1,7,1,20,Thursday,False,False,False,Tan Son Nhat International Airport,SGN
Brunei International Airport,BWN,2024-08-30 18:30,Ninoy Aquino International Airport,MNL,2024-08-30 20:45,135,Royal Brunei,Economy,900,600.0,True,269,Y,Y,Y,1,7,1,20,Friday,False,False,False,Tan Son Nhat International Airport,SGN
Brunei International Airport,BWN,2024-08-30 08:50,Kuala Lumpur International Airport,KUL,2024-08-30 11:20,150,Royal Brunei,Economy,470,190.0,,463,Y,Y,Y,1,7,1,20,Friday,False,False,False,Tan Son Nhat International Airport,SGN
Brunei International Airport,BWN,2024-08-30 15:50,Singapore Changi Airport,SIN,2024-08-30 18:00,130,Singapore Airlines,Economy,1430,1170.0,True,349,Y,Y,Y,1,7,1,23,Friday,False,False,False,Tan Son Nhat International Airport,SGN
Brunei International Airport,BWN,2024-08-30 15:50,Singapore Changi Airport,SIN,2024-08-30 18:00,130,Singapore Airlines,Economy,1205,945.0,True,369,Y,Y,Y,1,7,1,23,Friday,False,False,False,Tan Son Nhat International Airport,SGN
Brunei International Airport,BWN,2024-08-30 15:50,Singapore Changi Airport,SIN,2024-08-30 18:00,130,Singapore Airlines,Economy,1415,1150.0,True,369,Y,Y,Y,1,7,1,23,Friday,False,False,False,Tan Son Nhat International Airport,SGN
Brunei International Airport,BWN,2024-08-30 15:50,Singapore Changi Airport,SIN,2024-08-30 18:00,130,Singapore Airlines,Economy,1045,780.0,True,425,Y,Y,Y,1,7,1,23,Friday,False,False,False,Tan Son Nhat International Airport,SGN
Brunei International Airport,BWN,2024-08-30 17:55,Kuala Lumpur International Airport,KUL,2024-08-30 20:25,150,Royal Brunei,Economy,1025,755.0,True,466,Y,Y,Y,1,7,1,20,Friday,False,False,False,Tan Son Nhat International Airport,SGN
Brunei International Airport,BWN,2024-08-31 12:05,Singapore Changi Airport,SIN,2024-08-31 14:20,135,Singapore Airlines,Economy,440,175.0,,349,Y,Y,Y,1,7,1,23,Saturday,False,False,False,Tan Son Nhat International Airport,SGN
Brunei International Airport,BWN,2024-08-31 12:05,Singapore Changi Airport,SIN,2024-08-31 14:20,135,Singapore Airlines,Economy,1265,1000.0,True,369,Y,Y,Y,1,7,1,23,Saturday,False,False,False,Tan Son Nhat International Airport,SGN
Brunei International Airport,BWN,2024-08-31 08:50,Kuala Lumpur International Airport,KUL,2024-08-31 11:20,150,Royal Brunei,Economy,470,190.0,,463,Y,Y,Y,1,7,1,20,Saturday,False,False,False,Tan Son Nhat International Airport,SGN
