Departure Airport Name,Departure Airport ID,Departure Time,Arrival Airport Name,Arrival Airport ID,Arrival Time,Duration,Airline,Travel Class,Total Duration,Layover 1 Duration,Layover 1 Overnight,Price, Cabin Baggage, Checked Baggage,Meal Included,Cabin Baggage (Number),Cabin Baggage (kg per piece),Checked Baggage (Number),Checked Baggage (kg per piece) ,Day of Week (on flight date),Departure Country Is Holiday,Arrival Country Is Holiday,Overnight Flight,Final Arrival Airport Name,Final Arrival Airport ID
Brunei International Airport,BWN,2024-07-01 12:05,Singapore Changi Airport,SIN,2024-07-01 14:20,135,Singapore Airlines,Economy,380,100.0,,262,Y,Y,Y,1,7,1,23,Monday,False,False,False,Suvarnabhumi Airport,BKK
Brunei International Airport,BWN,2024-07-01 12:05,Singapore Changi Airport,SIN,2024-07-01 14:20,135,Singapore Airlines,Economy,500,215.0,,283,Y,Y,Y,1,7,1,23,Monday,False,False,False,Suvarnabhumi Airport,BKK
Brunei International Airport,BWN,2024-07-01 18:30,Ninoy Aquino International Airport,MNL,2024-07-01 20:45,135,Royal Brunei,Economy,1125,775.0,True,686,Y,Y,Y,1,7,1,20,Monday,False,False,False,Suvarnabhumi Airport,BKK
Brunei International Airport,BWN,2024-07-01 08:50,Kuala Lumpur International Airport,KUL,2024-07-01 11:20,150,Royal Brunei,Economy,570,280.0,,696,Y,Y,Y,1,7,1,20,Monday,False,False,False,Suvarnabhumi Airport,BKK
Brunei International Airport,BWN,2024-07-01 08:50,Kuala Lumpur International Airport,KUL,2024-07-01 11:20,150,Royal Brunei,Economy,400,120.0,,828,Y,Y,Y,1,7,1,20,Monday,False,False,False,Suvarnabhumi Airport,BKK
Brunei International Airport,BWN,2024-07-02 10:55,Suvarnabhumi Airport,BKK,2024-07-02 12:40,165,Royal Brunei,Economy,165,,,262,Y,Y,Y,1,7,1,20,Tuesday,False,False,False,Suvarnabhumi Airport,BKK
Brunei International Airport,BWN,2024-07-02 12:05,Singapore Changi Airport,SIN,2024-07-02 14:20,135,Singapore Airlines,Economy,380,100.0,,262,Y,Y,Y,1,7,1,23,Tuesday,False,False,False,Suvarnabhumi Airport,BKK
Brunei International Airport,BWN,2024-07-02 23:40,Ninoy Aquino International Airport,MNL,2024-07-03 02:00,140,Cebu Pacific,Economy,675,320.0,True,249,Y,N,N,1,7,0,0,Tuesday,False,False,True,Suvarnabhumi Airport,BKK
Brunei International Airport,BWN,2024-07-02 12:05,Singapore Changi Airport,SIN,2024-07-02 14:20,135,Singapore Airlines,Economy,1220,925.0,True,283,Y,Y,Y,1,7,1,23,Tuesday,False,False,False,Suvarnabhumi Airport,BKK
Brunei International Airport,BWN,2024-07-02 12:05,Singapore Changi Airport,SIN,2024-07-02 14:20,135,Singapore Airlines,Economy,660,365.0,,306,Y,Y,Y,1,7,1,23,Tuesday,False,False,False,Suvarnabhumi Airport,BKK
Brunei International Airport,BWN,2024-07-02 17:55,Kuala Lumpur International Airport,KUL,2024-07-02 20:25,150,Royal Brunei,Economy,370,80.0,,502,Y,Y,Y,1,7,1,20,Tuesday,False,False,False,Suvarnabhumi Airport,BKK
Brunei International Airport,BWN,2024-07-02 17:55,Kuala Lumpur International Airport,KUL,2024-07-02 20:25,150,Royal Brunei,Economy,1295,1015.0,True,505,Y,Y,Y,1,7,1,20,Tuesday,False,False,False,Suvarnabhumi Airport,BKK
Brunei International Airport,BWN,2024-07-03 18:20,Suvarnabhumi Airport,BKK,2024-07-03 20:05,165,Royal Brunei,Economy,165,,,299,Y,Y,Y,1,7,1,20,Wednesday,False,False,False,Suvarnabhumi Airport,BKK
Brunei International Airport,BWN,2024-07-03 15:50,Singapore Changi Airport,SIN,2024-07-03 18:00,130,Singapore Airlines,Economy,430,140.0,,306,Y,Y,Y,1,7,1,23,Wednesday,False,False,False,Suvarnabhumi Airport,BKK
Brunei International Airport,BWN,2024-07-03 17:55,Kuala Lumpur International Airport,KUL,2024-07-03 20:25,150,Royal Brunei,Economy,370,80.0,,491,Y,Y,Y,1,7,1,20,Wednesday,False,False,False,Suvarnabhumi Airport,BKK
Brunei International Airport,BWN,2024-07-04 23:40,Ninoy Aquino International Airport,MNL,2024-07-05 02:00,140,Cebu Pacific,Economy,675,320.0,True,228,Y,N,N,1,7,0,0,Thursday,False,False,True,Suvarnabhumi Airport,BKK
Brunei International Airport,BWN,2024-07-04 12:05,Singapore Changi Airport,SIN,2024-07-04 14:20,135,Singapore Airlines,Economy,380,100.0,,447,Y,Y,Y,1,7,1,23,Thursday,False,False,False,Suvarnabhumi Airport,BKK
Brunei International Airport,BWN,2024-07-04 12:05,Singapore Changi Airport,SIN,2024-07-04 14:20,135,Singapore Airlines,Economy,500,215.0,,447,Y,Y,Y,1,7,1,23,Thursday,False,False,False,Suvarnabhumi Airport,BKK
Brunei International Airport,BWN,2024-07-04 18:30,Ninoy Aquino International Airport,MNL,2024-07-04 20:45,135,Royal Brunei,Economy,1700,1360.0,True,490,Y,Y,Y,1,7,1,20,Thursday,False,False,False,Suvarnabhumi Airport,BKK
Brunei International Airport,BWN,2024-07-04 18:30,Ninoy Aquino International Airport,MNL,2024-07-04 20:45,135,Royal Brunei,Economy,1420,1070.0,True,557,Y,Y,Y,1,7,1,20,Thursday,False,False,False,Suvarnabhumi Airport,BKK
Brunei International Airport,BWN,2024-07-05 08:50,Kuala Lumpur International Airport,KUL,2024-07-05 11:20,150,Royal Brunei,Economy,510,225.0,,502,Y,Y,Y,1,7,1,20,Friday,False,False,False,Suvarnabhumi Airport,BKK
Brunei International Airport,BWN,2024-07-05 17:55,Kuala Lumpur International Airport,KUL,2024-07-05 20:25,150,Royal Brunei,Economy,370,80.0,,560,Y,Y,Y,1,7,1,20,Friday,False,False,False,Suvarnabhumi Airport,BKK
Brunei International Airport,BWN,2024-07-05 18:30,Ninoy Aquino International Airport,MNL,2024-07-05 20:45,135,Royal Brunei,Economy,1420,1070.0,True,428,Y,Y,Y,1,7,1,20,Friday,False,False,False,Suvarnabhumi Airport,BKK
Brunei International Airport,BWN,2024-07-05 18:30,Ninoy Aquino International Airport,MNL,2024-07-05 20:45,135,Royal Brunei,Economy,1125,775.0,True,450,Y,Y,Y,1,7,1,20,Friday,False,False,False,Suvarnabhumi Airport,BKK
Brunei International Airport,BWN,2024-07-05 08:50,Kuala Lumpur International Airport,KUL,2024-07-05 11:20,150,Royal Brunei,Economy,855,575.0,,502,Y,Y,Y,1,7,1,20,Friday,False,False,False,Suvarnabhumi Airport,BKK
Brunei International Airport,BWN,2024-07-05 17:55,Kuala Lumpur International Airport,KUL,2024-07-05 20:25,150,Royal Brunei,Economy,1295,1015.0,True,563,Y,Y,Y,1,7,1,20,Friday,False,False,False,Suvarnabhumi Airport,BKK
Brunei International Airport,BWN,2024-07-05 08:50,Kuala Lumpur International Airport,KUL,2024-07-05 11:20,150,Royal Brunei,Economy,400,120.0,,741,Y,Y,Y,1,7,1,20,Friday,False,False,False,Suvarnabhumi Airport,BKK
Brunei International Airport,BWN,2024-07-06 23:40,Ninoy Aquino International Airport,MNL,2024-07-07 02:00,140,Cebu Pacific,Economy,675,320.0,True,202,Y,N,N,1,7,0,0,Saturday,False,False,True,Suvarnabhumi Airport,BKK
Brunei International Airport,BWN,2024-07-06 12:05,Singapore Changi Airport,SIN,2024-07-06 14:20,135,Singapore Airlines,Economy,380,100.0,,514,Y,Y,Y,1,7,1,23,Saturday,False,False,False,Suvarnabhumi Airport,BKK
Brunei International Airport,BWN,2024-07-06 10:55,Suvarnabhumi Airport,BKK,2024-07-06 12:40,165,Royal Brunei,Economy,165,,,642,Y,Y,Y,1,7,1,20,Saturday,False,False,False,Suvarnabhumi Airport,BKK
Brunei International Airport,BWN,2024-07-06 08:50,Kuala Lumpur International Airport,KUL,2024-07-06 11:20,150,Royal Brunei,Economy,400,120.0,,502,Y,Y,Y,1,7,1,20,Saturday,False,False,False,Suvarnabhumi Airport,BKK
Brunei International Airport,BWN,2024-07-06 08:50,Kuala Lumpur International Airport,KUL,2024-07-06 11:20,150,Royal Brunei,Economy,510,225.0,,502,Y,Y,Y,1,7,1,20,Saturday,False,False,False,Suvarnabhumi Airport,BKK
Brunei International Airport,BWN,2024-07-06 12:05,Singapore Changi Airport,SIN,2024-07-06 14:20,135,Singapore Airlines,Economy,500,215.0,,514,Y,Y,Y,1,7,1,23,Saturday,False,False,False,Suvarnabhumi Airport,BKK
Brunei International Airport,BWN,2024-07-06 12:05,Singapore Changi Airport,SIN,2024-07-06 14:20,135,Singapore Airlines,Economy,1690,1385.0,True,1932,Y,Y,Y,1,7,1,23,Saturday,False,False,False,Suvarnabhumi Airport,BKK
Brunei International Airport,BWN,2024-07-07 23:40,Ninoy Aquino International Airport,MNL,2024-07-08 02:00,140,Cebu Pacific,Economy,675,320.0,True,213,Y,N,N,1,7,0,0,Sunday,False,False,True,Suvarnabhumi Airport,BKK
Brunei International Airport,BWN,2024-07-07 18:20,Suvarnabhumi Airport,BKK,2024-07-07 20:05,165,Royal Brunei,Economy,165,,,262,Y,Y,Y,1,7,1,20,Sunday,False,False,False,Suvarnabhumi Airport,BKK
Brunei International Airport,BWN,2024-07-07 08:50,Kuala Lumpur International Airport,KUL,2024-07-07 11:20,150,Royal Brunei,Economy,400,120.0,,560,Y,Y,Y,1,7,1,20,Sunday,False,False,False,Suvarnabhumi Airport,BKK
Brunei International Airport,BWN,2024-07-07 08:50,Kuala Lumpur International Airport,KUL,2024-07-07 11:20,150,Royal Brunei,Economy,510,225.0,,560,Y,Y,Y,1,7,1,20,Sunday,False,False,False,Suvarnabhumi Airport,BKK
Brunei International Airport,BWN,2024-07-07 17:55,Kuala Lumpur International Airport,KUL,2024-07-07 20:25,150,Royal Brunei,Economy,370,80.0,,560,Y,Y,Y,1,7,1,20,Sunday,False,False,False,Suvarnabhumi Airport,BKK
Brunei International Airport,BWN,2024-07-08 12:05,Singapore Changi Airport,SIN,2024-07-08 14:20,135,Singapore Airlines,Economy,380,100.0,,590,Y,Y,Y,1,7,1,23,Monday,True,False,False,Suvarnabhumi Airport,BKK
Brunei International Airport,BWN,2024-07-08 18:30,Ninoy Aquino International Airport,MNL,2024-07-08 20:45,135,Royal Brunei,Economy,1125,775.0,True,368,Y,Y,Y,1,7,1,20,Monday,True,False,False,Suvarnabhumi Airport,BKK
Brunei International Airport,BWN,2024-07-08 12:05,Singapore Changi Airport,SIN,2024-07-08 14:20,135,Singapore Airlines,Economy,500,215.0,,590,Y,Y,Y,1,7,1,23,Monday,True,False,False,Suvarnabhumi Airport,BKK
Brunei International Airport,BWN,2024-07-08 08:50,Kuala Lumpur International Airport,KUL,2024-07-08 11:20,150,Royal Brunei,Economy,510,225.0,,609,Y,Y,Y,1,7,1,20,Monday,True,False,False,Suvarnabhumi Airport,BKK
Brunei International Airport,BWN,2024-07-08 08:50,Kuala Lumpur International Airport,KUL,2024-07-08 11:20,150,Royal Brunei,Economy,400,120.0,,741,Y,Y,Y,1,7,1,20,Monday,True,False,False,Suvarnabhumi Airport,BKK
Brunei International Airport,BWN,2024-07-09 23:40,Ninoy Aquino International Airport,MNL,2024-07-10 02:00,140,Cebu Pacific,Economy,675,320.0,True,200,Y,N,N,1,7,0,0,Tuesday,False,False,True,Suvarnabhumi Airport,BKK
Brunei International Airport,BWN,2024-07-09 12:05,Singapore Changi Airport,SIN,2024-07-09 14:20,135,Singapore Airlines,Economy,380,100.0,,283,Y,Y,Y,1,7,1,23,Tuesday,False,False,False,Suvarnabhumi Airport,BKK
Brunei International Airport,BWN,2024-07-09 10:55,Suvarnabhumi Airport,BKK,2024-07-09 12:40,165,Royal Brunei,Economy,165,,,435,Y,Y,Y,1,7,1,20,Tuesday,False,False,False,Suvarnabhumi Airport,BKK
Brunei International Airport,BWN,2024-07-09 12:05,Singapore Changi Airport,SIN,2024-07-09 14:20,135,Singapore Airlines,Economy,660,365.0,,338,Y,Y,Y,1,7,1,23,Tuesday,False,False,False,Suvarnabhumi Airport,BKK
Brunei International Airport,BWN,2024-07-09 17:55,Kuala Lumpur International Airport,KUL,2024-07-09 20:25,150,Royal Brunei,Economy,370,80.0,,491,Y,Y,Y,1,7,1,20,Tuesday,False,False,False,Suvarnabhumi Airport,BKK
Brunei International Airport,BWN,2024-07-09 17:55,Kuala Lumpur International Airport,KUL,2024-07-09 20:25,150,Royal Brunei,Economy,1295,1015.0,True,494,Y,Y,Y,1,7,1,20,Tuesday,False,False,False,Suvarnabhumi Airport,BKK
Brunei International Airport,BWN,2024-07-10 18:20,Suvarnabhumi Airport,BKK,2024-07-10 20:05,165,Royal Brunei,Economy,165,,,262,Y,Y,Y,1,7,1,20,Wednesday,False,False,False,Suvarnabhumi Airport,BKK
Brunei International Airport,BWN,2024-07-10 15:50,Singapore Changi Airport,SIN,2024-07-10 18:00,130,Singapore Airlines,Economy,430,140.0,,306,Y,Y,Y,1,7,1,23,Wednesday,False,False,False,Suvarnabhumi Airport,BKK
Brunei International Airport,BWN,2024-07-10 17:55,Kuala Lumpur International Airport,KUL,2024-07-10 20:25,150,Royal Brunei,Economy,370,80.0,,491,Y,Y,Y,1,7,1,20,Wednesday,False,False,False,Suvarnabhumi Airport,BKK
Brunei International Airport,BWN,2024-07-11 23:40,Ninoy Aquino International Airport,MNL,2024-07-12 02:00,140,Cebu Pacific,Economy,675,320.0,True,202,Y,N,N,1,7,0,0,Thursday,False,False,True,Suvarnabhumi Airport,BKK
Brunei International Airport,BWN,2024-07-11 12:05,Singapore Changi Airport,SIN,2024-07-11 14:20,135,Singapore Airlines,Economy,380,100.0,,283,Y,Y,Y,1,7,1,23,Thursday,False,False,False,Suvarnabhumi Airport,BKK
Brunei International Airport,BWN,2024-07-11 12:05,Singapore Changi Airport,SIN,2024-07-11 14:20,135,Singapore Airlines,Economy,500,215.0,,338,Y,Y,Y,1,7,1,23,Thursday,False,False,False,Suvarnabhumi Airport,BKK
Brunei International Airport,BWN,2024-07-11 18:30,Ninoy Aquino International Airport,MNL,2024-07-11 20:45,135,Royal Brunei,Economy,1700,1360.0,True,368,Y,Y,Y,1,7,1,20,Thursday,False,False,False,Suvarnabhumi Airport,BKK
Brunei International Airport,BWN,2024-07-11 18:30,Ninoy Aquino International Airport,MNL,2024-07-11 20:45,135,Royal Brunei,Economy,1125,775.0,True,457,Y,Y,Y,1,7,1,20,Thursday,False,False,False,Suvarnabhumi Airport,BKK
Brunei International Airport,BWN,2024-07-11 08:50,Kuala Lumpur International Airport,KUL,2024-07-11 11:20,150,Royal Brunei,Economy,400,120.0,,560,Y,Y,Y,1,7,1,20,Thursday,False,False,False,Suvarnabhumi Airport,BKK
Brunei International Airport,BWN,2024-07-11 08:50,Kuala Lumpur International Airport,KUL,2024-07-11 11:20,150,Royal Brunei,Economy,510,225.0,,560,Y,Y,Y,1,7,1,20,Thursday,False,False,False,Suvarnabhumi Airport,BKK
Brunei International Airport,BWN,2024-07-11 17:55,Kuala Lumpur International Airport,KUL,2024-07-11 20:25,150,Royal Brunei,Economy,370,80.0,,560,Y,Y,Y,1,7,1,20,Thursday,False,False,False,Suvarnabhumi Airport,BKK
Brunei International Airport,BWN,2024-07-12 18:30,Ninoy Aquino International Airport,MNL,2024-07-12 20:45,135,Royal Brunei,Economy,1125,775.0,True,346,Y,Y,Y,1,7,1,20,Friday,False,False,False,Suvarnabhumi Airport,BKK
Brunei International Airport,BWN,2024-07-12 15:50,Singapore Changi Airport,SIN,2024-07-12 18:00,130,Singapore Airlines,Economy,1065,790.0,True,514,Y,Y,Y,1,7,1,23,Friday,False,False,False,Suvarnabhumi Airport,BKK
Brunei International Airport,BWN,2024-07-12 08:50,Kuala Lumpur International Airport,KUL,2024-07-12 11:20,150,Royal Brunei,Economy,400,120.0,,560,Y,Y,Y,1,7,1,20,Friday,False,False,False,Suvarnabhumi Airport,BKK
Brunei International Airport,BWN,2024-07-12 17:55,Kuala Lumpur International Airport,KUL,2024-07-12 20:25,150,Royal Brunei,Economy,370,80.0,,560,Y,Y,Y,1,7,1,20,Friday,False,False,False,Suvarnabhumi Airport,BKK
Brunei International Airport,BWN,2024-07-12 18:30,Ninoy Aquino International Airport,MNL,2024-07-12 20:45,135,Royal Brunei,Economy,1700,1360.0,True,323,Y,Y,Y,1,7,1,20,Friday,False,False,False,Suvarnabhumi Airport,BKK
Brunei International Airport,BWN,2024-07-12 15:50,Singapore Changi Airport,SIN,2024-07-12 18:00,130,Singapore Airlines,Economy,1035,740.0,True,514,Y,Y,Y,1,7,1,23,Friday,False,False,False,Suvarnabhumi Airport,BKK
Brunei International Airport,BWN,2024-07-12 08:50,Kuala Lumpur International Airport,KUL,2024-07-12 11:20,150,Royal Brunei,Economy,510,225.0,,560,Y,Y,Y,1,7,1,20,Friday,False,False,False,Suvarnabhumi Airport,BKK
Brunei International Airport,BWN,2024-07-12 17:55,Kuala Lumpur International Airport,KUL,2024-07-12 20:25,150,Royal Brunei,Economy,1295,1015.0,True,563,Y,Y,Y,1,7,1,20,Friday,False,False,False,Suvarnabhumi Airport,BKK
Brunei International Airport,BWN,2024-07-12 15:50,Singapore Changi Airport,SIN,2024-07-12 18:00,130,Singapore Airlines,Economy,1465,1165.0,True,1932,Y,Y,Y,1,7,1,23,Friday,False,False,False,Suvarnabhumi Airport,BKK
Brunei International Airport,BWN,2024-07-13 23:40,Ninoy Aquino International Airport,MNL,2024-07-14 02:00,140,Cebu Pacific,Economy,675,320.0,True,181,Y,N,N,1,7,0,0,Saturday,False,False,True,Suvarnabhumi Airport,BKK
Brunei International Airport,BWN,2024-07-13 08:50,Kuala Lumpur International Airport,KUL,2024-07-13 11:20,150,Royal Brunei,Economy,400,120.0,,502,Y,Y,Y,1,7,1,20,Saturday,False,False,False,Suvarnabhumi Airport,BKK
Brunei International Airport,BWN,2024-07-13 08:50,Kuala Lumpur International Airport,KUL,2024-07-13 11:20,150,Royal Brunei,Economy,510,225.0,,502,Y,Y,Y,1,7,1,20,Saturday,False,False,False,Suvarnabhumi Airport,BKK
Brunei International Airport,BWN,2024-07-13 12:05,Singapore Changi Airport,SIN,2024-07-13 14:20,135,Singapore Airlines,Economy,380,100.0,,590,Y,Y,Y,1,7,1,23,Saturday,False,False,False,Suvarnabhumi Airport,BKK
Brunei International Airport,BWN,2024-07-13 12:05,Singapore Changi Airport,SIN,2024-07-13 14:20,135,Singapore Airlines,Economy,500,215.0,,590,Y,Y,Y,1,7,1,23,Saturday,False,False,False,Suvarnabhumi Airport,BKK
Brunei International Airport,BWN,2024-07-13 12:05,Singapore Changi Airport,SIN,2024-07-13 14:20,135,Singapore Airlines,Economy,1690,1385.0,True,1932,Y,Y,Y,1,7,1,23,Saturday,False,False,False,Suvarnabhumi Airport,BKK
Brunei International Airport,BWN,2024-07-14 23:40,Ninoy Aquino International Airport,MNL,2024-07-15 02:00,140,Cebu Pacific,Economy,675,320.0,True,211,Y,N,N,1,7,0,0,Sunday,False,False,True,Suvarnabhumi Airport,BKK
Brunei International Airport,BWN,2024-07-14 15:50,Singapore Changi Airport,SIN,2024-07-14 18:00,130,Singapore Airlines,Economy,995,705.0,True,283,Y,Y,Y,1,7,1,23,Sunday,False,False,False,Suvarnabhumi Airport,BKK
Brunei International Airport,BWN,2024-07-14 17:55,Kuala Lumpur International Airport,KUL,2024-07-14 20:25,150,Royal Brunei,Economy,370,80.0,,502,Y,Y,Y,1,7,1,20,Sunday,False,False,False,Suvarnabhumi Airport,BKK
Brunei International Airport,BWN,2024-07-14 17:55,Kuala Lumpur International Airport,KUL,2024-07-14 20:25,150,Royal Brunei,Economy,1295,1015.0,True,505,Y,Y,Y,1,7,1,20,Sunday,False,False,False,Suvarnabhumi Airport,BKK
Brunei International Airport,BWN,2024-07-14 15:50,Singapore Changi Airport,SIN,2024-07-14 18:00,130,Singapore Airlines,Economy,1065,790.0,True,590,Y,Y,Y,1,7,1,23,Sunday,False,False,False,Suvarnabhumi Airport,BKK
Brunei International Airport,BWN,2024-07-14 08:50,Kuala Lumpur International Airport,KUL,2024-07-14 11:20,150,Royal Brunei,Economy,510,225.0,,609,Y,Y,Y,1,7,1,20,Sunday,False,False,False,Suvarnabhumi Airport,BKK
Brunei International Airport,BWN,2024-07-14 08:50,Kuala Lumpur International Airport,KUL,2024-07-14 11:20,150,Royal Brunei,Economy,400,120.0,,741,Y,Y,Y,1,7,1,20,Sunday,False,False,False,Suvarnabhumi Airport,BKK
Brunei International Airport,BWN,2024-07-14 15:50,Singapore Changi Airport,SIN,2024-07-14 18:00,130,Singapore Airlines,Economy,1465,1165.0,True,1932,Y,Y,Y,1,7,1,23,Sunday,False,False,False,Suvarnabhumi Airport,BKK
Brunei International Airport,BWN,2024-07-15 12:05,Singapore Changi Airport,SIN,2024-07-15 14:20,135,Singapore Airlines,Economy,380,100.0,,262,Y,Y,Y,1,7,1,23,Monday,True,False,False,Suvarnabhumi Airport,BKK
Brunei International Airport,BWN,2024-07-15 12:05,Singapore Changi Airport,SIN,2024-07-15 14:20,135,Singapore Airlines,Economy,500,215.0,,306,Y,Y,Y,1,7,1,23,Monday,True,False,False,Suvarnabhumi Airport,BKK
Brunei International Airport,BWN,2024-07-15 18:30,Ninoy Aquino International Airport,MNL,2024-07-15 20:45,135,Royal Brunei,Economy,1125,775.0,True,390,Y,Y,Y,1,7,1,20,Monday,True,False,False,Suvarnabhumi Airport,BKK
Brunei International Airport,BWN,2024-07-15 08:50,Kuala Lumpur International Airport,KUL,2024-07-15 11:20,150,Royal Brunei,Economy,400,120.0,,502,Y,Y,Y,1,7,1,20,Monday,True,False,False,Suvarnabhumi Airport,BKK
Brunei International Airport,BWN,2024-07-15 08:50,Kuala Lumpur International Airport,KUL,2024-07-15 11:20,150,Royal Brunei,Economy,510,225.0,,502,Y,Y,Y,1,7,1,20,Monday,True,False,False,Suvarnabhumi Airport,BKK
Brunei International Airport,BWN,2024-07-16 12:05,Singapore Changi Airport,SIN,2024-07-16 14:20,135,Singapore Airlines,Economy,380,100.0,,262,Y,Y,Y,1,7,1,23,Tuesday,False,False,False,Suvarnabhumi Airport,BKK
Brunei International Airport,BWN,2024-07-16 23:40,Ninoy Aquino International Airport,MNL,2024-07-17 02:00,140,Cebu Pacific,Economy,675,320.0,True,219,Y,N,N,1,7,0,0,Tuesday,False,False,True,Suvarnabhumi Airport,BKK
Brunei International Airport,BWN,2024-07-16 12:05,Singapore Changi Airport,SIN,2024-07-16 14:20,135,Singapore Airlines,Economy,660,365.0,,283,Y,Y,Y,1,7,1,23,Tuesday,False,False,False,Suvarnabhumi Airport,BKK
Brunei International Airport,BWN,2024-07-16 17:55,Kuala Lumpur International Airport,KUL,2024-07-16 20:25,150,Royal Brunei,Economy,370,80.0,,491,Y,Y,Y,1,7,1,20,Tuesday,False,False,False,Suvarnabhumi Airport,BKK
Brunei International Airport,BWN,2024-07-16 17:55,Kuala Lumpur International Airport,KUL,2024-07-16 20:25,150,Royal Brunei,Economy,1295,1015.0,True,494,Y,Y,Y,1,7,1,20,Tuesday,False,False,False,Suvarnabhumi Airport,BKK
Brunei International Airport,BWN,2024-07-17 15:50,Singapore Changi Airport,SIN,2024-07-17 18:00,130,Singapore Airlines,Economy,430,140.0,,262,Y,Y,Y,1,7,1,23,Wednesday,False,False,False,Suvarnabhumi Airport,BKK
Brunei International Airport,BWN,2024-07-17 15:50,Singapore Changi Airport,SIN,2024-07-17 18:00,130,Singapore Airlines,Economy,1065,790.0,True,283,Y,Y,Y,1,7,1,23,Wednesday,False,False,False,Suvarnabhumi Airport,BKK
Brunei International Airport,BWN,2024-07-17 17:55,Kuala Lumpur International Airport,KUL,2024-07-17 20:25,150,Royal Brunei,Economy,370,80.0,,491,Y,Y,Y,1,7,1,20,Wednesday,False,False,False,Suvarnabhumi Airport,BKK
Brunei International Airport,BWN,2024-07-17 17:55,Kuala Lumpur International Airport,KUL,2024-07-17 20:25,150,Royal Brunei,Economy,1295,1015.0,True,494,Y,Y,Y,1,7,1,20,Wednesday,False,False,False,Suvarnabhumi Airport,BKK
Brunei International Airport,BWN,2024-07-17 15:50,Singapore Changi Airport,SIN,2024-07-17 18:00,130,Singapore Airlines,Economy,1465,1165.0,True,1932,Y,Y,Y,1,7,1,23,Wednesday,False,False,False,Suvarnabhumi Airport,BKK
Brunei International Airport,BWN,2024-07-18 23:40,Ninoy Aquino International Airport,MNL,2024-07-19 02:00,140,Cebu Pacific,Economy,675,320.0,True,234,Y,N,N,1,7,0,0,Thursday,False,False,True,Suvarnabhumi Airport,BKK
Brunei International Airport,BWN,2024-07-18 12:05,Singapore Changi Airport,SIN,2024-07-18 14:20,135,Singapore Airlines,Economy,380,100.0,,262,Y,Y,Y,1,7,1,23,Thursday,False,False,False,Suvarnabhumi Airport,BKK
Brunei International Airport,BWN,2024-07-18 12:05,Singapore Changi Airport,SIN,2024-07-18 14:20,135,Singapore Airlines,Economy,500,215.0,,338,Y,Y,Y,1,7,1,23,Thursday,False,False,False,Suvarnabhumi Airport,BKK
Brunei International Airport,BWN,2024-07-18 12:05,Singapore Changi Airport,SIN,2024-07-18 14:20,135,Singapore Airlines,Economy,1220,925.0,True,306,Y,Y,Y,1,7,1,23,Thursday,False,False,False,Suvarnabhumi Airport,BKK
Brunei International Airport,BWN,2024-07-18 18:30,Ninoy Aquino International Airport,MNL,2024-07-18 20:45,135,Royal Brunei,Economy,1125,775.0,True,331,Y,Y,Y,1,7,1,20,Thursday,False,False,False,Suvarnabhumi Airport,BKK
Brunei International Airport,BWN,2024-07-18 08:50,Kuala Lumpur International Airport,KUL,2024-07-18 11:20,150,Royal Brunei,Economy,400,120.0,,491,Y,Y,Y,1,7,1,20,Thursday,False,False,False,Suvarnabhumi Airport,BKK
Brunei International Airport,BWN,2024-07-18 08:50,Kuala Lumpur International Airport,KUL,2024-07-18 11:20,150,Royal Brunei,Economy,510,225.0,,491,Y,Y,Y,1,7,1,20,Thursday,False,False,False,Suvarnabhumi Airport,BKK
Brunei International Airport,BWN,2024-07-18 17:55,Kuala Lumpur International Airport,KUL,2024-07-18 20:25,150,Royal Brunei,Economy,370,80.0,,491,Y,Y,Y,1,7,1,20,Thursday,False,False,False,Suvarnabhumi Airport,BKK
Brunei International Airport,BWN,2024-07-19 15:50,Singapore Changi Airport,SIN,2024-07-19 18:00,130,Singapore Airlines,Economy,1065,790.0,True,283,Y,Y,Y,1,7,1,23,Friday,False,False,False,Suvarnabhumi Airport,BKK
Brunei International Airport,BWN,2024-07-19 15:50,Singapore Changi Airport,SIN,2024-07-19 18:00,130,Singapore Airlines,Economy,1035,740.0,True,306,Y,Y,Y,1,7,1,23,Friday,False,False,False,Suvarnabhumi Airport,BKK
Brunei International Airport,BWN,2024-07-19 18:30,Ninoy Aquino International Airport,MNL,2024-07-19 20:45,135,Royal Brunei,Economy,1125,775.0,True,309,Y,Y,Y,1,7,1,20,Friday,False,False,False,Suvarnabhumi Airport,BKK
Brunei International Airport,BWN,2024-07-19 17:55,Kuala Lumpur International Airport,KUL,2024-07-19 20:25,150,Royal Brunei,Economy,370,80.0,,468,Y,Y,Y,1,7,1,20,Friday,False,False,False,Suvarnabhumi Airport,BKK
Brunei International Airport,BWN,2024-07-19 08:50,Kuala Lumpur International Airport,KUL,2024-07-19 11:20,150,Royal Brunei,Economy,400,120.0,,491,Y,Y,Y,1,7,1,20,Friday,False,False,False,Suvarnabhumi Airport,BKK
Brunei International Airport,BWN,2024-07-19 17:55,Kuala Lumpur International Airport,KUL,2024-07-19 20:25,150,Royal Brunei,Economy,1295,1015.0,True,471,Y,Y,Y,1,7,1,20,Friday,False,False,False,Suvarnabhumi Airport,BKK
Brunei International Airport,BWN,2024-07-19 08:50,Kuala Lumpur International Airport,KUL,2024-07-19 11:20,150,Royal Brunei,Economy,510,225.0,,491,Y,Y,Y,1,7,1,20,Friday,False,False,False,Suvarnabhumi Airport,BKK
Brunei International Airport,BWN,2024-07-19 15:50,Singapore Changi Airport,SIN,2024-07-19 18:00,130,Singapore Airlines,Economy,1465,1165.0,True,1932,Y,Y,Y,1,7,1,23,Friday,False,False,False,Suvarnabhumi Airport,BKK
Brunei International Airport,BWN,2024-07-20 12:05,Singapore Changi Airport,SIN,2024-07-20 14:20,135,Singapore Airlines,Economy,380,100.0,,262,Y,Y,Y,1,7,1,23,Saturday,False,True,False,Suvarnabhumi Airport,BKK
Brunei International Airport,BWN,2024-07-20 12:05,Singapore Changi Airport,SIN,2024-07-20 14:20,135,Singapore Airlines,Economy,500,215.0,,306,Y,Y,Y,1,7,1,23,Saturday,False,True,False,Suvarnabhumi Airport,BKK
Brunei International Airport,BWN,2024-07-20 12:05,Singapore Changi Airport,SIN,2024-07-20 14:20,135,Singapore Airlines,Economy,1655,1355.0,True,262,Y,Y,Y,1,7,1,23,Saturday,False,True,False,Suvarnabhumi Airport,BKK
Brunei International Airport,BWN,2024-07-20 12:05,Singapore Changi Airport,SIN,2024-07-20 14:20,135,Singapore Airlines,Economy,1690,1385.0,True,1932,Y,Y,Y,1,7,1,23,Saturday,False,True,False,Suvarnabhumi Airport,BKK
Brunei International Airport,BWN,2024-07-21 18:20,Suvarnabhumi Airport,BKK,2024-07-21 20:05,165,Royal Brunei,Economy,165,,,262,Y,Y,Y,1,7,1,20,Sunday,False,False,False,Suvarnabhumi Airport,BKK
Brunei International Airport,BWN,2024-07-21 23:40,Ninoy Aquino International Airport,MNL,2024-07-22 02:00,140,Cebu Pacific,Economy,675,320.0,True,205,Y,N,N,1,7,0,0,Sunday,False,True,True,Suvarnabhumi Airport,BKK
Brunei International Airport,BWN,2024-07-21 15:50,Singapore Changi Airport,SIN,2024-07-21 18:00,130,Singapore Airlines,Economy,995,705.0,True,262,Y,Y,Y,1,7,1,23,Sunday,False,False,False,Suvarnabhumi Airport,BKK
Brunei International Airport,BWN,2024-07-21 17:55,Kuala Lumpur International Airport,KUL,2024-07-21 20:25,150,Royal Brunei,Economy,370,80.0,,468,Y,Y,Y,1,7,1,20,Sunday,False,False,False,Suvarnabhumi Airport,BKK
Brunei International Airport,BWN,2024-07-21 08:50,Kuala Lumpur International Airport,KUL,2024-07-21 11:20,150,Royal Brunei,Economy,400,120.0,,491,Y,Y,Y,1,7,1,20,Sunday,False,False,False,Suvarnabhumi Airport,BKK
Brunei International Airport,BWN,2024-07-21 08:50,Kuala Lumpur International Airport,KUL,2024-07-21 11:20,150,Royal Brunei,Economy,510,225.0,,491,Y,Y,Y,1,7,1,20,Sunday,False,False,False,Suvarnabhumi Airport,BKK
Brunei International Airport,BWN,2024-07-22 12:05,Singapore Changi Airport,SIN,2024-07-22 14:20,135,Singapore Airlines,Economy,380,100.0,,262,Y,Y,Y,1,7,1,23,Monday,False,True,False,Suvarnabhumi Airport,BKK
Brunei International Airport,BWN,2024-07-22 12:05,Singapore Changi Airport,SIN,2024-07-22 14:20,135,Singapore Airlines,Economy,1220,925.0,True,283,Y,Y,Y,1,7,1,23,Monday,False,True,False,Suvarnabhumi Airport,BKK
Brunei International Airport,BWN,2024-07-22 12:05,Singapore Changi Airport,SIN,2024-07-22 14:20,135,Singapore Airlines,Economy,500,215.0,,306,Y,Y,Y,1,7,1,23,Monday,False,True,False,Suvarnabhumi Airport,BKK
Brunei International Airport,BWN,2024-07-22 18:30,Ninoy Aquino International Airport,MNL,2024-07-22 20:45,135,Royal Brunei,Economy,1125,775.0,True,309,Y,Y,Y,1,7,1,20,Monday,False,True,False,Suvarnabhumi Airport,BKK
Brunei International Airport,BWN,2024-07-22 08:50,Kuala Lumpur International Airport,KUL,2024-07-22 11:20,150,Royal Brunei,Economy,400,120.0,,491,Y,Y,Y,1,7,1,20,Monday,False,True,False,Suvarnabhumi Airport,BKK
Brunei International Airport,BWN,2024-07-22 08:50,Kuala Lumpur International Airport,KUL,2024-07-22 11:20,150,Royal Brunei,Economy,510,225.0,,491,Y,Y,Y,1,7,1,20,Monday,False,True,False,Suvarnabhumi Airport,BKK
Brunei International Airport,BWN,2024-07-23 23:40,Ninoy Aquino International Airport,MNL,2024-07-24 02:00,140,Cebu Pacific,Economy,675,320.0,True,190,Y,N,N,1,7,0,0,Tuesday,False,False,True,Suvarnabhumi Airport,BKK
Brunei International Airport,BWN,2024-07-23 12:05,Singapore Changi Airport,SIN,2024-07-23 14:20,135,Singapore Airlines,Economy,380,100.0,,262,Y,Y,Y,1,7,1,23,Tuesday,False,False,False,Suvarnabhumi Airport,BKK
Brunei International Airport,BWN,2024-07-23 10:55,Suvarnabhumi Airport,BKK,2024-07-23 12:40,165,Royal Brunei,Economy,165,,,435,Y,Y,Y,1,7,1,20,Tuesday,False,False,False,Suvarnabhumi Airport,BKK
Brunei International Airport,BWN,2024-07-23 12:05,Singapore Changi Airport,SIN,2024-07-23 14:20,135,Singapore Airlines,Economy,660,365.0,,262,Y,Y,Y,1,7,1,23,Tuesday,False,False,False,Suvarnabhumi Airport,BKK
Brunei International Airport,BWN,2024-07-23 17:55,Kuala Lumpur International Airport,KUL,2024-07-23 20:25,150,Royal Brunei,Economy,370,80.0,,468,Y,Y,Y,1,7,1,20,Tuesday,False,False,False,Suvarnabhumi Airport,BKK
Brunei International Airport,BWN,2024-07-23 17:55,Kuala Lumpur International Airport,KUL,2024-07-23 20:25,150,Royal Brunei,Economy,1295,1015.0,True,471,Y,Y,Y,1,7,1,20,Tuesday,False,False,False,Suvarnabhumi Airport,BKK
Brunei International Airport,BWN,2024-07-24 18:20,Suvarnabhumi Airport,BKK,2024-07-24 20:05,165,Royal Brunei,Economy,165,,,262,Y,Y,Y,1,7,1,20,Wednesday,False,False,False,Suvarnabhumi Airport,BKK
Brunei International Airport,BWN,2024-07-24 15:50,Singapore Changi Airport,SIN,2024-07-24 18:00,130,Singapore Airlines,Economy,430,140.0,,283,Y,Y,Y,1,7,1,23,Wednesday,False,False,False,Suvarnabhumi Airport,BKK
Brunei International Airport,BWN,2024-07-24 17:55,Kuala Lumpur International Airport,KUL,2024-07-24 20:25,150,Royal Brunei,Economy,370,80.0,,468,Y,Y,Y,1,7,1,20,Wednesday,False,False,False,Suvarnabhumi Airport,BKK
Brunei International Airport,BWN,2024-07-25 23:40,Ninoy Aquino International Airport,MNL,2024-07-26 02:00,140,Cebu Pacific,Economy,675,320.0,True,211,Y,N,N,1,7,0,0,Thursday,False,False,True,Suvarnabhumi Airport,BKK
Brunei International Airport,BWN,2024-07-25 12:05,Singapore Changi Airport,SIN,2024-07-25 14:20,135,Singapore Airlines,Economy,380,100.0,,262,Y,Y,Y,1,7,1,23,Thursday,False,False,False,Suvarnabhumi Airport,BKK
Brunei International Airport,BWN,2024-07-25 12:05,Singapore Changi Airport,SIN,2024-07-25 14:20,135,Singapore Airlines,Economy,500,215.0,,283,Y,Y,Y,1,7,1,23,Thursday,False,False,False,Suvarnabhumi Airport,BKK
Brunei International Airport,BWN,2024-07-25 18:30,Ninoy Aquino International Airport,MNL,2024-07-25 20:45,135,Royal Brunei,Economy,1125,775.0,True,309,Y,Y,Y,1,7,1,20,Thursday,False,False,False,Suvarnabhumi Airport,BKK
Brunei International Airport,BWN,2024-07-25 17:55,Kuala Lumpur International Airport,KUL,2024-07-25 20:25,150,Royal Brunei,Economy,370,80.0,,468,Y,Y,Y,1,7,1,20,Thursday,False,False,False,Suvarnabhumi Airport,BKK
Brunei International Airport,BWN,2024-07-25 17:55,Kuala Lumpur International Airport,KUL,2024-07-25 20:25,150,Royal Brunei,Economy,1295,1015.0,True,471,Y,Y,Y,1,7,1,20,Thursday,False,False,False,Suvarnabhumi Airport,BKK
Brunei International Airport,BWN,2024-07-25 08:50,Kuala Lumpur International Airport,KUL,2024-07-25 11:20,150,Royal Brunei,Economy,400,120.0,,491,Y,Y,Y,1,7,1,20,Thursday,False,False,False,Suvarnabhumi Airport,BKK
Brunei International Airport,BWN,2024-07-25 08:50,Kuala Lumpur International Airport,KUL,2024-07-25 11:20,150,Royal Brunei,Economy,510,225.0,,491,Y,Y,Y,1,7,1,20,Thursday,False,False,False,Suvarnabhumi Airport,BKK
Brunei International Airport,BWN,2024-07-26 15:50,Singapore Changi Airport,SIN,2024-07-26 18:00,130,Singapore Airlines,Economy,455,165.0,,338,Y,Y,Y,1,7,1,23,Friday,False,False,False,Suvarnabhumi Airport,BKK
Brunei International Airport,BWN,2024-07-26 08:50,Kuala Lumpur International Airport,KUL,2024-07-26 11:20,150,Royal Brunei,Economy,400,120.0,,491,Y,Y,Y,1,7,1,20,Friday,False,False,False,Suvarnabhumi Airport,BKK
Brunei International Airport,BWN,2024-07-26 15:50,Singapore Changi Airport,SIN,2024-07-26 18:00,130,Singapore Airlines,Economy,1410,1130.0,True,262,Y,Y,Y,1,7,1,23,Friday,False,False,False,Suvarnabhumi Airport,BKK
Brunei International Airport,BWN,2024-07-26 15:50,Singapore Changi Airport,SIN,2024-07-26 18:00,130,Singapore Airlines,Economy,1715,1435.0,True,262,Y,Y,Y,1,7,1,23,Friday,False,False,False,Suvarnabhumi Airport,BKK
Brunei International Airport,BWN,2024-07-26 15:50,Singapore Changi Airport,SIN,2024-07-26 18:00,130,Singapore Airlines,Economy,1210,930.0,True,283,Y,Y,Y,1,7,1,23,Friday,False,False,False,Suvarnabhumi Airport,BKK
Brunei International Airport,BWN,2024-07-26 15:50,Singapore Changi Airport,SIN,2024-07-26 18:00,130,Singapore Airlines,Economy,1565,1270.0,True,283,Y,Y,Y,1,7,1,23,Friday,False,False,False,Suvarnabhumi Airport,BKK
Brunei International Airport,BWN,2024-07-26 15:50,Singapore Changi Airport,SIN,2024-07-26 18:00,130,Singapore Airlines,Economy,1035,740.0,True,306,Y,Y,Y,1,7,1,23,Friday,False,False,False,Suvarnabhumi Airport,BKK
Brunei International Airport,BWN,2024-07-26 18:30,Ninoy Aquino International Airport,MNL,2024-07-26 20:45,135,Royal Brunei,Economy,1125,775.0,True,309,Y,Y,Y,1,7,1,20,Friday,False,False,False,Suvarnabhumi Airport,BKK
Brunei International Airport,BWN,2024-07-26 17:55,Kuala Lumpur International Airport,KUL,2024-07-26 20:25,150,Royal Brunei,Economy,370,80.0,,468,Y,Y,Y,1,7,1,20,Friday,False,False,False,Suvarnabhumi Airport,BKK
Brunei International Airport,BWN,2024-07-26 15:50,Singapore Changi Airport,SIN,2024-07-26 18:00,130,Singapore Airlines,Economy,1465,1165.0,True,1932,Y,Y,Y,1,7,1,23,Friday,False,False,False,Suvarnabhumi Airport,BKK
Brunei International Airport,BWN,2024-07-27 12:05,Singapore Changi Airport,SIN,2024-07-27 14:20,135,Singapore Airlines,Economy,380,100.0,,262,Y,Y,Y,1,7,1,23,Saturday,False,False,False,Suvarnabhumi Airport,BKK
Brunei International Airport,BWN,2024-07-27 10:55,Suvarnabhumi Airport,BKK,2024-07-27 12:40,165,Royal Brunei,Economy,165,,,339,Y,Y,Y,1,7,1,20,Saturday,False,False,False,Suvarnabhumi Airport,BKK
Brunei International Airport,BWN,2024-07-27 12:05,Singapore Changi Airport,SIN,2024-07-27 14:20,135,Singapore Airlines,Economy,500,215.0,,262,Y,Y,Y,1,7,1,23,Saturday,False,False,False,Suvarnabhumi Airport,BKK
Brunei International Airport,BWN,2024-07-27 08:50,Kuala Lumpur International Airport,KUL,2024-07-27 11:20,150,Royal Brunei,Economy,400,120.0,,468,Y,Y,Y,1,7,1,20,Saturday,False,False,False,Suvarnabhumi Airport,BKK
Brunei International Airport,BWN,2024-07-27 12:05,Singapore Changi Airport,SIN,2024-07-27 14:20,135,Singapore Airlines,Economy,1690,1385.0,True,1932,Y,Y,Y,1,7,1,23,Saturday,False,False,False,Suvarnabhumi Airport,BKK
Brunei International Airport,BWN,2024-07-28 18:20,Suvarnabhumi Airport,BKK,2024-07-28 20:05,165,Royal Brunei,Economy,165,,,262,Y,Y,Y,1,7,1,20,Sunday,False,True,False,Suvarnabhumi Airport,BKK
Brunei International Airport,BWN,2024-07-28 23:40,Ninoy Aquino International Airport,MNL,2024-07-29 02:00,140,Cebu Pacific,Economy,675,320.0,True,202,Y,N,N,1,7,0,0,Sunday,False,True,True,Suvarnabhumi Airport,BKK
Brunei International Airport,BWN,2024-07-28 15:50,Singapore Changi Airport,SIN,2024-07-28 18:00,130,Singapore Airlines,Economy,995,705.0,True,262,Y,Y,Y,1,7,1,23,Sunday,False,True,False,Suvarnabhumi Airport,BKK
Brunei International Airport,BWN,2024-07-28 17:55,Kuala Lumpur International Airport,KUL,2024-07-28 20:25,150,Royal Brunei,Economy,370,80.0,,468,Y,Y,Y,1,7,1,20,Sunday,False,True,False,Suvarnabhumi Airport,BKK
Brunei International Airport,BWN,2024-07-28 08:50,Kuala Lumpur International Airport,KUL,2024-07-28 11:20,150,Royal Brunei,Economy,400,120.0,,491,Y,Y,Y,1,7,1,20,Sunday,False,True,False,Suvarnabhumi Airport,BKK
Brunei International Airport,BWN,2024-07-28 08:50,Kuala Lumpur International Airport,KUL,2024-07-28 11:20,150,Royal Brunei,Economy,510,225.0,,491,Y,Y,Y,1,7,1,20,Sunday,False,True,False,Suvarnabhumi Airport,BKK
Brunei International Airport,BWN,2024-07-29 12:05,Singapore Changi Airport,SIN,2024-07-29 14:20,135,Singapore Airlines,Economy,380,100.0,,262,Y,Y,Y,1,7,1,23,Monday,False,True,False,Suvarnabhumi Airport,BKK
Brunei International Airport,BWN,2024-07-29 12:05,Singapore Changi Airport,SIN,2024-07-29 14:20,135,Singapore Airlines,Economy,1220,925.0,True,262,Y,Y,Y,1,7,1,23,Monday,False,True,False,Suvarnabhumi Airport,BKK
Brunei International Airport,BWN,2024-07-29 18:30,Ninoy Aquino International Airport,MNL,2024-07-29 20:45,135,Royal Brunei,Economy,1125,775.0,True,309,Y,Y,Y,1,7,1,20,Monday,False,True,False,Suvarnabhumi Airport,BKK
Brunei International Airport,BWN,2024-07-29 12:05,Singapore Changi Airport,SIN,2024-07-29 14:20,135,Singapore Airlines,Economy,660,370.0,,447,Y,Y,Y,1,7,1,23,Monday,False,True,False,Suvarnabhumi Airport,BKK
Brunei International Airport,BWN,2024-07-29 08:50,Kuala Lumpur International Airport,KUL,2024-07-29 11:20,150,Royal Brunei,Economy,400,120.0,,468,Y,Y,Y,1,7,1,20,Monday,False,True,False,Suvarnabhumi Airport,BKK
Brunei International Airport,BWN,2024-07-29 08:50,Kuala Lumpur International Airport,KUL,2024-07-29 11:20,150,Royal Brunei,Economy,510,225.0,,468,Y,Y,Y,1,7,1,20,Monday,False,True,False,Suvarnabhumi Airport,BKK
Brunei International Airport,BWN,2024-07-30 23:40,Ninoy Aquino International Airport,MNL,2024-07-31 02:00,140,Cebu Pacific,Economy,675,320.0,True,229,Y,N,N,1,7,0,0,Tuesday,False,False,True,Suvarnabhumi Airport,BKK
Brunei International Airport,BWN,2024-07-30 12:05,Singapore Changi Airport,SIN,2024-07-30 14:20,135,Singapore Airlines,Economy,380,100.0,,262,Y,Y,Y,1,7,1,23,Tuesday,False,False,False,Suvarnabhumi Airport,BKK
Brunei International Airport,BWN,2024-07-30 12:05,Singapore Changi Airport,SIN,2024-07-30 14:20,135,Singapore Airlines,Economy,500,215.0,,283,Y,Y,Y,1,7,1,23,Tuesday,False,False,False,Suvarnabhumi Airport,BKK
Brunei International Airport,BWN,2024-07-30 10:55,Suvarnabhumi Airport,BKK,2024-07-30 12:40,165,Royal Brunei,Economy,165,,,380,Y,Y,Y,1,7,1,20,Tuesday,False,False,False,Suvarnabhumi Airport,BKK
Brunei International Airport,BWN,2024-07-30 17:55,Kuala Lumpur International Airport,KUL,2024-07-30 20:25,150,Royal Brunei,Economy,370,80.0,,468,Y,Y,Y,1,7,1,20,Tuesday,False,False,False,Suvarnabhumi Airport,BKK
Brunei International Airport,BWN,2024-07-30 12:05,Singapore Changi Airport,SIN,2024-07-30 14:20,135,Singapore Airlines,Economy,1220,925.0,True,262,Y,Y,Y,1,7,1,23,Tuesday,False,False,False,Suvarnabhumi Airport,BKK
Brunei International Airport,BWN,2024-07-30 17:55,Kuala Lumpur International Airport,KUL,2024-07-30 20:25,150,Royal Brunei,Economy,1295,1015.0,True,471,Y,Y,Y,1,7,1,20,Tuesday,False,False,False,Suvarnabhumi Airport,BKK
Brunei International Airport,BWN,2024-07-30 12:05,Singapore Changi Airport,SIN,2024-07-30 14:20,135,Singapore Airlines,Economy,1690,1385.0,True,1932,Y,Y,Y,1,7,1,23,Tuesday,False,False,False,Suvarnabhumi Airport,BKK
Brunei International Airport,BWN,2024-07-31 15:50,Singapore Changi Airport,SIN,2024-07-31 18:00,130,Singapore Airlines,Economy,430,140.0,,262,Y,Y,Y,1,7,1,23,Wednesday,False,False,False,Suvarnabhumi Airport,BKK
Brunei International Airport,BWN,2024-07-31 15:50,Singapore Changi Airport,SIN,2024-07-31 18:00,130,Singapore Airlines,Economy,1065,790.0,True,262,Y,Y,Y,1,7,1,23,Wednesday,False,False,False,Suvarnabhumi Airport,BKK
Brunei International Airport,BWN,2024-07-31 18:20,Suvarnabhumi Airport,BKK,2024-07-31 20:05,165,Royal Brunei,Economy,165,,,380,Y,Y,Y,1,7,1,20,Wednesday,False,False,False,Suvarnabhumi Airport,BKK
Brunei International Airport,BWN,2024-07-31 17:55,Kuala Lumpur International Airport,KUL,2024-07-31 20:25,150,Royal Brunei,Economy,370,80.0,,502,Y,Y,Y,1,7,1,20,Wednesday,False,False,False,Suvarnabhumi Airport,BKK
Brunei International Airport,BWN,2024-08-01 23:40,Ninoy Aquino International Airport,MNL,2024-08-02 02:00,140,Cebu Pacific,Economy,675,320.0,True,181,Y,N,N,1,7,0,0,Thursday,False,False,True,Suvarnabhumi Airport,BKK
Brunei International Airport,BWN,2024-08-01 12:05,Singapore Changi Airport,SIN,2024-08-01 14:20,135,Singapore Airlines,Economy,380,100.0,,262,Y,Y,Y,1,7,1,23,Thursday,False,False,False,Suvarnabhumi Airport,BKK
Brunei International Airport,BWN,2024-08-01 12:05,Singapore Changi Airport,SIN,2024-08-01 14:20,135,Singapore Airlines,Economy,390,110.0,,262,Y,Y,Y,1,7,1,23,Thursday,False,False,False,Suvarnabhumi Airport,BKK
Brunei International Airport,BWN,2024-08-01 18:30,Ninoy Aquino International Airport,MNL,2024-08-01 20:45,135,Royal Brunei,Economy,1125,775.0,True,309,Y,Y,Y,1,7,1,20,Thursday,False,False,False,Suvarnabhumi Airport,BKK
Brunei International Airport,BWN,2024-08-01 17:55,Kuala Lumpur International Airport,KUL,2024-08-01 20:25,150,Royal Brunei,Economy,370,80.0,,468,Y,Y,Y,1,7,1,20,Thursday,False,False,False,Suvarnabhumi Airport,BKK
Brunei International Airport,BWN,2024-08-01 17:55,Kuala Lumpur International Airport,KUL,2024-08-01 20:25,150,Royal Brunei,Economy,1295,1015.0,True,471,Y,Y,Y,1,7,1,20,Thursday,False,False,False,Suvarnabhumi Airport,BKK
Brunei International Airport,BWN,2024-08-01 08:50,Kuala Lumpur International Airport,KUL,2024-08-01 11:20,150,Royal Brunei,Economy,400,120.0,,491,Y,Y,Y,1,7,1,20,Thursday,False,False,False,Suvarnabhumi Airport,BKK
Brunei International Airport,BWN,2024-08-01 08:50,Kuala Lumpur International Airport,KUL,2024-08-01 11:20,150,Royal Brunei,Economy,510,225.0,,491,Y,Y,Y,1,7,1,20,Thursday,False,False,False,Suvarnabhumi Airport,BKK
Brunei International Airport,BWN,2024-08-01 12:05,Singapore Changi Airport,SIN,2024-08-01 14:20,135,Singapore Airlines,Economy,1690,1385.0,True,1932,Y,Y,Y,1,7,1,23,Thursday,False,False,False,Suvarnabhumi Airport,BKK
Brunei International Airport,BWN,2024-08-02 18:30,Ninoy Aquino International Airport,MNL,2024-08-02 20:45,135,Royal Brunei,Economy,1125,775.0,True,309,Y,Y,Y,1,7,1,20,Friday,False,False,False,Suvarnabhumi Airport,BKK
Brunei International Airport,BWN,2024-08-02 08:50,Kuala Lumpur International Airport,KUL,2024-08-02 11:20,150,Royal Brunei,Economy,400,120.0,,491,Y,Y,Y,1,7,1,20,Friday,False,False,False,Suvarnabhumi Airport,BKK
Brunei International Airport,BWN,2024-08-02 17:55,Kuala Lumpur International Airport,KUL,2024-08-02 20:25,150,Royal Brunei,Economy,370,80.0,,491,Y,Y,Y,1,7,1,20,Friday,False,False,False,Suvarnabhumi Airport,BKK
Brunei International Airport,BWN,2024-08-02 15:50,Singapore Changi Airport,SIN,2024-08-02 18:00,130,Singapore Airlines,Economy,455,165.0,,514,Y,Y,Y,1,7,1,23,Friday,False,False,False,Suvarnabhumi Airport,BKK
Brunei International Airport,BWN,2024-08-02 08:50,Kuala Lumpur International Airport,KUL,2024-08-02 11:20,150,Royal Brunei,Economy,510,225.0,,491,Y,Y,Y,1,7,1,20,Friday,False,False,False,Suvarnabhumi Airport,BKK
Brunei International Airport,BWN,2024-08-02 17:55,Kuala Lumpur International Airport,KUL,2024-08-02 20:25,150,Royal Brunei,Economy,1295,1015.0,True,494,Y,Y,Y,1,7,1,20,Friday,False,False,False,Suvarnabhumi Airport,BKK
Brunei International Airport,BWN,2024-08-02 15:50,Singapore Changi Airport,SIN,2024-08-02 18:00,130,Singapore Airlines,Economy,1065,790.0,True,514,Y,Y,Y,1,7,1,23,Friday,False,False,False,Suvarnabhumi Airport,BKK
Brunei International Airport,BWN,2024-08-02 15:50,Singapore Changi Airport,SIN,2024-08-02 18:00,130,Singapore Airlines,Economy,1465,1165.0,True,1932,Y,Y,Y,1,7,1,23,Friday,False,False,False,Suvarnabhumi Airport,BKK
Brunei International Airport,BWN,2024-08-03 23:40,Ninoy Aquino International Airport,MNL,2024-08-04 02:00,140,Cebu Pacific,Economy,675,320.0,True,156,Y,N,N,1,7,0,0,Saturday,False,False,True,Suvarnabhumi Airport,BKK
Brunei International Airport,BWN,2024-08-03 12:05,Singapore Changi Airport,SIN,2024-08-03 14:20,135,Singapore Airlines,Economy,380,100.0,,262,Y,Y,Y,1,7,1,23,Saturday,False,False,False,Suvarnabhumi Airport,BKK
Brunei International Airport,BWN,2024-08-03 10:55,Suvarnabhumi Airport,BKK,2024-08-03 12:40,165,Royal Brunei,Economy,165,,,435,Y,Y,Y,1,7,1,20,Saturday,False,False,False,Suvarnabhumi Airport,BKK
Brunei International Airport,BWN,2024-08-03 12:05,Singapore Changi Airport,SIN,2024-08-03 14:20,135,Singapore Airlines,Economy,1655,1355.0,True,283,Y,Y,Y,1,7,1,23,Saturday,False,False,False,Suvarnabhumi Airport,BKK
Brunei International Airport,BWN,2024-08-03 12:05,Singapore Changi Airport,SIN,2024-08-03 14:20,135,Singapore Airlines,Economy,1365,1080.0,True,306,Y,Y,Y,1,7,1,23,Saturday,False,False,False,Suvarnabhumi Airport,BKK
Brunei International Airport,BWN,2024-08-03 12:05,Singapore Changi Airport,SIN,2024-08-03 14:20,135,Singapore Airlines,Economy,500,215.0,,338,Y,Y,Y,1,7,1,23,Saturday,False,False,False,Suvarnabhumi Airport,BKK
Brunei International Airport,BWN,2024-08-03 08:50,Kuala Lumpur International Airport,KUL,2024-08-03 11:20,150,Royal Brunei,Economy,400,120.0,,491,Y,Y,Y,1,7,1,20,Saturday,False,False,False,Suvarnabhumi Airport,BKK
Brunei International Airport,BWN,2024-08-03 12:05,Singapore Changi Airport,SIN,2024-08-03 14:20,135,Singapore Airlines,Economy,1690,1385.0,True,1932,Y,Y,Y,1,7,1,23,Saturday,False,False,False,Suvarnabhumi Airport,BKK
Brunei International Airport,BWN,2024-08-04 18:20,Suvarnabhumi Airport,BKK,2024-08-04 20:05,165,Royal Brunei,Economy,165,,,262,Y,Y,Y,1,7,1,20,Sunday,False,False,False,Suvarnabhumi Airport,BKK
Brunei International Airport,BWN,2024-08-04 15:50,Singapore Changi Airport,SIN,2024-08-04 18:00,130,Singapore Airlines,Economy,1065,790.0,True,283,Y,Y,Y,1,7,1,23,Sunday,False,False,False,Suvarnabhumi Airport,BKK
Brunei International Airport,BWN,2024-08-04 15:50,Singapore Changi Airport,SIN,2024-08-04 18:00,130,Singapore Airlines,Economy,1035,740.0,True,306,Y,Y,Y,1,7,1,23,Sunday,False,False,False,Suvarnabhumi Airport,BKK
Brunei International Airport,BWN,2024-08-04 17:55,Kuala Lumpur International Airport,KUL,2024-08-04 20:25,150,Royal Brunei,Economy,370,80.0,,502,Y,Y,Y,1,7,1,20,Sunday,False,False,False,Suvarnabhumi Airport,BKK
Brunei International Airport,BWN,2024-08-04 08:50,Kuala Lumpur International Airport,KUL,2024-08-04 11:20,150,Royal Brunei,Economy,510,225.0,,569,Y,Y,Y,1,7,1,20,Sunday,False,False,False,Suvarnabhumi Airport,BKK
Brunei International Airport,BWN,2024-08-04 08:50,Kuala Lumpur International Airport,KUL,2024-08-04 11:20,150,Royal Brunei,Economy,400,120.0,,701,Y,Y,Y,1,7,1,20,Sunday,False,False,False,Suvarnabhumi Airport,BKK
Brunei International Airport,BWN,2024-08-05 12:05,Singapore Changi Airport,SIN,2024-08-05 14:20,135,Singapore Airlines,Economy,380,100.0,,262,Y,Y,Y,1,7,1,23,Monday,False,False,False,Suvarnabhumi Airport,BKK
Brunei International Airport,BWN,2024-08-05 12:05,Singapore Changi Airport,SIN,2024-08-05 14:20,135,Singapore Airlines,Economy,500,215.0,,283,Y,Y,Y,1,7,1,23,Monday,False,False,False,Suvarnabhumi Airport,BKK
Brunei International Airport,BWN,2024-08-05 18:30,Ninoy Aquino International Airport,MNL,2024-08-05 20:45,135,Royal Brunei,Economy,1125,775.0,True,368,Y,Y,Y,1,7,1,20,Monday,False,False,False,Suvarnabhumi Airport,BKK
Brunei International Airport,BWN,2024-08-05 08:50,Kuala Lumpur International Airport,KUL,2024-08-05 11:20,150,Royal Brunei,Economy,510,225.0,,609,Y,Y,Y,1,7,1,20,Monday,False,False,False,Suvarnabhumi Airport,BKK
Brunei International Airport,BWN,2024-08-05 08:50,Kuala Lumpur International Airport,KUL,2024-08-05 11:20,150,Royal Brunei,Economy,400,120.0,,741,Y,Y,Y,1,7,1,20,Monday,False,False,False,Suvarnabhumi Airport,BKK
Brunei International Airport,BWN,2024-08-06 23:40,Ninoy Aquino International Airport,MNL,2024-08-07 02:00,140,Cebu Pacific,Economy,675,320.0,True,205,Y,N,N,1,7,0,0,Tuesday,False,False,True,Suvarnabhumi Airport,BKK
Brunei International Airport,BWN,2024-08-06 12:05,Singapore Changi Airport,SIN,2024-08-06 14:20,135,Singapore Airlines,Economy,380,100.0,,262,Y,Y,Y,1,7,1,23,Tuesday,False,False,False,Suvarnabhumi Airport,BKK
Brunei International Airport,BWN,2024-08-06 10:55,Suvarnabhumi Airport,BKK,2024-08-06 12:40,165,Royal Brunei,Economy,165,,,435,Y,Y,Y,1,7,1,20,Tuesday,False,False,False,Suvarnabhumi Airport,BKK
Brunei International Airport,BWN,2024-08-06 12:05,Singapore Changi Airport,SIN,2024-08-06 14:20,135,Singapore Airlines,Economy,500,215.0,,283,Y,Y,Y,1,7,1,23,Tuesday,False,False,False,Suvarnabhumi Airport,BKK
Brunei International Airport,BWN,2024-08-07 18:20,Suvarnabhumi Airport,BKK,2024-08-07 20:05,165,Royal Brunei,Economy,165,,,262,Y,Y,Y,1,7,1,20,Wednesday,False,False,False,Suvarnabhumi Airport,BKK
Brunei International Airport,BWN,2024-08-07 15:50,Singapore Changi Airport,SIN,2024-08-07 18:00,130,Singapore Airlines,Economy,1065,790.0,True,306,Y,Y,Y,1,7,1,23,Wednesday,False,False,False,Suvarnabhumi Airport,BKK
Brunei International Airport,BWN,2024-08-07 17:55,Kuala Lumpur International Airport,KUL,2024-08-07 20:25,150,Royal Brunei,Economy,370,80.0,,569,Y,Y,Y,1,7,1,20,Wednesday,False,False,False,Suvarnabhumi Airport,BKK
Brunei International Airport,BWN,2024-08-08 23:40,Ninoy Aquino International Airport,MNL,2024-08-09 02:00,140,Cebu Pacific,Economy,675,320.0,True,262,Y,N,N,1,7,0,0,Thursday,False,False,True,Suvarnabhumi Airport,BKK
Brunei International Airport,BWN,2024-08-08 12:05,Singapore Changi Airport,SIN,2024-08-08 14:20,135,Singapore Airlines,Economy,380,100.0,,306,Y,Y,Y,1,7,1,23,Thursday,False,False,False,Suvarnabhumi Airport,BKK
Brunei International Airport,BWN,2024-08-08 12:05,Singapore Changi Airport,SIN,2024-08-08 14:20,135,Singapore Airlines,Economy,390,110.0,,386,Y,Y,Y,1,7,1,23,Thursday,False,False,False,Suvarnabhumi Airport,BKK
Brunei International Airport,BWN,2024-08-08 12:05,Singapore Changi Airport,SIN,2024-08-08 14:20,135,Singapore Airlines,Economy,1990,1700.0,True,304,Y,Y,Y,1,7,1,23,Thursday,False,False,False,Suvarnabhumi Airport,BKK
Brunei International Airport,BWN,2024-08-08 18:30,Ninoy Aquino International Airport,MNL,2024-08-08 20:45,135,Royal Brunei,Economy,1700,1360.0,True,428,Y,Y,Y,1,7,1,20,Thursday,False,False,False,Suvarnabhumi Airport,BKK
Brunei International Airport,BWN,2024-08-08 18:30,Ninoy Aquino International Airport,MNL,2024-08-08 20:45,135,Royal Brunei,Economy,1125,775.0,True,450,Y,Y,Y,1,7,1,20,Thursday,False,False,False,Suvarnabhumi Airport,BKK
Brunei International Airport,BWN,2024-08-08 17:55,Kuala Lumpur International Airport,KUL,2024-08-08 20:25,150,Royal Brunei,Economy,370,80.0,,502,Y,Y,Y,1,7,1,20,Thursday,False,False,False,Suvarnabhumi Airport,BKK
Brunei International Airport,BWN,2024-08-08 08:50,Kuala Lumpur International Airport,KUL,2024-08-08 11:20,150,Royal Brunei,Economy,400,120.0,,560,Y,Y,Y,1,7,1,20,Thursday,False,False,False,Suvarnabhumi Airport,BKK
Brunei International Airport,BWN,2024-08-08 08:50,Kuala Lumpur International Airport,KUL,2024-08-08 11:20,150,Royal Brunei,Economy,510,225.0,,560,Y,Y,Y,1,7,1,20,Thursday,False,False,False,Suvarnabhumi Airport,BKK
Brunei International Airport,BWN,2024-08-09 15:50,Singapore Changi Airport,SIN,2024-08-09 18:00,130,Singapore Airlines,Economy,1065,790.0,True,262,Y,Y,Y,1,7,1,23,Friday,False,False,False,Suvarnabhumi Airport,BKK
Brunei International Airport,BWN,2024-08-09 18:30,Ninoy Aquino International Airport,MNL,2024-08-09 20:45,135,Royal Brunei,Economy,1125,775.0,True,309,Y,Y,Y,1,7,1,20,Friday,False,False,False,Suvarnabhumi Airport,BKK
Brunei International Airport,BWN,2024-08-09 15:50,Singapore Changi Airport,SIN,2024-08-09 18:00,130,Singapore Airlines,Economy,455,165.0,,447,Y,Y,Y,1,7,1,23,Friday,False,False,False,Suvarnabhumi Airport,BKK
Brunei International Airport,BWN,2024-08-09 17:55,Kuala Lumpur International Airport,KUL,2024-08-09 20:25,150,Royal Brunei,Economy,370,80.0,,502,Y,Y,Y,1,7,1,20,Friday,False,False,False,Suvarnabhumi Airport,BKK
Brunei International Airport,BWN,2024-08-09 08:50,Kuala Lumpur International Airport,KUL,2024-08-09 11:20,150,Royal Brunei,Economy,400,120.0,,560,Y,Y,Y,1,7,1,20,Friday,False,False,False,Suvarnabhumi Airport,BKK
Brunei International Airport,BWN,2024-08-09 15:50,Singapore Changi Airport,SIN,2024-08-09 18:00,130,Singapore Airlines,Economy,1035,740.0,True,338,Y,Y,Y,1,7,1,23,Friday,False,False,False,Suvarnabhumi Airport,BKK
Brunei International Airport,BWN,2024-08-09 17:55,Kuala Lumpur International Airport,KUL,2024-08-09 20:25,150,Royal Brunei,Economy,1295,1015.0,True,505,Y,Y,Y,1,7,1,20,Friday,False,False,False,Suvarnabhumi Airport,BKK
Brunei International Airport,BWN,2024-08-09 08:50,Kuala Lumpur International Airport,KUL,2024-08-09 11:20,150,Royal Brunei,Economy,510,225.0,,560,Y,Y,Y,1,7,1,20,Friday,False,False,False,Suvarnabhumi Airport,BKK
Brunei International Airport,BWN,2024-08-09 15:50,Singapore Changi Airport,SIN,2024-08-09 18:00,130,Singapore Airlines,Economy,1465,1165.0,True,1932,Y,Y,Y,1,7,1,23,Friday,False,False,False,Suvarnabhumi Airport,BKK
Brunei International Airport,BWN,2024-08-10 23:40,Ninoy Aquino International Airport,MNL,2024-08-11 02:00,140,Cebu Pacific,Economy,675,320.0,True,185,Y,N,N,1,7,0,0,Saturday,False,False,True,Suvarnabhumi Airport,BKK
Brunei International Airport,BWN,2024-08-10 12:05,Singapore Changi Airport,SIN,2024-08-10 14:20,135,Singapore Airlines,Economy,380,100.0,,262,Y,Y,Y,1,7,1,23,Saturday,False,False,False,Suvarnabhumi Airport,BKK
Brunei International Airport,BWN,2024-08-10 10:55,Suvarnabhumi Airport,BKK,2024-08-10 12:40,165,Royal Brunei,Economy,165,,,380,Y,Y,Y,1,7,1,20,Saturday,False,False,False,Suvarnabhumi Airport,BKK
Brunei International Airport,BWN,2024-08-10 12:05,Singapore Changi Airport,SIN,2024-08-10 14:20,135,Singapore Airlines,Economy,1260,960.0,True,283,Y,Y,Y,1,7,1,23,Saturday,False,False,False,Suvarnabhumi Airport,BKK
Brunei International Airport,BWN,2024-08-10 12:05,Singapore Changi Airport,SIN,2024-08-10 14:20,135,Singapore Airlines,Economy,500,215.0,,386,Y,Y,Y,1,7,1,23,Saturday,False,False,False,Suvarnabhumi Airport,BKK
Brunei International Airport,BWN,2024-08-10 08:50,Kuala Lumpur International Airport,KUL,2024-08-10 11:20,150,Royal Brunei,Economy,400,120.0,,502,Y,Y,Y,1,7,1,20,Saturday,False,False,False,Suvarnabhumi Airport,BKK
Brunei International Airport,BWN,2024-08-10 12:05,Singapore Changi Airport,SIN,2024-08-10 14:20,135,Singapore Airlines,Economy,1690,1385.0,True,1932,Y,Y,Y,1,7,1,23,Saturday,False,False,False,Suvarnabhumi Airport,BKK
Brunei International Airport,BWN,2024-08-11 18:20,Suvarnabhumi Airport,BKK,2024-08-11 20:05,165,Royal Brunei,Economy,165,,,262,Y,Y,Y,1,7,1,20,Sunday,False,False,False,Suvarnabhumi Airport,BKK
Brunei International Airport,BWN,2024-08-11 15:50,Singapore Changi Airport,SIN,2024-08-11 18:00,130,Singapore Airlines,Economy,1140,860.0,True,262,Y,Y,Y,1,7,1,23,Sunday,False,False,False,Suvarnabhumi Airport,BKK
Brunei International Airport,BWN,2024-08-11 15:50,Singapore Changi Airport,SIN,2024-08-11 18:00,130,Singapore Airlines,Economy,1035,740.0,True,283,Y,Y,Y,1,7,1,23,Sunday,False,False,False,Suvarnabhumi Airport,BKK
Brunei International Airport,BWN,2024-08-11 17:55,Kuala Lumpur International Airport,KUL,2024-08-11 20:25,150,Royal Brunei,Economy,370,80.0,,491,Y,Y,Y,1,7,1,20,Sunday,False,False,False,Suvarnabhumi Airport,BKK
Brunei International Airport,BWN,2024-08-11 08:50,Kuala Lumpur International Airport,KUL,2024-08-11 11:20,150,Royal Brunei,Economy,400,120.0,,502,Y,Y,Y,1,7,1,20,Sunday,False,False,False,Suvarnabhumi Airport,BKK
Brunei International Airport,BWN,2024-08-11 08:50,Kuala Lumpur International Airport,KUL,2024-08-11 11:20,150,Royal Brunei,Economy,510,225.0,,502,Y,Y,Y,1,7,1,20,Sunday,False,False,False,Suvarnabhumi Airport,BKK
Brunei International Airport,BWN,2024-08-12 12:05,Singapore Changi Airport,SIN,2024-08-12 14:20,135,Singapore Airlines,Economy,380,100.0,,262,Y,Y,Y,1,7,1,23,Monday,False,True,False,Suvarnabhumi Airport,BKK
Brunei International Airport,BWN,2024-08-12 12:05,Singapore Changi Airport,SIN,2024-08-12 14:20,135,Singapore Airlines,Economy,1365,1080.0,True,262,Y,Y,Y,1,7,1,23,Monday,False,True,False,Suvarnabhumi Airport,BKK
Brunei International Airport,BWN,2024-08-12 12:05,Singapore Changi Airport,SIN,2024-08-12 14:20,135,Singapore Airlines,Economy,1260,960.0,True,283,Y,Y,Y,1,7,1,23,Monday,False,True,False,Suvarnabhumi Airport,BKK
Brunei International Airport,BWN,2024-08-12 18:30,Ninoy Aquino International Airport,MNL,2024-08-12 20:45,135,Royal Brunei,Economy,1125,775.0,True,309,Y,Y,Y,1,7,1,20,Monday,False,True,False,Suvarnabhumi Airport,BKK
Brunei International Airport,BWN,2024-08-12 12:05,Singapore Changi Airport,SIN,2024-08-12 14:20,135,Singapore Airlines,Economy,500,215.0,,338,Y,Y,Y,1,7,1,23,Monday,False,True,False,Suvarnabhumi Airport,BKK
Brunei International Airport,BWN,2024-08-12 08:50,Kuala Lumpur International Airport,KUL,2024-08-12 11:20,150,Royal Brunei,Economy,400,120.0,,502,Y,Y,Y,1,7,1,20,Monday,False,True,False,Suvarnabhumi Airport,BKK
Brunei International Airport,BWN,2024-08-12 08:50,Kuala Lumpur International Airport,KUL,2024-08-12 11:20,150,Royal Brunei,Economy,510,225.0,,502,Y,Y,Y,1,7,1,20,Monday,False,True,False,Suvarnabhumi Airport,BKK
Brunei International Airport,BWN,2024-08-13 23:40,Ninoy Aquino International Airport,MNL,2024-08-14 02:00,140,Cebu Pacific,Economy,675,320.0,True,190,Y,N,N,1,7,0,0,Tuesday,False,False,True,Suvarnabhumi Airport,BKK
Brunei International Airport,BWN,2024-08-13 10:55,Suvarnabhumi Airport,BKK,2024-08-13 12:40,165,Royal Brunei,Economy,165,,,262,Y,Y,Y,1,7,1,20,Tuesday,False,False,False,Suvarnabhumi Airport,BKK
Brunei International Airport,BWN,2024-08-13 12:05,Singapore Changi Airport,SIN,2024-08-13 14:20,135,Singapore Airlines,Economy,380,100.0,,262,Y,Y,Y,1,7,1,23,Tuesday,False,False,False,Suvarnabhumi Airport,BKK
Brunei International Airport,BWN,2024-08-13 12:05,Singapore Changi Airport,SIN,2024-08-13 14:20,135,Singapore Airlines,Economy,1365,1080.0,True,262,Y,Y,Y,1,7,1,23,Tuesday,False,False,False,Suvarnabhumi Airport,BKK
Brunei International Airport,BWN,2024-08-13 12:05,Singapore Changi Airport,SIN,2024-08-13 14:20,135,Singapore Airlines,Economy,1260,960.0,True,283,Y,Y,Y,1,7,1,23,Tuesday,False,False,False,Suvarnabhumi Airport,BKK
Brunei International Airport,BWN,2024-08-13 12:05,Singapore Changi Airport,SIN,2024-08-13 14:20,135,Singapore Airlines,Economy,500,215.0,,338,Y,Y,Y,1,7,1,23,Tuesday,False,False,False,Suvarnabhumi Airport,BKK
Brunei International Airport,BWN,2024-08-13 17:55,Kuala Lumpur International Airport,KUL,2024-08-13 20:25,150,Royal Brunei,Economy,370,80.0,,491,Y,Y,Y,1,7,1,20,Tuesday,False,False,False,Suvarnabhumi Airport,BKK
Brunei International Airport,BWN,2024-08-13 17:55,Kuala Lumpur International Airport,KUL,2024-08-13 20:25,150,Royal Brunei,Economy,1295,1015.0,True,494,Y,Y,Y,1,7,1,20,Tuesday,False,False,False,Suvarnabhumi Airport,BKK
Brunei International Airport,BWN,2024-08-14 15:50,Singapore Changi Airport,SIN,2024-08-14 18:00,130,Singapore Airlines,Economy,1065,790.0,True,262,Y,Y,Y,1,7,1,23,Wednesday,False,False,False,Suvarnabhumi Airport,BKK
Brunei International Airport,BWN,2024-08-14 18:20,Suvarnabhumi Airport,BKK,2024-08-14 20:05,165,Royal Brunei,Economy,165,,,262,Y,Y,Y,1,7,1,20,Wednesday,False,False,False,Suvarnabhumi Airport,BKK
Brunei International Airport,BWN,2024-08-14 15:50,Singapore Changi Airport,SIN,2024-08-14 18:00,130,Singapore Airlines,Economy,1035,740.0,True,306,Y,Y,Y,1,7,1,23,Wednesday,False,False,False,Suvarnabhumi Airport,BKK
Brunei International Airport,BWN,2024-08-14 17:55,Kuala Lumpur International Airport,KUL,2024-08-14 20:25,150,Royal Brunei,Economy,370,80.0,,491,Y,Y,Y,1,7,1,20,Wednesday,False,False,False,Suvarnabhumi Airport,BKK
Brunei International Airport,BWN,2024-08-15 23:40,Ninoy Aquino International Airport,MNL,2024-08-16 02:00,140,Cebu Pacific,Economy,675,320.0,True,181,Y,N,N,1,7,0,0,Thursday,False,False,True,Suvarnabhumi Airport,BKK
Brunei International Airport,BWN,2024-08-15 12:05,Singapore Changi Airport,SIN,2024-08-15 14:20,135,Singapore Airlines,Economy,380,100.0,,262,Y,Y,Y,1,7,1,23,Thursday,False,False,False,Suvarnabhumi Airport,BKK
Brunei International Airport,BWN,2024-08-15 12:05,Singapore Changi Airport,SIN,2024-08-15 14:20,135,Singapore Airlines,Economy,390,110.0,,262,Y,Y,Y,1,7,1,23,Thursday,False,False,False,Suvarnabhumi Airport,BKK
Brunei International Airport,BWN,2024-08-15 18:30,Ninoy Aquino International Airport,MNL,2024-08-15 20:45,135,Royal Brunei,Economy,1125,775.0,True,309,Y,Y,Y,1,7,1,20,Thursday,False,False,False,Suvarnabhumi Airport,BKK
Brunei International Airport,BWN,2024-08-15 08:50,Kuala Lumpur International Airport,KUL,2024-08-15 11:20,150,Royal Brunei,Economy,400,120.0,,560,Y,Y,Y,1,7,1,20,Thursday,False,False,False,Suvarnabhumi Airport,BKK
Brunei International Airport,BWN,2024-08-15 08:50,Kuala Lumpur International Airport,KUL,2024-08-15 11:20,150,Royal Brunei,Economy,510,225.0,,560,Y,Y,Y,1,7,1,20,Thursday,False,False,False,Suvarnabhumi Airport,BKK
Brunei International Airport,BWN,2024-08-15 17:55,Kuala Lumpur International Airport,KUL,2024-08-15 20:25,150,Royal Brunei,Economy,370,80.0,,560,Y,Y,Y,1,7,1,20,Thursday,False,False,False,Suvarnabhumi Airport,BKK
Brunei International Airport,BWN,2024-08-15 17:55,Kuala Lumpur International Airport,KUL,2024-08-15 20:25,150,Royal Brunei,Economy,1295,1015.0,True,563,Y,Y,Y,1,7,1,20,Thursday,False,False,False,Suvarnabhumi Airport,BKK
Brunei International Airport,BWN,2024-08-16 15:50,Singapore Changi Airport,SIN,2024-08-16 18:00,130,Singapore Airlines,Economy,1065,790.0,True,262,Y,Y,Y,1,7,1,23,Friday,False,False,False,Suvarnabhumi Airport,BKK
Brunei International Airport,BWN,2024-08-16 18:30,Ninoy Aquino International Airport,MNL,2024-08-16 20:45,135,Royal Brunei,Economy,1125,775.0,True,309,Y,Y,Y,1,7,1,20,Friday,False,False,False,Suvarnabhumi Airport,BKK
Brunei International Airport,BWN,2024-08-16 15:50,Singapore Changi Airport,SIN,2024-08-16 18:00,130,Singapore Airlines,Economy,455,165.0,,338,Y,Y,Y,1,7,1,23,Friday,False,False,False,Suvarnabhumi Airport,BKK
Brunei International Airport,BWN,2024-08-16 15:50,Singapore Changi Airport,SIN,2024-08-16 18:00,130,Singapore Airlines,Economy,1140,860.0,True,306,Y,Y,Y,1,7,1,23,Friday,False,False,False,Suvarnabhumi Airport,BKK
Brunei International Airport,BWN,2024-08-16 17:55,Kuala Lumpur International Airport,KUL,2024-08-16 20:25,150,Royal Brunei,Economy,370,80.0,,502,Y,Y,Y,1,7,1,20,Friday,False,False,False,Suvarnabhumi Airport,BKK
Brunei International Airport,BWN,2024-08-16 17:55,Kuala Lumpur International Airport,KUL,2024-08-16 20:25,150,Royal Brunei,Economy,1295,1015.0,True,505,Y,Y,Y,1,7,1,20,Friday,False,False,False,Suvarnabhumi Airport,BKK
Brunei International Airport,BWN,2024-08-16 08:50,Kuala Lumpur International Airport,KUL,2024-08-16 11:20,150,Royal Brunei,Economy,400,120.0,,560,Y,Y,Y,1,7,1,20,Friday,False,False,False,Suvarnabhumi Airport,BKK
Brunei International Airport,BWN,2024-08-16 08:50,Kuala Lumpur International Airport,KUL,2024-08-16 11:20,150,Royal Brunei,Economy,510,225.0,,560,Y,Y,Y,1,7,1,20,Friday,False,False,False,Suvarnabhumi Airport,BKK
Brunei International Airport,BWN,2024-08-16 15:50,Singapore Changi Airport,SIN,2024-08-16 18:00,130,Singapore Airlines,Economy,1465,1165.0,True,1932,Y,Y,Y,1,7,1,23,Friday,False,False,False,Suvarnabhumi Airport,BKK
Brunei International Airport,BWN,2024-08-17 23:40,Ninoy Aquino International Airport,MNL,2024-08-18 02:00,140,Cebu Pacific,Economy,675,320.0,True,202,Y,N,N,1,7,0,0,Saturday,False,False,True,Suvarnabhumi Airport,BKK
Brunei International Airport,BWN,2024-08-17 12:05,Singapore Changi Airport,SIN,2024-08-17 14:20,135,Singapore Airlines,Economy,380,100.0,,262,Y,Y,Y,1,7,1,23,Saturday,False,False,False,Suvarnabhumi Airport,BKK
Brunei International Airport,BWN,2024-08-17 10:55,Suvarnabhumi Airport,BKK,2024-08-17 12:40,165,Royal Brunei,Economy,165,,,299,Y,Y,Y,1,7,1,20,Saturday,False,False,False,Suvarnabhumi Airport,BKK
Brunei International Airport,BWN,2024-08-17 12:05,Singapore Changi Airport,SIN,2024-08-17 14:20,135,Singapore Airlines,Economy,1365,1080.0,True,262,Y,Y,Y,1,7,1,23,Saturday,False,False,False,Suvarnabhumi Airport,BKK
Brunei International Airport,BWN,2024-08-17 12:05,Singapore Changi Airport,SIN,2024-08-17 14:20,135,Singapore Airlines,Economy,1260,960.0,True,283,Y,Y,Y,1,7,1,23,Saturday,False,False,False,Suvarnabhumi Airport,BKK
Brunei International Airport,BWN,2024-08-17 12:05,Singapore Changi Airport,SIN,2024-08-17 14:20,135,Singapore Airlines,Economy,500,215.0,,386,Y,Y,Y,1,7,1,23,Saturday,False,False,False,Suvarnabhumi Airport,BKK
Brunei International Airport,BWN,2024-08-17 08:50,Kuala Lumpur International Airport,KUL,2024-08-17 11:20,150,Royal Brunei,Economy,400,120.0,,502,Y,Y,Y,1,7,1,20,Saturday,False,False,False,Suvarnabhumi Airport,BKK
Brunei International Airport,BWN,2024-08-17 12:05,Singapore Changi Airport,SIN,2024-08-17 14:20,135,Singapore Airlines,Economy,1690,1385.0,True,1932,Y,Y,Y,1,7,1,23,Saturday,False,False,False,Suvarnabhumi Airport,BKK
Brunei International Airport,BWN,2024-08-18 18:20,Suvarnabhumi Airport,BKK,2024-08-18 20:05,165,Royal Brunei,Economy,165,,,262,Y,Y,Y,1,7,1,20,Sunday,False,False,False,Suvarnabhumi Airport,BKK
Brunei International Airport,BWN,2024-08-18 15:50,Singapore Changi Airport,SIN,2024-08-18 18:00,130,Singapore Airlines,Economy,1140,860.0,True,262,Y,Y,Y,1,7,1,23,Sunday,False,False,False,Suvarnabhumi Airport,BKK
Brunei International Airport,BWN,2024-08-18 15:50,Singapore Changi Airport,SIN,2024-08-18 18:00,130,Singapore Airlines,Economy,1035,740.0,True,283,Y,Y,Y,1,7,1,23,Sunday,False,False,False,Suvarnabhumi Airport,BKK
Brunei International Airport,BWN,2024-08-18 17:55,Kuala Lumpur International Airport,KUL,2024-08-18 20:25,150,Royal Brunei,Economy,370,80.0,,468,Y,Y,Y,1,7,1,20,Sunday,False,False,False,Suvarnabhumi Airport,BKK
Brunei International Airport,BWN,2024-08-18 08:50,Kuala Lumpur International Airport,KUL,2024-08-18 11:20,150,Royal Brunei,Economy,400,120.0,,502,Y,Y,Y,1,7,1,20,Sunday,False,False,False,Suvarnabhumi Airport,BKK
Brunei International Airport,BWN,2024-08-18 08:50,Kuala Lumpur International Airport,KUL,2024-08-18 11:20,150,Royal Brunei,Economy,510,225.0,,502,Y,Y,Y,1,7,1,20,Sunday,False,False,False,Suvarnabhumi Airport,BKK
Brunei International Airport,BWN,2024-08-19 12:05,Singapore Changi Airport,SIN,2024-08-19 14:20,135,Singapore Airlines,Economy,380,100.0,,262,Y,Y,Y,1,7,1,23,Monday,False,False,False,Suvarnabhumi Airport,BKK
Brunei International Airport,BWN,2024-08-19 12:05,Singapore Changi Airport,SIN,2024-08-19 14:20,135,Singapore Airlines,Economy,1260,960.0,True,262,Y,Y,Y,1,7,1,23,Monday,False,False,False,Suvarnabhumi Airport,BKK
Brunei International Airport,BWN,2024-08-19 12:05,Singapore Changi Airport,SIN,2024-08-19 14:20,135,Singapore Airlines,Economy,500,215.0,,306,Y,Y,Y,1,7,1,23,Monday,False,False,False,Suvarnabhumi Airport,BKK
Brunei International Airport,BWN,2024-08-19 18:30,Ninoy Aquino International Airport,MNL,2024-08-19 20:45,135,Royal Brunei,Economy,1125,775.0,True,309,Y,Y,Y,1,7,1,20,Monday,False,False,False,Suvarnabhumi Airport,BKK
Brunei International Airport,BWN,2024-08-19 08:50,Kuala Lumpur International Airport,KUL,2024-08-19 11:20,150,Royal Brunei,Economy,400,120.0,,502,Y,Y,Y,1,7,1,20,Monday,False,False,False,Suvarnabhumi Airport,BKK
Brunei International Airport,BWN,2024-08-19 08:50,Kuala Lumpur International Airport,KUL,2024-08-19 11:20,150,Royal Brunei,Economy,510,225.0,,502,Y,Y,Y,1,7,1,20,Monday,False,False,False,Suvarnabhumi Airport,BKK
Brunei International Airport,BWN,2024-08-19 12:05,Singapore Changi Airport,SIN,2024-08-19 14:20,135,Singapore Airlines,Economy,1690,1385.0,True,1932,Y,Y,Y,1,7,1,23,Monday,False,False,False,Suvarnabhumi Airport,BKK
Brunei International Airport,BWN,2024-08-20 10:55,Suvarnabhumi Airport,BKK,2024-08-20 12:40,165,Royal Brunei,Economy,165,,,262,Y,Y,Y,1,7,1,20,Tuesday,False,False,False,Suvarnabhumi Airport,BKK
Brunei International Airport,BWN,2024-08-20 12:05,Singapore Changi Airport,SIN,2024-08-20 14:20,135,Singapore Airlines,Economy,380,100.0,,262,Y,Y,Y,1,7,1,23,Tuesday,False,False,False,Suvarnabhumi Airport,BKK
Brunei International Airport,BWN,2024-08-20 23:40,Ninoy Aquino International Airport,MNL,2024-08-21 02:00,140,Cebu Pacific,Economy,675,320.0,True,283,Y,N,N,1,7,0,0,Tuesday,False,False,True,Suvarnabhumi Airport,BKK
Brunei International Airport,BWN,2024-08-20 12:05,Singapore Changi Airport,SIN,2024-08-20 14:20,135,Singapore Airlines,Economy,500,215.0,,338,Y,Y,Y,1,7,1,23,Tuesday,False,False,False,Suvarnabhumi Airport,BKK
Brunei International Airport,BWN,2024-08-20 12:05,Singapore Changi Airport,SIN,2024-08-20 14:20,135,Singapore Airlines,Economy,1365,1080.0,True,262,Y,Y,Y,1,7,1,23,Tuesday,False,False,False,Suvarnabhumi Airport,BKK
Brunei International Airport,BWN,2024-08-20 12:05,Singapore Changi Airport,SIN,2024-08-20 14:20,135,Singapore Airlines,Economy,1260,960.0,True,306,Y,Y,Y,1,7,1,23,Tuesday,False,False,False,Suvarnabhumi Airport,BKK
Brunei International Airport,BWN,2024-08-20 17:55,Kuala Lumpur International Airport,KUL,2024-08-20 20:25,150,Royal Brunei,Economy,370,80.0,,468,Y,Y,Y,1,7,1,20,Tuesday,False,False,False,Suvarnabhumi Airport,BKK
Brunei International Airport,BWN,2024-08-20 17:55,Kuala Lumpur International Airport,KUL,2024-08-20 20:25,150,Royal Brunei,Economy,1295,1015.0,True,471,Y,Y,Y,1,7,1,20,Tuesday,False,False,False,Suvarnabhumi Airport,BKK
Brunei International Airport,BWN,2024-08-21 15:50,Singapore Changi Airport,SIN,2024-08-21 18:00,130,Singapore Airlines,Economy,1065,790.0,True,262,Y,Y,Y,1,7,1,23,Wednesday,False,False,False,Suvarnabhumi Airport,BKK
Brunei International Airport,BWN,2024-08-21 18:20,Suvarnabhumi Airport,BKK,2024-08-21 20:05,165,Royal Brunei,Economy,165,,,262,Y,Y,Y,1,7,1,20,Wednesday,False,False,False,Suvarnabhumi Airport,BKK
Brunei International Airport,BWN,2024-08-21 15:50,Singapore Changi Airport,SIN,2024-08-21 18:00,130,Singapore Airlines,Economy,1035,740.0,True,447,Y,Y,Y,1,7,1,23,Wednesday,False,False,False,Suvarnabhumi Airport,BKK
Brunei International Airport,BWN,2024-08-21 17:55,Kuala Lumpur International Airport,KUL,2024-08-21 20:25,150,Royal Brunei,Economy,370,80.0,,468,Y,Y,Y,1,7,1,20,Wednesday,False,False,False,Suvarnabhumi Airport,BKK
Brunei International Airport,BWN,2024-08-22 23:40,Ninoy Aquino International Airport,MNL,2024-08-23 02:00,140,Cebu Pacific,Economy,675,320.0,True,155,Y,N,N,1,7,0,0,Thursday,False,False,True,Suvarnabhumi Airport,BKK
Brunei International Airport,BWN,2024-08-22 12:05,Singapore Changi Airport,SIN,2024-08-22 14:20,135,Singapore Airlines,Economy,380,100.0,,262,Y,Y,Y,1,7,1,23,Thursday,False,False,False,Suvarnabhumi Airport,BKK
Brunei International Airport,BWN,2024-08-22 12:05,Singapore Changi Airport,SIN,2024-08-22 14:20,135,Singapore Airlines,Economy,390,110.0,,386,Y,Y,Y,1,7,1,23,Thursday,False,False,False,Suvarnabhumi Airport,BKK
Brunei International Airport,BWN,2024-08-22 08:50,Kuala Lumpur International Airport,KUL,2024-08-22 11:20,150,Royal Brunei,Economy,400,120.0,,491,Y,Y,Y,1,7,1,20,Thursday,False,False,False,Suvarnabhumi Airport,BKK
Brunei International Airport,BWN,2024-08-22 18:30,Ninoy Aquino International Airport,MNL,2024-08-22 20:45,135,Royal Brunei,Economy,1125,775.0,True,398,Y,Y,Y,1,7,1,20,Thursday,False,False,False,Suvarnabhumi Airport,BKK
Brunei International Airport,BWN,2024-08-22 17:55,Kuala Lumpur International Airport,KUL,2024-08-22 20:25,150,Royal Brunei,Economy,370,80.0,,468,Y,Y,Y,1,7,1,20,Thursday,False,False,False,Suvarnabhumi Airport,BKK
Brunei International Airport,BWN,2024-08-22 17:55,Kuala Lumpur International Airport,KUL,2024-08-22 20:25,150,Royal Brunei,Economy,1295,1015.0,True,471,Y,Y,Y,1,7,1,20,Thursday,False,False,False,Suvarnabhumi Airport,BKK
Brunei International Airport,BWN,2024-08-22 08:50,Kuala Lumpur International Airport,KUL,2024-08-22 11:20,150,Royal Brunei,Economy,510,225.0,,491,Y,Y,Y,1,7,1,20,Thursday,False,False,False,Suvarnabhumi Airport,BKK
Brunei International Airport,BWN,2024-08-22 12:05,Singapore Changi Airport,SIN,2024-08-22 14:20,135,Singapore Airlines,Economy,1690,1385.0,True,1932,Y,Y,Y,1,7,1,23,Thursday,False,False,False,Suvarnabhumi Airport,BKK
Brunei International Airport,BWN,2024-08-23 15:50,Singapore Changi Airport,SIN,2024-08-23 18:00,130,Singapore Airlines,Economy,1065,790.0,True,262,Y,Y,Y,1,7,1,23,Friday,False,False,False,Suvarnabhumi Airport,BKK
Brunei International Airport,BWN,2024-08-23 15:50,Singapore Changi Airport,SIN,2024-08-23 18:00,130,Singapore Airlines,Economy,455,165.0,,447,Y,Y,Y,1,7,1,23,Friday,False,False,False,Suvarnabhumi Airport,BKK
Brunei International Airport,BWN,2024-08-23 08:50,Kuala Lumpur International Airport,KUL,2024-08-23 11:20,150,Royal Brunei,Economy,400,120.0,,468,Y,Y,Y,1,7,1,20,Friday,False,False,False,Suvarnabhumi Airport,BKK
Brunei International Airport,BWN,2024-08-23 17:55,Kuala Lumpur International Airport,KUL,2024-08-23 20:25,150,Royal Brunei,Economy,370,80.0,,468,Y,Y,Y,1,7,1,20,Friday,False,False,False,Suvarnabhumi Airport,BKK
Brunei International Airport,BWN,2024-08-23 18:30,Ninoy Aquino International Airport,MNL,2024-08-23 20:45,135,Royal Brunei,Economy,1125,775.0,True,353,Y,Y,Y,1,7,1,20,Friday,False,False,False,Suvarnabhumi Airport,BKK
Brunei International Airport,BWN,2024-08-23 15:50,Singapore Changi Airport,SIN,2024-08-23 18:00,130,Singapore Airlines,Economy,1430,1135.0,True,386,Y,Y,Y,1,7,1,23,Friday,False,False,False,Suvarnabhumi Airport,BKK
Brunei International Airport,BWN,2024-08-23 08:50,Kuala Lumpur International Airport,KUL,2024-08-23 11:20,150,Royal Brunei,Economy,510,225.0,,468,Y,Y,Y,1,7,1,20,Friday,False,False,False,Suvarnabhumi Airport,BKK
Brunei International Airport,BWN,2024-08-23 17:55,Kuala Lumpur International Airport,KUL,2024-08-23 20:25,150,Royal Brunei,Economy,1295,1015.0,True,471,Y,Y,Y,1,7,1,20,Friday,False,False,False,Suvarnabhumi Airport,BKK
Brunei International Airport,BWN,2024-08-23 15:50,Singapore Changi Airport,SIN,2024-08-23 18:00,130,Singapore Airlines,Economy,1465,1165.0,True,1932,Y,Y,Y,1,7,1,23,Friday,False,False,False,Suvarnabhumi Airport,BKK
Brunei International Airport,BWN,2024-08-24 23:40,Ninoy Aquino International Airport,MNL,2024-08-25 02:00,140,Cebu Pacific,Economy,675,320.0,True,146,Y,N,N,1,7,0,0,Saturday,False,False,True,Suvarnabhumi Airport,BKK
Brunei International Airport,BWN,2024-08-24 10:55,Suvarnabhumi Airport,BKK,2024-08-24 12:40,165,Royal Brunei,Economy,165,,,262,Y,Y,Y,1,7,1,20,Saturday,False,False,False,Suvarnabhumi Airport,BKK
Brunei International Airport,BWN,2024-08-24 12:05,Singapore Changi Airport,SIN,2024-08-24 14:20,135,Singapore Airlines,Economy,380,100.0,,262,Y,Y,Y,1,7,1,23,Saturday,False,False,False,Suvarnabhumi Airport,BKK
Brunei International Airport,BWN,2024-08-24 12:05,Singapore Changi Airport,SIN,2024-08-24 14:20,135,Singapore Airlines,Economy,1365,1080.0,True,262,Y,Y,Y,1,7,1,23,Saturday,False,False,False,Suvarnabhumi Airport,BKK
Brunei International Airport,BWN,2024-08-24 12:05,Singapore Changi Airport,SIN,2024-08-24 14:20,135,Singapore Airlines,Economy,1260,960.0,True,283,Y,Y,Y,1,7,1,23,Saturday,False,False,False,Suvarnabhumi Airport,BKK
Brunei International Airport,BWN,2024-08-24 12:05,Singapore Changi Airport,SIN,2024-08-24 14:20,135,Singapore Airlines,Economy,500,215.0,,447,Y,Y,Y,1,7,1,23,Saturday,False,False,False,Suvarnabhumi Airport,BKK
Brunei International Airport,BWN,2024-08-24 08:50,Kuala Lumpur International Airport,KUL,2024-08-24 11:20,150,Royal Brunei,Economy,400,120.0,,468,Y,Y,Y,1,7,1,20,Saturday,False,False,False,Suvarnabhumi Airport,BKK
Brunei International Airport,BWN,2024-08-24 12:05,Singapore Changi Airport,SIN,2024-08-24 14:20,135,Singapore Airlines,Economy,1690,1385.0,True,1932,Y,Y,Y,1,7,1,23,Saturday,False,False,False,Suvarnabhumi Airport,BKK
Brunei International Airport,BWN,2024-08-25 18:20,Suvarnabhumi Airport,BKK,2024-08-25 20:05,165,Royal Brunei,Economy,165,,,262,Y,Y,Y,1,7,1,20,Sunday,False,False,False,Suvarnabhumi Airport,BKK
Brunei International Airport,BWN,2024-08-25 15:50,Singapore Changi Airport,SIN,2024-08-25 18:00,130,Singapore Airlines,Economy,1035,740.0,True,262,Y,Y,Y,1,7,1,23,Sunday,False,False,False,Suvarnabhumi Airport,BKK
Brunei International Airport,BWN,2024-08-25 08:50,Kuala Lumpur International Airport,KUL,2024-08-25 11:20,150,Royal Brunei,Economy,400,120.0,,468,Y,Y,Y,1,7,1,20,Sunday,False,False,False,Suvarnabhumi Airport,BKK
Brunei International Airport,BWN,2024-08-25 08:50,Kuala Lumpur International Airport,KUL,2024-08-25 11:20,150,Royal Brunei,Economy,510,225.0,,468,Y,Y,Y,1,7,1,20,Sunday,False,False,False,Suvarnabhumi Airport,BKK
Brunei International Airport,BWN,2024-08-25 17:55,Kuala Lumpur International Airport,KUL,2024-08-25 20:25,150,Royal Brunei,Economy,370,80.0,,468,Y,Y,Y,1,7,1,20,Sunday,False,False,False,Suvarnabhumi Airport,BKK
Brunei International Airport,BWN,2024-08-26 12:05,Singapore Changi Airport,SIN,2024-08-26 14:20,135,Singapore Airlines,Economy,380,100.0,,262,Y,Y,Y,1,7,1,23,Monday,False,False,False,Suvarnabhumi Airport,BKK
Brunei International Airport,BWN,2024-08-26 12:05,Singapore Changi Airport,SIN,2024-08-26 14:20,135,Singapore Airlines,Economy,1260,960.0,True,262,Y,Y,Y,1,7,1,23,Monday,False,False,False,Suvarnabhumi Airport,BKK
Brunei International Airport,BWN,2024-08-26 12:05,Singapore Changi Airport,SIN,2024-08-26 14:20,135,Singapore Airlines,Economy,500,215.0,,306,Y,Y,Y,1,7,1,23,Monday,False,False,False,Suvarnabhumi Airport,BKK
Brunei International Airport,BWN,2024-08-26 18:30,Ninoy Aquino International Airport,MNL,2024-08-26 20:45,135,Royal Brunei,Economy,1125,775.0,True,309,Y,Y,Y,1,7,1,20,Monday,False,False,False,Suvarnabhumi Airport,BKK
Brunei International Airport,BWN,2024-08-26 08:50,Kuala Lumpur International Airport,KUL,2024-08-26 11:20,150,Royal Brunei,Economy,400,120.0,,468,Y,Y,Y,1,7,1,20,Monday,False,False,False,Suvarnabhumi Airport,BKK
Brunei International Airport,BWN,2024-08-26 08:50,Kuala Lumpur International Airport,KUL,2024-08-26 11:20,150,Royal Brunei,Economy,510,225.0,,468,Y,Y,Y,1,7,1,20,Monday,False,False,False,Suvarnabhumi Airport,BKK
Brunei International Airport,BWN,2024-08-27 23:40,Ninoy Aquino International Airport,MNL,2024-08-28 02:00,140,Cebu Pacific,Economy,675,320.0,True,132,Y,N,N,1,7,0,0,Tuesday,False,False,True,Suvarnabhumi Airport,BKK
Brunei International Airport,BWN,2024-08-27 10:55,Suvarnabhumi Airport,BKK,2024-08-27 12:40,165,Royal Brunei,Economy,165,,,262,Y,Y,Y,1,7,1,20,Tuesday,False,False,False,Suvarnabhumi Airport,BKK
Brunei International Airport,BWN,2024-08-27 12:05,Singapore Changi Airport,SIN,2024-08-27 14:20,135,Singapore Airlines,Economy,380,100.0,,262,Y,Y,Y,1,7,1,23,Tuesday,False,False,False,Suvarnabhumi Airport,BKK
Brunei International Airport,BWN,2024-08-27 12:05,Singapore Changi Airport,SIN,2024-08-27 14:20,135,Singapore Airlines,Economy,1365,1080.0,True,283,Y,Y,Y,1,7,1,23,Tuesday,False,False,False,Suvarnabhumi Airport,BKK
Brunei International Airport,BWN,2024-08-27 12:05,Singapore Changi Airport,SIN,2024-08-27 14:20,135,Singapore Airlines,Economy,1260,960.0,True,338,Y,Y,Y,1,7,1,23,Tuesday,False,False,False,Suvarnabhumi Airport,BKK
Brunei International Airport,BWN,2024-08-27 12:05,Singapore Changi Airport,SIN,2024-08-27 14:20,135,Singapore Airlines,Economy,500,215.0,,386,Y,Y,Y,1,7,1,23,Tuesday,False,False,False,Suvarnabhumi Airport,BKK
Brunei International Airport,BWN,2024-08-27 17:55,Kuala Lumpur International Airport,KUL,2024-08-27 20:25,150,Royal Brunei,Economy,370,80.0,,468,Y,Y,Y,1,7,1,20,Tuesday,False,False,False,Suvarnabhumi Airport,BKK
Brunei International Airport,BWN,2024-08-27 17:55,Kuala Lumpur International Airport,KUL,2024-08-27 20:25,150,Royal Brunei,Economy,1295,1015.0,True,471,Y,Y,Y,1,7,1,20,Tuesday,False,False,False,Suvarnabhumi Airport,BKK
Brunei International Airport,BWN,2024-08-28 15:50,Singapore Changi Airport,SIN,2024-08-28 18:00,130,Singapore Airlines,Economy,1065,790.0,True,262,Y,Y,Y,1,7,1,23,Wednesday,False,False,False,Suvarnabhumi Airport,BKK
Brunei International Airport,BWN,2024-08-28 18:20,Suvarnabhumi Airport,BKK,2024-08-28 20:05,165,Royal Brunei,Economy,165,,,262,Y,Y,Y,1,7,1,20,Wednesday,False,False,False,Suvarnabhumi Airport,BKK
Brunei International Airport,BWN,2024-08-28 15:50,Singapore Changi Airport,SIN,2024-08-28 18:00,130,Singapore Airlines,Economy,1035,740.0,True,386,Y,Y,Y,1,7,1,23,Wednesday,False,False,False,Suvarnabhumi Airport,BKK
Brunei International Airport,BWN,2024-08-28 17:55,Kuala Lumpur International Airport,KUL,2024-08-28 20:25,150,Royal Brunei,Economy,370,80.0,,468,Y,Y,Y,1,7,1,20,Wednesday,False,False,False,Suvarnabhumi Airport,BKK
Brunei International Airport,BWN,2024-08-29 23:40,Ninoy Aquino International Airport,MNL,2024-08-30 02:00,140,Cebu Pacific,Economy,675,320.0,True,132,Y,N,N,1,7,0,0,Thursday,False,False,True,Suvarnabhumi Airport,BKK
Brunei International Airport,BWN,2024-08-29 12:05,Singapore Changi Airport,SIN,2024-08-29 14:20,135,Singapore Airlines,Economy,535,250.0,,262,Y,Y,Y,1,7,1,23,Thursday,False,False,False,Suvarnabhumi Airport,BKK
Brunei International Airport,BWN,2024-08-29 12:05,Singapore Changi Airport,SIN,2024-08-29 14:20,135,Singapore Airlines,Economy,390,110.0,,306,Y,Y,Y,1,7,1,23,Thursday,False,False,False,Suvarnabhumi Airport,BKK
Brunei International Airport,BWN,2024-08-29 18:30,Ninoy Aquino International Airport,MNL,2024-08-29 20:45,135,Royal Brunei,Economy,1125,775.0,True,309,Y,Y,Y,1,7,1,20,Thursday,False,False,False,Suvarnabhumi Airport,BKK
Brunei International Airport,BWN,2024-08-29 08:50,Kuala Lumpur International Airport,KUL,2024-08-29 11:20,150,Royal Brunei,Economy,400,120.0,,468,Y,Y,Y,1,7,1,20,Thursday,False,False,False,Suvarnabhumi Airport,BKK
Brunei International Airport,BWN,2024-08-29 17:55,Kuala Lumpur International Airport,KUL,2024-08-29 20:25,150,Royal Brunei,Economy,370,80.0,,468,Y,Y,Y,1,7,1,20,Thursday,False,False,False,Suvarnabhumi Airport,BKK
Brunei International Airport,BWN,2024-08-29 12:05,Singapore Changi Airport,SIN,2024-08-29 14:20,135,Singapore Airlines,Economy,475,190.0,,514,Y,Y,Y,1,7,1,23,Thursday,False,False,False,Suvarnabhumi Airport,BKK
Brunei International Airport,BWN,2024-08-29 12:05,Singapore Changi Airport,SIN,2024-08-29 14:20,135,Singapore Airlines,Economy,380,100.0,,590,Y,Y,Y,1,7,1,23,Thursday,False,False,False,Suvarnabhumi Airport,BKK
Brunei International Airport,BWN,2024-08-30 18:30,Ninoy Aquino International Airport,MNL,2024-08-30 20:45,135,Royal Brunei,Economy,1125,775.0,True,309,Y,Y,Y,1,7,1,20,Friday,False,False,False,Suvarnabhumi Airport,BKK
Brunei International Airport,BWN,2024-08-30 15:50,Singapore Changi Airport,SIN,2024-08-30 18:00,130,Singapore Airlines,Economy,455,165.0,,447,Y,Y,Y,1,7,1,23,Friday,False,False,False,Suvarnabhumi Airport,BKK
Brunei International Airport,BWN,2024-08-30 08:50,Kuala Lumpur International Airport,KUL,2024-08-30 11:20,150,Royal Brunei,Economy,400,120.0,,468,Y,Y,Y,1,7,1,20,Friday,False,False,False,Suvarnabhumi Airport,BKK
Brunei International Airport,BWN,2024-08-30 17:55,Kuala Lumpur International Airport,KUL,2024-08-30 20:25,150,Royal Brunei,Economy,370,80.0,,468,Y,Y,Y,1,7,1,20,Friday,False,False,False,Suvarnabhumi Airport,BKK
Brunei International Airport,BWN,2024-08-30 15:50,Singapore Changi Airport,SIN,2024-08-30 18:00,130,Singapore Airlines,Economy,1595,1320.0,True,262,Y,Y,Y,1,7,1,23,Friday,False,False,False,Suvarnabhumi Airport,BKK
Brunei International Airport,BWN,2024-08-30 15:50,Singapore Changi Airport,SIN,2024-08-30 18:00,130,Singapore Airlines,Economy,1210,930.0,True,283,Y,Y,Y,1,7,1,23,Friday,False,False,False,Suvarnabhumi Airport,BKK
Brunei International Airport,BWN,2024-08-30 15:50,Singapore Changi Airport,SIN,2024-08-30 18:00,130,Singapore Airlines,Economy,1065,790.0,True,338,Y,Y,Y,1,7,1,23,Friday,False,False,False,Suvarnabhumi Airport,BKK
Brunei International Airport,BWN,2024-08-30 08:50,Kuala Lumpur International Airport,KUL,2024-08-30 11:20,150,Royal Brunei,Economy,510,225.0,,468,Y,Y,Y,1,7,1,20,Friday,False,False,False,Suvarnabhumi Airport,BKK
Brunei International Airport,BWN,2024-08-30 15:50,Singapore Changi Airport,SIN,2024-08-30 18:00,130,Singapore Airlines,Economy,1465,1165.0,True,1932,Y,Y,Y,1,7,1,23,Friday,False,False,False,Suvarnabhumi Airport,BKK
Brunei International Airport,BWN,2024-08-31 23:40,Ninoy Aquino International Airport,MNL,2024-09-01 02:00,140,Cebu Pacific,Economy,675,320.0,True,168,Y,N,N,1,7,0,0,Saturday,False,False,True,Suvarnabhumi Airport,BKK
Brunei International Airport,BWN,2024-08-31 10:55,Suvarnabhumi Airport,BKK,2024-08-31 12:40,165,Royal Brunei,Economy,165,,,262,Y,Y,Y,1,7,1,20,Saturday,False,False,False,Suvarnabhumi Airport,BKK
Brunei International Airport,BWN,2024-08-31 12:05,Singapore Changi Airport,SIN,2024-08-31 14:20,135,Singapore Airlines,Economy,380,100.0,,262,Y,Y,Y,1,7,1,23,Saturday,False,False,False,Suvarnabhumi Airport,BKK
Brunei International Airport,BWN,2024-08-31 12:05,Singapore Changi Airport,SIN,2024-08-31 14:20,135,Singapore Airlines,Economy,1260,960.0,True,262,Y,Y,Y,1,7,1,23,Saturday,False,False,False,Suvarnabhumi Airport,BKK
Brunei International Airport,BWN,2024-08-31 08:50,Kuala Lumpur International Airport,KUL,2024-08-31 11:20,150,Royal Brunei,Economy,400,120.0,,468,Y,Y,Y,1,7,1,20,Saturday,False,False,False,Suvarnabhumi Airport,BKK
Brunei International Airport,BWN,2024-08-31 12:05,Singapore Changi Airport,SIN,2024-08-31 14:20,135,Singapore Airlines,Economy,1690,1385.0,True,1932,Y,Y,Y,1,7,1,23,Saturday,False,False,False,Suvarnabhumi Airport,BKK
