Departure Airport Name,Departure Airport ID,Departure Time,Arrival Airport Name,Arrival Airport ID,Arrival Time,Duration,Airline,Travel Class,Total Duration,Layover 1 Duration,Layover 1 Overnight,Price, Cabin Baggage, Checked Baggage,Meal Included,Cabin Baggage (Number),Cabin Baggage (kg per piece),Checked Baggage (Number),Checked Baggage (kg per piece) ,Day of Week (on flight date),Departure Country Is Holiday,Arrival Country Is Holiday,Overnight Flight,Final Arrival Airport Name,Final Arrival Airport ID
Brunei International Airport,BWN,2024-07-01 12:05,Singapore Changi Airport,SIN,2024-07-01 14:20,135,Singapore Airlines,Economy,385,130,,375,Y,Y,Y,1,7,1,23,Monday,False,False,False,Phnom Penh International Airport,PNH
Brunei International Airport,BWN,2024-07-01 18:30,Ninoy Aquino International Airport,MNL,2024-07-01 20:45,135,Royal Brunei,Economy,1829,1515,True,616,Y,Y,Y,1,7,1,20,Monday,False,False,False,Phnom Penh International Airport,PNH
Brunei International Airport,BWN,2024-07-01 08:50,Kuala Lumpur International Airport,KUL,2024-07-01 11:20,150,Royal Brunei,Economy,575,310,,685,Y,Y,Y,1,7,1,20,Monday,False,False,False,Phnom Penh International Airport,PNH
Brunei International Airport,BWN,2024-07-02 12:05,Singapore Changi Airport,SIN,2024-07-02 14:20,135,Singapore Airlines,Economy,385,130,,375,Y,Y,Y,1,7,1,23,Tuesday,False,False,False,Phnom Penh International Airport,PNH
Brunei International Airport,BWN,2024-07-02 17:55,Kuala Lumpur International Airport,KUL,2024-07-02 20:25,150,Royal Brunei,Economy,1025,755,True,502,Y,Y,Y,1,7,1,20,Tuesday,False,False,False,Phnom Penh International Airport,PNH
Brunei International Airport,BWN,2024-07-03 17:55,Kuala Lumpur International Airport,KUL,2024-07-03 20:25,150,Royal Brunei,Economy,1470,1205,True,491,Y,Y,Y,1,7,1,20,Wednesday,False,False,False,Phnom Penh International Airport,PNH
Brunei International Airport,BWN,2024-07-03 15:50,Singapore Changi Airport,SIN,2024-07-03 18:00,130,Singapore Airlines,Economy,1070,820,True,656,Y,Y,Y,1,7,1,23,Wednesday,False,False,False,Phnom Penh International Airport,PNH
Brunei International Airport,BWN,2024-07-04 12:05,Singapore Changi Airport,SIN,2024-07-04 14:20,135,Singapore Airlines,Economy,385,130,,500,Y,Y,Y,1,7,1,23,Thursday,False,False,False,Phnom Penh International Airport,PNH
Brunei International Airport,BWN,2024-07-05 18:30,Ninoy Aquino International Airport,MNL,2024-07-05 20:45,135,Royal Brunei,Economy,1829,1515,True,447,Y,Y,Y,1,7,1,20,Friday,False,False,False,Phnom Penh International Airport,PNH
Brunei International Airport,BWN,2024-07-05 08:50,Kuala Lumpur International Airport,KUL,2024-07-05 11:20,150,Royal Brunei,Economy,575,310,,499,Y,Y,Y,1,7,1,20,Friday,False,False,False,Phnom Penh International Airport,PNH
Brunei International Airport,BWN,2024-07-06 08:50,Kuala Lumpur International Airport,KUL,2024-07-06 11:20,150,Royal Brunei,Economy,575,310,,499,Y,Y,Y,1,7,1,20,Saturday,False,False,False,Phnom Penh International Airport,PNH
Brunei International Airport,BWN,2024-07-06 12:05,Singapore Changi Airport,SIN,2024-07-06 14:20,135,Singapore Airlines,Economy,375,130,,581,Y,Y,Y,1,7,1,23,Saturday,False,False,False,Phnom Penh International Airport,PNH
Brunei International Airport,BWN,2024-07-07 08:50,Kuala Lumpur International Airport,KUL,2024-07-07 11:20,150,Royal Brunei,Economy,575,310,,557,Y,Y,Y,1,7,1,20,Sunday,False,False,False,Phnom Penh International Airport,PNH
Brunei International Airport,BWN,2024-07-07 17:55,Kuala Lumpur International Airport,KUL,2024-07-07 20:25,150,Royal Brunei,Economy,1025,755,True,560,Y,Y,Y,1,7,1,20,Sunday,False,False,False,Phnom Penh International Airport,PNH
Brunei International Airport,BWN,2024-07-08 18:30,Ninoy Aquino International Airport,MNL,2024-07-08 20:45,135,Royal Brunei,Economy,1829,1515,True,420,Y,Y,Y,1,7,1,20,Monday,True,False,False,Phnom Penh International Airport,PNH
Brunei International Airport,BWN,2024-07-08 08:50,Kuala Lumpur International Airport,KUL,2024-07-08 11:20,150,Royal Brunei,Economy,575,310,,598,Y,Y,Y,1,7,1,20,Monday,True,False,False,Phnom Penh International Airport,PNH
Brunei International Airport,BWN,2024-07-08 12:05,Singapore Changi Airport,SIN,2024-07-08 14:20,135,Singapore Airlines,Economy,385,130,,656,Y,Y,Y,1,7,1,23,Monday,True,False,False,Phnom Penh International Airport,PNH
Brunei International Airport,BWN,2024-07-09 12:05,Singapore Changi Airport,SIN,2024-07-09 14:20,135,Singapore Airlines,Economy,385,130,,432,Y,Y,Y,1,7,1,23,Tuesday,False,False,False,Phnom Penh International Airport,PNH
Brunei International Airport,BWN,2024-07-09 17:55,Kuala Lumpur International Airport,KUL,2024-07-09 20:25,150,Royal Brunei,Economy,1025,755,True,491,Y,Y,Y,1,7,1,20,Tuesday,False,False,False,Phnom Penh International Airport,PNH
Brunei International Airport,BWN,2024-07-10 17:55,Kuala Lumpur International Airport,KUL,2024-07-10 20:25,150,Royal Brunei,Economy,1470,1205,True,491,Y,Y,Y,1,7,1,20,Wednesday,False,False,False,Phnom Penh International Airport,PNH
Brunei International Airport,BWN,2024-07-10 15:50,Singapore Changi Airport,SIN,2024-07-10 18:00,130,Singapore Airlines,Economy,1070,820,True,581,Y,Y,Y,1,7,1,23,Wednesday,False,False,False,Phnom Penh International Airport,PNH
Brunei International Airport,BWN,2024-07-11 12:05,Singapore Changi Airport,SIN,2024-07-11 14:20,135,Singapore Airlines,Economy,385,130,,432,Y,Y,Y,1,7,1,23,Thursday,False,False,False,Phnom Penh International Airport,PNH
Brunei International Airport,BWN,2024-07-11 08:50,Kuala Lumpur International Airport,KUL,2024-07-11 11:20,150,Royal Brunei,Economy,575,310,,557,Y,Y,Y,1,7,1,20,Thursday,False,False,False,Phnom Penh International Airport,PNH
Brunei International Airport,BWN,2024-07-11 17:55,Kuala Lumpur International Airport,KUL,2024-07-11 20:25,150,Royal Brunei,Economy,1025,755,True,560,Y,Y,Y,1,7,1,20,Thursday,False,False,False,Phnom Penh International Airport,PNH
Brunei International Airport,BWN,2024-07-12 18:30,Ninoy Aquino International Airport,MNL,2024-07-12 20:45,135,Royal Brunei,Economy,1829,1515,True,342,Y,Y,Y,1,7,1,20,Friday,False,False,False,Phnom Penh International Airport,PNH
Brunei International Airport,BWN,2024-07-12 08:50,Kuala Lumpur International Airport,KUL,2024-07-12 11:20,150,Royal Brunei,Economy,575,310,,557,Y,Y,Y,1,7,1,20,Friday,False,False,False,Phnom Penh International Airport,PNH
Brunei International Airport,BWN,2024-07-12 15:50,Singapore Changi Airport,SIN,2024-07-12 18:00,130,Singapore Airlines,Economy,1070,820,True,581,Y,Y,Y,1,7,1,23,Friday,False,False,False,Phnom Penh International Airport,PNH
Brunei International Airport,BWN,2024-07-13 08:50,Kuala Lumpur International Airport,KUL,2024-07-13 11:20,150,Royal Brunei,Economy,575,310,,499,Y,Y,Y,1,7,1,20,Saturday,False,False,False,Phnom Penh International Airport,PNH
Brunei International Airport,BWN,2024-07-13 12:05,Singapore Changi Airport,SIN,2024-07-13 14:20,135,Singapore Airlines,Economy,375,130,,656,Y,Y,Y,1,7,1,23,Saturday,False,False,False,Phnom Penh International Airport,PNH
Brunei International Airport,BWN,2024-07-14 15:50,Singapore Changi Airport,SIN,2024-07-14 18:00,130,Singapore Airlines,Economy,1070,820,True,432,Y,Y,Y,1,7,1,23,Sunday,False,False,False,Phnom Penh International Airport,PNH
Brunei International Airport,BWN,2024-07-14 17:55,Kuala Lumpur International Airport,KUL,2024-07-14 20:25,150,Royal Brunei,Economy,1025,755,True,502,Y,Y,Y,1,7,1,20,Sunday,False,False,False,Phnom Penh International Airport,PNH
Brunei International Airport,BWN,2024-07-14 08:50,Kuala Lumpur International Airport,KUL,2024-07-14 11:20,150,Royal Brunei,Economy,575,310,,598,Y,Y,Y,1,7,1,20,Sunday,False,False,False,Phnom Penh International Airport,PNH
Brunei International Airport,BWN,2024-07-15 12:05,Singapore Changi Airport,SIN,2024-07-15 14:20,135,Singapore Airlines,Economy,385,130,,375,Y,Y,Y,1,7,1,23,Monday,True,False,False,Phnom Penh International Airport,PNH
Brunei International Airport,BWN,2024-07-15 18:30,Ninoy Aquino International Airport,MNL,2024-07-15 20:45,135,Royal Brunei,Economy,1829,1515,True,387,Y,Y,Y,1,7,1,20,Monday,True,False,False,Phnom Penh International Airport,PNH
Brunei International Airport,BWN,2024-07-15 08:50,Kuala Lumpur International Airport,KUL,2024-07-15 11:20,150,Royal Brunei,Economy,575,310,,499,Y,Y,Y,1,7,1,20,Monday,True,False,False,Phnom Penh International Airport,PNH
Brunei International Airport,BWN,2024-07-16 12:05,Singapore Changi Airport,SIN,2024-07-16 14:20,135,Singapore Airlines,Economy,385,130,,375,Y,Y,Y,1,7,1,23,Tuesday,False,False,False,Phnom Penh International Airport,PNH
Brunei International Airport,BWN,2024-07-16 17:55,Kuala Lumpur International Airport,KUL,2024-07-16 20:25,150,Royal Brunei,Economy,1025,755,True,491,Y,Y,Y,1,7,1,20,Tuesday,False,False,False,Phnom Penh International Airport,PNH
Brunei International Airport,BWN,2024-07-17 15:50,Singapore Changi Airport,SIN,2024-07-17 18:00,130,Singapore Airlines,Economy,1070,820,True,375,Y,Y,Y,1,7,1,23,Wednesday,False,False,False,Phnom Penh International Airport,PNH
Brunei International Airport,BWN,2024-07-17 17:55,Kuala Lumpur International Airport,KUL,2024-07-17 20:25,150,Royal Brunei,Economy,1470,1205,True,491,Y,Y,Y,1,7,1,20,Wednesday,False,False,False,Phnom Penh International Airport,PNH
Brunei International Airport,BWN,2024-07-18 18:30,Ninoy Aquino International Airport,MNL,2024-07-18 20:45,135,Royal Brunei,Economy,1829,1515,True,328,Y,Y,Y,1,7,1,20,Thursday,False,False,False,Phnom Penh International Airport,PNH
Brunei International Airport,BWN,2024-07-18 12:05,Singapore Changi Airport,SIN,2024-07-18 14:20,135,Singapore Airlines,Economy,385,130,,375,Y,Y,Y,1,7,1,23,Thursday,False,False,False,Phnom Penh International Airport,PNH
Brunei International Airport,BWN,2024-07-18 08:50,Kuala Lumpur International Airport,KUL,2024-07-18 11:20,150,Royal Brunei,Economy,575,310,,488,Y,Y,Y,1,7,1,20,Thursday,False,False,False,Phnom Penh International Airport,PNH
Brunei International Airport,BWN,2024-07-18 17:55,Kuala Lumpur International Airport,KUL,2024-07-18 20:25,150,Royal Brunei,Economy,1025,755,True,491,Y,Y,Y,1,7,1,20,Thursday,False,False,False,Phnom Penh International Airport,PNH
Brunei International Airport,BWN,2024-07-19 18:30,Ninoy Aquino International Airport,MNL,2024-07-19 20:45,135,Royal Brunei,Economy,1829,1515,True,328,Y,Y,Y,1,7,1,20,Friday,False,False,False,Phnom Penh International Airport,PNH
Brunei International Airport,BWN,2024-07-19 15:50,Singapore Changi Airport,SIN,2024-07-19 18:00,130,Singapore Airlines,Economy,1070,820,True,375,Y,Y,Y,1,7,1,23,Friday,False,False,False,Phnom Penh International Airport,PNH
Brunei International Airport,BWN,2024-07-19 17:55,Kuala Lumpur International Airport,KUL,2024-07-19 20:25,150,Royal Brunei,Economy,1470,1205,True,468,Y,Y,Y,1,7,1,20,Friday,False,False,False,Phnom Penh International Airport,PNH
Brunei International Airport,BWN,2024-07-19 08:50,Kuala Lumpur International Airport,KUL,2024-07-19 11:20,150,Royal Brunei,Economy,575,310,,488,Y,Y,Y,1,7,1,20,Friday,False,False,False,Phnom Penh International Airport,PNH
Brunei International Airport,BWN,2024-07-20 12:05,Singapore Changi Airport,SIN,2024-07-20 14:20,135,Singapore Airlines,Economy,375,130,,375,Y,Y,Y,1,7,1,23,Saturday,False,False,False,Phnom Penh International Airport,PNH
Brunei International Airport,BWN,2024-07-21 15:50,Singapore Changi Airport,SIN,2024-07-21 18:00,130,Singapore Airlines,Economy,1070,820,True,375,Y,Y,Y,1,7,1,23,Sunday,False,False,False,Phnom Penh International Airport,PNH
Brunei International Airport,BWN,2024-07-21 17:55,Kuala Lumpur International Airport,KUL,2024-07-21 20:25,150,Royal Brunei,Economy,1025,755,True,468,Y,Y,Y,1,7,1,20,Sunday,False,False,False,Phnom Penh International Airport,PNH
Brunei International Airport,BWN,2024-07-21 08:50,Kuala Lumpur International Airport,KUL,2024-07-21 11:20,150,Royal Brunei,Economy,575,310,,488,Y,Y,Y,1,7,1,20,Sunday,False,False,False,Phnom Penh International Airport,PNH
Brunei International Airport,BWN,2024-07-22 18:30,Ninoy Aquino International Airport,MNL,2024-07-22 20:45,135,Royal Brunei,Economy,1829,1515,True,328,Y,Y,Y,1,7,1,20,Monday,False,False,False,Phnom Penh International Airport,PNH
Brunei International Airport,BWN,2024-07-22 12:05,Singapore Changi Airport,SIN,2024-07-22 14:20,135,Singapore Airlines,Economy,385,130,,375,Y,Y,Y,1,7,1,23,Monday,False,False,False,Phnom Penh International Airport,PNH
Brunei International Airport,BWN,2024-07-22 08:50,Kuala Lumpur International Airport,KUL,2024-07-22 11:20,150,Royal Brunei,Economy,575,310,,488,Y,Y,Y,1,7,1,20,Monday,False,False,False,Phnom Penh International Airport,PNH
Brunei International Airport,BWN,2024-07-23 12:05,Singapore Changi Airport,SIN,2024-07-23 14:20,135,Singapore Airlines,Economy,385,130,,375,Y,Y,Y,1,7,1,23,Tuesday,False,False,False,Phnom Penh International Airport,PNH
Brunei International Airport,BWN,2024-07-23 17:55,Kuala Lumpur International Airport,KUL,2024-07-23 20:25,150,Royal Brunei,Economy,1025,755,True,468,Y,Y,Y,1,7,1,20,Tuesday,False,False,False,Phnom Penh International Airport,PNH
Brunei International Airport,BWN,2024-07-24 15:50,Singapore Changi Airport,SIN,2024-07-24 18:00,130,Singapore Airlines,Economy,1070,820,True,375,Y,Y,Y,1,7,1,23,Wednesday,False,False,False,Phnom Penh International Airport,PNH
Brunei International Airport,BWN,2024-07-24 17:55,Kuala Lumpur International Airport,KUL,2024-07-24 20:25,150,Royal Brunei,Economy,1470,1205,True,468,Y,Y,Y,1,7,1,20,Wednesday,False,False,False,Phnom Penh International Airport,PNH
Brunei International Airport,BWN,2024-07-25 12:05,Singapore Changi Airport,SIN,2024-07-25 14:20,135,Singapore Airlines,Economy,385,130,,375,Y,Y,Y,1,7,1,23,Thursday,False,False,False,Phnom Penh International Airport,PNH
Brunei International Airport,BWN,2024-07-25 17:55,Kuala Lumpur International Airport,KUL,2024-07-25 20:25,150,Royal Brunei,Economy,1025,755,True,468,Y,Y,Y,1,7,1,20,Thursday,False,False,False,Phnom Penh International Airport,PNH
Brunei International Airport,BWN,2024-07-25 08:50,Kuala Lumpur International Airport,KUL,2024-07-25 11:20,150,Royal Brunei,Economy,575,310,,488,Y,Y,Y,1,7,1,20,Thursday,False,False,False,Phnom Penh International Airport,PNH
Brunei International Airport,BWN,2024-07-26 18:30,Ninoy Aquino International Airport,MNL,2024-07-26 20:45,135,Royal Brunei,Economy,1829,1515,True,328,Y,Y,Y,1,7,1,20,Friday,False,False,False,Phnom Penh International Airport,PNH
Brunei International Airport,BWN,2024-07-26 15:50,Singapore Changi Airport,SIN,2024-07-26 18:00,130,Singapore Airlines,Economy,1070,820,True,375,Y,Y,Y,1,7,1,23,Friday,False,False,False,Phnom Penh International Airport,PNH
Brunei International Airport,BWN,2024-07-26 08:50,Kuala Lumpur International Airport,KUL,2024-07-26 11:20,150,Royal Brunei,Economy,575,310,,488,Y,Y,Y,1,7,1,20,Friday,False,False,False,Phnom Penh International Airport,PNH
Brunei International Airport,BWN,2024-07-27 12:05,Singapore Changi Airport,SIN,2024-07-27 14:20,135,Singapore Airlines,Economy,375,130,,375,Y,Y,Y,1,7,1,23,Saturday,False,False,False,Phnom Penh International Airport,PNH
Brunei International Airport,BWN,2024-07-27 08:50,Kuala Lumpur International Airport,KUL,2024-07-27 11:20,150,Royal Brunei,Economy,575,310,,465,Y,Y,Y,1,7,1,20,Saturday,False,False,False,Phnom Penh International Airport,PNH
Brunei International Airport,BWN,2024-07-28 15:50,Singapore Changi Airport,SIN,2024-07-28 18:00,130,Singapore Airlines,Economy,1070,820,True,375,Y,Y,Y,1,7,1,23,Sunday,False,False,False,Phnom Penh International Airport,PNH
Brunei International Airport,BWN,2024-07-28 17:55,Kuala Lumpur International Airport,KUL,2024-07-28 20:25,150,Royal Brunei,Economy,1025,755,True,468,Y,Y,Y,1,7,1,20,Sunday,False,False,False,Phnom Penh International Airport,PNH
Brunei International Airport,BWN,2024-07-28 08:50,Kuala Lumpur International Airport,KUL,2024-07-28 11:20,150,Royal Brunei,Economy,575,310,,488,Y,Y,Y,1,7,1,20,Sunday,False,False,False,Phnom Penh International Airport,PNH
Brunei International Airport,BWN,2024-07-29 18:30,Ninoy Aquino International Airport,MNL,2024-07-29 20:45,135,Royal Brunei,Economy,1829,1515,True,308,Y,Y,Y,1,7,1,20,Monday,False,False,False,Phnom Penh International Airport,PNH
Brunei International Airport,BWN,2024-07-29 12:05,Singapore Changi Airport,SIN,2024-07-29 14:20,135,Singapore Airlines,Economy,385,130,,375,Y,Y,Y,1,7,1,23,Monday,False,False,False,Phnom Penh International Airport,PNH
Brunei International Airport,BWN,2024-07-29 08:50,Kuala Lumpur International Airport,KUL,2024-07-29 11:20,150,Royal Brunei,Economy,575,310,,465,Y,Y,Y,1,7,1,20,Monday,False,False,False,Phnom Penh International Airport,PNH
Brunei International Airport,BWN,2024-07-30 12:05,Singapore Changi Airport,SIN,2024-07-30 14:20,135,Singapore Airlines,Economy,385,130,,375,Y,Y,Y,1,7,1,23,Tuesday,False,False,False,Phnom Penh International Airport,PNH
Brunei International Airport,BWN,2024-07-30 17:55,Kuala Lumpur International Airport,KUL,2024-07-30 20:25,150,Royal Brunei,Economy,1025,755,True,468,Y,Y,Y,1,7,1,20,Tuesday,False,False,False,Phnom Penh International Airport,PNH
Brunei International Airport,BWN,2024-07-31 15:50,Singapore Changi Airport,SIN,2024-07-31 18:00,130,Singapore Airlines,Economy,1070,820,True,375,Y,Y,Y,1,7,1,23,Wednesday,False,False,False,Phnom Penh International Airport,PNH
Brunei International Airport,BWN,2024-07-31 17:55,Kuala Lumpur International Airport,KUL,2024-07-31 20:25,150,Royal Brunei,Economy,1025,755,True,502,Y,Y,Y,1,7,1,20,Wednesday,False,False,False,Phnom Penh International Airport,PNH
Brunei International Airport,BWN,2024-08-01 12:05,Singapore Changi Airport,SIN,2024-08-01 14:20,135,Singapore Airlines,Economy,385,130,,375,Y,Y,Y,1,7,1,23,Thursday,False,False,False,Phnom Penh International Airport,PNH
Brunei International Airport,BWN,2024-08-01 17:55,Kuala Lumpur International Airport,KUL,2024-08-01 20:25,150,Royal Brunei,Economy,1025,755,True,468,Y,Y,Y,1,7,1,20,Thursday,False,False,False,Phnom Penh International Airport,PNH
Brunei International Airport,BWN,2024-08-01 08:50,Kuala Lumpur International Airport,KUL,2024-08-01 11:20,150,Royal Brunei,Economy,575,310,,488,Y,Y,Y,1,7,1,20,Thursday,False,False,False,Phnom Penh International Airport,PNH
Brunei International Airport,BWN,2024-08-02 18:30,Ninoy Aquino International Airport,MNL,2024-08-02 20:45,135,Royal Brunei,Economy,1829,1515,True,308,Y,Y,Y,1,7,1,20,Friday,False,False,False,Phnom Penh International Airport,PNH
Brunei International Airport,BWN,2024-08-02 08:50,Kuala Lumpur International Airport,KUL,2024-08-02 11:20,150,Royal Brunei,Economy,575,310,,488,Y,Y,Y,1,7,1,20,Friday,False,False,False,Phnom Penh International Airport,PNH
Brunei International Airport,BWN,2024-08-02 17:55,Kuala Lumpur International Airport,KUL,2024-08-02 20:25,150,Royal Brunei,Economy,1025,755,True,491,Y,Y,Y,1,7,1,20,Friday,False,False,False,Phnom Penh International Airport,PNH
Brunei International Airport,BWN,2024-08-02 15:50,Singapore Changi Airport,SIN,2024-08-02 18:00,130,Singapore Airlines,Economy,1070,820,True,581,Y,Y,Y,1,7,1,23,Friday,False,False,False,Phnom Penh International Airport,PNH
Brunei International Airport,BWN,2024-08-03 12:05,Singapore Changi Airport,SIN,2024-08-03 14:20,135,Singapore Airlines,Economy,375,130,,375,Y,Y,Y,1,7,1,23,Saturday,False,False,False,Phnom Penh International Airport,PNH
Brunei International Airport,BWN,2024-08-03 08:50,Kuala Lumpur International Airport,KUL,2024-08-03 11:20,150,Royal Brunei,Economy,575,310,,488,Y,Y,Y,1,7,1,20,Saturday,False,False,False,Phnom Penh International Airport,PNH
Brunei International Airport,BWN,2024-08-04 15:50,Singapore Changi Airport,SIN,2024-08-04 18:00,130,Singapore Airlines,Economy,1070,820,True,432,Y,Y,Y,1,7,1,23,Sunday,False,False,False,Phnom Penh International Airport,PNH
Brunei International Airport,BWN,2024-08-04 17:55,Kuala Lumpur International Airport,KUL,2024-08-04 20:25,150,Royal Brunei,Economy,1025,755,True,502,Y,Y,Y,1,7,1,20,Sunday,False,False,False,Phnom Penh International Airport,PNH
Brunei International Airport,BWN,2024-08-04 08:50,Kuala Lumpur International Airport,KUL,2024-08-04 11:20,150,Royal Brunei,Economy,575,310,,558,Y,Y,Y,1,7,1,20,Sunday,False,False,False,Phnom Penh International Airport,PNH
Brunei International Airport,BWN,2024-08-05 18:30,Ninoy Aquino International Airport,MNL,2024-08-05 20:45,135,Royal Brunei,Economy,1829,1515,True,367,Y,Y,Y,1,7,1,20,Monday,False,False,False,Phnom Penh International Airport,PNH
Brunei International Airport,BWN,2024-08-05 12:05,Singapore Changi Airport,SIN,2024-08-05 14:20,135,Singapore Airlines,Economy,385,130,,375,Y,Y,Y,1,7,1,23,Monday,False,False,False,Phnom Penh International Airport,PNH
Brunei International Airport,BWN,2024-08-05 08:50,Kuala Lumpur International Airport,KUL,2024-08-05 11:20,150,Royal Brunei,Economy,575,310,,598,Y,Y,Y,1,7,1,20,Monday,False,False,False,Phnom Penh International Airport,PNH
Brunei International Airport,BWN,2024-08-06 12:05,Singapore Changi Airport,SIN,2024-08-06 14:20,135,Singapore Airlines,Economy,385,130,,375,Y,Y,Y,1,7,1,23,Tuesday,False,False,False,Phnom Penh International Airport,PNH
Brunei International Airport,BWN,2024-08-07 15:50,Singapore Changi Airport,SIN,2024-08-07 18:00,130,Singapore Airlines,Economy,1070,820,True,375,Y,Y,Y,1,7,1,23,Wednesday,False,False,False,Phnom Penh International Airport,PNH
Brunei International Airport,BWN,2024-08-07 17:55,Kuala Lumpur International Airport,KUL,2024-08-07 20:25,150,Royal Brunei,Economy,1025,755,True,561,Y,Y,Y,1,7,1,20,Wednesday,False,False,False,Phnom Penh International Airport,PNH
Brunei International Airport,BWN,2024-08-08 12:05,Singapore Changi Airport,SIN,2024-08-08 14:20,135,Singapore Airlines,Economy,1295,1040,True,375,Y,Y,Y,1,7,1,23,Thursday,False,False,False,Phnom Penh International Airport,PNH
Brunei International Airport,BWN,2024-08-08 12:05,Singapore Changi Airport,SIN,2024-08-08 14:20,135,Singapore Airlines,Economy,385,130,,445,Y,Y,Y,1,7,1,23,Thursday,False,False,False,Phnom Penh International Airport,PNH
Brunei International Airport,BWN,2024-08-08 17:55,Kuala Lumpur International Airport,KUL,2024-08-08 20:25,150,Royal Brunei,Economy,1025,755,True,502,Y,Y,Y,1,7,1,20,Thursday,False,False,False,Phnom Penh International Airport,PNH
Brunei International Airport,BWN,2024-08-08 08:50,Kuala Lumpur International Airport,KUL,2024-08-08 11:20,150,Royal Brunei,Economy,575,310,,557,Y,Y,Y,1,7,1,20,Thursday,False,False,False,Phnom Penh International Airport,PNH
Brunei International Airport,BWN,2024-08-09 18:30,Ninoy Aquino International Airport,MNL,2024-08-09 20:45,135,Royal Brunei,Economy,1829,1515,True,308,Y,Y,Y,1,7,1,20,Friday,False,False,False,Phnom Penh International Airport,PNH
Brunei International Airport,BWN,2024-08-09 15:50,Singapore Changi Airport,SIN,2024-08-09 18:00,130,Singapore Airlines,Economy,1070,820,True,375,Y,Y,Y,1,7,1,23,Friday,False,False,False,Phnom Penh International Airport,PNH
Brunei International Airport,BWN,2024-08-09 17:55,Kuala Lumpur International Airport,KUL,2024-08-09 20:25,150,Royal Brunei,Economy,1025,755,True,502,Y,Y,Y,1,7,1,20,Friday,False,False,False,Phnom Penh International Airport,PNH
Brunei International Airport,BWN,2024-08-09 08:50,Kuala Lumpur International Airport,KUL,2024-08-09 11:20,150,Royal Brunei,Economy,575,310,,557,Y,Y,Y,1,7,1,20,Friday,False,False,False,Phnom Penh International Airport,PNH
Brunei International Airport,BWN,2024-08-10 12:05,Singapore Changi Airport,SIN,2024-08-10 14:20,135,Singapore Airlines,Economy,375,130,,375,Y,Y,Y,1,7,1,23,Saturday,False,False,False,Phnom Penh International Airport,PNH
Brunei International Airport,BWN,2024-08-10 08:50,Kuala Lumpur International Airport,KUL,2024-08-10 11:20,150,Royal Brunei,Economy,575,310,,499,Y,Y,Y,1,7,1,20,Saturday,False,False,False,Phnom Penh International Airport,PNH
Brunei International Airport,BWN,2024-08-11 15:50,Singapore Changi Airport,SIN,2024-08-11 18:00,130,Singapore Airlines,Economy,1070,820,True,375,Y,Y,Y,1,7,1,23,Sunday,False,False,False,Phnom Penh International Airport,PNH
Brunei International Airport,BWN,2024-08-11 17:55,Kuala Lumpur International Airport,KUL,2024-08-11 20:25,150,Royal Brunei,Economy,1025,755,True,491,Y,Y,Y,1,7,1,20,Sunday,False,False,False,Phnom Penh International Airport,PNH
Brunei International Airport,BWN,2024-08-11 08:50,Kuala Lumpur International Airport,KUL,2024-08-11 11:20,150,Royal Brunei,Economy,575,310,,499,Y,Y,Y,1,7,1,20,Sunday,False,False,False,Phnom Penh International Airport,PNH
Brunei International Airport,BWN,2024-08-12 18:30,Ninoy Aquino International Airport,MNL,2024-08-12 20:45,135,Royal Brunei,Economy,1829,1515,True,308,Y,Y,Y,1,7,1,20,Monday,False,False,False,Phnom Penh International Airport,PNH
Brunei International Airport,BWN,2024-08-12 12:05,Singapore Changi Airport,SIN,2024-08-12 14:20,135,Singapore Airlines,Economy,385,130,,375,Y,Y,Y,1,7,1,23,Monday,False,False,False,Phnom Penh International Airport,PNH
Brunei International Airport,BWN,2024-08-12 08:50,Kuala Lumpur International Airport,KUL,2024-08-12 11:20,150,Royal Brunei,Economy,575,310,,499,Y,Y,Y,1,7,1,20,Monday,False,False,False,Phnom Penh International Airport,PNH
Brunei International Airport,BWN,2024-08-13 12:05,Singapore Changi Airport,SIN,2024-08-13 14:20,135,Singapore Airlines,Economy,385,130,,375,Y,Y,Y,1,7,1,23,Tuesday,False,False,False,Phnom Penh International Airport,PNH
Brunei International Airport,BWN,2024-08-13 17:55,Kuala Lumpur International Airport,KUL,2024-08-13 20:25,150,Royal Brunei,Economy,1025,755,True,491,Y,Y,Y,1,7,1,20,Tuesday,False,False,False,Phnom Penh International Airport,PNH
Brunei International Airport,BWN,2024-08-14 15:50,Singapore Changi Airport,SIN,2024-08-14 18:00,130,Singapore Airlines,Economy,1070,820,True,375,Y,Y,Y,1,7,1,23,Wednesday,False,False,False,Phnom Penh International Airport,PNH
Brunei International Airport,BWN,2024-08-14 17:55,Kuala Lumpur International Airport,KUL,2024-08-14 20:25,150,Royal Brunei,Economy,1025,755,True,491,Y,Y,Y,1,7,1,20,Wednesday,False,False,False,Phnom Penh International Airport,PNH
Brunei International Airport,BWN,2024-08-15 12:05,Singapore Changi Airport,SIN,2024-08-15 14:20,135,Singapore Airlines,Economy,385,130,,375,Y,Y,Y,1,7,1,23,Thursday,False,False,False,Phnom Penh International Airport,PNH
Brunei International Airport,BWN,2024-08-15 08:50,Kuala Lumpur International Airport,KUL,2024-08-15 11:20,150,Royal Brunei,Economy,575,310,,557,Y,Y,Y,1,7,1,20,Thursday,False,False,False,Phnom Penh International Airport,PNH
Brunei International Airport,BWN,2024-08-15 17:55,Kuala Lumpur International Airport,KUL,2024-08-15 20:25,150,Royal Brunei,Economy,1025,755,True,560,Y,Y,Y,1,7,1,20,Thursday,False,False,False,Phnom Penh International Airport,PNH
Brunei International Airport,BWN,2024-08-16 18:30,Ninoy Aquino International Airport,MNL,2024-08-16 20:45,135,Royal Brunei,Economy,1829,1515,True,308,Y,Y,Y,1,7,1,20,Friday,False,False,False,Phnom Penh International Airport,PNH
Brunei International Airport,BWN,2024-08-16 15:50,Singapore Changi Airport,SIN,2024-08-16 18:00,130,Singapore Airlines,Economy,1070,820,True,375,Y,Y,Y,1,7,1,23,Friday,False,False,False,Phnom Penh International Airport,PNH
Brunei International Airport,BWN,2024-08-16 17:55,Kuala Lumpur International Airport,KUL,2024-08-16 20:25,150,Royal Brunei,Economy,1025,755,True,502,Y,Y,Y,1,7,1,20,Friday,False,False,False,Phnom Penh International Airport,PNH
Brunei International Airport,BWN,2024-08-16 08:50,Kuala Lumpur International Airport,KUL,2024-08-16 11:20,150,Royal Brunei,Economy,575,310,,557,Y,Y,Y,1,7,1,20,Friday,False,False,False,Phnom Penh International Airport,PNH
Brunei International Airport,BWN,2024-08-17 12:05,Singapore Changi Airport,SIN,2024-08-17 14:20,135,Singapore Airlines,Economy,375,130,,375,Y,Y,Y,1,7,1,23,Saturday,False,False,False,Phnom Penh International Airport,PNH
Brunei International Airport,BWN,2024-08-17 08:50,Kuala Lumpur International Airport,KUL,2024-08-17 11:20,150,Royal Brunei,Economy,575,310,,499,Y,Y,Y,1,7,1,20,Saturday,False,False,False,Phnom Penh International Airport,PNH
Brunei International Airport,BWN,2024-08-18 15:50,Singapore Changi Airport,SIN,2024-08-18 18:00,130,Singapore Airlines,Economy,1070,820,True,375,Y,Y,Y,1,7,1,23,Sunday,False,False,False,Phnom Penh International Airport,PNH
Brunei International Airport,BWN,2024-08-18 17:55,Kuala Lumpur International Airport,KUL,2024-08-18 20:25,150,Royal Brunei,Economy,1025,755,True,468,Y,Y,Y,1,7,1,20,Sunday,False,False,False,Phnom Penh International Airport,PNH
Brunei International Airport,BWN,2024-08-18 08:50,Kuala Lumpur International Airport,KUL,2024-08-18 11:20,150,Royal Brunei,Economy,575,310,,499,Y,Y,Y,1,7,1,20,Sunday,False,False,False,Phnom Penh International Airport,PNH
Brunei International Airport,BWN,2024-08-19 18:30,Ninoy Aquino International Airport,MNL,2024-08-19 20:45,135,Royal Brunei,Economy,1829,1515,True,308,Y,Y,Y,1,7,1,20,Monday,False,False,False,Phnom Penh International Airport,PNH
Brunei International Airport,BWN,2024-08-19 12:05,Singapore Changi Airport,SIN,2024-08-19 14:20,135,Singapore Airlines,Economy,385,130,,375,Y,Y,Y,1,7,1,23,Monday,False,False,False,Phnom Penh International Airport,PNH
Brunei International Airport,BWN,2024-08-19 08:50,Kuala Lumpur International Airport,KUL,2024-08-19 11:20,150,Royal Brunei,Economy,575,310,,499,Y,Y,Y,1,7,1,20,Monday,False,False,False,Phnom Penh International Airport,PNH
Brunei International Airport,BWN,2024-08-20 12:05,Singapore Changi Airport,SIN,2024-08-20 14:20,135,Singapore Airlines,Economy,385,130,,375,Y,Y,Y,1,7,1,23,Tuesday,False,False,False,Phnom Penh International Airport,PNH
Brunei International Airport,BWN,2024-08-20 17:55,Kuala Lumpur International Airport,KUL,2024-08-20 20:25,150,Royal Brunei,Economy,1025,755,True,468,Y,Y,Y,1,7,1,20,Tuesday,False,False,False,Phnom Penh International Airport,PNH
Brunei International Airport,BWN,2024-08-21 15:50,Singapore Changi Airport,SIN,2024-08-21 18:00,130,Singapore Airlines,Economy,1070,820,True,375,Y,Y,Y,1,7,1,23,Wednesday,False,False,False,Phnom Penh International Airport,PNH
Brunei International Airport,BWN,2024-08-21 17:55,Kuala Lumpur International Airport,KUL,2024-08-21 20:25,150,Royal Brunei,Economy,1025,755,True,468,Y,Y,Y,1,7,1,20,Wednesday,False,False,False,Phnom Penh International Airport,PNH
Brunei International Airport,BWN,2024-08-22 12:05,Singapore Changi Airport,SIN,2024-08-22 14:20,135,Singapore Airlines,Economy,385,130,,375,Y,Y,Y,1,7,1,23,Thursday,False,False,False,Phnom Penh International Airport,PNH
Brunei International Airport,BWN,2024-08-22 17:55,Kuala Lumpur International Airport,KUL,2024-08-22 20:25,150,Royal Brunei,Economy,1025,755,True,468,Y,Y,Y,1,7,1,20,Thursday,False,False,False,Phnom Penh International Airport,PNH
Brunei International Airport,BWN,2024-08-22 08:50,Kuala Lumpur International Airport,KUL,2024-08-22 11:20,150,Royal Brunei,Economy,575,310,,488,Y,Y,Y,1,7,1,20,Thursday,False,False,False,Phnom Penh International Airport,PNH
Brunei International Airport,BWN,2024-08-23 18:30,Ninoy Aquino International Airport,MNL,2024-08-23 20:45,135,Royal Brunei,Economy,1829,1515,True,308,Y,Y,Y,1,7,1,20,Friday,False,False,False,Phnom Penh International Airport,PNH
Brunei International Airport,BWN,2024-08-23 15:50,Singapore Changi Airport,SIN,2024-08-23 18:00,130,Singapore Airlines,Economy,1070,820,True,375,Y,Y,Y,1,7,1,23,Friday,False,False,False,Phnom Penh International Airport,PNH
Brunei International Airport,BWN,2024-08-23 08:50,Kuala Lumpur International Airport,KUL,2024-08-23 11:20,150,Royal Brunei,Economy,575,310,,465,Y,Y,Y,1,7,1,20,Friday,False,False,False,Phnom Penh International Airport,PNH
Brunei International Airport,BWN,2024-08-23 17:55,Kuala Lumpur International Airport,KUL,2024-08-23 20:25,150,Royal Brunei,Economy,1025,755,True,468,Y,Y,Y,1,7,1,20,Friday,False,False,False,Phnom Penh International Airport,PNH
Brunei International Airport,BWN,2024-08-24 12:05,Singapore Changi Airport,SIN,2024-08-24 14:20,135,Singapore Airlines,Economy,375,130,,375,Y,Y,Y,1,7,1,23,Saturday,False,False,False,Phnom Penh International Airport,PNH
Brunei International Airport,BWN,2024-08-24 08:50,Kuala Lumpur International Airport,KUL,2024-08-24 11:20,150,Royal Brunei,Economy,575,310,,465,Y,Y,Y,1,7,1,20,Saturday,False,False,False,Phnom Penh International Airport,PNH
Brunei International Airport,BWN,2024-08-25 15:50,Singapore Changi Airport,SIN,2024-08-25 18:00,130,Singapore Airlines,Economy,1070,820,True,375,Y,Y,Y,1,7,1,23,Sunday,False,False,False,Phnom Penh International Airport,PNH
Brunei International Airport,BWN,2024-08-25 08:50,Kuala Lumpur International Airport,KUL,2024-08-25 11:20,150,Royal Brunei,Economy,575,310,,465,Y,Y,Y,1,7,1,20,Sunday,False,False,False,Phnom Penh International Airport,PNH
Brunei International Airport,BWN,2024-08-25 17:55,Kuala Lumpur International Airport,KUL,2024-08-25 20:25,150,Royal Brunei,Economy,1025,755,True,468,Y,Y,Y,1,7,1,20,Sunday,False,False,False,Phnom Penh International Airport,PNH
Brunei International Airport,BWN,2024-08-26 18:30,Ninoy Aquino International Airport,MNL,2024-08-26 20:45,135,Royal Brunei,Economy,1829,1515,True,308,Y,Y,Y,1,7,1,20,Monday,False,False,False,Phnom Penh International Airport,PNH
Brunei International Airport,BWN,2024-08-26 12:05,Singapore Changi Airport,SIN,2024-08-26 14:20,135,Singapore Airlines,Economy,385,130,,375,Y,Y,Y,1,7,1,23,Monday,False,False,False,Phnom Penh International Airport,PNH
Brunei International Airport,BWN,2024-08-26 08:50,Kuala Lumpur International Airport,KUL,2024-08-26 11:20,150,Royal Brunei,Economy,575,310,,465,Y,Y,Y,1,7,1,20,Monday,False,False,False,Phnom Penh International Airport,PNH
Brunei International Airport,BWN,2024-08-27 12:05,Singapore Changi Airport,SIN,2024-08-27 14:20,135,Singapore Airlines,Economy,385,130,,375,Y,Y,Y,1,7,1,23,Tuesday,False,False,False,Phnom Penh International Airport,PNH
Brunei International Airport,BWN,2024-08-27 17:55,Kuala Lumpur International Airport,KUL,2024-08-27 20:25,150,Royal Brunei,Economy,1025,755,True,468,Y,Y,Y,1,7,1,20,Tuesday,False,False,False,Phnom Penh International Airport,PNH
Brunei International Airport,BWN,2024-08-28 15:50,Singapore Changi Airport,SIN,2024-08-28 18:00,130,Singapore Airlines,Economy,1070,820,True,375,Y,Y,Y,1,7,1,23,Wednesday,False,False,False,Phnom Penh International Airport,PNH
Brunei International Airport,BWN,2024-08-28 17:55,Kuala Lumpur International Airport,KUL,2024-08-28 20:25,150,Royal Brunei,Economy,1025,755,True,468,Y,Y,Y,1,7,1,20,Wednesday,False,False,False,Phnom Penh International Airport,PNH
Brunei International Airport,BWN,2024-08-29 12:05,Singapore Changi Airport,SIN,2024-08-29 14:20,135,Singapore Airlines,Economy,385,130,,375,Y,Y,Y,1,7,1,23,Thursday,False,False,False,Phnom Penh International Airport,PNH
Brunei International Airport,BWN,2024-08-29 08:50,Kuala Lumpur International Airport,KUL,2024-08-29 11:20,150,Royal Brunei,Economy,575,310,,465,Y,Y,Y,1,7,1,20,Thursday,False,False,False,Phnom Penh International Airport,PNH
Brunei International Airport,BWN,2024-08-29 17:55,Kuala Lumpur International Airport,KUL,2024-08-29 20:25,150,Royal Brunei,Economy,1025,755,True,468,Y,Y,Y,1,7,1,20,Thursday,False,False,False,Phnom Penh International Airport,PNH
Brunei International Airport,BWN,2024-08-30 18:30,Ninoy Aquino International Airport,MNL,2024-08-30 20:45,135,Royal Brunei,Economy,1829,1515,True,308,Y,Y,Y,1,7,1,20,Friday,False,False,False,Phnom Penh International Airport,PNH
Brunei International Airport,BWN,2024-08-30 15:50,Singapore Changi Airport,SIN,2024-08-30 18:00,130,Singapore Airlines,Economy,1070,820,True,375,Y,Y,Y,1,7,1,23,Friday,False,False,False,Phnom Penh International Airport,PNH
Brunei International Airport,BWN,2024-08-30 08:50,Kuala Lumpur International Airport,KUL,2024-08-30 11:20,150,Royal Brunei,Economy,575,310,,465,Y,Y,Y,1,7,1,20,Friday,False,False,False,Phnom Penh International Airport,PNH
Brunei International Airport,BWN,2024-08-30 17:55,Kuala Lumpur International Airport,KUL,2024-08-30 20:25,150,Royal Brunei,Economy,1025,755,True,468,Y,Y,Y,1,7,1,20,Friday,False,False,False,Phnom Penh International Airport,PNH
Brunei International Airport,BWN,2024-08-31 12:05,Singapore Changi Airport,SIN,2024-08-31 14:20,135,Singapore Airlines,Economy,375,130,,375,Y,Y,Y,1,7,1,23,Saturday,False,False,False,Phnom Penh International Airport,PNH
Brunei International Airport,BWN,2024-08-31 08:50,Kuala Lumpur International Airport,KUL,2024-08-31 11:20,150,Royal Brunei,Economy,575,310,,465,Y,Y,Y,1,7,1,20,Saturday,False,False,False,Phnom Penh International Airport,PNH
