Departure Airport Name,Departure Airport ID,Departure Time,Arrival Airport Name,Arrival Airport ID,Arrival Time,Duration,Airline,Travel Class,Total Duration,Layover 1 Duration,Layover 1 Overnight,Price, Cabin Baggage, Checked Baggage,Meal Included,Cabin Baggage (Number),Cabin Baggage (kg per piece),Checked Baggage (Number),Checked Baggage (kg per piece) ,Day of Week (on flight date),Departure Country Is Holiday,Arrival Country Is Holiday,Overnight Flight,Final Arrival Airport Name,Final Arrival Airport ID
Soekarno–Hatta International Airport,CGK,2024-07-01 19:55,Singapore Changi Airport,SIN,2024-07-01 22:55,120,Scoot,Economy,975,685,True,124.0,Y,N,N,1,7,0,0,Monday,False,False,False,Wattay International Airport,VTE
Soekarno–Hatta International Airport,CGK,2024-07-01 12:35,Suvarnabhumi Airport,BKK,2024-07-01 16:05,210,THAI,Economy,430,140,,311.0,Y,Y,Y,1,7,2,23,Monday,False,False,False,Wattay International Airport,VTE
Soekarno–Hatta International Airport,CGK,2024-07-01 19:00,Suvarnabhumi Airport,BKK,2024-07-01 22:30,210,THAI,Economy,1070,785,True,332.0,Y,Y,Y,1,7,2,23,Monday,False,False,False,Wattay International Airport,VTE
Soekarno–Hatta International Airport,CGK,2024-07-01 19:00,Singapore Changi Airport,SIN,2024-07-01 21:50,110,Singapore Airlines,Economy,1030,750,True,351.0,Y,Y,Y,1,7,1,23,Monday,False,False,False,Wattay International Airport,VTE
Soekarno–Hatta International Airport,CGK,2024-07-01 23:30,Shanghai Pudong International Airport,PVG,2024-07-02 06:55,385,China Eastern,Economy,1370,745,,696.0,Y,Y,Y,1,8,2,23,Monday,False,False,True,Wattay International Airport,VTE
Soekarno–Hatta International Airport,CGK,2024-07-02 12:35,Suvarnabhumi Airport,BKK,2024-07-02 16:05,210,THAI,Economy,430,140,,311.0,Y,Y,Y,1,7,2,23,Tuesday,False,False,False,Wattay International Airport,VTE
Soekarno–Hatta International Airport,CGK,2024-07-02 05:25,Singapore Changi Airport,SIN,2024-07-02 08:10,105,Singapore Airlines,Economy,405,130,,351.0,Y,Y,Y,1,7,1,23,Tuesday,False,False,False,Wattay International Airport,VTE
Soekarno–Hatta International Airport,CGK,2024-07-02 13:30,Tan Son Nhat International Airport,SGN,2024-07-02 16:40,190,VietJet Air,Economy,1695,1410,True,140.0,Y,N,N,1,7,0,0,Tuesday,False,False,False,Wattay International Airport,VTE
Soekarno–Hatta International Airport,CGK,2024-07-02 19:00,Suvarnabhumi Airport,BKK,2024-07-02 22:30,210,THAI,Economy,1070,785,True,332.0,Y,Y,Y,1,7,2,23,Tuesday,False,False,False,Wattay International Airport,VTE
Soekarno–Hatta International Airport,CGK,2024-07-02 09:10,Guangzhou Baiyun International Airport,CAN,2024-07-02 15:25,315,China Southern,Economy,1980,1510,True,413.0,Y,Y,Y,1,8,1,23,Tuesday,False,False,False,Wattay International Airport,VTE
Soekarno–Hatta International Airport,CGK,2024-07-02 13:15,Guangzhou Baiyun International Airport,CAN,2024-07-02 19:30,315,China Southern,Economy,1735,1265,True,480.0,Y,Y,Y,1,8,1,23,Tuesday,False,False,False,Wattay International Airport,VTE
Soekarno–Hatta International Airport,CGK,2024-07-02 23:30,Shanghai Pudong International Airport,PVG,2024-07-03 06:55,385,China Eastern,Economy,1370,745,,609.0,Y,Y,Y,1,8,2,23,Tuesday,False,False,True,Wattay International Airport,VTE
Soekarno–Hatta International Airport,CGK,2024-07-02 21:50,Incheon International Airport,ICN,2024-07-03 07:10,440,Asiana,Economy,1480,710,,660.0,Y,Y,Y,1,10,1,23,Tuesday,False,False,True,Wattay International Airport,VTE
Soekarno–Hatta International Airport,CGK,2024-07-03 12:35,Suvarnabhumi Airport,BKK,2024-07-03 16:05,210,THAI,Economy,430,140,,311.0,Y,Y,Y,1,7,2,23,Wednesday,False,False,False,Wattay International Airport,VTE
Soekarno–Hatta International Airport,CGK,2024-07-03 19:00,Suvarnabhumi Airport,BKK,2024-07-03 22:30,210,THAI,Economy,1070,785,True,332.0,Y,Y,Y,1,7,2,23,Wednesday,False,False,False,Wattay International Airport,VTE
Soekarno–Hatta International Airport,CGK,2024-07-03 09:10,Guangzhou Baiyun International Airport,CAN,2024-07-03 15:25,315,China Southern,Economy,540,70,,480.0,Y,Y,Y,1,8,1,23,Wednesday,False,False,False,Wattay International Airport,VTE
Soekarno–Hatta International Airport,CGK,2024-07-03 23:30,Shanghai Pudong International Airport,PVG,2024-07-04 07:00,390,China Eastern,Economy,1370,740,,536.0,Y,Y,Y,1,8,2,23,Wednesday,False,False,True,Wattay International Airport,VTE
Soekarno–Hatta International Airport,CGK,2024-07-03 21:50,Incheon International Airport,ICN,2024-07-04 07:10,440,Asiana,Economy,1480,710,,660.0,Y,Y,Y,1,10,1,23,Wednesday,False,False,True,Wattay International Airport,VTE
Soekarno–Hatta International Airport,CGK,2024-07-04 12:35,Suvarnabhumi Airport,BKK,2024-07-04 16:05,210,THAI,Economy,430,140,,311.0,Y,Y,Y,1,7,2,23,Thursday,False,False,False,Wattay International Airport,VTE
Soekarno–Hatta International Airport,CGK,2024-07-04 13:30,Tan Son Nhat International Airport,SGN,2024-07-04 16:40,190,VietJet Air,Economy,1695,1400,True,121.0,Y,N,N,1,7,0,0,Thursday,False,False,False,Wattay International Airport,VTE
Soekarno–Hatta International Airport,CGK,2024-07-04 19:00,Suvarnabhumi Airport,BKK,2024-07-04 22:30,210,THAI,Economy,1070,785,True,332.0,Y,Y,Y,1,7,2,23,Thursday,False,False,False,Wattay International Airport,VTE
Soekarno–Hatta International Airport,CGK,2024-07-04 09:10,Guangzhou Baiyun International Airport,CAN,2024-07-04 15:25,315,China Southern,Economy,1980,1510,True,413.0,Y,Y,Y,1,8,1,23,Thursday,False,False,False,Wattay International Airport,VTE
Soekarno–Hatta International Airport,CGK,2024-07-04 13:15,Guangzhou Baiyun International Airport,CAN,2024-07-04 19:30,315,China Southern,Economy,1735,1265,True,444.0,Y,Y,Y,1,8,1,23,Thursday,False,False,False,Wattay International Airport,VTE
Soekarno–Hatta International Airport,CGK,2024-07-04 23:30,Shanghai Pudong International Airport,PVG,2024-07-05 06:55,385,China Eastern,Economy,1370,745,,536.0,Y,Y,Y,1,8,2,23,Thursday,False,False,True,Wattay International Airport,VTE
Soekarno–Hatta International Airport,CGK,2024-07-05 19:55,Singapore Changi Airport,SIN,2024-07-05 22:55,120,Scoot,Economy,975,685,True,124.0,Y,N,N,1,7,0,0,Friday,False,False,False,Wattay International Airport,VTE
Soekarno–Hatta International Airport,CGK,2024-07-05 12:35,Suvarnabhumi Airport,BKK,2024-07-05 16:05,210,THAI,Economy,430,140,,311.0,Y,Y,Y,1,7,2,23,Friday,False,False,False,Wattay International Airport,VTE
Soekarno–Hatta International Airport,CGK,2024-07-05 11:50,Singapore Changi Airport,SIN,2024-07-05 14:50,120,Scoot,Economy,1460,1170,True,88.0,Y,N,N,1,7,0,0,Friday,False,False,False,Wattay International Airport,VTE
Soekarno–Hatta International Airport,CGK,2024-07-05 07:55,Singapore Changi Airport,SIN,2024-07-05 10:45,110,Singapore Airlines,Economy,1695,1415,True,299.0,Y,Y,Y,1,7,1,23,Friday,False,False,False,Wattay International Airport,VTE
Soekarno–Hatta International Airport,CGK,2024-07-05 19:00,Suvarnabhumi Airport,BKK,2024-07-05 22:30,210,THAI,Economy,1070,785,True,332.0,Y,Y,Y,1,7,2,23,Friday,False,False,False,Wattay International Airport,VTE
Soekarno–Hatta International Airport,CGK,2024-07-05 09:10,Guangzhou Baiyun International Airport,CAN,2024-07-05 15:25,315,China Southern,Economy,540,70,,444.0,Y,Y,Y,1,8,1,23,Friday,False,False,False,Wattay International Airport,VTE
Soekarno–Hatta International Airport,CGK,2024-07-05 19:00,Singapore Changi Airport,SIN,2024-07-05 21:50,110,Singapore Airlines,Economy,1030,750,True,473.0,Y,Y,Y,1,7,1,23,Friday,False,False,False,Wattay International Airport,VTE
Soekarno–Hatta International Airport,CGK,2024-07-05 23:30,Shanghai Pudong International Airport,PVG,2024-07-06 07:00,390,China Eastern,Economy,1370,740,,507.0,Y,Y,Y,1,8,2,23,Friday,False,False,True,Wattay International Airport,VTE
Soekarno–Hatta International Airport,CGK,2024-07-06 05:25,Singapore Changi Airport,SIN,2024-07-06 08:10,105,Singapore Airlines,Economy,405,130,,299.0,Y,Y,Y,1,7,1,23,Saturday,False,False,False,Wattay International Airport,VTE
Soekarno–Hatta International Airport,CGK,2024-07-06 12:35,Suvarnabhumi Airport,BKK,2024-07-06 16:05,210,THAI,Economy,430,140,,311.0,Y,Y,Y,1,7,2,23,Saturday,False,False,False,Wattay International Airport,VTE
Soekarno–Hatta International Airport,CGK,2024-07-06 13:30,Tan Son Nhat International Airport,SGN,2024-07-06 16:40,190,VietJet Air,Economy,1695,1400,True,121.0,Y,N,N,1,7,0,0,Saturday,False,False,False,Wattay International Airport,VTE
Soekarno–Hatta International Airport,CGK,2024-07-06 19:00,Suvarnabhumi Airport,BKK,2024-07-06 22:30,210,THAI,Economy,1070,785,True,332.0,Y,Y,Y,1,7,2,23,Saturday,False,False,False,Wattay International Airport,VTE
Soekarno–Hatta International Airport,CGK,2024-07-06 13:15,Guangzhou Baiyun International Airport,CAN,2024-07-06 19:30,315,China Southern,Economy,1735,1265,True,413.0,Y,Y,Y,1,8,1,23,Saturday,False,False,False,Wattay International Airport,VTE
Soekarno–Hatta International Airport,CGK,2024-07-06 23:30,Shanghai Pudong International Airport,PVG,2024-07-07 06:55,385,China Eastern,Economy,1370,745,,435.0,Y,Y,Y,1,8,2,23,Saturday,False,False,True,Wattay International Airport,VTE
Soekarno–Hatta International Airport,CGK,2024-07-06 21:50,Incheon International Airport,ICN,2024-07-07 07:10,440,Asiana,Economy,1480,710,,660.0,Y,Y,Y,1,10,1,23,Saturday,False,False,True,Wattay International Airport,VTE
Soekarno–Hatta International Airport,CGK,2024-07-07 12:35,Suvarnabhumi Airport,BKK,2024-07-07 16:05,210,THAI,Economy,430,140,,311.0,Y,Y,Y,1,7,2,23,Sunday,True,False,False,Wattay International Airport,VTE
Soekarno–Hatta International Airport,CGK,2024-07-07 09:10,Guangzhou Baiyun International Airport,CAN,2024-07-07 15:25,315,China Southern,Economy,540,70,,413.0,Y,Y,Y,1,8,1,23,Sunday,True,False,False,Wattay International Airport,VTE
Soekarno–Hatta International Airport,CGK,2024-07-07 13:30,Tan Son Nhat International Airport,SGN,2024-07-07 16:40,190,VietJet Air,Economy,1695,1400,True,130.0,Y,N,N,1,7,0,0,Sunday,True,False,False,Wattay International Airport,VTE
Soekarno–Hatta International Airport,CGK,2024-07-07 19:00,Suvarnabhumi Airport,BKK,2024-07-07 22:30,210,THAI,Economy,1485,1195,True,332.0,Y,Y,Y,1,7,2,23,Sunday,True,False,False,Wattay International Airport,VTE
Soekarno–Hatta International Airport,CGK,2024-07-07 23:30,Shanghai Pudong International Airport,PVG,2024-07-08 07:00,390,China Eastern,Economy,1370,740,,416.0,Y,Y,Y,1,8,2,23,Sunday,True,False,True,Wattay International Airport,VTE
Soekarno–Hatta International Airport,CGK,2024-07-07 19:00,Suvarnabhumi Airport,BKK,2024-07-07 22:30,210,THAI,Economy,1070,785,True,542.0,Y,Y,Y,1,7,2,23,Sunday,True,False,False,Wattay International Airport,VTE
Soekarno–Hatta International Airport,CGK,2024-07-08 19:55,Singapore Changi Airport,SIN,2024-07-08 22:55,120,Scoot,Economy,975,685,True,88.0,Y,N,N,1,7,0,0,Monday,False,False,False,Wattay International Airport,VTE
Soekarno–Hatta International Airport,CGK,2024-07-08 12:35,Suvarnabhumi Airport,BKK,2024-07-08 16:05,210,THAI,Economy,430,140,,311.0,Y,Y,Y,1,7,2,23,Monday,False,False,False,Wattay International Airport,VTE
Soekarno–Hatta International Airport,CGK,2024-07-08 19:00,Suvarnabhumi Airport,BKK,2024-07-08 22:30,210,THAI,Economy,1070,785,True,332.0,Y,Y,Y,1,7,2,23,Monday,False,False,False,Wattay International Airport,VTE
Soekarno–Hatta International Airport,CGK,2024-07-08 23:30,Shanghai Pudong International Airport,PVG,2024-07-09 06:55,385,China Eastern,Economy,1370,745,,369.0,Y,Y,Y,1,8,2,23,Monday,False,False,True,Wattay International Airport,VTE
Soekarno–Hatta International Airport,CGK,2024-07-08 19:00,Singapore Changi Airport,SIN,2024-07-08 21:50,110,Singapore Airlines,Economy,1030,750,True,378.0,Y,Y,Y,1,7,1,23,Monday,False,False,False,Wattay International Airport,VTE
Soekarno–Hatta International Airport,CGK,2024-07-09 05:25,Singapore Changi Airport,SIN,2024-07-09 08:10,105,Singapore Airlines,Economy,405,130,,277.0,Y,Y,Y,1,7,1,23,Tuesday,False,False,False,Wattay International Airport,VTE
Soekarno–Hatta International Airport,CGK,2024-07-09 12:35,Suvarnabhumi Airport,BKK,2024-07-09 16:05,210,THAI,Economy,430,140,,311.0,Y,Y,Y,1,7,2,23,Tuesday,False,False,False,Wattay International Airport,VTE
Soekarno–Hatta International Airport,CGK,2024-07-09 13:30,Tan Son Nhat International Airport,SGN,2024-07-09 16:40,190,VietJet Air,Economy,1695,1410,True,152.0,Y,N,N,1,7,0,0,Tuesday,False,False,False,Wattay International Airport,VTE
Soekarno–Hatta International Airport,CGK,2024-07-09 19:00,Suvarnabhumi Airport,BKK,2024-07-09 22:30,210,THAI,Economy,1070,785,True,332.0,Y,Y,Y,1,7,2,23,Tuesday,False,False,False,Wattay International Airport,VTE
Soekarno–Hatta International Airport,CGK,2024-07-09 09:10,Guangzhou Baiyun International Airport,CAN,2024-07-09 15:25,315,China Southern,Economy,1980,1510,True,413.0,Y,Y,Y,1,8,1,23,Tuesday,False,False,False,Wattay International Airport,VTE
Soekarno–Hatta International Airport,CGK,2024-07-09 23:30,Shanghai Pudong International Airport,PVG,2024-07-10 06:55,385,China Eastern,Economy,1370,745,,435.0,Y,Y,Y,1,8,2,23,Tuesday,False,False,True,Wattay International Airport,VTE
Soekarno–Hatta International Airport,CGK,2024-07-09 13:15,Guangzhou Baiyun International Airport,CAN,2024-07-09 19:30,315,China Southern,Economy,1735,1265,True,444.0,Y,Y,Y,1,8,1,23,Tuesday,False,False,False,Wattay International Airport,VTE
Soekarno–Hatta International Airport,CGK,2024-07-09 21:50,Incheon International Airport,ICN,2024-07-10 07:10,440,Asiana,Economy,1480,710,,660.0,Y,Y,Y,1,10,1,23,Tuesday,False,False,True,Wattay International Airport,VTE
Soekarno–Hatta International Airport,CGK,2024-07-10 12:35,Suvarnabhumi Airport,BKK,2024-07-10 16:05,210,THAI,Economy,430,140,,311.0,Y,Y,Y,1,7,2,23,Wednesday,False,False,False,Wattay International Airport,VTE
Soekarno–Hatta International Airport,CGK,2024-07-10 09:10,Guangzhou Baiyun International Airport,CAN,2024-07-10 15:25,315,China Southern,Economy,540,70,,413.0,Y,Y,Y,1,8,1,23,Wednesday,False,False,False,Wattay International Airport,VTE
Soekarno–Hatta International Airport,CGK,2024-07-10 19:00,Suvarnabhumi Airport,BKK,2024-07-10 22:30,210,THAI,Economy,1070,785,True,332.0,Y,Y,Y,1,7,2,23,Wednesday,False,False,False,Wattay International Airport,VTE
Soekarno–Hatta International Airport,CGK,2024-07-10 23:30,Shanghai Pudong International Airport,PVG,2024-07-11 07:00,390,China Eastern,Economy,1370,740,,435.0,Y,Y,Y,1,8,2,23,Wednesday,False,False,True,Wattay International Airport,VTE
Soekarno–Hatta International Airport,CGK,2024-07-10 21:50,Incheon International Airport,ICN,2024-07-11 07:10,440,Asiana,Economy,1480,710,,660.0,Y,Y,Y,1,10,1,23,Wednesday,False,False,True,Wattay International Airport,VTE
Soekarno–Hatta International Airport,CGK,2024-07-11 12:35,Suvarnabhumi Airport,BKK,2024-07-11 16:05,210,THAI,Economy,430,140,,311.0,Y,Y,Y,1,7,2,23,Thursday,False,False,False,Wattay International Airport,VTE
Soekarno–Hatta International Airport,CGK,2024-07-11 13:30,Tan Son Nhat International Airport,SGN,2024-07-11 16:40,190,VietJet Air,Economy,1695,1400,True,121.0,Y,N,N,1,7,0,0,Thursday,False,False,False,Wattay International Airport,VTE
Soekarno–Hatta International Airport,CGK,2024-07-11 19:00,Suvarnabhumi Airport,BKK,2024-07-11 22:30,210,THAI,Economy,1070,785,True,332.0,Y,Y,Y,1,7,2,23,Thursday,False,False,False,Wattay International Airport,VTE
Soekarno–Hatta International Airport,CGK,2024-07-11 13:15,Guangzhou Baiyun International Airport,CAN,2024-07-11 19:30,315,China Southern,Economy,1735,1265,True,413.0,Y,Y,Y,1,8,1,23,Thursday,False,False,False,Wattay International Airport,VTE
Soekarno–Hatta International Airport,CGK,2024-07-11 23:30,Shanghai Pudong International Airport,PVG,2024-07-12 06:55,385,China Eastern,Economy,1370,745,,445.0,Y,Y,Y,1,8,2,23,Thursday,False,False,True,Wattay International Airport,VTE
Soekarno–Hatta International Airport,CGK,2024-07-12 19:55,Singapore Changi Airport,SIN,2024-07-12 22:55,120,Scoot,Economy,975,685,True,173.0,Y,N,N,1,7,0,0,Friday,False,False,False,Wattay International Airport,VTE
Soekarno–Hatta International Airport,CGK,2024-07-12 12:35,Suvarnabhumi Airport,BKK,2024-07-12 16:05,210,THAI,Economy,430,140,,311.0,Y,Y,Y,1,7,2,23,Friday,False,False,False,Wattay International Airport,VTE
Soekarno–Hatta International Airport,CGK,2024-07-12 09:10,Guangzhou Baiyun International Airport,CAN,2024-07-12 15:25,315,China Southern,Economy,540,70,,413.0,Y,Y,Y,1,8,1,23,Friday,False,False,False,Wattay International Airport,VTE
Soekarno–Hatta International Airport,CGK,2024-07-12 11:50,Singapore Changi Airport,SIN,2024-07-12 14:50,120,Scoot,Economy,1460,1170,True,148.0,Y,N,N,1,7,0,0,Friday,False,False,False,Wattay International Airport,VTE
Soekarno–Hatta International Airport,CGK,2024-07-12 19:00,Suvarnabhumi Airport,BKK,2024-07-12 22:30,210,THAI,Economy,1070,785,True,364.0,Y,Y,Y,1,7,2,23,Friday,False,False,False,Wattay International Airport,VTE
Soekarno–Hatta International Airport,CGK,2024-07-12 23:30,Shanghai Pudong International Airport,PVG,2024-07-13 07:00,390,China Eastern,Economy,1370,740,,445.0,Y,Y,Y,1,8,2,23,Friday,False,False,True,Wattay International Airport,VTE
Soekarno–Hatta International Airport,CGK,2024-07-12 21:50,Incheon International Airport,ICN,2024-07-13 07:10,440,Asiana,Economy,1480,710,,690.0,Y,Y,Y,1,10,1,23,Friday,False,False,True,Wattay International Airport,VTE
Soekarno–Hatta International Airport,CGK,2024-07-13 12:35,Suvarnabhumi Airport,BKK,2024-07-13 16:05,210,THAI,Economy,430,140,,311.0,Y,Y,Y,1,7,2,23,Saturday,False,False,False,Wattay International Airport,VTE
Soekarno–Hatta International Airport,CGK,2024-07-13 13:30,Tan Son Nhat International Airport,SGN,2024-07-13 16:40,190,VietJet Air,Economy,1695,1400,True,121.0,Y,N,N,1,7,0,0,Saturday,False,False,False,Wattay International Airport,VTE
Soekarno–Hatta International Airport,CGK,2024-07-13 19:00,Suvarnabhumi Airport,BKK,2024-07-13 22:30,210,THAI,Economy,1485,1195,True,364.0,Y,Y,Y,1,7,2,23,Saturday,False,False,False,Wattay International Airport,VTE
Soekarno–Hatta International Airport,CGK,2024-07-13 09:10,Guangzhou Baiyun International Airport,CAN,2024-07-13 15:25,315,China Southern,Economy,1980,1510,True,413.0,Y,Y,Y,1,8,1,23,Saturday,False,False,False,Wattay International Airport,VTE
Soekarno–Hatta International Airport,CGK,2024-07-13 23:30,Shanghai Pudong International Airport,PVG,2024-07-14 06:55,385,China Eastern,Economy,1370,745,,445.0,Y,Y,Y,1,8,2,23,Saturday,False,False,True,Wattay International Airport,VTE
Soekarno–Hatta International Airport,CGK,2024-07-13 13:15,Guangzhou Baiyun International Airport,CAN,2024-07-13 19:30,315,China Southern,Economy,1735,1265,True,532.0,Y,Y,Y,1,8,1,23,Saturday,False,False,False,Wattay International Airport,VTE
Soekarno–Hatta International Airport,CGK,2024-07-13 19:00,Suvarnabhumi Airport,BKK,2024-07-13 22:30,210,THAI,Economy,1070,785,True,542.0,Y,Y,Y,1,7,2,23,Saturday,False,False,False,Wattay International Airport,VTE
Soekarno–Hatta International Airport,CGK,2024-07-13 21:50,Incheon International Airport,ICN,2024-07-14 07:10,440,Asiana,Economy,1480,710,,660.0,Y,Y,Y,1,10,1,23,Saturday,False,False,True,Wattay International Airport,VTE
Soekarno–Hatta International Airport,CGK,2024-07-14 12:35,Suvarnabhumi Airport,BKK,2024-07-14 16:05,210,THAI,Economy,430,140,,311.0,Y,Y,Y,1,7,2,23,Sunday,False,False,False,Wattay International Airport,VTE
Soekarno–Hatta International Airport,CGK,2024-07-14 13:30,Tan Son Nhat International Airport,SGN,2024-07-14 16:40,190,VietJet Air,Economy,1695,1400,True,121.0,Y,N,N,1,7,0,0,Sunday,False,False,False,Wattay International Airport,VTE
Soekarno–Hatta International Airport,CGK,2024-07-14 19:00,Suvarnabhumi Airport,BKK,2024-07-14 22:30,210,THAI,Economy,1070,785,True,332.0,Y,Y,Y,1,7,2,23,Sunday,False,False,False,Wattay International Airport,VTE
Soekarno–Hatta International Airport,CGK,2024-07-14 23:30,Shanghai Pudong International Airport,PVG,2024-07-15 07:00,390,China Eastern,Economy,1370,740,,445.0,Y,Y,Y,1,8,2,23,Sunday,False,False,True,Wattay International Airport,VTE
Soekarno–Hatta International Airport,CGK,2024-07-14 09:10,Guangzhou Baiyun International Airport,CAN,2024-07-14 15:25,315,China Southern,Economy,540,70,,532.0,Y,Y,Y,1,8,1,23,Sunday,False,False,False,Wattay International Airport,VTE
Soekarno–Hatta International Airport,CGK,2024-07-15 19:55,Singapore Changi Airport,SIN,2024-07-15 22:55,120,Scoot,Economy,975,685,True,148.0,Y,N,N,1,7,0,0,Monday,False,False,False,Wattay International Airport,VTE
Soekarno–Hatta International Airport,CGK,2024-07-15 12:35,Suvarnabhumi Airport,BKK,2024-07-15 16:05,210,THAI,Economy,430,140,,311.0,Y,Y,Y,1,7,2,23,Monday,False,False,False,Wattay International Airport,VTE
Soekarno–Hatta International Airport,CGK,2024-07-15 09:45,Singapore Changi Airport,SIN,2024-07-15 12:40,115,Scoot,Economy,1585,1300,True,124.0,Y,N,N,1,7,0,0,Monday,False,False,False,Wattay International Airport,VTE
Soekarno–Hatta International Airport,CGK,2024-07-15 19:00,Singapore Changi Airport,SIN,2024-07-15 21:50,110,Singapore Airlines,Economy,1030,750,True,323.0,Y,Y,Y,1,7,1,23,Monday,False,False,False,Wattay International Airport,VTE
Soekarno–Hatta International Airport,CGK,2024-07-15 19:00,Suvarnabhumi Airport,BKK,2024-07-15 22:30,210,THAI,Economy,1485,1195,True,364.0,Y,Y,Y,1,7,2,23,Monday,False,False,False,Wattay International Airport,VTE
Soekarno–Hatta International Airport,CGK,2024-07-15 19:00,Suvarnabhumi Airport,BKK,2024-07-15 22:30,210,THAI,Economy,1070,785,True,386.0,Y,Y,Y,1,7,2,23,Monday,False,False,False,Wattay International Airport,VTE
Soekarno–Hatta International Airport,CGK,2024-07-15 23:30,Shanghai Pudong International Airport,PVG,2024-07-16 06:55,385,China Eastern,Economy,1370,745,,445.0,Y,Y,Y,1,8,2,23,Monday,False,False,True,Wattay International Airport,VTE
Soekarno–Hatta International Airport,CGK,2024-07-16 12:35,Suvarnabhumi Airport,BKK,2024-07-16 16:05,210,THAI,Economy,430,140,,311.0,Y,Y,Y,1,7,2,23,Tuesday,False,False,False,Wattay International Airport,VTE
Soekarno–Hatta International Airport,CGK,2024-07-16 05:25,Singapore Changi Airport,SIN,2024-07-16 08:10,105,Singapore Airlines,Economy,405,130,,323.0,Y,Y,Y,1,7,1,23,Tuesday,False,False,False,Wattay International Airport,VTE
Soekarno–Hatta International Airport,CGK,2024-07-16 13:30,Tan Son Nhat International Airport,SGN,2024-07-16 16:40,190,VietJet Air,Economy,1695,1410,True,180.0,Y,N,N,1,7,0,0,Tuesday,False,False,False,Wattay International Airport,VTE
Soekarno–Hatta International Airport,CGK,2024-07-16 19:00,Suvarnabhumi Airport,BKK,2024-07-16 22:30,210,THAI,Economy,1070,785,True,332.0,Y,Y,Y,1,7,2,23,Tuesday,False,False,False,Wattay International Airport,VTE
Soekarno–Hatta International Airport,CGK,2024-07-16 13:15,Guangzhou Baiyun International Airport,CAN,2024-07-16 19:30,315,China Southern,Economy,1735,1265,True,413.0,Y,Y,Y,1,8,1,23,Tuesday,False,False,False,Wattay International Airport,VTE
Soekarno–Hatta International Airport,CGK,2024-07-16 23:30,Shanghai Pudong International Airport,PVG,2024-07-17 06:55,385,China Eastern,Economy,1370,745,,445.0,Y,Y,Y,1,8,2,23,Tuesday,False,False,True,Wattay International Airport,VTE
Soekarno–Hatta International Airport,CGK,2024-07-16 21:50,Incheon International Airport,ICN,2024-07-17 07:10,440,Asiana,Economy,1480,710,,660.0,Y,Y,Y,1,10,1,23,Tuesday,False,False,True,Wattay International Airport,VTE
Soekarno–Hatta International Airport,CGK,2024-07-17 12:35,Suvarnabhumi Airport,BKK,2024-07-17 16:05,210,THAI,Economy,430,140,,311.0,Y,Y,Y,1,7,2,23,Wednesday,False,False,False,Wattay International Airport,VTE
Soekarno–Hatta International Airport,CGK,2024-07-17 09:10,Guangzhou Baiyun International Airport,CAN,2024-07-17 15:25,315,China Southern,Economy,540,70,,413.0,Y,Y,Y,1,8,1,23,Wednesday,False,False,False,Wattay International Airport,VTE
Soekarno–Hatta International Airport,CGK,2024-07-17 19:00,Suvarnabhumi Airport,BKK,2024-07-17 22:30,210,THAI,Economy,1070,785,True,332.0,Y,Y,Y,1,7,2,23,Wednesday,False,False,False,Wattay International Airport,VTE
Soekarno–Hatta International Airport,CGK,2024-07-17 23:30,Shanghai Pudong International Airport,PVG,2024-07-18 07:00,390,China Eastern,Economy,1370,740,,445.0,Y,Y,Y,1,8,2,23,Wednesday,False,False,True,Wattay International Airport,VTE
Soekarno–Hatta International Airport,CGK,2024-07-17 21:50,Incheon International Airport,ICN,2024-07-18 07:10,440,Asiana,Economy,1480,710,,660.0,Y,Y,Y,1,10,1,23,Wednesday,False,False,True,Wattay International Airport,VTE
Soekarno–Hatta International Airport,CGK,2024-07-18 12:35,Suvarnabhumi Airport,BKK,2024-07-18 16:05,210,THAI,Economy,430,140,,311.0,Y,Y,Y,1,7,2,23,Thursday,False,False,False,Wattay International Airport,VTE
Soekarno–Hatta International Airport,CGK,2024-07-18 13:30,Tan Son Nhat International Airport,SGN,2024-07-18 16:40,190,VietJet Air,Economy,1695,1400,True,152.0,Y,N,N,1,7,0,0,Thursday,False,False,False,Wattay International Airport,VTE
Soekarno–Hatta International Airport,CGK,2024-07-18 19:00,Suvarnabhumi Airport,BKK,2024-07-18 22:30,210,THAI,Economy,1070,785,True,332.0,Y,Y,Y,1,7,2,23,Thursday,False,False,False,Wattay International Airport,VTE
Soekarno–Hatta International Airport,CGK,2024-07-18 13:15,Guangzhou Baiyun International Airport,CAN,2024-07-18 19:30,315,China Southern,Economy,1735,1265,True,413.0,Y,Y,Y,1,8,1,23,Thursday,False,False,False,Wattay International Airport,VTE
Soekarno–Hatta International Airport,CGK,2024-07-18 23:30,Shanghai Pudong International Airport,PVG,2024-07-19 06:55,385,China Eastern,Economy,1370,745,,445.0,Y,Y,Y,1,8,2,23,Thursday,False,False,True,Wattay International Airport,VTE
Soekarno–Hatta International Airport,CGK,2024-07-19 19:55,Singapore Changi Airport,SIN,2024-07-19 22:55,120,Scoot,Economy,975,685,True,148.0,Y,N,N,1,7,0,0,Friday,False,False,False,Wattay International Airport,VTE
Soekarno–Hatta International Airport,CGK,2024-07-19 12:35,Suvarnabhumi Airport,BKK,2024-07-19 16:05,210,THAI,Economy,430,140,,311.0,Y,Y,Y,1,7,2,23,Friday,False,False,False,Wattay International Airport,VTE
Soekarno–Hatta International Airport,CGK,2024-07-19 09:10,Guangzhou Baiyun International Airport,CAN,2024-07-19 15:25,315,China Southern,Economy,540,70,,413.0,Y,Y,Y,1,8,1,23,Friday,False,False,False,Wattay International Airport,VTE
Soekarno–Hatta International Airport,CGK,2024-07-19 19:00,Singapore Changi Airport,SIN,2024-07-19 21:50,110,Singapore Airlines,Economy,1030,750,True,323.0,Y,Y,Y,1,7,1,23,Friday,False,False,False,Wattay International Airport,VTE
Soekarno–Hatta International Airport,CGK,2024-07-19 19:00,Suvarnabhumi Airport,BKK,2024-07-19 22:30,210,THAI,Economy,1485,1195,True,386.0,Y,Y,Y,1,7,2,23,Friday,False,False,False,Wattay International Airport,VTE
Soekarno–Hatta International Airport,CGK,2024-07-19 23:30,Shanghai Pudong International Airport,PVG,2024-07-20 07:00,390,China Eastern,Economy,1370,740,,445.0,Y,Y,Y,1,8,2,23,Friday,False,True,True,Wattay International Airport,VTE
Soekarno–Hatta International Airport,CGK,2024-07-19 21:50,Incheon International Airport,ICN,2024-07-20 07:10,440,Asiana,Economy,1480,710,,700.0,Y,Y,Y,1,10,1,23,Friday,False,True,True,Wattay International Airport,VTE
Soekarno–Hatta International Airport,CGK,2024-07-19 19:00,Suvarnabhumi Airport,BKK,2024-07-19 22:30,210,THAI,Economy,1070,785,True,774.0,Y,Y,Y,1,7,2,23,Friday,False,False,False,Wattay International Airport,VTE
Soekarno–Hatta International Airport,CGK,2024-07-20 12:35,Suvarnabhumi Airport,BKK,2024-07-20 16:05,210,THAI,Economy,430,140,,311.0,Y,Y,Y,1,7,2,23,Saturday,False,True,False,Wattay International Airport,VTE
Soekarno–Hatta International Airport,CGK,2024-07-20 05:25,Singapore Changi Airport,SIN,2024-07-20 08:10,105,Singapore Airlines,Economy,405,130,,323.0,Y,Y,Y,1,7,1,23,Saturday,False,True,False,Wattay International Airport,VTE
Soekarno–Hatta International Airport,CGK,2024-07-20 13:30,Tan Son Nhat International Airport,SGN,2024-07-20 16:40,190,VietJet Air,Economy,1695,1400,True,121.0,Y,N,N,1,7,0,0,Saturday,False,True,False,Wattay International Airport,VTE
Soekarno–Hatta International Airport,CGK,2024-07-20 13:15,Guangzhou Baiyun International Airport,CAN,2024-07-20 19:30,315,China Southern,Economy,1735,1265,True,413.0,Y,Y,Y,1,8,1,23,Saturday,False,True,False,Wattay International Airport,VTE
Soekarno–Hatta International Airport,CGK,2024-07-20 23:30,Shanghai Pudong International Airport,PVG,2024-07-21 06:55,385,China Eastern,Economy,1370,745,,491.0,Y,Y,Y,1,8,2,23,Saturday,False,False,True,Wattay International Airport,VTE
Soekarno–Hatta International Airport,CGK,2024-07-20 19:00,Suvarnabhumi Airport,BKK,2024-07-20 22:30,210,THAI,Economy,1485,1195,True,542.0,Y,Y,Y,1,7,2,23,Saturday,False,True,False,Wattay International Airport,VTE
Soekarno–Hatta International Airport,CGK,2024-07-20 21:50,Incheon International Airport,ICN,2024-07-21 07:10,440,Asiana,Economy,1480,710,,671.0,Y,Y,Y,1,10,1,23,Saturday,False,False,True,Wattay International Airport,VTE
Soekarno–Hatta International Airport,CGK,2024-07-20 19:00,Suvarnabhumi Airport,BKK,2024-07-20 22:30,210,THAI,Economy,1070,785,True,774.0,Y,Y,Y,1,7,2,23,Saturday,False,True,False,Wattay International Airport,VTE
Soekarno–Hatta International Airport,CGK,2024-07-21 12:35,Suvarnabhumi Airport,BKK,2024-07-21 16:05,210,THAI,Economy,430,140,,311.0,Y,Y,Y,1,7,2,23,Sunday,False,False,False,Wattay International Airport,VTE
Soekarno–Hatta International Airport,CGK,2024-07-21 09:10,Guangzhou Baiyun International Airport,CAN,2024-07-21 15:25,315,China Southern,Economy,540,70,,413.0,Y,Y,Y,1,8,1,23,Sunday,False,False,False,Wattay International Airport,VTE
Soekarno–Hatta International Airport,CGK,2024-07-21 13:30,Tan Son Nhat International Airport,SGN,2024-07-21 16:40,190,VietJet Air,Economy,1695,1400,True,121.0,Y,N,N,1,7,0,0,Sunday,False,False,False,Wattay International Airport,VTE
Soekarno–Hatta International Airport,CGK,2024-07-21 19:00,Suvarnabhumi Airport,BKK,2024-07-21 22:30,210,THAI,Economy,1485,1195,True,332.0,Y,Y,Y,1,7,2,23,Sunday,False,False,False,Wattay International Airport,VTE
Soekarno–Hatta International Airport,CGK,2024-07-21 19:00,Suvarnabhumi Airport,BKK,2024-07-21 22:30,210,THAI,Economy,1070,785,True,386.0,Y,Y,Y,1,7,2,23,Sunday,False,False,False,Wattay International Airport,VTE
Soekarno–Hatta International Airport,CGK,2024-07-21 23:30,Shanghai Pudong International Airport,PVG,2024-07-22 07:00,390,China Eastern,Economy,1370,740,,491.0,Y,Y,Y,1,8,2,23,Sunday,False,False,True,Wattay International Airport,VTE
Soekarno–Hatta International Airport,CGK,2024-07-22 19:55,Singapore Changi Airport,SIN,2024-07-22 22:55,120,Scoot,Economy,975,685,True,173.0,Y,N,N,1,7,0,0,Monday,False,False,False,Wattay International Airport,VTE
Soekarno–Hatta International Airport,CGK,2024-07-22 12:35,Suvarnabhumi Airport,BKK,2024-07-22 16:05,210,THAI,Economy,430,140,,311.0,Y,Y,Y,1,7,2,23,Monday,False,False,False,Wattay International Airport,VTE
Soekarno–Hatta International Airport,CGK,2024-07-22 09:45,Singapore Changi Airport,SIN,2024-07-22 12:40,115,Scoot,Economy,1585,1300,True,148.0,Y,N,N,1,7,0,0,Monday,False,False,False,Wattay International Airport,VTE
Soekarno–Hatta International Airport,CGK,2024-07-22 19:00,Singapore Changi Airport,SIN,2024-07-22 21:50,110,Singapore Airlines,Economy,1030,750,True,323.0,Y,Y,Y,1,7,1,23,Monday,False,False,False,Wattay International Airport,VTE
Soekarno–Hatta International Airport,CGK,2024-07-22 19:00,Suvarnabhumi Airport,BKK,2024-07-22 22:30,210,THAI,Economy,1070,785,True,364.0,Y,Y,Y,1,7,2,23,Monday,False,False,False,Wattay International Airport,VTE
Soekarno–Hatta International Airport,CGK,2024-07-22 23:30,Shanghai Pudong International Airport,PVG,2024-07-23 06:55,385,China Eastern,Economy,1370,745,,445.0,Y,Y,Y,1,8,2,23,Monday,False,False,True,Wattay International Airport,VTE
Soekarno–Hatta International Airport,CGK,2024-07-23 12:35,Suvarnabhumi Airport,BKK,2024-07-23 16:05,210,THAI,Economy,430,140,,311.0,Y,Y,Y,1,7,2,23,Tuesday,False,False,False,Wattay International Airport,VTE
Soekarno–Hatta International Airport,CGK,2024-07-23 05:25,Singapore Changi Airport,SIN,2024-07-23 08:10,105,Singapore Airlines,Economy,405,130,,323.0,Y,Y,Y,1,7,1,23,Tuesday,False,False,False,Wattay International Airport,VTE
Soekarno–Hatta International Airport,CGK,2024-07-23 13:30,Tan Son Nhat International Airport,SGN,2024-07-23 16:40,190,VietJet Air,Economy,1695,1410,True,152.0,Y,N,N,1,7,0,0,Tuesday,False,False,False,Wattay International Airport,VTE
Soekarno–Hatta International Airport,CGK,2024-07-23 19:00,Suvarnabhumi Airport,BKK,2024-07-23 22:30,210,THAI,Economy,1070,785,True,332.0,Y,Y,Y,1,7,2,23,Tuesday,False,False,False,Wattay International Airport,VTE
Soekarno–Hatta International Airport,CGK,2024-07-23 13:15,Guangzhou Baiyun International Airport,CAN,2024-07-23 19:30,315,China Southern,Economy,1735,1265,True,413.0,Y,Y,Y,1,8,1,23,Tuesday,False,False,False,Wattay International Airport,VTE
Soekarno–Hatta International Airport,CGK,2024-07-23 23:30,Shanghai Pudong International Airport,PVG,2024-07-24 06:55,385,China Eastern,Economy,1370,745,,445.0,Y,Y,Y,1,8,2,23,Tuesday,False,False,True,Wattay International Airport,VTE
Soekarno–Hatta International Airport,CGK,2024-07-23 21:50,Incheon International Airport,ICN,2024-07-24 07:10,440,Asiana,Economy,1480,710,,700.0,Y,Y,Y,1,10,1,23,Tuesday,False,False,True,Wattay International Airport,VTE
Soekarno–Hatta International Airport,CGK,2024-07-24 12:35,Suvarnabhumi Airport,BKK,2024-07-24 16:05,210,THAI,Economy,430,140,,311.0,Y,Y,Y,1,7,2,23,Wednesday,False,False,False,Wattay International Airport,VTE
Soekarno–Hatta International Airport,CGK,2024-07-24 09:10,Guangzhou Baiyun International Airport,CAN,2024-07-24 15:25,315,China Southern,Economy,540,70,,413.0,Y,Y,Y,1,8,1,23,Wednesday,False,False,False,Wattay International Airport,VTE
Soekarno–Hatta International Airport,CGK,2024-07-24 19:00,Suvarnabhumi Airport,BKK,2024-07-24 22:30,210,THAI,Economy,1070,785,True,332.0,Y,Y,Y,1,7,2,23,Wednesday,False,False,False,Wattay International Airport,VTE
Soekarno–Hatta International Airport,CGK,2024-07-24 23:30,Shanghai Pudong International Airport,PVG,2024-07-25 07:00,390,China Eastern,Economy,1370,740,,445.0,Y,Y,Y,1,8,2,23,Wednesday,False,False,True,Wattay International Airport,VTE
Soekarno–Hatta International Airport,CGK,2024-07-24 21:50,Incheon International Airport,ICN,2024-07-25 07:10,440,Asiana,Economy,1480,710,,671.0,Y,Y,Y,1,10,1,23,Wednesday,False,False,True,Wattay International Airport,VTE
Soekarno–Hatta International Airport,CGK,2024-07-25 12:35,Suvarnabhumi Airport,BKK,2024-07-25 16:05,210,THAI,Economy,430,140,,311.0,Y,Y,Y,1,7,2,23,Thursday,False,False,False,Wattay International Airport,VTE
Soekarno–Hatta International Airport,CGK,2024-07-25 13:30,Tan Son Nhat International Airport,SGN,2024-07-25 16:40,190,VietJet Air,Economy,1695,1400,True,121.0,Y,N,N,1,7,0,0,Thursday,False,False,False,Wattay International Airport,VTE
Soekarno–Hatta International Airport,CGK,2024-07-25 19:00,Suvarnabhumi Airport,BKK,2024-07-25 22:30,210,THAI,Economy,1070,785,True,364.0,Y,Y,Y,1,7,2,23,Thursday,False,False,False,Wattay International Airport,VTE
Soekarno–Hatta International Airport,CGK,2024-07-25 09:10,Guangzhou Baiyun International Airport,CAN,2024-07-25 15:25,315,China Southern,Economy,1980,1510,True,413.0,Y,Y,Y,1,8,1,23,Thursday,False,False,False,Wattay International Airport,VTE
Soekarno–Hatta International Airport,CGK,2024-07-25 13:15,Guangzhou Baiyun International Airport,CAN,2024-07-25 19:30,315,China Southern,Economy,1735,1265,True,444.0,Y,Y,Y,1,8,1,23,Thursday,False,False,False,Wattay International Airport,VTE
Soekarno–Hatta International Airport,CGK,2024-07-25 23:30,Shanghai Pudong International Airport,PVG,2024-07-26 06:55,385,China Eastern,Economy,1370,745,,445.0,Y,Y,Y,1,8,2,23,Thursday,False,False,True,Wattay International Airport,VTE
Soekarno–Hatta International Airport,CGK,2024-07-26 19:55,Singapore Changi Airport,SIN,2024-07-26 22:55,120,Scoot,Economy,975,685,True,173.0,Y,N,N,1,7,0,0,Friday,False,False,False,Wattay International Airport,VTE
Soekarno–Hatta International Airport,CGK,2024-07-26 19:00,Singapore Changi Airport,SIN,2024-07-26 21:50,110,Singapore Airlines,Economy,1030,750,True,277.0,Y,Y,Y,1,7,1,23,Friday,False,False,False,Wattay International Airport,VTE
Soekarno–Hatta International Airport,CGK,2024-07-26 12:35,Suvarnabhumi Airport,BKK,2024-07-26 16:05,210,THAI,Economy,430,140,,311.0,Y,Y,Y,1,7,2,23,Friday,False,False,False,Wattay International Airport,VTE
Soekarno–Hatta International Airport,CGK,2024-07-26 09:10,Guangzhou Baiyun International Airport,CAN,2024-07-26 15:25,315,China Southern,Economy,540,70,,444.0,Y,Y,Y,1,8,1,23,Friday,False,False,False,Wattay International Airport,VTE
Soekarno–Hatta International Airport,CGK,2024-07-26 11:50,Singapore Changi Airport,SIN,2024-07-26 14:50,120,Scoot,Economy,1460,1170,True,148.0,Y,N,N,1,7,0,0,Friday,False,False,False,Wattay International Airport,VTE
Soekarno–Hatta International Airport,CGK,2024-07-26 19:00,Suvarnabhumi Airport,BKK,2024-07-26 22:30,210,THAI,Economy,1485,1195,True,332.0,Y,Y,Y,1,7,2,23,Friday,False,False,False,Wattay International Airport,VTE
Soekarno–Hatta International Airport,CGK,2024-07-26 19:00,Suvarnabhumi Airport,BKK,2024-07-26 22:30,210,THAI,Economy,1070,785,True,364.0,Y,Y,Y,1,7,2,23,Friday,False,False,False,Wattay International Airport,VTE
Soekarno–Hatta International Airport,CGK,2024-07-26 23:30,Shanghai Pudong International Airport,PVG,2024-07-27 07:00,390,China Eastern,Economy,1370,740,,445.0,Y,Y,Y,1,8,2,23,Friday,False,False,True,Wattay International Airport,VTE
Soekarno–Hatta International Airport,CGK,2024-07-27 05:25,Singapore Changi Airport,SIN,2024-07-27 08:10,105,Singapore Airlines,Economy,405,130,,277.0,Y,Y,Y,1,7,1,23,Saturday,False,False,False,Wattay International Airport,VTE
Soekarno–Hatta International Airport,CGK,2024-07-27 12:35,Suvarnabhumi Airport,BKK,2024-07-27 16:05,210,THAI,Economy,430,140,,311.0,Y,Y,Y,1,7,2,23,Saturday,False,False,False,Wattay International Airport,VTE
Soekarno–Hatta International Airport,CGK,2024-07-27 13:30,Tan Son Nhat International Airport,SGN,2024-07-27 16:40,190,VietJet Air,Economy,1695,1400,True,121.0,Y,N,N,1,7,0,0,Saturday,False,False,False,Wattay International Airport,VTE
Soekarno–Hatta International Airport,CGK,2024-07-27 19:00,Suvarnabhumi Airport,BKK,2024-07-27 22:30,210,THAI,Economy,1070,785,True,364.0,Y,Y,Y,1,7,2,23,Saturday,False,False,False,Wattay International Airport,VTE
Soekarno–Hatta International Airport,CGK,2024-07-27 13:15,Guangzhou Baiyun International Airport,CAN,2024-07-27 19:30,315,China Southern,Economy,1735,1265,True,413.0,Y,Y,Y,1,8,1,23,Saturday,False,False,False,Wattay International Airport,VTE
Soekarno–Hatta International Airport,CGK,2024-07-27 23:30,Shanghai Pudong International Airport,PVG,2024-07-28 06:55,385,China Eastern,Economy,1370,745,,445.0,Y,Y,Y,1,8,2,23,Saturday,False,False,True,Wattay International Airport,VTE
Soekarno–Hatta International Airport,CGK,2024-07-27 21:50,Incheon International Airport,ICN,2024-07-28 07:10,440,Asiana,Economy,1480,710,,733.0,Y,Y,Y,1,10,1,23,Saturday,False,False,True,Wattay International Airport,VTE
Soekarno–Hatta International Airport,CGK,2024-07-28 12:35,Suvarnabhumi Airport,BKK,2024-07-28 16:05,210,THAI,Economy,430,140,,311.0,Y,Y,Y,1,7,2,23,Sunday,False,False,False,Wattay International Airport,VTE
Soekarno–Hatta International Airport,CGK,2024-07-28 09:10,Guangzhou Baiyun International Airport,CAN,2024-07-28 15:25,315,China Southern,Economy,540,70,,413.0,Y,Y,Y,1,8,1,23,Sunday,False,False,False,Wattay International Airport,VTE
Soekarno–Hatta International Airport,CGK,2024-07-28 13:30,Tan Son Nhat International Airport,SGN,2024-07-28 16:40,190,VietJet Air,Economy,1695,1400,True,140.0,Y,N,N,1,7,0,0,Sunday,False,False,False,Wattay International Airport,VTE
Soekarno–Hatta International Airport,CGK,2024-07-28 19:00,Suvarnabhumi Airport,BKK,2024-07-28 22:30,210,THAI,Economy,1070,785,True,332.0,Y,Y,Y,1,7,2,23,Sunday,False,False,False,Wattay International Airport,VTE
Soekarno–Hatta International Airport,CGK,2024-07-28 23:30,Shanghai Pudong International Airport,PVG,2024-07-29 07:00,390,China Eastern,Economy,1370,740,,445.0,Y,Y,Y,1,8,2,23,Sunday,False,False,True,Wattay International Airport,VTE
Soekarno–Hatta International Airport,CGK,2024-07-29 19:55,Singapore Changi Airport,SIN,2024-07-29 22:55,120,Scoot,Economy,975,685,True,124.0,Y,N,N,1,7,0,0,Monday,False,False,False,Wattay International Airport,VTE
Soekarno–Hatta International Airport,CGK,2024-07-29 19:00,Singapore Changi Airport,SIN,2024-07-29 21:50,110,Singapore Airlines,Economy,1030,750,True,224.0,Y,Y,Y,1,7,1,23,Monday,False,False,False,Wattay International Airport,VTE
Soekarno–Hatta International Airport,CGK,2024-07-29 12:35,Suvarnabhumi Airport,BKK,2024-07-29 16:05,210,THAI,Economy,430,140,,311.0,Y,Y,Y,1,7,2,23,Monday,False,False,False,Wattay International Airport,VTE
Soekarno–Hatta International Airport,CGK,2024-07-29 19:00,Suvarnabhumi Airport,BKK,2024-07-29 22:30,210,THAI,Economy,1070,785,True,332.0,Y,Y,Y,1,7,2,23,Monday,False,False,False,Wattay International Airport,VTE
Soekarno–Hatta International Airport,CGK,2024-07-29 23:30,Shanghai Pudong International Airport,PVG,2024-07-30 06:55,385,China Eastern,Economy,1370,745,,445.0,Y,Y,Y,1,8,2,23,Monday,False,False,True,Wattay International Airport,VTE
Soekarno–Hatta International Airport,CGK,2024-07-30 05:25,Singapore Changi Airport,SIN,2024-07-30 08:10,105,Singapore Airlines,Economy,405,130,,224.0,Y,Y,Y,1,7,1,23,Tuesday,False,False,False,Wattay International Airport,VTE
Soekarno–Hatta International Airport,CGK,2024-07-30 12:35,Suvarnabhumi Airport,BKK,2024-07-30 16:05,210,THAI,Economy,430,140,,311.0,Y,Y,Y,1,7,2,23,Tuesday,False,False,False,Wattay International Airport,VTE
Soekarno–Hatta International Airport,CGK,2024-07-30 13:30,Tan Son Nhat International Airport,SGN,2024-07-30 16:40,190,VietJet Air,Economy,1695,1410,True,152.0,Y,N,N,1,7,0,0,Tuesday,False,False,False,Wattay International Airport,VTE
Soekarno–Hatta International Airport,CGK,2024-07-30 19:00,Suvarnabhumi Airport,BKK,2024-07-30 22:30,210,THAI,Economy,1070,785,True,332.0,Y,Y,Y,1,7,2,23,Tuesday,False,False,False,Wattay International Airport,VTE
Soekarno–Hatta International Airport,CGK,2024-07-30 13:15,Guangzhou Baiyun International Airport,CAN,2024-07-30 19:30,315,China Southern,Economy,1735,1265,True,413.0,Y,Y,Y,1,8,1,23,Tuesday,False,False,False,Wattay International Airport,VTE
Soekarno–Hatta International Airport,CGK,2024-07-30 23:30,Shanghai Pudong International Airport,PVG,2024-07-31 06:55,385,China Eastern,Economy,1370,745,,445.0,Y,Y,Y,1,8,2,23,Tuesday,False,False,True,Wattay International Airport,VTE
Soekarno–Hatta International Airport,CGK,2024-07-31 19:55,Singapore Changi Airport,SIN,2024-07-31 22:55,120,Scoot,Economy,975,685,True,76.0,Y,N,N,1,7,0,0,Wednesday,False,False,False,Wattay International Airport,VTE
Soekarno–Hatta International Airport,CGK,2024-07-31 19:00,Singapore Changi Airport,SIN,2024-07-31 21:50,110,Singapore Airlines,Economy,1030,750,True,224.0,Y,Y,Y,1,7,1,23,Wednesday,False,False,False,Wattay International Airport,VTE
Soekarno–Hatta International Airport,CGK,2024-07-31 12:35,Suvarnabhumi Airport,BKK,2024-07-31 16:05,210,THAI,Economy,430,140,,311.0,Y,Y,Y,1,7,2,23,Wednesday,False,False,False,Wattay International Airport,VTE
Soekarno–Hatta International Airport,CGK,2024-07-31 19:00,Suvarnabhumi Airport,BKK,2024-07-31 22:30,210,THAI,Economy,1060,775,True,332.0,Y,Y,Y,1,7,2,23,Wednesday,False,False,False,Wattay International Airport,VTE
Soekarno–Hatta International Airport,CGK,2024-07-31 09:10,Guangzhou Baiyun International Airport,CAN,2024-07-31 15:25,315,China Southern,Economy,540,70,,413.0,Y,Y,Y,1,8,1,23,Wednesday,False,False,False,Wattay International Airport,VTE
Soekarno–Hatta International Airport,CGK,2024-07-31 23:30,Shanghai Pudong International Airport,PVG,2024-08-01 07:00,390,China Eastern,Economy,1370,740,,445.0,Y,Y,Y,1,8,2,23,Wednesday,False,False,True,Wattay International Airport,VTE
Soekarno–Hatta International Airport,CGK,2024-07-31 21:50,Incheon International Airport,ICN,2024-08-01 07:10,440,Asiana,Economy,1480,710,,671.0,Y,Y,Y,1,10,1,23,Wednesday,False,False,True,Wattay International Airport,VTE
Soekarno–Hatta International Airport,CGK,2024-08-01 16:30,Don Mueang International Airport,DMK,2024-08-01 20:10,220,Indonesia AirAsia,Economy,905,615,True,171.0,Y,N,N,1,7,0,0,Thursday,False,False,False,Wattay International Airport,VTE
Soekarno–Hatta International Airport,CGK,2024-08-01 12:35,Suvarnabhumi Airport,BKK,2024-08-01 16:05,210,THAI,Economy,430,140,,317.0,Y,Y,Y,1,7,2,23,Thursday,False,False,False,Wattay International Airport,VTE
Soekarno–Hatta International Airport,CGK,2024-08-01 05:25,Singapore Changi Airport,SIN,2024-08-01 08:10,105,Singapore Airlines,Economy,405,130,,386.0,Y,Y,Y,1,7,1,23,Thursday,False,False,False,Wattay International Airport,VTE
Soekarno–Hatta International Airport,CGK,2024-08-01 19:00,Suvarnabhumi Airport,BKK,2024-08-01 22:30,210,THAI,Economy,1060,775,True,338.0,Y,Y,Y,1,7,2,23,Thursday,False,False,False,Wattay International Airport,VTE
Soekarno–Hatta International Airport,CGK,2024-08-01 09:10,Guangzhou Baiyun International Airport,CAN,2024-08-01 15:25,315,China Southern,Economy,1980,1510,True,397.0,Y,Y,Y,1,8,1,23,Thursday,False,False,False,Wattay International Airport,VTE
Soekarno–Hatta International Airport,CGK,2024-08-01 13:15,Guangzhou Baiyun International Airport,CAN,2024-08-01 19:15,300,China Southern,Economy,1735,1280,True,415.0,Y,Y,Y,1,8,1,23,Thursday,False,False,False,Wattay International Airport,VTE
Soekarno–Hatta International Airport,CGK,2024-08-01 23:30,Shanghai Pudong International Airport,PVG,2024-08-02 06:55,385,China Eastern,Economy,1370,745,,431.0,Y,Y,Y,1,8,2,23,Thursday,False,False,True,Wattay International Airport,VTE
Soekarno–Hatta International Airport,CGK,2024-08-01 13:30,Tan Son Nhat International Airport,SGN,2024-08-01 16:40,190,VietJet Air,Economy,1695,1400,True,,Y,N,N,1,7,0,0,Thursday,False,False,False,Wattay International Airport,VTE
Soekarno–Hatta International Airport,CGK,2024-08-02 21:15,Kuala Lumpur International Airport,KUL,2024-08-03 00:25,130,AirAsia,Economy,695,405,True,106.0,Y,N,N,1,7,0,0,Friday,False,False,True,Wattay International Airport,VTE
Soekarno–Hatta International Airport,CGK,2024-08-02 22:35,Kuala Lumpur International Airport,KUL,2024-08-03 01:50,135,Batik Air,Economy,615,320,True,130.0,Y,N,N,1,7,0,0,Friday,False,False,True,Wattay International Airport,VTE
Soekarno–Hatta International Airport,CGK,2024-08-02 12:35,Suvarnabhumi Airport,BKK,2024-08-02 16:05,210,THAI,Economy,430,140,,317.0,Y,Y,Y,1,7,2,23,Friday,False,False,False,Wattay International Airport,VTE
Soekarno–Hatta International Airport,CGK,2024-08-02 16:30,Don Mueang International Airport,DMK,2024-08-02 20:10,220,Indonesia AirAsia,Economy,905,615,True,176.0,Y,N,N,1,7,0,0,Friday,False,False,False,Wattay International Airport,VTE
Soekarno–Hatta International Airport,CGK,2024-08-02 07:55,Singapore Changi Airport,SIN,2024-08-02 10:45,110,Singapore Airlines,Economy,1695,1415,True,249.0,Y,Y,Y,1,7,1,23,Friday,False,False,False,Wattay International Airport,VTE
Soekarno–Hatta International Airport,CGK,2024-08-02 18:05,Singapore Changi Airport,SIN,2024-08-02 20:55,110,Singapore Airlines,Economy,1085,805,True,282.0,Y,Y,Y,1,7,1,23,Friday,False,False,False,Wattay International Airport,VTE
Soekarno–Hatta International Airport,CGK,2024-08-02 19:00,Suvarnabhumi Airport,BKK,2024-08-02 22:30,210,THAI,Economy,1060,775,True,338.0,Y,Y,Y,1,7,2,23,Friday,False,False,False,Wattay International Airport,VTE
Soekarno–Hatta International Airport,CGK,2024-08-02 23:30,Shanghai Pudong International Airport,PVG,2024-08-03 07:00,390,China Eastern,Economy,1370,740,,360.0,Y,Y,Y,1,8,2,23,Friday,False,False,True,Wattay International Airport,VTE
Soekarno–Hatta International Airport,CGK,2024-08-02 09:10,Guangzhou Baiyun International Airport,CAN,2024-08-02 15:25,315,China Southern,Economy,540,70,,439.0,Y,Y,Y,1,8,1,23,Friday,False,False,False,Wattay International Airport,VTE
Soekarno–Hatta International Airport,CGK,2024-08-02 19:00,Singapore Changi Airport,SIN,2024-08-02 21:50,110,Singapore Airlines,Economy,1030,750,True,444.0,Y,Y,Y,1,7,1,23,Friday,False,False,False,Wattay International Airport,VTE
Soekarno–Hatta International Airport,CGK,2024-08-03 16:30,Don Mueang International Airport,DMK,2024-08-03 20:10,220,Indonesia AirAsia,Economy,905,615,True,136.0,Y,N,N,1,7,0,0,Saturday,False,False,False,Wattay International Airport,VTE
Soekarno–Hatta International Airport,CGK,2024-08-03 05:25,Singapore Changi Airport,SIN,2024-08-03 08:10,105,Singapore Airlines,Economy,405,130,,228.0,Y,Y,Y,1,7,1,23,Saturday,False,False,False,Wattay International Airport,VTE
Soekarno–Hatta International Airport,CGK,2024-08-03 12:35,Suvarnabhumi Airport,BKK,2024-08-03 16:05,210,THAI,Economy,430,140,,317.0,Y,Y,Y,1,7,2,23,Saturday,False,False,False,Wattay International Airport,VTE
Soekarno–Hatta International Airport,CGK,2024-08-03 19:00,Suvarnabhumi Airport,BKK,2024-08-03 22:30,210,THAI,Economy,1060,775,True,338.0,Y,Y,Y,1,7,2,23,Saturday,False,False,False,Wattay International Airport,VTE
Soekarno–Hatta International Airport,CGK,2024-08-03 23:30,Shanghai Pudong International Airport,PVG,2024-08-04 06:55,385,China Eastern,Economy,1370,745,,360.0,Y,Y,Y,1,8,2,23,Saturday,False,False,True,Wattay International Airport,VTE
Soekarno–Hatta International Airport,CGK,2024-08-03 09:10,Guangzhou Baiyun International Airport,CAN,2024-08-03 15:25,315,China Southern,Economy,1980,1510,True,397.0,Y,Y,Y,1,8,1,23,Saturday,False,False,False,Wattay International Airport,VTE
Soekarno–Hatta International Airport,CGK,2024-08-03 13:15,Guangzhou Baiyun International Airport,CAN,2024-08-03 19:15,300,China Southern,Economy,1735,1280,True,461.0,Y,Y,Y,1,8,1,23,Saturday,False,False,False,Wattay International Airport,VTE
Soekarno–Hatta International Airport,CGK,2024-08-03 21:50,Incheon International Airport,ICN,2024-08-04 07:10,440,Asiana,Economy,1480,710,,1114.0,Y,Y,Y,1,10,1,23,Saturday,False,False,True,Wattay International Airport,VTE
Soekarno–Hatta International Airport,CGK,2024-08-04 16:30,Don Mueang International Airport,DMK,2024-08-04 20:10,220,Indonesia AirAsia,Economy,905,615,True,135.0,Y,N,N,1,7,0,0,Sunday,False,False,False,Wattay International Airport,VTE
Soekarno–Hatta International Airport,CGK,2024-08-04 12:35,Suvarnabhumi Airport,BKK,2024-08-04 16:05,210,THAI,Economy,430,140,,317.0,Y,Y,Y,1,7,2,23,Sunday,False,False,False,Wattay International Airport,VTE
Soekarno–Hatta International Airport,CGK,2024-08-04 09:10,Guangzhou Baiyun International Airport,CAN,2024-08-04 15:25,315,China Southern,Economy,540,70,,437.0,Y,Y,Y,1,8,1,23,Sunday,False,False,False,Wattay International Airport,VTE
Soekarno–Hatta International Airport,CGK,2024-08-04 23:30,Shanghai Pudong International Airport,PVG,2024-08-05 07:00,390,China Eastern,Economy,1370,740,,360.0,Y,Y,Y,1,8,2,23,Sunday,False,False,True,Wattay International Airport,VTE
Soekarno–Hatta International Airport,CGK,2024-08-04 19:00,Suvarnabhumi Airport,BKK,2024-08-04 22:30,210,THAI,Economy,1060,775,True,372.0,Y,Y,Y,1,7,2,23,Sunday,False,False,False,Wattay International Airport,VTE
Soekarno–Hatta International Airport,CGK,2024-08-04 13:30,Tan Son Nhat International Airport,SGN,2024-08-04 16:40,190,VietJet Air,Economy,1695,1400,True,,Y,N,N,1,7,0,0,Sunday,False,False,False,Wattay International Airport,VTE
Soekarno–Hatta International Airport,CGK,2024-08-05 21:15,Kuala Lumpur International Airport,KUL,2024-08-06 00:25,130,AirAsia,Economy,695,405,True,115.0,Y,N,N,1,7,0,0,Monday,False,False,True,Wattay International Airport,VTE
Soekarno–Hatta International Airport,CGK,2024-08-05 22:35,Kuala Lumpur International Airport,KUL,2024-08-06 01:50,135,Batik Air,Economy,615,320,True,124.0,Y,N,N,1,7,0,0,Monday,False,False,True,Wattay International Airport,VTE
Soekarno–Hatta International Airport,CGK,2024-08-05 16:30,Don Mueang International Airport,DMK,2024-08-05 20:10,220,Indonesia AirAsia,Economy,905,615,True,135.0,Y,N,N,1,7,0,0,Monday,False,False,False,Wattay International Airport,VTE
Soekarno–Hatta International Airport,CGK,2024-08-05 19:00,Singapore Changi Airport,SIN,2024-08-05 21:50,110,Singapore Airlines,Economy,1030,750,True,282.0,Y,Y,Y,1,7,1,23,Monday,False,False,False,Wattay International Airport,VTE
Soekarno–Hatta International Airport,CGK,2024-08-05 12:35,Suvarnabhumi Airport,BKK,2024-08-05 16:05,210,THAI,Economy,430,140,,317.0,Y,Y,Y,1,7,2,23,Monday,False,False,False,Wattay International Airport,VTE
Soekarno–Hatta International Airport,CGK,2024-08-05 23:30,Shanghai Pudong International Airport,PVG,2024-08-06 06:55,385,China Eastern,Economy,1370,745,,338.0,Y,Y,Y,1,8,2,23,Monday,False,False,True,Wattay International Airport,VTE
Soekarno–Hatta International Airport,CGK,2024-08-05 19:00,Suvarnabhumi Airport,BKK,2024-08-05 22:30,210,THAI,Economy,1060,775,True,554.0,Y,Y,Y,1,7,2,23,Monday,False,False,False,Wattay International Airport,VTE
Soekarno–Hatta International Airport,CGK,2024-08-06 16:30,Don Mueang International Airport,DMK,2024-08-06 20:10,220,Indonesia AirAsia,Economy,905,615,True,136.0,Y,N,N,1,7,0,0,Tuesday,False,False,False,Wattay International Airport,VTE
Soekarno–Hatta International Airport,CGK,2024-08-06 05:25,Singapore Changi Airport,SIN,2024-08-06 08:10,105,Singapore Airlines,Economy,405,130,,282.0,Y,Y,Y,1,7,1,23,Tuesday,False,False,False,Wattay International Airport,VTE
Soekarno–Hatta International Airport,CGK,2024-08-06 12:35,Suvarnabhumi Airport,BKK,2024-08-06 16:05,210,THAI,Economy,430,140,,317.0,Y,Y,Y,1,7,2,23,Tuesday,False,False,False,Wattay International Airport,VTE
Soekarno–Hatta International Airport,CGK,2024-08-06 23:30,Shanghai Pudong International Airport,PVG,2024-08-07 06:55,385,China Eastern,Economy,1370,745,,338.0,Y,Y,Y,1,8,2,23,Tuesday,False,False,True,Wattay International Airport,VTE
Soekarno–Hatta International Airport,CGK,2024-08-06 19:00,Suvarnabhumi Airport,BKK,2024-08-06 22:30,210,THAI,Economy,1060,775,True,338.0,Y,Y,Y,1,7,2,23,Tuesday,False,False,False,Wattay International Airport,VTE
Soekarno–Hatta International Airport,CGK,2024-08-06 13:15,Guangzhou Baiyun International Airport,CAN,2024-08-06 19:15,300,China Southern,Economy,1735,1280,True,340.0,Y,Y,Y,1,8,1,23,Tuesday,False,False,False,Wattay International Airport,VTE
Soekarno–Hatta International Airport,CGK,2024-08-06 21:50,Incheon International Airport,ICN,2024-08-07 07:10,440,Asiana,Economy,1480,710,,675.0,Y,Y,Y,1,10,1,23,Tuesday,False,False,True,Wattay International Airport,VTE
Soekarno–Hatta International Airport,CGK,2024-08-07 16:30,Don Mueang International Airport,DMK,2024-08-07 20:10,220,Indonesia AirAsia,Economy,905,615,True,135.0,Y,N,N,1,7,0,0,Wednesday,False,False,False,Wattay International Airport,VTE
Soekarno–Hatta International Airport,CGK,2024-08-07 12:35,Suvarnabhumi Airport,BKK,2024-08-07 16:05,210,THAI,Economy,430,140,,317.0,Y,Y,Y,1,7,2,23,Wednesday,False,False,False,Wattay International Airport,VTE
Soekarno–Hatta International Airport,CGK,2024-08-07 19:00,Singapore Changi Airport,SIN,2024-08-07 21:50,110,Singapore Airlines,Economy,1030,750,True,228.0,Y,Y,Y,1,7,1,23,Wednesday,False,False,False,Wattay International Airport,VTE
Soekarno–Hatta International Airport,CGK,2024-08-07 23:30,Shanghai Pudong International Airport,PVG,2024-08-08 07:00,390,China Eastern,Economy,1370,740,,338.0,Y,Y,Y,1,8,2,23,Wednesday,False,False,True,Wattay International Airport,VTE
Soekarno–Hatta International Airport,CGK,2024-08-07 19:00,Suvarnabhumi Airport,BKK,2024-08-07 22:30,210,THAI,Economy,1060,775,True,338.0,Y,Y,Y,1,7,2,23,Wednesday,False,False,False,Wattay International Airport,VTE
Soekarno–Hatta International Airport,CGK,2024-08-07 09:10,Guangzhou Baiyun International Airport,CAN,2024-08-07 15:25,315,China Southern,Economy,540,70,,340.0,Y,Y,Y,1,8,1,23,Wednesday,False,False,False,Wattay International Airport,VTE
Soekarno–Hatta International Airport,CGK,2024-08-07 21:50,Incheon International Airport,ICN,2024-08-08 07:10,440,Asiana,Economy,1480,710,,675.0,Y,Y,Y,1,10,1,23,Wednesday,False,False,True,Wattay International Airport,VTE
Soekarno–Hatta International Airport,CGK,2024-08-08 16:30,Don Mueang International Airport,DMK,2024-08-08 20:10,220,Indonesia AirAsia,Economy,905,615,True,148.0,Y,N,N,1,7,0,0,Thursday,False,False,False,Wattay International Airport,VTE
Soekarno–Hatta International Airport,CGK,2024-08-08 05:25,Singapore Changi Airport,SIN,2024-08-08 08:10,105,Singapore Airlines,Economy,405,130,,228.0,Y,Y,Y,1,7,1,23,Thursday,False,False,False,Wattay International Airport,VTE
Soekarno–Hatta International Airport,CGK,2024-08-08 12:35,Suvarnabhumi Airport,BKK,2024-08-08 16:05,210,THAI,Economy,430,140,,317.0,Y,Y,Y,1,7,2,23,Thursday,False,False,False,Wattay International Airport,VTE
Soekarno–Hatta International Airport,CGK,2024-08-08 23:30,Shanghai Pudong International Airport,PVG,2024-08-09 06:55,385,China Eastern,Economy,1370,745,,338.0,Y,Y,Y,1,8,2,23,Thursday,False,False,True,Wattay International Airport,VTE
Soekarno–Hatta International Airport,CGK,2024-08-08 19:00,Suvarnabhumi Airport,BKK,2024-08-08 22:30,210,THAI,Economy,1060,775,True,338.0,Y,Y,Y,1,7,2,23,Thursday,False,False,False,Wattay International Airport,VTE
Soekarno–Hatta International Airport,CGK,2024-08-08 09:10,Guangzhou Baiyun International Airport,CAN,2024-08-08 15:25,315,China Southern,Economy,1980,1510,True,397.0,Y,Y,Y,1,8,1,23,Thursday,False,False,False,Wattay International Airport,VTE
Soekarno–Hatta International Airport,CGK,2024-08-08 13:15,Guangzhou Baiyun International Airport,CAN,2024-08-08 19:15,300,China Southern,Economy,1735,1280,True,415.0,Y,Y,Y,1,8,1,23,Thursday,False,False,False,Wattay International Airport,VTE
Soekarno–Hatta International Airport,CGK,2024-08-08 13:30,Tan Son Nhat International Airport,SGN,2024-08-08 16:40,190,VietJet Air,Economy,1695,1400,True,,Y,N,N,1,7,0,0,Thursday,False,False,False,Wattay International Airport,VTE
Soekarno–Hatta International Airport,CGK,2024-08-09 21:15,Kuala Lumpur International Airport,KUL,2024-08-10 00:25,130,AirAsia,Economy,695,405,True,116.0,Y,N,N,1,7,0,0,Friday,False,False,True,Wattay International Airport,VTE
Soekarno–Hatta International Airport,CGK,2024-08-09 16:30,Don Mueang International Airport,DMK,2024-08-09 20:10,220,Indonesia AirAsia,Economy,905,615,True,137.0,Y,N,N,1,7,0,0,Friday,False,False,False,Wattay International Airport,VTE
Soekarno–Hatta International Airport,CGK,2024-08-09 22:35,Kuala Lumpur International Airport,KUL,2024-08-10 01:50,135,Batik Air,Economy,615,320,True,139.0,Y,N,N,1,7,0,0,Friday,False,False,True,Wattay International Airport,VTE
Soekarno–Hatta International Airport,CGK,2024-08-09 16:10,Kuala Lumpur International Airport,KUL,2024-08-09 19:10,120,TransNusa,Economy,1000,720,True,143.0,Y,Y,N,1,7,1,15,Friday,False,False,False,Wattay International Airport,VTE
Soekarno–Hatta International Airport,CGK,2024-08-09 12:35,Suvarnabhumi Airport,BKK,2024-08-09 16:05,210,THAI,Economy,430,140,,317.0,Y,Y,Y,1,7,2,23,Friday,False,False,False,Wattay International Airport,VTE
Soekarno–Hatta International Airport,CGK,2024-08-09 22:50,Singapore Changi Airport,SIN,2024-08-10 01:50,120,Jetstar,Economy,800,510,True,191.0,Y,N,N,1,7,0,0,Friday,False,False,True,Wattay International Airport,VTE
Soekarno–Hatta International Airport,CGK,2024-08-09 18:05,Singapore Changi Airport,SIN,2024-08-09 20:55,110,Singapore Airlines,Economy,1085,805,True,228.0,Y,Y,Y,1,7,1,23,Friday,False,False,False,Wattay International Airport,VTE
Soekarno–Hatta International Airport,CGK,2024-08-09 19:00,Singapore Changi Airport,SIN,2024-08-09 21:50,110,Singapore Airlines,Economy,1030,750,True,249.0,Y,Y,Y,1,7,1,23,Friday,False,False,False,Wattay International Airport,VTE
Soekarno–Hatta International Airport,CGK,2024-08-09 09:10,Guangzhou Baiyun International Airport,CAN,2024-08-09 15:25,315,China Southern,Economy,540,70,,415.0,Y,Y,Y,1,8,1,23,Friday,False,False,False,Wattay International Airport,VTE
Soekarno–Hatta International Airport,CGK,2024-08-10 16:30,Don Mueang International Airport,DMK,2024-08-10 20:10,220,Indonesia AirAsia,Economy,905,615,True,136.0,Y,N,N,1,7,0,0,Saturday,False,False,False,Wattay International Airport,VTE
Soekarno–Hatta International Airport,CGK,2024-08-10 05:25,Singapore Changi Airport,SIN,2024-08-10 08:10,105,Singapore Airlines,Economy,405,130,,228.0,Y,Y,Y,1,7,1,23,Saturday,False,False,False,Wattay International Airport,VTE
Soekarno–Hatta International Airport,CGK,2024-08-10 12:35,Suvarnabhumi Airport,BKK,2024-08-10 16:05,210,THAI,Economy,430,140,,317.0,Y,Y,Y,1,7,2,23,Saturday,False,False,False,Wattay International Airport,VTE
Soekarno–Hatta International Airport,CGK,2024-08-10 19:00,Suvarnabhumi Airport,BKK,2024-08-10 22:30,210,THAI,Economy,1060,775,True,338.0,Y,Y,Y,1,7,2,23,Saturday,False,False,False,Wattay International Airport,VTE
Soekarno–Hatta International Airport,CGK,2024-08-10 09:10,Guangzhou Baiyun International Airport,CAN,2024-08-10 15:25,315,China Southern,Economy,1980,1510,True,531.0,Y,Y,Y,1,8,1,23,Saturday,False,False,False,Wattay International Airport,VTE
Soekarno–Hatta International Airport,CGK,2024-08-10 23:30,Shanghai Pudong International Airport,PVG,2024-08-11 06:55,385,China Eastern,Economy,1370,745,,558.0,Y,Y,Y,1,8,2,23,Saturday,False,False,True,Wattay International Airport,VTE
Soekarno–Hatta International Airport,CGK,2024-08-10 13:15,Guangzhou Baiyun International Airport,CAN,2024-08-10 19:15,300,China Southern,Economy,1735,1280,True,616.0,Y,Y,Y,1,8,1,23,Saturday,False,False,False,Wattay International Airport,VTE
Soekarno–Hatta International Airport,CGK,2024-08-10 21:50,Incheon International Airport,ICN,2024-08-11 07:10,440,Asiana,Economy,1480,710,,704.0,Y,Y,Y,1,10,1,23,Saturday,False,False,True,Wattay International Airport,VTE
Soekarno–Hatta International Airport,CGK,2024-08-11 16:30,Don Mueang International Airport,DMK,2024-08-11 20:10,220,Indonesia AirAsia,Economy,905,615,True,136.0,Y,N,N,1,7,0,0,Sunday,False,False,False,Wattay International Airport,VTE
Soekarno–Hatta International Airport,CGK,2024-08-11 12:35,Suvarnabhumi Airport,BKK,2024-08-11 16:05,210,THAI,Economy,430,140,,317.0,Y,Y,Y,1,7,2,23,Sunday,False,False,False,Wattay International Airport,VTE
Soekarno–Hatta International Airport,CGK,2024-08-11 09:10,Guangzhou Baiyun International Airport,CAN,2024-08-11 15:25,315,China Southern,Economy,540,70,,415.0,Y,Y,Y,1,8,1,23,Sunday,False,False,False,Wattay International Airport,VTE
Soekarno–Hatta International Airport,CGK,2024-08-11 19:00,Suvarnabhumi Airport,BKK,2024-08-11 22:30,210,THAI,Economy,1060,775,True,338.0,Y,Y,Y,1,7,2,23,Sunday,False,False,False,Wattay International Airport,VTE
Soekarno–Hatta International Airport,CGK,2024-08-11 23:30,Shanghai Pudong International Airport,PVG,2024-08-12 07:00,390,China Eastern,Economy,1370,740,,431.0,Y,Y,Y,1,8,2,23,Sunday,False,False,True,Wattay International Airport,VTE
Soekarno–Hatta International Airport,CGK,2024-08-11 13:30,Tan Son Nhat International Airport,SGN,2024-08-11 16:40,190,VietJet Air,Economy,1695,1400,True,,Y,N,N,1,7,0,0,Sunday,False,False,False,Wattay International Airport,VTE
Soekarno–Hatta International Airport,CGK,2024-08-12 20:30,Kuala Lumpur International Airport,KUL,2024-08-12 23:45,135,AirAsia,Economy,740,445,True,97.0,Y,N,N,1,7,0,0,Monday,False,False,False,Wattay International Airport,VTE
Soekarno–Hatta International Airport,CGK,2024-08-12 21:15,Kuala Lumpur International Airport,KUL,2024-08-13 00:25,130,AirAsia,Economy,695,405,True,98.0,Y,N,N,1,7,0,0,Monday,False,False,True,Wattay International Airport,VTE
Soekarno–Hatta International Airport,CGK,2024-08-12 22:35,Kuala Lumpur International Airport,KUL,2024-08-13 01:50,135,Batik Air,Economy,615,320,True,100.0,Y,N,N,1,7,0,0,Monday,False,False,True,Wattay International Airport,VTE
Soekarno–Hatta International Airport,CGK,2024-08-12 17:50,Kuala Lumpur International Airport,KUL,2024-08-12 20:55,125,Indonesia AirAsia,Economy,900,615,True,107.0,Y,N,N,1,7,0,0,Monday,False,False,False,Wattay International Airport,VTE
Soekarno–Hatta International Airport,CGK,2024-08-12 12:35,Suvarnabhumi Airport,BKK,2024-08-12 16:05,210,THAI,Economy,430,140,,317.0,Y,Y,Y,1,7,2,23,Monday,False,False,False,Wattay International Airport,VTE
Soekarno–Hatta International Airport,CGK,2024-08-12 16:30,Don Mueang International Airport,DMK,2024-08-12 20:10,220,Indonesia AirAsia,Economy,905,615,True,135.0,Y,N,N,1,7,0,0,Monday,False,False,False,Wattay International Airport,VTE
Soekarno–Hatta International Airport,CGK,2024-08-12 14:10,Singapore Changi Airport,SIN,2024-08-12 17:10,120,Singapore Airlines,Economy,1320,1030,True,228.0,Y,Y,Y,1,7,1,23,Monday,False,False,False,Wattay International Airport,VTE
Soekarno–Hatta International Airport,CGK,2024-08-12 19:00,Singapore Changi Airport,SIN,2024-08-12 21:50,110,Singapore Airlines,Economy,1030,750,True,282.0,Y,Y,Y,1,7,1,23,Monday,False,False,False,Wattay International Airport,VTE
Soekarno–Hatta International Airport,CGK,2024-08-12 23:30,Shanghai Pudong International Airport,PVG,2024-08-13 06:55,385,China Eastern,Economy,1370,745,,431.0,Y,Y,Y,1,8,2,23,Monday,False,False,True,Wattay International Airport,VTE
Soekarno–Hatta International Airport,CGK,2024-08-13 16:30,Don Mueang International Airport,DMK,2024-08-13 20:10,220,Indonesia AirAsia,Economy,905,615,True,135.0,Y,N,N,1,7,0,0,Tuesday,False,False,False,Wattay International Airport,VTE
Soekarno–Hatta International Airport,CGK,2024-08-13 05:25,Singapore Changi Airport,SIN,2024-08-13 08:10,105,Singapore Airlines,Economy,405,130,,228.0,Y,Y,Y,1,7,1,23,Tuesday,False,False,False,Wattay International Airport,VTE
Soekarno–Hatta International Airport,CGK,2024-08-13 12:35,Suvarnabhumi Airport,BKK,2024-08-13 16:05,210,THAI,Economy,430,140,,317.0,Y,Y,Y,1,7,2,23,Tuesday,False,False,False,Wattay International Airport,VTE
Soekarno–Hatta International Airport,CGK,2024-08-13 19:00,Suvarnabhumi Airport,BKK,2024-08-13 22:30,210,THAI,Economy,1060,775,True,338.0,Y,Y,Y,1,7,2,23,Tuesday,False,False,False,Wattay International Airport,VTE
Soekarno–Hatta International Airport,CGK,2024-08-13 13:15,Guangzhou Baiyun International Airport,CAN,2024-08-13 19:15,300,China Southern,Economy,1735,1280,True,376.0,Y,Y,Y,1,8,1,23,Tuesday,False,False,False,Wattay International Airport,VTE
Soekarno–Hatta International Airport,CGK,2024-08-13 23:30,Shanghai Pudong International Airport,PVG,2024-08-14 06:55,385,China Eastern,Economy,1370,745,,431.0,Y,Y,Y,1,8,2,23,Tuesday,False,False,True,Wattay International Airport,VTE
Soekarno–Hatta International Airport,CGK,2024-08-13 21:50,Incheon International Airport,ICN,2024-08-14 07:10,440,Asiana,Economy,1480,710,,738.0,Y,Y,Y,1,10,1,23,Tuesday,False,False,True,Wattay International Airport,VTE
Soekarno–Hatta International Airport,CGK,2024-08-14 19:55,Singapore Changi Airport,SIN,2024-08-14 22:55,120,Scoot,Economy,975,685,True,109.0,Y,N,N,1,7,0,0,Wednesday,False,False,False,Wattay International Airport,VTE
Soekarno–Hatta International Airport,CGK,2024-08-14 16:30,Don Mueang International Airport,DMK,2024-08-14 20:10,220,Indonesia AirAsia,Economy,905,615,True,135.0,Y,N,N,1,7,0,0,Wednesday,False,False,False,Wattay International Airport,VTE
Soekarno–Hatta International Airport,CGK,2024-08-14 19:00,Singapore Changi Airport,SIN,2024-08-14 21:50,110,Singapore Airlines,Economy,1030,750,True,228.0,Y,Y,Y,1,7,1,23,Wednesday,False,False,False,Wattay International Airport,VTE
Soekarno–Hatta International Airport,CGK,2024-08-14 12:35,Suvarnabhumi Airport,BKK,2024-08-14 16:05,210,THAI,Economy,430,140,,317.0,Y,Y,Y,1,7,2,23,Wednesday,False,False,False,Wattay International Airport,VTE
Soekarno–Hatta International Airport,CGK,2024-08-14 09:10,Guangzhou Baiyun International Airport,CAN,2024-08-14 15:25,315,China Southern,Economy,540,70,,340.0,Y,Y,Y,1,8,1,23,Wednesday,False,False,False,Wattay International Airport,VTE
Soekarno–Hatta International Airport,CGK,2024-08-14 19:00,Suvarnabhumi Airport,BKK,2024-08-14 22:30,210,THAI,Economy,1060,775,True,338.0,Y,Y,Y,1,7,2,23,Wednesday,False,False,False,Wattay International Airport,VTE
Soekarno–Hatta International Airport,CGK,2024-08-14 23:30,Shanghai Pudong International Airport,PVG,2024-08-15 07:00,390,China Eastern,Economy,1370,740,,431.0,Y,Y,Y,1,8,2,23,Wednesday,False,False,True,Wattay International Airport,VTE
Soekarno–Hatta International Airport,CGK,2024-08-14 21:50,Incheon International Airport,ICN,2024-08-15 07:10,440,Asiana,Economy,1480,710,,675.0,Y,Y,Y,1,10,1,23,Wednesday,False,False,True,Wattay International Airport,VTE
Soekarno–Hatta International Airport,CGK,2024-08-15 18:50,Don Mueang International Airport,DMK,2024-08-15 22:30,220,Indonesia AirAsia,Economy,765,475,True,139.0,Y,N,N,1,7,0,0,Thursday,False,False,False,Wattay International Airport,VTE
Soekarno–Hatta International Airport,CGK,2024-08-15 05:25,Singapore Changi Airport,SIN,2024-08-15 08:10,105,Singapore Airlines,Economy,405,130,,207.0,Y,Y,Y,1,7,1,23,Thursday,False,False,False,Wattay International Airport,VTE
Soekarno–Hatta International Airport,CGK,2024-08-15 12:35,Suvarnabhumi Airport,BKK,2024-08-15 16:05,210,THAI,Economy,430,140,,317.0,Y,Y,Y,1,7,2,23,Thursday,False,False,False,Wattay International Airport,VTE
Soekarno–Hatta International Airport,CGK,2024-08-15 19:00,Suvarnabhumi Airport,BKK,2024-08-15 22:30,210,THAI,Economy,1060,775,True,338.0,Y,Y,Y,1,7,2,23,Thursday,False,False,False,Wattay International Airport,VTE
Soekarno–Hatta International Airport,CGK,2024-08-15 13:15,Guangzhou Baiyun International Airport,CAN,2024-08-15 19:15,300,China Southern,Economy,1735,1280,True,340.0,Y,Y,Y,1,8,1,23,Thursday,False,False,False,Wattay International Airport,VTE
Soekarno–Hatta International Airport,CGK,2024-08-15 23:30,Shanghai Pudong International Airport,PVG,2024-08-16 06:55,385,China Eastern,Economy,1370,745,,431.0,Y,Y,Y,1,8,2,23,Thursday,False,False,True,Wattay International Airport,VTE
Soekarno–Hatta International Airport,CGK,2024-08-15 13:30,Tan Son Nhat International Airport,SGN,2024-08-15 16:40,190,VietJet Air,Economy,1695,1400,True,,Y,N,N,1,7,0,0,Thursday,False,False,False,Wattay International Airport,VTE
Soekarno–Hatta International Airport,CGK,2024-08-16 21:15,Kuala Lumpur International Airport,KUL,2024-08-17 00:25,130,AirAsia,Economy,695,405,True,108.0,Y,N,N,1,7,0,0,Friday,False,False,True,Wattay International Airport,VTE
Soekarno–Hatta International Airport,CGK,2024-08-16 17:50,Kuala Lumpur International Airport,KUL,2024-08-16 20:55,125,Indonesia AirAsia,Economy,900,615,True,119.0,Y,N,N,1,7,0,0,Friday,False,False,False,Wattay International Airport,VTE
Soekarno–Hatta International Airport,CGK,2024-08-16 22:35,Kuala Lumpur International Airport,KUL,2024-08-17 01:50,135,Batik Air,Economy,615,320,True,156.0,Y,N,N,1,7,0,0,Friday,False,False,True,Wattay International Airport,VTE
Soekarno–Hatta International Airport,CGK,2024-08-16 12:35,Suvarnabhumi Airport,BKK,2024-08-16 16:05,210,THAI,Economy,430,140,,317.0,Y,Y,Y,1,7,2,23,Friday,False,False,False,Wattay International Airport,VTE
Soekarno–Hatta International Airport,CGK,2024-08-16 16:30,Don Mueang International Airport,DMK,2024-08-16 20:10,220,Indonesia AirAsia,Economy,905,615,True,148.0,Y,N,N,1,7,0,0,Friday,False,False,False,Wattay International Airport,VTE
Soekarno–Hatta International Airport,CGK,2024-08-16 18:05,Singapore Changi Airport,SIN,2024-08-16 20:55,110,Singapore Airlines,Economy,1085,805,True,282.0,Y,Y,Y,1,7,1,23,Friday,False,False,False,Wattay International Airport,VTE
Soekarno–Hatta International Airport,CGK,2024-08-16 19:00,Suvarnabhumi Airport,BKK,2024-08-16 22:30,210,THAI,Economy,1060,775,True,338.0,Y,Y,Y,1,7,2,23,Friday,False,False,False,Wattay International Airport,VTE
Soekarno–Hatta International Airport,CGK,2024-08-16 09:10,Guangzhou Baiyun International Airport,CAN,2024-08-16 15:25,315,China Southern,Economy,540,70,,340.0,Y,Y,Y,1,8,1,23,Friday,False,False,False,Wattay International Airport,VTE
Soekarno–Hatta International Airport,CGK,2024-08-16 19:00,Singapore Changi Airport,SIN,2024-08-16 21:50,110,Singapore Airlines,Economy,1030,750,True,386.0,Y,Y,Y,1,7,1,23,Friday,False,False,False,Wattay International Airport,VTE
Soekarno–Hatta International Airport,CGK,2024-08-17 18:50,Don Mueang International Airport,DMK,2024-08-17 22:30,220,Indonesia AirAsia,Economy,765,475,True,136.0,Y,N,N,1,7,0,0,Saturday,True,False,False,Wattay International Airport,VTE
Soekarno–Hatta International Airport,CGK,2024-08-17 05:25,Singapore Changi Airport,SIN,2024-08-17 08:10,105,Singapore Airlines,Economy,405,130,,228.0,Y,Y,Y,1,7,1,23,Saturday,True,False,False,Wattay International Airport,VTE
Soekarno–Hatta International Airport,CGK,2024-08-17 12:35,Suvarnabhumi Airport,BKK,2024-08-17 16:05,210,THAI,Economy,430,140,,317.0,Y,Y,Y,1,7,2,23,Saturday,True,False,False,Wattay International Airport,VTE
Soekarno–Hatta International Airport,CGK,2024-08-17 19:00,Suvarnabhumi Airport,BKK,2024-08-17 22:30,210,THAI,Economy,1060,775,True,338.0,Y,Y,Y,1,7,2,23,Saturday,True,False,False,Wattay International Airport,VTE
Soekarno–Hatta International Airport,CGK,2024-08-17 13:15,Guangzhou Baiyun International Airport,CAN,2024-08-17 19:15,300,China Southern,Economy,1735,1280,True,376.0,Y,Y,Y,1,8,1,23,Saturday,True,False,False,Wattay International Airport,VTE
Soekarno–Hatta International Airport,CGK,2024-08-17 21:50,Incheon International Airport,ICN,2024-08-18 07:10,440,Asiana,Economy,1480,710,,824.0,Y,Y,Y,1,10,1,23,Saturday,True,False,True,Wattay International Airport,VTE
Soekarno–Hatta International Airport,CGK,2024-08-17 23:30,Shanghai Pudong International Airport,PVG,2024-08-18 06:55,385,China Eastern,Economy,1370,745,,838.0,Y,Y,Y,1,8,2,23,Saturday,True,False,True,Wattay International Airport,VTE
Soekarno–Hatta International Airport,CGK,2024-08-18 16:30,Don Mueang International Airport,DMK,2024-08-18 20:10,220,Indonesia AirAsia,Economy,905,615,True,136.0,Y,N,N,1,7,0,0,Sunday,False,False,False,Wattay International Airport,VTE
Soekarno–Hatta International Airport,CGK,2024-08-18 12:35,Suvarnabhumi Airport,BKK,2024-08-18 16:05,210,THAI,Economy,430,140,,317.0,Y,Y,Y,1,7,2,23,Sunday,False,False,False,Wattay International Airport,VTE
Soekarno–Hatta International Airport,CGK,2024-08-18 09:10,Guangzhou Baiyun International Airport,CAN,2024-08-18 15:25,315,China Southern,Economy,540,70,,340.0,Y,Y,Y,1,8,1,23,Sunday,False,False,False,Wattay International Airport,VTE
Soekarno–Hatta International Airport,CGK,2024-08-18 19:00,Suvarnabhumi Airport,BKK,2024-08-18 22:30,210,THAI,Economy,1060,775,True,338.0,Y,Y,Y,1,7,2,23,Sunday,False,False,False,Wattay International Airport,VTE
Soekarno–Hatta International Airport,CGK,2024-08-18 23:30,Shanghai Pudong International Airport,PVG,2024-08-19 07:00,390,China Eastern,Economy,1370,740,,431.0,Y,Y,Y,1,8,2,23,Sunday,False,False,True,Wattay International Airport,VTE
Soekarno–Hatta International Airport,CGK,2024-08-18 13:30,Tan Son Nhat International Airport,SGN,2024-08-18 16:40,190,VietJet Air,Economy,1695,1400,True,,Y,N,N,1,7,0,0,Sunday,False,False,False,Wattay International Airport,VTE
Soekarno–Hatta International Airport,CGK,2024-08-19 19:55,Singapore Changi Airport,SIN,2024-08-19 22:55,120,Scoot,Economy,975,685,True,83.0,Y,N,N,1,7,0,0,Monday,False,False,False,Wattay International Airport,VTE
Soekarno–Hatta International Airport,CGK,2024-08-19 21:15,Kuala Lumpur International Airport,KUL,2024-08-20 00:25,130,AirAsia,Economy,695,405,True,98.0,Y,N,N,1,7,0,0,Monday,False,False,True,Wattay International Airport,VTE
Soekarno–Hatta International Airport,CGK,2024-08-19 12:35,Suvarnabhumi Airport,BKK,2024-08-19 16:05,210,THAI,Economy,430,140,,317.0,Y,Y,Y,1,7,2,23,Monday,False,False,False,Wattay International Airport,VTE
Soekarno–Hatta International Airport,CGK,2024-08-19 18:50,Don Mueang International Airport,DMK,2024-08-19 22:30,220,Indonesia AirAsia,Economy,765,475,True,139.0,Y,N,N,1,7,0,0,Monday,False,False,False,Wattay International Airport,VTE
Soekarno–Hatta International Airport,CGK,2024-08-19 22:35,Kuala Lumpur International Airport,KUL,2024-08-20 01:50,135,Batik Air,Economy,615,320,True,156.0,Y,N,N,1,7,0,0,Monday,False,False,True,Wattay International Airport,VTE
Soekarno–Hatta International Airport,CGK,2024-08-19 19:00,Singapore Changi Airport,SIN,2024-08-19 21:50,110,Singapore Airlines,Economy,1030,750,True,228.0,Y,Y,Y,1,7,1,23,Monday,False,False,False,Wattay International Airport,VTE
Soekarno–Hatta International Airport,CGK,2024-08-19 19:00,Suvarnabhumi Airport,BKK,2024-08-19 22:30,210,THAI,Economy,1060,775,True,338.0,Y,Y,Y,1,7,2,23,Monday,False,False,False,Wattay International Airport,VTE
Soekarno–Hatta International Airport,CGK,2024-08-19 23:30,Shanghai Pudong International Airport,PVG,2024-08-20 06:55,385,China Eastern,Economy,1370,745,,431.0,Y,Y,Y,1,8,2,23,Monday,False,False,True,Wattay International Airport,VTE
Soekarno–Hatta International Airport,CGK,2024-08-20 18:50,Don Mueang International Airport,DMK,2024-08-20 22:30,220,Indonesia AirAsia,Economy,765,475,True,136.0,Y,N,N,1,7,0,0,Tuesday,False,False,False,Wattay International Airport,VTE
Soekarno–Hatta International Airport,CGK,2024-08-20 05:25,Singapore Changi Airport,SIN,2024-08-20 08:10,105,Singapore Airlines,Economy,405,130,,228.0,Y,Y,Y,1,7,1,23,Tuesday,False,False,False,Wattay International Airport,VTE
Soekarno–Hatta International Airport,CGK,2024-08-20 12:35,Suvarnabhumi Airport,BKK,2024-08-20 16:05,210,THAI,Economy,430,140,,317.0,Y,Y,Y,1,7,2,23,Tuesday,False,False,False,Wattay International Airport,VTE
Soekarno–Hatta International Airport,CGK,2024-08-20 23:30,Shanghai Pudong International Airport,PVG,2024-08-21 06:55,385,China Eastern,Economy,1370,745,,338.0,Y,Y,Y,1,8,2,23,Tuesday,False,False,True,Wattay International Airport,VTE
Soekarno–Hatta International Airport,CGK,2024-08-20 19:00,Suvarnabhumi Airport,BKK,2024-08-20 22:30,210,THAI,Economy,1060,775,True,338.0,Y,Y,Y,1,7,2,23,Tuesday,False,False,False,Wattay International Airport,VTE
Soekarno–Hatta International Airport,CGK,2024-08-20 13:15,Guangzhou Baiyun International Airport,CAN,2024-08-20 19:15,300,China Southern,Economy,1735,1280,True,340.0,Y,Y,Y,1,8,1,23,Tuesday,False,False,False,Wattay International Airport,VTE
Soekarno–Hatta International Airport,CGK,2024-08-20 21:50,Incheon International Airport,ICN,2024-08-21 07:10,440,Asiana,Economy,1480,710,,664.0,Y,Y,Y,1,10,1,23,Tuesday,False,False,True,Wattay International Airport,VTE
Soekarno–Hatta International Airport,CGK,2024-08-21 16:30,Don Mueang International Airport,DMK,2024-08-21 20:10,220,Indonesia AirAsia,Economy,905,615,True,136.0,Y,N,N,1,7,0,0,Wednesday,False,False,False,Wattay International Airport,VTE
Soekarno–Hatta International Airport,CGK,2024-08-21 18:05,Singapore Changi Airport,SIN,2024-08-21 20:55,110,Singapore Airlines,Economy,1085,805,True,228.0,Y,Y,Y,1,7,1,23,Wednesday,False,False,False,Wattay International Airport,VTE
Soekarno–Hatta International Airport,CGK,2024-08-21 12:35,Suvarnabhumi Airport,BKK,2024-08-21 16:05,210,THAI,Economy,430,140,,317.0,Y,Y,Y,1,7,2,23,Wednesday,False,False,False,Wattay International Airport,VTE
Soekarno–Hatta International Airport,CGK,2024-08-21 09:10,Guangzhou Baiyun International Airport,CAN,2024-08-21 15:25,315,China Southern,Economy,540,70,,340.0,Y,Y,Y,1,8,1,23,Wednesday,False,False,False,Wattay International Airport,VTE
Soekarno–Hatta International Airport,CGK,2024-08-21 23:30,Shanghai Pudong International Airport,PVG,2024-08-22 07:00,390,China Eastern,Economy,1370,740,,326.0,Y,Y,Y,1,8,2,23,Wednesday,False,False,True,Wattay International Airport,VTE
Soekarno–Hatta International Airport,CGK,2024-08-21 19:00,Suvarnabhumi Airport,BKK,2024-08-21 22:30,210,THAI,Economy,1060,775,True,338.0,Y,Y,Y,1,7,2,23,Wednesday,False,False,False,Wattay International Airport,VTE
Soekarno–Hatta International Airport,CGK,2024-08-21 19:00,Singapore Changi Airport,SIN,2024-08-21 21:50,110,Singapore Airlines,Economy,1030,750,True,386.0,Y,Y,Y,1,7,1,23,Wednesday,False,False,False,Wattay International Airport,VTE
Soekarno–Hatta International Airport,CGK,2024-08-21 21:50,Incheon International Airport,ICN,2024-08-22 07:10,440,Asiana,Economy,1480,710,,664.0,Y,Y,Y,1,10,1,23,Wednesday,False,False,True,Wattay International Airport,VTE
Soekarno–Hatta International Airport,CGK,2024-08-22 18:50,Don Mueang International Airport,DMK,2024-08-22 22:30,220,Indonesia AirAsia,Economy,765,475,True,139.0,Y,N,N,1,7,0,0,Thursday,False,False,False,Wattay International Airport,VTE
Soekarno–Hatta International Airport,CGK,2024-08-22 05:25,Singapore Changi Airport,SIN,2024-08-22 08:10,105,Singapore Airlines,Economy,405,130,,228.0,Y,Y,Y,1,7,1,23,Thursday,False,False,False,Wattay International Airport,VTE
Soekarno–Hatta International Airport,CGK,2024-08-22 12:35,Suvarnabhumi Airport,BKK,2024-08-22 16:05,210,THAI,Economy,430,140,,317.0,Y,Y,Y,1,7,2,23,Thursday,False,False,False,Wattay International Airport,VTE
Soekarno–Hatta International Airport,CGK,2024-08-22 23:30,Shanghai Pudong International Airport,PVG,2024-08-23 06:55,385,China Eastern,Economy,1370,745,,326.0,Y,Y,Y,1,8,2,23,Thursday,False,False,True,Wattay International Airport,VTE
Soekarno–Hatta International Airport,CGK,2024-08-22 19:00,Suvarnabhumi Airport,BKK,2024-08-22 22:30,210,THAI,Economy,1060,775,True,338.0,Y,Y,Y,1,7,2,23,Thursday,False,False,False,Wattay International Airport,VTE
Soekarno–Hatta International Airport,CGK,2024-08-22 13:15,Guangzhou Baiyun International Airport,CAN,2024-08-22 19:15,300,China Southern,Economy,1735,1280,True,340.0,Y,Y,Y,1,8,1,23,Thursday,False,False,False,Wattay International Airport,VTE
Soekarno–Hatta International Airport,CGK,2024-08-22 13:30,Tan Son Nhat International Airport,SGN,2024-08-22 16:40,190,VietJet Air,Economy,1695,1400,True,,Y,N,N,1,7,0,0,Thursday,False,False,False,Wattay International Airport,VTE
Soekarno–Hatta International Airport,CGK,2024-08-23 21:15,Kuala Lumpur International Airport,KUL,2024-08-24 00:25,130,AirAsia,Economy,695,405,True,97.0,Y,N,N,1,7,0,0,Friday,False,False,True,Wattay International Airport,VTE
Soekarno–Hatta International Airport,CGK,2024-08-23 16:10,Kuala Lumpur International Airport,KUL,2024-08-23 19:10,120,TransNusa,Economy,1000,720,True,100.0,Y,Y,N,1,7,1,15,Friday,False,False,False,Wattay International Airport,VTE
Soekarno–Hatta International Airport,CGK,2024-08-23 22:35,Kuala Lumpur International Airport,KUL,2024-08-24 01:50,135,Batik Air,Economy,615,320,True,114.0,Y,N,N,1,7,0,0,Friday,False,False,True,Wattay International Airport,VTE
Soekarno–Hatta International Airport,CGK,2024-08-23 12:35,Suvarnabhumi Airport,BKK,2024-08-23 16:05,210,THAI,Economy,430,140,,317.0,Y,Y,Y,1,7,2,23,Friday,False,False,False,Wattay International Airport,VTE
Soekarno–Hatta International Airport,CGK,2024-08-23 16:30,Don Mueang International Airport,DMK,2024-08-23 20:10,220,Indonesia AirAsia,Economy,905,615,True,138.0,Y,N,N,1,7,0,0,Friday,False,False,False,Wattay International Airport,VTE
Soekarno–Hatta International Airport,CGK,2024-08-23 14:10,Singapore Changi Airport,SIN,2024-08-23 17:10,120,Singapore Airlines,Economy,1320,1030,True,228.0,Y,Y,Y,1,7,1,23,Friday,False,False,False,Wattay International Airport,VTE
Soekarno–Hatta International Airport,CGK,2024-08-23 18:05,Singapore Changi Airport,SIN,2024-08-23 20:55,110,Singapore Airlines,Economy,1085,805,True,249.0,Y,Y,Y,1,7,1,23,Friday,False,False,False,Wattay International Airport,VTE
Soekarno–Hatta International Airport,CGK,2024-08-23 09:10,Guangzhou Baiyun International Airport,CAN,2024-08-23 15:25,315,China Southern,Economy,540,70,,340.0,Y,Y,Y,1,8,1,23,Friday,False,False,False,Wattay International Airport,VTE
Soekarno–Hatta International Airport,CGK,2024-08-23 19:00,Singapore Changi Airport,SIN,2024-08-23 21:50,110,Singapore Airlines,Economy,1030,750,True,599.0,Y,Y,Y,1,7,1,23,Friday,False,False,False,Wattay International Airport,VTE
Soekarno–Hatta International Airport,CGK,2024-08-24 18:50,Don Mueang International Airport,DMK,2024-08-24 22:30,220,Indonesia AirAsia,Economy,765,475,True,135.0,Y,N,N,1,7,0,0,Saturday,False,False,False,Wattay International Airport,VTE
Soekarno–Hatta International Airport,CGK,2024-08-24 05:25,Singapore Changi Airport,SIN,2024-08-24 08:10,105,Singapore Airlines,Economy,405,130,,228.0,Y,Y,Y,1,7,1,23,Saturday,False,False,False,Wattay International Airport,VTE
Soekarno–Hatta International Airport,CGK,2024-08-24 12:35,Suvarnabhumi Airport,BKK,2024-08-24 16:05,210,THAI,Economy,430,140,,317.0,Y,Y,Y,1,7,2,23,Saturday,False,False,False,Wattay International Airport,VTE
Soekarno–Hatta International Airport,CGK,2024-08-24 19:00,Suvarnabhumi Airport,BKK,2024-08-24 22:30,210,THAI,Economy,1485,1195,True,338.0,Y,Y,Y,1,7,2,23,Saturday,False,False,False,Wattay International Airport,VTE
Soekarno–Hatta International Airport,CGK,2024-08-24 19:00,Suvarnabhumi Airport,BKK,2024-08-24 22:30,210,THAI,Economy,1060,775,True,372.0,Y,Y,Y,1,7,2,23,Saturday,False,False,False,Wattay International Airport,VTE
Soekarno–Hatta International Airport,CGK,2024-08-24 13:15,Guangzhou Baiyun International Airport,CAN,2024-08-24 19:15,300,China Southern,Economy,1735,1280,True,376.0,Y,Y,Y,1,8,1,23,Saturday,False,False,False,Wattay International Airport,VTE
Soekarno–Hatta International Airport,CGK,2024-08-24 21:50,Incheon International Airport,ICN,2024-08-25 07:10,440,Asiana,Economy,1480,710,,664.0,Y,Y,Y,1,10,1,23,Saturday,False,False,True,Wattay International Airport,VTE
Soekarno–Hatta International Airport,CGK,2024-08-24 23:30,Shanghai Pudong International Airport,PVG,2024-08-25 06:55,385,China Eastern,Economy,1370,745,,806.0,Y,Y,Y,1,8,2,23,Saturday,False,False,True,Wattay International Airport,VTE
Soekarno–Hatta International Airport,CGK,2024-08-25 16:30,Don Mueang International Airport,DMK,2024-08-25 20:10,220,Indonesia AirAsia,Economy,905,615,True,138.0,Y,N,N,1,7,0,0,Sunday,False,False,False,Wattay International Airport,VTE
Soekarno–Hatta International Airport,CGK,2024-08-25 12:35,Suvarnabhumi Airport,BKK,2024-08-25 16:05,210,THAI,Economy,430,140,,317.0,Y,Y,Y,1,7,2,23,Sunday,False,False,False,Wattay International Airport,VTE
Soekarno–Hatta International Airport,CGK,2024-08-25 09:10,Guangzhou Baiyun International Airport,CAN,2024-08-25 15:25,315,China Southern,Economy,540,70,,415.0,Y,Y,Y,1,8,1,23,Sunday,False,False,False,Wattay International Airport,VTE
Soekarno–Hatta International Airport,CGK,2024-08-25 19:00,Suvarnabhumi Airport,BKK,2024-08-25 22:30,210,THAI,Economy,1060,775,True,338.0,Y,Y,Y,1,7,2,23,Sunday,False,False,False,Wattay International Airport,VTE
Soekarno–Hatta International Airport,CGK,2024-08-25 23:30,Shanghai Pudong International Airport,PVG,2024-08-26 07:00,390,China Eastern,Economy,1370,740,,423.0,Y,Y,Y,1,8,2,23,Sunday,False,False,True,Wattay International Airport,VTE
Soekarno–Hatta International Airport,CGK,2024-08-25 13:30,Tan Son Nhat International Airport,SGN,2024-08-25 16:40,190,VietJet Air,Economy,1695,1400,True,,Y,N,N,1,7,0,0,Sunday,False,False,False,Wattay International Airport,VTE
Soekarno–Hatta International Airport,CGK,2024-08-26 19:20,Kuala Lumpur International Airport,KUL,2024-08-26 22:30,130,KLM,Economy,810,520,True,99.0,Y,N,N,1,12,0,0,Monday,False,False,False,Wattay International Airport,VTE
Soekarno–Hatta International Airport,CGK,2024-08-26 22:35,Kuala Lumpur International Airport,KUL,2024-08-27 01:50,135,Batik Air,Economy,615,320,True,101.0,Y,N,N,1,7,0,0,Monday,False,False,True,Wattay International Airport,VTE
Soekarno–Hatta International Airport,CGK,2024-08-26 21:15,Kuala Lumpur International Airport,KUL,2024-08-27 00:25,130,AirAsia,Economy,695,405,True,119.0,Y,N,N,1,7,0,0,Monday,False,False,True,Wattay International Airport,VTE
Soekarno–Hatta International Airport,CGK,2024-08-26 19:55,Singapore Changi Airport,SIN,2024-08-26 22:55,120,Scoot,Economy,975,685,True,134.0,Y,N,N,1,7,0,0,Monday,False,False,False,Wattay International Airport,VTE
Soekarno–Hatta International Airport,CGK,2024-08-26 16:30,Don Mueang International Airport,DMK,2024-08-26 20:10,220,Indonesia AirAsia,Economy,905,615,True,135.0,Y,N,N,1,7,0,0,Monday,False,False,False,Wattay International Airport,VTE
Soekarno–Hatta International Airport,CGK,2024-08-26 18:50,Don Mueang International Airport,DMK,2024-08-26 22:30,220,Indonesia AirAsia,Economy,765,475,True,136.0,Y,N,N,1,7,0,0,Monday,False,False,False,Wattay International Airport,VTE
Soekarno–Hatta International Airport,CGK,2024-08-26 19:00,Singapore Changi Airport,SIN,2024-08-26 21:50,110,Singapore Airlines,Economy,1030,750,True,228.0,Y,Y,Y,1,7,1,23,Monday,False,False,False,Wattay International Airport,VTE
Soekarno–Hatta International Airport,CGK,2024-08-26 12:35,Suvarnabhumi Airport,BKK,2024-08-26 16:05,210,THAI,Economy,430,140,,317.0,Y,Y,Y,1,7,2,23,Monday,False,False,False,Wattay International Airport,VTE
Soekarno–Hatta International Airport,CGK,2024-08-27 18:50,Don Mueang International Airport,DMK,2024-08-27 22:30,220,Indonesia AirAsia,Economy,765,475,True,139.0,Y,N,N,1,7,0,0,Tuesday,False,False,False,Wattay International Airport,VTE
Soekarno–Hatta International Airport,CGK,2024-08-27 05:25,Singapore Changi Airport,SIN,2024-08-27 08:10,105,Singapore Airlines,Economy,405,130,,228.0,Y,Y,Y,1,7,1,23,Tuesday,False,False,False,Wattay International Airport,VTE
Soekarno–Hatta International Airport,CGK,2024-08-27 12:35,Suvarnabhumi Airport,BKK,2024-08-27 16:05,210,THAI,Economy,430,140,,317.0,Y,Y,Y,1,7,2,23,Tuesday,False,False,False,Wattay International Airport,VTE
Soekarno–Hatta International Airport,CGK,2024-08-27 19:00,Suvarnabhumi Airport,BKK,2024-08-27 22:30,210,THAI,Economy,1060,775,True,338.0,Y,Y,Y,1,7,2,23,Tuesday,False,False,False,Wattay International Airport,VTE
Soekarno–Hatta International Airport,CGK,2024-08-27 13:15,Guangzhou Baiyun International Airport,CAN,2024-08-27 19:15,300,China Southern,Economy,1735,1280,True,340.0,Y,Y,Y,1,8,1,23,Tuesday,False,False,False,Wattay International Airport,VTE
Soekarno–Hatta International Airport,CGK,2024-08-27 23:30,Shanghai Pudong International Airport,PVG,2024-08-28 06:55,385,China Eastern,Economy,1370,745,,423.0,Y,Y,Y,1,8,2,23,Tuesday,False,False,True,Wattay International Airport,VTE
Soekarno–Hatta International Airport,CGK,2024-08-27 21:50,Incheon International Airport,ICN,2024-08-28 07:10,440,Asiana,Economy,1480,710,,664.0,Y,Y,Y,1,10,1,23,Tuesday,False,False,True,Wattay International Airport,VTE
Soekarno–Hatta International Airport,CGK,2024-08-28 19:55,Singapore Changi Airport,SIN,2024-08-28 22:55,120,Scoot,Economy,975,685,True,83.0,Y,N,N,1,7,0,0,Wednesday,False,False,False,Wattay International Airport,VTE
Soekarno–Hatta International Airport,CGK,2024-08-28 16:30,Don Mueang International Airport,DMK,2024-08-28 20:10,220,Indonesia AirAsia,Economy,905,615,True,135.0,Y,N,N,1,7,0,0,Wednesday,False,False,False,Wattay International Airport,VTE
Soekarno–Hatta International Airport,CGK,2024-08-28 19:00,Singapore Changi Airport,SIN,2024-08-28 21:50,110,Singapore Airlines,Economy,1030,750,True,228.0,Y,Y,Y,1,7,1,23,Wednesday,False,False,False,Wattay International Airport,VTE
Soekarno–Hatta International Airport,CGK,2024-08-28 12:35,Suvarnabhumi Airport,BKK,2024-08-28 16:05,210,THAI,Economy,430,140,,317.0,Y,Y,Y,1,7,2,23,Wednesday,False,False,False,Wattay International Airport,VTE
Soekarno–Hatta International Airport,CGK,2024-08-28 19:00,Suvarnabhumi Airport,BKK,2024-08-28 22:30,210,THAI,Economy,1060,775,True,338.0,Y,Y,Y,1,7,2,23,Wednesday,False,False,False,Wattay International Airport,VTE
Soekarno–Hatta International Airport,CGK,2024-08-28 23:30,Shanghai Pudong International Airport,PVG,2024-08-29 07:00,390,China Eastern,Economy,1370,740,,423.0,Y,Y,Y,1,8,2,23,Wednesday,False,False,True,Wattay International Airport,VTE
Soekarno–Hatta International Airport,CGK,2024-08-28 09:10,Guangzhou Baiyun International Airport,CAN,2024-08-28 15:25,315,China Southern,Economy,540,70,,469.0,Y,Y,Y,1,8,1,23,Wednesday,False,False,False,Wattay International Airport,VTE
Soekarno–Hatta International Airport,CGK,2024-08-28 21:50,Incheon International Airport,ICN,2024-08-29 07:10,440,Asiana,Economy,1480,710,,664.0,Y,Y,Y,1,10,1,23,Wednesday,False,False,True,Wattay International Airport,VTE
Soekarno–Hatta International Airport,CGK,2024-08-29 18:50,Don Mueang International Airport,DMK,2024-08-29 22:30,220,Indonesia AirAsia,Economy,765,475,True,136.0,Y,N,N,1,7,0,0,Thursday,False,False,False,Wattay International Airport,VTE
Soekarno–Hatta International Airport,CGK,2024-08-29 05:25,Singapore Changi Airport,SIN,2024-08-29 08:10,105,Singapore Airlines,Economy,405,130,,228.0,Y,Y,Y,1,7,1,23,Thursday,False,False,False,Wattay International Airport,VTE
Soekarno–Hatta International Airport,CGK,2024-08-29 12:35,Suvarnabhumi Airport,BKK,2024-08-29 16:05,210,THAI,Economy,430,140,,317.0,Y,Y,Y,1,7,2,23,Thursday,False,False,False,Wattay International Airport,VTE
Soekarno–Hatta International Airport,CGK,2024-08-29 19:00,Suvarnabhumi Airport,BKK,2024-08-29 22:30,210,THAI,Economy,1060,775,True,338.0,Y,Y,Y,1,7,2,23,Thursday,False,False,False,Wattay International Airport,VTE
Soekarno–Hatta International Airport,CGK,2024-08-29 13:15,Guangzhou Baiyun International Airport,CAN,2024-08-29 19:15,300,China Southern,Economy,1735,1280,True,340.0,Y,Y,Y,1,8,1,23,Thursday,False,False,False,Wattay International Airport,VTE
Soekarno–Hatta International Airport,CGK,2024-08-29 23:30,Shanghai Pudong International Airport,PVG,2024-08-30 06:55,385,China Eastern,Economy,1370,745,,423.0,Y,Y,Y,1,8,2,23,Thursday,False,False,True,Wattay International Airport,VTE
Soekarno–Hatta International Airport,CGK,2024-08-29 13:30,Tan Son Nhat International Airport,SGN,2024-08-29 16:40,190,VietJet Air,Economy,1695,1400,True,,Y,N,N,1,7,0,0,Thursday,False,False,False,Wattay International Airport,VTE
Soekarno–Hatta International Airport,CGK,2024-08-30 19:00,Singapore Changi Airport,SIN,2024-08-30 21:50,110,Singapore Airlines,Economy,1030,750,True,249.0,Y,Y,Y,1,7,1,23,Friday,False,False,False,Wattay International Airport,VTE
Soekarno–Hatta International Airport,CGK,2024-08-30 12:35,Suvarnabhumi Airport,BKK,2024-08-30 16:05,210,THAI,Economy,430,140,,317.0,Y,Y,Y,1,7,2,23,Friday,False,False,False,Wattay International Airport,VTE
Soekarno–Hatta International Airport,CGK,2024-08-30 09:10,Guangzhou Baiyun International Airport,CAN,2024-08-30 15:25,315,China Southern,Economy,540,70,,340.0,Y,Y,Y,1,8,1,23,Friday,False,False,False,Wattay International Airport,VTE
Soekarno–Hatta International Airport,CGK,2024-08-30 19:00,Suvarnabhumi Airport,BKK,2024-08-30 22:30,210,THAI,Economy,1060,775,True,338.0,Y,Y,Y,1,7,2,23,Friday,False,False,False,Wattay International Airport,VTE
Soekarno–Hatta International Airport,CGK,2024-08-30 23:30,Shanghai Pudong International Airport,PVG,2024-08-31 07:00,390,China Eastern,Economy,1370,740,,423.0,Y,Y,Y,1,8,2,23,Friday,False,False,True,Wattay International Airport,VTE
Soekarno–Hatta International Airport,CGK,2024-08-30 21:50,Incheon International Airport,ICN,2024-08-31 07:10,440,Asiana,Economy,1480,710,,664.0,Y,Y,Y,1,10,1,23,Friday,False,False,True,Wattay International Airport,VTE
Soekarno–Hatta International Airport,CGK,2024-08-31 05:25,Singapore Changi Airport,SIN,2024-08-31 08:10,105,Singapore Airlines,Economy,405,130,,249.0,Y,Y,Y,1,7,1,23,Saturday,False,False,False,Wattay International Airport,VTE
Soekarno–Hatta International Airport,CGK,2024-08-31 12:35,Suvarnabhumi Airport,BKK,2024-08-31 16:05,210,THAI,Economy,430,140,,317.0,Y,Y,Y,1,7,2,23,Saturday,False,False,False,Wattay International Airport,VTE
Soekarno–Hatta International Airport,CGK,2024-08-31 19:00,Suvarnabhumi Airport,BKK,2024-08-31 22:30,210,THAI,Economy,1060,775,True,338.0,Y,Y,Y,1,7,2,23,Saturday,False,False,False,Wattay International Airport,VTE
Soekarno–Hatta International Airport,CGK,2024-08-31 13:15,Guangzhou Baiyun International Airport,CAN,2024-08-31 19:15,300,China Southern,Economy,1735,1280,True,340.0,Y,Y,Y,1,8,1,23,Saturday,False,False,False,Wattay International Airport,VTE
Soekarno–Hatta International Airport,CGK,2024-08-31 23:30,Shanghai Pudong International Airport,PVG,2024-09-01 06:55,385,China Eastern,Economy,1370,745,,423.0,Y,Y,Y,1,8,2,23,Saturday,False,False,True,Wattay International Airport,VTE
Soekarno–Hatta International Airport,CGK,2024-08-31 21:50,Incheon International Airport,ICN,2024-09-01 07:10,440,Asiana,Economy,1480,710,,653.0,Y,Y,Y,1,10,1,23,Saturday,False,False,True,Wattay International Airport,VTE
Soekarno–Hatta International Airport,CGK,2024-08-31 13:30,Tan Son Nhat International Airport,SGN,2024-08-31 16:40,190,VietJet Air,Economy,1695,1400,True,,Y,N,N,1,7,0,0,Saturday,False,False,False,Wattay International Airport,VTE
