Departure Airport Name,Departure Airport ID,Departure Time,Arrival Airport Name,Arrival Airport ID,Arrival Time,Duration,Airline,Travel Class,Total Duration,Layover,Layover 1 Duration,Layover 1 Overnight,Price, Cabin Baggage, Checked Baggage,Meal Included,Cabin Baggage (Number),Cabin Baggage (kg in total),Checked Baggage (Number),Checked Baggage (kg in total),Day of week (on flight date),Departure Country Is Holiday,Arrival Country Is Holiday,Overnight Flight,Final Arrival Airport Name,Final Arrival Airport ID
Kuala Lumpur International Airport,KUL,2024-08-01 20:45,Soekarno–Hatta International Airport,CGK,2024-08-01 21:55,130,Indonesia AirAsia,Economy,130,N,0,N,47.0,Y,N,N,1,7,0,0,Thursday,False,False,False,Soekarno‚ÄìHatta International Airport,CGK
Kuala Lumpur International Airport,KUL,2024-08-01 14:20,Soekarno–Hatta International Airport,CGK,2024-08-01 15:30,130,Batik Air,Economy,130,N,0,N,52.0,Y,N,N,1,7,0,0,Thursday,False,False,False,Soekarno‚ÄìHatta International Airport,CGK
Kuala Lumpur International Airport,KUL,2024-08-01 17:00,Soekarno–Hatta International Airport,CGK,2024-08-01 18:05,125,KLM,Economy,125,N,0,N,54.0,Y,N,N,2,12,0,0,Thursday,False,False,False,Soekarno‚ÄìHatta International Airport,CGK
Kuala Lumpur International Airport,KUL,2024-08-01 13:55,Soekarno–Hatta International Airport,CGK,2024-08-01 15:05,130,Batik Air,Economy,130,N,0,N,,Y,N,N,1,7,0,0,Thursday,False,False,False,Soekarno‚ÄìHatta International Airport,CGK
Kuala Lumpur International Airport,KUL,2024-08-02 10:05,Soekarno–Hatta International Airport,CGK,2024-08-02 11:10,125,Indonesia AirAsia,Economy,125,N,0,N,47.0,Y,N,N,1,7,0,0,Friday,False,False,False,Soekarno‚ÄìHatta International Airport,CGK
Kuala Lumpur International Airport,KUL,2024-08-02 11:00,Soekarno–Hatta International Airport,CGK,2024-08-02 12:10,130,AirAsia,Economy,130,N,0,N,47.0,Y,N,N,1,7,0,0,Friday,False,False,False,Soekarno‚ÄìHatta International Airport,CGK
Kuala Lumpur International Airport,KUL,2024-08-02 10:20,Soekarno–Hatta International Airport,CGK,2024-08-02 11:30,130,Batik Air,Economy,130,N,0,N,52.0,Y,N,N,1,7,0,0,Friday,False,False,False,Soekarno‚ÄìHatta International Airport,CGK
Kuala Lumpur International Airport,KUL,2024-08-02 17:00,Soekarno–Hatta International Airport,CGK,2024-08-02 18:05,125,KLM,Economy,125,N,0,N,60.0,Y,N,N,2,12,0,0,Friday,False,False,False,Soekarno‚ÄìHatta International Airport,CGK
Kuala Lumpur International Airport,KUL,2024-08-02 13:55,Soekarno–Hatta International Airport,CGK,2024-08-02 15:05,130,Batik Air,Economy,130,N,0,N,,Y,N,N,1,7,0,0,Friday,False,False,False,Soekarno‚ÄìHatta International Airport,CGK
Kuala Lumpur International Airport,KUL,2024-08-03 17:00,Soekarno–Hatta International Airport,CGK,2024-08-03 18:05,125,KLM,Economy,125,N,0,N,42.0,Y,N,N,2,12,0,0,Saturday,False,False,False,Soekarno‚ÄìHatta International Airport,CGK
Kuala Lumpur International Airport,KUL,2024-08-03 13:40,Soekarno–Hatta International Airport,CGK,2024-08-03 14:45,125,Indonesia AirAsia,Economy,125,N,0,N,47.0,Y,N,N,1,7,0,0,Saturday,False,False,False,Soekarno‚ÄìHatta International Airport,CGK
Kuala Lumpur International Airport,KUL,2024-08-03 10:20,Soekarno–Hatta International Airport,CGK,2024-08-03 11:30,130,Batik Air,Economy,130,N,0,N,53.0,Y,N,N,1,7,0,0,Saturday,False,False,False,Soekarno‚ÄìHatta International Airport,CGK
Kuala Lumpur International Airport,KUL,2024-08-03 13:55,Soekarno–Hatta International Airport,CGK,2024-08-03 15:05,130,Batik Air,Economy,130,N,0,N,,Y,N,N,1,7,0,0,Saturday,False,False,False,Soekarno‚ÄìHatta International Airport,CGK
Kuala Lumpur International Airport,KUL,2024-08-04 17:00,Soekarno–Hatta International Airport,CGK,2024-08-04 18:05,125,KLM,Economy,125,N,0,N,42.0,Y,N,N,2,12,0,0,Sunday,False,False,False,Soekarno‚ÄìHatta International Airport,CGK
Kuala Lumpur International Airport,KUL,2024-08-04 08:45,Soekarno–Hatta International Airport,CGK,2024-08-04 10:20,155,TransNusa,Economy,155,N,0,N,44.0,Y,Y,N,1,7,1,15,Sunday,False,False,False,Soekarno‚ÄìHatta International Airport,CGK
Kuala Lumpur International Airport,KUL,2024-08-04 16:20,Soekarno–Hatta International Airport,CGK,2024-08-04 17:40,140,Citilink Indonesia,Economy,140,N,0,N,45.0,Y,N,N,1,7,0,0,Sunday,False,False,False,Soekarno‚ÄìHatta International Airport,CGK
Kuala Lumpur International Airport,KUL,2024-08-04 10:05,Soekarno–Hatta International Airport,CGK,2024-08-04 11:10,125,Indonesia AirAsia,Economy,125,N,0,N,47.0,Y,N,N,1,7,0,0,Sunday,False,False,False,Soekarno‚ÄìHatta International Airport,CGK
Kuala Lumpur International Airport,KUL,2024-08-04 10:20,Soekarno–Hatta International Airport,CGK,2024-08-04 11:30,130,Batik Air,Economy,130,N,0,N,52.0,Y,N,N,1,7,0,0,Sunday,False,False,False,Soekarno‚ÄìHatta International Airport,CGK
Kuala Lumpur International Airport,KUL,2024-08-04 13:55,Soekarno–Hatta International Airport,CGK,2024-08-04 15:05,130,Batik Air,Economy,130,N,0,N,,Y,N,N,1,7,0,0,Sunday,False,False,False,Soekarno‚ÄìHatta International Airport,CGK
Kuala Lumpur International Airport,KUL,2024-08-05 22:45,Soekarno–Hatta International Airport,CGK,2024-08-05 23:55,130,Indonesia AirAsia,Economy,130,N,0,N,37.0,Y,N,N,1,7,0,0,Monday,False,False,False,Soekarno‚ÄìHatta International Airport,CGK
Kuala Lumpur International Airport,KUL,2024-08-05 16:20,Soekarno–Hatta International Airport,CGK,2024-08-05 17:40,140,Citilink Indonesia,Economy,140,N,0,N,45.0,Y,N,N,1,7,0,0,Monday,False,False,False,Soekarno‚ÄìHatta International Airport,CGK
Kuala Lumpur International Airport,KUL,2024-08-05 14:20,Soekarno–Hatta International Airport,CGK,2024-08-05 15:30,130,Batik Air,Economy,130,N,0,N,52.0,Y,N,N,1,7,0,0,Monday,False,False,False,Soekarno‚ÄìHatta International Airport,CGK
Kuala Lumpur International Airport,KUL,2024-08-05 13:55,Soekarno–Hatta International Airport,CGK,2024-08-05 15:05,130,Batik Air,Economy,130,N,0,N,,Y,N,N,1,7,0,0,Monday,False,False,False,Soekarno‚ÄìHatta International Airport,CGK
Kuala Lumpur International Airport,KUL,2024-08-06 17:00,Soekarno–Hatta International Airport,CGK,2024-08-06 18:05,125,KLM,Economy,125,N,0,N,42.0,Y,N,N,2,12,0,0,Tuesday,False,False,False,Soekarno‚ÄìHatta International Airport,CGK
Kuala Lumpur International Airport,KUL,2024-08-06 11:00,Soekarno–Hatta International Airport,CGK,2024-08-06 12:10,130,AirAsia,Economy,130,N,0,N,47.0,Y,N,N,1,7,0,0,Tuesday,False,False,False,Soekarno‚ÄìHatta International Airport,CGK
Kuala Lumpur International Airport,KUL,2024-08-06 13:40,Soekarno–Hatta International Airport,CGK,2024-08-06 14:45,125,Indonesia AirAsia,Economy,125,N,0,N,47.0,Y,N,N,1,7,0,0,Tuesday,False,False,False,Soekarno‚ÄìHatta International Airport,CGK
Kuala Lumpur International Airport,KUL,2024-08-06 14:20,Soekarno–Hatta International Airport,CGK,2024-08-06 15:30,130,Batik Air,Economy,130,N,0,N,52.0,Y,N,N,1,7,0,0,Tuesday,False,False,False,Soekarno‚ÄìHatta International Airport,CGK
Kuala Lumpur International Airport,KUL,2024-08-06 13:55,Soekarno–Hatta International Airport,CGK,2024-08-06 15:05,130,Batik Air,Economy,130,N,0,N,,Y,N,N,1,7,0,0,Tuesday,False,False,False,Soekarno‚ÄìHatta International Airport,CGK
Kuala Lumpur International Airport,KUL,2024-08-07 11:00,Soekarno–Hatta International Airport,CGK,2024-08-07 12:10,130,AirAsia,Economy,130,N,0,N,47.0,Y,N,N,1,7,0,0,Wednesday,False,False,False,Soekarno‚ÄìHatta International Airport,CGK
Kuala Lumpur International Airport,KUL,2024-08-07 13:40,Soekarno–Hatta International Airport,CGK,2024-08-07 14:45,125,Indonesia AirAsia,Economy,125,N,0,N,47.0,Y,N,N,1,7,0,0,Wednesday,False,False,False,Soekarno‚ÄìHatta International Airport,CGK
Kuala Lumpur International Airport,KUL,2024-08-07 10:20,Soekarno–Hatta International Airport,CGK,2024-08-07 11:30,130,Batik Air,Economy,130,N,0,N,53.0,Y,N,N,1,7,0,0,Wednesday,False,False,False,Soekarno‚ÄìHatta International Airport,CGK
Kuala Lumpur International Airport,KUL,2024-08-07 17:50,Soekarno–Hatta International Airport,CGK,2024-08-07 19:05,135,Malaysia Airlines,Economy,135,N,0,N,64.0,Y,Y,Y,1,7,1,10,Wednesday,False,False,False,Soekarno‚ÄìHatta International Airport,CGK
Kuala Lumpur International Airport,KUL,2024-08-07 13:55,Soekarno–Hatta International Airport,CGK,2024-08-07 15:05,130,Batik Air,Economy,130,N,0,N,,Y,N,N,1,7,0,0,Wednesday,False,False,False,Soekarno‚ÄìHatta International Airport,CGK
Kuala Lumpur International Airport,KUL,2024-08-08 17:00,Soekarno–Hatta International Airport,CGK,2024-08-08 18:05,125,KLM,Economy,125,N,0,N,42.0,Y,N,N,2,12,0,0,Thursday,False,False,False,Soekarno‚ÄìHatta International Airport,CGK
Kuala Lumpur International Airport,KUL,2024-08-08 13:40,Soekarno–Hatta International Airport,CGK,2024-08-08 14:45,125,Indonesia AirAsia,Economy,125,N,0,N,47.0,Y,N,N,1,7,0,0,Thursday,False,False,False,Soekarno‚ÄìHatta International Airport,CGK
Kuala Lumpur International Airport,KUL,2024-08-08 14:20,Soekarno–Hatta International Airport,CGK,2024-08-08 15:30,130,Batik Air,Economy,130,N,0,N,52.0,Y,N,N,1,7,0,0,Thursday,False,False,False,Soekarno‚ÄìHatta International Airport,CGK
Kuala Lumpur International Airport,KUL,2024-08-08 13:55,Soekarno–Hatta International Airport,CGK,2024-08-08 15:05,130,Batik Air,Economy,130,N,0,N,,Y,N,N,1,7,0,0,Thursday,False,False,False,Soekarno‚ÄìHatta International Airport,CGK
Kuala Lumpur International Airport,KUL,2024-08-09 10:05,Soekarno–Hatta International Airport,CGK,2024-08-09 11:10,125,Indonesia AirAsia,Economy,125,N,0,N,47.0,Y,N,N,1,7,0,0,Friday,False,False,False,Soekarno‚ÄìHatta International Airport,CGK
Kuala Lumpur International Airport,KUL,2024-08-09 11:00,Soekarno–Hatta International Airport,CGK,2024-08-09 12:10,130,AirAsia,Economy,130,N,0,N,47.0,Y,N,N,1,7,0,0,Friday,False,False,False,Soekarno‚ÄìHatta International Airport,CGK
Kuala Lumpur International Airport,KUL,2024-08-09 10:20,Soekarno–Hatta International Airport,CGK,2024-08-09 11:30,130,Batik Air,Economy,130,N,0,N,52.0,Y,N,N,1,7,0,0,Friday,False,False,False,Soekarno‚ÄìHatta International Airport,CGK
Kuala Lumpur International Airport,KUL,2024-08-09 17:00,Soekarno–Hatta International Airport,CGK,2024-08-09 18:05,125,KLM,Economy,125,N,0,N,60.0,Y,N,N,2,12,0,0,Friday,False,False,False,Soekarno‚ÄìHatta International Airport,CGK
Kuala Lumpur International Airport,KUL,2024-08-09 13:55,Soekarno–Hatta International Airport,CGK,2024-08-09 15:05,130,Batik Air,Economy,130,N,0,N,,Y,N,N,1,7,0,0,Friday,False,False,False,Soekarno‚ÄìHatta International Airport,CGK
Kuala Lumpur International Airport,KUL,2024-08-10 17:00,Soekarno–Hatta International Airport,CGK,2024-08-10 18:05,125,KLM,Economy,125,N,0,N,42.0,Y,N,N,2,12,0,0,Saturday,False,False,False,Soekarno‚ÄìHatta International Airport,CGK
Kuala Lumpur International Airport,KUL,2024-08-10 16:20,Soekarno–Hatta International Airport,CGK,2024-08-10 17:40,140,Citilink Indonesia,Economy,140,N,0,N,45.0,Y,N,N,1,7,0,0,Saturday,False,False,False,Soekarno‚ÄìHatta International Airport,CGK
Kuala Lumpur International Airport,KUL,2024-08-10 10:05,Soekarno–Hatta International Airport,CGK,2024-08-10 11:10,125,Indonesia AirAsia,Economy,125,N,0,N,47.0,Y,N,N,1,7,0,0,Saturday,False,False,False,Soekarno‚ÄìHatta International Airport,CGK
Kuala Lumpur International Airport,KUL,2024-08-10 13:55,Soekarno–Hatta International Airport,CGK,2024-08-10 15:05,130,Batik Air,Economy,130,N,0,N,,Y,N,N,1,7,0,0,Saturday,False,False,False,Soekarno‚ÄìHatta International Airport,CGK
Kuala Lumpur International Airport,KUL,2024-08-11 10:05,Soekarno–Hatta International Airport,CGK,2024-08-11 11:10,125,Indonesia AirAsia,Economy,125,N,0,N,37.0,Y,N,N,1,7,0,0,Sunday,False,False,False,Soekarno‚ÄìHatta International Airport,CGK
Kuala Lumpur International Airport,KUL,2024-08-11 11:00,Soekarno–Hatta International Airport,CGK,2024-08-11 12:10,130,AirAsia,Economy,130,N,0,N,37.0,Y,N,N,1,7,0,0,Sunday,False,False,False,Soekarno‚ÄìHatta International Airport,CGK
Kuala Lumpur International Airport,KUL,2024-08-11 17:00,Soekarno–Hatta International Airport,CGK,2024-08-11 18:05,125,KLM,Economy,125,N,0,N,42.0,Y,N,N,2,12,0,0,Sunday,False,False,False,Soekarno‚ÄìHatta International Airport,CGK
Kuala Lumpur International Airport,KUL,2024-08-11 13:55,Soekarno–Hatta International Airport,CGK,2024-08-11 15:05,130,Batik Air,Economy,130,N,0,N,,Y,N,N,1,7,0,0,Sunday,False,False,False,Soekarno‚ÄìHatta International Airport,CGK
Kuala Lumpur International Airport,KUL,2024-08-12 16:20,Soekarno–Hatta International Airport,CGK,2024-08-12 17:40,140,Citilink Indonesia,Economy,140,N,0,N,45.0,Y,N,N,1,7,0,0,Monday,False,False,False,Soekarno‚ÄìHatta International Airport,CGK
Kuala Lumpur International Airport,KUL,2024-08-12 13:40,Soekarno–Hatta International Airport,CGK,2024-08-12 14:45,125,Indonesia AirAsia,Economy,125,N,0,N,47.0,Y,N,N,1,7,0,0,Monday,False,False,False,Soekarno‚ÄìHatta International Airport,CGK
Kuala Lumpur International Airport,KUL,2024-08-12 10:20,Soekarno–Hatta International Airport,CGK,2024-08-12 11:30,130,Batik Air,Economy,130,N,0,N,52.0,Y,N,N,1,7,0,0,Monday,False,False,False,Soekarno‚ÄìHatta International Airport,CGK
Kuala Lumpur International Airport,KUL,2024-08-12 13:55,Soekarno–Hatta International Airport,CGK,2024-08-12 15:05,130,Batik Air,Economy,130,N,0,N,,Y,N,N,1,7,0,0,Monday,False,False,False,Soekarno‚ÄìHatta International Airport,CGK
Kuala Lumpur International Airport,KUL,2024-08-13 17:00,Soekarno–Hatta International Airport,CGK,2024-08-13 18:05,125,KLM,Economy,125,N,0,N,42.0,Y,N,N,2,12,0,0,Tuesday,False,False,False,Soekarno‚ÄìHatta International Airport,CGK
Kuala Lumpur International Airport,KUL,2024-08-13 11:00,Soekarno–Hatta International Airport,CGK,2024-08-13 12:10,130,AirAsia,Economy,130,N,0,N,47.0,Y,N,N,1,7,0,0,Tuesday,False,False,False,Soekarno‚ÄìHatta International Airport,CGK
Kuala Lumpur International Airport,KUL,2024-08-13 13:40,Soekarno–Hatta International Airport,CGK,2024-08-13 14:45,125,Indonesia AirAsia,Economy,125,N,0,N,47.0,Y,N,N,1,7,0,0,Tuesday,False,False,False,Soekarno‚ÄìHatta International Airport,CGK
Kuala Lumpur International Airport,KUL,2024-08-13 10:20,Soekarno–Hatta International Airport,CGK,2024-08-13 11:30,130,Batik Air,Economy,130,N,0,N,53.0,Y,N,N,1,7,0,0,Tuesday,False,False,False,Soekarno‚ÄìHatta International Airport,CGK
Kuala Lumpur International Airport,KUL,2024-08-13 13:55,Soekarno–Hatta International Airport,CGK,2024-08-13 15:05,130,Batik Air,Economy,130,N,0,N,,Y,N,N,1,7,0,0,Tuesday,False,False,False,Soekarno‚ÄìHatta International Airport,CGK
Kuala Lumpur International Airport,KUL,2024-08-14 16:20,Soekarno–Hatta International Airport,CGK,2024-08-14 17:40,140,Citilink Indonesia,Economy,140,N,0,N,45.0,Y,N,N,1,7,0,0,Wednesday,False,False,False,Soekarno‚ÄìHatta International Airport,CGK
Kuala Lumpur International Airport,KUL,2024-08-14 16:50,Soekarno–Hatta International Airport,CGK,2024-08-14 18:00,130,Indonesia AirAsia,Economy,130,N,0,N,47.0,Y,N,N,1,7,0,0,Wednesday,False,False,False,Soekarno‚ÄìHatta International Airport,CGK
Kuala Lumpur International Airport,KUL,2024-08-14 14:20,Soekarno–Hatta International Airport,CGK,2024-08-14 15:30,130,Batik Air,Economy,130,N,0,N,52.0,Y,N,N,1,7,0,0,Wednesday,False,False,False,Soekarno‚ÄìHatta International Airport,CGK
Kuala Lumpur International Airport,KUL,2024-08-14 13:55,Soekarno–Hatta International Airport,CGK,2024-08-14 15:05,130,Batik Air,Economy,130,N,0,N,,Y,N,N,1,7,0,0,Wednesday,False,False,False,Soekarno‚ÄìHatta International Airport,CGK
Kuala Lumpur International Airport,KUL,2024-08-15 16:20,Soekarno–Hatta International Airport,CGK,2024-08-15 17:40,140,Citilink Indonesia,Economy,140,N,0,N,45.0,Y,N,N,1,7,0,0,Thursday,False,False,False,Soekarno‚ÄìHatta International Airport,CGK
Kuala Lumpur International Airport,KUL,2024-08-15 11:00,Soekarno–Hatta International Airport,CGK,2024-08-15 12:10,130,AirAsia,Economy,130,N,0,N,47.0,Y,N,N,1,7,0,0,Thursday,False,False,False,Soekarno‚ÄìHatta International Airport,CGK
Kuala Lumpur International Airport,KUL,2024-08-15 13:40,Soekarno–Hatta International Airport,CGK,2024-08-15 14:45,125,Indonesia AirAsia,Economy,125,N,0,N,47.0,Y,N,N,1,7,0,0,Thursday,False,False,False,Soekarno‚ÄìHatta International Airport,CGK
Kuala Lumpur International Airport,KUL,2024-08-15 10:20,Soekarno–Hatta International Airport,CGK,2024-08-15 11:30,130,Batik Air,Economy,130,N,0,N,53.0,Y,N,N,1,7,0,0,Thursday,False,False,False,Soekarno‚ÄìHatta International Airport,CGK
Kuala Lumpur International Airport,KUL,2024-08-15 13:55,Soekarno–Hatta International Airport,CGK,2024-08-15 15:05,130,Batik Air,Economy,130,N,0,N,,Y,N,N,1,7,0,0,Thursday,False,False,False,Soekarno‚ÄìHatta International Airport,CGK
Kuala Lumpur International Airport,KUL,2024-08-16 10:05,Soekarno–Hatta International Airport,CGK,2024-08-16 11:10,125,Indonesia AirAsia,Economy,125,N,0,N,47.0,Y,N,N,1,7,0,0,Friday,False,False,False,Soekarno‚ÄìHatta International Airport,CGK
Kuala Lumpur International Airport,KUL,2024-08-16 11:00,Soekarno–Hatta International Airport,CGK,2024-08-16 12:10,130,AirAsia,Economy,130,N,0,N,47.0,Y,N,N,1,7,0,0,Friday,False,False,False,Soekarno‚ÄìHatta International Airport,CGK
Kuala Lumpur International Airport,KUL,2024-08-16 14:20,Soekarno–Hatta International Airport,CGK,2024-08-16 15:30,130,Batik Air,Economy,130,N,0,N,52.0,Y,N,N,1,7,0,0,Friday,False,False,False,Soekarno‚ÄìHatta International Airport,CGK
Kuala Lumpur International Airport,KUL,2024-08-16 17:00,Soekarno–Hatta International Airport,CGK,2024-08-16 18:05,125,KLM,Economy,125,N,0,N,60.0,Y,N,N,2,12,0,0,Friday,False,False,False,Soekarno‚ÄìHatta International Airport,CGK
Kuala Lumpur International Airport,KUL,2024-08-16 13:55,Soekarno–Hatta International Airport,CGK,2024-08-16 15:05,130,Batik Air,Economy,130,N,0,N,,Y,N,N,1,7,0,0,Friday,False,False,False,Soekarno‚ÄìHatta International Airport,CGK
Kuala Lumpur International Airport,KUL,2024-08-17 06:55,Soekarno–Hatta International Airport,CGK,2024-08-17 08:05,130,AirAsia,Economy,130,N,0,N,47.0,Y,N,N,1,7,0,0,Saturday,False,True,False,Soekarno‚ÄìHatta International Airport,CGK
Kuala Lumpur International Airport,KUL,2024-08-17 08:30,Soekarno–Hatta International Airport,CGK,2024-08-17 09:40,130,Indonesia AirAsia,Economy,130,N,0,N,47.0,Y,N,N,1,7,0,0,Saturday,False,True,False,Soekarno‚ÄìHatta International Airport,CGK
Kuala Lumpur International Airport,KUL,2024-08-17 10:20,Soekarno–Hatta International Airport,CGK,2024-08-17 11:30,130,Batik Air,Economy,130,N,0,N,58.0,Y,N,N,1,7,0,0,Saturday,False,True,False,Soekarno‚ÄìHatta International Airport,CGK
Kuala Lumpur International Airport,KUL,2024-08-17 07:25,Soekarno–Hatta International Airport,CGK,2024-08-17 08:30,125,Malaysia Airlines,Economy,125,N,0,N,64.0,Y,Y,Y,1,7,1,10,Saturday,False,True,False,Soekarno‚ÄìHatta International Airport,CGK
Kuala Lumpur International Airport,KUL,2024-08-17 13:55,Soekarno–Hatta International Airport,CGK,2024-08-17 15:05,130,Batik Air,Economy,130,N,0,N,,Y,N,N,1,7,0,0,Saturday,False,True,False,Soekarno‚ÄìHatta International Airport,CGK
Kuala Lumpur International Airport,KUL,2024-08-18 06:55,Soekarno–Hatta International Airport,CGK,2024-08-18 08:05,130,AirAsia,Economy,130,N,0,N,47.0,Y,N,N,1,7,0,0,Sunday,False,False,False,Soekarno‚ÄìHatta International Airport,CGK
Kuala Lumpur International Airport,KUL,2024-08-18 10:05,Soekarno–Hatta International Airport,CGK,2024-08-18 11:10,125,Indonesia AirAsia,Economy,125,N,0,N,58.0,Y,N,N,1,7,0,0,Sunday,False,False,False,Soekarno‚ÄìHatta International Airport,CGK
Kuala Lumpur International Airport,KUL,2024-08-18 10:20,Soekarno–Hatta International Airport,CGK,2024-08-18 11:30,130,Batik Air,Economy,130,N,0,N,58.0,Y,N,N,1,7,0,0,Sunday,False,False,False,Soekarno‚ÄìHatta International Airport,CGK
Kuala Lumpur International Airport,KUL,2024-08-18 07:25,Soekarno–Hatta International Airport,CGK,2024-08-18 08:30,125,Malaysia Airlines,Economy,125,N,0,N,64.0,Y,Y,Y,1,7,1,10,Sunday,False,False,False,Soekarno‚ÄìHatta International Airport,CGK
Kuala Lumpur International Airport,KUL,2024-08-18 13:55,Soekarno–Hatta International Airport,CGK,2024-08-18 15:05,130,Batik Air,Economy,130,N,0,N,,Y,N,N,1,7,0,0,Sunday,False,False,False,Soekarno‚ÄìHatta International Airport,CGK
Kuala Lumpur International Airport,KUL,2024-08-19 11:00,Soekarno–Hatta International Airport,CGK,2024-08-19 12:10,130,AirAsia,Economy,130,N,0,N,47.0,Y,N,N,1,7,0,0,Monday,False,False,False,Soekarno‚ÄìHatta International Airport,CGK
Kuala Lumpur International Airport,KUL,2024-08-19 13:40,Soekarno–Hatta International Airport,CGK,2024-08-19 14:45,125,Indonesia AirAsia,Economy,125,N,0,N,47.0,Y,N,N,1,7,0,0,Monday,False,False,False,Soekarno‚ÄìHatta International Airport,CGK
Kuala Lumpur International Airport,KUL,2024-08-19 10:20,Soekarno–Hatta International Airport,CGK,2024-08-19 11:30,130,Batik Air,Economy,130,N,0,N,53.0,Y,N,N,1,7,0,0,Monday,False,False,False,Soekarno‚ÄìHatta International Airport,CGK
Kuala Lumpur International Airport,KUL,2024-08-19 13:55,Soekarno–Hatta International Airport,CGK,2024-08-19 15:05,130,Batik Air,Economy,130,N,0,N,,Y,N,N,1,7,0,0,Monday,False,False,False,Soekarno‚ÄìHatta International Airport,CGK
Kuala Lumpur International Airport,KUL,2024-08-20 17:00,Soekarno–Hatta International Airport,CGK,2024-08-20 18:05,125,KLM,Economy,125,N,0,N,42.0,Y,N,N,2,12,0,0,Tuesday,False,False,False,Soekarno‚ÄìHatta International Airport,CGK
Kuala Lumpur International Airport,KUL,2024-08-20 11:00,Soekarno–Hatta International Airport,CGK,2024-08-20 12:10,130,AirAsia,Economy,130,N,0,N,47.0,Y,N,N,1,7,0,0,Tuesday,False,False,False,Soekarno‚ÄìHatta International Airport,CGK
Kuala Lumpur International Airport,KUL,2024-08-20 13:40,Soekarno–Hatta International Airport,CGK,2024-08-20 14:45,125,Indonesia AirAsia,Economy,125,N,0,N,47.0,Y,N,N,1,7,0,0,Tuesday,False,False,False,Soekarno‚ÄìHatta International Airport,CGK
Kuala Lumpur International Airport,KUL,2024-08-20 14:20,Soekarno–Hatta International Airport,CGK,2024-08-20 15:30,130,Batik Air,Economy,130,N,0,N,52.0,Y,N,N,1,7,0,0,Tuesday,False,False,False,Soekarno‚ÄìHatta International Airport,CGK
Kuala Lumpur International Airport,KUL,2024-08-20 13:55,Soekarno–Hatta International Airport,CGK,2024-08-20 15:05,130,Batik Air,Economy,130,N,0,N,,Y,N,N,1,7,0,0,Tuesday,False,False,False,Soekarno‚ÄìHatta International Airport,CGK
Kuala Lumpur International Airport,KUL,2024-08-21 11:00,Soekarno–Hatta International Airport,CGK,2024-08-21 12:10,130,AirAsia,Economy,130,N,0,N,47.0,Y,N,N,1,7,0,0,Wednesday,False,False,False,Soekarno‚ÄìHatta International Airport,CGK
Kuala Lumpur International Airport,KUL,2024-08-21 13:40,Soekarno–Hatta International Airport,CGK,2024-08-21 14:45,125,Indonesia AirAsia,Economy,125,N,0,N,47.0,Y,N,N,1,7,0,0,Wednesday,False,False,False,Soekarno‚ÄìHatta International Airport,CGK
Kuala Lumpur International Airport,KUL,2024-08-21 10:20,Soekarno–Hatta International Airport,CGK,2024-08-21 11:30,130,Batik Air,Economy,130,N,0,N,53.0,Y,N,N,1,7,0,0,Wednesday,False,False,False,Soekarno‚ÄìHatta International Airport,CGK
Kuala Lumpur International Airport,KUL,2024-08-21 13:55,Soekarno–Hatta International Airport,CGK,2024-08-21 15:05,130,Batik Air,Economy,130,N,0,N,,Y,N,N,1,7,0,0,Wednesday,False,False,False,Soekarno‚ÄìHatta International Airport,CGK
Kuala Lumpur International Airport,KUL,2024-08-22 11:00,Soekarno–Hatta International Airport,CGK,2024-08-22 12:10,130,AirAsia,Economy,130,N,0,N,47.0,Y,N,N,1,7,0,0,Thursday,False,False,False,Soekarno‚ÄìHatta International Airport,CGK
Kuala Lumpur International Airport,KUL,2024-08-22 13:40,Soekarno–Hatta International Airport,CGK,2024-08-22 14:45,125,Indonesia AirAsia,Economy,125,N,0,N,47.0,Y,N,N,1,7,0,0,Thursday,False,False,False,Soekarno‚ÄìHatta International Airport,CGK
Kuala Lumpur International Airport,KUL,2024-08-22 10:20,Soekarno–Hatta International Airport,CGK,2024-08-22 11:30,130,Batik Air,Economy,130,N,0,N,52.0,Y,N,N,1,7,0,0,Thursday,False,False,False,Soekarno‚ÄìHatta International Airport,CGK
Kuala Lumpur International Airport,KUL,2024-08-22 17:00,Soekarno–Hatta International Airport,CGK,2024-08-22 18:05,125,KLM,Economy,125,N,0,N,66.0,Y,N,N,2,12,0,0,Thursday,False,False,False,Soekarno‚ÄìHatta International Airport,CGK
Kuala Lumpur International Airport,KUL,2024-08-22 13:55,Soekarno–Hatta International Airport,CGK,2024-08-22 15:05,130,Batik Air,Economy,130,N,0,N,,Y,N,N,1,7,0,0,Thursday,False,False,False,Soekarno‚ÄìHatta International Airport,CGK
Kuala Lumpur International Airport,KUL,2024-08-23 08:30,Soekarno–Hatta International Airport,CGK,2024-08-23 09:40,130,Indonesia AirAsia,Economy,130,N,0,N,47.0,Y,N,N,1,7,0,0,Friday,False,False,False,Soekarno‚ÄìHatta International Airport,CGK
Kuala Lumpur International Airport,KUL,2024-08-23 11:00,Soekarno–Hatta International Airport,CGK,2024-08-23 12:10,130,AirAsia,Economy,130,N,0,N,47.0,Y,N,N,1,7,0,0,Friday,False,False,False,Soekarno‚ÄìHatta International Airport,CGK
Kuala Lumpur International Airport,KUL,2024-08-23 20:30,Soekarno–Hatta International Airport,CGK,2024-08-23 21:35,125,Batik Air,Economy,125,N,0,N,58.0,Y,N,N,1,7,0,0,Friday,False,False,False,Soekarno‚ÄìHatta International Airport,CGK
Kuala Lumpur International Airport,KUL,2024-08-23 07:25,Soekarno–Hatta International Airport,CGK,2024-08-23 08:30,125,Malaysia Airlines,Economy,125,N,0,N,64.0,Y,Y,Y,1,7,1,10,Friday,False,False,False,Soekarno‚ÄìHatta International Airport,CGK
Kuala Lumpur International Airport,KUL,2024-08-23 13:55,Soekarno–Hatta International Airport,CGK,2024-08-23 15:05,130,Batik Air,Economy,130,N,0,N,,Y,N,N,1,7,0,0,Friday,False,False,False,Soekarno‚ÄìHatta International Airport,CGK
Kuala Lumpur International Airport,KUL,2024-08-24 10:05,Soekarno–Hatta International Airport,CGK,2024-08-24 11:10,125,Indonesia AirAsia,Economy,125,N,0,N,47.0,Y,N,N,1,7,0,0,Saturday,False,False,False,Soekarno‚ÄìHatta International Airport,CGK
Kuala Lumpur International Airport,KUL,2024-08-24 12:50,Soekarno–Hatta International Airport,CGK,2024-08-24 14:00,130,AirAsia,Economy,130,N,0,N,47.0,Y,N,N,1,7,0,0,Saturday,False,False,False,Soekarno‚ÄìHatta International Airport,CGK
Kuala Lumpur International Airport,KUL,2024-08-24 10:20,Soekarno–Hatta International Airport,CGK,2024-08-24 11:30,130,Batik Air,Economy,130,N,0,N,58.0,Y,N,N,1,7,0,0,Saturday,False,False,False,Soekarno‚ÄìHatta International Airport,CGK
Kuala Lumpur International Airport,KUL,2024-08-24 07:25,Soekarno–Hatta International Airport,CGK,2024-08-24 08:30,125,Malaysia Airlines,Economy,125,N,0,N,64.0,Y,Y,Y,1,7,1,10,Saturday,False,False,False,Soekarno‚ÄìHatta International Airport,CGK
Kuala Lumpur International Airport,KUL,2024-08-24 17:00,Soekarno–Hatta International Airport,CGK,2024-08-24 18:05,125,KLM,Economy,125,N,0,N,66.0,Y,N,N,2,12,0,0,Saturday,False,False,False,Soekarno‚ÄìHatta International Airport,CGK
Kuala Lumpur International Airport,KUL,2024-08-24 13:55,Soekarno–Hatta International Airport,CGK,2024-08-24 15:05,130,Batik Air,Economy,130,N,0,N,,Y,N,N,1,7,0,0,Saturday,False,False,False,Soekarno‚ÄìHatta International Airport,CGK
Kuala Lumpur International Airport,KUL,2024-08-25 10:05,Soekarno–Hatta International Airport,CGK,2024-08-25 11:10,125,Indonesia AirAsia,Economy,125,N,0,N,47.0,Y,N,N,1,7,0,0,Sunday,False,False,False,Soekarno‚ÄìHatta International Airport,CGK
Kuala Lumpur International Airport,KUL,2024-08-25 11:00,Soekarno–Hatta International Airport,CGK,2024-08-25 12:10,130,AirAsia,Economy,130,N,0,N,47.0,Y,N,N,1,7,0,0,Sunday,False,False,False,Soekarno‚ÄìHatta International Airport,CGK
Kuala Lumpur International Airport,KUL,2024-08-25 10:20,Soekarno–Hatta International Airport,CGK,2024-08-25 11:30,130,Batik Air,Economy,130,N,0,N,52.0,Y,N,N,1,7,0,0,Sunday,False,False,False,Soekarno‚ÄìHatta International Airport,CGK
Kuala Lumpur International Airport,KUL,2024-08-25 07:25,Soekarno–Hatta International Airport,CGK,2024-08-25 08:30,125,Malaysia Airlines,Economy,125,N,0,N,64.0,Y,Y,Y,1,7,1,10,Sunday,False,False,False,Soekarno‚ÄìHatta International Airport,CGK
Kuala Lumpur International Airport,KUL,2024-08-25 13:55,Soekarno–Hatta International Airport,CGK,2024-08-25 15:05,130,Batik Air,Economy,130,N,0,N,,Y,N,N,1,7,0,0,Sunday,False,False,False,Soekarno‚ÄìHatta International Airport,CGK
Kuala Lumpur International Airport,KUL,2024-08-26 11:00,Soekarno–Hatta International Airport,CGK,2024-08-26 12:10,130,AirAsia,Economy,130,N,0,N,47.0,Y,N,N,1,7,0,0,Monday,False,False,False,Soekarno‚ÄìHatta International Airport,CGK
Kuala Lumpur International Airport,KUL,2024-08-26 13:40,Soekarno–Hatta International Airport,CGK,2024-08-26 14:45,125,Indonesia AirAsia,Economy,125,N,0,N,47.0,Y,N,N,1,7,0,0,Monday,False,False,False,Soekarno‚ÄìHatta International Airport,CGK
Kuala Lumpur International Airport,KUL,2024-08-26 10:20,Soekarno–Hatta International Airport,CGK,2024-08-26 11:30,130,Batik Air,Economy,130,N,0,N,53.0,Y,N,N,1,7,0,0,Monday,False,False,False,Soekarno‚ÄìHatta International Airport,CGK
Kuala Lumpur International Airport,KUL,2024-08-26 13:55,Soekarno–Hatta International Airport,CGK,2024-08-26 15:05,130,Batik Air,Economy,130,N,0,N,,Y,N,N,1,7,0,0,Monday,False,False,False,Soekarno‚ÄìHatta International Airport,CGK
Kuala Lumpur International Airport,KUL,2024-08-27 11:00,Soekarno–Hatta International Airport,CGK,2024-08-27 12:10,130,AirAsia,Economy,130,N,0,N,47.0,Y,N,N,1,7,0,0,Tuesday,False,False,False,Soekarno‚ÄìHatta International Airport,CGK
Kuala Lumpur International Airport,KUL,2024-08-27 13:40,Soekarno–Hatta International Airport,CGK,2024-08-27 14:45,125,Indonesia AirAsia,Economy,125,N,0,N,47.0,Y,N,N,1,7,0,0,Tuesday,False,False,False,Soekarno‚ÄìHatta International Airport,CGK
Kuala Lumpur International Airport,KUL,2024-08-27 10:20,Soekarno–Hatta International Airport,CGK,2024-08-27 11:30,130,Batik Air,Economy,130,N,0,N,52.0,Y,N,N,1,7,0,0,Tuesday,False,False,False,Soekarno‚ÄìHatta International Airport,CGK
Kuala Lumpur International Airport,KUL,2024-08-27 13:55,Soekarno–Hatta International Airport,CGK,2024-08-27 15:05,130,Batik Air,Economy,130,N,0,N,,Y,N,N,1,7,0,0,Tuesday,False,False,False,Soekarno‚ÄìHatta International Airport,CGK
Kuala Lumpur International Airport,KUL,2024-08-28 11:00,Soekarno–Hatta International Airport,CGK,2024-08-28 12:10,130,AirAsia,Economy,130,N,0,N,47.0,Y,N,N,1,7,0,0,Wednesday,False,False,False,Soekarno‚ÄìHatta International Airport,CGK
Kuala Lumpur International Airport,KUL,2024-08-28 13:40,Soekarno–Hatta International Airport,CGK,2024-08-28 14:45,125,Indonesia AirAsia,Economy,125,N,0,N,47.0,Y,N,N,1,7,0,0,Wednesday,False,False,False,Soekarno‚ÄìHatta International Airport,CGK
Kuala Lumpur International Airport,KUL,2024-08-28 20:30,Soekarno–Hatta International Airport,CGK,2024-08-28 21:35,125,Batik Air,Economy,125,N,0,N,52.0,Y,N,N,1,7,0,0,Wednesday,False,False,False,Soekarno‚ÄìHatta International Airport,CGK
Kuala Lumpur International Airport,KUL,2024-08-28 13:55,Soekarno–Hatta International Airport,CGK,2024-08-28 15:05,130,Batik Air,Economy,130,N,0,N,,Y,N,N,1,7,0,0,Wednesday,False,False,False,Soekarno‚ÄìHatta International Airport,CGK
Kuala Lumpur International Airport,KUL,2024-08-29 10:05,Soekarno–Hatta International Airport,CGK,2024-08-29 11:10,125,Indonesia AirAsia,Economy,125,N,0,N,47.0,Y,N,N,1,7,0,0,Thursday,False,False,False,Soekarno‚ÄìHatta International Airport,CGK
Kuala Lumpur International Airport,KUL,2024-08-29 10:20,Soekarno–Hatta International Airport,CGK,2024-08-29 11:30,130,Batik Air,Economy,130,N,0,N,53.0,Y,N,N,1,7,0,0,Thursday,False,False,False,Soekarno‚ÄìHatta International Airport,CGK
Kuala Lumpur International Airport,KUL,2024-08-29 17:00,Soekarno–Hatta International Airport,CGK,2024-08-29 18:05,125,KLM,Economy,125,N,0,N,66.0,Y,N,N,2,12,0,0,Thursday,False,False,False,Soekarno‚ÄìHatta International Airport,CGK
Kuala Lumpur International Airport,KUL,2024-08-29 13:55,Soekarno–Hatta International Airport,CGK,2024-08-29 15:05,130,Batik Air,Economy,130,N,0,N,,Y,N,N,1,7,0,0,Thursday,False,False,False,Soekarno‚ÄìHatta International Airport,CGK
Kuala Lumpur International Airport,KUL,2024-08-30 06:55,Soekarno–Hatta International Airport,CGK,2024-08-30 08:05,130,AirAsia,Economy,130,N,0,N,58.0,Y,N,N,1,7,0,0,Friday,False,False,False,Soekarno‚ÄìHatta International Airport,CGK
Kuala Lumpur International Airport,KUL,2024-08-30 10:20,Soekarno–Hatta International Airport,CGK,2024-08-30 11:30,130,Batik Air,Economy,130,N,0,N,64.0,Y,N,N,1,7,0,0,Friday,False,False,False,Soekarno‚ÄìHatta International Airport,CGK
Kuala Lumpur International Airport,KUL,2024-08-30 10:05,Soekarno–Hatta International Airport,CGK,2024-08-30 11:10,125,Indonesia AirAsia,Economy,125,N,0,N,73.0,Y,N,N,1,7,0,0,Friday,False,False,False,Soekarno‚ÄìHatta International Airport,CGK
Kuala Lumpur International Airport,KUL,2024-08-30 13:55,Soekarno–Hatta International Airport,CGK,2024-08-30 15:05,130,Batik Air,Economy,130,N,0,N,,Y,N,N,1,7,0,0,Friday,False,False,False,Soekarno‚ÄìHatta International Airport,CGK
Kuala Lumpur International Airport,KUL,2024-08-31 11:00,Soekarno–Hatta International Airport,CGK,2024-08-31 12:10,130,AirAsia,Economy,130,N,0,N,44.0,Y,N,N,1,7,0,0,Saturday,True,False,False,Soekarno‚ÄìHatta International Airport,CGK
Kuala Lumpur International Airport,KUL,2024-08-31 13:40,Soekarno–Hatta International Airport,CGK,2024-08-31 14:45,125,Indonesia AirAsia,Economy,125,N,0,N,44.0,Y,N,N,1,7,0,0,Saturday,True,False,False,Soekarno‚ÄìHatta International Airport,CGK
Kuala Lumpur International Airport,KUL,2024-08-31 14:30,Soekarno–Hatta International Airport,CGK,2024-08-31  15:30,120,TransNusa,Economy,120,N,0,N,52.0,Y,Y,N,1,7,1,15,Saturday,True,False,False,Soekarno‚ÄìHatta International Airport,CGK
Kuala Lumpur International Airport,KUL,2024-08-31 13:55,Soekarno–Hatta International Airport,CGK,2024-08-31 15:05,130,Batik Air,Economy,130,N,0,N,,Y,N,N,1,7,0,0,Saturday,True,False,False,Soekarno‚ÄìHatta International Airport,CGK
