Departure Airport Name,Departure Airport ID,Departure Time,Arrival Airport Name,Arrival Airport ID,Arrival Time,Duration,Airline,Travel Class,Total Duration,Layover,Layover 1 Duration,Layover 1 Overnight,Price, Cabin Baggage, Checked Baggage,Meal Included,Cabin Baggage (Number),Cabin Baggage (kg in total),Checked Baggage (Number),Checked Baggage (kg in total),Final Arrival Airport Name,Final Arrival Airport ID,Day of week (on flight date),Departure Country Is Holiday,Arrival Country Is Holiday,Overnight Flight
Kuala Lumpur International Airport,KUL,2024-07-01 17:45,Don Mueang International Airport,DMK,2024-07-01 19:05,140,Thai AirAsia,Economy,890,Y,680.0,True,99,Y,N,N,1,7,0,0,Wattay International Airport,VTE,Monday,False,False,False
Kuala Lumpur International Airport,KUL,2024-07-01 08:20,Don Mueang International Airport,DMK,2024-07-01 09:30,130,AirAsia,Economy,360,Y,160.0,,112,Y,N,N,1,7,0,0,Wattay International Airport,VTE,Monday,False,False,False
Kuala Lumpur International Airport,KUL,2024-07-01 13:20,Suvarnabhumi Airport,BKK,2024-07-01 14:30,130,THAI,Economy,445,Y,235.0,,241,Y,Y,N,1,7,1,25,Wattay International Airport,VTE,Monday,False,False,False
Kuala Lumpur International Airport,KUL,2024-07-02 07:10,Wattay International Airport,VTE,2024-07-02 08:50,160,AirAsia,Economy,160,N,,,86,Y,N,N,1,7,0,0,Wattay International Airport,VTE,Tuesday,False,False,False
Kuala Lumpur International Airport,KUL,2024-07-02 08:20,Don Mueang International Airport,DMK,2024-07-02 09:30,130,AirAsia,Economy,360,Y,160.0,,121,Y,N,N,1,7,0,0,Wattay International Airport,VTE,Tuesday,False,False,False
Kuala Lumpur International Airport,KUL,2024-07-02 13:20,Suvarnabhumi Airport,BKK,2024-07-02 14:30,130,THAI,Economy,445,Y,235.0,,241,Y,Y,N,1,7,1,25,Wattay International Airport,VTE,Tuesday,False,False,False
Kuala Lumpur International Airport,KUL,2024-07-03 19:35,Don Mueang International Airport,DMK,2024-07-03 20:50,135,AirAsia,Economy,780,Y,575.0,True,99,Y,N,N,1,7,0,0,Wattay International Airport,VTE,Wednesday,False,False,False
Kuala Lumpur International Airport,KUL,2024-07-03 17:45,Don Mueang International Airport,DMK,2024-07-03 19:05,140,Thai AirAsia,Economy,890,Y,680.0,True,107,Y,N,N,1,7,0,0,Wattay International Airport,VTE,Wednesday,False,False,False
Kuala Lumpur International Airport,KUL,2024-07-03 08:20,Don Mueang International Airport,DMK,2024-07-03 09:30,130,AirAsia,Economy,360,Y,160.0,,115,Y,N,N,1,7,0,0,Wattay International Airport,VTE,Wednesday,False,False,False
Kuala Lumpur International Airport,KUL,2024-07-03 13:20,Suvarnabhumi Airport,BKK,2024-07-03 14:30,130,THAI,Economy,445,Y,235.0,,241,Y,Y,N,1,7,1,25,Wattay International Airport,VTE,Wednesday,False,False,False
Kuala Lumpur International Airport,KUL,2024-07-03 08:55,Guangzhou Baiyun International Airport,CAN,2024-07-03 12:55,240,China Southern,Economy,615,Y,220.0,,306,Y,Y,Y,1,8,1,23,Wattay International Airport,VTE,Wednesday,False,False,False
Kuala Lumpur International Airport,KUL,2024-07-04 17:45,Don Mueang International Airport,DMK,2024-07-04 19:05,140,Thai AirAsia,Economy,890,Y,680.0,True,99,Y,N,N,1,7,0,0,Wattay International Airport,VTE,Thursday,False,False,False
Kuala Lumpur International Airport,KUL,2024-07-04 19:35,Don Mueang International Airport,DMK,2024-07-04 20:50,135,AirAsia,Economy,780,Y,575.0,True,99,Y,N,N,1,7,0,0,Wattay International Airport,VTE,Thursday,False,False,False
Kuala Lumpur International Airport,KUL,2024-07-04 08:20,Don Mueang International Airport,DMK,2024-07-04 09:30,130,AirAsia,Economy,360,Y,160.0,,135,Y,N,N,1,7,0,0,Wattay International Airport,VTE,Thursday,False,False,False
Kuala Lumpur International Airport,KUL,2024-07-04 13:20,Suvarnabhumi Airport,BKK,2024-07-04 14:30,130,THAI,Economy,445,Y,235.0,,241,Y,Y,N,1,7,1,25,Wattay International Airport,VTE,Thursday,False,False,False
Kuala Lumpur International Airport,KUL,2024-07-05 19:35,Don Mueang International Airport,DMK,2024-07-05 20:50,135,AirAsia,Economy,780,Y,575.0,True,107,Y,N,N,1,7,0,0,Wattay International Airport,VTE,Friday,False,False,False
Kuala Lumpur International Airport,KUL,2024-07-05 17:45,Don Mueang International Airport,DMK,2024-07-05 19:05,140,Thai AirAsia,Economy,890,Y,680.0,True,116,Y,N,N,1,7,0,0,Wattay International Airport,VTE,Friday,False,False,False
Kuala Lumpur International Airport,KUL,2024-07-05 08:20,Don Mueang International Airport,DMK,2024-07-05 09:30,130,AirAsia,Economy,360,Y,160.0,,149,Y,N,N,1,7,0,0,Wattay International Airport,VTE,Friday,False,False,False
Kuala Lumpur International Airport,KUL,2024-07-05 13:20,Suvarnabhumi Airport,BKK,2024-07-05 14:30,130,THAI,Economy,445,Y,235.0,,241,Y,Y,N,1,7,1,25,Wattay International Airport,VTE,Friday,False,False,False
Kuala Lumpur International Airport,KUL,2024-07-06 07:10,Wattay International Airport,VTE,2024-07-06 08:50,160,AirAsia,Economy,160,N,,,54,Y,N,N,1,7,0,0,Wattay International Airport,VTE,Saturday,False,False,False
Kuala Lumpur International Airport,KUL,2024-07-06 08:20,Don Mueang International Airport,DMK,2024-07-06 09:30,130,AirAsia,Economy,360,Y,160.0,,149,Y,N,N,1,7,0,0,Wattay International Airport,VTE,Saturday,False,False,False
Kuala Lumpur International Airport,KUL,2024-07-06 13:20,Suvarnabhumi Airport,BKK,2024-07-06 14:30,130,THAI,Economy,445,Y,235.0,,241,Y,Y,N,1,7,1,25,Wattay International Airport,VTE,Saturday,False,False,False
Kuala Lumpur International Airport,KUL,2024-07-07 06:35,Don Mueang International Airport,DMK,2024-07-07 07:50,135,AirAsia,Economy,465,Y,260.0,,124,Y,N,N,1,7,0,0,Wattay International Airport,VTE,Sunday,True,False,False
Kuala Lumpur International Airport,KUL,2024-07-07 08:20,Don Mueang International Airport,DMK,2024-07-07 09:30,130,AirAsia,Economy,360,Y,160.0,,135,Y,N,N,1,7,0,0,Wattay International Airport,VTE,Sunday,True,False,False
Kuala Lumpur International Airport,KUL,2024-07-07 13:20,Suvarnabhumi Airport,BKK,2024-07-07 14:30,130,THAI,Economy,445,Y,235.0,,241,Y,Y,N,1,7,1,25,Wattay International Airport,VTE,Sunday,True,False,False
Kuala Lumpur International Airport,KUL,2024-07-08 06:35,Don Mueang International Airport,DMK,2024-07-08 07:50,135,AirAsia,Economy,465,Y,260.0,,107,Y,N,N,1,7,0,0,Wattay International Airport,VTE,Monday,True,False,False
Kuala Lumpur International Airport,KUL,2024-07-08 08:20,Don Mueang International Airport,DMK,2024-07-08 09:30,130,AirAsia,Economy,360,Y,160.0,,115,Y,N,N,1,7,0,0,Wattay International Airport,VTE,Monday,True,False,False
Kuala Lumpur International Airport,KUL,2024-07-08 13:20,Suvarnabhumi Airport,BKK,2024-07-08 14:30,130,THAI,Economy,445,Y,235.0,,241,Y,Y,N,1,7,1,25,Wattay International Airport,VTE,Monday,True,False,False
Kuala Lumpur International Airport,KUL,2024-07-09 07:10,Wattay International Airport,VTE,2024-07-09 08:50,160,AirAsia,Economy,160,N,,,54,Y,N,N,1,7,0,0,Wattay International Airport,VTE,Tuesday,False,False,False
Kuala Lumpur International Airport,KUL,2024-07-09 08:20,Don Mueang International Airport,DMK,2024-07-09 09:30,130,AirAsia,Economy,360,Y,160.0,,115,Y,N,N,1,7,0,0,Wattay International Airport,VTE,Tuesday,False,False,False
Kuala Lumpur International Airport,KUL,2024-07-09 13:20,Suvarnabhumi Airport,BKK,2024-07-09 14:30,130,THAI,Economy,445,Y,235.0,,241,Y,Y,N,1,7,1,25,Wattay International Airport,VTE,Tuesday,False,False,False
Kuala Lumpur International Airport,KUL,2024-07-10 17:45,Don Mueang International Airport,DMK,2024-07-10 19:05,140,Thai AirAsia,Economy,890,Y,680.0,True,99,Y,N,N,1,7,0,0,Wattay International Airport,VTE,Wednesday,False,False,False
Kuala Lumpur International Airport,KUL,2024-07-10 08:20,Don Mueang International Airport,DMK,2024-07-10 09:30,130,AirAsia,Economy,360,Y,160.0,,115,Y,N,N,1,7,0,0,Wattay International Airport,VTE,Wednesday,False,False,False
Kuala Lumpur International Airport,KUL,2024-07-10 13:20,Suvarnabhumi Airport,BKK,2024-07-10 14:30,130,THAI,Economy,445,Y,235.0,,241,Y,Y,N,1,7,1,25,Wattay International Airport,VTE,Wednesday,False,False,False
Kuala Lumpur International Airport,KUL,2024-07-11 17:45,Don Mueang International Airport,DMK,2024-07-11 19:05,140,Thai AirAsia,Economy,890,Y,680.0,True,99,Y,N,N,1,7,0,0,Wattay International Airport,VTE,Thursday,False,False,False
Kuala Lumpur International Airport,KUL,2024-07-11 19:35,Don Mueang International Airport,DMK,2024-07-11 20:50,135,AirAsia,Economy,780,Y,575.0,True,99,Y,N,N,1,7,0,0,Wattay International Airport,VTE,Thursday,False,False,False
Kuala Lumpur International Airport,KUL,2024-07-11 08:20,Don Mueang International Airport,DMK,2024-07-11 09:30,130,AirAsia,Economy,360,Y,160.0,,115,Y,N,N,1,7,0,0,Wattay International Airport,VTE,Thursday,False,False,False
Kuala Lumpur International Airport,KUL,2024-07-11 13:20,Suvarnabhumi Airport,BKK,2024-07-11 14:30,130,THAI,Economy,445,Y,235.0,,241,Y,Y,N,1,7,1,25,Wattay International Airport,VTE,Thursday,False,False,False
Kuala Lumpur International Airport,KUL,2024-07-12 17:45,Don Mueang International Airport,DMK,2024-07-12 19:05,140,Thai AirAsia,Economy,890,Y,680.0,True,99,Y,N,N,1,7,0,0,Wattay International Airport,VTE,Friday,False,False,False
Kuala Lumpur International Airport,KUL,2024-07-12 19:35,Don Mueang International Airport,DMK,2024-07-12 20:50,135,AirAsia,Economy,780,Y,575.0,True,99,Y,N,N,1,7,0,0,Wattay International Airport,VTE,Friday,False,False,False
Kuala Lumpur International Airport,KUL,2024-07-12 08:20,Don Mueang International Airport,DMK,2024-07-12 09:30,130,AirAsia,Economy,360,Y,160.0,,121,Y,N,N,1,7,0,0,Wattay International Airport,VTE,Friday,False,False,False
Kuala Lumpur International Airport,KUL,2024-07-12 13:20,Suvarnabhumi Airport,BKK,2024-07-12 14:30,130,THAI,Economy,445,Y,235.0,,241,Y,Y,N,1,7,1,25,Wattay International Airport,VTE,Friday,False,False,False
Kuala Lumpur International Airport,KUL,2024-07-13 07:10,Wattay International Airport,VTE,2024-07-13 08:50,160,AirAsia,Economy,160,N,,,54,Y,N,N,1,7,0,0,Wattay International Airport,VTE,Saturday,False,False,False
Kuala Lumpur International Airport,KUL,2024-07-13 08:20,Don Mueang International Airport,DMK,2024-07-13 09:30,130,AirAsia,Economy,360,Y,160.0,,155,Y,N,N,1,7,0,0,Wattay International Airport,VTE,Saturday,False,False,False
Kuala Lumpur International Airport,KUL,2024-07-13 13:20,Suvarnabhumi Airport,BKK,2024-07-13 14:30,130,THAI,Economy,445,Y,235.0,,241,Y,Y,N,1,7,1,25,Wattay International Airport,VTE,Saturday,False,False,False
Kuala Lumpur International Airport,KUL,2024-07-14 06:35,Don Mueang International Airport,DMK,2024-07-14 07:50,135,AirAsia,Economy,465,Y,260.0,,112,Y,N,N,1,7,0,0,Wattay International Airport,VTE,Sunday,False,False,False
Kuala Lumpur International Airport,KUL,2024-07-14 08:20,Don Mueang International Airport,DMK,2024-07-14 09:30,130,AirAsia,Economy,360,Y,160.0,,155,Y,N,N,1,7,0,0,Wattay International Airport,VTE,Sunday,False,False,False
Kuala Lumpur International Airport,KUL,2024-07-14 13:20,Suvarnabhumi Airport,BKK,2024-07-14 14:30,130,THAI,Economy,445,Y,235.0,,241,Y,Y,N,1,7,1,25,Wattay International Airport,VTE,Sunday,False,False,False
Kuala Lumpur International Airport,KUL,2024-07-15 17:45,Don Mueang International Airport,DMK,2024-07-15 19:05,140,Thai AirAsia,Economy,890,Y,680.0,True,99,Y,N,N,1,7,0,0,Wattay International Airport,VTE,Monday,False,False,False
Kuala Lumpur International Airport,KUL,2024-07-15 19:35,Don Mueang International Airport,DMK,2024-07-15 20:50,135,AirAsia,Economy,780,Y,575.0,True,99,Y,N,N,1,7,0,0,Wattay International Airport,VTE,Monday,False,False,False
Kuala Lumpur International Airport,KUL,2024-07-15 08:20,Don Mueang International Airport,DMK,2024-07-15 09:30,130,AirAsia,Economy,360,Y,160.0,,149,Y,N,N,1,7,0,0,Wattay International Airport,VTE,Monday,False,False,False
Kuala Lumpur International Airport,KUL,2024-07-15 21:45,Singapore Changi Airport,SIN,2024-07-15 22:55,70,Singapore Airlines,Economy,925,Y,685.0,True,228,Y,Y,Y,1,7,1,23,Wattay International Airport,VTE,Monday,False,False,False
Kuala Lumpur International Airport,KUL,2024-07-15 13:20,Suvarnabhumi Airport,BKK,2024-07-15 14:30,130,THAI,Economy,445,Y,235.0,,241,Y,N,N,1,7,0,0,Wattay International Airport,VTE,Monday,False,False,False
Kuala Lumpur International Airport,KUL,2024-07-16 07:10,Wattay International Airport,VTE,2024-07-16 08:50,160,AirAsia,Economy,160,N,,,54,Y,N,N,1,7,0,0,Wattay International Airport,VTE,Tuesday,False,False,False
Kuala Lumpur International Airport,KUL,2024-07-16 08:20,Don Mueang International Airport,DMK,2024-07-16 09:30,130,AirAsia,Economy,360,Y,160.0,,107,Y,N,N,1,7,0,0,Wattay International Airport,VTE,Tuesday,False,False,False
Kuala Lumpur International Airport,KUL,2024-07-16 13:20,Suvarnabhumi Airport,BKK,2024-07-16 14:30,130,THAI,Economy,445,Y,235.0,,241,Y,Y,N,1,7,1,25,Wattay International Airport,VTE,Tuesday,False,False,False
Kuala Lumpur International Airport,KUL,2024-07-17 06:35,Don Mueang International Airport,DMK,2024-07-17 07:50,135,AirAsia,Economy,465,Y,260.0,,115,Y,N,N,1,7,0,0,Wattay International Airport,VTE,Wednesday,False,False,False
Kuala Lumpur International Airport,KUL,2024-07-17 08:20,Don Mueang International Airport,DMK,2024-07-17 09:30,130,AirAsia,Economy,360,Y,160.0,,135,Y,N,N,1,7,0,0,Wattay International Airport,VTE,Wednesday,False,False,False
Kuala Lumpur International Airport,KUL,2024-07-17 13:20,Suvarnabhumi Airport,BKK,2024-07-17 14:30,130,THAI,Economy,445,Y,235.0,,241,Y,Y,N,1,7,1,25,Wattay International Airport,VTE,Wednesday,False,False,False
Kuala Lumpur International Airport,KUL,2024-07-18 17:45,Don Mueang International Airport,DMK,2024-07-18 19:05,140,Thai AirAsia,Economy,890,Y,680.0,True,107,Y,N,N,1,7,0,0,Wattay International Airport,VTE,Thursday,False,False,False
Kuala Lumpur International Airport,KUL,2024-07-18 19:35,Don Mueang International Airport,DMK,2024-07-18 20:50,135,AirAsia,Economy,780,Y,575.0,True,107,Y,N,N,1,7,0,0,Wattay International Airport,VTE,Thursday,False,False,False
Kuala Lumpur International Airport,KUL,2024-07-18 06:35,Don Mueang International Airport,DMK,2024-07-18 07:50,135,AirAsia,Economy,465,Y,260.0,,124,Y,N,N,1,7,0,0,Wattay International Airport,VTE,Thursday,False,False,False
Kuala Lumpur International Airport,KUL,2024-07-18 08:20,Don Mueang International Airport,DMK,2024-07-18 09:30,130,AirAsia,Economy,360,Y,160.0,,135,Y,N,N,1,7,0,0,Wattay International Airport,VTE,Thursday,False,False,False
Kuala Lumpur International Airport,KUL,2024-07-18 13:20,Suvarnabhumi Airport,BKK,2024-07-18 14:30,130,THAI,Economy,445,Y,235.0,,241,Y,Y,N,1,7,1,25,Wattay International Airport,VTE,Thursday,False,False,False
Kuala Lumpur International Airport,KUL,2024-07-19 17:45,Don Mueang International Airport,DMK,2024-07-19 19:05,140,Thai AirAsia,Economy,890,Y,680.0,True,107,Y,N,N,1,7,0,0,Wattay International Airport,VTE,Friday,False,False,False
Kuala Lumpur International Airport,KUL,2024-07-19 08:20,Don Mueang International Airport,DMK,2024-07-19 09:30,130,AirAsia,Economy,360,Y,160.0,,158,Y,N,N,1,7,0,0,Wattay International Airport,VTE,Friday,False,False,False
Kuala Lumpur International Airport,KUL,2024-07-19 13:20,Suvarnabhumi Airport,BKK,2024-07-19 14:30,130,THAI,Economy,445,Y,235.0,,241,Y,Y,N,1,7,1,25,Wattay International Airport,VTE,Friday,False,False,False
Kuala Lumpur International Airport,KUL,2024-07-20 07:10,Wattay International Airport,VTE,2024-07-20 08:50,160,AirAsia,Economy,160,N,,,54,Y,N,N,1,7,0,0,Wattay International Airport,VTE,Saturday,False,True,False
Kuala Lumpur International Airport,KUL,2024-07-20 08:20,Don Mueang International Airport,DMK,2024-07-20 09:30,130,AirAsia,Economy,360,Y,160.0,,124,Y,N,N,1,7,0,0,Wattay International Airport,VTE,Saturday,False,True,False
Kuala Lumpur International Airport,KUL,2024-07-20 13:20,Suvarnabhumi Airport,BKK,2024-07-20 14:30,130,THAI,Economy,445,Y,235.0,,241,Y,Y,N,1,7,1,25,Wattay International Airport,VTE,Saturday,False,True,False
Kuala Lumpur International Airport,KUL,2024-07-21 17:45,Don Mueang International Airport,DMK,2024-07-21 19:05,140,Thai AirAsia,Economy,890,Y,680.0,True,99,Y,N,N,1,7,0,0,Wattay International Airport,VTE,Sunday,False,False,False
Kuala Lumpur International Airport,KUL,2024-07-21 19:35,Don Mueang International Airport,DMK,2024-07-21 20:50,135,AirAsia,Economy,780,Y,575.0,True,99,Y,N,N,1,7,0,0,Wattay International Airport,VTE,Sunday,False,False,False
Kuala Lumpur International Airport,KUL,2024-07-21 08:20,Don Mueang International Airport,DMK,2024-07-21 09:30,130,AirAsia,Economy,360,Y,160.0,,115,Y,N,N,1,7,0,0,Wattay International Airport,VTE,Sunday,False,False,False
Kuala Lumpur International Airport,KUL,2024-07-21 13:20,Suvarnabhumi Airport,BKK,2024-07-21 14:30,130,THAI,Economy,445,Y,235.0,,241,Y,Y,N,1,7,1,25,Wattay International Airport,VTE,Sunday,False,False,False
Kuala Lumpur International Airport,KUL,2024-07-21 08:55,Guangzhou Baiyun International Airport,CAN,2024-07-21 12:45,230,China Southern,Economy,615,Y,230.0,,364,Y,Y,Y,1,8,1,23,Wattay International Airport,VTE,Sunday,False,False,False
Kuala Lumpur International Airport,KUL,2024-07-22 08:20,Don Mueang International Airport,DMK,2024-07-22 09:30,130,AirAsia,Economy,360,Y,160.0,,107,Y,N,N,1,7,0,0,Wattay International Airport,VTE,Monday,False,False,False
Kuala Lumpur International Airport,KUL,2024-07-22 17:45,Don Mueang International Airport,DMK,2024-07-22 19:05,140,Thai AirAsia,Economy,890,Y,680.0,True,107,Y,N,N,1,7,0,0,Wattay International Airport,VTE,Monday,False,False,False
Kuala Lumpur International Airport,KUL,2024-07-22 13:20,Suvarnabhumi Airport,BKK,2024-07-22 14:30,130,THAI,Economy,445,Y,235.0,,241,Y,Y,N,1,7,1,25,Wattay International Airport,VTE,Monday,False,False,False
Kuala Lumpur International Airport,KUL,2024-07-23 07:10,Wattay International Airport,VTE,2024-07-23 08:50,160,AirAsia,Economy,160,N,,,54,Y,N,N,1,7,0,0,Wattay International Airport,VTE,Tuesday,False,False,False
Kuala Lumpur International Airport,KUL,2024-07-23 08:20,Don Mueang International Airport,DMK,2024-07-23 09:30,130,AirAsia,Economy,360,Y,160.0,,107,Y,N,N,1,7,0,0,Wattay International Airport,VTE,Tuesday,False,False,False
Kuala Lumpur International Airport,KUL,2024-07-23 13:20,Suvarnabhumi Airport,BKK,2024-07-23 14:30,130,THAI,Economy,445,Y,235.0,,241,Y,Y,N,1,7,1,25,Wattay International Airport,VTE,Tuesday,False,False,False
Kuala Lumpur International Airport,KUL,2024-07-24 08:20,Don Mueang International Airport,DMK,2024-07-24 09:30,130,AirAsia,Economy,360,Y,160.0,,107,Y,N,N,1,7,0,0,Wattay International Airport,VTE,Wednesday,False,False,False
Kuala Lumpur International Airport,KUL,2024-07-24 17:45,Don Mueang International Airport,DMK,2024-07-24 19:05,140,Thai AirAsia,Economy,890,Y,680.0,True,107,Y,N,N,1,7,0,0,Wattay International Airport,VTE,Wednesday,False,False,False
Kuala Lumpur International Airport,KUL,2024-07-24 19:35,Don Mueang International Airport,DMK,2024-07-24 20:50,135,AirAsia,Economy,780,Y,575.0,True,107,Y,N,N,1,7,0,0,Wattay International Airport,VTE,Wednesday,False,False,False
Kuala Lumpur International Airport,KUL,2024-07-24 13:20,Suvarnabhumi Airport,BKK,2024-07-24 14:30,130,THAI,Economy,445,Y,235.0,,241,Y,Y,N,1,7,1,25,Wattay International Airport,VTE,Wednesday,False,False,False
Kuala Lumpur International Airport,KUL,2024-07-24 08:55,Guangzhou Baiyun International Airport,CAN,2024-07-24 12:55,240,China Southern,Economy,615,Y,220.0,,306,Y,Y,Y,1,8,1,23,Wattay International Airport,VTE,Wednesday,False,False,False
Kuala Lumpur International Airport,KUL,2024-07-25 17:45,Don Mueang International Airport,DMK,2024-07-25 19:05,140,Thai AirAsia,Economy,890,Y,680.0,True,107,Y,N,N,1,7,0,0,Wattay International Airport,VTE,Thursday,False,False,False
Kuala Lumpur International Airport,KUL,2024-07-25 19:35,Don Mueang International Airport,DMK,2024-07-25 20:50,135,AirAsia,Economy,780,Y,575.0,True,107,Y,N,N,1,7,0,0,Wattay International Airport,VTE,Thursday,False,False,False
Kuala Lumpur International Airport,KUL,2024-07-25 06:35,Don Mueang International Airport,DMK,2024-07-25 07:50,135,AirAsia,Economy,465,Y,260.0,,115,Y,N,N,1,7,0,0,Wattay International Airport,VTE,Thursday,False,False,False
Kuala Lumpur International Airport,KUL,2024-07-25 08:20,Don Mueang International Airport,DMK,2024-07-25 09:30,130,AirAsia,Economy,360,Y,160.0,,124,Y,N,N,1,7,0,0,Wattay International Airport,VTE,Thursday,False,False,False
Kuala Lumpur International Airport,KUL,2024-07-25 13:20,Suvarnabhumi Airport,BKK,2024-07-25 14:30,130,THAI,Economy,445,Y,235.0,,241,Y,Y,N,1,7,1,25,Wattay International Airport,VTE,Thursday,False,False,False
Kuala Lumpur International Airport,KUL,2024-07-26 17:45,Don Mueang International Airport,DMK,2024-07-26 19:05,140,Thai AirAsia,Economy,890,Y,680.0,True,107,Y,N,N,1,7,0,0,Wattay International Airport,VTE,Friday,False,False,False
Kuala Lumpur International Airport,KUL,2024-07-26 19:35,Don Mueang International Airport,DMK,2024-07-26 20:50,135,AirAsia,Economy,780,Y,575.0,True,107,Y,N,N,1,7,0,0,Wattay International Airport,VTE,Friday,False,False,False
Kuala Lumpur International Airport,KUL,2024-07-26 08:20,Don Mueang International Airport,DMK,2024-07-26 09:30,130,AirAsia,Economy,360,Y,160.0,,124,Y,N,N,1,7,0,0,Wattay International Airport,VTE,Friday,False,False,False
Kuala Lumpur International Airport,KUL,2024-07-26 20:40,Singapore Changi Airport,SIN,2024-07-26 21:50,70,Singapore Airlines,Economy,990,Y,750.0,True,228,Y,Y,Y,1,7,1,23,Wattay International Airport,VTE,Friday,False,False,False
Kuala Lumpur International Airport,KUL,2024-07-26 13:20,Suvarnabhumi Airport,BKK,2024-07-26 14:30,130,THAI,Economy,445,Y,235.0,,241,Y,Y,N,1,7,1,25,Wattay International Airport,VTE,Friday,False,False,False
Kuala Lumpur International Airport,KUL,2024-07-27 07:10,Wattay International Airport,VTE,2024-07-27 08:50,160,AirAsia,Economy,160,N,,,54,Y,N,N,1,7,0,0,Wattay International Airport,VTE,Saturday,False,False,False
Kuala Lumpur International Airport,KUL,2024-07-27 08:20,Don Mueang International Airport,DMK,2024-07-27 09:30,130,AirAsia,Economy,360,Y,160.0,,124,Y,N,N,1,7,0,0,Wattay International Airport,VTE,Saturday,False,False,False
Kuala Lumpur International Airport,KUL,2024-07-27 13:20,Suvarnabhumi Airport,BKK,2024-07-27 14:30,130,THAI,Economy,445,Y,235.0,,241,Y,Y,N,1,7,1,25,Wattay International Airport,VTE,Saturday,False,False,False
Kuala Lumpur International Airport,KUL,2024-07-28 17:45,Don Mueang International Airport,DMK,2024-07-28 19:05,140,Thai AirAsia,Economy,890,Y,680.0,True,99,Y,N,N,1,7,0,0,Wattay International Airport,VTE,Sunday,False,False,False
Kuala Lumpur International Airport,KUL,2024-07-28 19:35,Don Mueang International Airport,DMK,2024-07-28 20:50,135,AirAsia,Economy,780,Y,575.0,True,99,Y,N,N,1,7,0,0,Wattay International Airport,VTE,Sunday,False,False,False
Kuala Lumpur International Airport,KUL,2024-07-28 08:20,Don Mueang International Airport,DMK,2024-07-28 09:30,130,AirAsia,Economy,360,Y,160.0,,124,Y,N,N,1,7,0,0,Wattay International Airport,VTE,Sunday,False,False,False
Kuala Lumpur International Airport,KUL,2024-07-28 13:20,Suvarnabhumi Airport,BKK,2024-07-28 14:30,130,THAI,Economy,445,Y,235.0,,262,Y,Y,N,1,7,1,25,Wattay International Airport,VTE,Sunday,False,False,False
Kuala Lumpur International Airport,KUL,2024-07-28 08:55,Guangzhou Baiyun International Airport,CAN,2024-07-28 12:45,230,China Southern,Economy,615,Y,230.0,,306,Y,Y,Y,1,8,1,23,Wattay International Airport,VTE,Sunday,False,False,False
Kuala Lumpur International Airport,KUL,2024-07-29 08:20,Don Mueang International Airport,DMK,2024-07-29 09:30,130,AirAsia,Economy,360,Y,160.0,,107,Y,N,N,1,7,0,0,Wattay International Airport,VTE,Monday,False,False,False
Kuala Lumpur International Airport,KUL,2024-07-29 19:35,Don Mueang International Airport,DMK,2024-07-29 20:50,135,AirAsia,Economy,780,Y,575.0,True,116,Y,N,N,1,7,0,0,Wattay International Airport,VTE,Monday,False,False,False
Kuala Lumpur International Airport,KUL,2024-07-29 17:45,Don Mueang International Airport,DMK,2024-07-29 19:05,140,Thai AirAsia,Economy,890,Y,680.0,True,126,Y,N,N,1,7,0,0,Wattay International Airport,VTE,Monday,False,False,False
Kuala Lumpur International Airport,KUL,2024-07-29 21:45,Singapore Changi Airport,SIN,2024-07-29 22:55,70,Singapore Airlines,Economy,925,Y,685.0,True,205,Y,Y,Y,1,7,1,23,Wattay International Airport,VTE,Monday,False,False,False
Kuala Lumpur International Airport,KUL,2024-07-29 13:20,Suvarnabhumi Airport,BKK,2024-07-29 14:30,130,THAI,Economy,445,Y,235.0,,241,Y,Y,N,1,7,1,25,Wattay International Airport,VTE,Monday,False,False,False
Kuala Lumpur International Airport,KUL,2024-07-30 07:10,Wattay International Airport,VTE,2024-07-30 08:50,160,AirAsia,Economy,160,N,,,54,Y,N,N,1,7,0,0,Wattay International Airport,VTE,Tuesday,False,False,False
Kuala Lumpur International Airport,KUL,2024-07-30 08:20,Don Mueang International Airport,DMK,2024-07-30 09:30,130,AirAsia,Economy,360,Y,160.0,,107,Y,N,N,1,7,0,0,Wattay International Airport,VTE,Tuesday,False,False,False
Kuala Lumpur International Airport,KUL,2024-07-30 13:20,Suvarnabhumi Airport,BKK,2024-07-30 14:30,130,THAI,Economy,445,Y,235.0,,241,Y,Y,N,1,7,1,25,Wattay International Airport,VTE,Tuesday,False,False,False
Kuala Lumpur International Airport,KUL,2024-07-31 17:45,Don Mueang International Airport,DMK,2024-07-31 19:05,140,Thai AirAsia,Economy,890,Y,680.0,True,99,Y,N,N,1,7,0,0,Wattay International Airport,VTE,Wednesday,False,False,False
Kuala Lumpur International Airport,KUL,2024-07-31 08:20,Don Mueang International Airport,DMK,2024-07-31 09:30,130,AirAsia,Economy,360,Y,160.0,,107,Y,N,N,1,7,0,0,Wattay International Airport,VTE,Wednesday,False,False,False
Kuala Lumpur International Airport,KUL,2024-07-31 13:20,Suvarnabhumi Airport,BKK,2024-07-31 14:30,130,THAI,Economy,445,Y,235.0,,241,Y,Y,N,1,7,1,25,Wattay International Airport,VTE,Wednesday,False,False,False
