Departure Airport Name,Departure Airport ID,Departure Time,Arrival Airport Name,Arrival Airport ID,Arrival Time,Duration,Airline,Travel Class,Total Duration,Layover,Layover 1 Duration,Layover 1 Overnight,Price, Cabin Baggage, Checked Baggage,Meal Included,Cabin Baggage (Number),Cabin Baggage (kg in total),Checked Baggage (Number),Checked Baggage (kg in total),Day of week (on flight date),Departure Country Is Holiday,Arrival Country Is Holiday,Overnight Flight,Final Arrival Airport Name,Final Arrival Airport ID
Kuala Lumpur International Airport,KUL,2024-08-01 21:50,Ninoy Aquino International Airport,MNL,2024-08-02 01:50,240,Philippines AirAsia,Economy,240,N,,,73,Y,N,N,1,7,0,0,Thursday,False,False,True,Ninoy Aquino International Airport,MNL
Kuala Lumpur International Airport,KUL,2024-08-01 01:40,Ninoy Aquino International Airport,MNL,2024-08-01 06:00,260,Cebu Pacific,Economy,260,N,,,78,Y,N,N,1,7,0,0,Thursday,False,False,False,Ninoy Aquino International Airport,MNL
Kuala Lumpur International Airport,KUL,2024-08-01 18:00,Ninoy Aquino International Airport,MNL,2024-08-01 22:10,250,AirAsia,Economy,250,N,,,82,Y,N,N,1,7,0,0,Thursday,False,False,False,Ninoy Aquino International Airport,MNL
Kuala Lumpur International Airport,KUL,2024-08-02 01:40,Ninoy Aquino International Airport,MNL,2024-08-02 06:00,260,Cebu Pacific,Economy,260,N,,,78,Y,N,N,1,7,0,0,Friday,False,False,False,Ninoy Aquino International Airport,MNL
Kuala Lumpur International Airport,KUL,2024-08-02 18:00,Ninoy Aquino International Airport,MNL,2024-08-02 22:10,250,AirAsia,Economy,250,N,,,82,Y,N,N,1,7,0,0,Friday,False,False,False,Ninoy Aquino International Airport,MNL
Kuala Lumpur International Airport,KUL,2024-08-02 21:55,Ninoy Aquino International Airport,MNL,2024-08-03 01:55,240,Philippines AirAsia,Economy,240,N,,,82,Y,N,N,1,7,0,0,Friday,False,False,True,Ninoy Aquino International Airport,MNL
Kuala Lumpur International Airport,KUL,2024-08-03 21:50,Ninoy Aquino International Airport,MNL,2024-08-04 02:00,250,Philippines AirAsia,Economy,250,N,,,73,Y,N,N,1,7,0,0,Saturday,False,False,True,Ninoy Aquino International Airport,MNL
Kuala Lumpur International Airport,KUL,2024-08-03 01:40,Ninoy Aquino International Airport,MNL,2024-08-03 06:00,260,Cebu Pacific,Economy,260,N,,,78,Y,N,N,1,7,0,0,Saturday,False,False,False,Ninoy Aquino International Airport,MNL
Kuala Lumpur International Airport,KUL,2024-08-03 18:00,Ninoy Aquino International Airport,MNL,2024-08-03 22:10,250,AirAsia,Economy,250,N,,,82,Y,N,N,1,7,0,0,Saturday,False,False,False,Ninoy Aquino International Airport,MNL
Kuala Lumpur International Airport,KUL,2024-08-04 01:40,Ninoy Aquino International Airport,MNL,2024-08-04 06:00,260,Cebu Pacific,Economy,260,N,,,78,Y,N,N,1,7,0,0,Sunday,False,False,False,Ninoy Aquino International Airport,MNL
Kuala Lumpur International Airport,KUL,2024-08-04 08:15,Ninoy Aquino International Airport,MNL,2024-08-04 12:15,240,AirAsia,Economy,240,N,,,82,Y,N,N,1,7,0,0,Sunday,False,False,False,Ninoy Aquino International Airport,MNL
Kuala Lumpur International Airport,KUL,2024-08-04 21:55,Ninoy Aquino International Airport,MNL,2024-08-05 01:55,240,Philippines AirAsia,Economy,240,N,,,82,Y,N,N,1,7,0,0,Sunday,False,False,True,Ninoy Aquino International Airport,MNL
Kuala Lumpur International Airport,KUL,2024-08-05 08:15,Ninoy Aquino International Airport,MNL,2024-08-05 12:15,240,AirAsia,Economy,240,N,,,82,Y,N,N,1,7,0,0,Monday,False,False,False,Ninoy Aquino International Airport,MNL
Kuala Lumpur International Airport,KUL,2024-08-05 18:00,Ninoy Aquino International Airport,MNL,2024-08-05 22:10,250,AirAsia,Economy,250,N,,,82,Y,N,N,1,7,0,0,Monday,False,False,False,Ninoy Aquino International Airport,MNL
Kuala Lumpur International Airport,KUL,2024-08-05 21:55,Ninoy Aquino International Airport,MNL,2024-08-06 01:55,240,Philippines AirAsia,Economy,240,N,,,82,Y,N,N,1,7,0,0,Monday,False,False,True,Ninoy Aquino International Airport,MNL
Kuala Lumpur International Airport,KUL,2024-08-06 21:45,Ninoy Aquino International Airport,MNL,2024-08-07 01:45,240,Philippines AirAsia,Economy,240,N,,,73,Y,N,N,1,7,0,0,Tuesday,False,False,True,Ninoy Aquino International Airport,MNL
Kuala Lumpur International Airport,KUL,2024-08-06 18:00,Ninoy Aquino International Airport,MNL,2024-08-06 22:10,250,AirAsia,Economy,250,N,,,78,Y,N,N,1,7,0,0,Tuesday,False,False,False,Ninoy Aquino International Airport,MNL
Kuala Lumpur International Airport,KUL,2024-08-06 01:40,Ninoy Aquino International Airport,MNL,2024-08-06 06:00,260,Cebu Pacific,Economy,260,N,,,78,Y,N,N,1,7,0,0,Tuesday,False,False,False,Ninoy Aquino International Airport,MNL
Kuala Lumpur International Airport,KUL,2024-08-07 21:55,Ninoy Aquino International Airport,MNL,2024-08-08 01:55,240,Philippines AirAsia,Economy,240,N,,,73,Y,N,N,1,7,0,0,Wednesday,False,False,True,Ninoy Aquino International Airport,MNL
Kuala Lumpur International Airport,KUL,2024-08-07 08:15,Ninoy Aquino International Airport,MNL,2024-08-07 12:15,240,AirAsia,Economy,240,N,,,78,Y,N,N,1,7,0,0,Wednesday,False,False,False,Ninoy Aquino International Airport,MNL
Kuala Lumpur International Airport,KUL,2024-08-07 18:00,Ninoy Aquino International Airport,MNL,2024-08-07 22:10,250,AirAsia,Economy,250,N,,,82,Y,N,N,1,7,0,0,Wednesday,False,False,False,Ninoy Aquino International Airport,MNL
Kuala Lumpur International Airport,KUL,2024-08-07 14:40,Singapore Changi Airport,SIN,2024-08-07 15:45,65,Jetstar,Economy,380,Y,90.0,,93,Y,N,N,1,7,0,0,Wednesday,False,False,False,Ninoy Aquino International Airport,MNL
Kuala Lumpur International Airport,KUL,2024-08-08 21:50,Ninoy Aquino International Airport,MNL,2024-08-09 01:50,240,Philippines AirAsia,Economy,240,N,,,73,Y,N,N,1,7,0,0,Thursday,False,False,True,Ninoy Aquino International Airport,MNL
Kuala Lumpur International Airport,KUL,2024-08-08 01:40,Ninoy Aquino International Airport,MNL,2024-08-08 06:00,260,Cebu Pacific,Economy,260,N,,,78,Y,N,N,1,7,0,0,Thursday,False,False,False,Ninoy Aquino International Airport,MNL
Kuala Lumpur International Airport,KUL,2024-08-08 18:00,Ninoy Aquino International Airport,MNL,2024-08-08 22:10,250,AirAsia,Economy,250,N,,,82,Y,N,N,1,7,0,0,Thursday,False,False,False,Ninoy Aquino International Airport,MNL
Kuala Lumpur International Airport,KUL,2024-08-09 01:40,Ninoy Aquino International Airport,MNL,2024-08-09 06:00,260,Cebu Pacific,Economy,260,N,,,74,Y,N,N,1,7,0,0,Friday,False,False,False,Ninoy Aquino International Airport,MNL
Kuala Lumpur International Airport,KUL,2024-08-09 18:00,Ninoy Aquino International Airport,MNL,2024-08-09 22:10,250,AirAsia,Economy,250,N,,,82,Y,N,N,1,7,0,0,Friday,False,False,False,Ninoy Aquino International Airport,MNL
Kuala Lumpur International Airport,KUL,2024-08-09 21:55,Ninoy Aquino International Airport,MNL,2024-08-10 01:55,240,Philippines AirAsia,Economy,240,N,,,82,Y,N,N,1,7,0,0,Friday,False,False,True,Ninoy Aquino International Airport,MNL
Kuala Lumpur International Airport,KUL,2024-08-10 21:50,Ninoy Aquino International Airport,MNL,2024-08-11 02:00,250,Philippines AirAsia,Economy,250,N,,,73,Y,N,N,1,7,0,0,Saturday,False,False,True,Ninoy Aquino International Airport,MNL
Kuala Lumpur International Airport,KUL,2024-08-10 01:40,Ninoy Aquino International Airport,MNL,2024-08-10 06:00,260,Cebu Pacific,Economy,260,N,,,78,Y,N,N,1,7,0,0,Saturday,False,False,False,Ninoy Aquino International Airport,MNL
Kuala Lumpur International Airport,KUL,2024-08-10 08:15,Ninoy Aquino International Airport,MNL,2024-08-10 12:15,240,AirAsia,Economy,240,N,,,82,Y,N,N,1,7,0,0,Saturday,False,False,False,Ninoy Aquino International Airport,MNL
Kuala Lumpur International Airport,KUL,2024-08-11 01:40,Ninoy Aquino International Airport,MNL,2024-08-11 06:00,260,Cebu Pacific,Economy,260,N,,,78,Y,N,N,1,7,0,0,Sunday,False,False,False,Ninoy Aquino International Airport,MNL
Kuala Lumpur International Airport,KUL,2024-08-11 08:15,Ninoy Aquino International Airport,MNL,2024-08-11 12:15,240,AirAsia,Economy,240,N,,,82,Y,N,N,1,7,0,0,Sunday,False,False,False,Ninoy Aquino International Airport,MNL
Kuala Lumpur International Airport,KUL,2024-08-11 18:00,Ninoy Aquino International Airport,MNL,2024-08-11 22:10,250,AirAsia,Economy,250,N,,,82,Y,N,N,1,7,0,0,Sunday,False,False,False,Ninoy Aquino International Airport,MNL
Kuala Lumpur International Airport,KUL,2024-08-11 21:55,Ninoy Aquino International Airport,MNL,2024-08-12 01:55,240,Philippines AirAsia,Economy,240,N,,,86,Y,N,N,1,7,0,0,Sunday,False,False,True,Ninoy Aquino International Airport,MNL
Kuala Lumpur International Airport,KUL,2024-08-12 08:15,Ninoy Aquino International Airport,MNL,2024-08-12 12:15,240,AirAsia,Economy,240,N,,,78,Y,N,N,1,7,0,0,Monday,False,False,False,Ninoy Aquino International Airport,MNL
Kuala Lumpur International Airport,KUL,2024-08-12 18:00,Ninoy Aquino International Airport,MNL,2024-08-12 22:10,250,AirAsia,Economy,250,N,,,82,Y,N,N,1,7,0,0,Monday,False,False,False,Ninoy Aquino International Airport,MNL
Kuala Lumpur International Airport,KUL,2024-08-12 21:55,Ninoy Aquino International Airport,MNL,2024-08-13 01:55,240,Philippines AirAsia,Economy,240,N,,,82,Y,N,N,1,7,0,0,Monday,False,False,True,Ninoy Aquino International Airport,MNL
Kuala Lumpur International Airport,KUL,2024-08-12 11:55,Singapore Changi Airport,SIN,2024-08-12 12:55,60,Scoot,Economy,400,Y,105.0,,106,Y,N,N,1,7,0,0,Monday,False,False,False,Ninoy Aquino International Airport,MNL
Kuala Lumpur International Airport,KUL,2024-08-12 10:10,Ninoy Aquino International Airport,MNL,2024-08-12 14:05,235,Malaysia Airlines,Economy,235,N,,,157,Y,N,N,1,7,0,0,Monday,False,False,False,Ninoy Aquino International Airport,MNL
Kuala Lumpur International Airport,KUL,2024-08-13 08:15,Ninoy Aquino International Airport,MNL,2024-08-13 12:15,240,AirAsia,Economy,240,N,,,78,Y,N,N,1,7,0,0,Tuesday,False,False,False,Ninoy Aquino International Airport,MNL
Kuala Lumpur International Airport,KUL,2024-08-13 18:00,Ninoy Aquino International Airport,MNL,2024-08-13 22:10,250,AirAsia,Economy,250,N,,,78,Y,N,N,1,7,0,0,Tuesday,False,False,False,Ninoy Aquino International Airport,MNL
Kuala Lumpur International Airport,KUL,2024-08-13 21:45,Ninoy Aquino International Airport,MNL,2024-08-14 01:45,240,Philippines AirAsia,Economy,240,N,,,82,Y,N,N,1,7,0,0,Tuesday,False,False,True,Ninoy Aquino International Airport,MNL
Kuala Lumpur International Airport,KUL,2024-08-13 01:40,Ninoy Aquino International Airport,MNL,2024-08-13 06:00,260,Cebu Pacific,Economy,260,N,,,83,Y,N,N,1,7,0,0,Tuesday,False,False,False,Ninoy Aquino International Airport,MNL
Kuala Lumpur International Airport,KUL,2024-08-14 21:55,Ninoy Aquino International Airport,MNL,2024-08-15 01:55,240,Philippines AirAsia,Economy,240,N,,,73,Y,N,N,1,7,0,0,Wednesday,False,False,True,Ninoy Aquino International Airport,MNL
Kuala Lumpur International Airport,KUL,2024-08-14 08:15,Ninoy Aquino International Airport,MNL,2024-08-14 12:15,240,AirAsia,Economy,240,N,,,82,Y,N,N,1,7,0,0,Wednesday,False,False,False,Ninoy Aquino International Airport,MNL
Kuala Lumpur International Airport,KUL,2024-08-14 18:00,Ninoy Aquino International Airport,MNL,2024-08-14 22:10,250,AirAsia,Economy,250,N,,,82,Y,N,N,1,7,0,0,Wednesday,False,False,False,Ninoy Aquino International Airport,MNL
Kuala Lumpur International Airport,KUL,2024-08-15 21:50,Ninoy Aquino International Airport,MNL,2024-08-16 01:50,240,Philippines AirAsia,Economy,240,N,,,73,Y,N,N,1,7,0,0,Thursday,False,False,True,Ninoy Aquino International Airport,MNL
Kuala Lumpur International Airport,KUL,2024-08-15 01:40,Ninoy Aquino International Airport,MNL,2024-08-15 06:00,260,Cebu Pacific,Economy,260,N,,,78,Y,N,N,1,7,0,0,Thursday,False,False,False,Ninoy Aquino International Airport,MNL
Kuala Lumpur International Airport,KUL,2024-08-15 08:15,Ninoy Aquino International Airport,MNL,2024-08-15 12:15,240,AirAsia,Economy,240,N,,,82,Y,N,N,1,7,0,0,Thursday,False,False,False,Ninoy Aquino International Airport,MNL
Kuala Lumpur International Airport,KUL,2024-08-16 01:40,Ninoy Aquino International Airport,MNL,2024-08-16 06:00,260,Cebu Pacific,Economy,260,N,,,59,Y,N,N,1,7,0,0,Friday,False,False,False,Ninoy Aquino International Airport,MNL
Kuala Lumpur International Airport,KUL,2024-08-16 18:00,Ninoy Aquino International Airport,MNL,2024-08-16 22:10,250,AirAsia,Economy,250,N,,,78,Y,N,N,1,7,0,0,Friday,False,False,False,Ninoy Aquino International Airport,MNL
Kuala Lumpur International Airport,KUL,2024-08-16 21:55,Ninoy Aquino International Airport,MNL,2024-08-17 01:55,240,Philippines AirAsia,Economy,240,N,,,82,Y,N,N,1,7,0,0,Friday,False,False,True,Ninoy Aquino International Airport,MNL
Kuala Lumpur International Airport,KUL,2024-08-17 01:40,Ninoy Aquino International Airport,MNL,2024-08-17 06:00,260,Cebu Pacific,Economy,260,N,,,59,Y,N,N,1,7,0,0,Saturday,False,False,False,Ninoy Aquino International Airport,MNL
Kuala Lumpur International Airport,KUL,2024-08-17 21:50,Ninoy Aquino International Airport,MNL,2024-08-18 02:00,250,Philippines AirAsia,Economy,250,N,,,73,Y,N,N,1,7,0,0,Saturday,False,False,True,Ninoy Aquino International Airport,MNL
Kuala Lumpur International Airport,KUL,2024-08-17 08:15,Ninoy Aquino International Airport,MNL,2024-08-17 12:15,240,AirAsia,Economy,240,N,,,78,Y,N,N,1,7,0,0,Saturday,False,False,False,Ninoy Aquino International Airport,MNL
Kuala Lumpur International Airport,KUL,2024-08-18 21:55,Ninoy Aquino International Airport,MNL,2024-08-19 01:55,240,Philippines AirAsia,Economy,240,N,,,73,Y,N,N,1,7,0,0,Sunday,False,False,True,Ninoy Aquino International Airport,MNL
Kuala Lumpur International Airport,KUL,2024-08-18 08:15,Ninoy Aquino International Airport,MNL,2024-08-18 12:15,240,AirAsia,Economy,240,N,,,78,Y,N,N,1,7,0,0,Sunday,False,False,False,Ninoy Aquino International Airport,MNL
Kuala Lumpur International Airport,KUL,2024-08-18 01:40,Ninoy Aquino International Airport,MNL,2024-08-18 06:00,260,Cebu Pacific,Economy,260,N,,,78,Y,N,N,1,7,0,0,Sunday,False,False,False,Ninoy Aquino International Airport,MNL
Kuala Lumpur International Airport,KUL,2024-08-18 18:00,Ninoy Aquino International Airport,MNL,2024-08-18 22:10,250,AirAsia,Economy,250,N,,,82,Y,N,N,1,7,0,0,Sunday,False,False,False,Ninoy Aquino International Airport,MNL
Kuala Lumpur International Airport,KUL,2024-08-19 21:55,Ninoy Aquino International Airport,MNL,2024-08-20 01:55,240,Philippines AirAsia,Economy,240,N,,,73,Y,N,N,1,7,0,0,Monday,False,False,True,Ninoy Aquino International Airport,MNL
Kuala Lumpur International Airport,KUL,2024-08-19 08:15,Ninoy Aquino International Airport,MNL,2024-08-19 12:15,240,AirAsia,Economy,240,N,,,82,Y,N,N,1,7,0,0,Monday,False,False,False,Ninoy Aquino International Airport,MNL
Kuala Lumpur International Airport,KUL,2024-08-19 18:00,Ninoy Aquino International Airport,MNL,2024-08-19 22:10,250,AirAsia,Economy,250,N,,,82,Y,N,N,1,7,0,0,Monday,False,False,False,Ninoy Aquino International Airport,MNL
Kuala Lumpur International Airport,KUL,2024-08-19 11:55,Singapore Changi Airport,SIN,2024-08-19 12:55,60,Scoot,Economy,400,Y,105.0,,90,Y,N,N,1,7,0,0,Monday,False,False,False,Ninoy Aquino International Airport,MNL
Kuala Lumpur International Airport,KUL,2024-08-20 21:45,Ninoy Aquino International Airport,MNL,2024-08-21 01:45,240,Philippines AirAsia,Economy,240,N,,,73,Y,N,N,1,7,0,0,Tuesday,False,True,True,Ninoy Aquino International Airport,MNL
Kuala Lumpur International Airport,KUL,2024-08-20 08:15,Ninoy Aquino International Airport,MNL,2024-08-20 12:15,240,AirAsia,Economy,240,N,,,82,Y,N,N,1,7,0,0,Tuesday,False,False,False,Ninoy Aquino International Airport,MNL
Kuala Lumpur International Airport,KUL,2024-08-20 01:40,Ninoy Aquino International Airport,MNL,2024-08-20 06:00,260,Cebu Pacific,Economy,260,N,,,87,Y,N,N,1,7,0,0,Tuesday,False,False,False,Ninoy Aquino International Airport,MNL
Kuala Lumpur International Airport,KUL,2024-08-21 21:55,Ninoy Aquino International Airport,MNL,2024-08-22 01:55,240,Philippines AirAsia,Economy,240,N,,,73,Y,N,N,1,7,0,0,Wednesday,False,False,True,Ninoy Aquino International Airport,MNL
Kuala Lumpur International Airport,KUL,2024-08-21 08:15,Ninoy Aquino International Airport,MNL,2024-08-21 12:15,240,AirAsia,Economy,240,N,,,82,Y,N,N,1,7,0,0,Wednesday,False,True,False,Ninoy Aquino International Airport,MNL
Kuala Lumpur International Airport,KUL,2024-08-21 18:00,Ninoy Aquino International Airport,MNL,2024-08-21 22:10,250,AirAsia,Economy,250,N,,,82,Y,N,N,1,7,0,0,Wednesday,False,True,False,Ninoy Aquino International Airport,MNL
Kuala Lumpur International Airport,KUL,2024-08-21 14:40,Singapore Changi Airport,SIN,2024-08-21 15:45,65,Jetstar,Economy,380,Y,90.0,,93,Y,N,N,1,7,0,0,Wednesday,False,True,False,Ninoy Aquino International Airport,MNL
Kuala Lumpur International Airport,KUL,2024-08-22 21:50,Ninoy Aquino International Airport,MNL,2024-08-23 01:50,240,Philippines AirAsia,Economy,240,N,,,73,Y,N,N,1,7,0,0,Thursday,False,False,True,Ninoy Aquino International Airport,MNL
Kuala Lumpur International Airport,KUL,2024-08-22 18:00,Ninoy Aquino International Airport,MNL,2024-08-22 22:10,250,AirAsia,Economy,250,N,,,78,Y,N,N,1,7,0,0,Thursday,False,False,False,Ninoy Aquino International Airport,MNL
Kuala Lumpur International Airport,KUL,2024-08-22 01:40,Ninoy Aquino International Airport,MNL,2024-08-22 06:00,260,Cebu Pacific,Economy,260,N,,,78,Y,N,N,1,7,0,0,Thursday,False,False,False,Ninoy Aquino International Airport,MNL
Kuala Lumpur International Airport,KUL,2024-08-23 11:55,Singapore Changi Airport,SIN,2024-08-23 12:55,60,Scoot,Economy,400,Y,105.0,,68,Y,N,N,1,7,0,0,Friday,False,False,False,Ninoy Aquino International Airport,MNL
Kuala Lumpur International Airport,KUL,2024-08-23 21:55,Ninoy Aquino International Airport,MNL,2024-08-24 01:55,240,Philippines AirAsia,Economy,240,N,,,73,Y,N,N,1,7,0,0,Friday,False,False,True,Ninoy Aquino International Airport,MNL
Kuala Lumpur International Airport,KUL,2024-08-23 08:15,Ninoy Aquino International Airport,MNL,2024-08-23 12:15,240,AirAsia,Economy,240,N,,,78,Y,N,N,1,7,0,0,Friday,False,False,False,Ninoy Aquino International Airport,MNL
Kuala Lumpur International Airport,KUL,2024-08-23 01:40,Ninoy Aquino International Airport,MNL,2024-08-23 06:00,260,Cebu Pacific,Economy,260,N,,,78,Y,N,N,1,7,0,0,Friday,False,False,False,Ninoy Aquino International Airport,MNL
Kuala Lumpur International Airport,KUL,2024-08-24 01:40,Ninoy Aquino International Airport,MNL,2024-08-24 06:00,260,Cebu Pacific,Economy,260,N,,,59,Y,N,N,1,7,0,0,Saturday,False,False,False,Ninoy Aquino International Airport,MNL
Kuala Lumpur International Airport,KUL,2024-08-24 08:15,Ninoy Aquino International Airport,MNL,2024-08-24 12:15,240,AirAsia,Economy,240,N,,,82,Y,N,N,1,7,0,0,Saturday,False,False,False,Ninoy Aquino International Airport,MNL
Kuala Lumpur International Airport,KUL,2024-08-24 21:50,Ninoy Aquino International Airport,MNL,2024-08-25 02:00,250,Philippines AirAsia,Economy,250,N,,,82,Y,N,N,1,7,0,0,Saturday,False,False,True,Ninoy Aquino International Airport,MNL
Kuala Lumpur International Airport,KUL,2024-08-25 01:40,Ninoy Aquino International Airport,MNL,2024-08-25 06:00,260,Cebu Pacific,Economy,260,N,,,78,Y,N,N,1,7,0,0,Sunday,False,False,False,Ninoy Aquino International Airport,MNL
Kuala Lumpur International Airport,KUL,2024-08-25 08:15,Ninoy Aquino International Airport,MNL,2024-08-25 12:15,240,AirAsia,Economy,240,N,,,82,Y,N,N,1,7,0,0,Sunday,False,False,False,Ninoy Aquino International Airport,MNL
Kuala Lumpur International Airport,KUL,2024-08-25 21:55,Ninoy Aquino International Airport,MNL,2024-08-26 01:55,240,Philippines AirAsia,Economy,240,N,,,86,Y,N,N,1,7,0,0,Sunday,False,True,True,Ninoy Aquino International Airport,MNL
Kuala Lumpur International Airport,KUL,2024-08-26 08:15,Ninoy Aquino International Airport,MNL,2024-08-26 12:15,240,AirAsia,Economy,240,N,,,86,Y,N,N,1,7,0,0,Monday,False,True,False,Ninoy Aquino International Airport,MNL
Kuala Lumpur International Airport,KUL,2024-08-26 18:00,Ninoy Aquino International Airport,MNL,2024-08-26 22:10,250,AirAsia,Economy,250,N,,,95,Y,N,N,1,7,0,0,Monday,False,True,False,Ninoy Aquino International Airport,MNL
Kuala Lumpur International Airport,KUL,2024-08-26 21:55,Ninoy Aquino International Airport,MNL,2024-08-27 01:55,240,Philippines AirAsia,Economy,240,N,,,95,Y,N,N,1,7,0,0,Monday,False,False,True,Ninoy Aquino International Airport,MNL
Kuala Lumpur International Airport,KUL,2024-08-26 10:10,Ninoy Aquino International Airport,MNL,2024-08-26 14:05,235,Malaysia Airlines,Economy,235,N,,,142,Y,N,N,1,7,0,0,Monday,False,True,False,Ninoy Aquino International Airport,MNL
Kuala Lumpur International Airport,KUL,2024-08-27 08:15,Ninoy Aquino International Airport,MNL,2024-08-27 12:15,240,AirAsia,Economy,240,N,,,82,Y,N,N,1,7,0,0,Tuesday,False,False,False,Ninoy Aquino International Airport,MNL
Kuala Lumpur International Airport,KUL,2024-08-27 21:45,Ninoy Aquino International Airport,MNL,2024-08-28 01:45,240,Philippines AirAsia,Economy,240,N,,,82,Y,N,N,1,7,0,0,Tuesday,False,False,True,Ninoy Aquino International Airport,MNL
Kuala Lumpur International Airport,KUL,2024-08-27 18:00,Ninoy Aquino International Airport,MNL,2024-08-27 22:10,250,AirAsia,Economy,250,N,,,86,Y,N,N,1,7,0,0,Tuesday,False,False,False,Ninoy Aquino International Airport,MNL
Kuala Lumpur International Airport,KUL,2024-08-27 01:40,Ninoy Aquino International Airport,MNL,2024-08-27 06:00,260,Cebu Pacific,Economy,260,N,,,97,Y,N,N,1,7,0,0,Tuesday,False,False,False,Ninoy Aquino International Airport,MNL
Kuala Lumpur International Airport,KUL,2024-08-28 08:15,Ninoy Aquino International Airport,MNL,2024-08-28 12:15,240,AirAsia,Economy,240,N,,,82,Y,N,N,1,7,0,0,Wednesday,False,False,False,Ninoy Aquino International Airport,MNL
Kuala Lumpur International Airport,KUL,2024-08-28 21:55,Ninoy Aquino International Airport,MNL,2024-08-29 01:55,240,Philippines AirAsia,Economy,240,N,,,82,Y,N,N,1,7,0,0,Wednesday,False,False,True,Ninoy Aquino International Airport,MNL
Kuala Lumpur International Airport,KUL,2024-08-28 18:00,Ninoy Aquino International Airport,MNL,2024-08-28 22:10,250,AirAsia,Economy,250,N,,,86,Y,N,N,1,7,0,0,Wednesday,False,False,False,Ninoy Aquino International Airport,MNL
Kuala Lumpur International Airport,KUL,2024-08-29 21:50,Ninoy Aquino International Airport,MNL,2024-08-30 01:50,240,Philippines AirAsia,Economy,240,N,,,73,Y,N,N,1,7,0,0,Thursday,False,False,True,Ninoy Aquino International Airport,MNL
Kuala Lumpur International Airport,KUL,2024-08-29 08:15,Ninoy Aquino International Airport,MNL,2024-08-29 12:15,240,AirAsia,Economy,240,N,,,78,Y,N,N,1,7,0,0,Thursday,False,False,False,Ninoy Aquino International Airport,MNL
Kuala Lumpur International Airport,KUL,2024-08-29 18:00,Ninoy Aquino International Airport,MNL,2024-08-29 22:10,250,AirAsia,Economy,250,N,,,78,Y,N,N,1,7,0,0,Thursday,False,False,False,Ninoy Aquino International Airport,MNL
Kuala Lumpur International Airport,KUL,2024-08-29 11:55,Singapore Changi Airport,SIN,2024-08-29 12:55,60,Scoot,Economy,400,Y,105.0,,91,Y,N,N,1,7,0,0,Thursday,False,False,False,Ninoy Aquino International Airport,MNL
Kuala Lumpur International Airport,KUL,2024-08-29 01:40,Ninoy Aquino International Airport,MNL,2024-08-29 06:00,260,Cebu Pacific,Economy,260,N,,,97,Y,N,N,1,7,0,0,Thursday,False,False,False,Ninoy Aquino International Airport,MNL
Kuala Lumpur International Airport,KUL,2024-08-30 11:55,Singapore Changi Airport,SIN,2024-08-30 12:55,60,Scoot,Economy,400,Y,105.0,,68,Y,N,N,1,7,0,0,Friday,False,False,False,Ninoy Aquino International Airport,MNL
Kuala Lumpur International Airport,KUL,2024-08-30 18:00,Ninoy Aquino International Airport,MNL,2024-08-30 22:10,250,AirAsia,Economy,250,N,,,78,Y,N,N,1,7,0,0,Friday,False,False,False,Ninoy Aquino International Airport,MNL
Kuala Lumpur International Airport,KUL,2024-08-30 21:55,Ninoy Aquino International Airport,MNL,2024-08-31 01:55,240,Philippines AirAsia,Economy,240,N,,,82,Y,N,N,1,7,0,0,Friday,False,False,True,Ninoy Aquino International Airport,MNL
Kuala Lumpur International Airport,KUL,2024-08-30 01:40,Ninoy Aquino International Airport,MNL,2024-08-30 06:00,260,Cebu Pacific,Economy,260,N,,,83,Y,N,N,1,7,0,0,Friday,False,False,False,Ninoy Aquino International Airport,MNL
Kuala Lumpur International Airport,KUL,2024-08-31 08:15,Ninoy Aquino International Airport,MNL,2024-08-31 12:15,240,AirAsia,Economy,240,N,,,82,Y,N,N,1,7,0,0,Saturday,True,False,False,Ninoy Aquino International Airport,MNL
Kuala Lumpur International Airport,KUL,2024-08-31 21:50,Ninoy Aquino International Airport,MNL,2024-09-01 02:00,250,Philippines AirAsia,Economy,250,N,,,82,Y,N,N,1,7,0,0,Saturday,True,False,True,Ninoy Aquino International Airport,MNL
Kuala Lumpur International Airport,KUL,2024-08-31 01:40,Ninoy Aquino International Airport,MNL,2024-08-31 06:00,260,Cebu Pacific,Economy,260,N,,,83,Y,N,N,1,7,0,0,Saturday,True,False,False,Ninoy Aquino International Airport,MNL
