Departure Airport Name,Departure Airport ID,Departure Time,Arrival Airport Name,Arrival Airport ID,Arrival Time,Duration,Airline,Travel Class,Total Duration,Layover,Layover 1 Duration,Layover 1 Overnight,Price, Cabin Baggage, Checked Baggage,Meal Included,Cabin Baggage (Number),Cabin Baggage (kg in total),Checked Baggage (Number),Checked Baggage (kg in total),Day of week (on flight date),Departure Country Is Holiday,Arrival Country Is Holiday,Overnight Flight,Final Arrival Airport Name,Final Arrival Airport ID
Kuala Lumpur International Airport,KUL,2024-08-01 14:15,Don Mueang International Airport,DMK,2024-08-01 15:30,135,AirAsia,Economy,135,N,0,N,47,Y,N,N,1,7,0,0,Thursday,False,False,False,Suvarnabhumi Airport,BKK
Kuala Lumpur International Airport,KUL,2024-08-01 17:45,Don Mueang International Airport,DMK,2024-08-01 19:05,140,Thai AirAsia,Economy,140,N,0,N,47,Y,N,N,1,7,0,0,Thursday,False,False,False,Suvarnabhumi Airport,BKK
Kuala Lumpur International Airport,KUL,2024-08-01 18:05,Don Mueang International Airport,DMK,2024-08-01 19:15,130,Batik Air,Economy,130,N,0,N,47,Y,N,N,1,7,0,0,Thursday,False,False,False,Suvarnabhumi Airport,BKK
Kuala Lumpur International Airport,KUL,2024-08-02 11:25,Don Mueang International Airport,DMK,2024-08-02 12:40,135,AirAsia,Economy,135,N,0,N,43,Y,N,N,1,7,0,0,Friday,False,False,False,Suvarnabhumi Airport,BKK
Kuala Lumpur International Airport,KUL,2024-08-02 14:15,Don Mueang International Airport,DMK,2024-08-02 15:30,135,AirAsia,Economy,135,N,0,N,43,Y,N,N,1,7,0,0,Friday,False,False,False,Suvarnabhumi Airport,BKK
Kuala Lumpur International Airport,KUL,2024-08-02 17:45,Don Mueang International Airport,DMK,2024-08-02 19:05,140,Thai AirAsia,Economy,140,N,0,N,43,Y,N,N,1,7,0,0,Friday,False,False,False,Suvarnabhumi Airport,BKK
Kuala Lumpur International Airport,KUL,2024-08-02 18:05,Don Mueang International Airport,DMK,2024-08-02 19:15,130,Batik Air,Economy,130,N,0,N,47,Y,N,N,1,7,0,0,Friday,False,False,False,Suvarnabhumi Airport,BKK
Kuala Lumpur International Airport,KUL,2024-08-03 14:15,Don Mueang International Airport,DMK,2024-08-03 15:30,135,AirAsia,Economy,135,N,0,N,47,Y,N,N,1,7,0,0,Saturday,False,False,False,Suvarnabhumi Airport,BKK
Kuala Lumpur International Airport,KUL,2024-08-03 17:45,Don Mueang International Airport,DMK,2024-08-03 19:05,140,Thai AirAsia,Economy,140,N,0,N,47,Y,N,N,1,7,0,0,Saturday,False,False,False,Suvarnabhumi Airport,BKK
Kuala Lumpur International Airport,KUL,2024-08-03 09:50,Don Mueang International Airport,DMK,2024-08-03 11:05,135,Batik Air,Economy,135,N,0,N,52,Y,N,N,1,7,0,0,Saturday,False,False,False,Suvarnabhumi Airport,BKK
Kuala Lumpur International Airport,KUL,2024-08-04 14:15,Don Mueang International Airport,DMK,2024-08-04 15:30,135,AirAsia,Economy,135,N,0,N,43,Y,N,N,1,7,0,0,Sunday,False,False,False,Suvarnabhumi Airport,BKK
Kuala Lumpur International Airport,KUL,2024-08-04 17:45,Don Mueang International Airport,DMK,2024-08-04 19:05,140,Thai AirAsia,Economy,140,N,0,N,43,Y,N,N,1,7,0,0,Sunday,False,False,False,Suvarnabhumi Airport,BKK
Kuala Lumpur International Airport,KUL,2024-08-04 09:50,Don Mueang International Airport,DMK,2024-08-04 11:05,135,Batik Air,Economy,135,N,0,N,47,Y,N,N,1,7,0,0,Sunday,False,False,False,Suvarnabhumi Airport,BKK
Kuala Lumpur International Airport,KUL,2024-08-05 14:15,Don Mueang International Airport,DMK,2024-08-05 15:30,135,AirAsia,Economy,135,N,0,N,43,Y,N,N,1,7,0,0,Monday,False,False,False,Suvarnabhumi Airport,BKK
Kuala Lumpur International Airport,KUL,2024-08-05 17:45,Don Mueang International Airport,DMK,2024-08-05 19:05,140,Thai AirAsia,Economy,140,N,0,N,43,Y,N,N,1,7,0,0,Monday,False,False,False,Suvarnabhumi Airport,BKK
Kuala Lumpur International Airport,KUL,2024-08-05 18:05,Don Mueang International Airport,DMK,2024-08-05 19:15,130,Batik Air,Economy,130,N,0,N,47,Y,N,N,1,7,0,0,Monday,False,False,False,Suvarnabhumi Airport,BKK
Kuala Lumpur International Airport,KUL,2024-08-06 16:40,Don Mueang International Airport,DMK,2024-08-06 18:00,140,AirAsia,Economy,140,N,0,N,43,Y,N,N,1,7,0,0,Tuesday,False,False,False,Suvarnabhumi Airport,BKK
Kuala Lumpur International Airport,KUL,2024-08-06 17:45,Don Mueang International Airport,DMK,2024-08-06 19:05,140,Thai AirAsia,Economy,140,N,0,N,47,Y,N,N,1,7,0,0,Tuesday,False,False,False,Suvarnabhumi Airport,BKK
Kuala Lumpur International Airport,KUL,2024-08-06 18:05,Don Mueang International Airport,DMK,2024-08-06 19:15,130,Batik Air,Economy,130,N,0,N,47,Y,N,N,1,7,0,0,Tuesday,False,False,False,Suvarnabhumi Airport,BKK
Kuala Lumpur International Airport,KUL,2024-08-07 14:15,Don Mueang International Airport,DMK,2024-08-07 15:30,135,AirAsia,Economy,135,N,0,N,47,Y,N,N,1,7,0,0,Wednesday,False,False,False,Suvarnabhumi Airport,BKK
Kuala Lumpur International Airport,KUL,2024-08-07 17:45,Don Mueang International Airport,DMK,2024-08-07 19:05,140,Thai AirAsia,Economy,140,N,0,N,47,Y,N,N,1,7,0,0,Wednesday,False,False,False,Suvarnabhumi Airport,BKK
Kuala Lumpur International Airport,KUL,2024-08-07 18:05,Don Mueang International Airport,DMK,2024-08-07 19:15,130,Batik Air,Economy,130,N,0,N,47,Y,N,N,1,7,0,0,Wednesday,False,False,False,Suvarnabhumi Airport,BKK
Kuala Lumpur International Airport,KUL,2024-08-08 16:40,Don Mueang International Airport,DMK,2024-08-08 18:00,140,AirAsia,Economy,140,N,0,N,43,Y,N,N,1,7,0,0,Thursday,False,False,False,Suvarnabhumi Airport,BKK
Kuala Lumpur International Airport,KUL,2024-08-08 17:45,Don Mueang International Airport,DMK,2024-08-08 19:05,140,Thai AirAsia,Economy,140,N,0,N,43,Y,N,N,1,7,0,0,Thursday,False,False,False,Suvarnabhumi Airport,BKK
Kuala Lumpur International Airport,KUL,2024-08-08 18:05,Don Mueang International Airport,DMK,2024-08-08 19:15,130,Batik Air,Economy,130,N,0,N,47,Y,N,N,1,7,0,0,Thursday,False,False,False,Suvarnabhumi Airport,BKK
Kuala Lumpur International Airport,KUL,2024-08-09 14:15,Don Mueang International Airport,DMK,2024-08-09 15:30,135,AirAsia,Economy,135,N,0,N,43,Y,N,N,1,7,0,0,Friday,False,False,False,Suvarnabhumi Airport,BKK
Kuala Lumpur International Airport,KUL,2024-08-09 17:45,Don Mueang International Airport,DMK,2024-08-09 19:05,140,Thai AirAsia,Economy,140,N,0,N,43,Y,N,N,1,7,0,0,Friday,False,False,False,Suvarnabhumi Airport,BKK
Kuala Lumpur International Airport,KUL,2024-08-09 09:50,Don Mueang International Airport,DMK,2024-08-09 11:05,135,Batik Air,Economy,135,N,0,N,47,Y,N,N,1,7,0,0,Friday,False,False,False,Suvarnabhumi Airport,BKK
Kuala Lumpur International Airport,KUL,2024-08-10 14:15,Don Mueang International Airport,DMK,2024-08-10 15:30,135,AirAsia,Economy,135,N,0,N,43,Y,N,N,1,7,0,0,Saturday,False,False,False,Suvarnabhumi Airport,BKK
Kuala Lumpur International Airport,KUL,2024-08-10 17:45,Don Mueang International Airport,DMK,2024-08-10 19:05,140,Thai AirAsia,Economy,140,N,0,N,43,Y,N,N,1,7,0,0,Saturday,False,False,False,Suvarnabhumi Airport,BKK
Kuala Lumpur International Airport,KUL,2024-08-10 09:50,Don Mueang International Airport,DMK,2024-08-10 11:05,135,Batik Air,Economy,135,N,0,N,47,Y,N,N,1,7,0,0,Saturday,False,False,False,Suvarnabhumi Airport,BKK
Kuala Lumpur International Airport,KUL,2024-08-11 16:40,Don Mueang International Airport,DMK,2024-08-11 18:00,140,AirAsia,Economy,140,N,0,N,43,Y,N,N,1,7,0,0,Sunday,False,False,False,Suvarnabhumi Airport,BKK
Kuala Lumpur International Airport,KUL,2024-08-11 17:45,Don Mueang International Airport,DMK,2024-08-11 19:05,140,Thai AirAsia,Economy,140,N,0,N,43,Y,N,N,1,7,0,0,Sunday,False,False,False,Suvarnabhumi Airport,BKK
Kuala Lumpur International Airport,KUL,2024-08-11 09:50,Don Mueang International Airport,DMK,2024-08-11 11:05,135,Batik Air,Economy,135,N,0,N,47,Y,N,N,1,7,0,0,Sunday,False,False,False,Suvarnabhumi Airport,BKK
Kuala Lumpur International Airport,KUL,2024-08-12 17:45,Don Mueang International Airport,DMK,2024-08-12 19:05,140,Thai AirAsia,Economy,140,N,0,N,43,Y,N,N,1,7,0,0,Monday,False,True,False,Suvarnabhumi Airport,BKK
Kuala Lumpur International Airport,KUL,2024-08-12 14:15,Don Mueang International Airport,DMK,2024-08-12 15:30,135,AirAsia,Economy,135,N,0,N,47,Y,N,N,1,7,0,0,Monday,False,True,False,Suvarnabhumi Airport,BKK
Kuala Lumpur International Airport,KUL,2024-08-12 18:05,Don Mueang International Airport,DMK,2024-08-12 19:15,130,Batik Air,Economy,130,N,0,N,47,Y,N,N,1,7,0,0,Monday,False,True,False,Suvarnabhumi Airport,BKK
Kuala Lumpur International Airport,KUL,2024-08-13 16:40,Don Mueang International Airport,DMK,2024-08-13 18:00,140,AirAsia,Economy,140,N,0,N,43,Y,N,N,1,7,0,0,Tuesday,False,False,False,Suvarnabhumi Airport,BKK
Kuala Lumpur International Airport,KUL,2024-08-13 17:45,Don Mueang International Airport,DMK,2024-08-13 19:05,140,Thai AirAsia,Economy,140,N,0,N,43,Y,N,N,1,7,0,0,Tuesday,False,False,False,Suvarnabhumi Airport,BKK
Kuala Lumpur International Airport,KUL,2024-08-13 18:05,Don Mueang International Airport,DMK,2024-08-13 19:15,130,Batik Air,Economy,130,N,0,N,47,Y,N,N,1,7,0,0,Tuesday,False,False,False,Suvarnabhumi Airport,BKK
Kuala Lumpur International Airport,KUL,2024-08-14 17:45,Don Mueang International Airport,DMK,2024-08-14 19:05,140,Thai AirAsia,Economy,140,N,0,N,56,Y,N,N,1,7,0,0,Wednesday,False,False,False,Suvarnabhumi Airport,BKK
Kuala Lumpur International Airport,KUL,2024-08-14 18:05,Don Mueang International Airport,DMK,2024-08-14 19:15,130,Batik Air,Economy,130,N,0,N,64,Y,N,N,1,7,0,0,Wednesday,False,False,False,Suvarnabhumi Airport,BKK
Kuala Lumpur International Airport,KUL,2024-08-14 14:15,Don Mueang International Airport,DMK,2024-08-14 15:30,135,AirAsia,Economy,135,N,0,N,66,Y,N,N,1,7,0,0,Wednesday,False,False,False,Suvarnabhumi Airport,BKK
Kuala Lumpur International Airport,KUL,2024-08-15 18:30,Don Mueang International Airport,DMK,2024-08-15 19:50,140,AirAsia,Economy,140,N,0,N,43,Y,N,N,1,7,0,0,Thursday,False,False,False,Suvarnabhumi Airport,BKK
Kuala Lumpur International Airport,KUL,2024-08-15 19:35,Don Mueang International Airport,DMK,2024-08-15 20:50,135,AirAsia,Economy,135,N,0,N,43,Y,N,N,1,7,0,0,Thursday,False,False,False,Suvarnabhumi Airport,BKK
Kuala Lumpur International Airport,KUL,2024-08-15 16:40,Don Mueang International Airport,DMK,2024-08-15 18:00,140,AirAsia,Economy,140,N,0,N,47,Y,N,N,1,7,0,0,Thursday,False,False,False,Suvarnabhumi Airport,BKK
Kuala Lumpur International Airport,KUL,2024-08-15 18:05,Don Mueang International Airport,DMK,2024-08-15 19:15,130,Batik Air,Economy,130,N,0,N,52,Y,N,N,1,7,0,0,Thursday,False,False,False,Suvarnabhumi Airport,BKK
Kuala Lumpur International Airport,KUL,2024-08-16 17:45,Don Mueang International Airport,DMK,2024-08-16 19:05,140,Thai AirAsia,Economy,140,N,0,N,43,Y,N,N,1,7,0,0,Friday,False,False,False,Suvarnabhumi Airport,BKK
Kuala Lumpur International Airport,KUL,2024-08-16 14:15,Don Mueang International Airport,DMK,2024-08-16 15:30,135,AirAsia,Economy,135,N,0,N,47,Y,N,N,1,7,0,0,Friday,False,False,False,Suvarnabhumi Airport,BKK
Kuala Lumpur International Airport,KUL,2024-08-16 18:05,Don Mueang International Airport,DMK,2024-08-16 19:15,130,Batik Air,Economy,130,N,0,N,47,Y,N,N,1,7,0,0,Friday,False,False,False,Suvarnabhumi Airport,BKK
Kuala Lumpur International Airport,KUL,2024-08-17 13:30,Don Mueang International Airport,DMK,2024-08-17 14:45,135,AirAsia,Economy,135,N,0,N,43,Y,N,N,1,7,0,0,Saturday,False,False,False,Suvarnabhumi Airport,BKK
Kuala Lumpur International Airport,KUL,2024-08-17 14:15,Don Mueang International Airport,DMK,2024-08-17 15:30,135,AirAsia,Economy,135,N,0,N,43,Y,N,N,1,7,0,0,Saturday,False,False,False,Suvarnabhumi Airport,BKK
Kuala Lumpur International Airport,KUL,2024-08-17 17:45,Don Mueang International Airport,DMK,2024-08-17 19:05,140,Thai AirAsia,Economy,140,N,0,N,43,Y,N,N,1,7,0,0,Saturday,False,False,False,Suvarnabhumi Airport,BKK
Kuala Lumpur International Airport,KUL,2024-08-17 18:05,Don Mueang International Airport,DMK,2024-08-17 19:15,130,Batik Air,Economy,130,N,0,N,47,Y,N,N,1,7,0,0,Saturday,False,False,False,Suvarnabhumi Airport,BKK
Kuala Lumpur International Airport,KUL,2024-08-18 11:25,Don Mueang International Airport,DMK,2024-08-18 12:40,135,AirAsia,Economy,135,N,0,N,43,Y,N,N,1,7,0,0,Sunday,False,False,False,Suvarnabhumi Airport,BKK
Kuala Lumpur International Airport,KUL,2024-08-18 13:30,Don Mueang International Airport,DMK,2024-08-18 14:45,135,AirAsia,Economy,135,N,0,N,43,Y,N,N,1,7,0,0,Sunday,False,False,False,Suvarnabhumi Airport,BKK
Kuala Lumpur International Airport,KUL,2024-08-18 14:15,Don Mueang International Airport,DMK,2024-08-18 15:30,135,AirAsia,Economy,135,N,0,N,43,Y,N,N,1,7,0,0,Sunday,False,False,False,Suvarnabhumi Airport,BKK
Kuala Lumpur International Airport,KUL,2024-08-18 17:45,Don Mueang International Airport,DMK,2024-08-18 19:05,140,Thai AirAsia,Economy,140,N,0,N,43,Y,N,N,1,7,0,0,Sunday,False,False,False,Suvarnabhumi Airport,BKK
Kuala Lumpur International Airport,KUL,2024-08-18 18:05,Don Mueang International Airport,DMK,2024-08-18 19:15,130,Batik Air,Economy,130,N,0,N,47,Y,N,N,1,7,0,0,Sunday,False,False,False,Suvarnabhumi Airport,BKK
Kuala Lumpur International Airport,KUL,2024-08-19 14:15,Don Mueang International Airport,DMK,2024-08-19 15:30,135,AirAsia,Economy,135,N,0,N,43,Y,N,N,1,7,0,0,Monday,False,False,False,Suvarnabhumi Airport,BKK
Kuala Lumpur International Airport,KUL,2024-08-19 17:45,Don Mueang International Airport,DMK,2024-08-19 19:05,140,Thai AirAsia,Economy,140,N,0,N,43,Y,N,N,1,7,0,0,Monday,False,False,False,Suvarnabhumi Airport,BKK
Kuala Lumpur International Airport,KUL,2024-08-19 18:05,Don Mueang International Airport,DMK,2024-08-19 19:15,130,Batik Air,Economy,130,N,0,N,47,Y,N,N,1,7,0,0,Monday,False,False,False,Suvarnabhumi Airport,BKK
Kuala Lumpur International Airport,KUL,2024-08-20 14:15,Don Mueang International Airport,DMK,2024-08-20 15:30,135,AirAsia,Economy,135,N,0,N,43,Y,N,N,1,7,0,0,Tuesday,False,False,False,Suvarnabhumi Airport,BKK
Kuala Lumpur International Airport,KUL,2024-08-20 17:45,Don Mueang International Airport,DMK,2024-08-20 19:05,140,Thai AirAsia,Economy,140,N,0,N,43,Y,N,N,1,7,0,0,Tuesday,False,False,False,Suvarnabhumi Airport,BKK
Kuala Lumpur International Airport,KUL,2024-08-20 18:05,Don Mueang International Airport,DMK,2024-08-20 19:15,130,Batik Air,Economy,130,N,0,N,47,Y,N,N,1,7,0,0,Tuesday,False,False,False,Suvarnabhumi Airport,BKK
Kuala Lumpur International Airport,KUL,2024-08-21 14:15,Don Mueang International Airport,DMK,2024-08-21 15:30,135,AirAsia,Economy,135,N,0,N,43,Y,N,N,1,7,0,0,Wednesday,False,False,False,Suvarnabhumi Airport,BKK
Kuala Lumpur International Airport,KUL,2024-08-21 17:45,Don Mueang International Airport,DMK,2024-08-21 19:05,140,Thai AirAsia,Economy,140,N,0,N,43,Y,N,N,1,7,0,0,Wednesday,False,False,False,Suvarnabhumi Airport,BKK
Kuala Lumpur International Airport,KUL,2024-08-21 18:05,Don Mueang International Airport,DMK,2024-08-21 19:15,130,Batik Air,Economy,130,N,0,N,52,Y,N,N,1,7,0,0,Wednesday,False,False,False,Suvarnabhumi Airport,BKK
Kuala Lumpur International Airport,KUL,2024-08-22 14:15,Don Mueang International Airport,DMK,2024-08-22 15:30,135,AirAsia,Economy,135,N,0,N,43,Y,N,N,1,7,0,0,Thursday,False,False,False,Suvarnabhumi Airport,BKK
Kuala Lumpur International Airport,KUL,2024-08-22 09:50,Don Mueang International Airport,DMK,2024-08-22 11:05,135,Batik Air,Economy,135,N,0,N,47,Y,N,N,1,7,0,0,Thursday,False,False,False,Suvarnabhumi Airport,BKK
Kuala Lumpur International Airport,KUL,2024-08-22 10:40,Don Mueang International Airport,DMK,2024-08-22 11:55,135,Thai AirAsia,Economy,135,N,0,N,47,Y,N,N,1,7,0,0,Thursday,False,False,False,Suvarnabhumi Airport,BKK
Kuala Lumpur International Airport,KUL,2024-08-23 14:15,Don Mueang International Airport,DMK,2024-08-23 15:30,135,AirAsia,Economy,135,N,0,N,43,Y,N,N,1,7,0,0,Friday,False,False,False,Suvarnabhumi Airport,BKK
Kuala Lumpur International Airport,KUL,2024-08-23 17:45,Don Mueang International Airport,DMK,2024-08-23 19:05,140,Thai AirAsia,Economy,140,N,0,N,43,Y,N,N,1,7,0,0,Friday,False,False,False,Suvarnabhumi Airport,BKK
Kuala Lumpur International Airport,KUL,2024-08-23 09:50,Don Mueang International Airport,DMK,2024-08-23 11:05,135,Batik Air,Economy,135,N,0,N,47,Y,N,N,1,7,0,0,Friday,False,False,False,Suvarnabhumi Airport,BKK
Kuala Lumpur International Airport,KUL,2024-08-24 14:15,Don Mueang International Airport,DMK,2024-08-24 15:30,135,AirAsia,Economy,135,N,0,N,43,Y,N,N,1,7,0,0,Saturday,False,False,False,Suvarnabhumi Airport,BKK
Kuala Lumpur International Airport,KUL,2024-08-24 17:45,Don Mueang International Airport,DMK,2024-08-24 19:05,140,Thai AirAsia,Economy,140,N,0,N,43,Y,N,N,1,7,0,0,Saturday,False,False,False,Suvarnabhumi Airport,BKK
Kuala Lumpur International Airport,KUL,2024-08-24 09:50,Don Mueang International Airport,DMK,2024-08-24 11:05,135,Batik Air,Economy,135,N,0,N,47,Y,N,N,1,7,0,0,Saturday,False,False,False,Suvarnabhumi Airport,BKK
Kuala Lumpur International Airport,KUL,2024-08-25 13:30,Don Mueang International Airport,DMK,2024-08-25 14:45,135,AirAsia,Economy,135,N,0,N,43,Y,N,N,1,7,0,0,Sunday,False,False,False,Suvarnabhumi Airport,BKK
Kuala Lumpur International Airport,KUL,2024-08-25 14:15,Don Mueang International Airport,DMK,2024-08-25 15:30,135,AirAsia,Economy,135,N,0,N,43,Y,N,N,1,7,0,0,Sunday,False,False,False,Suvarnabhumi Airport,BKK
Kuala Lumpur International Airport,KUL,2024-08-25 17:45,Don Mueang International Airport,DMK,2024-08-25 19:05,140,Thai AirAsia,Economy,140,N,0,N,43,Y,N,N,1,7,0,0,Sunday,False,False,False,Suvarnabhumi Airport,BKK
Kuala Lumpur International Airport,KUL,2024-08-25 18:05,Don Mueang International Airport,DMK,2024-08-25 19:15,130,Batik Air,Economy,130,N,0,N,47,Y,N,N,1,7,0,0,Sunday,False,False,False,Suvarnabhumi Airport,BKK
Kuala Lumpur International Airport,KUL,2024-08-26 14:15,Don Mueang International Airport,DMK,2024-08-26 15:30,135,AirAsia,Economy,135,N,0,N,43,Y,N,N,1,7,0,0,Monday,False,False,False,Suvarnabhumi Airport,BKK
Kuala Lumpur International Airport,KUL,2024-08-26 17:45,Don Mueang International Airport,DMK,2024-08-26 19:05,140,Thai AirAsia,Economy,140,N,0,N,47,Y,N,N,1,7,0,0,Monday,False,False,False,Suvarnabhumi Airport,BKK
Kuala Lumpur International Airport,KUL,2024-08-26 18:05,Don Mueang International Airport,DMK,2024-08-26 19:15,130,Batik Air,Economy,130,N,0,N,47,Y,N,N,1,7,0,0,Monday,False,False,False,Suvarnabhumi Airport,BKK
Kuala Lumpur International Airport,KUL,2024-08-27 13:30,Don Mueang International Airport,DMK,2024-08-27 14:45,135,AirAsia,Economy,135,N,0,N,43,Y,N,N,1,7,0,0,Tuesday,False,False,False,Suvarnabhumi Airport,BKK
Kuala Lumpur International Airport,KUL,2024-08-27 14:15,Don Mueang International Airport,DMK,2024-08-27 15:30,135,AirAsia,Economy,135,N,0,N,43,Y,N,N,1,7,0,0,Tuesday,False,False,False,Suvarnabhumi Airport,BKK
Kuala Lumpur International Airport,KUL,2024-08-27 17:45,Don Mueang International Airport,DMK,2024-08-27 19:05,140,Thai AirAsia,Economy,140,N,0,N,43,Y,N,N,1,7,0,0,Tuesday,False,False,False,Suvarnabhumi Airport,BKK
Kuala Lumpur International Airport,KUL,2024-08-27 18:05,Don Mueang International Airport,DMK,2024-08-27 19:15,130,Batik Air,Economy,130,N,0,N,47,Y,N,N,1,7,0,0,Tuesday,False,False,False,Suvarnabhumi Airport,BKK
Kuala Lumpur International Airport,KUL,2024-08-28 17:45,Don Mueang International Airport,DMK,2024-08-28 19:05,140,Thai AirAsia,Economy,140,N,0,N,43,Y,N,N,1,7,0,0,Wednesday,False,False,False,Suvarnabhumi Airport,BKK
Kuala Lumpur International Airport,KUL,2024-08-28 14:15,Don Mueang International Airport,DMK,2024-08-28 15:30,135,AirAsia,Economy,135,N,0,N,47,Y,N,N,1,7,0,0,Wednesday,False,False,False,Suvarnabhumi Airport,BKK
Kuala Lumpur International Airport,KUL,2024-08-28 18:05,Don Mueang International Airport,DMK,2024-08-28 19:15,130,Batik Air,Economy,130,N,0,N,52,Y,N,N,1,7,0,0,Wednesday,False,False,False,Suvarnabhumi Airport,BKK
Kuala Lumpur International Airport,KUL,2024-08-29 14:15,Don Mueang International Airport,DMK,2024-08-29 15:30,135,AirAsia,Economy,135,N,0,N,43,Y,N,N,1,7,0,0,Thursday,False,False,False,Suvarnabhumi Airport,BKK
Kuala Lumpur International Airport,KUL,2024-08-29 17:45,Don Mueang International Airport,DMK,2024-08-29 19:05,140,Thai AirAsia,Economy,140,N,0,N,43,Y,N,N,1,7,0,0,Thursday,False,False,False,Suvarnabhumi Airport,BKK
Kuala Lumpur International Airport,KUL,2024-08-29 18:05,Don Mueang International Airport,DMK,2024-08-29 19:15,130,Batik Air,Economy,130,N,0,N,52,Y,N,N,1,7,0,0,Thursday,False,False,False,Suvarnabhumi Airport,BKK
Kuala Lumpur International Airport,KUL,2024-08-30 14:15,Don Mueang International Airport,DMK,2024-08-30 15:30,135,AirAsia,Economy,135,N,0,N,43,Y,N,N,1,7,0,0,Friday,False,False,False,Suvarnabhumi Airport,BKK
Kuala Lumpur International Airport,KUL,2024-08-30 17:45,Don Mueang International Airport,DMK,2024-08-30 19:05,140,Thai AirAsia,Economy,140,N,0,N,43,Y,N,N,1,7,0,0,Friday,False,False,False,Suvarnabhumi Airport,BKK
Kuala Lumpur International Airport,KUL,2024-08-30 09:50,Don Mueang International Airport,DMK,2024-08-30 11:05,135,Batik Air,Economy,135,N,0,N,47,Y,N,N,1,7,0,0,Friday,False,False,False,Suvarnabhumi Airport,BKK
Kuala Lumpur International Airport,KUL,2024-08-31 14:15,Don Mueang International Airport,DMK,2024-08-31 15:30,135,AirAsia,Economy,135,N,0,N,44,Y,N,N,1,7,0,0,Saturday,True,False,False,Suvarnabhumi Airport,BKK
Kuala Lumpur International Airport,KUL,2024-08-31 17:45,Don Mueang International Airport,DMK,2024-08-31 19:05,140,Thai AirAsia,Economy,140,N,0,N,44,Y,N,N,1,7,0,0,Saturday,True,False,False,Suvarnabhumi Airport,BKK
Kuala Lumpur International Airport,KUL,2024-08-31 10:50,Don Mueang International Airport,DMK,2024-08-31 12:05,135,AirAsia,Economy,135,N,0,N,50,Y,N,N,1,7,0,0,Saturday,True,False,False,Suvarnabhumi Airport,BKK
