Departure Airport Name,Departure Airport ID,Departure Time,Arrival Airport Name,Arrival Airport ID,Arrival Time,Duration,Airline,Travel Class,Total Duration,Layover,Layover 1 Duration,Layover 1 Overnight,Price, Cabin Baggage, Checked Baggage,Meal Included,Cabin Baggage (Number),Cabin Baggage (kg in total),Checked Baggage (Number),Checked Baggage (kg in total),Final Arrival Airport Name,Final Arrival Airport ID,Day of week (on flight date),Departure Country Is Holiday,Arrival Country Is Holiday,Overnight Flight
Kuala Lumpur International Airport,KUL,01/08/2024 8:20,Don Mueang International Airport,DMK,01/08/2024 9:30,130,AirAsia,Economy,360,Y,160,,124,Y,N,N,1,7,0,0,Wattay International Airport,VTE,Thursday,FALSE,FALSE,FALSE
Kuala Lumpur International Airport,KUL,01/08/2024 17:45,Don Mueang International Airport,DMK,01/08/2024 19:05,140,Thai AirAsia,Economy,890,Y,680,TRUE,144,Y,N,N,1,7,0,0,Wattay International Airport,VTE,Thursday,FALSE,FALSE,FALSE
Kuala Lumpur International Airport,KUL,01/08/2024 19:35,Don Mueang International Airport,DMK,01/08/2024 20:50,135,AirAsia,Economy,780,Y,575,TRUE,144,Y,N,N,1,7,0,0,Wattay International Airport,VTE,Thursday,FALSE,FALSE,FALSE
Kuala Lumpur International Airport,KUL,01/08/2024 13:20,Suvarnabhumi Airport,BKK,01/08/2024 14:30,130,THAI,Economy,445,Y,235,,249,Y,Y,N,1,7,1,25,Wattay International Airport,VTE,Thursday,FALSE,FALSE,FALSE
Kuala Lumpur International Airport,KUL,02/08/2024 17:45,Don Mueang International Airport,DMK,02/08/2024 19:05,140,Thai AirAsia,Economy,890,Y,680,TRUE,99,Y,N,N,1,7,0,0,Wattay International Airport,VTE,Friday,FALSE,FALSE,FALSE
Kuala Lumpur International Airport,KUL,02/08/2024 6:35,Don Mueang International Airport,DMK,02/08/2024 7:50,135,AirAsia,Economy,465,Y,260,,152,Y,N,N,1,7,0,0,Wattay International Airport,VTE,Friday,FALSE,FALSE,FALSE
Kuala Lumpur International Airport,KUL,02/08/2024 8:20,Don Mueang International Airport,DMK,02/08/2024 9:30,130,AirAsia,Economy,360,Y,160,,161,Y,N,N,1,7,0,0,Wattay International Airport,VTE,Friday,FALSE,FALSE,FALSE
Kuala Lumpur International Airport,KUL,02/08/2024 13:20,Suvarnabhumi Airport,BKK,02/08/2024 14:30,130,THAI,Economy,445,Y,235,,260,Y,Y,N,1,7,1,25,Wattay International Airport,VTE,Friday,FALSE,FALSE,FALSE
Kuala Lumpur International Airport,KUL,03/08/2024 7:10,Wattay International Airport,VTE,03/08/2024 8:50,160,AirAsia,Economy,160,N,,,54,Y,N,N,1,7,0,0,Wattay International Airport,VTE,Saturday,FALSE,FALSE,FALSE
Kuala Lumpur International Airport,KUL,03/08/2024 8:20,Don Mueang International Airport,DMK,03/08/2024 9:30,130,AirAsia,Economy,360,Y,160,,115,Y,N,N,1,7,0,0,Wattay International Airport,VTE,Saturday,FALSE,FALSE,FALSE
Kuala Lumpur International Airport,KUL,03/08/2024 13:20,Suvarnabhumi Airport,BKK,03/08/2024 14:30,130,THAI,Economy,445,Y,235,,260,Y,Y,N,1,7,1,25,Wattay International Airport,VTE,Saturday,FALSE,FALSE,FALSE
Kuala Lumpur International Airport,KUL,04/08/2024 17:45,Don Mueang International Airport,DMK,04/08/2024 19:05,140,Thai AirAsia,Economy,890,Y,680,TRUE,99,Y,N,N,1,7,0,0,Wattay International Airport,VTE,Sunday,FALSE,FALSE,FALSE
Kuala Lumpur International Airport,KUL,04/08/2024 19:35,Don Mueang International Airport,DMK,04/08/2024 20:50,135,AirAsia,Economy,780,Y,575,TRUE,99,Y,N,N,1,7,0,0,Wattay International Airport,VTE,Sunday,FALSE,FALSE,FALSE
Kuala Lumpur International Airport,KUL,04/08/2024 8:20,Don Mueang International Airport,DMK,04/08/2024 9:30,130,AirAsia,Economy,360,Y,160,,144,Y,N,N,1,7,0,0,Wattay International Airport,VTE,Sunday,FALSE,FALSE,FALSE
Kuala Lumpur International Airport,KUL,04/08/2024 13:20,Suvarnabhumi Airport,BKK,04/08/2024 14:30,130,THAI,Economy,445,Y,235,,260,Y,Y,N,1,7,1,25,Wattay International Airport,VTE,Sunday,FALSE,FALSE,FALSE
Kuala Lumpur International Airport,KUL,04/08/2024 8:55,Guangzhou Baiyun International Airport,CAN,04/08/2024 12:45,230,China Southern,Economy,615,Y,230,,306,Y,Y,Y,1,8,1,23,Wattay International Airport,VTE,Sunday,FALSE,FALSE,FALSE
Kuala Lumpur International Airport,KUL,05/08/2024 17:45,Don Mueang International Airport,DMK,05/08/2024 19:05,140,Thai AirAsia,Economy,890,Y,680,TRUE,99,Y,N,N,1,7,0,0,Wattay International Airport,VTE,Monday,FALSE,FALSE,FALSE
Kuala Lumpur International Airport,KUL,05/08/2024 19:35,Don Mueang International Airport,DMK,05/08/2024 20:50,135,AirAsia,Economy,780,Y,575,TRUE,99,Y,N,N,1,7,0,0,Wattay International Airport,VTE,Monday,FALSE,FALSE,FALSE
Kuala Lumpur International Airport,KUL,05/08/2024 8:20,Don Mueang International Airport,DMK,05/08/2024 9:30,130,AirAsia,Economy,360,Y,160,,107,Y,N,N,1,7,0,0,Wattay International Airport,VTE,Monday,FALSE,FALSE,FALSE
Kuala Lumpur International Airport,KUL,05/08/2024 20:40,Singapore Changi Airport,SIN,05/08/2024 21:50,70,Singapore Airlines,Economy,990,Y,750,TRUE,205,Y,Y,Y,1,7,1,23,Wattay International Airport,VTE,Monday,FALSE,FALSE,FALSE
Kuala Lumpur International Airport,KUL,05/08/2024 13:20,Suvarnabhumi Airport,BKK,05/08/2024 14:30,130,THAI,Economy,445,Y,235,,249,Y,Y,N,1,7,1,25,Wattay International Airport,VTE,Monday,FALSE,FALSE,FALSE
Kuala Lumpur International Airport,KUL,06/08/2024 7:10,Wattay International Airport,VTE,06/08/2024 8:50,160,AirAsia,Economy,160,N,,,54,Y,N,N,1,7,0,0,Wattay International Airport,VTE,Tuesday,FALSE,FALSE,FALSE
Kuala Lumpur International Airport,KUL,06/08/2024 8:20,Don Mueang International Airport,DMK,06/08/2024 9:30,130,AirAsia,Economy,360,Y,160,,107,Y,N,N,1,7,0,0,Wattay International Airport,VTE,Tuesday,FALSE,FALSE,FALSE
Kuala Lumpur International Airport,KUL,06/08/2024 13:20,Suvarnabhumi Airport,BKK,06/08/2024 14:30,130,THAI,Economy,445,Y,235,,249,Y,Y,N,1,7,1,25,Wattay International Airport,VTE,Tuesday,FALSE,FALSE,FALSE
Kuala Lumpur International Airport,KUL,07/08/2024 8:20,Don Mueang International Airport,DMK,07/08/2024 9:30,130,AirAsia,Economy,360,Y,160,,115,Y,N,N,1,7,0,0,Wattay International Airport,VTE,Wednesday,FALSE,FALSE,FALSE
Kuala Lumpur International Airport,KUL,07/08/2024 17:45,Don Mueang International Airport,DMK,07/08/2024 19:05,140,Thai AirAsia,Economy,890,Y,680,TRUE,149,Y,N,N,1,7,0,0,Wattay International Airport,VTE,Wednesday,FALSE,FALSE,FALSE
Kuala Lumpur International Airport,KUL,07/08/2024 20:40,Singapore Changi Airport,SIN,07/08/2024 21:50,70,Singapore Airlines,Economy,990,Y,750,TRUE,205,Y,Y,Y,1,7,1,23,Wattay International Airport,VTE,Wednesday,FALSE,FALSE,FALSE
Kuala Lumpur International Airport,KUL,07/08/2024 13:20,Suvarnabhumi Airport,BKK,07/08/2024 14:30,130,THAI,Economy,445,Y,235,,249,Y,Y,N,1,7,1,25,Wattay International Airport,VTE,Wednesday,FALSE,FALSE,FALSE
Kuala Lumpur International Airport,KUL,07/08/2024 8:55,Guangzhou Baiyun International Airport,CAN,07/08/2024 12:55,240,China Southern,Economy,615,Y,220,,306,Y,Y,Y,1,8,1,23,Wattay International Airport,VTE,Wednesday,FALSE,FALSE,FALSE
Kuala Lumpur International Airport,KUL,08/08/2024 6:35,Don Mueang International Airport,DMK,08/08/2024 7:50,135,AirAsia,Economy,465,Y,260,,157,Y,N,N,1,7,0,0,Wattay International Airport,VTE,Thursday,FALSE,FALSE,FALSE
Kuala Lumpur International Airport,KUL,08/08/2024 8:20,Don Mueang International Airport,DMK,08/08/2024 9:30,130,AirAsia,Economy,360,Y,160,,166,Y,N,N,1,7,0,0,Wattay International Airport,VTE,Thursday,FALSE,FALSE,FALSE
Kuala Lumpur International Airport,KUL,08/08/2024 13:20,Suvarnabhumi Airport,BKK,08/08/2024 14:30,130,THAI,Economy,445,Y,235,,249,Y,Y,N,1,7,1,25,Wattay International Airport,VTE,Thursday,FALSE,FALSE,FALSE
Kuala Lumpur International Airport,KUL,09/08/2024 6:35,Don Mueang International Airport,DMK,09/08/2024 7:50,135,AirAsia,Economy,465,Y,260,,157,Y,N,N,1,7,0,0,Wattay International Airport,VTE,Friday,FALSE,FALSE,FALSE
Kuala Lumpur International Airport,KUL,09/08/2024 8:20,Don Mueang International Airport,DMK,09/08/2024 9:30,130,AirAsia,Economy,360,Y,160,,166,Y,N,N,1,7,0,0,Wattay International Airport,VTE,Friday,FALSE,FALSE,FALSE
Kuala Lumpur International Airport,KUL,09/08/2024 13:20,Suvarnabhumi Airport,BKK,09/08/2024 14:30,130,THAI,Economy,445,Y,235,,260,Y,Y,N,1,7,1,25,Wattay International Airport,VTE,Friday,FALSE,FALSE,FALSE
Kuala Lumpur International Airport,KUL,10/08/2024 7:10,Wattay International Airport,VTE,10/08/2024 8:50,160,AirAsia,Economy,160,N,,,54,Y,N,N,1,7,0,0,Wattay International Airport,VTE,Saturday,FALSE,FALSE,FALSE
Kuala Lumpur International Airport,KUL,10/08/2024 8:20,Don Mueang International Airport,DMK,10/08/2024 9:30,130,AirAsia,Economy,360,Y,160,,157,Y,N,N,1,7,0,0,Wattay International Airport,VTE,Saturday,FALSE,FALSE,FALSE
Kuala Lumpur International Airport,KUL,10/08/2024 13:20,Suvarnabhumi Airport,BKK,10/08/2024 14:30,130,THAI,Economy,445,Y,235,,260,Y,Y,N,1,7,1,25,Wattay International Airport,VTE,Saturday,FALSE,FALSE,FALSE
Kuala Lumpur International Airport,KUL,11/08/2024 8:20,Don Mueang International Airport,DMK,11/08/2024 9:30,130,AirAsia,Economy,360,Y,160,,144,Y,N,N,1,7,0,0,Wattay International Airport,VTE,Sunday,FALSE,FALSE,FALSE
Kuala Lumpur International Airport,KUL,11/08/2024 17:45,Don Mueang International Airport,DMK,11/08/2024 19:05,140,Thai AirAsia,Economy,890,Y,680,TRUE,144,Y,N,N,1,7,0,0,Wattay International Airport,VTE,Sunday,FALSE,FALSE,FALSE
Kuala Lumpur International Airport,KUL,11/08/2024 19:35,Don Mueang International Airport,DMK,11/08/2024 20:50,135,AirAsia,Economy,780,Y,575,TRUE,144,Y,N,N,1,7,0,0,Wattay International Airport,VTE,Sunday,FALSE,FALSE,FALSE
Kuala Lumpur International Airport,KUL,11/08/2024 13:20,Suvarnabhumi Airport,BKK,11/08/2024 14:30,130,THAI,Economy,445,Y,235,,260,Y,Y,N,1,7,1,25,Wattay International Airport,VTE,Sunday,FALSE,FALSE,FALSE
Kuala Lumpur International Airport,KUL,11/08/2024 8:55,Guangzhou Baiyun International Airport,CAN,11/08/2024 12:45,230,China Southern,Economy,615,Y,230,,333,Y,Y,Y,1,8,1,23,Wattay International Airport,VTE,Sunday,FALSE,FALSE,FALSE
Kuala Lumpur International Airport,KUL,12/08/2024 6:35,Don Mueang International Airport,DMK,12/08/2024 7:50,135,AirAsia,Economy,465,Y,260,,144,Y,N,N,1,7,0,0,Wattay International Airport,VTE,Monday,FALSE,FALSE,FALSE
Kuala Lumpur International Airport,KUL,12/08/2024 8:20,Don Mueang International Airport,DMK,12/08/2024 9:30,130,AirAsia,Economy,360,Y,160,,152,Y,N,N,1,7,0,0,Wattay International Airport,VTE,Monday,FALSE,FALSE,FALSE
Kuala Lumpur International Airport,KUL,12/08/2024 13:20,Suvarnabhumi Airport,BKK,12/08/2024 14:30,130,THAI,Economy,445,Y,235,,249,Y,Y,N,1,7,1,25,Wattay International Airport,VTE,Monday,FALSE,FALSE,FALSE
Kuala Lumpur International Airport,KUL,13/08/2024 7:10,Wattay International Airport,VTE,13/08/2024 8:50,160,AirAsia,Economy,160,N,,,54,Y,N,N,1,7,0,0,Wattay International Airport,VTE,Tuesday,FALSE,FALSE,FALSE
Kuala Lumpur International Airport,KUL,13/08/2024 8:20,Don Mueang International Airport,DMK,13/08/2024 9:30,130,AirAsia,Economy,360,Y,160,,115,Y,N,N,1,7,0,0,Wattay International Airport,VTE,Tuesday,FALSE,FALSE,FALSE
Kuala Lumpur International Airport,KUL,13/08/2024 13:20,Suvarnabhumi Airport,BKK,13/08/2024 14:30,130,THAI,Economy,445,Y,235,,249,Y,Y,N,1,7,1,25,Wattay International Airport,VTE,Tuesday,FALSE,FALSE,FALSE
Kuala Lumpur International Airport,KUL,14/08/2024 6:35,Don Mueang International Airport,DMK,14/08/2024 7:50,135,AirAsia,Economy,465,Y,260,,107,Y,N,N,1,7,0,0,Wattay International Airport,VTE,Wednesday,FALSE,FALSE,FALSE
Kuala Lumpur International Airport,KUL,14/08/2024 8:20,Don Mueang International Airport,DMK,14/08/2024 9:30,130,AirAsia,Economy,360,Y,160,,115,Y,N,N,1,7,0,0,Wattay International Airport,VTE,Wednesday,FALSE,FALSE,FALSE
Kuala Lumpur International Airport,KUL,14/08/2024 13:20,Suvarnabhumi Airport,BKK,14/08/2024 14:30,130,THAI,Economy,445,Y,235,,249,Y,Y,N,1,7,1,25,Wattay International Airport,VTE,Wednesday,FALSE,FALSE,FALSE
Kuala Lumpur International Airport,KUL,15/08/2024 6:35,Don Mueang International Airport,DMK,15/08/2024 7:50,135,AirAsia,Economy,465,Y,260,,107,Y,N,N,1,7,0,0,Wattay International Airport,VTE,Thursday,FALSE,FALSE,FALSE
Kuala Lumpur International Airport,KUL,15/08/2024 8:20,Don Mueang International Airport,DMK,15/08/2024 9:30,130,AirAsia,Economy,360,Y,160,,115,Y,N,N,1,7,0,0,Wattay International Airport,VTE,Thursday,FALSE,FALSE,FALSE
Kuala Lumpur International Airport,KUL,15/08/2024 13:20,Suvarnabhumi Airport,BKK,15/08/2024 14:30,130,THAI,Economy,445,Y,235,,249,Y,Y,N,1,7,1,25,Wattay International Airport,VTE,Thursday,FALSE,FALSE,FALSE
Kuala Lumpur International Airport,KUL,16/08/2024 17:45,Don Mueang International Airport,DMK,16/08/2024 19:05,140,Thai AirAsia,Economy,890,Y,680,TRUE,99,Y,N,N,1,7,0,0,Wattay International Airport,VTE,Friday,FALSE,FALSE,FALSE
Kuala Lumpur International Airport,KUL,16/08/2024 8:20,Don Mueang International Airport,DMK,16/08/2024 9:30,130,AirAsia,Economy,360,Y,160,,152,Y,N,N,1,7,0,0,Wattay International Airport,VTE,Friday,FALSE,FALSE,FALSE
Kuala Lumpur International Airport,KUL,16/08/2024 13:20,Suvarnabhumi Airport,BKK,16/08/2024 14:30,130,THAI,Economy,445,Y,235,,260,Y,Y,N,1,7,1,25,Wattay International Airport,VTE,Friday,FALSE,FALSE,FALSE
Kuala Lumpur International Airport,KUL,17/08/2024 7:10,Wattay International Airport,VTE,17/08/2024 8:50,160,AirAsia,Economy,160,N,,,54,Y,N,N,1,7,0,0,Wattay International Airport,VTE,Saturday,FALSE,FALSE,FALSE
Kuala Lumpur International Airport,KUL,17/08/2024 8:20,Don Mueang International Airport,DMK,17/08/2024 9:30,130,AirAsia,Economy,360,Y,160,,115,Y,N,N,1,7,0,0,Wattay International Airport,VTE,Saturday,FALSE,FALSE,FALSE
Kuala Lumpur International Airport,KUL,17/08/2024 13:20,Suvarnabhumi Airport,BKK,17/08/2024 14:30,130,THAI,Economy,445,Y,235,,260,Y,Y,N,1,7,1,25,Wattay International Airport,VTE,Saturday,FALSE,FALSE,FALSE
Kuala Lumpur International Airport,KUL,18/08/2024 17:45,Don Mueang International Airport,DMK,18/08/2024 19:05,140,Thai AirAsia,Economy,890,Y,680,TRUE,99,Y,N,N,1,7,0,0,Wattay International Airport,VTE,Sunday,FALSE,FALSE,FALSE
Kuala Lumpur International Airport,KUL,18/08/2024 8:20,Don Mueang International Airport,DMK,18/08/2024 9:30,130,AirAsia,Economy,360,Y,160,,144,Y,N,N,1,7,0,0,Wattay International Airport,VTE,Sunday,FALSE,FALSE,FALSE
Kuala Lumpur International Airport,KUL,18/08/2024 13:20,Suvarnabhumi Airport,BKK,18/08/2024 14:30,130,THAI,Economy,445,Y,235,,260,Y,Y,N,1,7,1,25,Wattay International Airport,VTE,Sunday,FALSE,FALSE,FALSE
Kuala Lumpur International Airport,KUL,19/08/2024 17:45,Don Mueang International Airport,DMK,19/08/2024 19:05,140,Thai AirAsia,Economy,890,Y,680,TRUE,99,Y,N,N,1,7,0,0,Wattay International Airport,VTE,Monday,FALSE,FALSE,FALSE
Kuala Lumpur International Airport,KUL,19/08/2024 19:35,Don Mueang International Airport,DMK,19/08/2024 20:50,135,AirAsia,Economy,780,Y,575,TRUE,99,Y,N,N,1,7,0,0,Wattay International Airport,VTE,Monday,FALSE,FALSE,FALSE
Kuala Lumpur International Airport,KUL,19/08/2024 8:20,Don Mueang International Airport,DMK,19/08/2024 9:30,130,AirAsia,Economy,360,Y,160,,107,Y,N,N,1,7,0,0,Wattay International Airport,VTE,Monday,FALSE,FALSE,FALSE
Kuala Lumpur International Airport,KUL,19/08/2024 20:40,Singapore Changi Airport,SIN,19/08/2024 21:50,70,Singapore Airlines,Economy,990,Y,750,TRUE,205,Y,Y,Y,1,7,1,23,Wattay International Airport,VTE,Monday,FALSE,FALSE,FALSE
Kuala Lumpur International Airport,KUL,19/08/2024 13:20,Suvarnabhumi Airport,BKK,19/08/2024 14:30,130,THAI,Economy,445,Y,235,,249,Y,Y,N,1,7,1,25,Wattay International Airport,VTE,Monday,FALSE,FALSE,FALSE
Kuala Lumpur International Airport,KUL,20/08/2024 7:10,Wattay International Airport,VTE,20/08/2024 8:50,160,AirAsia,Economy,160,N,,,54,Y,N,N,1,7,0,0,Wattay International Airport,VTE,Tuesday,FALSE,FALSE,FALSE
Kuala Lumpur International Airport,KUL,20/08/2024 8:20,Don Mueang International Airport,DMK,20/08/2024 9:30,130,AirAsia,Economy,360,Y,160,,107,Y,N,N,1,7,0,0,Wattay International Airport,VTE,Tuesday,FALSE,FALSE,FALSE
Kuala Lumpur International Airport,KUL,20/08/2024 13:20,Suvarnabhumi Airport,BKK,20/08/2024 14:30,130,THAI,Economy,445,Y,235,,249,Y,Y,N,1,7,1,25,Wattay International Airport,VTE,Tuesday,FALSE,FALSE,FALSE
Kuala Lumpur International Airport,KUL,21/08/2024 17:45,Don Mueang International Airport,DMK,21/08/2024 19:05,140,Thai AirAsia,Economy,890,Y,680,TRUE,99,Y,N,N,1,7,0,0,Wattay International Airport,VTE,Wednesday,FALSE,FALSE,FALSE
Kuala Lumpur International Airport,KUL,21/08/2024 8:20,Don Mueang International Airport,DMK,21/08/2024 9:30,130,AirAsia,Economy,360,Y,160,,107,Y,N,N,1,7,0,0,Wattay International Airport,VTE,Wednesday,FALSE,FALSE,FALSE
Kuala Lumpur International Airport,KUL,21/08/2024 13:20,Suvarnabhumi Airport,BKK,21/08/2024 14:30,130,THAI,Economy,445,Y,235,,249,Y,Y,N,1,7,1,25,Wattay International Airport,VTE,Wednesday,FALSE,FALSE,FALSE
Kuala Lumpur International Airport,KUL,22/08/2024 6:35,Don Mueang International Airport,DMK,22/08/2024 7:50,135,AirAsia,Economy,465,Y,260,,107,Y,N,N,1,7,0,0,Wattay International Airport,VTE,Thursday,FALSE,FALSE,FALSE
Kuala Lumpur International Airport,KUL,22/08/2024 8:20,Don Mueang International Airport,DMK,22/08/2024 9:30,130,AirAsia,Economy,360,Y,160,,115,Y,N,N,1,7,0,0,Wattay International Airport,VTE,Thursday,FALSE,FALSE,FALSE
Kuala Lumpur International Airport,KUL,22/08/2024 13:20,Suvarnabhumi Airport,BKK,22/08/2024 14:30,130,THAI,Economy,445,Y,235,,249,Y,Y,N,1,7,1,25,Wattay International Airport,VTE,Thursday,FALSE,FALSE,FALSE
Kuala Lumpur International Airport,KUL,23/08/2024 17:45,Don Mueang International Airport,DMK,23/08/2024 19:05,140,Thai AirAsia,Economy,890,Y,680,TRUE,99,Y,N,N,1,7,0,0,Wattay International Airport,VTE,Friday,FALSE,FALSE,FALSE
Kuala Lumpur International Airport,KUL,23/08/2024 6:35,Don Mueang International Airport,DMK,23/08/2024 7:50,135,AirAsia,Economy,465,Y,260,,152,Y,N,N,1,7,0,0,Wattay International Airport,VTE,Friday,FALSE,FALSE,FALSE
Kuala Lumpur International Airport,KUL,23/08/2024 8:20,Don Mueang International Airport,DMK,23/08/2024 9:30,130,AirAsia,Economy,360,Y,160,,161,Y,N,N,1,7,0,0,Wattay International Airport,VTE,Friday,FALSE,FALSE,FALSE
Kuala Lumpur International Airport,KUL,23/08/2024 13:20,Suvarnabhumi Airport,BKK,23/08/2024 14:30,130,THAI,Economy,445,Y,235,,260,Y,Y,N,1,7,1,25,Wattay International Airport,VTE,Friday,FALSE,FALSE,FALSE
Kuala Lumpur International Airport,KUL,24/08/2024 7:10,Wattay International Airport,VTE,24/08/2024 8:50,160,AirAsia,Economy,160,N,,,54,Y,N,N,1,7,0,0,Wattay International Airport,VTE,Saturday,FALSE,FALSE,FALSE
Kuala Lumpur International Airport,KUL,24/08/2024 6:35,Don Mueang International Airport,DMK,24/08/2024 7:50,135,AirAsia,Economy,465,Y,260,,107,Y,N,N,1,7,0,0,Wattay International Airport,VTE,Saturday,FALSE,FALSE,FALSE
Kuala Lumpur International Airport,KUL,24/08/2024 8:20,Don Mueang International Airport,DMK,24/08/2024 9:30,130,AirAsia,Economy,360,Y,160,,115,Y,N,N,1,7,0,0,Wattay International Airport,VTE,Saturday,FALSE,FALSE,FALSE
Kuala Lumpur International Airport,KUL,24/08/2024 13:20,Suvarnabhumi Airport,BKK,24/08/2024 14:30,130,THAI,Economy,445,Y,235,,260,Y,Y,N,1,7,1,25,Wattay International Airport,VTE,Saturday,FALSE,FALSE,FALSE
Kuala Lumpur International Airport,KUL,25/08/2024 17:45,Don Mueang International Airport,DMK,25/08/2024 19:05,140,Thai AirAsia,Economy,890,Y,680,TRUE,99,Y,N,N,1,7,0,0,Wattay International Airport,VTE,Sunday,FALSE,FALSE,FALSE
Kuala Lumpur International Airport,KUL,25/08/2024 19:35,Don Mueang International Airport,DMK,25/08/2024 20:50,135,AirAsia,Economy,780,Y,575,TRUE,99,Y,N,N,1,7,0,0,Wattay International Airport,VTE,Sunday,FALSE,FALSE,FALSE
Kuala Lumpur International Airport,KUL,25/08/2024 8:20,Don Mueang International Airport,DMK,25/08/2024 9:30,130,AirAsia,Economy,360,Y,160,,144,Y,N,N,1,7,0,0,Wattay International Airport,VTE,Sunday,FALSE,FALSE,FALSE
Kuala Lumpur International Airport,KUL,25/08/2024 13:20,Suvarnabhumi Airport,BKK,25/08/2024 14:30,130,THAI,Economy,445,Y,235,,260,Y,Y,N,1,7,1,25,Wattay International Airport,VTE,Sunday,FALSE,FALSE,FALSE
Kuala Lumpur International Airport,KUL,25/08/2024 8:55,Guangzhou Baiyun International Airport,CAN,25/08/2024 12:45,230,China Southern,Economy,615,Y,230,,306,Y,Y,Y,1,8,1,23,Wattay International Airport,VTE,Sunday,FALSE,FALSE,FALSE
Kuala Lumpur International Airport,KUL,26/08/2024 17:45,Don Mueang International Airport,DMK,26/08/2024 19:05,140,Thai AirAsia,Economy,890,Y,680,TRUE,99,Y,N,N,1,7,0,0,Wattay International Airport,VTE,Monday,FALSE,FALSE,FALSE
Kuala Lumpur International Airport,KUL,26/08/2024 19:35,Don Mueang International Airport,DMK,26/08/2024 20:50,135,AirAsia,Economy,780,Y,575,TRUE,99,Y,N,N,1,7,0,0,Wattay International Airport,VTE,Monday,FALSE,FALSE,FALSE
Kuala Lumpur International Airport,KUL,26/08/2024 8:20,Don Mueang International Airport,DMK,26/08/2024 9:30,130,AirAsia,Economy,360,Y,160,,107,Y,N,N,1,7,0,0,Wattay International Airport,VTE,Monday,FALSE,FALSE,FALSE
Kuala Lumpur International Airport,KUL,26/08/2024 21:45,Singapore Changi Airport,SIN,26/08/2024 22:55,70,Singapore Airlines,Economy,925,Y,685,TRUE,205,Y,Y,Y,1,7,1,23,Wattay International Airport,VTE,Monday,FALSE,FALSE,FALSE
Kuala Lumpur International Airport,KUL,26/08/2024 13:20,Suvarnabhumi Airport,BKK,26/08/2024 14:30,130,THAI,Economy,445,Y,235,,249,Y,Y,N,1,7,1,25,Wattay International Airport,VTE,Monday,FALSE,FALSE,FALSE
Kuala Lumpur International Airport,KUL,27/08/2024 7:10,Wattay International Airport,VTE,27/08/2024 8:50,160,AirAsia,Economy,160,N,,,54,Y,N,N,1,7,0,0,Wattay International Airport,VTE,Tuesday,FALSE,FALSE,FALSE
Kuala Lumpur International Airport,KUL,27/08/2024 8:20,Don Mueang International Airport,DMK,27/08/2024 9:30,130,AirAsia,Economy,360,Y,160,,107,Y,N,N,1,7,0,0,Wattay International Airport,VTE,Tuesday,FALSE,FALSE,FALSE
Kuala Lumpur International Airport,KUL,27/08/2024 13:20,Suvarnabhumi Airport,BKK,27/08/2024 14:30,130,THAI,Economy,445,Y,235,,249,Y,Y,N,1,7,1,25,Wattay International Airport,VTE,Tuesday,FALSE,FALSE,FALSE
Kuala Lumpur International Airport,KUL,28/08/2024 17:45,Don Mueang International Airport,DMK,28/08/2024 19:05,140,Thai AirAsia,Economy,890,Y,680,TRUE,99,Y,N,N,1,7,0,0,Wattay International Airport,VTE,Wednesday,FALSE,FALSE,FALSE
Kuala Lumpur International Airport,KUL,28/08/2024 8:20,Don Mueang International Airport,DMK,28/08/2024 9:30,130,AirAsia,Economy,360,Y,160,,107,Y,N,N,1,7,0,0,Wattay International Airport,VTE,Wednesday,FALSE,FALSE,FALSE
Kuala Lumpur International Airport,KUL,28/08/2024 13:20,Suvarnabhumi Airport,BKK,28/08/2024 14:30,130,THAI,Economy,445,Y,235,,249,Y,Y,N,1,7,1,25,Wattay International Airport,VTE,Wednesday,FALSE,FALSE,FALSE
Kuala Lumpur International Airport,KUL,29/08/2024 8:20,Don Mueang International Airport,DMK,29/08/2024 9:30,130,AirAsia,Economy,360,Y,160,,115,Y,N,N,1,7,0,0,Wattay International Airport,VTE,Thursday,FALSE,FALSE,FALSE
Kuala Lumpur International Airport,KUL,29/08/2024 17:45,Don Mueang International Airport,DMK,29/08/2024 19:05,140,Thai AirAsia,Economy,890,Y,680,TRUE,144,Y,N,N,1,7,0,0,Wattay International Airport,VTE,Thursday,FALSE,FALSE,FALSE
Kuala Lumpur International Airport,KUL,29/08/2024 19:35,Don Mueang International Airport,DMK,29/08/2024 20:50,135,AirAsia,Economy,780,Y,575,TRUE,144,Y,N,N,1,7,0,0,Wattay International Airport,VTE,Thursday,FALSE,FALSE,FALSE
Kuala Lumpur International Airport,KUL,29/08/2024 13:20,Suvarnabhumi Airport,BKK,29/08/2024 14:30,130,THAI,Economy,445,Y,235,,249,Y,Y,N,1,7,1,25,Wattay International Airport,VTE,Thursday,FALSE,FALSE,FALSE
Kuala Lumpur International Airport,KUL,30/08/2024 17:45,Don Mueang International Airport,DMK,30/08/2024 19:05,140,Thai AirAsia,Economy,890,Y,680,TRUE,99,Y,N,N,1,7,0,0,Wattay International Airport,VTE,Friday,FALSE,FALSE,FALSE
Kuala Lumpur International Airport,KUL,30/08/2024 6:35,Don Mueang International Airport,DMK,30/08/2024 7:50,135,AirAsia,Economy,465,Y,260,,152,Y,N,N,1,7,0,0,Wattay International Airport,VTE,Friday,FALSE,FALSE,FALSE
Kuala Lumpur International Airport,KUL,30/08/2024 8:20,Don Mueang International Airport,DMK,30/08/2024 9:30,130,AirAsia,Economy,360,Y,160,,171,Y,N,N,1,7,0,0,Wattay International Airport,VTE,Friday,FALSE,FALSE,FALSE
Kuala Lumpur International Airport,KUL,30/08/2024 13:20,Suvarnabhumi Airport,BKK,30/08/2024 14:30,130,THAI,Economy,445,Y,235,,260,Y,Y,N,1,7,1,25,Wattay International Airport,VTE,Friday,FALSE,FALSE,FALSE
Kuala Lumpur International Airport,KUL,31/08/2024 7:10,Wattay International Airport,VTE,31/08/2024 8:50,160,AirAsia,Economy,160,N,,,54,Y,N,N,1,7,0,0,Wattay International Airport,VTE,Saturday,TRUE,FALSE,FALSE
Kuala Lumpur International Airport,KUL,31/08/2024 6:35,Don Mueang International Airport,DMK,31/08/2024 7:50,135,AirAsia,Economy,465,Y,260,,115,Y,N,N,1,7,0,0,Wattay International Airport,VTE,Saturday,TRUE,FALSE,FALSE
Kuala Lumpur International Airport,KUL,31/08/2024 8:20,Don Mueang International Airport,DMK,31/08/2024 9:30,130,AirAsia,Economy,360,Y,160,,135,Y,N,N,1,7,0,0,Wattay International Airport,VTE,Saturday,TRUE,FALSE,FALSE
Kuala Lumpur International Airport,KUL,31/08/2024 13:20,Suvarnabhumi Airport,BKK,31/08/2024 14:30,130,THAI,Economy,445,Y,235,,260,Y,Y,N,1,7,1,25,Wattay International Airport,VTE,Saturday,TRUE,FALSE,FALSE