Departure Airport Name,Departure Airport ID,Departure Time,Arrival Airport Name,Arrival Airport ID,Arrival Time,Duration,Airline,Travel Class,Total Duration,Layover,Layover 1 Duration,Layover 1 Overnight,Price, Cabin Baggage, Checked Baggage,Meal Included,Cabin Baggage (Number),Cabin Baggage (kg in total),Checked Baggage (Number),Checked Baggage (kg in total),Day of week (on flight date),Departure Country Is Holiday,Arrival Country Is Holiday,Overnight Flight,Final Arrival Airport Name,Final Arrival Airport ID
Kuala Lumpur International Airport,KUL,2024-08-01 11:05,Tan Son Nhat International Airport,SGN,2024-08-01 12:10,125,AirAsia,Economy,125,N,,,48,Y,N,N,1,7,0,0,Thursday,False,False,False,Tan Son Nhat International Airport,SGN
Kuala Lumpur International Airport,KUL,2024-08-01 11:50,Tan Son Nhat International Airport,SGN,2024-08-01 12:55,125,AirAsia,Economy,125,N,,,48,Y,N,N,1,7,0,0,Thursday,False,False,False,Tan Son Nhat International Airport,SGN
Kuala Lumpur International Airport,KUL,2024-08-01 14:40,Tan Son Nhat International Airport,SGN,2024-08-01 15:50,130,AirAsia,Economy,130,N,,,48,Y,N,N,1,7,0,0,Thursday,False,False,False,Tan Son Nhat International Airport,SGN
Kuala Lumpur International Airport,KUL,2024-08-01 19:35,Tan Son Nhat International Airport,SGN,2024-08-01 20:40,125,AirAsia,Economy,125,N,,,54,Y,N,N,1,7,0,0,Thursday,False,False,False,Tan Son Nhat International Airport,SGN
Kuala Lumpur International Airport,KUL,2024-08-01 13:35,Tan Son Nhat International Airport,SGN,2024-08-01 14:20,105,VietJet Air,Economy,105,N,,,65,Y,N,N,1,7,0,0,Thursday,False,False,False,Tan Son Nhat International Airport,SGN
Kuala Lumpur International Airport,KUL,2024-08-02 11:05,Tan Son Nhat International Airport,SGN,2024-08-02 12:10,125,AirAsia,Economy,125,N,,,48,Y,N,N,1,7,0,0,Friday,False,False,False,Tan Son Nhat International Airport,SGN
Kuala Lumpur International Airport,KUL,2024-08-02 11:50,Tan Son Nhat International Airport,SGN,2024-08-02 12:55,125,AirAsia,Economy,125,N,,,48,Y,N,N,1,7,0,0,Friday,False,False,False,Tan Son Nhat International Airport,SGN
Kuala Lumpur International Airport,KUL,2024-08-02 19:35,Tan Son Nhat International Airport,SGN,2024-08-02 20:40,125,AirAsia,Economy,125,N,,,48,Y,N,N,1,7,0,0,Friday,False,False,False,Tan Son Nhat International Airport,SGN
Kuala Lumpur International Airport,KUL,2024-08-03 11:05,Tan Son Nhat International Airport,SGN,2024-08-03 12:10,125,AirAsia,Economy,125,N,,,48,Y,N,N,1,7,0,0,Saturday,False,False,False,Tan Son Nhat International Airport,SGN
Kuala Lumpur International Airport,KUL,2024-08-03 11:50,Tan Son Nhat International Airport,SGN,2024-08-03 12:55,125,AirAsia,Economy,125,N,,,48,Y,N,N,1,7,0,0,Saturday,False,False,False,Tan Son Nhat International Airport,SGN
Kuala Lumpur International Airport,KUL,2024-08-03 14:40,Tan Son Nhat International Airport,SGN,2024-08-03 15:50,130,AirAsia,Economy,130,N,,,48,Y,N,N,1,7,0,0,Saturday,False,False,False,Tan Son Nhat International Airport,SGN
Kuala Lumpur International Airport,KUL,2024-08-03 19:35,Tan Son Nhat International Airport,SGN,2024-08-03 20:40,125,AirAsia,Economy,125,N,,,48,Y,N,N,1,7,0,0,Saturday,False,False,False,Tan Son Nhat International Airport,SGN
Kuala Lumpur International Airport,KUL,2024-08-03 13:35,Tan Son Nhat International Airport,SGN,2024-08-03 14:20,105,VietJet Air,Economy,105,N,,,65,Y,N,N,1,7,0,0,Saturday,False,False,False,Tan Son Nhat International Airport,SGN
Kuala Lumpur International Airport,KUL,2024-08-04 06:55,Tan Son Nhat International Airport,SGN,2024-08-04 08:05,130,AirAsia,Economy,130,N,,,48,Y,N,N,1,7,0,0,Sunday,False,False,False,Tan Son Nhat International Airport,SGN
Kuala Lumpur International Airport,KUL,2024-08-04 11:05,Tan Son Nhat International Airport,SGN,2024-08-04 12:10,125,AirAsia,Economy,125,N,,,48,Y,N,N,1,7,0,0,Sunday,False,False,False,Tan Son Nhat International Airport,SGN
Kuala Lumpur International Airport,KUL,2024-08-04 11:50,Tan Son Nhat International Airport,SGN,2024-08-04 12:55,125,AirAsia,Economy,125,N,,,48,Y,N,N,1,7,0,0,Sunday,False,False,False,Tan Son Nhat International Airport,SGN
Kuala Lumpur International Airport,KUL,2024-08-04 19:35,Tan Son Nhat International Airport,SGN,2024-08-04 20:40,125,AirAsia,Economy,125,N,,,54,Y,N,N,1,7,0,0,Sunday,False,False,False,Tan Son Nhat International Airport,SGN
Kuala Lumpur International Airport,KUL,2024-08-04 13:35,Tan Son Nhat International Airport,SGN,2024-08-04 14:20,105,VietJet Air,Economy,105,N,,,74,Y,N,N,1,7,0,0,Sunday,False,False,False,Tan Son Nhat International Airport,SGN
Kuala Lumpur International Airport,KUL,2024-08-05 11:05,Tan Son Nhat International Airport,SGN,2024-08-05 12:10,125,AirAsia,Economy,125,N,,,48,Y,N,N,1,7,0,0,Monday,False,False,False,Tan Son Nhat International Airport,SGN
Kuala Lumpur International Airport,KUL,2024-08-05 11:50,Tan Son Nhat International Airport,SGN,2024-08-05 12:55,125,AirAsia,Economy,125,N,,,48,Y,N,N,1,7,0,0,Monday,False,False,False,Tan Son Nhat International Airport,SGN
Kuala Lumpur International Airport,KUL,2024-08-05 14:40,Tan Son Nhat International Airport,SGN,2024-08-05 15:50,130,AirAsia,Economy,130,N,,,48,Y,N,N,1,7,0,0,Monday,False,False,False,Tan Son Nhat International Airport,SGN
Kuala Lumpur International Airport,KUL,2024-08-06 11:05,Tan Son Nhat International Airport,SGN,2024-08-06 12:10,125,AirAsia,Economy,125,N,,,48,Y,N,N,1,7,0,0,Tuesday,False,False,False,Tan Son Nhat International Airport,SGN
Kuala Lumpur International Airport,KUL,2024-08-06 11:50,Tan Son Nhat International Airport,SGN,2024-08-06 12:55,125,AirAsia,Economy,125,N,,,48,Y,N,N,1,7,0,0,Tuesday,False,False,False,Tan Son Nhat International Airport,SGN
Kuala Lumpur International Airport,KUL,2024-08-06 14:40,Tan Son Nhat International Airport,SGN,2024-08-06 15:50,130,AirAsia,Economy,130,N,,,48,Y,N,N,1,7,0,0,Tuesday,False,False,False,Tan Son Nhat International Airport,SGN
Kuala Lumpur International Airport,KUL,2024-08-06 19:35,Tan Son Nhat International Airport,SGN,2024-08-06 20:40,125,AirAsia,Economy,125,N,,,48,Y,N,N,1,7,0,0,Tuesday,False,False,False,Tan Son Nhat International Airport,SGN
Kuala Lumpur International Airport,KUL,2024-08-07 11:05,Tan Son Nhat International Airport,SGN,2024-08-07 12:10,125,AirAsia,Economy,125,N,,,48,Y,N,N,1,7,0,0,Wednesday,False,False,False,Tan Son Nhat International Airport,SGN
Kuala Lumpur International Airport,KUL,2024-08-07 11:50,Tan Son Nhat International Airport,SGN,2024-08-07 12:55,125,AirAsia,Economy,125,N,,,48,Y,N,N,1,7,0,0,Wednesday,False,False,False,Tan Son Nhat International Airport,SGN
Kuala Lumpur International Airport,KUL,2024-08-07 19:35,Tan Son Nhat International Airport,SGN,2024-08-07 20:40,125,AirAsia,Economy,125,N,,,48,Y,N,N,1,7,0,0,Wednesday,False,False,False,Tan Son Nhat International Airport,SGN
Kuala Lumpur International Airport,KUL,2024-08-08 14:40,Tan Son Nhat International Airport,SGN,2024-08-08 15:50,130,AirAsia,Economy,130,N,,,48,Y,N,N,1,7,0,0,Thursday,False,False,False,Tan Son Nhat International Airport,SGN
Kuala Lumpur International Airport,KUL,2024-08-08 19:35,Tan Son Nhat International Airport,SGN,2024-08-08 20:40,125,AirAsia,Economy,125,N,,,48,Y,N,N,1,7,0,0,Thursday,False,False,False,Tan Son Nhat International Airport,SGN
Kuala Lumpur International Airport,KUL,2024-08-08 11:05,Tan Son Nhat International Airport,SGN,2024-08-08 12:10,125,AirAsia,Economy,125,N,,,54,Y,N,N,1,7,0,0,Thursday,False,False,False,Tan Son Nhat International Airport,SGN
Kuala Lumpur International Airport,KUL,2024-08-08 11:50,Tan Son Nhat International Airport,SGN,2024-08-08 12:55,125,AirAsia,Economy,125,N,,,54,Y,N,N,1,7,0,0,Thursday,False,False,False,Tan Son Nhat International Airport,SGN
Kuala Lumpur International Airport,KUL,2024-08-08 13:35,Tan Son Nhat International Airport,SGN,2024-08-08 14:20,105,VietJet Air,Economy,105,N,,,74,Y,N,N,1,7,0,0,Thursday,False,False,False,Tan Son Nhat International Airport,SGN
Kuala Lumpur International Airport,KUL,2024-08-09 11:05,Tan Son Nhat International Airport,SGN,2024-08-09 12:10,125,AirAsia,Economy,125,N,,,48,Y,N,N,1,7,0,0,Friday,False,False,False,Tan Son Nhat International Airport,SGN
Kuala Lumpur International Airport,KUL,2024-08-09 11:50,Tan Son Nhat International Airport,SGN,2024-08-09 12:55,125,AirAsia,Economy,125,N,,,48,Y,N,N,1,7,0,0,Friday,False,False,False,Tan Son Nhat International Airport,SGN
Kuala Lumpur International Airport,KUL,2024-08-09 14:40,Tan Son Nhat International Airport,SGN,2024-08-09 15:50,130,AirAsia,Economy,130,N,,,48,Y,N,N,1,7,0,0,Friday,False,False,False,Tan Son Nhat International Airport,SGN
Kuala Lumpur International Airport,KUL,2024-08-09 19:35,Tan Son Nhat International Airport,SGN,2024-08-09 20:40,125,AirAsia,Economy,125,N,,,48,Y,N,N,1,7,0,0,Friday,False,False,False,Tan Son Nhat International Airport,SGN
Kuala Lumpur International Airport,KUL,2024-08-10 11:05,Tan Son Nhat International Airport,SGN,2024-08-10 12:10,125,AirAsia,Economy,125,N,,,48,Y,N,N,1,7,0,0,Saturday,False,False,False,Tan Son Nhat International Airport,SGN
Kuala Lumpur International Airport,KUL,2024-08-10 11:50,Tan Son Nhat International Airport,SGN,2024-08-10 12:55,125,AirAsia,Economy,125,N,,,48,Y,N,N,1,7,0,0,Saturday,False,False,False,Tan Son Nhat International Airport,SGN
Kuala Lumpur International Airport,KUL,2024-08-10 19:35,Tan Son Nhat International Airport,SGN,2024-08-10 20:40,125,AirAsia,Economy,125,N,,,48,Y,N,N,1,7,0,0,Saturday,False,False,False,Tan Son Nhat International Airport,SGN
Kuala Lumpur International Airport,KUL,2024-08-11 06:55,Tan Son Nhat International Airport,SGN,2024-08-11 08:05,130,AirAsia,Economy,130,N,,,48,Y,N,N,1,7,0,0,Sunday,False,False,False,Tan Son Nhat International Airport,SGN
Kuala Lumpur International Airport,KUL,2024-08-11 11:05,Tan Son Nhat International Airport,SGN,2024-08-11 12:10,125,AirAsia,Economy,125,N,,,48,Y,N,N,1,7,0,0,Sunday,False,False,False,Tan Son Nhat International Airport,SGN
Kuala Lumpur International Airport,KUL,2024-08-11 11:50,Tan Son Nhat International Airport,SGN,2024-08-11 12:55,125,AirAsia,Economy,125,N,,,48,Y,N,N,1,7,0,0,Sunday,False,False,False,Tan Son Nhat International Airport,SGN
Kuala Lumpur International Airport,KUL,2024-08-11 19:35,Tan Son Nhat International Airport,SGN,2024-08-11 20:40,125,AirAsia,Economy,125,N,,,54,Y,N,N,1,7,0,0,Sunday,False,False,False,Tan Son Nhat International Airport,SGN
Kuala Lumpur International Airport,KUL,2024-08-12 11:05,Tan Son Nhat International Airport,SGN,2024-08-12 12:10,125,AirAsia,Economy,125,N,,,48,Y,N,N,1,7,0,0,Monday,False,False,False,Tan Son Nhat International Airport,SGN
Kuala Lumpur International Airport,KUL,2024-08-12 11:50,Tan Son Nhat International Airport,SGN,2024-08-12 12:55,125,AirAsia,Economy,125,N,,,48,Y,N,N,1,7,0,0,Monday,False,False,False,Tan Son Nhat International Airport,SGN
Kuala Lumpur International Airport,KUL,2024-08-12 14:40,Tan Son Nhat International Airport,SGN,2024-08-12 15:50,130,AirAsia,Economy,130,N,,,48,Y,N,N,1,7,0,0,Monday,False,False,False,Tan Son Nhat International Airport,SGN
Kuala Lumpur International Airport,KUL,2024-08-12 19:35,Tan Son Nhat International Airport,SGN,2024-08-12 20:40,125,AirAsia,Economy,125,N,,,48,Y,N,N,1,7,0,0,Monday,False,False,False,Tan Son Nhat International Airport,SGN
Kuala Lumpur International Airport,KUL,2024-08-13 11:05,Tan Son Nhat International Airport,SGN,2024-08-13 12:10,125,AirAsia,Economy,125,N,,,48,Y,N,N,1,7,0,0,Tuesday,False,False,False,Tan Son Nhat International Airport,SGN
Kuala Lumpur International Airport,KUL,2024-08-13 11:50,Tan Son Nhat International Airport,SGN,2024-08-13 12:55,125,AirAsia,Economy,125,N,,,48,Y,N,N,1,7,0,0,Tuesday,False,False,False,Tan Son Nhat International Airport,SGN
Kuala Lumpur International Airport,KUL,2024-08-13 14:40,Tan Son Nhat International Airport,SGN,2024-08-13 15:50,130,AirAsia,Economy,130,N,,,48,Y,N,N,1,7,0,0,Tuesday,False,False,False,Tan Son Nhat International Airport,SGN
Kuala Lumpur International Airport,KUL,2024-08-13 19:35,Tan Son Nhat International Airport,SGN,2024-08-13 20:40,125,AirAsia,Economy,125,N,,,48,Y,N,N,1,7,0,0,Tuesday,False,False,False,Tan Son Nhat International Airport,SGN
Kuala Lumpur International Airport,KUL,2024-08-13 13:35,Tan Son Nhat International Airport,SGN,2024-08-13 14:20,105,VietJet Air,Economy,105,N,,,57,Y,N,N,1,7,0,0,Tuesday,False,False,False,Tan Son Nhat International Airport,SGN
Kuala Lumpur International Airport,KUL,2024-08-14 11:05,Tan Son Nhat International Airport,SGN,2024-08-14 12:10,125,AirAsia,Economy,125,N,,,48,Y,N,N,1,7,0,0,Wednesday,False,False,False,Tan Son Nhat International Airport,SGN
Kuala Lumpur International Airport,KUL,2024-08-14 11:50,Tan Son Nhat International Airport,SGN,2024-08-14 12:55,125,AirAsia,Economy,125,N,,,48,Y,N,N,1,7,0,0,Wednesday,False,False,False,Tan Son Nhat International Airport,SGN
Kuala Lumpur International Airport,KUL,2024-08-14 14:40,Tan Son Nhat International Airport,SGN,2024-08-14 15:50,130,AirAsia,Economy,130,N,,,48,Y,N,N,1,7,0,0,Wednesday,False,False,False,Tan Son Nhat International Airport,SGN
Kuala Lumpur International Airport,KUL,2024-08-14 19:35,Tan Son Nhat International Airport,SGN,2024-08-14 20:40,125,AirAsia,Economy,125,N,,,48,Y,N,N,1,7,0,0,Wednesday,False,False,False,Tan Son Nhat International Airport,SGN
Kuala Lumpur International Airport,KUL,2024-08-15 11:50,Tan Son Nhat International Airport,SGN,2024-08-15 12:55,125,AirAsia,Economy,125,N,,,48,Y,N,N,1,7,0,0,Thursday,False,False,False,Tan Son Nhat International Airport,SGN
Kuala Lumpur International Airport,KUL,2024-08-15 14:40,Tan Son Nhat International Airport,SGN,2024-08-15 15:50,130,AirAsia,Economy,130,N,,,48,Y,N,N,1,7,0,0,Thursday,False,False,False,Tan Son Nhat International Airport,SGN
Kuala Lumpur International Airport,KUL,2024-08-15 19:35,Tan Son Nhat International Airport,SGN,2024-08-15 20:40,125,AirAsia,Economy,125,N,,,48,Y,N,N,1,7,0,0,Thursday,False,False,False,Tan Son Nhat International Airport,SGN
Kuala Lumpur International Airport,KUL,2024-08-15 11:05,Tan Son Nhat International Airport,SGN,2024-08-15 12:10,125,AirAsia,Economy,125,N,,,54,Y,N,N,1,7,0,0,Thursday,False,False,False,Tan Son Nhat International Airport,SGN
Kuala Lumpur International Airport,KUL,2024-08-15 13:35,Tan Son Nhat International Airport,SGN,2024-08-15 14:20,105,VietJet Air,Economy,105,N,,,65,Y,N,N,1,7,0,0,Thursday,False,False,False,Tan Son Nhat International Airport,SGN
Kuala Lumpur International Airport,KUL,2024-08-16 11:05,Tan Son Nhat International Airport,SGN,2024-08-16 12:10,125,AirAsia,Economy,125,N,,,48,Y,N,N,1,7,0,0,Friday,False,False,False,Tan Son Nhat International Airport,SGN
Kuala Lumpur International Airport,KUL,2024-08-16 11:50,Tan Son Nhat International Airport,SGN,2024-08-16 12:55,125,AirAsia,Economy,125,N,,,48,Y,N,N,1,7,0,0,Friday,False,False,False,Tan Son Nhat International Airport,SGN
Kuala Lumpur International Airport,KUL,2024-08-16 14:40,Tan Son Nhat International Airport,SGN,2024-08-16 15:50,130,AirAsia,Economy,130,N,,,48,Y,N,N,1,7,0,0,Friday,False,False,False,Tan Son Nhat International Airport,SGN
Kuala Lumpur International Airport,KUL,2024-08-16 19:35,Tan Son Nhat International Airport,SGN,2024-08-16 20:40,125,AirAsia,Economy,125,N,,,48,Y,N,N,1,7,0,0,Friday,False,False,False,Tan Son Nhat International Airport,SGN
Kuala Lumpur International Airport,KUL,2024-08-17 11:05,Tan Son Nhat International Airport,SGN,2024-08-17 12:10,125,AirAsia,Economy,125,N,,,48,Y,N,N,1,7,0,0,Saturday,False,False,False,Tan Son Nhat International Airport,SGN
Kuala Lumpur International Airport,KUL,2024-08-17 11:50,Tan Son Nhat International Airport,SGN,2024-08-17 12:55,125,AirAsia,Economy,125,N,,,48,Y,N,N,1,7,0,0,Saturday,False,False,False,Tan Son Nhat International Airport,SGN
Kuala Lumpur International Airport,KUL,2024-08-17 14:40,Tan Son Nhat International Airport,SGN,2024-08-17 15:50,130,AirAsia,Economy,130,N,,,48,Y,N,N,1,7,0,0,Saturday,False,False,False,Tan Son Nhat International Airport,SGN
Kuala Lumpur International Airport,KUL,2024-08-17 19:35,Tan Son Nhat International Airport,SGN,2024-08-17 20:40,125,AirAsia,Economy,125,N,,,48,Y,N,N,1,7,0,0,Saturday,False,False,False,Tan Son Nhat International Airport,SGN
Kuala Lumpur International Airport,KUL,2024-08-18 06:55,Tan Son Nhat International Airport,SGN,2024-08-18 08:05,130,AirAsia,Economy,130,N,,,48,Y,N,N,1,7,0,0,Sunday,False,False,False,Tan Son Nhat International Airport,SGN
Kuala Lumpur International Airport,KUL,2024-08-18 11:05,Tan Son Nhat International Airport,SGN,2024-08-18 12:10,125,AirAsia,Economy,125,N,,,48,Y,N,N,1,7,0,0,Sunday,False,False,False,Tan Son Nhat International Airport,SGN
Kuala Lumpur International Airport,KUL,2024-08-18 11:50,Tan Son Nhat International Airport,SGN,2024-08-18 12:55,125,AirAsia,Economy,125,N,,,48,Y,N,N,1,7,0,0,Sunday,False,False,False,Tan Son Nhat International Airport,SGN
Kuala Lumpur International Airport,KUL,2024-08-18 19:35,Tan Son Nhat International Airport,SGN,2024-08-18 20:40,125,AirAsia,Economy,125,N,,,54,Y,N,N,1,7,0,0,Sunday,False,False,False,Tan Son Nhat International Airport,SGN
Kuala Lumpur International Airport,KUL,2024-08-18 14:40,Tan Son Nhat International Airport,SGN,2024-08-18 15:50,130,AirAsia,Economy,130,N,,,61,Y,N,N,1,7,0,0,Sunday,False,False,False,Tan Son Nhat International Airport,SGN
Kuala Lumpur International Airport,KUL,2024-08-19 11:05,Tan Son Nhat International Airport,SGN,2024-08-19 12:10,125,AirAsia,Economy,125,N,,,48,Y,N,N,1,7,0,0,Monday,False,False,False,Tan Son Nhat International Airport,SGN
Kuala Lumpur International Airport,KUL,2024-08-19 11:50,Tan Son Nhat International Airport,SGN,2024-08-19 12:55,125,AirAsia,Economy,125,N,,,48,Y,N,N,1,7,0,0,Monday,False,False,False,Tan Son Nhat International Airport,SGN
Kuala Lumpur International Airport,KUL,2024-08-19 19:35,Tan Son Nhat International Airport,SGN,2024-08-19 20:40,125,AirAsia,Economy,125,N,,,48,Y,N,N,1,7,0,0,Monday,False,False,False,Tan Son Nhat International Airport,SGN
Kuala Lumpur International Airport,KUL,2024-08-20 11:05,Tan Son Nhat International Airport,SGN,2024-08-20 12:10,125,AirAsia,Economy,125,N,,,48,Y,N,N,1,7,0,0,Tuesday,False,False,False,Tan Son Nhat International Airport,SGN
Kuala Lumpur International Airport,KUL,2024-08-20 11:50,Tan Son Nhat International Airport,SGN,2024-08-20 12:55,125,AirAsia,Economy,125,N,,,48,Y,N,N,1,7,0,0,Tuesday,False,False,False,Tan Son Nhat International Airport,SGN
Kuala Lumpur International Airport,KUL,2024-08-20 14:40,Tan Son Nhat International Airport,SGN,2024-08-20 15:50,130,AirAsia,Economy,130,N,,,48,Y,N,N,1,7,0,0,Tuesday,False,False,False,Tan Son Nhat International Airport,SGN
Kuala Lumpur International Airport,KUL,2024-08-20 19:35,Tan Son Nhat International Airport,SGN,2024-08-20 20:40,125,AirAsia,Economy,125,N,,,48,Y,N,N,1,7,0,0,Tuesday,False,False,False,Tan Son Nhat International Airport,SGN
Kuala Lumpur International Airport,KUL,2024-08-21 06:55,Tan Son Nhat International Airport,SGN,2024-08-21 08:05,130,AirAsia,Economy,130,N,,,48,Y,N,N,1,7,0,0,Wednesday,False,False,False,Tan Son Nhat International Airport,SGN
Kuala Lumpur International Airport,KUL,2024-08-21 11:05,Tan Son Nhat International Airport,SGN,2024-08-21 12:10,125,AirAsia,Economy,125,N,,,48,Y,N,N,1,7,0,0,Wednesday,False,False,False,Tan Son Nhat International Airport,SGN
Kuala Lumpur International Airport,KUL,2024-08-21 11:50,Tan Son Nhat International Airport,SGN,2024-08-21 12:55,125,AirAsia,Economy,125,N,,,48,Y,N,N,1,7,0,0,Wednesday,False,False,False,Tan Son Nhat International Airport,SGN
Kuala Lumpur International Airport,KUL,2024-08-21 19:35,Tan Son Nhat International Airport,SGN,2024-08-21 20:40,125,AirAsia,Economy,125,N,,,48,Y,N,N,1,7,0,0,Wednesday,False,False,False,Tan Son Nhat International Airport,SGN
Kuala Lumpur International Airport,KUL,2024-08-21 14:40,Tan Son Nhat International Airport,SGN,2024-08-21 15:50,130,AirAsia,Economy,130,N,,,54,Y,N,N,1,7,0,0,Wednesday,False,False,False,Tan Son Nhat International Airport,SGN
Kuala Lumpur International Airport,KUL,2024-08-22 11:05,Tan Son Nhat International Airport,SGN,2024-08-22 12:10,125,AirAsia,Economy,125,N,,,48,Y,N,N,1,7,0,0,Thursday,False,False,False,Tan Son Nhat International Airport,SGN
Kuala Lumpur International Airport,KUL,2024-08-22 11:50,Tan Son Nhat International Airport,SGN,2024-08-22 12:55,125,AirAsia,Economy,125,N,,,48,Y,N,N,1,7,0,0,Thursday,False,False,False,Tan Son Nhat International Airport,SGN
Kuala Lumpur International Airport,KUL,2024-08-22 14:40,Tan Son Nhat International Airport,SGN,2024-08-22 15:50,130,AirAsia,Economy,130,N,,,48,Y,N,N,1,7,0,0,Thursday,False,False,False,Tan Son Nhat International Airport,SGN
Kuala Lumpur International Airport,KUL,2024-08-22 19:35,Tan Son Nhat International Airport,SGN,2024-08-22 20:40,125,AirAsia,Economy,125,N,,,48,Y,N,N,1,7,0,0,Thursday,False,False,False,Tan Son Nhat International Airport,SGN
Kuala Lumpur International Airport,KUL,2024-08-22 13:35,Tan Son Nhat International Airport,SGN,2024-08-22 14:20,105,VietJet Air,Economy,105,N,,,65,Y,N,N,1,7,0,0,Thursday,False,False,False,Tan Son Nhat International Airport,SGN
Kuala Lumpur International Airport,KUL,2024-08-23 11:05,Tan Son Nhat International Airport,SGN,2024-08-23 12:10,125,AirAsia,Economy,125,N,,,48,Y,N,N,1,7,0,0,Friday,False,False,False,Tan Son Nhat International Airport,SGN
Kuala Lumpur International Airport,KUL,2024-08-23 11:50,Tan Son Nhat International Airport,SGN,2024-08-23 12:55,125,AirAsia,Economy,125,N,,,48,Y,N,N,1,7,0,0,Friday,False,False,False,Tan Son Nhat International Airport,SGN
Kuala Lumpur International Airport,KUL,2024-08-23 14:40,Tan Son Nhat International Airport,SGN,2024-08-23 15:50,130,AirAsia,Economy,130,N,,,48,Y,N,N,1,7,0,0,Friday,False,False,False,Tan Son Nhat International Airport,SGN
Kuala Lumpur International Airport,KUL,2024-08-23 19:35,Tan Son Nhat International Airport,SGN,2024-08-23 20:40,125,AirAsia,Economy,125,N,,,48,Y,N,N,1,7,0,0,Friday,False,False,False,Tan Son Nhat International Airport,SGN
Kuala Lumpur International Airport,KUL,2024-08-24 11:05,Tan Son Nhat International Airport,SGN,2024-08-24 12:10,125,AirAsia,Economy,125,N,,,48,Y,N,N,1,7,0,0,Saturday,False,False,False,Tan Son Nhat International Airport,SGN
Kuala Lumpur International Airport,KUL,2024-08-24 11:50,Tan Son Nhat International Airport,SGN,2024-08-24 12:55,125,AirAsia,Economy,125,N,,,48,Y,N,N,1,7,0,0,Saturday,False,False,False,Tan Son Nhat International Airport,SGN
Kuala Lumpur International Airport,KUL,2024-08-24 14:40,Tan Son Nhat International Airport,SGN,2024-08-24 15:50,130,AirAsia,Economy,130,N,,,48,Y,N,N,1,7,0,0,Saturday,False,False,False,Tan Son Nhat International Airport,SGN
Kuala Lumpur International Airport,KUL,2024-08-24 19:35,Tan Son Nhat International Airport,SGN,2024-08-24 20:40,125,AirAsia,Economy,125,N,,,48,Y,N,N,1,7,0,0,Saturday,False,False,False,Tan Son Nhat International Airport,SGN
Kuala Lumpur International Airport,KUL,2024-08-24 13:35,Tan Son Nhat International Airport,SGN,2024-08-24 14:20,105,VietJet Air,Economy,105,N,,,65,Y,N,N,1,7,0,0,Saturday,False,False,False,Tan Son Nhat International Airport,SGN
Kuala Lumpur International Airport,KUL,2024-08-25 11:05,Tan Son Nhat International Airport,SGN,2024-08-25 12:10,125,AirAsia,Economy,125,N,,,48,Y,N,N,1,7,0,0,Sunday,False,False,False,Tan Son Nhat International Airport,SGN
Kuala Lumpur International Airport,KUL,2024-08-25 11:50,Tan Son Nhat International Airport,SGN,2024-08-25 12:55,125,AirAsia,Economy,125,N,,,48,Y,N,N,1,7,0,0,Sunday,False,False,False,Tan Son Nhat International Airport,SGN
Kuala Lumpur International Airport,KUL,2024-08-25 19:35,Tan Son Nhat International Airport,SGN,2024-08-25 20:40,125,AirAsia,Economy,125,N,,,48,Y,N,N,1,7,0,0,Sunday,False,False,False,Tan Son Nhat International Airport,SGN
Kuala Lumpur International Airport,KUL,2024-08-26 11:05,Tan Son Nhat International Airport,SGN,2024-08-26 12:10,125,AirAsia,Economy,125,N,,,48,Y,N,N,1,7,0,0,Monday,False,False,False,Tan Son Nhat International Airport,SGN
Kuala Lumpur International Airport,KUL,2024-08-26 11:50,Tan Son Nhat International Airport,SGN,2024-08-26 12:55,125,AirAsia,Economy,125,N,,,48,Y,N,N,1,7,0,0,Monday,False,False,False,Tan Son Nhat International Airport,SGN
Kuala Lumpur International Airport,KUL,2024-08-26 14:40,Tan Son Nhat International Airport,SGN,2024-08-26 15:50,130,AirAsia,Economy,130,N,,,48,Y,N,N,1,7,0,0,Monday,False,False,False,Tan Son Nhat International Airport,SGN
Kuala Lumpur International Airport,KUL,2024-08-26 19:35,Tan Son Nhat International Airport,SGN,2024-08-26 20:40,125,AirAsia,Economy,125,N,,,48,Y,N,N,1,7,0,0,Monday,False,False,False,Tan Son Nhat International Airport,SGN
Kuala Lumpur International Airport,KUL,2024-08-27 11:05,Tan Son Nhat International Airport,SGN,2024-08-27 12:10,125,AirAsia,Economy,125,N,,,48,Y,N,N,1,7,0,0,Tuesday,False,False,False,Tan Son Nhat International Airport,SGN
Kuala Lumpur International Airport,KUL,2024-08-27 11:50,Tan Son Nhat International Airport,SGN,2024-08-27 12:55,125,AirAsia,Economy,125,N,,,48,Y,N,N,1,7,0,0,Tuesday,False,False,False,Tan Son Nhat International Airport,SGN
Kuala Lumpur International Airport,KUL,2024-08-27 14:40,Tan Son Nhat International Airport,SGN,2024-08-27 15:50,130,AirAsia,Economy,130,N,,,48,Y,N,N,1,7,0,0,Tuesday,False,False,False,Tan Son Nhat International Airport,SGN
Kuala Lumpur International Airport,KUL,2024-08-27 19:35,Tan Son Nhat International Airport,SGN,2024-08-27 20:40,125,AirAsia,Economy,125,N,,,48,Y,N,N,1,7,0,0,Tuesday,False,False,False,Tan Son Nhat International Airport,SGN
Kuala Lumpur International Airport,KUL,2024-08-28 11:50,Tan Son Nhat International Airport,SGN,2024-08-28 12:55,125,AirAsia,Economy,125,N,,,48,Y,N,N,1,7,0,0,Wednesday,False,False,False,Tan Son Nhat International Airport,SGN
Kuala Lumpur International Airport,KUL,2024-08-28 14:40,Tan Son Nhat International Airport,SGN,2024-08-28 15:50,130,AirAsia,Economy,130,N,,,48,Y,N,N,1,7,0,0,Wednesday,False,False,False,Tan Son Nhat International Airport,SGN
Kuala Lumpur International Airport,KUL,2024-08-28 19:35,Tan Son Nhat International Airport,SGN,2024-08-28 20:40,125,AirAsia,Economy,125,N,,,48,Y,N,N,1,7,0,0,Wednesday,False,False,False,Tan Son Nhat International Airport,SGN
Kuala Lumpur International Airport,KUL,2024-08-29 11:05,Tan Son Nhat International Airport,SGN,2024-08-29 12:10,125,AirAsia,Economy,125,N,,,48,Y,N,N,1,7,0,0,Thursday,False,False,False,Tan Son Nhat International Airport,SGN
Kuala Lumpur International Airport,KUL,2024-08-29 11:50,Tan Son Nhat International Airport,SGN,2024-08-29 12:55,125,AirAsia,Economy,125,N,,,48,Y,N,N,1,7,0,0,Thursday,False,False,False,Tan Son Nhat International Airport,SGN
Kuala Lumpur International Airport,KUL,2024-08-29 14:40,Tan Son Nhat International Airport,SGN,2024-08-29 15:50,130,AirAsia,Economy,130,N,,,48,Y,N,N,1,7,0,0,Thursday,False,False,False,Tan Son Nhat International Airport,SGN
Kuala Lumpur International Airport,KUL,2024-08-29 19:35,Tan Son Nhat International Airport,SGN,2024-08-29 20:40,125,AirAsia,Economy,125,N,,,48,Y,N,N,1,7,0,0,Thursday,False,False,False,Tan Son Nhat International Airport,SGN
Kuala Lumpur International Airport,KUL,2024-08-30 11:05,Tan Son Nhat International Airport,SGN,2024-08-30 12:10,125,AirAsia,Economy,125,N,,,48,Y,N,N,1,7,0,0,Friday,False,False,False,Tan Son Nhat International Airport,SGN
Kuala Lumpur International Airport,KUL,2024-08-30 11:50,Tan Son Nhat International Airport,SGN,2024-08-30 12:55,125,AirAsia,Economy,125,N,,,48,Y,N,N,1,7,0,0,Friday,False,False,False,Tan Son Nhat International Airport,SGN
Kuala Lumpur International Airport,KUL,2024-08-30 14:40,Tan Son Nhat International Airport,SGN,2024-08-30 15:50,130,AirAsia,Economy,130,N,,,48,Y,N,N,1,7,0,0,Friday,False,False,False,Tan Son Nhat International Airport,SGN
Kuala Lumpur International Airport,KUL,2024-08-30 19:35,Tan Son Nhat International Airport,SGN,2024-08-30 20:40,125,AirAsia,Economy,125,N,,,48,Y,N,N,1,7,0,0,Friday,False,False,False,Tan Son Nhat International Airport,SGN
Kuala Lumpur International Airport,KUL,2024-08-31 11:05,Tan Son Nhat International Airport,SGN,2024-08-31 12:10,125,AirAsia,Economy,125,N,,,48,Y,N,N,1,7,0,0,Saturday,True,False,False,Tan Son Nhat International Airport,SGN
Kuala Lumpur International Airport,KUL,2024-08-31 11:50,Tan Son Nhat International Airport,SGN,2024-08-31 12:55,125,AirAsia,Economy,125,N,,,48,Y,N,N,1,7,0,0,Saturday,True,False,False,Tan Son Nhat International Airport,SGN
Kuala Lumpur International Airport,KUL,2024-08-31 14:40,Tan Son Nhat International Airport,SGN,2024-08-31 15:50,130,AirAsia,Economy,130,,,,48,Y,N,N,1,7,0,0,Saturday,True,False,False,Tan Son Nhat International Airport,SGN
Kuala Lumpur International Airport,KUL,2024-08-31 19:35,Tan Son Nhat International Airport,SGN,2024-08-31 20:40,125,AirAsia,Economy,125,,,,48,Y,N,N,1,7,0,0,Saturday,True,False,False,Tan Son Nhat International Airport,SGN
