Departure Airport Name,Departure Airport ID,Departure Time,Arrival Airport Name,Arrival Airport ID,Arrival Time,Duration,Airline,Travel Class,Total Duration,Layover,Layover 1 Duration,Layover 1 Overnight,Price, Cabin Baggage, Checked Baggage,Meal Included,Cabin Baggage (Number),Cabin Baggage (kg in total),Checked Baggage (Number),Checked Baggage (kg in total),Day of week (on flight date),Departure Country Is Holiday,Arrival Country Is Holiday,Overnight Flight,Final Arrival Airport Name,Final Arrival Airport ID
Kuala Lumpur International Airport,KUL,2024-08-01 06:40,Phnom Penh International Airport,PNH,2024-08-01 07:35,115,AirAsia,Economy,115,N,,,40,Y,N,N,1,7,0,0,Thursday,False,False,False,Phnom Penh International Airport,PNH
Kuala Lumpur International Airport,KUL,2024-08-01 11:50,Phnom Penh International Airport,PNH,2024-08-01 12:45,115,AirAsia,Economy,115,N,,,40,Y,N,N,1,7,0,0,Thursday,False,False,False,Phnom Penh International Airport,PNH
Kuala Lumpur International Airport,KUL,2024-08-01 18:45,Phnom Penh International Airport,PNH,2024-08-01 19:45,120,AirAsia,Economy,120,N,,,40,Y,N,N,1,7,0,0,Thursday,False,False,False,Phnom Penh International Airport,PNH
Kuala Lumpur International Airport,KUL,2024-08-01 17:15,Phnom Penh International Airport,PNH,2024-08-01 18:30,135,Cambodia Airways,Economy,135,N,,,63,Y,Y,N,1,7,1,30,Thursday,False,False,False,Phnom Penh International Airport,PNH
Kuala Lumpur International Airport,KUL,2024-08-01 16:30,Phnom Penh International Airport,PNH,2024-08-01 17:25,115,Malaysia Airlines,Economy,115,N,,,108,Y,Y,Y,1,7,1,10,Thursday,False,False,False,Phnom Penh International Airport,PNH
Kuala Lumpur International Airport,KUL,2024-08-02 06:40,Phnom Penh International Airport,PNH,2024-08-02 07:35,115,AirAsia,Economy,115,N,,,54,Y,N,N,1,7,0,0,Friday,False,False,False,Phnom Penh International Airport,PNH
Kuala Lumpur International Airport,KUL,2024-08-02 11:50,Phnom Penh International Airport,PNH,2024-08-02 12:45,115,AirAsia,Economy,115,N,,,54,Y,N,N,1,7,0,0,Friday,False,False,False,Phnom Penh International Airport,PNH
Kuala Lumpur International Airport,KUL,2024-08-02 18:45,Phnom Penh International Airport,PNH,2024-08-02 19:45,120,AirAsia,Economy,120,N,,,54,Y,N,N,1,7,0,0,Friday,False,False,False,Phnom Penh International Airport,PNH
Kuala Lumpur International Airport,KUL,2024-08-02 09:00,Phnom Penh International Airport,PNH,2024-08-02 10:00,120,Malaysia Airlines,Economy,120,N,,,108,Y,Y,Y,1,7,1,10,Friday,False,False,False,Phnom Penh International Airport,PNH
Kuala Lumpur International Airport,KUL,2024-08-02 16:30,Phnom Penh International Airport,PNH,2024-08-02 17:25,115,Malaysia Airlines,Economy,115,N,,,108,Y,Y,Y,1,7,1,10,Friday,False,False,False,Phnom Penh International Airport,PNH
Kuala Lumpur International Airport,KUL,2024-08-03 06:40,Phnom Penh International Airport,PNH,2024-08-03 07:35,115,AirAsia,Economy,115,N,,,54,Y,N,N,1,7,0,0,Saturday,False,False,False,Phnom Penh International Airport,PNH
Kuala Lumpur International Airport,KUL,2024-08-03 11:50,Phnom Penh International Airport,PNH,2024-08-03 12:45,115,AirAsia,Economy,115,N,,,54,Y,N,N,1,7,0,0,Saturday,False,False,False,Phnom Penh International Airport,PNH
Kuala Lumpur International Airport,KUL,2024-08-03 18:45,Phnom Penh International Airport,PNH,2024-08-03 19:45,120,AirAsia,Economy,120,N,,,54,Y,N,N,1,7,0,0,Saturday,False,False,False,Phnom Penh International Airport,PNH
Kuala Lumpur International Airport,KUL,2024-08-03 09:00,Phnom Penh International Airport,PNH,2024-08-03 10:00,120,Malaysia Airlines,Economy,120,N,,,108,Y,Y,Y,1,7,1,10,Saturday,False,False,False,Phnom Penh International Airport,PNH
Kuala Lumpur International Airport,KUL,2024-08-03 16:30,Phnom Penh International Airport,PNH,2024-08-03 17:25,115,Malaysia Airlines,Economy,115,N,,,108,Y,Y,Y,1,7,1,10,Saturday,False,False,False,Phnom Penh International Airport,PNH
Kuala Lumpur International Airport,KUL,2024-08-04 06:40,Phnom Penh International Airport,PNH,2024-08-04 07:35,115,AirAsia,Economy,115,N,,,40,Y,N,N,1,7,0,0,Sunday,False,False,False,Phnom Penh International Airport,PNH
Kuala Lumpur International Airport,KUL,2024-08-04 11:50,Phnom Penh International Airport,PNH,2024-08-04 12:45,115,AirAsia,Economy,115,N,,,40,Y,N,N,1,7,0,0,Sunday,False,False,False,Phnom Penh International Airport,PNH
Kuala Lumpur International Airport,KUL,2024-08-04 18:45,Phnom Penh International Airport,PNH,2024-08-04 19:45,120,AirAsia,Economy,120,N,,,40,Y,N,N,1,7,0,0,Sunday,False,False,False,Phnom Penh International Airport,PNH
Kuala Lumpur International Airport,KUL,2024-08-04 18:15,Phnom Penh International Airport,PNH,2024-08-04 19:35,140,Cambodia Airways,Economy,140,N,,,63,Y,Y,N,1,7,1,30,Sunday,False,False,False,Phnom Penh International Airport,PNH
Kuala Lumpur International Airport,KUL,2024-08-04 16:30,Phnom Penh International Airport,PNH,2024-08-04 17:25,115,Malaysia Airlines,Economy,115,N,,,108,Y,Y,Y,1,7,1,10,Sunday,False,False,False,Phnom Penh International Airport,PNH
Kuala Lumpur International Airport,KUL,2024-08-05 06:40,Phnom Penh International Airport,PNH,2024-08-05 07:35,115,AirAsia,Economy,115,N,,,54,Y,N,N,1,7,0,0,Monday,False,False,False,Phnom Penh International Airport,PNH
Kuala Lumpur International Airport,KUL,2024-08-05 11:50,Phnom Penh International Airport,PNH,2024-08-05 12:45,115,AirAsia,Economy,115,N,,,54,Y,N,N,1,7,0,0,Monday,False,False,False,Phnom Penh International Airport,PNH
Kuala Lumpur International Airport,KUL,2024-08-05 18:45,Phnom Penh International Airport,PNH,2024-08-05 19:45,120,AirAsia,Economy,120,N,,,54,Y,N,N,1,7,0,0,Monday,False,False,False,Phnom Penh International Airport,PNH
Kuala Lumpur International Airport,KUL,2024-08-05 16:30,Phnom Penh International Airport,PNH,2024-08-05 17:25,115,Malaysia Airlines,Economy,115,N,,,108,Y,Y,Y,1,7,1,10,Monday,False,False,False,Phnom Penh International Airport,PNH
Kuala Lumpur International Airport,KUL,2024-08-06 06:40,Phnom Penh International Airport,PNH,2024-08-06 07:35,115,AirAsia,Economy,115,N,,,40,Y,N,N,1,7,0,0,Tuesday,False,False,False,Phnom Penh International Airport,PNH
Kuala Lumpur International Airport,KUL,2024-08-06 11:50,Phnom Penh International Airport,PNH,2024-08-06 12:45,115,AirAsia,Economy,115,N,,,40,Y,N,N,1,7,0,0,Tuesday,False,False,False,Phnom Penh International Airport,PNH
Kuala Lumpur International Airport,KUL,2024-08-06 18:45,Phnom Penh International Airport,PNH,2024-08-06 19:45,120,AirAsia,Economy,120,N,,,40,Y,N,N,1,7,0,0,Tuesday,False,False,False,Phnom Penh International Airport,PNH
Kuala Lumpur International Airport,KUL,2024-08-06 17:15,Phnom Penh International Airport,PNH,2024-08-06 18:30,135,Cambodia Airways,Economy,135,N,,,63,Y,Y,N,1,7,1,30,Tuesday,False,False,False,Phnom Penh International Airport,PNH
Kuala Lumpur International Airport,KUL,2024-08-06 16:30,Phnom Penh International Airport,PNH,2024-08-06 17:25,115,Malaysia Airlines,Economy,115,N,,,119,Y,Y,Y,1,7,1,10,Tuesday,False,False,False,Phnom Penh International Airport,PNH
Kuala Lumpur International Airport,KUL,2024-08-07 06:40,Phnom Penh International Airport,PNH,2024-08-07 07:35,115,AirAsia,Economy,115,N,,,54,Y,N,N,1,7,0,0,Wednesday,False,False,False,Phnom Penh International Airport,PNH
Kuala Lumpur International Airport,KUL,2024-08-07 11:50,Phnom Penh International Airport,PNH,2024-08-07 12:45,115,AirAsia,Economy,115,N,,,54,Y,N,N,1,7,0,0,Wednesday,False,False,False,Phnom Penh International Airport,PNH
Kuala Lumpur International Airport,KUL,2024-08-07 18:45,Phnom Penh International Airport,PNH,2024-08-07 19:45,120,AirAsia,Economy,120,N,,,54,Y,N,N,1,7,0,0,Wednesday,False,False,False,Phnom Penh International Airport,PNH
Kuala Lumpur International Airport,KUL,2024-08-07 16:30,Phnom Penh International Airport,PNH,2024-08-07 17:25,115,Malaysia Airlines,Economy,115,N,,,108,Y,Y,Y,1,7,1,10,Wednesday,False,False,False,Phnom Penh International Airport,PNH
Kuala Lumpur International Airport,KUL,2024-08-08 06:40,Phnom Penh International Airport,PNH,2024-08-08 07:35,115,AirAsia,Economy,115,N,,,40,Y,N,N,1,7,0,0,Thursday,False,False,False,Phnom Penh International Airport,PNH
Kuala Lumpur International Airport,KUL,2024-08-08 11:50,Phnom Penh International Airport,PNH,2024-08-08 12:45,115,AirAsia,Economy,115,N,,,40,Y,N,N,1,7,0,0,Thursday,False,False,False,Phnom Penh International Airport,PNH
Kuala Lumpur International Airport,KUL,2024-08-08 18:45,Phnom Penh International Airport,PNH,2024-08-08 19:45,120,AirAsia,Economy,120,N,,,40,Y,N,N,1,7,0,0,Thursday,False,False,False,Phnom Penh International Airport,PNH
Kuala Lumpur International Airport,KUL,2024-08-08 17:15,Phnom Penh International Airport,PNH,2024-08-08 18:30,135,Cambodia Airways,Economy,135,N,,,63,Y,Y,N,1,7,1,30,Thursday,False,False,False,Phnom Penh International Airport,PNH
Kuala Lumpur International Airport,KUL,2024-08-08 16:30,Phnom Penh International Airport,PNH,2024-08-08 17:25,115,Malaysia Airlines,Economy,115,N,,,108,Y,Y,Y,1,7,1,10,Thursday,False,False,False,Phnom Penh International Airport,PNH
Kuala Lumpur International Airport,KUL,2024-08-09 06:40,Phnom Penh International Airport,PNH,2024-08-09 07:35,115,AirAsia,Economy,115,N,,,54,Y,N,N,1,7,0,0,Friday,False,False,False,Phnom Penh International Airport,PNH
Kuala Lumpur International Airport,KUL,2024-08-09 11:50,Phnom Penh International Airport,PNH,2024-08-09 12:45,115,AirAsia,Economy,115,N,,,54,Y,N,N,1,7,0,0,Friday,False,False,False,Phnom Penh International Airport,PNH
Kuala Lumpur International Airport,KUL,2024-08-09 18:45,Phnom Penh International Airport,PNH,2024-08-09 19:45,120,AirAsia,Economy,120,N,,,54,Y,N,N,1,7,0,0,Friday,False,False,False,Phnom Penh International Airport,PNH
Kuala Lumpur International Airport,KUL,2024-08-09 09:00,Phnom Penh International Airport,PNH,2024-08-09 10:00,120,Malaysia Airlines,Economy,120,N,,,108,Y,Y,Y,1,7,1,10,Friday,False,False,False,Phnom Penh International Airport,PNH
Kuala Lumpur International Airport,KUL,2024-08-09 16:30,Phnom Penh International Airport,PNH,2024-08-09 17:25,115,Malaysia Airlines,Economy,115,N,,,108,Y,Y,Y,1,7,1,10,Friday,False,False,False,Phnom Penh International Airport,PNH
Kuala Lumpur International Airport,KUL,2024-08-10 06:40,Phnom Penh International Airport,PNH,2024-08-10 07:35,115,AirAsia,Economy,115,N,,,54,Y,N,N,1,7,0,0,Saturday,False,False,False,Phnom Penh International Airport,PNH
Kuala Lumpur International Airport,KUL,2024-08-10 11:50,Phnom Penh International Airport,PNH,2024-08-10 12:45,115,AirAsia,Economy,115,N,,,54,Y,N,N,1,7,0,0,Saturday,False,False,False,Phnom Penh International Airport,PNH
Kuala Lumpur International Airport,KUL,2024-08-10 18:45,Phnom Penh International Airport,PNH,2024-08-10 19:45,120,AirAsia,Economy,120,N,,,54,Y,N,N,1,7,0,0,Saturday,False,False,False,Phnom Penh International Airport,PNH
Kuala Lumpur International Airport,KUL,2024-08-10 16:30,Phnom Penh International Airport,PNH,2024-08-10 17:25,115,Malaysia Airlines,Economy,115,N,,,108,Y,Y,Y,1,7,1,10,Saturday,False,False,False,Phnom Penh International Airport,PNH
Kuala Lumpur International Airport,KUL,2024-08-11 06:40,Phnom Penh International Airport,PNH,2024-08-11 07:35,115,AirAsia,Economy,115,N,,,40,Y,N,N,1,7,0,0,Sunday,False,False,False,Phnom Penh International Airport,PNH
Kuala Lumpur International Airport,KUL,2024-08-11 18:45,Phnom Penh International Airport,PNH,2024-08-11 19:45,120,AirAsia,Economy,120,N,,,40,Y,N,N,1,7,0,0,Sunday,False,False,False,Phnom Penh International Airport,PNH
Kuala Lumpur International Airport,KUL,2024-08-11 11:50,Phnom Penh International Airport,PNH,2024-08-11 12:45,115,AirAsia,Economy,115,N,,,54,Y,N,N,1,7,0,0,Sunday,False,False,False,Phnom Penh International Airport,PNH
Kuala Lumpur International Airport,KUL,2024-08-11 18:15,Phnom Penh International Airport,PNH,2024-08-11 19:35,140,Cambodia Airways,Economy,140,N,,,63,Y,Y,N,1,7,1,30,Sunday,False,False,False,Phnom Penh International Airport,PNH
Kuala Lumpur International Airport,KUL,2024-08-11 16:30,Phnom Penh International Airport,PNH,2024-08-11 17:25,115,Malaysia Airlines,Economy,115,N,,,108,Y,Y,Y,1,7,1,10,Sunday,False,False,False,Phnom Penh International Airport,PNH
Kuala Lumpur International Airport,KUL,2024-08-12 06:40,Phnom Penh International Airport,PNH,2024-08-12 07:35,115,AirAsia,Economy,115,N,,,54,Y,N,N,1,7,0,0,Monday,False,False,False,Phnom Penh International Airport,PNH
Kuala Lumpur International Airport,KUL,2024-08-12 11:50,Phnom Penh International Airport,PNH,2024-08-12 12:45,115,AirAsia,Economy,115,N,,,54,Y,N,N,1,7,0,0,Monday,False,False,False,Phnom Penh International Airport,PNH
Kuala Lumpur International Airport,KUL,2024-08-12 18:45,Phnom Penh International Airport,PNH,2024-08-12 19:45,120,AirAsia,Economy,120,N,,,54,Y,N,N,1,7,0,0,Monday,False,False,False,Phnom Penh International Airport,PNH
Kuala Lumpur International Airport,KUL,2024-08-12 16:30,Phnom Penh International Airport,PNH,2024-08-12 17:25,115,Malaysia Airlines,Economy,115,N,,,108,Y,Y,Y,1,7,1,10,Monday,False,False,False,Phnom Penh International Airport,PNH
Kuala Lumpur International Airport,KUL,2024-08-13 06:40,Phnom Penh International Airport,PNH,2024-08-13 07:35,115,AirAsia,Economy,115,N,,,40,Y,N,N,1,7,0,0,Tuesday,False,False,False,Phnom Penh International Airport,PNH
Kuala Lumpur International Airport,KUL,2024-08-13 11:50,Phnom Penh International Airport,PNH,2024-08-13 12:45,115,AirAsia,Economy,115,N,,,40,Y,N,N,1,7,0,0,Tuesday,False,False,False,Phnom Penh International Airport,PNH
Kuala Lumpur International Airport,KUL,2024-08-13 18:45,Phnom Penh International Airport,PNH,2024-08-13 19:45,120,AirAsia,Economy,120,N,,,40,Y,N,N,1,7,0,0,Tuesday,False,False,False,Phnom Penh International Airport,PNH
Kuala Lumpur International Airport,KUL,2024-08-13 17:15,Phnom Penh International Airport,PNH,2024-08-13 18:30,135,Cambodia Airways,Economy,135,N,,,63,Y,Y,N,1,7,1,30,Tuesday,False,False,False,Phnom Penh International Airport,PNH
Kuala Lumpur International Airport,KUL,2024-08-13 16:30,Phnom Penh International Airport,PNH,2024-08-13 17:25,115,Malaysia Airlines,Economy,115,N,,,108,Y,Y,Y,1,7,1,10,Tuesday,False,False,False,Phnom Penh International Airport,PNH
Kuala Lumpur International Airport,KUL,2024-08-14 06:40,Phnom Penh International Airport,PNH,2024-08-14 07:35,115,AirAsia,Economy,115,N,,,54,Y,N,N,1,7,0,0,Wednesday,False,False,False,Phnom Penh International Airport,PNH
Kuala Lumpur International Airport,KUL,2024-08-14 11:50,Phnom Penh International Airport,PNH,2024-08-14 12:45,115,AirAsia,Economy,115,N,,,54,Y,N,N,1,7,0,0,Wednesday,False,False,False,Phnom Penh International Airport,PNH
Kuala Lumpur International Airport,KUL,2024-08-14 18:45,Phnom Penh International Airport,PNH,2024-08-14 19:45,120,AirAsia,Economy,120,N,,,54,Y,N,N,1,7,0,0,Wednesday,False,False,False,Phnom Penh International Airport,PNH
Kuala Lumpur International Airport,KUL,2024-08-14 16:30,Phnom Penh International Airport,PNH,2024-08-14 17:25,115,Malaysia Airlines,Economy,115,N,,,108,Y,Y,Y,1,7,1,10,Wednesday,False,False,False,Phnom Penh International Airport,PNH
Kuala Lumpur International Airport,KUL,2024-08-15 06:40,Phnom Penh International Airport,PNH,2024-08-15 07:35,115,AirAsia,Economy,115,N,,,40,Y,N,N,1,7,0,0,Thursday,False,False,False,Phnom Penh International Airport,PNH
Kuala Lumpur International Airport,KUL,2024-08-15 11:50,Phnom Penh International Airport,PNH,2024-08-15 12:45,115,AirAsia,Economy,115,N,,,40,Y,N,N,1,7,0,0,Thursday,False,False,False,Phnom Penh International Airport,PNH
Kuala Lumpur International Airport,KUL,2024-08-15 18:45,Phnom Penh International Airport,PNH,2024-08-15 19:45,120,AirAsia,Economy,120,N,,,40,Y,N,N,1,7,0,0,Thursday,False,False,False,Phnom Penh International Airport,PNH
Kuala Lumpur International Airport,KUL,2024-08-15 17:15,Phnom Penh International Airport,PNH,2024-08-15 18:30,135,Cambodia Airways,Economy,135,N,,,63,Y,Y,N,1,7,1,30,Thursday,False,False,False,Phnom Penh International Airport,PNH
Kuala Lumpur International Airport,KUL,2024-08-15 16:30,Phnom Penh International Airport,PNH,2024-08-15 17:25,115,Malaysia Airlines,Economy,115,N,,,108,Y,Y,Y,1,7,1,10,Thursday,False,False,False,Phnom Penh International Airport,PNH
Kuala Lumpur International Airport,KUL,2024-08-16 06:40,Phnom Penh International Airport,PNH,2024-08-16 07:35,115,AirAsia,Economy,115,N,,,54,Y,N,N,1,7,0,0,Friday,False,False,False,Phnom Penh International Airport,PNH
Kuala Lumpur International Airport,KUL,2024-08-16 11:50,Phnom Penh International Airport,PNH,2024-08-16 12:45,115,AirAsia,Economy,115,N,,,54,Y,N,N,1,7,0,0,Friday,False,False,False,Phnom Penh International Airport,PNH
Kuala Lumpur International Airport,KUL,2024-08-16 18:45,Phnom Penh International Airport,PNH,2024-08-16 19:45,120,AirAsia,Economy,120,N,,,54,Y,N,N,1,7,0,0,Friday,False,False,False,Phnom Penh International Airport,PNH
Kuala Lumpur International Airport,KUL,2024-08-16 09:00,Phnom Penh International Airport,PNH,2024-08-16 10:00,120,Malaysia Airlines,Economy,120,N,,,108,Y,Y,Y,1,7,1,10,Friday,False,False,False,Phnom Penh International Airport,PNH
Kuala Lumpur International Airport,KUL,2024-08-16 16:30,Phnom Penh International Airport,PNH,2024-08-16 17:25,115,Malaysia Airlines,Economy,115,N,,,108,Y,Y,Y,1,7,1,10,Friday,False,False,False,Phnom Penh International Airport,PNH
Kuala Lumpur International Airport,KUL,2024-08-17 06:40,Phnom Penh International Airport,PNH,2024-08-17 07:35,115,AirAsia,Economy,115,N,,,54,Y,N,N,1,7,0,0,Saturday,False,False,False,Phnom Penh International Airport,PNH
Kuala Lumpur International Airport,KUL,2024-08-17 11:50,Phnom Penh International Airport,PNH,2024-08-17 12:45,115,AirAsia,Economy,115,N,,,54,Y,N,N,1,7,0,0,Saturday,False,False,False,Phnom Penh International Airport,PNH
Kuala Lumpur International Airport,KUL,2024-08-17 18:45,Phnom Penh International Airport,PNH,2024-08-17 19:45,120,AirAsia,Economy,120,N,,,54,Y,N,N,1,7,0,0,Saturday,False,False,False,Phnom Penh International Airport,PNH
Kuala Lumpur International Airport,KUL,2024-08-17 16:30,Phnom Penh International Airport,PNH,2024-08-17 17:25,115,Malaysia Airlines,Economy,115,N,,,108,Y,Y,Y,1,7,1,10,Saturday,False,False,False,Phnom Penh International Airport,PNH
Kuala Lumpur International Airport,KUL,2024-08-18 06:40,Phnom Penh International Airport,PNH,2024-08-18 07:35,115,AirAsia,Economy,115,N,,,40,Y,N,N,1,7,0,0,Sunday,False,False,False,Phnom Penh International Airport,PNH
Kuala Lumpur International Airport,KUL,2024-08-18 11:50,Phnom Penh International Airport,PNH,2024-08-18 12:45,115,AirAsia,Economy,115,N,,,40,Y,N,N,1,7,0,0,Sunday,False,False,False,Phnom Penh International Airport,PNH
Kuala Lumpur International Airport,KUL,2024-08-18 18:45,Phnom Penh International Airport,PNH,2024-08-18 19:45,120,AirAsia,Economy,120,N,,,40,Y,N,N,1,7,0,0,Sunday,False,False,False,Phnom Penh International Airport,PNH
Kuala Lumpur International Airport,KUL,2024-08-18 18:15,Phnom Penh International Airport,PNH,2024-08-18 19:35,140,Cambodia Airways,Economy,140,N,,,63,Y,Y,N,1,7,1,30,Sunday,False,False,False,Phnom Penh International Airport,PNH
Kuala Lumpur International Airport,KUL,2024-08-18 16:30,Phnom Penh International Airport,PNH,2024-08-18 17:25,115,Malaysia Airlines,Economy,115,N,,,108,Y,Y,Y,1,7,1,10,Sunday,False,False,False,Phnom Penh International Airport,PNH
Kuala Lumpur International Airport,KUL,2024-08-19 06:40,Phnom Penh International Airport,PNH,2024-08-19 07:35,115,AirAsia,Economy,115,N,,,54,Y,N,N,1,7,0,0,Monday,False,False,False,Phnom Penh International Airport,PNH
Kuala Lumpur International Airport,KUL,2024-08-19 11:50,Phnom Penh International Airport,PNH,2024-08-19 12:45,115,AirAsia,Economy,115,N,,,54,Y,N,N,1,7,0,0,Monday,False,False,False,Phnom Penh International Airport,PNH
Kuala Lumpur International Airport,KUL,2024-08-19 18:45,Phnom Penh International Airport,PNH,2024-08-19 19:45,120,AirAsia,Economy,120,N,,,54,Y,N,N,1,7,0,0,Monday,False,False,False,Phnom Penh International Airport,PNH
Kuala Lumpur International Airport,KUL,2024-08-19 16:30,Phnom Penh International Airport,PNH,2024-08-19 17:25,115,Malaysia Airlines,Economy,115,N,,,108,Y,Y,Y,1,7,1,10,Monday,False,False,False,Phnom Penh International Airport,PNH
Kuala Lumpur International Airport,KUL,2024-08-20 06:40,Phnom Penh International Airport,PNH,2024-08-20 07:35,115,AirAsia,Economy,115,N,,,40,Y,N,N,1,7,0,0,Tuesday,False,False,False,Phnom Penh International Airport,PNH
Kuala Lumpur International Airport,KUL,2024-08-20 11:50,Phnom Penh International Airport,PNH,2024-08-20 12:45,115,AirAsia,Economy,115,N,,,40,Y,N,N,1,7,0,0,Tuesday,False,False,False,Phnom Penh International Airport,PNH
Kuala Lumpur International Airport,KUL,2024-08-20 18:45,Phnom Penh International Airport,PNH,2024-08-20 19:45,120,AirAsia,Economy,120,N,,,40,Y,N,N,1,7,0,0,Tuesday,False,False,False,Phnom Penh International Airport,PNH
Kuala Lumpur International Airport,KUL,2024-08-20 17:15,Phnom Penh International Airport,PNH,2024-08-20 18:30,135,Cambodia Airways,Economy,135,N,,,63,Y,Y,N,1,7,1,30,Tuesday,False,False,False,Phnom Penh International Airport,PNH
Kuala Lumpur International Airport,KUL,2024-08-20 16:30,Phnom Penh International Airport,PNH,2024-08-20 17:25,115,Malaysia Airlines,Economy,115,N,,,108,Y,Y,Y,1,7,1,10,Tuesday,False,False,False,Phnom Penh International Airport,PNH
Kuala Lumpur International Airport,KUL,2024-08-21 06:40,Phnom Penh International Airport,PNH,2024-08-21 07:35,115,AirAsia,Economy,115,N,,,54,Y,N,N,1,7,0,0,Wednesday,False,False,False,Phnom Penh International Airport,PNH
Kuala Lumpur International Airport,KUL,2024-08-21 11:50,Phnom Penh International Airport,PNH,2024-08-21 12:45,115,AirAsia,Economy,115,N,,,54,Y,N,N,1,7,0,0,Wednesday,False,False,False,Phnom Penh International Airport,PNH
Kuala Lumpur International Airport,KUL,2024-08-21 18:45,Phnom Penh International Airport,PNH,2024-08-21 19:45,120,AirAsia,Economy,120,N,,,54,Y,N,N,1,7,0,0,Wednesday,False,False,False,Phnom Penh International Airport,PNH
Kuala Lumpur International Airport,KUL,2024-08-21 16:30,Phnom Penh International Airport,PNH,2024-08-21 17:25,115,Malaysia Airlines,Economy,115,N,,,108,Y,Y,Y,1,7,1,10,Wednesday,False,False,False,Phnom Penh International Airport,PNH
Kuala Lumpur International Airport,KUL,2024-08-22 06:40,Phnom Penh International Airport,PNH,2024-08-22 07:35,115,AirAsia,Economy,115,N,,,40,Y,N,N,1,7,0,0,Thursday,False,False,False,Phnom Penh International Airport,PNH
Kuala Lumpur International Airport,KUL,2024-08-22 11:50,Phnom Penh International Airport,PNH,2024-08-22 12:45,115,AirAsia,Economy,115,N,,,40,Y,N,N,1,7,0,0,Thursday,False,False,False,Phnom Penh International Airport,PNH
Kuala Lumpur International Airport,KUL,2024-08-22 18:45,Phnom Penh International Airport,PNH,2024-08-22 19:45,120,AirAsia,Economy,120,N,,,40,Y,N,N,1,7,0,0,Thursday,False,False,False,Phnom Penh International Airport,PNH
Kuala Lumpur International Airport,KUL,2024-08-22 17:15,Phnom Penh International Airport,PNH,2024-08-22 18:30,135,Cambodia Airways,Economy,135,N,,,63,Y,Y,N,1,7,1,30,Thursday,False,False,False,Phnom Penh International Airport,PNH
Kuala Lumpur International Airport,KUL,2024-08-22 16:30,Phnom Penh International Airport,PNH,2024-08-22 17:25,115,Malaysia Airlines,Economy,115,N,,,108,Y,Y,Y,1,7,1,10,Thursday,False,False,False,Phnom Penh International Airport,PNH
Kuala Lumpur International Airport,KUL,2024-08-23 06:40,Phnom Penh International Airport,PNH,2024-08-23 07:35,115,AirAsia,Economy,115,N,,,54,Y,N,N,1,7,0,0,Friday,False,False,False,Phnom Penh International Airport,PNH
Kuala Lumpur International Airport,KUL,2024-08-23 11:50,Phnom Penh International Airport,PNH,2024-08-23 12:45,115,AirAsia,Economy,115,N,,,54,Y,N,N,1,7,0,0,Friday,False,False,False,Phnom Penh International Airport,PNH
Kuala Lumpur International Airport,KUL,2024-08-23 18:45,Phnom Penh International Airport,PNH,2024-08-23 19:45,120,AirAsia,Economy,120,N,,,54,Y,N,N,1,7,0,0,Friday,False,False,False,Phnom Penh International Airport,PNH
Kuala Lumpur International Airport,KUL,2024-08-23 09:00,Phnom Penh International Airport,PNH,2024-08-23 10:00,120,Malaysia Airlines,Economy,120,N,,,108,Y,Y,Y,1,7,1,10,Friday,False,False,False,Phnom Penh International Airport,PNH
Kuala Lumpur International Airport,KUL,2024-08-23 16:30,Phnom Penh International Airport,PNH,2024-08-23 17:25,115,Malaysia Airlines,Economy,115,N,,,108,Y,Y,Y,1,7,1,10,Friday,False,False,False,Phnom Penh International Airport,PNH
Kuala Lumpur International Airport,KUL,2024-08-24 06:40,Phnom Penh International Airport,PNH,2024-08-24 07:35,115,AirAsia,Economy,115,N,,,54,Y,N,N,1,7,0,0,Saturday,False,False,False,Phnom Penh International Airport,PNH
Kuala Lumpur International Airport,KUL,2024-08-24 11:50,Phnom Penh International Airport,PNH,2024-08-24 12:45,115,AirAsia,Economy,115,N,,,54,Y,N,N,1,7,0,0,Saturday,False,False,False,Phnom Penh International Airport,PNH
Kuala Lumpur International Airport,KUL,2024-08-24 18:45,Phnom Penh International Airport,PNH,2024-08-24 19:45,120,AirAsia,Economy,120,N,,,54,Y,N,N,1,7,0,0,Saturday,False,False,False,Phnom Penh International Airport,PNH
Kuala Lumpur International Airport,KUL,2024-08-24 16:30,Phnom Penh International Airport,PNH,2024-08-24 17:25,115,Malaysia Airlines,Economy,115,N,,,108,Y,Y,Y,1,7,1,10,Saturday,False,False,False,Phnom Penh International Airport,PNH
Kuala Lumpur International Airport,KUL,2024-08-25 06:40,Phnom Penh International Airport,PNH,2024-08-25 07:35,115,AirAsia,Economy,115,N,,,40,Y,N,N,1,7,0,0,Sunday,False,False,False,Phnom Penh International Airport,PNH
Kuala Lumpur International Airport,KUL,2024-08-25 11:50,Phnom Penh International Airport,PNH,2024-08-25 12:45,115,AirAsia,Economy,115,N,,,40,Y,N,N,1,7,0,0,Sunday,False,False,False,Phnom Penh International Airport,PNH
Kuala Lumpur International Airport,KUL,2024-08-25 18:45,Phnom Penh International Airport,PNH,2024-08-25 19:45,120,AirAsia,Economy,120,N,,,40,Y,N,N,1,7,0,0,Sunday,False,False,False,Phnom Penh International Airport,PNH
Kuala Lumpur International Airport,KUL,2024-08-25 18:15,Phnom Penh International Airport,PNH,2024-08-25 19:35,140,Cambodia Airways,Economy,140,N,,,63,Y,Y,N,1,7,1,30,Sunday,False,False,False,Phnom Penh International Airport,PNH
Kuala Lumpur International Airport,KUL,2024-08-25 16:30,Phnom Penh International Airport,PNH,2024-08-25 17:25,115,Malaysia Airlines,Economy,115,N,,,108,Y,Y,Y,1,7,1,10,Sunday,False,False,False,Phnom Penh International Airport,PNH
Kuala Lumpur International Airport,KUL,2024-08-26 06:40,Phnom Penh International Airport,PNH,2024-08-26 07:35,115,AirAsia,Economy,115,N,,,54,Y,N,N,1,7,0,0,Monday,False,False,False,Phnom Penh International Airport,PNH
Kuala Lumpur International Airport,KUL,2024-08-26 11:50,Phnom Penh International Airport,PNH,2024-08-26 12:45,115,AirAsia,Economy,115,N,,,54,Y,N,N,1,7,0,0,Monday,False,False,False,Phnom Penh International Airport,PNH
Kuala Lumpur International Airport,KUL,2024-08-26 18:45,Phnom Penh International Airport,PNH,2024-08-26 19:45,120,AirAsia,Economy,120,N,,,54,Y,N,N,1,7,0,0,Monday,False,False,False,Phnom Penh International Airport,PNH
Kuala Lumpur International Airport,KUL,2024-08-26 16:30,Phnom Penh International Airport,PNH,2024-08-26 17:25,115,Malaysia Airlines,Economy,115,N,,,108,Y,Y,Y,1,7,1,10,Monday,False,False,False,Phnom Penh International Airport,PNH
Kuala Lumpur International Airport,KUL,2024-08-27 06:40,Phnom Penh International Airport,PNH,2024-08-27 07:35,115,AirAsia,Economy,115,N,,,40,Y,N,N,1,7,0,0,Tuesday,False,False,False,Phnom Penh International Airport,PNH
Kuala Lumpur International Airport,KUL,2024-08-27 11:50,Phnom Penh International Airport,PNH,2024-08-27 12:45,115,AirAsia,Economy,115,N,,,40,Y,N,N,1,7,0,0,Tuesday,False,False,False,Phnom Penh International Airport,PNH
Kuala Lumpur International Airport,KUL,2024-08-27 18:45,Phnom Penh International Airport,PNH,2024-08-27 19:45,120,AirAsia,Economy,120,N,,,40,Y,N,N,1,7,0,0,Tuesday,False,False,False,Phnom Penh International Airport,PNH
Kuala Lumpur International Airport,KUL,2024-08-27 17:15,Phnom Penh International Airport,PNH,2024-08-27 18:30,135,Cambodia Airways,Economy,135,N,,,63,Y,Y,N,1,7,1,30,Tuesday,False,False,False,Phnom Penh International Airport,PNH
Kuala Lumpur International Airport,KUL,2024-08-27 16:30,Phnom Penh International Airport,PNH,2024-08-27 17:25,115,Malaysia Airlines,Economy,115,N,,,108,Y,Y,Y,1,7,1,10,Tuesday,False,False,False,Phnom Penh International Airport,PNH
Kuala Lumpur International Airport,KUL,2024-08-28 18:45,Phnom Penh International Airport,PNH,2024-08-28 19:45,120,AirAsia,Economy,120,N,,,40,Y,N,N,1,7,0,0,Wednesday,False,False,False,Phnom Penh International Airport,PNH
Kuala Lumpur International Airport,KUL,2024-08-28 11:50,Phnom Penh International Airport,PNH,2024-08-28 12:45,115,AirAsia,Economy,115,N,,,54,Y,N,N,1,7,0,0,Wednesday,False,False,False,Phnom Penh International Airport,PNH
Kuala Lumpur International Airport,KUL,2024-08-28 16:30,Phnom Penh International Airport,PNH,2024-08-28 17:25,115,Malaysia Airlines,Economy,115,N,,,108,Y,Y,Y,1,7,1,10,Wednesday,False,False,False,Phnom Penh International Airport,PNH
Kuala Lumpur International Airport,KUL,2024-08-29 06:40,Phnom Penh International Airport,PNH,2024-08-29 07:35,115,AirAsia,Economy,115,N,,,40,Y,N,N,1,7,0,0,Thursday,False,False,False,Phnom Penh International Airport,PNH
Kuala Lumpur International Airport,KUL,2024-08-29 11:50,Phnom Penh International Airport,PNH,2024-08-29 12:45,115,AirAsia,Economy,115,N,,,40,Y,N,N,1,7,0,0,Thursday,False,False,False,Phnom Penh International Airport,PNH
Kuala Lumpur International Airport,KUL,2024-08-29 18:45,Phnom Penh International Airport,PNH,2024-08-29 19:45,120,AirAsia,Economy,120,N,,,40,Y,N,N,1,7,0,0,Thursday,False,False,False,Phnom Penh International Airport,PNH
Kuala Lumpur International Airport,KUL,2024-08-29 17:15,Phnom Penh International Airport,PNH,2024-08-29 18:30,135,Cambodia Airways,Economy,135,N,,,63,Y,Y,N,1,7,1,30,Thursday,False,False,False,Phnom Penh International Airport,PNH
Kuala Lumpur International Airport,KUL,2024-08-29 16:30,Phnom Penh International Airport,PNH,2024-08-29 17:25,115,Malaysia Airlines,Economy,115,N,,,108,Y,Y,Y,1,7,1,10,Thursday,False,False,False,Phnom Penh International Airport,PNH
Kuala Lumpur International Airport,KUL,2024-08-30 06:40,Phnom Penh International Airport,PNH,2024-08-30 07:35,115,AirAsia,Economy,115,N,,,54,Y,N,N,1,7,0,0,Friday,False,False,False,Phnom Penh International Airport,PNH
Kuala Lumpur International Airport,KUL,2024-08-30 11:50,Phnom Penh International Airport,PNH,2024-08-30 12:45,115,AirAsia,Economy,115,N,,,54,Y,N,N,1,7,0,0,Friday,False,False,False,Phnom Penh International Airport,PNH
Kuala Lumpur International Airport,KUL,2024-08-30 18:45,Phnom Penh International Airport,PNH,2024-08-30 19:45,120,AirAsia,Economy,120,N,,,54,Y,N,N,1,7,0,0,Friday,False,False,False,Phnom Penh International Airport,PNH
Kuala Lumpur International Airport,KUL,2024-08-30 09:00,Phnom Penh International Airport,PNH,2024-08-30 10:00,120,Malaysia Airlines,Economy,120,N,,,108,Y,Y,Y,1,7,1,10,Friday,False,False,False,Phnom Penh International Airport,PNH
Kuala Lumpur International Airport,KUL,2024-08-30 16:30,Phnom Penh International Airport,PNH,2024-08-30 17:25,115,Malaysia Airlines,Economy,115,N,,,108,Y,Y,Y,1,7,1,10,Friday,False,False,False,Phnom Penh International Airport,PNH
Kuala Lumpur International Airport,KUL,2024-08-31 06:40,Phnom Penh International Airport,PNH,2024-08-31 07:35,115,AirAsia,Economy,115,N,,,54,Y,N,N,1,7,0,0,Saturday,True,False,False,Phnom Penh International Airport,PNH
Kuala Lumpur International Airport,KUL,2024-08-31 11:50,Phnom Penh International Airport,PNH,2024-08-31 12:45,115,AirAsia,Economy,115,N,,,54,Y,N,N,1,7,0,0,Saturday,True,False,False,Phnom Penh International Airport,PNH
Kuala Lumpur International Airport,KUL,2024-08-31 18:45,Phnom Penh International Airport,PNH,2024-08-31 19:45,120,AirAsia,Economy,120,N,,,54,Y,N,N,1,7,0,0,Saturday,True,False,False,Phnom Penh International Airport,PNH
Kuala Lumpur International Airport,KUL,2024-08-31 16:30,Phnom Penh International Airport,PNH,2024-08-31 17:25,115,Malaysia Airlines,Economy,115,N,,,108,Y,Y,Y,1,7,1,10,Saturday,True,False,False,Phnom Penh International Airport,PNH
