Departure Airport Name,Departure Airport ID,Departure Time,Arrival Airport Name,Arrival Airport ID,Arrival Time,Duration,Airline,Travel Class,Total Duration,Layover,Layover 1 Duration,Layover 1 Overnight,Price, Cabin Baggage, Checked Baggage,Meal Included,Cabin Baggage (Number),Cabin Baggage (kg in total),Checked Baggage (Number),Checked Baggage (kg in total),Day of week (on flight date),Departure Country Is Holiday,Arrival Country Is Holiday,Overnight Flight,Final Arrival Airport Name,Final Arrival Airport ID
Kuala Lumpur International Airport,KUL,2024-08-01 11:55,Singapore Changi Airport,SIN,2024-08-01 12:55,60,Scoot,Economy,60,N,0,N,28,Y ,N,N,1,10,0,0,Thursday,False,False,False,Singapore Changi Airport,SIN
Kuala Lumpur International Airport,KUL,2024-08-01 18:50,Singapore Changi Airport,SIN,2024-08-01 20:00,70,AirAsia,Economy,70,N,0,N,28,Y,N,N,1,7,0,0,Thursday,False,False,False,Singapore Changi Airport,SIN
Kuala Lumpur International Airport,KUL,2024-08-01 19:35,Singapore Changi Airport,SIN,2024-08-01 20:40,65,Batik Air,Economy,65,N,0,N,28,Y,N,N,1,7,0,0,Thursday,False,False,False,Singapore Changi Airport,SIN
Kuala Lumpur International Airport,KUL,2024-08-01 14:40,Singapore Changi Airport,SIN,2024-08-01 15:45,65,Jetstar,Economy,65,N,0,N,41,Y,N,N,1,7,0,0,Thursday,False,False,False,Singapore Changi Airport,SIN
Kuala Lumpur International Airport,KUL,2024-08-02 06:05,Singapore Changi Airport,SIN,2024-08-02 07:15,70,AirAsia,Economy,70,N,0,N,28,Y,N,N,1,7,0,0,Friday,False,False,False,Singapore Changi Airport,SIN
Kuala Lumpur International Airport,KUL,2024-08-02 08:50,Singapore Changi Airport,SIN,2024-08-02 10:00,70,Jetstar,Economy,70,N,0,N,34,Y,N,N,1,7,0,0,Friday,False,False,False,Singapore Changi Airport,SIN
Kuala Lumpur International Airport,KUL,2024-08-02 08:15,Singapore Changi Airport,SIN,2024-08-02 09:20,65,Batik Air,Economy,65,N,0,N,39,Y,N,N,1,7,0,0,Friday,False,False,False,Singapore Changi Airport,SIN
Kuala Lumpur International Airport,KUL,2024-08-02 10:10,Singapore Changi Airport,SIN,2024-08-02 11:25,75,Malaysia Airlines,Economy,75,N,0,N,51,Y,Y,Y,1,7,1,10,Friday,False,False,False,Singapore Changi Airport,SIN
Kuala Lumpur International Airport,KUL,2024-08-03 08:50,Singapore Changi Airport,SIN,2024-08-03 10:00,70,Jetstar,Economy,70,N,0,N,25,Y,N,N,1,7,0,0,Saturday,False,False,False,Singapore Changi Airport,SIN
Kuala Lumpur International Airport,KUL,2024-08-03 21:20,Singapore Changi Airport,SIN,2024-08-03 22:30,70,Jetstar,Economy,70,N,0,N,25,Y,N,N,1,7,0,0,Saturday,False,False,False,Singapore Changi Airport,SIN
Kuala Lumpur International Airport,KUL,2024-08-03 08:40,Singapore Changi Airport,SIN,2024-08-03 09:50,70,AirAsia,Economy,70,N,0,N,28,Y,N,N,1,7,0,0,Saturday,False,False,False,Singapore Changi Airport,SIN
Kuala Lumpur International Airport,KUL,2024-08-03 06:35,Singapore Changi Airport,SIN,2024-08-03 07:40,65,Scoot,Economy,65,N,0,N,28,Y ,N,N,1,10,0,0,Saturday,False,False,False,Singapore Changi Airport,SIN
Kuala Lumpur International Airport,KUL,2024-08-03 10:25,Singapore Changi Airport,SIN,2024-08-03 11:30,65,Batik Air,Economy,65,N,0,N,39,Y,N,N,1,7,0,0,Saturday,False,False,False,Singapore Changi Airport,SIN
Kuala Lumpur International Airport,KUL,2024-08-04 08:50,Singapore Changi Airport,SIN,2024-08-04 10:00,70,Jetstar,Economy,70,N,0,N,14,Y,N,N,1,7,0,0,Sunday,False,False,False,Singapore Changi Airport,SIN
Kuala Lumpur International Airport,KUL,2024-08-04 08:40,Singapore Changi Airport,SIN,2024-08-04 09:50,70,AirAsia,Economy,70,N,0,N,19,Y,N,N,1,7,0,0,Sunday,False,False,False,Singapore Changi Airport,SIN
Kuala Lumpur International Airport,KUL,2024-08-04 19:15,Singapore Changi Airport,SIN,2024-08-04 20:25,70,Scoot,Economy,70,N,0,N,28,Y ,N,N,1,10,0,0,Sunday,False,False,False,Singapore Changi Airport,SIN
Kuala Lumpur International Airport,KUL,2024-08-04 10:25,Singapore Changi Airport,SIN,2024-08-04 11:30,65,Batik Air,Economy,65,N,0,N,34,Y,N,N,1,7,0,0,Sunday,False,False,False,Singapore Changi Airport,SIN
Kuala Lumpur International Airport,KUL,2024-08-05 09:35,Singapore Changi Airport,SIN,2024-08-05 10:50,75,AirAsia,Economy,75,N,0,N,14,Y,N,N,1,7,0,0,Monday,False,False,False,Singapore Changi Airport,SIN
Kuala Lumpur International Airport,KUL,2024-08-05 14:40,Singapore Changi Airport,SIN,2024-08-05 15:45,65,Jetstar,Economy,65,N,0,N,19,Y,N,N,1,7,0,0,Monday,False,False,False,Singapore Changi Airport,SIN
Kuala Lumpur International Airport,KUL,2024-08-05 11:55,Singapore Changi Airport,SIN,2024-08-05 12:55,60,Scoot,Economy,60,N,0,N,23,Y ,N,N,1,10,0,0,Monday,False,False,False,Singapore Changi Airport,SIN
Kuala Lumpur International Airport,KUL,2024-08-06 08:50,Singapore Changi Airport,SIN,2024-08-06 10:00,70,Jetstar,Economy,70,N,0,N,14,Y,N,N,1,7,0,0,Tuesday,False,False,False,Singapore Changi Airport,SIN
Kuala Lumpur International Airport,KUL,2024-08-06 06:35,Singapore Changi Airport,SIN,2024-08-06 07:40,65,Scoot,Economy,65,N,0,N,16,Y ,N,N,1,10,0,0,Tuesday,False,False,False,Singapore Changi Airport,SIN
Kuala Lumpur International Airport,KUL,2024-08-06 10:25,Singapore Changi Airport,SIN,2024-08-06 11:30,65,Batik Air,Economy,65,N,0,N,28,Y,N,N,1,7,0,0,Tuesday,False,False,False,Singapore Changi Airport,SIN
Kuala Lumpur International Airport,KUL,2024-08-06 18:50,Singapore Changi Airport,SIN,2024-08-06 20:00,70,AirAsia,Economy,70,N,0,N,28,Y,N,N,1,7,0,0,Tuesday,False,False,False,Singapore Changi Airport,SIN
Kuala Lumpur International Airport,KUL,2024-08-07 19:15,Singapore Changi Airport,SIN,2024-08-07 20:25,70,Scoot,Economy,70,N,0,N,19,Y ,N,N,1,10,0,0,Wednesday,False,False,False,Singapore Changi Airport,SIN
Kuala Lumpur International Airport,KUL,2024-08-07 14:40,Singapore Changi Airport,SIN,2024-08-07 15:45,65,Jetstar,Economy,65,N,0,N,25,Y,N,N,1,7,0,0,Wednesday,False,False,False,Singapore Changi Airport,SIN
Kuala Lumpur International Airport,KUL,2024-08-07 10:25,Singapore Changi Airport,SIN,2024-08-07 11:30,65,Batik Air,Economy,65,N,0,N,28,Y,N,N,1,7,0,0,Wednesday,False,False,False,Singapore Changi Airport,SIN
Kuala Lumpur International Airport,KUL,2024-08-08 11:55,Singapore Changi Airport,SIN,2024-08-08 12:55,60,Scoot,Economy,60,N,0,N,28,Y ,N,N,1,10,0,0,Thursday,False,False,False,Singapore Changi Airport,SIN
Kuala Lumpur International Airport,KUL,2024-08-08 14:40,Singapore Changi Airport,SIN,2024-08-08 15:45,65,Jetstar,Economy,65,N,0,N,29,Y,N,N,1,7,0,0,Thursday,False,False,False,Singapore Changi Airport,SIN
Kuala Lumpur International Airport,KUL,2024-08-08 15:05,Singapore Changi Airport,SIN,2024-08-08 16:10,65,Batik Air,Economy,65,N,0,N,34,Y,N,N,1,7,0,0,Thursday,False,False,False,Singapore Changi Airport,SIN
Kuala Lumpur International Airport,KUL,2024-08-09 06:05,Singapore Changi Airport,SIN,2024-08-09 07:15,70,AirAsia,Economy,70,N,0,N,28,Y,N,N,1,7,0,0,Friday,False,True,False,Singapore Changi Airport,SIN
Kuala Lumpur International Airport,KUL,2024-08-09 08:50,Singapore Changi Airport,SIN,2024-08-09 10:00,70,Jetstar,Economy,70,N,0,N,34,Y,N,N,1,7,0,0,Friday,False,True,False,Singapore Changi Airport,SIN
Kuala Lumpur International Airport,KUL,2024-08-09 08:15,Singapore Changi Airport,SIN,2024-08-09 09:20,65,Batik Air,Economy,65,N,0,N,39,Y,N,N,1,7,0,0,Friday,False,True,False,Singapore Changi Airport,SIN
Kuala Lumpur International Airport,KUL,2024-08-09 10:10,Singapore Changi Airport,SIN,2024-08-09 11:25,75,Malaysia Airlines,Economy,75,N,0,N,51,Y,Y,Y,1,7,1,10,Friday,False,True,False,Singapore Changi Airport,SIN
Kuala Lumpur International Airport,KUL,2024-08-10 08:50,Singapore Changi Airport,SIN,2024-08-10 10:00,70,Jetstar,Economy,70,N,0,N,29,Y,N,N,1,7,0,0,Saturday,False,False,False,Singapore Changi Airport,SIN
Kuala Lumpur International Airport,KUL,2024-08-10 08:40,Singapore Changi Airport,SIN,2024-08-10 09:50,70,AirAsia,Economy,70,N,0,N,36,Y,N,N,1,7,0,0,Saturday,False,False,False,Singapore Changi Airport,SIN
Kuala Lumpur International Airport,KUL,2024-08-10 10:25,Singapore Changi Airport,SIN,2024-08-10 11:30,65,Batik Air,Economy,65,N,0,N,39,Y,N,N,1,7,0,0,Saturday,False,False,False,Singapore Changi Airport,SIN
Kuala Lumpur International Airport,KUL,2024-08-10 10:10,Singapore Changi Airport,SIN,2024-08-10 11:25,75,Malaysia Airlines,Economy,75,N,0,N,51,Y,Y,Y,1,7,1,10,Saturday,False,False,False,Singapore Changi Airport,SIN
Kuala Lumpur International Airport,KUL,2024-08-11 08:50,Singapore Changi Airport,SIN,2024-08-11 10:00,70,Jetstar,Economy,70,N,0,N,14,Y,N,N,1,7,0,0,Sunday,False,False,False,Singapore Changi Airport,SIN
Kuala Lumpur International Airport,KUL,2024-08-11 06:05,Singapore Changi Airport,SIN,2024-08-11 07:15,70,AirAsia,Economy,70,N,0,N,19,Y,N,N,1,7,0,0,Sunday,False,False,False,Singapore Changi Airport,SIN
Kuala Lumpur International Airport,KUL,2024-08-11 06:35,Singapore Changi Airport,SIN,2024-08-11 07:40,65,Scoot,Economy,65,N,0,N,23,Y ,N,N,1,10,0,0,Sunday,False,False,False,Singapore Changi Airport,SIN
Kuala Lumpur International Airport,KUL,2024-08-11 10:25,Singapore Changi Airport,SIN,2024-08-11 11:30,65,Batik Air,Economy,65,N,0,N,34,Y,N,N,1,7,0,0,Sunday,False,False,False,Singapore Changi Airport,SIN
Kuala Lumpur International Airport,KUL,2024-08-12 11:55,Singapore Changi Airport,SIN,2024-08-12 12:55,60,Scoot,Economy,60,N,0,N,19,Y ,N,N,1,10,0,0,Monday,False,False,False,Singapore Changi Airport,SIN
Kuala Lumpur International Airport,KUL,2024-08-12 09:35,Singapore Changi Airport,SIN,2024-08-12 10:50,75,AirAsia,Economy,75,N,0,N,19,Y,N,N,1,7,0,0,Monday,False,False,False,Singapore Changi Airport,SIN
Kuala Lumpur International Airport,KUL,2024-08-12 14:40,Singapore Changi Airport,SIN,2024-08-12 15:45,65,Jetstar,Economy,65,N,0,N,22,Y,N,N,1,7,0,0,Monday,False,False,False,Singapore Changi Airport,SIN
Kuala Lumpur International Airport,KUL,2024-08-12 15:05,Singapore Changi Airport,SIN,2024-08-12 16:10,65,Batik Air,Economy,65,N,0,N,34,Y,N,N,1,7,0,0,Monday,False,False,False,Singapore Changi Airport,SIN
Kuala Lumpur International Airport,KUL,2024-08-13 06:35,Singapore Changi Airport,SIN,2024-08-13 07:40,65,Scoot,Economy,65,N,0,N,16,Y ,N,N,1,10,0,0,Tuesday,False,False,False,Singapore Changi Airport,SIN
Kuala Lumpur International Airport,KUL,2024-08-13 08:50,Singapore Changi Airport,SIN,2024-08-13 10:00,70,Jetstar,Economy,70,N,0,N,19,Y,N,N,1,7,0,0,Tuesday,False,False,False,Singapore Changi Airport,SIN
Kuala Lumpur International Airport,KUL,2024-08-13 06:05,Singapore Changi Airport,SIN,2024-08-13 07:15,70,AirAsia,Economy,70,N,0,N,19,Y,N,N,1,7,0,0,Tuesday,False,False,False,Singapore Changi Airport,SIN
Kuala Lumpur International Airport,KUL,2024-08-13 10:25,Singapore Changi Airport,SIN,2024-08-13 11:30,65,Batik Air,Economy,65,N,0,N,34,Y,N,N,1,7,0,0,Tuesday,False,False,False,Singapore Changi Airport,SIN
Kuala Lumpur International Airport,KUL,2024-08-14 08:50,Singapore Changi Airport,SIN,2024-08-14 10:00,70,Jetstar,Economy,70,N,0,N,22,Y,N,N,1,7,0,0,Wednesday,False,False,False,Singapore Changi Airport,SIN
Kuala Lumpur International Airport,KUL,2024-08-14 19:15,Singapore Changi Airport,SIN,2024-08-14 20:25,70,Scoot,Economy,70,N,0,N,28,Y ,N,N,1,10,0,0,Wednesday,False,False,False,Singapore Changi Airport,SIN
Kuala Lumpur International Airport,KUL,2024-08-14 10:25,Singapore Changi Airport,SIN,2024-08-14 11:30,65,Batik Air,Economy,65,N,0,N,34,Y,N,N,1,7,0,0,Wednesday,False,False,False,Singapore Changi Airport,SIN
Kuala Lumpur International Airport,KUL,2024-08-15 10:25,Singapore Changi Airport,SIN,2024-08-15 11:30,65,Batik Air,Economy,65,N,0,N,34,Y,N,N,1,7,0,0,Thursday,False,False,False,Singapore Changi Airport,SIN
Kuala Lumpur International Airport,KUL,2024-08-15 11:45,Singapore Changi Airport,SIN,2024-08-15 13:00,75,AirAsia,Economy,75,N,0,N,34,Y,N,N,1,7,0,0,Thursday,False,False,False,Singapore Changi Airport,SIN
Kuala Lumpur International Airport,KUL,2024-08-15 21:20,Singapore Changi Airport,SIN,2024-08-15 22:30,70,Jetstar,Economy,70,N,0,N,41,Y,N,N,1,7,0,0,Thursday,False,False,False,Singapore Changi Airport,SIN
Kuala Lumpur International Airport,KUL,2024-08-15 11:55,Singapore Changi Airport,SIN,2024-08-15 12:55,60,Scoot,Economy,60,N,0,N,42,Y ,N,N,1,10,0,0,Thursday,False,False,False,Singapore Changi Airport,SIN
Kuala Lumpur International Airport,KUL,2024-08-15 10:10,Singapore Changi Airport,SIN,2024-08-15 11:25,75,Malaysia Airlines,Economy,75,N,0,N,51,Y,Y,Y,1,7,1,10,Thursday,False,False,False,Singapore Changi Airport,SIN
Kuala Lumpur International Airport,KUL,2024-08-16 06:05,Singapore Changi Airport,SIN,2024-08-16 07:15,70,AirAsia,Economy,70,N,0,N,28,Y,N,N,1,7,0,0,Friday,False,False,False,Singapore Changi Airport,SIN
Kuala Lumpur International Airport,KUL,2024-08-16 08:15,Singapore Changi Airport,SIN,2024-08-16 09:20,65,Batik Air,Economy,65,N,0,N,34,Y,N,N,1,7,0,0,Friday,False,False,False,Singapore Changi Airport,SIN
Kuala Lumpur International Airport,KUL,2024-08-16 08:50,Singapore Changi Airport,SIN,2024-08-16 10:00,70,Jetstar,Economy,70,N,0,N,34,Y,N,N,1,7,0,0,Friday,False,False,False,Singapore Changi Airport,SIN
Kuala Lumpur International Airport,KUL,2024-08-17 06:05,Singapore Changi Airport,SIN,2024-08-17 07:15,70,AirAsia,Economy,70,N,0,N,36,Y,N,N,1,7,0,0,Saturday,False,False,False,Singapore Changi Airport,SIN
Kuala Lumpur International Airport,KUL,2024-08-17 06:35,Singapore Changi Airport,SIN,2024-08-17 07:40,65,Scoot,Economy,65,N,0,N,57,Y ,N,N,1,10,0,0,Saturday,False,False,False,Singapore Changi Airport,SIN
Kuala Lumpur International Airport,KUL,2024-08-17 08:15,Singapore Changi Airport,SIN,2024-08-17 09:20,65,Batik Air,Economy,65,N,0,N,58,Y,N,N,1,7,0,0,Saturday,False,False,False,Singapore Changi Airport,SIN
Kuala Lumpur International Airport,KUL,2024-08-17 08:50,Singapore Changi Airport,SIN,2024-08-17 10:00,70,Jetstar,Economy,70,N,0,N,77,Y,N,N,1,7,0,0,Saturday,False,False,False,Singapore Changi Airport,SIN
Kuala Lumpur International Airport,KUL,2024-08-18 08:50,Singapore Changi Airport,SIN,2024-08-18 10:00,70,Jetstar,Economy,70,N,0,N,41,Y,N,N,1,7,0,0,Sunday,False,False,False,Singapore Changi Airport,SIN
Kuala Lumpur International Airport,KUL,2024-08-18 09:35,Singapore Changi Airport,SIN,2024-08-18 10:50,75,AirAsia,Economy,75,N,0,N,46,Y,N,N,1,7,0,0,Sunday,False,False,False,Singapore Changi Airport,SIN
Kuala Lumpur International Airport,KUL,2024-08-18 10:25,Singapore Changi Airport,SIN,2024-08-18 11:30,65,Batik Air,Economy,65,N,0,N,51,Y,N,N,1,7,0,0,Sunday,False,False,False,Singapore Changi Airport,SIN
Kuala Lumpur International Airport,KUL,2024-08-18 19:15,Singapore Changi Airport,SIN,2024-08-18 20:25,70,Scoot,Economy,70,N,0,N,57,Y ,N,N,1,10,0,0,Sunday,False,False,False,Singapore Changi Airport,SIN
Kuala Lumpur International Airport,KUL,2024-08-19 08:50,Singapore Changi Airport,SIN,2024-08-19 10:00,70,Jetstar,Economy,70,N,0,N,19,Y,N,N,1,7,0,0,Monday,False,False,False,Singapore Changi Airport,SIN
Kuala Lumpur International Airport,KUL,2024-08-19 09:35,Singapore Changi Airport,SIN,2024-08-19 10:50,75,AirAsia,Economy,75,N,0,N,19,Y,N,N,1,7,0,0,Monday,False,False,False,Singapore Changi Airport,SIN
Kuala Lumpur International Airport,KUL,2024-08-19 11:55,Singapore Changi Airport,SIN,2024-08-19 12:55,60,Scoot,Economy,60,N,0,N,28,Y ,N,N,1,10,0,0,Monday,False,False,False,Singapore Changi Airport,SIN
Kuala Lumpur International Airport,KUL,2024-08-19 10:25,Singapore Changi Airport,SIN,2024-08-19 11:30,65,Batik Air,Economy,65,N,0,N,34,Y,N,N,1,7,0,0,Monday,False,False,False,Singapore Changi Airport,SIN
Kuala Lumpur International Airport,KUL,2024-08-20 21:20,Singapore Changi Airport,SIN,2024-08-20 22:30,70,Jetstar,Economy,70,N,0,N,19,Y,N,N,1,7,0,0,Tuesday,False,False,False,Singapore Changi Airport,SIN
Kuala Lumpur International Airport,KUL,2024-08-20 11:55,Singapore Changi Airport,SIN,2024-08-20 12:55,60,Scoot,Economy,60,N,0,N,23,Y ,N,N,1,10,0,0,Tuesday,False,False,False,Singapore Changi Airport,SIN
Kuala Lumpur International Airport,KUL,2024-08-20 10:25,Singapore Changi Airport,SIN,2024-08-20 11:30,65,Batik Air,Economy,65,N,0,N,28,Y,N,N,1,7,0,0,Tuesday,False,False,False,Singapore Changi Airport,SIN
Kuala Lumpur International Airport,KUL,2024-08-20 14:25,Singapore Changi Airport,SIN,2024-08-20 15:40,75,AirAsia,Economy,75,N,0,N,28,Y,N,N,1,7,0,0,Tuesday,False,False,False,Singapore Changi Airport,SIN
Kuala Lumpur International Airport,KUL,2024-08-21 19:15,Singapore Changi Airport,SIN,2024-08-21 20:25,70,Scoot,Economy,70,N,0,N,23,Y ,N,N,1,10,0,0,Wednesday,False,False,False,Singapore Changi Airport,SIN
Kuala Lumpur International Airport,KUL,2024-08-21 14:40,Singapore Changi Airport,SIN,2024-08-21 15:45,65,Jetstar,Economy,65,N,0,N,25,Y,N,N,1,7,0,0,Wednesday,False,False,False,Singapore Changi Airport,SIN
Kuala Lumpur International Airport,KUL,2024-08-21 11:45,Singapore Changi Airport,SIN,2024-08-21 13:00,75,AirAsia,Economy,75,N,0,N,28,Y,N,N,1,7,0,0,Wednesday,False,False,False,Singapore Changi Airport,SIN
Kuala Lumpur International Airport,KUL,2024-08-21 19:35,Singapore Changi Airport,SIN,2024-08-21 20:40,65,Batik Air,Economy,65,N,0,N,34,Y,N,N,1,7,0,0,Wednesday,False,False,False,Singapore Changi Airport,SIN
Kuala Lumpur International Airport,KUL,2024-08-22 08:50,Singapore Changi Airport,SIN,2024-08-22 10:00,70,Jetstar,Economy,70,N,0,N,22,Y,N,N,1,7,0,0,Thursday,False,False,False,Singapore Changi Airport,SIN
Kuala Lumpur International Airport,KUL,2024-08-22 11:55,Singapore Changi Airport,SIN,2024-08-22 12:55,60,Scoot,Economy,60,N,0,N,28,Y ,N,N,1,10,0,0,Thursday,False,False,False,Singapore Changi Airport,SIN
Kuala Lumpur International Airport,KUL,2024-08-22 15:05,Singapore Changi Airport,SIN,2024-08-22 16:10,65,Batik Air,Economy,65,N,0,N,34,Y,N,N,1,7,0,0,Thursday,False,False,False,Singapore Changi Airport,SIN
Kuala Lumpur International Airport,KUL,2024-08-23 06:05,Singapore Changi Airport,SIN,2024-08-23 07:15,70,AirAsia,Economy,70,N,0,N,22,Y,N,N,1,7,0,0,Friday,False,False,False,Singapore Changi Airport,SIN
Kuala Lumpur International Airport,KUL,2024-08-23 23:25,Singapore Changi Airport,SIN,2024-08-24 00:50,85,Scoot,Economy,85,N,0,N,28,Y ,N,N,1,10,0,0,Friday,False,False,True,Singapore Changi Airport,SIN
Kuala Lumpur International Airport,KUL,2024-08-23 08:50,Singapore Changi Airport,SIN,2024-08-23 10:00,70,Jetstar,Economy,70,N,0,N,29,Y,N,N,1,7,0,0,Friday,False,False,False,Singapore Changi Airport,SIN
Kuala Lumpur International Airport,KUL,2024-08-23 10:25,Singapore Changi Airport,SIN,2024-08-23 11:30,65,Batik Air,Economy,65,N,0,N,51,Y,N,N,1,7,0,0,Friday,False,False,False,Singapore Changi Airport,SIN
Kuala Lumpur International Airport,KUL,2024-08-23 13:25,Singapore Changi Airport,SIN,2024-08-23 14:40,75,Malaysia Airlines,Economy,75,N,0,N,51,Y,Y,Y,1,7,1,10,Friday,False,False,False,Singapore Changi Airport,SIN
Kuala Lumpur International Airport,KUL,2024-08-24 08:50,Singapore Changi Airport,SIN,2024-08-24 10:00,70,Jetstar,Economy,70,N,0,N,14,Y,N,N,1,7,0,0,Saturday,False,False,False,Singapore Changi Airport,SIN
Kuala Lumpur International Airport,KUL,2024-08-24 19:15,Singapore Changi Airport,SIN,2024-08-24 20:25,70,Scoot,Economy,70,N,0,N,16,Y ,N,N,1,10,0,0,Saturday,False,False,False,Singapore Changi Airport,SIN
Kuala Lumpur International Airport,KUL,2024-08-24 11:45,Singapore Changi Airport,SIN,2024-08-24 13:00,75,AirAsia,Economy,75,N,0,N,28,Y,N,N,1,7,0,0,Saturday,False,False,False,Singapore Changi Airport,SIN
Kuala Lumpur International Airport,KUL,2024-08-24 15:05,Singapore Changi Airport,SIN,2024-08-24 16:10,65,Batik Air,Economy,65,N,0,N,34,Y,N,N,1,7,0,0,Saturday,False,False,False,Singapore Changi Airport,SIN
Kuala Lumpur International Airport,KUL,2024-08-25 08:50,Singapore Changi Airport,SIN,2024-08-25 10:00,70,Jetstar,Economy,70,N,0,N,14,Y,N,N,1,7,0,0,Sunday,False,False,False,Singapore Changi Airport,SIN
Kuala Lumpur International Airport,KUL,2024-08-25 19:15,Singapore Changi Airport,SIN,2024-08-25 20:25,70,Scoot,Economy,70,N,0,N,16,Y ,N,N,1,10,0,0,Sunday,False,False,False,Singapore Changi Airport,SIN
Kuala Lumpur International Airport,KUL,2024-08-25 14:25,Singapore Changi Airport,SIN,2024-08-25 15:40,75,AirAsia,Economy,75,N,0,N,19,Y,N,N,1,7,0,0,Sunday,False,False,False,Singapore Changi Airport,SIN
Kuala Lumpur International Airport,KUL,2024-08-26 14:25,Singapore Changi Airport,SIN,2024-08-26 15:40,75,AirAsia,Economy,75,N,0,N,14,Y,N,N,1,7,0,0,Monday,False,False,False,Singapore Changi Airport,SIN
Kuala Lumpur International Airport,KUL,2024-08-26 14:40,Singapore Changi Airport,SIN,2024-08-26 15:45,65,Jetstar,Economy,65,N,0,N,14,Y,N,N,1,7,0,0,Monday,False,False,False,Singapore Changi Airport,SIN
Kuala Lumpur International Airport,KUL,2024-08-26 18:20,Singapore Changi Airport,SIN,2024-08-26 19:30,70,Scoot,Economy,70,N,0,N,16,Y ,N,N,1,10,0,0,Monday,False,False,False,Singapore Changi Airport,SIN
Kuala Lumpur International Airport,KUL,2024-08-27 11:55,Singapore Changi Airport,SIN,2024-08-27 12:55,60,Scoot,Economy,60,N,0,N,15,Y ,N,N,1,10,0,0,Tuesday,False,False,False,Singapore Changi Airport,SIN
Kuala Lumpur International Airport,KUL,2024-08-27 15:25,Singapore Changi Airport,SIN,2024-08-27 16:40,75,Jetstar,Economy,75,N,0,N,16,Y,N,N,1,7,0,0,Tuesday,False,False,False,Singapore Changi Airport,SIN
Kuala Lumpur International Airport,KUL,2024-08-27 14:25,Singapore Changi Airport,SIN,2024-08-27 15:40,75,AirAsia,Economy,75,N,0,N,19,Y,N,N,1,7,0,0,Tuesday,False,False,False,Singapore Changi Airport,SIN
Kuala Lumpur International Airport,KUL,2024-08-28 21:20,Singapore Changi Airport,SIN,2024-08-28 22:30,70,Jetstar,Economy,70,N,0,N,14,Y,N,N,1,7,0,0,Wednesday,False,False,False,Singapore Changi Airport,SIN
Kuala Lumpur International Airport,KUL,2024-08-28 19:15,Singapore Changi Airport,SIN,2024-08-28 20:25,70,Scoot,Economy,70,N,0,N,16,Y ,N,N,1,10,0,0,Wednesday,False,False,False,Singapore Changi Airport,SIN
Kuala Lumpur International Airport,KUL,2024-08-28 14:40,Singapore Changi Airport,SIN,2024-08-28 15:45,65,Jetstar,Economy,65,N,0,N,19,Y,N,N,1,7,0,0,Wednesday,False,False,False,Singapore Changi Airport,SIN
Kuala Lumpur International Airport,KUL,2024-08-28 18:50,Singapore Changi Airport,SIN,2024-08-28 20:00,70,AirAsia,Economy,70,N,0,N,19,Y,N,N,1,7,0,0,Wednesday,False,False,False,Singapore Changi Airport,SIN
Kuala Lumpur International Airport,KUL,2024-08-28 15:05,Singapore Changi Airport,SIN,2024-08-28 16:10,65,Batik Air,Economy,65,N,0,N,28,Y,N,N,1,7,0,0,Wednesday,False,False,False,Singapore Changi Airport,SIN
Kuala Lumpur International Airport,KUL,2024-08-29 22:35,Singapore Changi Airport,SIN,2024-08-29 23:45,70,Jetstar,Economy,70,N,0,N,16,Y,N,N,1,7,0,0,Thursday,False,False,False,Singapore Changi Airport,SIN
Kuala Lumpur International Airport,KUL,2024-08-29 17:15,Singapore Changi Airport,SIN,2024-08-29 18:30,75,AirAsia,Economy,75,N,0,N,19,Y,N,N,1,7,0,0,Thursday,False,False,False,Singapore Changi Airport,SIN
Kuala Lumpur International Airport,KUL,2024-08-29 14:40,Singapore Changi Airport,SIN,2024-08-29 15:45,65,Jetstar,Economy,65,N,0,N,22,Y,N,N,1,7,0,0,Thursday,False,False,False,Singapore Changi Airport,SIN
Kuala Lumpur International Airport,KUL,2024-08-29 19:35,Singapore Changi Airport,SIN,2024-08-29 20:40,65,Batik Air,Economy,65,N,0,N,28,Y,N,N,1,7,0,0,Thursday,False,False,False,Singapore Changi Airport,SIN
Kuala Lumpur International Airport,KUL,2024-08-29 11:55,Singapore Changi Airport,SIN,2024-08-29 12:55,60,Scoot,Economy,60,N,0,N,28,Y ,N,N,1,10,0,0,Thursday,False,False,False,Singapore Changi Airport,SIN
Kuala Lumpur International Airport,KUL,2024-08-30 08:50,Singapore Changi Airport,SIN,2024-08-30 10:00,70,Jetstar,Economy,70,N,0,N,19,Y,N,N,1,7,0,0,Friday,False,False,False,Singapore Changi Airport,SIN
Kuala Lumpur International Airport,KUL,2024-08-30 06:05,Singapore Changi Airport,SIN,2024-08-30 07:15,70,AirAsia,Economy,70,N,0,N,22,Y,N,N,1,7,0,0,Friday,False,False,False,Singapore Changi Airport,SIN
Kuala Lumpur International Airport,KUL,2024-08-30 10:25,Singapore Changi Airport,SIN,2024-08-30 11:30,65,Batik Air,Economy,65,N,0,N,39,Y,N,N,1,7,0,0,Friday,False,False,False,Singapore Changi Airport,SIN
Kuala Lumpur International Airport,KUL,2024-08-31 21:20,Singapore Changi Airport,SIN,2024-08-31 22:30,70,Jetstar,Economy,70,N,0,N,22,Y,N,N,1,7,0,0,Saturday,True,False,False,Singapore Changi Airport,SIN
Kuala Lumpur International Airport,KUL,2024-08-31 14:25,Singapore Changi Airport,SIN,2024-08-31 15:40,75,AirAsia,Economy,75,N,0,N,23,Y,N,N,1,7,0,0,Saturday,True,False,False,Singapore Changi Airport,SIN
Kuala Lumpur International Airport,KUL,2024-08-31 19:15,Singapore Changi Airport,SIN,2024-08-31 20:25,70,Scoot,Economy,70,N,0,N,32,Y ,N,N,1,10,0,0,Saturday,True,False,False,Singapore Changi Airport,SIN
