Departure Airport Name,Departure Airport ID,Departure Time,Arrival Airport Name,Arrival Airport ID,Arrival Time,Duration,Airline,Travel Class,Total Duration,Layover,Layover 1 Duration,Layover 1 Overnight,Price, Cabin Baggage, Checked Baggage,Meal Included,Cabin Baggage (Number),Cabin Baggage (kg in total),Checked Baggage (Number),Checked Baggage (kg in total),Day of week (on flight date),Departure Country Is Holiday,Arrival Country Is Holiday,Overnight Flight,Final Arrival Airport Name,Final Arrival Airport ID
Kuala Lumpur International Airport,KUL,01/07/2024 8:50,Singapore Changi Airport,SIN,01/07/2024 10:00,70,Jetstar,Economy,70,N,0,N,14,Y,N,N,1,7,0,0,Monday,FALSE,FALSE,FALSE,Singapore Changi Airport,SIN
Kuala Lumpur International Airport,KUL,01/07/2024 15:30,Singapore Changi Airport,SIN,01/07/2024 16:40,70,Jetstar,Economy,70,N,0,N,25,Y,N,N,1,7,0,0,Monday,FALSE,FALSE,FALSE,Singapore Changi Airport,SIN
Kuala Lumpur International Airport,KUL,01/07/2024 8:15,Singapore Changi Airport,SIN,01/07/2024 9:20,65,Batik Air,Economy,65,N,0,N,28,Y,N,N,1,7,0,0,Monday,FALSE,FALSE,FALSE,Singapore Changi Airport,SIN
Kuala Lumpur International Airport,KUL,01/07/2024 11:45,Singapore Changi Airport,SIN,01/07/2024 13:00,75,AirAsia,Economy,75,N,0,N,28,Y,N,N,1,7,0,0,Monday,FALSE,FALSE,FALSE,Singapore Changi Airport,SIN
Kuala Lumpur International Airport,KUL,01/07/2024 19:15,Singapore Changi Airport,SIN,01/07/2024 20:25,70,Scoot,Economy,70,N,0,N,28,Y ,N,N,1,10,0,0,Monday,FALSE,FALSE,FALSE,Singapore Changi Airport,SIN
Kuala Lumpur International Airport,KUL,02/07/2024 15:25,Singapore Changi Airport,SIN,02/07/2024 16:40,75,Jetstar,Economy,75,N,0,N,14,Y,N,N,1,7,0,0,Tuesday,FALSE,FALSE,FALSE,Singapore Changi Airport,SIN
Kuala Lumpur International Airport,KUL,02/07/2024 19:15,Singapore Changi Airport,SIN,02/07/2024 20:25,70,Scoot,Economy,70,N,0,N,15,Y ,N,N,1,10,0,0,Tuesday,FALSE,FALSE,FALSE,Singapore Changi Airport,SIN
Kuala Lumpur International Airport,KUL,02/07/2024 14:25,Singapore Changi Airport,SIN,02/07/2024 15:40,75,AirAsia,Economy,75,N,0,N,19,Y,N,N,1,7,0,0,Tuesday,FALSE,FALSE,FALSE,Singapore Changi Airport,SIN
Kuala Lumpur International Airport,KUL,03/07/2024 14:40,Singapore Changi Airport,SIN,03/07/2024 15:45,65,Jetstar,Economy,65,N,0,N,14,Y,N,N,1,7,0,0,Wednesday,FALSE,FALSE,FALSE,Singapore Changi Airport,SIN
Kuala Lumpur International Airport,KUL,03/07/2024 11:55,Singapore Changi Airport,SIN,03/07/2024 12:55,60,Scoot,Economy,60,N,0,N,16,Y ,N,N,1,10,0,0,Wednesday,FALSE,FALSE,FALSE,Singapore Changi Airport,SIN
Kuala Lumpur International Airport,KUL,03/07/2024 14:25,Singapore Changi Airport,SIN,03/07/2024 15:40,75,AirAsia,Economy,75,N,0,N,19,Y,N,N,1,7,0,0,Wednesday,FALSE,FALSE,FALSE,Singapore Changi Airport,SIN
Kuala Lumpur International Airport,KUL,03/07/2024 15:05,Singapore Changi Airport,SIN,03/07/2024 16:10,65,Batik Air,Economy,65,N,0,N,28,Y,N,N,1,7,0,0,Wednesday,FALSE,FALSE,FALSE,Singapore Changi Airport,SIN
Kuala Lumpur International Airport,KUL,04/07/2024 21:20,Singapore Changi Airport,SIN,04/07/2024 22:30,70,Jetstar,Economy,70,N,0,N,14,Y,N,N,1,7,0,0,Thursday,FALSE,FALSE,FALSE,Singapore Changi Airport,SIN
Kuala Lumpur International Airport,KUL,04/07/2024 21:30,Singapore Changi Airport,SIN,04/07/2024 22:45,75,AirAsia,Economy,75,N,0,N,14,Y,N,N,1,7,0,0,Thursday,FALSE,FALSE,FALSE,Singapore Changi Airport,SIN
Kuala Lumpur International Airport,KUL,04/07/2024 11:55,Singapore Changi Airport,SIN,04/07/2024 12:55,60,Scoot,Economy,60,N,0,N,15,Y ,N,N,1,10,0,0,Thursday,FALSE,FALSE,FALSE,Singapore Changi Airport,SIN
Kuala Lumpur International Airport,KUL,05/07/2024 21:20,Singapore Changi Airport,SIN,05/07/2024 22:30,70,Jetstar,Economy,70,N,0,N,14,Y,N,N,1,7,0,0,Friday,FALSE,FALSE,FALSE,Singapore Changi Airport,SIN
Kuala Lumpur International Airport,KUL,05/07/2024 23:25,Singapore Changi Airport,SIN,06/07/2024 0:30,65,Scoot,Economy,65,N,0,N,16,Y ,N,N,1,10,0,0,Friday,FALSE,FALSE,TRUE,Singapore Changi Airport,SIN
Kuala Lumpur International Airport,KUL,05/07/2024 14:25,Singapore Changi Airport,SIN,05/07/2024 15:40,75,AirAsia,Economy,75,N,0,N,19,Y,N,N,1,7,0,0,Friday,FALSE,FALSE,FALSE,Singapore Changi Airport,SIN
Kuala Lumpur International Airport,KUL,06/07/2024 14:25,Singapore Changi Airport,SIN,06/07/2024 15:40,75,AirAsia,Economy,75,N,0,N,19,Y,N,N,1,7,0,0,Saturday,FALSE,FALSE,FALSE,Singapore Changi Airport,SIN
Kuala Lumpur International Airport,KUL,06/07/2024 14:40,Singapore Changi Airport,SIN,06/07/2024 15:45,65,Jetstar,Economy,65,N,0,N,29,Y,N,N,1,7,0,0,Saturday,FALSE,FALSE,FALSE,Singapore Changi Airport,SIN
Kuala Lumpur International Airport,KUL,06/07/2024 15:05,Singapore Changi Airport,SIN,06/07/2024 16:10,65,Batik Air,Economy,65,N,0,N,34,Y,N,N,1,7,0,0,Saturday,FALSE,FALSE,FALSE,Singapore Changi Airport,SIN
Kuala Lumpur International Airport,KUL,07/07/2024 8:50,Singapore Changi Airport,SIN,07/07/2024 10:00,70,Jetstar,Economy,70,N,0,N,14,Y,N,N,1,7,0,0,Sunday,TRUE,FALSE,FALSE,Singapore Changi Airport,SIN
Kuala Lumpur International Airport,KUL,07/07/2024 11:45,Singapore Changi Airport,SIN,07/07/2024 13:00,75,AirAsia,Economy,75,N,0,N,36,Y,N,N,1,7,0,0,Sunday,TRUE,FALSE,FALSE,Singapore Changi Airport,SIN
Kuala Lumpur International Airport,KUL,07/07/2024 10:25,Singapore Changi Airport,SIN,07/07/2024 11:30,65,Batik Air,Economy,65,N,0,N,39,Y,N,N,1,7,0,0,Sunday,TRUE,FALSE,FALSE,Singapore Changi Airport,SIN
Kuala Lumpur International Airport,KUL,08/07/2024 8:50,Singapore Changi Airport,SIN,08/07/2024 10:00,70,Jetstar,Economy,70,N,0,N,16,Y,N,N,1,7,0,0,Monday,TRUE,FALSE,FALSE,Singapore Changi Airport,SIN
Kuala Lumpur International Airport,KUL,08/07/2024 19:15,Singapore Changi Airport,SIN,08/07/2024 20:25,70,Scoot,Economy,70,N,0,N,23,Y ,N,N,1,10,0,0,Monday,TRUE,FALSE,FALSE,Singapore Changi Airport,SIN
Kuala Lumpur International Airport,KUL,08/07/2024 11:45,Singapore Changi Airport,SIN,08/07/2024 13:00,75,AirAsia,Economy,75,N,0,N,28,Y,N,N,1,7,0,0,Monday,TRUE,FALSE,FALSE,Singapore Changi Airport,SIN
Kuala Lumpur International Airport,KUL,08/07/2024 15:05,Singapore Changi Airport,SIN,08/07/2024 16:10,65,Batik Air,Economy,65,N,0,N,34,Y,N,N,1,7,0,0,Monday,TRUE,FALSE,FALSE,Singapore Changi Airport,SIN
Kuala Lumpur International Airport,KUL,09/07/2024 15:25,Singapore Changi Airport,SIN,09/07/2024 16:40,75,Jetstar,Economy,75,N,0,N,14,Y,N,N,1,7,0,0,Tuesday,FALSE,FALSE,FALSE,Singapore Changi Airport,SIN
Kuala Lumpur International Airport,KUL,09/07/2024 19:15,Singapore Changi Airport,SIN,09/07/2024 20:25,70,Scoot,Economy,70,N,0,N,15,Y ,N,N,1,10,0,0,Tuesday,FALSE,FALSE,FALSE,Singapore Changi Airport,SIN
Kuala Lumpur International Airport,KUL,09/07/2024 14:25,Singapore Changi Airport,SIN,09/07/2024 15:40,75,AirAsia,Economy,75,N,0,N,19,Y,N,N,1,7,0,0,Tuesday,FALSE,FALSE,FALSE,Singapore Changi Airport,SIN
Kuala Lumpur International Airport,KUL,10/07/2024 19:25,Singapore Changi Airport,SIN,10/07/2024 20:45,80,AirAsia,Economy,80,N,0,N,14,Y,N,N,1,7,0,0,Wednesday,FALSE,FALSE,FALSE,Singapore Changi Airport,SIN
Kuala Lumpur International Airport,KUL,10/07/2024 8:50,Singapore Changi Airport,SIN,10/07/2024 10:00,70,Jetstar,Economy,70,N,0,N,16,Y,N,N,1,7,0,0,Wednesday,FALSE,FALSE,FALSE,Singapore Changi Airport,SIN
Kuala Lumpur International Airport,KUL,10/07/2024 11:55,Singapore Changi Airport,SIN,10/07/2024 12:55,60,Scoot,Economy,60,N,0,N,23,Y ,N,N,1,10,0,0,Wednesday,FALSE,FALSE,FALSE,Singapore Changi Airport,SIN
Kuala Lumpur International Airport,KUL,10/07/2024 15:05,Singapore Changi Airport,SIN,10/07/2024 16:10,65,Batik Air,Economy,65,N,0,N,28,Y,N,N,1,7,0,0,Wednesday,FALSE,FALSE,FALSE,Singapore Changi Airport,SIN
Kuala Lumpur International Airport,KUL,11/07/2024 15:25,Singapore Changi Airport,SIN,11/07/2024 16:40,75,Jetstar,Economy,75,N,0,N,14,Y,N,N,1,7,0,0,Thursday,FALSE,FALSE,FALSE,Singapore Changi Airport,SIN
Kuala Lumpur International Airport,KUL,11/07/2024 18:50,Singapore Changi Airport,SIN,11/07/2024 20:00,70,AirAsia,Economy,70,N,0,N,14,Y,N,N,1,7,0,0,Thursday,FALSE,FALSE,FALSE,Singapore Changi Airport,SIN
Kuala Lumpur International Airport,KUL,11/07/2024 11:55,Singapore Changi Airport,SIN,11/07/2024 12:55,60,Scoot,Economy,60,N,0,N,23,Y ,N,N,1,10,0,0,Thursday,FALSE,FALSE,FALSE,Singapore Changi Airport,SIN
Kuala Lumpur International Airport,KUL,12/07/2024 6:05,Singapore Changi Airport,SIN,12/07/2024 7:15,70,AirAsia,Economy,70,N,0,N,14,Y,N,N,1,7,0,0,Friday,FALSE,FALSE,FALSE,Singapore Changi Airport,SIN
Kuala Lumpur International Airport,KUL,12/07/2024 21:20,Singapore Changi Airport,SIN,12/07/2024 22:30,70,Jetstar,Economy,70,N,0,N,14,Y,N,N,1,7,0,0,Friday,FALSE,FALSE,FALSE,Singapore Changi Airport,SIN
Kuala Lumpur International Airport,KUL,12/07/2024 23:25,Singapore Changi Airport,SIN,13/07/2024 0:30,65,Scoot,Economy,65,N,0,N,16,Y ,N,N,1,10,0,0,Friday,FALSE,FALSE,TRUE,Singapore Changi Airport,SIN
Kuala Lumpur International Airport,KUL,13/07/2024 8:50,Singapore Changi Airport,SIN,13/07/2024 10:00,70,Jetstar,Economy,70,N,0,N,14,Y,N,N,1,7,0,0,Saturday,FALSE,FALSE,FALSE,Singapore Changi Airport,SIN
Kuala Lumpur International Airport,KUL,13/07/2024 22:35,Singapore Changi Airport,SIN,13/07/2024 23:45,70,Jetstar,Economy,70,N,0,N,14,Y,N,N,1,7,0,0,Saturday,FALSE,FALSE,FALSE,Singapore Changi Airport,SIN
Kuala Lumpur International Airport,KUL,13/07/2024 14:25,Singapore Changi Airport,SIN,13/07/2024 15:40,75,AirAsia,Economy,75,N,0,N,19,Y,N,N,1,7,0,0,Saturday,FALSE,FALSE,FALSE,Singapore Changi Airport,SIN
Kuala Lumpur International Airport,KUL,13/07/2024 15:05,Singapore Changi Airport,SIN,13/07/2024 16:10,65,Batik Air,Economy,65,N,0,N,28,Y,N,N,1,7,0,0,Saturday,FALSE,FALSE,FALSE,Singapore Changi Airport,SIN
Kuala Lumpur International Airport,KUL,14/07/2024 8:50,Singapore Changi Airport,SIN,14/07/2024 10:00,70,Jetstar,Economy,70,N,0,N,14,Y,N,N,1,7,0,0,Sunday,FALSE,FALSE,FALSE,Singapore Changi Airport,SIN
Kuala Lumpur International Airport,KUL,14/07/2024 9:35,Singapore Changi Airport,SIN,14/07/2024 10:50,75,AirAsia,Economy,75,N,0,N,28,Y,N,N,1,7,0,0,Sunday,FALSE,FALSE,FALSE,Singapore Changi Airport,SIN
Kuala Lumpur International Airport,KUL,14/07/2024 10:25,Singapore Changi Airport,SIN,14/07/2024 11:30,65,Batik Air,Economy,65,N,0,N,39,Y,N,N,1,7,0,0,Sunday,FALSE,FALSE,FALSE,Singapore Changi Airport,SIN
Kuala Lumpur International Airport,KUL,15/07/2024 11:45,Singapore Changi Airport,SIN,15/07/2024 13:00,75,AirAsia,Economy,75,N,0,N,28,Y,N,N,1,7,0,0,Monday,FALSE,FALSE,FALSE,Singapore Changi Airport,SIN
Kuala Lumpur International Airport,KUL,15/07/2024 19:15,Singapore Changi Airport,SIN,15/07/2024 20:25,70,Scoot,Economy,70,N,0,N,28,Y ,N,N,1,10,0,0,Monday,FALSE,FALSE,FALSE,Singapore Changi Airport,SIN
Kuala Lumpur International Airport,KUL,15/07/2024 15:30,Singapore Changi Airport,SIN,15/07/2024 16:40,70,Jetstar,Economy,70,N,0,N,29,Y,N,N,1,7,0,0,Monday,FALSE,FALSE,FALSE,Singapore Changi Airport,SIN
Kuala Lumpur International Airport,KUL,15/07/2024 15:05,Singapore Changi Airport,SIN,15/07/2024 16:10,65,Batik Air,Economy,65,N,0,N,34,Y,N,N,1,7,0,0,Monday,FALSE,FALSE,FALSE,Singapore Changi Airport,SIN
Kuala Lumpur International Airport,KUL,16/07/2024 19:15,Singapore Changi Airport,SIN,16/07/2024 20:25,70,Scoot,Economy,70,N,0,N,15,Y ,N,N,1,10,0,0,Tuesday,FALSE,FALSE,FALSE,Singapore Changi Airport,SIN
Kuala Lumpur International Airport,KUL,16/07/2024 18:50,Singapore Changi Airport,SIN,16/07/2024 20:00,70,AirAsia,Economy,70,N,0,N,19,Y,N,N,1,7,0,0,Tuesday,FALSE,FALSE,FALSE,Singapore Changi Airport,SIN
Kuala Lumpur International Airport,KUL,16/07/2024 15:25,Singapore Changi Airport,SIN,16/07/2024 16:40,75,Jetstar,Economy,75,N,0,N,22,Y,N,N,1,7,0,0,Tuesday,FALSE,FALSE,FALSE,Singapore Changi Airport,SIN
Kuala Lumpur International Airport,KUL,16/07/2024 15:05,Singapore Changi Airport,SIN,16/07/2024 16:10,65,Batik Air,Economy,65,N,0,N,28,Y,N,N,1,7,0,0,Tuesday,FALSE,FALSE,FALSE,Singapore Changi Airport,SIN
Kuala Lumpur International Airport,KUL,17/07/2024 14:40,Singapore Changi Airport,SIN,17/07/2024 15:45,65,Jetstar,Economy,65,N,0,N,19,Y,N,N,1,7,0,0,Wednesday,FALSE,FALSE,FALSE,Singapore Changi Airport,SIN
Kuala Lumpur International Airport,KUL,17/07/2024 17:15,Singapore Changi Airport,SIN,17/07/2024 18:30,75,AirAsia,Economy,75,N,0,N,19,Y,N,N,1,7,0,0,Wednesday,FALSE,FALSE,FALSE,Singapore Changi Airport,SIN
Kuala Lumpur International Airport,KUL,17/07/2024 11:55,Singapore Changi Airport,SIN,17/07/2024 12:55,60,Scoot,Economy,60,N,0,N,23,Y ,N,N,1,10,0,0,Wednesday,FALSE,FALSE,FALSE,Singapore Changi Airport,SIN
Kuala Lumpur International Airport,KUL,17/07/2024 15:05,Singapore Changi Airport,SIN,17/07/2024 16:10,65,Batik Air,Economy,65,N,0,N,28,Y,N,N,1,7,0,0,Wednesday,FALSE,FALSE,FALSE,Singapore Changi Airport,SIN
Kuala Lumpur International Airport,KUL,18/07/2024 19:25,Singapore Changi Airport,SIN,18/07/2024 20:45,80,AirAsia,Economy,80,N,0,N,14,Y,N,N,1,7,0,0,Thursday,FALSE,FALSE,FALSE,Singapore Changi Airport,SIN
Kuala Lumpur International Airport,KUL,18/07/2024 11:55,Singapore Changi Airport,SIN,18/07/2024 12:55,60,Scoot,Economy,60,N,0,N,16,Y ,N,N,1,10,0,0,Thursday,FALSE,FALSE,FALSE,Singapore Changi Airport,SIN
Kuala Lumpur International Airport,KUL,18/07/2024 15:25,Singapore Changi Airport,SIN,18/07/2024 16:40,75,Jetstar,Economy,75,N,0,N,22,Y,N,N,1,7,0,0,Thursday,FALSE,FALSE,FALSE,Singapore Changi Airport,SIN
Kuala Lumpur International Airport,KUL,19/07/2024 23:25,Singapore Changi Airport,SIN,20/07/2024 0:30,65,Scoot,Economy,65,N,0,N,15,Y ,N,N,1,10,0,0,Friday,FALSE,FALSE,TRUE,Singapore Changi Airport,SIN
Kuala Lumpur International Airport,KUL,19/07/2024 14:40,Singapore Changi Airport,SIN,19/07/2024 15:45,65,Jetstar,Economy,65,N,0,N,19,Y,N,N,1,7,0,0,Friday,FALSE,FALSE,FALSE,Singapore Changi Airport,SIN
Kuala Lumpur International Airport,KUL,19/07/2024 14:25,Singapore Changi Airport,SIN,19/07/2024 15:40,75,AirAsia,Economy,75,N,0,N,19,Y,N,N,1,7,0,0,Friday,FALSE,FALSE,FALSE,Singapore Changi Airport,SIN
Kuala Lumpur International Airport,KUL,20/07/2024 17:15,Singapore Changi Airport,SIN,20/07/2024 18:30,75,AirAsia,Economy,75,N,0,N,19,Y,N,N,1,7,0,0,Saturday,FALSE,FALSE,FALSE,Singapore Changi Airport,SIN
Kuala Lumpur International Airport,KUL,20/07/2024 22:35,Singapore Changi Airport,SIN,20/07/2024 23:45,70,Jetstar,Economy,70,N,0,N,22,Y,N,N,1,7,0,0,Saturday,FALSE,FALSE,FALSE,Singapore Changi Airport,SIN
Kuala Lumpur International Airport,KUL,20/07/2024 19:35,Singapore Changi Airport,SIN,20/07/2024 20:40,65,Batik Air,Economy,65,N,0,N,28,Y,N,N,1,7,0,0,Saturday,FALSE,FALSE,FALSE,Singapore Changi Airport,SIN
Kuala Lumpur International Airport,KUL,21/07/2024 8:50,Singapore Changi Airport,SIN,21/07/2024 10:00,70,Jetstar,Economy,70,N,0,N,25,Y,N,N,1,7,0,0,Sunday,FALSE,FALSE,FALSE,Singapore Changi Airport,SIN
Kuala Lumpur International Airport,KUL,21/07/2024 9:35,Singapore Changi Airport,SIN,21/07/2024 10:50,75,AirAsia,Economy,75,N,0,N,28,Y,N,N,1,7,0,0,Sunday,FALSE,FALSE,FALSE,Singapore Changi Airport,SIN
Kuala Lumpur International Airport,KUL,21/07/2024 10:10,Singapore Changi Airport,SIN,21/07/2024 11:25,75,Malaysia Airlines,Economy,75,N,0,N,51,Y,Y,Y,1,7,1,10,Sunday,FALSE,FALSE,FALSE,Singapore Changi Airport,SIN
Kuala Lumpur International Airport,KUL,21/07/2024 10:25,Singapore Changi Airport,SIN,21/07/2024 11:30,65,Batik Air,Economy,65,N,0,N,51,Y,N,N,1,7,0,0,Sunday,FALSE,FALSE,FALSE,Singapore Changi Airport,SIN
Kuala Lumpur International Airport,KUL,22/07/2024 10:25,Singapore Changi Airport,SIN,22/07/2024 11:30,65,Batik Air,Economy,65,N,0,N,28,Y,N,N,1,7,0,0,Monday,FALSE,FALSE,FALSE,Singapore Changi Airport,SIN
Kuala Lumpur International Airport,KUL,22/07/2024 14:25,Singapore Changi Airport,SIN,22/07/2024 15:40,75,AirAsia,Economy,75,N,0,N,28,Y,N,N,1,7,0,0,Monday,FALSE,FALSE,FALSE,Singapore Changi Airport,SIN
Kuala Lumpur International Airport,KUL,22/07/2024 18:20,Singapore Changi Airport,SIN,22/07/2024 19:30,70,Scoot,Economy,70,N,0,N,28,Y ,N,N,1,10,0,0,Monday,FALSE,FALSE,FALSE,Singapore Changi Airport,SIN
Kuala Lumpur International Airport,KUL,22/07/2024 15:30,Singapore Changi Airport,SIN,22/07/2024 16:40,70,Jetstar,Economy,70,N,0,N,29,Y,N,N,1,7,0,0,Monday,FALSE,FALSE,FALSE,Singapore Changi Airport,SIN
Kuala Lumpur International Airport,KUL,23/07/2024 17:15,Singapore Changi Airport,SIN,23/07/2024 18:30,75,AirAsia,Economy,75,N,0,N,14,Y,N,N,1,7,0,0,Tuesday,FALSE,FALSE,FALSE,Singapore Changi Airport,SIN
Kuala Lumpur International Airport,KUL,23/07/2024 19:15,Singapore Changi Airport,SIN,23/07/2024 20:25,70,Scoot,Economy,70,N,0,N,15,Y ,N,N,1,10,0,0,Tuesday,FALSE,FALSE,FALSE,Singapore Changi Airport,SIN
Kuala Lumpur International Airport,KUL,23/07/2024 15:25,Singapore Changi Airport,SIN,23/07/2024 16:40,75,Jetstar,Economy,75,N,0,N,25,Y,N,N,1,7,0,0,Tuesday,FALSE,FALSE,FALSE,Singapore Changi Airport,SIN
Kuala Lumpur International Airport,KUL,24/07/2024 19:25,Singapore Changi Airport,SIN,24/07/2024 20:45,80,AirAsia,Economy,80,N,0,N,14,Y,N,N,1,7,0,0,Wednesday,FALSE,FALSE,FALSE,Singapore Changi Airport,SIN
Kuala Lumpur International Airport,KUL,24/07/2024 18:20,Singapore Changi Airport,SIN,24/07/2024 19:30,70,Scoot,Economy,70,N,0,N,15,Y ,N,N,1,10,0,0,Wednesday,FALSE,FALSE,FALSE,Singapore Changi Airport,SIN
Kuala Lumpur International Airport,KUL,24/07/2024 14:40,Singapore Changi Airport,SIN,24/07/2024 15:45,65,Jetstar,Economy,65,N,0,N,19,Y,N,N,1,7,0,0,Wednesday,FALSE,FALSE,FALSE,Singapore Changi Airport,SIN
Kuala Lumpur International Airport,KUL,25/07/2024 18:50,Singapore Changi Airport,SIN,25/07/2024 20:00,70,AirAsia,Economy,70,N,0,N,14,Y,N,N,1,7,0,0,Thursday,FALSE,FALSE,FALSE,Singapore Changi Airport,SIN
Kuala Lumpur International Airport,KUL,25/07/2024 11:55,Singapore Changi Airport,SIN,25/07/2024 12:55,60,Scoot,Economy,60,N,0,N,16,Y ,N,N,1,10,0,0,Thursday,FALSE,FALSE,FALSE,Singapore Changi Airport,SIN
Kuala Lumpur International Airport,KUL,25/07/2024 15:25,Singapore Changi Airport,SIN,25/07/2024 16:40,75,Jetstar,Economy,75,N,0,N,19,Y,N,N,1,7,0,0,Thursday,FALSE,FALSE,FALSE,Singapore Changi Airport,SIN
Kuala Lumpur International Airport,KUL,26/07/2024 6:05,Singapore Changi Airport,SIN,26/07/2024 7:15,70,AirAsia,Economy,70,N,0,N,14,Y,N,N,1,7,0,0,Friday,FALSE,FALSE,FALSE,Singapore Changi Airport,SIN
Kuala Lumpur International Airport,KUL,26/07/2024 14:40,Singapore Changi Airport,SIN,26/07/2024 15:45,65,Jetstar,Economy,65,N,0,N,19,Y,N,N,1,7,0,0,Friday,FALSE,FALSE,FALSE,Singapore Changi Airport,SIN
Kuala Lumpur International Airport,KUL,26/07/2024 18:20,Singapore Changi Airport,SIN,26/07/2024 19:30,70,Scoot,Economy,70,N,0,N,28,Y ,N,N,1,10,0,0,Friday,FALSE,FALSE,FALSE,Singapore Changi Airport,SIN
Kuala Lumpur International Airport,KUL,26/07/2024 15:05,Singapore Changi Airport,SIN,26/07/2024 16:10,65,Batik Air,Economy,65,N,0,N,34,Y,N,N,1,7,0,0,Friday,FALSE,FALSE,FALSE,Singapore Changi Airport,SIN
Kuala Lumpur International Airport,KUL,27/07/2024 14:40,Singapore Changi Airport,SIN,27/07/2024 15:45,65,Jetstar,Economy,65,N,0,N,19,Y,N,N,1,7,0,0,Saturday,FALSE,FALSE,FALSE,Singapore Changi Airport,SIN
Kuala Lumpur International Airport,KUL,27/07/2024 14:25,Singapore Changi Airport,SIN,27/07/2024 15:40,75,AirAsia,Economy,75,N,0,N,19,Y,N,N,1,7,0,0,Saturday,FALSE,FALSE,FALSE,Singapore Changi Airport,SIN
Kuala Lumpur International Airport,KUL,27/07/2024 15:05,Singapore Changi Airport,SIN,27/07/2024 16:10,65,Batik Air,Economy,65,N,0,N,34,Y,N,N,1,7,0,0,Saturday,FALSE,FALSE,FALSE,Singapore Changi Airport,SIN
Kuala Lumpur International Airport,KUL,27/07/2024 11:55,Singapore Changi Airport,SIN,27/07/2024 12:55,60,Scoot,Economy,60,N,0,N,35,Y ,N,N,1,10,0,0,Saturday,FALSE,FALSE,FALSE,Singapore Changi Airport,SIN
Kuala Lumpur International Airport,KUL,28/07/2024 8:50,Singapore Changi Airport,SIN,28/07/2024 10:00,70,Jetstar,Economy,70,N,0,N,25,Y,N,N,1,7,0,0,Sunday,FALSE,FALSE,FALSE,Singapore Changi Airport,SIN
Kuala Lumpur International Airport,KUL,28/07/2024 6:05,Singapore Changi Airport,SIN,28/07/2024 7:15,70,AirAsia,Economy,70,N,0,N,28,Y,N,N,1,7,0,0,Sunday,FALSE,FALSE,FALSE,Singapore Changi Airport,SIN
Kuala Lumpur International Airport,KUL,28/07/2024 10:10,Singapore Changi Airport,SIN,28/07/2024 11:25,75,Malaysia Airlines,Economy,75,N,0,N,51,Y,Y,Y,1,7,1,10,Sunday,FALSE,FALSE,FALSE,Singapore Changi Airport,SIN
Kuala Lumpur International Airport,KUL,28/07/2024 10:25,Singapore Changi Airport,SIN,28/07/2024 11:30,65,Batik Air,Economy,65,N,0,N,51,Y,N,N,1,7,0,0,Sunday,FALSE,FALSE,FALSE,Singapore Changi Airport,SIN
Kuala Lumpur International Airport,KUL,29/07/2024 14:25,Singapore Changi Airport,SIN,29/07/2024 15:40,75,AirAsia,Economy,75,N,0,N,28,Y,N,N,1,7,0,0,Monday,FALSE,FALSE,FALSE,Singapore Changi Airport,SIN
Kuala Lumpur International Airport,KUL,29/07/2024 18:20,Singapore Changi Airport,SIN,29/07/2024 19:30,70,Scoot,Economy,70,N,0,N,28,Y ,N,N,1,10,0,0,Monday,FALSE,FALSE,FALSE,Singapore Changi Airport,SIN
Kuala Lumpur International Airport,KUL,29/07/2024 15:30,Singapore Changi Airport,SIN,29/07/2024 16:40,70,Jetstar,Economy,70,N,0,N,29,Y,N,N,1,7,0,0,Monday,FALSE,FALSE,FALSE,Singapore Changi Airport,SIN
Kuala Lumpur International Airport,KUL,29/07/2024 15:05,Singapore Changi Airport,SIN,29/07/2024 16:10,65,Batik Air,Economy,65,N,0,N,34,Y,N,N,1,7,0,0,Monday,FALSE,FALSE,FALSE,Singapore Changi Airport,SIN
Kuala Lumpur International Airport,KUL,30/07/2024 12:25,Singapore Changi Airport,SIN,30/07/2024 13:40,75,AirAsia,Economy,75,N,0,N,14,Y,N,N,1,7,0,0,Tuesday,FALSE,FALSE,FALSE,Singapore Changi Airport,SIN
Kuala Lumpur International Airport,KUL,30/07/2024 19:15,Singapore Changi Airport,SIN,30/07/2024 20:25,70,Scoot,Economy,70,N,0,N,15,Y ,N,N,1,10,0,0,Tuesday,FALSE,FALSE,FALSE,Singapore Changi Airport,SIN
Kuala Lumpur International Airport,KUL,30/07/2024 15:25,Singapore Changi Airport,SIN,30/07/2024 16:40,75,Jetstar,Economy,75,N,0,N,19,Y,N,N,1,7,0,0,Tuesday,FALSE,FALSE,FALSE,Singapore Changi Airport,SIN
Kuala Lumpur International Airport,KUL,31/07/2024 11:45,Singapore Changi Airport,SIN,31/07/2024 13:00,75,AirAsia,Economy,75,N,0,N,14,Y,N,N,1,7,0,0,Wednesday,FALSE,FALSE,FALSE,Singapore Changi Airport,SIN
Kuala Lumpur International Airport,KUL,31/07/2024 14:40,Singapore Changi Airport,SIN,31/07/2024 15:45,65,Jetstar,Economy,65,N,0,N,19,Y,N,N,1,7,0,0,Wednesday,FALSE,FALSE,FALSE,Singapore Changi Airport,SIN
Kuala Lumpur International Airport,KUL,31/07/2024 11:55,Singapore Changi Airport,SIN,31/07/2024 12:55,60,Scoot,Economy,60,N,0,N,23,Y ,N,N,1,10,0,0,Wednesday,FALSE,FALSE,FALSE,Singapore Changi Airport,SIN