Departure Airport Name,Departure Airport ID,Departure Time,Arrival Airport Name,Arrival Airport ID,Arrival Time,Duration,Airline,Travel Class,Total Duration,Layover,Layover 1 Duration,Layover 1 Overnight,Price, Cabin Baggage, Checked Baggage,Meal Included,Cabin Baggage (Number),Cabin Baggage (kg in total),Checked Baggage (Number),Checked Baggage (kg in total),Day of week (on flight date),Departure Country Is Holiday,Arrival Country Is Holiday,Overnight Flight,Final Arrival Airport Name,Final Arrival Airport ID
Kuala Lumpur International Airport,KUL,2024-08-01 06:25,Brunei International Airport,BWN,2024-08-01 08:55,150,AirAsia,Economy,150,N,,,59,Y,N,N,1,7,0,0,Thursday,False,False,False,Brunei International Airport,BWN
Kuala Lumpur International Airport,KUL,2024-08-01 13:15,Brunei International Airport,BWN,2024-08-01 15:45,150,AirAsia,Economy,150,N,,,59,Y,N,N,1,7,0,0,Thursday,False,False,False,Brunei International Airport,BWN
Kuala Lumpur International Airport,KUL,2024-08-01 12:10,Brunei International Airport,BWN,2024-08-01 14:35,145,Royal Brunei,Economy,145,N,,,152,Y,Y,Y,1,7,1,30,Thursday,False,False,False,Brunei International Airport,BWN
Kuala Lumpur International Airport,KUL,2024-08-02 06:25,Brunei International Airport,BWN,2024-08-02 08:55,150,AirAsia,Economy,150,N,,,59,Y,N,N,1,7,0,0,Friday,False,False,False,Brunei International Airport,BWN
Kuala Lumpur International Airport,KUL,2024-08-02 13:15,Brunei International Airport,BWN,2024-08-02 15:45,150,AirAsia,Economy,150,N,,,59,Y,N,N,1,7,0,0,Friday,False,False,False,Brunei International Airport,BWN
Kuala Lumpur International Airport,KUL,2024-08-02 12:10,Brunei International Airport,BWN,2024-08-02 14:35,145,Royal Brunei,Economy,145,N,,,152,Y,Y,Y,1,7,1,30,Friday,False,False,False,Brunei International Airport,BWN
Kuala Lumpur International Airport,KUL,2024-08-02 10:25,Singapore Changi Airport,SIN,2024-08-02 11:35,70,Singapore Airlines,Economy,275,Y,70.0,,178,Y,Y,Y,1,7,1,25,Friday,False,False,False,Brunei International Airport,BWN
Kuala Lumpur International Airport,KUL,2024-08-03 06:25,Brunei International Airport,BWN,2024-08-03 08:55,150,AirAsia,Economy,150,N,,,59,Y,N,N,1,7,0,0,Saturday,False,False,False,Brunei International Airport,BWN
Kuala Lumpur International Airport,KUL,2024-08-03 13:15,Brunei International Airport,BWN,2024-08-03 15:45,150,AirAsia,Economy,150,N,,,59,Y,N,N,1,7,0,0,Saturday,False,False,False,Brunei International Airport,BWN
Kuala Lumpur International Airport,KUL,2024-08-03 12:10,Brunei International Airport,BWN,2024-08-03 14:35,145,Royal Brunei,Economy,145,N,,,226,Y,Y,Y,1,7,1,30,Saturday,False,False,False,Brunei International Airport,BWN
Kuala Lumpur International Airport,KUL,2024-08-04 06:25,Brunei International Airport,BWN,2024-08-04 08:55,150,AirAsia,Economy,150,N,,,59,Y,N,N,1,7,0,0,Sunday,False,False,False,Brunei International Airport,BWN
Kuala Lumpur International Airport,KUL,2024-08-04 13:15,Brunei International Airport,BWN,2024-08-04 15:45,150,AirAsia,Economy,150,N,,,67,Y,N,N,1,7,0,0,Sunday,False,False,False,Brunei International Airport,BWN
Kuala Lumpur International Airport,KUL,2024-08-04 21:15,Brunei International Airport,BWN,2024-08-04 23:40,145,Royal Brunei,Economy,145,N,,,152,Y,Y,Y,1,7,1,30,Sunday,False,False,False,Brunei International Airport,BWN
Kuala Lumpur International Airport,KUL,2024-08-04 10:25,Singapore Changi Airport,SIN,2024-08-04 11:35,70,Singapore Airlines,Economy,275,Y,70.0,,178,Y,Y,Y,1,7,1,25,Sunday,False,False,False,Brunei International Airport,BWN
Kuala Lumpur International Airport,KUL,2024-08-04 12:10,Brunei International Airport,BWN,2024-08-04 14:35,145,Royal Brunei,Economy,145,N,,,226,Y,Y,Y,1,7,1,30,Sunday,False,False,False,Brunei International Airport,BWN
Kuala Lumpur International Airport,KUL,2024-08-05 06:25,Brunei International Airport,BWN,2024-08-05 08:55,150,AirAsia,Economy,150,N,,,59,Y,N,N,1,7,0,0,Monday,False,False,False,Brunei International Airport,BWN
Kuala Lumpur International Airport,KUL,2024-08-05 13:15,Brunei International Airport,BWN,2024-08-05 15:45,150,AirAsia,Economy,150,N,,,59,Y,N,N,1,7,0,0,Monday,False,False,False,Brunei International Airport,BWN
Kuala Lumpur International Airport,KUL,2024-08-05 12:10,Brunei International Airport,BWN,2024-08-05 14:35,145,Royal Brunei,Economy,145,N,,,247,Y,Y,Y,1,7,1,30,Monday,False,False,False,Brunei International Airport,BWN
Kuala Lumpur International Airport,KUL,2024-08-06 06:25,Brunei International Airport,BWN,2024-08-06 08:55,150,AirAsia,Economy,150,N,,,59,Y,N,N,1,7,0,0,Tuesday,False,False,False,Brunei International Airport,BWN
Kuala Lumpur International Airport,KUL,2024-08-06 13:15,Brunei International Airport,BWN,2024-08-06 15:45,150,AirAsia,Economy,150,N,,,59,Y,N,N,1,7,0,0,Tuesday,False,False,False,Brunei International Airport,BWN
Kuala Lumpur International Airport,KUL,2024-08-06 21:15,Brunei International Airport,BWN,2024-08-06 23:40,145,Royal Brunei,Economy,145,N,,,205,Y,Y,Y,1,7,1,30,Tuesday,False,False,False,Brunei International Airport,BWN
Kuala Lumpur International Airport,KUL,2024-08-07 06:25,Brunei International Airport,BWN,2024-08-07 08:55,150,AirAsia,Economy,150,N,,,59,Y,N,N,1,7,0,0,Wednesday,False,False,False,Brunei International Airport,BWN
Kuala Lumpur International Airport,KUL,2024-08-07 13:15,Brunei International Airport,BWN,2024-08-07 15:45,150,AirAsia,Economy,150,N,,,67,Y,N,N,1,7,0,0,Wednesday,False,False,False,Brunei International Airport,BWN
Kuala Lumpur International Airport,KUL,2024-08-07 10:25,Singapore Changi Airport,SIN,2024-08-07 11:35,70,Singapore Airlines,Economy,275,Y,70.0,,178,Y,Y,Y,1,7,1,25,Wednesday,False,False,False,Brunei International Airport,BWN
Kuala Lumpur International Airport,KUL,2024-08-07 21:15,Brunei International Airport,BWN,2024-08-07 23:40,145,Royal Brunei,Economy,145,N,,,186,Y,Y,Y,1,7,1,30,Wednesday,False,False,False,Brunei International Airport,BWN
Kuala Lumpur International Airport,KUL,2024-08-08 06:25,Brunei International Airport,BWN,2024-08-08 08:55,150,AirAsia,Economy,150,N,,,59,Y,N,N,1,7,0,0,Thursday,False,False,False,Brunei International Airport,BWN
Kuala Lumpur International Airport,KUL,2024-08-08 13:15,Brunei International Airport,BWN,2024-08-08 15:45,150,AirAsia,Economy,150,N,,,76,Y,N,N,1,7,0,0,Thursday,False,False,False,Brunei International Airport,BWN
Kuala Lumpur International Airport,KUL,2024-08-08 12:10,Brunei International Airport,BWN,2024-08-08 14:35,145,Royal Brunei,Economy,145,N,,,226,Y,Y,Y,1,7,1,30,Thursday,False,False,False,Brunei International Airport,BWN
Kuala Lumpur International Airport,KUL,2024-08-09 06:25,Brunei International Airport,BWN,2024-08-09 08:55,150,AirAsia,Economy,150,N,,,59,Y,N,N,1,7,0,0,Friday,False,False,False,Brunei International Airport,BWN
Kuala Lumpur International Airport,KUL,2024-08-09 13:15,Brunei International Airport,BWN,2024-08-09 15:45,150,AirAsia,Economy,150,N,,,76,Y,N,N,1,7,0,0,Friday,False,False,False,Brunei International Airport,BWN
Kuala Lumpur International Airport,KUL,2024-08-09 10:25,Singapore Changi Airport,SIN,2024-08-09 11:35,70,Singapore Airlines,Economy,275,Y,70.0,,178,Y,Y,Y,1,7,1,25,Friday,False,False,False,Brunei International Airport,BWN
Kuala Lumpur International Airport,KUL,2024-08-09 12:10,Brunei International Airport,BWN,2024-08-09 14:35,145,Royal Brunei,Economy,145,N,,,247,Y,Y,Y,1,7,1,30,Friday,False,False,False,Brunei International Airport,BWN
Kuala Lumpur International Airport,KUL,2024-08-10 06:25,Brunei International Airport,BWN,2024-08-10 08:55,150,AirAsia,Economy,150,N,,,59,Y,N,N,1,7,0,0,Saturday,False,False,False,Brunei International Airport,BWN
Kuala Lumpur International Airport,KUL,2024-08-10 13:15,Brunei International Airport,BWN,2024-08-10 15:45,150,AirAsia,Economy,150,N,,,76,Y,N,N,1,7,0,0,Saturday,False,False,False,Brunei International Airport,BWN
Kuala Lumpur International Airport,KUL,2024-08-10 12:10,Brunei International Airport,BWN,2024-08-10 14:35,145,Royal Brunei,Economy,145,N,,,283,Y,Y,Y,1,7,1,30,Saturday,False,False,False,Brunei International Airport,BWN
Kuala Lumpur International Airport,KUL,2024-08-11 06:25,Brunei International Airport,BWN,2024-08-11 08:55,150,AirAsia,Economy,150,N,,,59,Y,N,N,1,7,0,0,Sunday,False,False,False,Brunei International Airport,BWN
Kuala Lumpur International Airport,KUL,2024-08-11 13:15,Brunei International Airport,BWN,2024-08-11 15:45,150,AirAsia,Economy,150,N,,,76,Y,N,N,1,7,0,0,Sunday,False,False,False,Brunei International Airport,BWN
Kuala Lumpur International Airport,KUL,2024-08-11 10:25,Singapore Changi Airport,SIN,2024-08-11 11:35,70,Singapore Airlines,Economy,275,Y,70.0,,178,Y,Y,Y,1,7,1,25,Sunday,False,False,False,Brunei International Airport,BWN
Kuala Lumpur International Airport,KUL,2024-08-11 12:10,Brunei International Airport,BWN,2024-08-11 14:35,145,Royal Brunei,Economy,145,N,,,283,Y,Y,Y,1,7,1,30,Sunday,False,False,False,Brunei International Airport,BWN
Kuala Lumpur International Airport,KUL,2024-08-12 06:25,Brunei International Airport,BWN,2024-08-12 08:55,150,AirAsia,Economy,150,N,,,59,Y,N,N,1,7,0,0,Monday,False,False,False,Brunei International Airport,BWN
Kuala Lumpur International Airport,KUL,2024-08-12 13:15,Brunei International Airport,BWN,2024-08-12 15:45,150,AirAsia,Economy,150,N,,,76,Y,N,N,1,7,0,0,Monday,False,False,False,Brunei International Airport,BWN
Kuala Lumpur International Airport,KUL,2024-08-12 12:10,Brunei International Airport,BWN,2024-08-12 14:35,145,Royal Brunei,Economy,145,N,,,283,Y,Y,Y,1,7,1,30,Monday,False,False,False,Brunei International Airport,BWN
Kuala Lumpur International Airport,KUL,2024-08-13 06:25,Brunei International Airport,BWN,2024-08-13 08:55,150,AirAsia,Economy,150,N,,,59,Y,N,N,1,7,0,0,Tuesday,False,False,False,Brunei International Airport,BWN
Kuala Lumpur International Airport,KUL,2024-08-13 13:15,Brunei International Airport,BWN,2024-08-13 15:45,150,AirAsia,Economy,150,N,,,76,Y,N,N,1,7,0,0,Tuesday,False,False,False,Brunei International Airport,BWN
Kuala Lumpur International Airport,KUL,2024-08-13 21:15,Brunei International Airport,BWN,2024-08-13 23:40,145,Royal Brunei,Economy,145,N,,,247,Y,Y,Y,1,7,1,30,Tuesday,False,False,False,Brunei International Airport,BWN
Kuala Lumpur International Airport,KUL,2024-08-14 06:25,Brunei International Airport,BWN,2024-08-14 08:55,150,AirAsia,Economy,150,N,,,59,Y,N,N,1,7,0,0,Wednesday,False,False,False,Brunei International Airport,BWN
Kuala Lumpur International Airport,KUL,2024-08-14 13:15,Brunei International Airport,BWN,2024-08-14 15:45,150,AirAsia,Economy,150,N,,,76,Y,N,N,1,7,0,0,Wednesday,False,False,False,Brunei International Airport,BWN
Kuala Lumpur International Airport,KUL,2024-08-14 10:25,Singapore Changi Airport,SIN,2024-08-14 11:35,70,Singapore Airlines,Economy,275,Y,70.0,,178,Y,Y,Y,1,7,1,25,Wednesday,False,False,False,Brunei International Airport,BWN
Kuala Lumpur International Airport,KUL,2024-08-14 21:15,Brunei International Airport,BWN,2024-08-14 23:40,145,Royal Brunei,Economy,145,N,,,226,Y,Y,Y,1,7,1,30,Wednesday,False,False,False,Brunei International Airport,BWN
Kuala Lumpur International Airport,KUL,2024-08-15 06:25,Brunei International Airport,BWN,2024-08-15 08:55,150,AirAsia,Economy,150,N,,,59,Y,N,N,1,7,0,0,Thursday,False,False,False,Brunei International Airport,BWN
Kuala Lumpur International Airport,KUL,2024-08-15 13:15,Brunei International Airport,BWN,2024-08-15 15:45,150,AirAsia,Economy,150,N,,,101,Y,N,N,1,7,0,0,Thursday,False,False,False,Brunei International Airport,BWN
Kuala Lumpur International Airport,KUL,2024-08-15 12:10,Brunei International Airport,BWN,2024-08-15 14:35,145,Royal Brunei,Economy,145,N,,,247,Y,Y,Y,1,7,1,30,Thursday,False,False,False,Brunei International Airport,BWN
Kuala Lumpur International Airport,KUL,2024-08-16 06:25,Brunei International Airport,BWN,2024-08-16 08:55,150,AirAsia,Economy,150,N,,,67,Y,N,N,1,7,0,0,Friday,False,False,False,Brunei International Airport,BWN
Kuala Lumpur International Airport,KUL,2024-08-16 13:15,Brunei International Airport,BWN,2024-08-16 15:45,150,AirAsia,Economy,150,N,,,125,Y,N,N,1,7,0,0,Friday,False,False,False,Brunei International Airport,BWN
Kuala Lumpur International Airport,KUL,2024-08-16 10:25,Singapore Changi Airport,SIN,2024-08-16 11:35,70,Singapore Airlines,Economy,275,Y,70.0,,214,Y,Y,Y,1,7,1,25,Friday,False,False,False,Brunei International Airport,BWN
Kuala Lumpur International Airport,KUL,2024-08-16 12:10,Brunei International Airport,BWN,2024-08-16 14:35,145,Royal Brunei,Economy,145,N,,,247,Y,Y,Y,1,7,1,30,Friday,False,False,False,Brunei International Airport,BWN
Kuala Lumpur International Airport,KUL,2024-08-17 06:25,Brunei International Airport,BWN,2024-08-17 08:55,150,AirAsia,Economy,150,N,,,59,Y,N,N,1,7,0,0,Saturday,False,False,False,Brunei International Airport,BWN
Kuala Lumpur International Airport,KUL,2024-08-17 13:15,Brunei International Airport,BWN,2024-08-17 15:45,150,AirAsia,Economy,150,N,,,92,Y,N,N,1,7,0,0,Saturday,False,False,False,Brunei International Airport,BWN
Kuala Lumpur International Airport,KUL,2024-08-17 12:10,Brunei International Airport,BWN,2024-08-17 14:35,145,Royal Brunei,Economy,145,N,,,247,Y,Y,Y,1,7,1,30,Saturday,False,False,False,Brunei International Airport,BWN
Kuala Lumpur International Airport,KUL,2024-08-18 06:25,Brunei International Airport,BWN,2024-08-18 08:55,150,AirAsia,Economy,150,N,,,67,Y,N,N,1,7,0,0,Sunday,False,False,False,Brunei International Airport,BWN
Kuala Lumpur International Airport,KUL,2024-08-18 13:15,Brunei International Airport,BWN,2024-08-18 15:45,150,AirAsia,Economy,150,N,,,101,Y,N,N,1,7,0,0,Sunday,False,False,False,Brunei International Airport,BWN
Kuala Lumpur International Airport,KUL,2024-08-18 12:10,Brunei International Airport,BWN,2024-08-18 14:35,145,Royal Brunei,Economy,145,N,,,283,Y,Y,Y,1,7,1,30,Sunday,False,False,False,Brunei International Airport,BWN
Kuala Lumpur International Airport,KUL,2024-08-19 06:25,Brunei International Airport,BWN,2024-08-19 08:55,150,AirAsia,Economy,150,N,,,67,Y,N,N,1,7,0,0,Monday,False,False,False,Brunei International Airport,BWN
Kuala Lumpur International Airport,KUL,2024-08-19 13:15,Brunei International Airport,BWN,2024-08-19 15:45,150,AirAsia,Economy,150,N,,,76,Y,N,N,1,7,0,0,Monday,False,False,False,Brunei International Airport,BWN
Kuala Lumpur International Airport,KUL,2024-08-19 12:10,Brunei International Airport,BWN,2024-08-19 14:35,145,Royal Brunei,Economy,145,N,,,247,Y,Y,Y,1,7,1,30,Monday,False,False,False,Brunei International Airport,BWN
Kuala Lumpur International Airport,KUL,2024-08-20 06:25,Brunei International Airport,BWN,2024-08-20 08:55,150,AirAsia,Economy,150,N,,,59,Y,N,N,1,7,0,0,Tuesday,False,False,False,Brunei International Airport,BWN
Kuala Lumpur International Airport,KUL,2024-08-20 13:15,Brunei International Airport,BWN,2024-08-20 15:45,150,AirAsia,Economy,150,N,,,92,Y,N,N,1,7,0,0,Tuesday,False,False,False,Brunei International Airport,BWN
Kuala Lumpur International Airport,KUL,2024-08-20 21:15,Brunei International Airport,BWN,2024-08-20 23:40,145,Royal Brunei,Economy,145,N,,,247,Y,Y,Y,1,7,1,30,Tuesday,False,False,False,Brunei International Airport,BWN
Kuala Lumpur International Airport,KUL,2024-08-21 06:25,Brunei International Airport,BWN,2024-08-21 08:55,150,AirAsia,Economy,150,N,,,67,Y,N,N,1,7,0,0,Wednesday,False,False,False,Brunei International Airport,BWN
Kuala Lumpur International Airport,KUL,2024-08-21 13:15,Brunei International Airport,BWN,2024-08-21 15:45,150,AirAsia,Economy,150,N,,,76,Y,N,N,1,7,0,0,Wednesday,False,False,False,Brunei International Airport,BWN
Kuala Lumpur International Airport,KUL,2024-08-21 10:25,Singapore Changi Airport,SIN,2024-08-21 11:35,70,Singapore Airlines,Economy,275,,70.0,,199,Y,Y,Y,1,7,1,25,Wednesday,False,False,False,Brunei International Airport,BWN
Kuala Lumpur International Airport,KUL,2024-08-21 21:15,Brunei International Airport,BWN,2024-08-21 23:40,145,Royal Brunei,Economy,145,N,,,205,Y,Y,Y,1,7,1,30,Wednesday,False,False,False,Brunei International Airport,BWN
Kuala Lumpur International Airport,KUL,2024-08-22 06:25,Brunei International Airport,BWN,2024-08-22 08:55,150,AirAsia,Economy,150,N,,,59,Y,N,N,1,7,0,0,Thursday,False,False,False,Brunei International Airport,BWN
Kuala Lumpur International Airport,KUL,2024-08-22 13:15,Brunei International Airport,BWN,2024-08-22 15:45,150,AirAsia,Economy,150,N,,,76,Y,N,N,1,7,0,0,Thursday,False,False,False,Brunei International Airport,BWN
Kuala Lumpur International Airport,KUL,2024-08-22 12:10,Brunei International Airport,BWN,2024-08-22 14:35,145,Royal Brunei,Economy,145,N,,,205,Y,Y,Y,1,7,1,30,Thursday,False,False,False,Brunei International Airport,BWN
Kuala Lumpur International Airport,KUL,2024-08-23 06:25,Brunei International Airport,BWN,2024-08-23 08:55,150,AirAsia,Economy,150,N,,,59,Y,N,N,1,7,0,0,Friday,False,False,False,Brunei International Airport,BWN
Kuala Lumpur International Airport,KUL,2024-08-23 13:15,Brunei International Airport,BWN,2024-08-23 15:45,150,AirAsia,Economy,150,N,,,76,Y,N,N,1,7,0,0,Friday,False,False,False,Brunei International Airport,BWN
Kuala Lumpur International Airport,KUL,2024-08-23 10:25,Singapore Changi Airport,SIN,2024-08-23 11:35,70,Singapore Airlines,Economy,275,Y,70.0,,178,Y,Y,Y,1,7,1,25,Friday,False,False,False,Brunei International Airport,BWN
Kuala Lumpur International Airport,KUL,2024-08-23 12:10,Brunei International Airport,BWN,2024-08-23 14:35,145,Royal Brunei,Economy,145,N,,,205,Y,Y,Y,1,7,1,30,Friday,False,False,False,Brunei International Airport,BWN
Kuala Lumpur International Airport,KUL,2024-08-24 06:25,Brunei International Airport,BWN,2024-08-24 08:55,150,AirAsia,Economy,150,N,,,59,Y,N,N,1,7,0,0,Saturday,False,False,False,Brunei International Airport,BWN
Kuala Lumpur International Airport,KUL,2024-08-24 13:15,Brunei International Airport,BWN,2024-08-24 15:45,150,AirAsia,Economy,150,N,,,59,Y,N,N,1,7,0,0,Saturday,False,False,False,Brunei International Airport,BWN
Kuala Lumpur International Airport,KUL,2024-08-24 12:10,Brunei International Airport,BWN,2024-08-24 14:35,145,Royal Brunei,Economy,145,N,,,226,Y,Y,Y,1,7,1,30,Saturday,False,False,False,Brunei International Airport,BWN
Kuala Lumpur International Airport,KUL,2024-08-25 06:25,Brunei International Airport,BWN,2024-08-25 08:55,150,AirAsia,Economy,150,N,,,59,Y,N,N,1,7,0,0,Sunday,False,False,False,Brunei International Airport,BWN
Kuala Lumpur International Airport,KUL,2024-08-25 13:15,Brunei International Airport,BWN,2024-08-25 15:45,150,AirAsia,Economy,150,N,,,59,Y,N,N,1,7,0,0,Sunday,False,False,False,Brunei International Airport,BWN
Kuala Lumpur International Airport,KUL,2024-08-25 10:25,Singapore Changi Airport,SIN,2024-08-25 11:35,70,Singapore Airlines,Economy,275,Y,70.0,,178,Y,Y,Y,1,7,1,25,Sunday,False,False,False,Brunei International Airport,BWN
Kuala Lumpur International Airport,KUL,2024-08-25 12:10,Brunei International Airport,BWN,2024-08-25 14:35,145,Royal Brunei,Economy,145,N,,,226,Y,Y,Y,1,7,1,30,Sunday,False,False,False,Brunei International Airport,BWN
Kuala Lumpur International Airport,KUL,2024-08-26 06:25,Brunei International Airport,BWN,2024-08-26 08:55,150,AirAsia,Economy,150,N,,,59,Y,N,N,1,7,0,0,Monday,False,False,False,Brunei International Airport,BWN
Kuala Lumpur International Airport,KUL,2024-08-26 13:15,Brunei International Airport,BWN,2024-08-26 15:45,150,AirAsia,Economy,150,N,,,59,Y,N,N,1,7,0,0,Monday,False,False,False,Brunei International Airport,BWN
Kuala Lumpur International Airport,KUL,2024-08-26 12:10,Brunei International Airport,BWN,2024-08-26 14:35,145,Royal Brunei,Economy,145,N,,,152,Y,Y,Y,1,7,1,30,Monday,False,False,False,Brunei International Airport,BWN
Kuala Lumpur International Airport,KUL,2024-08-27 06:25,Brunei International Airport,BWN,2024-08-27 08:55,150,AirAsia,Economy,150,N,,,59,Y,N,N,1,7,0,0,Tuesday,False,False,False,Brunei International Airport,BWN
Kuala Lumpur International Airport,KUL,2024-08-27 13:15,Brunei International Airport,BWN,2024-08-27 15:45,150,AirAsia,Economy,150,N,,,59,Y,N,N,1,7,0,0,Tuesday,False,False,False,Brunei International Airport,BWN
Kuala Lumpur International Airport,KUL,2024-08-27 21:15,Brunei International Airport,BWN,2024-08-27 23:40,145,Royal Brunei,Economy,145,N,,,152,Y,Y,Y,1,7,1,30,Tuesday,False,False,False,Brunei International Airport,BWN
Kuala Lumpur International Airport,KUL,2024-08-28 06:25,Brunei International Airport,BWN,2024-08-28 08:55,150,AirAsia,Economy,150,N,,,59,Y,N,N,1,7,0,0,Wednesday,False,False,False,Brunei International Airport,BWN
Kuala Lumpur International Airport,KUL,2024-08-28 13:15,Brunei International Airport,BWN,2024-08-28 15:45,150,AirAsia,Economy,150,N,,,59,Y,N,N,1,7,0,0,Wednesday,False,False,False,Brunei International Airport,BWN
Kuala Lumpur International Airport,KUL,2024-08-28 21:15,Brunei International Airport,BWN,2024-08-28 23:40,145,Royal Brunei,Economy,145,N,,,152,Y,Y,Y,1,7,1,30,Wednesday,False,False,False,Brunei International Airport,BWN
Kuala Lumpur International Airport,KUL,2024-08-28 10:25,Singapore Changi Airport,SIN,2024-08-28 11:35,70,Singapore Airlines,Economy,275,Y,70.0,,178,Y,Y,Y,1,7,1,25,Wednesday,False,False,False,Brunei International Airport,BWN
Kuala Lumpur International Airport,KUL,2024-08-29 06:25,Brunei International Airport,BWN,2024-08-29 08:55,150,AirAsia,Economy,150,N,,,59,Y,N,N,1,7,0,0,Thursday,False,False,False,Brunei International Airport,BWN
Kuala Lumpur International Airport,KUL,2024-08-29 13:15,Brunei International Airport,BWN,2024-08-29 15:45,150,AirAsia,Economy,150,N,,,59,Y,N,N,1,7,0,0,Thursday,False,False,False,Brunei International Airport,BWN
Kuala Lumpur International Airport,KUL,2024-08-29 12:10,Brunei International Airport,BWN,2024-08-29 14:35,145,Royal Brunei,Economy,145,N,,,152,Y,Y,Y,1,7,1,30,Thursday,False,False,False,Brunei International Airport,BWN
Kuala Lumpur International Airport,KUL,2024-08-30 06:25,Brunei International Airport,BWN,2024-08-30 08:55,150,AirAsia,Economy,150,N,,,59,Y,N,N,1,7,0,0,Friday,False,False,False,Brunei International Airport,BWN
Kuala Lumpur International Airport,KUL,2024-08-30 13:15,Brunei International Airport,BWN,2024-08-30 15:45,150,AirAsia,Economy,150,N,,,59,Y,N,N,1,7,0,0,Friday,False,False,False,Brunei International Airport,BWN
Kuala Lumpur International Airport,KUL,2024-08-30 12:10,Brunei International Airport,BWN,2024-08-30 14:35,145,Royal Brunei,Economy,145,N,,,152,Y,Y,Y,1,7,1,30,Friday,False,False,False,Brunei International Airport,BWN
Kuala Lumpur International Airport,KUL,2024-08-30 10:25,Singapore Changi Airport,SIN,2024-08-30 11:35,70,Singapore Airlines,Economy,275,Y,70.0,,178,Y,Y,Y,1,7,1,25,Friday,False,False,False,Brunei International Airport,BWN
Kuala Lumpur International Airport,KUL,2024-08-31 06:25,Brunei International Airport,BWN,2024-08-31 08:55,150,AirAsia,Economy,150,N,,,59,Y,N,N,1,7,0,0,Saturday,True,False,False,Brunei International Airport,BWN
Kuala Lumpur International Airport,KUL,2024-08-31 13:15,Brunei International Airport,BWN,2024-08-31 15:45,150,AirAsia,Economy,150,N,,,59,Y,N,N,1,7,0,0,Saturday,True,False,False,Brunei International Airport,BWN
Kuala Lumpur International Airport,KUL,2024-08-31 12:10,Brunei International Airport,BWN,2024-08-31 14:35,145,Royal Brunei,Economy,145,N,,,152,Y,Y,Y,1,7,1,30,Saturday,True,False,False,Brunei International Airport,BWN
