Departure Airport Name,Departure Airport ID,Departure Time,Arrival Airport Name,Arrival Airport ID,Arrival Time,Duration,Airline,Travel Class,Total Duration,Layover,Layover 1 Duration,Layover 1 Overnight,Price, Cabin Baggage, Checked Baggage,Meal Included,Cabin Baggage (Number),Cabin Baggage (kg in total),Checked Baggage (Number),Checked Baggage (kg in total),Day of week (on flight date),Departure Country Is Holiday,Arrival Country Is Holiday,Overnight Flight,Final Arrival Airport Name,Final Arrival Airport ID
Kuala Lumpur International Airport,KUL,2024-07-01 09:10,Yangon International Airport,RGN,2024-07-01 10:25,165,Malaysia Airlines,Economy,165,N,,,129.0,Y,Y,Y,1,7,1,10,Monday,False,False,False,Yangon International Airport,RGN
Kuala Lumpur International Airport,KUL,2024-07-01 13:20,Suvarnabhumi Airport,BKK,2024-07-01 14:30,130,THAI,Economy,370,Y,155.0,,223.0,Y,Y,N,1,7,1,25,Monday,False,False,False,Yangon International Airport,RGN
Kuala Lumpur International Airport,KUL,2024-07-01 00:25,Singapore Changi Airport,SIN,2024-07-01 01:40,75,Scoot,Economy,625,Y,375.0,True,239.0,Y,N,N,1,7,0,0,Monday,False,False,False,Yangon International Airport,RGN
Kuala Lumpur International Airport,KUL,2024-07-01 02:20,Guangzhou Baiyun International Airport,CAN,2024-07-01 06:25,245,China Southern,Economy,565,Y,115.0,,377.0,Y,Y,Y,1,8,1,23,Monday,False,False,False,Yangon International Airport,RGN
Kuala Lumpur International Airport,KUL,2024-07-01 12:05,Yangon International Airport,RGN,2024-07-01 13:20,165,MAI,Economy,165,N,,,,Y,Y,Y,1,7,1,30,Monday,False,False,False,Yangon International Airport,RGN
Kuala Lumpur International Airport,KUL,2024-07-02 18:00,Yangon International Airport,RGN,2024-07-02 19:10,160,AirAsia,Economy,160,N,,,48.0,Y,N,N,1,7,0,0,Tuesday,False,False,False,Yangon International Airport,RGN
Kuala Lumpur International Airport,KUL,2024-07-02 09:10,Yangon International Airport,RGN,2024-07-02 10:25,165,Malaysia Airlines,Economy,165,N,,,117.0,Y,Y,Y,1,7,1,10,Tuesday,False,False,False,Yangon International Airport,RGN
Kuala Lumpur International Airport,KUL,2024-07-02 13:20,Suvarnabhumi Airport,BKK,2024-07-02 14:30,130,THAI,Economy,370,Y,155.0,,223.0,Y,Y,N,1,7,1,25,Tuesday,False,False,False,Yangon International Airport,RGN
Kuala Lumpur International Airport,KUL,2024-07-02 12:05,Yangon International Airport,RGN,2024-07-02 13:20,165,MAI,Economy,165,N,,,,Y,Y,Y,1,7,1,30,Tuesday,False,False,False,Yangon International Airport,RGN
Kuala Lumpur International Airport,KUL,2024-07-03 09:10,Yangon International Airport,RGN,2024-07-03 10:25,165,Malaysia Airlines,Economy,165,N,,,129.0,Y,Y,Y,1,7,1,10,Wednesday,False,False,False,Yangon International Airport,RGN
Kuala Lumpur International Airport,KUL,2024-07-03 13:20,Suvarnabhumi Airport,BKK,2024-07-03 14:30,130,THAI,Economy,370,Y,155.0,,223.0,Y,Y,N,1,7,1,25,Wednesday,False,False,False,Yangon International Airport,RGN
Kuala Lumpur International Airport,KUL,2024-07-03 02:20,Guangzhou Baiyun International Airport,CAN,2024-07-03 06:25,245,China Southern,Economy,565,Y,115.0,,377.0,Y,Y,Y,1,8,1,23,Wednesday,False,False,False,Yangon International Airport,RGN
Kuala Lumpur International Airport,KUL,2024-07-03 12:05,Yangon International Airport,RGN,2024-07-03 13:20,165,MAI,Economy,165,N,,,,Y,Y,Y,1,7,1,30,Wednesday,False,False,False,Yangon International Airport,RGN
Kuala Lumpur International Airport,KUL,2024-07-04 18:00,Yangon International Airport,RGN,2024-07-04 19:10,160,AirAsia,Economy,160,N,,,48.0,Y,N,N,1,7,0,0,Thursday,False,False,False,Yangon International Airport,RGN
Kuala Lumpur International Airport,KUL,2024-07-04 09:10,Yangon International Airport,RGN,2024-07-04 10:25,165,Malaysia Airlines,Economy,165,N,,,129.0,Y,Y,Y,1,7,1,10,Thursday,False,False,False,Yangon International Airport,RGN
Kuala Lumpur International Airport,KUL,2024-07-04 13:20,Suvarnabhumi Airport,BKK,2024-07-04 14:30,130,THAI,Economy,370,Y,155.0,,223.0,Y,Y,N,1,7,1,25,Thursday,False,False,False,Yangon International Airport,RGN
Kuala Lumpur International Airport,KUL,2024-07-04 12:05,Yangon International Airport,RGN,2024-07-04 13:20,165,MAI,Economy,165,N,,,,Y,Y,Y,1,7,1,30,Thursday,False,False,False,Yangon International Airport,RGN
Kuala Lumpur International Airport,KUL,2024-07-05 09:10,Yangon International Airport,RGN,2024-07-05 10:25,165,Malaysia Airlines,Economy,165,N,,,129.0,Y,Y,Y,1,7,1,10,Friday,False,False,False,Yangon International Airport,RGN
Kuala Lumpur International Airport,KUL,2024-07-05 13:20,Suvarnabhumi Airport,BKK,2024-07-05 14:30,130,THAI,Economy,370,Y,155.0,,223.0,Y,Y,N,1,7,1,25,Friday,False,False,False,Yangon International Airport,RGN
Kuala Lumpur International Airport,KUL,2024-07-05 12:05,Yangon International Airport,RGN,2024-07-05 13:20,165,MAI,Economy,165,N,,,,Y,Y,Y,1,7,1,30,Friday,False,False,False,Yangon International Airport,RGN
Kuala Lumpur International Airport,KUL,2024-07-06 18:00,Yangon International Airport,RGN,2024-07-06 19:10,160,AirAsia,Economy,160,N,,,48.0,Y,N,N,1,7,0,0,Saturday,False,False,False,Yangon International Airport,RGN
Kuala Lumpur International Airport,KUL,2024-07-06 09:10,Yangon International Airport,RGN,2024-07-06 10:25,165,Malaysia Airlines,Economy,165,N,,,129.0,Y,Y,Y,1,7,1,10,Saturday,False,False,False,Yangon International Airport,RGN
Kuala Lumpur International Airport,KUL,2024-07-06 13:20,Suvarnabhumi Airport,BKK,2024-07-06 14:30,130,THAI,Economy,370,Y,155.0,,223.0,Y,Y,N,1,7,1,25,Saturday,False,False,False,Yangon International Airport,RGN
Kuala Lumpur International Airport,KUL,2024-07-06 12:05,Yangon International Airport,RGN,2024-07-06 13:20,165,MAI,Economy,165,N,,,,Y,Y,Y,1,7,1,30,Saturday,False,False,False,Yangon International Airport,RGN
Kuala Lumpur International Airport,KUL,2024-07-07 09:10,Yangon International Airport,RGN,2024-07-07 10:25,165,Malaysia Airlines,Economy,165,N,,,129.0,Y,Y,Y,1,7,1,10,Sunday,True,False,False,Yangon International Airport,RGN
Kuala Lumpur International Airport,KUL,2024-07-07 13:20,Suvarnabhumi Airport,BKK,2024-07-07 14:30,130,THAI,Economy,370,Y,155.0,,223.0,Y,Y,N,1,7,1,25,Sunday,True,False,False,Yangon International Airport,RGN
Kuala Lumpur International Airport,KUL,2024-07-07 12:05,Yangon International Airport,RGN,2024-07-07 13:20,165,MAI,Economy,165,N,,,,Y,Y,Y,1,7,1,30,Sunday,True,False,False,Yangon International Airport,RGN
Kuala Lumpur International Airport,KUL,2024-07-08 09:10,Yangon International Airport,RGN,2024-07-08 10:25,165,Malaysia Airlines,Economy,165,N,,,129.0,Y,Y,Y,1,7,1,10,Monday,True,False,False,Yangon International Airport,RGN
Kuala Lumpur International Airport,KUL,2024-07-08 13:20,Suvarnabhumi Airport,BKK,2024-07-08 14:30,130,THAI,Economy,370,Y,155.0,,223.0,Y,Y,N,1,7,1,25,Monday,True,False,False,Yangon International Airport,RGN
Kuala Lumpur International Airport,KUL,2024-07-08 02:20,Guangzhou Baiyun International Airport,CAN,2024-07-08 06:25,245,China Southern,Economy,565,Y,115.0,,377.0,Y,Y,Y,1,8,1,23,Monday,True,False,False,Yangon International Airport,RGN
Kuala Lumpur International Airport,KUL,2024-07-08 12:05,Yangon International Airport,RGN,2024-07-08 13:20,165,MAI,Economy,165,N,,,,Y,Y,Y,1,7,1,30,Monday,True,False,False,Yangon International Airport,RGN
Kuala Lumpur International Airport,KUL,2024-07-09 18:00,Yangon International Airport,RGN,2024-07-09 19:10,160,AirAsia,Economy,160,N,,,48.0,Y,N,N,1,7,0,0,Tuesday,False,False,False,Yangon International Airport,RGN
Kuala Lumpur International Airport,KUL,2024-07-09 09:10,Yangon International Airport,RGN,2024-07-09 10:25,165,Malaysia Airlines,Economy,165,N,,,129.0,Y,Y,Y,1,7,1,10,Tuesday,False,False,False,Yangon International Airport,RGN
Kuala Lumpur International Airport,KUL,2024-07-09 13:20,Suvarnabhumi Airport,BKK,2024-07-09 14:30,130,THAI,Economy,370,Y,155.0,,223.0,Y,Y,N,1,7,1,25,Tuesday,False,False,False,Yangon International Airport,RGN
Kuala Lumpur International Airport,KUL,2024-07-09 12:05,Yangon International Airport,RGN,2024-07-09 13:20,165,MAI,Economy,165,N,,,,Y,Y,Y,1,7,1,30,Tuesday,False,False,False,Yangon International Airport,RGN
Kuala Lumpur International Airport,KUL,2024-07-10 09:10,Yangon International Airport,RGN,2024-07-10 10:25,165,Malaysia Airlines,Economy,165,N,,,129.0,Y,Y,Y,1,7,1,10,Wednesday,False,False,False,Yangon International Airport,RGN
Kuala Lumpur International Airport,KUL,2024-07-10 13:20,Suvarnabhumi Airport,BKK,2024-07-10 14:30,130,THAI,Economy,370,Y,155.0,,223.0,Y,Y,N,1,7,1,25,Wednesday,False,False,False,Yangon International Airport,RGN
Kuala Lumpur International Airport,KUL,2024-07-10 02:20,Guangzhou Baiyun International Airport,CAN,2024-07-10 06:25,245,China Southern,Economy,565,Y,115.0,,377.0,Y,Y,Y,1,8,1,23,Wednesday,False,False,False,Yangon International Airport,RGN
Kuala Lumpur International Airport,KUL,2024-07-10 12:05,Yangon International Airport,RGN,2024-07-10 13:20,165,MAI,Economy,165,N,,,,Y,Y,Y,1,7,1,30,Wednesday,False,False,False,Yangon International Airport,RGN
Kuala Lumpur International Airport,KUL,2024-07-11 18:00,Yangon International Airport,RGN,2024-07-11 19:10,160,AirAsia,Economy,160,N,,,48.0,Y,N,N,1,7,0,0,Thursday,False,False,False,Yangon International Airport,RGN
Kuala Lumpur International Airport,KUL,2024-07-11 09:10,Yangon International Airport,RGN,2024-07-11 10:25,165,Malaysia Airlines,Economy,165,N,,,129.0,Y,Y,Y,1,7,1,10,Thursday,False,False,False,Yangon International Airport,RGN
Kuala Lumpur International Airport,KUL,2024-07-11 13:20,Suvarnabhumi Airport,BKK,2024-07-11 14:30,130,THAI,Economy,370,Y,155.0,,223.0,Y,Y,N,1,7,1,25,Thursday,False,False,False,Yangon International Airport,RGN
Kuala Lumpur International Airport,KUL,2024-07-11 12:05,Yangon International Airport,RGN,2024-07-11 13:20,165,MAI,Economy,165,N,,,,Y,Y,Y,1,7,1,30,Thursday,False,False,False,Yangon International Airport,RGN
Kuala Lumpur International Airport,KUL,2024-07-12 09:10,Yangon International Airport,RGN,2024-07-12 10:25,165,Malaysia Airlines,Economy,165,N,,,129.0,Y,Y,Y,1,7,1,10,Friday,False,False,False,Yangon International Airport,RGN
Kuala Lumpur International Airport,KUL,2024-07-12 13:20,Suvarnabhumi Airport,BKK,2024-07-12 14:30,130,THAI,Economy,370,Y,155.0,,238.0,Y,Y,N,1,7,1,25,Friday,False,False,False,Yangon International Airport,RGN
Kuala Lumpur International Airport,KUL,2024-07-12 12:05,Yangon International Airport,RGN,2024-07-12 13:20,165,MAI,Economy,165,N,,,,Y,Y,Y,1,7,1,30,Friday,False,False,False,Yangon International Airport,RGN
Kuala Lumpur International Airport,KUL,2024-07-13 18:00,Yangon International Airport,RGN,2024-07-13 19:10,160,AirAsia,Economy,160,N,,,48.0,Y,N,N,1,7,0,0,Saturday,False,False,False,Yangon International Airport,RGN
Kuala Lumpur International Airport,KUL,2024-07-13 09:10,Yangon International Airport,RGN,2024-07-13 10:25,165,Malaysia Airlines,Economy,165,N,,,129.0,Y,Y,Y,1,7,1,10,Saturday,False,False,False,Yangon International Airport,RGN
Kuala Lumpur International Airport,KUL,2024-07-13 13:20,Suvarnabhumi Airport,BKK,2024-07-13 14:30,130,THAI,Economy,370,Y,155.0,,223.0,Y,Y,N,1,7,1,25,Saturday,False,False,False,Yangon International Airport,RGN
Kuala Lumpur International Airport,KUL,2024-07-13 12:05,Yangon International Airport,RGN,2024-07-13 13:20,165,MAI,Economy,165,N,,,,Y,Y,Y,1,7,1,30,Saturday,False,False,False,Yangon International Airport,RGN
Kuala Lumpur International Airport,KUL,2024-07-14 09:10,Yangon International Airport,RGN,2024-07-14 10:25,165,Malaysia Airlines,Economy,165,N,,,129.0,Y,Y,Y,1,7,1,10,Sunday,False,False,False,Yangon International Airport,RGN
Kuala Lumpur International Airport,KUL,2024-07-14 13:20,Suvarnabhumi Airport,BKK,2024-07-14 14:30,130,THAI,Economy,370,Y,155.0,,247.0,Y,Y,N,1,7,1,25,Sunday,False,False,False,Yangon International Airport,RGN
Kuala Lumpur International Airport,KUL,2024-07-14 12:05,Yangon International Airport,RGN,2024-07-14 13:20,165,MAI,Economy,165,N,,,,Y,Y,Y,1,7,1,30,Sunday,False,False,False,Yangon International Airport,RGN
Kuala Lumpur International Airport,KUL,2024-07-15 09:10,Yangon International Airport,RGN,2024-07-15 10:25,165,Malaysia Airlines,Economy,165,N,,,129.0,Y,Y,Y,1,7,1,10,Monday,False,False,False,Yangon International Airport,RGN
Kuala Lumpur International Airport,KUL,2024-07-15 13:20,Suvarnabhumi Airport,BKK,2024-07-15 14:30,130,THAI,Economy,370,Y,155.0,,337.0,Y,Y,N,1,7,1,25,Monday,False,False,False,Yangon International Airport,RGN
Kuala Lumpur International Airport,KUL,2024-07-15 02:20,Guangzhou Baiyun International Airport,CAN,2024-07-15 06:25,245,China Southern,Economy,565,Y,115.0,,377.0,Y,Y,Y,1,8,1,23,Monday,False,False,False,Yangon International Airport,RGN
Kuala Lumpur International Airport,KUL,2024-07-15 12:05,Yangon International Airport,RGN,2024-07-15 13:20,165,MAI,Economy,165,N,,,,Y,Y,Y,1,7,1,30,Monday,False,False,False,Yangon International Airport,RGN
Kuala Lumpur International Airport,KUL,2024-07-16 18:00,Yangon International Airport,RGN,2024-07-16 19:10,160,AirAsia,Economy,160,N,,,48.0,Y,N,N,1,7,0,0,Tuesday,False,False,False,Yangon International Airport,RGN
Kuala Lumpur International Airport,KUL,2024-07-16 09:10,Yangon International Airport,RGN,2024-07-16 10:25,165,Malaysia Airlines,Economy,165,N,,,129.0,Y,Y,Y,1,7,1,10,Tuesday,False,False,False,Yangon International Airport,RGN
Kuala Lumpur International Airport,KUL,2024-07-16 13:20,Suvarnabhumi Airport,BKK,2024-07-16 14:30,130,THAI,Economy,370,Y,155.0,,223.0,Y,Y,N,1,7,1,25,Tuesday,False,False,False,Yangon International Airport,RGN
Kuala Lumpur International Airport,KUL,2024-07-16 12:05,Yangon International Airport,RGN,2024-07-16 13:20,165,MAI,Economy,165,N,,,,Y,Y,Y,1,7,1,30,Tuesday,False,False,False,Yangon International Airport,RGN
Kuala Lumpur International Airport,KUL,2024-07-17 09:10,Yangon International Airport,RGN,2024-07-17 10:25,165,Malaysia Airlines,Economy,165,N,,,129.0,Y,Y,Y,1,7,1,10,Wednesday,False,False,False,Yangon International Airport,RGN
Kuala Lumpur International Airport,KUL,2024-07-17 13:20,Suvarnabhumi Airport,BKK,2024-07-17 14:30,130,THAI,Economy,370,Y,155.0,,223.0,Y,Y,N,1,7,1,25,Wednesday,False,False,False,Yangon International Airport,RGN
Kuala Lumpur International Airport,KUL,2024-07-17 02:20,Guangzhou Baiyun International Airport,CAN,2024-07-17 06:25,245,China Southern,Economy,565,Y,115.0,,377.0,Y,Y,Y,1,8,1,23,Wednesday,False,False,False,Yangon International Airport,RGN
Kuala Lumpur International Airport,KUL,2024-07-17 12:05,Yangon International Airport,RGN,2024-07-17 13:20,165,MAI,Economy,165,N,,,,Y,Y,Y,1,7,1,30,Wednesday,False,False,False,Yangon International Airport,RGN
Kuala Lumpur International Airport,KUL,2024-07-18 18:00,Yangon International Airport,RGN,2024-07-18 19:10,160,AirAsia,Economy,160,N,,,48.0,Y,N,N,1,7,0,0,Thursday,False,False,False,Yangon International Airport,RGN
Kuala Lumpur International Airport,KUL,2024-07-18 09:10,Yangon International Airport,RGN,2024-07-18 10:25,165,Malaysia Airlines,Economy,165,N,,,129.0,Y,Y,Y,1,7,1,10,Thursday,False,False,False,Yangon International Airport,RGN
Kuala Lumpur International Airport,KUL,2024-07-18 12:05,Yangon International Airport,RGN,2024-07-18 13:20,165,MAI,Economy,165,N,,,,Y,Y,Y,1,7,1,30,Thursday,False,False,False,Yangon International Airport,RGN
Kuala Lumpur International Airport,KUL,2024-07-19 09:10,Yangon International Airport,RGN,2024-07-19 10:25,165,Malaysia Airlines,Economy,165,N,,,129.0,Y,Y,Y,1,7,1,10,Friday,False,True,False,Yangon International Airport,RGN
Kuala Lumpur International Airport,KUL,2024-07-19 13:20,Suvarnabhumi Airport,BKK,2024-07-19 14:30,130,THAI,Economy,370,Y,155.0,,380.0,Y,Y,N,1,7,1,25,Friday,False,True,False,Yangon International Airport,RGN
Kuala Lumpur International Airport,KUL,2024-07-19 12:05,Yangon International Airport,RGN,2024-07-19 13:20,165,MAI,Economy,165,N,,,,Y,Y,Y,1,7,1,30,Friday,False,True,False,Yangon International Airport,RGN
Kuala Lumpur International Airport,KUL,2024-07-20 18:00,Yangon International Airport,RGN,2024-07-20 19:10,160,AirAsia,Economy,160,N,,,48.0,Y,N,N,1,7,0,0,Saturday,False,True,False,Yangon International Airport,RGN
Kuala Lumpur International Airport,KUL,2024-07-20 09:10,Yangon International Airport,RGN,2024-07-20 10:25,165,Malaysia Airlines,Economy,165,N,,,129.0,Y,Y,Y,1,7,1,10,Saturday,False,True,False,Yangon International Airport,RGN
Kuala Lumpur International Airport,KUL,2024-07-20 12:05,Yangon International Airport,RGN,2024-07-20 13:20,165,MAI,Economy,165,N,,,,Y,Y,Y,1,7,1,30,Saturday,False,True,False,Yangon International Airport,RGN
Kuala Lumpur International Airport,KUL,2024-07-21 09:10,Yangon International Airport,RGN,2024-07-21 10:25,165,Malaysia Airlines,Economy,165,N,,,129.0,Y,Y,Y,1,7,1,10,Sunday,False,False,False,Yangon International Airport,RGN
Kuala Lumpur International Airport,KUL,2024-07-21 13:20,Suvarnabhumi Airport,BKK,2024-07-21 14:30,130,THAI,Economy,370,Y,155.0,,301.0,Y,Y,N,1,7,1,25,Sunday,False,False,False,Yangon International Airport,RGN
Kuala Lumpur International Airport,KUL,2024-07-21 12:05,Yangon International Airport,RGN,2024-07-21 13:20,165,MAI,Economy,165,N,,,,Y,Y,Y,1,7,1,30,Sunday,False,False,False,Yangon International Airport,RGN
Kuala Lumpur International Airport,KUL,2024-07-22 09:10,Yangon International Airport,RGN,2024-07-22 10:25,165,Malaysia Airlines,Economy,165,N,,,129.0,Y,Y,Y,1,7,1,10,Monday,False,False,False,Yangon International Airport,RGN
Kuala Lumpur International Airport,KUL,2024-07-22 13:20,Suvarnabhumi Airport,BKK,2024-07-22 14:30,130,THAI,Economy,370,Y,155.0,,337.0,Y,Y,N,1,7,1,25,Monday,False,False,False,Yangon International Airport,RGN
Kuala Lumpur International Airport,KUL,2024-07-22 02:20,Guangzhou Baiyun International Airport,CAN,2024-07-22 06:25,245,China Southern,Economy,565,Y,115.0,,377.0,Y,Y,Y,1,8,1,23,Monday,False,False,False,Yangon International Airport,RGN
Kuala Lumpur International Airport,KUL,2024-07-22 12:05,Yangon International Airport,RGN,2024-07-22 13:20,165,MAI,Economy,165,N,,,,Y,Y,Y,1,7,1,30,Monday,False,False,False,Yangon International Airport,RGN
Kuala Lumpur International Airport,KUL,2024-07-23 18:00,Yangon International Airport,RGN,2024-07-23 19:10,160,AirAsia,Economy,160,N,,,48.0,Y,N,N,1,7,0,0,Tuesday,False,False,False,Yangon International Airport,RGN
Kuala Lumpur International Airport,KUL,2024-07-23 09:10,Yangon International Airport,RGN,2024-07-23 10:25,165,Malaysia Airlines,Economy,165,N,,,129.0,Y,Y,Y,1,7,1,10,Tuesday,False,False,False,Yangon International Airport,RGN
Kuala Lumpur International Airport,KUL,2024-07-23 13:20,Suvarnabhumi Airport,BKK,2024-07-23 14:30,130,THAI,Economy,370,Y,155.0,,223.0,Y,Y,N,1,7,1,25,Tuesday,False,False,False,Yangon International Airport,RGN
Kuala Lumpur International Airport,KUL,2024-07-23 12:05,Yangon International Airport,RGN,2024-07-23 13:20,165,MAI,Economy,165,N,,,,Y,Y,Y,1,7,1,30,Tuesday,False,False,False,Yangon International Airport,RGN
Kuala Lumpur International Airport,KUL,2024-07-24 09:10,Yangon International Airport,RGN,2024-07-24 10:25,165,Malaysia Airlines,Economy,165,N,,,129.0,Y,Y,Y,1,7,1,10,Wednesday,False,False,False,Yangon International Airport,RGN
Kuala Lumpur International Airport,KUL,2024-07-24 13:20,Suvarnabhumi Airport,BKK,2024-07-24 14:30,130,THAI,Economy,370,Y,155.0,,223.0,Y,Y,N,1,7,1,25,Wednesday,False,False,False,Yangon International Airport,RGN
Kuala Lumpur International Airport,KUL,2024-07-24 02:20,Guangzhou Baiyun International Airport,CAN,2024-07-24 06:25,245,China Southern,Economy,565,Y,115.0,,377.0,Y,Y,Y,1,8,1,23,Wednesday,False,False,False,Yangon International Airport,RGN
Kuala Lumpur International Airport,KUL,2024-07-24 12:05,Yangon International Airport,RGN,2024-07-24 13:20,165,MAI,Economy,165,N,,,,Y,Y,Y,1,7,1,30,Wednesday,False,False,False,Yangon International Airport,RGN
Kuala Lumpur International Airport,KUL,2024-07-25 18:00,Yangon International Airport,RGN,2024-07-25 19:10,160,AirAsia,Economy,160,N,,,48.0,Y,N,N,1,7,0,0,Thursday,False,False,False,Yangon International Airport,RGN
Kuala Lumpur International Airport,KUL,2024-07-25 09:10,Yangon International Airport,RGN,2024-07-25 10:25,165,Malaysia Airlines,Economy,165,N,,,129.0,Y,Y,Y,1,7,1,10,Thursday,False,False,False,Yangon International Airport,RGN
Kuala Lumpur International Airport,KUL,2024-07-25 13:20,Suvarnabhumi Airport,BKK,2024-07-25 14:30,130,THAI,Economy,370,Y,155.0,,223.0,Y,Y,N,1,7,1,25,Thursday,False,False,False,Yangon International Airport,RGN
Kuala Lumpur International Airport,KUL,2024-07-25 12:05,Yangon International Airport,RGN,2024-07-25 13:20,165,MAI,Economy,165,N,,,,Y,Y,Y,1,7,1,30,Thursday,False,False,False,Yangon International Airport,RGN
Kuala Lumpur International Airport,KUL,2024-07-26 09:10,Yangon International Airport,RGN,2024-07-26 10:25,165,Malaysia Airlines,Economy,165,N,,,129.0,Y,Y,Y,1,7,1,10,Friday,False,False,False,Yangon International Airport,RGN
Kuala Lumpur International Airport,KUL,2024-07-26 13:20,Suvarnabhumi Airport,BKK,2024-07-26 14:30,130,THAI,Economy,370,Y,155.0,,223.0,Y,Y,N,1,7,1,25,Friday,False,False,False,Yangon International Airport,RGN
Kuala Lumpur International Airport,KUL,2024-07-26 12:05,Yangon International Airport,RGN,2024-07-26 13:20,165,MAI,Economy,165,N,,,,Y,Y,Y,1,7,1,30,Friday,False,False,False,Yangon International Airport,RGN
Kuala Lumpur International Airport,KUL,2024-07-27 18:00,Yangon International Airport,RGN,2024-07-27 19:10,160,AirAsia,Economy,160,N,,,48.0,Y,N,N,1,7,0,0,Saturday,False,False,False,Yangon International Airport,RGN
Kuala Lumpur International Airport,KUL,2024-07-27 09:10,Yangon International Airport,RGN,2024-07-27 10:25,165,Malaysia Airlines,Economy,165,N,,,129.0,Y,Y,Y,1,7,1,10,Saturday,False,False,False,Yangon International Airport,RGN
Kuala Lumpur International Airport,KUL,2024-07-27 13:20,Suvarnabhumi Airport,BKK,2024-07-27 14:30,130,THAI,Economy,370,Y,155.0,,223.0,Y,Y,N,1,7,1,25,Saturday,False,False,False,Yangon International Airport,RGN
Kuala Lumpur International Airport,KUL,2024-07-27 12:05,Yangon International Airport,RGN,2024-07-27 13:20,165,MAI,Economy,165,N,,,,Y,Y,Y,1,7,1,30,Saturday,False,False,False,Yangon International Airport,RGN
Kuala Lumpur International Airport,KUL,2024-07-28 09:10,Yangon International Airport,RGN,2024-07-28 10:25,165,Malaysia Airlines,Economy,165,N,,,129.0,Y,Y,Y,1,7,1,10,Sunday,False,False,False,Yangon International Airport,RGN
Kuala Lumpur International Airport,KUL,2024-07-28 13:20,Suvarnabhumi Airport,BKK,2024-07-28 14:30,130,THAI,Economy,370,Y,155.0,,247.0,Y,Y,N,1,7,1,25,Sunday,False,False,False,Yangon International Airport,RGN
Kuala Lumpur International Airport,KUL,2024-07-28 12:05,Yangon International Airport,RGN,2024-07-28 13:20,165,MAI,Economy,165,N,,,,Y,Y,Y,1,7,1,30,Sunday,False,False,False,Yangon International Airport,RGN
Kuala Lumpur International Airport,KUL,2024-07-29 09:10,Yangon International Airport,RGN,2024-07-29 10:25,165,Malaysia Airlines,Economy,165,N,,,129.0,Y,Y,Y,1,7,1,10,Monday,False,False,False,Yangon International Airport,RGN
Kuala Lumpur International Airport,KUL,2024-07-29 13:20,Suvarnabhumi Airport,BKK,2024-07-29 14:30,130,THAI,Economy,370,Y,155.0,,223.0,Y,Y,N,1,7,1,25,Monday,False,False,False,Yangon International Airport,RGN
Kuala Lumpur International Airport,KUL,2024-07-29 02:20,Guangzhou Baiyun International Airport,CAN,2024-07-29 06:25,245,China Southern,Economy,565,Y,115.0,,377.0,Y,Y,Y,1,8,1,23,Monday,False,False,False,Yangon International Airport,RGN
Kuala Lumpur International Airport,KUL,2024-07-29 12:05,Yangon International Airport,RGN,2024-07-29 13:20,165,MAI,Economy,165,N,,,,Y,Y,Y,1,7,1,30,Monday,False,False,False,Yangon International Airport,RGN
Kuala Lumpur International Airport,KUL,2024-07-30 18:00,Yangon International Airport,RGN,2024-07-30 19:10,160,AirAsia,Economy,160,N,,,48.0,Y,N,N,1,7,0,0,Tuesday,False,False,False,Yangon International Airport,RGN
Kuala Lumpur International Airport,KUL,2024-07-30 09:10,Yangon International Airport,RGN,2024-07-30 10:25,165,Malaysia Airlines,Economy,165,N,,,129.0,Y,Y,Y,1,7,1,10,Tuesday,False,False,False,Yangon International Airport,RGN
Kuala Lumpur International Airport,KUL,2024-07-30 13:20,Suvarnabhumi Airport,BKK,2024-07-30 14:30,130,THAI,Economy,370,Y,155.0,,223.0,Y,Y,N,1,7,1,25,Tuesday,False,False,False,Yangon International Airport,RGN
Kuala Lumpur International Airport,KUL,2024-07-30 12:05,Yangon International Airport,RGN,2024-07-30 13:20,165,MAI,Economy,165,N,,,,Y,Y,Y,1,7,1,30,Tuesday,False,False,False,Yangon International Airport,RGN
Kuala Lumpur International Airport,KUL,2024-07-31 09:10,Yangon International Airport,RGN,2024-07-31 10:25,165,Malaysia Airlines,Economy,165,N,,,129.0,Y,Y,Y,1,7,1,10,Wednesday,False,False,False,Yangon International Airport,RGN
Kuala Lumpur International Airport,KUL,2024-07-31 13:20,Suvarnabhumi Airport,BKK,2024-07-31 14:30,130,THAI,Economy,370,Y,155.0,,223.0,Y,Y,N,1,7,1,25,Wednesday,False,False,False,Yangon International Airport,RGN
Kuala Lumpur International Airport,KUL,2024-07-31 12:05,Yangon International Airport,RGN,2024-07-31 13:20,165,MAI,Economy,165,N,,,,Y,Y,Y,1,7,1,30,Wednesday,False,False,False,Yangon International Airport,RGN
