Departure Airport Name,Departure Airport ID,Departure Time,Arrival Airport Name,Arrival Airport ID,Arrival Time,Duration,Airline,Travel Class,Total Duration,Layover 1 Duration,Layover 1 Overnight,Price, Cabin Baggage, Checked Baggage,Meal Included,Cabin Baggage (Number),Cabin Baggage (kg per piece),Checked Baggage (Number),Checked Baggage (kg per piece) ,Day of Week (on flight date),Departure Country Is Holiday,Arrival Country Is Holiday,Overnight Flight,Final Arrival Airport Name,Final Arrival Airport ID
Ninoy Aquino International Airport,MNL,2024-07-01 21:35,Brunei International Airport,BWN,2024-07-01 23:40,125,Royal Brunei,Economy,125,,,145,Y,Y,Y,1,7,1,20,Monday,False,False,False,Brunei International Airport,BWN
Ninoy Aquino International Airport,MNL,2024-07-01 18:30,Singapore Changi Airport,SIN,2024-07-01 22:20,230,Singapore Airlines,Economy,1000,640.0,True,417,Y,Y,Y,1,7,1,23,Monday,False,False,False,Brunei International Airport,BWN
Ninoy Aquino International Airport,MNL,2024-07-01 06:30,Kuala Lumpur International Airport,KUL,2024-07-01 10:15,225,Philippine Airlines,Economy,485,115.0,,913,Y,Y,Y,1,7,1,30,Monday,False,False,False,Brunei International Airport,BWN
Ninoy Aquino International Airport,MNL,2024-07-02 20:25,Brunei International Airport,BWN,2024-07-02 22:55,150,Cebu Pacific,Economy,150,,,74,Y,N,N,1,7,0,0,Tuesday,False,False,False,Brunei International Airport,BWN
Ninoy Aquino International Airport,MNL,2024-07-02 18:30,Singapore Changi Airport,SIN,2024-07-02 22:20,230,Singapore Airlines,Economy,1230,865.0,True,322,Y,Y,Y,1,7,1,23,Tuesday,False,False,False,Brunei International Airport,BWN
Ninoy Aquino International Airport,MNL,2024-07-02 19:35,Singapore Changi Airport,SIN,2024-07-02 23:15,220,Scoot,Economy,1165,810.0,True,934,Y,N,N,1,7,0,0,Tuesday,False,False,False,Brunei International Airport,BWN
Ninoy Aquino International Airport,MNL,2024-07-02 15:05,Kuala Lumpur International Airport,KUL,2024-07-02 19:00,235,Malaysia Airlines,Economy,515,135.0,,942,Y,Y,Y,1,7,1,23,Tuesday,False,False,False,Brunei International Airport,BWN
Ninoy Aquino International Airport,MNL,2024-07-03 15:00,Brunei International Airport,BWN,2024-07-03 17:05,125,Royal Brunei,Economy,125,,,170,Y,Y,Y,1,7,1,20,Wednesday,False,False,False,Brunei International Airport,BWN
Ninoy Aquino International Airport,MNL,2024-07-03 07:40,Singapore Changi Airport,SIN,2024-07-03 11:20,220,Singapore Airlines,Economy,440,85.0,,468,Y,Y,Y,1,7,1,23,Wednesday,False,False,False,Brunei International Airport,BWN
Ninoy Aquino International Airport,MNL,2024-07-03 15:05,Kuala Lumpur International Airport,KUL,2024-07-03 19:00,235,Malaysia Airlines,Economy,515,135.0,,640,Y,Y,Y,1,7,1,23,Wednesday,False,False,False,Brunei International Airport,BWN
Ninoy Aquino International Airport,MNL,2024-07-03 18:30,Singapore Changi Airport,SIN,2024-07-03 22:20,230,Singapore Airlines,Economy,1000,640.0,True,322,Y,Y,Y,1,7,1,23,Wednesday,False,False,False,Brunei International Airport,BWN
Ninoy Aquino International Airport,MNL,2024-07-03 19:35,Singapore Changi Airport,SIN,2024-07-03 23:15,220,Scoot,Economy,935,585.0,True,357,Y,N,N,1,7,0,0,Wednesday,False,False,False,Brunei International Airport,BWN
Ninoy Aquino International Airport,MNL,2024-07-03 06:50,Kuala Lumpur International Airport,KUL,2024-07-03 10:35,225,Malaysia Airlines,Economy,1905,1535.0,True,378,Y,Y,Y,1,7,1,23,Wednesday,False,False,False,Brunei International Airport,BWN
Ninoy Aquino International Airport,MNL,2024-07-03 15:05,Kuala Lumpur International Airport,KUL,2024-07-03 19:00,235,Malaysia Airlines,Economy,1410,1030.0,True,619,Y,Y,Y,1,7,1,23,Wednesday,False,False,False,Brunei International Airport,BWN
Ninoy Aquino International Airport,MNL,2024-07-03 06:55,Singapore Changi Airport,SIN,2024-07-03 10:30,215,Scoot,Economy,485,135.0,,934,Y,N,N,1,7,0,0,Wednesday,False,False,False,Brunei International Airport,BWN
Ninoy Aquino International Airport,MNL,2024-07-04 20:25,Brunei International Airport,BWN,2024-07-04 22:55,150,Cebu Pacific,Economy,150,,,74,Y,N,N,1,7,0,0,Thursday,False,False,False,Brunei International Airport,BWN
Ninoy Aquino International Airport,MNL,2024-07-04 21:35,Brunei International Airport,BWN,2024-07-04 23:40,125,Royal Brunei,Economy,125,,,145,Y,Y,Y,1,7,1,20,Thursday,False,False,False,Brunei International Airport,BWN
Ninoy Aquino International Airport,MNL,2024-07-05 21:35,Brunei International Airport,BWN,2024-07-05 23:40,125,Royal Brunei,Economy,125,,,145,Y,Y,Y,1,7,1,20,Friday,False,False,False,Brunei International Airport,BWN
Ninoy Aquino International Airport,MNL,2024-07-05 07:40,Singapore Changi Airport,SIN,2024-07-05 11:20,220,Singapore Airlines,Economy,440,85.0,,357,Y,Y,Y,1,7,1,23,Friday,False,False,False,Brunei International Airport,BWN
Ninoy Aquino International Airport,MNL,2024-07-05 06:30,Kuala Lumpur International Airport,KUL,2024-07-05 10:15,225,Philippine Airlines,Economy,485,115.0,,668,Y,Y,Y,1,7,1,30,Friday,False,False,False,Brunei International Airport,BWN
Ninoy Aquino International Airport,MNL,2024-07-05 06:55,Singapore Changi Airport,SIN,2024-07-05 10:30,215,Scoot,Economy,485,135.0,,788,Y,N,N,1,7,0,0,Friday,False,False,False,Brunei International Airport,BWN
Ninoy Aquino International Airport,MNL,2024-07-06 20:25,Brunei International Airport,BWN,2024-07-06 22:55,150,Cebu Pacific,Economy,150,,,65,Y,N,N,1,7,0,0,Saturday,False,False,False,Brunei International Airport,BWN
Ninoy Aquino International Airport,MNL,2024-07-06 15:00,Brunei International Airport,BWN,2024-07-06 17:05,125,Royal Brunei,Economy,125,,,170,Y,Y,Y,1,7,1,20,Saturday,False,False,False,Brunei International Airport,BWN
Ninoy Aquino International Airport,MNL,2024-07-06 19:35,Singapore Changi Airport,SIN,2024-07-06 23:15,220,Scoot,Economy,1165,810.0,True,322,Y,N,N,1,7,0,0,Saturday,False,False,False,Brunei International Airport,BWN
Ninoy Aquino International Airport,MNL,2024-07-06 21:15,Kuala Lumpur International Airport,KUL,2024-07-07 01:10,235,Philippine Airlines,Economy,1040,660.0,True,668,Y,Y,Y,1,7,1,30,Saturday,False,False,True,Brunei International Airport,BWN
Ninoy Aquino International Airport,MNL,2024-07-07 20:25,Brunei International Airport,BWN,2024-07-07 22:55,150,Cebu Pacific,Economy,150,,,48,Y,N,N,1,7,0,0,Sunday,False,False,False,Brunei International Airport,BWN
Ninoy Aquino International Airport,MNL,2024-07-07 07:40,Singapore Changi Airport,SIN,2024-07-07 11:20,220,Singapore Airlines,Economy,440,85.0,,357,Y,Y,Y,1,7,1,23,Sunday,False,False,False,Brunei International Airport,BWN
Ninoy Aquino International Airport,MNL,2024-07-07 15:05,Kuala Lumpur International Airport,KUL,2024-07-07 19:00,235,Malaysia Airlines,Economy,515,135.0,,391,Y,Y,Y,1,7,1,23,Sunday,False,False,False,Brunei International Airport,BWN
Ninoy Aquino International Airport,MNL,2024-07-07 06:50,Kuala Lumpur International Airport,KUL,2024-07-07 10:35,225,Malaysia Airlines,Economy,465,95.0,,640,Y,Y,Y,1,7,1,23,Sunday,False,False,False,Brunei International Airport,BWN
Ninoy Aquino International Airport,MNL,2024-07-07 06:30,Kuala Lumpur International Airport,KUL,2024-07-07 10:15,225,Philippine Airlines,Economy,485,115.0,,668,Y,Y,Y,1,7,1,30,Sunday,False,False,False,Brunei International Airport,BWN
Ninoy Aquino International Airport,MNL,2024-07-07 06:55,Singapore Changi Airport,SIN,2024-07-07 10:30,215,Scoot,Economy,485,135.0,,788,Y,N,N,1,7,0,0,Sunday,False,False,False,Brunei International Airport,BWN
Ninoy Aquino International Airport,MNL,2024-07-08 21:35,Brunei International Airport,BWN,2024-07-08 23:40,125,Royal Brunei,Economy,125,,,170,Y,Y,Y,1,7,1,20,Monday,False,True,False,Brunei International Airport,BWN
Ninoy Aquino International Airport,MNL,2024-07-08 18:30,Singapore Changi Airport,SIN,2024-07-08 22:20,230,Singapore Airlines,Economy,1000,640.0,True,322,Y,Y,Y,1,7,1,23,Monday,False,True,False,Brunei International Airport,BWN
Ninoy Aquino International Airport,MNL,2024-07-09 20:25,Brunei International Airport,BWN,2024-07-09 22:55,150,Cebu Pacific,Economy,150,,,65,Y,N,N,1,7,0,0,Tuesday,False,False,False,Brunei International Airport,BWN
Ninoy Aquino International Airport,MNL,2024-07-09 19:35,Singapore Changi Airport,SIN,2024-07-09 23:15,220,Scoot,Economy,1165,810.0,True,322,Y,N,N,1,7,0,0,Tuesday,False,False,False,Brunei International Airport,BWN
Ninoy Aquino International Airport,MNL,2024-07-09 15:05,Kuala Lumpur International Airport,KUL,2024-07-09 19:00,235,Malaysia Airlines,Economy,515,135.0,,456,Y,Y,Y,1,7,1,23,Tuesday,False,False,False,Brunei International Airport,BWN
Ninoy Aquino International Airport,MNL,2024-07-10 15:00,Brunei International Airport,BWN,2024-07-10 17:05,125,Royal Brunei,Economy,125,,,170,Y,Y,Y,1,7,1,20,Wednesday,False,False,False,Brunei International Airport,BWN
Ninoy Aquino International Airport,MNL,2024-07-10 06:55,Singapore Changi Airport,SIN,2024-07-10 10:30,215,Scoot,Economy,485,135.0,,322,Y,N,N,1,7,0,0,Wednesday,False,False,False,Brunei International Airport,BWN
Ninoy Aquino International Airport,MNL,2024-07-10 07:40,Singapore Changi Airport,SIN,2024-07-10 11:20,220,Singapore Airlines,Economy,440,85.0,,322,Y,Y,Y,1,7,1,23,Wednesday,False,False,False,Brunei International Airport,BWN
Ninoy Aquino International Airport,MNL,2024-07-10 18:30,Singapore Changi Airport,SIN,2024-07-10 22:20,230,Singapore Airlines,Economy,1000,640.0,True,357,Y,Y,Y,1,7,1,23,Wednesday,False,False,False,Brunei International Airport,BWN
Ninoy Aquino International Airport,MNL,2024-07-10 15:05,Kuala Lumpur International Airport,KUL,2024-07-10 19:00,235,Malaysia Airlines,Economy,1410,1030.0,True,371,Y,Y,Y,1,7,1,23,Wednesday,False,False,False,Brunei International Airport,BWN
Ninoy Aquino International Airport,MNL,2024-07-10 15:05,Kuala Lumpur International Airport,KUL,2024-07-10 19:00,235,Malaysia Airlines,Economy,515,135.0,,456,Y,Y,Y,1,7,1,23,Wednesday,False,False,False,Brunei International Airport,BWN
Ninoy Aquino International Airport,MNL,2024-07-11 20:25,Brunei International Airport,BWN,2024-07-11 22:55,150,Cebu Pacific,Economy,150,,,74,Y,N,N,1,7,0,0,Thursday,False,False,False,Brunei International Airport,BWN
Ninoy Aquino International Airport,MNL,2024-07-11 21:35,Brunei International Airport,BWN,2024-07-11 23:40,125,Royal Brunei,Economy,125,,,145,Y,Y,Y,1,7,1,20,Thursday,False,False,False,Brunei International Airport,BWN
Ninoy Aquino International Airport,MNL,2024-07-12 21:35,Brunei International Airport,BWN,2024-07-12 23:40,125,Royal Brunei,Economy,125,,,145,Y,Y,Y,1,7,1,20,Friday,False,False,False,Brunei International Airport,BWN
Ninoy Aquino International Airport,MNL,2024-07-12 07:40,Singapore Changi Airport,SIN,2024-07-12 11:20,220,Singapore Airlines,Economy,440,85.0,,322,Y,Y,Y,1,7,1,23,Friday,False,False,False,Brunei International Airport,BWN
Ninoy Aquino International Airport,MNL,2024-07-12 06:30,Kuala Lumpur International Airport,KUL,2024-07-12 10:15,225,Philippine Airlines,Economy,485,115.0,,634,Y,Y,Y,1,7,1,30,Friday,False,False,False,Brunei International Airport,BWN
Ninoy Aquino International Airport,MNL,2024-07-12 06:55,Singapore Changi Airport,SIN,2024-07-12 10:30,215,Scoot,Economy,485,135.0,,638,Y,N,N,1,7,0,0,Friday,False,False,False,Brunei International Airport,BWN
Ninoy Aquino International Airport,MNL,2024-07-13 20:25,Brunei International Airport,BWN,2024-07-13 22:55,150,Cebu Pacific,Economy,150,,,74,Y,N,N,1,7,0,0,Saturday,False,False,False,Brunei International Airport,BWN
Ninoy Aquino International Airport,MNL,2024-07-13 15:00,Brunei International Airport,BWN,2024-07-13 17:05,125,Royal Brunei,Economy,125,,,195,Y,Y,Y,1,7,1,20,Saturday,False,False,False,Brunei International Airport,BWN
Ninoy Aquino International Airport,MNL,2024-07-13 18:30,Singapore Changi Airport,SIN,2024-07-13 22:20,230,Singapore Airlines,Economy,1230,865.0,True,468,Y,Y,Y,1,7,1,23,Saturday,False,False,False,Brunei International Airport,BWN
Ninoy Aquino International Airport,MNL,2024-07-13 21:15,Kuala Lumpur International Airport,KUL,2024-07-14 01:10,235,Philippine Airlines,Economy,1040,660.0,True,913,Y,Y,Y,1,7,1,30,Saturday,False,False,True,Brunei International Airport,BWN
Ninoy Aquino International Airport,MNL,2024-07-14 20:25,Brunei International Airport,BWN,2024-07-14 22:55,150,Cebu Pacific,Economy,150,,,48,Y,N,N,1,7,0,0,Sunday,False,False,False,Brunei International Airport,BWN
Ninoy Aquino International Airport,MNL,2024-07-14 18:30,Singapore Changi Airport,SIN,2024-07-14 22:20,230,Singapore Airlines,Economy,1000,640.0,True,417,Y,Y,Y,1,7,1,23,Sunday,False,False,False,Brunei International Airport,BWN
Ninoy Aquino International Airport,MNL,2024-07-14 07:40,Singapore Changi Airport,SIN,2024-07-14 11:20,220,Singapore Airlines,Economy,440,85.0,,468,Y,Y,Y,1,7,1,23,Sunday,False,False,False,Brunei International Airport,BWN
Ninoy Aquino International Airport,MNL,2024-07-14 06:55,Singapore Changi Airport,SIN,2024-07-14 10:30,215,Scoot,Economy,485,135.0,,638,Y,N,N,1,7,0,0,Sunday,False,False,False,Brunei International Airport,BWN
Ninoy Aquino International Airport,MNL,2024-07-14 06:30,Kuala Lumpur International Airport,KUL,2024-07-14 10:15,225,Philippine Airlines,Economy,485,115.0,,913,Y,Y,Y,1,7,1,30,Sunday,False,False,False,Brunei International Airport,BWN
Ninoy Aquino International Airport,MNL,2024-07-15 21:35,Brunei International Airport,BWN,2024-07-15 23:40,125,Royal Brunei,Economy,125,,,170,Y,Y,Y,1,7,1,20,Monday,False,True,False,Brunei International Airport,BWN
Ninoy Aquino International Airport,MNL,2024-07-15 19:35,Singapore Changi Airport,SIN,2024-07-15 23:15,220,Scoot,Economy,935,585.0,True,322,Y,N,N,1,7,0,0,Monday,False,True,False,Brunei International Airport,BWN
Ninoy Aquino International Airport,MNL,2024-07-15 06:50,Kuala Lumpur International Airport,KUL,2024-07-15 10:35,225,Malaysia Airlines,Economy,465,95.0,,510,Y,Y,Y,1,7,1,23,Monday,False,True,False,Brunei International Airport,BWN
Ninoy Aquino International Airport,MNL,2024-07-16 20:25,Brunei International Airport,BWN,2024-07-16 22:55,150,Cebu Pacific,Economy,150,,,74,Y,N,N,1,7,0,0,Tuesday,False,False,False,Brunei International Airport,BWN
Ninoy Aquino International Airport,MNL,2024-07-16 19:35,Singapore Changi Airport,SIN,2024-07-16 23:15,220,Scoot,Economy,1165,810.0,True,322,Y,N,N,1,7,0,0,Tuesday,False,False,False,Brunei International Airport,BWN
Ninoy Aquino International Airport,MNL,2024-07-16 15:05,Kuala Lumpur International Airport,KUL,2024-07-16 19:00,235,Malaysia Airlines,Economy,515,135.0,,391,Y,Y,Y,1,7,1,23,Tuesday,False,False,False,Brunei International Airport,BWN
Ninoy Aquino International Airport,MNL,2024-07-17 15:00,Brunei International Airport,BWN,2024-07-17 17:05,125,Royal Brunei,Economy,125,,,195,Y,Y,Y,1,7,1,20,Wednesday,False,False,False,Brunei International Airport,BWN
Ninoy Aquino International Airport,MNL,2024-07-17 06:55,Singapore Changi Airport,SIN,2024-07-17 10:30,215,Scoot,Economy,485,135.0,,322,Y,N,N,1,7,0,0,Wednesday,False,False,False,Brunei International Airport,BWN
Ninoy Aquino International Airport,MNL,2024-07-17 07:40,Singapore Changi Airport,SIN,2024-07-17 11:20,220,Singapore Airlines,Economy,440,85.0,,357,Y,Y,Y,1,7,1,23,Wednesday,False,False,False,Brunei International Airport,BWN
Ninoy Aquino International Airport,MNL,2024-07-17 15:05,Kuala Lumpur International Airport,KUL,2024-07-17 19:00,235,Malaysia Airlines,Economy,515,135.0,,391,Y,Y,Y,1,7,1,23,Wednesday,False,False,False,Brunei International Airport,BWN
Ninoy Aquino International Airport,MNL,2024-07-17 18:30,Singapore Changi Airport,SIN,2024-07-17 22:20,230,Singapore Airlines,Economy,1000,640.0,True,357,Y,Y,Y,1,7,1,23,Wednesday,False,False,False,Brunei International Airport,BWN
Ninoy Aquino International Airport,MNL,2024-07-17 19:35,Singapore Changi Airport,SIN,2024-07-17 23:15,220,Scoot,Economy,935,585.0,True,357,Y,N,N,1,7,0,0,Wednesday,False,False,False,Brunei International Airport,BWN
Ninoy Aquino International Airport,MNL,2024-07-17 15:05,Kuala Lumpur International Airport,KUL,2024-07-17 19:00,235,Malaysia Airlines,Economy,1955,1575.0,True,361,Y,Y,Y,1,7,1,23,Wednesday,False,False,False,Brunei International Airport,BWN
Ninoy Aquino International Airport,MNL,2024-07-17 15:05,Kuala Lumpur International Airport,KUL,2024-07-17 19:00,235,Malaysia Airlines,Economy,1410,1030.0,True,371,Y,Y,Y,1,7,1,23,Wednesday,False,False,False,Brunei International Airport,BWN
Ninoy Aquino International Airport,MNL,2024-07-18 20:25,Brunei International Airport,BWN,2024-07-18 22:55,150,Cebu Pacific,Economy,150,,,48,Y,N,N,1,7,0,0,Thursday,False,False,False,Brunei International Airport,BWN
Ninoy Aquino International Airport,MNL,2024-07-18 21:35,Brunei International Airport,BWN,2024-07-18 23:40,125,Royal Brunei,Economy,125,,,151,Y,Y,Y,1,7,1,20,Thursday,False,False,False,Brunei International Airport,BWN
Ninoy Aquino International Airport,MNL,2024-07-18 19:35,Singapore Changi Airport,SIN,2024-07-18 23:15,220,Scoot,Economy,1165,810.0,True,322,Y,N,N,1,7,0,0,Thursday,False,False,False,Brunei International Airport,BWN
Ninoy Aquino International Airport,MNL,2024-07-18 06:50,Kuala Lumpur International Airport,KUL,2024-07-18 10:35,225,Malaysia Airlines,Economy,465,95.0,,342,Y,Y,Y,1,7,1,23,Thursday,False,False,False,Brunei International Airport,BWN
Ninoy Aquino International Airport,MNL,2024-07-19 21:35,Brunei International Airport,BWN,2024-07-19 23:40,125,Royal Brunei,Economy,125,,,151,Y,Y,Y,1,7,1,20,Friday,False,False,False,Brunei International Airport,BWN
Ninoy Aquino International Airport,MNL,2024-07-19 06:55,Singapore Changi Airport,SIN,2024-07-19 10:30,215,Scoot,Economy,485,135.0,,322,Y,N,N,1,7,0,0,Friday,False,False,False,Brunei International Airport,BWN
Ninoy Aquino International Airport,MNL,2024-07-19 07:40,Singapore Changi Airport,SIN,2024-07-19 11:20,220,Singapore Airlines,Economy,440,85.0,,322,Y,Y,Y,1,7,1,23,Friday,False,False,False,Brunei International Airport,BWN
Ninoy Aquino International Airport,MNL,2024-07-19 15:05,Kuala Lumpur International Airport,KUL,2024-07-19 19:00,235,Malaysia Airlines,Economy,515,135.0,,325,Y,Y,Y,1,7,1,23,Friday,False,False,False,Brunei International Airport,BWN
Ninoy Aquino International Airport,MNL,2024-07-19 06:30,Kuala Lumpur International Airport,KUL,2024-07-19 10:15,225,Philippine Airlines,Economy,485,115.0,,600,Y,Y,Y,1,7,1,30,Friday,False,False,False,Brunei International Airport,BWN
Ninoy Aquino International Airport,MNL,2024-07-20 06:50,Kuala Lumpur International Airport,KUL,2024-07-20 10:35,225,Malaysia Airlines,Economy,465,95.0,,358,Y,Y,Y,1,7,1,23,Saturday,False,False,False,Brunei International Airport,BWN
Ninoy Aquino International Airport,MNL,2024-07-20 18:30,Singapore Changi Airport,SIN,2024-07-20 22:20,230,Singapore Airlines,Economy,1230,865.0,True,468,Y,Y,Y,1,7,1,23,Saturday,False,False,False,Brunei International Airport,BWN
Ninoy Aquino International Airport,MNL,2024-07-20 21:15,Kuala Lumpur International Airport,KUL,2024-07-21 01:10,235,Philippine Airlines,Economy,1585,1205.0,True,670,Y,Y,Y,1,7,1,30,Saturday,False,False,True,Brunei International Airport,BWN
Ninoy Aquino International Airport,MNL,2024-07-20 12:50,Kuala Lumpur International Airport,KUL,2024-07-20 16:50,240,Malaysia Airlines,Economy,2090,1705.0,True,676,Y,Y,Y,1,7,1,23,Saturday,False,False,False,Brunei International Airport,BWN
Ninoy Aquino International Airport,MNL,2024-07-20 06:55,Singapore Changi Airport,SIN,2024-07-20 10:30,215,Scoot,Economy,1925,1575.0,True,680,Y,N,N,1,7,0,0,Saturday,False,False,False,Brunei International Airport,BWN
Ninoy Aquino International Airport,MNL,2024-07-20 21:15,Kuala Lumpur International Airport,KUL,2024-07-21 01:10,235,Philippine Airlines,Economy,1040,660.0,True,913,Y,Y,Y,1,7,1,30,Saturday,False,False,True,Brunei International Airport,BWN
Ninoy Aquino International Airport,MNL,2024-07-21 20:25,Brunei International Airport,BWN,2024-07-21 22:55,150,Cebu Pacific,Economy,150,,,84,Y,N,N,1,7,0,0,Sunday,False,False,False,Brunei International Airport,BWN
Ninoy Aquino International Airport,MNL,2024-07-21 19:35,Singapore Changi Airport,SIN,2024-07-21 23:15,220,Scoot,Economy,935,585.0,True,322,Y,N,N,1,7,0,0,Sunday,False,False,False,Brunei International Airport,BWN
Ninoy Aquino International Airport,MNL,2024-07-21 15:05,Kuala Lumpur International Airport,KUL,2024-07-21 19:00,235,Malaysia Airlines,Economy,515,135.0,,391,Y,Y,Y,1,7,1,23,Sunday,False,False,False,Brunei International Airport,BWN
Ninoy Aquino International Airport,MNL,2024-07-21 06:50,Kuala Lumpur International Airport,KUL,2024-07-21 10:35,225,Malaysia Airlines,Economy,465,95.0,,456,Y,Y,Y,1,7,1,23,Sunday,False,False,False,Brunei International Airport,BWN
Ninoy Aquino International Airport,MNL,2024-07-21 07:40,Singapore Changi Airport,SIN,2024-07-21 11:20,220,Singapore Airlines,Economy,440,85.0,,468,Y,Y,Y,1,7,1,23,Sunday,False,False,False,Brunei International Airport,BWN
Ninoy Aquino International Airport,MNL,2024-07-21 06:55,Singapore Changi Airport,SIN,2024-07-21 10:30,215,Scoot,Economy,485,135.0,,638,Y,N,N,1,7,0,0,Sunday,False,False,False,Brunei International Airport,BWN
Ninoy Aquino International Airport,MNL,2024-07-21 06:30,Kuala Lumpur International Airport,KUL,2024-07-21 10:15,225,Philippine Airlines,Economy,485,115.0,,913,Y,Y,Y,1,7,1,30,Sunday,False,False,False,Brunei International Airport,BWN
Ninoy Aquino International Airport,MNL,2024-07-22 21:35,Brunei International Airport,BWN,2024-07-22 23:40,125,Royal Brunei,Economy,125,,,145,Y,Y,Y,1,7,1,20,Monday,False,False,False,Brunei International Airport,BWN
Ninoy Aquino International Airport,MNL,2024-07-22 19:35,Singapore Changi Airport,SIN,2024-07-22 23:15,220,Scoot,Economy,935,585.0,True,322,Y,N,N,1,7,0,0,Monday,False,False,False,Brunei International Airport,BWN
Ninoy Aquino International Airport,MNL,2024-07-22 06:50,Kuala Lumpur International Airport,KUL,2024-07-22 10:35,225,Malaysia Airlines,Economy,465,95.0,,456,Y,Y,Y,1,7,1,23,Monday,False,False,False,Brunei International Airport,BWN
Ninoy Aquino International Airport,MNL,2024-07-22 06:30,Kuala Lumpur International Airport,KUL,2024-07-22 10:15,225,Philippine Airlines,Economy,485,115.0,,913,Y,Y,Y,1,7,1,30,Monday,False,False,False,Brunei International Airport,BWN
Ninoy Aquino International Airport,MNL,2024-07-23 20:25,Brunei International Airport,BWN,2024-07-23 22:55,150,Cebu Pacific,Economy,150,,,65,Y,N,N,1,7,0,0,Tuesday,False,False,False,Brunei International Airport,BWN
Ninoy Aquino International Airport,MNL,2024-07-23 19:35,Singapore Changi Airport,SIN,2024-07-23 23:15,220,Scoot,Economy,1165,810.0,True,322,Y,N,N,1,7,0,0,Tuesday,False,False,False,Brunei International Airport,BWN
Ninoy Aquino International Airport,MNL,2024-07-23 15:05,Kuala Lumpur International Airport,KUL,2024-07-23 19:00,235,Malaysia Airlines,Economy,515,135.0,,456,Y,Y,Y,1,7,1,23,Tuesday,False,False,False,Brunei International Airport,BWN
Ninoy Aquino International Airport,MNL,2024-07-24 15:00,Brunei International Airport,BWN,2024-07-24 17:05,125,Royal Brunei,Economy,125,,,145,Y,Y,Y,1,7,1,20,Wednesday,False,False,False,Brunei International Airport,BWN
Ninoy Aquino International Airport,MNL,2024-07-24 06:55,Singapore Changi Airport,SIN,2024-07-24 10:30,215,Scoot,Economy,485,135.0,,322,Y,N,N,1,7,0,0,Wednesday,False,False,False,Brunei International Airport,BWN
Ninoy Aquino International Airport,MNL,2024-07-24 07:40,Singapore Changi Airport,SIN,2024-07-24 11:20,220,Singapore Airlines,Economy,440,85.0,,322,Y,Y,Y,1,7,1,23,Wednesday,False,False,False,Brunei International Airport,BWN
Ninoy Aquino International Airport,MNL,2024-07-24 15:05,Kuala Lumpur International Airport,KUL,2024-07-24 19:00,235,Malaysia Airlines,Economy,515,135.0,,391,Y,Y,Y,1,7,1,23,Wednesday,False,False,False,Brunei International Airport,BWN
Ninoy Aquino International Airport,MNL,2024-07-24 18:30,Singapore Changi Airport,SIN,2024-07-24 22:20,230,Singapore Airlines,Economy,1000,640.0,True,322,Y,Y,Y,1,7,1,23,Wednesday,False,False,False,Brunei International Airport,BWN
Ninoy Aquino International Airport,MNL,2024-07-24 19:35,Singapore Changi Airport,SIN,2024-07-24 23:15,220,Scoot,Economy,935,585.0,True,322,Y,N,N,1,7,0,0,Wednesday,False,False,False,Brunei International Airport,BWN
Ninoy Aquino International Airport,MNL,2024-07-24 15:05,Kuala Lumpur International Airport,KUL,2024-07-24 19:00,235,Malaysia Airlines,Economy,1955,1575.0,True,378,Y,Y,Y,1,7,1,23,Wednesday,False,False,False,Brunei International Airport,BWN
Ninoy Aquino International Airport,MNL,2024-07-24 15:05,Kuala Lumpur International Airport,KUL,2024-07-24 19:00,235,Malaysia Airlines,Economy,1410,1030.0,True,387,Y,Y,Y,1,7,1,23,Wednesday,False,False,False,Brunei International Airport,BWN
Ninoy Aquino International Airport,MNL,2024-07-25 20:25,Brunei International Airport,BWN,2024-07-25 22:55,150,Cebu Pacific,Economy,150,,,48,Y,N,N,1,7,0,0,Thursday,False,False,False,Brunei International Airport,BWN
Ninoy Aquino International Airport,MNL,2024-07-25 21:35,Brunei International Airport,BWN,2024-07-25 23:40,125,Royal Brunei,Economy,125,,,145,Y,Y,Y,1,7,1,20,Thursday,False,False,False,Brunei International Airport,BWN
Ninoy Aquino International Airport,MNL,2024-07-25 06:50,Kuala Lumpur International Airport,KUL,2024-07-25 10:35,225,Malaysia Airlines,Economy,465,95.0,,358,Y,Y,Y,1,7,1,23,Thursday,False,False,False,Brunei International Airport,BWN
Ninoy Aquino International Airport,MNL,2024-07-26 21:35,Brunei International Airport,BWN,2024-07-26 23:40,125,Royal Brunei,Economy,125,,,145,Y,Y,Y,1,7,1,20,Friday,False,False,False,Brunei International Airport,BWN
Ninoy Aquino International Airport,MNL,2024-07-26 06:55,Singapore Changi Airport,SIN,2024-07-26 10:30,215,Scoot,Economy,485,135.0,,322,Y,N,N,1,7,0,0,Friday,False,False,False,Brunei International Airport,BWN
Ninoy Aquino International Airport,MNL,2024-07-26 07:40,Singapore Changi Airport,SIN,2024-07-26 11:20,220,Singapore Airlines,Economy,440,85.0,,357,Y,Y,Y,1,7,1,23,Friday,False,False,False,Brunei International Airport,BWN
Ninoy Aquino International Airport,MNL,2024-07-26 06:30,Kuala Lumpur International Airport,KUL,2024-07-26 10:15,225,Philippine Airlines,Economy,485,115.0,,668,Y,Y,Y,1,7,1,30,Friday,False,False,False,Brunei International Airport,BWN
Ninoy Aquino International Airport,MNL,2024-07-27 15:00,Brunei International Airport,BWN,2024-07-27 17:05,125,Royal Brunei,Economy,125,,,195,Y,Y,Y,1,7,1,20,Saturday,False,False,False,Brunei International Airport,BWN
Ninoy Aquino International Airport,MNL,2024-07-27 06:50,Kuala Lumpur International Airport,KUL,2024-07-27 10:35,225,Malaysia Airlines,Economy,465,95.0,,391,Y,Y,Y,1,7,1,23,Saturday,False,False,False,Brunei International Airport,BWN
Ninoy Aquino International Airport,MNL,2024-07-27 18:30,Singapore Changi Airport,SIN,2024-07-27 22:20,230,Singapore Airlines,Economy,1230,865.0,True,638,Y,Y,Y,1,7,1,23,Saturday,False,False,False,Brunei International Airport,BWN
Ninoy Aquino International Airport,MNL,2024-07-27 21:15,Kuala Lumpur International Airport,KUL,2024-07-28 01:10,235,Philippine Airlines,Economy,1585,1205.0,True,670,Y,Y,Y,1,7,1,30,Saturday,False,False,True,Brunei International Airport,BWN
Ninoy Aquino International Airport,MNL,2024-07-27 21:15,Kuala Lumpur International Airport,KUL,2024-07-28 01:10,235,Philippine Airlines,Economy,1040,660.0,True,913,Y,Y,Y,1,7,1,30,Saturday,False,False,True,Brunei International Airport,BWN
Ninoy Aquino International Airport,MNL,2024-07-28 20:25,Brunei International Airport,BWN,2024-07-28 22:55,150,Cebu Pacific,Economy,150,,,48,Y,N,N,1,7,0,0,Sunday,False,False,False,Brunei International Airport,BWN
Ninoy Aquino International Airport,MNL,2024-07-28 20:10,Singapore Changi Airport,SIN,2024-07-28 23:50,220,Scoot,Economy,900,550.0,True,322,Y,N,N,1,7,0,0,Sunday,False,False,False,Brunei International Airport,BWN
Ninoy Aquino International Airport,MNL,2024-07-28 06:50,Kuala Lumpur International Airport,KUL,2024-07-28 10:35,225,Malaysia Airlines,Economy,1010,640.0,,391,Y,Y,Y,1,7,1,23,Sunday,False,False,False,Brunei International Airport,BWN
Ninoy Aquino International Airport,MNL,2024-07-28 06:50,Kuala Lumpur International Airport,KUL,2024-07-28 10:35,225,Malaysia Airlines,Economy,465,95.0,,456,Y,Y,Y,1,7,1,23,Sunday,False,False,False,Brunei International Airport,BWN
Ninoy Aquino International Airport,MNL,2024-07-28 06:55,Singapore Changi Airport,SIN,2024-07-28 10:30,215,Scoot,Economy,485,135.0,,638,Y,N,N,1,7,0,0,Sunday,False,False,False,Brunei International Airport,BWN
Ninoy Aquino International Airport,MNL,2024-07-28 07:40,Singapore Changi Airport,SIN,2024-07-28 11:20,220,Singapore Airlines,Economy,440,85.0,,638,Y,Y,Y,1,7,1,23,Sunday,False,False,False,Brunei International Airport,BWN
Ninoy Aquino International Airport,MNL,2024-07-28 06:30,Kuala Lumpur International Airport,KUL,2024-07-28 10:15,225,Philippine Airlines,Economy,485,115.0,,913,Y,Y,Y,1,7,1,30,Sunday,False,False,False,Brunei International Airport,BWN
Ninoy Aquino International Airport,MNL,2024-07-29 21:35,Brunei International Airport,BWN,2024-07-29 23:40,125,Royal Brunei,Economy,125,,,145,Y,Y,Y,1,7,1,20,Monday,False,False,False,Brunei International Airport,BWN
Ninoy Aquino International Airport,MNL,2024-07-29 19:35,Singapore Changi Airport,SIN,2024-07-29 23:15,220,Scoot,Economy,935,585.0,True,357,Y,N,N,1,7,0,0,Monday,False,False,False,Brunei International Airport,BWN
Ninoy Aquino International Airport,MNL,2024-07-29 06:50,Kuala Lumpur International Airport,KUL,2024-07-29 10:35,225,Malaysia Airlines,Economy,465,95.0,,391,Y,Y,Y,1,7,1,23,Monday,False,False,False,Brunei International Airport,BWN
Ninoy Aquino International Airport,MNL,2024-07-29 06:30,Kuala Lumpur International Airport,KUL,2024-07-29 10:15,225,Philippine Airlines,Economy,485,115.0,,668,Y,Y,Y,1,7,1,30,Monday,False,False,False,Brunei International Airport,BWN
Ninoy Aquino International Airport,MNL,2024-07-30 20:25,Brunei International Airport,BWN,2024-07-30 22:55,150,Cebu Pacific,Economy,150,,,48,Y,N,N,1,7,0,0,Tuesday,False,False,False,Brunei International Airport,BWN
Ninoy Aquino International Airport,MNL,2024-07-30 18:30,Singapore Changi Airport,SIN,2024-07-30 22:20,230,Singapore Airlines,Economy,1230,865.0,True,322,Y,Y,Y,1,7,1,23,Tuesday,False,False,False,Brunei International Airport,BWN
Ninoy Aquino International Airport,MNL,2024-07-30 15:05,Kuala Lumpur International Airport,KUL,2024-07-30 19:00,235,Malaysia Airlines,Economy,515,135.0,,456,Y,Y,Y,1,7,1,23,Tuesday,False,False,False,Brunei International Airport,BWN
Ninoy Aquino International Airport,MNL,2024-07-31 15:00,Brunei International Airport,BWN,2024-07-31 17:05,125,Royal Brunei,Economy,125,,,145,Y,Y,Y,1,7,1,20,Wednesday,False,False,False,Brunei International Airport,BWN
Ninoy Aquino International Airport,MNL,2024-07-31 06:55,Singapore Changi Airport,SIN,2024-07-31 10:30,215,Scoot,Economy,485,135.0,,322,Y,N,N,1,7,0,0,Wednesday,False,False,False,Brunei International Airport,BWN
Ninoy Aquino International Airport,MNL,2024-07-31 07:40,Singapore Changi Airport,SIN,2024-07-31 11:20,220,Singapore Airlines,Economy,440,85.0,,322,Y,Y,Y,1,7,1,23,Wednesday,False,False,False,Brunei International Airport,BWN
Ninoy Aquino International Airport,MNL,2024-07-31 15:05,Kuala Lumpur International Airport,KUL,2024-07-31 19:00,235,Malaysia Airlines,Economy,515,135.0,,391,Y,Y,Y,1,7,1,23,Wednesday,False,False,False,Brunei International Airport,BWN
Ninoy Aquino International Airport,MNL,2024-07-31 18:30,Singapore Changi Airport,SIN,2024-07-31 22:20,230,Singapore Airlines,Economy,1000,640.0,True,322,Y,Y,Y,1,7,1,23,Wednesday,False,False,False,Brunei International Airport,BWN
Ninoy Aquino International Airport,MNL,2024-07-31 19:35,Singapore Changi Airport,SIN,2024-07-31 23:15,220,Scoot,Economy,935,585.0,True,322,Y,N,N,1,7,0,0,Wednesday,False,False,False,Brunei International Airport,BWN
Ninoy Aquino International Airport,MNL,2024-07-31 15:05,Kuala Lumpur International Airport,KUL,2024-07-31 19:00,235,Malaysia Airlines,Economy,1955,1575.0,True,361,Y,Y,Y,1,7,1,23,Wednesday,False,False,False,Brunei International Airport,BWN
Ninoy Aquino International Airport,MNL,2024-07-31 15:05,Kuala Lumpur International Airport,KUL,2024-07-31 19:00,235,Malaysia Airlines,Economy,1410,1030.0,True,371,Y,Y,Y,1,7,1,23,Wednesday,False,False,False,Brunei International Airport,BWN
Ninoy Aquino International Airport,MNL,2024-08-01 20:25,Brunei International Airport,BWN,2024-08-01 22:55,150,Cebu Pacific,Economy,150,,,48,Y,N,N,1,7,0,0,Thursday,False,False,False,Brunei International Airport,BWN
Ninoy Aquino International Airport,MNL,2024-08-01 21:35,Brunei International Airport,BWN,2024-08-01 23:40,125,Royal Brunei,Economy,125,,,145,Y,Y,Y,1,7,1,20,Thursday,False,False,False,Brunei International Airport,BWN
Ninoy Aquino International Airport,MNL,2024-08-01 06:50,Kuala Lumpur International Airport,KUL,2024-08-01 10:35,225,Malaysia Airlines,Economy,465,95.0,,342,Y,Y,Y,1,7,1,23,Thursday,False,False,False,Brunei International Airport,BWN
Ninoy Aquino International Airport,MNL,2024-08-02 21:35,Brunei International Airport,BWN,2024-08-02 23:40,125,Royal Brunei,Economy,125,,,145,Y,Y,Y,1,7,1,20,Friday,False,False,False,Brunei International Airport,BWN
Ninoy Aquino International Airport,MNL,2024-08-02 06:55,Singapore Changi Airport,SIN,2024-08-02 10:30,215,Scoot,Economy,485,135.0,,322,Y,N,N,1,7,0,0,Friday,False,False,False,Brunei International Airport,BWN
Ninoy Aquino International Airport,MNL,2024-08-02 07:40,Singapore Changi Airport,SIN,2024-08-02 11:20,220,Singapore Airlines,Economy,440,85.0,,322,Y,Y,Y,1,7,1,23,Friday,False,False,False,Brunei International Airport,BWN
Ninoy Aquino International Airport,MNL,2024-08-02 06:30,Kuala Lumpur International Airport,KUL,2024-08-02 10:15,225,Philippine Airlines,Economy,485,115.0,,600,Y,Y,Y,1,7,1,30,Friday,False,False,False,Brunei International Airport,BWN
Ninoy Aquino International Airport,MNL,2024-08-03 20:25,Brunei International Airport,BWN,2024-08-03 22:55,150,Cebu Pacific,Economy,150,,,65,Y,N,N,1,7,0,0,Saturday,False,False,False,Brunei International Airport,BWN
Ninoy Aquino International Airport,MNL,2024-08-03 15:00,Brunei International Airport,BWN,2024-08-03 17:05,125,Royal Brunei,Economy,125,,,195,Y,Y,Y,1,7,1,20,Saturday,False,False,False,Brunei International Airport,BWN
Ninoy Aquino International Airport,MNL,2024-08-03 18:30,Singapore Changi Airport,SIN,2024-08-03 22:20,230,Singapore Airlines,Economy,1230,865.0,True,322,Y,Y,Y,1,7,1,23,Saturday,False,False,False,Brunei International Airport,BWN
Ninoy Aquino International Airport,MNL,2024-08-03 06:50,Kuala Lumpur International Airport,KUL,2024-08-03 10:35,225,Malaysia Airlines,Economy,465,95.0,,358,Y,Y,Y,1,7,1,23,Saturday,False,False,False,Brunei International Airport,BWN
Ninoy Aquino International Airport,MNL,2024-08-03 21:15,Kuala Lumpur International Airport,KUL,2024-08-04 01:10,235,Philippine Airlines,Economy,1040,660.0,True,617,Y,Y,Y,1,7,1,30,Saturday,False,False,True,Brunei International Airport,BWN
Ninoy Aquino International Airport,MNL,2024-08-04 06:55,Singapore Changi Airport,SIN,2024-08-04 10:30,215,Scoot,Economy,485,135.0,,322,Y,N,N,1,7,0,0,Sunday,False,False,False,Brunei International Airport,BWN
Ninoy Aquino International Airport,MNL,2024-08-04 07:40,Singapore Changi Airport,SIN,2024-08-04 11:20,220,Singapore Airlines,Economy,440,85.0,,322,Y,Y,Y,1,7,1,23,Sunday,False,False,False,Brunei International Airport,BWN
Ninoy Aquino International Airport,MNL,2024-08-04 15:05,Kuala Lumpur International Airport,KUL,2024-08-04 19:00,235,Malaysia Airlines,Economy,515,135.0,,342,Y,Y,Y,1,7,1,23,Sunday,False,False,False,Brunei International Airport,BWN
Ninoy Aquino International Airport,MNL,2024-08-04 18:30,Singapore Changi Airport,SIN,2024-08-04 22:20,230,Singapore Airlines,Economy,1000,640.0,True,322,Y,Y,Y,1,7,1,23,Sunday,False,False,False,Brunei International Airport,BWN
Ninoy Aquino International Airport,MNL,2024-08-04 19:35,Singapore Changi Airport,SIN,2024-08-04 23:15,220,Scoot,Economy,935,585.0,True,322,Y,N,N,1,7,0,0,Sunday,False,False,False,Brunei International Airport,BWN
Ninoy Aquino International Airport,MNL,2024-08-04 06:30,Kuala Lumpur International Airport,KUL,2024-08-04 10:15,225,Philippine Airlines,Economy,485,115.0,,617,Y,Y,Y,1,7,1,30,Sunday,False,False,False,Brunei International Airport,BWN
Ninoy Aquino International Airport,MNL,2024-08-05 21:35,Brunei International Airport,BWN,2024-08-05 23:40,125,Royal Brunei,Economy,125,,,145,Y,Y,Y,1,7,1,20,Monday,False,False,False,Brunei International Airport,BWN
Ninoy Aquino International Airport,MNL,2024-08-05 19:35,Singapore Changi Airport,SIN,2024-08-05 23:15,220,Scoot,Economy,935,585.0,True,322,Y,N,N,1,7,0,0,Monday,False,False,False,Brunei International Airport,BWN
Ninoy Aquino International Airport,MNL,2024-08-05 06:50,Kuala Lumpur International Airport,KUL,2024-08-05 10:35,225,Malaysia Airlines,Economy,465,95.0,,412,Y,Y,Y,1,7,1,23,Monday,False,False,False,Brunei International Airport,BWN
Ninoy Aquino International Airport,MNL,2024-08-05 06:30,Kuala Lumpur International Airport,KUL,2024-08-05 10:15,225,Philippine Airlines,Economy,485,115.0,,867,Y,Y,Y,1,7,1,30,Monday,False,False,False,Brunei International Airport,BWN
Ninoy Aquino International Airport,MNL,2024-08-06 20:25,Brunei International Airport,BWN,2024-08-06 22:55,150,Cebu Pacific,Economy,150,,,65,Y,N,N,1,7,0,0,Tuesday,False,False,False,Brunei International Airport,BWN
Ninoy Aquino International Airport,MNL,2024-08-06 18:30,Singapore Changi Airport,SIN,2024-08-06 22:20,230,Singapore Airlines,Economy,1230,865.0,True,322,Y,Y,Y,1,7,1,23,Tuesday,False,False,False,Brunei International Airport,BWN
Ninoy Aquino International Airport,MNL,2024-08-06 15:05,Kuala Lumpur International Airport,KUL,2024-08-06 19:00,235,Malaysia Airlines,Economy,515,135.0,,342,Y,Y,Y,1,7,1,23,Tuesday,False,False,False,Brunei International Airport,BWN
Ninoy Aquino International Airport,MNL,2024-08-07 15:00,Brunei International Airport,BWN,2024-08-07 17:05,125,Royal Brunei,Economy,125,,,145,Y,Y,Y,1,7,1,20,Wednesday,False,False,False,Brunei International Airport,BWN
Ninoy Aquino International Airport,MNL,2024-08-07 06:55,Singapore Changi Airport,SIN,2024-08-07 10:30,215,Scoot,Economy,485,135.0,,322,Y,N,N,1,7,0,0,Wednesday,False,False,False,Brunei International Airport,BWN
Ninoy Aquino International Airport,MNL,2024-08-07 07:40,Singapore Changi Airport,SIN,2024-08-07 11:20,220,Singapore Airlines,Economy,440,85.0,,322,Y,Y,Y,1,7,1,23,Wednesday,False,False,False,Brunei International Airport,BWN
Ninoy Aquino International Airport,MNL,2024-08-07 18:30,Singapore Changi Airport,SIN,2024-08-07 22:20,230,Singapore Airlines,Economy,1000,640.0,True,322,Y,Y,Y,1,7,1,23,Wednesday,False,False,False,Brunei International Airport,BWN
Ninoy Aquino International Airport,MNL,2024-08-07 19:35,Singapore Changi Airport,SIN,2024-08-07 23:15,220,Scoot,Economy,935,585.0,True,322,Y,N,N,1,7,0,0,Wednesday,False,False,False,Brunei International Airport,BWN
Ninoy Aquino International Airport,MNL,2024-08-07 15:05,Kuala Lumpur International Airport,KUL,2024-08-07 19:00,235,Malaysia Airlines,Economy,515,135.0,,342,Y,Y,Y,1,7,1,23,Wednesday,False,False,False,Brunei International Airport,BWN
Ninoy Aquino International Airport,MNL,2024-08-08 20:25,Brunei International Airport,BWN,2024-08-08 22:55,150,Cebu Pacific,Economy,150,,,48,Y,N,N,1,7,0,0,Thursday,False,False,False,Brunei International Airport,BWN
Ninoy Aquino International Airport,MNL,2024-08-08 21:35,Brunei International Airport,BWN,2024-08-08 23:40,125,Royal Brunei,Economy,125,,,145,Y,Y,Y,1,7,1,20,Thursday,False,False,False,Brunei International Airport,BWN
Ninoy Aquino International Airport,MNL,2024-08-08 06:50,Kuala Lumpur International Airport,KUL,2024-08-08 10:35,225,Malaysia Airlines,Economy,465,95.0,,358,Y,Y,Y,1,7,1,23,Thursday,False,False,False,Brunei International Airport,BWN
Ninoy Aquino International Airport,MNL,2024-08-09 21:35,Brunei International Airport,BWN,2024-08-09 23:40,125,Royal Brunei,Economy,125,,,145,Y,Y,Y,1,7,1,20,Friday,False,False,False,Brunei International Airport,BWN
Ninoy Aquino International Airport,MNL,2024-08-09 06:55,Singapore Changi Airport,SIN,2024-08-09 10:30,215,Scoot,Economy,485,135.0,,322,Y,N,N,1,7,0,0,Friday,False,False,False,Brunei International Airport,BWN
Ninoy Aquino International Airport,MNL,2024-08-09 07:40,Singapore Changi Airport,SIN,2024-08-09 11:20,220,Singapore Airlines,Economy,440,85.0,,322,Y,Y,Y,1,7,1,23,Friday,False,False,False,Brunei International Airport,BWN
Ninoy Aquino International Airport,MNL,2024-08-09 06:30,Kuala Lumpur International Airport,KUL,2024-08-09 10:15,225,Philippine Airlines,Economy,485,115.0,,634,Y,Y,Y,1,7,1,30,Friday,False,False,False,Brunei International Airport,BWN
Ninoy Aquino International Airport,MNL,2024-08-10 20:25,Brunei International Airport,BWN,2024-08-10 22:55,150,Cebu Pacific,Economy,150,,,65,Y,N,N,1,7,0,0,Saturday,False,False,False,Brunei International Airport,BWN
Ninoy Aquino International Airport,MNL,2024-08-10 15:00,Brunei International Airport,BWN,2024-08-10 17:05,125,Royal Brunei,Economy,125,,,195,Y,Y,Y,1,7,1,20,Saturday,False,False,False,Brunei International Airport,BWN
Ninoy Aquino International Airport,MNL,2024-08-10 06:50,Kuala Lumpur International Airport,KUL,2024-08-10 10:35,225,Malaysia Airlines,Economy,465,95.0,,391,Y,Y,Y,1,7,1,23,Saturday,False,False,False,Brunei International Airport,BWN
Ninoy Aquino International Airport,MNL,2024-08-10 21:15,Kuala Lumpur International Airport,KUL,2024-08-11 01:10,235,Philippine Airlines,Economy,1585,1205.0,True,636,Y,Y,Y,1,7,1,30,Saturday,False,False,True,Brunei International Airport,BWN
Ninoy Aquino International Airport,MNL,2024-08-10 21:15,Kuala Lumpur International Airport,KUL,2024-08-11 01:10,235,Philippine Airlines,Economy,1040,660.0,True,668,Y,Y,Y,1,7,1,30,Saturday,False,False,True,Brunei International Airport,BWN
Ninoy Aquino International Airport,MNL,2024-08-11 18:30,Singapore Changi Airport,SIN,2024-08-11 22:20,230,Singapore Airlines,Economy,1000,640.0,True,322,Y,Y,Y,1,7,1,23,Sunday,False,False,False,Brunei International Airport,BWN
Ninoy Aquino International Airport,MNL,2024-08-11 15:05,Kuala Lumpur International Airport,KUL,2024-08-11 19:00,235,Malaysia Airlines,Economy,515,135.0,,358,Y,Y,Y,1,7,1,23,Sunday,False,False,False,Brunei International Airport,BWN
Ninoy Aquino International Airport,MNL,2024-08-11 06:55,Singapore Changi Airport,SIN,2024-08-11 10:30,215,Scoot,Economy,485,135.0,,468,Y,N,N,1,7,0,0,Sunday,False,False,False,Brunei International Airport,BWN
Ninoy Aquino International Airport,MNL,2024-08-11 07:40,Singapore Changi Airport,SIN,2024-08-11 11:20,220,Singapore Airlines,Economy,440,85.0,,543,Y,Y,Y,1,7,1,23,Sunday,False,False,False,Brunei International Airport,BWN
Ninoy Aquino International Airport,MNL,2024-08-11 06:55,Singapore Changi Airport,SIN,2024-08-11 10:30,215,Scoot,Economy,1695,1350.0,True,322,Y,N,N,1,7,0,0,Sunday,False,False,False,Brunei International Airport,BWN
Ninoy Aquino International Airport,MNL,2024-08-11 19:35,Singapore Changi Airport,SIN,2024-08-11 23:15,220,Scoot,Economy,935,585.0,True,468,Y,N,N,1,7,0,0,Sunday,False,False,False,Brunei International Airport,BWN
Ninoy Aquino International Airport,MNL,2024-08-11 06:30,Kuala Lumpur International Airport,KUL,2024-08-11 10:15,225,Philippine Airlines,Economy,1030,660.0,,634,Y,Y,Y,1,7,1,30,Sunday,False,False,False,Brunei International Airport,BWN
Ninoy Aquino International Airport,MNL,2024-08-11 06:30,Kuala Lumpur International Airport,KUL,2024-08-11 10:15,225,Philippine Airlines,Economy,485,115.0,,668,Y,Y,Y,1,7,1,30,Sunday,False,False,False,Brunei International Airport,BWN
Ninoy Aquino International Airport,MNL,2024-08-12 21:35,Brunei International Airport,BWN,2024-08-12 23:40,125,Royal Brunei,Economy,125,,,145,Y,Y,Y,1,7,1,20,Monday,False,False,False,Brunei International Airport,BWN
Ninoy Aquino International Airport,MNL,2024-08-12 19:35,Singapore Changi Airport,SIN,2024-08-12 23:15,220,Scoot,Economy,935,585.0,True,322,Y,N,N,1,7,0,0,Monday,False,False,False,Brunei International Airport,BWN
Ninoy Aquino International Airport,MNL,2024-08-12 06:50,Kuala Lumpur International Airport,KUL,2024-08-12 10:35,225,Malaysia Airlines,Economy,465,95.0,,412,Y,Y,Y,1,7,1,23,Monday,False,False,False,Brunei International Airport,BWN
Ninoy Aquino International Airport,MNL,2024-08-12 06:30,Kuala Lumpur International Airport,KUL,2024-08-12 10:15,225,Philippine Airlines,Economy,485,115.0,,867,Y,Y,Y,1,7,1,30,Monday,False,False,False,Brunei International Airport,BWN
Ninoy Aquino International Airport,MNL,2024-08-13 20:25,Brunei International Airport,BWN,2024-08-13 22:55,150,Cebu Pacific,Economy,150,,,74,Y,N,N,1,7,0,0,Tuesday,False,False,False,Brunei International Airport,BWN
Ninoy Aquino International Airport,MNL,2024-08-13 19:35,Singapore Changi Airport,SIN,2024-08-13 23:15,220,Scoot,Economy,1165,810.0,True,322,Y,N,N,1,7,0,0,Tuesday,False,False,False,Brunei International Airport,BWN
Ninoy Aquino International Airport,MNL,2024-08-13 15:05,Kuala Lumpur International Airport,KUL,2024-08-13 19:00,235,Malaysia Airlines,Economy,515,135.0,,456,Y,Y,Y,1,7,1,23,Tuesday,False,False,False,Brunei International Airport,BWN
Ninoy Aquino International Airport,MNL,2024-08-14 15:00,Brunei International Airport,BWN,2024-08-14 17:05,125,Royal Brunei,Economy,125,,,145,Y,Y,Y,1,7,1,20,Wednesday,False,False,False,Brunei International Airport,BWN
Ninoy Aquino International Airport,MNL,2024-08-14 06:55,Singapore Changi Airport,SIN,2024-08-14 10:30,215,Scoot,Economy,485,135.0,,322,Y,N,N,1,7,0,0,Wednesday,False,False,False,Brunei International Airport,BWN
Ninoy Aquino International Airport,MNL,2024-08-14 07:40,Singapore Changi Airport,SIN,2024-08-14 11:20,220,Singapore Airlines,Economy,440,85.0,,322,Y,Y,Y,1,7,1,23,Wednesday,False,False,False,Brunei International Airport,BWN
Ninoy Aquino International Airport,MNL,2024-08-14 18:30,Singapore Changi Airport,SIN,2024-08-14 22:20,230,Singapore Airlines,Economy,1000,640.0,True,322,Y,Y,Y,1,7,1,23,Wednesday,False,False,False,Brunei International Airport,BWN
Ninoy Aquino International Airport,MNL,2024-08-14 19:35,Singapore Changi Airport,SIN,2024-08-14 23:15,220,Scoot,Economy,935,585.0,True,322,Y,N,N,1,7,0,0,Wednesday,False,False,False,Brunei International Airport,BWN
Ninoy Aquino International Airport,MNL,2024-08-14 15:05,Kuala Lumpur International Airport,KUL,2024-08-14 19:00,235,Malaysia Airlines,Economy,515,135.0,,391,Y,Y,Y,1,7,1,23,Wednesday,False,False,False,Brunei International Airport,BWN
Ninoy Aquino International Airport,MNL,2024-08-15 20:25,Brunei International Airport,BWN,2024-08-15 22:55,150,Cebu Pacific,Economy,150,,,65,Y,N,N,1,7,0,0,Thursday,False,False,False,Brunei International Airport,BWN
Ninoy Aquino International Airport,MNL,2024-08-15 21:35,Brunei International Airport,BWN,2024-08-15 23:40,125,Royal Brunei,Economy,125,,,145,Y,Y,Y,1,7,1,20,Thursday,False,False,False,Brunei International Airport,BWN
Ninoy Aquino International Airport,MNL,2024-08-15 06:50,Kuala Lumpur International Airport,KUL,2024-08-15 10:35,225,Malaysia Airlines,Economy,465,95.0,,412,Y,Y,Y,1,7,1,23,Thursday,False,False,False,Brunei International Airport,BWN
Ninoy Aquino International Airport,MNL,2024-08-16 21:35,Brunei International Airport,BWN,2024-08-16 23:40,125,Royal Brunei,Economy,125,,,145,Y,Y,Y,1,7,1,20,Friday,False,False,False,Brunei International Airport,BWN
Ninoy Aquino International Airport,MNL,2024-08-16 15:05,Kuala Lumpur International Airport,KUL,2024-08-16 19:00,235,Malaysia Airlines,Economy,515,135.0,,391,Y,Y,Y,1,7,1,23,Friday,False,False,False,Brunei International Airport,BWN
Ninoy Aquino International Airport,MNL,2024-08-16 06:55,Singapore Changi Airport,SIN,2024-08-16 10:30,215,Scoot,Economy,485,135.0,,638,Y,N,N,1,7,0,0,Friday,False,False,False,Brunei International Airport,BWN
Ninoy Aquino International Airport,MNL,2024-08-16 07:40,Singapore Changi Airport,SIN,2024-08-16 11:20,220,Singapore Airlines,Economy,440,85.0,,638,Y,Y,Y,1,7,1,23,Friday,False,False,False,Brunei International Airport,BWN
Ninoy Aquino International Airport,MNL,2024-08-16 06:30,Kuala Lumpur International Airport,KUL,2024-08-16 10:15,225,Philippine Airlines,Economy,485,115.0,,668,Y,Y,Y,1,7,1,30,Friday,False,False,False,Brunei International Airport,BWN
Ninoy Aquino International Airport,MNL,2024-08-17 20:25,Brunei International Airport,BWN,2024-08-17 22:55,150,Cebu Pacific,Economy,150,,,65,Y,N,N,1,7,0,0,Saturday,False,False,False,Brunei International Airport,BWN
Ninoy Aquino International Airport,MNL,2024-08-17 15:00,Brunei International Airport,BWN,2024-08-17 17:05,125,Royal Brunei,Economy,125,,,195,Y,Y,Y,1,7,1,20,Saturday,False,False,False,Brunei International Airport,BWN
Ninoy Aquino International Airport,MNL,2024-08-17 06:50,Kuala Lumpur International Airport,KUL,2024-08-17 10:35,225,Malaysia Airlines,Economy,465,95.0,,412,Y,Y,Y,1,7,1,23,Saturday,False,False,False,Brunei International Airport,BWN
Ninoy Aquino International Airport,MNL,2024-08-17 21:15,Kuala Lumpur International Airport,KUL,2024-08-18 01:10,235,Philippine Airlines,Economy,1585,1205.0,True,869,Y,Y,Y,1,7,1,30,Saturday,False,False,True,Brunei International Airport,BWN
Ninoy Aquino International Airport,MNL,2024-08-17 21:15,Kuala Lumpur International Airport,KUL,2024-08-18 01:10,235,Philippine Airlines,Economy,1040,660.0,True,913,Y,Y,Y,1,7,1,30,Saturday,False,False,True,Brunei International Airport,BWN
Ninoy Aquino International Airport,MNL,2024-08-18 15:05,Kuala Lumpur International Airport,KUL,2024-08-18 19:00,235,Malaysia Airlines,Economy,515,135.0,,412,Y,Y,Y,1,7,1,23,Sunday,False,False,False,Brunei International Airport,BWN
Ninoy Aquino International Airport,MNL,2024-08-18 06:55,Singapore Changi Airport,SIN,2024-08-18 10:30,215,Scoot,Economy,485,135.0,,468,Y,N,N,1,7,0,0,Sunday,False,False,False,Brunei International Airport,BWN
Ninoy Aquino International Airport,MNL,2024-08-18 07:40,Singapore Changi Airport,SIN,2024-08-18 11:20,220,Singapore Airlines,Economy,440,85.0,,468,Y,Y,Y,1,7,1,23,Sunday,False,False,False,Brunei International Airport,BWN
Ninoy Aquino International Airport,MNL,2024-08-18 18:30,Singapore Changi Airport,SIN,2024-08-18 22:20,230,Singapore Airlines,Economy,1000,640.0,True,417,Y,Y,Y,1,7,1,23,Sunday,False,False,False,Brunei International Airport,BWN
Ninoy Aquino International Airport,MNL,2024-08-18 19:35,Singapore Changi Airport,SIN,2024-08-18 23:15,220,Scoot,Economy,935,585.0,True,468,Y,N,N,1,7,0,0,Sunday,False,False,False,Brunei International Airport,BWN
Ninoy Aquino International Airport,MNL,2024-08-18 06:30,Kuala Lumpur International Airport,KUL,2024-08-18 10:15,225,Philippine Airlines,Economy,1030,660.0,,867,Y,Y,Y,1,7,1,30,Sunday,False,False,False,Brunei International Airport,BWN
Ninoy Aquino International Airport,MNL,2024-08-18 06:30,Kuala Lumpur International Airport,KUL,2024-08-18 10:15,225,Philippine Airlines,Economy,485,115.0,,913,Y,Y,Y,1,7,1,30,Sunday,False,False,False,Brunei International Airport,BWN
Ninoy Aquino International Airport,MNL,2024-08-19 21:35,Brunei International Airport,BWN,2024-08-19 23:40,125,Royal Brunei,Economy,125,,,145,Y,Y,Y,1,7,1,20,Monday,False,False,False,Brunei International Airport,BWN
Ninoy Aquino International Airport,MNL,2024-08-19 19:35,Singapore Changi Airport,SIN,2024-08-19 23:15,220,Scoot,Economy,935,585.0,True,322,Y,N,N,1,7,0,0,Monday,False,False,False,Brunei International Airport,BWN
Ninoy Aquino International Airport,MNL,2024-08-19 06:50,Kuala Lumpur International Airport,KUL,2024-08-19 10:35,225,Malaysia Airlines,Economy,465,95.0,,456,Y,Y,Y,1,7,1,23,Monday,False,False,False,Brunei International Airport,BWN
Ninoy Aquino International Airport,MNL,2024-08-19 06:30,Kuala Lumpur International Airport,KUL,2024-08-19 10:15,225,Philippine Airlines,Economy,485,115.0,,913,Y,Y,Y,1,7,1,30,Monday,False,False,False,Brunei International Airport,BWN
Ninoy Aquino International Airport,MNL,2024-08-20 20:25,Brunei International Airport,BWN,2024-08-20 22:55,150,Cebu Pacific,Economy,150,,,74,Y,N,N,1,7,0,0,Tuesday,False,False,False,Brunei International Airport,BWN
Ninoy Aquino International Airport,MNL,2024-08-20 19:35,Singapore Changi Airport,SIN,2024-08-20 23:15,220,Scoot,Economy,1165,810.0,True,322,Y,N,N,1,7,0,0,Tuesday,False,False,False,Brunei International Airport,BWN
Ninoy Aquino International Airport,MNL,2024-08-20 15:05,Kuala Lumpur International Airport,KUL,2024-08-20 19:00,235,Malaysia Airlines,Economy,515,135.0,,412,Y,Y,Y,1,7,1,23,Tuesday,False,False,False,Brunei International Airport,BWN
Ninoy Aquino International Airport,MNL,2024-08-21 15:00,Brunei International Airport,BWN,2024-08-21 17:05,125,Royal Brunei,Economy,125,,,145,Y,Y,Y,1,7,1,20,Wednesday,True,False,False,Brunei International Airport,BWN
Ninoy Aquino International Airport,MNL,2024-08-21 06:55,Singapore Changi Airport,SIN,2024-08-21 10:30,215,Scoot,Economy,485,135.0,,322,Y,N,N,1,7,0,0,Wednesday,True,False,False,Brunei International Airport,BWN
Ninoy Aquino International Airport,MNL,2024-08-21 07:40,Singapore Changi Airport,SIN,2024-08-21 11:20,220,Singapore Airlines,Economy,440,85.0,,322,Y,Y,Y,1,7,1,23,Wednesday,True,False,False,Brunei International Airport,BWN
Ninoy Aquino International Airport,MNL,2024-08-21 18:30,Singapore Changi Airport,SIN,2024-08-21 22:20,230,Singapore Airlines,Economy,1000,640.0,True,322,Y,Y,Y,1,7,1,23,Wednesday,True,False,False,Brunei International Airport,BWN
Ninoy Aquino International Airport,MNL,2024-08-21 19:35,Singapore Changi Airport,SIN,2024-08-21 23:15,220,Scoot,Economy,935,585.0,True,322,Y,N,N,1,7,0,0,Wednesday,True,False,False,Brunei International Airport,BWN
Ninoy Aquino International Airport,MNL,2024-08-21 15:05,Kuala Lumpur International Airport,KUL,2024-08-21 19:00,235,Malaysia Airlines,Economy,515,135.0,,358,Y,Y,Y,1,7,1,23,Wednesday,True,False,False,Brunei International Airport,BWN
Ninoy Aquino International Airport,MNL,2024-08-22 20:25,Brunei International Airport,BWN,2024-08-22 22:55,150,Cebu Pacific,Economy,150,,,48,Y,N,N,1,7,0,0,Thursday,False,False,False,Brunei International Airport,BWN
Ninoy Aquino International Airport,MNL,2024-08-22 21:35,Brunei International Airport,BWN,2024-08-22 23:40,125,Royal Brunei,Economy,125,,,145,Y,Y,Y,1,7,1,20,Thursday,False,False,False,Brunei International Airport,BWN
Ninoy Aquino International Airport,MNL,2024-08-22 06:50,Kuala Lumpur International Airport,KUL,2024-08-22 10:35,225,Malaysia Airlines,Economy,465,95.0,,358,Y,Y,Y,1,7,1,23,Thursday,False,False,False,Brunei International Airport,BWN
Ninoy Aquino International Airport,MNL,2024-08-23 21:35,Brunei International Airport,BWN,2024-08-23 23:40,125,Royal Brunei,Economy,125,,,145,Y,Y,Y,1,7,1,20,Friday,False,False,False,Brunei International Airport,BWN
Ninoy Aquino International Airport,MNL,2024-08-23 06:55,Singapore Changi Airport,SIN,2024-08-23 10:30,215,Scoot,Economy,485,135.0,,322,Y,N,N,1,7,0,0,Friday,False,False,False,Brunei International Airport,BWN
Ninoy Aquino International Airport,MNL,2024-08-23 07:40,Singapore Changi Airport,SIN,2024-08-23 11:20,220,Singapore Airlines,Economy,440,85.0,,357,Y,Y,Y,1,7,1,23,Friday,False,False,False,Brunei International Airport,BWN
Ninoy Aquino International Airport,MNL,2024-08-23 06:30,Kuala Lumpur International Airport,KUL,2024-08-23 10:15,225,Philippine Airlines,Economy,485,115.0,,617,Y,Y,Y,1,7,1,30,Friday,False,False,False,Brunei International Airport,BWN
Ninoy Aquino International Airport,MNL,2024-08-24 20:25,Brunei International Airport,BWN,2024-08-24 22:55,150,Cebu Pacific,Economy,150,,,65,Y,N,N,1,7,0,0,Saturday,False,False,False,Brunei International Airport,BWN
Ninoy Aquino International Airport,MNL,2024-08-24 15:00,Brunei International Airport,BWN,2024-08-24 17:05,125,Royal Brunei,Economy,125,,,195,Y,Y,Y,1,7,1,20,Saturday,False,False,False,Brunei International Airport,BWN
Ninoy Aquino International Airport,MNL,2024-08-24 19:35,Singapore Changi Airport,SIN,2024-08-24 23:15,220,Scoot,Economy,1165,810.0,True,322,Y,N,N,1,7,0,0,Saturday,False,False,False,Brunei International Airport,BWN
Ninoy Aquino International Airport,MNL,2024-08-24 06:50,Kuala Lumpur International Airport,KUL,2024-08-24 10:35,225,Malaysia Airlines,Economy,465,95.0,,391,Y,Y,Y,1,7,1,23,Saturday,False,False,False,Brunei International Airport,BWN
Ninoy Aquino International Airport,MNL,2024-08-24 21:15,Kuala Lumpur International Airport,KUL,2024-08-25 01:10,235,Philippine Airlines,Economy,1040,660.0,True,634,Y,Y,Y,1,7,1,30,Saturday,False,False,True,Brunei International Airport,BWN
Ninoy Aquino International Airport,MNL,2024-08-25 06:55,Singapore Changi Airport,SIN,2024-08-25 10:30,215,Scoot,Economy,485,135.0,,322,Y,N,N,1,7,0,0,Sunday,False,False,False,Brunei International Airport,BWN
Ninoy Aquino International Airport,MNL,2024-08-25 07:40,Singapore Changi Airport,SIN,2024-08-25 11:20,220,Singapore Airlines,Economy,440,85.0,,322,Y,Y,Y,1,7,1,23,Sunday,False,False,False,Brunei International Airport,BWN
Ninoy Aquino International Airport,MNL,2024-08-25 15:05,Kuala Lumpur International Airport,KUL,2024-08-25 19:00,235,Malaysia Airlines,Economy,515,135.0,,358,Y,Y,Y,1,7,1,23,Sunday,False,False,False,Brunei International Airport,BWN
Ninoy Aquino International Airport,MNL,2024-08-25 18:30,Singapore Changi Airport,SIN,2024-08-25 22:20,230,Singapore Airlines,Economy,1000,640.0,True,322,Y,Y,Y,1,7,1,23,Sunday,False,False,False,Brunei International Airport,BWN
Ninoy Aquino International Airport,MNL,2024-08-25 19:35,Singapore Changi Airport,SIN,2024-08-25 23:15,220,Scoot,Economy,935,585.0,True,322,Y,N,N,1,7,0,0,Sunday,False,False,False,Brunei International Airport,BWN
Ninoy Aquino International Airport,MNL,2024-08-25 15:05,Kuala Lumpur International Airport,KUL,2024-08-25 19:00,235,Malaysia Airlines,Economy,1410,1030.0,True,354,Y,Y,Y,1,7,1,23,Sunday,False,False,False,Brunei International Airport,BWN
Ninoy Aquino International Airport,MNL,2024-08-25 06:30,Kuala Lumpur International Airport,KUL,2024-08-25 10:15,225,Philippine Airlines,Economy,485,115.0,,634,Y,Y,Y,1,7,1,30,Sunday,False,False,False,Brunei International Airport,BWN
Ninoy Aquino International Airport,MNL,2024-08-26 21:35,Brunei International Airport,BWN,2024-08-26 23:40,125,Royal Brunei,Economy,125,,,145,Y,Y,Y,1,7,1,20,Monday,True,False,False,Brunei International Airport,BWN
Ninoy Aquino International Airport,MNL,2024-08-26 19:35,Singapore Changi Airport,SIN,2024-08-26 23:15,220,Scoot,Economy,935,585.0,True,322,Y,N,N,1,7,0,0,Monday,True,False,False,Brunei International Airport,BWN
Ninoy Aquino International Airport,MNL,2024-08-26 06:50,Kuala Lumpur International Airport,KUL,2024-08-26 10:35,225,Malaysia Airlines,Economy,465,95.0,,325,Y,Y,Y,1,7,1,23,Monday,True,False,False,Brunei International Airport,BWN
Ninoy Aquino International Airport,MNL,2024-08-26 06:30,Kuala Lumpur International Airport,KUL,2024-08-26 10:15,225,Philippine Airlines,Economy,485,115.0,,600,Y,Y,Y,1,7,1,30,Monday,True,False,False,Brunei International Airport,BWN
Ninoy Aquino International Airport,MNL,2024-08-27 20:25,Brunei International Airport,BWN,2024-08-27 22:55,150,Cebu Pacific,Economy,150,,,65,Y,N,N,1,7,0,0,Tuesday,False,False,False,Brunei International Airport,BWN
Ninoy Aquino International Airport,MNL,2024-08-27 19:35,Singapore Changi Airport,SIN,2024-08-27 23:15,220,Scoot,Economy,1165,810.0,True,322,Y,N,N,1,7,0,0,Tuesday,False,False,False,Brunei International Airport,BWN
Ninoy Aquino International Airport,MNL,2024-08-27 15:05,Kuala Lumpur International Airport,KUL,2024-08-27 19:00,235,Malaysia Airlines,Economy,515,135.0,,325,Y,Y,Y,1,7,1,23,Tuesday,False,False,False,Brunei International Airport,BWN
Ninoy Aquino International Airport,MNL,2024-08-28 15:00,Brunei International Airport,BWN,2024-08-28 17:05,125,Royal Brunei,Economy,125,,,145,Y,Y,Y,1,7,1,20,Wednesday,False,False,False,Brunei International Airport,BWN
Ninoy Aquino International Airport,MNL,2024-08-28 06:55,Singapore Changi Airport,SIN,2024-08-28 10:30,215,Scoot,Economy,485,135.0,,322,Y,N,N,1,7,0,0,Wednesday,False,False,False,Brunei International Airport,BWN
Ninoy Aquino International Airport,MNL,2024-08-28 07:40,Singapore Changi Airport,SIN,2024-08-28 11:20,220,Singapore Airlines,Economy,440,85.0,,322,Y,Y,Y,1,7,1,23,Wednesday,False,False,False,Brunei International Airport,BWN
Ninoy Aquino International Airport,MNL,2024-08-28 18:30,Singapore Changi Airport,SIN,2024-08-28 22:20,230,Singapore Airlines,Economy,1000,640.0,True,322,Y,Y,Y,1,7,1,23,Wednesday,False,False,False,Brunei International Airport,BWN
Ninoy Aquino International Airport,MNL,2024-08-28 19:35,Singapore Changi Airport,SIN,2024-08-28 23:15,220,Scoot,Economy,935,585.0,True,322,Y,N,N,1,7,0,0,Wednesday,False,False,False,Brunei International Airport,BWN
Ninoy Aquino International Airport,MNL,2024-08-28 12:50,Kuala Lumpur International Airport,KUL,2024-08-28 16:50,240,Malaysia Airlines,Economy,650,265.0,,342,Y,Y,Y,1,7,1,23,Wednesday,False,False,False,Brunei International Airport,BWN
Ninoy Aquino International Airport,MNL,2024-08-28 15:05,Kuala Lumpur International Airport,KUL,2024-08-28 19:00,235,Malaysia Airlines,Economy,515,135.0,,886,Y,Y,Y,1,7,1,23,Wednesday,False,False,False,Brunei International Airport,BWN
Ninoy Aquino International Airport,MNL,2024-08-29 20:25,Brunei International Airport,BWN,2024-08-29 22:55,150,Cebu Pacific,Economy,150,,,48,Y,N,N,1,7,0,0,Thursday,False,False,False,Brunei International Airport,BWN
Ninoy Aquino International Airport,MNL,2024-08-29 21:35,Brunei International Airport,BWN,2024-08-29 23:40,125,Royal Brunei,Economy,125,,,145,Y,Y,Y,1,7,1,20,Thursday,False,False,False,Brunei International Airport,BWN
Ninoy Aquino International Airport,MNL,2024-08-29 06:50,Kuala Lumpur International Airport,KUL,2024-08-29 10:35,225,Malaysia Airlines,Economy,465,95.0,,325,Y,Y,Y,1,7,1,23,Thursday,False,False,False,Brunei International Airport,BWN
Ninoy Aquino International Airport,MNL,2024-08-30 21:35,Brunei International Airport,BWN,2024-08-30 23:40,125,Royal Brunei,Economy,125,,,145,Y,Y,Y,1,7,1,20,Friday,False,False,False,Brunei International Airport,BWN
Ninoy Aquino International Airport,MNL,2024-08-30 06:55,Singapore Changi Airport,SIN,2024-08-30 10:30,215,Scoot,Economy,485,135.0,,322,Y,N,N,1,7,0,0,Friday,False,False,False,Brunei International Airport,BWN
Ninoy Aquino International Airport,MNL,2024-08-30 07:40,Singapore Changi Airport,SIN,2024-08-30 11:20,220,Singapore Airlines,Economy,440,85.0,,322,Y,Y,Y,1,7,1,23,Friday,False,False,False,Brunei International Airport,BWN
Ninoy Aquino International Airport,MNL,2024-08-30 06:30,Kuala Lumpur International Airport,KUL,2024-08-30 10:15,225,Philippine Airlines,Economy,485,115.0,,600,Y,Y,Y,1,7,1,30,Friday,False,False,False,Brunei International Airport,BWN
Ninoy Aquino International Airport,MNL,2024-08-31 20:25,Brunei International Airport,BWN,2024-08-31 22:55,150,Cebu Pacific,Economy,150,,,48,Y,N,N,1,7,0,0,Saturday,False,False,False,Brunei International Airport,BWN
Ninoy Aquino International Airport,MNL,2024-08-31 15:00,Brunei International Airport,BWN,2024-08-31 17:05,125,Royal Brunei,Economy,125,,,170,Y,Y,Y,1,7,1,20,Saturday,False,False,False,Brunei International Airport,BWN
Ninoy Aquino International Airport,MNL,2024-08-31 19:35,Singapore Changi Airport,SIN,2024-08-31 23:15,220,Scoot,Economy,1165,810.0,True,322,Y,N,N,1,7,0,0,Saturday,False,False,False,Brunei International Airport,BWN
Ninoy Aquino International Airport,MNL,2024-08-31 06:50,Kuala Lumpur International Airport,KUL,2024-08-31 10:35,225,Malaysia Airlines,Economy,465,95.0,,342,Y,Y,Y,1,7,1,23,Saturday,False,False,False,Brunei International Airport,BWN
Ninoy Aquino International Airport,MNL,2024-08-31 21:15,Kuala Lumpur International Airport,KUL,2024-09-01 01:10,235,Philippine Airlines,Economy,1040,660.0,True,600,Y,Y,Y,1,7,1,30,Saturday,False,False,True,Brunei International Airport,BWN
