Departure Airport Name,Departure Airport ID,Departure Time,Arrival Airport Name,Arrival Airport ID,Arrival Time,Duration,Airline,Travel Class,Total Duration,Layover 1 Duration,Layover 1 Overnight,Price, Cabin Baggage, Checked Baggage,Meal Included,Cabin Baggage (Number),Cabin Baggage (kg per piece),Checked Baggage (Number),Checked Baggage (kg per piece) ,Day of Week (on flight date),Departure Country Is Holiday,Arrival Country Is Holiday,Overnight Flight,Final Arrival Airport Name,Final Arrival Airport ID
Phnom Penh International Airport,PNH,2024-07-01 09:40,Suvarnabhumi Airport,BKK,2024-07-01 11:00,80,THAI,Economy,605,445.0,,220,Y,Y,Y,1,7,2,23,Monday,False,False,False,Wattay International Airport,VTE
Phnom Penh International Airport,PNH,2024-07-01 17:45,Wattay International Airport,VTE,2024-07-01 19:15,90,Vietnam Airlines,Economy,90,,,254,Y,Y,Y,1,10,1,23,Monday,False,False,False,Wattay International Airport,VTE
Phnom Penh International Airport,PNH,2024-07-01 21:15,Suvarnabhumi Airport,BKK,2024-07-01 22:30,75,THAI,Economy,935,785.0,True,241,Y,Y,Y,1,7,2,23,Monday,False,False,False,Wattay International Airport,VTE
Phnom Penh International Airport,PNH,2024-07-01 14:00,Kunming Changshui International Airport,KMG,2024-07-01 18:00,180,China Eastern,Economy,1180,905.0,True,310,Y,Y,Y,1,8,2,23,Monday,False,False,False,Wattay International Airport,VTE
Phnom Penh International Airport,PNH,2024-07-01 14:00,Kunming Changshui International Airport,KMG,2024-07-01 18:00,180,China Eastern,Economy,420,150.0,,325,Y,Y,Y,1,8,2,23,Monday,False,False,False,Wattay International Airport,VTE
Phnom Penh International Airport,PNH,2024-07-01 18:25,Singapore Changi Airport,SIN,2024-07-01 21:25,120,Singapore Airlines,Economy,1065,775.0,True,507,Y,Y,Y,1,7,1,23,Monday,False,False,False,Wattay International Airport,VTE
Phnom Penh International Airport,PNH,2024-07-02 09:40,Suvarnabhumi Airport,BKK,2024-07-02 11:00,80,THAI,Economy,605,445.0,,220,Y,Y,Y,1,7,2,23,Tuesday,False,False,False,Wattay International Airport,VTE
Phnom Penh International Airport,PNH,2024-07-02 17:45,Wattay International Airport,VTE,2024-07-02 19:15,90,Vietnam Airlines,Economy,90,,,297,Y,Y,Y,1,10,1,23,Tuesday,False,False,False,Wattay International Airport,VTE
Phnom Penh International Airport,PNH,2024-07-02 21:15,Suvarnabhumi Airport,BKK,2024-07-02 22:30,75,THAI,Economy,935,785.0,True,241,Y,Y,Y,1,7,2,23,Tuesday,False,False,False,Wattay International Airport,VTE
Phnom Penh International Airport,PNH,2024-07-02 15:35,Guangzhou Baiyun International Airport,CAN,2024-07-02 19:20,165,China Southern,Economy,1595,1275.0,True,312,Y,Y,Y,1,8,1,23,Tuesday,False,False,False,Wattay International Airport,VTE
Phnom Penh International Airport,PNH,2024-07-02 15:05,Kunming Changshui International Airport,KMG,2024-07-02 18:50,165,China Eastern,Economy,1115,855.0,True,331,Y,Y,Y,1,8,2,23,Tuesday,False,False,False,Wattay International Airport,VTE
Phnom Penh International Airport,PNH,2024-07-02 23:55,Incheon International Airport,ICN,2024-07-03 07:10,315,Asiana,Economy,1355,710.0,,654,Y,Y,Y,1,10,1,23,Tuesday,False,False,True,Wattay International Airport,VTE
Phnom Penh International Airport,PNH,2024-07-03 17:45,Wattay International Airport,VTE,2024-07-03 19:15,90,Vietnam Airlines,Economy,90,,,214,Y,Y,Y,1,10,1,23,Wednesday,False,False,False,Wattay International Airport,VTE
Phnom Penh International Airport,PNH,2024-07-03 09:40,Suvarnabhumi Airport,BKK,2024-07-03 11:00,80,THAI,Economy,605,445.0,,220,Y,Y,Y,1,7,2,23,Wednesday,False,False,False,Wattay International Airport,VTE
Phnom Penh International Airport,PNH,2024-07-03 08:00,Guangzhou Baiyun International Airport,CAN,2024-07-03 11:40,160,China Southern,Economy,610,295.0,,312,Y,Y,Y,1,8,1,23,Wednesday,False,False,False,Wattay International Airport,VTE
Phnom Penh International Airport,PNH,2024-07-03 14:00,Kunming Changshui International Airport,KMG,2024-07-03 18:00,180,China Eastern,Economy,420,150.0,,325,Y,Y,Y,1,8,2,23,Wednesday,False,False,False,Wattay International Airport,VTE
Phnom Penh International Airport,PNH,2024-07-03 21:15,Suvarnabhumi Airport,BKK,2024-07-03 22:30,75,THAI,Economy,1350,1195.0,True,241,Y,Y,Y,1,7,2,23,Wednesday,False,False,False,Wattay International Airport,VTE
Phnom Penh International Airport,PNH,2024-07-03 21:15,Suvarnabhumi Airport,BKK,2024-07-03 22:30,75,THAI,Economy,935,785.0,True,257,Y,Y,Y,1,7,2,23,Wednesday,False,False,False,Wattay International Airport,VTE
Phnom Penh International Airport,PNH,2024-07-03 14:00,Kunming Changshui International Airport,KMG,2024-07-03 18:00,180,China Eastern,Economy,1180,905.0,True,310,Y,Y,Y,1,8,2,23,Wednesday,False,False,False,Wattay International Airport,VTE
Phnom Penh International Airport,PNH,2024-07-03 23:55,Incheon International Airport,ICN,2024-07-04 07:10,315,Asiana,Economy,1355,710.0,,654,Y,Y,Y,1,10,1,23,Wednesday,False,False,True,Wattay International Airport,VTE
Phnom Penh International Airport,PNH,2024-07-04 17:45,Wattay International Airport,VTE,2024-07-04 19:15,90,Vietnam Airlines,Economy,90,,,214,Y,Y,Y,1,10,1,23,Thursday,False,False,False,Wattay International Airport,VTE
Phnom Penh International Airport,PNH,2024-07-04 09:40,Suvarnabhumi Airport,BKK,2024-07-04 11:00,80,THAI,Economy,605,445.0,,220,Y,Y,Y,1,7,2,23,Thursday,False,False,False,Wattay International Airport,VTE
Phnom Penh International Airport,PNH,2024-07-04 21:15,Suvarnabhumi Airport,BKK,2024-07-04 22:30,75,THAI,Economy,935,785.0,True,241,Y,Y,Y,1,7,2,23,Thursday,False,False,False,Wattay International Airport,VTE
Phnom Penh International Airport,PNH,2024-07-04 15:05,Kunming Changshui International Airport,KMG,2024-07-04 18:50,165,China Eastern,Economy,1115,855.0,True,310,Y,Y,Y,1,8,2,23,Thursday,False,False,False,Wattay International Airport,VTE
Phnom Penh International Airport,PNH,2024-07-05 17:45,Wattay International Airport,VTE,2024-07-05 19:15,90,Vietnam Airlines,Economy,90,,,214,Y,Y,Y,1,10,1,23,Friday,False,False,False,Wattay International Airport,VTE
Phnom Penh International Airport,PNH,2024-07-05 09:40,Suvarnabhumi Airport,BKK,2024-07-05 11:00,80,THAI,Economy,605,445.0,,220,Y,Y,Y,1,7,2,23,Friday,False,False,False,Wattay International Airport,VTE
Phnom Penh International Airport,PNH,2024-07-05 21:15,Suvarnabhumi Airport,BKK,2024-07-05 22:30,75,THAI,Economy,935,785.0,True,241,Y,Y,Y,1,7,2,23,Friday,False,False,False,Wattay International Airport,VTE
Phnom Penh International Airport,PNH,2024-07-05 14:00,Kunming Changshui International Airport,KMG,2024-07-05 17:45,165,China Eastern,Economy,420,165.0,,310,Y,Y,Y,1,8,2,23,Friday,False,False,False,Wattay International Airport,VTE
Phnom Penh International Airport,PNH,2024-07-05 08:00,Guangzhou Baiyun International Airport,CAN,2024-07-05 11:40,160,China Southern,Economy,610,295.0,,312,Y,Y,Y,1,8,1,23,Friday,False,False,False,Wattay International Airport,VTE
Phnom Penh International Airport,PNH,2024-07-05 18:25,Singapore Changi Airport,SIN,2024-07-05 21:25,120,Singapore Airlines,Economy,1065,775.0,True,472,Y,Y,Y,1,7,1,23,Friday,False,False,False,Wattay International Airport,VTE
Phnom Penh International Airport,PNH,2024-07-05 23:55,Incheon International Airport,ICN,2024-07-06 07:10,315,Asiana,Economy,1355,710.0,,654,Y,Y,Y,1,10,1,23,Friday,False,False,True,Wattay International Airport,VTE
Phnom Penh International Airport,PNH,2024-07-06 17:45,Wattay International Airport,VTE,2024-07-06 19:15,90,Vietnam Airlines,Economy,90,,,214,Y,Y,Y,1,10,1,23,Saturday,False,False,False,Wattay International Airport,VTE
Phnom Penh International Airport,PNH,2024-07-06 09:40,Suvarnabhumi Airport,BKK,2024-07-06 11:00,80,THAI,Economy,605,445.0,,220,Y,Y,Y,1,7,2,23,Saturday,False,False,False,Wattay International Airport,VTE
Phnom Penh International Airport,PNH,2024-07-06 21:15,Suvarnabhumi Airport,BKK,2024-07-06 22:30,75,THAI,Economy,935,785.0,True,241,Y,Y,Y,1,7,2,23,Saturday,False,False,False,Wattay International Airport,VTE
Phnom Penh International Airport,PNH,2024-07-06 15:05,Kunming Changshui International Airport,KMG,2024-07-06 18:50,165,China Eastern,Economy,1115,855.0,True,310,Y,Y,Y,1,8,2,23,Saturday,False,False,False,Wattay International Airport,VTE
Phnom Penh International Airport,PNH,2024-07-06 23:55,Incheon International Airport,ICN,2024-07-07 07:10,315,Asiana,Economy,1355,710.0,,654,Y,Y,Y,1,10,1,23,Saturday,False,False,True,Wattay International Airport,VTE
Phnom Penh International Airport,PNH,2024-07-07 17:45,Wattay International Airport,VTE,2024-07-07 19:15,90,Vietnam Airlines,Economy,90,,,214,Y,Y,Y,1,10,1,23,Sunday,False,False,False,Wattay International Airport,VTE
Phnom Penh International Airport,PNH,2024-07-07 09:40,Suvarnabhumi Airport,BKK,2024-07-07 11:00,80,THAI,Economy,605,445.0,,220,Y,Y,Y,1,7,2,23,Sunday,False,False,False,Wattay International Airport,VTE
Phnom Penh International Airport,PNH,2024-07-07 21:15,Suvarnabhumi Airport,BKK,2024-07-07 22:30,75,THAI,Economy,1350,1195.0,True,241,Y,Y,Y,1,7,2,23,Sunday,False,False,False,Wattay International Airport,VTE
Phnom Penh International Airport,PNH,2024-07-07 14:00,Kunming Changshui International Airport,KMG,2024-07-07 17:45,165,China Eastern,Economy,420,165.0,,310,Y,Y,Y,1,8,2,23,Sunday,False,False,False,Wattay International Airport,VTE
Phnom Penh International Airport,PNH,2024-07-07 08:00,Guangzhou Baiyun International Airport,CAN,2024-07-07 11:40,160,China Southern,Economy,610,295.0,,312,Y,Y,Y,1,8,1,23,Sunday,False,False,False,Wattay International Airport,VTE
Phnom Penh International Airport,PNH,2024-07-07 21:15,Suvarnabhumi Airport,BKK,2024-07-07 22:30,75,THAI,Economy,935,785.0,True,336,Y,Y,Y,1,7,2,23,Sunday,False,False,False,Wattay International Airport,VTE
Phnom Penh International Airport,PNH,2024-07-08 09:40,Suvarnabhumi Airport,BKK,2024-07-08 11:00,80,THAI,Economy,605,445.0,,220,Y,Y,Y,1,7,2,23,Monday,False,False,False,Wattay International Airport,VTE
Phnom Penh International Airport,PNH,2024-07-08 17:45,Wattay International Airport,VTE,2024-07-08 19:15,90,Vietnam Airlines,Economy,90,,,297,Y,Y,Y,1,10,1,23,Monday,False,False,False,Wattay International Airport,VTE
Phnom Penh International Airport,PNH,2024-07-08 21:15,Suvarnabhumi Airport,BKK,2024-07-08 22:30,75,THAI,Economy,935,785.0,True,241,Y,Y,Y,1,7,2,23,Monday,False,False,False,Wattay International Airport,VTE
Phnom Penh International Airport,PNH,2024-07-08 14:00,Kunming Changshui International Airport,KMG,2024-07-08 18:00,180,China Eastern,Economy,420,150.0,,310,Y,Y,Y,1,8,2,23,Monday,False,False,False,Wattay International Airport,VTE
Phnom Penh International Airport,PNH,2024-07-08 18:25,Singapore Changi Airport,SIN,2024-07-08 21:25,120,Singapore Airlines,Economy,1065,775.0,True,472,Y,Y,Y,1,7,1,23,Monday,False,False,False,Wattay International Airport,VTE
Phnom Penh International Airport,PNH,2024-07-09 17:45,Wattay International Airport,VTE,2024-07-09 19:15,90,Vietnam Airlines,Economy,90,,,214,Y,Y,Y,1,10,1,23,Tuesday,False,False,False,Wattay International Airport,VTE
Phnom Penh International Airport,PNH,2024-07-09 09:40,Suvarnabhumi Airport,BKK,2024-07-09 11:00,80,THAI,Economy,605,445.0,,220,Y,Y,Y,1,7,2,23,Tuesday,False,False,False,Wattay International Airport,VTE
Phnom Penh International Airport,PNH,2024-07-09 21:15,Suvarnabhumi Airport,BKK,2024-07-09 22:30,75,THAI,Economy,935,785.0,True,241,Y,Y,Y,1,7,2,23,Tuesday,False,False,False,Wattay International Airport,VTE
Phnom Penh International Airport,PNH,2024-07-09 15:05,Kunming Changshui International Airport,KMG,2024-07-09 18:50,165,China Eastern,Economy,1115,855.0,True,310,Y,Y,Y,1,8,2,23,Tuesday,False,False,False,Wattay International Airport,VTE
Phnom Penh International Airport,PNH,2024-07-09 23:55,Incheon International Airport,ICN,2024-07-10 07:10,315,Asiana,Economy,1355,710.0,,654,Y,Y,Y,1,10,1,23,Tuesday,False,False,True,Wattay International Airport,VTE
Phnom Penh International Airport,PNH,2024-07-10 17:45,Wattay International Airport,VTE,2024-07-10 19:15,90,Vietnam Airlines,Economy,90,,,214,Y,Y,Y,1,10,1,23,Wednesday,False,False,False,Wattay International Airport,VTE
Phnom Penh International Airport,PNH,2024-07-10 09:40,Suvarnabhumi Airport,BKK,2024-07-10 11:00,80,THAI,Economy,605,445.0,,220,Y,Y,Y,1,7,2,23,Wednesday,False,False,False,Wattay International Airport,VTE
Phnom Penh International Airport,PNH,2024-07-10 21:15,Suvarnabhumi Airport,BKK,2024-07-10 22:30,75,THAI,Economy,935,785.0,True,241,Y,Y,Y,1,7,2,23,Wednesday,False,False,False,Wattay International Airport,VTE
Phnom Penh International Airport,PNH,2024-07-10 14:00,Kunming Changshui International Airport,KMG,2024-07-10 18:00,180,China Eastern,Economy,420,180.0,,310,Y,Y,Y,1,8,2,23,Wednesday,False,False,False,Wattay International Airport,VTE
Phnom Penh International Airport,PNH,2024-07-10 08:00,Guangzhou Baiyun International Airport,CAN,2024-07-10 11:40,160,China Southern,Economy,610,295.0,,312,Y,Y,Y,1,8,1,23,Wednesday,False,False,False,Wattay International Airport,VTE
Phnom Penh International Airport,PNH,2024-07-10 23:55,Incheon International Airport,ICN,2024-07-11 07:10,315,Asiana,Economy,1355,710.0,,654,Y,Y,Y,1,10,1,23,Wednesday,False,False,True,Wattay International Airport,VTE
Phnom Penh International Airport,PNH,2024-07-11 17:45,Wattay International Airport,VTE,2024-07-11 19:15,90,Vietnam Airlines,Economy,90,,,214,Y,Y,Y,1,10,1,23,Thursday,False,False,False,Wattay International Airport,VTE
Phnom Penh International Airport,PNH,2024-07-11 09:40,Suvarnabhumi Airport,BKK,2024-07-11 11:00,80,THAI,Economy,605,445.0,,220,Y,Y,Y,1,7,2,23,Thursday,False,False,False,Wattay International Airport,VTE
Phnom Penh International Airport,PNH,2024-07-11 21:15,Suvarnabhumi Airport,BKK,2024-07-11 22:30,75,THAI,Economy,935,785.0,True,241,Y,Y,Y,1,7,2,23,Thursday,False,False,False,Wattay International Airport,VTE
Phnom Penh International Airport,PNH,2024-07-11 15:05,Kunming Changshui International Airport,KMG,2024-07-11 18:50,165,China Eastern,Economy,1115,855.0,True,310,Y,Y,Y,1,8,2,23,Thursday,False,False,False,Wattay International Airport,VTE
Phnom Penh International Airport,PNH,2024-07-12 17:45,Wattay International Airport,VTE,2024-07-12 19:15,90,Vietnam Airlines,Economy,90,,,214,Y,Y,Y,1,10,1,23,Friday,False,False,False,Wattay International Airport,VTE
Phnom Penh International Airport,PNH,2024-07-12 09:40,Suvarnabhumi Airport,BKK,2024-07-12 11:00,80,THAI,Economy,605,445.0,,220,Y,Y,Y,1,7,2,23,Friday,False,False,False,Wattay International Airport,VTE
Phnom Penh International Airport,PNH,2024-07-12 21:15,Suvarnabhumi Airport,BKK,2024-07-12 22:30,75,THAI,Economy,935,785.0,True,271,Y,Y,Y,1,7,2,23,Friday,False,False,False,Wattay International Airport,VTE
Phnom Penh International Airport,PNH,2024-07-12 14:00,Kunming Changshui International Airport,KMG,2024-07-12 17:45,165,China Eastern,Economy,420,165.0,,310,Y,Y,Y,1,8,2,23,Friday,False,False,False,Wattay International Airport,VTE
Phnom Penh International Airport,PNH,2024-07-12 08:00,Guangzhou Baiyun International Airport,CAN,2024-07-12 11:40,160,China Southern,Economy,610,295.0,,312,Y,Y,Y,1,8,1,23,Friday,False,False,False,Wattay International Airport,VTE
Phnom Penh International Airport,PNH,2024-07-13 17:45,Wattay International Airport,VTE,2024-07-13 19:15,90,Vietnam Airlines,Economy,90,,,214,Y,Y,Y,1,10,1,23,Saturday,False,False,False,Wattay International Airport,VTE
Phnom Penh International Airport,PNH,2024-07-13 09:40,Suvarnabhumi Airport,BKK,2024-07-13 11:00,80,THAI,Economy,605,445.0,,220,Y,Y,Y,1,7,2,23,Saturday,False,False,False,Wattay International Airport,VTE
Phnom Penh International Airport,PNH,2024-07-13 21:15,Suvarnabhumi Airport,BKK,2024-07-13 22:30,75,THAI,Economy,1350,1195.0,True,271,Y,Y,Y,1,7,2,23,Saturday,False,False,False,Wattay International Airport,VTE
Phnom Penh International Airport,PNH,2024-07-13 15:05,Kunming Changshui International Airport,KMG,2024-07-13 18:50,165,China Eastern,Economy,1115,855.0,True,310,Y,Y,Y,1,8,2,23,Saturday,False,False,False,Wattay International Airport,VTE
Phnom Penh International Airport,PNH,2024-07-13 21:15,Suvarnabhumi Airport,BKK,2024-07-13 22:30,75,THAI,Economy,935,785.0,True,336,Y,Y,Y,1,7,2,23,Saturday,False,False,False,Wattay International Airport,VTE
Phnom Penh International Airport,PNH,2024-07-13 23:55,Incheon International Airport,ICN,2024-07-14 07:10,315,Asiana,Economy,1355,710.0,,654,Y,Y,Y,1,10,1,23,Saturday,False,False,True,Wattay International Airport,VTE
Phnom Penh International Airport,PNH,2024-07-14 17:45,Wattay International Airport,VTE,2024-07-14 19:15,90,Vietnam Airlines,Economy,90,,,254,Y,Y,Y,1,10,1,23,Sunday,False,False,False,Wattay International Airport,VTE
Phnom Penh International Airport,PNH,2024-07-14 09:40,Suvarnabhumi Airport,BKK,2024-07-14 11:00,80,THAI,Economy,605,445.0,,220,Y,Y,Y,1,7,2,23,Sunday,False,False,False,Wattay International Airport,VTE
Phnom Penh International Airport,PNH,2024-07-14 21:15,Suvarnabhumi Airport,BKK,2024-07-14 22:30,75,THAI,Economy,935,785.0,True,241,Y,Y,Y,1,7,2,23,Sunday,False,False,False,Wattay International Airport,VTE
Phnom Penh International Airport,PNH,2024-07-14 14:00,Kunming Changshui International Airport,KMG,2024-07-14 17:45,165,China Eastern,Economy,420,165.0,,310,Y,Y,Y,1,8,2,23,Sunday,False,False,False,Wattay International Airport,VTE
Phnom Penh International Airport,PNH,2024-07-14 08:00,Guangzhou Baiyun International Airport,CAN,2024-07-14 11:40,160,China Southern,Economy,610,295.0,,312,Y,Y,Y,1,8,1,23,Sunday,False,False,False,Wattay International Airport,VTE
Phnom Penh International Airport,PNH,2024-07-15 17:45,Wattay International Airport,VTE,2024-07-15 19:15,90,Vietnam Airlines,Economy,90,,,214,Y,Y,Y,1,10,1,23,Monday,False,False,False,Wattay International Airport,VTE
Phnom Penh International Airport,PNH,2024-07-15 09:40,Suvarnabhumi Airport,BKK,2024-07-15 11:00,80,THAI,Economy,605,445.0,,220,Y,Y,Y,1,7,2,23,Monday,False,False,False,Wattay International Airport,VTE
Phnom Penh International Airport,PNH,2024-07-15 21:15,Suvarnabhumi Airport,BKK,2024-07-15 22:30,75,THAI,Economy,1350,1195.0,True,271,Y,Y,Y,1,7,2,23,Monday,False,False,False,Wattay International Airport,VTE
Phnom Penh International Airport,PNH,2024-07-15 21:15,Suvarnabhumi Airport,BKK,2024-07-15 22:30,75,THAI,Economy,935,785.0,True,279,Y,Y,Y,1,7,2,23,Monday,False,False,False,Wattay International Airport,VTE
Phnom Penh International Airport,PNH,2024-07-15 14:00,Kunming Changshui International Airport,KMG,2024-07-15 18:00,180,China Eastern,Economy,420,150.0,,310,Y,Y,Y,1,8,2,23,Monday,False,False,False,Wattay International Airport,VTE
Phnom Penh International Airport,PNH,2024-07-15 18:25,Singapore Changi Airport,SIN,2024-07-15 21:25,120,Singapore Airlines,Economy,1065,775.0,True,507,Y,Y,Y,1,7,1,23,Monday,False,False,False,Wattay International Airport,VTE
Phnom Penh International Airport,PNH,2024-07-16 09:40,Suvarnabhumi Airport,BKK,2024-07-16 11:00,80,THAI,Economy,605,445.0,,220,Y,Y,Y,1,7,2,23,Tuesday,False,False,False,Wattay International Airport,VTE
Phnom Penh International Airport,PNH,2024-07-16 17:45,Wattay International Airport,VTE,2024-07-16 19:15,90,Vietnam Airlines,Economy,90,,,357,Y,Y,Y,1,10,1,23,Tuesday,False,False,False,Wattay International Airport,VTE
Phnom Penh International Airport,PNH,2024-07-16 21:15,Suvarnabhumi Airport,BKK,2024-07-16 22:30,75,THAI,Economy,935,785.0,True,241,Y,Y,Y,1,7,2,23,Tuesday,False,False,False,Wattay International Airport,VTE
Phnom Penh International Airport,PNH,2024-07-16 15:05,Kunming Changshui International Airport,KMG,2024-07-16 18:50,165,China Eastern,Economy,1115,855.0,True,310,Y,Y,Y,1,8,2,23,Tuesday,False,False,False,Wattay International Airport,VTE
Phnom Penh International Airport,PNH,2024-07-16 15:35,Guangzhou Baiyun International Airport,CAN,2024-07-16 19:20,165,China Southern,Economy,1595,1275.0,True,312,Y,Y,Y,1,8,1,23,Tuesday,False,False,False,Wattay International Airport,VTE
Phnom Penh International Airport,PNH,2024-07-16 23:55,Incheon International Airport,ICN,2024-07-17 07:10,315,Asiana,Economy,1355,710.0,,654,Y,Y,Y,1,10,1,23,Tuesday,False,False,True,Wattay International Airport,VTE
Phnom Penh International Airport,PNH,2024-07-17 17:45,Wattay International Airport,VTE,2024-07-17 19:15,90,Vietnam Airlines,Economy,90,,,214,Y,Y,Y,1,10,1,23,Wednesday,False,False,False,Wattay International Airport,VTE
Phnom Penh International Airport,PNH,2024-07-17 09:40,Suvarnabhumi Airport,BKK,2024-07-17 11:00,80,THAI,Economy,605,445.0,,220,Y,Y,Y,1,7,2,23,Wednesday,False,False,False,Wattay International Airport,VTE
Phnom Penh International Airport,PNH,2024-07-17 21:15,Suvarnabhumi Airport,BKK,2024-07-17 22:30,75,THAI,Economy,935,785.0,True,241,Y,Y,Y,1,7,2,23,Wednesday,False,False,False,Wattay International Airport,VTE
Phnom Penh International Airport,PNH,2024-07-17 14:00,Kunming Changshui International Airport,KMG,2024-07-17 18:00,180,China Eastern,Economy,420,150.0,,310,Y,Y,Y,1,8,2,23,Wednesday,False,False,False,Wattay International Airport,VTE
Phnom Penh International Airport,PNH,2024-07-17 08:00,Guangzhou Baiyun International Airport,CAN,2024-07-17 11:40,160,China Southern,Economy,610,295.0,,312,Y,Y,Y,1,8,1,23,Wednesday,False,False,False,Wattay International Airport,VTE
Phnom Penh International Airport,PNH,2024-07-17 23:55,Incheon International Airport,ICN,2024-07-18 07:10,315,Asiana,Economy,1355,710.0,,654,Y,Y,Y,1,10,1,23,Wednesday,False,False,True,Wattay International Airport,VTE
Phnom Penh International Airport,PNH,2024-07-18 17:45,Wattay International Airport,VTE,2024-07-18 19:15,90,Vietnam Airlines,Economy,90,,,214,Y,Y,Y,1,10,1,23,Thursday,False,False,False,Wattay International Airport,VTE
Phnom Penh International Airport,PNH,2024-07-18 09:40,Suvarnabhumi Airport,BKK,2024-07-18 11:00,80,THAI,Economy,605,445.0,,220,Y,Y,Y,1,7,2,23,Thursday,False,False,False,Wattay International Airport,VTE
Phnom Penh International Airport,PNH,2024-07-18 21:15,Suvarnabhumi Airport,BKK,2024-07-18 22:30,75,THAI,Economy,935,785.0,True,241,Y,Y,Y,1,7,2,23,Thursday,False,False,False,Wattay International Airport,VTE
Phnom Penh International Airport,PNH,2024-07-18 15:05,Kunming Changshui International Airport,KMG,2024-07-18 18:50,165,China Eastern,Economy,1115,855.0,True,310,Y,Y,Y,1,8,2,23,Thursday,False,False,False,Wattay International Airport,VTE
Phnom Penh International Airport,PNH,2024-07-19 17:45,Wattay International Airport,VTE,2024-07-19 19:15,90,Vietnam Airlines,Economy,90,,,214,Y,Y,Y,1,10,1,23,Friday,False,False,False,Wattay International Airport,VTE
Phnom Penh International Airport,PNH,2024-07-19 09:40,Suvarnabhumi Airport,BKK,2024-07-19 11:00,80,THAI,Economy,605,445.0,,220,Y,Y,Y,1,7,2,23,Friday,False,False,False,Wattay International Airport,VTE
Phnom Penh International Airport,PNH,2024-07-19 14:00,Kunming Changshui International Airport,KMG,2024-07-19 17:45,165,China Eastern,Economy,420,165.0,,310,Y,Y,Y,1,8,2,23,Friday,False,False,False,Wattay International Airport,VTE
Phnom Penh International Airport,PNH,2024-07-19 08:00,Guangzhou Baiyun International Airport,CAN,2024-07-19 11:40,160,China Southern,Economy,610,295.0,,312,Y,Y,Y,1,8,1,23,Friday,False,False,False,Wattay International Airport,VTE
Phnom Penh International Airport,PNH,2024-07-19 21:15,Suvarnabhumi Airport,BKK,2024-07-19 22:30,75,THAI,Economy,1350,1195.0,True,279,Y,Y,Y,1,7,2,23,Friday,False,False,False,Wattay International Airport,VTE
Phnom Penh International Airport,PNH,2024-07-19 18:25,Singapore Changi Airport,SIN,2024-07-19 21:25,120,Singapore Airlines,Economy,1065,775.0,True,507,Y,Y,Y,1,7,1,23,Friday,False,False,False,Wattay International Airport,VTE
Phnom Penh International Airport,PNH,2024-07-20 17:45,Wattay International Airport,VTE,2024-07-20 19:15,90,Vietnam Airlines,Economy,90,,,214,Y,Y,Y,1,10,1,23,Saturday,False,True,False,Wattay International Airport,VTE
Phnom Penh International Airport,PNH,2024-07-20 09:40,Suvarnabhumi Airport,BKK,2024-07-20 11:00,80,THAI,Economy,605,445.0,,220,Y,Y,Y,1,7,2,23,Saturday,False,True,False,Wattay International Airport,VTE
Phnom Penh International Airport,PNH,2024-07-20 15:05,Kunming Changshui International Airport,KMG,2024-07-20 18:50,165,China Eastern,Economy,1115,855.0,True,310,Y,Y,Y,1,8,2,23,Saturday,False,True,False,Wattay International Airport,VTE
Phnom Penh International Airport,PNH,2024-07-20 21:15,Suvarnabhumi Airport,BKK,2024-07-20 22:30,75,THAI,Economy,1350,1195.0,True,336,Y,Y,Y,1,7,2,23,Saturday,False,True,False,Wattay International Airport,VTE
Phnom Penh International Airport,PNH,2024-07-20 21:15,Suvarnabhumi Airport,BKK,2024-07-20 22:30,75,THAI,Economy,935,785.0,True,509,Y,Y,Y,1,7,2,23,Saturday,False,True,False,Wattay International Airport,VTE
Phnom Penh International Airport,PNH,2024-07-20 23:55,Incheon International Airport,ICN,2024-07-21 07:10,315,Asiana,Economy,1355,710.0,,696,Y,Y,Y,1,10,1,23,Saturday,False,False,True,Wattay International Airport,VTE
Phnom Penh International Airport,PNH,2024-07-21 17:45,Wattay International Airport,VTE,2024-07-21 19:15,90,Vietnam Airlines,Economy,90,,,214,Y,Y,Y,1,10,1,23,Sunday,False,False,False,Wattay International Airport,VTE
Phnom Penh International Airport,PNH,2024-07-21 09:40,Suvarnabhumi Airport,BKK,2024-07-21 11:00,80,THAI,Economy,605,445.0,,220,Y,Y,Y,1,7,2,23,Sunday,False,False,False,Wattay International Airport,VTE
Phnom Penh International Airport,PNH,2024-07-21 21:15,Suvarnabhumi Airport,BKK,2024-07-21 22:30,75,THAI,Economy,1350,1195.0,True,241,Y,Y,Y,1,7,2,23,Sunday,False,False,False,Wattay International Airport,VTE
Phnom Penh International Airport,PNH,2024-07-21 21:15,Suvarnabhumi Airport,BKK,2024-07-21 22:30,75,THAI,Economy,935,785.0,True,279,Y,Y,Y,1,7,2,23,Sunday,False,False,False,Wattay International Airport,VTE
Phnom Penh International Airport,PNH,2024-07-21 14:00,Kunming Changshui International Airport,KMG,2024-07-21 17:45,165,China Eastern,Economy,420,165.0,,310,Y,Y,Y,1,8,2,23,Sunday,False,False,False,Wattay International Airport,VTE
Phnom Penh International Airport,PNH,2024-07-21 08:00,Guangzhou Baiyun International Airport,CAN,2024-07-21 11:40,160,China Southern,Economy,610,295.0,,312,Y,Y,Y,1,8,1,23,Sunday,False,False,False,Wattay International Airport,VTE
Phnom Penh International Airport,PNH,2024-07-22 17:45,Wattay International Airport,VTE,2024-07-22 19:15,90,Vietnam Airlines,Economy,90,,,214,Y,Y,Y,1,10,1,23,Monday,False,False,False,Wattay International Airport,VTE
Phnom Penh International Airport,PNH,2024-07-22 09:40,Suvarnabhumi Airport,BKK,2024-07-22 11:00,80,THAI,Economy,605,445.0,,220,Y,Y,Y,1,7,2,23,Monday,False,False,False,Wattay International Airport,VTE
Phnom Penh International Airport,PNH,2024-07-22 21:15,Suvarnabhumi Airport,BKK,2024-07-22 22:30,75,THAI,Economy,935,785.0,True,271,Y,Y,Y,1,7,2,23,Monday,False,False,False,Wattay International Airport,VTE
Phnom Penh International Airport,PNH,2024-07-22 14:00,Kunming Changshui International Airport,KMG,2024-07-22 18:00,180,China Eastern,Economy,420,150.0,,310,Y,Y,Y,1,8,2,23,Monday,False,False,False,Wattay International Airport,VTE
Phnom Penh International Airport,PNH,2024-07-22 18:25,Singapore Changi Airport,SIN,2024-07-22 21:25,120,Singapore Airlines,Economy,1065,775.0,True,507,Y,Y,Y,1,7,1,23,Monday,False,False,False,Wattay International Airport,VTE
Phnom Penh International Airport,PNH,2024-07-23 09:40,Suvarnabhumi Airport,BKK,2024-07-23 11:00,80,THAI,Economy,605,445.0,,220,Y,Y,Y,1,7,2,23,Tuesday,False,False,False,Wattay International Airport,VTE
Phnom Penh International Airport,PNH,2024-07-23 17:45,Wattay International Airport,VTE,2024-07-23 19:15,90,Vietnam Airlines,Economy,90,,,274,Y,Y,Y,1,10,1,23,Tuesday,False,False,False,Wattay International Airport,VTE
Phnom Penh International Airport,PNH,2024-07-23 21:15,Suvarnabhumi Airport,BKK,2024-07-23 22:30,75,THAI,Economy,935,785.0,True,241,Y,Y,Y,1,7,2,23,Tuesday,False,False,False,Wattay International Airport,VTE
Phnom Penh International Airport,PNH,2024-07-23 15:05,Kunming Changshui International Airport,KMG,2024-07-23 18:50,165,China Eastern,Economy,1115,855.0,True,310,Y,Y,Y,1,8,2,23,Tuesday,False,False,False,Wattay International Airport,VTE
Phnom Penh International Airport,PNH,2024-07-23 23:55,Incheon International Airport,ICN,2024-07-24 07:10,315,Asiana,Economy,1355,710.0,,696,Y,Y,Y,1,10,1,23,Tuesday,False,False,True,Wattay International Airport,VTE
Phnom Penh International Airport,PNH,2024-07-24 17:45,Wattay International Airport,VTE,2024-07-24 19:15,90,Vietnam Airlines,Economy,90,,,214,Y,Y,Y,1,10,1,23,Wednesday,False,False,False,Wattay International Airport,VTE
Phnom Penh International Airport,PNH,2024-07-24 09:40,Suvarnabhumi Airport,BKK,2024-07-24 11:00,80,THAI,Economy,605,445.0,,220,Y,Y,Y,1,7,2,23,Wednesday,False,False,False,Wattay International Airport,VTE
Phnom Penh International Airport,PNH,2024-07-24 21:15,Suvarnabhumi Airport,BKK,2024-07-24 22:30,75,THAI,Economy,935,785.0,True,241,Y,Y,Y,1,7,2,23,Wednesday,False,False,False,Wattay International Airport,VTE
Phnom Penh International Airport,PNH,2024-07-24 14:00,Kunming Changshui International Airport,KMG,2024-07-24 18:00,180,China Eastern,Economy,420,150.0,,310,Y,Y,Y,1,8,2,23,Wednesday,False,False,False,Wattay International Airport,VTE
Phnom Penh International Airport,PNH,2024-07-24 08:00,Guangzhou Baiyun International Airport,CAN,2024-07-24 11:40,160,China Southern,Economy,610,295.0,,312,Y,Y,Y,1,8,1,23,Wednesday,False,False,False,Wattay International Airport,VTE
Phnom Penh International Airport,PNH,2024-07-24 23:55,Incheon International Airport,ICN,2024-07-25 07:10,315,Asiana,Economy,1355,710.0,,696,Y,Y,Y,1,10,1,23,Wednesday,False,False,True,Wattay International Airport,VTE
Phnom Penh International Airport,PNH,2024-07-25 17:45,Wattay International Airport,VTE,2024-07-25 19:15,90,Vietnam Airlines,Economy,90,,,214,Y,Y,Y,1,10,1,23,Thursday,False,False,False,Wattay International Airport,VTE
Phnom Penh International Airport,PNH,2024-07-25 09:40,Suvarnabhumi Airport,BKK,2024-07-25 11:00,80,THAI,Economy,605,445.0,,220,Y,Y,Y,1,7,2,23,Thursday,False,False,False,Wattay International Airport,VTE
Phnom Penh International Airport,PNH,2024-07-25 21:15,Suvarnabhumi Airport,BKK,2024-07-25 22:30,75,THAI,Economy,935,785.0,True,271,Y,Y,Y,1,7,2,23,Thursday,False,False,False,Wattay International Airport,VTE
Phnom Penh International Airport,PNH,2024-07-25 15:05,Kunming Changshui International Airport,KMG,2024-07-25 18:50,165,China Eastern,Economy,1115,855.0,True,310,Y,Y,Y,1,8,2,23,Thursday,False,False,False,Wattay International Airport,VTE
Phnom Penh International Airport,PNH,2024-07-26 17:45,Wattay International Airport,VTE,2024-07-26 19:15,90,Vietnam Airlines,Economy,90,,,214,Y,Y,Y,1,10,1,23,Friday,False,False,False,Wattay International Airport,VTE
Phnom Penh International Airport,PNH,2024-07-26 09:40,Suvarnabhumi Airport,BKK,2024-07-26 11:00,80,THAI,Economy,605,445.0,,220,Y,Y,Y,1,7,2,23,Friday,False,False,False,Wattay International Airport,VTE
Phnom Penh International Airport,PNH,2024-07-26 14:00,Kunming Changshui International Airport,KMG,2024-07-26 17:45,165,China Eastern,Economy,420,165.0,,310,Y,Y,Y,1,8,2,23,Friday,False,False,False,Wattay International Airport,VTE
Phnom Penh International Airport,PNH,2024-07-26 08:00,Guangzhou Baiyun International Airport,CAN,2024-07-26 11:40,160,China Southern,Economy,610,295.0,,312,Y,Y,Y,1,8,1,23,Friday,False,False,False,Wattay International Airport,VTE
Phnom Penh International Airport,PNH,2024-07-26 21:15,Suvarnabhumi Airport,BKK,2024-07-26 22:30,75,THAI,Economy,1350,1195.0,True,241,Y,Y,Y,1,7,2,23,Friday,False,False,False,Wattay International Airport,VTE
Phnom Penh International Airport,PNH,2024-07-26 21:15,Suvarnabhumi Airport,BKK,2024-07-26 22:30,75,THAI,Economy,935,785.0,True,271,Y,Y,Y,1,7,2,23,Friday,False,False,False,Wattay International Airport,VTE
Phnom Penh International Airport,PNH,2024-07-26 18:25,Singapore Changi Airport,SIN,2024-07-26 21:25,120,Singapore Airlines,Economy,1065,775.0,True,472,Y,Y,Y,1,7,1,23,Friday,False,False,False,Wattay International Airport,VTE
Phnom Penh International Airport,PNH,2024-07-26 23:55,Incheon International Airport,ICN,2024-07-27 07:10,315,Asiana,Economy,1355,710.0,,720,Y,Y,Y,1,10,1,23,Friday,False,False,True,Wattay International Airport,VTE
Phnom Penh International Airport,PNH,2024-07-27 17:45,Wattay International Airport,VTE,2024-07-27 19:15,90,Vietnam Airlines,Economy,90,,,214,Y,Y,Y,1,10,1,23,Saturday,False,False,False,Wattay International Airport,VTE
Phnom Penh International Airport,PNH,2024-07-27 09:40,Suvarnabhumi Airport,BKK,2024-07-27 11:00,80,THAI,Economy,605,445.0,,220,Y,Y,Y,1,7,2,23,Saturday,False,False,False,Wattay International Airport,VTE
Phnom Penh International Airport,PNH,2024-07-27 21:15,Suvarnabhumi Airport,BKK,2024-07-27 22:30,75,THAI,Economy,935,785.0,True,271,Y,Y,Y,1,7,2,23,Saturday,False,False,False,Wattay International Airport,VTE
Phnom Penh International Airport,PNH,2024-07-27 15:05,Kunming Changshui International Airport,KMG,2024-07-27 18:50,165,China Eastern,Economy,1115,855.0,True,310,Y,Y,Y,1,8,2,23,Saturday,False,False,False,Wattay International Airport,VTE
Phnom Penh International Airport,PNH,2024-07-27 23:55,Incheon International Airport,ICN,2024-07-28 07:10,315,Asiana,Economy,1355,710.0,,761,Y,Y,Y,1,10,1,23,Saturday,False,False,True,Wattay International Airport,VTE
Phnom Penh International Airport,PNH,2024-07-28 17:45,Wattay International Airport,VTE,2024-07-28 19:15,90,Vietnam Airlines,Economy,90,,,214,Y,Y,Y,1,10,1,23,Sunday,False,False,False,Wattay International Airport,VTE
Phnom Penh International Airport,PNH,2024-07-28 09:40,Suvarnabhumi Airport,BKK,2024-07-28 11:00,80,THAI,Economy,605,445.0,,220,Y,Y,Y,1,7,2,23,Sunday,False,False,False,Wattay International Airport,VTE
Phnom Penh International Airport,PNH,2024-07-28 21:15,Suvarnabhumi Airport,BKK,2024-07-28 22:30,75,THAI,Economy,935,785.0,True,241,Y,Y,Y,1,7,2,23,Sunday,False,False,False,Wattay International Airport,VTE
Phnom Penh International Airport,PNH,2024-07-28 14:00,Kunming Changshui International Airport,KMG,2024-07-28 17:45,165,China Eastern,Economy,420,165.0,,310,Y,Y,Y,1,8,2,23,Sunday,False,False,False,Wattay International Airport,VTE
Phnom Penh International Airport,PNH,2024-07-28 08:00,Guangzhou Baiyun International Airport,CAN,2024-07-28 11:40,160,China Southern,Economy,610,295.0,,312,Y,Y,Y,1,8,1,23,Sunday,False,False,False,Wattay International Airport,VTE
Phnom Penh International Airport,PNH,2024-07-29 17:45,Wattay International Airport,VTE,2024-07-29 19:15,90,Vietnam Airlines,Economy,90,,,214,Y,Y,Y,1,10,1,23,Monday,False,False,False,Wattay International Airport,VTE
Phnom Penh International Airport,PNH,2024-07-29 09:40,Suvarnabhumi Airport,BKK,2024-07-29 11:00,80,THAI,Economy,605,445.0,,220,Y,Y,Y,1,7,2,23,Monday,False,False,False,Wattay International Airport,VTE
Phnom Penh International Airport,PNH,2024-07-29 21:15,Suvarnabhumi Airport,BKK,2024-07-29 22:30,75,THAI,Economy,935,785.0,True,241,Y,Y,Y,1,7,2,23,Monday,False,False,False,Wattay International Airport,VTE
Phnom Penh International Airport,PNH,2024-07-29 14:00,Kunming Changshui International Airport,KMG,2024-07-29 18:00,180,China Eastern,Economy,420,150.0,,310,Y,Y,Y,1,8,2,23,Monday,False,False,False,Wattay International Airport,VTE
Phnom Penh International Airport,PNH,2024-07-29 18:25,Singapore Changi Airport,SIN,2024-07-29 21:25,120,Singapore Airlines,Economy,1065,775.0,True,472,Y,Y,Y,1,7,1,23,Monday,False,False,False,Wattay International Airport,VTE
Phnom Penh International Airport,PNH,2024-07-30 17:45,Wattay International Airport,VTE,2024-07-30 19:15,90,Vietnam Airlines,Economy,90,,,214,Y,Y,Y,1,10,1,23,Tuesday,False,False,False,Wattay International Airport,VTE
Phnom Penh International Airport,PNH,2024-07-30 09:40,Suvarnabhumi Airport,BKK,2024-07-30 11:00,80,THAI,Economy,605,445.0,,220,Y,Y,Y,1,7,2,23,Tuesday,False,False,False,Wattay International Airport,VTE
Phnom Penh International Airport,PNH,2024-07-30 21:15,Suvarnabhumi Airport,BKK,2024-07-30 22:30,75,THAI,Economy,935,785.0,True,241,Y,Y,Y,1,7,2,23,Tuesday,False,False,False,Wattay International Airport,VTE
Phnom Penh International Airport,PNH,2024-07-30 15:05,Kunming Changshui International Airport,KMG,2024-07-30 18:50,165,China Eastern,Economy,1115,855.0,True,310,Y,Y,Y,1,8,2,23,Tuesday,False,False,False,Wattay International Airport,VTE
Phnom Penh International Airport,PNH,2024-07-31 17:45,Wattay International Airport,VTE,2024-07-31 19:15,90,Vietnam Airlines,Economy,90,,,214,Y,Y,Y,1,10,1,23,Wednesday,False,False,False,Wattay International Airport,VTE
Phnom Penh International Airport,PNH,2024-07-31 09:40,Suvarnabhumi Airport,BKK,2024-07-31 11:00,80,THAI,Economy,605,445.0,,220,Y,Y,Y,1,7,2,23,Wednesday,False,False,False,Wattay International Airport,VTE
Phnom Penh International Airport,PNH,2024-07-31 21:15,Suvarnabhumi Airport,BKK,2024-07-31 22:30,75,THAI,Economy,925,775.0,True,241,Y,Y,Y,1,7,2,23,Wednesday,False,False,False,Wattay International Airport,VTE
Phnom Penh International Airport,PNH,2024-07-31 14:00,Kunming Changshui International Airport,KMG,2024-07-31 18:00,180,China Eastern,Economy,420,150.0,,310,Y,Y,Y,1,8,2,23,Wednesday,False,False,False,Wattay International Airport,VTE
Phnom Penh International Airport,PNH,2024-07-31 08:00,Guangzhou Baiyun International Airport,CAN,2024-07-31 11:40,160,China Southern,Economy,610,295.0,,312,Y,Y,Y,1,8,1,23,Wednesday,False,False,False,Wattay International Airport,VTE
Phnom Penh International Airport,PNH,2024-07-31 18:40,Singapore Changi Airport,SIN,2024-07-31 21:40,120,Singapore Airlines,Economy,1050,760.0,True,472,Y,Y,Y,1,7,1,23,Wednesday,False,False,False,Wattay International Airport,VTE
Phnom Penh International Airport,PNH,2024-07-31 23:55,Incheon International Airport,ICN,2024-08-01 07:10,315,Asiana,Economy,1355,710.0,,696,Y,Y,Y,1,10,1,23,Wednesday,False,False,True,Wattay International Airport,VTE
Phnom Penh International Airport,PNH,2024-08-01 09:40,Suvarnabhumi Airport,BKK,2024-08-01 11:00,80,THAI,Economy,605,445.0,,240,Y,Y,Y,1,7,2,23,Thursday,False,False,False,Wattay International Airport,VTE
Phnom Penh International Airport,PNH,2024-08-01 17:45,Wattay International Airport,VTE,2024-08-01 19:15,90,Vietnam Airlines,Economy,90,,,254,Y,Y,Y,1,10,1,23,Thursday,False,False,False,Wattay International Airport,VTE
Phnom Penh International Airport,PNH,2024-08-01 21:15,Suvarnabhumi Airport,BKK,2024-08-01 22:30,75,THAI,Economy,925,775.0,True,261,Y,Y,Y,1,7,2,23,Thursday,False,False,False,Wattay International Airport,VTE
Phnom Penh International Airport,PNH,2024-08-01 15:05,Kunming Changshui International Airport,KMG,2024-08-01 18:50,165,China Eastern,Economy,1115,855.0,True,310,Y,Y,Y,1,8,2,23,Thursday,False,False,False,Wattay International Airport,VTE
Phnom Penh International Airport,PNH,2024-08-02 09:40,Suvarnabhumi Airport,BKK,2024-08-02 11:00,80,THAI,Economy,605,445.0,,240,Y,Y,Y,1,7,2,23,Friday,False,False,False,Wattay International Airport,VTE
Phnom Penh International Airport,PNH,2024-08-02 17:45,Wattay International Airport,VTE,2024-08-02 19:15,90,Vietnam Airlines,Economy,90,,,254,Y,Y,Y,1,10,1,23,Friday,False,False,False,Wattay International Airport,VTE
Phnom Penh International Airport,PNH,2024-08-02 14:00,Kunming Changshui International Airport,KMG,2024-08-02 17:45,165,China Eastern,Economy,420,165.0,,310,Y,Y,Y,1,8,2,23,Friday,False,False,False,Wattay International Airport,VTE
Phnom Penh International Airport,PNH,2024-08-02 21:15,Suvarnabhumi Airport,BKK,2024-08-02 22:30,75,THAI,Economy,925,775.0,True,261,Y,Y,Y,1,7,2,23,Friday,False,False,False,Wattay International Airport,VTE
Phnom Penh International Airport,PNH,2024-08-02 18:25,Singapore Changi Airport,SIN,2024-08-02 21:25,120,Singapore Airlines,Economy,1065,775.0,True,472,Y,Y,Y,1,7,1,23,Friday,False,False,False,Wattay International Airport,VTE
Phnom Penh International Airport,PNH,2024-08-02 08:00,Guangzhou Baiyun International Airport,CAN,2024-08-02 11:40,160,China Southern,Economy,610,295.0,,487,Y,Y,Y,1,8,1,23,Friday,False,False,False,Wattay International Airport,VTE
Phnom Penh International Airport,PNH,2024-08-02 23:55,Incheon International Airport,ICN,2024-08-03 07:20,325,Asiana,Economy,1355,700.0,,870,Y,Y,Y,1,10,1,23,Friday,False,False,True,Wattay International Airport,VTE
Phnom Penh International Airport,PNH,2024-08-03 17:45,Wattay International Airport,VTE,2024-08-03 19:15,90,Vietnam Airlines,Economy,90,,,215,Y,Y,Y,1,10,1,23,Saturday,False,False,False,Wattay International Airport,VTE
Phnom Penh International Airport,PNH,2024-08-03 09:40,Suvarnabhumi Airport,BKK,2024-08-03 11:00,80,THAI,Economy,605,445.0,,240,Y,Y,Y,1,7,2,23,Saturday,False,False,False,Wattay International Airport,VTE
Phnom Penh International Airport,PNH,2024-08-03 21:15,Suvarnabhumi Airport,BKK,2024-08-03 22:30,75,THAI,Economy,925,775.0,True,261,Y,Y,Y,1,7,2,23,Saturday,False,False,False,Wattay International Airport,VTE
Phnom Penh International Airport,PNH,2024-08-03 15:05,Kunming Changshui International Airport,KMG,2024-08-03 18:50,165,China Eastern,Economy,1115,855.0,True,310,Y,Y,Y,1,8,2,23,Saturday,False,False,False,Wattay International Airport,VTE
Phnom Penh International Airport,PNH,2024-08-04 17:45,Wattay International Airport,VTE,2024-08-04 19:15,90,Vietnam Airlines,Economy,90,,,238,Y,Y,Y,1,10,1,23,Sunday,False,False,False,Wattay International Airport,VTE
Phnom Penh International Airport,PNH,2024-08-04 09:40,Suvarnabhumi Airport,BKK,2024-08-04 11:00,80,THAI,Economy,605,445.0,,240,Y,Y,Y,1,7,2,23,Sunday,False,False,False,Wattay International Airport,VTE
Phnom Penh International Airport,PNH,2024-08-04 21:15,Suvarnabhumi Airport,BKK,2024-08-04 22:30,75,THAI,Economy,925,775.0,True,261,Y,Y,Y,1,7,2,23,Sunday,False,False,False,Wattay International Airport,VTE
Phnom Penh International Airport,PNH,2024-08-04 14:00,Kunming Changshui International Airport,KMG,2024-08-04 17:45,165,China Eastern,Economy,420,165.0,,310,Y,Y,Y,1,8,2,23,Sunday,False,False,False,Wattay International Airport,VTE
Phnom Penh International Airport,PNH,2024-08-04 08:00,Guangzhou Baiyun International Airport,CAN,2024-08-04 11:40,160,China Southern,Economy,610,295.0,,336,Y,Y,Y,1,8,1,23,Sunday,False,False,False,Wattay International Airport,VTE
Phnom Penh International Airport,PNH,2024-08-05 17:45,Wattay International Airport,VTE,2024-08-05 19:15,90,Vietnam Airlines,Economy,90,,,215,Y,Y,Y,1,10,1,23,Monday,False,False,False,Wattay International Airport,VTE
Phnom Penh International Airport,PNH,2024-08-05 09:40,Suvarnabhumi Airport,BKK,2024-08-05 11:00,80,THAI,Economy,605,445.0,,240,Y,Y,Y,1,7,2,23,Monday,False,False,False,Wattay International Airport,VTE
Phnom Penh International Airport,PNH,2024-08-05 21:15,Suvarnabhumi Airport,BKK,2024-08-05 22:30,75,THAI,Economy,925,775.0,True,261,Y,Y,Y,1,7,2,23,Monday,False,False,False,Wattay International Airport,VTE
Phnom Penh International Airport,PNH,2024-08-05 14:00,Kunming Changshui International Airport,KMG,2024-08-05 18:00,180,China Eastern,Economy,420,150.0,,310,Y,Y,Y,1,8,2,23,Monday,False,False,False,Wattay International Airport,VTE
Phnom Penh International Airport,PNH,2024-08-05 18:25,Singapore Changi Airport,SIN,2024-08-05 21:25,120,Singapore Airlines,Economy,1065,775.0,True,540,Y,Y,Y,1,7,1,23,Monday,False,False,False,Wattay International Airport,VTE
Phnom Penh International Airport,PNH,2024-08-06 17:45,Wattay International Airport,VTE,2024-08-06 19:15,90,Vietnam Airlines,Economy,90,,,215,Y,Y,Y,1,10,1,23,Tuesday,False,False,False,Wattay International Airport,VTE
Phnom Penh International Airport,PNH,2024-08-06 09:40,Suvarnabhumi Airport,BKK,2024-08-06 11:00,80,THAI,Economy,605,445.0,,240,Y,Y,Y,1,7,2,23,Tuesday,False,False,False,Wattay International Airport,VTE
Phnom Penh International Airport,PNH,2024-08-06 21:15,Suvarnabhumi Airport,BKK,2024-08-06 22:30,75,THAI,Economy,925,775.0,True,261,Y,Y,Y,1,7,2,23,Tuesday,False,False,False,Wattay International Airport,VTE
Phnom Penh International Airport,PNH,2024-08-06 15:05,Kunming Changshui International Airport,KMG,2024-08-06 18:50,165,China Eastern,Economy,1115,855.0,True,310,Y,Y,Y,1,8,2,23,Tuesday,False,False,False,Wattay International Airport,VTE
Phnom Penh International Airport,PNH,2024-08-06 23:55,Incheon International Airport,ICN,2024-08-07 07:20,325,Asiana,Economy,1355,700.0,,695,Y,Y,Y,1,10,1,23,Tuesday,False,False,True,Wattay International Airport,VTE
Phnom Penh International Airport,PNH,2024-08-07 17:45,Wattay International Airport,VTE,2024-08-07 19:15,90,Vietnam Airlines,Economy,90,,,215,Y,Y,Y,1,10,1,23,Wednesday,False,False,False,Wattay International Airport,VTE
Phnom Penh International Airport,PNH,2024-08-07 09:40,Suvarnabhumi Airport,BKK,2024-08-07 11:00,80,THAI,Economy,605,445.0,,240,Y,Y,Y,1,7,2,23,Wednesday,False,False,False,Wattay International Airport,VTE
Phnom Penh International Airport,PNH,2024-08-07 21:15,Suvarnabhumi Airport,BKK,2024-08-07 22:30,75,THAI,Economy,925,775.0,True,261,Y,Y,Y,1,7,2,23,Wednesday,False,False,False,Wattay International Airport,VTE
Phnom Penh International Airport,PNH,2024-08-07 14:00,Kunming Changshui International Airport,KMG,2024-08-07 18:00,180,China Eastern,Economy,420,150.0,,310,Y,Y,Y,1,8,2,23,Wednesday,False,False,False,Wattay International Airport,VTE
Phnom Penh International Airport,PNH,2024-08-07 08:00,Guangzhou Baiyun International Airport,CAN,2024-08-07 11:40,160,China Southern,Economy,610,295.0,,336,Y,Y,Y,1,8,1,23,Wednesday,False,False,False,Wattay International Airport,VTE
Phnom Penh International Airport,PNH,2024-08-07 18:40,Singapore Changi Airport,SIN,2024-08-07 21:40,120,Singapore Airlines,Economy,1050,760.0,True,472,Y,Y,Y,1,7,1,23,Wednesday,False,False,False,Wattay International Airport,VTE
Phnom Penh International Airport,PNH,2024-08-07 23:55,Incheon International Airport,ICN,2024-08-08 07:20,325,Asiana,Economy,1355,700.0,,695,Y,Y,Y,1,10,1,23,Wednesday,False,False,True,Wattay International Airport,VTE
Phnom Penh International Airport,PNH,2024-08-08 17:45,Wattay International Airport,VTE,2024-08-08 19:15,90,Vietnam Airlines,Economy,90,,,215,Y,Y,Y,1,10,1,23,Thursday,False,False,False,Wattay International Airport,VTE
Phnom Penh International Airport,PNH,2024-08-08 09:40,Suvarnabhumi Airport,BKK,2024-08-08 11:00,80,THAI,Economy,605,445.0,,240,Y,Y,Y,1,7,2,23,Thursday,False,False,False,Wattay International Airport,VTE
Phnom Penh International Airport,PNH,2024-08-08 21:15,Suvarnabhumi Airport,BKK,2024-08-08 22:30,75,THAI,Economy,925,775.0,True,261,Y,Y,Y,1,7,2,23,Thursday,False,False,False,Wattay International Airport,VTE
Phnom Penh International Airport,PNH,2024-08-08 15:05,Kunming Changshui International Airport,KMG,2024-08-08 18:50,165,China Eastern,Economy,1115,855.0,True,310,Y,Y,Y,1,8,2,23,Thursday,False,False,False,Wattay International Airport,VTE
Phnom Penh International Airport,PNH,2024-08-09 17:45,Wattay International Airport,VTE,2024-08-09 19:15,90,Vietnam Airlines,Economy,90,,,215,Y,Y,Y,1,10,1,23,Friday,False,False,False,Wattay International Airport,VTE
Phnom Penh International Airport,PNH,2024-08-09 09:40,Suvarnabhumi Airport,BKK,2024-08-09 11:00,80,THAI,Economy,605,445.0,,240,Y,Y,Y,1,7,2,23,Friday,False,False,False,Wattay International Airport,VTE
Phnom Penh International Airport,PNH,2024-08-09 21:15,Suvarnabhumi Airport,BKK,2024-08-09 22:30,75,THAI,Economy,925,775.0,True,261,Y,Y,Y,1,7,2,23,Friday,False,False,False,Wattay International Airport,VTE
Phnom Penh International Airport,PNH,2024-08-09 14:00,Kunming Changshui International Airport,KMG,2024-08-09 17:45,165,China Eastern,Economy,420,165.0,,310,Y,Y,Y,1,8,2,23,Friday,False,False,False,Wattay International Airport,VTE
Phnom Penh International Airport,PNH,2024-08-09 08:00,Guangzhou Baiyun International Airport,CAN,2024-08-09 11:40,160,China Southern,Economy,610,295.0,,336,Y,Y,Y,1,8,1,23,Friday,False,False,False,Wattay International Airport,VTE
Phnom Penh International Airport,PNH,2024-08-09 18:25,Singapore Changi Airport,SIN,2024-08-09 21:25,120,Singapore Airlines,Economy,1065,775.0,True,472,Y,Y,Y,1,7,1,23,Friday,False,False,False,Wattay International Airport,VTE
Phnom Penh International Airport,PNH,2024-08-09 23:55,Incheon International Airport,ICN,2024-08-10 07:20,325,Asiana,Economy,1355,700.0,,870,Y,Y,Y,1,10,1,23,Friday,False,False,True,Wattay International Airport,VTE
Phnom Penh International Airport,PNH,2024-08-10 17:45,Wattay International Airport,VTE,2024-08-10 19:15,90,Vietnam Airlines,Economy,90,,,238,Y,Y,Y,1,10,1,23,Saturday,False,False,False,Wattay International Airport,VTE
Phnom Penh International Airport,PNH,2024-08-10 09:40,Suvarnabhumi Airport,BKK,2024-08-10 11:00,80,THAI,Economy,605,445.0,,240,Y,Y,Y,1,7,2,23,Saturday,False,False,False,Wattay International Airport,VTE
Phnom Penh International Airport,PNH,2024-08-10 21:15,Suvarnabhumi Airport,BKK,2024-08-10 22:30,75,THAI,Economy,925,775.0,True,261,Y,Y,Y,1,7,2,23,Saturday,False,False,False,Wattay International Airport,VTE
Phnom Penh International Airport,PNH,2024-08-10 15:05,Kunming Changshui International Airport,KMG,2024-08-10 18:50,165,China Eastern,Economy,1115,855.0,True,310,Y,Y,Y,1,8,2,23,Saturday,False,False,False,Wattay International Airport,VTE
Phnom Penh International Airport,PNH,2024-08-10 23:55,Incheon International Airport,ICN,2024-08-11 07:20,325,Asiana,Economy,1355,700.0,,695,Y,Y,Y,1,10,1,23,Saturday,False,False,True,Wattay International Airport,VTE
Phnom Penh International Airport,PNH,2024-08-11 17:45,Wattay International Airport,VTE,2024-08-11 19:15,90,Vietnam Airlines,Economy,90,,,215,Y,Y,Y,1,10,1,23,Sunday,False,False,False,Wattay International Airport,VTE
Phnom Penh International Airport,PNH,2024-08-11 09:40,Suvarnabhumi Airport,BKK,2024-08-11 11:00,80,THAI,Economy,605,445.0,,254,Y,Y,Y,1,7,2,23,Sunday,False,False,False,Wattay International Airport,VTE
Phnom Penh International Airport,PNH,2024-08-11 21:15,Suvarnabhumi Airport,BKK,2024-08-11 22:30,75,THAI,Economy,925,775.0,True,261,Y,Y,Y,1,7,2,23,Sunday,False,False,False,Wattay International Airport,VTE
Phnom Penh International Airport,PNH,2024-08-11 14:00,Kunming Changshui International Airport,KMG,2024-08-11 17:45,165,China Eastern,Economy,420,165.0,,310,Y,Y,Y,1,8,2,23,Sunday,False,False,False,Wattay International Airport,VTE
Phnom Penh International Airport,PNH,2024-08-11 08:00,Guangzhou Baiyun International Airport,CAN,2024-08-11 11:40,160,China Southern,Economy,610,295.0,,336,Y,Y,Y,1,8,1,23,Sunday,False,False,False,Wattay International Airport,VTE
Phnom Penh International Airport,PNH,2024-08-12 17:45,Wattay International Airport,VTE,2024-08-12 19:15,90,Vietnam Airlines,Economy,90,,,215,Y,Y,Y,1,10,1,23,Monday,False,False,False,Wattay International Airport,VTE
Phnom Penh International Airport,PNH,2024-08-12 09:40,Suvarnabhumi Airport,BKK,2024-08-12 11:00,80,THAI,Economy,605,445.0,,240,Y,Y,Y,1,7,2,23,Monday,False,False,False,Wattay International Airport,VTE
Phnom Penh International Airport,PNH,2024-08-12 21:15,Suvarnabhumi Airport,BKK,2024-08-12 22:30,75,THAI,Economy,925,775.0,True,261,Y,Y,Y,1,7,2,23,Monday,False,False,False,Wattay International Airport,VTE
Phnom Penh International Airport,PNH,2024-08-12 14:00,Kunming Changshui International Airport,KMG,2024-08-12 18:00,180,China Eastern,Economy,420,150.0,,310,Y,Y,Y,1,8,2,23,Monday,False,False,False,Wattay International Airport,VTE
Phnom Penh International Airport,PNH,2024-08-12 18:25,Singapore Changi Airport,SIN,2024-08-12 21:25,120,Singapore Airlines,Economy,1065,775.0,True,472,Y,Y,Y,1,7,1,23,Monday,False,False,False,Wattay International Airport,VTE
Phnom Penh International Airport,PNH,2024-08-13 17:45,Wattay International Airport,VTE,2024-08-13 19:15,90,Vietnam Airlines,Economy,90,,,215,Y,Y,Y,1,10,1,23,Tuesday,False,False,False,Wattay International Airport,VTE
Phnom Penh International Airport,PNH,2024-08-13 09:40,Suvarnabhumi Airport,BKK,2024-08-13 11:00,80,THAI,Economy,605,445.0,,240,Y,Y,Y,1,7,2,23,Tuesday,False,False,False,Wattay International Airport,VTE
Phnom Penh International Airport,PNH,2024-08-13 21:15,Suvarnabhumi Airport,BKK,2024-08-13 22:30,75,THAI,Economy,925,775.0,True,261,Y,Y,Y,1,7,2,23,Tuesday,False,False,False,Wattay International Airport,VTE
Phnom Penh International Airport,PNH,2024-08-13 15:05,Kunming Changshui International Airport,KMG,2024-08-13 18:50,165,China Eastern,Economy,1115,855.0,True,310,Y,Y,Y,1,8,2,23,Tuesday,False,False,False,Wattay International Airport,VTE
Phnom Penh International Airport,PNH,2024-08-13 23:55,Incheon International Airport,ICN,2024-08-14 07:20,325,Asiana,Economy,1355,700.0,,759,Y,Y,Y,1,10,1,23,Tuesday,False,False,True,Wattay International Airport,VTE
Phnom Penh International Airport,PNH,2024-08-14 17:45,Wattay International Airport,VTE,2024-08-14 19:15,90,Vietnam Airlines,Economy,90,,,215,Y,Y,Y,1,10,1,23,Wednesday,False,False,False,Wattay International Airport,VTE
Phnom Penh International Airport,PNH,2024-08-14 09:40,Suvarnabhumi Airport,BKK,2024-08-14 11:00,80,THAI,Economy,605,445.0,,240,Y,Y,Y,1,7,2,23,Wednesday,False,False,False,Wattay International Airport,VTE
Phnom Penh International Airport,PNH,2024-08-14 21:15,Suvarnabhumi Airport,BKK,2024-08-14 22:30,75,THAI,Economy,925,775.0,True,261,Y,Y,Y,1,7,2,23,Wednesday,False,False,False,Wattay International Airport,VTE
Phnom Penh International Airport,PNH,2024-08-14 14:00,Kunming Changshui International Airport,KMG,2024-08-14 18:00,180,China Eastern,Economy,420,150.0,,310,Y,Y,Y,1,8,2,23,Wednesday,False,False,False,Wattay International Airport,VTE
Phnom Penh International Airport,PNH,2024-08-14 08:00,Guangzhou Baiyun International Airport,CAN,2024-08-14 11:40,160,China Southern,Economy,610,295.0,,336,Y,Y,Y,1,8,1,23,Wednesday,False,False,False,Wattay International Airport,VTE
Phnom Penh International Airport,PNH,2024-08-14 18:40,Singapore Changi Airport,SIN,2024-08-14 21:40,120,Singapore Airlines,Economy,1050,760.0,True,472,Y,Y,Y,1,7,1,23,Wednesday,False,False,False,Wattay International Airport,VTE
Phnom Penh International Airport,PNH,2024-08-15 17:45,Wattay International Airport,VTE,2024-08-15 19:15,90,Vietnam Airlines,Economy,90,,,215,Y,Y,Y,1,10,1,23,Thursday,False,False,False,Wattay International Airport,VTE
Phnom Penh International Airport,PNH,2024-08-15 09:40,Suvarnabhumi Airport,BKK,2024-08-15 11:00,80,THAI,Economy,605,445.0,,240,Y,Y,Y,1,7,2,23,Thursday,False,False,False,Wattay International Airport,VTE
Phnom Penh International Airport,PNH,2024-08-15 21:15,Suvarnabhumi Airport,BKK,2024-08-15 22:30,75,THAI,Economy,925,775.0,True,261,Y,Y,Y,1,7,2,23,Thursday,False,False,False,Wattay International Airport,VTE
Phnom Penh International Airport,PNH,2024-08-15 15:05,Kunming Changshui International Airport,KMG,2024-08-15 18:50,165,China Eastern,Economy,1115,855.0,True,310,Y,Y,Y,1,8,2,23,Thursday,False,False,False,Wattay International Airport,VTE
Phnom Penh International Airport,PNH,2024-08-16 17:45,Wattay International Airport,VTE,2024-08-16 19:15,90,Vietnam Airlines,Economy,90,,,215,Y,Y,Y,1,10,1,23,Friday,False,False,False,Wattay International Airport,VTE
Phnom Penh International Airport,PNH,2024-08-16 09:40,Suvarnabhumi Airport,BKK,2024-08-16 11:00,80,THAI,Economy,605,445.0,,240,Y,Y,Y,1,7,2,23,Friday,False,False,False,Wattay International Airport,VTE
Phnom Penh International Airport,PNH,2024-08-16 21:15,Suvarnabhumi Airport,BKK,2024-08-16 22:30,75,THAI,Economy,925,775.0,True,261,Y,Y,Y,1,7,2,23,Friday,False,False,False,Wattay International Airport,VTE
Phnom Penh International Airport,PNH,2024-08-16 14:00,Kunming Changshui International Airport,KMG,2024-08-16 17:45,165,China Eastern,Economy,420,165.0,,310,Y,Y,Y,1,8,2,23,Friday,False,False,False,Wattay International Airport,VTE
Phnom Penh International Airport,PNH,2024-08-16 08:00,Guangzhou Baiyun International Airport,CAN,2024-08-16 11:40,160,China Southern,Economy,610,295.0,,336,Y,Y,Y,1,8,1,23,Friday,False,False,False,Wattay International Airport,VTE
Phnom Penh International Airport,PNH,2024-08-16 18:25,Singapore Changi Airport,SIN,2024-08-16 21:25,120,Singapore Airlines,Economy,1065,775.0,True,472,Y,Y,Y,1,7,1,23,Friday,False,False,False,Wattay International Airport,VTE
Phnom Penh International Airport,PNH,2024-08-17 17:45,Wattay International Airport,VTE,2024-08-17 19:15,90,Vietnam Airlines,Economy,90,,,215,Y,Y,Y,1,10,1,23,Saturday,False,False,False,Wattay International Airport,VTE
Phnom Penh International Airport,PNH,2024-08-17 09:40,Suvarnabhumi Airport,BKK,2024-08-17 11:00,80,THAI,Economy,605,445.0,,240,Y,Y,Y,1,7,2,23,Saturday,False,False,False,Wattay International Airport,VTE
Phnom Penh International Airport,PNH,2024-08-17 21:15,Suvarnabhumi Airport,BKK,2024-08-17 22:30,75,THAI,Economy,925,775.0,True,261,Y,Y,Y,1,7,2,23,Saturday,False,False,False,Wattay International Airport,VTE
Phnom Penh International Airport,PNH,2024-08-17 15:05,Kunming Changshui International Airport,KMG,2024-08-17 18:50,165,China Eastern,Economy,1115,855.0,True,310,Y,Y,Y,1,8,2,23,Saturday,False,False,False,Wattay International Airport,VTE
Phnom Penh International Airport,PNH,2024-08-17 23:55,Incheon International Airport,ICN,2024-08-18 07:20,325,Asiana,Economy,1355,700.0,,719,Y,Y,Y,1,10,1,23,Saturday,False,False,True,Wattay International Airport,VTE
Phnom Penh International Airport,PNH,2024-08-18 17:45,Wattay International Airport,VTE,2024-08-18 19:15,90,Vietnam Airlines,Economy,90,,,215,Y,Y,Y,1,10,1,23,Sunday,False,False,False,Wattay International Airport,VTE
Phnom Penh International Airport,PNH,2024-08-18 09:40,Suvarnabhumi Airport,BKK,2024-08-18 11:00,80,THAI,Economy,605,445.0,,240,Y,Y,Y,1,7,2,23,Sunday,False,False,False,Wattay International Airport,VTE
Phnom Penh International Airport,PNH,2024-08-18 21:15,Suvarnabhumi Airport,BKK,2024-08-18 22:30,75,THAI,Economy,925,775.0,True,261,Y,Y,Y,1,7,2,23,Sunday,False,False,False,Wattay International Airport,VTE
Phnom Penh International Airport,PNH,2024-08-18 14:00,Kunming Changshui International Airport,KMG,2024-08-18 17:45,165,China Eastern,Economy,420,165.0,,310,Y,Y,Y,1,8,2,23,Sunday,False,False,False,Wattay International Airport,VTE
Phnom Penh International Airport,PNH,2024-08-18 08:00,Guangzhou Baiyun International Airport,CAN,2024-08-18 11:40,160,China Southern,Economy,610,295.0,,336,Y,Y,Y,1,8,1,23,Sunday,False,False,False,Wattay International Airport,VTE
Phnom Penh International Airport,PNH,2024-08-19 17:45,Wattay International Airport,VTE,2024-08-19 19:15,90,Vietnam Airlines,Economy,90,,,215,Y,Y,Y,1,10,1,23,Monday,False,False,False,Wattay International Airport,VTE
Phnom Penh International Airport,PNH,2024-08-19 09:40,Suvarnabhumi Airport,BKK,2024-08-19 11:00,80,THAI,Economy,605,445.0,,240,Y,Y,Y,1,7,2,23,Monday,False,False,False,Wattay International Airport,VTE
Phnom Penh International Airport,PNH,2024-08-19 21:15,Suvarnabhumi Airport,BKK,2024-08-19 22:30,75,THAI,Economy,925,775.0,True,261,Y,Y,Y,1,7,2,23,Monday,False,False,False,Wattay International Airport,VTE
Phnom Penh International Airport,PNH,2024-08-19 14:00,Kunming Changshui International Airport,KMG,2024-08-19 18:00,180,China Eastern,Economy,420,150.0,,310,Y,Y,Y,1,8,2,23,Monday,False,False,False,Wattay International Airport,VTE
Phnom Penh International Airport,PNH,2024-08-19 18:25,Singapore Changi Airport,SIN,2024-08-19 21:25,120,Singapore Airlines,Economy,1065,775.0,True,472,Y,Y,Y,1,7,1,23,Monday,False,False,False,Wattay International Airport,VTE
Phnom Penh International Airport,PNH,2024-08-20 17:45,Wattay International Airport,VTE,2024-08-20 19:15,90,Vietnam Airlines,Economy,90,,,215,Y,Y,Y,1,10,1,23,Tuesday,False,False,False,Wattay International Airport,VTE
Phnom Penh International Airport,PNH,2024-08-20 09:40,Suvarnabhumi Airport,BKK,2024-08-20 11:00,80,THAI,Economy,605,445.0,,240,Y,Y,Y,1,7,2,23,Tuesday,False,False,False,Wattay International Airport,VTE
Phnom Penh International Airport,PNH,2024-08-20 21:15,Suvarnabhumi Airport,BKK,2024-08-20 22:30,75,THAI,Economy,925,775.0,True,261,Y,Y,Y,1,7,2,23,Tuesday,False,False,False,Wattay International Airport,VTE
Phnom Penh International Airport,PNH,2024-08-20 15:35,Guangzhou Baiyun International Airport,CAN,2024-08-20 19:20,165,China Southern,Economy,1595,1275.0,True,301,Y,Y,Y,1,8,1,23,Tuesday,False,False,False,Wattay International Airport,VTE
Phnom Penh International Airport,PNH,2024-08-20 15:05,Kunming Changshui International Airport,KMG,2024-08-20 18:50,165,China Eastern,Economy,1115,855.0,True,310,Y,Y,Y,1,8,2,23,Tuesday,False,False,False,Wattay International Airport,VTE
Phnom Penh International Airport,PNH,2024-08-20 23:55,Incheon International Airport,ICN,2024-08-21 07:20,325,Asiana,Economy,1355,700.0,,683,Y,Y,Y,1,10,1,23,Tuesday,False,False,True,Wattay International Airport,VTE
Phnom Penh International Airport,PNH,2024-08-21 17:45,Wattay International Airport,VTE,2024-08-21 19:15,90,Vietnam Airlines,Economy,90,,,238,Y,Y,Y,1,10,1,23,Wednesday,False,False,False,Wattay International Airport,VTE
Phnom Penh International Airport,PNH,2024-08-21 09:40,Suvarnabhumi Airport,BKK,2024-08-21 11:00,80,THAI,Economy,605,445.0,,240,Y,Y,Y,1,7,2,23,Wednesday,False,False,False,Wattay International Airport,VTE
Phnom Penh International Airport,PNH,2024-08-21 21:15,Suvarnabhumi Airport,BKK,2024-08-21 22:30,75,THAI,Economy,925,775.0,True,261,Y,Y,Y,1,7,2,23,Wednesday,False,False,False,Wattay International Airport,VTE
Phnom Penh International Airport,PNH,2024-08-21 08:00,Guangzhou Baiyun International Airport,CAN,2024-08-21 11:40,160,China Southern,Economy,610,295.0,,301,Y,Y,Y,1,8,1,23,Wednesday,False,False,False,Wattay International Airport,VTE
Phnom Penh International Airport,PNH,2024-08-21 14:00,Kunming Changshui International Airport,KMG,2024-08-21 18:00,180,China Eastern,Economy,420,150.0,,310,Y,Y,Y,1,8,2,23,Wednesday,False,False,False,Wattay International Airport,VTE
Phnom Penh International Airport,PNH,2024-08-21 18:40,Singapore Changi Airport,SIN,2024-08-21 21:40,120,Singapore Airlines,Economy,1050,760.0,True,472,Y,Y,Y,1,7,1,23,Wednesday,False,False,False,Wattay International Airport,VTE
Phnom Penh International Airport,PNH,2024-08-21 23:55,Incheon International Airport,ICN,2024-08-22 07:20,325,Asiana,Economy,1355,700.0,,683,Y,Y,Y,1,10,1,23,Wednesday,False,False,True,Wattay International Airport,VTE
Phnom Penh International Airport,PNH,2024-08-22 17:45,Wattay International Airport,VTE,2024-08-22 19:15,90,Vietnam Airlines,Economy,90,,,215,Y,Y,Y,1,10,1,23,Thursday,False,False,False,Wattay International Airport,VTE
Phnom Penh International Airport,PNH,2024-08-22 09:40,Suvarnabhumi Airport,BKK,2024-08-22 11:00,80,THAI,Economy,605,445.0,,240,Y,Y,Y,1,7,2,23,Thursday,False,False,False,Wattay International Airport,VTE
Phnom Penh International Airport,PNH,2024-08-22 21:15,Suvarnabhumi Airport,BKK,2024-08-22 22:30,75,THAI,Economy,925,775.0,True,261,Y,Y,Y,1,7,2,23,Thursday,False,False,False,Wattay International Airport,VTE
Phnom Penh International Airport,PNH,2024-08-22 15:35,Guangzhou Baiyun International Airport,CAN,2024-08-22 19:20,165,China Southern,Economy,1595,1275.0,True,301,Y,Y,Y,1,8,1,23,Thursday,False,False,False,Wattay International Airport,VTE
Phnom Penh International Airport,PNH,2024-08-22 15:05,Kunming Changshui International Airport,KMG,2024-08-22 18:50,165,China Eastern,Economy,1115,855.0,True,310,Y,Y,Y,1,8,2,23,Thursday,False,False,False,Wattay International Airport,VTE
Phnom Penh International Airport,PNH,2024-08-23 17:45,Wattay International Airport,VTE,2024-08-23 19:15,90,Vietnam Airlines,Economy,90,,,215,Y,Y,Y,1,10,1,23,Friday,False,False,False,Wattay International Airport,VTE
Phnom Penh International Airport,PNH,2024-08-23 09:40,Suvarnabhumi Airport,BKK,2024-08-23 11:00,80,THAI,Economy,605,445.0,,240,Y,Y,Y,1,7,2,23,Friday,False,False,False,Wattay International Airport,VTE
Phnom Penh International Airport,PNH,2024-08-23 21:15,Suvarnabhumi Airport,BKK,2024-08-23 22:30,75,THAI,Economy,925,775.0,True,261,Y,Y,Y,1,7,2,23,Friday,False,False,False,Wattay International Airport,VTE
Phnom Penh International Airport,PNH,2024-08-23 08:00,Guangzhou Baiyun International Airport,CAN,2024-08-23 11:40,160,China Southern,Economy,610,295.0,,301,Y,Y,Y,1,8,1,23,Friday,False,False,False,Wattay International Airport,VTE
Phnom Penh International Airport,PNH,2024-08-23 14:00,Kunming Changshui International Airport,KMG,2024-08-23 17:45,165,China Eastern,Economy,420,165.0,,310,Y,Y,Y,1,8,2,23,Friday,False,False,False,Wattay International Airport,VTE
Phnom Penh International Airport,PNH,2024-08-23 18:25,Singapore Changi Airport,SIN,2024-08-23 21:25,120,Singapore Airlines,Economy,1065,775.0,True,472,Y,Y,Y,1,7,1,23,Friday,False,False,False,Wattay International Airport,VTE
Phnom Penh International Airport,PNH,2024-08-23 23:55,Incheon International Airport,ICN,2024-08-24 07:20,325,Asiana,Economy,1355,700.0,,678,Y,Y,Y,1,10,1,23,Friday,False,False,True,Wattay International Airport,VTE
Phnom Penh International Airport,PNH,2024-08-24 17:45,Wattay International Airport,VTE,2024-08-24 19:15,90,Vietnam Airlines,Economy,90,,,215,Y,Y,Y,1,10,1,23,Saturday,False,False,False,Wattay International Airport,VTE
Phnom Penh International Airport,PNH,2024-08-24 09:40,Suvarnabhumi Airport,BKK,2024-08-24 11:00,80,THAI,Economy,605,445.0,,240,Y,Y,Y,1,7,2,23,Saturday,False,False,False,Wattay International Airport,VTE
Phnom Penh International Airport,PNH,2024-08-24 15:35,Guangzhou Baiyun International Airport,CAN,2024-08-24 19:20,165,China Southern,Economy,1595,1275.0,True,301,Y,Y,Y,1,8,1,23,Saturday,False,False,False,Wattay International Airport,VTE
Phnom Penh International Airport,PNH,2024-08-24 15:05,Kunming Changshui International Airport,KMG,2024-08-24 18:50,165,China Eastern,Economy,1115,855.0,True,326,Y,Y,Y,1,8,2,23,Saturday,False,False,False,Wattay International Airport,VTE
Phnom Penh International Airport,PNH,2024-08-24 21:15,Suvarnabhumi Airport,BKK,2024-08-24 22:30,75,THAI,Economy,925,775.0,True,452,Y,Y,Y,1,7,2,23,Saturday,False,False,False,Wattay International Airport,VTE
Phnom Penh International Airport,PNH,2024-08-24 23:55,Incheon International Airport,ICN,2024-08-25 07:20,325,Asiana,Economy,1355,700.0,,653,Y,Y,Y,1,10,1,23,Saturday,False,False,True,Wattay International Airport,VTE
Phnom Penh International Airport,PNH,2024-08-25 17:45,Wattay International Airport,VTE,2024-08-25 19:15,90,Vietnam Airlines,Economy,90,,,254,Y,Y,Y,1,10,1,23,Sunday,False,False,False,Wattay International Airport,VTE
Phnom Penh International Airport,PNH,2024-08-25 09:40,Suvarnabhumi Airport,BKK,2024-08-25 11:00,80,THAI,Economy,605,445.0,,240,Y,Y,Y,1,7,2,23,Sunday,False,False,False,Wattay International Airport,VTE
Phnom Penh International Airport,PNH,2024-08-25 21:15,Suvarnabhumi Airport,BKK,2024-08-25 22:30,75,THAI,Economy,925,775.0,True,261,Y,Y,Y,1,7,2,23,Sunday,False,False,False,Wattay International Airport,VTE
Phnom Penh International Airport,PNH,2024-08-25 08:00,Guangzhou Baiyun International Airport,CAN,2024-08-25 11:40,160,China Southern,Economy,610,295.0,,301,Y,Y,Y,1,8,1,23,Sunday,False,False,False,Wattay International Airport,VTE
Phnom Penh International Airport,PNH,2024-08-25 14:00,Kunming Changshui International Airport,KMG,2024-08-25 17:45,165,China Eastern,Economy,420,165.0,,310,Y,Y,Y,1,8,2,23,Sunday,False,False,False,Wattay International Airport,VTE
Phnom Penh International Airport,PNH,2024-08-26 17:45,Wattay International Airport,VTE,2024-08-26 19:15,90,Vietnam Airlines,Economy,90,,,215,Y,Y,Y,1,10,1,23,Monday,False,False,False,Wattay International Airport,VTE
Phnom Penh International Airport,PNH,2024-08-26 09:40,Suvarnabhumi Airport,BKK,2024-08-26 11:00,80,THAI,Economy,605,445.0,,240,Y,Y,Y,1,7,2,23,Monday,False,False,False,Wattay International Airport,VTE
Phnom Penh International Airport,PNH,2024-08-26 21:15,Suvarnabhumi Airport,BKK,2024-08-26 22:30,75,THAI,Economy,925,775.0,True,261,Y,Y,Y,1,7,2,23,Monday,False,False,False,Wattay International Airport,VTE
Phnom Penh International Airport,PNH,2024-08-26 14:00,Kunming Changshui International Airport,KMG,2024-08-26 18:00,180,China Eastern,Economy,420,150.0,,310,Y,Y,Y,1,8,2,23,Monday,False,False,False,Wattay International Airport,VTE
Phnom Penh International Airport,PNH,2024-08-26 18:25,Singapore Changi Airport,SIN,2024-08-26 21:25,120,Singapore Airlines,Economy,1065,775.0,True,472,Y,Y,Y,1,7,1,23,Monday,False,False,False,Wattay International Airport,VTE
Phnom Penh International Airport,PNH,2024-08-27 17:45,Wattay International Airport,VTE,2024-08-27 19:15,90,Vietnam Airlines,Economy,90,,,215,Y,Y,Y,1,10,1,23,Tuesday,False,False,False,Wattay International Airport,VTE
Phnom Penh International Airport,PNH,2024-08-27 09:40,Suvarnabhumi Airport,BKK,2024-08-27 11:00,80,THAI,Economy,605,445.0,,240,Y,Y,Y,1,7,2,23,Tuesday,False,False,False,Wattay International Airport,VTE
Phnom Penh International Airport,PNH,2024-08-27 21:15,Suvarnabhumi Airport,BKK,2024-08-27 22:30,75,THAI,Economy,925,775.0,True,261,Y,Y,Y,1,7,2,23,Tuesday,False,False,False,Wattay International Airport,VTE
Phnom Penh International Airport,PNH,2024-08-27 15:35,Guangzhou Baiyun International Airport,CAN,2024-08-27 19:20,165,China Southern,Economy,1595,1275.0,True,301,Y,Y,Y,1,8,1,23,Tuesday,False,False,False,Wattay International Airport,VTE
Phnom Penh International Airport,PNH,2024-08-27 15:05,Kunming Changshui International Airport,KMG,2024-08-27 18:50,165,China Eastern,Economy,1115,855.0,True,326,Y,Y,Y,1,8,2,23,Tuesday,False,False,False,Wattay International Airport,VTE
Phnom Penh International Airport,PNH,2024-08-27 23:55,Incheon International Airport,ICN,2024-08-28 07:20,325,Asiana,Economy,1355,700.0,,653,Y,Y,Y,1,10,1,23,Tuesday,False,False,True,Wattay International Airport,VTE
Phnom Penh International Airport,PNH,2024-08-28 17:45,Wattay International Airport,VTE,2024-08-28 19:15,90,Vietnam Airlines,Economy,90,,,215,Y,Y,Y,1,10,1,23,Wednesday,False,False,False,Wattay International Airport,VTE
Phnom Penh International Airport,PNH,2024-08-28 09:40,Suvarnabhumi Airport,BKK,2024-08-28 11:00,80,THAI,Economy,605,445.0,,240,Y,Y,Y,1,7,2,23,Wednesday,False,False,False,Wattay International Airport,VTE
Phnom Penh International Airport,PNH,2024-08-28 21:15,Suvarnabhumi Airport,BKK,2024-08-28 22:30,75,THAI,Economy,925,775.0,True,261,Y,Y,Y,1,7,2,23,Wednesday,False,False,False,Wattay International Airport,VTE
Phnom Penh International Airport,PNH,2024-08-28 08:00,Guangzhou Baiyun International Airport,CAN,2024-08-28 11:40,160,China Southern,Economy,610,295.0,,301,Y,Y,Y,1,8,1,23,Wednesday,False,False,False,Wattay International Airport,VTE
Phnom Penh International Airport,PNH,2024-08-28 14:00,Kunming Changshui International Airport,KMG,2024-08-28 18:00,180,China Eastern,Economy,420,150.0,,310,Y,Y,Y,1,8,2,23,Wednesday,False,False,False,Wattay International Airport,VTE
Phnom Penh International Airport,PNH,2024-08-28 18:40,Singapore Changi Airport,SIN,2024-08-28 21:40,120,Singapore Airlines,Economy,1050,760.0,True,472,Y,Y,Y,1,7,1,23,Wednesday,False,False,False,Wattay International Airport,VTE
Phnom Penh International Airport,PNH,2024-08-28 23:55,Incheon International Airport,ICN,2024-08-29 07:20,325,Asiana,Economy,1355,700.0,,653,Y,Y,Y,1,10,1,23,Wednesday,False,False,True,Wattay International Airport,VTE
Phnom Penh International Airport,PNH,2024-08-29 17:45,Wattay International Airport,VTE,2024-08-29 19:15,90,Vietnam Airlines,Economy,90,,,215,Y,Y,Y,1,10,1,23,Thursday,False,False,False,Wattay International Airport,VTE
Phnom Penh International Airport,PNH,2024-08-29 09:40,Suvarnabhumi Airport,BKK,2024-08-29 11:00,80,THAI,Economy,605,445.0,,240,Y,Y,Y,1,7,2,23,Thursday,False,False,False,Wattay International Airport,VTE
Phnom Penh International Airport,PNH,2024-08-29 21:15,Suvarnabhumi Airport,BKK,2024-08-29 22:30,75,THAI,Economy,925,775.0,True,261,Y,Y,Y,1,7,2,23,Thursday,False,False,False,Wattay International Airport,VTE
Phnom Penh International Airport,PNH,2024-08-29 15:35,Guangzhou Baiyun International Airport,CAN,2024-08-29 19:20,165,China Southern,Economy,1595,1275.0,True,301,Y,Y,Y,1,8,1,23,Thursday,False,False,False,Wattay International Airport,VTE
Phnom Penh International Airport,PNH,2024-08-29 15:05,Kunming Changshui International Airport,KMG,2024-08-29 18:50,165,China Eastern,Economy,1115,855.0,True,326,Y,Y,Y,1,8,2,23,Thursday,False,False,False,Wattay International Airport,VTE
Phnom Penh International Airport,PNH,2024-08-30 17:45,Wattay International Airport,VTE,2024-08-30 19:15,90,Vietnam Airlines,Economy,90,,,215,Y,Y,Y,1,10,1,23,Friday,False,False,False,Wattay International Airport,VTE
Phnom Penh International Airport,PNH,2024-08-30 09:40,Suvarnabhumi Airport,BKK,2024-08-30 11:00,80,THAI,Economy,605,445.0,,240,Y,Y,Y,1,7,2,23,Friday,False,False,False,Wattay International Airport,VTE
Phnom Penh International Airport,PNH,2024-08-30 21:15,Suvarnabhumi Airport,BKK,2024-08-30 22:30,75,THAI,Economy,925,775.0,True,261,Y,Y,Y,1,7,2,23,Friday,False,False,False,Wattay International Airport,VTE
Phnom Penh International Airport,PNH,2024-08-30 08:00,Guangzhou Baiyun International Airport,CAN,2024-08-30 11:40,160,China Southern,Economy,610,295.0,,301,Y,Y,Y,1,8,1,23,Friday,False,False,False,Wattay International Airport,VTE
Phnom Penh International Airport,PNH,2024-08-30 14:00,Kunming Changshui International Airport,KMG,2024-08-30 17:45,165,China Eastern,Economy,420,165.0,,310,Y,Y,Y,1,8,2,23,Friday,False,False,False,Wattay International Airport,VTE
Phnom Penh International Airport,PNH,2024-08-30 18:25,Singapore Changi Airport,SIN,2024-08-30 21:25,120,Singapore Airlines,Economy,1065,775.0,True,472,Y,Y,Y,1,7,1,23,Friday,False,False,False,Wattay International Airport,VTE
Phnom Penh International Airport,PNH,2024-08-30 23:55,Incheon International Airport,ICN,2024-08-31 07:20,325,Asiana,Economy,1355,700.0,,653,Y,Y,Y,1,10,1,23,Friday,False,False,True,Wattay International Airport,VTE
Phnom Penh International Airport,PNH,2024-08-31 17:45,Wattay International Airport,VTE,2024-08-31 19:15,90,Vietnam Airlines,Economy,90,,,215,Y,Y,Y,1,10,1,23,Saturday,False,False,False,Wattay International Airport,VTE
Phnom Penh International Airport,PNH,2024-08-31 09:40,Suvarnabhumi Airport,BKK,2024-08-31 11:00,80,THAI,Economy,605,445.0,,240,Y,Y,Y,1,7,2,23,Saturday,False,False,False,Wattay International Airport,VTE
Phnom Penh International Airport,PNH,2024-08-31 21:15,Suvarnabhumi Airport,BKK,2024-08-31 22:30,75,THAI,Economy,925,775.0,True,261,Y,Y,Y,1,7,2,23,Saturday,False,False,False,Wattay International Airport,VTE
Phnom Penh International Airport,PNH,2024-08-31 15:35,Guangzhou Baiyun International Airport,CAN,2024-08-31 19:20,165,China Southern,Economy,1595,1275.0,True,301,Y,Y,Y,1,8,1,23,Saturday,False,False,False,Wattay International Airport,VTE
Phnom Penh International Airport,PNH,2024-08-31 15:05,Kunming Changshui International Airport,KMG,2024-08-31 18:50,165,China Eastern,Economy,1115,855.0,True,326,Y,Y,Y,1,8,2,23,Saturday,False,False,False,Wattay International Airport,VTE
Phnom Penh International Airport,PNH,2024-08-31 23:55,Incheon International Airport,ICN,2024-09-01 07:20,325,Asiana,Economy,1355,700.0,,642,Y,Y,Y,1,10,1,23,Saturday,False,False,True,Wattay International Airport,VTE
