Departure Airport Name,Departure Airport ID,Departure Time,Arrival Airport Name,Arrival Airport ID,Arrival Time,Duration,Airline,Travel Class,Total Duration,Layover 1 Duration,Layover 1 Overnight,Price, Cabin Baggage, Checked Baggage,Meal Included,Cabin Baggage (Number),Cabin Baggage (kg per piece),Checked Baggage (Number),Checked Baggage (kg per piece) ,Day of Week (on flight date),Departure Country Is Holiday,Arrival Country Is Holiday,Overnight Flight,Final Arrival Airport Name,Final Arrival Airport ID
Phnom Penh International Airport,PNH,2024-07-01 18:25,Singapore Changi Airport,SIN,2024-07-01 21:25,120,Singapore Airlines,Economy,945,695,True,580,Y,Y,Y,1,7,1,23,Monday,False,False,False,Brunei International Airport,BWN
Phnom Penh International Airport,PNH,2024-07-02 11:10,Kuala Lumpur International Airport,KUL,2024-07-02 14:00,110,Malaysia Airlines,Economy,690,435,,464,Y,Y,Y,1,7,1,23,Tuesday,False,False,False,Brunei International Airport,BWN
Phnom Penh International Airport,PNH,2024-07-02 18:25,Singapore Changi Airport,SIN,2024-07-02 21:25,120,Singapore Airlines,Economy,1175,920,True,580,Y,Y,Y,1,7,1,23,Tuesday,False,False,False,Brunei International Airport,BWN
Phnom Penh International Airport,PNH,2024-07-03 11:10,Kuala Lumpur International Airport,KUL,2024-07-03 14:00,110,Malaysia Airlines,Economy,690,435,,464,Y,Y,Y,1,7,1,23,Wednesday,False,False,False,Brunei International Airport,BWN
Phnom Penh International Airport,PNH,2024-07-03 18:20,Kuala Lumpur International Airport,KUL,2024-07-03 21:10,110,Malaysia Airlines,Economy,1155,900,True,466,Y,Y,Y,1,7,1,23,Wednesday,False,False,False,Brunei International Airport,BWN
Phnom Penh International Airport,PNH,2024-07-03 18:40,Singapore Changi Airport,SIN,2024-07-03 21:40,120,Singapore Airlines,Economy,930,680,True,580,Y,Y,Y,1,7,1,23,Wednesday,False,False,False,Brunei International Airport,BWN
Phnom Penh International Airport,PNH,2024-07-04 18:20,Kuala Lumpur International Airport,KUL,2024-07-04 21:10,110,Malaysia Airlines,Economy,1155,900,True,466,Y,Y,Y,1,7,1,23,Thursday,False,False,False,Brunei International Airport,BWN
Phnom Penh International Airport,PNH,2024-07-04 18:25,Singapore Changi Airport,SIN,2024-07-04 21:25,120,Singapore Airlines,Economy,1175,920,True,580,Y,Y,Y,1,7,1,23,Thursday,False,False,False,Brunei International Airport,BWN
Phnom Penh International Airport,PNH,2024-07-05 00:50,Ninoy Aquino International Airport,MNL,2024-07-05 04:40,170,Philippine Airlines,Economy,1310,1015,True,338,Y,Y,Y,1,7,1,30,Friday,False,False,False,Brunei International Airport,BWN
Phnom Penh International Airport,PNH,2024-07-05 11:10,Kuala Lumpur International Airport,KUL,2024-07-05 14:00,110,Malaysia Airlines,Economy,690,435,,464,Y,Y,Y,1,7,1,23,Friday,False,False,False,Brunei International Airport,BWN
Phnom Penh International Airport,PNH,2024-07-05 18:20,Kuala Lumpur International Airport,KUL,2024-07-05 21:10,110,Malaysia Airlines,Economy,1155,900,True,466,Y,Y,Y,1,7,1,23,Friday,False,False,False,Brunei International Airport,BWN
Phnom Penh International Airport,PNH,2024-07-05 18:25,Singapore Changi Airport,SIN,2024-07-05 21:25,120,Singapore Airlines,Economy,945,695,True,580,Y,Y,Y,1,7,1,23,Friday,False,False,False,Brunei International Airport,BWN
Phnom Penh International Airport,PNH,2024-07-06 18:20,Kuala Lumpur International Airport,KUL,2024-07-06 21:10,110,Malaysia Airlines,Economy,1155,900,True,466,Y,Y,Y,1,7,1,23,Saturday,False,False,False,Brunei International Airport,BWN
Phnom Penh International Airport,PNH,2024-07-06 18:40,Singapore Changi Airport,SIN,2024-07-06 21:40,120,Singapore Airlines,Economy,1160,905,True,512,Y,Y,Y,1,7,1,23,Saturday,False,False,False,Brunei International Airport,BWN
Phnom Penh International Airport,PNH,2024-07-07 11:10,Kuala Lumpur International Airport,KUL,2024-07-07 14:00,110,Malaysia Airlines,Economy,690,435,,464,Y,Y,Y,1,7,1,23,Sunday,False,False,False,Brunei International Airport,BWN
Phnom Penh International Airport,PNH,2024-07-07 18:40,Singapore Changi Airport,SIN,2024-07-07 21:40,120,Singapore Airlines,Economy,930,680,True,512,Y,Y,Y,1,7,1,23,Sunday,False,False,False,Brunei International Airport,BWN
Phnom Penh International Airport,PNH,2024-07-07 18:20,Kuala Lumpur International Airport,KUL,2024-07-07 21:10,110,Malaysia Airlines,Economy,1155,900,True,570,Y,Y,Y,1,7,1,23,Sunday,False,False,False,Brunei International Airport,BWN
Phnom Penh International Airport,PNH,2024-07-08 18:20,Kuala Lumpur International Airport,KUL,2024-07-08 21:10,110,Malaysia Airlines,Economy,1700,1445,True,473,Y,Y,Y,1,7,1,23,Monday,False,True,False,Brunei International Airport,BWN
Phnom Penh International Airport,PNH,2024-07-08 18:25,Singapore Changi Airport,SIN,2024-07-08 21:25,120,Singapore Airlines,Economy,945,695,True,512,Y,Y,Y,1,7,1,23,Monday,False,True,False,Brunei International Airport,BWN
Phnom Penh International Airport,PNH,2024-07-09 11:10,Kuala Lumpur International Airport,KUL,2024-07-09 14:00,110,Malaysia Airlines,Economy,690,435,,464,Y,Y,Y,1,7,1,23,Tuesday,False,False,False,Brunei International Airport,BWN
Phnom Penh International Airport,PNH,2024-07-09 18:25,Singapore Changi Airport,SIN,2024-07-09 21:25,120,Singapore Airlines,Economy,1175,920,True,512,Y,Y,Y,1,7,1,23,Tuesday,False,False,False,Brunei International Airport,BWN
Phnom Penh International Airport,PNH,2024-07-09 18:20,Kuala Lumpur International Airport,KUL,2024-07-09 21:10,110,Malaysia Airlines,Economy,1700,1445,True,520,Y,Y,Y,1,7,1,23,Tuesday,False,False,False,Brunei International Airport,BWN
Phnom Penh International Airport,PNH,2024-07-10 18:20,Kuala Lumpur International Airport,KUL,2024-07-10 21:10,110,Malaysia Airlines,Economy,1155,900,True,466,Y,Y,Y,1,7,1,23,Wednesday,False,False,False,Brunei International Airport,BWN
Phnom Penh International Airport,PNH,2024-07-10 11:10,Kuala Lumpur International Airport,KUL,2024-07-10 14:00,110,Malaysia Airlines,Economy,690,435,,511,Y,Y,Y,1,7,1,23,Wednesday,False,False,False,Brunei International Airport,BWN
Phnom Penh International Airport,PNH,2024-07-10 18:40,Singapore Changi Airport,SIN,2024-07-10 21:40,120,Singapore Airlines,Economy,930,680,True,580,Y,Y,Y,1,7,1,23,Wednesday,False,False,False,Brunei International Airport,BWN
Phnom Penh International Airport,PNH,2024-07-11 18:20,Kuala Lumpur International Airport,KUL,2024-07-11 21:10,110,Malaysia Airlines,Economy,1155,900,True,466,Y,Y,Y,1,7,1,23,Thursday,False,False,False,Brunei International Airport,BWN
Phnom Penh International Airport,PNH,2024-07-11 18:25,Singapore Changi Airport,SIN,2024-07-11 21:25,120,Singapore Airlines,Economy,1175,920,True,512,Y,Y,Y,1,7,1,23,Thursday,False,False,False,Brunei International Airport,BWN
Phnom Penh International Airport,PNH,2024-07-12 00:50,Ninoy Aquino International Airport,MNL,2024-07-12 04:40,170,Philippine Airlines,Economy,1310,1015,True,338,Y,Y,Y,1,7,1,30,Friday,False,False,False,Brunei International Airport,BWN
Phnom Penh International Airport,PNH,2024-07-12 18:20,Kuala Lumpur International Airport,KUL,2024-07-12 21:10,110,Malaysia Airlines,Economy,1155,900,True,466,Y,Y,Y,1,7,1,23,Friday,False,False,False,Brunei International Airport,BWN
Phnom Penh International Airport,PNH,2024-07-12 18:25,Singapore Changi Airport,SIN,2024-07-12 21:25,120,Singapore Airlines,Economy,945,695,True,512,Y,Y,Y,1,7,1,23,Friday,False,False,False,Brunei International Airport,BWN
Phnom Penh International Airport,PNH,2024-07-12 11:10,Kuala Lumpur International Airport,KUL,2024-07-12 14:00,110,Malaysia Airlines,Economy,690,435,,541,Y,Y,Y,1,7,1,23,Friday,False,False,False,Brunei International Airport,BWN
Phnom Penh International Airport,PNH,2024-07-13 18:20,Kuala Lumpur International Airport,KUL,2024-07-13 21:10,110,Malaysia Airlines,Economy,1155,900,True,466,Y,Y,Y,1,7,1,23,Saturday,False,False,False,Brunei International Airport,BWN
Phnom Penh International Airport,PNH,2024-07-13 18:40,Singapore Changi Airport,SIN,2024-07-13 21:40,120,Singapore Airlines,Economy,1160,905,True,512,Y,Y,Y,1,7,1,23,Saturday,False,False,False,Brunei International Airport,BWN
Phnom Penh International Airport,PNH,2024-07-14 11:10,Kuala Lumpur International Airport,KUL,2024-07-14 14:00,110,Malaysia Airlines,Economy,690,435,,511,Y,Y,Y,1,7,1,23,Sunday,False,False,False,Brunei International Airport,BWN
Phnom Penh International Airport,PNH,2024-07-14 18:40,Singapore Changi Airport,SIN,2024-07-14 21:40,120,Singapore Airlines,Economy,930,680,True,512,Y,Y,Y,1,7,1,23,Sunday,False,False,False,Brunei International Airport,BWN
Phnom Penh International Airport,PNH,2024-07-15 18:25,Singapore Changi Airport,SIN,2024-07-15 21:25,120,Singapore Airlines,Economy,945,695,True,512,Y,Y,Y,1,7,1,23,Monday,False,True,False,Brunei International Airport,BWN
Phnom Penh International Airport,PNH,2024-07-16 11:10,Kuala Lumpur International Airport,KUL,2024-07-16 14:00,110,Malaysia Airlines,Economy,690,435,,464,Y,Y,Y,1,7,1,23,Tuesday,False,False,False,Brunei International Airport,BWN
Phnom Penh International Airport,PNH,2024-07-16 18:25,Singapore Changi Airport,SIN,2024-07-16 21:25,120,Singapore Airlines,Economy,1175,920,True,512,Y,Y,Y,1,7,1,23,Tuesday,False,False,False,Brunei International Airport,BWN
Phnom Penh International Airport,PNH,2024-07-17 11:10,Kuala Lumpur International Airport,KUL,2024-07-17 14:00,110,Malaysia Airlines,Economy,690,435,,464,Y,Y,Y,1,7,1,23,Wednesday,False,False,False,Brunei International Airport,BWN
Phnom Penh International Airport,PNH,2024-07-17 18:20,Kuala Lumpur International Airport,KUL,2024-07-17 21:10,110,Malaysia Airlines,Economy,1155,900,True,466,Y,Y,Y,1,7,1,23,Wednesday,False,False,False,Brunei International Airport,BWN
Phnom Penh International Airport,PNH,2024-07-17 18:40,Singapore Changi Airport,SIN,2024-07-17 21:40,120,Singapore Airlines,Economy,930,680,True,512,Y,Y,Y,1,7,1,23,Wednesday,False,False,False,Brunei International Airport,BWN
Phnom Penh International Airport,PNH,2024-07-18 18:20,Kuala Lumpur International Airport,KUL,2024-07-18 21:10,110,Malaysia Airlines,Economy,1155,900,True,466,Y,Y,Y,1,7,1,23,Thursday,False,False,False,Brunei International Airport,BWN
Phnom Penh International Airport,PNH,2024-07-18 18:25,Singapore Changi Airport,SIN,2024-07-18 21:25,120,Singapore Airlines,Economy,1175,920,True,512,Y,Y,Y,1,7,1,23,Thursday,False,False,False,Brunei International Airport,BWN
Phnom Penh International Airport,PNH,2024-07-19 00:50,Ninoy Aquino International Airport,MNL,2024-07-19 04:40,170,Philippine Airlines,Economy,1310,1015,True,338,Y,Y,Y,1,7,1,30,Friday,False,False,False,Brunei International Airport,BWN
Phnom Penh International Airport,PNH,2024-07-19 11:10,Kuala Lumpur International Airport,KUL,2024-07-19 14:00,110,Malaysia Airlines,Economy,690,435,,464,Y,Y,Y,1,7,1,23,Friday,False,False,False,Brunei International Airport,BWN
Phnom Penh International Airport,PNH,2024-07-19 18:20,Kuala Lumpur International Airport,KUL,2024-07-19 21:10,110,Malaysia Airlines,Economy,1155,900,True,466,Y,Y,Y,1,7,1,23,Friday,False,False,False,Brunei International Airport,BWN
Phnom Penh International Airport,PNH,2024-07-19 18:25,Singapore Changi Airport,SIN,2024-07-19 21:25,120,Singapore Airlines,Economy,945,695,True,512,Y,Y,Y,1,7,1,23,Friday,False,False,False,Brunei International Airport,BWN
Phnom Penh International Airport,PNH,2024-07-20 18:20,Kuala Lumpur International Airport,KUL,2024-07-20 21:10,110,Malaysia Airlines,Economy,1155,900,True,466,Y,Y,Y,1,7,1,23,Saturday,False,False,False,Brunei International Airport,BWN
Phnom Penh International Airport,PNH,2024-07-20 18:40,Singapore Changi Airport,SIN,2024-07-20 21:40,120,Singapore Airlines,Economy,1160,905,True,470,Y,Y,Y,1,7,1,23,Saturday,False,False,False,Brunei International Airport,BWN
Phnom Penh International Airport,PNH,2024-07-21 11:10,Kuala Lumpur International Airport,KUL,2024-07-21 14:00,110,Malaysia Airlines,Economy,690,435,,464,Y,Y,Y,1,7,1,23,Sunday,False,False,False,Brunei International Airport,BWN
Phnom Penh International Airport,PNH,2024-07-21 18:40,Singapore Changi Airport,SIN,2024-07-21 21:40,120,Singapore Airlines,Economy,930,680,True,470,Y,Y,Y,1,7,1,23,Sunday,False,False,False,Brunei International Airport,BWN
Phnom Penh International Airport,PNH,2024-07-22 18:25,Singapore Changi Airport,SIN,2024-07-22 21:25,120,Singapore Airlines,Economy,945,695,True,470,Y,Y,Y,1,7,1,23,Monday,False,False,False,Brunei International Airport,BWN
Phnom Penh International Airport,PNH,2024-07-23 11:10,Kuala Lumpur International Airport,KUL,2024-07-23 14:00,110,Malaysia Airlines,Economy,690,435,,464,Y,Y,Y,1,7,1,23,Tuesday,False,False,False,Brunei International Airport,BWN
Phnom Penh International Airport,PNH,2024-07-23 18:25,Singapore Changi Airport,SIN,2024-07-23 21:25,120,Singapore Airlines,Economy,1175,920,True,470,Y,Y,Y,1,7,1,23,Tuesday,False,False,False,Brunei International Airport,BWN
Phnom Penh International Airport,PNH,2024-07-24 11:10,Kuala Lumpur International Airport,KUL,2024-07-24 14:00,110,Malaysia Airlines,Economy,690,435,,464,Y,Y,Y,1,7,1,23,Wednesday,False,False,False,Brunei International Airport,BWN
Phnom Penh International Airport,PNH,2024-07-24 18:20,Kuala Lumpur International Airport,KUL,2024-07-24 21:10,110,Malaysia Airlines,Economy,1155,900,True,466,Y,Y,Y,1,7,1,23,Wednesday,False,False,False,Brunei International Airport,BWN
Phnom Penh International Airport,PNH,2024-07-24 18:40,Singapore Changi Airport,SIN,2024-07-24 21:40,120,Singapore Airlines,Economy,930,680,True,470,Y,Y,Y,1,7,1,23,Wednesday,False,False,False,Brunei International Airport,BWN
Phnom Penh International Airport,PNH,2024-07-25 18:20,Kuala Lumpur International Airport,KUL,2024-07-25 21:10,110,Malaysia Airlines,Economy,1155,900,True,466,Y,Y,Y,1,7,1,23,Thursday,False,False,False,Brunei International Airport,BWN
Phnom Penh International Airport,PNH,2024-07-25 18:25,Singapore Changi Airport,SIN,2024-07-25 21:25,120,Singapore Airlines,Economy,1175,920,True,470,Y,Y,Y,1,7,1,23,Thursday,False,False,False,Brunei International Airport,BWN
Phnom Penh International Airport,PNH,2024-07-26 00:50,Ninoy Aquino International Airport,MNL,2024-07-26 04:40,170,Philippine Airlines,Economy,1310,1015,True,338,Y,Y,Y,1,7,1,30,Friday,False,False,False,Brunei International Airport,BWN
Phnom Penh International Airport,PNH,2024-07-26 18:25,Singapore Changi Airport,SIN,2024-07-26 21:25,120,Singapore Airlines,Economy,945,695,True,427,Y,Y,Y,1,7,1,23,Friday,False,False,False,Brunei International Airport,BWN
Phnom Penh International Airport,PNH,2024-07-26 11:10,Kuala Lumpur International Airport,KUL,2024-07-26 14:00,110,Malaysia Airlines,Economy,690,435,,464,Y,Y,Y,1,7,1,23,Friday,False,False,False,Brunei International Airport,BWN
Phnom Penh International Airport,PNH,2024-07-26 18:20,Kuala Lumpur International Airport,KUL,2024-07-26 21:10,110,Malaysia Airlines,Economy,1155,900,True,466,Y,Y,Y,1,7,1,23,Friday,False,False,False,Brunei International Airport,BWN
Phnom Penh International Airport,PNH,2024-07-27 18:20,Kuala Lumpur International Airport,KUL,2024-07-27 21:10,110,Malaysia Airlines,Economy,1155,900,True,466,Y,Y,Y,1,7,1,23,Saturday,False,False,False,Brunei International Airport,BWN
Phnom Penh International Airport,PNH,2024-07-27 18:40,Singapore Changi Airport,SIN,2024-07-27 21:40,120,Singapore Airlines,Economy,1160,905,True,512,Y,Y,Y,1,7,1,23,Saturday,False,False,False,Brunei International Airport,BWN
Phnom Penh International Airport,PNH,2024-07-28 18:40,Singapore Changi Airport,SIN,2024-07-28 21:40,120,Singapore Airlines,Economy,930,680,True,427,Y,Y,Y,1,7,1,23,Sunday,False,False,False,Brunei International Airport,BWN
Phnom Penh International Airport,PNH,2024-07-28 11:10,Kuala Lumpur International Airport,KUL,2024-07-28 14:00,110,Malaysia Airlines,Economy,690,435,,464,Y,Y,Y,1,7,1,23,Sunday,False,False,False,Brunei International Airport,BWN
Phnom Penh International Airport,PNH,2024-07-29 18:25,Singapore Changi Airport,SIN,2024-07-29 21:25,120,Singapore Airlines,Economy,945,695,True,427,Y,Y,Y,1,7,1,23,Monday,False,False,False,Brunei International Airport,BWN
Phnom Penh International Airport,PNH,2024-07-30 18:25,Singapore Changi Airport,SIN,2024-07-30 21:25,120,Singapore Airlines,Economy,1175,920,True,427,Y,Y,Y,1,7,1,23,Tuesday,False,False,False,Brunei International Airport,BWN
Phnom Penh International Airport,PNH,2024-07-30 11:10,Kuala Lumpur International Airport,KUL,2024-07-30 14:00,110,Malaysia Airlines,Economy,690,435,,464,Y,Y,Y,1,7,1,23,Tuesday,False,False,False,Brunei International Airport,BWN
Phnom Penh International Airport,PNH,2024-07-31 18:40,Singapore Changi Airport,SIN,2024-07-31 21:40,120,Singapore Airlines,Economy,930,680,True,427,Y,Y,Y,1,7,1,23,Wednesday,False,False,False,Brunei International Airport,BWN
Phnom Penh International Airport,PNH,2024-07-31 11:10,Kuala Lumpur International Airport,KUL,2024-07-31 14:00,110,Malaysia Airlines,Economy,690,435,,464,Y,Y,Y,1,7,1,23,Wednesday,False,False,False,Brunei International Airport,BWN
Phnom Penh International Airport,PNH,2024-07-31 18:20,Kuala Lumpur International Airport,KUL,2024-07-31 21:10,110,Malaysia Airlines,Economy,1155,900,True,466,Y,Y,Y,1,7,1,23,Wednesday,False,False,False,Brunei International Airport,BWN
Phnom Penh International Airport,PNH,2024-08-01 18:25,Singapore Changi Airport,SIN,2024-08-01 21:25,120,Singapore Airlines,Economy,1175,920,True,512,Y,Y,Y,1,7,1,23,Thursday,False,False,False,Brunei International Airport,BWN
Phnom Penh International Airport,PNH,2024-08-01 11:10,Kuala Lumpur International Airport,KUL,2024-08-01 14:00,110,Malaysia Airlines,Economy,690,435,,526,Y,Y,Y,1,7,1,23,Thursday,False,False,False,Brunei International Airport,BWN
Phnom Penh International Airport,PNH,2024-08-01 18:20,Kuala Lumpur International Airport,KUL,2024-08-01 21:10,110,Malaysia Airlines,Economy,1155,900,True,528,Y,Y,Y,1,7,1,23,Thursday,False,False,False,Brunei International Airport,BWN
Phnom Penh International Airport,PNH,2024-08-02 00:50,Ninoy Aquino International Airport,MNL,2024-08-02 04:40,170,Philippine Airlines,Economy,1310,1015,True,331,Y,Y,Y,1,7,1,30,Friday,False,False,False,Brunei International Airport,BWN
Phnom Penh International Airport,PNH,2024-08-02 18:25,Singapore Changi Airport,SIN,2024-08-02 21:25,120,Singapore Airlines,Economy,945,695,True,512,Y,Y,Y,1,7,1,23,Friday,False,False,False,Brunei International Airport,BWN
Phnom Penh International Airport,PNH,2024-08-02 11:10,Kuala Lumpur International Airport,KUL,2024-08-02 14:00,110,Malaysia Airlines,Economy,690,435,,526,Y,Y,Y,1,7,1,23,Friday,False,False,False,Brunei International Airport,BWN
Phnom Penh International Airport,PNH,2024-08-02 18:20,Kuala Lumpur International Airport,KUL,2024-08-02 21:10,110,Malaysia Airlines,Economy,1155,900,True,545,Y,Y,Y,1,7,1,23,Friday,False,False,False,Brunei International Airport,BWN
Phnom Penh International Airport,PNH,2024-08-03 18:40,Singapore Changi Airport,SIN,2024-08-03 21:40,120,Singapore Airlines,Economy,1160,905,True,512,Y,Y,Y,1,7,1,23,Saturday,False,False,False,Brunei International Airport,BWN
Phnom Penh International Airport,PNH,2024-08-03 18:20,Kuala Lumpur International Airport,KUL,2024-08-03 21:10,110,Malaysia Airlines,Economy,1700,1445,True,588,Y,Y,Y,1,7,1,23,Saturday,False,False,False,Brunei International Airport,BWN
Phnom Penh International Airport,PNH,2024-08-03 18:20,Kuala Lumpur International Airport,KUL,2024-08-03 21:10,110,Malaysia Airlines,Economy,1155,900,True,739,Y,Y,Y,1,7,1,23,Saturday,False,False,False,Brunei International Airport,BWN
Phnom Penh International Airport,PNH,2024-08-04 18:40,Singapore Changi Airport,SIN,2024-08-04 21:40,120,Singapore Airlines,Economy,930,680,True,512,Y,Y,Y,1,7,1,23,Sunday,False,False,False,Brunei International Airport,BWN
Phnom Penh International Airport,PNH,2024-08-04 11:10,Kuala Lumpur International Airport,KUL,2024-08-04 14:00,110,Malaysia Airlines,Economy,690,435,,579,Y,Y,Y,1,7,1,23,Sunday,False,False,False,Brunei International Airport,BWN
Phnom Penh International Airport,PNH,2024-08-04 18:20,Kuala Lumpur International Airport,KUL,2024-08-04 21:10,110,Malaysia Airlines,Economy,1155,900,True,739,Y,Y,Y,1,7,1,23,Sunday,False,False,False,Brunei International Airport,BWN
Phnom Penh International Airport,PNH,2024-08-05 18:25,Singapore Changi Airport,SIN,2024-08-05 21:25,120,Singapore Airlines,Economy,945,695,True,581,Y,Y,Y,1,7,1,23,Monday,False,False,False,Brunei International Airport,BWN
Phnom Penh International Airport,PNH,2024-08-05 18:20,Kuala Lumpur International Airport,KUL,2024-08-05 21:10,110,Malaysia Airlines,Economy,1700,1445,True,745,Y,Y,Y,1,7,1,23,Monday,False,False,False,Brunei International Airport,BWN
Phnom Penh International Airport,PNH,2024-08-06 18:25,Singapore Changi Airport,SIN,2024-08-06 21:25,120,Singapore Airlines,Economy,1175,920,True,512,Y,Y,Y,1,7,1,23,Tuesday,False,False,False,Brunei International Airport,BWN
Phnom Penh International Airport,PNH,2024-08-06 11:10,Kuala Lumpur International Airport,KUL,2024-08-06 14:00,110,Malaysia Airlines,Economy,690,435,,737,Y,Y,Y,1,7,1,23,Tuesday,False,False,False,Brunei International Airport,BWN
Phnom Penh International Airport,PNH,2024-08-06 18:20,Kuala Lumpur International Airport,KUL,2024-08-06 21:10,110,Malaysia Airlines,Economy,1700,1445,True,745,Y,Y,Y,1,7,1,23,Tuesday,False,False,False,Brunei International Airport,BWN
Phnom Penh International Airport,PNH,2024-08-07 18:20,Kuala Lumpur International Airport,KUL,2024-08-07 21:10,110,Malaysia Airlines,Economy,1155,900,True,545,Y,Y,Y,1,7,1,23,Wednesday,False,False,False,Brunei International Airport,BWN
Phnom Penh International Airport,PNH,2024-08-07 18:40,Singapore Changi Airport,SIN,2024-08-07 21:40,120,Singapore Airlines,Economy,930,680,True,581,Y,Y,Y,1,7,1,23,Wednesday,False,False,False,Brunei International Airport,BWN
Phnom Penh International Airport,PNH,2024-08-07 11:10,Kuala Lumpur International Airport,KUL,2024-08-07 14:00,110,Malaysia Airlines,Economy,690,435,,737,Y,Y,Y,1,7,1,23,Wednesday,False,False,False,Brunei International Airport,BWN
Phnom Penh International Airport,PNH,2024-08-08 11:10,Kuala Lumpur International Airport,KUL,2024-08-08 14:00,110,Malaysia Airlines,Economy,690,435,,543,Y,Y,Y,1,7,1,23,Thursday,False,False,False,Brunei International Airport,BWN
Phnom Penh International Airport,PNH,2024-08-08 18:20,Kuala Lumpur International Airport,KUL,2024-08-08 21:10,110,Malaysia Airlines,Economy,1155,900,True,545,Y,Y,Y,1,7,1,23,Thursday,False,False,False,Brunei International Airport,BWN
Phnom Penh International Airport,PNH,2024-08-08 18:25,Singapore Changi Airport,SIN,2024-08-08 21:25,120,Singapore Airlines,Economy,1175,920,True,670,Y,Y,Y,1,7,1,23,Thursday,False,False,False,Brunei International Airport,BWN
Phnom Penh International Airport,PNH,2024-08-09 00:50,Ninoy Aquino International Airport,MNL,2024-08-09 04:40,170,Philippine Airlines,Economy,1310,1015,True,315,Y,Y,Y,1,7,1,30,Friday,False,False,False,Brunei International Airport,BWN
Phnom Penh International Airport,PNH,2024-08-09 18:25,Singapore Changi Airport,SIN,2024-08-09 21:25,120,Singapore Airlines,Economy,945,695,True,512,Y,Y,Y,1,7,1,23,Friday,False,False,False,Brunei International Airport,BWN
Phnom Penh International Airport,PNH,2024-08-09 11:10,Kuala Lumpur International Airport,KUL,2024-08-09 14:00,110,Malaysia Airlines,Economy,690,435,,543,Y,Y,Y,1,7,1,23,Friday,False,False,False,Brunei International Airport,BWN
Phnom Penh International Airport,PNH,2024-08-09 18:20,Kuala Lumpur International Airport,KUL,2024-08-09 21:10,110,Malaysia Airlines,Economy,1155,900,True,1466,Y,Y,Y,1,7,1,23,Friday,False,False,False,Brunei International Airport,BWN
Phnom Penh International Airport,PNH,2024-08-10 18:40,Singapore Changi Airport,SIN,2024-08-10 21:40,120,Singapore Airlines,Economy,1160,905,True,581,Y,Y,Y,1,7,1,23,Saturday,False,False,False,Brunei International Airport,BWN
Phnom Penh International Airport,PNH,2024-08-10 18:20,Kuala Lumpur International Airport,KUL,2024-08-10 21:10,110,Malaysia Airlines,Economy,1155,900,True,739,Y,Y,Y,1,7,1,23,Saturday,False,False,False,Brunei International Airport,BWN
Phnom Penh International Airport,PNH,2024-08-12 18:25,Singapore Changi Airport,SIN,2024-08-12 21:25,120,Singapore Airlines,Economy,945,695,True,512,Y,Y,Y,1,7,1,23,Monday,False,False,False,Brunei International Airport,BWN
Phnom Penh International Airport,PNH,2024-08-13 18:25,Singapore Changi Airport,SIN,2024-08-13 21:25,120,Singapore Airlines,Economy,1175,920,True,670,Y,Y,Y,1,7,1,23,Tuesday,False,False,False,Brunei International Airport,BWN
Phnom Penh International Airport,PNH,2024-08-13 11:10,Kuala Lumpur International Airport,KUL,2024-08-13 14:00,110,Malaysia Airlines,Economy,690,435,,796,Y,Y,Y,1,7,1,23,Tuesday,False,False,False,Brunei International Airport,BWN
Phnom Penh International Airport,PNH,2024-08-14 11:10,Kuala Lumpur International Airport,KUL,2024-08-14 14:00,110,Malaysia Airlines,Economy,690,435,,737,Y,Y,Y,1,7,1,23,Wednesday,False,False,False,Brunei International Airport,BWN
Phnom Penh International Airport,PNH,2024-08-14 18:20,Kuala Lumpur International Airport,KUL,2024-08-14 21:10,110,Malaysia Airlines,Economy,1155,900,True,1466,Y,Y,Y,1,7,1,23,Wednesday,False,False,False,Brunei International Airport,BWN
Phnom Penh International Airport,PNH,2024-08-15 18:20,Kuala Lumpur International Airport,KUL,2024-08-15 21:10,110,Malaysia Airlines,Economy,1155,900,True,581,Y,Y,Y,1,7,1,23,Thursday,False,False,False,Brunei International Airport,BWN
Phnom Penh International Airport,PNH,2024-08-15 11:10,Kuala Lumpur International Airport,KUL,2024-08-15 14:00,110,Malaysia Airlines,Economy,690,435,,737,Y,Y,Y,1,7,1,23,Thursday,False,False,False,Brunei International Airport,BWN
Phnom Penh International Airport,PNH,2024-08-15 18:25,Singapore Changi Airport,SIN,2024-08-15 21:25,120,Singapore Airlines,Economy,1175,920,True,2301,Y,Y,Y,1,7,1,23,Thursday,False,False,False,Brunei International Airport,BWN
Phnom Penh International Airport,PNH,2024-08-16 00:50,Ninoy Aquino International Airport,MNL,2024-08-16 04:40,170,Philippine Airlines,Economy,1310,1015,True,331,Y,Y,Y,1,7,1,30,Friday,False,False,False,Brunei International Airport,BWN
Phnom Penh International Airport,PNH,2024-08-16 18:20,Kuala Lumpur International Airport,KUL,2024-08-16 21:10,110,Malaysia Airlines,Economy,1155,900,True,693,Y,Y,Y,1,7,1,23,Friday,False,False,False,Brunei International Airport,BWN
Phnom Penh International Airport,PNH,2024-08-16 11:10,Kuala Lumpur International Airport,KUL,2024-08-16 14:00,110,Malaysia Airlines,Economy,690,435,,737,Y,Y,Y,1,7,1,23,Friday,False,False,False,Brunei International Airport,BWN
Phnom Penh International Airport,PNH,2024-08-17 18:20,Kuala Lumpur International Airport,KUL,2024-08-17 21:10,110,Malaysia Airlines,Economy,1155,900,True,739,Y,Y,Y,1,7,1,23,Saturday,False,False,False,Brunei International Airport,BWN
Phnom Penh International Airport,PNH,2024-08-18 18:40,Singapore Changi Airport,SIN,2024-08-18 21:40,120,Singapore Airlines,Economy,930,680,True,670,Y,Y,Y,1,7,1,23,Sunday,False,False,False,Brunei International Airport,BWN
Phnom Penh International Airport,PNH,2024-08-18 11:10,Kuala Lumpur International Airport,KUL,2024-08-18 14:00,110,Malaysia Airlines,Economy,690,435,,737,Y,Y,Y,1,7,1,23,Sunday,False,False,False,Brunei International Airport,BWN
Phnom Penh International Airport,PNH,2024-08-19 18:25,Singapore Changi Airport,SIN,2024-08-19 21:25,120,Singapore Airlines,Economy,945,695,True,471,Y,Y,Y,1,7,1,23,Monday,False,False,False,Brunei International Airport,BWN
Phnom Penh International Airport,PNH,2024-08-20 18:25,Singapore Changi Airport,SIN,2024-08-20 21:25,120,Singapore Airlines,Economy,1175,920,True,471,Y,Y,Y,1,7,1,23,Tuesday,False,False,False,Brunei International Airport,BWN
Phnom Penh International Airport,PNH,2024-08-20 11:10,Kuala Lumpur International Airport,KUL,2024-08-20 14:00,110,Malaysia Airlines,Economy,690,435,,737,Y,Y,Y,1,7,1,23,Tuesday,False,False,False,Brunei International Airport,BWN
Phnom Penh International Airport,PNH,2024-08-21 18:40,Singapore Changi Airport,SIN,2024-08-21 21:40,120,Singapore Airlines,Economy,930,680,True,428,Y,Y,Y,1,7,1,23,Wednesday,False,False,False,Brunei International Airport,BWN
Phnom Penh International Airport,PNH,2024-08-21 18:20,Kuala Lumpur International Airport,KUL,2024-08-21 21:10,110,Malaysia Airlines,Economy,1155,900,True,545,Y,Y,Y,1,7,1,23,Wednesday,False,False,False,Brunei International Airport,BWN
Phnom Penh International Airport,PNH,2024-08-22 18:25,Singapore Changi Airport,SIN,2024-08-22 21:25,120,Singapore Airlines,Economy,1175,920,True,428,Y,Y,Y,1,7,1,23,Thursday,False,False,False,Brunei International Airport,BWN
Phnom Penh International Airport,PNH,2024-08-22 11:10,Kuala Lumpur International Airport,KUL,2024-08-22 14:00,110,Malaysia Airlines,Economy,690,435,,543,Y,Y,Y,1,7,1,23,Thursday,False,False,False,Brunei International Airport,BWN
Phnom Penh International Airport,PNH,2024-08-22 18:20,Kuala Lumpur International Airport,KUL,2024-08-22 21:10,110,Malaysia Airlines,Economy,1155,900,True,545,Y,Y,Y,1,7,1,23,Thursday,False,False,False,Brunei International Airport,BWN
Phnom Penh International Airport,PNH,2024-08-23 00:50,Ninoy Aquino International Airport,MNL,2024-08-23 04:40,170,Philippine Airlines,Economy,1310,1015,True,315,Y,Y,Y,1,7,1,30,Friday,False,False,False,Brunei International Airport,BWN
Phnom Penh International Airport,PNH,2024-08-23 18:25,Singapore Changi Airport,SIN,2024-08-23 21:25,120,Singapore Airlines,Economy,945,695,True,512,Y,Y,Y,1,7,1,23,Friday,False,False,False,Brunei International Airport,BWN
Phnom Penh International Airport,PNH,2024-08-23 11:10,Kuala Lumpur International Airport,KUL,2024-08-23 14:00,110,Malaysia Airlines,Economy,690,435,,526,Y,Y,Y,1,7,1,23,Friday,False,False,False,Brunei International Airport,BWN
Phnom Penh International Airport,PNH,2024-08-23 18:20,Kuala Lumpur International Airport,KUL,2024-08-23 21:10,110,Malaysia Airlines,Economy,1155,900,True,739,Y,Y,Y,1,7,1,23,Friday,False,False,False,Brunei International Airport,BWN
Phnom Penh International Airport,PNH,2024-08-24 18:40,Singapore Changi Airport,SIN,2024-08-24 21:40,120,Singapore Airlines,Economy,1160,905,True,428,Y,Y,Y,1,7,1,23,Saturday,False,False,False,Brunei International Airport,BWN
Phnom Penh International Airport,PNH,2024-08-24 18:20,Kuala Lumpur International Airport,KUL,2024-08-24 21:10,110,Malaysia Airlines,Economy,1155,900,True,545,Y,Y,Y,1,7,1,23,Saturday,False,False,False,Brunei International Airport,BWN
Phnom Penh International Airport,PNH,2024-08-25 18:40,Singapore Changi Airport,SIN,2024-08-25 21:40,120,Singapore Airlines,Economy,930,680,True,428,Y,Y,Y,1,7,1,23,Sunday,False,False,False,Brunei International Airport,BWN
Phnom Penh International Airport,PNH,2024-08-25 11:10,Kuala Lumpur International Airport,KUL,2024-08-25 14:00,110,Malaysia Airlines,Economy,690,435,,579,Y,Y,Y,1,7,1,23,Sunday,False,False,False,Brunei International Airport,BWN
Phnom Penh International Airport,PNH,2024-08-26 18:25,Singapore Changi Airport,SIN,2024-08-26 21:25,120,Singapore Airlines,Economy,945,695,True,428,Y,Y,Y,1,7,1,23,Monday,False,False,False,Brunei International Airport,BWN
Phnom Penh International Airport,PNH,2024-08-27 18:25,Singapore Changi Airport,SIN,2024-08-27 21:25,120,Singapore Airlines,Economy,1175,920,True,428,Y,Y,Y,1,7,1,23,Tuesday,False,False,False,Brunei International Airport,BWN
Phnom Penh International Airport,PNH,2024-08-27 11:10,Kuala Lumpur International Airport,KUL,2024-08-27 14:00,110,Malaysia Airlines,Economy,690,435,,579,Y,Y,Y,1,7,1,23,Tuesday,False,False,False,Brunei International Airport,BWN
Phnom Penh International Airport,PNH,2024-08-28 18:40,Singapore Changi Airport,SIN,2024-08-28 21:40,120,Singapore Airlines,Economy,930,680,True,428,Y,Y,Y,1,7,1,23,Wednesday,False,False,False,Brunei International Airport,BWN
Phnom Penh International Airport,PNH,2024-08-28 18:20,Kuala Lumpur International Airport,KUL,2024-08-28 21:10,110,Malaysia Airlines,Economy,1155,900,True,528,Y,Y,Y,1,7,1,23,Wednesday,False,False,False,Brunei International Airport,BWN
Phnom Penh International Airport,PNH,2024-08-28 11:10,Kuala Lumpur International Airport,KUL,2024-08-28 14:00,110,Malaysia Airlines,Economy,690,435,,579,Y,Y,Y,1,7,1,23,Wednesday,False,False,False,Brunei International Airport,BWN
Phnom Penh International Airport,PNH,2024-08-29 18:25,Singapore Changi Airport,SIN,2024-08-29 21:25,120,Singapore Airlines,Economy,1175,920,True,428,Y,Y,Y,1,7,1,23,Thursday,False,False,False,Brunei International Airport,BWN
Phnom Penh International Airport,PNH,2024-08-29 11:10,Kuala Lumpur International Airport,KUL,2024-08-29 14:00,110,Malaysia Airlines,Economy,690,435,,509,Y,Y,Y,1,7,1,23,Thursday,False,False,False,Brunei International Airport,BWN
Phnom Penh International Airport,PNH,2024-08-29 18:20,Kuala Lumpur International Airport,KUL,2024-08-29 21:10,110,Malaysia Airlines,Economy,1155,900,True,511,Y,Y,Y,1,7,1,23,Thursday,False,False,False,Brunei International Airport,BWN
Phnom Penh International Airport,PNH,2024-08-30 00:50,Ninoy Aquino International Airport,MNL,2024-08-30 04:40,170,Philippine Airlines,Economy,1310,1015,True,315,Y,Y,Y,1,7,1,30,Friday,False,False,False,Brunei International Airport,BWN
Phnom Penh International Airport,PNH,2024-08-30 18:25,Singapore Changi Airport,SIN,2024-08-30 21:25,120,Singapore Airlines,Economy,945,695,True,512,Y,Y,Y,1,7,1,23,Friday,False,False,False,Brunei International Airport,BWN
Phnom Penh International Airport,PNH,2024-08-30 18:20,Kuala Lumpur International Airport,KUL,2024-08-30 21:10,110,Malaysia Airlines,Economy,1155,900,True,545,Y,Y,Y,1,7,1,23,Friday,False,False,False,Brunei International Airport,BWN
Phnom Penh International Airport,PNH,2024-08-30 11:10,Kuala Lumpur International Airport,KUL,2024-08-30 14:00,110,Malaysia Airlines,Economy,690,435,,579,Y,Y,Y,1,7,1,23,Friday,False,False,False,Brunei International Airport,BWN
Phnom Penh International Airport,PNH,2024-08-31 18:40,Singapore Changi Airport,SIN,2024-08-31 21:40,120,Singapore Airlines,Economy,1160,905,True,428,Y,Y,Y,1,7,1,23,Saturday,False,False,False,Brunei International Airport,BWN
Phnom Penh International Airport,PNH,2024-08-31 18:20,Kuala Lumpur International Airport,KUL,2024-08-31 21:10,110,Malaysia Airlines,Economy,1155,900,True,545,Y,Y,Y,1,7,1,23,Saturday,False,False,False,Brunei International Airport,BWN
