Departure Airport Name,Departure Airport ID,Departure Time,Arrival Airport Name,Arrival Airport ID,Arrival Time,Duration,Airline,Travel Class,Total Duration,Layover 1 Duration,Layover 1 Overnight,Price, Cabin Baggage, Checked Baggage,Meal Included,Cabin Baggage (Number),Cabin Baggage (kg per piece),Checked Baggage (Number),Checked Baggage (kg per piece) ,Day of Week (on flight date),Departure Country Is Holiday,Arrival Country Is Holiday,Overnight Flight,Final Arrival Airport Name,Final Arrival Airport ID
Yangon International Airport,RGN,2024-07-01 11:25,Kuala Lumpur International Airport,KUL,2024-07-01 15:50,175,Malaysia Airlines,Economy,430,120,,293,Y,Y,Y,1,7,1,23,Monday,False,False,False,Soekarno-Hatta International Airport,CGK
Yangon International Airport,RGN,2024-07-01 19:00,Suvarnabhumi Airport,BKK,2024-07-01 21:00,90,THAI,Economy,965,660,True,293,Y,Y,Y,1,7,2,23,Monday,False,False,False,Soekarno-Hatta International Airport,CGK
Yangon International Airport,RGN,2024-07-01 11:25,Guangzhou Baiyun International Airport,CAN,2024-07-01 16:15,200,China Southern,Economy,690,185,,404,Y,Y,Y,1,8,1,23,Monday,False,False,False,Soekarno-Hatta International Airport,CGK
Yangon International Airport,RGN,2024-07-01 11:25,Guangzhou Baiyun International Airport,CAN,2024-07-01 16:15,200,China Southern,Economy,1460,960,True,360,Y,Y,Y,1,8,1,23,Monday,False,False,False,Soekarno-Hatta International Airport,CGK
Yangon International Airport,RGN,2024-07-01 10:35,Singapore Changi Airport,SIN,2024-07-01 15:20,195,Singapore Airlines,Economy,695,395,,779,Y,Y,Y,1,7,1,23,Monday,False,False,False,Soekarno-Hatta International Airport,CGK
Yangon International Airport,RGN,2024-07-02 19:00,Suvarnabhumi Airport,BKK,2024-07-02 21:00,90,THAI,Economy,965,660,True,293,Y,Y,Y,1,7,2,23,Tuesday,False,False,False,Soekarno-Hatta International Airport,CGK
Yangon International Airport,RGN,2024-07-02 11:25,Kuala Lumpur International Airport,KUL,2024-07-02 15:50,175,Malaysia Airlines,Economy,430,120,,372,Y,Y,Y,1,7,1,23,Tuesday,False,False,False,Soekarno-Hatta International Airport,CGK
Yangon International Airport,RGN,2024-07-02 11:25,Kuala Lumpur International Airport,KUL,2024-07-02 15:50,175,Malaysia Airlines,Economy,1235,935,True,294,Y,Y,Y,1,7,1,23,Tuesday,False,False,False,Soekarno-Hatta International Airport,CGK
Yangon International Airport,RGN,2024-07-02 10:35,Taiwan Taoyuan International Airport,TPE,2024-07-02 16:10,245,China Airlines,Economy,1590,1025,True,533,Y,Y,Y,1,7,2,23,Tuesday,False,False,False,Soekarno-Hatta International Airport,CGK
Yangon International Airport,RGN,2024-07-02 10:35,Taiwan Taoyuan International Airport,TPE,2024-07-02 16:10,245,China Airlines,Economy,805,240,,707,Y,Y,Y,1,7,2,23,Tuesday,False,False,False,Soekarno-Hatta International Airport,CGK
Yangon International Airport,RGN,2024-07-02 10:35,Singapore Changi Airport,SIN,2024-07-02 15:20,195,Singapore Airlines,Economy,1200,900,True,779,Y,Y,Y,1,7,1,23,Tuesday,False,False,False,Soekarno-Hatta International Airport,CGK
Yangon International Airport,RGN,2024-07-03 19:00,Suvarnabhumi Airport,BKK,2024-07-03 21:00,90,THAI,Economy,965,660,True,222,Y,Y,Y,1,7,2,23,Wednesday,False,False,False,Soekarno-Hatta International Airport,CGK
Yangon International Airport,RGN,2024-07-03 11:25,Kuala Lumpur International Airport,KUL,2024-07-03 15:50,175,Malaysia Airlines,Economy,430,120,,428,Y,Y,Y,1,7,1,23,Wednesday,False,False,False,Soekarno-Hatta International Airport,CGK
Yangon International Airport,RGN,2024-07-03 11:25,Guangzhou Baiyun International Airport,CAN,2024-07-03 16:15,200,China Southern,Economy,690,185,,507,Y,Y,Y,1,8,1,23,Wednesday,False,False,False,Soekarno-Hatta International Airport,CGK
Yangon International Airport,RGN,2024-07-03 10:35,Singapore Changi Airport,SIN,2024-07-03 15:20,195,Singapore Airlines,Economy,420,120,,779,Y,Y,Y,1,7,1,23,Wednesday,False,False,False,Soekarno-Hatta International Airport,CGK
Yangon International Airport,RGN,2024-07-03 11:25,Kuala Lumpur International Airport,KUL,2024-07-03 15:50,175,Malaysia Airlines,Economy,1870,1560,True,277,Y,Y,Y,1,7,1,23,Wednesday,False,False,False,Soekarno-Hatta International Airport,CGK
Yangon International Airport,RGN,2024-07-03 11:25,Kuala Lumpur International Airport,KUL,2024-07-03 15:50,175,Malaysia Airlines,Economy,1235,935,True,373,Y,Y,Y,1,7,1,23,Wednesday,False,False,False,Soekarno-Hatta International Airport,CGK
Yangon International Airport,RGN,2024-07-03 11:25,Guangzhou Baiyun International Airport,CAN,2024-07-03 16:15,200,China Southern,Economy,1460,960,True,381,Y,Y,Y,1,8,1,23,Wednesday,False,False,False,Soekarno-Hatta International Airport,CGK
Yangon International Airport,RGN,2024-07-03 10:35,Singapore Changi Airport,SIN,2024-07-03 15:20,195,Singapore Airlines,Economy,695,395,,664,Y,Y,Y,1,7,1,23,Wednesday,False,False,False,Soekarno-Hatta International Airport,CGK
Yangon International Airport,RGN,2024-07-04 19:00,Suvarnabhumi Airport,BKK,2024-07-04 21:00,90,THAI,Economy,965,660,True,222,Y,Y,Y,1,7,2,23,Thursday,False,False,False,Soekarno-Hatta International Airport,CGK
Yangon International Airport,RGN,2024-07-04 11:25,Kuala Lumpur International Airport,KUL,2024-07-04 15:50,175,Malaysia Airlines,Economy,430,120,,428,Y,Y,Y,1,7,1,23,Thursday,False,False,False,Soekarno-Hatta International Airport,CGK
Yangon International Airport,RGN,2024-07-04 10:35,Singapore Changi Airport,SIN,2024-07-04 15:20,195,Singapore Airlines,Economy,365,65,,779,Y,Y,Y,1,7,1,23,Thursday,False,False,False,Soekarno-Hatta International Airport,CGK
Yangon International Airport,RGN,2024-07-04 10:35,Taiwan Taoyuan International Airport,TPE,2024-07-04 16:10,245,China Airlines,Economy,1590,1025,True,533,Y,Y,Y,1,7,2,23,Thursday,False,False,False,Soekarno-Hatta International Airport,CGK
Yangon International Airport,RGN,2024-07-04 10:35,Taiwan Taoyuan International Airport,TPE,2024-07-04 16:10,245,China Airlines,Economy,805,240,,707,Y,Y,Y,1,7,2,23,Thursday,False,False,False,Soekarno-Hatta International Airport,CGK
Yangon International Airport,RGN,2024-07-05 19:00,Suvarnabhumi Airport,BKK,2024-07-05 21:00,90,THAI,Economy,965,660,True,206,Y,Y,Y,1,7,2,23,Friday,False,False,False,Soekarno-Hatta International Airport,CGK
Yangon International Airport,RGN,2024-07-05 11:25,Guangzhou Baiyun International Airport,CAN,2024-07-05 16:15,200,China Southern,Economy,1460,960,True,360,Y,Y,Y,1,8,1,23,Friday,False,False,False,Soekarno-Hatta International Airport,CGK
Yangon International Airport,RGN,2024-07-05 11:25,Guangzhou Baiyun International Airport,CAN,2024-07-05 16:15,200,China Southern,Economy,690,185,,381,Y,Y,Y,1,8,1,23,Friday,False,False,False,Soekarno-Hatta International Airport,CGK
Yangon International Airport,RGN,2024-07-05 10:35,Singapore Changi Airport,SIN,2024-07-05 15:20,195,Singapore Airlines,Economy,365,65,,779,Y,Y,Y,1,7,1,23,Friday,False,False,False,Soekarno-Hatta International Airport,CGK
Yangon International Airport,RGN,2024-07-06 11:25,Guangzhou Baiyun International Airport,CAN,2024-07-06 16:00,185,China Southern,Economy,690,200,,478,Y,Y,Y,1,8,1,23,Saturday,False,False,False,Soekarno-Hatta International Airport,CGK
Yangon International Airport,RGN,2024-07-06 11:25,Kuala Lumpur International Airport,KUL,2024-07-06 15:50,175,Malaysia Airlines,Economy,430,120,,520,Y,Y,Y,1,7,1,23,Saturday,False,False,False,Soekarno-Hatta International Airport,CGK
Yangon International Airport,RGN,2024-07-06 10:35,Singapore Changi Airport,SIN,2024-07-06 15:20,195,Singapore Airlines,Economy,365,65,,779,Y,Y,Y,1,7,1,23,Saturday,False,False,False,Soekarno-Hatta International Airport,CGK
Yangon International Airport,RGN,2024-07-06 11:25,Kuala Lumpur International Airport,KUL,2024-07-06 15:50,175,Malaysia Airlines,Economy,1630,1315,True,328,Y,Y,Y,1,7,1,23,Saturday,False,False,False,Soekarno-Hatta International Airport,CGK
Yangon International Airport,RGN,2024-07-06 11:25,Guangzhou Baiyun International Airport,CAN,2024-07-06 16:00,185,China Southern,Economy,1460,975,True,360,Y,Y,Y,1,8,1,23,Saturday,False,False,False,Soekarno-Hatta International Airport,CGK
Yangon International Airport,RGN,2024-07-06 11:25,Kuala Lumpur International Airport,KUL,2024-07-06 15:50,175,Malaysia Airlines,Economy,1235,935,True,373,Y,Y,Y,1,7,1,23,Saturday,False,False,False,Soekarno-Hatta International Airport,CGK
Yangon International Airport,RGN,2024-07-06 19:00,Suvarnabhumi Airport,BKK,2024-07-06 21:00,90,THAI,Economy,1345,1040,True,397,Y,Y,Y,1,7,2,23,Saturday,False,False,False,Soekarno-Hatta International Airport,CGK
Yangon International Airport,RGN,2024-07-06 19:00,Suvarnabhumi Airport,BKK,2024-07-06 21:00,90,THAI,Economy,965,660,True,467,Y,Y,Y,1,7,2,23,Saturday,False,False,False,Soekarno-Hatta International Airport,CGK
Yangon International Airport,RGN,2024-07-06 11:25,Kuala Lumpur International Airport,KUL,2024-07-06 15:50,175,Malaysia Airlines,Economy,670,360,,483,Y,Y,Y,1,7,1,23,Saturday,False,False,False,Soekarno-Hatta International Airport,CGK
Yangon International Airport,RGN,2024-07-06 10:35,Taiwan Taoyuan International Airport,TPE,2024-07-06 16:10,245,China Airlines,Economy,1590,1025,True,533,Y,Y,Y,1,7,2,23,Saturday,False,False,False,Soekarno-Hatta International Airport,CGK
Yangon International Airport,RGN,2024-07-07 19:00,Suvarnabhumi Airport,BKK,2024-07-07 21:00,90,THAI,Economy,965,660,True,249,Y,Y,Y,1,7,2,23,Sunday,False,True,False,Soekarno-Hatta International Airport,CGK
Yangon International Airport,RGN,2024-07-07 11:25,Kuala Lumpur International Airport,KUL,2024-07-07 15:50,175,Malaysia Airlines,Economy,430,120,,520,Y,Y,Y,1,7,1,23,Sunday,False,True,False,Soekarno-Hatta International Airport,CGK
Yangon International Airport,RGN,2024-07-07 10:35,Singapore Changi Airport,SIN,2024-07-07 15:20,195,Singapore Airlines,Economy,420,120,,664,Y,Y,Y,1,7,1,23,Sunday,False,True,False,Soekarno-Hatta International Airport,CGK
Yangon International Airport,RGN,2024-07-07 11:25,Kuala Lumpur International Airport,KUL,2024-07-07 15:50,175,Malaysia Airlines,Economy,1340,1030,True,272,Y,Y,Y,1,7,1,23,Sunday,False,True,False,Soekarno-Hatta International Airport,CGK
Yangon International Airport,RGN,2024-07-07 11:25,Kuala Lumpur International Airport,KUL,2024-07-07 15:50,175,Malaysia Airlines,Economy,1235,935,True,294,Y,Y,Y,1,7,1,23,Sunday,False,True,False,Soekarno-Hatta International Airport,CGK
Yangon International Airport,RGN,2024-07-07 10:35,Singapore Changi Airport,SIN,2024-07-07 15:20,195,Singapore Airlines,Economy,1315,1015,True,510,Y,Y,Y,1,7,1,23,Sunday,False,True,False,Soekarno-Hatta International Airport,CGK
Yangon International Airport,RGN,2024-07-07 10:35,Singapore Changi Airport,SIN,2024-07-07 15:20,195,Singapore Airlines,Economy,365,65,,779,Y,Y,Y,1,7,1,23,Sunday,False,True,False,Soekarno-Hatta International Airport,CGK
Yangon International Airport,RGN,2024-07-08 19:00,Suvarnabhumi Airport,BKK,2024-07-08 21:00,90,THAI,Economy,965,660,True,206,Y,Y,Y,1,7,2,23,Monday,False,False,False,Soekarno-Hatta International Airport,CGK
Yangon International Airport,RGN,2024-07-08 11:25,Guangzhou Baiyun International Airport,CAN,2024-07-08 16:15,200,China Southern,Economy,690,185,,360,Y,Y,Y,1,8,1,23,Monday,False,False,False,Soekarno-Hatta International Airport,CGK
Yangon International Airport,RGN,2024-07-08 11:25,Kuala Lumpur International Airport,KUL,2024-07-08 15:50,175,Malaysia Airlines,Economy,430,120,,428,Y,Y,Y,1,7,1,23,Monday,False,False,False,Soekarno-Hatta International Airport,CGK
Yangon International Airport,RGN,2024-07-08 11:25,Kuala Lumpur International Airport,KUL,2024-07-08 15:50,175,Malaysia Airlines,Economy,1235,935,True,255,Y,Y,Y,1,7,1,23,Monday,False,False,False,Soekarno-Hatta International Airport,CGK
Yangon International Airport,RGN,2024-07-08 11:25,Kuala Lumpur International Airport,KUL,2024-07-08 15:50,175,Malaysia Airlines,Economy,670,360,,372,Y,Y,Y,1,7,1,23,Monday,False,False,False,Soekarno-Hatta International Airport,CGK
Yangon International Airport,RGN,2024-07-08 10:35,Singapore Changi Airport,SIN,2024-07-08 15:20,195,Singapore Airlines,Economy,1440,1140,True,585,Y,Y,Y,1,7,1,23,Monday,False,False,False,Soekarno-Hatta International Airport,CGK
Yangon International Airport,RGN,2024-07-08 10:35,Singapore Changi Airport,SIN,2024-07-08 15:20,195,Singapore Airlines,Economy,420,120,,664,Y,Y,Y,1,7,1,23,Monday,False,False,False,Soekarno-Hatta International Airport,CGK
Yangon International Airport,RGN,2024-07-08 10:35,Singapore Changi Airport,SIN,2024-07-08 15:20,195,Singapore Airlines,Economy,365,65,,779,Y,Y,Y,1,7,1,23,Monday,False,False,False,Soekarno-Hatta International Airport,CGK
Yangon International Airport,RGN,2024-07-09 19:00,Suvarnabhumi Airport,BKK,2024-07-09 21:00,90,THAI,Economy,965,660,True,206,Y,Y,Y,1,7,2,23,Tuesday,False,False,False,Soekarno-Hatta International Airport,CGK
Yangon International Airport,RGN,2024-07-09 11:25,Kuala Lumpur International Airport,KUL,2024-07-09 15:50,175,Malaysia Airlines,Economy,430,120,,372,Y,Y,Y,1,7,1,23,Tuesday,False,False,False,Soekarno-Hatta International Airport,CGK
Yangon International Airport,RGN,2024-07-09 11:25,Kuala Lumpur International Airport,KUL,2024-07-09 15:50,175,Malaysia Airlines,Economy,1235,935,True,212,Y,Y,Y,1,7,1,23,Tuesday,False,False,False,Soekarno-Hatta International Airport,CGK
Yangon International Airport,RGN,2024-07-09 10:35,Taiwan Taoyuan International Airport,TPE,2024-07-09 16:10,245,China Airlines,Economy,805,240,,533,Y,Y,Y,1,7,2,23,Tuesday,False,False,False,Soekarno-Hatta International Airport,CGK
Yangon International Airport,RGN,2024-07-09 10:35,Singapore Changi Airport,SIN,2024-07-09 15:20,195,Singapore Airlines,Economy,1440,1140,True,585,Y,Y,Y,1,7,1,23,Tuesday,False,False,False,Soekarno-Hatta International Airport,CGK
Yangon International Airport,RGN,2024-07-09 10:35,Singapore Changi Airport,SIN,2024-07-09 15:20,195,Singapore Airlines,Economy,365,65,,779,Y,Y,Y,1,7,1,23,Tuesday,False,False,False,Soekarno-Hatta International Airport,CGK
Yangon International Airport,RGN,2024-07-10 11:25,Kuala Lumpur International Airport,KUL,2024-07-10 15:50,175,Malaysia Airlines,Economy,430,120,,210,Y,Y,Y,1,7,1,23,Wednesday,False,False,False,Soekarno-Hatta International Airport,CGK
Yangon International Airport,RGN,2024-07-10 19:00,Suvarnabhumi Airport,BKK,2024-07-10 21:00,90,THAI,Economy,965,660,True,206,Y,Y,Y,1,7,2,23,Wednesday,False,False,False,Soekarno-Hatta International Airport,CGK
Yangon International Airport,RGN,2024-07-10 11:25,Guangzhou Baiyun International Airport,CAN,2024-07-10 16:15,200,China Southern,Economy,690,185,,360,Y,Y,Y,1,8,1,23,Wednesday,False,False,False,Soekarno-Hatta International Airport,CGK
Yangon International Airport,RGN,2024-07-10 10:35,Singapore Changi Airport,SIN,2024-07-10 15:20,195,Singapore Airlines,Economy,1315,1015,True,441,Y,Y,Y,1,7,1,23,Wednesday,False,False,False,Soekarno-Hatta International Airport,CGK
Yangon International Airport,RGN,2024-07-10 10:35,Singapore Changi Airport,SIN,2024-07-10 15:20,195,Singapore Airlines,Economy,365,65,,585,Y,Y,Y,1,7,1,23,Wednesday,False,False,False,Soekarno-Hatta International Airport,CGK
Yangon International Airport,RGN,2024-07-10 10:35,Singapore Changi Airport,SIN,2024-07-10 15:20,195,Singapore Airlines,Economy,485,185,,585,Y,Y,Y,1,7,1,23,Wednesday,False,False,False,Soekarno-Hatta International Airport,CGK
Yangon International Airport,RGN,2024-07-11 19:00,Suvarnabhumi Airport,BKK,2024-07-11 21:00,90,THAI,Economy,965,660,True,206,Y,Y,Y,1,7,2,23,Thursday,False,False,False,Soekarno-Hatta International Airport,CGK
Yangon International Airport,RGN,2024-07-11 11:25,Kuala Lumpur International Airport,KUL,2024-07-11 15:50,175,Malaysia Airlines,Economy,670,360,,210,Y,Y,Y,1,7,1,23,Thursday,False,False,False,Soekarno-Hatta International Airport,CGK
Yangon International Airport,RGN,2024-07-11 11:25,Kuala Lumpur International Airport,KUL,2024-07-11 15:50,175,Malaysia Airlines,Economy,430,120,,372,Y,Y,Y,1,7,1,23,Thursday,False,False,False,Soekarno-Hatta International Airport,CGK
Yangon International Airport,RGN,2024-07-11 10:35,Singapore Changi Airport,SIN,2024-07-11 15:20,195,Singapore Airlines,Economy,1315,1015,True,441,Y,Y,Y,1,7,1,23,Thursday,False,False,False,Soekarno-Hatta International Airport,CGK
Yangon International Airport,RGN,2024-07-11 10:35,Taiwan Taoyuan International Airport,TPE,2024-07-11 16:10,245,China Airlines,Economy,805,240,,533,Y,Y,Y,1,7,2,23,Thursday,False,False,False,Soekarno-Hatta International Airport,CGK
Yangon International Airport,RGN,2024-07-11 10:35,Singapore Changi Airport,SIN,2024-07-11 15:20,195,Singapore Airlines,Economy,485,185,,585,Y,Y,Y,1,7,1,23,Thursday,False,False,False,Soekarno-Hatta International Airport,CGK
Yangon International Airport,RGN,2024-07-11 10:35,Singapore Changi Airport,SIN,2024-07-11 15:20,195,Singapore Airlines,Economy,1200,900,True,664,Y,Y,Y,1,7,1,23,Thursday,False,False,False,Soekarno-Hatta International Airport,CGK
Yangon International Airport,RGN,2024-07-11 10:35,Singapore Changi Airport,SIN,2024-07-11 15:20,195,Singapore Airlines,Economy,365,65,,779,Y,Y,Y,1,7,1,23,Thursday,False,False,False,Soekarno-Hatta International Airport,CGK
Yangon International Airport,RGN,2024-07-12 19:00,Suvarnabhumi Airport,BKK,2024-07-12 21:00,90,THAI,Economy,965,660,True,206,Y,Y,Y,1,7,2,23,Friday,False,False,False,Soekarno-Hatta International Airport,CGK
Yangon International Airport,RGN,2024-07-12 11:25,Kuala Lumpur International Airport,KUL,2024-07-12 15:50,175,Malaysia Airlines,Economy,430,120,,428,Y,Y,Y,1,7,1,23,Friday,False,False,False,Soekarno-Hatta International Airport,CGK
Yangon International Airport,RGN,2024-07-12 11:25,Kuala Lumpur International Airport,KUL,2024-07-12 15:50,175,Malaysia Airlines,Economy,1235,935,True,212,Y,Y,Y,1,7,1,23,Friday,False,False,False,Soekarno-Hatta International Airport,CGK
Yangon International Airport,RGN,2024-07-12 11:25,Guangzhou Baiyun International Airport,CAN,2024-07-12 16:15,200,China Southern,Economy,690,185,,360,Y,Y,Y,1,8,1,23,Friday,False,False,False,Soekarno-Hatta International Airport,CGK
Yangon International Airport,RGN,2024-07-12 10:35,Singapore Changi Airport,SIN,2024-07-12 15:20,195,Singapore Airlines,Economy,1440,1140,True,441,Y,Y,Y,1,7,1,23,Friday,False,False,False,Soekarno-Hatta International Airport,CGK
Yangon International Airport,RGN,2024-07-12 10:35,Singapore Changi Airport,SIN,2024-07-12 15:20,195,Singapore Airlines,Economy,485,175,,510,Y,Y,Y,1,7,1,23,Friday,False,False,False,Soekarno-Hatta International Airport,CGK
Yangon International Airport,RGN,2024-07-12 10:35,Singapore Changi Airport,SIN,2024-07-12 15:20,195,Singapore Airlines,Economy,420,120,,585,Y,Y,Y,1,7,1,23,Friday,False,False,False,Soekarno-Hatta International Airport,CGK
Yangon International Airport,RGN,2024-07-13 19:00,Suvarnabhumi Airport,BKK,2024-07-13 21:00,90,THAI,Economy,965,660,True,206,Y,Y,Y,1,7,2,23,Saturday,False,False,False,Soekarno-Hatta International Airport,CGK
Yangon International Airport,RGN,2024-07-13 11:25,Kuala Lumpur International Airport,KUL,2024-07-13 15:50,175,Malaysia Airlines,Economy,430,120,,372,Y,Y,Y,1,7,1,23,Saturday,False,False,False,Soekarno-Hatta International Airport,CGK
Yangon International Airport,RGN,2024-07-13 10:35,Singapore Changi Airport,SIN,2024-07-13 15:20,195,Singapore Airlines,Economy,485,170,,510,Y,Y,Y,1,7,1,23,Saturday,False,False,False,Soekarno-Hatta International Airport,CGK
Yangon International Airport,RGN,2024-07-13 11:25,Kuala Lumpur International Airport,KUL,2024-07-13 15:50,175,Malaysia Airlines,Economy,1630,1315,True,212,Y,Y,Y,1,7,1,23,Saturday,False,False,False,Soekarno-Hatta International Airport,CGK
Yangon International Airport,RGN,2024-07-13 11:25,Kuala Lumpur International Airport,KUL,2024-07-13 15:50,175,Malaysia Airlines,Economy,1340,1030,True,272,Y,Y,Y,1,7,1,23,Saturday,False,False,False,Soekarno-Hatta International Airport,CGK
Yangon International Airport,RGN,2024-07-13 11:25,Guangzhou Baiyun International Airport,CAN,2024-07-13 16:00,185,China Southern,Economy,1460,975,True,404,Y,Y,Y,1,8,1,23,Saturday,False,False,False,Soekarno-Hatta International Airport,CGK
Yangon International Airport,RGN,2024-07-13 11:25,Guangzhou Baiyun International Airport,CAN,2024-07-13 16:00,185,China Southern,Economy,690,200,,478,Y,Y,Y,1,8,1,23,Saturday,False,False,False,Soekarno-Hatta International Airport,CGK
Yangon International Airport,RGN,2024-07-13 10:35,Taiwan Taoyuan International Airport,TPE,2024-07-13 16:10,245,China Airlines,Economy,1590,1025,True,533,Y,Y,Y,1,7,2,23,Saturday,False,False,False,Soekarno-Hatta International Airport,CGK
Yangon International Airport,RGN,2024-07-13 10:35,Singapore Changi Airport,SIN,2024-07-13 15:20,195,Singapore Airlines,Economy,695,395,,585,Y,Y,Y,1,7,1,23,Saturday,False,False,False,Soekarno-Hatta International Airport,CGK
Yangon International Airport,RGN,2024-07-13 10:35,Singapore Changi Airport,SIN,2024-07-13 15:20,195,Singapore Airlines,Economy,365,65,,779,Y,Y,Y,1,7,1,23,Saturday,False,False,False,Soekarno-Hatta International Airport,CGK
Yangon International Airport,RGN,2024-07-14 11:25,Kuala Lumpur International Airport,KUL,2024-07-14 15:50,175,Malaysia Airlines,Economy,430,120,,293,Y,Y,Y,1,7,1,23,Sunday,False,False,False,Soekarno-Hatta International Airport,CGK
Yangon International Airport,RGN,2024-07-14 19:00,Suvarnabhumi Airport,BKK,2024-07-14 21:00,90,THAI,Economy,965,660,True,206,Y,Y,Y,1,7,2,23,Sunday,False,False,False,Soekarno-Hatta International Airport,CGK
Yangon International Airport,RGN,2024-07-14 11:25,Kuala Lumpur International Airport,KUL,2024-07-14 15:50,175,Malaysia Airlines,Economy,1235,935,True,212,Y,Y,Y,1,7,1,23,Sunday,False,False,False,Soekarno-Hatta International Airport,CGK
Yangon International Airport,RGN,2024-07-14 10:35,Singapore Changi Airport,SIN,2024-07-14 15:20,195,Singapore Airlines,Economy,1315,1015,True,384,Y,Y,Y,1,7,1,23,Sunday,False,False,False,Soekarno-Hatta International Airport,CGK
Yangon International Airport,RGN,2024-07-14 10:35,Singapore Changi Airport,SIN,2024-07-14 15:20,195,Singapore Airlines,Economy,420,120,,585,Y,Y,Y,1,7,1,23,Sunday,False,False,False,Soekarno-Hatta International Airport,CGK
Yangon International Airport,RGN,2024-07-14 10:35,Singapore Changi Airport,SIN,2024-07-14 15:20,195,Singapore Airlines,Economy,485,185,,585,Y,Y,Y,1,7,1,23,Sunday,False,False,False,Soekarno-Hatta International Airport,CGK
Yangon International Airport,RGN,2024-07-14 10:35,Singapore Changi Airport,SIN,2024-07-14 15:20,195,Singapore Airlines,Economy,365,65,,779,Y,Y,Y,1,7,1,23,Sunday,False,False,False,Soekarno-Hatta International Airport,CGK
Yangon International Airport,RGN,2024-07-15 19:00,Suvarnabhumi Airport,BKK,2024-07-15 21:00,90,THAI,Economy,965,660,True,206,Y,Y,Y,1,7,2,23,Monday,False,False,False,Soekarno-Hatta International Airport,CGK
Yangon International Airport,RGN,2024-07-15 11:25,Kuala Lumpur International Airport,KUL,2024-07-15 15:50,175,Malaysia Airlines,Economy,670,360,,210,Y,Y,Y,1,7,1,23,Monday,False,False,False,Soekarno-Hatta International Airport,CGK
Yangon International Airport,RGN,2024-07-15 11:25,Kuala Lumpur International Airport,KUL,2024-07-15 15:50,175,Malaysia Airlines,Economy,430,120,,372,Y,Y,Y,1,7,1,23,Monday,False,False,False,Soekarno-Hatta International Airport,CGK
Yangon International Airport,RGN,2024-07-15 11:25,Guangzhou Baiyun International Airport,CAN,2024-07-15 16:15,200,China Southern,Economy,690,185,,360,Y,Y,Y,1,8,1,23,Monday,False,False,False,Soekarno-Hatta International Airport,CGK
Yangon International Airport,RGN,2024-07-15 10:35,Singapore Changi Airport,SIN,2024-07-15 15:20,195,Singapore Airlines,Economy,485,185,,510,Y,Y,Y,1,7,1,23,Monday,False,False,False,Soekarno-Hatta International Airport,CGK
Yangon International Airport,RGN,2024-07-15 10:35,Singapore Changi Airport,SIN,2024-07-15 15:20,195,Singapore Airlines,Economy,365,65,,585,Y,Y,Y,1,7,1,23,Monday,False,False,False,Soekarno-Hatta International Airport,CGK
Yangon International Airport,RGN,2024-07-16 11:25,Kuala Lumpur International Airport,KUL,2024-07-16 15:50,175,Malaysia Airlines,Economy,430,120,,210,Y,Y,Y,1,7,1,23,Tuesday,False,False,False,Soekarno-Hatta International Airport,CGK
Yangon International Airport,RGN,2024-07-16 19:00,Suvarnabhumi Airport,BKK,2024-07-16 21:00,90,THAI,Economy,965,660,True,206,Y,Y,Y,1,7,2,23,Tuesday,False,False,False,Soekarno-Hatta International Airport,CGK
Yangon International Airport,RGN,2024-07-16 10:35,Singapore Changi Airport,SIN,2024-07-16 15:20,195,Singapore Airlines,Economy,1440,1140,True,441,Y,Y,Y,1,7,1,23,Tuesday,False,False,False,Soekarno-Hatta International Airport,CGK
Yangon International Airport,RGN,2024-07-16 10:35,Singapore Changi Airport,SIN,2024-07-16 15:20,195,Singapore Airlines,Economy,485,185,,510,Y,Y,Y,1,7,1,23,Tuesday,False,False,False,Soekarno-Hatta International Airport,CGK
Yangon International Airport,RGN,2024-07-16 10:35,Taiwan Taoyuan International Airport,TPE,2024-07-16 16:10,245,China Airlines,Economy,805,240,,533,Y,Y,Y,1,7,2,23,Tuesday,False,False,False,Soekarno-Hatta International Airport,CGK
Yangon International Airport,RGN,2024-07-16 10:35,Singapore Changi Airport,SIN,2024-07-16 15:20,195,Singapore Airlines,Economy,365,65,,585,Y,Y,Y,1,7,1,23,Tuesday,False,False,False,Soekarno-Hatta International Airport,CGK
Yangon International Airport,RGN,2024-07-17 11:25,Kuala Lumpur International Airport,KUL,2024-07-17 15:50,175,Malaysia Airlines,Economy,670,360,,210,Y,Y,Y,1,7,1,23,Wednesday,False,False,False,Soekarno-Hatta International Airport,CGK
Yangon International Airport,RGN,2024-07-17 19:00,Suvarnabhumi Airport,BKK,2024-07-17 21:00,90,THAI,Economy,965,660,True,206,Y,Y,Y,1,7,2,23,Wednesday,False,False,False,Soekarno-Hatta International Airport,CGK
Yangon International Airport,RGN,2024-07-17 11:25,Guangzhou Baiyun International Airport,CAN,2024-07-17 16:15,200,China Southern,Economy,690,185,,360,Y,Y,Y,1,8,1,23,Wednesday,False,False,False,Soekarno-Hatta International Airport,CGK
Yangon International Airport,RGN,2024-07-17 11:25,Kuala Lumpur International Airport,KUL,2024-07-17 15:50,175,Malaysia Airlines,Economy,430,120,,372,Y,Y,Y,1,7,1,23,Wednesday,False,False,False,Soekarno-Hatta International Airport,CGK
Yangon International Airport,RGN,2024-07-17 10:35,Singapore Changi Airport,SIN,2024-07-17 15:20,195,Singapore Airlines,Economy,1315,1015,True,384,Y,Y,Y,1,7,1,23,Wednesday,False,False,False,Soekarno-Hatta International Airport,CGK
Yangon International Airport,RGN,2024-07-17 10:35,Singapore Changi Airport,SIN,2024-07-17 15:20,195,Singapore Airlines,Economy,485,185,,510,Y,Y,Y,1,7,1,23,Wednesday,False,False,False,Soekarno-Hatta International Airport,CGK
Yangon International Airport,RGN,2024-07-17 10:35,Singapore Changi Airport,SIN,2024-07-17 15:20,195,Singapore Airlines,Economy,365,65,,585,Y,Y,Y,1,7,1,23,Wednesday,False,False,False,Soekarno-Hatta International Airport,CGK
Yangon International Airport,RGN,2024-07-18 11:25,Kuala Lumpur International Airport,KUL,2024-07-18 15:50,175,Malaysia Airlines,Economy,670,360,,210,Y,Y,Y,1,7,1,23,Thursday,False,False,False,Soekarno-Hatta International Airport,CGK
Yangon International Airport,RGN,2024-07-18 10:35,Singapore Changi Airport,SIN,2024-07-18 15:20,195,Singapore Airlines,Economy,365,65,,384,Y,Y,Y,1,7,1,23,Thursday,False,False,False,Soekarno-Hatta International Airport,CGK
Yangon International Airport,RGN,2024-07-18 19:00,Suvarnabhumi Airport,BKK,2024-07-18 21:00,90,THAI,Economy,965,660,True,206,Y,Y,Y,1,7,2,23,Thursday,False,False,False,Soekarno-Hatta International Airport,CGK
Yangon International Airport,RGN,2024-07-18 11:25,Kuala Lumpur International Airport,KUL,2024-07-18 15:50,175,Malaysia Airlines,Economy,430,120,,372,Y,Y,Y,1,7,1,23,Thursday,False,False,False,Soekarno-Hatta International Airport,CGK
Yangon International Airport,RGN,2024-07-18 10:35,Singapore Changi Airport,SIN,2024-07-18 15:20,195,Singapore Airlines,Economy,485,185,,384,Y,Y,Y,1,7,1,23,Thursday,False,False,False,Soekarno-Hatta International Airport,CGK
Yangon International Airport,RGN,2024-07-18 10:35,Taiwan Taoyuan International Airport,TPE,2024-07-18 16:10,245,China Airlines,Economy,805,240,,533,Y,Y,Y,1,7,2,23,Thursday,False,False,False,Soekarno-Hatta International Airport,CGK
Yangon International Airport,RGN,2024-07-19 11:25,Kuala Lumpur International Airport,KUL,2024-07-19 15:50,175,Malaysia Airlines,Economy,670,360,,210,Y,Y,Y,1,7,1,23,Friday,True,False,False,Soekarno-Hatta International Airport,CGK
Yangon International Airport,RGN,2024-07-19 19:00,Suvarnabhumi Airport,BKK,2024-07-19 21:00,90,THAI,Economy,965,660,True,206,Y,Y,Y,1,7,2,23,Friday,True,False,False,Soekarno-Hatta International Airport,CGK
Yangon International Airport,RGN,2024-07-19 11:25,Guangzhou Baiyun International Airport,CAN,2024-07-19 16:15,200,China Southern,Economy,690,185,,360,Y,Y,Y,1,8,1,23,Friday,True,False,False,Soekarno-Hatta International Airport,CGK
Yangon International Airport,RGN,2024-07-19 11:25,Kuala Lumpur International Airport,KUL,2024-07-19 15:50,175,Malaysia Airlines,Economy,430,120,,372,Y,Y,Y,1,7,1,23,Friday,True,False,False,Soekarno-Hatta International Airport,CGK
Yangon International Airport,RGN,2024-07-19 10:35,Singapore Changi Airport,SIN,2024-07-19 15:20,195,Singapore Airlines,Economy,1440,1140,True,384,Y,Y,Y,1,7,1,23,Friday,True,False,False,Soekarno-Hatta International Airport,CGK
Yangon International Airport,RGN,2024-07-19 10:35,Singapore Changi Airport,SIN,2024-07-19 15:20,195,Singapore Airlines,Economy,485,175,,441,Y,Y,Y,1,7,1,23,Friday,True,False,False,Soekarno-Hatta International Airport,CGK
Yangon International Airport,RGN,2024-07-19 10:35,Singapore Changi Airport,SIN,2024-07-19 15:20,195,Singapore Airlines,Economy,365,65,,585,Y,Y,Y,1,7,1,23,Friday,True,False,False,Soekarno-Hatta International Airport,CGK
Yangon International Airport,RGN,2024-07-20 19:00,Suvarnabhumi Airport,BKK,2024-07-20 21:00,90,THAI,Economy,965,660,True,206,Y,Y,Y,1,7,2,23,Saturday,True,False,False,Soekarno-Hatta International Airport,CGK
Yangon International Airport,RGN,2024-07-20 11:25,Kuala Lumpur International Airport,KUL,2024-07-20 15:50,175,Malaysia Airlines,Economy,670,360,,253,Y,Y,Y,1,7,1,23,Saturday,True,False,False,Soekarno-Hatta International Airport,CGK
Yangon International Airport,RGN,2024-07-20 10:35,Singapore Changi Airport,SIN,2024-07-20 15:20,195,Singapore Airlines,Economy,365,65,,384,Y,Y,Y,1,7,1,23,Saturday,True,False,False,Soekarno-Hatta International Airport,CGK
Yangon International Airport,RGN,2024-07-20 11:25,Kuala Lumpur International Airport,KUL,2024-07-20 15:50,175,Malaysia Airlines,Economy,1630,1315,True,212,Y,Y,Y,1,7,1,23,Saturday,True,False,False,Soekarno-Hatta International Airport,CGK
Yangon International Airport,RGN,2024-07-20 11:25,Guangzhou Baiyun International Airport,CAN,2024-07-20 16:00,185,China Southern,Economy,690,200,,360,Y,Y,Y,1,8,1,23,Saturday,True,False,False,Soekarno-Hatta International Airport,CGK
Yangon International Airport,RGN,2024-07-20 11:25,Kuala Lumpur International Airport,KUL,2024-07-20 15:50,175,Malaysia Airlines,Economy,430,120,,372,Y,Y,Y,1,7,1,23,Saturday,True,False,False,Soekarno-Hatta International Airport,CGK
Yangon International Airport,RGN,2024-07-20 10:35,Singapore Changi Airport,SIN,2024-07-20 15:20,195,Singapore Airlines,Economy,485,170,,384,Y,Y,Y,1,7,1,23,Saturday,True,False,False,Soekarno-Hatta International Airport,CGK
Yangon International Airport,RGN,2024-07-20 10:35,Taiwan Taoyuan International Airport,TPE,2024-07-20 16:10,245,China Airlines,Economy,1590,1025,True,533,Y,Y,Y,1,7,2,23,Saturday,True,False,False,Soekarno-Hatta International Airport,CGK
Yangon International Airport,RGN,2024-07-21 11:25,Kuala Lumpur International Airport,KUL,2024-07-21 15:50,175,Malaysia Airlines,Economy,430,120,,210,Y,Y,Y,1,7,1,23,Sunday,False,False,False,Soekarno-Hatta International Airport,CGK
Yangon International Airport,RGN,2024-07-21 19:00,Suvarnabhumi Airport,BKK,2024-07-21 21:00,90,THAI,Economy,965,660,True,206,Y,Y,Y,1,7,2,23,Sunday,False,False,False,Soekarno-Hatta International Airport,CGK
Yangon International Airport,RGN,2024-07-21 10:35,Singapore Changi Airport,SIN,2024-07-21 15:20,195,Singapore Airlines,Economy,1315,1015,True,384,Y,Y,Y,1,7,1,23,Sunday,False,False,False,Soekarno-Hatta International Airport,CGK
Yangon International Airport,RGN,2024-07-21 10:35,Singapore Changi Airport,SIN,2024-07-21 15:20,195,Singapore Airlines,Economy,485,185,,510,Y,Y,Y,1,7,1,23,Sunday,False,False,False,Soekarno-Hatta International Airport,CGK
Yangon International Airport,RGN,2024-07-21 10:35,Singapore Changi Airport,SIN,2024-07-21 15:20,195,Singapore Airlines,Economy,365,65,,585,Y,Y,Y,1,7,1,23,Sunday,False,False,False,Soekarno-Hatta International Airport,CGK
Yangon International Airport,RGN,2024-07-22 11:25,Kuala Lumpur International Airport,KUL,2024-07-22 15:50,175,Malaysia Airlines,Economy,430,120,,210,Y,Y,Y,1,7,1,23,Monday,False,False,False,Soekarno-Hatta International Airport,CGK
Yangon International Airport,RGN,2024-07-22 19:00,Suvarnabhumi Airport,BKK,2024-07-22 21:00,90,THAI,Economy,965,660,True,206,Y,Y,Y,1,7,2,23,Monday,False,False,False,Soekarno-Hatta International Airport,CGK
Yangon International Airport,RGN,2024-07-22 11:25,Guangzhou Baiyun International Airport,CAN,2024-07-22 16:15,200,China Southern,Economy,690,185,,360,Y,Y,Y,1,8,1,23,Monday,False,False,False,Soekarno-Hatta International Airport,CGK
Yangon International Airport,RGN,2024-07-22 10:35,Singapore Changi Airport,SIN,2024-07-22 15:20,195,Singapore Airlines,Economy,485,185,,384,Y,Y,Y,1,7,1,23,Monday,False,False,False,Soekarno-Hatta International Airport,CGK
Yangon International Airport,RGN,2024-07-22 10:35,Taiwan Taoyuan International Airport,TPE,2024-07-22 16:10,245,China Airlines,Economy,1590,1025,True,508,Y,Y,Y,1,7,2,23,Monday,False,False,False,Soekarno-Hatta International Airport,CGK
Yangon International Airport,RGN,2024-07-22 10:35,Singapore Changi Airport,SIN,2024-07-22 15:20,195,Singapore Airlines,Economy,365,65,,585,Y,Y,Y,1,7,1,23,Monday,False,False,False,Soekarno-Hatta International Airport,CGK
Yangon International Airport,RGN,2024-07-23 11:25,Kuala Lumpur International Airport,KUL,2024-07-23 15:50,175,Malaysia Airlines,Economy,430,120,,210,Y,Y,Y,1,7,1,23,Tuesday,False,False,False,Soekarno-Hatta International Airport,CGK
Yangon International Airport,RGN,2024-07-23 19:00,Suvarnabhumi Airport,BKK,2024-07-23 21:00,90,THAI,Economy,965,660,True,206,Y,Y,Y,1,7,2,23,Tuesday,False,False,False,Soekarno-Hatta International Airport,CGK
Yangon International Airport,RGN,2024-07-23 10:35,Singapore Changi Airport,SIN,2024-07-23 15:20,195,Singapore Airlines,Economy,1440,1140,True,384,Y,Y,Y,1,7,1,23,Tuesday,False,False,False,Soekarno-Hatta International Airport,CGK
Yangon International Airport,RGN,2024-07-23 10:35,Singapore Changi Airport,SIN,2024-07-23 15:20,195,Singapore Airlines,Economy,485,185,,441,Y,Y,Y,1,7,1,23,Tuesday,False,False,False,Soekarno-Hatta International Airport,CGK
Yangon International Airport,RGN,2024-07-23 10:35,Singapore Changi Airport,SIN,2024-07-23 15:20,195,Singapore Airlines,Economy,365,65,,510,Y,Y,Y,1,7,1,23,Tuesday,False,False,False,Soekarno-Hatta International Airport,CGK
Yangon International Airport,RGN,2024-07-23 10:35,Taiwan Taoyuan International Airport,TPE,2024-07-23 16:10,245,China Airlines,Economy,805,240,,533,Y,Y,Y,1,7,2,23,Tuesday,False,False,False,Soekarno-Hatta International Airport,CGK
Yangon International Airport,RGN,2024-07-24 11:25,Kuala Lumpur International Airport,KUL,2024-07-24 15:50,175,Malaysia Airlines,Economy,430,120,,210,Y,Y,Y,1,7,1,23,Wednesday,False,False,False,Soekarno-Hatta International Airport,CGK
Yangon International Airport,RGN,2024-07-24 19:00,Suvarnabhumi Airport,BKK,2024-07-24 21:00,90,THAI,Economy,965,660,True,206,Y,Y,Y,1,7,2,23,Wednesday,False,False,False,Soekarno-Hatta International Airport,CGK
Yangon International Airport,RGN,2024-07-24 11:25,Guangzhou Baiyun International Airport,CAN,2024-07-24 16:15,200,China Southern,Economy,690,185,,360,Y,Y,Y,1,8,1,23,Wednesday,False,False,False,Soekarno-Hatta International Airport,CGK
Yangon International Airport,RGN,2024-07-24 10:35,Singapore Changi Airport,SIN,2024-07-24 15:20,195,Singapore Airlines,Economy,365,65,,384,Y,Y,Y,1,7,1,23,Wednesday,False,False,False,Soekarno-Hatta International Airport,CGK
Yangon International Airport,RGN,2024-07-24 10:35,Singapore Changi Airport,SIN,2024-07-24 15:20,195,Singapore Airlines,Economy,485,185,,384,Y,Y,Y,1,7,1,23,Wednesday,False,False,False,Soekarno-Hatta International Airport,CGK
Yangon International Airport,RGN,2024-07-25 11:25,Kuala Lumpur International Airport,KUL,2024-07-25 15:50,175,Malaysia Airlines,Economy,430,120,,210,Y,Y,Y,1,7,1,23,Thursday,False,False,False,Soekarno-Hatta International Airport,CGK
Yangon International Airport,RGN,2024-07-25 19:00,Suvarnabhumi Airport,BKK,2024-07-25 21:00,90,THAI,Economy,965,660,True,206,Y,Y,Y,1,7,2,23,Thursday,False,False,False,Soekarno-Hatta International Airport,CGK
Yangon International Airport,RGN,2024-07-25 10:35,Singapore Changi Airport,SIN,2024-07-25 15:20,195,Singapore Airlines,Economy,365,65,,384,Y,Y,Y,1,7,1,23,Thursday,False,False,False,Soekarno-Hatta International Airport,CGK
Yangon International Airport,RGN,2024-07-25 10:35,Singapore Changi Airport,SIN,2024-07-25 15:20,195,Singapore Airlines,Economy,485,185,,384,Y,Y,Y,1,7,1,23,Thursday,False,False,False,Soekarno-Hatta International Airport,CGK
Yangon International Airport,RGN,2024-07-25 10:35,Taiwan Taoyuan International Airport,TPE,2024-07-25 16:10,245,China Airlines,Economy,805,240,,533,Y,Y,Y,1,7,2,23,Thursday,False,False,False,Soekarno-Hatta International Airport,CGK
Yangon International Airport,RGN,2024-07-26 11:25,Kuala Lumpur International Airport,KUL,2024-07-26 15:50,175,Malaysia Airlines,Economy,430,120,,253,Y,Y,Y,1,7,1,23,Friday,False,False,False,Soekarno-Hatta International Airport,CGK
Yangon International Airport,RGN,2024-07-26 19:00,Suvarnabhumi Airport,BKK,2024-07-26 21:00,90,THAI,Economy,965,660,True,206,Y,Y,Y,1,7,2,23,Friday,False,False,False,Soekarno-Hatta International Airport,CGK
Yangon International Airport,RGN,2024-07-26 11:25,Kuala Lumpur International Airport,KUL,2024-07-26 15:50,175,Malaysia Airlines,Economy,670,360,,210,Y,Y,Y,1,7,1,23,Friday,False,False,False,Soekarno-Hatta International Airport,CGK
Yangon International Airport,RGN,2024-07-26 11:25,Guangzhou Baiyun International Airport,CAN,2024-07-26 16:15,200,China Southern,Economy,690,185,,360,Y,Y,Y,1,8,1,23,Friday,False,False,False,Soekarno-Hatta International Airport,CGK
Yangon International Airport,RGN,2024-07-26 10:35,Singapore Changi Airport,SIN,2024-07-26 15:20,195,Singapore Airlines,Economy,365,65,,384,Y,Y,Y,1,7,1,23,Friday,False,False,False,Soekarno-Hatta International Airport,CGK
Yangon International Airport,RGN,2024-07-26 10:35,Singapore Changi Airport,SIN,2024-07-26 15:20,195,Singapore Airlines,Economy,485,175,,384,Y,Y,Y,1,7,1,23,Friday,False,False,False,Soekarno-Hatta International Airport,CGK
Yangon International Airport,RGN,2024-07-27 11:25,Kuala Lumpur International Airport,KUL,2024-07-27 15:50,175,Malaysia Airlines,Economy,430,120,,270,Y,Y,Y,1,7,1,23,Saturday,False,False,False,Soekarno-Hatta International Airport,CGK
Yangon International Airport,RGN,2024-07-27 10:35,Singapore Changi Airport,SIN,2024-07-27 15:20,195,Singapore Airlines,Economy,365,65,,384,Y,Y,Y,1,7,1,23,Saturday,False,False,False,Soekarno-Hatta International Airport,CGK
Yangon International Airport,RGN,2024-07-27 19:00,Suvarnabhumi Airport,BKK,2024-07-27 21:00,90,THAI,Economy,965,660,True,206,Y,Y,Y,1,7,2,23,Saturday,False,False,False,Soekarno-Hatta International Airport,CGK
Yangon International Airport,RGN,2024-07-27 11:25,Kuala Lumpur International Airport,KUL,2024-07-27 15:50,175,Malaysia Airlines,Economy,670,360,,210,Y,Y,Y,1,7,1,23,Saturday,False,False,False,Soekarno-Hatta International Airport,CGK
Yangon International Airport,RGN,2024-07-27 11:25,Guangzhou Baiyun International Airport,CAN,2024-07-27 16:00,185,China Southern,Economy,690,200,,360,Y,Y,Y,1,8,1,23,Saturday,False,False,False,Soekarno-Hatta International Airport,CGK
Yangon International Airport,RGN,2024-07-27 10:35,Singapore Changi Airport,SIN,2024-07-27 15:20,195,Singapore Airlines,Economy,485,170,,384,Y,Y,Y,1,7,1,23,Saturday,False,False,False,Soekarno-Hatta International Airport,CGK
Yangon International Airport,RGN,2024-07-27 10:35,Taiwan Taoyuan International Airport,TPE,2024-07-27 16:10,245,China Airlines,Economy,1590,1025,True,533,Y,Y,Y,1,7,2,23,Saturday,False,False,False,Soekarno-Hatta International Airport,CGK
Yangon International Airport,RGN,2024-07-28 19:00,Suvarnabhumi Airport,BKK,2024-07-28 21:00,90,THAI,Economy,965,660,True,206,Y,Y,Y,1,7,2,23,Sunday,False,False,False,Soekarno-Hatta International Airport,CGK
Yangon International Airport,RGN,2024-07-28 11:25,Kuala Lumpur International Airport,KUL,2024-07-28 15:50,175,Malaysia Airlines,Economy,670,360,,253,Y,Y,Y,1,7,1,23,Sunday,False,False,False,Soekarno-Hatta International Airport,CGK
Yangon International Airport,RGN,2024-07-28 10:35,Singapore Changi Airport,SIN,2024-07-28 15:20,195,Singapore Airlines,Economy,365,65,,510,Y,Y,Y,1,7,1,23,Sunday,False,False,False,Soekarno-Hatta International Airport,CGK
Yangon International Airport,RGN,2024-07-28 11:25,Kuala Lumpur International Airport,KUL,2024-07-28 15:50,175,Malaysia Airlines,Economy,1235,935,True,212,Y,Y,Y,1,7,1,23,Sunday,False,False,False,Soekarno-Hatta International Airport,CGK
Yangon International Airport,RGN,2024-07-28 10:35,Singapore Changi Airport,SIN,2024-07-28 15:20,195,Singapore Airlines,Economy,1315,1015,True,384,Y,Y,Y,1,7,1,23,Sunday,False,False,False,Soekarno-Hatta International Airport,CGK
Yangon International Airport,RGN,2024-07-28 10:35,Singapore Changi Airport,SIN,2024-07-28 15:20,195,Singapore Airlines,Economy,485,185,,510,Y,Y,Y,1,7,1,23,Sunday,False,False,False,Soekarno-Hatta International Airport,CGK
Yangon International Airport,RGN,2024-07-28 11:25,Kuala Lumpur International Airport,KUL,2024-07-28 15:50,175,Malaysia Airlines,Economy,430,120,,656,Y,Y,Y,1,7,1,23,Sunday,False,False,False,Soekarno-Hatta International Airport,CGK
Yangon International Airport,RGN,2024-07-29 11:25,Kuala Lumpur International Airport,KUL,2024-07-29 15:50,175,Malaysia Airlines,Economy,430,120,,210,Y,Y,Y,1,7,1,23,Monday,False,False,False,Soekarno-Hatta International Airport,CGK
Yangon International Airport,RGN,2024-07-29 19:00,Suvarnabhumi Airport,BKK,2024-07-29 21:00,90,THAI,Economy,965,660,True,206,Y,Y,Y,1,7,2,23,Monday,False,False,False,Soekarno-Hatta International Airport,CGK
Yangon International Airport,RGN,2024-07-29 11:25,Guangzhou Baiyun International Airport,CAN,2024-07-29 16:15,200,China Southern,Economy,690,185,,360,Y,Y,Y,1,8,1,23,Monday,False,False,False,Soekarno-Hatta International Airport,CGK
Yangon International Airport,RGN,2024-07-29 10:35,Singapore Changi Airport,SIN,2024-07-29 15:20,195,Singapore Airlines,Economy,365,65,,384,Y,Y,Y,1,7,1,23,Monday,False,False,False,Soekarno-Hatta International Airport,CGK
Yangon International Airport,RGN,2024-07-29 10:35,Singapore Changi Airport,SIN,2024-07-29 15:20,195,Singapore Airlines,Economy,485,185,,384,Y,Y,Y,1,7,1,23,Monday,False,False,False,Soekarno-Hatta International Airport,CGK
Yangon International Airport,RGN,2024-07-29 10:35,Taiwan Taoyuan International Airport,TPE,2024-07-29 16:10,245,China Airlines,Economy,1590,1025,True,508,Y,Y,Y,1,7,2,23,Monday,False,False,False,Soekarno-Hatta International Airport,CGK
Yangon International Airport,RGN,2024-07-30 11:25,Kuala Lumpur International Airport,KUL,2024-07-30 15:50,175,Malaysia Airlines,Economy,430,120,,210,Y,Y,Y,1,7,1,23,Tuesday,False,False,False,Soekarno-Hatta International Airport,CGK
Yangon International Airport,RGN,2024-07-30 19:00,Suvarnabhumi Airport,BKK,2024-07-30 21:00,90,THAI,Economy,965,660,True,206,Y,Y,Y,1,7,2,23,Tuesday,False,False,False,Soekarno-Hatta International Airport,CGK
Yangon International Airport,RGN,2024-07-30 10:35,Singapore Changi Airport,SIN,2024-07-30 15:20,195,Singapore Airlines,Economy,365,65,,384,Y,Y,Y,1,7,1,23,Tuesday,False,False,False,Soekarno-Hatta International Airport,CGK
Yangon International Airport,RGN,2024-07-30 10:35,Singapore Changi Airport,SIN,2024-07-30 15:20,195,Singapore Airlines,Economy,485,185,,384,Y,Y,Y,1,7,1,23,Tuesday,False,False,False,Soekarno-Hatta International Airport,CGK
Yangon International Airport,RGN,2024-07-30 10:35,Taiwan Taoyuan International Airport,TPE,2024-07-30 16:10,245,China Airlines,Economy,805,240,,533,Y,Y,Y,1,7,2,23,Tuesday,False,False,False,Soekarno-Hatta International Airport,CGK
Yangon International Airport,RGN,2024-07-31 11:25,Kuala Lumpur International Airport,KUL,2024-07-31 15:50,175,Malaysia Airlines,Economy,430,120,,210,Y,Y,Y,1,7,1,23,Wednesday,False,False,False,Soekarno-Hatta International Airport,CGK
Yangon International Airport,RGN,2024-07-31 19:00,Suvarnabhumi Airport,BKK,2024-07-31 21:00,90,THAI,Economy,965,660,True,206,Y,Y,Y,1,7,2,23,Wednesday,False,False,False,Soekarno-Hatta International Airport,CGK
Yangon International Airport,RGN,2024-07-31 11:25,Guangzhou Baiyun International Airport,CAN,2024-07-31 16:15,200,China Southern,Economy,690,185,,360,Y,Y,Y,1,8,1,23,Wednesday,False,False,False,Soekarno-Hatta International Airport,CGK
Yangon International Airport,RGN,2024-07-31 10:35,Singapore Changi Airport,SIN,2024-07-31 15:20,195,Singapore Airlines,Economy,365,65,,384,Y,Y,Y,1,7,1,23,Wednesday,False,False,False,Soekarno-Hatta International Airport,CGK
Yangon International Airport,RGN,2024-07-31 10:35,Singapore Changi Airport,SIN,2024-07-31 15:20,195,Singapore Airlines,Economy,485,185,,384,Y,Y,Y,1,7,1,23,Wednesday,False,False,False,Soekarno-Hatta International Airport,CGK
Yangon International Airport,RGN,2024-08-01 11:25,Kuala Lumpur International Airport,KUL,2024-08-01 15:50,175,Malaysia Airlines,Economy,430,120,,124,Y,Y,Y,1,7,1,23,Thursday,False,False,False,Soekarno-Hatta International Airport,CGK
Yangon International Airport,RGN,2024-08-01 06:50,Kuala Lumpur International Airport,KUL,2024-08-01 11:05,165,MAI,Economy,465,160,,152,Y,Y,Y,1,7,1,30,Thursday,False,False,False,Soekarno-Hatta International Airport,CGK
Yangon International Airport,RGN,2024-08-01 11:25,Suvarnabhumi Airport,BKK,2024-08-01 13:25,90,THAI,Economy,360,55,,186,Y,Y,Y,1,7,2,23,Thursday,False,False,False,Soekarno-Hatta International Airport,CGK
Yangon International Airport,RGN,2024-08-01 10:35,Singapore Changi Airport,SIN,2024-08-01 15:20,195,Singapore Airlines,Economy,485,185,,359,Y,Y,Y,1,7,1,23,Thursday,False,False,False,Soekarno-Hatta International Airport,CGK
Yangon International Airport,RGN,2024-08-01 19:00,Suvarnabhumi Airport,BKK,2024-08-01 21:00,90,THAI,Economy,965,660,True,416,Y,Y,Y,1,7,2,23,Thursday,False,False,False,Soekarno-Hatta International Airport,CGK
Yangon International Airport,RGN,2024-08-01 10:35,Taiwan Taoyuan International Airport,TPE,2024-08-01 16:10,245,China Airlines,Economy,805,240,,462,Y,Y,Y,1,7,2,23,Thursday,False,False,False,Soekarno-Hatta International Airport,CGK
Yangon International Airport,RGN,2024-08-01 10:35,Singapore Changi Airport,SIN,2024-08-01 15:20,195,Singapore Airlines,Economy,365,65,,540,Y,Y,Y,1,7,1,23,Thursday,False,False,False,Soekarno-Hatta International Airport,CGK
Yangon International Airport,RGN,2024-08-02 11:25,Kuala Lumpur International Airport,KUL,2024-08-02 15:50,175,Malaysia Airlines,Economy,430,120,,124,Y,Y,Y,1,7,1,23,Friday,False,False,False,Soekarno-Hatta International Airport,CGK
Yangon International Airport,RGN,2024-08-02 06:50,Kuala Lumpur International Airport,KUL,2024-08-02 11:05,165,MAI,Economy,465,160,,152,Y,Y,Y,1,7,1,30,Friday,False,False,False,Soekarno-Hatta International Airport,CGK
Yangon International Airport,RGN,2024-08-02 11:25,Suvarnabhumi Airport,BKK,2024-08-02 13:25,90,THAI,Economy,360,55,,186,Y,Y,Y,1,7,2,23,Friday,False,False,False,Soekarno-Hatta International Airport,CGK
Yangon International Airport,RGN,2024-08-02 19:00,Suvarnabhumi Airport,BKK,2024-08-02 21:00,90,THAI,Economy,965,660,True,186,Y,Y,Y,1,7,2,23,Friday,False,False,False,Soekarno-Hatta International Airport,CGK
Yangon International Airport,RGN,2024-08-02 11:25,Guangzhou Baiyun International Airport,CAN,2024-08-02 16:15,200,China Southern,Economy,690,185,,312,Y,Y,Y,1,8,1,23,Friday,False,False,False,Soekarno-Hatta International Airport,CGK
Yangon International Airport,RGN,2024-08-02 10:35,Singapore Changi Airport,SIN,2024-08-02 15:20,195,Singapore Airlines,Economy,1925,1610,True,340,Y,Y,Y,1,7,1,23,Friday,False,False,False,Soekarno-Hatta International Airport,CGK
Yangon International Airport,RGN,2024-08-02 10:35,Singapore Changi Airport,SIN,2024-08-02 15:20,195,Singapore Airlines,Economy,485,175,,359,Y,Y,Y,1,7,1,23,Friday,False,False,False,Soekarno-Hatta International Airport,CGK
Yangon International Airport,RGN,2024-08-02 10:35,Singapore Changi Airport,SIN,2024-08-02 15:20,195,Singapore Airlines,Economy,365,65,,476,Y,Y,Y,1,7,1,23,Friday,False,False,False,Soekarno-Hatta International Airport,CGK
Yangon International Airport,RGN,2024-08-03 11:25,Kuala Lumpur International Airport,KUL,2024-08-03 15:50,175,Malaysia Airlines,Economy,430,120,,124,Y,Y,Y,1,7,1,23,Saturday,False,False,False,Soekarno-Hatta International Airport,CGK
Yangon International Airport,RGN,2024-08-03 06:50,Kuala Lumpur International Airport,KUL,2024-08-03 11:05,165,MAI,Economy,465,160,,152,Y,Y,Y,1,7,1,30,Saturday,False,False,False,Soekarno-Hatta International Airport,CGK
Yangon International Airport,RGN,2024-08-03 11:25,Suvarnabhumi Airport,BKK,2024-08-03 13:25,90,THAI,Economy,360,55,,186,Y,Y,Y,1,7,2,23,Saturday,False,False,False,Soekarno-Hatta International Airport,CGK
Yangon International Airport,RGN,2024-08-03 19:00,Suvarnabhumi Airport,BKK,2024-08-03 21:00,90,THAI,Economy,965,660,True,186,Y,Y,Y,1,7,2,23,Saturday,False,False,False,Soekarno-Hatta International Airport,CGK
Yangon International Airport,RGN,2024-08-03 11:25,Guangzhou Baiyun International Airport,CAN,2024-08-03 16:00,185,China Southern,Economy,1460,975,True,308,Y,Y,Y,1,8,1,23,Saturday,False,False,False,Soekarno-Hatta International Airport,CGK
Yangon International Airport,RGN,2024-08-03 10:35,Singapore Changi Airport,SIN,2024-08-03 15:20,195,Singapore Airlines,Economy,485,170,,313,Y,Y,Y,1,7,1,23,Saturday,False,False,False,Soekarno-Hatta International Airport,CGK
Yangon International Airport,RGN,2024-08-03 11:25,Guangzhou Baiyun International Airport,CAN,2024-08-03 16:00,185,China Southern,Economy,690,200,,328,Y,Y,Y,1,8,1,23,Saturday,False,False,False,Soekarno-Hatta International Airport,CGK
Yangon International Airport,RGN,2024-08-03 10:35,Taiwan Taoyuan International Airport,TPE,2024-08-03 16:10,245,China Airlines,Economy,1590,1025,True,434,Y,Y,Y,1,7,2,23,Saturday,False,False,False,Soekarno-Hatta International Airport,CGK
Yangon International Airport,RGN,2024-08-03 10:35,Singapore Changi Airport,SIN,2024-08-03 15:20,195,Singapore Airlines,Economy,365,65,,476,Y,Y,Y,1,7,1,23,Saturday,False,False,False,Soekarno-Hatta International Airport,CGK
Yangon International Airport,RGN,2024-08-04 11:25,Kuala Lumpur International Airport,KUL,2024-08-04 15:50,175,Malaysia Airlines,Economy,670,360,,143,Y,Y,Y,1,7,1,23,Sunday,False,False,False,Soekarno-Hatta International Airport,CGK
Yangon International Airport,RGN,2024-08-04 11:25,Suvarnabhumi Airport,BKK,2024-08-04 13:25,90,THAI,Economy,360,55,,186,Y,Y,Y,1,7,2,23,Sunday,False,False,False,Soekarno-Hatta International Airport,CGK
Yangon International Airport,RGN,2024-08-04 11:25,Kuala Lumpur International Airport,KUL,2024-08-04 15:50,175,Malaysia Airlines,Economy,430,120,,241,Y,Y,Y,1,7,1,23,Sunday,False,False,False,Soekarno-Hatta International Airport,CGK
Yangon International Airport,RGN,2024-08-04 06:50,Kuala Lumpur International Airport,KUL,2024-08-04 11:05,165,MAI,Economy,465,160,,268,Y,Y,Y,1,7,1,30,Sunday,False,False,False,Soekarno-Hatta International Airport,CGK
Yangon International Airport,RGN,2024-08-04 10:35,Singapore Changi Airport,SIN,2024-08-04 15:20,195,Singapore Airlines,Economy,365,65,,476,Y,Y,Y,1,7,1,23,Sunday,False,False,False,Soekarno-Hatta International Airport,CGK
Yangon International Airport,RGN,2024-08-04 06:50,Kuala Lumpur International Airport,KUL,2024-08-04 11:05,165,MAI,Economy,945,645,,170,Y,Y,Y,1,7,1,30,Sunday,False,False,False,Soekarno-Hatta International Airport,CGK
Yangon International Airport,RGN,2024-08-04 19:00,Suvarnabhumi Airport,BKK,2024-08-04 21:00,90,THAI,Economy,965,660,True,186,Y,Y,Y,1,7,2,23,Sunday,False,False,False,Soekarno-Hatta International Airport,CGK
Yangon International Airport,RGN,2024-08-04 06:50,Kuala Lumpur International Airport,KUL,2024-08-04 11:05,165,MAI,Economy,615,305,,239,Y,Y,Y,1,7,1,30,Sunday,False,False,False,Soekarno-Hatta International Airport,CGK
Yangon International Airport,RGN,2024-08-04 10:35,Singapore Changi Airport,SIN,2024-08-04 15:20,195,Singapore Airlines,Economy,1315,1015,True,359,Y,Y,Y,1,7,1,23,Sunday,False,False,False,Soekarno-Hatta International Airport,CGK
Yangon International Airport,RGN,2024-08-05 06:50,Kuala Lumpur International Airport,KUL,2024-08-05 11:05,165,MAI,Economy,465,160,,152,Y,Y,Y,1,7,1,30,Monday,False,False,False,Soekarno-Hatta International Airport,CGK
Yangon International Airport,RGN,2024-08-05 11:25,Suvarnabhumi Airport,BKK,2024-08-05 13:25,90,THAI,Economy,360,55,,186,Y,Y,Y,1,7,2,23,Monday,False,False,False,Soekarno-Hatta International Airport,CGK
Yangon International Airport,RGN,2024-08-05 19:00,Suvarnabhumi Airport,BKK,2024-08-05 21:00,90,THAI,Economy,965,660,True,186,Y,Y,Y,1,7,2,23,Monday,False,False,False,Soekarno-Hatta International Airport,CGK
Yangon International Airport,RGN,2024-08-05 11:25,Guangzhou Baiyun International Airport,CAN,2024-08-05 16:15,200,China Southern,Economy,1460,960,True,343,Y,Y,Y,1,8,1,23,Monday,False,False,False,Soekarno-Hatta International Airport,CGK
Yangon International Airport,RGN,2024-08-05 10:35,Singapore Changi Airport,SIN,2024-08-05 15:20,195,Singapore Airlines,Economy,485,185,,359,Y,Y,Y,1,7,1,23,Monday,False,False,False,Soekarno-Hatta International Airport,CGK
Yangon International Airport,RGN,2024-08-05 11:25,Guangzhou Baiyun International Airport,CAN,2024-08-05 16:15,200,China Southern,Economy,690,185,,412,Y,Y,Y,1,8,1,23,Monday,False,False,False,Soekarno-Hatta International Airport,CGK
Yangon International Airport,RGN,2024-08-05 10:35,Singapore Changi Airport,SIN,2024-08-05 15:20,195,Singapore Airlines,Economy,365,65,,476,Y,Y,Y,1,7,1,23,Monday,False,False,False,Soekarno-Hatta International Airport,CGK
Yangon International Airport,RGN,2024-08-06 11:25,Kuala Lumpur International Airport,KUL,2024-08-06 15:50,175,Malaysia Airlines,Economy,430,120,,124,Y,Y,Y,1,7,1,23,Tuesday,False,False,False,Soekarno-Hatta International Airport,CGK
Yangon International Airport,RGN,2024-08-06 06:50,Kuala Lumpur International Airport,KUL,2024-08-06 11:05,165,MAI,Economy,465,160,,152,Y,Y,Y,1,7,1,30,Tuesday,False,False,False,Soekarno-Hatta International Airport,CGK
Yangon International Airport,RGN,2024-08-06 11:25,Suvarnabhumi Airport,BKK,2024-08-06 13:25,90,THAI,Economy,360,55,,186,Y,Y,Y,1,7,2,23,Tuesday,False,False,False,Soekarno-Hatta International Airport,CGK
Yangon International Airport,RGN,2024-08-06 19:00,Suvarnabhumi Airport,BKK,2024-08-06 21:00,90,THAI,Economy,965,660,True,186,Y,Y,Y,1,7,2,23,Tuesday,False,False,False,Soekarno-Hatta International Airport,CGK
Yangon International Airport,RGN,2024-08-06 10:35,Singapore Changi Airport,SIN,2024-08-06 15:20,195,Singapore Airlines,Economy,485,185,,313,Y,Y,Y,1,7,1,23,Tuesday,False,False,False,Soekarno-Hatta International Airport,CGK
Yangon International Airport,RGN,2024-08-06 10:35,Taiwan Taoyuan International Airport,TPE,2024-08-06 16:10,245,China Airlines,Economy,805,240,,434,Y,Y,Y,1,7,2,23,Tuesday,False,False,False,Soekarno-Hatta International Airport,CGK
Yangon International Airport,RGN,2024-08-06 10:35,Singapore Changi Airport,SIN,2024-08-06 15:20,195,Singapore Airlines,Economy,365,65,,476,Y,Y,Y,1,7,1,23,Tuesday,False,False,False,Soekarno-Hatta International Airport,CGK
Yangon International Airport,RGN,2024-08-07 11:25,Kuala Lumpur International Airport,KUL,2024-08-07 15:50,175,Malaysia Airlines,Economy,430,120,,124,Y,Y,Y,1,7,1,23,Wednesday,False,False,False,Soekarno-Hatta International Airport,CGK
Yangon International Airport,RGN,2024-08-07 06:50,Kuala Lumpur International Airport,KUL,2024-08-07 11:05,165,MAI,Economy,465,160,,152,Y,Y,Y,1,7,1,30,Wednesday,False,False,False,Soekarno-Hatta International Airport,CGK
Yangon International Airport,RGN,2024-08-07 11:25,Suvarnabhumi Airport,BKK,2024-08-07 13:25,90,THAI,Economy,360,55,,186,Y,Y,Y,1,7,2,23,Wednesday,False,False,False,Soekarno-Hatta International Airport,CGK
Yangon International Airport,RGN,2024-08-07 19:00,Suvarnabhumi Airport,BKK,2024-08-07 21:00,90,THAI,Economy,965,660,True,186,Y,Y,Y,1,7,2,23,Wednesday,False,False,False,Soekarno-Hatta International Airport,CGK
Yangon International Airport,RGN,2024-08-07 11:25,Guangzhou Baiyun International Airport,CAN,2024-08-07 16:15,200,China Southern,Economy,690,185,,245,Y,Y,Y,1,8,1,23,Wednesday,False,False,False,Soekarno-Hatta International Airport,CGK
Yangon International Airport,RGN,2024-08-07 10:35,Singapore Changi Airport,SIN,2024-08-07 15:20,195,Singapore Airlines,Economy,485,185,,415,Y,Y,Y,1,7,1,23,Wednesday,False,False,False,Soekarno-Hatta International Airport,CGK
Yangon International Airport,RGN,2024-08-07 10:35,Singapore Changi Airport,SIN,2024-08-07 15:20,195,Singapore Airlines,Economy,365,65,,476,Y,Y,Y,1,7,1,23,Wednesday,False,False,False,Soekarno-Hatta International Airport,CGK
Yangon International Airport,RGN,2024-08-08 11:25,Kuala Lumpur International Airport,KUL,2024-08-08 15:50,175,Malaysia Airlines,Economy,670,360,,124,Y,Y,Y,1,7,1,23,Thursday,False,False,False,Soekarno-Hatta International Airport,CGK
Yangon International Airport,RGN,2024-08-08 11:25,Kuala Lumpur International Airport,KUL,2024-08-08 15:50,175,Malaysia Airlines,Economy,430,120,,143,Y,Y,Y,1,7,1,23,Thursday,False,False,False,Soekarno-Hatta International Airport,CGK
Yangon International Airport,RGN,2024-08-08 06:50,Kuala Lumpur International Airport,KUL,2024-08-08 11:05,165,MAI,Economy,465,160,,170,Y,Y,Y,1,7,1,30,Thursday,False,False,False,Soekarno-Hatta International Airport,CGK
Yangon International Airport,RGN,2024-08-08 11:25,Suvarnabhumi Airport,BKK,2024-08-08 13:25,90,THAI,Economy,360,55,,186,Y,Y,Y,1,7,2,23,Thursday,False,False,False,Soekarno-Hatta International Airport,CGK
Yangon International Airport,RGN,2024-08-08 06:50,Kuala Lumpur International Airport,KUL,2024-08-08 11:05,165,MAI,Economy,945,645,,152,Y,Y,Y,1,7,1,30,Thursday,False,False,False,Soekarno-Hatta International Airport,CGK
Yangon International Airport,RGN,2024-08-08 19:00,Suvarnabhumi Airport,BKK,2024-08-08 21:00,90,THAI,Economy,965,660,True,416,Y,Y,Y,1,7,2,23,Thursday,False,False,False,Soekarno-Hatta International Airport,CGK
Yangon International Airport,RGN,2024-08-08 10:35,Taiwan Taoyuan International Airport,TPE,2024-08-08 16:10,245,China Airlines,Economy,1590,1025,True,434,Y,Y,Y,1,7,2,23,Thursday,False,False,False,Soekarno-Hatta International Airport,CGK
Yangon International Airport,RGN,2024-08-08 10:35,Singapore Changi Airport,SIN,2024-08-08 15:20,195,Singapore Airlines,Economy,1955,1645,True,443,Y,Y,Y,1,7,1,23,Thursday,False,False,False,Soekarno-Hatta International Airport,CGK
Yangon International Airport,RGN,2024-08-08 10:35,Taiwan Taoyuan International Airport,TPE,2024-08-08 16:10,245,China Airlines,Economy,805,240,,462,Y,Y,Y,1,7,2,23,Thursday,False,False,False,Soekarno-Hatta International Airport,CGK
Yangon International Airport,RGN,2024-08-08 10:35,Singapore Changi Airport,SIN,2024-08-08 15:20,195,Singapore Airlines,Economy,365,65,,540,Y,Y,Y,1,7,1,23,Thursday,False,False,False,Soekarno-Hatta International Airport,CGK
Yangon International Airport,RGN,2024-08-09 11:25,Kuala Lumpur International Airport,KUL,2024-08-09 15:50,175,Malaysia Airlines,Economy,430,120,,124,Y,Y,Y,1,7,1,23,Friday,False,False,False,Soekarno-Hatta International Airport,CGK
Yangon International Airport,RGN,2024-08-09 06:50,Kuala Lumpur International Airport,KUL,2024-08-09 11:05,165,MAI,Economy,465,160,,152,Y,Y,Y,1,7,1,30,Friday,False,False,False,Soekarno-Hatta International Airport,CGK
Yangon International Airport,RGN,2024-08-09 11:25,Suvarnabhumi Airport,BKK,2024-08-09 13:25,90,THAI,Economy,360,55,,186,Y,Y,Y,1,7,2,23,Friday,False,False,False,Soekarno-Hatta International Airport,CGK
Yangon International Airport,RGN,2024-08-09 19:00,Suvarnabhumi Airport,BKK,2024-08-09 21:00,90,THAI,Economy,965,660,True,186,Y,Y,Y,1,7,2,23,Friday,False,False,False,Soekarno-Hatta International Airport,CGK
Yangon International Airport,RGN,2024-08-09 11:25,Guangzhou Baiyun International Airport,CAN,2024-08-09 16:15,200,China Southern,Economy,690,185,,245,Y,Y,Y,1,8,1,23,Friday,False,False,False,Soekarno-Hatta International Airport,CGK
Yangon International Airport,RGN,2024-08-09 10:35,Singapore Changi Airport,SIN,2024-08-09 15:20,195,Singapore Airlines,Economy,1925,1625,True,386,Y,Y,Y,1,7,1,23,Friday,False,False,False,Soekarno-Hatta International Airport,CGK
Yangon International Airport,RGN,2024-08-09 10:35,Singapore Changi Airport,SIN,2024-08-09 15:20,195,Singapore Airlines,Economy,515,205,,415,Y,Y,Y,1,7,1,23,Friday,False,False,False,Soekarno-Hatta International Airport,CGK
Yangon International Airport,RGN,2024-08-09 10:35,Singapore Changi Airport,SIN,2024-08-09 15:20,195,Singapore Airlines,Economy,365,65,,476,Y,Y,Y,1,7,1,23,Friday,False,False,False,Soekarno-Hatta International Airport,CGK
Yangon International Airport,RGN,2024-08-10 11:25,Kuala Lumpur International Airport,KUL,2024-08-10 15:50,175,Malaysia Airlines,Economy,430,120,,124,Y,Y,Y,1,7,1,23,Saturday,False,False,False,Soekarno-Hatta International Airport,CGK
Yangon International Airport,RGN,2024-08-10 06:50,Kuala Lumpur International Airport,KUL,2024-08-10 11:05,165,MAI,Economy,465,160,,152,Y,Y,Y,1,7,1,30,Saturday,False,False,False,Soekarno-Hatta International Airport,CGK
Yangon International Airport,RGN,2024-08-10 11:25,Suvarnabhumi Airport,BKK,2024-08-10 13:25,90,THAI,Economy,360,55,,186,Y,Y,Y,1,7,2,23,Saturday,False,False,False,Soekarno-Hatta International Airport,CGK
Yangon International Airport,RGN,2024-08-10 19:00,Suvarnabhumi Airport,BKK,2024-08-10 21:00,90,THAI,Economy,965,660,True,186,Y,Y,Y,1,7,2,23,Saturday,False,False,False,Soekarno-Hatta International Airport,CGK
Yangon International Airport,RGN,2024-08-10 11:25,Guangzhou Baiyun International Airport,CAN,2024-08-10 16:00,185,China Southern,Economy,690,200,,259,Y,Y,Y,1,8,1,23,Saturday,False,False,False,Soekarno-Hatta International Airport,CGK
Yangon International Airport,RGN,2024-08-10 10:35,Singapore Changi Airport,SIN,2024-08-10 15:20,195,Singapore Airlines,Economy,1440,1140,True,313,Y,Y,Y,1,7,1,23,Saturday,False,False,False,Soekarno-Hatta International Airport,CGK
Yangon International Airport,RGN,2024-08-10 10:35,Singapore Changi Airport,SIN,2024-08-10 15:20,195,Singapore Airlines,Economy,485,185,,359,Y,Y,Y,1,7,1,23,Saturday,False,False,False,Soekarno-Hatta International Airport,CGK
Yangon International Airport,RGN,2024-08-10 10:35,Taiwan Taoyuan International Airport,TPE,2024-08-10 16:10,245,China Airlines,Economy,1590,1025,True,434,Y,Y,Y,1,7,2,23,Saturday,False,False,False,Soekarno-Hatta International Airport,CGK
Yangon International Airport,RGN,2024-08-10 10:35,Singapore Changi Airport,SIN,2024-08-10 15:20,195,Singapore Airlines,Economy,365,65,,476,Y,Y,Y,1,7,1,23,Saturday,False,False,False,Soekarno-Hatta International Airport,CGK
Yangon International Airport,RGN,2024-08-11 11:25,Kuala Lumpur International Airport,KUL,2024-08-11 15:50,175,Malaysia Airlines,Economy,670,360,,124,Y,Y,Y,1,7,1,23,Sunday,False,False,False,Soekarno-Hatta International Airport,CGK
Yangon International Airport,RGN,2024-08-11 06:50,Kuala Lumpur International Airport,KUL,2024-08-11 11:05,165,MAI,Economy,465,160,,152,Y,Y,Y,1,7,1,30,Sunday,False,False,False,Soekarno-Hatta International Airport,CGK
Yangon International Airport,RGN,2024-08-11 11:25,Suvarnabhumi Airport,BKK,2024-08-11 13:25,90,THAI,Economy,360,55,,186,Y,Y,Y,1,7,2,23,Sunday,False,False,False,Soekarno-Hatta International Airport,CGK
Yangon International Airport,RGN,2024-08-11 11:25,Kuala Lumpur International Airport,KUL,2024-08-11 15:50,175,Malaysia Airlines,Economy,430,120,,212,Y,Y,Y,1,7,1,23,Sunday,False,False,False,Soekarno-Hatta International Airport,CGK
Yangon International Airport,RGN,2024-08-11 19:00,Suvarnabhumi Airport,BKK,2024-08-11 21:00,90,THAI,Economy,965,660,True,186,Y,Y,Y,1,7,2,23,Sunday,False,False,False,Soekarno-Hatta International Airport,CGK
Yangon International Airport,RGN,2024-08-11 10:35,Singapore Changi Airport,SIN,2024-08-11 15:20,195,Singapore Airlines,Economy,1315,1015,True,313,Y,Y,Y,1,7,1,23,Sunday,False,False,False,Soekarno-Hatta International Airport,CGK
Yangon International Airport,RGN,2024-08-11 10:35,Singapore Changi Airport,SIN,2024-08-11 15:20,195,Singapore Airlines,Economy,485,170,,359,Y,Y,Y,1,7,1,23,Sunday,False,False,False,Soekarno-Hatta International Airport,CGK
Yangon International Airport,RGN,2024-08-11 10:35,Singapore Changi Airport,SIN,2024-08-11 15:20,195,Singapore Airlines,Economy,365,65,,476,Y,Y,Y,1,7,1,23,Sunday,False,False,False,Soekarno-Hatta International Airport,CGK
Yangon International Airport,RGN,2024-08-12 11:25,Kuala Lumpur International Airport,KUL,2024-08-12 15:50,175,Malaysia Airlines,Economy,430,120,,124,Y,Y,Y,1,7,1,23,Monday,False,False,False,Soekarno-Hatta International Airport,CGK
Yangon International Airport,RGN,2024-08-12 06:50,Kuala Lumpur International Airport,KUL,2024-08-12 11:05,165,MAI,Economy,465,160,,152,Y,Y,Y,1,7,1,30,Monday,False,False,False,Soekarno-Hatta International Airport,CGK
Yangon International Airport,RGN,2024-08-12 11:25,Suvarnabhumi Airport,BKK,2024-08-12 13:25,90,THAI,Economy,360,55,,186,Y,Y,Y,1,7,2,23,Monday,False,False,False,Soekarno-Hatta International Airport,CGK
Yangon International Airport,RGN,2024-08-12 19:00,Suvarnabhumi Airport,BKK,2024-08-12 21:00,90,THAI,Economy,965,660,True,186,Y,Y,Y,1,7,2,23,Monday,False,False,False,Soekarno-Hatta International Airport,CGK
Yangon International Airport,RGN,2024-08-12 11:25,Guangzhou Baiyun International Airport,CAN,2024-08-12 16:15,200,China Southern,Economy,690,185,,245,Y,Y,Y,1,8,1,23,Monday,False,False,False,Soekarno-Hatta International Airport,CGK
Yangon International Airport,RGN,2024-08-12 10:35,Singapore Changi Airport,SIN,2024-08-12 15:20,195,Singapore Airlines,Economy,485,185,,313,Y,Y,Y,1,7,1,23,Monday,False,False,False,Soekarno-Hatta International Airport,CGK
Yangon International Airport,RGN,2024-08-12 10:35,Singapore Changi Airport,SIN,2024-08-12 15:20,195,Singapore Airlines,Economy,365,65,,476,Y,Y,Y,1,7,1,23,Monday,False,False,False,Soekarno-Hatta International Airport,CGK
Yangon International Airport,RGN,2024-08-13 11:25,Kuala Lumpur International Airport,KUL,2024-08-13 15:50,175,Malaysia Airlines,Economy,430,120,,124,Y,Y,Y,1,7,1,23,Tuesday,False,False,False,Soekarno-Hatta International Airport,CGK
Yangon International Airport,RGN,2024-08-13 06:50,Kuala Lumpur International Airport,KUL,2024-08-13 11:05,165,MAI,Economy,465,160,,152,Y,Y,Y,1,7,1,30,Tuesday,False,False,False,Soekarno-Hatta International Airport,CGK
Yangon International Airport,RGN,2024-08-13 11:25,Suvarnabhumi Airport,BKK,2024-08-13 13:25,90,THAI,Economy,360,55,,186,Y,Y,Y,1,7,2,23,Tuesday,False,False,False,Soekarno-Hatta International Airport,CGK
Yangon International Airport,RGN,2024-08-13 19:00,Suvarnabhumi Airport,BKK,2024-08-13 21:00,90,THAI,Economy,965,660,True,186,Y,Y,Y,1,7,2,23,Tuesday,False,False,False,Soekarno-Hatta International Airport,CGK
Yangon International Airport,RGN,2024-08-13 10:35,Singapore Changi Airport,SIN,2024-08-13 15:20,195,Singapore Airlines,Economy,485,185,,313,Y,Y,Y,1,7,1,23,Tuesday,False,False,False,Soekarno-Hatta International Airport,CGK
Yangon International Airport,RGN,2024-08-13 10:35,Taiwan Taoyuan International Airport,TPE,2024-08-13 16:10,245,China Airlines,Economy,805,240,,434,Y,Y,Y,1,7,2,23,Tuesday,False,False,False,Soekarno-Hatta International Airport,CGK
Yangon International Airport,RGN,2024-08-13 10:35,Singapore Changi Airport,SIN,2024-08-13 15:20,195,Singapore Airlines,Economy,365,65,,476,Y,Y,Y,1,7,1,23,Tuesday,False,False,False,Soekarno-Hatta International Airport,CGK
Yangon International Airport,RGN,2024-08-14 11:25,Kuala Lumpur International Airport,KUL,2024-08-14 15:50,175,Malaysia Airlines,Economy,430,120,,124,Y,Y,Y,1,7,1,23,Wednesday,False,False,False,Soekarno-Hatta International Airport,CGK
Yangon International Airport,RGN,2024-08-14 06:50,Kuala Lumpur International Airport,KUL,2024-08-14 11:05,165,MAI,Economy,465,160,,152,Y,Y,Y,1,7,1,30,Wednesday,False,False,False,Soekarno-Hatta International Airport,CGK
Yangon International Airport,RGN,2024-08-14 11:25,Suvarnabhumi Airport,BKK,2024-08-14 13:25,90,THAI,Economy,360,55,,186,Y,Y,Y,1,7,2,23,Wednesday,False,False,False,Soekarno-Hatta International Airport,CGK
Yangon International Airport,RGN,2024-08-14 19:00,Suvarnabhumi Airport,BKK,2024-08-14 21:00,90,THAI,Economy,965,660,True,186,Y,Y,Y,1,7,2,23,Wednesday,False,False,False,Soekarno-Hatta International Airport,CGK
Yangon International Airport,RGN,2024-08-14 11:25,Guangzhou Baiyun International Airport,CAN,2024-08-14 16:15,200,China Southern,Economy,690,185,,245,Y,Y,Y,1,8,1,23,Wednesday,False,False,False,Soekarno-Hatta International Airport,CGK
Yangon International Airport,RGN,2024-08-14 10:35,Singapore Changi Airport,SIN,2024-08-14 15:20,195,Singapore Airlines,Economy,485,185,,313,Y,Y,Y,1,7,1,23,Wednesday,False,False,False,Soekarno-Hatta International Airport,CGK
Yangon International Airport,RGN,2024-08-14 10:35,Singapore Changi Airport,SIN,2024-08-14 15:20,195,Singapore Airlines,Economy,365,65,,476,Y,Y,Y,1,7,1,23,Wednesday,False,False,False,Soekarno-Hatta International Airport,CGK
Yangon International Airport,RGN,2024-08-15 11:25,Kuala Lumpur International Airport,KUL,2024-08-15 15:50,175,Malaysia Airlines,Economy,430,120,,124,Y,Y,Y,1,7,1,23,Thursday,False,False,False,Soekarno-Hatta International Airport,CGK
Yangon International Airport,RGN,2024-08-15 06:50,Kuala Lumpur International Airport,KUL,2024-08-15 11:05,165,MAI,Economy,465,160,,152,Y,Y,Y,1,7,1,30,Thursday,False,False,False,Soekarno-Hatta International Airport,CGK
Yangon International Airport,RGN,2024-08-15 11:25,Suvarnabhumi Airport,BKK,2024-08-15 13:25,90,THAI,Economy,360,55,,186,Y,Y,Y,1,7,2,23,Thursday,False,False,False,Soekarno-Hatta International Airport,CGK
Yangon International Airport,RGN,2024-08-15 19:00,Suvarnabhumi Airport,BKK,2024-08-15 21:00,90,THAI,Economy,965,660,True,186,Y,Y,Y,1,7,2,23,Thursday,False,False,False,Soekarno-Hatta International Airport,CGK
Yangon International Airport,RGN,2024-08-15 10:35,Singapore Changi Airport,SIN,2024-08-15 15:20,195,Singapore Airlines,Economy,485,185,,313,Y,Y,Y,1,7,1,23,Thursday,False,False,False,Soekarno-Hatta International Airport,CGK
Yangon International Airport,RGN,2024-08-15 10:35,Taiwan Taoyuan International Airport,TPE,2024-08-15 16:10,245,China Airlines,Economy,805,240,,434,Y,Y,Y,1,7,2,23,Thursday,False,False,False,Soekarno-Hatta International Airport,CGK
Yangon International Airport,RGN,2024-08-15 10:35,Singapore Changi Airport,SIN,2024-08-15 15:20,195,Singapore Airlines,Economy,365,65,,476,Y,Y,Y,1,7,1,23,Thursday,False,False,False,Soekarno-Hatta International Airport,CGK
Yangon International Airport,RGN,2024-08-16 11:25,Kuala Lumpur International Airport,KUL,2024-08-16 15:50,175,Malaysia Airlines,Economy,430,120,,124,Y,Y,Y,1,7,1,23,Friday,False,False,False,Soekarno-Hatta International Airport,CGK
Yangon International Airport,RGN,2024-08-16 06:50,Kuala Lumpur International Airport,KUL,2024-08-16 11:05,165,MAI,Economy,465,160,,152,Y,Y,Y,1,7,1,30,Friday,False,False,False,Soekarno-Hatta International Airport,CGK
Yangon International Airport,RGN,2024-08-16 11:25,Suvarnabhumi Airport,BKK,2024-08-16 13:25,90,THAI,Economy,360,55,,186,Y,Y,Y,1,7,2,23,Friday,False,False,False,Soekarno-Hatta International Airport,CGK
Yangon International Airport,RGN,2024-08-16 19:00,Suvarnabhumi Airport,BKK,2024-08-16 21:00,90,THAI,Economy,965,660,True,186,Y,Y,Y,1,7,2,23,Friday,False,False,False,Soekarno-Hatta International Airport,CGK
Yangon International Airport,RGN,2024-08-16 11:25,Guangzhou Baiyun International Airport,CAN,2024-08-16 16:15,200,China Southern,Economy,690,185,,245,Y,Y,Y,1,8,1,23,Friday,False,False,False,Soekarno-Hatta International Airport,CGK
Yangon International Airport,RGN,2024-08-16 10:35,Singapore Changi Airport,SIN,2024-08-16 15:20,195,Singapore Airlines,Economy,485,175,,313,Y,Y,Y,1,7,1,23,Friday,False,False,False,Soekarno-Hatta International Airport,CGK
Yangon International Airport,RGN,2024-08-16 10:35,Singapore Changi Airport,SIN,2024-08-16 15:20,195,Singapore Airlines,Economy,365,65,,415,Y,Y,Y,1,7,1,23,Friday,False,False,False,Soekarno-Hatta International Airport,CGK
Yangon International Airport,RGN,2024-08-17 11:25,Kuala Lumpur International Airport,KUL,2024-08-17 15:50,175,Malaysia Airlines,Economy,430,120,,124,Y,Y,Y,1,7,1,23,Saturday,False,True,False,Soekarno-Hatta International Airport,CGK
Yangon International Airport,RGN,2024-08-17 06:50,Kuala Lumpur International Airport,KUL,2024-08-17 11:05,165,MAI,Economy,465,160,,152,Y,Y,Y,1,7,1,30,Saturday,False,True,False,Soekarno-Hatta International Airport,CGK
Yangon International Airport,RGN,2024-08-17 11:25,Suvarnabhumi Airport,BKK,2024-08-17 13:25,90,THAI,Economy,360,55,,186,Y,Y,Y,1,7,2,23,Saturday,False,True,False,Soekarno-Hatta International Airport,CGK
Yangon International Airport,RGN,2024-08-17 19:00,Suvarnabhumi Airport,BKK,2024-08-17 21:00,90,THAI,Economy,965,660,True,186,Y,Y,Y,1,7,2,23,Saturday,False,True,False,Soekarno-Hatta International Airport,CGK
Yangon International Airport,RGN,2024-08-17 11:25,Guangzhou Baiyun International Airport,CAN,2024-08-17 16:00,185,China Southern,Economy,690,200,,245,Y,Y,Y,1,8,1,23,Saturday,False,True,False,Soekarno-Hatta International Airport,CGK
Yangon International Airport,RGN,2024-08-17 10:35,Singapore Changi Airport,SIN,2024-08-17 15:20,195,Singapore Airlines,Economy,485,185,,313,Y,Y,Y,1,7,1,23,Saturday,False,True,False,Soekarno-Hatta International Airport,CGK
Yangon International Airport,RGN,2024-08-17 10:35,Singapore Changi Airport,SIN,2024-08-17 15:20,195,Singapore Airlines,Economy,365,65,,415,Y,Y,Y,1,7,1,23,Saturday,False,True,False,Soekarno-Hatta International Airport,CGK
Yangon International Airport,RGN,2024-08-17 10:35,Taiwan Taoyuan International Airport,TPE,2024-08-17 16:10,245,China Airlines,Economy,1590,1025,True,434,Y,Y,Y,1,7,2,23,Saturday,False,True,False,Soekarno-Hatta International Airport,CGK
Yangon International Airport,RGN,2024-08-18 11:25,Suvarnabhumi Airport,BKK,2024-08-18 13:25,90,THAI,Economy,360,55,,186,Y,Y,Y,1,7,2,23,Sunday,False,False,False,Soekarno-Hatta International Airport,CGK
Yangon International Airport,RGN,2024-08-18 11:25,Kuala Lumpur International Airport,KUL,2024-08-18 15:50,175,Malaysia Airlines,Economy,430,120,,212,Y,Y,Y,1,7,1,23,Sunday,False,False,False,Soekarno-Hatta International Airport,CGK
Yangon International Airport,RGN,2024-08-18 11:25,Kuala Lumpur International Airport,KUL,2024-08-18 15:50,175,Malaysia Airlines,Economy,670,360,,143,Y,Y,Y,1,7,1,23,Sunday,False,False,False,Soekarno-Hatta International Airport,CGK
Yangon International Airport,RGN,2024-08-18 06:50,Kuala Lumpur International Airport,KUL,2024-08-18 11:05,165,MAI,Economy,465,160,,152,Y,Y,Y,1,7,1,30,Sunday,False,False,False,Soekarno-Hatta International Airport,CGK
Yangon International Airport,RGN,2024-08-18 19:00,Suvarnabhumi Airport,BKK,2024-08-18 21:00,90,THAI,Economy,965,660,True,186,Y,Y,Y,1,7,2,23,Sunday,False,False,False,Soekarno-Hatta International Airport,CGK
Yangon International Airport,RGN,2024-08-18 10:35,Singapore Changi Airport,SIN,2024-08-18 15:20,195,Singapore Airlines,Economy,1315,1015,True,313,Y,Y,Y,1,7,1,23,Sunday,False,False,False,Soekarno-Hatta International Airport,CGK
Yangon International Airport,RGN,2024-08-18 10:35,Singapore Changi Airport,SIN,2024-08-18 15:20,195,Singapore Airlines,Economy,365,65,,415,Y,Y,Y,1,7,1,23,Sunday,False,False,False,Soekarno-Hatta International Airport,CGK
Yangon International Airport,RGN,2024-08-19 11:25,Kuala Lumpur International Airport,KUL,2024-08-19 15:50,175,Malaysia Airlines,Economy,430,120,,124,Y,Y,Y,1,7,1,23,Monday,False,False,False,Soekarno-Hatta International Airport,CGK
Yangon International Airport,RGN,2024-08-19 06:50,Kuala Lumpur International Airport,KUL,2024-08-19 11:05,165,MAI,Economy,465,160,,152,Y,Y,Y,1,7,1,30,Monday,False,False,False,Soekarno-Hatta International Airport,CGK
Yangon International Airport,RGN,2024-08-19 11:25,Suvarnabhumi Airport,BKK,2024-08-19 13:25,90,THAI,Economy,360,55,,186,Y,Y,Y,1,7,2,23,Monday,False,False,False,Soekarno-Hatta International Airport,CGK
Yangon International Airport,RGN,2024-08-19 19:00,Suvarnabhumi Airport,BKK,2024-08-19 21:00,90,THAI,Economy,965,660,True,186,Y,Y,Y,1,7,2,23,Monday,False,False,False,Soekarno-Hatta International Airport,CGK
Yangon International Airport,RGN,2024-08-19 11:25,Guangzhou Baiyun International Airport,CAN,2024-08-19 16:15,200,China Southern,Economy,1460,960,True,245,Y,Y,Y,1,8,1,23,Monday,False,False,False,Soekarno-Hatta International Airport,CGK
Yangon International Airport,RGN,2024-08-19 11:25,Guangzhou Baiyun International Airport,CAN,2024-08-19 16:15,200,China Southern,Economy,690,185,,312,Y,Y,Y,1,8,1,23,Monday,False,False,False,Soekarno-Hatta International Airport,CGK
Yangon International Airport,RGN,2024-08-19 10:35,Singapore Changi Airport,SIN,2024-08-19 15:20,195,Singapore Airlines,Economy,1440,1140,True,313,Y,Y,Y,1,7,1,23,Monday,False,False,False,Soekarno-Hatta International Airport,CGK
Yangon International Airport,RGN,2024-08-19 10:35,Singapore Changi Airport,SIN,2024-08-19 15:20,195,Singapore Airlines,Economy,365,65,,415,Y,Y,Y,1,7,1,23,Monday,False,False,False,Soekarno-Hatta International Airport,CGK
Yangon International Airport,RGN,2024-08-19 10:35,Singapore Changi Airport,SIN,2024-08-19 15:20,195,Singapore Airlines,Economy,485,185,,415,Y,Y,Y,1,7,1,23,Monday,False,False,False,Soekarno-Hatta International Airport,CGK
Yangon International Airport,RGN,2024-08-20 11:25,Kuala Lumpur International Airport,KUL,2024-08-20 15:50,175,Malaysia Airlines,Economy,430,120,,124,Y,Y,Y,1,7,1,23,Tuesday,False,False,False,Soekarno-Hatta International Airport,CGK
Yangon International Airport,RGN,2024-08-20 06:50,Kuala Lumpur International Airport,KUL,2024-08-20 11:05,165,MAI,Economy,465,160,,152,Y,Y,Y,1,7,1,30,Tuesday,False,False,False,Soekarno-Hatta International Airport,CGK
Yangon International Airport,RGN,2024-08-20 11:25,Suvarnabhumi Airport,BKK,2024-08-20 13:25,90,THAI,Economy,360,55,,186,Y,Y,Y,1,7,2,23,Tuesday,False,False,False,Soekarno-Hatta International Airport,CGK
Yangon International Airport,RGN,2024-08-20 19:00,Suvarnabhumi Airport,BKK,2024-08-20 21:00,90,THAI,Economy,965,660,True,186,Y,Y,Y,1,7,2,23,Tuesday,False,False,False,Soekarno-Hatta International Airport,CGK
Yangon International Airport,RGN,2024-08-20 10:35,Singapore Changi Airport,SIN,2024-08-20 15:20,195,Singapore Airlines,Economy,485,185,,313,Y,Y,Y,1,7,1,23,Tuesday,False,False,False,Soekarno-Hatta International Airport,CGK
Yangon International Airport,RGN,2024-08-20 10:35,Singapore Changi Airport,SIN,2024-08-20 15:20,195,Singapore Airlines,Economy,365,65,,415,Y,Y,Y,1,7,1,23,Tuesday,False,False,False,Soekarno-Hatta International Airport,CGK
Yangon International Airport,RGN,2024-08-20 10:35,Taiwan Taoyuan International Airport,TPE,2024-08-20 16:10,245,China Airlines,Economy,805,240,,434,Y,Y,Y,1,7,2,23,Tuesday,False,False,False,Soekarno-Hatta International Airport,CGK
Yangon International Airport,RGN,2024-08-21 11:25,Kuala Lumpur International Airport,KUL,2024-08-21 15:50,175,Malaysia Airlines,Economy,430,120,,124,Y,Y,Y,1,7,1,23,Wednesday,False,False,False,Soekarno-Hatta International Airport,CGK
Yangon International Airport,RGN,2024-08-21 06:50,Kuala Lumpur International Airport,KUL,2024-08-21 11:05,165,MAI,Economy,465,160,,152,Y,Y,Y,1,7,1,30,Wednesday,False,False,False,Soekarno-Hatta International Airport,CGK
Yangon International Airport,RGN,2024-08-21 11:25,Suvarnabhumi Airport,BKK,2024-08-21 13:25,90,THAI,Economy,360,55,,186,Y,Y,Y,1,7,2,23,Wednesday,False,False,False,Soekarno-Hatta International Airport,CGK
Yangon International Airport,RGN,2024-08-21 19:00,Suvarnabhumi Airport,BKK,2024-08-21 21:00,90,THAI,Economy,965,660,True,186,Y,Y,Y,1,7,2,23,Wednesday,False,False,False,Soekarno-Hatta International Airport,CGK
Yangon International Airport,RGN,2024-08-21 11:25,Guangzhou Baiyun International Airport,CAN,2024-08-21 16:15,200,China Southern,Economy,690,185,,245,Y,Y,Y,1,8,1,23,Wednesday,False,False,False,Soekarno-Hatta International Airport,CGK
Yangon International Airport,RGN,2024-08-21 10:35,Singapore Changi Airport,SIN,2024-08-21 15:20,195,Singapore Airlines,Economy,485,185,,313,Y,Y,Y,1,7,1,23,Wednesday,False,False,False,Soekarno-Hatta International Airport,CGK
Yangon International Airport,RGN,2024-08-21 10:35,Singapore Changi Airport,SIN,2024-08-21 15:20,195,Singapore Airlines,Economy,365,65,,415,Y,Y,Y,1,7,1,23,Wednesday,False,False,False,Soekarno-Hatta International Airport,CGK
Yangon International Airport,RGN,2024-08-22 11:25,Kuala Lumpur International Airport,KUL,2024-08-22 15:50,175,Malaysia Airlines,Economy,430,120,,124,Y,Y,Y,1,7,1,23,Thursday,False,False,False,Soekarno-Hatta International Airport,CGK
Yangon International Airport,RGN,2024-08-22 06:50,Kuala Lumpur International Airport,KUL,2024-08-22 11:05,165,MAI,Economy,465,160,,152,Y,Y,Y,1,7,1,30,Thursday,False,False,False,Soekarno-Hatta International Airport,CGK
Yangon International Airport,RGN,2024-08-22 11:25,Suvarnabhumi Airport,BKK,2024-08-22 13:25,90,THAI,Economy,360,55,,186,Y,Y,Y,1,7,2,23,Thursday,False,False,False,Soekarno-Hatta International Airport,CGK
Yangon International Airport,RGN,2024-08-22 19:00,Suvarnabhumi Airport,BKK,2024-08-22 21:00,90,THAI,Economy,965,660,True,199,Y,Y,Y,1,7,2,23,Thursday,False,False,False,Soekarno-Hatta International Airport,CGK
Yangon International Airport,RGN,2024-08-22 10:35,Singapore Changi Airport,SIN,2024-08-22 15:20,195,Singapore Airlines,Economy,485,185,,313,Y,Y,Y,1,7,1,23,Thursday,False,False,False,Soekarno-Hatta International Airport,CGK
Yangon International Airport,RGN,2024-08-22 10:35,Singapore Changi Airport,SIN,2024-08-22 15:20,195,Singapore Airlines,Economy,365,65,,415,Y,Y,Y,1,7,1,23,Thursday,False,False,False,Soekarno-Hatta International Airport,CGK
Yangon International Airport,RGN,2024-08-22 10:35,Taiwan Taoyuan International Airport,TPE,2024-08-22 16:10,245,China Airlines,Economy,805,240,,434,Y,Y,Y,1,7,2,23,Thursday,False,False,False,Soekarno-Hatta International Airport,CGK
Yangon International Airport,RGN,2024-08-23 11:25,Kuala Lumpur International Airport,KUL,2024-08-23 15:50,175,Malaysia Airlines,Economy,430,120,,124,Y,Y,Y,1,7,1,23,Friday,False,False,False,Soekarno-Hatta International Airport,CGK
Yangon International Airport,RGN,2024-08-23 06:50,Kuala Lumpur International Airport,KUL,2024-08-23 11:05,165,MAI,Economy,465,160,,152,Y,Y,Y,1,7,1,30,Friday,False,False,False,Soekarno-Hatta International Airport,CGK
Yangon International Airport,RGN,2024-08-23 11:25,Suvarnabhumi Airport,BKK,2024-08-23 13:25,90,THAI,Economy,360,55,,186,Y,Y,Y,1,7,2,23,Friday,False,False,False,Soekarno-Hatta International Airport,CGK
Yangon International Airport,RGN,2024-08-23 19:00,Suvarnabhumi Airport,BKK,2024-08-23 21:00,90,THAI,Economy,965,660,True,186,Y,Y,Y,1,7,2,23,Friday,False,False,False,Soekarno-Hatta International Airport,CGK
Yangon International Airport,RGN,2024-08-23 11:25,Guangzhou Baiyun International Airport,CAN,2024-08-23 16:15,200,China Southern,Economy,690,185,,245,Y,Y,Y,1,8,1,23,Friday,False,False,False,Soekarno-Hatta International Airport,CGK
Yangon International Airport,RGN,2024-08-23 10:35,Singapore Changi Airport,SIN,2024-08-23 15:20,195,Singapore Airlines,Economy,485,175,,313,Y,Y,Y,1,7,1,23,Friday,False,False,False,Soekarno-Hatta International Airport,CGK
Yangon International Airport,RGN,2024-08-23 10:35,Singapore Changi Airport,SIN,2024-08-23 15:20,195,Singapore Airlines,Economy,365,65,,359,Y,Y,Y,1,7,1,23,Friday,False,False,False,Soekarno-Hatta International Airport,CGK
Yangon International Airport,RGN,2024-08-24 11:25,Kuala Lumpur International Airport,KUL,2024-08-24 15:50,175,Malaysia Airlines,Economy,430,120,,124,Y,Y,Y,1,7,1,23,Saturday,False,False,False,Soekarno-Hatta International Airport,CGK
Yangon International Airport,RGN,2024-08-24 06:50,Kuala Lumpur International Airport,KUL,2024-08-24 11:05,165,MAI,Economy,465,160,,152,Y,Y,Y,1,7,1,30,Saturday,False,False,False,Soekarno-Hatta International Airport,CGK
Yangon International Airport,RGN,2024-08-24 11:25,Suvarnabhumi Airport,BKK,2024-08-24 13:25,90,THAI,Economy,360,55,,186,Y,Y,Y,1,7,2,23,Saturday,False,False,False,Soekarno-Hatta International Airport,CGK
Yangon International Airport,RGN,2024-08-24 10:35,Singapore Changi Airport,SIN,2024-08-24 15:20,195,Singapore Airlines,Economy,365,65,,359,Y,Y,Y,1,7,1,23,Saturday,False,False,False,Soekarno-Hatta International Airport,CGK
Yangon International Airport,RGN,2024-08-24 19:00,Suvarnabhumi Airport,BKK,2024-08-24 21:00,90,THAI,Economy,965,660,True,186,Y,Y,Y,1,7,2,23,Saturday,False,False,False,Soekarno-Hatta International Airport,CGK
Yangon International Airport,RGN,2024-08-24 11:25,Guangzhou Baiyun International Airport,CAN,2024-08-24 16:00,185,China Southern,Economy,690,200,,245,Y,Y,Y,1,8,1,23,Saturday,False,False,False,Soekarno-Hatta International Airport,CGK
Yangon International Airport,RGN,2024-08-24 10:35,Singapore Changi Airport,SIN,2024-08-24 15:20,195,Singapore Airlines,Economy,485,185,,313,Y,Y,Y,1,7,1,23,Saturday,False,False,False,Soekarno-Hatta International Airport,CGK
Yangon International Airport,RGN,2024-08-24 10:35,Taiwan Taoyuan International Airport,TPE,2024-08-24 16:10,245,China Airlines,Economy,1590,1025,True,434,Y,Y,Y,1,7,2,23,Saturday,False,False,False,Soekarno-Hatta International Airport,CGK
Yangon International Airport,RGN,2024-08-25 11:25,Kuala Lumpur International Airport,KUL,2024-08-25 15:50,175,Malaysia Airlines,Economy,430,120,,124,Y,Y,Y,1,7,1,23,Sunday,False,False,False,Soekarno-Hatta International Airport,CGK
Yangon International Airport,RGN,2024-08-25 11:25,Suvarnabhumi Airport,BKK,2024-08-25 13:25,90,THAI,Economy,360,55,,186,Y,Y,Y,1,7,2,23,Sunday,False,False,False,Soekarno-Hatta International Airport,CGK
Yangon International Airport,RGN,2024-08-25 10:35,Singapore Changi Airport,SIN,2024-08-25 15:20,195,Singapore Airlines,Economy,365,65,,359,Y,Y,Y,1,7,1,23,Sunday,False,False,False,Soekarno-Hatta International Airport,CGK
Yangon International Airport,RGN,2024-08-25 06:50,Kuala Lumpur International Airport,KUL,2024-08-25 11:05,165,MAI,Economy,615,305,,152,Y,Y,Y,1,7,1,30,Sunday,False,False,False,Soekarno-Hatta International Airport,CGK
Yangon International Airport,RGN,2024-08-25 19:00,Suvarnabhumi Airport,BKK,2024-08-25 21:00,90,THAI,Economy,965,660,True,186,Y,Y,Y,1,7,2,23,Sunday,False,False,False,Soekarno-Hatta International Airport,CGK
Yangon International Airport,RGN,2024-08-25 06:50,Kuala Lumpur International Airport,KUL,2024-08-25 11:05,165,MAI,Economy,465,160,,239,Y,Y,Y,1,7,1,30,Sunday,False,False,False,Soekarno-Hatta International Airport,CGK
Yangon International Airport,RGN,2024-08-25 10:35,Singapore Changi Airport,SIN,2024-08-25 15:20,195,Singapore Airlines,Economy,1315,1015,True,313,Y,Y,Y,1,7,1,23,Sunday,False,False,False,Soekarno-Hatta International Airport,CGK
Yangon International Airport,RGN,2024-08-25 10:35,Singapore Changi Airport,SIN,2024-08-25 15:20,195,Singapore Airlines,Economy,485,185,,415,Y,Y,Y,1,7,1,23,Sunday,False,False,False,Soekarno-Hatta International Airport,CGK
Yangon International Airport,RGN,2024-08-26 11:25,Kuala Lumpur International Airport,KUL,2024-08-26 15:50,175,Malaysia Airlines,Economy,430,120,,124,Y,Y,Y,1,7,1,23,Monday,False,False,False,Soekarno-Hatta International Airport,CGK
Yangon International Airport,RGN,2024-08-26 06:50,Kuala Lumpur International Airport,KUL,2024-08-26 11:05,165,MAI,Economy,465,160,,152,Y,Y,Y,1,7,1,30,Monday,False,False,False,Soekarno-Hatta International Airport,CGK
Yangon International Airport,RGN,2024-08-26 11:25,Suvarnabhumi Airport,BKK,2024-08-26 13:25,90,THAI,Economy,360,55,,186,Y,Y,Y,1,7,2,23,Monday,False,False,False,Soekarno-Hatta International Airport,CGK
Yangon International Airport,RGN,2024-08-26 19:00,Suvarnabhumi Airport,BKK,2024-08-26 21:00,90,THAI,Economy,965,660,True,186,Y,Y,Y,1,7,2,23,Monday,False,False,False,Soekarno-Hatta International Airport,CGK
Yangon International Airport,RGN,2024-08-26 11:25,Guangzhou Baiyun International Airport,CAN,2024-08-26 16:15,200,China Southern,Economy,690,185,,245,Y,Y,Y,1,8,1,23,Monday,False,False,False,Soekarno-Hatta International Airport,CGK
Yangon International Airport,RGN,2024-08-26 10:35,Singapore Changi Airport,SIN,2024-08-26 15:20,195,Singapore Airlines,Economy,485,185,,313,Y,Y,Y,1,7,1,23,Monday,False,False,False,Soekarno-Hatta International Airport,CGK
Yangon International Airport,RGN,2024-08-26 10:35,Singapore Changi Airport,SIN,2024-08-26 15:20,195,Singapore Airlines,Economy,365,65,,359,Y,Y,Y,1,7,1,23,Monday,False,False,False,Soekarno-Hatta International Airport,CGK
Yangon International Airport,RGN,2024-08-27 11:25,Kuala Lumpur International Airport,KUL,2024-08-27 15:50,175,Malaysia Airlines,Economy,430,120,,124,Y,Y,Y,1,7,1,23,Tuesday,False,False,False,Soekarno-Hatta International Airport,CGK
Yangon International Airport,RGN,2024-08-27 11:25,Suvarnabhumi Airport,BKK,2024-08-27 13:25,90,THAI,Economy,360,55,,186,Y,Y,Y,1,7,2,23,Tuesday,False,False,False,Soekarno-Hatta International Airport,CGK
Yangon International Airport,RGN,2024-08-27 06:50,Kuala Lumpur International Airport,KUL,2024-08-27 11:05,165,MAI,Economy,465,160,,152,Y,Y,Y,1,7,1,30,Tuesday,False,False,False,Soekarno-Hatta International Airport,CGK
Yangon International Airport,RGN,2024-08-27 19:00,Suvarnabhumi Airport,BKK,2024-08-27 21:00,90,THAI,Economy,965,660,True,186,Y,Y,Y,1,7,2,23,Tuesday,False,False,False,Soekarno-Hatta International Airport,CGK
Yangon International Airport,RGN,2024-08-27 10:35,Singapore Changi Airport,SIN,2024-08-27 15:20,195,Singapore Airlines,Economy,485,185,,313,Y,Y,Y,1,7,1,23,Tuesday,False,False,False,Soekarno-Hatta International Airport,CGK
Yangon International Airport,RGN,2024-08-27 10:35,Singapore Changi Airport,SIN,2024-08-27 15:20,195,Singapore Airlines,Economy,365,65,,359,Y,Y,Y,1,7,1,23,Tuesday,False,False,False,Soekarno-Hatta International Airport,CGK
Yangon International Airport,RGN,2024-08-27 10:35,Taiwan Taoyuan International Airport,TPE,2024-08-27 16:10,245,China Airlines,Economy,805,240,,434,Y,Y,Y,1,7,2,23,Tuesday,False,False,False,Soekarno-Hatta International Airport,CGK
Yangon International Airport,RGN,2024-08-28 11:25,Kuala Lumpur International Airport,KUL,2024-08-28 15:50,175,Malaysia Airlines,Economy,430,120,,124,Y,Y,Y,1,7,1,23,Wednesday,False,False,False,Soekarno-Hatta International Airport,CGK
Yangon International Airport,RGN,2024-08-28 06:50,Kuala Lumpur International Airport,KUL,2024-08-28 11:05,165,MAI,Economy,465,160,,152,Y,Y,Y,1,7,1,30,Wednesday,False,False,False,Soekarno-Hatta International Airport,CGK
Yangon International Airport,RGN,2024-08-28 11:25,Suvarnabhumi Airport,BKK,2024-08-28 13:25,90,THAI,Economy,360,55,,186,Y,Y,Y,1,7,2,23,Wednesday,False,False,False,Soekarno-Hatta International Airport,CGK
Yangon International Airport,RGN,2024-08-28 19:00,Suvarnabhumi Airport,BKK,2024-08-28 21:00,90,THAI,Economy,965,660,True,186,Y,Y,Y,1,7,2,23,Wednesday,False,False,False,Soekarno-Hatta International Airport,CGK
Yangon International Airport,RGN,2024-08-28 11:25,Guangzhou Baiyun International Airport,CAN,2024-08-28 16:15,200,China Southern,Economy,690,185,,245,Y,Y,Y,1,8,1,23,Wednesday,False,False,False,Soekarno-Hatta International Airport,CGK
Yangon International Airport,RGN,2024-08-28 10:35,Singapore Changi Airport,SIN,2024-08-28 15:20,195,Singapore Airlines,Economy,485,185,,313,Y,Y,Y,1,7,1,23,Wednesday,False,False,False,Soekarno-Hatta International Airport,CGK
Yangon International Airport,RGN,2024-08-28 10:35,Singapore Changi Airport,SIN,2024-08-28 15:20,195,Singapore Airlines,Economy,365,65,,359,Y,Y,Y,1,7,1,23,Wednesday,False,False,False,Soekarno-Hatta International Airport,CGK
Yangon International Airport,RGN,2024-08-29 11:25,Kuala Lumpur International Airport,KUL,2024-08-29 15:50,175,Malaysia Airlines,Economy,430,120,,124,Y,Y,Y,1,7,1,23,Thursday,False,False,False,Soekarno-Hatta International Airport,CGK
Yangon International Airport,RGN,2024-08-29 11:25,Suvarnabhumi Airport,BKK,2024-08-29 13:25,90,THAI,Economy,360,55,,186,Y,Y,Y,1,7,2,23,Thursday,False,False,False,Soekarno-Hatta International Airport,CGK
Yangon International Airport,RGN,2024-08-29 06:50,Kuala Lumpur International Airport,KUL,2024-08-29 11:05,165,MAI,Economy,465,160,,152,Y,Y,Y,1,7,1,30,Thursday,False,False,False,Soekarno-Hatta International Airport,CGK
Yangon International Airport,RGN,2024-08-29 19:00,Suvarnabhumi Airport,BKK,2024-08-29 21:00,90,THAI,Economy,965,660,True,186,Y,Y,Y,1,7,2,23,Thursday,False,False,False,Soekarno-Hatta International Airport,CGK
Yangon International Airport,RGN,2024-08-29 10:35,Singapore Changi Airport,SIN,2024-08-29 15:20,195,Singapore Airlines,Economy,485,185,,313,Y,Y,Y,1,7,1,23,Thursday,False,False,False,Soekarno-Hatta International Airport,CGK
Yangon International Airport,RGN,2024-08-29 10:35,Singapore Changi Airport,SIN,2024-08-29 15:20,195,Singapore Airlines,Economy,365,65,,359,Y,Y,Y,1,7,1,23,Thursday,False,False,False,Soekarno-Hatta International Airport,CGK
Yangon International Airport,RGN,2024-08-29 10:35,Taiwan Taoyuan International Airport,TPE,2024-08-29 16:10,245,China Airlines,Economy,805,240,,434,Y,Y,Y,1,7,2,23,Thursday,False,False,False,Soekarno-Hatta International Airport,CGK
Yangon International Airport,RGN,2024-08-30 11:25,Kuala Lumpur International Airport,KUL,2024-08-30 15:50,175,Malaysia Airlines,Economy,430,120,,124,Y,Y,Y,1,7,1,23,Friday,False,False,False,Soekarno-Hatta International Airport,CGK
Yangon International Airport,RGN,2024-08-30 06:50,Kuala Lumpur International Airport,KUL,2024-08-30 11:05,165,MAI,Economy,465,160,,152,Y,Y,Y,1,7,1,30,Friday,False,False,False,Soekarno-Hatta International Airport,CGK
Yangon International Airport,RGN,2024-08-30 11:25,Suvarnabhumi Airport,BKK,2024-08-30 13:25,90,THAI,Economy,360,55,,186,Y,Y,Y,1,7,2,23,Friday,False,False,False,Soekarno-Hatta International Airport,CGK
Yangon International Airport,RGN,2024-08-30 19:00,Suvarnabhumi Airport,BKK,2024-08-30 21:00,90,THAI,Economy,965,660,True,186,Y,Y,Y,1,7,2,23,Friday,False,False,False,Soekarno-Hatta International Airport,CGK
Yangon International Airport,RGN,2024-08-30 11:25,Guangzhou Baiyun International Airport,CAN,2024-08-30 16:15,200,China Southern,Economy,690,185,,245,Y,Y,Y,1,8,1,23,Friday,False,False,False,Soekarno-Hatta International Airport,CGK
Yangon International Airport,RGN,2024-08-30 10:35,Singapore Changi Airport,SIN,2024-08-30 15:20,195,Singapore Airlines,Economy,485,175,,313,Y,Y,Y,1,7,1,23,Friday,False,False,False,Soekarno-Hatta International Airport,CGK
Yangon International Airport,RGN,2024-08-30 10:35,Singapore Changi Airport,SIN,2024-08-30 15:20,195,Singapore Airlines,Economy,365,65,,359,Y,Y,Y,1,7,1,23,Friday,False,False,False,Soekarno-Hatta International Airport,CGK
Yangon International Airport,RGN,2024-08-31 11:25,Kuala Lumpur International Airport,KUL,2024-08-31 15:50,175,Malaysia Airlines,Economy,430,120,,124,Y,Y,Y,1,7,1,23,Saturday,False,False,False,Soekarno-Hatta International Airport,CGK
Yangon International Airport,RGN,2024-08-31 06:50,Kuala Lumpur International Airport,KUL,2024-08-31 11:05,165,MAI,Economy,465,160,,152,Y,Y,Y,1,7,1,30,Saturday,False,False,False,Soekarno-Hatta International Airport,CGK
Yangon International Airport,RGN,2024-08-31 11:25,Suvarnabhumi Airport,BKK,2024-08-31 13:25,90,THAI,Economy,360,55,,186,Y,Y,Y,1,7,2,23,Saturday,False,False,False,Soekarno-Hatta International Airport,CGK
Yangon International Airport,RGN,2024-08-31 10:35,Singapore Changi Airport,SIN,2024-08-31 15:20,195,Singapore Airlines,Economy,365,65,,359,Y,Y,Y,1,7,1,23,Saturday,False,False,False,Soekarno-Hatta International Airport,CGK
Yangon International Airport,RGN,2024-08-31 19:00,Suvarnabhumi Airport,BKK,2024-08-31 21:00,90,THAI,Economy,965,660,True,186,Y,Y,Y,1,7,2,23,Saturday,False,False,False,Soekarno-Hatta International Airport,CGK
Yangon International Airport,RGN,2024-08-31 11:25,Guangzhou Baiyun International Airport,CAN,2024-08-31 16:00,185,China Southern,Economy,690,200,,245,Y,Y,Y,1,8,1,23,Saturday,False,False,False,Soekarno-Hatta International Airport,CGK
Yangon International Airport,RGN,2024-08-31 10:35,Singapore Changi Airport,SIN,2024-08-31 15:20,195,Singapore Airlines,Economy,485,185,,313,Y,Y,Y,1,7,1,23,Saturday,False,False,False,Soekarno-Hatta International Airport,CGK
Yangon International Airport,RGN,2024-08-31 10:35,Taiwan Taoyuan International Airport,TPE,2024-08-31 16:10,245,China Airlines,Economy,1590,1025,True,434,Y,Y,Y,1,7,2,23,Saturday,False,False,False,Soekarno-Hatta International Airport,CGK
