Departure Airport Name,Departure Airport ID,Departure Time,Arrival Airport Name,Arrival Airport ID,Arrival Time,Duration,Airline,Travel Class,Total Duration,Layover 1 Duration,Layover 1 Overnight,Price, Cabin Baggage, Checked Baggage,Meal Included,Cabin Baggage (Number),Cabin Baggage (kg per piece),Checked Baggage (Number),Checked Baggage (kg per piece) ,Day of Week (on flight date),Departure Country Is Holiday,Arrival Country Is Holiday,Overnight Flight,Final Arrival Airport Name,Final Arrival Airport ID
Yangon International Airport,RGN,2024-07-01 11:25,Kuala Lumpur International Airport,KUL,2024-07-01 15:50,175,Malaysia Airlines,Economy,175,,,90.0,Y,Y,Y,1,7,1,23,Monday,False,False,False,Kuala Lumpur International Airport,KUL
Yangon International Airport,RGN,2024-07-01 11:35,Suvarnabhumi Airport,BKK,2024-07-01 13:35,90,THAI,Economy,405,185.0,,233.0,Y,Y,Y,1,7,2,23,Monday,False,False,False,Kuala Lumpur International Airport,KUL
Yangon International Airport,RGN,2024-07-01 06:50,Kuala Lumpur International Airport,KUL,2024-07-01 11:05,165,MAI,Economy,165,,,,Y,Y,Y,1,7,1,30,Monday,False,False,False,Kuala Lumpur International Airport,KUL
Yangon International Airport,RGN,2024-07-01 19:00,Suvarnabhumi Airport,BKK,2024-07-01 21:00,90,THAI,Economy,945,725.0,True,242.0,Y,Y,Y,1,7,2,23,Monday,False,False,False,Kuala Lumpur International Airport,KUL
Yangon International Airport,RGN,2024-07-01 15:10,Kunming Changshui International Airport,KMG,2024-07-01 18:40,120,China Eastern,Economy,1650,1300.0,True,298.0,Y,Y,Y,1,8,2,23,Monday,False,False,False,Kuala Lumpur International Airport,KUL
Yangon International Airport,RGN,2024-07-01 10:35,Singapore Changi Airport,SIN,2024-07-01 15:20,195,Singapore Airlines,Economy,335,65.0,,616.0,Y,Y,Y,1,7,1,23,Monday,False,False,False,Kuala Lumpur International Airport,KUL
Yangon International Airport,RGN,2024-07-01 11:35,Suvarnabhumi Airport,BKK,2024-07-01 13:35,90,THAI,Economy,530,305.0,,781.0,Y,Y,Y,1,7,2,23,Monday,False,False,False,Kuala Lumpur International Airport,KUL
Yangon International Airport,RGN,2024-07-01 19:00,Suvarnabhumi Airport,BKK,2024-07-01 21:00,90,THAI,Economy,760,540.0,True,781.0,Y,Y,Y,1,7,2,23,Monday,False,False,False,Kuala Lumpur International Airport,KUL
Yangon International Airport,RGN,2024-07-02 19:50,Kuala Lumpur International Airport,KUL,2024-07-03 00:10,170,AirAsia,Economy,170,,,69.0,Y,N,N,1,7,0,0,Tuesday,False,False,True,Kuala Lumpur International Airport,KUL
Yangon International Airport,RGN,2024-07-02 11:25,Kuala Lumpur International Airport,KUL,2024-07-02 15:50,175,Malaysia Airlines,Economy,175,,,109.0,Y,Y,Y,1,7,1,23,Tuesday,False,False,False,Kuala Lumpur International Airport,KUL
Yangon International Airport,RGN,2024-07-02 11:35,Suvarnabhumi Airport,BKK,2024-07-02 13:35,90,THAI,Economy,405,185.0,,180.0,Y,Y,Y,1,7,2,23,Tuesday,False,False,False,Kuala Lumpur International Airport,KUL
Yangon International Airport,RGN,2024-07-02 06:50,Kuala Lumpur International Airport,KUL,2024-07-02 11:05,165,MAI,Economy,165,,,,Y,Y,Y,1,7,1,30,Tuesday,False,False,False,Kuala Lumpur International Airport,KUL
Yangon International Airport,RGN,2024-07-02 11:35,Suvarnabhumi Airport,BKK,2024-07-02 13:35,90,THAI,Economy,445,220.0,,781.0,Y,Y,Y,1,7,2,23,Tuesday,False,False,False,Kuala Lumpur International Airport,KUL
Yangon International Airport,RGN,2024-07-03 11:25,Kuala Lumpur International Airport,KUL,2024-07-03 15:50,175,Malaysia Airlines,Economy,175,,,117.0,Y,Y,Y,1,7,1,23,Wednesday,False,False,False,Kuala Lumpur International Airport,KUL
Yangon International Airport,RGN,2024-07-03 11:35,Suvarnabhumi Airport,BKK,2024-07-03 13:35,90,THAI,Economy,405,185.0,,169.0,Y,Y,Y,1,7,2,23,Wednesday,False,False,False,Kuala Lumpur International Airport,KUL
Yangon International Airport,RGN,2024-07-03 10:35,Singapore Changi Airport,SIN,2024-07-03 15:20,195,Singapore Airlines,Economy,335,65.0,,474.0,Y,Y,Y,1,7,1,23,Wednesday,False,False,False,Kuala Lumpur International Airport,KUL
Yangon International Airport,RGN,2024-07-03 06:50,Kuala Lumpur International Airport,KUL,2024-07-03 11:05,165,MAI,Economy,165,,,,Y,Y,Y,1,7,1,30,Wednesday,False,False,False,Kuala Lumpur International Airport,KUL
Yangon International Airport,RGN,2024-07-03 19:00,Suvarnabhumi Airport,BKK,2024-07-03 21:00,90,THAI,Economy,945,725.0,True,196.0,Y,Y,Y,1,7,2,23,Wednesday,False,False,False,Kuala Lumpur International Airport,KUL
Yangon International Airport,RGN,2024-07-03 15:10,Kunming Changshui International Airport,KMG,2024-07-03 18:40,120,China Eastern,Economy,1650,1300.0,True,280.0,Y,Y,Y,1,8,2,23,Wednesday,False,False,False,Kuala Lumpur International Airport,KUL
Yangon International Airport,RGN,2024-07-03 11:35,Suvarnabhumi Airport,BKK,2024-07-03 13:35,90,THAI,Economy,445,220.0,,781.0,Y,Y,Y,1,7,2,23,Wednesday,False,False,False,Kuala Lumpur International Airport,KUL
Yangon International Airport,RGN,2024-07-03 19:00,Suvarnabhumi Airport,BKK,2024-07-03 21:00,90,THAI,Economy,760,540.0,True,781.0,Y,Y,Y,1,7,2,23,Wednesday,False,False,False,Kuala Lumpur International Airport,KUL
Yangon International Airport,RGN,2024-07-04 11:25,Kuala Lumpur International Airport,KUL,2024-07-04 15:50,175,Malaysia Airlines,Economy,175,,,165.0,Y,Y,Y,1,7,1,23,Thursday,False,False,False,Kuala Lumpur International Airport,KUL
Yangon International Airport,RGN,2024-07-04 11:35,Suvarnabhumi Airport,BKK,2024-07-04 13:35,90,THAI,Economy,405,185.0,,169.0,Y,Y,Y,1,7,2,23,Thursday,False,False,False,Kuala Lumpur International Airport,KUL
Yangon International Airport,RGN,2024-07-04 10:35,Singapore Changi Airport,SIN,2024-07-04 15:20,195,Singapore Airlines,Economy,335,65.0,,534.0,Y,Y,Y,1,7,1,23,Thursday,False,False,False,Kuala Lumpur International Airport,KUL
Yangon International Airport,RGN,2024-07-04 06:50,Kuala Lumpur International Airport,KUL,2024-07-04 11:05,165,MAI,Economy,165,,,,Y,Y,Y,1,7,1,30,Thursday,False,False,False,Kuala Lumpur International Airport,KUL
Yangon International Airport,RGN,2024-07-04 19:00,Suvarnabhumi Airport,BKK,2024-07-04 21:00,90,THAI,Economy,1400,1180.0,True,186.0,Y,Y,Y,1,7,2,23,Thursday,False,False,False,Kuala Lumpur International Airport,KUL
Yangon International Airport,RGN,2024-07-04 19:00,Suvarnabhumi Airport,BKK,2024-07-04 21:00,90,THAI,Economy,945,725.0,True,196.0,Y,Y,Y,1,7,2,23,Thursday,False,False,False,Kuala Lumpur International Airport,KUL
Yangon International Airport,RGN,2024-07-04 15:10,Kunming Changshui International Airport,KMG,2024-07-04 18:40,120,China Eastern,Economy,1650,1300.0,True,333.0,Y,Y,Y,1,8,2,23,Thursday,False,False,False,Kuala Lumpur International Airport,KUL
Yangon International Airport,RGN,2024-07-04 11:35,Suvarnabhumi Airport,BKK,2024-07-04 13:35,90,THAI,Economy,445,220.0,,781.0,Y,Y,Y,1,7,2,23,Thursday,False,False,False,Kuala Lumpur International Airport,KUL
Yangon International Airport,RGN,2024-07-04 19:00,Suvarnabhumi Airport,BKK,2024-07-04 21:00,90,THAI,Economy,760,540.0,True,781.0,Y,Y,Y,1,7,2,23,Thursday,False,False,False,Kuala Lumpur International Airport,KUL
Yangon International Airport,RGN,2024-07-05 11:35,Suvarnabhumi Airport,BKK,2024-07-05 13:35,90,THAI,Economy,405,185.0,,169.0,Y,Y,Y,1,7,2,23,Friday,False,False,False,Kuala Lumpur International Airport,KUL
Yangon International Airport,RGN,2024-07-05 11:25,Guangzhou Baiyun International Airport,CAN,2024-07-05 16:15,200,China Southern,Economy,535,80.0,,305.0,Y,Y,Y,1,8,1,23,Friday,False,False,False,Kuala Lumpur International Airport,KUL
Yangon International Airport,RGN,2024-07-05 10:35,Singapore Changi Airport,SIN,2024-07-05 15:20,195,Singapore Airlines,Economy,370,100.0,,349.0,Y,Y,Y,1,7,1,23,Friday,False,False,False,Kuala Lumpur International Airport,KUL
Yangon International Airport,RGN,2024-07-05 10:35,Singapore Changi Airport,SIN,2024-07-05 15:20,195,Singapore Airlines,Economy,335,65.0,,534.0,Y,Y,Y,1,7,1,23,Friday,False,False,False,Kuala Lumpur International Airport,KUL
Yangon International Airport,RGN,2024-07-05 06:50,Kuala Lumpur International Airport,KUL,2024-07-05 11:05,165,MAI,Economy,165,,,,Y,Y,Y,1,7,1,30,Friday,False,False,False,Kuala Lumpur International Airport,KUL
Yangon International Airport,RGN,2024-07-05 19:00,Suvarnabhumi Airport,BKK,2024-07-05 21:00,90,THAI,Economy,945,725.0,True,186.0,Y,Y,Y,1,7,2,23,Friday,False,False,False,Kuala Lumpur International Airport,KUL
Yangon International Airport,RGN,2024-07-05 15:10,Kunming Changshui International Airport,KMG,2024-07-05 18:40,120,China Eastern,Economy,1650,1300.0,True,333.0,Y,Y,Y,1,8,2,23,Friday,False,False,False,Kuala Lumpur International Airport,KUL
Yangon International Airport,RGN,2024-07-05 11:25,Guangzhou Baiyun International Airport,CAN,2024-07-05 16:15,200,China Southern,Economy,1785,1340.0,True,439.0,Y,Y,Y,1,8,1,23,Friday,False,False,False,Kuala Lumpur International Airport,KUL
Yangon International Airport,RGN,2024-07-05 11:35,Suvarnabhumi Airport,BKK,2024-07-05 13:35,90,THAI,Economy,445,220.0,,781.0,Y,Y,Y,1,7,2,23,Friday,False,False,False,Kuala Lumpur International Airport,KUL
Yangon International Airport,RGN,2024-07-06 19:50,Kuala Lumpur International Airport,KUL,2024-07-07 00:10,170,AirAsia,Economy,170,,,69.0,Y,N,N,1,7,0,0,Saturday,False,True,True,Kuala Lumpur International Airport,KUL
Yangon International Airport,RGN,2024-07-06 11:25,Kuala Lumpur International Airport,KUL,2024-07-06 15:50,175,Malaysia Airlines,Economy,175,,,117.0,Y,Y,Y,1,7,1,23,Saturday,False,False,False,Kuala Lumpur International Airport,KUL
Yangon International Airport,RGN,2024-07-06 11:35,Suvarnabhumi Airport,BKK,2024-07-06 13:35,90,THAI,Economy,405,185.0,,169.0,Y,Y,Y,1,7,2,23,Saturday,False,False,False,Kuala Lumpur International Airport,KUL
Yangon International Airport,RGN,2024-07-06 06:50,Kuala Lumpur International Airport,KUL,2024-07-06 11:05,165,MAI,Economy,165,,,,Y,Y,Y,1,7,1,30,Saturday,False,False,False,Kuala Lumpur International Airport,KUL
Yangon International Airport,RGN,2024-07-06 11:35,Suvarnabhumi Airport,BKK,2024-07-06 13:35,90,THAI,Economy,445,220.0,,781.0,Y,Y,Y,1,7,2,23,Saturday,False,False,False,Kuala Lumpur International Airport,KUL
Yangon International Airport,RGN,2024-07-07 11:25,Kuala Lumpur International Airport,KUL,2024-07-07 15:50,175,Malaysia Airlines,Economy,175,,,90.0,Y,Y,Y,1,7,1,23,Sunday,False,True,False,Kuala Lumpur International Airport,KUL
Yangon International Airport,RGN,2024-07-07 11:35,Suvarnabhumi Airport,BKK,2024-07-07 13:35,90,THAI,Economy,405,185.0,,169.0,Y,Y,Y,1,7,2,23,Sunday,False,True,False,Kuala Lumpur International Airport,KUL
Yangon International Airport,RGN,2024-07-07 10:35,Singapore Changi Airport,SIN,2024-07-07 15:20,195,Singapore Airlines,Economy,370,100.0,,349.0,Y,Y,Y,1,7,1,23,Sunday,False,True,False,Kuala Lumpur International Airport,KUL
Yangon International Airport,RGN,2024-07-07 06:50,Kuala Lumpur International Airport,KUL,2024-07-07 11:05,165,MAI,Economy,165,,,,Y,Y,Y,1,7,1,30,Sunday,False,True,False,Kuala Lumpur International Airport,KUL
Yangon International Airport,RGN,2024-07-07 19:00,Suvarnabhumi Airport,BKK,2024-07-07 21:00,90,THAI,Economy,1400,1180.0,True,230.0,Y,Y,Y,1,7,2,23,Sunday,False,True,False,Kuala Lumpur International Airport,KUL
Yangon International Airport,RGN,2024-07-07 19:00,Suvarnabhumi Airport,BKK,2024-07-07 21:00,90,THAI,Economy,945,725.0,True,250.0,Y,Y,Y,1,7,2,23,Sunday,False,True,False,Kuala Lumpur International Airport,KUL
Yangon International Airport,RGN,2024-07-07 15:10,Kunming Changshui International Airport,KMG,2024-07-07 18:40,120,China Eastern,Economy,1650,1300.0,True,298.0,Y,Y,Y,1,8,2,23,Sunday,False,True,False,Kuala Lumpur International Airport,KUL
Yangon International Airport,RGN,2024-07-07 11:35,Suvarnabhumi Airport,BKK,2024-07-07 13:35,90,THAI,Economy,445,220.0,,781.0,Y,Y,Y,1,7,2,23,Sunday,False,True,False,Kuala Lumpur International Airport,KUL
Yangon International Airport,RGN,2024-07-07 19:00,Suvarnabhumi Airport,BKK,2024-07-07 21:00,90,THAI,Economy,760,540.0,True,781.0,Y,Y,Y,1,7,2,23,Sunday,False,True,False,Kuala Lumpur International Airport,KUL
Yangon International Airport,RGN,2024-07-08 11:25,Kuala Lumpur International Airport,KUL,2024-07-08 15:50,175,Malaysia Airlines,Economy,175,,,90.0,Y,Y,Y,1,7,1,23,Monday,False,True,False,Kuala Lumpur International Airport,KUL
Yangon International Airport,RGN,2024-07-08 11:35,Suvarnabhumi Airport,BKK,2024-07-08 13:35,90,THAI,Economy,405,185.0,,169.0,Y,Y,Y,1,7,2,23,Monday,False,True,False,Kuala Lumpur International Airport,KUL
Yangon International Airport,RGN,2024-07-08 11:25,Guangzhou Baiyun International Airport,CAN,2024-07-08 16:15,200,China Southern,Economy,535,80.0,,305.0,Y,Y,Y,1,8,1,23,Monday,False,True,False,Kuala Lumpur International Airport,KUL
Yangon International Airport,RGN,2024-07-08 10:35,Singapore Changi Airport,SIN,2024-07-08 15:20,195,Singapore Airlines,Economy,335,65.0,,350.0,Y,Y,Y,1,7,1,23,Monday,False,True,False,Kuala Lumpur International Airport,KUL
Yangon International Airport,RGN,2024-07-08 06:50,Kuala Lumpur International Airport,KUL,2024-07-08 11:05,165,MAI,Economy,165,,,,Y,Y,Y,1,7,1,30,Monday,False,True,False,Kuala Lumpur International Airport,KUL
Yangon International Airport,RGN,2024-07-08 19:00,Suvarnabhumi Airport,BKK,2024-07-08 21:00,90,THAI,Economy,945,725.0,True,186.0,Y,Y,Y,1,7,2,23,Monday,False,True,False,Kuala Lumpur International Airport,KUL
Yangon International Airport,RGN,2024-07-08 15:10,Kunming Changshui International Airport,KMG,2024-07-08 18:40,120,China Eastern,Economy,1650,1300.0,True,380.0,Y,Y,Y,1,8,2,23,Monday,False,True,False,Kuala Lumpur International Airport,KUL
Yangon International Airport,RGN,2024-07-08 11:35,Suvarnabhumi Airport,BKK,2024-07-08 13:35,90,THAI,Economy,530,305.0,,781.0,Y,Y,Y,1,7,2,23,Monday,False,True,False,Kuala Lumpur International Airport,KUL
Yangon International Airport,RGN,2024-07-08 19:00,Suvarnabhumi Airport,BKK,2024-07-08 21:00,90,THAI,Economy,760,540.0,True,781.0,Y,Y,Y,1,7,2,23,Monday,False,True,False,Kuala Lumpur International Airport,KUL
Yangon International Airport,RGN,2024-07-09 19:50,Kuala Lumpur International Airport,KUL,2024-07-10 00:10,170,AirAsia,Economy,170,,,87.0,Y,N,N,1,7,0,0,Tuesday,False,False,True,Kuala Lumpur International Airport,KUL
Yangon International Airport,RGN,2024-07-09 11:25,Kuala Lumpur International Airport,KUL,2024-07-09 15:50,175,Malaysia Airlines,Economy,175,,,90.0,Y,Y,Y,1,7,1,23,Tuesday,False,False,False,Kuala Lumpur International Airport,KUL
Yangon International Airport,RGN,2024-07-09 11:35,Suvarnabhumi Airport,BKK,2024-07-09 13:35,90,THAI,Economy,405,185.0,,169.0,Y,Y,Y,1,7,2,23,Tuesday,False,False,False,Kuala Lumpur International Airport,KUL
Yangon International Airport,RGN,2024-07-09 06:50,Kuala Lumpur International Airport,KUL,2024-07-09 11:05,165,MAI,Economy,165,,,,Y,Y,Y,1,7,1,30,Tuesday,False,False,False,Kuala Lumpur International Airport,KUL
Yangon International Airport,RGN,2024-07-09 11:35,Suvarnabhumi Airport,BKK,2024-07-09 13:35,90,THAI,Economy,445,220.0,,781.0,Y,Y,Y,1,7,2,23,Tuesday,False,False,False,Kuala Lumpur International Airport,KUL
Yangon International Airport,RGN,2024-07-10 11:25,Kuala Lumpur International Airport,KUL,2024-07-10 15:50,175,Malaysia Airlines,Economy,175,,,90.0,Y,Y,Y,1,7,1,23,Wednesday,False,False,False,Kuala Lumpur International Airport,KUL
Yangon International Airport,RGN,2024-07-10 11:35,Suvarnabhumi Airport,BKK,2024-07-10 13:35,90,THAI,Economy,405,185.0,,169.0,Y,Y,Y,1,7,2,23,Wednesday,False,False,False,Kuala Lumpur International Airport,KUL
Yangon International Airport,RGN,2024-07-10 10:35,Singapore Changi Airport,SIN,2024-07-10 15:20,195,Singapore Airlines,Economy,335,65.0,,350.0,Y,Y,Y,1,7,1,23,Wednesday,False,False,False,Kuala Lumpur International Airport,KUL
Yangon International Airport,RGN,2024-07-10 06:50,Kuala Lumpur International Airport,KUL,2024-07-10 11:05,165,MAI,Economy,165,,,,Y,Y,Y,1,7,1,30,Wednesday,False,False,False,Kuala Lumpur International Airport,KUL
Yangon International Airport,RGN,2024-07-10 19:00,Suvarnabhumi Airport,BKK,2024-07-10 21:00,90,THAI,Economy,945,725.0,True,186.0,Y,Y,Y,1,7,2,23,Wednesday,False,False,False,Kuala Lumpur International Airport,KUL
Yangon International Airport,RGN,2024-07-10 15:10,Kunming Changshui International Airport,KMG,2024-07-10 18:40,120,China Eastern,Economy,1650,1300.0,True,264.0,Y,Y,Y,1,8,2,23,Wednesday,False,False,False,Kuala Lumpur International Airport,KUL
Yangon International Airport,RGN,2024-07-10 11:35,Suvarnabhumi Airport,BKK,2024-07-10 13:35,90,THAI,Economy,445,220.0,,781.0,Y,Y,Y,1,7,2,23,Wednesday,False,False,False,Kuala Lumpur International Airport,KUL
Yangon International Airport,RGN,2024-07-10 19:00,Suvarnabhumi Airport,BKK,2024-07-10 21:00,90,THAI,Economy,760,540.0,True,781.0,Y,Y,Y,1,7,2,23,Wednesday,False,False,False,Kuala Lumpur International Airport,KUL
Yangon International Airport,RGN,2024-07-11 11:25,Kuala Lumpur International Airport,KUL,2024-07-11 15:50,175,Malaysia Airlines,Economy,175,,,90.0,Y,Y,Y,1,7,1,23,Thursday,False,False,False,Kuala Lumpur International Airport,KUL
Yangon International Airport,RGN,2024-07-11 11:35,Suvarnabhumi Airport,BKK,2024-07-11 13:35,90,THAI,Economy,405,185.0,,169.0,Y,Y,Y,1,7,2,23,Thursday,False,False,False,Kuala Lumpur International Airport,KUL
Yangon International Airport,RGN,2024-07-11 06:50,Kuala Lumpur International Airport,KUL,2024-07-11 11:05,165,MAI,Economy,165,,,,Y,Y,Y,1,7,1,30,Thursday,False,False,False,Kuala Lumpur International Airport,KUL
Yangon International Airport,RGN,2024-07-11 19:00,Suvarnabhumi Airport,BKK,2024-07-11 21:00,90,THAI,Economy,1400,1180.0,True,186.0,Y,Y,Y,1,7,2,23,Thursday,False,False,False,Kuala Lumpur International Airport,KUL
Yangon International Airport,RGN,2024-07-11 19:00,Suvarnabhumi Airport,BKK,2024-07-11 21:00,90,THAI,Economy,945,725.0,True,196.0,Y,Y,Y,1,7,2,23,Thursday,False,False,False,Kuala Lumpur International Airport,KUL
Yangon International Airport,RGN,2024-07-11 15:10,Kunming Changshui International Airport,KMG,2024-07-11 18:40,120,China Eastern,Economy,1650,1300.0,True,333.0,Y,Y,Y,1,8,2,23,Thursday,False,False,False,Kuala Lumpur International Airport,KUL
Yangon International Airport,RGN,2024-07-11 10:35,Singapore Changi Airport,SIN,2024-07-11 15:20,195,Singapore Airlines,Economy,335,65.0,,474.0,Y,Y,Y,1,7,1,23,Thursday,False,False,False,Kuala Lumpur International Airport,KUL
Yangon International Airport,RGN,2024-07-11 11:35,Suvarnabhumi Airport,BKK,2024-07-11 13:35,90,THAI,Economy,445,220.0,,781.0,Y,Y,Y,1,7,2,23,Thursday,False,False,False,Kuala Lumpur International Airport,KUL
Yangon International Airport,RGN,2024-07-11 19:00,Suvarnabhumi Airport,BKK,2024-07-11 21:00,90,THAI,Economy,760,540.0,True,781.0,Y,Y,Y,1,7,2,23,Thursday,False,False,False,Kuala Lumpur International Airport,KUL
Yangon International Airport,RGN,2024-07-12 11:25,Kuala Lumpur International Airport,KUL,2024-07-12 15:50,175,Malaysia Airlines,Economy,175,,,90.0,Y,Y,Y,1,7,1,23,Friday,False,False,False,Kuala Lumpur International Airport,KUL
Yangon International Airport,RGN,2024-07-12 11:35,Suvarnabhumi Airport,BKK,2024-07-12 13:35,90,THAI,Economy,405,185.0,,169.0,Y,Y,Y,1,7,2,23,Friday,False,False,False,Kuala Lumpur International Airport,KUL
Yangon International Airport,RGN,2024-07-12 11:25,Guangzhou Baiyun International Airport,CAN,2024-07-12 16:15,200,China Southern,Economy,535,80.0,,305.0,Y,Y,Y,1,8,1,23,Friday,False,False,False,Kuala Lumpur International Airport,KUL
Yangon International Airport,RGN,2024-07-12 06:50,Kuala Lumpur International Airport,KUL,2024-07-12 11:05,165,MAI,Economy,165,,,,Y,Y,Y,1,7,1,30,Friday,False,False,False,Kuala Lumpur International Airport,KUL
Yangon International Airport,RGN,2024-07-12 19:00,Suvarnabhumi Airport,BKK,2024-07-12 21:00,90,THAI,Economy,945,725.0,True,186.0,Y,Y,Y,1,7,2,23,Friday,False,False,False,Kuala Lumpur International Airport,KUL
Yangon International Airport,RGN,2024-07-12 15:10,Kunming Changshui International Airport,KMG,2024-07-12 18:40,120,China Eastern,Economy,1650,1300.0,True,333.0,Y,Y,Y,1,8,2,23,Friday,False,False,False,Kuala Lumpur International Airport,KUL
Yangon International Airport,RGN,2024-07-12 10:35,Singapore Changi Airport,SIN,2024-07-12 15:20,195,Singapore Airlines,Economy,335,65.0,,534.0,Y,Y,Y,1,7,1,23,Friday,False,False,False,Kuala Lumpur International Airport,KUL
Yangon International Airport,RGN,2024-07-12 11:35,Suvarnabhumi Airport,BKK,2024-07-12 13:35,90,THAI,Economy,445,220.0,,781.0,Y,Y,Y,1,7,2,23,Friday,False,False,False,Kuala Lumpur International Airport,KUL
Yangon International Airport,RGN,2024-07-12 19:00,Suvarnabhumi Airport,BKK,2024-07-12 21:00,90,THAI,Economy,760,540.0,True,781.0,Y,Y,Y,1,7,2,23,Friday,False,False,False,Kuala Lumpur International Airport,KUL
Yangon International Airport,RGN,2024-07-13 19:50,Kuala Lumpur International Airport,KUL,2024-07-14 00:10,170,AirAsia,Economy,170,,,79.0,Y,N,N,1,7,0,0,Saturday,False,False,True,Kuala Lumpur International Airport,KUL
Yangon International Airport,RGN,2024-07-13 11:25,Kuala Lumpur International Airport,KUL,2024-07-13 15:50,175,Malaysia Airlines,Economy,175,,,90.0,Y,Y,Y,1,7,1,23,Saturday,False,False,False,Kuala Lumpur International Airport,KUL
Yangon International Airport,RGN,2024-07-13 11:35,Suvarnabhumi Airport,BKK,2024-07-13 13:35,90,THAI,Economy,405,185.0,,169.0,Y,Y,Y,1,7,2,23,Saturday,False,False,False,Kuala Lumpur International Airport,KUL
Yangon International Airport,RGN,2024-07-13 06:50,Kuala Lumpur International Airport,KUL,2024-07-13 11:05,165,MAI,Economy,165,,,,Y,Y,Y,1,7,1,30,Saturday,False,False,False,Kuala Lumpur International Airport,KUL
Yangon International Airport,RGN,2024-07-13 11:35,Suvarnabhumi Airport,BKK,2024-07-13 13:35,90,THAI,Economy,445,220.0,,781.0,Y,Y,Y,1,7,2,23,Saturday,False,False,False,Kuala Lumpur International Airport,KUL
Yangon International Airport,RGN,2024-07-14 11:25,Kuala Lumpur International Airport,KUL,2024-07-14 15:50,175,Malaysia Airlines,Economy,175,,,90.0,Y,Y,Y,1,7,1,23,Sunday,False,False,False,Kuala Lumpur International Airport,KUL
Yangon International Airport,RGN,2024-07-14 11:35,Suvarnabhumi Airport,BKK,2024-07-14 13:35,90,THAI,Economy,405,185.0,,169.0,Y,Y,Y,1,7,2,23,Sunday,False,False,False,Kuala Lumpur International Airport,KUL
Yangon International Airport,RGN,2024-07-14 10:35,Singapore Changi Airport,SIN,2024-07-14 15:20,195,Singapore Airlines,Economy,370,100.0,,349.0,Y,Y,Y,1,7,1,23,Sunday,False,False,False,Kuala Lumpur International Airport,KUL
Yangon International Airport,RGN,2024-07-14 06:50,Kuala Lumpur International Airport,KUL,2024-07-14 11:05,165,MAI,Economy,165,,,,Y,Y,Y,1,7,1,30,Sunday,False,False,False,Kuala Lumpur International Airport,KUL
Yangon International Airport,RGN,2024-07-14 19:00,Suvarnabhumi Airport,BKK,2024-07-14 21:00,90,THAI,Economy,1400,1180.0,True,186.0,Y,Y,Y,1,7,2,23,Sunday,False,False,False,Kuala Lumpur International Airport,KUL
Yangon International Airport,RGN,2024-07-14 19:00,Suvarnabhumi Airport,BKK,2024-07-14 21:00,90,THAI,Economy,945,725.0,True,196.0,Y,Y,Y,1,7,2,23,Sunday,False,False,False,Kuala Lumpur International Airport,KUL
Yangon International Airport,RGN,2024-07-14 15:10,Kunming Changshui International Airport,KMG,2024-07-14 18:40,120,China Eastern,Economy,1650,1300.0,True,333.0,Y,Y,Y,1,8,2,23,Sunday,False,False,False,Kuala Lumpur International Airport,KUL
Yangon International Airport,RGN,2024-07-14 11:35,Suvarnabhumi Airport,BKK,2024-07-14 13:35,90,THAI,Economy,530,305.0,,781.0,Y,Y,Y,1,7,2,23,Sunday,False,False,False,Kuala Lumpur International Airport,KUL
Yangon International Airport,RGN,2024-07-14 19:00,Suvarnabhumi Airport,BKK,2024-07-14 21:00,90,THAI,Economy,760,540.0,True,781.0,Y,Y,Y,1,7,2,23,Sunday,False,False,False,Kuala Lumpur International Airport,KUL
Yangon International Airport,RGN,2024-07-14 11:35,Suvarnabhumi Airport,BKK,2024-07-14 13:35,90,THAI,Economy,445,220.0,,1078.0,Y,Y,Y,1,7,2,23,Sunday,False,False,False,Kuala Lumpur International Airport,KUL
Yangon International Airport,RGN,2024-07-15 11:25,Kuala Lumpur International Airport,KUL,2024-07-15 15:50,175,Malaysia Airlines,Economy,175,,,90.0,Y,Y,Y,1,7,1,23,Monday,False,False,False,Kuala Lumpur International Airport,KUL
Yangon International Airport,RGN,2024-07-15 11:35,Suvarnabhumi Airport,BKK,2024-07-15 13:35,90,THAI,Economy,405,185.0,,169.0,Y,Y,Y,1,7,2,23,Monday,False,False,False,Kuala Lumpur International Airport,KUL
Yangon International Airport,RGN,2024-07-15 11:25,Guangzhou Baiyun International Airport,CAN,2024-07-15 16:15,200,China Southern,Economy,535,80.0,,305.0,Y,Y,Y,1,8,1,23,Monday,False,False,False,Kuala Lumpur International Airport,KUL
Yangon International Airport,RGN,2024-07-15 10:35,Singapore Changi Airport,SIN,2024-07-15 15:20,195,Singapore Airlines,Economy,335,65.0,,350.0,Y,Y,Y,1,7,1,23,Monday,False,False,False,Kuala Lumpur International Airport,KUL
Yangon International Airport,RGN,2024-07-15 06:50,Kuala Lumpur International Airport,KUL,2024-07-15 11:05,165,MAI,Economy,165,,,,Y,Y,Y,1,7,1,30,Monday,False,False,False,Kuala Lumpur International Airport,KUL
Yangon International Airport,RGN,2024-07-15 19:00,Suvarnabhumi Airport,BKK,2024-07-15 21:00,90,THAI,Economy,945,725.0,True,186.0,Y,Y,Y,1,7,2,23,Monday,False,False,False,Kuala Lumpur International Airport,KUL
Yangon International Airport,RGN,2024-07-15 15:10,Kunming Changshui International Airport,KMG,2024-07-15 18:40,120,China Eastern,Economy,1650,1300.0,True,333.0,Y,Y,Y,1,8,2,23,Monday,False,False,False,Kuala Lumpur International Airport,KUL
Yangon International Airport,RGN,2024-07-15 11:35,Suvarnabhumi Airport,BKK,2024-07-15 13:35,90,THAI,Economy,445,220.0,,781.0,Y,Y,Y,1,7,2,23,Monday,False,False,False,Kuala Lumpur International Airport,KUL
Yangon International Airport,RGN,2024-07-15 19:00,Suvarnabhumi Airport,BKK,2024-07-15 21:00,90,THAI,Economy,760,540.0,True,781.0,Y,Y,Y,1,7,2,23,Monday,False,False,False,Kuala Lumpur International Airport,KUL
Yangon International Airport,RGN,2024-07-16 19:50,Kuala Lumpur International Airport,KUL,2024-07-17 00:10,170,AirAsia,Economy,170,,,79.0,Y,N,N,1,7,0,0,Tuesday,False,False,True,Kuala Lumpur International Airport,KUL
Yangon International Airport,RGN,2024-07-16 11:25,Kuala Lumpur International Airport,KUL,2024-07-16 15:50,175,Malaysia Airlines,Economy,175,,,90.0,Y,Y,Y,1,7,1,23,Tuesday,False,False,False,Kuala Lumpur International Airport,KUL
Yangon International Airport,RGN,2024-07-16 11:35,Suvarnabhumi Airport,BKK,2024-07-16 13:35,90,THAI,Economy,405,185.0,,169.0,Y,Y,Y,1,7,2,23,Tuesday,False,False,False,Kuala Lumpur International Airport,KUL
Yangon International Airport,RGN,2024-07-16 06:50,Kuala Lumpur International Airport,KUL,2024-07-16 11:05,165,MAI,Economy,165,,,,Y,Y,Y,1,7,1,30,Tuesday,False,False,False,Kuala Lumpur International Airport,KUL
Yangon International Airport,RGN,2024-07-16 11:35,Suvarnabhumi Airport,BKK,2024-07-16 13:35,90,THAI,Economy,445,220.0,,781.0,Y,Y,Y,1,7,2,23,Tuesday,False,False,False,Kuala Lumpur International Airport,KUL
Yangon International Airport,RGN,2024-07-17 11:25,Kuala Lumpur International Airport,KUL,2024-07-17 15:50,175,Malaysia Airlines,Economy,175,,,90.0,Y,Y,Y,1,7,1,23,Wednesday,False,False,False,Kuala Lumpur International Airport,KUL
Yangon International Airport,RGN,2024-07-17 11:35,Suvarnabhumi Airport,BKK,2024-07-17 13:35,90,THAI,Economy,405,185.0,,169.0,Y,Y,Y,1,7,2,23,Wednesday,False,False,False,Kuala Lumpur International Airport,KUL
Yangon International Airport,RGN,2024-07-17 10:35,Singapore Changi Airport,SIN,2024-07-17 15:20,195,Singapore Airlines,Economy,335,65.0,,350.0,Y,Y,Y,1,7,1,23,Wednesday,False,False,False,Kuala Lumpur International Airport,KUL
Yangon International Airport,RGN,2024-07-17 06:50,Kuala Lumpur International Airport,KUL,2024-07-17 11:05,165,MAI,Economy,165,,,,Y,Y,Y,1,7,1,30,Wednesday,False,False,False,Kuala Lumpur International Airport,KUL
Yangon International Airport,RGN,2024-07-17 19:00,Suvarnabhumi Airport,BKK,2024-07-17 21:00,90,THAI,Economy,945,725.0,True,186.0,Y,Y,Y,1,7,2,23,Wednesday,False,False,False,Kuala Lumpur International Airport,KUL
Yangon International Airport,RGN,2024-07-17 15:10,Kunming Changshui International Airport,KMG,2024-07-17 18:40,120,China Eastern,Economy,1650,1300.0,True,298.0,Y,Y,Y,1,8,2,23,Wednesday,False,False,False,Kuala Lumpur International Airport,KUL
Yangon International Airport,RGN,2024-07-17 11:35,Suvarnabhumi Airport,BKK,2024-07-17 13:35,90,THAI,Economy,445,220.0,,781.0,Y,Y,Y,1,7,2,23,Wednesday,False,False,False,Kuala Lumpur International Airport,KUL
Yangon International Airport,RGN,2024-07-17 19:00,Suvarnabhumi Airport,BKK,2024-07-17 21:00,90,THAI,Economy,760,540.0,True,781.0,Y,Y,Y,1,7,2,23,Wednesday,False,False,False,Kuala Lumpur International Airport,KUL
Yangon International Airport,RGN,2024-07-18 19:50,Kuala Lumpur International Airport,KUL,2024-07-19 00:10,170,AirAsia,Economy,170,,,79.0,Y,N,N,1,7,0,0,Thursday,False,False,True,Kuala Lumpur International Airport,KUL
Yangon International Airport,RGN,2024-07-18 11:25,Kuala Lumpur International Airport,KUL,2024-07-18 15:50,175,Malaysia Airlines,Economy,175,,,90.0,Y,Y,Y,1,7,1,23,Thursday,False,False,False,Kuala Lumpur International Airport,KUL
Yangon International Airport,RGN,2024-07-18 11:35,Suvarnabhumi Airport,BKK,2024-07-18 13:35,90,THAI,Economy,405,185.0,,169.0,Y,Y,Y,1,7,2,23,Thursday,False,False,False,Kuala Lumpur International Airport,KUL
Yangon International Airport,RGN,2024-07-18 06:50,Kuala Lumpur International Airport,KUL,2024-07-18 11:05,165,MAI,Economy,165,,,,Y,Y,Y,1,7,1,30,Thursday,False,False,False,Kuala Lumpur International Airport,KUL
Yangon International Airport,RGN,2024-07-18 11:35,Suvarnabhumi Airport,BKK,2024-07-18 13:35,90,THAI,Economy,445,220.0,,781.0,Y,Y,Y,1,7,2,23,Thursday,False,False,False,Kuala Lumpur International Airport,KUL
Yangon International Airport,RGN,2024-07-19 11:25,Kuala Lumpur International Airport,KUL,2024-07-19 15:50,175,Malaysia Airlines,Economy,175,,,90.0,Y,Y,Y,1,7,1,23,Friday,True,False,False,Kuala Lumpur International Airport,KUL
Yangon International Airport,RGN,2024-07-19 11:35,Suvarnabhumi Airport,BKK,2024-07-19 13:35,90,THAI,Economy,405,185.0,,169.0,Y,Y,Y,1,7,2,23,Friday,True,False,False,Kuala Lumpur International Airport,KUL
Yangon International Airport,RGN,2024-07-19 11:25,Guangzhou Baiyun International Airport,CAN,2024-07-19 16:15,200,China Southern,Economy,535,80.0,,305.0,Y,Y,Y,1,8,1,23,Friday,True,False,False,Kuala Lumpur International Airport,KUL
Yangon International Airport,RGN,2024-07-19 06:50,Kuala Lumpur International Airport,KUL,2024-07-19 11:05,165,MAI,Economy,165,,,,Y,Y,Y,1,7,1,30,Friday,True,False,False,Kuala Lumpur International Airport,KUL
Yangon International Airport,RGN,2024-07-19 19:00,Suvarnabhumi Airport,BKK,2024-07-19 21:00,90,THAI,Economy,1400,1180.0,True,186.0,Y,Y,Y,1,7,2,23,Friday,True,False,False,Kuala Lumpur International Airport,KUL
Yangon International Airport,RGN,2024-07-19 19:00,Suvarnabhumi Airport,BKK,2024-07-19 21:00,90,THAI,Economy,945,725.0,True,242.0,Y,Y,Y,1,7,2,23,Friday,True,False,False,Kuala Lumpur International Airport,KUL
Yangon International Airport,RGN,2024-07-19 15:10,Kunming Changshui International Airport,KMG,2024-07-19 18:40,120,China Eastern,Economy,1650,1300.0,True,333.0,Y,Y,Y,1,8,2,23,Friday,True,False,False,Kuala Lumpur International Airport,KUL
Yangon International Airport,RGN,2024-07-19 10:35,Singapore Changi Airport,SIN,2024-07-19 15:20,195,Singapore Airlines,Economy,335,65.0,,474.0,Y,Y,Y,1,7,1,23,Friday,True,False,False,Kuala Lumpur International Airport,KUL
Yangon International Airport,RGN,2024-07-19 11:35,Suvarnabhumi Airport,BKK,2024-07-19 13:35,90,THAI,Economy,445,220.0,,781.0,Y,Y,Y,1,7,2,23,Friday,True,False,False,Kuala Lumpur International Airport,KUL
Yangon International Airport,RGN,2024-07-19 19:00,Suvarnabhumi Airport,BKK,2024-07-19 21:00,90,THAI,Economy,760,540.0,True,781.0,Y,Y,Y,1,7,2,23,Friday,True,False,False,Kuala Lumpur International Airport,KUL
Yangon International Airport,RGN,2024-07-20 19:50,Kuala Lumpur International Airport,KUL,2024-07-21 00:10,170,AirAsia,Economy,170,,,79.0,Y,N,N,1,7,0,0,Saturday,True,False,True,Kuala Lumpur International Airport,KUL
Yangon International Airport,RGN,2024-07-20 11:25,Kuala Lumpur International Airport,KUL,2024-07-20 15:50,175,Malaysia Airlines,Economy,175,,,90.0,Y,Y,Y,1,7,1,23,Saturday,True,False,False,Kuala Lumpur International Airport,KUL
Yangon International Airport,RGN,2024-07-20 11:35,Suvarnabhumi Airport,BKK,2024-07-20 13:35,90,THAI,Economy,405,185.0,,169.0,Y,Y,Y,1,7,2,23,Saturday,True,False,False,Kuala Lumpur International Airport,KUL
Yangon International Airport,RGN,2024-07-20 06:50,Kuala Lumpur International Airport,KUL,2024-07-20 11:05,165,MAI,Economy,165,,,,Y,Y,Y,1,7,1,30,Saturday,True,False,False,Kuala Lumpur International Airport,KUL
Yangon International Airport,RGN,2024-07-20 11:35,Suvarnabhumi Airport,BKK,2024-07-20 13:35,90,THAI,Economy,445,220.0,,781.0,Y,Y,Y,1,7,2,23,Saturday,True,False,False,Kuala Lumpur International Airport,KUL
Yangon International Airport,RGN,2024-07-21 11:25,Kuala Lumpur International Airport,KUL,2024-07-21 15:50,175,Malaysia Airlines,Economy,175,,,90.0,Y,Y,Y,1,7,1,23,Sunday,False,False,False,Kuala Lumpur International Airport,KUL
Yangon International Airport,RGN,2024-07-21 11:35,Suvarnabhumi Airport,BKK,2024-07-21 13:35,90,THAI,Economy,405,185.0,,169.0,Y,Y,Y,1,7,2,23,Sunday,False,False,False,Kuala Lumpur International Airport,KUL
Yangon International Airport,RGN,2024-07-21 10:35,Singapore Changi Airport,SIN,2024-07-21 15:20,195,Singapore Airlines,Economy,370,100.0,,349.0,Y,Y,Y,1,7,1,23,Sunday,False,False,False,Kuala Lumpur International Airport,KUL
Yangon International Airport,RGN,2024-07-21 06:50,Kuala Lumpur International Airport,KUL,2024-07-21 11:05,165,MAI,Economy,165,,,,Y,Y,Y,1,7,1,30,Sunday,False,False,False,Kuala Lumpur International Airport,KUL
Yangon International Airport,RGN,2024-07-21 19:00,Suvarnabhumi Airport,BKK,2024-07-21 21:00,90,THAI,Economy,1400,1180.0,True,186.0,Y,Y,Y,1,7,2,23,Sunday,False,False,False,Kuala Lumpur International Airport,KUL
Yangon International Airport,RGN,2024-07-21 19:00,Suvarnabhumi Airport,BKK,2024-07-21 21:00,90,THAI,Economy,945,725.0,True,206.0,Y,Y,Y,1,7,2,23,Sunday,False,False,False,Kuala Lumpur International Airport,KUL
Yangon International Airport,RGN,2024-07-21 15:10,Kunming Changshui International Airport,KMG,2024-07-21 18:40,120,China Eastern,Economy,1650,1300.0,True,298.0,Y,Y,Y,1,8,2,23,Sunday,False,False,False,Kuala Lumpur International Airport,KUL
Yangon International Airport,RGN,2024-07-21 11:35,Suvarnabhumi Airport,BKK,2024-07-21 13:35,90,THAI,Economy,445,220.0,,781.0,Y,Y,Y,1,7,2,23,Sunday,False,False,False,Kuala Lumpur International Airport,KUL
Yangon International Airport,RGN,2024-07-21 19:00,Suvarnabhumi Airport,BKK,2024-07-21 21:00,90,THAI,Economy,760,540.0,True,781.0,Y,Y,Y,1,7,2,23,Sunday,False,False,False,Kuala Lumpur International Airport,KUL
Yangon International Airport,RGN,2024-07-22 11:25,Kuala Lumpur International Airport,KUL,2024-07-22 15:50,175,Malaysia Airlines,Economy,175,,,90.0,Y,Y,Y,1,7,1,23,Monday,False,False,False,Kuala Lumpur International Airport,KUL
Yangon International Airport,RGN,2024-07-22 11:35,Suvarnabhumi Airport,BKK,2024-07-22 13:35,90,THAI,Economy,405,185.0,,169.0,Y,Y,Y,1,7,2,23,Monday,False,False,False,Kuala Lumpur International Airport,KUL
Yangon International Airport,RGN,2024-07-22 10:35,Singapore Changi Airport,SIN,2024-07-22 15:20,195,Singapore Airlines,Economy,335,65.0,,350.0,Y,Y,Y,1,7,1,23,Monday,False,False,False,Kuala Lumpur International Airport,KUL
Yangon International Airport,RGN,2024-07-22 06:50,Kuala Lumpur International Airport,KUL,2024-07-22 11:05,165,MAI,Economy,165,,,,Y,Y,Y,1,7,1,30,Monday,False,False,False,Kuala Lumpur International Airport,KUL
Yangon International Airport,RGN,2024-07-22 19:00,Suvarnabhumi Airport,BKK,2024-07-22 21:00,90,THAI,Economy,945,725.0,True,186.0,Y,Y,Y,1,7,2,23,Monday,False,False,False,Kuala Lumpur International Airport,KUL
Yangon International Airport,RGN,2024-07-22 15:10,Kunming Changshui International Airport,KMG,2024-07-22 18:40,120,China Eastern,Economy,1650,1300.0,True,298.0,Y,Y,Y,1,8,2,23,Monday,False,False,False,Kuala Lumpur International Airport,KUL
Yangon International Airport,RGN,2024-07-22 11:35,Suvarnabhumi Airport,BKK,2024-07-22 13:35,90,THAI,Economy,445,220.0,,781.0,Y,Y,Y,1,7,2,23,Monday,False,False,False,Kuala Lumpur International Airport,KUL
Yangon International Airport,RGN,2024-07-22 19:00,Suvarnabhumi Airport,BKK,2024-07-22 21:00,90,THAI,Economy,760,540.0,True,781.0,Y,Y,Y,1,7,2,23,Monday,False,False,False,Kuala Lumpur International Airport,KUL
Yangon International Airport,RGN,2024-07-23 19:50,Kuala Lumpur International Airport,KUL,2024-07-24 00:10,170,AirAsia,Economy,170,,,87.0,Y,N,N,1,7,0,0,Tuesday,False,False,True,Kuala Lumpur International Airport,KUL
Yangon International Airport,RGN,2024-07-23 11:25,Kuala Lumpur International Airport,KUL,2024-07-23 15:50,175,Malaysia Airlines,Economy,175,,,90.0,Y,Y,Y,1,7,1,23,Tuesday,False,False,False,Kuala Lumpur International Airport,KUL
Yangon International Airport,RGN,2024-07-23 11:35,Suvarnabhumi Airport,BKK,2024-07-23 13:35,90,THAI,Economy,405,185.0,,169.0,Y,Y,Y,1,7,2,23,Tuesday,False,False,False,Kuala Lumpur International Airport,KUL
Yangon International Airport,RGN,2024-07-23 06:50,Kuala Lumpur International Airport,KUL,2024-07-23 11:05,165,MAI,Economy,165,,,,Y,Y,Y,1,7,1,30,Tuesday,False,False,False,Kuala Lumpur International Airport,KUL
Yangon International Airport,RGN,2024-07-23 11:35,Suvarnabhumi Airport,BKK,2024-07-23 13:35,90,THAI,Economy,445,220.0,,781.0,Y,Y,Y,1,7,2,23,Tuesday,False,False,False,Kuala Lumpur International Airport,KUL
Yangon International Airport,RGN,2024-07-24 11:25,Kuala Lumpur International Airport,KUL,2024-07-24 15:50,175,Malaysia Airlines,Economy,175,,,90.0,Y,Y,Y,1,7,1,23,Wednesday,False,False,False,Kuala Lumpur International Airport,KUL
Yangon International Airport,RGN,2024-07-24 11:35,Suvarnabhumi Airport,BKK,2024-07-24 13:35,90,THAI,Economy,405,185.0,,169.0,Y,Y,Y,1,7,2,23,Wednesday,False,False,False,Kuala Lumpur International Airport,KUL
Yangon International Airport,RGN,2024-07-24 10:35,Singapore Changi Airport,SIN,2024-07-24 15:20,195,Singapore Airlines,Economy,335,65.0,,350.0,Y,Y,Y,1,7,1,23,Wednesday,False,False,False,Kuala Lumpur International Airport,KUL
Yangon International Airport,RGN,2024-07-24 06:50,Kuala Lumpur International Airport,KUL,2024-07-24 11:05,165,MAI,Economy,165,,,,Y,Y,Y,1,7,1,30,Wednesday,False,False,False,Kuala Lumpur International Airport,KUL
Yangon International Airport,RGN,2024-07-24 19:00,Suvarnabhumi Airport,BKK,2024-07-24 21:00,90,THAI,Economy,945,725.0,True,186.0,Y,Y,Y,1,7,2,23,Wednesday,False,False,False,Kuala Lumpur International Airport,KUL
Yangon International Airport,RGN,2024-07-24 15:10,Kunming Changshui International Airport,KMG,2024-07-24 18:40,120,China Eastern,Economy,1650,1300.0,True,298.0,Y,Y,Y,1,8,2,23,Wednesday,False,False,False,Kuala Lumpur International Airport,KUL
Yangon International Airport,RGN,2024-07-24 11:35,Suvarnabhumi Airport,BKK,2024-07-24 13:35,90,THAI,Economy,445,220.0,,781.0,Y,Y,Y,1,7,2,23,Wednesday,False,False,False,Kuala Lumpur International Airport,KUL
Yangon International Airport,RGN,2024-07-24 19:00,Suvarnabhumi Airport,BKK,2024-07-24 21:00,90,THAI,Economy,760,540.0,True,781.0,Y,Y,Y,1,7,2,23,Wednesday,False,False,False,Kuala Lumpur International Airport,KUL
Yangon International Airport,RGN,2024-07-25 19:50,Kuala Lumpur International Airport,KUL,2024-07-26 00:10,170,AirAsia,Economy,170,,,79.0,Y,N,N,1,7,0,0,Thursday,False,False,True,Kuala Lumpur International Airport,KUL
Yangon International Airport,RGN,2024-07-25 11:25,Kuala Lumpur International Airport,KUL,2024-07-25 15:50,175,Malaysia Airlines,Economy,175,,,90.0,Y,Y,Y,1,7,1,23,Thursday,False,False,False,Kuala Lumpur International Airport,KUL
Yangon International Airport,RGN,2024-07-25 11:35,Suvarnabhumi Airport,BKK,2024-07-25 13:35,90,THAI,Economy,405,185.0,,169.0,Y,Y,Y,1,7,2,23,Thursday,False,False,False,Kuala Lumpur International Airport,KUL
Yangon International Airport,RGN,2024-07-25 06:50,Kuala Lumpur International Airport,KUL,2024-07-25 11:05,165,MAI,Economy,165,,,,Y,Y,Y,1,7,1,30,Thursday,False,False,False,Kuala Lumpur International Airport,KUL
Yangon International Airport,RGN,2024-07-25 11:35,Suvarnabhumi Airport,BKK,2024-07-25 13:35,90,THAI,Economy,445,220.0,,781.0,Y,Y,Y,1,7,2,23,Thursday,False,False,False,Kuala Lumpur International Airport,KUL
Yangon International Airport,RGN,2024-07-26 11:25,Kuala Lumpur International Airport,KUL,2024-07-26 15:50,175,Malaysia Airlines,Economy,175,,,90.0,Y,Y,Y,1,7,1,23,Friday,False,False,False,Kuala Lumpur International Airport,KUL
Yangon International Airport,RGN,2024-07-26 11:35,Suvarnabhumi Airport,BKK,2024-07-26 13:35,90,THAI,Economy,405,185.0,,169.0,Y,Y,Y,1,7,2,23,Friday,False,False,False,Kuala Lumpur International Airport,KUL
Yangon International Airport,RGN,2024-07-26 11:25,Guangzhou Baiyun International Airport,CAN,2024-07-26 16:15,200,China Southern,Economy,535,80.0,,305.0,Y,Y,Y,1,8,1,23,Friday,False,False,False,Kuala Lumpur International Airport,KUL
Yangon International Airport,RGN,2024-07-26 06:50,Kuala Lumpur International Airport,KUL,2024-07-26 11:05,165,MAI,Economy,165,,,,Y,Y,Y,1,7,1,30,Friday,False,False,False,Kuala Lumpur International Airport,KUL
Yangon International Airport,RGN,2024-07-26 19:00,Suvarnabhumi Airport,BKK,2024-07-26 21:00,90,THAI,Economy,945,725.0,True,186.0,Y,Y,Y,1,7,2,23,Friday,False,False,False,Kuala Lumpur International Airport,KUL
Yangon International Airport,RGN,2024-07-26 15:10,Kunming Changshui International Airport,KMG,2024-07-26 18:40,120,China Eastern,Economy,1650,1300.0,True,333.0,Y,Y,Y,1,8,2,23,Friday,False,False,False,Kuala Lumpur International Airport,KUL
Yangon International Airport,RGN,2024-07-26 10:35,Singapore Changi Airport,SIN,2024-07-26 15:20,195,Singapore Airlines,Economy,335,65.0,,474.0,Y,Y,Y,1,7,1,23,Friday,False,False,False,Kuala Lumpur International Airport,KUL
Yangon International Airport,RGN,2024-07-26 11:35,Suvarnabhumi Airport,BKK,2024-07-26 13:35,90,THAI,Economy,445,220.0,,781.0,Y,Y,Y,1,7,2,23,Friday,False,False,False,Kuala Lumpur International Airport,KUL
Yangon International Airport,RGN,2024-07-26 19:00,Suvarnabhumi Airport,BKK,2024-07-26 21:00,90,THAI,Economy,760,540.0,True,781.0,Y,Y,Y,1,7,2,23,Friday,False,False,False,Kuala Lumpur International Airport,KUL
Yangon International Airport,RGN,2024-07-27 19:50,Kuala Lumpur International Airport,KUL,2024-07-28 00:10,170,AirAsia,Economy,170,,,79.0,Y,N,N,1,7,0,0,Saturday,False,False,True,Kuala Lumpur International Airport,KUL
Yangon International Airport,RGN,2024-07-27 11:25,Kuala Lumpur International Airport,KUL,2024-07-27 15:50,175,Malaysia Airlines,Economy,175,,,90.0,Y,Y,Y,1,7,1,23,Saturday,False,False,False,Kuala Lumpur International Airport,KUL
Yangon International Airport,RGN,2024-07-27 11:35,Suvarnabhumi Airport,BKK,2024-07-27 13:35,90,THAI,Economy,405,185.0,,169.0,Y,Y,Y,1,7,2,23,Saturday,False,False,False,Kuala Lumpur International Airport,KUL
Yangon International Airport,RGN,2024-07-27 06:50,Kuala Lumpur International Airport,KUL,2024-07-27 11:05,165,MAI,Economy,165,,,,Y,Y,Y,1,7,1,30,Saturday,False,False,False,Kuala Lumpur International Airport,KUL
Yangon International Airport,RGN,2024-07-27 11:35,Suvarnabhumi Airport,BKK,2024-07-27 13:35,90,THAI,Economy,445,220.0,,781.0,Y,Y,Y,1,7,2,23,Saturday,False,False,False,Kuala Lumpur International Airport,KUL
Yangon International Airport,RGN,2024-07-28 11:25,Kuala Lumpur International Airport,KUL,2024-07-28 15:50,175,Malaysia Airlines,Economy,175,,,90.0,Y,Y,Y,1,7,1,23,Sunday,False,False,False,Kuala Lumpur International Airport,KUL
Yangon International Airport,RGN,2024-07-28 11:35,Suvarnabhumi Airport,BKK,2024-07-28 13:35,90,THAI,Economy,405,185.0,,169.0,Y,Y,Y,1,7,2,23,Sunday,False,False,False,Kuala Lumpur International Airport,KUL
Yangon International Airport,RGN,2024-07-28 10:35,Singapore Changi Airport,SIN,2024-07-28 15:20,195,Singapore Airlines,Economy,370,100.0,,349.0,Y,Y,Y,1,7,1,23,Sunday,False,False,False,Kuala Lumpur International Airport,KUL
Yangon International Airport,RGN,2024-07-28 06:50,Kuala Lumpur International Airport,KUL,2024-07-28 11:05,165,MAI,Economy,165,,,,Y,Y,Y,1,7,1,30,Sunday,False,False,False,Kuala Lumpur International Airport,KUL
Yangon International Airport,RGN,2024-07-28 19:00,Suvarnabhumi Airport,BKK,2024-07-28 21:00,90,THAI,Economy,945,725.0,True,186.0,Y,Y,Y,1,7,2,23,Sunday,False,False,False,Kuala Lumpur International Airport,KUL
Yangon International Airport,RGN,2024-07-28 15:10,Kunming Changshui International Airport,KMG,2024-07-28 18:40,120,China Eastern,Economy,1650,1300.0,True,298.0,Y,Y,Y,1,8,2,23,Sunday,False,False,False,Kuala Lumpur International Airport,KUL
Yangon International Airport,RGN,2024-07-28 11:35,Suvarnabhumi Airport,BKK,2024-07-28 13:35,90,THAI,Economy,445,220.0,,781.0,Y,Y,Y,1,7,2,23,Sunday,False,False,False,Kuala Lumpur International Airport,KUL
Yangon International Airport,RGN,2024-07-28 19:00,Suvarnabhumi Airport,BKK,2024-07-28 21:00,90,THAI,Economy,760,540.0,True,781.0,Y,Y,Y,1,7,2,23,Sunday,False,False,False,Kuala Lumpur International Airport,KUL
Yangon International Airport,RGN,2024-07-29 11:25,Kuala Lumpur International Airport,KUL,2024-07-29 15:50,175,Malaysia Airlines,Economy,175,,,90.0,Y,Y,Y,1,7,1,23,Monday,False,False,False,Kuala Lumpur International Airport,KUL
Yangon International Airport,RGN,2024-07-29 11:35,Suvarnabhumi Airport,BKK,2024-07-29 13:35,90,THAI,Economy,405,185.0,,169.0,Y,Y,Y,1,7,2,23,Monday,False,False,False,Kuala Lumpur International Airport,KUL
Yangon International Airport,RGN,2024-07-29 10:35,Singapore Changi Airport,SIN,2024-07-29 15:20,195,Singapore Airlines,Economy,335,65.0,,350.0,Y,Y,Y,1,7,1,23,Monday,False,False,False,Kuala Lumpur International Airport,KUL
Yangon International Airport,RGN,2024-07-29 06:50,Kuala Lumpur International Airport,KUL,2024-07-29 11:05,165,MAI,Economy,165,,,,Y,Y,Y,1,7,1,30,Monday,False,False,False,Kuala Lumpur International Airport,KUL
Yangon International Airport,RGN,2024-07-29 19:00,Suvarnabhumi Airport,BKK,2024-07-29 21:00,90,THAI,Economy,945,725.0,True,186.0,Y,Y,Y,1,7,2,23,Monday,False,False,False,Kuala Lumpur International Airport,KUL
Yangon International Airport,RGN,2024-07-29 15:10,Kunming Changshui International Airport,KMG,2024-07-29 18:40,120,China Eastern,Economy,1650,1300.0,True,298.0,Y,Y,Y,1,8,2,23,Monday,False,False,False,Kuala Lumpur International Airport,KUL
Yangon International Airport,RGN,2024-07-29 11:35,Suvarnabhumi Airport,BKK,2024-07-29 13:35,90,THAI,Economy,445,220.0,,781.0,Y,Y,Y,1,7,2,23,Monday,False,False,False,Kuala Lumpur International Airport,KUL
Yangon International Airport,RGN,2024-07-29 19:00,Suvarnabhumi Airport,BKK,2024-07-29 21:00,90,THAI,Economy,760,540.0,True,781.0,Y,Y,Y,1,7,2,23,Monday,False,False,False,Kuala Lumpur International Airport,KUL
Yangon International Airport,RGN,2024-07-30 19:50,Kuala Lumpur International Airport,KUL,2024-07-31 00:10,170,AirAsia,Economy,170,,,79.0,Y,N,N,1,7,0,0,Tuesday,False,False,True,Kuala Lumpur International Airport,KUL
Yangon International Airport,RGN,2024-07-30 11:25,Kuala Lumpur International Airport,KUL,2024-07-30 15:50,175,Malaysia Airlines,Economy,175,,,90.0,Y,Y,Y,1,7,1,23,Tuesday,False,False,False,Kuala Lumpur International Airport,KUL
Yangon International Airport,RGN,2024-07-30 11:35,Suvarnabhumi Airport,BKK,2024-07-30 13:35,90,THAI,Economy,405,185.0,,169.0,Y,Y,Y,1,7,2,23,Tuesday,False,False,False,Kuala Lumpur International Airport,KUL
Yangon International Airport,RGN,2024-07-30 06:50,Kuala Lumpur International Airport,KUL,2024-07-30 11:05,165,MAI,Economy,165,,,,Y,Y,Y,1,7,1,30,Tuesday,False,False,False,Kuala Lumpur International Airport,KUL
Yangon International Airport,RGN,2024-07-30 11:35,Suvarnabhumi Airport,BKK,2024-07-30 13:35,90,THAI,Economy,445,220.0,,781.0,Y,Y,Y,1,7,2,23,Tuesday,False,False,False,Kuala Lumpur International Airport,KUL
Yangon International Airport,RGN,2024-07-31 11:25,Kuala Lumpur International Airport,KUL,2024-07-31 15:50,175,Malaysia Airlines,Economy,175,,,90.0,Y,Y,Y,1,7,1,23,Wednesday,False,False,False,Kuala Lumpur International Airport,KUL
Yangon International Airport,RGN,2024-07-31 11:35,Suvarnabhumi Airport,BKK,2024-07-31 13:35,90,THAI,Economy,405,185.0,,169.0,Y,Y,Y,1,7,2,23,Wednesday,False,False,False,Kuala Lumpur International Airport,KUL
Yangon International Airport,RGN,2024-07-31 10:35,Singapore Changi Airport,SIN,2024-07-31 15:20,195,Singapore Airlines,Economy,335,65.0,,350.0,Y,Y,Y,1,7,1,23,Wednesday,False,False,False,Kuala Lumpur International Airport,KUL
Yangon International Airport,RGN,2024-07-31 06:50,Kuala Lumpur International Airport,KUL,2024-07-31 11:05,165,MAI,Economy,165,,,,Y,Y,Y,1,7,1,30,Wednesday,False,False,False,Kuala Lumpur International Airport,KUL
Yangon International Airport,RGN,2024-07-31 19:00,Suvarnabhumi Airport,BKK,2024-07-31 21:00,90,THAI,Economy,945,725.0,True,186.0,Y,Y,Y,1,7,2,23,Wednesday,False,False,False,Kuala Lumpur International Airport,KUL
Yangon International Airport,RGN,2024-07-31 15:10,Kunming Changshui International Airport,KMG,2024-07-31 18:40,120,China Eastern,Economy,1650,1300.0,True,298.0,Y,Y,Y,1,8,2,23,Wednesday,False,False,False,Kuala Lumpur International Airport,KUL
Yangon International Airport,RGN,2024-07-31 11:35,Suvarnabhumi Airport,BKK,2024-07-31 13:35,90,THAI,Economy,445,220.0,,781.0,Y,Y,Y,1,7,2,23,Wednesday,False,False,False,Kuala Lumpur International Airport,KUL
Yangon International Airport,RGN,2024-07-31 19:00,Suvarnabhumi Airport,BKK,2024-07-31 21:00,90,THAI,Economy,760,540.0,True,781.0,Y,Y,Y,1,7,2,23,Wednesday,False,False,False,Kuala Lumpur International Airport,KUL
Yangon International Airport,RGN,2024-08-01 11:25,Kuala Lumpur International Airport,KUL,2024-08-01 15:50,175,Malaysia Airlines,Economy,175,,,68.0,Y,Y,Y,1,7,1,23,Thursday,False,False,False,Kuala Lumpur International Airport,KUL
Yangon International Airport,RGN,2024-08-01 11:25,Suvarnabhumi Airport,BKK,2024-08-01 13:25,90,THAI,Economy,415,195.0,,149.0,Y,Y,Y,1,7,2,23,Thursday,False,False,False,Kuala Lumpur International Airport,KUL
Yangon International Airport,RGN,2024-08-01 10:35,Singapore Changi Airport,SIN,2024-08-01 15:20,195,Singapore Airlines,Economy,335,65.0,,285.0,Y,Y,Y,1,7,1,23,Thursday,False,False,False,Kuala Lumpur International Airport,KUL
Yangon International Airport,RGN,2024-08-01 06:50,Kuala Lumpur International Airport,KUL,2024-08-01 11:05,165,MAI,Economy,165,,,,Y,Y,Y,1,7,1,30,Thursday,False,False,False,Kuala Lumpur International Airport,KUL
Yangon International Airport,RGN,2024-08-01 15:10,Kunming Changshui International Airport,KMG,2024-08-01 18:40,120,China Eastern,Economy,1650,1300.0,True,243.0,Y,Y,Y,1,8,2,23,Thursday,False,False,False,Kuala Lumpur International Airport,KUL
Yangon International Airport,RGN,2024-08-01 19:00,Suvarnabhumi Airport,BKK,2024-08-01 21:00,90,THAI,Economy,945,725.0,True,308.0,Y,Y,Y,1,7,2,23,Thursday,False,False,False,Kuala Lumpur International Airport,KUL
Yangon International Airport,RGN,2024-08-01 19:00,Suvarnabhumi Airport,BKK,2024-08-01 21:00,90,THAI,Economy,760,540.0,True,637.0,Y,Y,Y,1,7,2,23,Thursday,False,False,False,Kuala Lumpur International Airport,KUL
Yangon International Airport,RGN,2024-08-02 11:25,Kuala Lumpur International Airport,KUL,2024-08-02 15:50,175,Malaysia Airlines,Economy,175,,,68.0,Y,Y,Y,1,7,1,23,Friday,False,False,False,Kuala Lumpur International Airport,KUL
Yangon International Airport,RGN,2024-08-02 06:50,Kuala Lumpur International Airport,KUL,2024-08-02 11:05,165,MAI,Economy,165,,,,Y,Y,Y,1,7,1,30,Friday,False,False,False,Kuala Lumpur International Airport,KUL
Yangon International Airport,RGN,2024-08-02 11:25,Suvarnabhumi Airport,BKK,2024-08-02 13:25,90,THAI,Economy,415,195.0,,149.0,Y,Y,Y,1,7,2,23,Friday,False,False,False,Kuala Lumpur International Airport,KUL
Yangon International Airport,RGN,2024-08-02 19:00,Suvarnabhumi Airport,BKK,2024-08-02 21:00,90,THAI,Economy,945,725.0,True,163.0,Y,Y,Y,1,7,2,23,Friday,False,False,False,Kuala Lumpur International Airport,KUL
Yangon International Airport,RGN,2024-08-02 11:25,Guangzhou Baiyun International Airport,CAN,2024-08-02 16:15,200,China Southern,Economy,535,80.0,,217.0,Y,Y,Y,1,8,1,23,Friday,False,False,False,Kuala Lumpur International Airport,KUL
Yangon International Airport,RGN,2024-08-02 10:35,Singapore Changi Airport,SIN,2024-08-02 15:20,195,Singapore Airlines,Economy,335,65.0,,285.0,Y,Y,Y,1,7,1,23,Friday,False,False,False,Kuala Lumpur International Airport,KUL
Yangon International Airport,RGN,2024-08-02 19:00,Suvarnabhumi Airport,BKK,2024-08-02 21:00,90,THAI,Economy,760,540.0,True,637.0,Y,Y,Y,1,7,2,23,Friday,False,False,False,Kuala Lumpur International Airport,KUL
Yangon International Airport,RGN,2024-08-03 11:25,Kuala Lumpur International Airport,KUL,2024-08-03 15:50,175,Malaysia Airlines,Economy,175,,,68.0,Y,Y,Y,1,7,1,23,Saturday,False,False,False,Kuala Lumpur International Airport,KUL
Yangon International Airport,RGN,2024-08-03 19:50,Kuala Lumpur International Airport,KUL,2024-08-04 00:10,170,AirAsia,Economy,170,,,69.0,Y,N,N,1,7,0,0,Saturday,False,False,True,Kuala Lumpur International Airport,KUL
Yangon International Airport,RGN,2024-08-03 11:25,Suvarnabhumi Airport,BKK,2024-08-03 13:25,90,THAI,Economy,415,195.0,,149.0,Y,Y,Y,1,7,2,23,Saturday,False,False,False,Kuala Lumpur International Airport,KUL
Yangon International Airport,RGN,2024-08-03 06:50,Kuala Lumpur International Airport,KUL,2024-08-03 11:05,165,MAI,Economy,165,,,,Y,Y,Y,1,7,1,30,Saturday,False,False,False,Kuala Lumpur International Airport,KUL
Yangon International Airport,RGN,2024-08-04 11:25,Kuala Lumpur International Airport,KUL,2024-08-04 15:50,175,Malaysia Airlines,Economy,175,,,68.0,Y,Y,Y,1,7,1,23,Sunday,False,False,False,Kuala Lumpur International Airport,KUL
Yangon International Airport,RGN,2024-08-04 11:25,Suvarnabhumi Airport,BKK,2024-08-04 13:25,90,THAI,Economy,415,195.0,,149.0,Y,Y,Y,1,7,2,23,Sunday,False,False,False,Kuala Lumpur International Airport,KUL
Yangon International Airport,RGN,2024-08-04 10:35,Singapore Changi Airport,SIN,2024-08-04 15:20,195,Singapore Airlines,Economy,370,100.0,,284.0,Y,Y,Y,1,7,1,23,Sunday,False,False,False,Kuala Lumpur International Airport,KUL
Yangon International Airport,RGN,2024-08-04 06:50,Kuala Lumpur International Airport,KUL,2024-08-04 11:05,165,MAI,Economy,165,,,,Y,Y,Y,1,7,1,30,Sunday,False,False,False,Kuala Lumpur International Airport,KUL
Yangon International Airport,RGN,2024-08-04 19:00,Suvarnabhumi Airport,BKK,2024-08-04 21:00,90,THAI,Economy,1400,1180.0,True,163.0,Y,Y,Y,1,7,2,23,Sunday,False,False,False,Kuala Lumpur International Airport,KUL
Yangon International Airport,RGN,2024-08-04 15:10,Kunming Changshui International Airport,KMG,2024-08-04 18:40,120,China Eastern,Economy,1650,1300.0,True,270.0,Y,Y,Y,1,8,2,23,Sunday,False,False,False,Kuala Lumpur International Airport,KUL
Yangon International Airport,RGN,2024-08-04 19:00,Suvarnabhumi Airport,BKK,2024-08-04 21:00,90,THAI,Economy,945,725.0,True,308.0,Y,Y,Y,1,7,2,23,Sunday,False,False,False,Kuala Lumpur International Airport,KUL
Yangon International Airport,RGN,2024-08-04 19:00,Suvarnabhumi Airport,BKK,2024-08-04 21:00,90,THAI,Economy,760,540.0,True,637.0,Y,Y,Y,1,7,2,23,Sunday,False,False,False,Kuala Lumpur International Airport,KUL
Yangon International Airport,RGN,2024-08-05 11:25,Suvarnabhumi Airport,BKK,2024-08-05 13:25,90,THAI,Economy,415,195.0,,149.0,Y,Y,Y,1,7,2,23,Monday,False,False,False,Kuala Lumpur International Airport,KUL
Yangon International Airport,RGN,2024-08-05 11:25,Guangzhou Baiyun International Airport,CAN,2024-08-05 16:15,200,China Southern,Economy,535,80.0,,217.0,Y,Y,Y,1,8,1,23,Monday,False,False,False,Kuala Lumpur International Airport,KUL
Yangon International Airport,RGN,2024-08-05 10:35,Singapore Changi Airport,SIN,2024-08-05 15:20,195,Singapore Airlines,Economy,370,100.0,,284.0,Y,Y,Y,1,7,1,23,Monday,False,False,False,Kuala Lumpur International Airport,KUL
Yangon International Airport,RGN,2024-08-05 10:35,Singapore Changi Airport,SIN,2024-08-05 15:20,195,Singapore Airlines,Economy,335,65.0,,285.0,Y,Y,Y,1,7,1,23,Monday,False,False,False,Kuala Lumpur International Airport,KUL
Yangon International Airport,RGN,2024-08-05 06:50,Kuala Lumpur International Airport,KUL,2024-08-05 11:05,165,MAI,Economy,165,,,,Y,Y,Y,1,7,1,30,Monday,False,False,False,Kuala Lumpur International Airport,KUL
Yangon International Airport,RGN,2024-08-05 19:00,Suvarnabhumi Airport,BKK,2024-08-05 21:00,90,THAI,Economy,1400,1180.0,True,163.0,Y,Y,Y,1,7,2,23,Monday,False,False,False,Kuala Lumpur International Airport,KUL
Yangon International Airport,RGN,2024-08-05 11:25,Guangzhou Baiyun International Airport,CAN,2024-08-05 16:15,200,China Southern,Economy,1785,1340.0,True,343.0,Y,Y,Y,1,8,1,23,Monday,False,False,False,Kuala Lumpur International Airport,KUL
Yangon International Airport,RGN,2024-08-05 11:25,Suvarnabhumi Airport,BKK,2024-08-05 13:25,90,THAI,Economy,455,230.0,,637.0,Y,Y,Y,1,7,2,23,Monday,False,False,False,Kuala Lumpur International Airport,KUL
Yangon International Airport,RGN,2024-08-06 11:25,Kuala Lumpur International Airport,KUL,2024-08-06 15:50,175,Malaysia Airlines,Economy,175,,,68.0,Y,Y,Y,1,7,1,23,Tuesday,False,False,False,Kuala Lumpur International Airport,KUL
Yangon International Airport,RGN,2024-08-06 11:25,Suvarnabhumi Airport,BKK,2024-08-06 13:25,90,THAI,Economy,415,195.0,,149.0,Y,Y,Y,1,7,2,23,Tuesday,False,False,False,Kuala Lumpur International Airport,KUL
Yangon International Airport,RGN,2024-08-06 10:35,Singapore Changi Airport,SIN,2024-08-06 15:20,195,Singapore Airlines,Economy,335,65.0,,285.0,Y,Y,Y,1,7,1,23,Tuesday,False,False,False,Kuala Lumpur International Airport,KUL
Yangon International Airport,RGN,2024-08-06 06:50,Kuala Lumpur International Airport,KUL,2024-08-06 11:05,165,MAI,Economy,165,,,,Y,Y,Y,1,7,1,30,Tuesday,False,False,False,Kuala Lumpur International Airport,KUL
Yangon International Airport,RGN,2024-08-06 19:00,Suvarnabhumi Airport,BKK,2024-08-06 21:00,90,THAI,Economy,1400,1180.0,True,163.0,Y,Y,Y,1,7,2,23,Tuesday,False,False,False,Kuala Lumpur International Airport,KUL
Yangon International Airport,RGN,2024-08-06 19:00,Suvarnabhumi Airport,BKK,2024-08-06 21:00,90,THAI,Economy,945,725.0,True,171.0,Y,Y,Y,1,7,2,23,Tuesday,False,False,False,Kuala Lumpur International Airport,KUL
Yangon International Airport,RGN,2024-08-06 15:10,Kunming Changshui International Airport,KMG,2024-08-06 18:40,120,China Eastern,Economy,1650,1300.0,True,243.0,Y,Y,Y,1,8,2,23,Tuesday,False,False,False,Kuala Lumpur International Airport,KUL
Yangon International Airport,RGN,2024-08-06 19:00,Suvarnabhumi Airport,BKK,2024-08-06 21:00,90,THAI,Economy,760,540.0,True,637.0,Y,Y,Y,1,7,2,23,Tuesday,False,False,False,Kuala Lumpur International Airport,KUL
Yangon International Airport,RGN,2024-08-07 11:25,Kuala Lumpur International Airport,KUL,2024-08-07 15:50,175,Malaysia Airlines,Economy,175,,,68.0,Y,Y,Y,1,7,1,23,Wednesday,False,False,False,Kuala Lumpur International Airport,KUL
Yangon International Airport,RGN,2024-08-07 11:25,Suvarnabhumi Airport,BKK,2024-08-07 13:25,90,THAI,Economy,415,195.0,,149.0,Y,Y,Y,1,7,2,23,Wednesday,False,False,False,Kuala Lumpur International Airport,KUL
Yangon International Airport,RGN,2024-08-07 11:25,Guangzhou Baiyun International Airport,CAN,2024-08-07 16:15,200,China Southern,Economy,535,80.0,,217.0,Y,Y,Y,1,8,1,23,Wednesday,False,False,False,Kuala Lumpur International Airport,KUL
Yangon International Airport,RGN,2024-08-07 10:35,Singapore Changi Airport,SIN,2024-08-07 15:20,195,Singapore Airlines,Economy,335,65.0,,285.0,Y,Y,Y,1,7,1,23,Wednesday,False,False,False,Kuala Lumpur International Airport,KUL
Yangon International Airport,RGN,2024-08-07 06:50,Kuala Lumpur International Airport,KUL,2024-08-07 11:05,165,MAI,Economy,165,,,,Y,Y,Y,1,7,1,30,Wednesday,False,False,False,Kuala Lumpur International Airport,KUL
Yangon International Airport,RGN,2024-08-07 19:00,Suvarnabhumi Airport,BKK,2024-08-07 21:00,90,THAI,Economy,945,725.0,True,163.0,Y,Y,Y,1,7,2,23,Wednesday,False,False,False,Kuala Lumpur International Airport,KUL
Yangon International Airport,RGN,2024-08-07 15:10,Kunming Changshui International Airport,KMG,2024-08-07 18:40,120,China Eastern,Economy,1650,1300.0,True,380.0,Y,Y,Y,1,8,2,23,Wednesday,False,False,False,Kuala Lumpur International Airport,KUL
Yangon International Airport,RGN,2024-08-07 19:00,Suvarnabhumi Airport,BKK,2024-08-07 21:00,90,THAI,Economy,760,540.0,True,637.0,Y,Y,Y,1,7,2,23,Wednesday,False,False,False,Kuala Lumpur International Airport,KUL
Yangon International Airport,RGN,2024-08-08 11:25,Kuala Lumpur International Airport,KUL,2024-08-08 15:50,175,Malaysia Airlines,Economy,175,,,68.0,Y,Y,Y,1,7,1,23,Thursday,False,False,False,Kuala Lumpur International Airport,KUL
Yangon International Airport,RGN,2024-08-08 19:50,Kuala Lumpur International Airport,KUL,2024-08-09 00:10,170,AirAsia,Economy,170,,,69.0,Y,N,N,1,7,0,0,Thursday,False,False,True,Kuala Lumpur International Airport,KUL
Yangon International Airport,RGN,2024-08-08 11:25,Suvarnabhumi Airport,BKK,2024-08-08 13:25,90,THAI,Economy,415,195.0,,149.0,Y,Y,Y,1,7,2,23,Thursday,False,False,False,Kuala Lumpur International Airport,KUL
Yangon International Airport,RGN,2024-08-08 06:50,Kuala Lumpur International Airport,KUL,2024-08-08 11:05,165,MAI,Economy,165,,,,Y,Y,Y,1,7,1,30,Thursday,False,False,False,Kuala Lumpur International Airport,KUL
Yangon International Airport,RGN,2024-08-09 11:25,Kuala Lumpur International Airport,KUL,2024-08-09 15:50,175,Malaysia Airlines,Economy,175,,,68.0,Y,Y,Y,1,7,1,23,Friday,False,False,False,Kuala Lumpur International Airport,KUL
Yangon International Airport,RGN,2024-08-09 06:50,Kuala Lumpur International Airport,KUL,2024-08-09 11:05,165,MAI,Economy,165,,,,Y,Y,Y,1,7,1,30,Friday,False,False,False,Kuala Lumpur International Airport,KUL
Yangon International Airport,RGN,2024-08-09 11:25,Suvarnabhumi Airport,BKK,2024-08-09 13:25,90,THAI,Economy,415,195.0,,149.0,Y,Y,Y,1,7,2,23,Friday,False,False,False,Kuala Lumpur International Airport,KUL
Yangon International Airport,RGN,2024-08-09 19:00,Suvarnabhumi Airport,BKK,2024-08-09 21:00,90,THAI,Economy,945,725.0,True,163.0,Y,Y,Y,1,7,2,23,Friday,False,False,False,Kuala Lumpur International Airport,KUL
Yangon International Airport,RGN,2024-08-09 11:25,Guangzhou Baiyun International Airport,CAN,2024-08-09 16:15,200,China Southern,Economy,535,80.0,,217.0,Y,Y,Y,1,8,1,23,Friday,False,False,False,Kuala Lumpur International Airport,KUL
Yangon International Airport,RGN,2024-08-09 10:35,Singapore Changi Airport,SIN,2024-08-09 15:20,195,Singapore Airlines,Economy,335,65.0,,285.0,Y,Y,Y,1,7,1,23,Friday,False,False,False,Kuala Lumpur International Airport,KUL
Yangon International Airport,RGN,2024-08-09 19:00,Suvarnabhumi Airport,BKK,2024-08-09 21:00,90,THAI,Economy,760,540.0,True,637.0,Y,Y,Y,1,7,2,23,Friday,False,False,False,Kuala Lumpur International Airport,KUL
Yangon International Airport,RGN,2024-08-10 19:50,Kuala Lumpur International Airport,KUL,2024-08-11 00:10,170,AirAsia,Economy,170,,,59.0,Y,N,N,1,7,0,0,Saturday,False,False,True,Kuala Lumpur International Airport,KUL
Yangon International Airport,RGN,2024-08-10 11:25,Kuala Lumpur International Airport,KUL,2024-08-10 15:50,175,Malaysia Airlines,Economy,175,,,68.0,Y,Y,Y,1,7,1,23,Saturday,False,False,False,Kuala Lumpur International Airport,KUL
Yangon International Airport,RGN,2024-08-10 11:25,Suvarnabhumi Airport,BKK,2024-08-10 13:25,90,THAI,Economy,415,195.0,,149.0,Y,Y,Y,1,7,2,23,Saturday,False,False,False,Kuala Lumpur International Airport,KUL
Yangon International Airport,RGN,2024-08-10 06:50,Kuala Lumpur International Airport,KUL,2024-08-10 11:05,165,MAI,Economy,165,,,,Y,Y,Y,1,7,1,30,Saturday,False,False,False,Kuala Lumpur International Airport,KUL
Yangon International Airport,RGN,2024-08-11 11:25,Kuala Lumpur International Airport,KUL,2024-08-11 15:50,175,Malaysia Airlines,Economy,175,,,68.0,Y,Y,Y,1,7,1,23,Sunday,False,False,False,Kuala Lumpur International Airport,KUL
Yangon International Airport,RGN,2024-08-11 06:50,Kuala Lumpur International Airport,KUL,2024-08-11 11:05,165,MAI,Economy,165,,,,Y,Y,Y,1,7,1,30,Sunday,False,False,False,Kuala Lumpur International Airport,KUL
Yangon International Airport,RGN,2024-08-11 11:25,Suvarnabhumi Airport,BKK,2024-08-11 13:25,90,THAI,Economy,415,195.0,,149.0,Y,Y,Y,1,7,2,23,Sunday,False,False,False,Kuala Lumpur International Airport,KUL
Yangon International Airport,RGN,2024-08-11 19:00,Suvarnabhumi Airport,BKK,2024-08-11 21:00,90,THAI,Economy,945,725.0,True,163.0,Y,Y,Y,1,7,2,23,Sunday,False,False,False,Kuala Lumpur International Airport,KUL
Yangon International Airport,RGN,2024-08-11 15:10,Kunming Changshui International Airport,KMG,2024-08-11 18:40,120,China Eastern,Economy,1650,1300.0,True,243.0,Y,Y,Y,1,8,2,23,Sunday,False,False,False,Kuala Lumpur International Airport,KUL
Yangon International Airport,RGN,2024-08-11 10:35,Singapore Changi Airport,SIN,2024-08-11 15:20,195,Singapore Airlines,Economy,370,100.0,,284.0,Y,Y,Y,1,7,1,23,Sunday,False,False,False,Kuala Lumpur International Airport,KUL
Yangon International Airport,RGN,2024-08-11 19:00,Suvarnabhumi Airport,BKK,2024-08-11 21:00,90,THAI,Economy,760,540.0,True,637.0,Y,Y,Y,1,7,2,23,Sunday,False,False,False,Kuala Lumpur International Airport,KUL
Yangon International Airport,RGN,2024-08-12 11:25,Kuala Lumpur International Airport,KUL,2024-08-12 15:50,175,Malaysia Airlines,Economy,175,,,68.0,Y,Y,Y,1,7,1,23,Monday,False,False,False,Kuala Lumpur International Airport,KUL
Yangon International Airport,RGN,2024-08-12 11:25,Suvarnabhumi Airport,BKK,2024-08-12 13:25,90,THAI,Economy,415,195.0,,149.0,Y,Y,Y,1,7,2,23,Monday,False,False,False,Kuala Lumpur International Airport,KUL
Yangon International Airport,RGN,2024-08-12 11:25,Guangzhou Baiyun International Airport,CAN,2024-08-12 16:15,200,China Southern,Economy,535,80.0,,217.0,Y,Y,Y,1,8,1,23,Monday,False,False,False,Kuala Lumpur International Airport,KUL
Yangon International Airport,RGN,2024-08-12 10:35,Singapore Changi Airport,SIN,2024-08-12 15:20,195,Singapore Airlines,Economy,335,65.0,,285.0,Y,Y,Y,1,7,1,23,Monday,False,False,False,Kuala Lumpur International Airport,KUL
Yangon International Airport,RGN,2024-08-12 06:50,Kuala Lumpur International Airport,KUL,2024-08-12 11:05,165,MAI,Economy,165,,,,Y,Y,Y,1,7,1,30,Monday,False,False,False,Kuala Lumpur International Airport,KUL
Yangon International Airport,RGN,2024-08-12 19:00,Suvarnabhumi Airport,BKK,2024-08-12 21:00,90,THAI,Economy,1400,1180.0,True,163.0,Y,Y,Y,1,7,2,23,Monday,False,False,False,Kuala Lumpur International Airport,KUL
Yangon International Airport,RGN,2024-08-12 19:00,Suvarnabhumi Airport,BKK,2024-08-12 21:00,90,THAI,Economy,945,725.0,True,171.0,Y,Y,Y,1,7,2,23,Monday,False,False,False,Kuala Lumpur International Airport,KUL
Yangon International Airport,RGN,2024-08-12 19:00,Suvarnabhumi Airport,BKK,2024-08-12 21:00,90,THAI,Economy,760,540.0,True,637.0,Y,Y,Y,1,7,2,23,Monday,False,False,False,Kuala Lumpur International Airport,KUL
Yangon International Airport,RGN,2024-08-13 19:50,Kuala Lumpur International Airport,KUL,2024-08-14 00:10,170,AirAsia,Economy,170,,,59.0,Y,N,N,1,7,0,0,Tuesday,False,False,True,Kuala Lumpur International Airport,KUL
Yangon International Airport,RGN,2024-08-13 11:25,Kuala Lumpur International Airport,KUL,2024-08-13 15:50,175,Malaysia Airlines,Economy,175,,,68.0,Y,Y,Y,1,7,1,23,Tuesday,False,False,False,Kuala Lumpur International Airport,KUL
Yangon International Airport,RGN,2024-08-13 11:25,Suvarnabhumi Airport,BKK,2024-08-13 13:25,90,THAI,Economy,415,195.0,,149.0,Y,Y,Y,1,7,2,23,Tuesday,False,False,False,Kuala Lumpur International Airport,KUL
Yangon International Airport,RGN,2024-08-13 06:50,Kuala Lumpur International Airport,KUL,2024-08-13 11:05,165,MAI,Economy,165,,,,Y,Y,Y,1,7,1,30,Tuesday,False,False,False,Kuala Lumpur International Airport,KUL
Yangon International Airport,RGN,2024-08-14 11:25,Kuala Lumpur International Airport,KUL,2024-08-14 15:50,175,Malaysia Airlines,Economy,175,,,68.0,Y,Y,Y,1,7,1,23,Wednesday,False,False,False,Kuala Lumpur International Airport,KUL
Yangon International Airport,RGN,2024-08-14 11:25,Suvarnabhumi Airport,BKK,2024-08-14 13:25,90,THAI,Economy,415,195.0,,149.0,Y,Y,Y,1,7,2,23,Wednesday,False,False,False,Kuala Lumpur International Airport,KUL
Yangon International Airport,RGN,2024-08-14 11:25,Guangzhou Baiyun International Airport,CAN,2024-08-14 16:15,200,China Southern,Economy,535,80.0,,217.0,Y,Y,Y,1,8,1,23,Wednesday,False,False,False,Kuala Lumpur International Airport,KUL
Yangon International Airport,RGN,2024-08-14 10:35,Singapore Changi Airport,SIN,2024-08-14 15:20,195,Singapore Airlines,Economy,335,65.0,,285.0,Y,Y,Y,1,7,1,23,Wednesday,False,False,False,Kuala Lumpur International Airport,KUL
Yangon International Airport,RGN,2024-08-14 06:50,Kuala Lumpur International Airport,KUL,2024-08-14 11:05,165,MAI,Economy,165,,,,Y,Y,Y,1,7,1,30,Wednesday,False,False,False,Kuala Lumpur International Airport,KUL
Yangon International Airport,RGN,2024-08-14 19:00,Suvarnabhumi Airport,BKK,2024-08-14 21:00,90,THAI,Economy,945,725.0,True,163.0,Y,Y,Y,1,7,2,23,Wednesday,False,False,False,Kuala Lumpur International Airport,KUL
Yangon International Airport,RGN,2024-08-14 15:10,Kunming Changshui International Airport,KMG,2024-08-14 18:40,120,China Eastern,Economy,1650,1300.0,True,243.0,Y,Y,Y,1,8,2,23,Wednesday,False,False,False,Kuala Lumpur International Airport,KUL
Yangon International Airport,RGN,2024-08-14 19:00,Suvarnabhumi Airport,BKK,2024-08-14 21:00,90,THAI,Economy,760,540.0,True,637.0,Y,Y,Y,1,7,2,23,Wednesday,False,False,False,Kuala Lumpur International Airport,KUL
Yangon International Airport,RGN,2024-08-15 19:50,Kuala Lumpur International Airport,KUL,2024-08-16 00:10,170,AirAsia,Economy,170,,,59.0,Y,N,N,1,7,0,0,Thursday,False,False,True,Kuala Lumpur International Airport,KUL
Yangon International Airport,RGN,2024-08-15 11:25,Kuala Lumpur International Airport,KUL,2024-08-15 15:50,175,Malaysia Airlines,Economy,175,,,68.0,Y,Y,Y,1,7,1,23,Thursday,False,False,False,Kuala Lumpur International Airport,KUL
Yangon International Airport,RGN,2024-08-15 11:25,Suvarnabhumi Airport,BKK,2024-08-15 13:25,90,THAI,Economy,415,195.0,,149.0,Y,Y,Y,1,7,2,23,Thursday,False,False,False,Kuala Lumpur International Airport,KUL
Yangon International Airport,RGN,2024-08-15 06:50,Kuala Lumpur International Airport,KUL,2024-08-15 11:05,165,MAI,Economy,165,,,,Y,Y,Y,1,7,1,30,Thursday,False,False,False,Kuala Lumpur International Airport,KUL
Yangon International Airport,RGN,2024-08-16 11:25,Kuala Lumpur International Airport,KUL,2024-08-16 15:50,175,Malaysia Airlines,Economy,175,,,68.0,Y,Y,Y,1,7,1,23,Friday,False,False,False,Kuala Lumpur International Airport,KUL
Yangon International Airport,RGN,2024-08-16 06:50,Kuala Lumpur International Airport,KUL,2024-08-16 11:05,165,MAI,Economy,165,,,,Y,Y,Y,1,7,1,30,Friday,False,False,False,Kuala Lumpur International Airport,KUL
Yangon International Airport,RGN,2024-08-16 11:25,Suvarnabhumi Airport,BKK,2024-08-16 13:25,90,THAI,Economy,415,195.0,,149.0,Y,Y,Y,1,7,2,23,Friday,False,False,False,Kuala Lumpur International Airport,KUL
Yangon International Airport,RGN,2024-08-16 19:00,Suvarnabhumi Airport,BKK,2024-08-16 21:00,90,THAI,Economy,945,725.0,True,163.0,Y,Y,Y,1,7,2,23,Friday,False,False,False,Kuala Lumpur International Airport,KUL
Yangon International Airport,RGN,2024-08-16 11:25,Guangzhou Baiyun International Airport,CAN,2024-08-16 16:15,200,China Southern,Economy,535,80.0,,217.0,Y,Y,Y,1,8,1,23,Friday,False,False,False,Kuala Lumpur International Airport,KUL
Yangon International Airport,RGN,2024-08-16 10:35,Singapore Changi Airport,SIN,2024-08-16 15:20,195,Singapore Airlines,Economy,335,65.0,,285.0,Y,Y,Y,1,7,1,23,Friday,False,False,False,Kuala Lumpur International Airport,KUL
Yangon International Airport,RGN,2024-08-16 19:00,Suvarnabhumi Airport,BKK,2024-08-16 21:00,90,THAI,Economy,760,540.0,True,637.0,Y,Y,Y,1,7,2,23,Friday,False,False,False,Kuala Lumpur International Airport,KUL
Yangon International Airport,RGN,2024-08-17 19:50,Kuala Lumpur International Airport,KUL,2024-08-18 00:10,170,AirAsia,Economy,170,,,59.0,Y,N,N,1,7,0,0,Saturday,False,False,True,Kuala Lumpur International Airport,KUL
Yangon International Airport,RGN,2024-08-17 11:25,Kuala Lumpur International Airport,KUL,2024-08-17 15:50,175,Malaysia Airlines,Economy,175,,,68.0,Y,Y,Y,1,7,1,23,Saturday,False,False,False,Kuala Lumpur International Airport,KUL
Yangon International Airport,RGN,2024-08-17 11:25,Suvarnabhumi Airport,BKK,2024-08-17 13:25,90,THAI,Economy,415,195.0,,149.0,Y,Y,Y,1,7,2,23,Saturday,False,False,False,Kuala Lumpur International Airport,KUL
Yangon International Airport,RGN,2024-08-17 06:50,Kuala Lumpur International Airport,KUL,2024-08-17 11:05,165,MAI,Economy,165,,,,Y,Y,Y,1,7,1,30,Saturday,False,False,False,Kuala Lumpur International Airport,KUL
Yangon International Airport,RGN,2024-08-18 11:25,Kuala Lumpur International Airport,KUL,2024-08-18 15:50,175,Malaysia Airlines,Economy,175,,,68.0,Y,Y,Y,1,7,1,23,Sunday,False,False,False,Kuala Lumpur International Airport,KUL
Yangon International Airport,RGN,2024-08-18 11:25,Suvarnabhumi Airport,BKK,2024-08-18 13:25,90,THAI,Economy,415,195.0,,149.0,Y,Y,Y,1,7,2,23,Sunday,False,False,False,Kuala Lumpur International Airport,KUL
Yangon International Airport,RGN,2024-08-18 10:35,Singapore Changi Airport,SIN,2024-08-18 15:20,195,Singapore Airlines,Economy,370,100.0,,284.0,Y,Y,Y,1,7,1,23,Sunday,False,False,False,Kuala Lumpur International Airport,KUL
Yangon International Airport,RGN,2024-08-18 06:50,Kuala Lumpur International Airport,KUL,2024-08-18 11:05,165,MAI,Economy,165,,,,Y,Y,Y,1,7,1,30,Sunday,False,False,False,Kuala Lumpur International Airport,KUL
Yangon International Airport,RGN,2024-08-18 19:00,Suvarnabhumi Airport,BKK,2024-08-18 21:00,90,THAI,Economy,1400,1180.0,True,163.0,Y,Y,Y,1,7,2,23,Sunday,False,False,False,Kuala Lumpur International Airport,KUL
Yangon International Airport,RGN,2024-08-18 15:10,Kunming Changshui International Airport,KMG,2024-08-18 18:40,120,China Eastern,Economy,1650,1300.0,True,226.0,Y,Y,Y,1,8,2,23,Sunday,False,False,False,Kuala Lumpur International Airport,KUL
Yangon International Airport,RGN,2024-08-18 19:00,Suvarnabhumi Airport,BKK,2024-08-18 21:00,90,THAI,Economy,945,725.0,True,257.0,Y,Y,Y,1,7,2,23,Sunday,False,False,False,Kuala Lumpur International Airport,KUL
Yangon International Airport,RGN,2024-08-18 19:00,Suvarnabhumi Airport,BKK,2024-08-18 21:00,90,THAI,Economy,760,540.0,True,637.0,Y,Y,Y,1,7,2,23,Sunday,False,False,False,Kuala Lumpur International Airport,KUL
Yangon International Airport,RGN,2024-08-19 11:25,Kuala Lumpur International Airport,KUL,2024-08-19 15:50,175,Malaysia Airlines,Economy,175,,,68.0,Y,Y,Y,1,7,1,23,Monday,False,False,False,Kuala Lumpur International Airport,KUL
Yangon International Airport,RGN,2024-08-19 06:50,Kuala Lumpur International Airport,KUL,2024-08-19 11:05,165,MAI,Economy,165,,,,Y,Y,Y,1,7,1,30,Monday,False,False,False,Kuala Lumpur International Airport,KUL
Yangon International Airport,RGN,2024-08-19 11:25,Suvarnabhumi Airport,BKK,2024-08-19 13:25,90,THAI,Economy,415,195.0,,149.0,Y,Y,Y,1,7,2,23,Monday,False,False,False,Kuala Lumpur International Airport,KUL
Yangon International Airport,RGN,2024-08-19 19:00,Suvarnabhumi Airport,BKK,2024-08-19 21:00,90,THAI,Economy,945,725.0,True,163.0,Y,Y,Y,1,7,2,23,Monday,False,False,False,Kuala Lumpur International Airport,KUL
Yangon International Airport,RGN,2024-08-19 11:25,Guangzhou Baiyun International Airport,CAN,2024-08-19 16:15,200,China Southern,Economy,535,80.0,,217.0,Y,Y,Y,1,8,1,23,Monday,False,False,False,Kuala Lumpur International Airport,KUL
Yangon International Airport,RGN,2024-08-19 10:35,Singapore Changi Airport,SIN,2024-08-19 15:20,195,Singapore Airlines,Economy,335,65.0,,285.0,Y,Y,Y,1,7,1,23,Monday,False,False,False,Kuala Lumpur International Airport,KUL
Yangon International Airport,RGN,2024-08-19 19:00,Suvarnabhumi Airport,BKK,2024-08-19 21:00,90,THAI,Economy,760,540.0,True,637.0,Y,Y,Y,1,7,2,23,Monday,False,False,False,Kuala Lumpur International Airport,KUL
Yangon International Airport,RGN,2024-08-20 19:50,Kuala Lumpur International Airport,KUL,2024-08-21 00:10,170,AirAsia,Economy,170,,,59.0,Y,N,N,1,7,0,0,Tuesday,False,False,True,Kuala Lumpur International Airport,KUL
Yangon International Airport,RGN,2024-08-20 11:25,Kuala Lumpur International Airport,KUL,2024-08-20 15:50,175,Malaysia Airlines,Economy,175,,,68.0,Y,Y,Y,1,7,1,23,Tuesday,False,False,False,Kuala Lumpur International Airport,KUL
Yangon International Airport,RGN,2024-08-20 11:25,Suvarnabhumi Airport,BKK,2024-08-20 13:25,90,THAI,Economy,415,195.0,,149.0,Y,Y,Y,1,7,2,23,Tuesday,False,False,False,Kuala Lumpur International Airport,KUL
Yangon International Airport,RGN,2024-08-20 06:50,Kuala Lumpur International Airport,KUL,2024-08-20 11:05,165,MAI,Economy,165,,,,Y,Y,Y,1,7,1,30,Tuesday,False,False,False,Kuala Lumpur International Airport,KUL
Yangon International Airport,RGN,2024-08-21 11:25,Kuala Lumpur International Airport,KUL,2024-08-21 15:50,175,Malaysia Airlines,Economy,175,,,68.0,Y,Y,Y,1,7,1,23,Wednesday,False,False,False,Kuala Lumpur International Airport,KUL
Yangon International Airport,RGN,2024-08-21 11:25,Suvarnabhumi Airport,BKK,2024-08-21 13:25,90,THAI,Economy,415,195.0,,149.0,Y,Y,Y,1,7,2,23,Wednesday,False,False,False,Kuala Lumpur International Airport,KUL
Yangon International Airport,RGN,2024-08-21 11:25,Guangzhou Baiyun International Airport,CAN,2024-08-21 16:15,200,China Southern,Economy,535,80.0,,217.0,Y,Y,Y,1,8,1,23,Wednesday,False,False,False,Kuala Lumpur International Airport,KUL
Yangon International Airport,RGN,2024-08-21 10:35,Singapore Changi Airport,SIN,2024-08-21 15:20,195,Singapore Airlines,Economy,335,65.0,,285.0,Y,Y,Y,1,7,1,23,Wednesday,False,False,False,Kuala Lumpur International Airport,KUL
Yangon International Airport,RGN,2024-08-21 06:50,Kuala Lumpur International Airport,KUL,2024-08-21 11:05,165,MAI,Economy,165,,,,Y,Y,Y,1,7,1,30,Wednesday,False,False,False,Kuala Lumpur International Airport,KUL
Yangon International Airport,RGN,2024-08-21 19:00,Suvarnabhumi Airport,BKK,2024-08-21 21:00,90,THAI,Economy,945,725.0,True,163.0,Y,Y,Y,1,7,2,23,Wednesday,False,False,False,Kuala Lumpur International Airport,KUL
Yangon International Airport,RGN,2024-08-21 15:10,Kunming Changshui International Airport,KMG,2024-08-21 18:40,120,China Eastern,Economy,1650,1300.0,True,224.0,Y,Y,Y,1,8,2,23,Wednesday,False,False,False,Kuala Lumpur International Airport,KUL
Yangon International Airport,RGN,2024-08-21 19:00,Suvarnabhumi Airport,BKK,2024-08-21 21:00,90,THAI,Economy,760,540.0,True,637.0,Y,Y,Y,1,7,2,23,Wednesday,False,False,False,Kuala Lumpur International Airport,KUL
Yangon International Airport,RGN,2024-08-22 19:50,Kuala Lumpur International Airport,KUL,2024-08-23 00:10,170,AirAsia,Economy,170,,,59.0,Y,N,N,1,7,0,0,Thursday,False,False,True,Kuala Lumpur International Airport,KUL
Yangon International Airport,RGN,2024-08-22 11:25,Kuala Lumpur International Airport,KUL,2024-08-22 15:50,175,Malaysia Airlines,Economy,175,,,68.0,Y,Y,Y,1,7,1,23,Thursday,False,False,False,Kuala Lumpur International Airport,KUL
Yangon International Airport,RGN,2024-08-22 11:25,Suvarnabhumi Airport,BKK,2024-08-22 13:25,90,THAI,Economy,415,195.0,,149.0,Y,Y,Y,1,7,2,23,Thursday,False,False,False,Kuala Lumpur International Airport,KUL
Yangon International Airport,RGN,2024-08-22 06:50,Kuala Lumpur International Airport,KUL,2024-08-22 11:05,165,MAI,Economy,165,,,,Y,Y,Y,1,7,1,30,Thursday,False,False,False,Kuala Lumpur International Airport,KUL
Yangon International Airport,RGN,2024-08-23 11:25,Kuala Lumpur International Airport,KUL,2024-08-23 15:50,175,Malaysia Airlines,Economy,175,,,68.0,Y,Y,Y,1,7,1,23,Friday,False,False,False,Kuala Lumpur International Airport,KUL
Yangon International Airport,RGN,2024-08-23 06:50,Kuala Lumpur International Airport,KUL,2024-08-23 11:05,165,MAI,Economy,165,,,,Y,Y,Y,1,7,1,30,Friday,False,False,False,Kuala Lumpur International Airport,KUL
Yangon International Airport,RGN,2024-08-23 11:25,Suvarnabhumi Airport,BKK,2024-08-23 13:25,90,THAI,Economy,415,195.0,,149.0,Y,Y,Y,1,7,2,23,Friday,False,False,False,Kuala Lumpur International Airport,KUL
Yangon International Airport,RGN,2024-08-23 19:00,Suvarnabhumi Airport,BKK,2024-08-23 21:00,90,THAI,Economy,945,725.0,True,163.0,Y,Y,Y,1,7,2,23,Friday,False,False,False,Kuala Lumpur International Airport,KUL
Yangon International Airport,RGN,2024-08-23 11:25,Guangzhou Baiyun International Airport,CAN,2024-08-23 16:15,200,China Southern,Economy,535,80.0,,217.0,Y,Y,Y,1,8,1,23,Friday,False,False,False,Kuala Lumpur International Airport,KUL
Yangon International Airport,RGN,2024-08-23 10:35,Singapore Changi Airport,SIN,2024-08-23 15:20,195,Singapore Airlines,Economy,335,65.0,,285.0,Y,Y,Y,1,7,1,23,Friday,False,False,False,Kuala Lumpur International Airport,KUL
Yangon International Airport,RGN,2024-08-23 19:00,Suvarnabhumi Airport,BKK,2024-08-23 21:00,90,THAI,Economy,760,540.0,True,637.0,Y,Y,Y,1,7,2,23,Friday,False,False,False,Kuala Lumpur International Airport,KUL
Yangon International Airport,RGN,2024-08-24 19:50,Kuala Lumpur International Airport,KUL,2024-08-25 00:10,170,AirAsia,Economy,170,,,59.0,Y,N,N,1,7,0,0,Saturday,False,False,True,Kuala Lumpur International Airport,KUL
Yangon International Airport,RGN,2024-08-24 11:25,Kuala Lumpur International Airport,KUL,2024-08-24 15:50,175,Malaysia Airlines,Economy,175,,,68.0,Y,Y,Y,1,7,1,23,Saturday,False,False,False,Kuala Lumpur International Airport,KUL
Yangon International Airport,RGN,2024-08-24 11:25,Suvarnabhumi Airport,BKK,2024-08-24 13:25,90,THAI,Economy,415,195.0,,149.0,Y,Y,Y,1,7,2,23,Saturday,False,False,False,Kuala Lumpur International Airport,KUL
Yangon International Airport,RGN,2024-08-24 06:50,Kuala Lumpur International Airport,KUL,2024-08-24 11:05,165,MAI,Economy,165,,,,Y,Y,Y,1,7,1,30,Saturday,False,False,False,Kuala Lumpur International Airport,KUL
Yangon International Airport,RGN,2024-08-25 11:25,Kuala Lumpur International Airport,KUL,2024-08-25 15:50,175,Malaysia Airlines,Economy,175,,,68.0,Y,Y,Y,1,7,1,23,Sunday,False,False,False,Kuala Lumpur International Airport,KUL
Yangon International Airport,RGN,2024-08-25 06:50,Kuala Lumpur International Airport,KUL,2024-08-25 11:05,165,MAI,Economy,165,,,,Y,Y,Y,1,7,1,30,Sunday,False,False,False,Kuala Lumpur International Airport,KUL
Yangon International Airport,RGN,2024-08-25 11:25,Suvarnabhumi Airport,BKK,2024-08-25 13:25,90,THAI,Economy,415,195.0,,149.0,Y,Y,Y,1,7,2,23,Sunday,False,False,False,Kuala Lumpur International Airport,KUL
Yangon International Airport,RGN,2024-08-25 19:00,Suvarnabhumi Airport,BKK,2024-08-25 21:00,90,THAI,Economy,945,725.0,True,163.0,Y,Y,Y,1,7,2,23,Sunday,False,False,False,Kuala Lumpur International Airport,KUL
Yangon International Airport,RGN,2024-08-25 15:10,Kunming Changshui International Airport,KMG,2024-08-25 18:40,120,China Eastern,Economy,1650,1300.0,True,224.0,Y,Y,Y,1,8,2,23,Sunday,False,False,False,Kuala Lumpur International Airport,KUL
Yangon International Airport,RGN,2024-08-25 10:35,Singapore Changi Airport,SIN,2024-08-25 15:20,195,Singapore Airlines,Economy,370,100.0,,284.0,Y,Y,Y,1,7,1,23,Sunday,False,False,False,Kuala Lumpur International Airport,KUL
Yangon International Airport,RGN,2024-08-25 19:00,Suvarnabhumi Airport,BKK,2024-08-25 21:00,90,THAI,Economy,760,540.0,True,637.0,Y,Y,Y,1,7,2,23,Sunday,False,False,False,Kuala Lumpur International Airport,KUL
Yangon International Airport,RGN,2024-08-26 11:25,Kuala Lumpur International Airport,KUL,2024-08-26 15:50,175,Malaysia Airlines,Economy,175,,,68.0,Y,Y,Y,1,7,1,23,Monday,False,False,False,Kuala Lumpur International Airport,KUL
Yangon International Airport,RGN,2024-08-26 11:25,Suvarnabhumi Airport,BKK,2024-08-26 13:25,90,THAI,Economy,415,195.0,,149.0,Y,Y,Y,1,7,2,23,Monday,False,False,False,Kuala Lumpur International Airport,KUL
Yangon International Airport,RGN,2024-08-26 11:25,Guangzhou Baiyun International Airport,CAN,2024-08-26 16:15,200,China Southern,Economy,535,80.0,,217.0,Y,Y,Y,1,8,1,23,Monday,False,False,False,Kuala Lumpur International Airport,KUL
Yangon International Airport,RGN,2024-08-26 10:35,Singapore Changi Airport,SIN,2024-08-26 15:20,195,Singapore Airlines,Economy,335,65.0,,285.0,Y,Y,Y,1,7,1,23,Monday,False,False,False,Kuala Lumpur International Airport,KUL
Yangon International Airport,RGN,2024-08-26 06:50,Kuala Lumpur International Airport,KUL,2024-08-26 11:05,165,MAI,Economy,165,,,,Y,Y,Y,1,7,1,30,Monday,False,False,False,Kuala Lumpur International Airport,KUL
Yangon International Airport,RGN,2024-08-26 19:00,Suvarnabhumi Airport,BKK,2024-08-26 21:00,90,THAI,Economy,945,725.0,True,163.0,Y,Y,Y,1,7,2,23,Monday,False,False,False,Kuala Lumpur International Airport,KUL
Yangon International Airport,RGN,2024-08-26 15:10,Kunming Changshui International Airport,KMG,2024-08-26 18:40,120,China Eastern,Economy,1650,1300.0,True,224.0,Y,Y,Y,1,8,2,23,Monday,False,False,False,Kuala Lumpur International Airport,KUL
Yangon International Airport,RGN,2024-08-26 19:00,Suvarnabhumi Airport,BKK,2024-08-26 21:00,90,THAI,Economy,760,540.0,True,637.0,Y,Y,Y,1,7,2,23,Monday,False,False,False,Kuala Lumpur International Airport,KUL
Yangon International Airport,RGN,2024-08-27 19:50,Kuala Lumpur International Airport,KUL,2024-08-28 00:10,170,AirAsia,Economy,170,,,59.0,Y,N,N,1,7,0,0,Tuesday,False,False,True,Kuala Lumpur International Airport,KUL
Yangon International Airport,RGN,2024-08-27 11:25,Kuala Lumpur International Airport,KUL,2024-08-27 15:50,175,Malaysia Airlines,Economy,175,,,68.0,Y,Y,Y,1,7,1,23,Tuesday,False,False,False,Kuala Lumpur International Airport,KUL
Yangon International Airport,RGN,2024-08-27 11:25,Suvarnabhumi Airport,BKK,2024-08-27 13:25,90,THAI,Economy,415,195.0,,149.0,Y,Y,Y,1,7,2,23,Tuesday,False,False,False,Kuala Lumpur International Airport,KUL
Yangon International Airport,RGN,2024-08-27 06:50,Kuala Lumpur International Airport,KUL,2024-08-27 11:05,165,MAI,Economy,165,,,,Y,Y,Y,1,7,1,30,Tuesday,False,False,False,Kuala Lumpur International Airport,KUL
Yangon International Airport,RGN,2024-08-28 11:25,Kuala Lumpur International Airport,KUL,2024-08-28 15:50,175,Malaysia Airlines,Economy,175,,,68.0,Y,Y,Y,1,7,1,23,Wednesday,False,False,False,Kuala Lumpur International Airport,KUL
Yangon International Airport,RGN,2024-08-28 11:25,Suvarnabhumi Airport,BKK,2024-08-28 13:25,90,THAI,Economy,415,195.0,,149.0,Y,Y,Y,1,7,2,23,Wednesday,False,False,False,Kuala Lumpur International Airport,KUL
Yangon International Airport,RGN,2024-08-28 11:25,Guangzhou Baiyun International Airport,CAN,2024-08-28 16:15,200,China Southern,Economy,535,80.0,,217.0,Y,Y,Y,1,8,1,23,Wednesday,False,False,False,Kuala Lumpur International Airport,KUL
Yangon International Airport,RGN,2024-08-28 10:35,Singapore Changi Airport,SIN,2024-08-28 15:20,195,Singapore Airlines,Economy,335,65.0,,285.0,Y,Y,Y,1,7,1,23,Wednesday,False,False,False,Kuala Lumpur International Airport,KUL
Yangon International Airport,RGN,2024-08-28 06:50,Kuala Lumpur International Airport,KUL,2024-08-28 11:05,165,MAI,Economy,165,,,,Y,Y,Y,1,7,1,30,Wednesday,False,False,False,Kuala Lumpur International Airport,KUL
Yangon International Airport,RGN,2024-08-28 19:00,Suvarnabhumi Airport,BKK,2024-08-28 21:00,90,THAI,Economy,945,725.0,True,163.0,Y,Y,Y,1,7,2,23,Wednesday,False,False,False,Kuala Lumpur International Airport,KUL
Yangon International Airport,RGN,2024-08-28 15:10,Kunming Changshui International Airport,KMG,2024-08-28 18:40,120,China Eastern,Economy,1650,1300.0,True,224.0,Y,Y,Y,1,8,2,23,Wednesday,False,False,False,Kuala Lumpur International Airport,KUL
Yangon International Airport,RGN,2024-08-28 19:00,Suvarnabhumi Airport,BKK,2024-08-28 21:00,90,THAI,Economy,760,540.0,True,637.0,Y,Y,Y,1,7,2,23,Wednesday,False,False,False,Kuala Lumpur International Airport,KUL
Yangon International Airport,RGN,2024-08-29 19:50,Kuala Lumpur International Airport,KUL,2024-08-30 00:10,170,AirAsia,Economy,170,,,59.0,Y,N,N,1,7,0,0,Thursday,False,False,True,Kuala Lumpur International Airport,KUL
Yangon International Airport,RGN,2024-08-29 11:25,Kuala Lumpur International Airport,KUL,2024-08-29 15:50,175,Malaysia Airlines,Economy,175,,,68.0,Y,Y,Y,1,7,1,23,Thursday,False,False,False,Kuala Lumpur International Airport,KUL
Yangon International Airport,RGN,2024-08-29 11:25,Suvarnabhumi Airport,BKK,2024-08-29 13:25,90,THAI,Economy,415,195.0,,149.0,Y,Y,Y,1,7,2,23,Thursday,False,False,False,Kuala Lumpur International Airport,KUL
Yangon International Airport,RGN,2024-08-29 06:50,Kuala Lumpur International Airport,KUL,2024-08-29 11:05,165,MAI,Economy,165,,,,Y,Y,Y,1,7,1,30,Thursday,False,False,False,Kuala Lumpur International Airport,KUL
Yangon International Airport,RGN,2024-08-30 11:25,Kuala Lumpur International Airport,KUL,2024-08-30 15:50,175,Malaysia Airlines,Economy,175,,,68.0,Y,Y,Y,1,7,1,23,Friday,False,False,False,Kuala Lumpur International Airport,KUL
Yangon International Airport,RGN,2024-08-30 11:25,Suvarnabhumi Airport,BKK,2024-08-30 13:25,90,THAI,Economy,415,195.0,,149.0,Y,Y,Y,1,7,2,23,Friday,False,False,False,Kuala Lumpur International Airport,KUL
Yangon International Airport,RGN,2024-08-30 11:25,Guangzhou Baiyun International Airport,CAN,2024-08-30 16:15,200,China Southern,Economy,535,80.0,,217.0,Y,Y,Y,1,8,1,23,Friday,False,False,False,Kuala Lumpur International Airport,KUL
Yangon International Airport,RGN,2024-08-30 10:35,Singapore Changi Airport,SIN,2024-08-30 15:20,195,Singapore Airlines,Economy,335,65.0,,285.0,Y,Y,Y,1,7,1,23,Friday,False,False,False,Kuala Lumpur International Airport,KUL
Yangon International Airport,RGN,2024-08-30 06:50,Kuala Lumpur International Airport,KUL,2024-08-30 11:05,165,MAI,Economy,165,,,,Y,Y,Y,1,7,1,30,Friday,False,False,False,Kuala Lumpur International Airport,KUL
Yangon International Airport,RGN,2024-08-30 19:00,Suvarnabhumi Airport,BKK,2024-08-30 21:00,90,THAI,Economy,945,725.0,True,163.0,Y,Y,Y,1,7,2,23,Friday,False,False,False,Kuala Lumpur International Airport,KUL
Yangon International Airport,RGN,2024-08-30 15:10,Kunming Changshui International Airport,KMG,2024-08-30 18:40,120,China Eastern,Economy,1650,1300.0,True,224.0,Y,Y,Y,1,8,2,23,Friday,False,False,False,Kuala Lumpur International Airport,KUL
Yangon International Airport,RGN,2024-08-30 19:00,Suvarnabhumi Airport,BKK,2024-08-30 21:00,90,THAI,Economy,760,540.0,True,637.0,Y,Y,Y,1,7,2,23,Friday,False,False,False,Kuala Lumpur International Airport,KUL
Yangon International Airport,RGN,2024-08-31 19:50,Kuala Lumpur International Airport,KUL,2024-09-01 00:10,170,AirAsia,Economy,170,,,59.0,Y,N,N,1,7,0,0,Saturday,False,False,True,Kuala Lumpur International Airport,KUL
Yangon International Airport,RGN,2024-08-31 11:25,Kuala Lumpur International Airport,KUL,2024-08-31 15:50,175,Malaysia Airlines,Economy,175,,,68.0,Y,Y,Y,1,7,1,23,Saturday,False,True,False,Kuala Lumpur International Airport,KUL
Yangon International Airport,RGN,2024-08-31 11:25,Suvarnabhumi Airport,BKK,2024-08-31 13:25,90,THAI,Economy,415,195.0,,149.0,Y,Y,Y,1,7,2,23,Saturday,False,True,False,Kuala Lumpur International Airport,KUL
Yangon International Airport,RGN,2024-08-31 06:50,Kuala Lumpur International Airport,KUL,2024-08-31 11:05,165,MAI,Economy,165,,,,Y,Y,Y,1,7,1,30,Saturday,False,True,False,Kuala Lumpur International Airport,KUL
