Departure Airport Name,Departure Airport ID,Departure Time,Arrival Airport Name,Arrival Airport ID,Arrival Time,Duration,Airline,Travel Class,Total Duration,Layover 1 Duration,Layover 1 Overnight,Price, Cabin Baggage, Checked Baggage,Meal Included,Cabin Baggage (Number),Cabin Baggage (kg per piece),Checked Baggage (Number),Checked Baggage (kg per piece) ,Day of Week (on flight date),Departure Country Is Holiday,Arrival Country Is Holiday,Overnight Flight,Final Arrival Airport Name,Final Arrival Airport ID
Yangon International Airport,RGN,2024-07-01 19:00,Suvarnabhumi Airport,BKK,2024-07-01 21:00,90,THAI,Economy,1040,875.0,True,232.0,Y,Y,Y,1,7,2,23,Monday,False,False,False,Wattay International Airport,VTE
Yangon International Airport,RGN,2024-07-01 11:35,Suvarnabhumi Airport,BKK,2024-07-01 13:35,90,THAI,Economy,460,290.0,,255.0,Y,Y,Y,1,7,2,23,Monday,False,False,False,Wattay International Airport,VTE
Yangon International Airport,RGN,2024-07-01 15:10,Kunming Changshui International Airport,KMG,2024-07-01 18:40,120,China Eastern,Economy,1080,865.0,True,269.0,Y,Y,Y,1,8,2,23,Monday,False,False,False,Wattay International Airport,VTE
Yangon International Airport,RGN,2024-07-01 10:35,Singapore Changi Airport,SIN,2024-07-01 15:20,195,Singapore Airlines,Economy,1505,1140.0,True,715.0,Y,Y,Y,1,7,1,23,Monday,False,False,False,Wattay International Airport,VTE
Yangon International Airport,RGN,2024-07-02 11:35,Suvarnabhumi Airport,BKK,2024-07-02 13:35,90,THAI,Economy,460,290.0,,157.0,Y,Y,Y,1,7,2,23,Tuesday,False,False,False,Wattay International Airport,VTE
Yangon International Airport,RGN,2024-07-02 19:00,Suvarnabhumi Airport,BKK,2024-07-02 21:00,90,THAI,Economy,1040,875.0,True,232.0,Y,Y,Y,1,7,2,23,Tuesday,False,False,False,Wattay International Airport,VTE
Yangon International Airport,RGN,2024-07-02 15:10,Kunming Changshui International Airport,KMG,2024-07-02 18:40,120,China Eastern,Economy,1080,865.0,True,269.0,Y,Y,Y,1,8,2,23,Tuesday,False,False,False,Wattay International Airport,VTE
Yangon International Airport,RGN,2024-07-02 17:00,Wattay International Airport,VTE,2024-07-02 19:00,90,MAI,Economy,90,,,,Y,Y,Y,1,7,1,30,Tuesday,False,False,False,Wattay International Airport,VTE
Yangon International Airport,RGN,2024-07-03 11:35,Suvarnabhumi Airport,BKK,2024-07-03 13:35,90,THAI,Economy,460,290.0,,157.0,Y,Y,Y,1,7,2,23,Wednesday,False,False,False,Wattay International Airport,VTE
Yangon International Airport,RGN,2024-07-03 19:00,Suvarnabhumi Airport,BKK,2024-07-03 21:00,90,THAI,Economy,1455,1285.0,True,174.0,Y,Y,Y,1,7,2,23,Wednesday,False,False,False,Wattay International Airport,VTE
Yangon International Airport,RGN,2024-07-03 19:00,Suvarnabhumi Airport,BKK,2024-07-03 21:00,90,THAI,Economy,1040,875.0,True,192.0,Y,Y,Y,1,7,2,23,Wednesday,False,False,False,Wattay International Airport,VTE
Yangon International Airport,RGN,2024-07-03 15:10,Kunming Changshui International Airport,KMG,2024-07-03 18:40,120,China Eastern,Economy,1080,865.0,True,269.0,Y,Y,Y,1,8,2,23,Wednesday,False,False,False,Wattay International Airport,VTE
Yangon International Airport,RGN,2024-07-04 11:35,Suvarnabhumi Airport,BKK,2024-07-04 13:35,90,THAI,Economy,460,290.0,,157.0,Y,Y,Y,1,7,2,23,Thursday,False,False,False,Wattay International Airport,VTE
Yangon International Airport,RGN,2024-07-04 19:00,Suvarnabhumi Airport,BKK,2024-07-04 21:00,90,THAI,Economy,1040,875.0,True,174.0,Y,Y,Y,1,7,2,23,Thursday,False,False,False,Wattay International Airport,VTE
Yangon International Airport,RGN,2024-07-04 15:10,Kunming Changshui International Airport,KMG,2024-07-04 18:40,120,China Eastern,Economy,1080,865.0,True,269.0,Y,Y,Y,1,8,2,23,Thursday,False,False,False,Wattay International Airport,VTE
Yangon International Airport,RGN,2024-07-04 17:00,Wattay International Airport,VTE,2024-07-04 19:00,90,MAI,Economy,90,,,,Y,Y,Y,1,7,1,30,Thursday,False,False,False,Wattay International Airport,VTE
Yangon International Airport,RGN,2024-07-05 11:35,Suvarnabhumi Airport,BKK,2024-07-05 13:35,90,THAI,Economy,460,290.0,,157.0,Y,Y,Y,1,7,2,23,Friday,False,False,False,Wattay International Airport,VTE
Yangon International Airport,RGN,2024-07-05 19:00,Suvarnabhumi Airport,BKK,2024-07-05 21:00,90,THAI,Economy,1040,875.0,True,174.0,Y,Y,Y,1,7,2,23,Friday,False,False,False,Wattay International Airport,VTE
Yangon International Airport,RGN,2024-07-05 15:10,Kunming Changshui International Airport,KMG,2024-07-05 18:40,120,China Eastern,Economy,1080,865.0,True,269.0,Y,Y,Y,1,8,2,23,Friday,False,False,False,Wattay International Airport,VTE
Yangon International Airport,RGN,2024-07-05 10:35,Singapore Changi Airport,SIN,2024-07-05 15:20,195,Singapore Airlines,Economy,1505,1140.0,True,428.0,Y,Y,Y,1,7,1,23,Friday,False,False,False,Wattay International Airport,VTE
Yangon International Airport,RGN,2024-07-06 11:35,Suvarnabhumi Airport,BKK,2024-07-06 13:35,90,THAI,Economy,460,290.0,,157.0,Y,Y,Y,1,7,2,23,Saturday,False,False,False,Wattay International Airport,VTE
Yangon International Airport,RGN,2024-07-06 19:00,Suvarnabhumi Airport,BKK,2024-07-06 21:00,90,THAI,Economy,1040,875.0,True,184.0,Y,Y,Y,1,7,2,23,Saturday,False,False,False,Wattay International Airport,VTE
Yangon International Airport,RGN,2024-07-06 15:10,Kunming Changshui International Airport,KMG,2024-07-06 18:40,120,China Eastern,Economy,1080,865.0,True,269.0,Y,Y,Y,1,8,2,23,Saturday,False,False,False,Wattay International Airport,VTE
Yangon International Airport,RGN,2024-07-06 11:25,Guangzhou Baiyun International Airport,CAN,2024-07-06 16:00,185,China Southern,Economy,1815,1475.0,True,300.0,Y,Y,Y,1,8,1,23,Saturday,False,False,False,Wattay International Airport,VTE
Yangon International Airport,RGN,2024-07-07 11:35,Suvarnabhumi Airport,BKK,2024-07-07 13:35,90,THAI,Economy,460,290.0,,157.0,Y,Y,Y,1,7,2,23,Sunday,False,False,False,Wattay International Airport,VTE
Yangon International Airport,RGN,2024-07-07 19:00,Suvarnabhumi Airport,BKK,2024-07-07 21:00,90,THAI,Economy,1455,1285.0,True,174.0,Y,Y,Y,1,7,2,23,Sunday,False,False,False,Wattay International Airport,VTE
Yangon International Airport,RGN,2024-07-07 19:00,Suvarnabhumi Airport,BKK,2024-07-07 21:00,90,THAI,Economy,1040,875.0,True,242.0,Y,Y,Y,1,7,2,23,Sunday,False,False,False,Wattay International Airport,VTE
Yangon International Airport,RGN,2024-07-07 15:10,Kunming Changshui International Airport,KMG,2024-07-07 18:40,120,China Eastern,Economy,1080,865.0,True,269.0,Y,Y,Y,1,8,2,23,Sunday,False,False,False,Wattay International Airport,VTE
Yangon International Airport,RGN,2024-07-08 11:35,Suvarnabhumi Airport,BKK,2024-07-08 13:35,90,THAI,Economy,460,290.0,,157.0,Y,Y,Y,1,7,2,23,Monday,False,False,False,Wattay International Airport,VTE
Yangon International Airport,RGN,2024-07-08 19:00,Suvarnabhumi Airport,BKK,2024-07-08 21:00,90,THAI,Economy,1040,875.0,True,174.0,Y,Y,Y,1,7,2,23,Monday,False,False,False,Wattay International Airport,VTE
Yangon International Airport,RGN,2024-07-08 15:10,Kunming Changshui International Airport,KMG,2024-07-08 18:40,120,China Eastern,Economy,1080,865.0,True,269.0,Y,Y,Y,1,8,2,23,Monday,False,False,False,Wattay International Airport,VTE
Yangon International Airport,RGN,2024-07-08 10:35,Singapore Changi Airport,SIN,2024-07-08 15:20,195,Singapore Airlines,Economy,1505,1140.0,True,428.0,Y,Y,Y,1,7,1,23,Monday,False,False,False,Wattay International Airport,VTE
Yangon International Airport,RGN,2024-07-09 11:35,Suvarnabhumi Airport,BKK,2024-07-09 13:35,90,THAI,Economy,460,290.0,,157.0,Y,Y,Y,1,7,2,23,Tuesday,False,False,False,Wattay International Airport,VTE
Yangon International Airport,RGN,2024-07-09 19:00,Suvarnabhumi Airport,BKK,2024-07-09 21:00,90,THAI,Economy,1040,875.0,True,174.0,Y,Y,Y,1,7,2,23,Tuesday,False,False,False,Wattay International Airport,VTE
Yangon International Airport,RGN,2024-07-09 15:10,Kunming Changshui International Airport,KMG,2024-07-09 18:40,120,China Eastern,Economy,1080,865.0,True,269.0,Y,Y,Y,1,8,2,23,Tuesday,False,False,False,Wattay International Airport,VTE
Yangon International Airport,RGN,2024-07-09 17:00,Wattay International Airport,VTE,2024-07-09 19:00,90,MAI,Economy,90,,,,Y,Y,Y,1,7,1,30,Tuesday,False,False,False,Wattay International Airport,VTE
Yangon International Airport,RGN,2024-07-10 11:35,Suvarnabhumi Airport,BKK,2024-07-10 13:35,90,THAI,Economy,460,290.0,,157.0,Y,Y,Y,1,7,2,23,Wednesday,False,False,False,Wattay International Airport,VTE
Yangon International Airport,RGN,2024-07-10 19:00,Suvarnabhumi Airport,BKK,2024-07-10 21:00,90,THAI,Economy,1040,875.0,True,174.0,Y,Y,Y,1,7,2,23,Wednesday,False,False,False,Wattay International Airport,VTE
Yangon International Airport,RGN,2024-07-10 15:10,Kunming Changshui International Airport,KMG,2024-07-10 18:40,120,China Eastern,Economy,320,140.0,,247.0,Y,Y,Y,1,8,2,23,Wednesday,False,False,False,Wattay International Airport,VTE
Yangon International Airport,RGN,2024-07-11 11:35,Suvarnabhumi Airport,BKK,2024-07-11 13:35,90,THAI,Economy,460,290.0,,157.0,Y,Y,Y,1,7,2,23,Thursday,False,False,False,Wattay International Airport,VTE
Yangon International Airport,RGN,2024-07-11 19:00,Suvarnabhumi Airport,BKK,2024-07-11 21:00,90,THAI,Economy,1040,875.0,True,174.0,Y,Y,Y,1,7,2,23,Thursday,False,False,False,Wattay International Airport,VTE
Yangon International Airport,RGN,2024-07-11 15:10,Kunming Changshui International Airport,KMG,2024-07-11 18:40,120,China Eastern,Economy,1080,865.0,True,269.0,Y,Y,Y,1,8,2,23,Thursday,False,False,False,Wattay International Airport,VTE
Yangon International Airport,RGN,2024-07-11 17:00,Wattay International Airport,VTE,2024-07-11 19:00,90,MAI,Economy,90,,,,Y,Y,Y,1,7,1,30,Thursday,False,False,False,Wattay International Airport,VTE
Yangon International Airport,RGN,2024-07-12 11:35,Suvarnabhumi Airport,BKK,2024-07-12 13:35,90,THAI,Economy,460,290.0,,157.0,Y,Y,Y,1,7,2,23,Friday,False,False,False,Wattay International Airport,VTE
Yangon International Airport,RGN,2024-07-12 19:00,Suvarnabhumi Airport,BKK,2024-07-12 21:00,90,THAI,Economy,1040,875.0,True,192.0,Y,Y,Y,1,7,2,23,Friday,False,False,False,Wattay International Airport,VTE
Yangon International Airport,RGN,2024-07-12 15:10,Kunming Changshui International Airport,KMG,2024-07-12 18:40,120,China Eastern,Economy,1080,865.0,True,269.0,Y,Y,Y,1,8,2,23,Friday,False,False,False,Wattay International Airport,VTE
Yangon International Airport,RGN,2024-07-13 11:35,Suvarnabhumi Airport,BKK,2024-07-13 13:35,90,THAI,Economy,460,290.0,,157.0,Y,Y,Y,1,7,2,23,Saturday,False,False,False,Wattay International Airport,VTE
Yangon International Airport,RGN,2024-07-13 19:00,Suvarnabhumi Airport,BKK,2024-07-13 21:00,90,THAI,Economy,1455,1285.0,True,192.0,Y,Y,Y,1,7,2,23,Saturday,False,False,False,Wattay International Airport,VTE
Yangon International Airport,RGN,2024-07-13 19:00,Suvarnabhumi Airport,BKK,2024-07-13 21:00,90,THAI,Economy,1040,875.0,True,232.0,Y,Y,Y,1,7,2,23,Saturday,False,False,False,Wattay International Airport,VTE
Yangon International Airport,RGN,2024-07-13 15:10,Kunming Changshui International Airport,KMG,2024-07-13 18:40,120,China Eastern,Economy,1080,865.0,True,269.0,Y,Y,Y,1,8,2,23,Saturday,False,False,False,Wattay International Airport,VTE
Yangon International Airport,RGN,2024-07-13 11:25,Guangzhou Baiyun International Airport,CAN,2024-07-13 16:00,185,China Southern,Economy,1815,1475.0,True,300.0,Y,Y,Y,1,8,1,23,Saturday,False,False,False,Wattay International Airport,VTE
Yangon International Airport,RGN,2024-07-14 11:35,Suvarnabhumi Airport,BKK,2024-07-14 13:35,90,THAI,Economy,460,290.0,,157.0,Y,Y,Y,1,7,2,23,Sunday,False,False,False,Wattay International Airport,VTE
Yangon International Airport,RGN,2024-07-14 19:00,Suvarnabhumi Airport,BKK,2024-07-14 21:00,90,THAI,Economy,1040,875.0,True,174.0,Y,Y,Y,1,7,2,23,Sunday,False,False,False,Wattay International Airport,VTE
Yangon International Airport,RGN,2024-07-14 15:10,Kunming Changshui International Airport,KMG,2024-07-14 18:40,120,China Eastern,Economy,1080,865.0,True,269.0,Y,Y,Y,1,8,2,23,Sunday,False,False,False,Wattay International Airport,VTE
Yangon International Airport,RGN,2024-07-15 11:35,Suvarnabhumi Airport,BKK,2024-07-15 13:35,90,THAI,Economy,460,290.0,,157.0,Y,Y,Y,1,7,2,23,Monday,False,False,False,Wattay International Airport,VTE
Yangon International Airport,RGN,2024-07-15 19:00,Suvarnabhumi Airport,BKK,2024-07-15 21:00,90,THAI,Economy,1455,1285.0,True,199.0,Y,Y,Y,1,7,2,23,Monday,False,False,False,Wattay International Airport,VTE
Yangon International Airport,RGN,2024-07-15 19:00,Suvarnabhumi Airport,BKK,2024-07-15 21:00,90,THAI,Economy,1040,875.0,True,232.0,Y,Y,Y,1,7,2,23,Monday,False,False,False,Wattay International Airport,VTE
Yangon International Airport,RGN,2024-07-15 15:10,Kunming Changshui International Airport,KMG,2024-07-15 18:40,120,China Eastern,Economy,1080,865.0,True,269.0,Y,Y,Y,1,8,2,23,Monday,False,False,False,Wattay International Airport,VTE
Yangon International Airport,RGN,2024-07-15 10:35,Singapore Changi Airport,SIN,2024-07-15 15:20,195,Singapore Airlines,Economy,1505,1140.0,True,459.0,Y,Y,Y,1,7,1,23,Monday,False,False,False,Wattay International Airport,VTE
Yangon International Airport,RGN,2024-07-16 11:35,Suvarnabhumi Airport,BKK,2024-07-16 13:35,90,THAI,Economy,460,290.0,,157.0,Y,Y,Y,1,7,2,23,Tuesday,False,False,False,Wattay International Airport,VTE
Yangon International Airport,RGN,2024-07-16 19:00,Suvarnabhumi Airport,BKK,2024-07-16 21:00,90,THAI,Economy,1040,875.0,True,174.0,Y,Y,Y,1,7,2,23,Tuesday,False,False,False,Wattay International Airport,VTE
Yangon International Airport,RGN,2024-07-16 15:10,Kunming Changshui International Airport,KMG,2024-07-16 18:40,120,China Eastern,Economy,1080,865.0,True,269.0,Y,Y,Y,1,8,2,23,Tuesday,False,False,False,Wattay International Airport,VTE
Yangon International Airport,RGN,2024-07-16 17:00,Wattay International Airport,VTE,2024-07-16 19:00,90,MAI,Economy,90,,,,Y,Y,Y,1,7,1,30,Tuesday,False,False,False,Wattay International Airport,VTE
Yangon International Airport,RGN,2024-07-17 11:35,Suvarnabhumi Airport,BKK,2024-07-17 13:35,90,THAI,Economy,460,290.0,,157.0,Y,Y,Y,1,7,2,23,Wednesday,False,False,False,Wattay International Airport,VTE
Yangon International Airport,RGN,2024-07-17 19:00,Suvarnabhumi Airport,BKK,2024-07-17 21:00,90,THAI,Economy,1040,875.0,True,174.0,Y,Y,Y,1,7,2,23,Wednesday,False,False,False,Wattay International Airport,VTE
Yangon International Airport,RGN,2024-07-17 15:10,Kunming Changshui International Airport,KMG,2024-07-17 18:40,120,China Eastern,Economy,1080,865.0,True,269.0,Y,Y,Y,1,8,2,23,Wednesday,False,False,False,Wattay International Airport,VTE
Yangon International Airport,RGN,2024-07-18 11:35,Suvarnabhumi Airport,BKK,2024-07-18 13:35,90,THAI,Economy,460,290.0,,157.0,Y,Y,Y,1,7,2,23,Thursday,False,False,False,Wattay International Airport,VTE
Yangon International Airport,RGN,2024-07-18 19:00,Suvarnabhumi Airport,BKK,2024-07-18 21:00,90,THAI,Economy,1040,875.0,True,174.0,Y,Y,Y,1,7,2,23,Thursday,False,False,False,Wattay International Airport,VTE
Yangon International Airport,RGN,2024-07-18 15:10,Kunming Changshui International Airport,KMG,2024-07-18 18:40,120,China Eastern,Economy,1080,865.0,True,269.0,Y,Y,Y,1,8,2,23,Thursday,False,False,False,Wattay International Airport,VTE
Yangon International Airport,RGN,2024-07-18 17:00,Wattay International Airport,VTE,2024-07-18 19:00,90,MAI,Economy,90,,,,Y,Y,Y,1,7,1,30,Thursday,False,False,False,Wattay International Airport,VTE
Yangon International Airport,RGN,2024-07-19 11:35,Suvarnabhumi Airport,BKK,2024-07-19 13:35,90,THAI,Economy,460,290.0,,157.0,Y,Y,Y,1,7,2,23,Friday,True,False,False,Wattay International Airport,VTE
Yangon International Airport,RGN,2024-07-19 19:00,Suvarnabhumi Airport,BKK,2024-07-19 21:00,90,THAI,Economy,1455,1285.0,True,199.0,Y,Y,Y,1,7,2,23,Friday,True,False,False,Wattay International Airport,VTE
Yangon International Airport,RGN,2024-07-19 15:10,Kunming Changshui International Airport,KMG,2024-07-19 18:40,120,China Eastern,Economy,1080,865.0,True,269.0,Y,Y,Y,1,8,2,23,Friday,True,False,False,Wattay International Airport,VTE
Yangon International Airport,RGN,2024-07-19 19:00,Suvarnabhumi Airport,BKK,2024-07-19 21:00,90,THAI,Economy,1040,875.0,True,346.0,Y,Y,Y,1,7,2,23,Friday,True,False,False,Wattay International Airport,VTE
Yangon International Airport,RGN,2024-07-19 10:35,Singapore Changi Airport,SIN,2024-07-19 15:20,195,Singapore Airlines,Economy,1505,1140.0,True,459.0,Y,Y,Y,1,7,1,23,Friday,True,False,False,Wattay International Airport,VTE
Yangon International Airport,RGN,2024-07-20 11:35,Suvarnabhumi Airport,BKK,2024-07-20 13:35,90,THAI,Economy,460,290.0,,157.0,Y,Y,Y,1,7,2,23,Saturday,True,True,False,Wattay International Airport,VTE
Yangon International Airport,RGN,2024-07-20 19:00,Suvarnabhumi Airport,BKK,2024-07-20 21:00,90,THAI,Economy,1455,1285.0,True,219.0,Y,Y,Y,1,7,2,23,Saturday,True,True,False,Wattay International Airport,VTE
Yangon International Airport,RGN,2024-07-20 15:10,Kunming Changshui International Airport,KMG,2024-07-20 18:40,120,China Eastern,Economy,1080,865.0,True,269.0,Y,Y,Y,1,8,2,23,Saturday,True,True,False,Wattay International Airport,VTE
Yangon International Airport,RGN,2024-07-20 11:25,Guangzhou Baiyun International Airport,CAN,2024-07-20 16:00,185,China Southern,Economy,1815,1475.0,True,300.0,Y,Y,Y,1,8,1,23,Saturday,True,True,False,Wattay International Airport,VTE
Yangon International Airport,RGN,2024-07-20 19:00,Suvarnabhumi Airport,BKK,2024-07-20 21:00,90,THAI,Economy,1040,875.0,True,338.0,Y,Y,Y,1,7,2,23,Saturday,True,True,False,Wattay International Airport,VTE
Yangon International Airport,RGN,2024-07-21 11:35,Suvarnabhumi Airport,BKK,2024-07-21 13:35,90,THAI,Economy,460,290.0,,157.0,Y,Y,Y,1,7,2,23,Sunday,False,False,False,Wattay International Airport,VTE
Yangon International Airport,RGN,2024-07-21 19:00,Suvarnabhumi Airport,BKK,2024-07-21 21:00,90,THAI,Economy,1455,1285.0,True,174.0,Y,Y,Y,1,7,2,23,Sunday,False,False,False,Wattay International Airport,VTE
Yangon International Airport,RGN,2024-07-21 19:00,Suvarnabhumi Airport,BKK,2024-07-21 21:00,90,THAI,Economy,1040,875.0,True,199.0,Y,Y,Y,1,7,2,23,Sunday,False,False,False,Wattay International Airport,VTE
Yangon International Airport,RGN,2024-07-21 15:10,Kunming Changshui International Airport,KMG,2024-07-21 18:40,120,China Eastern,Economy,1080,865.0,True,269.0,Y,Y,Y,1,8,2,23,Sunday,False,False,False,Wattay International Airport,VTE
Yangon International Airport,RGN,2024-07-22 11:35,Suvarnabhumi Airport,BKK,2024-07-22 13:35,90,THAI,Economy,460,290.0,,157.0,Y,Y,Y,1,7,2,23,Monday,False,False,False,Wattay International Airport,VTE
Yangon International Airport,RGN,2024-07-22 19:00,Suvarnabhumi Airport,BKK,2024-07-22 21:00,90,THAI,Economy,1040,875.0,True,174.0,Y,Y,Y,1,7,2,23,Monday,False,False,False,Wattay International Airport,VTE
Yangon International Airport,RGN,2024-07-22 15:10,Kunming Changshui International Airport,KMG,2024-07-22 18:40,120,China Eastern,Economy,1080,865.0,True,269.0,Y,Y,Y,1,8,2,23,Monday,False,False,False,Wattay International Airport,VTE
Yangon International Airport,RGN,2024-07-22 10:35,Singapore Changi Airport,SIN,2024-07-22 15:20,195,Singapore Airlines,Economy,1505,1140.0,True,459.0,Y,Y,Y,1,7,1,23,Monday,False,False,False,Wattay International Airport,VTE
Yangon International Airport,RGN,2024-07-23 11:35,Suvarnabhumi Airport,BKK,2024-07-23 13:35,90,THAI,Economy,460,290.0,,157.0,Y,Y,Y,1,7,2,23,Tuesday,False,False,False,Wattay International Airport,VTE
Yangon International Airport,RGN,2024-07-23 19:00,Suvarnabhumi Airport,BKK,2024-07-23 21:00,90,THAI,Economy,1040,875.0,True,174.0,Y,Y,Y,1,7,2,23,Tuesday,False,False,False,Wattay International Airport,VTE
Yangon International Airport,RGN,2024-07-23 15:10,Kunming Changshui International Airport,KMG,2024-07-23 18:40,120,China Eastern,Economy,1080,865.0,True,269.0,Y,Y,Y,1,8,2,23,Tuesday,False,False,False,Wattay International Airport,VTE
Yangon International Airport,RGN,2024-07-23 17:00,Wattay International Airport,VTE,2024-07-23 19:00,90,MAI,Economy,90,,,,Y,Y,Y,1,7,1,30,Tuesday,False,False,False,Wattay International Airport,VTE
Yangon International Airport,RGN,2024-07-24 11:35,Suvarnabhumi Airport,BKK,2024-07-24 13:35,90,THAI,Economy,460,290.0,,157.0,Y,Y,Y,1,7,2,23,Wednesday,False,False,False,Wattay International Airport,VTE
Yangon International Airport,RGN,2024-07-24 19:00,Suvarnabhumi Airport,BKK,2024-07-24 21:00,90,THAI,Economy,1040,875.0,True,174.0,Y,Y,Y,1,7,2,23,Wednesday,False,False,False,Wattay International Airport,VTE
Yangon International Airport,RGN,2024-07-24 15:10,Kunming Changshui International Airport,KMG,2024-07-24 18:40,120,China Eastern,Economy,1080,865.0,True,269.0,Y,Y,Y,1,8,2,23,Wednesday,False,False,False,Wattay International Airport,VTE
Yangon International Airport,RGN,2024-07-25 11:35,Suvarnabhumi Airport,BKK,2024-07-25 13:35,90,THAI,Economy,460,290.0,,157.0,Y,Y,Y,1,7,2,23,Thursday,False,False,False,Wattay International Airport,VTE
Yangon International Airport,RGN,2024-07-25 19:00,Suvarnabhumi Airport,BKK,2024-07-25 21:00,90,THAI,Economy,1040,875.0,True,174.0,Y,Y,Y,1,7,2,23,Thursday,False,False,False,Wattay International Airport,VTE
Yangon International Airport,RGN,2024-07-25 15:10,Kunming Changshui International Airport,KMG,2024-07-25 18:40,120,China Eastern,Economy,1080,865.0,True,269.0,Y,Y,Y,1,8,2,23,Thursday,False,False,False,Wattay International Airport,VTE
Yangon International Airport,RGN,2024-07-25 17:00,Wattay International Airport,VTE,2024-07-25 19:00,90,MAI,Economy,90,,,,Y,Y,Y,1,7,1,30,Thursday,False,False,False,Wattay International Airport,VTE
Yangon International Airport,RGN,2024-07-26 11:35,Suvarnabhumi Airport,BKK,2024-07-26 13:35,90,THAI,Economy,460,290.0,,157.0,Y,Y,Y,1,7,2,23,Friday,False,False,False,Wattay International Airport,VTE
Yangon International Airport,RGN,2024-07-26 19:00,Suvarnabhumi Airport,BKK,2024-07-26 21:00,90,THAI,Economy,1455,1285.0,True,174.0,Y,Y,Y,1,7,2,23,Friday,False,False,False,Wattay International Airport,VTE
Yangon International Airport,RGN,2024-07-26 19:00,Suvarnabhumi Airport,BKK,2024-07-26 21:00,90,THAI,Economy,1040,875.0,True,199.0,Y,Y,Y,1,7,2,23,Friday,False,False,False,Wattay International Airport,VTE
Yangon International Airport,RGN,2024-07-26 15:10,Kunming Changshui International Airport,KMG,2024-07-26 18:40,120,China Eastern,Economy,1080,865.0,True,269.0,Y,Y,Y,1,8,2,23,Friday,False,False,False,Wattay International Airport,VTE
Yangon International Airport,RGN,2024-07-26 10:35,Singapore Changi Airport,SIN,2024-07-26 15:20,195,Singapore Airlines,Economy,1505,1140.0,True,428.0,Y,Y,Y,1,7,1,23,Friday,False,False,False,Wattay International Airport,VTE
Yangon International Airport,RGN,2024-07-27 11:35,Suvarnabhumi Airport,BKK,2024-07-27 13:35,90,THAI,Economy,460,290.0,,157.0,Y,Y,Y,1,7,2,23,Saturday,False,False,False,Wattay International Airport,VTE
Yangon International Airport,RGN,2024-07-27 19:00,Suvarnabhumi Airport,BKK,2024-07-27 21:00,90,THAI,Economy,1040,875.0,True,192.0,Y,Y,Y,1,7,2,23,Saturday,False,False,False,Wattay International Airport,VTE
Yangon International Airport,RGN,2024-07-27 15:10,Kunming Changshui International Airport,KMG,2024-07-27 18:40,120,China Eastern,Economy,1080,865.0,True,269.0,Y,Y,Y,1,8,2,23,Saturday,False,False,False,Wattay International Airport,VTE
Yangon International Airport,RGN,2024-07-27 11:25,Guangzhou Baiyun International Airport,CAN,2024-07-27 16:00,185,China Southern,Economy,1815,1475.0,True,300.0,Y,Y,Y,1,8,1,23,Saturday,False,False,False,Wattay International Airport,VTE
Yangon International Airport,RGN,2024-07-28 11:35,Suvarnabhumi Airport,BKK,2024-07-28 13:35,90,THAI,Economy,460,290.0,,167.0,Y,Y,Y,1,7,2,23,Sunday,False,False,False,Wattay International Airport,VTE
Yangon International Airport,RGN,2024-07-28 19:00,Suvarnabhumi Airport,BKK,2024-07-28 21:00,90,THAI,Economy,1040,875.0,True,174.0,Y,Y,Y,1,7,2,23,Sunday,False,False,False,Wattay International Airport,VTE
Yangon International Airport,RGN,2024-07-28 15:10,Kunming Changshui International Airport,KMG,2024-07-28 18:40,120,China Eastern,Economy,1080,865.0,True,269.0,Y,Y,Y,1,8,2,23,Sunday,False,False,False,Wattay International Airport,VTE
Yangon International Airport,RGN,2024-07-29 11:35,Suvarnabhumi Airport,BKK,2024-07-29 13:35,90,THAI,Economy,460,290.0,,157.0,Y,Y,Y,1,7,2,23,Monday,False,False,False,Wattay International Airport,VTE
Yangon International Airport,RGN,2024-07-29 19:00,Suvarnabhumi Airport,BKK,2024-07-29 21:00,90,THAI,Economy,1040,875.0,True,174.0,Y,Y,Y,1,7,2,23,Monday,False,False,False,Wattay International Airport,VTE
Yangon International Airport,RGN,2024-07-29 15:10,Kunming Changshui International Airport,KMG,2024-07-29 18:40,120,China Eastern,Economy,1080,865.0,True,269.0,Y,Y,Y,1,8,2,23,Monday,False,False,False,Wattay International Airport,VTE
Yangon International Airport,RGN,2024-07-29 10:35,Singapore Changi Airport,SIN,2024-07-29 15:20,195,Singapore Airlines,Economy,1505,1140.0,True,428.0,Y,Y,Y,1,7,1,23,Monday,False,False,False,Wattay International Airport,VTE
Yangon International Airport,RGN,2024-07-30 11:35,Suvarnabhumi Airport,BKK,2024-07-30 13:35,90,THAI,Economy,460,290.0,,157.0,Y,Y,Y,1,7,2,23,Tuesday,False,False,False,Wattay International Airport,VTE
Yangon International Airport,RGN,2024-07-30 19:00,Suvarnabhumi Airport,BKK,2024-07-30 21:00,90,THAI,Economy,1040,875.0,True,174.0,Y,Y,Y,1,7,2,23,Tuesday,False,False,False,Wattay International Airport,VTE
Yangon International Airport,RGN,2024-07-30 15:10,Kunming Changshui International Airport,KMG,2024-07-30 18:40,120,China Eastern,Economy,1080,865.0,True,269.0,Y,Y,Y,1,8,2,23,Tuesday,False,False,False,Wattay International Airport,VTE
Yangon International Airport,RGN,2024-07-30 17:00,Wattay International Airport,VTE,2024-07-30 19:00,90,MAI,Economy,90,,,,Y,Y,Y,1,7,1,30,Tuesday,False,False,False,Wattay International Airport,VTE
Yangon International Airport,RGN,2024-07-31 11:35,Suvarnabhumi Airport,BKK,2024-07-31 13:35,90,THAI,Economy,460,290.0,,157.0,Y,Y,Y,1,7,2,23,Wednesday,False,False,False,Wattay International Airport,VTE
Yangon International Airport,RGN,2024-07-31 19:00,Suvarnabhumi Airport,BKK,2024-07-31 21:00,90,THAI,Economy,1030,865.0,True,174.0,Y,Y,Y,1,7,2,23,Wednesday,False,False,False,Wattay International Airport,VTE
Yangon International Airport,RGN,2024-07-31 15:10,Kunming Changshui International Airport,KMG,2024-07-31 18:40,120,China Eastern,Economy,1080,865.0,True,269.0,Y,Y,Y,1,8,2,23,Wednesday,False,False,False,Wattay International Airport,VTE
Yangon International Airport,RGN,2024-07-31 10:35,Singapore Changi Airport,SIN,2024-07-31 15:20,195,Singapore Airlines,Economy,1505,1140.0,True,428.0,Y,Y,Y,1,7,1,23,Wednesday,False,False,False,Wattay International Airport,VTE
Yangon International Airport,RGN,2024-08-01 11:25,Suvarnabhumi Airport,BKK,2024-08-01 13:25,90,THAI,Economy,470,300.0,,138.0,Y,Y,Y,1,7,2,23,Thursday,False,False,False,Wattay International Airport,VTE
Yangon International Airport,RGN,2024-08-01 15:10,Kunming Changshui International Airport,KMG,2024-08-01 18:40,120,China Eastern,Economy,1080,865.0,True,201.0,Y,Y,Y,1,8,2,23,Thursday,False,False,False,Wattay International Airport,VTE
Yangon International Airport,RGN,2024-08-01 19:00,Suvarnabhumi Airport,BKK,2024-08-01 21:00,90,THAI,Economy,1030,865.0,True,283.0,Y,Y,Y,1,7,2,23,Thursday,False,False,False,Wattay International Airport,VTE
Yangon International Airport,RGN,2024-08-01 17:00,Wattay International Airport,VTE,2024-08-01 19:00,90,MAI,Economy,90,,,,Y,Y,Y,1,7,1,30,Thursday,False,False,False,Wattay International Airport,VTE
Yangon International Airport,RGN,2024-08-02 11:25,Suvarnabhumi Airport,BKK,2024-08-02 13:25,90,THAI,Economy,470,300.0,,138.0,Y,Y,Y,1,7,2,23,Friday,False,False,False,Wattay International Airport,VTE
Yangon International Airport,RGN,2024-08-02 19:00,Suvarnabhumi Airport,BKK,2024-08-02 21:00,90,THAI,Economy,1030,865.0,True,152.0,Y,Y,Y,1,7,2,23,Friday,False,False,False,Wattay International Airport,VTE
Yangon International Airport,RGN,2024-08-02 10:35,Singapore Changi Airport,SIN,2024-08-02 15:20,195,Singapore Airlines,Economy,1505,1140.0,True,348.0,Y,Y,Y,1,7,1,23,Friday,False,False,False,Wattay International Airport,VTE
Yangon International Airport,RGN,2024-08-03 11:25,Suvarnabhumi Airport,BKK,2024-08-03 13:25,90,THAI,Economy,470,300.0,,138.0,Y,Y,Y,1,7,2,23,Saturday,False,False,False,Wattay International Airport,VTE
Yangon International Airport,RGN,2024-08-03 19:00,Suvarnabhumi Airport,BKK,2024-08-03 21:00,90,THAI,Economy,1030,865.0,True,152.0,Y,Y,Y,1,7,2,23,Saturday,False,False,False,Wattay International Airport,VTE
Yangon International Airport,RGN,2024-08-03 15:10,Kunming Changshui International Airport,KMG,2024-08-03 18:40,120,China Eastern,Economy,1080,865.0,True,201.0,Y,Y,Y,1,8,2,23,Saturday,False,False,False,Wattay International Airport,VTE
Yangon International Airport,RGN,2024-08-03 11:25,Guangzhou Baiyun International Airport,CAN,2024-08-03 16:00,185,China Southern,Economy,1815,1475.0,True,261.0,Y,Y,Y,1,8,1,23,Saturday,False,False,False,Wattay International Airport,VTE
Yangon International Airport,RGN,2024-08-04 11:25,Suvarnabhumi Airport,BKK,2024-08-04 13:25,90,THAI,Economy,470,300.0,,138.0,Y,Y,Y,1,7,2,23,Sunday,False,False,False,Wattay International Airport,VTE
Yangon International Airport,RGN,2024-08-04 19:00,Suvarnabhumi Airport,BKK,2024-08-04 21:00,90,THAI,Economy,1030,865.0,True,152.0,Y,Y,Y,1,7,2,23,Sunday,False,False,False,Wattay International Airport,VTE
Yangon International Airport,RGN,2024-08-04 15:10,Kunming Changshui International Airport,KMG,2024-08-04 18:40,120,China Eastern,Economy,1080,865.0,True,201.0,Y,Y,Y,1,8,2,23,Sunday,False,False,False,Wattay International Airport,VTE
Yangon International Airport,RGN,2024-08-05 11:25,Suvarnabhumi Airport,BKK,2024-08-05 13:25,90,THAI,Economy,470,300.0,,138.0,Y,Y,Y,1,7,2,23,Monday,False,False,False,Wattay International Airport,VTE
Yangon International Airport,RGN,2024-08-05 19:00,Suvarnabhumi Airport,BKK,2024-08-05 21:00,90,THAI,Economy,1030,865.0,True,152.0,Y,Y,Y,1,7,2,23,Monday,False,False,False,Wattay International Airport,VTE
Yangon International Airport,RGN,2024-08-05 10:35,Singapore Changi Airport,SIN,2024-08-05 15:20,195,Singapore Airlines,Economy,1505,1140.0,True,407.0,Y,Y,Y,1,7,1,23,Monday,False,False,False,Wattay International Airport,VTE
Yangon International Airport,RGN,2024-08-06 11:25,Suvarnabhumi Airport,BKK,2024-08-06 13:25,90,THAI,Economy,470,300.0,,138.0,Y,Y,Y,1,7,2,23,Tuesday,False,False,False,Wattay International Airport,VTE
Yangon International Airport,RGN,2024-08-06 19:00,Suvarnabhumi Airport,BKK,2024-08-06 21:00,90,THAI,Economy,1030,865.0,True,152.0,Y,Y,Y,1,7,2,23,Tuesday,False,False,False,Wattay International Airport,VTE
Yangon International Airport,RGN,2024-08-06 15:10,Kunming Changshui International Airport,KMG,2024-08-06 18:40,120,China Eastern,Economy,1080,865.0,True,201.0,Y,Y,Y,1,8,2,23,Tuesday,False,False,False,Wattay International Airport,VTE
Yangon International Airport,RGN,2024-08-06 17:00,Wattay International Airport,VTE,2024-08-06 19:00,90,MAI,Economy,90,,,,Y,Y,Y,1,7,1,30,Tuesday,False,False,False,Wattay International Airport,VTE
Yangon International Airport,RGN,2024-08-07 11:25,Suvarnabhumi Airport,BKK,2024-08-07 13:25,90,THAI,Economy,470,300.0,,138.0,Y,Y,Y,1,7,2,23,Wednesday,False,False,False,Wattay International Airport,VTE
Yangon International Airport,RGN,2024-08-07 19:00,Suvarnabhumi Airport,BKK,2024-08-07 21:00,90,THAI,Economy,1030,865.0,True,152.0,Y,Y,Y,1,7,2,23,Wednesday,False,False,False,Wattay International Airport,VTE
Yangon International Airport,RGN,2024-08-07 15:10,Kunming Changshui International Airport,KMG,2024-08-07 18:40,120,China Eastern,Economy,1080,865.0,True,201.0,Y,Y,Y,1,8,2,23,Wednesday,False,False,False,Wattay International Airport,VTE
Yangon International Airport,RGN,2024-08-07 10:35,Singapore Changi Airport,SIN,2024-08-07 15:20,195,Singapore Airlines,Economy,1505,1140.0,True,348.0,Y,Y,Y,1,7,1,23,Wednesday,False,False,False,Wattay International Airport,VTE
Yangon International Airport,RGN,2024-08-08 11:25,Suvarnabhumi Airport,BKK,2024-08-08 13:25,90,THAI,Economy,470,300.0,,138.0,Y,Y,Y,1,7,2,23,Thursday,False,False,False,Wattay International Airport,VTE
Yangon International Airport,RGN,2024-08-08 15:10,Kunming Changshui International Airport,KMG,2024-08-08 18:40,120,China Eastern,Economy,1080,865.0,True,201.0,Y,Y,Y,1,8,2,23,Thursday,False,False,False,Wattay International Airport,VTE
Yangon International Airport,RGN,2024-08-08 19:00,Suvarnabhumi Airport,BKK,2024-08-08 21:00,90,THAI,Economy,1030,865.0,True,283.0,Y,Y,Y,1,7,2,23,Thursday,False,False,False,Wattay International Airport,VTE
Yangon International Airport,RGN,2024-08-08 17:00,Wattay International Airport,VTE,2024-08-08 19:00,90,MAI,Economy,90,,,,Y,Y,Y,1,7,1,30,Thursday,False,False,False,Wattay International Airport,VTE
Yangon International Airport,RGN,2024-08-09 11:25,Suvarnabhumi Airport,BKK,2024-08-09 13:25,90,THAI,Economy,470,300.0,,138.0,Y,Y,Y,1,7,2,23,Friday,False,False,False,Wattay International Airport,VTE
Yangon International Airport,RGN,2024-08-09 19:00,Suvarnabhumi Airport,BKK,2024-08-09 21:00,90,THAI,Economy,1030,865.0,True,152.0,Y,Y,Y,1,7,2,23,Friday,False,False,False,Wattay International Airport,VTE
Yangon International Airport,RGN,2024-08-09 10:35,Singapore Changi Airport,SIN,2024-08-09 15:20,195,Singapore Airlines,Economy,1505,1140.0,True,348.0,Y,Y,Y,1,7,1,23,Friday,False,False,False,Wattay International Airport,VTE
Yangon International Airport,RGN,2024-08-10 11:25,Suvarnabhumi Airport,BKK,2024-08-10 13:25,90,THAI,Economy,470,300.0,,138.0,Y,Y,Y,1,7,2,23,Saturday,False,False,False,Wattay International Airport,VTE
Yangon International Airport,RGN,2024-08-10 19:00,Suvarnabhumi Airport,BKK,2024-08-10 21:00,90,THAI,Economy,1030,865.0,True,152.0,Y,Y,Y,1,7,2,23,Saturday,False,False,False,Wattay International Airport,VTE
Yangon International Airport,RGN,2024-08-10 15:10,Kunming Changshui International Airport,KMG,2024-08-10 18:40,120,China Eastern,Economy,1080,865.0,True,201.0,Y,Y,Y,1,8,2,23,Saturday,False,False,False,Wattay International Airport,VTE
Yangon International Airport,RGN,2024-08-10 11:25,Guangzhou Baiyun International Airport,CAN,2024-08-10 16:00,185,China Southern,Economy,1815,1475.0,True,239.0,Y,Y,Y,1,8,1,23,Saturday,False,False,False,Wattay International Airport,VTE
Yangon International Airport,RGN,2024-08-11 11:25,Suvarnabhumi Airport,BKK,2024-08-11 13:25,90,THAI,Economy,470,300.0,,138.0,Y,Y,Y,1,7,2,23,Sunday,False,False,False,Wattay International Airport,VTE
Yangon International Airport,RGN,2024-08-11 19:00,Suvarnabhumi Airport,BKK,2024-08-11 21:00,90,THAI,Economy,1030,865.0,True,152.0,Y,Y,Y,1,7,2,23,Sunday,False,False,False,Wattay International Airport,VTE
Yangon International Airport,RGN,2024-08-11 15:10,Kunming Changshui International Airport,KMG,2024-08-11 18:40,120,China Eastern,Economy,1080,865.0,True,201.0,Y,Y,Y,1,8,2,23,Sunday,False,False,False,Wattay International Airport,VTE
Yangon International Airport,RGN,2024-08-12 11:25,Suvarnabhumi Airport,BKK,2024-08-12 13:25,90,THAI,Economy,470,300.0,,138.0,Y,Y,Y,1,7,2,23,Monday,False,False,False,Wattay International Airport,VTE
Yangon International Airport,RGN,2024-08-12 19:00,Suvarnabhumi Airport,BKK,2024-08-12 21:00,90,THAI,Economy,1030,865.0,True,152.0,Y,Y,Y,1,7,2,23,Monday,False,False,False,Wattay International Airport,VTE
Yangon International Airport,RGN,2024-08-12 10:35,Singapore Changi Airport,SIN,2024-08-12 15:20,195,Singapore Airlines,Economy,1505,1140.0,True,348.0,Y,Y,Y,1,7,1,23,Monday,False,False,False,Wattay International Airport,VTE
Yangon International Airport,RGN,2024-08-13 11:25,Suvarnabhumi Airport,BKK,2024-08-13 13:25,90,THAI,Economy,470,300.0,,138.0,Y,Y,Y,1,7,2,23,Tuesday,False,False,False,Wattay International Airport,VTE
Yangon International Airport,RGN,2024-08-13 19:00,Suvarnabhumi Airport,BKK,2024-08-13 21:00,90,THAI,Economy,1030,865.0,True,152.0,Y,Y,Y,1,7,2,23,Tuesday,False,False,False,Wattay International Airport,VTE
Yangon International Airport,RGN,2024-08-13 15:10,Kunming Changshui International Airport,KMG,2024-08-13 18:40,120,China Eastern,Economy,1080,865.0,True,201.0,Y,Y,Y,1,8,2,23,Tuesday,False,False,False,Wattay International Airport,VTE
Yangon International Airport,RGN,2024-08-13 17:00,Wattay International Airport,VTE,2024-08-13 19:00,90,MAI,Economy,90,,,,Y,Y,Y,1,7,1,30,Tuesday,False,False,False,Wattay International Airport,VTE
Yangon International Airport,RGN,2024-08-14 11:25,Suvarnabhumi Airport,BKK,2024-08-14 13:25,90,THAI,Economy,470,300.0,,138.0,Y,Y,Y,1,7,2,23,Wednesday,False,False,False,Wattay International Airport,VTE
Yangon International Airport,RGN,2024-08-14 19:00,Suvarnabhumi Airport,BKK,2024-08-14 21:00,90,THAI,Economy,1030,865.0,True,152.0,Y,Y,Y,1,7,2,23,Wednesday,False,False,False,Wattay International Airport,VTE
Yangon International Airport,RGN,2024-08-14 15:10,Kunming Changshui International Airport,KMG,2024-08-14 18:40,120,China Eastern,Economy,1080,865.0,True,201.0,Y,Y,Y,1,8,2,23,Wednesday,False,False,False,Wattay International Airport,VTE
Yangon International Airport,RGN,2024-08-14 10:35,Singapore Changi Airport,SIN,2024-08-14 15:20,195,Singapore Airlines,Economy,1505,1140.0,True,348.0,Y,Y,Y,1,7,1,23,Wednesday,False,False,False,Wattay International Airport,VTE
Yangon International Airport,RGN,2024-08-15 11:25,Suvarnabhumi Airport,BKK,2024-08-15 13:25,90,THAI,Economy,470,300.0,,138.0,Y,Y,Y,1,7,2,23,Thursday,False,False,False,Wattay International Airport,VTE
Yangon International Airport,RGN,2024-08-15 19:00,Suvarnabhumi Airport,BKK,2024-08-15 21:00,90,THAI,Economy,1030,865.0,True,152.0,Y,Y,Y,1,7,2,23,Thursday,False,False,False,Wattay International Airport,VTE
Yangon International Airport,RGN,2024-08-15 15:10,Kunming Changshui International Airport,KMG,2024-08-15 18:40,120,China Eastern,Economy,1080,865.0,True,201.0,Y,Y,Y,1,8,2,23,Thursday,False,False,False,Wattay International Airport,VTE
Yangon International Airport,RGN,2024-08-15 17:00,Wattay International Airport,VTE,2024-08-15 19:00,90,MAI,Economy,90,,,,Y,Y,Y,1,7,1,30,Thursday,False,False,False,Wattay International Airport,VTE
Yangon International Airport,RGN,2024-08-16 11:25,Suvarnabhumi Airport,BKK,2024-08-16 13:25,90,THAI,Economy,470,300.0,,138.0,Y,Y,Y,1,7,2,23,Friday,False,False,False,Wattay International Airport,VTE
Yangon International Airport,RGN,2024-08-16 19:00,Suvarnabhumi Airport,BKK,2024-08-16 21:00,90,THAI,Economy,1030,865.0,True,152.0,Y,Y,Y,1,7,2,23,Friday,False,False,False,Wattay International Airport,VTE
Yangon International Airport,RGN,2024-08-16 10:35,Singapore Changi Airport,SIN,2024-08-16 15:20,195,Singapore Airlines,Economy,1505,1140.0,True,348.0,Y,Y,Y,1,7,1,23,Friday,False,False,False,Wattay International Airport,VTE
Yangon International Airport,RGN,2024-08-17 11:25,Suvarnabhumi Airport,BKK,2024-08-17 13:25,90,THAI,Economy,470,300.0,,138.0,Y,Y,Y,1,7,2,23,Saturday,False,False,False,Wattay International Airport,VTE
Yangon International Airport,RGN,2024-08-17 19:00,Suvarnabhumi Airport,BKK,2024-08-17 21:00,90,THAI,Economy,1030,865.0,True,152.0,Y,Y,Y,1,7,2,23,Saturday,False,False,False,Wattay International Airport,VTE
Yangon International Airport,RGN,2024-08-17 15:10,Kunming Changshui International Airport,KMG,2024-08-17 18:40,120,China Eastern,Economy,1080,865.0,True,201.0,Y,Y,Y,1,8,2,23,Saturday,False,False,False,Wattay International Airport,VTE
Yangon International Airport,RGN,2024-08-17 11:25,Guangzhou Baiyun International Airport,CAN,2024-08-17 16:00,185,China Southern,Economy,1815,1475.0,True,239.0,Y,Y,Y,1,8,1,23,Saturday,False,False,False,Wattay International Airport,VTE
Yangon International Airport,RGN,2024-08-18 11:25,Suvarnabhumi Airport,BKK,2024-08-18 13:25,90,THAI,Economy,470,300.0,,138.0,Y,Y,Y,1,7,2,23,Sunday,False,False,False,Wattay International Airport,VTE
Yangon International Airport,RGN,2024-08-18 19:00,Suvarnabhumi Airport,BKK,2024-08-18 21:00,90,THAI,Economy,1030,865.0,True,152.0,Y,Y,Y,1,7,2,23,Sunday,False,False,False,Wattay International Airport,VTE
Yangon International Airport,RGN,2024-08-18 15:10,Kunming Changshui International Airport,KMG,2024-08-18 18:40,120,China Eastern,Economy,1080,865.0,True,201.0,Y,Y,Y,1,8,2,23,Sunday,False,False,False,Wattay International Airport,VTE
Yangon International Airport,RGN,2024-08-19 11:25,Suvarnabhumi Airport,BKK,2024-08-19 13:25,90,THAI,Economy,470,300.0,,138.0,Y,Y,Y,1,7,2,23,Monday,False,False,False,Wattay International Airport,VTE
Yangon International Airport,RGN,2024-08-19 19:00,Suvarnabhumi Airport,BKK,2024-08-19 21:00,90,THAI,Economy,1030,865.0,True,152.0,Y,Y,Y,1,7,2,23,Monday,False,False,False,Wattay International Airport,VTE
Yangon International Airport,RGN,2024-08-19 10:35,Singapore Changi Airport,SIN,2024-08-19 15:20,195,Singapore Airlines,Economy,1505,1140.0,True,348.0,Y,Y,Y,1,7,1,23,Monday,False,False,False,Wattay International Airport,VTE
Yangon International Airport,RGN,2024-08-20 11:25,Suvarnabhumi Airport,BKK,2024-08-20 13:25,90,THAI,Economy,470,300.0,,138.0,Y,Y,Y,1,7,2,23,Tuesday,False,False,False,Wattay International Airport,VTE
Yangon International Airport,RGN,2024-08-20 19:00,Suvarnabhumi Airport,BKK,2024-08-20 21:00,90,THAI,Economy,1030,865.0,True,152.0,Y,Y,Y,1,7,2,23,Tuesday,False,False,False,Wattay International Airport,VTE
Yangon International Airport,RGN,2024-08-20 15:10,Kunming Changshui International Airport,KMG,2024-08-20 18:40,120,China Eastern,Economy,1080,865.0,True,201.0,Y,Y,Y,1,8,2,23,Tuesday,False,False,False,Wattay International Airport,VTE
Yangon International Airport,RGN,2024-08-20 17:00,Wattay International Airport,VTE,2024-08-20 19:00,90,MAI,Economy,90,,,,Y,Y,Y,1,7,1,30,Tuesday,False,False,False,Wattay International Airport,VTE
Yangon International Airport,RGN,2024-08-21 11:25,Suvarnabhumi Airport,BKK,2024-08-21 13:25,90,THAI,Economy,470,300.0,,138.0,Y,Y,Y,1,7,2,23,Wednesday,False,False,False,Wattay International Airport,VTE
Yangon International Airport,RGN,2024-08-21 19:00,Suvarnabhumi Airport,BKK,2024-08-21 21:00,90,THAI,Economy,1030,865.0,True,152.0,Y,Y,Y,1,7,2,23,Wednesday,False,False,False,Wattay International Airport,VTE
Yangon International Airport,RGN,2024-08-21 15:10,Kunming Changshui International Airport,KMG,2024-08-21 18:40,120,China Eastern,Economy,1080,865.0,True,201.0,Y,Y,Y,1,8,2,23,Wednesday,False,False,False,Wattay International Airport,VTE
Yangon International Airport,RGN,2024-08-21 10:35,Singapore Changi Airport,SIN,2024-08-21 15:20,195,Singapore Airlines,Economy,1505,1140.0,True,348.0,Y,Y,Y,1,7,1,23,Wednesday,False,False,False,Wattay International Airport,VTE
Yangon International Airport,RGN,2024-08-22 11:25,Suvarnabhumi Airport,BKK,2024-08-22 13:25,90,THAI,Economy,470,300.0,,138.0,Y,Y,Y,1,7,2,23,Thursday,False,False,False,Wattay International Airport,VTE
Yangon International Airport,RGN,2024-08-22 19:00,Suvarnabhumi Airport,BKK,2024-08-22 21:00,90,THAI,Economy,1030,865.0,True,160.0,Y,Y,Y,1,7,2,23,Thursday,False,False,False,Wattay International Airport,VTE
Yangon International Airport,RGN,2024-08-22 15:10,Kunming Changshui International Airport,KMG,2024-08-22 18:40,120,China Eastern,Economy,1080,865.0,True,201.0,Y,Y,Y,1,8,2,23,Thursday,False,False,False,Wattay International Airport,VTE
Yangon International Airport,RGN,2024-08-22 17:00,Wattay International Airport,VTE,2024-08-22 19:00,90,MAI,Economy,90,,,,Y,Y,Y,1,7,1,30,Thursday,False,False,False,Wattay International Airport,VTE
Yangon International Airport,RGN,2024-08-23 11:25,Suvarnabhumi Airport,BKK,2024-08-23 13:25,90,THAI,Economy,470,300.0,,138.0,Y,Y,Y,1,7,2,23,Friday,False,False,False,Wattay International Airport,VTE
Yangon International Airport,RGN,2024-08-23 19:00,Suvarnabhumi Airport,BKK,2024-08-23 21:00,90,THAI,Economy,1030,865.0,True,152.0,Y,Y,Y,1,7,2,23,Friday,False,False,False,Wattay International Airport,VTE
Yangon International Airport,RGN,2024-08-23 10:35,Singapore Changi Airport,SIN,2024-08-23 15:20,195,Singapore Airlines,Economy,1505,1140.0,True,348.0,Y,Y,Y,1,7,1,23,Friday,False,False,False,Wattay International Airport,VTE
Yangon International Airport,RGN,2024-08-24 11:25,Suvarnabhumi Airport,BKK,2024-08-24 13:25,90,THAI,Economy,470,300.0,,138.0,Y,Y,Y,1,7,2,23,Saturday,False,False,False,Wattay International Airport,VTE
Yangon International Airport,RGN,2024-08-24 19:00,Suvarnabhumi Airport,BKK,2024-08-24 21:00,90,THAI,Economy,1030,865.0,True,160.0,Y,Y,Y,1,7,2,23,Saturday,False,False,False,Wattay International Airport,VTE
Yangon International Airport,RGN,2024-08-24 15:10,Kunming Changshui International Airport,KMG,2024-08-24 18:40,120,China Eastern,Economy,1080,865.0,True,201.0,Y,Y,Y,1,8,2,23,Saturday,False,False,False,Wattay International Airport,VTE
Yangon International Airport,RGN,2024-08-24 11:25,Guangzhou Baiyun International Airport,CAN,2024-08-24 16:00,185,China Southern,Economy,1815,1475.0,True,216.0,Y,Y,Y,1,8,1,23,Saturday,False,False,False,Wattay International Airport,VTE
Yangon International Airport,RGN,2024-08-25 11:25,Suvarnabhumi Airport,BKK,2024-08-25 13:25,90,THAI,Economy,470,300.0,,138.0,Y,Y,Y,1,7,2,23,Sunday,False,False,False,Wattay International Airport,VTE
Yangon International Airport,RGN,2024-08-25 19:00,Suvarnabhumi Airport,BKK,2024-08-25 21:00,90,THAI,Economy,1030,865.0,True,152.0,Y,Y,Y,1,7,2,23,Sunday,False,False,False,Wattay International Airport,VTE
Yangon International Airport,RGN,2024-08-25 15:10,Kunming Changshui International Airport,KMG,2024-08-25 18:40,120,China Eastern,Economy,1080,865.0,True,201.0,Y,Y,Y,1,8,2,23,Sunday,False,False,False,Wattay International Airport,VTE
Yangon International Airport,RGN,2024-08-26 11:25,Suvarnabhumi Airport,BKK,2024-08-26 13:25,90,THAI,Economy,470,300.0,,138.0,Y,Y,Y,1,7,2,23,Monday,False,False,False,Wattay International Airport,VTE
Yangon International Airport,RGN,2024-08-26 19:00,Suvarnabhumi Airport,BKK,2024-08-26 21:00,90,THAI,Economy,1030,865.0,True,152.0,Y,Y,Y,1,7,2,23,Monday,False,False,False,Wattay International Airport,VTE
Yangon International Airport,RGN,2024-08-26 15:10,Kunming Changshui International Airport,KMG,2024-08-26 18:40,120,China Eastern,Economy,1080,865.0,True,201.0,Y,Y,Y,1,8,2,23,Monday,False,False,False,Wattay International Airport,VTE
Yangon International Airport,RGN,2024-08-26 10:35,Singapore Changi Airport,SIN,2024-08-26 15:20,195,Singapore Airlines,Economy,1505,1140.0,True,348.0,Y,Y,Y,1,7,1,23,Monday,False,False,False,Wattay International Airport,VTE
Yangon International Airport,RGN,2024-08-27 11:25,Suvarnabhumi Airport,BKK,2024-08-27 13:25,90,THAI,Economy,470,300.0,,138.0,Y,Y,Y,1,7,2,23,Tuesday,False,False,False,Wattay International Airport,VTE
Yangon International Airport,RGN,2024-08-27 19:00,Suvarnabhumi Airport,BKK,2024-08-27 21:00,90,THAI,Economy,1030,865.0,True,152.0,Y,Y,Y,1,7,2,23,Tuesday,False,False,False,Wattay International Airport,VTE
Yangon International Airport,RGN,2024-08-27 15:10,Kunming Changshui International Airport,KMG,2024-08-27 18:40,120,China Eastern,Economy,1080,865.0,True,201.0,Y,Y,Y,1,8,2,23,Tuesday,False,False,False,Wattay International Airport,VTE
Yangon International Airport,RGN,2024-08-27 17:00,Wattay International Airport,VTE,2024-08-27 19:00,90,MAI,Economy,90,,,,Y,Y,Y,1,7,1,30,Tuesday,False,False,False,Wattay International Airport,VTE
Yangon International Airport,RGN,2024-08-28 11:25,Suvarnabhumi Airport,BKK,2024-08-28 13:25,90,THAI,Economy,470,300.0,,138.0,Y,Y,Y,1,7,2,23,Wednesday,False,False,False,Wattay International Airport,VTE
Yangon International Airport,RGN,2024-08-28 19:00,Suvarnabhumi Airport,BKK,2024-08-28 21:00,90,THAI,Economy,1030,865.0,True,152.0,Y,Y,Y,1,7,2,23,Wednesday,False,False,False,Wattay International Airport,VTE
Yangon International Airport,RGN,2024-08-28 15:10,Kunming Changshui International Airport,KMG,2024-08-28 18:40,120,China Eastern,Economy,1080,865.0,True,201.0,Y,Y,Y,1,8,2,23,Wednesday,False,False,False,Wattay International Airport,VTE
Yangon International Airport,RGN,2024-08-28 10:35,Singapore Changi Airport,SIN,2024-08-28 15:20,195,Singapore Airlines,Economy,1505,1140.0,True,348.0,Y,Y,Y,1,7,1,23,Wednesday,False,False,False,Wattay International Airport,VTE
Yangon International Airport,RGN,2024-08-29 11:25,Suvarnabhumi Airport,BKK,2024-08-29 13:25,90,THAI,Economy,470,300.0,,138.0,Y,Y,Y,1,7,2,23,Thursday,False,False,False,Wattay International Airport,VTE
Yangon International Airport,RGN,2024-08-29 19:00,Suvarnabhumi Airport,BKK,2024-08-29 21:00,90,THAI,Economy,1030,865.0,True,152.0,Y,Y,Y,1,7,2,23,Thursday,False,False,False,Wattay International Airport,VTE
Yangon International Airport,RGN,2024-08-29 15:10,Kunming Changshui International Airport,KMG,2024-08-29 18:40,120,China Eastern,Economy,1080,865.0,True,201.0,Y,Y,Y,1,8,2,23,Thursday,False,False,False,Wattay International Airport,VTE
Yangon International Airport,RGN,2024-08-29 17:00,Wattay International Airport,VTE,2024-08-29 19:00,90,MAI,Economy,90,,,,Y,Y,Y,1,7,1,30,Thursday,False,False,False,Wattay International Airport,VTE
Yangon International Airport,RGN,2024-08-30 11:25,Suvarnabhumi Airport,BKK,2024-08-30 13:25,90,THAI,Economy,470,300.0,,138.0,Y,Y,Y,1,7,2,23,Friday,False,False,False,Wattay International Airport,VTE
Yangon International Airport,RGN,2024-08-30 19:00,Suvarnabhumi Airport,BKK,2024-08-30 21:00,90,THAI,Economy,1030,865.0,True,152.0,Y,Y,Y,1,7,2,23,Friday,False,False,False,Wattay International Airport,VTE
Yangon International Airport,RGN,2024-08-30 15:10,Kunming Changshui International Airport,KMG,2024-08-30 18:40,120,China Eastern,Economy,1080,865.0,True,201.0,Y,Y,Y,1,8,2,23,Friday,False,False,False,Wattay International Airport,VTE
Yangon International Airport,RGN,2024-08-30 10:35,Singapore Changi Airport,SIN,2024-08-30 15:20,195,Singapore Airlines,Economy,1505,1140.0,True,348.0,Y,Y,Y,1,7,1,23,Friday,False,False,False,Wattay International Airport,VTE
Yangon International Airport,RGN,2024-08-31 11:25,Suvarnabhumi Airport,BKK,2024-08-31 13:25,90,THAI,Economy,470,300.0,,138.0,Y,Y,Y,1,7,2,23,Saturday,False,False,False,Wattay International Airport,VTE
Yangon International Airport,RGN,2024-08-31 19:00,Suvarnabhumi Airport,BKK,2024-08-31 21:00,90,THAI,Economy,1030,865.0,True,152.0,Y,Y,Y,1,7,2,23,Saturday,False,False,False,Wattay International Airport,VTE
Yangon International Airport,RGN,2024-08-31 15:10,Kunming Changshui International Airport,KMG,2024-08-31 18:40,120,China Eastern,Economy,1080,865.0,True,201.0,Y,Y,Y,1,8,2,23,Saturday,False,False,False,Wattay International Airport,VTE
Yangon International Airport,RGN,2024-08-31 11:25,Guangzhou Baiyun International Airport,CAN,2024-08-31 16:00,185,China Southern,Economy,1815,1475.0,True,216.0,Y,Y,Y,1,8,1,23,Saturday,False,False,False,Wattay International Airport,VTE
