Departure Airport Name,Departure Airport ID,Departure Time,Arrival Airport Name,Arrival Airport ID,Arrival Time,Duration,Airline,Travel Class,Total Duration,Layover 1 Duration,Layover 1 Overnight,Price, Cabin Baggage, Checked Baggage,Meal Included,Cabin Baggage (Number),Cabin Baggage (kg per piece),Checked Baggage (Number),Checked Baggage (kg per piece) ,Day of Week (on flight date),Departure Country Is Holiday,Arrival Country Is Holiday,Overnight Flight,Final Arrival Airport Name,Final Arrival Airport ID
Yangon International Airport,RGN,2024-07-01 18:05,Suvarnabhumi Airport,BKK,2024-07-01 19:55,80,MAI,Economy,1300,1055,True,324,Y,Y,Y,1,7,1,30,Monday,False,False,False,Brunei International Airport,BWN
Yangon International Airport,RGN,2024-07-01 10:35,Singapore Changi Airport,SIN,2024-07-01 15:20,195,Singapore Airlines,Economy,1385,1060,True,808,Y,Y,Y,1,7,1,23,Monday,False,False,False,Brunei International Airport,BWN
Yangon International Airport,RGN,2024-07-02 18:05,Suvarnabhumi Airport,BKK,2024-07-02 19:55,80,MAI,Economy,1750,1505,True,325,Y,Y,Y,1,7,1,30,Tuesday,False,False,False,Brunei International Airport,BWN
Yangon International Airport,RGN,2024-07-02 11:25,Kuala Lumpur International Airport,KUL,2024-07-02 15:50,175,Malaysia Airlines,Economy,645,325,,632,Y,Y,Y,1,7,1,23,Tuesday,False,False,False,Brunei International Airport,BWN
Yangon International Airport,RGN,2024-07-02 10:35,Singapore Changi Airport,SIN,2024-07-02 15:20,195,Singapore Airlines,Economy,1615,1285,True,808,Y,Y,Y,1,7,1,23,Tuesday,False,False,False,Brunei International Airport,BWN
Yangon International Airport,RGN,2024-07-03 11:25,Kuala Lumpur International Airport,KUL,2024-07-03 15:50,175,Malaysia Airlines,Economy,1540,1220,True,417,Y,Y,Y,1,7,1,23,Wednesday,False,False,False,Brunei International Airport,BWN
Yangon International Airport,RGN,2024-07-03 11:25,Kuala Lumpur International Airport,KUL,2024-07-03 15:50,175,Malaysia Airlines,Economy,645,325,,456,Y,Y,Y,1,7,1,23,Wednesday,False,False,False,Brunei International Airport,BWN
Yangon International Airport,RGN,2024-07-03 10:35,Singapore Changi Airport,SIN,2024-07-03 15:20,195,Singapore Airlines,Economy,1385,1060,True,721,Y,Y,Y,1,7,1,23,Wednesday,False,False,False,Brunei International Airport,BWN
Yangon International Airport,RGN,2024-07-04 11:25,Kuala Lumpur International Airport,KUL,2024-07-04 15:50,175,Malaysia Airlines,Economy,645,325,,429,Y,Y,Y,1,7,1,23,Thursday,False,False,False,Brunei International Airport,BWN
Yangon International Airport,RGN,2024-07-04 10:35,Singapore Changi Airport,SIN,2024-07-04 15:20,195,Singapore Airlines,Economy,1615,1285,True,721,Y,Y,Y,1,7,1,23,Thursday,False,False,False,Brunei International Airport,BWN
Yangon International Airport,RGN,2024-07-05 10:35,Singapore Changi Airport,SIN,2024-07-05 15:20,195,Singapore Airlines,Economy,1385,1060,True,721,Y,Y,Y,1,7,1,23,Friday,False,False,False,Brunei International Airport,BWN
Yangon International Airport,RGN,2024-07-06 11:25,Kuala Lumpur International Airport,KUL,2024-07-06 15:50,175,Malaysia Airlines,Economy,1540,1220,True,417,Y,Y,Y,1,7,1,23,Saturday,False,False,False,Brunei International Airport,BWN
Yangon International Airport,RGN,2024-07-06 10:35,Singapore Changi Airport,SIN,2024-07-06 15:20,195,Singapore Airlines,Economy,1615,1285,True,721,Y,Y,Y,1,7,1,23,Saturday,False,False,False,Brunei International Airport,BWN
Yangon International Airport,RGN,2024-07-07 06:50,Kuala Lumpur International Airport,KUL,2024-07-07 11:05,165,MAI,Economy,920,610,,429,Y,Y,Y,1,7,1,30,Sunday,False,False,False,Brunei International Airport,BWN
Yangon International Airport,RGN,2024-07-07 11:25,Kuala Lumpur International Airport,KUL,2024-07-07 15:50,175,Malaysia Airlines,Economy,645,325,,429,Y,Y,Y,1,7,1,23,Sunday,False,False,False,Brunei International Airport,BWN
Yangon International Airport,RGN,2024-07-07 10:35,Singapore Changi Airport,SIN,2024-07-07 15:20,195,Singapore Airlines,Economy,1385,1060,True,721,Y,Y,Y,1,7,1,23,Sunday,False,False,False,Brunei International Airport,BWN
Yangon International Airport,RGN,2024-07-08 10:35,Singapore Changi Airport,SIN,2024-07-08 15:20,195,Singapore Airlines,Economy,1385,1060,True,721,Y,Y,Y,1,7,1,23,Monday,False,True,False,Brunei International Airport,BWN
Yangon International Airport,RGN,2024-07-09 06:50,Kuala Lumpur International Airport,KUL,2024-07-09 11:05,165,MAI,Economy,920,610,,456,Y,Y,Y,1,7,1,30,Tuesday,False,False,False,Brunei International Airport,BWN
Yangon International Airport,RGN,2024-07-09 11:25,Kuala Lumpur International Airport,KUL,2024-07-09 15:50,175,Malaysia Airlines,Economy,645,325,,456,Y,Y,Y,1,7,1,23,Tuesday,False,False,False,Brunei International Airport,BWN
Yangon International Airport,RGN,2024-07-09 10:35,Singapore Changi Airport,SIN,2024-07-09 15:20,195,Singapore Airlines,Economy,1615,1285,True,636,Y,Y,Y,1,7,1,23,Tuesday,False,False,False,Brunei International Airport,BWN
Yangon International Airport,RGN,2024-07-10 11:25,Kuala Lumpur International Airport,KUL,2024-07-10 15:50,175,Malaysia Airlines,Economy,645,325,,587,Y,Y,Y,1,7,1,23,Wednesday,False,False,False,Brunei International Airport,BWN
Yangon International Airport,RGN,2024-07-10 11:25,Kuala Lumpur International Airport,KUL,2024-07-10 15:50,175,Malaysia Airlines,Economy,1540,1220,True,417,Y,Y,Y,1,7,1,23,Wednesday,False,False,False,Brunei International Airport,BWN
Yangon International Airport,RGN,2024-07-10 06:50,Kuala Lumpur International Airport,KUL,2024-07-10 11:05,165,MAI,Economy,1815,1505,True,436,Y,Y,Y,1,7,1,30,Wednesday,False,False,False,Brunei International Airport,BWN
Yangon International Airport,RGN,2024-07-10 06:50,Kuala Lumpur International Airport,KUL,2024-07-10 11:05,165,MAI,Economy,920,610,,589,Y,Y,Y,1,7,1,30,Wednesday,False,False,False,Brunei International Airport,BWN
Yangon International Airport,RGN,2024-07-10 10:35,Singapore Changi Airport,SIN,2024-07-10 15:20,195,Singapore Airlines,Economy,1385,1060,True,721,Y,Y,Y,1,7,1,23,Wednesday,False,False,False,Brunei International Airport,BWN
Yangon International Airport,RGN,2024-07-11 11:25,Kuala Lumpur International Airport,KUL,2024-07-11 15:50,175,Malaysia Airlines,Economy,645,325,,415,Y,Y,Y,1,7,1,23,Thursday,False,False,False,Brunei International Airport,BWN
Yangon International Airport,RGN,2024-07-11 06:50,Kuala Lumpur International Airport,KUL,2024-07-11 11:05,165,MAI,Economy,920,610,,429,Y,Y,Y,1,7,1,30,Thursday,False,False,False,Brunei International Airport,BWN
Yangon International Airport,RGN,2024-07-11 10:35,Singapore Changi Airport,SIN,2024-07-11 15:20,195,Singapore Airlines,Economy,1615,1285,True,636,Y,Y,Y,1,7,1,23,Thursday,False,False,False,Brunei International Airport,BWN
Yangon International Airport,RGN,2024-07-12 06:50,Kuala Lumpur International Airport,KUL,2024-07-12 11:05,165,MAI,Economy,920,610,,429,Y,Y,Y,1,7,1,30,Friday,False,False,False,Brunei International Airport,BWN
Yangon International Airport,RGN,2024-07-12 11:25,Kuala Lumpur International Airport,KUL,2024-07-12 15:50,175,Malaysia Airlines,Economy,645,325,,429,Y,Y,Y,1,7,1,23,Friday,False,False,False,Brunei International Airport,BWN
Yangon International Airport,RGN,2024-07-12 10:35,Singapore Changi Airport,SIN,2024-07-12 15:20,195,Singapore Airlines,Economy,1385,1060,True,636,Y,Y,Y,1,7,1,23,Friday,False,False,False,Brunei International Airport,BWN
Yangon International Airport,RGN,2024-07-13 11:25,Kuala Lumpur International Airport,KUL,2024-07-13 15:50,175,Malaysia Airlines,Economy,1540,1220,True,551,Y,Y,Y,1,7,1,23,Saturday,False,False,False,Brunei International Airport,BWN
Yangon International Airport,RGN,2024-07-13 06:50,Kuala Lumpur International Airport,KUL,2024-07-13 11:05,165,MAI,Economy,1815,1505,True,559,Y,Y,Y,1,7,1,30,Saturday,False,False,False,Brunei International Airport,BWN
Yangon International Airport,RGN,2024-07-13 10:35,Singapore Changi Airport,SIN,2024-07-13 15:20,195,Singapore Airlines,Economy,1615,1285,True,636,Y,Y,Y,1,7,1,23,Saturday,False,False,False,Brunei International Airport,BWN
Yangon International Airport,RGN,2024-07-14 11:25,Kuala Lumpur International Airport,KUL,2024-07-14 15:50,175,Malaysia Airlines,Economy,645,325,,587,Y,Y,Y,1,7,1,23,Sunday,False,False,False,Brunei International Airport,BWN
Yangon International Airport,RGN,2024-07-14 06:50,Kuala Lumpur International Airport,KUL,2024-07-14 11:05,165,MAI,Economy,920,610,,589,Y,Y,Y,1,7,1,30,Sunday,False,False,False,Brunei International Airport,BWN
Yangon International Airport,RGN,2024-07-14 10:35,Singapore Changi Airport,SIN,2024-07-14 15:20,195,Singapore Airlines,Economy,1385,1060,True,636,Y,Y,Y,1,7,1,23,Sunday,False,False,False,Brunei International Airport,BWN
Yangon International Airport,RGN,2024-07-15 11:25,Kuala Lumpur International Airport,KUL,2024-07-15 15:50,175,Malaysia Airlines,Economy,2085,1765,True,594,Y,Y,Y,1,7,1,23,Monday,False,True,False,Brunei International Airport,BWN
Yangon International Airport,RGN,2024-07-15 06:50,Kuala Lumpur International Airport,KUL,2024-07-15 11:05,165,MAI,Economy,2360,2050,True,596,Y,Y,Y,1,7,1,30,Monday,False,True,False,Brunei International Airport,BWN
Yangon International Airport,RGN,2024-07-15 10:35,Singapore Changi Airport,SIN,2024-07-15 15:20,195,Singapore Airlines,Economy,1385,1060,True,636,Y,Y,Y,1,7,1,23,Monday,False,True,False,Brunei International Airport,BWN
Yangon International Airport,RGN,2024-07-16 11:25,Kuala Lumpur International Airport,KUL,2024-07-16 15:50,175,Malaysia Airlines,Economy,645,325,,587,Y,Y,Y,1,7,1,23,Tuesday,False,False,False,Brunei International Airport,BWN
Yangon International Airport,RGN,2024-07-16 06:50,Kuala Lumpur International Airport,KUL,2024-07-16 11:05,165,MAI,Economy,920,610,,589,Y,Y,Y,1,7,1,30,Tuesday,False,False,False,Brunei International Airport,BWN
Yangon International Airport,RGN,2024-07-16 10:35,Singapore Changi Airport,SIN,2024-07-16 15:20,195,Singapore Airlines,Economy,1615,1285,True,636,Y,Y,Y,1,7,1,23,Tuesday,False,False,False,Brunei International Airport,BWN
Yangon International Airport,RGN,2024-07-17 11:25,Kuala Lumpur International Airport,KUL,2024-07-17 15:50,175,Malaysia Airlines,Economy,1540,1220,True,417,Y,Y,Y,1,7,1,23,Wednesday,False,False,False,Brunei International Airport,BWN
Yangon International Airport,RGN,2024-07-17 06:50,Kuala Lumpur International Airport,KUL,2024-07-17 11:05,165,MAI,Economy,920,610,,456,Y,Y,Y,1,7,1,30,Wednesday,False,False,False,Brunei International Airport,BWN
Yangon International Airport,RGN,2024-07-17 11:25,Kuala Lumpur International Airport,KUL,2024-07-17 15:50,175,Malaysia Airlines,Economy,645,325,,456,Y,Y,Y,1,7,1,23,Wednesday,False,False,False,Brunei International Airport,BWN
Yangon International Airport,RGN,2024-07-17 10:35,Singapore Changi Airport,SIN,2024-07-17 15:20,195,Singapore Airlines,Economy,1385,1060,True,636,Y,Y,Y,1,7,1,23,Wednesday,False,False,False,Brunei International Airport,BWN
Yangon International Airport,RGN,2024-07-18 11:25,Kuala Lumpur International Airport,KUL,2024-07-18 15:50,175,Malaysia Airlines,Economy,645,325,,401,Y,Y,Y,1,7,1,23,Thursday,False,False,False,Brunei International Airport,BWN
Yangon International Airport,RGN,2024-07-18 06:50,Kuala Lumpur International Airport,KUL,2024-07-18 11:05,165,MAI,Economy,920,610,,429,Y,Y,Y,1,7,1,30,Thursday,False,False,False,Brunei International Airport,BWN
Yangon International Airport,RGN,2024-07-18 10:35,Singapore Changi Airport,SIN,2024-07-18 15:20,195,Singapore Airlines,Economy,1615,1285,True,636,Y,Y,Y,1,7,1,23,Thursday,False,False,False,Brunei International Airport,BWN
Yangon International Airport,RGN,2024-07-19 11:25,Kuala Lumpur International Airport,KUL,2024-07-19 15:50,175,Malaysia Airlines,Economy,645,325,,401,Y,Y,Y,1,7,1,23,Friday,True,False,False,Brunei International Airport,BWN
Yangon International Airport,RGN,2024-07-19 06:50,Kuala Lumpur International Airport,KUL,2024-07-19 11:05,165,MAI,Economy,920,610,,429,Y,Y,Y,1,7,1,30,Friday,True,False,False,Brunei International Airport,BWN
Yangon International Airport,RGN,2024-07-19 10:35,Singapore Changi Airport,SIN,2024-07-19 15:20,195,Singapore Airlines,Economy,1385,1060,True,636,Y,Y,Y,1,7,1,23,Friday,True,False,False,Brunei International Airport,BWN
Yangon International Airport,RGN,2024-07-20 11:25,Kuala Lumpur International Airport,KUL,2024-07-20 15:50,175,Malaysia Airlines,Economy,1540,1220,True,588,Y,Y,Y,1,7,1,23,Saturday,True,False,False,Brunei International Airport,BWN
Yangon International Airport,RGN,2024-07-20 10:35,Singapore Changi Airport,SIN,2024-07-20 15:20,195,Singapore Airlines,Economy,1615,1285,True,636,Y,Y,Y,1,7,1,23,Saturday,True,False,False,Brunei International Airport,BWN
Yangon International Airport,RGN,2024-07-21 06:50,Kuala Lumpur International Airport,KUL,2024-07-21 11:05,165,MAI,Economy,920,610,,456,Y,Y,Y,1,7,1,30,Sunday,False,False,False,Brunei International Airport,BWN
Yangon International Airport,RGN,2024-07-21 11:25,Kuala Lumpur International Airport,KUL,2024-07-21 15:50,175,Malaysia Airlines,Economy,645,325,,456,Y,Y,Y,1,7,1,23,Sunday,False,False,False,Brunei International Airport,BWN
Yangon International Airport,RGN,2024-07-21 10:35,Singapore Changi Airport,SIN,2024-07-21 15:20,195,Singapore Airlines,Economy,1385,1060,True,636,Y,Y,Y,1,7,1,23,Sunday,False,False,False,Brunei International Airport,BWN
Yangon International Airport,RGN,2024-07-22 10:35,Singapore Changi Airport,SIN,2024-07-22 15:20,195,Singapore Airlines,Economy,1385,1060,True,571,Y,Y,Y,1,7,1,23,Monday,False,False,False,Brunei International Airport,BWN
Yangon International Airport,RGN,2024-07-23 06:50,Kuala Lumpur International Airport,KUL,2024-07-23 11:05,165,MAI,Economy,920,610,,456,Y,Y,Y,1,7,1,30,Tuesday,False,False,False,Brunei International Airport,BWN
Yangon International Airport,RGN,2024-07-23 11:25,Kuala Lumpur International Airport,KUL,2024-07-23 15:50,175,Malaysia Airlines,Economy,645,325,,456,Y,Y,Y,1,7,1,23,Tuesday,False,False,False,Brunei International Airport,BWN
Yangon International Airport,RGN,2024-07-23 10:35,Singapore Changi Airport,SIN,2024-07-23 15:20,195,Singapore Airlines,Economy,1615,1285,True,571,Y,Y,Y,1,7,1,23,Tuesday,False,False,False,Brunei International Airport,BWN
Yangon International Airport,RGN,2024-07-24 06:50,Kuala Lumpur International Airport,KUL,2024-07-24 11:05,165,MAI,Economy,920,610,,456,Y,Y,Y,1,7,1,30,Wednesday,False,False,False,Brunei International Airport,BWN
Yangon International Airport,RGN,2024-07-24 11:25,Kuala Lumpur International Airport,KUL,2024-07-24 15:50,175,Malaysia Airlines,Economy,645,325,,456,Y,Y,Y,1,7,1,23,Wednesday,False,False,False,Brunei International Airport,BWN
Yangon International Airport,RGN,2024-07-24 10:35,Singapore Changi Airport,SIN,2024-07-24 15:20,195,Singapore Airlines,Economy,1385,1060,True,571,Y,Y,Y,1,7,1,23,Wednesday,False,False,False,Brunei International Airport,BWN
Yangon International Airport,RGN,2024-07-25 06:50,Kuala Lumpur International Airport,KUL,2024-07-25 11:05,165,MAI,Economy,920,610,,429,Y,Y,Y,1,7,1,30,Thursday,False,False,False,Brunei International Airport,BWN
Yangon International Airport,RGN,2024-07-25 11:25,Kuala Lumpur International Airport,KUL,2024-07-25 15:50,175,Malaysia Airlines,Economy,645,325,,429,Y,Y,Y,1,7,1,23,Thursday,False,False,False,Brunei International Airport,BWN
Yangon International Airport,RGN,2024-07-25 10:35,Singapore Changi Airport,SIN,2024-07-25 15:20,195,Singapore Airlines,Economy,1615,1285,True,571,Y,Y,Y,1,7,1,23,Thursday,False,False,False,Brunei International Airport,BWN
Yangon International Airport,RGN,2024-07-26 06:50,Kuala Lumpur International Airport,KUL,2024-07-26 11:05,165,MAI,Economy,920,610,,456,Y,Y,Y,1,7,1,30,Friday,False,False,False,Brunei International Airport,BWN
Yangon International Airport,RGN,2024-07-26 11:25,Kuala Lumpur International Airport,KUL,2024-07-26 15:50,175,Malaysia Airlines,Economy,645,325,,456,Y,Y,Y,1,7,1,23,Friday,False,False,False,Brunei International Airport,BWN
Yangon International Airport,RGN,2024-07-26 10:35,Singapore Changi Airport,SIN,2024-07-26 15:20,195,Singapore Airlines,Economy,1385,1060,True,571,Y,Y,Y,1,7,1,23,Friday,False,False,False,Brunei International Airport,BWN
Yangon International Airport,RGN,2024-07-27 11:25,Kuala Lumpur International Airport,KUL,2024-07-27 15:50,175,Malaysia Airlines,Economy,1540,1220,True,588,Y,Y,Y,1,7,1,23,Saturday,False,False,False,Brunei International Airport,BWN
Yangon International Airport,RGN,2024-07-27 10:35,Singapore Changi Airport,SIN,2024-07-27 15:20,195,Singapore Airlines,Economy,1615,1285,True,636,Y,Y,Y,1,7,1,23,Saturday,False,False,False,Brunei International Airport,BWN
Yangon International Airport,RGN,2024-07-28 06:50,Kuala Lumpur International Airport,KUL,2024-07-28 11:05,165,MAI,Economy,920,610,,456,Y,Y,Y,1,7,1,30,Sunday,False,False,False,Brunei International Airport,BWN
Yangon International Airport,RGN,2024-07-28 11:25,Kuala Lumpur International Airport,KUL,2024-07-28 15:50,175,Malaysia Airlines,Economy,645,325,,456,Y,Y,Y,1,7,1,23,Sunday,False,False,False,Brunei International Airport,BWN
Yangon International Airport,RGN,2024-07-28 10:35,Singapore Changi Airport,SIN,2024-07-28 15:20,195,Singapore Airlines,Economy,1385,1060,True,571,Y,Y,Y,1,7,1,23,Sunday,False,False,False,Brunei International Airport,BWN
Yangon International Airport,RGN,2024-07-29 10:35,Singapore Changi Airport,SIN,2024-07-29 15:20,195,Singapore Airlines,Economy,1385,1060,True,526,Y,Y,Y,1,7,1,23,Monday,False,False,False,Brunei International Airport,BWN
Yangon International Airport,RGN,2024-07-30 06:50,Kuala Lumpur International Airport,KUL,2024-07-30 11:05,165,MAI,Economy,920,610,,456,Y,Y,Y,1,7,1,30,Tuesday,False,False,False,Brunei International Airport,BWN
Yangon International Airport,RGN,2024-07-30 11:25,Kuala Lumpur International Airport,KUL,2024-07-30 15:50,175,Malaysia Airlines,Economy,645,325,,456,Y,Y,Y,1,7,1,23,Tuesday,False,False,False,Brunei International Airport,BWN
Yangon International Airport,RGN,2024-07-30 10:35,Singapore Changi Airport,SIN,2024-07-30 15:20,195,Singapore Airlines,Economy,1615,1285,True,526,Y,Y,Y,1,7,1,23,Tuesday,False,False,False,Brunei International Airport,BWN
Yangon International Airport,RGN,2024-07-31 11:25,Kuala Lumpur International Airport,KUL,2024-07-31 15:50,175,Malaysia Airlines,Economy,1540,1220,True,417,Y,Y,Y,1,7,1,23,Wednesday,False,False,False,Brunei International Airport,BWN
Yangon International Airport,RGN,2024-07-31 06:50,Kuala Lumpur International Airport,KUL,2024-07-31 11:05,165,MAI,Economy,920,610,,456,Y,Y,Y,1,7,1,30,Wednesday,False,False,False,Brunei International Airport,BWN
Yangon International Airport,RGN,2024-07-31 11:25,Kuala Lumpur International Airport,KUL,2024-07-31 15:50,175,Malaysia Airlines,Economy,645,325,,456,Y,Y,Y,1,7,1,23,Wednesday,False,False,False,Brunei International Airport,BWN
Yangon International Airport,RGN,2024-07-31 10:35,Singapore Changi Airport,SIN,2024-07-31 15:20,195,Singapore Airlines,Economy,1385,1060,True,526,Y,Y,Y,1,7,1,23,Wednesday,False,False,False,Brunei International Airport,BWN
Yangon International Airport,RGN,2024-08-01 11:25,Kuala Lumpur International Airport,KUL,2024-08-01 15:50,175,Malaysia Airlines,Economy,645,325,,339,Y,Y,Y,1,7,1,23,Thursday,False,False,False,Brunei International Airport,BWN
Yangon International Airport,RGN,2024-08-01 06:50,Kuala Lumpur International Airport,KUL,2024-08-01 11:05,165,MAI,Economy,920,610,,350,Y,Y,Y,1,7,1,30,Thursday,False,False,False,Brunei International Airport,BWN
Yangon International Airport,RGN,2024-08-01 10:35,Singapore Changi Airport,SIN,2024-08-01 15:20,195,Singapore Airlines,Economy,1615,1285,True,517,Y,Y,Y,1,7,1,23,Thursday,False,False,False,Brunei International Airport,BWN
Yangon International Airport,RGN,2024-08-02 11:25,Kuala Lumpur International Airport,KUL,2024-08-02 15:50,175,Malaysia Airlines,Economy,645,325,,339,Y,Y,Y,1,7,1,23,Friday,False,False,False,Brunei International Airport,BWN
Yangon International Airport,RGN,2024-08-02 06:50,Kuala Lumpur International Airport,KUL,2024-08-02 11:05,165,MAI,Economy,920,610,,350,Y,Y,Y,1,7,1,30,Friday,False,False,False,Brunei International Airport,BWN
Yangon International Airport,RGN,2024-08-02 10:35,Singapore Changi Airport,SIN,2024-08-02 15:20,195,Singapore Airlines,Economy,1385,1060,True,517,Y,Y,Y,1,7,1,23,Friday,False,False,False,Brunei International Airport,BWN
Yangon International Airport,RGN,2024-08-03 11:25,Kuala Lumpur International Airport,KUL,2024-08-03 15:50,175,Malaysia Airlines,Economy,2085,1765,True,379,Y,Y,Y,1,7,1,23,Saturday,False,False,False,Brunei International Airport,BWN
Yangon International Airport,RGN,2024-08-03 10:35,Singapore Changi Airport,SIN,2024-08-03 15:20,195,Singapore Airlines,Economy,1615,1285,True,517,Y,Y,Y,1,7,1,23,Saturday,False,False,False,Brunei International Airport,BWN
Yangon International Airport,RGN,2024-08-03 06:50,Kuala Lumpur International Airport,KUL,2024-08-03 11:05,165,MAI,Economy,2360,2050,True,379,Y,Y,Y,1,7,1,30,Saturday,False,False,False,Brunei International Airport,BWN
Yangon International Airport,RGN,2024-08-03 11:25,Kuala Lumpur International Airport,KUL,2024-08-03 15:50,175,Malaysia Airlines,Economy,1540,1220,True,480,Y,Y,Y,1,7,1,23,Saturday,False,False,False,Brunei International Airport,BWN
Yangon International Airport,RGN,2024-08-03 06:50,Kuala Lumpur International Airport,KUL,2024-08-03 11:05,165,MAI,Economy,1815,1505,True,486,Y,Y,Y,1,7,1,30,Saturday,False,False,False,Brunei International Airport,BWN
Yangon International Airport,RGN,2024-08-04 06:50,Kuala Lumpur International Airport,KUL,2024-08-04 11:05,165,MAI,Economy,920,610,,373,Y,Y,Y,1,7,1,30,Sunday,False,False,False,Brunei International Airport,BWN
Yangon International Airport,RGN,2024-08-04 11:25,Kuala Lumpur International Airport,KUL,2024-08-04 15:50,175,Malaysia Airlines,Economy,645,325,,373,Y,Y,Y,1,7,1,23,Sunday,False,False,False,Brunei International Airport,BWN
Yangon International Airport,RGN,2024-08-04 10:35,Singapore Changi Airport,SIN,2024-08-04 15:20,195,Singapore Airlines,Economy,1385,1060,True,517,Y,Y,Y,1,7,1,23,Sunday,False,False,False,Brunei International Airport,BWN
Yangon International Airport,RGN,2024-08-05 06:50,Kuala Lumpur International Airport,KUL,2024-08-05 11:05,165,MAI,Economy,2360,2050,True,486,Y,Y,Y,1,7,1,30,Monday,False,False,False,Brunei International Airport,BWN
Yangon International Airport,RGN,2024-08-05 10:35,Singapore Changi Airport,SIN,2024-08-05 15:20,195,Singapore Airlines,Economy,1385,1060,True,657,Y,Y,Y,1,7,1,23,Monday,False,False,False,Brunei International Airport,BWN
Yangon International Airport,RGN,2024-08-06 11:25,Kuala Lumpur International Airport,KUL,2024-08-06 15:50,175,Malaysia Airlines,Economy,645,325,,479,Y,Y,Y,1,7,1,23,Tuesday,False,False,False,Brunei International Airport,BWN
Yangon International Airport,RGN,2024-08-06 06:50,Kuala Lumpur International Airport,KUL,2024-08-06 11:05,165,MAI,Economy,920,610,,481,Y,Y,Y,1,7,1,30,Tuesday,False,False,False,Brunei International Airport,BWN
Yangon International Airport,RGN,2024-08-06 10:35,Singapore Changi Airport,SIN,2024-08-06 15:20,195,Singapore Airlines,Economy,1615,1285,True,517,Y,Y,Y,1,7,1,23,Tuesday,False,False,False,Brunei International Airport,BWN
Yangon International Airport,RGN,2024-08-07 11:25,Kuala Lumpur International Airport,KUL,2024-08-07 15:50,175,Malaysia Airlines,Economy,645,325,,479,Y,Y,Y,1,7,1,23,Wednesday,False,False,False,Brunei International Airport,BWN
Yangon International Airport,RGN,2024-08-07 11:25,Kuala Lumpur International Airport,KUL,2024-08-07 15:50,175,Malaysia Airlines,Economy,1540,1220,True,352,Y,Y,Y,1,7,1,23,Wednesday,False,False,False,Brunei International Airport,BWN
Yangon International Airport,RGN,2024-08-07 06:50,Kuala Lumpur International Airport,KUL,2024-08-07 11:05,165,MAI,Economy,1815,1505,True,356,Y,Y,Y,1,7,1,30,Wednesday,False,False,False,Brunei International Airport,BWN
Yangon International Airport,RGN,2024-08-07 06:50,Kuala Lumpur International Airport,KUL,2024-08-07 11:05,165,MAI,Economy,920,610,,481,Y,Y,Y,1,7,1,30,Wednesday,False,False,False,Brunei International Airport,BWN
Yangon International Airport,RGN,2024-08-07 10:35,Singapore Changi Airport,SIN,2024-08-07 15:20,195,Singapore Airlines,Economy,1385,1060,True,586,Y,Y,Y,1,7,1,23,Wednesday,False,False,False,Brunei International Airport,BWN
Yangon International Airport,RGN,2024-08-08 06:50,Kuala Lumpur International Airport,KUL,2024-08-08 11:05,165,MAI,Economy,920,610,,350,Y,Y,Y,1,7,1,30,Thursday,False,False,False,Brunei International Airport,BWN
Yangon International Airport,RGN,2024-08-08 11:25,Kuala Lumpur International Airport,KUL,2024-08-08 15:50,175,Malaysia Airlines,Economy,645,325,,350,Y,Y,Y,1,7,1,23,Thursday,False,False,False,Brunei International Airport,BWN
Yangon International Airport,RGN,2024-08-08 10:35,Singapore Changi Airport,SIN,2024-08-08 15:20,195,Singapore Airlines,Economy,1615,1285,True,657,Y,Y,Y,1,7,1,23,Thursday,False,False,False,Brunei International Airport,BWN
Yangon International Airport,RGN,2024-08-09 06:50,Kuala Lumpur International Airport,KUL,2024-08-09 11:05,165,MAI,Economy,920,610,,350,Y,Y,Y,1,7,1,30,Friday,False,False,False,Brunei International Airport,BWN
Yangon International Airport,RGN,2024-08-09 11:25,Kuala Lumpur International Airport,KUL,2024-08-09 15:50,175,Malaysia Airlines,Economy,645,325,,350,Y,Y,Y,1,7,1,23,Friday,False,False,False,Brunei International Airport,BWN
Yangon International Airport,RGN,2024-08-09 10:35,Singapore Changi Airport,SIN,2024-08-09 15:20,195,Singapore Airlines,Economy,1385,1060,True,517,Y,Y,Y,1,7,1,23,Friday,False,False,False,Brunei International Airport,BWN
Yangon International Airport,RGN,2024-08-10 11:25,Kuala Lumpur International Airport,KUL,2024-08-10 15:50,175,Malaysia Airlines,Economy,1540,1220,True,480,Y,Y,Y,1,7,1,23,Saturday,False,False,False,Brunei International Airport,BWN
Yangon International Airport,RGN,2024-08-10 10:35,Singapore Changi Airport,SIN,2024-08-10 15:20,195,Singapore Airlines,Economy,1615,1285,True,586,Y,Y,Y,1,7,1,23,Saturday,False,False,False,Brunei International Airport,BWN
Yangon International Airport,RGN,2024-08-11 11:25,Kuala Lumpur International Airport,KUL,2024-08-11 15:50,175,Malaysia Airlines,Economy,645,325,,822,Y,Y,Y,1,7,1,23,Sunday,False,False,False,Brunei International Airport,BWN
Yangon International Airport,RGN,2024-08-12 10:35,Singapore Changi Airport,SIN,2024-08-12 15:20,195,Singapore Airlines,Economy,1385,1060,True,517,Y,Y,Y,1,7,1,23,Monday,False,False,False,Brunei International Airport,BWN
Yangon International Airport,RGN,2024-08-13 11:25,Kuala Lumpur International Airport,KUL,2024-08-13 15:50,175,Malaysia Airlines,Economy,645,325,,517,Y,Y,Y,1,7,1,23,Tuesday,False,False,False,Brunei International Airport,BWN
Yangon International Airport,RGN,2024-08-13 06:50,Kuala Lumpur International Airport,KUL,2024-08-13 11:05,165,MAI,Economy,920,610,,519,Y,Y,Y,1,7,1,30,Tuesday,False,False,False,Brunei International Airport,BWN
Yangon International Airport,RGN,2024-08-14 11:25,Kuala Lumpur International Airport,KUL,2024-08-14 15:50,175,Malaysia Airlines,Economy,645,325,,479,Y,Y,Y,1,7,1,23,Wednesday,False,False,False,Brunei International Airport,BWN
Yangon International Airport,RGN,2024-08-14 06:50,Kuala Lumpur International Airport,KUL,2024-08-14 11:05,165,MAI,Economy,920,610,,481,Y,Y,Y,1,7,1,30,Wednesday,False,False,False,Brunei International Airport,BWN
Yangon International Airport,RGN,2024-08-15 11:25,Kuala Lumpur International Airport,KUL,2024-08-15 15:50,175,Malaysia Airlines,Economy,645,325,,479,Y,Y,Y,1,7,1,23,Thursday,False,False,False,Brunei International Airport,BWN
Yangon International Airport,RGN,2024-08-15 06:50,Kuala Lumpur International Airport,KUL,2024-08-15 11:05,165,MAI,Economy,920,610,,481,Y,Y,Y,1,7,1,30,Thursday,False,False,False,Brunei International Airport,BWN
Yangon International Airport,RGN,2024-08-16 11:25,Kuala Lumpur International Airport,KUL,2024-08-16 15:50,175,Malaysia Airlines,Economy,645,325,,479,Y,Y,Y,1,7,1,23,Friday,False,False,False,Brunei International Airport,BWN
Yangon International Airport,RGN,2024-08-16 06:50,Kuala Lumpur International Airport,KUL,2024-08-16 11:05,165,MAI,Economy,920,610,,481,Y,Y,Y,1,7,1,30,Friday,False,False,False,Brunei International Airport,BWN
Yangon International Airport,RGN,2024-08-17 11:25,Kuala Lumpur International Airport,KUL,2024-08-17 15:50,175,Malaysia Airlines,Economy,1540,1220,True,480,Y,Y,Y,1,7,1,23,Saturday,False,False,False,Brunei International Airport,BWN
Yangon International Airport,RGN,2024-08-18 11:25,Kuala Lumpur International Airport,KUL,2024-08-18 15:50,175,Malaysia Airlines,Economy,645,325,,479,Y,Y,Y,1,7,1,23,Sunday,False,False,False,Brunei International Airport,BWN
Yangon International Airport,RGN,2024-08-18 06:50,Kuala Lumpur International Airport,KUL,2024-08-18 11:05,165,MAI,Economy,920,610,,481,Y,Y,Y,1,7,1,30,Sunday,False,False,False,Brunei International Airport,BWN
Yangon International Airport,RGN,2024-08-18 10:35,Singapore Changi Airport,SIN,2024-08-18 15:20,195,Singapore Airlines,Economy,1385,1060,True,657,Y,Y,Y,1,7,1,23,Sunday,False,False,False,Brunei International Airport,BWN
Yangon International Airport,RGN,2024-08-19 10:35,Singapore Changi Airport,SIN,2024-08-19 15:20,195,Singapore Airlines,Economy,1385,1060,True,517,Y,Y,Y,1,7,1,23,Monday,False,False,False,Brunei International Airport,BWN
Yangon International Airport,RGN,2024-08-20 10:35,Singapore Changi Airport,SIN,2024-08-20 15:20,195,Singapore Airlines,Economy,1615,1285,True,465,Y,Y,Y,1,7,1,23,Tuesday,False,False,False,Brunei International Airport,BWN
Yangon International Airport,RGN,2024-08-20 11:25,Kuala Lumpur International Airport,KUL,2024-08-20 15:50,175,Malaysia Airlines,Economy,645,325,,935,Y,Y,Y,1,7,1,23,Tuesday,False,False,False,Brunei International Airport,BWN
Yangon International Airport,RGN,2024-08-21 11:25,Kuala Lumpur International Airport,KUL,2024-08-21 15:50,175,Malaysia Airlines,Economy,1540,1220,True,352,Y,Y,Y,1,7,1,23,Wednesday,False,False,False,Brunei International Airport,BWN
Yangon International Airport,RGN,2024-08-21 10:35,Singapore Changi Airport,SIN,2024-08-21 15:20,195,Singapore Airlines,Economy,1385,1060,True,465,Y,Y,Y,1,7,1,23,Wednesday,False,False,False,Brunei International Airport,BWN
Yangon International Airport,RGN,2024-08-21 11:25,Kuala Lumpur International Airport,KUL,2024-08-21 15:50,175,Malaysia Airlines,Economy,645,325,,822,Y,Y,Y,1,7,1,23,Wednesday,False,False,False,Brunei International Airport,BWN
Yangon International Airport,RGN,2024-08-22 06:50,Kuala Lumpur International Airport,KUL,2024-08-22 11:05,165,MAI,Economy,920,610,,350,Y,Y,Y,1,7,1,30,Thursday,False,False,False,Brunei International Airport,BWN
Yangon International Airport,RGN,2024-08-22 11:25,Kuala Lumpur International Airport,KUL,2024-08-22 15:50,175,Malaysia Airlines,Economy,645,325,,350,Y,Y,Y,1,7,1,23,Thursday,False,False,False,Brunei International Airport,BWN
Yangon International Airport,RGN,2024-08-22 10:35,Singapore Changi Airport,SIN,2024-08-22 15:20,195,Singapore Airlines,Economy,1615,1285,True,428,Y,Y,Y,1,7,1,23,Thursday,False,False,False,Brunei International Airport,BWN
Yangon International Airport,RGN,2024-08-23 11:25,Kuala Lumpur International Airport,KUL,2024-08-23 15:50,175,Malaysia Airlines,Economy,645,325,,339,Y,Y,Y,1,7,1,23,Friday,False,False,False,Brunei International Airport,BWN
Yangon International Airport,RGN,2024-08-23 06:50,Kuala Lumpur International Airport,KUL,2024-08-23 11:05,165,MAI,Economy,920,610,,350,Y,Y,Y,1,7,1,30,Friday,False,False,False,Brunei International Airport,BWN
Yangon International Airport,RGN,2024-08-23 10:35,Singapore Changi Airport,SIN,2024-08-23 15:20,195,Singapore Airlines,Economy,1385,1060,True,517,Y,Y,Y,1,7,1,23,Friday,False,False,False,Brunei International Airport,BWN
Yangon International Airport,RGN,2024-08-24 11:25,Kuala Lumpur International Airport,KUL,2024-08-24 15:50,175,Malaysia Airlines,Economy,1540,1220,True,352,Y,Y,Y,1,7,1,23,Saturday,False,False,False,Brunei International Airport,BWN
Yangon International Airport,RGN,2024-08-24 10:35,Singapore Changi Airport,SIN,2024-08-24 15:20,195,Singapore Airlines,Economy,1615,1285,True,428,Y,Y,Y,1,7,1,23,Saturday,False,False,False,Brunei International Airport,BWN
Yangon International Airport,RGN,2024-08-25 06:50,Kuala Lumpur International Airport,KUL,2024-08-25 11:05,165,MAI,Economy,920,610,,373,Y,Y,Y,1,7,1,30,Sunday,False,False,False,Brunei International Airport,BWN
Yangon International Airport,RGN,2024-08-25 11:25,Kuala Lumpur International Airport,KUL,2024-08-25 15:50,175,Malaysia Airlines,Economy,645,325,,373,Y,Y,Y,1,7,1,23,Sunday,False,False,False,Brunei International Airport,BWN
Yangon International Airport,RGN,2024-08-25 10:35,Singapore Changi Airport,SIN,2024-08-25 15:20,195,Singapore Airlines,Economy,1385,1060,True,428,Y,Y,Y,1,7,1,23,Sunday,False,False,False,Brunei International Airport,BWN
Yangon International Airport,RGN,2024-08-26 10:35,Singapore Changi Airport,SIN,2024-08-26 15:20,195,Singapore Airlines,Economy,1385,1060,True,428,Y,Y,Y,1,7,1,23,Monday,False,False,False,Brunei International Airport,BWN
Yangon International Airport,RGN,2024-08-27 06:50,Kuala Lumpur International Airport,KUL,2024-08-27 11:05,165,MAI,Economy,920,610,,373,Y,Y,Y,1,7,1,30,Tuesday,False,False,False,Brunei International Airport,BWN
Yangon International Airport,RGN,2024-08-27 11:25,Kuala Lumpur International Airport,KUL,2024-08-27 15:50,175,Malaysia Airlines,Economy,645,325,,373,Y,Y,Y,1,7,1,23,Tuesday,False,False,False,Brunei International Airport,BWN
Yangon International Airport,RGN,2024-08-27 10:35,Singapore Changi Airport,SIN,2024-08-27 15:20,195,Singapore Airlines,Economy,1615,1285,True,428,Y,Y,Y,1,7,1,23,Tuesday,False,False,False,Brunei International Airport,BWN
Yangon International Airport,RGN,2024-08-28 11:25,Kuala Lumpur International Airport,KUL,2024-08-28 15:50,175,Malaysia Airlines,Economy,1540,1220,True,340,Y,Y,Y,1,7,1,23,Wednesday,False,False,False,Brunei International Airport,BWN
Yangon International Airport,RGN,2024-08-28 06:50,Kuala Lumpur International Airport,KUL,2024-08-28 11:05,165,MAI,Economy,920,610,,373,Y,Y,Y,1,7,1,30,Wednesday,False,False,False,Brunei International Airport,BWN
Yangon International Airport,RGN,2024-08-28 11:25,Kuala Lumpur International Airport,KUL,2024-08-28 15:50,175,Malaysia Airlines,Economy,645,325,,373,Y,Y,Y,1,7,1,23,Wednesday,False,False,False,Brunei International Airport,BWN
Yangon International Airport,RGN,2024-08-28 10:35,Singapore Changi Airport,SIN,2024-08-28 15:20,195,Singapore Airlines,Economy,1385,1060,True,428,Y,Y,Y,1,7,1,23,Wednesday,False,False,False,Brunei International Airport,BWN
Yangon International Airport,RGN,2024-08-29 06:50,Kuala Lumpur International Airport,KUL,2024-08-29 11:05,165,MAI,Economy,920,610,,328,Y,Y,Y,1,7,1,30,Thursday,False,False,False,Brunei International Airport,BWN
Yangon International Airport,RGN,2024-08-29 11:25,Kuala Lumpur International Airport,KUL,2024-08-29 15:50,175,Malaysia Airlines,Economy,645,325,,328,Y,Y,Y,1,7,1,23,Thursday,False,False,False,Brunei International Airport,BWN
Yangon International Airport,RGN,2024-08-29 10:35,Singapore Changi Airport,SIN,2024-08-29 15:20,195,Singapore Airlines,Economy,1615,1285,True,428,Y,Y,Y,1,7,1,23,Thursday,False,False,False,Brunei International Airport,BWN
Yangon International Airport,RGN,2024-08-30 06:50,Kuala Lumpur International Airport,KUL,2024-08-30 11:05,165,MAI,Economy,920,610,,373,Y,Y,Y,1,7,1,30,Friday,False,False,False,Brunei International Airport,BWN
Yangon International Airport,RGN,2024-08-30 11:25,Kuala Lumpur International Airport,KUL,2024-08-30 15:50,175,Malaysia Airlines,Economy,645,325,,373,Y,Y,Y,1,7,1,23,Friday,False,False,False,Brunei International Airport,BWN
Yangon International Airport,RGN,2024-08-30 10:35,Singapore Changi Airport,SIN,2024-08-30 15:20,195,Singapore Airlines,Economy,1385,1060,True,517,Y,Y,Y,1,7,1,23,Friday,False,False,False,Brunei International Airport,BWN
Yangon International Airport,RGN,2024-08-31 11:25,Kuala Lumpur International Airport,KUL,2024-08-31 15:50,175,Malaysia Airlines,Economy,1540,1220,True,375,Y,Y,Y,1,7,1,23,Saturday,False,False,False,Brunei International Airport,BWN
Yangon International Airport,RGN,2024-08-31 10:35,Singapore Changi Airport,SIN,2024-08-31 15:20,195,Singapore Airlines,Economy,1615,1285,True,428,Y,Y,Y,1,7,1,23,Saturday,False,False,False,Brunei International Airport,BWN
