Departure Airport Name,Departure Airport ID,Departure Time,Arrival Airport Name,Arrival Airport ID,Arrival Time,Duration,Airline,Travel Class,Total Duration,Layover 1 Duration,Layover 1 Overnight,Price, Cabin Baggage, Checked Baggage,Meal Included,Cabin Baggage (Number),Cabin Baggage (kg per piece),Checked Baggage (Number),Checked Baggage (kg per piece) ,Day of Week (on flight date),Departure Country Is Holiday,Arrival Country Is Holiday,Overnight Flight,Final Arrival Airport Name,Final Arrival Airport ID
Tan Son Nhat International Airport,SGN,2024-07-01 09:30,Ninoy Aquino International Airport,MNL,2024-07-01 13:40,190,Philippine Airlines,Economy,790,475.0,,316,Y,Y,Y,1,7,1,30,Monday,False,False,False,Brunei International Airport,BWN
Tan Son Nhat International Airport,SGN,2024-07-01 19:40,Singapore Changi Airport,SIN,2024-07-01 22:40,120,Singapore Airlines,Economy,870,620.0,True,527,Y,Y,Y,1,7,1,23,Monday,False,False,False,Brunei International Airport,BWN
Tan Son Nhat International Airport,SGN,2024-07-01 19:40,Kuala Lumpur International Airport,KUL,2024-07-01 22:30,110,Malaysia Airlines,Economy,1620,1365.0,True,718,Y,Y,Y,1,7,1,23,Monday,False,False,False,Brunei International Airport,BWN
Tan Son Nhat International Airport,SGN,2024-07-02 14:05,Brunei International Airport,BWN,2024-07-02 17:10,125,Royal Brunei,Economy,125,,,161,Y,Y,Y,1,7,1,20,Tuesday,False,False,False,Brunei International Airport,BWN
Tan Son Nhat International Airport,SGN,2024-07-02 19:40,Kuala Lumpur International Airport,KUL,2024-07-02 22:30,110,Malaysia Airlines,Economy,1620,1365.0,True,509,Y,Y,Y,1,7,1,23,Tuesday,False,False,False,Brunei International Airport,BWN
Tan Son Nhat International Airport,SGN,2024-07-02 19:40,Singapore Changi Airport,SIN,2024-07-02 22:40,120,Singapore Airlines,Economy,1100,845.0,True,527,Y,Y,Y,1,7,1,23,Tuesday,False,False,False,Brunei International Airport,BWN
Tan Son Nhat International Airport,SGN,2024-07-02 16:40,Kuala Lumpur International Airport,KUL,2024-07-02 19:40,120,Malaysia Airlines,Economy,360,95.0,,716,Y,Y,Y,1,7,1,23,Tuesday,False,False,False,Brunei International Airport,BWN
Tan Son Nhat International Airport,SGN,2024-07-03 19:40,Singapore Changi Airport,SIN,2024-07-03 22:40,120,Singapore Airlines,Economy,870,620.0,True,353,Y,Y,Y,1,7,1,23,Wednesday,False,False,False,Brunei International Airport,BWN
Tan Son Nhat International Airport,SGN,2024-07-03 16:40,Kuala Lumpur International Airport,KUL,2024-07-03 19:40,120,Malaysia Airlines,Economy,360,95.0,,507,Y,Y,Y,1,7,1,23,Wednesday,False,False,False,Brunei International Airport,BWN
Tan Son Nhat International Airport,SGN,2024-07-03 15:30,Ninoy Aquino International Airport,MNL,2024-07-03 19:40,190,Philippine Airlines,Economy,1870,1555.0,True,286,Y,Y,Y,1,7,1,30,Wednesday,False,False,False,Brunei International Airport,BWN
Tan Son Nhat International Airport,SGN,2024-07-03 19:40,Kuala Lumpur International Airport,KUL,2024-07-03 22:30,110,Malaysia Airlines,Economy,1075,820.0,True,492,Y,Y,Y,1,7,1,23,Wednesday,False,False,False,Brunei International Airport,BWN
Tan Son Nhat International Airport,SGN,2024-07-03 09:05,Singapore Changi Airport,SIN,2024-07-03 11:55,110,Scoot,Economy,1505,1265.0,True,527,Y,N,N,1,7,0,0,Wednesday,False,False,False,Brunei International Airport,BWN
Tan Son Nhat International Airport,SGN,2024-07-04 14:15,Brunei International Airport,BWN,2024-07-04 17:20,125,Royal Brunei,Economy,125,,,161,Y,Y,Y,1,7,1,20,Thursday,False,False,False,Brunei International Airport,BWN
Tan Son Nhat International Airport,SGN,2024-07-04 09:30,Ninoy Aquino International Airport,MNL,2024-07-04 13:40,190,Philippine Airlines,Economy,790,475.0,,326,Y,Y,Y,1,7,1,30,Thursday,False,False,False,Brunei International Airport,BWN
Tan Son Nhat International Airport,SGN,2024-07-04 19:40,Singapore Changi Airport,SIN,2024-07-04 22:40,120,Singapore Airlines,Economy,1100,845.0,True,353,Y,Y,Y,1,7,1,23,Thursday,False,False,False,Brunei International Airport,BWN
Tan Son Nhat International Airport,SGN,2024-07-04 16:40,Kuala Lumpur International Airport,KUL,2024-07-04 19:40,120,Malaysia Airlines,Economy,360,95.0,,490,Y,Y,Y,1,7,1,23,Thursday,False,False,False,Brunei International Airport,BWN
Tan Son Nhat International Airport,SGN,2024-07-04 19:40,Kuala Lumpur International Airport,KUL,2024-07-04 22:30,110,Malaysia Airlines,Economy,1075,820.0,True,492,Y,Y,Y,1,7,1,23,Thursday,False,False,False,Brunei International Airport,BWN
Tan Son Nhat International Airport,SGN,2024-07-04 15:15,Singapore Changi Airport,SIN,2024-07-04 18:20,125,Scoot,Economy,1365,1105.0,True,527,Y,N,N,1,7,0,0,Thursday,False,False,False,Brunei International Airport,BWN
Tan Son Nhat International Airport,SGN,2024-07-05 15:30,Ninoy Aquino International Airport,MNL,2024-07-05 19:40,190,Philippine Airlines,Economy,430,115.0,,326,Y,Y,Y,1,7,1,30,Friday,False,False,False,Brunei International Airport,BWN
Tan Son Nhat International Airport,SGN,2024-07-05 19:40,Singapore Changi Airport,SIN,2024-07-05 22:40,120,Singapore Airlines,Economy,870,620.0,True,353,Y,Y,Y,1,7,1,23,Friday,False,False,False,Brunei International Airport,BWN
Tan Son Nhat International Airport,SGN,2024-07-05 16:40,Kuala Lumpur International Airport,KUL,2024-07-05 19:40,120,Malaysia Airlines,Economy,1255,990.0,True,492,Y,Y,Y,1,7,1,23,Friday,False,False,False,Brunei International Airport,BWN
Tan Son Nhat International Airport,SGN,2024-07-05 16:40,Kuala Lumpur International Airport,KUL,2024-07-05 19:40,120,Malaysia Airlines,Economy,360,95.0,,541,Y,Y,Y,1,7,1,23,Friday,False,False,False,Brunei International Airport,BWN
Tan Son Nhat International Airport,SGN,2024-07-06 19:40,Singapore Changi Airport,SIN,2024-07-06 22:40,120,Singapore Airlines,Economy,1100,845.0,True,353,Y,Y,Y,1,7,1,23,Saturday,False,False,False,Brunei International Airport,BWN
Tan Son Nhat International Airport,SGN,2024-07-06 19:40,Kuala Lumpur International Airport,KUL,2024-07-06 22:30,110,Malaysia Airlines,Economy,1075,820.0,True,492,Y,Y,Y,1,7,1,23,Saturday,False,False,False,Brunei International Airport,BWN
Tan Son Nhat International Airport,SGN,2024-07-06 17:30,Singapore Changi Airport,SIN,2024-07-06 20:25,115,Scoot,Economy,1230,980.0,True,527,Y,N,N,1,7,0,0,Saturday,False,False,False,Brunei International Airport,BWN
Tan Son Nhat International Airport,SGN,2024-07-07 20:35,Brunei International Airport,BWN,2024-07-07 23:40,125,Royal Brunei,Economy,125,,,161,Y,Y,Y,1,7,1,20,Sunday,False,False,False,Brunei International Airport,BWN
Tan Son Nhat International Airport,SGN,2024-07-07 12:20,Singapore Changi Airport,SIN,2024-07-07 15:30,130,Singapore Airlines,Economy,1310,1050.0,True,353,Y,Y,Y,1,7,1,23,Sunday,False,False,False,Brunei International Airport,BWN
Tan Son Nhat International Airport,SGN,2024-07-07 15:30,Ninoy Aquino International Airport,MNL,2024-07-07 19:40,190,Philippine Airlines,Economy,1870,1555.0,True,446,Y,Y,Y,1,7,1,30,Sunday,False,False,False,Brunei International Airport,BWN
Tan Son Nhat International Airport,SGN,2024-07-07 19:40,Singapore Changi Airport,SIN,2024-07-07 22:40,120,Singapore Airlines,Economy,870,620.0,True,493,Y,Y,Y,1,7,1,23,Sunday,False,False,False,Brunei International Airport,BWN
Tan Son Nhat International Airport,SGN,2024-07-07 16:40,Kuala Lumpur International Airport,KUL,2024-07-07 19:40,120,Malaysia Airlines,Economy,360,95.0,,507,Y,Y,Y,1,7,1,23,Sunday,False,False,False,Brunei International Airport,BWN
Tan Son Nhat International Airport,SGN,2024-07-08 12:20,Singapore Changi Airport,SIN,2024-07-08 15:30,130,Singapore Airlines,Economy,1310,1050.0,True,309,Y,Y,Y,1,7,1,23,Monday,False,True,False,Brunei International Airport,BWN
Tan Son Nhat International Airport,SGN,2024-07-08 19:40,Singapore Changi Airport,SIN,2024-07-08 22:40,120,Singapore Airlines,Economy,870,620.0,True,353,Y,Y,Y,1,7,1,23,Monday,False,True,False,Brunei International Airport,BWN
Tan Son Nhat International Airport,SGN,2024-07-08 09:30,Ninoy Aquino International Airport,MNL,2024-07-08 13:40,190,Philippine Airlines,Economy,790,475.0,,446,Y,Y,Y,1,7,1,30,Monday,False,True,False,Brunei International Airport,BWN
Tan Son Nhat International Airport,SGN,2024-07-08 09:05,Singapore Changi Airport,SIN,2024-07-08 11:55,110,Scoot,Economy,1505,1265.0,True,493,Y,N,N,1,7,0,0,Monday,False,True,False,Brunei International Airport,BWN
Tan Son Nhat International Airport,SGN,2024-07-08 19:40,Kuala Lumpur International Airport,KUL,2024-07-08 22:30,110,Malaysia Airlines,Economy,1620,1365.0,True,543,Y,Y,Y,1,7,1,23,Monday,False,True,False,Brunei International Airport,BWN
Tan Son Nhat International Airport,SGN,2024-07-09 14:05,Brunei International Airport,BWN,2024-07-09 17:10,125,Royal Brunei,Economy,125,,,161,Y,Y,Y,1,7,1,20,Tuesday,False,False,False,Brunei International Airport,BWN
Tan Son Nhat International Airport,SGN,2024-07-09 19:40,Singapore Changi Airport,SIN,2024-07-09 22:40,120,Singapore Airlines,Economy,1100,845.0,True,353,Y,Y,Y,1,7,1,23,Tuesday,False,False,False,Brunei International Airport,BWN
Tan Son Nhat International Airport,SGN,2024-07-09 17:30,Singapore Changi Airport,SIN,2024-07-09 20:25,115,Scoot,Economy,1230,980.0,True,493,Y,N,N,1,7,0,0,Tuesday,False,False,False,Brunei International Airport,BWN
Tan Son Nhat International Airport,SGN,2024-07-09 16:40,Kuala Lumpur International Airport,KUL,2024-07-09 19:40,120,Malaysia Airlines,Economy,360,95.0,,541,Y,Y,Y,1,7,1,23,Tuesday,False,False,False,Brunei International Airport,BWN
Tan Son Nhat International Airport,SGN,2024-07-09 19:40,Kuala Lumpur International Airport,KUL,2024-07-09 22:30,110,Malaysia Airlines,Economy,1620,1365.0,True,718,Y,Y,Y,1,7,1,23,Tuesday,False,False,False,Brunei International Airport,BWN
Tan Son Nhat International Airport,SGN,2024-07-10 19:40,Singapore Changi Airport,SIN,2024-07-10 22:40,120,Singapore Airlines,Economy,870,620.0,True,309,Y,Y,Y,1,7,1,23,Wednesday,False,False,False,Brunei International Airport,BWN
Tan Son Nhat International Airport,SGN,2024-07-10 15:30,Ninoy Aquino International Airport,MNL,2024-07-10 19:40,190,Philippine Airlines,Economy,1870,1555.0,True,286,Y,Y,Y,1,7,1,30,Wednesday,False,False,False,Brunei International Airport,BWN
Tan Son Nhat International Airport,SGN,2024-07-10 19:40,Kuala Lumpur International Airport,KUL,2024-07-10 22:30,110,Malaysia Airlines,Economy,1075,820.0,True,492,Y,Y,Y,1,7,1,23,Wednesday,False,False,False,Brunei International Airport,BWN
Tan Son Nhat International Airport,SGN,2024-07-10 17:30,Singapore Changi Airport,SIN,2024-07-10 20:25,115,Scoot,Economy,1000,755.0,True,527,Y,N,N,1,7,0,0,Wednesday,False,False,False,Brunei International Airport,BWN
Tan Son Nhat International Airport,SGN,2024-07-10 16:40,Kuala Lumpur International Airport,KUL,2024-07-10 19:40,120,Malaysia Airlines,Economy,360,95.0,,716,Y,Y,Y,1,7,1,23,Wednesday,False,False,False,Brunei International Airport,BWN
Tan Son Nhat International Airport,SGN,2024-07-11 14:15,Brunei International Airport,BWN,2024-07-11 17:20,125,Royal Brunei,Economy,125,,,161,Y,Y,Y,1,7,1,20,Thursday,False,False,False,Brunei International Airport,BWN
Tan Son Nhat International Airport,SGN,2024-07-11 09:30,Ninoy Aquino International Airport,MNL,2024-07-11 13:40,190,Philippine Airlines,Economy,790,475.0,,296,Y,Y,Y,1,7,1,30,Thursday,False,False,False,Brunei International Airport,BWN
Tan Son Nhat International Airport,SGN,2024-07-11 19:40,Singapore Changi Airport,SIN,2024-07-11 22:40,120,Singapore Airlines,Economy,1100,845.0,True,309,Y,Y,Y,1,7,1,23,Thursday,False,False,False,Brunei International Airport,BWN
Tan Son Nhat International Airport,SGN,2024-07-11 16:40,Kuala Lumpur International Airport,KUL,2024-07-11 19:40,120,Malaysia Airlines,Economy,360,95.0,,490,Y,Y,Y,1,7,1,23,Thursday,False,False,False,Brunei International Airport,BWN
Tan Son Nhat International Airport,SGN,2024-07-11 19:40,Kuala Lumpur International Airport,KUL,2024-07-11 22:30,110,Malaysia Airlines,Economy,1075,820.0,True,492,Y,Y,Y,1,7,1,23,Thursday,False,False,False,Brunei International Airport,BWN
Tan Son Nhat International Airport,SGN,2024-07-11 17:30,Singapore Changi Airport,SIN,2024-07-11 20:25,115,Scoot,Economy,1230,980.0,True,493,Y,N,N,1,7,0,0,Thursday,False,False,False,Brunei International Airport,BWN
Tan Son Nhat International Airport,SGN,2024-07-12 15:30,Ninoy Aquino International Airport,MNL,2024-07-12 19:40,190,Philippine Airlines,Economy,430,115.0,,296,Y,Y,Y,1,7,1,30,Friday,False,False,False,Brunei International Airport,BWN
Tan Son Nhat International Airport,SGN,2024-07-12 19:40,Singapore Changi Airport,SIN,2024-07-12 22:40,120,Singapore Airlines,Economy,870,620.0,True,353,Y,Y,Y,1,7,1,23,Friday,False,False,False,Brunei International Airport,BWN
Tan Son Nhat International Airport,SGN,2024-07-12 16:40,Kuala Lumpur International Airport,KUL,2024-07-12 19:40,120,Malaysia Airlines,Economy,360,95.0,,507,Y,Y,Y,1,7,1,23,Friday,False,False,False,Brunei International Airport,BWN
Tan Son Nhat International Airport,SGN,2024-07-12 19:40,Kuala Lumpur International Airport,KUL,2024-07-12 22:30,110,Malaysia Airlines,Economy,1075,820.0,True,492,Y,Y,Y,1,7,1,23,Friday,False,False,False,Brunei International Airport,BWN
Tan Son Nhat International Airport,SGN,2024-07-12 17:30,Singapore Changi Airport,SIN,2024-07-12 20:25,115,Scoot,Economy,1000,755.0,True,493,Y,N,N,1,7,0,0,Friday,False,False,False,Brunei International Airport,BWN
Tan Son Nhat International Airport,SGN,2024-07-13 17:30,Singapore Changi Airport,SIN,2024-07-13 20:25,115,Scoot,Economy,1230,980.0,True,493,Y,N,N,1,7,0,0,Saturday,False,False,False,Brunei International Airport,BWN
Tan Son Nhat International Airport,SGN,2024-07-13 19:40,Singapore Changi Airport,SIN,2024-07-13 22:40,120,Singapore Airlines,Economy,1100,845.0,True,493,Y,Y,Y,1,7,1,23,Saturday,False,False,False,Brunei International Airport,BWN
Tan Son Nhat International Airport,SGN,2024-07-13 19:40,Kuala Lumpur International Airport,KUL,2024-07-13 22:30,110,Malaysia Airlines,Economy,1075,820.0,True,672,Y,Y,Y,1,7,1,23,Saturday,False,False,False,Brunei International Airport,BWN
Tan Son Nhat International Airport,SGN,2024-07-14 12:20,Singapore Changi Airport,SIN,2024-07-14 15:30,130,Singapore Airlines,Economy,1310,1050.0,True,353,Y,Y,Y,1,7,1,23,Sunday,False,False,False,Brunei International Airport,BWN
Tan Son Nhat International Airport,SGN,2024-07-14 15:15,Singapore Changi Airport,SIN,2024-07-14 18:20,125,Scoot,Economy,1135,880.0,True,493,Y,N,N,1,7,0,0,Sunday,False,False,False,Brunei International Airport,BWN
Tan Son Nhat International Airport,SGN,2024-07-14 19:40,Singapore Changi Airport,SIN,2024-07-14 22:40,120,Singapore Airlines,Economy,870,620.0,True,493,Y,Y,Y,1,7,1,23,Sunday,False,False,False,Brunei International Airport,BWN
Tan Son Nhat International Airport,SGN,2024-07-14 16:40,Kuala Lumpur International Airport,KUL,2024-07-14 19:40,120,Malaysia Airlines,Economy,360,95.0,,716,Y,Y,Y,1,7,1,23,Sunday,False,False,False,Brunei International Airport,BWN
Tan Son Nhat International Airport,SGN,2024-07-14 19:40,Kuala Lumpur International Airport,KUL,2024-07-14 22:30,110,Malaysia Airlines,Economy,1075,820.0,True,774,Y,Y,Y,1,7,1,23,Sunday,False,False,False,Brunei International Airport,BWN
Tan Son Nhat International Airport,SGN,2024-07-14 15:30,Ninoy Aquino International Airport,MNL,2024-07-14 19:40,190,Philippine Airlines,Economy,1870,1555.0,True,806,Y,Y,Y,1,7,1,30,Sunday,False,False,False,Brunei International Airport,BWN
Tan Son Nhat International Airport,SGN,2024-07-15 12:20,Singapore Changi Airport,SIN,2024-07-15 15:30,130,Singapore Airlines,Economy,1310,1050.0,True,353,Y,Y,Y,1,7,1,23,Monday,False,True,False,Brunei International Airport,BWN
Tan Son Nhat International Airport,SGN,2024-07-15 09:05,Singapore Changi Airport,SIN,2024-07-15 11:55,110,Scoot,Economy,1505,1265.0,True,493,Y,N,N,1,7,0,0,Monday,False,True,False,Brunei International Airport,BWN
Tan Son Nhat International Airport,SGN,2024-07-15 19:40,Singapore Changi Airport,SIN,2024-07-15 22:40,120,Singapore Airlines,Economy,870,620.0,True,493,Y,Y,Y,1,7,1,23,Monday,False,True,False,Brunei International Airport,BWN
Tan Son Nhat International Airport,SGN,2024-07-15 19:40,Kuala Lumpur International Airport,KUL,2024-07-15 22:30,110,Malaysia Airlines,Economy,1620,1365.0,True,718,Y,Y,Y,1,7,1,23,Monday,False,True,False,Brunei International Airport,BWN
Tan Son Nhat International Airport,SGN,2024-07-15 09:30,Ninoy Aquino International Airport,MNL,2024-07-15 13:40,190,Philippine Airlines,Economy,790,475.0,,736,Y,Y,Y,1,7,1,30,Monday,False,True,False,Brunei International Airport,BWN
Tan Son Nhat International Airport,SGN,2024-07-16 14:05,Brunei International Airport,BWN,2024-07-16 17:10,125,Royal Brunei,Economy,125,,,161,Y,Y,Y,1,7,1,20,Tuesday,False,False,False,Brunei International Airport,BWN
Tan Son Nhat International Airport,SGN,2024-07-16 19:40,Singapore Changi Airport,SIN,2024-07-16 22:40,120,Singapore Airlines,Economy,1100,845.0,True,353,Y,Y,Y,1,7,1,23,Tuesday,False,False,False,Brunei International Airport,BWN
Tan Son Nhat International Airport,SGN,2024-07-16 17:30,Singapore Changi Airport,SIN,2024-07-16 20:25,115,Scoot,Economy,1230,980.0,True,493,Y,N,N,1,7,0,0,Tuesday,False,False,False,Brunei International Airport,BWN
Tan Son Nhat International Airport,SGN,2024-07-16 19:40,Kuala Lumpur International Airport,KUL,2024-07-16 22:30,110,Malaysia Airlines,Economy,1620,1365.0,True,543,Y,Y,Y,1,7,1,23,Tuesday,False,False,False,Brunei International Airport,BWN
Tan Son Nhat International Airport,SGN,2024-07-16 16:40,Kuala Lumpur International Airport,KUL,2024-07-16 19:40,120,Malaysia Airlines,Economy,360,95.0,,716,Y,Y,Y,1,7,1,23,Tuesday,False,False,False,Brunei International Airport,BWN
Tan Son Nhat International Airport,SGN,2024-07-17 19:40,Singapore Changi Airport,SIN,2024-07-17 22:40,120,Singapore Airlines,Economy,870,620.0,True,309,Y,Y,Y,1,7,1,23,Wednesday,False,False,False,Brunei International Airport,BWN
Tan Son Nhat International Airport,SGN,2024-07-17 15:30,Ninoy Aquino International Airport,MNL,2024-07-17 19:40,190,Philippine Airlines,Economy,1870,1555.0,True,286,Y,Y,Y,1,7,1,30,Wednesday,False,False,False,Brunei International Airport,BWN
Tan Son Nhat International Airport,SGN,2024-07-17 19:40,Kuala Lumpur International Airport,KUL,2024-07-17 22:30,110,Malaysia Airlines,Economy,1620,1365.0,True,475,Y,Y,Y,1,7,1,23,Wednesday,False,False,False,Brunei International Airport,BWN
Tan Son Nhat International Airport,SGN,2024-07-17 19:40,Kuala Lumpur International Airport,KUL,2024-07-17 22:30,110,Malaysia Airlines,Economy,1075,820.0,True,492,Y,Y,Y,1,7,1,23,Wednesday,False,False,False,Brunei International Airport,BWN
Tan Son Nhat International Airport,SGN,2024-07-17 17:30,Singapore Changi Airport,SIN,2024-07-17 20:25,115,Scoot,Economy,1000,755.0,True,493,Y,N,N,1,7,0,0,Wednesday,False,False,False,Brunei International Airport,BWN
Tan Son Nhat International Airport,SGN,2024-07-17 16:40,Kuala Lumpur International Airport,KUL,2024-07-17 19:40,120,Malaysia Airlines,Economy,360,95.0,,541,Y,Y,Y,1,7,1,23,Wednesday,False,False,False,Brunei International Airport,BWN
Tan Son Nhat International Airport,SGN,2024-07-18 09:30,Ninoy Aquino International Airport,MNL,2024-07-18 13:40,190,Philippine Airlines,Economy,790,475.0,,296,Y,Y,Y,1,7,1,30,Thursday,False,False,False,Brunei International Airport,BWN
Tan Son Nhat International Airport,SGN,2024-07-18 19:40,Singapore Changi Airport,SIN,2024-07-18 22:40,120,Singapore Airlines,Economy,1100,845.0,True,309,Y,Y,Y,1,7,1,23,Thursday,False,False,False,Brunei International Airport,BWN
Tan Son Nhat International Airport,SGN,2024-07-18 16:40,Kuala Lumpur International Airport,KUL,2024-07-18 19:40,120,Malaysia Airlines,Economy,360,95.0,,473,Y,Y,Y,1,7,1,23,Thursday,False,False,False,Brunei International Airport,BWN
Tan Son Nhat International Airport,SGN,2024-07-18 19:40,Kuala Lumpur International Airport,KUL,2024-07-18 22:30,110,Malaysia Airlines,Economy,1075,820.0,True,475,Y,Y,Y,1,7,1,23,Thursday,False,False,False,Brunei International Airport,BWN
Tan Son Nhat International Airport,SGN,2024-07-18 17:30,Singapore Changi Airport,SIN,2024-07-18 20:25,115,Scoot,Economy,1230,980.0,True,493,Y,N,N,1,7,0,0,Thursday,False,False,False,Brunei International Airport,BWN
Tan Son Nhat International Airport,SGN,2024-07-19 19:40,Singapore Changi Airport,SIN,2024-07-19 22:40,120,Singapore Airlines,Economy,870,620.0,True,309,Y,Y,Y,1,7,1,23,Friday,False,False,False,Brunei International Airport,BWN
Tan Son Nhat International Airport,SGN,2024-07-19 15:30,Ninoy Aquino International Airport,MNL,2024-07-19 19:40,190,Philippine Airlines,Economy,430,115.0,,326,Y,Y,Y,1,7,1,30,Friday,False,False,False,Brunei International Airport,BWN
Tan Son Nhat International Airport,SGN,2024-07-19 16:40,Kuala Lumpur International Airport,KUL,2024-07-19 19:40,120,Malaysia Airlines,Economy,360,95.0,,473,Y,Y,Y,1,7,1,23,Friday,False,False,False,Brunei International Airport,BWN
Tan Son Nhat International Airport,SGN,2024-07-19 19:40,Kuala Lumpur International Airport,KUL,2024-07-19 22:30,110,Malaysia Airlines,Economy,1075,820.0,True,492,Y,Y,Y,1,7,1,23,Friday,False,False,False,Brunei International Airport,BWN
Tan Son Nhat International Airport,SGN,2024-07-19 17:30,Singapore Changi Airport,SIN,2024-07-19 20:25,115,Scoot,Economy,1000,755.0,True,493,Y,N,N,1,7,0,0,Friday,False,False,False,Brunei International Airport,BWN
Tan Son Nhat International Airport,SGN,2024-07-20 19:40,Singapore Changi Airport,SIN,2024-07-20 22:40,120,Singapore Airlines,Economy,1100,845.0,True,447,Y,Y,Y,1,7,1,23,Saturday,False,False,False,Brunei International Airport,BWN
Tan Son Nhat International Airport,SGN,2024-07-20 17:30,Singapore Changi Airport,SIN,2024-07-20 20:25,115,Scoot,Economy,1230,980.0,True,448,Y,N,N,1,7,0,0,Saturday,False,False,False,Brunei International Airport,BWN
Tan Son Nhat International Airport,SGN,2024-07-20 19:40,Kuala Lumpur International Airport,KUL,2024-07-20 22:30,110,Malaysia Airlines,Economy,1075,820.0,True,543,Y,Y,Y,1,7,1,23,Saturday,False,False,False,Brunei International Airport,BWN
Tan Son Nhat International Airport,SGN,2024-07-21 20:35,Brunei International Airport,BWN,2024-07-21 23:40,125,Royal Brunei,Economy,125,,,161,Y,Y,Y,1,7,1,20,Sunday,False,False,False,Brunei International Airport,BWN
Tan Son Nhat International Airport,SGN,2024-07-21 15:30,Ninoy Aquino International Airport,MNL,2024-07-21 19:40,190,Philippine Airlines,Economy,1870,1555.0,True,316,Y,Y,Y,1,7,1,30,Sunday,False,False,False,Brunei International Airport,BWN
Tan Son Nhat International Airport,SGN,2024-07-21 19:40,Singapore Changi Airport,SIN,2024-07-21 22:40,120,Singapore Airlines,Economy,870,620.0,True,353,Y,Y,Y,1,7,1,23,Sunday,False,False,False,Brunei International Airport,BWN
Tan Son Nhat International Airport,SGN,2024-07-21 16:40,Kuala Lumpur International Airport,KUL,2024-07-21 19:40,120,Malaysia Airlines,Economy,360,95.0,,541,Y,Y,Y,1,7,1,23,Sunday,False,False,False,Brunei International Airport,BWN
Tan Son Nhat International Airport,SGN,2024-07-22 09:30,Ninoy Aquino International Airport,MNL,2024-07-22 13:40,190,Philippine Airlines,Economy,790,475.0,,316,Y,Y,Y,1,7,1,30,Monday,False,False,False,Brunei International Airport,BWN
Tan Son Nhat International Airport,SGN,2024-07-22 19:40,Singapore Changi Airport,SIN,2024-07-22 22:40,120,Singapore Airlines,Economy,870,620.0,True,353,Y,Y,Y,1,7,1,23,Monday,False,False,False,Brunei International Airport,BWN
Tan Son Nhat International Airport,SGN,2024-07-22 09:05,Singapore Changi Airport,SIN,2024-07-22 11:55,110,Scoot,Economy,1505,1265.0,True,448,Y,N,N,1,7,0,0,Monday,False,False,False,Brunei International Airport,BWN
Tan Son Nhat International Airport,SGN,2024-07-22 15:15,Singapore Changi Airport,SIN,2024-07-22 18:20,125,Scoot,Economy,1135,880.0,True,493,Y,N,N,1,7,0,0,Monday,False,False,False,Brunei International Airport,BWN
Tan Son Nhat International Airport,SGN,2024-07-22 19:40,Kuala Lumpur International Airport,KUL,2024-07-22 22:30,110,Malaysia Airlines,Economy,1620,1365.0,True,543,Y,Y,Y,1,7,1,23,Monday,False,False,False,Brunei International Airport,BWN
Tan Son Nhat International Airport,SGN,2024-07-23 14:05,Brunei International Airport,BWN,2024-07-23 17:10,125,Royal Brunei,Economy,125,,,161,Y,Y,Y,1,7,1,20,Tuesday,False,False,False,Brunei International Airport,BWN
Tan Son Nhat International Airport,SGN,2024-07-23 19:40,Singapore Changi Airport,SIN,2024-07-23 22:40,120,Singapore Airlines,Economy,1100,845.0,True,309,Y,Y,Y,1,7,1,23,Tuesday,False,False,False,Brunei International Airport,BWN
Tan Son Nhat International Airport,SGN,2024-07-23 17:30,Singapore Changi Airport,SIN,2024-07-23 20:25,115,Scoot,Economy,1230,980.0,True,448,Y,N,N,1,7,0,0,Tuesday,False,False,False,Brunei International Airport,BWN
Tan Son Nhat International Airport,SGN,2024-07-23 16:40,Kuala Lumpur International Airport,KUL,2024-07-23 19:40,120,Malaysia Airlines,Economy,360,95.0,,541,Y,Y,Y,1,7,1,23,Tuesday,False,False,False,Brunei International Airport,BWN
Tan Son Nhat International Airport,SGN,2024-07-23 19:40,Kuala Lumpur International Airport,KUL,2024-07-23 22:30,110,Malaysia Airlines,Economy,1620,1365.0,True,543,Y,Y,Y,1,7,1,23,Tuesday,False,False,False,Brunei International Airport,BWN
Tan Son Nhat International Airport,SGN,2024-07-24 19:40,Singapore Changi Airport,SIN,2024-07-24 22:40,120,Singapore Airlines,Economy,870,620.0,True,309,Y,Y,Y,1,7,1,23,Wednesday,False,False,False,Brunei International Airport,BWN
Tan Son Nhat International Airport,SGN,2024-07-24 15:30,Ninoy Aquino International Airport,MNL,2024-07-24 19:40,190,Philippine Airlines,Economy,1870,1555.0,True,286,Y,Y,Y,1,7,1,30,Wednesday,False,False,False,Brunei International Airport,BWN
Tan Son Nhat International Airport,SGN,2024-07-24 17:30,Singapore Changi Airport,SIN,2024-07-24 20:25,115,Scoot,Economy,1000,755.0,True,448,Y,N,N,1,7,0,0,Wednesday,False,False,False,Brunei International Airport,BWN
Tan Son Nhat International Airport,SGN,2024-07-24 19:40,Kuala Lumpur International Airport,KUL,2024-07-24 22:30,110,Malaysia Airlines,Economy,1620,1365.0,True,492,Y,Y,Y,1,7,1,23,Wednesday,False,False,False,Brunei International Airport,BWN
Tan Son Nhat International Airport,SGN,2024-07-24 16:40,Kuala Lumpur International Airport,KUL,2024-07-24 19:40,120,Malaysia Airlines,Economy,360,95.0,,541,Y,Y,Y,1,7,1,23,Wednesday,False,False,False,Brunei International Airport,BWN
Tan Son Nhat International Airport,SGN,2024-07-24 19:40,Kuala Lumpur International Airport,KUL,2024-07-24 22:30,110,Malaysia Airlines,Economy,1075,820.0,True,543,Y,Y,Y,1,7,1,23,Wednesday,False,False,False,Brunei International Airport,BWN
Tan Son Nhat International Airport,SGN,2024-07-25 14:15,Brunei International Airport,BWN,2024-07-25 17:20,125,Royal Brunei,Economy,125,,,161,Y,Y,Y,1,7,1,20,Thursday,False,False,False,Brunei International Airport,BWN
Tan Son Nhat International Airport,SGN,2024-07-25 09:30,Ninoy Aquino International Airport,MNL,2024-07-25 13:40,190,Philippine Airlines,Economy,790,475.0,,296,Y,Y,Y,1,7,1,30,Thursday,False,False,False,Brunei International Airport,BWN
Tan Son Nhat International Airport,SGN,2024-07-25 19:40,Singapore Changi Airport,SIN,2024-07-25 22:40,120,Singapore Airlines,Economy,1100,845.0,True,309,Y,Y,Y,1,7,1,23,Thursday,False,False,False,Brunei International Airport,BWN
Tan Son Nhat International Airport,SGN,2024-07-25 17:30,Singapore Changi Airport,SIN,2024-07-25 20:25,115,Scoot,Economy,1230,980.0,True,448,Y,N,N,1,7,0,0,Thursday,False,False,False,Brunei International Airport,BWN
Tan Son Nhat International Airport,SGN,2024-07-25 16:40,Kuala Lumpur International Airport,KUL,2024-07-25 19:40,120,Malaysia Airlines,Economy,360,95.0,,490,Y,Y,Y,1,7,1,23,Thursday,False,False,False,Brunei International Airport,BWN
Tan Son Nhat International Airport,SGN,2024-07-25 19:40,Kuala Lumpur International Airport,KUL,2024-07-25 22:30,110,Malaysia Airlines,Economy,1075,820.0,True,543,Y,Y,Y,1,7,1,23,Thursday,False,False,False,Brunei International Airport,BWN
Tan Son Nhat International Airport,SGN,2024-07-26 15:30,Ninoy Aquino International Airport,MNL,2024-07-26 19:40,190,Philippine Airlines,Economy,430,115.0,,296,Y,Y,Y,1,7,1,30,Friday,False,False,False,Brunei International Airport,BWN
Tan Son Nhat International Airport,SGN,2024-07-26 19:40,Singapore Changi Airport,SIN,2024-07-26 22:40,120,Singapore Airlines,Economy,870,620.0,True,353,Y,Y,Y,1,7,1,23,Friday,False,False,False,Brunei International Airport,BWN
Tan Son Nhat International Airport,SGN,2024-07-26 17:30,Singapore Changi Airport,SIN,2024-07-26 20:25,115,Scoot,Economy,1000,755.0,True,493,Y,N,N,1,7,0,0,Friday,False,False,False,Brunei International Airport,BWN
Tan Son Nhat International Airport,SGN,2024-07-26 16:40,Kuala Lumpur International Airport,KUL,2024-07-26 19:40,120,Malaysia Airlines,Economy,360,95.0,,541,Y,Y,Y,1,7,1,23,Friday,False,False,False,Brunei International Airport,BWN
Tan Son Nhat International Airport,SGN,2024-07-26 19:40,Kuala Lumpur International Airport,KUL,2024-07-26 22:30,110,Malaysia Airlines,Economy,1075,820.0,True,543,Y,Y,Y,1,7,1,23,Friday,False,False,False,Brunei International Airport,BWN
Tan Son Nhat International Airport,SGN,2024-07-27 17:30,Singapore Changi Airport,SIN,2024-07-27 20:25,115,Scoot,Economy,1230,980.0,True,493,Y,N,N,1,7,0,0,Saturday,False,False,False,Brunei International Airport,BWN
Tan Son Nhat International Airport,SGN,2024-07-27 19:40,Singapore Changi Airport,SIN,2024-07-27 22:40,120,Singapore Airlines,Economy,1100,845.0,True,493,Y,Y,Y,1,7,1,23,Saturday,False,False,False,Brunei International Airport,BWN
Tan Son Nhat International Airport,SGN,2024-07-27 19:40,Kuala Lumpur International Airport,KUL,2024-07-27 22:30,110,Malaysia Airlines,Economy,1075,820.0,True,543,Y,Y,Y,1,7,1,23,Saturday,False,False,False,Brunei International Airport,BWN
Tan Son Nhat International Airport,SGN,2024-07-28 20:35,Brunei International Airport,BWN,2024-07-28 23:40,125,Royal Brunei,Economy,125,,,161,Y,Y,Y,1,7,1,20,Sunday,False,False,False,Brunei International Airport,BWN
Tan Son Nhat International Airport,SGN,2024-07-28 15:30,Ninoy Aquino International Airport,MNL,2024-07-28 19:40,190,Philippine Airlines,Economy,1870,1555.0,True,286,Y,Y,Y,1,7,1,30,Sunday,False,False,False,Brunei International Airport,BWN
Tan Son Nhat International Airport,SGN,2024-07-28 19:40,Singapore Changi Airport,SIN,2024-07-28 22:40,120,Singapore Airlines,Economy,870,620.0,True,353,Y,Y,Y,1,7,1,23,Sunday,False,False,False,Brunei International Airport,BWN
Tan Son Nhat International Airport,SGN,2024-07-28 16:40,Kuala Lumpur International Airport,KUL,2024-07-28 19:40,120,Malaysia Airlines,Economy,360,95.0,,541,Y,Y,Y,1,7,1,23,Sunday,False,False,False,Brunei International Airport,BWN
Tan Son Nhat International Airport,SGN,2024-07-29 09:30,Ninoy Aquino International Airport,MNL,2024-07-29 13:40,190,Philippine Airlines,Economy,790,475.0,,286,Y,Y,Y,1,7,1,30,Monday,False,False,False,Brunei International Airport,BWN
Tan Son Nhat International Airport,SGN,2024-07-29 17:30,Singapore Changi Airport,SIN,2024-07-29 20:25,115,Scoot,Economy,1000,755.0,True,413,Y,N,N,1,7,0,0,Monday,False,False,False,Brunei International Airport,BWN
Tan Son Nhat International Airport,SGN,2024-07-29 19:40,Singapore Changi Airport,SIN,2024-07-29 22:40,120,Singapore Airlines,Economy,870,620.0,True,413,Y,Y,Y,1,7,1,23,Monday,False,False,False,Brunei International Airport,BWN
Tan Son Nhat International Airport,SGN,2024-07-29 19:40,Kuala Lumpur International Airport,KUL,2024-07-29 22:30,110,Malaysia Airlines,Economy,1620,1365.0,True,543,Y,Y,Y,1,7,1,23,Monday,False,False,False,Brunei International Airport,BWN
Tan Son Nhat International Airport,SGN,2024-07-30 14:05,Brunei International Airport,BWN,2024-07-30 17:10,125,Royal Brunei,Economy,125,,,161,Y,Y,Y,1,7,1,20,Tuesday,False,False,False,Brunei International Airport,BWN
Tan Son Nhat International Airport,SGN,2024-07-30 19:40,Singapore Changi Airport,SIN,2024-07-30 22:40,120,Singapore Airlines,Economy,1100,845.0,True,309,Y,Y,Y,1,7,1,23,Tuesday,False,False,False,Brunei International Airport,BWN
Tan Son Nhat International Airport,SGN,2024-07-30 17:30,Singapore Changi Airport,SIN,2024-07-30 20:25,115,Scoot,Economy,1230,980.0,True,413,Y,N,N,1,7,0,0,Tuesday,False,False,False,Brunei International Airport,BWN
Tan Son Nhat International Airport,SGN,2024-07-30 16:40,Kuala Lumpur International Airport,KUL,2024-07-30 19:40,120,Malaysia Airlines,Economy,360,95.0,,541,Y,Y,Y,1,7,1,23,Tuesday,False,False,False,Brunei International Airport,BWN
Tan Son Nhat International Airport,SGN,2024-07-30 19:40,Kuala Lumpur International Airport,KUL,2024-07-30 22:30,110,Malaysia Airlines,Economy,1620,1365.0,True,543,Y,Y,Y,1,7,1,23,Tuesday,False,False,False,Brunei International Airport,BWN
Tan Son Nhat International Airport,SGN,2024-07-31 19:40,Singapore Changi Airport,SIN,2024-07-31 22:40,120,Singapore Airlines,Economy,870,620.0,True,309,Y,Y,Y,1,7,1,23,Wednesday,False,False,False,Brunei International Airport,BWN
Tan Son Nhat International Airport,SGN,2024-07-31 15:30,Ninoy Aquino International Airport,MNL,2024-07-31 19:40,190,Philippine Airlines,Economy,1870,1555.0,True,286,Y,Y,Y,1,7,1,30,Wednesday,False,False,False,Brunei International Airport,BWN
Tan Son Nhat International Airport,SGN,2024-07-31 17:30,Singapore Changi Airport,SIN,2024-07-31 20:25,115,Scoot,Economy,1000,755.0,True,413,Y,N,N,1,7,0,0,Wednesday,False,False,False,Brunei International Airport,BWN
Tan Son Nhat International Airport,SGN,2024-07-31 19:40,Kuala Lumpur International Airport,KUL,2024-07-31 22:30,110,Malaysia Airlines,Economy,1620,1365.0,True,475,Y,Y,Y,1,7,1,23,Wednesday,False,False,False,Brunei International Airport,BWN
Tan Son Nhat International Airport,SGN,2024-07-31 19:40,Kuala Lumpur International Airport,KUL,2024-07-31 22:30,110,Malaysia Airlines,Economy,1075,820.0,True,492,Y,Y,Y,1,7,1,23,Wednesday,False,False,False,Brunei International Airport,BWN
Tan Son Nhat International Airport,SGN,2024-07-31 16:40,Kuala Lumpur International Airport,KUL,2024-07-31 19:40,120,Malaysia Airlines,Economy,360,95.0,,541,Y,Y,Y,1,7,1,23,Wednesday,False,False,False,Brunei International Airport,BWN
Tan Son Nhat International Airport,SGN,2024-08-01 14:15,Brunei International Airport,BWN,2024-08-01 17:20,125,Royal Brunei,Economy,125,,,161,Y,Y,Y,1,7,1,20,Thursday,False,False,False,Brunei International Airport,BWN
Tan Son Nhat International Airport,SGN,2024-08-01 09:30,Ninoy Aquino International Airport,MNL,2024-08-01 13:40,190,Philippine Airlines,Economy,790,475.0,,352,Y,Y,Y,1,7,1,30,Thursday,False,False,False,Brunei International Airport,BWN
Tan Son Nhat International Airport,SGN,2024-08-01 19:40,Singapore Changi Airport,SIN,2024-08-01 22:40,120,Singapore Airlines,Economy,1100,845.0,True,355,Y,Y,Y,1,7,1,23,Thursday,False,False,False,Brunei International Airport,BWN
Tan Son Nhat International Airport,SGN,2024-08-01 16:40,Kuala Lumpur International Airport,KUL,2024-08-01 19:40,120,Malaysia Airlines,Economy,360,95.0,,494,Y,Y,Y,1,7,1,23,Thursday,False,False,False,Brunei International Airport,BWN
Tan Son Nhat International Airport,SGN,2024-08-01 17:30,Singapore Changi Airport,SIN,2024-08-01 20:25,115,Scoot,Economy,1230,980.0,True,495,Y,N,N,1,7,0,0,Thursday,False,False,False,Brunei International Airport,BWN
Tan Son Nhat International Airport,SGN,2024-08-01 19:40,Kuala Lumpur International Airport,KUL,2024-08-01 22:30,110,Malaysia Airlines,Economy,1075,820.0,True,495,Y,Y,Y,1,7,1,23,Thursday,False,False,False,Brunei International Airport,BWN
Tan Son Nhat International Airport,SGN,2024-08-02 15:30,Ninoy Aquino International Airport,MNL,2024-08-02 19:40,190,Philippine Airlines,Economy,430,115.0,,368,Y,Y,Y,1,7,1,30,Friday,False,False,False,Brunei International Airport,BWN
Tan Son Nhat International Airport,SGN,2024-08-02 16:40,Kuala Lumpur International Airport,KUL,2024-08-02 19:40,120,Malaysia Airlines,Economy,360,95.0,,494,Y,Y,Y,1,7,1,23,Friday,False,False,False,Brunei International Airport,BWN
Tan Son Nhat International Airport,SGN,2024-08-02 19:40,Singapore Changi Airport,SIN,2024-08-02 22:40,120,Singapore Airlines,Economy,870,620.0,True,495,Y,Y,Y,1,7,1,23,Friday,False,False,False,Brunei International Airport,BWN
Tan Son Nhat International Airport,SGN,2024-08-02 17:30,Singapore Changi Airport,SIN,2024-08-02 20:25,115,Scoot,Economy,1000,755.0,True,495,Y,N,N,1,7,0,0,Friday,False,False,False,Brunei International Airport,BWN
Tan Son Nhat International Airport,SGN,2024-08-02 19:40,Kuala Lumpur International Airport,KUL,2024-08-02 22:30,110,Malaysia Airlines,Economy,1075,820.0,True,513,Y,Y,Y,1,7,1,23,Friday,False,False,False,Brunei International Airport,BWN
Tan Son Nhat International Airport,SGN,2024-08-03 17:30,Singapore Changi Airport,SIN,2024-08-03 20:25,115,Scoot,Economy,1230,980.0,True,495,Y,N,N,1,7,0,0,Saturday,False,False,False,Brunei International Airport,BWN
Tan Son Nhat International Airport,SGN,2024-08-03 19:40,Singapore Changi Airport,SIN,2024-08-03 22:40,120,Singapore Airlines,Economy,1100,845.0,True,495,Y,Y,Y,1,7,1,23,Saturday,False,False,False,Brunei International Airport,BWN
Tan Son Nhat International Airport,SGN,2024-08-03 19:40,Kuala Lumpur International Airport,KUL,2024-08-03 22:30,110,Malaysia Airlines,Economy,1620,1365.0,True,548,Y,Y,Y,1,7,1,23,Saturday,False,False,False,Brunei International Airport,BWN
Tan Son Nhat International Airport,SGN,2024-08-03 19:40,Kuala Lumpur International Airport,KUL,2024-08-03 22:30,110,Malaysia Airlines,Economy,1075,820.0,True,722,Y,Y,Y,1,7,1,23,Saturday,False,False,False,Brunei International Airport,BWN
Tan Son Nhat International Airport,SGN,2024-08-04 20:35,Brunei International Airport,BWN,2024-08-04 23:40,125,Royal Brunei,Economy,125,,,161,Y,Y,Y,1,7,1,20,Sunday,False,False,False,Brunei International Airport,BWN
Tan Son Nhat International Airport,SGN,2024-08-04 15:30,Ninoy Aquino International Airport,MNL,2024-08-04 19:40,190,Philippine Airlines,Economy,1870,1555.0,True,388,Y,Y,Y,1,7,1,30,Sunday,False,False,False,Brunei International Airport,BWN
Tan Son Nhat International Airport,SGN,2024-08-04 19:40,Singapore Changi Airport,SIN,2024-08-04 22:40,120,Singapore Airlines,Economy,870,620.0,True,495,Y,Y,Y,1,7,1,23,Sunday,False,False,False,Brunei International Airport,BWN
Tan Son Nhat International Airport,SGN,2024-08-04 16:40,Kuala Lumpur International Airport,KUL,2024-08-04 19:40,120,Malaysia Airlines,Economy,360,95.0,,546,Y,Y,Y,1,7,1,23,Sunday,False,False,False,Brunei International Airport,BWN
Tan Son Nhat International Airport,SGN,2024-08-05 09:30,Ninoy Aquino International Airport,MNL,2024-08-05 13:40,190,Philippine Airlines,Economy,790,475.0,,357,Y,Y,Y,1,7,1,30,Monday,False,False,False,Brunei International Airport,BWN
Tan Son Nhat International Airport,SGN,2024-08-05 17:30,Singapore Changi Airport,SIN,2024-08-05 20:25,115,Scoot,Economy,1000,755.0,True,598,Y,N,N,1,7,0,0,Monday,False,False,False,Brunei International Airport,BWN
Tan Son Nhat International Airport,SGN,2024-08-05 19:40,Singapore Changi Airport,SIN,2024-08-05 22:40,120,Singapore Airlines,Economy,870,620.0,True,598,Y,Y,Y,1,7,1,23,Monday,False,False,False,Brunei International Airport,BWN
Tan Son Nhat International Airport,SGN,2024-08-05 19:40,Kuala Lumpur International Airport,KUL,2024-08-05 22:30,110,Malaysia Airlines,Economy,1620,1365.0,True,722,Y,Y,Y,1,7,1,23,Monday,False,False,False,Brunei International Airport,BWN
Tan Son Nhat International Airport,SGN,2024-08-06 14:05,Brunei International Airport,BWN,2024-08-06 17:10,125,Royal Brunei,Economy,125,,,161,Y,Y,Y,1,7,1,20,Tuesday,False,False,False,Brunei International Airport,BWN
Tan Son Nhat International Airport,SGN,2024-08-06 17:30,Singapore Changi Airport,SIN,2024-08-06 20:25,115,Scoot,Economy,1230,980.0,True,495,Y,N,N,1,7,0,0,Tuesday,False,False,False,Brunei International Airport,BWN
Tan Son Nhat International Airport,SGN,2024-08-06 19:40,Singapore Changi Airport,SIN,2024-08-06 22:40,120,Singapore Airlines,Economy,1100,845.0,True,495,Y,Y,Y,1,7,1,23,Tuesday,False,False,False,Brunei International Airport,BWN
Tan Son Nhat International Airport,SGN,2024-08-06 19:40,Kuala Lumpur International Airport,KUL,2024-08-06 22:30,110,Malaysia Airlines,Economy,1620,1365.0,True,548,Y,Y,Y,1,7,1,23,Tuesday,False,False,False,Brunei International Airport,BWN
Tan Son Nhat International Airport,SGN,2024-08-06 16:40,Kuala Lumpur International Airport,KUL,2024-08-06 19:40,120,Malaysia Airlines,Economy,360,95.0,,720,Y,Y,Y,1,7,1,23,Tuesday,False,False,False,Brunei International Airport,BWN
Tan Son Nhat International Airport,SGN,2024-08-07 19:40,Singapore Changi Airport,SIN,2024-08-07 22:40,120,Singapore Airlines,Economy,870,620.0,True,381,Y,Y,Y,1,7,1,23,Wednesday,False,False,False,Brunei International Airport,BWN
Tan Son Nhat International Airport,SGN,2024-08-07 16:40,Kuala Lumpur International Airport,KUL,2024-08-07 19:40,120,Malaysia Airlines,Economy,360,95.0,,546,Y,Y,Y,1,7,1,23,Wednesday,False,False,False,Brunei International Airport,BWN
Tan Son Nhat International Airport,SGN,2024-08-07 09:30,Ninoy Aquino International Airport,MNL,2024-08-07 13:40,190,Philippine Airlines,Economy,2230,1915.0,True,342,Y,Y,Y,1,7,1,30,Wednesday,False,False,False,Brunei International Airport,BWN
Tan Son Nhat International Airport,SGN,2024-08-07 19:40,Kuala Lumpur International Airport,KUL,2024-08-07 22:30,110,Malaysia Airlines,Economy,1075,820.0,True,513,Y,Y,Y,1,7,1,23,Wednesday,False,False,False,Brunei International Airport,BWN
Tan Son Nhat International Airport,SGN,2024-08-07 17:30,Singapore Changi Airport,SIN,2024-08-07 20:25,115,Scoot,Economy,1000,755.0,True,528,Y,N,N,1,7,0,0,Wednesday,False,False,False,Brunei International Airport,BWN
Tan Son Nhat International Airport,SGN,2024-08-08 14:15,Brunei International Airport,BWN,2024-08-08 17:20,125,Royal Brunei,Economy,125,,,161,Y,Y,Y,1,7,1,20,Thursday,False,False,False,Brunei International Airport,BWN
Tan Son Nhat International Airport,SGN,2024-08-08 09:30,Ninoy Aquino International Airport,MNL,2024-08-08 13:40,190,Philippine Airlines,Economy,790,475.0,,322,Y,Y,Y,1,7,1,30,Thursday,False,False,False,Brunei International Airport,BWN
Tan Son Nhat International Airport,SGN,2024-08-08 16:40,Kuala Lumpur International Airport,KUL,2024-08-08 19:40,120,Malaysia Airlines,Economy,360,95.0,,511,Y,Y,Y,1,7,1,23,Thursday,False,False,False,Brunei International Airport,BWN
Tan Son Nhat International Airport,SGN,2024-08-08 19:40,Kuala Lumpur International Airport,KUL,2024-08-08 22:30,110,Malaysia Airlines,Economy,1075,820.0,True,513,Y,Y,Y,1,7,1,23,Thursday,False,False,False,Brunei International Airport,BWN
Tan Son Nhat International Airport,SGN,2024-08-08 17:30,Singapore Changi Airport,SIN,2024-08-08 20:25,115,Scoot,Economy,1230,980.0,True,598,Y,N,N,1,7,0,0,Thursday,False,False,False,Brunei International Airport,BWN
Tan Son Nhat International Airport,SGN,2024-08-08 19:40,Singapore Changi Airport,SIN,2024-08-08 22:40,120,Singapore Airlines,Economy,1100,845.0,True,598,Y,Y,Y,1,7,1,23,Thursday,False,False,False,Brunei International Airport,BWN
Tan Son Nhat International Airport,SGN,2024-08-09 15:30,Ninoy Aquino International Airport,MNL,2024-08-09 19:40,190,Philippine Airlines,Economy,430,115.0,,352,Y,Y,Y,1,7,1,30,Friday,False,False,False,Brunei International Airport,BWN
Tan Son Nhat International Airport,SGN,2024-08-09 19:40,Singapore Changi Airport,SIN,2024-08-09 22:40,120,Singapore Airlines,Economy,870,620.0,True,495,Y,Y,Y,1,7,1,23,Friday,False,False,False,Brunei International Airport,BWN
Tan Son Nhat International Airport,SGN,2024-08-09 16:40,Kuala Lumpur International Airport,KUL,2024-08-09 19:40,120,Malaysia Airlines,Economy,360,95.0,,511,Y,Y,Y,1,7,1,23,Friday,False,False,False,Brunei International Airport,BWN
Tan Son Nhat International Airport,SGN,2024-08-09 17:30,Singapore Changi Airport,SIN,2024-08-09 20:25,115,Scoot,Economy,1000,755.0,True,495,Y,N,N,1,7,0,0,Friday,False,False,False,Brunei International Airport,BWN
Tan Son Nhat International Airport,SGN,2024-08-10 19:40,Singapore Changi Airport,SIN,2024-08-10 22:40,120,Singapore Airlines,Economy,1100,845.0,True,528,Y,Y,Y,1,7,1,23,Saturday,False,False,False,Brunei International Airport,BWN
Tan Son Nhat International Airport,SGN,2024-08-10 09:05,Singapore Changi Airport,SIN,2024-08-10 11:55,110,Scoot,Economy,1735,1490.0,True,570,Y,N,N,1,7,0,0,Saturday,False,False,False,Brunei International Airport,BWN
Tan Son Nhat International Airport,SGN,2024-08-10 19:40,Kuala Lumpur International Airport,KUL,2024-08-10 22:30,110,Malaysia Airlines,Economy,1075,820.0,True,722,Y,Y,Y,1,7,1,23,Saturday,False,False,False,Brunei International Airport,BWN
Tan Son Nhat International Airport,SGN,2024-08-11 20:35,Brunei International Airport,BWN,2024-08-11 23:40,125,Royal Brunei,Economy,125,,,558,Y,Y,Y,1,7,1,20,Sunday,False,False,False,Brunei International Airport,BWN
Tan Son Nhat International Airport,SGN,2024-08-11 15:30,Ninoy Aquino International Airport,MNL,2024-08-11 19:40,190,Philippine Airlines,Economy,1870,1555.0,True,473,Y,Y,Y,1,7,1,30,Sunday,False,False,False,Brunei International Airport,BWN
Tan Son Nhat International Airport,SGN,2024-08-11 19:40,Kuala Lumpur International Airport,KUL,2024-08-11 22:30,110,Malaysia Airlines,Economy,1075,820.0,True,722,Y,Y,Y,1,7,1,23,Sunday,False,False,False,Brunei International Airport,BWN
Tan Son Nhat International Airport,SGN,2024-08-12 09:05,Singapore Changi Airport,SIN,2024-08-12 11:55,110,Scoot,Economy,1505,1265.0,True,495,Y,N,N,1,7,0,0,Monday,False,False,False,Brunei International Airport,BWN
Tan Son Nhat International Airport,SGN,2024-08-12 19:40,Singapore Changi Airport,SIN,2024-08-12 22:40,120,Singapore Airlines,Economy,870,620.0,True,495,Y,Y,Y,1,7,1,23,Monday,False,False,False,Brunei International Airport,BWN
Tan Son Nhat International Airport,SGN,2024-08-12 19:40,Kuala Lumpur International Airport,KUL,2024-08-12 22:30,110,Malaysia Airlines,Economy,1620,1365.0,True,781,Y,Y,Y,1,7,1,23,Monday,False,False,False,Brunei International Airport,BWN
Tan Son Nhat International Airport,SGN,2024-08-13 14:05,Brunei International Airport,BWN,2024-08-13 17:10,125,Royal Brunei,Economy,125,,,161,Y,Y,Y,1,7,1,20,Tuesday,False,False,False,Brunei International Airport,BWN
Tan Son Nhat International Airport,SGN,2024-08-13 19:40,Kuala Lumpur International Airport,KUL,2024-08-13 22:30,110,Malaysia Airlines,Economy,1620,1365.0,True,722,Y,Y,Y,1,7,1,23,Tuesday,False,False,False,Brunei International Airport,BWN
Tan Son Nhat International Airport,SGN,2024-08-13 17:30,Singapore Changi Airport,SIN,2024-08-13 20:25,115,Scoot,Economy,1230,980.0,True,768,Y,N,N,1,7,0,0,Tuesday,False,False,False,Brunei International Airport,BWN
Tan Son Nhat International Airport,SGN,2024-08-13 16:40,Kuala Lumpur International Airport,KUL,2024-08-13 19:40,120,Malaysia Airlines,Economy,360,95.0,,779,Y,Y,Y,1,7,1,23,Tuesday,False,False,False,Brunei International Airport,BWN
Tan Son Nhat International Airport,SGN,2024-08-14 16:40,Kuala Lumpur International Airport,KUL,2024-08-14 19:40,120,Malaysia Airlines,Economy,360,95.0,,720,Y,Y,Y,1,7,1,23,Wednesday,False,False,False,Brunei International Airport,BWN
Tan Son Nhat International Airport,SGN,2024-08-14 15:30,Ninoy Aquino International Airport,MNL,2024-08-14 19:40,190,Philippine Airlines,Economy,1870,1555.0,True,312,Y,Y,Y,1,7,1,30,Wednesday,False,False,False,Brunei International Airport,BWN
Tan Son Nhat International Airport,SGN,2024-08-14 19:40,Kuala Lumpur International Airport,KUL,2024-08-14 22:30,110,Malaysia Airlines,Economy,1620,1365.0,True,722,Y,Y,Y,1,7,1,23,Wednesday,False,False,False,Brunei International Airport,BWN
Tan Son Nhat International Airport,SGN,2024-08-14 17:30,Singapore Changi Airport,SIN,2024-08-14 20:25,115,Scoot,Economy,1000,755.0,True,1041,Y,N,N,1,7,0,0,Wednesday,False,False,False,Brunei International Airport,BWN
Tan Son Nhat International Airport,SGN,2024-08-15 14:15,Brunei International Airport,BWN,2024-08-15 17:20,125,Royal Brunei,Economy,125,,,161,Y,Y,Y,1,7,1,20,Thursday,False,False,False,Brunei International Airport,BWN
Tan Son Nhat International Airport,SGN,2024-08-15 09:30,Ninoy Aquino International Airport,MNL,2024-08-15 13:40,190,Philippine Airlines,Economy,790,475.0,,352,Y,Y,Y,1,7,1,30,Thursday,False,False,False,Brunei International Airport,BWN
Tan Son Nhat International Airport,SGN,2024-08-15 16:40,Kuala Lumpur International Airport,KUL,2024-08-15 19:40,120,Malaysia Airlines,Economy,360,95.0,,720,Y,Y,Y,1,7,1,23,Thursday,False,False,False,Brunei International Airport,BWN
Tan Son Nhat International Airport,SGN,2024-08-15 19:40,Kuala Lumpur International Airport,KUL,2024-08-15 22:30,110,Malaysia Airlines,Economy,1075,820.0,True,722,Y,Y,Y,1,7,1,23,Thursday,False,False,False,Brunei International Airport,BWN
Tan Son Nhat International Airport,SGN,2024-08-15 17:30,Singapore Changi Airport,SIN,2024-08-15 20:25,115,Scoot,Economy,1230,980.0,True,1339,Y,N,N,1,7,0,0,Thursday,False,False,False,Brunei International Airport,BWN
Tan Son Nhat International Airport,SGN,2024-08-16 15:30,Ninoy Aquino International Airport,MNL,2024-08-16 19:40,190,Philippine Airlines,Economy,430,115.0,,322,Y,Y,Y,1,7,1,30,Friday,False,False,False,Brunei International Airport,BWN
Tan Son Nhat International Airport,SGN,2024-08-16 19:40,Kuala Lumpur International Airport,KUL,2024-08-16 22:30,110,Malaysia Airlines,Economy,1075,820.0,True,677,Y,Y,Y,1,7,1,23,Friday,False,False,False,Brunei International Airport,BWN
Tan Son Nhat International Airport,SGN,2024-08-16 16:40,Kuala Lumpur International Airport,KUL,2024-08-16 19:40,120,Malaysia Airlines,Economy,360,95.0,,720,Y,Y,Y,1,7,1,23,Friday,False,False,False,Brunei International Airport,BWN
Tan Son Nhat International Airport,SGN,2024-08-16 17:30,Singapore Changi Airport,SIN,2024-08-16 20:25,115,Scoot,Economy,1000,755.0,True,912,Y,N,N,1,7,0,0,Friday,False,False,False,Brunei International Airport,BWN
Tan Son Nhat International Airport,SGN,2024-08-17 16:40,Kuala Lumpur International Airport,KUL,2024-08-17 19:40,120,Malaysia Airlines,Economy,1255,990.0,True,722,Y,Y,Y,1,7,1,23,Saturday,False,False,False,Brunei International Airport,BWN
Tan Son Nhat International Airport,SGN,2024-08-17 17:30,Singapore Changi Airport,SIN,2024-08-17 20:25,115,Scoot,Economy,1230,980.0,True,1339,Y,N,N,1,7,0,0,Saturday,False,False,False,Brunei International Airport,BWN
Tan Son Nhat International Airport,SGN,2024-08-18 20:35,Brunei International Airport,BWN,2024-08-18 23:40,125,Royal Brunei,Economy,125,,,161,Y,Y,Y,1,7,1,20,Sunday,False,False,False,Brunei International Airport,BWN
Tan Son Nhat International Airport,SGN,2024-08-18 15:30,Ninoy Aquino International Airport,MNL,2024-08-18 19:40,190,Philippine Airlines,Economy,1870,1555.0,True,312,Y,Y,Y,1,7,1,30,Sunday,False,False,False,Brunei International Airport,BWN
Tan Son Nhat International Airport,SGN,2024-08-18 19:40,Singapore Changi Airport,SIN,2024-08-18 22:40,120,Singapore Airlines,Economy,870,620.0,True,598,Y,Y,Y,1,7,1,23,Sunday,False,False,False,Brunei International Airport,BWN
Tan Son Nhat International Airport,SGN,2024-08-18 16:40,Kuala Lumpur International Airport,KUL,2024-08-18 19:40,120,Malaysia Airlines,Economy,360,95.0,,720,Y,Y,Y,1,7,1,23,Sunday,False,False,False,Brunei International Airport,BWN
Tan Son Nhat International Airport,SGN,2024-08-19 09:30,Ninoy Aquino International Airport,MNL,2024-08-19 13:40,190,Philippine Airlines,Economy,790,475.0,,312,Y,Y,Y,1,7,1,30,Monday,False,False,False,Brunei International Airport,BWN
Tan Son Nhat International Airport,SGN,2024-08-19 17:30,Singapore Changi Airport,SIN,2024-08-19 20:25,115,Scoot,Economy,1000,755.0,True,495,Y,N,N,1,7,0,0,Monday,False,False,False,Brunei International Airport,BWN
Tan Son Nhat International Airport,SGN,2024-08-19 19:40,Singapore Changi Airport,SIN,2024-08-19 22:40,120,Singapore Airlines,Economy,870,620.0,True,495,Y,Y,Y,1,7,1,23,Monday,False,False,False,Brunei International Airport,BWN
Tan Son Nhat International Airport,SGN,2024-08-20 14:05,Brunei International Airport,BWN,2024-08-20 17:10,125,Royal Brunei,Economy,125,,,161,Y,Y,Y,1,7,1,20,Tuesday,False,False,False,Brunei International Airport,BWN
Tan Son Nhat International Airport,SGN,2024-08-20 19:40,Singapore Changi Airport,SIN,2024-08-20 22:40,120,Singapore Airlines,Economy,1100,845.0,True,355,Y,Y,Y,1,7,1,23,Tuesday,False,False,False,Brunei International Airport,BWN
Tan Son Nhat International Airport,SGN,2024-08-20 17:30,Singapore Changi Airport,SIN,2024-08-20 20:25,115,Scoot,Economy,1230,980.0,True,450,Y,N,N,1,7,0,0,Tuesday,False,False,False,Brunei International Airport,BWN
Tan Son Nhat International Airport,SGN,2024-08-21 19:40,Singapore Changi Airport,SIN,2024-08-21 22:40,120,Singapore Airlines,Economy,870,620.0,True,449,Y,Y,Y,1,7,1,23,Wednesday,False,False,False,Brunei International Airport,BWN
Tan Son Nhat International Airport,SGN,2024-08-21 17:30,Singapore Changi Airport,SIN,2024-08-21 20:25,115,Scoot,Economy,1000,755.0,True,450,Y,N,N,1,7,0,0,Wednesday,False,False,False,Brunei International Airport,BWN
Tan Son Nhat International Airport,SGN,2024-08-21 15:30,Ninoy Aquino International Airport,MNL,2024-08-21 19:40,190,Philippine Airlines,Economy,1870,1555.0,True,312,Y,Y,Y,1,7,1,30,Wednesday,False,False,False,Brunei International Airport,BWN
Tan Son Nhat International Airport,SGN,2024-08-21 19:40,Kuala Lumpur International Airport,KUL,2024-08-21 22:30,110,Malaysia Airlines,Economy,1075,820.0,True,513,Y,Y,Y,1,7,1,23,Wednesday,False,False,False,Brunei International Airport,BWN
Tan Son Nhat International Airport,SGN,2024-08-22 14:15,Brunei International Airport,BWN,2024-08-22 17:20,125,Royal Brunei,Economy,125,,,161,Y,Y,Y,1,7,1,20,Thursday,False,False,False,Brunei International Airport,BWN
Tan Son Nhat International Airport,SGN,2024-08-22 09:30,Ninoy Aquino International Airport,MNL,2024-08-22 13:40,190,Philippine Airlines,Economy,790,475.0,,322,Y,Y,Y,1,7,1,30,Thursday,False,False,False,Brunei International Airport,BWN
Tan Son Nhat International Airport,SGN,2024-08-22 17:30,Singapore Changi Airport,SIN,2024-08-22 20:25,115,Scoot,Economy,1230,980.0,True,415,Y,N,N,1,7,0,0,Thursday,False,False,False,Brunei International Airport,BWN
Tan Son Nhat International Airport,SGN,2024-08-22 19:40,Singapore Changi Airport,SIN,2024-08-22 22:40,120,Singapore Airlines,Economy,1100,845.0,True,415,Y,Y,Y,1,7,1,23,Thursday,False,False,False,Brunei International Airport,BWN
Tan Son Nhat International Airport,SGN,2024-08-22 19:40,Kuala Lumpur International Airport,KUL,2024-08-22 22:30,110,Malaysia Airlines,Economy,1620,1365.0,True,495,Y,Y,Y,1,7,1,23,Thursday,False,False,False,Brunei International Airport,BWN
Tan Son Nhat International Airport,SGN,2024-08-22 16:40,Kuala Lumpur International Airport,KUL,2024-08-22 19:40,120,Malaysia Airlines,Economy,360,95.0,,511,Y,Y,Y,1,7,1,23,Thursday,False,False,False,Brunei International Airport,BWN
Tan Son Nhat International Airport,SGN,2024-08-22 19:40,Kuala Lumpur International Airport,KUL,2024-08-22 22:30,110,Malaysia Airlines,Economy,1075,820.0,True,513,Y,Y,Y,1,7,1,23,Thursday,False,False,False,Brunei International Airport,BWN
Tan Son Nhat International Airport,SGN,2024-08-23 15:30,Ninoy Aquino International Airport,MNL,2024-08-23 19:40,190,Philippine Airlines,Economy,430,115.0,,322,Y,Y,Y,1,7,1,30,Friday,False,False,False,Brunei International Airport,BWN
Tan Son Nhat International Airport,SGN,2024-08-23 16:40,Kuala Lumpur International Airport,KUL,2024-08-23 19:40,120,Malaysia Airlines,Economy,360,95.0,,494,Y,Y,Y,1,7,1,23,Friday,False,False,False,Brunei International Airport,BWN
Tan Son Nhat International Airport,SGN,2024-08-23 17:30,Singapore Changi Airport,SIN,2024-08-23 20:25,115,Scoot,Economy,1000,755.0,True,495,Y,N,N,1,7,0,0,Friday,False,False,False,Brunei International Airport,BWN
Tan Son Nhat International Airport,SGN,2024-08-23 19:40,Singapore Changi Airport,SIN,2024-08-23 22:40,120,Singapore Airlines,Economy,870,620.0,True,495,Y,Y,Y,1,7,1,23,Friday,False,False,False,Brunei International Airport,BWN
Tan Son Nhat International Airport,SGN,2024-08-23 19:40,Kuala Lumpur International Airport,KUL,2024-08-23 22:30,110,Malaysia Airlines,Economy,1075,820.0,True,722,Y,Y,Y,1,7,1,23,Friday,False,False,False,Brunei International Airport,BWN
Tan Son Nhat International Airport,SGN,2024-08-24 19:40,Singapore Changi Airport,SIN,2024-08-24 22:40,120,Singapore Airlines,Economy,1100,845.0,True,355,Y,Y,Y,1,7,1,23,Saturday,False,False,False,Brunei International Airport,BWN
Tan Son Nhat International Airport,SGN,2024-08-24 17:30,Singapore Changi Airport,SIN,2024-08-24 20:25,115,Scoot,Economy,1230,980.0,True,415,Y,N,N,1,7,0,0,Saturday,False,False,False,Brunei International Airport,BWN
Tan Son Nhat International Airport,SGN,2024-08-24 19:40,Kuala Lumpur International Airport,KUL,2024-08-24 22:30,110,Malaysia Airlines,Economy,1075,820.0,True,513,Y,Y,Y,1,7,1,23,Saturday,False,False,False,Brunei International Airport,BWN
Tan Son Nhat International Airport,SGN,2024-08-25 20:35,Brunei International Airport,BWN,2024-08-25 23:40,125,Royal Brunei,Economy,125,,,161,Y,Y,Y,1,7,1,20,Sunday,False,False,False,Brunei International Airport,BWN
Tan Son Nhat International Airport,SGN,2024-08-25 19:40,Singapore Changi Airport,SIN,2024-08-25 22:40,120,Singapore Airlines,Economy,870,620.0,True,310,Y,Y,Y,1,7,1,23,Sunday,False,False,False,Brunei International Airport,BWN
Tan Son Nhat International Airport,SGN,2024-08-25 15:30,Ninoy Aquino International Airport,MNL,2024-08-25 19:40,190,Philippine Airlines,Economy,1870,1555.0,True,413,Y,Y,Y,1,7,1,30,Sunday,False,False,False,Brunei International Airport,BWN
Tan Son Nhat International Airport,SGN,2024-08-25 16:40,Kuala Lumpur International Airport,KUL,2024-08-25 19:40,120,Malaysia Airlines,Economy,360,95.0,,546,Y,Y,Y,1,7,1,23,Sunday,False,False,False,Brunei International Airport,BWN
Tan Son Nhat International Airport,SGN,2024-08-26 19:40,Singapore Changi Airport,SIN,2024-08-26 22:40,120,Singapore Airlines,Economy,870,620.0,True,310,Y,Y,Y,1,7,1,23,Monday,False,False,False,Brunei International Airport,BWN
Tan Son Nhat International Airport,SGN,2024-08-26 09:30,Ninoy Aquino International Airport,MNL,2024-08-26 13:40,190,Philippine Airlines,Economy,790,475.0,,373,Y,Y,Y,1,7,1,30,Monday,False,False,False,Brunei International Airport,BWN
Tan Son Nhat International Airport,SGN,2024-08-26 17:30,Singapore Changi Airport,SIN,2024-08-26 20:25,115,Scoot,Economy,1000,755.0,True,415,Y,N,N,1,7,0,0,Monday,False,False,False,Brunei International Airport,BWN
Tan Son Nhat International Airport,SGN,2024-08-26 19:40,Kuala Lumpur International Airport,KUL,2024-08-26 22:30,110,Malaysia Airlines,Economy,1620,1365.0,True,548,Y,Y,Y,1,7,1,23,Monday,False,False,False,Brunei International Airport,BWN
Tan Son Nhat International Airport,SGN,2024-08-27 14:05,Brunei International Airport,BWN,2024-08-27 17:10,125,Royal Brunei,Economy,125,,,161,Y,Y,Y,1,7,1,20,Tuesday,False,False,False,Brunei International Airport,BWN
Tan Son Nhat International Airport,SGN,2024-08-27 19:40,Singapore Changi Airport,SIN,2024-08-27 22:40,120,Singapore Airlines,Economy,1100,845.0,True,310,Y,Y,Y,1,7,1,23,Tuesday,False,False,False,Brunei International Airport,BWN
Tan Son Nhat International Airport,SGN,2024-08-27 17:30,Singapore Changi Airport,SIN,2024-08-27 20:25,115,Scoot,Economy,1230,980.0,True,415,Y,N,N,1,7,0,0,Tuesday,False,False,False,Brunei International Airport,BWN
Tan Son Nhat International Airport,SGN,2024-08-27 16:40,Kuala Lumpur International Airport,KUL,2024-08-27 19:40,120,Malaysia Airlines,Economy,360,95.0,,546,Y,Y,Y,1,7,1,23,Tuesday,False,False,False,Brunei International Airport,BWN
Tan Son Nhat International Airport,SGN,2024-08-27 19:40,Kuala Lumpur International Airport,KUL,2024-08-27 22:30,110,Malaysia Airlines,Economy,1620,1365.0,True,548,Y,Y,Y,1,7,1,23,Tuesday,False,False,False,Brunei International Airport,BWN
Tan Son Nhat International Airport,SGN,2024-08-28 19:40,Singapore Changi Airport,SIN,2024-08-28 22:40,120,Singapore Airlines,Economy,870,620.0,True,310,Y,Y,Y,1,7,1,23,Wednesday,False,False,False,Brunei International Airport,BWN
Tan Son Nhat International Airport,SGN,2024-08-28 15:30,Ninoy Aquino International Airport,MNL,2024-08-28 19:40,190,Philippine Airlines,Economy,1870,1555.0,True,312,Y,Y,Y,1,7,1,30,Wednesday,False,False,False,Brunei International Airport,BWN
Tan Son Nhat International Airport,SGN,2024-08-28 17:30,Singapore Changi Airport,SIN,2024-08-28 20:25,115,Scoot,Economy,1000,755.0,True,415,Y,N,N,1,7,0,0,Wednesday,False,False,False,Brunei International Airport,BWN
Tan Son Nhat International Airport,SGN,2024-08-28 19:40,Kuala Lumpur International Airport,KUL,2024-08-28 22:30,110,Malaysia Airlines,Economy,1620,1365.0,True,478,Y,Y,Y,1,7,1,23,Wednesday,False,False,False,Brunei International Airport,BWN
Tan Son Nhat International Airport,SGN,2024-08-28 19:40,Kuala Lumpur International Airport,KUL,2024-08-28 22:30,110,Malaysia Airlines,Economy,1075,820.0,True,495,Y,Y,Y,1,7,1,23,Wednesday,False,False,False,Brunei International Airport,BWN
Tan Son Nhat International Airport,SGN,2024-08-28 16:40,Kuala Lumpur International Airport,KUL,2024-08-28 19:40,120,Malaysia Airlines,Economy,360,95.0,,546,Y,Y,Y,1,7,1,23,Wednesday,False,False,False,Brunei International Airport,BWN
Tan Son Nhat International Airport,SGN,2024-08-29 14:15,Brunei International Airport,BWN,2024-08-29 17:20,125,Royal Brunei,Economy,125,,,161,Y,Y,Y,1,7,1,20,Thursday,False,False,False,Brunei International Airport,BWN
Tan Son Nhat International Airport,SGN,2024-08-29 19:40,Singapore Changi Airport,SIN,2024-08-29 22:40,120,Singapore Airlines,Economy,1100,845.0,True,310,Y,Y,Y,1,7,1,23,Thursday,False,False,False,Brunei International Airport,BWN
Tan Son Nhat International Airport,SGN,2024-08-29 09:30,Ninoy Aquino International Airport,MNL,2024-08-29 13:40,190,Philippine Airlines,Economy,790,475.0,,322,Y,Y,Y,1,7,1,30,Thursday,False,False,False,Brunei International Airport,BWN
Tan Son Nhat International Airport,SGN,2024-08-29 17:30,Singapore Changi Airport,SIN,2024-08-29 20:25,115,Scoot,Economy,1230,980.0,True,415,Y,N,N,1,7,0,0,Thursday,False,False,False,Brunei International Airport,BWN
Tan Son Nhat International Airport,SGN,2024-08-29 16:40,Kuala Lumpur International Airport,KUL,2024-08-29 19:40,120,Malaysia Airlines,Economy,360,95.0,,476,Y,Y,Y,1,7,1,23,Thursday,False,False,False,Brunei International Airport,BWN
Tan Son Nhat International Airport,SGN,2024-08-29 19:40,Kuala Lumpur International Airport,KUL,2024-08-29 22:30,110,Malaysia Airlines,Economy,1075,820.0,True,478,Y,Y,Y,1,7,1,23,Thursday,False,False,False,Brunei International Airport,BWN
Tan Son Nhat International Airport,SGN,2024-08-30 15:30,Ninoy Aquino International Airport,MNL,2024-08-30 19:40,190,Philippine Airlines,Economy,430,115.0,,322,Y,Y,Y,1,7,1,30,Friday,False,False,False,Brunei International Airport,BWN
Tan Son Nhat International Airport,SGN,2024-08-30 17:30,Singapore Changi Airport,SIN,2024-08-30 20:25,115,Scoot,Economy,1000,755.0,True,495,Y,N,N,1,7,0,0,Friday,False,False,False,Brunei International Airport,BWN
Tan Son Nhat International Airport,SGN,2024-08-30 19:40,Singapore Changi Airport,SIN,2024-08-30 22:40,120,Singapore Airlines,Economy,870,620.0,True,495,Y,Y,Y,1,7,1,23,Friday,False,False,False,Brunei International Airport,BWN
Tan Son Nhat International Airport,SGN,2024-08-30 19:40,Kuala Lumpur International Airport,KUL,2024-08-30 22:30,110,Malaysia Airlines,Economy,1075,820.0,True,513,Y,Y,Y,1,7,1,23,Friday,False,False,False,Brunei International Airport,BWN
Tan Son Nhat International Airport,SGN,2024-08-30 16:40,Kuala Lumpur International Airport,KUL,2024-08-30 19:40,120,Malaysia Airlines,Economy,360,95.0,,546,Y,Y,Y,1,7,1,23,Friday,False,False,False,Brunei International Airport,BWN
Tan Son Nhat International Airport,SGN,2024-08-31 19:40,Singapore Changi Airport,SIN,2024-08-31 22:40,120,Singapore Airlines,Economy,1100,845.0,True,310,Y,Y,Y,1,7,1,23,Saturday,False,False,False,Brunei International Airport,BWN
Tan Son Nhat International Airport,SGN,2024-08-31 17:30,Singapore Changi Airport,SIN,2024-08-31 20:25,115,Scoot,Economy,1230,980.0,True,415,Y,N,N,1,7,0,0,Saturday,False,False,False,Brunei International Airport,BWN
Tan Son Nhat International Airport,SGN,2024-08-31 19:40,Kuala Lumpur International Airport,KUL,2024-08-31 22:30,110,Malaysia Airlines,Economy,1075,820.0,True,548,Y,Y,Y,1,7,1,23,Saturday,False,False,False,Brunei International Airport,BWN
