Departure Airport Name,Departure Airport ID,Departure Time,Arrival Airport Name,Arrival Airport ID,Arrival Time,Duration,Airline,Travel Class,Total Duration,Layover 1 Duration,Layover 1 Overnight,Price, Cabin Baggage, Checked Baggage,Meal Included,Cabin Baggage (Number),Cabin Baggage (kg per piece),Checked Baggage (Number),Checked Baggage (kg per piece) ,Day of Week (on flight date),Departure Country Is Holiday,Arrival Country Is Holiday,Overnight Flight,Final Arrival Airport Name,Final Arrival Airport ID
Tan Son Nhat International Airport,SGN,2024-07-01 16:00,Wattay International Airport,VTE,2024-07-01 17:45,105,VietJet Air,Economy,105,,,72.0,Y,N,N,1,7,0,0,Monday,False,False,False,Wattay International Airport,VTE
Tan Son Nhat International Airport,SGN,2024-07-01 20:10,Suvarnabhumi Airport,BKK,2024-07-01 21:35,85,THAI,Economy,1000,840.0,True,251.0,Y,Y,Y,1,7,2,23,Monday,False,False,False,Wattay International Airport,VTE
Tan Son Nhat International Airport,SGN,2024-07-01 10:05,Suvarnabhumi Airport,BKK,2024-07-01 11:30,85,THAI,Economy,580,415.0,,259.0,Y,Y,Y,1,7,2,23,Monday,False,False,False,Wattay International Airport,VTE
Tan Son Nhat International Airport,SGN,2024-07-01 02:35,Shanghai Pudong International Airport,PVG,2024-07-01 08:00,265,China Eastern,Economy,1185,680.0,,417.0,Y,Y,Y,1,8,2,23,Monday,False,False,False,Wattay International Airport,VTE
Tan Son Nhat International Airport,SGN,2024-07-02 12:00,Pakse International Airport,PKZ,2024-07-02 13:35,95,Lao Airlines,Economy,215,45.0,,137.0,Y,Y,Y,1,7,1,20,Tuesday,False,False,False,Wattay International Airport,VTE
Tan Son Nhat International Airport,SGN,2024-07-02 10:05,Suvarnabhumi Airport,BKK,2024-07-02 11:30,85,THAI,Economy,580,415.0,,212.0,Y,Y,Y,1,7,2,23,Tuesday,False,False,False,Wattay International Airport,VTE
Tan Son Nhat International Airport,SGN,2024-07-02 20:10,Suvarnabhumi Airport,BKK,2024-07-02 21:35,85,THAI,Economy,1000,840.0,True,251.0,Y,Y,Y,1,7,2,23,Tuesday,False,False,False,Wattay International Airport,VTE
Tan Son Nhat International Airport,SGN,2024-07-02 19:10,Kunming Changshui International Airport,KMG,2024-07-02 23:00,170,China Eastern,Economy,870,605.0,True,261.0,Y,Y,Y,1,8,2,23,Tuesday,False,False,False,Wattay International Airport,VTE
Tan Son Nhat International Airport,SGN,2024-07-02 15:45,Guangzhou Baiyun International Airport,CAN,2024-07-02 19:40,175,China Southern,Economy,1585,1255.0,True,302.0,Y,Y,Y,1,8,1,23,Tuesday,False,False,False,Wattay International Airport,VTE
Tan Son Nhat International Airport,SGN,2024-07-02 02:35,Shanghai Pudong International Airport,PVG,2024-07-02 08:00,265,China Eastern,Economy,1185,680.0,,382.0,Y,Y,Y,1,8,2,23,Tuesday,False,False,False,Wattay International Airport,VTE
Tan Son Nhat International Airport,SGN,2024-07-02 16:00,Phnom Penh International Airport,PNH,2024-07-02 16:55,55,Vietnam Airlines,Economy,195,50.0,,,Y,Y,Y,1,10,1,23,Tuesday,False,False,False,Wattay International Airport,VTE
Tan Son Nhat International Airport,SGN,2024-07-03 16:10,Wattay International Airport,VTE,2024-07-03 17:45,95,VietJet Air,Economy,95,,,87.0,Y,N,N,1,7,0,0,Wednesday,False,False,False,Wattay International Airport,VTE
Tan Son Nhat International Airport,SGN,2024-07-03 10:05,Suvarnabhumi Airport,BKK,2024-07-03 11:30,85,THAI,Economy,580,415.0,,212.0,Y,Y,Y,1,7,2,23,Wednesday,False,False,False,Wattay International Airport,VTE
Tan Son Nhat International Airport,SGN,2024-07-03 20:10,Suvarnabhumi Airport,BKK,2024-07-03 21:35,85,THAI,Economy,1000,840.0,True,280.0,Y,Y,Y,1,7,2,23,Wednesday,False,False,False,Wattay International Airport,VTE
Tan Son Nhat International Airport,SGN,2024-07-03 08:00,Guangzhou Baiyun International Airport,CAN,2024-07-03 11:40,160,China Southern,Economy,610,295.0,,302.0,Y,Y,Y,1,8,1,23,Wednesday,False,False,False,Wattay International Airport,VTE
Tan Son Nhat International Airport,SGN,2024-07-03 16:00,Phnom Penh International Airport,PNH,2024-07-03 16:55,55,Vietnam Airlines,Economy,195,50.0,,,Y,Y,Y,1,10,1,23,Wednesday,False,False,False,Wattay International Airport,VTE
Tan Son Nhat International Airport,SGN,2024-07-04 12:00,Pakse International Airport,PKZ,2024-07-04 13:35,95,Lao Airlines,Economy,215,45.0,,137.0,Y,Y,Y,1,7,1,20,Thursday,False,False,False,Wattay International Airport,VTE
Tan Son Nhat International Airport,SGN,2024-07-04 10:05,Suvarnabhumi Airport,BKK,2024-07-04 11:30,85,THAI,Economy,580,415.0,,287.0,Y,Y,Y,1,7,2,23,Thursday,False,False,False,Wattay International Airport,VTE
Tan Son Nhat International Airport,SGN,2024-07-04 20:10,Suvarnabhumi Airport,BKK,2024-07-04 21:35,85,THAI,Economy,1000,840.0,True,243.0,Y,Y,Y,1,7,2,23,Thursday,False,False,False,Wattay International Airport,VTE
Tan Son Nhat International Airport,SGN,2024-07-04 15:45,Guangzhou Baiyun International Airport,CAN,2024-07-04 19:40,175,China Southern,Economy,1585,1255.0,True,302.0,Y,Y,Y,1,8,1,23,Thursday,False,False,False,Wattay International Airport,VTE
Tan Son Nhat International Airport,SGN,2024-07-04 19:10,Kunming Changshui International Airport,KMG,2024-07-04 23:00,170,China Eastern,Economy,870,605.0,True,341.0,Y,Y,Y,1,8,2,23,Thursday,False,False,False,Wattay International Airport,VTE
Tan Son Nhat International Airport,SGN,2024-07-04 02:35,Shanghai Pudong International Airport,PVG,2024-07-04 08:00,265,China Eastern,Economy,1185,680.0,,382.0,Y,Y,Y,1,8,2,23,Thursday,False,False,False,Wattay International Airport,VTE
Tan Son Nhat International Airport,SGN,2024-07-04 00:10,Incheon International Airport,ICN,2024-07-04 07:10,300,Asiana,Economy,1340,710.0,,542.0,Y,Y,Y,1,10,1,23,Thursday,False,False,False,Wattay International Airport,VTE
Tan Son Nhat International Airport,SGN,2024-07-04 16:00,Phnom Penh International Airport,PNH,2024-07-04 16:55,55,Vietnam Airlines,Economy,195,50.0,,,Y,Y,Y,1,10,1,23,Thursday,False,False,False,Wattay International Airport,VTE
Tan Son Nhat International Airport,SGN,2024-07-05 16:00,Wattay International Airport,VTE,2024-07-05 17:45,105,VietJet Air,Economy,105,,,72.0,Y,N,N,1,7,0,0,Friday,False,False,False,Wattay International Airport,VTE
Tan Son Nhat International Airport,SGN,2024-07-05 10:05,Suvarnabhumi Airport,BKK,2024-07-05 11:30,85,THAI,Economy,1605,1445.0,True,233.0,Y,Y,Y,1,7,2,23,Friday,False,False,False,Wattay International Airport,VTE
Tan Son Nhat International Airport,SGN,2024-07-05 20:10,Suvarnabhumi Airport,BKK,2024-07-05 21:35,85,THAI,Economy,1000,840.0,True,251.0,Y,Y,Y,1,7,2,23,Friday,False,False,False,Wattay International Airport,VTE
Tan Son Nhat International Airport,SGN,2024-07-05 10:05,Suvarnabhumi Airport,BKK,2024-07-05 11:30,85,THAI,Economy,580,415.0,,259.0,Y,Y,Y,1,7,2,23,Friday,False,False,False,Wattay International Airport,VTE
Tan Son Nhat International Airport,SGN,2024-07-05 08:00,Guangzhou Baiyun International Airport,CAN,2024-07-05 11:40,160,China Southern,Economy,610,295.0,,302.0,Y,Y,Y,1,8,1,23,Friday,False,False,False,Wattay International Airport,VTE
Tan Son Nhat International Airport,SGN,2024-07-05 16:00,Phnom Penh International Airport,PNH,2024-07-05 16:55,55,Vietnam Airlines,Economy,195,50.0,,,Y,Y,Y,1,10,1,23,Friday,False,False,False,Wattay International Airport,VTE
Tan Son Nhat International Airport,SGN,2024-07-06 12:00,Pakse International Airport,PKZ,2024-07-06 13:35,95,Lao Airlines,Economy,215,45.0,,137.0,Y,Y,Y,1,7,1,20,Saturday,False,False,False,Wattay International Airport,VTE
Tan Son Nhat International Airport,SGN,2024-07-06 10:05,Suvarnabhumi Airport,BKK,2024-07-06 11:30,85,THAI,Economy,580,415.0,,212.0,Y,Y,Y,1,7,2,23,Saturday,False,False,False,Wattay International Airport,VTE
Tan Son Nhat International Airport,SGN,2024-07-06 20:10,Suvarnabhumi Airport,BKK,2024-07-06 21:35,85,THAI,Economy,1000,840.0,True,280.0,Y,Y,Y,1,7,2,23,Saturday,False,False,False,Wattay International Airport,VTE
Tan Son Nhat International Airport,SGN,2024-07-06 15:45,Guangzhou Baiyun International Airport,CAN,2024-07-06 19:40,175,China Southern,Economy,1585,1255.0,True,302.0,Y,Y,Y,1,8,1,23,Saturday,False,False,False,Wattay International Airport,VTE
Tan Son Nhat International Airport,SGN,2024-07-06 19:10,Kunming Changshui International Airport,KMG,2024-07-06 23:00,170,China Eastern,Economy,870,605.0,True,309.0,Y,Y,Y,1,8,2,23,Saturday,False,False,False,Wattay International Airport,VTE
Tan Son Nhat International Airport,SGN,2024-07-06 02:35,Shanghai Pudong International Airport,PVG,2024-07-06 07:55,260,China Eastern,Economy,1185,685.0,,352.0,Y,Y,Y,1,8,2,23,Saturday,False,False,False,Wattay International Airport,VTE
Tan Son Nhat International Airport,SGN,2024-07-06 00:10,Incheon International Airport,ICN,2024-07-06 07:10,300,Asiana,Economy,1340,710.0,,542.0,Y,Y,Y,1,10,1,23,Saturday,False,False,False,Wattay International Airport,VTE
Tan Son Nhat International Airport,SGN,2024-07-06 16:00,Phnom Penh International Airport,PNH,2024-07-06 16:55,55,Vietnam Airlines,Economy,195,50.0,,,Y,Y,Y,1,10,1,23,Saturday,False,False,False,Wattay International Airport,VTE
Tan Son Nhat International Airport,SGN,2024-07-07 16:00,Wattay International Airport,VTE,2024-07-07 17:45,105,VietJet Air,Economy,105,,,72.0,Y,N,N,1,7,0,0,Sunday,False,False,False,Wattay International Airport,VTE
Tan Son Nhat International Airport,SGN,2024-07-07 20:10,Suvarnabhumi Airport,BKK,2024-07-07 21:35,85,THAI,Economy,1415,1250.0,True,251.0,Y,Y,Y,1,7,2,23,Sunday,False,False,False,Wattay International Airport,VTE
Tan Son Nhat International Airport,SGN,2024-07-07 10:05,Suvarnabhumi Airport,BKK,2024-07-07 11:30,85,THAI,Economy,580,415.0,,259.0,Y,Y,Y,1,7,2,23,Sunday,False,False,False,Wattay International Airport,VTE
Tan Son Nhat International Airport,SGN,2024-07-07 20:10,Suvarnabhumi Airport,BKK,2024-07-07 21:35,85,THAI,Economy,1000,840.0,True,280.0,Y,Y,Y,1,7,2,23,Sunday,False,False,False,Wattay International Airport,VTE
Tan Son Nhat International Airport,SGN,2024-07-07 08:00,Guangzhou Baiyun International Airport,CAN,2024-07-07 11:45,165,China Southern,Economy,610,290.0,,302.0,Y,Y,Y,1,8,1,23,Sunday,False,False,False,Wattay International Airport,VTE
Tan Son Nhat International Airport,SGN,2024-07-07 16:00,Phnom Penh International Airport,PNH,2024-07-07 16:55,55,Vietnam Airlines,Economy,195,50.0,,,Y,Y,Y,1,10,1,23,Sunday,False,False,False,Wattay International Airport,VTE
Tan Son Nhat International Airport,SGN,2024-07-08 16:00,Wattay International Airport,VTE,2024-07-08 17:45,105,VietJet Air,Economy,105,,,87.0,Y,N,N,1,7,0,0,Monday,False,False,False,Wattay International Airport,VTE
Tan Son Nhat International Airport,SGN,2024-07-08 10:05,Suvarnabhumi Airport,BKK,2024-07-08 11:30,85,THAI,Economy,580,415.0,,212.0,Y,Y,Y,1,7,2,23,Monday,False,False,False,Wattay International Airport,VTE
Tan Son Nhat International Airport,SGN,2024-07-08 20:10,Suvarnabhumi Airport,BKK,2024-07-08 21:35,85,THAI,Economy,1000,840.0,True,224.0,Y,Y,Y,1,7,2,23,Monday,False,False,False,Wattay International Airport,VTE
Tan Son Nhat International Airport,SGN,2024-07-08 02:35,Shanghai Pudong International Airport,PVG,2024-07-08 08:00,265,China Eastern,Economy,1185,680.0,,352.0,Y,Y,Y,1,8,2,23,Monday,False,False,False,Wattay International Airport,VTE
Tan Son Nhat International Airport,SGN,2024-07-08 16:00,Phnom Penh International Airport,PNH,2024-07-08 16:55,55,Vietnam Airlines,Economy,195,50.0,,,Y,Y,Y,1,10,1,23,Monday,False,False,False,Wattay International Airport,VTE
Tan Son Nhat International Airport,SGN,2024-07-09 12:00,Pakse International Airport,PKZ,2024-07-09 13:35,95,Lao Airlines,Economy,215,45.0,,137.0,Y,Y,Y,1,7,1,20,Tuesday,False,False,False,Wattay International Airport,VTE
Tan Son Nhat International Airport,SGN,2024-07-09 20:10,Suvarnabhumi Airport,BKK,2024-07-09 21:35,85,THAI,Economy,1000,840.0,True,233.0,Y,Y,Y,1,7,2,23,Tuesday,False,False,False,Wattay International Airport,VTE
Tan Son Nhat International Airport,SGN,2024-07-09 10:05,Suvarnabhumi Airport,BKK,2024-07-09 11:30,85,THAI,Economy,580,415.0,,259.0,Y,Y,Y,1,7,2,23,Tuesday,False,False,False,Wattay International Airport,VTE
Tan Son Nhat International Airport,SGN,2024-07-09 19:10,Kunming Changshui International Airport,KMG,2024-07-09 23:00,170,China Eastern,Economy,870,605.0,True,261.0,Y,Y,Y,1,8,2,23,Tuesday,False,False,False,Wattay International Airport,VTE
Tan Son Nhat International Airport,SGN,2024-07-09 15:45,Guangzhou Baiyun International Airport,CAN,2024-07-09 19:40,175,China Southern,Economy,1585,1255.0,True,302.0,Y,Y,Y,1,8,1,23,Tuesday,False,False,False,Wattay International Airport,VTE
Tan Son Nhat International Airport,SGN,2024-07-09 02:35,Shanghai Pudong International Airport,PVG,2024-07-09 08:00,265,China Eastern,Economy,1185,680.0,,352.0,Y,Y,Y,1,8,2,23,Tuesday,False,False,False,Wattay International Airport,VTE
Tan Son Nhat International Airport,SGN,2024-07-09 16:00,Phnom Penh International Airport,PNH,2024-07-09 16:55,55,Vietnam Airlines,Economy,195,50.0,,,Y,Y,Y,1,10,1,23,Tuesday,False,False,False,Wattay International Airport,VTE
Tan Son Nhat International Airport,SGN,2024-07-10 16:10,Wattay International Airport,VTE,2024-07-10 17:45,95,VietJet Air,Economy,95,,,96.0,Y,N,N,1,7,0,0,Wednesday,False,False,False,Wattay International Airport,VTE
Tan Son Nhat International Airport,SGN,2024-07-10 10:05,Suvarnabhumi Airport,BKK,2024-07-10 11:30,85,THAI,Economy,580,415.0,,212.0,Y,Y,Y,1,7,2,23,Wednesday,False,False,False,Wattay International Airport,VTE
Tan Son Nhat International Airport,SGN,2024-07-10 20:10,Suvarnabhumi Airport,BKK,2024-07-10 21:35,85,THAI,Economy,1000,840.0,True,233.0,Y,Y,Y,1,7,2,23,Wednesday,False,False,False,Wattay International Airport,VTE
Tan Son Nhat International Airport,SGN,2024-07-10 08:00,Guangzhou Baiyun International Airport,CAN,2024-07-10 11:40,160,China Southern,Economy,610,295.0,,302.0,Y,Y,Y,1,8,1,23,Wednesday,False,False,False,Wattay International Airport,VTE
Tan Son Nhat International Airport,SGN,2024-07-10 16:00,Phnom Penh International Airport,PNH,2024-07-10 16:55,55,Vietnam Airlines,Economy,195,50.0,,,Y,Y,Y,1,10,1,23,Wednesday,False,False,False,Wattay International Airport,VTE
Tan Son Nhat International Airport,SGN,2024-07-11 12:00,Pakse International Airport,PKZ,2024-07-11 13:35,95,Lao Airlines,Economy,215,45.0,,137.0,Y,Y,Y,1,7,1,20,Thursday,False,False,False,Wattay International Airport,VTE
Tan Son Nhat International Airport,SGN,2024-07-11 10:05,Suvarnabhumi Airport,BKK,2024-07-11 11:30,85,THAI,Economy,580,415.0,,275.0,Y,Y,Y,1,7,2,23,Thursday,False,False,False,Wattay International Airport,VTE
Tan Son Nhat International Airport,SGN,2024-07-11 20:10,Suvarnabhumi Airport,BKK,2024-07-11 21:35,85,THAI,Economy,1000,840.0,True,233.0,Y,Y,Y,1,7,2,23,Thursday,False,False,False,Wattay International Airport,VTE
Tan Son Nhat International Airport,SGN,2024-07-11 15:45,Guangzhou Baiyun International Airport,CAN,2024-07-11 19:40,175,China Southern,Economy,1585,1255.0,True,302.0,Y,Y,Y,1,8,1,23,Thursday,False,False,False,Wattay International Airport,VTE
Tan Son Nhat International Airport,SGN,2024-07-11 19:10,Kunming Changshui International Airport,KMG,2024-07-11 23:00,170,China Eastern,Economy,870,605.0,True,387.0,Y,Y,Y,1,8,2,23,Thursday,False,False,False,Wattay International Airport,VTE
Tan Son Nhat International Airport,SGN,2024-07-11 02:35,Shanghai Pudong International Airport,PVG,2024-07-11 08:00,265,China Eastern,Economy,1185,680.0,,430.0,Y,Y,Y,1,8,2,23,Thursday,False,False,False,Wattay International Airport,VTE
Tan Son Nhat International Airport,SGN,2024-07-11 00:10,Incheon International Airport,ICN,2024-07-11 07:10,300,Asiana,Economy,1340,710.0,,542.0,Y,Y,Y,1,10,1,23,Thursday,False,False,False,Wattay International Airport,VTE
Tan Son Nhat International Airport,SGN,2024-07-11 16:00,Phnom Penh International Airport,PNH,2024-07-11 16:55,55,Vietnam Airlines,Economy,195,50.0,,,Y,Y,Y,1,10,1,23,Thursday,False,False,False,Wattay International Airport,VTE
Tan Son Nhat International Airport,SGN,2024-07-12 16:00,Wattay International Airport,VTE,2024-07-12 17:45,105,VietJet Air,Economy,105,,,72.0,Y,N,N,1,7,0,0,Friday,False,False,False,Wattay International Airport,VTE
Tan Son Nhat International Airport,SGN,2024-07-12 16:00,Phnom Penh International Airport,PNH,2024-07-12 16:55,55,Vietnam Airlines,Economy,195,50.0,,78.0,Y,Y,Y,1,10,1,23,Friday,False,False,False,Wattay International Airport,VTE
Tan Son Nhat International Airport,SGN,2024-07-12 10:05,Suvarnabhumi Airport,BKK,2024-07-12 11:30,85,THAI,Economy,1605,1445.0,True,243.0,Y,Y,Y,1,7,2,23,Friday,False,False,False,Wattay International Airport,VTE
Tan Son Nhat International Airport,SGN,2024-07-12 20:10,Suvarnabhumi Airport,BKK,2024-07-12 21:35,85,THAI,Economy,1000,840.0,True,251.0,Y,Y,Y,1,7,2,23,Friday,False,False,False,Wattay International Airport,VTE
Tan Son Nhat International Airport,SGN,2024-07-12 10:05,Suvarnabhumi Airport,BKK,2024-07-12 11:30,85,THAI,Economy,580,415.0,,332.0,Y,Y,Y,1,7,2,23,Friday,False,False,False,Wattay International Airport,VTE
Tan Son Nhat International Airport,SGN,2024-07-13 12:00,Pakse International Airport,PKZ,2024-07-13 13:35,95,Lao Airlines,Economy,215,45.0,,137.0,Y,Y,Y,1,7,1,20,Saturday,False,False,False,Wattay International Airport,VTE
Tan Son Nhat International Airport,SGN,2024-07-13 20:10,Suvarnabhumi Airport,BKK,2024-07-13 21:35,85,THAI,Economy,1415,1250.0,True,251.0,Y,Y,Y,1,7,2,23,Saturday,False,False,False,Wattay International Airport,VTE
Tan Son Nhat International Airport,SGN,2024-07-13 20:10,Suvarnabhumi Airport,BKK,2024-07-13 21:35,85,THAI,Economy,1000,840.0,True,296.0,Y,Y,Y,1,7,2,23,Saturday,False,False,False,Wattay International Airport,VTE
Tan Son Nhat International Airport,SGN,2024-07-13 15:45,Guangzhou Baiyun International Airport,CAN,2024-07-13 19:40,175,China Southern,Economy,1585,1255.0,True,302.0,Y,Y,Y,1,8,1,23,Saturday,False,False,False,Wattay International Airport,VTE
Tan Son Nhat International Airport,SGN,2024-07-13 19:10,Kunming Changshui International Airport,KMG,2024-07-13 23:00,170,China Eastern,Economy,870,605.0,True,309.0,Y,Y,Y,1,8,2,23,Saturday,False,False,False,Wattay International Airport,VTE
Tan Son Nhat International Airport,SGN,2024-07-13 02:35,Shanghai Pudong International Airport,PVG,2024-07-13 07:55,260,China Eastern,Economy,1185,685.0,,480.0,Y,Y,Y,1,8,2,23,Saturday,False,False,False,Wattay International Airport,VTE
Tan Son Nhat International Airport,SGN,2024-07-13 00:10,Incheon International Airport,ICN,2024-07-13 07:10,300,Asiana,Economy,1340,710.0,,542.0,Y,Y,Y,1,10,1,23,Saturday,False,False,False,Wattay International Airport,VTE
Tan Son Nhat International Airport,SGN,2024-07-13 16:00,Phnom Penh International Airport,PNH,2024-07-13 16:55,55,Vietnam Airlines,Economy,195,50.0,,,Y,Y,Y,1,10,1,23,Saturday,False,False,False,Wattay International Airport,VTE
Tan Son Nhat International Airport,SGN,2024-07-14 16:00,Wattay International Airport,VTE,2024-07-14 17:45,105,VietJet Air,Economy,105,,,72.0,Y,N,N,1,7,0,0,Sunday,False,False,False,Wattay International Airport,VTE
Tan Son Nhat International Airport,SGN,2024-07-14 10:05,Suvarnabhumi Airport,BKK,2024-07-14 11:30,85,THAI,Economy,580,415.0,,230.0,Y,Y,Y,1,7,2,23,Sunday,False,False,False,Wattay International Airport,VTE
Tan Son Nhat International Airport,SGN,2024-07-14 20:10,Suvarnabhumi Airport,BKK,2024-07-14 21:35,85,THAI,Economy,1000,840.0,True,233.0,Y,Y,Y,1,7,2,23,Sunday,False,False,False,Wattay International Airport,VTE
Tan Son Nhat International Airport,SGN,2024-07-14 08:00,Guangzhou Baiyun International Airport,CAN,2024-07-14 11:45,165,China Southern,Economy,610,290.0,,302.0,Y,Y,Y,1,8,1,23,Sunday,False,False,False,Wattay International Airport,VTE
Tan Son Nhat International Airport,SGN,2024-07-14 16:00,Phnom Penh International Airport,PNH,2024-07-14 16:55,55,Vietnam Airlines,Economy,195,50.0,,,Y,Y,Y,1,10,1,23,Sunday,False,False,False,Wattay International Airport,VTE
Tan Son Nhat International Airport,SGN,2024-07-15 16:00,Wattay International Airport,VTE,2024-07-15 17:45,105,VietJet Air,Economy,105,,,72.0,Y,N,N,1,7,0,0,Monday,False,False,False,Wattay International Airport,VTE
Tan Son Nhat International Airport,SGN,2024-07-15 10:05,Suvarnabhumi Airport,BKK,2024-07-15 11:30,85,THAI,Economy,580,415.0,,212.0,Y,Y,Y,1,7,2,23,Monday,False,False,False,Wattay International Airport,VTE
Tan Son Nhat International Airport,SGN,2024-07-15 20:10,Suvarnabhumi Airport,BKK,2024-07-15 21:35,85,THAI,Economy,1000,840.0,True,251.0,Y,Y,Y,1,7,2,23,Monday,False,False,False,Wattay International Airport,VTE
Tan Son Nhat International Airport,SGN,2024-07-15 02:35,Shanghai Pudong International Airport,PVG,2024-07-15 08:00,265,China Eastern,Economy,1185,680.0,,440.0,Y,Y,Y,1,8,2,23,Monday,False,False,False,Wattay International Airport,VTE
Tan Son Nhat International Airport,SGN,2024-07-15 16:00,Phnom Penh International Airport,PNH,2024-07-15 16:55,55,Vietnam Airlines,Economy,195,50.0,,,Y,Y,Y,1,10,1,23,Monday,False,False,False,Wattay International Airport,VTE
Tan Son Nhat International Airport,SGN,2024-07-16 12:00,Pakse International Airport,PKZ,2024-07-16 13:35,95,Lao Airlines,Economy,215,45.0,,137.0,Y,Y,Y,1,7,1,20,Tuesday,False,False,False,Wattay International Airport,VTE
Tan Son Nhat International Airport,SGN,2024-07-16 20:10,Suvarnabhumi Airport,BKK,2024-07-16 21:35,85,THAI,Economy,1000,840.0,True,243.0,Y,Y,Y,1,7,2,23,Tuesday,False,False,False,Wattay International Airport,VTE
Tan Son Nhat International Airport,SGN,2024-07-16 19:10,Kunming Changshui International Airport,KMG,2024-07-16 23:00,170,China Eastern,Economy,870,605.0,True,274.0,Y,Y,Y,1,8,2,23,Tuesday,False,False,False,Wattay International Airport,VTE
Tan Son Nhat International Airport,SGN,2024-07-16 15:45,Guangzhou Baiyun International Airport,CAN,2024-07-16 19:40,175,China Southern,Economy,1585,1255.0,True,302.0,Y,Y,Y,1,8,1,23,Tuesday,False,False,False,Wattay International Airport,VTE
Tan Son Nhat International Airport,SGN,2024-07-16 02:35,Shanghai Pudong International Airport,PVG,2024-07-16 08:00,265,China Eastern,Economy,1185,680.0,,440.0,Y,Y,Y,1,8,2,23,Tuesday,False,False,False,Wattay International Airport,VTE
Tan Son Nhat International Airport,SGN,2024-07-17 16:10,Wattay International Airport,VTE,2024-07-17 17:45,95,VietJet Air,Economy,95,,,96.0,Y,N,N,1,7,0,0,Wednesday,False,False,False,Wattay International Airport,VTE
Tan Son Nhat International Airport,SGN,2024-07-17 20:10,Suvarnabhumi Airport,BKK,2024-07-17 21:35,85,THAI,Economy,1000,840.0,True,224.0,Y,Y,Y,1,7,2,23,Wednesday,False,False,False,Wattay International Airport,VTE
Tan Son Nhat International Airport,SGN,2024-07-17 08:00,Guangzhou Baiyun International Airport,CAN,2024-07-17 11:40,160,China Southern,Economy,610,295.0,,302.0,Y,Y,Y,1,8,1,23,Wednesday,False,False,False,Wattay International Airport,VTE
Tan Son Nhat International Airport,SGN,2024-07-17 16:00,Phnom Penh International Airport,PNH,2024-07-17 16:55,55,Vietnam Airlines,Economy,195,50.0,,,Y,Y,Y,1,10,1,23,Wednesday,False,False,False,Wattay International Airport,VTE
Tan Son Nhat International Airport,SGN,2024-07-18 12:00,Pakse International Airport,PKZ,2024-07-18 13:35,95,Lao Airlines,Economy,215,45.0,,137.0,Y,Y,Y,1,7,1,20,Thursday,False,False,False,Wattay International Airport,VTE
Tan Son Nhat International Airport,SGN,2024-07-18 10:05,Suvarnabhumi Airport,BKK,2024-07-18 11:30,85,THAI,Economy,580,415.0,,332.0,Y,Y,Y,1,7,2,23,Thursday,False,False,False,Wattay International Airport,VTE
Tan Son Nhat International Airport,SGN,2024-07-18 20:10,Suvarnabhumi Airport,BKK,2024-07-18 21:35,85,THAI,Economy,1000,840.0,True,233.0,Y,Y,Y,1,7,2,23,Thursday,False,False,False,Wattay International Airport,VTE
Tan Son Nhat International Airport,SGN,2024-07-18 19:10,Kunming Changshui International Airport,KMG,2024-07-18 23:00,170,China Eastern,Economy,870,605.0,True,274.0,Y,Y,Y,1,8,2,23,Thursday,False,False,False,Wattay International Airport,VTE
Tan Son Nhat International Airport,SGN,2024-07-18 15:45,Guangzhou Baiyun International Airport,CAN,2024-07-18 19:40,175,China Southern,Economy,1585,1255.0,True,302.0,Y,Y,Y,1,8,1,23,Thursday,False,False,False,Wattay International Airport,VTE
Tan Son Nhat International Airport,SGN,2024-07-18 02:35,Shanghai Pudong International Airport,PVG,2024-07-18 08:00,265,China Eastern,Economy,1185,680.0,,480.0,Y,Y,Y,1,8,2,23,Thursday,False,False,False,Wattay International Airport,VTE
Tan Son Nhat International Airport,SGN,2024-07-18 00:10,Incheon International Airport,ICN,2024-07-18 07:10,300,Asiana,Economy,1340,710.0,,582.0,Y,Y,Y,1,10,1,23,Thursday,False,False,False,Wattay International Airport,VTE
Tan Son Nhat International Airport,SGN,2024-07-18 16:00,Phnom Penh International Airport,PNH,2024-07-18 16:55,55,Vietnam Airlines,Economy,195,50.0,,,Y,Y,Y,1,10,1,23,Thursday,False,False,False,Wattay International Airport,VTE
Tan Son Nhat International Airport,SGN,2024-07-19 16:00,Wattay International Airport,VTE,2024-07-19 17:45,105,VietJet Air,Economy,105,,,72.0,Y,N,N,1,7,0,0,Friday,False,False,False,Wattay International Airport,VTE
Tan Son Nhat International Airport,SGN,2024-07-19 20:10,Suvarnabhumi Airport,BKK,2024-07-19 21:35,85,THAI,Economy,1415,1250.0,True,251.0,Y,Y,Y,1,7,2,23,Friday,False,False,False,Wattay International Airport,VTE
Tan Son Nhat International Airport,SGN,2024-07-19 08:00,Guangzhou Baiyun International Airport,CAN,2024-07-19 11:40,160,China Southern,Economy,610,295.0,,302.0,Y,Y,Y,1,8,1,23,Friday,False,False,False,Wattay International Airport,VTE
Tan Son Nhat International Airport,SGN,2024-07-19 16:00,Phnom Penh International Airport,PNH,2024-07-19 16:55,55,Vietnam Airlines,Economy,195,50.0,,,Y,Y,Y,1,10,1,23,Friday,False,False,False,Wattay International Airport,VTE
Tan Son Nhat International Airport,SGN,2024-07-20 12:00,Pakse International Airport,PKZ,2024-07-20 13:35,95,Lao Airlines,Economy,215,45.0,,137.0,Y,Y,Y,1,7,1,20,Saturday,False,True,False,Wattay International Airport,VTE
Tan Son Nhat International Airport,SGN,2024-07-20 10:05,Suvarnabhumi Airport,BKK,2024-07-20 11:30,85,THAI,Economy,580,415.0,,332.0,Y,Y,Y,1,7,2,23,Saturday,False,True,False,Wattay International Airport,VTE
Tan Son Nhat International Airport,SGN,2024-07-20 19:10,Kunming Changshui International Airport,KMG,2024-07-20 23:00,170,China Eastern,Economy,870,605.0,True,274.0,Y,Y,Y,1,8,2,23,Saturday,False,True,False,Wattay International Airport,VTE
Tan Son Nhat International Airport,SGN,2024-07-20 20:10,Suvarnabhumi Airport,BKK,2024-07-20 21:35,85,THAI,Economy,1415,1250.0,True,296.0,Y,Y,Y,1,7,2,23,Saturday,False,True,False,Wattay International Airport,VTE
Tan Son Nhat International Airport,SGN,2024-07-20 15:45,Guangzhou Baiyun International Airport,CAN,2024-07-20 19:40,175,China Southern,Economy,1585,1255.0,True,302.0,Y,Y,Y,1,8,1,23,Saturday,False,True,False,Wattay International Airport,VTE
Tan Son Nhat International Airport,SGN,2024-07-20 02:35,Shanghai Pudong International Airport,PVG,2024-07-20 07:55,260,China Eastern,Economy,1185,685.0,,440.0,Y,Y,Y,1,8,2,23,Saturday,False,True,False,Wattay International Airport,VTE
Tan Son Nhat International Airport,SGN,2024-07-20 00:10,Incheon International Airport,ICN,2024-07-20 07:10,300,Asiana,Economy,1340,710.0,,613.0,Y,Y,Y,1,10,1,23,Saturday,False,True,False,Wattay International Airport,VTE
Tan Son Nhat International Airport,SGN,2024-07-20 16:00,Phnom Penh International Airport,PNH,2024-07-20 16:55,55,Vietnam Airlines,Economy,195,50.0,,,Y,Y,Y,1,10,1,23,Saturday,False,True,False,Wattay International Airport,VTE
Tan Son Nhat International Airport,SGN,2024-07-21 16:00,Wattay International Airport,VTE,2024-07-21 17:45,105,VietJet Air,Economy,105,,,72.0,Y,N,N,1,7,0,0,Sunday,False,False,False,Wattay International Airport,VTE
Tan Son Nhat International Airport,SGN,2024-07-21 20:10,Suvarnabhumi Airport,BKK,2024-07-21 21:35,85,THAI,Economy,1415,1250.0,True,233.0,Y,Y,Y,1,7,2,23,Sunday,False,False,False,Wattay International Airport,VTE
Tan Son Nhat International Airport,SGN,2024-07-21 20:10,Suvarnabhumi Airport,BKK,2024-07-21 21:35,85,THAI,Economy,1000,840.0,True,251.0,Y,Y,Y,1,7,2,23,Sunday,False,False,False,Wattay International Airport,VTE
Tan Son Nhat International Airport,SGN,2024-07-21 10:05,Suvarnabhumi Airport,BKK,2024-07-21 11:30,85,THAI,Economy,580,415.0,,259.0,Y,Y,Y,1,7,2,23,Sunday,False,False,False,Wattay International Airport,VTE
Tan Son Nhat International Airport,SGN,2024-07-21 08:00,Guangzhou Baiyun International Airport,CAN,2024-07-21 11:45,165,China Southern,Economy,610,290.0,,302.0,Y,Y,Y,1,8,1,23,Sunday,False,False,False,Wattay International Airport,VTE
Tan Son Nhat International Airport,SGN,2024-07-21 16:00,Phnom Penh International Airport,PNH,2024-07-21 16:55,55,Vietnam Airlines,Economy,195,50.0,,,Y,Y,Y,1,10,1,23,Sunday,False,False,False,Wattay International Airport,VTE
Tan Son Nhat International Airport,SGN,2024-07-22 16:00,Wattay International Airport,VTE,2024-07-22 17:45,105,VietJet Air,Economy,105,,,72.0,Y,N,N,1,7,0,0,Monday,False,False,False,Wattay International Airport,VTE
Tan Son Nhat International Airport,SGN,2024-07-22 20:10,Suvarnabhumi Airport,BKK,2024-07-22 21:35,85,THAI,Economy,1000,840.0,True,251.0,Y,Y,Y,1,7,2,23,Monday,False,False,False,Wattay International Airport,VTE
Tan Son Nhat International Airport,SGN,2024-07-22 02:35,Shanghai Pudong International Airport,PVG,2024-07-22 08:00,265,China Eastern,Economy,1185,680.0,,440.0,Y,Y,Y,1,8,2,23,Monday,False,False,False,Wattay International Airport,VTE
Tan Son Nhat International Airport,SGN,2024-07-22 16:00,Phnom Penh International Airport,PNH,2024-07-22 16:55,55,Vietnam Airlines,Economy,195,50.0,,,Y,Y,Y,1,10,1,23,Monday,False,False,False,Wattay International Airport,VTE
Tan Son Nhat International Airport,SGN,2024-07-23 12:00,Pakse International Airport,PKZ,2024-07-23 13:35,95,Lao Airlines,Economy,215,45.0,,137.0,Y,Y,Y,1,7,1,20,Tuesday,False,False,False,Wattay International Airport,VTE
Tan Son Nhat International Airport,SGN,2024-07-23 10:05,Suvarnabhumi Airport,BKK,2024-07-23 11:30,85,THAI,Economy,580,415.0,,212.0,Y,Y,Y,1,7,2,23,Tuesday,False,False,False,Wattay International Airport,VTE
Tan Son Nhat International Airport,SGN,2024-07-23 20:10,Suvarnabhumi Airport,BKK,2024-07-23 21:35,85,THAI,Economy,1000,840.0,True,233.0,Y,Y,Y,1,7,2,23,Tuesday,False,False,False,Wattay International Airport,VTE
Tan Son Nhat International Airport,SGN,2024-07-23 19:10,Kunming Changshui International Airport,KMG,2024-07-23 23:00,170,China Eastern,Economy,870,605.0,True,274.0,Y,Y,Y,1,8,2,23,Tuesday,False,False,False,Wattay International Airport,VTE
Tan Son Nhat International Airport,SGN,2024-07-23 15:45,Guangzhou Baiyun International Airport,CAN,2024-07-23 19:40,175,China Southern,Economy,1585,1255.0,True,302.0,Y,Y,Y,1,8,1,23,Tuesday,False,False,False,Wattay International Airport,VTE
Tan Son Nhat International Airport,SGN,2024-07-23 02:35,Shanghai Pudong International Airport,PVG,2024-07-23 08:00,265,China Eastern,Economy,1185,680.0,,440.0,Y,Y,Y,1,8,2,23,Tuesday,False,False,False,Wattay International Airport,VTE
Tan Son Nhat International Airport,SGN,2024-07-23 16:00,Phnom Penh International Airport,PNH,2024-07-23 16:55,55,Vietnam Airlines,Economy,195,50.0,,,Y,Y,Y,1,10,1,23,Tuesday,False,False,False,Wattay International Airport,VTE
Tan Son Nhat International Airport,SGN,2024-07-24 16:10,Wattay International Airport,VTE,2024-07-24 17:45,95,VietJet Air,Economy,95,,,96.0,Y,N,N,1,7,0,0,Wednesday,False,False,False,Wattay International Airport,VTE
Tan Son Nhat International Airport,SGN,2024-07-24 20:10,Suvarnabhumi Airport,BKK,2024-07-24 21:35,85,THAI,Economy,1000,840.0,True,233.0,Y,Y,Y,1,7,2,23,Wednesday,False,False,False,Wattay International Airport,VTE
Tan Son Nhat International Airport,SGN,2024-07-24 08:00,Guangzhou Baiyun International Airport,CAN,2024-07-24 11:40,160,China Southern,Economy,610,295.0,,302.0,Y,Y,Y,1,8,1,23,Wednesday,False,False,False,Wattay International Airport,VTE
Tan Son Nhat International Airport,SGN,2024-07-24 16:00,Phnom Penh International Airport,PNH,2024-07-24 16:55,55,Vietnam Airlines,Economy,195,50.0,,,Y,Y,Y,1,10,1,23,Wednesday,False,False,False,Wattay International Airport,VTE
Tan Son Nhat International Airport,SGN,2024-07-25 12:00,Pakse International Airport,PKZ,2024-07-25 13:35,95,Lao Airlines,Economy,215,45.0,,137.0,Y,Y,Y,1,7,1,20,Thursday,False,False,False,Wattay International Airport,VTE
Tan Son Nhat International Airport,SGN,2024-07-25 20:10,Suvarnabhumi Airport,BKK,2024-07-25 21:35,85,THAI,Economy,1000,840.0,True,243.0,Y,Y,Y,1,7,2,23,Thursday,False,False,False,Wattay International Airport,VTE
Tan Son Nhat International Airport,SGN,2024-07-25 19:10,Kunming Changshui International Airport,KMG,2024-07-25 23:00,170,China Eastern,Economy,870,605.0,True,274.0,Y,Y,Y,1,8,2,23,Thursday,False,False,False,Wattay International Airport,VTE
Tan Son Nhat International Airport,SGN,2024-07-25 15:45,Guangzhou Baiyun International Airport,CAN,2024-07-25 19:40,175,China Southern,Economy,1585,1255.0,True,302.0,Y,Y,Y,1,8,1,23,Thursday,False,False,False,Wattay International Airport,VTE
Tan Son Nhat International Airport,SGN,2024-07-25 02:35,Shanghai Pudong International Airport,PVG,2024-07-25 08:00,265,China Eastern,Economy,1185,680.0,,480.0,Y,Y,Y,1,8,2,23,Thursday,False,False,False,Wattay International Airport,VTE
Tan Son Nhat International Airport,SGN,2024-07-25 00:10,Incheon International Airport,ICN,2024-07-25 07:10,300,Asiana,Economy,1340,710.0,,573.0,Y,Y,Y,1,10,1,23,Thursday,False,False,False,Wattay International Airport,VTE
Tan Son Nhat International Airport,SGN,2024-07-25 16:00,Phnom Penh International Airport,PNH,2024-07-25 16:55,55,Vietnam Airlines,Economy,195,50.0,,,Y,Y,Y,1,10,1,23,Thursday,False,False,False,Wattay International Airport,VTE
Tan Son Nhat International Airport,SGN,2024-07-26 16:00,Wattay International Airport,VTE,2024-07-26 17:45,105,VietJet Air,Economy,105,,,72.0,Y,N,N,1,7,0,0,Friday,False,False,False,Wattay International Airport,VTE
Tan Son Nhat International Airport,SGN,2024-07-26 20:10,Suvarnabhumi Airport,BKK,2024-07-26 21:35,85,THAI,Economy,1000,840.0,True,251.0,Y,Y,Y,1,7,2,23,Friday,False,False,False,Wattay International Airport,VTE
Tan Son Nhat International Airport,SGN,2024-07-26 08:00,Guangzhou Baiyun International Airport,CAN,2024-07-26 11:40,160,China Southern,Economy,610,295.0,,302.0,Y,Y,Y,1,8,1,23,Friday,False,False,False,Wattay International Airport,VTE
Tan Son Nhat International Airport,SGN,2024-07-26 16:00,Phnom Penh International Airport,PNH,2024-07-26 16:55,55,Vietnam Airlines,Economy,195,50.0,,,Y,Y,Y,1,10,1,23,Friday,False,False,False,Wattay International Airport,VTE
Tan Son Nhat International Airport,SGN,2024-07-27 12:00,Pakse International Airport,PKZ,2024-07-27 13:35,95,Lao Airlines,Economy,440,270.0,,137.0,Y,Y,Y,1,7,1,20,Saturday,False,False,False,Wattay International Airport,VTE
Tan Son Nhat International Airport,SGN,2024-07-27 12:00,Pakse International Airport,PKZ,2024-07-27 13:35,95,Lao Airlines,Economy,215,45.0,,157.0,Y,Y,Y,1,7,1,20,Saturday,False,False,False,Wattay International Airport,VTE
Tan Son Nhat International Airport,SGN,2024-07-27 10:05,Suvarnabhumi Airport,BKK,2024-07-27 11:30,85,THAI,Economy,580,415.0,,332.0,Y,Y,Y,1,7,2,23,Saturday,False,False,False,Wattay International Airport,VTE
Tan Son Nhat International Airport,SGN,2024-07-27 20:10,Suvarnabhumi Airport,BKK,2024-07-27 21:35,85,THAI,Economy,1000,840.0,True,251.0,Y,Y,Y,1,7,2,23,Saturday,False,False,False,Wattay International Airport,VTE
Tan Son Nhat International Airport,SGN,2024-07-27 19:10,Kunming Changshui International Airport,KMG,2024-07-27 23:00,170,China Eastern,Economy,870,605.0,True,274.0,Y,Y,Y,1,8,2,23,Saturday,False,False,False,Wattay International Airport,VTE
Tan Son Nhat International Airport,SGN,2024-07-27 15:45,Guangzhou Baiyun International Airport,CAN,2024-07-27 19:40,175,China Southern,Economy,1585,1255.0,True,302.0,Y,Y,Y,1,8,1,23,Saturday,False,False,False,Wattay International Airport,VTE
Tan Son Nhat International Airport,SGN,2024-07-27 02:35,Shanghai Pudong International Airport,PVG,2024-07-27 07:55,260,China Eastern,Economy,1185,685.0,,480.0,Y,Y,Y,1,8,2,23,Saturday,False,False,False,Wattay International Airport,VTE
Tan Son Nhat International Airport,SGN,2024-07-27 00:10,Incheon International Airport,ICN,2024-07-27 07:10,300,Asiana,Economy,1340,710.0,,597.0,Y,Y,Y,1,10,1,23,Saturday,False,False,False,Wattay International Airport,VTE
Tan Son Nhat International Airport,SGN,2024-07-27 16:00,Phnom Penh International Airport,PNH,2024-07-27 16:55,55,Vietnam Airlines,Economy,195,50.0,,,Y,Y,Y,1,10,1,23,Saturday,False,False,False,Wattay International Airport,VTE
Tan Son Nhat International Airport,SGN,2024-07-28 16:00,Wattay International Airport,VTE,2024-07-28 17:45,105,VietJet Air,Economy,105,,,72.0,Y,N,N,1,7,0,0,Sunday,False,False,False,Wattay International Airport,VTE
Tan Son Nhat International Airport,SGN,2024-07-28 10:05,Suvarnabhumi Airport,BKK,2024-07-28 11:30,85,THAI,Economy,1605,1445.0,True,224.0,Y,Y,Y,1,7,2,23,Sunday,False,False,False,Wattay International Airport,VTE
Tan Son Nhat International Airport,SGN,2024-07-28 20:10,Suvarnabhumi Airport,BKK,2024-07-28 21:35,85,THAI,Economy,1000,840.0,True,251.0,Y,Y,Y,1,7,2,23,Sunday,False,False,False,Wattay International Airport,VTE
Tan Son Nhat International Airport,SGN,2024-07-28 10:05,Suvarnabhumi Airport,BKK,2024-07-28 11:30,85,THAI,Economy,580,415.0,,287.0,Y,Y,Y,1,7,2,23,Sunday,False,False,False,Wattay International Airport,VTE
Tan Son Nhat International Airport,SGN,2024-07-28 08:00,Guangzhou Baiyun International Airport,CAN,2024-07-28 11:45,165,China Southern,Economy,610,290.0,,302.0,Y,Y,Y,1,8,1,23,Sunday,False,False,False,Wattay International Airport,VTE
Tan Son Nhat International Airport,SGN,2024-07-28 16:00,Phnom Penh International Airport,PNH,2024-07-28 16:55,55,Vietnam Airlines,Economy,195,50.0,,,Y,Y,Y,1,10,1,23,Sunday,False,False,False,Wattay International Airport,VTE
Tan Son Nhat International Airport,SGN,2024-07-29 16:00,Wattay International Airport,VTE,2024-07-29 17:45,105,VietJet Air,Economy,105,,,87.0,Y,N,N,1,7,0,0,Monday,False,False,False,Wattay International Airport,VTE
Tan Son Nhat International Airport,SGN,2024-07-29 20:10,Suvarnabhumi Airport,BKK,2024-07-29 21:35,85,THAI,Economy,1000,840.0,True,243.0,Y,Y,Y,1,7,2,23,Monday,False,False,False,Wattay International Airport,VTE
Tan Son Nhat International Airport,SGN,2024-07-29 02:35,Shanghai Pudong International Airport,PVG,2024-07-29 08:00,265,China Eastern,Economy,1185,680.0,,440.0,Y,Y,Y,1,8,2,23,Monday,False,False,False,Wattay International Airport,VTE
Tan Son Nhat International Airport,SGN,2024-07-29 16:00,Phnom Penh International Airport,PNH,2024-07-29 16:55,55,Vietnam Airlines,Economy,195,50.0,,,Y,Y,Y,1,10,1,23,Monday,False,False,False,Wattay International Airport,VTE
Tan Son Nhat International Airport,SGN,2024-07-30 12:00,Pakse International Airport,PKZ,2024-07-30 13:35,95,Lao Airlines,Economy,215,45.0,,137.0,Y,Y,Y,1,7,1,20,Tuesday,False,False,False,Wattay International Airport,VTE
Tan Son Nhat International Airport,SGN,2024-07-30 10:05,Suvarnabhumi Airport,BKK,2024-07-30 11:30,85,THAI,Economy,580,415.0,,212.0,Y,Y,Y,1,7,2,23,Tuesday,False,False,False,Wattay International Airport,VTE
Tan Son Nhat International Airport,SGN,2024-07-30 20:10,Suvarnabhumi Airport,BKK,2024-07-30 21:35,85,THAI,Economy,1000,840.0,True,251.0,Y,Y,Y,1,7,2,23,Tuesday,False,False,False,Wattay International Airport,VTE
Tan Son Nhat International Airport,SGN,2024-07-30 19:10,Kunming Changshui International Airport,KMG,2024-07-30 23:00,170,China Eastern,Economy,870,605.0,True,274.0,Y,Y,Y,1,8,2,23,Tuesday,False,False,False,Wattay International Airport,VTE
Tan Son Nhat International Airport,SGN,2024-07-30 15:45,Guangzhou Baiyun International Airport,CAN,2024-07-30 19:40,175,China Southern,Economy,1585,1255.0,True,302.0,Y,Y,Y,1,8,1,23,Tuesday,False,False,False,Wattay International Airport,VTE
Tan Son Nhat International Airport,SGN,2024-07-30 02:35,Shanghai Pudong International Airport,PVG,2024-07-30 08:00,265,China Eastern,Economy,1185,680.0,,440.0,Y,Y,Y,1,8,2,23,Tuesday,False,False,False,Wattay International Airport,VTE
Tan Son Nhat International Airport,SGN,2024-07-30 16:00,Phnom Penh International Airport,PNH,2024-07-30 16:55,55,Vietnam Airlines,Economy,195,50.0,,,Y,Y,Y,1,10,1,23,Tuesday,False,False,False,Wattay International Airport,VTE
Tan Son Nhat International Airport,SGN,2024-07-31 16:10,Wattay International Airport,VTE,2024-07-31 17:45,95,VietJet Air,Economy,95,,,96.0,Y,N,N,1,7,0,0,Wednesday,False,False,False,Wattay International Airport,VTE
Tan Son Nhat International Airport,SGN,2024-07-31 20:10,Suvarnabhumi Airport,BKK,2024-07-31 21:35,85,THAI,Economy,990,830.0,True,233.0,Y,Y,Y,1,7,2,23,Wednesday,False,False,False,Wattay International Airport,VTE
Tan Son Nhat International Airport,SGN,2024-07-31 10:05,Suvarnabhumi Airport,BKK,2024-07-31 11:30,85,THAI,Economy,580,415.0,,259.0,Y,Y,Y,1,7,2,23,Wednesday,False,False,False,Wattay International Airport,VTE
Tan Son Nhat International Airport,SGN,2024-07-31 08:00,Guangzhou Baiyun International Airport,CAN,2024-07-31 11:40,160,China Southern,Economy,610,295.0,,302.0,Y,Y,Y,1,8,1,23,Wednesday,False,False,False,Wattay International Airport,VTE
Tan Son Nhat International Airport,SGN,2024-07-31 16:00,Phnom Penh International Airport,PNH,2024-07-31 16:55,55,Vietnam Airlines,Economy,195,50.0,,,Y,Y,Y,1,10,1,23,Wednesday,False,False,False,Wattay International Airport,VTE
Tan Son Nhat International Airport,SGN,2024-08-01 12:00,Pakse International Airport,PKZ,2024-08-01 13:35,95,Lao Airlines,Economy,215,45.0,,137.0,Y,Y,Y,1,7,1,20,Thursday,False,False,False,Wattay International Airport,VTE
Tan Son Nhat International Airport,SGN,2024-08-01 19:10,Kunming Changshui International Airport,KMG,2024-08-01 23:00,170,China Eastern,Economy,870,605.0,True,247.0,Y,Y,Y,1,8,2,23,Thursday,False,False,False,Wattay International Airport,VTE
Tan Son Nhat International Airport,SGN,2024-08-01 02:35,Shanghai Pudong International Airport,PVG,2024-08-01 08:00,265,China Eastern,Economy,1185,680.0,,481.0,Y,Y,Y,1,8,2,23,Thursday,False,False,False,Wattay International Airport,VTE
Tan Son Nhat International Airport,SGN,2024-08-01 15:45,Guangzhou Baiyun International Airport,CAN,2024-08-01 19:40,175,China Southern,Economy,1585,1255.0,True,496.0,Y,Y,Y,1,8,1,23,Thursday,False,False,False,Wattay International Airport,VTE
Tan Son Nhat International Airport,SGN,2024-08-01 00:10,Incheon International Airport,ICN,2024-08-01 07:10,300,Asiana,Economy,1340,710.0,,839.0,Y,Y,Y,1,10,1,23,Thursday,False,False,False,Wattay International Airport,VTE
Tan Son Nhat International Airport,SGN,2024-08-01 20:10,Suvarnabhumi Airport,BKK,2024-08-01 21:35,85,THAI,Economy,990,830.0,True,2098.0,Y,Y,Y,1,7,2,23,Thursday,False,False,False,Wattay International Airport,VTE
Tan Son Nhat International Airport,SGN,2024-08-01 16:00,Phnom Penh International Airport,PNH,2024-08-01 16:55,55,Vietnam Airlines,Economy,195,50.0,,,Y,Y,Y,1,10,1,23,Thursday,False,False,False,Wattay International Airport,VTE
Tan Son Nhat International Airport,SGN,2024-08-02 02:35,Guangzhou Baiyun International Airport,CAN,2024-08-02 06:40,185,China Southern,Economy,935,595.0,,485.0,Y,Y,Y,1,8,1,23,Friday,False,False,False,Wattay International Airport,VTE
Tan Son Nhat International Airport,SGN,2024-08-02 08:00,Guangzhou Baiyun International Airport,CAN,2024-08-02 11:50,170,China Southern,Economy,610,285.0,,510.0,Y,Y,Y,1,8,1,23,Friday,False,False,False,Wattay International Airport,VTE
Tan Son Nhat International Airport,SGN,2024-08-02 16:00,Wattay International Airport,VTE,2024-08-02 17:45,105,Vietjet,Economy,105,,,,Y,N,N,1,7,0,0,Friday,False,False,False,Wattay International Airport,VTE
Tan Son Nhat International Airport,SGN,2024-08-02 02:35,Shanghai Pudong International Airport,PVG,2024-08-02 07:50,255,China Eastern,Economy,1185,690.0,,559.0,Y,Y,Y,1,8,2,23,Friday,False,False,False,Wattay International Airport,VTE
Tan Son Nhat International Airport,SGN,2024-08-02 12:05,Incheon International Airport,ICN,2024-08-02 19:25,320,Asiana,Economy,2065,1415.0,True,767.0,Y,Y,Y,1,10,1,23,Friday,False,False,False,Wattay International Airport,VTE
Tan Son Nhat International Airport,SGN,2024-08-02 10:05,Suvarnabhumi Airport,BKK,2024-08-02 11:30,85,THAI,Economy,580,415.0,,2077.0,Y,Y,Y,1,7,2,23,Friday,False,False,False,Wattay International Airport,VTE
Tan Son Nhat International Airport,SGN,2024-08-02 20:10,Suvarnabhumi Airport,BKK,2024-08-02 21:35,85,THAI,Economy,990,830.0,True,2098.0,Y,Y,Y,1,7,2,23,Friday,False,False,False,Wattay International Airport,VTE
Tan Son Nhat International Airport,SGN,2024-08-02 16:00,Phnom Penh International Airport,PNH,2024-08-02 16:55,55,Vietnam Airlines,Economy,195,50.0,,,Y,Y,Y,1,10,1,23,Friday,False,False,False,Wattay International Airport,VTE
Tan Son Nhat International Airport,SGN,2024-08-03 12:00,Pakse International Airport,PKZ,2024-08-03 13:35,95,Lao Airlines,Economy,215,45.0,,137.0,Y,Y,Y,1,7,1,20,Saturday,False,False,False,Wattay International Airport,VTE
Tan Son Nhat International Airport,SGN,2024-08-03 19:10,Kunming Changshui International Airport,KMG,2024-08-03 23:00,170,China Eastern,Economy,870,605.0,True,247.0,Y,Y,Y,1,8,2,23,Saturday,False,False,False,Wattay International Airport,VTE
Tan Son Nhat International Airport,SGN,2024-08-03 15:45,Guangzhou Baiyun International Airport,CAN,2024-08-03 19:40,175,China Southern,Economy,1585,1255.0,True,346.0,Y,Y,Y,1,8,1,23,Saturday,False,False,False,Wattay International Airport,VTE
Tan Son Nhat International Airport,SGN,2024-08-03 02:35,Shanghai Pudong International Airport,PVG,2024-08-03 07:55,260,China Eastern,Economy,1185,685.0,,559.0,Y,Y,Y,1,8,2,23,Saturday,False,False,False,Wattay International Airport,VTE
Tan Son Nhat International Airport,SGN,2024-08-03 00:10,Incheon International Airport,ICN,2024-08-03 07:10,300,Asiana,Economy,1340,710.0,,1044.0,Y,Y,Y,1,10,1,23,Saturday,False,False,False,Wattay International Airport,VTE
Tan Son Nhat International Airport,SGN,2024-08-03 10:05,Suvarnabhumi Airport,BKK,2024-08-03 11:30,85,THAI,Economy,580,415.0,,2077.0,Y,Y,Y,1,7,2,23,Saturday,False,False,False,Wattay International Airport,VTE
Tan Son Nhat International Airport,SGN,2024-08-03 20:10,Suvarnabhumi Airport,BKK,2024-08-03 21:35,85,THAI,Economy,990,830.0,True,2098.0,Y,Y,Y,1,7,2,23,Saturday,False,False,False,Wattay International Airport,VTE
Tan Son Nhat International Airport,SGN,2024-08-03 16:00,Phnom Penh International Airport,PNH,2024-08-03 16:55,55,Vietnam Airlines,Economy,195,50.0,,,Y,Y,Y,1,10,1,23,Saturday,False,False,False,Wattay International Airport,VTE
Tan Son Nhat International Airport,SGN,2024-08-04 02:35,Guangzhou Baiyun International Airport,CAN,2024-08-04 06:40,185,China Southern,Economy,935,595.0,,336.0,Y,Y,Y,1,8,1,23,Sunday,False,False,False,Wattay International Airport,VTE
Tan Son Nhat International Airport,SGN,2024-08-04 08:00,Guangzhou Baiyun International Airport,CAN,2024-08-04 11:45,165,China Southern,Economy,610,290.0,,362.0,Y,Y,Y,1,8,1,23,Sunday,False,False,False,Wattay International Airport,VTE
Tan Son Nhat International Airport,SGN,2024-08-04 16:00,Wattay International Airport,VTE,2024-08-04 17:45,105,Vietjet,Economy,105,,,,Y,N,N,1,7,0,0,Sunday,False,False,False,Wattay International Airport,VTE
Tan Son Nhat International Airport,SGN,2024-08-04 02:35,Shanghai Pudong International Airport,PVG,2024-08-04 08:00,265,China Eastern,Economy,1185,680.0,,441.0,Y,Y,Y,1,8,2,23,Sunday,False,False,False,Wattay International Airport,VTE
Tan Son Nhat International Airport,SGN,2024-08-04 00:10,Incheon International Airport,ICN,2024-08-04 07:10,300,Asiana,Economy,1340,710.0,,1044.0,Y,Y,Y,1,10,1,23,Sunday,False,False,False,Wattay International Airport,VTE
Tan Son Nhat International Airport,SGN,2024-08-04 10:05,Suvarnabhumi Airport,BKK,2024-08-04 11:30,85,THAI,Economy,580,415.0,,2077.0,Y,Y,Y,1,7,2,23,Sunday,False,False,False,Wattay International Airport,VTE
Tan Son Nhat International Airport,SGN,2024-08-04 20:10,Suvarnabhumi Airport,BKK,2024-08-04 21:35,85,THAI,Economy,990,830.0,True,2098.0,Y,Y,Y,1,7,2,23,Sunday,False,False,False,Wattay International Airport,VTE
Tan Son Nhat International Airport,SGN,2024-08-04 16:00,Phnom Penh International Airport,PNH,2024-08-04 16:55,55,Vietnam Airlines,Economy,195,50.0,,,Y,Y,Y,1,10,1,23,Sunday,False,False,False,Wattay International Airport,VTE
Tan Son Nhat International Airport,SGN,2024-08-05 10:05,Suvarnabhumi Airport,BKK,2024-08-05 11:30,85,THAI,Economy,580,415.0,,2077.0,Y,Y,Y,1,7,2,23,Monday,False,False,False,Wattay International Airport,VTE
Tan Son Nhat International Airport,SGN,2024-08-05 16:00,Wattay International Airport,VTE,2024-08-05 17:45,105,Vietjet,Economy,105,,,,Y,N,N,1,7,0,0,Monday,False,False,False,Wattay International Airport,VTE
Tan Son Nhat International Airport,SGN,2024-08-05 02:35,Shanghai Pudong International Airport,PVG,2024-08-05 08:00,265,China Eastern,Economy,1185,680.0,,441.0,Y,Y,Y,1,8,2,23,Monday,False,False,False,Wattay International Airport,VTE
Tan Son Nhat International Airport,SGN,2024-08-05 20:10,Suvarnabhumi Airport,BKK,2024-08-05 21:35,85,THAI,Economy,990,830.0,True,2098.0,Y,Y,Y,1,7,2,23,Monday,False,False,False,Wattay International Airport,VTE
Tan Son Nhat International Airport,SGN,2024-08-05 16:00,Phnom Penh International Airport,PNH,2024-08-05 16:55,55,Vietnam Airlines,Economy,195,50.0,,,Y,Y,Y,1,10,1,23,Monday,False,False,False,Wattay International Airport,VTE
Tan Son Nhat International Airport,SGN,2024-08-06 12:00,Pakse International Airport,PKZ,2024-08-06 13:35,95,Lao Airlines,Economy,215,45.0,,137.0,Y,Y,Y,1,7,1,20,Tuesday,False,False,False,Wattay International Airport,VTE
Tan Son Nhat International Airport,SGN,2024-08-06 19:10,Kunming Changshui International Airport,KMG,2024-08-06 23:00,170,China Eastern,Economy,870,605.0,True,247.0,Y,Y,Y,1,8,2,23,Tuesday,False,False,False,Wattay International Airport,VTE
Tan Son Nhat International Airport,SGN,2024-08-06 15:45,Guangzhou Baiyun International Airport,CAN,2024-08-06 19:40,175,China Southern,Economy,1585,1255.0,True,346.0,Y,Y,Y,1,8,1,23,Tuesday,False,False,False,Wattay International Airport,VTE
Tan Son Nhat International Airport,SGN,2024-08-06 02:35,Shanghai Pudong International Airport,PVG,2024-08-06 08:00,265,China Eastern,Economy,1185,680.0,,441.0,Y,Y,Y,1,8,2,23,Tuesday,False,False,False,Wattay International Airport,VTE
Tan Son Nhat International Airport,SGN,2024-08-06 10:05,Suvarnabhumi Airport,BKK,2024-08-06 11:30,85,THAI,Economy,580,415.0,,2077.0,Y,Y,Y,1,7,2,23,Tuesday,False,False,False,Wattay International Airport,VTE
Tan Son Nhat International Airport,SGN,2024-08-06 20:10,Suvarnabhumi Airport,BKK,2024-08-06 21:35,85,THAI,Economy,990,830.0,True,2098.0,Y,Y,Y,1,7,2,23,Tuesday,False,False,False,Wattay International Airport,VTE
Tan Son Nhat International Airport,SGN,2024-08-06 16:00,Phnom Penh International Airport,PNH,2024-08-06 16:55,55,Vietnam Airlines,Economy,195,50.0,,,Y,Y,Y,1,10,1,23,Tuesday,False,False,False,Wattay International Airport,VTE
Tan Son Nhat International Airport,SGN,2024-08-07 02:35,Guangzhou Baiyun International Airport,CAN,2024-08-07 06:40,185,China Southern,Economy,935,595.0,,336.0,Y,Y,Y,1,8,1,23,Wednesday,False,False,False,Wattay International Airport,VTE
Tan Son Nhat International Airport,SGN,2024-08-07 08:00,Guangzhou Baiyun International Airport,CAN,2024-08-07 11:50,170,China Southern,Economy,610,285.0,,362.0,Y,Y,Y,1,8,1,23,Wednesday,False,False,False,Wattay International Airport,VTE
Tan Son Nhat International Airport,SGN,2024-08-07 15:50,Wattay International Airport,VTE,2024-08-07 17:45,115,Vietjet,Economy,115,,,,Y,N,N,1,7,0,0,Wednesday,False,False,False,Wattay International Airport,VTE
Tan Son Nhat International Airport,SGN,2024-08-07 02:35,Shanghai Pudong International Airport,PVG,2024-08-07 08:00,265,China Eastern,Economy,1185,680.0,,441.0,Y,Y,Y,1,8,2,23,Wednesday,False,False,False,Wattay International Airport,VTE
Tan Son Nhat International Airport,SGN,2024-08-07 00:10,Incheon International Airport,ICN,2024-08-07 07:10,300,Asiana,Economy,1340,710.0,,689.0,Y,Y,Y,1,10,1,23,Wednesday,False,False,False,Wattay International Airport,VTE
Tan Son Nhat International Airport,SGN,2024-08-07 10:05,Suvarnabhumi Airport,BKK,2024-08-07 11:30,85,THAI,Economy,580,415.0,,2077.0,Y,Y,Y,1,7,2,23,Wednesday,False,False,False,Wattay International Airport,VTE
Tan Son Nhat International Airport,SGN,2024-08-07 20:10,Suvarnabhumi Airport,BKK,2024-08-07 21:35,85,THAI,Economy,990,830.0,True,2098.0,Y,Y,Y,1,7,2,23,Wednesday,False,False,False,Wattay International Airport,VTE
Tan Son Nhat International Airport,SGN,2024-08-07 16:00,Phnom Penh International Airport,PNH,2024-08-07 16:55,55,Vietnam Airlines,Economy,195,50.0,,,Y,Y,Y,1,10,1,23,Wednesday,False,False,False,Wattay International Airport,VTE
Tan Son Nhat International Airport,SGN,2024-08-08 12:00,Pakse International Airport,PKZ,2024-08-08 13:35,95,Lao Airlines,Economy,215,45.0,,137.0,Y,Y,Y,1,7,1,20,Thursday,False,False,False,Wattay International Airport,VTE
Tan Son Nhat International Airport,SGN,2024-08-08 19:10,Kunming Changshui International Airport,KMG,2024-08-08 23:00,170,China Eastern,Economy,870,605.0,True,247.0,Y,Y,Y,1,8,2,23,Thursday,False,False,False,Wattay International Airport,VTE
Tan Son Nhat International Airport,SGN,2024-08-08 15:45,Guangzhou Baiyun International Airport,CAN,2024-08-08 19:40,175,China Southern,Economy,1585,1255.0,True,346.0,Y,Y,Y,1,8,1,23,Thursday,False,False,False,Wattay International Airport,VTE
Tan Son Nhat International Airport,SGN,2024-08-08 02:35,Shanghai Pudong International Airport,PVG,2024-08-08 08:00,265,China Eastern,Economy,1185,680.0,,610.0,Y,Y,Y,1,8,2,23,Thursday,False,False,False,Wattay International Airport,VTE
Tan Son Nhat International Airport,SGN,2024-08-08 00:10,Incheon International Airport,ICN,2024-08-08 07:10,300,Asiana,Economy,1340,710.0,,767.0,Y,Y,Y,1,10,1,23,Thursday,False,False,False,Wattay International Airport,VTE
Tan Son Nhat International Airport,SGN,2024-08-08 10:05,Suvarnabhumi Airport,BKK,2024-08-08 11:30,85,THAI,Economy,580,415.0,,2077.0,Y,Y,Y,1,7,2,23,Thursday,False,False,False,Wattay International Airport,VTE
Tan Son Nhat International Airport,SGN,2024-08-08 20:10,Suvarnabhumi Airport,BKK,2024-08-08 21:35,85,THAI,Economy,990,830.0,True,2098.0,Y,Y,Y,1,7,2,23,Thursday,False,False,False,Wattay International Airport,VTE
Tan Son Nhat International Airport,SGN,2024-08-08 16:00,Phnom Penh International Airport,PNH,2024-08-08 16:55,55,Vietnam Airlines,Economy,195,50.0,,,Y,Y,Y,1,10,1,23,Thursday,False,False,False,Wattay International Airport,VTE
Tan Son Nhat International Airport,SGN,2024-08-09 02:35,Guangzhou Baiyun International Airport,CAN,2024-08-09 06:40,185,China Southern,Economy,935,595.0,,336.0,Y,Y,Y,1,8,1,23,Friday,False,False,False,Wattay International Airport,VTE
Tan Son Nhat International Airport,SGN,2024-08-09 08:00,Guangzhou Baiyun International Airport,CAN,2024-08-09 11:50,170,China Southern,Economy,610,285.0,,362.0,Y,Y,Y,1,8,1,23,Friday,False,False,False,Wattay International Airport,VTE
Tan Son Nhat International Airport,SGN,2024-08-09 16:00,Wattay International Airport,VTE,2024-08-09 17:45,105,Vietjet,Economy,105,,,,Y,N,N,1,7,0,0,Friday,False,False,False,Wattay International Airport,VTE
Tan Son Nhat International Airport,SGN,2024-08-09 02:35,Shanghai Pudong International Airport,PVG,2024-08-09 07:50,255,China Eastern,Economy,1185,690.0,,441.0,Y,Y,Y,1,8,2,23,Friday,False,False,False,Wattay International Airport,VTE
Tan Son Nhat International Airport,SGN,2024-08-09 10:05,Suvarnabhumi Airport,BKK,2024-08-09 11:30,85,THAI,Economy,580,415.0,,2077.0,Y,Y,Y,1,7,2,23,Friday,False,False,False,Wattay International Airport,VTE
Tan Son Nhat International Airport,SGN,2024-08-09 20:10,Suvarnabhumi Airport,BKK,2024-08-09 21:35,85,THAI,Economy,990,830.0,True,2098.0,Y,Y,Y,1,7,2,23,Friday,False,False,False,Wattay International Airport,VTE
Tan Son Nhat International Airport,SGN,2024-08-09 16:00,Phnom Penh International Airport,PNH,2024-08-09 16:55,55,Vietnam Airlines,Economy,195,50.0,,,Y,Y,Y,1,10,1,23,Friday,False,False,False,Wattay International Airport,VTE
Tan Son Nhat International Airport,SGN,2024-08-10 12:00,Pakse International Airport,PKZ,2024-08-10 13:35,95,Lao Airlines,Economy,215,45.0,,137.0,Y,Y,Y,1,7,1,20,Saturday,False,False,False,Wattay International Airport,VTE
Tan Son Nhat International Airport,SGN,2024-08-10 19:10,Kunming Changshui International Airport,KMG,2024-08-10 23:00,170,China Eastern,Economy,870,605.0,True,247.0,Y,Y,Y,1,8,2,23,Saturday,False,False,False,Wattay International Airport,VTE
Tan Son Nhat International Airport,SGN,2024-08-10 15:45,Guangzhou Baiyun International Airport,CAN,2024-08-10 19:40,175,China Southern,Economy,1585,1255.0,True,346.0,Y,Y,Y,1,8,1,23,Saturday,False,False,False,Wattay International Airport,VTE
Tan Son Nhat International Airport,SGN,2024-08-10 02:35,Shanghai Pudong International Airport,PVG,2024-08-10 07:55,260,China Eastern,Economy,1185,685.0,,610.0,Y,Y,Y,1,8,2,23,Saturday,False,False,False,Wattay International Airport,VTE
Tan Son Nhat International Airport,SGN,2024-08-10 00:10,Incheon International Airport,ICN,2024-08-10 07:10,300,Asiana,Economy,1340,710.0,,839.0,Y,Y,Y,1,10,1,23,Saturday,False,False,False,Wattay International Airport,VTE
Tan Son Nhat International Airport,SGN,2024-08-10 10:05,Suvarnabhumi Airport,BKK,2024-08-10 11:30,85,THAI,Economy,580,415.0,,2077.0,Y,Y,Y,1,7,2,23,Saturday,False,False,False,Wattay International Airport,VTE
Tan Son Nhat International Airport,SGN,2024-08-10 20:10,Suvarnabhumi Airport,BKK,2024-08-10 21:35,85,THAI,Economy,990,830.0,True,2098.0,Y,Y,Y,1,7,2,23,Saturday,False,False,False,Wattay International Airport,VTE
Tan Son Nhat International Airport,SGN,2024-08-10 16:00,Phnom Penh International Airport,PNH,2024-08-10 16:55,55,Vietnam Airlines,Economy,195,50.0,,,Y,Y,Y,1,10,1,23,Saturday,False,False,False,Wattay International Airport,VTE
Tan Son Nhat International Airport,SGN,2024-08-11 02:35,Guangzhou Baiyun International Airport,CAN,2024-08-11 06:40,185,China Southern,Economy,935,595.0,,336.0,Y,Y,Y,1,8,1,23,Sunday,False,False,False,Wattay International Airport,VTE
Tan Son Nhat International Airport,SGN,2024-08-11 08:00,Guangzhou Baiyun International Airport,CAN,2024-08-11 11:45,165,China Southern,Economy,610,290.0,,362.0,Y,Y,Y,1,8,1,23,Sunday,False,False,False,Wattay International Airport,VTE
Tan Son Nhat International Airport,SGN,2024-08-11 16:00,Wattay International Airport,VTE,2024-08-11 17:45,105,Vietjet,Economy,105,,,,Y,N,N,1,7,0,0,Sunday,False,False,False,Wattay International Airport,VTE
Tan Son Nhat International Airport,SGN,2024-08-11 02:35,Shanghai Pudong International Airport,PVG,2024-08-11 08:00,265,China Eastern,Economy,1185,680.0,,559.0,Y,Y,Y,1,8,2,23,Sunday,False,False,False,Wattay International Airport,VTE
Tan Son Nhat International Airport,SGN,2024-08-11 00:10,Incheon International Airport,ICN,2024-08-11 07:10,300,Asiana,Economy,1340,710.0,,839.0,Y,Y,Y,1,10,1,23,Sunday,False,False,False,Wattay International Airport,VTE
Tan Son Nhat International Airport,SGN,2024-08-11 10:05,Suvarnabhumi Airport,BKK,2024-08-11 11:30,85,THAI,Economy,580,415.0,,2077.0,Y,Y,Y,1,7,2,23,Sunday,False,False,False,Wattay International Airport,VTE
Tan Son Nhat International Airport,SGN,2024-08-11 20:10,Suvarnabhumi Airport,BKK,2024-08-11 21:35,85,THAI,Economy,990,830.0,True,2098.0,Y,Y,Y,1,7,2,23,Sunday,False,False,False,Wattay International Airport,VTE
Tan Son Nhat International Airport,SGN,2024-08-11 16:00,Phnom Penh International Airport,PNH,2024-08-11 16:55,55,Vietnam Airlines,Economy,195,50.0,,,Y,Y,Y,1,10,1,23,Sunday,False,False,False,Wattay International Airport,VTE
Tan Son Nhat International Airport,SGN,2024-08-12 10:05,Suvarnabhumi Airport,BKK,2024-08-12 11:30,85,THAI,Economy,580,415.0,,2077.0,Y,Y,Y,1,7,2,23,Monday,False,False,False,Wattay International Airport,VTE
Tan Son Nhat International Airport,SGN,2024-08-12 16:00,Wattay International Airport,VTE,2024-08-12 17:45,105,Vietjet,Economy,105,,,,Y,N,N,1,7,0,0,Monday,False,False,False,Wattay International Airport,VTE
Tan Son Nhat International Airport,SGN,2024-08-12 02:35,Shanghai Pudong International Airport,PVG,2024-08-12 08:00,265,China Eastern,Economy,1185,680.0,,559.0,Y,Y,Y,1,8,2,23,Monday,False,False,False,Wattay International Airport,VTE
Tan Son Nhat International Airport,SGN,2024-08-12 20:10,Suvarnabhumi Airport,BKK,2024-08-12 21:35,85,THAI,Economy,990,830.0,True,2098.0,Y,Y,Y,1,7,2,23,Monday,False,False,False,Wattay International Airport,VTE
Tan Son Nhat International Airport,SGN,2024-08-12 16:00,Phnom Penh International Airport,PNH,2024-08-12 16:55,55,Vietnam Airlines,Economy,195,50.0,,,Y,Y,Y,1,10,1,23,Monday,False,False,False,Wattay International Airport,VTE
Tan Son Nhat International Airport,SGN,2024-08-13 12:00,Pakse International Airport,PKZ,2024-08-13 13:35,95,Lao Airlines,Economy,215,45.0,,137.0,Y,Y,Y,1,7,1,20,Tuesday,False,False,False,Wattay International Airport,VTE
Tan Son Nhat International Airport,SGN,2024-08-13 19:10,Kunming Changshui International Airport,KMG,2024-08-13 23:00,170,China Eastern,Economy,870,605.0,True,247.0,Y,Y,Y,1,8,2,23,Tuesday,False,False,False,Wattay International Airport,VTE
Tan Son Nhat International Airport,SGN,2024-08-13 15:45,Guangzhou Baiyun International Airport,CAN,2024-08-13 19:40,175,China Southern,Economy,1585,1255.0,True,346.0,Y,Y,Y,1,8,1,23,Tuesday,False,False,False,Wattay International Airport,VTE
Tan Son Nhat International Airport,SGN,2024-08-13 02:35,Shanghai Pudong International Airport,PVG,2024-08-13 08:00,265,China Eastern,Economy,1185,680.0,,441.0,Y,Y,Y,1,8,2,23,Tuesday,False,False,False,Wattay International Airport,VTE
Tan Son Nhat International Airport,SGN,2024-08-13 10:05,Suvarnabhumi Airport,BKK,2024-08-13 11:30,85,THAI,Economy,580,415.0,,2077.0,Y,Y,Y,1,7,2,23,Tuesday,False,False,False,Wattay International Airport,VTE
Tan Son Nhat International Airport,SGN,2024-08-13 20:10,Suvarnabhumi Airport,BKK,2024-08-13 21:35,85,THAI,Economy,990,830.0,True,2098.0,Y,Y,Y,1,7,2,23,Tuesday,False,False,False,Wattay International Airport,VTE
Tan Son Nhat International Airport,SGN,2024-08-13 16:00,Phnom Penh International Airport,PNH,2024-08-13 16:55,55,Vietnam Airlines,Economy,195,50.0,,,Y,Y,Y,1,10,1,23,Tuesday,False,False,False,Wattay International Airport,VTE
Tan Son Nhat International Airport,SGN,2024-08-14 02:35,Guangzhou Baiyun International Airport,CAN,2024-08-14 06:40,185,China Southern,Economy,935,595.0,,336.0,Y,Y,Y,1,8,1,23,Wednesday,False,False,False,Wattay International Airport,VTE
Tan Son Nhat International Airport,SGN,2024-08-14 08:00,Guangzhou Baiyun International Airport,CAN,2024-08-14 11:50,170,China Southern,Economy,610,285.0,,362.0,Y,Y,Y,1,8,1,23,Wednesday,False,False,False,Wattay International Airport,VTE
Tan Son Nhat International Airport,SGN,2024-08-14 15:50,Wattay International Airport,VTE,2024-08-14 17:45,115,Vietjet,Economy,115,,,,Y,N,N,1,7,0,0,Wednesday,False,False,False,Wattay International Airport,VTE
Tan Son Nhat International Airport,SGN,2024-08-14 02:35,Shanghai Pudong International Airport,PVG,2024-08-14 08:00,265,China Eastern,Economy,1185,680.0,,561.0,Y,Y,Y,1,8,2,23,Wednesday,False,False,False,Wattay International Airport,VTE
Tan Son Nhat International Airport,SGN,2024-08-14 00:10,Incheon International Airport,ICN,2024-08-14 07:10,300,Asiana,Economy,1340,710.0,,742.0,Y,Y,Y,1,10,1,23,Wednesday,False,False,False,Wattay International Airport,VTE
Tan Son Nhat International Airport,SGN,2024-08-14 10:05,Suvarnabhumi Airport,BKK,2024-08-14 11:30,85,THAI,Economy,580,415.0,,2077.0,Y,Y,Y,1,7,2,23,Wednesday,False,False,False,Wattay International Airport,VTE
Tan Son Nhat International Airport,SGN,2024-08-14 20:10,Suvarnabhumi Airport,BKK,2024-08-14 21:35,85,THAI,Economy,990,830.0,True,2098.0,Y,Y,Y,1,7,2,23,Wednesday,False,False,False,Wattay International Airport,VTE
Tan Son Nhat International Airport,SGN,2024-08-14 16:00,Phnom Penh International Airport,PNH,2024-08-14 16:55,55,Vietnam Airlines,Economy,195,50.0,,,Y,Y,Y,1,10,1,23,Wednesday,False,False,False,Wattay International Airport,VTE
Tan Son Nhat International Airport,SGN,2024-08-15 12:00,Pakse International Airport,PKZ,2024-08-15 13:35,95,Lao Airlines,Economy,215,45.0,,137.0,Y,Y,Y,1,7,1,20,Thursday,False,False,False,Wattay International Airport,VTE
Tan Son Nhat International Airport,SGN,2024-08-15 19:10,Kunming Changshui International Airport,KMG,2024-08-15 23:00,170,China Eastern,Economy,870,605.0,True,247.0,Y,Y,Y,1,8,2,23,Thursday,False,False,False,Wattay International Airport,VTE
Tan Son Nhat International Airport,SGN,2024-08-15 15:45,Guangzhou Baiyun International Airport,CAN,2024-08-15 19:40,175,China Southern,Economy,1585,1255.0,True,346.0,Y,Y,Y,1,8,1,23,Thursday,False,False,False,Wattay International Airport,VTE
Tan Son Nhat International Airport,SGN,2024-08-15 02:35,Shanghai Pudong International Airport,PVG,2024-08-15 08:00,265,China Eastern,Economy,1185,680.0,,559.0,Y,Y,Y,1,8,2,23,Thursday,False,False,False,Wattay International Airport,VTE
Tan Son Nhat International Airport,SGN,2024-08-15 00:10,Incheon International Airport,ICN,2024-08-15 07:10,300,Asiana,Economy,1340,710.0,,679.0,Y,Y,Y,1,10,1,23,Thursday,False,False,False,Wattay International Airport,VTE
Tan Son Nhat International Airport,SGN,2024-08-15 10:05,Suvarnabhumi Airport,BKK,2024-08-15 11:30,85,THAI,Economy,580,415.0,,2077.0,Y,Y,Y,1,7,2,23,Thursday,False,False,False,Wattay International Airport,VTE
Tan Son Nhat International Airport,SGN,2024-08-15 20:10,Suvarnabhumi Airport,BKK,2024-08-15 21:35,85,THAI,Economy,990,830.0,True,2098.0,Y,Y,Y,1,7,2,23,Thursday,False,False,False,Wattay International Airport,VTE
Tan Son Nhat International Airport,SGN,2024-08-15 16:00,Phnom Penh International Airport,PNH,2024-08-15 16:55,55,Vietnam Airlines,Economy,195,50.0,,,Y,Y,Y,1,10,1,23,Thursday,False,False,False,Wattay International Airport,VTE
Tan Son Nhat International Airport,SGN,2024-08-16 02:35,Guangzhou Baiyun International Airport,CAN,2024-08-16 06:40,185,China Southern,Economy,935,595.0,,336.0,Y,Y,Y,1,8,1,23,Friday,False,False,False,Wattay International Airport,VTE
Tan Son Nhat International Airport,SGN,2024-08-16 08:00,Guangzhou Baiyun International Airport,CAN,2024-08-16 11:50,170,China Southern,Economy,610,285.0,,362.0,Y,Y,Y,1,8,1,23,Friday,False,False,False,Wattay International Airport,VTE
Tan Son Nhat International Airport,SGN,2024-08-16 16:00,Wattay International Airport,VTE,2024-08-16 17:45,105,Vietjet,Economy,105,,,,Y,N,N,1,7,0,0,Friday,False,False,False,Wattay International Airport,VTE
Tan Son Nhat International Airport,SGN,2024-08-16 02:35,Shanghai Pudong International Airport,PVG,2024-08-16 07:50,255,China Eastern,Economy,1185,690.0,,441.0,Y,Y,Y,1,8,2,23,Friday,False,False,False,Wattay International Airport,VTE
Tan Son Nhat International Airport,SGN,2024-08-16 10:05,Suvarnabhumi Airport,BKK,2024-08-16 11:30,85,THAI,Economy,580,415.0,,2077.0,Y,Y,Y,1,7,2,23,Friday,False,False,False,Wattay International Airport,VTE
Tan Son Nhat International Airport,SGN,2024-08-16 20:10,Suvarnabhumi Airport,BKK,2024-08-16 21:35,85,THAI,Economy,990,830.0,True,2098.0,Y,Y,Y,1,7,2,23,Friday,False,False,False,Wattay International Airport,VTE
Tan Son Nhat International Airport,SGN,2024-08-16 16:00,Phnom Penh International Airport,PNH,2024-08-16 16:55,55,Vietnam Airlines,Economy,195,50.0,,,Y,Y,Y,1,10,1,23,Friday,False,False,False,Wattay International Airport,VTE
Tan Son Nhat International Airport,SGN,2024-08-17 12:00,Pakse International Airport,PKZ,2024-08-17 13:35,95,Lao Airlines,Economy,215,45.0,,137.0,Y,Y,Y,1,7,1,20,Saturday,False,False,False,Wattay International Airport,VTE
Tan Son Nhat International Airport,SGN,2024-08-17 19:10,Kunming Changshui International Airport,KMG,2024-08-17 23:00,170,China Eastern,Economy,870,605.0,True,247.0,Y,Y,Y,1,8,2,23,Saturday,False,False,False,Wattay International Airport,VTE
Tan Son Nhat International Airport,SGN,2024-08-17 15:45,Guangzhou Baiyun International Airport,CAN,2024-08-17 19:40,175,China Southern,Economy,1585,1255.0,True,346.0,Y,Y,Y,1,8,1,23,Saturday,False,False,False,Wattay International Airport,VTE
Tan Son Nhat International Airport,SGN,2024-08-17 02:35,Shanghai Pudong International Airport,PVG,2024-08-17 07:55,260,China Eastern,Economy,1185,685.0,,441.0,Y,Y,Y,1,8,2,23,Saturday,False,False,False,Wattay International Airport,VTE
Tan Son Nhat International Airport,SGN,2024-08-17 00:10,Incheon International Airport,ICN,2024-08-17 07:10,300,Asiana,Economy,1340,710.0,,708.0,Y,Y,Y,1,10,1,23,Saturday,False,False,False,Wattay International Airport,VTE
Tan Son Nhat International Airport,SGN,2024-08-17 10:05,Suvarnabhumi Airport,BKK,2024-08-17 11:30,85,THAI,Economy,580,415.0,,2077.0,Y,Y,Y,1,7,2,23,Saturday,False,False,False,Wattay International Airport,VTE
Tan Son Nhat International Airport,SGN,2024-08-17 20:10,Suvarnabhumi Airport,BKK,2024-08-17 21:35,85,THAI,Economy,990,830.0,True,2098.0,Y,Y,Y,1,7,2,23,Saturday,False,False,False,Wattay International Airport,VTE
Tan Son Nhat International Airport,SGN,2024-08-17 16:00,Phnom Penh International Airport,PNH,2024-08-17 16:55,55,Vietnam Airlines,Economy,195,50.0,,,Y,Y,Y,1,10,1,23,Saturday,False,False,False,Wattay International Airport,VTE
Tan Son Nhat International Airport,SGN,2024-08-18 02:35,Guangzhou Baiyun International Airport,CAN,2024-08-18 06:40,185,China Southern,Economy,935,595.0,,336.0,Y,Y,Y,1,8,1,23,Sunday,False,False,False,Wattay International Airport,VTE
Tan Son Nhat International Airport,SGN,2024-08-18 08:00,Guangzhou Baiyun International Airport,CAN,2024-08-18 11:45,165,China Southern,Economy,610,290.0,,346.0,Y,Y,Y,1,8,1,23,Sunday,False,False,False,Wattay International Airport,VTE
Tan Son Nhat International Airport,SGN,2024-08-18 16:00,Wattay International Airport,VTE,2024-08-18 17:45,105,Vietjet,Economy,105,,,,Y,N,N,1,7,0,0,Sunday,False,False,False,Wattay International Airport,VTE
Tan Son Nhat International Airport,SGN,2024-08-18 02:35,Shanghai Pudong International Airport,PVG,2024-08-18 08:00,265,China Eastern,Economy,1185,680.0,,441.0,Y,Y,Y,1,8,2,23,Sunday,False,False,False,Wattay International Airport,VTE
Tan Son Nhat International Airport,SGN,2024-08-18 00:10,Incheon International Airport,ICN,2024-08-18 07:10,300,Asiana,Economy,1340,710.0,,768.0,Y,Y,Y,1,10,1,23,Sunday,False,False,False,Wattay International Airport,VTE
Tan Son Nhat International Airport,SGN,2024-08-18 10:05,Suvarnabhumi Airport,BKK,2024-08-18 11:30,85,THAI,Economy,580,415.0,,2077.0,Y,Y,Y,1,7,2,23,Sunday,False,False,False,Wattay International Airport,VTE
Tan Son Nhat International Airport,SGN,2024-08-18 20:10,Suvarnabhumi Airport,BKK,2024-08-18 21:35,85,THAI,Economy,990,830.0,True,2098.0,Y,Y,Y,1,7,2,23,Sunday,False,False,False,Wattay International Airport,VTE
Tan Son Nhat International Airport,SGN,2024-08-18 16:00,Phnom Penh International Airport,PNH,2024-08-18 16:55,55,Vietnam Airlines,Economy,195,50.0,,,Y,Y,Y,1,10,1,23,Sunday,False,False,False,Wattay International Airport,VTE
Tan Son Nhat International Airport,SGN,2024-08-19 10:05,Suvarnabhumi Airport,BKK,2024-08-19 11:30,85,THAI,Economy,580,415.0,,2077.0,Y,Y,Y,1,7,2,23,Monday,False,False,False,Wattay International Airport,VTE
Tan Son Nhat International Airport,SGN,2024-08-19 16:00,Wattay International Airport,VTE,2024-08-19 17:45,105,Vietjet,Economy,105,,,,Y,N,N,1,7,0,0,Monday,False,False,False,Wattay International Airport,VTE
Tan Son Nhat International Airport,SGN,2024-08-19 02:35,Shanghai Pudong International Airport,PVG,2024-08-19 08:00,265,China Eastern,Economy,1185,680.0,,441.0,Y,Y,Y,1,8,2,23,Monday,False,False,False,Wattay International Airport,VTE
Tan Son Nhat International Airport,SGN,2024-08-19 20:10,Suvarnabhumi Airport,BKK,2024-08-19 21:35,85,THAI,Economy,990,830.0,True,2098.0,Y,Y,Y,1,7,2,23,Monday,False,False,False,Wattay International Airport,VTE
Tan Son Nhat International Airport,SGN,2024-08-19 16:00,Phnom Penh International Airport,PNH,2024-08-19 16:55,55,Vietnam Airlines,Economy,195,50.0,,,Y,Y,Y,1,10,1,23,Monday,False,False,False,Wattay International Airport,VTE
Tan Son Nhat International Airport,SGN,2024-08-20 12:00,Pakse International Airport,PKZ,2024-08-20 13:35,95,Lao Airlines,Economy,215,45.0,,137.0,Y,Y,Y,1,7,1,20,Tuesday,False,False,False,Wattay International Airport,VTE
Tan Son Nhat International Airport,SGN,2024-08-20 19:10,Kunming Changshui International Airport,KMG,2024-08-20 23:00,170,China Eastern,Economy,870,605.0,True,247.0,Y,Y,Y,1,8,2,23,Tuesday,False,False,False,Wattay International Airport,VTE
Tan Son Nhat International Airport,SGN,2024-08-20 15:45,Guangzhou Baiyun International Airport,CAN,2024-08-20 19:40,175,China Southern,Economy,1585,1255.0,True,312.0,Y,Y,Y,1,8,1,23,Tuesday,False,False,False,Wattay International Airport,VTE
Tan Son Nhat International Airport,SGN,2024-08-20 02:35,Shanghai Pudong International Airport,PVG,2024-08-20 08:00,265,China Eastern,Economy,1185,680.0,,441.0,Y,Y,Y,1,8,2,23,Tuesday,False,False,False,Wattay International Airport,VTE
Tan Son Nhat International Airport,SGN,2024-08-20 10:05,Suvarnabhumi Airport,BKK,2024-08-20 11:30,85,THAI,Economy,580,415.0,,2077.0,Y,Y,Y,1,7,2,23,Tuesday,False,False,False,Wattay International Airport,VTE
Tan Son Nhat International Airport,SGN,2024-08-20 20:10,Suvarnabhumi Airport,BKK,2024-08-20 21:35,85,THAI,Economy,990,830.0,True,2098.0,Y,Y,Y,1,7,2,23,Tuesday,False,False,False,Wattay International Airport,VTE
Tan Son Nhat International Airport,SGN,2024-08-20 16:00,Phnom Penh International Airport,PNH,2024-08-20 16:55,55,Vietnam Airlines,Economy,195,50.0,,,Y,Y,Y,1,10,1,23,Tuesday,False,False,False,Wattay International Airport,VTE
Tan Son Nhat International Airport,SGN,2024-08-21 02:35,Guangzhou Baiyun International Airport,CAN,2024-08-21 06:40,185,China Southern,Economy,935,595.0,,301.0,Y,Y,Y,1,8,1,23,Wednesday,False,False,False,Wattay International Airport,VTE
Tan Son Nhat International Airport,SGN,2024-08-21 08:00,Guangzhou Baiyun International Airport,CAN,2024-08-21 11:50,170,China Southern,Economy,610,285.0,,312.0,Y,Y,Y,1,8,1,23,Wednesday,False,False,False,Wattay International Airport,VTE
Tan Son Nhat International Airport,SGN,2024-08-21 15:50,Wattay International Airport,VTE,2024-08-21 17:45,115,Vietjet,Economy,115,,,,Y,N,N,1,7,0,0,Wednesday,False,False,False,Wattay International Airport,VTE
Tan Son Nhat International Airport,SGN,2024-08-21 02:35,Shanghai Pudong International Airport,PVG,2024-08-21 08:00,265,China Eastern,Economy,1185,680.0,,431.0,Y,Y,Y,1,8,2,23,Wednesday,False,False,False,Wattay International Airport,VTE
Tan Son Nhat International Airport,SGN,2024-08-21 00:10,Incheon International Airport,ICN,2024-08-21 07:10,300,Asiana,Economy,1340,710.0,,537.0,Y,Y,Y,1,10,1,23,Wednesday,False,False,False,Wattay International Airport,VTE
Tan Son Nhat International Airport,SGN,2024-08-21 10:05,Suvarnabhumi Airport,BKK,2024-08-21 11:30,85,THAI,Economy,580,415.0,,2077.0,Y,Y,Y,1,7,2,23,Wednesday,False,False,False,Wattay International Airport,VTE
Tan Son Nhat International Airport,SGN,2024-08-21 20:10,Suvarnabhumi Airport,BKK,2024-08-21 21:35,85,THAI,Economy,990,830.0,True,2098.0,Y,Y,Y,1,7,2,23,Wednesday,False,False,False,Wattay International Airport,VTE
Tan Son Nhat International Airport,SGN,2024-08-21 16:00,Phnom Penh International Airport,PNH,2024-08-21 16:55,55,Vietnam Airlines,Economy,195,50.0,,,Y,Y,Y,1,10,1,23,Wednesday,False,False,False,Wattay International Airport,VTE
Tan Son Nhat International Airport,SGN,2024-08-22 12:00,Pakse International Airport,PKZ,2024-08-22 13:35,95,Lao Airlines,Economy,215,45.0,,137.0,Y,Y,Y,1,7,1,20,Thursday,False,False,False,Wattay International Airport,VTE
Tan Son Nhat International Airport,SGN,2024-08-22 19:10,Kunming Changshui International Airport,KMG,2024-08-22 23:00,170,China Eastern,Economy,870,605.0,True,247.0,Y,Y,Y,1,8,2,23,Thursday,False,False,False,Wattay International Airport,VTE
Tan Son Nhat International Airport,SGN,2024-08-22 15:45,Guangzhou Baiyun International Airport,CAN,2024-08-22 19:40,175,China Southern,Economy,1585,1255.0,True,312.0,Y,Y,Y,1,8,1,23,Thursday,False,False,False,Wattay International Airport,VTE
Tan Son Nhat International Airport,SGN,2024-08-22 02:35,Shanghai Pudong International Airport,PVG,2024-08-22 08:00,265,China Eastern,Economy,1185,680.0,,431.0,Y,Y,Y,1,8,2,23,Thursday,False,False,False,Wattay International Airport,VTE
Tan Son Nhat International Airport,SGN,2024-08-22 00:10,Incheon International Airport,ICN,2024-08-22 07:10,300,Asiana,Economy,1340,710.0,,537.0,Y,Y,Y,1,10,1,23,Thursday,False,False,False,Wattay International Airport,VTE
Tan Son Nhat International Airport,SGN,2024-08-22 10:05,Suvarnabhumi Airport,BKK,2024-08-22 11:30,85,THAI,Economy,580,415.0,,2077.0,Y,Y,Y,1,7,2,23,Thursday,False,False,False,Wattay International Airport,VTE
Tan Son Nhat International Airport,SGN,2024-08-22 20:10,Suvarnabhumi Airport,BKK,2024-08-22 21:35,85,THAI,Economy,990,830.0,True,2098.0,Y,Y,Y,1,7,2,23,Thursday,False,False,False,Wattay International Airport,VTE
Tan Son Nhat International Airport,SGN,2024-08-22 16:00,Phnom Penh International Airport,PNH,2024-08-22 16:55,55,Vietnam Airlines,Economy,195,50.0,,,Y,Y,Y,1,10,1,23,Thursday,False,False,False,Wattay International Airport,VTE
Tan Son Nhat International Airport,SGN,2024-08-23 02:35,Guangzhou Baiyun International Airport,CAN,2024-08-23 06:40,185,China Southern,Economy,935,595.0,,301.0,Y,Y,Y,1,8,1,23,Friday,False,False,False,Wattay International Airport,VTE
Tan Son Nhat International Airport,SGN,2024-08-23 08:00,Guangzhou Baiyun International Airport,CAN,2024-08-23 11:50,170,China Southern,Economy,610,285.0,,312.0,Y,Y,Y,1,8,1,23,Friday,False,False,False,Wattay International Airport,VTE
Tan Son Nhat International Airport,SGN,2024-08-23 16:00,Wattay International Airport,VTE,2024-08-23 17:45,105,Vietjet,Economy,105,,,,Y,N,N,1,7,0,0,Friday,False,False,False,Wattay International Airport,VTE
Tan Son Nhat International Airport,SGN,2024-08-23 02:35,Shanghai Pudong International Airport,PVG,2024-08-23 07:50,255,China Eastern,Economy,1185,690.0,,431.0,Y,Y,Y,1,8,2,23,Friday,False,False,False,Wattay International Airport,VTE
Tan Son Nhat International Airport,SGN,2024-08-23 10:05,Suvarnabhumi Airport,BKK,2024-08-23 11:30,85,THAI,Economy,580,415.0,,2077.0,Y,Y,Y,1,7,2,23,Friday,False,False,False,Wattay International Airport,VTE
Tan Son Nhat International Airport,SGN,2024-08-23 20:10,Suvarnabhumi Airport,BKK,2024-08-23 21:35,85,THAI,Economy,990,830.0,True,2098.0,Y,Y,Y,1,7,2,23,Friday,False,False,False,Wattay International Airport,VTE
Tan Son Nhat International Airport,SGN,2024-08-23 16:00,Phnom Penh International Airport,PNH,2024-08-23 16:55,55,Vietnam Airlines,Economy,195,50.0,,,Y,Y,Y,1,10,1,23,Friday,False,False,False,Wattay International Airport,VTE
Tan Son Nhat International Airport,SGN,2024-08-24 12:00,Pakse International Airport,PKZ,2024-08-24 13:35,95,Lao Airlines,Economy,215,45.0,,137.0,Y,Y,Y,1,7,1,20,Saturday,False,False,False,Wattay International Airport,VTE
Tan Son Nhat International Airport,SGN,2024-08-24 19:10,Kunming Changshui International Airport,KMG,2024-08-24 23:00,170,China Eastern,Economy,870,605.0,True,247.0,Y,Y,Y,1,8,2,23,Saturday,False,False,False,Wattay International Airport,VTE
Tan Son Nhat International Airport,SGN,2024-08-24 15:45,Guangzhou Baiyun International Airport,CAN,2024-08-24 19:40,175,China Southern,Economy,1585,1255.0,True,312.0,Y,Y,Y,1,8,1,23,Saturday,False,False,False,Wattay International Airport,VTE
Tan Son Nhat International Airport,SGN,2024-08-24 02:35,Shanghai Pudong International Airport,PVG,2024-08-24 07:55,260,China Eastern,Economy,1185,685.0,,431.0,Y,Y,Y,1,8,2,23,Saturday,False,False,False,Wattay International Airport,VTE
Tan Son Nhat International Airport,SGN,2024-08-24 00:10,Incheon International Airport,ICN,2024-08-24 07:10,300,Asiana,Economy,1340,710.0,,632.0,Y,Y,Y,1,10,1,23,Saturday,False,False,False,Wattay International Airport,VTE
Tan Son Nhat International Airport,SGN,2024-08-24 10:05,Suvarnabhumi Airport,BKK,2024-08-24 11:30,85,THAI,Economy,580,415.0,,2077.0,Y,Y,Y,1,7,2,23,Saturday,False,False,False,Wattay International Airport,VTE
Tan Son Nhat International Airport,SGN,2024-08-24 20:10,Suvarnabhumi Airport,BKK,2024-08-24 21:35,85,THAI,Economy,990,830.0,True,2098.0,Y,Y,Y,1,7,2,23,Saturday,False,False,False,Wattay International Airport,VTE
Tan Son Nhat International Airport,SGN,2024-08-24 16:00,Phnom Penh International Airport,PNH,2024-08-24 16:55,55,Vietnam Airlines,Economy,195,50.0,,,Y,Y,Y,1,10,1,23,Saturday,False,False,False,Wattay International Airport,VTE
Tan Son Nhat International Airport,SGN,2024-08-25 02:35,Guangzhou Baiyun International Airport,CAN,2024-08-25 06:40,185,China Southern,Economy,935,595.0,,301.0,Y,Y,Y,1,8,1,23,Sunday,False,False,False,Wattay International Airport,VTE
Tan Son Nhat International Airport,SGN,2024-08-25 08:00,Guangzhou Baiyun International Airport,CAN,2024-08-25 11:45,165,China Southern,Economy,610,290.0,,312.0,Y,Y,Y,1,8,1,23,Sunday,False,False,False,Wattay International Airport,VTE
Tan Son Nhat International Airport,SGN,2024-08-25 16:00,Wattay International Airport,VTE,2024-08-25 17:45,105,Vietjet,Economy,105,,,,Y,N,N,1,7,0,0,Sunday,False,False,False,Wattay International Airport,VTE
Tan Son Nhat International Airport,SGN,2024-08-25 02:35,Shanghai Pudong International Airport,PVG,2024-08-25 08:00,265,China Eastern,Economy,1185,680.0,,394.0,Y,Y,Y,1,8,2,23,Sunday,False,False,False,Wattay International Airport,VTE
Tan Son Nhat International Airport,SGN,2024-08-25 00:10,Incheon International Airport,ICN,2024-08-25 07:10,300,Asiana,Economy,1340,710.0,,632.0,Y,Y,Y,1,10,1,23,Sunday,False,False,False,Wattay International Airport,VTE
Tan Son Nhat International Airport,SGN,2024-08-25 10:05,Suvarnabhumi Airport,BKK,2024-08-25 11:30,85,THAI,Economy,580,415.0,,2077.0,Y,Y,Y,1,7,2,23,Sunday,False,False,False,Wattay International Airport,VTE
Tan Son Nhat International Airport,SGN,2024-08-25 20:10,Suvarnabhumi Airport,BKK,2024-08-25 21:35,85,THAI,Economy,990,830.0,True,2098.0,Y,Y,Y,1,7,2,23,Sunday,False,False,False,Wattay International Airport,VTE
Tan Son Nhat International Airport,SGN,2024-08-25 16:00,Phnom Penh International Airport,PNH,2024-08-25 16:55,55,Vietnam Airlines,Economy,195,50.0,,,Y,Y,Y,1,10,1,23,Sunday,False,False,False,Wattay International Airport,VTE
Tan Son Nhat International Airport,SGN,2024-08-26 16:00,Wattay International Airport,VTE,2024-08-26 17:45,105,Vietjet,Economy,105,,,,Y,N,N,1,7,0,0,Monday,False,False,False,Wattay International Airport,VTE
Tan Son Nhat International Airport,SGN,2024-08-26 02:35,Shanghai Pudong International Airport,PVG,2024-08-26 08:00,265,China Eastern,Economy,1185,680.0,,394.0,Y,Y,Y,1,8,2,23,Monday,False,False,False,Wattay International Airport,VTE
Tan Son Nhat International Airport,SGN,2024-08-26 10:05,Suvarnabhumi Airport,BKK,2024-08-26 11:30,85,THAI,Economy,580,415.0,,2077.0,Y,Y,Y,1,7,2,23,Monday,False,False,False,Wattay International Airport,VTE
Tan Son Nhat International Airport,SGN,2024-08-26 20:10,Suvarnabhumi Airport,BKK,2024-08-26 21:35,85,THAI,Economy,990,830.0,True,2098.0,Y,Y,Y,1,7,2,23,Monday,False,False,False,Wattay International Airport,VTE
Tan Son Nhat International Airport,SGN,2024-08-26 16:00,Phnom Penh International Airport,PNH,2024-08-26 16:55,55,Vietnam Airlines,Economy,195,50.0,,,Y,Y,Y,1,10,1,23,Monday,False,False,False,Wattay International Airport,VTE
Tan Son Nhat International Airport,SGN,2024-08-27 12:00,Pakse International Airport,PKZ,2024-08-27 13:35,95,Lao Airlines,Economy,215,45.0,,137.0,Y,Y,Y,1,7,1,20,Tuesday,False,False,False,Wattay International Airport,VTE
Tan Son Nhat International Airport,SGN,2024-08-27 19:10,Kunming Changshui International Airport,KMG,2024-08-27 23:00,170,China Eastern,Economy,870,605.0,True,247.0,Y,Y,Y,1,8,2,23,Tuesday,False,False,False,Wattay International Airport,VTE
Tan Son Nhat International Airport,SGN,2024-08-27 15:45,Guangzhou Baiyun International Airport,CAN,2024-08-27 19:40,175,China Southern,Economy,1585,1255.0,True,312.0,Y,Y,Y,1,8,1,23,Tuesday,False,False,False,Wattay International Airport,VTE
Tan Son Nhat International Airport,SGN,2024-08-27 02:35,Shanghai Pudong International Airport,PVG,2024-08-27 08:00,265,China Eastern,Economy,1185,680.0,,394.0,Y,Y,Y,1,8,2,23,Tuesday,False,False,False,Wattay International Airport,VTE
Tan Son Nhat International Airport,SGN,2024-08-27 10:05,Suvarnabhumi Airport,BKK,2024-08-27 11:30,85,THAI,Economy,580,415.0,,2077.0,Y,Y,Y,1,7,2,23,Tuesday,False,False,False,Wattay International Airport,VTE
Tan Son Nhat International Airport,SGN,2024-08-27 20:10,Suvarnabhumi Airport,BKK,2024-08-27 21:35,85,THAI,Economy,990,830.0,True,2098.0,Y,Y,Y,1,7,2,23,Tuesday,False,False,False,Wattay International Airport,VTE
Tan Son Nhat International Airport,SGN,2024-08-27 16:00,Phnom Penh International Airport,PNH,2024-08-27 16:55,55,Vietnam Airlines,Economy,195,50.0,,,Y,Y,Y,1,10,1,23,Tuesday,False,False,False,Wattay International Airport,VTE
Tan Son Nhat International Airport,SGN,2024-08-28 02:35,Guangzhou Baiyun International Airport,CAN,2024-08-28 06:40,185,China Southern,Economy,935,595.0,,301.0,Y,Y,Y,1,8,1,23,Wednesday,False,False,False,Wattay International Airport,VTE
Tan Son Nhat International Airport,SGN,2024-08-28 08:00,Guangzhou Baiyun International Airport,CAN,2024-08-28 11:50,170,China Southern,Economy,610,285.0,,312.0,Y,Y,Y,1,8,1,23,Wednesday,False,False,False,Wattay International Airport,VTE
Tan Son Nhat International Airport,SGN,2024-08-28 15:50,Wattay International Airport,VTE,2024-08-28 17:45,115,Vietjet,Economy,115,,,,Y,N,N,1,7,0,0,Wednesday,False,False,False,Wattay International Airport,VTE
Tan Son Nhat International Airport,SGN,2024-08-28 02:35,Shanghai Pudong International Airport,PVG,2024-08-28 08:00,265,China Eastern,Economy,1185,680.0,,394.0,Y,Y,Y,1,8,2,23,Wednesday,False,False,False,Wattay International Airport,VTE
Tan Son Nhat International Airport,SGN,2024-08-28 00:10,Incheon International Airport,ICN,2024-08-28 07:10,300,Asiana,Economy,1340,710.0,,537.0,Y,Y,Y,1,10,1,23,Wednesday,False,False,False,Wattay International Airport,VTE
Tan Son Nhat International Airport,SGN,2024-08-28 12:05,Incheon International Airport,ICN,2024-08-28 19:25,320,Asiana,Economy,2065,1415.0,True,537.0,Y,Y,Y,1,10,1,23,Wednesday,False,False,False,Wattay International Airport,VTE
Tan Son Nhat International Airport,SGN,2024-08-28 10:05,Suvarnabhumi Airport,BKK,2024-08-28 11:30,85,THAI,Economy,580,415.0,,2077.0,Y,Y,Y,1,7,2,23,Wednesday,False,False,False,Wattay International Airport,VTE
Tan Son Nhat International Airport,SGN,2024-08-28 20:10,Suvarnabhumi Airport,BKK,2024-08-28 21:35,85,THAI,Economy,990,830.0,True,2098.0,Y,Y,Y,1,7,2,23,Wednesday,False,False,False,Wattay International Airport,VTE
Tan Son Nhat International Airport,SGN,2024-08-28 16:00,Phnom Penh International Airport,PNH,2024-08-28 16:55,55,Vietnam Airlines,Economy,195,50.0,,,Y,Y,Y,1,10,1,23,Wednesday,False,False,False,Wattay International Airport,VTE
Tan Son Nhat International Airport,SGN,2024-08-29 12:00,Pakse International Airport,PKZ,2024-08-29 13:35,95,Lao Airlines,Economy,215,45.0,,137.0,Y,Y,Y,1,7,1,20,Thursday,False,False,False,Wattay International Airport,VTE
Tan Son Nhat International Airport,SGN,2024-08-29 19:10,Kunming Changshui International Airport,KMG,2024-08-29 23:00,170,China Eastern,Economy,870,605.0,True,247.0,Y,Y,Y,1,8,2,23,Thursday,False,False,False,Wattay International Airport,VTE
Tan Son Nhat International Airport,SGN,2024-08-29 15:45,Guangzhou Baiyun International Airport,CAN,2024-08-29 19:40,175,China Southern,Economy,1585,1255.0,True,312.0,Y,Y,Y,1,8,1,23,Thursday,False,False,False,Wattay International Airport,VTE
Tan Son Nhat International Airport,SGN,2024-08-29 02:35,Shanghai Pudong International Airport,PVG,2024-08-29 08:00,265,China Eastern,Economy,1185,680.0,,394.0,Y,Y,Y,1,8,2,23,Thursday,False,False,False,Wattay International Airport,VTE
Tan Son Nhat International Airport,SGN,2024-08-29 00:10,Incheon International Airport,ICN,2024-08-29 07:10,300,Asiana,Economy,1340,710.0,,537.0,Y,Y,Y,1,10,1,23,Thursday,False,False,False,Wattay International Airport,VTE
Tan Son Nhat International Airport,SGN,2024-08-29 10:05,Suvarnabhumi Airport,BKK,2024-08-29 11:30,85,THAI,Economy,580,415.0,,2077.0,Y,Y,Y,1,7,2,23,Thursday,False,False,False,Wattay International Airport,VTE
Tan Son Nhat International Airport,SGN,2024-08-29 20:10,Suvarnabhumi Airport,BKK,2024-08-29 21:35,85,THAI,Economy,990,830.0,True,2098.0,Y,Y,Y,1,7,2,23,Thursday,False,False,False,Wattay International Airport,VTE
Tan Son Nhat International Airport,SGN,2024-08-29 16:00,Phnom Penh International Airport,PNH,2024-08-29 16:55,55,Vietnam Airlines,Economy,195,50.0,,,Y,Y,Y,1,10,1,23,Thursday,False,False,False,Wattay International Airport,VTE
Tan Son Nhat International Airport,SGN,2024-08-30 02:35,Guangzhou Baiyun International Airport,CAN,2024-08-30 06:40,185,China Southern,Economy,935,595.0,,301.0,Y,Y,Y,1,8,1,23,Friday,False,False,False,Wattay International Airport,VTE
Tan Son Nhat International Airport,SGN,2024-08-30 08:00,Guangzhou Baiyun International Airport,CAN,2024-08-30 11:50,170,China Southern,Economy,610,285.0,,312.0,Y,Y,Y,1,8,1,23,Friday,False,False,False,Wattay International Airport,VTE
Tan Son Nhat International Airport,SGN,2024-08-30 16:00,Wattay International Airport,VTE,2024-08-30 17:45,105,Vietjet,Economy,105,,,,Y,N,N,1,7,0,0,Friday,False,False,False,Wattay International Airport,VTE
Tan Son Nhat International Airport,SGN,2024-08-30 02:35,Shanghai Pudong International Airport,PVG,2024-08-30 08:00,265,China Eastern,Economy,1185,680.0,,394.0,Y,Y,Y,1,8,2,23,Friday,False,False,False,Wattay International Airport,VTE
Tan Son Nhat International Airport,SGN,2024-08-30 12:05,Incheon International Airport,ICN,2024-08-30 19:25,320,Asiana,Economy,2065,1415.0,True,577.0,Y,Y,Y,1,10,1,23,Friday,False,False,False,Wattay International Airport,VTE
Tan Son Nhat International Airport,SGN,2024-08-30 10:05,Suvarnabhumi Airport,BKK,2024-08-30 11:30,85,THAI,Economy,580,415.0,,2077.0,Y,Y,Y,1,7,2,23,Friday,False,False,False,Wattay International Airport,VTE
Tan Son Nhat International Airport,SGN,2024-08-30 20:10,Suvarnabhumi Airport,BKK,2024-08-30 21:35,85,THAI,Economy,990,830.0,True,2098.0,Y,Y,Y,1,7,2,23,Friday,False,False,False,Wattay International Airport,VTE
Tan Son Nhat International Airport,SGN,2024-08-30 16:00,Phnom Penh International Airport,PNH,2024-08-30 16:55,55,Vietnam Airlines,Economy,195,50.0,,,Y,Y,Y,1,10,1,23,Friday,False,False,False,Wattay International Airport,VTE
Tan Son Nhat International Airport,SGN,2024-08-31 12:00,Pakse International Airport,PKZ,2024-08-31 13:35,95,Lao Airlines,Economy,215,45.0,,137.0,Y,Y,Y,1,7,1,20,Saturday,False,False,False,Wattay International Airport,VTE
Tan Son Nhat International Airport,SGN,2024-08-31 19:10,Kunming Changshui International Airport,KMG,2024-08-31 23:00,170,China Eastern,Economy,870,605.0,True,247.0,Y,Y,Y,1,8,2,23,Saturday,False,False,False,Wattay International Airport,VTE
Tan Son Nhat International Airport,SGN,2024-08-31 15:45,Guangzhou Baiyun International Airport,CAN,2024-08-31 19:40,175,China Southern,Economy,1585,1255.0,True,312.0,Y,Y,Y,1,8,1,23,Saturday,False,False,False,Wattay International Airport,VTE
Tan Son Nhat International Airport,SGN,2024-08-31 02:35,Shanghai Pudong International Airport,PVG,2024-08-31 08:00,265,China Eastern,Economy,1185,680.0,,394.0,Y,Y,Y,1,8,2,23,Saturday,False,False,False,Wattay International Airport,VTE
Tan Son Nhat International Airport,SGN,2024-08-31 12:05,Incheon International Airport,ICN,2024-08-31 19:25,320,Asiana,Economy,2065,1415.0,True,566.0,Y,Y,Y,1,10,1,23,Saturday,False,False,False,Wattay International Airport,VTE
Tan Son Nhat International Airport,SGN,2024-08-31 00:10,Incheon International Airport,ICN,2024-08-31 07:10,300,Asiana,Economy,1340,710.0,,577.0,Y,Y,Y,1,10,1,23,Saturday,False,False,False,Wattay International Airport,VTE
Tan Son Nhat International Airport,SGN,2024-08-31 10:05,Suvarnabhumi Airport,BKK,2024-08-31 11:30,85,THAI,Economy,580,415.0,,2077.0,Y,Y,Y,1,7,2,23,Saturday,False,False,False,Wattay International Airport,VTE
Tan Son Nhat International Airport,SGN,2024-08-31 20:10,Suvarnabhumi Airport,BKK,2024-08-31 21:35,85,THAI,Economy,990,830.0,True,2098.0,Y,Y,Y,1,7,2,23,Saturday,False,False,False,Wattay International Airport,VTE
Tan Son Nhat International Airport,SGN,2024-08-31 16:00,Phnom Penh International Airport,PNH,2024-08-31 16:55,55,Vietnam Airlines,Economy,195,50.0,,,Y,Y,Y,1,10,1,23,Saturday,False,False,False,Wattay International Airport,VTE
