Departure Airport Name,Departure Airport ID,Departure Time,Arrival Airport Name,Arrival Airport ID,Arrival Time,Duration,Airline,Travel Class,Total Duration,Layover 1 Duration,Layover 1 Overnight,Price, Cabin Baggage, Checked Baggage,Meal Included,Cabin Baggage (Number),Cabin Baggage (kg per piece),Checked Baggage (Number),Checked Baggage (kg per piece) ,Final Arrival Airport Name,Final Arrival Airport ID,Day of Week (on flight date),Departure Country Is Holiday,Arrival Country Is Holiday,Overnight Flight
Singapore Changi Airport,SIN,2024-07-01 10:30,Kuala Lumpur International Airport,KUL,2024-07-01 11:35,65,AirAsia,Economy,315,100.0,,185,Y,N,N,1,7,0,0,Brunei International Airport,BWN,Monday,False,False,False
Singapore Changi Airport,SIN,2024-07-01 12:10,Brunei International Airport,BWN,2024-07-01 14:20,130,Royal Brunei,Economy,130,,,259,Y,Y,Y,1,7,1,20,Brunei International Airport,BWN,Monday,False,False,False
Singapore Changi Airport,SIN,2024-07-01 09:00,Brunei International Airport,BWN,2024-07-01 11:10,130,Singapore Airlines,Economy,130,,,356,Y,Y,Y,1,7,1,23,Brunei International Airport,BWN,Monday,False,False,False
Singapore Changi Airport,SIN,2024-07-01 21:20,Kuala Lumpur International Airport,KUL,2024-07-01 22:25,65,AirAsia,Economy,695,480.0,True,140,Y,N,N,1,7,0,0,Brunei International Airport,BWN,Monday,False,False,False
Singapore Changi Airport,SIN,2024-07-01 07:55,Kuala Lumpur International Airport,KUL,2024-07-01 09:00,65,AirAsia,Economy,470,255.0,,181,Y,N,N,1,7,0,0,Brunei International Airport,BWN,Monday,False,False,False
Singapore Changi Airport,SIN,2024-07-01 14:30,Ninoy Aquino International Airport,MNL,2024-07-01 18:25,235,Philippine Airlines,Economy,550,190.0,,353,Y,Y,Y,1,7,1,30,Brunei International Airport,BWN,Monday,False,False,False
Singapore Changi Airport,SIN,2024-07-01 09:55,Kuala Lumpur International Airport,KUL,2024-07-01 11:10,75,Malaysia Airlines,Economy,280,60.0,,419,Y,Y,y,1,7,1,23,Brunei International Airport,BWN,Monday,False,False,False
Singapore Changi Airport,SIN,2024-07-01 21:15,Kuala Lumpur International Airport,KUL,2024-07-01 22:15,60,Malaysia Airlines,Economy,1585,1380.0,True,420,Y,Y,y,1,7,1,23,Brunei International Airport,BWN,Monday,False,False,False
Singapore Changi Airport,SIN,2024-07-02 09:00,Brunei International Airport,BWN,2024-07-02 11:10,130,Singapore Airlines,Economy,130,,,283,Y,Y,Y,1,7,1,23,Brunei International Airport,BWN,Tuesday,False,False,False
Singapore Changi Airport,SIN,2024-07-02 21:20,Kuala Lumpur International Airport,KUL,2024-07-02 22:25,65,AirAsia,Economy,695,480.0,True,140,Y,N,N,1,7,0,0,Brunei International Airport,BWN,Tuesday,False,False,False
Singapore Changi Airport,SIN,2024-07-02 09:10,Kuala Lumpur International Airport,KUL,2024-07-02 10:25,75,AirAsia,Economy,395,170.0,,181,Y,N,N,1,7,0,0,Brunei International Airport,BWN,Tuesday,False,False,False
Singapore Changi Airport,SIN,2024-07-02 10:30,Kuala Lumpur International Airport,KUL,2024-07-02 11:35,65,AirAsia,Economy,315,100.0,,185,Y,N,N,1,7,0,0,Brunei International Airport,BWN,Tuesday,False,False,False
Singapore Changi Airport,SIN,2024-07-02 12:10,Brunei International Airport,BWN,2024-07-02 14:20,130,Royal Brunei,Economy,130,,,259,Y,Y,Y,1,7,1,20,Brunei International Airport,BWN,Tuesday,False,False,False
Singapore Changi Airport,SIN,2024-07-02 21:25,Brunei International Airport,BWN,2024-07-02 23:35,130,Royal Brunei,Economy,130,,,259,Y,Y,Y,1,7,1,20,Brunei International Airport,BWN,Tuesday,False,False,False
Singapore Changi Airport,SIN,2024-07-03 21:20,Kuala Lumpur International Airport,KUL,2024-07-03 22:25,65,AirAsia,Economy,695,480.0,True,140,Y,N,N,1,7,0,0,Brunei International Airport,BWN,Wednesday,False,False,False
Singapore Changi Airport,SIN,2024-07-03 12:10,Brunei International Airport,BWN,2024-07-03 14:20,130,Royal Brunei,Economy,130,,,259,Y,Y,Y,1,7,1,20,Brunei International Airport,BWN,Wednesday,False,False,False
Singapore Changi Airport,SIN,2024-07-03 12:45,Brunei International Airport,BWN,2024-07-03 15:00,135,Singapore Airlines,Economy,135,,,283,Y,Y,Y,1,7,1,23,Brunei International Airport,BWN,Wednesday,False,False,False
Singapore Changi Airport,SIN,2024-07-03 19:50,Ninoy Aquino International Airport,MNL,2024-07-03 23:45,235,Philippine Airlines,Economy,1670,1310.0,True,353,Y,Y,Y,1,7,1,30,Brunei International Airport,BWN,Wednesday,False,False,False
Singapore Changi Airport,SIN,2024-07-03 16:35,Kuala Lumpur International Airport,KUL,2024-07-03 17:45,70,Malaysia Airlines,Economy,425,210.0,,418,Y,Y,y,1,7,1,23,Brunei International Airport,BWN,Wednesday,False,False,False
Singapore Changi Airport,SIN,2024-07-03 21:15,Kuala Lumpur International Airport,KUL,2024-07-03 22:15,60,Malaysia Airlines,Economy,1040,835.0,True,420,Y,Y,y,1,7,1,23,Brunei International Airport,BWN,Wednesday,False,False,False
Singapore Changi Airport,SIN,2024-07-03 18:30,Kuala Lumpur International Airport,KUL,2024-07-03 19:45,75,Singapore Airlines,Economy,1205,985.0,True,480,Y,Y,Y,1,7,1,23,Brunei International Airport,BWN,Wednesday,False,False,False
Singapore Changi Airport,SIN,2024-07-03 18:15,Kuala Lumpur International Airport,KUL,2024-07-03 19:25,70,Malaysia Airlines,Economy,325,110.0,,495,Y,Y,y,1,7,1,23,Brunei International Airport,BWN,Wednesday,False,False,False
Singapore Changi Airport,SIN,2024-07-03 18:30,Kuala Lumpur International Airport,KUL,2024-07-03 19:45,75,Singapore Airlines,Economy,310,90.0,,776,Y,Y,Y,1,7,1,23,Brunei International Airport,BWN,Wednesday,False,False,False
Singapore Changi Airport,SIN,2024-07-04 23:25,Kuala Lumpur International Airport,KUL,2024-07-05 00:30,65,AirAsia,Economy,570,355.0,True,140,Y,N,N,1,7,0,0,Brunei International Airport,BWN,Thursday,False,False,True
Singapore Changi Airport,SIN,2024-07-04 21:30,Brunei International Airport,BWN,2024-07-04 23:40,130,Royal Brunei,Economy,130,,,259,Y,Y,Y,1,7,1,20,Brunei International Airport,BWN,Thursday,False,False,False
Singapore Changi Airport,SIN,2024-07-04 09:00,Brunei International Airport,BWN,2024-07-04 11:10,130,Singapore Airlines,Economy,130,,,283,Y,Y,Y,1,7,1,23,Brunei International Airport,BWN,Thursday,False,False,False
Singapore Changi Airport,SIN,2024-07-04 09:55,Kuala Lumpur International Airport,KUL,2024-07-04 11:10,75,Malaysia Airlines,Economy,280,60.0,,478,Y,Y,y,1,7,1,23,Brunei International Airport,BWN,Thursday,False,False,False
Singapore Changi Airport,SIN,2024-07-04 21:55,Brunei International Airport,BWN,2024-07-04 23:59,124,Royal Brunei,Economy,124,,,759,Y,Y,Y,1,7,1,20,Brunei International Airport,BWN,Thursday,False,False,False
Singapore Changi Airport,SIN,2024-07-04 09:10,Kuala Lumpur International Airport,KUL,2024-07-04 10:10,60,Singapore Airlines,Economy,325,120.0,,776,Y,Y,Y,1,7,1,23,Brunei International Airport,BWN,Thursday,False,False,False
Singapore Changi Airport,SIN,2024-07-05 23:25,Kuala Lumpur International Airport,KUL,2024-07-06 00:30,65,AirAsia,Economy,570,355.0,True,140,Y,N,N,1,7,0,0,Brunei International Airport,BWN,Friday,False,False,True
Singapore Changi Airport,SIN,2024-07-05 12:10,Brunei International Airport,BWN,2024-07-05 14:20,130,Royal Brunei,Economy,130,,,259,Y,Y,Y,1,7,1,20,Brunei International Airport,BWN,Friday,False,False,False
Singapore Changi Airport,SIN,2024-07-05 12:45,Brunei International Airport,BWN,2024-07-05 15:00,135,Singapore Airlines,Economy,135,,,290,Y,Y,Y,1,7,1,23,Brunei International Airport,BWN,Friday,False,False,False
Singapore Changi Airport,SIN,2024-07-05 07:55,Kuala Lumpur International Airport,KUL,2024-07-05 09:00,65,AirAsia,Economy,470,255.0,,195,Y,N,N,1,7,0,0,Brunei International Airport,BWN,Friday,False,False,False
Singapore Changi Airport,SIN,2024-07-05 10:30,Kuala Lumpur International Airport,KUL,2024-07-05 11:35,65,AirAsia,Economy,315,100.0,,206,Y,N,N,1,7,0,0,Brunei International Airport,BWN,Friday,False,False,False
Singapore Changi Airport,SIN,2024-07-05 21:25,Brunei International Airport,BWN,2024-07-05 23:35,130,Royal Brunei,Economy,130,,,259,Y,Y,Y,1,7,1,20,Brunei International Airport,BWN,Friday,False,False,False
Singapore Changi Airport,SIN,2024-07-05 09:55,Kuala Lumpur International Airport,KUL,2024-07-05 11:10,75,Malaysia Airlines,Economy,280,60.0,,418,Y,Y,y,1,7,1,23,Brunei International Airport,BWN,Friday,False,False,False
Singapore Changi Airport,SIN,2024-07-06 10:30,Kuala Lumpur International Airport,KUL,2024-07-06 11:35,65,AirAsia,Economy,315,100.0,,166,Y,N,N,1,7,0,0,Brunei International Airport,BWN,Saturday,False,False,False
Singapore Changi Airport,SIN,2024-07-06 09:00,Brunei International Airport,BWN,2024-07-06 11:10,130,Singapore Airlines,Economy,130,,,290,Y,Y,Y,1,7,1,23,Brunei International Airport,BWN,Saturday,False,False,False
Singapore Changi Airport,SIN,2024-07-06 21:25,Brunei International Airport,BWN,2024-07-06 23:35,130,Royal Brunei,Economy,130,,,307,Y,Y,Y,1,7,1,20,Brunei International Airport,BWN,Saturday,False,False,False
Singapore Changi Airport,SIN,2024-07-06 21:20,Kuala Lumpur International Airport,KUL,2024-07-06 22:25,65,AirAsia,Economy,695,480.0,True,140,Y,N,N,1,7,0,0,Brunei International Airport,BWN,Saturday,False,False,False
Singapore Changi Airport,SIN,2024-07-06 09:55,Kuala Lumpur International Airport,KUL,2024-07-06 11:10,75,Malaysia Airlines,Economy,280,60.0,,419,Y,Y,y,1,7,1,23,Brunei International Airport,BWN,Saturday,False,False,False
Singapore Changi Airport,SIN,2024-07-06 09:10,Kuala Lumpur International Airport,KUL,2024-07-06 10:10,60,Singapore Airlines,Economy,325,120.0,,776,Y,Y,Y,1,7,1,23,Brunei International Airport,BWN,Saturday,False,False,False
Singapore Changi Airport,SIN,2024-07-07 10:30,Kuala Lumpur International Airport,KUL,2024-07-07 11:35,65,AirAsia,Economy,315,100.0,,140,Y,N,N,1,7,0,0,Brunei International Airport,BWN,Sunday,False,False,False
Singapore Changi Airport,SIN,2024-07-07 12:10,Brunei International Airport,BWN,2024-07-07 14:20,130,Royal Brunei,Economy,130,,,259,Y,Y,Y,1,7,1,20,Brunei International Airport,BWN,Sunday,False,False,False
Singapore Changi Airport,SIN,2024-07-07 12:45,Brunei International Airport,BWN,2024-07-07 15:00,135,Singapore Airlines,Economy,135,,,283,Y,Y,Y,1,7,1,23,Brunei International Airport,BWN,Sunday,False,False,False
Singapore Changi Airport,SIN,2024-07-07 23:25,Kuala Lumpur International Airport,KUL,2024-07-08 00:30,65,AirAsia,Economy,570,355.0,True,140,Y,N,N,1,7,0,0,Brunei International Airport,BWN,Sunday,False,True,True
Singapore Changi Airport,SIN,2024-07-07 21:30,Brunei International Airport,BWN,2024-07-07 23:40,130,Royal Brunei,Economy,130,,,259,Y,Y,Y,1,7,1,20,Brunei International Airport,BWN,Sunday,False,False,False
Singapore Changi Airport,SIN,2024-07-07 09:55,Kuala Lumpur International Airport,KUL,2024-07-07 11:10,75,Malaysia Airlines,Economy,280,60.0,,418,Y,Y,y,1,7,1,23,Brunei International Airport,BWN,Sunday,False,False,False
Singapore Changi Airport,SIN,2024-07-08 10:30,Kuala Lumpur International Airport,KUL,2024-07-08 11:35,65,AirAsia,Economy,315,100.0,,191,Y,N,N,1,7,0,0,Brunei International Airport,BWN,Monday,False,True,False
Singapore Changi Airport,SIN,2024-07-08 09:00,Brunei International Airport,BWN,2024-07-08 11:10,130,Singapore Airlines,Economy,130,,,302,Y,Y,Y,1,7,1,23,Brunei International Airport,BWN,Monday,False,True,False
Singapore Changi Airport,SIN,2024-07-08 12:10,Brunei International Airport,BWN,2024-07-08 14:20,130,Royal Brunei,Economy,130,,,307,Y,Y,Y,1,7,1,20,Brunei International Airport,BWN,Monday,False,True,False
Singapore Changi Airport,SIN,2024-07-08 21:20,Kuala Lumpur International Airport,KUL,2024-07-08 22:25,65,AirAsia,Economy,695,480.0,True,140,Y,N,N,1,7,0,0,Brunei International Airport,BWN,Monday,False,True,False
Singapore Changi Airport,SIN,2024-07-08 09:10,Kuala Lumpur International Airport,KUL,2024-07-08 10:25,75,AirAsia,Economy,395,170.0,,187,Y,N,N,1,7,0,0,Brunei International Airport,BWN,Monday,False,True,False
Singapore Changi Airport,SIN,2024-07-08 21:15,Kuala Lumpur International Airport,KUL,2024-07-08 22:15,60,Malaysia Airlines,Economy,1585,1380.0,True,420,Y,Y,y,1,7,1,23,Brunei International Airport,BWN,Monday,False,True,False
Singapore Changi Airport,SIN,2024-07-08 14:30,Ninoy Aquino International Airport,MNL,2024-07-08 18:25,235,Philippine Airlines,Economy,550,190.0,,509,Y,Y,Y,1,7,1,30,Brunei International Airport,BWN,Monday,False,True,False
Singapore Changi Airport,SIN,2024-07-09 10:30,Kuala Lumpur International Airport,KUL,2024-07-09 11:35,65,AirAsia,Economy,315,100.0,,140,Y,N,N,1,7,0,0,Brunei International Airport,BWN,Tuesday,False,False,False
Singapore Changi Airport,SIN,2024-07-09 12:10,Brunei International Airport,BWN,2024-07-09 14:20,130,Royal Brunei,Economy,130,,,259,Y,Y,Y,1,7,1,20,Brunei International Airport,BWN,Tuesday,False,False,False
Singapore Changi Airport,SIN,2024-07-09 09:00,Brunei International Airport,BWN,2024-07-09 11:10,130,Singapore Airlines,Economy,130,,,283,Y,Y,Y,1,7,1,23,Brunei International Airport,BWN,Tuesday,False,False,False
Singapore Changi Airport,SIN,2024-07-09 21:20,Kuala Lumpur International Airport,KUL,2024-07-09 22:25,65,AirAsia,Economy,695,480.0,True,140,Y,N,N,1,7,0,0,Brunei International Airport,BWN,Tuesday,False,False,False
Singapore Changi Airport,SIN,2024-07-09 21:25,Brunei International Airport,BWN,2024-07-09 23:35,130,Royal Brunei,Economy,130,,,259,Y,Y,Y,1,7,1,20,Brunei International Airport,BWN,Tuesday,False,False,False
Singapore Changi Airport,SIN,2024-07-10 10:30,Kuala Lumpur International Airport,KUL,2024-07-10 11:35,65,AirAsia,Economy,315,100.0,,140,Y,N,N,1,7,0,0,Brunei International Airport,BWN,Wednesday,False,False,False
Singapore Changi Airport,SIN,2024-07-10 12:10,Brunei International Airport,BWN,2024-07-10 14:20,130,Royal Brunei,Economy,130,,,259,Y,Y,Y,1,7,1,20,Brunei International Airport,BWN,Wednesday,False,False,False
Singapore Changi Airport,SIN,2024-07-10 12:45,Brunei International Airport,BWN,2024-07-10 15:00,135,Singapore Airlines,Economy,135,,,283,Y,Y,Y,1,7,1,23,Brunei International Airport,BWN,Wednesday,False,False,False
Singapore Changi Airport,SIN,2024-07-10 21:20,Kuala Lumpur International Airport,KUL,2024-07-10 22:25,65,AirAsia,Economy,695,480.0,True,140,Y,N,N,1,7,0,0,Brunei International Airport,BWN,Wednesday,False,False,False
Singapore Changi Airport,SIN,2024-07-10 19:50,Ninoy Aquino International Airport,MNL,2024-07-10 23:45,235,Philippine Airlines,Economy,1670,1310.0,True,297,Y,Y,Y,1,7,1,30,Brunei International Airport,BWN,Wednesday,False,False,False
Singapore Changi Airport,SIN,2024-07-10 21:15,Kuala Lumpur International Airport,KUL,2024-07-10 22:15,60,Malaysia Airlines,Economy,1040,835.0,True,420,Y,Y,y,1,7,1,23,Brunei International Airport,BWN,Wednesday,False,False,False
Singapore Changi Airport,SIN,2024-07-10 18:15,Kuala Lumpur International Airport,KUL,2024-07-10 19:25,70,Malaysia Airlines,Economy,325,110.0,,464,Y,Y,y,1,7,1,23,Brunei International Airport,BWN,Wednesday,False,False,False
Singapore Changi Airport,SIN,2024-07-10 18:30,Kuala Lumpur International Airport,KUL,2024-07-10 19:45,75,Singapore Airlines,Economy,1205,985.0,True,480,Y,Y,Y,1,7,1,23,Brunei International Airport,BWN,Wednesday,False,False,False
Singapore Changi Airport,SIN,2024-07-11 09:10,Kuala Lumpur International Airport,KUL,2024-07-11 10:25,75,AirAsia,Economy,395,170.0,,140,Y,N,N,1,7,0,0,Brunei International Airport,BWN,Thursday,False,False,False
Singapore Changi Airport,SIN,2024-07-11 09:00,Brunei International Airport,BWN,2024-07-11 11:10,130,Singapore Airlines,Economy,130,,,283,Y,Y,Y,1,7,1,23,Brunei International Airport,BWN,Thursday,False,False,False
Singapore Changi Airport,SIN,2024-07-11 23:25,Kuala Lumpur International Airport,KUL,2024-07-12 00:30,65,AirAsia,Economy,570,355.0,True,140,Y,N,N,1,7,0,0,Brunei International Airport,BWN,Thursday,False,False,True
Singapore Changi Airport,SIN,2024-07-11 10:30,Kuala Lumpur International Airport,KUL,2024-07-11 11:35,65,AirAsia,Economy,315,100.0,,151,Y,N,N,1,7,0,0,Brunei International Airport,BWN,Thursday,False,False,False
Singapore Changi Airport,SIN,2024-07-11 21:30,Brunei International Airport,BWN,2024-07-11 23:40,130,Royal Brunei,Economy,130,,,259,Y,Y,Y,1,7,1,20,Brunei International Airport,BWN,Thursday,False,False,False
Singapore Changi Airport,SIN,2024-07-11 09:55,Kuala Lumpur International Airport,KUL,2024-07-11 11:10,75,Malaysia Airlines,Economy,280,60.0,,419,Y,Y,y,1,7,1,23,Brunei International Airport,BWN,Thursday,False,False,False
Singapore Changi Airport,SIN,2024-07-11 09:10,Kuala Lumpur International Airport,KUL,2024-07-11 10:10,60,Singapore Airlines,Economy,325,120.0,,478,Y,Y,Y,1,7,1,23,Brunei International Airport,BWN,Thursday,False,False,False
Singapore Changi Airport,SIN,2024-07-12 10:30,Kuala Lumpur International Airport,KUL,2024-07-12 11:35,65,AirAsia,Economy,315,100.0,,162,Y,N,N,1,7,0,0,Brunei International Airport,BWN,Friday,False,False,False
Singapore Changi Airport,SIN,2024-07-12 12:10,Brunei International Airport,BWN,2024-07-12 14:20,130,Royal Brunei,Economy,130,,,259,Y,Y,Y,1,7,1,20,Brunei International Airport,BWN,Friday,False,False,False
Singapore Changi Airport,SIN,2024-07-12 12:45,Brunei International Airport,BWN,2024-07-12 15:00,135,Singapore Airlines,Economy,135,,,290,Y,Y,Y,1,7,1,23,Brunei International Airport,BWN,Friday,False,False,False
Singapore Changi Airport,SIN,2024-07-12 09:10,Kuala Lumpur International Airport,KUL,2024-07-12 10:25,75,AirAsia,Economy,395,170.0,,158,Y,N,N,1,7,0,0,Brunei International Airport,BWN,Friday,False,False,False
Singapore Changi Airport,SIN,2024-07-12 23:25,Kuala Lumpur International Airport,KUL,2024-07-13 00:30,65,AirAsia,Economy,980,765.0,True,169,Y,N,N,1,7,0,0,Brunei International Airport,BWN,Friday,False,False,True
Singapore Changi Airport,SIN,2024-07-12 21:25,Brunei International Airport,BWN,2024-07-12 23:35,130,Royal Brunei,Economy,130,,,259,Y,Y,Y,1,7,1,20,Brunei International Airport,BWN,Friday,False,False,False
Singapore Changi Airport,SIN,2024-07-12 09:55,Kuala Lumpur International Airport,KUL,2024-07-12 11:10,75,Malaysia Airlines,Economy,280,60.0,,478,Y,Y,y,1,7,1,23,Brunei International Airport,BWN,Friday,False,False,False
Singapore Changi Airport,SIN,2024-07-13 10:30,Kuala Lumpur International Airport,KUL,2024-07-13 11:35,65,AirAsia,Economy,315,100.0,,163,Y,N,N,1,7,0,0,Brunei International Airport,BWN,Saturday,False,False,False
Singapore Changi Airport,SIN,2024-07-13 21:25,Brunei International Airport,BWN,2024-07-13 23:35,130,Royal Brunei,Economy,130,,,259,Y,Y,Y,1,7,1,20,Brunei International Airport,BWN,Saturday,False,False,False
Singapore Changi Airport,SIN,2024-07-13 09:00,Brunei International Airport,BWN,2024-07-13 11:10,130,Singapore Airlines,Economy,130,,,290,Y,Y,Y,1,7,1,23,Brunei International Airport,BWN,Saturday,False,False,False
Singapore Changi Airport,SIN,2024-07-13 21:20,Kuala Lumpur International Airport,KUL,2024-07-13 22:25,65,AirAsia,Economy,695,480.0,True,140,Y,N,N,1,7,0,0,Brunei International Airport,BWN,Saturday,False,False,False
Singapore Changi Airport,SIN,2024-07-13 09:10,Kuala Lumpur International Airport,KUL,2024-07-13 10:10,60,Singapore Airlines,Economy,325,120.0,,478,Y,Y,Y,1,7,1,23,Brunei International Airport,BWN,Saturday,False,False,False
Singapore Changi Airport,SIN,2024-07-13 09:55,Kuala Lumpur International Airport,KUL,2024-07-13 11:10,75,Malaysia Airlines,Economy,280,60.0,,478,Y,Y,y,1,7,1,23,Brunei International Airport,BWN,Saturday,False,False,False
Singapore Changi Airport,SIN,2024-07-14 23:25,Kuala Lumpur International Airport,KUL,2024-07-15 00:30,65,AirAsia,Economy,570,355.0,True,140,Y,N,N,1,7,0,0,Brunei International Airport,BWN,Sunday,False,True,True
Singapore Changi Airport,SIN,2024-07-14 21:30,Brunei International Airport,BWN,2024-07-14 23:40,130,Royal Brunei,Economy,130,,,259,Y,Y,Y,1,7,1,20,Brunei International Airport,BWN,Sunday,False,False,False
Singapore Changi Airport,SIN,2024-07-14 12:45,Brunei International Airport,BWN,2024-07-14 15:00,135,Singapore Airlines,Economy,135,,,330,Y,Y,Y,1,7,1,23,Brunei International Airport,BWN,Sunday,False,False,False
Singapore Changi Airport,SIN,2024-07-14 10:30,Kuala Lumpur International Airport,KUL,2024-07-14 11:35,65,AirAsia,Economy,315,100.0,,225,Y,N,N,1,7,0,0,Brunei International Airport,BWN,Sunday,False,False,False
Singapore Changi Airport,SIN,2024-07-14 12:10,Brunei International Airport,BWN,2024-07-14 14:20,130,Royal Brunei,Economy,130,,,307,Y,Y,Y,1,7,1,20,Brunei International Airport,BWN,Sunday,False,False,False
Singapore Changi Airport,SIN,2024-07-15 21:20,Kuala Lumpur International Airport,KUL,2024-07-15 22:25,65,AirAsia,Economy,695,480.0,True,140,Y,N,N,1,7,0,0,Brunei International Airport,BWN,Monday,False,True,False
Singapore Changi Airport,SIN,2024-07-15 12:10,Brunei International Airport,BWN,2024-07-15 14:20,130,Royal Brunei,Economy,130,,,274,Y,Y,Y,1,7,1,20,Brunei International Airport,BWN,Monday,False,True,False
Singapore Changi Airport,SIN,2024-07-15 09:00,Brunei International Airport,BWN,2024-07-15 11:10,130,Singapore Airlines,Economy,130,,,302,Y,Y,Y,1,7,1,23,Brunei International Airport,BWN,Monday,False,True,False
Singapore Changi Airport,SIN,2024-07-15 10:30,Kuala Lumpur International Airport,KUL,2024-07-15 11:35,65,AirAsia,Economy,315,100.0,,231,Y,N,N,1,7,0,0,Brunei International Airport,BWN,Monday,False,True,False
Singapore Changi Airport,SIN,2024-07-15 21:15,Kuala Lumpur International Airport,KUL,2024-07-15 22:15,60,Malaysia Airlines,Economy,1585,1380.0,True,466,Y,Y,y,1,7,1,23,Brunei International Airport,BWN,Monday,False,True,False
Singapore Changi Airport,SIN,2024-07-15 09:55,Kuala Lumpur International Airport,KUL,2024-07-15 11:10,75,Malaysia Airlines,Economy,280,60.0,,520,Y,Y,y,1,7,1,23,Brunei International Airport,BWN,Monday,False,True,False
Singapore Changi Airport,SIN,2024-07-15 14:30,Ninoy Aquino International Airport,MNL,2024-07-15 18:25,235,Philippine Airlines,Economy,550,190.0,,859,Y,Y,Y,1,7,1,30,Brunei International Airport,BWN,Monday,False,True,False
Singapore Changi Airport,SIN,2024-07-16 10:30,Kuala Lumpur International Airport,KUL,2024-07-16 11:35,65,AirAsia,Economy,315,100.0,,159,Y,N,N,1,7,0,0,Brunei International Airport,BWN,Tuesday,False,False,False
Singapore Changi Airport,SIN,2024-07-16 12:10,Brunei International Airport,BWN,2024-07-16 14:20,130,Royal Brunei,Economy,130,,,259,Y,Y,Y,1,7,1,20,Brunei International Airport,BWN,Tuesday,False,False,False
Singapore Changi Airport,SIN,2024-07-16 09:00,Brunei International Airport,BWN,2024-07-16 11:10,130,Singapore Airlines,Economy,130,,,283,Y,Y,Y,1,7,1,23,Brunei International Airport,BWN,Tuesday,False,False,False
Singapore Changi Airport,SIN,2024-07-16 21:20,Kuala Lumpur International Airport,KUL,2024-07-16 22:25,65,AirAsia,Economy,695,480.0,True,140,Y,N,N,1,7,0,0,Brunei International Airport,BWN,Tuesday,False,False,False
Singapore Changi Airport,SIN,2024-07-16 21:25,Brunei International Airport,BWN,2024-07-16 23:35,130,Royal Brunei,Economy,130,,,259,Y,Y,Y,1,7,1,20,Brunei International Airport,BWN,Tuesday,False,False,False
Singapore Changi Airport,SIN,2024-07-17 10:30,Kuala Lumpur International Airport,KUL,2024-07-17 11:35,65,AirAsia,Economy,315,100.0,,159,Y,N,N,1,7,0,0,Brunei International Airport,BWN,Wednesday,False,False,False
Singapore Changi Airport,SIN,2024-07-17 12:10,Brunei International Airport,BWN,2024-07-17 14:20,130,Royal Brunei,Economy,130,,,259,Y,Y,Y,1,7,1,20,Brunei International Airport,BWN,Wednesday,False,False,False
Singapore Changi Airport,SIN,2024-07-17 12:45,Brunei International Airport,BWN,2024-07-17 15:00,135,Singapore Airlines,Economy,135,,,283,Y,Y,Y,1,7,1,23,Brunei International Airport,BWN,Wednesday,False,False,False
Singapore Changi Airport,SIN,2024-07-17 21:20,Kuala Lumpur International Airport,KUL,2024-07-17 22:25,65,AirAsia,Economy,695,480.0,True,140,Y,N,N,1,7,0,0,Brunei International Airport,BWN,Wednesday,False,False,False
Singapore Changi Airport,SIN,2024-07-17 19:50,Ninoy Aquino International Airport,MNL,2024-07-17 23:45,235,Philippine Airlines,Economy,1670,1310.0,True,324,Y,Y,Y,1,7,1,30,Brunei International Airport,BWN,Wednesday,False,False,False
Singapore Changi Airport,SIN,2024-07-17 18:15,Kuala Lumpur International Airport,KUL,2024-07-17 19:25,70,Malaysia Airlines,Economy,325,110.0,,419,Y,Y,y,1,7,1,23,Brunei International Airport,BWN,Wednesday,False,False,False
Singapore Changi Airport,SIN,2024-07-17 21:15,Kuala Lumpur International Airport,KUL,2024-07-17 22:15,60,Malaysia Airlines,Economy,1040,835.0,True,420,Y,Y,y,1,7,1,23,Brunei International Airport,BWN,Wednesday,False,False,False
Singapore Changi Airport,SIN,2024-07-17 20:00,Kuala Lumpur International Airport,KUL,2024-07-17 20:55,55,Singapore Airlines,Economy,1115,915.0,True,480,Y,Y,Y,1,7,1,23,Brunei International Airport,BWN,Wednesday,False,False,False
Singapore Changi Airport,SIN,2024-07-18 10:30,Kuala Lumpur International Airport,KUL,2024-07-18 11:35,65,AirAsia,Economy,315,100.0,,148,Y,N,N,1,7,0,0,Brunei International Airport,BWN,Thursday,False,False,False
Singapore Changi Airport,SIN,2024-07-18 09:00,Brunei International Airport,BWN,2024-07-18 11:10,130,Singapore Airlines,Economy,130,,,283,Y,Y,Y,1,7,1,23,Brunei International Airport,BWN,Thursday,False,False,False
Singapore Changi Airport,SIN,2024-07-18 09:10,Kuala Lumpur International Airport,KUL,2024-07-18 10:25,75,AirAsia,Economy,395,170.0,,140,Y,N,N,1,7,0,0,Brunei International Airport,BWN,Thursday,False,False,False
Singapore Changi Airport,SIN,2024-07-18 23:25,Kuala Lumpur International Airport,KUL,2024-07-19 00:30,65,AirAsia,Economy,570,355.0,True,140,Y,N,N,1,7,0,0,Brunei International Airport,BWN,Thursday,False,False,True
Singapore Changi Airport,SIN,2024-07-18 21:30,Brunei International Airport,BWN,2024-07-18 23:40,130,Royal Brunei,Economy,130,,,259,Y,Y,Y,1,7,1,20,Brunei International Airport,BWN,Thursday,False,False,False
Singapore Changi Airport,SIN,2024-07-18 09:55,Kuala Lumpur International Airport,KUL,2024-07-18 11:10,75,Malaysia Airlines,Economy,280,60.0,,419,Y,Y,y,1,7,1,23,Brunei International Airport,BWN,Thursday,False,False,False
Singapore Changi Airport,SIN,2024-07-18 09:10,Kuala Lumpur International Airport,KUL,2024-07-18 10:10,60,Singapore Airlines,Economy,325,120.0,,478,Y,Y,Y,1,7,1,23,Brunei International Airport,BWN,Thursday,False,False,False
Singapore Changi Airport,SIN,2024-07-19 10:30,Kuala Lumpur International Airport,KUL,2024-07-19 11:35,65,AirAsia,Economy,315,100.0,,163,Y,N,N,1,7,0,0,Brunei International Airport,BWN,Friday,False,False,False
Singapore Changi Airport,SIN,2024-07-19 12:10,Brunei International Airport,BWN,2024-07-19 14:20,130,Royal Brunei,Economy,130,,,259,Y,Y,Y,1,7,1,20,Brunei International Airport,BWN,Friday,False,False,False
Singapore Changi Airport,SIN,2024-07-19 12:45,Brunei International Airport,BWN,2024-07-19 15:00,135,Singapore Airlines,Economy,135,,,290,Y,Y,Y,1,7,1,23,Brunei International Airport,BWN,Friday,False,False,False
Singapore Changi Airport,SIN,2024-07-19 23:25,Kuala Lumpur International Airport,KUL,2024-07-20 00:30,65,AirAsia,Economy,980,765.0,True,142,Y,N,N,1,7,0,0,Brunei International Airport,BWN,Friday,False,False,True
Singapore Changi Airport,SIN,2024-07-19 09:10,Kuala Lumpur International Airport,KUL,2024-07-19 10:25,75,AirAsia,Economy,395,170.0,,155,Y,N,N,1,7,0,0,Brunei International Airport,BWN,Friday,False,False,False
Singapore Changi Airport,SIN,2024-07-19 21:25,Brunei International Airport,BWN,2024-07-19 23:35,130,Royal Brunei,Economy,130,,,259,Y,Y,Y,1,7,1,20,Brunei International Airport,BWN,Friday,False,False,False
Singapore Changi Airport,SIN,2024-07-19 09:55,Kuala Lumpur International Airport,KUL,2024-07-19 11:10,75,Malaysia Airlines,Economy,280,60.0,,461,Y,Y,y,1,7,1,23,Brunei International Airport,BWN,Friday,False,False,False
Singapore Changi Airport,SIN,2024-07-20 10:30,Kuala Lumpur International Airport,KUL,2024-07-20 11:35,65,AirAsia,Economy,315,100.0,,140,Y,N,N,1,7,0,0,Brunei International Airport,BWN,Saturday,False,False,False
Singapore Changi Airport,SIN,2024-07-20 21:25,Brunei International Airport,BWN,2024-07-20 23:35,130,Royal Brunei,Economy,130,,,259,Y,Y,Y,1,7,1,20,Brunei International Airport,BWN,Saturday,False,False,False
Singapore Changi Airport,SIN,2024-07-20 09:00,Brunei International Airport,BWN,2024-07-20 11:10,130,Singapore Airlines,Economy,130,,,290,Y,Y,Y,1,7,1,23,Brunei International Airport,BWN,Saturday,False,False,False
Singapore Changi Airport,SIN,2024-07-20 21:20,Kuala Lumpur International Airport,KUL,2024-07-20 22:25,65,AirAsia,Economy,695,480.0,True,140,Y,N,N,1,7,0,0,Brunei International Airport,BWN,Saturday,False,False,False
Singapore Changi Airport,SIN,2024-07-20 09:55,Kuala Lumpur International Airport,KUL,2024-07-20 11:10,75,Malaysia Airlines,Economy,280,60.0,,419,Y,Y,y,1,7,1,23,Brunei International Airport,BWN,Saturday,False,False,False
Singapore Changi Airport,SIN,2024-07-21 10:30,Kuala Lumpur International Airport,KUL,2024-07-21 11:35,65,AirAsia,Economy,315,100.0,,140,Y,N,N,1,7,0,0,Brunei International Airport,BWN,Sunday,False,False,False
Singapore Changi Airport,SIN,2024-07-21 12:10,Brunei International Airport,BWN,2024-07-21 14:20,130,Royal Brunei,Economy,130,,,215,Y,Y,Y,1,7,1,20,Brunei International Airport,BWN,Sunday,False,False,False
Singapore Changi Airport,SIN,2024-07-21 23:25,Kuala Lumpur International Airport,KUL,2024-07-22 00:30,65,AirAsia,Economy,980,765.0,True,142,Y,N,N,1,7,0,0,Brunei International Airport,BWN,Sunday,False,False,True
Singapore Changi Airport,SIN,2024-07-21 21:30,Brunei International Airport,BWN,2024-07-21 23:40,130,Royal Brunei,Economy,130,,,215,Y,Y,Y,1,7,1,20,Brunei International Airport,BWN,Sunday,False,False,False
Singapore Changi Airport,SIN,2024-07-21 12:45,Brunei International Airport,BWN,2024-07-21 15:00,135,Singapore Airlines,Economy,135,,,356,Y,Y,Y,1,7,1,23,Brunei International Airport,BWN,Sunday,False,False,False
Singapore Changi Airport,SIN,2024-07-21 09:55,Kuala Lumpur International Airport,KUL,2024-07-21 11:10,75,Malaysia Airlines,Economy,280,60.0,,419,Y,Y,y,1,7,1,23,Brunei International Airport,BWN,Sunday,False,False,False
Singapore Changi Airport,SIN,2024-07-22 10:30,Kuala Lumpur International Airport,KUL,2024-07-22 11:35,65,AirAsia,Economy,315,100.0,,159,Y,N,N,1,7,0,0,Brunei International Airport,BWN,Monday,False,False,False
Singapore Changi Airport,SIN,2024-07-22 12:10,Brunei International Airport,BWN,2024-07-22 14:20,130,Royal Brunei,Economy,130,,,215,Y,Y,Y,1,7,1,20,Brunei International Airport,BWN,Monday,False,False,False
Singapore Changi Airport,SIN,2024-07-22 09:00,Brunei International Airport,BWN,2024-07-22 11:10,130,Singapore Airlines,Economy,130,,,283,Y,Y,Y,1,7,1,23,Brunei International Airport,BWN,Monday,False,False,False
Singapore Changi Airport,SIN,2024-07-22 07:55,Kuala Lumpur International Airport,KUL,2024-07-22 09:00,65,AirAsia,Economy,470,255.0,,140,Y,N,N,1,7,0,0,Brunei International Airport,BWN,Monday,False,False,False
Singapore Changi Airport,SIN,2024-07-22 21:20,Kuala Lumpur International Airport,KUL,2024-07-22 22:25,65,AirAsia,Economy,695,480.0,True,140,Y,N,N,1,7,0,0,Brunei International Airport,BWN,Monday,False,False,False
Singapore Changi Airport,SIN,2024-07-22 14:30,Ninoy Aquino International Airport,MNL,2024-07-22 18:25,235,Philippine Airlines,Economy,550,190.0,,324,Y,Y,Y,1,7,1,30,Brunei International Airport,BWN,Monday,False,False,False
Singapore Changi Airport,SIN,2024-07-22 21:15,Kuala Lumpur International Airport,KUL,2024-07-22 22:15,60,Malaysia Airlines,Economy,1585,1380.0,True,420,Y,Y,y,1,7,1,23,Brunei International Airport,BWN,Monday,False,False,False
Singapore Changi Airport,SIN,2024-07-22 09:55,Kuala Lumpur International Airport,KUL,2024-07-22 11:10,75,Malaysia Airlines,Economy,280,60.0,,464,Y,Y,y,1,7,1,23,Brunei International Airport,BWN,Monday,False,False,False
Singapore Changi Airport,SIN,2024-07-23 10:30,Kuala Lumpur International Airport,KUL,2024-07-23 11:35,65,AirAsia,Economy,315,100.0,,140,Y,N,N,1,7,0,0,Brunei International Airport,BWN,Tuesday,False,False,False
Singapore Changi Airport,SIN,2024-07-23 12:10,Brunei International Airport,BWN,2024-07-23 14:20,130,Royal Brunei,Economy,130,,,215,Y,Y,Y,1,7,1,20,Brunei International Airport,BWN,Tuesday,False,False,False
Singapore Changi Airport,SIN,2024-07-23 09:00,Brunei International Airport,BWN,2024-07-23 11:10,130,Singapore Airlines,Economy,130,,,283,Y,Y,Y,1,7,1,23,Brunei International Airport,BWN,Tuesday,False,False,False
Singapore Changi Airport,SIN,2024-07-23 21:20,Kuala Lumpur International Airport,KUL,2024-07-23 22:25,65,AirAsia,Economy,695,480.0,True,140,Y,N,N,1,7,0,0,Brunei International Airport,BWN,Tuesday,False,False,False
Singapore Changi Airport,SIN,2024-07-23 21:25,Brunei International Airport,BWN,2024-07-23 23:35,130,Royal Brunei,Economy,130,,,215,Y,Y,Y,1,7,1,20,Brunei International Airport,BWN,Tuesday,False,False,False
Singapore Changi Airport,SIN,2024-07-23 18:30,Kuala Lumpur International Airport,KUL,2024-07-23 19:45,75,Singapore Airlines,Economy,310,90.0,,681,Y,Y,Y,1,7,1,23,Brunei International Airport,BWN,Tuesday,False,False,False
Singapore Changi Airport,SIN,2024-07-24 10:30,Kuala Lumpur International Airport,KUL,2024-07-24 11:35,65,AirAsia,Economy,315,100.0,,140,Y,N,N,1,7,0,0,Brunei International Airport,BWN,Wednesday,False,False,False
Singapore Changi Airport,SIN,2024-07-24 12:10,Brunei International Airport,BWN,2024-07-24 14:20,130,Royal Brunei,Economy,130,,,215,Y,Y,Y,1,7,1,20,Brunei International Airport,BWN,Wednesday,False,False,False
Singapore Changi Airport,SIN,2024-07-24 12:45,Brunei International Airport,BWN,2024-07-24 15:00,135,Singapore Airlines,Economy,135,,,283,Y,Y,Y,1,7,1,23,Brunei International Airport,BWN,Wednesday,False,False,False
Singapore Changi Airport,SIN,2024-07-24 20:45,Kuala Lumpur International Airport,KUL,2024-07-24 21:55,70,AirAsia,Economy,730,510.0,True,140,Y,N,N,1,7,0,0,Brunei International Airport,BWN,Wednesday,False,False,False
Singapore Changi Airport,SIN,2024-07-24 21:20,Kuala Lumpur International Airport,KUL,2024-07-24 22:25,65,AirAsia,Economy,695,480.0,True,144,Y,N,N,1,7,0,0,Brunei International Airport,BWN,Wednesday,False,False,False
Singapore Changi Airport,SIN,2024-07-24 18:15,Kuala Lumpur International Airport,KUL,2024-07-24 19:25,70,Malaysia Airlines,Economy,325,110.0,,419,Y,Y,y,1,7,1,23,Brunei International Airport,BWN,Wednesday,False,False,False
Singapore Changi Airport,SIN,2024-07-24 21:15,Kuala Lumpur International Airport,KUL,2024-07-24 22:15,60,Malaysia Airlines,Economy,1040,835.0,True,420,Y,Y,y,1,7,1,23,Brunei International Airport,BWN,Wednesday,False,False,False
Singapore Changi Airport,SIN,2024-07-24 18:30,Kuala Lumpur International Airport,KUL,2024-07-24 19:45,75,Singapore Airlines,Economy,310,90.0,,681,Y,Y,Y,1,7,1,23,Brunei International Airport,BWN,Wednesday,False,False,False
Singapore Changi Airport,SIN,2024-07-25 10:30,Kuala Lumpur International Airport,KUL,2024-07-25 11:35,65,AirAsia,Economy,315,100.0,,148,Y,N,N,1,7,0,0,Brunei International Airport,BWN,Thursday,False,False,False
Singapore Changi Airport,SIN,2024-07-25 21:30,Brunei International Airport,BWN,2024-07-25 23:40,130,Royal Brunei,Economy,130,,,215,Y,Y,Y,1,7,1,20,Brunei International Airport,BWN,Thursday,False,False,False
Singapore Changi Airport,SIN,2024-07-25 09:00,Brunei International Airport,BWN,2024-07-25 11:10,130,Singapore Airlines,Economy,130,,,283,Y,Y,Y,1,7,1,23,Brunei International Airport,BWN,Thursday,False,False,False
Singapore Changi Airport,SIN,2024-07-25 23:25,Kuala Lumpur International Airport,KUL,2024-07-26 00:30,65,AirAsia,Economy,570,355.0,True,140,Y,N,N,1,7,0,0,Brunei International Airport,BWN,Thursday,False,False,True
Singapore Changi Airport,SIN,2024-07-25 09:10,Kuala Lumpur International Airport,KUL,2024-07-25 10:25,75,AirAsia,Economy,395,170.0,,144,Y,N,N,1,7,0,0,Brunei International Airport,BWN,Thursday,False,False,False
Singapore Changi Airport,SIN,2024-07-25 09:55,Kuala Lumpur International Airport,KUL,2024-07-25 11:10,75,Malaysia Airlines,Economy,280,60.0,,419,Y,Y,y,1,7,1,23,Brunei International Airport,BWN,Thursday,False,False,False
Singapore Changi Airport,SIN,2024-07-25 09:10,Kuala Lumpur International Airport,KUL,2024-07-25 10:10,60,Singapore Airlines,Economy,325,120.0,,681,Y,Y,Y,1,7,1,23,Brunei International Airport,BWN,Thursday,False,False,False
Singapore Changi Airport,SIN,2024-07-26 10:30,Kuala Lumpur International Airport,KUL,2024-07-26 11:35,65,AirAsia,Economy,315,100.0,,169,Y,N,N,1,7,0,0,Brunei International Airport,BWN,Friday,False,False,False
Singapore Changi Airport,SIN,2024-07-26 12:10,Brunei International Airport,BWN,2024-07-26 14:20,130,Royal Brunei,Economy,130,,,215,Y,Y,Y,1,7,1,20,Brunei International Airport,BWN,Friday,False,False,False
Singapore Changi Airport,SIN,2024-07-26 12:45,Brunei International Airport,BWN,2024-07-26 15:00,135,Singapore Airlines,Economy,135,,,290,Y,Y,Y,1,7,1,23,Brunei International Airport,BWN,Friday,False,False,False
Singapore Changi Airport,SIN,2024-07-26 23:25,Kuala Lumpur International Airport,KUL,2024-07-27 00:30,65,AirAsia,Economy,980,765.0,True,160,Y,N,N,1,7,0,0,Brunei International Airport,BWN,Friday,False,False,True
Singapore Changi Airport,SIN,2024-07-26 07:55,Kuala Lumpur International Airport,KUL,2024-07-26 09:00,65,AirAsia,Economy,470,255.0,,162,Y,N,N,1,7,0,0,Brunei International Airport,BWN,Friday,False,False,False
Singapore Changi Airport,SIN,2024-07-26 21:25,Brunei International Airport,BWN,2024-07-26 23:35,130,Royal Brunei,Economy,130,,,248,Y,Y,Y,1,7,1,20,Brunei International Airport,BWN,Friday,False,False,False
Singapore Changi Airport,SIN,2024-07-26 09:55,Kuala Lumpur International Airport,KUL,2024-07-26 11:10,75,Malaysia Airlines,Economy,280,60.0,,478,Y,Y,y,1,7,1,23,Brunei International Airport,BWN,Friday,False,False,False
Singapore Changi Airport,SIN,2024-07-27 10:30,Kuala Lumpur International Airport,KUL,2024-07-27 11:35,65,AirAsia,Economy,315,100.0,,140,Y,N,N,1,7,0,0,Brunei International Airport,BWN,Saturday,False,False,False
Singapore Changi Airport,SIN,2024-07-27 21:25,Brunei International Airport,BWN,2024-07-27 23:35,130,Royal Brunei,Economy,130,,,215,Y,Y,Y,1,7,1,20,Brunei International Airport,BWN,Saturday,False,False,False
Singapore Changi Airport,SIN,2024-07-27 09:00,Brunei International Airport,BWN,2024-07-27 11:10,130,Singapore Airlines,Economy,130,,,290,Y,Y,Y,1,7,1,23,Brunei International Airport,BWN,Saturday,False,False,False
Singapore Changi Airport,SIN,2024-07-27 21:20,Kuala Lumpur International Airport,KUL,2024-07-27 22:25,65,AirAsia,Economy,695,480.0,True,140,Y,N,N,1,7,0,0,Brunei International Airport,BWN,Saturday,False,False,False
Singapore Changi Airport,SIN,2024-07-27 09:55,Kuala Lumpur International Airport,KUL,2024-07-27 11:10,75,Malaysia Airlines,Economy,280,60.0,,419,Y,Y,y,1,7,1,23,Brunei International Airport,BWN,Saturday,False,False,False
Singapore Changi Airport,SIN,2024-07-27 09:10,Kuala Lumpur International Airport,KUL,2024-07-27 10:10,60,Singapore Airlines,Economy,325,120.0,,681,Y,Y,Y,1,7,1,23,Brunei International Airport,BWN,Saturday,False,False,False
Singapore Changi Airport,SIN,2024-07-28 10:30,Kuala Lumpur International Airport,KUL,2024-07-28 11:35,65,AirAsia,Economy,315,100.0,,140,Y,N,N,1,7,0,0,Brunei International Airport,BWN,Sunday,False,False,False
Singapore Changi Airport,SIN,2024-07-28 12:10,Brunei International Airport,BWN,2024-07-28 14:20,130,Royal Brunei,Economy,130,,,215,Y,Y,Y,1,7,1,20,Brunei International Airport,BWN,Sunday,False,False,False
Singapore Changi Airport,SIN,2024-07-28 21:30,Brunei International Airport,BWN,2024-07-28 23:40,130,Royal Brunei,Economy,130,,,215,Y,Y,Y,1,7,1,20,Brunei International Airport,BWN,Sunday,False,False,False
Singapore Changi Airport,SIN,2024-07-28 23:25,Kuala Lumpur International Airport,KUL,2024-07-29 00:30,65,AirAsia,Economy,980,765.0,True,142,Y,N,N,1,7,0,0,Brunei International Airport,BWN,Sunday,False,False,True
Singapore Changi Airport,SIN,2024-07-28 09:55,Kuala Lumpur International Airport,KUL,2024-07-28 11:10,75,Malaysia Airlines,Economy,280,60.0,,419,Y,Y,y,1,7,1,23,Brunei International Airport,BWN,Sunday,False,False,False
Singapore Changi Airport,SIN,2024-07-28 12:45,Brunei International Airport,BWN,2024-07-28 15:00,135,Singapore Airlines,Economy,135,,,436,Y,Y,Y,1,7,1,23,Brunei International Airport,BWN,Sunday,False,False,False
Singapore Changi Airport,SIN,2024-07-29 10:30,Kuala Lumpur International Airport,KUL,2024-07-29 11:35,65,AirAsia,Economy,315,100.0,,159,Y,N,N,1,7,0,0,Brunei International Airport,BWN,Monday,False,False,False
Singapore Changi Airport,SIN,2024-07-29 12:10,Brunei International Airport,BWN,2024-07-29 14:20,130,Royal Brunei,Economy,130,,,215,Y,Y,Y,1,7,1,20,Brunei International Airport,BWN,Monday,False,False,False
Singapore Changi Airport,SIN,2024-07-29 09:00,Brunei International Airport,BWN,2024-07-29 11:10,130,Singapore Airlines,Economy,130,,,283,Y,Y,Y,1,7,1,23,Brunei International Airport,BWN,Monday,False,False,False
Singapore Changi Airport,SIN,2024-07-29 21:20,Kuala Lumpur International Airport,KUL,2024-07-29 22:25,65,AirAsia,Economy,695,480.0,True,140,Y,N,N,1,7,0,0,Brunei International Airport,BWN,Monday,False,False,False
Singapore Changi Airport,SIN,2024-07-29 14:30,Ninoy Aquino International Airport,MNL,2024-07-29 18:25,235,Philippine Airlines,Economy,550,190.0,,393,Y,Y,Y,1,7,1,30,Brunei International Airport,BWN,Monday,False,False,False
Singapore Changi Airport,SIN,2024-07-29 09:55,Kuala Lumpur International Airport,KUL,2024-07-29 11:10,75,Malaysia Airlines,Economy,280,60.0,,419,Y,Y,y,1,7,1,23,Brunei International Airport,BWN,Monday,False,False,False
Singapore Changi Airport,SIN,2024-07-29 21:15,Kuala Lumpur International Airport,KUL,2024-07-29 22:15,60,Malaysia Airlines,Economy,1585,1380.0,True,420,Y,Y,y,1,7,1,23,Brunei International Airport,BWN,Monday,False,False,False
Singapore Changi Airport,SIN,2024-07-29 13:30,Ninoy Aquino International Airport,MNL,2024-07-29 17:25,235,Singapore Airlines,Economy,610,250.0,,510,Y,Y,Y,1,7,1,23,Brunei International Airport,BWN,Monday,False,False,False
Singapore Changi Airport,SIN,2024-07-29 14:50,Kuala Lumpur International Airport,KUL,2024-07-29 15:50,60,Singapore Airlines,Economy,1970,1765.0,True,689,Y,Y,Y,1,7,1,23,Brunei International Airport,BWN,Monday,False,False,False
Singapore Changi Airport,SIN,2024-07-30 10:30,Kuala Lumpur International Airport,KUL,2024-07-30 11:35,65,AirAsia,Economy,315,100.0,,140,Y,N,N,1,7,0,0,Brunei International Airport,BWN,Tuesday,False,False,False
Singapore Changi Airport,SIN,2024-07-30 12:10,Brunei International Airport,BWN,2024-07-30 14:20,130,Royal Brunei,Economy,130,,,215,Y,Y,Y,1,7,1,20,Brunei International Airport,BWN,Tuesday,False,False,False
Singapore Changi Airport,SIN,2024-07-30 09:00,Brunei International Airport,BWN,2024-07-30 11:10,130,Singapore Airlines,Economy,130,,,330,Y,Y,Y,1,7,1,23,Brunei International Airport,BWN,Tuesday,False,False,False
Singapore Changi Airport,SIN,2024-07-30 21:20,Kuala Lumpur International Airport,KUL,2024-07-30 22:25,65,AirAsia,Economy,695,480.0,True,140,Y,N,N,1,7,0,0,Brunei International Airport,BWN,Tuesday,False,False,False
Singapore Changi Airport,SIN,2024-07-30 21:25,Brunei International Airport,BWN,2024-07-30 23:35,130,Royal Brunei,Economy,130,,,215,Y,Y,Y,1,7,1,20,Brunei International Airport,BWN,Tuesday,False,False,False
Singapore Changi Airport,SIN,2024-07-30 18:30,Kuala Lumpur International Airport,KUL,2024-07-30 19:45,75,Singapore Airlines,Economy,310,90.0,,529,Y,Y,Y,1,7,1,23,Brunei International Airport,BWN,Tuesday,False,False,False
Singapore Changi Airport,SIN,2024-07-31 10:30,Kuala Lumpur International Airport,KUL,2024-07-31 11:35,65,AirAsia,Economy,315,100.0,,140,Y,N,N,1,7,0,0,Brunei International Airport,BWN,Wednesday,False,False,False
Singapore Changi Airport,SIN,2024-07-31 12:10,Brunei International Airport,BWN,2024-07-31 14:20,130,Royal Brunei,Economy,130,,,215,Y,Y,Y,1,7,1,20,Brunei International Airport,BWN,Wednesday,False,False,False
Singapore Changi Airport,SIN,2024-07-31 12:45,Brunei International Airport,BWN,2024-07-31 15:00,135,Singapore Airlines,Economy,135,,,283,Y,Y,Y,1,7,1,23,Brunei International Airport,BWN,Wednesday,False,False,False
Singapore Changi Airport,SIN,2024-07-31 21:20,Kuala Lumpur International Airport,KUL,2024-07-31 22:25,65,AirAsia,Economy,695,480.0,True,140,Y,N,N,1,7,0,0,Brunei International Airport,BWN,Wednesday,False,False,False
Singapore Changi Airport,SIN,2024-07-31 19:50,Ninoy Aquino International Airport,MNL,2024-07-31 23:45,235,Philippine Airlines,Economy,1670,1310.0,True,324,Y,Y,Y,1,7,1,30,Brunei International Airport,BWN,Wednesday,False,False,False
Singapore Changi Airport,SIN,2024-07-31 18:15,Kuala Lumpur International Airport,KUL,2024-07-31 19:25,70,Malaysia Airlines,Economy,325,110.0,,419,Y,Y,y,1,7,1,23,Brunei International Airport,BWN,Wednesday,False,False,False
Singapore Changi Airport,SIN,2024-07-31 21:15,Kuala Lumpur International Airport,KUL,2024-07-31 22:15,60,Malaysia Airlines,Economy,1040,835.0,True,420,Y,Y,y,1,7,1,23,Brunei International Airport,BWN,Wednesday,False,False,False
Singapore Changi Airport,SIN,2024-07-31 18:30,Kuala Lumpur International Airport,KUL,2024-07-31 19:45,75,Singapore Airlines,Economy,310,90.0,,529,Y,Y,Y,1,7,1,23,Brunei International Airport,BWN,Wednesday,False,False,False
Singapore Changi Airport,SIN,2024-08-01 23:25,Kuala Lumpur International Airport,KUL,2024-08-02 00:30,65,AirAsia,Economy,570,355.0,True,129,Y,N,N,1,7,0,0,Brunei International Airport,BWN,Thursday,False,False,True
Singapore Changi Airport,SIN,2024-08-01 09:10,Kuala Lumpur International Airport,KUL,2024-08-01 10:25,75,AirAsia,Economy,395,170.0,,162,Y,N,N,1,7,0,0,Brunei International Airport,BWN,Thursday,False,False,False
Singapore Changi Airport,SIN,2024-08-01 10:30,Kuala Lumpur International Airport,KUL,2024-08-01 11:35,65,AirAsia,Economy,315,100.0,,168,Y,N,N,1,7,0,0,Brunei International Airport,BWN,Thursday,False,False,False
Singapore Changi Airport,SIN,2024-08-01 21:30,Brunei International Airport,BWN,2024-08-01 23:40,130,Royal Brunei,Economy,130,,,261,Y,Y,Y,1,7,1,20,Brunei International Airport,BWN,Thursday,False,False,False
Singapore Changi Airport,SIN,2024-08-01 09:00,Brunei International Airport,BWN,2024-08-01 11:10,130,Singapore Airlines,Economy,130,,,332,Y,Y,Y,1,7,1,23,Brunei International Airport,BWN,Thursday,False,False,False
Singapore Changi Airport,SIN,2024-08-01 10:40,Ninoy Aquino International Airport,MNL,2024-08-01 14:30,230,Philippine Airlines,Economy,780,425.0,,323,Y,Y,Y,1,7,1,30,Brunei International Airport,BWN,Thursday,False,False,False
Singapore Changi Airport,SIN,2024-08-01 09:55,Kuala Lumpur International Airport,KUL,2024-08-01 11:10,75,Malaysia Airlines,Economy,280,60.0,,481,Y,Y,y,1,7,1,23,Brunei International Airport,BWN,Thursday,False,False,False
Singapore Changi Airport,SIN,2024-08-01 09:10,Kuala Lumpur International Airport,KUL,2024-08-01 10:10,60,Singapore Airlines,Economy,325,120.0,,782,Y,Y,Y,1,7,1,23,Brunei International Airport,BWN,Thursday,False,False,False
Singapore Changi Airport,SIN,2024-08-02 10:30,Kuala Lumpur International Airport,KUL,2024-08-02 11:35,65,AirAsia,Economy,315,100.0,,160,Y,N,N,1,7,0,0,Brunei International Airport,BWN,Friday,False,False,False
Singapore Changi Airport,SIN,2024-08-02 12:10,Brunei International Airport,BWN,2024-08-02 14:20,130,Royal Brunei,Economy,130,,,261,Y,Y,Y,1,7,1,20,Brunei International Airport,BWN,Friday,False,False,False
Singapore Changi Airport,SIN,2024-08-02 12:45,Brunei International Airport,BWN,2024-08-02 15:00,135,Singapore Airlines,Economy,135,,,312,Y,Y,Y,1,7,1,23,Brunei International Airport,BWN,Friday,False,False,False
Singapore Changi Airport,SIN,2024-08-02 23:25,Kuala Lumpur International Airport,KUL,2024-08-03 00:30,65,AirAsia,Economy,570,355.0,True,147,Y,N,N,1,7,0,0,Brunei International Airport,BWN,Friday,False,False,True
Singapore Changi Airport,SIN,2024-08-02 09:10,Kuala Lumpur International Airport,KUL,2024-08-02 10:25,75,AirAsia,Economy,395,170.0,,153,Y,N,N,1,7,0,0,Brunei International Airport,BWN,Friday,False,False,False
Singapore Changi Airport,SIN,2024-08-02 21:25,Brunei International Airport,BWN,2024-08-02 23:35,130,Royal Brunei,Economy,130,,,261,Y,Y,Y,1,7,1,20,Brunei International Airport,BWN,Friday,False,False,False
Singapore Changi Airport,SIN,2024-08-02 09:55,Kuala Lumpur International Airport,KUL,2024-08-02 11:10,75,Malaysia Airlines,Economy,280,60.0,,481,Y,Y,y,1,7,1,23,Brunei International Airport,BWN,Friday,False,False,False
Singapore Changi Airport,SIN,2024-08-03 10:30,Kuala Lumpur International Airport,KUL,2024-08-03 11:35,65,AirAsia,Economy,315,100.0,,141,Y,N,N,1,7,0,0,Brunei International Airport,BWN,Saturday,False,False,False
Singapore Changi Airport,SIN,2024-08-03 21:25,Brunei International Airport,BWN,2024-08-03 23:35,130,Royal Brunei,Economy,130,,,261,Y,Y,Y,1,7,1,20,Brunei International Airport,BWN,Saturday,False,False,False
Singapore Changi Airport,SIN,2024-08-03 09:00,Brunei International Airport,BWN,2024-08-03 11:10,130,Singapore Airlines,Economy,130,,,292,Y,Y,Y,1,7,1,23,Brunei International Airport,BWN,Saturday,False,False,False
Singapore Changi Airport,SIN,2024-08-03 21:20,Kuala Lumpur International Airport,KUL,2024-08-03 22:25,65,AirAsia,Economy,695,480.0,True,141,Y,N,N,1,7,0,0,Brunei International Airport,BWN,Saturday,False,False,False
Singapore Changi Airport,SIN,2024-08-03 09:55,Kuala Lumpur International Airport,KUL,2024-08-03 11:10,75,Malaysia Airlines,Economy,280,60.0,,533,Y,Y,y,1,7,1,23,Brunei International Airport,BWN,Saturday,False,False,False
Singapore Changi Airport,SIN,2024-08-04 10:30,Kuala Lumpur International Airport,KUL,2024-08-04 11:35,65,AirAsia,Economy,315,100.0,,141,Y,N,N,1,7,0,0,Brunei International Airport,BWN,Sunday,False,False,False
Singapore Changi Airport,SIN,2024-08-04 12:10,Brunei International Airport,BWN,2024-08-04 14:20,130,Royal Brunei,Economy,130,,,261,Y,Y,Y,1,7,1,20,Brunei International Airport,BWN,Sunday,False,False,False
Singapore Changi Airport,SIN,2024-08-04 12:45,Brunei International Airport,BWN,2024-08-04 15:00,135,Singapore Airlines,Economy,135,,,304,Y,Y,Y,1,7,1,23,Brunei International Airport,BWN,Sunday,False,False,False
Singapore Changi Airport,SIN,2024-08-04 23:25,Kuala Lumpur International Airport,KUL,2024-08-05 00:30,65,AirAsia,Economy,570,355.0,True,141,Y,N,N,1,7,0,0,Brunei International Airport,BWN,Sunday,False,False,True
Singapore Changi Airport,SIN,2024-08-04 21:30,Brunei International Airport,BWN,2024-08-04 23:40,130,Royal Brunei,Economy,130,,,261,Y,Y,Y,1,7,1,20,Brunei International Airport,BWN,Sunday,False,False,False
Singapore Changi Airport,SIN,2024-08-04 09:55,Kuala Lumpur International Airport,KUL,2024-08-04 11:10,75,Malaysia Airlines,Economy,280,60.0,,731,Y,Y,y,1,7,1,23,Brunei International Airport,BWN,Sunday,False,False,False
Singapore Changi Airport,SIN,2024-08-05 09:10,Kuala Lumpur International Airport,KUL,2024-08-05 10:25,75,AirAsia,Economy,395,170.0,,141,Y,N,N,1,7,0,0,Brunei International Airport,BWN,Monday,False,False,False
Singapore Changi Airport,SIN,2024-08-05 21:20,Kuala Lumpur International Airport,KUL,2024-08-05 22:25,65,AirAsia,Economy,695,480.0,True,141,Y,N,N,1,7,0,0,Brunei International Airport,BWN,Monday,False,False,False
Singapore Changi Airport,SIN,2024-08-05 10:30,Kuala Lumpur International Airport,KUL,2024-08-05 11:35,65,AirAsia,Economy,315,100.0,,162,Y,N,N,1,7,0,0,Brunei International Airport,BWN,Monday,False,False,False
Singapore Changi Airport,SIN,2024-08-05 12:10,Brunei International Airport,BWN,2024-08-05 14:20,130,Royal Brunei,Economy,130,,,261,Y,Y,Y,1,7,1,20,Brunei International Airport,BWN,Monday,False,False,False
Singapore Changi Airport,SIN,2024-08-05 09:00,Brunei International Airport,BWN,2024-08-05 11:10,130,Singapore Airlines,Economy,130,,,358,Y,Y,Y,1,7,1,23,Brunei International Airport,BWN,Monday,False,False,False
Singapore Changi Airport,SIN,2024-08-05 00:30,Ninoy Aquino International Airport,MNL,2024-08-05 04:20,230,Philippine Airlines,Economy,1390,1035.0,True,323,Y,Y,Y,1,7,1,30,Brunei International Airport,BWN,Monday,False,False,False
Singapore Changi Airport,SIN,2024-08-05 13:30,Ninoy Aquino International Airport,MNL,2024-08-05 17:25,235,Singapore Airlines,Economy,610,250.0,,492,Y,Y,Y,1,7,1,23,Brunei International Airport,BWN,Monday,False,False,False
Singapore Changi Airport,SIN,2024-08-05 14:30,Ninoy Aquino International Airport,MNL,2024-08-05 18:25,235,Philippine Airlines,Economy,550,190.0,,526,Y,Y,Y,1,7,1,30,Brunei International Airport,BWN,Monday,False,False,False
Singapore Changi Airport,SIN,2024-08-05 09:55,Kuala Lumpur International Airport,KUL,2024-08-05 11:10,75,Malaysia Airlines,Economy,280,60.0,,731,Y,Y,y,1,7,1,23,Brunei International Airport,BWN,Monday,False,False,False
Singapore Changi Airport,SIN,2024-08-06 10:30,Kuala Lumpur International Airport,KUL,2024-08-06 11:35,65,AirAsia,Economy,315,100.0,,141,Y,N,N,1,7,0,0,Brunei International Airport,BWN,Tuesday,False,False,False
Singapore Changi Airport,SIN,2024-08-06 12:10,Brunei International Airport,BWN,2024-08-06 14:20,130,Royal Brunei,Economy,130,,,261,Y,Y,Y,1,7,1,20,Brunei International Airport,BWN,Tuesday,False,False,False
Singapore Changi Airport,SIN,2024-08-06 21:20,Kuala Lumpur International Airport,KUL,2024-08-06 22:25,65,AirAsia,Economy,695,480.0,True,141,Y,N,N,1,7,0,0,Brunei International Airport,BWN,Tuesday,False,False,False
Singapore Changi Airport,SIN,2024-08-06 21:25,Brunei International Airport,BWN,2024-08-06 23:35,130,Royal Brunei,Economy,130,,,261,Y,Y,Y,1,7,1,20,Brunei International Airport,BWN,Tuesday,False,False,False
Singapore Changi Airport,SIN,2024-08-06 09:00,Brunei International Airport,BWN,2024-08-06 11:10,130,Singapore Airlines,Economy,130,,,611,Y,Y,Y,1,7,1,23,Brunei International Airport,BWN,Tuesday,False,False,False
Singapore Changi Airport,SIN,2024-08-07 09:10,Kuala Lumpur International Airport,KUL,2024-08-07 10:25,75,AirAsia,Economy,395,170.0,,167,Y,N,N,1,7,0,0,Brunei International Airport,BWN,Wednesday,False,False,False
Singapore Changi Airport,SIN,2024-08-07 12:10,Brunei International Airport,BWN,2024-08-07 14:20,130,Royal Brunei,Economy,130,,,261,Y,Y,Y,1,7,1,20,Brunei International Airport,BWN,Wednesday,False,False,False
Singapore Changi Airport,SIN,2024-08-07 12:45,Brunei International Airport,BWN,2024-08-07 15:00,135,Singapore Airlines,Economy,135,,,332,Y,Y,Y,1,7,1,23,Brunei International Airport,BWN,Wednesday,False,False,False
Singapore Changi Airport,SIN,2024-08-07 17:40,Kuala Lumpur International Airport,KUL,2024-08-07 19:00,80,AirAsia,Economy,915,685.0,True,188,Y,N,N,1,7,0,0,Brunei International Airport,BWN,Wednesday,False,False,False
Singapore Changi Airport,SIN,2024-08-07 10:30,Kuala Lumpur International Airport,KUL,2024-08-07 11:35,65,AirAsia,Economy,315,100.0,,194,Y,N,N,1,7,0,0,Brunei International Airport,BWN,Wednesday,False,False,False
Singapore Changi Airport,SIN,2024-08-07 19:10,Kuala Lumpur International Airport,KUL,2024-08-07 20:30,80,AirAsia,Economy,825,595.0,True,200,Y,N,N,1,7,0,0,Brunei International Airport,BWN,Wednesday,False,False,False
Singapore Changi Airport,SIN,2024-08-07 21:20,Kuala Lumpur International Airport,KUL,2024-08-07 22:25,65,AirAsia,Economy,695,480.0,True,254,Y,N,N,1,7,0,0,Brunei International Airport,BWN,Wednesday,False,False,False
Singapore Changi Airport,SIN,2024-08-07 19:50,Ninoy Aquino International Airport,MNL,2024-08-07 23:45,235,Philippine Airlines,Economy,1670,1310.0,True,332,Y,Y,Y,1,7,1,30,Brunei International Airport,BWN,Wednesday,False,False,False
Singapore Changi Airport,SIN,2024-08-08 09:10,Kuala Lumpur International Airport,KUL,2024-08-08 10:25,75,AirAsia,Economy,395,170.0,,254,Y,N,N,1,7,0,0,Brunei International Airport,BWN,Thursday,False,False,False
Singapore Changi Airport,SIN,2024-08-08 21:30,Brunei International Airport,BWN,2024-08-08 23:40,130,Royal Brunei,Economy,130,,,261,Y,Y,Y,1,7,1,20,Brunei International Airport,BWN,Thursday,False,False,False
Singapore Changi Airport,SIN,2024-08-08 09:00,Brunei International Airport,BWN,2024-08-08 11:10,130,Singapore Airlines,Economy,130,,,304,Y,Y,Y,1,7,1,23,Brunei International Airport,BWN,Thursday,False,False,False
Singapore Changi Airport,SIN,2024-08-08 10:30,Kuala Lumpur International Airport,KUL,2024-08-08 11:35,65,AirAsia,Economy,315,100.0,,273,Y,N,N,1,7,0,0,Brunei International Airport,BWN,Thursday,False,False,False
Singapore Changi Airport,SIN,2024-08-08 23:25,Kuala Lumpur International Airport,KUL,2024-08-09 00:30,65,AirAsia,Economy,570,355.0,True,295,Y,N,N,1,7,0,0,Brunei International Airport,BWN,Thursday,False,False,True
Singapore Changi Airport,SIN,2024-08-08 09:55,Kuala Lumpur International Airport,KUL,2024-08-08 11:10,75,Malaysia Airlines,Economy,280,60.0,,686,Y,Y,y,1,7,1,23,Brunei International Airport,BWN,Thursday,False,False,False
Singapore Changi Airport,SIN,2024-08-09 21:20,Kuala Lumpur International Airport,KUL,2024-08-09 22:25,65,AirAsia,Economy,695,480.0,True,155,Y,N,N,1,7,0,0,Brunei International Airport,BWN,Friday,True,False,False
Singapore Changi Airport,SIN,2024-08-09 23:25,Kuala Lumpur International Airport,KUL,2024-08-10 00:30,65,AirAsia,Economy,570,355.0,True,160,Y,N,N,1,7,0,0,Brunei International Airport,BWN,Friday,True,False,True
Singapore Changi Airport,SIN,2024-08-09 21:25,Brunei International Airport,BWN,2024-08-09 23:35,130,Royal Brunei,Economy,130,,,276,Y,Y,Y,1,7,1,20,Brunei International Airport,BWN,Friday,True,False,False
Singapore Changi Airport,SIN,2024-08-09 09:10,Kuala Lumpur International Airport,KUL,2024-08-09 10:25,75,AirAsia,Economy,395,170.0,,265,Y,N,N,1,7,0,0,Brunei International Airport,BWN,Friday,True,False,False
Singapore Changi Airport,SIN,2024-08-09 10:30,Kuala Lumpur International Airport,KUL,2024-08-09 11:35,65,AirAsia,Economy,315,100.0,,306,Y,N,N,1,7,0,0,Brunei International Airport,BWN,Friday,True,False,False
Singapore Changi Airport,SIN,2024-08-09 14:30,Ninoy Aquino International Airport,MNL,2024-08-09 18:25,235,Philippine Airlines,Economy,550,190.0,,343,Y,Y,Y,1,7,1,30,Brunei International Airport,BWN,Friday,True,False,False
Singapore Changi Airport,SIN,2024-08-09 12:10,Brunei International Airport,BWN,2024-08-09 14:20,130,Royal Brunei,Economy,130,,,406,Y,Y,Y,1,7,1,20,Brunei International Airport,BWN,Friday,True,False,False
Singapore Changi Airport,SIN,2024-08-09 09:55,Kuala Lumpur International Airport,KUL,2024-08-09 11:10,75,Malaysia Airlines,Economy,280,60.0,,533,Y,Y,y,1,7,1,23,Brunei International Airport,BWN,Friday,True,False,False
Singapore Changi Airport,SIN,2024-08-09 12:45,Brunei International Airport,BWN,2024-08-09 15:00,135,Singapore Airlines,Economy,135,,,611,Y,Y,Y,1,7,1,23,Brunei International Airport,BWN,Friday,True,False,False
Singapore Changi Airport,SIN,2024-08-10 10:30,Kuala Lumpur International Airport,KUL,2024-08-10 11:35,65,AirAsia,Economy,315,100.0,,201,Y,N,N,1,7,0,0,Brunei International Airport,BWN,Saturday,False,False,False
Singapore Changi Airport,SIN,2024-08-10 21:25,Brunei International Airport,BWN,2024-08-10 23:35,130,Royal Brunei,Economy,130,,,261,Y,Y,Y,1,7,1,20,Brunei International Airport,BWN,Saturday,False,False,False
Singapore Changi Airport,SIN,2024-08-10 09:00,Brunei International Airport,BWN,2024-08-10 11:10,130,Singapore Airlines,Economy,130,,,358,Y,Y,Y,1,7,1,23,Brunei International Airport,BWN,Saturday,False,False,False
Singapore Changi Airport,SIN,2024-08-10 21:20,Kuala Lumpur International Airport,KUL,2024-08-10 22:25,65,AirAsia,Economy,695,480.0,True,141,Y,N,N,1,7,0,0,Brunei International Airport,BWN,Saturday,False,False,False
Singapore Changi Airport,SIN,2024-08-10 09:55,Kuala Lumpur International Airport,KUL,2024-08-10 11:10,75,Malaysia Airlines,Economy,280,60.0,,533,Y,Y,y,1,7,1,23,Brunei International Airport,BWN,Saturday,False,False,False
Singapore Changi Airport,SIN,2024-08-11 23:25,Kuala Lumpur International Airport,KUL,2024-08-12 00:30,65,AirAsia,Economy,570,355.0,True,141,Y,N,N,1,7,0,0,Brunei International Airport,BWN,Sunday,False,False,True
Singapore Changi Airport,SIN,2024-08-11 12:10,Brunei International Airport,BWN,2024-08-11 14:20,130,Royal Brunei,Economy,130,,,276,Y,Y,Y,1,7,1,20,Brunei International Airport,BWN,Sunday,False,False,False
Singapore Changi Airport,SIN,2024-08-11 12:45,Brunei International Airport,BWN,2024-08-11 15:00,135,Singapore Airlines,Economy,135,,,439,Y,Y,Y,1,7,1,23,Brunei International Airport,BWN,Sunday,False,False,False
Singapore Changi Airport,SIN,2024-08-11 10:30,Kuala Lumpur International Airport,KUL,2024-08-11 11:35,65,AirAsia,Economy,315,100.0,,240,Y,N,N,1,7,0,0,Brunei International Airport,BWN,Sunday,False,False,False
Singapore Changi Airport,SIN,2024-08-11 21:30,Brunei International Airport,BWN,2024-08-11 23:40,130,Royal Brunei,Economy,130,,,276,Y,Y,Y,1,7,1,20,Brunei International Airport,BWN,Sunday,False,False,False
Singapore Changi Airport,SIN,2024-08-11 09:55,Kuala Lumpur International Airport,KUL,2024-08-11 11:10,75,Malaysia Airlines,Economy,280,60.0,,731,Y,Y,y,1,7,1,23,Brunei International Airport,BWN,Sunday,False,False,False
Singapore Changi Airport,SIN,2024-08-12 10:30,Kuala Lumpur International Airport,KUL,2024-08-12 11:35,65,AirAsia,Economy,315,100.0,,201,Y,N,N,1,7,0,0,Brunei International Airport,BWN,Monday,False,False,False
Singapore Changi Airport,SIN,2024-08-12 12:10,Brunei International Airport,BWN,2024-08-12 14:20,130,Royal Brunei,Economy,130,,,261,Y,Y,Y,1,7,1,20,Brunei International Airport,BWN,Monday,False,False,False
Singapore Changi Airport,SIN,2024-08-12 09:00,Brunei International Airport,BWN,2024-08-12 11:10,130,Singapore Airlines,Economy,130,,,358,Y,Y,Y,1,7,1,23,Brunei International Airport,BWN,Monday,False,False,False
Singapore Changi Airport,SIN,2024-08-12 21:20,Kuala Lumpur International Airport,KUL,2024-08-12 22:25,65,AirAsia,Economy,695,480.0,True,141,Y,N,N,1,7,0,0,Brunei International Airport,BWN,Monday,False,False,False
Singapore Changi Airport,SIN,2024-08-12 07:55,Kuala Lumpur International Airport,KUL,2024-08-12 09:00,65,AirAsia,Economy,470,255.0,,194,Y,N,N,1,7,0,0,Brunei International Airport,BWN,Monday,False,False,False
Singapore Changi Airport,SIN,2024-08-12 09:10,Kuala Lumpur International Airport,KUL,2024-08-12 10:25,75,AirAsia,Economy,395,170.0,,196,Y,N,N,1,7,0,0,Brunei International Airport,BWN,Monday,False,False,False
Singapore Changi Airport,SIN,2024-08-12 14:30,Ninoy Aquino International Airport,MNL,2024-08-12 18:25,235,Philippine Airlines,Economy,550,190.0,,499,Y,Y,Y,1,7,1,30,Brunei International Airport,BWN,Monday,False,False,False
Singapore Changi Airport,SIN,2024-08-12 13:30,Ninoy Aquino International Airport,MNL,2024-08-12 17:25,235,Singapore Airlines,Economy,610,250.0,,622,Y,Y,Y,1,7,1,23,Brunei International Airport,BWN,Monday,False,False,False
Singapore Changi Airport,SIN,2024-08-12 09:55,Kuala Lumpur International Airport,KUL,2024-08-12 11:10,75,Malaysia Airlines,Economy,280,60.0,,731,Y,Y,y,1,7,1,23,Brunei International Airport,BWN,Monday,False,False,False
Singapore Changi Airport,SIN,2024-08-13 21:20,Kuala Lumpur International Airport,KUL,2024-08-13 22:25,65,AirAsia,Economy,695,480.0,True,141,Y,N,N,1,7,0,0,Brunei International Airport,BWN,Tuesday,False,False,False
Singapore Changi Airport,SIN,2024-08-13 12:10,Brunei International Airport,BWN,2024-08-13 14:20,130,Royal Brunei,Economy,130,,,261,Y,Y,Y,1,7,1,20,Brunei International Airport,BWN,Tuesday,False,False,False
Singapore Changi Airport,SIN,2024-08-13 09:10,Kuala Lumpur International Airport,KUL,2024-08-13 10:25,75,AirAsia,Economy,395,170.0,,204,Y,N,N,1,7,0,0,Brunei International Airport,BWN,Tuesday,False,False,False
Singapore Changi Airport,SIN,2024-08-13 10:30,Kuala Lumpur International Airport,KUL,2024-08-13 11:35,65,AirAsia,Economy,315,100.0,,212,Y,N,N,1,7,0,0,Brunei International Airport,BWN,Tuesday,False,False,False
Singapore Changi Airport,SIN,2024-08-13 21:25,Brunei International Airport,BWN,2024-08-13 23:35,130,Royal Brunei,Economy,130,,,261,Y,Y,Y,1,7,1,20,Brunei International Airport,BWN,Tuesday,False,False,False
Singapore Changi Airport,SIN,2024-08-13 09:00,Brunei International Airport,BWN,2024-08-13 11:10,130,Singapore Airlines,Economy,130,,,439,Y,Y,Y,1,7,1,23,Brunei International Airport,BWN,Tuesday,False,False,False
Singapore Changi Airport,SIN,2024-08-13 18:30,Kuala Lumpur International Airport,KUL,2024-08-13 19:45,75,Singapore Airlines,Economy,310,90.0,,789,Y,Y,Y,1,7,1,23,Brunei International Airport,BWN,Tuesday,False,False,False
Singapore Changi Airport,SIN,2024-08-14 21:20,Kuala Lumpur International Airport,KUL,2024-08-14 22:25,65,AirAsia,Economy,695,480.0,True,141,Y,N,N,1,7,0,0,Brunei International Airport,BWN,Wednesday,False,False,False
Singapore Changi Airport,SIN,2024-08-14 07:55,Kuala Lumpur International Airport,KUL,2024-08-14 09:00,65,AirAsia,Economy,470,255.0,,204,Y,N,N,1,7,0,0,Brunei International Airport,BWN,Wednesday,False,False,False
Singapore Changi Airport,SIN,2024-08-14 10:30,Kuala Lumpur International Airport,KUL,2024-08-14 11:35,65,AirAsia,Economy,315,100.0,,207,Y,N,N,1,7,0,0,Brunei International Airport,BWN,Wednesday,False,False,False
Singapore Changi Airport,SIN,2024-08-14 12:10,Brunei International Airport,BWN,2024-08-14 14:20,130,Royal Brunei,Economy,130,,,261,Y,Y,Y,1,7,1,20,Brunei International Airport,BWN,Wednesday,False,False,False
Singapore Changi Airport,SIN,2024-08-14 12:45,Brunei International Airport,BWN,2024-08-14 15:00,135,Singapore Airlines,Economy,135,,,502,Y,Y,Y,1,7,1,23,Brunei International Airport,BWN,Wednesday,False,False,False
Singapore Changi Airport,SIN,2024-08-14 19:50,Ninoy Aquino International Airport,MNL,2024-08-14 23:45,235,Philippine Airlines,Economy,1670,1310.0,True,323,Y,Y,Y,1,7,1,30,Brunei International Airport,BWN,Wednesday,False,False,False
Singapore Changi Airport,SIN,2024-08-14 18:15,Kuala Lumpur International Airport,KUL,2024-08-14 19:25,70,Malaysia Airlines,Economy,325,110.0,,731,Y,Y,y,1,7,1,23,Brunei International Airport,BWN,Wednesday,False,False,False
Singapore Changi Airport,SIN,2024-08-14 18:30,Kuala Lumpur International Airport,KUL,2024-08-14 19:45,75,Singapore Airlines,Economy,310,90.0,,731,Y,Y,Y,1,7,1,23,Brunei International Airport,BWN,Wednesday,False,False,False
Singapore Changi Airport,SIN,2024-08-15 23:25,Kuala Lumpur International Airport,KUL,2024-08-16 00:30,65,AirAsia,Economy,570,355.0,True,141,Y,N,N,1,7,0,0,Brunei International Airport,BWN,Thursday,False,False,True
Singapore Changi Airport,SIN,2024-08-15 21:30,Brunei International Airport,BWN,2024-08-15 23:40,130,Royal Brunei,Economy,130,,,216,Y,Y,Y,1,7,1,20,Brunei International Airport,BWN,Thursday,False,False,False
Singapore Changi Airport,SIN,2024-08-15 07:55,Kuala Lumpur International Airport,KUL,2024-08-15 09:00,65,AirAsia,Economy,470,255.0,,204,Y,N,N,1,7,0,0,Brunei International Airport,BWN,Thursday,False,False,False
Singapore Changi Airport,SIN,2024-08-15 10:30,Kuala Lumpur International Airport,KUL,2024-08-15 11:35,65,AirAsia,Economy,315,100.0,,207,Y,N,N,1,7,0,0,Brunei International Airport,BWN,Thursday,False,False,False
Singapore Changi Airport,SIN,2024-08-15 14:30,Ninoy Aquino International Airport,MNL,2024-08-15 18:25,235,Philippine Airlines,Economy,550,190.0,,323,Y,Y,Y,1,7,1,30,Brunei International Airport,BWN,Thursday,False,False,False
Singapore Changi Airport,SIN,2024-08-15 09:55,Kuala Lumpur International Airport,KUL,2024-08-15 11:10,75,Malaysia Airlines,Economy,280,60.0,,1492,Y,Y,y,1,7,1,23,Brunei International Airport,BWN,Thursday,False,False,False
Singapore Changi Airport,SIN,2024-08-16 23:25,Kuala Lumpur International Airport,KUL,2024-08-17 00:30,65,AirAsia,Economy,570,355.0,True,141,Y,N,N,1,7,0,0,Brunei International Airport,BWN,Friday,False,False,True
Singapore Changi Airport,SIN,2024-08-16 10:30,Kuala Lumpur International Airport,KUL,2024-08-16 11:35,65,AirAsia,Economy,315,100.0,,251,Y,N,N,1,7,0,0,Brunei International Airport,BWN,Friday,False,False,False
Singapore Changi Airport,SIN,2024-08-16 14:30,Ninoy Aquino International Airport,MNL,2024-08-16 18:25,235,Philippine Airlines,Economy,550,190.0,,323,Y,Y,Y,1,7,1,30,Brunei International Airport,BWN,Friday,False,False,False
Singapore Changi Airport,SIN,2024-08-16 12:10,Brunei International Airport,BWN,2024-08-16 14:20,130,Royal Brunei,Economy,130,,,644,Y,Y,Y,1,7,1,20,Brunei International Airport,BWN,Friday,False,False,False
Singapore Changi Airport,SIN,2024-08-16 13:30,Ninoy Aquino International Airport,MNL,2024-08-16 17:25,235,Singapore Airlines,Economy,610,250.0,,492,Y,Y,Y,1,7,1,23,Brunei International Airport,BWN,Friday,False,False,False
Singapore Changi Airport,SIN,2024-08-16 21:25,Brunei International Airport,BWN,2024-08-16 23:35,130,Royal Brunei,Economy,130,,,644,Y,Y,Y,1,7,1,20,Brunei International Airport,BWN,Friday,False,False,False
Singapore Changi Airport,SIN,2024-08-16 09:55,Kuala Lumpur International Airport,KUL,2024-08-16 11:10,75,Malaysia Airlines,Economy,280,60.0,,731,Y,Y,y,1,7,1,23,Brunei International Airport,BWN,Friday,False,False,False
Singapore Changi Airport,SIN,2024-08-17 21:20,Kuala Lumpur International Airport,KUL,2024-08-17 22:25,65,AirAsia,Economy,695,480.0,True,141,Y,N,N,1,7,0,0,Brunei International Airport,BWN,Saturday,False,False,False
Singapore Changi Airport,SIN,2024-08-17 10:30,Kuala Lumpur International Airport,KUL,2024-08-17 11:35,65,AirAsia,Economy,315,100.0,,270,Y,N,N,1,7,0,0,Brunei International Airport,BWN,Saturday,False,False,False
Singapore Changi Airport,SIN,2024-08-17 21:25,Brunei International Airport,BWN,2024-08-17 23:35,130,Royal Brunei,Economy,130,,,406,Y,Y,Y,1,7,1,20,Brunei International Airport,BWN,Saturday,False,False,False
Singapore Changi Airport,SIN,2024-08-17 09:10,Kuala Lumpur International Airport,KUL,2024-08-17 10:10,60,Singapore Airlines,Economy,325,120.0,,686,Y,Y,Y,1,7,1,23,Brunei International Airport,BWN,Saturday,False,False,False
Singapore Changi Airport,SIN,2024-08-17 09:55,Kuala Lumpur International Airport,KUL,2024-08-17 11:10,75,Malaysia Airlines,Economy,280,60.0,,686,Y,Y,y,1,7,1,23,Brunei International Airport,BWN,Saturday,False,False,False
Singapore Changi Airport,SIN,2024-08-17 19:50,Brunei International Airport,BWN,2024-08-17 22:00,130,Royal Brunei,Economy,130,,,765,Y,Y,Y,1,7,1,20,Brunei International Airport,BWN,Saturday,False,False,False
Singapore Changi Airport,SIN,2024-08-18 23:25,Kuala Lumpur International Airport,KUL,2024-08-19 00:30,65,AirAsia,Economy,570,355.0,True,141,Y,N,N,1,7,0,0,Brunei International Airport,BWN,Sunday,False,False,True
Singapore Changi Airport,SIN,2024-08-18 21:30,Brunei International Airport,BWN,2024-08-18 23:40,130,Royal Brunei,Economy,130,,,216,Y,Y,Y,1,7,1,20,Brunei International Airport,BWN,Sunday,False,False,False
Singapore Changi Airport,SIN,2024-08-18 10:30,Kuala Lumpur International Airport,KUL,2024-08-18 11:35,65,AirAsia,Economy,315,100.0,,253,Y,N,N,1,7,0,0,Brunei International Airport,BWN,Sunday,False,False,False
Singapore Changi Airport,SIN,2024-08-18 12:10,Brunei International Airport,BWN,2024-08-18 14:20,130,Royal Brunei,Economy,130,,,354,Y,Y,Y,1,7,1,20,Brunei International Airport,BWN,Sunday,False,False,False
Singapore Changi Airport,SIN,2024-08-18 09:55,Kuala Lumpur International Airport,KUL,2024-08-18 11:10,75,Malaysia Airlines,Economy,280,60.0,,731,Y,Y,y,1,7,1,23,Brunei International Airport,BWN,Sunday,False,False,False
Singapore Changi Airport,SIN,2024-08-19 21:20,Kuala Lumpur International Airport,KUL,2024-08-19 22:25,65,AirAsia,Economy,695,480.0,True,152,Y,N,N,1,7,0,0,Brunei International Airport,BWN,Monday,False,False,False
Singapore Changi Airport,SIN,2024-08-19 12:10,Brunei International Airport,BWN,2024-08-19 14:20,130,Royal Brunei,Economy,130,,,354,Y,Y,Y,1,7,1,20,Brunei International Airport,BWN,Monday,False,False,False
Singapore Changi Airport,SIN,2024-08-19 09:00,Brunei International Airport,BWN,2024-08-19 11:10,130,Singapore Airlines,Economy,130,,,439,Y,Y,Y,1,7,1,23,Brunei International Airport,BWN,Monday,False,False,False
Singapore Changi Airport,SIN,2024-08-19 10:30,Kuala Lumpur International Airport,KUL,2024-08-19 11:35,65,AirAsia,Economy,315,100.0,,251,Y,N,N,1,7,0,0,Brunei International Airport,BWN,Monday,False,False,False
Singapore Changi Airport,SIN,2024-08-19 14:30,Ninoy Aquino International Airport,MNL,2024-08-19 18:25,235,Philippine Airlines,Economy,550,190.0,,323,Y,Y,Y,1,7,1,30,Brunei International Airport,BWN,Monday,False,False,False
Singapore Changi Airport,SIN,2024-08-19 13:30,Ninoy Aquino International Airport,MNL,2024-08-19 17:25,235,Singapore Airlines,Economy,610,250.0,,492,Y,Y,Y,1,7,1,23,Brunei International Airport,BWN,Monday,False,False,False
Singapore Changi Airport,SIN,2024-08-19 09:55,Kuala Lumpur International Airport,KUL,2024-08-19 11:10,75,Malaysia Airlines,Economy,280,60.0,,789,Y,Y,y,1,7,1,23,Brunei International Airport,BWN,Monday,False,False,False
Singapore Changi Airport,SIN,2024-08-19 21:15,Kuala Lumpur International Airport,KUL,2024-08-19 22:15,60,Malaysia Airlines,Economy,1585,1380.0,True,1503,Y,Y,y,1,7,1,23,Brunei International Airport,BWN,Monday,False,False,False
Singapore Changi Airport,SIN,2024-08-20 21:20,Kuala Lumpur International Airport,KUL,2024-08-20 22:25,65,AirAsia,Economy,695,480.0,True,141,Y,N,N,1,7,0,0,Brunei International Airport,BWN,Tuesday,False,False,False
Singapore Changi Airport,SIN,2024-08-20 12:10,Brunei International Airport,BWN,2024-08-20 14:20,130,Royal Brunei,Economy,130,,,216,Y,Y,Y,1,7,1,20,Brunei International Airport,BWN,Tuesday,False,False,False
Singapore Changi Airport,SIN,2024-08-20 09:00,Brunei International Airport,BWN,2024-08-20 11:10,130,Singapore Airlines,Economy,130,,,332,Y,Y,Y,1,7,1,23,Brunei International Airport,BWN,Tuesday,False,False,False
Singapore Changi Airport,SIN,2024-08-20 21:25,Brunei International Airport,BWN,2024-08-20 23:35,130,Royal Brunei,Economy,130,,,216,Y,Y,Y,1,7,1,20,Brunei International Airport,BWN,Tuesday,False,False,False
Singapore Changi Airport,SIN,2024-08-21 21:20,Kuala Lumpur International Airport,KUL,2024-08-21 22:25,65,AirAsia,Economy,695,480.0,True,141,Y,N,N,1,7,0,0,Brunei International Airport,BWN,Wednesday,False,False,False
Singapore Changi Airport,SIN,2024-08-21 12:10,Brunei International Airport,BWN,2024-08-21 14:20,130,Royal Brunei,Economy,130,,,216,Y,Y,Y,1,7,1,20,Brunei International Airport,BWN,Wednesday,False,False,False
Singapore Changi Airport,SIN,2024-08-21 12:45,Brunei International Airport,BWN,2024-08-21 15:00,135,Singapore Airlines,Economy,135,,,439,Y,Y,Y,1,7,1,23,Brunei International Airport,BWN,Wednesday,False,False,False
Singapore Changi Airport,SIN,2024-08-21 07:55,Kuala Lumpur International Airport,KUL,2024-08-21 09:00,65,AirAsia,Economy,470,255.0,,194,Y,N,N,1,7,0,0,Brunei International Airport,BWN,Wednesday,False,False,False
Singapore Changi Airport,SIN,2024-08-21 09:10,Kuala Lumpur International Airport,KUL,2024-08-21 10:25,75,AirAsia,Economy,395,170.0,,196,Y,N,N,1,7,0,0,Brunei International Airport,BWN,Wednesday,False,False,False
Singapore Changi Airport,SIN,2024-08-21 10:30,Kuala Lumpur International Airport,KUL,2024-08-21 11:35,65,AirAsia,Economy,315,100.0,,201,Y,N,N,1,7,0,0,Brunei International Airport,BWN,Wednesday,False,False,False
Singapore Changi Airport,SIN,2024-08-21 19:50,Ninoy Aquino International Airport,MNL,2024-08-21 23:45,235,Philippine Airlines,Economy,1670,1310.0,True,323,Y,Y,Y,1,7,1,30,Brunei International Airport,BWN,Wednesday,False,False,False
Singapore Changi Airport,SIN,2024-08-21 21:15,Kuala Lumpur International Airport,KUL,2024-08-21 22:15,60,Malaysia Airlines,Economy,1040,835.0,True,500,Y,Y,y,1,7,1,23,Brunei International Airport,BWN,Wednesday,False,False,False
Singapore Changi Airport,SIN,2024-08-22 23:25,Kuala Lumpur International Airport,KUL,2024-08-23 00:30,65,AirAsia,Economy,570,355.0,True,141,Y,N,N,1,7,0,0,Brunei International Airport,BWN,Thursday,False,False,True
Singapore Changi Airport,SIN,2024-08-22 21:30,Brunei International Airport,BWN,2024-08-22 23:40,130,Royal Brunei,Economy,130,,,216,Y,Y,Y,1,7,1,20,Brunei International Airport,BWN,Thursday,False,False,False
Singapore Changi Airport,SIN,2024-08-22 09:00,Brunei International Airport,BWN,2024-08-22 11:10,130,Singapore Airlines,Economy,130,,,332,Y,Y,Y,1,7,1,23,Brunei International Airport,BWN,Thursday,False,False,False
Singapore Changi Airport,SIN,2024-08-22 07:55,Kuala Lumpur International Airport,KUL,2024-08-22 09:00,65,AirAsia,Economy,470,255.0,,194,Y,N,N,1,7,0,0,Brunei International Airport,BWN,Thursday,False,False,False
Singapore Changi Airport,SIN,2024-08-22 10:30,Kuala Lumpur International Airport,KUL,2024-08-22 11:35,65,AirAsia,Economy,315,100.0,,196,Y,N,N,1,7,0,0,Brunei International Airport,BWN,Thursday,False,False,False
Singapore Changi Airport,SIN,2024-08-22 14:30,Ninoy Aquino International Airport,MNL,2024-08-22 18:25,235,Philippine Airlines,Economy,550,190.0,,323,Y,Y,Y,1,7,1,30,Brunei International Airport,BWN,Thursday,False,False,False
Singapore Changi Airport,SIN,2024-08-22 09:55,Kuala Lumpur International Airport,KUL,2024-08-22 11:10,75,Malaysia Airlines,Economy,280,60.0,,498,Y,Y,y,1,7,1,23,Brunei International Airport,BWN,Thursday,False,False,False
Singapore Changi Airport,SIN,2024-08-22 09:10,Kuala Lumpur International Airport,KUL,2024-08-22 10:10,60,Singapore Airlines,Economy,325,120.0,,686,Y,Y,Y,1,7,1,23,Brunei International Airport,BWN,Thursday,False,False,False
Singapore Changi Airport,SIN,2024-08-23 23:25,Kuala Lumpur International Airport,KUL,2024-08-24 00:30,65,AirAsia,Economy,570,355.0,True,141,Y,N,N,1,7,0,0,Brunei International Airport,BWN,Friday,False,False,True
Singapore Changi Airport,SIN,2024-08-23 12:10,Brunei International Airport,BWN,2024-08-23 14:20,130,Royal Brunei,Economy,130,,,216,Y,Y,Y,1,7,1,20,Brunei International Airport,BWN,Friday,False,False,False
Singapore Changi Airport,SIN,2024-08-23 21:25,Brunei International Airport,BWN,2024-08-23 23:35,130,Royal Brunei,Economy,130,,,216,Y,Y,Y,1,7,1,20,Brunei International Airport,BWN,Friday,False,False,False
Singapore Changi Airport,SIN,2024-08-23 12:45,Brunei International Airport,BWN,2024-08-23 15:00,135,Singapore Airlines,Economy,135,,,332,Y,Y,Y,1,7,1,23,Brunei International Airport,BWN,Friday,False,False,False
Singapore Changi Airport,SIN,2024-08-23 07:55,Kuala Lumpur International Airport,KUL,2024-08-23 09:00,65,AirAsia,Economy,470,255.0,,196,Y,N,N,1,7,0,0,Brunei International Airport,BWN,Friday,False,False,False
Singapore Changi Airport,SIN,2024-08-23 10:30,Kuala Lumpur International Airport,KUL,2024-08-23 11:35,65,AirAsia,Economy,315,100.0,,201,Y,N,N,1,7,0,0,Brunei International Airport,BWN,Friday,False,False,False
Singapore Changi Airport,SIN,2024-08-23 14:30,Ninoy Aquino International Airport,MNL,2024-08-23 18:25,235,Philippine Airlines,Economy,550,190.0,,323,Y,Y,Y,1,7,1,30,Brunei International Airport,BWN,Friday,False,False,False
Singapore Changi Airport,SIN,2024-08-23 09:55,Kuala Lumpur International Airport,KUL,2024-08-23 11:10,75,Malaysia Airlines,Economy,280,60.0,,498,Y,Y,y,1,7,1,23,Brunei International Airport,BWN,Friday,False,False,False
Singapore Changi Airport,SIN,2024-08-24 10:30,Kuala Lumpur International Airport,KUL,2024-08-24 11:35,65,AirAsia,Economy,315,100.0,,141,Y,N,N,1,7,0,0,Brunei International Airport,BWN,Saturday,False,False,False
Singapore Changi Airport,SIN,2024-08-24 21:25,Brunei International Airport,BWN,2024-08-24 23:35,130,Royal Brunei,Economy,130,,,216,Y,Y,Y,1,7,1,20,Brunei International Airport,BWN,Saturday,False,False,False
Singapore Changi Airport,SIN,2024-08-24 20:45,Kuala Lumpur International Airport,KUL,2024-08-24 21:55,70,AirAsia,Economy,730,510.0,True,129,Y,N,N,1,7,0,0,Brunei International Airport,BWN,Saturday,False,False,False
Singapore Changi Airport,SIN,2024-08-24 21:20,Kuala Lumpur International Airport,KUL,2024-08-24 22:25,65,AirAsia,Economy,695,480.0,True,141,Y,N,N,1,7,0,0,Brunei International Airport,BWN,Saturday,False,False,False
Singapore Changi Airport,SIN,2024-08-24 09:00,Brunei International Airport,BWN,2024-08-24 11:10,130,Singapore Airlines,Economy,130,,,439,Y,Y,Y,1,7,1,23,Brunei International Airport,BWN,Saturday,False,False,False
Singapore Changi Airport,SIN,2024-08-24 09:10,Kuala Lumpur International Airport,KUL,2024-08-24 10:10,60,Singapore Airlines,Economy,325,120.0,,533,Y,Y,Y,1,7,1,23,Brunei International Airport,BWN,Saturday,False,False,False
Singapore Changi Airport,SIN,2024-08-24 09:55,Kuala Lumpur International Airport,KUL,2024-08-24 11:10,75,Malaysia Airlines,Economy,280,60.0,,533,Y,Y,y,1,7,1,23,Brunei International Airport,BWN,Saturday,False,False,False
Singapore Changi Airport,SIN,2024-08-25 12:10,Brunei International Airport,BWN,2024-08-25 14:20,130,Royal Brunei,Economy,130,,,216,Y,Y,Y,1,7,1,20,Brunei International Airport,BWN,Sunday,False,False,False
Singapore Changi Airport,SIN,2024-08-25 12:45,Brunei International Airport,BWN,2024-08-25 15:00,135,Singapore Airlines,Economy,135,,,304,Y,Y,Y,1,7,1,23,Brunei International Airport,BWN,Sunday,False,False,False
Singapore Changi Airport,SIN,2024-08-25 23:25,Kuala Lumpur International Airport,KUL,2024-08-26 00:30,65,AirAsia,Economy,570,355.0,True,129,Y,N,N,1,7,0,0,Brunei International Airport,BWN,Sunday,False,False,True
Singapore Changi Airport,SIN,2024-08-25 10:30,Kuala Lumpur International Airport,KUL,2024-08-25 11:35,65,AirAsia,Economy,315,100.0,,196,Y,N,N,1,7,0,0,Brunei International Airport,BWN,Sunday,False,False,False
Singapore Changi Airport,SIN,2024-08-25 21:30,Brunei International Airport,BWN,2024-08-25 23:40,130,Royal Brunei,Economy,130,,,216,Y,Y,Y,1,7,1,20,Brunei International Airport,BWN,Sunday,False,False,False
Singapore Changi Airport,SIN,2024-08-25 09:55,Kuala Lumpur International Airport,KUL,2024-08-25 11:10,75,Malaysia Airlines,Economy,280,60.0,,498,Y,Y,y,1,7,1,23,Brunei International Airport,BWN,Sunday,False,False,False
Singapore Changi Airport,SIN,2024-08-26 21:20,Kuala Lumpur International Airport,KUL,2024-08-26 22:25,65,AirAsia,Economy,695,480.0,True,129,Y,N,N,1,7,0,0,Brunei International Airport,BWN,Monday,False,False,False
Singapore Changi Airport,SIN,2024-08-26 10:30,Kuala Lumpur International Airport,KUL,2024-08-26 11:35,65,AirAsia,Economy,315,100.0,,187,Y,N,N,1,7,0,0,Brunei International Airport,BWN,Monday,False,False,False
Singapore Changi Airport,SIN,2024-08-26 12:10,Brunei International Airport,BWN,2024-08-26 14:20,130,Royal Brunei,Economy,130,,,216,Y,Y,Y,1,7,1,20,Brunei International Airport,BWN,Monday,False,False,False
Singapore Changi Airport,SIN,2024-08-26 09:00,Brunei International Airport,BWN,2024-08-26 11:10,130,Singapore Airlines,Economy,130,,,285,Y,Y,Y,1,7,1,23,Brunei International Airport,BWN,Monday,False,False,False
Singapore Changi Airport,SIN,2024-08-26 14:30,Ninoy Aquino International Airport,MNL,2024-08-26 18:25,235,Philippine Airlines,Economy,550,190.0,,460,Y,Y,Y,1,7,1,30,Brunei International Airport,BWN,Monday,False,False,False
Singapore Changi Airport,SIN,2024-08-26 13:30,Ninoy Aquino International Airport,MNL,2024-08-26 17:25,235,Singapore Airlines,Economy,610,250.0,,492,Y,Y,Y,1,7,1,23,Brunei International Airport,BWN,Monday,False,False,False
Singapore Changi Airport,SIN,2024-08-26 09:55,Kuala Lumpur International Airport,KUL,2024-08-26 11:10,75,Malaysia Airlines,Economy,280,60.0,,533,Y,Y,y,1,7,1,23,Brunei International Airport,BWN,Monday,False,False,False
Singapore Changi Airport,SIN,2024-08-26 21:15,Kuala Lumpur International Airport,KUL,2024-08-26 22:15,60,Malaysia Airlines,Economy,1585,1380.0,True,535,Y,Y,y,1,7,1,23,Brunei International Airport,BWN,Monday,False,False,False
Singapore Changi Airport,SIN,2024-08-26 20:00,Kuala Lumpur International Airport,KUL,2024-08-26 20:55,55,Singapore Airlines,Economy,1660,1460.0,True,542,Y,Y,Y,1,7,1,23,Brunei International Airport,BWN,Monday,False,False,False
Singapore Changi Airport,SIN,2024-08-27 10:30,Kuala Lumpur International Airport,KUL,2024-08-27 11:35,65,AirAsia,Economy,315,100.0,,141,Y,N,N,1,7,0,0,Brunei International Airport,BWN,Tuesday,False,False,False
Singapore Changi Airport,SIN,2024-08-27 12:10,Brunei International Airport,BWN,2024-08-27 14:20,130,Royal Brunei,Economy,130,,,216,Y,Y,Y,1,7,1,20,Brunei International Airport,BWN,Tuesday,False,False,False
Singapore Changi Airport,SIN,2024-08-27 09:00,Brunei International Airport,BWN,2024-08-27 11:10,130,Singapore Airlines,Economy,130,,,285,Y,Y,Y,1,7,1,23,Brunei International Airport,BWN,Tuesday,False,False,False
Singapore Changi Airport,SIN,2024-08-27 21:20,Kuala Lumpur International Airport,KUL,2024-08-27 22:25,65,AirAsia,Economy,695,480.0,True,129,Y,N,N,1,7,0,0,Brunei International Airport,BWN,Tuesday,False,False,False
Singapore Changi Airport,SIN,2024-08-27 21:25,Brunei International Airport,BWN,2024-08-27 23:35,130,Royal Brunei,Economy,130,,,216,Y,Y,Y,1,7,1,20,Brunei International Airport,BWN,Tuesday,False,False,False
Singapore Changi Airport,SIN,2024-08-27 18:30,Kuala Lumpur International Airport,KUL,2024-08-27 19:45,75,Singapore Airlines,Economy,310,90.0,,533,Y,Y,Y,1,7,1,23,Brunei International Airport,BWN,Tuesday,False,False,False
Singapore Changi Airport,SIN,2024-08-28 20:45,Kuala Lumpur International Airport,KUL,2024-08-28 21:55,70,AirAsia,Economy,730,510.0,True,129,Y,N,N,1,7,0,0,Brunei International Airport,BWN,Wednesday,False,False,False
Singapore Changi Airport,SIN,2024-08-28 10:30,Kuala Lumpur International Airport,KUL,2024-08-28 11:35,65,AirAsia,Economy,315,100.0,,141,Y,N,N,1,7,0,0,Brunei International Airport,BWN,Wednesday,False,False,False
Singapore Changi Airport,SIN,2024-08-28 21:20,Kuala Lumpur International Airport,KUL,2024-08-28 22:25,65,AirAsia,Economy,695,480.0,True,141,Y,N,N,1,7,0,0,Brunei International Airport,BWN,Wednesday,False,False,False
Singapore Changi Airport,SIN,2024-08-28 12:10,Brunei International Airport,BWN,2024-08-28 14:20,130,Royal Brunei,Economy,130,,,216,Y,Y,Y,1,7,1,20,Brunei International Airport,BWN,Wednesday,False,False,False
Singapore Changi Airport,SIN,2024-08-28 12:45,Brunei International Airport,BWN,2024-08-28 15:00,135,Singapore Airlines,Economy,135,,,285,Y,Y,Y,1,7,1,23,Brunei International Airport,BWN,Wednesday,False,False,False
Singapore Changi Airport,SIN,2024-08-28 19:50,Ninoy Aquino International Airport,MNL,2024-08-28 23:45,235,Philippine Airlines,Economy,1670,1310.0,True,323,Y,Y,Y,1,7,1,30,Brunei International Airport,BWN,Wednesday,False,False,False
Singapore Changi Airport,SIN,2024-08-28 18:15,Kuala Lumpur International Airport,KUL,2024-08-28 19:25,70,Malaysia Airlines,Economy,325,110.0,,533,Y,Y,y,1,7,1,23,Brunei International Airport,BWN,Wednesday,False,False,False
Singapore Changi Airport,SIN,2024-08-28 18:30,Kuala Lumpur International Airport,KUL,2024-08-28 19:45,75,Singapore Airlines,Economy,310,90.0,,533,Y,Y,Y,1,7,1,23,Brunei International Airport,BWN,Wednesday,False,False,False
Singapore Changi Airport,SIN,2024-08-29 10:30,Kuala Lumpur International Airport,KUL,2024-08-29 11:35,65,AirAsia,Economy,315,100.0,,141,Y,N,N,1,7,0,0,Brunei International Airport,BWN,Thursday,False,False,False
Singapore Changi Airport,SIN,2024-08-29 21:30,Brunei International Airport,BWN,2024-08-29 23:40,130,Royal Brunei,Economy,130,,,216,Y,Y,Y,1,7,1,20,Brunei International Airport,BWN,Thursday,False,False,False
Singapore Changi Airport,SIN,2024-08-29 09:00,Brunei International Airport,BWN,2024-08-29 11:10,130,Singapore Airlines,Economy,130,,,285,Y,Y,Y,1,7,1,23,Brunei International Airport,BWN,Thursday,False,False,False
Singapore Changi Airport,SIN,2024-08-29 23:25,Kuala Lumpur International Airport,KUL,2024-08-30 00:30,65,AirAsia,Economy,570,355.0,True,129,Y,N,N,1,7,0,0,Brunei International Airport,BWN,Thursday,False,False,True
Singapore Changi Airport,SIN,2024-08-29 09:10,Kuala Lumpur International Airport,KUL,2024-08-29 10:10,60,Singapore Airlines,Economy,325,120.0,,464,Y,Y,Y,1,7,1,23,Brunei International Airport,BWN,Thursday,False,False,False
Singapore Changi Airport,SIN,2024-08-29 09:55,Kuala Lumpur International Airport,KUL,2024-08-29 11:10,75,Malaysia Airlines,Economy,280,60.0,,464,Y,Y,y,1,7,1,23,Brunei International Airport,BWN,Thursday,False,False,False
Singapore Changi Airport,SIN,2024-08-30 12:10,Brunei International Airport,BWN,2024-08-30 14:20,130,Royal Brunei,Economy,130,,,216,Y,Y,Y,1,7,1,20,Brunei International Airport,BWN,Friday,False,False,False
Singapore Changi Airport,SIN,2024-08-30 12:45,Brunei International Airport,BWN,2024-08-30 15:00,135,Singapore Airlines,Economy,135,,,292,Y,Y,Y,1,7,1,23,Brunei International Airport,BWN,Friday,False,False,False
Singapore Changi Airport,SIN,2024-08-30 16:10,Kuala Lumpur International Airport,KUL,2024-08-30 17:30,80,AirAsia,Economy,1005,775.0,True,143,Y,N,N,1,7,0,0,Brunei International Airport,BWN,Friday,False,False,False
Singapore Changi Airport,SIN,2024-08-30 23:25,Kuala Lumpur International Airport,KUL,2024-08-31 00:30,65,AirAsia,Economy,570,355.0,True,146,Y,N,N,1,7,0,0,Brunei International Airport,BWN,Friday,False,False,True
Singapore Changi Airport,SIN,2024-08-30 10:30,Kuala Lumpur International Airport,KUL,2024-08-30 11:35,65,AirAsia,Economy,315,100.0,,184,Y,N,N,1,7,0,0,Brunei International Airport,BWN,Friday,False,False,False
Singapore Changi Airport,SIN,2024-08-30 21:25,Brunei International Airport,BWN,2024-08-30 23:35,130,Royal Brunei,Economy,130,,,216,Y,Y,Y,1,7,1,20,Brunei International Airport,BWN,Friday,False,False,False
Singapore Changi Airport,SIN,2024-08-30 09:55,Kuala Lumpur International Airport,KUL,2024-08-30 11:10,75,Malaysia Airlines,Economy,280,60.0,,464,Y,Y,y,1,7,1,23,Brunei International Airport,BWN,Friday,False,False,False
Singapore Changi Airport,SIN,2024-08-31 10:30,Kuala Lumpur International Airport,KUL,2024-08-31 11:35,65,AirAsia,Economy,315,100.0,,141,Y,N,N,1,7,0,0,Brunei International Airport,BWN,Saturday,False,False,False
Singapore Changi Airport,SIN,2024-08-31 21:25,Brunei International Airport,BWN,2024-08-31 23:35,130,Royal Brunei,Economy,130,,,250,Y,Y,Y,1,7,1,20,Brunei International Airport,BWN,Saturday,False,False,False
Singapore Changi Airport,SIN,2024-08-31 09:00,Brunei International Airport,BWN,2024-08-31 11:10,130,Singapore Airlines,Economy,130,,,358,Y,Y,Y,1,7,1,23,Brunei International Airport,BWN,Saturday,False,False,False
Singapore Changi Airport,SIN,2024-08-31 23:25,Kuala Lumpur International Airport,KUL,2024-09-01 00:30,65,AirAsia,Economy,570,355.0,True,141,Y,N,N,1,7,0,0,Brunei International Airport,BWN,Saturday,False,False,True
Singapore Changi Airport,SIN,2024-08-31 09:10,Kuala Lumpur International Airport,KUL,2024-08-31 10:10,60,Singapore Airlines,Economy,325,120.0,,481,Y,Y,Y,1,7,1,23,Brunei International Airport,BWN,Saturday,False,False,False
Singapore Changi Airport,SIN,2024-08-31 09:55,Kuala Lumpur International Airport,KUL,2024-08-31 11:10,75,Malaysia Airlines,Economy,280,60.0,,481,Y,Y,y,1,7,1,23,Brunei International Airport,BWN,Saturday,False,False,False
