Departure Airport Name,Departure Airport ID,Departure Time,Arrival Airport Name,Arrival Airport ID,Arrival Time,Duration,Airline,Travel Class,Total Duration,Layover 1 Duration,Layover 1 Overnight,Price, Cabin Baggage, Checked Baggage,Meal Included,Cabin Baggage (Number),Cabin Baggage (kg per piece),Checked Baggage (Number),Checked Baggage (kg per piece) ,Day of Week (on flight date),Departure Country Is Holiday,Arrival Country Is Holiday,Overnight Flight,Final Arrival Airport Name,Final Arrival Airport ID
Wattay International Airport,VTE,2024-07-01 18:45,Tan Son Nhat International Airport,SGN,2024-07-01 20:45,120,VietJet Air,Economy,120,,,70.0,Y,N,N,1,7,0,0,Monday,False,False,False,Tan Son Nhat International Airport,SGN
Wattay International Airport,VTE,2024-07-01 20:30,Suvarnabhumi Airport,BKK,2024-07-01 21:55,85,THAI,Economy,1355,1180.0,True,319.0,Y,Y,Y,1,7,2,23,Monday,False,False,False,Tan Son Nhat International Airport,SGN
Wattay International Airport,VTE,2024-07-01 21:50,Kunming Changshui International Airport,KMG,2024-07-02 00:25,95,China Eastern,Economy,1220,950.0,True,581.0,Y,Y,Y,1,8,2,23,Monday,False,False,True,Tan Son Nhat International Airport,SGN
Wattay International Airport,VTE,2024-07-01 23:20,Shanghai Pudong International Airport,PVG,2024-07-02 04:30,250,China Eastern,Economy,1575,1045.0,True,646.0,Y,Y,Y,1,8,2,23,Monday,False,False,True,Tan Son Nhat International Airport,SGN
Wattay International Airport,VTE,2024-07-01 11:30,Phnom Penh International Airport,PNH,2024-07-01 13:00,90,Vietnam Airlines,Economy,235,70.0,,,Y,Y,Y,1,10,1,23,Monday,False,False,False,Tan Son Nhat International Airport,SGN
Wattay International Airport,VTE,2024-07-02 07:30,Pakse International Airport,PKZ,2024-07-02 08:45,75,Lao Airlines,Economy,230,60.0,,130.0,Y,Y,Y,1,7,1,20,Tuesday,False,False,False,Tan Son Nhat International Airport,SGN
Wattay International Airport,VTE,2024-07-02 13:40,Suvarnabhumi Airport,BKK,2024-07-02 15:00,80,THAI,Economy,325,155.0,,285.0,Y,Y,Y,1,7,2,23,Tuesday,False,False,False,Tan Son Nhat International Airport,SGN
Wattay International Airport,VTE,2024-07-02 10:40,Kunming Changshui International Airport,KMG,2024-07-02 13:15,95,China Eastern,Economy,450,180.0,,389.0,Y,Y,Y,1,8,2,23,Tuesday,False,False,False,Tan Son Nhat International Airport,SGN
Wattay International Airport,VTE,2024-07-02 20:30,Suvarnabhumi Airport,BKK,2024-07-02 21:55,85,THAI,Economy,755,580.0,True,239.0,Y,Y,Y,1,7,2,23,Tuesday,False,False,False,Tan Son Nhat International Airport,SGN
Wattay International Airport,VTE,2024-07-02 23:20,Shanghai Pudong International Airport,PVG,2024-07-03 04:30,250,China Eastern,Economy,1575,1045.0,True,334.0,Y,Y,Y,1,8,2,23,Tuesday,False,False,True,Tan Son Nhat International Airport,SGN
Wattay International Airport,VTE,2024-07-02 11:30,Phnom Penh International Airport,PNH,2024-07-02 13:00,90,Vietnam Airlines,Economy,235,70.0,,,Y,Y,Y,1,10,1,23,Tuesday,False,False,False,Tan Son Nhat International Airport,SGN
Wattay International Airport,VTE,2024-07-03 18:45,Tan Son Nhat International Airport,SGN,2024-07-03 20:45,120,VietJet Air,Economy,120,,,71.0,Y,N,N,1,7,0,0,Wednesday,False,False,False,Tan Son Nhat International Airport,SGN
Wattay International Airport,VTE,2024-07-03 13:40,Suvarnabhumi Airport,BKK,2024-07-03 15:00,80,THAI,Economy,325,155.0,,229.0,Y,Y,Y,1,7,2,23,Wednesday,False,False,False,Tan Son Nhat International Airport,SGN
Wattay International Airport,VTE,2024-07-03 19:10,Guangzhou Baiyun International Airport,CAN,2024-07-03 22:25,135,China Southern,Economy,385,60.0,,290.0,Y,Y,Y,1,8,1,23,Wednesday,False,False,False,Tan Son Nhat International Airport,SGN
Wattay International Airport,VTE,2024-07-03 20:30,Suvarnabhumi Airport,BKK,2024-07-03 21:55,85,THAI,Economy,755,580.0,True,195.0,Y,Y,Y,1,7,2,23,Wednesday,False,False,False,Tan Son Nhat International Airport,SGN
Wattay International Airport,VTE,2024-07-03 21:50,Kunming Changshui International Airport,KMG,2024-07-04 00:25,95,China Eastern,Economy,1220,950.0,True,395.0,Y,Y,Y,1,8,2,23,Wednesday,False,False,True,Tan Son Nhat International Airport,SGN
Wattay International Airport,VTE,2024-07-03 23:20,Shanghai Pudong International Airport,PVG,2024-07-04 04:30,250,China Eastern,Economy,1575,1065.0,True,422.0,Y,Y,Y,1,8,2,23,Wednesday,False,False,True,Tan Son Nhat International Airport,SGN
Wattay International Airport,VTE,2024-07-03 11:30,Phnom Penh International Airport,PNH,2024-07-03 13:00,90,Vietnam Airlines,Economy,235,70.0,,,Y,Y,Y,1,10,1,23,Wednesday,False,False,False,Tan Son Nhat International Airport,SGN
Wattay International Airport,VTE,2024-07-04 07:30,Pakse International Airport,PKZ,2024-07-04 08:45,75,Lao Airlines,Economy,230,60.0,,150.0,Y,Y,Y,1,7,1,20,Thursday,False,False,False,Tan Son Nhat International Airport,SGN
Wattay International Airport,VTE,2024-07-04 13:40,Suvarnabhumi Airport,BKK,2024-07-04 15:00,80,THAI,Economy,325,155.0,,195.0,Y,Y,Y,1,7,2,23,Thursday,False,False,False,Tan Son Nhat International Airport,SGN
Wattay International Airport,VTE,2024-07-04 10:40,Kunming Changshui International Airport,KMG,2024-07-04 13:15,95,China Eastern,Economy,450,180.0,,244.0,Y,Y,Y,1,8,2,23,Thursday,False,False,False,Tan Son Nhat International Airport,SGN
Wattay International Airport,VTE,2024-07-04 20:30,Suvarnabhumi Airport,BKK,2024-07-04 21:55,85,THAI,Economy,755,580.0,True,195.0,Y,Y,Y,1,7,2,23,Thursday,False,False,False,Tan Son Nhat International Airport,SGN
Wattay International Airport,VTE,2024-07-04 23:20,Shanghai Pudong International Airport,PVG,2024-07-05 04:30,250,China Eastern,Economy,1575,1065.0,True,359.0,Y,Y,Y,1,8,2,23,Thursday,False,False,True,Tan Son Nhat International Airport,SGN
Wattay International Airport,VTE,2024-07-04 11:30,Phnom Penh International Airport,PNH,2024-07-04 13:00,90,Vietnam Airlines,Economy,235,70.0,,,Y,Y,Y,1,10,1,23,Thursday,False,False,False,Tan Son Nhat International Airport,SGN
Wattay International Airport,VTE,2024-07-05 18:45,Tan Son Nhat International Airport,SGN,2024-07-05 20:45,120,VietJet Air,Economy,120,,,70.0,Y,N,N,1,7,0,0,Friday,False,False,False,Tan Son Nhat International Airport,SGN
Wattay International Airport,VTE,2024-07-05 20:30,Suvarnabhumi Airport,BKK,2024-07-05 21:55,85,THAI,Economy,755,580.0,True,239.0,Y,Y,Y,1,7,2,23,Friday,False,False,False,Tan Son Nhat International Airport,SGN
Wattay International Airport,VTE,2024-07-05 19:10,Guangzhou Baiyun International Airport,CAN,2024-07-05 22:25,135,China Southern,Economy,385,60.0,,290.0,Y,Y,Y,1,8,1,23,Friday,False,False,False,Tan Son Nhat International Airport,SGN
Wattay International Airport,VTE,2024-07-05 13:40,Suvarnabhumi Airport,BKK,2024-07-05 15:00,80,THAI,Economy,325,155.0,,362.0,Y,Y,Y,1,7,2,23,Friday,False,False,False,Tan Son Nhat International Airport,SGN
Wattay International Airport,VTE,2024-07-05 23:20,Shanghai Pudong International Airport,PVG,2024-07-06 04:30,250,China Eastern,Economy,1575,1045.0,True,373.0,Y,Y,Y,1,8,2,23,Friday,False,False,True,Tan Son Nhat International Airport,SGN
Wattay International Airport,VTE,2024-07-05 21:50,Kunming Changshui International Airport,KMG,2024-07-06 00:25,95,China Eastern,Economy,1220,950.0,True,581.0,Y,Y,Y,1,8,2,23,Friday,False,False,True,Tan Son Nhat International Airport,SGN
Wattay International Airport,VTE,2024-07-05 11:30,Phnom Penh International Airport,PNH,2024-07-05 13:00,90,Vietnam Airlines,Economy,235,70.0,,,Y,Y,Y,1,10,1,23,Friday,False,False,False,Tan Son Nhat International Airport,SGN
Wattay International Airport,VTE,2024-07-06 07:30,Pakse International Airport,PKZ,2024-07-06 08:45,75,Lao Airlines,Economy,230,60.0,,130.0,Y,Y,Y,1,7,1,20,Saturday,False,False,False,Tan Son Nhat International Airport,SGN
Wattay International Airport,VTE,2024-07-06 13:40,Suvarnabhumi Airport,BKK,2024-07-06 15:00,80,THAI,Economy,325,155.0,,229.0,Y,Y,Y,1,7,2,23,Saturday,False,False,False,Tan Son Nhat International Airport,SGN
Wattay International Airport,VTE,2024-07-06 10:40,Kunming Changshui International Airport,KMG,2024-07-06 13:15,95,China Eastern,Economy,450,180.0,,324.0,Y,Y,Y,1,8,2,23,Saturday,False,False,False,Tan Son Nhat International Airport,SGN
Wattay International Airport,VTE,2024-07-06 20:30,Suvarnabhumi Airport,BKK,2024-07-06 21:55,85,THAI,Economy,755,580.0,True,298.0,Y,Y,Y,1,7,2,23,Saturday,False,False,False,Tan Son Nhat International Airport,SGN
Wattay International Airport,VTE,2024-07-06 23:20,Shanghai Pudong International Airport,PVG,2024-07-07 04:30,250,China Eastern,Economy,1575,1065.0,True,512.0,Y,Y,Y,1,8,2,23,Saturday,False,False,True,Tan Son Nhat International Airport,SGN
Wattay International Airport,VTE,2024-07-06 11:30,Phnom Penh International Airport,PNH,2024-07-06 13:00,90,Vietnam Airlines,Economy,235,70.0,,,Y,Y,Y,1,10,1,23,Saturday,False,False,False,Tan Son Nhat International Airport,SGN
Wattay International Airport,VTE,2024-07-07 18:45,Tan Son Nhat International Airport,SGN,2024-07-07 20:45,120,VietJet Air,Economy,120,,,91.0,Y,N,N,1,7,0,0,Sunday,False,False,False,Tan Son Nhat International Airport,SGN
Wattay International Airport,VTE,2024-07-07 19:10,Guangzhou Baiyun International Airport,CAN,2024-07-07 22:25,135,China Southern,Economy,385,60.0,,290.0,Y,Y,Y,1,8,1,23,Sunday,False,False,False,Tan Son Nhat International Airport,SGN
Wattay International Airport,VTE,2024-07-07 20:30,Suvarnabhumi Airport,BKK,2024-07-07 21:55,85,THAI,Economy,1355,1180.0,True,319.0,Y,Y,Y,1,7,2,23,Sunday,False,False,False,Tan Son Nhat International Airport,SGN
Wattay International Airport,VTE,2024-07-07 23:20,Shanghai Pudong International Airport,PVG,2024-07-08 04:30,250,China Eastern,Economy,1575,1065.0,True,411.0,Y,Y,Y,1,8,2,23,Sunday,False,False,True,Tan Son Nhat International Airport,SGN
Wattay International Airport,VTE,2024-07-07 11:30,Phnom Penh International Airport,PNH,2024-07-07 13:00,90,Vietnam Airlines,Economy,235,70.0,,,Y,Y,Y,1,10,1,23,Sunday,False,False,False,Tan Son Nhat International Airport,SGN
Wattay International Airport,VTE,2024-07-08 18:45,Tan Son Nhat International Airport,SGN,2024-07-08 20:45,120,VietJet Air,Economy,120,,,71.0,Y,N,N,1,7,0,0,Monday,False,False,False,Tan Son Nhat International Airport,SGN
Wattay International Airport,VTE,2024-07-08 13:40,Suvarnabhumi Airport,BKK,2024-07-08 15:00,80,THAI,Economy,325,155.0,,285.0,Y,Y,Y,1,7,2,23,Monday,False,False,False,Tan Son Nhat International Airport,SGN
Wattay International Airport,VTE,2024-07-08 20:30,Suvarnabhumi Airport,BKK,2024-07-08 21:55,85,THAI,Economy,755,580.0,True,229.0,Y,Y,Y,1,7,2,23,Monday,False,False,False,Tan Son Nhat International Airport,SGN
Wattay International Airport,VTE,2024-07-08 21:50,Kunming Changshui International Airport,KMG,2024-07-09 00:25,95,China Eastern,Economy,1220,950.0,True,346.0,Y,Y,Y,1,8,2,23,Monday,False,False,True,Tan Son Nhat International Airport,SGN
Wattay International Airport,VTE,2024-07-08 23:20,Shanghai Pudong International Airport,PVG,2024-07-09 04:30,250,China Eastern,Economy,1575,1045.0,True,373.0,Y,Y,Y,1,8,2,23,Monday,False,False,True,Tan Son Nhat International Airport,SGN
Wattay International Airport,VTE,2024-07-08 11:30,Phnom Penh International Airport,PNH,2024-07-08 13:00,90,Vietnam Airlines,Economy,235,70.0,,,Y,Y,Y,1,10,1,23,Monday,False,False,False,Tan Son Nhat International Airport,SGN
Wattay International Airport,VTE,2024-07-09 07:30,Pakse International Airport,PKZ,2024-07-09 08:45,75,Lao Airlines,Economy,230,60.0,,170.0,Y,Y,Y,1,7,1,20,Tuesday,False,False,False,Tan Son Nhat International Airport,SGN
Wattay International Airport,VTE,2024-07-09 13:40,Suvarnabhumi Airport,BKK,2024-07-09 15:00,80,THAI,Economy,325,155.0,,195.0,Y,Y,Y,1,7,2,23,Tuesday,False,False,False,Tan Son Nhat International Airport,SGN
Wattay International Airport,VTE,2024-07-09 10:40,Kunming Changshui International Airport,KMG,2024-07-09 13:15,95,China Eastern,Economy,450,180.0,,244.0,Y,Y,Y,1,8,2,23,Tuesday,False,False,False,Tan Son Nhat International Airport,SGN
Wattay International Airport,VTE,2024-07-09 20:30,Suvarnabhumi Airport,BKK,2024-07-09 21:55,85,THAI,Economy,1355,1180.0,True,250.0,Y,Y,Y,1,7,2,23,Tuesday,False,False,False,Tan Son Nhat International Airport,SGN
Wattay International Airport,VTE,2024-07-09 20:30,Suvarnabhumi Airport,BKK,2024-07-09 21:55,85,THAI,Economy,755,580.0,True,298.0,Y,Y,Y,1,7,2,23,Tuesday,False,False,False,Tan Son Nhat International Airport,SGN
Wattay International Airport,VTE,2024-07-09 23:20,Shanghai Pudong International Airport,PVG,2024-07-10 04:30,250,China Eastern,Economy,1575,1045.0,True,373.0,Y,Y,Y,1,8,2,23,Tuesday,False,False,True,Tan Son Nhat International Airport,SGN
Wattay International Airport,VTE,2024-07-09 11:30,Phnom Penh International Airport,PNH,2024-07-09 13:00,90,Vietnam Airlines,Economy,235,70.0,,,Y,Y,Y,1,10,1,23,Tuesday,False,False,False,Tan Son Nhat International Airport,SGN
Wattay International Airport,VTE,2024-07-10 18:45,Tan Son Nhat International Airport,SGN,2024-07-10 20:45,120,VietJet Air,Economy,120,,,70.0,Y,N,N,1,7,0,0,Wednesday,False,False,False,Tan Son Nhat International Airport,SGN
Wattay International Airport,VTE,2024-07-10 13:40,Suvarnabhumi Airport,BKK,2024-07-10 15:00,80,THAI,Economy,325,155.0,,195.0,Y,Y,Y,1,7,2,23,Wednesday,False,False,False,Tan Son Nhat International Airport,SGN
Wattay International Airport,VTE,2024-07-10 19:10,Guangzhou Baiyun International Airport,CAN,2024-07-10 22:25,135,China Southern,Economy,385,60.0,,290.0,Y,Y,Y,1,8,1,23,Wednesday,False,False,False,Tan Son Nhat International Airport,SGN
Wattay International Airport,VTE,2024-07-10 20:30,Suvarnabhumi Airport,BKK,2024-07-10 21:55,85,THAI,Economy,755,580.0,True,195.0,Y,Y,Y,1,7,2,23,Wednesday,False,False,False,Tan Son Nhat International Airport,SGN
Wattay International Airport,VTE,2024-07-10 23:20,Shanghai Pudong International Airport,PVG,2024-07-11 04:30,250,China Eastern,Economy,1575,1065.0,True,334.0,Y,Y,Y,1,8,2,23,Wednesday,False,False,True,Tan Son Nhat International Airport,SGN
Wattay International Airport,VTE,2024-07-10 21:50,Kunming Changshui International Airport,KMG,2024-07-11 00:25,95,China Eastern,Economy,1220,950.0,True,346.0,Y,Y,Y,1,8,2,23,Wednesday,False,False,True,Tan Son Nhat International Airport,SGN
Wattay International Airport,VTE,2024-07-10 11:30,Phnom Penh International Airport,PNH,2024-07-10 13:00,90,Vietnam Airlines,Economy,235,70.0,,,Y,Y,Y,1,10,1,23,Wednesday,False,False,False,Tan Son Nhat International Airport,SGN
Wattay International Airport,VTE,2024-07-11 07:30,Pakse International Airport,PKZ,2024-07-11 08:45,75,Lao Airlines,Economy,230,60.0,,130.0,Y,Y,Y,1,7,1,20,Thursday,False,False,False,Tan Son Nhat International Airport,SGN
Wattay International Airport,VTE,2024-07-11 13:40,Suvarnabhumi Airport,BKK,2024-07-11 15:00,80,THAI,Economy,325,155.0,,195.0,Y,Y,Y,1,7,2,23,Thursday,False,False,False,Tan Son Nhat International Airport,SGN
Wattay International Airport,VTE,2024-07-11 10:40,Kunming Changshui International Airport,KMG,2024-07-11 13:15,95,China Eastern,Economy,450,180.0,,275.0,Y,Y,Y,1,8,2,23,Thursday,False,False,False,Tan Son Nhat International Airport,SGN
Wattay International Airport,VTE,2024-07-11 20:30,Suvarnabhumi Airport,BKK,2024-07-11 21:55,85,THAI,Economy,755,580.0,True,195.0,Y,Y,Y,1,7,2,23,Thursday,False,False,False,Tan Son Nhat International Airport,SGN
Wattay International Airport,VTE,2024-07-11 23:20,Shanghai Pudong International Airport,PVG,2024-07-12 04:30,250,China Eastern,Economy,1575,1065.0,True,334.0,Y,Y,Y,1,8,2,23,Thursday,False,False,True,Tan Son Nhat International Airport,SGN
Wattay International Airport,VTE,2024-07-11 11:30,Phnom Penh International Airport,PNH,2024-07-11 13:00,90,Vietnam Airlines,Economy,235,70.0,,,Y,Y,Y,1,10,1,23,Thursday,False,False,False,Tan Son Nhat International Airport,SGN
Wattay International Airport,VTE,2024-07-12 18:45,Tan Son Nhat International Airport,SGN,2024-07-12 20:45,120,VietJet Air,Economy,120,,,76.0,Y,N,N,1,7,0,0,Friday,False,False,False,Tan Son Nhat International Airport,SGN
Wattay International Airport,VTE,2024-07-12 19:10,Guangzhou Baiyun International Airport,CAN,2024-07-12 22:25,135,China Southern,Economy,385,60.0,,290.0,Y,Y,Y,1,8,1,23,Friday,False,False,False,Tan Son Nhat International Airport,SGN
Wattay International Airport,VTE,2024-07-12 13:40,Suvarnabhumi Airport,BKK,2024-07-12 15:00,80,THAI,Economy,325,155.0,,298.0,Y,Y,Y,1,7,2,23,Friday,False,False,False,Tan Son Nhat International Airport,SGN
Wattay International Airport,VTE,2024-07-12 20:30,Suvarnabhumi Airport,BKK,2024-07-12 21:55,85,THAI,Economy,755,580.0,True,195.0,Y,Y,Y,1,7,2,23,Friday,False,False,False,Tan Son Nhat International Airport,SGN
Wattay International Airport,VTE,2024-07-12 21:50,Kunming Changshui International Airport,KMG,2024-07-13 00:25,95,China Eastern,Economy,1220,950.0,True,312.0,Y,Y,Y,1,8,2,23,Friday,False,False,True,Tan Son Nhat International Airport,SGN
Wattay International Airport,VTE,2024-07-12 23:20,Shanghai Pudong International Airport,PVG,2024-07-13 04:30,250,China Eastern,Economy,1575,1045.0,True,380.0,Y,Y,Y,1,8,2,23,Friday,False,False,True,Tan Son Nhat International Airport,SGN
Wattay International Airport,VTE,2024-07-12 11:30,Phnom Penh International Airport,PNH,2024-07-12 13:00,90,Vietnam Airlines,Economy,235,70.0,,,Y,Y,Y,1,10,1,23,Friday,False,False,False,Tan Son Nhat International Airport,SGN
Wattay International Airport,VTE,2024-07-13 07:30,Pakse International Airport,PKZ,2024-07-13 08:45,75,Lao Airlines,Economy,230,60.0,,130.0,Y,Y,Y,1,7,1,20,Saturday,False,False,False,Tan Son Nhat International Airport,SGN
Wattay International Airport,VTE,2024-07-13 13:40,Suvarnabhumi Airport,BKK,2024-07-13 15:00,80,THAI,Economy,325,155.0,,195.0,Y,Y,Y,1,7,2,23,Saturday,False,False,False,Tan Son Nhat International Airport,SGN
Wattay International Airport,VTE,2024-07-13 10:40,Kunming Changshui International Airport,KMG,2024-07-13 13:15,95,China Eastern,Economy,450,180.0,,275.0,Y,Y,Y,1,8,2,23,Saturday,False,False,False,Tan Son Nhat International Airport,SGN
Wattay International Airport,VTE,2024-07-13 20:30,Suvarnabhumi Airport,BKK,2024-07-13 21:55,85,THAI,Economy,755,580.0,True,362.0,Y,Y,Y,1,7,2,23,Saturday,False,False,False,Tan Son Nhat International Airport,SGN
Wattay International Airport,VTE,2024-07-13 23:20,Shanghai Pudong International Airport,PVG,2024-07-14 04:30,250,China Eastern,Economy,1575,1065.0,True,380.0,Y,Y,Y,1,8,2,23,Saturday,False,False,True,Tan Son Nhat International Airport,SGN
Wattay International Airport,VTE,2024-07-13 12:55,Singapore Changi Airport,SIN,2024-07-13 17:05,190,Scoot,Economy,1320,1000.0,True,382.0,Y,N,N,1,7,0,0,Saturday,False,False,False,Tan Son Nhat International Airport,SGN
Wattay International Airport,VTE,2024-07-13 11:30,Phnom Penh International Airport,PNH,2024-07-13 13:00,90,Vietnam Airlines,Economy,235,70.0,,,Y,Y,Y,1,10,1,23,Saturday,False,False,False,Tan Son Nhat International Airport,SGN
Wattay International Airport,VTE,2024-07-14 18:45,Tan Son Nhat International Airport,SGN,2024-07-14 20:45,120,VietJet Air,Economy,120,,,100.0,Y,N,N,1,7,0,0,Sunday,False,False,False,Tan Son Nhat International Airport,SGN
Wattay International Airport,VTE,2024-07-14 19:10,Guangzhou Baiyun International Airport,CAN,2024-07-14 22:25,135,China Southern,Economy,385,60.0,,290.0,Y,Y,Y,1,8,1,23,Sunday,False,False,False,Tan Son Nhat International Airport,SGN
Wattay International Airport,VTE,2024-07-14 20:30,Suvarnabhumi Airport,BKK,2024-07-14 21:55,85,THAI,Economy,755,580.0,True,285.0,Y,Y,Y,1,7,2,23,Sunday,False,False,False,Tan Son Nhat International Airport,SGN
Wattay International Airport,VTE,2024-07-14 23:20,Shanghai Pudong International Airport,PVG,2024-07-15 04:30,250,China Eastern,Economy,1575,1065.0,True,380.0,Y,Y,Y,1,8,2,23,Sunday,False,False,True,Tan Son Nhat International Airport,SGN
Wattay International Airport,VTE,2024-07-14 11:30,Phnom Penh International Airport,PNH,2024-07-14 13:00,90,Vietnam Airlines,Economy,235,70.0,,,Y,Y,Y,1,10,1,23,Sunday,False,False,False,Tan Son Nhat International Airport,SGN
Wattay International Airport,VTE,2024-07-15 18:45,Tan Son Nhat International Airport,SGN,2024-07-15 20:45,120,VietJet Air,Economy,120,,,71.0,Y,N,N,1,7,0,0,Monday,False,False,False,Tan Son Nhat International Airport,SGN
Wattay International Airport,VTE,2024-07-15 13:40,Suvarnabhumi Airport,BKK,2024-07-15 15:00,80,THAI,Economy,325,155.0,,285.0,Y,Y,Y,1,7,2,23,Monday,False,False,False,Tan Son Nhat International Airport,SGN
Wattay International Airport,VTE,2024-07-15 20:30,Suvarnabhumi Airport,BKK,2024-07-15 21:55,85,THAI,Economy,755,580.0,True,229.0,Y,Y,Y,1,7,2,23,Monday,False,False,False,Tan Son Nhat International Airport,SGN
Wattay International Airport,VTE,2024-07-15 21:50,Kunming Changshui International Airport,KMG,2024-07-16 00:25,95,China Eastern,Economy,1220,950.0,True,312.0,Y,Y,Y,1,8,2,23,Monday,False,False,True,Tan Son Nhat International Airport,SGN
Wattay International Airport,VTE,2024-07-15 23:20,Shanghai Pudong International Airport,PVG,2024-07-16 04:30,250,China Eastern,Economy,1575,1045.0,True,380.0,Y,Y,Y,1,8,2,23,Monday,False,False,True,Tan Son Nhat International Airport,SGN
Wattay International Airport,VTE,2024-07-15 11:30,Phnom Penh International Airport,PNH,2024-07-15 13:00,90,Vietnam Airlines,Economy,235,70.0,,,Y,Y,Y,1,10,1,23,Monday,False,False,False,Tan Son Nhat International Airport,SGN
Wattay International Airport,VTE,2024-07-16 07:30,Pakse International Airport,PKZ,2024-07-16 08:45,75,Lao Airlines,Economy,230,60.0,,130.0,Y,Y,Y,1,7,1,20,Tuesday,False,False,False,Tan Son Nhat International Airport,SGN
Wattay International Airport,VTE,2024-07-16 13:40,Suvarnabhumi Airport,BKK,2024-07-16 15:00,80,THAI,Economy,325,155.0,,229.0,Y,Y,Y,1,7,2,23,Tuesday,False,False,False,Tan Son Nhat International Airport,SGN
Wattay International Airport,VTE,2024-07-16 10:40,Kunming Changshui International Airport,KMG,2024-07-16 13:15,95,China Eastern,Economy,450,180.0,,244.0,Y,Y,Y,1,8,2,23,Tuesday,False,False,False,Tan Son Nhat International Airport,SGN
Wattay International Airport,VTE,2024-07-16 20:30,Suvarnabhumi Airport,BKK,2024-07-16 21:55,85,THAI,Economy,755,580.0,True,209.0,Y,Y,Y,1,7,2,23,Tuesday,False,False,False,Tan Son Nhat International Airport,SGN
Wattay International Airport,VTE,2024-07-16 23:20,Shanghai Pudong International Airport,PVG,2024-07-17 04:30,250,China Eastern,Economy,1575,1045.0,True,341.0,Y,Y,Y,1,8,2,23,Tuesday,False,False,True,Tan Son Nhat International Airport,SGN
Wattay International Airport,VTE,2024-07-16 12:55,Singapore Changi Airport,SIN,2024-07-16 17:05,190,Scoot,Economy,1545,1225.0,True,382.0,Y,N,N,1,7,0,0,Tuesday,False,False,False,Tan Son Nhat International Airport,SGN
Wattay International Airport,VTE,2024-07-16 12:55,Singapore Changi Airport,SIN,2024-07-16 17:05,190,Scoot,Economy,1320,1000.0,True,520.0,Y,N,N,1,7,0,0,Tuesday,False,False,False,Tan Son Nhat International Airport,SGN
Wattay International Airport,VTE,2024-07-16 11:30,Phnom Penh International Airport,PNH,2024-07-16 13:00,90,Vietnam Airlines,Economy,235,70.0,,,Y,Y,Y,1,10,1,23,Tuesday,False,False,False,Tan Son Nhat International Airport,SGN
Wattay International Airport,VTE,2024-07-17 18:45,Tan Son Nhat International Airport,SGN,2024-07-17 20:45,120,VietJet Air,Economy,120,,,76.0,Y,N,N,1,7,0,0,Wednesday,False,False,False,Tan Son Nhat International Airport,SGN
Wattay International Airport,VTE,2024-07-17 13:40,Suvarnabhumi Airport,BKK,2024-07-17 15:00,80,THAI,Economy,325,155.0,,239.0,Y,Y,Y,1,7,2,23,Wednesday,False,False,False,Tan Son Nhat International Airport,SGN
Wattay International Airport,VTE,2024-07-17 19:10,Guangzhou Baiyun International Airport,CAN,2024-07-17 22:25,135,China Southern,Economy,385,60.0,,290.0,Y,Y,Y,1,8,1,23,Wednesday,False,False,False,Tan Son Nhat International Airport,SGN
Wattay International Airport,VTE,2024-07-17 20:30,Suvarnabhumi Airport,BKK,2024-07-17 21:55,85,THAI,Economy,755,580.0,True,195.0,Y,Y,Y,1,7,2,23,Wednesday,False,False,False,Tan Son Nhat International Airport,SGN
Wattay International Airport,VTE,2024-07-17 23:20,Shanghai Pudong International Airport,PVG,2024-07-18 04:30,250,China Eastern,Economy,1575,1065.0,True,380.0,Y,Y,Y,1,8,2,23,Wednesday,False,False,True,Tan Son Nhat International Airport,SGN
Wattay International Airport,VTE,2024-07-17 21:50,Kunming Changshui International Airport,KMG,2024-07-18 00:25,95,China Eastern,Economy,1220,950.0,True,395.0,Y,Y,Y,1,8,2,23,Wednesday,False,False,True,Tan Son Nhat International Airport,SGN
Wattay International Airport,VTE,2024-07-17 11:30,Phnom Penh International Airport,PNH,2024-07-17 13:00,90,Vietnam Airlines,Economy,235,70.0,,,Y,Y,Y,1,10,1,23,Wednesday,False,False,False,Tan Son Nhat International Airport,SGN
Wattay International Airport,VTE,2024-07-18 07:30,Pakse International Airport,PKZ,2024-07-18 08:45,75,Lao Airlines,Economy,230,60.0,,130.0,Y,Y,Y,1,7,1,20,Thursday,False,False,False,Tan Son Nhat International Airport,SGN
Wattay International Airport,VTE,2024-07-18 13:40,Suvarnabhumi Airport,BKK,2024-07-18 15:00,80,THAI,Economy,325,155.0,,195.0,Y,Y,Y,1,7,2,23,Thursday,False,False,False,Tan Son Nhat International Airport,SGN
Wattay International Airport,VTE,2024-07-18 10:40,Kunming Changshui International Airport,KMG,2024-07-18 13:15,95,China Eastern,Economy,450,180.0,,244.0,Y,Y,Y,1,8,2,23,Thursday,False,False,False,Tan Son Nhat International Airport,SGN
Wattay International Airport,VTE,2024-07-18 20:30,Suvarnabhumi Airport,BKK,2024-07-18 21:55,85,THAI,Economy,755,580.0,True,239.0,Y,Y,Y,1,7,2,23,Thursday,False,False,False,Tan Son Nhat International Airport,SGN
Wattay International Airport,VTE,2024-07-18 23:20,Shanghai Pudong International Airport,PVG,2024-07-19 04:30,250,China Eastern,Economy,1575,1065.0,True,341.0,Y,Y,Y,1,8,2,23,Thursday,False,False,True,Tan Son Nhat International Airport,SGN
Wattay International Airport,VTE,2024-07-18 11:30,Phnom Penh International Airport,PNH,2024-07-18 13:00,90,Vietnam Airlines,Economy,235,70.0,,,Y,Y,Y,1,10,1,23,Thursday,False,False,False,Tan Son Nhat International Airport,SGN
Wattay International Airport,VTE,2024-07-19 18:45,Tan Son Nhat International Airport,SGN,2024-07-19 20:45,120,VietJet Air,Economy,120,,,83.0,Y,N,N,1,7,0,0,Friday,False,False,False,Tan Son Nhat International Airport,SGN
Wattay International Airport,VTE,2024-07-19 20:30,Suvarnabhumi Airport,BKK,2024-07-19 21:55,85,THAI,Economy,755,580.0,True,285.0,Y,Y,Y,1,7,2,23,Friday,False,False,False,Tan Son Nhat International Airport,SGN
Wattay International Airport,VTE,2024-07-19 19:10,Guangzhou Baiyun International Airport,CAN,2024-07-19 22:25,135,China Southern,Economy,385,60.0,,290.0,Y,Y,Y,1,8,1,23,Friday,False,False,False,Tan Son Nhat International Airport,SGN
Wattay International Airport,VTE,2024-07-19 21:50,Kunming Changshui International Airport,KMG,2024-07-20 00:25,95,China Eastern,Economy,1220,950.0,True,312.0,Y,Y,Y,1,8,2,23,Friday,False,False,True,Tan Son Nhat International Airport,SGN
Wattay International Airport,VTE,2024-07-19 23:20,Shanghai Pudong International Airport,PVG,2024-07-20 04:30,250,China Eastern,Economy,1575,1045.0,True,380.0,Y,Y,Y,1,8,2,23,Friday,False,False,True,Tan Son Nhat International Airport,SGN
Wattay International Airport,VTE,2024-07-19 11:30,Phnom Penh International Airport,PNH,2024-07-19 13:00,90,Vietnam Airlines,Economy,235,70.0,,,Y,Y,Y,1,10,1,23,Friday,False,False,False,Tan Son Nhat International Airport,SGN
Wattay International Airport,VTE,2024-07-20 07:30,Pakse International Airport,PKZ,2024-07-20 08:45,75,Lao Airlines,Economy,230,60.0,,130.0,Y,Y,Y,1,7,1,20,Saturday,True,False,False,Tan Son Nhat International Airport,SGN
Wattay International Airport,VTE,2024-07-20 10:40,Kunming Changshui International Airport,KMG,2024-07-20 13:15,95,China Eastern,Economy,450,180.0,,324.0,Y,Y,Y,1,8,2,23,Saturday,True,False,False,Tan Son Nhat International Airport,SGN
Wattay International Airport,VTE,2024-07-20 13:40,Suvarnabhumi Airport,BKK,2024-07-20 15:00,80,THAI,Economy,325,155.0,,362.0,Y,Y,Y,1,7,2,23,Saturday,True,False,False,Tan Son Nhat International Airport,SGN
Wattay International Airport,VTE,2024-07-20 20:30,Suvarnabhumi Airport,BKK,2024-07-20 21:55,85,THAI,Economy,755,580.0,True,285.0,Y,Y,Y,1,7,2,23,Saturday,True,False,False,Tan Son Nhat International Airport,SGN
Wattay International Airport,VTE,2024-07-20 23:20,Shanghai Pudong International Airport,PVG,2024-07-21 04:30,250,China Eastern,Economy,1575,1065.0,True,380.0,Y,Y,Y,1,8,2,23,Saturday,True,False,True,Tan Son Nhat International Airport,SGN
Wattay International Airport,VTE,2024-07-20 11:30,Phnom Penh International Airport,PNH,2024-07-20 13:00,90,Vietnam Airlines,Economy,235,70.0,,,Y,Y,Y,1,10,1,23,Saturday,True,False,False,Tan Son Nhat International Airport,SGN
Wattay International Airport,VTE,2024-07-21 18:45,Tan Son Nhat International Airport,SGN,2024-07-21 20:45,120,VietJet Air,Economy,120,,,111.0,Y,N,N,1,7,0,0,Sunday,False,False,False,Tan Son Nhat International Airport,SGN
Wattay International Airport,VTE,2024-07-21 20:30,Suvarnabhumi Airport,BKK,2024-07-21 21:55,85,THAI,Economy,755,580.0,True,229.0,Y,Y,Y,1,7,2,23,Sunday,False,False,False,Tan Son Nhat International Airport,SGN
Wattay International Airport,VTE,2024-07-21 19:10,Guangzhou Baiyun International Airport,CAN,2024-07-21 22:25,135,China Southern,Economy,385,60.0,,290.0,Y,Y,Y,1,8,1,23,Sunday,False,False,False,Tan Son Nhat International Airport,SGN
Wattay International Airport,VTE,2024-07-21 23:20,Shanghai Pudong International Airport,PVG,2024-07-22 04:30,250,China Eastern,Economy,1575,1065.0,True,380.0,Y,Y,Y,1,8,2,23,Sunday,False,False,True,Tan Son Nhat International Airport,SGN
Wattay International Airport,VTE,2024-07-21 11:30,Phnom Penh International Airport,PNH,2024-07-21 13:00,90,Vietnam Airlines,Economy,235,70.0,,,Y,Y,Y,1,10,1,23,Sunday,False,False,False,Tan Son Nhat International Airport,SGN
Wattay International Airport,VTE,2024-07-22 18:45,Tan Son Nhat International Airport,SGN,2024-07-22 20:45,120,VietJet Air,Economy,120,,,71.0,Y,N,N,1,7,0,0,Monday,False,False,False,Tan Son Nhat International Airport,SGN
Wattay International Airport,VTE,2024-07-22 20:30,Suvarnabhumi Airport,BKK,2024-07-22 21:55,85,THAI,Economy,755,580.0,True,195.0,Y,Y,Y,1,7,2,23,Monday,False,False,False,Tan Son Nhat International Airport,SGN
Wattay International Airport,VTE,2024-07-22 21:50,Kunming Changshui International Airport,KMG,2024-07-23 00:25,95,China Eastern,Economy,1220,950.0,True,312.0,Y,Y,Y,1,8,2,23,Monday,False,False,True,Tan Son Nhat International Airport,SGN
Wattay International Airport,VTE,2024-07-22 23:20,Shanghai Pudong International Airport,PVG,2024-07-23 04:30,250,China Eastern,Economy,1575,1045.0,True,411.0,Y,Y,Y,1,8,2,23,Monday,False,False,True,Tan Son Nhat International Airport,SGN
Wattay International Airport,VTE,2024-07-22 11:30,Phnom Penh International Airport,PNH,2024-07-22 13:00,90,Vietnam Airlines,Economy,235,70.0,,,Y,Y,Y,1,10,1,23,Monday,False,False,False,Tan Son Nhat International Airport,SGN
Wattay International Airport,VTE,2024-07-23 07:30,Pakse International Airport,PKZ,2024-07-23 08:45,75,Lao Airlines,Economy,230,60.0,,130.0,Y,Y,Y,1,7,1,20,Tuesday,False,False,False,Tan Son Nhat International Airport,SGN
Wattay International Airport,VTE,2024-07-23 13:40,Suvarnabhumi Airport,BKK,2024-07-23 15:00,80,THAI,Economy,325,155.0,,195.0,Y,Y,Y,1,7,2,23,Tuesday,False,False,False,Tan Son Nhat International Airport,SGN
Wattay International Airport,VTE,2024-07-23 10:40,Kunming Changshui International Airport,KMG,2024-07-23 13:15,95,China Eastern,Economy,450,180.0,,244.0,Y,Y,Y,1,8,2,23,Tuesday,False,False,False,Tan Son Nhat International Airport,SGN
Wattay International Airport,VTE,2024-07-23 20:30,Suvarnabhumi Airport,BKK,2024-07-23 21:55,85,THAI,Economy,755,580.0,True,209.0,Y,Y,Y,1,7,2,23,Tuesday,False,False,False,Tan Son Nhat International Airport,SGN
Wattay International Airport,VTE,2024-07-23 23:20,Shanghai Pudong International Airport,PVG,2024-07-24 04:30,250,China Eastern,Economy,1575,1045.0,True,380.0,Y,Y,Y,1,8,2,23,Tuesday,False,False,True,Tan Son Nhat International Airport,SGN
Wattay International Airport,VTE,2024-07-23 12:55,Singapore Changi Airport,SIN,2024-07-23 17:05,190,Scoot,Economy,1545,1225.0,True,382.0,Y,N,N,1,7,0,0,Tuesday,False,False,False,Tan Son Nhat International Airport,SGN
Wattay International Airport,VTE,2024-07-23 12:55,Singapore Changi Airport,SIN,2024-07-23 17:05,190,Scoot,Economy,1320,1000.0,True,401.0,Y,N,N,1,7,0,0,Tuesday,False,False,False,Tan Son Nhat International Airport,SGN
Wattay International Airport,VTE,2024-07-23 11:30,Phnom Penh International Airport,PNH,2024-07-23 13:00,90,Vietnam Airlines,Economy,235,70.0,,,Y,Y,Y,1,10,1,23,Tuesday,False,False,False,Tan Son Nhat International Airport,SGN
Wattay International Airport,VTE,2024-07-24 18:45,Tan Son Nhat International Airport,SGN,2024-07-24 20:45,120,VietJet Air,Economy,120,,,70.0,Y,N,N,1,7,0,0,Wednesday,False,False,False,Tan Son Nhat International Airport,SGN
Wattay International Airport,VTE,2024-07-24 13:40,Suvarnabhumi Airport,BKK,2024-07-24 15:00,80,THAI,Economy,325,155.0,,195.0,Y,Y,Y,1,7,2,23,Wednesday,False,False,False,Tan Son Nhat International Airport,SGN
Wattay International Airport,VTE,2024-07-24 19:10,Guangzhou Baiyun International Airport,CAN,2024-07-24 22:25,135,China Southern,Economy,385,60.0,,290.0,Y,Y,Y,1,8,1,23,Wednesday,False,False,False,Tan Son Nhat International Airport,SGN
Wattay International Airport,VTE,2024-07-24 20:30,Suvarnabhumi Airport,BKK,2024-07-24 21:55,85,THAI,Economy,755,580.0,True,195.0,Y,Y,Y,1,7,2,23,Wednesday,False,False,False,Tan Son Nhat International Airport,SGN
Wattay International Airport,VTE,2024-07-24 21:50,Kunming Changshui International Airport,KMG,2024-07-25 00:25,95,China Eastern,Economy,1220,950.0,True,312.0,Y,Y,Y,1,8,2,23,Wednesday,False,False,True,Tan Son Nhat International Airport,SGN
Wattay International Airport,VTE,2024-07-24 23:20,Shanghai Pudong International Airport,PVG,2024-07-25 04:30,250,China Eastern,Economy,1575,1065.0,True,380.0,Y,Y,Y,1,8,2,23,Wednesday,False,False,True,Tan Son Nhat International Airport,SGN
Wattay International Airport,VTE,2024-07-24 11:30,Phnom Penh International Airport,PNH,2024-07-24 13:00,90,Vietnam Airlines,Economy,235,70.0,,,Y,Y,Y,1,10,1,23,Wednesday,False,False,False,Tan Son Nhat International Airport,SGN
Wattay International Airport,VTE,2024-07-25 07:30,Pakse International Airport,PKZ,2024-07-25 08:45,75,Lao Airlines,Economy,230,60.0,,130.0,Y,Y,Y,1,7,1,20,Thursday,False,False,False,Tan Son Nhat International Airport,SGN
Wattay International Airport,VTE,2024-07-25 10:40,Kunming Changshui International Airport,KMG,2024-07-25 13:15,95,China Eastern,Economy,450,180.0,,244.0,Y,Y,Y,1,8,2,23,Thursday,False,False,False,Tan Son Nhat International Airport,SGN
Wattay International Airport,VTE,2024-07-25 13:40,Suvarnabhumi Airport,BKK,2024-07-25 15:00,80,THAI,Economy,325,155.0,,298.0,Y,Y,Y,1,7,2,23,Thursday,False,False,False,Tan Son Nhat International Airport,SGN
Wattay International Airport,VTE,2024-07-25 20:30,Suvarnabhumi Airport,BKK,2024-07-25 21:55,85,THAI,Economy,755,580.0,True,195.0,Y,Y,Y,1,7,2,23,Thursday,False,False,False,Tan Son Nhat International Airport,SGN
Wattay International Airport,VTE,2024-07-25 23:20,Shanghai Pudong International Airport,PVG,2024-07-26 04:30,250,China Eastern,Economy,1575,1065.0,True,380.0,Y,Y,Y,1,8,2,23,Thursday,False,False,True,Tan Son Nhat International Airport,SGN
Wattay International Airport,VTE,2024-07-25 11:30,Phnom Penh International Airport,PNH,2024-07-25 13:00,90,Vietnam Airlines,Economy,235,70.0,,,Y,Y,Y,1,10,1,23,Thursday,False,False,False,Tan Son Nhat International Airport,SGN
Wattay International Airport,VTE,2024-07-26 18:45,Tan Son Nhat International Airport,SGN,2024-07-26 20:45,120,VietJet Air,Economy,120,,,71.0,Y,N,N,1,7,0,0,Friday,False,False,False,Tan Son Nhat International Airport,SGN
Wattay International Airport,VTE,2024-07-26 13:40,Suvarnabhumi Airport,BKK,2024-07-26 15:00,80,THAI,Economy,325,155.0,,229.0,Y,Y,Y,1,7,2,23,Friday,False,False,False,Tan Son Nhat International Airport,SGN
Wattay International Airport,VTE,2024-07-26 19:10,Guangzhou Baiyun International Airport,CAN,2024-07-26 22:25,135,China Southern,Economy,385,60.0,,290.0,Y,Y,Y,1,8,1,23,Friday,False,False,False,Tan Son Nhat International Airport,SGN
Wattay International Airport,VTE,2024-07-26 21:50,Kunming Changshui International Airport,KMG,2024-07-27 00:25,95,China Eastern,Economy,1220,950.0,True,312.0,Y,Y,Y,1,8,2,23,Friday,False,False,True,Tan Son Nhat International Airport,SGN
Wattay International Airport,VTE,2024-07-26 23:20,Shanghai Pudong International Airport,PVG,2024-07-27 04:30,250,China Eastern,Economy,1575,1045.0,True,380.0,Y,Y,Y,1,8,2,23,Friday,False,False,True,Tan Son Nhat International Airport,SGN
Wattay International Airport,VTE,2024-07-26 11:30,Phnom Penh International Airport,PNH,2024-07-26 13:00,90,Vietnam Airlines,Economy,235,70.0,,,Y,Y,Y,1,10,1,23,Friday,False,False,False,Tan Son Nhat International Airport,SGN
Wattay International Airport,VTE,2024-07-27 07:30,Pakse International Airport,PKZ,2024-07-27 08:45,75,Lao Airlines,Economy,230,60.0,,130.0,Y,Y,Y,1,7,1,20,Saturday,False,False,False,Tan Son Nhat International Airport,SGN
Wattay International Airport,VTE,2024-07-27 10:40,Kunming Changshui International Airport,KMG,2024-07-27 13:15,95,China Eastern,Economy,450,180.0,,275.0,Y,Y,Y,1,8,2,23,Saturday,False,False,False,Tan Son Nhat International Airport,SGN
Wattay International Airport,VTE,2024-07-27 20:30,Suvarnabhumi Airport,BKK,2024-07-27 21:55,85,THAI,Economy,755,580.0,True,229.0,Y,Y,Y,1,7,2,23,Saturday,False,False,False,Tan Son Nhat International Airport,SGN
Wattay International Airport,VTE,2024-07-27 23:20,Shanghai Pudong International Airport,PVG,2024-07-28 04:30,250,China Eastern,Economy,1575,1065.0,True,380.0,Y,Y,Y,1,8,2,23,Saturday,False,False,True,Tan Son Nhat International Airport,SGN
Wattay International Airport,VTE,2024-07-27 12:55,Singapore Changi Airport,SIN,2024-07-27 17:05,190,Scoot,Economy,1320,1000.0,True,382.0,Y,N,N,1,7,0,0,Saturday,False,False,False,Tan Son Nhat International Airport,SGN
Wattay International Airport,VTE,2024-07-27 11:30,Phnom Penh International Airport,PNH,2024-07-27 13:00,90,Vietnam Airlines,Economy,235,70.0,,,Y,Y,Y,1,10,1,23,Saturday,False,False,False,Tan Son Nhat International Airport,SGN
Wattay International Airport,VTE,2024-07-28 18:45,Tan Son Nhat International Airport,SGN,2024-07-28 20:45,120,VietJet Air,Economy,120,,,91.0,Y,N,N,1,7,0,0,Sunday,False,False,False,Tan Son Nhat International Airport,SGN
Wattay International Airport,VTE,2024-07-28 20:30,Suvarnabhumi Airport,BKK,2024-07-28 21:55,85,THAI,Economy,755,580.0,True,209.0,Y,Y,Y,1,7,2,23,Sunday,False,False,False,Tan Son Nhat International Airport,SGN
Wattay International Airport,VTE,2024-07-28 19:10,Guangzhou Baiyun International Airport,CAN,2024-07-28 22:25,135,China Southern,Economy,385,60.0,,290.0,Y,Y,Y,1,8,1,23,Sunday,False,False,False,Tan Son Nhat International Airport,SGN
Wattay International Airport,VTE,2024-07-28 23:20,Shanghai Pudong International Airport,PVG,2024-07-29 04:30,250,China Eastern,Economy,1575,1065.0,True,411.0,Y,Y,Y,1,8,2,23,Sunday,False,False,True,Tan Son Nhat International Airport,SGN
Wattay International Airport,VTE,2024-07-28 11:30,Phnom Penh International Airport,PNH,2024-07-28 13:00,90,Vietnam Airlines,Economy,235,70.0,,,Y,Y,Y,1,10,1,23,Sunday,False,False,False,Tan Son Nhat International Airport,SGN
Wattay International Airport,VTE,2024-07-29 18:45,Tan Son Nhat International Airport,SGN,2024-07-29 20:45,120,VietJet Air,Economy,120,,,83.0,Y,N,N,1,7,0,0,Monday,False,False,False,Tan Son Nhat International Airport,SGN
Wattay International Airport,VTE,2024-07-29 13:40,Suvarnabhumi Airport,BKK,2024-07-29 15:00,80,THAI,Economy,325,155.0,,362.0,Y,Y,Y,1,7,2,23,Monday,False,False,False,Tan Son Nhat International Airport,SGN
Wattay International Airport,VTE,2024-07-29 20:30,Suvarnabhumi Airport,BKK,2024-07-29 21:55,85,THAI,Economy,755,580.0,True,195.0,Y,Y,Y,1,7,2,23,Monday,False,False,False,Tan Son Nhat International Airport,SGN
Wattay International Airport,VTE,2024-07-29 21:50,Kunming Changshui International Airport,KMG,2024-07-30 00:25,95,China Eastern,Economy,1220,950.0,True,312.0,Y,Y,Y,1,8,2,23,Monday,False,False,True,Tan Son Nhat International Airport,SGN
Wattay International Airport,VTE,2024-07-29 23:20,Shanghai Pudong International Airport,PVG,2024-07-30 04:30,250,China Eastern,Economy,1575,1045.0,True,380.0,Y,Y,Y,1,8,2,23,Monday,False,False,True,Tan Son Nhat International Airport,SGN
Wattay International Airport,VTE,2024-07-29 11:30,Phnom Penh International Airport,PNH,2024-07-29 13:00,90,Vietnam Airlines,Economy,235,70.0,,,Y,Y,Y,1,10,1,23,Monday,False,False,False,Tan Son Nhat International Airport,SGN
Wattay International Airport,VTE,2024-07-30 07:30,Pakse International Airport,PKZ,2024-07-30 08:45,75,Lao Airlines,Economy,230,60.0,,130.0,Y,Y,Y,1,7,1,20,Tuesday,False,False,False,Tan Son Nhat International Airport,SGN
Wattay International Airport,VTE,2024-07-30 13:40,Suvarnabhumi Airport,BKK,2024-07-30 15:00,80,THAI,Economy,325,155.0,,239.0,Y,Y,Y,1,7,2,23,Tuesday,False,False,False,Tan Son Nhat International Airport,SGN
Wattay International Airport,VTE,2024-07-30 10:40,Kunming Changshui International Airport,KMG,2024-07-30 13:15,95,China Eastern,Economy,450,180.0,,244.0,Y,Y,Y,1,8,2,23,Tuesday,False,False,False,Tan Son Nhat International Airport,SGN
Wattay International Airport,VTE,2024-07-30 20:30,Suvarnabhumi Airport,BKK,2024-07-30 21:55,85,THAI,Economy,755,580.0,True,209.0,Y,Y,Y,1,7,2,23,Tuesday,False,False,False,Tan Son Nhat International Airport,SGN
Wattay International Airport,VTE,2024-07-30 23:20,Shanghai Pudong International Airport,PVG,2024-07-31 04:30,250,China Eastern,Economy,1575,1045.0,True,380.0,Y,Y,Y,1,8,2,23,Tuesday,False,False,True,Tan Son Nhat International Airport,SGN
Wattay International Airport,VTE,2024-07-30 12:55,Singapore Changi Airport,SIN,2024-07-30 17:05,190,Scoot,Economy,1545,1225.0,True,382.0,Y,N,N,1,7,0,0,Tuesday,False,False,False,Tan Son Nhat International Airport,SGN
Wattay International Airport,VTE,2024-07-30 12:55,Singapore Changi Airport,SIN,2024-07-30 17:05,190,Scoot,Economy,1320,1000.0,True,401.0,Y,N,N,1,7,0,0,Tuesday,False,False,False,Tan Son Nhat International Airport,SGN
Wattay International Airport,VTE,2024-07-30 11:30,Phnom Penh International Airport,PNH,2024-07-30 13:00,90,Vietnam Airlines,Economy,235,70.0,,,Y,Y,Y,1,10,1,23,Tuesday,False,False,False,Tan Son Nhat International Airport,SGN
Wattay International Airport,VTE,2024-07-31 18:45,Tan Son Nhat International Airport,SGN,2024-07-31 20:45,120,VietJet Air,Economy,120,,,70.0,Y,N,N,1,7,0,0,Wednesday,False,False,False,Tan Son Nhat International Airport,SGN
Wattay International Airport,VTE,2024-07-31 13:40,Suvarnabhumi Airport,BKK,2024-07-31 15:00,80,THAI,Economy,325,155.0,,195.0,Y,Y,Y,1,7,2,23,Wednesday,False,False,False,Tan Son Nhat International Airport,SGN
Wattay International Airport,VTE,2024-07-31 19:10,Guangzhou Baiyun International Airport,CAN,2024-07-31 22:25,135,China Southern,Economy,385,60.0,,290.0,Y,Y,Y,1,8,1,23,Wednesday,False,False,False,Tan Son Nhat International Airport,SGN
Wattay International Airport,VTE,2024-07-31 20:30,Suvarnabhumi Airport,BKK,2024-07-31 21:55,85,THAI,Economy,755,580.0,True,195.0,Y,Y,Y,1,7,2,23,Wednesday,False,False,False,Tan Son Nhat International Airport,SGN
Wattay International Airport,VTE,2024-07-31 21:50,Kunming Changshui International Airport,KMG,2024-08-01 00:25,95,China Eastern,Economy,1220,950.0,True,312.0,Y,Y,Y,1,8,2,23,Wednesday,False,False,True,Tan Son Nhat International Airport,SGN
Wattay International Airport,VTE,2024-07-31 23:20,Shanghai Pudong International Airport,PVG,2024-08-01 04:30,250,China Eastern,Economy,1575,1065.0,True,380.0,Y,Y,Y,1,8,2,23,Wednesday,False,False,True,Tan Son Nhat International Airport,SGN
Wattay International Airport,VTE,2024-07-31 11:30,Phnom Penh International Airport,PNH,2024-07-31 13:00,90,Vietnam Airlines,Economy,235,70.0,,,Y,Y,Y,1,10,1,23,Wednesday,False,False,False,Tan Son Nhat International Airport,SGN
Wattay International Airport,VTE,2024-08-01 07:30,Pakse International Airport,PKZ,2024-08-01 08:45,75,Lao Airlines,Economy,230,60.0,,130.0,Y,Y,Y,1,7,1,20,Thursday,False,False,False,Tan Son Nhat International Airport,SGN
Wattay International Airport,VTE,2024-08-01 10:40,Kunming Changshui International Airport,KMG,2024-08-01 13:15,95,China Eastern,Economy,450,180.0,,325.0,Y,Y,Y,1,8,2,23,Thursday,False,False,False,Tan Son Nhat International Airport,SGN
Wattay International Airport,VTE,2024-08-01 23:20,Shanghai Pudong International Airport,PVG,2024-08-02 04:30,250,China Eastern,Economy,1575,1065.0,True,322.0,Y,Y,Y,1,8,2,23,Thursday,False,False,True,Tan Son Nhat International Airport,SGN
Wattay International Airport,VTE,2024-08-01 12:55,Singapore Changi Airport,SIN,2024-08-01 17:05,190,Scoot,Economy,1320,1000.0,True,402.0,Y,N,N,1,7,0,0,Thursday,False,False,False,Tan Son Nhat International Airport,SGN
Wattay International Airport,VTE,2024-08-01 13:30,Suvarnabhumi Airport,BKK,2024-08-01 14:50,80,THAI,Economy,335,165.0,,885.0,Y,Y,Y,1,7,2,23,Thursday,False,False,False,Tan Son Nhat International Airport,SGN
Wattay International Airport,VTE,2024-08-01 20:30,Suvarnabhumi Airport,BKK,2024-08-01 21:55,85,THAI,Economy,755,580.0,True,885.0,Y,Y,Y,1,7,2,23,Thursday,False,False,False,Tan Son Nhat International Airport,SGN
Wattay International Airport,VTE,2024-08-01 11:30,Phnom Penh International Airport,PNH,2024-08-01 13:00,90,Vietnam Airlines,Economy,235,70.0,,,Y,Y,Y,1,10,1,23,Thursday,False,False,False,Tan Son Nhat International Airport,SGN
Wattay International Airport,VTE,2024-08-02 18:45,Tan Son Nhat International Airport,SGN,2024-08-02 20:45,120,Vietjet,Economy,120,,,76.0,Y,N,N,1,7,0,0,Friday,False,False,False,Tan Son Nhat International Airport,SGN
Wattay International Airport,VTE,2024-08-02 21:50,Kunming Changshui International Airport,KMG,2024-08-03 00:25,95,China Eastern,Economy,1220,950.0,True,312.0,Y,Y,Y,1,8,2,23,Friday,False,False,True,Tan Son Nhat International Airport,SGN
Wattay International Airport,VTE,2024-08-02 19:10,Guangzhou Baiyun International Airport,CAN,2024-08-02 22:25,135,China Southern,Economy,385,60.0,,318.0,Y,Y,Y,1,8,1,23,Friday,False,False,False,Tan Son Nhat International Airport,SGN
Wattay International Airport,VTE,2024-08-02 23:20,Shanghai Pudong International Airport,PVG,2024-08-03 04:30,250,China Eastern,Economy,1575,1045.0,True,322.0,Y,Y,Y,1,8,2,23,Friday,False,False,True,Tan Son Nhat International Airport,SGN
Wattay International Airport,VTE,2024-08-02 13:30,Suvarnabhumi Airport,BKK,2024-08-02 14:50,80,THAI,Economy,335,165.0,,885.0,Y,Y,Y,1,7,2,23,Friday,False,False,False,Tan Son Nhat International Airport,SGN
Wattay International Airport,VTE,2024-08-02 20:30,Suvarnabhumi Airport,BKK,2024-08-02 21:55,85,THAI,Economy,755,580.0,True,885.0,Y,Y,Y,1,7,2,23,Friday,False,False,False,Tan Son Nhat International Airport,SGN
Wattay International Airport,VTE,2024-08-02 11:30,Phnom Penh International Airport,PNH,2024-08-02 13:00,90,Vietnam Airlines,Economy,235,70.0,,,Y,Y,Y,1,10,1,23,Friday,False,False,False,Tan Son Nhat International Airport,SGN
Wattay International Airport,VTE,2024-08-03 07:30,Pakse International Airport,PKZ,2024-08-03 08:45,75,Lao Airlines,Economy,230,60.0,,130.0,Y,Y,Y,1,7,1,20,Saturday,False,False,False,Tan Son Nhat International Airport,SGN
Wattay International Airport,VTE,2024-08-03 10:40,Kunming Changshui International Airport,KMG,2024-08-03 13:15,95,China Eastern,Economy,450,180.0,,325.0,Y,Y,Y,1,8,2,23,Saturday,False,False,False,Tan Son Nhat International Airport,SGN
Wattay International Airport,VTE,2024-08-03 23:20,Shanghai Pudong International Airport,PVG,2024-08-04 04:30,250,China Eastern,Economy,1575,1065.0,True,381.0,Y,Y,Y,1,8,2,23,Saturday,False,False,True,Tan Son Nhat International Airport,SGN
Wattay International Airport,VTE,2024-08-03 12:55,Singapore Changi Airport,SIN,2024-08-03 17:05,190,Scoot,Economy,1320,1000.0,True,383.0,Y,N,N,1,7,0,0,Saturday,False,False,False,Tan Son Nhat International Airport,SGN
Wattay International Airport,VTE,2024-08-03 13:30,Suvarnabhumi Airport,BKK,2024-08-03 14:50,80,THAI,Economy,335,165.0,,885.0,Y,Y,Y,1,7,2,23,Saturday,False,False,False,Tan Son Nhat International Airport,SGN
Wattay International Airport,VTE,2024-08-03 20:30,Suvarnabhumi Airport,BKK,2024-08-03 21:55,85,THAI,Economy,755,580.0,True,885.0,Y,Y,Y,1,7,2,23,Saturday,False,False,False,Tan Son Nhat International Airport,SGN
Wattay International Airport,VTE,2024-08-03 11:30,Phnom Penh International Airport,PNH,2024-08-03 13:00,90,Vietnam Airlines,Economy,235,70.0,,,Y,Y,Y,1,10,1,23,Saturday,False,False,False,Tan Son Nhat International Airport,SGN
Wattay International Airport,VTE,2024-08-04 18:45,Tan Son Nhat International Airport,SGN,2024-08-04 20:45,120,Vietjet,Economy,120,,,71.0,Y,N,N,1,7,0,0,Sunday,False,False,False,Tan Son Nhat International Airport,SGN
Wattay International Airport,VTE,2024-08-04 19:10,Guangzhou Baiyun International Airport,CAN,2024-08-04 22:25,135,China Southern,Economy,385,60.0,,318.0,Y,Y,Y,1,8,1,23,Sunday,False,False,False,Tan Son Nhat International Airport,SGN
Wattay International Airport,VTE,2024-08-04 23:20,Shanghai Pudong International Airport,PVG,2024-08-05 04:30,250,China Eastern,Economy,1575,1065.0,True,412.0,Y,Y,Y,1,8,2,23,Sunday,False,False,True,Tan Son Nhat International Airport,SGN
Wattay International Airport,VTE,2024-08-04 13:30,Suvarnabhumi Airport,BKK,2024-08-04 14:50,80,THAI,Economy,335,165.0,,885.0,Y,Y,Y,1,7,2,23,Sunday,False,False,False,Tan Son Nhat International Airport,SGN
Wattay International Airport,VTE,2024-08-04 20:30,Suvarnabhumi Airport,BKK,2024-08-04 21:55,85,THAI,Economy,755,580.0,True,885.0,Y,Y,Y,1,7,2,23,Sunday,False,False,False,Tan Son Nhat International Airport,SGN
Wattay International Airport,VTE,2024-08-04 11:30,Phnom Penh International Airport,PNH,2024-08-04 13:00,90,Vietnam Airlines,Economy,235,70.0,,,Y,Y,Y,1,10,1,23,Sunday,False,False,False,Tan Son Nhat International Airport,SGN
Wattay International Airport,VTE,2024-08-05 18:45,Tan Son Nhat International Airport,SGN,2024-08-05 20:45,120,Vietjet,Economy,120,,,67.0,Y,N,N,1,7,0,0,Monday,False,False,False,Tan Son Nhat International Airport,SGN
Wattay International Airport,VTE,2024-08-05 21:50,Kunming Changshui International Airport,KMG,2024-08-06 00:25,95,China Eastern,Economy,1220,950.0,True,276.0,Y,Y,Y,1,8,2,23,Monday,False,False,True,Tan Son Nhat International Airport,SGN
Wattay International Airport,VTE,2024-08-05 23:20,Shanghai Pudong International Airport,PVG,2024-08-06 04:30,250,China Eastern,Economy,1575,1045.0,True,530.0,Y,Y,Y,1,8,2,23,Monday,False,False,True,Tan Son Nhat International Airport,SGN
Wattay International Airport,VTE,2024-08-05 13:30,Suvarnabhumi Airport,BKK,2024-08-05 14:50,80,THAI,Economy,335,165.0,,885.0,Y,Y,Y,1,7,2,23,Monday,False,False,False,Tan Son Nhat International Airport,SGN
Wattay International Airport,VTE,2024-08-05 20:30,Suvarnabhumi Airport,BKK,2024-08-05 21:55,85,THAI,Economy,755,580.0,True,885.0,Y,Y,Y,1,7,2,23,Monday,False,False,False,Tan Son Nhat International Airport,SGN
Wattay International Airport,VTE,2024-08-05 11:30,Phnom Penh International Airport,PNH,2024-08-05 13:00,90,Vietnam Airlines,Economy,235,70.0,,,Y,Y,Y,1,10,1,23,Monday,False,False,False,Tan Son Nhat International Airport,SGN
Wattay International Airport,VTE,2024-08-06 07:30,Pakse International Airport,PKZ,2024-08-06 08:45,75,Lao Airlines,Economy,230,60.0,,130.0,Y,Y,Y,1,7,1,20,Tuesday,False,False,False,Tan Son Nhat International Airport,SGN
Wattay International Airport,VTE,2024-08-06 10:40,Kunming Changshui International Airport,KMG,2024-08-06 13:15,95,China Eastern,Economy,450,180.0,,276.0,Y,Y,Y,1,8,2,23,Tuesday,False,False,False,Tan Son Nhat International Airport,SGN
Wattay International Airport,VTE,2024-08-06 23:20,Shanghai Pudong International Airport,PVG,2024-08-07 04:30,250,China Eastern,Economy,1575,1045.0,True,322.0,Y,Y,Y,1,8,2,23,Tuesday,False,False,True,Tan Son Nhat International Airport,SGN
Wattay International Airport,VTE,2024-08-06 12:55,Singapore Changi Airport,SIN,2024-08-06 17:05,190,Scoot,Economy,1320,1000.0,True,402.0,Y,N,N,1,7,0,0,Tuesday,False,False,False,Tan Son Nhat International Airport,SGN
Wattay International Airport,VTE,2024-08-06 13:30,Suvarnabhumi Airport,BKK,2024-08-06 14:50,80,THAI,Economy,335,165.0,,885.0,Y,Y,Y,1,7,2,23,Tuesday,False,False,False,Tan Son Nhat International Airport,SGN
Wattay International Airport,VTE,2024-08-06 20:30,Suvarnabhumi Airport,BKK,2024-08-06 21:55,85,THAI,Economy,755,580.0,True,885.0,Y,Y,Y,1,7,2,23,Tuesday,False,False,False,Tan Son Nhat International Airport,SGN
Wattay International Airport,VTE,2024-08-06 11:30,Phnom Penh International Airport,PNH,2024-08-06 13:00,90,Vietnam Airlines,Economy,235,70.0,,,Y,Y,Y,1,10,1,23,Tuesday,False,False,False,Tan Son Nhat International Airport,SGN
Wattay International Airport,VTE,2024-08-07 18:45,Tan Son Nhat International Airport,SGN,2024-08-07 20:45,120,Vietjet,Economy,120,,,63.0,Y,N,N,1,7,0,0,Wednesday,False,False,False,Tan Son Nhat International Airport,SGN
Wattay International Airport,VTE,2024-08-07 19:10,Guangzhou Baiyun International Airport,CAN,2024-08-07 22:25,135,China Southern,Economy,385,60.0,,318.0,Y,Y,Y,1,8,1,23,Wednesday,False,False,False,Tan Son Nhat International Airport,SGN
Wattay International Airport,VTE,2024-08-07 23:20,Shanghai Pudong International Airport,PVG,2024-08-08 04:30,250,China Eastern,Economy,1575,1065.0,True,381.0,Y,Y,Y,1,8,2,23,Wednesday,False,False,True,Tan Son Nhat International Airport,SGN
Wattay International Airport,VTE,2024-08-07 21:50,Kunming Changshui International Airport,KMG,2024-08-08 00:25,95,China Eastern,Economy,1220,950.0,True,396.0,Y,Y,Y,1,8,2,23,Wednesday,False,False,True,Tan Son Nhat International Airport,SGN
Wattay International Airport,VTE,2024-08-07 13:30,Suvarnabhumi Airport,BKK,2024-08-07 14:50,80,THAI,Economy,335,165.0,,885.0,Y,Y,Y,1,7,2,23,Wednesday,False,False,False,Tan Son Nhat International Airport,SGN
Wattay International Airport,VTE,2024-08-07 20:30,Suvarnabhumi Airport,BKK,2024-08-07 21:55,85,THAI,Economy,755,580.0,True,885.0,Y,Y,Y,1,7,2,23,Wednesday,False,False,False,Tan Son Nhat International Airport,SGN
Wattay International Airport,VTE,2024-08-07 11:30,Phnom Penh International Airport,PNH,2024-08-07 13:00,90,Vietnam Airlines,Economy,235,70.0,,,Y,Y,Y,1,10,1,23,Wednesday,False,False,False,Tan Son Nhat International Airport,SGN
Wattay International Airport,VTE,2024-08-08 07:30,Pakse International Airport,PKZ,2024-08-08 08:45,75,Lao Airlines,Economy,230,60.0,,130.0,Y,Y,Y,1,7,1,20,Thursday,False,False,False,Tan Son Nhat International Airport,SGN
Wattay International Airport,VTE,2024-08-08 10:40,Kunming Changshui International Airport,KMG,2024-08-08 13:15,95,China Eastern,Economy,450,180.0,,276.0,Y,Y,Y,1,8,2,23,Thursday,False,False,False,Tan Son Nhat International Airport,SGN
Wattay International Airport,VTE,2024-08-08 23:20,Shanghai Pudong International Airport,PVG,2024-08-09 04:30,250,China Eastern,Economy,1575,1065.0,True,322.0,Y,Y,Y,1,8,2,23,Thursday,False,False,True,Tan Son Nhat International Airport,SGN
Wattay International Airport,VTE,2024-08-08 12:55,Singapore Changi Airport,SIN,2024-08-08 17:05,190,Scoot,Economy,1770,1450.0,True,425.0,Y,N,N,1,7,0,0,Thursday,False,False,False,Tan Son Nhat International Airport,SGN
Wattay International Airport,VTE,2024-08-08 12:55,Singapore Changi Airport,SIN,2024-08-08 17:05,190,Scoot,Economy,1320,1000.0,True,567.0,Y,N,N,1,7,0,0,Thursday,False,False,False,Tan Son Nhat International Airport,SGN
Wattay International Airport,VTE,2024-08-08 13:30,Suvarnabhumi Airport,BKK,2024-08-08 14:50,80,THAI,Economy,335,165.0,,885.0,Y,Y,Y,1,7,2,23,Thursday,False,False,False,Tan Son Nhat International Airport,SGN
Wattay International Airport,VTE,2024-08-08 20:30,Suvarnabhumi Airport,BKK,2024-08-08 21:55,85,THAI,Economy,755,580.0,True,885.0,Y,Y,Y,1,7,2,23,Thursday,False,False,False,Tan Son Nhat International Airport,SGN
Wattay International Airport,VTE,2024-08-08 11:30,Phnom Penh International Airport,PNH,2024-08-08 13:00,90,Vietnam Airlines,Economy,235,70.0,,,Y,Y,Y,1,10,1,23,Thursday,False,False,False,Tan Son Nhat International Airport,SGN
Wattay International Airport,VTE,2024-08-09 18:45,Tan Son Nhat International Airport,SGN,2024-08-09 20:45,120,Vietjet,Economy,120,,,67.0,Y,N,N,1,7,0,0,Friday,False,False,False,Tan Son Nhat International Airport,SGN
Wattay International Airport,VTE,2024-08-09 21:50,Kunming Changshui International Airport,KMG,2024-08-10 00:25,95,China Eastern,Economy,1220,950.0,True,312.0,Y,Y,Y,1,8,2,23,Friday,False,False,True,Tan Son Nhat International Airport,SGN
Wattay International Airport,VTE,2024-08-09 19:10,Guangzhou Baiyun International Airport,CAN,2024-08-09 22:25,135,China Southern,Economy,385,60.0,,318.0,Y,Y,Y,1,8,1,23,Friday,False,False,False,Tan Son Nhat International Airport,SGN
Wattay International Airport,VTE,2024-08-09 23:20,Shanghai Pudong International Airport,PVG,2024-08-10 04:30,250,China Eastern,Economy,1575,1045.0,True,381.0,Y,Y,Y,1,8,2,23,Friday,False,False,True,Tan Son Nhat International Airport,SGN
Wattay International Airport,VTE,2024-08-09 13:30,Suvarnabhumi Airport,BKK,2024-08-09 14:50,80,THAI,Economy,335,165.0,,885.0,Y,Y,Y,1,7,2,23,Friday,False,False,False,Tan Son Nhat International Airport,SGN
Wattay International Airport,VTE,2024-08-09 20:30,Suvarnabhumi Airport,BKK,2024-08-09 21:55,85,THAI,Economy,755,580.0,True,885.0,Y,Y,Y,1,7,2,23,Friday,False,False,False,Tan Son Nhat International Airport,SGN
Wattay International Airport,VTE,2024-08-09 11:30,Phnom Penh International Airport,PNH,2024-08-09 13:00,90,Vietnam Airlines,Economy,235,70.0,,,Y,Y,Y,1,10,1,23,Friday,False,False,False,Tan Son Nhat International Airport,SGN
Wattay International Airport,VTE,2024-08-10 07:30,Pakse International Airport,PKZ,2024-08-10 08:45,75,Lao Airlines,Economy,230,60.0,,130.0,Y,Y,Y,1,7,1,20,Saturday,False,False,False,Tan Son Nhat International Airport,SGN
Wattay International Airport,VTE,2024-08-10 10:40,Kunming Changshui International Airport,KMG,2024-08-10 13:15,95,China Eastern,Economy,450,180.0,,276.0,Y,Y,Y,1,8,2,23,Saturday,False,False,False,Tan Son Nhat International Airport,SGN
Wattay International Airport,VTE,2024-08-10 23:20,Shanghai Pudong International Airport,PVG,2024-08-11 04:30,250,China Eastern,Economy,1575,1065.0,True,381.0,Y,Y,Y,1,8,2,23,Saturday,False,False,True,Tan Son Nhat International Airport,SGN
Wattay International Airport,VTE,2024-08-10 12:55,Singapore Changi Airport,SIN,2024-08-10 17:05,190,Scoot,Economy,1770,1450.0,True,489.0,Y,N,N,1,7,0,0,Saturday,False,False,False,Tan Son Nhat International Airport,SGN
Wattay International Airport,VTE,2024-08-10 12:55,Singapore Changi Airport,SIN,2024-08-10 17:05,190,Scoot,Economy,1320,1000.0,True,521.0,Y,N,N,1,7,0,0,Saturday,False,False,False,Tan Son Nhat International Airport,SGN
Wattay International Airport,VTE,2024-08-10 13:30,Suvarnabhumi Airport,BKK,2024-08-10 14:50,80,THAI,Economy,335,165.0,,885.0,Y,Y,Y,1,7,2,23,Saturday,False,False,False,Tan Son Nhat International Airport,SGN
Wattay International Airport,VTE,2024-08-10 20:30,Suvarnabhumi Airport,BKK,2024-08-10 21:55,85,THAI,Economy,755,580.0,True,885.0,Y,Y,Y,1,7,2,23,Saturday,False,False,False,Tan Son Nhat International Airport,SGN
Wattay International Airport,VTE,2024-08-10 11:30,Phnom Penh International Airport,PNH,2024-08-10 13:00,90,Vietnam Airlines,Economy,235,70.0,,,Y,Y,Y,1,10,1,23,Saturday,False,False,False,Tan Son Nhat International Airport,SGN
Wattay International Airport,VTE,2024-08-11 18:45,Tan Son Nhat International Airport,SGN,2024-08-11 20:45,120,Vietjet,Economy,120,,,76.0,Y,N,N,1,7,0,0,Sunday,False,False,False,Tan Son Nhat International Airport,SGN
Wattay International Airport,VTE,2024-08-11 19:10,Guangzhou Baiyun International Airport,CAN,2024-08-11 22:25,135,China Southern,Economy,385,60.0,,318.0,Y,Y,Y,1,8,1,23,Sunday,False,False,False,Tan Son Nhat International Airport,SGN
Wattay International Airport,VTE,2024-08-11 23:20,Shanghai Pudong International Airport,PVG,2024-08-12 04:30,250,China Eastern,Economy,1575,1065.0,True,322.0,Y,Y,Y,1,8,2,23,Sunday,False,False,True,Tan Son Nhat International Airport,SGN
Wattay International Airport,VTE,2024-08-11 13:30,Suvarnabhumi Airport,BKK,2024-08-11 14:50,80,THAI,Economy,335,165.0,,885.0,Y,Y,Y,1,7,2,23,Sunday,False,False,False,Tan Son Nhat International Airport,SGN
Wattay International Airport,VTE,2024-08-11 20:30,Suvarnabhumi Airport,BKK,2024-08-11 21:55,85,THAI,Economy,755,580.0,True,885.0,Y,Y,Y,1,7,2,23,Sunday,False,False,False,Tan Son Nhat International Airport,SGN
Wattay International Airport,VTE,2024-08-11 11:30,Phnom Penh International Airport,PNH,2024-08-11 13:00,90,Vietnam Airlines,Economy,235,70.0,,,Y,Y,Y,1,10,1,23,Sunday,False,False,False,Tan Son Nhat International Airport,SGN
Wattay International Airport,VTE,2024-08-12 18:45,Tan Son Nhat International Airport,SGN,2024-08-12 20:45,120,Vietjet,Economy,120,,,63.0,Y,N,N,1,7,0,0,Monday,False,False,False,Tan Son Nhat International Airport,SGN
Wattay International Airport,VTE,2024-08-12 21:50,Kunming Changshui International Airport,KMG,2024-08-13 00:25,95,China Eastern,Economy,1220,950.0,True,347.0,Y,Y,Y,1,8,2,23,Monday,False,False,True,Tan Son Nhat International Airport,SGN
Wattay International Airport,VTE,2024-08-12 23:20,Shanghai Pudong International Airport,PVG,2024-08-13 04:30,250,China Eastern,Economy,1575,1045.0,True,412.0,Y,Y,Y,1,8,2,23,Monday,False,False,True,Tan Son Nhat International Airport,SGN
Wattay International Airport,VTE,2024-08-12 13:30,Suvarnabhumi Airport,BKK,2024-08-12 14:50,80,THAI,Economy,335,165.0,,885.0,Y,Y,Y,1,7,2,23,Monday,False,False,False,Tan Son Nhat International Airport,SGN
Wattay International Airport,VTE,2024-08-12 20:30,Suvarnabhumi Airport,BKK,2024-08-12 21:55,85,THAI,Economy,755,580.0,True,885.0,Y,Y,Y,1,7,2,23,Monday,False,False,False,Tan Son Nhat International Airport,SGN
Wattay International Airport,VTE,2024-08-12 11:30,Phnom Penh International Airport,PNH,2024-08-12 13:00,90,Vietnam Airlines,Economy,235,70.0,,,Y,Y,Y,1,10,1,23,Monday,False,False,False,Tan Son Nhat International Airport,SGN
Wattay International Airport,VTE,2024-08-13 07:30,Pakse International Airport,PKZ,2024-08-13 08:45,75,Lao Airlines,Economy,230,60.0,,130.0,Y,Y,Y,1,7,1,20,Tuesday,False,False,False,Tan Son Nhat International Airport,SGN
Wattay International Airport,VTE,2024-08-13 10:40,Kunming Changshui International Airport,KMG,2024-08-13 13:15,95,China Eastern,Economy,450,180.0,,276.0,Y,Y,Y,1,8,2,23,Tuesday,False,False,False,Tan Son Nhat International Airport,SGN
Wattay International Airport,VTE,2024-08-13 23:20,Shanghai Pudong International Airport,PVG,2024-08-14 04:30,250,China Eastern,Economy,1575,1045.0,True,381.0,Y,Y,Y,1,8,2,23,Tuesday,False,False,True,Tan Son Nhat International Airport,SGN
Wattay International Airport,VTE,2024-08-13 12:55,Singapore Changi Airport,SIN,2024-08-13 17:05,190,Scoot,Economy,1320,1000.0,True,521.0,Y,N,N,1,7,0,0,Tuesday,False,False,False,Tan Son Nhat International Airport,SGN
Wattay International Airport,VTE,2024-08-13 13:30,Suvarnabhumi Airport,BKK,2024-08-13 14:50,80,THAI,Economy,335,165.0,,885.0,Y,Y,Y,1,7,2,23,Tuesday,False,False,False,Tan Son Nhat International Airport,SGN
Wattay International Airport,VTE,2024-08-13 20:30,Suvarnabhumi Airport,BKK,2024-08-13 21:55,85,THAI,Economy,755,580.0,True,885.0,Y,Y,Y,1,7,2,23,Tuesday,False,False,False,Tan Son Nhat International Airport,SGN
Wattay International Airport,VTE,2024-08-13 11:30,Phnom Penh International Airport,PNH,2024-08-13 13:00,90,Vietnam Airlines,Economy,235,70.0,,,Y,Y,Y,1,10,1,23,Tuesday,False,False,False,Tan Son Nhat International Airport,SGN
Wattay International Airport,VTE,2024-08-14 18:45,Tan Son Nhat International Airport,SGN,2024-08-14 20:45,120,Vietjet,Economy,120,,,63.0,Y,N,N,1,7,0,0,Wednesday,False,False,False,Tan Son Nhat International Airport,SGN
Wattay International Airport,VTE,2024-08-14 21:50,Kunming Changshui International Airport,KMG,2024-08-15 00:25,95,China Eastern,Economy,1220,950.0,True,312.0,Y,Y,Y,1,8,2,23,Wednesday,False,False,True,Tan Son Nhat International Airport,SGN
Wattay International Airport,VTE,2024-08-14 19:10,Guangzhou Baiyun International Airport,CAN,2024-08-14 22:25,135,China Southern,Economy,385,60.0,,318.0,Y,Y,Y,1,8,1,23,Wednesday,False,False,False,Tan Son Nhat International Airport,SGN
Wattay International Airport,VTE,2024-08-14 23:20,Shanghai Pudong International Airport,PVG,2024-08-15 04:30,250,China Eastern,Economy,1575,1065.0,True,381.0,Y,Y,Y,1,8,2,23,Wednesday,False,False,True,Tan Son Nhat International Airport,SGN
Wattay International Airport,VTE,2024-08-14 13:30,Suvarnabhumi Airport,BKK,2024-08-14 14:50,80,THAI,Economy,335,165.0,,885.0,Y,Y,Y,1,7,2,23,Wednesday,False,False,False,Tan Son Nhat International Airport,SGN
Wattay International Airport,VTE,2024-08-14 20:30,Suvarnabhumi Airport,BKK,2024-08-14 21:55,85,THAI,Economy,755,580.0,True,885.0,Y,Y,Y,1,7,2,23,Wednesday,False,False,False,Tan Son Nhat International Airport,SGN
Wattay International Airport,VTE,2024-08-14 11:30,Phnom Penh International Airport,PNH,2024-08-14 13:00,90,Vietnam Airlines,Economy,235,70.0,,,Y,Y,Y,1,10,1,23,Wednesday,False,False,False,Tan Son Nhat International Airport,SGN
Wattay International Airport,VTE,2024-08-15 07:30,Pakse International Airport,PKZ,2024-08-15 08:45,75,Lao Airlines,Economy,230,60.0,,130.0,Y,Y,Y,1,7,1,20,Thursday,False,False,False,Tan Son Nhat International Airport,SGN
Wattay International Airport,VTE,2024-08-15 10:40,Kunming Changshui International Airport,KMG,2024-08-15 13:15,95,China Eastern,Economy,450,180.0,,276.0,Y,Y,Y,1,8,2,23,Thursday,False,False,False,Tan Son Nhat International Airport,SGN
Wattay International Airport,VTE,2024-08-15 23:20,Shanghai Pudong International Airport,PVG,2024-08-16 04:30,250,China Eastern,Economy,1575,1065.0,True,381.0,Y,Y,Y,1,8,2,23,Thursday,False,False,True,Tan Son Nhat International Airport,SGN
Wattay International Airport,VTE,2024-08-15 12:55,Singapore Changi Airport,SIN,2024-08-15 17:05,190,Scoot,Economy,1545,1225.0,True,383.0,Y,N,N,1,7,0,0,Thursday,False,False,False,Tan Son Nhat International Airport,SGN
Wattay International Airport,VTE,2024-08-15 12:55,Singapore Changi Airport,SIN,2024-08-15 17:05,190,Scoot,Economy,1320,1000.0,True,402.0,Y,N,N,1,7,0,0,Thursday,False,False,False,Tan Son Nhat International Airport,SGN
Wattay International Airport,VTE,2024-08-15 13:30,Suvarnabhumi Airport,BKK,2024-08-15 14:50,80,THAI,Economy,335,165.0,,885.0,Y,Y,Y,1,7,2,23,Thursday,False,False,False,Tan Son Nhat International Airport,SGN
Wattay International Airport,VTE,2024-08-15 20:30,Suvarnabhumi Airport,BKK,2024-08-15 21:55,85,THAI,Economy,755,580.0,True,885.0,Y,Y,Y,1,7,2,23,Thursday,False,False,False,Tan Son Nhat International Airport,SGN
Wattay International Airport,VTE,2024-08-15 11:30,Phnom Penh International Airport,PNH,2024-08-15 13:00,90,Vietnam Airlines,Economy,235,70.0,,,Y,Y,Y,1,10,1,23,Thursday,False,False,False,Tan Son Nhat International Airport,SGN
Wattay International Airport,VTE,2024-08-16 18:45,Tan Son Nhat International Airport,SGN,2024-08-16 20:45,120,Vietjet,Economy,120,,,63.0,Y,N,N,1,7,0,0,Friday,False,False,False,Tan Son Nhat International Airport,SGN
Wattay International Airport,VTE,2024-08-16 21:50,Kunming Changshui International Airport,KMG,2024-08-17 00:25,95,China Eastern,Economy,1220,950.0,True,312.0,Y,Y,Y,1,8,2,23,Friday,False,False,True,Tan Son Nhat International Airport,SGN
Wattay International Airport,VTE,2024-08-16 19:10,Guangzhou Baiyun International Airport,CAN,2024-08-16 22:25,135,China Southern,Economy,385,60.0,,318.0,Y,Y,Y,1,8,1,23,Friday,False,False,False,Tan Son Nhat International Airport,SGN
Wattay International Airport,VTE,2024-08-16 23:20,Shanghai Pudong International Airport,PVG,2024-08-17 04:30,250,China Eastern,Economy,1575,1045.0,True,482.0,Y,Y,Y,1,8,2,23,Friday,False,False,True,Tan Son Nhat International Airport,SGN
Wattay International Airport,VTE,2024-08-16 13:30,Suvarnabhumi Airport,BKK,2024-08-16 14:50,80,THAI,Economy,335,165.0,,885.0,Y,Y,Y,1,7,2,23,Friday,False,False,False,Tan Son Nhat International Airport,SGN
Wattay International Airport,VTE,2024-08-16 20:30,Suvarnabhumi Airport,BKK,2024-08-16 21:55,85,THAI,Economy,755,580.0,True,885.0,Y,Y,Y,1,7,2,23,Friday,False,False,False,Tan Son Nhat International Airport,SGN
Wattay International Airport,VTE,2024-08-16 11:30,Phnom Penh International Airport,PNH,2024-08-16 13:00,90,Vietnam Airlines,Economy,235,70.0,,,Y,Y,Y,1,10,1,23,Friday,False,False,False,Tan Son Nhat International Airport,SGN
Wattay International Airport,VTE,2024-08-17 07:30,Pakse International Airport,PKZ,2024-08-17 08:45,75,Lao Airlines,Economy,230,60.0,,130.0,Y,Y,Y,1,7,1,20,Saturday,False,False,False,Tan Son Nhat International Airport,SGN
Wattay International Airport,VTE,2024-08-17 10:40,Kunming Changshui International Airport,KMG,2024-08-17 13:15,95,China Eastern,Economy,450,180.0,,276.0,Y,Y,Y,1,8,2,23,Saturday,False,False,False,Tan Son Nhat International Airport,SGN
Wattay International Airport,VTE,2024-08-17 12:55,Singapore Changi Airport,SIN,2024-08-17 17:05,190,Scoot,Economy,1320,1000.0,True,383.0,Y,N,N,1,7,0,0,Saturday,False,False,False,Tan Son Nhat International Airport,SGN
Wattay International Airport,VTE,2024-08-17 23:20,Shanghai Pudong International Airport,PVG,2024-08-18 04:30,250,China Eastern,Economy,1575,1065.0,True,412.0,Y,Y,Y,1,8,2,23,Saturday,False,False,True,Tan Son Nhat International Airport,SGN
Wattay International Airport,VTE,2024-08-17 13:30,Suvarnabhumi Airport,BKK,2024-08-17 14:50,80,THAI,Economy,335,165.0,,885.0,Y,Y,Y,1,7,2,23,Saturday,False,False,False,Tan Son Nhat International Airport,SGN
Wattay International Airport,VTE,2024-08-17 20:30,Suvarnabhumi Airport,BKK,2024-08-17 21:55,85,THAI,Economy,755,580.0,True,885.0,Y,Y,Y,1,7,2,23,Saturday,False,False,False,Tan Son Nhat International Airport,SGN
Wattay International Airport,VTE,2024-08-17 11:30,Phnom Penh International Airport,PNH,2024-08-17 13:00,90,Vietnam Airlines,Economy,235,70.0,,,Y,Y,Y,1,10,1,23,Saturday,False,False,False,Tan Son Nhat International Airport,SGN
Wattay International Airport,VTE,2024-08-18 18:45,Tan Son Nhat International Airport,SGN,2024-08-18 20:45,120,Vietjet,Economy,120,,,76.0,Y,N,N,1,7,0,0,Sunday,False,False,False,Tan Son Nhat International Airport,SGN
Wattay International Airport,VTE,2024-08-18 19:10,Guangzhou Baiyun International Airport,CAN,2024-08-18 22:25,135,China Southern,Economy,385,60.0,,318.0,Y,Y,Y,1,8,1,23,Sunday,False,False,False,Tan Son Nhat International Airport,SGN
Wattay International Airport,VTE,2024-08-18 23:20,Shanghai Pudong International Airport,PVG,2024-08-19 04:30,250,China Eastern,Economy,1575,1065.0,True,381.0,Y,Y,Y,1,8,2,23,Sunday,False,False,True,Tan Son Nhat International Airport,SGN
Wattay International Airport,VTE,2024-08-18 13:30,Suvarnabhumi Airport,BKK,2024-08-18 14:50,80,THAI,Economy,335,165.0,,885.0,Y,Y,Y,1,7,2,23,Sunday,False,False,False,Tan Son Nhat International Airport,SGN
Wattay International Airport,VTE,2024-08-18 20:30,Suvarnabhumi Airport,BKK,2024-08-18 21:55,85,THAI,Economy,755,580.0,True,885.0,Y,Y,Y,1,7,2,23,Sunday,False,False,False,Tan Son Nhat International Airport,SGN
Wattay International Airport,VTE,2024-08-18 11:30,Phnom Penh International Airport,PNH,2024-08-18 13:00,90,Vietnam Airlines,Economy,235,70.0,,,Y,Y,Y,1,10,1,23,Sunday,False,False,False,Tan Son Nhat International Airport,SGN
Wattay International Airport,VTE,2024-08-19 18:45,Tan Son Nhat International Airport,SGN,2024-08-19 20:45,120,Vietjet,Economy,120,,,67.0,Y,N,N,1,7,0,0,Monday,False,False,False,Tan Son Nhat International Airport,SGN
Wattay International Airport,VTE,2024-08-19 21:50,Kunming Changshui International Airport,KMG,2024-08-20 00:25,95,China Eastern,Economy,1220,950.0,True,347.0,Y,Y,Y,1,8,2,23,Monday,False,False,True,Tan Son Nhat International Airport,SGN
Wattay International Airport,VTE,2024-08-19 23:20,Shanghai Pudong International Airport,PVG,2024-08-20 04:30,250,China Eastern,Economy,1575,1045.0,True,381.0,Y,Y,Y,1,8,2,23,Monday,False,False,True,Tan Son Nhat International Airport,SGN
Wattay International Airport,VTE,2024-08-19 13:30,Suvarnabhumi Airport,BKK,2024-08-19 14:50,80,THAI,Economy,335,165.0,,885.0,Y,Y,Y,1,7,2,23,Monday,False,False,False,Tan Son Nhat International Airport,SGN
Wattay International Airport,VTE,2024-08-19 20:30,Suvarnabhumi Airport,BKK,2024-08-19 21:55,85,THAI,Economy,755,580.0,True,885.0,Y,Y,Y,1,7,2,23,Monday,False,False,False,Tan Son Nhat International Airport,SGN
Wattay International Airport,VTE,2024-08-19 11:30,Phnom Penh International Airport,PNH,2024-08-19 13:00,90,Vietnam Airlines,Economy,235,70.0,,,Y,Y,Y,1,10,1,23,Monday,False,False,False,Tan Son Nhat International Airport,SGN
Wattay International Airport,VTE,2024-08-20 07:30,Pakse International Airport,PKZ,2024-08-20 08:45,75,Lao Airlines,Economy,230,60.0,,130.0,Y,Y,Y,1,7,1,20,Tuesday,False,False,False,Tan Son Nhat International Airport,SGN
Wattay International Airport,VTE,2024-08-20 10:40,Kunming Changshui International Airport,KMG,2024-08-20 13:15,95,China Eastern,Economy,450,180.0,,276.0,Y,Y,Y,1,8,2,23,Tuesday,False,False,False,Tan Son Nhat International Airport,SGN
Wattay International Airport,VTE,2024-08-20 23:20,Shanghai Pudong International Airport,PVG,2024-08-21 04:30,250,China Eastern,Economy,1575,1045.0,True,381.0,Y,Y,Y,1,8,2,23,Tuesday,False,False,True,Tan Son Nhat International Airport,SGN
Wattay International Airport,VTE,2024-08-20 12:55,Singapore Changi Airport,SIN,2024-08-20 17:05,190,Scoot,Economy,1320,1000.0,True,383.0,Y,N,N,1,7,0,0,Tuesday,False,False,False,Tan Son Nhat International Airport,SGN
Wattay International Airport,VTE,2024-08-20 13:30,Suvarnabhumi Airport,BKK,2024-08-20 14:50,80,THAI,Economy,335,165.0,,885.0,Y,Y,Y,1,7,2,23,Tuesday,False,False,False,Tan Son Nhat International Airport,SGN
Wattay International Airport,VTE,2024-08-20 20:30,Suvarnabhumi Airport,BKK,2024-08-20 21:55,85,THAI,Economy,755,580.0,True,885.0,Y,Y,Y,1,7,2,23,Tuesday,False,False,False,Tan Son Nhat International Airport,SGN
Wattay International Airport,VTE,2024-08-20 11:30,Phnom Penh International Airport,PNH,2024-08-20 13:00,90,Vietnam Airlines,Economy,235,70.0,,,Y,Y,Y,1,10,1,23,Tuesday,False,False,False,Tan Son Nhat International Airport,SGN
Wattay International Airport,VTE,2024-08-21 18:45,Tan Son Nhat International Airport,SGN,2024-08-21 20:45,120,Vietjet,Economy,120,,,63.0,Y,N,N,1,7,0,0,Wednesday,False,False,False,Tan Son Nhat International Airport,SGN
Wattay International Airport,VTE,2024-08-21 21:50,Kunming Changshui International Airport,KMG,2024-08-22 00:25,95,China Eastern,Economy,1220,950.0,True,312.0,Y,Y,Y,1,8,2,23,Wednesday,False,False,True,Tan Son Nhat International Airport,SGN
Wattay International Airport,VTE,2024-08-21 19:10,Guangzhou Baiyun International Airport,CAN,2024-08-21 22:25,135,China Southern,Economy,385,60.0,,318.0,Y,Y,Y,1,8,1,23,Wednesday,False,False,False,Tan Son Nhat International Airport,SGN
Wattay International Airport,VTE,2024-08-21 23:20,Shanghai Pudong International Airport,PVG,2024-08-22 04:30,250,China Eastern,Economy,1575,1065.0,True,374.0,Y,Y,Y,1,8,2,23,Wednesday,False,False,True,Tan Son Nhat International Airport,SGN
Wattay International Airport,VTE,2024-08-21 13:30,Suvarnabhumi Airport,BKK,2024-08-21 14:50,80,THAI,Economy,335,165.0,,885.0,Y,Y,Y,1,7,2,23,Wednesday,False,False,False,Tan Son Nhat International Airport,SGN
Wattay International Airport,VTE,2024-08-21 20:30,Suvarnabhumi Airport,BKK,2024-08-21 21:55,85,THAI,Economy,755,580.0,True,885.0,Y,Y,Y,1,7,2,23,Wednesday,False,False,False,Tan Son Nhat International Airport,SGN
Wattay International Airport,VTE,2024-08-21 11:30,Phnom Penh International Airport,PNH,2024-08-21 13:00,90,Vietnam Airlines,Economy,235,70.0,,,Y,Y,Y,1,10,1,23,Wednesday,False,False,False,Tan Son Nhat International Airport,SGN
Wattay International Airport,VTE,2024-08-22 07:30,Pakse International Airport,PKZ,2024-08-22 08:45,75,Lao Airlines,Economy,230,60.0,,130.0,Y,Y,Y,1,7,1,20,Thursday,False,False,False,Tan Son Nhat International Airport,SGN
Wattay International Airport,VTE,2024-08-22 10:40,Kunming Changshui International Airport,KMG,2024-08-22 13:15,95,China Eastern,Economy,450,180.0,,276.0,Y,Y,Y,1,8,2,23,Thursday,False,False,False,Tan Son Nhat International Airport,SGN
Wattay International Airport,VTE,2024-08-22 23:20,Shanghai Pudong International Airport,PVG,2024-08-23 04:30,250,China Eastern,Economy,1575,1065.0,True,374.0,Y,Y,Y,1,8,2,23,Thursday,False,False,True,Tan Son Nhat International Airport,SGN
Wattay International Airport,VTE,2024-08-22 12:55,Singapore Changi Airport,SIN,2024-08-22 17:05,190,Scoot,Economy,1320,1000.0,True,383.0,Y,N,N,1,7,0,0,Thursday,False,False,False,Tan Son Nhat International Airport,SGN
Wattay International Airport,VTE,2024-08-22 13:30,Suvarnabhumi Airport,BKK,2024-08-22 14:50,80,THAI,Economy,335,165.0,,885.0,Y,Y,Y,1,7,2,23,Thursday,False,False,False,Tan Son Nhat International Airport,SGN
Wattay International Airport,VTE,2024-08-22 20:30,Suvarnabhumi Airport,BKK,2024-08-22 21:55,85,THAI,Economy,755,580.0,True,885.0,Y,Y,Y,1,7,2,23,Thursday,False,False,False,Tan Son Nhat International Airport,SGN
Wattay International Airport,VTE,2024-08-22 11:30,Phnom Penh International Airport,PNH,2024-08-22 13:00,90,Vietnam Airlines,Economy,235,70.0,,,Y,Y,Y,1,10,1,23,Thursday,False,False,False,Tan Son Nhat International Airport,SGN
Wattay International Airport,VTE,2024-08-23 18:45,Tan Son Nhat International Airport,SGN,2024-08-23 20:45,120,Vietjet,Economy,120,,,63.0,Y,N,N,1,7,0,0,Friday,False,False,False,Tan Son Nhat International Airport,SGN
Wattay International Airport,VTE,2024-08-23 19:10,Guangzhou Baiyun International Airport,CAN,2024-08-23 22:25,135,China Southern,Economy,385,60.0,,283.0,Y,Y,Y,1,8,1,23,Friday,False,False,False,Tan Son Nhat International Airport,SGN
Wattay International Airport,VTE,2024-08-23 21:50,Kunming Changshui International Airport,KMG,2024-08-24 00:25,95,China Eastern,Economy,1220,950.0,True,312.0,Y,Y,Y,1,8,2,23,Friday,False,False,True,Tan Son Nhat International Airport,SGN
Wattay International Airport,VTE,2024-08-23 23:20,Shanghai Pudong International Airport,PVG,2024-08-24 04:30,250,China Eastern,Economy,1575,1045.0,True,374.0,Y,Y,Y,1,8,2,23,Friday,False,False,True,Tan Son Nhat International Airport,SGN
Wattay International Airport,VTE,2024-08-23 13:30,Suvarnabhumi Airport,BKK,2024-08-23 14:50,80,THAI,Economy,335,165.0,,885.0,Y,Y,Y,1,7,2,23,Friday,False,False,False,Tan Son Nhat International Airport,SGN
Wattay International Airport,VTE,2024-08-23 20:30,Suvarnabhumi Airport,BKK,2024-08-23 21:55,85,THAI,Economy,755,580.0,True,885.0,Y,Y,Y,1,7,2,23,Friday,False,False,False,Tan Son Nhat International Airport,SGN
Wattay International Airport,VTE,2024-08-23 11:30,Phnom Penh International Airport,PNH,2024-08-23 13:00,90,Vietnam Airlines,Economy,235,70.0,,,Y,Y,Y,1,10,1,23,Friday,False,False,False,Tan Son Nhat International Airport,SGN
Wattay International Airport,VTE,2024-08-24 07:30,Pakse International Airport,PKZ,2024-08-24 08:45,75,Lao Airlines,Economy,230,60.0,,130.0,Y,Y,Y,1,7,1,20,Saturday,False,False,False,Tan Son Nhat International Airport,SGN
Wattay International Airport,VTE,2024-08-24 10:40,Kunming Changshui International Airport,KMG,2024-08-24 13:15,95,China Eastern,Economy,450,180.0,,276.0,Y,Y,Y,1,8,2,23,Saturday,False,False,False,Tan Son Nhat International Airport,SGN
Wattay International Airport,VTE,2024-08-24 23:20,Shanghai Pudong International Airport,PVG,2024-08-25 04:30,250,China Eastern,Economy,1575,1065.0,True,374.0,Y,Y,Y,1,8,2,23,Saturday,False,False,True,Tan Son Nhat International Airport,SGN
Wattay International Airport,VTE,2024-08-24 12:55,Singapore Changi Airport,SIN,2024-08-24 17:05,190,Scoot,Economy,1320,1000.0,True,383.0,Y,N,N,1,7,0,0,Saturday,False,False,False,Tan Son Nhat International Airport,SGN
Wattay International Airport,VTE,2024-08-24 13:30,Suvarnabhumi Airport,BKK,2024-08-24 14:50,80,THAI,Economy,335,165.0,,885.0,Y,Y,Y,1,7,2,23,Saturday,False,False,False,Tan Son Nhat International Airport,SGN
Wattay International Airport,VTE,2024-08-24 20:30,Suvarnabhumi Airport,BKK,2024-08-24 21:55,85,THAI,Economy,755,580.0,True,885.0,Y,Y,Y,1,7,2,23,Saturday,False,False,False,Tan Son Nhat International Airport,SGN
Wattay International Airport,VTE,2024-08-24 11:30,Phnom Penh International Airport,PNH,2024-08-24 13:00,90,Vietnam Airlines,Economy,235,70.0,,,Y,Y,Y,1,10,1,23,Saturday,False,False,False,Tan Son Nhat International Airport,SGN
Wattay International Airport,VTE,2024-08-25 18:45,Tan Son Nhat International Airport,SGN,2024-08-25 20:45,120,Vietjet,Economy,120,,,70.0,Y,N,N,1,7,0,0,Sunday,False,False,False,Tan Son Nhat International Airport,SGN
Wattay International Airport,VTE,2024-08-25 19:10,Guangzhou Baiyun International Airport,CAN,2024-08-25 22:25,135,China Southern,Economy,385,60.0,,283.0,Y,Y,Y,1,8,1,23,Sunday,False,False,False,Tan Son Nhat International Airport,SGN
Wattay International Airport,VTE,2024-08-25 23:20,Shanghai Pudong International Airport,PVG,2024-08-26 04:30,250,China Eastern,Economy,1575,1065.0,True,374.0,Y,Y,Y,1,8,2,23,Sunday,False,False,True,Tan Son Nhat International Airport,SGN
Wattay International Airport,VTE,2024-08-25 13:30,Suvarnabhumi Airport,BKK,2024-08-25 14:50,80,THAI,Economy,335,165.0,,885.0,Y,Y,Y,1,7,2,23,Sunday,False,False,False,Tan Son Nhat International Airport,SGN
Wattay International Airport,VTE,2024-08-25 20:30,Suvarnabhumi Airport,BKK,2024-08-25 21:55,85,THAI,Economy,755,580.0,True,885.0,Y,Y,Y,1,7,2,23,Sunday,False,False,False,Tan Son Nhat International Airport,SGN
Wattay International Airport,VTE,2024-08-25 11:30,Phnom Penh International Airport,PNH,2024-08-25 13:00,90,Vietnam Airlines,Economy,235,70.0,,,Y,Y,Y,1,10,1,23,Sunday,False,False,False,Tan Son Nhat International Airport,SGN
Wattay International Airport,VTE,2024-08-26 18:45,Tan Son Nhat International Airport,SGN,2024-08-26 20:45,120,Vietjet,Economy,120,,,67.0,Y,N,N,1,7,0,0,Monday,False,False,False,Tan Son Nhat International Airport,SGN
Wattay International Airport,VTE,2024-08-26 21:50,Kunming Changshui International Airport,KMG,2024-08-27 00:25,95,China Eastern,Economy,1220,950.0,True,312.0,Y,Y,Y,1,8,2,23,Monday,False,False,True,Tan Son Nhat International Airport,SGN
Wattay International Airport,VTE,2024-08-26 23:20,Shanghai Pudong International Airport,PVG,2024-08-27 04:30,250,China Eastern,Economy,1575,1045.0,True,374.0,Y,Y,Y,1,8,2,23,Monday,False,False,True,Tan Son Nhat International Airport,SGN
Wattay International Airport,VTE,2024-08-26 13:30,Suvarnabhumi Airport,BKK,2024-08-26 14:50,80,THAI,Economy,335,165.0,,885.0,Y,Y,Y,1,7,2,23,Monday,False,False,False,Tan Son Nhat International Airport,SGN
Wattay International Airport,VTE,2024-08-26 20:30,Suvarnabhumi Airport,BKK,2024-08-26 21:55,85,THAI,Economy,755,580.0,True,885.0,Y,Y,Y,1,7,2,23,Monday,False,False,False,Tan Son Nhat International Airport,SGN
Wattay International Airport,VTE,2024-08-26 11:30,Phnom Penh International Airport,PNH,2024-08-26 13:00,90,Vietnam Airlines,Economy,235,70.0,,,Y,Y,Y,1,10,1,23,Monday,False,False,False,Tan Son Nhat International Airport,SGN
Wattay International Airport,VTE,2024-08-27 07:30,Pakse International Airport,PKZ,2024-08-27 08:45,75,Lao Airlines,Economy,230,60.0,,130.0,Y,Y,Y,1,7,1,20,Tuesday,False,False,False,Tan Son Nhat International Airport,SGN
Wattay International Airport,VTE,2024-08-27 10:40,Kunming Changshui International Airport,KMG,2024-08-27 13:15,95,China Eastern,Economy,450,180.0,,276.0,Y,Y,Y,1,8,2,23,Tuesday,False,False,False,Tan Son Nhat International Airport,SGN
Wattay International Airport,VTE,2024-08-27 23:20,Shanghai Pudong International Airport,PVG,2024-08-28 04:30,250,China Eastern,Economy,1575,1045.0,True,374.0,Y,Y,Y,1,8,2,23,Tuesday,False,False,True,Tan Son Nhat International Airport,SGN
Wattay International Airport,VTE,2024-08-27 12:55,Singapore Changi Airport,SIN,2024-08-27 17:05,190,Scoot,Economy,1320,1000.0,True,383.0,Y,N,N,1,7,0,0,Tuesday,False,False,False,Tan Son Nhat International Airport,SGN
Wattay International Airport,VTE,2024-08-27 13:30,Suvarnabhumi Airport,BKK,2024-08-27 14:50,80,THAI,Economy,335,165.0,,885.0,Y,Y,Y,1,7,2,23,Tuesday,False,False,False,Tan Son Nhat International Airport,SGN
Wattay International Airport,VTE,2024-08-27 20:30,Suvarnabhumi Airport,BKK,2024-08-27 21:55,85,THAI,Economy,755,580.0,True,885.0,Y,Y,Y,1,7,2,23,Tuesday,False,False,False,Tan Son Nhat International Airport,SGN
Wattay International Airport,VTE,2024-08-27 11:30,Phnom Penh International Airport,PNH,2024-08-27 13:00,90,Vietnam Airlines,Economy,235,70.0,,,Y,Y,Y,1,10,1,23,Tuesday,False,False,False,Tan Son Nhat International Airport,SGN
Wattay International Airport,VTE,2024-08-28 18:45,Tan Son Nhat International Airport,SGN,2024-08-28 20:45,120,Vietjet,Economy,120,,,63.0,Y,N,N,1,7,0,0,Wednesday,False,False,False,Tan Son Nhat International Airport,SGN
Wattay International Airport,VTE,2024-08-28 21:50,Kunming Changshui International Airport,KMG,2024-08-29 00:25,95,China Eastern,Economy,1220,950.0,True,312.0,Y,Y,Y,1,8,2,23,Wednesday,False,False,True,Tan Son Nhat International Airport,SGN
Wattay International Airport,VTE,2024-08-28 19:10,Guangzhou Baiyun International Airport,CAN,2024-08-28 22:25,135,China Southern,Economy,385,60.0,,318.0,Y,Y,Y,1,8,1,23,Wednesday,False,False,False,Tan Son Nhat International Airport,SGN
Wattay International Airport,VTE,2024-08-28 23:20,Shanghai Pudong International Airport,PVG,2024-08-29 04:30,250,China Eastern,Economy,1575,1065.0,True,374.0,Y,Y,Y,1,8,2,23,Wednesday,False,False,True,Tan Son Nhat International Airport,SGN
Wattay International Airport,VTE,2024-08-28 13:30,Suvarnabhumi Airport,BKK,2024-08-28 14:50,80,THAI,Economy,335,165.0,,885.0,Y,Y,Y,1,7,2,23,Wednesday,False,False,False,Tan Son Nhat International Airport,SGN
Wattay International Airport,VTE,2024-08-28 20:30,Suvarnabhumi Airport,BKK,2024-08-28 21:55,85,THAI,Economy,755,580.0,True,885.0,Y,Y,Y,1,7,2,23,Wednesday,False,False,False,Tan Son Nhat International Airport,SGN
Wattay International Airport,VTE,2024-08-28 11:30,Phnom Penh International Airport,PNH,2024-08-28 13:00,90,Vietnam Airlines,Economy,235,70.0,,,Y,Y,Y,1,10,1,23,Wednesday,False,False,False,Tan Son Nhat International Airport,SGN
Wattay International Airport,VTE,2024-08-29 07:30,Pakse International Airport,PKZ,2024-08-29 08:45,75,Lao Airlines,Economy,230,60.0,,130.0,Y,Y,Y,1,7,1,20,Thursday,False,False,False,Tan Son Nhat International Airport,SGN
Wattay International Airport,VTE,2024-08-29 10:40,Kunming Changshui International Airport,KMG,2024-08-29 13:15,95,China Eastern,Economy,450,180.0,,276.0,Y,Y,Y,1,8,2,23,Thursday,False,False,False,Tan Son Nhat International Airport,SGN
Wattay International Airport,VTE,2024-08-29 23:20,Shanghai Pudong International Airport,PVG,2024-08-30 04:30,250,China Eastern,Economy,1575,1065.0,True,374.0,Y,Y,Y,1,8,2,23,Thursday,False,False,True,Tan Son Nhat International Airport,SGN
Wattay International Airport,VTE,2024-08-29 12:55,Singapore Changi Airport,SIN,2024-08-29 17:05,190,Scoot,Economy,1545,1225.0,True,402.0,Y,N,N,1,7,0,0,Thursday,False,False,False,Tan Son Nhat International Airport,SGN
Wattay International Airport,VTE,2024-08-29 12:55,Singapore Changi Airport,SIN,2024-08-29 17:05,190,Scoot,Economy,1320,1000.0,True,482.0,Y,N,N,1,7,0,0,Thursday,False,False,False,Tan Son Nhat International Airport,SGN
Wattay International Airport,VTE,2024-08-29 13:30,Suvarnabhumi Airport,BKK,2024-08-29 14:50,80,THAI,Economy,335,165.0,,885.0,Y,Y,Y,1,7,2,23,Thursday,False,False,False,Tan Son Nhat International Airport,SGN
Wattay International Airport,VTE,2024-08-29 20:30,Suvarnabhumi Airport,BKK,2024-08-29 21:55,85,THAI,Economy,755,580.0,True,885.0,Y,Y,Y,1,7,2,23,Thursday,False,False,False,Tan Son Nhat International Airport,SGN
Wattay International Airport,VTE,2024-08-29 11:30,Phnom Penh International Airport,PNH,2024-08-29 13:00,90,Vietnam Airlines,Economy,235,70.0,,,Y,Y,Y,1,10,1,23,Thursday,False,False,False,Tan Son Nhat International Airport,SGN
Wattay International Airport,VTE,2024-08-30 18:45,Tan Son Nhat International Airport,SGN,2024-08-30 20:45,120,Vietjet,Economy,120,,,63.0,Y,N,N,1,7,0,0,Friday,False,False,False,Tan Son Nhat International Airport,SGN
Wattay International Airport,VTE,2024-08-30 19:10,Guangzhou Baiyun International Airport,CAN,2024-08-30 22:25,135,China Southern,Economy,385,60.0,,283.0,Y,Y,Y,1,8,1,23,Friday,False,False,False,Tan Son Nhat International Airport,SGN
Wattay International Airport,VTE,2024-08-30 21:50,Kunming Changshui International Airport,KMG,2024-08-31 00:25,95,China Eastern,Economy,1220,950.0,True,312.0,Y,Y,Y,1,8,2,23,Friday,False,False,True,Tan Son Nhat International Airport,SGN
Wattay International Airport,VTE,2024-08-30 23:20,Shanghai Pudong International Airport,PVG,2024-08-31 04:30,250,China Eastern,Economy,1575,1045.0,True,374.0,Y,Y,Y,1,8,2,23,Friday,False,False,True,Tan Son Nhat International Airport,SGN
Wattay International Airport,VTE,2024-08-30 13:30,Suvarnabhumi Airport,BKK,2024-08-30 14:50,80,THAI,Economy,335,165.0,,885.0,Y,Y,Y,1,7,2,23,Friday,False,False,False,Tan Son Nhat International Airport,SGN
Wattay International Airport,VTE,2024-08-30 20:30,Suvarnabhumi Airport,BKK,2024-08-30 21:55,85,THAI,Economy,755,580.0,True,885.0,Y,Y,Y,1,7,2,23,Friday,False,False,False,Tan Son Nhat International Airport,SGN
Wattay International Airport,VTE,2024-08-30 11:30,Phnom Penh International Airport,PNH,2024-08-30 13:00,90,Vietnam Airlines,Economy,235,70.0,,,Y,Y,Y,1,10,1,23,Friday,False,False,False,Tan Son Nhat International Airport,SGN
Wattay International Airport,VTE,2024-08-31 07:30,Pakse International Airport,PKZ,2024-08-31 08:45,75,Lao Airlines,Economy,230,60.0,,130.0,Y,Y,Y,1,7,1,20,Saturday,False,False,False,Tan Son Nhat International Airport,SGN
Wattay International Airport,VTE,2024-08-31 10:40,Kunming Changshui International Airport,KMG,2024-08-31 13:15,95,China Eastern,Economy,450,180.0,,276.0,Y,Y,Y,1,8,2,23,Saturday,False,False,False,Tan Son Nhat International Airport,SGN
Wattay International Airport,VTE,2024-08-31 12:55,Singapore Changi Airport,SIN,2024-08-31 17:05,190,Scoot,Economy,1320,1000.0,True,383.0,Y,N,N,1,7,0,0,Saturday,False,False,False,Tan Son Nhat International Airport,SGN
Wattay International Airport,VTE,2024-08-31 13:30,Suvarnabhumi Airport,BKK,2024-08-31 14:50,80,THAI,Economy,335,165.0,,885.0,Y,Y,Y,1,7,2,23,Saturday,False,False,False,Tan Son Nhat International Airport,SGN
Wattay International Airport,VTE,2024-08-31 20:30,Suvarnabhumi Airport,BKK,2024-08-31 21:55,85,THAI,Economy,755,580.0,True,885.0,Y,Y,Y,1,7,2,23,Saturday,False,False,False,Tan Son Nhat International Airport,SGN
Wattay International Airport,VTE,2024-08-31 11:30,Phnom Penh International Airport,PNH,2024-08-31 13:00,90,Vietnam Airlines,Economy,235,70.0,,,Y,Y,Y,1,10,1,23,Saturday,False,False,False,Tan Son Nhat International Airport,SGN
