Departure Airport Name,Departure Airport ID,Departure Time,Arrival Airport Name,Arrival Airport ID,Arrival Time,Duration,Airline,Travel Class,Total Duration,Layover 1 Duration,Layover 1 Overnight,Price, Cabin Baggage, Checked Baggage,Meal Included,Cabin Baggage (Number),Cabin Baggage (kg per piece),Checked Baggage (Number),Checked Baggage (kg per piece) ,Day of Week (on flight date),Departure Country Is Holiday,Arrival Country Is Holiday,Overnight Flight,Final Arrival Airport Name,Final Arrival Airport ID
Wattay International Airport,VTE,2024-07-01 13:40,Suvarnabhumi Airport,BKK,2024-07-01 15:00,80,THAI,Economy,290,125.0,,200.0,Y,Y,Y,1,7,2,23,Monday,False,False,False,Yangon International Airport,RGN
Wattay International Airport,VTE,2024-07-01 20:30,Suvarnabhumi Airport,BKK,2024-07-01 21:55,85,THAI,Economy,885,710.0,True,200.0,Y,Y,Y,1,7,2,23,Monday,False,False,False,Yangon International Airport,RGN
Wattay International Airport,VTE,2024-07-01 21:50,Kunming Changshui International Airport,KMG,2024-07-02 00:25,95,China Eastern,Economy,1010,795.0,True,329.0,Y,Y,Y,1,8,2,23,Monday,False,False,True,Yangon International Airport,RGN
Wattay International Airport,VTE,2024-07-02 13:40,Suvarnabhumi Airport,BKK,2024-07-02 15:00,80,THAI,Economy,290,125.0,,200.0,Y,Y,Y,1,7,2,23,Tuesday,False,False,False,Yangon International Airport,RGN
Wattay International Airport,VTE,2024-07-02 20:30,Suvarnabhumi Airport,BKK,2024-07-02 21:55,85,THAI,Economy,885,710.0,True,200.0,Y,Y,Y,1,7,2,23,Tuesday,False,False,False,Yangon International Airport,RGN
Wattay International Airport,VTE,2024-07-02 21:50,Kunming Changshui International Airport,KMG,2024-07-03 00:25,95,China Eastern,Economy,1010,795.0,True,329.0,Y,Y,Y,1,8,2,23,Tuesday,False,False,True,Yangon International Airport,RGN
Wattay International Airport,VTE,2024-07-02 20:00,Yangon International Airport,RGN,2024-07-02 21:00,90,MAI,Economy,90,,,,Y,Y,Y,1,7,1,30,Tuesday,False,False,False,Yangon International Airport,RGN
Wattay International Airport,VTE,2024-07-03 13:40,Suvarnabhumi Airport,BKK,2024-07-03 15:00,80,THAI,Economy,290,125.0,,200.0,Y,Y,Y,1,7,2,23,Wednesday,False,False,False,Yangon International Airport,RGN
Wattay International Airport,VTE,2024-07-03 20:30,Suvarnabhumi Airport,BKK,2024-07-03 21:55,85,THAI,Economy,885,710.0,True,200.0,Y,Y,Y,1,7,2,23,Wednesday,False,False,False,Yangon International Airport,RGN
Wattay International Airport,VTE,2024-07-03 21:50,Kunming Changshui International Airport,KMG,2024-07-04 00:25,95,China Eastern,Economy,1010,795.0,True,329.0,Y,Y,Y,1,8,2,23,Wednesday,False,False,True,Yangon International Airport,RGN
Wattay International Airport,VTE,2024-07-04 13:40,Suvarnabhumi Airport,BKK,2024-07-04 15:00,80,THAI,Economy,290,125.0,,200.0,Y,Y,Y,1,7,2,23,Thursday,False,False,False,Yangon International Airport,RGN
Wattay International Airport,VTE,2024-07-04 20:30,Suvarnabhumi Airport,BKK,2024-07-04 21:55,85,THAI,Economy,885,710.0,True,200.0,Y,Y,Y,1,7,2,23,Thursday,False,False,False,Yangon International Airport,RGN
Wattay International Airport,VTE,2024-07-04 21:50,Kunming Changshui International Airport,KMG,2024-07-05 00:25,95,China Eastern,Economy,1010,795.0,True,329.0,Y,Y,Y,1,8,2,23,Thursday,False,False,True,Yangon International Airport,RGN
Wattay International Airport,VTE,2024-07-04 20:00,Yangon International Airport,RGN,2024-07-04 21:00,90,MAI,Economy,90,,,,Y,Y,Y,1,7,1,30,Thursday,False,False,False,Yangon International Airport,RGN
Wattay International Airport,VTE,2024-07-05 13:40,Suvarnabhumi Airport,BKK,2024-07-05 15:00,80,THAI,Economy,290,125.0,,200.0,Y,Y,Y,1,7,2,23,Friday,False,False,False,Yangon International Airport,RGN
Wattay International Airport,VTE,2024-07-05 20:30,Suvarnabhumi Airport,BKK,2024-07-05 21:55,85,THAI,Economy,885,710.0,True,200.0,Y,Y,Y,1,7,2,23,Friday,False,False,False,Yangon International Airport,RGN
Wattay International Airport,VTE,2024-07-05 21:50,Kunming Changshui International Airport,KMG,2024-07-06 00:25,95,China Eastern,Economy,1010,795.0,True,329.0,Y,Y,Y,1,8,2,23,Friday,False,False,True,Yangon International Airport,RGN
Wattay International Airport,VTE,2024-07-05 19:10,Guangzhou Baiyun International Airport,CAN,2024-07-05 22:25,135,China Southern,Economy,935,595.0,True,362.0,Y,Y,Y,1,8,1,23,Friday,False,False,False,Yangon International Airport,RGN
Wattay International Airport,VTE,2024-07-06 13:40,Suvarnabhumi Airport,BKK,2024-07-06 15:00,80,THAI,Economy,290,125.0,,200.0,Y,Y,Y,1,7,2,23,Saturday,False,False,False,Yangon International Airport,RGN
Wattay International Airport,VTE,2024-07-06 20:30,Suvarnabhumi Airport,BKK,2024-07-06 21:55,85,THAI,Economy,885,710.0,True,200.0,Y,Y,Y,1,7,2,23,Saturday,False,False,False,Yangon International Airport,RGN
Wattay International Airport,VTE,2024-07-06 21:50,Kunming Changshui International Airport,KMG,2024-07-07 00:25,95,China Eastern,Economy,1010,795.0,True,329.0,Y,Y,Y,1,8,2,23,Saturday,False,False,True,Yangon International Airport,RGN
Wattay International Airport,VTE,2024-07-07 13:40,Suvarnabhumi Airport,BKK,2024-07-07 15:00,80,THAI,Economy,290,125.0,,200.0,Y,Y,Y,1,7,2,23,Sunday,False,False,False,Yangon International Airport,RGN
Wattay International Airport,VTE,2024-07-07 20:30,Suvarnabhumi Airport,BKK,2024-07-07 21:55,85,THAI,Economy,885,710.0,True,200.0,Y,Y,Y,1,7,2,23,Sunday,False,False,False,Yangon International Airport,RGN
Wattay International Airport,VTE,2024-07-07 21:50,Kunming Changshui International Airport,KMG,2024-07-08 00:25,95,China Eastern,Economy,1010,795.0,True,329.0,Y,Y,Y,1,8,2,23,Sunday,False,False,True,Yangon International Airport,RGN
Wattay International Airport,VTE,2024-07-07 19:10,Guangzhou Baiyun International Airport,CAN,2024-07-07 22:25,135,China Southern,Economy,935,595.0,True,362.0,Y,Y,Y,1,8,1,23,Sunday,False,False,False,Yangon International Airport,RGN
Wattay International Airport,VTE,2024-07-08 13:40,Suvarnabhumi Airport,BKK,2024-07-08 15:00,80,THAI,Economy,290,125.0,,200.0,Y,Y,Y,1,7,2,23,Monday,False,False,False,Yangon International Airport,RGN
Wattay International Airport,VTE,2024-07-08 20:30,Suvarnabhumi Airport,BKK,2024-07-08 21:55,85,THAI,Economy,885,710.0,True,200.0,Y,Y,Y,1,7,2,23,Monday,False,False,False,Yangon International Airport,RGN
Wattay International Airport,VTE,2024-07-08 21:50,Kunming Changshui International Airport,KMG,2024-07-09 00:25,95,China Eastern,Economy,1010,795.0,True,329.0,Y,Y,Y,1,8,2,23,Monday,False,False,True,Yangon International Airport,RGN
Wattay International Airport,VTE,2024-07-09 13:40,Suvarnabhumi Airport,BKK,2024-07-09 15:00,80,THAI,Economy,290,125.0,,200.0,Y,Y,Y,1,7,2,23,Tuesday,False,False,False,Yangon International Airport,RGN
Wattay International Airport,VTE,2024-07-09 20:30,Suvarnabhumi Airport,BKK,2024-07-09 21:55,85,THAI,Economy,885,710.0,True,200.0,Y,Y,Y,1,7,2,23,Tuesday,False,False,False,Yangon International Airport,RGN
Wattay International Airport,VTE,2024-07-09 21:50,Kunming Changshui International Airport,KMG,2024-07-10 00:25,95,China Eastern,Economy,1010,795.0,True,329.0,Y,Y,Y,1,8,2,23,Tuesday,False,False,True,Yangon International Airport,RGN
Wattay International Airport,VTE,2024-07-09 20:00,Yangon International Airport,RGN,2024-07-09 21:00,90,MAI,Economy,90,,,,Y,Y,Y,1,7,1,30,Tuesday,False,False,False,Yangon International Airport,RGN
Wattay International Airport,VTE,2024-07-10 13:40,Suvarnabhumi Airport,BKK,2024-07-10 15:00,80,THAI,Economy,290,125.0,,200.0,Y,Y,Y,1,7,2,23,Wednesday,False,False,False,Yangon International Airport,RGN
Wattay International Airport,VTE,2024-07-10 20:30,Suvarnabhumi Airport,BKK,2024-07-10 21:55,85,THAI,Economy,885,710.0,True,200.0,Y,Y,Y,1,7,2,23,Wednesday,False,False,False,Yangon International Airport,RGN
Wattay International Airport,VTE,2024-07-10 21:50,Kunming Changshui International Airport,KMG,2024-07-11 00:25,95,China Eastern,Economy,1010,795.0,True,329.0,Y,Y,Y,1,8,2,23,Wednesday,False,False,True,Yangon International Airport,RGN
Wattay International Airport,VTE,2024-07-11 13:40,Suvarnabhumi Airport,BKK,2024-07-11 15:00,80,THAI,Economy,290,125.0,,200.0,Y,Y,Y,1,7,2,23,Thursday,False,False,False,Yangon International Airport,RGN
Wattay International Airport,VTE,2024-07-11 20:30,Suvarnabhumi Airport,BKK,2024-07-11 21:55,85,THAI,Economy,885,710.0,True,200.0,Y,Y,Y,1,7,2,23,Thursday,False,False,False,Yangon International Airport,RGN
Wattay International Airport,VTE,2024-07-11 21:50,Kunming Changshui International Airport,KMG,2024-07-12 00:25,95,China Eastern,Economy,1010,795.0,True,329.0,Y,Y,Y,1,8,2,23,Thursday,False,False,True,Yangon International Airport,RGN
Wattay International Airport,VTE,2024-07-11 20:00,Yangon International Airport,RGN,2024-07-11 21:00,90,MAI,Economy,90,,,,Y,Y,Y,1,7,1,30,Thursday,False,False,False,Yangon International Airport,RGN
Wattay International Airport,VTE,2024-07-12 20:30,Suvarnabhumi Airport,BKK,2024-07-12 21:55,85,THAI,Economy,885,710.0,True,200.0,Y,Y,Y,1,7,2,23,Friday,False,False,False,Yangon International Airport,RGN
Wattay International Airport,VTE,2024-07-12 13:40,Suvarnabhumi Airport,BKK,2024-07-12 15:00,80,THAI,Economy,290,125.0,,214.0,Y,Y,Y,1,7,2,23,Friday,False,False,False,Yangon International Airport,RGN
Wattay International Airport,VTE,2024-07-12 21:50,Kunming Changshui International Airport,KMG,2024-07-13 00:25,95,China Eastern,Economy,1010,795.0,True,329.0,Y,Y,Y,1,8,2,23,Friday,False,False,True,Yangon International Airport,RGN
Wattay International Airport,VTE,2024-07-12 19:10,Guangzhou Baiyun International Airport,CAN,2024-07-12 22:25,135,China Southern,Economy,935,595.0,True,362.0,Y,Y,Y,1,8,1,23,Friday,False,False,False,Yangon International Airport,RGN
Wattay International Airport,VTE,2024-07-13 13:40,Suvarnabhumi Airport,BKK,2024-07-13 15:00,80,THAI,Economy,290,125.0,,200.0,Y,Y,Y,1,7,2,23,Saturday,False,False,False,Yangon International Airport,RGN
Wattay International Airport,VTE,2024-07-13 20:30,Suvarnabhumi Airport,BKK,2024-07-13 21:55,85,THAI,Economy,885,710.0,True,200.0,Y,Y,Y,1,7,2,23,Saturday,False,False,False,Yangon International Airport,RGN
Wattay International Airport,VTE,2024-07-13 21:50,Kunming Changshui International Airport,KMG,2024-07-14 00:25,95,China Eastern,Economy,1010,795.0,True,329.0,Y,Y,Y,1,8,2,23,Saturday,False,False,True,Yangon International Airport,RGN
Wattay International Airport,VTE,2024-07-13 12:55,Singapore Changi Airport,SIN,2024-07-13 17:05,190,Scoot,Economy,1255,890.0,True,385.0,Y,N,N,1,7,0,0,Saturday,False,False,False,Yangon International Airport,RGN
Wattay International Airport,VTE,2024-07-14 13:40,Suvarnabhumi Airport,BKK,2024-07-14 15:00,80,THAI,Economy,290,125.0,,200.0,Y,Y,Y,1,7,2,23,Sunday,False,False,False,Yangon International Airport,RGN
Wattay International Airport,VTE,2024-07-14 20:30,Suvarnabhumi Airport,BKK,2024-07-14 21:55,85,THAI,Economy,885,710.0,True,200.0,Y,Y,Y,1,7,2,23,Sunday,False,False,False,Yangon International Airport,RGN
Wattay International Airport,VTE,2024-07-14 21:50,Kunming Changshui International Airport,KMG,2024-07-15 00:25,95,China Eastern,Economy,1010,795.0,True,329.0,Y,Y,Y,1,8,2,23,Sunday,False,False,True,Yangon International Airport,RGN
Wattay International Airport,VTE,2024-07-14 19:10,Guangzhou Baiyun International Airport,CAN,2024-07-14 22:25,135,China Southern,Economy,935,595.0,True,362.0,Y,Y,Y,1,8,1,23,Sunday,False,False,False,Yangon International Airport,RGN
Wattay International Airport,VTE,2024-07-15 13:40,Suvarnabhumi Airport,BKK,2024-07-15 15:00,80,THAI,Economy,290,125.0,,200.0,Y,Y,Y,1,7,2,23,Monday,False,False,False,Yangon International Airport,RGN
Wattay International Airport,VTE,2024-07-15 20:30,Suvarnabhumi Airport,BKK,2024-07-15 21:55,85,THAI,Economy,885,710.0,True,200.0,Y,Y,Y,1,7,2,23,Monday,False,False,False,Yangon International Airport,RGN
Wattay International Airport,VTE,2024-07-15 21:50,Kunming Changshui International Airport,KMG,2024-07-16 00:25,95,China Eastern,Economy,1010,795.0,True,329.0,Y,Y,Y,1,8,2,23,Monday,False,False,True,Yangon International Airport,RGN
Wattay International Airport,VTE,2024-07-16 13:40,Suvarnabhumi Airport,BKK,2024-07-16 15:00,80,THAI,Economy,290,125.0,,200.0,Y,Y,Y,1,7,2,23,Tuesday,False,False,False,Yangon International Airport,RGN
Wattay International Airport,VTE,2024-07-16 20:00,Yangon International Airport,RGN,2024-07-16 21:00,90,MAI,Economy,90,,,,Y,Y,Y,1,7,1,30,Tuesday,False,False,False,Yangon International Airport,RGN
Wattay International Airport,VTE,2024-07-16 20:30,Suvarnabhumi Airport,BKK,2024-07-16 21:55,85,THAI,Economy,885,710.0,True,200.0,Y,Y,Y,1,7,2,23,Tuesday,False,False,False,Yangon International Airport,RGN
Wattay International Airport,VTE,2024-07-16 21:50,Kunming Changshui International Airport,KMG,2024-07-17 00:25,95,China Eastern,Economy,1010,795.0,True,329.0,Y,Y,Y,1,8,2,23,Tuesday,False,False,True,Yangon International Airport,RGN
Wattay International Airport,VTE,2024-07-16 12:55,Singapore Changi Airport,SIN,2024-07-16 17:05,190,Scoot,Economy,1255,890.0,True,385.0,Y,N,N,1,7,0,0,Tuesday,False,False,False,Yangon International Airport,RGN
Wattay International Airport,VTE,2024-07-17 13:40,Suvarnabhumi Airport,BKK,2024-07-17 15:00,80,THAI,Economy,290,125.0,,200.0,Y,Y,Y,1,7,2,23,Wednesday,False,False,False,Yangon International Airport,RGN
Wattay International Airport,VTE,2024-07-17 20:30,Suvarnabhumi Airport,BKK,2024-07-17 21:55,85,THAI,Economy,885,710.0,True,200.0,Y,Y,Y,1,7,2,23,Wednesday,False,False,False,Yangon International Airport,RGN
Wattay International Airport,VTE,2024-07-17 21:50,Kunming Changshui International Airport,KMG,2024-07-18 00:25,95,China Eastern,Economy,1010,795.0,True,329.0,Y,Y,Y,1,8,2,23,Wednesday,False,False,True,Yangon International Airport,RGN
Wattay International Airport,VTE,2024-07-18 13:40,Suvarnabhumi Airport,BKK,2024-07-18 15:00,80,THAI,Economy,290,125.0,,200.0,Y,Y,Y,1,7,2,23,Thursday,False,False,False,Yangon International Airport,RGN
Wattay International Airport,VTE,2024-07-18 20:30,Suvarnabhumi Airport,BKK,2024-07-18 21:55,85,THAI,Economy,885,710.0,True,200.0,Y,Y,Y,1,7,2,23,Thursday,False,False,False,Yangon International Airport,RGN
Wattay International Airport,VTE,2024-07-18 21:50,Kunming Changshui International Airport,KMG,2024-07-19 00:25,95,China Eastern,Economy,1010,795.0,True,329.0,Y,Y,Y,1,8,2,23,Thursday,False,True,True,Yangon International Airport,RGN
Wattay International Airport,VTE,2024-07-18 20:00,Yangon International Airport,RGN,2024-07-18 21:00,90,MAI,Economy,90,,,,Y,Y,Y,1,7,1,30,Thursday,False,False,False,Yangon International Airport,RGN
Wattay International Airport,VTE,2024-07-19 20:30,Suvarnabhumi Airport,BKK,2024-07-19 21:55,85,THAI,Economy,885,710.0,True,200.0,Y,Y,Y,1,7,2,23,Friday,False,True,False,Yangon International Airport,RGN
Wattay International Airport,VTE,2024-07-19 13:40,Suvarnabhumi Airport,BKK,2024-07-19 15:00,80,THAI,Economy,290,125.0,,214.0,Y,Y,Y,1,7,2,23,Friday,False,True,False,Yangon International Airport,RGN
Wattay International Airport,VTE,2024-07-19 21:50,Kunming Changshui International Airport,KMG,2024-07-20 00:25,95,China Eastern,Economy,1010,795.0,True,329.0,Y,Y,Y,1,8,2,23,Friday,False,True,True,Yangon International Airport,RGN
Wattay International Airport,VTE,2024-07-19 19:10,Guangzhou Baiyun International Airport,CAN,2024-07-19 22:25,135,China Southern,Economy,935,595.0,True,362.0,Y,Y,Y,1,8,1,23,Friday,False,True,False,Yangon International Airport,RGN
Wattay International Airport,VTE,2024-07-20 20:30,Suvarnabhumi Airport,BKK,2024-07-20 21:55,85,THAI,Economy,885,710.0,True,200.0,Y,Y,Y,1,7,2,23,Saturday,True,True,False,Yangon International Airport,RGN
Wattay International Airport,VTE,2024-07-20 13:40,Suvarnabhumi Airport,BKK,2024-07-20 15:00,80,THAI,Economy,290,125.0,,214.0,Y,Y,Y,1,7,2,23,Saturday,True,True,False,Yangon International Airport,RGN
Wattay International Airport,VTE,2024-07-20 21:50,Kunming Changshui International Airport,KMG,2024-07-21 00:25,95,China Eastern,Economy,1010,795.0,True,329.0,Y,Y,Y,1,8,2,23,Saturday,True,False,True,Yangon International Airport,RGN
Wattay International Airport,VTE,2024-07-21 20:30,Suvarnabhumi Airport,BKK,2024-07-21 21:55,85,THAI,Economy,885,710.0,True,200.0,Y,Y,Y,1,7,2,23,Sunday,False,False,False,Yangon International Airport,RGN
Wattay International Airport,VTE,2024-07-21 13:40,Suvarnabhumi Airport,BKK,2024-07-21 15:00,80,THAI,Economy,290,125.0,,214.0,Y,Y,Y,1,7,2,23,Sunday,False,False,False,Yangon International Airport,RGN
Wattay International Airport,VTE,2024-07-21 21:50,Kunming Changshui International Airport,KMG,2024-07-22 00:25,95,China Eastern,Economy,1010,795.0,True,329.0,Y,Y,Y,1,8,2,23,Sunday,False,False,True,Yangon International Airport,RGN
Wattay International Airport,VTE,2024-07-21 19:10,Guangzhou Baiyun International Airport,CAN,2024-07-21 22:25,135,China Southern,Economy,935,595.0,True,362.0,Y,Y,Y,1,8,1,23,Sunday,False,False,False,Yangon International Airport,RGN
Wattay International Airport,VTE,2024-07-22 20:30,Suvarnabhumi Airport,BKK,2024-07-22 21:55,85,THAI,Economy,885,710.0,True,200.0,Y,Y,Y,1,7,2,23,Monday,False,False,False,Yangon International Airport,RGN
Wattay International Airport,VTE,2024-07-22 13:40,Suvarnabhumi Airport,BKK,2024-07-22 15:00,80,THAI,Economy,290,125.0,,214.0,Y,Y,Y,1,7,2,23,Monday,False,False,False,Yangon International Airport,RGN
Wattay International Airport,VTE,2024-07-22 21:50,Kunming Changshui International Airport,KMG,2024-07-23 00:25,95,China Eastern,Economy,1010,795.0,True,329.0,Y,Y,Y,1,8,2,23,Monday,False,False,True,Yangon International Airport,RGN
Wattay International Airport,VTE,2024-07-23 13:40,Suvarnabhumi Airport,BKK,2024-07-23 15:00,80,THAI,Economy,290,125.0,,200.0,Y,Y,Y,1,7,2,23,Tuesday,False,False,False,Yangon International Airport,RGN
Wattay International Airport,VTE,2024-07-23 20:00,Yangon International Airport,RGN,2024-07-23 21:00,90,MAI,Economy,90,,,,Y,Y,Y,1,7,1,30,Tuesday,False,False,False,Yangon International Airport,RGN
Wattay International Airport,VTE,2024-07-23 20:30,Suvarnabhumi Airport,BKK,2024-07-23 21:55,85,THAI,Economy,885,710.0,True,200.0,Y,Y,Y,1,7,2,23,Tuesday,False,False,False,Yangon International Airport,RGN
Wattay International Airport,VTE,2024-07-23 21:50,Kunming Changshui International Airport,KMG,2024-07-24 00:25,95,China Eastern,Economy,1010,795.0,True,329.0,Y,Y,Y,1,8,2,23,Tuesday,False,False,True,Yangon International Airport,RGN
Wattay International Airport,VTE,2024-07-23 12:55,Singapore Changi Airport,SIN,2024-07-23 17:05,190,Scoot,Economy,1255,890.0,True,385.0,Y,N,N,1,7,0,0,Tuesday,False,False,False,Yangon International Airport,RGN
Wattay International Airport,VTE,2024-07-24 13:40,Suvarnabhumi Airport,BKK,2024-07-24 15:00,80,THAI,Economy,290,125.0,,200.0,Y,Y,Y,1,7,2,23,Wednesday,False,False,False,Yangon International Airport,RGN
Wattay International Airport,VTE,2024-07-24 20:30,Suvarnabhumi Airport,BKK,2024-07-24 21:55,85,THAI,Economy,885,710.0,True,200.0,Y,Y,Y,1,7,2,23,Wednesday,False,False,False,Yangon International Airport,RGN
Wattay International Airport,VTE,2024-07-24 21:50,Kunming Changshui International Airport,KMG,2024-07-25 00:25,95,China Eastern,Economy,1010,795.0,True,329.0,Y,Y,Y,1,8,2,23,Wednesday,False,False,True,Yangon International Airport,RGN
Wattay International Airport,VTE,2024-07-25 13:40,Suvarnabhumi Airport,BKK,2024-07-25 15:00,80,THAI,Economy,290,125.0,,200.0,Y,Y,Y,1,7,2,23,Thursday,False,False,False,Yangon International Airport,RGN
Wattay International Airport,VTE,2024-07-25 20:30,Suvarnabhumi Airport,BKK,2024-07-25 21:55,85,THAI,Economy,885,710.0,True,200.0,Y,Y,Y,1,7,2,23,Thursday,False,False,False,Yangon International Airport,RGN
Wattay International Airport,VTE,2024-07-25 21:50,Kunming Changshui International Airport,KMG,2024-07-26 00:25,95,China Eastern,Economy,1010,795.0,True,329.0,Y,Y,Y,1,8,2,23,Thursday,False,False,True,Yangon International Airport,RGN
Wattay International Airport,VTE,2024-07-25 20:00,Yangon International Airport,RGN,2024-07-25 21:00,90,MAI,Economy,90,,,,Y,Y,Y,1,7,1,30,Thursday,False,False,False,Yangon International Airport,RGN
Wattay International Airport,VTE,2024-07-26 13:40,Suvarnabhumi Airport,BKK,2024-07-26 15:00,80,THAI,Economy,290,125.0,,200.0,Y,Y,Y,1,7,2,23,Friday,False,False,False,Yangon International Airport,RGN
Wattay International Airport,VTE,2024-07-26 20:30,Suvarnabhumi Airport,BKK,2024-07-26 21:55,85,THAI,Economy,885,710.0,True,200.0,Y,Y,Y,1,7,2,23,Friday,False,False,False,Yangon International Airport,RGN
Wattay International Airport,VTE,2024-07-26 21:50,Kunming Changshui International Airport,KMG,2024-07-27 00:25,95,China Eastern,Economy,1010,795.0,True,329.0,Y,Y,Y,1,8,2,23,Friday,False,False,True,Yangon International Airport,RGN
Wattay International Airport,VTE,2024-07-26 19:10,Guangzhou Baiyun International Airport,CAN,2024-07-26 22:25,135,China Southern,Economy,935,595.0,True,362.0,Y,Y,Y,1,8,1,23,Friday,False,False,False,Yangon International Airport,RGN
Wattay International Airport,VTE,2024-07-27 13:40,Suvarnabhumi Airport,BKK,2024-07-27 15:00,80,THAI,Economy,290,125.0,,200.0,Y,Y,Y,1,7,2,23,Saturday,False,False,False,Yangon International Airport,RGN
Wattay International Airport,VTE,2024-07-27 20:30,Suvarnabhumi Airport,BKK,2024-07-27 21:55,85,THAI,Economy,885,710.0,True,200.0,Y,Y,Y,1,7,2,23,Saturday,False,False,False,Yangon International Airport,RGN
Wattay International Airport,VTE,2024-07-27 21:50,Kunming Changshui International Airport,KMG,2024-07-28 00:25,95,China Eastern,Economy,1010,795.0,True,329.0,Y,Y,Y,1,8,2,23,Saturday,False,False,True,Yangon International Airport,RGN
Wattay International Airport,VTE,2024-07-27 12:55,Singapore Changi Airport,SIN,2024-07-27 17:05,190,Scoot,Economy,1255,890.0,True,385.0,Y,N,N,1,7,0,0,Saturday,False,False,False,Yangon International Airport,RGN
Wattay International Airport,VTE,2024-07-28 20:30,Suvarnabhumi Airport,BKK,2024-07-28 21:55,85,THAI,Economy,885,710.0,True,200.0,Y,Y,Y,1,7,2,23,Sunday,False,False,False,Yangon International Airport,RGN
Wattay International Airport,VTE,2024-07-28 13:40,Suvarnabhumi Airport,BKK,2024-07-28 15:00,80,THAI,Economy,290,125.0,,283.0,Y,Y,Y,1,7,2,23,Sunday,False,False,False,Yangon International Airport,RGN
Wattay International Airport,VTE,2024-07-28 21:50,Kunming Changshui International Airport,KMG,2024-07-29 00:25,95,China Eastern,Economy,1010,795.0,True,329.0,Y,Y,Y,1,8,2,23,Sunday,False,False,True,Yangon International Airport,RGN
Wattay International Airport,VTE,2024-07-28 19:10,Guangzhou Baiyun International Airport,CAN,2024-07-28 22:25,135,China Southern,Economy,935,595.0,True,362.0,Y,Y,Y,1,8,1,23,Sunday,False,False,False,Yangon International Airport,RGN
Wattay International Airport,VTE,2024-07-29 13:40,Suvarnabhumi Airport,BKK,2024-07-29 15:00,80,THAI,Economy,290,125.0,,200.0,Y,Y,Y,1,7,2,23,Monday,False,False,False,Yangon International Airport,RGN
Wattay International Airport,VTE,2024-07-29 20:30,Suvarnabhumi Airport,BKK,2024-07-29 21:55,85,THAI,Economy,885,710.0,True,200.0,Y,Y,Y,1,7,2,23,Monday,False,False,False,Yangon International Airport,RGN
Wattay International Airport,VTE,2024-07-29 21:50,Kunming Changshui International Airport,KMG,2024-07-30 00:25,95,China Eastern,Economy,1010,795.0,True,329.0,Y,Y,Y,1,8,2,23,Monday,False,False,True,Yangon International Airport,RGN
Wattay International Airport,VTE,2024-07-30 13:40,Suvarnabhumi Airport,BKK,2024-07-30 15:00,80,THAI,Economy,290,125.0,,200.0,Y,Y,Y,1,7,2,23,Tuesday,False,False,False,Yangon International Airport,RGN
Wattay International Airport,VTE,2024-07-30 20:00,Yangon International Airport,RGN,2024-07-30 21:00,90,MAI,Economy,90,,,,Y,Y,Y,1,7,1,30,Tuesday,False,False,False,Yangon International Airport,RGN
Wattay International Airport,VTE,2024-07-30 20:30,Suvarnabhumi Airport,BKK,2024-07-30 21:55,85,THAI,Economy,885,710.0,True,200.0,Y,Y,Y,1,7,2,23,Tuesday,False,False,False,Yangon International Airport,RGN
Wattay International Airport,VTE,2024-07-30 21:50,Kunming Changshui International Airport,KMG,2024-07-31 00:25,95,China Eastern,Economy,1010,795.0,True,329.0,Y,Y,Y,1,8,2,23,Tuesday,False,False,True,Yangon International Airport,RGN
Wattay International Airport,VTE,2024-07-30 12:55,Singapore Changi Airport,SIN,2024-07-30 17:05,190,Scoot,Economy,1255,890.0,True,385.0,Y,N,N,1,7,0,0,Tuesday,False,False,False,Yangon International Airport,RGN
Wattay International Airport,VTE,2024-07-31 13:40,Suvarnabhumi Airport,BKK,2024-07-31 15:00,80,THAI,Economy,290,125.0,,200.0,Y,Y,Y,1,7,2,23,Wednesday,False,False,False,Yangon International Airport,RGN
Wattay International Airport,VTE,2024-07-31 20:30,Suvarnabhumi Airport,BKK,2024-07-31 21:55,85,THAI,Economy,875,700.0,True,200.0,Y,Y,Y,1,7,2,23,Wednesday,False,False,False,Yangon International Airport,RGN
Wattay International Airport,VTE,2024-07-31 21:50,Kunming Changshui International Airport,KMG,2024-08-01 00:25,95,China Eastern,Economy,1010,795.0,True,329.0,Y,Y,Y,1,8,2,23,Wednesday,False,False,True,Yangon International Airport,RGN
Wattay International Airport,VTE,2024-08-01 13:30,Suvarnabhumi Airport,BKK,2024-08-01 14:50,80,THAI,Economy,300,135.0,,218.0,Y,Y,Y,1,7,2,23,Thursday,False,False,False,Yangon International Airport,RGN
Wattay International Airport,VTE,2024-08-01 20:30,Suvarnabhumi Airport,BKK,2024-08-01 21:55,85,THAI,Economy,875,700.0,True,218.0,Y,Y,Y,1,7,2,23,Thursday,False,False,False,Yangon International Airport,RGN
Wattay International Airport,VTE,2024-08-01 12:55,Singapore Changi Airport,SIN,2024-08-01 17:05,190,Scoot,Economy,1255,890.0,True,386.0,Y,N,N,1,7,0,0,Thursday,False,False,False,Yangon International Airport,RGN
Wattay International Airport,VTE,2024-08-01 20:00,Yangon International Airport,RGN,2024-08-01 21:00,90,MAI,Economy,90,,,,Y,Y,Y,1,7,1,30,Thursday,False,False,False,Yangon International Airport,RGN
Wattay International Airport,VTE,2024-08-02 13:30,Suvarnabhumi Airport,BKK,2024-08-02 14:50,80,THAI,Economy,300,135.0,,218.0,Y,Y,Y,1,7,2,23,Friday,False,False,False,Yangon International Airport,RGN
Wattay International Airport,VTE,2024-08-02 20:30,Suvarnabhumi Airport,BKK,2024-08-02 21:55,85,THAI,Economy,875,700.0,True,218.0,Y,Y,Y,1,7,2,23,Friday,False,False,False,Yangon International Airport,RGN
Wattay International Airport,VTE,2024-08-02 21:50,Kunming Changshui International Airport,KMG,2024-08-03 00:25,95,China Eastern,Economy,1010,795.0,True,330.0,Y,Y,Y,1,8,2,23,Friday,False,False,True,Yangon International Airport,RGN
Wattay International Airport,VTE,2024-08-02 19:10,Guangzhou Baiyun International Airport,CAN,2024-08-02 22:25,135,China Southern,Economy,935,595.0,True,396.0,Y,Y,Y,1,8,1,23,Friday,False,False,False,Yangon International Airport,RGN
Wattay International Airport,VTE,2024-08-03 13:30,Suvarnabhumi Airport,BKK,2024-08-03 14:50,80,THAI,Economy,300,135.0,,218.0,Y,Y,Y,1,7,2,23,Saturday,False,False,False,Yangon International Airport,RGN
Wattay International Airport,VTE,2024-08-03 20:30,Suvarnabhumi Airport,BKK,2024-08-03 21:55,85,THAI,Economy,875,700.0,True,218.0,Y,Y,Y,1,7,2,23,Saturday,False,False,False,Yangon International Airport,RGN
Wattay International Airport,VTE,2024-08-03 21:50,Kunming Changshui International Airport,KMG,2024-08-04 00:25,95,China Eastern,Economy,1010,795.0,True,330.0,Y,Y,Y,1,8,2,23,Saturday,False,False,True,Yangon International Airport,RGN
Wattay International Airport,VTE,2024-08-03 12:55,Singapore Changi Airport,SIN,2024-08-03 17:05,190,Scoot,Economy,1255,890.0,True,386.0,Y,N,N,1,7,0,0,Saturday,False,False,False,Yangon International Airport,RGN
Wattay International Airport,VTE,2024-08-04 13:30,Suvarnabhumi Airport,BKK,2024-08-04 14:50,80,THAI,Economy,300,135.0,,218.0,Y,Y,Y,1,7,2,23,Sunday,False,False,False,Yangon International Airport,RGN
Wattay International Airport,VTE,2024-08-04 20:30,Suvarnabhumi Airport,BKK,2024-08-04 21:55,85,THAI,Economy,875,700.0,True,218.0,Y,Y,Y,1,7,2,23,Sunday,False,False,False,Yangon International Airport,RGN
Wattay International Airport,VTE,2024-08-04 19:10,Guangzhou Baiyun International Airport,CAN,2024-08-04 22:25,135,China Southern,Economy,935,595.0,True,396.0,Y,Y,Y,1,8,1,23,Sunday,False,False,False,Yangon International Airport,RGN
Wattay International Airport,VTE,2024-08-05 13:30,Suvarnabhumi Airport,BKK,2024-08-05 14:50,80,THAI,Economy,300,135.0,,218.0,Y,Y,Y,1,7,2,23,Monday,False,False,False,Yangon International Airport,RGN
Wattay International Airport,VTE,2024-08-05 20:30,Suvarnabhumi Airport,BKK,2024-08-05 21:55,85,THAI,Economy,875,700.0,True,218.0,Y,Y,Y,1,7,2,23,Monday,False,False,False,Yangon International Airport,RGN
Wattay International Airport,VTE,2024-08-05 21:50,Kunming Changshui International Airport,KMG,2024-08-06 00:25,95,China Eastern,Economy,1010,795.0,True,330.0,Y,Y,Y,1,8,2,23,Monday,False,False,True,Yangon International Airport,RGN
Wattay International Airport,VTE,2024-08-06 13:30,Suvarnabhumi Airport,BKK,2024-08-06 14:50,80,THAI,Economy,300,135.0,,218.0,Y,Y,Y,1,7,2,23,Tuesday,False,False,False,Yangon International Airport,RGN
Wattay International Airport,VTE,2024-08-06 20:00,Yangon International Airport,RGN,2024-08-06 21:00,90,MAI,Economy,90,,,,Y,Y,Y,1,7,1,30,Tuesday,False,False,False,Yangon International Airport,RGN
Wattay International Airport,VTE,2024-08-06 20:30,Suvarnabhumi Airport,BKK,2024-08-06 21:55,85,THAI,Economy,875,700.0,True,218.0,Y,Y,Y,1,7,2,23,Tuesday,False,False,False,Yangon International Airport,RGN
Wattay International Airport,VTE,2024-08-06 21:50,Kunming Changshui International Airport,KMG,2024-08-07 00:25,95,China Eastern,Economy,1010,795.0,True,330.0,Y,Y,Y,1,8,2,23,Tuesday,False,False,True,Yangon International Airport,RGN
Wattay International Airport,VTE,2024-08-06 12:55,Singapore Changi Airport,SIN,2024-08-06 17:05,190,Scoot,Economy,1255,890.0,True,386.0,Y,N,N,1,7,0,0,Tuesday,False,False,False,Yangon International Airport,RGN
Wattay International Airport,VTE,2024-08-07 13:30,Suvarnabhumi Airport,BKK,2024-08-07 14:50,80,THAI,Economy,300,135.0,,218.0,Y,Y,Y,1,7,2,23,Wednesday,False,False,False,Yangon International Airport,RGN
Wattay International Airport,VTE,2024-08-07 20:30,Suvarnabhumi Airport,BKK,2024-08-07 21:55,85,THAI,Economy,875,700.0,True,218.0,Y,Y,Y,1,7,2,23,Wednesday,False,False,False,Yangon International Airport,RGN
Wattay International Airport,VTE,2024-08-07 21:50,Kunming Changshui International Airport,KMG,2024-08-08 00:25,95,China Eastern,Economy,1010,795.0,True,330.0,Y,Y,Y,1,8,2,23,Wednesday,False,False,True,Yangon International Airport,RGN
Wattay International Airport,VTE,2024-08-08 13:30,Suvarnabhumi Airport,BKK,2024-08-08 14:50,80,THAI,Economy,300,135.0,,218.0,Y,Y,Y,1,7,2,23,Thursday,False,False,False,Yangon International Airport,RGN
Wattay International Airport,VTE,2024-08-08 20:30,Suvarnabhumi Airport,BKK,2024-08-08 21:55,85,THAI,Economy,875,700.0,True,218.0,Y,Y,Y,1,7,2,23,Thursday,False,False,False,Yangon International Airport,RGN
Wattay International Airport,VTE,2024-08-08 12:55,Singapore Changi Airport,SIN,2024-08-08 17:05,190,Scoot,Economy,1255,890.0,True,386.0,Y,N,N,1,7,0,0,Thursday,False,False,False,Yangon International Airport,RGN
Wattay International Airport,VTE,2024-08-08 20:00,Yangon International Airport,RGN,2024-08-08 21:00,90,MAI,Economy,90,,,,Y,Y,Y,1,7,1,30,Thursday,False,False,False,Yangon International Airport,RGN
Wattay International Airport,VTE,2024-08-09 13:30,Suvarnabhumi Airport,BKK,2024-08-09 14:50,80,THAI,Economy,300,135.0,,218.0,Y,Y,Y,1,7,2,23,Friday,False,False,False,Yangon International Airport,RGN
Wattay International Airport,VTE,2024-08-09 20:30,Suvarnabhumi Airport,BKK,2024-08-09 21:55,85,THAI,Economy,875,700.0,True,218.0,Y,Y,Y,1,7,2,23,Friday,False,False,False,Yangon International Airport,RGN
Wattay International Airport,VTE,2024-08-09 21:50,Kunming Changshui International Airport,KMG,2024-08-10 00:25,95,China Eastern,Economy,1010,795.0,True,330.0,Y,Y,Y,1,8,2,23,Friday,False,False,True,Yangon International Airport,RGN
Wattay International Airport,VTE,2024-08-09 19:10,Guangzhou Baiyun International Airport,CAN,2024-08-09 22:25,135,China Southern,Economy,935,595.0,True,396.0,Y,Y,Y,1,8,1,23,Friday,False,False,False,Yangon International Airport,RGN
Wattay International Airport,VTE,2024-08-10 13:30,Suvarnabhumi Airport,BKK,2024-08-10 14:50,80,THAI,Economy,300,135.0,,218.0,Y,Y,Y,1,7,2,23,Saturday,False,False,False,Yangon International Airport,RGN
Wattay International Airport,VTE,2024-08-10 20:30,Suvarnabhumi Airport,BKK,2024-08-10 21:55,85,THAI,Economy,875,700.0,True,218.0,Y,Y,Y,1,7,2,23,Saturday,False,False,False,Yangon International Airport,RGN
Wattay International Airport,VTE,2024-08-10 21:50,Kunming Changshui International Airport,KMG,2024-08-11 00:25,95,China Eastern,Economy,1010,795.0,True,330.0,Y,Y,Y,1,8,2,23,Saturday,False,False,True,Yangon International Airport,RGN
Wattay International Airport,VTE,2024-08-10 12:55,Singapore Changi Airport,SIN,2024-08-10 17:05,190,Scoot,Economy,1255,890.0,True,450.0,Y,N,N,1,7,0,0,Saturday,False,False,False,Yangon International Airport,RGN
Wattay International Airport,VTE,2024-08-11 13:30,Suvarnabhumi Airport,BKK,2024-08-11 14:50,80,THAI,Economy,300,135.0,,218.0,Y,Y,Y,1,7,2,23,Sunday,False,False,False,Yangon International Airport,RGN
Wattay International Airport,VTE,2024-08-11 20:30,Suvarnabhumi Airport,BKK,2024-08-11 21:55,85,THAI,Economy,875,700.0,True,218.0,Y,Y,Y,1,7,2,23,Sunday,False,False,False,Yangon International Airport,RGN
Wattay International Airport,VTE,2024-08-11 19:10,Guangzhou Baiyun International Airport,CAN,2024-08-11 22:25,135,China Southern,Economy,935,595.0,True,361.0,Y,Y,Y,1,8,1,23,Sunday,False,False,False,Yangon International Airport,RGN
Wattay International Airport,VTE,2024-08-12 13:30,Suvarnabhumi Airport,BKK,2024-08-12 14:50,80,THAI,Economy,300,135.0,,218.0,Y,Y,Y,1,7,2,23,Monday,False,False,False,Yangon International Airport,RGN
Wattay International Airport,VTE,2024-08-12 20:30,Suvarnabhumi Airport,BKK,2024-08-12 21:55,85,THAI,Economy,875,700.0,True,218.0,Y,Y,Y,1,7,2,23,Monday,False,False,False,Yangon International Airport,RGN
Wattay International Airport,VTE,2024-08-12 21:50,Kunming Changshui International Airport,KMG,2024-08-13 00:25,95,China Eastern,Economy,1010,795.0,True,330.0,Y,Y,Y,1,8,2,23,Monday,False,False,True,Yangon International Airport,RGN
Wattay International Airport,VTE,2024-08-13 13:30,Suvarnabhumi Airport,BKK,2024-08-13 14:50,80,THAI,Economy,300,135.0,,218.0,Y,Y,Y,1,7,2,23,Tuesday,False,False,False,Yangon International Airport,RGN
Wattay International Airport,VTE,2024-08-13 20:00,Yangon International Airport,RGN,2024-08-13 21:00,90,MAI,Economy,90,,,,Y,Y,Y,1,7,1,30,Tuesday,False,False,False,Yangon International Airport,RGN
Wattay International Airport,VTE,2024-08-13 20:30,Suvarnabhumi Airport,BKK,2024-08-13 21:55,85,THAI,Economy,875,700.0,True,218.0,Y,Y,Y,1,7,2,23,Tuesday,False,False,False,Yangon International Airport,RGN
Wattay International Airport,VTE,2024-08-13 21:50,Kunming Changshui International Airport,KMG,2024-08-14 00:25,95,China Eastern,Economy,1010,795.0,True,330.0,Y,Y,Y,1,8,2,23,Tuesday,False,False,True,Yangon International Airport,RGN
Wattay International Airport,VTE,2024-08-13 12:55,Singapore Changi Airport,SIN,2024-08-13 17:05,190,Scoot,Economy,1255,890.0,True,485.0,Y,N,N,1,7,0,0,Tuesday,False,False,False,Yangon International Airport,RGN
Wattay International Airport,VTE,2024-08-14 13:30,Suvarnabhumi Airport,BKK,2024-08-14 14:50,80,THAI,Economy,300,135.0,,218.0,Y,Y,Y,1,7,2,23,Wednesday,False,False,False,Yangon International Airport,RGN
Wattay International Airport,VTE,2024-08-14 20:30,Suvarnabhumi Airport,BKK,2024-08-14 21:55,85,THAI,Economy,875,700.0,True,218.0,Y,Y,Y,1,7,2,23,Wednesday,False,False,False,Yangon International Airport,RGN
Wattay International Airport,VTE,2024-08-14 21:50,Kunming Changshui International Airport,KMG,2024-08-15 00:25,95,China Eastern,Economy,1010,795.0,True,330.0,Y,Y,Y,1,8,2,23,Wednesday,False,False,True,Yangon International Airport,RGN
Wattay International Airport,VTE,2024-08-15 13:30,Suvarnabhumi Airport,BKK,2024-08-15 14:50,80,THAI,Economy,300,135.0,,218.0,Y,Y,Y,1,7,2,23,Thursday,False,False,False,Yangon International Airport,RGN
Wattay International Airport,VTE,2024-08-15 20:30,Suvarnabhumi Airport,BKK,2024-08-15 21:55,85,THAI,Economy,875,700.0,True,218.0,Y,Y,Y,1,7,2,23,Thursday,False,False,False,Yangon International Airport,RGN
Wattay International Airport,VTE,2024-08-15 12:55,Singapore Changi Airport,SIN,2024-08-15 17:05,190,Scoot,Economy,1255,890.0,True,386.0,Y,N,N,1,7,0,0,Thursday,False,False,False,Yangon International Airport,RGN
Wattay International Airport,VTE,2024-08-15 20:00,Yangon International Airport,RGN,2024-08-15 21:00,90,MAI,Economy,90,,,,Y,Y,Y,1,7,1,30,Thursday,False,False,False,Yangon International Airport,RGN
Wattay International Airport,VTE,2024-08-16 13:30,Suvarnabhumi Airport,BKK,2024-08-16 14:50,80,THAI,Economy,300,135.0,,218.0,Y,Y,Y,1,7,2,23,Friday,False,False,False,Yangon International Airport,RGN
Wattay International Airport,VTE,2024-08-16 20:30,Suvarnabhumi Airport,BKK,2024-08-16 21:55,85,THAI,Economy,875,700.0,True,218.0,Y,Y,Y,1,7,2,23,Friday,False,False,False,Yangon International Airport,RGN
Wattay International Airport,VTE,2024-08-16 21:50,Kunming Changshui International Airport,KMG,2024-08-17 00:25,95,China Eastern,Economy,1010,795.0,True,330.0,Y,Y,Y,1,8,2,23,Friday,False,False,True,Yangon International Airport,RGN
Wattay International Airport,VTE,2024-08-16 19:10,Guangzhou Baiyun International Airport,CAN,2024-08-16 22:25,135,China Southern,Economy,935,595.0,True,361.0,Y,Y,Y,1,8,1,23,Friday,False,False,False,Yangon International Airport,RGN
Wattay International Airport,VTE,2024-08-17 13:30,Suvarnabhumi Airport,BKK,2024-08-17 14:50,80,THAI,Economy,300,135.0,,218.0,Y,Y,Y,1,7,2,23,Saturday,False,False,False,Yangon International Airport,RGN
Wattay International Airport,VTE,2024-08-17 20:30,Suvarnabhumi Airport,BKK,2024-08-17 21:55,85,THAI,Economy,875,700.0,True,218.0,Y,Y,Y,1,7,2,23,Saturday,False,False,False,Yangon International Airport,RGN
Wattay International Airport,VTE,2024-08-17 21:50,Kunming Changshui International Airport,KMG,2024-08-18 00:25,95,China Eastern,Economy,1010,795.0,True,330.0,Y,Y,Y,1,8,2,23,Saturday,False,False,True,Yangon International Airport,RGN
Wattay International Airport,VTE,2024-08-17 12:55,Singapore Changi Airport,SIN,2024-08-17 17:05,190,Scoot,Economy,1255,890.0,True,386.0,Y,N,N,1,7,0,0,Saturday,False,False,False,Yangon International Airport,RGN
Wattay International Airport,VTE,2024-08-18 13:30,Suvarnabhumi Airport,BKK,2024-08-18 14:50,80,THAI,Economy,300,135.0,,218.0,Y,Y,Y,1,7,2,23,Sunday,False,False,False,Yangon International Airport,RGN
Wattay International Airport,VTE,2024-08-18 20:30,Suvarnabhumi Airport,BKK,2024-08-18 21:55,85,THAI,Economy,875,700.0,True,218.0,Y,Y,Y,1,7,2,23,Sunday,False,False,False,Yangon International Airport,RGN
Wattay International Airport,VTE,2024-08-18 19:10,Guangzhou Baiyun International Airport,CAN,2024-08-18 22:25,135,China Southern,Economy,935,595.0,True,361.0,Y,Y,Y,1,8,1,23,Sunday,False,False,False,Yangon International Airport,RGN
Wattay International Airport,VTE,2024-08-19 13:30,Suvarnabhumi Airport,BKK,2024-08-19 14:50,80,THAI,Economy,300,135.0,,218.0,Y,Y,Y,1,7,2,23,Monday,False,False,False,Yangon International Airport,RGN
Wattay International Airport,VTE,2024-08-19 20:30,Suvarnabhumi Airport,BKK,2024-08-19 21:55,85,THAI,Economy,875,700.0,True,218.0,Y,Y,Y,1,7,2,23,Monday,False,False,False,Yangon International Airport,RGN
Wattay International Airport,VTE,2024-08-19 21:50,Kunming Changshui International Airport,KMG,2024-08-20 00:25,95,China Eastern,Economy,1010,795.0,True,330.0,Y,Y,Y,1,8,2,23,Monday,False,False,True,Yangon International Airport,RGN
Wattay International Airport,VTE,2024-08-20 13:30,Suvarnabhumi Airport,BKK,2024-08-20 14:50,80,THAI,Economy,300,135.0,,218.0,Y,Y,Y,1,7,2,23,Tuesday,False,False,False,Yangon International Airport,RGN
Wattay International Airport,VTE,2024-08-20 20:00,Yangon International Airport,RGN,2024-08-20 21:00,90,MAI,Economy,90,,,,Y,Y,Y,1,7,1,30,Tuesday,False,False,False,Yangon International Airport,RGN
Wattay International Airport,VTE,2024-08-20 20:30,Suvarnabhumi Airport,BKK,2024-08-20 21:55,85,THAI,Economy,875,700.0,True,218.0,Y,Y,Y,1,7,2,23,Tuesday,False,False,False,Yangon International Airport,RGN
Wattay International Airport,VTE,2024-08-20 21:50,Kunming Changshui International Airport,KMG,2024-08-21 00:25,95,China Eastern,Economy,1010,795.0,True,330.0,Y,Y,Y,1,8,2,23,Tuesday,False,False,True,Yangon International Airport,RGN
Wattay International Airport,VTE,2024-08-20 12:55,Singapore Changi Airport,SIN,2024-08-20 17:05,190,Scoot,Economy,1255,890.0,True,386.0,Y,N,N,1,7,0,0,Tuesday,False,False,False,Yangon International Airport,RGN
Wattay International Airport,VTE,2024-08-21 13:30,Suvarnabhumi Airport,BKK,2024-08-21 14:50,80,THAI,Economy,300,135.0,,218.0,Y,Y,Y,1,7,2,23,Wednesday,False,False,False,Yangon International Airport,RGN
Wattay International Airport,VTE,2024-08-21 20:30,Suvarnabhumi Airport,BKK,2024-08-21 21:55,85,THAI,Economy,875,700.0,True,218.0,Y,Y,Y,1,7,2,23,Wednesday,False,False,False,Yangon International Airport,RGN
Wattay International Airport,VTE,2024-08-21 21:50,Kunming Changshui International Airport,KMG,2024-08-22 00:25,95,China Eastern,Economy,1010,795.0,True,330.0,Y,Y,Y,1,8,2,23,Wednesday,False,False,True,Yangon International Airport,RGN
Wattay International Airport,VTE,2024-08-22 13:30,Suvarnabhumi Airport,BKK,2024-08-22 14:50,80,THAI,Economy,300,135.0,,218.0,Y,Y,Y,1,7,2,23,Thursday,False,False,False,Yangon International Airport,RGN
Wattay International Airport,VTE,2024-08-22 20:30,Suvarnabhumi Airport,BKK,2024-08-22 21:55,85,THAI,Economy,875,700.0,True,218.0,Y,Y,Y,1,7,2,23,Thursday,False,False,False,Yangon International Airport,RGN
Wattay International Airport,VTE,2024-08-22 12:55,Singapore Changi Airport,SIN,2024-08-22 17:05,190,Scoot,Economy,1255,890.0,True,386.0,Y,N,N,1,7,0,0,Thursday,False,False,False,Yangon International Airport,RGN
Wattay International Airport,VTE,2024-08-22 20:00,Yangon International Airport,RGN,2024-08-22 21:00,90,MAI,Economy,90,,,,Y,Y,Y,1,7,1,30,Thursday,False,False,False,Yangon International Airport,RGN
Wattay International Airport,VTE,2024-08-23 13:30,Suvarnabhumi Airport,BKK,2024-08-23 14:50,80,THAI,Economy,300,135.0,,218.0,Y,Y,Y,1,7,2,23,Friday,False,False,False,Yangon International Airport,RGN
Wattay International Airport,VTE,2024-08-23 20:30,Suvarnabhumi Airport,BKK,2024-08-23 21:55,85,THAI,Economy,875,700.0,True,218.0,Y,Y,Y,1,7,2,23,Friday,False,False,False,Yangon International Airport,RGN
Wattay International Airport,VTE,2024-08-23 19:10,Guangzhou Baiyun International Airport,CAN,2024-08-23 22:25,135,China Southern,Economy,935,595.0,True,326.0,Y,Y,Y,1,8,1,23,Friday,False,False,False,Yangon International Airport,RGN
Wattay International Airport,VTE,2024-08-23 21:50,Kunming Changshui International Airport,KMG,2024-08-24 00:25,95,China Eastern,Economy,1010,795.0,True,330.0,Y,Y,Y,1,8,2,23,Friday,False,False,True,Yangon International Airport,RGN
Wattay International Airport,VTE,2024-08-24 13:30,Suvarnabhumi Airport,BKK,2024-08-24 14:50,80,THAI,Economy,300,135.0,,218.0,Y,Y,Y,1,7,2,23,Saturday,False,False,False,Yangon International Airport,RGN
Wattay International Airport,VTE,2024-08-24 20:30,Suvarnabhumi Airport,BKK,2024-08-24 21:55,85,THAI,Economy,875,700.0,True,218.0,Y,Y,Y,1,7,2,23,Saturday,False,False,False,Yangon International Airport,RGN
Wattay International Airport,VTE,2024-08-24 21:50,Kunming Changshui International Airport,KMG,2024-08-25 00:25,95,China Eastern,Economy,1010,795.0,True,330.0,Y,Y,Y,1,8,2,23,Saturday,False,False,True,Yangon International Airport,RGN
Wattay International Airport,VTE,2024-08-24 12:55,Singapore Changi Airport,SIN,2024-08-24 17:05,190,Scoot,Economy,1255,890.0,True,386.0,Y,N,N,1,7,0,0,Saturday,False,False,False,Yangon International Airport,RGN
Wattay International Airport,VTE,2024-08-25 13:30,Suvarnabhumi Airport,BKK,2024-08-25 14:50,80,THAI,Economy,300,135.0,,218.0,Y,Y,Y,1,7,2,23,Sunday,False,False,False,Yangon International Airport,RGN
Wattay International Airport,VTE,2024-08-25 20:30,Suvarnabhumi Airport,BKK,2024-08-25 21:55,85,THAI,Economy,875,700.0,True,218.0,Y,Y,Y,1,7,2,23,Sunday,False,False,False,Yangon International Airport,RGN
Wattay International Airport,VTE,2024-08-25 19:10,Guangzhou Baiyun International Airport,CAN,2024-08-25 22:25,135,China Southern,Economy,935,595.0,True,326.0,Y,Y,Y,1,8,1,23,Sunday,False,False,False,Yangon International Airport,RGN
Wattay International Airport,VTE,2024-08-25 21:50,Kunming Changshui International Airport,KMG,2024-08-26 00:25,95,China Eastern,Economy,1010,795.0,True,330.0,Y,Y,Y,1,8,2,23,Sunday,False,False,True,Yangon International Airport,RGN
Wattay International Airport,VTE,2024-08-26 13:30,Suvarnabhumi Airport,BKK,2024-08-26 14:50,80,THAI,Economy,300,135.0,,218.0,Y,Y,Y,1,7,2,23,Monday,False,False,False,Yangon International Airport,RGN
Wattay International Airport,VTE,2024-08-26 20:30,Suvarnabhumi Airport,BKK,2024-08-26 21:55,85,THAI,Economy,875,700.0,True,218.0,Y,Y,Y,1,7,2,23,Monday,False,False,False,Yangon International Airport,RGN
Wattay International Airport,VTE,2024-08-26 21:50,Kunming Changshui International Airport,KMG,2024-08-27 00:25,95,China Eastern,Economy,1010,795.0,True,330.0,Y,Y,Y,1,8,2,23,Monday,False,False,True,Yangon International Airport,RGN
Wattay International Airport,VTE,2024-08-27 13:30,Suvarnabhumi Airport,BKK,2024-08-27 14:50,80,THAI,Economy,300,135.0,,218.0,Y,Y,Y,1,7,2,23,Tuesday,False,False,False,Yangon International Airport,RGN
Wattay International Airport,VTE,2024-08-27 20:00,Yangon International Airport,RGN,2024-08-27 21:00,90,MAI,Economy,90,,,,Y,Y,Y,1,7,1,30,Tuesday,False,False,False,Yangon International Airport,RGN
Wattay International Airport,VTE,2024-08-27 20:30,Suvarnabhumi Airport,BKK,2024-08-27 21:55,85,THAI,Economy,875,700.0,True,218.0,Y,Y,Y,1,7,2,23,Tuesday,False,False,False,Yangon International Airport,RGN
Wattay International Airport,VTE,2024-08-27 21:50,Kunming Changshui International Airport,KMG,2024-08-28 00:25,95,China Eastern,Economy,1010,795.0,True,330.0,Y,Y,Y,1,8,2,23,Tuesday,False,False,True,Yangon International Airport,RGN
Wattay International Airport,VTE,2024-08-27 12:55,Singapore Changi Airport,SIN,2024-08-27 17:05,190,Scoot,Economy,1255,890.0,True,386.0,Y,N,N,1,7,0,0,Tuesday,False,False,False,Yangon International Airport,RGN
Wattay International Airport,VTE,2024-08-28 13:30,Suvarnabhumi Airport,BKK,2024-08-28 14:50,80,THAI,Economy,300,135.0,,218.0,Y,Y,Y,1,7,2,23,Wednesday,False,False,False,Yangon International Airport,RGN
Wattay International Airport,VTE,2024-08-28 20:30,Suvarnabhumi Airport,BKK,2024-08-28 21:55,85,THAI,Economy,875,700.0,True,218.0,Y,Y,Y,1,7,2,23,Wednesday,False,False,False,Yangon International Airport,RGN
Wattay International Airport,VTE,2024-08-28 21:50,Kunming Changshui International Airport,KMG,2024-08-29 00:25,95,China Eastern,Economy,1010,795.0,True,330.0,Y,Y,Y,1,8,2,23,Wednesday,False,False,True,Yangon International Airport,RGN
Wattay International Airport,VTE,2024-08-29 13:30,Suvarnabhumi Airport,BKK,2024-08-29 14:50,80,THAI,Economy,300,135.0,,218.0,Y,Y,Y,1,7,2,23,Thursday,False,False,False,Yangon International Airport,RGN
Wattay International Airport,VTE,2024-08-29 20:00,Yangon International Airport,RGN,2024-08-29 21:00,90,MAI,Economy,90,,,,Y,Y,Y,1,7,1,30,Thursday,False,False,False,Yangon International Airport,RGN
Wattay International Airport,VTE,2024-08-29 20:30,Suvarnabhumi Airport,BKK,2024-08-29 21:55,85,THAI,Economy,875,700.0,True,218.0,Y,Y,Y,1,7,2,23,Thursday,False,False,False,Yangon International Airport,RGN
Wattay International Airport,VTE,2024-08-29 21:50,Kunming Changshui International Airport,KMG,2024-08-30 00:25,95,China Eastern,Economy,1010,795.0,True,330.0,Y,Y,Y,1,8,2,23,Thursday,False,False,True,Yangon International Airport,RGN
Wattay International Airport,VTE,2024-08-29 12:55,Singapore Changi Airport,SIN,2024-08-29 17:05,190,Scoot,Economy,1255,890.0,True,386.0,Y,N,N,1,7,0,0,Thursday,False,False,False,Yangon International Airport,RGN
Wattay International Airport,VTE,2024-08-30 13:30,Suvarnabhumi Airport,BKK,2024-08-30 14:50,80,THAI,Economy,300,135.0,,218.0,Y,Y,Y,1,7,2,23,Friday,False,False,False,Yangon International Airport,RGN
Wattay International Airport,VTE,2024-08-30 20:30,Suvarnabhumi Airport,BKK,2024-08-30 21:55,85,THAI,Economy,875,700.0,True,218.0,Y,Y,Y,1,7,2,23,Friday,False,False,False,Yangon International Airport,RGN
Wattay International Airport,VTE,2024-08-30 19:10,Guangzhou Baiyun International Airport,CAN,2024-08-30 22:25,135,China Southern,Economy,935,595.0,True,326.0,Y,Y,Y,1,8,1,23,Friday,False,False,False,Yangon International Airport,RGN
Wattay International Airport,VTE,2024-08-30 21:50,Kunming Changshui International Airport,KMG,2024-08-31 00:25,95,China Eastern,Economy,1010,795.0,True,330.0,Y,Y,Y,1,8,2,23,Friday,False,False,True,Yangon International Airport,RGN
Wattay International Airport,VTE,2024-08-31 13:30,Suvarnabhumi Airport,BKK,2024-08-31 14:50,80,THAI,Economy,300,135.0,,218.0,Y,Y,Y,1,7,2,23,Saturday,False,False,False,Yangon International Airport,RGN
Wattay International Airport,VTE,2024-08-31 20:30,Suvarnabhumi Airport,BKK,2024-08-31 21:55,85,THAI,Economy,875,700.0,True,218.0,Y,Y,Y,1,7,2,23,Saturday,False,False,False,Yangon International Airport,RGN
Wattay International Airport,VTE,2024-08-31 21:50,Kunming Changshui International Airport,KMG,2024-09-01 00:25,95,China Eastern,Economy,1010,795.0,True,330.0,Y,Y,Y,1,8,2,23,Saturday,False,False,True,Yangon International Airport,RGN
Wattay International Airport,VTE,2024-08-31 12:55,Singapore Changi Airport,SIN,2024-08-31 17:05,190,Scoot,Economy,1255,890.0,True,386.0,Y,N,N,1,7,0,0,Saturday,False,False,False,Yangon International Airport,RGN
