Departure Airport Name,Departure Airport ID,Departure Time,Arrival Airport Name,Arrival Airport ID,Arrival Time,Duration,Airline,Travel Class,Total Duration,Layover 1 Duration,Layover 1 Overnight,Price, Cabin Baggage, Checked Baggage,Meal Included,Cabin Baggage (Number),Cabin Baggage (kg per piece),Checked Baggage (Number),Checked Baggage (kg per piece) 
Suvarnabhumi Airport,BKK,01/07/2024 10:40,Yangon International Airport,RGN,01/07/2024 11:35,85,Myanmar National Airlines,Business Class,85,N/A,N/A,340,Y,Y,Y,1,7,1,40
Suvarnabhumi Airport,BKK,01/07/2024 20:20,Yangon International Airport,RGN,01/07/2024 21:15,85,Myanmar National Airlines,Business Class,85,N/A,N/A,340,Y,Y,Y,1,7,1,40
Suvarnabhumi Airport,BKK,01/07/2024 7:50,Kunming Changshui International Airport,KMG,01/07/2024 11:30,160,China Eastern,Business Class,410,130,N/A,757,Y,Y,Y,1,10,2,32
Suvarnabhumi Airport,BKK,01/07/2024 19:40,Kuala Lumpur International Airport,KUL,01/07/2024 22:50,130,Malaysia Airlines,Business Class,915,620,TRUE,437,Y,Y,Y,1,8,2,23
Suvarnabhumi Airport,BKK,01/07/2024 21:15,Kunming Changshui International Airport,KMG,02/07/2024 0:45,150,China Eastern,Business Class,1045,775,TRUE,757,Y,Y,Y,1,10,2,32
Suvarnabhumi Airport,BKK,01/07/2024 3:00,Guangzhou Baiyun International Airport,CAN,01/07/2024 6:55,175,China Southern,Business Class,465,85,N/A,1150,Y,Y,Y,1,10,2,32
Suvarnabhumi Airport,BKK,01/07/2024 21:15,Singapore Changi Airport,SIN,02/07/2024 0:35,140,Singapore Airlines,Business Class,755,440,TRUE,1162,Y,Y,Y,1,7,1,23
Suvarnabhumi Airport,BKK,02/07/2024 10:40,Yangon International Airport,RGN,02/07/2024 11:35,85,Myanmar National Airlines,Business Class,85,N/A,N/A,340,Y,Y,Y,1,7,1,40
Suvarnabhumi Airport,BKK,02/07/2024 6:00,Kuala Lumpur International Airport,KUL,02/07/2024 9:10,130,Malaysia Airlines,Business Class,470,175,N/A,712,Y,Y,Y,1,8,2,23
Suvarnabhumi Airport,BKK,02/07/2024 7:50,Kunming Changshui International Airport,KMG,02/07/2024 11:30,160,China Eastern,Business Class,410,130,N/A,757,Y,Y,Y,1,10,2,32
Suvarnabhumi Airport,BKK,02/07/2024 19:40,Kuala Lumpur International Airport,KUL,02/07/2024 22:50,130,Malaysia Airlines,Business Class,915,620,TRUE,437,Y,Y,Y,1,8,2,23
Suvarnabhumi Airport,BKK,02/07/2024 19:40,Kuala Lumpur International Airport,KUL,02/07/2024 22:50,130,Malaysia Airlines,Business Class,1090,795,TRUE,723,Y,Y,Y,1,8,2,23
Suvarnabhumi Airport,BKK,02/07/2024 16:40,Kuala Lumpur International Airport,KUL,02/07/2024 19:50,130,THAI,Business Class,1095,800,TRUE,724,Y,Y,Y,1,7,2,30
Suvarnabhumi Airport,BKK,02/07/2024 21:15,Kunming Changshui International Airport,KMG,03/07/2024 0:45,150,China Eastern,Business Class,1045,775,TRUE,757,Y,Y,Y,1,10,2,32
Suvarnabhumi Airport,BKK,02/07/2024 19:05,Guangzhou Baiyun International Airport,CAN,02/07/2024 22:50,165,China Southern,Business Class,940,570,TRUE,855,Y,Y,Y,1,10,2,32
Suvarnabhumi Airport,BKK,02/07/2024 21:15,Singapore Changi Airport,SIN,03/07/2024 0:35,140,Singapore Airlines,Business Class,755,440,TRUE,1076,Y,Y,Y,1,7,1,23
Suvarnabhumi Airport,BKK,03/07/2024 10:40,Yangon International Airport,RGN,03/07/2024 11:35,85,Myanmar National Airlines,Business Class,85,N/A,N/A,340,Y,Y,Y,1,7,1,40
Suvarnabhumi Airport,BKK,03/07/2024 20:20,Yangon International Airport,RGN,03/07/2024 21:15,85,Myanmar National Airlines,Business Class,85,N/A,N/A,340,Y,Y,Y,1,7,1,40
Suvarnabhumi Airport,BKK,03/07/2024 7:50,Kunming Changshui International Airport,KMG,03/07/2024 11:30,160,China Eastern,Business Class,410,130,N/A,757,Y,Y,Y,1,10,2,32
Suvarnabhumi Airport,BKK,03/07/2024 3:00,Guangzhou Baiyun International Airport,CAN,03/07/2024 6:55,175,China Southern,Business Class,465,85,N/A,855,Y,Y,Y,1,10,2,32
Suvarnabhumi Airport,BKK,03/07/2024 19:40,Kuala Lumpur International Airport,KUL,03/07/2024 22:50,130,Malaysia Airlines,Business Class,915,620,TRUE,437,Y,Y,Y,1,8,2,23
Suvarnabhumi Airport,BKK,03/07/2024 21:15,Kunming Changshui International Airport,KMG,04/07/2024 0:45,150,China Eastern,Business Class,1045,775,TRUE,757,Y,Y,Y,1,10,2,32
Suvarnabhumi Airport,BKK,03/07/2024 21:15,Singapore Changi Airport,SIN,04/07/2024 0:35,140,Singapore Airlines,Business Class,755,440,TRUE,1076,Y,Y,Y,1,7,1,23
Suvarnabhumi Airport,BKK,04/07/2024 10:40,Yangon International Airport,RGN,04/07/2024 11:35,85,Myanmar National Airlines,Business Class,85,N/A,N/A,340,Y,Y,Y,1,7,1,40
Suvarnabhumi Airport,BKK,04/07/2024 20:20,Yangon International Airport,RGN,04/07/2024 21:15,85,Myanmar National Airlines,Business Class,85,N/A,N/A,340,Y,Y,Y,1,7,1,40
Suvarnabhumi Airport,BKK,04/07/2024 6:00,Kuala Lumpur International Airport,KUL,04/07/2024 9:10,130,Malaysia Airlines,Business Class,470,175,N/A,712,Y,Y,Y,1,8,2,23
Suvarnabhumi Airport,BKK,04/07/2024 7:50,Kunming Changshui International Airport,KMG,04/07/2024 11:30,160,China Eastern,Business Class,410,130,N/A,757,Y,Y,Y,1,10,2,32
Suvarnabhumi Airport,BKK,04/07/2024 21:15,Kunming Changshui International Airport,KMG,05/07/2024 0:45,150,China Eastern,Business Class,1045,775,TRUE,757,Y,Y,Y,1,10,2,32
Suvarnabhumi Airport,BKK,04/07/2024 21:15,Singapore Changi Airport,SIN,05/07/2024 0:35,140,Singapore Airlines,Business Class,755,440,TRUE,1076,Y,Y,Y,1,7,1,23
Suvarnabhumi Airport,BKK,05/07/2024 10:40,Yangon International Airport,RGN,05/07/2024 11:35,85,Myanmar National Airlines,Business Class,85,N/A,N/A,340,Y,Y,Y,1,7,1,40
Suvarnabhumi Airport,BKK,05/07/2024 20:20,Yangon International Airport,RGN,05/07/2024 21:15,85,Myanmar National Airlines,Business Class,85,N/A,N/A,340,Y,Y,Y,1,7,1,40
Suvarnabhumi Airport,BKK,05/07/2024 7:50,Kunming Changshui International Airport,KMG,05/07/2024 11:30,160,China Eastern,Business Class,410,130,N/A,757,Y,Y,Y,1,10,2,32
Suvarnabhumi Airport,BKK,05/07/2024 3:00,Guangzhou Baiyun International Airport,CAN,05/07/2024 6:55,175,China Southern,Business Class,465,85,N/A,855,Y,Y,Y,1,10,2,32
Suvarnabhumi Airport,BKK,05/07/2024 19:40,Kuala Lumpur International Airport,KUL,05/07/2024 22:50,130,Malaysia Airlines,Business Class,915,620,TRUE,437,Y,Y,Y,1,8,2,23
Suvarnabhumi Airport,BKK,05/07/2024 21:15,Kunming Changshui International Airport,KMG,06/07/2024 0:45,150,China Eastern,Business Class,1045,775,TRUE,757,Y,Y,Y,1,10,2,32
Suvarnabhumi Airport,BKK,05/07/2024 21:15,Singapore Changi Airport,SIN,06/07/2024 0:35,140,Singapore Airlines,Business Class,755,440,TRUE,1076,Y,Y,Y,1,7,1,23
Suvarnabhumi Airport,BKK,06/07/2024 10:40,Yangon International Airport,RGN,06/07/2024 11:35,85,Myanmar National Airlines,Business Class,85,N/A,N/A,340,Y,Y,Y,1,7,1,40
Suvarnabhumi Airport,BKK,06/07/2024 20:20,Yangon International Airport,RGN,06/07/2024 21:15,85,Myanmar National Airlines,Business Class,85,N/A,N/A,340,Y,Y,Y,1,7,1,40
Suvarnabhumi Airport,BKK,06/07/2024 7:50,Kunming Changshui International Airport,KMG,06/07/2024 11:30,160,China Eastern,Business Class,410,130,N/A,757,Y,Y,Y,1,10,2,32
Suvarnabhumi Airport,BKK,06/07/2024 3:00,Guangzhou Baiyun International Airport,CAN,06/07/2024 6:55,175,China Southern,Business Class,465,85,N/A,855,Y,Y,Y,1,10,2,32
Suvarnabhumi Airport,BKK,06/07/2024 18:40,Kuala Lumpur International Airport,KUL,06/07/2024 21:55,135,Malaysia Airlines,Business Class,975,675,TRUE,437,Y,Y,Y,1,8,2,23
Suvarnabhumi Airport,BKK,06/07/2024 21:15,Kunming Changshui International Airport,KMG,07/07/2024 0:45,150,China Eastern,Business Class,1045,775,TRUE,757,Y,Y,Y,1,10,2,32
Suvarnabhumi Airport,BKK,06/07/2024 21:25,Singapore Changi Airport,SIN,07/07/2024 0:45,140,Singapore Airlines,Business Class,745,430,TRUE,1266,Y,Y,Y,1,7,1,23
Suvarnabhumi Airport,BKK,07/07/2024 10:40,Yangon International Airport,RGN,07/07/2024 11:35,85,Myanmar National Airlines,Business Class,85,N/A,N/A,340,Y,Y,Y,1,7,1,40
Suvarnabhumi Airport,BKK,07/07/2024 20:20,Yangon International Airport,RGN,07/07/2024 21:15,85,Myanmar National Airlines,Business Class,85,N/A,N/A,340,Y,Y,Y,1,7,1,40
Suvarnabhumi Airport,BKK,07/07/2024 19:40,Kuala Lumpur International Airport,KUL,07/07/2024 22:50,130,Malaysia Airlines,Business Class,915,620,TRUE,437,Y,Y,Y,1,8,2,23
Suvarnabhumi Airport,BKK,07/07/2024 6:00,Kuala Lumpur International Airport,KUL,07/07/2024 9:10,130,Malaysia Airlines,Business Class,470,175,N/A,712,Y,Y,Y,1,8,2,23
Suvarnabhumi Airport,BKK,07/07/2024 7:50,Kunming Changshui International Airport,KMG,07/07/2024 11:30,160,China Eastern,Business Class,410,130,N/A,757,Y,Y,Y,1,10,2,32
Suvarnabhumi Airport,BKK,07/07/2024 21:15,Kunming Changshui International Airport,KMG,08/07/2024 0:45,150,China Eastern,Business Class,1045,775,TRUE,757,Y,Y,Y,1,10,2,32
Suvarnabhumi Airport,BKK,07/07/2024 21:15,Singapore Changi Airport,SIN,08/07/2024 0:35,140,Singapore Airlines,Business Class,755,440,TRUE,1162,Y,Y,Y,1,7,1,23
Suvarnabhumi Airport,BKK,08/07/2024 10:40,Yangon International Airport,RGN,08/07/2024 11:35,85,Myanmar National Airlines,Business Class,85,N/A,N/A,340,Y,Y,Y,1,7,1,40
Suvarnabhumi Airport,BKK,08/07/2024 20:20,Yangon International Airport,RGN,08/07/2024 21:15,85,Myanmar National Airlines,Business Class,85,N/A,N/A,340,Y,Y,Y,1,7,1,40
Suvarnabhumi Airport,BKK,08/07/2024 7:50,Kunming Changshui International Airport,KMG,08/07/2024 11:30,160,China Eastern,Business Class,410,130,N/A,757,Y,Y,Y,1,10,2,32
Suvarnabhumi Airport,BKK,08/07/2024 6:00,Kuala Lumpur International Airport,KUL,08/07/2024 9:10,130,Malaysia Airlines,Business Class,1735,1440,TRUE,448,Y,Y,Y,1,8,2,23
Suvarnabhumi Airport,BKK,08/07/2024 21:15,Kunming Changshui International Airport,KMG,09/07/2024 0:45,150,China Eastern,Business Class,1045,775,TRUE,757,Y,Y,Y,1,10,2,32
Suvarnabhumi Airport,BKK,08/07/2024 21:15,Singapore Changi Airport,SIN,09/07/2024 0:35,140,Singapore Airlines,Business Class,755,440,TRUE,1076,Y,Y,Y,1,7,1,23
Suvarnabhumi Airport,BKK,08/07/2024 3:00,Guangzhou Baiyun International Airport,CAN,08/07/2024 6:55,175,China Southern,Business Class,465,85,N/A,1150,Y,Y,Y,1,10,2,32
Suvarnabhumi Airport,BKK,09/07/2024 18:45,Yangon International Airport,RGN,09/07/2024 19:40,85,Myanmar National Airlines,Business Class,85,N/A,N/A,340,Y,Y,Y,1,7,1,40
Suvarnabhumi Airport,BKK,09/07/2024 6:00,Kuala Lumpur International Airport,KUL,09/07/2024 9:10,130,Malaysia Airlines,Business Class,470,175,N/A,712,Y,Y,Y,1,8,2,23
Suvarnabhumi Airport,BKK,09/07/2024 7:50,Kunming Changshui International Airport,KMG,09/07/2024 11:30,160,China Eastern,Business Class,410,130,N/A,757,Y,Y,Y,1,10,2,32
Suvarnabhumi Airport,BKK,09/07/2024 19:40,Kuala Lumpur International Airport,KUL,09/07/2024 22:50,130,Malaysia Airlines,Business Class,915,620,TRUE,437,Y,Y,Y,1,8,2,23
Suvarnabhumi Airport,BKK,09/07/2024 19:40,Kuala Lumpur International Airport,KUL,09/07/2024 22:50,130,Malaysia Airlines,Business Class,1090,795,TRUE,723,Y,Y,Y,1,8,2,23
Suvarnabhumi Airport,BKK,09/07/2024 21:15,Kunming Changshui International Airport,KMG,10/07/2024 0:45,150,China Eastern,Business Class,1045,775,TRUE,757,Y,Y,Y,1,10,2,32
Suvarnabhumi Airport,BKK,09/07/2024 19:05,Guangzhou Baiyun International Airport,CAN,09/07/2024 22:50,165,China Southern,Business Class,940,570,TRUE,855,Y,Y,Y,1,10,2,32
Suvarnabhumi Airport,BKK,09/07/2024 21:15,Singapore Changi Airport,SIN,10/07/2024 0:35,140,Singapore Airlines,Business Class,755,440,TRUE,1436,Y,Y,Y,1,7,1,23
Suvarnabhumi Airport,BKK,10/07/2024 18:35,Yangon International Airport,RGN,10/07/2024 19:30,85,Myanmar National Airlines,Business Class,85,N/A,N/A,340,Y,Y,Y,1,7,1,40
Suvarnabhumi Airport,BKK,10/07/2024 20:20,Yangon International Airport,RGN,10/07/2024 21:15,85,Myanmar National Airlines,Business Class,85,N/A,N/A,340,Y,Y,Y,1,7,1,40
Suvarnabhumi Airport,BKK,10/07/2024 19:40,Kuala Lumpur International Airport,KUL,10/07/2024 22:50,130,Malaysia Airlines,Business Class,915,620,TRUE,437,Y,Y,Y,1,8,2,23
Suvarnabhumi Airport,BKK,10/07/2024 6:00,Kuala Lumpur International Airport,KUL,10/07/2024 9:10,130,Malaysia Airlines,Business Class,470,175,N/A,712,Y,Y,Y,1,8,2,23
Suvarnabhumi Airport,BKK,10/07/2024 7:50,Kunming Changshui International Airport,KMG,10/07/2024 11:30,160,China Eastern,Business Class,410,130,N/A,757,Y,Y,Y,1,10,2,32
Suvarnabhumi Airport,BKK,10/07/2024 21:15,Kunming Changshui International Airport,KMG,11/07/2024 0:45,150,China Eastern,Business Class,1045,775,TRUE,757,Y,Y,Y,1,10,2,32
Suvarnabhumi Airport,BKK,10/07/2024 3:00,Guangzhou Baiyun International Airport,CAN,10/07/2024 6:55,175,China Southern,Business Class,465,85,N/A,855,Y,Y,Y,1,10,2,32
Suvarnabhumi Airport,BKK,10/07/2024 21:15,Singapore Changi Airport,SIN,11/07/2024 0:35,140,Singapore Airlines,Business Class,755,440,TRUE,1076,Y,Y,Y,1,7,1,23
Suvarnabhumi Airport,BKK,11/07/2024 10:40,Yangon International Airport,RGN,11/07/2024 11:35,85,Myanmar National Airlines,Business Class,85,N/A,N/A,340,Y,Y,Y,1,7,1,40
Suvarnabhumi Airport,BKK,11/07/2024 20:20,Yangon International Airport,RGN,11/07/2024 21:15,85,Myanmar National Airlines,Business Class,85,N/A,N/A,340,Y,Y,Y,1,7,1,40
Suvarnabhumi Airport,BKK,11/07/2024 19:40,Kuala Lumpur International Airport,KUL,11/07/2024 22:50,130,Malaysia Airlines,Business Class,915,620,TRUE,437,Y,Y,Y,1,8,2,23
Suvarnabhumi Airport,BKK,11/07/2024 6:00,Kuala Lumpur International Airport,KUL,11/07/2024 9:10,130,Malaysia Airlines,Business Class,470,175,N/A,712,Y,Y,Y,1,8,2,23
Suvarnabhumi Airport,BKK,11/07/2024 7:50,Kunming Changshui International Airport,KMG,11/07/2024 11:30,160,China Eastern,Business Class,410,130,N/A,757,Y,Y,Y,1,10,2,32
Suvarnabhumi Airport,BKK,11/07/2024 21:15,Kunming Changshui International Airport,KMG,12/07/2024 0:45,150,China Eastern,Business Class,1045,775,TRUE,757,Y,Y,Y,1,10,2,32
Suvarnabhumi Airport,BKK,11/07/2024 21:15,Singapore Changi Airport,SIN,12/07/2024 0:35,140,Singapore Airlines,Business Class,755,440,TRUE,1076,Y,Y,Y,1,7,1,23
Suvarnabhumi Airport,BKK,12/07/2024 10:40,Yangon International Airport,RGN,12/07/2024 11:35,85,Myanmar National Airlines,Business Class,85,N/A,N/A,340,Y,Y,Y,1,7,1,40
Suvarnabhumi Airport,BKK,12/07/2024 20:20,Yangon International Airport,RGN,12/07/2024 21:15,85,Myanmar National Airlines,Business Class,85,N/A,N/A,340,Y,Y,Y,1,7,1,40
Suvarnabhumi Airport,BKK,12/07/2024 7:50,Kunming Changshui International Airport,KMG,12/07/2024 11:30,160,China Eastern,Business Class,410,130,N/A,757,Y,Y,Y,1,10,2,32
Suvarnabhumi Airport,BKK,12/07/2024 3:00,Guangzhou Baiyun International Airport,CAN,12/07/2024 6:55,175,China Southern,Business Class,465,85,N/A,855,Y,Y,Y,1,10,2,32
Suvarnabhumi Airport,BKK,12/07/2024 19:40,Kuala Lumpur International Airport,KUL,12/07/2024 22:50,130,Malaysia Airlines,Business Class,915,620,TRUE,437,Y,Y,Y,1,8,2,23
Suvarnabhumi Airport,BKK,12/07/2024 21:15,Kunming Changshui International Airport,KMG,13/07/2024 0:45,150,China Eastern,Business Class,1045,775,TRUE,757,Y,Y,Y,1,10,2,32
Suvarnabhumi Airport,BKK,12/07/2024 21:15,Singapore Changi Airport,SIN,13/07/2024 0:35,140,Singapore Airlines,Business Class,755,440,TRUE,1076,Y,Y,Y,1,7,1,23
Suvarnabhumi Airport,BKK,13/07/2024 10:40,Yangon International Airport,RGN,13/07/2024 11:35,85,Myanmar National Airlines,Business Class,85,N/A,N/A,340,Y,Y,Y,1,7,1,40
Suvarnabhumi Airport,BKK,13/07/2024 20:20,Yangon International Airport,RGN,13/07/2024 21:15,85,Myanmar National Airlines,Business Class,85,N/A,N/A,340,Y,Y,Y,1,7,1,40
Suvarnabhumi Airport,BKK,13/07/2024 3:00,Guangzhou Baiyun International Airport,CAN,13/07/2024 6:55,175,China Southern,Business Class,465,85,N/A,855,Y,Y,Y,1,10,2,32
Suvarnabhumi Airport,BKK,13/07/2024 18:40,Kuala Lumpur International Airport,KUL,13/07/2024 21:55,135,Malaysia Airlines,Business Class,975,675,TRUE,437,Y,Y,Y,1,8,2,23
Suvarnabhumi Airport,BKK,13/07/2024 21:15,Kunming Changshui International Airport,KMG,14/07/2024 0:45,150,China Eastern,Business Class,1045,775,TRUE,757,Y,Y,Y,1,10,2,32
Suvarnabhumi Airport,BKK,13/07/2024 21:25,Singapore Changi Airport,SIN,14/07/2024 0:45,140,Singapore Airlines,Business Class,745,430,TRUE,1076,Y,Y,Y,1,7,1,23
Suvarnabhumi Airport,BKK,13/07/2024 7:50,Kunming Changshui International Airport,KMG,13/07/2024 11:30,160,China Eastern,Business Class,410,130,N/A,1173,Y,Y,Y,1,10,2,32
Suvarnabhumi Airport,BKK,14/07/2024 10:40,Yangon International Airport,RGN,14/07/2024 11:35,85,Myanmar National Airlines,Business Class,85,N/A,N/A,340,Y,Y,Y,1,7,1,40
Suvarnabhumi Airport,BKK,14/07/2024 20:20,Yangon International Airport,RGN,14/07/2024 21:15,85,Myanmar National Airlines,Business Class,85,N/A,N/A,340,Y,Y,Y,1,7,1,40
Suvarnabhumi Airport,BKK,14/07/2024 19:40,Kuala Lumpur International Airport,KUL,14/07/2024 22:50,130,Malaysia Airlines,Business Class,915,620,TRUE,437,Y,Y,Y,1,8,2,23
Suvarnabhumi Airport,BKK,14/07/2024 6:00,Kuala Lumpur International Airport,KUL,14/07/2024 9:10,130,Malaysia Airlines,Business Class,470,175,N/A,712,Y,Y,Y,1,8,2,23
Suvarnabhumi Airport,BKK,14/07/2024 7:50,Kunming Changshui International Airport,KMG,14/07/2024 11:30,160,China Eastern,Business Class,410,130,N/A,757,Y,Y,Y,1,10,2,32
Suvarnabhumi Airport,BKK,14/07/2024 21:15,Kunming Changshui International Airport,KMG,15/07/2024 0:45,150,China Eastern,Business Class,1045,775,TRUE,757,Y,Y,Y,1,10,2,32
Suvarnabhumi Airport,BKK,14/07/2024 21:15,Singapore Changi Airport,SIN,15/07/2024 0:35,140,Singapore Airlines,Business Class,755,440,TRUE,1162,Y,Y,Y,1,7,1,23
Suvarnabhumi Airport,BKK,15/07/2024 10:40,Yangon International Airport,RGN,15/07/2024 11:35,85,Myanmar National Airlines,Business Class,85,N/A,N/A,340,Y,Y,Y,1,7,1,40
Suvarnabhumi Airport,BKK,15/07/2024 20:20,Yangon International Airport,RGN,15/07/2024 21:15,85,Myanmar National Airlines,Business Class,85,N/A,N/A,340,Y,Y,Y,1,7,1,40
Suvarnabhumi Airport,BKK,15/07/2024 7:50,Kunming Changshui International Airport,KMG,15/07/2024 11:30,160,China Eastern,Business Class,410,130,N/A,757,Y,Y,Y,1,10,2,32
Suvarnabhumi Airport,BKK,15/07/2024 3:00,Guangzhou Baiyun International Airport,CAN,15/07/2024 6:55,175,China Southern,Business Class,465,85,N/A,855,Y,Y,Y,1,10,2,32
Suvarnabhumi Airport,BKK,15/07/2024 19:40,Kuala Lumpur International Airport,KUL,15/07/2024 22:50,130,Malaysia Airlines,Business Class,915,620,TRUE,437,Y,Y,Y,1,8,2,23
Suvarnabhumi Airport,BKK,15/07/2024 21:15,Kunming Changshui International Airport,KMG,16/07/2024 0:45,150,China Eastern,Business Class,1045,775,TRUE,757,Y,Y,Y,1,10,2,32
Suvarnabhumi Airport,BKK,15/07/2024 21:15,Singapore Changi Airport,SIN,16/07/2024 0:35,140,Singapore Airlines,Business Class,755,440,TRUE,1076,Y,Y,Y,1,7,1,23
Suvarnabhumi Airport,BKK,16/07/2024 10:40,Yangon International Airport,RGN,16/07/2024 11:35,85,Myanmar National Airlines,Business Class,85,N/A,N/A,340,Y,Y,Y,1,7,1,40
Suvarnabhumi Airport,BKK,16/07/2024 6:00,Kuala Lumpur International Airport,KUL,16/07/2024 9:10,130,Malaysia Airlines,Business Class,470,175,N/A,712,Y,Y,Y,1,8,2,23
Suvarnabhumi Airport,BKK,16/07/2024 7:50,Kunming Changshui International Airport,KMG,16/07/2024 11:30,160,China Eastern,Business Class,410,130,N/A,757,Y,Y,Y,1,10,2,32
Suvarnabhumi Airport,BKK,16/07/2024 19:40,Kuala Lumpur International Airport,KUL,16/07/2024 22:50,130,Malaysia Airlines,Business Class,915,620,TRUE,437,Y,Y,Y,1,8,2,23
Suvarnabhumi Airport,BKK,16/07/2024 19:40,Kuala Lumpur International Airport,KUL,16/07/2024 22:50,130,Malaysia Airlines,Business Class,1090,795,TRUE,723,Y,Y,Y,1,8,2,23
Suvarnabhumi Airport,BKK,16/07/2024 16:40,Kuala Lumpur International Airport,KUL,16/07/2024 19:50,130,THAI,Business Class,1095,800,TRUE,724,Y,Y,Y,1,7,2,30
Suvarnabhumi Airport,BKK,16/07/2024 21:15,Kunming Changshui International Airport,KMG,17/07/2024 0:45,150,China Eastern,Business Class,1045,775,TRUE,757,Y,Y,Y,1,10,2,32
Suvarnabhumi Airport,BKK,16/07/2024 19:05,Guangzhou Baiyun International Airport,CAN,16/07/2024 22:50,165,China Southern,Business Class,940,570,TRUE,855,Y,Y,Y,1,10,2,32
Suvarnabhumi Airport,BKK,16/07/2024 21:15,Singapore Changi Airport,SIN,17/07/2024 0:35,140,Singapore Airlines,Business Class,755,440,TRUE,1162,Y,Y,Y,1,7,1,23
Suvarnabhumi Airport,BKK,17/07/2024 10:40,Yangon International Airport,RGN,17/07/2024 11:35,85,Myanmar National Airlines,Business Class,85,N/A,N/A,340,Y,Y,Y,1,7,1,40
Suvarnabhumi Airport,BKK,17/07/2024 20:20,Yangon International Airport,RGN,17/07/2024 21:15,85,Myanmar National Airlines,Business Class,85,N/A,N/A,340,Y,Y,Y,1,7,1,40
Suvarnabhumi Airport,BKK,17/07/2024 7:50,Kunming Changshui International Airport,KMG,17/07/2024 11:30,160,China Eastern,Business Class,410,130,N/A,757,Y,Y,Y,1,10,2,32
Suvarnabhumi Airport,BKK,17/07/2024 3:00,Guangzhou Baiyun International Airport,CAN,17/07/2024 6:55,175,China Southern,Business Class,465,85,N/A,855,Y,Y,Y,1,10,2,32
Suvarnabhumi Airport,BKK,17/07/2024 19:40,Kuala Lumpur International Airport,KUL,17/07/2024 22:50,130,Malaysia Airlines,Business Class,915,620,TRUE,437,Y,Y,Y,1,8,2,23
Suvarnabhumi Airport,BKK,17/07/2024 21:15,Kunming Changshui International Airport,KMG,18/07/2024 0:45,150,China Eastern,Business Class,1045,775,TRUE,757,Y,Y,Y,1,10,2,32
Suvarnabhumi Airport,BKK,17/07/2024 21:15,Singapore Changi Airport,SIN,18/07/2024 0:35,140,Singapore Airlines,Business Class,755,440,TRUE,1076,Y,Y,Y,1,7,1,23
Suvarnabhumi Airport,BKK,18/07/2024 10:40,Yangon International Airport,RGN,18/07/2024 11:35,85,Myanmar National Airlines,Business Class,85,N/A,N/A,340,Y,Y,Y,1,7,1,40
Suvarnabhumi Airport,BKK,18/07/2024 20:20,Yangon International Airport,RGN,18/07/2024 21:15,85,Myanmar National Airlines,Business Class,85,N/A,N/A,340,Y,Y,Y,1,7,1,40
Suvarnabhumi Airport,BKK,18/07/2024 19:40,Kuala Lumpur International Airport,KUL,18/07/2024 22:50,130,Malaysia Airlines,Business Class,915,620,TRUE,437,Y,Y,Y,1,8,2,23
Suvarnabhumi Airport,BKK,18/07/2024 7:50,Kunming Changshui International Airport,KMG,18/07/2024 11:30,160,China Eastern,Business Class,410,130,N/A,757,Y,Y,Y,1,10,2,32
Suvarnabhumi Airport,BKK,18/07/2024 21:15,Kunming Changshui International Airport,KMG,19/07/2024 0:45,150,China Eastern,Business Class,1045,775,TRUE,757,Y,Y,Y,1,10,2,32
Suvarnabhumi Airport,BKK,18/07/2024 21:15,Singapore Changi Airport,SIN,19/07/2024 0:35,140,Singapore Airlines,Business Class,755,440,TRUE,1076,Y,Y,Y,1,7,1,23
Suvarnabhumi Airport,BKK,19/07/2024 10:40,Yangon International Airport,RGN,19/07/2024 11:35,85,Myanmar National Airlines,Business Class,85,N/A,N/A,340,Y,Y,Y,1,7,1,40
Suvarnabhumi Airport,BKK,19/07/2024 20:20,Yangon International Airport,RGN,19/07/2024 21:15,85,Myanmar National Airlines,Business Class,85,N/A,N/A,340,Y,Y,Y,1,7,1,40
Suvarnabhumi Airport,BKK,19/07/2024 7:50,Kunming Changshui International Airport,KMG,19/07/2024 11:30,160,China Eastern,Business Class,410,130,N/A,757,Y,Y,Y,1,10,2,32
Suvarnabhumi Airport,BKK,19/07/2024 3:00,Guangzhou Baiyun International Airport,CAN,19/07/2024 6:55,175,China Southern,Business Class,465,85,N/A,855,Y,Y,Y,1,10,2,32
Suvarnabhumi Airport,BKK,19/07/2024 19:40,Kuala Lumpur International Airport,KUL,19/07/2024 22:50,130,Malaysia Airlines,Business Class,915,620,TRUE,437,Y,Y,Y,1,8,2,23
Suvarnabhumi Airport,BKK,19/07/2024 21:15,Kunming Changshui International Airport,KMG,20/07/2024 0:45,150,China Eastern,Business Class,1045,775,TRUE,757,Y,Y,Y,1,10,2,32
Suvarnabhumi Airport,BKK,19/07/2024 21:15,Singapore Changi Airport,SIN,20/07/2024 0:35,140,Singapore Airlines,Business Class,755,440,TRUE,1076,Y,Y,Y,1,7,1,23
Suvarnabhumi Airport,BKK,20/07/2024 10:40,Yangon International Airport,RGN,20/07/2024 11:35,85,Myanmar National Airlines,Business Class,85,N/A,N/A,340,Y,Y,Y,1,7,1,40
Suvarnabhumi Airport,BKK,20/07/2024 20:20,Yangon International Airport,RGN,20/07/2024 21:15,85,Myanmar National Airlines,Business Class,85,N/A,N/A,340,Y,Y,Y,1,7,1,40
Suvarnabhumi Airport,BKK,20/07/2024 7:50,Kunming Changshui International Airport,KMG,20/07/2024 11:30,160,China Eastern,Business Class,410,130,N/A,757,Y,Y,Y,1,10,2,32
Suvarnabhumi Airport,BKK,20/07/2024 3:00,Guangzhou Baiyun International Airport,CAN,20/07/2024 6:55,175,China Southern,Business Class,465,85,N/A,855,Y,Y,Y,1,10,2,32
Suvarnabhumi Airport,BKK,20/07/2024 18:40,Kuala Lumpur International Airport,KUL,20/07/2024 21:55,135,Malaysia Airlines,Business Class,975,675,TRUE,437,Y,Y,Y,1,8,2,23
Suvarnabhumi Airport,BKK,20/07/2024 21:15,Kunming Changshui International Airport,KMG,21/07/2024 0:45,150,China Eastern,Business Class,1045,775,TRUE,757,Y,Y,Y,1,10,2,32
Suvarnabhumi Airport,BKK,20/07/2024 21:25,Singapore Changi Airport,SIN,21/07/2024 0:45,140,Singapore Airlines,Business Class,745,430,TRUE,1266,Y,Y,Y,1,7,1,23
Suvarnabhumi Airport,BKK,21/07/2024 10:40,Yangon International Airport,RGN,21/07/2024 11:35,85,Myanmar National Airlines,Business Class,85,N/A,N/A,340,Y,Y,Y,1,7,1,40
Suvarnabhumi Airport,BKK,21/07/2024 20:20,Yangon International Airport,RGN,21/07/2024 21:15,85,Myanmar National Airlines,Business Class,85,N/A,N/A,340,Y,Y,Y,1,7,1,40
Suvarnabhumi Airport,BKK,21/07/2024 19:40,Kuala Lumpur International Airport,KUL,21/07/2024 22:50,130,Malaysia Airlines,Business Class,915,620,TRUE,437,Y,Y,Y,1,8,2,23
Suvarnabhumi Airport,BKK,21/07/2024 7:50,Kunming Changshui International Airport,KMG,21/07/2024 11:30,160,China Eastern,Business Class,410,130,N/A,757,Y,Y,Y,1,10,2,32
Suvarnabhumi Airport,BKK,21/07/2024 21:15,Kunming Changshui International Airport,KMG,22/07/2024 0:45,150,China Eastern,Business Class,1045,775,TRUE,757,Y,Y,Y,1,10,2,32
Suvarnabhumi Airport,BKK,21/07/2024 21:15,Singapore Changi Airport,SIN,22/07/2024 0:35,140,Singapore Airlines,Business Class,755,440,TRUE,1162,Y,Y,Y,1,7,1,23
Suvarnabhumi Airport,BKK,22/07/2024 10:40,Yangon International Airport,RGN,22/07/2024 11:35,85,Myanmar National Airlines,Business Class,85,N/A,N/A,340,Y,Y,Y,1,7,1,40
Suvarnabhumi Airport,BKK,22/07/2024 20:20,Yangon International Airport,RGN,22/07/2024 21:15,85,Myanmar National Airlines,Business Class,85,N/A,N/A,340,Y,Y,Y,1,7,1,40
Suvarnabhumi Airport,BKK,22/07/2024 7:50,Kunming Changshui International Airport,KMG,22/07/2024 11:30,160,China Eastern,Business Class,410,130,N/A,757,Y,Y,Y,1,10,2,32
Suvarnabhumi Airport,BKK,22/07/2024 3:00,Guangzhou Baiyun International Airport,CAN,22/07/2024 6:55,175,China Southern,Business Class,465,85,N/A,855,Y,Y,Y,1,10,2,32
Suvarnabhumi Airport,BKK,22/07/2024 19:40,Kuala Lumpur International Airport,KUL,22/07/2024 22:50,130,Malaysia Airlines,Business Class,915,620,TRUE,437,Y,Y,Y,1,8,2,23
Suvarnabhumi Airport,BKK,22/07/2024 21:15,Kunming Changshui International Airport,KMG,23/07/2024 0:45,150,China Eastern,Business Class,1045,775,TRUE,757,Y,Y,Y,1,10,2,32
Suvarnabhumi Airport,BKK,22/07/2024 21:15,Singapore Changi Airport,SIN,23/07/2024 0:35,140,Singapore Airlines,Business Class,755,440,TRUE,1076,Y,Y,Y,1,7,1,23
Suvarnabhumi Airport,BKK,23/07/2024 10:40,Yangon International Airport,RGN,23/07/2024 11:35,85,Myanmar National Airlines,Business Class,85,N/A,N/A,340,Y,Y,Y,1,7,1,40
Suvarnabhumi Airport,BKK,23/07/2024 6:00,Kuala Lumpur International Airport,KUL,23/07/2024 9:10,130,Malaysia Airlines,Business Class,470,175,N/A,712,Y,Y,Y,1,8,2,23
Suvarnabhumi Airport,BKK,23/07/2024 7:50,Kunming Changshui International Airport,KMG,23/07/2024 11:30,160,China Eastern,Business Class,410,130,N/A,757,Y,Y,Y,1,10,2,32
Suvarnabhumi Airport,BKK,23/07/2024 19:40,Kuala Lumpur International Airport,KUL,23/07/2024 22:50,130,Malaysia Airlines,Business Class,915,620,TRUE,437,Y,Y,Y,1,8,2,23
Suvarnabhumi Airport,BKK,23/07/2024 19:40,Kuala Lumpur International Airport,KUL,23/07/2024 22:50,130,Malaysia Airlines,Business Class,1090,795,TRUE,723,Y,Y,Y,1,8,2,23
Suvarnabhumi Airport,BKK,23/07/2024 16:40,Kuala Lumpur International Airport,KUL,23/07/2024 19:50,130,THAI,Business Class,1095,800,TRUE,724,Y,Y,Y,1,7,2,30
Suvarnabhumi Airport,BKK,23/07/2024 21:15,Kunming Changshui International Airport,KMG,24/07/2024 0:45,150,China Eastern,Business Class,1045,775,TRUE,757,Y,Y,Y,1,10,2,32
Suvarnabhumi Airport,BKK,23/07/2024 19:05,Guangzhou Baiyun International Airport,CAN,23/07/2024 22:50,165,China Southern,Business Class,940,570,TRUE,855,Y,Y,Y,1,10,2,32
Suvarnabhumi Airport,BKK,23/07/2024 21:15,Singapore Changi Airport,SIN,24/07/2024 0:35,140,Singapore Airlines,Business Class,755,440,TRUE,1076,Y,Y,Y,1,7,1,23
Suvarnabhumi Airport,BKK,24/07/2024 10:40,Yangon International Airport,RGN,24/07/2024 11:35,85,Myanmar National Airlines,Business Class,85,N/A,N/A,340,Y,Y,Y,1,7,1,40
Suvarnabhumi Airport,BKK,24/07/2024 20:20,Yangon International Airport,RGN,24/07/2024 21:15,85,Myanmar National Airlines,Business Class,85,N/A,N/A,340,Y,Y,Y,1,7,1,40
Suvarnabhumi Airport,BKK,24/07/2024 7:50,Kunming Changshui International Airport,KMG,24/07/2024 11:30,160,China Eastern,Business Class,410,130,N/A,757,Y,Y,Y,1,10,2,32
Suvarnabhumi Airport,BKK,24/07/2024 3:00,Guangzhou Baiyun International Airport,CAN,24/07/2024 6:55,175,China Southern,Business Class,465,85,N/A,855,Y,Y,Y,1,10,2,32
Suvarnabhumi Airport,BKK,24/07/2024 19:40,Kuala Lumpur International Airport,KUL,24/07/2024 22:50,130,Malaysia Airlines,Business Class,915,620,TRUE,437,Y,Y,Y,1,8,2,23
Suvarnabhumi Airport,BKK,24/07/2024 21:15,Kunming Changshui International Airport,KMG,25/07/2024 0:45,150,China Eastern,Business Class,1045,775,TRUE,757,Y,Y,Y,1,10,2,32
Suvarnabhumi Airport,BKK,24/07/2024 21:15,Singapore Changi Airport,SIN,25/07/2024 0:35,140,Singapore Airlines,Business Class,755,440,TRUE,1076,Y,Y,Y,1,7,1,23
Suvarnabhumi Airport,BKK,25/07/2024 10:40,Yangon International Airport,RGN,25/07/2024 11:35,85,Myanmar National Airlines,Business Class,85,N/A,N/A,340,Y,Y,Y,1,7,1,40
Suvarnabhumi Airport,BKK,25/07/2024 20:20,Yangon International Airport,RGN,25/07/2024 21:15,85,Myanmar National Airlines,Business Class,85,N/A,N/A,340,Y,Y,Y,1,7,1,40
Suvarnabhumi Airport,BKK,25/07/2024 19:40,Kuala Lumpur International Airport,KUL,25/07/2024 22:50,130,Malaysia Airlines,Business Class,915,620,TRUE,437,Y,Y,Y,1,8,2,23
Suvarnabhumi Airport,BKK,25/07/2024 6:00,Kuala Lumpur International Airport,KUL,25/07/2024 9:10,130,Malaysia Airlines,Business Class,470,175,N/A,712,Y,Y,Y,1,8,2,23
Suvarnabhumi Airport,BKK,25/07/2024 7:50,Kunming Changshui International Airport,KMG,25/07/2024 11:30,160,China Eastern,Business Class,410,130,N/A,757,Y,Y,Y,1,10,2,32
Suvarnabhumi Airport,BKK,25/07/2024 21:15,Kunming Changshui International Airport,KMG,26/07/2024 0:45,150,China Eastern,Business Class,1045,775,TRUE,757,Y,Y,Y,1,10,2,32
Suvarnabhumi Airport,BKK,25/07/2024 21:15,Singapore Changi Airport,SIN,26/07/2024 0:35,140,Singapore Airlines,Business Class,755,440,TRUE,1076,Y,Y,Y,1,7,1,23
Suvarnabhumi Airport,BKK,26/07/2024 10:40,Yangon International Airport,RGN,26/07/2024 11:35,85,Myanmar National Airlines,Business Class,85,N/A,N/A,340,Y,Y,Y,1,7,1,40
Suvarnabhumi Airport,BKK,26/07/2024 20:20,Yangon International Airport,RGN,26/07/2024 21:15,85,Myanmar National Airlines,Business Class,85,N/A,N/A,340,Y,Y,Y,1,7,1,40
Suvarnabhumi Airport,BKK,26/07/2024 7:50,Kunming Changshui International Airport,KMG,26/07/2024 11:30,160,China Eastern,Business Class,410,130,N/A,757,Y,Y,Y,1,10,2,32
Suvarnabhumi Airport,BKK,26/07/2024 3:00,Guangzhou Baiyun International Airport,CAN,26/07/2024 6:55,175,China Southern,Business Class,465,85,N/A,855,Y,Y,Y,1,10,2,32
Suvarnabhumi Airport,BKK,26/07/2024 19:40,Kuala Lumpur International Airport,KUL,26/07/2024 22:50,130,Malaysia Airlines,Business Class,915,620,TRUE,437,Y,Y,Y,1,8,2,23
Suvarnabhumi Airport,BKK,26/07/2024 21:15,Kunming Changshui International Airport,KMG,27/07/2024 0:45,150,China Eastern,Business Class,1045,775,TRUE,757,Y,Y,Y,1,10,2,32
Suvarnabhumi Airport,BKK,26/07/2024 21:15,Singapore Changi Airport,SIN,27/07/2024 0:35,140,Singapore Airlines,Business Class,755,440,TRUE,1076,Y,Y,Y,1,7,1,23
Suvarnabhumi Airport,BKK,27/07/2024 10:40,Yangon International Airport,RGN,27/07/2024 11:35,85,Myanmar National Airlines,Business Class,85,N/A,N/A,340,Y,Y,Y,1,7,1,40
Suvarnabhumi Airport,BKK,27/07/2024 20:20,Yangon International Airport,RGN,27/07/2024 21:15,85,Myanmar National Airlines,Business Class,85,N/A,N/A,340,Y,Y,Y,1,7,1,40
Suvarnabhumi Airport,BKK,27/07/2024 7:50,Kunming Changshui International Airport,KMG,27/07/2024 11:30,160,China Eastern,Business Class,410,130,N/A,757,Y,Y,Y,1,10,2,32
Suvarnabhumi Airport,BKK,27/07/2024 3:00,Guangzhou Baiyun International Airport,CAN,27/07/2024 6:55,175,China Southern,Business Class,465,85,N/A,855,Y,Y,Y,1,10,2,32
Suvarnabhumi Airport,BKK,27/07/2024 17:15,Kuala Lumpur International Airport,KUL,27/07/2024 20:30,135,Malaysia Airlines,Business Class,1060,760,TRUE,448,Y,Y,Y,1,8,2,23
Suvarnabhumi Airport,BKK,27/07/2024 21:15,Kunming Changshui International Airport,KMG,28/07/2024 0:45,150,China Eastern,Business Class,1045,775,TRUE,757,Y,Y,Y,1,10,2,32
Suvarnabhumi Airport,BKK,27/07/2024 21:25,Singapore Changi Airport,SIN,28/07/2024 0:45,140,Singapore Airlines,Business Class,745,430,TRUE,1076,Y,Y,Y,1,7,1,23
Suvarnabhumi Airport,BKK,28/07/2024 10:40,Yangon International Airport,RGN,28/07/2024 11:35,85,Myanmar National Airlines,Business Class,85,N/A,N/A,340,Y,Y,Y,1,7,1,40
Suvarnabhumi Airport,BKK,28/07/2024 20:20,Yangon International Airport,RGN,28/07/2024 21:15,85,Myanmar National Airlines,Business Class,85,N/A,N/A,340,Y,Y,Y,1,7,1,40
Suvarnabhumi Airport,BKK,28/07/2024 19:40,Kuala Lumpur International Airport,KUL,28/07/2024 22:50,130,Malaysia Airlines,Business Class,915,620,TRUE,437,Y,Y,Y,1,8,2,23
Suvarnabhumi Airport,BKK,28/07/2024 6:00,Kuala Lumpur International Airport,KUL,28/07/2024 9:10,130,Malaysia Airlines,Business Class,470,175,N/A,712,Y,Y,Y,1,8,2,23
Suvarnabhumi Airport,BKK,28/07/2024 7:50,Kunming Changshui International Airport,KMG,28/07/2024 11:30,160,China Eastern,Business Class,410,130,N/A,757,Y,Y,Y,1,10,2,32
Suvarnabhumi Airport,BKK,28/07/2024 21:15,Kunming Changshui International Airport,KMG,29/07/2024 0:45,150,China Eastern,Business Class,1045,775,TRUE,757,Y,Y,Y,1,10,2,32
Suvarnabhumi Airport,BKK,28/07/2024 21:15,Singapore Changi Airport,SIN,29/07/2024 0:35,140,Singapore Airlines,Business Class,755,440,TRUE,1162,Y,Y,Y,1,7,1,23
Suvarnabhumi Airport,BKK,29/07/2024 10:40,Yangon International Airport,RGN,29/07/2024 11:35,85,Myanmar National Airlines,Business Class,85,N/A,N/A,340,Y,Y,Y,1,7,1,40
Suvarnabhumi Airport,BKK,29/07/2024 20:20,Yangon International Airport,RGN,29/07/2024 21:15,85,Myanmar National Airlines,Business Class,85,N/A,N/A,340,Y,Y,Y,1,7,1,40
Suvarnabhumi Airport,BKK,29/07/2024 7:50,Kunming Changshui International Airport,KMG,29/07/2024 11:30,160,China Eastern,Business Class,410,130,N/A,757,Y,Y,Y,1,10,2,32
Suvarnabhumi Airport,BKK,29/07/2024 19:40,Kuala Lumpur International Airport,KUL,29/07/2024 22:50,130,Malaysia Airlines,Business Class,915,620,TRUE,437,Y,Y,Y,1,8,2,23
Suvarnabhumi Airport,BKK,29/07/2024 21:15,Kunming Changshui International Airport,KMG,30/07/2024 0:45,150,China Eastern,Business Class,1045,775,TRUE,757,Y,Y,Y,1,10,2,32
Suvarnabhumi Airport,BKK,29/07/2024 21:15,Singapore Changi Airport,SIN,30/07/2024 0:35,140,Singapore Airlines,Business Class,755,440,TRUE,1076,Y,Y,Y,1,7,1,23
Suvarnabhumi Airport,BKK,29/07/2024 3:00,Guangzhou Baiyun International Airport,CAN,29/07/2024 6:55,175,China Southern,Business Class,465,85,N/A,1150,Y,Y,Y,1,10,2,32
Suvarnabhumi Airport,BKK,30/07/2024 10:40,Yangon International Airport,RGN,30/07/2024 11:35,85,Myanmar National Airlines,Business Class,85,N/A,N/A,340,Y,Y,Y,1,7,1,40
Suvarnabhumi Airport,BKK,30/07/2024 6:00,Kuala Lumpur International Airport,KUL,30/07/2024 9:10,130,Malaysia Airlines,Business Class,470,175,N/A,712,Y,Y,Y,1,8,2,23
Suvarnabhumi Airport,BKK,30/07/2024 7:50,Kunming Changshui International Airport,KMG,30/07/2024 11:30,160,China Eastern,Business Class,410,130,N/A,757,Y,Y,Y,1,10,2,32
Suvarnabhumi Airport,BKK,30/07/2024 19:40,Kuala Lumpur International Airport,KUL,30/07/2024 22:50,130,Malaysia Airlines,Business Class,915,620,TRUE,437,Y,Y,Y,1,8,2,23
Suvarnabhumi Airport,BKK,30/07/2024 19:40,Kuala Lumpur International Airport,KUL,30/07/2024 22:50,130,Malaysia Airlines,Business Class,1090,795,TRUE,723,Y,Y,Y,1,8,2,23
Suvarnabhumi Airport,BKK,30/07/2024 16:40,Kuala Lumpur International Airport,KUL,30/07/2024 19:50,130,THAI,Business Class,1095,800,TRUE,724,Y,Y,Y,1,7,2,30
Suvarnabhumi Airport,BKK,30/07/2024 21:15,Kunming Changshui International Airport,KMG,31/07/2024 0:45,150,China Eastern,Business Class,1045,775,TRUE,757,Y,Y,Y,1,10,2,32
Suvarnabhumi Airport,BKK,30/07/2024 19:05,Guangzhou Baiyun International Airport,CAN,30/07/2024 22:50,165,China Southern,Business Class,940,570,TRUE,855,Y,Y,Y,1,10,2,32
Suvarnabhumi Airport,BKK,30/07/2024 21:15,Singapore Changi Airport,SIN,31/07/2024 0:35,140,Singapore Airlines,Business Class,755,440,TRUE,1039,Y,Y,Y,1,7,1,23
Suvarnabhumi Airport,BKK,31/07/2024 10:40,Yangon International Airport,RGN,31/07/2024 11:35,85,Myanmar National Airlines,Business Class,85,N/A,N/A,340,Y,Y,Y,1,7,1,40
Suvarnabhumi Airport,BKK,31/07/2024 20:20,Yangon International Airport,RGN,31/07/2024 21:15,85,Myanmar National Airlines,Business Class,85,N/A,N/A,340,Y,Y,Y,1,7,1,40
Suvarnabhumi Airport,BKK,31/07/2024 7:50,Kunming Changshui International Airport,KMG,31/07/2024 11:30,160,China Eastern,Business Class,410,130,N/A,757,Y,Y,Y,1,10,2,32
Suvarnabhumi Airport,BKK,31/07/2024 19:40,Kuala Lumpur International Airport,KUL,31/07/2024 22:50,130,Malaysia Airlines,Business Class,915,620,TRUE,437,Y,Y,Y,1,8,2,23
Suvarnabhumi Airport,BKK,31/07/2024 21:15,Kunming Changshui International Airport,KMG,01/08/2024 0:45,150,China Eastern,Business Class,1045,775,TRUE,757,Y,Y,Y,1,10,2,32
Suvarnabhumi Airport,BKK,31/07/2024 21:15,Singapore Changi Airport,SIN,01/08/2024 0:35,140,Singapore Airlines,Business Class,755,440,TRUE,1076,Y,Y,Y,1,7,1,23
Suvarnabhumi Airport,BKK,31/07/2024 3:00,Guangzhou Baiyun International Airport,CAN,31/07/2024 6:55,175,China Southern,Business Class,465,85,N/A,1150,Y,Y,Y,1,10,2,32
Suvarnabhumi Airport,BKK,01/08/2024 10:40,Yangon International Airport,RGN,01/08/2024 11:35,85,Myanmar National Airlines,Business Class,85,N/A,N/A,347,Y,Y,Y,1,7,1,40
Suvarnabhumi Airport,BKK,01/08/2024 20:20,Yangon International Airport,RGN,01/08/2024 21:15,85,Myanmar National Airlines,Business Class,85,N/A,N/A,347,Y,Y,Y,1,7,1,40
Suvarnabhumi Airport,BKK,01/08/2024 7:50,Kunming Changshui International Airport,KMG,01/08/2024 11:30,160,China Eastern,Business Class,410,130,N/A,741,Y,Y,Y,1,10,2,32
Suvarnabhumi Airport,BKK,01/08/2024 19:40,Kuala Lumpur International Airport,KUL,01/08/2024 22:50,130,Malaysia Airlines,Business Class,915,620,TRUE,415,Y,Y,Y,1,8,2,23
Suvarnabhumi Airport,BKK,01/08/2024 6:00,Kuala Lumpur International Airport,KUL,01/08/2024 9:10,130,Malaysia Airlines,Business Class,470,175,N/A,684,Y,Y,Y,1,8,2,23
Suvarnabhumi Airport,BKK,01/08/2024 21:15,Singapore Changi Airport,SIN,02/08/2024 0:35,140,Singapore Airlines,Business Class,755,440,TRUE,1098,Y,Y,Y,1,7,1,23
Suvarnabhumi Airport,BKK,01/08/2024 21:15,Singapore Changi Airport,SIN,02/08/2024 0:35,140,Singapore Airlines,Business Class,1080,760,TRUE,1919,Y,Y,Y,1,7,1,23
Suvarnabhumi Airport,BKK,02/08/2024 10:40,Yangon International Airport,RGN,02/08/2024 11:35,85,Myanmar National Airlines,Business Class,85,N/A,N/A,347,Y,Y,Y,1,7,1,40
Suvarnabhumi Airport,BKK,02/08/2024 20:20,Yangon International Airport,RGN,02/08/2024 21:15,85,Myanmar National Airlines,Business Class,85,N/A,N/A,347,Y,Y,Y,1,7,1,40
Suvarnabhumi Airport,BKK,02/08/2024 19:40,Kuala Lumpur International Airport,KUL,02/08/2024 22:50,130,Malaysia Airlines,Business Class,915,620,TRUE,415,Y,Y,Y,1,8,2,23
Suvarnabhumi Airport,BKK,02/08/2024 6:00,Kuala Lumpur International Airport,KUL,02/08/2024 9:10,130,Malaysia Airlines,Business Class,470,175,N/A,684,Y,Y,Y,1,8,2,23
Suvarnabhumi Airport,BKK,02/08/2024 21:15,Kunming Changshui International Airport,KMG,03/08/2024 0:45,150,China Eastern,Business Class,1045,775,TRUE,741,Y,Y,Y,1,10,2,32
Suvarnabhumi Airport,BKK,02/08/2024 3:00,Guangzhou Baiyun International Airport,CAN,02/08/2024 6:55,175,China Southern,Business Class,465,85,N/A,797,Y,Y,Y,1,10,2,32
Suvarnabhumi Airport,BKK,02/08/2024 21:15,Singapore Changi Airport,SIN,03/08/2024 0:35,140,Singapore Airlines,Business Class,755,440,TRUE,1098,Y,Y,Y,1,7,1,23
Suvarnabhumi Airport,BKK,02/08/2024 21:15,Singapore Changi Airport,SIN,03/08/2024 0:35,140,Singapore Airlines,Business Class,1080,760,TRUE,1919,Y,Y,Y,1,7,1,23
Suvarnabhumi Airport,BKK,03/08/2024 10:40,Yangon International Airport,RGN,03/08/2024 11:35,85,Myanmar National Airlines,Business Class,85,N/A,N/A,347,Y,Y,Y,1,7,1,40
Suvarnabhumi Airport,BKK,03/08/2024 20:20,Yangon International Airport,RGN,03/08/2024 21:15,85,Myanmar National Airlines,Business Class,85,N/A,N/A,347,Y,Y,Y,1,7,1,40
Suvarnabhumi Airport,BKK,03/08/2024 6:00,Kuala Lumpur International Airport,KUL,03/08/2024 9:10,130,Malaysia Airlines,Business Class,470,175,N/A,684,Y,Y,Y,1,8,2,23
Suvarnabhumi Airport,BKK,03/08/2024 7:50,Kunming Changshui International Airport,KMG,03/08/2024 11:30,160,China Eastern,Business Class,410,130,N/A,741,Y,Y,Y,1,10,2,32
Suvarnabhumi Airport,BKK,03/08/2024 3:00,Guangzhou Baiyun International Airport,CAN,03/08/2024 6:55,175,China Southern,Business Class,465,85,N/A,797,Y,Y,Y,1,10,2,32
Suvarnabhumi Airport,BKK,03/08/2024 21:15,Kunming Changshui International Airport,KMG,04/08/2024 0:45,150,China Eastern,Business Class,1045,775,TRUE,741,Y,Y,Y,1,10,2,32
Suvarnabhumi Airport,BKK,03/08/2024 21:25,Singapore Changi Airport,SIN,04/08/2024 0:45,140,Singapore Airlines,Business Class,745,430,TRUE,1186,Y,Y,Y,1,7,1,23
Suvarnabhumi Airport,BKK,03/08/2024 21:25,Singapore Changi Airport,SIN,04/08/2024 0:45,140,Singapore Airlines,Business Class,1070,750,TRUE,1919,Y,Y,Y,1,7,1,23
Suvarnabhumi Airport,BKK,04/08/2024 10:40,Yangon International Airport,RGN,04/08/2024 11:35,85,Myanmar National Airlines,Business Class,85,N/A,N/A,347,Y,Y,Y,1,7,1,40
Suvarnabhumi Airport,BKK,04/08/2024 20:20,Yangon International Airport,RGN,04/08/2024 21:15,85,Myanmar National Airlines,Business Class,85,N/A,N/A,347,Y,Y,Y,1,7,1,40
Suvarnabhumi Airport,BKK,04/08/2024 7:50,Kunming Changshui International Airport,KMG,04/08/2024 11:30,160,China Eastern,Business Class,410,130,N/A,741,Y,Y,Y,1,10,2,32
Suvarnabhumi Airport,BKK,04/08/2024 19:40,Kuala Lumpur International Airport,KUL,04/08/2024 22:50,130,Malaysia Airlines,Business Class,1090,795,TRUE,728,Y,Y,Y,1,8,2,23
Suvarnabhumi Airport,BKK,04/08/2024 21:15,Singapore Changi Airport,SIN,05/08/2024 0:35,140,Singapore Airlines,Business Class,755,440,TRUE,1186,Y,Y,Y,1,7,1,23
Suvarnabhumi Airport,BKK,04/08/2024 21:15,Singapore Changi Airport,SIN,05/08/2024 0:35,140,Singapore Airlines,Business Class,1080,760,TRUE,1919,Y,Y,Y,1,7,1,23
Suvarnabhumi Airport,BKK,05/08/2024 10:40,Yangon International Airport,RGN,05/08/2024 11:35,85,Myanmar National Airlines,Business Class,85,N/A,N/A,347,Y,Y,Y,1,7,1,40
Suvarnabhumi Airport,BKK,05/08/2024 20:20,Yangon International Airport,RGN,05/08/2024 21:15,85,Myanmar National Airlines,Business Class,85,N/A,N/A,347,Y,Y,Y,1,7,1,40
Suvarnabhumi Airport,BKK,05/08/2024 19:40,Kuala Lumpur International Airport,KUL,05/08/2024 22:50,130,Malaysia Airlines,Business Class,915,620,TRUE,415,Y,Y,Y,1,8,2,23
Suvarnabhumi Airport,BKK,05/08/2024 6:00,Kuala Lumpur International Airport,KUL,05/08/2024 9:10,130,Malaysia Airlines,Business Class,470,175,N/A,684,Y,Y,Y,1,8,2,23
Suvarnabhumi Airport,BKK,05/08/2024 21:15,Kunming Changshui International Airport,KMG,06/08/2024 0:45,150,China Eastern,Business Class,1045,775,TRUE,741,Y,Y,Y,1,10,2,32
Suvarnabhumi Airport,BKK,05/08/2024 3:00,Guangzhou Baiyun International Airport,CAN,05/08/2024 6:55,175,China Southern,Business Class,465,85,N/A,797,Y,Y,Y,1,10,2,32
Suvarnabhumi Airport,BKK,05/08/2024 21:15,Singapore Changi Airport,SIN,06/08/2024 0:35,140,Singapore Airlines,Business Class,755,440,TRUE,1098,Y,Y,Y,1,7,1,23
Suvarnabhumi Airport,BKK,05/08/2024 21:15,Singapore Changi Airport,SIN,06/08/2024 0:35,140,Singapore Airlines,Business Class,1080,760,TRUE,1919,Y,Y,Y,1,7,1,23
Suvarnabhumi Airport,BKK,06/08/2024 10:40,Yangon International Airport,RGN,06/08/2024 11:35,85,Myanmar National Airlines,Business Class,85,N/A,N/A,347,Y,Y,Y,1,7,1,40
Suvarnabhumi Airport,BKK,06/08/2024 7:50,Kunming Changshui International Airport,KMG,06/08/2024 11:30,160,China Eastern,Business Class,410,130,N/A,741,Y,Y,Y,1,10,2,32
Suvarnabhumi Airport,BKK,06/08/2024 19:40,Kuala Lumpur International Airport,KUL,06/08/2024 22:50,130,Malaysia Airlines,Business Class,915,620,TRUE,415,Y,Y,Y,1,8,2,23
Suvarnabhumi Airport,BKK,06/08/2024 6:00,Kuala Lumpur International Airport,KUL,06/08/2024 9:10,130,Malaysia Airlines,Business Class,470,175,N/A,684,Y,Y,Y,1,8,2,23
Suvarnabhumi Airport,BKK,06/08/2024 21:15,Kunming Changshui International Airport,KMG,07/08/2024 0:45,150,China Eastern,Business Class,1045,775,TRUE,741,Y,Y,Y,1,10,2,32
Suvarnabhumi Airport,BKK,06/08/2024 19:05,Guangzhou Baiyun International Airport,CAN,06/08/2024 22:50,165,China Southern,Business Class,940,570,TRUE,797,Y,Y,Y,1,10,2,32
Suvarnabhumi Airport,BKK,06/08/2024 16:40,Kuala Lumpur International Airport,KUL,06/08/2024 19:50,130,THAI,Business Class,1095,800,TRUE,808,Y,Y,Y,1,7,2,30
Suvarnabhumi Airport,BKK,06/08/2024 21:15,Singapore Changi Airport,SIN,07/08/2024 0:35,140,Singapore Airlines,Business Class,755,440,TRUE,1098,Y,Y,Y,1,7,1,23
Suvarnabhumi Airport,BKK,06/08/2024 21:15,Singapore Changi Airport,SIN,07/08/2024 0:35,140,Singapore Airlines,Business Class,1080,760,TRUE,1919,Y,Y,Y,1,7,1,23
Suvarnabhumi Airport,BKK,07/08/2024 10:40,Yangon International Airport,RGN,07/08/2024 11:35,85,Myanmar National Airlines,Business Class,85,N/A,N/A,347,Y,Y,Y,1,7,1,40
Suvarnabhumi Airport,BKK,07/08/2024 20:20,Yangon International Airport,RGN,07/08/2024 21:15,85,Myanmar National Airlines,Business Class,85,N/A,N/A,347,Y,Y,Y,1,7,1,40
Suvarnabhumi Airport,BKK,07/08/2024 7:50,Kunming Changshui International Airport,KMG,07/08/2024 11:30,160,China Eastern,Business Class,410,130,N/A,741,Y,Y,Y,1,10,2,32
Suvarnabhumi Airport,BKK,07/08/2024 3:00,Guangzhou Baiyun International Airport,CAN,07/08/2024 6:55,175,China Southern,Business Class,465,85,N/A,797,Y,Y,Y,1,10,2,32
Suvarnabhumi Airport,BKK,07/08/2024 19:40,Kuala Lumpur International Airport,KUL,07/08/2024 22:50,130,Malaysia Airlines,Business Class,915,620,TRUE,415,Y,Y,Y,1,8,2,23
Suvarnabhumi Airport,BKK,07/08/2024 21:15,Kunming Changshui International Airport,KMG,08/08/2024 0:45,150,China Eastern,Business Class,1045,775,TRUE,741,Y,Y,Y,1,10,2,32
Suvarnabhumi Airport,BKK,07/08/2024 21:15,Singapore Changi Airport,SIN,08/08/2024 0:35,140,Singapore Airlines,Business Class,755,440,TRUE,1098,Y,Y,Y,1,7,1,23
Suvarnabhumi Airport,BKK,07/08/2024 21:15,Singapore Changi Airport,SIN,08/08/2024 0:35,140,Singapore Airlines,Business Class,1080,760,TRUE,1919,Y,Y,Y,1,7,1,23
Suvarnabhumi Airport,BKK,08/08/2024 10:40,Yangon International Airport,RGN,08/08/2024 11:35,85,Myanmar National Airlines,Business Class,85,N/A,N/A,347,Y,Y,Y,1,7,1,40
Suvarnabhumi Airport,BKK,08/08/2024 20:20,Yangon International Airport,RGN,08/08/2024 21:15,85,Myanmar National Airlines,Business Class,85,N/A,N/A,347,Y,Y,Y,1,7,1,40
Suvarnabhumi Airport,BKK,08/08/2024 19:40,Kuala Lumpur International Airport,KUL,08/08/2024 22:50,130,Malaysia Airlines,Business Class,915,620,TRUE,415,Y,Y,Y,1,8,2,23
Suvarnabhumi Airport,BKK,08/08/2024 7:50,Kunming Changshui International Airport,KMG,08/08/2024 11:30,160,China Eastern,Business Class,410,130,N/A,741,Y,Y,Y,1,10,2,32
Suvarnabhumi Airport,BKK,08/08/2024 21:15,Singapore Changi Airport,SIN,09/08/2024 0:35,140,Singapore Airlines,Business Class,755,440,TRUE,1098,Y,Y,Y,1,7,1,23
Suvarnabhumi Airport,BKK,08/08/2024 21:15,Singapore Changi Airport,SIN,09/08/2024 0:35,140,Singapore Airlines,Business Class,1080,760,TRUE,1919,Y,Y,Y,1,7,1,23
Suvarnabhumi Airport,BKK,09/08/2024 10:40,Yangon International Airport,RGN,09/08/2024 11:35,85,Myanmar National Airlines,Business Class,85,N/A,N/A,347,Y,Y,Y,1,7,1,40
Suvarnabhumi Airport,BKK,09/08/2024 20:20,Yangon International Airport,RGN,09/08/2024 21:15,85,Myanmar National Airlines,Business Class,85,N/A,N/A,347,Y,Y,Y,1,7,1,40
Suvarnabhumi Airport,BKK,09/08/2024 19:40,Kuala Lumpur International Airport,KUL,09/08/2024 22:50,130,Malaysia Airlines,Business Class,915,620,TRUE,415,Y,Y,Y,1,8,2,23
Suvarnabhumi Airport,BKK,09/08/2024 6:00,Kuala Lumpur International Airport,KUL,09/08/2024 9:10,130,Malaysia Airlines,Business Class,470,175,N/A,684,Y,Y,Y,1,8,2,23
Suvarnabhumi Airport,BKK,09/08/2024 21:15,Kunming Changshui International Airport,KMG,10/08/2024 0:45,150,China Eastern,Business Class,1045,775,TRUE,741,Y,Y,Y,1,10,2,32
Suvarnabhumi Airport,BKK,09/08/2024 3:00,Guangzhou Baiyun International Airport,CAN,09/08/2024 6:55,175,China Southern,Business Class,465,85,N/A,797,Y,Y,Y,1,10,2,32
Suvarnabhumi Airport,BKK,09/08/2024 21:30,Singapore Changi Airport,SIN,10/08/2024 0:45,135,Singapore Airlines,Business Class,740,430,TRUE,1098,Y,Y,Y,1,7,1,23
Suvarnabhumi Airport,BKK,09/08/2024 21:30,Singapore Changi Airport,SIN,10/08/2024 0:45,135,Singapore Airlines,Business Class,1065,750,TRUE,1919,Y,Y,Y,1,7,1,23
Suvarnabhumi Airport,BKK,10/08/2024 10:40,Yangon International Airport,RGN,10/08/2024 11:35,85,Myanmar National Airlines,Business Class,85,N/A,N/A,347,Y,Y,Y,1,7,1,40
Suvarnabhumi Airport,BKK,10/08/2024 20:20,Yangon International Airport,RGN,10/08/2024 21:15,85,Myanmar National Airlines,Business Class,85,N/A,N/A,347,Y,Y,Y,1,7,1,40
Suvarnabhumi Airport,BKK,10/08/2024 7:50,Kunming Changshui International Airport,KMG,10/08/2024 11:30,160,China Eastern,Business Class,410,130,N/A,741,Y,Y,Y,1,10,2,32
Suvarnabhumi Airport,BKK,10/08/2024 3:00,Guangzhou Baiyun International Airport,CAN,10/08/2024 6:55,175,China Southern,Business Class,465,85,N/A,797,Y,Y,Y,1,10,2,32
Suvarnabhumi Airport,BKK,10/08/2024 19:40,Kuala Lumpur International Airport,KUL,10/08/2024 22:50,130,Malaysia Airlines,Business Class,915,620,TRUE,415,Y,Y,Y,1,8,2,23
Suvarnabhumi Airport,BKK,10/08/2024 21:15,Kunming Changshui International Airport,KMG,11/08/2024 0:45,150,China Eastern,Business Class,1045,775,TRUE,741,Y,Y,Y,1,10,2,32
Suvarnabhumi Airport,BKK,10/08/2024 21:15,Singapore Changi Airport,SIN,11/08/2024 0:35,140,Singapore Airlines,Business Class,755,440,TRUE,1098,Y,Y,Y,1,7,1,23
Suvarnabhumi Airport,BKK,10/08/2024 21:15,Singapore Changi Airport,SIN,11/08/2024 0:35,140,Singapore Airlines,Business Class,1080,760,TRUE,1919,Y,Y,Y,1,7,1,23
Suvarnabhumi Airport,BKK,11/08/2024 10:40,Yangon International Airport,RGN,11/08/2024 11:35,85,Myanmar National Airlines,Business Class,85,N/A,N/A,347,Y,Y,Y,1,7,1,40
Suvarnabhumi Airport,BKK,11/08/2024 20:20,Yangon International Airport,RGN,11/08/2024 21:15,85,Myanmar National Airlines,Business Class,85,N/A,N/A,347,Y,Y,Y,1,7,1,40
Suvarnabhumi Airport,BKK,11/08/2024 19:40,Kuala Lumpur International Airport,KUL,11/08/2024 22:50,130,Malaysia Airlines,Business Class,915,620,TRUE,415,Y,Y,Y,1,8,2,23
Suvarnabhumi Airport,BKK,11/08/2024 6:00,Kuala Lumpur International Airport,KUL,11/08/2024 9:10,130,Malaysia Airlines,Business Class,470,175,N/A,684,Y,Y,Y,1,8,2,23
Suvarnabhumi Airport,BKK,11/08/2024 7:50,Kunming Changshui International Airport,KMG,11/08/2024 11:30,160,China Eastern,Business Class,410,130,N/A,741,Y,Y,Y,1,10,2,32
Suvarnabhumi Airport,BKK,11/08/2024 21:30,Singapore Changi Airport,SIN,12/08/2024 0:45,135,Singapore Airlines,Business Class,740,430,TRUE,1292,Y,Y,Y,1,7,1,23
Suvarnabhumi Airport,BKK,11/08/2024 21:30,Singapore Changi Airport,SIN,12/08/2024 0:45,135,Singapore Airlines,Business Class,1065,750,TRUE,1919,Y,Y,Y,1,7,1,23
Suvarnabhumi Airport,BKK,12/08/2024 10:40,Yangon International Airport,RGN,12/08/2024 11:35,85,Myanmar National Airlines,Business Class,85,N/A,N/A,347,Y,Y,Y,1,7,1,40
Suvarnabhumi Airport,BKK,12/08/2024 20:20,Yangon International Airport,RGN,12/08/2024 21:15,85,Myanmar National Airlines,Business Class,85,N/A,N/A,347,Y,Y,Y,1,7,1,40
Suvarnabhumi Airport,BKK,12/08/2024 19:40,Kuala Lumpur International Airport,KUL,12/08/2024 22:50,130,Malaysia Airlines,Business Class,915,620,TRUE,415,Y,Y,Y,1,8,2,23
Suvarnabhumi Airport,BKK,12/08/2024 6:00,Kuala Lumpur International Airport,KUL,12/08/2024 9:10,130,Malaysia Airlines,Business Class,470,175,N/A,684,Y,Y,Y,1,8,2,23
Suvarnabhumi Airport,BKK,12/08/2024 21:15,Kunming Changshui International Airport,KMG,13/08/2024 0:45,150,China Eastern,Business Class,1045,775,TRUE,741,Y,Y,Y,1,10,2,32
Suvarnabhumi Airport,BKK,12/08/2024 3:00,Guangzhou Baiyun International Airport,CAN,12/08/2024 6:55,175,China Southern,Business Class,465,85,N/A,797,Y,Y,Y,1,10,2,32
Suvarnabhumi Airport,BKK,12/08/2024 21:15,Singapore Changi Airport,SIN,13/08/2024 0:35,140,Singapore Airlines,Business Class,755,440,TRUE,1098,Y,Y,Y,1,7,1,23
Suvarnabhumi Airport,BKK,12/08/2024 21:15,Singapore Changi Airport,SIN,13/08/2024 0:35,140,Singapore Airlines,Business Class,1080,760,TRUE,1919,Y,Y,Y,1,7,1,23
Suvarnabhumi Airport,BKK,13/08/2024 10:40,Yangon International Airport,RGN,13/08/2024 11:35,85,Myanmar National Airlines,Business Class,85,N/A,N/A,347,Y,Y,Y,1,7,1,40
Suvarnabhumi Airport,BKK,13/08/2024 7:50,Kunming Changshui International Airport,KMG,13/08/2024 11:30,160,China Eastern,Business Class,410,130,N/A,741,Y,Y,Y,1,10,2,32
Suvarnabhumi Airport,BKK,13/08/2024 19:40,Kuala Lumpur International Airport,KUL,13/08/2024 22:50,130,Malaysia Airlines,Business Class,915,620,TRUE,415,Y,Y,Y,1,8,2,23
Suvarnabhumi Airport,BKK,13/08/2024 6:00,Kuala Lumpur International Airport,KUL,13/08/2024 9:10,130,Malaysia Airlines,Business Class,470,175,N/A,684,Y,Y,Y,1,8,2,23
Suvarnabhumi Airport,BKK,13/08/2024 19:40,Kuala Lumpur International Airport,KUL,13/08/2024 22:50,130,Malaysia Airlines,Business Class,1090,795,TRUE,728,Y,Y,Y,1,8,2,23
Suvarnabhumi Airport,BKK,13/08/2024 16:40,Kuala Lumpur International Airport,KUL,13/08/2024 19:50,130,THAI,Business Class,1095,800,TRUE,739,Y,Y,Y,1,7,2,30
Suvarnabhumi Airport,BKK,13/08/2024 21:15,Kunming Changshui International Airport,KMG,14/08/2024 0:45,150,China Eastern,Business Class,1045,775,TRUE,741,Y,Y,Y,1,10,2,32
Suvarnabhumi Airport,BKK,13/08/2024 19:05,Guangzhou Baiyun International Airport,CAN,13/08/2024 22:50,165,China Southern,Business Class,940,570,TRUE,797,Y,Y,Y,1,10,2,32
Suvarnabhumi Airport,BKK,13/08/2024 21:15,Singapore Changi Airport,SIN,14/08/2024 0:35,140,Singapore Airlines,Business Class,755,440,TRUE,1098,Y,Y,Y,1,7,1,23
Suvarnabhumi Airport,BKK,13/08/2024 21:15,Singapore Changi Airport,SIN,14/08/2024 0:35,140,Singapore Airlines,Business Class,1080,760,TRUE,1919,Y,Y,Y,1,7,1,23
Suvarnabhumi Airport,BKK,14/08/2024 10:40,Yangon International Airport,RGN,14/08/2024 11:35,85,Myanmar National Airlines,Business Class,85,N/A,N/A,347,Y,Y,Y,1,7,1,40
Suvarnabhumi Airport,BKK,14/08/2024 20:20,Yangon International Airport,RGN,14/08/2024 21:15,85,Myanmar National Airlines,Business Class,85,N/A,N/A,347,Y,Y,Y,1,7,1,40
Suvarnabhumi Airport,BKK,14/08/2024 7:50,Kunming Changshui International Airport,KMG,14/08/2024 11:30,160,China Eastern,Business Class,410,130,N/A,741,Y,Y,Y,1,10,2,32
Suvarnabhumi Airport,BKK,14/08/2024 3:00,Guangzhou Baiyun International Airport,CAN,14/08/2024 6:55,175,China Southern,Business Class,465,85,N/A,797,Y,Y,Y,1,10,2,32
Suvarnabhumi Airport,BKK,14/08/2024 19:40,Kuala Lumpur International Airport,KUL,14/08/2024 22:50,130,Malaysia Airlines,Business Class,915,620,TRUE,415,Y,Y,Y,1,8,2,23
Suvarnabhumi Airport,BKK,14/08/2024 21:15,Kunming Changshui International Airport,KMG,15/08/2024 0:45,150,China Eastern,Business Class,1045,775,TRUE,741,Y,Y,Y,1,10,2,32
Suvarnabhumi Airport,BKK,14/08/2024 21:15,Singapore Changi Airport,SIN,15/08/2024 0:35,140,Singapore Airlines,Business Class,755,440,TRUE,1186,Y,Y,Y,1,7,1,23
Suvarnabhumi Airport,BKK,14/08/2024 21:15,Singapore Changi Airport,SIN,15/08/2024 0:35,140,Singapore Airlines,Business Class,1080,760,TRUE,1919,Y,Y,Y,1,7,1,23
Suvarnabhumi Airport,BKK,15/08/2024 10:40,Yangon International Airport,RGN,15/08/2024 11:35,85,Myanmar National Airlines,Business Class,85,N/A,N/A,347,Y,Y,Y,1,7,1,40
Suvarnabhumi Airport,BKK,15/08/2024 20:20,Yangon International Airport,RGN,15/08/2024 21:15,85,Myanmar National Airlines,Business Class,85,N/A,N/A,347,Y,Y,Y,1,7,1,40
Suvarnabhumi Airport,BKK,15/08/2024 19:40,Kuala Lumpur International Airport,KUL,15/08/2024 22:50,130,Malaysia Airlines,Business Class,915,620,TRUE,415,Y,Y,Y,1,8,2,23
Suvarnabhumi Airport,BKK,15/08/2024 6:00,Kuala Lumpur International Airport,KUL,15/08/2024 9:10,130,Malaysia Airlines,Business Class,470,175,N/A,684,Y,Y,Y,1,8,2,23
Suvarnabhumi Airport,BKK,15/08/2024 7:50,Kunming Changshui International Airport,KMG,15/08/2024 11:30,160,China Eastern,Business Class,410,130,N/A,741,Y,Y,Y,1,10,2,32
Suvarnabhumi Airport,BKK,15/08/2024 21:15,Singapore Changi Airport,SIN,16/08/2024 0:35,140,Singapore Airlines,Business Class,755,440,TRUE,1186,Y,Y,Y,1,7,1,23
Suvarnabhumi Airport,BKK,15/08/2024 21:15,Singapore Changi Airport,SIN,16/08/2024 0:35,140,Singapore Airlines,Business Class,1080,760,TRUE,1919,Y,Y,Y,1,7,1,23
Suvarnabhumi Airport,BKK,16/08/2024 10:40,Yangon International Airport,RGN,16/08/2024 11:35,85,Myanmar National Airlines,Business Class,85,N/A,N/A,347,Y,Y,Y,1,7,1,40
Suvarnabhumi Airport,BKK,16/08/2024 20:20,Yangon International Airport,RGN,16/08/2024 21:15,85,Myanmar National Airlines,Business Class,85,N/A,N/A,347,Y,Y,Y,1,7,1,40
Suvarnabhumi Airport,BKK,16/08/2024 19:40,Kuala Lumpur International Airport,KUL,16/08/2024 22:50,130,Malaysia Airlines,Business Class,915,620,TRUE,415,Y,Y,Y,1,8,2,23
Suvarnabhumi Airport,BKK,16/08/2024 6:00,Kuala Lumpur International Airport,KUL,16/08/2024 9:10,130,Malaysia Airlines,Business Class,470,175,N/A,684,Y,Y,Y,1,8,2,23
Suvarnabhumi Airport,BKK,16/08/2024 21:15,Kunming Changshui International Airport,KMG,17/08/2024 0:45,150,China Eastern,Business Class,1045,775,TRUE,741,Y,Y,Y,1,10,2,32
Suvarnabhumi Airport,BKK,16/08/2024 3:00,Guangzhou Baiyun International Airport,CAN,16/08/2024 6:55,175,China Southern,Business Class,465,85,N/A,797,Y,Y,Y,1,10,2,32
Suvarnabhumi Airport,BKK,16/08/2024 21:15,Singapore Changi Airport,SIN,17/08/2024 0:35,140,Singapore Airlines,Business Class,755,440,TRUE,1098,Y,Y,Y,1,7,1,23
Suvarnabhumi Airport,BKK,16/08/2024 21:15,Singapore Changi Airport,SIN,17/08/2024 0:35,140,Singapore Airlines,Business Class,1080,760,TRUE,1919,Y,Y,Y,1,7,1,23
Suvarnabhumi Airport,BKK,17/08/2024 10:40,Yangon International Airport,RGN,17/08/2024 11:35,85,Myanmar National Airlines,Business Class,85,N/A,N/A,347,Y,Y,Y,1,7,1,40
Suvarnabhumi Airport,BKK,17/08/2024 20:20,Yangon International Airport,RGN,17/08/2024 21:15,85,Myanmar National Airlines,Business Class,85,N/A,N/A,347,Y,Y,Y,1,7,1,40
Suvarnabhumi Airport,BKK,17/08/2024 7:50,Kunming Changshui International Airport,KMG,17/08/2024 11:30,160,China Eastern,Business Class,410,130,N/A,741,Y,Y,Y,1,10,2,32
Suvarnabhumi Airport,BKK,17/08/2024 3:00,Guangzhou Baiyun International Airport,CAN,17/08/2024 6:55,175,China Southern,Business Class,465,85,N/A,797,Y,Y,Y,1,10,2,32
Suvarnabhumi Airport,BKK,17/08/2024 19:40,Kuala Lumpur International Airport,KUL,17/08/2024 22:50,130,Malaysia Airlines,Business Class,915,620,TRUE,415,Y,Y,Y,1,8,2,23
Suvarnabhumi Airport,BKK,17/08/2024 21:15,Kunming Changshui International Airport,KMG,18/08/2024 0:45,150,China Eastern,Business Class,1045,775,TRUE,741,Y,Y,Y,1,10,2,32
Suvarnabhumi Airport,BKK,17/08/2024 21:15,Singapore Changi Airport,SIN,18/08/2024 0:35,140,Singapore Airlines,Business Class,755,440,TRUE,1098,Y,Y,Y,1,7,1,23
Suvarnabhumi Airport,BKK,17/08/2024 21:15,Singapore Changi Airport,SIN,18/08/2024 0:35,140,Singapore Airlines,Business Class,1080,760,TRUE,1919,Y,Y,Y,1,7,1,23
Suvarnabhumi Airport,BKK,18/08/2024 10:40,Yangon International Airport,RGN,18/08/2024 11:35,85,Myanmar National Airlines,Business Class,85,N/A,N/A,347,Y,Y,Y,1,7,1,40
Suvarnabhumi Airport,BKK,18/08/2024 20:20,Yangon International Airport,RGN,18/08/2024 21:15,85,Myanmar National Airlines,Business Class,85,N/A,N/A,347,Y,Y,Y,1,7,1,40
Suvarnabhumi Airport,BKK,18/08/2024 19:40,Kuala Lumpur International Airport,KUL,18/08/2024 22:50,130,Malaysia Airlines,Business Class,915,620,TRUE,415,Y,Y,Y,1,8,2,23
Suvarnabhumi Airport,BKK,18/08/2024 6:00,Kuala Lumpur International Airport,KUL,18/08/2024 9:10,130,Malaysia Airlines,Business Class,470,175,N/A,684,Y,Y,Y,1,8,2,23
Suvarnabhumi Airport,BKK,18/08/2024 7:50,Kunming Changshui International Airport,KMG,18/08/2024 11:30,160,China Eastern,Business Class,410,130,N/A,741,Y,Y,Y,1,10,2,32
Suvarnabhumi Airport,BKK,18/08/2024 21:15,Singapore Changi Airport,SIN,19/08/2024 0:35,140,Singapore Airlines,Business Class,755,440,TRUE,1186,Y,Y,Y,1,7,1,23
Suvarnabhumi Airport,BKK,18/08/2024 21:15,Singapore Changi Airport,SIN,19/08/2024 0:35,140,Singapore Airlines,Business Class,1080,760,TRUE,1919,Y,Y,Y,1,7,1,23
Suvarnabhumi Airport,BKK,19/08/2024 10:40,Yangon International Airport,RGN,19/08/2024 11:35,85,Myanmar National Airlines,Business Class,85,N/A,N/A,347,Y,Y,Y,1,7,1,40
Suvarnabhumi Airport,BKK,19/08/2024 20:20,Yangon International Airport,RGN,19/08/2024 21:15,85,Myanmar National Airlines,Business Class,85,N/A,N/A,347,Y,Y,Y,1,7,1,40
Suvarnabhumi Airport,BKK,19/08/2024 19:40,Kuala Lumpur International Airport,KUL,19/08/2024 22:50,130,Malaysia Airlines,Business Class,915,620,TRUE,415,Y,Y,Y,1,8,2,23
Suvarnabhumi Airport,BKK,19/08/2024 6:00,Kuala Lumpur International Airport,KUL,19/08/2024 9:10,130,Malaysia Airlines,Business Class,470,175,N/A,684,Y,Y,Y,1,8,2,23
Suvarnabhumi Airport,BKK,19/08/2024 21:15,Kunming Changshui International Airport,KMG,20/08/2024 0:45,150,China Eastern,Business Class,1045,775,TRUE,741,Y,Y,Y,1,10,2,32
Suvarnabhumi Airport,BKK,19/08/2024 3:00,Guangzhou Baiyun International Airport,CAN,19/08/2024 6:55,175,China Southern,Business Class,465,85,N/A,797,Y,Y,Y,1,10,2,32
Suvarnabhumi Airport,BKK,19/08/2024 21:15,Singapore Changi Airport,SIN,20/08/2024 0:35,140,Singapore Airlines,Business Class,755,440,TRUE,1098,Y,Y,Y,1,7,1,23
Suvarnabhumi Airport,BKK,19/08/2024 21:15,Singapore Changi Airport,SIN,20/08/2024 0:35,140,Singapore Airlines,Business Class,1080,760,TRUE,1919,Y,Y,Y,1,7,1,23
Suvarnabhumi Airport,BKK,20/08/2024 10:40,Yangon International Airport,RGN,20/08/2024 11:35,85,Myanmar National Airlines,Business Class,85,N/A,N/A,347,Y,Y,Y,1,7,1,40
Suvarnabhumi Airport,BKK,20/08/2024 7:50,Kunming Changshui International Airport,KMG,20/08/2024 11:30,160,China Eastern,Business Class,410,130,N/A,741,Y,Y,Y,1,10,2,32
Suvarnabhumi Airport,BKK,20/08/2024 19:40,Kuala Lumpur International Airport,KUL,20/08/2024 22:50,130,Malaysia Airlines,Business Class,915,620,TRUE,415,Y,Y,Y,1,8,2,23
Suvarnabhumi Airport,BKK,20/08/2024 6:00,Kuala Lumpur International Airport,KUL,20/08/2024 9:10,130,Malaysia Airlines,Business Class,470,175,N/A,684,Y,Y,Y,1,8,2,23
Suvarnabhumi Airport,BKK,20/08/2024 19:40,Kuala Lumpur International Airport,KUL,20/08/2024 22:50,130,Malaysia Airlines,Business Class,1090,795,TRUE,728,Y,Y,Y,1,8,2,23
Suvarnabhumi Airport,BKK,20/08/2024 16:40,Kuala Lumpur International Airport,KUL,20/08/2024 19:50,130,THAI,Business Class,1095,800,TRUE,739,Y,Y,Y,1,7,2,30
Suvarnabhumi Airport,BKK,20/08/2024 21:15,Kunming Changshui International Airport,KMG,21/08/2024 0:45,150,China Eastern,Business Class,1045,775,TRUE,741,Y,Y,Y,1,10,2,32
Suvarnabhumi Airport,BKK,20/08/2024 19:05,Guangzhou Baiyun International Airport,CAN,20/08/2024 22:50,165,China Southern,Business Class,940,570,TRUE,797,Y,Y,Y,1,10,2,32
Suvarnabhumi Airport,BKK,20/08/2024 21:15,Singapore Changi Airport,SIN,21/08/2024 0:35,140,Singapore Airlines,Business Class,755,440,TRUE,1098,Y,Y,Y,1,7,1,23
Suvarnabhumi Airport,BKK,20/08/2024 21:15,Singapore Changi Airport,SIN,21/08/2024 0:35,140,Singapore Airlines,Business Class,1080,760,TRUE,1919,Y,Y,Y,1,7,1,23
Suvarnabhumi Airport,BKK,21/08/2024 10:40,Yangon International Airport,RGN,21/08/2024 11:35,85,Myanmar National Airlines,Business Class,85,N/A,N/A,347,Y,Y,Y,1,7,1,40
Suvarnabhumi Airport,BKK,21/08/2024 20:20,Yangon International Airport,RGN,21/08/2024 21:15,85,Myanmar National Airlines,Business Class,85,N/A,N/A,347,Y,Y,Y,1,7,1,40
Suvarnabhumi Airport,BKK,21/08/2024 7:50,Kunming Changshui International Airport,KMG,21/08/2024 11:30,160,China Eastern,Business Class,410,130,N/A,741,Y,Y,Y,1,10,2,32
Suvarnabhumi Airport,BKK,21/08/2024 3:00,Guangzhou Baiyun International Airport,CAN,21/08/2024 6:55,175,China Southern,Business Class,465,85,N/A,797,Y,Y,Y,1,10,2,32
Suvarnabhumi Airport,BKK,21/08/2024 19:40,Kuala Lumpur International Airport,KUL,21/08/2024 22:50,130,Malaysia Airlines,Business Class,915,620,TRUE,415,Y,Y,Y,1,8,2,23
Suvarnabhumi Airport,BKK,21/08/2024 21:15,Kunming Changshui International Airport,KMG,22/08/2024 0:45,150,China Eastern,Business Class,1045,775,TRUE,741,Y,Y,Y,1,10,2,32
Suvarnabhumi Airport,BKK,21/08/2024 21:15,Singapore Changi Airport,SIN,22/08/2024 0:35,140,Singapore Airlines,Business Class,755,440,TRUE,1098,Y,Y,Y,1,7,1,23
Suvarnabhumi Airport,BKK,21/08/2024 21:15,Singapore Changi Airport,SIN,22/08/2024 0:35,140,Singapore Airlines,Business Class,1080,760,TRUE,1919,Y,Y,Y,1,7,1,23
Suvarnabhumi Airport,BKK,22/08/2024 10:40,Yangon International Airport,RGN,22/08/2024 11:35,85,Myanmar National Airlines,Business Class,85,N/A,N/A,347,Y,Y,Y,1,7,1,40
Suvarnabhumi Airport,BKK,22/08/2024 20:20,Yangon International Airport,RGN,22/08/2024 21:15,85,Myanmar National Airlines,Business Class,85,N/A,N/A,347,Y,Y,Y,1,7,1,40
Suvarnabhumi Airport,BKK,22/08/2024 7:50,Kunming Changshui International Airport,KMG,22/08/2024 11:30,160,China Eastern,Business Class,410,130,N/A,741,Y,Y,Y,1,10,2,32
Suvarnabhumi Airport,BKK,22/08/2024 19:40,Kuala Lumpur International Airport,KUL,22/08/2024 22:50,130,Malaysia Airlines,Business Class,915,620,TRUE,415,Y,Y,Y,1,8,2,23
Suvarnabhumi Airport,BKK,22/08/2024 6:00,Kuala Lumpur International Airport,KUL,22/08/2024 9:10,130,Malaysia Airlines,Business Class,470,175,N/A,684,Y,Y,Y,1,8,2,23
Suvarnabhumi Airport,BKK,22/08/2024 21:15,Singapore Changi Airport,SIN,23/08/2024 0:35,140,Singapore Airlines,Business Class,755,440,TRUE,1098,Y,Y,Y,1,7,1,23
Suvarnabhumi Airport,BKK,22/08/2024 21:15,Singapore Changi Airport,SIN,23/08/2024 0:35,140,Singapore Airlines,Business Class,1080,760,TRUE,1919,Y,Y,Y,1,7,1,23
Suvarnabhumi Airport,BKK,23/08/2024 10:40,Yangon International Airport,RGN,23/08/2024 11:35,85,Myanmar National Airlines,Business Class,85,N/A,N/A,347,Y,Y,Y,1,7,1,40
Suvarnabhumi Airport,BKK,23/08/2024 20:20,Yangon International Airport,RGN,23/08/2024 21:15,85,Myanmar National Airlines,Business Class,85,N/A,N/A,347,Y,Y,Y,1,7,1,40
Suvarnabhumi Airport,BKK,23/08/2024 19:40,Kuala Lumpur International Airport,KUL,23/08/2024 22:50,130,Malaysia Airlines,Business Class,915,620,TRUE,415,Y,Y,Y,1,8,2,23
Suvarnabhumi Airport,BKK,23/08/2024 6:00,Kuala Lumpur International Airport,KUL,23/08/2024 9:10,130,Malaysia Airlines,Business Class,470,175,N/A,684,Y,Y,Y,1,8,2,23
Suvarnabhumi Airport,BKK,23/08/2024 21:15,Kunming Changshui International Airport,KMG,24/08/2024 0:45,150,China Eastern,Business Class,1045,775,TRUE,741,Y,Y,Y,1,10,2,32
Suvarnabhumi Airport,BKK,23/08/2024 3:00,Guangzhou Baiyun International Airport,CAN,23/08/2024 6:55,175,China Southern,Business Class,465,85,N/A,797,Y,Y,Y,1,10,2,32
Suvarnabhumi Airport,BKK,23/08/2024 21:15,Singapore Changi Airport,SIN,24/08/2024 0:35,140,Singapore Airlines,Business Class,755,440,TRUE,1098,Y,Y,Y,1,7,1,23
Suvarnabhumi Airport,BKK,23/08/2024 21:15,Singapore Changi Airport,SIN,24/08/2024 0:35,140,Singapore Airlines,Business Class,1080,760,TRUE,1919,Y,Y,Y,1,7,1,23
Suvarnabhumi Airport,BKK,24/08/2024 10:40,Yangon International Airport,RGN,24/08/2024 11:35,85,Myanmar National Airlines,Business Class,85,N/A,N/A,347,Y,Y,Y,1,7,1,40
Suvarnabhumi Airport,BKK,24/08/2024 20:20,Yangon International Airport,RGN,24/08/2024 21:15,85,Myanmar National Airlines,Business Class,85,N/A,N/A,347,Y,Y,Y,1,7,1,40
Suvarnabhumi Airport,BKK,24/08/2024 7:50,Kunming Changshui International Airport,KMG,24/08/2024 11:30,160,China Eastern,Business Class,410,130,N/A,741,Y,Y,Y,1,10,2,32
Suvarnabhumi Airport,BKK,24/08/2024 3:00,Guangzhou Baiyun International Airport,CAN,24/08/2024 6:55,175,China Southern,Business Class,465,85,N/A,797,Y,Y,Y,1,10,2,32
Suvarnabhumi Airport,BKK,24/08/2024 19:40,Kuala Lumpur International Airport,KUL,24/08/2024 22:50,130,Malaysia Airlines,Business Class,915,620,TRUE,415,Y,Y,Y,1,8,2,23
Suvarnabhumi Airport,BKK,24/08/2024 21:15,Kunming Changshui International Airport,KMG,25/08/2024 0:45,150,China Eastern,Business Class,1045,775,TRUE,741,Y,Y,Y,1,10,2,32
Suvarnabhumi Airport,BKK,24/08/2024 21:15,Singapore Changi Airport,SIN,25/08/2024 0:35,140,Singapore Airlines,Business Class,755,440,TRUE,1098,Y,Y,Y,1,7,1,23
Suvarnabhumi Airport,BKK,24/08/2024 21:15,Singapore Changi Airport,SIN,25/08/2024 0:35,140,Singapore Airlines,Business Class,1080,760,TRUE,1919,Y,Y,Y,1,7,1,23
Suvarnabhumi Airport,BKK,25/08/2024 10:40,Yangon International Airport,RGN,25/08/2024 11:35,85,Myanmar National Airlines,Business Class,85,N/A,N/A,347,Y,Y,Y,1,7,1,40
Suvarnabhumi Airport,BKK,25/08/2024 20:20,Yangon International Airport,RGN,25/08/2024 21:15,85,Myanmar National Airlines,Business Class,85,N/A,N/A,347,Y,Y,Y,1,7,1,40
Suvarnabhumi Airport,BKK,25/08/2024 7:50,Kunming Changshui International Airport,KMG,25/08/2024 11:30,160,China Eastern,Business Class,410,130,N/A,741,Y,Y,Y,1,10,2,32
Suvarnabhumi Airport,BKK,25/08/2024 19:40,Kuala Lumpur International Airport,KUL,25/08/2024 22:50,130,Malaysia Airlines,Business Class,915,620,TRUE,415,Y,Y,Y,1,8,2,23
Suvarnabhumi Airport,BKK,25/08/2024 6:00,Kuala Lumpur International Airport,KUL,25/08/2024 9:10,130,Malaysia Airlines,Business Class,470,175,N/A,684,Y,Y,Y,1,8,2,23
Suvarnabhumi Airport,BKK,25/08/2024 21:15,Kunming Changshui International Airport,KMG,26/08/2024 0:45,150,China Eastern,Business Class,1045,775,TRUE,741,Y,Y,Y,1,10,2,32
Suvarnabhumi Airport,BKK,25/08/2024 21:15,Singapore Changi Airport,SIN,26/08/2024 0:35,140,Singapore Airlines,Business Class,755,440,TRUE,1186,Y,Y,Y,1,7,1,23
Suvarnabhumi Airport,BKK,25/08/2024 21:15,Singapore Changi Airport,SIN,26/08/2024 0:35,140,Singapore Airlines,Business Class,1080,760,TRUE,1919,Y,Y,Y,1,7,1,23
Suvarnabhumi Airport,BKK,26/08/2024 10:40,Yangon International Airport,RGN,26/08/2024 11:35,85,Myanmar National Airlines,Business Class,85,N/A,N/A,347,Y,Y,Y,1,7,1,40
Suvarnabhumi Airport,BKK,26/08/2024 20:20,Yangon International Airport,RGN,26/08/2024 21:15,85,Myanmar National Airlines,Business Class,85,N/A,N/A,347,Y,Y,Y,1,7,1,40
Suvarnabhumi Airport,BKK,26/08/2024 7:50,Kunming Changshui International Airport,KMG,26/08/2024 11:30,160,China Eastern,Business Class,410,130,N/A,741,Y,Y,Y,1,10,2,32
Suvarnabhumi Airport,BKK,26/08/2024 3:00,Guangzhou Baiyun International Airport,CAN,26/08/2024 6:55,175,China Southern,Business Class,465,85,N/A,797,Y,Y,Y,1,10,2,32
Suvarnabhumi Airport,BKK,26/08/2024 19:40,Kuala Lumpur International Airport,KUL,26/08/2024 22:50,130,Malaysia Airlines,Business Class,915,620,TRUE,415,Y,Y,Y,1,8,2,23
Suvarnabhumi Airport,BKK,26/08/2024 21:15,Kunming Changshui International Airport,KMG,27/08/2024 0:45,150,China Eastern,Business Class,1045,775,TRUE,741,Y,Y,Y,1,10,2,32
Suvarnabhumi Airport,BKK,26/08/2024 21:15,Singapore Changi Airport,SIN,27/08/2024 0:35,140,Singapore Airlines,Business Class,755,440,TRUE,1186,Y,Y,Y,1,7,1,23
Suvarnabhumi Airport,BKK,26/08/2024 21:15,Singapore Changi Airport,SIN,27/08/2024 0:35,140,Singapore Airlines,Business Class,1080,760,TRUE,1919,Y,Y,Y,1,7,1,23
Suvarnabhumi Airport,BKK,27/08/2024 10:40,Yangon International Airport,RGN,27/08/2024 11:35,85,Myanmar National Airlines,Business Class,85,N/A,N/A,347,Y,Y,Y,1,7,1,40
Suvarnabhumi Airport,BKK,27/08/2024 7:50,Kunming Changshui International Airport,KMG,27/08/2024 11:30,160,China Eastern,Business Class,410,130,N/A,741,Y,Y,Y,1,10,2,32
Suvarnabhumi Airport,BKK,27/08/2024 19:40,Kuala Lumpur International Airport,KUL,27/08/2024 22:50,130,Malaysia Airlines,Business Class,915,620,TRUE,415,Y,Y,Y,1,8,2,23
Suvarnabhumi Airport,BKK,27/08/2024 6:00,Kuala Lumpur International Airport,KUL,27/08/2024 9:10,130,Malaysia Airlines,Business Class,470,175,N/A,684,Y,Y,Y,1,8,2,23
Suvarnabhumi Airport,BKK,27/08/2024 19:40,Kuala Lumpur International Airport,KUL,27/08/2024 22:50,130,Malaysia Airlines,Business Class,1090,795,TRUE,728,Y,Y,Y,1,8,2,23
Suvarnabhumi Airport,BKK,27/08/2024 16:40,Kuala Lumpur International Airport,KUL,27/08/2024 19:50,130,THAI,Business Class,1095,800,TRUE,739,Y,Y,Y,1,7,2,30
Suvarnabhumi Airport,BKK,27/08/2024 21:15,Kunming Changshui International Airport,KMG,28/08/2024 0:45,150,China Eastern,Business Class,1045,775,TRUE,741,Y,Y,Y,1,10,2,32
Suvarnabhumi Airport,BKK,27/08/2024 19:05,Guangzhou Baiyun International Airport,CAN,27/08/2024 22:50,165,China Southern,Business Class,940,570,TRUE,797,Y,Y,Y,1,10,2,32
Suvarnabhumi Airport,BKK,27/08/2024 21:15,Singapore Changi Airport,SIN,28/08/2024 0:35,140,Singapore Airlines,Business Class,755,440,TRUE,1060,Y,Y,Y,1,7,1,23
Suvarnabhumi Airport,BKK,27/08/2024 21:15,Singapore Changi Airport,SIN,28/08/2024 0:35,140,Singapore Airlines,Business Class,1080,760,TRUE,1919,Y,Y,Y,1,7,1,23
Suvarnabhumi Airport,BKK,28/08/2024 10:40,Yangon International Airport,RGN,28/08/2024 11:35,85,Myanmar National Airlines,Business Class,85,N/A,N/A,347,Y,Y,Y,1,7,1,40
Suvarnabhumi Airport,BKK,28/08/2024 20:20,Yangon International Airport,RGN,28/08/2024 21:15,85,Myanmar National Airlines,Business Class,85,N/A,N/A,347,Y,Y,Y,1,7,1,40
Suvarnabhumi Airport,BKK,28/08/2024 7:50,Kunming Changshui International Airport,KMG,28/08/2024 11:30,160,China Eastern,Business Class,410,130,N/A,741,Y,Y,Y,1,10,2,32
Suvarnabhumi Airport,BKK,28/08/2024 3:00,Guangzhou Baiyun International Airport,CAN,28/08/2024 6:55,175,China Southern,Business Class,465,85,N/A,797,Y,Y,Y,1,10,2,32
Suvarnabhumi Airport,BKK,28/08/2024 19:40,Kuala Lumpur International Airport,KUL,28/08/2024 22:50,130,Malaysia Airlines,Business Class,915,620,TRUE,415,Y,Y,Y,1,8,2,23
Suvarnabhumi Airport,BKK,28/08/2024 21:15,Kunming Changshui International Airport,KMG,29/08/2024 0:45,150,China Eastern,Business Class,1045,775,TRUE,741,Y,Y,Y,1,10,2,32
Suvarnabhumi Airport,BKK,28/08/2024 21:15,Singapore Changi Airport,SIN,29/08/2024 0:35,140,Singapore Airlines,Business Class,755,440,TRUE,1060,Y,Y,Y,1,7,1,23
Suvarnabhumi Airport,BKK,28/08/2024 21:15,Singapore Changi Airport,SIN,29/08/2024 0:35,140,Singapore Airlines,Business Class,1080,760,TRUE,1919,Y,Y,Y,1,7,1,23
Suvarnabhumi Airport,BKK,29/08/2024 10:40,Yangon International Airport,RGN,29/08/2024 11:35,85,Myanmar National Airlines,Business Class,85,N/A,N/A,347,Y,Y,Y,1,7,1,40
Suvarnabhumi Airport,BKK,29/08/2024 20:20,Yangon International Airport,RGN,29/08/2024 21:15,85,Myanmar National Airlines,Business Class,85,N/A,N/A,347,Y,Y,Y,1,7,1,40
Suvarnabhumi Airport,BKK,29/08/2024 7:50,Kunming Changshui International Airport,KMG,29/08/2024 11:30,160,China Eastern,Business Class,410,130,N/A,741,Y,Y,Y,1,10,2,32
Suvarnabhumi Airport,BKK,29/08/2024 19:40,Kuala Lumpur International Airport,KUL,29/08/2024 22:50,130,Malaysia Airlines,Business Class,915,620,TRUE,415,Y,Y,Y,1,8,2,23
Suvarnabhumi Airport,BKK,29/08/2024 6:00,Kuala Lumpur International Airport,KUL,29/08/2024 9:10,130,Malaysia Airlines,Business Class,470,175,N/A,684,Y,Y,Y,1,8,2,23
Suvarnabhumi Airport,BKK,29/08/2024 21:15,Kunming Changshui International Airport,KMG,30/08/2024 0:45,150,China Eastern,Business Class,1045,775,TRUE,741,Y,Y,Y,1,10,2,32
Suvarnabhumi Airport,BKK,29/08/2024 21:15,Singapore Changi Airport,SIN,30/08/2024 0:35,140,Singapore Airlines,Business Class,755,440,TRUE,1060,Y,Y,Y,1,7,1,23
Suvarnabhumi Airport,BKK,29/08/2024 21:15,Singapore Changi Airport,SIN,30/08/2024 0:35,140,Singapore Airlines,Business Class,1080,760,TRUE,1919,Y,Y,Y,1,7,1,23
Suvarnabhumi Airport,BKK,30/08/2024 10:40,Yangon International Airport,RGN,30/08/2024 11:35,85,Myanmar National Airlines,Business Class,85,N/A,N/A,347,Y,Y,Y,1,7,1,40
Suvarnabhumi Airport,BKK,30/08/2024 20:20,Yangon International Airport,RGN,30/08/2024 21:15,85,Myanmar National Airlines,Business Class,85,N/A,N/A,347,Y,Y,Y,1,7,1,40
Suvarnabhumi Airport,BKK,30/08/2024 7:50,Kunming Changshui International Airport,KMG,30/08/2024 11:30,160,China Eastern,Business Class,410,130,N/A,741,Y,Y,Y,1,10,2,32
Suvarnabhumi Airport,BKK,30/08/2024 3:00,Guangzhou Baiyun International Airport,CAN,30/08/2024 6:55,175,China Southern,Business Class,465,85,N/A,797,Y,Y,Y,1,10,2,32
Suvarnabhumi Airport,BKK,30/08/2024 19:40,Kuala Lumpur International Airport,KUL,30/08/2024 22:50,130,Malaysia Airlines,Business Class,915,620,TRUE,415,Y,Y,Y,1,8,2,23
Suvarnabhumi Airport,BKK,30/08/2024 21:15,Kunming Changshui International Airport,KMG,31/08/2024 0:45,150,China Eastern,Business Class,1045,775,TRUE,741,Y,Y,Y,1,10,2,32
Suvarnabhumi Airport,BKK,30/08/2024 21:15,Singapore Changi Airport,SIN,31/08/2024 0:35,140,Singapore Airlines,Business Class,755,440,TRUE,1098,Y,Y,Y,1,7,1,23
Suvarnabhumi Airport,BKK,30/08/2024 21:15,Singapore Changi Airport,SIN,31/08/2024 0:35,140,Singapore Airlines,Business Class,1080,760,TRUE,1919,Y,Y,Y,1,7,1,23
Suvarnabhumi Airport,BKK,31/08/2024 10:40,Yangon International Airport,RGN,31/08/2024 11:35,85,Myanmar National Airlines,Business Class,85,N/A,N/A,347,Y,Y,Y,1,7,1,40
Suvarnabhumi Airport,BKK,31/08/2024 20:20,Yangon International Airport,RGN,31/08/2024 21:15,85,Myanmar National Airlines,Business Class,85,N/A,N/A,347,Y,Y,Y,1,7,1,40
Suvarnabhumi Airport,BKK,31/08/2024 7:50,Kunming Changshui International Airport,KMG,31/08/2024 11:30,160,China Eastern,Business Class,410,130,N/A,741,Y,Y,Y,1,10,2,32
Suvarnabhumi Airport,BKK,31/08/2024 3:00,Guangzhou Baiyun International Airport,CAN,31/08/2024 6:55,175,China Southern,Business Class,465,85,N/A,797,Y,Y,Y,1,10,2,32
Suvarnabhumi Airport,BKK,31/08/2024 19:40,Kuala Lumpur International Airport,KUL,31/08/2024 22:50,130,Malaysia Airlines,Business Class,915,620,TRUE,415,Y,Y,Y,1,8,2,23
Suvarnabhumi Airport,BKK,31/08/2024 21:15,Kunming Changshui International Airport,KMG,01/09/2024 0:45,150,China Eastern,Business Class,1045,775,TRUE,741,Y,Y,Y,1,10,2,32
Suvarnabhumi Airport,BKK,31/08/2024 21:15,Singapore Changi Airport,SIN,01/09/2024 0:35,140,Singapore Airlines,Business Class,755,440,TRUE,1060,Y,Y,Y,1,7,1,23
Suvarnabhumi Airport,BKK,31/08/2024 21:15,Singapore Changi Airport,SIN,01/09/2024 0:35,140,Singapore Airlines,Business Class,1080,760,TRUE,1919,Y,Y,Y,1,7,1,23