Departure Airport Name,Departure Airport ID,Departure Time,Arrival Airport Name,Arrival Airport ID,Arrival Time,Duration,Airline,Travel Class,Total Duration,Layover 1 Duration,Layover 1 Overnight,Price, Cabin Baggage, Checked Baggage,Meal Included,Cabin Baggage (Number),Cabin Baggage (kg per piece),Checked Baggage (Number),Checked Baggage (kg per piece) 
Suvarnabhumi Airport,BKK,01/07/2024 8:00,Soekarno–Hatta International Airport,CGK,01/07/2024 11:35,215,THAI,Business Class,215,N/A,N/A,498,Y,Y,Y,1,7,2,30
Suvarnabhumi Airport,BKK,01/07/2024 14:15,Soekarno–Hatta International Airport,CGK,01/07/2024 17:50,215,Garuda Indonesia,Business Class,215,N/A,N/A,616,Y,Y,Y,1,7,1,50
Suvarnabhumi Airport,BKK,01/07/2024 14:20,Soekarno–Hatta International Airport,CGK,01/07/2024 17:55,215,THAI,Business Class,215,N/A,N/A,634,Y,Y,Y,1,7,2,30
Suvarnabhumi Airport,BKK,01/07/2024 19:40,Kuala Lumpur International Airport,KUL,01/07/2024 22:50,130,Malaysia Airlines,Business Class,770,515,TRUE,504,Y,Y,Y,1,8,2,23
Suvarnabhumi Airport,BKK,01/07/2024 17:15,Kuala Lumpur International Airport,KUL,01/07/2024 20:30,135,Malaysia Airlines,Business Class,350,80,N/A,707,Y,Y,Y,1,8,2,23
Suvarnabhumi Airport,BKK,01/07/2024 21:15,Singapore Changi Airport,SIN,02/07/2024 0:35,140,Singapore Airlines,Business Class,590,345,TRUE,709,Y,Y,Y,1,7,1,25
Suvarnabhumi Airport,BKK,01/07/2024 11:05,Kuala Lumpur International Airport,KUL,01/07/2024 14:15,130,Malaysia Airlines,Business Class,390,115,N/A,762,Y,Y,Y,1,8,2,23
Suvarnabhumi Airport,BKK,01/07/2024 9:40,Singapore Changi Airport,SIN,01/07/2024 13:05,145,Singapore Airlines,Business Class,450,200,N/A,840,Y,Y,Y,1,7,1,25
Suvarnabhumi Airport,BKK,01/07/2024 12:15,Singapore Changi Airport,SIN,01/07/2024 15:40,145,Singapore Airlines,Business Class,350,100,N/A,980,Y,Y,Y,1,7,1,25
Suvarnabhumi Airport,BKK,01/07/2024 15:30,Singapore Changi Airport,SIN,01/07/2024 18:55,145,Singapore Airlines,Business Class,430,180,N/A,980,Y,Y,Y,1,7,1,25
Suvarnabhumi Airport,BKK,02/07/2024 14:20,Soekarno–Hatta International Airport,CGK,02/07/2024 17:55,215,THAI,Business Class,215,N/A,N/A,498,Y,Y,Y,1,7,2,30
Suvarnabhumi Airport,BKK,02/07/2024 11:05,Kuala Lumpur International Airport,KUL,02/07/2024 14:15,130,Malaysia Airlines,Business Class,390,115,N/A,504,Y,Y,Y,1,8,2,23
Suvarnabhumi Airport,BKK,02/07/2024 8:00,Soekarno–Hatta International Airport,CGK,02/07/2024 11:35,215,THAI,Business Class,215,N/A,N/A,723,Y,Y,Y,1,7,2,30
Suvarnabhumi Airport,BKK,02/07/2024 14:15,Soekarno–Hatta International Airport,CGK,02/07/2024 17:50,215,Garuda Indonesia,Business Class,215,N/A,N/A,1149,Y,Y,Y,1,7,1,50
Suvarnabhumi Airport,BKK,02/07/2024 13:30,Brunei International Airport,BWN,02/07/2024 17:15,165,Royal Brunei,Business Class,1370,1060,TRUE,528,Y,Y,Y,1,12,2,40
Suvarnabhumi Airport,BKK,02/07/2024 6:00,Kuala Lumpur International Airport,KUL,02/07/2024 9:10,130,Malaysia Airlines,Business Class,545,275,N/A,622,Y,Y,Y,1,8,2,23
Suvarnabhumi Airport,BKK,02/07/2024 17:15,Kuala Lumpur International Airport,KUL,02/07/2024 20:30,135,Malaysia Airlines,Business Class,350,80,N/A,707,Y,Y,Y,1,8,2,23
Suvarnabhumi Airport,BKK,02/07/2024 9:40,Singapore Changi Airport,SIN,02/07/2024 13:05,145,Singapore Airlines,Business Class,450,200,N/A,980,Y,Y,Y,1,7,1,25
Suvarnabhumi Airport,BKK,02/07/2024 12:15,Singapore Changi Airport,SIN,02/07/2024 15:40,145,Singapore Airlines,Business Class,350,100,N/A,980,Y,Y,Y,1,7,1,25
Suvarnabhumi Airport,BKK,02/07/2024 15:30,Singapore Changi Airport,SIN,02/07/2024 18:55,145,Singapore Airlines,Business Class,430,180,N/A,980,Y,Y,Y,1,7,1,25
Suvarnabhumi Airport,BKK,03/07/2024 8:00,Soekarno–Hatta International Airport,CGK,03/07/2024 11:35,215,THAI,Business Class,215,N/A,N/A,401,Y,Y,Y,1,7,2,30
Suvarnabhumi Airport,BKK,03/07/2024 14:20,Soekarno–Hatta International Airport,CGK,03/07/2024 17:55,215,THAI,Business Class,215,N/A,N/A,498,Y,Y,Y,1,7,2,30
Suvarnabhumi Airport,BKK,03/07/2024 14:15,Soekarno–Hatta International Airport,CGK,03/07/2024 17:50,215,Garuda Indonesia,Business Class,215,N/A,N/A,527,Y,Y,Y,1,7,1,50
Suvarnabhumi Airport,BKK,03/07/2024 11:05,Kuala Lumpur International Airport,KUL,03/07/2024 14:15,130,Malaysia Airlines,Business Class,480,215,N/A,504,Y,Y,Y,1,8,2,23
Suvarnabhumi Airport,BKK,03/07/2024 11:05,Kuala Lumpur International Airport,KUL,03/07/2024 14:15,130,Malaysia Airlines,Business Class,390,115,N/A,707,Y,Y,Y,1,8,2,23
Suvarnabhumi Airport,BKK,03/07/2024 17:15,Kuala Lumpur International Airport,KUL,03/07/2024 20:30,135,Malaysia Airlines,Business Class,350,80,N/A,707,Y,Y,Y,1,8,2,23
Suvarnabhumi Airport,BKK,03/07/2024 21:15,Singapore Changi Airport,SIN,04/07/2024 0:35,140,Singapore Airlines,Business Class,590,345,TRUE,709,Y,Y,Y,1,7,1,25
Suvarnabhumi Airport,BKK,03/07/2024 9:40,Singapore Changi Airport,SIN,03/07/2024 13:05,145,Singapore Airlines,Business Class,450,200,N/A,980,Y,Y,Y,1,7,1,25
Suvarnabhumi Airport,BKK,03/07/2024 12:15,Singapore Changi Airport,SIN,03/07/2024 15:40,145,Singapore Airlines,Business Class,350,100,N/A,980,Y,Y,Y,1,7,1,25
Suvarnabhumi Airport,BKK,03/07/2024 15:30,Singapore Changi Airport,SIN,03/07/2024 18:55,145,Singapore Airlines,Business Class,430,180,N/A,980,Y,Y,Y,1,7,1,25
Suvarnabhumi Airport,BKK,04/07/2024 8:00,Soekarno–Hatta International Airport,CGK,04/07/2024 11:35,215,THAI,Business Class,215,N/A,N/A,401,Y,Y,Y,1,7,2,30
Suvarnabhumi Airport,BKK,04/07/2024 17:15,Kuala Lumpur International Airport,KUL,04/07/2024 20:30,135,Malaysia Airlines,Business Class,350,80,N/A,504,Y,Y,Y,1,8,2,23
Suvarnabhumi Airport,BKK,04/07/2024 14:15,Soekarno–Hatta International Airport,CGK,04/07/2024 17:50,215,Garuda Indonesia,Business Class,215,N/A,N/A,527,Y,Y,Y,1,7,1,50
Suvarnabhumi Airport,BKK,04/07/2024 14:20,Soekarno–Hatta International Airport,CGK,04/07/2024 17:55,215,THAI,Business Class,215,N/A,N/A,723,Y,Y,Y,1,7,2,30
Suvarnabhumi Airport,BKK,04/07/2024 11:05,Kuala Lumpur International Airport,KUL,04/07/2024 14:15,130,Malaysia Airlines,Business Class,390,115,N/A,504,Y,Y,Y,1,8,2,23
Suvarnabhumi Airport,BKK,04/07/2024 19:40,Kuala Lumpur International Airport,KUL,04/07/2024 22:50,130,Malaysia Airlines,Business Class,770,515,TRUE,762,Y,Y,Y,1,8,2,23
Suvarnabhumi Airport,BKK,04/07/2024 9:40,Singapore Changi Airport,SIN,04/07/2024 13:05,145,Singapore Airlines,Business Class,450,200,N/A,980,Y,Y,Y,1,7,1,25
Suvarnabhumi Airport,BKK,04/07/2024 15:30,Singapore Changi Airport,SIN,04/07/2024 18:55,145,Singapore Airlines,Business Class,430,180,N/A,1192,Y,Y,Y,1,7,1,25
Suvarnabhumi Airport,BKK,05/07/2024 8:00,Soekarno–Hatta International Airport,CGK,05/07/2024 11:35,215,THAI,Business Class,215,N/A,N/A,401,Y,Y,Y,1,7,2,30
Suvarnabhumi Airport,BKK,05/07/2024 14:20,Soekarno–Hatta International Airport,CGK,05/07/2024 17:55,215,THAI,Business Class,215,N/A,N/A,401,Y,Y,Y,1,7,2,30
Suvarnabhumi Airport,BKK,05/07/2024 14:15,Soekarno–Hatta International Airport,CGK,05/07/2024 17:50,215,Garuda Indonesia,Business Class,215,N/A,N/A,527,Y,Y,Y,1,7,1,50
Suvarnabhumi Airport,BKK,05/07/2024 17:15,Kuala Lumpur International Airport,KUL,05/07/2024 20:30,135,Malaysia Airlines,Business Class,350,80,N/A,504,Y,Y,Y,1,8,2,23
Suvarnabhumi Airport,BKK,05/07/2024 19:40,Kuala Lumpur International Airport,KUL,05/07/2024 22:50,130,Malaysia Airlines,Business Class,770,515,TRUE,504,Y,Y,Y,1,8,2,23
Suvarnabhumi Airport,BKK,05/07/2024 11:05,Kuala Lumpur International Airport,KUL,05/07/2024 14:15,130,Malaysia Airlines,Business Class,390,115,N/A,762,Y,Y,Y,1,8,2,23
Suvarnabhumi Airport,BKK,05/07/2024 9:40,Singapore Changi Airport,SIN,05/07/2024 13:05,145,Singapore Airlines,Business Class,450,200,N/A,1192,Y,Y,Y,1,7,1,25
Suvarnabhumi Airport,BKK,05/07/2024 15:30,Singapore Changi Airport,SIN,05/07/2024 18:55,145,Singapore Airlines,Business Class,430,180,N/A,1192,Y,Y,Y,1,7,1,25
Suvarnabhumi Airport,BKK,06/07/2024 8:00,Soekarno–Hatta International Airport,CGK,06/07/2024 11:35,215,THAI,Business Class,215,N/A,N/A,401,Y,Y,Y,1,7,2,30
Suvarnabhumi Airport,BKK,06/07/2024 14:20,Soekarno–Hatta International Airport,CGK,06/07/2024 17:55,215,THAI,Business Class,215,N/A,N/A,401,Y,Y,Y,1,7,2,30
Suvarnabhumi Airport,BKK,06/07/2024 11:05,Kuala Lumpur International Airport,KUL,06/07/2024 14:15,130,Malaysia Airlines,Business Class,390,115,N/A,707,Y,Y,Y,1,8,2,23
Suvarnabhumi Airport,BKK,06/07/2024 12:15,Singapore Changi Airport,SIN,06/07/2024 15:40,145,Singapore Airlines,Business Class,350,100,N/A,1192,Y,Y,Y,1,7,1,25
Suvarnabhumi Airport,BKK,06/07/2024 18:40,Kuala Lumpur International Airport,KUL,06/07/2024 21:55,135,Malaysia Airlines,Business Class,935,665,TRUE,578,Y,Y,Y,1,8,2,23
Suvarnabhumi Airport,BKK,06/07/2024 18:40,Kuala Lumpur International Airport,KUL,06/07/2024 21:55,135,Malaysia Airlines,Business Class,830,570,TRUE,622,Y,Y,Y,1,8,2,23
Suvarnabhumi Airport,BKK,06/07/2024 17:15,Kuala Lumpur International Airport,KUL,06/07/2024 20:30,135,Malaysia Airlines,Business Class,350,80,N/A,762,Y,Y,Y,1,8,2,23
Suvarnabhumi Airport,BKK,06/07/2024 13:30,Brunei International Airport,BWN,06/07/2024 17:15,165,Royal Brunei,Business Class,1370,1060,TRUE,788,Y,Y,Y,1,12,2,40
Suvarnabhumi Airport,BKK,06/07/2024 21:25,Singapore Changi Airport,SIN,07/07/2024 0:45,140,Singapore Airlines,Business Class,580,335,TRUE,840,Y,Y,Y,1,7,1,25
Suvarnabhumi Airport,BKK,06/07/2024 15:50,Singapore Changi Airport,SIN,06/07/2024 19:15,145,Singapore Airlines,Business Class,410,160,N/A,980,Y,Y,Y,1,7,1,25
Suvarnabhumi Airport,BKK,06/07/2024 9:40,Singapore Changi Airport,SIN,06/07/2024 13:05,145,Singapore Airlines,Business Class,450,200,N/A,1192,Y,Y,Y,1,7,1,25
Suvarnabhumi Airport,BKK,07/07/2024 8:00,Soekarno–Hatta International Airport,CGK,07/07/2024 11:35,215,THAI,Business Class,215,N/A,N/A,723,Y,Y,Y,1,7,2,30
Suvarnabhumi Airport,BKK,07/07/2024 11:05,Kuala Lumpur International Airport,KUL,07/07/2024 14:15,130,Malaysia Airlines,Business Class,390,115,N/A,762,Y,Y,Y,1,8,2,23
Suvarnabhumi Airport,BKK,07/07/2024 14:15,Soekarno–Hatta International Airport,CGK,07/07/2024 17:50,215,Garuda Indonesia,Business Class,215,N/A,N/A,1149,Y,Y,Y,1,7,1,50
Suvarnabhumi Airport,BKK,07/07/2024 21:00,Brunei International Airport,BWN,08/07/2024 0:45,165,Royal Brunei,Business Class,1730,1420,N/A,528,Y,Y,Y,1,12,2,40
Suvarnabhumi Airport,BKK,07/07/2024 19:40,Kuala Lumpur International Airport,KUL,07/07/2024 22:50,130,Malaysia Airlines,Business Class,1315,1040,TRUE,561,Y,Y,Y,1,8,2,23
Suvarnabhumi Airport,BKK,07/07/2024 6:00,Kuala Lumpur International Airport,KUL,07/07/2024 9:10,130,Malaysia Airlines,Business Class,1025,760,N/A,568,Y,Y,Y,1,8,2,23
Suvarnabhumi Airport,BKK,07/07/2024 18:40,Kuala Lumpur International Airport,KUL,07/07/2024 21:55,135,Malaysia Airlines,Business Class,935,665,TRUE,578,Y,Y,Y,1,8,2,23
Suvarnabhumi Airport,BKK,07/07/2024 6:00,Kuala Lumpur International Airport,KUL,07/07/2024 9:10,130,Malaysia Airlines,Business Class,785,520,N/A,622,Y,Y,Y,1,8,2,23
Suvarnabhumi Airport,BKK,07/07/2024 22:50,Ninoy Aquino International Airport,MNL,08/07/2024 3:15,205,Philippine Airlines,Business Class,1505,1055,TRUE,683,Y,Y,Y,1,7,2,32
Suvarnabhumi Airport,BKK,07/07/2024 6:00,Kuala Lumpur International Airport,KUL,07/07/2024 9:10,130,Malaysia Airlines,Business Class,545,275,N/A,707,Y,Y,Y,1,8,2,23
Suvarnabhumi Airport,BKK,07/07/2024 19:40,Kuala Lumpur International Airport,KUL,07/07/2024 22:50,130,Malaysia Airlines,Business Class,770,515,TRUE,707,Y,Y,Y,1,8,2,23
Suvarnabhumi Airport,BKK,07/07/2024 9:05,Kuala Lumpur International Airport,KUL,07/07/2024 12:15,130,THAI,Business Class,360,90,N/A,1531,Y,Y,Y,1,7,2,30
Suvarnabhumi Airport,BKK,08/07/2024 8:00,Soekarno–Hatta International Airport,CGK,08/07/2024 11:35,215,THAI,Business Class,215,N/A,N/A,401,Y,Y,Y,1,7,2,30
Suvarnabhumi Airport,BKK,08/07/2024 14:15,Soekarno–Hatta International Airport,CGK,08/07/2024 17:50,215,Garuda Indonesia,Business Class,215,N/A,N/A,527,Y,Y,Y,1,7,1,50
Suvarnabhumi Airport,BKK,08/07/2024 14:20,Soekarno–Hatta International Airport,CGK,08/07/2024 17:55,215,THAI,Business Class,215,N/A,N/A,723,Y,Y,Y,1,7,2,30
Suvarnabhumi Airport,BKK,08/07/2024 6:00,Kuala Lumpur International Airport,KUL,08/07/2024 9:10,130,Malaysia Airlines,Business Class,695,420,N/A,504,Y,Y,Y,1,8,2,23
Suvarnabhumi Airport,BKK,08/07/2024 19:40,Kuala Lumpur International Airport,KUL,08/07/2024 22:50,130,Malaysia Airlines,Business Class,770,515,TRUE,707,Y,Y,Y,1,8,2,23
Suvarnabhumi Airport,BKK,08/07/2024 11:05,Kuala Lumpur International Airport,KUL,08/07/2024 14:15,130,Malaysia Airlines,Business Class,390,115,N/A,762,Y,Y,Y,1,8,2,23
Suvarnabhumi Airport,BKK,08/07/2024 17:15,Kuala Lumpur International Airport,KUL,08/07/2024 20:30,135,Malaysia Airlines,Business Class,350,80,N/A,762,Y,Y,Y,1,8,2,23
Suvarnabhumi Airport,BKK,08/07/2024 9:40,Singapore Changi Airport,SIN,08/07/2024 13:05,145,Singapore Airlines,Business Class,450,200,N/A,980,Y,Y,Y,1,7,1,25
Suvarnabhumi Airport,BKK,08/07/2024 21:15,Singapore Changi Airport,SIN,09/07/2024 0:35,140,Singapore Airlines,Business Class,590,345,TRUE,980,Y,Y,Y,1,7,1,25
Suvarnabhumi Airport,BKK,09/07/2024 8:00,Soekarno–Hatta International Airport,CGK,09/07/2024 11:35,215,THAI,Business Class,215,N/A,N/A,401,Y,Y,Y,1,7,2,30
Suvarnabhumi Airport,BKK,09/07/2024 14:15,Soekarno–Hatta International Airport,CGK,09/07/2024 17:50,215,Garuda Indonesia,Business Class,215,N/A,N/A,527,Y,Y,Y,1,7,1,50
Suvarnabhumi Airport,BKK,09/07/2024 17:15,Kuala Lumpur International Airport,KUL,09/07/2024 20:30,135,Malaysia Airlines,Business Class,350,80,N/A,622,Y,Y,Y,1,8,2,23
Suvarnabhumi Airport,BKK,09/07/2024 14:20,Soekarno–Hatta International Airport,CGK,09/07/2024 17:55,215,THAI,Business Class,215,N/A,N/A,723,Y,Y,Y,1,7,2,30
Suvarnabhumi Airport,BKK,09/07/2024 6:00,Kuala Lumpur International Airport,KUL,09/07/2024 9:10,130,Malaysia Airlines,Business Class,545,275,N/A,504,Y,Y,Y,1,8,2,23
Suvarnabhumi Airport,BKK,09/07/2024 19:40,Kuala Lumpur International Airport,KUL,09/07/2024 22:50,130,Malaysia Airlines,Business Class,770,515,TRUE,504,Y,Y,Y,1,8,2,23
Suvarnabhumi Airport,BKK,09/07/2024 11:05,Kuala Lumpur International Airport,KUL,09/07/2024 14:15,130,Malaysia Airlines,Business Class,390,115,N/A,707,Y,Y,Y,1,8,2,23
Suvarnabhumi Airport,BKK,09/07/2024 21:15,Singapore Changi Airport,SIN,10/07/2024 0:35,140,Singapore Airlines,Business Class,590,345,TRUE,709,Y,Y,Y,1,7,1,25
Suvarnabhumi Airport,BKK,09/07/2024 12:15,Singapore Changi Airport,SIN,09/07/2024 15:40,145,Singapore Airlines,Business Class,350,100,N/A,1192,Y,Y,Y,1,7,1,25
Suvarnabhumi Airport,BKK,09/07/2024 9:05,Kuala Lumpur International Airport,KUL,09/07/2024 12:15,130,THAI,Business Class,360,90,N/A,1531,Y,Y,Y,1,7,2,30
Suvarnabhumi Airport,BKK,10/07/2024 8:00,Soekarno–Hatta International Airport,CGK,10/07/2024 11:35,215,THAI,Business Class,215,N/A,N/A,401,Y,Y,Y,1,7,2,30
Suvarnabhumi Airport,BKK,10/07/2024 11:05,Kuala Lumpur International Airport,KUL,10/07/2024 14:15,130,Malaysia Airlines,Business Class,390,115,N/A,504,Y,Y,Y,1,8,2,23
Suvarnabhumi Airport,BKK,10/07/2024 17:15,Kuala Lumpur International Airport,KUL,10/07/2024 20:30,135,Malaysia Airlines,Business Class,350,80,N/A,504,Y,Y,Y,1,8,2,23
Suvarnabhumi Airport,BKK,10/07/2024 19:40,Kuala Lumpur International Airport,KUL,10/07/2024 22:50,130,Malaysia Airlines,Business Class,1165,895,TRUE,491,Y,Y,Y,1,8,2,23
Suvarnabhumi Airport,BKK,10/07/2024 19:40,Kuala Lumpur International Airport,KUL,10/07/2024 22:50,130,Malaysia Airlines,Business Class,770,515,TRUE,504,Y,Y,Y,1,8,2,23
Suvarnabhumi Airport,BKK,10/07/2024 21:00,Brunei International Airport,BWN,11/07/2024 0:45,165,Royal Brunei,Business Class,920,610,TRUE,528,Y,Y,Y,1,12,2,40
Suvarnabhumi Airport,BKK,10/07/2024 22:50,Ninoy Aquino International Airport,MNL,11/07/2024 3:15,205,Philippine Airlines,Business Class,720,275,TRUE,683,Y,Y,Y,1,7,2,32
Suvarnabhumi Airport,BKK,10/07/2024 21:15,Singapore Changi Airport,SIN,11/07/2024 0:35,140,Singapore Airlines,Business Class,590,345,TRUE,980,Y,Y,Y,1,7,1,25
Suvarnabhumi Airport,BKK,10/07/2024 9:40,Singapore Changi Airport,SIN,10/07/2024 13:05,145,Singapore Airlines,Business Class,505,255,N/A,1192,Y,Y,Y,1,7,1,25
Suvarnabhumi Airport,BKK,10/07/2024 9:05,Kuala Lumpur International Airport,KUL,10/07/2024 12:15,130,THAI,Business Class,360,90,N/A,1531,Y,Y,Y,1,7,2,30
Suvarnabhumi Airport,BKK,11/07/2024 8:00,Soekarno–Hatta International Airport,CGK,11/07/2024 11:35,215,THAI,Business Class,215,N/A,N/A,401,Y,Y,Y,1,7,2,30
Suvarnabhumi Airport,BKK,11/07/2024 17:15,Kuala Lumpur International Airport,KUL,11/07/2024 20:30,135,Malaysia Airlines,Business Class,350,80,N/A,504,Y,Y,Y,1,8,2,23
Suvarnabhumi Airport,BKK,11/07/2024 14:15,Soekarno–Hatta International Airport,CGK,11/07/2024 17:50,215,Garuda Indonesia,Business Class,215,N/A,N/A,527,Y,Y,Y,1,7,1,50
Suvarnabhumi Airport,BKK,11/07/2024 14:20,Soekarno–Hatta International Airport,CGK,11/07/2024 17:55,215,THAI,Business Class,215,N/A,N/A,723,Y,Y,Y,1,7,2,30
Suvarnabhumi Airport,BKK,11/07/2024 11:05,Kuala Lumpur International Airport,KUL,11/07/2024 14:15,130,Malaysia Airlines,Business Class,480,215,N/A,504,Y,Y,Y,1,8,2,23
Suvarnabhumi Airport,BKK,11/07/2024 19:40,Kuala Lumpur International Airport,KUL,11/07/2024 22:50,130,Malaysia Airlines,Business Class,770,515,TRUE,504,Y,Y,Y,1,8,2,23
Suvarnabhumi Airport,BKK,11/07/2024 11:05,Kuala Lumpur International Airport,KUL,11/07/2024 14:15,130,Malaysia Airlines,Business Class,390,115,N/A,622,Y,Y,Y,1,8,2,23
Suvarnabhumi Airport,BKK,11/07/2024 9:40,Singapore Changi Airport,SIN,11/07/2024 13:05,145,Singapore Airlines,Business Class,450,200,N/A,1192,Y,Y,Y,1,7,1,25
Suvarnabhumi Airport,BKK,12/07/2024 8:00,Soekarno–Hatta International Airport,CGK,12/07/2024 11:35,215,THAI,Business Class,215,N/A,N/A,401,Y,Y,Y,1,7,2,30
Suvarnabhumi Airport,BKK,12/07/2024 14:20,Soekarno–Hatta International Airport,CGK,12/07/2024 17:55,215,THAI,Business Class,215,N/A,N/A,401,Y,Y,Y,1,7,2,30
Suvarnabhumi Airport,BKK,12/07/2024 14:15,Soekarno–Hatta International Airport,CGK,12/07/2024 17:50,215,Garuda Indonesia,Business Class,215,N/A,N/A,527,Y,Y,Y,1,7,1,50
Suvarnabhumi Airport,BKK,12/07/2024 11:05,Kuala Lumpur International Airport,KUL,12/07/2024 14:15,130,Malaysia Airlines,Business Class,390,115,N/A,504,Y,Y,Y,1,8,2,23
Suvarnabhumi Airport,BKK,12/07/2024 17:15,Kuala Lumpur International Airport,KUL,12/07/2024 20:30,135,Malaysia Airlines,Business Class,350,80,N/A,504,Y,Y,Y,1,8,2,23
Suvarnabhumi Airport,BKK,12/07/2024 19:40,Kuala Lumpur International Airport,KUL,12/07/2024 22:50,130,Malaysia Airlines,Business Class,770,515,TRUE,504,Y,Y,Y,1,8,2,23
Suvarnabhumi Airport,BKK,12/07/2024 15:30,Singapore Changi Airport,SIN,12/07/2024 18:55,145,Singapore Airlines,Business Class,430,180,N/A,980,Y,Y,Y,1,7,1,25
Suvarnabhumi Airport,BKK,12/07/2024 9:40,Singapore Changi Airport,SIN,12/07/2024 13:05,145,Singapore Airlines,Business Class,450,200,N/A,1192,Y,Y,Y,1,7,1,25
Suvarnabhumi Airport,BKK,13/07/2024 8:00,Soekarno–Hatta International Airport,CGK,13/07/2024 11:35,215,THAI,Business Class,215,N/A,N/A,401,Y,Y,Y,1,7,2,30
Suvarnabhumi Airport,BKK,13/07/2024 14:20,Soekarno–Hatta International Airport,CGK,13/07/2024 17:55,215,THAI,Business Class,215,N/A,N/A,401,Y,Y,Y,1,7,2,30
Suvarnabhumi Airport,BKK,13/07/2024 14:15,Soekarno–Hatta International Airport,CGK,13/07/2024 17:50,215,Garuda Indonesia,Business Class,215,N/A,N/A,527,Y,Y,Y,1,7,1,50
Suvarnabhumi Airport,BKK,13/07/2024 17:15,Kuala Lumpur International Airport,KUL,13/07/2024 20:30,135,Malaysia Airlines,Business Class,350,80,N/A,504,Y,Y,Y,1,8,2,23
Suvarnabhumi Airport,BKK,13/07/2024 11:05,Kuala Lumpur International Airport,KUL,13/07/2024 14:15,130,Malaysia Airlines,Business Class,390,115,N/A,762,Y,Y,Y,1,8,2,23
Suvarnabhumi Airport,BKK,13/07/2024 21:25,Singapore Changi Airport,SIN,14/07/2024 0:45,140,Singapore Airlines,Business Class,580,335,TRUE,840,Y,Y,Y,1,7,1,25
Suvarnabhumi Airport,BKK,13/07/2024 15:50,Singapore Changi Airport,SIN,13/07/2024 19:15,145,Singapore Airlines,Business Class,410,160,N/A,980,Y,Y,Y,1,7,1,25
Suvarnabhumi Airport,BKK,13/07/2024 9:40,Singapore Changi Airport,SIN,13/07/2024 13:05,145,Singapore Airlines,Business Class,450,200,N/A,1192,Y,Y,Y,1,7,1,25
Suvarnabhumi Airport,BKK,13/07/2024 12:15,Singapore Changi Airport,SIN,13/07/2024 15:40,145,Singapore Airlines,Business Class,350,100,N/A,1192,Y,Y,Y,1,7,1,25
Suvarnabhumi Airport,BKK,14/07/2024 8:00,Soekarno–Hatta International Airport,CGK,14/07/2024 11:35,215,THAI,Business Class,215,N/A,N/A,401,Y,Y,Y,1,7,2,30
Suvarnabhumi Airport,BKK,14/07/2024 17:15,Kuala Lumpur International Airport,KUL,14/07/2024 20:30,135,Malaysia Airlines,Business Class,350,80,N/A,762,Y,Y,Y,1,8,2,23
Suvarnabhumi Airport,BKK,14/07/2024 14:15,Soekarno–Hatta International Airport,CGK,14/07/2024 17:50,215,Garuda Indonesia,Business Class,215,N/A,N/A,1149,Y,Y,Y,1,7,1,50
Suvarnabhumi Airport,BKK,14/07/2024 19:40,Kuala Lumpur International Airport,KUL,14/07/2024 22:50,130,Malaysia Airlines,Business Class,1315,1040,TRUE,491,Y,Y,Y,1,8,2,23
Suvarnabhumi Airport,BKK,14/07/2024 19:40,Kuala Lumpur International Airport,KUL,14/07/2024 22:50,130,Malaysia Airlines,Business Class,770,515,TRUE,504,Y,Y,Y,1,8,2,23
Suvarnabhumi Airport,BKK,14/07/2024 14:15,Kuala Lumpur International Airport,KUL,14/07/2024 17:30,135,Malaysia Airlines,Business Class,530,260,N/A,622,Y,Y,Y,1,8,2,23
Suvarnabhumi Airport,BKK,14/07/2024 11:05,Kuala Lumpur International Airport,KUL,14/07/2024 14:15,130,Malaysia Airlines,Business Class,480,215,N/A,707,Y,Y,Y,1,8,2,23
Suvarnabhumi Airport,BKK,14/07/2024 21:15,Singapore Changi Airport,SIN,15/07/2024 0:35,140,Singapore Airlines,Business Class,590,345,TRUE,709,Y,Y,Y,1,7,1,25
Suvarnabhumi Airport,BKK,14/07/2024 11:05,Kuala Lumpur International Airport,KUL,14/07/2024 14:15,130,Malaysia Airlines,Business Class,390,115,N/A,927,Y,Y,Y,1,8,2,23
Suvarnabhumi Airport,BKK,14/07/2024 12:15,Singapore Changi Airport,SIN,14/07/2024 15:40,145,Singapore Airlines,Business Class,350,100,N/A,1192,Y,Y,Y,1,7,1,25
Suvarnabhumi Airport,BKK,15/07/2024 8:00,Soekarno–Hatta International Airport,CGK,15/07/2024 11:35,215,THAI,Business Class,215,N/A,N/A,401,Y,Y,Y,1,7,2,30
Suvarnabhumi Airport,BKK,15/07/2024 14:20,Soekarno–Hatta International Airport,CGK,15/07/2024 17:55,215,THAI,Business Class,215,N/A,N/A,401,Y,Y,Y,1,7,2,30
Suvarnabhumi Airport,BKK,15/07/2024 14:15,Soekarno–Hatta International Airport,CGK,15/07/2024 17:50,215,Garuda Indonesia,Business Class,215,N/A,N/A,527,Y,Y,Y,1,7,1,50
Suvarnabhumi Airport,BKK,15/07/2024 6:00,Kuala Lumpur International Airport,KUL,15/07/2024 9:10,130,Malaysia Airlines,Business Class,695,420,N/A,489,Y,Y,Y,1,8,2,23
Suvarnabhumi Airport,BKK,15/07/2024 19:40,Kuala Lumpur International Airport,KUL,15/07/2024 22:50,130,Malaysia Airlines,Business Class,770,515,TRUE,504,Y,Y,Y,1,8,2,23
Suvarnabhumi Airport,BKK,15/07/2024 17:15,Kuala Lumpur International Airport,KUL,15/07/2024 20:30,135,Malaysia Airlines,Business Class,350,80,N/A,707,Y,Y,Y,1,8,2,23
Suvarnabhumi Airport,BKK,15/07/2024 21:15,Singapore Changi Airport,SIN,16/07/2024 0:35,140,Singapore Airlines,Business Class,590,345,TRUE,709,Y,Y,Y,1,7,1,25
Suvarnabhumi Airport,BKK,15/07/2024 9:40,Singapore Changi Airport,SIN,15/07/2024 13:05,145,Singapore Airlines,Business Class,450,200,N/A,980,Y,Y,Y,1,7,1,25
Suvarnabhumi Airport,BKK,15/07/2024 15:30,Singapore Changi Airport,SIN,15/07/2024 18:55,145,Singapore Airlines,Business Class,430,180,N/A,980,Y,Y,Y,1,7,1,25
Suvarnabhumi Airport,BKK,16/07/2024 8:00,Soekarno–Hatta International Airport,CGK,16/07/2024 11:35,215,THAI,Business Class,215,N/A,N/A,401,Y,Y,Y,1,7,2,30
Suvarnabhumi Airport,BKK,16/07/2024 17:15,Kuala Lumpur International Airport,KUL,16/07/2024 20:30,135,Malaysia Airlines,Business Class,350,80,N/A,504,Y,Y,Y,1,8,2,23
Suvarnabhumi Airport,BKK,16/07/2024 14:15,Soekarno–Hatta International Airport,CGK,16/07/2024 17:50,215,Garuda Indonesia,Business Class,215,N/A,N/A,616,Y,Y,Y,1,7,1,50
Suvarnabhumi Airport,BKK,16/07/2024 14:20,Soekarno–Hatta International Airport,CGK,16/07/2024 17:55,215,THAI,Business Class,215,N/A,N/A,634,Y,Y,Y,1,7,2,30
Suvarnabhumi Airport,BKK,16/07/2024 11:05,Kuala Lumpur International Airport,KUL,16/07/2024 14:15,130,Malaysia Airlines,Business Class,390,115,N/A,504,Y,Y,Y,1,8,2,23
Suvarnabhumi Airport,BKK,16/07/2024 21:15,Singapore Changi Airport,SIN,17/07/2024 0:35,140,Singapore Airlines,Business Class,590,345,TRUE,709,Y,Y,Y,1,7,1,25
Suvarnabhumi Airport,BKK,16/07/2024 9:40,Singapore Changi Airport,SIN,16/07/2024 13:05,145,Singapore Airlines,Business Class,450,200,N/A,980,Y,Y,Y,1,7,1,25
Suvarnabhumi Airport,BKK,16/07/2024 12:15,Singapore Changi Airport,SIN,16/07/2024 15:40,145,Singapore Airlines,Business Class,350,100,N/A,980,Y,Y,Y,1,7,1,25
Suvarnabhumi Airport,BKK,16/07/2024 15:30,Singapore Changi Airport,SIN,16/07/2024 18:55,145,Singapore Airlines,Business Class,430,180,N/A,980,Y,Y,Y,1,7,1,25
Suvarnabhumi Airport,BKK,17/07/2024 8:00,Soekarno–Hatta International Airport,CGK,17/07/2024 11:35,215,THAI,Business Class,215,N/A,N/A,401,Y,Y,Y,1,7,2,30
Suvarnabhumi Airport,BKK,17/07/2024 14:20,Soekarno–Hatta International Airport,CGK,17/07/2024 17:55,215,THAI,Business Class,215,N/A,N/A,401,Y,Y,Y,1,7,2,30
Suvarnabhumi Airport,BKK,17/07/2024 14:15,Soekarno–Hatta International Airport,CGK,17/07/2024 17:50,215,Garuda Indonesia,Business Class,215,N/A,N/A,527,Y,Y,Y,1,7,1,50
Suvarnabhumi Airport,BKK,17/07/2024 19:40,Kuala Lumpur International Airport,KUL,17/07/2024 22:50,130,Malaysia Airlines,Business Class,1405,1140,TRUE,491,Y,Y,Y,1,8,2,23
Suvarnabhumi Airport,BKK,17/07/2024 11:05,Kuala Lumpur International Airport,KUL,17/07/2024 14:15,130,Malaysia Airlines,Business Class,390,115,N/A,504,Y,Y,Y,1,8,2,23
Suvarnabhumi Airport,BKK,17/07/2024 17:15,Kuala Lumpur International Airport,KUL,17/07/2024 20:30,135,Malaysia Airlines,Business Class,350,80,N/A,504,Y,Y,Y,1,8,2,23
Suvarnabhumi Airport,BKK,17/07/2024 12:15,Singapore Changi Airport,SIN,17/07/2024 15:40,145,Singapore Airlines,Business Class,350,100,N/A,709,Y,Y,Y,1,7,1,25
Suvarnabhumi Airport,BKK,17/07/2024 21:15,Singapore Changi Airport,SIN,18/07/2024 0:35,140,Singapore Airlines,Business Class,590,345,TRUE,709,Y,Y,Y,1,7,1,25
Suvarnabhumi Airport,BKK,17/07/2024 9:40,Singapore Changi Airport,SIN,17/07/2024 13:05,145,Singapore Airlines,Business Class,450,200,N/A,980,Y,Y,Y,1,7,1,25
Suvarnabhumi Airport,BKK,17/07/2024 15:30,Singapore Changi Airport,SIN,17/07/2024 18:55,145,Singapore Airlines,Business Class,430,180,N/A,980,Y,Y,Y,1,7,1,25
Suvarnabhumi Airport,BKK,18/07/2024 8:00,Soekarno–Hatta International Airport,CGK,18/07/2024 11:35,215,THAI,Business Class,215,N/A,N/A,401,Y,Y,Y,1,7,2,30
Suvarnabhumi Airport,BKK,18/07/2024 14:20,Soekarno–Hatta International Airport,CGK,18/07/2024 17:55,215,THAI,Business Class,215,N/A,N/A,401,Y,Y,Y,1,7,2,30
Suvarnabhumi Airport,BKK,18/07/2024 14:15,Soekarno–Hatta International Airport,CGK,18/07/2024 17:50,215,Garuda Indonesia,Business Class,215,N/A,N/A,616,Y,Y,Y,1,7,1,50
Suvarnabhumi Airport,BKK,18/07/2024 11:05,Kuala Lumpur International Airport,KUL,18/07/2024 14:15,130,Malaysia Airlines,Business Class,390,115,N/A,504,Y,Y,Y,1,8,2,23
Suvarnabhumi Airport,BKK,18/07/2024 17:15,Kuala Lumpur International Airport,KUL,18/07/2024 20:30,135,Malaysia Airlines,Business Class,350,80,N/A,504,Y,Y,Y,1,8,2,23
Suvarnabhumi Airport,BKK,18/07/2024 21:15,Singapore Changi Airport,SIN,19/07/2024 0:35,140,Singapore Airlines,Business Class,590,345,TRUE,674,Y,Y,Y,1,7,1,25
Suvarnabhumi Airport,BKK,18/07/2024 9:40,Singapore Changi Airport,SIN,18/07/2024 13:05,145,Singapore Airlines,Business Class,450,200,N/A,840,Y,Y,Y,1,7,1,25
Suvarnabhumi Airport,BKK,18/07/2024 12:15,Singapore Changi Airport,SIN,18/07/2024 15:40,145,Singapore Airlines,Business Class,350,100,N/A,840,Y,Y,Y,1,7,1,25
Suvarnabhumi Airport,BKK,18/07/2024 15:30,Singapore Changi Airport,SIN,18/07/2024 18:55,145,Singapore Airlines,Business Class,430,180,N/A,980,Y,Y,Y,1,7,1,25
Suvarnabhumi Airport,BKK,19/07/2024 8:00,Soekarno–Hatta International Airport,CGK,19/07/2024 11:35,215,THAI,Business Class,215,N/A,N/A,401,Y,Y,Y,1,7,2,30
Suvarnabhumi Airport,BKK,19/07/2024 14:20,Soekarno–Hatta International Airport,CGK,19/07/2024 17:55,215,THAI,Business Class,215,N/A,N/A,401,Y,Y,Y,1,7,2,30
Suvarnabhumi Airport,BKK,19/07/2024 14:15,Soekarno–Hatta International Airport,CGK,19/07/2024 17:50,215,Garuda Indonesia,Business Class,215,N/A,N/A,616,Y,Y,Y,1,7,1,50
Suvarnabhumi Airport,BKK,19/07/2024 11:05,Kuala Lumpur International Airport,KUL,19/07/2024 14:15,130,Malaysia Airlines,Business Class,390,115,N/A,504,Y,Y,Y,1,8,2,23
Suvarnabhumi Airport,BKK,19/07/2024 17:15,Kuala Lumpur International Airport,KUL,19/07/2024 20:30,135,Malaysia Airlines,Business Class,350,80,N/A,504,Y,Y,Y,1,8,2,23
Suvarnabhumi Airport,BKK,19/07/2024 21:15,Singapore Changi Airport,SIN,20/07/2024 0:35,140,Singapore Airlines,Business Class,590,345,TRUE,674,Y,Y,Y,1,7,1,25
Suvarnabhumi Airport,BKK,19/07/2024 12:15,Singapore Changi Airport,SIN,19/07/2024 15:40,145,Singapore Airlines,Business Class,350,100,N/A,840,Y,Y,Y,1,7,1,25
Suvarnabhumi Airport,BKK,19/07/2024 9:40,Singapore Changi Airport,SIN,19/07/2024 13:05,145,Singapore Airlines,Business Class,450,200,N/A,980,Y,Y,Y,1,7,1,25
Suvarnabhumi Airport,BKK,19/07/2024 15:30,Singapore Changi Airport,SIN,19/07/2024 18:55,145,Singapore Airlines,Business Class,430,180,N/A,1192,Y,Y,Y,1,7,1,25
Suvarnabhumi Airport,BKK,20/07/2024 8:00,Soekarno–Hatta International Airport,CGK,20/07/2024 11:35,215,THAI,Business Class,215,N/A,N/A,401,Y,Y,Y,1,7,2,30
Suvarnabhumi Airport,BKK,20/07/2024 14:20,Soekarno–Hatta International Airport,CGK,20/07/2024 17:55,215,THAI,Business Class,215,N/A,N/A,401,Y,Y,Y,1,7,2,30
Suvarnabhumi Airport,BKK,20/07/2024 14:15,Soekarno–Hatta International Airport,CGK,20/07/2024 17:50,215,Garuda Indonesia,Business Class,215,N/A,N/A,527,Y,Y,Y,1,7,1,50
Suvarnabhumi Airport,BKK,20/07/2024 11:05,Kuala Lumpur International Airport,KUL,20/07/2024 14:15,130,Malaysia Airlines,Business Class,390,115,N/A,504,Y,Y,Y,1,8,2,23
Suvarnabhumi Airport,BKK,20/07/2024 17:15,Kuala Lumpur International Airport,KUL,20/07/2024 20:30,135,Malaysia Airlines,Business Class,350,80,N/A,504,Y,Y,Y,1,8,2,23
Suvarnabhumi Airport,BKK,20/07/2024 21:25,Singapore Changi Airport,SIN,21/07/2024 0:45,140,Singapore Airlines,Business Class,580,335,TRUE,674,Y,Y,Y,1,7,1,25
Suvarnabhumi Airport,BKK,20/07/2024 12:15,Singapore Changi Airport,SIN,20/07/2024 15:40,145,Singapore Airlines,Business Class,350,100,N/A,709,Y,Y,Y,1,7,1,25
Suvarnabhumi Airport,BKK,20/07/2024 9:40,Singapore Changi Airport,SIN,20/07/2024 13:05,145,Singapore Airlines,Business Class,450,200,N/A,840,Y,Y,Y,1,7,1,25
Suvarnabhumi Airport,BKK,20/07/2024 15:50,Singapore Changi Airport,SIN,20/07/2024 19:15,145,Singapore Airlines,Business Class,410,160,N/A,840,Y,Y,Y,1,7,1,25
Suvarnabhumi Airport,BKK,21/07/2024 8:00,Soekarno–Hatta International Airport,CGK,21/07/2024 11:35,215,THAI,Business Class,215,N/A,N/A,401,Y,Y,Y,1,7,2,30
Suvarnabhumi Airport,BKK,21/07/2024 17:15,Kuala Lumpur International Airport,KUL,21/07/2024 20:30,135,Malaysia Airlines,Business Class,350,80,N/A,504,Y,Y,Y,1,8,2,23
Suvarnabhumi Airport,BKK,21/07/2024 14:15,Soekarno–Hatta International Airport,CGK,21/07/2024 17:50,215,Garuda Indonesia,Business Class,215,N/A,N/A,527,Y,Y,Y,1,7,1,50
Suvarnabhumi Airport,BKK,21/07/2024 14:20,Soekarno–Hatta International Airport,CGK,21/07/2024 17:55,215,THAI,Business Class,215,N/A,N/A,634,Y,Y,Y,1,7,2,30
Suvarnabhumi Airport,BKK,21/07/2024 11:05,Kuala Lumpur International Airport,KUL,21/07/2024 14:15,130,Malaysia Airlines,Business Class,390,115,N/A,504,Y,Y,Y,1,8,2,23
Suvarnabhumi Airport,BKK,21/07/2024 21:15,Singapore Changi Airport,SIN,22/07/2024 0:35,140,Singapore Airlines,Business Class,590,345,TRUE,709,Y,Y,Y,1,7,1,25
Suvarnabhumi Airport,BKK,21/07/2024 9:40,Singapore Changi Airport,SIN,21/07/2024 13:05,145,Singapore Airlines,Business Class,450,200,N/A,840,Y,Y,Y,1,7,1,25
Suvarnabhumi Airport,BKK,21/07/2024 15:30,Singapore Changi Airport,SIN,21/07/2024 18:55,145,Singapore Airlines,Business Class,430,180,N/A,980,Y,Y,Y,1,7,1,25
Suvarnabhumi Airport,BKK,22/07/2024 8:00,Soekarno–Hatta International Airport,CGK,22/07/2024 11:35,215,THAI,Business Class,215,N/A,N/A,401,Y,Y,Y,1,7,2,30
Suvarnabhumi Airport,BKK,22/07/2024 14:20,Soekarno–Hatta International Airport,CGK,22/07/2024 17:55,215,THAI,Business Class,215,N/A,N/A,401,Y,Y,Y,1,7,2,30
Suvarnabhumi Airport,BKK,22/07/2024 14:15,Soekarno–Hatta International Airport,CGK,22/07/2024 17:50,215,Garuda Indonesia,Business Class,215,N/A,N/A,527,Y,Y,Y,1,7,1,50
Suvarnabhumi Airport,BKK,22/07/2024 11:05,Kuala Lumpur International Airport,KUL,22/07/2024 14:15,130,Malaysia Airlines,Business Class,390,115,N/A,504,Y,Y,Y,1,8,2,23
Suvarnabhumi Airport,BKK,22/07/2024 17:15,Kuala Lumpur International Airport,KUL,22/07/2024 20:30,135,Malaysia Airlines,Business Class,350,80,N/A,504,Y,Y,Y,1,8,2,23
Suvarnabhumi Airport,BKK,22/07/2024 19:40,Kuala Lumpur International Airport,KUL,22/07/2024 22:50,130,Malaysia Airlines,Business Class,770,515,TRUE,504,Y,Y,Y,1,8,2,23
Suvarnabhumi Airport,BKK,22/07/2024 15:30,Singapore Changi Airport,SIN,22/07/2024 18:55,145,Singapore Airlines,Business Class,430,180,N/A,840,Y,Y,Y,1,7,1,25
Suvarnabhumi Airport,BKK,22/07/2024 9:40,Singapore Changi Airport,SIN,22/07/2024 13:05,145,Singapore Airlines,Business Class,450,200,N/A,980,Y,Y,Y,1,7,1,25
Suvarnabhumi Airport,BKK,23/07/2024 8:00,Soekarno–Hatta International Airport,CGK,23/07/2024 11:35,215,THAI,Business Class,215,N/A,N/A,401,Y,Y,Y,1,7,2,30
Suvarnabhumi Airport,BKK,23/07/2024 14:20,Soekarno–Hatta International Airport,CGK,23/07/2024 17:55,215,THAI,Business Class,215,N/A,N/A,401,Y,Y,Y,1,7,2,30
Suvarnabhumi Airport,BKK,23/07/2024 14:15,Soekarno–Hatta International Airport,CGK,23/07/2024 17:50,215,Garuda Indonesia,Business Class,215,N/A,N/A,527,Y,Y,Y,1,7,1,50
Suvarnabhumi Airport,BKK,23/07/2024 11:05,Kuala Lumpur International Airport,KUL,23/07/2024 14:15,130,Malaysia Airlines,Business Class,390,115,N/A,504,Y,Y,Y,1,8,2,23
Suvarnabhumi Airport,BKK,23/07/2024 17:15,Kuala Lumpur International Airport,KUL,23/07/2024 20:30,135,Malaysia Airlines,Business Class,350,80,N/A,504,Y,Y,Y,1,8,2,23
Suvarnabhumi Airport,BKK,23/07/2024 9:40,Singapore Changi Airport,SIN,23/07/2024 13:05,145,Singapore Airlines,Business Class,450,200,N/A,709,Y,Y,Y,1,7,1,25
Suvarnabhumi Airport,BKK,23/07/2024 12:15,Singapore Changi Airport,SIN,23/07/2024 15:40,145,Singapore Airlines,Business Class,350,100,N/A,709,Y,Y,Y,1,7,1,25
Suvarnabhumi Airport,BKK,23/07/2024 21:15,Singapore Changi Airport,SIN,24/07/2024 0:35,140,Singapore Airlines,Business Class,590,345,TRUE,709,Y,Y,Y,1,7,1,25
Suvarnabhumi Airport,BKK,23/07/2024 15:30,Singapore Changi Airport,SIN,23/07/2024 18:55,145,Singapore Airlines,Business Class,430,180,N/A,840,Y,Y,Y,1,7,1,25
Suvarnabhumi Airport,BKK,24/07/2024 8:00,Soekarno–Hatta International Airport,CGK,24/07/2024 11:35,215,THAI,Business Class,215,N/A,N/A,401,Y,Y,Y,1,7,2,30
Suvarnabhumi Airport,BKK,24/07/2024 14:20,Soekarno–Hatta International Airport,CGK,24/07/2024 17:55,215,THAI,Business Class,215,N/A,N/A,401,Y,Y,Y,1,7,2,30
Suvarnabhumi Airport,BKK,24/07/2024 14:15,Soekarno–Hatta International Airport,CGK,24/07/2024 17:50,215,Garuda Indonesia,Business Class,215,N/A,N/A,527,Y,Y,Y,1,7,1,50
Suvarnabhumi Airport,BKK,24/07/2024 11:05,Kuala Lumpur International Airport,KUL,24/07/2024 14:15,130,Malaysia Airlines,Business Class,390,115,N/A,504,Y,Y,Y,1,8,2,23
Suvarnabhumi Airport,BKK,24/07/2024 17:15,Kuala Lumpur International Airport,KUL,24/07/2024 20:30,135,Malaysia Airlines,Business Class,350,80,N/A,504,Y,Y,Y,1,8,2,23
Suvarnabhumi Airport,BKK,24/07/2024 9:40,Singapore Changi Airport,SIN,24/07/2024 13:05,145,Singapore Airlines,Business Class,450,200,N/A,674,Y,Y,Y,1,7,1,25
Suvarnabhumi Airport,BKK,24/07/2024 21:15,Singapore Changi Airport,SIN,25/07/2024 0:35,140,Singapore Airlines,Business Class,590,345,TRUE,674,Y,Y,Y,1,7,1,25
Suvarnabhumi Airport,BKK,24/07/2024 12:15,Singapore Changi Airport,SIN,24/07/2024 15:40,145,Singapore Airlines,Business Class,350,100,N/A,840,Y,Y,Y,1,7,1,25
Suvarnabhumi Airport,BKK,24/07/2024 15:30,Singapore Changi Airport,SIN,24/07/2024 18:55,145,Singapore Airlines,Business Class,430,180,N/A,980,Y,Y,Y,1,7,1,25
Suvarnabhumi Airport,BKK,25/07/2024 8:00,Soekarno–Hatta International Airport,CGK,25/07/2024 11:35,215,THAI,Business Class,215,N/A,N/A,401,Y,Y,Y,1,7,2,30
Suvarnabhumi Airport,BKK,25/07/2024 14:20,Soekarno–Hatta International Airport,CGK,25/07/2024 17:55,215,THAI,Business Class,215,N/A,N/A,401,Y,Y,Y,1,7,2,30
Suvarnabhumi Airport,BKK,25/07/2024 14:15,Soekarno–Hatta International Airport,CGK,25/07/2024 17:50,215,Garuda Indonesia,Business Class,215,N/A,N/A,527,Y,Y,Y,1,7,1,50
Suvarnabhumi Airport,BKK,25/07/2024 11:05,Kuala Lumpur International Airport,KUL,25/07/2024 14:15,130,Malaysia Airlines,Business Class,390,115,N/A,504,Y,Y,Y,1,8,2,23
Suvarnabhumi Airport,BKK,25/07/2024 17:15,Kuala Lumpur International Airport,KUL,25/07/2024 20:30,135,Malaysia Airlines,Business Class,350,80,N/A,504,Y,Y,Y,1,8,2,23
Suvarnabhumi Airport,BKK,25/07/2024 21:15,Singapore Changi Airport,SIN,26/07/2024 0:35,140,Singapore Airlines,Business Class,590,345,TRUE,674,Y,Y,Y,1,7,1,25
Suvarnabhumi Airport,BKK,25/07/2024 9:40,Singapore Changi Airport,SIN,25/07/2024 13:05,145,Singapore Airlines,Business Class,450,200,N/A,840,Y,Y,Y,1,7,1,25
Suvarnabhumi Airport,BKK,25/07/2024 15:30,Singapore Changi Airport,SIN,25/07/2024 18:55,145,Singapore Airlines,Business Class,430,180,N/A,840,Y,Y,Y,1,7,1,25
Suvarnabhumi Airport,BKK,26/07/2024 8:00,Soekarno–Hatta International Airport,CGK,26/07/2024 11:35,215,THAI,Business Class,215,N/A,N/A,401,Y,Y,Y,1,7,2,30
Suvarnabhumi Airport,BKK,26/07/2024 14:20,Soekarno–Hatta International Airport,CGK,26/07/2024 17:55,215,THAI,Business Class,215,N/A,N/A,401,Y,Y,Y,1,7,2,30
Suvarnabhumi Airport,BKK,26/07/2024 14:15,Soekarno–Hatta International Airport,CGK,26/07/2024 17:50,215,Garuda Indonesia,Business Class,215,N/A,N/A,527,Y,Y,Y,1,7,1,50
Suvarnabhumi Airport,BKK,26/07/2024 11:05,Kuala Lumpur International Airport,KUL,26/07/2024 14:15,130,Malaysia Airlines,Business Class,390,115,N/A,504,Y,Y,Y,1,8,2,23
Suvarnabhumi Airport,BKK,26/07/2024 17:15,Kuala Lumpur International Airport,KUL,26/07/2024 20:30,135,Malaysia Airlines,Business Class,350,80,N/A,504,Y,Y,Y,1,8,2,23
Suvarnabhumi Airport,BKK,26/07/2024 9:40,Singapore Changi Airport,SIN,26/07/2024 13:05,145,Singapore Airlines,Business Class,450,200,N/A,674,Y,Y,Y,1,7,1,25
Suvarnabhumi Airport,BKK,26/07/2024 21:15,Singapore Changi Airport,SIN,27/07/2024 0:35,140,Singapore Airlines,Business Class,590,345,TRUE,674,Y,Y,Y,1,7,1,25
Suvarnabhumi Airport,BKK,26/07/2024 15:30,Singapore Changi Airport,SIN,26/07/2024 18:55,145,Singapore Airlines,Business Class,430,180,N/A,709,Y,Y,Y,1,7,1,25
Suvarnabhumi Airport,BKK,27/07/2024 8:00,Soekarno–Hatta International Airport,CGK,27/07/2024 11:35,215,THAI,Business Class,215,N/A,N/A,401,Y,Y,Y,1,7,2,30
Suvarnabhumi Airport,BKK,27/07/2024 14:20,Soekarno–Hatta International Airport,CGK,27/07/2024 17:55,215,THAI,Business Class,215,N/A,N/A,401,Y,Y,Y,1,7,2,30
Suvarnabhumi Airport,BKK,27/07/2024 14:15,Soekarno–Hatta International Airport,CGK,27/07/2024 17:50,215,Garuda Indonesia,Business Class,215,N/A,N/A,527,Y,Y,Y,1,7,1,50
Suvarnabhumi Airport,BKK,27/07/2024 11:05,Kuala Lumpur International Airport,KUL,27/07/2024 14:15,130,Malaysia Airlines,Business Class,390,115,N/A,504,Y,Y,Y,1,8,2,23
Suvarnabhumi Airport,BKK,27/07/2024 17:15,Kuala Lumpur International Airport,KUL,27/07/2024 20:30,135,Malaysia Airlines,Business Class,350,80,N/A,504,Y,Y,Y,1,8,2,23
Suvarnabhumi Airport,BKK,27/07/2024 21:25,Singapore Changi Airport,SIN,28/07/2024 0:45,140,Singapore Airlines,Business Class,580,335,TRUE,674,Y,Y,Y,1,7,1,25
Suvarnabhumi Airport,BKK,27/07/2024 9:40,Singapore Changi Airport,SIN,27/07/2024 13:05,145,Singapore Airlines,Business Class,450,200,N/A,709,Y,Y,Y,1,7,1,25
Suvarnabhumi Airport,BKK,27/07/2024 12:15,Singapore Changi Airport,SIN,27/07/2024 15:40,145,Singapore Airlines,Business Class,350,100,N/A,709,Y,Y,Y,1,7,1,25
Suvarnabhumi Airport,BKK,27/07/2024 15:50,Singapore Changi Airport,SIN,27/07/2024 19:15,145,Singapore Airlines,Business Class,410,160,N/A,840,Y,Y,Y,1,7,1,25
Suvarnabhumi Airport,BKK,28/07/2024 8:00,Soekarno–Hatta International Airport,CGK,28/07/2024 11:35,215,THAI,Business Class,215,N/A,N/A,401,Y,Y,Y,1,7,2,30
Suvarnabhumi Airport,BKK,28/07/2024 14:20,Soekarno–Hatta International Airport,CGK,28/07/2024 17:55,215,THAI,Business Class,215,N/A,N/A,498,Y,Y,Y,1,7,2,30
Suvarnabhumi Airport,BKK,28/07/2024 14:15,Soekarno–Hatta International Airport,CGK,28/07/2024 17:50,215,Garuda Indonesia,Business Class,215,N/A,N/A,527,Y,Y,Y,1,7,1,50
Suvarnabhumi Airport,BKK,28/07/2024 11:05,Kuala Lumpur International Airport,KUL,28/07/2024 14:15,130,Malaysia Airlines,Business Class,390,115,N/A,504,Y,Y,Y,1,8,2,23
Suvarnabhumi Airport,BKK,28/07/2024 21:15,Singapore Changi Airport,SIN,29/07/2024 0:35,140,Singapore Airlines,Business Class,590,345,TRUE,674,Y,Y,Y,1,7,1,25
Suvarnabhumi Airport,BKK,28/07/2024 17:15,Kuala Lumpur International Airport,KUL,28/07/2024 20:30,135,Malaysia Airlines,Business Class,350,80,N/A,707,Y,Y,Y,1,8,2,23
Suvarnabhumi Airport,BKK,28/07/2024 9:40,Singapore Changi Airport,SIN,28/07/2024 13:05,145,Singapore Airlines,Business Class,450,200,N/A,709,Y,Y,Y,1,7,1,25
Suvarnabhumi Airport,BKK,28/07/2024 15:30,Singapore Changi Airport,SIN,28/07/2024 18:55,145,Singapore Airlines,Business Class,430,180,N/A,980,Y,Y,Y,1,7,1,25
Suvarnabhumi Airport,BKK,29/07/2024 8:00,Soekarno–Hatta International Airport,CGK,29/07/2024 11:35,215,THAI,Business Class,215,N/A,N/A,401,Y,Y,Y,1,7,2,30
Suvarnabhumi Airport,BKK,29/07/2024 14:20,Soekarno–Hatta International Airport,CGK,29/07/2024 17:55,215,THAI,Business Class,215,N/A,N/A,401,Y,Y,Y,1,7,2,30
Suvarnabhumi Airport,BKK,29/07/2024 14:15,Soekarno–Hatta International Airport,CGK,29/07/2024 17:50,215,Garuda Indonesia,Business Class,215,N/A,N/A,527,Y,Y,Y,1,7,1,50
Suvarnabhumi Airport,BKK,29/07/2024 11:05,Kuala Lumpur International Airport,KUL,29/07/2024 14:15,130,Malaysia Airlines,Business Class,390,115,N/A,504,Y,Y,Y,1,8,2,23
Suvarnabhumi Airport,BKK,29/07/2024 17:15,Kuala Lumpur International Airport,KUL,29/07/2024 20:30,135,Malaysia Airlines,Business Class,350,80,N/A,504,Y,Y,Y,1,8,2,23
Suvarnabhumi Airport,BKK,29/07/2024 9:40,Singapore Changi Airport,SIN,29/07/2024 13:05,145,Singapore Airlines,Business Class,450,200,N/A,674,Y,Y,Y,1,7,1,25
Suvarnabhumi Airport,BKK,29/07/2024 21:15,Singapore Changi Airport,SIN,30/07/2024 0:35,140,Singapore Airlines,Business Class,590,345,TRUE,674,Y,Y,Y,1,7,1,25
Suvarnabhumi Airport,BKK,29/07/2024 15:30,Singapore Changi Airport,SIN,29/07/2024 18:55,145,Singapore Airlines,Business Class,430,180,N/A,980,Y,Y,Y,1,7,1,25
Suvarnabhumi Airport,BKK,30/07/2024 8:00,Soekarno–Hatta International Airport,CGK,30/07/2024 11:35,215,THAI,Business Class,215,N/A,N/A,401,Y,Y,Y,1,7,2,30
Suvarnabhumi Airport,BKK,30/07/2024 14:20,Soekarno–Hatta International Airport,CGK,30/07/2024 17:55,215,THAI,Business Class,215,N/A,N/A,401,Y,Y,Y,1,7,2,30
Suvarnabhumi Airport,BKK,30/07/2024 14:15,Soekarno–Hatta International Airport,CGK,30/07/2024 17:50,215,Garuda Indonesia,Business Class,215,N/A,N/A,527,Y,Y,Y,1,7,1,50
Suvarnabhumi Airport,BKK,30/07/2024 11:05,Kuala Lumpur International Airport,KUL,30/07/2024 14:15,130,Malaysia Airlines,Business Class,390,115,N/A,504,Y,Y,Y,1,8,2,23
Suvarnabhumi Airport,BKK,30/07/2024 17:15,Kuala Lumpur International Airport,KUL,30/07/2024 20:30,135,Malaysia Airlines,Business Class,350,80,N/A,504,Y,Y,Y,1,8,2,23
Suvarnabhumi Airport,BKK,30/07/2024 9:40,Singapore Changi Airport,SIN,30/07/2024 13:05,145,Singapore Airlines,Business Class,450,200,N/A,674,Y,Y,Y,1,7,1,25
Suvarnabhumi Airport,BKK,30/07/2024 21:15,Singapore Changi Airport,SIN,31/07/2024 0:35,140,Singapore Airlines,Business Class,590,345,TRUE,674,Y,Y,Y,1,7,1,25
Suvarnabhumi Airport,BKK,30/07/2024 12:15,Singapore Changi Airport,SIN,30/07/2024 15:40,145,Singapore Airlines,Business Class,350,100,N/A,709,Y,Y,Y,1,7,1,25
Suvarnabhumi Airport,BKK,30/07/2024 15:30,Singapore Changi Airport,SIN,30/07/2024 18:55,145,Singapore Airlines,Business Class,430,180,N/A,840,Y,Y,Y,1,7,1,25
Suvarnabhumi Airport,BKK,31/07/2024 8:00,Soekarno–Hatta International Airport,CGK,31/07/2024 11:35,215,THAI,Business Class,215,N/A,N/A,401,Y,Y,Y,1,7,2,30
Suvarnabhumi Airport,BKK,31/07/2024 14:20,Soekarno–Hatta International Airport,CGK,31/07/2024 17:55,215,THAI,Business Class,215,N/A,N/A,401,Y,Y,Y,1,7,2,30
Suvarnabhumi Airport,BKK,31/07/2024 14:15,Soekarno–Hatta International Airport,CGK,31/07/2024 17:50,215,Garuda Indonesia,Business Class,215,N/A,N/A,527,Y,Y,Y,1,7,1,50
Suvarnabhumi Airport,BKK,31/07/2024 11:05,Kuala Lumpur International Airport,KUL,31/07/2024 14:15,130,Malaysia Airlines,Business Class,390,115,N/A,504,Y,Y,Y,1,8,2,23
Suvarnabhumi Airport,BKK,31/07/2024 17:15,Kuala Lumpur International Airport,KUL,31/07/2024 20:30,135,Malaysia Airlines,Business Class,350,80,N/A,504,Y,Y,Y,1,8,2,23
Suvarnabhumi Airport,BKK,31/07/2024 21:15,Singapore Changi Airport,SIN,01/08/2024 0:35,140,Singapore Airlines,Business Class,590,345,TRUE,674,Y,Y,Y,1,7,1,25
Suvarnabhumi Airport,BKK,31/07/2024 9:40,Singapore Changi Airport,SIN,31/07/2024 13:05,145,Singapore Airlines,Business Class,450,200,N/A,709,Y,Y,Y,1,7,1,25
Suvarnabhumi Airport,BKK,31/07/2024 12:15,Singapore Changi Airport,SIN,31/07/2024 15:40,145,Singapore Airlines,Business Class,350,100,N/A,709,Y,Y,Y,1,7,1,25
Suvarnabhumi Airport,BKK,31/07/2024 15:30,Singapore Changi Airport,SIN,31/07/2024 18:55,145,Singapore Airlines,Business Class,430,180,N/A,709,Y,Y,Y,1,7,1,25
Suvarnabhumi Airport,BKK,01/08/2024 8:00,Soekarno–Hatta International Airport,CGK,01/08/2024 11:35,215,THAI,Business Class,215,N/A,N/A,429,Y,Y,Y,1,7,2,30
Suvarnabhumi Airport,BKK,01/08/2024 14:20,Soekarno–Hatta International Airport,CGK,01/08/2024 17:55,215,THAI,Business Class,215,N/A,N/A,429,Y,Y,Y,1,7,2,30
Suvarnabhumi Airport,BKK,01/08/2024 14:15,Soekarno–Hatta International Airport,CGK,01/08/2024 17:50,215,Garuda Indonesia,Business Class,215,N/A,N/A,537,Y,Y,Y,1,7,1,50
Suvarnabhumi Airport,BKK,01/08/2024 17:15,Kuala Lumpur International Airport,KUL,01/08/2024 20:30,135,Malaysia Airlines,Business Class,350,80,N/A,481,Y,Y,Y,1,8,2,23
Suvarnabhumi Airport,BKK,01/08/2024 11:05,Kuala Lumpur International Airport,KUL,01/08/2024 14:15,130,Malaysia Airlines,Business Class,390,115,N/A,637,Y,Y,Y,1,8,2,23
Suvarnabhumi Airport,BKK,01/08/2024 9:05,Kuala Lumpur International Airport,KUL,01/08/2024 12:15,130,THAI,Business Class,360,90,N/A,769,Y,Y,Y,1,7,2,30
Suvarnabhumi Airport,BKK,01/08/2024 9:40,Singapore Changi Airport,SIN,01/08/2024 13:05,145,Singapore Airlines,Business Class,450,200,N/A,857,Y,Y,Y,1,7,1,25
Suvarnabhumi Airport,BKK,01/08/2024 15:30,Singapore Changi Airport,SIN,01/08/2024 18:55,145,Singapore Airlines,Business Class,430,180,N/A,1000,Y,Y,Y,1,7,1,25
Suvarnabhumi Airport,BKK,02/08/2024 8:00,Soekarno–Hatta International Airport,CGK,02/08/2024 11:35,215,THAI,Business Class,215,N/A,N/A,429,Y,Y,Y,1,7,2,30
Suvarnabhumi Airport,BKK,02/08/2024 14:20,Soekarno–Hatta International Airport,CGK,02/08/2024 17:55,215,THAI,Business Class,215,N/A,N/A,429,Y,Y,Y,1,7,2,30
Suvarnabhumi Airport,BKK,02/08/2024 14:15,Soekarno–Hatta International Airport,CGK,02/08/2024 17:50,215,Garuda Indonesia,Business Class,215,N/A,N/A,537,Y,Y,Y,1,7,1,50
Suvarnabhumi Airport,BKK,02/08/2024 11:05,Kuala Lumpur International Airport,KUL,02/08/2024 14:15,130,Malaysia Airlines,Business Class,390,115,N/A,481,Y,Y,Y,1,8,2,23
Suvarnabhumi Airport,BKK,02/08/2024 17:15,Kuala Lumpur International Airport,KUL,02/08/2024 20:30,135,Malaysia Airlines,Business Class,350,80,N/A,481,Y,Y,Y,1,8,2,23
Suvarnabhumi Airport,BKK,02/08/2024 9:05,Kuala Lumpur International Airport,KUL,02/08/2024 12:15,130,THAI,Business Class,360,90,N/A,769,Y,Y,Y,1,7,2,30
Suvarnabhumi Airport,BKK,02/08/2024 9:40,Singapore Changi Airport,SIN,02/08/2024 13:05,145,Singapore Airlines,Business Class,450,200,N/A,857,Y,Y,Y,1,7,1,25
Suvarnabhumi Airport,BKK,02/08/2024 15:30,Singapore Changi Airport,SIN,02/08/2024 18:55,145,Singapore Airlines,Business Class,430,180,N/A,857,Y,Y,Y,1,7,1,25
Suvarnabhumi Airport,BKK,02/08/2024 12:15,Singapore Changi Airport,SIN,02/08/2024 15:40,145,Singapore Airlines,Business Class,350,100,N/A,1000,Y,Y,Y,1,7,1,25
Suvarnabhumi Airport,BKK,03/08/2024 8:00,Soekarno–Hatta International Airport,CGK,03/08/2024 11:35,215,THAI,Business Class,215,N/A,N/A,429,Y,Y,Y,1,7,2,30
Suvarnabhumi Airport,BKK,03/08/2024 14:20,Soekarno–Hatta International Airport,CGK,03/08/2024 17:55,215,THAI,Business Class,215,N/A,N/A,429,Y,Y,Y,1,7,2,30
Suvarnabhumi Airport,BKK,03/08/2024 14:15,Soekarno–Hatta International Airport,CGK,03/08/2024 17:50,215,Garuda Indonesia,Business Class,215,N/A,N/A,537,Y,Y,Y,1,7,1,50
Suvarnabhumi Airport,BKK,03/08/2024 11:05,Kuala Lumpur International Airport,KUL,03/08/2024 14:15,130,Malaysia Airlines,Business Class,390,115,N/A,481,Y,Y,Y,1,8,2,23
Suvarnabhumi Airport,BKK,03/08/2024 17:15,Kuala Lumpur International Airport,KUL,03/08/2024 20:30,135,Malaysia Airlines,Business Class,350,80,N/A,481,Y,Y,Y,1,8,2,23
Suvarnabhumi Airport,BKK,03/08/2024 12:15,Singapore Changi Airport,SIN,03/08/2024 15:40,145,Singapore Airlines,Business Class,350,100,N/A,723,Y,Y,Y,1,7,1,25
Suvarnabhumi Airport,BKK,03/08/2024 9:05,Kuala Lumpur International Airport,KUL,03/08/2024 12:15,130,THAI,Business Class,360,90,N/A,769,Y,Y,Y,1,7,2,30
Suvarnabhumi Airport,BKK,03/08/2024 9:40,Singapore Changi Airport,SIN,03/08/2024 13:05,145,Singapore Airlines,Business Class,450,200,N/A,857,Y,Y,Y,1,7,1,25
Suvarnabhumi Airport,BKK,03/08/2024 15:50,Singapore Changi Airport,SIN,03/08/2024 19:15,145,Singapore Airlines,Business Class,410,160,N/A,857,Y,Y,Y,1,7,1,25
Suvarnabhumi Airport,BKK,04/08/2024 8:00,Soekarno–Hatta International Airport,CGK,04/08/2024 11:35,215,THAI,Business Class,215,N/A,N/A,429,Y,Y,Y,1,7,2,30
Suvarnabhumi Airport,BKK,04/08/2024 17:15,Kuala Lumpur International Airport,KUL,04/08/2024 20:30,135,Malaysia Airlines,Business Class,350,80,N/A,481,Y,Y,Y,1,8,2,23
Suvarnabhumi Airport,BKK,04/08/2024 14:20,Soekarno–Hatta International Airport,CGK,04/08/2024 17:55,215,THAI,Business Class,215,N/A,N/A,736,Y,Y,Y,1,7,2,30
Suvarnabhumi Airport,BKK,04/08/2024 12:15,Singapore Changi Airport,SIN,04/08/2024 15:40,145,Singapore Airlines,Business Class,350,100,N/A,857,Y,Y,Y,1,7,1,25
Suvarnabhumi Airport,BKK,04/08/2024 14:15,Soekarno–Hatta International Airport,CGK,04/08/2024 17:50,215,Garuda Indonesia,Business Class,215,N/A,N/A,1172,Y,Y,Y,1,7,1,50
Suvarnabhumi Airport,BKK,04/08/2024 19:40,Kuala Lumpur International Airport,KUL,04/08/2024 22:50,130,Malaysia Airlines,Business Class,770,515,TRUE,481,Y,Y,Y,1,8,2,23
Suvarnabhumi Airport,BKK,04/08/2024 21:00,Brunei International Airport,BWN,05/08/2024 0:45,165,Royal Brunei,Business Class,1730,1420,N/A,539,Y,Y,Y,1,12,2,40
Suvarnabhumi Airport,BKK,04/08/2024 11:05,Kuala Lumpur International Airport,KUL,04/08/2024 14:15,130,Malaysia Airlines,Business Class,390,115,N/A,637,Y,Y,Y,1,8,2,23
Suvarnabhumi Airport,BKK,04/08/2024 9:40,Singapore Changi Airport,SIN,04/08/2024 13:05,145,Singapore Airlines,Business Class,505,255,N/A,723,Y,Y,Y,1,7,1,25
Suvarnabhumi Airport,BKK,04/08/2024 21:15,Singapore Changi Airport,SIN,05/08/2024 0:35,140,Singapore Airlines,Business Class,590,345,TRUE,723,Y,Y,Y,1,7,1,25
Suvarnabhumi Airport,BKK,05/08/2024 8:00,Soekarno–Hatta International Airport,CGK,05/08/2024 11:35,215,THAI,Business Class,215,N/A,N/A,429,Y,Y,Y,1,7,2,30
Suvarnabhumi Airport,BKK,05/08/2024 14:20,Soekarno–Hatta International Airport,CGK,05/08/2024 17:55,215,THAI,Business Class,215,N/A,N/A,429,Y,Y,Y,1,7,2,30
Suvarnabhumi Airport,BKK,05/08/2024 14:15,Soekarno–Hatta International Airport,CGK,05/08/2024 17:50,215,Garuda Indonesia,Business Class,215,N/A,N/A,628,Y,Y,Y,1,7,1,50
Suvarnabhumi Airport,BKK,05/08/2024 17:15,Kuala Lumpur International Airport,KUL,05/08/2024 20:30,135,Malaysia Airlines,Business Class,350,80,N/A,481,Y,Y,Y,1,8,2,23
Suvarnabhumi Airport,BKK,05/08/2024 19:40,Kuala Lumpur International Airport,KUL,05/08/2024 22:50,130,Malaysia Airlines,Business Class,770,515,TRUE,481,Y,Y,Y,1,8,2,23
Suvarnabhumi Airport,BKK,05/08/2024 11:05,Kuala Lumpur International Airport,KUL,05/08/2024 14:15,130,Malaysia Airlines,Business Class,390,115,N/A,637,Y,Y,Y,1,8,2,23
Suvarnabhumi Airport,BKK,05/08/2024 9:40,Singapore Changi Airport,SIN,05/08/2024 13:05,145,Singapore Airlines,Business Class,450,200,N/A,857,Y,Y,Y,1,7,1,25
Suvarnabhumi Airport,BKK,05/08/2024 12:15,Singapore Changi Airport,SIN,05/08/2024 15:40,145,Singapore Airlines,Business Class,350,100,N/A,857,Y,Y,Y,1,7,1,25
Suvarnabhumi Airport,BKK,05/08/2024 15:30,Singapore Changi Airport,SIN,05/08/2024 18:55,145,Singapore Airlines,Business Class,430,180,N/A,1000,Y,Y,Y,1,7,1,25
Suvarnabhumi Airport,BKK,06/08/2024 8:00,Soekarno–Hatta International Airport,CGK,06/08/2024 11:35,215,THAI,Business Class,215,N/A,N/A,429,Y,Y,Y,1,7,2,30
Suvarnabhumi Airport,BKK,06/08/2024 14:20,Soekarno–Hatta International Airport,CGK,06/08/2024 17:55,215,THAI,Business Class,215,N/A,N/A,429,Y,Y,Y,1,7,2,30
Suvarnabhumi Airport,BKK,06/08/2024 17:15,Kuala Lumpur International Airport,KUL,06/08/2024 20:30,135,Malaysia Airlines,Business Class,350,80,N/A,481,Y,Y,Y,1,8,2,23
Suvarnabhumi Airport,BKK,06/08/2024 14:15,Soekarno–Hatta International Airport,CGK,06/08/2024 17:50,215,Garuda Indonesia,Business Class,215,N/A,N/A,628,Y,Y,Y,1,7,1,50
Suvarnabhumi Airport,BKK,06/08/2024 12:15,Singapore Changi Airport,SIN,06/08/2024 15:40,145,Singapore Airlines,Business Class,350,100,N/A,723,Y,Y,Y,1,7,1,25
Suvarnabhumi Airport,BKK,06/08/2024 13:30,Brunei International Airport,BWN,06/08/2024 17:15,165,Royal Brunei,Business Class,1370,1060,TRUE,539,Y,Y,Y,1,12,2,40
Suvarnabhumi Airport,BKK,06/08/2024 9:40,Singapore Changi Airport,SIN,06/08/2024 13:05,145,Singapore Airlines,Business Class,450,200,N/A,688,Y,Y,Y,1,7,1,25
Suvarnabhumi Airport,BKK,06/08/2024 9:05,Kuala Lumpur International Airport,KUL,06/08/2024 12:15,130,THAI,Business Class,360,90,N/A,769,Y,Y,Y,1,7,2,30
Suvarnabhumi Airport,BKK,06/08/2024 11:05,Kuala Lumpur International Airport,KUL,06/08/2024 14:15,130,Malaysia Airlines,Business Class,390,115,N/A,788,Y,Y,Y,1,8,2,23
Suvarnabhumi Airport,BKK,06/08/2024 15:30,Singapore Changi Airport,SIN,06/08/2024 18:55,145,Singapore Airlines,Business Class,430,180,N/A,1000,Y,Y,Y,1,7,1,25
Suvarnabhumi Airport,BKK,07/08/2024 8:00,Soekarno–Hatta International Airport,CGK,07/08/2024 11:35,215,THAI,Business Class,215,N/A,N/A,429,Y,Y,Y,1,7,2,30
Suvarnabhumi Airport,BKK,07/08/2024 14:20,Soekarno–Hatta International Airport,CGK,07/08/2024 17:55,215,THAI,Business Class,215,N/A,N/A,429,Y,Y,Y,1,7,2,30
Suvarnabhumi Airport,BKK,07/08/2024 14:15,Soekarno–Hatta International Airport,CGK,07/08/2024 17:50,215,Garuda Indonesia,Business Class,215,N/A,N/A,537,Y,Y,Y,1,7,1,50
Suvarnabhumi Airport,BKK,07/08/2024 6:00,Kuala Lumpur International Airport,KUL,07/08/2024 9:10,130,Malaysia Airlines,Business Class,480,220,N/A,454,Y,Y,Y,1,8,2,23
Suvarnabhumi Airport,BKK,07/08/2024 11:05,Kuala Lumpur International Airport,KUL,07/08/2024 14:15,130,Malaysia Airlines,Business Class,390,115,N/A,481,Y,Y,Y,1,8,2,23
Suvarnabhumi Airport,BKK,07/08/2024 17:15,Kuala Lumpur International Airport,KUL,07/08/2024 20:30,135,Malaysia Airlines,Business Class,350,80,N/A,481,Y,Y,Y,1,8,2,23
Suvarnabhumi Airport,BKK,07/08/2024 12:15,Singapore Changi Airport,SIN,07/08/2024 15:40,145,Singapore Airlines,Business Class,350,100,N/A,688,Y,Y,Y,1,7,1,25
Suvarnabhumi Airport,BKK,07/08/2024 9:40,Singapore Changi Airport,SIN,07/08/2024 13:05,145,Singapore Airlines,Business Class,450,200,N/A,723,Y,Y,Y,1,7,1,25
Suvarnabhumi Airport,BKK,07/08/2024 15:30,Singapore Changi Airport,SIN,07/08/2024 18:55,145,Singapore Airlines,Business Class,430,180,N/A,723,Y,Y,Y,1,7,1,25
Suvarnabhumi Airport,BKK,07/08/2024 9:05,Kuala Lumpur International Airport,KUL,07/08/2024 12:15,130,THAI,Business Class,360,90,N/A,769,Y,Y,Y,1,7,2,30
Suvarnabhumi Airport,BKK,08/08/2024 8:00,Soekarno–Hatta International Airport,CGK,08/08/2024 11:35,215,THAI,Business Class,215,N/A,N/A,429,Y,Y,Y,1,7,2,30
Suvarnabhumi Airport,BKK,08/08/2024 14:20,Soekarno–Hatta International Airport,CGK,08/08/2024 17:55,215,THAI,Business Class,215,N/A,N/A,429,Y,Y,Y,1,7,2,30
Suvarnabhumi Airport,BKK,08/08/2024 14:15,Soekarno–Hatta International Airport,CGK,08/08/2024 17:50,215,Garuda Indonesia,Business Class,215,N/A,N/A,537,Y,Y,Y,1,7,1,50
Suvarnabhumi Airport,BKK,08/08/2024 11:05,Kuala Lumpur International Airport,KUL,08/08/2024 14:15,130,Malaysia Airlines,Business Class,390,115,N/A,481,Y,Y,Y,1,8,2,23
Suvarnabhumi Airport,BKK,08/08/2024 17:15,Kuala Lumpur International Airport,KUL,08/08/2024 20:30,135,Malaysia Airlines,Business Class,350,80,N/A,481,Y,Y,Y,1,8,2,23
Suvarnabhumi Airport,BKK,08/08/2024 21:15,Singapore Changi Airport,SIN,09/08/2024 0:35,140,Singapore Airlines,Business Class,590,345,TRUE,688,Y,Y,Y,1,7,1,25
Suvarnabhumi Airport,BKK,08/08/2024 9:40,Singapore Changi Airport,SIN,08/08/2024 13:05,145,Singapore Airlines,Business Class,450,200,N/A,723,Y,Y,Y,1,7,1,25
Suvarnabhumi Airport,BKK,08/08/2024 15:30,Singapore Changi Airport,SIN,08/08/2024 18:55,145,Singapore Airlines,Business Class,430,180,N/A,857,Y,Y,Y,1,7,1,25
Suvarnabhumi Airport,BKK,09/08/2024 8:00,Soekarno–Hatta International Airport,CGK,09/08/2024 11:35,215,THAI,Business Class,215,N/A,N/A,429,Y,Y,Y,1,7,2,30
Suvarnabhumi Airport,BKK,09/08/2024 14:20,Soekarno–Hatta International Airport,CGK,09/08/2024 17:55,215,THAI,Business Class,215,N/A,N/A,429,Y,Y,Y,1,7,2,30
Suvarnabhumi Airport,BKK,09/08/2024 14:15,Soekarno–Hatta International Airport,CGK,09/08/2024 17:50,215,Garuda Indonesia,Business Class,215,N/A,N/A,537,Y,Y,Y,1,7,1,50
Suvarnabhumi Airport,BKK,09/08/2024 11:05,Kuala Lumpur International Airport,KUL,09/08/2024 14:15,130,Malaysia Airlines,Business Class,390,115,N/A,481,Y,Y,Y,1,8,2,23
Suvarnabhumi Airport,BKK,09/08/2024 17:15,Kuala Lumpur International Airport,KUL,09/08/2024 20:30,135,Malaysia Airlines,Business Class,350,80,N/A,481,Y,Y,Y,1,8,2,23
Suvarnabhumi Airport,BKK,09/08/2024 21:30,Singapore Changi Airport,SIN,10/08/2024 0:45,135,Singapore Airlines,Business Class,575,335,TRUE,688,Y,Y,Y,1,7,1,25
Suvarnabhumi Airport,BKK,09/08/2024 9:40,Singapore Changi Airport,SIN,09/08/2024 13:05,145,Singapore Airlines,Business Class,450,200,N/A,723,Y,Y,Y,1,7,1,25
Suvarnabhumi Airport,BKK,09/08/2024 15:50,Singapore Changi Airport,SIN,09/08/2024 19:15,145,Singapore Airlines,Business Class,410,160,N/A,857,Y,Y,Y,1,7,1,25
Suvarnabhumi Airport,BKK,10/08/2024 8:00,Soekarno–Hatta International Airport,CGK,10/08/2024 11:35,215,THAI,Business Class,215,N/A,N/A,429,Y,Y,Y,1,7,2,30
Suvarnabhumi Airport,BKK,10/08/2024 14:15,Soekarno–Hatta International Airport,CGK,10/08/2024 17:50,215,Garuda Indonesia,Business Class,215,N/A,N/A,537,Y,Y,Y,1,7,1,50
Suvarnabhumi Airport,BKK,10/08/2024 14:20,Soekarno–Hatta International Airport,CGK,10/08/2024 17:55,215,THAI,Business Class,215,N/A,N/A,646,Y,Y,Y,1,7,2,30
Suvarnabhumi Airport,BKK,10/08/2024 6:00,Kuala Lumpur International Airport,KUL,10/08/2024 9:10,130,Malaysia Airlines,Business Class,480,220,N/A,404,Y,Y,Y,1,8,2,23
Suvarnabhumi Airport,BKK,10/08/2024 11:05,Kuala Lumpur International Airport,KUL,10/08/2024 14:15,130,Malaysia Airlines,Business Class,390,115,N/A,481,Y,Y,Y,1,8,2,23
Suvarnabhumi Airport,BKK,10/08/2024 17:15,Kuala Lumpur International Airport,KUL,10/08/2024 20:30,135,Malaysia Airlines,Business Class,350,80,N/A,481,Y,Y,Y,1,8,2,23
Suvarnabhumi Airport,BKK,10/08/2024 12:15,Singapore Changi Airport,SIN,10/08/2024 15:40,145,Singapore Airlines,Business Class,350,100,N/A,723,Y,Y,Y,1,7,1,25
Suvarnabhumi Airport,BKK,10/08/2024 9:40,Singapore Changi Airport,SIN,10/08/2024 13:05,145,Singapore Airlines,Business Class,450,200,N/A,857,Y,Y,Y,1,7,1,25
Suvarnabhumi Airport,BKK,10/08/2024 15:30,Singapore Changi Airport,SIN,10/08/2024 18:55,145,Singapore Airlines,Business Class,430,180,N/A,1000,Y,Y,Y,1,7,1,25
Suvarnabhumi Airport,BKK,11/08/2024 8:00,Soekarno–Hatta International Airport,CGK,11/08/2024 11:35,215,THAI,Business Class,215,N/A,N/A,429,Y,Y,Y,1,7,2,30
Suvarnabhumi Airport,BKK,11/08/2024 14:20,Soekarno–Hatta International Airport,CGK,11/08/2024 17:55,215,THAI,Business Class,215,N/A,N/A,429,Y,Y,Y,1,7,2,30
Suvarnabhumi Airport,BKK,11/08/2024 14:15,Soekarno–Hatta International Airport,CGK,11/08/2024 17:50,215,Garuda Indonesia,Business Class,215,N/A,N/A,537,Y,Y,Y,1,7,1,50
Suvarnabhumi Airport,BKK,11/08/2024 6:00,Kuala Lumpur International Airport,KUL,11/08/2024 9:10,130,Malaysia Airlines,Business Class,480,220,N/A,454,Y,Y,Y,1,8,2,23
Suvarnabhumi Airport,BKK,11/08/2024 11:05,Kuala Lumpur International Airport,KUL,11/08/2024 14:15,130,Malaysia Airlines,Business Class,390,115,N/A,481,Y,Y,Y,1,8,2,23
Suvarnabhumi Airport,BKK,11/08/2024 19:40,Kuala Lumpur International Airport,KUL,11/08/2024 22:50,130,Malaysia Airlines,Business Class,770,515,TRUE,481,Y,Y,Y,1,8,2,23
Suvarnabhumi Airport,BKK,11/08/2024 17:15,Kuala Lumpur International Airport,KUL,11/08/2024 20:30,135,Malaysia Airlines,Business Class,350,80,N/A,637,Y,Y,Y,1,8,2,23
Suvarnabhumi Airport,BKK,11/08/2024 16:40,Kuala Lumpur International Airport,KUL,11/08/2024 19:50,130,THAI,Business Class,385,120,N/A,835,Y,Y,Y,1,7,2,30
Suvarnabhumi Airport,BKK,11/08/2024 9:40,Singapore Changi Airport,SIN,11/08/2024 13:05,145,Singapore Airlines,Business Class,450,200,N/A,1000,Y,Y,Y,1,7,1,25
Suvarnabhumi Airport,BKK,11/08/2024 12:15,Singapore Changi Airport,SIN,11/08/2024 15:40,145,Singapore Airlines,Business Class,350,100,N/A,1217,Y,Y,Y,1,7,1,25
Suvarnabhumi Airport,BKK,12/08/2024 8:00,Soekarno–Hatta International Airport,CGK,12/08/2024 11:35,215,THAI,Business Class,215,N/A,N/A,429,Y,Y,Y,1,7,2,30
Suvarnabhumi Airport,BKK,12/08/2024 14:15,Soekarno–Hatta International Airport,CGK,12/08/2024 17:50,215,Garuda Indonesia,Business Class,215,N/A,N/A,537,Y,Y,Y,1,7,1,50
Suvarnabhumi Airport,BKK,12/08/2024 14:20,Soekarno–Hatta International Airport,CGK,12/08/2024 17:55,215,THAI,Business Class,215,N/A,N/A,577,Y,Y,Y,1,7,2,30
Suvarnabhumi Airport,BKK,12/08/2024 11:05,Kuala Lumpur International Airport,KUL,12/08/2024 14:15,130,Malaysia Airlines,Business Class,390,115,N/A,481,Y,Y,Y,1,8,2,23
Suvarnabhumi Airport,BKK,12/08/2024 17:15,Kuala Lumpur International Airport,KUL,12/08/2024 20:30,135,Malaysia Airlines,Business Class,350,80,N/A,481,Y,Y,Y,1,8,2,23
Suvarnabhumi Airport,BKK,12/08/2024 9:40,Singapore Changi Airport,SIN,12/08/2024 13:05,145,Singapore Airlines,Business Class,450,200,N/A,723,Y,Y,Y,1,7,1,25
Suvarnabhumi Airport,BKK,12/08/2024 9:05,Kuala Lumpur International Airport,KUL,12/08/2024 12:15,130,THAI,Business Class,360,90,N/A,769,Y,Y,Y,1,7,2,30
Suvarnabhumi Airport,BKK,12/08/2024 15:30,Singapore Changi Airport,SIN,12/08/2024 18:55,145,Singapore Airlines,Business Class,430,180,N/A,857,Y,Y,Y,1,7,1,25
Suvarnabhumi Airport,BKK,13/08/2024 8:00,Soekarno–Hatta International Airport,CGK,13/08/2024 11:35,215,THAI,Business Class,215,N/A,N/A,429,Y,Y,Y,1,7,2,30
Suvarnabhumi Airport,BKK,13/08/2024 14:20,Soekarno–Hatta International Airport,CGK,13/08/2024 17:55,215,THAI,Business Class,215,N/A,N/A,429,Y,Y,Y,1,7,2,30
Suvarnabhumi Airport,BKK,13/08/2024 14:15,Soekarno–Hatta International Airport,CGK,13/08/2024 17:50,215,Garuda Indonesia,Business Class,215,N/A,N/A,537,Y,Y,Y,1,7,1,50
Suvarnabhumi Airport,BKK,13/08/2024 11:05,Kuala Lumpur International Airport,KUL,13/08/2024 14:15,130,Malaysia Airlines,Business Class,390,115,N/A,481,Y,Y,Y,1,8,2,23
Suvarnabhumi Airport,BKK,13/08/2024 17:15,Kuala Lumpur International Airport,KUL,13/08/2024 20:30,135,Malaysia Airlines,Business Class,350,80,N/A,481,Y,Y,Y,1,8,2,23
Suvarnabhumi Airport,BKK,13/08/2024 9:40,Singapore Changi Airport,SIN,13/08/2024 13:05,145,Singapore Airlines,Business Class,450,200,N/A,688,Y,Y,Y,1,7,1,25
Suvarnabhumi Airport,BKK,13/08/2024 12:15,Singapore Changi Airport,SIN,13/08/2024 15:40,145,Singapore Airlines,Business Class,350,100,N/A,688,Y,Y,Y,1,7,1,25
Suvarnabhumi Airport,BKK,13/08/2024 21:15,Singapore Changi Airport,SIN,14/08/2024 0:35,140,Singapore Airlines,Business Class,590,345,TRUE,688,Y,Y,Y,1,7,1,25
Suvarnabhumi Airport,BKK,13/08/2024 15:30,Singapore Changi Airport,SIN,13/08/2024 18:55,145,Singapore Airlines,Business Class,430,180,N/A,723,Y,Y,Y,1,7,1,25
Suvarnabhumi Airport,BKK,14/08/2024 8:00,Soekarno–Hatta International Airport,CGK,14/08/2024 11:35,215,THAI,Business Class,215,N/A,N/A,429,Y,Y,Y,1,7,2,30
Suvarnabhumi Airport,BKK,14/08/2024 14:20,Soekarno–Hatta International Airport,CGK,14/08/2024 17:55,215,THAI,Business Class,215,N/A,N/A,429,Y,Y,Y,1,7,2,30
Suvarnabhumi Airport,BKK,14/08/2024 14:15,Soekarno–Hatta International Airport,CGK,14/08/2024 17:50,215,Garuda Indonesia,Business Class,215,N/A,N/A,537,Y,Y,Y,1,7,1,50
Suvarnabhumi Airport,BKK,14/08/2024 11:05,Kuala Lumpur International Airport,KUL,14/08/2024 14:15,130,Malaysia Airlines,Business Class,390,115,N/A,481,Y,Y,Y,1,8,2,23
Suvarnabhumi Airport,BKK,14/08/2024 17:15,Kuala Lumpur International Airport,KUL,14/08/2024 20:30,135,Malaysia Airlines,Business Class,350,80,N/A,481,Y,Y,Y,1,8,2,23
Suvarnabhumi Airport,BKK,14/08/2024 9:40,Singapore Changi Airport,SIN,14/08/2024 13:05,145,Singapore Airlines,Business Class,450,200,N/A,723,Y,Y,Y,1,7,1,25
Suvarnabhumi Airport,BKK,14/08/2024 9:05,Kuala Lumpur International Airport,KUL,14/08/2024 12:15,130,THAI,Business Class,360,90,N/A,769,Y,Y,Y,1,7,2,30
Suvarnabhumi Airport,BKK,14/08/2024 12:15,Singapore Changi Airport,SIN,14/08/2024 15:40,145,Singapore Airlines,Business Class,350,100,N/A,857,Y,Y,Y,1,7,1,25
Suvarnabhumi Airport,BKK,14/08/2024 15:30,Singapore Changi Airport,SIN,14/08/2024 18:55,145,Singapore Airlines,Business Class,430,180,N/A,857,Y,Y,Y,1,7,1,25
Suvarnabhumi Airport,BKK,15/08/2024 8:00,Soekarno–Hatta International Airport,CGK,15/08/2024 11:35,215,THAI,Business Class,215,N/A,N/A,429,Y,Y,Y,1,7,2,30
Suvarnabhumi Airport,BKK,15/08/2024 14:20,Soekarno–Hatta International Airport,CGK,15/08/2024 17:55,215,THAI,Business Class,215,N/A,N/A,429,Y,Y,Y,1,7,2,30
Suvarnabhumi Airport,BKK,15/08/2024 14:15,Soekarno–Hatta International Airport,CGK,15/08/2024 17:50,215,Garuda Indonesia,Business Class,215,N/A,N/A,537,Y,Y,Y,1,7,1,50
Suvarnabhumi Airport,BKK,15/08/2024 11:05,Kuala Lumpur International Airport,KUL,15/08/2024 14:15,130,Malaysia Airlines,Business Class,390,115,N/A,481,Y,Y,Y,1,8,2,23
Suvarnabhumi Airport,BKK,15/08/2024 17:15,Kuala Lumpur International Airport,KUL,15/08/2024 20:30,135,Malaysia Airlines,Business Class,350,80,N/A,481,Y,Y,Y,1,8,2,23
Suvarnabhumi Airport,BKK,15/08/2024 21:15,Singapore Changi Airport,SIN,16/08/2024 0:35,140,Singapore Airlines,Business Class,590,345,TRUE,688,Y,Y,Y,1,7,1,25
Suvarnabhumi Airport,BKK,15/08/2024 9:40,Singapore Changi Airport,SIN,15/08/2024 13:05,145,Singapore Airlines,Business Class,450,200,N/A,723,Y,Y,Y,1,7,1,25
Suvarnabhumi Airport,BKK,15/08/2024 15:30,Singapore Changi Airport,SIN,15/08/2024 18:55,145,Singapore Airlines,Business Class,430,180,N/A,723,Y,Y,Y,1,7,1,25
Suvarnabhumi Airport,BKK,16/08/2024 8:00,Soekarno–Hatta International Airport,CGK,16/08/2024 11:35,215,THAI,Business Class,215,N/A,N/A,429,Y,Y,Y,1,7,2,30
Suvarnabhumi Airport,BKK,16/08/2024 14:20,Soekarno–Hatta International Airport,CGK,16/08/2024 17:55,215,THAI,Business Class,215,N/A,N/A,577,Y,Y,Y,1,7,2,30
Suvarnabhumi Airport,BKK,16/08/2024 14:15,Soekarno–Hatta International Airport,CGK,16/08/2024 17:50,215,Garuda Indonesia,Business Class,215,N/A,N/A,628,Y,Y,Y,1,7,1,50
Suvarnabhumi Airport,BKK,16/08/2024 11:05,Kuala Lumpur International Airport,KUL,16/08/2024 14:15,130,Malaysia Airlines,Business Class,390,115,N/A,481,Y,Y,Y,1,8,2,23
Suvarnabhumi Airport,BKK,16/08/2024 17:15,Kuala Lumpur International Airport,KUL,16/08/2024 20:30,135,Malaysia Airlines,Business Class,350,80,N/A,481,Y,Y,Y,1,8,2,23
Suvarnabhumi Airport,BKK,16/08/2024 12:15,Singapore Changi Airport,SIN,16/08/2024 15:40,145,Singapore Airlines,Business Class,350,100,N/A,688,Y,Y,Y,1,7,1,25
Suvarnabhumi Airport,BKK,16/08/2024 21:15,Singapore Changi Airport,SIN,17/08/2024 0:35,140,Singapore Airlines,Business Class,590,345,TRUE,688,Y,Y,Y,1,7,1,25
Suvarnabhumi Airport,BKK,16/08/2024 9:40,Singapore Changi Airport,SIN,16/08/2024 13:05,145,Singapore Airlines,Business Class,450,200,N/A,723,Y,Y,Y,1,7,1,25
Suvarnabhumi Airport,BKK,16/08/2024 15:30,Singapore Changi Airport,SIN,16/08/2024 18:55,145,Singapore Airlines,Business Class,430,180,N/A,857,Y,Y,Y,1,7,1,25
Suvarnabhumi Airport,BKK,17/08/2024 8:00,Soekarno–Hatta International Airport,CGK,17/08/2024 11:35,215,THAI,Business Class,215,N/A,N/A,429,Y,Y,Y,1,7,2,30
Suvarnabhumi Airport,BKK,17/08/2024 14:20,Soekarno–Hatta International Airport,CGK,17/08/2024 17:55,215,THAI,Business Class,215,N/A,N/A,429,Y,Y,Y,1,7,2,30
Suvarnabhumi Airport,BKK,17/08/2024 14:15,Soekarno–Hatta International Airport,CGK,17/08/2024 17:50,215,Garuda Indonesia,Business Class,215,N/A,N/A,537,Y,Y,Y,1,7,1,50
Suvarnabhumi Airport,BKK,17/08/2024 6:00,Kuala Lumpur International Airport,KUL,17/08/2024 9:10,130,Malaysia Airlines,Business Class,480,220,N/A,454,Y,Y,Y,1,8,2,23
Suvarnabhumi Airport,BKK,17/08/2024 11:05,Kuala Lumpur International Airport,KUL,17/08/2024 14:15,130,Malaysia Airlines,Business Class,390,115,N/A,481,Y,Y,Y,1,8,2,23
Suvarnabhumi Airport,BKK,17/08/2024 17:15,Kuala Lumpur International Airport,KUL,17/08/2024 20:30,135,Malaysia Airlines,Business Class,350,80,N/A,481,Y,Y,Y,1,8,2,23
Suvarnabhumi Airport,BKK,17/08/2024 12:15,Singapore Changi Airport,SIN,17/08/2024 15:40,145,Singapore Airlines,Business Class,350,100,N/A,688,Y,Y,Y,1,7,1,25
Suvarnabhumi Airport,BKK,17/08/2024 9:40,Singapore Changi Airport,SIN,17/08/2024 13:05,145,Singapore Airlines,Business Class,450,200,N/A,723,Y,Y,Y,1,7,1,25
Suvarnabhumi Airport,BKK,17/08/2024 9:05,Kuala Lumpur International Airport,KUL,17/08/2024 12:15,130,THAI,Business Class,360,90,N/A,769,Y,Y,Y,1,7,2,30
Suvarnabhumi Airport,BKK,17/08/2024 15:30,Singapore Changi Airport,SIN,17/08/2024 18:55,145,Singapore Airlines,Business Class,430,180,N/A,1000,Y,Y,Y,1,7,1,25
Suvarnabhumi Airport,BKK,18/08/2024 8:00,Soekarno–Hatta International Airport,CGK,18/08/2024 11:35,215,THAI,Business Class,215,N/A,N/A,429,Y,Y,Y,1,7,2,30
Suvarnabhumi Airport,BKK,18/08/2024 17:15,Kuala Lumpur International Airport,KUL,18/08/2024 20:30,135,Malaysia Airlines,Business Class,350,80,N/A,481,Y,Y,Y,1,8,2,23
Suvarnabhumi Airport,BKK,18/08/2024 14:15,Soekarno–Hatta International Airport,CGK,18/08/2024 17:50,215,Garuda Indonesia,Business Class,215,N/A,N/A,537,Y,Y,Y,1,7,1,50
Suvarnabhumi Airport,BKK,18/08/2024 12:15,Singapore Changi Airport,SIN,18/08/2024 15:40,145,Singapore Airlines,Business Class,350,100,N/A,723,Y,Y,Y,1,7,1,25
Suvarnabhumi Airport,BKK,18/08/2024 14:20,Soekarno–Hatta International Airport,CGK,18/08/2024 17:55,215,THAI,Business Class,215,N/A,N/A,736,Y,Y,Y,1,7,2,30
Suvarnabhumi Airport,BKK,18/08/2024 11:05,Kuala Lumpur International Airport,KUL,18/08/2024 14:15,130,Malaysia Airlines,Business Class,390,115,N/A,637,Y,Y,Y,1,8,2,23
Suvarnabhumi Airport,BKK,18/08/2024 21:15,Singapore Changi Airport,SIN,19/08/2024 0:35,140,Singapore Airlines,Business Class,590,345,TRUE,688,Y,Y,Y,1,7,1,25
Suvarnabhumi Airport,BKK,18/08/2024 9:40,Singapore Changi Airport,SIN,18/08/2024 13:05,145,Singapore Airlines,Business Class,450,200,N/A,723,Y,Y,Y,1,7,1,25
Suvarnabhumi Airport,BKK,18/08/2024 15:30,Singapore Changi Airport,SIN,18/08/2024 18:55,145,Singapore Airlines,Business Class,430,180,N/A,857,Y,Y,Y,1,7,1,25
Suvarnabhumi Airport,BKK,19/08/2024 8:00,Soekarno–Hatta International Airport,CGK,19/08/2024 11:35,215,THAI,Business Class,215,N/A,N/A,429,Y,Y,Y,1,7,2,30
Suvarnabhumi Airport,BKK,19/08/2024 17:15,Kuala Lumpur International Airport,KUL,19/08/2024 20:30,135,Malaysia Airlines,Business Class,350,80,N/A,481,Y,Y,Y,1,8,2,23
Suvarnabhumi Airport,BKK,19/08/2024 14:15,Soekarno–Hatta International Airport,CGK,19/08/2024 17:50,215,Garuda Indonesia,Business Class,215,N/A,N/A,537,Y,Y,Y,1,7,1,50
Suvarnabhumi Airport,BKK,19/08/2024 14:20,Soekarno–Hatta International Airport,CGK,19/08/2024 17:55,215,THAI,Business Class,215,N/A,N/A,646,Y,Y,Y,1,7,2,30
Suvarnabhumi Airport,BKK,19/08/2024 11:05,Kuala Lumpur International Airport,KUL,19/08/2024 14:15,130,Malaysia Airlines,Business Class,390,115,N/A,481,Y,Y,Y,1,8,2,23
Suvarnabhumi Airport,BKK,19/08/2024 9:40,Singapore Changi Airport,SIN,19/08/2024 13:05,145,Singapore Airlines,Business Class,450,200,N/A,688,Y,Y,Y,1,7,1,25
Suvarnabhumi Airport,BKK,19/08/2024 21:15,Singapore Changi Airport,SIN,20/08/2024 0:35,140,Singapore Airlines,Business Class,590,345,TRUE,688,Y,Y,Y,1,7,1,25
Suvarnabhumi Airport,BKK,19/08/2024 15:30,Singapore Changi Airport,SIN,19/08/2024 18:55,145,Singapore Airlines,Business Class,430,180,N/A,857,Y,Y,Y,1,7,1,25
Suvarnabhumi Airport,BKK,20/08/2024 8:00,Soekarno–Hatta International Airport,CGK,20/08/2024 11:35,215,THAI,Business Class,215,N/A,N/A,429,Y,Y,Y,1,7,2,30
Suvarnabhumi Airport,BKK,20/08/2024 14:20,Soekarno–Hatta International Airport,CGK,20/08/2024 17:55,215,THAI,Business Class,215,N/A,N/A,429,Y,Y,Y,1,7,2,30
Suvarnabhumi Airport,BKK,20/08/2024 14:15,Soekarno–Hatta International Airport,CGK,20/08/2024 17:50,215,Garuda Indonesia,Business Class,215,N/A,N/A,537,Y,Y,Y,1,7,1,50
Suvarnabhumi Airport,BKK,20/08/2024 6:00,Kuala Lumpur International Airport,KUL,20/08/2024 9:10,130,Malaysia Airlines,Business Class,480,220,N/A,404,Y,Y,Y,1,8,2,23
Suvarnabhumi Airport,BKK,20/08/2024 11:05,Kuala Lumpur International Airport,KUL,20/08/2024 14:15,130,Malaysia Airlines,Business Class,390,115,N/A,481,Y,Y,Y,1,8,2,23
Suvarnabhumi Airport,BKK,20/08/2024 17:15,Kuala Lumpur International Airport,KUL,20/08/2024 20:30,135,Malaysia Airlines,Business Class,350,80,N/A,481,Y,Y,Y,1,8,2,23
Suvarnabhumi Airport,BKK,20/08/2024 9:40,Singapore Changi Airport,SIN,20/08/2024 13:05,145,Singapore Airlines,Business Class,450,200,N/A,723,Y,Y,Y,1,7,1,25
Suvarnabhumi Airport,BKK,20/08/2024 12:15,Singapore Changi Airport,SIN,20/08/2024 15:40,145,Singapore Airlines,Business Class,350,100,N/A,723,Y,Y,Y,1,7,1,25
Suvarnabhumi Airport,BKK,20/08/2024 15:30,Singapore Changi Airport,SIN,20/08/2024 18:55,145,Singapore Airlines,Business Class,430,180,N/A,723,Y,Y,Y,1,7,1,25
Suvarnabhumi Airport,BKK,21/08/2024 8:00,Soekarno–Hatta International Airport,CGK,21/08/2024 11:35,215,THAI,Business Class,215,N/A,N/A,429,Y,Y,Y,1,7,2,30
Suvarnabhumi Airport,BKK,21/08/2024 14:20,Soekarno–Hatta International Airport,CGK,21/08/2024 17:55,215,THAI,Business Class,215,N/A,N/A,429,Y,Y,Y,1,7,2,30
Suvarnabhumi Airport,BKK,21/08/2024 14:15,Soekarno–Hatta International Airport,CGK,21/08/2024 17:50,215,Garuda Indonesia,Business Class,215,N/A,N/A,537,Y,Y,Y,1,7,1,50
Suvarnabhumi Airport,BKK,21/08/2024 11:05,Kuala Lumpur International Airport,KUL,21/08/2024 14:15,130,Malaysia Airlines,Business Class,390,115,N/A,481,Y,Y,Y,1,8,2,23
Suvarnabhumi Airport,BKK,21/08/2024 17:15,Kuala Lumpur International Airport,KUL,21/08/2024 20:30,135,Malaysia Airlines,Business Class,350,80,N/A,481,Y,Y,Y,1,8,2,23
Suvarnabhumi Airport,BKK,21/08/2024 12:15,Singapore Changi Airport,SIN,21/08/2024 15:40,145,Singapore Airlines,Business Class,350,100,N/A,688,Y,Y,Y,1,7,1,25
Suvarnabhumi Airport,BKK,21/08/2024 9:05,Kuala Lumpur International Airport,KUL,21/08/2024 12:15,130,THAI,Business Class,360,90,N/A,769,Y,Y,Y,1,7,2,30
Suvarnabhumi Airport,BKK,21/08/2024 9:40,Singapore Changi Airport,SIN,21/08/2024 13:05,145,Singapore Airlines,Business Class,450,200,N/A,857,Y,Y,Y,1,7,1,25
Suvarnabhumi Airport,BKK,21/08/2024 15:30,Singapore Changi Airport,SIN,21/08/2024 18:55,145,Singapore Airlines,Business Class,430,180,N/A,857,Y,Y,Y,1,7,1,25
Suvarnabhumi Airport,BKK,22/08/2024 8:00,Soekarno–Hatta International Airport,CGK,22/08/2024 11:35,215,THAI,Business Class,215,N/A,N/A,429,Y,Y,Y,1,7,2,30
Suvarnabhumi Airport,BKK,22/08/2024 14:20,Soekarno–Hatta International Airport,CGK,22/08/2024 17:55,215,THAI,Business Class,215,N/A,N/A,429,Y,Y,Y,1,7,2,30
Suvarnabhumi Airport,BKK,22/08/2024 14:15,Soekarno–Hatta International Airport,CGK,22/08/2024 17:50,215,Garuda Indonesia,Business Class,215,N/A,N/A,537,Y,Y,Y,1,7,1,50
Suvarnabhumi Airport,BKK,22/08/2024 6:00,Kuala Lumpur International Airport,KUL,22/08/2024 9:10,130,Malaysia Airlines,Business Class,480,220,N/A,404,Y,Y,Y,1,8,2,23
Suvarnabhumi Airport,BKK,22/08/2024 11:05,Kuala Lumpur International Airport,KUL,22/08/2024 14:15,130,Malaysia Airlines,Business Class,390,115,N/A,481,Y,Y,Y,1,8,2,23
Suvarnabhumi Airport,BKK,22/08/2024 17:15,Kuala Lumpur International Airport,KUL,22/08/2024 20:30,135,Malaysia Airlines,Business Class,350,80,N/A,481,Y,Y,Y,1,8,2,23
Suvarnabhumi Airport,BKK,22/08/2024 9:40,Singapore Changi Airport,SIN,22/08/2024 13:05,145,Singapore Airlines,Business Class,450,200,N/A,723,Y,Y,Y,1,7,1,25
Suvarnabhumi Airport,BKK,22/08/2024 15:30,Singapore Changi Airport,SIN,22/08/2024 18:55,145,Singapore Airlines,Business Class,430,180,N/A,857,Y,Y,Y,1,7,1,25
Suvarnabhumi Airport,BKK,23/08/2024 8:00,Soekarno–Hatta International Airport,CGK,23/08/2024 11:35,215,THAI,Business Class,215,N/A,N/A,429,Y,Y,Y,1,7,2,30
Suvarnabhumi Airport,BKK,23/08/2024 14:20,Soekarno–Hatta International Airport,CGK,23/08/2024 17:55,215,THAI,Business Class,215,N/A,N/A,429,Y,Y,Y,1,7,2,30
Suvarnabhumi Airport,BKK,23/08/2024 14:15,Soekarno–Hatta International Airport,CGK,23/08/2024 17:50,215,Garuda Indonesia,Business Class,215,N/A,N/A,537,Y,Y,Y,1,7,1,50
Suvarnabhumi Airport,BKK,23/08/2024 11:05,Kuala Lumpur International Airport,KUL,23/08/2024 14:15,130,Malaysia Airlines,Business Class,390,115,N/A,481,Y,Y,Y,1,8,2,23
Suvarnabhumi Airport,BKK,23/08/2024 17:15,Kuala Lumpur International Airport,KUL,23/08/2024 20:30,135,Malaysia Airlines,Business Class,350,80,N/A,481,Y,Y,Y,1,8,2,23
Suvarnabhumi Airport,BKK,23/08/2024 9:40,Singapore Changi Airport,SIN,23/08/2024 13:05,145,Singapore Airlines,Business Class,450,200,N/A,688,Y,Y,Y,1,7,1,25
Suvarnabhumi Airport,BKK,23/08/2024 21:15,Singapore Changi Airport,SIN,24/08/2024 0:35,140,Singapore Airlines,Business Class,590,345,TRUE,688,Y,Y,Y,1,7,1,25
Suvarnabhumi Airport,BKK,23/08/2024 15:30,Singapore Changi Airport,SIN,23/08/2024 18:55,145,Singapore Airlines,Business Class,430,180,N/A,857,Y,Y,Y,1,7,1,25
Suvarnabhumi Airport,BKK,24/08/2024 8:00,Soekarno–Hatta International Airport,CGK,24/08/2024 11:35,215,THAI,Business Class,215,N/A,N/A,429,Y,Y,Y,1,7,2,30
Suvarnabhumi Airport,BKK,24/08/2024 14:20,Soekarno–Hatta International Airport,CGK,24/08/2024 17:55,215,THAI,Business Class,215,N/A,N/A,429,Y,Y,Y,1,7,2,30
Suvarnabhumi Airport,BKK,24/08/2024 14:15,Soekarno–Hatta International Airport,CGK,24/08/2024 17:50,215,Garuda Indonesia,Business Class,215,N/A,N/A,537,Y,Y,Y,1,7,1,50
Suvarnabhumi Airport,BKK,24/08/2024 11:05,Kuala Lumpur International Airport,KUL,24/08/2024 14:15,130,Malaysia Airlines,Business Class,390,115,N/A,481,Y,Y,Y,1,8,2,23
Suvarnabhumi Airport,BKK,24/08/2024 17:15,Kuala Lumpur International Airport,KUL,24/08/2024 20:30,135,Malaysia Airlines,Business Class,350,80,N/A,481,Y,Y,Y,1,8,2,23
Suvarnabhumi Airport,BKK,24/08/2024 9:40,Singapore Changi Airport,SIN,24/08/2024 13:05,145,Singapore Airlines,Business Class,450,200,N/A,723,Y,Y,Y,1,7,1,25
Suvarnabhumi Airport,BKK,24/08/2024 12:15,Singapore Changi Airport,SIN,24/08/2024 15:40,145,Singapore Airlines,Business Class,350,100,N/A,723,Y,Y,Y,1,7,1,25
Suvarnabhumi Airport,BKK,24/08/2024 15:30,Singapore Changi Airport,SIN,24/08/2024 18:55,145,Singapore Airlines,Business Class,430,180,N/A,723,Y,Y,Y,1,7,1,25
Suvarnabhumi Airport,BKK,24/08/2024 9:05,Kuala Lumpur International Airport,KUL,24/08/2024 12:15,130,THAI,Business Class,360,90,N/A,769,Y,Y,Y,1,7,2,30
Suvarnabhumi Airport,BKK,25/08/2024 8:00,Soekarno–Hatta International Airport,CGK,25/08/2024 11:35,215,THAI,Business Class,215,N/A,N/A,429,Y,Y,Y,1,7,2,30
Suvarnabhumi Airport,BKK,25/08/2024 14:15,Soekarno–Hatta International Airport,CGK,25/08/2024 17:50,215,Garuda Indonesia,Business Class,215,N/A,N/A,537,Y,Y,Y,1,7,1,50
Suvarnabhumi Airport,BKK,25/08/2024 14:20,Soekarno–Hatta International Airport,CGK,25/08/2024 17:55,215,THAI,Business Class,215,N/A,N/A,646,Y,Y,Y,1,7,2,30
Suvarnabhumi Airport,BKK,25/08/2024 14:25,Kuala Lumpur International Airport,KUL,25/08/2024 17:40,135,Malaysia Airlines,Business Class,520,250,N/A,481,Y,Y,Y,1,8,2,23
Suvarnabhumi Airport,BKK,25/08/2024 11:05,Kuala Lumpur International Airport,KUL,25/08/2024 14:15,130,Malaysia Airlines,Business Class,390,115,N/A,637,Y,Y,Y,1,8,2,23
Suvarnabhumi Airport,BKK,25/08/2024 17:15,Kuala Lumpur International Airport,KUL,25/08/2024 20:30,135,Malaysia Airlines,Business Class,350,80,N/A,637,Y,Y,Y,1,8,2,23
Suvarnabhumi Airport,BKK,25/08/2024 9:40,Singapore Changi Airport,SIN,25/08/2024 13:05,145,Singapore Airlines,Business Class,450,200,N/A,723,Y,Y,Y,1,7,1,25
Suvarnabhumi Airport,BKK,25/08/2024 15:30,Singapore Changi Airport,SIN,25/08/2024 18:55,145,Singapore Airlines,Business Class,430,180,N/A,857,Y,Y,Y,1,7,1,25
Suvarnabhumi Airport,BKK,26/08/2024 8:00,Soekarno–Hatta International Airport,CGK,26/08/2024 11:35,215,THAI,Business Class,215,N/A,N/A,429,Y,Y,Y,1,7,2,30
Suvarnabhumi Airport,BKK,26/08/2024 14:20,Soekarno–Hatta International Airport,CGK,26/08/2024 17:55,215,THAI,Business Class,215,N/A,N/A,429,Y,Y,Y,1,7,2,30
Suvarnabhumi Airport,BKK,26/08/2024 14:15,Soekarno–Hatta International Airport,CGK,26/08/2024 17:50,215,Garuda Indonesia,Business Class,215,N/A,N/A,537,Y,Y,Y,1,7,1,50
Suvarnabhumi Airport,BKK,26/08/2024 11:05,Kuala Lumpur International Airport,KUL,26/08/2024 14:15,130,Malaysia Airlines,Business Class,390,115,N/A,481,Y,Y,Y,1,8,2,23
Suvarnabhumi Airport,BKK,26/08/2024 17:15,Kuala Lumpur International Airport,KUL,26/08/2024 20:30,135,Malaysia Airlines,Business Class,350,80,N/A,481,Y,Y,Y,1,8,2,23
Suvarnabhumi Airport,BKK,26/08/2024 9:40,Singapore Changi Airport,SIN,26/08/2024 13:05,145,Singapore Airlines,Business Class,450,200,N/A,688,Y,Y,Y,1,7,1,25
Suvarnabhumi Airport,BKK,26/08/2024 21:15,Singapore Changi Airport,SIN,27/08/2024 0:35,140,Singapore Airlines,Business Class,590,345,TRUE,688,Y,Y,Y,1,7,1,25
Suvarnabhumi Airport,BKK,26/08/2024 15:30,Singapore Changi Airport,SIN,26/08/2024 18:55,145,Singapore Airlines,Business Class,430,180,N/A,723,Y,Y,Y,1,7,1,25
Suvarnabhumi Airport,BKK,27/08/2024 8:00,Soekarno–Hatta International Airport,CGK,27/08/2024 11:35,215,THAI,Business Class,215,N/A,N/A,429,Y,Y,Y,1,7,2,30
Suvarnabhumi Airport,BKK,27/08/2024 14:20,Soekarno–Hatta International Airport,CGK,27/08/2024 17:55,215,THAI,Business Class,215,N/A,N/A,429,Y,Y,Y,1,7,2,30
Suvarnabhumi Airport,BKK,27/08/2024 14:15,Soekarno–Hatta International Airport,CGK,27/08/2024 17:50,215,Garuda Indonesia,Business Class,215,N/A,N/A,537,Y,Y,Y,1,7,1,50
Suvarnabhumi Airport,BKK,27/08/2024 11:05,Kuala Lumpur International Airport,KUL,27/08/2024 14:15,130,Malaysia Airlines,Business Class,390,115,N/A,481,Y,Y,Y,1,8,2,23
Suvarnabhumi Airport,BKK,27/08/2024 17:15,Kuala Lumpur International Airport,KUL,27/08/2024 20:30,135,Malaysia Airlines,Business Class,350,80,N/A,481,Y,Y,Y,1,8,2,23
Suvarnabhumi Airport,BKK,27/08/2024 9:40,Singapore Changi Airport,SIN,27/08/2024 13:05,145,Singapore Airlines,Business Class,450,200,N/A,688,Y,Y,Y,1,7,1,25
Suvarnabhumi Airport,BKK,27/08/2024 12:15,Singapore Changi Airport,SIN,27/08/2024 15:40,145,Singapore Airlines,Business Class,350,100,N/A,688,Y,Y,Y,1,7,1,25
Suvarnabhumi Airport,BKK,27/08/2024 15:30,Singapore Changi Airport,SIN,27/08/2024 18:55,145,Singapore Airlines,Business Class,430,180,N/A,688,Y,Y,Y,1,7,1,25
Suvarnabhumi Airport,BKK,27/08/2024 9:05,Kuala Lumpur International Airport,KUL,27/08/2024 12:15,130,THAI,Business Class,360,90,N/A,769,Y,Y,Y,1,7,2,30
Suvarnabhumi Airport,BKK,28/08/2024 8:00,Soekarno–Hatta International Airport,CGK,28/08/2024 11:35,215,THAI,Business Class,215,N/A,N/A,429,Y,Y,Y,1,7,2,30
Suvarnabhumi Airport,BKK,28/08/2024 14:20,Soekarno–Hatta International Airport,CGK,28/08/2024 17:55,215,THAI,Business Class,215,N/A,N/A,429,Y,Y,Y,1,7,2,30
Suvarnabhumi Airport,BKK,28/08/2024 14:15,Soekarno–Hatta International Airport,CGK,28/08/2024 17:50,215,Garuda Indonesia,Business Class,215,N/A,N/A,537,Y,Y,Y,1,7,1,50
Suvarnabhumi Airport,BKK,28/08/2024 11:05,Kuala Lumpur International Airport,KUL,28/08/2024 14:15,130,Malaysia Airlines,Business Class,390,115,N/A,481,Y,Y,Y,1,8,2,23
Suvarnabhumi Airport,BKK,28/08/2024 17:15,Kuala Lumpur International Airport,KUL,28/08/2024 20:30,135,Malaysia Airlines,Business Class,350,80,N/A,481,Y,Y,Y,1,8,2,23
Suvarnabhumi Airport,BKK,28/08/2024 21:15,Singapore Changi Airport,SIN,29/08/2024 0:35,140,Singapore Airlines,Business Class,590,345,TRUE,688,Y,Y,Y,1,7,1,25
Suvarnabhumi Airport,BKK,28/08/2024 9:40,Singapore Changi Airport,SIN,28/08/2024 13:05,145,Singapore Airlines,Business Class,450,200,N/A,723,Y,Y,Y,1,7,1,25
Suvarnabhumi Airport,BKK,28/08/2024 12:15,Singapore Changi Airport,SIN,28/08/2024 15:40,145,Singapore Airlines,Business Class,350,100,N/A,723,Y,Y,Y,1,7,1,25
Suvarnabhumi Airport,BKK,28/08/2024 15:30,Singapore Changi Airport,SIN,28/08/2024 18:55,145,Singapore Airlines,Business Class,430,180,N/A,857,Y,Y,Y,1,7,1,25
Suvarnabhumi Airport,BKK,29/08/2024 8:00,Soekarno–Hatta International Airport,CGK,29/08/2024 11:35,215,THAI,Business Class,215,N/A,N/A,429,Y,Y,Y,1,7,2,30
Suvarnabhumi Airport,BKK,29/08/2024 14:20,Soekarno–Hatta International Airport,CGK,29/08/2024 17:55,215,THAI,Business Class,215,N/A,N/A,429,Y,Y,Y,1,7,2,30
Suvarnabhumi Airport,BKK,29/08/2024 14:15,Soekarno–Hatta International Airport,CGK,29/08/2024 17:50,215,Garuda Indonesia,Business Class,215,N/A,N/A,537,Y,Y,Y,1,7,1,50
Suvarnabhumi Airport,BKK,29/08/2024 6:00,Kuala Lumpur International Airport,KUL,29/08/2024 9:10,130,Malaysia Airlines,Business Class,480,220,N/A,404,Y,Y,Y,1,8,2,23
Suvarnabhumi Airport,BKK,29/08/2024 11:05,Kuala Lumpur International Airport,KUL,29/08/2024 14:15,130,Malaysia Airlines,Business Class,390,115,N/A,481,Y,Y,Y,1,8,2,23
Suvarnabhumi Airport,BKK,29/08/2024 17:15,Kuala Lumpur International Airport,KUL,29/08/2024 20:30,135,Malaysia Airlines,Business Class,350,80,N/A,481,Y,Y,Y,1,8,2,23
Suvarnabhumi Airport,BKK,29/08/2024 9:40,Singapore Changi Airport,SIN,29/08/2024 13:05,145,Singapore Airlines,Business Class,450,200,N/A,723,Y,Y,Y,1,7,1,25
Suvarnabhumi Airport,BKK,29/08/2024 15:30,Singapore Changi Airport,SIN,29/08/2024 18:55,145,Singapore Airlines,Business Class,430,180,N/A,1000,Y,Y,Y,1,7,1,25
Suvarnabhumi Airport,BKK,30/08/2024 8:00,Soekarno–Hatta International Airport,CGK,30/08/2024 11:35,215,THAI,Business Class,215,N/A,N/A,429,Y,Y,Y,1,7,2,30
Suvarnabhumi Airport,BKK,30/08/2024 14:20,Soekarno–Hatta International Airport,CGK,30/08/2024 17:55,215,THAI,Business Class,215,N/A,N/A,429,Y,Y,Y,1,7,2,30
Suvarnabhumi Airport,BKK,30/08/2024 14:15,Soekarno–Hatta International Airport,CGK,30/08/2024 17:50,215,Garuda Indonesia,Business Class,215,N/A,N/A,628,Y,Y,Y,1,7,1,50
Suvarnabhumi Airport,BKK,30/08/2024 11:05,Kuala Lumpur International Airport,KUL,30/08/2024 14:15,130,Malaysia Airlines,Business Class,390,115,N/A,493,Y,Y,Y,1,8,2,23
Suvarnabhumi Airport,BKK,30/08/2024 17:15,Kuala Lumpur International Airport,KUL,30/08/2024 20:30,135,Malaysia Airlines,Business Class,350,80,N/A,493,Y,Y,Y,1,8,2,23
Suvarnabhumi Airport,BKK,30/08/2024 15:30,Singapore Changi Airport,SIN,30/08/2024 18:55,145,Singapore Airlines,Business Class,430,180,N/A,688,Y,Y,Y,1,7,1,25
Suvarnabhumi Airport,BKK,30/08/2024 21:15,Singapore Changi Airport,SIN,31/08/2024 0:35,140,Singapore Airlines,Business Class,590,345,TRUE,688,Y,Y,Y,1,7,1,25
Suvarnabhumi Airport,BKK,30/08/2024 9:40,Singapore Changi Airport,SIN,30/08/2024 13:05,145,Singapore Airlines,Business Class,450,200,N/A,723,Y,Y,Y,1,7,1,25
Suvarnabhumi Airport,BKK,31/08/2024 8:00,Soekarno–Hatta International Airport,CGK,31/08/2024 11:35,215,THAI,Business Class,215,N/A,N/A,429,Y,Y,Y,1,7,2,30
Suvarnabhumi Airport,BKK,31/08/2024 14:20,Soekarno–Hatta International Airport,CGK,31/08/2024 17:55,215,THAI,Business Class,215,N/A,N/A,429,Y,Y,Y,1,7,2,30
Suvarnabhumi Airport,BKK,31/08/2024 14:15,Soekarno–Hatta International Airport,CGK,31/08/2024 17:50,215,Garuda Indonesia,Business Class,215,N/A,N/A,537,Y,Y,Y,1,7,1,50
Suvarnabhumi Airport,BKK,31/08/2024 6:00,Kuala Lumpur International Airport,KUL,31/08/2024 9:10,130,Malaysia Airlines,Business Class,480,220,N/A,404,Y,Y,Y,1,8,2,23
Suvarnabhumi Airport,BKK,31/08/2024 11:05,Kuala Lumpur International Airport,KUL,31/08/2024 14:15,130,Malaysia Airlines,Business Class,390,115,N/A,493,Y,Y,Y,1,8,2,23
Suvarnabhumi Airport,BKK,31/08/2024 17:15,Kuala Lumpur International Airport,KUL,31/08/2024 20:30,135,Malaysia Airlines,Business Class,350,80,N/A,493,Y,Y,Y,1,8,2,23
Suvarnabhumi Airport,BKK,31/08/2024 9:40,Singapore Changi Airport,SIN,31/08/2024 13:05,145,Singapore Airlines,Business Class,450,200,N/A,688,Y,Y,Y,1,7,1,25
Suvarnabhumi Airport,BKK,31/08/2024 12:15,Singapore Changi Airport,SIN,31/08/2024 15:40,145,Singapore Airlines,Business Class,350,100,N/A,688,Y,Y,Y,1,7,1,25
Suvarnabhumi Airport,BKK,31/08/2024 15:30,Singapore Changi Airport,SIN,31/08/2024 18:55,145,Singapore Airlines,Business Class,430,180,N/A,857,Y,Y,Y,1,7,1,25