Departure Airport Name,Departure Airport ID,Departure Time,Arrival Airport Name,Arrival Airport ID,Arrival Time,Duration,Airline,Travel Class,Total Duration,Layover 1 Duration,Layover 1 Overnight,Price, Cabin Baggage, Checked Baggage,Meal Included,Cabin Baggage (Number),Cabin Baggage (kg per piece),Checked Baggage (Number),Checked Baggage (kg per piece) 
Suvarnabhumi Airport,BKK,01/07/2024 21:15,Singapore Changi Airport,SIN,02/07/2024 0:35,140,Singapore Airlines,Business Class,775,505,TRUE,951,Y,Y,Y,1,7,1,25
Suvarnabhumi Airport,BKK,01/07/2024 13:30,Ninoy Aquino International Airport,MNL,01/07/2024 17:55,205,Philippine Airlines,Business Class,550,220,N/A,1096,Y,Y,Y,1,7,2,32
Suvarnabhumi Airport,BKK,01/07/2024 6:00,Kuala Lumpur International Airport,KUL,01/07/2024 9:10,130,Malaysia Airlines,Business Class,455,180,N/A,1340,Y,Y,Y,1,8,2,23
Suvarnabhumi Airport,BKK,01/07/2024 19:40,Kuala Lumpur International Airport,KUL,01/07/2024 22:50,130,Malaysia Airlines,Business Class,1620,1345,TRUE,1179,Y,Y,Y,1,8,2,23
Suvarnabhumi Airport,BKK,01/07/2024 19:15,Singapore Changi Airport,SIN,01/07/2024 22:30,135,THAI,Business Class,1085,820,TRUE,1442,Y,Y,Y,1,7,2,30
Suvarnabhumi Airport,BKK,02/07/2024 13:30,Brunei International Airport,BWN,02/07/2024 17:15,165,Royal Brunei,Business Class,165,N/A,N/A,571,Y,Y,Y,1,12,2,40
Suvarnabhumi Airport,BKK,02/07/2024 21:15,Singapore Changi Airport,SIN,03/07/2024 0:35,140,Singapore Airlines,Business Class,1005,730,TRUE,1083,Y,Y,Y,1,7,1,25
Suvarnabhumi Airport,BKK,02/07/2024 14:15,Kuala Lumpur International Airport,KUL,02/07/2024 17:30,135,Malaysia Airlines,Business Class,505,225,N/A,1168,Y,Y,Y,1,8,2,23
Suvarnabhumi Airport,BKK,02/07/2024 19:40,Kuala Lumpur International Airport,KUL,02/07/2024 22:50,130,Malaysia Airlines,Business Class,1620,1345,TRUE,1351,Y,Y,Y,1,8,2,23
Suvarnabhumi Airport,BKK,02/07/2024 16:40,Kuala Lumpur International Airport,KUL,02/07/2024 19:50,130,THAI,Business Class,360,85,N/A,1395,Y,Y,Y,1,7,2,30
Suvarnabhumi Airport,BKK,02/07/2024 11:15,Singapore Changi Airport,SIN,02/07/2024 14:30,135,THAI,Business Class,680,415,N/A,1442,Y,Y,Y,1,7,2,30
Suvarnabhumi Airport,BKK,02/07/2024 19:15,Singapore Changi Airport,SIN,02/07/2024 22:30,135,THAI,Business Class,1085,820,TRUE,1442,Y,Y,Y,1,7,2,30
Suvarnabhumi Airport,BKK,03/07/2024 21:00,Brunei International Airport,BWN,04/07/2024 0:45,165,Royal Brunei,Business Class,165,N/A,N/A,629,Y,Y,Y,1,12,2,40
Suvarnabhumi Airport,BKK,03/07/2024 21:15,Singapore Changi Airport,SIN,04/07/2024 0:35,140,Singapore Airlines,Business Class,775,505,TRUE,951,Y,Y,Y,1,7,1,25
Suvarnabhumi Airport,BKK,03/07/2024 22:50,Ninoy Aquino International Airport,MNL,04/07/2024 3:15,205,Philippine Airlines,Business Class,1430,1100,TRUE,970,Y,Y,Y,1,7,2,32
Suvarnabhumi Airport,BKK,03/07/2024 11:05,Kuala Lumpur International Airport,KUL,03/07/2024 14:15,130,Malaysia Airlines,Business Class,695,420,N/A,1340,Y,Y,Y,1,8,2,23
Suvarnabhumi Airport,BKK,03/07/2024 14:15,Kuala Lumpur International Airport,KUL,03/07/2024 17:30,135,Malaysia Airlines,Business Class,505,225,N/A,1567,Y,Y,Y,1,8,2,23
Suvarnabhumi Airport,BKK,03/07/2024 16:40,Kuala Lumpur International Airport,KUL,03/07/2024 19:50,130,THAI,Business Class,360,85,N/A,1567,Y,Y,Y,1,7,2,30
Suvarnabhumi Airport,BKK,04/07/2024 21:15,Singapore Changi Airport,SIN,05/07/2024 0:35,140,Singapore Airlines,Business Class,1005,730,TRUE,951,Y,Y,Y,1,7,1,25
Suvarnabhumi Airport,BKK,04/07/2024 13:30,Ninoy Aquino International Airport,MNL,04/07/2024 17:55,205,Philippine Airlines,Business Class,550,220,N/A,970,Y,Y,Y,1,7,2,32
Suvarnabhumi Airport,BKK,04/07/2024 6:00,Kuala Lumpur International Airport,KUL,04/07/2024 9:10,130,Malaysia Airlines,Business Class,455,180,N/A,1168,Y,Y,Y,1,8,2,23
Suvarnabhumi Airport,BKK,04/07/2024 16:40,Kuala Lumpur International Airport,KUL,04/07/2024 19:50,130,THAI,Business Class,360,85,N/A,1395,Y,Y,Y,1,7,2,30
Suvarnabhumi Airport,BKK,04/07/2024 22:50,Ninoy Aquino International Airport,MNL,05/07/2024 3:15,205,Philippine Airlines,Business Class,1430,1100,TRUE,970,Y,Y,Y,1,7,2,32
Suvarnabhumi Airport,BKK,04/07/2024 14:15,Kuala Lumpur International Airport,KUL,04/07/2024 17:30,135,Malaysia Airlines,Business Class,505,225,N/A,1168,Y,Y,Y,1,8,2,23
Suvarnabhumi Airport,BKK,04/07/2024 19:40,Kuala Lumpur International Airport,KUL,04/07/2024 22:50,130,Malaysia Airlines,Business Class,1075,800,TRUE,1179,Y,Y,Y,1,8,2,23
Suvarnabhumi Airport,BKK,04/07/2024 9:05,Kuala Lumpur International Airport,KUL,04/07/2024 12:15,130,THAI,Business Class,815,540,N/A,1395,Y,Y,Y,1,7,2,30
Suvarnabhumi Airport,BKK,04/07/2024 16:25,Singapore Changi Airport,SIN,04/07/2024 19:40,135,THAI,Business Class,394,135,N/A,1442,Y,Y,Y,1,7,2,30
Suvarnabhumi Airport,BKK,04/07/2024 19:15,Singapore Changi Airport,SIN,04/07/2024 22:30,135,THAI,Business Class,1085,820,TRUE,1442,Y,Y,Y,1,7,2,30
Suvarnabhumi Airport,BKK,05/07/2024 13:30,Ninoy Aquino International Airport,MNL,05/07/2024 17:55,205,Philippine Airlines,Business Class,550,220,N/A,970,Y,Y,Y,1,7,2,32
Suvarnabhumi Airport,BKK,05/07/2024 6:00,Kuala Lumpur International Airport,KUL,05/07/2024 9:10,130,Malaysia Airlines,Business Class,455,180,N/A,1168,Y,Y,Y,1,8,2,23
Suvarnabhumi Airport,BKK,05/07/2024 16:40,Kuala Lumpur International Airport,KUL,05/07/2024 19:50,130,THAI,Business Class,360,85,N/A,1567,Y,Y,Y,1,7,2,30
Suvarnabhumi Airport,BKK,05/07/2024 19:40,Kuala Lumpur International Airport,KUL,05/07/2024 22:50,130,Malaysia Airlines,Business Class,1075,800,TRUE,1179,Y,Y,Y,1,8,2,23
Suvarnabhumi Airport,BKK,05/07/2024 16:40,Kuala Lumpur International Airport,KUL,05/07/2024 19:50,130,THAI,Business Class,1255,980,TRUE,1346,Y,Y,Y,1,7,2,30
Suvarnabhumi Airport,BKK,05/07/2024 9:05,Kuala Lumpur International Airport,KUL,05/07/2024 12:15,130,THAI,Business Class,815,540,N/A,1430,Y,Y,Y,1,7,2,30
Suvarnabhumi Airport,BKK,05/07/2024 11:15,Singapore Changi Airport,SIN,05/07/2024 14:30,135,THAI,Business Class,680,415,N/A,1442,Y,Y,Y,1,7,2,30
Suvarnabhumi Airport,BKK,05/07/2024 15:30,Singapore Changi Airport,SIN,05/07/2024 18:55,145,Singapore Airlines,Business Class,1120,845,TRUE,2097,Y,Y,Y,1,7,1,25
Suvarnabhumi Airport,BKK,06/07/2024 13:30,Brunei International Airport,BWN,06/07/2024 17:15,165,Royal Brunei,Business Class,165,N/A,N/A,629,Y,Y,Y,1,12,2,40
Suvarnabhumi Airport,BKK,06/07/2024 6:00,Kuala Lumpur International Airport,KUL,06/07/2024 9:10,130,Malaysia Airlines,Business Class,455,180,N/A,1168,Y,Y,Y,1,8,2,23
Suvarnabhumi Airport,BKK,06/07/2024 18:40,Kuala Lumpur International Airport,KUL,06/07/2024 21:55,135,Malaysia Airlines,Business Class,1135,855,TRUE,1179,Y,Y,Y,1,8,2,23
Suvarnabhumi Airport,BKK,06/07/2024 16:40,Kuala Lumpur International Airport,KUL,06/07/2024 19:50,130,THAI,Business Class,1255,980,TRUE,1406,Y,Y,Y,1,7,2,30
Suvarnabhumi Airport,BKK,06/07/2024 11:15,Singapore Changi Airport,SIN,06/07/2024 14:30,135,THAI,Business Class,680,415,N/A,1442,Y,Y,Y,1,7,2,30
Suvarnabhumi Airport,BKK,06/07/2024 19:15,Singapore Changi Airport,SIN,06/07/2024 22:30,135,THAI,Business Class,1085,820,TRUE,1442,Y,Y,Y,1,7,2,30
Suvarnabhumi Airport,BKK,06/07/2024 21:25,Singapore Changi Airport,SIN,07/07/2024 0:45,140,Singapore Airlines,Business Class,995,720,TRUE,2097,Y,Y,Y,1,7,1,25
Suvarnabhumi Airport,BKK,07/07/2024 21:00,Brunei International Airport,BWN,08/07/2024 0:45,165,Royal Brunei,Business Class,165,N/A,N/A,571,Y,Y,Y,1,12,2,40
Suvarnabhumi Airport,BKK,07/07/2024 6:00,Kuala Lumpur International Airport,KUL,07/07/2024 9:10,130,Malaysia Airlines,Business Class,455,180,N/A,1168,Y,Y,Y,1,8,2,23
Suvarnabhumi Airport,BKK,07/07/2024 16:40,Kuala Lumpur International Airport,KUL,07/07/2024 19:50,130,THAI,Business Class,360,85,N/A,1567,Y,Y,Y,1,7,2,30
Suvarnabhumi Airport,BKK,07/07/2024 21:15,Singapore Changi Airport,SIN,08/07/2024 0:35,140,Singapore Airlines,Business Class,775,505,TRUE,951,Y,Y,Y,1,7,1,25
Suvarnabhumi Airport,BKK,07/07/2024 22:50,Ninoy Aquino International Airport,MNL,08/07/2024 3:15,205,Philippine Airlines,Business Class,1430,1100,TRUE,970,Y,Y,Y,1,7,2,32
Suvarnabhumi Airport,BKK,07/07/2024 9:05,Kuala Lumpur International Airport,KUL,07/07/2024 12:15,130,THAI,Business Class,815,540,N/A,1430,Y,Y,Y,1,7,2,30
Suvarnabhumi Airport,BKK,07/07/2024 11:15,Singapore Changi Airport,SIN,07/07/2024 14:30,135,THAI,Business Class,685,420,N/A,1442,Y,Y,Y,1,7,2,30
Suvarnabhumi Airport,BKK,07/07/2024 14:15,Kuala Lumpur International Airport,KUL,07/07/2024 17:30,135,Malaysia Airlines,Business Class,505,225,N/A,1567,Y,Y,Y,1,8,2,23
Suvarnabhumi Airport,BKK,08/07/2024 21:15,Singapore Changi Airport,SIN,09/07/2024 0:35,140,Singapore Airlines,Business Class,775,505,TRUE,1083,Y,Y,Y,1,7,1,25
Suvarnabhumi Airport,BKK,08/07/2024 6:00,Kuala Lumpur International Airport,KUL,08/07/2024 9:10,130,Malaysia Airlines,Business Class,455,180,N/A,1168,Y,Y,Y,1,8,2,23
Suvarnabhumi Airport,BKK,08/07/2024 13:30,Ninoy Aquino International Airport,MNL,08/07/2024 17:55,205,Philippine Airlines,Business Class,550,220,N/A,1189,Y,Y,Y,1,7,2,32
Suvarnabhumi Airport,BKK,08/07/2024 19:15,Singapore Changi Airport,SIN,08/07/2024 22:30,135,THAI,Business Class,1085,820,TRUE,1442,Y,Y,Y,1,7,2,30
Suvarnabhumi Airport,BKK,09/07/2024 13:30,Brunei International Airport,BWN,09/07/2024 17:15,165,Royal Brunei,Business Class,165,N/A,N/A,571,Y,Y,Y,1,12,2,40
Suvarnabhumi Airport,BKK,09/07/2024 21:15,Singapore Changi Airport,SIN,10/07/2024 0:35,140,Singapore Airlines,Business Class,1005,730,TRUE,785,Y,Y,Y,1,7,1,25
Suvarnabhumi Airport,BKK,09/07/2024 19:40,Kuala Lumpur International Airport,KUL,09/07/2024 22:50,130,Malaysia Airlines,Business Class,1620,1345,TRUE,1179,Y,Y,Y,1,8,2,23
Suvarnabhumi Airport,BKK,09/07/2024 11:15,Singapore Changi Airport,SIN,09/07/2024 14:30,135,THAI,Business Class,680,415,N/A,1442,Y,Y,Y,1,7,2,30
Suvarnabhumi Airport,BKK,09/07/2024 19:15,Singapore Changi Airport,SIN,09/07/2024 22:30,135,THAI,Business Class,1085,820,TRUE,1442,Y,Y,Y,1,7,2,30
Suvarnabhumi Airport,BKK,10/07/2024 21:00,Brunei International Airport,BWN,11/07/2024 0:45,165,Royal Brunei,Business Class,165,N/A,N/A,571,Y,Y,Y,1,12,2,40
Suvarnabhumi Airport,BKK,10/07/2024 21:15,Singapore Changi Airport,SIN,11/07/2024 0:35,140,Singapore Airlines,Business Class,775,505,TRUE,951,Y,Y,Y,1,7,1,25
Suvarnabhumi Airport,BKK,10/07/2024 22:50,Ninoy Aquino International Airport,MNL,11/07/2024 3:15,205,Philippine Airlines,Business Class,1430,1100,TRUE,970,Y,Y,Y,1,7,2,32
Suvarnabhumi Airport,BKK,10/07/2024 14:15,Kuala Lumpur International Airport,KUL,10/07/2024 17:30,135,Malaysia Airlines,Business Class,505,225,N/A,1168,Y,Y,Y,1,8,2,23
Suvarnabhumi Airport,BKK,10/07/2024 16:40,Kuala Lumpur International Airport,KUL,10/07/2024 19:50,130,THAI,Business Class,360,85,N/A,1395,Y,Y,Y,1,7,2,30
Suvarnabhumi Airport,BKK,11/07/2024 21:15,Singapore Changi Airport,SIN,12/07/2024 0:35,140,Singapore Airlines,Business Class,1005,730,TRUE,785,Y,Y,Y,1,7,1,25
Suvarnabhumi Airport,BKK,11/07/2024 13:30,Ninoy Aquino International Airport,MNL,11/07/2024 17:55,205,Philippine Airlines,Business Class,550,220,N/A,970,Y,Y,Y,1,7,2,32
Suvarnabhumi Airport,BKK,11/07/2024 6:00,Kuala Lumpur International Airport,KUL,11/07/2024 9:10,130,Malaysia Airlines,Business Class,455,180,N/A,1340,Y,Y,Y,1,8,2,23
Suvarnabhumi Airport,BKK,11/07/2024 14:15,Kuala Lumpur International Airport,KUL,11/07/2024 17:30,135,Malaysia Airlines,Business Class,505,225,N/A,1340,Y,Y,Y,1,8,2,23
Suvarnabhumi Airport,BKK,11/07/2024 16:40,Kuala Lumpur International Airport,KUL,11/07/2024 19:50,130,THAI,Business Class,360,85,N/A,1567,Y,Y,Y,1,7,2,30
Suvarnabhumi Airport,BKK,11/07/2024 19:40,Kuala Lumpur International Airport,KUL,11/07/2024 22:50,130,Malaysia Airlines,Business Class,1075,800,TRUE,1179,Y,Y,Y,1,8,2,23
Suvarnabhumi Airport,BKK,11/07/2024 9:05,Kuala Lumpur International Airport,KUL,11/07/2024 12:15,130,THAI,Business Class,815,540,N/A,1335,Y,Y,Y,1,7,2,30
Suvarnabhumi Airport,BKK,11/07/2024 11:15,Singapore Changi Airport,SIN,11/07/2024 14:30,135,THAI,Business Class,685,420,N/A,1442,Y,Y,Y,1,7,2,30
Suvarnabhumi Airport,BKK,12/07/2024 21:15,Singapore Changi Airport,SIN,13/07/2024 0:35,140,Singapore Airlines,Business Class,775,505,TRUE,951,Y,Y,Y,1,7,1,25
Suvarnabhumi Airport,BKK,12/07/2024 13:30,Ninoy Aquino International Airport,MNL,12/07/2024 17:55,205,Philippine Airlines,Business Class,550,220,N/A,970,Y,Y,Y,1,7,2,32
Suvarnabhumi Airport,BKK,12/07/2024 6:00,Kuala Lumpur International Airport,KUL,12/07/2024 9:10,130,Malaysia Airlines,Business Class,455,180,N/A,1168,Y,Y,Y,1,8,2,23
Suvarnabhumi Airport,BKK,12/07/2024 14:15,Kuala Lumpur International Airport,KUL,12/07/2024 17:30,135,Malaysia Airlines,Business Class,505,225,N/A,1168,Y,Y,Y,1,8,2,23
Suvarnabhumi Airport,BKK,12/07/2024 16:40,Kuala Lumpur International Airport,KUL,12/07/2024 19:50,130,THAI,Business Class,360,85,N/A,1395,Y,Y,Y,1,7,2,30
Suvarnabhumi Airport,BKK,12/07/2024 9:05,Kuala Lumpur International Airport,KUL,12/07/2024 12:15,130,THAI,Business Class,815,540,N/A,1335,Y,Y,Y,1,7,2,30
Suvarnabhumi Airport,BKK,12/07/2024 19:40,Kuala Lumpur International Airport,KUL,12/07/2024 22:50,130,Malaysia Airlines,Business Class,1075,800,TRUE,1351,Y,Y,Y,1,8,2,23
Suvarnabhumi Airport,BKK,12/07/2024 11:15,Singapore Changi Airport,SIN,12/07/2024 14:30,135,THAI,Business Class,680,415,N/A,1560,Y,Y,Y,1,7,2,30
Suvarnabhumi Airport,BKK,13/07/2024 13:30,Brunei International Airport,BWN,13/07/2024 17:15,165,Royal Brunei,Business Class,165,N/A,N/A,571,Y,Y,Y,1,12,2,40
Suvarnabhumi Airport,BKK,13/07/2024 21:25,Singapore Changi Airport,SIN,14/07/2024 0:45,140,Singapore Airlines,Business Class,995,720,TRUE,951,Y,Y,Y,1,7,1,25
Suvarnabhumi Airport,BKK,13/07/2024 18:40,Kuala Lumpur International Airport,KUL,13/07/2024 21:55,135,Malaysia Airlines,Business Class,1135,855,TRUE,1179,Y,Y,Y,1,8,2,23
Suvarnabhumi Airport,BKK,13/07/2024 6:00,Kuala Lumpur International Airport,KUL,13/07/2024 9:10,130,Malaysia Airlines,Business Class,455,180,N/A,1340,Y,Y,Y,1,8,2,23
Suvarnabhumi Airport,BKK,13/07/2024 16:40,Kuala Lumpur International Airport,KUL,13/07/2024 19:50,130,THAI,Business Class,1255,980,TRUE,1406,Y,Y,Y,1,7,2,30
Suvarnabhumi Airport,BKK,13/07/2024 19:15,Singapore Changi Airport,SIN,13/07/2024 22:30,135,THAI,Business Class,1085,820,TRUE,1442,Y,Y,Y,1,7,2,30
Suvarnabhumi Airport,BKK,13/07/2024 11:15,Singapore Changi Airport,SIN,13/07/2024 14:30,135,THAI,Business Class,680,415,N/A,1560,Y,Y,Y,1,7,2,30
Suvarnabhumi Airport,BKK,14/07/2024 21:15,Singapore Changi Airport,SIN,15/07/2024 0:35,140,Singapore Airlines,Business Class,775,505,TRUE,951,Y,Y,Y,1,7,1,25
Suvarnabhumi Airport,BKK,14/07/2024 6:00,Kuala Lumpur International Airport,KUL,14/07/2024 9:10,130,Malaysia Airlines,Business Class,455,180,N/A,1168,Y,Y,Y,1,8,2,23
Suvarnabhumi Airport,BKK,14/07/2024 16:40,Kuala Lumpur International Airport,KUL,14/07/2024 19:50,130,THAI,Business Class,360,85,N/A,1395,Y,Y,Y,1,7,2,30
Suvarnabhumi Airport,BKK,14/07/2024 22:50,Ninoy Aquino International Airport,MNL,15/07/2024 3:15,205,Philippine Airlines,Business Class,1430,1100,TRUE,970,Y,Y,Y,1,7,2,32
Suvarnabhumi Airport,BKK,14/07/2024 9:05,Kuala Lumpur International Airport,KUL,14/07/2024 12:15,130,THAI,Business Class,815,540,N/A,1335,Y,Y,Y,1,7,2,30
Suvarnabhumi Airport,BKK,14/07/2024 19:40,Kuala Lumpur International Airport,KUL,14/07/2024 22:50,130,Malaysia Airlines,Business Class,1075,800,TRUE,1351,Y,Y,Y,1,8,2,23
Suvarnabhumi Airport,BKK,14/07/2024 14:15,Kuala Lumpur International Airport,KUL,14/07/2024 17:30,135,Malaysia Airlines,Business Class,505,225,N/A,1395,Y,Y,Y,1,8,2,23
Suvarnabhumi Airport,BKK,14/07/2024 11:15,Singapore Changi Airport,SIN,14/07/2024 14:30,135,THAI,Business Class,685,420,N/A,1442,Y,Y,Y,1,7,2,30
Suvarnabhumi Airport,BKK,15/07/2024 21:15,Singapore Changi Airport,SIN,16/07/2024 0:35,140,Singapore Airlines,Business Class,775,505,TRUE,951,Y,Y,Y,1,7,1,25
Suvarnabhumi Airport,BKK,15/07/2024 13:30,Ninoy Aquino International Airport,MNL,15/07/2024 17:55,205,Philippine Airlines,Business Class,550,220,N/A,970,Y,Y,Y,1,7,2,32
Suvarnabhumi Airport,BKK,15/07/2024 6:00,Kuala Lumpur International Airport,KUL,15/07/2024 9:10,130,Malaysia Airlines,Business Class,455,180,N/A,1340,Y,Y,Y,1,8,2,23
Suvarnabhumi Airport,BKK,15/07/2024 19:40,Kuala Lumpur International Airport,KUL,15/07/2024 22:50,130,Malaysia Airlines,Business Class,1620,1345,TRUE,1179,Y,Y,Y,1,8,2,23
Suvarnabhumi Airport,BKK,15/07/2024 16:40,Kuala Lumpur International Airport,KUL,15/07/2024 19:50,130,THAI,Business Class,1800,1525,TRUE,1352,Y,Y,Y,1,7,2,30
Suvarnabhumi Airport,BKK,15/07/2024 19:15,Singapore Changi Airport,SIN,15/07/2024 22:30,135,THAI,Business Class,1085,820,TRUE,1442,Y,Y,Y,1,7,2,30
Suvarnabhumi Airport,BKK,16/07/2024 21:15,Singapore Changi Airport,SIN,17/07/2024 0:35,140,Singapore Airlines,Business Class,1005,730,TRUE,785,Y,Y,Y,1,7,1,25
Suvarnabhumi Airport,BKK,16/07/2024 14:15,Kuala Lumpur International Airport,KUL,16/07/2024 17:30,135,Malaysia Airlines,Business Class,505,225,N/A,1168,Y,Y,Y,1,8,2,23
Suvarnabhumi Airport,BKK,16/07/2024 16:40,Kuala Lumpur International Airport,KUL,16/07/2024 19:50,130,THAI,Business Class,360,85,N/A,1395,Y,Y,Y,1,7,2,30
Suvarnabhumi Airport,BKK,16/07/2024 19:40,Kuala Lumpur International Airport,KUL,16/07/2024 22:50,130,Malaysia Airlines,Business Class,1620,1345,TRUE,1179,Y,Y,Y,1,8,2,23
Suvarnabhumi Airport,BKK,16/07/2024 9:05,Kuala Lumpur International Airport,KUL,16/07/2024 12:15,130,THAI,Business Class,815,540,N/A,1335,Y,Y,Y,1,7,2,30
Suvarnabhumi Airport,BKK,16/07/2024 11:15,Singapore Changi Airport,SIN,16/07/2024 14:30,135,THAI,Business Class,680,415,N/A,1442,Y,Y,Y,1,7,2,30
Suvarnabhumi Airport,BKK,16/07/2024 19:15,Singapore Changi Airport,SIN,16/07/2024 22:30,135,THAI,Business Class,1085,820,TRUE,1442,Y,Y,Y,1,7,2,30
Suvarnabhumi Airport,BKK,17/07/2024 21:15,Singapore Changi Airport,SIN,18/07/2024 0:35,140,Singapore Airlines,Business Class,775,505,TRUE,951,Y,Y,Y,1,7,1,25
Suvarnabhumi Airport,BKK,17/07/2024 14:15,Kuala Lumpur International Airport,KUL,17/07/2024 17:30,135,Malaysia Airlines,Business Class,505,225,N/A,1395,Y,Y,Y,1,8,2,23
Suvarnabhumi Airport,BKK,17/07/2024 16:40,Kuala Lumpur International Airport,KUL,17/07/2024 19:50,130,THAI,Business Class,360,85,N/A,1395,Y,Y,Y,1,7,2,30
Suvarnabhumi Airport,BKK,17/07/2024 22:50,Ninoy Aquino International Airport,MNL,18/07/2024 3:15,205,Philippine Airlines,Business Class,1430,1100,TRUE,970,Y,Y,Y,1,7,2,32
Suvarnabhumi Airport,BKK,17/07/2024 11:05,Kuala Lumpur International Airport,KUL,17/07/2024 14:15,130,Malaysia Airlines,Business Class,695,420,N/A,1168,Y,Y,Y,1,8,2,23
Suvarnabhumi Airport,BKK,17/07/2024 19:40,Kuala Lumpur International Airport,KUL,17/07/2024 22:50,130,Malaysia Airlines,Business Class,1075,800,TRUE,1179,Y,Y,Y,1,8,2,23
Suvarnabhumi Airport,BKK,17/07/2024 9:05,Kuala Lumpur International Airport,KUL,17/07/2024 12:15,130,THAI,Business Class,815,540,N/A,1395,Y,Y,Y,1,7,2,30
Suvarnabhumi Airport,BKK,17/07/2024 19:15,Singapore Changi Airport,SIN,17/07/2024 22:30,135,THAI,Business Class,1645,1380,TRUE,1442,Y,Y,Y,1,7,2,30
Suvarnabhumi Airport,BKK,18/07/2024 21:15,Singapore Changi Airport,SIN,19/07/2024 0:35,140,Singapore Airlines,Business Class,1005,730,TRUE,951,Y,Y,Y,1,7,1,25
Suvarnabhumi Airport,BKK,18/07/2024 13:30,Ninoy Aquino International Airport,MNL,18/07/2024 17:55,205,Philippine Airlines,Business Class,550,220,N/A,970,Y,Y,Y,1,7,2,32
Suvarnabhumi Airport,BKK,18/07/2024 6:00,Kuala Lumpur International Airport,KUL,18/07/2024 9:10,130,Malaysia Airlines,Business Class,455,180,N/A,1168,Y,Y,Y,1,8,2,23
Suvarnabhumi Airport,BKK,18/07/2024 14:15,Kuala Lumpur International Airport,KUL,18/07/2024 17:30,135,Malaysia Airlines,Business Class,505,225,N/A,1168,Y,Y,Y,1,8,2,23
Suvarnabhumi Airport,BKK,18/07/2024 16:40,Kuala Lumpur International Airport,KUL,18/07/2024 19:50,130,THAI,Business Class,360,85,N/A,1395,Y,Y,Y,1,7,2,30
Suvarnabhumi Airport,BKK,18/07/2024 22:50,Ninoy Aquino International Airport,MNL,19/07/2024 3:15,205,Philippine Airlines,Business Class,1430,1100,TRUE,970,Y,Y,Y,1,7,2,32
Suvarnabhumi Airport,BKK,18/07/2024 19:40,Kuala Lumpur International Airport,KUL,18/07/2024 22:50,130,Malaysia Airlines,Business Class,1075,800,TRUE,1179,Y,Y,Y,1,8,2,23
Suvarnabhumi Airport,BKK,18/07/2024 16:40,Kuala Lumpur International Airport,KUL,18/07/2024 19:50,130,THAI,Business Class,1255,980,TRUE,1346,Y,Y,Y,1,7,2,30
Suvarnabhumi Airport,BKK,18/07/2024 11:15,Singapore Changi Airport,SIN,18/07/2024 14:30,135,THAI,Business Class,685,420,N/A,1442,Y,Y,Y,1,7,2,30
Suvarnabhumi Airport,BKK,18/07/2024 19:15,Singapore Changi Airport,SIN,18/07/2024 22:30,135,THAI,Business Class,1085,820,TRUE,1442,Y,Y,Y,1,7,2,30
Suvarnabhumi Airport,BKK,19/07/2024 21:15,Singapore Changi Airport,SIN,20/07/2024 0:35,140,Singapore Airlines,Business Class,775,505,TRUE,785,Y,Y,Y,1,7,1,25
Suvarnabhumi Airport,BKK,19/07/2024 13:30,Ninoy Aquino International Airport,MNL,19/07/2024 17:55,205,Philippine Airlines,Business Class,550,220,N/A,970,Y,Y,Y,1,7,2,32
Suvarnabhumi Airport,BKK,19/07/2024 6:00,Kuala Lumpur International Airport,KUL,19/07/2024 9:10,130,Malaysia Airlines,Business Class,455,180,N/A,1168,Y,Y,Y,1,8,2,23
Suvarnabhumi Airport,BKK,19/07/2024 16:40,Kuala Lumpur International Airport,KUL,19/07/2024 19:50,130,THAI,Business Class,360,85,N/A,1395,Y,Y,Y,1,7,2,30
Suvarnabhumi Airport,BKK,19/07/2024 11:05,Kuala Lumpur International Airport,KUL,19/07/2024 14:15,130,Malaysia Airlines,Business Class,695,420,N/A,1168,Y,Y,Y,1,8,2,23
Suvarnabhumi Airport,BKK,19/07/2024 19:40,Kuala Lumpur International Airport,KUL,19/07/2024 22:50,130,Malaysia Airlines,Business Class,1075,800,TRUE,1179,Y,Y,Y,1,8,2,23
Suvarnabhumi Airport,BKK,19/07/2024 14:15,Kuala Lumpur International Airport,KUL,19/07/2024 17:30,135,Malaysia Airlines,Business Class,505,225,N/A,1395,Y,Y,Y,1,8,2,23
Suvarnabhumi Airport,BKK,19/07/2024 11:15,Singapore Changi Airport,SIN,19/07/2024 14:30,135,THAI,Business Class,680,415,N/A,1560,Y,Y,Y,1,7,2,30
Suvarnabhumi Airport,BKK,20/07/2024 21:25,Singapore Changi Airport,SIN,21/07/2024 0:45,140,Singapore Airlines,Business Class,995,720,TRUE,1083,Y,Y,Y,1,7,1,25
Suvarnabhumi Airport,BKK,20/07/2024 6:00,Kuala Lumpur International Airport,KUL,20/07/2024 9:10,130,Malaysia Airlines,Business Class,455,180,N/A,1168,Y,Y,Y,1,8,2,23
Suvarnabhumi Airport,BKK,20/07/2024 18:40,Kuala Lumpur International Airport,KUL,20/07/2024 21:55,135,Malaysia Airlines,Business Class,1135,855,TRUE,1179,Y,Y,Y,1,8,2,23
Suvarnabhumi Airport,BKK,20/07/2024 16:40,Kuala Lumpur International Airport,KUL,20/07/2024 19:50,130,THAI,Business Class,1255,980,TRUE,1346,Y,Y,Y,1,7,2,30
Suvarnabhumi Airport,BKK,20/07/2024 11:15,Singapore Changi Airport,SIN,20/07/2024 14:30,135,THAI,Business Class,680,415,N/A,1442,Y,Y,Y,1,7,2,30
Suvarnabhumi Airport,BKK,20/07/2024 19:15,Singapore Changi Airport,SIN,20/07/2024 22:30,135,THAI,Business Class,1085,820,TRUE,1442,Y,Y,Y,1,7,2,30
Suvarnabhumi Airport,BKK,21/07/2024 21:00,Brunei International Airport,BWN,22/07/2024 0:45,165,Royal Brunei,Business Class,165,N/A,N/A,629,Y,Y,Y,1,12,2,40
Suvarnabhumi Airport,BKK,21/07/2024 6:00,Kuala Lumpur International Airport,KUL,21/07/2024 9:10,130,Malaysia Airlines,Business Class,455,180,N/A,1168,Y,Y,Y,1,8,2,23
Suvarnabhumi Airport,BKK,21/07/2024 16:40,Kuala Lumpur International Airport,KUL,21/07/2024 19:50,130,THAI,Business Class,360,85,N/A,1567,Y,Y,Y,1,7,2,30
Suvarnabhumi Airport,BKK,21/07/2024 21:15,Singapore Changi Airport,SIN,22/07/2024 0:35,140,Singapore Airlines,Business Class,775,505,TRUE,866,Y,Y,Y,1,7,1,25
Suvarnabhumi Airport,BKK,21/07/2024 22:50,Ninoy Aquino International Airport,MNL,22/07/2024 3:15,205,Philippine Airlines,Business Class,1430,1100,TRUE,970,Y,Y,Y,1,7,2,32
Suvarnabhumi Airport,BKK,21/07/2024 9:05,Kuala Lumpur International Airport,KUL,21/07/2024 12:15,130,THAI,Business Class,815,540,N/A,1335,Y,Y,Y,1,7,2,30
Suvarnabhumi Airport,BKK,21/07/2024 11:05,Kuala Lumpur International Airport,KUL,21/07/2024 14:15,130,Malaysia Airlines,Business Class,695,420,N/A,1340,Y,Y,Y,1,8,2,23
Suvarnabhumi Airport,BKK,21/07/2024 11:15,Singapore Changi Airport,SIN,21/07/2024 14:30,135,THAI,Business Class,685,420,N/A,1442,Y,Y,Y,1,7,2,30
Suvarnabhumi Airport,BKK,21/07/2024 14:15,Kuala Lumpur International Airport,KUL,21/07/2024 17:30,135,Malaysia Airlines,Business Class,505,225,N/A,1567,Y,Y,Y,1,8,2,23
Suvarnabhumi Airport,BKK,22/07/2024 13:30,Ninoy Aquino International Airport,MNL,22/07/2024 17:55,205,Philippine Airlines,Business Class,550,220,N/A,970,Y,Y,Y,1,7,2,32
Suvarnabhumi Airport,BKK,22/07/2024 21:15,Singapore Changi Airport,SIN,23/07/2024 0:35,140,Singapore Airlines,Business Class,775,505,TRUE,1083,Y,Y,Y,1,7,1,25
Suvarnabhumi Airport,BKK,22/07/2024 6:00,Kuala Lumpur International Airport,KUL,22/07/2024 9:10,130,Malaysia Airlines,Business Class,455,180,N/A,1340,Y,Y,Y,1,8,2,23
Suvarnabhumi Airport,BKK,22/07/2024 19:40,Kuala Lumpur International Airport,KUL,22/07/2024 22:50,130,Malaysia Airlines,Business Class,1620,1345,TRUE,1179,Y,Y,Y,1,8,2,23
Suvarnabhumi Airport,BKK,22/07/2024 16:40,Kuala Lumpur International Airport,KUL,22/07/2024 19:50,130,THAI,Business Class,1800,1525,TRUE,1352,Y,Y,Y,1,7,2,30
Suvarnabhumi Airport,BKK,22/07/2024 19:15,Singapore Changi Airport,SIN,22/07/2024 22:30,135,THAI,Business Class,1085,820,TRUE,1442,Y,Y,Y,1,7,2,30
Suvarnabhumi Airport,BKK,23/07/2024 13:30,Brunei International Airport,BWN,23/07/2024 17:15,165,Royal Brunei,Business Class,165,N/A,N/A,629,Y,Y,Y,1,12,2,40
Suvarnabhumi Airport,BKK,23/07/2024 21:15,Singapore Changi Airport,SIN,24/07/2024 0:35,140,Singapore Airlines,Business Class,1005,730,TRUE,951,Y,Y,Y,1,7,1,25
Suvarnabhumi Airport,BKK,23/07/2024 14:15,Kuala Lumpur International Airport,KUL,23/07/2024 17:30,135,Malaysia Airlines,Business Class,505,225,N/A,1168,Y,Y,Y,1,8,2,23
Suvarnabhumi Airport,BKK,23/07/2024 19:40,Kuala Lumpur International Airport,KUL,23/07/2024 22:50,130,Malaysia Airlines,Business Class,1620,1345,TRUE,1179,Y,Y,Y,1,8,2,23
Suvarnabhumi Airport,BKK,23/07/2024 16:40,Kuala Lumpur International Airport,KUL,23/07/2024 19:50,130,THAI,Business Class,360,85,N/A,1395,Y,Y,Y,1,7,2,30
Suvarnabhumi Airport,BKK,23/07/2024 11:15,Singapore Changi Airport,SIN,23/07/2024 14:30,135,THAI,Business Class,680,415,N/A,1442,Y,Y,Y,1,7,2,30
Suvarnabhumi Airport,BKK,23/07/2024 19:15,Singapore Changi Airport,SIN,23/07/2024 22:30,135,THAI,Business Class,1085,820,TRUE,1442,Y,Y,Y,1,7,2,30
Suvarnabhumi Airport,BKK,24/07/2024 21:00,Brunei International Airport,BWN,25/07/2024 0:45,165,Royal Brunei,Business Class,165,N/A,N/A,571,Y,Y,Y,1,12,2,40
Suvarnabhumi Airport,BKK,24/07/2024 21:15,Singapore Changi Airport,SIN,25/07/2024 0:35,140,Singapore Airlines,Business Class,775,505,TRUE,785,Y,Y,Y,1,7,1,25
Suvarnabhumi Airport,BKK,24/07/2024 22:50,Ninoy Aquino International Airport,MNL,25/07/2024 3:15,205,Philippine Airlines,Business Class,1430,1100,TRUE,970,Y,Y,Y,1,7,2,32
Suvarnabhumi Airport,BKK,24/07/2024 14:15,Kuala Lumpur International Airport,KUL,24/07/2024 17:30,135,Malaysia Airlines,Business Class,505,225,N/A,1168,Y,Y,Y,1,8,2,23
Suvarnabhumi Airport,BKK,24/07/2024 9:05,Kuala Lumpur International Airport,KUL,24/07/2024 12:15,130,THAI,Business Class,815,540,N/A,1335,Y,Y,Y,1,7,2,30
Suvarnabhumi Airport,BKK,24/07/2024 16:40,Kuala Lumpur International Airport,KUL,24/07/2024 19:50,130,THAI,Business Class,360,85,N/A,1395,Y,Y,Y,1,7,2,30
Suvarnabhumi Airport,BKK,25/07/2024 21:15,Singapore Changi Airport,SIN,26/07/2024 0:35,140,Singapore Airlines,Business Class,1005,730,TRUE,785,Y,Y,Y,1,7,1,25
Suvarnabhumi Airport,BKK,25/07/2024 13:30,Ninoy Aquino International Airport,MNL,25/07/2024 17:55,205,Philippine Airlines,Business Class,550,220,N/A,970,Y,Y,Y,1,7,2,32
Suvarnabhumi Airport,BKK,25/07/2024 6:00,Kuala Lumpur International Airport,KUL,25/07/2024 9:10,130,Malaysia Airlines,Business Class,455,180,N/A,1168,Y,Y,Y,1,8,2,23
Suvarnabhumi Airport,BKK,25/07/2024 16:40,Kuala Lumpur International Airport,KUL,25/07/2024 19:50,130,THAI,Business Class,360,85,N/A,1567,Y,Y,Y,1,7,2,30
Suvarnabhumi Airport,BKK,25/07/2024 19:40,Kuala Lumpur International Airport,KUL,25/07/2024 22:50,130,Malaysia Airlines,Business Class,1075,800,TRUE,1179,Y,Y,Y,1,8,2,23
Suvarnabhumi Airport,BKK,25/07/2024 11:05,Kuala Lumpur International Airport,KUL,25/07/2024 14:15,130,Malaysia Airlines,Business Class,695,420,N/A,1340,Y,Y,Y,1,8,2,23
Suvarnabhumi Airport,BKK,25/07/2024 16:40,Kuala Lumpur International Airport,KUL,25/07/2024 19:50,130,THAI,Business Class,1255,980,TRUE,1346,Y,Y,Y,1,7,2,30
Suvarnabhumi Airport,BKK,25/07/2024 11:15,Singapore Changi Airport,SIN,25/07/2024 14:30,135,THAI,Business Class,685,420,N/A,1442,Y,Y,Y,1,7,2,30
Suvarnabhumi Airport,BKK,25/07/2024 14:15,Kuala Lumpur International Airport,KUL,25/07/2024 17:30,135,Malaysia Airlines,Business Class,505,225,N/A,1567,Y,Y,Y,1,8,2,23
Suvarnabhumi Airport,BKK,26/07/2024 21:15,Singapore Changi Airport,SIN,27/07/2024 0:35,140,Singapore Airlines,Business Class,775,505,TRUE,785,Y,Y,Y,1,7,1,25
Suvarnabhumi Airport,BKK,26/07/2024 6:00,Kuala Lumpur International Airport,KUL,26/07/2024 9:10,130,Malaysia Airlines,Business Class,455,180,N/A,1168,Y,Y,Y,1,8,2,23
Suvarnabhumi Airport,BKK,26/07/2024 14:15,Kuala Lumpur International Airport,KUL,26/07/2024 17:30,135,Malaysia Airlines,Business Class,505,225,N/A,1168,Y,Y,Y,1,8,2,23
Suvarnabhumi Airport,BKK,26/07/2024 13:30,Ninoy Aquino International Airport,MNL,26/07/2024 17:55,205,Philippine Airlines,Business Class,550,220,N/A,1278,Y,Y,Y,1,7,2,32
Suvarnabhumi Airport,BKK,26/07/2024 16:40,Kuala Lumpur International Airport,KUL,26/07/2024 19:50,130,THAI,Business Class,360,85,N/A,1395,Y,Y,Y,1,7,2,30
Suvarnabhumi Airport,BKK,26/07/2024 19:40,Kuala Lumpur International Airport,KUL,26/07/2024 22:50,130,Malaysia Airlines,Business Class,1075,800,TRUE,1179,Y,Y,Y,1,8,2,23
Suvarnabhumi Airport,BKK,26/07/2024 9:05,Kuala Lumpur International Airport,KUL,26/07/2024 12:15,130,THAI,Business Class,815,540,N/A,1335,Y,Y,Y,1,7,2,30
Suvarnabhumi Airport,BKK,26/07/2024 16:40,Kuala Lumpur International Airport,KUL,26/07/2024 19:50,130,THAI,Business Class,1255,980,TRUE,1346,Y,Y,Y,1,7,2,30
Suvarnabhumi Airport,BKK,27/07/2024 13:30,Brunei International Airport,BWN,27/07/2024 17:15,165,Royal Brunei,Business Class,165,N/A,N/A,571,Y,Y,Y,1,12,2,40
Suvarnabhumi Airport,BKK,27/07/2024 6:00,Kuala Lumpur International Airport,KUL,27/07/2024 9:10,130,Malaysia Airlines,Business Class,455,180,N/A,1168,Y,Y,Y,1,8,2,23
Suvarnabhumi Airport,BKK,27/07/2024 21:25,Singapore Changi Airport,SIN,28/07/2024 0:45,140,Singapore Airlines,Business Class,995,720,TRUE,951,Y,Y,Y,1,7,1,25
Suvarnabhumi Airport,BKK,27/07/2024 17:15,Kuala Lumpur International Airport,KUL,27/07/2024 20:30,135,Malaysia Airlines,Business Class,1220,940,TRUE,1179,Y,Y,Y,1,8,2,23
Suvarnabhumi Airport,BKK,27/07/2024 16:40,Kuala Lumpur International Airport,KUL,27/07/2024 19:50,130,THAI,Business Class,1255,980,TRUE,1346,Y,Y,Y,1,7,2,30
Suvarnabhumi Airport,BKK,27/07/2024 18:40,Kuala Lumpur International Airport,KUL,27/07/2024 21:55,135,Malaysia Airlines,Business Class,1135,855,TRUE,1406,Y,Y,Y,1,8,2,23
Suvarnabhumi Airport,BKK,27/07/2024 11:15,Singapore Changi Airport,SIN,27/07/2024 14:30,135,THAI,Business Class,680,415,N/A,1442,Y,Y,Y,1,7,2,30
Suvarnabhumi Airport,BKK,27/07/2024 19:15,Singapore Changi Airport,SIN,27/07/2024 22:30,135,THAI,Business Class,1085,820,TRUE,1442,Y,Y,Y,1,7,2,30
Suvarnabhumi Airport,BKK,28/07/2024 21:00,Brunei International Airport,BWN,29/07/2024 0:45,165,Royal Brunei,Business Class,165,N/A,N/A,629,Y,Y,Y,1,12,2,40
Suvarnabhumi Airport,BKK,28/07/2024 6:00,Kuala Lumpur International Airport,KUL,28/07/2024 9:10,130,Malaysia Airlines,Business Class,455,180,N/A,1168,Y,Y,Y,1,8,2,23
Suvarnabhumi Airport,BKK,28/07/2024 16:40,Kuala Lumpur International Airport,KUL,28/07/2024 19:50,130,THAI,Business Class,360,85,N/A,1395,Y,Y,Y,1,7,2,30
Suvarnabhumi Airport,BKK,28/07/2024 21:15,Singapore Changi Airport,SIN,29/07/2024 0:35,140,Singapore Airlines,Business Class,775,505,TRUE,866,Y,Y,Y,1,7,1,25
Suvarnabhumi Airport,BKK,28/07/2024 22:50,Ninoy Aquino International Airport,MNL,29/07/2024 3:15,205,Philippine Airlines,Business Class,1430,1100,TRUE,970,Y,Y,Y,1,7,2,32
Suvarnabhumi Airport,BKK,28/07/2024 14:15,Kuala Lumpur International Airport,KUL,28/07/2024 17:30,135,Malaysia Airlines,Business Class,505,225,N/A,1168,Y,Y,Y,1,8,2,23
Suvarnabhumi Airport,BKK,28/07/2024 9:05,Kuala Lumpur International Airport,KUL,28/07/2024 12:15,130,THAI,Business Class,815,540,N/A,1335,Y,Y,Y,1,7,2,30
Suvarnabhumi Airport,BKK,28/07/2024 11:15,Singapore Changi Airport,SIN,28/07/2024 14:30,135,THAI,Business Class,685,420,N/A,1442,Y,Y,Y,1,7,2,30
Suvarnabhumi Airport,BKK,29/07/2024 21:15,Singapore Changi Airport,SIN,30/07/2024 0:35,140,Singapore Airlines,Business Class,775,505,TRUE,752,Y,Y,Y,1,7,1,25
Suvarnabhumi Airport,BKK,29/07/2024 13:30,Ninoy Aquino International Airport,MNL,29/07/2024 17:55,205,Philippine Airlines,Business Class,550,220,N/A,1016,Y,Y,Y,1,7,2,32
Suvarnabhumi Airport,BKK,29/07/2024 6:00,Kuala Lumpur International Airport,KUL,29/07/2024 9:10,130,Malaysia Airlines,Business Class,455,180,N/A,1168,Y,Y,Y,1,8,2,23
Suvarnabhumi Airport,BKK,29/07/2024 19:40,Kuala Lumpur International Airport,KUL,29/07/2024 22:50,130,Malaysia Airlines,Business Class,1620,1345,TRUE,1179,Y,Y,Y,1,8,2,23
Suvarnabhumi Airport,BKK,29/07/2024 16:40,Kuala Lumpur International Airport,KUL,29/07/2024 19:50,130,THAI,Business Class,1800,1525,TRUE,1413,Y,Y,Y,1,7,2,30
Suvarnabhumi Airport,BKK,29/07/2024 19:15,Singapore Changi Airport,SIN,29/07/2024 22:30,135,THAI,Business Class,1085,820,TRUE,1442,Y,Y,Y,1,7,2,30
Suvarnabhumi Airport,BKK,30/07/2024 13:30,Brunei International Airport,BWN,30/07/2024 17:15,165,Royal Brunei,Business Class,165,N/A,N/A,571,Y,Y,Y,1,12,2,40
Suvarnabhumi Airport,BKK,30/07/2024 21:15,Singapore Changi Airport,SIN,31/07/2024 0:35,140,Singapore Airlines,Business Class,1005,730,TRUE,752,Y,Y,Y,1,7,1,25
Suvarnabhumi Airport,BKK,30/07/2024 14:15,Kuala Lumpur International Airport,KUL,30/07/2024 17:30,135,Malaysia Airlines,Business Class,505,225,N/A,1168,Y,Y,Y,1,8,2,23
Suvarnabhumi Airport,BKK,30/07/2024 19:40,Kuala Lumpur International Airport,KUL,30/07/2024 22:50,130,Malaysia Airlines,Business Class,1620,1345,TRUE,1179,Y,Y,Y,1,8,2,23
Suvarnabhumi Airport,BKK,30/07/2024 16:40,Kuala Lumpur International Airport,KUL,30/07/2024 19:50,130,THAI,Business Class,360,85,N/A,1395,Y,Y,Y,1,7,2,30
Suvarnabhumi Airport,BKK,30/07/2024 11:15,Singapore Changi Airport,SIN,30/07/2024 14:30,135,THAI,Business Class,680,415,N/A,1442,Y,Y,Y,1,7,2,30
Suvarnabhumi Airport,BKK,30/07/2024 19:15,Singapore Changi Airport,SIN,30/07/2024 22:30,135,THAI,Business Class,1085,820,TRUE,1442,Y,Y,Y,1,7,2,30
Suvarnabhumi Airport,BKK,31/07/2024 21:00,Brunei International Airport,BWN,01/08/2024 0:45,165,Royal Brunei,Business Class,165,N/A,N/A,629,Y,Y,Y,1,12,2,40
Suvarnabhumi Airport,BKK,31/07/2024 21:15,Singapore Changi Airport,SIN,01/08/2024 0:35,140,Singapore Airlines,Business Class,775,505,TRUE,951,Y,Y,Y,1,7,1,25
Suvarnabhumi Airport,BKK,31/07/2024 22:50,Ninoy Aquino International Airport,MNL,01/08/2024 3:15,205,Philippine Airlines,Business Class,1430,1100,TRUE,1096,Y,Y,Y,1,7,2,32
Suvarnabhumi Airport,BKK,31/07/2024 14:15,Kuala Lumpur International Airport,KUL,31/07/2024 17:30,135,Malaysia Airlines,Business Class,505,225,N/A,1168,Y,Y,Y,1,8,2,23
Suvarnabhumi Airport,BKK,31/07/2024 9:05,Kuala Lumpur International Airport,KUL,31/07/2024 12:15,130,THAI,Business Class,815,540,N/A,1335,Y,Y,Y,1,7,2,30
Suvarnabhumi Airport,BKK,31/07/2024 16:40,Kuala Lumpur International Airport,KUL,31/07/2024 19:50,130,THAI,Business Class,360,85,N/A,1395,Y,Y,Y,1,7,2,30
Suvarnabhumi Airport,BKK,01/08/2024 21:15,Singapore Changi Airport,SIN,02/08/2024 0:35,140,Singapore Airlines,Business Class,1005,730,TRUE,970,Y,Y,Y,1,7,1,25
Suvarnabhumi Airport,BKK,01/08/2024 13:30,Ninoy Aquino International Airport,MNL,01/08/2024 17:55,205,Philippine Airlines,Business Class,550,220,N/A,1111,Y,Y,Y,1,7,2,32
Suvarnabhumi Airport,BKK,01/08/2024 6:00,Kuala Lumpur International Airport,KUL,01/08/2024 9:10,130,Malaysia Airlines,Business Class,455,180,N/A,1182,Y,Y,Y,1,8,2,23
Suvarnabhumi Airport,BKK,01/08/2024 16:40,Kuala Lumpur International Airport,KUL,01/08/2024 19:50,130,THAI,Business Class,360,85,N/A,1425,Y,Y,Y,1,7,2,30
Suvarnabhumi Airport,BKK,01/08/2024 22:50,Ninoy Aquino International Airport,MNL,02/08/2024 3:15,205,Philippine Airlines,Business Class,1430,1100,TRUE,983,Y,Y,Y,1,7,2,32
Suvarnabhumi Airport,BKK,01/08/2024 19:40,Kuala Lumpur International Airport,KUL,01/08/2024 22:50,130,Malaysia Airlines,Business Class,1620,1345,TRUE,1194,Y,Y,Y,1,8,2,23
Suvarnabhumi Airport,BKK,01/08/2024 9:05,Kuala Lumpur International Airport,KUL,01/08/2024 12:15,130,THAI,Business Class,815,540,N/A,1425,Y,Y,Y,1,7,2,30
Suvarnabhumi Airport,BKK,01/08/2024 14:15,Kuala Lumpur International Airport,KUL,01/08/2024 17:30,135,Malaysia Airlines,Business Class,505,225,N/A,1425,Y,Y,Y,1,8,2,23
Suvarnabhumi Airport,BKK,01/08/2024 19:15,Singapore Changi Airport,SIN,01/08/2024 22:30,135,THAI,Business Class,1085,820,TRUE,1466,Y,Y,Y,1,7,2,30
Suvarnabhumi Airport,BKK,01/08/2024 11:15,Singapore Changi Airport,SIN,01/08/2024 14:30,135,THAI,Business Class,685,420,N/A,1650,Y,Y,Y,1,7,2,30
Suvarnabhumi Airport,BKK,02/08/2024 21:15,Singapore Changi Airport,SIN,03/08/2024 0:35,140,Singapore Airlines,Business Class,775,505,TRUE,801,Y,Y,Y,1,7,1,25
Suvarnabhumi Airport,BKK,02/08/2024 13:30,Ninoy Aquino International Airport,MNL,02/08/2024 17:55,205,Philippine Airlines,Business Class,550,220,N/A,983,Y,Y,Y,1,7,2,32
Suvarnabhumi Airport,BKK,02/08/2024 14:25,Kuala Lumpur International Airport,KUL,02/08/2024 17:40,135,Malaysia Airlines,Business Class,495,215,N/A,1182,Y,Y,Y,1,8,2,23
Suvarnabhumi Airport,BKK,02/08/2024 16:40,Kuala Lumpur International Airport,KUL,02/08/2024 19:50,130,THAI,Business Class,1255,980,TRUE,1368,Y,Y,Y,1,7,2,30
Suvarnabhumi Airport,BKK,02/08/2024 19:40,Kuala Lumpur International Airport,KUL,02/08/2024 22:50,130,Malaysia Airlines,Business Class,1075,800,TRUE,1370,Y,Y,Y,1,8,2,23
Suvarnabhumi Airport,BKK,02/08/2024 16:40,Kuala Lumpur International Airport,KUL,02/08/2024 19:50,130,THAI,Business Class,360,85,N/A,1425,Y,Y,Y,1,7,2,30
Suvarnabhumi Airport,BKK,02/08/2024 11:15,Singapore Changi Airport,SIN,02/08/2024 14:30,135,THAI,Business Class,680,415,N/A,1466,Y,Y,Y,1,7,2,30
Suvarnabhumi Airport,BKK,03/08/2024 13:30,Brunei International Airport,BWN,03/08/2024 17:15,165,Royal Brunei,Business Class,165,N/A,N/A,583,Y,Y,Y,1,12,2,40
Suvarnabhumi Airport,BKK,03/08/2024 6:00,Kuala Lumpur International Airport,KUL,03/08/2024 9:10,130,Malaysia Airlines,Business Class,455,180,N/A,1358,Y,Y,Y,1,8,2,23
Suvarnabhumi Airport,BKK,03/08/2024 21:25,Singapore Changi Airport,SIN,04/08/2024 0:45,140,Singapore Airlines,Business Class,995,720,TRUE,970,Y,Y,Y,1,7,1,25
Suvarnabhumi Airport,BKK,03/08/2024 19:40,Kuala Lumpur International Airport,KUL,03/08/2024 22:50,130,Malaysia Airlines,Business Class,1620,1345,TRUE,1194,Y,Y,Y,1,8,2,23
Suvarnabhumi Airport,BKK,03/08/2024 16:40,Kuala Lumpur International Airport,KUL,03/08/2024 19:50,130,THAI,Business Class,1255,980,TRUE,1368,Y,Y,Y,1,7,2,30
Suvarnabhumi Airport,BKK,03/08/2024 19:40,Kuala Lumpur International Airport,KUL,03/08/2024 22:50,130,Malaysia Airlines,Business Class,1075,800,TRUE,1370,Y,Y,Y,1,8,2,23
Suvarnabhumi Airport,BKK,03/08/2024 11:15,Singapore Changi Airport,SIN,03/08/2024 14:30,135,THAI,Business Class,680,415,N/A,1466,Y,Y,Y,1,7,2,30
Suvarnabhumi Airport,BKK,03/08/2024 19:15,Singapore Changi Airport,SIN,03/08/2024 22:30,135,THAI,Business Class,1085,820,TRUE,1466,Y,Y,Y,1,7,2,30
Suvarnabhumi Airport,BKK,04/08/2024 21:00,Brunei International Airport,BWN,05/08/2024 0:45,165,Royal Brunei,Business Class,165,N/A,N/A,583,Y,Y,Y,1,12,2,40
Suvarnabhumi Airport,BKK,04/08/2024 22:50,Ninoy Aquino International Airport,MNL,05/08/2024 3:15,205,Philippine Airlines,Business Class,1430,1100,TRUE,983,Y,Y,Y,1,7,2,32
Suvarnabhumi Airport,BKK,04/08/2024 14:25,Kuala Lumpur International Airport,KUL,04/08/2024 17:40,135,Malaysia Airlines,Business Class,495,215,N/A,1182,Y,Y,Y,1,8,2,23
Suvarnabhumi Airport,BKK,04/08/2024 6:00,Kuala Lumpur International Airport,KUL,04/08/2024 9:10,130,Malaysia Airlines,Business Class,455,180,N/A,1358,Y,Y,Y,1,8,2,23
Suvarnabhumi Airport,BKK,04/08/2024 16:40,Kuala Lumpur International Airport,KUL,04/08/2024 19:50,130,THAI,Business Class,360,85,N/A,1425,Y,Y,Y,1,7,2,30
Suvarnabhumi Airport,BKK,04/08/2024 11:15,Singapore Changi Airport,SIN,04/08/2024 14:30,135,THAI,Business Class,685,420,N/A,1466,Y,Y,Y,1,7,2,30
Suvarnabhumi Airport,BKK,05/08/2024 13:30,Ninoy Aquino International Airport,MNL,05/08/2024 17:55,205,Philippine Airlines,Business Class,550,220,N/A,1030,Y,Y,Y,1,7,2,32
Suvarnabhumi Airport,BKK,05/08/2024 6:00,Kuala Lumpur International Airport,KUL,05/08/2024 9:10,130,Malaysia Airlines,Business Class,455,180,N/A,1182,Y,Y,Y,1,8,2,23
Suvarnabhumi Airport,BKK,05/08/2024 19:40,Kuala Lumpur International Airport,KUL,05/08/2024 22:50,130,Malaysia Airlines,Business Class,1620,1345,TRUE,1370,Y,Y,Y,1,8,2,23
Suvarnabhumi Airport,BKK,05/08/2024 19:15,Singapore Changi Airport,SIN,05/08/2024 22:30,135,THAI,Business Class,1085,820,TRUE,1466,Y,Y,Y,1,7,2,30
Suvarnabhumi Airport,BKK,05/08/2024 9:40,Singapore Changi Airport,SIN,05/08/2024 13:05,145,Singapore Airlines,Business Class,1470,1195,TRUE,2139,Y,Y,Y,1,7,1,25
Suvarnabhumi Airport,BKK,06/08/2024 13:30,Brunei International Airport,BWN,06/08/2024 17:15,165,Royal Brunei,Business Class,165,N/A,N/A,583,Y,Y,Y,1,12,2,40
Suvarnabhumi Airport,BKK,06/08/2024 21:15,Singapore Changi Airport,SIN,07/08/2024 0:35,140,Singapore Airlines,Business Class,1005,730,TRUE,1105,Y,Y,Y,1,7,1,25
Suvarnabhumi Airport,BKK,06/08/2024 19:40,Kuala Lumpur International Airport,KUL,06/08/2024 22:50,130,Malaysia Airlines,Business Class,1620,1345,TRUE,1194,Y,Y,Y,1,8,2,23
Suvarnabhumi Airport,BKK,06/08/2024 14:15,Kuala Lumpur International Airport,KUL,06/08/2024 17:30,135,Malaysia Airlines,Business Class,505,225,N/A,1358,Y,Y,Y,1,8,2,23
Suvarnabhumi Airport,BKK,06/08/2024 11:15,Singapore Changi Airport,SIN,06/08/2024 14:30,135,THAI,Business Class,680,415,N/A,1466,Y,Y,Y,1,7,2,30
Suvarnabhumi Airport,BKK,06/08/2024 19:15,Singapore Changi Airport,SIN,06/08/2024 22:30,135,THAI,Business Class,1085,820,TRUE,1466,Y,Y,Y,1,7,2,30
Suvarnabhumi Airport,BKK,06/08/2024 16:40,Kuala Lumpur International Airport,KUL,06/08/2024 19:50,130,THAI,Business Class,360,85,N/A,1601,Y,Y,Y,1,7,2,30
Suvarnabhumi Airport,BKK,07/08/2024 21:00,Brunei International Airport,BWN,08/08/2024 0:45,165,Royal Brunei,Business Class,165,N/A,N/A,583,Y,Y,Y,1,12,2,40
Suvarnabhumi Airport,BKK,07/08/2024 21:15,Singapore Changi Airport,SIN,08/08/2024 0:35,140,Singapore Airlines,Business Class,775,505,TRUE,801,Y,Y,Y,1,7,1,25
Suvarnabhumi Airport,BKK,07/08/2024 22:50,Ninoy Aquino International Airport,MNL,08/08/2024 3:15,205,Philippine Airlines,Business Class,1430,1100,TRUE,983,Y,Y,Y,1,7,2,32
Suvarnabhumi Airport,BKK,07/08/2024 14:15,Kuala Lumpur International Airport,KUL,07/08/2024 17:30,135,Malaysia Airlines,Business Class,505,225,N/A,1182,Y,Y,Y,1,8,2,23
Suvarnabhumi Airport,BKK,07/08/2024 9:05,Kuala Lumpur International Airport,KUL,07/08/2024 12:15,130,THAI,Business Class,815,540,N/A,1357,Y,Y,Y,1,7,2,30
Suvarnabhumi Airport,BKK,07/08/2024 16:40,Kuala Lumpur International Airport,KUL,07/08/2024 19:50,130,THAI,Business Class,360,85,N/A,1425,Y,Y,Y,1,7,2,30
Suvarnabhumi Airport,BKK,08/08/2024 21:15,Singapore Changi Airport,SIN,09/08/2024 0:35,140,Singapore Airlines,Business Class,1005,730,TRUE,884,Y,Y,Y,1,7,1,25
Suvarnabhumi Airport,BKK,08/08/2024 13:30,Ninoy Aquino International Airport,MNL,08/08/2024 17:55,205,Philippine Airlines,Business Class,550,220,N/A,983,Y,Y,Y,1,7,2,32
Suvarnabhumi Airport,BKK,08/08/2024 6:00,Kuala Lumpur International Airport,KUL,08/08/2024 9:10,130,Malaysia Airlines,Business Class,455,180,N/A,1182,Y,Y,Y,1,8,2,23
Suvarnabhumi Airport,BKK,08/08/2024 16:40,Kuala Lumpur International Airport,KUL,08/08/2024 19:50,130,THAI,Business Class,360,85,N/A,1425,Y,Y,Y,1,7,2,30
Suvarnabhumi Airport,BKK,08/08/2024 22:50,Ninoy Aquino International Airport,MNL,09/08/2024 3:15,205,Philippine Airlines,Business Class,1430,1100,TRUE,983,Y,Y,Y,1,7,2,32
Suvarnabhumi Airport,BKK,08/08/2024 11:05,Kuala Lumpur International Airport,KUL,08/08/2024 14:15,130,Malaysia Airlines,Business Class,695,420,N/A,1182,Y,Y,Y,1,8,2,23
Suvarnabhumi Airport,BKK,08/08/2024 19:40,Kuala Lumpur International Airport,KUL,08/08/2024 22:50,130,Malaysia Airlines,Business Class,1075,800,TRUE,1194,Y,Y,Y,1,8,2,23
Suvarnabhumi Airport,BKK,08/08/2024 16:40,Kuala Lumpur International Airport,KUL,08/08/2024 19:50,130,THAI,Business Class,1255,980,TRUE,1368,Y,Y,Y,1,7,2,30
Suvarnabhumi Airport,BKK,08/08/2024 14:15,Kuala Lumpur International Airport,KUL,08/08/2024 17:30,135,Malaysia Airlines,Business Class,505,225,N/A,1425,Y,Y,Y,1,8,2,23
Suvarnabhumi Airport,BKK,08/08/2024 11:15,Singapore Changi Airport,SIN,08/08/2024 14:30,135,THAI,Business Class,685,420,N/A,1587,Y,Y,Y,1,7,2,30
Suvarnabhumi Airport,BKK,09/08/2024 21:30,Singapore Changi Airport,SIN,10/08/2024 0:45,135,Singapore Airlines,Business Class,760,495,TRUE,801,Y,Y,Y,1,7,1,25
Suvarnabhumi Airport,BKK,09/08/2024 6:00,Kuala Lumpur International Airport,KUL,09/08/2024 9:10,130,Malaysia Airlines,Business Class,455,180,N/A,1182,Y,Y,Y,1,8,2,23
Suvarnabhumi Airport,BKK,09/08/2024 13:30,Ninoy Aquino International Airport,MNL,09/08/2024 17:55,205,Philippine Airlines,Business Class,550,220,N/A,1207,Y,Y,Y,1,7,2,32
Suvarnabhumi Airport,BKK,09/08/2024 16:40,Kuala Lumpur International Airport,KUL,09/08/2024 19:50,130,THAI,Business Class,1255,980,TRUE,1368,Y,Y,Y,1,7,2,30
Suvarnabhumi Airport,BKK,09/08/2024 19:40,Kuala Lumpur International Airport,KUL,09/08/2024 22:50,130,Malaysia Airlines,Business Class,1075,800,TRUE,1370,Y,Y,Y,1,8,2,23
Suvarnabhumi Airport,BKK,09/08/2024 8:00,Singapore Changi Airport,SIN,09/08/2024 11:15,135,THAI,Business Class,875,610,N/A,1466,Y,Y,Y,1,7,2,30
Suvarnabhumi Airport,BKK,09/08/2024 11:15,Singapore Changi Airport,SIN,09/08/2024 14:30,135,THAI,Business Class,680,415,N/A,1747,Y,Y,Y,1,7,2,30
Suvarnabhumi Airport,BKK,10/08/2024 13:30,Brunei International Airport,BWN,10/08/2024 17:15,165,Royal Brunei,Business Class,165,N/A,N/A,642,Y,Y,Y,1,12,2,40
Suvarnabhumi Airport,BKK,10/08/2024 19:40,Kuala Lumpur International Airport,KUL,10/08/2024 22:50,130,Malaysia Airlines,Business Class,1075,800,TRUE,1194,Y,Y,Y,1,8,2,23
Suvarnabhumi Airport,BKK,10/08/2024 6:00,Kuala Lumpur International Airport,KUL,10/08/2024 9:10,130,Malaysia Airlines,Business Class,455,180,N/A,1358,Y,Y,Y,1,8,2,23
Suvarnabhumi Airport,BKK,10/08/2024 16:40,Kuala Lumpur International Airport,KUL,10/08/2024 19:50,130,THAI,Business Class,1255,980,TRUE,1368,Y,Y,Y,1,7,2,30
Suvarnabhumi Airport,BKK,10/08/2024 19:15,Singapore Changi Airport,SIN,10/08/2024 22:30,135,THAI,Business Class,1085,820,TRUE,1466,Y,Y,Y,1,7,2,30
Suvarnabhumi Airport,BKK,10/08/2024 11:15,Singapore Changi Airport,SIN,10/08/2024 14:30,135,THAI,Business Class,680,415,N/A,1650,Y,Y,Y,1,7,2,30
Suvarnabhumi Airport,BKK,10/08/2024 18:30,Singapore Changi Airport,SIN,10/08/2024 21:55,145,Singapore Airlines,Business Class,1170,890,TRUE,2139,Y,Y,Y,1,7,1,25
Suvarnabhumi Airport,BKK,11/08/2024 21:30,Singapore Changi Airport,SIN,12/08/2024 0:45,135,Singapore Airlines,Business Class,760,495,TRUE,884,Y,Y,Y,1,7,1,25
Suvarnabhumi Airport,BKK,11/08/2024 6:00,Kuala Lumpur International Airport,KUL,11/08/2024 9:10,130,Malaysia Airlines,Business Class,455,180,N/A,1182,Y,Y,Y,1,8,2,23
Suvarnabhumi Airport,BKK,11/08/2024 16:40,Kuala Lumpur International Airport,KUL,11/08/2024 19:50,130,THAI,Business Class,360,85,N/A,1601,Y,Y,Y,1,7,2,30
Suvarnabhumi Airport,BKK,11/08/2024 22:50,Ninoy Aquino International Airport,MNL,12/08/2024 3:15,205,Philippine Airlines,Business Class,1430,1100,TRUE,983,Y,Y,Y,1,7,2,32
Suvarnabhumi Airport,BKK,11/08/2024 19:40,Kuala Lumpur International Airport,KUL,11/08/2024 22:50,130,Malaysia Airlines,Business Class,1075,800,TRUE,1194,Y,Y,Y,1,8,2,23
Suvarnabhumi Airport,BKK,11/08/2024 11:05,Kuala Lumpur International Airport,KUL,11/08/2024 14:15,130,Malaysia Airlines,Business Class,695,420,N/A,1358,Y,Y,Y,1,8,2,23
Suvarnabhumi Airport,BKK,11/08/2024 16:40,Kuala Lumpur International Airport,KUL,11/08/2024 19:50,130,THAI,Business Class,1255,980,TRUE,1436,Y,Y,Y,1,7,2,30
Suvarnabhumi Airport,BKK,11/08/2024 9:05,Kuala Lumpur International Airport,KUL,11/08/2024 12:15,130,THAI,Business Class,815,540,N/A,1572,Y,Y,Y,1,7,2,30
Suvarnabhumi Airport,BKK,11/08/2024 11:15,Singapore Changi Airport,SIN,11/08/2024 14:30,135,THAI,Business Class,685,420,N/A,1650,Y,Y,Y,1,7,2,30
Suvarnabhumi Airport,BKK,12/08/2024 13:30,Ninoy Aquino International Airport,MNL,12/08/2024 17:55,205,Philippine Airlines,Business Class,550,220,N/A,983,Y,Y,Y,1,7,2,32
Suvarnabhumi Airport,BKK,12/08/2024 21:15,Singapore Changi Airport,SIN,13/08/2024 0:35,140,Singapore Airlines,Business Class,775,505,TRUE,1105,Y,Y,Y,1,7,1,25
Suvarnabhumi Airport,BKK,12/08/2024 6:00,Kuala Lumpur International Airport,KUL,12/08/2024 9:10,130,Malaysia Airlines,Business Class,455,180,N/A,1182,Y,Y,Y,1,8,2,23
Suvarnabhumi Airport,BKK,12/08/2024 19:40,Kuala Lumpur International Airport,KUL,12/08/2024 22:50,130,Malaysia Airlines,Business Class,1620,1345,TRUE,1194,Y,Y,Y,1,8,2,23
Suvarnabhumi Airport,BKK,12/08/2024 16:40,Kuala Lumpur International Airport,KUL,12/08/2024 19:50,130,THAI,Business Class,1800,1525,TRUE,1375,Y,Y,Y,1,7,2,30
Suvarnabhumi Airport,BKK,12/08/2024 19:15,Singapore Changi Airport,SIN,12/08/2024 22:30,135,THAI,Business Class,1085,820,TRUE,1466,Y,Y,Y,1,7,2,30
Suvarnabhumi Airport,BKK,13/08/2024 13:30,Brunei International Airport,BWN,13/08/2024 17:15,165,Royal Brunei,Business Class,165,N/A,N/A,642,Y,Y,Y,1,12,2,40
Suvarnabhumi Airport,BKK,13/08/2024 16:40,Kuala Lumpur International Airport,KUL,13/08/2024 19:50,130,THAI,Business Class,360,85,N/A,1425,Y,Y,Y,1,7,2,30
Suvarnabhumi Airport,BKK,13/08/2024 21:15,Singapore Changi Airport,SIN,14/08/2024 0:35,140,Singapore Airlines,Business Class,1005,730,TRUE,801,Y,Y,Y,1,7,1,25
Suvarnabhumi Airport,BKK,13/08/2024 11:05,Kuala Lumpur International Airport,KUL,13/08/2024 14:15,130,Malaysia Airlines,Business Class,695,420,N/A,1182,Y,Y,Y,1,8,2,23
Suvarnabhumi Airport,BKK,13/08/2024 19:40,Kuala Lumpur International Airport,KUL,13/08/2024 22:50,130,Malaysia Airlines,Business Class,1620,1345,TRUE,1370,Y,Y,Y,1,8,2,23
Suvarnabhumi Airport,BKK,13/08/2024 14:15,Kuala Lumpur International Airport,KUL,13/08/2024 17:30,135,Malaysia Airlines,Business Class,505,225,N/A,1425,Y,Y,Y,1,8,2,23
Suvarnabhumi Airport,BKK,13/08/2024 11:15,Singapore Changi Airport,SIN,13/08/2024 14:30,135,THAI,Business Class,680,415,N/A,1466,Y,Y,Y,1,7,2,30
Suvarnabhumi Airport,BKK,13/08/2024 19:15,Singapore Changi Airport,SIN,13/08/2024 22:30,135,THAI,Business Class,1085,820,TRUE,1466,Y,Y,Y,1,7,2,30
Suvarnabhumi Airport,BKK,14/08/2024 21:00,Brunei International Airport,BWN,15/08/2024 0:45,165,Royal Brunei,Business Class,165,N/A,N/A,642,Y,Y,Y,1,12,2,40
Suvarnabhumi Airport,BKK,14/08/2024 21:15,Singapore Changi Airport,SIN,15/08/2024 0:35,140,Singapore Airlines,Business Class,775,505,TRUE,970,Y,Y,Y,1,7,1,25
Suvarnabhumi Airport,BKK,14/08/2024 22:50,Ninoy Aquino International Airport,MNL,15/08/2024 3:15,205,Philippine Airlines,Business Class,1430,1100,TRUE,983,Y,Y,Y,1,7,2,32
Suvarnabhumi Airport,BKK,14/08/2024 9:05,Kuala Lumpur International Airport,KUL,14/08/2024 12:15,130,THAI,Business Class,815,540,N/A,1357,Y,Y,Y,1,7,2,30
Suvarnabhumi Airport,BKK,14/08/2024 14:15,Kuala Lumpur International Airport,KUL,14/08/2024 17:30,135,Malaysia Airlines,Business Class,505,225,N/A,1358,Y,Y,Y,1,8,2,23
Suvarnabhumi Airport,BKK,14/08/2024 16:40,Kuala Lumpur International Airport,KUL,14/08/2024 19:50,130,THAI,Business Class,360,85,N/A,1601,Y,Y,Y,1,7,2,30
Suvarnabhumi Airport,BKK,15/08/2024 21:15,Singapore Changi Airport,SIN,16/08/2024 0:35,140,Singapore Airlines,Business Class,1005,730,TRUE,1105,Y,Y,Y,1,7,1,25
Suvarnabhumi Airport,BKK,15/08/2024 14:15,Kuala Lumpur International Airport,KUL,15/08/2024 17:30,135,Malaysia Airlines,Business Class,505,225,N/A,1182,Y,Y,Y,1,8,2,23
Suvarnabhumi Airport,BKK,15/08/2024 6:00,Kuala Lumpur International Airport,KUL,15/08/2024 9:10,130,Malaysia Airlines,Business Class,455,180,N/A,1358,Y,Y,Y,1,8,2,23
Suvarnabhumi Airport,BKK,15/08/2024 16:40,Kuala Lumpur International Airport,KUL,15/08/2024 19:50,130,THAI,Business Class,360,85,N/A,1425,Y,Y,Y,1,7,2,30
Suvarnabhumi Airport,BKK,15/08/2024 22:50,Ninoy Aquino International Airport,MNL,16/08/2024 3:15,205,Philippine Airlines,Business Class,1430,1100,TRUE,983,Y,Y,Y,1,7,2,32
Suvarnabhumi Airport,BKK,15/08/2024 19:40,Kuala Lumpur International Airport,KUL,15/08/2024 22:50,130,Malaysia Airlines,Business Class,1075,800,TRUE,1194,Y,Y,Y,1,8,2,23
Suvarnabhumi Airport,BKK,15/08/2024 9:05,Kuala Lumpur International Airport,KUL,15/08/2024 12:15,130,THAI,Business Class,815,540,N/A,1357,Y,Y,Y,1,7,2,30
Suvarnabhumi Airport,BKK,15/08/2024 11:15,Singapore Changi Airport,SIN,15/08/2024 14:30,135,THAI,Business Class,685,420,N/A,1466,Y,Y,Y,1,7,2,30
Suvarnabhumi Airport,BKK,15/08/2024 19:15,Singapore Changi Airport,SIN,15/08/2024 22:30,135,THAI,Business Class,1085,820,TRUE,1466,Y,Y,Y,1,7,2,30
Suvarnabhumi Airport,BKK,16/08/2024 21:15,Singapore Changi Airport,SIN,17/08/2024 0:35,140,Singapore Airlines,Business Class,775,505,TRUE,884,Y,Y,Y,1,7,1,25
Suvarnabhumi Airport,BKK,16/08/2024 13:30,Ninoy Aquino International Airport,MNL,16/08/2024 17:55,205,Philippine Airlines,Business Class,550,220,N/A,983,Y,Y,Y,1,7,2,32
Suvarnabhumi Airport,BKK,16/08/2024 6:00,Kuala Lumpur International Airport,KUL,16/08/2024 9:10,130,Malaysia Airlines,Business Class,455,180,N/A,1182,Y,Y,Y,1,8,2,23
Suvarnabhumi Airport,BKK,16/08/2024 14:25,Kuala Lumpur International Airport,KUL,16/08/2024 17:40,135,Malaysia Airlines,Business Class,495,215,N/A,1182,Y,Y,Y,1,8,2,23
Suvarnabhumi Airport,BKK,16/08/2024 16:40,Kuala Lumpur International Airport,KUL,16/08/2024 19:50,130,THAI,Business Class,360,85,N/A,1425,Y,Y,Y,1,7,2,30
Suvarnabhumi Airport,BKK,16/08/2024 19:40,Kuala Lumpur International Airport,KUL,16/08/2024 22:50,130,Malaysia Airlines,Business Class,1075,800,TRUE,1194,Y,Y,Y,1,8,2,23
Suvarnabhumi Airport,BKK,16/08/2024 16:40,Kuala Lumpur International Airport,KUL,16/08/2024 19:50,130,THAI,Business Class,1255,980,TRUE,1368,Y,Y,Y,1,7,2,30
Suvarnabhumi Airport,BKK,16/08/2024 8:00,Singapore Changi Airport,SIN,16/08/2024 11:15,135,THAI,Business Class,875,610,N/A,1466,Y,Y,Y,1,7,2,30
Suvarnabhumi Airport,BKK,16/08/2024 11:15,Singapore Changi Airport,SIN,16/08/2024 14:30,135,THAI,Business Class,680,415,N/A,1587,Y,Y,Y,1,7,2,30
Suvarnabhumi Airport,BKK,17/08/2024 21:15,Singapore Changi Airport,SIN,18/08/2024 0:35,140,Singapore Airlines,Business Class,1005,730,TRUE,1105,Y,Y,Y,1,7,1,25
Suvarnabhumi Airport,BKK,17/08/2024 6:00,Kuala Lumpur International Airport,KUL,17/08/2024 9:10,130,Malaysia Airlines,Business Class,455,180,N/A,1182,Y,Y,Y,1,8,2,23
Suvarnabhumi Airport,BKK,17/08/2024 11:15,Singapore Changi Airport,SIN,17/08/2024 14:30,135,THAI,Business Class,585,320,N/A,1466,Y,Y,Y,1,7,2,30
Suvarnabhumi Airport,BKK,17/08/2024 19:40,Kuala Lumpur International Airport,KUL,17/08/2024 22:50,130,Malaysia Airlines,Business Class,1075,800,TRUE,1194,Y,Y,Y,1,8,2,23
Suvarnabhumi Airport,BKK,17/08/2024 16:40,Kuala Lumpur International Airport,KUL,17/08/2024 19:50,130,THAI,Business Class,1255,980,TRUE,1368,Y,Y,Y,1,7,2,30
Suvarnabhumi Airport,BKK,17/08/2024 19:15,Singapore Changi Airport,SIN,17/08/2024 22:30,135,THAI,Business Class,1085,820,TRUE,1466,Y,Y,Y,1,7,2,30
Suvarnabhumi Airport,BKK,18/08/2024 21:00,Brunei International Airport,BWN,19/08/2024 0:45,165,Royal Brunei,Business Class,165,N/A,N/A,583,Y,Y,Y,1,12,2,40
Suvarnabhumi Airport,BKK,18/08/2024 6:00,Kuala Lumpur International Airport,KUL,18/08/2024 9:10,130,Malaysia Airlines,Business Class,455,180,N/A,1182,Y,Y,Y,1,8,2,23
Suvarnabhumi Airport,BKK,18/08/2024 16:40,Kuala Lumpur International Airport,KUL,18/08/2024 19:50,130,THAI,Business Class,360,85,N/A,1425,Y,Y,Y,1,7,2,30
Suvarnabhumi Airport,BKK,18/08/2024 21:15,Singapore Changi Airport,SIN,19/08/2024 0:35,140,Singapore Airlines,Business Class,775,505,TRUE,884,Y,Y,Y,1,7,1,25
Suvarnabhumi Airport,BKK,18/08/2024 22:50,Ninoy Aquino International Airport,MNL,19/08/2024 3:15,205,Philippine Airlines,Business Class,1430,1100,TRUE,983,Y,Y,Y,1,7,2,32
Suvarnabhumi Airport,BKK,18/08/2024 14:25,Kuala Lumpur International Airport,KUL,18/08/2024 17:40,135,Malaysia Airlines,Business Class,495,215,N/A,1182,Y,Y,Y,1,8,2,23
Suvarnabhumi Airport,BKK,18/08/2024 9:05,Kuala Lumpur International Airport,KUL,18/08/2024 12:15,130,THAI,Business Class,815,540,N/A,1357,Y,Y,Y,1,7,2,30
Suvarnabhumi Airport,BKK,18/08/2024 11:15,Singapore Changi Airport,SIN,18/08/2024 14:30,135,THAI,Business Class,685,420,N/A,1466,Y,Y,Y,1,7,2,30
Suvarnabhumi Airport,BKK,19/08/2024 21:15,Singapore Changi Airport,SIN,20/08/2024 0:35,140,Singapore Airlines,Business Class,775,505,TRUE,970,Y,Y,Y,1,7,1,25
Suvarnabhumi Airport,BKK,19/08/2024 13:30,Ninoy Aquino International Airport,MNL,19/08/2024 17:55,205,Philippine Airlines,Business Class,550,220,N/A,983,Y,Y,Y,1,7,2,32
Suvarnabhumi Airport,BKK,19/08/2024 6:00,Kuala Lumpur International Airport,KUL,19/08/2024 9:10,130,Malaysia Airlines,Business Class,455,180,N/A,1358,Y,Y,Y,1,8,2,23
Suvarnabhumi Airport,BKK,19/08/2024 19:40,Kuala Lumpur International Airport,KUL,19/08/2024 22:50,130,Malaysia Airlines,Business Class,1620,1345,TRUE,1370,Y,Y,Y,1,8,2,23
Suvarnabhumi Airport,BKK,19/08/2024 16:40,Kuala Lumpur International Airport,KUL,19/08/2024 19:50,130,THAI,Business Class,1800,1525,TRUE,1375,Y,Y,Y,1,7,2,30
Suvarnabhumi Airport,BKK,19/08/2024 19:15,Singapore Changi Airport,SIN,19/08/2024 22:30,135,THAI,Business Class,1085,820,TRUE,1466,Y,Y,Y,1,7,2,30
Suvarnabhumi Airport,BKK,20/08/2024 13:30,Brunei International Airport,BWN,20/08/2024 17:15,165,Royal Brunei,Business Class,165,N/A,N/A,642,Y,Y,Y,1,12,2,40
Suvarnabhumi Airport,BKK,20/08/2024 21:15,Singapore Changi Airport,SIN,21/08/2024 0:35,140,Singapore Airlines,Business Class,1005,730,TRUE,768,Y,Y,Y,1,7,1,25
Suvarnabhumi Airport,BKK,20/08/2024 19:40,Kuala Lumpur International Airport,KUL,20/08/2024 22:50,130,Malaysia Airlines,Business Class,1620,1345,TRUE,1194,Y,Y,Y,1,8,2,23
Suvarnabhumi Airport,BKK,20/08/2024 14:15,Kuala Lumpur International Airport,KUL,20/08/2024 17:30,135,Malaysia Airlines,Business Class,505,225,N/A,1358,Y,Y,Y,1,8,2,23
Suvarnabhumi Airport,BKK,20/08/2024 11:15,Singapore Changi Airport,SIN,20/08/2024 14:30,135,THAI,Business Class,680,415,N/A,1466,Y,Y,Y,1,7,2,30
Suvarnabhumi Airport,BKK,20/08/2024 19:15,Singapore Changi Airport,SIN,20/08/2024 22:30,135,THAI,Business Class,1085,820,TRUE,1466,Y,Y,Y,1,7,2,30
Suvarnabhumi Airport,BKK,20/08/2024 16:40,Kuala Lumpur International Airport,KUL,20/08/2024 19:50,130,THAI,Business Class,360,85,N/A,1601,Y,Y,Y,1,7,2,30
Suvarnabhumi Airport,BKK,21/08/2024 21:00,Brunei International Airport,BWN,22/08/2024 0:45,165,Royal Brunei,Business Class,165,N/A,N/A,642,Y,Y,Y,1,12,2,40
Suvarnabhumi Airport,BKK,21/08/2024 14:15,Kuala Lumpur International Airport,KUL,21/08/2024 17:30,135,Malaysia Airlines,Business Class,505,225,N/A,1425,Y,Y,Y,1,8,2,23
Suvarnabhumi Airport,BKK,21/08/2024 16:40,Kuala Lumpur International Airport,KUL,21/08/2024 19:50,130,THAI,Business Class,360,85,N/A,1425,Y,Y,Y,1,7,2,30
Suvarnabhumi Airport,BKK,21/08/2024 12:15,Singapore Changi Airport,SIN,21/08/2024 15:40,145,Singapore Airlines,Business Class,1315,1040,TRUE,768,Y,Y,Y,1,7,1,25
Suvarnabhumi Airport,BKK,21/08/2024 21:15,Singapore Changi Airport,SIN,22/08/2024 0:35,140,Singapore Airlines,Business Class,775,505,TRUE,801,Y,Y,Y,1,7,1,25
Suvarnabhumi Airport,BKK,21/08/2024 22:50,Ninoy Aquino International Airport,MNL,22/08/2024 3:15,205,Philippine Airlines,Business Class,1430,1100,TRUE,983,Y,Y,Y,1,7,2,32
Suvarnabhumi Airport,BKK,21/08/2024 11:05,Kuala Lumpur International Airport,KUL,21/08/2024 14:15,130,Malaysia Airlines,Business Class,695,420,N/A,1182,Y,Y,Y,1,8,2,23
Suvarnabhumi Airport,BKK,21/08/2024 9:05,Kuala Lumpur International Airport,KUL,21/08/2024 12:15,130,THAI,Business Class,815,540,N/A,1357,Y,Y,Y,1,7,2,30
Suvarnabhumi Airport,BKK,22/08/2024 21:15,Singapore Changi Airport,SIN,23/08/2024 0:35,140,Singapore Airlines,Business Class,1005,730,TRUE,768,Y,Y,Y,1,7,1,25
Suvarnabhumi Airport,BKK,22/08/2024 13:30,Ninoy Aquino International Airport,MNL,22/08/2024 17:55,205,Philippine Airlines,Business Class,550,220,N/A,983,Y,Y,Y,1,7,2,32
Suvarnabhumi Airport,BKK,22/08/2024 6:00,Kuala Lumpur International Airport,KUL,22/08/2024 9:10,130,Malaysia Airlines,Business Class,455,180,N/A,1182,Y,Y,Y,1,8,2,23
Suvarnabhumi Airport,BKK,22/08/2024 14:15,Kuala Lumpur International Airport,KUL,22/08/2024 17:30,135,Malaysia Airlines,Business Class,505,225,N/A,1182,Y,Y,Y,1,8,2,23
Suvarnabhumi Airport,BKK,22/08/2024 16:40,Kuala Lumpur International Airport,KUL,22/08/2024 19:50,130,THAI,Business Class,360,85,N/A,1425,Y,Y,Y,1,7,2,30
Suvarnabhumi Airport,BKK,22/08/2024 22:50,Ninoy Aquino International Airport,MNL,23/08/2024 3:15,205,Philippine Airlines,Business Class,1430,1100,TRUE,983,Y,Y,Y,1,7,2,32
Suvarnabhumi Airport,BKK,22/08/2024 19:40,Kuala Lumpur International Airport,KUL,22/08/2024 22:50,130,Malaysia Airlines,Business Class,1075,800,TRUE,1194,Y,Y,Y,1,8,2,23
Suvarnabhumi Airport,BKK,22/08/2024 9:05,Kuala Lumpur International Airport,KUL,22/08/2024 12:15,130,THAI,Business Class,815,540,N/A,1357,Y,Y,Y,1,7,2,30
Suvarnabhumi Airport,BKK,22/08/2024 11:15,Singapore Changi Airport,SIN,22/08/2024 14:30,135,THAI,Business Class,685,420,N/A,1466,Y,Y,Y,1,7,2,30
Suvarnabhumi Airport,BKK,23/08/2024 21:15,Singapore Changi Airport,SIN,24/08/2024 0:35,140,Singapore Airlines,Business Class,775,505,TRUE,768,Y,Y,Y,1,7,1,25
Suvarnabhumi Airport,BKK,23/08/2024 13:30,Ninoy Aquino International Airport,MNL,23/08/2024 17:55,205,Philippine Airlines,Business Class,550,220,N/A,983,Y,Y,Y,1,7,2,32
Suvarnabhumi Airport,BKK,23/08/2024 6:00,Kuala Lumpur International Airport,KUL,23/08/2024 9:10,130,Malaysia Airlines,Business Class,455,180,N/A,1182,Y,Y,Y,1,8,2,23
Suvarnabhumi Airport,BKK,23/08/2024 14:25,Kuala Lumpur International Airport,KUL,23/08/2024 17:40,135,Malaysia Airlines,Business Class,495,215,N/A,1182,Y,Y,Y,1,8,2,23
Suvarnabhumi Airport,BKK,23/08/2024 16:40,Kuala Lumpur International Airport,KUL,23/08/2024 19:50,130,THAI,Business Class,360,85,N/A,1425,Y,Y,Y,1,7,2,30
Suvarnabhumi Airport,BKK,23/08/2024 19:40,Kuala Lumpur International Airport,KUL,23/08/2024 22:50,130,Malaysia Airlines,Business Class,1075,800,TRUE,1194,Y,Y,Y,1,8,2,23
Suvarnabhumi Airport,BKK,23/08/2024 9:05,Kuala Lumpur International Airport,KUL,23/08/2024 12:15,130,THAI,Business Class,815,540,N/A,1357,Y,Y,Y,1,7,2,30
Suvarnabhumi Airport,BKK,23/08/2024 11:15,Singapore Changi Airport,SIN,23/08/2024 14:30,135,THAI,Business Class,680,415,N/A,1466,Y,Y,Y,1,7,2,30
Suvarnabhumi Airport,BKK,24/08/2024 13:30,Brunei International Airport,BWN,24/08/2024 17:15,165,Royal Brunei,Business Class,165,N/A,N/A,583,Y,Y,Y,1,12,2,40
Suvarnabhumi Airport,BKK,24/08/2024 21:15,Singapore Changi Airport,SIN,25/08/2024 0:35,140,Singapore Airlines,Business Class,1005,730,TRUE,801,Y,Y,Y,1,7,1,25
Suvarnabhumi Airport,BKK,24/08/2024 6:00,Kuala Lumpur International Airport,KUL,24/08/2024 9:10,130,Malaysia Airlines,Business Class,455,180,N/A,1182,Y,Y,Y,1,8,2,23
Suvarnabhumi Airport,BKK,24/08/2024 19:40,Kuala Lumpur International Airport,KUL,24/08/2024 22:50,130,Malaysia Airlines,Business Class,1075,800,TRUE,1194,Y,Y,Y,1,8,2,23
Suvarnabhumi Airport,BKK,24/08/2024 16:40,Kuala Lumpur International Airport,KUL,24/08/2024 19:50,130,THAI,Business Class,1255,980,TRUE,1368,Y,Y,Y,1,7,2,30
Suvarnabhumi Airport,BKK,24/08/2024 11:15,Singapore Changi Airport,SIN,24/08/2024 14:30,135,THAI,Business Class,680,415,N/A,1466,Y,Y,Y,1,7,2,30
Suvarnabhumi Airport,BKK,24/08/2024 19:15,Singapore Changi Airport,SIN,24/08/2024 22:30,135,THAI,Business Class,1085,820,TRUE,1466,Y,Y,Y,1,7,2,30
Suvarnabhumi Airport,BKK,25/08/2024 21:00,Brunei International Airport,BWN,26/08/2024 0:45,165,Royal Brunei,Business Class,165,N/A,N/A,583,Y,Y,Y,1,12,2,40
Suvarnabhumi Airport,BKK,25/08/2024 6:00,Kuala Lumpur International Airport,KUL,25/08/2024 9:10,130,Malaysia Airlines,Business Class,455,180,N/A,1182,Y,Y,Y,1,8,2,23
Suvarnabhumi Airport,BKK,25/08/2024 16:40,Kuala Lumpur International Airport,KUL,25/08/2024 19:50,130,THAI,Business Class,360,85,N/A,1425,Y,Y,Y,1,7,2,30
Suvarnabhumi Airport,BKK,25/08/2024 22:50,Ninoy Aquino International Airport,MNL,26/08/2024 3:15,205,Philippine Airlines,Business Class,1430,1100,TRUE,983,Y,Y,Y,1,7,2,32
Suvarnabhumi Airport,BKK,25/08/2024 21:15,Singapore Changi Airport,SIN,26/08/2024 0:35,140,Singapore Airlines,Business Class,775,505,TRUE,1105,Y,Y,Y,1,7,1,25
Suvarnabhumi Airport,BKK,25/08/2024 14:25,Kuala Lumpur International Airport,KUL,25/08/2024 17:40,135,Malaysia Airlines,Business Class,495,215,N/A,1182,Y,Y,Y,1,8,2,23
Suvarnabhumi Airport,BKK,25/08/2024 9:05,Kuala Lumpur International Airport,KUL,25/08/2024 12:15,130,THAI,Business Class,815,540,N/A,1357,Y,Y,Y,1,7,2,30
Suvarnabhumi Airport,BKK,25/08/2024 11:15,Singapore Changi Airport,SIN,25/08/2024 14:30,135,THAI,Business Class,685,420,N/A,1466,Y,Y,Y,1,7,2,30
Suvarnabhumi Airport,BKK,26/08/2024 21:15,Singapore Changi Airport,SIN,27/08/2024 0:35,140,Singapore Airlines,Business Class,775,505,TRUE,768,Y,Y,Y,1,7,1,25
Suvarnabhumi Airport,BKK,26/08/2024 6:00,Kuala Lumpur International Airport,KUL,26/08/2024 9:10,130,Malaysia Airlines,Business Class,455,180,N/A,1182,Y,Y,Y,1,8,2,23
Suvarnabhumi Airport,BKK,26/08/2024 13:30,Ninoy Aquino International Airport,MNL,26/08/2024 17:55,205,Philippine Airlines,Business Class,550,220,N/A,1207,Y,Y,Y,1,7,2,32
Suvarnabhumi Airport,BKK,26/08/2024 19:40,Kuala Lumpur International Airport,KUL,26/08/2024 22:50,130,Malaysia Airlines,Business Class,1620,1345,TRUE,1194,Y,Y,Y,1,8,2,23
Suvarnabhumi Airport,BKK,26/08/2024 16:40,Kuala Lumpur International Airport,KUL,26/08/2024 19:50,130,THAI,Business Class,1800,1525,TRUE,1375,Y,Y,Y,1,7,2,30
Suvarnabhumi Airport,BKK,26/08/2024 19:15,Singapore Changi Airport,SIN,26/08/2024 22:30,135,THAI,Business Class,1085,820,TRUE,1466,Y,Y,Y,1,7,2,30
Suvarnabhumi Airport,BKK,27/08/2024 13:30,Brunei International Airport,BWN,27/08/2024 17:15,165,Royal Brunei,Business Class,165,N/A,N/A,583,Y,Y,Y,1,12,2,40
Suvarnabhumi Airport,BKK,27/08/2024 21:15,Singapore Changi Airport,SIN,28/08/2024 0:35,140,Singapore Airlines,Business Class,1005,730,TRUE,801,Y,Y,Y,1,7,1,25
Suvarnabhumi Airport,BKK,27/08/2024 14:15,Kuala Lumpur International Airport,KUL,27/08/2024 17:30,135,Malaysia Airlines,Business Class,505,225,N/A,1182,Y,Y,Y,1,8,2,23
Suvarnabhumi Airport,BKK,27/08/2024 19:40,Kuala Lumpur International Airport,KUL,27/08/2024 22:50,130,Malaysia Airlines,Business Class,1620,1345,TRUE,1194,Y,Y,Y,1,8,2,23
Suvarnabhumi Airport,BKK,27/08/2024 16:40,Kuala Lumpur International Airport,KUL,27/08/2024 19:50,130,THAI,Business Class,360,85,N/A,1425,Y,Y,Y,1,7,2,30
Suvarnabhumi Airport,BKK,27/08/2024 11:15,Singapore Changi Airport,SIN,27/08/2024 14:30,135,THAI,Business Class,680,415,N/A,1466,Y,Y,Y,1,7,2,30
Suvarnabhumi Airport,BKK,27/08/2024 19:15,Singapore Changi Airport,SIN,27/08/2024 22:30,135,THAI,Business Class,1085,820,TRUE,1466,Y,Y,Y,1,7,2,30
Suvarnabhumi Airport,BKK,28/08/2024 21:00,Brunei International Airport,BWN,29/08/2024 0:45,165,Royal Brunei,Business Class,165,N/A,N/A,583,Y,Y,Y,1,12,2,40
Suvarnabhumi Airport,BKK,28/08/2024 21:15,Singapore Changi Airport,SIN,29/08/2024 0:35,140,Singapore Airlines,Business Class,775,505,TRUE,768,Y,Y,Y,1,7,1,25
Suvarnabhumi Airport,BKK,28/08/2024 22:50,Ninoy Aquino International Airport,MNL,29/08/2024 3:15,205,Philippine Airlines,Business Class,1430,1100,TRUE,983,Y,Y,Y,1,7,2,32
Suvarnabhumi Airport,BKK,28/08/2024 14:15,Kuala Lumpur International Airport,KUL,28/08/2024 17:30,135,Malaysia Airlines,Business Class,505,225,N/A,1182,Y,Y,Y,1,8,2,23
Suvarnabhumi Airport,BKK,28/08/2024 9:05,Kuala Lumpur International Airport,KUL,28/08/2024 12:15,130,THAI,Business Class,815,540,N/A,1357,Y,Y,Y,1,7,2,30
Suvarnabhumi Airport,BKK,28/08/2024 16:40,Kuala Lumpur International Airport,KUL,28/08/2024 19:50,130,THAI,Business Class,360,85,N/A,1425,Y,Y,Y,1,7,2,30
Suvarnabhumi Airport,BKK,29/08/2024 21:15,Singapore Changi Airport,SIN,30/08/2024 0:35,140,Singapore Airlines,Business Class,1005,730,TRUE,801,Y,Y,Y,1,7,1,25
Suvarnabhumi Airport,BKK,29/08/2024 13:30,Ninoy Aquino International Airport,MNL,29/08/2024 17:55,205,Philippine Airlines,Business Class,550,220,N/A,983,Y,Y,Y,1,7,2,32
Suvarnabhumi Airport,BKK,29/08/2024 6:00,Kuala Lumpur International Airport,KUL,29/08/2024 9:10,130,Malaysia Airlines,Business Class,455,180,N/A,1182,Y,Y,Y,1,8,2,23
Suvarnabhumi Airport,BKK,29/08/2024 14:15,Kuala Lumpur International Airport,KUL,29/08/2024 17:30,135,Malaysia Airlines,Business Class,505,225,N/A,1182,Y,Y,Y,1,8,2,23
Suvarnabhumi Airport,BKK,29/08/2024 16:40,Kuala Lumpur International Airport,KUL,29/08/2024 19:50,130,THAI,Business Class,360,85,N/A,1425,Y,Y,Y,1,7,2,30
Suvarnabhumi Airport,BKK,29/08/2024 19:40,Kuala Lumpur International Airport,KUL,29/08/2024 22:50,130,Malaysia Airlines,Business Class,1075,800,TRUE,1194,Y,Y,Y,1,8,2,23
Suvarnabhumi Airport,BKK,29/08/2024 9:05,Kuala Lumpur International Airport,KUL,29/08/2024 12:15,130,THAI,Business Class,815,540,N/A,1357,Y,Y,Y,1,7,2,30
Suvarnabhumi Airport,BKK,29/08/2024 11:15,Singapore Changi Airport,SIN,29/08/2024 14:30,135,THAI,Business Class,685,420,N/A,1466,Y,Y,Y,1,7,2,30
Suvarnabhumi Airport,BKK,29/08/2024 19:15,Singapore Changi Airport,SIN,29/08/2024 22:30,135,THAI,Business Class,1085,820,TRUE,1466,Y,Y,Y,1,7,2,30
Suvarnabhumi Airport,BKK,30/08/2024 21:15,Singapore Changi Airport,SIN,31/08/2024 0:35,140,Singapore Airlines,Business Class,775,505,TRUE,884,Y,Y,Y,1,7,1,25
Suvarnabhumi Airport,BKK,30/08/2024 13:30,Ninoy Aquino International Airport,MNL,30/08/2024 17:55,205,Philippine Airlines,Business Class,550,220,N/A,983,Y,Y,Y,1,7,2,32
Suvarnabhumi Airport,BKK,30/08/2024 6:00,Kuala Lumpur International Airport,KUL,30/08/2024 9:10,130,Malaysia Airlines,Business Class,455,180,N/A,1182,Y,Y,Y,1,8,2,23
Suvarnabhumi Airport,BKK,30/08/2024 14:25,Kuala Lumpur International Airport,KUL,30/08/2024 17:40,135,Malaysia Airlines,Business Class,495,215,N/A,1182,Y,Y,Y,1,8,2,23
Suvarnabhumi Airport,BKK,30/08/2024 16:40,Kuala Lumpur International Airport,KUL,30/08/2024 19:50,130,THAI,Business Class,360,85,N/A,1425,Y,Y,Y,1,7,2,30
Suvarnabhumi Airport,BKK,30/08/2024 19:40,Kuala Lumpur International Airport,KUL,30/08/2024 22:50,130,Malaysia Airlines,Business Class,1075,800,TRUE,1194,Y,Y,Y,1,8,2,23
Suvarnabhumi Airport,BKK,30/08/2024 9:05,Kuala Lumpur International Airport,KUL,30/08/2024 12:15,130,THAI,Business Class,815,540,N/A,1357,Y,Y,Y,1,7,2,30
Suvarnabhumi Airport,BKK,30/08/2024 11:15,Singapore Changi Airport,SIN,30/08/2024 14:30,135,THAI,Business Class,680,415,N/A,1466,Y,Y,Y,1,7,2,30
Suvarnabhumi Airport,BKK,31/08/2024 13:30,Brunei International Airport,BWN,31/08/2024 17:15,165,Royal Brunei,Business Class,165,N/A,N/A,583,Y,Y,Y,1,12,2,40
Suvarnabhumi Airport,BKK,31/08/2024 21:15,Singapore Changi Airport,SIN,01/09/2024 0:35,140,Singapore Airlines,Business Class,1005,730,TRUE,1105,Y,Y,Y,1,7,1,25
Suvarnabhumi Airport,BKK,31/08/2024 6:00,Kuala Lumpur International Airport,KUL,31/08/2024 9:10,130,Malaysia Airlines,Business Class,455,180,N/A,1182,Y,Y,Y,1,8,2,23
Suvarnabhumi Airport,BKK,31/08/2024 19:40,Kuala Lumpur International Airport,KUL,31/08/2024 22:50,130,Malaysia Airlines,Business Class,1075,800,TRUE,1194,Y,Y,Y,1,8,2,23
Suvarnabhumi Airport,BKK,31/08/2024 16:40,Kuala Lumpur International Airport,KUL,31/08/2024 19:50,130,THAI,Business Class,1255,980,TRUE,1368,Y,Y,Y,1,7,2,30
Suvarnabhumi Airport,BKK,31/08/2024 11:15,Singapore Changi Airport,SIN,31/08/2024 14:30,135,THAI,Business Class,680,415,N/A,1466,Y,Y,Y,1,7,2,30
Suvarnabhumi Airport,BKK,31/08/2024 19:15,Singapore Changi Airport,SIN,31/08/2024 22:30,135,THAI,Business Class,1085,820,TRUE,1466,Y,Y,Y,1,7,2,30