Departure Airport Name,Departure Airport ID,Departure Time,Arrival Airport Name,Arrival Airport ID,Arrival Time,Duration,Airline,Travel Class,Total Duration,Layover 1 Duration,Layover 1 Overnight,Price, Cabin Baggage, Checked Baggage,Meal Included,Cabin Baggage (Number),Cabin Baggage (kg per piece),Checked Baggage (Number),Checked Baggage (kg per piece) 
Phnom Penh International Airport,PNH,01/07/2024 9:40,Suvarnabhumi Airport,BKK,01/07/2024 11:00,80,THAI,Economy,530,365,N/A,214,Y,Y,Y,1,7,2,23
Phnom Penh International Airport,PNH,01/07/2024 21:15,Suvarnabhumi Airport,BKK,01/07/2024 22:30,75,THAI,Economy,840,675,TRUE,214,Y,Y,Y,1,7,2,23
Phnom Penh International Airport,PNH,01/07/2024 18:20,Kuala Lumpur International Airport,KUL,01/07/2024 21:10,110,Malaysia Airlines,Economy,995,720,TRUE,355,Y,Y,Y,1,7,1,23
Phnom Penh International Airport,PNH,01/07/2024 14:00,Kunming Changshui International Airport,KMG,01/07/2024 18:00,180,China Eastern,Economy,1480,1180,TRUE,378,Y,Y,Y,1,8,2,23
Phnom Penh International Airport,PNH,01/07/2024 18:20,Kuala Lumpur International Airport,KUL,01/07/2024 21:10,110,Malaysia Airlines,Economy,1170,895,TRUE,424,Y,Y,Y,1,7,1,23
Phnom Penh International Airport,PNH,01/07/2024 18:25,Singapore Changi Airport,SIN,01/07/2024 21:25,120,Singapore Airlines,Economy,925,630,TRUE,466,Y,Y,Y,1,7,1,23
Phnom Penh International Airport,PNH,01/07/2024 17:10,Taiwan Taoyuan International Airport,TPE,01/07/2024 21:40,210,China Airlines,Economy,1015,560,TRUE,495,Y,Y,Y,1,7,2,23
Phnom Penh International Airport,PNH,01/07/2024 0:15,Beijing Capital International Airport,PEK,01/07/2024 6:00,285,Air China,Economy,1235,635,N/A,N/A,Y,Y,Y,1,5,1,23
Phnom Penh International Airport,PNH,02/07/2024 9:40,Suvarnabhumi Airport,BKK,02/07/2024 11:00,80,THAI,Economy,530,365,N/A,214,Y,Y,Y,1,7,2,23
Phnom Penh International Airport,PNH,02/07/2024 21:15,Suvarnabhumi Airport,BKK,02/07/2024 22:30,75,THAI,Economy,840,675,TRUE,214,Y,Y,Y,1,7,2,23
Phnom Penh International Airport,PNH,02/07/2024 18:20,Kuala Lumpur International Airport,KUL,02/07/2024 21:10,110,Malaysia Airlines,Economy,995,720,TRUE,355,Y,Y,Y,1,7,1,23
Phnom Penh International Airport,PNH,02/07/2024 15:35,Guangzhou Baiyun International Airport,CAN,02/07/2024 19:20,165,China Southern,Economy,1150,780,TRUE,384,Y,Y,Y,1,8,1,23
Phnom Penh International Airport,PNH,02/07/2024 15:05,Kunming Changshui International Airport,KMG,02/07/2024 18:50,165,China Eastern,Economy,1415,1130,TRUE,399,Y,Y,Y,1,8,2,23
Phnom Penh International Airport,PNH,02/07/2024 18:20,Kuala Lumpur International Airport,KUL,02/07/2024 21:10,110,Malaysia Airlines,Economy,1170,895,TRUE,424,Y,Y,Y,1,7,1,23
Phnom Penh International Airport,PNH,02/07/2024 18:25,Singapore Changi Airport,SIN,02/07/2024 21:25,120,Singapore Airlines,Economy,925,630,TRUE,466,Y,Y,Y,1,7,1,23
Phnom Penh International Airport,PNH,03/07/2024 9:40,Suvarnabhumi Airport,BKK,03/07/2024 11:00,80,THAI,Economy,530,365,N/A,214,Y,Y,Y,1,7,2,23
Phnom Penh International Airport,PNH,03/07/2024 21:15,Suvarnabhumi Airport,BKK,03/07/2024 22:30,75,THAI,Economy,840,675,TRUE,214,Y,Y,Y,1,7,2,23
Phnom Penh International Airport,PNH,03/07/2024 20:00,Yangon International Airport,RGN,03/07/2024 21:30,120,MAI,Economy,120,N/A,N/A,N/A,Y,Y,Y,1,7,1,30
Phnom Penh International Airport,PNH,03/07/2024 18:20,Kuala Lumpur International Airport,KUL,03/07/2024 21:10,110,Malaysia Airlines,Economy,995,720,TRUE,355,Y,Y,Y,1,7,1,23
Phnom Penh International Airport,PNH,03/07/2024 14:00,Kunming Changshui International Airport,KMG,03/07/2024 18:00,180,China Eastern,Economy,1480,1180,TRUE,378,Y,Y,Y,1,8,2,23
Phnom Penh International Airport,PNH,03/07/2024 18:40,Singapore Changi Airport,SIN,03/07/2024 21:40,120,Singapore Airlines,Economy,910,615,TRUE,466,Y,Y,Y,1,7,1,23
Phnom Penh International Airport,PNH,03/07/2024 18:20,Kuala Lumpur International Airport,KUL,03/07/2024 21:10,110,Malaysia Airlines,Economy,1170,895,TRUE,494,Y,Y,Y,1,7,1,23
Phnom Penh International Airport,PNH,03/07/2024 10:50,Taiwan Taoyuan International Airport,TPE,03/07/2024 15:20,210,China Airlines,Economy,1395,940,TRUE,495,Y,Y,Y,1,7,2,23
Phnom Penh International Airport,PNH,04/07/2024 9:40,Suvarnabhumi Airport,BKK,04/07/2024 11:00,80,THAI,Economy,530,365,N/A,214,Y,Y,Y,1,7,2,23
Phnom Penh International Airport,PNH,04/07/2024 21:15,Suvarnabhumi Airport,BKK,04/07/2024 22:30,75,THAI,Economy,840,675,TRUE,214,Y,Y,Y,1,7,2,23
Phnom Penh International Airport,PNH,04/07/2024 15:05,Kunming Changshui International Airport,KMG,04/07/2024 18:50,165,China Eastern,Economy,1415,1130,TRUE,378,Y,Y,Y,1,8,2,23
Phnom Penh International Airport,PNH,04/07/2024 15:35,Guangzhou Baiyun International Airport,CAN,04/07/2024 19:20,165,China Southern,Economy,1150,780,TRUE,384,Y,Y,Y,1,8,1,23
Phnom Penh International Airport,PNH,04/07/2024 18:20,Kuala Lumpur International Airport,KUL,04/07/2024 21:10,110,Malaysia Airlines,Economy,1170,895,TRUE,424,Y,Y,Y,1,7,1,23
Phnom Penh International Airport,PNH,04/07/2024 18:25,Singapore Changi Airport,SIN,04/07/2024 21:25,120,Singapore Airlines,Economy,925,630,TRUE,466,Y,Y,Y,1,7,1,23
Phnom Penh International Airport,PNH,05/07/2024 9:40,Suvarnabhumi Airport,BKK,05/07/2024 11:00,80,THAI,Economy,530,365,N/A,214,Y,Y,Y,1,7,2,23
Phnom Penh International Airport,PNH,05/07/2024 21:15,Suvarnabhumi Airport,BKK,05/07/2024 22:30,75,THAI,Economy,840,675,TRUE,214,Y,Y,Y,1,7,2,23
Phnom Penh International Airport,PNH,05/07/2024 20:00,Yangon International Airport,RGN,05/07/2024 21:30,120,MAI,Economy,120,N/A,N/A,N/A,Y,Y,Y,1,7,1,30
Phnom Penh International Airport,PNH,05/07/2024 18:20,Kuala Lumpur International Airport,KUL,05/07/2024 21:10,110,Malaysia Airlines,Economy,995,720,TRUE,355,Y,Y,Y,1,7,1,23
Phnom Penh International Airport,PNH,05/07/2024 14:00,Kunming Changshui International Airport,KMG,05/07/2024 17:45,165,China Eastern,Economy,1480,1195,TRUE,378,Y,Y,Y,1,8,2,23
Phnom Penh International Airport,PNH,05/07/2024 15:35,Guangzhou Baiyun International Airport,CAN,05/07/2024 19:20,165,China Southern,Economy,1150,780,TRUE,384,Y,Y,Y,1,8,1,23
Phnom Penh International Airport,PNH,05/07/2024 18:20,Kuala Lumpur International Airport,KUL,05/07/2024 21:10,110,Malaysia Airlines,Economy,1170,895,TRUE,424,Y,Y,Y,1,7,1,23
Phnom Penh International Airport,PNH,05/07/2024 18:25,Singapore Changi Airport,SIN,05/07/2024 21:25,120,Singapore Airlines,Economy,925,630,TRUE,466,Y,Y,Y,1,7,1,23
Phnom Penh International Airport,PNH,05/07/2024 10:50,Taiwan Taoyuan International Airport,TPE,05/07/2024 15:20,210,China Airlines,Economy,1395,940,TRUE,495,Y,Y,Y,1,7,2,23
Phnom Penh International Airport,PNH,06/07/2024 9:40,Suvarnabhumi Airport,BKK,06/07/2024 11:00,80,THAI,Economy,530,365,N/A,214,Y,Y,Y,1,7,2,23
Phnom Penh International Airport,PNH,06/07/2024 21:15,Suvarnabhumi Airport,BKK,06/07/2024 22:30,75,THAI,Economy,840,675,TRUE,214,Y,Y,Y,1,7,2,23
Phnom Penh International Airport,PNH,06/07/2024 18:20,Kuala Lumpur International Airport,KUL,06/07/2024 21:10,110,Malaysia Airlines,Economy,995,720,TRUE,355,Y,Y,Y,1,7,1,23
Phnom Penh International Airport,PNH,06/07/2024 15:05,Kunming Changshui International Airport,KMG,06/07/2024 18:50,165,China Eastern,Economy,1415,1130,TRUE,378,Y,Y,Y,1,8,2,23
Phnom Penh International Airport,PNH,06/07/2024 18:40,Singapore Changi Airport,SIN,06/07/2024 21:40,120,Singapore Airlines,Economy,910,615,TRUE,466,Y,Y,Y,1,7,1,23
Phnom Penh International Airport,PNH,06/07/2024 18:20,Kuala Lumpur International Airport,KUL,06/07/2024 21:10,110,Malaysia Airlines,Economy,1170,895,TRUE,494,Y,Y,Y,1,7,1,23
Phnom Penh International Airport,PNH,07/07/2024 9:40,Suvarnabhumi Airport,BKK,07/07/2024 11:00,80,THAI,Economy,530,365,N/A,214,Y,Y,Y,1,7,2,23
Phnom Penh International Airport,PNH,07/07/2024 21:15,Suvarnabhumi Airport,BKK,07/07/2024 22:30,75,THAI,Economy,840,675,TRUE,214,Y,Y,Y,1,7,2,23
Phnom Penh International Airport,PNH,07/07/2024 20:00,Yangon International Airport,RGN,07/07/2024 21:30,120,MAI,Economy,120,N/A,N/A,N/A,Y,Y,Y,1,7,1,30
Phnom Penh International Airport,PNH,07/07/2024 18:20,Kuala Lumpur International Airport,KUL,07/07/2024 21:10,110,Malaysia Airlines,Economy,995,720,TRUE,355,Y,Y,Y,1,7,1,23
Phnom Penh International Airport,PNH,07/07/2024 14:00,Kunming Changshui International Airport,KMG,07/07/2024 17:45,165,China Eastern,Economy,1480,1195,TRUE,378,Y,Y,Y,1,8,2,23
Phnom Penh International Airport,PNH,07/07/2024 15:35,Guangzhou Baiyun International Airport,CAN,07/07/2024 19:20,165,China Southern,Economy,1150,780,TRUE,384,Y,Y,Y,1,8,1,23
Phnom Penh International Airport,PNH,07/07/2024 18:20,Kuala Lumpur International Airport,KUL,07/07/2024 21:10,110,Malaysia Airlines,Economy,1170,895,TRUE,424,Y,Y,Y,1,7,1,23
Phnom Penh International Airport,PNH,07/07/2024 18:40,Singapore Changi Airport,SIN,07/07/2024 21:40,120,Singapore Airlines,Economy,910,615,TRUE,501,Y,Y,Y,1,7,1,23
Phnom Penh International Airport,PNH,08/07/2024 9:40,Suvarnabhumi Airport,BKK,08/07/2024 11:00,80,THAI,Economy,530,365,N/A,214,Y,Y,Y,1,7,2,23
Phnom Penh International Airport,PNH,08/07/2024 21:15,Suvarnabhumi Airport,BKK,08/07/2024 22:30,75,THAI,Economy,840,675,TRUE,214,Y,Y,Y,1,7,2,23
Phnom Penh International Airport,PNH,08/07/2024 18:20,Kuala Lumpur International Airport,KUL,08/07/2024 21:10,110,Malaysia Airlines,Economy,995,720,TRUE,355,Y,Y,Y,1,7,1,23
Phnom Penh International Airport,PNH,08/07/2024 14:00,Kunming Changshui International Airport,KMG,08/07/2024 18:00,180,China Eastern,Economy,1480,1180,TRUE,378,Y,Y,Y,1,8,2,23
Phnom Penh International Airport,PNH,08/07/2024 18:20,Kuala Lumpur International Airport,KUL,08/07/2024 21:10,110,Malaysia Airlines,Economy,1170,895,TRUE,424,Y,Y,Y,1,7,1,23
Phnom Penh International Airport,PNH,08/07/2024 18:25,Singapore Changi Airport,SIN,08/07/2024 21:25,120,Singapore Airlines,Economy,925,630,TRUE,466,Y,Y,Y,1,7,1,23
Phnom Penh International Airport,PNH,08/07/2024 17:10,Taiwan Taoyuan International Airport,TPE,08/07/2024 21:40,210,China Airlines,Economy,1015,560,TRUE,495,Y,Y,Y,1,7,2,23
Phnom Penh International Airport,PNH,08/07/2024 0:15,Beijing Capital International Airport,PEK,08/07/2024 6:00,285,Air China,Economy,1235,635,N/A,N/A,Y,Y,Y,1,5,1,23
Phnom Penh International Airport,PNH,09/07/2024 9:40,Suvarnabhumi Airport,BKK,09/07/2024 11:00,80,THAI,Economy,530,365,N/A,214,Y,Y,Y,1,7,2,23
Phnom Penh International Airport,PNH,09/07/2024 21:15,Suvarnabhumi Airport,BKK,09/07/2024 22:30,75,THAI,Economy,840,675,TRUE,214,Y,Y,Y,1,7,2,23
Phnom Penh International Airport,PNH,09/07/2024 18:20,Kuala Lumpur International Airport,KUL,09/07/2024 21:10,110,Malaysia Airlines,Economy,995,720,TRUE,355,Y,Y,Y,1,7,1,23
Phnom Penh International Airport,PNH,09/07/2024 15:05,Kunming Changshui International Airport,KMG,09/07/2024 18:50,165,China Eastern,Economy,1415,1130,TRUE,378,Y,Y,Y,1,8,2,23
Phnom Penh International Airport,PNH,09/07/2024 15:35,Guangzhou Baiyun International Airport,CAN,09/07/2024 19:20,165,China Southern,Economy,1150,780,TRUE,384,Y,Y,Y,1,8,1,23
Phnom Penh International Airport,PNH,09/07/2024 18:20,Kuala Lumpur International Airport,KUL,09/07/2024 21:10,110,Malaysia Airlines,Economy,1170,895,TRUE,424,Y,Y,Y,1,7,1,23
Phnom Penh International Airport,PNH,09/07/2024 18:25,Singapore Changi Airport,SIN,09/07/2024 21:25,120,Singapore Airlines,Economy,925,630,TRUE,466,Y,Y,Y,1,7,1,23
Phnom Penh International Airport,PNH,10/07/2024 9:40,Suvarnabhumi Airport,BKK,10/07/2024 11:00,80,THAI,Economy,530,365,N/A,214,Y,Y,Y,1,7,2,23
Phnom Penh International Airport,PNH,10/07/2024 21:15,Suvarnabhumi Airport,BKK,10/07/2024 22:30,75,THAI,Economy,840,675,TRUE,214,Y,Y,Y,1,7,2,23
Phnom Penh International Airport,PNH,10/07/2024 20:00,Yangon International Airport,RGN,10/07/2024 21:30,120,MAI,Economy,120,N/A,N/A,N/A,Y,Y,Y,1,7,1,30
Phnom Penh International Airport,PNH,10/07/2024 18:20,Kuala Lumpur International Airport,KUL,10/07/2024 21:10,110,Malaysia Airlines,Economy,995,720,TRUE,355,Y,Y,Y,1,7,1,23
Phnom Penh International Airport,PNH,10/07/2024 14:00,Kunming Changshui International Airport,KMG,10/07/2024 18:00,180,China Eastern,Economy,1480,1180,TRUE,378,Y,Y,Y,1,8,2,23
Phnom Penh International Airport,PNH,10/07/2024 18:20,Kuala Lumpur International Airport,KUL,10/07/2024 21:10,110,Malaysia Airlines,Economy,1170,895,TRUE,424,Y,Y,Y,1,7,1,23
Phnom Penh International Airport,PNH,10/07/2024 18:40,Singapore Changi Airport,SIN,10/07/2024 21:40,120,Singapore Airlines,Economy,910,615,TRUE,466,Y,Y,Y,1,7,1,23
Phnom Penh International Airport,PNH,10/07/2024 10:50,Taiwan Taoyuan International Airport,TPE,10/07/2024 15:20,210,China Airlines,Economy,1395,940,TRUE,495,Y,Y,Y,1,7,2,23
Phnom Penh International Airport,PNH,11/07/2024 9:40,Suvarnabhumi Airport,BKK,11/07/2024 11:00,80,THAI,Economy,530,365,N/A,214,Y,Y,Y,1,7,2,23
Phnom Penh International Airport,PNH,11/07/2024 21:15,Suvarnabhumi Airport,BKK,11/07/2024 22:30,75,THAI,Economy,840,675,TRUE,214,Y,Y,Y,1,7,2,23
Phnom Penh International Airport,PNH,11/07/2024 18:20,Kuala Lumpur International Airport,KUL,11/07/2024 21:10,110,Malaysia Airlines,Economy,995,720,TRUE,355,Y,Y,Y,1,7,1,23
Phnom Penh International Airport,PNH,11/07/2024 15:05,Kunming Changshui International Airport,KMG,11/07/2024 18:50,165,China Eastern,Economy,1415,1130,TRUE,378,Y,Y,Y,1,8,2,23
Phnom Penh International Airport,PNH,11/07/2024 15:35,Guangzhou Baiyun International Airport,CAN,11/07/2024 19:20,165,China Southern,Economy,1150,780,TRUE,384,Y,Y,Y,1,8,1,23
Phnom Penh International Airport,PNH,11/07/2024 18:20,Kuala Lumpur International Airport,KUL,11/07/2024 21:10,110,Malaysia Airlines,Economy,1170,895,TRUE,424,Y,Y,Y,1,7,1,23
Phnom Penh International Airport,PNH,11/07/2024 18:25,Singapore Changi Airport,SIN,11/07/2024 21:25,120,Singapore Airlines,Economy,925,630,TRUE,466,Y,Y,Y,1,7,1,23
Phnom Penh International Airport,PNH,12/07/2024 9:40,Suvarnabhumi Airport,BKK,12/07/2024 11:00,80,THAI,Economy,530,365,N/A,214,Y,Y,Y,1,7,2,23
Phnom Penh International Airport,PNH,12/07/2024 21:15,Suvarnabhumi Airport,BKK,12/07/2024 22:30,75,THAI,Economy,840,675,TRUE,214,Y,Y,Y,1,7,2,23
Phnom Penh International Airport,PNH,12/07/2024 20:00,Yangon International Airport,RGN,12/07/2024 21:30,120,MAI,Economy,120,N/A,N/A,N/A,Y,Y,Y,1,7,1,30
Phnom Penh International Airport,PNH,12/07/2024 18:20,Kuala Lumpur International Airport,KUL,12/07/2024 21:10,110,Malaysia Airlines,Economy,995,720,TRUE,355,Y,Y,Y,1,7,1,23
Phnom Penh International Airport,PNH,12/07/2024 14:00,Kunming Changshui International Airport,KMG,12/07/2024 17:45,165,China Eastern,Economy,1480,1195,TRUE,378,Y,Y,Y,1,8,2,23
Phnom Penh International Airport,PNH,12/07/2024 15:35,Guangzhou Baiyun International Airport,CAN,12/07/2024 19:20,165,China Southern,Economy,1150,780,TRUE,384,Y,Y,Y,1,8,1,23
Phnom Penh International Airport,PNH,12/07/2024 18:20,Kuala Lumpur International Airport,KUL,12/07/2024 21:10,110,Malaysia Airlines,Economy,1170,895,TRUE,424,Y,Y,Y,1,7,1,23
Phnom Penh International Airport,PNH,12/07/2024 18:25,Singapore Changi Airport,SIN,12/07/2024 21:25,120,Singapore Airlines,Economy,925,630,TRUE,466,Y,Y,Y,1,7,1,23
Phnom Penh International Airport,PNH,12/07/2024 10:50,Taiwan Taoyuan International Airport,TPE,12/07/2024 15:20,210,China Airlines,Economy,1395,940,TRUE,495,Y,Y,Y,1,7,2,23
Phnom Penh International Airport,PNH,13/07/2024 9:40,Suvarnabhumi Airport,BKK,13/07/2024 11:00,80,THAI,Economy,530,365,N/A,214,Y,Y,Y,1,7,2,23
Phnom Penh International Airport,PNH,13/07/2024 21:15,Suvarnabhumi Airport,BKK,13/07/2024 22:30,75,THAI,Economy,840,675,TRUE,214,Y,Y,Y,1,7,2,23
Phnom Penh International Airport,PNH,13/07/2024 18:20,Kuala Lumpur International Airport,KUL,13/07/2024 21:10,110,Malaysia Airlines,Economy,995,720,TRUE,355,Y,Y,Y,1,7,1,23
Phnom Penh International Airport,PNH,13/07/2024 15:05,Kunming Changshui International Airport,KMG,13/07/2024 18:50,165,China Eastern,Economy,1415,1130,TRUE,378,Y,Y,Y,1,8,2,23
Phnom Penh International Airport,PNH,13/07/2024 18:20,Kuala Lumpur International Airport,KUL,13/07/2024 21:10,110,Malaysia Airlines,Economy,1170,895,TRUE,424,Y,Y,Y,1,7,1,23
Phnom Penh International Airport,PNH,13/07/2024 18:40,Singapore Changi Airport,SIN,13/07/2024 21:40,120,Singapore Airlines,Economy,910,615,TRUE,466,Y,Y,Y,1,7,1,23
Phnom Penh International Airport,PNH,14/07/2024 9:40,Suvarnabhumi Airport,BKK,14/07/2024 11:00,80,THAI,Economy,530,365,N/A,214,Y,Y,Y,1,7,2,23
Phnom Penh International Airport,PNH,14/07/2024 21:15,Suvarnabhumi Airport,BKK,14/07/2024 22:30,75,THAI,Economy,840,675,TRUE,214,Y,Y,Y,1,7,2,23
Phnom Penh International Airport,PNH,14/07/2024 18:20,Kuala Lumpur International Airport,KUL,14/07/2024 21:10,110,Malaysia Airlines,Economy,995,720,TRUE,355,Y,Y,Y,1,7,1,23
Phnom Penh International Airport,PNH,14/07/2024 14:00,Kunming Changshui International Airport,KMG,14/07/2024 17:45,165,China Eastern,Economy,1480,1195,TRUE,378,Y,Y,Y,1,8,2,23
Phnom Penh International Airport,PNH,14/07/2024 15:35,Guangzhou Baiyun International Airport,CAN,14/07/2024 19:20,165,China Southern,Economy,1150,780,TRUE,384,Y,Y,Y,1,8,1,23
Phnom Penh International Airport,PNH,14/07/2024 18:20,Kuala Lumpur International Airport,KUL,14/07/2024 21:10,110,Malaysia Airlines,Economy,1170,895,TRUE,424,Y,Y,Y,1,7,1,23
Phnom Penh International Airport,PNH,14/07/2024 18:40,Singapore Changi Airport,SIN,14/07/2024 21:40,120,Singapore Airlines,Economy,910,615,TRUE,466,Y,Y,Y,1,7,1,23
Phnom Penh International Airport,PNH,15/07/2024 9:40,Suvarnabhumi Airport,BKK,15/07/2024 11:00,80,THAI,Economy,530,365,N/A,214,Y,Y,Y,1,7,2,23
Phnom Penh International Airport,PNH,15/07/2024 21:15,Suvarnabhumi Airport,BKK,15/07/2024 22:30,75,THAI,Economy,840,675,TRUE,214,Y,Y,Y,1,7,2,23
Phnom Penh International Airport,PNH,15/07/2024 18:20,Kuala Lumpur International Airport,KUL,15/07/2024 21:10,110,Malaysia Airlines,Economy,995,720,TRUE,355,Y,Y,Y,1,7,1,23
Phnom Penh International Airport,PNH,15/07/2024 14:00,Kunming Changshui International Airport,KMG,15/07/2024 18:00,180,China Eastern,Economy,1480,1180,TRUE,378,Y,Y,Y,1,8,2,23
Phnom Penh International Airport,PNH,15/07/2024 18:20,Kuala Lumpur International Airport,KUL,15/07/2024 21:10,110,Malaysia Airlines,Economy,1170,895,TRUE,424,Y,Y,Y,1,7,1,23
Phnom Penh International Airport,PNH,15/07/2024 18:25,Singapore Changi Airport,SIN,15/07/2024 21:25,120,Singapore Airlines,Economy,925,630,TRUE,466,Y,Y,Y,1,7,1,23
Phnom Penh International Airport,PNH,15/07/2024 17:10,Taiwan Taoyuan International Airport,TPE,15/07/2024 21:40,210,China Airlines,Economy,1015,560,TRUE,495,Y,Y,Y,1,7,2,23
Phnom Penh International Airport,PNH,15/07/2024 0:15,Beijing Capital International Airport,PEK,15/07/2024 6:00,285,Air China,Economy,1235,635,N/A,N/A,Y,Y,Y,1,5,1,23
Phnom Penh International Airport,PNH,16/07/2024 9:40,Suvarnabhumi Airport,BKK,16/07/2024 11:00,80,THAI,Economy,530,365,N/A,214,Y,Y,Y,1,7,2,23
Phnom Penh International Airport,PNH,16/07/2024 21:15,Suvarnabhumi Airport,BKK,16/07/2024 22:30,75,THAI,Economy,840,675,TRUE,214,Y,Y,Y,1,7,2,23
Phnom Penh International Airport,PNH,16/07/2024 18:20,Kuala Lumpur International Airport,KUL,16/07/2024 21:10,110,Malaysia Airlines,Economy,995,720,TRUE,355,Y,Y,Y,1,7,1,23
Phnom Penh International Airport,PNH,16/07/2024 15:05,Kunming Changshui International Airport,KMG,16/07/2024 18:50,165,China Eastern,Economy,1415,1130,TRUE,378,Y,Y,Y,1,8,2,23
Phnom Penh International Airport,PNH,16/07/2024 15:35,Guangzhou Baiyun International Airport,CAN,16/07/2024 19:20,165,China Southern,Economy,1150,780,TRUE,384,Y,Y,Y,1,8,1,23
Phnom Penh International Airport,PNH,16/07/2024 18:20,Kuala Lumpur International Airport,KUL,16/07/2024 21:10,110,Malaysia Airlines,Economy,1170,895,TRUE,424,Y,Y,Y,1,7,1,23
Phnom Penh International Airport,PNH,16/07/2024 18:25,Singapore Changi Airport,SIN,16/07/2024 21:25,120,Singapore Airlines,Economy,925,630,TRUE,466,Y,Y,Y,1,7,1,23
Phnom Penh International Airport,PNH,17/07/2024 9:40,Suvarnabhumi Airport,BKK,17/07/2024 11:00,80,THAI,Economy,530,365,N/A,214,Y,Y,Y,1,7,2,23
Phnom Penh International Airport,PNH,17/07/2024 21:15,Suvarnabhumi Airport,BKK,17/07/2024 22:30,75,THAI,Economy,840,675,TRUE,214,Y,Y,Y,1,7,2,23
Phnom Penh International Airport,PNH,17/07/2024 20:00,Yangon International Airport,RGN,17/07/2024 21:30,120,MAI,Economy,120,N/A,N/A,N/A,Y,Y,Y,1,7,1,30
Phnom Penh International Airport,PNH,17/07/2024 18:20,Kuala Lumpur International Airport,KUL,17/07/2024 21:10,110,Malaysia Airlines,Economy,995,720,TRUE,355,Y,Y,Y,1,7,1,23
Phnom Penh International Airport,PNH,17/07/2024 14:00,Kunming Changshui International Airport,KMG,17/07/2024 18:00,180,China Eastern,Economy,1480,1180,TRUE,378,Y,Y,Y,1,8,2,23
Phnom Penh International Airport,PNH,17/07/2024 18:20,Kuala Lumpur International Airport,KUL,17/07/2024 21:10,110,Malaysia Airlines,Economy,1170,895,TRUE,424,Y,Y,Y,1,7,1,23
Phnom Penh International Airport,PNH,17/07/2024 18:40,Singapore Changi Airport,SIN,17/07/2024 21:40,120,Singapore Airlines,Economy,910,615,TRUE,466,Y,Y,Y,1,7,1,23
Phnom Penh International Airport,PNH,17/07/2024 10:50,Taiwan Taoyuan International Airport,TPE,17/07/2024 15:20,210,China Airlines,Economy,1395,940,TRUE,495,Y,Y,Y,1,7,2,23
Phnom Penh International Airport,PNH,18/07/2024 9:40,Suvarnabhumi Airport,BKK,18/07/2024 11:00,80,THAI,Economy,530,365,N/A,214,Y,Y,Y,1,7,2,23
Phnom Penh International Airport,PNH,18/07/2024 21:15,Suvarnabhumi Airport,BKK,18/07/2024 22:30,75,THAI,Economy,840,675,TRUE,214,Y,Y,Y,1,7,2,23
Phnom Penh International Airport,PNH,18/07/2024 18:20,Kuala Lumpur International Airport,KUL,18/07/2024 21:10,110,Malaysia Airlines,Economy,995,720,TRUE,355,Y,Y,Y,1,7,1,23
Phnom Penh International Airport,PNH,18/07/2024 15:05,Kunming Changshui International Airport,KMG,18/07/2024 18:50,165,China Eastern,Economy,1415,1130,TRUE,378,Y,Y,Y,1,8,2,23
Phnom Penh International Airport,PNH,18/07/2024 15:35,Guangzhou Baiyun International Airport,CAN,18/07/2024 19:20,165,China Southern,Economy,1150,780,TRUE,384,Y,Y,Y,1,8,1,23
Phnom Penh International Airport,PNH,18/07/2024 18:20,Kuala Lumpur International Airport,KUL,18/07/2024 21:10,110,Malaysia Airlines,Economy,1170,895,TRUE,424,Y,Y,Y,1,7,1,23
Phnom Penh International Airport,PNH,18/07/2024 18:25,Singapore Changi Airport,SIN,18/07/2024 21:25,120,Singapore Airlines,Economy,925,630,TRUE,466,Y,Y,Y,1,7,1,23
Phnom Penh International Airport,PNH,19/07/2024 21:15,Suvarnabhumi Airport,BKK,19/07/2024 22:30,75,THAI,Economy,840,675,TRUE,214,Y,Y,Y,1,7,2,23
Phnom Penh International Airport,PNH,19/07/2024 9:40,Suvarnabhumi Airport,BKK,19/07/2024 11:00,80,THAI,Economy,530,365,N/A,229,Y,Y,Y,1,7,2,23
Phnom Penh International Airport,PNH,19/07/2024 20:00,Yangon International Airport,RGN,19/07/2024 21:30,120,MAI,Economy,120,N/A,N/A,N/A,Y,Y,Y,1,7,1,30
Phnom Penh International Airport,PNH,19/07/2024 18:20,Kuala Lumpur International Airport,KUL,19/07/2024 21:10,110,Malaysia Airlines,Economy,995,720,TRUE,355,Y,Y,Y,1,7,1,23
Phnom Penh International Airport,PNH,19/07/2024 14:00,Kunming Changshui International Airport,KMG,19/07/2024 17:45,165,China Eastern,Economy,1480,1195,TRUE,378,Y,Y,Y,1,8,2,23
Phnom Penh International Airport,PNH,19/07/2024 15:35,Guangzhou Baiyun International Airport,CAN,19/07/2024 19:20,165,China Southern,Economy,1150,780,TRUE,384,Y,Y,Y,1,8,1,23
Phnom Penh International Airport,PNH,19/07/2024 18:20,Kuala Lumpur International Airport,KUL,19/07/2024 21:10,110,Malaysia Airlines,Economy,1170,895,TRUE,424,Y,Y,Y,1,7,1,23
Phnom Penh International Airport,PNH,19/07/2024 18:25,Singapore Changi Airport,SIN,19/07/2024 21:25,120,Singapore Airlines,Economy,925,630,TRUE,466,Y,Y,Y,1,7,1,23
Phnom Penh International Airport,PNH,19/07/2024 10:50,Taiwan Taoyuan International Airport,TPE,19/07/2024 15:20,210,China Airlines,Economy,1395,940,TRUE,495,Y,Y,Y,1,7,2,23
Phnom Penh International Airport,PNH,20/07/2024 9:40,Suvarnabhumi Airport,BKK,20/07/2024 11:00,80,THAI,Economy,530,365,N/A,229,Y,Y,Y,1,7,2,23
Phnom Penh International Airport,PNH,20/07/2024 21:15,Suvarnabhumi Airport,BKK,20/07/2024 22:30,75,THAI,Economy,840,675,TRUE,242,Y,Y,Y,1,7,2,23
Phnom Penh International Airport,PNH,20/07/2024 18:20,Kuala Lumpur International Airport,KUL,20/07/2024 21:10,110,Malaysia Airlines,Economy,995,720,TRUE,355,Y,Y,Y,1,7,1,23
Phnom Penh International Airport,PNH,20/07/2024 15:05,Kunming Changshui International Airport,KMG,20/07/2024 18:50,165,China Eastern,Economy,1415,1130,TRUE,378,Y,Y,Y,1,8,2,23
Phnom Penh International Airport,PNH,20/07/2024 18:20,Kuala Lumpur International Airport,KUL,20/07/2024 21:10,110,Malaysia Airlines,Economy,1170,895,TRUE,424,Y,Y,Y,1,7,1,23
Phnom Penh International Airport,PNH,20/07/2024 18:40,Singapore Changi Airport,SIN,20/07/2024 21:40,120,Singapore Airlines,Economy,910,615,TRUE,466,Y,Y,Y,1,7,1,23
Phnom Penh International Airport,PNH,21/07/2024 9:40,Suvarnabhumi Airport,BKK,21/07/2024 11:00,80,THAI,Economy,530,365,N/A,214,Y,Y,Y,1,7,2,23
Phnom Penh International Airport,PNH,21/07/2024 21:15,Suvarnabhumi Airport,BKK,21/07/2024 22:30,75,THAI,Economy,840,675,TRUE,214,Y,Y,Y,1,7,2,23
Phnom Penh International Airport,PNH,21/07/2024 20:00,Yangon International Airport,RGN,21/07/2024 21:30,120,MAI,Economy,120,N/A,N/A,N/A,Y,Y,Y,1,7,1,30
Phnom Penh International Airport,PNH,21/07/2024 18:20,Kuala Lumpur International Airport,KUL,21/07/2024 21:10,110,Malaysia Airlines,Economy,995,720,TRUE,355,Y,Y,Y,1,7,1,23
Phnom Penh International Airport,PNH,21/07/2024 14:00,Kunming Changshui International Airport,KMG,21/07/2024 17:45,165,China Eastern,Economy,1480,1195,TRUE,378,Y,Y,Y,1,8,2,23
Phnom Penh International Airport,PNH,21/07/2024 15:35,Guangzhou Baiyun International Airport,CAN,21/07/2024 19:20,165,China Southern,Economy,1150,780,TRUE,384,Y,Y,Y,1,8,1,23
Phnom Penh International Airport,PNH,21/07/2024 18:20,Kuala Lumpur International Airport,KUL,21/07/2024 21:10,110,Malaysia Airlines,Economy,1170,895,TRUE,424,Y,Y,Y,1,7,1,23
Phnom Penh International Airport,PNH,21/07/2024 18:40,Singapore Changi Airport,SIN,21/07/2024 21:40,120,Singapore Airlines,Economy,910,615,TRUE,466,Y,Y,Y,1,7,1,23
Phnom Penh International Airport,PNH,21/07/2024 10:50,Taiwan Taoyuan International Airport,TPE,21/07/2024 15:20,210,China Airlines,Economy,1395,940,TRUE,495,Y,Y,Y,1,7,2,23
Phnom Penh International Airport,PNH,22/07/2024 9:40,Suvarnabhumi Airport,BKK,22/07/2024 11:00,80,THAI,Economy,530,365,N/A,214,Y,Y,Y,1,7,2,23
Phnom Penh International Airport,PNH,22/07/2024 21:15,Suvarnabhumi Airport,BKK,22/07/2024 22:30,75,THAI,Economy,840,675,TRUE,214,Y,Y,Y,1,7,2,23
Phnom Penh International Airport,PNH,22/07/2024 18:20,Kuala Lumpur International Airport,KUL,22/07/2024 21:10,110,Malaysia Airlines,Economy,995,720,TRUE,355,Y,Y,Y,1,7,1,23
Phnom Penh International Airport,PNH,22/07/2024 14:00,Kunming Changshui International Airport,KMG,22/07/2024 18:00,180,China Eastern,Economy,1480,1180,TRUE,378,Y,Y,Y,1,8,2,23
Phnom Penh International Airport,PNH,22/07/2024 18:20,Kuala Lumpur International Airport,KUL,22/07/2024 21:10,110,Malaysia Airlines,Economy,1170,895,TRUE,424,Y,Y,Y,1,7,1,23
Phnom Penh International Airport,PNH,22/07/2024 18:25,Singapore Changi Airport,SIN,22/07/2024 21:25,120,Singapore Airlines,Economy,925,630,TRUE,466,Y,Y,Y,1,7,1,23
Phnom Penh International Airport,PNH,22/07/2024 17:10,Taiwan Taoyuan International Airport,TPE,22/07/2024 21:40,210,China Airlines,Economy,1015,560,TRUE,495,Y,Y,Y,1,7,2,23
Phnom Penh International Airport,PNH,22/07/2024 0:15,Beijing Capital International Airport,PEK,22/07/2024 6:00,285,Air China,Economy,1235,635,N/A,N/A,Y,Y,Y,1,5,1,23
Phnom Penh International Airport,PNH,23/07/2024 9:40,Suvarnabhumi Airport,BKK,23/07/2024 11:00,80,THAI,Economy,530,365,N/A,214,Y,Y,Y,1,7,2,23
Phnom Penh International Airport,PNH,23/07/2024 21:15,Suvarnabhumi Airport,BKK,23/07/2024 22:30,75,THAI,Economy,840,675,TRUE,214,Y,Y,Y,1,7,2,23
Phnom Penh International Airport,PNH,23/07/2024 18:20,Kuala Lumpur International Airport,KUL,23/07/2024 21:10,110,Malaysia Airlines,Economy,995,720,TRUE,355,Y,Y,Y,1,7,1,23
Phnom Penh International Airport,PNH,23/07/2024 15:05,Kunming Changshui International Airport,KMG,23/07/2024 18:50,165,China Eastern,Economy,1415,1130,TRUE,378,Y,Y,Y,1,8,2,23
Phnom Penh International Airport,PNH,23/07/2024 15:35,Guangzhou Baiyun International Airport,CAN,23/07/2024 19:20,165,China Southern,Economy,1150,780,TRUE,384,Y,Y,Y,1,8,1,23
Phnom Penh International Airport,PNH,23/07/2024 18:20,Kuala Lumpur International Airport,KUL,23/07/2024 21:10,110,Malaysia Airlines,Economy,1170,895,TRUE,424,Y,Y,Y,1,7,1,23
Phnom Penh International Airport,PNH,23/07/2024 18:25,Singapore Changi Airport,SIN,23/07/2024 21:25,120,Singapore Airlines,Economy,925,630,TRUE,466,Y,Y,Y,1,7,1,23
Phnom Penh International Airport,PNH,24/07/2024 9:40,Suvarnabhumi Airport,BKK,24/07/2024 11:00,80,THAI,Economy,530,365,N/A,214,Y,Y,Y,1,7,2,23
Phnom Penh International Airport,PNH,24/07/2024 21:15,Suvarnabhumi Airport,BKK,24/07/2024 22:30,75,THAI,Economy,840,675,TRUE,214,Y,Y,Y,1,7,2,23
Phnom Penh International Airport,PNH,24/07/2024 20:00,Yangon International Airport,RGN,24/07/2024 21:30,120,MAI,Economy,120,N/A,N/A,N/A,Y,Y,Y,1,7,1,30
Phnom Penh International Airport,PNH,24/07/2024 18:20,Kuala Lumpur International Airport,KUL,24/07/2024 21:10,110,Malaysia Airlines,Economy,995,720,TRUE,355,Y,Y,Y,1,7,1,23
Phnom Penh International Airport,PNH,24/07/2024 14:00,Kunming Changshui International Airport,KMG,24/07/2024 18:00,180,China Eastern,Economy,1480,1180,TRUE,378,Y,Y,Y,1,8,2,23
Phnom Penh International Airport,PNH,24/07/2024 18:20,Kuala Lumpur International Airport,KUL,24/07/2024 21:10,110,Malaysia Airlines,Economy,1170,895,TRUE,424,Y,Y,Y,1,7,1,23
Phnom Penh International Airport,PNH,24/07/2024 18:40,Singapore Changi Airport,SIN,24/07/2024 21:40,120,Singapore Airlines,Economy,910,615,TRUE,466,Y,Y,Y,1,7,1,23
Phnom Penh International Airport,PNH,24/07/2024 10:50,Taiwan Taoyuan International Airport,TPE,24/07/2024 15:20,210,China Airlines,Economy,1395,940,TRUE,495,Y,Y,Y,1,7,2,23
Phnom Penh International Airport,PNH,25/07/2024 9:40,Suvarnabhumi Airport,BKK,25/07/2024 11:00,80,THAI,Economy,530,365,N/A,214,Y,Y,Y,1,7,2,23
Phnom Penh International Airport,PNH,25/07/2024 21:15,Suvarnabhumi Airport,BKK,25/07/2024 22:30,75,THAI,Economy,840,675,TRUE,214,Y,Y,Y,1,7,2,23
Phnom Penh International Airport,PNH,25/07/2024 18:20,Kuala Lumpur International Airport,KUL,25/07/2024 21:10,110,Malaysia Airlines,Economy,995,720,TRUE,355,Y,Y,Y,1,7,1,23
Phnom Penh International Airport,PNH,25/07/2024 15:05,Kunming Changshui International Airport,KMG,25/07/2024 18:50,165,China Eastern,Economy,1415,1130,TRUE,378,Y,Y,Y,1,8,2,23
Phnom Penh International Airport,PNH,25/07/2024 15:35,Guangzhou Baiyun International Airport,CAN,25/07/2024 19:20,165,China Southern,Economy,1150,780,TRUE,384,Y,Y,Y,1,8,1,23
Phnom Penh International Airport,PNH,25/07/2024 18:20,Kuala Lumpur International Airport,KUL,25/07/2024 21:10,110,Malaysia Airlines,Economy,1170,895,TRUE,424,Y,Y,Y,1,7,1,23
Phnom Penh International Airport,PNH,25/07/2024 18:25,Singapore Changi Airport,SIN,25/07/2024 21:25,120,Singapore Airlines,Economy,925,630,TRUE,466,Y,Y,Y,1,7,1,23
Phnom Penh International Airport,PNH,26/07/2024 9:40,Suvarnabhumi Airport,BKK,26/07/2024 11:00,80,THAI,Economy,530,365,N/A,214,Y,Y,Y,1,7,2,23
Phnom Penh International Airport,PNH,26/07/2024 21:15,Suvarnabhumi Airport,BKK,26/07/2024 22:30,75,THAI,Economy,840,675,TRUE,214,Y,Y,Y,1,7,2,23
Phnom Penh International Airport,PNH,26/07/2024 20:00,Yangon International Airport,RGN,26/07/2024 21:30,120,MAI,Economy,120,N/A,N/A,N/A,Y,Y,Y,1,7,1,30
Phnom Penh International Airport,PNH,26/07/2024 18:20,Kuala Lumpur International Airport,KUL,26/07/2024 21:10,110,Malaysia Airlines,Economy,995,720,TRUE,355,Y,Y,Y,1,7,1,23
Phnom Penh International Airport,PNH,26/07/2024 14:00,Kunming Changshui International Airport,KMG,26/07/2024 17:45,165,China Eastern,Economy,1480,1195,TRUE,378,Y,Y,Y,1,8,2,23
Phnom Penh International Airport,PNH,26/07/2024 15:35,Guangzhou Baiyun International Airport,CAN,26/07/2024 19:20,165,China Southern,Economy,1150,780,TRUE,384,Y,Y,Y,1,8,1,23
Phnom Penh International Airport,PNH,26/07/2024 18:20,Kuala Lumpur International Airport,KUL,26/07/2024 21:10,110,Malaysia Airlines,Economy,1170,895,TRUE,424,Y,Y,Y,1,7,1,23
Phnom Penh International Airport,PNH,26/07/2024 18:25,Singapore Changi Airport,SIN,26/07/2024 21:25,120,Singapore Airlines,Economy,925,630,TRUE,466,Y,Y,Y,1,7,1,23
Phnom Penh International Airport,PNH,26/07/2024 10:50,Taiwan Taoyuan International Airport,TPE,26/07/2024 15:20,210,China Airlines,Economy,1395,940,TRUE,495,Y,Y,Y,1,7,2,23
Phnom Penh International Airport,PNH,27/07/2024 9:40,Suvarnabhumi Airport,BKK,27/07/2024 11:00,80,THAI,Economy,530,365,N/A,214,Y,Y,Y,1,7,2,23
Phnom Penh International Airport,PNH,27/07/2024 21:15,Suvarnabhumi Airport,BKK,27/07/2024 22:30,75,THAI,Economy,840,675,TRUE,214,Y,Y,Y,1,7,2,23
Phnom Penh International Airport,PNH,27/07/2024 18:20,Kuala Lumpur International Airport,KUL,27/07/2024 21:10,110,Malaysia Airlines,Economy,995,720,TRUE,355,Y,Y,Y,1,7,1,23
Phnom Penh International Airport,PNH,27/07/2024 15:05,Kunming Changshui International Airport,KMG,27/07/2024 18:50,165,China Eastern,Economy,1415,1130,TRUE,378,Y,Y,Y,1,8,2,23
Phnom Penh International Airport,PNH,27/07/2024 18:20,Kuala Lumpur International Airport,KUL,27/07/2024 21:10,110,Malaysia Airlines,Economy,1170,895,TRUE,424,Y,Y,Y,1,7,1,23
Phnom Penh International Airport,PNH,27/07/2024 18:40,Singapore Changi Airport,SIN,27/07/2024 21:40,120,Singapore Airlines,Economy,910,615,TRUE,466,Y,Y,Y,1,7,1,23
Phnom Penh International Airport,PNH,28/07/2024 9:40,Suvarnabhumi Airport,BKK,28/07/2024 11:00,80,THAI,Economy,530,365,N/A,214,Y,Y,Y,1,7,2,23
Phnom Penh International Airport,PNH,28/07/2024 21:15,Suvarnabhumi Airport,BKK,28/07/2024 22:30,75,THAI,Economy,840,675,TRUE,214,Y,Y,Y,1,7,2,23
Phnom Penh International Airport,PNH,28/07/2024 18:20,Kuala Lumpur International Airport,KUL,28/07/2024 21:10,110,Malaysia Airlines,Economy,995,720,TRUE,355,Y,Y,Y,1,7,1,23
Phnom Penh International Airport,PNH,28/07/2024 14:00,Kunming Changshui International Airport,KMG,28/07/2024 17:45,165,China Eastern,Economy,1480,1195,TRUE,378,Y,Y,Y,1,8,2,23
Phnom Penh International Airport,PNH,28/07/2024 15:35,Guangzhou Baiyun International Airport,CAN,28/07/2024 19:20,165,China Southern,Economy,1150,780,TRUE,384,Y,Y,Y,1,8,1,23
Phnom Penh International Airport,PNH,28/07/2024 18:20,Kuala Lumpur International Airport,KUL,28/07/2024 21:10,110,Malaysia Airlines,Economy,1170,895,TRUE,424,Y,Y,Y,1,7,1,23
Phnom Penh International Airport,PNH,28/07/2024 18:40,Singapore Changi Airport,SIN,28/07/2024 21:40,120,Singapore Airlines,Economy,910,615,TRUE,466,Y,Y,Y,1,7,1,23
Phnom Penh International Airport,PNH,28/07/2024 10:50,Taiwan Taoyuan International Airport,TPE,28/07/2024 15:20,210,China Airlines,Economy,1395,940,TRUE,495,Y,Y,Y,1,7,2,23
Phnom Penh International Airport,PNH,29/07/2024 9:40,Suvarnabhumi Airport,BKK,29/07/2024 11:00,80,THAI,Economy,530,365,N/A,214,Y,Y,Y,1,7,2,23
Phnom Penh International Airport,PNH,29/07/2024 21:15,Suvarnabhumi Airport,BKK,29/07/2024 22:30,75,THAI,Economy,840,675,TRUE,214,Y,Y,Y,1,7,2,23
Phnom Penh International Airport,PNH,29/07/2024 18:20,Kuala Lumpur International Airport,KUL,29/07/2024 21:10,110,Malaysia Airlines,Economy,995,720,TRUE,355,Y,Y,Y,1,7,1,23
Phnom Penh International Airport,PNH,29/07/2024 14:00,Kunming Changshui International Airport,KMG,29/07/2024 18:00,180,China Eastern,Economy,1480,1180,TRUE,378,Y,Y,Y,1,8,2,23
Phnom Penh International Airport,PNH,29/07/2024 18:20,Kuala Lumpur International Airport,KUL,29/07/2024 21:10,110,Malaysia Airlines,Economy,1170,895,TRUE,424,Y,Y,Y,1,7,1,23
Phnom Penh International Airport,PNH,29/07/2024 18:25,Singapore Changi Airport,SIN,29/07/2024 21:25,120,Singapore Airlines,Economy,925,630,TRUE,466,Y,Y,Y,1,7,1,23
Phnom Penh International Airport,PNH,29/07/2024 17:10,Taiwan Taoyuan International Airport,TPE,29/07/2024 21:40,210,China Airlines,Economy,1015,560,TRUE,495,Y,Y,Y,1,7,2,23
Phnom Penh International Airport,PNH,29/07/2024 0:15,Beijing Capital International Airport,PEK,29/07/2024 6:00,285,Air China,Economy,1235,635,N/A,N/A,Y,Y,Y,1,5,1,23
Phnom Penh International Airport,PNH,30/07/2024 9:40,Suvarnabhumi Airport,BKK,30/07/2024 11:00,80,THAI,Economy,530,365,N/A,214,Y,Y,Y,1,7,2,23
Phnom Penh International Airport,PNH,30/07/2024 21:15,Suvarnabhumi Airport,BKK,30/07/2024 22:30,75,THAI,Economy,840,675,TRUE,214,Y,Y,Y,1,7,2,23
Phnom Penh International Airport,PNH,30/07/2024 18:20,Kuala Lumpur International Airport,KUL,30/07/2024 21:10,110,Malaysia Airlines,Economy,995,720,TRUE,355,Y,Y,Y,1,7,1,23
Phnom Penh International Airport,PNH,30/07/2024 15:05,Kunming Changshui International Airport,KMG,30/07/2024 18:50,165,China Eastern,Economy,1415,1130,TRUE,378,Y,Y,Y,1,8,2,23
Phnom Penh International Airport,PNH,30/07/2024 15:35,Guangzhou Baiyun International Airport,CAN,30/07/2024 19:20,165,China Southern,Economy,1150,780,TRUE,384,Y,Y,Y,1,8,1,23
Phnom Penh International Airport,PNH,30/07/2024 18:20,Kuala Lumpur International Airport,KUL,30/07/2024 21:10,110,Malaysia Airlines,Economy,1170,895,TRUE,424,Y,Y,Y,1,7,1,23
Phnom Penh International Airport,PNH,30/07/2024 18:25,Singapore Changi Airport,SIN,30/07/2024 21:25,120,Singapore Airlines,Economy,925,630,TRUE,466,Y,Y,Y,1,7,1,23
Phnom Penh International Airport,PNH,31/07/2024 9:40,Suvarnabhumi Airport,BKK,31/07/2024 11:00,80,THAI,Economy,530,365,N/A,214,Y,Y,Y,1,7,2,23
Phnom Penh International Airport,PNH,31/07/2024 21:15,Suvarnabhumi Airport,BKK,31/07/2024 22:30,75,THAI,Economy,830,665,TRUE,214,Y,Y,Y,1,7,2,23
Phnom Penh International Airport,PNH,31/07/2024 20:00,Yangon International Airport,RGN,31/07/2024 21:30,120,MAI,Economy,120,N/A,N/A,N/A,Y,Y,Y,1,7,1,30
Phnom Penh International Airport,PNH,31/07/2024 18:20,Kuala Lumpur International Airport,KUL,31/07/2024 21:10,110,Malaysia Airlines,Economy,995,720,TRUE,355,Y,Y,Y,1,7,1,23
Phnom Penh International Airport,PNH,31/07/2024 14:00,Kunming Changshui International Airport,KMG,31/07/2024 18:00,180,China Eastern,Economy,1480,1180,TRUE,378,Y,Y,Y,1,8,2,23
Phnom Penh International Airport,PNH,31/07/2024 18:20,Kuala Lumpur International Airport,KUL,31/07/2024 21:10,110,Malaysia Airlines,Economy,1170,895,TRUE,424,Y,Y,Y,1,7,1,23
Phnom Penh International Airport,PNH,31/07/2024 18:40,Singapore Changi Airport,SIN,31/07/2024 21:40,120,Singapore Airlines,Economy,910,615,TRUE,466,Y,Y,Y,1,7,1,23
Phnom Penh International Airport,PNH,31/07/2024 10:50,Taiwan Taoyuan International Airport,TPE,31/07/2024 15:20,210,China Airlines,Economy,1395,940,TRUE,495,Y,Y,Y,1,7,2,23
Phnom Penh International Airport,PNH,01/08/2024 9:40,Suvarnabhumi Airport,BKK,01/08/2024 11:00,80,THAI,Economy,530,365,N/A,232,Y,Y,Y,1,7,2,23
Phnom Penh International Airport,PNH,01/08/2024 21:15,Suvarnabhumi Airport,BKK,01/08/2024 22:30,75,THAI,Economy,830,665,TRUE,232,Y,Y,Y,1,7,2,23
Phnom Penh International Airport,PNH,01/08/2024 15:35,Guangzhou Baiyun International Airport,CAN,01/08/2024 19:20,165,China Southern,Economy,1150,780,TRUE,365,Y,Y,Y,1,8,1,23
Phnom Penh International Airport,PNH,01/08/2024 18:20,Kuala Lumpur International Airport,KUL,01/08/2024 21:10,110,Malaysia Airlines,Economy,995,720,TRUE,400,Y,Y,Y,1,7,1,23
Phnom Penh International Airport,PNH,01/08/2024 18:20,Kuala Lumpur International Airport,KUL,01/08/2024 21:10,110,Malaysia Airlines,Economy,1170,895,TRUE,424,Y,Y,Y,1,7,1,23
Phnom Penh International Airport,PNH,01/08/2024 18:25,Singapore Changi Airport,SIN,01/08/2024 21:25,120,Singapore Airlines,Economy,925,630,TRUE,467,Y,Y,Y,1,7,1,23
Phnom Penh International Airport,PNH,01/08/2024 18:25,Singapore Changi Airport,SIN,01/08/2024 21:25,120,Singapore Airlines,Economy,1250,950,TRUE,1034,Y,Y,Y,1,7,1,23
Phnom Penh International Airport,PNH,02/08/2024 9:40,Suvarnabhumi Airport,BKK,02/08/2024 11:00,80,THAI,Economy,530,365,N/A,232,Y,Y,Y,1,7,2,23
Phnom Penh International Airport,PNH,02/08/2024 21:15,Suvarnabhumi Airport,BKK,02/08/2024 22:30,75,THAI,Economy,830,665,TRUE,232,Y,Y,Y,1,7,2,23
Phnom Penh International Airport,PNH,02/08/2024 20:00,Yangon International Airport,RGN,02/08/2024 21:30,120,MAI,Economy,120,N/A,N/A,N/A,Y,Y,Y,1,7,1,30
Phnom Penh International Airport,PNH,02/08/2024 15:35,Guangzhou Baiyun International Airport,CAN,02/08/2024 19:20,165,China Southern,Economy,1150,780,TRUE,365,Y,Y,Y,1,8,1,23
Phnom Penh International Airport,PNH,02/08/2024 14:00,Kunming Changshui International Airport,KMG,02/08/2024 17:45,165,China Eastern,Economy,1480,1195,TRUE,378,Y,Y,Y,1,8,2,23
Phnom Penh International Airport,PNH,02/08/2024 18:20,Kuala Lumpur International Airport,KUL,02/08/2024 21:10,110,Malaysia Airlines,Economy,995,720,TRUE,400,Y,Y,Y,1,7,1,23
Phnom Penh International Airport,PNH,02/08/2024 18:20,Kuala Lumpur International Airport,KUL,02/08/2024 21:10,110,Malaysia Airlines,Economy,1170,895,TRUE,424,Y,Y,Y,1,7,1,23
Phnom Penh International Airport,PNH,02/08/2024 18:25,Singapore Changi Airport,SIN,02/08/2024 21:25,120,Singapore Airlines,Economy,925,630,TRUE,467,Y,Y,Y,1,7,1,23
Phnom Penh International Airport,PNH,02/08/2024 10:50,Taiwan Taoyuan International Airport,TPE,02/08/2024 15:20,210,China Airlines,Economy,1395,940,TRUE,495,Y,Y,Y,1,7,2,23
Phnom Penh International Airport,PNH,03/08/2024 9:40,Suvarnabhumi Airport,BKK,03/08/2024 11:00,80,THAI,Economy,530,365,N/A,232,Y,Y,Y,1,7,2,23
Phnom Penh International Airport,PNH,03/08/2024 21:15,Suvarnabhumi Airport,BKK,03/08/2024 22:30,75,THAI,Economy,830,665,TRUE,232,Y,Y,Y,1,7,2,23
Phnom Penh International Airport,PNH,03/08/2024 15:05,Kunming Changshui International Airport,KMG,03/08/2024 18:50,165,China Eastern,Economy,1415,1130,TRUE,378,Y,Y,Y,1,8,2,23
Phnom Penh International Airport,PNH,03/08/2024 18:20,Kuala Lumpur International Airport,KUL,03/08/2024 21:10,110,Malaysia Airlines,Economy,995,720,TRUE,400,Y,Y,Y,1,7,1,23
Phnom Penh International Airport,PNH,03/08/2024 18:20,Kuala Lumpur International Airport,KUL,03/08/2024 21:10,110,Malaysia Airlines,Economy,1170,895,TRUE,424,Y,Y,Y,1,7,1,23
Phnom Penh International Airport,PNH,03/08/2024 18:40,Singapore Changi Airport,SIN,03/08/2024 21:40,120,Singapore Airlines,Economy,910,615,TRUE,467,Y,Y,Y,1,7,1,23
Phnom Penh International Airport,PNH,03/08/2024 18:40,Singapore Changi Airport,SIN,03/08/2024 21:40,120,Singapore Airlines,Economy,1235,935,TRUE,1034,Y,Y,Y,1,7,1,23
Phnom Penh International Airport,PNH,04/08/2024 9:40,Suvarnabhumi Airport,BKK,04/08/2024 11:00,80,THAI,Economy,530,365,N/A,232,Y,Y,Y,1,7,2,23
Phnom Penh International Airport,PNH,04/08/2024 20:00,Yangon International Airport,RGN,04/08/2024 21:30,120,MAI,Economy,120,N/A,N/A,N/A,Y,Y,Y,1,7,1,30
Phnom Penh International Airport,PNH,04/08/2024 21:15,Suvarnabhumi Airport,BKK,04/08/2024 22:30,75,THAI,Economy,830,665,TRUE,232,Y,Y,Y,1,7,2,23
Phnom Penh International Airport,PNH,04/08/2024 15:35,Guangzhou Baiyun International Airport,CAN,04/08/2024 19:20,165,China Southern,Economy,1150,780,TRUE,365,Y,Y,Y,1,8,1,23
Phnom Penh International Airport,PNH,04/08/2024 18:20,Kuala Lumpur International Airport,KUL,04/08/2024 21:10,110,Malaysia Airlines,Economy,1170,895,TRUE,424,Y,Y,Y,1,7,1,23
Phnom Penh International Airport,PNH,04/08/2024 18:40,Singapore Changi Airport,SIN,04/08/2024 21:40,120,Singapore Airlines,Economy,910,615,TRUE,467,Y,Y,Y,1,7,1,23
Phnom Penh International Airport,PNH,04/08/2024 18:40,Singapore Changi Airport,SIN,04/08/2024 21:40,120,Singapore Airlines,Economy,1235,935,TRUE,1034,Y,Y,Y,1,7,1,23
Phnom Penh International Airport,PNH,05/08/2024 9:40,Suvarnabhumi Airport,BKK,05/08/2024 11:00,80,THAI,Economy,530,365,N/A,232,Y,Y,Y,1,7,2,23
Phnom Penh International Airport,PNH,05/08/2024 21:15,Suvarnabhumi Airport,BKK,05/08/2024 22:30,75,THAI,Economy,830,665,TRUE,232,Y,Y,Y,1,7,2,23
Phnom Penh International Airport,PNH,05/08/2024 18:20,Kuala Lumpur International Airport,KUL,05/08/2024 21:10,110,Malaysia Airlines,Economy,995,720,TRUE,400,Y,Y,Y,1,7,1,23
Phnom Penh International Airport,PNH,05/08/2024 18:25,Singapore Changi Airport,SIN,05/08/2024 21:25,120,Singapore Airlines,Economy,925,630,TRUE,467,Y,Y,Y,1,7,1,23
Phnom Penh International Airport,PNH,05/08/2024 14:00,Kunming Changshui International Airport,KMG,05/08/2024 18:00,180,China Eastern,Economy,1480,1180,TRUE,378,Y,Y,Y,1,8,2,23
Phnom Penh International Airport,PNH,05/08/2024 18:20,Kuala Lumpur International Airport,KUL,05/08/2024 21:10,110,Malaysia Airlines,Economy,1170,895,TRUE,424,Y,Y,Y,1,7,1,23
Phnom Penh International Airport,PNH,05/08/2024 17:10,Taiwan Taoyuan International Airport,TPE,05/08/2024 21:40,210,China Airlines,Economy,1015,560,TRUE,495,Y,Y,Y,1,7,2,23
Phnom Penh International Airport,PNH,05/08/2024 18:25,Singapore Changi Airport,SIN,05/08/2024 21:25,120,Singapore Airlines,Economy,1250,950,TRUE,1034,Y,Y,Y,1,7,1,23
Phnom Penh International Airport,PNH,06/08/2024 9:40,Suvarnabhumi Airport,BKK,06/08/2024 11:00,80,THAI,Economy,530,365,N/A,232,Y,Y,Y,1,7,2,23
Phnom Penh International Airport,PNH,06/08/2024 21:15,Suvarnabhumi Airport,BKK,06/08/2024 22:30,75,THAI,Economy,830,665,TRUE,232,Y,Y,Y,1,7,2,23
Phnom Penh International Airport,PNH,06/08/2024 15:35,Guangzhou Baiyun International Airport,CAN,06/08/2024 19:20,165,China Southern,Economy,1150,780,TRUE,365,Y,Y,Y,1,8,1,23
Phnom Penh International Airport,PNH,06/08/2024 18:20,Kuala Lumpur International Airport,KUL,06/08/2024 21:10,110,Malaysia Airlines,Economy,995,720,TRUE,400,Y,Y,Y,1,7,1,23
Phnom Penh International Airport,PNH,06/08/2024 15:05,Kunming Changshui International Airport,KMG,06/08/2024 18:50,165,China Eastern,Economy,1415,1130,TRUE,378,Y,Y,Y,1,8,2,23
Phnom Penh International Airport,PNH,06/08/2024 18:25,Singapore Changi Airport,SIN,06/08/2024 21:25,120,Singapore Airlines,Economy,925,630,TRUE,467,Y,Y,Y,1,7,1,23
Phnom Penh International Airport,PNH,06/08/2024 18:20,Kuala Lumpur International Airport,KUL,06/08/2024 21:10,110,Malaysia Airlines,Economy,1170,895,TRUE,495,Y,Y,Y,1,7,1,23
Phnom Penh International Airport,PNH,06/08/2024 18:25,Singapore Changi Airport,SIN,06/08/2024 21:25,120,Singapore Airlines,Economy,1250,950,TRUE,1034,Y,Y,Y,1,7,1,23
Phnom Penh International Airport,PNH,07/08/2024 9:40,Suvarnabhumi Airport,BKK,07/08/2024 11:00,80,THAI,Economy,530,365,N/A,232,Y,Y,Y,1,7,2,23
Phnom Penh International Airport,PNH,07/08/2024 21:15,Suvarnabhumi Airport,BKK,07/08/2024 22:30,75,THAI,Economy,830,665,TRUE,232,Y,Y,Y,1,7,2,23
Phnom Penh International Airport,PNH,07/08/2024 20:00,Yangon International Airport,RGN,07/08/2024 21:30,120,MAI,Economy,120,N/A,N/A,N/A,Y,Y,Y,1,7,1,30
Phnom Penh International Airport,PNH,07/08/2024 14:00,Kunming Changshui International Airport,KMG,07/08/2024 18:00,180,China Eastern,Economy,1480,1180,TRUE,378,Y,Y,Y,1,8,2,23
Phnom Penh International Airport,PNH,07/08/2024 18:20,Kuala Lumpur International Airport,KUL,07/08/2024 21:10,110,Malaysia Airlines,Economy,995,720,TRUE,400,Y,Y,Y,1,7,1,23
Phnom Penh International Airport,PNH,07/08/2024 18:40,Singapore Changi Airport,SIN,07/08/2024 21:40,120,Singapore Airlines,Economy,910,615,TRUE,467,Y,Y,Y,1,7,1,23
Phnom Penh International Airport,PNH,07/08/2024 10:50,Taiwan Taoyuan International Airport,TPE,07/08/2024 15:20,210,China Airlines,Economy,1395,940,TRUE,495,Y,Y,Y,1,7,2,23
Phnom Penh International Airport,PNH,07/08/2024 18:40,Singapore Changi Airport,SIN,07/08/2024 21:40,120,Singapore Airlines,Economy,1235,935,TRUE,1034,Y,Y,Y,1,7,1,23
Phnom Penh International Airport,PNH,08/08/2024 9:40,Suvarnabhumi Airport,BKK,08/08/2024 11:00,80,THAI,Economy,530,365,N/A,232,Y,Y,Y,1,7,2,23
Phnom Penh International Airport,PNH,08/08/2024 21:15,Suvarnabhumi Airport,BKK,08/08/2024 22:30,75,THAI,Economy,830,665,TRUE,232,Y,Y,Y,1,7,2,23
Phnom Penh International Airport,PNH,08/08/2024 15:35,Guangzhou Baiyun International Airport,CAN,08/08/2024 19:20,165,China Southern,Economy,1150,780,TRUE,365,Y,Y,Y,1,8,1,23
Phnom Penh International Airport,PNH,08/08/2024 18:20,Kuala Lumpur International Airport,KUL,08/08/2024 21:10,110,Malaysia Airlines,Economy,995,720,TRUE,400,Y,Y,Y,1,7,1,23
Phnom Penh International Airport,PNH,08/08/2024 18:20,Kuala Lumpur International Airport,KUL,08/08/2024 21:10,110,Malaysia Airlines,Economy,1170,895,TRUE,424,Y,Y,Y,1,7,1,23
Phnom Penh International Airport,PNH,08/08/2024 18:25,Singapore Changi Airport,SIN,08/08/2024 21:25,120,Singapore Airlines,Economy,925,630,TRUE,467,Y,Y,Y,1,7,1,23
Phnom Penh International Airport,PNH,08/08/2024 18:25,Singapore Changi Airport,SIN,08/08/2024 21:25,120,Singapore Airlines,Economy,1250,950,TRUE,1034,Y,Y,Y,1,7,1,23
Phnom Penh International Airport,PNH,09/08/2024 9:40,Suvarnabhumi Airport,BKK,09/08/2024 11:00,80,THAI,Economy,530,365,N/A,232,Y,Y,Y,1,7,2,23
Phnom Penh International Airport,PNH,09/08/2024 21:15,Suvarnabhumi Airport,BKK,09/08/2024 22:30,75,THAI,Economy,830,665,TRUE,232,Y,Y,Y,1,7,2,23
Phnom Penh International Airport,PNH,09/08/2024 20:00,Yangon International Airport,RGN,09/08/2024 21:30,120,MAI,Economy,120,N/A,N/A,N/A,Y,Y,Y,1,7,1,30
Phnom Penh International Airport,PNH,09/08/2024 15:35,Guangzhou Baiyun International Airport,CAN,09/08/2024 19:20,165,China Southern,Economy,1150,780,TRUE,330,Y,Y,Y,1,8,1,23
Phnom Penh International Airport,PNH,09/08/2024 14:00,Kunming Changshui International Airport,KMG,09/08/2024 17:45,165,China Eastern,Economy,1480,1195,TRUE,378,Y,Y,Y,1,8,2,23
Phnom Penh International Airport,PNH,09/08/2024 18:20,Kuala Lumpur International Airport,KUL,09/08/2024 21:10,110,Malaysia Airlines,Economy,995,720,TRUE,400,Y,Y,Y,1,7,1,23
Phnom Penh International Airport,PNH,09/08/2024 18:20,Kuala Lumpur International Airport,KUL,09/08/2024 21:10,110,Malaysia Airlines,Economy,1170,895,TRUE,424,Y,Y,Y,1,7,1,23
Phnom Penh International Airport,PNH,09/08/2024 18:25,Singapore Changi Airport,SIN,09/08/2024 21:25,120,Singapore Airlines,Economy,925,630,TRUE,467,Y,Y,Y,1,7,1,23
Phnom Penh International Airport,PNH,09/08/2024 10:50,Taiwan Taoyuan International Airport,TPE,09/08/2024 15:20,210,China Airlines,Economy,1395,940,TRUE,495,Y,Y,Y,1,7,2,23
Phnom Penh International Airport,PNH,10/08/2024 9:40,Suvarnabhumi Airport,BKK,10/08/2024 11:00,80,THAI,Economy,530,365,N/A,232,Y,Y,Y,1,7,2,23
Phnom Penh International Airport,PNH,10/08/2024 21:15,Suvarnabhumi Airport,BKK,10/08/2024 22:30,75,THAI,Economy,830,665,TRUE,232,Y,Y,Y,1,7,2,23
Phnom Penh International Airport,PNH,10/08/2024 15:05,Kunming Changshui International Airport,KMG,10/08/2024 18:50,165,China Eastern,Economy,1415,1130,TRUE,378,Y,Y,Y,1,8,2,23
Phnom Penh International Airport,PNH,10/08/2024 18:20,Kuala Lumpur International Airport,KUL,10/08/2024 21:10,110,Malaysia Airlines,Economy,995,720,TRUE,400,Y,Y,Y,1,7,1,23
Phnom Penh International Airport,PNH,10/08/2024 18:20,Kuala Lumpur International Airport,KUL,10/08/2024 21:10,110,Malaysia Airlines,Economy,1170,895,TRUE,424,Y,Y,Y,1,7,1,23
Phnom Penh International Airport,PNH,10/08/2024 18:40,Singapore Changi Airport,SIN,10/08/2024 21:40,120,Singapore Airlines,Economy,910,615,TRUE,467,Y,Y,Y,1,7,1,23
Phnom Penh International Airport,PNH,10/08/2024 18:40,Singapore Changi Airport,SIN,10/08/2024 21:40,120,Singapore Airlines,Economy,1235,935,TRUE,1034,Y,Y,Y,1,7,1,23
Phnom Penh International Airport,PNH,11/08/2024 9:40,Suvarnabhumi Airport,BKK,11/08/2024 11:00,80,THAI,Economy,530,365,N/A,232,Y,Y,Y,1,7,2,23
Phnom Penh International Airport,PNH,11/08/2024 21:15,Suvarnabhumi Airport,BKK,11/08/2024 22:30,75,THAI,Economy,830,665,TRUE,232,Y,Y,Y,1,7,2,23
Phnom Penh International Airport,PNH,11/08/2024 20:00,Yangon International Airport,RGN,11/08/2024 21:30,120,MAI,Economy,120,N/A,N/A,N/A,Y,Y,Y,1,7,1,30
Phnom Penh International Airport,PNH,11/08/2024 15:35,Guangzhou Baiyun International Airport,CAN,11/08/2024 19:20,165,China Southern,Economy,1150,780,TRUE,330,Y,Y,Y,1,8,1,23
Phnom Penh International Airport,PNH,11/08/2024 18:20,Kuala Lumpur International Airport,KUL,11/08/2024 21:10,110,Malaysia Airlines,Economy,995,720,TRUE,400,Y,Y,Y,1,7,1,23
Phnom Penh International Airport,PNH,11/08/2024 18:20,Kuala Lumpur International Airport,KUL,11/08/2024 21:10,110,Malaysia Airlines,Economy,1170,895,TRUE,424,Y,Y,Y,1,7,1,23
Phnom Penh International Airport,PNH,11/08/2024 18:40,Singapore Changi Airport,SIN,11/08/2024 21:40,120,Singapore Airlines,Economy,910,615,TRUE,467,Y,Y,Y,1,7,1,23
Phnom Penh International Airport,PNH,11/08/2024 18:40,Singapore Changi Airport,SIN,11/08/2024 21:40,120,Singapore Airlines,Economy,1235,935,TRUE,1034,Y,Y,Y,1,7,1,23
Phnom Penh International Airport,PNH,12/08/2024 9:40,Suvarnabhumi Airport,BKK,12/08/2024 11:00,80,THAI,Economy,530,365,N/A,232,Y,Y,Y,1,7,2,23
Phnom Penh International Airport,PNH,12/08/2024 21:15,Suvarnabhumi Airport,BKK,12/08/2024 22:30,75,THAI,Economy,830,665,TRUE,232,Y,Y,Y,1,7,2,23
Phnom Penh International Airport,PNH,12/08/2024 18:20,Kuala Lumpur International Airport,KUL,12/08/2024 21:10,110,Malaysia Airlines,Economy,995,720,TRUE,400,Y,Y,Y,1,7,1,23
Phnom Penh International Airport,PNH,12/08/2024 14:00,Kunming Changshui International Airport,KMG,12/08/2024 18:00,180,China Eastern,Economy,1480,1180,TRUE,378,Y,Y,Y,1,8,2,23
Phnom Penh International Airport,PNH,12/08/2024 18:20,Kuala Lumpur International Airport,KUL,12/08/2024 21:10,110,Malaysia Airlines,Economy,1170,895,TRUE,424,Y,Y,Y,1,7,1,23
Phnom Penh International Airport,PNH,12/08/2024 18:25,Singapore Changi Airport,SIN,12/08/2024 21:25,120,Singapore Airlines,Economy,925,630,TRUE,467,Y,Y,Y,1,7,1,23
Phnom Penh International Airport,PNH,12/08/2024 17:10,Taiwan Taoyuan International Airport,TPE,12/08/2024 21:40,210,China Airlines,Economy,1015,560,TRUE,495,Y,Y,Y,1,7,2,23
Phnom Penh International Airport,PNH,12/08/2024 18:25,Singapore Changi Airport,SIN,12/08/2024 21:25,120,Singapore Airlines,Economy,1250,950,TRUE,1034,Y,Y,Y,1,7,1,23
Phnom Penh International Airport,PNH,12/08/2024 0:15,Beijing Capital International Airport,PEK,12/08/2024 6:00,285,Air China,Economy,1235,635,N/A,N/A,Y,Y,Y,1,5,1,23
Phnom Penh International Airport,PNH,13/08/2024 9:40,Suvarnabhumi Airport,BKK,13/08/2024 11:00,80,THAI,Economy,530,365,N/A,232,Y,Y,Y,1,7,2,23
Phnom Penh International Airport,PNH,13/08/2024 21:15,Suvarnabhumi Airport,BKK,13/08/2024 22:30,75,THAI,Economy,830,665,TRUE,232,Y,Y,Y,1,7,2,23
Phnom Penh International Airport,PNH,13/08/2024 15:35,Guangzhou Baiyun International Airport,CAN,13/08/2024 19:20,165,China Southern,Economy,1150,780,TRUE,330,Y,Y,Y,1,8,1,23
Phnom Penh International Airport,PNH,13/08/2024 18:20,Kuala Lumpur International Airport,KUL,13/08/2024 21:10,110,Malaysia Airlines,Economy,995,720,TRUE,400,Y,Y,Y,1,7,1,23
Phnom Penh International Airport,PNH,13/08/2024 15:05,Kunming Changshui International Airport,KMG,13/08/2024 18:50,165,China Eastern,Economy,1415,1130,TRUE,378,Y,Y,Y,1,8,2,23
Phnom Penh International Airport,PNH,13/08/2024 18:25,Singapore Changi Airport,SIN,13/08/2024 21:25,120,Singapore Airlines,Economy,925,630,TRUE,467,Y,Y,Y,1,7,1,23
Phnom Penh International Airport,PNH,13/08/2024 18:20,Kuala Lumpur International Airport,KUL,13/08/2024 21:10,110,Malaysia Airlines,Economy,1170,895,TRUE,495,Y,Y,Y,1,7,1,23
Phnom Penh International Airport,PNH,13/08/2024 18:25,Singapore Changi Airport,SIN,13/08/2024 21:25,120,Singapore Airlines,Economy,1250,950,TRUE,1034,Y,Y,Y,1,7,1,23
Phnom Penh International Airport,PNH,14/08/2024 9:40,Suvarnabhumi Airport,BKK,14/08/2024 11:00,80,THAI,Economy,530,365,N/A,232,Y,Y,Y,1,7,2,23
Phnom Penh International Airport,PNH,14/08/2024 21:15,Suvarnabhumi Airport,BKK,14/08/2024 22:30,75,THAI,Economy,830,665,TRUE,232,Y,Y,Y,1,7,2,23
Phnom Penh International Airport,PNH,14/08/2024 20:00,Yangon International Airport,RGN,14/08/2024 21:30,120,MAI,Economy,120,N/A,N/A,N/A,Y,Y,Y,1,7,1,30
Phnom Penh International Airport,PNH,14/08/2024 14:00,Kunming Changshui International Airport,KMG,14/08/2024 18:00,180,China Eastern,Economy,1480,1180,TRUE,378,Y,Y,Y,1,8,2,23
Phnom Penh International Airport,PNH,14/08/2024 18:20,Kuala Lumpur International Airport,KUL,14/08/2024 21:10,110,Malaysia Airlines,Economy,995,720,TRUE,400,Y,Y,Y,1,7,1,23
Phnom Penh International Airport,PNH,14/08/2024 18:20,Kuala Lumpur International Airport,KUL,14/08/2024 21:10,110,Malaysia Airlines,Economy,1170,895,TRUE,424,Y,Y,Y,1,7,1,23
Phnom Penh International Airport,PNH,14/08/2024 18:40,Singapore Changi Airport,SIN,14/08/2024 21:40,120,Singapore Airlines,Economy,910,615,TRUE,467,Y,Y,Y,1,7,1,23
Phnom Penh International Airport,PNH,14/08/2024 10:50,Taiwan Taoyuan International Airport,TPE,14/08/2024 15:20,210,China Airlines,Economy,1395,940,TRUE,495,Y,Y,Y,1,7,2,23
Phnom Penh International Airport,PNH,14/08/2024 18:40,Singapore Changi Airport,SIN,14/08/2024 21:40,120,Singapore Airlines,Economy,1235,935,TRUE,1034,Y,Y,Y,1,7,1,23
Phnom Penh International Airport,PNH,15/08/2024 9:40,Suvarnabhumi Airport,BKK,15/08/2024 11:00,80,THAI,Economy,530,365,N/A,232,Y,Y,Y,1,7,2,23
Phnom Penh International Airport,PNH,15/08/2024 21:15,Suvarnabhumi Airport,BKK,15/08/2024 22:30,75,THAI,Economy,830,665,TRUE,232,Y,Y,Y,1,7,2,23
Phnom Penh International Airport,PNH,15/08/2024 15:35,Guangzhou Baiyun International Airport,CAN,15/08/2024 19:20,165,China Southern,Economy,1150,780,TRUE,330,Y,Y,Y,1,8,1,23
Phnom Penh International Airport,PNH,15/08/2024 18:20,Kuala Lumpur International Airport,KUL,15/08/2024 21:10,110,Malaysia Airlines,Economy,995,720,TRUE,400,Y,Y,Y,1,7,1,23
Phnom Penh International Airport,PNH,15/08/2024 18:20,Kuala Lumpur International Airport,KUL,15/08/2024 21:10,110,Malaysia Airlines,Economy,1170,895,TRUE,424,Y,Y,Y,1,7,1,23
Phnom Penh International Airport,PNH,15/08/2024 18:25,Singapore Changi Airport,SIN,15/08/2024 21:25,120,Singapore Airlines,Economy,925,630,TRUE,467,Y,Y,Y,1,7,1,23
Phnom Penh International Airport,PNH,15/08/2024 18:25,Singapore Changi Airport,SIN,15/08/2024 21:25,120,Singapore Airlines,Economy,1250,950,TRUE,1034,Y,Y,Y,1,7,1,23
Phnom Penh International Airport,PNH,16/08/2024 9:40,Suvarnabhumi Airport,BKK,16/08/2024 11:00,80,THAI,Economy,530,365,N/A,232,Y,Y,Y,1,7,2,23
Phnom Penh International Airport,PNH,16/08/2024 21:15,Suvarnabhumi Airport,BKK,16/08/2024 22:30,75,THAI,Economy,830,665,TRUE,232,Y,Y,Y,1,7,2,23
Phnom Penh International Airport,PNH,16/08/2024 20:00,Yangon International Airport,RGN,16/08/2024 21:30,120,MAI,Economy,120,N/A,N/A,N/A,Y,Y,Y,1,7,1,30
Phnom Penh International Airport,PNH,16/08/2024 15:35,Guangzhou Baiyun International Airport,CAN,16/08/2024 19:20,165,China Southern,Economy,1150,780,TRUE,330,Y,Y,Y,1,8,1,23
Phnom Penh International Airport,PNH,16/08/2024 14:00,Kunming Changshui International Airport,KMG,16/08/2024 17:45,165,China Eastern,Economy,1480,1195,TRUE,378,Y,Y,Y,1,8,2,23
Phnom Penh International Airport,PNH,16/08/2024 18:20,Kuala Lumpur International Airport,KUL,16/08/2024 21:10,110,Malaysia Airlines,Economy,995,720,TRUE,400,Y,Y,Y,1,7,1,23
Phnom Penh International Airport,PNH,16/08/2024 18:20,Kuala Lumpur International Airport,KUL,16/08/2024 21:10,110,Malaysia Airlines,Economy,1170,895,TRUE,424,Y,Y,Y,1,7,1,23
Phnom Penh International Airport,PNH,16/08/2024 18:25,Singapore Changi Airport,SIN,16/08/2024 21:25,120,Singapore Airlines,Economy,925,630,TRUE,467,Y,Y,Y,1,7,1,23
Phnom Penh International Airport,PNH,16/08/2024 10:50,Taiwan Taoyuan International Airport,TPE,16/08/2024 15:20,210,China Airlines,Economy,1395,940,TRUE,495,Y,Y,Y,1,7,2,23
Phnom Penh International Airport,PNH,17/08/2024 9:40,Suvarnabhumi Airport,BKK,17/08/2024 11:00,80,THAI,Economy,530,365,N/A,232,Y,Y,Y,1,7,2,23
Phnom Penh International Airport,PNH,17/08/2024 21:15,Suvarnabhumi Airport,BKK,17/08/2024 22:30,75,THAI,Economy,830,665,TRUE,232,Y,Y,Y,1,7,2,23
Phnom Penh International Airport,PNH,17/08/2024 15:05,Kunming Changshui International Airport,KMG,17/08/2024 18:50,165,China Eastern,Economy,1415,1130,TRUE,378,Y,Y,Y,1,8,2,23
Phnom Penh International Airport,PNH,17/08/2024 18:20,Kuala Lumpur International Airport,KUL,17/08/2024 21:10,110,Malaysia Airlines,Economy,995,720,TRUE,400,Y,Y,Y,1,7,1,23
Phnom Penh International Airport,PNH,17/08/2024 18:20,Kuala Lumpur International Airport,KUL,17/08/2024 21:10,110,Malaysia Airlines,Economy,1170,895,TRUE,424,Y,Y,Y,1,7,1,23
Phnom Penh International Airport,PNH,17/08/2024 18:40,Singapore Changi Airport,SIN,17/08/2024 21:40,120,Singapore Airlines,Economy,910,615,TRUE,467,Y,Y,Y,1,7,1,23
Phnom Penh International Airport,PNH,17/08/2024 18:40,Singapore Changi Airport,SIN,17/08/2024 21:40,120,Singapore Airlines,Economy,1235,935,TRUE,1034,Y,Y,Y,1,7,1,23
Phnom Penh International Airport,PNH,18/08/2024 9:40,Suvarnabhumi Airport,BKK,18/08/2024 11:00,80,THAI,Economy,530,365,N/A,232,Y,Y,Y,1,7,2,23
Phnom Penh International Airport,PNH,18/08/2024 21:15,Suvarnabhumi Airport,BKK,18/08/2024 22:30,75,THAI,Economy,830,665,TRUE,232,Y,Y,Y,1,7,2,23
Phnom Penh International Airport,PNH,18/08/2024 20:00,Yangon International Airport,RGN,18/08/2024 21:30,120,MAI,Economy,120,N/A,N/A,N/A,Y,Y,Y,1,7,1,30
Phnom Penh International Airport,PNH,18/08/2024 15:35,Guangzhou Baiyun International Airport,CAN,18/08/2024 19:20,165,China Southern,Economy,1150,780,TRUE,330,Y,Y,Y,1,8,1,23
Phnom Penh International Airport,PNH,18/08/2024 18:20,Kuala Lumpur International Airport,KUL,18/08/2024 21:10,110,Malaysia Airlines,Economy,995,720,TRUE,400,Y,Y,Y,1,7,1,23
Phnom Penh International Airport,PNH,18/08/2024 18:20,Kuala Lumpur International Airport,KUL,18/08/2024 21:10,110,Malaysia Airlines,Economy,1170,895,TRUE,424,Y,Y,Y,1,7,1,23
Phnom Penh International Airport,PNH,18/08/2024 18:40,Singapore Changi Airport,SIN,18/08/2024 21:40,120,Singapore Airlines,Economy,910,615,TRUE,467,Y,Y,Y,1,7,1,23
Phnom Penh International Airport,PNH,18/08/2024 18:40,Singapore Changi Airport,SIN,18/08/2024 21:40,120,Singapore Airlines,Economy,1235,935,TRUE,1034,Y,Y,Y,1,7,1,23
Phnom Penh International Airport,PNH,19/08/2024 9:40,Suvarnabhumi Airport,BKK,19/08/2024 11:00,80,THAI,Economy,530,365,N/A,232,Y,Y,Y,1,7,2,23
Phnom Penh International Airport,PNH,19/08/2024 21:15,Suvarnabhumi Airport,BKK,19/08/2024 22:30,75,THAI,Economy,830,665,TRUE,232,Y,Y,Y,1,7,2,23
Phnom Penh International Airport,PNH,19/08/2024 18:20,Kuala Lumpur International Airport,KUL,19/08/2024 21:10,110,Malaysia Airlines,Economy,995,720,TRUE,400,Y,Y,Y,1,7,1,23
Phnom Penh International Airport,PNH,19/08/2024 14:00,Kunming Changshui International Airport,KMG,19/08/2024 18:00,180,China Eastern,Economy,1480,1180,TRUE,378,Y,Y,Y,1,8,2,23
Phnom Penh International Airport,PNH,19/08/2024 18:20,Kuala Lumpur International Airport,KUL,19/08/2024 21:10,110,Malaysia Airlines,Economy,1170,895,TRUE,424,Y,Y,Y,1,7,1,23
Phnom Penh International Airport,PNH,19/08/2024 18:25,Singapore Changi Airport,SIN,19/08/2024 21:25,120,Singapore Airlines,Economy,925,630,TRUE,467,Y,Y,Y,1,7,1,23
Phnom Penh International Airport,PNH,19/08/2024 17:10,Taiwan Taoyuan International Airport,TPE,19/08/2024 21:40,210,China Airlines,Economy,1015,560,TRUE,495,Y,Y,Y,1,7,2,23
Phnom Penh International Airport,PNH,19/08/2024 18:25,Singapore Changi Airport,SIN,19/08/2024 21:25,120,Singapore Airlines,Economy,1250,950,TRUE,1034,Y,Y,Y,1,7,1,23
Phnom Penh International Airport,PNH,19/08/2024 0:15,Beijing Capital International Airport,PEK,19/08/2024 6:00,285,Air China,Economy,1235,635,N/A,N/A,Y,Y,Y,1,5,1,23
Phnom Penh International Airport,PNH,20/08/2024 9:40,Suvarnabhumi Airport,BKK,20/08/2024 11:00,80,THAI,Economy,530,365,N/A,232,Y,Y,Y,1,7,2,23
Phnom Penh International Airport,PNH,20/08/2024 21:15,Suvarnabhumi Airport,BKK,20/08/2024 22:30,75,THAI,Economy,830,665,TRUE,232,Y,Y,Y,1,7,2,23
Phnom Penh International Airport,PNH,20/08/2024 15:35,Guangzhou Baiyun International Airport,CAN,20/08/2024 19:20,165,China Southern,Economy,1150,780,TRUE,330,Y,Y,Y,1,8,1,23
Phnom Penh International Airport,PNH,20/08/2024 18:20,Kuala Lumpur International Airport,KUL,20/08/2024 21:10,110,Malaysia Airlines,Economy,995,720,TRUE,400,Y,Y,Y,1,7,1,23
Phnom Penh International Airport,PNH,20/08/2024 15:05,Kunming Changshui International Airport,KMG,20/08/2024 18:50,165,China Eastern,Economy,1415,1130,TRUE,378,Y,Y,Y,1,8,2,23
Phnom Penh International Airport,PNH,20/08/2024 18:20,Kuala Lumpur International Airport,KUL,20/08/2024 21:10,110,Malaysia Airlines,Economy,1170,895,TRUE,456,Y,Y,Y,1,7,1,23
Phnom Penh International Airport,PNH,20/08/2024 18:25,Singapore Changi Airport,SIN,20/08/2024 21:25,120,Singapore Airlines,Economy,925,630,TRUE,467,Y,Y,Y,1,7,1,23
Phnom Penh International Airport,PNH,20/08/2024 18:25,Singapore Changi Airport,SIN,20/08/2024 21:25,120,Singapore Airlines,Economy,1250,950,TRUE,1034,Y,Y,Y,1,7,1,23
Phnom Penh International Airport,PNH,21/08/2024 9:40,Suvarnabhumi Airport,BKK,21/08/2024 11:00,80,THAI,Economy,530,365,N/A,232,Y,Y,Y,1,7,2,23
Phnom Penh International Airport,PNH,21/08/2024 21:15,Suvarnabhumi Airport,BKK,21/08/2024 22:30,75,THAI,Economy,830,665,TRUE,232,Y,Y,Y,1,7,2,23
Phnom Penh International Airport,PNH,21/08/2024 20:00,Yangon International Airport,RGN,21/08/2024 21:30,120,MAI,Economy,120,N/A,N/A,N/A,Y,Y,Y,1,7,1,30
Phnom Penh International Airport,PNH,21/08/2024 14:00,Kunming Changshui International Airport,KMG,21/08/2024 18:00,180,China Eastern,Economy,1480,1180,TRUE,378,Y,Y,Y,1,8,2,23
Phnom Penh International Airport,PNH,21/08/2024 18:20,Kuala Lumpur International Airport,KUL,21/08/2024 21:10,110,Malaysia Airlines,Economy,995,720,TRUE,400,Y,Y,Y,1,7,1,23
Phnom Penh International Airport,PNH,21/08/2024 18:20,Kuala Lumpur International Airport,KUL,21/08/2024 21:10,110,Malaysia Airlines,Economy,1170,895,TRUE,424,Y,Y,Y,1,7,1,23
Phnom Penh International Airport,PNH,21/08/2024 18:40,Singapore Changi Airport,SIN,21/08/2024 21:40,120,Singapore Airlines,Economy,910,615,TRUE,467,Y,Y,Y,1,7,1,23
Phnom Penh International Airport,PNH,21/08/2024 10:50,Taiwan Taoyuan International Airport,TPE,21/08/2024 15:20,210,China Airlines,Economy,1395,940,TRUE,495,Y,Y,Y,1,7,2,23
Phnom Penh International Airport,PNH,21/08/2024 18:40,Singapore Changi Airport,SIN,21/08/2024 21:40,120,Singapore Airlines,Economy,1235,935,TRUE,1034,Y,Y,Y,1,7,1,23
Phnom Penh International Airport,PNH,22/08/2024 9:40,Suvarnabhumi Airport,BKK,22/08/2024 11:00,80,THAI,Economy,530,365,N/A,232,Y,Y,Y,1,7,2,23
Phnom Penh International Airport,PNH,22/08/2024 21:15,Suvarnabhumi Airport,BKK,22/08/2024 22:30,75,THAI,Economy,830,665,TRUE,232,Y,Y,Y,1,7,2,23
Phnom Penh International Airport,PNH,22/08/2024 15:35,Guangzhou Baiyun International Airport,CAN,22/08/2024 19:20,165,China Southern,Economy,1150,780,TRUE,330,Y,Y,Y,1,8,1,23
Phnom Penh International Airport,PNH,22/08/2024 18:20,Kuala Lumpur International Airport,KUL,22/08/2024 21:10,110,Malaysia Airlines,Economy,995,720,TRUE,400,Y,Y,Y,1,7,1,23
Phnom Penh International Airport,PNH,22/08/2024 18:20,Kuala Lumpur International Airport,KUL,22/08/2024 21:10,110,Malaysia Airlines,Economy,1170,895,TRUE,424,Y,Y,Y,1,7,1,23
Phnom Penh International Airport,PNH,22/08/2024 18:25,Singapore Changi Airport,SIN,22/08/2024 21:25,120,Singapore Airlines,Economy,925,630,TRUE,467,Y,Y,Y,1,7,1,23
Phnom Penh International Airport,PNH,22/08/2024 18:25,Singapore Changi Airport,SIN,22/08/2024 21:25,120,Singapore Airlines,Economy,1250,950,TRUE,1034,Y,Y,Y,1,7,1,23
Phnom Penh International Airport,PNH,23/08/2024 9:40,Suvarnabhumi Airport,BKK,23/08/2024 11:00,80,THAI,Economy,530,365,N/A,232,Y,Y,Y,1,7,2,23
Phnom Penh International Airport,PNH,23/08/2024 21:15,Suvarnabhumi Airport,BKK,23/08/2024 22:30,75,THAI,Economy,830,665,TRUE,232,Y,Y,Y,1,7,2,23
Phnom Penh International Airport,PNH,23/08/2024 20:00,Yangon International Airport,RGN,23/08/2024 21:30,120,MAI,Economy,120,N/A,N/A,N/A,Y,Y,Y,1,7,1,30
Phnom Penh International Airport,PNH,23/08/2024 15:35,Guangzhou Baiyun International Airport,CAN,23/08/2024 19:20,165,China Southern,Economy,1150,780,TRUE,330,Y,Y,Y,1,8,1,23
Phnom Penh International Airport,PNH,23/08/2024 14:00,Kunming Changshui International Airport,KMG,23/08/2024 17:45,165,China Eastern,Economy,1480,1195,TRUE,378,Y,Y,Y,1,8,2,23
Phnom Penh International Airport,PNH,23/08/2024 18:20,Kuala Lumpur International Airport,KUL,23/08/2024 21:10,110,Malaysia Airlines,Economy,995,720,TRUE,400,Y,Y,Y,1,7,1,23
Phnom Penh International Airport,PNH,23/08/2024 18:20,Kuala Lumpur International Airport,KUL,23/08/2024 21:10,110,Malaysia Airlines,Economy,1170,895,TRUE,424,Y,Y,Y,1,7,1,23
Phnom Penh International Airport,PNH,23/08/2024 18:25,Singapore Changi Airport,SIN,23/08/2024 21:25,120,Singapore Airlines,Economy,925,630,TRUE,467,Y,Y,Y,1,7,1,23
Phnom Penh International Airport,PNH,23/08/2024 10:50,Taiwan Taoyuan International Airport,TPE,23/08/2024 15:20,210,China Airlines,Economy,1395,940,TRUE,495,Y,Y,Y,1,7,2,23
Phnom Penh International Airport,PNH,24/08/2024 9:40,Suvarnabhumi Airport,BKK,24/08/2024 11:00,80,THAI,Economy,530,365,N/A,232,Y,Y,Y,1,7,2,23
Phnom Penh International Airport,PNH,24/08/2024 15:05,Kunming Changshui International Airport,KMG,24/08/2024 18:50,165,China Eastern,Economy,1415,1130,TRUE,378,Y,Y,Y,1,8,2,23
Phnom Penh International Airport,PNH,24/08/2024 18:20,Kuala Lumpur International Airport,KUL,24/08/2024 21:10,110,Malaysia Airlines,Economy,995,720,TRUE,400,Y,Y,Y,1,7,1,23
Phnom Penh International Airport,PNH,24/08/2024 21:15,Suvarnabhumi Airport,BKK,24/08/2024 22:30,75,THAI,Economy,830,665,TRUE,417,Y,Y,Y,1,7,2,23
Phnom Penh International Airport,PNH,24/08/2024 18:20,Kuala Lumpur International Airport,KUL,24/08/2024 21:10,110,Malaysia Airlines,Economy,1170,895,TRUE,424,Y,Y,Y,1,7,1,23
Phnom Penh International Airport,PNH,24/08/2024 18:40,Singapore Changi Airport,SIN,24/08/2024 21:40,120,Singapore Airlines,Economy,910,615,TRUE,467,Y,Y,Y,1,7,1,23
Phnom Penh International Airport,PNH,24/08/2024 18:40,Singapore Changi Airport,SIN,24/08/2024 21:40,120,Singapore Airlines,Economy,1235,935,TRUE,1034,Y,Y,Y,1,7,1,23
Phnom Penh International Airport,PNH,25/08/2024 9:40,Suvarnabhumi Airport,BKK,25/08/2024 11:00,80,THAI,Economy,530,365,N/A,232,Y,Y,Y,1,7,2,23
Phnom Penh International Airport,PNH,25/08/2024 21:15,Suvarnabhumi Airport,BKK,25/08/2024 22:30,75,THAI,Economy,830,665,TRUE,232,Y,Y,Y,1,7,2,23
Phnom Penh International Airport,PNH,25/08/2024 20:00,Yangon International Airport,RGN,25/08/2024 21:30,120,MAI,Economy,120,N/A,N/A,N/A,Y,Y,Y,1,7,1,30
Phnom Penh International Airport,PNH,25/08/2024 15:35,Guangzhou Baiyun International Airport,CAN,25/08/2024 19:20,165,China Southern,Economy,1150,780,TRUE,330,Y,Y,Y,1,8,1,23
Phnom Penh International Airport,PNH,25/08/2024 14:00,Kunming Changshui International Airport,KMG,25/08/2024 17:45,165,China Eastern,Economy,1480,1195,TRUE,378,Y,Y,Y,1,8,2,23
Phnom Penh International Airport,PNH,25/08/2024 18:20,Kuala Lumpur International Airport,KUL,25/08/2024 21:10,110,Malaysia Airlines,Economy,995,720,TRUE,400,Y,Y,Y,1,7,1,23
Phnom Penh International Airport,PNH,25/08/2024 18:20,Kuala Lumpur International Airport,KUL,25/08/2024 21:10,110,Malaysia Airlines,Economy,1170,895,TRUE,424,Y,Y,Y,1,7,1,23
Phnom Penh International Airport,PNH,25/08/2024 18:40,Singapore Changi Airport,SIN,25/08/2024 21:40,120,Singapore Airlines,Economy,910,615,TRUE,467,Y,Y,Y,1,7,1,23
Phnom Penh International Airport,PNH,25/08/2024 18:40,Singapore Changi Airport,SIN,25/08/2024 21:40,120,Singapore Airlines,Economy,1235,935,TRUE,1034,Y,Y,Y,1,7,1,23
Phnom Penh International Airport,PNH,26/08/2024 9:40,Suvarnabhumi Airport,BKK,26/08/2024 11:00,80,THAI,Economy,530,365,N/A,232,Y,Y,Y,1,7,2,23
Phnom Penh International Airport,PNH,26/08/2024 21:15,Suvarnabhumi Airport,BKK,26/08/2024 22:30,75,THAI,Economy,830,665,TRUE,232,Y,Y,Y,1,7,2,23
Phnom Penh International Airport,PNH,26/08/2024 18:20,Kuala Lumpur International Airport,KUL,26/08/2024 21:10,110,Malaysia Airlines,Economy,995,720,TRUE,400,Y,Y,Y,1,7,1,23
Phnom Penh International Airport,PNH,26/08/2024 14:00,Kunming Changshui International Airport,KMG,26/08/2024 18:00,180,China Eastern,Economy,1480,1180,TRUE,378,Y,Y,Y,1,8,2,23
Phnom Penh International Airport,PNH,26/08/2024 18:20,Kuala Lumpur International Airport,KUL,26/08/2024 21:10,110,Malaysia Airlines,Economy,1170,895,TRUE,424,Y,Y,Y,1,7,1,23
Phnom Penh International Airport,PNH,26/08/2024 18:25,Singapore Changi Airport,SIN,26/08/2024 21:25,120,Singapore Airlines,Economy,925,630,TRUE,467,Y,Y,Y,1,7,1,23
Phnom Penh International Airport,PNH,26/08/2024 17:10,Taiwan Taoyuan International Airport,TPE,26/08/2024 21:40,210,China Airlines,Economy,1015,560,TRUE,495,Y,Y,Y,1,7,2,23
Phnom Penh International Airport,PNH,26/08/2024 18:25,Singapore Changi Airport,SIN,26/08/2024 21:25,120,Singapore Airlines,Economy,1250,950,TRUE,1034,Y,Y,Y,1,7,1,23
Phnom Penh International Airport,PNH,26/08/2024 0:15,Beijing Capital International Airport,PEK,26/08/2024 6:00,285,Air China,Economy,1235,635,N/A,N/A,Y,Y,Y,1,5,1,23
Phnom Penh International Airport,PNH,27/08/2024 9:40,Suvarnabhumi Airport,BKK,27/08/2024 11:00,80,THAI,Economy,530,365,N/A,232,Y,Y,Y,1,7,2,23
Phnom Penh International Airport,PNH,27/08/2024 21:15,Suvarnabhumi Airport,BKK,27/08/2024 22:30,75,THAI,Economy,830,665,TRUE,232,Y,Y,Y,1,7,2,23
Phnom Penh International Airport,PNH,27/08/2024 15:35,Guangzhou Baiyun International Airport,CAN,27/08/2024 19:20,165,China Southern,Economy,1150,780,TRUE,330,Y,Y,Y,1,8,1,23
Phnom Penh International Airport,PNH,27/08/2024 18:20,Kuala Lumpur International Airport,KUL,27/08/2024 21:10,110,Malaysia Airlines,Economy,995,720,TRUE,400,Y,Y,Y,1,7,1,23
Phnom Penh International Airport,PNH,27/08/2024 15:05,Kunming Changshui International Airport,KMG,27/08/2024 18:50,165,China Eastern,Economy,1415,1130,TRUE,378,Y,Y,Y,1,8,2,23
Phnom Penh International Airport,PNH,27/08/2024 18:25,Singapore Changi Airport,SIN,27/08/2024 21:25,120,Singapore Airlines,Economy,925,630,TRUE,467,Y,Y,Y,1,7,1,23
Phnom Penh International Airport,PNH,27/08/2024 18:20,Kuala Lumpur International Airport,KUL,27/08/2024 21:10,110,Malaysia Airlines,Economy,1170,895,TRUE,495,Y,Y,Y,1,7,1,23
Phnom Penh International Airport,PNH,27/08/2024 18:25,Singapore Changi Airport,SIN,27/08/2024 21:25,120,Singapore Airlines,Economy,1250,950,TRUE,1034,Y,Y,Y,1,7,1,23
Phnom Penh International Airport,PNH,28/08/2024 9:40,Suvarnabhumi Airport,BKK,28/08/2024 11:00,80,THAI,Economy,530,365,N/A,232,Y,Y,Y,1,7,2,23
Phnom Penh International Airport,PNH,28/08/2024 21:15,Suvarnabhumi Airport,BKK,28/08/2024 22:30,75,THAI,Economy,830,665,TRUE,232,Y,Y,Y,1,7,2,23
Phnom Penh International Airport,PNH,28/08/2024 20:00,Yangon International Airport,RGN,28/08/2024 21:30,120,MAI,Economy,120,N/A,N/A,N/A,Y,Y,Y,1,7,1,30
Phnom Penh International Airport,PNH,28/08/2024 14:00,Kunming Changshui International Airport,KMG,28/08/2024 18:00,180,China Eastern,Economy,1480,1180,TRUE,378,Y,Y,Y,1,8,2,23
Phnom Penh International Airport,PNH,28/08/2024 18:20,Kuala Lumpur International Airport,KUL,28/08/2024 21:10,110,Malaysia Airlines,Economy,995,720,TRUE,400,Y,Y,Y,1,7,1,23
Phnom Penh International Airport,PNH,28/08/2024 18:20,Kuala Lumpur International Airport,KUL,28/08/2024 21:10,110,Malaysia Airlines,Economy,1170,895,TRUE,424,Y,Y,Y,1,7,1,23
Phnom Penh International Airport,PNH,28/08/2024 18:40,Singapore Changi Airport,SIN,28/08/2024 21:40,120,Singapore Airlines,Economy,910,615,TRUE,467,Y,Y,Y,1,7,1,23
Phnom Penh International Airport,PNH,28/08/2024 10:50,Taiwan Taoyuan International Airport,TPE,28/08/2024 15:20,210,China Airlines,Economy,1395,940,TRUE,495,Y,Y,Y,1,7,2,23
Phnom Penh International Airport,PNH,28/08/2024 18:40,Singapore Changi Airport,SIN,28/08/2024 21:40,120,Singapore Airlines,Economy,1235,935,TRUE,1034,Y,Y,Y,1,7,1,23
Phnom Penh International Airport,PNH,29/08/2024 9:40,Suvarnabhumi Airport,BKK,29/08/2024 11:00,80,THAI,Economy,530,365,N/A,232,Y,Y,Y,1,7,2,23
Phnom Penh International Airport,PNH,29/08/2024 15:35,Guangzhou Baiyun International Airport,CAN,29/08/2024 19:20,165,China Southern,Economy,1150,780,TRUE,330,Y,Y,Y,1,8,1,23
Phnom Penh International Airport,PNH,29/08/2024 18:20,Kuala Lumpur International Airport,KUL,29/08/2024 21:10,110,Malaysia Airlines,Economy,995,720,TRUE,400,Y,Y,Y,1,7,1,23
Phnom Penh International Airport,PNH,29/08/2024 21:15,Suvarnabhumi Airport,BKK,29/08/2024 22:30,75,THAI,Economy,830,665,TRUE,232,Y,Y,Y,1,7,2,23
Phnom Penh International Airport,PNH,29/08/2024 15:05,Kunming Changshui International Airport,KMG,29/08/2024 18:50,165,China Eastern,Economy,1415,1130,TRUE,378,Y,Y,Y,1,8,2,23
Phnom Penh International Airport,PNH,29/08/2024 18:20,Kuala Lumpur International Airport,KUL,29/08/2024 21:10,110,Malaysia Airlines,Economy,1170,895,TRUE,424,Y,Y,Y,1,7,1,23
Phnom Penh International Airport,PNH,29/08/2024 18:25,Singapore Changi Airport,SIN,29/08/2024 21:25,120,Singapore Airlines,Economy,925,630,TRUE,467,Y,Y,Y,1,7,1,23
Phnom Penh International Airport,PNH,29/08/2024 18:25,Singapore Changi Airport,SIN,29/08/2024 21:25,120,Singapore Airlines,Economy,1250,950,TRUE,1034,Y,Y,Y,1,7,1,23
Phnom Penh International Airport,PNH,30/08/2024 9:40,Suvarnabhumi Airport,BKK,30/08/2024 11:00,80,THAI,Economy,530,365,N/A,232,Y,Y,Y,1,7,2,23
Phnom Penh International Airport,PNH,30/08/2024 21:15,Suvarnabhumi Airport,BKK,30/08/2024 22:30,75,THAI,Economy,830,665,TRUE,232,Y,Y,Y,1,7,2,23
Phnom Penh International Airport,PNH,30/08/2024 20:00,Yangon International Airport,RGN,30/08/2024 21:30,120,MAI,Economy,120,N/A,N/A,N/A,Y,Y,Y,1,7,1,30
Phnom Penh International Airport,PNH,30/08/2024 15:35,Guangzhou Baiyun International Airport,CAN,30/08/2024 19:20,165,China Southern,Economy,1150,780,TRUE,330,Y,Y,Y,1,8,1,23
Phnom Penh International Airport,PNH,30/08/2024 14:00,Kunming Changshui International Airport,KMG,30/08/2024 17:45,165,China Eastern,Economy,1480,1195,TRUE,378,Y,Y,Y,1,8,2,23
Phnom Penh International Airport,PNH,30/08/2024 18:20,Kuala Lumpur International Airport,KUL,30/08/2024 21:10,110,Malaysia Airlines,Economy,995,720,TRUE,400,Y,Y,Y,1,7,1,23
Phnom Penh International Airport,PNH,30/08/2024 18:20,Kuala Lumpur International Airport,KUL,30/08/2024 21:10,110,Malaysia Airlines,Economy,1170,895,TRUE,424,Y,Y,Y,1,7,1,23
Phnom Penh International Airport,PNH,30/08/2024 18:25,Singapore Changi Airport,SIN,30/08/2024 21:25,120,Singapore Airlines,Economy,925,630,TRUE,467,Y,Y,Y,1,7,1,23
Phnom Penh International Airport,PNH,30/08/2024 10:50,Taiwan Taoyuan International Airport,TPE,30/08/2024 15:20,210,China Airlines,Economy,1395,940,TRUE,495,Y,Y,Y,1,7,2,23
Phnom Penh International Airport,PNH,31/08/2024 9:40,Suvarnabhumi Airport,BKK,31/08/2024 11:00,80,THAI,Economy,530,365,N/A,232,Y,Y,Y,1,7,2,23
Phnom Penh International Airport,PNH,31/08/2024 21:15,Suvarnabhumi Airport,BKK,31/08/2024 22:30,75,THAI,Economy,830,665,TRUE,232,Y,Y,Y,1,7,2,23
Phnom Penh International Airport,PNH,31/08/2024 15:05,Kunming Changshui International Airport,KMG,31/08/2024 18:50,165,China Eastern,Economy,1415,1130,TRUE,378,Y,Y,Y,1,8,2,23
Phnom Penh International Airport,PNH,31/08/2024 18:20,Kuala Lumpur International Airport,KUL,31/08/2024 21:10,110,Malaysia Airlines,Economy,995,720,TRUE,400,Y,Y,Y,1,7,1,23
Phnom Penh International Airport,PNH,31/08/2024 18:20,Kuala Lumpur International Airport,KUL,31/08/2024 21:10,110,Malaysia Airlines,Economy,1170,895,TRUE,424,Y,Y,Y,1,7,1,23
Phnom Penh International Airport,PNH,31/08/2024 18:40,Singapore Changi Airport,SIN,31/08/2024 21:40,120,Singapore Airlines,Economy,910,615,TRUE,467,Y,Y,Y,1,7,1,23
Phnom Penh International Airport,PNH,31/08/2024 18:40,Singapore Changi Airport,SIN,31/08/2024 21:40,120,Singapore Airlines,Economy,1235,935,TRUE,1034,Y,Y,Y,1,7,1,23