Departure Airport Name,Departure Airport ID,Departure Time,Arrival Airport Name,Arrival Airport ID,Arrival Time,Duration,Airline,Travel Class,Total Duration,Layover 1 Duration,Layover 1 Overnight,Price, Cabin Baggage, Checked Baggage,Meal Included,Cabin Baggage (Number),Cabin Baggage (kg per piece),Checked Baggage (Number),Checked Baggage (kg per piece) 
Phnom Penh International Airport,PNH,01/07/2024 18:25,Singapore Changi Airport,SIN,01/07/2024 21:25,120,Singapore Airlines,Economy,945,695,TRUE,580,Y,Y,Y,1,7,1,23
Phnom Penh International Airport,PNH,02/07/2024 11:10,Kuala Lumpur International Airport,KUL,02/07/2024 14:00,110,Malaysia Airlines,Economy,690,435,N/A,464,Y,Y,Y,1,7,1,23
Phnom Penh International Airport,PNH,02/07/2024 18:25,Singapore Changi Airport,SIN,02/07/2024 21:25,120,Singapore Airlines,Economy,1175,920,TRUE,580,Y,Y,Y,1,7,1,23
Phnom Penh International Airport,PNH,03/07/2024 11:10,Kuala Lumpur International Airport,KUL,03/07/2024 14:00,110,Malaysia Airlines,Economy,690,435,N/A,464,Y,Y,Y,1,7,1,23
Phnom Penh International Airport,PNH,03/07/2024 18:20,Kuala Lumpur International Airport,KUL,03/07/2024 21:10,110,Malaysia Airlines,Economy,1155,900,TRUE,466,Y,Y,Y,1,7,1,23
Phnom Penh International Airport,PNH,03/07/2024 18:40,Singapore Changi Airport,SIN,03/07/2024 21:40,120,Singapore Airlines,Economy,930,680,TRUE,580,Y,Y,Y,1,7,1,23
Phnom Penh International Airport,PNH,04/07/2024 18:20,Kuala Lumpur International Airport,KUL,04/07/2024 21:10,110,Malaysia Airlines,Economy,1155,900,TRUE,466,Y,Y,Y,1,7,1,23
Phnom Penh International Airport,PNH,04/07/2024 18:25,Singapore Changi Airport,SIN,04/07/2024 21:25,120,Singapore Airlines,Economy,1175,920,TRUE,580,Y,Y,Y,1,7,1,23
Phnom Penh International Airport,PNH,05/07/2024 0:50,Ninoy Aquino International Airport,MNL,05/07/2024 4:40,170,Philippine Airlines,Economy,1310,1015,TRUE,338,Y,Y,Y,1,7,1,30
Phnom Penh International Airport,PNH,05/07/2024 11:10,Kuala Lumpur International Airport,KUL,05/07/2024 14:00,110,Malaysia Airlines,Economy,690,435,N/A,464,Y,Y,Y,1,7,1,23
Phnom Penh International Airport,PNH,05/07/2024 18:20,Kuala Lumpur International Airport,KUL,05/07/2024 21:10,110,Malaysia Airlines,Economy,1155,900,TRUE,466,Y,Y,Y,1,7,1,23
Phnom Penh International Airport,PNH,05/07/2024 18:25,Singapore Changi Airport,SIN,05/07/2024 21:25,120,Singapore Airlines,Economy,945,695,TRUE,580,Y,Y,Y,1,7,1,23
Phnom Penh International Airport,PNH,06/07/2024 18:20,Kuala Lumpur International Airport,KUL,06/07/2024 21:10,110,Malaysia Airlines,Economy,1155,900,TRUE,466,Y,Y,Y,1,7,1,23
Phnom Penh International Airport,PNH,06/07/2024 18:40,Singapore Changi Airport,SIN,06/07/2024 21:40,120,Singapore Airlines,Economy,1160,905,TRUE,512,Y,Y,Y,1,7,1,23
Phnom Penh International Airport,PNH,07/07/2024 11:10,Kuala Lumpur International Airport,KUL,07/07/2024 14:00,110,Malaysia Airlines,Economy,690,435,N/A,464,Y,Y,Y,1,7,1,23
Phnom Penh International Airport,PNH,07/07/2024 18:40,Singapore Changi Airport,SIN,07/07/2024 21:40,120,Singapore Airlines,Economy,930,680,TRUE,512,Y,Y,Y,1,7,1,23
Phnom Penh International Airport,PNH,07/07/2024 18:20,Kuala Lumpur International Airport,KUL,07/07/2024 21:10,110,Malaysia Airlines,Economy,1155,900,TRUE,570,Y,Y,Y,1,7,1,23
Phnom Penh International Airport,PNH,08/07/2024 18:20,Kuala Lumpur International Airport,KUL,08/07/2024 21:10,110,Malaysia Airlines,Economy,1700,1445,TRUE,473,Y,Y,Y,1,7,1,23
Phnom Penh International Airport,PNH,08/07/2024 18:25,Singapore Changi Airport,SIN,08/07/2024 21:25,120,Singapore Airlines,Economy,945,695,TRUE,512,Y,Y,Y,1,7,1,23
Phnom Penh International Airport,PNH,09/07/2024 11:10,Kuala Lumpur International Airport,KUL,09/07/2024 14:00,110,Malaysia Airlines,Economy,690,435,N/A,464,Y,Y,Y,1,7,1,23
Phnom Penh International Airport,PNH,09/07/2024 18:25,Singapore Changi Airport,SIN,09/07/2024 21:25,120,Singapore Airlines,Economy,1175,920,TRUE,512,Y,Y,Y,1,7,1,23
Phnom Penh International Airport,PNH,09/07/2024 18:20,Kuala Lumpur International Airport,KUL,09/07/2024 21:10,110,Malaysia Airlines,Economy,1700,1445,TRUE,520,Y,Y,Y,1,7,1,23
Phnom Penh International Airport,PNH,10/07/2024 18:20,Kuala Lumpur International Airport,KUL,10/07/2024 21:10,110,Malaysia Airlines,Economy,1155,900,TRUE,466,Y,Y,Y,1,7,1,23
Phnom Penh International Airport,PNH,10/07/2024 11:10,Kuala Lumpur International Airport,KUL,10/07/2024 14:00,110,Malaysia Airlines,Economy,690,435,N/A,511,Y,Y,Y,1,7,1,23
Phnom Penh International Airport,PNH,10/07/2024 18:40,Singapore Changi Airport,SIN,10/07/2024 21:40,120,Singapore Airlines,Economy,930,680,TRUE,580,Y,Y,Y,1,7,1,23
Phnom Penh International Airport,PNH,11/07/2024 18:20,Kuala Lumpur International Airport,KUL,11/07/2024 21:10,110,Malaysia Airlines,Economy,1155,900,TRUE,466,Y,Y,Y,1,7,1,23
Phnom Penh International Airport,PNH,11/07/2024 18:25,Singapore Changi Airport,SIN,11/07/2024 21:25,120,Singapore Airlines,Economy,1175,920,TRUE,512,Y,Y,Y,1,7,1,23
Phnom Penh International Airport,PNH,12/07/2024 0:50,Ninoy Aquino International Airport,MNL,12/07/2024 4:40,170,Philippine Airlines,Economy,1310,1015,TRUE,338,Y,Y,Y,1,7,1,30
Phnom Penh International Airport,PNH,12/07/2024 18:20,Kuala Lumpur International Airport,KUL,12/07/2024 21:10,110,Malaysia Airlines,Economy,1155,900,TRUE,466,Y,Y,Y,1,7,1,23
Phnom Penh International Airport,PNH,12/07/2024 18:25,Singapore Changi Airport,SIN,12/07/2024 21:25,120,Singapore Airlines,Economy,945,695,TRUE,512,Y,Y,Y,1,7,1,23
Phnom Penh International Airport,PNH,12/07/2024 11:10,Kuala Lumpur International Airport,KUL,12/07/2024 14:00,110,Malaysia Airlines,Economy,690,435,N/A,541,Y,Y,Y,1,7,1,23
Phnom Penh International Airport,PNH,13/07/2024 18:20,Kuala Lumpur International Airport,KUL,13/07/2024 21:10,110,Malaysia Airlines,Economy,1155,900,TRUE,466,Y,Y,Y,1,7,1,23
Phnom Penh International Airport,PNH,13/07/2024 18:40,Singapore Changi Airport,SIN,13/07/2024 21:40,120,Singapore Airlines,Economy,1160,905,TRUE,512,Y,Y,Y,1,7,1,23
Phnom Penh International Airport,PNH,14/07/2024 11:10,Kuala Lumpur International Airport,KUL,14/07/2024 14:00,110,Malaysia Airlines,Economy,690,435,N/A,511,Y,Y,Y,1,7,1,23
Phnom Penh International Airport,PNH,14/07/2024 18:40,Singapore Changi Airport,SIN,14/07/2024 21:40,120,Singapore Airlines,Economy,930,680,TRUE,512,Y,Y,Y,1,7,1,23
Phnom Penh International Airport,PNH,15/07/2024 18:25,Singapore Changi Airport,SIN,15/07/2024 21:25,120,Singapore Airlines,Economy,945,695,TRUE,512,Y,Y,Y,1,7,1,23
Phnom Penh International Airport,PNH,16/07/2024 11:10,Kuala Lumpur International Airport,KUL,16/07/2024 14:00,110,Malaysia Airlines,Economy,690,435,N/A,464,Y,Y,Y,1,7,1,23
Phnom Penh International Airport,PNH,16/07/2024 18:25,Singapore Changi Airport,SIN,16/07/2024 21:25,120,Singapore Airlines,Economy,1175,920,TRUE,512,Y,Y,Y,1,7,1,23
Phnom Penh International Airport,PNH,17/07/2024 11:10,Kuala Lumpur International Airport,KUL,17/07/2024 14:00,110,Malaysia Airlines,Economy,690,435,N/A,464,Y,Y,Y,1,7,1,23
Phnom Penh International Airport,PNH,17/07/2024 18:20,Kuala Lumpur International Airport,KUL,17/07/2024 21:10,110,Malaysia Airlines,Economy,1155,900,TRUE,466,Y,Y,Y,1,7,1,23
Phnom Penh International Airport,PNH,17/07/2024 18:40,Singapore Changi Airport,SIN,17/07/2024 21:40,120,Singapore Airlines,Economy,930,680,TRUE,512,Y,Y,Y,1,7,1,23
Phnom Penh International Airport,PNH,18/07/2024 18:20,Kuala Lumpur International Airport,KUL,18/07/2024 21:10,110,Malaysia Airlines,Economy,1155,900,TRUE,466,Y,Y,Y,1,7,1,23
Phnom Penh International Airport,PNH,18/07/2024 18:25,Singapore Changi Airport,SIN,18/07/2024 21:25,120,Singapore Airlines,Economy,1175,920,TRUE,512,Y,Y,Y,1,7,1,23
Phnom Penh International Airport,PNH,19/07/2024 0:50,Ninoy Aquino International Airport,MNL,19/07/2024 4:40,170,Philippine Airlines,Economy,1310,1015,TRUE,338,Y,Y,Y,1,7,1,30
Phnom Penh International Airport,PNH,19/07/2024 11:10,Kuala Lumpur International Airport,KUL,19/07/2024 14:00,110,Malaysia Airlines,Economy,690,435,N/A,464,Y,Y,Y,1,7,1,23
Phnom Penh International Airport,PNH,19/07/2024 18:20,Kuala Lumpur International Airport,KUL,19/07/2024 21:10,110,Malaysia Airlines,Economy,1155,900,TRUE,466,Y,Y,Y,1,7,1,23
Phnom Penh International Airport,PNH,19/07/2024 18:25,Singapore Changi Airport,SIN,19/07/2024 21:25,120,Singapore Airlines,Economy,945,695,TRUE,512,Y,Y,Y,1,7,1,23
Phnom Penh International Airport,PNH,20/07/2024 18:20,Kuala Lumpur International Airport,KUL,20/07/2024 21:10,110,Malaysia Airlines,Economy,1155,900,TRUE,466,Y,Y,Y,1,7,1,23
Phnom Penh International Airport,PNH,20/07/2024 18:40,Singapore Changi Airport,SIN,20/07/2024 21:40,120,Singapore Airlines,Economy,1160,905,TRUE,470,Y,Y,Y,1,7,1,23
Phnom Penh International Airport,PNH,21/07/2024 11:10,Kuala Lumpur International Airport,KUL,21/07/2024 14:00,110,Malaysia Airlines,Economy,690,435,N/A,464,Y,Y,Y,1,7,1,23
Phnom Penh International Airport,PNH,21/07/2024 18:40,Singapore Changi Airport,SIN,21/07/2024 21:40,120,Singapore Airlines,Economy,930,680,TRUE,470,Y,Y,Y,1,7,1,23
Phnom Penh International Airport,PNH,22/07/2024 18:25,Singapore Changi Airport,SIN,22/07/2024 21:25,120,Singapore Airlines,Economy,945,695,TRUE,470,Y,Y,Y,1,7,1,23
Phnom Penh International Airport,PNH,23/07/2024 11:10,Kuala Lumpur International Airport,KUL,23/07/2024 14:00,110,Malaysia Airlines,Economy,690,435,N/A,464,Y,Y,Y,1,7,1,23
Phnom Penh International Airport,PNH,23/07/2024 18:25,Singapore Changi Airport,SIN,23/07/2024 21:25,120,Singapore Airlines,Economy,1175,920,TRUE,470,Y,Y,Y,1,7,1,23
Phnom Penh International Airport,PNH,24/07/2024 11:10,Kuala Lumpur International Airport,KUL,24/07/2024 14:00,110,Malaysia Airlines,Economy,690,435,N/A,464,Y,Y,Y,1,7,1,23
Phnom Penh International Airport,PNH,24/07/2024 18:20,Kuala Lumpur International Airport,KUL,24/07/2024 21:10,110,Malaysia Airlines,Economy,1155,900,TRUE,466,Y,Y,Y,1,7,1,23
Phnom Penh International Airport,PNH,24/07/2024 18:40,Singapore Changi Airport,SIN,24/07/2024 21:40,120,Singapore Airlines,Economy,930,680,TRUE,470,Y,Y,Y,1,7,1,23
Phnom Penh International Airport,PNH,25/07/2024 18:20,Kuala Lumpur International Airport,KUL,25/07/2024 21:10,110,Malaysia Airlines,Economy,1155,900,TRUE,466,Y,Y,Y,1,7,1,23
Phnom Penh International Airport,PNH,25/07/2024 18:25,Singapore Changi Airport,SIN,25/07/2024 21:25,120,Singapore Airlines,Economy,1175,920,TRUE,470,Y,Y,Y,1,7,1,23
Phnom Penh International Airport,PNH,26/07/2024 0:50,Ninoy Aquino International Airport,MNL,26/07/2024 4:40,170,Philippine Airlines,Economy,1310,1015,TRUE,338,Y,Y,Y,1,7,1,30
Phnom Penh International Airport,PNH,26/07/2024 18:25,Singapore Changi Airport,SIN,26/07/2024 21:25,120,Singapore Airlines,Economy,945,695,TRUE,427,Y,Y,Y,1,7,1,23
Phnom Penh International Airport,PNH,26/07/2024 11:10,Kuala Lumpur International Airport,KUL,26/07/2024 14:00,110,Malaysia Airlines,Economy,690,435,N/A,464,Y,Y,Y,1,7,1,23
Phnom Penh International Airport,PNH,26/07/2024 18:20,Kuala Lumpur International Airport,KUL,26/07/2024 21:10,110,Malaysia Airlines,Economy,1155,900,TRUE,466,Y,Y,Y,1,7,1,23
Phnom Penh International Airport,PNH,27/07/2024 18:20,Kuala Lumpur International Airport,KUL,27/07/2024 21:10,110,Malaysia Airlines,Economy,1155,900,TRUE,466,Y,Y,Y,1,7,1,23
Phnom Penh International Airport,PNH,27/07/2024 18:40,Singapore Changi Airport,SIN,27/07/2024 21:40,120,Singapore Airlines,Economy,1160,905,TRUE,512,Y,Y,Y,1,7,1,23
Phnom Penh International Airport,PNH,28/07/2024 18:40,Singapore Changi Airport,SIN,28/07/2024 21:40,120,Singapore Airlines,Economy,930,680,TRUE,427,Y,Y,Y,1,7,1,23
Phnom Penh International Airport,PNH,28/07/2024 11:10,Kuala Lumpur International Airport,KUL,28/07/2024 14:00,110,Malaysia Airlines,Economy,690,435,N/A,464,Y,Y,Y,1,7,1,23
Phnom Penh International Airport,PNH,29/07/2024 18:25,Singapore Changi Airport,SIN,29/07/2024 21:25,120,Singapore Airlines,Economy,945,695,TRUE,427,Y,Y,Y,1,7,1,23
Phnom Penh International Airport,PNH,30/07/2024 18:25,Singapore Changi Airport,SIN,30/07/2024 21:25,120,Singapore Airlines,Economy,1175,920,TRUE,427,Y,Y,Y,1,7,1,23
Phnom Penh International Airport,PNH,30/07/2024 11:10,Kuala Lumpur International Airport,KUL,30/07/2024 14:00,110,Malaysia Airlines,Economy,690,435,N/A,464,Y,Y,Y,1,7,1,23
Phnom Penh International Airport,PNH,31/07/2024 18:40,Singapore Changi Airport,SIN,31/07/2024 21:40,120,Singapore Airlines,Economy,930,680,TRUE,427,Y,Y,Y,1,7,1,23
Phnom Penh International Airport,PNH,31/07/2024 11:10,Kuala Lumpur International Airport,KUL,31/07/2024 14:00,110,Malaysia Airlines,Economy,690,435,N/A,464,Y,Y,Y,1,7,1,23
Phnom Penh International Airport,PNH,31/07/2024 18:20,Kuala Lumpur International Airport,KUL,31/07/2024 21:10,110,Malaysia Airlines,Economy,1155,900,TRUE,466,Y,Y,Y,1,7,1,23
Phnom Penh International Airport,PNH,01/08/2024 18:25,Singapore Changi Airport,SIN,01/08/2024 21:25,120,Singapore Airlines,Economy,1175,920,TRUE,512,Y,Y,Y,1,7,1,23
Phnom Penh International Airport,PNH,01/08/2024 11:10,Kuala Lumpur International Airport,KUL,01/08/2024 14:00,110,Malaysia Airlines,Economy,690,435,N/A,526,Y,Y,Y,1,7,1,23
Phnom Penh International Airport,PNH,01/08/2024 18:20,Kuala Lumpur International Airport,KUL,01/08/2024 21:10,110,Malaysia Airlines,Economy,1155,900,TRUE,528,Y,Y,Y,1,7,1,23
Phnom Penh International Airport,PNH,02/08/2024 0:50,Ninoy Aquino International Airport,MNL,02/08/2024 4:40,170,Philippine Airlines,Economy,1310,1015,TRUE,331,Y,Y,Y,1,7,1,30
Phnom Penh International Airport,PNH,02/08/2024 18:25,Singapore Changi Airport,SIN,02/08/2024 21:25,120,Singapore Airlines,Economy,945,695,TRUE,512,Y,Y,Y,1,7,1,23
Phnom Penh International Airport,PNH,02/08/2024 11:10,Kuala Lumpur International Airport,KUL,02/08/2024 14:00,110,Malaysia Airlines,Economy,690,435,N/A,526,Y,Y,Y,1,7,1,23
Phnom Penh International Airport,PNH,02/08/2024 18:20,Kuala Lumpur International Airport,KUL,02/08/2024 21:10,110,Malaysia Airlines,Economy,1155,900,TRUE,545,Y,Y,Y,1,7,1,23
Phnom Penh International Airport,PNH,03/08/2024 18:40,Singapore Changi Airport,SIN,03/08/2024 21:40,120,Singapore Airlines,Economy,1160,905,TRUE,512,Y,Y,Y,1,7,1,23
Phnom Penh International Airport,PNH,03/08/2024 18:20,Kuala Lumpur International Airport,KUL,03/08/2024 21:10,110,Malaysia Airlines,Economy,1700,1445,TRUE,588,Y,Y,Y,1,7,1,23
Phnom Penh International Airport,PNH,03/08/2024 18:20,Kuala Lumpur International Airport,KUL,03/08/2024 21:10,110,Malaysia Airlines,Economy,1155,900,TRUE,739,Y,Y,Y,1,7,1,23
Phnom Penh International Airport,PNH,04/08/2024 18:40,Singapore Changi Airport,SIN,04/08/2024 21:40,120,Singapore Airlines,Economy,930,680,TRUE,512,Y,Y,Y,1,7,1,23
Phnom Penh International Airport,PNH,04/08/2024 11:10,Kuala Lumpur International Airport,KUL,04/08/2024 14:00,110,Malaysia Airlines,Economy,690,435,N/A,579,Y,Y,Y,1,7,1,23
Phnom Penh International Airport,PNH,04/08/2024 18:20,Kuala Lumpur International Airport,KUL,04/08/2024 21:10,110,Malaysia Airlines,Economy,1155,900,TRUE,739,Y,Y,Y,1,7,1,23
Phnom Penh International Airport,PNH,05/08/2024 18:25,Singapore Changi Airport,SIN,05/08/2024 21:25,120,Singapore Airlines,Economy,945,695,TRUE,581,Y,Y,Y,1,7,1,23
Phnom Penh International Airport,PNH,05/08/2024 18:20,Kuala Lumpur International Airport,KUL,05/08/2024 21:10,110,Malaysia Airlines,Economy,1700,1445,TRUE,745,Y,Y,Y,1,7,1,23
Phnom Penh International Airport,PNH,06/08/2024 18:25,Singapore Changi Airport,SIN,06/08/2024 21:25,120,Singapore Airlines,Economy,1175,920,TRUE,512,Y,Y,Y,1,7,1,23
Phnom Penh International Airport,PNH,06/08/2024 11:10,Kuala Lumpur International Airport,KUL,06/08/2024 14:00,110,Malaysia Airlines,Economy,690,435,N/A,737,Y,Y,Y,1,7,1,23
Phnom Penh International Airport,PNH,06/08/2024 18:20,Kuala Lumpur International Airport,KUL,06/08/2024 21:10,110,Malaysia Airlines,Economy,1700,1445,TRUE,745,Y,Y,Y,1,7,1,23
Phnom Penh International Airport,PNH,07/08/2024 18:20,Kuala Lumpur International Airport,KUL,07/08/2024 21:10,110,Malaysia Airlines,Economy,1155,900,TRUE,545,Y,Y,Y,1,7,1,23
Phnom Penh International Airport,PNH,07/08/2024 18:40,Singapore Changi Airport,SIN,07/08/2024 21:40,120,Singapore Airlines,Economy,930,680,TRUE,581,Y,Y,Y,1,7,1,23
Phnom Penh International Airport,PNH,07/08/2024 11:10,Kuala Lumpur International Airport,KUL,07/08/2024 14:00,110,Malaysia Airlines,Economy,690,435,N/A,737,Y,Y,Y,1,7,1,23
Phnom Penh International Airport,PNH,08/08/2024 11:10,Kuala Lumpur International Airport,KUL,08/08/2024 14:00,110,Malaysia Airlines,Economy,690,435,N/A,543,Y,Y,Y,1,7,1,23
Phnom Penh International Airport,PNH,08/08/2024 18:20,Kuala Lumpur International Airport,KUL,08/08/2024 21:10,110,Malaysia Airlines,Economy,1155,900,TRUE,545,Y,Y,Y,1,7,1,23
Phnom Penh International Airport,PNH,08/08/2024 18:25,Singapore Changi Airport,SIN,08/08/2024 21:25,120,Singapore Airlines,Economy,1175,920,TRUE,670,Y,Y,Y,1,7,1,23
Phnom Penh International Airport,PNH,09/08/2024 0:50,Ninoy Aquino International Airport,MNL,09/08/2024 4:40,170,Philippine Airlines,Economy,1310,1015,TRUE,315,Y,Y,Y,1,7,1,30
Phnom Penh International Airport,PNH,09/08/2024 18:25,Singapore Changi Airport,SIN,09/08/2024 21:25,120,Singapore Airlines,Economy,945,695,TRUE,512,Y,Y,Y,1,7,1,23
Phnom Penh International Airport,PNH,09/08/2024 11:10,Kuala Lumpur International Airport,KUL,09/08/2024 14:00,110,Malaysia Airlines,Economy,690,435,N/A,543,Y,Y,Y,1,7,1,23
Phnom Penh International Airport,PNH,09/08/2024 18:20,Kuala Lumpur International Airport,KUL,09/08/2024 21:10,110,Malaysia Airlines,Economy,1155,900,TRUE,1466,Y,Y,Y,1,7,1,23
Phnom Penh International Airport,PNH,10/08/2024 18:40,Singapore Changi Airport,SIN,10/08/2024 21:40,120,Singapore Airlines,Economy,1160,905,TRUE,581,Y,Y,Y,1,7,1,23
Phnom Penh International Airport,PNH,10/08/2024 18:20,Kuala Lumpur International Airport,KUL,10/08/2024 21:10,110,Malaysia Airlines,Economy,1155,900,TRUE,739,Y,Y,Y,1,7,1,23
Phnom Penh International Airport,PNH,12/08/2024 18:25,Singapore Changi Airport,SIN,12/08/2024 21:25,120,Singapore Airlines,Economy,945,695,TRUE,512,Y,Y,Y,1,7,1,23
Phnom Penh International Airport,PNH,13/08/2024 18:25,Singapore Changi Airport,SIN,13/08/2024 21:25,120,Singapore Airlines,Economy,1175,920,TRUE,670,Y,Y,Y,1,7,1,23
Phnom Penh International Airport,PNH,13/08/2024 11:10,Kuala Lumpur International Airport,KUL,13/08/2024 14:00,110,Malaysia Airlines,Economy,690,435,N/A,796,Y,Y,Y,1,7,1,23
Phnom Penh International Airport,PNH,14/08/2024 11:10,Kuala Lumpur International Airport,KUL,14/08/2024 14:00,110,Malaysia Airlines,Economy,690,435,N/A,737,Y,Y,Y,1,7,1,23
Phnom Penh International Airport,PNH,14/08/2024 18:20,Kuala Lumpur International Airport,KUL,14/08/2024 21:10,110,Malaysia Airlines,Economy,1155,900,TRUE,1466,Y,Y,Y,1,7,1,23
Phnom Penh International Airport,PNH,15/08/2024 18:20,Kuala Lumpur International Airport,KUL,15/08/2024 21:10,110,Malaysia Airlines,Economy,1155,900,TRUE,581,Y,Y,Y,1,7,1,23
Phnom Penh International Airport,PNH,15/08/2024 11:10,Kuala Lumpur International Airport,KUL,15/08/2024 14:00,110,Malaysia Airlines,Economy,690,435,N/A,737,Y,Y,Y,1,7,1,23
Phnom Penh International Airport,PNH,15/08/2024 18:25,Singapore Changi Airport,SIN,15/08/2024 21:25,120,Singapore Airlines,Economy,1175,920,TRUE,2301,Y,Y,Y,1,7,1,23
Phnom Penh International Airport,PNH,16/08/2024 0:50,Ninoy Aquino International Airport,MNL,16/08/2024 4:40,170,Philippine Airlines,Economy,1310,1015,TRUE,331,Y,Y,Y,1,7,1,30
Phnom Penh International Airport,PNH,16/08/2024 18:20,Kuala Lumpur International Airport,KUL,16/08/2024 21:10,110,Malaysia Airlines,Economy,1155,900,TRUE,693,Y,Y,Y,1,7,1,23
Phnom Penh International Airport,PNH,16/08/2024 11:10,Kuala Lumpur International Airport,KUL,16/08/2024 14:00,110,Malaysia Airlines,Economy,690,435,N/A,737,Y,Y,Y,1,7,1,23
Phnom Penh International Airport,PNH,17/08/2024 18:20,Kuala Lumpur International Airport,KUL,17/08/2024 21:10,110,Malaysia Airlines,Economy,1155,900,TRUE,739,Y,Y,Y,1,7,1,23
Phnom Penh International Airport,PNH,18/08/2024 18:40,Singapore Changi Airport,SIN,18/08/2024 21:40,120,Singapore Airlines,Economy,930,680,TRUE,670,Y,Y,Y,1,7,1,23
Phnom Penh International Airport,PNH,18/08/2024 11:10,Kuala Lumpur International Airport,KUL,18/08/2024 14:00,110,Malaysia Airlines,Economy,690,435,N/A,737,Y,Y,Y,1,7,1,23
Phnom Penh International Airport,PNH,19/08/2024 18:25,Singapore Changi Airport,SIN,19/08/2024 21:25,120,Singapore Airlines,Economy,945,695,TRUE,471,Y,Y,Y,1,7,1,23
Phnom Penh International Airport,PNH,20/08/2024 18:25,Singapore Changi Airport,SIN,20/08/2024 21:25,120,Singapore Airlines,Economy,1175,920,TRUE,471,Y,Y,Y,1,7,1,23
Phnom Penh International Airport,PNH,20/08/2024 11:10,Kuala Lumpur International Airport,KUL,20/08/2024 14:00,110,Malaysia Airlines,Economy,690,435,N/A,737,Y,Y,Y,1,7,1,23
Phnom Penh International Airport,PNH,21/08/2024 18:40,Singapore Changi Airport,SIN,21/08/2024 21:40,120,Singapore Airlines,Economy,930,680,TRUE,428,Y,Y,Y,1,7,1,23
Phnom Penh International Airport,PNH,21/08/2024 18:20,Kuala Lumpur International Airport,KUL,21/08/2024 21:10,110,Malaysia Airlines,Economy,1155,900,TRUE,545,Y,Y,Y,1,7,1,23
Phnom Penh International Airport,PNH,22/08/2024 18:25,Singapore Changi Airport,SIN,22/08/2024 21:25,120,Singapore Airlines,Economy,1175,920,TRUE,428,Y,Y,Y,1,7,1,23
Phnom Penh International Airport,PNH,22/08/2024 11:10,Kuala Lumpur International Airport,KUL,22/08/2024 14:00,110,Malaysia Airlines,Economy,690,435,N/A,543,Y,Y,Y,1,7,1,23
Phnom Penh International Airport,PNH,22/08/2024 18:20,Kuala Lumpur International Airport,KUL,22/08/2024 21:10,110,Malaysia Airlines,Economy,1155,900,TRUE,545,Y,Y,Y,1,7,1,23
Phnom Penh International Airport,PNH,23/08/2024 0:50,Ninoy Aquino International Airport,MNL,23/08/2024 4:40,170,Philippine Airlines,Economy,1310,1015,TRUE,315,Y,Y,Y,1,7,1,30
Phnom Penh International Airport,PNH,23/08/2024 18:25,Singapore Changi Airport,SIN,23/08/2024 21:25,120,Singapore Airlines,Economy,945,695,TRUE,512,Y,Y,Y,1,7,1,23
Phnom Penh International Airport,PNH,23/08/2024 11:10,Kuala Lumpur International Airport,KUL,23/08/2024 14:00,110,Malaysia Airlines,Economy,690,435,N/A,526,Y,Y,Y,1,7,1,23
Phnom Penh International Airport,PNH,23/08/2024 18:20,Kuala Lumpur International Airport,KUL,23/08/2024 21:10,110,Malaysia Airlines,Economy,1155,900,TRUE,739,Y,Y,Y,1,7,1,23
Phnom Penh International Airport,PNH,24/08/2024 18:40,Singapore Changi Airport,SIN,24/08/2024 21:40,120,Singapore Airlines,Economy,1160,905,TRUE,428,Y,Y,Y,1,7,1,23
Phnom Penh International Airport,PNH,24/08/2024 18:20,Kuala Lumpur International Airport,KUL,24/08/2024 21:10,110,Malaysia Airlines,Economy,1155,900,TRUE,545,Y,Y,Y,1,7,1,23
Phnom Penh International Airport,PNH,25/08/2024 18:40,Singapore Changi Airport,SIN,25/08/2024 21:40,120,Singapore Airlines,Economy,930,680,TRUE,428,Y,Y,Y,1,7,1,23
Phnom Penh International Airport,PNH,25/08/2024 11:10,Kuala Lumpur International Airport,KUL,25/08/2024 14:00,110,Malaysia Airlines,Economy,690,435,N/A,579,Y,Y,Y,1,7,1,23
Phnom Penh International Airport,PNH,26/08/2024 18:25,Singapore Changi Airport,SIN,26/08/2024 21:25,120,Singapore Airlines,Economy,945,695,TRUE,428,Y,Y,Y,1,7,1,23
Phnom Penh International Airport,PNH,27/08/2024 18:25,Singapore Changi Airport,SIN,27/08/2024 21:25,120,Singapore Airlines,Economy,1175,920,TRUE,428,Y,Y,Y,1,7,1,23
Phnom Penh International Airport,PNH,27/08/2024 11:10,Kuala Lumpur International Airport,KUL,27/08/2024 14:00,110,Malaysia Airlines,Economy,690,435,N/A,579,Y,Y,Y,1,7,1,23
Phnom Penh International Airport,PNH,28/08/2024 18:40,Singapore Changi Airport,SIN,28/08/2024 21:40,120,Singapore Airlines,Economy,930,680,TRUE,428,Y,Y,Y,1,7,1,23
Phnom Penh International Airport,PNH,28/08/2024 18:20,Kuala Lumpur International Airport,KUL,28/08/2024 21:10,110,Malaysia Airlines,Economy,1155,900,TRUE,528,Y,Y,Y,1,7,1,23
Phnom Penh International Airport,PNH,28/08/2024 11:10,Kuala Lumpur International Airport,KUL,28/08/2024 14:00,110,Malaysia Airlines,Economy,690,435,N/A,579,Y,Y,Y,1,7,1,23
Phnom Penh International Airport,PNH,29/08/2024 18:25,Singapore Changi Airport,SIN,29/08/2024 21:25,120,Singapore Airlines,Economy,1175,920,TRUE,428,Y,Y,Y,1,7,1,23
Phnom Penh International Airport,PNH,29/08/2024 11:10,Kuala Lumpur International Airport,KUL,29/08/2024 14:00,110,Malaysia Airlines,Economy,690,435,N/A,509,Y,Y,Y,1,7,1,23
Phnom Penh International Airport,PNH,29/08/2024 18:20,Kuala Lumpur International Airport,KUL,29/08/2024 21:10,110,Malaysia Airlines,Economy,1155,900,TRUE,511,Y,Y,Y,1,7,1,23
Phnom Penh International Airport,PNH,30/08/2024 0:50,Ninoy Aquino International Airport,MNL,30/08/2024 4:40,170,Philippine Airlines,Economy,1310,1015,TRUE,315,Y,Y,Y,1,7,1,30
Phnom Penh International Airport,PNH,30/08/2024 18:25,Singapore Changi Airport,SIN,30/08/2024 21:25,120,Singapore Airlines,Economy,945,695,TRUE,512,Y,Y,Y,1,7,1,23
Phnom Penh International Airport,PNH,30/08/2024 18:20,Kuala Lumpur International Airport,KUL,30/08/2024 21:10,110,Malaysia Airlines,Economy,1155,900,TRUE,545,Y,Y,Y,1,7,1,23
Phnom Penh International Airport,PNH,30/08/2024 11:10,Kuala Lumpur International Airport,KUL,30/08/2024 14:00,110,Malaysia Airlines,Economy,690,435,N/A,579,Y,Y,Y,1,7,1,23
Phnom Penh International Airport,PNH,31/08/2024 18:40,Singapore Changi Airport,SIN,31/08/2024 21:40,120,Singapore Airlines,Economy,1160,905,TRUE,428,Y,Y,Y,1,7,1,23
Phnom Penh International Airport,PNH,31/08/2024 18:20,Kuala Lumpur International Airport,KUL,31/08/2024 21:10,110,Malaysia Airlines,Economy,1155,900,TRUE,545,Y,Y,Y,1,7,1,23