Departure Airport Name,Departure Airport ID,Departure Time,Arrival Airport Name,Arrival Airport ID,Arrival Time,Duration,Airline,Travel Class,Total Duration,Layover 1 Duration,Layover 1 Overnight,Price, Cabin Baggage, Checked Baggage,Meal Included,Cabin Baggage (Number),Cabin Baggage (kg per piece),Checked Baggage (Number),Checked Baggage (kg per piece) 
Yangon International Airport,RGN,01/07/2024 7:30,Singapore Changi Airport,SIN,01/07/2024 12:00,180,Myanmar National Airlines,Economy,180,N/A,N/A,198,Y,Y,Y,1,7,1,30
Yangon International Airport,RGN,01/07/2024 11:25,Kuala Lumpur International Airport,KUL,01/07/2024 15:50,175,Malaysia Airlines,Economy,320,70,N/A,241,Y,Y,Y,1,7,1,23
Yangon International Airport,RGN,01/07/2024 10:35,Singapore Changi Airport,SIN,01/07/2024 15:20,195,Singapore Airlines,Economy,195,N/A,N/A,487,Y,Y,Y,1,7,1,23
Yangon International Airport,RGN,01/07/2024 15:25,Singapore Changi Airport,SIN,01/07/2024 19:55,180,MAI,Economy,180,N/A,N/A,N/A,Y,Y,Y,1,7,1,30
Yangon International Airport,RGN,01/07/2024 11:25,Kuala Lumpur International Airport,KUL,01/07/2024 15:50,175,Malaysia Airlines,Economy,675,435,N/A,138,Y,Y,Y,1,7,1,23
Yangon International Airport,RGN,01/07/2024 19:00,Suvarnabhumi Airport,BKK,01/07/2024 21:00,90,THAI,Economy,885,660,TRUE,251,Y,Y,Y,1,7,2,23
Yangon International Airport,RGN,01/07/2024 11:25,Guangzhou Baiyun International Airport,CAN,01/07/2024 16:15,200,China Southern,Economy,850,420,N/A,341,Y,Y,Y,1,8,1,23
Yangon International Airport,RGN,01/07/2024 11:35,Suvarnabhumi Airport,BKK,01/07/2024 13:35,90,THAI,Economy,395,170,N/A,394,Y,Y,Y,1,7,2,23
Yangon International Airport,RGN,01/07/2024 11:25,Guangzhou Baiyun International Airport,CAN,01/07/2024 16:15,200,China Southern,Economy,595,155,N/A,417,Y,Y,Y,1,8,1,23
Yangon International Airport,RGN,01/07/2024 8:20,Singapore Changi Airport,SIN,01/07/2024 12:50,180,MAI,Economy,180,N/A,N/A,N/A,Y,Y,Y,1,7,1,30
Yangon International Airport,RGN,02/07/2024 19:50,Kuala Lumpur International Airport,KUL,03/07/2024 0:10,170,AirAsia,Economy,595,355,TRUE,113,Y,N,N,1,7,0,0
Yangon International Airport,RGN,02/07/2024 11:25,Kuala Lumpur International Airport,KUL,02/07/2024 15:50,175,Malaysia Airlines,Economy,320,70,N/A,173,Y,Y,Y,1,7,1,23
Yangon International Airport,RGN,02/07/2024 11:35,Suvarnabhumi Airport,BKK,02/07/2024 13:35,90,THAI,Economy,395,170,N/A,188,Y,Y,Y,1,7,2,23
Yangon International Airport,RGN,02/07/2024 7:30,Singapore Changi Airport,SIN,02/07/2024 12:00,180,Myanmar National Airlines,Economy,180,N/A,N/A,198,Y,Y,Y,1,7,1,30
Yangon International Airport,RGN,02/07/2024 10:35,Singapore Changi Airport,SIN,02/07/2024 15:20,195,Singapore Airlines,Economy,195,N/A,N/A,591,Y,Y,Y,1,7,1,23
Yangon International Airport,RGN,02/07/2024 15:25,Singapore Changi Airport,SIN,02/07/2024 19:55,180,MAI,Economy,180,N/A,N/A,N/A,Y,Y,Y,1,7,1,30
Yangon International Airport,RGN,02/07/2024 19:00,Suvarnabhumi Airport,BKK,02/07/2024 21:00,90,THAI,Economy,885,660,TRUE,251,Y,Y,Y,1,7,2,23
Yangon International Airport,RGN,02/07/2024 15:10,Kunming Changshui International Airport,KMG,02/07/2024 18:40,120,China Eastern,Economy,1120,760,TRUE,273,Y,Y,Y,1,8,2,23
Yangon International Airport,RGN,02/07/2024 10:35,Taiwan Taoyuan International Airport,TPE,02/07/2024 16:10,245,China Airlines,Economy,755,235,N/A,508,Y,Y,Y,1,7,2,23
Yangon International Airport,RGN,02/07/2024 8:20,Singapore Changi Airport,SIN,02/07/2024 12:50,180,MAI,Economy,180,N/A,N/A,N/A,Y,Y,Y,1,7,1,30
Yangon International Airport,RGN,03/07/2024 11:35,Suvarnabhumi Airport,BKK,03/07/2024 13:35,90,THAI,Economy,395,170,N/A,176,Y,Y,Y,1,7,2,23
Yangon International Airport,RGN,03/07/2024 11:25,Kuala Lumpur International Airport,KUL,03/07/2024 15:50,175,Malaysia Airlines,Economy,320,70,N/A,196,Y,Y,Y,1,7,1,23
Yangon International Airport,RGN,03/07/2024 7:30,Singapore Changi Airport,SIN,03/07/2024 12:00,180,Myanmar National Airlines,Economy,180,N/A,N/A,198,Y,Y,Y,1,7,1,30
Yangon International Airport,RGN,03/07/2024 10:35,Singapore Changi Airport,SIN,03/07/2024 15:20,195,Singapore Airlines,Economy,195,N/A,N/A,420,Y,Y,Y,1,7,1,23
Yangon International Airport,RGN,03/07/2024 15:25,Singapore Changi Airport,SIN,03/07/2024 19:55,180,MAI,Economy,180,N/A,N/A,N/A,Y,Y,Y,1,7,1,30
Yangon International Airport,RGN,03/07/2024 19:00,Suvarnabhumi Airport,BKK,03/07/2024 21:00,90,THAI,Economy,885,660,TRUE,176,Y,Y,Y,1,7,2,23
Yangon International Airport,RGN,03/07/2024 15:10,Kunming Changshui International Airport,KMG,03/07/2024 18:40,120,China Eastern,Economy,1140,780,TRUE,273,Y,Y,Y,1,8,2,23
Yangon International Airport,RGN,03/07/2024 11:25,Guangzhou Baiyun International Airport,CAN,03/07/2024 16:15,200,China Southern,Economy,595,155,N/A,341,Y,Y,Y,1,8,1,23
Yangon International Airport,RGN,03/07/2024 19:00,Suvarnabhumi Airport,BKK,03/07/2024 21:00,90,THAI,Economy,1135,895,TRUE,890,Y,Y,Y,1,7,2,23
Yangon International Airport,RGN,03/07/2024 8:20,Singapore Changi Airport,SIN,03/07/2024 12:50,180,MAI,Economy,180,N/A,N/A,N/A,Y,Y,Y,1,7,1,30
Yangon International Airport,RGN,04/07/2024 7:30,Singapore Changi Airport,SIN,04/07/2024 12:00,180,Myanmar National Airlines,Economy,180,N/A,N/A,137,Y,Y,Y,1,7,1,30
Yangon International Airport,RGN,04/07/2024 11:35,Suvarnabhumi Airport,BKK,04/07/2024 13:35,90,THAI,Economy,395,170,N/A,176,Y,Y,Y,1,7,2,23
Yangon International Airport,RGN,04/07/2024 10:35,Singapore Changi Airport,SIN,04/07/2024 15:20,195,Singapore Airlines,Economy,195,N/A,N/A,184,Y,Y,Y,1,7,1,23
Yangon International Airport,RGN,04/07/2024 15:25,Singapore Changi Airport,SIN,04/07/2024 19:55,180,MAI,Economy,180,N/A,N/A,N/A,Y,Y,Y,1,7,1,30
Yangon International Airport,RGN,04/07/2024 19:00,Suvarnabhumi Airport,BKK,04/07/2024 21:00,90,THAI,Economy,885,660,TRUE,176,Y,Y,Y,1,7,2,23
Yangon International Airport,RGN,04/07/2024 15:10,Kunming Changshui International Airport,KMG,04/07/2024 18:40,120,China Eastern,Economy,1120,760,TRUE,273,Y,Y,Y,1,8,2,23
Yangon International Airport,RGN,04/07/2024 11:25,Kuala Lumpur International Airport,KUL,04/07/2024 15:50,175,Malaysia Airlines,Economy,1210,960,TRUE,327,Y,Y,Y,1,7,1,23
Yangon International Airport,RGN,04/07/2024 19:00,Suvarnabhumi Airport,BKK,04/07/2024 21:00,90,THAI,Economy,1135,895,TRUE,890,Y,Y,Y,1,7,2,23
Yangon International Airport,RGN,04/07/2024 8:20,Singapore Changi Airport,SIN,04/07/2024 12:50,180,MAI,Economy,180,N/A,N/A,N/A,Y,Y,Y,1,7,1,30
Yangon International Airport,RGN,05/07/2024 7:30,Singapore Changi Airport,SIN,05/07/2024 12:00,180,Myanmar National Airlines,Economy,180,N/A,N/A,137,Y,Y,Y,1,7,1,30
Yangon International Airport,RGN,05/07/2024 11:35,Suvarnabhumi Airport,BKK,05/07/2024 13:35,90,THAI,Economy,395,170,N/A,176,Y,Y,Y,1,7,2,23
Yangon International Airport,RGN,05/07/2024 10:35,Singapore Changi Airport,SIN,05/07/2024 15:20,195,Singapore Airlines,Economy,195,N/A,N/A,184,Y,Y,Y,1,7,1,23
Yangon International Airport,RGN,05/07/2024 15:25,Singapore Changi Airport,SIN,05/07/2024 19:55,180,MAI,Economy,180,N/A,N/A,N/A,Y,Y,Y,1,7,1,30
Yangon International Airport,RGN,05/07/2024 19:00,Suvarnabhumi Airport,BKK,05/07/2024 21:00,90,THAI,Economy,885,660,TRUE,176,Y,Y,Y,1,7,2,23
Yangon International Airport,RGN,05/07/2024 11:25,Guangzhou Baiyun International Airport,CAN,05/07/2024 16:15,200,China Southern,Economy,850,420,N/A,268,Y,Y,Y,1,8,1,23
Yangon International Airport,RGN,05/07/2024 11:25,Guangzhou Baiyun International Airport,CAN,05/07/2024 16:15,200,China Southern,Economy,595,155,N/A,302,Y,Y,Y,1,8,1,23
Yangon International Airport,RGN,05/07/2024 15:10,Kunming Changshui International Airport,KMG,05/07/2024 18:40,120,China Eastern,Economy,1140,780,TRUE,335,Y,Y,Y,1,8,2,23
Yangon International Airport,RGN,05/07/2024 19:00,Suvarnabhumi Airport,BKK,05/07/2024 21:00,90,THAI,Economy,1135,895,TRUE,890,Y,Y,Y,1,7,2,23
Yangon International Airport,RGN,05/07/2024 8:20,Singapore Changi Airport,SIN,05/07/2024 12:50,180,MAI,Economy,180,N/A,N/A,N/A,Y,Y,Y,1,7,1,30
Yangon International Airport,RGN,06/07/2024 19:50,Kuala Lumpur International Airport,KUL,07/07/2024 0:10,170,AirAsia,Economy,595,355,TRUE,118,Y,N,N,1,7,0,0
Yangon International Airport,RGN,06/07/2024 7:30,Singapore Changi Airport,SIN,06/07/2024 12:00,180,Myanmar National Airlines,Economy,180,N/A,N/A,137,Y,Y,Y,1,7,1,30
Yangon International Airport,RGN,06/07/2024 11:35,Suvarnabhumi Airport,BKK,06/07/2024 13:35,90,THAI,Economy,395,170,N/A,176,Y,Y,Y,1,7,2,23
Yangon International Airport,RGN,06/07/2024 10:35,Singapore Changi Airport,SIN,06/07/2024 15:20,195,Singapore Airlines,Economy,195,N/A,N/A,184,Y,Y,Y,1,7,1,23
Yangon International Airport,RGN,06/07/2024 15:25,Singapore Changi Airport,SIN,06/07/2024 19:55,180,MAI,Economy,180,N/A,N/A,N/A,Y,Y,Y,1,7,1,30
Yangon International Airport,RGN,06/07/2024 19:00,Suvarnabhumi Airport,BKK,06/07/2024 21:00,90,THAI,Economy,885,660,TRUE,176,Y,Y,Y,1,7,2,23
Yangon International Airport,RGN,06/07/2024 11:25,Kuala Lumpur International Airport,KUL,06/07/2024 15:50,175,Malaysia Airlines,Economy,675,435,N/A,196,Y,Y,Y,1,7,1,23
Yangon International Airport,RGN,06/07/2024 11:25,Guangzhou Baiyun International Airport,CAN,06/07/2024 16:00,185,China Southern,Economy,595,170,N/A,277,Y,Y,Y,1,8,1,23
Yangon International Airport,RGN,06/07/2024 8:20,Singapore Changi Airport,SIN,06/07/2024 12:50,180,MAI,Economy,180,N/A,N/A,N/A,Y,Y,Y,1,7,1,30
Yangon International Airport,RGN,07/07/2024 7:30,Singapore Changi Airport,SIN,07/07/2024 12:00,180,Myanmar National Airlines,Economy,180,N/A,N/A,137,Y,Y,Y,1,7,1,30
Yangon International Airport,RGN,07/07/2024 10:35,Singapore Changi Airport,SIN,07/07/2024 15:20,195,Singapore Airlines,Economy,195,N/A,N/A,184,Y,Y,Y,1,7,1,23
Yangon International Airport,RGN,07/07/2024 11:35,Suvarnabhumi Airport,BKK,07/07/2024 13:35,90,THAI,Economy,395,170,N/A,210,Y,Y,Y,1,7,2,23
Yangon International Airport,RGN,07/07/2024 15:25,Singapore Changi Airport,SIN,07/07/2024 19:55,180,MAI,Economy,180,N/A,N/A,N/A,Y,Y,Y,1,7,1,30
Yangon International Airport,RGN,07/07/2024 11:25,Kuala Lumpur International Airport,KUL,07/07/2024 15:50,175,Malaysia Airlines,Economy,1280,1035,TRUE,139,Y,Y,Y,1,7,1,23
Yangon International Airport,RGN,07/07/2024 19:00,Suvarnabhumi Airport,BKK,07/07/2024 21:00,90,THAI,Economy,885,660,TRUE,176,Y,Y,Y,1,7,2,23
Yangon International Airport,RGN,07/07/2024 11:35,Suvarnabhumi Airport,BKK,07/07/2024 13:35,90,THAI,Economy,565,340,N/A,188,Y,Y,Y,1,7,2,23
Yangon International Airport,RGN,07/07/2024 15:10,Kunming Changshui International Airport,KMG,07/07/2024 18:40,120,China Eastern,Economy,1130,780,TRUE,273,Y,Y,Y,1,8,2,23
Yangon International Airport,RGN,07/07/2024 19:00,Suvarnabhumi Airport,BKK,07/07/2024 21:00,90,THAI,Economy,1135,895,TRUE,890,Y,Y,Y,1,7,2,23
Yangon International Airport,RGN,07/07/2024 8:20,Singapore Changi Airport,SIN,07/07/2024 12:50,180,MAI,Economy,180,N/A,N/A,N/A,Y,Y,Y,1,7,1,30
Yangon International Airport,RGN,08/07/2024 7:30,Singapore Changi Airport,SIN,08/07/2024 12:00,180,Myanmar National Airlines,Economy,180,N/A,N/A,137,Y,Y,Y,1,7,1,30
Yangon International Airport,RGN,08/07/2024 11:25,Kuala Lumpur International Airport,KUL,08/07/2024 15:50,175,Malaysia Airlines,Economy,320,70,N/A,173,Y,Y,Y,1,7,1,23
Yangon International Airport,RGN,08/07/2024 11:35,Suvarnabhumi Airport,BKK,08/07/2024 13:35,90,THAI,Economy,395,170,N/A,176,Y,Y,Y,1,7,2,23
Yangon International Airport,RGN,08/07/2024 10:35,Singapore Changi Airport,SIN,08/07/2024 15:20,195,Singapore Airlines,Economy,195,N/A,N/A,184,Y,Y,Y,1,7,1,23
Yangon International Airport,RGN,08/07/2024 15:25,Singapore Changi Airport,SIN,08/07/2024 19:55,180,MAI,Economy,180,N/A,N/A,N/A,Y,Y,Y,1,7,1,30
Yangon International Airport,RGN,08/07/2024 11:25,Kuala Lumpur International Airport,KUL,08/07/2024 15:50,175,Malaysia Airlines,Economy,675,435,N/A,138,Y,Y,Y,1,7,1,23
Yangon International Airport,RGN,08/07/2024 19:00,Suvarnabhumi Airport,BKK,08/07/2024 21:00,90,THAI,Economy,885,660,TRUE,176,Y,Y,Y,1,7,2,23
Yangon International Airport,RGN,08/07/2024 11:25,Guangzhou Baiyun International Airport,CAN,08/07/2024 16:15,200,China Southern,Economy,850,420,N/A,268,Y,Y,Y,1,8,1,23
Yangon International Airport,RGN,08/07/2024 11:25,Guangzhou Baiyun International Airport,CAN,08/07/2024 16:15,200,China Southern,Economy,595,155,N/A,302,Y,Y,Y,1,8,1,23
Yangon International Airport,RGN,08/07/2024 8:20,Singapore Changi Airport,SIN,08/07/2024 12:50,180,MAI,Economy,180,N/A,N/A,N/A,Y,Y,Y,1,7,1,30
Yangon International Airport,RGN,09/07/2024 19:50,Kuala Lumpur International Airport,KUL,10/07/2024 0:10,170,AirAsia,Economy,595,355,TRUE,128,Y,N,N,1,7,0,0
Yangon International Airport,RGN,09/07/2024 7:30,Singapore Changi Airport,SIN,09/07/2024 12:00,180,Myanmar National Airlines,Economy,180,N/A,N/A,137,Y,Y,Y,1,7,1,30
Yangon International Airport,RGN,09/07/2024 11:25,Kuala Lumpur International Airport,KUL,09/07/2024 15:50,175,Malaysia Airlines,Economy,320,70,N/A,138,Y,Y,Y,1,7,1,23
Yangon International Airport,RGN,09/07/2024 11:35,Suvarnabhumi Airport,BKK,09/07/2024 13:35,90,THAI,Economy,395,170,N/A,176,Y,Y,Y,1,7,2,23
Yangon International Airport,RGN,09/07/2024 10:35,Singapore Changi Airport,SIN,09/07/2024 15:20,195,Singapore Airlines,Economy,195,N/A,N/A,184,Y,Y,Y,1,7,1,23
Yangon International Airport,RGN,09/07/2024 15:25,Singapore Changi Airport,SIN,09/07/2024 19:55,180,MAI,Economy,180,N/A,N/A,N/A,Y,Y,Y,1,7,1,30
Yangon International Airport,RGN,09/07/2024 19:00,Suvarnabhumi Airport,BKK,09/07/2024 21:00,90,THAI,Economy,885,660,TRUE,176,Y,Y,Y,1,7,2,23
Yangon International Airport,RGN,09/07/2024 15:10,Kunming Changshui International Airport,KMG,09/07/2024 18:40,120,China Eastern,Economy,1120,760,TRUE,288,Y,Y,Y,1,8,2,23
Yangon International Airport,RGN,09/07/2024 19:00,Suvarnabhumi Airport,BKK,09/07/2024 21:00,90,THAI,Economy,1135,895,TRUE,890,Y,Y,Y,1,7,2,23
Yangon International Airport,RGN,09/07/2024 8:20,Singapore Changi Airport,SIN,09/07/2024 12:50,180,MAI,Economy,180,N/A,N/A,N/A,Y,Y,Y,1,7,1,30
Yangon International Airport,RGN,10/07/2024 7:30,Singapore Changi Airport,SIN,10/07/2024 12:00,180,Myanmar National Airlines,Economy,180,N/A,N/A,137,Y,Y,Y,1,7,1,30
Yangon International Airport,RGN,10/07/2024 11:25,Kuala Lumpur International Airport,KUL,10/07/2024 15:50,175,Malaysia Airlines,Economy,320,70,N/A,138,Y,Y,Y,1,7,1,23
Yangon International Airport,RGN,10/07/2024 11:35,Suvarnabhumi Airport,BKK,10/07/2024 13:35,90,THAI,Economy,395,170,N/A,176,Y,Y,Y,1,7,2,23
Yangon International Airport,RGN,10/07/2024 10:35,Singapore Changi Airport,SIN,10/07/2024 15:20,195,Singapore Airlines,Economy,195,N/A,N/A,184,Y,Y,Y,1,7,1,23
Yangon International Airport,RGN,10/07/2024 15:25,Singapore Changi Airport,SIN,10/07/2024 19:55,180,MAI,Economy,180,N/A,N/A,N/A,Y,Y,Y,1,7,1,30
Yangon International Airport,RGN,10/07/2024 19:00,Suvarnabhumi Airport,BKK,10/07/2024 21:00,90,THAI,Economy,885,660,TRUE,176,Y,Y,Y,1,7,2,23
Yangon International Airport,RGN,10/07/2024 11:25,Guangzhou Baiyun International Airport,CAN,10/07/2024 16:15,200,China Southern,Economy,850,420,N/A,268,Y,Y,Y,1,8,1,23
Yangon International Airport,RGN,10/07/2024 15:10,Kunming Changshui International Airport,KMG,10/07/2024 18:40,120,China Eastern,Economy,1140,780,TRUE,288,Y,Y,Y,1,8,2,23
Yangon International Airport,RGN,10/07/2024 11:25,Guangzhou Baiyun International Airport,CAN,10/07/2024 16:15,200,China Southern,Economy,595,155,N/A,302,Y,Y,Y,1,8,1,23
Yangon International Airport,RGN,10/07/2024 8:20,Singapore Changi Airport,SIN,10/07/2024 12:50,180,MAI,Economy,180,N/A,N/A,N/A,Y,Y,Y,1,7,1,30
Yangon International Airport,RGN,11/07/2024 7:30,Singapore Changi Airport,SIN,11/07/2024 12:00,180,Myanmar National Airlines,Economy,180,N/A,N/A,137,Y,Y,Y,1,7,1,30
Yangon International Airport,RGN,11/07/2024 11:25,Kuala Lumpur International Airport,KUL,11/07/2024 15:50,175,Malaysia Airlines,Economy,320,70,N/A,138,Y,Y,Y,1,7,1,23
Yangon International Airport,RGN,11/07/2024 11:35,Suvarnabhumi Airport,BKK,11/07/2024 13:35,90,THAI,Economy,395,170,N/A,176,Y,Y,Y,1,7,2,23
Yangon International Airport,RGN,11/07/2024 10:35,Singapore Changi Airport,SIN,11/07/2024 15:20,195,Singapore Airlines,Economy,195,N/A,N/A,184,Y,Y,Y,1,7,1,23
Yangon International Airport,RGN,11/07/2024 15:25,Singapore Changi Airport,SIN,11/07/2024 19:55,180,MAI,Economy,180,N/A,N/A,N/A,Y,Y,Y,1,7,1,30
Yangon International Airport,RGN,11/07/2024 19:00,Suvarnabhumi Airport,BKK,11/07/2024 21:00,90,THAI,Economy,885,660,TRUE,176,Y,Y,Y,1,7,2,23
Yangon International Airport,RGN,11/07/2024 15:10,Kunming Changshui International Airport,KMG,11/07/2024 18:40,120,China Eastern,Economy,1120,760,TRUE,288,Y,Y,Y,1,8,2,23
Yangon International Airport,RGN,11/07/2024 19:00,Suvarnabhumi Airport,BKK,11/07/2024 21:00,90,THAI,Economy,1135,895,TRUE,890,Y,Y,Y,1,7,2,23
Yangon International Airport,RGN,11/07/2024 8:20,Singapore Changi Airport,SIN,11/07/2024 12:50,180,MAI,Economy,180,N/A,N/A,N/A,Y,Y,Y,1,7,1,30
Yangon International Airport,RGN,12/07/2024 7:30,Singapore Changi Airport,SIN,12/07/2024 12:00,180,Myanmar National Airlines,Economy,180,N/A,N/A,137,Y,Y,Y,1,7,1,30
Yangon International Airport,RGN,12/07/2024 11:25,Kuala Lumpur International Airport,KUL,12/07/2024 15:50,175,Malaysia Airlines,Economy,320,70,N/A,138,Y,Y,Y,1,7,1,23
Yangon International Airport,RGN,12/07/2024 11:35,Suvarnabhumi Airport,BKK,12/07/2024 13:35,90,THAI,Economy,395,170,N/A,176,Y,Y,Y,1,7,2,23
Yangon International Airport,RGN,12/07/2024 10:35,Singapore Changi Airport,SIN,12/07/2024 15:20,195,Singapore Airlines,Economy,195,N/A,N/A,184,Y,Y,Y,1,7,1,23
Yangon International Airport,RGN,12/07/2024 15:25,Singapore Changi Airport,SIN,12/07/2024 19:55,180,MAI,Economy,180,N/A,N/A,N/A,Y,Y,Y,1,7,1,30
Yangon International Airport,RGN,12/07/2024 19:00,Suvarnabhumi Airport,BKK,12/07/2024 21:00,90,THAI,Economy,885,660,TRUE,176,Y,Y,Y,1,7,2,23
Yangon International Airport,RGN,12/07/2024 11:25,Guangzhou Baiyun International Airport,CAN,12/07/2024 16:15,200,China Southern,Economy,850,420,N/A,277,Y,Y,Y,1,8,1,23
Yangon International Airport,RGN,12/07/2024 11:25,Guangzhou Baiyun International Airport,CAN,12/07/2024 16:15,200,China Southern,Economy,595,155,N/A,343,Y,Y,Y,1,8,1,23
Yangon International Airport,RGN,12/07/2024 15:10,Kunming Changshui International Airport,KMG,12/07/2024 18:40,120,China Eastern,Economy,1140,780,TRUE,354,Y,Y,Y,1,8,2,23
Yangon International Airport,RGN,12/07/2024 8:20,Singapore Changi Airport,SIN,12/07/2024 12:50,180,MAI,Economy,180,N/A,N/A,N/A,Y,Y,Y,1,7,1,30
Yangon International Airport,RGN,13/07/2024 7:30,Singapore Changi Airport,SIN,13/07/2024 12:00,180,Myanmar National Airlines,Economy,180,N/A,N/A,137,Y,Y,Y,1,7,1,30
Yangon International Airport,RGN,13/07/2024 11:25,Kuala Lumpur International Airport,KUL,13/07/2024 15:50,175,Malaysia Airlines,Economy,320,70,N/A,138,Y,Y,Y,1,7,1,23
Yangon International Airport,RGN,13/07/2024 10:35,Singapore Changi Airport,SIN,13/07/2024 15:20,195,Singapore Airlines,Economy,195,N/A,N/A,184,Y,Y,Y,1,7,1,23
Yangon International Airport,RGN,13/07/2024 15:25,Singapore Changi Airport,SIN,13/07/2024 19:55,180,MAI,Economy,180,N/A,N/A,N/A,Y,Y,Y,1,7,1,30
Yangon International Airport,RGN,13/07/2024 19:50,Kuala Lumpur International Airport,KUL,14/07/2024 0:10,170,AirAsia,Economy,595,355,TRUE,121,Y,N,N,1,7,0,0
Yangon International Airport,RGN,13/07/2024 11:35,Suvarnabhumi Airport,BKK,13/07/2024 13:35,90,THAI,Economy,395,170,N/A,176,Y,Y,Y,1,7,2,23
Yangon International Airport,RGN,13/07/2024 19:00,Suvarnabhumi Airport,BKK,13/07/2024 21:00,90,THAI,Economy,885,660,TRUE,176,Y,Y,Y,1,7,2,23
Yangon International Airport,RGN,13/07/2024 11:25,Guangzhou Baiyun International Airport,CAN,13/07/2024 16:00,185,China Southern,Economy,850,435,N/A,277,Y,Y,Y,1,8,1,23
Yangon International Airport,RGN,13/07/2024 11:25,Guangzhou Baiyun International Airport,CAN,13/07/2024 16:00,185,China Southern,Economy,595,170,N/A,343,Y,Y,Y,1,8,1,23
Yangon International Airport,RGN,13/07/2024 8:20,Singapore Changi Airport,SIN,13/07/2024 12:50,180,MAI,Economy,180,N/A,N/A,N/A,Y,Y,Y,1,7,1,30
Yangon International Airport,RGN,14/07/2024 7:30,Singapore Changi Airport,SIN,14/07/2024 12:00,180,Myanmar National Airlines,Economy,180,N/A,N/A,137,Y,Y,Y,1,7,1,30
Yangon International Airport,RGN,14/07/2024 10:35,Singapore Changi Airport,SIN,14/07/2024 15:20,195,Singapore Airlines,Economy,195,N/A,N/A,184,Y,Y,Y,1,7,1,23
Yangon International Airport,RGN,14/07/2024 11:35,Suvarnabhumi Airport,BKK,14/07/2024 13:35,90,THAI,Economy,395,170,N/A,201,Y,Y,Y,1,7,2,23
Yangon International Airport,RGN,14/07/2024 15:25,Singapore Changi Airport,SIN,14/07/2024 19:55,180,MAI,Economy,180,N/A,N/A,N/A,Y,Y,Y,1,7,1,30
Yangon International Airport,RGN,14/07/2024 11:25,Kuala Lumpur International Airport,KUL,14/07/2024 15:50,175,Malaysia Airlines,Economy,1210,960,TRUE,139,Y,Y,Y,1,7,1,23
Yangon International Airport,RGN,14/07/2024 19:00,Suvarnabhumi Airport,BKK,14/07/2024 21:00,90,THAI,Economy,885,660,TRUE,176,Y,Y,Y,1,7,2,23
Yangon International Airport,RGN,14/07/2024 11:35,Suvarnabhumi Airport,BKK,14/07/2024 13:35,90,THAI,Economy,565,340,N/A,188,Y,Y,Y,1,7,2,23
Yangon International Airport,RGN,14/07/2024 15:10,Kunming Changshui International Airport,KMG,14/07/2024 18:40,120,China Eastern,Economy,1130,780,TRUE,321,Y,Y,Y,1,8,2,23
Yangon International Airport,RGN,14/07/2024 8:20,Singapore Changi Airport,SIN,14/07/2024 12:50,180,MAI,Economy,180,N/A,N/A,N/A,Y,Y,Y,1,7,1,30
Yangon International Airport,RGN,15/07/2024 7:30,Singapore Changi Airport,SIN,15/07/2024 12:00,180,Myanmar National Airlines,Economy,180,N/A,N/A,137,Y,Y,Y,1,7,1,30
Yangon International Airport,RGN,15/07/2024 11:35,Suvarnabhumi Airport,BKK,15/07/2024 13:35,90,THAI,Economy,395,170,N/A,176,Y,Y,Y,1,7,2,23
Yangon International Airport,RGN,15/07/2024 10:35,Singapore Changi Airport,SIN,15/07/2024 15:20,195,Singapore Airlines,Economy,195,N/A,N/A,184,Y,Y,Y,1,7,1,23
Yangon International Airport,RGN,15/07/2024 11:25,Kuala Lumpur International Airport,KUL,15/07/2024 15:50,175,Malaysia Airlines,Economy,320,70,N/A,196,Y,Y,Y,1,7,1,23
Yangon International Airport,RGN,15/07/2024 15:25,Singapore Changi Airport,SIN,15/07/2024 19:55,180,MAI,Economy,180,N/A,N/A,N/A,Y,Y,Y,1,7,1,30
Yangon International Airport,RGN,15/07/2024 11:25,Kuala Lumpur International Airport,KUL,15/07/2024 15:50,175,Malaysia Airlines,Economy,1210,960,TRUE,139,Y,Y,Y,1,7,1,23
Yangon International Airport,RGN,15/07/2024 19:00,Suvarnabhumi Airport,BKK,15/07/2024 21:00,90,THAI,Economy,885,660,TRUE,176,Y,Y,Y,1,7,2,23
Yangon International Airport,RGN,15/07/2024 11:25,Guangzhou Baiyun International Airport,CAN,15/07/2024 16:15,200,China Southern,Economy,595,155,N/A,268,Y,Y,Y,1,8,1,23
Yangon International Airport,RGN,15/07/2024 15:10,Kunming Changshui International Airport,KMG,15/07/2024 18:40,120,China Eastern,Economy,1120,760,TRUE,354,Y,Y,Y,1,8,2,23
Yangon International Airport,RGN,15/07/2024 8:20,Singapore Changi Airport,SIN,15/07/2024 12:50,180,MAI,Economy,180,N/A,N/A,N/A,Y,Y,Y,1,7,1,30
Yangon International Airport,RGN,16/07/2024 19:50,Kuala Lumpur International Airport,KUL,17/07/2024 0:10,170,AirAsia,Economy,595,355,TRUE,120,Y,N,N,1,7,0,0
Yangon International Airport,RGN,16/07/2024 7:30,Singapore Changi Airport,SIN,16/07/2024 12:00,180,Myanmar National Airlines,Economy,180,N/A,N/A,137,Y,Y,Y,1,7,1,30
Yangon International Airport,RGN,16/07/2024 11:25,Kuala Lumpur International Airport,KUL,16/07/2024 15:50,175,Malaysia Airlines,Economy,320,70,N/A,138,Y,Y,Y,1,7,1,23
Yangon International Airport,RGN,16/07/2024 11:35,Suvarnabhumi Airport,BKK,16/07/2024 13:35,90,THAI,Economy,395,170,N/A,176,Y,Y,Y,1,7,2,23
Yangon International Airport,RGN,16/07/2024 10:35,Singapore Changi Airport,SIN,16/07/2024 15:20,195,Singapore Airlines,Economy,195,N/A,N/A,184,Y,Y,Y,1,7,1,23
Yangon International Airport,RGN,16/07/2024 15:25,Singapore Changi Airport,SIN,16/07/2024 19:55,180,MAI,Economy,180,N/A,N/A,N/A,Y,Y,Y,1,7,1,30
Yangon International Airport,RGN,16/07/2024 19:00,Suvarnabhumi Airport,BKK,16/07/2024 21:00,90,THAI,Economy,885,660,TRUE,176,Y,Y,Y,1,7,2,23
Yangon International Airport,RGN,16/07/2024 15:10,Kunming Changshui International Airport,KMG,16/07/2024 18:40,120,China Eastern,Economy,1120,760,TRUE,321,Y,Y,Y,1,8,2,23
Yangon International Airport,RGN,16/07/2024 19:00,Suvarnabhumi Airport,BKK,16/07/2024 21:00,90,THAI,Economy,1135,895,TRUE,890,Y,Y,Y,1,7,2,23
Yangon International Airport,RGN,16/07/2024 8:20,Singapore Changi Airport,SIN,16/07/2024 12:50,180,MAI,Economy,180,N/A,N/A,N/A,Y,Y,Y,1,7,1,30
Yangon International Airport,RGN,17/07/2024 7:30,Singapore Changi Airport,SIN,17/07/2024 12:00,180,Myanmar National Airlines,Economy,180,N/A,N/A,137,Y,Y,Y,1,7,1,30
Yangon International Airport,RGN,17/07/2024 11:25,Kuala Lumpur International Airport,KUL,17/07/2024 15:50,175,Malaysia Airlines,Economy,450,200,N/A,138,Y,Y,Y,1,7,1,23
Yangon International Airport,RGN,17/07/2024 11:35,Suvarnabhumi Airport,BKK,17/07/2024 13:35,90,THAI,Economy,395,170,N/A,176,Y,Y,Y,1,7,2,23
Yangon International Airport,RGN,17/07/2024 10:35,Singapore Changi Airport,SIN,17/07/2024 15:20,195,Singapore Airlines,Economy,195,N/A,N/A,184,Y,Y,Y,1,7,1,23
Yangon International Airport,RGN,17/07/2024 15:25,Singapore Changi Airport,SIN,17/07/2024 19:55,180,MAI,Economy,180,N/A,N/A,N/A,Y,Y,Y,1,7,1,30
Yangon International Airport,RGN,17/07/2024 19:00,Suvarnabhumi Airport,BKK,17/07/2024 21:00,90,THAI,Economy,885,660,TRUE,176,Y,Y,Y,1,7,2,23
Yangon International Airport,RGN,17/07/2024 11:25,Kuala Lumpur International Airport,KUL,17/07/2024 15:50,175,Malaysia Airlines,Economy,320,70,N/A,241,Y,Y,Y,1,7,1,23
Yangon International Airport,RGN,17/07/2024 11:25,Guangzhou Baiyun International Airport,CAN,17/07/2024 16:15,200,China Southern,Economy,595,155,N/A,288,Y,Y,Y,1,8,1,23
Yangon International Airport,RGN,17/07/2024 15:10,Kunming Changshui International Airport,KMG,17/07/2024 18:40,120,China Eastern,Economy,1140,780,TRUE,354,Y,Y,Y,1,8,2,23
Yangon International Airport,RGN,17/07/2024 8:20,Singapore Changi Airport,SIN,17/07/2024 12:50,180,MAI,Economy,180,N/A,N/A,N/A,Y,Y,Y,1,7,1,30
Yangon International Airport,RGN,18/07/2024 19:50,Kuala Lumpur International Airport,KUL,19/07/2024 0:10,170,AirAsia,Economy,595,355,TRUE,124,Y,N,N,1,7,0,0
Yangon International Airport,RGN,18/07/2024 7:30,Singapore Changi Airport,SIN,18/07/2024 12:00,180,Myanmar National Airlines,Economy,180,N/A,N/A,137,Y,Y,Y,1,7,1,30
Yangon International Airport,RGN,18/07/2024 11:25,Kuala Lumpur International Airport,KUL,18/07/2024 15:50,175,Malaysia Airlines,Economy,320,70,N/A,138,Y,Y,Y,1,7,1,23
Yangon International Airport,RGN,18/07/2024 11:35,Suvarnabhumi Airport,BKK,18/07/2024 13:35,90,THAI,Economy,395,170,N/A,176,Y,Y,Y,1,7,2,23
Yangon International Airport,RGN,18/07/2024 10:35,Singapore Changi Airport,SIN,18/07/2024 15:20,195,Singapore Airlines,Economy,195,N/A,N/A,184,Y,Y,Y,1,7,1,23
Yangon International Airport,RGN,18/07/2024 15:25,Singapore Changi Airport,SIN,18/07/2024 19:55,180,MAI,Economy,180,N/A,N/A,N/A,Y,Y,Y,1,7,1,30
Yangon International Airport,RGN,18/07/2024 19:00,Suvarnabhumi Airport,BKK,18/07/2024 21:00,90,THAI,Economy,885,660,TRUE,176,Y,Y,Y,1,7,2,23
Yangon International Airport,RGN,18/07/2024 15:10,Kunming Changshui International Airport,KMG,18/07/2024 18:40,120,China Eastern,Economy,1120,760,TRUE,354,Y,Y,Y,1,8,2,23
Yangon International Airport,RGN,18/07/2024 19:00,Suvarnabhumi Airport,BKK,18/07/2024 21:00,90,THAI,Economy,1135,895,TRUE,890,Y,Y,Y,1,7,2,23
Yangon International Airport,RGN,18/07/2024 8:20,Singapore Changi Airport,SIN,18/07/2024 12:50,180,MAI,Economy,180,N/A,N/A,N/A,Y,Y,Y,1,7,1,30
Yangon International Airport,RGN,19/07/2024 11:25,Kuala Lumpur International Airport,KUL,19/07/2024 15:50,175,Malaysia Airlines,Economy,320,70,N/A,138,Y,Y,Y,1,7,1,23
Yangon International Airport,RGN,19/07/2024 7:30,Singapore Changi Airport,SIN,19/07/2024 12:00,180,Myanmar National Airlines,Economy,180,N/A,N/A,157,Y,Y,Y,1,7,1,30
Yangon International Airport,RGN,19/07/2024 11:35,Suvarnabhumi Airport,BKK,19/07/2024 13:35,90,THAI,Economy,395,170,N/A,176,Y,Y,Y,1,7,2,23
Yangon International Airport,RGN,19/07/2024 10:35,Singapore Changi Airport,SIN,19/07/2024 15:20,195,Singapore Airlines,Economy,195,N/A,N/A,184,Y,Y,Y,1,7,1,23
Yangon International Airport,RGN,19/07/2024 15:25,Singapore Changi Airport,SIN,19/07/2024 19:55,180,MAI,Economy,180,N/A,N/A,N/A,Y,Y,Y,1,7,1,30
Yangon International Airport,RGN,19/07/2024 19:00,Suvarnabhumi Airport,BKK,19/07/2024 21:00,90,THAI,Economy,1080,855,TRUE,193,Y,Y,Y,1,7,2,23
Yangon International Airport,RGN,19/07/2024 19:00,Suvarnabhumi Airport,BKK,19/07/2024 21:00,90,THAI,Economy,885,660,TRUE,234,Y,Y,Y,1,7,2,23
Yangon International Airport,RGN,19/07/2024 11:25,Guangzhou Baiyun International Airport,CAN,19/07/2024 16:15,200,China Southern,Economy,850,420,N/A,288,Y,Y,Y,1,8,1,23
Yangon International Airport,RGN,19/07/2024 11:25,Guangzhou Baiyun International Airport,CAN,19/07/2024 16:15,200,China Southern,Economy,595,155,N/A,352,Y,Y,Y,1,8,1,23
Yangon International Airport,RGN,19/07/2024 8:20,Singapore Changi Airport,SIN,19/07/2024 12:50,180,MAI,Economy,180,N/A,N/A,N/A,Y,Y,Y,1,7,1,30
Yangon International Airport,RGN,20/07/2024 11:25,Kuala Lumpur International Airport,KUL,20/07/2024 15:50,175,Malaysia Airlines,Economy,320,70,N/A,138,Y,Y,Y,1,7,1,23
Yangon International Airport,RGN,20/07/2024 7:30,Singapore Changi Airport,SIN,20/07/2024 12:00,180,Myanmar National Airlines,Economy,180,N/A,N/A,157,Y,Y,Y,1,7,1,30
Yangon International Airport,RGN,20/07/2024 10:35,Singapore Changi Airport,SIN,20/07/2024 15:20,195,Singapore Airlines,Economy,195,N/A,N/A,184,Y,Y,Y,1,7,1,23
Yangon International Airport,RGN,20/07/2024 15:25,Singapore Changi Airport,SIN,20/07/2024 19:55,180,MAI,Economy,180,N/A,N/A,N/A,Y,Y,Y,1,7,1,30
Yangon International Airport,RGN,20/07/2024 19:50,Kuala Lumpur International Airport,KUL,21/07/2024 0:10,170,AirAsia,Economy,595,355,TRUE,121,Y,N,N,1,7,0,0
Yangon International Airport,RGN,20/07/2024 11:35,Suvarnabhumi Airport,BKK,20/07/2024 13:35,90,THAI,Economy,395,170,N/A,176,Y,Y,Y,1,7,2,23
Yangon International Airport,RGN,20/07/2024 19:00,Suvarnabhumi Airport,BKK,20/07/2024 21:00,90,THAI,Economy,885,660,TRUE,176,Y,Y,Y,1,7,2,23
Yangon International Airport,RGN,20/07/2024 11:25,Guangzhou Baiyun International Airport,CAN,20/07/2024 16:00,185,China Southern,Economy,850,435,N/A,268,Y,Y,Y,1,8,1,23
Yangon International Airport,RGN,20/07/2024 11:25,Guangzhou Baiyun International Airport,CAN,20/07/2024 16:00,185,China Southern,Economy,595,170,N/A,288,Y,Y,Y,1,8,1,23
Yangon International Airport,RGN,20/07/2024 8:20,Singapore Changi Airport,SIN,20/07/2024 12:50,180,MAI,Economy,180,N/A,N/A,N/A,Y,Y,Y,1,7,1,30
Yangon International Airport,RGN,21/07/2024 7:30,Singapore Changi Airport,SIN,21/07/2024 12:00,180,Myanmar National Airlines,Economy,180,N/A,N/A,157,Y,Y,Y,1,7,1,30
Yangon International Airport,RGN,21/07/2024 10:35,Singapore Changi Airport,SIN,21/07/2024 15:20,195,Singapore Airlines,Economy,195,N/A,N/A,184,Y,Y,Y,1,7,1,23
Yangon International Airport,RGN,21/07/2024 11:35,Suvarnabhumi Airport,BKK,21/07/2024 13:35,90,THAI,Economy,395,170,N/A,188,Y,Y,Y,1,7,2,23
Yangon International Airport,RGN,21/07/2024 15:25,Singapore Changi Airport,SIN,21/07/2024 19:55,180,MAI,Economy,180,N/A,N/A,N/A,Y,Y,Y,1,7,1,30
Yangon International Airport,RGN,21/07/2024 11:25,Kuala Lumpur International Airport,KUL,21/07/2024 15:50,175,Malaysia Airlines,Economy,1210,960,TRUE,139,Y,Y,Y,1,7,1,23
Yangon International Airport,RGN,21/07/2024 19:00,Suvarnabhumi Airport,BKK,21/07/2024 21:00,90,THAI,Economy,885,660,TRUE,176,Y,Y,Y,1,7,2,23
Yangon International Airport,RGN,21/07/2024 11:25,Kuala Lumpur International Airport,KUL,21/07/2024 15:50,175,Malaysia Airlines,Economy,675,435,N/A,241,Y,Y,Y,1,7,1,23
Yangon International Airport,RGN,21/07/2024 15:10,Kunming Changshui International Airport,KMG,21/07/2024 18:40,120,China Eastern,Economy,1130,780,TRUE,288,Y,Y,Y,1,8,2,23
Yangon International Airport,RGN,21/07/2024 19:00,Suvarnabhumi Airport,BKK,21/07/2024 21:00,90,THAI,Economy,1135,895,TRUE,890,Y,Y,Y,1,7,2,23
Yangon International Airport,RGN,21/07/2024 8:20,Singapore Changi Airport,SIN,21/07/2024 12:50,180,MAI,Economy,180,N/A,N/A,N/A,Y,Y,Y,1,7,1,30
Yangon International Airport,RGN,22/07/2024 7:30,Singapore Changi Airport,SIN,22/07/2024 12:00,180,Myanmar National Airlines,Economy,180,N/A,N/A,137,Y,Y,Y,1,7,1,30
Yangon International Airport,RGN,22/07/2024 11:25,Kuala Lumpur International Airport,KUL,22/07/2024 15:50,175,Malaysia Airlines,Economy,320,70,N/A,138,Y,Y,Y,1,7,1,23
Yangon International Airport,RGN,22/07/2024 11:35,Suvarnabhumi Airport,BKK,22/07/2024 13:35,90,THAI,Economy,395,170,N/A,176,Y,Y,Y,1,7,2,23
Yangon International Airport,RGN,22/07/2024 10:35,Singapore Changi Airport,SIN,22/07/2024 15:20,195,Singapore Airlines,Economy,195,N/A,N/A,184,Y,Y,Y,1,7,1,23
Yangon International Airport,RGN,22/07/2024 15:25,Singapore Changi Airport,SIN,22/07/2024 19:55,180,MAI,Economy,180,N/A,N/A,N/A,Y,Y,Y,1,7,1,30
Yangon International Airport,RGN,22/07/2024 19:00,Suvarnabhumi Airport,BKK,22/07/2024 21:00,90,THAI,Economy,885,660,TRUE,176,Y,Y,Y,1,7,2,23
Yangon International Airport,RGN,22/07/2024 11:25,Guangzhou Baiyun International Airport,CAN,22/07/2024 16:15,200,China Southern,Economy,850,420,N/A,268,Y,Y,Y,1,8,1,23
Yangon International Airport,RGN,22/07/2024 11:25,Guangzhou Baiyun International Airport,CAN,22/07/2024 16:15,200,China Southern,Economy,595,155,N/A,352,Y,Y,Y,1,8,1,23
Yangon International Airport,RGN,22/07/2024 15:10,Kunming Changshui International Airport,KMG,22/07/2024 18:40,120,China Eastern,Economy,1120,760,TRUE,354,Y,Y,Y,1,8,2,23
Yangon International Airport,RGN,22/07/2024 8:20,Singapore Changi Airport,SIN,22/07/2024 12:50,180,MAI,Economy,180,N/A,N/A,N/A,Y,Y,Y,1,7,1,30
Yangon International Airport,RGN,23/07/2024 19:50,Kuala Lumpur International Airport,KUL,24/07/2024 0:10,170,AirAsia,Economy,595,355,TRUE,128,Y,N,N,1,7,0,0
Yangon International Airport,RGN,23/07/2024 7:30,Singapore Changi Airport,SIN,23/07/2024 12:00,180,Myanmar National Airlines,Economy,180,N/A,N/A,137,Y,Y,Y,1,7,1,30
Yangon International Airport,RGN,23/07/2024 11:25,Kuala Lumpur International Airport,KUL,23/07/2024 15:50,175,Malaysia Airlines,Economy,320,70,N/A,138,Y,Y,Y,1,7,1,23
Yangon International Airport,RGN,23/07/2024 11:35,Suvarnabhumi Airport,BKK,23/07/2024 13:35,90,THAI,Economy,395,170,N/A,176,Y,Y,Y,1,7,2,23
Yangon International Airport,RGN,23/07/2024 10:35,Singapore Changi Airport,SIN,23/07/2024 15:20,195,Singapore Airlines,Economy,195,N/A,N/A,184,Y,Y,Y,1,7,1,23
Yangon International Airport,RGN,23/07/2024 15:25,Singapore Changi Airport,SIN,23/07/2024 19:55,180,MAI,Economy,180,N/A,N/A,N/A,Y,Y,Y,1,7,1,30
Yangon International Airport,RGN,23/07/2024 19:00,Suvarnabhumi Airport,BKK,23/07/2024 21:00,90,THAI,Economy,885,660,TRUE,176,Y,Y,Y,1,7,2,23
Yangon International Airport,RGN,23/07/2024 15:10,Kunming Changshui International Airport,KMG,23/07/2024 18:40,120,China Eastern,Economy,1120,760,TRUE,321,Y,Y,Y,1,8,2,23
Yangon International Airport,RGN,23/07/2024 19:00,Suvarnabhumi Airport,BKK,23/07/2024 21:00,90,THAI,Economy,1135,895,TRUE,890,Y,Y,Y,1,7,2,23
Yangon International Airport,RGN,23/07/2024 8:20,Singapore Changi Airport,SIN,23/07/2024 12:50,180,MAI,Economy,180,N/A,N/A,N/A,Y,Y,Y,1,7,1,30
Yangon International Airport,RGN,24/07/2024 7:30,Singapore Changi Airport,SIN,24/07/2024 12:00,180,Myanmar National Airlines,Economy,180,N/A,N/A,137,Y,Y,Y,1,7,1,30
Yangon International Airport,RGN,24/07/2024 11:25,Kuala Lumpur International Airport,KUL,24/07/2024 15:50,175,Malaysia Airlines,Economy,320,70,N/A,138,Y,Y,Y,1,7,1,23
Yangon International Airport,RGN,24/07/2024 11:35,Suvarnabhumi Airport,BKK,24/07/2024 13:35,90,THAI,Economy,395,170,N/A,176,Y,Y,Y,1,7,2,23
Yangon International Airport,RGN,24/07/2024 10:35,Singapore Changi Airport,SIN,24/07/2024 15:20,195,Singapore Airlines,Economy,195,N/A,N/A,184,Y,Y,Y,1,7,1,23
Yangon International Airport,RGN,24/07/2024 15:25,Singapore Changi Airport,SIN,24/07/2024 19:55,180,MAI,Economy,180,N/A,N/A,N/A,Y,Y,Y,1,7,1,30
Yangon International Airport,RGN,24/07/2024 19:00,Suvarnabhumi Airport,BKK,24/07/2024 21:00,90,THAI,Economy,885,660,TRUE,176,Y,Y,Y,1,7,2,23
Yangon International Airport,RGN,24/07/2024 11:25,Guangzhou Baiyun International Airport,CAN,24/07/2024 16:15,200,China Southern,Economy,850,420,N/A,268,Y,Y,Y,1,8,1,23
Yangon International Airport,RGN,24/07/2024 11:25,Guangzhou Baiyun International Airport,CAN,24/07/2024 16:15,200,China Southern,Economy,595,155,N/A,288,Y,Y,Y,1,8,1,23
Yangon International Airport,RGN,24/07/2024 15:10,Kunming Changshui International Airport,KMG,24/07/2024 18:40,120,China Eastern,Economy,1140,780,TRUE,321,Y,Y,Y,1,8,2,23
Yangon International Airport,RGN,24/07/2024 8:20,Singapore Changi Airport,SIN,24/07/2024 12:50,180,MAI,Economy,180,N/A,N/A,N/A,Y,Y,Y,1,7,1,30
Yangon International Airport,RGN,25/07/2024 19:50,Kuala Lumpur International Airport,KUL,26/07/2024 0:10,170,AirAsia,Economy,595,355,TRUE,120,Y,N,N,1,7,0,0
Yangon International Airport,RGN,25/07/2024 7:30,Singapore Changi Airport,SIN,25/07/2024 12:00,180,Myanmar National Airlines,Economy,180,N/A,N/A,137,Y,Y,Y,1,7,1,30
Yangon International Airport,RGN,25/07/2024 11:25,Kuala Lumpur International Airport,KUL,25/07/2024 15:50,175,Malaysia Airlines,Economy,320,70,N/A,138,Y,Y,Y,1,7,1,23
Yangon International Airport,RGN,25/07/2024 11:35,Suvarnabhumi Airport,BKK,25/07/2024 13:35,90,THAI,Economy,395,170,N/A,176,Y,Y,Y,1,7,2,23
Yangon International Airport,RGN,25/07/2024 10:35,Singapore Changi Airport,SIN,25/07/2024 15:20,195,Singapore Airlines,Economy,195,N/A,N/A,184,Y,Y,Y,1,7,1,23
Yangon International Airport,RGN,25/07/2024 15:25,Singapore Changi Airport,SIN,25/07/2024 19:55,180,MAI,Economy,180,N/A,N/A,N/A,Y,Y,Y,1,7,1,30
Yangon International Airport,RGN,25/07/2024 19:00,Suvarnabhumi Airport,BKK,25/07/2024 21:00,90,THAI,Economy,885,660,TRUE,176,Y,Y,Y,1,7,2,23
Yangon International Airport,RGN,25/07/2024 15:10,Kunming Changshui International Airport,KMG,25/07/2024 18:40,120,China Eastern,Economy,1120,760,TRUE,321,Y,Y,Y,1,8,2,23
Yangon International Airport,RGN,25/07/2024 19:00,Suvarnabhumi Airport,BKK,25/07/2024 21:00,90,THAI,Economy,1135,895,TRUE,890,Y,Y,Y,1,7,2,23
Yangon International Airport,RGN,25/07/2024 8:20,Singapore Changi Airport,SIN,25/07/2024 12:50,180,MAI,Economy,180,N/A,N/A,N/A,Y,Y,Y,1,7,1,30
Yangon International Airport,RGN,26/07/2024 7:30,Singapore Changi Airport,SIN,26/07/2024 12:00,180,Myanmar National Airlines,Economy,180,N/A,N/A,137,Y,Y,Y,1,7,1,30
Yangon International Airport,RGN,26/07/2024 11:25,Kuala Lumpur International Airport,KUL,26/07/2024 15:50,175,Malaysia Airlines,Economy,320,70,N/A,138,Y,Y,Y,1,7,1,23
Yangon International Airport,RGN,26/07/2024 11:35,Suvarnabhumi Airport,BKK,26/07/2024 13:35,90,THAI,Economy,395,170,N/A,176,Y,Y,Y,1,7,2,23
Yangon International Airport,RGN,26/07/2024 10:35,Singapore Changi Airport,SIN,26/07/2024 15:20,195,Singapore Airlines,Economy,195,N/A,N/A,184,Y,Y,Y,1,7,1,23
Yangon International Airport,RGN,26/07/2024 15:25,Singapore Changi Airport,SIN,26/07/2024 19:55,180,MAI,Economy,180,N/A,N/A,N/A,Y,Y,Y,1,7,1,30
Yangon International Airport,RGN,26/07/2024 19:00,Suvarnabhumi Airport,BKK,26/07/2024 21:00,90,THAI,Economy,1080,855,TRUE,193,Y,Y,Y,1,7,2,23
Yangon International Airport,RGN,26/07/2024 19:00,Suvarnabhumi Airport,BKK,26/07/2024 21:00,90,THAI,Economy,885,660,TRUE,234,Y,Y,Y,1,7,2,23
Yangon International Airport,RGN,26/07/2024 11:25,Guangzhou Baiyun International Airport,CAN,26/07/2024 16:15,200,China Southern,Economy,850,420,N/A,268,Y,Y,Y,1,8,1,23
Yangon International Airport,RGN,26/07/2024 11:25,Guangzhou Baiyun International Airport,CAN,26/07/2024 16:15,200,China Southern,Economy,595,155,N/A,302,Y,Y,Y,1,8,1,23
Yangon International Airport,RGN,26/07/2024 8:20,Singapore Changi Airport,SIN,26/07/2024 12:50,180,MAI,Economy,180,N/A,N/A,N/A,Y,Y,Y,1,7,1,30
Yangon International Airport,RGN,27/07/2024 7:30,Singapore Changi Airport,SIN,27/07/2024 12:00,180,Myanmar National Airlines,Economy,180,N/A,N/A,137,Y,Y,Y,1,7,1,30
Yangon International Airport,RGN,27/07/2024 11:25,Kuala Lumpur International Airport,KUL,27/07/2024 15:50,175,Malaysia Airlines,Economy,320,70,N/A,138,Y,Y,Y,1,7,1,23
Yangon International Airport,RGN,27/07/2024 10:35,Singapore Changi Airport,SIN,27/07/2024 15:20,195,Singapore Airlines,Economy,195,N/A,N/A,184,Y,Y,Y,1,7,1,23
Yangon International Airport,RGN,27/07/2024 15:25,Singapore Changi Airport,SIN,27/07/2024 19:55,180,MAI,Economy,180,N/A,N/A,N/A,Y,Y,Y,1,7,1,30
Yangon International Airport,RGN,27/07/2024 19:50,Kuala Lumpur International Airport,KUL,28/07/2024 0:10,170,AirAsia,Economy,595,355,TRUE,121,Y,N,N,1,7,0,0
Yangon International Airport,RGN,27/07/2024 11:35,Suvarnabhumi Airport,BKK,27/07/2024 13:35,90,THAI,Economy,395,170,N/A,176,Y,Y,Y,1,7,2,23
Yangon International Airport,RGN,27/07/2024 19:00,Suvarnabhumi Airport,BKK,27/07/2024 21:00,90,THAI,Economy,885,660,TRUE,176,Y,Y,Y,1,7,2,23
Yangon International Airport,RGN,27/07/2024 11:25,Guangzhou Baiyun International Airport,CAN,27/07/2024 16:00,185,China Southern,Economy,595,170,N/A,268,Y,Y,Y,1,8,1,23
Yangon International Airport,RGN,27/07/2024 15:10,Kunming Changshui International Airport,KMG,27/07/2024 18:40,120,China Eastern,Economy,1120,760,TRUE,419,Y,Y,Y,1,8,2,23
Yangon International Airport,RGN,27/07/2024 8:20,Singapore Changi Airport,SIN,27/07/2024 12:50,180,MAI,Economy,180,N/A,N/A,N/A,Y,Y,Y,1,7,1,30
Yangon International Airport,RGN,28/07/2024 7:30,Singapore Changi Airport,SIN,28/07/2024 12:00,180,Myanmar National Airlines,Economy,180,N/A,N/A,137,Y,Y,Y,1,7,1,30
Yangon International Airport,RGN,28/07/2024 11:35,Suvarnabhumi Airport,BKK,28/07/2024 13:35,90,THAI,Economy,395,170,N/A,176,Y,Y,Y,1,7,2,23
Yangon International Airport,RGN,28/07/2024 10:35,Singapore Changi Airport,SIN,28/07/2024 15:20,195,Singapore Airlines,Economy,195,N/A,N/A,184,Y,Y,Y,1,7,1,23
Yangon International Airport,RGN,28/07/2024 15:25,Singapore Changi Airport,SIN,28/07/2024 19:55,180,MAI,Economy,180,N/A,N/A,N/A,Y,Y,Y,1,7,1,30
Yangon International Airport,RGN,28/07/2024 11:25,Kuala Lumpur International Airport,KUL,28/07/2024 15:50,175,Malaysia Airlines,Economy,1210,960,TRUE,139,Y,Y,Y,1,7,1,23
Yangon International Airport,RGN,28/07/2024 19:00,Suvarnabhumi Airport,BKK,28/07/2024 21:00,90,THAI,Economy,885,660,TRUE,176,Y,Y,Y,1,7,2,23
Yangon International Airport,RGN,28/07/2024 11:25,Kuala Lumpur International Airport,KUL,28/07/2024 15:50,175,Malaysia Airlines,Economy,675,435,N/A,241,Y,Y,Y,1,7,1,23
Yangon International Airport,RGN,28/07/2024 15:10,Kunming Changshui International Airport,KMG,28/07/2024 18:40,120,China Eastern,Economy,1130,780,TRUE,288,Y,Y,Y,1,8,2,23
Yangon International Airport,RGN,28/07/2024 8:20,Singapore Changi Airport,SIN,28/07/2024 12:50,180,MAI,Economy,180,N/A,N/A,N/A,Y,Y,Y,1,7,1,30
Yangon International Airport,RGN,29/07/2024 7:30,Singapore Changi Airport,SIN,29/07/2024 12:00,180,Myanmar National Airlines,Economy,180,N/A,N/A,137,Y,Y,Y,1,7,1,30
Yangon International Airport,RGN,29/07/2024 11:35,Suvarnabhumi Airport,BKK,29/07/2024 13:35,90,THAI,Economy,395,170,N/A,176,Y,Y,Y,1,7,2,23
Yangon International Airport,RGN,29/07/2024 10:35,Singapore Changi Airport,SIN,29/07/2024 15:20,195,Singapore Airlines,Economy,195,N/A,N/A,184,Y,Y,Y,1,7,1,23
Yangon International Airport,RGN,29/07/2024 11:25,Kuala Lumpur International Airport,KUL,29/07/2024 15:50,175,Malaysia Airlines,Economy,320,70,N/A,196,Y,Y,Y,1,7,1,23
Yangon International Airport,RGN,29/07/2024 15:25,Singapore Changi Airport,SIN,29/07/2024 19:55,180,MAI,Economy,180,N/A,N/A,N/A,Y,Y,Y,1,7,1,30
Yangon International Airport,RGN,29/07/2024 11:25,Kuala Lumpur International Airport,KUL,29/07/2024 15:50,175,Malaysia Airlines,Economy,1210,960,TRUE,139,Y,Y,Y,1,7,1,23
Yangon International Airport,RGN,29/07/2024 11:25,Kuala Lumpur International Airport,KUL,29/07/2024 15:50,175,Malaysia Airlines,Economy,675,435,N/A,173,Y,Y,Y,1,7,1,23
Yangon International Airport,RGN,29/07/2024 19:00,Suvarnabhumi Airport,BKK,29/07/2024 21:00,90,THAI,Economy,885,660,TRUE,176,Y,Y,Y,1,7,2,23
Yangon International Airport,RGN,29/07/2024 11:25,Guangzhou Baiyun International Airport,CAN,29/07/2024 16:15,200,China Southern,Economy,595,155,N/A,268,Y,Y,Y,1,8,1,23
Yangon International Airport,RGN,29/07/2024 8:20,Singapore Changi Airport,SIN,29/07/2024 12:50,180,MAI,Economy,180,N/A,N/A,N/A,Y,Y,Y,1,7,1,30
Yangon International Airport,RGN,30/07/2024 19:50,Kuala Lumpur International Airport,KUL,31/07/2024 0:10,170,AirAsia,Economy,595,355,TRUE,120,Y,N,N,1,7,0,0
Yangon International Airport,RGN,30/07/2024 7:30,Singapore Changi Airport,SIN,30/07/2024 12:00,180,Myanmar National Airlines,Economy,180,N/A,N/A,137,Y,Y,Y,1,7,1,30
Yangon International Airport,RGN,30/07/2024 11:25,Kuala Lumpur International Airport,KUL,30/07/2024 15:50,175,Malaysia Airlines,Economy,320,70,N/A,138,Y,Y,Y,1,7,1,23
Yangon International Airport,RGN,30/07/2024 11:35,Suvarnabhumi Airport,BKK,30/07/2024 13:35,90,THAI,Economy,395,170,N/A,176,Y,Y,Y,1,7,2,23
Yangon International Airport,RGN,30/07/2024 10:35,Singapore Changi Airport,SIN,30/07/2024 15:20,195,Singapore Airlines,Economy,195,N/A,N/A,184,Y,Y,Y,1,7,1,23
Yangon International Airport,RGN,30/07/2024 15:25,Singapore Changi Airport,SIN,30/07/2024 19:55,180,MAI,Economy,180,N/A,N/A,N/A,Y,Y,Y,1,7,1,30
Yangon International Airport,RGN,30/07/2024 19:00,Suvarnabhumi Airport,BKK,30/07/2024 21:00,90,THAI,Economy,885,660,TRUE,176,Y,Y,Y,1,7,2,23
Yangon International Airport,RGN,30/07/2024 15:10,Kunming Changshui International Airport,KMG,30/07/2024 18:40,120,China Eastern,Economy,1120,760,TRUE,321,Y,Y,Y,1,8,2,23
Yangon International Airport,RGN,30/07/2024 19:00,Suvarnabhumi Airport,BKK,30/07/2024 21:00,90,THAI,Economy,1135,895,TRUE,890,Y,Y,Y,1,7,2,23
Yangon International Airport,RGN,30/07/2024 8:20,Singapore Changi Airport,SIN,30/07/2024 12:50,180,MAI,Economy,180,N/A,N/A,N/A,Y,Y,Y,1,7,1,30
Yangon International Airport,RGN,31/07/2024 7:30,Singapore Changi Airport,SIN,31/07/2024 12:00,180,Myanmar National Airlines,Economy,180,N/A,N/A,137,Y,Y,Y,1,7,1,30
Yangon International Airport,RGN,31/07/2024 11:25,Kuala Lumpur International Airport,KUL,31/07/2024 15:50,175,Malaysia Airlines,Economy,320,70,N/A,138,Y,Y,Y,1,7,1,23
Yangon International Airport,RGN,31/07/2024 11:35,Suvarnabhumi Airport,BKK,31/07/2024 13:35,90,THAI,Economy,395,170,N/A,176,Y,Y,Y,1,7,2,23
Yangon International Airport,RGN,31/07/2024 10:35,Singapore Changi Airport,SIN,31/07/2024 15:20,195,Singapore Airlines,Economy,195,N/A,N/A,184,Y,Y,Y,1,7,1,23
Yangon International Airport,RGN,31/07/2024 15:25,Singapore Changi Airport,SIN,31/07/2024 19:55,180,MAI,Economy,180,N/A,N/A,N/A,Y,Y,Y,1,7,1,30
Yangon International Airport,RGN,31/07/2024 19:00,Suvarnabhumi Airport,BKK,31/07/2024 21:00,90,THAI,Economy,885,660,TRUE,176,Y,Y,Y,1,7,2,23
Yangon International Airport,RGN,31/07/2024 11:25,Guangzhou Baiyun International Airport,CAN,31/07/2024 16:15,200,China Southern,Economy,595,155,N/A,268,Y,Y,Y,1,8,1,23
Yangon International Airport,RGN,31/07/2024 15:10,Kunming Changshui International Airport,KMG,31/07/2024 18:40,120,China Eastern,Economy,1140,780,TRUE,288,Y,Y,Y,1,8,2,23
Yangon International Airport,RGN,31/07/2024 19:00,Suvarnabhumi Airport,BKK,31/07/2024 21:00,90,THAI,Economy,1135,895,TRUE,890,Y,Y,Y,1,7,2,23
Yangon International Airport,RGN,31/07/2024 8:20,Singapore Changi Airport,SIN,31/07/2024 12:50,180,MAI,Economy,180,N/A,N/A,N/A,Y,Y,Y,1,7,1,30
Yangon International Airport,RGN,01/08/2024 11:25,Kuala Lumpur International Airport,KUL,01/08/2024 15:50,175,Malaysia Airlines,Economy,320,70,N/A,106,Y,Y,Y,1,7,1,23
Yangon International Airport,RGN,01/08/2024 7:30,Singapore Changi Airport,SIN,01/08/2024 12:00,180,Myanmar National Airlines,Economy,180,N/A,N/A,112,Y,Y,Y,1,7,1,30
Yangon International Airport,RGN,01/08/2024 10:35,Singapore Changi Airport,SIN,01/08/2024 15:20,195,Singapore Airlines,Economy,195,N/A,N/A,150,Y,Y,Y,1,7,1,23
Yangon International Airport,RGN,01/08/2024 11:25,Suvarnabhumi Airport,BKK,01/08/2024 13:25,90,THAI,Economy,405,180,N/A,157,Y,Y,Y,1,7,2,23
Yangon International Airport,RGN,01/08/2024 11:25,Kuala Lumpur International Airport,KUL,01/08/2024 15:50,175,Malaysia Airlines,Economy,535,290,N/A,221,Y,Y,Y,1,7,1,23
Yangon International Airport,RGN,01/08/2024 15:10,Kunming Changshui International Airport,KMG,01/08/2024 18:40,120,China Eastern,Economy,1120,760,TRUE,234,Y,Y,Y,1,8,2,23
Yangon International Airport,RGN,01/08/2024 19:00,Suvarnabhumi Airport,BKK,01/08/2024 21:00,90,THAI,Economy,885,660,TRUE,348,Y,Y,Y,1,7,2,23
Yangon International Airport,RGN,01/08/2024 19:00,Suvarnabhumi Airport,BKK,01/08/2024 21:00,90,THAI,Economy,1135,895,TRUE,722,Y,Y,Y,1,7,2,23
Yangon International Airport,RGN,01/08/2024 8:20,Singapore Changi Airport,SIN,01/08/2024 12:50,180,MAI,Economy,180,N/A,N/A,N/A,Y,Y,Y,1,7,1,30
Yangon International Airport,RGN,01/08/2024 15:25,Singapore Changi Airport,SIN,01/08/2024 19:55,180,MAI,Economy,180,N/A,N/A,N/A,Y,Y,Y,1,7,1,30
Yangon International Airport,RGN,02/08/2024 11:25,Kuala Lumpur International Airport,KUL,02/08/2024 15:50,175,Malaysia Airlines,Economy,320,70,N/A,106,Y,Y,Y,1,7,1,23
Yangon International Airport,RGN,02/08/2024 7:30,Singapore Changi Airport,SIN,02/08/2024 12:00,180,Myanmar National Airlines,Economy,180,N/A,N/A,128,Y,Y,Y,1,7,1,30
Yangon International Airport,RGN,02/08/2024 10:35,Singapore Changi Airport,SIN,02/08/2024 15:20,195,Singapore Airlines,Economy,195,N/A,N/A,150,Y,Y,Y,1,7,1,23
Yangon International Airport,RGN,02/08/2024 11:25,Suvarnabhumi Airport,BKK,02/08/2024 13:25,90,THAI,Economy,405,180,N/A,157,Y,Y,Y,1,7,2,23
Yangon International Airport,RGN,02/08/2024 19:00,Suvarnabhumi Airport,BKK,02/08/2024 21:00,90,THAI,Economy,885,660,TRUE,157,Y,Y,Y,1,7,2,23
Yangon International Airport,RGN,02/08/2024 11:25,Guangzhou Baiyun International Airport,CAN,02/08/2024 16:15,200,China Southern,Economy,850,420,N/A,189,Y,Y,Y,1,8,1,23
Yangon International Airport,RGN,02/08/2024 11:25,Guangzhou Baiyun International Airport,CAN,02/08/2024 16:15,200,China Southern,Economy,595,155,N/A,221,Y,Y,Y,1,8,1,23
Yangon International Airport,RGN,02/08/2024 11:25,Kuala Lumpur International Airport,KUL,02/08/2024 15:50,175,Malaysia Airlines,Economy,535,290,N/A,239,Y,Y,Y,1,7,1,23
Yangon International Airport,RGN,02/08/2024 8:20,Singapore Changi Airport,SIN,02/08/2024 12:50,180,MAI,Economy,180,N/A,N/A,N/A,Y,Y,Y,1,7,1,30
Yangon International Airport,RGN,02/08/2024 15:25,Singapore Changi Airport,SIN,02/08/2024 19:55,180,MAI,Economy,180,N/A,N/A,N/A,Y,Y,Y,1,7,1,30
Yangon International Airport,RGN,03/08/2024 11:25,Kuala Lumpur International Airport,KUL,03/08/2024 15:50,175,Malaysia Airlines,Economy,320,70,N/A,106,Y,Y,Y,1,7,1,23
Yangon International Airport,RGN,03/08/2024 7:30,Singapore Changi Airport,SIN,03/08/2024 12:00,180,Myanmar National Airlines,Economy,180,N/A,N/A,112,Y,Y,Y,1,7,1,30
Yangon International Airport,RGN,03/08/2024 10:35,Singapore Changi Airport,SIN,03/08/2024 15:20,195,Singapore Airlines,Economy,195,N/A,N/A,150,Y,Y,Y,1,7,1,23
Yangon International Airport,RGN,03/08/2024 19:50,Kuala Lumpur International Airport,KUL,04/08/2024 0:10,170,AirAsia,Economy,595,355,TRUE,127,Y,N,N,1,7,0,0
Yangon International Airport,RGN,03/08/2024 11:25,Suvarnabhumi Airport,BKK,03/08/2024 13:25,90,THAI,Economy,405,180,N/A,157,Y,Y,Y,1,7,2,23
Yangon International Airport,RGN,03/08/2024 19:00,Suvarnabhumi Airport,BKK,03/08/2024 21:00,90,THAI,Economy,885,660,TRUE,157,Y,Y,Y,1,7,2,23
Yangon International Airport,RGN,03/08/2024 11:25,Guangzhou Baiyun International Airport,CAN,03/08/2024 16:00,185,China Southern,Economy,850,435,N/A,189,Y,Y,Y,1,8,1,23
Yangon International Airport,RGN,03/08/2024 11:25,Guangzhou Baiyun International Airport,CAN,03/08/2024 16:00,185,China Southern,Economy,595,170,N/A,212,Y,Y,Y,1,8,1,23
Yangon International Airport,RGN,03/08/2024 8:20,Singapore Changi Airport,SIN,03/08/2024 12:50,180,MAI,Economy,180,N/A,N/A,N/A,Y,Y,Y,1,7,1,30
Yangon International Airport,RGN,03/08/2024 15:25,Singapore Changi Airport,SIN,03/08/2024 19:55,180,MAI,Economy,180,N/A,N/A,N/A,Y,Y,Y,1,7,1,30
Yangon International Airport,RGN,04/08/2024 7:30,Singapore Changi Airport,SIN,04/08/2024 12:00,180,Myanmar National Airlines,Economy,180,N/A,N/A,128,Y,Y,Y,1,7,1,30
Yangon International Airport,RGN,04/08/2024 10:35,Singapore Changi Airport,SIN,04/08/2024 15:20,195,Singapore Airlines,Economy,195,N/A,N/A,150,Y,Y,Y,1,7,1,23
Yangon International Airport,RGN,04/08/2024 11:25,Suvarnabhumi Airport,BKK,04/08/2024 13:25,90,THAI,Economy,405,180,N/A,157,Y,Y,Y,1,7,2,23
Yangon International Airport,RGN,04/08/2024 11:25,Kuala Lumpur International Airport,KUL,04/08/2024 15:50,175,Malaysia Airlines,Economy,1210,960,TRUE,111,Y,Y,Y,1,7,1,23
Yangon International Airport,RGN,04/08/2024 19:00,Suvarnabhumi Airport,BKK,04/08/2024 21:00,90,THAI,Economy,885,660,TRUE,157,Y,Y,Y,1,7,2,23
Yangon International Airport,RGN,04/08/2024 15:10,Kunming Changshui International Airport,KMG,04/08/2024 18:40,120,China Eastern,Economy,1130,780,TRUE,234,Y,Y,Y,1,8,2,23
Yangon International Airport,RGN,04/08/2024 11:25,Kuala Lumpur International Airport,KUL,04/08/2024 15:50,175,Malaysia Airlines,Economy,535,290,N/A,422,Y,Y,Y,1,7,1,23
Yangon International Airport,RGN,04/08/2024 8:20,Singapore Changi Airport,SIN,04/08/2024 12:50,180,MAI,Economy,180,N/A,N/A,N/A,Y,Y,Y,1,7,1,30
Yangon International Airport,RGN,04/08/2024 15:25,Singapore Changi Airport,SIN,04/08/2024 19:55,180,MAI,Economy,180,N/A,N/A,N/A,Y,Y,Y,1,7,1,30
Yangon International Airport,RGN,05/08/2024 7:30,Singapore Changi Airport,SIN,05/08/2024 12:00,180,Myanmar National Airlines,Economy,180,N/A,N/A,112,Y,Y,Y,1,7,1,30
Yangon International Airport,RGN,05/08/2024 10:35,Singapore Changi Airport,SIN,05/08/2024 15:20,195,Singapore Airlines,Economy,195,N/A,N/A,150,Y,Y,Y,1,7,1,23
Yangon International Airport,RGN,05/08/2024 6:50,Kuala Lumpur International Airport,KUL,05/08/2024 11:05,165,MAI,Economy,380,140,N/A,155,Y,Y,Y,1,7,1,30
Yangon International Airport,RGN,05/08/2024 11:25,Suvarnabhumi Airport,BKK,05/08/2024 13:25,90,THAI,Economy,405,180,N/A,157,Y,Y,Y,1,7,2,23
Yangon International Airport,RGN,05/08/2024 11:25,Guangzhou Baiyun International Airport,CAN,05/08/2024 16:15,200,China Southern,Economy,595,155,N/A,212,Y,Y,Y,1,8,1,23
Yangon International Airport,RGN,05/08/2024 19:00,Suvarnabhumi Airport,BKK,05/08/2024 21:00,90,THAI,Economy,885,660,TRUE,157,Y,Y,Y,1,7,2,23
Yangon International Airport,RGN,05/08/2024 11:25,Guangzhou Baiyun International Airport,CAN,05/08/2024 16:15,200,China Southern,Economy,850,420,N/A,189,Y,Y,Y,1,8,1,23
Yangon International Airport,RGN,05/08/2024 19:00,Suvarnabhumi Airport,BKK,05/08/2024 21:00,90,THAI,Economy,1135,895,TRUE,722,Y,Y,Y,1,7,2,23
Yangon International Airport,RGN,05/08/2024 8:20,Singapore Changi Airport,SIN,05/08/2024 12:50,180,MAI,Economy,180,N/A,N/A,N/A,Y,Y,Y,1,7,1,30
Yangon International Airport,RGN,05/08/2024 15:25,Singapore Changi Airport,SIN,05/08/2024 19:55,180,MAI,Economy,180,N/A,N/A,N/A,Y,Y,Y,1,7,1,30
Yangon International Airport,RGN,06/08/2024 11:25,Kuala Lumpur International Airport,KUL,06/08/2024 15:50,175,Malaysia Airlines,Economy,320,70,N/A,106,Y,Y,Y,1,7,1,23
Yangon International Airport,RGN,06/08/2024 10:35,Singapore Changi Airport,SIN,06/08/2024 15:20,195,Singapore Airlines,Economy,195,N/A,N/A,150,Y,Y,Y,1,7,1,23
Yangon International Airport,RGN,06/08/2024 6:50,Kuala Lumpur International Airport,KUL,06/08/2024 11:05,165,MAI,Economy,380,140,N/A,155,Y,Y,Y,1,7,1,30
Yangon International Airport,RGN,06/08/2024 11:25,Suvarnabhumi Airport,BKK,06/08/2024 13:25,90,THAI,Economy,405,180,N/A,157,Y,Y,Y,1,7,2,23
Yangon International Airport,RGN,06/08/2024 7:30,Singapore Changi Airport,SIN,06/08/2024 12:00,180,Myanmar National Airlines,Economy,180,N/A,N/A,161,Y,Y,Y,1,7,1,30
Yangon International Airport,RGN,06/08/2024 19:00,Suvarnabhumi Airport,BKK,06/08/2024 21:00,90,THAI,Economy,885,660,TRUE,157,Y,Y,Y,1,7,2,23
Yangon International Airport,RGN,06/08/2024 11:25,Kuala Lumpur International Airport,KUL,06/08/2024 15:50,175,Malaysia Airlines,Economy,535,290,N/A,201,Y,Y,Y,1,7,1,23
Yangon International Airport,RGN,06/08/2024 15:10,Kunming Changshui International Airport,KMG,06/08/2024 18:40,120,China Eastern,Economy,1120,760,TRUE,234,Y,Y,Y,1,8,2,23
Yangon International Airport,RGN,06/08/2024 8:20,Singapore Changi Airport,SIN,06/08/2024 12:50,180,MAI,Economy,180,N/A,N/A,N/A,Y,Y,Y,1,7,1,30
Yangon International Airport,RGN,06/08/2024 15:25,Singapore Changi Airport,SIN,06/08/2024 19:55,180,MAI,Economy,180,N/A,N/A,N/A,Y,Y,Y,1,7,1,30
Yangon International Airport,RGN,07/08/2024 11:25,Kuala Lumpur International Airport,KUL,07/08/2024 15:50,175,Malaysia Airlines,Economy,320,70,N/A,106,Y,Y,Y,1,7,1,23
Yangon International Airport,RGN,07/08/2024 7:30,Singapore Changi Airport,SIN,07/08/2024 12:00,180,Myanmar National Airlines,Economy,180,N/A,N/A,112,Y,Y,Y,1,7,1,30
Yangon International Airport,RGN,07/08/2024 10:35,Singapore Changi Airport,SIN,07/08/2024 15:20,195,Singapore Airlines,Economy,195,N/A,N/A,150,Y,Y,Y,1,7,1,23
Yangon International Airport,RGN,07/08/2024 11:25,Suvarnabhumi Airport,BKK,07/08/2024 13:25,90,THAI,Economy,405,180,N/A,157,Y,Y,Y,1,7,2,23
Yangon International Airport,RGN,07/08/2024 19:00,Suvarnabhumi Airport,BKK,07/08/2024 21:00,90,THAI,Economy,885,660,TRUE,157,Y,Y,Y,1,7,2,23
Yangon International Airport,RGN,07/08/2024 11:25,Guangzhou Baiyun International Airport,CAN,07/08/2024 16:15,200,China Southern,Economy,850,420,N/A,189,Y,Y,Y,1,8,1,23
Yangon International Airport,RGN,07/08/2024 11:25,Guangzhou Baiyun International Airport,CAN,07/08/2024 16:15,200,China Southern,Economy,595,155,N/A,212,Y,Y,Y,1,8,1,23
Yangon International Airport,RGN,07/08/2024 15:10,Kunming Changshui International Airport,KMG,07/08/2024 18:40,120,China Eastern,Economy,1140,780,TRUE,234,Y,Y,Y,1,8,2,23
Yangon International Airport,RGN,07/08/2024 8:20,Singapore Changi Airport,SIN,07/08/2024 12:50,180,MAI,Economy,180,N/A,N/A,N/A,Y,Y,Y,1,7,1,30
Yangon International Airport,RGN,07/08/2024 15:25,Singapore Changi Airport,SIN,07/08/2024 19:55,180,MAI,Economy,180,N/A,N/A,N/A,Y,Y,Y,1,7,1,30
Yangon International Airport,RGN,08/08/2024 11:25,Kuala Lumpur International Airport,KUL,08/08/2024 15:50,175,Malaysia Airlines,Economy,320,70,N/A,106,Y,Y,Y,1,7,1,23
Yangon International Airport,RGN,08/08/2024 10:35,Singapore Changi Airport,SIN,08/08/2024 15:20,195,Singapore Airlines,Economy,195,N/A,N/A,150,Y,Y,Y,1,7,1,23
Yangon International Airport,RGN,08/08/2024 7:30,Singapore Changi Airport,SIN,08/08/2024 12:00,180,Myanmar National Airlines,Economy,180,N/A,N/A,161,Y,Y,Y,1,7,1,30
Yangon International Airport,RGN,08/08/2024 19:50,Kuala Lumpur International Airport,KUL,09/08/2024 0:10,170,AirAsia,Economy,595,355,TRUE,127,Y,N,N,1,7,0,0
Yangon International Airport,RGN,08/08/2024 6:50,Kuala Lumpur International Airport,KUL,08/08/2024 11:05,165,MAI,Economy,380,140,N/A,155,Y,Y,Y,1,7,1,30
Yangon International Airport,RGN,08/08/2024 11:25,Suvarnabhumi Airport,BKK,08/08/2024 13:25,90,THAI,Economy,405,180,N/A,157,Y,Y,Y,1,7,2,23
Yangon International Airport,RGN,08/08/2024 11:25,Kuala Lumpur International Airport,KUL,08/08/2024 15:50,175,Malaysia Airlines,Economy,600,355,N/A,221,Y,Y,Y,1,7,1,23
Yangon International Airport,RGN,08/08/2024 15:10,Kunming Changshui International Airport,KMG,08/08/2024 18:40,120,China Eastern,Economy,1120,760,TRUE,234,Y,Y,Y,1,8,2,23
Yangon International Airport,RGN,08/08/2024 8:20,Singapore Changi Airport,SIN,08/08/2024 12:50,180,MAI,Economy,180,N/A,N/A,N/A,Y,Y,Y,1,7,1,30
Yangon International Airport,RGN,08/08/2024 15:25,Singapore Changi Airport,SIN,08/08/2024 19:55,180,MAI,Economy,180,N/A,N/A,N/A,Y,Y,Y,1,7,1,30
Yangon International Airport,RGN,09/08/2024 11:25,Kuala Lumpur International Airport,KUL,09/08/2024 15:50,175,Malaysia Airlines,Economy,320,70,N/A,106,Y,Y,Y,1,7,1,23
Yangon International Airport,RGN,09/08/2024 7:30,Singapore Changi Airport,SIN,09/08/2024 12:00,180,Myanmar National Airlines,Economy,180,N/A,N/A,112,Y,Y,Y,1,7,1,30
Yangon International Airport,RGN,09/08/2024 10:35,Singapore Changi Airport,SIN,09/08/2024 15:20,195,Singapore Airlines,Economy,195,N/A,N/A,150,Y,Y,Y,1,7,1,23
Yangon International Airport,RGN,09/08/2024 11:25,Suvarnabhumi Airport,BKK,09/08/2024 13:25,90,THAI,Economy,405,180,N/A,157,Y,Y,Y,1,7,2,23
Yangon International Airport,RGN,09/08/2024 19:00,Suvarnabhumi Airport,BKK,09/08/2024 21:00,90,THAI,Economy,885,660,TRUE,167,Y,Y,Y,1,7,2,23
Yangon International Airport,RGN,09/08/2024 11:25,Guangzhou Baiyun International Airport,CAN,09/08/2024 16:15,200,China Southern,Economy,850,420,N/A,189,Y,Y,Y,1,8,1,23
Yangon International Airport,RGN,09/08/2024 11:25,Guangzhou Baiyun International Airport,CAN,09/08/2024 16:15,200,China Southern,Economy,595,155,N/A,212,Y,Y,Y,1,8,1,23
Yangon International Airport,RGN,09/08/2024 11:25,Kuala Lumpur International Airport,KUL,09/08/2024 15:50,175,Malaysia Airlines,Economy,560,310,N/A,221,Y,Y,Y,1,7,1,23
Yangon International Airport,RGN,09/08/2024 8:20,Singapore Changi Airport,SIN,09/08/2024 12:50,180,MAI,Economy,180,N/A,N/A,N/A,Y,Y,Y,1,7,1,30
Yangon International Airport,RGN,09/08/2024 15:25,Singapore Changi Airport,SIN,09/08/2024 19:55,180,MAI,Economy,180,N/A,N/A,N/A,Y,Y,Y,1,7,1,30
Yangon International Airport,RGN,10/08/2024 7:30,Singapore Changi Airport,SIN,10/08/2024 12:00,180,Myanmar National Airlines,Economy,180,N/A,N/A,112,Y,Y,Y,1,7,1,30
Yangon International Airport,RGN,10/08/2024 10:35,Singapore Changi Airport,SIN,10/08/2024 15:20,195,Singapore Airlines,Economy,195,N/A,N/A,150,Y,Y,Y,1,7,1,23
Yangon International Airport,RGN,10/08/2024 11:25,Suvarnabhumi Airport,BKK,10/08/2024 13:25,90,THAI,Economy,405,180,N/A,157,Y,Y,Y,1,7,2,23
Yangon International Airport,RGN,10/08/2024 11:25,Guangzhou Baiyun International Airport,CAN,10/08/2024 16:00,185,China Southern,Economy,850,435,N/A,209,Y,Y,Y,1,8,1,23
Yangon International Airport,RGN,10/08/2024 15:10,Kunming Changshui International Airport,KMG,10/08/2024 18:40,120,China Eastern,Economy,1120,760,TRUE,234,Y,Y,Y,1,8,2,23
Yangon International Airport,RGN,10/08/2024 19:50,Kuala Lumpur International Airport,KUL,11/08/2024 0:10,170,AirAsia,Economy,595,355,TRUE,253,Y,N,N,1,7,0,0
Yangon International Airport,RGN,10/08/2024 11:25,Guangzhou Baiyun International Airport,CAN,10/08/2024 16:00,185,China Southern,Economy,595,170,N/A,284,Y,Y,Y,1,8,1,23
Yangon International Airport,RGN,10/08/2024 8:20,Singapore Changi Airport,SIN,10/08/2024 12:50,180,MAI,Economy,180,N/A,N/A,N/A,Y,Y,Y,1,7,1,30
Yangon International Airport,RGN,10/08/2024 15:25,Singapore Changi Airport,SIN,10/08/2024 19:55,180,MAI,Economy,180,N/A,N/A,N/A,Y,Y,Y,1,7,1,30
Yangon International Airport,RGN,11/08/2024 7:30,Singapore Changi Airport,SIN,11/08/2024 12:00,180,Myanmar National Airlines,Economy,180,N/A,N/A,128,Y,Y,Y,1,7,1,30
Yangon International Airport,RGN,11/08/2024 10:35,Singapore Changi Airport,SIN,11/08/2024 15:20,195,Singapore Airlines,Economy,195,N/A,N/A,150,Y,Y,Y,1,7,1,23
Yangon International Airport,RGN,11/08/2024 11:25,Kuala Lumpur International Airport,KUL,11/08/2024 15:50,175,Malaysia Airlines,Economy,1280,1035,TRUE,111,Y,Y,Y,1,7,1,23
Yangon International Airport,RGN,11/08/2024 11:25,Kuala Lumpur International Airport,KUL,11/08/2024 15:50,175,Malaysia Airlines,Economy,1210,960,TRUE,126,Y,Y,Y,1,7,1,23
Yangon International Airport,RGN,11/08/2024 19:00,Suvarnabhumi Airport,BKK,11/08/2024 21:00,90,THAI,Economy,885,660,TRUE,167,Y,Y,Y,1,7,2,23
Yangon International Airport,RGN,11/08/2024 15:10,Kunming Changshui International Airport,KMG,11/08/2024 18:40,120,China Eastern,Economy,1130,780,TRUE,234,Y,Y,Y,1,8,2,23
Yangon International Airport,RGN,11/08/2024 11:25,Kuala Lumpur International Airport,KUL,11/08/2024 15:50,175,Malaysia Airlines,Economy,560,310,N/A,422,Y,Y,Y,1,7,1,23
Yangon International Airport,RGN,11/08/2024 19:00,Suvarnabhumi Airport,BKK,11/08/2024 21:00,90,THAI,Economy,1135,895,TRUE,722,Y,Y,Y,1,7,2,23
Yangon International Airport,RGN,11/08/2024 8:20,Singapore Changi Airport,SIN,11/08/2024 12:50,180,MAI,Economy,180,N/A,N/A,N/A,Y,Y,Y,1,7,1,30
Yangon International Airport,RGN,11/08/2024 15:25,Singapore Changi Airport,SIN,11/08/2024 19:55,180,MAI,Economy,180,N/A,N/A,N/A,Y,Y,Y,1,7,1,30
Yangon International Airport,RGN,12/08/2024 7:30,Singapore Changi Airport,SIN,12/08/2024 12:00,180,Myanmar National Airlines,Economy,180,N/A,N/A,112,Y,Y,Y,1,7,1,30
Yangon International Airport,RGN,12/08/2024 10:35,Singapore Changi Airport,SIN,12/08/2024 15:20,195,Singapore Airlines,Economy,195,N/A,N/A,150,Y,Y,Y,1,7,1,23
Yangon International Airport,RGN,12/08/2024 11:25,Suvarnabhumi Airport,BKK,12/08/2024 13:25,90,THAI,Economy,405,180,N/A,219,Y,Y,Y,1,7,2,23
Yangon International Airport,RGN,12/08/2024 11:25,Kuala Lumpur International Airport,KUL,12/08/2024 15:50,175,Malaysia Airlines,Economy,1210,960,TRUE,111,Y,Y,Y,1,7,1,23
Yangon International Airport,RGN,12/08/2024 19:00,Suvarnabhumi Airport,BKK,12/08/2024 21:00,90,THAI,Economy,885,660,TRUE,157,Y,Y,Y,1,7,2,23
Yangon International Airport,RGN,12/08/2024 11:25,Suvarnabhumi Airport,BKK,12/08/2024 13:25,90,THAI,Economy,575,350,N/A,196,Y,Y,Y,1,7,2,23
Yangon International Airport,RGN,12/08/2024 11:25,Guangzhou Baiyun International Airport,CAN,12/08/2024 16:15,200,China Southern,Economy,595,155,N/A,284,Y,Y,Y,1,8,1,23
Yangon International Airport,RGN,12/08/2024 8:20,Singapore Changi Airport,SIN,12/08/2024 12:50,180,MAI,Economy,180,N/A,N/A,N/A,Y,Y,Y,1,7,1,30
Yangon International Airport,RGN,12/08/2024 15:25,Singapore Changi Airport,SIN,12/08/2024 19:55,180,MAI,Economy,180,N/A,N/A,N/A,Y,Y,Y,1,7,1,30
Yangon International Airport,RGN,13/08/2024 11:25,Kuala Lumpur International Airport,KUL,13/08/2024 15:50,175,Malaysia Airlines,Economy,320,70,N/A,106,Y,Y,Y,1,7,1,23
Yangon International Airport,RGN,13/08/2024 7:30,Singapore Changi Airport,SIN,13/08/2024 12:00,180,Myanmar National Airlines,Economy,180,N/A,N/A,112,Y,Y,Y,1,7,1,30
Yangon International Airport,RGN,13/08/2024 19:50,Kuala Lumpur International Airport,KUL,14/08/2024 0:10,170,AirAsia,Economy,595,355,TRUE,123,Y,N,N,1,7,0,0
Yangon International Airport,RGN,13/08/2024 10:35,Singapore Changi Airport,SIN,13/08/2024 15:20,195,Singapore Airlines,Economy,195,N/A,N/A,150,Y,Y,Y,1,7,1,23
Yangon International Airport,RGN,13/08/2024 11:25,Suvarnabhumi Airport,BKK,13/08/2024 13:25,90,THAI,Economy,405,180,N/A,157,Y,Y,Y,1,7,2,23
Yangon International Airport,RGN,13/08/2024 19:00,Suvarnabhumi Airport,BKK,13/08/2024 21:00,90,THAI,Economy,885,660,TRUE,157,Y,Y,Y,1,7,2,23
Yangon International Airport,RGN,13/08/2024 11:25,Kuala Lumpur International Airport,KUL,13/08/2024 15:50,175,Malaysia Airlines,Economy,535,290,N/A,201,Y,Y,Y,1,7,1,23
Yangon International Airport,RGN,13/08/2024 15:10,Kunming Changshui International Airport,KMG,13/08/2024 18:40,120,China Eastern,Economy,1120,760,TRUE,234,Y,Y,Y,1,8,2,23
Yangon International Airport,RGN,13/08/2024 8:20,Singapore Changi Airport,SIN,13/08/2024 12:50,180,MAI,Economy,180,N/A,N/A,N/A,Y,Y,Y,1,7,1,30
Yangon International Airport,RGN,13/08/2024 15:25,Singapore Changi Airport,SIN,13/08/2024 19:55,180,MAI,Economy,180,N/A,N/A,N/A,Y,Y,Y,1,7,1,30
Yangon International Airport,RGN,14/08/2024 11:25,Kuala Lumpur International Airport,KUL,14/08/2024 15:50,175,Malaysia Airlines,Economy,320,70,N/A,106,Y,Y,Y,1,7,1,23
Yangon International Airport,RGN,14/08/2024 7:30,Singapore Changi Airport,SIN,14/08/2024 12:00,180,Myanmar National Airlines,Economy,180,N/A,N/A,112,Y,Y,Y,1,7,1,30
Yangon International Airport,RGN,14/08/2024 10:35,Singapore Changi Airport,SIN,14/08/2024 15:20,195,Singapore Airlines,Economy,195,N/A,N/A,150,Y,Y,Y,1,7,1,23
Yangon International Airport,RGN,14/08/2024 11:25,Suvarnabhumi Airport,BKK,14/08/2024 13:25,90,THAI,Economy,405,180,N/A,157,Y,Y,Y,1,7,2,23
Yangon International Airport,RGN,14/08/2024 11:25,Guangzhou Baiyun International Airport,CAN,14/08/2024 16:15,200,China Southern,Economy,595,155,N/A,189,Y,Y,Y,1,8,1,23
Yangon International Airport,RGN,14/08/2024 19:00,Suvarnabhumi Airport,BKK,14/08/2024 21:00,90,THAI,Economy,885,660,TRUE,157,Y,Y,Y,1,7,2,23
Yangon International Airport,RGN,14/08/2024 11:25,Kuala Lumpur International Airport,KUL,14/08/2024 15:50,175,Malaysia Airlines,Economy,535,290,N/A,221,Y,Y,Y,1,7,1,23
Yangon International Airport,RGN,14/08/2024 15:10,Kunming Changshui International Airport,KMG,14/08/2024 18:40,120,China Eastern,Economy,1140,780,TRUE,234,Y,Y,Y,1,8,2,23
Yangon International Airport,RGN,14/08/2024 8:20,Singapore Changi Airport,SIN,14/08/2024 12:50,180,MAI,Economy,180,N/A,N/A,N/A,Y,Y,Y,1,7,1,30
Yangon International Airport,RGN,14/08/2024 15:25,Singapore Changi Airport,SIN,14/08/2024 19:55,180,MAI,Economy,180,N/A,N/A,N/A,Y,Y,Y,1,7,1,30
Yangon International Airport,RGN,15/08/2024 11:25,Kuala Lumpur International Airport,KUL,15/08/2024 15:50,175,Malaysia Airlines,Economy,320,70,N/A,106,Y,Y,Y,1,7,1,23
Yangon International Airport,RGN,15/08/2024 19:50,Kuala Lumpur International Airport,KUL,16/08/2024 0:10,170,AirAsia,Economy,595,355,TRUE,108,Y,N,N,1,7,0,0
Yangon International Airport,RGN,15/08/2024 7:30,Singapore Changi Airport,SIN,15/08/2024 12:00,180,Myanmar National Airlines,Economy,180,N/A,N/A,112,Y,Y,Y,1,7,1,30
Yangon International Airport,RGN,15/08/2024 10:35,Singapore Changi Airport,SIN,15/08/2024 15:20,195,Singapore Airlines,Economy,195,N/A,N/A,150,Y,Y,Y,1,7,1,23
Yangon International Airport,RGN,15/08/2024 11:25,Suvarnabhumi Airport,BKK,15/08/2024 13:25,90,THAI,Economy,405,180,N/A,157,Y,Y,Y,1,7,2,23
Yangon International Airport,RGN,15/08/2024 19:00,Suvarnabhumi Airport,BKK,15/08/2024 21:00,90,THAI,Economy,885,660,TRUE,157,Y,Y,Y,1,7,2,23
Yangon International Airport,RGN,15/08/2024 11:25,Kuala Lumpur International Airport,KUL,15/08/2024 15:50,175,Malaysia Airlines,Economy,535,290,N/A,221,Y,Y,Y,1,7,1,23
Yangon International Airport,RGN,15/08/2024 15:10,Kunming Changshui International Airport,KMG,15/08/2024 18:40,120,China Eastern,Economy,1120,760,TRUE,234,Y,Y,Y,1,8,2,23
Yangon International Airport,RGN,15/08/2024 8:20,Singapore Changi Airport,SIN,15/08/2024 12:50,180,MAI,Economy,180,N/A,N/A,N/A,Y,Y,Y,1,7,1,30
Yangon International Airport,RGN,15/08/2024 15:25,Singapore Changi Airport,SIN,15/08/2024 19:55,180,MAI,Economy,180,N/A,N/A,N/A,Y,Y,Y,1,7,1,30
Yangon International Airport,RGN,16/08/2024 11:25,Kuala Lumpur International Airport,KUL,16/08/2024 15:50,175,Malaysia Airlines,Economy,320,70,N/A,106,Y,Y,Y,1,7,1,23
Yangon International Airport,RGN,16/08/2024 7:30,Singapore Changi Airport,SIN,16/08/2024 12:00,180,Myanmar National Airlines,Economy,180,N/A,N/A,112,Y,Y,Y,1,7,1,30
Yangon International Airport,RGN,16/08/2024 10:35,Singapore Changi Airport,SIN,16/08/2024 15:20,195,Singapore Airlines,Economy,195,N/A,N/A,150,Y,Y,Y,1,7,1,23
Yangon International Airport,RGN,16/08/2024 11:25,Suvarnabhumi Airport,BKK,16/08/2024 13:25,90,THAI,Economy,405,180,N/A,157,Y,Y,Y,1,7,2,23
Yangon International Airport,RGN,16/08/2024 11:25,Guangzhou Baiyun International Airport,CAN,16/08/2024 16:15,200,China Southern,Economy,595,155,N/A,189,Y,Y,Y,1,8,1,23
Yangon International Airport,RGN,16/08/2024 19:00,Suvarnabhumi Airport,BKK,16/08/2024 21:00,90,THAI,Economy,885,660,TRUE,157,Y,Y,Y,1,7,2,23
Yangon International Airport,RGN,16/08/2024 11:25,Kuala Lumpur International Airport,KUL,16/08/2024 15:50,175,Malaysia Airlines,Economy,535,290,N/A,315,Y,Y,Y,1,7,1,23
Yangon International Airport,RGN,16/08/2024 19:00,Suvarnabhumi Airport,BKK,16/08/2024 21:00,90,THAI,Economy,1135,895,TRUE,722,Y,Y,Y,1,7,2,23
Yangon International Airport,RGN,16/08/2024 8:20,Singapore Changi Airport,SIN,16/08/2024 12:50,180,MAI,Economy,180,N/A,N/A,N/A,Y,Y,Y,1,7,1,30
Yangon International Airport,RGN,16/08/2024 15:25,Singapore Changi Airport,SIN,16/08/2024 19:55,180,MAI,Economy,180,N/A,N/A,N/A,Y,Y,Y,1,7,1,30
Yangon International Airport,RGN,17/08/2024 11:25,Kuala Lumpur International Airport,KUL,17/08/2024 15:50,175,Malaysia Airlines,Economy,320,70,N/A,106,Y,Y,Y,1,7,1,23
Yangon International Airport,RGN,17/08/2024 7:30,Singapore Changi Airport,SIN,17/08/2024 12:00,180,Myanmar National Airlines,Economy,180,N/A,N/A,112,Y,Y,Y,1,7,1,30
Yangon International Airport,RGN,17/08/2024 10:35,Singapore Changi Airport,SIN,17/08/2024 15:20,195,Singapore Airlines,Economy,195,N/A,N/A,150,Y,Y,Y,1,7,1,23
Yangon International Airport,RGN,17/08/2024 19:50,Kuala Lumpur International Airport,KUL,18/08/2024 0:10,170,AirAsia,Economy,595,355,TRUE,108,Y,N,N,1,7,0,0
Yangon International Airport,RGN,17/08/2024 11:25,Suvarnabhumi Airport,BKK,17/08/2024 13:25,90,THAI,Economy,405,180,N/A,157,Y,Y,Y,1,7,2,23
Yangon International Airport,RGN,17/08/2024 19:00,Suvarnabhumi Airport,BKK,17/08/2024 21:00,90,THAI,Economy,885,660,TRUE,157,Y,Y,Y,1,7,2,23
Yangon International Airport,RGN,17/08/2024 11:25,Guangzhou Baiyun International Airport,CAN,17/08/2024 16:00,185,China Southern,Economy,595,170,N/A,189,Y,Y,Y,1,8,1,23
Yangon International Airport,RGN,17/08/2024 15:10,Kunming Changshui International Airport,KMG,17/08/2024 18:40,120,China Eastern,Economy,1120,760,TRUE,234,Y,Y,Y,1,8,2,23
Yangon International Airport,RGN,17/08/2024 8:20,Singapore Changi Airport,SIN,17/08/2024 12:50,180,MAI,Economy,180,N/A,N/A,N/A,Y,Y,Y,1,7,1,30
Yangon International Airport,RGN,17/08/2024 15:25,Singapore Changi Airport,SIN,17/08/2024 19:55,180,MAI,Economy,180,N/A,N/A,N/A,Y,Y,Y,1,7,1,30
Yangon International Airport,RGN,18/08/2024 7:30,Singapore Changi Airport,SIN,18/08/2024 12:00,180,Myanmar National Airlines,Economy,180,N/A,N/A,112,Y,Y,Y,1,7,1,30
Yangon International Airport,RGN,18/08/2024 11:25,Kuala Lumpur International Airport,KUL,18/08/2024 15:50,175,Malaysia Airlines,Economy,320,70,N/A,134,Y,Y,Y,1,7,1,23
Yangon International Airport,RGN,18/08/2024 10:35,Singapore Changi Airport,SIN,18/08/2024 15:20,195,Singapore Airlines,Economy,195,N/A,N/A,150,Y,Y,Y,1,7,1,23
Yangon International Airport,RGN,18/08/2024 11:25,Suvarnabhumi Airport,BKK,18/08/2024 13:25,90,THAI,Economy,405,180,N/A,157,Y,Y,Y,1,7,2,23
Yangon International Airport,RGN,18/08/2024 11:25,Kuala Lumpur International Airport,KUL,18/08/2024 15:50,175,Malaysia Airlines,Economy,1210,960,TRUE,111,Y,Y,Y,1,7,1,23
Yangon International Airport,RGN,18/08/2024 19:00,Suvarnabhumi Airport,BKK,18/08/2024 21:00,90,THAI,Economy,885,660,TRUE,157,Y,Y,Y,1,7,2,23
Yangon International Airport,RGN,18/08/2024 15:10,Kunming Changshui International Airport,KMG,18/08/2024 18:40,120,China Eastern,Economy,1130,780,TRUE,234,Y,Y,Y,1,8,2,23
Yangon International Airport,RGN,18/08/2024 11:25,Kuala Lumpur International Airport,KUL,18/08/2024 15:50,175,Malaysia Airlines,Economy,535,290,N/A,422,Y,Y,Y,1,7,1,23
Yangon International Airport,RGN,18/08/2024 8:20,Singapore Changi Airport,SIN,18/08/2024 12:50,180,MAI,Economy,180,N/A,N/A,N/A,Y,Y,Y,1,7,1,30
Yangon International Airport,RGN,18/08/2024 15:25,Singapore Changi Airport,SIN,18/08/2024 19:55,180,MAI,Economy,180,N/A,N/A,N/A,Y,Y,Y,1,7,1,30
Yangon International Airport,RGN,19/08/2024 11:25,Kuala Lumpur International Airport,KUL,19/08/2024 15:50,175,Malaysia Airlines,Economy,320,70,N/A,106,Y,Y,Y,1,7,1,23
Yangon International Airport,RGN,19/08/2024 7:30,Singapore Changi Airport,SIN,19/08/2024 12:00,180,Myanmar National Airlines,Economy,180,N/A,N/A,112,Y,Y,Y,1,7,1,30
Yangon International Airport,RGN,19/08/2024 10:35,Singapore Changi Airport,SIN,19/08/2024 15:20,195,Singapore Airlines,Economy,195,N/A,N/A,150,Y,Y,Y,1,7,1,23
Yangon International Airport,RGN,19/08/2024 11:25,Suvarnabhumi Airport,BKK,19/08/2024 13:25,90,THAI,Economy,405,180,N/A,157,Y,Y,Y,1,7,2,23
Yangon International Airport,RGN,19/08/2024 11:25,Guangzhou Baiyun International Airport,CAN,19/08/2024 16:15,200,China Southern,Economy,595,155,N/A,179,Y,Y,Y,1,8,1,23
Yangon International Airport,RGN,19/08/2024 19:00,Suvarnabhumi Airport,BKK,19/08/2024 21:00,90,THAI,Economy,885,660,TRUE,157,Y,Y,Y,1,7,2,23
Yangon International Airport,RGN,19/08/2024 11:25,Kuala Lumpur International Airport,KUL,19/08/2024 15:50,175,Malaysia Airlines,Economy,535,290,N/A,201,Y,Y,Y,1,7,1,23
Yangon International Airport,RGN,19/08/2024 19:00,Suvarnabhumi Airport,BKK,19/08/2024 21:00,90,THAI,Economy,1135,895,TRUE,722,Y,Y,Y,1,7,2,23
Yangon International Airport,RGN,19/08/2024 8:20,Singapore Changi Airport,SIN,19/08/2024 12:50,180,MAI,Economy,180,N/A,N/A,N/A,Y,Y,Y,1,7,1,30
Yangon International Airport,RGN,19/08/2024 15:25,Singapore Changi Airport,SIN,19/08/2024 19:55,180,MAI,Economy,180,N/A,N/A,N/A,Y,Y,Y,1,7,1,30
Yangon International Airport,RGN,20/08/2024 11:25,Kuala Lumpur International Airport,KUL,20/08/2024 15:50,175,Malaysia Airlines,Economy,320,70,N/A,106,Y,Y,Y,1,7,1,23
Yangon International Airport,RGN,20/08/2024 19:50,Kuala Lumpur International Airport,KUL,21/08/2024 0:10,170,AirAsia,Economy,595,355,TRUE,108,Y,N,N,1,7,0,0
Yangon International Airport,RGN,20/08/2024 7:30,Singapore Changi Airport,SIN,20/08/2024 12:00,180,Myanmar National Airlines,Economy,180,N/A,N/A,112,Y,Y,Y,1,7,1,30
Yangon International Airport,RGN,20/08/2024 10:35,Singapore Changi Airport,SIN,20/08/2024 15:20,195,Singapore Airlines,Economy,195,N/A,N/A,150,Y,Y,Y,1,7,1,23
Yangon International Airport,RGN,20/08/2024 11:25,Suvarnabhumi Airport,BKK,20/08/2024 13:25,90,THAI,Economy,405,180,N/A,157,Y,Y,Y,1,7,2,23
Yangon International Airport,RGN,20/08/2024 19:00,Suvarnabhumi Airport,BKK,20/08/2024 21:00,90,THAI,Economy,885,660,TRUE,157,Y,Y,Y,1,7,2,23
Yangon International Airport,RGN,20/08/2024 11:25,Kuala Lumpur International Airport,KUL,20/08/2024 15:50,175,Malaysia Airlines,Economy,535,290,N/A,181,Y,Y,Y,1,7,1,23
Yangon International Airport,RGN,20/08/2024 15:10,Kunming Changshui International Airport,KMG,20/08/2024 18:40,120,China Eastern,Economy,1120,760,TRUE,234,Y,Y,Y,1,8,2,23
Yangon International Airport,RGN,20/08/2024 8:20,Singapore Changi Airport,SIN,20/08/2024 12:50,180,MAI,Economy,180,N/A,N/A,N/A,Y,Y,Y,1,7,1,30
Yangon International Airport,RGN,20/08/2024 15:25,Singapore Changi Airport,SIN,20/08/2024 19:55,180,MAI,Economy,180,N/A,N/A,N/A,Y,Y,Y,1,7,1,30
Yangon International Airport,RGN,21/08/2024 11:25,Kuala Lumpur International Airport,KUL,21/08/2024 15:50,175,Malaysia Airlines,Economy,320,70,N/A,106,Y,Y,Y,1,7,1,23
Yangon International Airport,RGN,21/08/2024 7:30,Singapore Changi Airport,SIN,21/08/2024 12:00,180,Myanmar National Airlines,Economy,180,N/A,N/A,112,Y,Y,Y,1,7,1,30
Yangon International Airport,RGN,21/08/2024 10:35,Singapore Changi Airport,SIN,21/08/2024 15:20,195,Singapore Airlines,Economy,195,N/A,N/A,150,Y,Y,Y,1,7,1,23
Yangon International Airport,RGN,21/08/2024 11:25,Suvarnabhumi Airport,BKK,21/08/2024 13:25,90,THAI,Economy,405,180,N/A,157,Y,Y,Y,1,7,2,23
Yangon International Airport,RGN,21/08/2024 11:25,Guangzhou Baiyun International Airport,CAN,21/08/2024 16:15,200,China Southern,Economy,595,155,N/A,179,Y,Y,Y,1,8,1,23
Yangon International Airport,RGN,21/08/2024 19:00,Suvarnabhumi Airport,BKK,21/08/2024 21:00,90,THAI,Economy,885,660,TRUE,157,Y,Y,Y,1,7,2,23
Yangon International Airport,RGN,21/08/2024 11:25,Kuala Lumpur International Airport,KUL,21/08/2024 15:50,175,Malaysia Airlines,Economy,600,355,N/A,221,Y,Y,Y,1,7,1,23
Yangon International Airport,RGN,21/08/2024 15:10,Kunming Changshui International Airport,KMG,21/08/2024 18:40,120,China Eastern,Economy,1140,780,TRUE,234,Y,Y,Y,1,8,2,23
Yangon International Airport,RGN,21/08/2024 8:20,Singapore Changi Airport,SIN,21/08/2024 12:50,180,MAI,Economy,180,N/A,N/A,N/A,Y,Y,Y,1,7,1,30
Yangon International Airport,RGN,21/08/2024 15:25,Singapore Changi Airport,SIN,21/08/2024 19:55,180,MAI,Economy,180,N/A,N/A,N/A,Y,Y,Y,1,7,1,30
Yangon International Airport,RGN,22/08/2024 11:25,Kuala Lumpur International Airport,KUL,22/08/2024 15:50,175,Malaysia Airlines,Economy,320,70,N/A,106,Y,Y,Y,1,7,1,23
Yangon International Airport,RGN,22/08/2024 19:50,Kuala Lumpur International Airport,KUL,23/08/2024 0:10,170,AirAsia,Economy,595,355,TRUE,108,Y,N,N,1,7,0,0
Yangon International Airport,RGN,22/08/2024 7:30,Singapore Changi Airport,SIN,22/08/2024 12:00,180,Myanmar National Airlines,Economy,180,N/A,N/A,112,Y,Y,Y,1,7,1,30
Yangon International Airport,RGN,22/08/2024 10:35,Singapore Changi Airport,SIN,22/08/2024 15:20,195,Singapore Airlines,Economy,195,N/A,N/A,150,Y,Y,Y,1,7,1,23
Yangon International Airport,RGN,22/08/2024 11:25,Suvarnabhumi Airport,BKK,22/08/2024 13:25,90,THAI,Economy,405,180,N/A,157,Y,Y,Y,1,7,2,23
Yangon International Airport,RGN,22/08/2024 19:00,Suvarnabhumi Airport,BKK,22/08/2024 21:00,90,THAI,Economy,885,660,TRUE,167,Y,Y,Y,1,7,2,23
Yangon International Airport,RGN,22/08/2024 11:25,Kuala Lumpur International Airport,KUL,22/08/2024 15:50,175,Malaysia Airlines,Economy,535,290,N/A,221,Y,Y,Y,1,7,1,23
Yangon International Airport,RGN,22/08/2024 15:10,Kunming Changshui International Airport,KMG,22/08/2024 18:40,120,China Eastern,Economy,1120,760,TRUE,234,Y,Y,Y,1,8,2,23
Yangon International Airport,RGN,22/08/2024 8:20,Singapore Changi Airport,SIN,22/08/2024 12:50,180,MAI,Economy,180,N/A,N/A,N/A,Y,Y,Y,1,7,1,30
Yangon International Airport,RGN,22/08/2024 15:25,Singapore Changi Airport,SIN,22/08/2024 19:55,180,MAI,Economy,180,N/A,N/A,N/A,Y,Y,Y,1,7,1,30
Yangon International Airport,RGN,23/08/2024 11:25,Kuala Lumpur International Airport,KUL,23/08/2024 15:50,175,Malaysia Airlines,Economy,320,70,N/A,106,Y,Y,Y,1,7,1,23
Yangon International Airport,RGN,23/08/2024 7:30,Singapore Changi Airport,SIN,23/08/2024 12:00,180,Myanmar National Airlines,Economy,180,N/A,N/A,112,Y,Y,Y,1,7,1,30
Yangon International Airport,RGN,23/08/2024 10:35,Singapore Changi Airport,SIN,23/08/2024 15:20,195,Singapore Airlines,Economy,195,N/A,N/A,150,Y,Y,Y,1,7,1,23
Yangon International Airport,RGN,23/08/2024 11:25,Suvarnabhumi Airport,BKK,23/08/2024 13:25,90,THAI,Economy,405,180,N/A,157,Y,Y,Y,1,7,2,23
Yangon International Airport,RGN,23/08/2024 11:25,Guangzhou Baiyun International Airport,CAN,23/08/2024 16:15,200,China Southern,Economy,595,155,N/A,179,Y,Y,Y,1,8,1,23
Yangon International Airport,RGN,23/08/2024 19:00,Suvarnabhumi Airport,BKK,23/08/2024 21:00,90,THAI,Economy,885,660,TRUE,157,Y,Y,Y,1,7,2,23
Yangon International Airport,RGN,23/08/2024 11:25,Kuala Lumpur International Airport,KUL,23/08/2024 15:50,175,Malaysia Airlines,Economy,535,290,N/A,221,Y,Y,Y,1,7,1,23
Yangon International Airport,RGN,23/08/2024 19:00,Suvarnabhumi Airport,BKK,23/08/2024 21:00,90,THAI,Economy,1135,895,TRUE,722,Y,Y,Y,1,7,2,23
Yangon International Airport,RGN,23/08/2024 8:20,Singapore Changi Airport,SIN,23/08/2024 12:50,180,MAI,Economy,180,N/A,N/A,N/A,Y,Y,Y,1,7,1,30
Yangon International Airport,RGN,23/08/2024 15:25,Singapore Changi Airport,SIN,23/08/2024 19:55,180,MAI,Economy,180,N/A,N/A,N/A,Y,Y,Y,1,7,1,30
Yangon International Airport,RGN,24/08/2024 11:25,Kuala Lumpur International Airport,KUL,24/08/2024 15:50,175,Malaysia Airlines,Economy,320,70,N/A,106,Y,Y,Y,1,7,1,23
Yangon International Airport,RGN,24/08/2024 7:30,Singapore Changi Airport,SIN,24/08/2024 12:00,180,Myanmar National Airlines,Economy,180,N/A,N/A,112,Y,Y,Y,1,7,1,30
Yangon International Airport,RGN,24/08/2024 10:35,Singapore Changi Airport,SIN,24/08/2024 15:20,195,Singapore Airlines,Economy,195,N/A,N/A,150,Y,Y,Y,1,7,1,23
Yangon International Airport,RGN,24/08/2024 19:50,Kuala Lumpur International Airport,KUL,25/08/2024 0:10,170,AirAsia,Economy,595,355,TRUE,108,Y,N,N,1,7,0,0
Yangon International Airport,RGN,24/08/2024 11:25,Suvarnabhumi Airport,BKK,24/08/2024 13:25,90,THAI,Economy,405,180,N/A,157,Y,Y,Y,1,7,2,23
Yangon International Airport,RGN,24/08/2024 19:00,Suvarnabhumi Airport,BKK,24/08/2024 21:00,90,THAI,Economy,885,660,TRUE,157,Y,Y,Y,1,7,2,23
Yangon International Airport,RGN,24/08/2024 11:25,Guangzhou Baiyun International Airport,CAN,24/08/2024 16:00,185,China Southern,Economy,595,170,N/A,179,Y,Y,Y,1,8,1,23
Yangon International Airport,RGN,24/08/2024 11:25,Kuala Lumpur International Airport,KUL,24/08/2024 15:50,175,Malaysia Airlines,Economy,535,290,N/A,201,Y,Y,Y,1,7,1,23
Yangon International Airport,RGN,24/08/2024 8:20,Singapore Changi Airport,SIN,24/08/2024 12:50,180,MAI,Economy,180,N/A,N/A,N/A,Y,Y,Y,1,7,1,30
Yangon International Airport,RGN,24/08/2024 15:25,Singapore Changi Airport,SIN,24/08/2024 19:55,180,MAI,Economy,180,N/A,N/A,N/A,Y,Y,Y,1,7,1,30
Yangon International Airport,RGN,25/08/2024 7:30,Singapore Changi Airport,SIN,25/08/2024 12:00,180,Myanmar National Airlines,Economy,180,N/A,N/A,112,Y,Y,Y,1,7,1,30
Yangon International Airport,RGN,25/08/2024 11:25,Kuala Lumpur International Airport,KUL,25/08/2024 15:50,175,Malaysia Airlines,Economy,320,70,N/A,120,Y,Y,Y,1,7,1,23
Yangon International Airport,RGN,25/08/2024 10:35,Singapore Changi Airport,SIN,25/08/2024 15:20,195,Singapore Airlines,Economy,195,N/A,N/A,150,Y,Y,Y,1,7,1,23
Yangon International Airport,RGN,25/08/2024 11:25,Suvarnabhumi Airport,BKK,25/08/2024 13:25,90,THAI,Economy,405,180,N/A,157,Y,Y,Y,1,7,2,23
Yangon International Airport,RGN,25/08/2024 11:25,Kuala Lumpur International Airport,KUL,25/08/2024 15:50,175,Malaysia Airlines,Economy,1210,960,TRUE,111,Y,Y,Y,1,7,1,23
Yangon International Airport,RGN,25/08/2024 19:00,Suvarnabhumi Airport,BKK,25/08/2024 21:00,90,THAI,Economy,885,660,TRUE,157,Y,Y,Y,1,7,2,23
Yangon International Airport,RGN,25/08/2024 15:10,Kunming Changshui International Airport,KMG,25/08/2024 18:40,120,China Eastern,Economy,1130,780,TRUE,234,Y,Y,Y,1,8,2,23
Yangon International Airport,RGN,25/08/2024 11:25,Kuala Lumpur International Airport,KUL,25/08/2024 15:50,175,Malaysia Airlines,Economy,535,290,N/A,422,Y,Y,Y,1,7,1,23
Yangon International Airport,RGN,25/08/2024 8:20,Singapore Changi Airport,SIN,25/08/2024 12:50,180,MAI,Economy,180,N/A,N/A,N/A,Y,Y,Y,1,7,1,30
Yangon International Airport,RGN,25/08/2024 15:25,Singapore Changi Airport,SIN,25/08/2024 19:55,180,MAI,Economy,180,N/A,N/A,N/A,Y,Y,Y,1,7,1,30
Yangon International Airport,RGN,26/08/2024 11:25,Kuala Lumpur International Airport,KUL,26/08/2024 15:50,175,Malaysia Airlines,Economy,320,70,N/A,106,Y,Y,Y,1,7,1,23
Yangon International Airport,RGN,26/08/2024 7:30,Singapore Changi Airport,SIN,26/08/2024 12:00,180,Myanmar National Airlines,Economy,180,N/A,N/A,112,Y,Y,Y,1,7,1,30
Yangon International Airport,RGN,26/08/2024 10:35,Singapore Changi Airport,SIN,26/08/2024 15:20,195,Singapore Airlines,Economy,195,N/A,N/A,150,Y,Y,Y,1,7,1,23
Yangon International Airport,RGN,26/08/2024 11:25,Suvarnabhumi Airport,BKK,26/08/2024 13:25,90,THAI,Economy,405,180,N/A,157,Y,Y,Y,1,7,2,23
Yangon International Airport,RGN,26/08/2024 11:25,Guangzhou Baiyun International Airport,CAN,26/08/2024 16:15,200,China Southern,Economy,595,155,N/A,179,Y,Y,Y,1,8,1,23
Yangon International Airport,RGN,26/08/2024 19:00,Suvarnabhumi Airport,BKK,26/08/2024 21:00,90,THAI,Economy,885,660,TRUE,157,Y,Y,Y,1,7,2,23
Yangon International Airport,RGN,26/08/2024 11:25,Kuala Lumpur International Airport,KUL,26/08/2024 15:50,175,Malaysia Airlines,Economy,535,290,N/A,181,Y,Y,Y,1,7,1,23
Yangon International Airport,RGN,26/08/2024 15:10,Kunming Changshui International Airport,KMG,26/08/2024 18:40,120,China Eastern,Economy,1120,760,TRUE,234,Y,Y,Y,1,8,2,23
Yangon International Airport,RGN,26/08/2024 8:20,Singapore Changi Airport,SIN,26/08/2024 12:50,180,MAI,Economy,180,N/A,N/A,N/A,Y,Y,Y,1,7,1,30
Yangon International Airport,RGN,26/08/2024 15:25,Singapore Changi Airport,SIN,26/08/2024 19:55,180,MAI,Economy,180,N/A,N/A,N/A,Y,Y,Y,1,7,1,30
Yangon International Airport,RGN,27/08/2024 19:50,Kuala Lumpur International Airport,KUL,28/08/2024 0:10,170,AirAsia,Economy,595,355,TRUE,103,Y,N,N,1,7,0,0
Yangon International Airport,RGN,27/08/2024 11:25,Kuala Lumpur International Airport,KUL,27/08/2024 15:50,175,Malaysia Airlines,Economy,320,70,N/A,106,Y,Y,Y,1,7,1,23
Yangon International Airport,RGN,27/08/2024 7:30,Singapore Changi Airport,SIN,27/08/2024 12:00,180,Myanmar National Airlines,Economy,180,N/A,N/A,112,Y,Y,Y,1,7,1,30
Yangon International Airport,RGN,27/08/2024 10:35,Singapore Changi Airport,SIN,27/08/2024 15:20,195,Singapore Airlines,Economy,195,N/A,N/A,150,Y,Y,Y,1,7,1,23
Yangon International Airport,RGN,27/08/2024 11:25,Suvarnabhumi Airport,BKK,27/08/2024 13:25,90,THAI,Economy,405,180,N/A,157,Y,Y,Y,1,7,2,23
Yangon International Airport,RGN,27/08/2024 19:00,Suvarnabhumi Airport,BKK,27/08/2024 21:00,90,THAI,Economy,885,660,TRUE,157,Y,Y,Y,1,7,2,23
Yangon International Airport,RGN,27/08/2024 11:25,Kuala Lumpur International Airport,KUL,27/08/2024 15:50,175,Malaysia Airlines,Economy,535,290,N/A,181,Y,Y,Y,1,7,1,23
Yangon International Airport,RGN,27/08/2024 15:10,Kunming Changshui International Airport,KMG,27/08/2024 18:40,120,China Eastern,Economy,1120,760,TRUE,234,Y,Y,Y,1,8,2,23
Yangon International Airport,RGN,27/08/2024 8:20,Singapore Changi Airport,SIN,27/08/2024 12:50,180,MAI,Economy,180,N/A,N/A,N/A,Y,Y,Y,1,7,1,30
Yangon International Airport,RGN,27/08/2024 15:25,Singapore Changi Airport,SIN,27/08/2024 19:55,180,MAI,Economy,180,N/A,N/A,N/A,Y,Y,Y,1,7,1,30
Yangon International Airport,RGN,28/08/2024 11:25,Kuala Lumpur International Airport,KUL,28/08/2024 15:50,175,Malaysia Airlines,Economy,320,70,N/A,106,Y,Y,Y,1,7,1,23
Yangon International Airport,RGN,28/08/2024 7:30,Singapore Changi Airport,SIN,28/08/2024 12:00,180,Myanmar National Airlines,Economy,180,N/A,N/A,112,Y,Y,Y,1,7,1,30
Yangon International Airport,RGN,28/08/2024 10:35,Singapore Changi Airport,SIN,28/08/2024 15:20,195,Singapore Airlines,Economy,195,N/A,N/A,150,Y,Y,Y,1,7,1,23
Yangon International Airport,RGN,28/08/2024 11:25,Suvarnabhumi Airport,BKK,28/08/2024 13:25,90,THAI,Economy,405,180,N/A,157,Y,Y,Y,1,7,2,23
Yangon International Airport,RGN,28/08/2024 11:25,Guangzhou Baiyun International Airport,CAN,28/08/2024 16:15,200,China Southern,Economy,595,155,N/A,179,Y,Y,Y,1,8,1,23
Yangon International Airport,RGN,28/08/2024 19:00,Suvarnabhumi Airport,BKK,28/08/2024 21:00,90,THAI,Economy,885,660,TRUE,157,Y,Y,Y,1,7,2,23
Yangon International Airport,RGN,28/08/2024 11:25,Kuala Lumpur International Airport,KUL,28/08/2024 15:50,175,Malaysia Airlines,Economy,535,290,N/A,221,Y,Y,Y,1,7,1,23
Yangon International Airport,RGN,28/08/2024 15:10,Kunming Changshui International Airport,KMG,28/08/2024 18:40,120,China Eastern,Economy,1140,780,TRUE,234,Y,Y,Y,1,8,2,23
Yangon International Airport,RGN,28/08/2024 8:20,Singapore Changi Airport,SIN,28/08/2024 12:50,180,MAI,Economy,180,N/A,N/A,N/A,Y,Y,Y,1,7,1,30
Yangon International Airport,RGN,28/08/2024 15:25,Singapore Changi Airport,SIN,28/08/2024 19:55,180,MAI,Economy,180,N/A,N/A,N/A,Y,Y,Y,1,7,1,30
Yangon International Airport,RGN,29/08/2024 11:25,Kuala Lumpur International Airport,KUL,29/08/2024 15:50,175,Malaysia Airlines,Economy,320,70,N/A,106,Y,Y,Y,1,7,1,23
Yangon International Airport,RGN,29/08/2024 19:50,Kuala Lumpur International Airport,KUL,30/08/2024 0:10,170,AirAsia,Economy,595,355,TRUE,108,Y,N,N,1,7,0,0
Yangon International Airport,RGN,29/08/2024 7:30,Singapore Changi Airport,SIN,29/08/2024 12:00,180,Myanmar National Airlines,Economy,180,N/A,N/A,112,Y,Y,Y,1,7,1,30
Yangon International Airport,RGN,29/08/2024 10:35,Singapore Changi Airport,SIN,29/08/2024 15:20,195,Singapore Airlines,Economy,195,N/A,N/A,150,Y,Y,Y,1,7,1,23
Yangon International Airport,RGN,29/08/2024 11:25,Suvarnabhumi Airport,BKK,29/08/2024 13:25,90,THAI,Economy,405,180,N/A,157,Y,Y,Y,1,7,2,23
Yangon International Airport,RGN,29/08/2024 19:00,Suvarnabhumi Airport,BKK,29/08/2024 21:00,90,THAI,Economy,885,660,TRUE,157,Y,Y,Y,1,7,2,23
Yangon International Airport,RGN,29/08/2024 11:25,Kuala Lumpur International Airport,KUL,29/08/2024 15:50,175,Malaysia Airlines,Economy,535,290,N/A,221,Y,Y,Y,1,7,1,23
Yangon International Airport,RGN,29/08/2024 15:10,Kunming Changshui International Airport,KMG,29/08/2024 18:40,120,China Eastern,Economy,1120,760,TRUE,234,Y,Y,Y,1,8,2,23
Yangon International Airport,RGN,29/08/2024 8:20,Singapore Changi Airport,SIN,29/08/2024 12:50,180,MAI,Economy,180,N/A,N/A,N/A,Y,Y,Y,1,7,1,30
Yangon International Airport,RGN,29/08/2024 15:25,Singapore Changi Airport,SIN,29/08/2024 19:55,180,MAI,Economy,180,N/A,N/A,N/A,Y,Y,Y,1,7,1,30
Yangon International Airport,RGN,30/08/2024 7:30,Singapore Changi Airport,SIN,30/08/2024 12:00,180,Myanmar National Airlines,Economy,180,N/A,N/A,112,Y,Y,Y,1,7,1,30
Yangon International Airport,RGN,30/08/2024 11:25,Kuala Lumpur International Airport,KUL,30/08/2024 15:50,175,Malaysia Airlines,Economy,320,70,N/A,120,Y,Y,Y,1,7,1,23
Yangon International Airport,RGN,30/08/2024 10:35,Singapore Changi Airport,SIN,30/08/2024 15:20,195,Singapore Airlines,Economy,195,N/A,N/A,150,Y,Y,Y,1,7,1,23
Yangon International Airport,RGN,30/08/2024 11:25,Kuala Lumpur International Airport,KUL,30/08/2024 15:50,175,Malaysia Airlines,Economy,675,435,N/A,106,Y,Y,Y,1,7,1,23
Yangon International Airport,RGN,30/08/2024 11:25,Suvarnabhumi Airport,BKK,30/08/2024 13:25,90,THAI,Economy,405,180,N/A,157,Y,Y,Y,1,7,2,23
Yangon International Airport,RGN,30/08/2024 19:00,Suvarnabhumi Airport,BKK,30/08/2024 21:00,90,THAI,Economy,885,660,TRUE,157,Y,Y,Y,1,7,2,23
Yangon International Airport,RGN,30/08/2024 11:25,Guangzhou Baiyun International Airport,CAN,30/08/2024 16:15,200,China Southern,Economy,595,155,N/A,179,Y,Y,Y,1,8,1,23
Yangon International Airport,RGN,30/08/2024 11:25,Kuala Lumpur International Airport,KUL,30/08/2024 15:50,175,Malaysia Airlines,Economy,535,290,N/A,201,Y,Y,Y,1,7,1,23
Yangon International Airport,RGN,30/08/2024 8:20,Singapore Changi Airport,SIN,30/08/2024 12:50,180,MAI,Economy,180,N/A,N/A,N/A,Y,Y,Y,1,7,1,30
Yangon International Airport,RGN,30/08/2024 15:25,Singapore Changi Airport,SIN,30/08/2024 19:55,180,MAI,Economy,180,N/A,N/A,N/A,Y,Y,Y,1,7,1,30
Yangon International Airport,RGN,31/08/2024 11:25,Kuala Lumpur International Airport,KUL,31/08/2024 15:50,175,Malaysia Airlines,Economy,320,70,N/A,106,Y,Y,Y,1,7,1,23
Yangon International Airport,RGN,31/08/2024 7:30,Singapore Changi Airport,SIN,31/08/2024 12:00,180,Myanmar National Airlines,Economy,180,N/A,N/A,112,Y,Y,Y,1,7,1,30
Yangon International Airport,RGN,31/08/2024 10:35,Singapore Changi Airport,SIN,31/08/2024 15:20,195,Singapore Airlines,Economy,195,N/A,N/A,150,Y,Y,Y,1,7,1,23
Yangon International Airport,RGN,31/08/2024 19:50,Kuala Lumpur International Airport,KUL,01/09/2024 0:10,170,AirAsia,Economy,595,355,TRUE,108,Y,N,N,1,7,0,0
Yangon International Airport,RGN,31/08/2024 11:25,Suvarnabhumi Airport,BKK,31/08/2024 13:25,90,THAI,Economy,405,180,N/A,157,Y,Y,Y,1,7,2,23
Yangon International Airport,RGN,31/08/2024 19:00,Suvarnabhumi Airport,BKK,31/08/2024 21:00,90,THAI,Economy,885,660,TRUE,157,Y,Y,Y,1,7,2,23
Yangon International Airport,RGN,31/08/2024 11:25,Guangzhou Baiyun International Airport,CAN,31/08/2024 16:00,185,China Southern,Economy,595,170,N/A,179,Y,Y,Y,1,8,1,23
Yangon International Airport,RGN,31/08/2024 11:25,Kuala Lumpur International Airport,KUL,31/08/2024 15:50,175,Malaysia Airlines,Economy,535,290,N/A,221,Y,Y,Y,1,7,1,23
Yangon International Airport,RGN,31/08/2024 8:20,Singapore Changi Airport,SIN,31/08/2024 12:50,180,MAI,Economy,180,N/A,N/A,N/A,Y,Y,Y,1,7,1,30
Yangon International Airport,RGN,31/08/2024 15:25,Singapore Changi Airport,SIN,31/08/2024 19:55,180,MAI,Economy,180,N/A,N/A,N/A,Y,Y,Y,1,7,1,30