Departure Airport Name,Departure Airport ID,Departure Time,Arrival Airport Name,Arrival Airport ID,Arrival Time,Duration,Airline,Travel Class,Total Duration,Layover 1 Duration,Layover 1 Overnight,Price, Cabin Baggage, Checked Baggage,Meal Included,Cabin Baggage (Number),Cabin Baggage (kg per piece),Checked Baggage (Number),Checked Baggage (kg per piece) 
Yangon International Airport,RGN,01/07/2024 11:35,Suvarnabhumi Airport,BKK,01/07/2024 13:35,90,THAI,Economy,470,300,N/A,217,Y,Y,Y,1,7,2,23
Yangon International Airport,RGN,01/07/2024 19:00,Suvarnabhumi Airport,BKK,01/07/2024 21:00,90,THAI,Economy,800,635,TRUE,217,Y,Y,Y,1,7,2,23
Yangon International Airport,RGN,01/07/2024 11:25,Guangzhou Baiyun International Airport,CAN,01/07/2024 16:15,200,China Southern,Economy,735,355,N/A,301,Y,Y,Y,1,8,1,23
Yangon International Airport,RGN,01/07/2024 11:35,Suvarnabhumi Airport,BKK,01/07/2024 13:35,90,THAI,Economy,390,225,N/A,330,Y,Y,Y,1,7,2,23
Yangon International Airport,RGN,01/07/2024 15:10,Kunming Changshui International Airport,KMG,01/07/2024 18:40,120,China Eastern,Economy,1345,1045,TRUE,301,Y,Y,Y,1,8,2,23
Yangon International Airport,RGN,01/07/2024 11:25,Kuala Lumpur International Airport,KUL,01/07/2024 15:50,175,Malaysia Airlines,Economy,1325,1030,TRUE,308,Y,Y,Y,1,7,1,23
Yangon International Airport,RGN,01/07/2024 19:00,Suvarnabhumi Airport,BKK,01/07/2024 21:00,90,THAI,Economy,840,675,TRUE,330,Y,Y,Y,1,7,2,23
Yangon International Airport,RGN,01/07/2024 10:35,Singapore Changi Airport,SIN,01/07/2024 15:20,195,Singapore Airlines,Economy,385,70,N/A,721,Y,Y,Y,1,7,1,23
Yangon International Airport,RGN,02/07/2024 11:35,Suvarnabhumi Airport,BKK,02/07/2024 13:35,90,THAI,Economy,470,300,N/A,156,Y,Y,Y,1,7,2,23
Yangon International Airport,RGN,02/07/2024 19:00,Suvarnabhumi Airport,BKK,02/07/2024 21:00,90,THAI,Economy,800,635,TRUE,208,Y,Y,Y,1,7,2,23
Yangon International Airport,RGN,02/07/2024 11:35,Suvarnabhumi Airport,BKK,02/07/2024 13:35,90,THAI,Economy,390,225,N/A,330,Y,Y,Y,1,7,2,23
Yangon International Airport,RGN,02/07/2024 15:10,Kunming Changshui International Airport,KMG,02/07/2024 18:40,120,China Eastern,Economy,1275,980,TRUE,301,Y,Y,Y,1,8,2,23
Yangon International Airport,RGN,02/07/2024 11:25,Kuala Lumpur International Airport,KUL,02/07/2024 15:50,175,Malaysia Airlines,Economy,1325,1030,TRUE,308,Y,Y,Y,1,7,1,23
Yangon International Airport,RGN,02/07/2024 19:00,Suvarnabhumi Airport,BKK,02/07/2024 21:00,90,THAI,Economy,840,675,TRUE,330,Y,Y,Y,1,7,2,23
Yangon International Airport,RGN,02/07/2024 10:35,Taiwan Taoyuan International Airport,TPE,02/07/2024 16:10,245,China Airlines,Economy,1365,910,TRUE,798,Y,Y,Y,1,7,2,23
Yangon International Airport,RGN,02/07/2024 10:35,Singapore Changi Airport,SIN,02/07/2024 15:20,195,Singapore Airlines,Economy,385,70,N/A,808,Y,Y,Y,1,7,1,23
Yangon International Airport,RGN,03/07/2024 11:35,Suvarnabhumi Airport,BKK,03/07/2024 13:35,90,THAI,Economy,470,300,N/A,156,Y,Y,Y,1,7,2,23
Yangon International Airport,RGN,03/07/2024 11:35,Suvarnabhumi Airport,BKK,03/07/2024 13:35,90,THAI,Economy,390,225,N/A,301,Y,Y,Y,1,7,2,23
Yangon International Airport,RGN,03/07/2024 16:30,Phnom Penh International Airport,PNH,03/07/2024 19:00,120,MAI,Economy,120,N/A,N/A,N/A,Y,Y,Y,1,7,1,30
Yangon International Airport,RGN,03/07/2024 19:00,Suvarnabhumi Airport,BKK,03/07/2024 21:00,90,THAI,Economy,1465,1295,TRUE,191,Y,Y,Y,1,7,2,23
Yangon International Airport,RGN,03/07/2024 19:00,Suvarnabhumi Airport,BKK,03/07/2024 21:00,90,THAI,Economy,800,635,TRUE,195,Y,Y,Y,1,7,2,23
Yangon International Airport,RGN,03/07/2024 19:00,Suvarnabhumi Airport,BKK,03/07/2024 21:00,90,THAI,Economy,840,675,TRUE,242,Y,Y,Y,1,7,2,23
Yangon International Airport,RGN,03/07/2024 11:25,Guangzhou Baiyun International Airport,CAN,03/07/2024 16:15,200,China Southern,Economy,735,355,N/A,301,Y,Y,Y,1,8,1,23
Yangon International Airport,RGN,03/07/2024 11:25,Kuala Lumpur International Airport,KUL,03/07/2024 15:50,175,Malaysia Airlines,Economy,1770,1480,TRUE,325,Y,Y,Y,1,7,1,23
Yangon International Airport,RGN,03/07/2024 10:35,Singapore Changi Airport,SIN,03/07/2024 15:20,195,Singapore Airlines,Economy,375,70,N/A,636,Y,Y,Y,1,7,1,23
Yangon International Airport,RGN,04/07/2024 11:35,Suvarnabhumi Airport,BKK,04/07/2024 13:35,90,THAI,Economy,470,300,N/A,146,Y,Y,Y,1,7,2,23
Yangon International Airport,RGN,04/07/2024 19:00,Suvarnabhumi Airport,BKK,04/07/2024 21:00,90,THAI,Economy,800,635,TRUE,195,Y,Y,Y,1,7,2,23
Yangon International Airport,RGN,04/07/2024 11:35,Suvarnabhumi Airport,BKK,04/07/2024 13:35,90,THAI,Economy,390,225,N/A,242,Y,Y,Y,1,7,2,23
Yangon International Airport,RGN,04/07/2024 10:35,Singapore Changi Airport,SIN,04/07/2024 15:20,195,Singapore Airlines,Economy,385,70,N/A,526,Y,Y,Y,1,7,1,23
Yangon International Airport,RGN,04/07/2024 19:00,Suvarnabhumi Airport,BKK,04/07/2024 21:00,90,THAI,Economy,1465,1295,TRUE,191,Y,Y,Y,1,7,2,23
Yangon International Airport,RGN,04/07/2024 19:00,Suvarnabhumi Airport,BKK,04/07/2024 21:00,90,THAI,Economy,840,675,TRUE,242,Y,Y,Y,1,7,2,23
Yangon International Airport,RGN,04/07/2024 15:10,Kunming Changshui International Airport,KMG,04/07/2024 18:40,120,China Eastern,Economy,1275,980,TRUE,301,Y,Y,Y,1,8,2,23
Yangon International Airport,RGN,04/07/2024 11:25,Kuala Lumpur International Airport,KUL,04/07/2024 15:50,175,Malaysia Airlines,Economy,1325,1030,TRUE,376,Y,Y,Y,1,7,1,23
Yangon International Airport,RGN,05/07/2024 11:35,Suvarnabhumi Airport,BKK,05/07/2024 13:35,90,THAI,Economy,470,300,N/A,146,Y,Y,Y,1,7,2,23
Yangon International Airport,RGN,05/07/2024 11:35,Suvarnabhumi Airport,BKK,05/07/2024 13:35,90,THAI,Economy,390,225,N/A,242,Y,Y,Y,1,7,2,23
Yangon International Airport,RGN,05/07/2024 10:35,Singapore Changi Airport,SIN,05/07/2024 15:20,195,Singapore Airlines,Economy,385,70,N/A,571,Y,Y,Y,1,7,1,23
Yangon International Airport,RGN,05/07/2024 16:30,Phnom Penh International Airport,PNH,05/07/2024 19:00,120,MAI,Economy,120,N/A,N/A,N/A,Y,Y,Y,1,7,1,30
Yangon International Airport,RGN,05/07/2024 19:00,Suvarnabhumi Airport,BKK,05/07/2024 21:00,90,THAI,Economy,800,635,TRUE,174,Y,Y,Y,1,7,2,23
Yangon International Airport,RGN,05/07/2024 19:00,Suvarnabhumi Airport,BKK,05/07/2024 21:00,90,THAI,Economy,840,675,TRUE,242,Y,Y,Y,1,7,2,23
Yangon International Airport,RGN,05/07/2024 11:25,Guangzhou Baiyun International Airport,CAN,05/07/2024 16:15,200,China Southern,Economy,735,355,N/A,301,Y,Y,Y,1,8,1,23
Yangon International Airport,RGN,05/07/2024 15:10,Kunming Changshui International Airport,KMG,05/07/2024 18:40,120,China Eastern,Economy,1345,1045,TRUE,301,Y,Y,Y,1,8,2,23
Yangon International Airport,RGN,06/07/2024 11:35,Suvarnabhumi Airport,BKK,06/07/2024 13:35,90,THAI,Economy,470,300,N/A,146,Y,Y,Y,1,7,2,23
Yangon International Airport,RGN,06/07/2024 19:00,Suvarnabhumi Airport,BKK,06/07/2024 21:00,90,THAI,Economy,800,635,TRUE,195,Y,Y,Y,1,7,2,23
Yangon International Airport,RGN,06/07/2024 11:35,Suvarnabhumi Airport,BKK,06/07/2024 13:35,90,THAI,Economy,390,225,N/A,242,Y,Y,Y,1,7,2,23
Yangon International Airport,RGN,06/07/2024 11:25,Guangzhou Baiyun International Airport,CAN,06/07/2024 16:00,185,China Southern,Economy,735,370,N/A,301,Y,Y,Y,1,8,1,23
Yangon International Airport,RGN,06/07/2024 10:35,Singapore Changi Airport,SIN,06/07/2024 15:20,195,Singapore Airlines,Economy,375,70,N/A,485,Y,Y,Y,1,7,1,23
Yangon International Airport,RGN,06/07/2024 19:00,Suvarnabhumi Airport,BKK,06/07/2024 21:00,90,THAI,Economy,840,675,TRUE,242,Y,Y,Y,1,7,2,23
Yangon International Airport,RGN,06/07/2024 15:10,Kunming Changshui International Airport,KMG,06/07/2024 18:40,120,China Eastern,Economy,1275,975,TRUE,301,Y,Y,Y,1,8,2,23
Yangon International Airport,RGN,06/07/2024 11:25,Kuala Lumpur International Airport,KUL,06/07/2024 15:50,175,Malaysia Airlines,Economy,1325,1030,TRUE,320,Y,Y,Y,1,7,1,23
Yangon International Airport,RGN,07/07/2024 11:35,Suvarnabhumi Airport,BKK,07/07/2024 13:35,90,THAI,Economy,470,300,N/A,156,Y,Y,Y,1,7,2,23
Yangon International Airport,RGN,07/07/2024 11:35,Suvarnabhumi Airport,BKK,07/07/2024 13:35,90,THAI,Economy,390,225,N/A,259,Y,Y,Y,1,7,2,23
Yangon International Airport,RGN,07/07/2024 10:35,Singapore Changi Airport,SIN,07/07/2024 15:20,195,Singapore Airlines,Economy,375,70,N/A,485,Y,Y,Y,1,7,1,23
Yangon International Airport,RGN,07/07/2024 16:30,Phnom Penh International Airport,PNH,07/07/2024 19:00,120,MAI,Economy,120,N/A,N/A,N/A,Y,Y,Y,1,7,1,30
Yangon International Airport,RGN,07/07/2024 19:00,Suvarnabhumi Airport,BKK,07/07/2024 21:00,90,THAI,Economy,800,635,TRUE,174,Y,Y,Y,1,7,2,23
Yangon International Airport,RGN,07/07/2024 19:00,Suvarnabhumi Airport,BKK,07/07/2024 21:00,90,THAI,Economy,840,675,TRUE,242,Y,Y,Y,1,7,2,23
Yangon International Airport,RGN,07/07/2024 15:10,Kunming Changshui International Airport,KMG,07/07/2024 18:40,120,China Eastern,Economy,1275,980,TRUE,301,Y,Y,Y,1,8,2,23
Yangon International Airport,RGN,07/07/2024 11:25,Kuala Lumpur International Airport,KUL,07/07/2024 15:50,175,Malaysia Airlines,Economy,1325,1030,TRUE,308,Y,Y,Y,1,7,1,23
Yangon International Airport,RGN,08/07/2024 11:35,Suvarnabhumi Airport,BKK,08/07/2024 13:35,90,THAI,Economy,470,300,N/A,146,Y,Y,Y,1,7,2,23
Yangon International Airport,RGN,08/07/2024 19:00,Suvarnabhumi Airport,BKK,08/07/2024 21:00,90,THAI,Economy,800,635,TRUE,174,Y,Y,Y,1,7,2,23
Yangon International Airport,RGN,08/07/2024 11:35,Suvarnabhumi Airport,BKK,08/07/2024 13:35,90,THAI,Economy,390,225,N/A,242,Y,Y,Y,1,7,2,23
Yangon International Airport,RGN,08/07/2024 11:25,Guangzhou Baiyun International Airport,CAN,08/07/2024 16:15,200,China Southern,Economy,735,355,N/A,301,Y,Y,Y,1,8,1,23
Yangon International Airport,RGN,08/07/2024 10:35,Singapore Changi Airport,SIN,08/07/2024 15:20,195,Singapore Airlines,Economy,385,70,N/A,485,Y,Y,Y,1,7,1,23
Yangon International Airport,RGN,08/07/2024 19:00,Suvarnabhumi Airport,BKK,08/07/2024 21:00,90,THAI,Economy,840,675,TRUE,242,Y,Y,Y,1,7,2,23
Yangon International Airport,RGN,08/07/2024 15:10,Kunming Changshui International Airport,KMG,08/07/2024 18:40,120,China Eastern,Economy,1345,1045,TRUE,301,Y,Y,Y,1,8,2,23
Yangon International Airport,RGN,08/07/2024 11:25,Kuala Lumpur International Airport,KUL,08/07/2024 15:50,175,Malaysia Airlines,Economy,1325,1030,TRUE,308,Y,Y,Y,1,7,1,23
Yangon International Airport,RGN,09/07/2024 11:35,Suvarnabhumi Airport,BKK,09/07/2024 13:35,90,THAI,Economy,470,300,N/A,146,Y,Y,Y,1,7,2,23
Yangon International Airport,RGN,09/07/2024 19:00,Suvarnabhumi Airport,BKK,09/07/2024 21:00,90,THAI,Economy,800,635,TRUE,174,Y,Y,Y,1,7,2,23
Yangon International Airport,RGN,09/07/2024 11:35,Suvarnabhumi Airport,BKK,09/07/2024 13:35,90,THAI,Economy,390,225,N/A,242,Y,Y,Y,1,7,2,23
Yangon International Airport,RGN,09/07/2024 10:35,Singapore Changi Airport,SIN,09/07/2024 15:20,195,Singapore Airlines,Economy,385,70,N/A,526,Y,Y,Y,1,7,1,23
Yangon International Airport,RGN,09/07/2024 19:00,Suvarnabhumi Airport,BKK,09/07/2024 21:00,90,THAI,Economy,840,675,TRUE,242,Y,Y,Y,1,7,2,23
Yangon International Airport,RGN,09/07/2024 15:10,Kunming Changshui International Airport,KMG,09/07/2024 18:40,120,China Eastern,Economy,1275,980,TRUE,301,Y,Y,Y,1,8,2,23
Yangon International Airport,RGN,09/07/2024 11:25,Kuala Lumpur International Airport,KUL,09/07/2024 15:50,175,Malaysia Airlines,Economy,1325,1030,TRUE,308,Y,Y,Y,1,7,1,23
Yangon International Airport,RGN,09/07/2024 10:35,Taiwan Taoyuan International Airport,TPE,09/07/2024 16:10,245,China Airlines,Economy,1365,910,TRUE,798,Y,Y,Y,1,7,2,23
Yangon International Airport,RGN,10/07/2024 11:35,Suvarnabhumi Airport,BKK,10/07/2024 13:35,90,THAI,Economy,470,300,N/A,146,Y,Y,Y,1,7,2,23
Yangon International Airport,RGN,10/07/2024 11:35,Suvarnabhumi Airport,BKK,10/07/2024 13:35,90,THAI,Economy,390,225,N/A,242,Y,Y,Y,1,7,2,23
Yangon International Airport,RGN,10/07/2024 10:35,Singapore Changi Airport,SIN,10/07/2024 15:20,195,Singapore Airlines,Economy,375,70,N/A,485,Y,Y,Y,1,7,1,23
Yangon International Airport,RGN,10/07/2024 16:30,Phnom Penh International Airport,PNH,10/07/2024 19:00,120,MAI,Economy,120,N/A,N/A,N/A,Y,Y,Y,1,7,1,30
Yangon International Airport,RGN,10/07/2024 19:00,Suvarnabhumi Airport,BKK,10/07/2024 21:00,90,THAI,Economy,800,635,TRUE,167,Y,Y,Y,1,7,2,23
Yangon International Airport,RGN,10/07/2024 19:00,Suvarnabhumi Airport,BKK,10/07/2024 21:00,90,THAI,Economy,840,675,TRUE,242,Y,Y,Y,1,7,2,23
Yangon International Airport,RGN,10/07/2024 11:25,Guangzhou Baiyun International Airport,CAN,10/07/2024 16:15,200,China Southern,Economy,1365,1005,TRUE,281,Y,Y,Y,1,8,1,23
Yangon International Airport,RGN,10/07/2024 11:25,Guangzhou Baiyun International Airport,CAN,10/07/2024 16:15,200,China Southern,Economy,735,355,N/A,301,Y,Y,Y,1,8,1,23
Yangon International Airport,RGN,10/07/2024 11:25,Kuala Lumpur International Airport,KUL,10/07/2024 15:50,175,Malaysia Airlines,Economy,1770,1480,TRUE,313,Y,Y,Y,1,7,1,23
Yangon International Airport,RGN,11/07/2024 11:35,Suvarnabhumi Airport,BKK,11/07/2024 13:35,90,THAI,Economy,470,300,N/A,146,Y,Y,Y,1,7,2,23
Yangon International Airport,RGN,11/07/2024 19:00,Suvarnabhumi Airport,BKK,11/07/2024 21:00,90,THAI,Economy,800,635,TRUE,167,Y,Y,Y,1,7,2,23
Yangon International Airport,RGN,11/07/2024 11:35,Suvarnabhumi Airport,BKK,11/07/2024 13:35,90,THAI,Economy,390,225,N/A,242,Y,Y,Y,1,7,2,23
Yangon International Airport,RGN,11/07/2024 10:35,Singapore Changi Airport,SIN,11/07/2024 15:20,195,Singapore Airlines,Economy,385,70,N/A,485,Y,Y,Y,1,7,1,23
Yangon International Airport,RGN,11/07/2024 19:00,Suvarnabhumi Airport,BKK,11/07/2024 21:00,90,THAI,Economy,840,675,TRUE,242,Y,Y,Y,1,7,2,23
Yangon International Airport,RGN,11/07/2024 15:10,Kunming Changshui International Airport,KMG,11/07/2024 18:40,120,China Eastern,Economy,1275,980,TRUE,301,Y,Y,Y,1,8,2,23
Yangon International Airport,RGN,11/07/2024 11:25,Kuala Lumpur International Airport,KUL,11/07/2024 15:50,175,Malaysia Airlines,Economy,1325,1030,TRUE,308,Y,Y,Y,1,7,1,23
Yangon International Airport,RGN,11/07/2024 10:35,Taiwan Taoyuan International Airport,TPE,11/07/2024 16:10,245,China Airlines,Economy,1365,910,TRUE,798,Y,Y,Y,1,7,2,23
Yangon International Airport,RGN,12/07/2024 11:35,Suvarnabhumi Airport,BKK,12/07/2024 13:35,90,THAI,Economy,470,300,N/A,146,Y,Y,Y,1,7,2,23
Yangon International Airport,RGN,12/07/2024 11:35,Suvarnabhumi Airport,BKK,12/07/2024 13:35,90,THAI,Economy,390,225,N/A,242,Y,Y,Y,1,7,2,23
Yangon International Airport,RGN,12/07/2024 10:35,Singapore Changi Airport,SIN,12/07/2024 15:20,195,Singapore Airlines,Economy,385,70,N/A,485,Y,Y,Y,1,7,1,23
Yangon International Airport,RGN,12/07/2024 16:30,Phnom Penh International Airport,PNH,12/07/2024 19:00,120,MAI,Economy,120,N/A,N/A,N/A,Y,Y,Y,1,7,1,30
Yangon International Airport,RGN,12/07/2024 19:00,Suvarnabhumi Airport,BKK,12/07/2024 21:00,90,THAI,Economy,800,635,TRUE,167,Y,Y,Y,1,7,2,23
Yangon International Airport,RGN,12/07/2024 19:00,Suvarnabhumi Airport,BKK,12/07/2024 21:00,90,THAI,Economy,840,675,TRUE,242,Y,Y,Y,1,7,2,23
Yangon International Airport,RGN,12/07/2024 11:25,Guangzhou Baiyun International Airport,CAN,12/07/2024 16:15,200,China Southern,Economy,735,355,N/A,281,Y,Y,Y,1,8,1,23
Yangon International Airport,RGN,12/07/2024 15:10,Kunming Changshui International Airport,KMG,12/07/2024 18:40,120,China Eastern,Economy,1345,1045,TRUE,301,Y,Y,Y,1,8,2,23
Yangon International Airport,RGN,12/07/2024 11:25,Kuala Lumpur International Airport,KUL,12/07/2024 15:50,175,Malaysia Airlines,Economy,1770,1480,TRUE,313,Y,Y,Y,1,7,1,23
Yangon International Airport,RGN,13/07/2024 11:35,Suvarnabhumi Airport,BKK,13/07/2024 13:35,90,THAI,Economy,470,300,N/A,146,Y,Y,Y,1,7,2,23
Yangon International Airport,RGN,13/07/2024 19:00,Suvarnabhumi Airport,BKK,13/07/2024 21:00,90,THAI,Economy,800,635,TRUE,167,Y,Y,Y,1,7,2,23
Yangon International Airport,RGN,13/07/2024 11:35,Suvarnabhumi Airport,BKK,13/07/2024 13:35,90,THAI,Economy,390,235,N/A,242,Y,Y,Y,1,7,2,23
Yangon International Airport,RGN,13/07/2024 11:25,Guangzhou Baiyun International Airport,CAN,13/07/2024 16:00,185,China Southern,Economy,735,370,N/A,281,Y,Y,Y,1,8,1,23
Yangon International Airport,RGN,13/07/2024 10:35,Singapore Changi Airport,SIN,13/07/2024 15:20,195,Singapore Airlines,Economy,375,70,N/A,485,Y,Y,Y,1,7,1,23
Yangon International Airport,RGN,13/07/2024 19:00,Suvarnabhumi Airport,BKK,13/07/2024 21:00,90,THAI,Economy,840,675,TRUE,242,Y,Y,Y,1,7,2,23
Yangon International Airport,RGN,13/07/2024 15:10,Kunming Changshui International Airport,KMG,13/07/2024 18:40,120,China Eastern,Economy,1275,975,TRUE,301,Y,Y,Y,1,8,2,23
Yangon International Airport,RGN,13/07/2024 11:25,Kuala Lumpur International Airport,KUL,13/07/2024 15:50,175,Malaysia Airlines,Economy,1325,1030,TRUE,308,Y,Y,Y,1,7,1,23
Yangon International Airport,RGN,14/07/2024 11:35,Suvarnabhumi Airport,BKK,14/07/2024 13:35,90,THAI,Economy,470,300,N/A,146,Y,Y,Y,1,7,2,23
Yangon International Airport,RGN,14/07/2024 19:00,Suvarnabhumi Airport,BKK,14/07/2024 21:00,90,THAI,Economy,800,635,TRUE,167,Y,Y,Y,1,7,2,23
Yangon International Airport,RGN,14/07/2024 11:35,Suvarnabhumi Airport,BKK,14/07/2024 13:35,90,THAI,Economy,390,225,N/A,242,Y,Y,Y,1,7,2,23
Yangon International Airport,RGN,14/07/2024 19:00,Suvarnabhumi Airport,BKK,14/07/2024 21:00,90,THAI,Economy,840,675,TRUE,242,Y,Y,Y,1,7,2,23
Yangon International Airport,RGN,14/07/2024 15:10,Kunming Changshui International Airport,KMG,14/07/2024 18:40,120,China Eastern,Economy,1275,980,TRUE,301,Y,Y,Y,1,8,2,23
Yangon International Airport,RGN,14/07/2024 11:25,Kuala Lumpur International Airport,KUL,14/07/2024 15:50,175,Malaysia Airlines,Economy,1325,1030,TRUE,308,Y,Y,Y,1,7,1,23
Yangon International Airport,RGN,14/07/2024 10:35,Singapore Changi Airport,SIN,14/07/2024 15:20,195,Singapore Airlines,Economy,375,70,N/A,485,Y,Y,Y,1,7,1,23
Yangon International Airport,RGN,15/07/2024 11:35,Suvarnabhumi Airport,BKK,15/07/2024 13:35,90,THAI,Economy,470,300,N/A,146,Y,Y,Y,1,7,2,23
Yangon International Airport,RGN,15/07/2024 19:00,Suvarnabhumi Airport,BKK,15/07/2024 21:00,90,THAI,Economy,800,635,TRUE,167,Y,Y,Y,1,7,2,23
Yangon International Airport,RGN,15/07/2024 11:35,Suvarnabhumi Airport,BKK,15/07/2024 13:35,90,THAI,Economy,390,225,N/A,242,Y,Y,Y,1,7,2,23
Yangon International Airport,RGN,15/07/2024 11:25,Guangzhou Baiyun International Airport,CAN,15/07/2024 16:15,200,China Southern,Economy,735,355,N/A,301,Y,Y,Y,1,8,1,23
Yangon International Airport,RGN,15/07/2024 10:35,Singapore Changi Airport,SIN,15/07/2024 15:20,195,Singapore Airlines,Economy,385,70,N/A,485,Y,Y,Y,1,7,1,23
Yangon International Airport,RGN,15/07/2024 19:00,Suvarnabhumi Airport,BKK,15/07/2024 21:00,90,THAI,Economy,840,675,TRUE,242,Y,Y,Y,1,7,2,23
Yangon International Airport,RGN,15/07/2024 11:25,Guangzhou Baiyun International Airport,CAN,15/07/2024 16:15,200,China Southern,Economy,1365,1000,TRUE,281,Y,Y,Y,1,8,1,23
Yangon International Airport,RGN,15/07/2024 15:10,Kunming Changshui International Airport,KMG,15/07/2024 18:40,120,China Eastern,Economy,1345,1045,TRUE,301,Y,Y,Y,1,8,2,23
Yangon International Airport,RGN,15/07/2024 11:25,Kuala Lumpur International Airport,KUL,15/07/2024 15:50,175,Malaysia Airlines,Economy,1325,1030,TRUE,308,Y,Y,Y,1,7,1,23
Yangon International Airport,RGN,16/07/2024 11:35,Suvarnabhumi Airport,BKK,16/07/2024 13:35,90,THAI,Economy,470,300,N/A,146,Y,Y,Y,1,7,2,23
Yangon International Airport,RGN,16/07/2024 19:00,Suvarnabhumi Airport,BKK,16/07/2024 21:00,90,THAI,Economy,800,635,TRUE,167,Y,Y,Y,1,7,2,23
Yangon International Airport,RGN,16/07/2024 11:35,Suvarnabhumi Airport,BKK,16/07/2024 13:35,90,THAI,Economy,390,235,N/A,242,Y,Y,Y,1,7,2,23
Yangon International Airport,RGN,16/07/2024 10:35,Singapore Changi Airport,SIN,16/07/2024 15:20,195,Singapore Airlines,Economy,385,70,N/A,485,Y,Y,Y,1,7,1,23
Yangon International Airport,RGN,16/07/2024 19:00,Suvarnabhumi Airport,BKK,16/07/2024 21:00,90,THAI,Economy,840,675,TRUE,242,Y,Y,Y,1,7,2,23
Yangon International Airport,RGN,16/07/2024 15:10,Kunming Changshui International Airport,KMG,16/07/2024 18:40,120,China Eastern,Economy,1275,980,TRUE,301,Y,Y,Y,1,8,2,23
Yangon International Airport,RGN,16/07/2024 11:25,Kuala Lumpur International Airport,KUL,16/07/2024 15:50,175,Malaysia Airlines,Economy,1325,1030,TRUE,308,Y,Y,Y,1,7,1,23
Yangon International Airport,RGN,16/07/2024 10:35,Taiwan Taoyuan International Airport,TPE,16/07/2024 16:10,245,China Airlines,Economy,1365,910,TRUE,798,Y,Y,Y,1,7,2,23
Yangon International Airport,RGN,17/07/2024 11:35,Suvarnabhumi Airport,BKK,17/07/2024 13:35,90,THAI,Economy,470,300,N/A,146,Y,Y,Y,1,7,2,23
Yangon International Airport,RGN,17/07/2024 11:35,Suvarnabhumi Airport,BKK,17/07/2024 13:35,90,THAI,Economy,390,225,N/A,242,Y,Y,Y,1,7,2,23
Yangon International Airport,RGN,17/07/2024 10:35,Singapore Changi Airport,SIN,17/07/2024 15:20,195,Singapore Airlines,Economy,375,70,N/A,485,Y,Y,Y,1,7,1,23
Yangon International Airport,RGN,17/07/2024 16:30,Phnom Penh International Airport,PNH,17/07/2024 19:00,120,MAI,Economy,120,N/A,N/A,N/A,Y,Y,Y,1,7,1,30
Yangon International Airport,RGN,17/07/2024 19:00,Suvarnabhumi Airport,BKK,17/07/2024 21:00,90,THAI,Economy,800,635,TRUE,167,Y,Y,Y,1,7,2,23
Yangon International Airport,RGN,17/07/2024 19:00,Suvarnabhumi Airport,BKK,17/07/2024 21:00,90,THAI,Economy,840,675,TRUE,242,Y,Y,Y,1,7,2,23
Yangon International Airport,RGN,17/07/2024 11:25,Guangzhou Baiyun International Airport,CAN,17/07/2024 16:15,200,China Southern,Economy,735,355,N/A,281,Y,Y,Y,1,8,1,23
Yangon International Airport,RGN,17/07/2024 15:10,Kunming Changshui International Airport,KMG,17/07/2024 18:40,120,China Eastern,Economy,1345,1045,TRUE,301,Y,Y,Y,1,8,2,23
Yangon International Airport,RGN,17/07/2024 11:25,Kuala Lumpur International Airport,KUL,17/07/2024 15:50,175,Malaysia Airlines,Economy,1770,1480,TRUE,313,Y,Y,Y,1,7,1,23
Yangon International Airport,RGN,18/07/2024 11:35,Suvarnabhumi Airport,BKK,18/07/2024 13:35,90,THAI,Economy,470,300,N/A,146,Y,Y,Y,1,7,2,23
Yangon International Airport,RGN,18/07/2024 19:00,Suvarnabhumi Airport,BKK,18/07/2024 21:00,90,THAI,Economy,800,635,TRUE,167,Y,Y,Y,1,7,2,23
Yangon International Airport,RGN,18/07/2024 11:35,Suvarnabhumi Airport,BKK,18/07/2024 13:35,90,THAI,Economy,390,225,N/A,242,Y,Y,Y,1,7,2,23
Yangon International Airport,RGN,18/07/2024 10:35,Singapore Changi Airport,SIN,18/07/2024 15:20,195,Singapore Airlines,Economy,385,70,N/A,485,Y,Y,Y,1,7,1,23
Yangon International Airport,RGN,18/07/2024 19:00,Suvarnabhumi Airport,BKK,18/07/2024 21:00,90,THAI,Economy,840,675,TRUE,242,Y,Y,Y,1,7,2,23
Yangon International Airport,RGN,18/07/2024 15:10,Kunming Changshui International Airport,KMG,18/07/2024 18:40,120,China Eastern,Economy,1275,980,TRUE,301,Y,Y,Y,1,8,2,23
Yangon International Airport,RGN,18/07/2024 11:25,Kuala Lumpur International Airport,KUL,18/07/2024 15:50,175,Malaysia Airlines,Economy,1325,1030,TRUE,308,Y,Y,Y,1,7,1,23
Yangon International Airport,RGN,18/07/2024 10:35,Taiwan Taoyuan International Airport,TPE,18/07/2024 16:10,245,China Airlines,Economy,1365,910,TRUE,798,Y,Y,Y,1,7,2,23
Yangon International Airport,RGN,19/07/2024 11:35,Suvarnabhumi Airport,BKK,19/07/2024 13:35,90,THAI,Economy,470,300,N/A,146,Y,Y,Y,1,7,2,23
Yangon International Airport,RGN,19/07/2024 11:35,Suvarnabhumi Airport,BKK,19/07/2024 13:35,90,THAI,Economy,390,225,N/A,242,Y,Y,Y,1,7,2,23
Yangon International Airport,RGN,19/07/2024 10:35,Singapore Changi Airport,SIN,19/07/2024 15:20,195,Singapore Airlines,Economy,385,70,N/A,485,Y,Y,Y,1,7,1,23
Yangon International Airport,RGN,19/07/2024 16:30,Phnom Penh International Airport,PNH,19/07/2024 19:00,120,MAI,Economy,120,N/A,N/A,N/A,Y,Y,Y,1,7,1,30
Yangon International Airport,RGN,19/07/2024 19:00,Suvarnabhumi Airport,BKK,19/07/2024 21:00,90,THAI,Economy,800,635,TRUE,167,Y,Y,Y,1,7,2,23
Yangon International Airport,RGN,19/07/2024 19:00,Suvarnabhumi Airport,BKK,19/07/2024 21:00,90,THAI,Economy,840,675,TRUE,242,Y,Y,Y,1,7,2,23
Yangon International Airport,RGN,19/07/2024 11:25,Guangzhou Baiyun International Airport,CAN,19/07/2024 16:15,200,China Southern,Economy,735,355,N/A,281,Y,Y,Y,1,8,1,23
Yangon International Airport,RGN,19/07/2024 15:10,Kunming Changshui International Airport,KMG,19/07/2024 18:40,120,China Eastern,Economy,1345,1045,TRUE,301,Y,Y,Y,1,8,2,23
Yangon International Airport,RGN,19/07/2024 11:25,Kuala Lumpur International Airport,KUL,19/07/2024 15:50,175,Malaysia Airlines,Economy,1770,1480,TRUE,313,Y,Y,Y,1,7,1,23
Yangon International Airport,RGN,20/07/2024 11:35,Suvarnabhumi Airport,BKK,20/07/2024 13:35,90,THAI,Economy,470,300,N/A,146,Y,Y,Y,1,7,2,23
Yangon International Airport,RGN,20/07/2024 19:00,Suvarnabhumi Airport,BKK,20/07/2024 21:00,90,THAI,Economy,800,635,TRUE,167,Y,Y,Y,1,7,2,23
Yangon International Airport,RGN,20/07/2024 11:35,Suvarnabhumi Airport,BKK,20/07/2024 13:35,90,THAI,Economy,390,225,N/A,242,Y,Y,Y,1,7,2,23
Yangon International Airport,RGN,20/07/2024 11:25,Guangzhou Baiyun International Airport,CAN,20/07/2024 16:00,185,China Southern,Economy,735,370,N/A,281,Y,Y,Y,1,8,1,23
Yangon International Airport,RGN,20/07/2024 10:35,Singapore Changi Airport,SIN,20/07/2024 15:20,195,Singapore Airlines,Economy,375,70,N/A,485,Y,Y,Y,1,7,1,23
Yangon International Airport,RGN,20/07/2024 19:00,Suvarnabhumi Airport,BKK,20/07/2024 21:00,90,THAI,Economy,840,675,TRUE,242,Y,Y,Y,1,7,2,23
Yangon International Airport,RGN,20/07/2024 15:10,Kunming Changshui International Airport,KMG,20/07/2024 18:40,120,China Eastern,Economy,1275,975,TRUE,301,Y,Y,Y,1,8,2,23
Yangon International Airport,RGN,20/07/2024 11:25,Kuala Lumpur International Airport,KUL,20/07/2024 15:50,175,Malaysia Airlines,Economy,1325,1030,TRUE,308,Y,Y,Y,1,7,1,23
Yangon International Airport,RGN,21/07/2024 11:35,Suvarnabhumi Airport,BKK,21/07/2024 13:35,90,THAI,Economy,470,300,N/A,146,Y,Y,Y,1,7,2,23
Yangon International Airport,RGN,21/07/2024 11:35,Suvarnabhumi Airport,BKK,21/07/2024 13:35,90,THAI,Economy,390,225,N/A,242,Y,Y,Y,1,7,2,23
Yangon International Airport,RGN,21/07/2024 10:35,Singapore Changi Airport,SIN,21/07/2024 15:20,195,Singapore Airlines,Economy,375,70,N/A,485,Y,Y,Y,1,7,1,23
Yangon International Airport,RGN,21/07/2024 16:30,Phnom Penh International Airport,PNH,21/07/2024 19:00,120,MAI,Economy,120,N/A,N/A,N/A,Y,Y,Y,1,7,1,30
Yangon International Airport,RGN,21/07/2024 19:00,Suvarnabhumi Airport,BKK,21/07/2024 21:00,90,THAI,Economy,800,635,TRUE,167,Y,Y,Y,1,7,2,23
Yangon International Airport,RGN,21/07/2024 19:00,Suvarnabhumi Airport,BKK,21/07/2024 21:00,90,THAI,Economy,840,675,TRUE,242,Y,Y,Y,1,7,2,23
Yangon International Airport,RGN,21/07/2024 15:10,Kunming Changshui International Airport,KMG,21/07/2024 18:40,120,China Eastern,Economy,1275,980,TRUE,301,Y,Y,Y,1,8,2,23
Yangon International Airport,RGN,21/07/2024 11:25,Kuala Lumpur International Airport,KUL,21/07/2024 15:50,175,Malaysia Airlines,Economy,1325,1030,TRUE,308,Y,Y,Y,1,7,1,23
Yangon International Airport,RGN,22/07/2024 11:35,Suvarnabhumi Airport,BKK,22/07/2024 13:35,90,THAI,Economy,470,300,N/A,146,Y,Y,Y,1,7,2,23
Yangon International Airport,RGN,22/07/2024 19:00,Suvarnabhumi Airport,BKK,22/07/2024 21:00,90,THAI,Economy,800,635,TRUE,167,Y,Y,Y,1,7,2,23
Yangon International Airport,RGN,22/07/2024 11:35,Suvarnabhumi Airport,BKK,22/07/2024 13:35,90,THAI,Economy,390,225,N/A,242,Y,Y,Y,1,7,2,23
Yangon International Airport,RGN,22/07/2024 11:25,Guangzhou Baiyun International Airport,CAN,22/07/2024 16:15,200,China Southern,Economy,735,355,N/A,281,Y,Y,Y,1,8,1,23
Yangon International Airport,RGN,22/07/2024 10:35,Singapore Changi Airport,SIN,22/07/2024 15:20,195,Singapore Airlines,Economy,385,70,N/A,485,Y,Y,Y,1,7,1,23
Yangon International Airport,RGN,22/07/2024 19:00,Suvarnabhumi Airport,BKK,22/07/2024 21:00,90,THAI,Economy,840,675,TRUE,242,Y,Y,Y,1,7,2,23
Yangon International Airport,RGN,22/07/2024 15:10,Kunming Changshui International Airport,KMG,22/07/2024 18:40,120,China Eastern,Economy,1345,1045,TRUE,301,Y,Y,Y,1,8,2,23
Yangon International Airport,RGN,22/07/2024 11:25,Kuala Lumpur International Airport,KUL,22/07/2024 15:50,175,Malaysia Airlines,Economy,1325,1030,TRUE,308,Y,Y,Y,1,7,1,23
Yangon International Airport,RGN,23/07/2024 11:35,Suvarnabhumi Airport,BKK,23/07/2024 13:35,90,THAI,Economy,470,300,N/A,146,Y,Y,Y,1,7,2,23
Yangon International Airport,RGN,23/07/2024 19:00,Suvarnabhumi Airport,BKK,23/07/2024 21:00,90,THAI,Economy,800,635,TRUE,167,Y,Y,Y,1,7,2,23
Yangon International Airport,RGN,23/07/2024 11:35,Suvarnabhumi Airport,BKK,23/07/2024 13:35,90,THAI,Economy,390,225,N/A,242,Y,Y,Y,1,7,2,23
Yangon International Airport,RGN,23/07/2024 10:35,Singapore Changi Airport,SIN,23/07/2024 15:20,195,Singapore Airlines,Economy,385,70,N/A,485,Y,Y,Y,1,7,1,23
Yangon International Airport,RGN,23/07/2024 19:00,Suvarnabhumi Airport,BKK,23/07/2024 21:00,90,THAI,Economy,840,675,TRUE,242,Y,Y,Y,1,7,2,23
Yangon International Airport,RGN,23/07/2024 15:10,Kunming Changshui International Airport,KMG,23/07/2024 18:40,120,China Eastern,Economy,1275,980,TRUE,301,Y,Y,Y,1,8,2,23
Yangon International Airport,RGN,23/07/2024 11:25,Kuala Lumpur International Airport,KUL,23/07/2024 15:50,175,Malaysia Airlines,Economy,1325,1030,TRUE,308,Y,Y,Y,1,7,1,23
Yangon International Airport,RGN,23/07/2024 10:35,Taiwan Taoyuan International Airport,TPE,23/07/2024 16:10,245,China Airlines,Economy,1365,910,TRUE,766,Y,Y,Y,1,7,2,23
Yangon International Airport,RGN,24/07/2024 11:35,Suvarnabhumi Airport,BKK,24/07/2024 13:35,90,THAI,Economy,470,300,N/A,146,Y,Y,Y,1,7,2,23
Yangon International Airport,RGN,24/07/2024 11:35,Suvarnabhumi Airport,BKK,24/07/2024 13:35,90,THAI,Economy,410,255,N/A,242,Y,Y,Y,1,7,2,23
Yangon International Airport,RGN,24/07/2024 10:35,Singapore Changi Airport,SIN,24/07/2024 15:20,195,Singapore Airlines,Economy,375,70,N/A,485,Y,Y,Y,1,7,1,23
Yangon International Airport,RGN,24/07/2024 16:30,Phnom Penh International Airport,PNH,24/07/2024 19:00,120,MAI,Economy,120,N/A,N/A,N/A,Y,Y,Y,1,7,1,30
Yangon International Airport,RGN,24/07/2024 19:00,Suvarnabhumi Airport,BKK,24/07/2024 21:00,90,THAI,Economy,1465,1295,TRUE,163,Y,Y,Y,1,7,2,23
Yangon International Airport,RGN,24/07/2024 19:00,Suvarnabhumi Airport,BKK,24/07/2024 21:00,90,THAI,Economy,800,635,TRUE,167,Y,Y,Y,1,7,2,23
Yangon International Airport,RGN,24/07/2024 19:00,Suvarnabhumi Airport,BKK,24/07/2024 21:00,90,THAI,Economy,840,675,TRUE,242,Y,Y,Y,1,7,2,23
Yangon International Airport,RGN,24/07/2024 11:25,Guangzhou Baiyun International Airport,CAN,24/07/2024 16:15,200,China Southern,Economy,735,355,N/A,281,Y,Y,Y,1,8,1,23
Yangon International Airport,RGN,24/07/2024 11:25,Kuala Lumpur International Airport,KUL,24/07/2024 15:50,175,Malaysia Airlines,Economy,1770,1480,TRUE,313,Y,Y,Y,1,7,1,23
Yangon International Airport,RGN,25/07/2024 11:35,Suvarnabhumi Airport,BKK,25/07/2024 13:35,90,THAI,Economy,470,300,N/A,146,Y,Y,Y,1,7,2,23
Yangon International Airport,RGN,25/07/2024 19:00,Suvarnabhumi Airport,BKK,25/07/2024 21:00,90,THAI,Economy,800,635,TRUE,146,Y,Y,Y,1,7,2,23
Yangon International Airport,RGN,25/07/2024 11:35,Suvarnabhumi Airport,BKK,25/07/2024 13:35,90,THAI,Economy,390,225,N/A,242,Y,Y,Y,1,7,2,23
Yangon International Airport,RGN,25/07/2024 10:35,Singapore Changi Airport,SIN,25/07/2024 15:20,195,Singapore Airlines,Economy,385,70,N/A,485,Y,Y,Y,1,7,1,23
Yangon International Airport,RGN,25/07/2024 19:00,Suvarnabhumi Airport,BKK,25/07/2024 21:00,90,THAI,Economy,840,675,TRUE,242,Y,Y,Y,1,7,2,23
Yangon International Airport,RGN,25/07/2024 15:10,Kunming Changshui International Airport,KMG,25/07/2024 18:40,120,China Eastern,Economy,1275,980,TRUE,301,Y,Y,Y,1,8,2,23
Yangon International Airport,RGN,25/07/2024 11:25,Kuala Lumpur International Airport,KUL,25/07/2024 15:50,175,Malaysia Airlines,Economy,1325,1030,TRUE,308,Y,Y,Y,1,7,1,23
Yangon International Airport,RGN,25/07/2024 10:35,Taiwan Taoyuan International Airport,TPE,25/07/2024 16:10,245,China Airlines,Economy,1365,910,TRUE,766,Y,Y,Y,1,7,2,23
Yangon International Airport,RGN,26/07/2024 11:35,Suvarnabhumi Airport,BKK,26/07/2024 13:35,90,THAI,Economy,470,300,N/A,146,Y,Y,Y,1,7,2,23
Yangon International Airport,RGN,26/07/2024 19:00,Suvarnabhumi Airport,BKK,26/07/2024 21:00,90,THAI,Economy,800,635,TRUE,146,Y,Y,Y,1,7,2,23
Yangon International Airport,RGN,26/07/2024 11:35,Suvarnabhumi Airport,BKK,26/07/2024 13:35,90,THAI,Economy,410,255,N/A,242,Y,Y,Y,1,7,2,23
Yangon International Airport,RGN,26/07/2024 10:35,Singapore Changi Airport,SIN,26/07/2024 15:20,195,Singapore Airlines,Economy,385,70,N/A,485,Y,Y,Y,1,7,1,23
Yangon International Airport,RGN,26/07/2024 16:30,Phnom Penh International Airport,PNH,26/07/2024 19:00,120,MAI,Economy,120,N/A,N/A,N/A,Y,Y,Y,1,7,1,30
Yangon International Airport,RGN,26/07/2024 19:00,Suvarnabhumi Airport,BKK,26/07/2024 21:00,90,THAI,Economy,840,675,TRUE,242,Y,Y,Y,1,7,2,23
Yangon International Airport,RGN,26/07/2024 11:25,Guangzhou Baiyun International Airport,CAN,26/07/2024 16:15,200,China Southern,Economy,735,355,N/A,281,Y,Y,Y,1,8,1,23
Yangon International Airport,RGN,26/07/2024 15:10,Kunming Changshui International Airport,KMG,26/07/2024 18:40,120,China Eastern,Economy,1345,1045,TRUE,301,Y,Y,Y,1,8,2,23
Yangon International Airport,RGN,26/07/2024 11:25,Kuala Lumpur International Airport,KUL,26/07/2024 15:50,175,Malaysia Airlines,Economy,1770,1480,TRUE,313,Y,Y,Y,1,7,1,23
Yangon International Airport,RGN,27/07/2024 11:35,Suvarnabhumi Airport,BKK,27/07/2024 13:35,90,THAI,Economy,470,300,N/A,146,Y,Y,Y,1,7,2,23
Yangon International Airport,RGN,27/07/2024 19:00,Suvarnabhumi Airport,BKK,27/07/2024 21:00,90,THAI,Economy,800,635,TRUE,156,Y,Y,Y,1,7,2,23
Yangon International Airport,RGN,27/07/2024 11:35,Suvarnabhumi Airport,BKK,27/07/2024 13:35,90,THAI,Economy,390,225,N/A,242,Y,Y,Y,1,7,2,23
Yangon International Airport,RGN,27/07/2024 11:25,Guangzhou Baiyun International Airport,CAN,27/07/2024 16:00,185,China Southern,Economy,735,370,N/A,301,Y,Y,Y,1,8,1,23
Yangon International Airport,RGN,27/07/2024 10:35,Singapore Changi Airport,SIN,27/07/2024 15:20,195,Singapore Airlines,Economy,375,70,N/A,485,Y,Y,Y,1,7,1,23
Yangon International Airport,RGN,27/07/2024 19:00,Suvarnabhumi Airport,BKK,27/07/2024 21:00,90,THAI,Economy,840,675,TRUE,242,Y,Y,Y,1,7,2,23
Yangon International Airport,RGN,27/07/2024 11:25,Guangzhou Baiyun International Airport,CAN,27/07/2024 16:00,185,China Southern,Economy,1365,1015,TRUE,281,Y,Y,Y,1,8,1,23
Yangon International Airport,RGN,27/07/2024 15:10,Kunming Changshui International Airport,KMG,27/07/2024 18:40,120,China Eastern,Economy,1275,975,TRUE,301,Y,Y,Y,1,8,2,23
Yangon International Airport,RGN,27/07/2024 11:25,Kuala Lumpur International Airport,KUL,27/07/2024 15:50,175,Malaysia Airlines,Economy,1325,1030,TRUE,308,Y,Y,Y,1,7,1,23
Yangon International Airport,RGN,28/07/2024 11:35,Suvarnabhumi Airport,BKK,28/07/2024 13:35,90,THAI,Economy,470,300,N/A,146,Y,Y,Y,1,7,2,23
Yangon International Airport,RGN,28/07/2024 19:00,Suvarnabhumi Airport,BKK,28/07/2024 21:00,90,THAI,Economy,800,635,TRUE,146,Y,Y,Y,1,7,2,23
Yangon International Airport,RGN,28/07/2024 11:35,Suvarnabhumi Airport,BKK,28/07/2024 13:35,90,THAI,Economy,390,225,N/A,242,Y,Y,Y,1,7,2,23
Yangon International Airport,RGN,28/07/2024 19:00,Suvarnabhumi Airport,BKK,28/07/2024 21:00,90,THAI,Economy,840,675,TRUE,242,Y,Y,Y,1,7,2,23
Yangon International Airport,RGN,28/07/2024 15:10,Kunming Changshui International Airport,KMG,28/07/2024 18:40,120,China Eastern,Economy,1275,980,TRUE,301,Y,Y,Y,1,8,2,23
Yangon International Airport,RGN,28/07/2024 11:25,Kuala Lumpur International Airport,KUL,28/07/2024 15:50,175,Malaysia Airlines,Economy,1325,1030,TRUE,308,Y,Y,Y,1,7,1,23
Yangon International Airport,RGN,28/07/2024 10:35,Singapore Changi Airport,SIN,28/07/2024 15:20,195,Singapore Airlines,Economy,375,70,N/A,485,Y,Y,Y,1,7,1,23
Yangon International Airport,RGN,29/07/2024 11:35,Suvarnabhumi Airport,BKK,29/07/2024 13:35,90,THAI,Economy,470,300,N/A,146,Y,Y,Y,1,7,2,23
Yangon International Airport,RGN,29/07/2024 19:00,Suvarnabhumi Airport,BKK,29/07/2024 21:00,90,THAI,Economy,800,635,TRUE,146,Y,Y,Y,1,7,2,23
Yangon International Airport,RGN,29/07/2024 11:35,Suvarnabhumi Airport,BKK,29/07/2024 13:35,90,THAI,Economy,390,225,N/A,242,Y,Y,Y,1,7,2,23
Yangon International Airport,RGN,29/07/2024 11:25,Guangzhou Baiyun International Airport,CAN,29/07/2024 16:15,200,China Southern,Economy,735,355,N/A,281,Y,Y,Y,1,8,1,23
Yangon International Airport,RGN,29/07/2024 10:35,Singapore Changi Airport,SIN,29/07/2024 15:20,195,Singapore Airlines,Economy,385,70,N/A,485,Y,Y,Y,1,7,1,23
Yangon International Airport,RGN,29/07/2024 19:00,Suvarnabhumi Airport,BKK,29/07/2024 21:00,90,THAI,Economy,840,675,TRUE,242,Y,Y,Y,1,7,2,23
Yangon International Airport,RGN,29/07/2024 15:10,Kunming Changshui International Airport,KMG,29/07/2024 18:40,120,China Eastern,Economy,1345,1045,TRUE,301,Y,Y,Y,1,8,2,23
Yangon International Airport,RGN,29/07/2024 11:25,Kuala Lumpur International Airport,KUL,29/07/2024 15:50,175,Malaysia Airlines,Economy,1325,1030,TRUE,308,Y,Y,Y,1,7,1,23
Yangon International Airport,RGN,30/07/2024 11:35,Suvarnabhumi Airport,BKK,30/07/2024 13:35,90,THAI,Economy,470,300,N/A,146,Y,Y,Y,1,7,2,23
Yangon International Airport,RGN,30/07/2024 19:00,Suvarnabhumi Airport,BKK,30/07/2024 21:00,90,THAI,Economy,800,635,TRUE,146,Y,Y,Y,1,7,2,23
Yangon International Airport,RGN,30/07/2024 11:35,Suvarnabhumi Airport,BKK,30/07/2024 13:35,90,THAI,Economy,390,225,N/A,242,Y,Y,Y,1,7,2,23
Yangon International Airport,RGN,30/07/2024 10:35,Singapore Changi Airport,SIN,30/07/2024 15:20,195,Singapore Airlines,Economy,385,70,N/A,485,Y,Y,Y,1,7,1,23
Yangon International Airport,RGN,30/07/2024 19:00,Suvarnabhumi Airport,BKK,30/07/2024 21:00,90,THAI,Economy,840,675,TRUE,242,Y,Y,Y,1,7,2,23
Yangon International Airport,RGN,30/07/2024 15:10,Kunming Changshui International Airport,KMG,30/07/2024 18:40,120,China Eastern,Economy,1275,980,TRUE,301,Y,Y,Y,1,8,2,23
Yangon International Airport,RGN,30/07/2024 11:25,Kuala Lumpur International Airport,KUL,30/07/2024 15:50,175,Malaysia Airlines,Economy,1325,1030,TRUE,308,Y,Y,Y,1,7,1,23
Yangon International Airport,RGN,30/07/2024 10:35,Taiwan Taoyuan International Airport,TPE,30/07/2024 16:10,245,China Airlines,Economy,1365,910,TRUE,766,Y,Y,Y,1,7,2,23
Yangon International Airport,RGN,31/07/2024 11:35,Suvarnabhumi Airport,BKK,31/07/2024 13:35,90,THAI,Economy,470,300,N/A,146,Y,Y,Y,1,7,2,23
Yangon International Airport,RGN,31/07/2024 19:00,Suvarnabhumi Airport,BKK,31/07/2024 21:00,90,THAI,Economy,800,635,TRUE,146,Y,Y,Y,1,7,2,23
Yangon International Airport,RGN,31/07/2024 11:35,Suvarnabhumi Airport,BKK,31/07/2024 13:35,90,THAI,Economy,390,225,N/A,242,Y,Y,Y,1,7,2,23
Yangon International Airport,RGN,31/07/2024 10:35,Singapore Changi Airport,SIN,31/07/2024 15:20,195,Singapore Airlines,Economy,375,70,N/A,485,Y,Y,Y,1,7,1,23
Yangon International Airport,RGN,31/07/2024 16:30,Phnom Penh International Airport,PNH,31/07/2024 19:00,120,MAI,Economy,120,N/A,N/A,N/A,Y,Y,Y,1,7,1,30
Yangon International Airport,RGN,31/07/2024 19:00,Suvarnabhumi Airport,BKK,31/07/2024 21:00,90,THAI,Economy,840,675,TRUE,242,Y,Y,Y,1,7,2,23
Yangon International Airport,RGN,31/07/2024 11:25,Guangzhou Baiyun International Airport,CAN,31/07/2024 16:15,200,China Southern,Economy,735,355,N/A,281,Y,Y,Y,1,8,1,23
Yangon International Airport,RGN,31/07/2024 15:10,Kunming Changshui International Airport,KMG,31/07/2024 18:40,120,China Eastern,Economy,1345,1045,TRUE,301,Y,Y,Y,1,8,2,23
Yangon International Airport,RGN,31/07/2024 11:25,Kuala Lumpur International Airport,KUL,31/07/2024 15:50,175,Malaysia Airlines,Economy,1325,1030,TRUE,308,Y,Y,Y,1,7,1,23
Yangon International Airport,RGN,01/08/2024 11:25,Suvarnabhumi Airport,BKK,01/08/2024 13:25,90,THAI,Economy,480,310,N/A,129,Y,Y,Y,1,7,2,23
Yangon International Airport,RGN,01/08/2024 6:50,Kuala Lumpur International Airport,KUL,01/08/2024 11:05,165,MAI,Economy,605,325,N/A,134,Y,Y,Y,1,7,1,30
Yangon International Airport,RGN,01/08/2024 11:25,Suvarnabhumi Airport,BKK,01/08/2024 13:25,90,THAI,Economy,400,235,N/A,197,Y,Y,Y,1,7,2,23
Yangon International Airport,RGN,01/08/2024 11:25,Kuala Lumpur International Airport,KUL,01/08/2024 15:50,175,Malaysia Airlines,Economy,1325,1030,TRUE,176,Y,Y,Y,1,7,1,23
Yangon International Airport,RGN,01/08/2024 15:10,Kunming Changshui International Airport,KMG,01/08/2024 18:40,120,China Eastern,Economy,1275,980,TRUE,245,Y,Y,Y,1,8,2,23
Yangon International Airport,RGN,01/08/2024 19:00,Suvarnabhumi Airport,BKK,01/08/2024 21:00,90,THAI,Economy,800,635,TRUE,259,Y,Y,Y,1,7,2,23
Yangon International Airport,RGN,01/08/2024 19:00,Suvarnabhumi Airport,BKK,01/08/2024 21:00,90,THAI,Economy,840,675,TRUE,354,Y,Y,Y,1,7,2,23
Yangon International Airport,RGN,01/08/2024 10:35,Singapore Changi Airport,SIN,01/08/2024 15:20,195,Singapore Airlines,Economy,1295,980,TRUE,517,Y,Y,Y,1,7,1,23
Yangon International Airport,RGN,01/08/2024 10:35,Singapore Changi Airport,SIN,01/08/2024 15:20,195,Singapore Airlines,Economy,385,70,N/A,576,Y,Y,Y,1,7,1,23
Yangon International Airport,RGN,02/08/2024 11:25,Suvarnabhumi Airport,BKK,02/08/2024 13:25,90,THAI,Economy,480,310,N/A,129,Y,Y,Y,1,7,2,23
Yangon International Airport,RGN,02/08/2024 19:00,Suvarnabhumi Airport,BKK,02/08/2024 21:00,90,THAI,Economy,800,635,TRUE,129,Y,Y,Y,1,7,2,23
Yangon International Airport,RGN,02/08/2024 6:50,Kuala Lumpur International Airport,KUL,02/08/2024 11:05,165,MAI,Economy,605,325,N/A,134,Y,Y,Y,1,7,1,30
Yangon International Airport,RGN,02/08/2024 11:25,Suvarnabhumi Airport,BKK,02/08/2024 13:25,90,THAI,Economy,400,235,N/A,197,Y,Y,Y,1,7,2,23
Yangon International Airport,RGN,02/08/2024 11:25,Kuala Lumpur International Airport,KUL,02/08/2024 15:50,175,Malaysia Airlines,Economy,1325,1030,TRUE,176,Y,Y,Y,1,7,1,23
Yangon International Airport,RGN,02/08/2024 19:00,Suvarnabhumi Airport,BKK,02/08/2024 21:00,90,THAI,Economy,840,675,TRUE,197,Y,Y,Y,1,7,2,23
Yangon International Airport,RGN,02/08/2024 11:25,Guangzhou Baiyun International Airport,CAN,02/08/2024 16:15,200,China Southern,Economy,735,355,N/A,220,Y,Y,Y,1,8,1,23
Yangon International Airport,RGN,02/08/2024 10:35,Singapore Changi Airport,SIN,02/08/2024 15:20,195,Singapore Airlines,Economy,385,70,N/A,517,Y,Y,Y,1,7,1,23
Yangon International Airport,RGN,02/08/2024 16:30,Phnom Penh International Airport,PNH,02/08/2024 19:00,120,MAI,Economy,120,N/A,N/A,N/A,Y,Y,Y,1,7,1,30
Yangon International Airport,RGN,03/08/2024 11:25,Suvarnabhumi Airport,BKK,03/08/2024 13:25,90,THAI,Economy,480,310,N/A,129,Y,Y,Y,1,7,2,23
Yangon International Airport,RGN,03/08/2024 19:00,Suvarnabhumi Airport,BKK,03/08/2024 21:00,90,THAI,Economy,800,635,TRUE,129,Y,Y,Y,1,7,2,23
Yangon International Airport,RGN,03/08/2024 6:50,Kuala Lumpur International Airport,KUL,03/08/2024 11:05,165,MAI,Economy,605,325,N/A,134,Y,Y,Y,1,7,1,30
Yangon International Airport,RGN,03/08/2024 11:25,Suvarnabhumi Airport,BKK,03/08/2024 13:25,90,THAI,Economy,400,235,N/A,197,Y,Y,Y,1,7,2,23
Yangon International Airport,RGN,03/08/2024 11:25,Guangzhou Baiyun International Airport,CAN,03/08/2024 16:00,185,China Southern,Economy,735,370,N/A,220,Y,Y,Y,1,8,1,23
Yangon International Airport,RGN,03/08/2024 11:25,Kuala Lumpur International Airport,KUL,03/08/2024 15:50,175,Malaysia Airlines,Economy,1325,1030,TRUE,176,Y,Y,Y,1,7,1,23
Yangon International Airport,RGN,03/08/2024 19:00,Suvarnabhumi Airport,BKK,03/08/2024 21:00,90,THAI,Economy,840,675,TRUE,197,Y,Y,Y,1,7,2,23
Yangon International Airport,RGN,03/08/2024 15:10,Kunming Changshui International Airport,KMG,03/08/2024 18:40,120,China Eastern,Economy,1275,975,TRUE,245,Y,Y,Y,1,8,2,23
Yangon International Airport,RGN,03/08/2024 10:35,Singapore Changi Airport,SIN,03/08/2024 15:20,195,Singapore Airlines,Economy,375,70,N/A,517,Y,Y,Y,1,7,1,23
Yangon International Airport,RGN,04/08/2024 11:25,Suvarnabhumi Airport,BKK,04/08/2024 13:25,90,THAI,Economy,480,310,N/A,129,Y,Y,Y,1,7,2,23
Yangon International Airport,RGN,04/08/2024 6:50,Kuala Lumpur International Airport,KUL,04/08/2024 11:05,165,MAI,Economy,605,325,N/A,134,Y,Y,Y,1,7,1,30
Yangon International Airport,RGN,04/08/2024 11:25,Suvarnabhumi Airport,BKK,04/08/2024 13:25,90,THAI,Economy,400,235,N/A,197,Y,Y,Y,1,7,2,23
Yangon International Airport,RGN,04/08/2024 19:00,Suvarnabhumi Airport,BKK,04/08/2024 21:00,90,THAI,Economy,800,635,TRUE,129,Y,Y,Y,1,7,2,23
Yangon International Airport,RGN,04/08/2024 11:25,Kuala Lumpur International Airport,KUL,04/08/2024 15:50,175,Malaysia Airlines,Economy,1325,1030,TRUE,176,Y,Y,Y,1,7,1,23
Yangon International Airport,RGN,04/08/2024 19:00,Suvarnabhumi Airport,BKK,04/08/2024 21:00,90,THAI,Economy,840,675,TRUE,197,Y,Y,Y,1,7,2,23
Yangon International Airport,RGN,04/08/2024 15:10,Kunming Changshui International Airport,KMG,04/08/2024 18:40,120,China Eastern,Economy,1275,980,TRUE,245,Y,Y,Y,1,8,2,23
Yangon International Airport,RGN,04/08/2024 10:35,Singapore Changi Airport,SIN,04/08/2024 15:20,195,Singapore Airlines,Economy,375,70,N/A,517,Y,Y,Y,1,7,1,23
Yangon International Airport,RGN,04/08/2024 16:30,Phnom Penh International Airport,PNH,04/08/2024 19:00,120,MAI,Economy,120,N/A,N/A,N/A,Y,Y,Y,1,7,1,30
Yangon International Airport,RGN,05/08/2024 11:25,Suvarnabhumi Airport,BKK,05/08/2024 13:25,90,THAI,Economy,480,310,N/A,129,Y,Y,Y,1,7,2,23
Yangon International Airport,RGN,05/08/2024 19:00,Suvarnabhumi Airport,BKK,05/08/2024 21:00,90,THAI,Economy,800,635,TRUE,129,Y,Y,Y,1,7,2,23
Yangon International Airport,RGN,05/08/2024 6:50,Kuala Lumpur International Airport,KUL,05/08/2024 11:05,165,MAI,Economy,605,325,N/A,134,Y,Y,Y,1,7,1,30
Yangon International Airport,RGN,05/08/2024 11:25,Suvarnabhumi Airport,BKK,05/08/2024 13:25,90,THAI,Economy,400,235,N/A,197,Y,Y,Y,1,7,2,23
Yangon International Airport,RGN,05/08/2024 19:00,Suvarnabhumi Airport,BKK,05/08/2024 21:00,90,THAI,Economy,840,675,TRUE,197,Y,Y,Y,1,7,2,23
Yangon International Airport,RGN,05/08/2024 11:25,Guangzhou Baiyun International Airport,CAN,05/08/2024 16:15,200,China Southern,Economy,735,355,N/A,220,Y,Y,Y,1,8,1,23
Yangon International Airport,RGN,05/08/2024 10:35,Singapore Changi Airport,SIN,05/08/2024 15:20,195,Singapore Airlines,Economy,385,70,N/A,517,Y,Y,Y,1,7,1,23
Yangon International Airport,RGN,06/08/2024 11:25,Suvarnabhumi Airport,BKK,06/08/2024 13:25,90,THAI,Economy,480,310,N/A,129,Y,Y,Y,1,7,2,23
Yangon International Airport,RGN,06/08/2024 19:00,Suvarnabhumi Airport,BKK,06/08/2024 21:00,90,THAI,Economy,800,635,TRUE,129,Y,Y,Y,1,7,2,23
Yangon International Airport,RGN,06/08/2024 6:50,Kuala Lumpur International Airport,KUL,06/08/2024 11:05,165,MAI,Economy,605,325,N/A,159,Y,Y,Y,1,7,1,30
Yangon International Airport,RGN,06/08/2024 11:25,Suvarnabhumi Airport,BKK,06/08/2024 13:25,90,THAI,Economy,400,235,N/A,197,Y,Y,Y,1,7,2,23
Yangon International Airport,RGN,06/08/2024 11:25,Kuala Lumpur International Airport,KUL,06/08/2024 15:50,175,Malaysia Airlines,Economy,1325,1030,TRUE,176,Y,Y,Y,1,7,1,23
Yangon International Airport,RGN,06/08/2024 19:00,Suvarnabhumi Airport,BKK,06/08/2024 21:00,90,THAI,Economy,840,675,TRUE,197,Y,Y,Y,1,7,2,23
Yangon International Airport,RGN,06/08/2024 15:10,Kunming Changshui International Airport,KMG,06/08/2024 18:40,120,China Eastern,Economy,1275,980,TRUE,245,Y,Y,Y,1,8,2,23
Yangon International Airport,RGN,06/08/2024 10:35,Singapore Changi Airport,SIN,06/08/2024 15:20,195,Singapore Airlines,Economy,385,70,N/A,517,Y,Y,Y,1,7,1,23
Yangon International Airport,RGN,07/08/2024 11:25,Suvarnabhumi Airport,BKK,07/08/2024 13:25,90,THAI,Economy,480,310,N/A,129,Y,Y,Y,1,7,2,23
Yangon International Airport,RGN,07/08/2024 19:00,Suvarnabhumi Airport,BKK,07/08/2024 21:00,90,THAI,Economy,800,635,TRUE,129,Y,Y,Y,1,7,2,23
Yangon International Airport,RGN,07/08/2024 6:50,Kuala Lumpur International Airport,KUL,07/08/2024 11:05,165,MAI,Economy,605,325,N/A,134,Y,Y,Y,1,7,1,30
Yangon International Airport,RGN,07/08/2024 11:25,Suvarnabhumi Airport,BKK,07/08/2024 13:25,90,THAI,Economy,400,235,N/A,197,Y,Y,Y,1,7,2,23
Yangon International Airport,RGN,07/08/2024 11:25,Kuala Lumpur International Airport,KUL,07/08/2024 15:50,175,Malaysia Airlines,Economy,1325,1030,TRUE,176,Y,Y,Y,1,7,1,23
Yangon International Airport,RGN,07/08/2024 19:00,Suvarnabhumi Airport,BKK,07/08/2024 21:00,90,THAI,Economy,840,675,TRUE,197,Y,Y,Y,1,7,2,23
Yangon International Airport,RGN,07/08/2024 11:25,Guangzhou Baiyun International Airport,CAN,07/08/2024 16:15,200,China Southern,Economy,735,355,N/A,220,Y,Y,Y,1,8,1,23
Yangon International Airport,RGN,07/08/2024 10:35,Singapore Changi Airport,SIN,07/08/2024 15:20,195,Singapore Airlines,Economy,375,70,N/A,517,Y,Y,Y,1,7,1,23
Yangon International Airport,RGN,07/08/2024 16:30,Phnom Penh International Airport,PNH,07/08/2024 19:00,120,MAI,Economy,120,N/A,N/A,N/A,Y,Y,Y,1,7,1,30
Yangon International Airport,RGN,08/08/2024 11:25,Suvarnabhumi Airport,BKK,08/08/2024 13:25,90,THAI,Economy,480,310,N/A,129,Y,Y,Y,1,7,2,23
Yangon International Airport,RGN,08/08/2024 6:50,Kuala Lumpur International Airport,KUL,08/08/2024 11:05,165,MAI,Economy,605,325,N/A,134,Y,Y,Y,1,7,1,30
Yangon International Airport,RGN,08/08/2024 11:25,Suvarnabhumi Airport,BKK,08/08/2024 13:25,90,THAI,Economy,400,235,N/A,197,Y,Y,Y,1,7,2,23
Yangon International Airport,RGN,08/08/2024 11:25,Kuala Lumpur International Airport,KUL,08/08/2024 15:50,175,Malaysia Airlines,Economy,1325,1030,TRUE,176,Y,Y,Y,1,7,1,23
Yangon International Airport,RGN,08/08/2024 15:10,Kunming Changshui International Airport,KMG,08/08/2024 18:40,120,China Eastern,Economy,1275,980,TRUE,245,Y,Y,Y,1,8,2,23
Yangon International Airport,RGN,08/08/2024 19:00,Suvarnabhumi Airport,BKK,08/08/2024 21:00,90,THAI,Economy,800,635,TRUE,259,Y,Y,Y,1,7,2,23
Yangon International Airport,RGN,08/08/2024 19:00,Suvarnabhumi Airport,BKK,08/08/2024 21:00,90,THAI,Economy,840,675,TRUE,354,Y,Y,Y,1,7,2,23
Yangon International Airport,RGN,08/08/2024 10:35,Singapore Changi Airport,SIN,08/08/2024 15:20,195,Singapore Airlines,Economy,1295,980,TRUE,517,Y,Y,Y,1,7,1,23
Yangon International Airport,RGN,08/08/2024 10:35,Singapore Changi Airport,SIN,08/08/2024 15:20,195,Singapore Airlines,Economy,385,70,N/A,576,Y,Y,Y,1,7,1,23
Yangon International Airport,RGN,09/08/2024 11:25,Suvarnabhumi Airport,BKK,09/08/2024 13:25,90,THAI,Economy,480,310,N/A,129,Y,Y,Y,1,7,2,23
Yangon International Airport,RGN,09/08/2024 19:00,Suvarnabhumi Airport,BKK,09/08/2024 21:00,90,THAI,Economy,800,635,TRUE,129,Y,Y,Y,1,7,2,23
Yangon International Airport,RGN,09/08/2024 6:50,Kuala Lumpur International Airport,KUL,09/08/2024 11:05,165,MAI,Economy,605,325,N/A,134,Y,Y,Y,1,7,1,30
Yangon International Airport,RGN,09/08/2024 11:25,Suvarnabhumi Airport,BKK,09/08/2024 13:25,90,THAI,Economy,400,235,N/A,197,Y,Y,Y,1,7,2,23
Yangon International Airport,RGN,09/08/2024 11:25,Kuala Lumpur International Airport,KUL,09/08/2024 15:50,175,Malaysia Airlines,Economy,1325,1030,TRUE,176,Y,Y,Y,1,7,1,23
Yangon International Airport,RGN,09/08/2024 19:00,Suvarnabhumi Airport,BKK,09/08/2024 21:00,90,THAI,Economy,840,675,TRUE,197,Y,Y,Y,1,7,2,23
Yangon International Airport,RGN,09/08/2024 11:25,Guangzhou Baiyun International Airport,CAN,09/08/2024 16:15,200,China Southern,Economy,735,355,N/A,252,Y,Y,Y,1,8,1,23
Yangon International Airport,RGN,09/08/2024 10:35,Singapore Changi Airport,SIN,09/08/2024 15:20,195,Singapore Airlines,Economy,385,70,N/A,517,Y,Y,Y,1,7,1,23
Yangon International Airport,RGN,09/08/2024 16:30,Phnom Penh International Airport,PNH,09/08/2024 19:00,120,MAI,Economy,120,N/A,N/A,N/A,Y,Y,Y,1,7,1,30
Yangon International Airport,RGN,10/08/2024 11:25,Suvarnabhumi Airport,BKK,10/08/2024 13:25,90,THAI,Economy,480,310,N/A,129,Y,Y,Y,1,7,2,23
Yangon International Airport,RGN,10/08/2024 19:00,Suvarnabhumi Airport,BKK,10/08/2024 21:00,90,THAI,Economy,800,635,TRUE,129,Y,Y,Y,1,7,2,23
Yangon International Airport,RGN,10/08/2024 6:50,Kuala Lumpur International Airport,KUL,10/08/2024 11:05,165,MAI,Economy,605,325,N/A,134,Y,Y,Y,1,7,1,30
Yangon International Airport,RGN,10/08/2024 11:25,Suvarnabhumi Airport,BKK,10/08/2024 13:25,90,THAI,Economy,400,235,N/A,197,Y,Y,Y,1,7,2,23
Yangon International Airport,RGN,10/08/2024 11:25,Guangzhou Baiyun International Airport,CAN,10/08/2024 16:00,185,China Southern,Economy,735,370,N/A,198,Y,Y,Y,1,8,1,23
Yangon International Airport,RGN,10/08/2024 11:25,Kuala Lumpur International Airport,KUL,10/08/2024 15:50,175,Malaysia Airlines,Economy,1325,1030,TRUE,176,Y,Y,Y,1,7,1,23
Yangon International Airport,RGN,10/08/2024 19:00,Suvarnabhumi Airport,BKK,10/08/2024 21:00,90,THAI,Economy,840,675,TRUE,197,Y,Y,Y,1,7,2,23
Yangon International Airport,RGN,10/08/2024 15:10,Kunming Changshui International Airport,KMG,10/08/2024 18:40,120,China Eastern,Economy,1275,975,TRUE,245,Y,Y,Y,1,8,2,23
Yangon International Airport,RGN,10/08/2024 10:35,Singapore Changi Airport,SIN,10/08/2024 15:20,195,Singapore Airlines,Economy,375,70,N/A,517,Y,Y,Y,1,7,1,23
Yangon International Airport,RGN,11/08/2024 11:25,Suvarnabhumi Airport,BKK,11/08/2024 13:25,90,THAI,Economy,480,310,N/A,129,Y,Y,Y,1,7,2,23
Yangon International Airport,RGN,11/08/2024 6:50,Kuala Lumpur International Airport,KUL,11/08/2024 11:05,165,MAI,Economy,605,325,N/A,134,Y,Y,Y,1,7,1,30
Yangon International Airport,RGN,11/08/2024 11:25,Suvarnabhumi Airport,BKK,11/08/2024 13:25,90,THAI,Economy,400,235,N/A,197,Y,Y,Y,1,7,2,23
Yangon International Airport,RGN,11/08/2024 19:00,Suvarnabhumi Airport,BKK,11/08/2024 21:00,90,THAI,Economy,800,635,TRUE,129,Y,Y,Y,1,7,2,23
Yangon International Airport,RGN,11/08/2024 11:25,Kuala Lumpur International Airport,KUL,11/08/2024 15:50,175,Malaysia Airlines,Economy,1325,1030,TRUE,176,Y,Y,Y,1,7,1,23
Yangon International Airport,RGN,11/08/2024 19:00,Suvarnabhumi Airport,BKK,11/08/2024 21:00,90,THAI,Economy,840,675,TRUE,197,Y,Y,Y,1,7,2,23
Yangon International Airport,RGN,11/08/2024 15:10,Kunming Changshui International Airport,KMG,11/08/2024 18:40,120,China Eastern,Economy,1275,980,TRUE,245,Y,Y,Y,1,8,2,23
Yangon International Airport,RGN,11/08/2024 10:35,Singapore Changi Airport,SIN,11/08/2024 15:20,195,Singapore Airlines,Economy,375,70,N/A,517,Y,Y,Y,1,7,1,23
Yangon International Airport,RGN,11/08/2024 16:30,Phnom Penh International Airport,PNH,11/08/2024 19:00,120,MAI,Economy,120,N/A,N/A,N/A,Y,Y,Y,1,7,1,30
Yangon International Airport,RGN,12/08/2024 11:25,Suvarnabhumi Airport,BKK,12/08/2024 13:25,90,THAI,Economy,480,310,N/A,129,Y,Y,Y,1,7,2,23
Yangon International Airport,RGN,12/08/2024 19:00,Suvarnabhumi Airport,BKK,12/08/2024 21:00,90,THAI,Economy,800,635,TRUE,129,Y,Y,Y,1,7,2,23
Yangon International Airport,RGN,12/08/2024 6:50,Kuala Lumpur International Airport,KUL,12/08/2024 11:05,165,MAI,Economy,605,325,N/A,134,Y,Y,Y,1,7,1,30
Yangon International Airport,RGN,12/08/2024 11:25,Suvarnabhumi Airport,BKK,12/08/2024 13:25,90,THAI,Economy,400,235,N/A,197,Y,Y,Y,1,7,2,23
Yangon International Airport,RGN,12/08/2024 11:25,Guangzhou Baiyun International Airport,CAN,12/08/2024 16:15,200,China Southern,Economy,735,355,N/A,198,Y,Y,Y,1,8,1,23
Yangon International Airport,RGN,12/08/2024 11:25,Kuala Lumpur International Airport,KUL,12/08/2024 15:50,175,Malaysia Airlines,Economy,1325,1030,TRUE,176,Y,Y,Y,1,7,1,23
Yangon International Airport,RGN,12/08/2024 19:00,Suvarnabhumi Airport,BKK,12/08/2024 21:00,90,THAI,Economy,840,675,TRUE,197,Y,Y,Y,1,7,2,23
Yangon International Airport,RGN,12/08/2024 10:35,Singapore Changi Airport,SIN,12/08/2024 15:20,195,Singapore Airlines,Economy,385,70,N/A,517,Y,Y,Y,1,7,1,23
Yangon International Airport,RGN,13/08/2024 11:25,Suvarnabhumi Airport,BKK,13/08/2024 13:25,90,THAI,Economy,480,310,N/A,129,Y,Y,Y,1,7,2,23
Yangon International Airport,RGN,13/08/2024 19:00,Suvarnabhumi Airport,BKK,13/08/2024 21:00,90,THAI,Economy,800,635,TRUE,129,Y,Y,Y,1,7,2,23
Yangon International Airport,RGN,13/08/2024 6:50,Kuala Lumpur International Airport,KUL,13/08/2024 11:05,165,MAI,Economy,605,325,N/A,134,Y,Y,Y,1,7,1,30
Yangon International Airport,RGN,13/08/2024 11:25,Suvarnabhumi Airport,BKK,13/08/2024 13:25,90,THAI,Economy,400,235,N/A,197,Y,Y,Y,1,7,2,23
Yangon International Airport,RGN,13/08/2024 11:25,Kuala Lumpur International Airport,KUL,13/08/2024 15:50,175,Malaysia Airlines,Economy,1325,1030,TRUE,176,Y,Y,Y,1,7,1,23
Yangon International Airport,RGN,13/08/2024 19:00,Suvarnabhumi Airport,BKK,13/08/2024 21:00,90,THAI,Economy,840,675,TRUE,197,Y,Y,Y,1,7,2,23
Yangon International Airport,RGN,13/08/2024 15:10,Kunming Changshui International Airport,KMG,13/08/2024 18:40,120,China Eastern,Economy,1275,980,TRUE,245,Y,Y,Y,1,8,2,23
Yangon International Airport,RGN,13/08/2024 10:35,Singapore Changi Airport,SIN,13/08/2024 15:20,195,Singapore Airlines,Economy,385,70,N/A,517,Y,Y,Y,1,7,1,23
Yangon International Airport,RGN,14/08/2024 11:25,Suvarnabhumi Airport,BKK,14/08/2024 13:25,90,THAI,Economy,480,310,N/A,129,Y,Y,Y,1,7,2,23
Yangon International Airport,RGN,14/08/2024 19:00,Suvarnabhumi Airport,BKK,14/08/2024 21:00,90,THAI,Economy,800,635,TRUE,129,Y,Y,Y,1,7,2,23
Yangon International Airport,RGN,14/08/2024 6:50,Kuala Lumpur International Airport,KUL,14/08/2024 11:05,165,MAI,Economy,605,325,N/A,134,Y,Y,Y,1,7,1,30
Yangon International Airport,RGN,14/08/2024 11:25,Suvarnabhumi Airport,BKK,14/08/2024 13:25,90,THAI,Economy,400,235,N/A,197,Y,Y,Y,1,7,2,23
Yangon International Airport,RGN,14/08/2024 11:25,Kuala Lumpur International Airport,KUL,14/08/2024 15:50,175,Malaysia Airlines,Economy,1325,1030,TRUE,176,Y,Y,Y,1,7,1,23
Yangon International Airport,RGN,14/08/2024 19:00,Suvarnabhumi Airport,BKK,14/08/2024 21:00,90,THAI,Economy,840,675,TRUE,197,Y,Y,Y,1,7,2,23
Yangon International Airport,RGN,14/08/2024 11:25,Guangzhou Baiyun International Airport,CAN,14/08/2024 16:15,200,China Southern,Economy,735,355,N/A,198,Y,Y,Y,1,8,1,23
Yangon International Airport,RGN,14/08/2024 10:35,Singapore Changi Airport,SIN,14/08/2024 15:20,195,Singapore Airlines,Economy,375,70,N/A,517,Y,Y,Y,1,7,1,23
Yangon International Airport,RGN,14/08/2024 16:30,Phnom Penh International Airport,PNH,14/08/2024 19:00,120,MAI,Economy,120,N/A,N/A,N/A,Y,Y,Y,1,7,1,30
Yangon International Airport,RGN,15/08/2024 11:25,Suvarnabhumi Airport,BKK,15/08/2024 13:25,90,THAI,Economy,480,310,N/A,129,Y,Y,Y,1,7,2,23
Yangon International Airport,RGN,15/08/2024 6:50,Kuala Lumpur International Airport,KUL,15/08/2024 11:05,165,MAI,Economy,605,325,N/A,134,Y,Y,Y,1,7,1,30
Yangon International Airport,RGN,15/08/2024 11:25,Suvarnabhumi Airport,BKK,15/08/2024 13:25,90,THAI,Economy,400,235,N/A,197,Y,Y,Y,1,7,2,23
Yangon International Airport,RGN,15/08/2024 19:00,Suvarnabhumi Airport,BKK,15/08/2024 21:00,90,THAI,Economy,800,635,TRUE,129,Y,Y,Y,1,7,2,23
Yangon International Airport,RGN,15/08/2024 11:25,Kuala Lumpur International Airport,KUL,15/08/2024 15:50,175,Malaysia Airlines,Economy,1325,1030,TRUE,176,Y,Y,Y,1,7,1,23
Yangon International Airport,RGN,15/08/2024 19:00,Suvarnabhumi Airport,BKK,15/08/2024 21:00,90,THAI,Economy,840,675,TRUE,197,Y,Y,Y,1,7,2,23
Yangon International Airport,RGN,15/08/2024 15:10,Kunming Changshui International Airport,KMG,15/08/2024 18:40,120,China Eastern,Economy,1275,980,TRUE,245,Y,Y,Y,1,8,2,23
Yangon International Airport,RGN,15/08/2024 10:35,Singapore Changi Airport,SIN,15/08/2024 15:20,195,Singapore Airlines,Economy,1295,980,TRUE,465,Y,Y,Y,1,7,1,23
Yangon International Airport,RGN,15/08/2024 10:35,Singapore Changi Airport,SIN,15/08/2024 15:20,195,Singapore Airlines,Economy,385,70,N/A,517,Y,Y,Y,1,7,1,23
Yangon International Airport,RGN,16/08/2024 11:25,Suvarnabhumi Airport,BKK,16/08/2024 13:25,90,THAI,Economy,480,310,N/A,129,Y,Y,Y,1,7,2,23
Yangon International Airport,RGN,16/08/2024 19:00,Suvarnabhumi Airport,BKK,16/08/2024 21:00,90,THAI,Economy,800,635,TRUE,129,Y,Y,Y,1,7,2,23
Yangon International Airport,RGN,16/08/2024 6:50,Kuala Lumpur International Airport,KUL,16/08/2024 11:05,165,MAI,Economy,605,325,N/A,134,Y,Y,Y,1,7,1,30
Yangon International Airport,RGN,16/08/2024 11:25,Suvarnabhumi Airport,BKK,16/08/2024 13:25,90,THAI,Economy,400,235,N/A,197,Y,Y,Y,1,7,2,23
Yangon International Airport,RGN,16/08/2024 11:25,Kuala Lumpur International Airport,KUL,16/08/2024 15:50,175,Malaysia Airlines,Economy,1325,1030,TRUE,176,Y,Y,Y,1,7,1,23
Yangon International Airport,RGN,16/08/2024 19:00,Suvarnabhumi Airport,BKK,16/08/2024 21:00,90,THAI,Economy,840,675,TRUE,197,Y,Y,Y,1,7,2,23
Yangon International Airport,RGN,16/08/2024 11:25,Guangzhou Baiyun International Airport,CAN,16/08/2024 16:15,200,China Southern,Economy,735,355,N/A,198,Y,Y,Y,1,8,1,23
Yangon International Airport,RGN,16/08/2024 10:35,Singapore Changi Airport,SIN,16/08/2024 15:20,195,Singapore Airlines,Economy,385,70,N/A,465,Y,Y,Y,1,7,1,23
Yangon International Airport,RGN,16/08/2024 16:30,Phnom Penh International Airport,PNH,16/08/2024 19:00,120,MAI,Economy,120,N/A,N/A,N/A,Y,Y,Y,1,7,1,30
Yangon International Airport,RGN,17/08/2024 11:25,Suvarnabhumi Airport,BKK,17/08/2024 13:25,90,THAI,Economy,480,310,N/A,129,Y,Y,Y,1,7,2,23
Yangon International Airport,RGN,17/08/2024 19:00,Suvarnabhumi Airport,BKK,17/08/2024 21:00,90,THAI,Economy,800,635,TRUE,129,Y,Y,Y,1,7,2,23
Yangon International Airport,RGN,17/08/2024 6:50,Kuala Lumpur International Airport,KUL,17/08/2024 11:05,165,MAI,Economy,605,325,N/A,134,Y,Y,Y,1,7,1,30
Yangon International Airport,RGN,17/08/2024 11:25,Suvarnabhumi Airport,BKK,17/08/2024 13:25,90,THAI,Economy,400,235,N/A,197,Y,Y,Y,1,7,2,23
Yangon International Airport,RGN,17/08/2024 11:25,Guangzhou Baiyun International Airport,CAN,17/08/2024 16:00,185,China Southern,Economy,735,370,N/A,198,Y,Y,Y,1,8,1,23
Yangon International Airport,RGN,17/08/2024 11:25,Kuala Lumpur International Airport,KUL,17/08/2024 15:50,175,Malaysia Airlines,Economy,1325,1030,TRUE,176,Y,Y,Y,1,7,1,23
Yangon International Airport,RGN,17/08/2024 19:00,Suvarnabhumi Airport,BKK,17/08/2024 21:00,90,THAI,Economy,840,675,TRUE,197,Y,Y,Y,1,7,2,23
Yangon International Airport,RGN,17/08/2024 15:10,Kunming Changshui International Airport,KMG,17/08/2024 18:40,120,China Eastern,Economy,1275,975,TRUE,245,Y,Y,Y,1,8,2,23
Yangon International Airport,RGN,17/08/2024 10:35,Singapore Changi Airport,SIN,17/08/2024 15:20,195,Singapore Airlines,Economy,375,70,N/A,465,Y,Y,Y,1,7,1,23
Yangon International Airport,RGN,18/08/2024 11:25,Suvarnabhumi Airport,BKK,18/08/2024 13:25,90,THAI,Economy,480,310,N/A,129,Y,Y,Y,1,7,2,23
Yangon International Airport,RGN,18/08/2024 6:50,Kuala Lumpur International Airport,KUL,18/08/2024 11:05,165,MAI,Economy,605,325,N/A,134,Y,Y,Y,1,7,1,30
Yangon International Airport,RGN,18/08/2024 11:25,Suvarnabhumi Airport,BKK,18/08/2024 13:25,90,THAI,Economy,400,235,N/A,197,Y,Y,Y,1,7,2,23
Yangon International Airport,RGN,18/08/2024 19:00,Suvarnabhumi Airport,BKK,18/08/2024 21:00,90,THAI,Economy,800,635,TRUE,129,Y,Y,Y,1,7,2,23
Yangon International Airport,RGN,18/08/2024 11:25,Kuala Lumpur International Airport,KUL,18/08/2024 15:50,175,Malaysia Airlines,Economy,1325,1030,TRUE,176,Y,Y,Y,1,7,1,23
Yangon International Airport,RGN,18/08/2024 19:00,Suvarnabhumi Airport,BKK,18/08/2024 21:00,90,THAI,Economy,840,675,TRUE,197,Y,Y,Y,1,7,2,23
Yangon International Airport,RGN,18/08/2024 15:10,Kunming Changshui International Airport,KMG,18/08/2024 18:40,120,China Eastern,Economy,1275,980,TRUE,245,Y,Y,Y,1,8,2,23
Yangon International Airport,RGN,18/08/2024 10:35,Singapore Changi Airport,SIN,18/08/2024 15:20,195,Singapore Airlines,Economy,375,70,N/A,465,Y,Y,Y,1,7,1,23
Yangon International Airport,RGN,18/08/2024 16:30,Phnom Penh International Airport,PNH,18/08/2024 19:00,120,MAI,Economy,120,N/A,N/A,N/A,Y,Y,Y,1,7,1,30
Yangon International Airport,RGN,19/08/2024 11:25,Suvarnabhumi Airport,BKK,19/08/2024 13:25,90,THAI,Economy,480,310,N/A,129,Y,Y,Y,1,7,2,23
Yangon International Airport,RGN,19/08/2024 19:00,Suvarnabhumi Airport,BKK,19/08/2024 21:00,90,THAI,Economy,800,635,TRUE,129,Y,Y,Y,1,7,2,23
Yangon International Airport,RGN,19/08/2024 6:50,Kuala Lumpur International Airport,KUL,19/08/2024 11:05,165,MAI,Economy,605,325,N/A,134,Y,Y,Y,1,7,1,30
Yangon International Airport,RGN,19/08/2024 11:25,Suvarnabhumi Airport,BKK,19/08/2024 13:25,90,THAI,Economy,400,235,N/A,197,Y,Y,Y,1,7,2,23
Yangon International Airport,RGN,19/08/2024 11:25,Guangzhou Baiyun International Airport,CAN,19/08/2024 16:15,200,China Southern,Economy,735,355,N/A,198,Y,Y,Y,1,8,1,23
Yangon International Airport,RGN,19/08/2024 11:25,Kuala Lumpur International Airport,KUL,19/08/2024 15:50,175,Malaysia Airlines,Economy,1325,1030,TRUE,176,Y,Y,Y,1,7,1,23
Yangon International Airport,RGN,19/08/2024 19:00,Suvarnabhumi Airport,BKK,19/08/2024 21:00,90,THAI,Economy,840,675,TRUE,197,Y,Y,Y,1,7,2,23
Yangon International Airport,RGN,19/08/2024 10:35,Singapore Changi Airport,SIN,19/08/2024 15:20,195,Singapore Airlines,Economy,385,70,N/A,465,Y,Y,Y,1,7,1,23
Yangon International Airport,RGN,20/08/2024 11:25,Suvarnabhumi Airport,BKK,20/08/2024 13:25,90,THAI,Economy,480,310,N/A,129,Y,Y,Y,1,7,2,23
Yangon International Airport,RGN,20/08/2024 19:00,Suvarnabhumi Airport,BKK,20/08/2024 21:00,90,THAI,Economy,800,635,TRUE,129,Y,Y,Y,1,7,2,23
Yangon International Airport,RGN,20/08/2024 6:50,Kuala Lumpur International Airport,KUL,20/08/2024 11:05,165,MAI,Economy,605,325,N/A,134,Y,Y,Y,1,7,1,30
Yangon International Airport,RGN,20/08/2024 11:25,Suvarnabhumi Airport,BKK,20/08/2024 13:25,90,THAI,Economy,425,265,N/A,197,Y,Y,Y,1,7,2,23
Yangon International Airport,RGN,20/08/2024 11:25,Kuala Lumpur International Airport,KUL,20/08/2024 15:50,175,Malaysia Airlines,Economy,1325,1030,TRUE,176,Y,Y,Y,1,7,1,23
Yangon International Airport,RGN,20/08/2024 19:00,Suvarnabhumi Airport,BKK,20/08/2024 21:00,90,THAI,Economy,840,675,TRUE,197,Y,Y,Y,1,7,2,23
Yangon International Airport,RGN,20/08/2024 15:10,Kunming Changshui International Airport,KMG,20/08/2024 18:40,120,China Eastern,Economy,1275,980,TRUE,245,Y,Y,Y,1,8,2,23
Yangon International Airport,RGN,20/08/2024 10:35,Singapore Changi Airport,SIN,20/08/2024 15:20,195,Singapore Airlines,Economy,385,70,N/A,465,Y,Y,Y,1,7,1,23
Yangon International Airport,RGN,21/08/2024 11:25,Suvarnabhumi Airport,BKK,21/08/2024 13:25,90,THAI,Economy,480,310,N/A,129,Y,Y,Y,1,7,2,23
Yangon International Airport,RGN,21/08/2024 19:00,Suvarnabhumi Airport,BKK,21/08/2024 21:00,90,THAI,Economy,800,635,TRUE,129,Y,Y,Y,1,7,2,23
Yangon International Airport,RGN,21/08/2024 6:50,Kuala Lumpur International Airport,KUL,21/08/2024 11:05,165,MAI,Economy,605,325,N/A,134,Y,Y,Y,1,7,1,30
Yangon International Airport,RGN,21/08/2024 11:25,Suvarnabhumi Airport,BKK,21/08/2024 13:25,90,THAI,Economy,400,235,N/A,197,Y,Y,Y,1,7,2,23
Yangon International Airport,RGN,21/08/2024 11:25,Kuala Lumpur International Airport,KUL,21/08/2024 15:50,175,Malaysia Airlines,Economy,1325,1030,TRUE,176,Y,Y,Y,1,7,1,23
Yangon International Airport,RGN,21/08/2024 19:00,Suvarnabhumi Airport,BKK,21/08/2024 21:00,90,THAI,Economy,840,675,TRUE,197,Y,Y,Y,1,7,2,23
Yangon International Airport,RGN,21/08/2024 11:25,Guangzhou Baiyun International Airport,CAN,21/08/2024 16:15,200,China Southern,Economy,735,355,N/A,198,Y,Y,Y,1,8,1,23
Yangon International Airport,RGN,21/08/2024 10:35,Singapore Changi Airport,SIN,21/08/2024 15:20,195,Singapore Airlines,Economy,375,70,N/A,465,Y,Y,Y,1,7,1,23
Yangon International Airport,RGN,21/08/2024 16:30,Phnom Penh International Airport,PNH,21/08/2024 19:00,120,MAI,Economy,120,N/A,N/A,N/A,Y,Y,Y,1,7,1,30
Yangon International Airport,RGN,22/08/2024 11:25,Suvarnabhumi Airport,BKK,22/08/2024 13:25,90,THAI,Economy,480,310,N/A,129,Y,Y,Y,1,7,2,23
Yangon International Airport,RGN,22/08/2024 6:50,Kuala Lumpur International Airport,KUL,22/08/2024 11:05,165,MAI,Economy,605,325,N/A,134,Y,Y,Y,1,7,1,30
Yangon International Airport,RGN,22/08/2024 11:25,Suvarnabhumi Airport,BKK,22/08/2024 13:25,90,THAI,Economy,425,265,N/A,197,Y,Y,Y,1,7,2,23
Yangon International Airport,RGN,22/08/2024 19:00,Suvarnabhumi Airport,BKK,22/08/2024 21:00,90,THAI,Economy,800,635,TRUE,139,Y,Y,Y,1,7,2,23
Yangon International Airport,RGN,22/08/2024 11:25,Kuala Lumpur International Airport,KUL,22/08/2024 15:50,175,Malaysia Airlines,Economy,1325,1030,TRUE,176,Y,Y,Y,1,7,1,23
Yangon International Airport,RGN,22/08/2024 19:00,Suvarnabhumi Airport,BKK,22/08/2024 21:00,90,THAI,Economy,840,675,TRUE,208,Y,Y,Y,1,7,2,23
Yangon International Airport,RGN,22/08/2024 15:10,Kunming Changshui International Airport,KMG,22/08/2024 18:40,120,China Eastern,Economy,1275,980,TRUE,245,Y,Y,Y,1,8,2,23
Yangon International Airport,RGN,22/08/2024 10:35,Singapore Changi Airport,SIN,22/08/2024 15:20,195,Singapore Airlines,Economy,1295,980,TRUE,428,Y,Y,Y,1,7,1,23
Yangon International Airport,RGN,22/08/2024 10:35,Singapore Changi Airport,SIN,22/08/2024 15:20,195,Singapore Airlines,Economy,385,70,N/A,465,Y,Y,Y,1,7,1,23
Yangon International Airport,RGN,23/08/2024 11:25,Suvarnabhumi Airport,BKK,23/08/2024 13:25,90,THAI,Economy,480,310,N/A,129,Y,Y,Y,1,7,2,23
Yangon International Airport,RGN,23/08/2024 19:00,Suvarnabhumi Airport,BKK,23/08/2024 21:00,90,THAI,Economy,800,635,TRUE,129,Y,Y,Y,1,7,2,23
Yangon International Airport,RGN,23/08/2024 6:50,Kuala Lumpur International Airport,KUL,23/08/2024 11:05,165,MAI,Economy,605,325,N/A,134,Y,Y,Y,1,7,1,30
Yangon International Airport,RGN,23/08/2024 11:25,Suvarnabhumi Airport,BKK,23/08/2024 13:25,90,THAI,Economy,400,235,N/A,197,Y,Y,Y,1,7,2,23
Yangon International Airport,RGN,23/08/2024 11:25,Kuala Lumpur International Airport,KUL,23/08/2024 15:50,175,Malaysia Airlines,Economy,1325,1030,TRUE,176,Y,Y,Y,1,7,1,23
Yangon International Airport,RGN,23/08/2024 19:00,Suvarnabhumi Airport,BKK,23/08/2024 21:00,90,THAI,Economy,840,675,TRUE,197,Y,Y,Y,1,7,2,23
Yangon International Airport,RGN,23/08/2024 11:25,Guangzhou Baiyun International Airport,CAN,23/08/2024 16:15,200,China Southern,Economy,735,355,N/A,198,Y,Y,Y,1,8,1,23
Yangon International Airport,RGN,23/08/2024 10:35,Singapore Changi Airport,SIN,23/08/2024 15:20,195,Singapore Airlines,Economy,385,70,N/A,428,Y,Y,Y,1,7,1,23
Yangon International Airport,RGN,23/08/2024 16:30,Phnom Penh International Airport,PNH,23/08/2024 19:00,120,MAI,Economy,120,N/A,N/A,N/A,Y,Y,Y,1,7,1,30
Yangon International Airport,RGN,24/08/2024 11:25,Suvarnabhumi Airport,BKK,24/08/2024 13:25,90,THAI,Economy,480,310,N/A,129,Y,Y,Y,1,7,2,23
Yangon International Airport,RGN,24/08/2024 6:50,Kuala Lumpur International Airport,KUL,24/08/2024 11:05,165,MAI,Economy,605,325,N/A,134,Y,Y,Y,1,7,1,30
Yangon International Airport,RGN,24/08/2024 11:25,Suvarnabhumi Airport,BKK,24/08/2024 13:25,90,THAI,Economy,425,265,N/A,197,Y,Y,Y,1,7,2,23
Yangon International Airport,RGN,24/08/2024 19:00,Suvarnabhumi Airport,BKK,24/08/2024 21:00,90,THAI,Economy,800,635,TRUE,129,Y,Y,Y,1,7,2,23
Yangon International Airport,RGN,24/08/2024 11:25,Kuala Lumpur International Airport,KUL,24/08/2024 15:50,175,Malaysia Airlines,Economy,1325,1030,TRUE,176,Y,Y,Y,1,7,1,23
Yangon International Airport,RGN,24/08/2024 19:00,Suvarnabhumi Airport,BKK,24/08/2024 21:00,90,THAI,Economy,840,675,TRUE,197,Y,Y,Y,1,7,2,23
Yangon International Airport,RGN,24/08/2024 11:25,Guangzhou Baiyun International Airport,CAN,24/08/2024 16:00,185,China Southern,Economy,735,370,N/A,198,Y,Y,Y,1,8,1,23
Yangon International Airport,RGN,24/08/2024 15:10,Kunming Changshui International Airport,KMG,24/08/2024 18:40,120,China Eastern,Economy,1275,975,TRUE,245,Y,Y,Y,1,8,2,23
Yangon International Airport,RGN,24/08/2024 10:35,Singapore Changi Airport,SIN,24/08/2024 15:20,195,Singapore Airlines,Economy,375,70,N/A,428,Y,Y,Y,1,7,1,23
Yangon International Airport,RGN,25/08/2024 11:25,Suvarnabhumi Airport,BKK,25/08/2024 13:25,90,THAI,Economy,480,310,N/A,129,Y,Y,Y,1,7,2,23
Yangon International Airport,RGN,25/08/2024 19:00,Suvarnabhumi Airport,BKK,25/08/2024 21:00,90,THAI,Economy,800,635,TRUE,129,Y,Y,Y,1,7,2,23
Yangon International Airport,RGN,25/08/2024 6:50,Kuala Lumpur International Airport,KUL,25/08/2024 11:05,165,MAI,Economy,605,325,N/A,134,Y,Y,Y,1,7,1,30
Yangon International Airport,RGN,25/08/2024 11:25,Suvarnabhumi Airport,BKK,25/08/2024 13:25,90,THAI,Economy,400,235,N/A,197,Y,Y,Y,1,7,2,23
Yangon International Airport,RGN,25/08/2024 10:35,Singapore Changi Airport,SIN,25/08/2024 15:20,195,Singapore Airlines,Economy,375,70,N/A,428,Y,Y,Y,1,7,1,23
Yangon International Airport,RGN,25/08/2024 11:25,Kuala Lumpur International Airport,KUL,25/08/2024 15:50,175,Malaysia Airlines,Economy,1325,1030,TRUE,176,Y,Y,Y,1,7,1,23
Yangon International Airport,RGN,25/08/2024 19:00,Suvarnabhumi Airport,BKK,25/08/2024 21:00,90,THAI,Economy,840,675,TRUE,197,Y,Y,Y,1,7,2,23
Yangon International Airport,RGN,25/08/2024 15:10,Kunming Changshui International Airport,KMG,25/08/2024 18:40,120,China Eastern,Economy,1275,980,TRUE,245,Y,Y,Y,1,8,2,23
Yangon International Airport,RGN,25/08/2024 16:30,Phnom Penh International Airport,PNH,25/08/2024 19:00,120,MAI,Economy,120,N/A,N/A,N/A,Y,Y,Y,1,7,1,30
Yangon International Airport,RGN,26/08/2024 11:25,Suvarnabhumi Airport,BKK,26/08/2024 13:25,90,THAI,Economy,480,310,N/A,129,Y,Y,Y,1,7,2,23
Yangon International Airport,RGN,26/08/2024 6:50,Kuala Lumpur International Airport,KUL,26/08/2024 11:05,165,MAI,Economy,605,325,N/A,134,Y,Y,Y,1,7,1,30
Yangon International Airport,RGN,26/08/2024 11:25,Suvarnabhumi Airport,BKK,26/08/2024 13:25,90,THAI,Economy,400,235,N/A,197,Y,Y,Y,1,7,2,23
Yangon International Airport,RGN,26/08/2024 19:00,Suvarnabhumi Airport,BKK,26/08/2024 21:00,90,THAI,Economy,800,635,TRUE,129,Y,Y,Y,1,7,2,23
Yangon International Airport,RGN,26/08/2024 11:25,Kuala Lumpur International Airport,KUL,26/08/2024 15:50,175,Malaysia Airlines,Economy,1325,1030,TRUE,176,Y,Y,Y,1,7,1,23
Yangon International Airport,RGN,26/08/2024 19:00,Suvarnabhumi Airport,BKK,26/08/2024 21:00,90,THAI,Economy,840,675,TRUE,197,Y,Y,Y,1,7,2,23
Yangon International Airport,RGN,26/08/2024 11:25,Guangzhou Baiyun International Airport,CAN,26/08/2024 16:15,200,China Southern,Economy,735,355,N/A,198,Y,Y,Y,1,8,1,23
Yangon International Airport,RGN,26/08/2024 15:10,Kunming Changshui International Airport,KMG,26/08/2024 18:40,120,China Eastern,Economy,1345,1045,TRUE,245,Y,Y,Y,1,8,2,23
Yangon International Airport,RGN,26/08/2024 10:35,Singapore Changi Airport,SIN,26/08/2024 15:20,195,Singapore Airlines,Economy,385,70,N/A,395,Y,Y,Y,1,7,1,23
Yangon International Airport,RGN,27/08/2024 11:25,Suvarnabhumi Airport,BKK,27/08/2024 13:25,90,THAI,Economy,480,310,N/A,129,Y,Y,Y,1,7,2,23
Yangon International Airport,RGN,27/08/2024 19:00,Suvarnabhumi Airport,BKK,27/08/2024 21:00,90,THAI,Economy,800,635,TRUE,129,Y,Y,Y,1,7,2,23
Yangon International Airport,RGN,27/08/2024 6:50,Kuala Lumpur International Airport,KUL,27/08/2024 11:05,165,MAI,Economy,605,325,N/A,134,Y,Y,Y,1,7,1,30
Yangon International Airport,RGN,27/08/2024 11:25,Suvarnabhumi Airport,BKK,27/08/2024 13:25,90,THAI,Economy,400,235,N/A,197,Y,Y,Y,1,7,2,23
Yangon International Airport,RGN,27/08/2024 10:35,Singapore Changi Airport,SIN,27/08/2024 15:20,195,Singapore Airlines,Economy,385,70,N/A,395,Y,Y,Y,1,7,1,23
Yangon International Airport,RGN,27/08/2024 11:25,Kuala Lumpur International Airport,KUL,27/08/2024 15:50,175,Malaysia Airlines,Economy,1325,1030,TRUE,176,Y,Y,Y,1,7,1,23
Yangon International Airport,RGN,27/08/2024 19:00,Suvarnabhumi Airport,BKK,27/08/2024 21:00,90,THAI,Economy,840,675,TRUE,197,Y,Y,Y,1,7,2,23
Yangon International Airport,RGN,27/08/2024 15:10,Kunming Changshui International Airport,KMG,27/08/2024 18:40,120,China Eastern,Economy,1275,980,TRUE,245,Y,Y,Y,1,8,2,23
Yangon International Airport,RGN,28/08/2024 11:25,Suvarnabhumi Airport,BKK,28/08/2024 13:25,90,THAI,Economy,480,310,N/A,129,Y,Y,Y,1,7,2,23
Yangon International Airport,RGN,28/08/2024 19:00,Suvarnabhumi Airport,BKK,28/08/2024 21:00,90,THAI,Economy,800,635,TRUE,129,Y,Y,Y,1,7,2,23
Yangon International Airport,RGN,28/08/2024 6:50,Kuala Lumpur International Airport,KUL,28/08/2024 11:05,165,MAI,Economy,605,325,N/A,134,Y,Y,Y,1,7,1,30
Yangon International Airport,RGN,28/08/2024 11:25,Suvarnabhumi Airport,BKK,28/08/2024 13:25,90,THAI,Economy,400,235,N/A,197,Y,Y,Y,1,7,2,23
Yangon International Airport,RGN,28/08/2024 11:25,Kuala Lumpur International Airport,KUL,28/08/2024 15:50,175,Malaysia Airlines,Economy,1325,1030,TRUE,176,Y,Y,Y,1,7,1,23
Yangon International Airport,RGN,28/08/2024 19:00,Suvarnabhumi Airport,BKK,28/08/2024 21:00,90,THAI,Economy,840,675,TRUE,197,Y,Y,Y,1,7,2,23
Yangon International Airport,RGN,28/08/2024 11:25,Guangzhou Baiyun International Airport,CAN,28/08/2024 16:15,200,China Southern,Economy,735,355,N/A,198,Y,Y,Y,1,8,1,23
Yangon International Airport,RGN,28/08/2024 10:35,Singapore Changi Airport,SIN,28/08/2024 15:20,195,Singapore Airlines,Economy,375,70,N/A,428,Y,Y,Y,1,7,1,23
Yangon International Airport,RGN,28/08/2024 16:30,Phnom Penh International Airport,PNH,28/08/2024 19:00,120,MAI,Economy,120,N/A,N/A,N/A,Y,Y,Y,1,7,1,30
Yangon International Airport,RGN,29/08/2024 11:25,Suvarnabhumi Airport,BKK,29/08/2024 13:25,90,THAI,Economy,480,310,N/A,129,Y,Y,Y,1,7,2,23
Yangon International Airport,RGN,29/08/2024 19:00,Suvarnabhumi Airport,BKK,29/08/2024 21:00,90,THAI,Economy,800,635,TRUE,129,Y,Y,Y,1,7,2,23
Yangon International Airport,RGN,29/08/2024 6:50,Kuala Lumpur International Airport,KUL,29/08/2024 11:05,165,MAI,Economy,605,325,N/A,134,Y,Y,Y,1,7,1,30
Yangon International Airport,RGN,29/08/2024 11:25,Suvarnabhumi Airport,BKK,29/08/2024 13:25,90,THAI,Economy,400,235,N/A,197,Y,Y,Y,1,7,2,23
Yangon International Airport,RGN,29/08/2024 10:35,Singapore Changi Airport,SIN,29/08/2024 15:20,195,Singapore Airlines,Economy,385,70,N/A,428,Y,Y,Y,1,7,1,23
Yangon International Airport,RGN,29/08/2024 11:25,Kuala Lumpur International Airport,KUL,29/08/2024 15:50,175,Malaysia Airlines,Economy,1325,1030,TRUE,176,Y,Y,Y,1,7,1,23
Yangon International Airport,RGN,29/08/2024 19:00,Suvarnabhumi Airport,BKK,29/08/2024 21:00,90,THAI,Economy,840,675,TRUE,197,Y,Y,Y,1,7,2,23
Yangon International Airport,RGN,29/08/2024 15:10,Kunming Changshui International Airport,KMG,29/08/2024 18:40,120,China Eastern,Economy,1275,980,TRUE,245,Y,Y,Y,1,8,2,23
Yangon International Airport,RGN,30/08/2024 11:25,Suvarnabhumi Airport,BKK,30/08/2024 13:25,90,THAI,Economy,480,310,N/A,129,Y,Y,Y,1,7,2,23
Yangon International Airport,RGN,30/08/2024 19:00,Suvarnabhumi Airport,BKK,30/08/2024 21:00,90,THAI,Economy,800,635,TRUE,129,Y,Y,Y,1,7,2,23
Yangon International Airport,RGN,30/08/2024 6:50,Kuala Lumpur International Airport,KUL,30/08/2024 11:05,165,MAI,Economy,605,325,N/A,134,Y,Y,Y,1,7,1,30
Yangon International Airport,RGN,30/08/2024 11:25,Suvarnabhumi Airport,BKK,30/08/2024 13:25,90,THAI,Economy,400,235,N/A,197,Y,Y,Y,1,7,2,23
Yangon International Airport,RGN,30/08/2024 11:25,Kuala Lumpur International Airport,KUL,30/08/2024 15:50,175,Malaysia Airlines,Economy,1325,1030,TRUE,176,Y,Y,Y,1,7,1,23
Yangon International Airport,RGN,30/08/2024 19:00,Suvarnabhumi Airport,BKK,30/08/2024 21:00,90,THAI,Economy,840,675,TRUE,197,Y,Y,Y,1,7,2,23
Yangon International Airport,RGN,30/08/2024 11:25,Guangzhou Baiyun International Airport,CAN,30/08/2024 16:15,200,China Southern,Economy,735,355,N/A,198,Y,Y,Y,1,8,1,23
Yangon International Airport,RGN,30/08/2024 10:35,Singapore Changi Airport,SIN,30/08/2024 15:20,195,Singapore Airlines,Economy,385,70,N/A,428,Y,Y,Y,1,7,1,23
Yangon International Airport,RGN,30/08/2024 16:30,Phnom Penh International Airport,PNH,30/08/2024 19:00,120,MAI,Economy,120,N/A,N/A,N/A,Y,Y,Y,1,7,1,30
Yangon International Airport,RGN,31/08/2024 11:25,Suvarnabhumi Airport,BKK,31/08/2024 13:25,90,THAI,Economy,480,310,N/A,129,Y,Y,Y,1,7,2,23
Yangon International Airport,RGN,31/08/2024 6:50,Kuala Lumpur International Airport,KUL,31/08/2024 11:05,165,MAI,Economy,605,325,N/A,134,Y,Y,Y,1,7,1,30
Yangon International Airport,RGN,31/08/2024 11:25,Suvarnabhumi Airport,BKK,31/08/2024 13:25,90,THAI,Economy,400,235,N/A,197,Y,Y,Y,1,7,2,23
Yangon International Airport,RGN,31/08/2024 19:00,Suvarnabhumi Airport,BKK,31/08/2024 21:00,90,THAI,Economy,800,635,TRUE,129,Y,Y,Y,1,7,2,23
Yangon International Airport,RGN,31/08/2024 11:25,Kuala Lumpur International Airport,KUL,31/08/2024 15:50,175,Malaysia Airlines,Economy,1325,1030,TRUE,176,Y,Y,Y,1,7,1,23
Yangon International Airport,RGN,31/08/2024 19:00,Suvarnabhumi Airport,BKK,31/08/2024 21:00,90,THAI,Economy,840,675,TRUE,197,Y,Y,Y,1,7,2,23
Yangon International Airport,RGN,31/08/2024 11:25,Guangzhou Baiyun International Airport,CAN,31/08/2024 16:00,185,China Southern,Economy,735,370,N/A,198,Y,Y,Y,1,8,1,23
Yangon International Airport,RGN,31/08/2024 15:10,Kunming Changshui International Airport,KMG,31/08/2024 18:40,120,China Eastern,Economy,1275,975,TRUE,245,Y,Y,Y,1,8,2,23
Yangon International Airport,RGN,31/08/2024 10:35,Singapore Changi Airport,SIN,31/08/2024 15:20,195,Singapore Airlines,Economy,375,70,N/A,428,Y,Y,Y,1,7,1,23