Departure Airport Name,Departure Airport ID,Departure Time,Arrival Airport Name,Arrival Airport ID,Arrival Time,Duration,Airline,Travel Class,Total Duration,Layover 1 Duration,Layover 1 Overnight,Price, Cabin Baggage, Checked Baggage,Meal Included,Cabin Baggage (Number),Cabin Baggage (kg per piece),Checked Baggage (Number),Checked Baggage (kg per piece) 
Suvarnabhumi Airport,BKK,01/07/2024 14:05,Wattay International Airport,VTE,01/07/2024 15:05,60,Lao Airlines,Economy,60,N/A,N/A,80,Y,Y,Y,1,7,1,20
Suvarnabhumi Airport,BKK,01/07/2024 11:35,Wattay International Airport,VTE,01/07/2024 12:50,75,THAI,Economy,75,N/A,N/A,107,Y,Y,Y,1,7,2,23
Suvarnabhumi Airport,BKK,01/07/2024 20:50,Wattay International Airport,VTE,01/07/2024 21:50,60,Lao Airlines,Economy,60,N/A,N/A,80,Y,Y,Y,1,7,1,20
Suvarnabhumi Airport,BKK,01/07/2024 18:25,Wattay International Airport,VTE,01/07/2024 19:45,80,THAI,Economy,80,N/A,N/A,107,Y,Y,Y,1,7,2,23
Suvarnabhumi Airport,BKK,01/07/2024 21:15,Kunming Changshui International Airport,KMG,02/07/2024 0:45,150,China Eastern,Economy,745,500,TRUE,287,Y,Y,Y,1,8,2,23
Suvarnabhumi Airport,BKK,02/07/2024 14:05,Wattay International Airport,VTE,02/07/2024 15:25,80,Lao Airlines,Economy,80,N/A,N/A,80,Y,Y,Y,1,7,1,20
Suvarnabhumi Airport,BKK,02/07/2024 11:35,Wattay International Airport,VTE,02/07/2024 12:50,75,THAI,Economy,75,N/A,N/A,107,Y,Y,Y,1,7,2,23
Suvarnabhumi Airport,BKK,02/07/2024 20:50,Wattay International Airport,VTE,02/07/2024 21:50,60,Lao Airlines,Economy,60,N/A,N/A,80,Y,Y,Y,1,7,1,20
Suvarnabhumi Airport,BKK,02/07/2024 18:25,Wattay International Airport,VTE,02/07/2024 19:45,80,THAI,Economy,80,N/A,N/A,107,Y,Y,Y,1,7,2,23
Suvarnabhumi Airport,BKK,02/07/2024 21:15,Kunming Changshui International Airport,KMG,03/07/2024 0:45,150,China Eastern,Economy,745,500,TRUE,251,Y,Y,Y,1,8,2,23
Suvarnabhumi Airport,BKK,03/07/2024 20:50,Wattay International Airport,VTE,03/07/2024 21:50,60,Lao Airlines,Economy,60,N/A,N/A,80,Y,Y,Y,1,7,1,20
Suvarnabhumi Airport,BKK,03/07/2024 11:35,Wattay International Airport,VTE,03/07/2024 12:50,75,THAI,Economy,75,N/A,N/A,107,Y,Y,Y,1,7,2,23
Suvarnabhumi Airport,BKK,03/07/2024 18:25,Wattay International Airport,VTE,03/07/2024 19:45,80,THAI,Economy,80,N/A,N/A,107,Y,Y,Y,1,7,2,23
Suvarnabhumi Airport,BKK,03/07/2024 14:05,Wattay International Airport,VTE,03/07/2024 15:05,60,Lao Airlines,Economy,60,N/A,N/A,111,Y,Y,Y,1,7,1,20
Suvarnabhumi Airport,BKK,03/07/2024 21:15,Kunming Changshui International Airport,KMG,04/07/2024 0:45,150,China Eastern,Economy,745,500,TRUE,251,Y,Y,Y,1,8,2,23
Suvarnabhumi Airport,BKK,03/07/2024 11:20,Guangzhou Baiyun International Airport,CAN,03/07/2024 15:05,165,China Southern,Economy,410,90,N/A,343,Y,Y,Y,1,8,1,23
Suvarnabhumi Airport,BKK,04/07/2024 20:50,Wattay International Airport,VTE,04/07/2024 21:50,60,Lao Airlines,Economy,60,N/A,N/A,80,Y,Y,Y,1,7,1,20
Suvarnabhumi Airport,BKK,04/07/2024 11:35,Wattay International Airport,VTE,04/07/2024 12:50,75,THAI,Economy,75,N/A,N/A,111,Y,Y,Y,1,7,2,23
Suvarnabhumi Airport,BKK,04/07/2024 18:25,Wattay International Airport,VTE,04/07/2024 19:45,80,THAI,Economy,80,N/A,N/A,107,Y,Y,Y,1,7,2,23
Suvarnabhumi Airport,BKK,04/07/2024 14:05,Wattay International Airport,VTE,04/07/2024 15:25,80,Lao Airlines,Economy,80,N/A,N/A,111,Y,Y,Y,1,7,1,20
Suvarnabhumi Airport,BKK,04/07/2024 21:15,Kunming Changshui International Airport,KMG,05/07/2024 0:45,150,China Eastern,Economy,745,500,TRUE,251,Y,Y,Y,1,8,2,23
Suvarnabhumi Airport,BKK,05/07/2024 14:05,Wattay International Airport,VTE,05/07/2024 15:05,60,Lao Airlines,Economy,60,N/A,N/A,80,Y,Y,Y,1,7,1,20
Suvarnabhumi Airport,BKK,05/07/2024 20:50,Wattay International Airport,VTE,05/07/2024 21:50,60,Lao Airlines,Economy,60,N/A,N/A,80,Y,Y,Y,1,7,1,20
Suvarnabhumi Airport,BKK,05/07/2024 11:35,Wattay International Airport,VTE,05/07/2024 12:50,75,THAI,Economy,75,N/A,N/A,107,Y,Y,Y,1,7,2,23
Suvarnabhumi Airport,BKK,05/07/2024 18:25,Wattay International Airport,VTE,05/07/2024 19:45,80,THAI,Economy,80,N/A,N/A,112,Y,Y,Y,1,7,2,23
Suvarnabhumi Airport,BKK,05/07/2024 21:15,Kunming Changshui International Airport,KMG,06/07/2024 0:45,150,China Eastern,Economy,745,500,TRUE,251,Y,Y,Y,1,8,2,23
Suvarnabhumi Airport,BKK,05/07/2024 11:20,Guangzhou Baiyun International Airport,CAN,05/07/2024 15:05,165,China Southern,Economy,410,90,N/A,272,Y,Y,Y,1,8,1,23
Suvarnabhumi Airport,BKK,06/07/2024 20:50,Wattay International Airport,VTE,06/07/2024 21:50,60,Lao Airlines,Economy,60,N/A,N/A,80,Y,Y,Y,1,7,1,20
Suvarnabhumi Airport,BKK,06/07/2024 11:35,Wattay International Airport,VTE,06/07/2024 12:50,75,THAI,Economy,75,N/A,N/A,107,Y,Y,Y,1,7,2,23
Suvarnabhumi Airport,BKK,06/07/2024 18:25,Wattay International Airport,VTE,06/07/2024 19:45,80,THAI,Economy,80,N/A,N/A,107,Y,Y,Y,1,7,2,23
Suvarnabhumi Airport,BKK,07/07/2024 18:25,Wattay International Airport,VTE,06/07/2024 15:25,80,Lao Airlines,Economy,80,N/A,N/A,128,Y,Y,Y,1,7,1,20
Suvarnabhumi Airport,BKK,08/07/2024 18:25,Kunming Changshui International Airport,KMG,07/07/2024 0:45,150,China Eastern,Economy,745,500,TRUE,251,Y,Y,Y,1,8,2,23
Suvarnabhumi Airport,BKK,09/07/2024 18:25,Wattay International Airport,VTE,07/07/2024 21:50,60,Lao Airlines,Economy,60,N/A,N/A,80,Y,Y,Y,1,7,1,20
Suvarnabhumi Airport,BKK,10/07/2024 18:25,Wattay International Airport,VTE,07/07/2024 12:50,75,THAI,Economy,75,N/A,N/A,107,Y,Y,Y,1,7,2,23
Suvarnabhumi Airport,BKK,11/07/2024 18:25,Wattay International Airport,VTE,07/07/2024 15:25,80,Lao Airlines,Economy,80,N/A,N/A,111,Y,Y,Y,1,7,1,20
Suvarnabhumi Airport,BKK,12/07/2024 18:25,Wattay International Airport,VTE,07/07/2024 19:45,80,THAI,Economy,80,N/A,N/A,117,Y,Y,Y,1,7,2,23
Suvarnabhumi Airport,BKK,13/07/2024 18:25,Kunming Changshui International Airport,KMG,08/07/2024 0:45,150,China Eastern,Economy,745,500,TRUE,251,Y,Y,Y,1,8,2,23
Suvarnabhumi Airport,BKK,14/07/2024 18:25,Guangzhou Baiyun International Airport,CAN,07/07/2024 15:05,165,China Southern,Economy,410,90,N/A,291,Y,Y,Y,1,8,1,23
Suvarnabhumi Airport,BKK,15/07/2024 18:25,Wattay International Airport,VTE,08/07/2024 15:05,60,Lao Airlines,Economy,60,N/A,N/A,80,Y,Y,Y,1,7,1,20
Suvarnabhumi Airport,BKK,16/07/2024 18:25,Wattay International Airport,VTE,08/07/2024 19:45,80,THAI,Economy,80,N/A,N/A,107,Y,Y,Y,1,7,2,23
Suvarnabhumi Airport,BKK,17/07/2024 18:25,Wattay International Airport,VTE,08/07/2024 21:50,60,Lao Airlines,Economy,60,N/A,N/A,111,Y,Y,Y,1,7,1,20
Suvarnabhumi Airport,BKK,18/07/2024 18:25,Wattay International Airport,VTE,08/07/2024 12:50,75,THAI,Economy,75,N/A,N/A,134,Y,Y,Y,1,7,2,23
Suvarnabhumi Airport,BKK,19/07/2024 18:25,Kunming Changshui International Airport,KMG,09/07/2024 0:45,150,China Eastern,Economy,745,500,TRUE,251,Y,Y,Y,1,8,2,23
Suvarnabhumi Airport,BKK,20/07/2024 18:25,Kunming Changshui International Airport,KMG,08/07/2024 16:55,155,China Eastern,Economy,460,215,N/A,287,Y,Y,Y,1,8,2,23
Suvarnabhumi Airport,BKK,21/07/2024 18:25,Wattay International Airport,VTE,09/07/2024 15:25,80,Lao Airlines,Economy,80,N/A,N/A,80,Y,Y,Y,1,7,1,20
Suvarnabhumi Airport,BKK,22/07/2024 18:25,Wattay International Airport,VTE,09/07/2024 21:50,60,Lao Airlines,Economy,60,N/A,N/A,80,Y,Y,Y,1,7,1,20
Suvarnabhumi Airport,BKK,23/07/2024 18:25,Wattay International Airport,VTE,09/07/2024 12:50,75,THAI,Economy,75,N/A,N/A,107,Y,Y,Y,1,7,2,23
Suvarnabhumi Airport,BKK,24/07/2024 18:25,Wattay International Airport,VTE,09/07/2024 19:45,80,THAI,Economy,80,N/A,N/A,107,Y,Y,Y,1,7,2,23
Suvarnabhumi Airport,BKK,25/07/2024 18:25,Kunming Changshui International Airport,KMG,09/07/2024 16:55,155,China Eastern,Economy,460,215,N/A,251,Y,Y,Y,1,8,2,23
Suvarnabhumi Airport,BKK,26/07/2024 18:25,Kunming Changshui International Airport,KMG,10/07/2024 0:45,150,China Eastern,Economy,745,500,TRUE,251,Y,Y,Y,1,8,2,23
Suvarnabhumi Airport,BKK,27/07/2024 18:25,Wattay International Airport,VTE,10/07/2024 15:05,60,Lao Airlines,Economy,60,N/A,N/A,80,Y,Y,Y,1,7,1,20
Suvarnabhumi Airport,BKK,28/07/2024 18:25,Wattay International Airport,VTE,10/07/2024 12:50,75,THAI,Economy,75,N/A,N/A,107,Y,Y,Y,1,7,2,23
Suvarnabhumi Airport,BKK,29/07/2024 18:25,Wattay International Airport,VTE,10/07/2024 21:50,60,Lao Airlines,Economy,60,N/A,N/A,80,Y,Y,Y,1,7,1,20
Suvarnabhumi Airport,BKK,30/07/2024 18:25,Wattay International Airport,VTE,10/07/2024 19:45,80,THAI,Economy,80,N/A,N/A,107,Y,Y,Y,1,7,2,23
Suvarnabhumi Airport,BKK,31/07/2024 18:25,Kunming Changshui International Airport,KMG,11/07/2024 0:45,150,China Eastern,Economy,745,500,TRUE,251,Y,Y,Y,1,8,2,23
Suvarnabhumi Airport,BKK,01/08/2024 18:25,Guangzhou Baiyun International Airport,CAN,10/07/2024 15:05,165,China Southern,Economy,410,90,N/A,291,Y,Y,Y,1,8,1,23
Suvarnabhumi Airport,BKK,02/08/2024 18:25,Wattay International Airport,VTE,11/07/2024 15:25,80,Lao Airlines,Economy,80,N/A,N/A,80,Y,Y,Y,1,7,1,20
Suvarnabhumi Airport,BKK,03/08/2024 18:25,Wattay International Airport,VTE,11/07/2024 12:50,75,THAI,Economy,75,N/A,N/A,107,Y,Y,Y,1,7,2,23
Suvarnabhumi Airport,BKK,04/08/2024 18:25,Wattay International Airport,VTE,11/07/2024 21:50,60,Lao Airlines,Economy,60,N/A,N/A,80,Y,Y,Y,1,7,1,20
Suvarnabhumi Airport,BKK,05/08/2024 18:25,Wattay International Airport,VTE,11/07/2024 19:45,80,THAI,Economy,80,N/A,N/A,107,Y,Y,Y,1,7,2,23
Suvarnabhumi Airport,BKK,06/08/2024 18:25,Kunming Changshui International Airport,KMG,11/07/2024 16:50,150,China Eastern,Economy,460,220,N/A,251,Y,Y,Y,1,8,2,23
Suvarnabhumi Airport,BKK,07/08/2024 18:25,Kunming Changshui International Airport,KMG,12/07/2024 0:45,150,China Eastern,Economy,745,500,TRUE,287,Y,Y,Y,1,8,2,23
Suvarnabhumi Airport,BKK,08/08/2024 18:25,Wattay International Airport,VTE,12/07/2024 15:05,60,Lao Airlines,Economy,60,N/A,N/A,80,Y,Y,Y,1,7,1,20
Suvarnabhumi Airport,BKK,09/08/2024 18:25,Wattay International Airport,VTE,12/07/2024 21:50,60,Lao Airlines,Economy,60,N/A,N/A,80,Y,Y,Y,1,7,1,20
Suvarnabhumi Airport,BKK,10/08/2024 18:25,Wattay International Airport,VTE,12/07/2024 12:50,75,THAI,Economy,75,N/A,N/A,107,Y,Y,Y,1,7,2,23
Suvarnabhumi Airport,BKK,11/08/2024 18:25,Wattay International Airport,VTE,12/07/2024 19:45,80,THAI,Economy,80,N/A,N/A,156,Y,Y,Y,1,7,2,23
Suvarnabhumi Airport,BKK,12/08/2024 18:25,Kunming Changshui International Airport,KMG,12/07/2024 16:55,155,China Eastern,Economy,460,215,N/A,251,Y,Y,Y,1,8,2,23
Suvarnabhumi Airport,BKK,13/08/2024 18:25,Kunming Changshui International Airport,KMG,13/07/2024 0:45,150,China Eastern,Economy,745,500,TRUE,287,Y,Y,Y,1,8,2,23
Suvarnabhumi Airport,BKK,14/08/2024 18:25,Guangzhou Baiyun International Airport,CAN,12/07/2024 15:05,165,China Southern,Economy,410,90,N/A,297,Y,Y,Y,1,8,1,23
Suvarnabhumi Airport,BKK,15/08/2024 18:25,Wattay International Airport,VTE,13/07/2024 21:50,60,Lao Airlines,Economy,60,N/A,N/A,80,Y,Y,Y,1,7,1,20
Suvarnabhumi Airport,BKK,16/08/2024 18:25,Wattay International Airport,VTE,13/07/2024 15:25,80,Lao Airlines,Economy,80,N/A,N/A,111,Y,Y,Y,1,7,1,20
Suvarnabhumi Airport,BKK,17/08/2024 18:25,Wattay International Airport,VTE,13/07/2024 12:50,75,THAI,Economy,75,N/A,N/A,118,Y,Y,Y,1,7,2,23
Suvarnabhumi Airport,BKK,18/08/2024 18:25,Wattay International Airport,VTE,13/07/2024 19:45,80,THAI,Economy,80,N/A,N/A,170,Y,Y,Y,1,7,2,23
Suvarnabhumi Airport,BKK,19/08/2024 18:25,Kunming Changshui International Airport,KMG,13/07/2024 16:40,140,China Eastern,Economy,460,230,N/A,287,Y,Y,Y,1,8,2,23
Suvarnabhumi Airport,BKK,20/08/2024 18:25,Kunming Changshui International Airport,KMG,13/07/2024 19:35,160,China Eastern,Economy,1065,810,TRUE,251,Y,Y,Y,1,8,2,23
Suvarnabhumi Airport,BKK,21/08/2024 18:25,Kunming Changshui International Airport,KMG,14/07/2024 0:45,150,China Eastern,Economy,745,500,TRUE,287,Y,Y,Y,1,8,2,23
Suvarnabhumi Airport,BKK,22/08/2024 18:25,Wattay International Airport,VTE,14/07/2024 21:50,60,Lao Airlines,Economy,60,N/A,N/A,80,Y,Y,Y,1,7,1,20
Suvarnabhumi Airport,BKK,23/08/2024 18:25,Wattay International Airport,VTE,14/07/2024 15:25,80,Lao Airlines,Economy,80,N/A,N/A,111,Y,Y,Y,1,7,1,20
Suvarnabhumi Airport,BKK,24/08/2024 18:25,Wattay International Airport,VTE,14/07/2024 19:45,80,THAI,Economy,80,N/A,N/A,120,Y,Y,Y,1,7,2,23
Suvarnabhumi Airport,BKK,25/08/2024 18:25,Wattay International Airport,VTE,14/07/2024 12:50,75,THAI,Economy,75,N/A,N/A,145,Y,Y,Y,1,7,2,23
Suvarnabhumi Airport,BKK,26/08/2024 18:25,Kunming Changshui International Airport,KMG,14/07/2024 16:50,150,China Eastern,Economy,460,220,N/A,251,Y,Y,Y,1,8,2,23
Suvarnabhumi Airport,BKK,27/08/2024 18:25,Kunming Changshui International Airport,KMG,15/07/2024 0:45,150,China Eastern,Economy,745,500,TRUE,287,Y,Y,Y,1,8,2,23
Suvarnabhumi Airport,BKK,28/08/2024 18:25,Guangzhou Baiyun International Airport,CAN,14/07/2024 15:05,165,China Southern,Economy,410,90,N/A,297,Y,Y,Y,1,8,1,23
Suvarnabhumi Airport,BKK,29/08/2024 18:25,Wattay International Airport,VTE,15/07/2024 15:05,60,Lao Airlines,Economy,60,N/A,N/A,80,Y,Y,Y,1,7,1,20
Suvarnabhumi Airport,BKK,30/08/2024 18:25,Wattay International Airport,VTE,15/07/2024 12:50,75,THAI,Economy,75,N/A,N/A,107,Y,Y,Y,1,7,2,23
Suvarnabhumi Airport,BKK,31/08/2024 18:25,Wattay International Airport,VTE,15/07/2024 21:50,60,Lao Airlines,Economy,60,N/A,N/A,80,Y,Y,Y,1,7,1,20
Suvarnabhumi Airport,BKK,01/09/2024 18:25,Wattay International Airport,VTE,15/07/2024 19:45,80,THAI,Economy,80,N/A,N/A,107,Y,Y,Y,1,7,2,23
Suvarnabhumi Airport,BKK,02/09/2024 18:25,Kunming Changshui International Airport,KMG,15/07/2024 16:55,155,China Eastern,Economy,460,215,N/A,251,Y,Y,Y,1,8,2,23
Suvarnabhumi Airport,BKK,03/09/2024 18:25,Kunming Changshui International Airport,KMG,16/07/2024 0:45,150,China Eastern,Economy,745,500,TRUE,287,Y,Y,Y,1,8,2,23
Suvarnabhumi Airport,BKK,04/09/2024 18:25,Wattay International Airport,VTE,16/07/2024 15:25,80,Lao Airlines,Economy,80,N/A,N/A,80,Y,Y,Y,1,7,1,20
Suvarnabhumi Airport,BKK,05/09/2024 18:25,Wattay International Airport,VTE,16/07/2024 21:50,60,Lao Airlines,Economy,60,N/A,N/A,80,Y,Y,Y,1,7,1,20
Suvarnabhumi Airport,BKK,06/09/2024 18:25,Wattay International Airport,VTE,16/07/2024 19:45,80,THAI,Economy,80,N/A,N/A,117,Y,Y,Y,1,7,2,23
Suvarnabhumi Airport,BKK,07/09/2024 18:25,Wattay International Airport,VTE,16/07/2024 12:50,75,THAI,Economy,75,N/A,N/A,125,Y,Y,Y,1,7,2,23
Suvarnabhumi Airport,BKK,08/09/2024 18:25,Kunming Changshui International Airport,KMG,16/07/2024 16:55,155,China Eastern,Economy,460,215,N/A,251,Y,Y,Y,1,8,2,23
Suvarnabhumi Airport,BKK,09/09/2024 18:25,Kunming Changshui International Airport,KMG,17/07/2024 0:45,150,China Eastern,Economy,745,500,TRUE,287,Y,Y,Y,1,8,2,23
Suvarnabhumi Airport,BKK,10/09/2024 18:25,Wattay International Airport,VTE,17/07/2024 15:05,60,Lao Airlines,Economy,60,N/A,N/A,80,Y,Y,Y,1,7,1,20
Suvarnabhumi Airport,BKK,11/09/2024 18:25,Wattay International Airport,VTE,17/07/2024 21:50,60,Lao Airlines,Economy,60,N/A,N/A,80,Y,Y,Y,1,7,1,20
Suvarnabhumi Airport,BKK,12/09/2024 18:25,Wattay International Airport,VTE,17/07/2024 12:50,75,THAI,Economy,75,N/A,N/A,107,Y,Y,Y,1,7,2,23
Suvarnabhumi Airport,BKK,13/09/2024 18:25,Wattay International Airport,VTE,17/07/2024 19:45,80,THAI,Economy,80,N/A,N/A,112,Y,Y,Y,1,7,2,23
Suvarnabhumi Airport,BKK,14/09/2024 18:25,Kunming Changshui International Airport,KMG,17/07/2024 17:00,160,China Eastern,Economy,460,210,N/A,251,Y,Y,Y,1,8,2,23
Suvarnabhumi Airport,BKK,15/09/2024 18:25,Kunming Changshui International Airport,KMG,18/07/2024 0:45,150,China Eastern,Economy,745,500,TRUE,287,Y,Y,Y,1,8,2,23
Suvarnabhumi Airport,BKK,16/09/2024 18:25,Guangzhou Baiyun International Airport,CAN,17/07/2024 15:05,165,China Southern,Economy,410,90,N/A,297,Y,Y,Y,1,8,1,23
Suvarnabhumi Airport,BKK,17/09/2024 18:25,Wattay International Airport,VTE,18/07/2024 21:50,60,Lao Airlines,Economy,60,N/A,N/A,80,Y,Y,Y,1,7,1,20
Suvarnabhumi Airport,BKK,18/09/2024 18:25,Wattay International Airport,VTE,18/07/2024 12:50,75,THAI,Economy,75,N/A,N/A,107,Y,Y,Y,1,7,2,23
Suvarnabhumi Airport,BKK,19/09/2024 18:25,Wattay International Airport,VTE,18/07/2024 19:45,80,THAI,Economy,80,N/A,N/A,107,Y,Y,Y,1,7,2,23
Suvarnabhumi Airport,BKK,20/09/2024 18:25,Wattay International Airport,VTE,18/07/2024 15:25,80,Lao Airlines,Economy,80,N/A,N/A,111,Y,Y,Y,1,7,1,20
Suvarnabhumi Airport,BKK,21/09/2024 18:25,Kunming Changshui International Airport,KMG,18/07/2024 16:50,150,China Eastern,Economy,460,220,N/A,251,Y,Y,Y,1,8,2,23
Suvarnabhumi Airport,BKK,22/09/2024 18:25,Kunming Changshui International Airport,KMG,19/07/2024 0:45,150,China Eastern,Economy,745,500,TRUE,287,Y,Y,Y,1,8,2,23
Suvarnabhumi Airport,BKK,23/09/2024 18:25,Wattay International Airport,VTE,19/07/2024 15:05,60,Lao Airlines,Economy,60,N/A,N/A,80,Y,Y,Y,1,7,1,20
Suvarnabhumi Airport,BKK,24/09/2024 18:25,Wattay International Airport,VTE,19/07/2024 21:50,60,Lao Airlines,Economy,60,N/A,N/A,80,Y,Y,Y,1,7,1,20
Suvarnabhumi Airport,BKK,25/09/2024 18:25,Wattay International Airport,VTE,19/07/2024 12:50,75,THAI,Economy,75,N/A,N/A,107,Y,Y,Y,1,7,2,23
Suvarnabhumi Airport,BKK,26/09/2024 18:25,Wattay International Airport,VTE,19/07/2024 19:45,80,THAI,Economy,80,N/A,N/A,121,Y,Y,Y,1,7,2,23
Suvarnabhumi Airport,BKK,27/09/2024 18:25,Kunming Changshui International Airport,KMG,19/07/2024 16:55,155,China Eastern,Economy,460,215,N/A,251,Y,Y,Y,1,8,2,23
Suvarnabhumi Airport,BKK,28/09/2024 18:25,Kunming Changshui International Airport,KMG,20/07/2024 0:45,150,China Eastern,Economy,745,500,TRUE,287,Y,Y,Y,1,8,2,23
Suvarnabhumi Airport,BKK,29/09/2024 18:25,Guangzhou Baiyun International Airport,CAN,19/07/2024 15:05,165,China Southern,Economy,410,90,N/A,297,Y,Y,Y,1,8,1,23
Suvarnabhumi Airport,BKK,30/09/2024 18:25,Wattay International Airport,VTE,20/07/2024 21:50,60,Lao Airlines,Economy,60,N/A,N/A,80,Y,Y,Y,1,7,1,20
Suvarnabhumi Airport,BKK,01/10/2024 18:25,Wattay International Airport,VTE,20/07/2024 19:45,80,THAI,Economy,80,N/A,N/A,125,Y,Y,Y,1,7,2,23
Suvarnabhumi Airport,BKK,02/10/2024 18:25,Wattay International Airport,VTE,20/07/2024 15:25,80,Lao Airlines,Economy,80,N/A,N/A,111,Y,Y,Y,1,7,1,20
Suvarnabhumi Airport,BKK,03/10/2024 18:25,Kunming Changshui International Airport,KMG,20/07/2024 16:40,140,China Eastern,Economy,460,230,N/A,251,Y,Y,Y,1,8,2,23
Suvarnabhumi Airport,BKK,04/10/2024 18:25,Kunming Changshui International Airport,KMG,21/07/2024 0:45,150,China Eastern,Economy,745,500,TRUE,287,Y,Y,Y,1,8,2,23
Suvarnabhumi Airport,BKK,05/10/2024 18:25,Wattay International Airport,VTE,21/07/2024 15:25,80,Lao Airlines,Economy,80,N/A,N/A,80,Y,Y,Y,1,7,1,20
Suvarnabhumi Airport,BKK,06/10/2024 18:25,Wattay International Airport,VTE,21/07/2024 21:50,60,Lao Airlines,Economy,60,N/A,N/A,80,Y,Y,Y,1,7,1,20
Suvarnabhumi Airport,BKK,07/10/2024 18:25,Wattay International Airport,VTE,21/07/2024 19:45,80,THAI,Economy,80,N/A,N/A,145,Y,Y,Y,1,7,2,23
Suvarnabhumi Airport,BKK,08/10/2024 18:25,Guangzhou Baiyun International Airport,CAN,21/07/2024 11:50,150,China Southern,Economy,590,285,N/A,279,Y,Y,Y,1,8,1,23
Suvarnabhumi Airport,BKK,09/10/2024 18:25,Kunming Changshui International Airport,KMG,22/07/2024 0:45,150,China Eastern,Economy,745,500,TRUE,287,Y,Y,Y,1,8,2,23
Suvarnabhumi Airport,BKK,10/10/2024 18:25,Guangzhou Baiyun International Airport,CAN,21/07/2024 15:05,165,China Southern,Economy,410,90,N/A,297,Y,Y,Y,1,8,1,23
Suvarnabhumi Airport,BKK,11/10/2024 18:25,Wattay International Airport,VTE,22/07/2024 15:05,60,Lao Airlines,Economy,60,N/A,N/A,80,Y,Y,Y,1,7,1,20
Suvarnabhumi Airport,BKK,12/10/2024 18:25,Wattay International Airport,VTE,22/07/2024 19:45,80,THAI,Economy,80,N/A,N/A,107,Y,Y,Y,1,7,2,23
Suvarnabhumi Airport,BKK,13/10/2024 18:25,Wattay International Airport,VTE,22/07/2024 21:50,60,Lao Airlines,Economy,60,N/A,N/A,80,Y,Y,Y,1,7,1,20
Suvarnabhumi Airport,BKK,14/10/2024 18:25,Wattay International Airport,VTE,22/07/2024 12:50,75,THAI,Economy,75,N/A,N/A,125,Y,Y,Y,1,7,2,23
Suvarnabhumi Airport,BKK,15/10/2024 18:25,Kunming Changshui International Airport,KMG,22/07/2024 16:55,155,China Eastern,Economy,460,215,N/A,287,Y,Y,Y,1,8,2,23
Suvarnabhumi Airport,BKK,16/10/2024 18:25,Kunming Changshui International Airport,KMG,23/07/2024 0:45,150,China Eastern,Economy,745,500,TRUE,287,Y,Y,Y,1,8,2,23
Suvarnabhumi Airport,BKK,17/10/2024 18:25,Wattay International Airport,VTE,23/07/2024 15:25,80,Lao Airlines,Economy,80,N/A,N/A,80,Y,Y,Y,1,7,1,20
Suvarnabhumi Airport,BKK,18/10/2024 18:25,Wattay International Airport,VTE,23/07/2024 21:50,60,Lao Airlines,Economy,60,N/A,N/A,80,Y,Y,Y,1,7,1,20
Suvarnabhumi Airport,BKK,19/10/2024 18:25,Wattay International Airport,VTE,23/07/2024 12:50,75,THAI,Economy,75,N/A,N/A,107,Y,Y,Y,1,7,2,23
Suvarnabhumi Airport,BKK,20/10/2024 18:25,Wattay International Airport,VTE,23/07/2024 19:45,80,THAI,Economy,80,N/A,N/A,117,Y,Y,Y,1,7,2,23
Suvarnabhumi Airport,BKK,21/10/2024 18:25,Guangzhou Baiyun International Airport,CAN,23/07/2024 22:05,180,China Southern,Economy,1445,1110,TRUE,279,Y,Y,Y,1,8,1,23
Suvarnabhumi Airport,BKK,22/10/2024 18:25,Kunming Changshui International Airport,KMG,23/07/2024 16:55,155,China Eastern,Economy,460,215,N/A,287,Y,Y,Y,1,8,2,23
Suvarnabhumi Airport,BKK,23/10/2024 18:25,Kunming Changshui International Airport,KMG,24/07/2024 0:45,150,China Eastern,Economy,745,500,TRUE,340,Y,Y,Y,1,8,2,23
Suvarnabhumi Airport,BKK,24/10/2024 18:25,Wattay International Airport,VTE,24/07/2024 15:05,60,Lao Airlines,Economy,60,N/A,N/A,80,Y,Y,Y,1,7,1,20
Suvarnabhumi Airport,BKK,25/10/2024 18:25,Wattay International Airport,VTE,24/07/2024 21:50,60,Lao Airlines,Economy,60,N/A,N/A,80,Y,Y,Y,1,7,1,20
Suvarnabhumi Airport,BKK,26/10/2024 18:25,Wattay International Airport,VTE,24/07/2024 12:50,75,THAI,Economy,75,N/A,N/A,107,Y,Y,Y,1,7,2,23
Suvarnabhumi Airport,BKK,27/10/2024 18:25,Wattay International Airport,VTE,24/07/2024 19:45,80,THAI,Economy,80,N/A,N/A,117,Y,Y,Y,1,7,2,23
Suvarnabhumi Airport,BKK,28/10/2024 18:25,Guangzhou Baiyun International Airport,CAN,24/07/2024 12:10,170,China Southern,Economy,590,265,N/A,279,Y,Y,Y,1,8,1,23
Suvarnabhumi Airport,BKK,29/10/2024 18:25,Guangzhou Baiyun International Airport,CAN,24/07/2024 15:05,165,China Southern,Economy,410,90,N/A,297,Y,Y,Y,1,8,1,23
Suvarnabhumi Airport,BKK,30/10/2024 18:25,Kunming Changshui International Airport,KMG,25/07/2024 0:45,150,China Eastern,Economy,745,500,TRUE,340,Y,Y,Y,1,8,2,23
Suvarnabhumi Airport,BKK,31/10/2024 18:25,Wattay International Airport,VTE,25/07/2024 15:25,80,Lao Airlines,Economy,80,N/A,N/A,80,Y,Y,Y,1,7,1,20
Suvarnabhumi Airport,BKK,01/11/2024 18:25,Wattay International Airport,VTE,25/07/2024 21:50,60,Lao Airlines,Economy,60,N/A,N/A,80,Y,Y,Y,1,7,1,20
Suvarnabhumi Airport,BKK,02/11/2024 18:25,Wattay International Airport,VTE,25/07/2024 12:50,75,THAI,Economy,75,N/A,N/A,107,Y,Y,Y,1,7,2,23
Suvarnabhumi Airport,BKK,03/11/2024 18:25,Wattay International Airport,VTE,25/07/2024 19:45,80,THAI,Economy,80,N/A,N/A,134,Y,Y,Y,1,7,2,23
Suvarnabhumi Airport,BKK,04/11/2024 18:25,Guangzhou Baiyun International Airport,CAN,25/07/2024 22:50,165,China Southern,Economy,1385,1065,TRUE,279,Y,Y,Y,1,8,1,23
Suvarnabhumi Airport,BKK,05/11/2024 18:25,Kunming Changshui International Airport,KMG,25/07/2024 16:50,150,China Eastern,Economy,460,220,N/A,287,Y,Y,Y,1,8,2,23
Suvarnabhumi Airport,BKK,06/11/2024 18:25,Kunming Changshui International Airport,KMG,26/07/2024 0:45,150,China Eastern,Economy,745,500,TRUE,340,Y,Y,Y,1,8,2,23
Suvarnabhumi Airport,BKK,07/11/2024 18:25,Wattay International Airport,VTE,26/07/2024 15:05,60,Lao Airlines,Economy,60,N/A,N/A,80,Y,Y,Y,1,7,1,20
Suvarnabhumi Airport,BKK,08/11/2024 18:25,Wattay International Airport,VTE,26/07/2024 21:50,60,Lao Airlines,Economy,60,N/A,N/A,80,Y,Y,Y,1,7,1,20
Suvarnabhumi Airport,BKK,09/11/2024 18:25,Wattay International Airport,VTE,26/07/2024 12:50,75,THAI,Economy,75,N/A,N/A,112,Y,Y,Y,1,7,2,23
Suvarnabhumi Airport,BKK,10/11/2024 18:25,Wattay International Airport,VTE,26/07/2024 19:45,80,THAI,Economy,80,N/A,N/A,117,Y,Y,Y,1,7,2,23
Suvarnabhumi Airport,BKK,11/11/2024 18:25,Guangzhou Baiyun International Airport,CAN,26/07/2024 11:50,150,China Southern,Economy,590,285,N/A,279,Y,Y,Y,1,8,1,23
Suvarnabhumi Airport,BKK,12/11/2024 18:25,Guangzhou Baiyun International Airport,CAN,26/07/2024 15:05,165,China Southern,Economy,410,90,N/A,297,Y,Y,Y,1,8,1,23
Suvarnabhumi Airport,BKK,13/11/2024 18:25,Kunming Changshui International Airport,KMG,27/07/2024 0:45,150,China Eastern,Economy,745,500,TRUE,340,Y,Y,Y,1,8,2,23
Suvarnabhumi Airport,BKK,14/11/2024 18:25,Wattay International Airport,VTE,27/07/2024 15:25,80,Lao Airlines,Economy,80,N/A,N/A,80,Y,Y,Y,1,7,1,20
Suvarnabhumi Airport,BKK,15/11/2024 18:25,Wattay International Airport,VTE,27/07/2024 21:50,60,Lao Airlines,Economy,60,N/A,N/A,80,Y,Y,Y,1,7,1,20
Suvarnabhumi Airport,BKK,16/11/2024 18:25,Wattay International Airport,VTE,27/07/2024 19:45,80,THAI,Economy,80,N/A,N/A,107,Y,Y,Y,1,7,2,23
Suvarnabhumi Airport,BKK,17/11/2024 18:25,Wattay International Airport,VTE,27/07/2024 12:50,75,THAI,Economy,75,N/A,N/A,117,Y,Y,Y,1,7,2,23
Suvarnabhumi Airport,BKK,18/11/2024 18:25,Guangzhou Baiyun International Airport,CAN,27/07/2024 12:10,170,China Southern,Economy,2030,1705,TRUE,279,Y,Y,Y,1,8,1,23
Suvarnabhumi Airport,BKK,19/11/2024 18:25,Kunming Changshui International Airport,KMG,27/07/2024 16:40,140,China Eastern,Economy,460,230,N/A,287,Y,Y,Y,1,8,2,23
Suvarnabhumi Airport,BKK,20/11/2024 18:25,Kunming Changshui International Airport,KMG,28/07/2024 0:45,150,China Eastern,Economy,745,500,TRUE,340,Y,Y,Y,1,8,2,23
Suvarnabhumi Airport,BKK,21/11/2024 18:25,Wattay International Airport,VTE,28/07/2024 15:25,80,Lao Airlines,Economy,80,N/A,N/A,80,Y,Y,Y,1,7,1,20
Suvarnabhumi Airport,BKK,22/11/2024 18:25,Wattay International Airport,VTE,28/07/2024 21:50,60,Lao Airlines,Economy,60,N/A,N/A,80,Y,Y,Y,1,7,1,20
Suvarnabhumi Airport,BKK,23/11/2024 18:25,Wattay International Airport,VTE,28/07/2024 12:50,75,THAI,Economy,75,N/A,N/A,112,Y,Y,Y,1,7,2,23
Suvarnabhumi Airport,BKK,24/11/2024 18:25,Wattay International Airport,VTE,28/07/2024 19:45,80,THAI,Economy,80,N/A,N/A,244,Y,Y,Y,1,7,2,23
Suvarnabhumi Airport,BKK,25/11/2024 18:25,Guangzhou Baiyun International Airport,CAN,28/07/2024 11:50,150,China Southern,Economy,590,285,N/A,279,Y,Y,Y,1,8,1,23
Suvarnabhumi Airport,BKK,26/11/2024 18:25,Guangzhou Baiyun International Airport,CAN,28/07/2024 15:05,165,China Southern,Economy,410,90,N/A,297,Y,Y,Y,1,8,1,23
Suvarnabhumi Airport,BKK,27/11/2024 18:25,Kunming Changshui International Airport,KMG,29/07/2024 0:45,150,China Eastern,Economy,745,500,TRUE,340,Y,Y,Y,1,8,2,23
Suvarnabhumi Airport,BKK,28/11/2024 18:25,Wattay International Airport,VTE,29/07/2024 15:05,60,Lao Airlines,Economy,60,N/A,N/A,80,Y,Y,Y,1,7,1,20
Suvarnabhumi Airport,BKK,29/11/2024 18:25,Wattay International Airport,VTE,29/07/2024 12:50,75,THAI,Economy,75,N/A,N/A,107,Y,Y,Y,1,7,2,23
Suvarnabhumi Airport,BKK,30/11/2024 18:25,Wattay International Airport,VTE,29/07/2024 21:50,60,Lao Airlines,Economy,60,N/A,N/A,80,Y,Y,Y,1,7,1,20
Suvarnabhumi Airport,BKK,01/12/2024 18:25,Wattay International Airport,VTE,29/07/2024 19:45,80,THAI,Economy,80,N/A,N/A,107,Y,Y,Y,1,7,2,23
Suvarnabhumi Airport,BKK,02/12/2024 18:25,Kunming Changshui International Airport,KMG,29/07/2024 16:55,155,China Eastern,Economy,460,215,N/A,287,Y,Y,Y,1,8,2,23
Suvarnabhumi Airport,BKK,03/12/2024 18:25,Kunming Changshui International Airport,KMG,30/07/2024 0:45,150,China Eastern,Economy,745,500,TRUE,340,Y,Y,Y,1,8,2,23
Suvarnabhumi Airport,BKK,04/12/2024 18:25,Wattay International Airport,VTE,30/07/2024 15:25,80,Lao Airlines,Economy,80,N/A,N/A,80,Y,Y,Y,1,7,1,20
Suvarnabhumi Airport,BKK,05/12/2024 18:25,Wattay International Airport,VTE,30/07/2024 21:50,60,Lao Airlines,Economy,60,N/A,N/A,80,Y,Y,Y,1,7,1,20
Suvarnabhumi Airport,BKK,06/12/2024 18:25,Wattay International Airport,VTE,30/07/2024 12:50,75,THAI,Economy,75,N/A,N/A,107,Y,Y,Y,1,7,2,23
Suvarnabhumi Airport,BKK,07/12/2024 18:25,Wattay International Airport,VTE,30/07/2024 19:45,80,THAI,Economy,80,N/A,N/A,107,Y,Y,Y,1,7,2,23
Suvarnabhumi Airport,BKK,08/12/2024 18:25,Guangzhou Baiyun International Airport,CAN,30/07/2024 22:50,165,China Southern,Economy,1385,1065,TRUE,279,Y,Y,Y,1,8,1,23
Suvarnabhumi Airport,BKK,09/12/2024 18:25,Kunming Changshui International Airport,KMG,30/07/2024 16:55,155,China Eastern,Economy,460,215,N/A,287,Y,Y,Y,1,8,2,23
Suvarnabhumi Airport,BKK,10/12/2024 18:25,Kunming Changshui International Airport,KMG,31/07/2024 0:45,150,China Eastern,Economy,745,500,TRUE,340,Y,Y,Y,1,8,2,23
Suvarnabhumi Airport,BKK,11/12/2024 18:25,Wattay International Airport,VTE,31/07/2024 15:05,60,Lao Airlines,Economy,60,N/A,N/A,80,Y,Y,Y,1,7,1,20
Suvarnabhumi Airport,BKK,12/12/2024 18:25,Wattay International Airport,VTE,31/07/2024 21:50,60,Lao Airlines,Economy,60,N/A,N/A,80,Y,Y,Y,1,7,1,20
Suvarnabhumi Airport,BKK,13/12/2024 18:25,Wattay International Airport,VTE,31/07/2024 12:50,75,THAI,Economy,75,N/A,N/A,107,Y,Y,Y,1,7,2,23
Suvarnabhumi Airport,BKK,14/12/2024 18:25,Wattay International Airport,VTE,31/07/2024 19:45,80,THAI,Economy,80,N/A,N/A,117,Y,Y,Y,1,7,2,23
Suvarnabhumi Airport,BKK,15/12/2024 18:25,Guangzhou Baiyun International Airport,CAN,31/07/2024 12:10,170,China Southern,Economy,590,265,N/A,279,Y,Y,Y,1,8,1,23
Suvarnabhumi Airport,BKK,16/12/2024 18:25,Guangzhou Baiyun International Airport,CAN,31/07/2024 15:05,165,China Southern,Economy,410,90,N/A,297,Y,Y,Y,1,8,1,23
Suvarnabhumi Airport,BKK,17/12/2024 18:25,Kunming Changshui International Airport,KMG,01/08/2024 0:45,150,China Eastern,Economy,745,500,TRUE,340,Y,Y,Y,1,8,2,23
Suvarnabhumi Airport,BKK,18/12/2024 18:25,Wattay International Airport,VTE,01/08/2024 15:25,80,Lao Airlines,Economy,80,N/A,N/A,80,Y,Y,Y,1,7,1,20
Suvarnabhumi Airport,BKK,19/12/2024 18:25,Wattay International Airport,VTE,01/08/2024 12:40,75,THAI,Economy,75,N/A,N/A,111,Y,Y,Y,1,7,2,23
Suvarnabhumi Airport,BKK,20/12/2024 18:25,Wattay International Airport,VTE,01/08/2024 21:50,60,Lao Airlines,Economy,60,N/A,N/A,80,Y,Y,Y,1,7,1,20
Suvarnabhumi Airport,BKK,21/12/2024 18:25,Wattay International Airport,VTE,01/08/2024 19:45,80,THAI,Economy,80,N/A,N/A,111,Y,Y,Y,1,7,2,23
Suvarnabhumi Airport,BKK,22/12/2024 18:25,Kunming Changshui International Airport,KMG,02/08/2024 0:45,150,China Eastern,Economy,745,500,TRUE,254,Y,Y,Y,1,8,2,23
Suvarnabhumi Airport,BKK,23/12/2024 18:25,Kunming Changshui International Airport,KMG,01/08/2024 16:50,150,China Eastern,Economy,460,220,N/A,291,Y,Y,Y,1,8,2,23
Suvarnabhumi Airport,BKK,24/12/2024 18:25,Wattay International Airport,VTE,02/08/2024 15:05,60,Lao Airlines,Economy,60,N/A,N/A,81,Y,Y,Y,1,7,1,20
Suvarnabhumi Airport,BKK,25/12/2024 18:25,Wattay International Airport,VTE,02/08/2024 12:40,75,THAI,Economy,75,N/A,N/A,111,Y,Y,Y,1,7,2,23
Suvarnabhumi Airport,BKK,26/12/2024 18:25,Wattay International Airport,VTE,02/08/2024 21:50,60,Lao Airlines,Economy,60,N/A,N/A,81,Y,Y,Y,1,7,1,20
Suvarnabhumi Airport,BKK,27/12/2024 18:25,Wattay International Airport,VTE,02/08/2024 19:45,80,THAI,Economy,80,N/A,N/A,147,Y,Y,Y,1,7,2,23
Suvarnabhumi Airport,BKK,28/12/2024 18:25,Kunming Changshui International Airport,KMG,03/08/2024 0:45,150,China Eastern,Economy,745,500,TRUE,254,Y,Y,Y,1,8,2,23
Suvarnabhumi Airport,BKK,29/12/2024 18:25,Guangzhou Baiyun International Airport,CAN,02/08/2024 15:05,165,China Southern,Economy,410,90,N/A,492,Y,Y,Y,1,8,1,23
Suvarnabhumi Airport,BKK,30/12/2024 18:25,Wattay International Airport,VTE,03/08/2024 15:25,80,Lao Airlines,Economy,80,N/A,N/A,80,Y,Y,Y,1,7,1,20
Suvarnabhumi Airport,BKK,31/12/2024 18:25,Wattay International Airport,VTE,03/08/2024 12:40,75,THAI,Economy,75,N/A,N/A,111,Y,Y,Y,1,7,2,23
Suvarnabhumi Airport,BKK,01/01/2025 18:25,Wattay International Airport,VTE,03/08/2024 21:50,60,Lao Airlines,Economy,60,N/A,N/A,80,Y,Y,Y,1,7,1,20
Suvarnabhumi Airport,BKK,02/01/2025 18:25,Wattay International Airport,VTE,03/08/2024 19:45,80,THAI,Economy,80,N/A,N/A,146,Y,Y,Y,1,7,2,23
Suvarnabhumi Airport,BKK,03/01/2025 18:25,Kunming Changshui International Airport,KMG,04/08/2024 0:45,150,China Eastern,Economy,745,500,TRUE,291,Y,Y,Y,1,8,2,23
Suvarnabhumi Airport,BKK,04/01/2025 18:25,Kunming Changshui International Airport,KMG,03/08/2024 16:40,140,China Eastern,Economy,460,230,N/A,346,Y,Y,Y,1,8,2,23
Suvarnabhumi Airport,BKK,05/01/2025 18:25,Wattay International Airport,VTE,04/08/2024 21:50,60,Lao Airlines,Economy,60,N/A,N/A,80,Y,Y,Y,1,7,1,20
Suvarnabhumi Airport,BKK,06/01/2025 18:25,Wattay International Airport,VTE,04/08/2024 12:40,75,THAI,Economy,75,N/A,N/A,114,Y,Y,Y,1,7,2,23
Suvarnabhumi Airport,BKK,07/01/2025 18:25,Wattay International Airport,VTE,04/08/2024 19:45,80,THAI,Economy,80,N/A,N/A,120,Y,Y,Y,1,7,2,23
Suvarnabhumi Airport,BKK,08/01/2025 18:25,Wattay International Airport,VTE,04/08/2024 15:25,80,Lao Airlines,Economy,80,N/A,N/A,122,Y,Y,Y,1,7,1,20
Suvarnabhumi Airport,BKK,09/01/2025 18:25,Kunming Changshui International Airport,KMG,05/08/2024 0:45,150,China Eastern,Economy,745,500,TRUE,254,Y,Y,Y,1,8,2,23
Suvarnabhumi Airport,BKK,10/01/2025 18:25,Guangzhou Baiyun International Airport,CAN,04/08/2024 15:05,165,China Southern,Economy,410,90,N/A,340,Y,Y,Y,1,8,1,23
Suvarnabhumi Airport,BKK,11/01/2025 18:25,Wattay International Airport,VTE,05/08/2024 15:05,60,Lao Airlines,Economy,60,N/A,N/A,81,Y,Y,Y,1,7,1,20
Suvarnabhumi Airport,BKK,12/01/2025 18:25,Wattay International Airport,VTE,05/08/2024 12:40,75,THAI,Economy,75,N/A,N/A,114,Y,Y,Y,1,7,2,23
Suvarnabhumi Airport,BKK,13/01/2025 18:25,Wattay International Airport,VTE,05/08/2024 21:50,60,Lao Airlines,Economy,60,N/A,N/A,81,Y,Y,Y,1,7,1,20
Suvarnabhumi Airport,BKK,14/01/2025 18:25,Wattay International Airport,VTE,05/08/2024 19:45,80,THAI,Economy,80,N/A,N/A,114,Y,Y,Y,1,7,2,23
Suvarnabhumi Airport,BKK,15/01/2025 18:25,Kunming Changshui International Airport,KMG,06/08/2024 0:45,150,China Eastern,Economy,745,500,TRUE,254,Y,Y,Y,1,8,2,23
Suvarnabhumi Airport,BKK,16/01/2025 18:25,Kunming Changshui International Airport,KMG,05/08/2024 16:55,155,China Eastern,Economy,460,215,N/A,291,Y,Y,Y,1,8,2,23
Suvarnabhumi Airport,BKK,17/01/2025 18:25,Wattay International Airport,VTE,06/08/2024 15:25,80,Lao Airlines,Economy,80,N/A,N/A,80,Y,Y,Y,1,7,1,20
Suvarnabhumi Airport,BKK,18/01/2025 18:25,Wattay International Airport,VTE,06/08/2024 12:40,75,THAI,Economy,75,N/A,N/A,114,Y,Y,Y,1,7,2,23
Suvarnabhumi Airport,BKK,19/01/2025 18:25,Wattay International Airport,VTE,06/08/2024 21:50,60,Lao Airlines,Economy,60,N/A,N/A,80,Y,Y,Y,1,7,1,20
Suvarnabhumi Airport,BKK,20/01/2025 18:25,Wattay International Airport,VTE,06/08/2024 19:45,80,THAI,Economy,80,N/A,N/A,114,Y,Y,Y,1,7,2,23
Suvarnabhumi Airport,BKK,21/01/2025 18:25,Kunming Changshui International Airport,KMG,07/08/2024 0:45,150,China Eastern,Economy,745,500,TRUE,254,Y,Y,Y,1,8,2,23
Suvarnabhumi Airport,BKK,22/01/2025 18:25,Kunming Changshui International Airport,KMG,06/08/2024 16:55,155,China Eastern,Economy,460,215,N/A,291,Y,Y,Y,1,8,2,23
Suvarnabhumi Airport,BKK,23/01/2025 18:25,Wattay International Airport,VTE,07/08/2024 15:05,60,Lao Airlines,Economy,60,N/A,N/A,80,Y,Y,Y,1,7,1,20
Suvarnabhumi Airport,BKK,24/01/2025 18:25,Wattay International Airport,VTE,07/08/2024 12:40,75,THAI,Economy,75,N/A,N/A,114,Y,Y,Y,1,7,2,23
Suvarnabhumi Airport,BKK,25/01/2025 18:25,Wattay International Airport,VTE,07/08/2024 21:50,60,Lao Airlines,Economy,60,N/A,N/A,80,Y,Y,Y,1,7,1,20
Suvarnabhumi Airport,BKK,26/01/2025 18:25,Wattay International Airport,VTE,07/08/2024 19:45,80,THAI,Economy,80,N/A,N/A,114,Y,Y,Y,1,7,2,23
Suvarnabhumi Airport,BKK,27/01/2025 18:25,Kunming Changshui International Airport,KMG,08/08/2024 0:45,150,China Eastern,Economy,745,500,TRUE,254,Y,Y,Y,1,8,2,23
Suvarnabhumi Airport,BKK,28/01/2025 18:25,Guangzhou Baiyun International Airport,CAN,07/08/2024 15:05,165,China Southern,Economy,410,90,N/A,340,Y,Y,Y,1,8,1,23
Suvarnabhumi Airport,BKK,29/01/2025 18:25,Wattay International Airport,VTE,08/08/2024 21:50,60,Lao Airlines,Economy,60,N/A,N/A,81,Y,Y,Y,1,7,1,20
Suvarnabhumi Airport,BKK,30/01/2025 18:25,Wattay International Airport,VTE,08/08/2024 12:40,75,THAI,Economy,75,N/A,N/A,111,Y,Y,Y,1,7,2,23
Suvarnabhumi Airport,BKK,31/01/2025 18:25,Wattay International Airport,VTE,08/08/2024 19:45,80,THAI,Economy,80,N/A,N/A,117,Y,Y,Y,1,7,2,23
Suvarnabhumi Airport,BKK,01/02/2025 18:25,Wattay International Airport,VTE,08/08/2024 15:25,80,Lao Airlines,Economy,80,N/A,N/A,122,Y,Y,Y,1,7,1,20
Suvarnabhumi Airport,BKK,02/02/2025 18:25,Kunming Changshui International Airport,KMG,09/08/2024 0:45,150,China Eastern,Economy,745,500,TRUE,254,Y,Y,Y,1,8,2,23
Suvarnabhumi Airport,BKK,03/02/2025 18:25,Kunming Changshui International Airport,KMG,08/08/2024 16:50,150,China Eastern,Economy,460,220,N/A,346,Y,Y,Y,1,8,2,23
Suvarnabhumi Airport,BKK,04/02/2025 18:25,Wattay International Airport,VTE,09/08/2024 15:05,60,Lao Airlines,Economy,60,N/A,N/A,80,Y,Y,Y,1,7,1,20
Suvarnabhumi Airport,BKK,05/02/2025 18:25,Wattay International Airport,VTE,09/08/2024 12:40,75,THAI,Economy,75,N/A,N/A,111,Y,Y,Y,1,7,2,23
Suvarnabhumi Airport,BKK,06/02/2025 18:25,Wattay International Airport,VTE,09/08/2024 21:50,60,Lao Airlines,Economy,60,N/A,N/A,80,Y,Y,Y,1,7,1,20
Suvarnabhumi Airport,BKK,07/02/2025 18:25,Wattay International Airport,VTE,09/08/2024 19:45,80,THAI,Economy,80,N/A,N/A,111,Y,Y,Y,1,7,2,23
Suvarnabhumi Airport,BKK,08/02/2025 18:25,Kunming Changshui International Airport,KMG,10/08/2024 0:45,150,China Eastern,Economy,745,500,TRUE,254,Y,Y,Y,1,8,2,23
Suvarnabhumi Airport,BKK,09/02/2025 18:25,Guangzhou Baiyun International Airport,CAN,09/08/2024 15:05,165,China Southern,Economy,410,90,N/A,340,Y,Y,Y,1,8,1,23
Suvarnabhumi Airport,BKK,10/02/2025 18:25,Wattay International Airport,VTE,10/08/2024 15:25,80,Lao Airlines,Economy,80,N/A,N/A,80,Y,Y,Y,1,7,1,20
Suvarnabhumi Airport,BKK,11/02/2025 18:25,Wattay International Airport,VTE,10/08/2024 12:40,75,THAI,Economy,75,N/A,N/A,114,Y,Y,Y,1,7,2,23
Suvarnabhumi Airport,BKK,12/02/2025 18:25,Wattay International Airport,VTE,10/08/2024 21:50,60,Lao Airlines,Economy,60,N/A,N/A,80,Y,Y,Y,1,7,1,20
Suvarnabhumi Airport,BKK,13/02/2025 18:25,Wattay International Airport,VTE,10/08/2024 19:45,80,THAI,Economy,80,N/A,N/A,113,Y,Y,Y,1,7,2,23
Suvarnabhumi Airport,BKK,14/02/2025 18:25,Kunming Changshui International Airport,KMG,11/08/2024 0:45,150,China Eastern,Economy,745,500,TRUE,254,Y,Y,Y,1,8,2,23
Suvarnabhumi Airport,BKK,15/02/2025 18:25,Kunming Changshui International Airport,KMG,10/08/2024 16:40,140,China Eastern,Economy,460,230,N/A,291,Y,Y,Y,1,8,2,23
Suvarnabhumi Airport,BKK,16/02/2025 18:25,Wattay International Airport,VTE,11/08/2024 15:25,80,Lao Airlines,Economy,80,N/A,N/A,80,Y,Y,Y,1,7,1,20
Suvarnabhumi Airport,BKK,17/02/2025 18:25,Wattay International Airport,VTE,11/08/2024 21:50,60,Lao Airlines,Economy,60,N/A,N/A,80,Y,Y,Y,1,7,1,20
Suvarnabhumi Airport,BKK,18/02/2025 18:25,Wattay International Airport,VTE,11/08/2024 12:40,75,THAI,Economy,75,N/A,N/A,111,Y,Y,Y,1,7,2,23
Suvarnabhumi Airport,BKK,19/02/2025 18:25,Wattay International Airport,VTE,11/08/2024 19:45,80,THAI,Economy,80,N/A,N/A,249,Y,Y,Y,1,7,2,23
Suvarnabhumi Airport,BKK,20/02/2025 18:25,Kunming Changshui International Airport,KMG,12/08/2024 0:45,150,China Eastern,Economy,745,500,TRUE,291,Y,Y,Y,1,8,2,23
Suvarnabhumi Airport,BKK,21/02/2025 18:25,Guangzhou Baiyun International Airport,CAN,11/08/2024 15:05,165,China Southern,Economy,410,90,N/A,340,Y,Y,Y,1,8,1,23
Suvarnabhumi Airport,BKK,22/02/2025 18:25,Wattay International Airport,VTE,12/08/2024 15:05,60,Lao Airlines,Economy,60,N/A,N/A,80,Y,Y,Y,1,7,1,20
Suvarnabhumi Airport,BKK,23/02/2025 18:25,Wattay International Airport,VTE,12/08/2024 12:40,75,THAI,Economy,75,N/A,N/A,111,Y,Y,Y,1,7,2,23
Suvarnabhumi Airport,BKK,24/02/2025 18:25,Wattay International Airport,VTE,12/08/2024 21:50,60,Lao Airlines,Economy,60,N/A,N/A,80,Y,Y,Y,1,7,1,20
Suvarnabhumi Airport,BKK,25/02/2025 18:25,Wattay International Airport,VTE,12/08/2024 19:45,80,THAI,Economy,80,N/A,N/A,111,Y,Y,Y,1,7,2,23
Suvarnabhumi Airport,BKK,26/02/2025 18:25,Kunming Changshui International Airport,KMG,12/08/2024 16:55,155,China Eastern,Economy,460,215,N/A,254,Y,Y,Y,1,8,2,23
Suvarnabhumi Airport,BKK,27/02/2025 18:25,Kunming Changshui International Airport,KMG,13/08/2024 0:45,150,China Eastern,Economy,745,500,TRUE,254,Y,Y,Y,1,8,2,23
Suvarnabhumi Airport,BKK,28/02/2025 18:25,Wattay International Airport,VTE,13/08/2024 15:25,80,Lao Airlines,Economy,80,N/A,N/A,80,Y,Y,Y,1,7,1,20
Suvarnabhumi Airport,BKK,01/03/2025 18:25,Wattay International Airport,VTE,13/08/2024 21:50,60,Lao Airlines,Economy,60,N/A,N/A,80,Y,Y,Y,1,7,1,20
Suvarnabhumi Airport,BKK,02/03/2025 18:25,Wattay International Airport,VTE,13/08/2024 12:40,75,THAI,Economy,75,N/A,N/A,111,Y,Y,Y,1,7,2,23
Suvarnabhumi Airport,BKK,03/03/2025 18:25,Wattay International Airport,VTE,13/08/2024 19:45,80,THAI,Economy,80,N/A,N/A,111,Y,Y,Y,1,7,2,23
Suvarnabhumi Airport,BKK,04/03/2025 18:25,Kunming Changshui International Airport,KMG,13/08/2024 11:30,160,China Eastern,Economy,790,540,N/A,254,Y,Y,Y,1,8,2,23
Suvarnabhumi Airport,BKK,05/03/2025 18:25,Kunming Changshui International Airport,KMG,14/08/2024 0:45,150,China Eastern,Economy,745,500,TRUE,291,Y,Y,Y,1,8,2,23
Suvarnabhumi Airport,BKK,06/03/2025 18:25,Kunming Changshui International Airport,KMG,13/08/2024 16:55,155,China Eastern,Economy,460,215,N/A,346,Y,Y,Y,1,8,2,23
Suvarnabhumi Airport,BKK,07/03/2025 18:25,Wattay International Airport,VTE,14/08/2024 15:05,60,Lao Airlines,Economy,60,N/A,N/A,80,Y,Y,Y,1,7,1,20
Suvarnabhumi Airport,BKK,08/03/2025 18:25,Wattay International Airport,VTE,14/08/2024 21:50,60,Lao Airlines,Economy,60,N/A,N/A,80,Y,Y,Y,1,7,1,20
Suvarnabhumi Airport,BKK,09/03/2025 18:25,Wattay International Airport,VTE,14/08/2024 12:40,75,THAI,Economy,75,N/A,N/A,113,Y,Y,Y,1,7,2,23
Suvarnabhumi Airport,BKK,10/03/2025 18:25,Wattay International Airport,VTE,14/08/2024 19:45,80,THAI,Economy,80,N/A,N/A,113,Y,Y,Y,1,7,2,23
Suvarnabhumi Airport,BKK,11/03/2025 18:25,Kunming Changshui International Airport,KMG,14/08/2024 17:00,160,China Eastern,Economy,460,210,N/A,254,Y,Y,Y,1,8,2,23
Suvarnabhumi Airport,BKK,12/03/2025 18:25,Kunming Changshui International Airport,KMG,15/08/2024 0:45,150,China Eastern,Economy,745,500,TRUE,254,Y,Y,Y,1,8,2,23
Suvarnabhumi Airport,BKK,13/03/2025 18:25,Guangzhou Baiyun International Airport,CAN,14/08/2024 15:05,165,China Southern,Economy,410,90,N/A,340,Y,Y,Y,1,8,1,23
Suvarnabhumi Airport,BKK,14/03/2025 18:25,Wattay International Airport,VTE,15/08/2024 15:25,80,Lao Airlines,Economy,80,N/A,N/A,80,Y,Y,Y,1,7,1,20
Suvarnabhumi Airport,BKK,15/03/2025 18:25,Wattay International Airport,VTE,15/08/2024 12:40,75,THAI,Economy,75,N/A,N/A,114,Y,Y,Y,1,7,2,23
Suvarnabhumi Airport,BKK,16/03/2025 18:25,Wattay International Airport,VTE,15/08/2024 21:50,60,Lao Airlines,Economy,60,N/A,N/A,80,Y,Y,Y,1,7,1,20
Suvarnabhumi Airport,BKK,17/03/2025 18:25,Wattay International Airport,VTE,15/08/2024 19:45,80,THAI,Economy,80,N/A,N/A,114,Y,Y,Y,1,7,2,23
Suvarnabhumi Airport,BKK,18/03/2025 18:25,Kunming Changshui International Airport,KMG,16/08/2024 0:45,150,China Eastern,Economy,745,500,TRUE,254,Y,Y,Y,1,8,2,23
Suvarnabhumi Airport,BKK,19/03/2025 18:25,Kunming Changshui International Airport,KMG,15/08/2024 16:50,150,China Eastern,Economy,460,220,N/A,291,Y,Y,Y,1,8,2,23
Suvarnabhumi Airport,BKK,20/03/2025 18:25,Wattay International Airport,VTE,16/08/2024 15:05,60,Lao Airlines,Economy,60,N/A,N/A,81,Y,Y,Y,1,7,1,20
Suvarnabhumi Airport,BKK,21/03/2025 18:25,Wattay International Airport,VTE,16/08/2024 12:40,75,THAI,Economy,75,N/A,N/A,115,Y,Y,Y,1,7,2,23
Suvarnabhumi Airport,BKK,22/03/2025 18:25,Wattay International Airport,VTE,16/08/2024 21:50,60,Lao Airlines,Economy,60,N/A,N/A,81,Y,Y,Y,1,7,1,20
Suvarnabhumi Airport,BKK,23/03/2025 18:25,Wattay International Airport,VTE,16/08/2024 19:45,80,THAI,Economy,80,N/A,N/A,115,Y,Y,Y,1,7,2,23
Suvarnabhumi Airport,BKK,24/03/2025 18:25,Kunming Changshui International Airport,KMG,17/08/2024 0:45,150,China Eastern,Economy,745,500,TRUE,254,Y,Y,Y,1,8,2,23
Suvarnabhumi Airport,BKK,25/03/2025 18:25,Guangzhou Baiyun International Airport,CAN,16/08/2024 15:05,165,China Southern,Economy,410,90,N/A,340,Y,Y,Y,1,8,1,23
Suvarnabhumi Airport,BKK,26/03/2025 18:25,Wattay International Airport,VTE,17/08/2024 15:25,80,Lao Airlines,Economy,80,N/A,N/A,81,Y,Y,Y,1,7,1,20
Suvarnabhumi Airport,BKK,27/03/2025 18:25,Wattay International Airport,VTE,17/08/2024 12:40,75,THAI,Economy,75,N/A,N/A,111,Y,Y,Y,1,7,2,23
Suvarnabhumi Airport,BKK,28/03/2025 18:25,Wattay International Airport,VTE,17/08/2024 21:50,60,Lao Airlines,Economy,60,N/A,N/A,81,Y,Y,Y,1,7,1,20
Suvarnabhumi Airport,BKK,29/03/2025 18:25,Wattay International Airport,VTE,17/08/2024 19:45,80,THAI,Economy,80,N/A,N/A,111,Y,Y,Y,1,7,2,23
Suvarnabhumi Airport,BKK,30/03/2025 18:25,Kunming Changshui International Airport,KMG,18/08/2024 0:45,150,China Eastern,Economy,745,500,TRUE,254,Y,Y,Y,1,8,2,23
Suvarnabhumi Airport,BKK,31/03/2025 18:25,Kunming Changshui International Airport,KMG,17/08/2024 16:40,140,China Eastern,Economy,460,230,N/A,291,Y,Y,Y,1,8,2,23
Suvarnabhumi Airport,BKK,01/04/2025 18:25,Wattay International Airport,VTE,18/08/2024 21:50,60,Lao Airlines,Economy,60,N/A,N/A,80,Y,Y,Y,1,7,1,20
Suvarnabhumi Airport,BKK,02/04/2025 18:25,Wattay International Airport,VTE,18/08/2024 12:40,75,THAI,Economy,75,N/A,N/A,115,Y,Y,Y,1,7,2,23
Suvarnabhumi Airport,BKK,03/04/2025 18:25,Wattay International Airport,VTE,18/08/2024 15:25,80,Lao Airlines,Economy,80,N/A,N/A,80,Y,Y,Y,1,7,1,20
Suvarnabhumi Airport,BKK,04/04/2025 18:25,Wattay International Airport,VTE,18/08/2024 19:45,80,THAI,Economy,80,N/A,N/A,115,Y,Y,Y,1,7,2,23
Suvarnabhumi Airport,BKK,05/04/2025 18:25,Kunming Changshui International Airport,KMG,19/08/2024 0:45,150,China Eastern,Economy,745,500,TRUE,254,Y,Y,Y,1,8,2,23
Suvarnabhumi Airport,BKK,06/04/2025 18:25,Guangzhou Baiyun International Airport,CAN,18/08/2024 15:05,165,China Southern,Economy,410,90,N/A,304,Y,Y,Y,1,8,1,23
Suvarnabhumi Airport,BKK,07/04/2025 18:25,Wattay International Airport,VTE,19/08/2024 15:05,60,Lao Airlines,Economy,60,N/A,N/A,80,Y,Y,Y,1,7,1,20
Suvarnabhumi Airport,BKK,08/04/2025 18:25,Wattay International Airport,VTE,19/08/2024 12:40,75,THAI,Economy,75,N/A,N/A,114,Y,Y,Y,1,7,2,23
Suvarnabhumi Airport,BKK,09/04/2025 18:25,Wattay International Airport,VTE,19/08/2024 21:50,60,Lao Airlines,Economy,60,N/A,N/A,80,Y,Y,Y,1,7,1,20
Suvarnabhumi Airport,BKK,10/04/2025 18:25,Wattay International Airport,VTE,19/08/2024 19:45,80,THAI,Economy,80,N/A,N/A,114,Y,Y,Y,1,7,2,23
Suvarnabhumi Airport,BKK,11/04/2025 18:25,Kunming Changshui International Airport,KMG,20/08/2024 0:45,150,China Eastern,Economy,745,500,TRUE,254,Y,Y,Y,1,8,2,23
Suvarnabhumi Airport,BKK,12/04/2025 18:25,Kunming Changshui International Airport,KMG,19/08/2024 16:55,155,China Eastern,Economy,460,215,N/A,291,Y,Y,Y,1,8,2,23
Suvarnabhumi Airport,BKK,13/04/2025 18:25,Wattay International Airport,VTE,20/08/2024 15:25,80,Lao Airlines,Economy,80,N/A,N/A,81,Y,Y,Y,1,7,1,20
Suvarnabhumi Airport,BKK,14/04/2025 18:25,Wattay International Airport,VTE,20/08/2024 12:40,75,THAI,Economy,75,N/A,N/A,117,Y,Y,Y,1,7,2,23
Suvarnabhumi Airport,BKK,15/04/2025 18:25,Wattay International Airport,VTE,20/08/2024 21:50,60,Lao Airlines,Economy,60,N/A,N/A,81,Y,Y,Y,1,7,1,20
Suvarnabhumi Airport,BKK,16/04/2025 18:25,Wattay International Airport,VTE,20/08/2024 19:45,80,THAI,Economy,80,N/A,N/A,117,Y,Y,Y,1,7,2,23
Suvarnabhumi Airport,BKK,17/04/2025 18:25,Kunming Changshui International Airport,KMG,20/08/2024 16:55,155,China Eastern,Economy,460,215,N/A,254,Y,Y,Y,1,8,2,23
Suvarnabhumi Airport,BKK,18/04/2025 18:25,Kunming Changshui International Airport,KMG,21/08/2024 0:45,150,China Eastern,Economy,745,500,TRUE,254,Y,Y,Y,1,8,2,23
Suvarnabhumi Airport,BKK,19/04/2025 18:25,Wattay International Airport,VTE,21/08/2024 15:05,60,Lao Airlines,Economy,60,N/A,N/A,81,Y,Y,Y,1,7,1,20
Suvarnabhumi Airport,BKK,20/04/2025 18:25,Wattay International Airport,VTE,21/08/2024 21:50,60,Lao Airlines,Economy,60,N/A,N/A,81,Y,Y,Y,1,7,1,20
Suvarnabhumi Airport,BKK,21/04/2025 18:25,Wattay International Airport,VTE,21/08/2024 12:40,75,THAI,Economy,75,N/A,N/A,111,Y,Y,Y,1,7,2,23
Suvarnabhumi Airport,BKK,22/04/2025 18:25,Wattay International Airport,VTE,21/08/2024 19:45,80,THAI,Economy,80,N/A,N/A,111,Y,Y,Y,1,7,2,23
Suvarnabhumi Airport,BKK,23/04/2025 18:25,Kunming Changshui International Airport,KMG,21/08/2024 17:00,160,China Eastern,Economy,460,210,N/A,254,Y,Y,Y,1,8,2,23
Suvarnabhumi Airport,BKK,24/04/2025 18:25,Kunming Changshui International Airport,KMG,22/08/2024 0:45,150,China Eastern,Economy,745,500,TRUE,254,Y,Y,Y,1,8,2,23
Suvarnabhumi Airport,BKK,25/04/2025 18:25,Guangzhou Baiyun International Airport,CAN,21/08/2024 15:05,165,China Southern,Economy,410,90,N/A,304,Y,Y,Y,1,8,1,23
Suvarnabhumi Airport,BKK,26/04/2025 18:25,Wattay International Airport,VTE,22/08/2024 15:25,80,Lao Airlines,Economy,80,N/A,N/A,80,Y,Y,Y,1,7,1,20
Suvarnabhumi Airport,BKK,27/04/2025 18:25,Wattay International Airport,VTE,22/08/2024 12:40,75,THAI,Economy,75,N/A,N/A,111,Y,Y,Y,1,7,2,23
Suvarnabhumi Airport,BKK,28/04/2025 18:25,Wattay International Airport,VTE,22/08/2024 21:50,60,Lao Airlines,Economy,60,N/A,N/A,80,Y,Y,Y,1,7,1,20
Suvarnabhumi Airport,BKK,29/04/2025 18:25,Wattay International Airport,VTE,22/08/2024 19:45,80,THAI,Economy,80,N/A,N/A,111,Y,Y,Y,1,7,2,23
Suvarnabhumi Airport,BKK,30/04/2025 18:25,Kunming Changshui International Airport,KMG,22/08/2024 16:50,150,China Eastern,Economy,460,220,N/A,254,Y,Y,Y,1,8,2,23
Suvarnabhumi Airport,BKK,01/05/2025 18:25,Kunming Changshui International Airport,KMG,23/08/2024 0:45,150,China Eastern,Economy,745,500,TRUE,254,Y,Y,Y,1,8,2,23
Suvarnabhumi Airport,BKK,02/05/2025 18:25,Wattay International Airport,VTE,23/08/2024 15:05,60,Lao Airlines,Economy,60,N/A,N/A,81,Y,Y,Y,1,7,1,20
Suvarnabhumi Airport,BKK,03/05/2025 18:25,Wattay International Airport,VTE,23/08/2024 21:50,60,Lao Airlines,Economy,60,N/A,N/A,81,Y,Y,Y,1,7,1,20
Suvarnabhumi Airport,BKK,04/05/2025 18:25,Wattay International Airport,VTE,23/08/2024 12:40,75,THAI,Economy,75,N/A,N/A,114,Y,Y,Y,1,7,2,23
Suvarnabhumi Airport,BKK,05/05/2025 18:25,Wattay International Airport,VTE,23/08/2024 19:45,80,THAI,Economy,80,N/A,N/A,114,Y,Y,Y,1,7,2,23
Suvarnabhumi Airport,BKK,06/05/2025 18:25,Kunming Changshui International Airport,KMG,23/08/2024 16:55,155,China Eastern,Economy,460,215,N/A,254,Y,Y,Y,1,8,2,23
Suvarnabhumi Airport,BKK,07/05/2025 18:25,Kunming Changshui International Airport,KMG,24/08/2024 0:45,150,China Eastern,Economy,745,500,TRUE,254,Y,Y,Y,1,8,2,23
Suvarnabhumi Airport,BKK,08/05/2025 18:25,Guangzhou Baiyun International Airport,CAN,23/08/2024 15:05,165,China Southern,Economy,410,90,N/A,304,Y,Y,Y,1,8,1,23
Suvarnabhumi Airport,BKK,09/05/2025 18:25,Wattay International Airport,VTE,24/08/2024 15:25,80,Lao Airlines,Economy,80,N/A,N/A,80,Y,Y,Y,1,7,1,20
Suvarnabhumi Airport,BKK,10/05/2025 18:25,Wattay International Airport,VTE,24/08/2024 12:40,75,THAI,Economy,75,N/A,N/A,114,Y,Y,Y,1,7,2,23
Suvarnabhumi Airport,BKK,11/05/2025 18:25,Wattay International Airport,VTE,24/08/2024 21:50,60,Lao Airlines,Economy,60,N/A,N/A,80,Y,Y,Y,1,7,1,20
Suvarnabhumi Airport,BKK,12/05/2025 18:25,Wattay International Airport,VTE,24/08/2024 19:45,80,THAI,Economy,80,N/A,N/A,114,Y,Y,Y,1,7,2,23
Suvarnabhumi Airport,BKK,13/05/2025 18:25,Kunming Changshui International Airport,KMG,24/08/2024 16:40,140,China Eastern,Economy,460,230,N/A,254,Y,Y,Y,1,8,2,23
Suvarnabhumi Airport,BKK,14/05/2025 18:25,Kunming Changshui International Airport,KMG,25/08/2024 0:45,150,China Eastern,Economy,745,500,TRUE,254,Y,Y,Y,1,8,2,23
Suvarnabhumi Airport,BKK,15/05/2025 18:25,Wattay International Airport,VTE,25/08/2024 15:25,80,Lao Airlines,Economy,80,N/A,N/A,80,Y,Y,Y,1,7,1,20
Suvarnabhumi Airport,BKK,16/05/2025 18:25,Wattay International Airport,VTE,25/08/2024 21:50,60,Lao Airlines,Economy,60,N/A,N/A,80,Y,Y,Y,1,7,1,20
Suvarnabhumi Airport,BKK,17/05/2025 18:25,Wattay International Airport,VTE,25/08/2024 19:45,80,THAI,Economy,80,N/A,N/A,115,Y,Y,Y,1,7,2,23
Suvarnabhumi Airport,BKK,18/05/2025 18:25,Wattay International Airport,VTE,25/08/2024 12:40,75,THAI,Economy,75,N/A,N/A,122,Y,Y,Y,1,7,2,23
Suvarnabhumi Airport,BKK,19/05/2025 18:25,Kunming Changshui International Airport,KMG,25/08/2024 16:50,150,China Eastern,Economy,460,220,N/A,254,Y,Y,Y,1,8,2,23
Suvarnabhumi Airport,BKK,20/05/2025 18:25,Kunming Changshui International Airport,KMG,26/08/2024 0:45,150,China Eastern,Economy,745,500,TRUE,254,Y,Y,Y,1,8,2,23
Suvarnabhumi Airport,BKK,21/05/2025 18:25,Guangzhou Baiyun International Airport,CAN,25/08/2024 15:05,165,China Southern,Economy,410,90,N/A,286,Y,Y,Y,1,8,1,23
Suvarnabhumi Airport,BKK,22/05/2025 18:25,Wattay International Airport,VTE,26/08/2024 15:05,60,Lao Airlines,Economy,60,N/A,N/A,81,Y,Y,Y,1,7,1,20
Suvarnabhumi Airport,BKK,23/05/2025 18:25,Wattay International Airport,VTE,26/08/2024 12:40,75,THAI,Economy,75,N/A,N/A,114,Y,Y,Y,1,7,2,23
Suvarnabhumi Airport,BKK,24/05/2025 18:25,Wattay International Airport,VTE,26/08/2024 21:50,60,Lao Airlines,Economy,60,N/A,N/A,81,Y,Y,Y,1,7,1,20
Suvarnabhumi Airport,BKK,25/05/2025 18:25,Wattay International Airport,VTE,26/08/2024 19:45,80,THAI,Economy,80,N/A,N/A,114,Y,Y,Y,1,7,2,23
Suvarnabhumi Airport,BKK,26/05/2025 18:25,Kunming Changshui International Airport,KMG,26/08/2024 16:55,155,China Eastern,Economy,460,215,N/A,254,Y,Y,Y,1,8,2,23
Suvarnabhumi Airport,BKK,27/05/2025 18:25,Kunming Changshui International Airport,KMG,27/08/2024 0:45,150,China Eastern,Economy,745,500,TRUE,254,Y,Y,Y,1,8,2,23
Suvarnabhumi Airport,BKK,28/05/2025 18:25,Wattay International Airport,VTE,27/08/2024 15:25,80,Lao Airlines,Economy,80,N/A,N/A,80,Y,Y,Y,1,7,1,20
Suvarnabhumi Airport,BKK,29/05/2025 18:25,Wattay International Airport,VTE,27/08/2024 21:50,60,Lao Airlines,Economy,60,N/A,N/A,80,Y,Y,Y,1,7,1,20
Suvarnabhumi Airport,BKK,30/05/2025 18:25,Wattay International Airport,VTE,27/08/2024 12:40,75,THAI,Economy,75,N/A,N/A,115,Y,Y,Y,1,7,2,23
Suvarnabhumi Airport,BKK,31/05/2025 18:25,Wattay International Airport,VTE,27/08/2024 19:45,80,THAI,Economy,80,N/A,N/A,115,Y,Y,Y,1,7,2,23
Suvarnabhumi Airport,BKK,01/06/2025 18:25,Kunming Changshui International Airport,KMG,27/08/2024 16:55,155,China Eastern,Economy,460,215,N/A,270,Y,Y,Y,1,8,2,23
Suvarnabhumi Airport,BKK,02/06/2025 18:25,Kunming Changshui International Airport,KMG,28/08/2024 0:45,150,China Eastern,Economy,745,500,TRUE,254,Y,Y,Y,1,8,2,23
Suvarnabhumi Airport,BKK,03/06/2025 18:25,Wattay International Airport,VTE,28/08/2024 15:05,60,Lao Airlines,Economy,60,N/A,N/A,80,Y,Y,Y,1,7,1,20
Suvarnabhumi Airport,BKK,04/06/2025 18:25,Wattay International Airport,VTE,28/08/2024 21:50,60,Lao Airlines,Economy,60,N/A,N/A,80,Y,Y,Y,1,7,1,20
Suvarnabhumi Airport,BKK,05/06/2025 18:25,Wattay International Airport,VTE,28/08/2024 12:40,75,THAI,Economy,75,N/A,N/A,114,Y,Y,Y,1,7,2,23
Suvarnabhumi Airport,BKK,06/06/2025 18:25,Wattay International Airport,VTE,28/08/2024 19:45,80,THAI,Economy,80,N/A,N/A,114,Y,Y,Y,1,7,2,23
Suvarnabhumi Airport,BKK,07/06/2025 18:25,Kunming Changshui International Airport,KMG,28/08/2024 17:00,160,China Eastern,Economy,460,210,N/A,254,Y,Y,Y,1,8,2,23
Suvarnabhumi Airport,BKK,08/06/2025 18:25,Kunming Changshui International Airport,KMG,29/08/2024 0:45,150,China Eastern,Economy,745,500,TRUE,254,Y,Y,Y,1,8,2,23
Suvarnabhumi Airport,BKK,09/06/2025 18:25,Guangzhou Baiyun International Airport,CAN,28/08/2024 15:05,165,China Southern,Economy,410,90,N/A,279,Y,Y,Y,1,8,1,23
Suvarnabhumi Airport,BKK,10/06/2025 18:25,Wattay International Airport,VTE,29/08/2024 15:25,80,Lao Airlines,Economy,80,N/A,N/A,81,Y,Y,Y,1,7,1,20
Suvarnabhumi Airport,BKK,11/06/2025 18:25,Wattay International Airport,VTE,29/08/2024 12:40,75,THAI,Economy,75,N/A,N/A,115,Y,Y,Y,1,7,2,23
Suvarnabhumi Airport,BKK,12/06/2025 18:25,Wattay International Airport,VTE,29/08/2024 21:50,60,Lao Airlines,Economy,60,N/A,N/A,81,Y,Y,Y,1,7,1,20
Suvarnabhumi Airport,BKK,13/06/2025 18:25,Wattay International Airport,VTE,29/08/2024 19:45,80,THAI,Economy,80,N/A,N/A,115,Y,Y,Y,1,7,2,23
Suvarnabhumi Airport,BKK,14/06/2025 18:25,Kunming Changshui International Airport,KMG,29/08/2024 16:50,150,China Eastern,Economy,460,220,N/A,254,Y,Y,Y,1,8,2,23
Suvarnabhumi Airport,BKK,15/06/2025 18:25,Kunming Changshui International Airport,KMG,30/08/2024 0:45,150,China Eastern,Economy,745,500,TRUE,254,Y,Y,Y,1,8,2,23
Suvarnabhumi Airport,BKK,16/06/2025 18:25,Wattay International Airport,VTE,30/08/2024 15:05,60,Lao Airlines,Economy,60,N/A,N/A,80,Y,Y,Y,1,7,1,20
Suvarnabhumi Airport,BKK,17/06/2025 18:25,Wattay International Airport,VTE,30/08/2024 21:50,60,Lao Airlines,Economy,60,N/A,N/A,80,Y,Y,Y,1,7,1,20
Suvarnabhumi Airport,BKK,18/06/2025 18:25,Wattay International Airport,VTE,30/08/2024 12:40,75,THAI,Economy,75,N/A,N/A,114,Y,Y,Y,1,7,2,23
Suvarnabhumi Airport,BKK,19/06/2025 18:25,Wattay International Airport,VTE,30/08/2024 19:45,80,THAI,Economy,80,N/A,N/A,114,Y,Y,Y,1,7,2,23
Suvarnabhumi Airport,BKK,20/06/2025 18:25,Kunming Changshui International Airport,KMG,30/08/2024 16:55,155,China Eastern,Economy,460,215,N/A,254,Y,Y,Y,1,8,2,23
Suvarnabhumi Airport,BKK,21/06/2025 18:25,Kunming Changshui International Airport,KMG,31/08/2024 0:45,150,China Eastern,Economy,745,500,TRUE,254,Y,Y,Y,1,8,2,23
Suvarnabhumi Airport,BKK,22/06/2025 18:25,Guangzhou Baiyun International Airport,CAN,30/08/2024 15:05,165,China Southern,Economy,410,90,N/A,298,Y,Y,Y,1,8,1,23
Suvarnabhumi Airport,BKK,23/06/2025 18:25,Wattay International Airport,VTE,31/08/2024 15:25,80,Lao Airlines,Economy,80,N/A,N/A,80,Y,Y,Y,1,7,1,20
Suvarnabhumi Airport,BKK,24/06/2025 18:25,Wattay International Airport,VTE,31/08/2024 21:50,60,Lao Airlines,Economy,60,N/A,N/A,80,Y,Y,Y,1,7,1,20
Suvarnabhumi Airport,BKK,25/06/2025 18:25,Wattay International Airport,VTE,31/08/2024 12:40,75,THAI,Economy,75,N/A,N/A,116,Y,Y,Y,1,7,2,23
Suvarnabhumi Airport,BKK,26/06/2025 18:25,Wattay International Airport,VTE,31/08/2024 19:45,80,THAI,Economy,80,N/A,N/A,116,Y,Y,Y,1,7,2,23
Suvarnabhumi Airport,BKK,27/06/2025 18:25,Kunming Changshui International Airport,KMG,31/08/2024 16:40,140,China Eastern,Economy,460,230,N/A,254,Y,Y,Y,1,8,2,23
Suvarnabhumi Airport,BKK,28/06/2025 18:25,Kunming Changshui International Airport,KMG,01/09/2024 0:45,150,China Eastern,Economy,1425,1185,TRUE,254,Y,Y,Y,1,8,2,23
Suvarnabhumi Airport,BKK,29/06/2025 18:25,Kunming Changshui International Airport,KMG,01/09/2024 0:45,150,China Eastern,Economy,745,500,TRUE,270,Y,Y,Y,1,8,2,23