Departure Airport Name,Departure Airport ID,Departure Time,Arrival Airport Name,Arrival Airport ID,Arrival Time,Duration,Airline,Travel Class,Total Duration,Layover 1 Duration,Layover 1 Overnight,Price, Cabin Baggage, Checked Baggage,Meal Included,Cabin Baggage (Number),Cabin Baggage (kg per piece),Checked Baggage (Number),Checked Baggage (kg per piece) 
Suvarnabhumi Airport,BKK,01/07/2024 20:25,Singapore Changi Airport,SIN,01/07/2024 23:45,140,Scoot,Economy,495,135,N/A,99,Y,N,N,1,7,0,0
Suvarnabhumi Airport,BKK,01/07/2024 11:15,Ninoy Aquino International Airport,MNL,01/07/2024 15:55,220,Cebu Pacific,Economy,220,N/A,N/A,145,Y,N,N,1,7,0,0
Suvarnabhumi Airport,BKK,01/07/2024 7:25,Ninoy Aquino International Airport,MNL,01/07/2024 11:45,200,THAI,Economy,200,N/A,N/A,169,Y,Y,Y,1,7,2,23
Suvarnabhumi Airport,BKK,01/07/2024 14:30,Ninoy Aquino International Airport,MNL,01/07/2024 18:45,195,THAI,Economy,195,N/A,N/A,169,Y,Y,Y,1,7,2,23
Suvarnabhumi Airport,BKK,01/07/2024 13:30,Ninoy Aquino International Airport,MNL,01/07/2024 17:55,205,Philippine Airlines,Economy,205,N/A,N/A,218,Y,Y,Y,1,7,1,30
Suvarnabhumi Airport,BKK,01/07/2024 13:50,Kuala Lumpur International Airport,KUL,01/07/2024 17:10,140,AirAsia X,Economy,665,285,N/A,167,Y,N,N,1,7,0,0
Suvarnabhumi Airport,BKK,01/07/2024 4:00,Ninoy Aquino International Airport,MNL,01/07/2024 8:35,215,Cebu Pacific,Economy,215,N/A,N/A,209,Y,N,N,1,7,0,0
Suvarnabhumi Airport,BKK,01/07/2024 18:10,Ninoy Aquino International Airport,MNL,01/07/2024 22:40,210,Philippine Airlines,Economy,210,N/A,N/A,218,Y,Y,Y,1,7,1,30
Suvarnabhumi Airport,BKK,01/07/2024 22:50,Ninoy Aquino International Airport,MNL,02/07/2024 3:15,205,Philippine Airlines,Economy,205,N/A,N/A,218,Y,Y,Y,1,7,1,30
Suvarnabhumi Airport,BKK,01/07/2024 4:00,Ninoy Aquino International Airport,MNL,01/07/2024 8:25,205,Philippine Airlines,Economy,205,N/A,N/A,307,Y,Y,Y,1,7,1,30
Suvarnabhumi Airport,BKK,02/07/2024 8:25,Singapore Changi Airport,SIN,02/07/2024 11:55,150,Scoot,Economy,550,165,N/A,99,Y,N,N,1,7,0,0
Suvarnabhumi Airport,BKK,02/07/2024 11:15,Ninoy Aquino International Airport,MNL,02/07/2024 15:55,220,Cebu Pacific,Economy,220,N/A,N/A,145,Y,N,N,1,7,0,0
Suvarnabhumi Airport,BKK,02/07/2024 14:30,Ninoy Aquino International Airport,MNL,02/07/2024 18:45,195,THAI,Economy,195,N/A,N/A,169,Y,Y,Y,1,7,2,23
Suvarnabhumi Airport,BKK,02/07/2024 17:55,Singapore Changi Airport,SIN,02/07/2024 21:05,130,Scoot,Economy,645,295,N/A,99,Y,N,N,1,7,0,0
Suvarnabhumi Airport,BKK,02/07/2024 22:50,Singapore Changi Airport,SIN,03/07/2024 2:20,150,Scoot,Economy,1790,1420,N/A,99,Y,N,N,1,7,0,0
Suvarnabhumi Airport,BKK,02/07/2024 13:50,Kuala Lumpur International Airport,KUL,02/07/2024 17:10,140,AirAsia X,Economy,655,275,N/A,134,Y,N,N,1,7,0,0
Suvarnabhumi Airport,BKK,02/07/2024 4:00,Ninoy Aquino International Airport,MNL,02/07/2024 8:35,215,Cebu Pacific,Economy,215,N/A,N/A,145,Y,N,N,1,7,0,0
Suvarnabhumi Airport,BKK,02/07/2024 7:25,Ninoy Aquino International Airport,MNL,02/07/2024 11:45,200,THAI,Economy,200,N/A,N/A,169,Y,Y,Y,1,7,2,23
Suvarnabhumi Airport,BKK,02/07/2024 1:40,Ninoy Aquino International Airport,MNL,02/07/2024 6:05,205,Philippine Airlines,Economy,205,N/A,N/A,218,Y,Y,Y,1,7,1,30
Suvarnabhumi Airport,BKK,02/07/2024 13:30,Ninoy Aquino International Airport,MNL,02/07/2024 17:55,205,Philippine Airlines,Economy,205,N/A,N/A,218,Y,Y,Y,1,7,1,30
Suvarnabhumi Airport,BKK,02/07/2024 18:10,Ninoy Aquino International Airport,MNL,02/07/2024 22:40,210,Philippine Airlines,Economy,210,N/A,N/A,218,Y,Y,Y,1,7,1,30
Suvarnabhumi Airport,BKK,02/07/2024 22:50,Ninoy Aquino International Airport,MNL,03/07/2024 3:15,205,Philippine Airlines,Economy,205,N/A,N/A,218,Y,Y,Y,1,7,1,30
Suvarnabhumi Airport,BKK,03/07/2024 4:00,Ninoy Aquino International Airport,MNL,03/07/2024 8:35,215,Cebu Pacific,Economy,215,N/A,N/A,102,Y,N,N,1,7,0,0
Suvarnabhumi Airport,BKK,03/07/2024 11:15,Ninoy Aquino International Airport,MNL,03/07/2024 15:55,220,Cebu Pacific,Economy,220,N/A,N/A,112,Y,N,N,1,7,0,0
Suvarnabhumi Airport,BKK,03/07/2024 14:30,Ninoy Aquino International Airport,MNL,03/07/2024 18:45,195,THAI,Economy,195,N/A,N/A,169,Y,Y,Y,1,7,2,23
Suvarnabhumi Airport,BKK,03/07/2024 17:55,Singapore Changi Airport,SIN,03/07/2024 21:05,130,Scoot,Economy,645,295,N/A,99,Y,N,N,1,7,0,0
Suvarnabhumi Airport,BKK,03/07/2024 23:10,Singapore Changi Airport,SIN,04/07/2024 2:40,150,Scoot,Economy,1770,1400,N/A,99,Y,N,N,1,7,0,0
Suvarnabhumi Airport,BKK,03/07/2024 21:20,Singapore Changi Airport,SIN,04/07/2024 0:45,145,Jetstar,Economy,690,315,TRUE,140,Y,N,N,1,7,0,0
Suvarnabhumi Airport,BKK,03/07/2024 7:25,Ninoy Aquino International Airport,MNL,03/07/2024 11:45,200,THAI,Economy,200,N/A,N/A,169,Y,Y,Y,1,7,2,23
Suvarnabhumi Airport,BKK,03/07/2024 13:30,Ninoy Aquino International Airport,MNL,03/07/2024 17:55,205,Philippine Airlines,Economy,205,N/A,N/A,218,Y,Y,Y,1,7,1,30
Suvarnabhumi Airport,BKK,03/07/2024 18:10,Ninoy Aquino International Airport,MNL,03/07/2024 22:40,210,Philippine Airlines,Economy,210,N/A,N/A,218,Y,Y,Y,1,7,1,30
Suvarnabhumi Airport,BKK,03/07/2024 22:50,Ninoy Aquino International Airport,MNL,04/07/2024 3:15,205,Philippine Airlines,Economy,205,N/A,N/A,218,Y,Y,Y,1,7,1,30
Suvarnabhumi Airport,BKK,04/07/2024 11:15,Ninoy Aquino International Airport,MNL,04/07/2024 15:55,220,Cebu Pacific,Economy,220,N/A,N/A,102,Y,N,N,1,7,0,0
Suvarnabhumi Airport,BKK,04/07/2024 4:00,Ninoy Aquino International Airport,MNL,04/07/2024 8:35,215,Cebu Pacific,Economy,215,N/A,N/A,112,Y,N,N,1,7,0,0
Suvarnabhumi Airport,BKK,04/07/2024 14:30,Ninoy Aquino International Airport,MNL,04/07/2024 18:45,195,THAI,Economy,195,N/A,N/A,169,Y,Y,Y,1,7,2,23
Suvarnabhumi Airport,BKK,04/07/2024 15:40,Singapore Changi Airport,SIN,04/07/2024 19:00,140,Scoot,Economy,780,420,N/A,99,Y,N,N,1,7,0,0
Suvarnabhumi Airport,BKK,04/07/2024 20:25,Singapore Changi Airport,SIN,04/07/2024 23:45,140,Scoot,Economy,495,135,N/A,110,Y,N,N,1,7,0,0
Suvarnabhumi Airport,BKK,04/07/2024 21:20,Singapore Changi Airport,SIN,05/07/2024 0:45,145,Jetstar,Economy,690,315,TRUE,132,Y,N,N,1,7,0,0
Suvarnabhumi Airport,BKK,04/07/2024 7:25,Ninoy Aquino International Airport,MNL,04/07/2024 11:45,200,THAI,Economy,200,N/A,N/A,169,Y,Y,Y,1,7,2,23
Suvarnabhumi Airport,BKK,04/07/2024 13:30,Ninoy Aquino International Airport,MNL,04/07/2024 17:55,205,Philippine Airlines,Economy,205,N/A,N/A,218,Y,Y,Y,1,7,1,30
Suvarnabhumi Airport,BKK,04/07/2024 20:00,Ninoy Aquino International Airport,MNL,05/07/2024 0:30,210,Philippine Airlines,Economy,210,N/A,N/A,218,Y,Y,Y,1,7,1,30
Suvarnabhumi Airport,BKK,04/07/2024 22:50,Ninoy Aquino International Airport,MNL,05/07/2024 3:15,205,Philippine Airlines,Economy,205,N/A,N/A,218,Y,Y,Y,1,7,1,30
Suvarnabhumi Airport,BKK,05/07/2024 20:25,Singapore Changi Airport,SIN,05/07/2024 23:45,140,Scoot,Economy,495,135,N/A,99,Y,N,N,1,7,0,0
Suvarnabhumi Airport,BKK,05/07/2024 11:15,Ninoy Aquino International Airport,MNL,05/07/2024 15:55,220,Cebu Pacific,Economy,220,N/A,N/A,112,Y,N,N,1,7,0,0
Suvarnabhumi Airport,BKK,05/07/2024 4:00,Ninoy Aquino International Airport,MNL,05/07/2024 8:35,215,Cebu Pacific,Economy,215,N/A,N/A,122,Y,N,N,1,7,0,0
Suvarnabhumi Airport,BKK,05/07/2024 14:30,Ninoy Aquino International Airport,MNL,05/07/2024 18:45,195,THAI,Economy,195,N/A,N/A,169,Y,Y,Y,1,7,2,23
Suvarnabhumi Airport,BKK,05/07/2024 13:50,Kuala Lumpur International Airport,KUL,05/07/2024 17:10,140,AirAsia X,Economy,665,285,N/A,134,Y,N,N,1,7,0,0
Suvarnabhumi Airport,BKK,05/07/2024 7:25,Ninoy Aquino International Airport,MNL,05/07/2024 11:45,200,THAI,Economy,200,N/A,N/A,169,Y,Y,Y,1,7,2,23
Suvarnabhumi Airport,BKK,05/07/2024 13:30,Ninoy Aquino International Airport,MNL,05/07/2024 17:55,205,Philippine Airlines,Economy,205,N/A,N/A,218,Y,Y,Y,1,7,1,30
Suvarnabhumi Airport,BKK,05/07/2024 18:10,Ninoy Aquino International Airport,MNL,05/07/2024 22:40,210,Philippine Airlines,Economy,210,N/A,N/A,218,Y,Y,Y,1,7,1,30
Suvarnabhumi Airport,BKK,05/07/2024 22:50,Ninoy Aquino International Airport,MNL,06/07/2024 3:15,205,Philippine Airlines,Economy,205,N/A,N/A,218,Y,Y,Y,1,7,1,30
Suvarnabhumi Airport,BKK,06/07/2024 4:00,Ninoy Aquino International Airport,MNL,06/07/2024 8:35,215,Cebu Pacific,Economy,215,N/A,N/A,122,Y,N,N,1,7,0,0
Suvarnabhumi Airport,BKK,06/07/2024 11:15,Ninoy Aquino International Airport,MNL,06/07/2024 15:55,220,Cebu Pacific,Economy,220,N/A,N/A,122,Y,N,N,1,7,0,0
Suvarnabhumi Airport,BKK,06/07/2024 7:25,Ninoy Aquino International Airport,MNL,06/07/2024 11:45,200,THAI,Economy,200,N/A,N/A,169,Y,Y,Y,1,7,2,23
Suvarnabhumi Airport,BKK,06/07/2024 14:30,Ninoy Aquino International Airport,MNL,06/07/2024 18:45,195,THAI,Economy,195,N/A,N/A,169,Y,Y,Y,1,7,2,23
Suvarnabhumi Airport,BKK,06/07/2024 13:30,Ninoy Aquino International Airport,MNL,06/07/2024 17:55,205,Philippine Airlines,Economy,205,N/A,N/A,218,Y,Y,Y,1,7,1,30
Suvarnabhumi Airport,BKK,06/07/2024 9:05,Singapore Changi Airport,SIN,06/07/2024 12:20,135,Scoot,Economy,1175,820,N/A,110,Y,N,N,1,7,0,0
Suvarnabhumi Airport,BKK,06/07/2024 11:05,Hong Kong International Airport,HKG,06/07/2024 14:50,165,Hong Kong Express,Economy,485,165,N/A,154,N,N,N,0,0,0,0
Suvarnabhumi Airport,BKK,06/07/2024 20:25,Singapore Changi Airport,SIN,06/07/2024 23:45,140,Scoot,Economy,495,135,N/A,167,Y,N,N,1,7,0,0
Suvarnabhumi Airport,BKK,06/07/2024 18:10,Ninoy Aquino International Airport,MNL,06/07/2024 22:40,210,Philippine Airlines,Economy,210,N/A,N/A,218,Y,Y,Y,1,7,1,30
Suvarnabhumi Airport,BKK,06/07/2024 22:50,Ninoy Aquino International Airport,MNL,07/07/2024 3:15,205,Philippine Airlines,Economy,205,N/A,N/A,218,Y,Y,Y,1,7,1,30
Suvarnabhumi Airport,BKK,07/07/2024 11:15,Ninoy Aquino International Airport,MNL,07/07/2024 15:55,220,Cebu Pacific,Economy,220,N/A,N/A,112,Y,N,N,1,7,0,0
Suvarnabhumi Airport,BKK,07/07/2024 4:00,Ninoy Aquino International Airport,MNL,07/07/2024 8:35,215,Cebu Pacific,Economy,215,N/A,N/A,122,Y,N,N,1,7,0,0
Suvarnabhumi Airport,BKK,07/07/2024 7:25,Ninoy Aquino International Airport,MNL,07/07/2024 11:45,200,THAI,Economy,200,N/A,N/A,179,Y,Y,Y,1,7,2,23
Suvarnabhumi Airport,BKK,07/07/2024 14:30,Ninoy Aquino International Airport,MNL,07/07/2024 18:45,195,THAI,Economy,195,N/A,N/A,179,Y,Y,Y,1,7,2,23
Suvarnabhumi Airport,BKK,07/07/2024 20:00,Ninoy Aquino International Airport,MNL,08/07/2024 0:30,210,Philippine Airlines,Economy,210,N/A,N/A,218,Y,Y,Y,1,7,1,30
Suvarnabhumi Airport,BKK,07/07/2024 10:50,Singapore Changi Airport,SIN,07/07/2024 14:15,145,Scoot,Economy,1070,705,N/A,99,Y,N,N,1,7,0,0
Suvarnabhumi Airport,BKK,07/07/2024 11:05,Hong Kong International Airport,HKG,07/07/2024 14:50,165,Hong Kong Express,Economy,485,165,N/A,152,N,N,N,0,0,0,0
Suvarnabhumi Airport,BKK,07/07/2024 22:50,Ninoy Aquino International Airport,MNL,08/07/2024 3:15,205,Philippine Airlines,Economy,205,N/A,N/A,218,Y,Y,Y,1,7,1,30
Suvarnabhumi Airport,BKK,07/07/2024 13:30,Ninoy Aquino International Airport,MNL,07/07/2024 17:55,205,Philippine Airlines,Economy,205,N/A,N/A,271,Y,Y,Y,1,7,1,30
Suvarnabhumi Airport,BKK,08/07/2024 4:00,Ninoy Aquino International Airport,MNL,08/07/2024 8:35,215,Cebu Pacific,Economy,215,N/A,N/A,122,Y,N,N,1,7,0,0
Suvarnabhumi Airport,BKK,08/07/2024 11:15,Ninoy Aquino International Airport,MNL,08/07/2024 15:55,220,Cebu Pacific,Economy,220,N/A,N/A,133,Y,N,N,1,7,0,0
Suvarnabhumi Airport,BKK,08/07/2024 14:30,Ninoy Aquino International Airport,MNL,08/07/2024 18:45,195,THAI,Economy,195,N/A,N/A,169,Y,Y,Y,1,7,2,23
Suvarnabhumi Airport,BKK,08/07/2024 10:50,Singapore Changi Airport,SIN,08/07/2024 14:15,145,Scoot,Economy,1070,705,N/A,110,Y,N,N,1,7,0,0
Suvarnabhumi Airport,BKK,08/07/2024 20:25,Singapore Changi Airport,SIN,08/07/2024 23:45,140,Scoot,Economy,495,135,N/A,126,Y,N,N,1,7,0,0
Suvarnabhumi Airport,BKK,08/07/2024 11:05,Hong Kong International Airport,HKG,08/07/2024 14:50,165,Hong Kong Express,Economy,485,165,N/A,152,N,N,N,0,0,0,0
Suvarnabhumi Airport,BKK,08/07/2024 21:20,Singapore Changi Airport,SIN,09/07/2024 0:45,145,Jetstar,Economy,460,90,TRUE,162,Y,N,N,1,7,0,0
Suvarnabhumi Airport,BKK,08/07/2024 7:25,Ninoy Aquino International Airport,MNL,08/07/2024 11:45,200,THAI,Economy,200,N/A,N/A,169,Y,Y,Y,1,7,2,23
Suvarnabhumi Airport,BKK,08/07/2024 13:30,Ninoy Aquino International Airport,MNL,08/07/2024 17:55,205,Philippine Airlines,Economy,205,N/A,N/A,218,Y,Y,Y,1,7,1,30
Suvarnabhumi Airport,BKK,08/07/2024 22:50,Ninoy Aquino International Airport,MNL,09/07/2024 3:15,205,Philippine Airlines,Economy,205,N/A,N/A,218,Y,Y,Y,1,7,1,30
Suvarnabhumi Airport,BKK,08/07/2024 4:00,Ninoy Aquino International Airport,MNL,08/07/2024 8:25,205,Philippine Airlines,Economy,205,N/A,N/A,307,Y,Y,Y,1,7,1,30
Suvarnabhumi Airport,BKK,08/07/2024 18:10,Ninoy Aquino International Airport,MNL,08/07/2024 22:40,210,Philippine Airlines,Economy,210,N/A,N/A,332,Y,Y,Y,1,7,1,30
Suvarnabhumi Airport,BKK,09/07/2024 4:00,Ninoy Aquino International Airport,MNL,09/07/2024 8:35,215,Cebu Pacific,Economy,215,N/A,N/A,92,Y,N,N,1,7,0,0
Suvarnabhumi Airport,BKK,09/07/2024 11:15,Ninoy Aquino International Airport,MNL,09/07/2024 15:55,220,Cebu Pacific,Economy,220,N/A,N/A,122,Y,N,N,1,7,0,0
Suvarnabhumi Airport,BKK,09/07/2024 14:30,Ninoy Aquino International Airport,MNL,09/07/2024 18:45,195,THAI,Economy,195,N/A,N/A,169,Y,Y,Y,1,7,2,23
Suvarnabhumi Airport,BKK,09/07/2024 8:25,Singapore Changi Airport,SIN,09/07/2024 11:55,150,Scoot,Economy,550,165,N/A,99,Y,N,N,1,7,0,0
Suvarnabhumi Airport,BKK,09/07/2024 12:50,Singapore Changi Airport,SIN,09/07/2024 16:15,145,Jetstar,Economy,430,60,N/A,129,Y,N,N,1,7,0,0
Suvarnabhumi Airport,BKK,09/07/2024 7:25,Ninoy Aquino International Airport,MNL,09/07/2024 11:45,200,THAI,Economy,200,N/A,N/A,169,Y,Y,Y,1,7,2,23
Suvarnabhumi Airport,BKK,09/07/2024 13:30,Ninoy Aquino International Airport,MNL,09/07/2024 17:55,205,Philippine Airlines,Economy,205,N/A,N/A,218,Y,Y,Y,1,7,1,30
Suvarnabhumi Airport,BKK,09/07/2024 18:10,Ninoy Aquino International Airport,MNL,09/07/2024 22:40,210,Philippine Airlines,Economy,210,N/A,N/A,218,Y,Y,Y,1,7,1,30
Suvarnabhumi Airport,BKK,09/07/2024 22:50,Ninoy Aquino International Airport,MNL,10/07/2024 3:15,205,Philippine Airlines,Economy,205,N/A,N/A,218,Y,Y,Y,1,7,1,30
Suvarnabhumi Airport,BKK,10/07/2024 4:00,Ninoy Aquino International Airport,MNL,10/07/2024 8:35,215,Cebu Pacific,Economy,215,N/A,N/A,92,Y,N,N,1,7,0,0
Suvarnabhumi Airport,BKK,10/07/2024 11:15,Ninoy Aquino International Airport,MNL,10/07/2024 15:55,220,Cebu Pacific,Economy,220,N/A,N/A,102,Y,N,N,1,7,0,0
Suvarnabhumi Airport,BKK,10/07/2024 14:30,Ninoy Aquino International Airport,MNL,10/07/2024 18:45,195,THAI,Economy,195,N/A,N/A,169,Y,Y,Y,1,7,2,23
Suvarnabhumi Airport,BKK,10/07/2024 23:10,Singapore Changi Airport,SIN,11/07/2024 2:40,150,Scoot,Economy,1770,1400,N/A,125,Y,N,N,1,7,0,0
Suvarnabhumi Airport,BKK,10/07/2024 13:50,Kuala Lumpur International Airport,KUL,10/07/2024 17:10,140,AirAsia X,Economy,665,285,N/A,134,Y,N,N,1,7,0,0
Suvarnabhumi Airport,BKK,10/07/2024 17:55,Singapore Changi Airport,SIN,10/07/2024 21:05,130,Scoot,Economy,645,295,N/A,146,Y,N,N,1,7,0,0
Suvarnabhumi Airport,BKK,10/07/2024 12:50,Singapore Changi Airport,SIN,10/07/2024 16:15,145,Jetstar,Economy,430,60,N/A,166,Y,N,N,1,7,0,0
Suvarnabhumi Airport,BKK,10/07/2024 13:30,Ninoy Aquino International Airport,MNL,10/07/2024 17:55,205,Philippine Airlines,Economy,205,N/A,N/A,218,Y,Y,Y,1,7,1,30
Suvarnabhumi Airport,BKK,10/07/2024 18:10,Ninoy Aquino International Airport,MNL,10/07/2024 22:40,210,Philippine Airlines,Economy,210,N/A,N/A,218,Y,Y,Y,1,7,1,30
Suvarnabhumi Airport,BKK,10/07/2024 22:50,Ninoy Aquino International Airport,MNL,11/07/2024 3:15,205,Philippine Airlines,Economy,205,N/A,N/A,218,Y,Y,Y,1,7,1,30
Suvarnabhumi Airport,BKK,10/07/2024 7:25,Ninoy Aquino International Airport,MNL,10/07/2024 11:45,200,THAI,Business Class,200,N/A,N/A,424,Y,Y,Y,1,7,2,23
Suvarnabhumi Airport,BKK,11/07/2024 11:15,Ninoy Aquino International Airport,MNL,11/07/2024 15:55,220,Cebu Pacific,Economy,220,N/A,N/A,102,Y,N,N,1,7,0,0
Suvarnabhumi Airport,BKK,11/07/2024 4:00,Ninoy Aquino International Airport,MNL,11/07/2024 8:35,215,Cebu Pacific,Economy,215,N/A,N/A,112,Y,N,N,1,7,0,0
Suvarnabhumi Airport,BKK,11/07/2024 14:30,Ninoy Aquino International Airport,MNL,11/07/2024 18:45,195,THAI,Economy,195,N/A,N/A,179,Y,Y,Y,1,7,2,23
Suvarnabhumi Airport,BKK,11/07/2024 8:50,Singapore Changi Airport,SIN,11/07/2024 12:20,150,Scoot,Economy,1190,820,N/A,99,Y,N,N,1,7,0,0
Suvarnabhumi Airport,BKK,11/07/2024 12:50,Singapore Changi Airport,SIN,11/07/2024 16:15,145,Jetstar,Economy,970,600,TRUE,129,Y,N,N,1,7,0,0
Suvarnabhumi Airport,BKK,11/07/2024 20:25,Singapore Changi Airport,SIN,11/07/2024 23:45,140,Scoot,Economy,495,135,N/A,134,Y,N,N,1,7,0,0
Suvarnabhumi Airport,BKK,11/07/2024 7:25,Ninoy Aquino International Airport,MNL,11/07/2024 11:45,200,THAI,Economy,200,N/A,N/A,179,Y,Y,Y,1,7,2,23
Suvarnabhumi Airport,BKK,11/07/2024 13:30,Ninoy Aquino International Airport,MNL,11/07/2024 17:55,205,Philippine Airlines,Economy,205,N/A,N/A,218,Y,Y,Y,1,7,1,30
Suvarnabhumi Airport,BKK,11/07/2024 18:10,Ninoy Aquino International Airport,MNL,11/07/2024 22:40,210,Philippine Airlines,Economy,210,N/A,N/A,218,Y,Y,Y,1,7,1,30
Suvarnabhumi Airport,BKK,11/07/2024 22:50,Ninoy Aquino International Airport,MNL,12/07/2024 3:15,205,Philippine Airlines,Economy,205,N/A,N/A,218,Y,Y,Y,1,7,1,30
Suvarnabhumi Airport,BKK,12/07/2024 4:00,Ninoy Aquino International Airport,MNL,12/07/2024 8:35,215,Cebu Pacific,Economy,215,N/A,N/A,102,Y,N,N,1,7,0,0
Suvarnabhumi Airport,BKK,12/07/2024 11:15,Ninoy Aquino International Airport,MNL,12/07/2024 15:55,220,Cebu Pacific,Economy,220,N/A,N/A,122,Y,N,N,1,7,0,0
Suvarnabhumi Airport,BKK,12/07/2024 14:30,Ninoy Aquino International Airport,MNL,12/07/2024 18:45,195,THAI,Economy,195,N/A,N/A,179,Y,Y,Y,1,7,2,23
Suvarnabhumi Airport,BKK,12/07/2024 20:25,Singapore Changi Airport,SIN,12/07/2024 23:45,140,Scoot,Economy,495,135,N/A,110,Y,N,N,1,7,0,0
Suvarnabhumi Airport,BKK,12/07/2024 21:20,Singapore Changi Airport,SIN,13/07/2024 0:45,145,Jetstar,Economy,690,315,TRUE,121,Y,N,N,1,7,0,0
Suvarnabhumi Airport,BKK,12/07/2024 7:25,Ninoy Aquino International Airport,MNL,12/07/2024 11:45,200,THAI,Economy,200,N/A,N/A,169,Y,Y,Y,1,7,2,23
Suvarnabhumi Airport,BKK,12/07/2024 13:30,Ninoy Aquino International Airport,MNL,12/07/2024 17:55,205,Philippine Airlines,Economy,205,N/A,N/A,218,Y,Y,Y,1,7,1,30
Suvarnabhumi Airport,BKK,12/07/2024 22:50,Ninoy Aquino International Airport,MNL,13/07/2024 3:15,205,Philippine Airlines,Economy,205,N/A,N/A,218,Y,Y,Y,1,7,1,30
Suvarnabhumi Airport,BKK,12/07/2024 18:10,Ninoy Aquino International Airport,MNL,12/07/2024 22:40,210,Philippine Airlines,Economy,210,N/A,N/A,244,Y,Y,Y,1,7,1,30
Suvarnabhumi Airport,BKK,13/07/2024 4:00,Ninoy Aquino International Airport,MNL,13/07/2024 8:35,215,Cebu Pacific,Economy,215,N/A,N/A,122,Y,N,N,1,7,0,0
Suvarnabhumi Airport,BKK,13/07/2024 11:15,Ninoy Aquino International Airport,MNL,13/07/2024 15:55,220,Cebu Pacific,Economy,220,N/A,N/A,133,Y,N,N,1,7,0,0
Suvarnabhumi Airport,BKK,13/07/2024 7:25,Ninoy Aquino International Airport,MNL,13/07/2024 11:45,200,THAI,Economy,200,N/A,N/A,169,Y,Y,Y,1,7,2,23
Suvarnabhumi Airport,BKK,13/07/2024 14:30,Ninoy Aquino International Airport,MNL,13/07/2024 18:45,195,THAI,Economy,195,N/A,N/A,179,Y,Y,Y,1,7,2,23
Suvarnabhumi Airport,BKK,13/07/2024 13:30,Ninoy Aquino International Airport,MNL,13/07/2024 17:55,205,Philippine Airlines,Economy,205,N/A,N/A,218,Y,Y,Y,1,7,1,30
Suvarnabhumi Airport,BKK,13/07/2024 21:20,Singapore Changi Airport,SIN,14/07/2024 0:45,145,Jetstar,Economy,460,90,TRUE,125,Y,N,N,1,7,0,0
Suvarnabhumi Airport,BKK,13/07/2024 9:05,Singapore Changi Airport,SIN,13/07/2024 12:20,135,Scoot,Economy,1175,820,N/A,126,Y,N,N,1,7,0,0
Suvarnabhumi Airport,BKK,13/07/2024 18:10,Ninoy Aquino International Airport,MNL,13/07/2024 22:40,210,Philippine Airlines,Economy,210,N/A,N/A,218,Y,Y,Y,1,7,1,30
Suvarnabhumi Airport,BKK,13/07/2024 22:50,Ninoy Aquino International Airport,MNL,14/07/2024 3:15,205,Philippine Airlines,Economy,205,N/A,N/A,218,Y,Y,Y,1,7,1,30
Suvarnabhumi Airport,BKK,14/07/2024 4:00,Ninoy Aquino International Airport,MNL,14/07/2024 8:35,215,Cebu Pacific,Economy,215,N/A,N/A,133,Y,N,N,1,7,0,0
Suvarnabhumi Airport,BKK,14/07/2024 11:15,Ninoy Aquino International Airport,MNL,14/07/2024 15:55,220,Cebu Pacific,Economy,220,N/A,N/A,158,Y,N,N,1,7,0,0
Suvarnabhumi Airport,BKK,14/07/2024 7:25,Ninoy Aquino International Airport,MNL,14/07/2024 11:45,200,THAI,Economy,200,N/A,N/A,179,Y,Y,Y,1,7,2,23
Suvarnabhumi Airport,BKK,14/07/2024 14:30,Ninoy Aquino International Airport,MNL,14/07/2024 18:45,195,THAI,Economy,195,N/A,N/A,243,Y,Y,Y,1,7,2,23
Suvarnabhumi Airport,BKK,14/07/2024 13:30,Ninoy Aquino International Airport,MNL,14/07/2024 17:55,205,Philippine Airlines,Economy,205,N/A,N/A,244,Y,Y,Y,1,7,1,30
Suvarnabhumi Airport,BKK,14/07/2024 13:50,Kuala Lumpur International Airport,KUL,14/07/2024 17:10,140,AirAsia X,Economy,665,285,N/A,137,Y,N,N,1,7,0,0
Suvarnabhumi Airport,BKK,14/07/2024 11:05,Hong Kong International Airport,HKG,14/07/2024 14:50,165,Hong Kong Express,Economy,485,165,N/A,152,N,N,N,0,0,0,0
Suvarnabhumi Airport,BKK,14/07/2024 22:50,Ninoy Aquino International Airport,MNL,15/07/2024 3:15,205,Philippine Airlines,Economy,205,N/A,N/A,244,Y,Y,Y,1,7,1,30
Suvarnabhumi Airport,BKK,14/07/2024 18:10,Ninoy Aquino International Airport,MNL,14/07/2024 22:40,210,Philippine Airlines,Economy,210,N/A,N/A,364,Y,Y,Y,1,7,1,30
Suvarnabhumi Airport,BKK,15/07/2024 20:25,Singapore Changi Airport,SIN,15/07/2024 23:45,140,Scoot,Economy,495,135,N/A,110,Y,N,N,1,7,0,0
Suvarnabhumi Airport,BKK,15/07/2024 4:00,Ninoy Aquino International Airport,MNL,15/07/2024 8:35,215,Cebu Pacific,Economy,215,N/A,N/A,133,Y,N,N,1,7,0,0
Suvarnabhumi Airport,BKK,15/07/2024 11:15,Ninoy Aquino International Airport,MNL,15/07/2024 15:55,220,Cebu Pacific,Economy,220,N/A,N/A,158,Y,N,N,1,7,0,0
Suvarnabhumi Airport,BKK,15/07/2024 7:25,Ninoy Aquino International Airport,MNL,15/07/2024 11:45,200,THAI,Economy,200,N/A,N/A,169,Y,Y,Y,1,7,2,23
Suvarnabhumi Airport,BKK,15/07/2024 14:30,Ninoy Aquino International Airport,MNL,15/07/2024 18:45,195,THAI,Economy,195,N/A,N/A,179,Y,Y,Y,1,7,2,23
Suvarnabhumi Airport,BKK,15/07/2024 8:25,Singapore Changi Airport,SIN,15/07/2024 11:55,150,Scoot,Economy,1215,845,N/A,99,Y,N,N,1,7,0,0
Suvarnabhumi Airport,BKK,15/07/2024 13:50,Kuala Lumpur International Airport,KUL,15/07/2024 17:10,140,AirAsia X,Economy,665,285,N/A,138,Y,N,N,1,7,0,0
Suvarnabhumi Airport,BKK,15/07/2024 13:30,Ninoy Aquino International Airport,MNL,15/07/2024 17:55,205,Philippine Airlines,Economy,205,N/A,N/A,218,Y,Y,Y,1,7,1,30
Suvarnabhumi Airport,BKK,15/07/2024 18:10,Ninoy Aquino International Airport,MNL,15/07/2024 22:40,210,Philippine Airlines,Economy,210,N/A,N/A,218,Y,Y,Y,1,7,1,30
Suvarnabhumi Airport,BKK,15/07/2024 22:50,Ninoy Aquino International Airport,MNL,16/07/2024 3:15,205,Philippine Airlines,Economy,205,N/A,N/A,218,Y,Y,Y,1,7,1,30
Suvarnabhumi Airport,BKK,16/07/2024 4:00,Ninoy Aquino International Airport,MNL,16/07/2024 8:35,215,Cebu Pacific,Economy,215,N/A,N/A,122,Y,N,N,1,7,0,0
Suvarnabhumi Airport,BKK,16/07/2024 11:15,Ninoy Aquino International Airport,MNL,16/07/2024 15:55,220,Cebu Pacific,Economy,220,N/A,N/A,122,Y,N,N,1,7,0,0
Suvarnabhumi Airport,BKK,16/07/2024 14:30,Ninoy Aquino International Airport,MNL,16/07/2024 18:45,195,THAI,Economy,195,N/A,N/A,169,Y,Y,Y,1,7,2,23
Suvarnabhumi Airport,BKK,16/07/2024 8:25,Singapore Changi Airport,SIN,16/07/2024 11:55,150,Scoot,Economy,550,165,N/A,126,Y,N,N,1,7,0,0
Suvarnabhumi Airport,BKK,16/07/2024 9:25,Singapore Changi Airport,SIN,16/07/2024 12:50,145,Jetstar,Economy,635,265,N/A,130,Y,N,N,1,7,0,0
Suvarnabhumi Airport,BKK,16/07/2024 12:50,Singapore Changi Airport,SIN,16/07/2024 16:15,145,Jetstar,Economy,430,60,N/A,160,Y,N,N,1,7,0,0
Suvarnabhumi Airport,BKK,16/07/2024 7:25,Ninoy Aquino International Airport,MNL,16/07/2024 11:45,200,THAI,Economy,200,N/A,N/A,169,Y,Y,Y,1,7,2,23
Suvarnabhumi Airport,BKK,16/07/2024 1:40,Ninoy Aquino International Airport,MNL,16/07/2024 6:05,205,Philippine Airlines,Economy,205,N/A,N/A,218,Y,Y,Y,1,7,1,30
Suvarnabhumi Airport,BKK,16/07/2024 13:30,Ninoy Aquino International Airport,MNL,16/07/2024 17:55,205,Philippine Airlines,Economy,205,N/A,N/A,218,Y,Y,Y,1,7,1,30
Suvarnabhumi Airport,BKK,16/07/2024 18:10,Ninoy Aquino International Airport,MNL,16/07/2024 22:40,210,Philippine Airlines,Economy,210,N/A,N/A,218,Y,Y,Y,1,7,1,30
Suvarnabhumi Airport,BKK,16/07/2024 22:50,Ninoy Aquino International Airport,MNL,17/07/2024 3:15,205,Philippine Airlines,Economy,205,N/A,N/A,218,Y,Y,Y,1,7,1,30
Suvarnabhumi Airport,BKK,17/07/2024 4:00,Ninoy Aquino International Airport,MNL,17/07/2024 8:35,215,Cebu Pacific,Economy,215,N/A,N/A,92,Y,N,N,1,7,0,0
Suvarnabhumi Airport,BKK,17/07/2024 11:15,Ninoy Aquino International Airport,MNL,17/07/2024 15:55,220,Cebu Pacific,Economy,220,N/A,N/A,158,Y,N,N,1,7,0,0
Suvarnabhumi Airport,BKK,17/07/2024 7:25,Ninoy Aquino International Airport,MNL,17/07/2024 11:45,200,THAI,Economy,200,N/A,N/A,169,Y,Y,Y,1,7,2,23
Suvarnabhumi Airport,BKK,17/07/2024 14:30,Ninoy Aquino International Airport,MNL,17/07/2024 18:45,195,THAI,Economy,195,N/A,N/A,169,Y,Y,Y,1,7,2,23
Suvarnabhumi Airport,BKK,17/07/2024 13:30,Ninoy Aquino International Airport,MNL,17/07/2024 17:55,205,Philippine Airlines,Economy,205,N/A,N/A,218,Y,Y,Y,1,7,1,30
Suvarnabhumi Airport,BKK,17/07/2024 10:50,Singapore Changi Airport,SIN,17/07/2024 14:15,145,Scoot,Economy,1070,705,N/A,99,Y,N,N,1,7,0,0
Suvarnabhumi Airport,BKK,17/07/2024 21:20,Singapore Changi Airport,SIN,18/07/2024 0:45,145,Jetstar,Economy,690,315,TRUE,125,Y,N,N,1,7,0,0
Suvarnabhumi Airport,BKK,17/07/2024 8:25,Singapore Changi Airport,SIN,17/07/2024 11:55,150,Scoot,Economy,550,165,N/A,126,Y,N,N,1,7,0,0
Suvarnabhumi Airport,BKK,17/07/2024 18:10,Ninoy Aquino International Airport,MNL,17/07/2024 22:40,210,Philippine Airlines,Economy,210,N/A,N/A,218,Y,Y,Y,1,7,1,30
Suvarnabhumi Airport,BKK,17/07/2024 22:50,Ninoy Aquino International Airport,MNL,18/07/2024 3:15,205,Philippine Airlines,Economy,205,N/A,N/A,218,Y,Y,Y,1,7,1,30
Suvarnabhumi Airport,BKK,18/07/2024 4:00,Ninoy Aquino International Airport,MNL,18/07/2024 8:35,215,Cebu Pacific,Economy,215,N/A,N/A,102,Y,N,N,1,7,0,0
Suvarnabhumi Airport,BKK,18/07/2024 11:15,Ninoy Aquino International Airport,MNL,18/07/2024 15:55,220,Cebu Pacific,Economy,220,N/A,N/A,122,Y,N,N,1,7,0,0
Suvarnabhumi Airport,BKK,18/07/2024 14:30,Ninoy Aquino International Airport,MNL,18/07/2024 18:45,195,THAI,Economy,195,N/A,N/A,169,Y,Y,Y,1,7,2,23
Suvarnabhumi Airport,BKK,18/07/2024 8:50,Singapore Changi Airport,SIN,18/07/2024 12:20,150,Scoot,Economy,1190,820,N/A,110,Y,N,N,1,7,0,0
Suvarnabhumi Airport,BKK,18/07/2024 21:20,Singapore Changi Airport,SIN,19/07/2024 0:45,145,Jetstar,Economy,460,90,TRUE,129,Y,N,N,1,7,0,0
Suvarnabhumi Airport,BKK,18/07/2024 12:50,Singapore Changi Airport,SIN,18/07/2024 16:15,145,Jetstar,Economy,430,60,N/A,151,Y,N,N,1,7,0,0
Suvarnabhumi Airport,BKK,18/07/2024 7:25,Ninoy Aquino International Airport,MNL,18/07/2024 11:45,200,THAI,Economy,200,N/A,N/A,169,Y,Y,Y,1,7,2,23
Suvarnabhumi Airport,BKK,18/07/2024 13:30,Ninoy Aquino International Airport,MNL,18/07/2024 17:55,205,Philippine Airlines,Economy,205,N/A,N/A,218,Y,Y,Y,1,7,1,30
Suvarnabhumi Airport,BKK,18/07/2024 18:10,Ninoy Aquino International Airport,MNL,18/07/2024 22:40,210,Philippine Airlines,Economy,210,N/A,N/A,218,Y,Y,Y,1,7,1,30
Suvarnabhumi Airport,BKK,18/07/2024 22:50,Ninoy Aquino International Airport,MNL,19/07/2024 3:15,205,Philippine Airlines,Economy,205,N/A,N/A,218,Y,Y,Y,1,7,1,30
Suvarnabhumi Airport,BKK,19/07/2024 11:15,Ninoy Aquino International Airport,MNL,19/07/2024 15:55,220,Cebu Pacific,Economy,220,N/A,N/A,92,Y,N,N,1,7,0,0
Suvarnabhumi Airport,BKK,19/07/2024 4:00,Ninoy Aquino International Airport,MNL,19/07/2024 8:35,215,Cebu Pacific,Economy,215,N/A,N/A,102,Y,N,N,1,7,0,0
Suvarnabhumi Airport,BKK,19/07/2024 14:30,Ninoy Aquino International Airport,MNL,19/07/2024 18:45,195,THAI,Economy,195,N/A,N/A,169,Y,Y,Y,1,7,2,23
Suvarnabhumi Airport,BKK,19/07/2024 20:25,Singapore Changi Airport,SIN,19/07/2024 23:45,140,Scoot,Economy,495,135,N/A,121,Y,N,N,1,7,0,0
Suvarnabhumi Airport,BKK,19/07/2024 13:50,Kuala Lumpur International Airport,KUL,19/07/2024 17:10,140,AirAsia X,Economy,665,285,N/A,130,Y,N,N,1,7,0,0
Suvarnabhumi Airport,BKK,19/07/2024 12:50,Singapore Changi Airport,SIN,19/07/2024 16:15,145,Jetstar,Economy,430,60,N/A,152,Y,N,N,1,7,0,0
Suvarnabhumi Airport,BKK,19/07/2024 7:25,Ninoy Aquino International Airport,MNL,19/07/2024 11:45,200,THAI,Economy,200,N/A,N/A,169,Y,Y,Y,1,7,2,23
Suvarnabhumi Airport,BKK,19/07/2024 13:30,Ninoy Aquino International Airport,MNL,19/07/2024 17:55,205,Philippine Airlines,Economy,205,N/A,N/A,218,Y,Y,Y,1,7,1,30
Suvarnabhumi Airport,BKK,19/07/2024 22:50,Ninoy Aquino International Airport,MNL,20/07/2024 3:15,205,Philippine Airlines,Economy,205,N/A,N/A,218,Y,Y,Y,1,7,1,30
Suvarnabhumi Airport,BKK,19/07/2024 18:10,Ninoy Aquino International Airport,MNL,19/07/2024 22:40,210,Philippine Airlines,Economy,210,N/A,N/A,271,Y,Y,Y,1,7,1,30
Suvarnabhumi Airport,BKK,20/07/2024 4:00,Ninoy Aquino International Airport,MNL,20/07/2024 8:35,215,Cebu Pacific,Economy,215,N/A,N/A,92,Y,N,N,1,7,0,0
Suvarnabhumi Airport,BKK,20/07/2024 11:15,Ninoy Aquino International Airport,MNL,20/07/2024 15:55,220,Cebu Pacific,Economy,220,N/A,N/A,122,Y,N,N,1,7,0,0
Suvarnabhumi Airport,BKK,20/07/2024 14:30,Ninoy Aquino International Airport,MNL,20/07/2024 18:45,195,THAI,Economy,195,N/A,N/A,169,Y,Y,Y,1,7,2,23
Suvarnabhumi Airport,BKK,20/07/2024 21:20,Singapore Changi Airport,SIN,21/07/2024 0:45,145,Jetstar,Economy,460,90,TRUE,140,Y,N,N,1,7,0,0
Suvarnabhumi Airport,BKK,20/07/2024 17:55,Singapore Changi Airport,SIN,20/07/2024 21:05,130,Scoot,Economy,645,295,N/A,145,Y,N,N,1,7,0,0
Suvarnabhumi Airport,BKK,20/07/2024 7:25,Ninoy Aquino International Airport,MNL,20/07/2024 11:45,200,THAI,Economy,200,N/A,N/A,169,Y,Y,Y,1,7,2,23
Suvarnabhumi Airport,BKK,20/07/2024 18:10,Ninoy Aquino International Airport,MNL,20/07/2024 22:40,210,Philippine Airlines,Economy,210,N/A,N/A,218,Y,Y,Y,1,7,1,30
Suvarnabhumi Airport,BKK,20/07/2024 22:50,Ninoy Aquino International Airport,MNL,21/07/2024 3:15,205,Philippine Airlines,Economy,205,N/A,N/A,218,Y,Y,Y,1,7,1,30
Suvarnabhumi Airport,BKK,20/07/2024 13:30,Ninoy Aquino International Airport,MNL,20/07/2024 17:55,205,Philippine Airlines,Economy,205,N/A,N/A,244,Y,Y,Y,1,7,1,30
Suvarnabhumi Airport,BKK,21/07/2024 4:00,Ninoy Aquino International Airport,MNL,21/07/2024 8:35,215,Cebu Pacific,Economy,215,N/A,N/A,112,Y,N,N,1,7,0,0
Suvarnabhumi Airport,BKK,21/07/2024 11:15,Ninoy Aquino International Airport,MNL,21/07/2024 15:55,220,Cebu Pacific,Economy,220,N/A,N/A,122,Y,N,N,1,7,0,0
Suvarnabhumi Airport,BKK,21/07/2024 7:25,Ninoy Aquino International Airport,MNL,21/07/2024 11:45,200,THAI,Economy,200,N/A,N/A,169,Y,Y,Y,1,7,2,23
Suvarnabhumi Airport,BKK,21/07/2024 14:30,Ninoy Aquino International Airport,MNL,21/07/2024 18:45,195,THAI,Economy,195,N/A,N/A,208,Y,Y,Y,1,7,2,23
Suvarnabhumi Airport,BKK,21/07/2024 13:30,Ninoy Aquino International Airport,MNL,21/07/2024 17:55,205,Philippine Airlines,Economy,205,N/A,N/A,218,Y,Y,Y,1,7,1,30
Suvarnabhumi Airport,BKK,21/07/2024 13:50,Kuala Lumpur International Airport,KUL,21/07/2024 17:10,140,AirAsia X,Economy,665,285,N/A,137,Y,N,N,1,7,0,0
Suvarnabhumi Airport,BKK,21/07/2024 10:50,Singapore Changi Airport,SIN,21/07/2024 14:15,145,Scoot,Economy,1070,705,N/A,167,Y,N,N,1,7,0,0
Suvarnabhumi Airport,BKK,21/07/2024 21:20,Singapore Changi Airport,SIN,22/07/2024 0:45,145,Jetstar,Economy,460,90,TRUE,193,Y,N,N,1,7,0,0
Suvarnabhumi Airport,BKK,21/07/2024 22:50,Ninoy Aquino International Airport,MNL,22/07/2024 3:15,205,Philippine Airlines,Economy,205,N/A,N/A,218,Y,Y,Y,1,7,1,30
Suvarnabhumi Airport,BKK,21/07/2024 18:10,Ninoy Aquino International Airport,MNL,21/07/2024 22:40,210,Philippine Airlines,Economy,210,N/A,N/A,244,Y,Y,Y,1,7,1,30
Suvarnabhumi Airport,BKK,22/07/2024 11:15,Ninoy Aquino International Airport,MNL,22/07/2024 15:55,220,Cebu Pacific,Economy,220,N/A,N/A,102,Y,N,N,1,7,0,0
Suvarnabhumi Airport,BKK,22/07/2024 4:00,Ninoy Aquino International Airport,MNL,22/07/2024 8:35,215,Cebu Pacific,Economy,215,N/A,N/A,112,Y,N,N,1,7,0,0
Suvarnabhumi Airport,BKK,22/07/2024 14:30,Ninoy Aquino International Airport,MNL,22/07/2024 18:45,195,THAI,Economy,195,N/A,N/A,179,Y,Y,Y,1,7,2,23
Suvarnabhumi Airport,BKK,22/07/2024 10:50,Singapore Changi Airport,SIN,22/07/2024 14:15,145,Scoot,Economy,1070,705,N/A,99,Y,N,N,1,7,0,0
Suvarnabhumi Airport,BKK,22/07/2024 20:25,Singapore Changi Airport,SIN,22/07/2024 23:45,140,Scoot,Economy,495,135,N/A,110,Y,N,N,1,7,0,0
Suvarnabhumi Airport,BKK,22/07/2024 9:25,Singapore Changi Airport,SIN,22/07/2024 12:50,145,Jetstar,Economy,635,265,N/A,144,Y,N,N,1,7,0,0
Suvarnabhumi Airport,BKK,22/07/2024 7:25,Ninoy Aquino International Airport,MNL,22/07/2024 11:45,200,THAI,Economy,200,N/A,N/A,169,Y,Y,Y,1,7,2,23
Suvarnabhumi Airport,BKK,22/07/2024 13:30,Ninoy Aquino International Airport,MNL,22/07/2024 17:55,205,Philippine Airlines,Economy,205,N/A,N/A,218,Y,Y,Y,1,7,1,30
Suvarnabhumi Airport,BKK,22/07/2024 18:10,Ninoy Aquino International Airport,MNL,22/07/2024 22:40,210,Philippine Airlines,Economy,210,N/A,N/A,218,Y,Y,Y,1,7,1,30
Suvarnabhumi Airport,BKK,22/07/2024 22:50,Ninoy Aquino International Airport,MNL,23/07/2024 3:15,205,Philippine Airlines,Economy,205,N/A,N/A,218,Y,Y,Y,1,7,1,30
Suvarnabhumi Airport,BKK,23/07/2024 4:00,Ninoy Aquino International Airport,MNL,23/07/2024 8:35,215,Cebu Pacific,Economy,215,N/A,N/A,102,Y,N,N,1,7,0,0
Suvarnabhumi Airport,BKK,23/07/2024 11:15,Ninoy Aquino International Airport,MNL,23/07/2024 15:55,220,Cebu Pacific,Economy,220,N/A,N/A,112,Y,N,N,1,7,0,0
Suvarnabhumi Airport,BKK,23/07/2024 14:30,Ninoy Aquino International Airport,MNL,23/07/2024 18:45,195,THAI,Economy,195,N/A,N/A,169,Y,Y,Y,1,7,2,23
Suvarnabhumi Airport,BKK,23/07/2024 8:25,Singapore Changi Airport,SIN,23/07/2024 11:55,150,Scoot,Economy,550,165,N/A,99,Y,N,N,1,7,0,0
Suvarnabhumi Airport,BKK,23/07/2024 10:50,Singapore Changi Airport,SIN,23/07/2024 14:15,145,Scoot,Economy,1070,705,N/A,99,Y,N,N,1,7,0,0
Suvarnabhumi Airport,BKK,23/07/2024 21:20,Singapore Changi Airport,SIN,24/07/2024 0:45,145,Jetstar,Economy,690,315,TRUE,129,Y,N,N,1,7,0,0
Suvarnabhumi Airport,BKK,23/07/2024 12:50,Singapore Changi Airport,SIN,23/07/2024 16:15,145,Jetstar,Economy,430,60,N/A,151,Y,N,N,1,7,0,0
Suvarnabhumi Airport,BKK,23/07/2024 7:25,Ninoy Aquino International Airport,MNL,23/07/2024 11:45,200,THAI,Economy,200,N/A,N/A,169,Y,Y,Y,1,7,2,23
Suvarnabhumi Airport,BKK,23/07/2024 1:40,Ninoy Aquino International Airport,MNL,23/07/2024 6:05,205,Philippine Airlines,Economy,205,N/A,N/A,218,Y,Y,Y,1,7,1,30
Suvarnabhumi Airport,BKK,23/07/2024 13:30,Ninoy Aquino International Airport,MNL,23/07/2024 17:55,205,Philippine Airlines,Economy,205,N/A,N/A,218,Y,Y,Y,1,7,1,30
Suvarnabhumi Airport,BKK,23/07/2024 18:10,Ninoy Aquino International Airport,MNL,23/07/2024 22:40,210,Philippine Airlines,Economy,210,N/A,N/A,218,Y,Y,Y,1,7,1,30
Suvarnabhumi Airport,BKK,23/07/2024 22:50,Ninoy Aquino International Airport,MNL,24/07/2024 3:15,205,Philippine Airlines,Economy,205,N/A,N/A,218,Y,Y,Y,1,7,1,30
Suvarnabhumi Airport,BKK,24/07/2024 4:00,Ninoy Aquino International Airport,MNL,24/07/2024 8:35,215,Cebu Pacific,Economy,215,N/A,N/A,112,Y,N,N,1,7,0,0
Suvarnabhumi Airport,BKK,24/07/2024 11:15,Ninoy Aquino International Airport,MNL,24/07/2024 15:55,220,Cebu Pacific,Economy,220,N/A,N/A,112,Y,N,N,1,7,0,0
Suvarnabhumi Airport,BKK,24/07/2024 14:30,Ninoy Aquino International Airport,MNL,24/07/2024 18:45,195,THAI,Economy,195,N/A,N/A,169,Y,Y,Y,1,7,2,23
Suvarnabhumi Airport,BKK,24/07/2024 8:25,Singapore Changi Airport,SIN,24/07/2024 11:55,150,Scoot,Economy,550,165,N/A,99,Y,N,N,1,7,0,0
Suvarnabhumi Airport,BKK,24/07/2024 17:55,Singapore Changi Airport,SIN,24/07/2024 21:05,130,Scoot,Economy,645,295,N/A,99,Y,N,N,1,7,0,0
Suvarnabhumi Airport,BKK,24/07/2024 23:10,Singapore Changi Airport,SIN,25/07/2024 2:40,150,Scoot,Economy,1105,720,TRUE,99,Y,N,N,1,7,0,0
Suvarnabhumi Airport,BKK,24/07/2024 13:50,Kuala Lumpur International Airport,KUL,24/07/2024 17:10,140,AirAsia X,Economy,665,285,N/A,130,Y,N,N,1,7,0,0
Suvarnabhumi Airport,BKK,24/07/2024 12:50,Singapore Changi Airport,SIN,24/07/2024 16:15,145,Jetstar,Economy,430,60,N/A,144,Y,N,N,1,7,0,0
Suvarnabhumi Airport,BKK,24/07/2024 7:25,Ninoy Aquino International Airport,MNL,24/07/2024 11:45,200,THAI,Economy,200,N/A,N/A,169,Y,Y,Y,1,7,2,23
Suvarnabhumi Airport,BKK,24/07/2024 13:30,Ninoy Aquino International Airport,MNL,24/07/2024 17:55,205,Philippine Airlines,Economy,205,N/A,N/A,218,Y,Y,Y,1,7,1,30
Suvarnabhumi Airport,BKK,24/07/2024 18:10,Ninoy Aquino International Airport,MNL,24/07/2024 22:40,210,Philippine Airlines,Economy,210,N/A,N/A,218,Y,Y,Y,1,7,1,30
Suvarnabhumi Airport,BKK,24/07/2024 22:50,Ninoy Aquino International Airport,MNL,25/07/2024 3:15,205,Philippine Airlines,Economy,205,N/A,N/A,218,Y,Y,Y,1,7,1,30
Suvarnabhumi Airport,BKK,25/07/2024 4:00,Ninoy Aquino International Airport,MNL,25/07/2024 8:35,215,Cebu Pacific,Economy,215,N/A,N/A,112,Y,N,N,1,7,0,0
Suvarnabhumi Airport,BKK,25/07/2024 11:15,Ninoy Aquino International Airport,MNL,25/07/2024 15:55,220,Cebu Pacific,Economy,220,N/A,N/A,122,Y,N,N,1,7,0,0
Suvarnabhumi Airport,BKK,25/07/2024 14:30,Ninoy Aquino International Airport,MNL,25/07/2024 18:45,195,THAI,Economy,195,N/A,N/A,169,Y,Y,Y,1,7,2,23
Suvarnabhumi Airport,BKK,25/07/2024 12:50,Singapore Changi Airport,SIN,25/07/2024 16:15,145,Jetstar,Economy,970,600,TRUE,122,Y,N,N,1,7,0,0
Suvarnabhumi Airport,BKK,25/07/2024 12:50,Singapore Changi Airport,SIN,25/07/2024 16:15,145,Jetstar,Economy,430,60,N/A,130,Y,N,N,1,7,0,0
Suvarnabhumi Airport,BKK,25/07/2024 13:50,Kuala Lumpur International Airport,KUL,25/07/2024 17:10,140,AirAsia X,Economy,660,280,N/A,131,Y,N,N,1,7,0,0
Suvarnabhumi Airport,BKK,25/07/2024 7:25,Ninoy Aquino International Airport,MNL,25/07/2024 11:45,200,THAI,Economy,200,N/A,N/A,169,Y,Y,Y,1,7,2,23
Suvarnabhumi Airport,BKK,25/07/2024 13:30,Ninoy Aquino International Airport,MNL,25/07/2024 17:55,205,Philippine Airlines,Economy,205,N/A,N/A,218,Y,Y,Y,1,7,1,30
Suvarnabhumi Airport,BKK,25/07/2024 18:10,Ninoy Aquino International Airport,MNL,25/07/2024 22:40,210,Philippine Airlines,Economy,210,N/A,N/A,218,Y,Y,Y,1,7,1,30
Suvarnabhumi Airport,BKK,25/07/2024 22:50,Ninoy Aquino International Airport,MNL,26/07/2024 3:15,205,Philippine Airlines,Economy,205,N/A,N/A,218,Y,Y,Y,1,7,1,30
Suvarnabhumi Airport,BKK,26/07/2024 4:00,Ninoy Aquino International Airport,MNL,26/07/2024 8:35,215,Cebu Pacific,Economy,215,N/A,N/A,122,Y,N,N,1,7,0,0
Suvarnabhumi Airport,BKK,26/07/2024 11:15,Ninoy Aquino International Airport,MNL,26/07/2024 15:55,220,Cebu Pacific,Economy,220,N/A,N/A,145,Y,N,N,1,7,0,0
Suvarnabhumi Airport,BKK,26/07/2024 7:25,Ninoy Aquino International Airport,MNL,26/07/2024 11:45,200,THAI,Economy,200,N/A,N/A,169,Y,Y,Y,1,7,2,23
Suvarnabhumi Airport,BKK,26/07/2024 14:30,Ninoy Aquino International Airport,MNL,26/07/2024 18:45,195,THAI,Economy,195,N/A,N/A,169,Y,Y,Y,1,7,2,23
Suvarnabhumi Airport,BKK,26/07/2024 13:30,Ninoy Aquino International Airport,MNL,26/07/2024 17:55,205,Philippine Airlines,Economy,205,N/A,N/A,218,Y,Y,Y,1,7,1,30
Suvarnabhumi Airport,BKK,26/07/2024 8:25,Singapore Changi Airport,SIN,26/07/2024 11:55,150,Scoot,Economy,1215,845,N/A,126,Y,N,N,1,7,0,0
Suvarnabhumi Airport,BKK,26/07/2024 21:20,Singapore Changi Airport,SIN,27/07/2024 0:45,145,Jetstar,Economy,460,90,TRUE,129,Y,N,N,1,7,0,0
Suvarnabhumi Airport,BKK,26/07/2024 12:50,Singapore Changi Airport,SIN,26/07/2024 16:15,145,Jetstar,Economy,430,60,N/A,160,Y,N,N,1,7,0,0
Suvarnabhumi Airport,BKK,26/07/2024 18:10,Ninoy Aquino International Airport,MNL,26/07/2024 22:40,210,Philippine Airlines,Economy,210,N/A,N/A,218,Y,Y,Y,1,7,1,30
Suvarnabhumi Airport,BKK,26/07/2024 22:50,Ninoy Aquino International Airport,MNL,27/07/2024 3:15,205,Philippine Airlines,Economy,205,N/A,N/A,218,Y,Y,Y,1,7,1,30
Suvarnabhumi Airport,BKK,27/07/2024 11:15,Ninoy Aquino International Airport,MNL,27/07/2024 15:55,220,Cebu Pacific,Economy,220,N/A,N/A,89,Y,N,N,1,7,0,0
Suvarnabhumi Airport,BKK,27/07/2024 4:00,Ninoy Aquino International Airport,MNL,27/07/2024 8:35,215,Cebu Pacific,Economy,215,N/A,N/A,122,Y,N,N,1,7,0,0
Suvarnabhumi Airport,BKK,27/07/2024 7:25,Ninoy Aquino International Airport,MNL,27/07/2024 11:45,200,THAI,Economy,200,N/A,N/A,169,Y,Y,Y,1,7,2,23
Suvarnabhumi Airport,BKK,27/07/2024 14:30,Ninoy Aquino International Airport,MNL,27/07/2024 18:45,195,THAI,Economy,195,N/A,N/A,169,Y,Y,Y,1,7,2,23
Suvarnabhumi Airport,BKK,27/07/2024 13:30,Ninoy Aquino International Airport,MNL,27/07/2024 17:55,205,Philippine Airlines,Economy,205,N/A,N/A,218,Y,Y,Y,1,7,1,30
Suvarnabhumi Airport,BKK,27/07/2024 21:20,Singapore Changi Airport,SIN,28/07/2024 0:45,145,Jetstar,Economy,690,315,TRUE,136,Y,N,N,1,7,0,0
Suvarnabhumi Airport,BKK,27/07/2024 9:05,Singapore Changi Airport,SIN,27/07/2024 12:20,135,Scoot,Economy,1175,820,N/A,146,Y,N,N,1,7,0,0
Suvarnabhumi Airport,BKK,27/07/2024 15:55,Singapore Changi Airport,SIN,27/07/2024 19:20,145,Jetstar,Economy,485,95,N/A,151,Y,N,N,1,7,0,0
Suvarnabhumi Airport,BKK,27/07/2024 18:10,Ninoy Aquino International Airport,MNL,27/07/2024 22:40,210,Philippine Airlines,Economy,210,N/A,N/A,218,Y,Y,Y,1,7,1,30
Suvarnabhumi Airport,BKK,27/07/2024 22:50,Ninoy Aquino International Airport,MNL,28/07/2024 3:15,205,Philippine Airlines,Economy,205,N/A,N/A,218,Y,Y,Y,1,7,1,30
Suvarnabhumi Airport,BKK,28/07/2024 4:00,Ninoy Aquino International Airport,MNL,28/07/2024 8:35,215,Cebu Pacific,Economy,215,N/A,N/A,122,Y,N,N,1,7,0,0
Suvarnabhumi Airport,BKK,28/07/2024 11:15,Ninoy Aquino International Airport,MNL,28/07/2024 15:55,220,Cebu Pacific,Economy,220,N/A,N/A,145,Y,N,N,1,7,0,0
Suvarnabhumi Airport,BKK,28/07/2024 7:25,Ninoy Aquino International Airport,MNL,28/07/2024 11:45,200,THAI,Economy,200,N/A,N/A,169,Y,Y,Y,1,7,2,23
Suvarnabhumi Airport,BKK,28/07/2024 14:30,Ninoy Aquino International Airport,MNL,28/07/2024 18:45,195,THAI,Economy,195,N/A,N/A,191,Y,Y,Y,1,7,2,23
Suvarnabhumi Airport,BKK,28/07/2024 13:30,Ninoy Aquino International Airport,MNL,28/07/2024 17:55,205,Philippine Airlines,Economy,205,N/A,N/A,218,Y,Y,Y,1,7,1,30
Suvarnabhumi Airport,BKK,28/07/2024 10:50,Singapore Changi Airport,SIN,28/07/2024 14:15,145,Scoot,Economy,1070,705,N/A,99,Y,N,N,1,7,0,0
Suvarnabhumi Airport,BKK,28/07/2024 13:50,Kuala Lumpur International Airport,KUL,28/07/2024 17:10,140,AirAsia X,Economy,665,285,N/A,133,Y,N,N,1,7,0,0
Suvarnabhumi Airport,BKK,28/07/2024 21:20,Singapore Changi Airport,SIN,29/07/2024 0:45,145,Jetstar,Economy,460,90,TRUE,155,Y,N,N,1,7,0,0
Suvarnabhumi Airport,BKK,28/07/2024 18:10,Ninoy Aquino International Airport,MNL,28/07/2024 22:40,210,Philippine Airlines,Economy,210,N/A,N/A,218,Y,Y,Y,1,7,1,30
Suvarnabhumi Airport,BKK,28/07/2024 22:50,Ninoy Aquino International Airport,MNL,29/07/2024 3:15,205,Philippine Airlines,Economy,205,N/A,N/A,218,Y,Y,Y,1,7,1,30
Suvarnabhumi Airport,BKK,29/07/2024 4:00,Ninoy Aquino International Airport,MNL,29/07/2024 8:35,215,Cebu Pacific,Economy,215,N/A,N/A,102,Y,N,N,1,7,0,0
Suvarnabhumi Airport,BKK,29/07/2024 11:15,Ninoy Aquino International Airport,MNL,29/07/2024 15:55,220,Cebu Pacific,Economy,220,N/A,N/A,122,Y,N,N,1,7,0,0
Suvarnabhumi Airport,BKK,29/07/2024 14:30,Ninoy Aquino International Airport,MNL,29/07/2024 18:45,195,THAI,Economy,195,N/A,N/A,179,Y,Y,Y,1,7,2,23
Suvarnabhumi Airport,BKK,29/07/2024 23:05,Singapore Changi Airport,SIN,30/07/2024 2:40,155,Scoot,Economy,1775,1400,N/A,99,Y,N,N,1,7,0,0
Suvarnabhumi Airport,BKK,29/07/2024 13:50,Kuala Lumpur International Airport,KUL,29/07/2024 17:10,140,AirAsia X,Economy,665,285,N/A,134,Y,N,N,1,7,0,0
Suvarnabhumi Airport,BKK,29/07/2024 12:50,Singapore Changi Airport,SIN,29/07/2024 16:15,145,Jetstar,Economy,430,60,N/A,166,Y,N,N,1,7,0,0
Suvarnabhumi Airport,BKK,29/07/2024 7:25,Ninoy Aquino International Airport,MNL,29/07/2024 11:45,200,THAI,Economy,200,N/A,N/A,169,Y,Y,Y,1,7,2,23
Suvarnabhumi Airport,BKK,29/07/2024 13:30,Ninoy Aquino International Airport,MNL,29/07/2024 17:55,205,Philippine Airlines,Economy,205,N/A,N/A,218,Y,Y,Y,1,7,1,30
Suvarnabhumi Airport,BKK,29/07/2024 18:10,Ninoy Aquino International Airport,MNL,29/07/2024 22:40,210,Philippine Airlines,Economy,210,N/A,N/A,218,Y,Y,Y,1,7,1,30
Suvarnabhumi Airport,BKK,29/07/2024 22:50,Ninoy Aquino International Airport,MNL,30/07/2024 3:15,205,Philippine Airlines,Economy,205,N/A,N/A,218,Y,Y,Y,1,7,1,30
Suvarnabhumi Airport,BKK,30/07/2024 4:00,Ninoy Aquino International Airport,MNL,30/07/2024 8:35,215,Cebu Pacific,Economy,215,N/A,N/A,89,Y,N,N,1,7,0,0
Suvarnabhumi Airport,BKK,30/07/2024 11:15,Ninoy Aquino International Airport,MNL,30/07/2024 15:55,220,Cebu Pacific,Economy,220,N/A,N/A,133,Y,N,N,1,7,0,0
Suvarnabhumi Airport,BKK,30/07/2024 14:30,Ninoy Aquino International Airport,MNL,30/07/2024 18:45,195,THAI,Economy,195,N/A,N/A,169,Y,Y,Y,1,7,2,23
Suvarnabhumi Airport,BKK,30/07/2024 17:55,Singapore Changi Airport,SIN,30/07/2024 21:05,130,Scoot,Economy,645,295,N/A,99,Y,N,N,1,7,0,0
Suvarnabhumi Airport,BKK,30/07/2024 13:50,Kuala Lumpur International Airport,KUL,30/07/2024 17:10,140,AirAsia X,Economy,655,275,N/A,131,Y,N,N,1,7,0,0
Suvarnabhumi Airport,BKK,30/07/2024 12:50,Singapore Changi Airport,SIN,30/07/2024 16:15,145,Jetstar,Economy,430,60,N/A,144,Y,N,N,1,7,0,0
Suvarnabhumi Airport,BKK,30/07/2024 7:25,Ninoy Aquino International Airport,MNL,30/07/2024 11:45,200,THAI,Economy,200,N/A,N/A,169,Y,Y,Y,1,7,2,23
Suvarnabhumi Airport,BKK,30/07/2024 1:40,Ninoy Aquino International Airport,MNL,30/07/2024 6:05,205,Philippine Airlines,Economy,205,N/A,N/A,218,Y,Y,Y,1,7,1,30
Suvarnabhumi Airport,BKK,30/07/2024 13:30,Ninoy Aquino International Airport,MNL,30/07/2024 17:55,205,Philippine Airlines,Economy,205,N/A,N/A,218,Y,Y,Y,1,7,1,30
Suvarnabhumi Airport,BKK,30/07/2024 18:10,Ninoy Aquino International Airport,MNL,30/07/2024 22:40,210,Philippine Airlines,Economy,210,N/A,N/A,218,Y,Y,Y,1,7,1,30
Suvarnabhumi Airport,BKK,30/07/2024 22:50,Ninoy Aquino International Airport,MNL,31/07/2024 3:15,205,Philippine Airlines,Economy,205,N/A,N/A,218,Y,Y,Y,1,7,1,30
Suvarnabhumi Airport,BKK,31/07/2024 4:00,Ninoy Aquino International Airport,MNL,31/07/2024 8:35,215,Cebu Pacific,Economy,215,N/A,N/A,89,Y,N,N,1,7,0,0
Suvarnabhumi Airport,BKK,31/07/2024 8:25,Singapore Changi Airport,SIN,31/07/2024 11:55,150,Scoot,Economy,550,165,N/A,99,Y,N,N,1,7,0,0
Suvarnabhumi Airport,BKK,31/07/2024 7:25,Ninoy Aquino International Airport,MNL,31/07/2024 11:45,200,THAI,Economy,200,N/A,N/A,169,Y,Y,Y,1,7,2,23
Suvarnabhumi Airport,BKK,31/07/2024 14:30,Ninoy Aquino International Airport,MNL,31/07/2024 18:45,195,THAI,Economy,195,N/A,N/A,169,Y,Y,Y,1,7,2,23
Suvarnabhumi Airport,BKK,31/07/2024 13:30,Ninoy Aquino International Airport,MNL,31/07/2024 17:55,205,Philippine Airlines,Economy,205,N/A,N/A,218,Y,Y,Y,1,7,1,30
Suvarnabhumi Airport,BKK,31/07/2024 9:25,Singapore Changi Airport,SIN,31/07/2024 12:50,145,Jetstar,Economy,635,265,N/A,117,Y,N,N,1,7,0,0
Suvarnabhumi Airport,BKK,31/07/2024 12:50,Singapore Changi Airport,SIN,31/07/2024 16:15,145,Jetstar,Economy,430,60,N/A,144,Y,N,N,1,7,0,0
Suvarnabhumi Airport,BKK,31/07/2024 11:15,Ninoy Aquino International Airport,MNL,31/07/2024 15:55,220,Cebu Pacific,Economy,220,N/A,N/A,188,Y,N,N,1,7,0,0
Suvarnabhumi Airport,BKK,31/07/2024 18:10,Ninoy Aquino International Airport,MNL,31/07/2024 22:40,210,Philippine Airlines,Economy,210,N/A,N/A,218,Y,Y,Y,1,7,1,30
Suvarnabhumi Airport,BKK,31/07/2024 22:50,Ninoy Aquino International Airport,MNL,01/08/2024 3:15,205,Philippine Airlines,Economy,205,N/A,N/A,218,Y,Y,Y,1,7,1,30
Suvarnabhumi Airport,BKK,01/08/2024 4:00,Ninoy Aquino International Airport,MNL,01/08/2024 8:35,215,Cebu Pacific,Economy,215,N/A,N/A,122,Y,N,N,1,7,0,0
Suvarnabhumi Airport,BKK,01/08/2024 11:15,Ninoy Aquino International Airport,MNL,01/08/2024 15:55,220,Cebu Pacific,Economy,220,N/A,N/A,133,Y,N,N,1,7,0,0
Suvarnabhumi Airport,BKK,01/08/2024 14:30,Ninoy Aquino International Airport,MNL,01/08/2024 18:45,195,THAI,Economy,195,N/A,N/A,189,Y,Y,Y,1,7,2,23
Suvarnabhumi Airport,BKK,01/08/2024 13:30,Ninoy Aquino International Airport,MNL,01/08/2024 17:55,205,Philippine Airlines,Economy,205,N/A,N/A,189,Y,Y,Y,1,7,1,30
Suvarnabhumi Airport,BKK,01/08/2024 18:45,Singapore Changi Airport,SIN,01/08/2024 22:40,175,Scoot,Economy,595,200,N/A,100,Y,N,N,1,7,0,0
Suvarnabhumi Airport,BKK,01/08/2024 21:20,Singapore Changi Airport,SIN,02/08/2024 0:45,145,Jetstar,Economy,690,315,TRUE,115,Y,N,N,1,7,0,0
Suvarnabhumi Airport,BKK,01/08/2024 21:20,Singapore Changi Airport,SIN,02/08/2024 0:45,145,Jetstar,Economy,460,90,TRUE,124,Y,N,N,1,7,0,0
Suvarnabhumi Airport,BKK,01/08/2024 20:25,Singapore Changi Airport,SIN,01/08/2024 23:45,140,Scoot,Economy,495,135,N/A,128,Y,N,N,1,7,0,0
Suvarnabhumi Airport,BKK,01/08/2024 22:50,Ninoy Aquino International Airport,MNL,02/08/2024 3:15,205,Philippine Airlines,Economy,205,N/A,N/A,157,Y,Y,Y,1,7,1,30
Suvarnabhumi Airport,BKK,01/08/2024 7:25,Ninoy Aquino International Airport,MNL,01/08/2024 11:45,200,THAI,Economy,200,N/A,N/A,189,Y,Y,Y,1,7,2,23
Suvarnabhumi Airport,BKK,02/08/2024 11:15,Ninoy Aquino International Airport,MNL,02/08/2024 15:55,220,Cebu Pacific,Economy,220,N/A,N/A,145,Y,N,N,1,7,0,0
Suvarnabhumi Airport,BKK,02/08/2024 18:10,Ninoy Aquino International Airport,MNL,02/08/2024 22:40,210,Philippine Airlines,Economy,210,N/A,N/A,157,Y,Y,Y,1,7,1,30
Suvarnabhumi Airport,BKK,02/08/2024 14:30,Ninoy Aquino International Airport,MNL,02/08/2024 18:45,195,THAI,Economy,195,N/A,N/A,189,Y,Y,Y,1,7,2,23
Suvarnabhumi Airport,BKK,02/08/2024 4:00,Ninoy Aquino International Airport,MNL,02/08/2024 8:35,215,Cebu Pacific,Economy,215,N/A,N/A,122,Y,N,N,1,7,0,0
Suvarnabhumi Airport,BKK,02/08/2024 21:20,Singapore Changi Airport,SIN,03/08/2024 0:45,145,Jetstar,Economy,690,315,TRUE,122,Y,N,N,1,7,0,0
Suvarnabhumi Airport,BKK,02/08/2024 12:50,Singapore Changi Airport,SIN,02/08/2024 16:15,145,Jetstar,Economy,430,60,N/A,139,Y,N,N,1,7,0,0
Suvarnabhumi Airport,BKK,02/08/2024 11:05,Hong Kong International Airport,HKG,02/08/2024 14:50,165,Hong Kong Express,Economy,485,165,N/A,153,N,N,N,0,0,0,0
Suvarnabhumi Airport,BKK,02/08/2024 7:25,Ninoy Aquino International Airport,MNL,02/08/2024 11:45,200,THAI,Economy,200,N/A,N/A,189,Y,Y,Y,1,7,2,23
Suvarnabhumi Airport,BKK,02/08/2024 13:30,Ninoy Aquino International Airport,MNL,02/08/2024 17:55,205,Philippine Airlines,Economy,205,N/A,N/A,189,Y,Y,Y,1,7,1,30
Suvarnabhumi Airport,BKK,02/08/2024 22:50,Ninoy Aquino International Airport,MNL,03/08/2024 3:15,205,Philippine Airlines,Economy,205,N/A,N/A,189,Y,Y,Y,1,7,1,30
Suvarnabhumi Airport,BKK,03/08/2024 4:00,Ninoy Aquino International Airport,MNL,03/08/2024 8:35,215,Cebu Pacific,Economy,215,N/A,N/A,122,Y,N,N,1,7,0,0
Suvarnabhumi Airport,BKK,03/08/2024 11:15,Ninoy Aquino International Airport,MNL,03/08/2024 15:55,220,Cebu Pacific,Economy,220,N/A,N/A,133,Y,N,N,1,7,0,0
Suvarnabhumi Airport,BKK,03/08/2024 14:30,Ninoy Aquino International Airport,MNL,03/08/2024 18:45,195,THAI,Economy,195,N/A,N/A,184,Y,Y,Y,1,7,2,23
Suvarnabhumi Airport,BKK,03/08/2024 13:30,Ninoy Aquino International Airport,MNL,03/08/2024 17:55,205,Philippine Airlines,Economy,205,N/A,N/A,206,Y,Y,Y,1,7,1,30
Suvarnabhumi Airport,BKK,03/08/2024 21:20,Singapore Changi Airport,SIN,04/08/2024 0:45,145,Jetstar,Economy,460,90,TRUE,137,Y,N,N,1,7,0,0
Suvarnabhumi Airport,BKK,03/08/2024 15:40,Singapore Changi Airport,SIN,03/08/2024 19:15,155,Scoot,Economy,780,405,N/A,149,Y,N,N,1,7,0,0
Suvarnabhumi Airport,BKK,03/08/2024 7:25,Ninoy Aquino International Airport,MNL,03/08/2024 11:45,200,THAI,Economy,200,N/A,N/A,184,Y,Y,Y,1,7,2,23
Suvarnabhumi Airport,BKK,03/08/2024 22:50,Ninoy Aquino International Airport,MNL,04/08/2024 3:15,205,Philippine Airlines,Economy,205,N/A,N/A,189,Y,Y,Y,1,7,1,30
Suvarnabhumi Airport,BKK,03/08/2024 18:10,Ninoy Aquino International Airport,MNL,03/08/2024 22:40,210,Philippine Airlines,Economy,210,N/A,N/A,206,Y,Y,Y,1,7,1,30
Suvarnabhumi Airport,BKK,04/08/2024 4:00,Ninoy Aquino International Airport,MNL,04/08/2024 8:35,215,Cebu Pacific,Economy,215,N/A,N/A,122,Y,N,N,1,7,0,0
Suvarnabhumi Airport,BKK,04/08/2024 14:30,Ninoy Aquino International Airport,MNL,04/08/2024 18:45,195,THAI,Economy,195,N/A,N/A,189,Y,Y,Y,1,7,2,23
Suvarnabhumi Airport,BKK,04/08/2024 18:10,Ninoy Aquino International Airport,MNL,04/08/2024 22:40,210,Philippine Airlines,Economy,210,N/A,N/A,189,Y,Y,Y,1,7,1,30
Suvarnabhumi Airport,BKK,04/08/2024 4:05,Hong Kong International Airport,HKG,04/08/2024 8:00,175,Hong Kong Airlines,Economy,405,85,N/A,162,Y,Y,Y,1,7,1,20
Suvarnabhumi Airport,BKK,04/08/2024 11:05,Hong Kong International Airport,HKG,04/08/2024 14:50,165,Hong Kong Express,Economy,485,165,N/A,169,N,N,N,0,0,0,0
Suvarnabhumi Airport,BKK,04/08/2024 21:20,Singapore Changi Airport,SIN,05/08/2024 0:45,145,Jetstar,Economy,460,90,TRUE,177,Y,N,N,1,7,0,0
Suvarnabhumi Airport,BKK,04/08/2024 7:25,Ninoy Aquino International Airport,MNL,04/08/2024 11:45,200,THAI,Economy,200,N/A,N/A,182,Y,Y,Y,1,7,2,23
Suvarnabhumi Airport,BKK,04/08/2024 22:50,Ninoy Aquino International Airport,MNL,05/08/2024 3:15,205,Philippine Airlines,Economy,205,N/A,N/A,189,Y,Y,Y,1,7,1,30
Suvarnabhumi Airport,BKK,04/08/2024 11:15,Ninoy Aquino International Airport,MNL,04/08/2024 15:55,220,Cebu Pacific,Economy,220,N/A,N/A,189,Y,N,N,1,7,0,0
Suvarnabhumi Airport,BKK,04/08/2024 13:30,Ninoy Aquino International Airport,MNL,04/08/2024 17:55,205,Philippine Airlines,Economy,205,N/A,N/A,206,Y,Y,Y,1,7,1,30
Suvarnabhumi Airport,BKK,05/08/2024 4:00,Ninoy Aquino International Airport,MNL,05/08/2024 8:35,215,Cebu Pacific,Economy,215,N/A,N/A,122,Y,N,N,1,7,0,0
Suvarnabhumi Airport,BKK,05/08/2024 18:10,Ninoy Aquino International Airport,MNL,05/08/2024 22:40,210,Philippine Airlines,Economy,210,N/A,N/A,157,Y,Y,Y,1,7,1,30
Suvarnabhumi Airport,BKK,05/08/2024 14:30,Ninoy Aquino International Airport,MNL,05/08/2024 18:45,195,THAI,Economy,195,N/A,N/A,189,Y,Y,Y,1,7,2,23
Suvarnabhumi Airport,BKK,05/08/2024 9:25,Singapore Changi Airport,SIN,05/08/2024 12:50,145,Jetstar,Economy,635,265,N/A,140,Y,N,N,1,7,0,0
Suvarnabhumi Airport,BKK,05/08/2024 11:15,Ninoy Aquino International Airport,MNL,05/08/2024 15:55,220,Cebu Pacific,Economy,220,N/A,N/A,158,Y,N,N,1,7,0,0
Suvarnabhumi Airport,BKK,05/08/2024 7:25,Ninoy Aquino International Airport,MNL,05/08/2024 11:45,200,THAI,Economy,200,N/A,N/A,189,Y,Y,Y,1,7,2,23
Suvarnabhumi Airport,BKK,05/08/2024 13:30,Ninoy Aquino International Airport,MNL,05/08/2024 17:55,205,Philippine Airlines,Economy,205,N/A,N/A,189,Y,Y,Y,1,7,1,30
Suvarnabhumi Airport,BKK,05/08/2024 22:50,Ninoy Aquino International Airport,MNL,06/08/2024 3:15,205,Philippine Airlines,Economy,205,N/A,N/A,189,Y,Y,Y,1,7,1,30
Suvarnabhumi Airport,BKK,06/08/2024 11:15,Ninoy Aquino International Airport,MNL,06/08/2024 15:55,220,Cebu Pacific,Economy,220,N/A,N/A,145,Y,N,N,1,7,0,0
Suvarnabhumi Airport,BKK,06/08/2024 22:50,Ninoy Aquino International Airport,MNL,07/08/2024 3:15,205,Philippine Airlines,Economy,205,N/A,N/A,157,Y,Y,Y,1,7,1,30
Suvarnabhumi Airport,BKK,06/08/2024 14:30,Ninoy Aquino International Airport,MNL,06/08/2024 18:45,195,THAI,Economy,195,N/A,N/A,184,Y,Y,Y,1,7,2,23
Suvarnabhumi Airport,BKK,06/08/2024 12:50,Singapore Changi Airport,SIN,06/08/2024 16:15,145,Jetstar,Economy,670,280,N/A,135,Y,N,N,1,7,0,0
Suvarnabhumi Airport,BKK,06/08/2024 4:00,Ninoy Aquino International Airport,MNL,06/08/2024 8:35,215,Cebu Pacific,Economy,215,N/A,N/A,145,Y,N,N,1,7,0,0
Suvarnabhumi Airport,BKK,06/08/2024 9:05,Singapore Changi Airport,SIN,06/08/2024 12:20,135,Scoot,Economy,1175,820,N/A,149,Y,N,N,1,7,0,0
Suvarnabhumi Airport,BKK,06/08/2024 12:50,Singapore Changi Airport,SIN,06/08/2024 16:15,145,Jetstar,Economy,430,60,N/A,162,Y,N,N,1,7,0,0
Suvarnabhumi Airport,BKK,06/08/2024 7:25,Ninoy Aquino International Airport,MNL,06/08/2024 11:45,200,THAI,Economy,200,N/A,N/A,189,Y,Y,Y,1,7,2,23
Suvarnabhumi Airport,BKK,06/08/2024 13:30,Ninoy Aquino International Airport,MNL,06/08/2024 17:55,205,Philippine Airlines,Economy,205,N/A,N/A,189,Y,Y,Y,1,7,1,30
Suvarnabhumi Airport,BKK,06/08/2024 18:10,Ninoy Aquino International Airport,MNL,06/08/2024 22:40,210,Philippine Airlines,Economy,210,N/A,N/A,189,Y,Y,Y,1,7,1,30
Suvarnabhumi Airport,BKK,07/08/2024 11:15,Ninoy Aquino International Airport,MNL,07/08/2024 15:55,220,Cebu Pacific,Economy,220,N/A,N/A,133,Y,N,N,1,7,0,0
Suvarnabhumi Airport,BKK,07/08/2024 13:30,Ninoy Aquino International Airport,MNL,07/08/2024 17:55,205,Philippine Airlines,Economy,205,N/A,N/A,157,Y,Y,Y,1,7,1,30
Suvarnabhumi Airport,BKK,07/08/2024 14:30,Ninoy Aquino International Airport,MNL,07/08/2024 18:45,195,THAI,Economy,195,N/A,N/A,182,Y,Y,Y,1,7,2,23
Suvarnabhumi Airport,BKK,07/08/2024 4:00,Ninoy Aquino International Airport,MNL,07/08/2024 8:35,215,Cebu Pacific,Economy,215,N/A,N/A,111,Y,N,N,1,7,0,0
Suvarnabhumi Airport,BKK,07/08/2024 9:25,Singapore Changi Airport,SIN,07/08/2024 12:50,145,Jetstar,Economy,635,265,N/A,148,Y,N,N,1,7,0,0
Suvarnabhumi Airport,BKK,07/08/2024 4:05,Hong Kong International Airport,HKG,07/08/2024 8:00,175,Hong Kong Airlines,Economy,405,85,N/A,155,Y,Y,Y,1,7,1,20
Suvarnabhumi Airport,BKK,07/08/2024 22:50,Ninoy Aquino International Airport,MNL,08/08/2024 3:15,205,Philippine Airlines,Economy,205,N/A,N/A,157,Y,Y,Y,1,7,1,30
Suvarnabhumi Airport,BKK,07/08/2024 7:25,Ninoy Aquino International Airport,MNL,07/08/2024 11:45,200,THAI,Economy,200,N/A,N/A,182,Y,Y,Y,1,7,2,23
Suvarnabhumi Airport,BKK,07/08/2024 18:10,Ninoy Aquino International Airport,MNL,07/08/2024 22:40,210,Philippine Airlines,Economy,210,N/A,N/A,189,Y,Y,Y,1,7,1,30
Suvarnabhumi Airport,BKK,08/08/2024 4:00,Ninoy Aquino International Airport,MNL,08/08/2024 8:35,215,Cebu Pacific,Economy,215,N/A,N/A,91,Y,N,N,1,7,0,0
Suvarnabhumi Airport,BKK,08/08/2024 11:15,Ninoy Aquino International Airport,MNL,08/08/2024 15:55,220,Cebu Pacific,Economy,220,N/A,N/A,101,Y,N,N,1,7,0,0
Suvarnabhumi Airport,BKK,08/08/2024 18:10,Ninoy Aquino International Airport,MNL,08/08/2024 22:40,210,Philippine Airlines,Economy,210,N/A,N/A,132,Y,Y,Y,1,7,1,30
Suvarnabhumi Airport,BKK,08/08/2024 14:30,Ninoy Aquino International Airport,MNL,08/08/2024 18:45,195,THAI,Economy,195,N/A,N/A,184,Y,Y,Y,1,7,2,23
Suvarnabhumi Airport,BKK,08/08/2024 11:05,Hong Kong International Airport,HKG,08/08/2024 14:50,165,Hong Kong Express,Economy,485,165,N/A,153,N,N,N,0,0,0,0
Suvarnabhumi Airport,BKK,08/08/2024 13:30,Ninoy Aquino International Airport,MNL,08/08/2024 17:55,205,Philippine Airlines,Economy,205,N/A,N/A,157,Y,Y,Y,1,7,1,30
Suvarnabhumi Airport,BKK,08/08/2024 22:50,Ninoy Aquino International Airport,MNL,09/08/2024 3:15,205,Philippine Airlines,Economy,205,N/A,N/A,157,Y,Y,Y,1,7,1,30
Suvarnabhumi Airport,BKK,08/08/2024 18:45,Hong Kong International Airport,HKG,08/08/2024 22:45,180,Greater Bay Airlines,Economy,380,80,N/A,183,Y,N,N,1,7,0,0
Suvarnabhumi Airport,BKK,08/08/2024 7:25,Ninoy Aquino International Airport,MNL,08/08/2024 11:45,200,THAI,Economy,200,N/A,N/A,184,Y,Y,Y,1,7,2,23
Suvarnabhumi Airport,BKK,09/08/2024 4:00,Ninoy Aquino International Airport,MNL,09/08/2024 8:35,215,Cebu Pacific,Economy,215,N/A,N/A,101,Y,N,N,1,7,0,0
Suvarnabhumi Airport,BKK,09/08/2024 11:15,Ninoy Aquino International Airport,MNL,09/08/2024 15:55,220,Cebu Pacific,Economy,220,N/A,N/A,122,Y,N,N,1,7,0,0
Suvarnabhumi Airport,BKK,09/08/2024 14:30,Ninoy Aquino International Airport,MNL,09/08/2024 18:45,195,THAI,Economy,195,N/A,N/A,182,Y,Y,Y,1,7,2,23
Suvarnabhumi Airport,BKK,09/08/2024 13:30,Ninoy Aquino International Airport,MNL,09/08/2024 17:55,205,Philippine Airlines,Economy,205,N/A,N/A,189,Y,Y,Y,1,7,1,30
Suvarnabhumi Airport,BKK,09/08/2024 13:50,Kuala Lumpur International Airport,KUL,09/08/2024 17:10,140,AirAsia X,Economy,665,285,N/A,123,Y,N,N,1,7,0,0
Suvarnabhumi Airport,BKK,09/08/2024 11:05,Hong Kong International Airport,HKG,09/08/2024 14:50,165,Hong Kong Express,Economy,485,165,N/A,140,N,N,N,0,0,0,0
Suvarnabhumi Airport,BKK,09/08/2024 21:20,Singapore Changi Airport,SIN,10/08/2024 0:45,145,Jetstar,Economy,460,90,TRUE,170,Y,N,N,1,7,0,0
Suvarnabhumi Airport,BKK,09/08/2024 7:25,Ninoy Aquino International Airport,MNL,09/08/2024 11:45,200,THAI,Economy,200,N/A,N/A,182,Y,Y,Y,1,7,2,23
Suvarnabhumi Airport,BKK,09/08/2024 15:00,Hong Kong International Airport,HKG,09/08/2024 19:00,180,Cathay Pacific,Economy,415,90,N/A,199,Y,Y,Y,1,7,1,23
Suvarnabhumi Airport,BKK,09/08/2024 18:10,Ninoy Aquino International Airport,MNL,09/08/2024 22:40,210,Philippine Airlines,Economy,210,N/A,N/A,221,Y,Y,Y,1,7,1,30
Suvarnabhumi Airport,BKK,10/08/2024 4:00,Ninoy Aquino International Airport,MNL,10/08/2024 8:35,215,Cebu Pacific,Economy,215,N/A,N/A,122,Y,N,N,1,7,0,0
Suvarnabhumi Airport,BKK,10/08/2024 11:15,Ninoy Aquino International Airport,MNL,10/08/2024 15:55,220,Cebu Pacific,Economy,220,N/A,N/A,133,Y,N,N,1,7,0,0
Suvarnabhumi Airport,BKK,10/08/2024 7:25,Ninoy Aquino International Airport,MNL,10/08/2024 11:45,200,THAI,Economy,200,N/A,N/A,182,Y,Y,Y,1,7,2,23
Suvarnabhumi Airport,BKK,10/08/2024 14:30,Ninoy Aquino International Airport,MNL,10/08/2024 18:45,195,THAI,Economy,195,N/A,N/A,182,Y,Y,Y,1,7,2,23
Suvarnabhumi Airport,BKK,10/08/2024 18:10,Ninoy Aquino International Airport,MNL,10/08/2024 22:40,210,Philippine Airlines,Economy,210,N/A,N/A,221,Y,Y,Y,1,7,1,30
Suvarnabhumi Airport,BKK,10/08/2024 11:05,Hong Kong International Airport,HKG,10/08/2024 14:50,165,Hong Kong Express,Economy,485,165,N/A,142,N,N,N,0,0,0,0
Suvarnabhumi Airport,BKK,10/08/2024 9:05,Singapore Changi Airport,SIN,10/08/2024 12:20,135,Scoot,Economy,1175,820,N/A,149,Y,N,N,1,7,0,0
Suvarnabhumi Airport,BKK,10/08/2024 15:00,Hong Kong International Airport,HKG,10/08/2024 19:00,180,Cathay Pacific,Economy,495,175,N/A,199,Y,Y,Y,1,7,1,23
Suvarnabhumi Airport,BKK,10/08/2024 22:50,Ninoy Aquino International Airport,MNL,11/08/2024 3:15,205,Philippine Airlines,Economy,205,N/A,N/A,206,Y,Y,Y,1,7,1,30
Suvarnabhumi Airport,BKK,10/08/2024 15:55,Singapore Changi Airport,SIN,10/08/2024 19:20,145,Jetstar,Economy,485,95,N/A,209,Y,N,N,1,7,0,0
Suvarnabhumi Airport,BKK,11/08/2024 11:15,Ninoy Aquino International Airport,MNL,11/08/2024 15:55,220,Cebu Pacific,Economy,220,N/A,N/A,145,Y,N,N,1,7,0,0
Suvarnabhumi Airport,BKK,11/08/2024 14:30,Ninoy Aquino International Airport,MNL,11/08/2024 18:45,195,THAI,Economy,195,N/A,N/A,184,Y,Y,Y,1,7,2,23
Suvarnabhumi Airport,BKK,11/08/2024 13:30,Ninoy Aquino International Airport,MNL,11/08/2024 17:55,205,Philippine Airlines,Economy,205,N/A,N/A,189,Y,Y,Y,1,7,1,30
Suvarnabhumi Airport,BKK,11/08/2024 4:00,Ninoy Aquino International Airport,MNL,11/08/2024 8:35,215,Cebu Pacific,Economy,215,N/A,N/A,145,Y,N,N,1,7,0,0
Suvarnabhumi Airport,BKK,11/08/2024 11:05,Hong Kong International Airport,HKG,11/08/2024 14:50,165,Hong Kong Express,Economy,485,165,N/A,160,N,N,N,0,0,0,0
Suvarnabhumi Airport,BKK,11/08/2024 7:25,Ninoy Aquino International Airport,MNL,11/08/2024 11:45,200,THAI,Economy,200,N/A,N/A,184,Y,Y,Y,1,7,2,23
Suvarnabhumi Airport,BKK,11/08/2024 22:50,Ninoy Aquino International Airport,MNL,12/08/2024 3:15,205,Philippine Airlines,Economy,205,N/A,N/A,189,Y,Y,Y,1,7,1,30
Suvarnabhumi Airport,BKK,11/08/2024 18:10,Ninoy Aquino International Airport,MNL,11/08/2024 22:40,210,Philippine Airlines,Economy,210,N/A,N/A,206,Y,Y,Y,1,7,1,30
Suvarnabhumi Airport,BKK,11/08/2024 23:10,Incheon International Airport,ICN,12/08/2024 6:35,325,THAI,Economy,645,75,N/A,690,Y,Y,Y,1,7,2,23
Suvarnabhumi Airport,BKK,12/08/2024 11:15,Ninoy Aquino International Airport,MNL,12/08/2024 15:55,220,Cebu Pacific,Economy,220,N/A,N/A,145,Y,N,N,1,7,0,0
Suvarnabhumi Airport,BKK,12/08/2024 7:25,Ninoy Aquino International Airport,MNL,12/08/2024 11:45,200,THAI,Economy,200,N/A,N/A,184,Y,Y,Y,1,7,2,23
Suvarnabhumi Airport,BKK,12/08/2024 14:30,Ninoy Aquino International Airport,MNL,12/08/2024 18:45,195,THAI,Economy,195,N/A,N/A,184,Y,Y,Y,1,7,2,23
Suvarnabhumi Airport,BKK,12/08/2024 13:30,Ninoy Aquino International Airport,MNL,12/08/2024 17:55,205,Philippine Airlines,Economy,205,N/A,N/A,206,Y,Y,Y,1,7,1,30
Suvarnabhumi Airport,BKK,12/08/2024 11:05,Hong Kong International Airport,HKG,12/08/2024 14:50,165,Hong Kong Express,Economy,485,165,N/A,155,N,N,N,0,0,0,0
Suvarnabhumi Airport,BKK,12/08/2024 11:05,Hong Kong International Airport,HKG,12/08/2024 14:50,165,Hong Kong Express,Economy,515,205,N/A,157,N,N,N,0,0,0,0
Suvarnabhumi Airport,BKK,12/08/2024 4:00,Ninoy Aquino International Airport,MNL,12/08/2024 8:35,215,Cebu Pacific,Economy,215,N/A,N/A,158,Y,N,N,1,7,0,0
Suvarnabhumi Airport,BKK,12/08/2024 22:50,Ninoy Aquino International Airport,MNL,13/08/2024 3:15,205,Philippine Airlines,Economy,205,N/A,N/A,189,Y,Y,Y,1,7,1,30
Suvarnabhumi Airport,BKK,12/08/2024 15:00,Hong Kong International Airport,HKG,12/08/2024 19:00,180,Cathay Pacific,Economy,415,90,N/A,199,Y,Y,Y,1,7,1,23
Suvarnabhumi Airport,BKK,12/08/2024 18:10,Ninoy Aquino International Airport,MNL,12/08/2024 22:40,210,Philippine Airlines,Economy,210,N/A,N/A,206,Y,Y,Y,1,7,1,30
Suvarnabhumi Airport,BKK,13/08/2024 18:10,Ninoy Aquino International Airport,MNL,13/08/2024 22:40,210,Philippine Airlines,Economy,210,N/A,N/A,132,Y,Y,Y,1,7,1,30
Suvarnabhumi Airport,BKK,13/08/2024 11:15,Ninoy Aquino International Airport,MNL,13/08/2024 15:55,220,Cebu Pacific,Economy,220,N/A,N/A,145,Y,N,N,1,7,0,0
Suvarnabhumi Airport,BKK,13/08/2024 14:30,Ninoy Aquino International Airport,MNL,13/08/2024 18:45,195,THAI,Economy,195,N/A,N/A,189,Y,Y,Y,1,7,2,23
Suvarnabhumi Airport,BKK,13/08/2024 9:05,Singapore Changi Airport,SIN,13/08/2024 12:20,135,Scoot,Economy,1175,820,N/A,113,Y,N,N,1,7,0,0
Suvarnabhumi Airport,BKK,13/08/2024 4:00,Ninoy Aquino International Airport,MNL,13/08/2024 8:35,215,Cebu Pacific,Economy,215,N/A,N/A,122,Y,N,N,1,7,0,0
Suvarnabhumi Airport,BKK,13/08/2024 9:05,Singapore Changi Airport,SIN,13/08/2024 12:20,135,Scoot,Economy,510,140,N/A,129,Y,N,N,1,7,0,0
Suvarnabhumi Airport,BKK,13/08/2024 22:50,Ninoy Aquino International Airport,MNL,14/08/2024 3:15,205,Philippine Airlines,Economy,205,N/A,N/A,157,Y,Y,Y,1,7,1,30
Suvarnabhumi Airport,BKK,13/08/2024 7:25,Ninoy Aquino International Airport,MNL,13/08/2024 11:45,200,THAI,Economy,200,N/A,N/A,189,Y,Y,Y,1,7,2,23
Suvarnabhumi Airport,BKK,13/08/2024 13:30,Ninoy Aquino International Airport,MNL,13/08/2024 17:55,205,Philippine Airlines,Economy,205,N/A,N/A,189,Y,Y,Y,1,7,1,30
Suvarnabhumi Airport,BKK,14/08/2024 4:00,Ninoy Aquino International Airport,MNL,14/08/2024 8:35,215,Cebu Pacific,Economy,215,N/A,N/A,111,Y,N,N,1,7,0,0
Suvarnabhumi Airport,BKK,14/08/2024 11:15,Ninoy Aquino International Airport,MNL,14/08/2024 15:55,220,Cebu Pacific,Economy,220,N/A,N/A,122,Y,N,N,1,7,0,0
Suvarnabhumi Airport,BKK,14/08/2024 22:50,Ninoy Aquino International Airport,MNL,15/08/2024 3:15,205,Philippine Airlines,Economy,205,N/A,N/A,157,Y,Y,Y,1,7,1,30
Suvarnabhumi Airport,BKK,14/08/2024 14:30,Ninoy Aquino International Airport,MNL,14/08/2024 18:45,195,THAI,Economy,195,N/A,N/A,189,Y,Y,Y,1,7,2,23
Suvarnabhumi Airport,BKK,14/08/2024 9:25,Singapore Changi Airport,SIN,14/08/2024 12:50,145,Jetstar,Economy,635,265,N/A,115,Y,N,N,1,7,0,0
Suvarnabhumi Airport,BKK,14/08/2024 13:50,Kuala Lumpur International Airport,KUL,14/08/2024 17:10,140,AirAsia X,Economy,665,285,N/A,122,Y,N,N,1,7,0,0
Suvarnabhumi Airport,BKK,14/08/2024 12:50,Singapore Changi Airport,SIN,14/08/2024 16:15,145,Jetstar,Economy,430,60,N/A,137,Y,N,N,1,7,0,0
Suvarnabhumi Airport,BKK,14/08/2024 7:25,Ninoy Aquino International Airport,MNL,14/08/2024 11:45,200,THAI,Economy,200,N/A,N/A,182,Y,Y,Y,1,7,2,23
Suvarnabhumi Airport,BKK,14/08/2024 18:10,Ninoy Aquino International Airport,MNL,14/08/2024 22:40,210,Philippine Airlines,Economy,210,N/A,N/A,189,Y,Y,Y,1,7,1,30
Suvarnabhumi Airport,BKK,14/08/2024 13:30,Ninoy Aquino International Airport,MNL,14/08/2024 17:55,205,Philippine Airlines,Economy,205,N/A,N/A,206,Y,Y,Y,1,7,1,30
Suvarnabhumi Airport,BKK,15/08/2024 11:15,Ninoy Aquino International Airport,MNL,15/08/2024 15:55,220,Cebu Pacific,Economy,220,N/A,N/A,122,Y,N,N,1,7,0,0
Suvarnabhumi Airport,BKK,15/08/2024 22:50,Ninoy Aquino International Airport,MNL,16/08/2024 3:15,205,Philippine Airlines,Economy,205,N/A,N/A,132,Y,Y,Y,1,7,1,30
Suvarnabhumi Airport,BKK,15/08/2024 14:30,Ninoy Aquino International Airport,MNL,15/08/2024 18:45,195,THAI,Economy,195,N/A,N/A,182,Y,Y,Y,1,7,2,23
Suvarnabhumi Airport,BKK,15/08/2024 4:00,Ninoy Aquino International Airport,MNL,15/08/2024 8:35,215,Cebu Pacific,Economy,215,N/A,N/A,111,Y,N,N,1,7,0,0
Suvarnabhumi Airport,BKK,15/08/2024 9:25,Singapore Changi Airport,SIN,15/08/2024 12:50,145,Jetstar,Economy,635,265,N/A,115,Y,N,N,1,7,0,0
Suvarnabhumi Airport,BKK,15/08/2024 12:50,Singapore Changi Airport,SIN,15/08/2024 16:15,145,Jetstar,Economy,430,60,N/A,122,Y,N,N,1,7,0,0
Suvarnabhumi Airport,BKK,15/08/2024 9:05,Singapore Changi Airport,SIN,15/08/2024 12:20,135,Scoot,Economy,1175,820,N/A,128,Y,N,N,1,7,0,0
Suvarnabhumi Airport,BKK,15/08/2024 7:25,Ninoy Aquino International Airport,MNL,15/08/2024 11:45,200,THAI,Economy,200,N/A,N/A,182,Y,Y,Y,1,7,2,23
Suvarnabhumi Airport,BKK,15/08/2024 18:10,Ninoy Aquino International Airport,MNL,15/08/2024 22:40,210,Philippine Airlines,Economy,210,N/A,N/A,189,Y,Y,Y,1,7,1,30
Suvarnabhumi Airport,BKK,16/08/2024 4:00,Ninoy Aquino International Airport,MNL,16/08/2024 8:35,215,Cebu Pacific,Economy,215,N/A,N/A,101,Y,N,N,1,7,0,0
Suvarnabhumi Airport,BKK,16/08/2024 11:15,Ninoy Aquino International Airport,MNL,16/08/2024 15:55,220,Cebu Pacific,Economy,220,N/A,N/A,122,Y,N,N,1,7,0,0
Suvarnabhumi Airport,BKK,16/08/2024 22:50,Ninoy Aquino International Airport,MNL,17/08/2024 3:15,205,Philippine Airlines,Economy,205,N/A,N/A,132,Y,Y,Y,1,7,1,30
Suvarnabhumi Airport,BKK,16/08/2024 14:30,Ninoy Aquino International Airport,MNL,16/08/2024 18:45,195,THAI,Economy,195,N/A,N/A,182,Y,Y,Y,1,7,2,23
Suvarnabhumi Airport,BKK,16/08/2024 13:50,Kuala Lumpur International Airport,KUL,16/08/2024 17:10,140,AirAsia X,Economy,665,285,N/A,119,Y,N,N,1,7,0,0
Suvarnabhumi Airport,BKK,16/08/2024 12:50,Singapore Changi Airport,SIN,16/08/2024 16:15,145,Jetstar,Economy,670,280,N/A,122,Y,N,N,1,7,0,0
Suvarnabhumi Airport,BKK,16/08/2024 12:50,Singapore Changi Airport,SIN,16/08/2024 16:15,145,Jetstar,Economy,430,60,N/A,139,Y,N,N,1,7,0,0
Suvarnabhumi Airport,BKK,16/08/2024 7:25,Ninoy Aquino International Airport,MNL,16/08/2024 11:45,200,THAI,Economy,200,N/A,N/A,189,Y,Y,Y,1,7,2,23
Suvarnabhumi Airport,BKK,16/08/2024 13:30,Ninoy Aquino International Airport,MNL,16/08/2024 17:55,205,Philippine Airlines,Economy,205,N/A,N/A,189,Y,Y,Y,1,7,1,30
Suvarnabhumi Airport,BKK,17/08/2024 4:00,Ninoy Aquino International Airport,MNL,17/08/2024 8:35,215,Cebu Pacific,Economy,215,N/A,N/A,88,Y,N,N,1,7,0,0
Suvarnabhumi Airport,BKK,17/08/2024 11:15,Ninoy Aquino International Airport,MNL,17/08/2024 15:55,220,Cebu Pacific,Economy,220,N/A,N/A,111,Y,N,N,1,7,0,0
Suvarnabhumi Airport,BKK,17/08/2024 18:10,Ninoy Aquino International Airport,MNL,17/08/2024 22:40,210,Philippine Airlines,Economy,210,N/A,N/A,157,Y,Y,Y,1,7,1,30
Suvarnabhumi Airport,BKK,17/08/2024 14:30,Ninoy Aquino International Airport,MNL,17/08/2024 18:45,195,THAI,Economy,195,N/A,N/A,189,Y,Y,Y,1,7,2,23
Suvarnabhumi Airport,BKK,17/08/2024 9:25,Singapore Changi Airport,SIN,17/08/2024 12:50,145,Jetstar,Economy,635,265,N/A,115,Y,N,N,1,7,0,0
Suvarnabhumi Airport,BKK,17/08/2024 15:55,Singapore Changi Airport,SIN,17/08/2024 19:20,145,Jetstar,Economy,485,95,N/A,122,Y,N,N,1,7,0,0
Suvarnabhumi Airport,BKK,17/08/2024 11:05,Hong Kong International Airport,HKG,17/08/2024 14:50,165,Hong Kong Express,Economy,485,165,N/A,145,N,N,N,0,0,0,0
Suvarnabhumi Airport,BKK,17/08/2024 22:50,Ninoy Aquino International Airport,MNL,18/08/2024 3:15,205,Philippine Airlines,Economy,205,N/A,N/A,157,Y,Y,Y,1,7,1,30
Suvarnabhumi Airport,BKK,17/08/2024 7:25,Ninoy Aquino International Airport,MNL,17/08/2024 11:45,200,THAI,Economy,200,N/A,N/A,189,Y,Y,Y,1,7,2,23
Suvarnabhumi Airport,BKK,17/08/2024 13:30,Ninoy Aquino International Airport,MNL,17/08/2024 17:55,205,Philippine Airlines,Economy,205,N/A,N/A,189,Y,Y,Y,1,7,1,30
Suvarnabhumi Airport,BKK,18/08/2024 4:00,Ninoy Aquino International Airport,MNL,18/08/2024 8:35,215,Cebu Pacific,Economy,215,N/A,N/A,111,Y,N,N,1,7,0,0
Suvarnabhumi Airport,BKK,18/08/2024 11:15,Ninoy Aquino International Airport,MNL,18/08/2024 15:55,220,Cebu Pacific,Economy,220,N/A,N/A,111,Y,N,N,1,7,0,0
Suvarnabhumi Airport,BKK,18/08/2024 14:30,Ninoy Aquino International Airport,MNL,18/08/2024 18:45,195,THAI,Economy,195,N/A,N/A,184,Y,Y,Y,1,7,2,23
Suvarnabhumi Airport,BKK,18/08/2024 13:30,Ninoy Aquino International Airport,MNL,18/08/2024 17:55,205,Philippine Airlines,Economy,205,N/A,N/A,189,Y,Y,Y,1,7,1,30
Suvarnabhumi Airport,BKK,18/08/2024 12:50,Singapore Changi Airport,SIN,18/08/2024 16:15,145,Jetstar,Economy,970,600,TRUE,149,Y,N,N,1,7,0,0
Suvarnabhumi Airport,BKK,18/08/2024 11:05,Hong Kong International Airport,HKG,18/08/2024 14:50,165,Hong Kong Express,Economy,485,165,N/A,155,N,N,N,0,0,0,0
Suvarnabhumi Airport,BKK,18/08/2024 12:50,Singapore Changi Airport,SIN,18/08/2024 16:15,145,Jetstar,Economy,430,60,N/A,167,Y,N,N,1,7,0,0
Suvarnabhumi Airport,BKK,18/08/2024 7:25,Ninoy Aquino International Airport,MNL,18/08/2024 11:45,200,THAI,Economy,200,N/A,N/A,184,Y,Y,Y,1,7,2,23
Suvarnabhumi Airport,BKK,18/08/2024 18:10,Ninoy Aquino International Airport,MNL,18/08/2024 22:40,210,Philippine Airlines,Economy,210,N/A,N/A,189,Y,Y,Y,1,7,1,30
Suvarnabhumi Airport,BKK,18/08/2024 22:50,Ninoy Aquino International Airport,MNL,19/08/2024 3:15,205,Philippine Airlines,Economy,205,N/A,N/A,189,Y,Y,Y,1,7,1,30
Suvarnabhumi Airport,BKK,19/08/2024 4:00,Ninoy Aquino International Airport,MNL,19/08/2024 8:35,215,Cebu Pacific,Economy,215,N/A,N/A,91,Y,N,N,1,7,0,0
Suvarnabhumi Airport,BKK,19/08/2024 11:15,Ninoy Aquino International Airport,MNL,19/08/2024 15:55,220,Cebu Pacific,Economy,220,N/A,N/A,111,Y,N,N,1,7,0,0
Suvarnabhumi Airport,BKK,19/08/2024 13:30,Ninoy Aquino International Airport,MNL,19/08/2024 17:55,205,Philippine Airlines,Economy,205,N/A,N/A,157,Y,Y,Y,1,7,1,30
Suvarnabhumi Airport,BKK,19/08/2024 14:30,Ninoy Aquino International Airport,MNL,19/08/2024 18:45,195,THAI,Economy,195,N/A,N/A,184,Y,Y,Y,1,7,2,23
Suvarnabhumi Airport,BKK,19/08/2024 13:50,Kuala Lumpur International Airport,KUL,19/08/2024 17:10,140,AirAsia X,Economy,665,285,N/A,125,Y,N,N,1,7,0,0
Suvarnabhumi Airport,BKK,19/08/2024 22:50,Ninoy Aquino International Airport,MNL,20/08/2024 3:15,205,Philippine Airlines,Economy,205,N/A,N/A,132,Y,Y,Y,1,7,1,30
Suvarnabhumi Airport,BKK,19/08/2024 18:10,Ninoy Aquino International Airport,MNL,19/08/2024 22:40,210,Philippine Airlines,Economy,210,N/A,N/A,157,Y,Y,Y,1,7,1,30
Suvarnabhumi Airport,BKK,19/08/2024 7:25,Ninoy Aquino International Airport,MNL,19/08/2024 11:45,200,THAI,Economy,200,N/A,N/A,184,Y,Y,Y,1,7,2,23
Suvarnabhumi Airport,BKK,20/08/2024 4:00,Ninoy Aquino International Airport,MNL,20/08/2024 8:35,215,Cebu Pacific,Economy,215,N/A,N/A,101,Y,N,N,1,7,0,0
Suvarnabhumi Airport,BKK,20/08/2024 18:10,Ninoy Aquino International Airport,MNL,20/08/2024 22:40,210,Philippine Airlines,Economy,210,N/A,N/A,132,Y,Y,Y,1,7,1,30
Suvarnabhumi Airport,BKK,20/08/2024 14:30,Ninoy Aquino International Airport,MNL,20/08/2024 18:45,195,THAI,Economy,195,N/A,N/A,189,Y,Y,Y,1,7,2,23
Suvarnabhumi Airport,BKK,20/08/2024 9:25,Singapore Changi Airport,SIN,20/08/2024 12:50,145,Jetstar,Economy,635,265,N/A,107,Y,N,N,1,7,0,0
Suvarnabhumi Airport,BKK,20/08/2024 12:50,Singapore Changi Airport,SIN,20/08/2024 16:15,145,Jetstar,Economy,430,60,N/A,129,Y,N,N,1,7,0,0
Suvarnabhumi Airport,BKK,20/08/2024 11:15,Ninoy Aquino International Airport,MNL,20/08/2024 15:55,220,Cebu Pacific,Economy,220,N/A,N/A,133,Y,N,N,1,7,0,0
Suvarnabhumi Airport,BKK,20/08/2024 13:30,Ninoy Aquino International Airport,MNL,20/08/2024 17:55,205,Philippine Airlines,Economy,205,N/A,N/A,157,Y,Y,Y,1,7,1,30
Suvarnabhumi Airport,BKK,20/08/2024 22:50,Ninoy Aquino International Airport,MNL,21/08/2024 3:15,205,Philippine Airlines,Economy,205,N/A,N/A,157,Y,Y,Y,1,7,1,30
Suvarnabhumi Airport,BKK,20/08/2024 7:25,Ninoy Aquino International Airport,MNL,20/08/2024 11:45,200,THAI,Economy,200,N/A,N/A,189,Y,Y,Y,1,7,2,23
Suvarnabhumi Airport,BKK,21/08/2024 11:15,Ninoy Aquino International Airport,MNL,21/08/2024 15:55,220,Cebu Pacific,Economy,220,N/A,N/A,111,Y,N,N,1,7,0,0
Suvarnabhumi Airport,BKK,21/08/2024 18:10,Ninoy Aquino International Airport,MNL,21/08/2024 22:40,210,Philippine Airlines,Economy,210,N/A,N/A,157,Y,Y,Y,1,7,1,30
Suvarnabhumi Airport,BKK,21/08/2024 14:30,Ninoy Aquino International Airport,MNL,21/08/2024 18:45,195,THAI,Economy,195,N/A,N/A,189,Y,Y,Y,1,7,2,23
Suvarnabhumi Airport,BKK,21/08/2024 9:25,Singapore Changi Airport,SIN,21/08/2024 12:50,145,Jetstar,Economy,635,265,N/A,101,Y,N,N,1,7,0,0
Suvarnabhumi Airport,BKK,21/08/2024 13:50,Kuala Lumpur International Airport,KUL,21/08/2024 17:10,140,AirAsia X,Economy,665,285,N/A,122,Y,N,N,1,7,0,0
Suvarnabhumi Airport,BKK,21/08/2024 12:50,Singapore Changi Airport,SIN,21/08/2024 16:15,145,Jetstar,Economy,430,60,N/A,126,Y,N,N,1,7,0,0
Suvarnabhumi Airport,BKK,21/08/2024 4:00,Ninoy Aquino International Airport,MNL,21/08/2024 8:35,215,Cebu Pacific,Economy,215,N/A,N/A,133,Y,N,N,1,7,0,0
Suvarnabhumi Airport,BKK,21/08/2024 7:25,Ninoy Aquino International Airport,MNL,21/08/2024 11:45,200,THAI,Economy,200,N/A,N/A,189,Y,Y,Y,1,7,2,23
Suvarnabhumi Airport,BKK,21/08/2024 22:50,Ninoy Aquino International Airport,MNL,22/08/2024 3:15,205,Philippine Airlines,Economy,205,N/A,N/A,189,Y,Y,Y,1,7,1,30
Suvarnabhumi Airport,BKK,21/08/2024 13:30,Ninoy Aquino International Airport,MNL,21/08/2024 17:55,205,Philippine Airlines,Economy,205,N/A,N/A,206,Y,Y,Y,1,7,1,30
Suvarnabhumi Airport,BKK,22/08/2024 4:00,Ninoy Aquino International Airport,MNL,22/08/2024 8:35,215,Cebu Pacific,Economy,215,N/A,N/A,101,Y,N,N,1,7,0,0
Suvarnabhumi Airport,BKK,22/08/2024 13:30,Ninoy Aquino International Airport,MNL,22/08/2024 17:55,205,Philippine Airlines,Economy,205,N/A,N/A,132,Y,Y,Y,1,7,1,30
Suvarnabhumi Airport,BKK,22/08/2024 14:30,Ninoy Aquino International Airport,MNL,22/08/2024 18:45,195,THAI,Economy,195,N/A,N/A,184,Y,Y,Y,1,7,2,23
Suvarnabhumi Airport,BKK,22/08/2024 21:20,Singapore Changi Airport,SIN,23/08/2024 0:45,145,Jetstar,Economy,460,90,TRUE,97,Y,N,N,1,7,0,0
Suvarnabhumi Airport,BKK,22/08/2024 9:25,Singapore Changi Airport,SIN,22/08/2024 12:50,145,Jetstar,Economy,635,265,N/A,107,Y,N,N,1,7,0,0
Suvarnabhumi Airport,BKK,22/08/2024 13:50,Kuala Lumpur International Airport,KUL,22/08/2024 17:10,140,AirAsia X,Economy,660,280,N/A,120,Y,N,N,1,7,0,0
Suvarnabhumi Airport,BKK,22/08/2024 12:50,Singapore Changi Airport,SIN,22/08/2024 16:15,145,Jetstar,Economy,430,60,N/A,122,Y,N,N,1,7,0,0
Suvarnabhumi Airport,BKK,22/08/2024 18:10,Ninoy Aquino International Airport,MNL,22/08/2024 22:40,210,Philippine Airlines,Economy,210,N/A,N/A,132,Y,Y,Y,1,7,1,30
Suvarnabhumi Airport,BKK,22/08/2024 22:50,Ninoy Aquino International Airport,MNL,23/08/2024 3:15,205,Philippine Airlines,Economy,205,N/A,N/A,132,Y,Y,Y,1,7,1,30
Suvarnabhumi Airport,BKK,22/08/2024 11:15,Ninoy Aquino International Airport,MNL,22/08/2024 15:55,220,Cebu Pacific,Economy,220,N/A,N/A,133,Y,N,N,1,7,0,0
Suvarnabhumi Airport,BKK,22/08/2024 7:25,Ninoy Aquino International Airport,MNL,22/08/2024 11:45,200,THAI,Economy,200,N/A,N/A,189,Y,Y,Y,1,7,2,23
Suvarnabhumi Airport,BKK,23/08/2024 4:00,Ninoy Aquino International Airport,MNL,23/08/2024 8:35,215,Cebu Pacific,Economy,215,N/A,N/A,91,Y,N,N,1,7,0,0
Suvarnabhumi Airport,BKK,23/08/2024 11:15,Ninoy Aquino International Airport,MNL,23/08/2024 15:55,220,Cebu Pacific,Economy,220,N/A,N/A,111,Y,N,N,1,7,0,0
Suvarnabhumi Airport,BKK,23/08/2024 22:50,Ninoy Aquino International Airport,MNL,24/08/2024 3:15,205,Philippine Airlines,Economy,205,N/A,N/A,132,Y,Y,Y,1,7,1,30
Suvarnabhumi Airport,BKK,23/08/2024 14:30,Ninoy Aquino International Airport,MNL,23/08/2024 18:45,195,THAI,Economy,195,N/A,N/A,182,Y,Y,Y,1,7,2,23
Suvarnabhumi Airport,BKK,23/08/2024 21:20,Singapore Changi Airport,SIN,24/08/2024 0:45,145,Jetstar,Economy,690,315,TRUE,107,Y,N,N,1,7,0,0
Suvarnabhumi Airport,BKK,23/08/2024 13:50,Kuala Lumpur International Airport,KUL,23/08/2024 17:10,140,AirAsia X,Economy,665,285,N/A,123,Y,N,N,1,7,0,0
Suvarnabhumi Airport,BKK,23/08/2024 12:50,Singapore Changi Airport,SIN,23/08/2024 16:15,145,Jetstar,Economy,430,60,N/A,124,Y,N,N,1,7,0,0
Suvarnabhumi Airport,BKK,23/08/2024 18:10,Ninoy Aquino International Airport,MNL,23/08/2024 22:40,210,Philippine Airlines,Economy,210,N/A,N/A,157,Y,Y,Y,1,7,1,30
Suvarnabhumi Airport,BKK,23/08/2024 7:25,Ninoy Aquino International Airport,MNL,23/08/2024 11:45,200,THAI,Economy,200,N/A,N/A,182,Y,Y,Y,1,7,2,23
Suvarnabhumi Airport,BKK,23/08/2024 13:30,Ninoy Aquino International Airport,MNL,23/08/2024 17:55,205,Philippine Airlines,Economy,205,N/A,N/A,189,Y,Y,Y,1,7,1,30
Suvarnabhumi Airport,BKK,24/08/2024 4:00,Ninoy Aquino International Airport,MNL,24/08/2024 8:35,215,Cebu Pacific,Economy,215,N/A,N/A,91,Y,N,N,1,7,0,0
Suvarnabhumi Airport,BKK,24/08/2024 11:15,Ninoy Aquino International Airport,MNL,24/08/2024 15:55,220,Cebu Pacific,Economy,220,N/A,N/A,101,Y,N,N,1,7,0,0
Suvarnabhumi Airport,BKK,24/08/2024 18:10,Ninoy Aquino International Airport,MNL,24/08/2024 22:40,210,Philippine Airlines,Economy,210,N/A,N/A,157,Y,Y,Y,1,7,1,30
Suvarnabhumi Airport,BKK,24/08/2024 14:30,Ninoy Aquino International Airport,MNL,24/08/2024 18:45,195,THAI,Economy,195,N/A,N/A,189,Y,Y,Y,1,7,2,23
Suvarnabhumi Airport,BKK,24/08/2024 21:20,Singapore Changi Airport,SIN,25/08/2024 0:45,145,Jetstar,Economy,690,315,TRUE,122,Y,N,N,1,7,0,0
Suvarnabhumi Airport,BKK,24/08/2024 15:55,Singapore Changi Airport,SIN,24/08/2024 19:20,145,Jetstar,Economy,485,95,N/A,129,Y,N,N,1,7,0,0
Suvarnabhumi Airport,BKK,24/08/2024 4:05,Hong Kong International Airport,HKG,24/08/2024 8:00,175,Hong Kong Airlines,Economy,405,85,N/A,155,Y,Y,Y,1,7,1,20
Suvarnabhumi Airport,BKK,24/08/2024 7:25,Ninoy Aquino International Airport,MNL,24/08/2024 11:45,200,THAI,Economy,200,N/A,N/A,189,Y,Y,Y,1,7,2,23
Suvarnabhumi Airport,BKK,24/08/2024 13:30,Ninoy Aquino International Airport,MNL,24/08/2024 17:55,205,Philippine Airlines,Economy,205,N/A,N/A,189,Y,Y,Y,1,7,1,30
Suvarnabhumi Airport,BKK,24/08/2024 22:50,Ninoy Aquino International Airport,MNL,25/08/2024 3:15,205,Philippine Airlines,Economy,205,N/A,N/A,189,Y,Y,Y,1,7,1,30
Suvarnabhumi Airport,BKK,25/08/2024 4:00,Ninoy Aquino International Airport,MNL,25/08/2024 8:35,215,Cebu Pacific,Economy,215,N/A,N/A,133,Y,N,N,1,7,0,0
Suvarnabhumi Airport,BKK,25/08/2024 11:15,Ninoy Aquino International Airport,MNL,25/08/2024 15:55,220,Cebu Pacific,Economy,220,N/A,N/A,173,Y,N,N,1,7,0,0
Suvarnabhumi Airport,BKK,25/08/2024 7:25,Ninoy Aquino International Airport,MNL,25/08/2024 11:45,200,THAI,Economy,200,N/A,N/A,182,Y,Y,Y,1,7,2,23
Suvarnabhumi Airport,BKK,25/08/2024 14:30,Ninoy Aquino International Airport,MNL,25/08/2024 18:45,195,THAI,Economy,195,N/A,N/A,182,Y,Y,Y,1,7,2,23
Suvarnabhumi Airport,BKK,25/08/2024 13:30,Ninoy Aquino International Airport,MNL,25/08/2024 17:55,205,Philippine Airlines,Economy,205,N/A,N/A,206,Y,Y,Y,1,7,1,30
Suvarnabhumi Airport,BKK,25/08/2024 11:05,Hong Kong International Airport,HKG,25/08/2024 14:50,165,Hong Kong Express,Economy,485,165,N/A,155,N,N,N,0,0,0,0
Suvarnabhumi Airport,BKK,25/08/2024 4:05,Hong Kong International Airport,HKG,25/08/2024 8:00,175,Hong Kong Airlines,Economy,405,85,N/A,170,Y,Y,Y,1,7,1,20
Suvarnabhumi Airport,BKK,25/08/2024 22:50,Ninoy Aquino International Airport,MNL,26/08/2024 3:15,205,Philippine Airlines,Economy,205,N/A,N/A,206,Y,Y,Y,1,7,1,30
Suvarnabhumi Airport,BKK,25/08/2024 18:10,Ninoy Aquino International Airport,MNL,25/08/2024 22:40,210,Philippine Airlines,Economy,210,N/A,N/A,221,Y,Y,Y,1,7,1,30
Suvarnabhumi Airport,BKK,26/08/2024 4:00,Ninoy Aquino International Airport,MNL,26/08/2024 8:35,215,Cebu Pacific,Economy,215,N/A,N/A,158,Y,N,N,1,7,0,0
Suvarnabhumi Airport,BKK,26/08/2024 7:25,Ninoy Aquino International Airport,MNL,26/08/2024 11:45,200,THAI,Economy,200,N/A,N/A,182,Y,Y,Y,1,7,2,23
Suvarnabhumi Airport,BKK,26/08/2024 13:30,Ninoy Aquino International Airport,MNL,26/08/2024 17:55,205,Philippine Airlines,Economy,205,N/A,N/A,221,Y,Y,Y,1,7,1,30
Suvarnabhumi Airport,BKK,26/08/2024 12:50,Singapore Changi Airport,SIN,26/08/2024 16:15,145,Jetstar,Economy,970,600,TRUE,149,Y,N,N,1,7,0,0
Suvarnabhumi Airport,BKK,26/08/2024 19:45,Hong Kong International Airport,HKG,26/08/2024 23:35,170,Hong Kong Express,Economy,1405,1080,TRUE,170,N,N,N,0,0,0,0
Suvarnabhumi Airport,BKK,26/08/2024 21:20,Singapore Changi Airport,SIN,27/08/2024 0:45,145,Jetstar,Economy,460,90,TRUE,188,Y,N,N,1,7,0,0
Suvarnabhumi Airport,BKK,26/08/2024 8:20,Guangzhou Baiyun International Airport,CAN,26/08/2024 12:10,170,China Southern,Economy,435,105,N/A,204,Y,Y,Y,1,8,1,23
Suvarnabhumi Airport,BKK,26/08/2024 11:15,Ninoy Aquino International Airport,MNL,26/08/2024 15:55,220,Cebu Pacific,Economy,220,N/A,N/A,210,Y,N,N,1,7,0,0
Suvarnabhumi Airport,BKK,26/08/2024 22:50,Ninoy Aquino International Airport,MNL,27/08/2024 3:15,205,Philippine Airlines,Economy,205,N/A,N/A,221,Y,Y,Y,1,7,1,30
Suvarnabhumi Airport,BKK,26/08/2024 18:10,Ninoy Aquino International Airport,MNL,26/08/2024 22:40,210,Philippine Airlines,Economy,210,N/A,N/A,249,Y,Y,Y,1,7,1,30
Suvarnabhumi Airport,BKK,26/08/2024 14:30,Ninoy Aquino International Airport,MNL,26/08/2024 18:45,195,THAI,Economy,195,N/A,N/A,407,Y,Y,Y,1,7,2,23
Suvarnabhumi Airport,BKK,27/08/2024 11:15,Ninoy Aquino International Airport,MNL,27/08/2024 15:55,220,Cebu Pacific,Economy,220,N/A,N/A,133,Y,N,N,1,7,0,0
Suvarnabhumi Airport,BKK,27/08/2024 14:30,Ninoy Aquino International Airport,MNL,27/08/2024 18:45,195,THAI,Economy,195,N/A,N/A,182,Y,Y,Y,1,7,2,23
Suvarnabhumi Airport,BKK,27/08/2024 18:10,Ninoy Aquino International Airport,MNL,27/08/2024 22:40,210,Philippine Airlines,Economy,210,N/A,N/A,189,Y,Y,Y,1,7,1,30
Suvarnabhumi Airport,BKK,27/08/2024 9:25,Singapore Changi Airport,SIN,27/08/2024 12:50,145,Jetstar,Economy,635,265,N/A,107,Y,N,N,1,7,0,0
Suvarnabhumi Airport,BKK,27/08/2024 12:50,Singapore Changi Airport,SIN,27/08/2024 16:15,145,Jetstar,Economy,430,60,N/A,137,Y,N,N,1,7,0,0
Suvarnabhumi Airport,BKK,27/08/2024 11:05,Hong Kong International Airport,HKG,27/08/2024 14:50,165,Hong Kong Express,Economy,485,165,N/A,140,N,N,N,0,0,0,0
Suvarnabhumi Airport,BKK,27/08/2024 4:00,Ninoy Aquino International Airport,MNL,27/08/2024 8:35,215,Cebu Pacific,Economy,215,N/A,N/A,145,Y,N,N,1,7,0,0
Suvarnabhumi Airport,BKK,27/08/2024 7:25,Ninoy Aquino International Airport,MNL,27/08/2024 11:45,200,THAI,Economy,200,N/A,N/A,182,Y,Y,Y,1,7,2,23
Suvarnabhumi Airport,BKK,27/08/2024 22:50,Ninoy Aquino International Airport,MNL,28/08/2024 3:15,205,Philippine Airlines,Economy,205,N/A,N/A,189,Y,Y,Y,1,7,1,30
Suvarnabhumi Airport,BKK,27/08/2024 13:30,Ninoy Aquino International Airport,MNL,27/08/2024 17:55,205,Philippine Airlines,Economy,205,N/A,N/A,206,Y,Y,Y,1,7,1,30
Suvarnabhumi Airport,BKK,28/08/2024 11:15,Ninoy Aquino International Airport,MNL,28/08/2024 15:55,220,Cebu Pacific,Economy,220,N/A,N/A,122,Y,N,N,1,7,0,0
Suvarnabhumi Airport,BKK,28/08/2024 18:10,Ninoy Aquino International Airport,MNL,28/08/2024 22:40,210,Philippine Airlines,Economy,210,N/A,N/A,132,Y,Y,Y,1,7,1,30
Suvarnabhumi Airport,BKK,28/08/2024 14:30,Ninoy Aquino International Airport,MNL,28/08/2024 18:45,195,THAI,Economy,195,N/A,N/A,189,Y,Y,Y,1,7,2,23
Suvarnabhumi Airport,BKK,28/08/2024 9:25,Singapore Changi Airport,SIN,28/08/2024 12:50,145,Jetstar,Economy,635,265,N/A,97,Y,N,N,1,7,0,0
Suvarnabhumi Airport,BKK,28/08/2024 21:20,Singapore Changi Airport,SIN,29/08/2024 0:45,145,Jetstar,Economy,460,90,TRUE,101,Y,N,N,1,7,0,0
Suvarnabhumi Airport,BKK,28/08/2024 12:50,Singapore Changi Airport,SIN,28/08/2024 16:15,145,Jetstar,Economy,430,60,N/A,115,Y,N,N,1,7,0,0
Suvarnabhumi Airport,BKK,28/08/2024 4:00,Ninoy Aquino International Airport,MNL,28/08/2024 8:35,215,Cebu Pacific,Economy,215,N/A,N/A,122,Y,N,N,1,7,0,0
Suvarnabhumi Airport,BKK,28/08/2024 13:50,Kuala Lumpur International Airport,KUL,28/08/2024 17:10,140,AirAsia X,Economy,665,285,N/A,125,Y,N,N,1,7,0,0
Suvarnabhumi Airport,BKK,28/08/2024 22:50,Ninoy Aquino International Airport,MNL,29/08/2024 3:15,205,Philippine Airlines,Economy,205,N/A,N/A,132,Y,Y,Y,1,7,1,30
Suvarnabhumi Airport,BKK,28/08/2024 13:30,Ninoy Aquino International Airport,MNL,28/08/2024 17:55,205,Philippine Airlines,Economy,205,N/A,N/A,157,Y,Y,Y,1,7,1,30
Suvarnabhumi Airport,BKK,28/08/2024 7:25,Ninoy Aquino International Airport,MNL,28/08/2024 11:45,200,THAI,Economy,200,N/A,N/A,189,Y,Y,Y,1,7,2,23
Suvarnabhumi Airport,BKK,29/08/2024 4:00,Ninoy Aquino International Airport,MNL,29/08/2024 8:35,215,Cebu Pacific,Economy,215,N/A,N/A,88,Y,N,N,1,7,0,0
Suvarnabhumi Airport,BKK,29/08/2024 11:15,Ninoy Aquino International Airport,MNL,29/08/2024 15:55,220,Cebu Pacific,Economy,220,N/A,N/A,111,Y,N,N,1,7,0,0
Suvarnabhumi Airport,BKK,29/08/2024 13:30,Ninoy Aquino International Airport,MNL,29/08/2024 17:55,205,Philippine Airlines,Economy,205,N/A,N/A,132,Y,Y,Y,1,7,1,30
Suvarnabhumi Airport,BKK,29/08/2024 14:30,Ninoy Aquino International Airport,MNL,29/08/2024 18:45,195,THAI,Economy,195,N/A,N/A,189,Y,Y,Y,1,7,2,23
Suvarnabhumi Airport,BKK,29/08/2024 21:20,Singapore Changi Airport,SIN,30/08/2024 0:45,145,Jetstar,Economy,690,315,TRUE,101,Y,N,N,1,7,0,0
Suvarnabhumi Airport,BKK,29/08/2024 21:20,Singapore Changi Airport,SIN,30/08/2024 0:45,145,Jetstar,Economy,460,90,TRUE,112,Y,N,N,1,7,0,0
Suvarnabhumi Airport,BKK,29/08/2024 12:50,Singapore Changi Airport,SIN,29/08/2024 16:15,145,Jetstar,Economy,430,60,N/A,115,Y,N,N,1,7,0,0
Suvarnabhumi Airport,BKK,29/08/2024 13:50,Kuala Lumpur International Airport,KUL,29/08/2024 17:10,140,AirAsia X,Economy,660,280,N/A,120,Y,N,N,1,7,0,0
Suvarnabhumi Airport,BKK,29/08/2024 18:10,Ninoy Aquino International Airport,MNL,29/08/2024 22:40,210,Philippine Airlines,Economy,210,N/A,N/A,132,Y,Y,Y,1,7,1,30
Suvarnabhumi Airport,BKK,29/08/2024 7:25,Ninoy Aquino International Airport,MNL,29/08/2024 11:45,200,THAI,Economy,200,N/A,N/A,189,Y,Y,Y,1,7,2,23
Suvarnabhumi Airport,BKK,30/08/2024 4:00,Ninoy Aquino International Airport,MNL,30/08/2024 8:35,215,Cebu Pacific,Economy,215,N/A,N/A,88,Y,N,N,1,7,0,0
Suvarnabhumi Airport,BKK,30/08/2024 11:15,Ninoy Aquino International Airport,MNL,30/08/2024 15:55,220,Cebu Pacific,Economy,220,N/A,N/A,111,Y,N,N,1,7,0,0
Suvarnabhumi Airport,BKK,30/08/2024 18:10,Ninoy Aquino International Airport,MNL,30/08/2024 22:40,210,Philippine Airlines,Economy,210,N/A,N/A,120,Y,Y,Y,1,7,1,30
Suvarnabhumi Airport,BKK,30/08/2024 14:30,Ninoy Aquino International Airport,MNL,30/08/2024 18:45,195,THAI,Economy,195,N/A,N/A,189,Y,Y,Y,1,7,2,23
Suvarnabhumi Airport,BKK,30/08/2024 22:50,Ninoy Aquino International Airport,MNL,31/08/2024 3:15,205,Philippine Airlines,Economy,205,N/A,N/A,120,Y,Y,Y,1,7,1,30
Suvarnabhumi Airport,BKK,30/08/2024 12:50,Singapore Changi Airport,SIN,30/08/2024 16:15,145,Jetstar,Economy,430,60,N/A,124,Y,N,N,1,7,0,0
Suvarnabhumi Airport,BKK,30/08/2024 13:30,Ninoy Aquino International Airport,MNL,30/08/2024 17:55,205,Philippine Airlines,Economy,205,N/A,N/A,157,Y,Y,Y,1,7,1,30
Suvarnabhumi Airport,BKK,30/08/2024 7:25,Ninoy Aquino International Airport,MNL,30/08/2024 11:45,200,THAI,Economy,200,N/A,N/A,189,Y,Y,Y,1,7,2,23
Suvarnabhumi Airport,BKK,31/08/2024 4:00,Ninoy Aquino International Airport,MNL,31/08/2024 8:35,215,Cebu Pacific,Economy,215,N/A,N/A,110,Y,N,N,1,7,0,0
Suvarnabhumi Airport,BKK,31/08/2024 11:15,Ninoy Aquino International Airport,MNL,31/08/2024 15:55,220,Cebu Pacific,Economy,220,N/A,N/A,122,Y,N,N,1,7,0,0
Suvarnabhumi Airport,BKK,31/08/2024 13:30,Ninoy Aquino International Airport,MNL,31/08/2024 17:55,205,Philippine Airlines,Economy,205,N/A,N/A,142,Y,Y,Y,1,7,1,30
Suvarnabhumi Airport,BKK,31/08/2024 18:10,Ninoy Aquino International Airport,MNL,31/08/2024 22:40,210,Philippine Airlines,Economy,210,N/A,N/A,143,Y,Y,Y,1,7,1,30
Suvarnabhumi Airport,BKK,31/08/2024 14:30,Ninoy Aquino International Airport,MNL,31/08/2024 18:45,195,THAI,Economy,195,N/A,N/A,189,Y,Y,Y,1,7,2,23
Suvarnabhumi Airport,BKK,31/08/2024 13:50,Kuala Lumpur International Airport,KUL,31/08/2024 17:10,140,AirAsia X,Economy,670,280,N/A,120,Y,N,N,1,7,0,0
Suvarnabhumi Airport,BKK,31/08/2024 9:25,Singapore Changi Airport,SIN,31/08/2024 12:50,145,Jetstar,Economy,635,265,N/A,125,Y,N,N,1,7,0,0
Suvarnabhumi Airport,BKK,31/08/2024 22:50,Ninoy Aquino International Airport,MNL,01/09/2024 3:15,205,Philippine Airlines,Economy,205,N/A,N/A,143,Y,Y,Y,1,7,1,30
Suvarnabhumi Airport,BKK,31/08/2024 7:25,Ninoy Aquino International Airport,MNL,31/08/2024 11:45,200,THAI,Economy,200,N/A,N/A,189,Y,Y,Y,1,7,2,23