Departure Airport Name,Departure Airport ID,Departure Time,Arrival Airport Name,Arrival Airport ID,Arrival Time,Duration,Airline,Travel Class,Total Duration,Layover 1 Duration,Layover 1 Overnight,Price, Cabin Baggage, Checked Baggage,Meal Included,Cabin Baggage (Number),Cabin Baggage (kg per piece),Checked Baggage (Number),Checked Baggage (kg per piece) 
Suvarnabhumi Airport,BKK,01/07/2024 13:30,Ninoy Aquino International Airport,MNL,01/07/2024 17:55,205,Philippine Airlines,Economy,550,220,N/A,304,Y,Y,Y,1,7,1,30
Suvarnabhumi Airport,BKK,01/07/2024 18:30,Singapore Changi Airport,SIN,01/07/2024 21:55,145,Singapore Airlines,Economy,940,665,TRUE,316,Y,Y,Y,1,7,1,23
Suvarnabhumi Airport,BKK,01/07/2024 21:15,Singapore Changi Airport,SIN,02/07/2024 0:35,140,Singapore Airlines,Economy,775,505,TRUE,369,Y,Y,Y,1,7,1,23
Suvarnabhumi Airport,BKK,01/07/2024 6:00,Kuala Lumpur International Airport,KUL,01/07/2024 9:10,130,Malaysia Airlines,Economy,455,180,N/A,411,Y,Y,Y,1,7,1,23
Suvarnabhumi Airport,BKK,01/07/2024 9:40,Singapore Changi Airport,SIN,01/07/2024 13:05,145,Singapore Airlines,Economy,1470,1195,TRUE,295,Y,Y,Y,1,7,1,23
Suvarnabhumi Airport,BKK,01/07/2024 19:15,Singapore Changi Airport,SIN,01/07/2024 22:30,135,THAI,Economy,1085,820,TRUE,391,Y,Y,Y,1,7,2,23
Suvarnabhumi Airport,BKK,01/07/2024 17:55,Singapore Changi Airport,SIN,01/07/2024 21:05,130,Scoot,Economy,975,715,TRUE,498,Y,N,N,1,7,0,0
Suvarnabhumi Airport,BKK,02/07/2024 11:15,Ninoy Aquino International Airport,MNL,02/07/2024 15:55,220,Cebu Pacific,Economy,640,270,N/A,230,Y,N,N,1,7,0,0
Suvarnabhumi Airport,BKK,02/07/2024 13:30,Brunei International Airport,BWN,02/07/2024 17:15,165,Royal Brunei,Economy,165,N/A,N/A,241,Y,Y,Y,1,7,1,20
Suvarnabhumi Airport,BKK,02/07/2024 13:50,Singapore Changi Airport,SIN,02/07/2024 17:05,135,THAI,Economy,525,260,N/A,391,Y,Y,Y,1,7,2,23
Suvarnabhumi Airport,BKK,02/07/2024 21:15,Singapore Changi Airport,SIN,03/07/2024 0:35,140,Singapore Airlines,Economy,1005,730,TRUE,316,Y,Y,Y,1,7,1,23
Suvarnabhumi Airport,BKK,02/07/2024 19:15,Singapore Changi Airport,SIN,02/07/2024 22:30,135,THAI,Economy,1085,820,TRUE,391,Y,Y,Y,1,7,2,23
Suvarnabhumi Airport,BKK,02/07/2024 22:50,Singapore Changi Airport,SIN,03/07/2024 2:20,150,Scoot,Economy,910,625,TRUE,498,Y,N,N,1,7,0,0
Suvarnabhumi Airport,BKK,02/07/2024 14:15,Kuala Lumpur International Airport,KUL,02/07/2024 17:30,135,Malaysia Airlines,Economy,505,225,N/A,547,Y,Y,Y,1,7,1,23
Suvarnabhumi Airport,BKK,02/07/2024 16:40,Kuala Lumpur International Airport,KUL,02/07/2024 19:50,130,THAI,Economy,360,85,N/A,547,Y,Y,Y,1,7,2,23
Suvarnabhumi Airport,BKK,03/07/2024 21:00,Brunei International Airport,BWN,04/07/2024 0:45,165,Royal Brunei,Economy,165,N/A,N/A,241,Y,Y,Y,1,7,1,20
Suvarnabhumi Airport,BKK,03/07/2024 21:15,Singapore Changi Airport,SIN,04/07/2024 0:35,140,Singapore Airlines,Economy,775,505,TRUE,295,Y,Y,Y,1,7,1,23
Suvarnabhumi Airport,BKK,03/07/2024 22:50,Ninoy Aquino International Airport,MNL,04/07/2024 3:15,205,Philippine Airlines,Economy,1430,1100,TRUE,304,Y,Y,Y,1,7,1,30
Suvarnabhumi Airport,BKK,03/07/2024 23:10,Singapore Changi Airport,SIN,04/07/2024 2:40,150,Scoot,Economy,660,380,TRUE,316,Y,N,N,1,7,0,0
Suvarnabhumi Airport,BKK,03/07/2024 6:00,Kuala Lumpur International Airport,KUL,03/07/2024 9:10,130,Malaysia Airlines,Economy,1000,725,N/A,413,Y,Y,Y,1,7,1,23
Suvarnabhumi Airport,BKK,03/07/2024 14:15,Kuala Lumpur International Airport,KUL,03/07/2024 17:30,135,Malaysia Airlines,Economy,505,225,N/A,513,Y,Y,Y,1,7,1,23
Suvarnabhumi Airport,BKK,03/07/2024 16:40,Kuala Lumpur International Airport,KUL,03/07/2024 19:50,130,THAI,Economy,360,85,N/A,513,Y,Y,Y,1,7,2,23
Suvarnabhumi Airport,BKK,04/07/2024 11:15,Ninoy Aquino International Airport,MNL,04/07/2024 15:55,220,Cebu Pacific,Economy,640,270,N/A,190,Y,N,N,1,7,0,0
Suvarnabhumi Airport,BKK,04/07/2024 21:15,Singapore Changi Airport,SIN,05/07/2024 0:35,140,Singapore Airlines,Economy,1005,730,TRUE,295,Y,Y,Y,1,7,1,23
Suvarnabhumi Airport,BKK,04/07/2024 13:30,Ninoy Aquino International Airport,MNL,04/07/2024 17:55,205,Philippine Airlines,Economy,550,220,N/A,304,Y,Y,Y,1,7,1,30
Suvarnabhumi Airport,BKK,04/07/2024 16:25,Singapore Changi Airport,SIN,04/07/2024 19:40,135,THAI,Economy,394,135,N/A,391,Y,Y,Y,1,7,2,23
Suvarnabhumi Airport,BKK,04/07/2024 6:00,Kuala Lumpur International Airport,KUL,04/07/2024 9:10,130,Malaysia Airlines,Economy,455,180,N/A,411,Y,Y,Y,1,7,1,23
Suvarnabhumi Airport,BKK,04/07/2024 13:50,Singapore Changi Airport,SIN,04/07/2024 17:05,135,THAI,Economy,530,265,N/A,391,Y,Y,Y,1,7,2,23
Suvarnabhumi Airport,BKK,04/07/2024 14:15,Kuala Lumpur International Airport,KUL,04/07/2024 17:30,135,Malaysia Airlines,Economy,505,225,N/A,496,Y,Y,Y,1,7,1,23
Suvarnabhumi Airport,BKK,04/07/2024 16:40,Kuala Lumpur International Airport,KUL,04/07/2024 19:50,130,THAI,Economy,360,85,N/A,496,Y,Y,Y,1,7,2,23
Suvarnabhumi Airport,BKK,05/07/2024 15:40,Singapore Changi Airport,SIN,05/07/2024 19:00,140,Scoot,Economy,1110,840,TRUE,295,Y,N,N,1,7,0,0
Suvarnabhumi Airport,BKK,05/07/2024 21:15,Singapore Changi Airport,SIN,06/07/2024 0:35,140,Singapore Airlines,Economy,775,505,TRUE,295,Y,Y,Y,1,7,1,23
Suvarnabhumi Airport,BKK,05/07/2024 13:30,Ninoy Aquino International Airport,MNL,05/07/2024 17:55,205,Philippine Airlines,Economy,550,220,N/A,304,Y,Y,Y,1,7,1,30
Suvarnabhumi Airport,BKK,05/07/2024 13:50,Singapore Changi Airport,SIN,05/07/2024 17:05,135,THAI,Economy,525,260,N/A,391,Y,Y,Y,1,7,2,23
Suvarnabhumi Airport,BKK,05/07/2024 6:00,Kuala Lumpur International Airport,KUL,05/07/2024 9:10,130,Malaysia Airlines,Economy,455,180,N/A,496,Y,Y,Y,1,7,1,23
Suvarnabhumi Airport,BKK,05/07/2024 19:40,Kuala Lumpur International Airport,KUL,05/07/2024 22:50,130,Malaysia Airlines,Economy,1075,800,TRUE,413,Y,Y,Y,1,7,1,23
Suvarnabhumi Airport,BKK,05/07/2024 20:25,Singapore Changi Airport,SIN,05/07/2024 23:45,140,Scoot,Economy,825,555,TRUE,498,Y,N,N,1,7,0,0
Suvarnabhumi Airport,BKK,05/07/2024 14:15,Kuala Lumpur International Airport,KUL,05/07/2024 17:30,135,Malaysia Airlines,Economy,505,225,N/A,547,Y,Y,Y,1,7,1,23
Suvarnabhumi Airport,BKK,05/07/2024 16:40,Kuala Lumpur International Airport,KUL,05/07/2024 19:50,130,THAI,Economy,360,85,N/A,547,Y,Y,Y,1,7,2,23
Suvarnabhumi Airport,BKK,06/07/2024 11:15,Ninoy Aquino International Airport,MNL,06/07/2024 15:55,220,Cebu Pacific,Economy,640,270,N/A,171,Y,N,N,1,7,0,0
Suvarnabhumi Airport,BKK,06/07/2024 13:30,Brunei International Airport,BWN,06/07/2024 17:15,165,Royal Brunei,Economy,165,N/A,N/A,241,Y,Y,Y,1,7,1,20
Suvarnabhumi Airport,BKK,06/07/2024 21:25,Singapore Changi Airport,SIN,07/07/2024 0:45,140,Singapore Airlines,Economy,995,720,TRUE,295,Y,Y,Y,1,7,1,23
Suvarnabhumi Airport,BKK,06/07/2024 19:15,Singapore Changi Airport,SIN,06/07/2024 22:30,135,THAI,Economy,1085,820,TRUE,391,Y,Y,Y,1,7,2,23
Suvarnabhumi Airport,BKK,06/07/2024 6:00,Kuala Lumpur International Airport,KUL,06/07/2024 9:10,130,Malaysia Airlines,Economy,455,180,N/A,411,Y,Y,Y,1,7,1,23
Suvarnabhumi Airport,BKK,06/07/2024 20:25,Singapore Changi Airport,SIN,06/07/2024 23:45,140,Scoot,Economy,1055,780,TRUE,446,Y,N,N,1,7,0,0
Suvarnabhumi Airport,BKK,06/07/2024 18:40,Kuala Lumpur International Airport,KUL,06/07/2024 21:55,135,Malaysia Airlines,Economy,1135,855,TRUE,498,Y,Y,Y,1,7,1,23
Suvarnabhumi Airport,BKK,07/07/2024 11:15,Ninoy Aquino International Airport,MNL,07/07/2024 15:55,220,Cebu Pacific,Economy,640,270,N/A,157,Y,N,N,1,7,0,0
Suvarnabhumi Airport,BKK,07/07/2024 21:00,Brunei International Airport,BWN,08/07/2024 0:45,165,Royal Brunei,Economy,165,N/A,N/A,241,Y,Y,Y,1,7,1,20
Suvarnabhumi Airport,BKK,07/07/2024 21:15,Singapore Changi Airport,SIN,08/07/2024 0:35,140,Singapore Airlines,Economy,775,505,TRUE,316,Y,Y,Y,1,7,1,23
Suvarnabhumi Airport,BKK,07/07/2024 11:15,Singapore Changi Airport,SIN,07/07/2024 14:30,135,THAI,Economy,685,420,N/A,391,Y,Y,Y,1,7,2,23
Suvarnabhumi Airport,BKK,07/07/2024 13:50,Singapore Changi Airport,SIN,07/07/2024 17:05,135,THAI,Economy,530,265,N/A,464,Y,Y,Y,1,7,2,23
Suvarnabhumi Airport,BKK,07/07/2024 6:00,Kuala Lumpur International Airport,KUL,07/07/2024 9:10,130,Malaysia Airlines,Economy,455,180,N/A,496,Y,Y,Y,1,7,1,23
Suvarnabhumi Airport,BKK,07/07/2024 11:05,Kuala Lumpur International Airport,KUL,07/07/2024 14:15,130,Malaysia Airlines,Economy,695,420,N/A,496,Y,Y,Y,1,7,1,23
Suvarnabhumi Airport,BKK,07/07/2024 16:40,Kuala Lumpur International Airport,KUL,07/07/2024 19:50,130,THAI,Economy,360,85,N/A,496,Y,Y,Y,1,7,2,23
Suvarnabhumi Airport,BKK,08/07/2024 21:15,Singapore Changi Airport,SIN,09/07/2024 0:35,140,Singapore Airlines,Economy,775,505,TRUE,295,Y,Y,Y,1,7,1,23
Suvarnabhumi Airport,BKK,08/07/2024 19:15,Singapore Changi Airport,SIN,08/07/2024 22:30,135,THAI,Economy,1085,820,TRUE,391,Y,Y,Y,1,7,2,23
Suvarnabhumi Airport,BKK,08/07/2024 20:25,Singapore Changi Airport,SIN,08/07/2024 23:45,140,Scoot,Economy,825,555,TRUE,446,Y,N,N,1,7,0,0
Suvarnabhumi Airport,BKK,08/07/2024 13:30,Ninoy Aquino International Airport,MNL,08/07/2024 17:55,205,Philippine Airlines,Economy,550,220,N/A,448,Y,Y,Y,1,7,1,30
Suvarnabhumi Airport,BKK,08/07/2024 19:40,Kuala Lumpur International Airport,KUL,08/07/2024 22:50,130,Malaysia Airlines,Economy,1620,1345,TRUE,549,Y,Y,Y,1,7,1,23
Suvarnabhumi Airport,BKK,09/07/2024 11:15,Ninoy Aquino International Airport,MNL,09/07/2024 15:55,220,Cebu Pacific,Economy,640,270,N/A,197,Y,N,N,1,7,0,0
Suvarnabhumi Airport,BKK,09/07/2024 13:30,Brunei International Airport,BWN,09/07/2024 17:15,165,Royal Brunei,Economy,165,N/A,N/A,241,Y,Y,Y,1,7,1,20
Suvarnabhumi Airport,BKK,09/07/2024 13:50,Singapore Changi Airport,SIN,09/07/2024 17:05,135,THAI,Economy,525,260,N/A,391,Y,Y,Y,1,7,2,23
Suvarnabhumi Airport,BKK,09/07/2024 4:00,Ninoy Aquino International Airport,MNL,09/07/2024 8:35,215,Cebu Pacific,Economy,1075,710,N/A,180,Y,N,N,1,7,0,0
Suvarnabhumi Airport,BKK,09/07/2024 21:15,Singapore Changi Airport,SIN,10/07/2024 0:35,140,Singapore Airlines,Economy,1005,730,TRUE,295,Y,Y,Y,1,7,1,23
Suvarnabhumi Airport,BKK,09/07/2024 22:50,Singapore Changi Airport,SIN,10/07/2024 2:20,150,Scoot,Economy,910,625,TRUE,446,Y,N,N,1,7,0,0
Suvarnabhumi Airport,BKK,09/07/2024 14:15,Kuala Lumpur International Airport,KUL,09/07/2024 17:30,135,Malaysia Airlines,Economy,505,225,N/A,547,Y,Y,Y,1,7,1,23
Suvarnabhumi Airport,BKK,09/07/2024 16:40,Kuala Lumpur International Airport,KUL,09/07/2024 19:50,130,THAI,Economy,360,85,N/A,547,Y,Y,Y,1,7,2,23
Suvarnabhumi Airport,BKK,10/07/2024 21:00,Brunei International Airport,BWN,11/07/2024 0:45,165,Royal Brunei,Economy,165,N/A,N/A,241,Y,Y,Y,1,7,1,20
Suvarnabhumi Airport,BKK,10/07/2024 21:15,Singapore Changi Airport,SIN,11/07/2024 0:35,140,Singapore Airlines,Economy,775,505,TRUE,295,Y,Y,Y,1,7,1,23
Suvarnabhumi Airport,BKK,10/07/2024 23:10,Singapore Changi Airport,SIN,11/07/2024 2:40,150,Scoot,Economy,660,380,TRUE,295,Y,N,N,1,7,0,0
Suvarnabhumi Airport,BKK,10/07/2024 22:50,Ninoy Aquino International Airport,MNL,11/07/2024 3:15,205,Philippine Airlines,Economy,1430,1100,TRUE,304,Y,Y,Y,1,7,1,30
Suvarnabhumi Airport,BKK,10/07/2024 6:00,Kuala Lumpur International Airport,KUL,10/07/2024 9:10,130,Malaysia Airlines,Economy,1000,725,N/A,459,Y,Y,Y,1,7,1,23
Suvarnabhumi Airport,BKK,10/07/2024 16:40,Kuala Lumpur International Airport,KUL,10/07/2024 19:50,130,THAI,Economy,360,85,N/A,734,Y,Y,Y,1,7,2,23
Suvarnabhumi Airport,BKK,11/07/2024 4:00,Ninoy Aquino International Airport,MNL,11/07/2024 8:35,215,Cebu Pacific,Economy,1075,710,N/A,151,Y,N,N,1,7,0,0
Suvarnabhumi Airport,BKK,11/07/2024 11:15,Ninoy Aquino International Airport,MNL,11/07/2024 15:55,220,Cebu Pacific,Economy,640,270,N/A,182,Y,N,N,1,7,0,0
Suvarnabhumi Airport,BKK,11/07/2024 21:15,Singapore Changi Airport,SIN,12/07/2024 0:35,140,Singapore Airlines,Economy,1005,730,TRUE,295,Y,Y,Y,1,7,1,23
Suvarnabhumi Airport,BKK,11/07/2024 13:30,Ninoy Aquino International Airport,MNL,11/07/2024 17:55,205,Philippine Airlines,Economy,550,220,N/A,304,Y,Y,Y,1,7,1,30
Suvarnabhumi Airport,BKK,11/07/2024 13:50,Singapore Changi Airport,SIN,11/07/2024 17:05,135,THAI,Economy,530,265,N/A,391,Y,Y,Y,1,7,2,23
Suvarnabhumi Airport,BKK,11/07/2024 6:00,Kuala Lumpur International Airport,KUL,11/07/2024 9:10,130,Malaysia Airlines,Economy,455,180,N/A,411,Y,Y,Y,1,7,1,23
Suvarnabhumi Airport,BKK,11/07/2024 14:15,Kuala Lumpur International Airport,KUL,11/07/2024 17:30,135,Malaysia Airlines,Economy,505,225,N/A,425,Y,Y,Y,1,7,1,23
Suvarnabhumi Airport,BKK,11/07/2024 16:40,Kuala Lumpur International Airport,KUL,11/07/2024 19:50,130,THAI,Economy,360,85,N/A,496,Y,Y,Y,1,7,2,23
Suvarnabhumi Airport,BKK,12/07/2024 20:25,Singapore Changi Airport,SIN,12/07/2024 23:45,140,Scoot,Economy,825,555,TRUE,316,Y,N,N,1,7,0,0
Suvarnabhumi Airport,BKK,12/07/2024 21:15,Singapore Changi Airport,SIN,13/07/2024 0:35,140,Singapore Airlines,Economy,775,505,TRUE,316,Y,Y,Y,1,7,1,23
Suvarnabhumi Airport,BKK,12/07/2024 13:30,Ninoy Aquino International Airport,MNL,12/07/2024 17:55,205,Philippine Airlines,Economy,550,220,N/A,317,Y,Y,Y,1,7,1,30
Suvarnabhumi Airport,BKK,12/07/2024 13:50,Singapore Changi Airport,SIN,12/07/2024 17:05,135,THAI,Economy,525,260,N/A,391,Y,Y,Y,1,7,2,23
Suvarnabhumi Airport,BKK,12/07/2024 6:00,Kuala Lumpur International Airport,KUL,12/07/2024 9:10,130,Malaysia Airlines,Economy,455,180,N/A,496,Y,Y,Y,1,7,1,23
Suvarnabhumi Airport,BKK,12/07/2024 19:40,Kuala Lumpur International Airport,KUL,12/07/2024 22:50,130,Malaysia Airlines,Economy,1075,800,TRUE,498,Y,Y,Y,1,7,1,23
Suvarnabhumi Airport,BKK,12/07/2024 14:15,Kuala Lumpur International Airport,KUL,12/07/2024 17:30,135,Malaysia Airlines,Economy,505,225,N/A,513,Y,Y,Y,1,7,1,23
Suvarnabhumi Airport,BKK,12/07/2024 16:40,Kuala Lumpur International Airport,KUL,12/07/2024 19:50,130,THAI,Economy,360,85,N/A,513,Y,Y,Y,1,7,2,23
Suvarnabhumi Airport,BKK,13/07/2024 11:15,Ninoy Aquino International Airport,MNL,13/07/2024 15:55,220,Cebu Pacific,Economy,640,270,N/A,218,Y,N,N,1,7,0,0
Suvarnabhumi Airport,BKK,13/07/2024 13:30,Brunei International Airport,BWN,13/07/2024 17:15,165,Royal Brunei,Economy,165,N/A,N/A,295,Y,Y,Y,1,7,1,20
Suvarnabhumi Airport,BKK,13/07/2024 13:50,Singapore Changi Airport,SIN,13/07/2024 17:05,135,THAI,Economy,525,260,N/A,391,Y,Y,Y,1,7,2,23
Suvarnabhumi Airport,BKK,13/07/2024 6:00,Kuala Lumpur International Airport,KUL,13/07/2024 9:10,130,Malaysia Airlines,Economy,455,180,N/A,411,Y,Y,Y,1,7,1,23
Suvarnabhumi Airport,BKK,13/07/2024 21:25,Singapore Changi Airport,SIN,14/07/2024 0:45,140,Singapore Airlines,Economy,995,720,TRUE,341,Y,Y,Y,1,7,1,23
Suvarnabhumi Airport,BKK,13/07/2024 19:15,Singapore Changi Airport,SIN,13/07/2024 22:30,135,THAI,Economy,1645,1380,TRUE,391,Y,Y,Y,1,7,2,23
Suvarnabhumi Airport,BKK,13/07/2024 20:25,Singapore Changi Airport,SIN,13/07/2024 23:45,140,Scoot,Economy,1055,780,TRUE,446,Y,N,N,1,7,0,0
Suvarnabhumi Airport,BKK,14/07/2024 4:00,Ninoy Aquino International Airport,MNL,14/07/2024 8:35,215,Cebu Pacific,Economy,1075,710,N/A,178,Y,N,N,1,7,0,0
Suvarnabhumi Airport,BKK,14/07/2024 11:15,Ninoy Aquino International Airport,MNL,14/07/2024 15:55,220,Cebu Pacific,Economy,640,270,N/A,190,Y,N,N,1,7,0,0
Suvarnabhumi Airport,BKK,14/07/2024 21:15,Singapore Changi Airport,SIN,15/07/2024 0:35,140,Singapore Airlines,Economy,775,505,TRUE,316,Y,Y,Y,1,7,1,23
Suvarnabhumi Airport,BKK,14/07/2024 6:00,Kuala Lumpur International Airport,KUL,14/07/2024 9:10,130,Malaysia Airlines,Economy,455,180,N/A,411,Y,Y,Y,1,7,1,23
Suvarnabhumi Airport,BKK,14/07/2024 13:50,Singapore Changi Airport,SIN,14/07/2024 17:05,135,THAI,Economy,530,265,N/A,464,Y,Y,Y,1,7,2,23
Suvarnabhumi Airport,BKK,14/07/2024 8:00,Singapore Changi Airport,SIN,14/07/2024 11:15,135,THAI,Economy,880,615,N/A,391,Y,Y,Y,1,7,2,23
Suvarnabhumi Airport,BKK,14/07/2024 11:15,Singapore Changi Airport,SIN,14/07/2024 14:30,135,THAI,Economy,685,420,N/A,413,Y,Y,Y,1,7,2,23
Suvarnabhumi Airport,BKK,14/07/2024 16:40,Kuala Lumpur International Airport,KUL,14/07/2024 19:50,130,THAI,Economy,360,85,N/A,734,Y,Y,Y,1,7,2,23
Suvarnabhumi Airport,BKK,14/07/2024 22:50,Ninoy Aquino International Airport,MNL,15/07/2024 3:15,205,Philippine Airlines,Economy,1430,1100,TRUE,833,Y,Y,Y,1,7,1,30
Suvarnabhumi Airport,BKK,15/07/2024 21:15,Singapore Changi Airport,SIN,16/07/2024 0:35,140,Singapore Airlines,Economy,775,505,TRUE,295,Y,Y,Y,1,7,1,23
Suvarnabhumi Airport,BKK,15/07/2024 19:15,Singapore Changi Airport,SIN,15/07/2024 22:30,135,THAI,Economy,1085,820,TRUE,391,Y,Y,Y,1,7,2,23
Suvarnabhumi Airport,BKK,15/07/2024 20:25,Singapore Changi Airport,SIN,15/07/2024 23:45,140,Scoot,Economy,825,555,TRUE,446,Y,N,N,1,7,0,0
Suvarnabhumi Airport,BKK,15/07/2024 6:00,Kuala Lumpur International Airport,KUL,15/07/2024 9:10,130,Malaysia Airlines,Economy,455,180,N/A,514,Y,Y,Y,1,7,1,23
Suvarnabhumi Airport,BKK,15/07/2024 13:30,Ninoy Aquino International Airport,MNL,15/07/2024 17:55,205,Philippine Airlines,Economy,550,220,N/A,793,Y,Y,Y,1,7,1,30
Suvarnabhumi Airport,BKK,16/07/2024 11:15,Ninoy Aquino International Airport,MNL,16/07/2024 15:55,220,Cebu Pacific,Economy,640,270,N/A,207,Y,N,N,1,7,0,0
Suvarnabhumi Airport,BKK,16/07/2024 21:15,Singapore Changi Airport,SIN,17/07/2024 0:35,140,Singapore Airlines,Economy,1005,730,TRUE,295,Y,Y,Y,1,7,1,23
Suvarnabhumi Airport,BKK,16/07/2024 13:50,Singapore Changi Airport,SIN,16/07/2024 17:05,135,THAI,Economy,525,260,N/A,391,Y,Y,Y,1,7,2,23
Suvarnabhumi Airport,BKK,16/07/2024 19:15,Singapore Changi Airport,SIN,16/07/2024 22:30,135,THAI,Economy,1085,820,TRUE,391,Y,Y,Y,1,7,2,23
Suvarnabhumi Airport,BKK,16/07/2024 19:40,Kuala Lumpur International Airport,KUL,16/07/2024 22:50,130,Malaysia Airlines,Economy,1620,1345,TRUE,413,Y,Y,Y,1,7,1,23
Suvarnabhumi Airport,BKK,16/07/2024 22:50,Singapore Changi Airport,SIN,17/07/2024 2:20,150,Scoot,Economy,910,625,TRUE,446,Y,N,N,1,7,0,0
Suvarnabhumi Airport,BKK,16/07/2024 6:00,Kuala Lumpur International Airport,KUL,16/07/2024 9:10,130,Malaysia Airlines,Economy,1000,725,N/A,459,Y,Y,Y,1,7,1,23
Suvarnabhumi Airport,BKK,16/07/2024 16:40,Kuala Lumpur International Airport,KUL,16/07/2024 19:50,130,THAI,Economy,360,85,N/A,734,Y,Y,Y,1,7,2,23
Suvarnabhumi Airport,BKK,17/07/2024 21:15,Singapore Changi Airport,SIN,18/07/2024 0:35,140,Singapore Airlines,Economy,775,505,TRUE,295,Y,Y,Y,1,7,1,23
Suvarnabhumi Airport,BKK,17/07/2024 23:10,Singapore Changi Airport,SIN,18/07/2024 2:40,150,Scoot,Economy,660,380,TRUE,295,Y,N,N,1,7,0,0
Suvarnabhumi Airport,BKK,17/07/2024 16:40,Kuala Lumpur International Airport,KUL,17/07/2024 19:50,130,THAI,Economy,360,85,N/A,547,Y,Y,Y,1,7,2,23
Suvarnabhumi Airport,BKK,17/07/2024 22:50,Ninoy Aquino International Airport,MNL,18/07/2024 3:15,205,Philippine Airlines,Economy,1430,1100,TRUE,304,Y,Y,Y,1,7,1,30
Suvarnabhumi Airport,BKK,17/07/2024 16:40,Kuala Lumpur International Airport,KUL,17/07/2024 19:50,130,THAI,Economy,1800,1525,TRUE,389,Y,Y,Y,1,7,2,23
Suvarnabhumi Airport,BKK,17/07/2024 6:00,Kuala Lumpur International Airport,KUL,17/07/2024 9:10,130,Malaysia Airlines,Economy,1000,725,N/A,413,Y,Y,Y,1,7,1,23
Suvarnabhumi Airport,BKK,17/07/2024 19:40,Kuala Lumpur International Airport,KUL,17/07/2024 22:50,130,Malaysia Airlines,Economy,1075,800,TRUE,413,Y,Y,Y,1,7,1,23
Suvarnabhumi Airport,BKK,17/07/2024 9:05,Kuala Lumpur International Airport,KUL,17/07/2024 12:15,130,THAI,Economy,815,540,N/A,547,Y,Y,Y,1,7,2,23
Suvarnabhumi Airport,BKK,17/07/2024 14:15,Kuala Lumpur International Airport,KUL,17/07/2024 17:30,135,Malaysia Airlines,Economy,505,225,N/A,547,Y,Y,Y,1,7,1,23
Suvarnabhumi Airport,BKK,18/07/2024 11:15,Ninoy Aquino International Airport,MNL,18/07/2024 15:55,220,Cebu Pacific,Economy,640,270,N/A,182,Y,N,N,1,7,0,0
Suvarnabhumi Airport,BKK,18/07/2024 21:15,Singapore Changi Airport,SIN,19/07/2024 0:35,140,Singapore Airlines,Economy,1005,730,TRUE,295,Y,Y,Y,1,7,1,23
Suvarnabhumi Airport,BKK,18/07/2024 13:30,Ninoy Aquino International Airport,MNL,18/07/2024 17:55,205,Philippine Airlines,Economy,550,220,N/A,304,Y,Y,Y,1,7,1,30
Suvarnabhumi Airport,BKK,18/07/2024 4:00,Ninoy Aquino International Airport,MNL,18/07/2024 8:35,215,Cebu Pacific,Economy,1075,710,N/A,171,Y,N,N,1,7,0,0
Suvarnabhumi Airport,BKK,18/07/2024 9:05,Kuala Lumpur International Airport,KUL,18/07/2024 12:15,130,THAI,Economy,815,540,N/A,381,Y,Y,Y,1,7,2,23
Suvarnabhumi Airport,BKK,18/07/2024 13:50,Singapore Changi Airport,SIN,18/07/2024 17:05,135,THAI,Economy,530,265,N/A,391,Y,Y,Y,1,7,2,23
Suvarnabhumi Airport,BKK,18/07/2024 6:00,Kuala Lumpur International Airport,KUL,18/07/2024 9:10,130,Malaysia Airlines,Economy,455,180,N/A,411,Y,Y,Y,1,7,1,23
Suvarnabhumi Airport,BKK,18/07/2024 14:15,Kuala Lumpur International Airport,KUL,18/07/2024 17:30,135,Malaysia Airlines,Economy,505,225,N/A,478,Y,Y,Y,1,7,1,23
Suvarnabhumi Airport,BKK,18/07/2024 16:40,Kuala Lumpur International Airport,KUL,18/07/2024 19:50,130,THAI,Economy,360,85,N/A,478,Y,Y,Y,1,7,2,23
Suvarnabhumi Airport,BKK,19/07/2024 20:25,Singapore Changi Airport,SIN,19/07/2024 23:45,140,Scoot,Economy,825,555,TRUE,295,Y,N,N,1,7,0,0
Suvarnabhumi Airport,BKK,19/07/2024 21:15,Singapore Changi Airport,SIN,20/07/2024 0:35,140,Singapore Airlines,Economy,775,505,TRUE,295,Y,Y,Y,1,7,1,23
Suvarnabhumi Airport,BKK,19/07/2024 13:30,Ninoy Aquino International Airport,MNL,19/07/2024 17:55,205,Philippine Airlines,Economy,550,220,N/A,304,Y,Y,Y,1,7,1,30
Suvarnabhumi Airport,BKK,19/07/2024 6:00,Kuala Lumpur International Airport,KUL,19/07/2024 9:10,130,Malaysia Airlines,Economy,455,180,N/A,411,Y,Y,Y,1,7,1,23
Suvarnabhumi Airport,BKK,19/07/2024 13:50,Singapore Changi Airport,SIN,19/07/2024 17:05,135,THAI,Economy,525,260,N/A,391,Y,Y,Y,1,7,2,23
Suvarnabhumi Airport,BKK,19/07/2024 14:15,Kuala Lumpur International Airport,KUL,19/07/2024 17:30,135,Malaysia Airlines,Economy,505,225,N/A,478,Y,Y,Y,1,7,1,23
Suvarnabhumi Airport,BKK,19/07/2024 16:40,Kuala Lumpur International Airport,KUL,19/07/2024 19:50,130,THAI,Economy,360,85,N/A,478,Y,Y,Y,1,7,2,23
Suvarnabhumi Airport,BKK,19/07/2024 19:40,Kuala Lumpur International Airport,KUL,19/07/2024 22:50,130,Malaysia Airlines,Economy,1075,800,TRUE,498,Y,Y,Y,1,7,1,23
Suvarnabhumi Airport,BKK,20/07/2024 21:25,Singapore Changi Airport,SIN,21/07/2024 0:45,140,Singapore Airlines,Economy,995,720,TRUE,369,Y,Y,Y,1,7,1,23
Suvarnabhumi Airport,BKK,20/07/2024 13:50,Singapore Changi Airport,SIN,20/07/2024 17:05,135,THAI,Economy,525,260,N/A,391,Y,Y,Y,1,7,2,23
Suvarnabhumi Airport,BKK,20/07/2024 6:00,Kuala Lumpur International Airport,KUL,20/07/2024 9:10,130,Malaysia Airlines,Economy,455,180,N/A,496,Y,Y,Y,1,7,1,23
Suvarnabhumi Airport,BKK,20/07/2024 19:15,Singapore Changi Airport,SIN,20/07/2024 22:30,135,THAI,Economy,1085,820,TRUE,391,Y,Y,Y,1,7,2,23
Suvarnabhumi Airport,BKK,20/07/2024 20:25,Singapore Changi Airport,SIN,20/07/2024 23:45,140,Scoot,Economy,1055,780,TRUE,403,Y,N,N,1,7,0,0
Suvarnabhumi Airport,BKK,20/07/2024 18:40,Kuala Lumpur International Airport,KUL,20/07/2024 21:55,135,Malaysia Airlines,Economy,1135,855,TRUE,549,Y,Y,Y,1,7,1,23
Suvarnabhumi Airport,BKK,21/07/2024 11:15,Ninoy Aquino International Airport,MNL,21/07/2024 15:55,220,Cebu Pacific,Economy,640,270,N/A,217,Y,N,N,1,7,0,0
Suvarnabhumi Airport,BKK,21/07/2024 21:00,Brunei International Airport,BWN,22/07/2024 0:45,165,Royal Brunei,Economy,165,N/A,N/A,241,Y,Y,Y,1,7,1,20
Suvarnabhumi Airport,BKK,21/07/2024 4:00,Ninoy Aquino International Airport,MNL,21/07/2024 8:35,215,Cebu Pacific,Economy,1075,710,N/A,210,Y,N,N,1,7,0,0
Suvarnabhumi Airport,BKK,21/07/2024 21:15,Singapore Changi Airport,SIN,22/07/2024 0:35,140,Singapore Airlines,Economy,775,505,TRUE,295,Y,Y,Y,1,7,1,23
Suvarnabhumi Airport,BKK,21/07/2024 11:15,Singapore Changi Airport,SIN,21/07/2024 14:30,135,THAI,Economy,685,420,N/A,391,Y,Y,Y,1,7,2,23
Suvarnabhumi Airport,BKK,21/07/2024 13:50,Singapore Changi Airport,SIN,21/07/2024 17:05,135,THAI,Economy,530,265,N/A,464,Y,Y,Y,1,7,2,23
Suvarnabhumi Airport,BKK,21/07/2024 6:00,Kuala Lumpur International Airport,KUL,21/07/2024 9:10,130,Malaysia Airlines,Economy,455,180,N/A,547,Y,Y,Y,1,7,1,23
Suvarnabhumi Airport,BKK,21/07/2024 16:40,Kuala Lumpur International Airport,KUL,21/07/2024 19:50,130,THAI,Economy,360,85,N/A,547,Y,Y,Y,1,7,2,23
Suvarnabhumi Airport,BKK,22/07/2024 21:15,Singapore Changi Airport,SIN,23/07/2024 0:35,140,Singapore Airlines,Economy,775,505,TRUE,295,Y,Y,Y,1,7,1,23
Suvarnabhumi Airport,BKK,22/07/2024 13:30,Ninoy Aquino International Airport,MNL,22/07/2024 17:55,205,Philippine Airlines,Economy,550,220,N/A,304,Y,Y,Y,1,7,1,30
Suvarnabhumi Airport,BKK,22/07/2024 8:25,Singapore Changi Airport,SIN,22/07/2024 11:55,150,Scoot,Economy,1545,1265,TRUE,295,Y,N,N,1,7,0,0
Suvarnabhumi Airport,BKK,22/07/2024 19:15,Singapore Changi Airport,SIN,22/07/2024 22:30,135,THAI,Economy,1085,820,TRUE,391,Y,Y,Y,1,7,2,23
Suvarnabhumi Airport,BKK,22/07/2024 20:25,Singapore Changi Airport,SIN,22/07/2024 23:45,140,Scoot,Economy,825,555,TRUE,403,Y,N,N,1,7,0,0
Suvarnabhumi Airport,BKK,22/07/2024 6:00,Kuala Lumpur International Airport,KUL,22/07/2024 9:10,130,Malaysia Airlines,Economy,455,180,N/A,457,Y,Y,Y,1,7,1,23
Suvarnabhumi Airport,BKK,22/07/2024 19:40,Kuala Lumpur International Airport,KUL,22/07/2024 22:50,130,Malaysia Airlines,Economy,1620,1345,TRUE,549,Y,Y,Y,1,7,1,23
Suvarnabhumi Airport,BKK,23/07/2024 11:15,Ninoy Aquino International Airport,MNL,23/07/2024 15:55,220,Cebu Pacific,Economy,640,270,N/A,168,Y,N,N,1,7,0,0
Suvarnabhumi Airport,BKK,23/07/2024 13:30,Brunei International Airport,BWN,23/07/2024 17:15,165,Royal Brunei,Economy,165,N/A,N/A,241,Y,Y,Y,1,7,1,20
Suvarnabhumi Airport,BKK,23/07/2024 21:15,Singapore Changi Airport,SIN,24/07/2024 0:35,140,Singapore Airlines,Economy,1005,730,TRUE,295,Y,Y,Y,1,7,1,23
Suvarnabhumi Airport,BKK,23/07/2024 13:50,Singapore Changi Airport,SIN,23/07/2024 17:05,135,THAI,Economy,525,260,N/A,391,Y,Y,Y,1,7,2,23
Suvarnabhumi Airport,BKK,23/07/2024 19:15,Singapore Changi Airport,SIN,23/07/2024 22:30,135,THAI,Economy,1085,820,TRUE,391,Y,Y,Y,1,7,2,23
Suvarnabhumi Airport,BKK,23/07/2024 15:40,Singapore Changi Airport,SIN,23/07/2024 19:00,140,Scoot,Economy,1340,1065,TRUE,403,Y,N,N,1,7,0,0
Suvarnabhumi Airport,BKK,23/07/2024 14:15,Kuala Lumpur International Airport,KUL,23/07/2024 17:30,135,Malaysia Airlines,Economy,505,225,N/A,425,Y,Y,Y,1,7,1,23
Suvarnabhumi Airport,BKK,23/07/2024 16:40,Kuala Lumpur International Airport,KUL,23/07/2024 19:50,130,THAI,Economy,360,85,N/A,547,Y,Y,Y,1,7,2,23
Suvarnabhumi Airport,BKK,24/07/2024 21:00,Brunei International Airport,BWN,25/07/2024 0:45,165,Royal Brunei,Economy,165,N/A,N/A,241,Y,Y,Y,1,7,1,20
Suvarnabhumi Airport,BKK,24/07/2024 21:15,Singapore Changi Airport,SIN,25/07/2024 0:35,140,Singapore Airlines,Economy,775,505,TRUE,295,Y,Y,Y,1,7,1,23
Suvarnabhumi Airport,BKK,24/07/2024 23:10,Singapore Changi Airport,SIN,25/07/2024 2:40,150,Scoot,Economy,660,380,TRUE,295,Y,N,N,1,7,0,0
Suvarnabhumi Airport,BKK,24/07/2024 22:50,Ninoy Aquino International Airport,MNL,25/07/2024 3:15,205,Philippine Airlines,Economy,1430,1100,TRUE,304,Y,Y,Y,1,7,1,30
Suvarnabhumi Airport,BKK,24/07/2024 6:00,Kuala Lumpur International Airport,KUL,24/07/2024 9:10,130,Malaysia Airlines,Economy,1000,725,N/A,413,Y,Y,Y,1,7,1,23
Suvarnabhumi Airport,BKK,24/07/2024 14:15,Kuala Lumpur International Airport,KUL,24/07/2024 17:30,135,Malaysia Airlines,Economy,505,225,N/A,425,Y,Y,Y,1,7,1,23
Suvarnabhumi Airport,BKK,24/07/2024 16:40,Kuala Lumpur International Airport,KUL,24/07/2024 19:50,130,THAI,Economy,360,85,N/A,547,Y,Y,Y,1,7,2,23
Suvarnabhumi Airport,BKK,25/07/2024 4:00,Ninoy Aquino International Airport,MNL,25/07/2024 8:35,215,Cebu Pacific,Economy,1075,710,N/A,161,Y,N,N,1,7,0,0
Suvarnabhumi Airport,BKK,25/07/2024 11:15,Ninoy Aquino International Airport,MNL,25/07/2024 15:55,220,Cebu Pacific,Economy,640,270,N/A,171,Y,N,N,1,7,0,0
Suvarnabhumi Airport,BKK,25/07/2024 21:15,Singapore Changi Airport,SIN,26/07/2024 0:35,140,Singapore Airlines,Economy,1005,730,TRUE,295,Y,Y,Y,1,7,1,23
Suvarnabhumi Airport,BKK,25/07/2024 13:30,Ninoy Aquino International Airport,MNL,25/07/2024 17:55,205,Philippine Airlines,Economy,550,220,N/A,304,Y,Y,Y,1,7,1,30
Suvarnabhumi Airport,BKK,25/07/2024 13:50,Singapore Changi Airport,SIN,25/07/2024 17:05,135,THAI,Economy,530,265,N/A,391,Y,Y,Y,1,7,2,23
Suvarnabhumi Airport,BKK,25/07/2024 19:40,Kuala Lumpur International Airport,KUL,25/07/2024 22:50,130,Malaysia Airlines,Economy,1075,800,TRUE,413,Y,Y,Y,1,7,1,23
Suvarnabhumi Airport,BKK,25/07/2024 14:15,Kuala Lumpur International Airport,KUL,25/07/2024 17:30,135,Malaysia Airlines,Economy,505,225,N/A,496,Y,Y,Y,1,7,1,23
Suvarnabhumi Airport,BKK,25/07/2024 16:40,Kuala Lumpur International Airport,KUL,25/07/2024 19:50,130,THAI,Economy,360,85,N/A,496,Y,Y,Y,1,7,2,23
Suvarnabhumi Airport,BKK,25/07/2024 6:00,Kuala Lumpur International Airport,KUL,25/07/2024 9:10,130,Malaysia Airlines,Economy,455,180,N/A,547,Y,Y,Y,1,7,1,23
Suvarnabhumi Airport,BKK,26/07/2024 21:15,Singapore Changi Airport,SIN,27/07/2024 0:35,140,Singapore Airlines,Economy,775,505,TRUE,295,Y,Y,Y,1,7,1,23
Suvarnabhumi Airport,BKK,26/07/2024 13:30,Ninoy Aquino International Airport,MNL,26/07/2024 17:55,205,Philippine Airlines,Economy,550,220,N/A,304,Y,Y,Y,1,7,1,30
Suvarnabhumi Airport,BKK,26/07/2024 23:10,Singapore Changi Airport,SIN,27/07/2024 2:40,150,Scoot,Economy,660,380,TRUE,403,Y,N,N,1,7,0,0
Suvarnabhumi Airport,BKK,26/07/2024 14:15,Kuala Lumpur International Airport,KUL,26/07/2024 17:30,135,Malaysia Airlines,Economy,505,225,N/A,425,Y,Y,Y,1,7,1,23
Suvarnabhumi Airport,BKK,26/07/2024 16:40,Kuala Lumpur International Airport,KUL,26/07/2024 19:50,130,THAI,Economy,360,85,N/A,547,Y,Y,Y,1,7,2,23
Suvarnabhumi Airport,BKK,26/07/2024 19:40,Kuala Lumpur International Airport,KUL,26/07/2024 22:50,130,Malaysia Airlines,Economy,1075,800,TRUE,413,Y,Y,Y,1,7,1,23
Suvarnabhumi Airport,BKK,26/07/2024 6:00,Kuala Lumpur International Airport,KUL,26/07/2024 9:10,130,Malaysia Airlines,Economy,455,180,N/A,513,Y,Y,Y,1,7,1,23
Suvarnabhumi Airport,BKK,26/07/2024 9:05,Kuala Lumpur International Airport,KUL,26/07/2024 12:15,130,THAI,Economy,815,540,N/A,547,Y,Y,Y,1,7,2,23
Suvarnabhumi Airport,BKK,27/07/2024 13:30,Brunei International Airport,BWN,27/07/2024 17:15,165,Royal Brunei,Economy,165,N/A,N/A,343,Y,Y,Y,1,7,1,20
Suvarnabhumi Airport,BKK,27/07/2024 13:50,Singapore Changi Airport,SIN,27/07/2024 17:05,135,THAI,Economy,525,260,N/A,391,Y,Y,Y,1,7,2,23
Suvarnabhumi Airport,BKK,27/07/2024 19:15,Singapore Changi Airport,SIN,27/07/2024 22:30,135,THAI,Economy,1085,820,TRUE,391,Y,Y,Y,1,7,2,23
Suvarnabhumi Airport,BKK,27/07/2024 18:40,Kuala Lumpur International Airport,KUL,27/07/2024 21:55,135,Malaysia Airlines,Economy,1135,855,TRUE,413,Y,Y,Y,1,7,1,23
Suvarnabhumi Airport,BKK,27/07/2024 20:25,Singapore Changi Airport,SIN,27/07/2024 23:45,140,Scoot,Economy,1055,780,TRUE,446,Y,N,N,1,7,0,0
Suvarnabhumi Airport,BKK,27/07/2024 21:25,Singapore Changi Airport,SIN,28/07/2024 0:45,140,Singapore Airlines,Economy,995,720,TRUE,446,Y,Y,Y,1,7,1,23
Suvarnabhumi Airport,BKK,27/07/2024 6:00,Kuala Lumpur International Airport,KUL,27/07/2024 9:10,130,Malaysia Airlines,Economy,455,180,N/A,547,Y,Y,Y,1,7,1,23
Suvarnabhumi Airport,BKK,28/07/2024 11:15,Ninoy Aquino International Airport,MNL,28/07/2024 15:55,220,Cebu Pacific,Economy,640,270,N/A,190,Y,N,N,1,7,0,0
Suvarnabhumi Airport,BKK,28/07/2024 21:00,Brunei International Airport,BWN,29/07/2024 0:45,165,Royal Brunei,Economy,165,N/A,N/A,241,Y,Y,Y,1,7,1,20
Suvarnabhumi Airport,BKK,28/07/2024 4:00,Ninoy Aquino International Airport,MNL,28/07/2024 8:35,215,Cebu Pacific,Economy,1075,710,N/A,168,Y,N,N,1,7,0,0
Suvarnabhumi Airport,BKK,28/07/2024 21:15,Singapore Changi Airport,SIN,29/07/2024 0:35,140,Singapore Airlines,Economy,775,505,TRUE,295,Y,Y,Y,1,7,1,23
Suvarnabhumi Airport,BKK,28/07/2024 11:15,Singapore Changi Airport,SIN,28/07/2024 14:30,135,THAI,Economy,685,420,N/A,391,Y,Y,Y,1,7,2,23
Suvarnabhumi Airport,BKK,28/07/2024 13:50,Singapore Changi Airport,SIN,28/07/2024 17:05,135,THAI,Economy,530,265,N/A,401,Y,Y,Y,1,7,2,23
Suvarnabhumi Airport,BKK,28/07/2024 6:00,Kuala Lumpur International Airport,KUL,28/07/2024 9:10,130,Malaysia Airlines,Economy,455,180,N/A,411,Y,Y,Y,1,7,1,23
Suvarnabhumi Airport,BKK,28/07/2024 16:40,Kuala Lumpur International Airport,KUL,28/07/2024 19:50,130,THAI,Economy,360,85,N/A,547,Y,Y,Y,1,7,2,23
Suvarnabhumi Airport,BKK,29/07/2024 13:30,Ninoy Aquino International Airport,MNL,29/07/2024 17:55,205,Philippine Airlines,Economy,550,220,N/A,304,Y,Y,Y,1,7,1,30
Suvarnabhumi Airport,BKK,29/07/2024 21:15,Singapore Changi Airport,SIN,30/07/2024 0:35,140,Singapore Airlines,Economy,775,505,TRUE,341,Y,Y,Y,1,7,1,23
Suvarnabhumi Airport,BKK,29/07/2024 23:05,Singapore Changi Airport,SIN,30/07/2024 2:40,155,Scoot,Economy,665,380,TRUE,369,Y,N,N,1,7,0,0
Suvarnabhumi Airport,BKK,29/07/2024 19:15,Singapore Changi Airport,SIN,29/07/2024 22:30,135,THAI,Economy,1085,820,TRUE,391,Y,Y,Y,1,7,2,23
Suvarnabhumi Airport,BKK,29/07/2024 6:00,Kuala Lumpur International Airport,KUL,29/07/2024 9:10,130,Malaysia Airlines,Economy,455,180,N/A,411,Y,Y,Y,1,7,1,23
Suvarnabhumi Airport,BKK,29/07/2024 19:40,Kuala Lumpur International Airport,KUL,29/07/2024 22:50,130,Malaysia Airlines,Economy,1620,1345,TRUE,549,Y,Y,Y,1,7,1,23
Suvarnabhumi Airport,BKK,30/07/2024 11:15,Ninoy Aquino International Airport,MNL,30/07/2024 15:55,220,Cebu Pacific,Economy,640,270,N/A,178,Y,N,N,1,7,0,0
Suvarnabhumi Airport,BKK,30/07/2024 13:30,Brunei International Airport,BWN,30/07/2024 17:15,165,Royal Brunei,Economy,165,N/A,N/A,241,Y,Y,Y,1,7,1,20
Suvarnabhumi Airport,BKK,30/07/2024 13:50,Singapore Changi Airport,SIN,30/07/2024 17:05,135,THAI,Economy,525,260,N/A,391,Y,Y,Y,1,7,2,23
Suvarnabhumi Airport,BKK,30/07/2024 4:00,Ninoy Aquino International Airport,MNL,30/07/2024 8:35,215,Cebu Pacific,Economy,1075,710,N/A,157,Y,N,N,1,7,0,0
Suvarnabhumi Airport,BKK,30/07/2024 21:15,Singapore Changi Airport,SIN,31/07/2024 0:35,140,Singapore Airlines,Economy,1005,730,TRUE,295,Y,Y,Y,1,7,1,23
Suvarnabhumi Airport,BKK,30/07/2024 20:25,Singapore Changi Airport,SIN,30/07/2024 23:45,140,Scoot,Economy,1055,780,TRUE,403,Y,N,N,1,7,0,0
Suvarnabhumi Airport,BKK,30/07/2024 14:15,Kuala Lumpur International Airport,KUL,30/07/2024 17:30,135,Malaysia Airlines,Economy,505,225,N/A,547,Y,Y,Y,1,7,1,23
Suvarnabhumi Airport,BKK,30/07/2024 16:40,Kuala Lumpur International Airport,KUL,30/07/2024 19:50,130,THAI,Economy,360,85,N/A,547,Y,Y,Y,1,7,2,23
Suvarnabhumi Airport,BKK,31/07/2024 21:00,Brunei International Airport,BWN,01/08/2024 0:45,165,Royal Brunei,Economy,165,N/A,N/A,241,Y,Y,Y,1,7,1,20
Suvarnabhumi Airport,BKK,31/07/2024 21:15,Singapore Changi Airport,SIN,01/08/2024 0:35,140,Singapore Airlines,Economy,775,505,TRUE,295,Y,Y,Y,1,7,1,23
Suvarnabhumi Airport,BKK,31/07/2024 23:10,Singapore Changi Airport,SIN,01/08/2024 2:40,150,Scoot,Economy,660,380,TRUE,295,Y,N,N,1,7,0,0
Suvarnabhumi Airport,BKK,31/07/2024 22:50,Ninoy Aquino International Airport,MNL,01/08/2024 3:15,205,Philippine Airlines,Economy,1430,1100,TRUE,304,Y,Y,Y,1,7,1,30
Suvarnabhumi Airport,BKK,31/07/2024 6:00,Kuala Lumpur International Airport,KUL,31/07/2024 9:10,130,Malaysia Airlines,Economy,1000,725,N/A,413,Y,Y,Y,1,7,1,23
Suvarnabhumi Airport,BKK,31/07/2024 14:15,Kuala Lumpur International Airport,KUL,31/07/2024 17:30,135,Malaysia Airlines,Economy,505,225,N/A,425,Y,Y,Y,1,7,1,23
Suvarnabhumi Airport,BKK,31/07/2024 16:40,Kuala Lumpur International Airport,KUL,31/07/2024 19:50,130,THAI,Economy,360,85,N/A,547,Y,Y,Y,1,7,2,23
Suvarnabhumi Airport,BKK,01/08/2024 4:00,Ninoy Aquino International Airport,MNL,01/08/2024 8:35,215,Cebu Pacific,Economy,1075,710,N/A,187,Y,N,N,1,7,0,0
Suvarnabhumi Airport,BKK,01/08/2024 11:15,Ninoy Aquino International Airport,MNL,01/08/2024 15:55,220,Cebu Pacific,Economy,640,270,N/A,198,Y,N,N,1,7,0,0
Suvarnabhumi Airport,BKK,01/08/2024 13:30,Ninoy Aquino International Airport,MNL,01/08/2024 17:55,205,Philippine Airlines,Economy,550,220,N/A,309,Y,Y,Y,1,7,1,30
Suvarnabhumi Airport,BKK,01/08/2024 21:15,Singapore Changi Airport,SIN,02/08/2024 0:35,140,Singapore Airlines,Economy,1005,730,TRUE,323,Y,Y,Y,1,7,1,23
Suvarnabhumi Airport,BKK,01/08/2024 13:50,Singapore Changi Airport,SIN,01/08/2024 17:05,135,THAI,Economy,530,265,N/A,397,Y,Y,Y,1,7,2,23
Suvarnabhumi Airport,BKK,01/08/2024 6:00,Kuala Lumpur International Airport,KUL,01/08/2024 9:10,130,Malaysia Airlines,Economy,455,180,N/A,505,Y,Y,Y,1,7,1,23
Suvarnabhumi Airport,BKK,01/08/2024 14:15,Kuala Lumpur International Airport,KUL,01/08/2024 17:30,135,Malaysia Airlines,Economy,505,225,N/A,505,Y,Y,Y,1,7,1,23
Suvarnabhumi Airport,BKK,01/08/2024 16:40,Kuala Lumpur International Airport,KUL,01/08/2024 19:50,130,THAI,Economy,360,85,N/A,505,Y,Y,Y,1,7,2,23
Suvarnabhumi Airport,BKK,02/08/2024 13:30,Ninoy Aquino International Airport,MNL,02/08/2024 17:55,205,Philippine Airlines,Economy,550,220,N/A,325,Y,Y,Y,1,7,1,30
Suvarnabhumi Airport,BKK,02/08/2024 21:15,Singapore Changi Airport,SIN,03/08/2024 0:35,140,Singapore Airlines,Economy,775,505,TRUE,348,Y,Y,Y,1,7,1,23
Suvarnabhumi Airport,BKK,02/08/2024 23:10,Singapore Changi Airport,SIN,03/08/2024 2:40,150,Scoot,Economy,660,380,TRUE,456,Y,N,N,1,7,0,0
Suvarnabhumi Airport,BKK,02/08/2024 6:00,Kuala Lumpur International Airport,KUL,02/08/2024 9:10,130,Malaysia Airlines,Economy,455,180,N/A,505,Y,Y,Y,1,7,1,23
Suvarnabhumi Airport,BKK,02/08/2024 16:40,Kuala Lumpur International Airport,KUL,02/08/2024 19:50,130,THAI,Economy,360,85,N/A,505,Y,Y,Y,1,7,2,23
Suvarnabhumi Airport,BKK,02/08/2024 14:25,Kuala Lumpur International Airport,KUL,02/08/2024 17:40,135,Malaysia Airlines,Economy,495,215,N/A,505,Y,Y,Y,1,7,1,23
Suvarnabhumi Airport,BKK,02/08/2024 16:40,Kuala Lumpur International Airport,KUL,02/08/2024 19:50,130,THAI,Economy,1255,980,TRUE,525,Y,Y,Y,1,7,2,23
Suvarnabhumi Airport,BKK,02/08/2024 19:40,Kuala Lumpur International Airport,KUL,02/08/2024 22:50,130,Malaysia Airlines,Economy,1075,800,TRUE,525,Y,Y,Y,1,7,1,23
Suvarnabhumi Airport,BKK,03/08/2024 11:15,Ninoy Aquino International Airport,MNL,03/08/2024 15:55,220,Cebu Pacific,Economy,640,270,N/A,206,Y,N,N,1,7,0,0
Suvarnabhumi Airport,BKK,03/08/2024 13:30,Brunei International Airport,BWN,03/08/2024 17:15,165,Royal Brunei,Economy,165,N/A,N/A,351,Y,Y,Y,1,7,1,20
Suvarnabhumi Airport,BKK,03/08/2024 6:00,Kuala Lumpur International Airport,KUL,03/08/2024 9:10,130,Malaysia Airlines,Economy,455,180,N/A,523,Y,Y,Y,1,7,1,23
Suvarnabhumi Airport,BKK,03/08/2024 4:00,Ninoy Aquino International Airport,MNL,03/08/2024 8:35,215,Cebu Pacific,Economy,1075,710,N/A,196,Y,N,N,1,7,0,0
Suvarnabhumi Airport,BKK,03/08/2024 21:25,Singapore Changi Airport,SIN,04/08/2024 0:45,140,Singapore Airlines,Economy,995,720,TRUE,323,Y,Y,Y,1,7,1,23
Suvarnabhumi Airport,BKK,03/08/2024 19:15,Singapore Changi Airport,SIN,03/08/2024 22:30,135,THAI,Economy,1085,820,TRUE,397,Y,Y,Y,1,7,2,23
Suvarnabhumi Airport,BKK,03/08/2024 17:55,Singapore Changi Airport,SIN,03/08/2024 21:05,130,Scoot,Economy,1205,940,TRUE,456,Y,N,N,1,7,0,0
Suvarnabhumi Airport,BKK,03/08/2024 13:50,Singapore Changi Airport,SIN,03/08/2024 17:05,135,THAI,Economy,525,260,N/A,615,Y,Y,Y,1,7,2,23
Suvarnabhumi Airport,BKK,04/08/2024 21:00,Brunei International Airport,BWN,05/08/2024 0:45,165,Royal Brunei,Economy,165,N/A,N/A,302,Y,Y,Y,1,7,1,20
Suvarnabhumi Airport,BKK,04/08/2024 22:50,Ninoy Aquino International Airport,MNL,05/08/2024 3:15,205,Philippine Airlines,Economy,1430,1100,TRUE,325,Y,Y,Y,1,7,1,30
Suvarnabhumi Airport,BKK,04/08/2024 13:50,Singapore Changi Airport,SIN,04/08/2024 17:05,135,THAI,Economy,530,265,N/A,397,Y,Y,Y,1,7,2,23
Suvarnabhumi Airport,BKK,04/08/2024 21:15,Singapore Changi Airport,SIN,05/08/2024 0:35,140,Singapore Airlines,Economy,775,505,TRUE,456,Y,Y,Y,1,7,1,23
Suvarnabhumi Airport,BKK,04/08/2024 14:25,Kuala Lumpur International Airport,KUL,04/08/2024 17:40,135,Malaysia Airlines,Economy,495,215,N/A,558,Y,Y,Y,1,7,1,23
Suvarnabhumi Airport,BKK,04/08/2024 16:40,Kuala Lumpur International Airport,KUL,04/08/2024 19:50,130,THAI,Economy,360,85,N/A,558,Y,Y,Y,1,7,2,23
Suvarnabhumi Airport,BKK,05/08/2024 13:30,Ninoy Aquino International Airport,MNL,05/08/2024 17:55,205,Philippine Airlines,Economy,550,220,N/A,325,Y,Y,Y,1,7,1,30
Suvarnabhumi Airport,BKK,05/08/2024 19:15,Singapore Changi Airport,SIN,05/08/2024 22:30,135,THAI,Economy,1085,820,TRUE,397,Y,Y,Y,1,7,2,23
Suvarnabhumi Airport,BKK,05/08/2024 17:55,Singapore Changi Airport,SIN,05/08/2024 21:05,130,Scoot,Economy,975,715,TRUE,509,Y,N,N,1,7,0,0
Suvarnabhumi Airport,BKK,05/08/2024 21:15,Singapore Changi Airport,SIN,06/08/2024 0:35,140,Singapore Airlines,Economy,775,505,TRUE,509,Y,Y,Y,1,7,1,23
Suvarnabhumi Airport,BKK,06/08/2024 11:15,Ninoy Aquino International Airport,MNL,06/08/2024 15:55,220,Cebu Pacific,Economy,640,270,N/A,210,Y,N,N,1,7,0,0
Suvarnabhumi Airport,BKK,06/08/2024 13:30,Brunei International Airport,BWN,06/08/2024 17:15,165,Royal Brunei,Economy,165,N/A,N/A,302,Y,Y,Y,1,7,1,20
Suvarnabhumi Airport,BKK,06/08/2024 13:50,Singapore Changi Airport,SIN,06/08/2024 17:05,135,THAI,Economy,525,260,N/A,397,Y,Y,Y,1,7,2,23
Suvarnabhumi Airport,BKK,06/08/2024 21:15,Singapore Changi Airport,SIN,07/08/2024 0:35,140,Singapore Airlines,Economy,1005,730,TRUE,348,Y,Y,Y,1,7,1,23
Suvarnabhumi Airport,BKK,06/08/2024 19:15,Singapore Changi Airport,SIN,06/08/2024 22:30,135,THAI,Economy,1085,820,TRUE,397,Y,Y,Y,1,7,2,23
Suvarnabhumi Airport,BKK,06/08/2024 20:25,Singapore Changi Airport,SIN,06/08/2024 23:45,140,Scoot,Economy,1055,780,TRUE,456,Y,N,N,1,7,0,0
Suvarnabhumi Airport,BKK,06/08/2024 16:40,Kuala Lumpur International Airport,KUL,06/08/2024 19:50,130,THAI,Economy,360,85,N/A,749,Y,Y,Y,1,7,2,23
Suvarnabhumi Airport,BKK,07/08/2024 21:00,Brunei International Airport,BWN,08/08/2024 0:45,165,Royal Brunei,Economy,165,N/A,N/A,351,Y,Y,Y,1,7,1,20
Suvarnabhumi Airport,BKK,07/08/2024 22:50,Ninoy Aquino International Airport,MNL,08/08/2024 3:15,205,Philippine Airlines,Economy,1430,1100,TRUE,309,Y,Y,Y,1,7,1,30
Suvarnabhumi Airport,BKK,07/08/2024 21:15,Singapore Changi Airport,SIN,08/08/2024 0:35,140,Singapore Airlines,Economy,775,505,TRUE,348,Y,Y,Y,1,7,1,23
Suvarnabhumi Airport,BKK,07/08/2024 16:40,Kuala Lumpur International Airport,KUL,07/08/2024 19:50,130,THAI,Economy,360,85,N/A,749,Y,Y,Y,1,7,2,23
Suvarnabhumi Airport,BKK,08/08/2024 4:00,Ninoy Aquino International Airport,MNL,08/08/2024 8:35,215,Cebu Pacific,Economy,1075,710,N/A,139,Y,N,N,1,7,0,0
Suvarnabhumi Airport,BKK,08/08/2024 11:15,Ninoy Aquino International Airport,MNL,08/08/2024 15:55,220,Cebu Pacific,Economy,640,270,N/A,148,Y,N,N,1,7,0,0
Suvarnabhumi Airport,BKK,08/08/2024 13:30,Ninoy Aquino International Airport,MNL,08/08/2024 17:55,205,Philippine Airlines,Economy,550,220,N/A,309,Y,Y,Y,1,7,1,30
Suvarnabhumi Airport,BKK,08/08/2024 18:10,Ninoy Aquino International Airport,MNL,08/08/2024 22:40,210,Philippine Airlines,Economy,1710,1375,TRUE,306,Y,Y,Y,1,7,1,30
Suvarnabhumi Airport,BKK,08/08/2024 22:50,Ninoy Aquino International Airport,MNL,09/08/2024 3:15,205,Philippine Airlines,Economy,1430,1100,TRUE,309,Y,Y,Y,1,7,1,30
Suvarnabhumi Airport,BKK,08/08/2024 13:50,Singapore Changi Airport,SIN,08/08/2024 17:05,135,THAI,Economy,530,265,N/A,397,Y,Y,Y,1,7,2,23
Suvarnabhumi Airport,BKK,08/08/2024 6:00,Kuala Lumpur International Airport,KUL,08/08/2024 9:10,130,Malaysia Airlines,Economy,455,180,N/A,523,Y,Y,Y,1,7,1,23
Suvarnabhumi Airport,BKK,08/08/2024 14:15,Kuala Lumpur International Airport,KUL,08/08/2024 17:30,135,Malaysia Airlines,Economy,505,225,N/A,523,Y,Y,Y,1,7,1,23
Suvarnabhumi Airport,BKK,08/08/2024 16:40,Kuala Lumpur International Airport,KUL,08/08/2024 19:50,130,THAI,Economy,360,85,N/A,523,Y,Y,Y,1,7,2,23
Suvarnabhumi Airport,BKK,08/08/2024 21:15,Singapore Changi Airport,SIN,09/08/2024 0:35,140,Singapore Airlines,Economy,1005,730,TRUE,575,Y,Y,Y,1,7,1,23
Suvarnabhumi Airport,BKK,09/08/2024 13:30,Ninoy Aquino International Airport,MNL,09/08/2024 17:55,205,Philippine Airlines,Economy,550,220,N/A,309,Y,Y,Y,1,7,1,30
Suvarnabhumi Airport,BKK,09/08/2024 21:30,Singapore Changi Airport,SIN,10/08/2024 0:45,135,Singapore Airlines,Economy,760,495,TRUE,377,Y,Y,Y,1,7,1,23
Suvarnabhumi Airport,BKK,09/08/2024 13:50,Singapore Changi Airport,SIN,09/08/2024 17:05,135,THAI,Economy,525,260,N/A,397,Y,Y,Y,1,7,2,23
Suvarnabhumi Airport,BKK,09/08/2024 6:00,Kuala Lumpur International Airport,KUL,09/08/2024 9:10,130,Malaysia Airlines,Economy,455,180,N/A,523,Y,Y,Y,1,7,1,23
Suvarnabhumi Airport,BKK,09/08/2024 17:45,Singapore Changi Airport,SIN,09/08/2024 21:05,140,Scoot,Economy,985,715,TRUE,456,Y,N,N,1,7,0,0
Suvarnabhumi Airport,BKK,09/08/2024 14:25,Kuala Lumpur International Airport,KUL,09/08/2024 17:40,135,Malaysia Airlines,Economy,495,215,N/A,523,Y,Y,Y,1,7,1,23
Suvarnabhumi Airport,BKK,09/08/2024 16:40,Kuala Lumpur International Airport,KUL,09/08/2024 19:50,130,THAI,Economy,360,85,N/A,523,Y,Y,Y,1,7,2,23
Suvarnabhumi Airport,BKK,10/08/2024 11:15,Ninoy Aquino International Airport,MNL,10/08/2024 15:55,220,Cebu Pacific,Economy,640,270,N/A,188,Y,N,N,1,7,0,0
Suvarnabhumi Airport,BKK,10/08/2024 13:50,Singapore Changi Airport,SIN,10/08/2024 17:05,135,THAI,Economy,525,260,N/A,397,Y,Y,Y,1,7,2,23
Suvarnabhumi Airport,BKK,10/08/2024 13:30,Brunei International Airport,BWN,10/08/2024 17:15,165,Royal Brunei,Economy,165,N/A,N/A,517,Y,Y,Y,1,7,1,20
Suvarnabhumi Airport,BKK,10/08/2024 19:15,Singapore Changi Airport,SIN,10/08/2024 22:30,135,THAI,Economy,1645,1380,TRUE,472,Y,Y,Y,1,7,2,23
Suvarnabhumi Airport,BKK,10/08/2024 10:50,Singapore Changi Airport,SIN,10/08/2024 14:15,145,Scoot,Economy,1630,1350,TRUE,509,Y,N,N,1,7,0,0
Suvarnabhumi Airport,BKK,10/08/2024 18:30,Singapore Changi Airport,SIN,10/08/2024 21:55,145,Singapore Airlines,Economy,1170,890,TRUE,509,Y,Y,Y,1,7,1,23
Suvarnabhumi Airport,BKK,10/08/2024 21:15,Singapore Changi Airport,SIN,11/08/2024 0:35,140,Singapore Airlines,Economy,1005,730,TRUE,575,Y,Y,Y,1,7,1,23
Suvarnabhumi Airport,BKK,11/08/2024 21:00,Brunei International Airport,BWN,12/08/2024 0:45,165,Royal Brunei,Economy,165,N/A,N/A,465,Y,Y,Y,1,7,1,20
Suvarnabhumi Airport,BKK,11/08/2024 22:50,Ninoy Aquino International Airport,MNL,12/08/2024 3:15,205,Philippine Airlines,Economy,1430,1100,TRUE,443,Y,Y,Y,1,7,1,30
Suvarnabhumi Airport,BKK,11/08/2024 8:00,Singapore Changi Airport,SIN,11/08/2024 11:15,135,THAI,Economy,880,615,N/A,691,Y,Y,Y,1,7,2,23
Suvarnabhumi Airport,BKK,11/08/2024 14:25,Kuala Lumpur International Airport,KUL,11/08/2024 17:40,135,Malaysia Airlines,Economy,495,215,N/A,1433,Y,Y,Y,1,7,1,23
Suvarnabhumi Airport,BKK,12/08/2024 13:30,Ninoy Aquino International Airport,MNL,12/08/2024 17:55,205,Philippine Airlines,Economy,550,220,N/A,443,Y,Y,Y,1,7,1,30
Suvarnabhumi Airport,BKK,12/08/2024 21:15,Singapore Changi Airport,SIN,13/08/2024 0:35,140,Singapore Airlines,Economy,775,505,TRUE,456,Y,Y,Y,1,7,1,23
Suvarnabhumi Airport,BKK,12/08/2024 8:00,Singapore Changi Airport,SIN,12/08/2024 11:15,135,THAI,Economy,1760,1495,TRUE,450,Y,Y,Y,1,7,2,23
Suvarnabhumi Airport,BKK,12/08/2024 9:05,Singapore Changi Airport,SIN,12/08/2024 12:20,135,Scoot,Economy,1505,1240,TRUE,456,Y,N,N,1,7,0,0
Suvarnabhumi Airport,BKK,12/08/2024 11:15,Singapore Changi Airport,SIN,12/08/2024 14:30,135,THAI,Economy,1565,1300,TRUE,516,Y,Y,Y,1,7,2,23
Suvarnabhumi Airport,BKK,12/08/2024 19:15,Singapore Changi Airport,SIN,12/08/2024 22:30,135,THAI,Economy,1085,820,TRUE,615,Y,Y,Y,1,7,2,23
Suvarnabhumi Airport,BKK,13/08/2024 11:15,Ninoy Aquino International Airport,MNL,13/08/2024 15:55,220,Cebu Pacific,Economy,640,270,N/A,193,Y,N,N,1,7,0,0
Suvarnabhumi Airport,BKK,13/08/2024 13:30,Brunei International Airport,BWN,13/08/2024 17:15,165,Royal Brunei,Economy,165,N/A,N/A,302,Y,Y,Y,1,7,1,20
Suvarnabhumi Airport,BKK,13/08/2024 13:50,Singapore Changi Airport,SIN,13/08/2024 17:05,135,THAI,Economy,525,260,N/A,397,Y,Y,Y,1,7,2,23
Suvarnabhumi Airport,BKK,13/08/2024 4:00,Ninoy Aquino International Airport,MNL,13/08/2024 8:35,215,Cebu Pacific,Economy,1075,710,N/A,170,Y,N,N,1,7,0,0
Suvarnabhumi Airport,BKK,13/08/2024 19:15,Singapore Changi Airport,SIN,13/08/2024 22:30,135,THAI,Economy,1085,820,TRUE,397,Y,Y,Y,1,7,2,23
Suvarnabhumi Airport,BKK,13/08/2024 14:15,Kuala Lumpur International Airport,KUL,13/08/2024 17:30,135,Malaysia Airlines,Economy,505,225,N/A,780,Y,Y,Y,1,7,1,23
Suvarnabhumi Airport,BKK,13/08/2024 16:40,Kuala Lumpur International Airport,KUL,13/08/2024 19:50,130,THAI,Economy,360,85,N/A,808,Y,Y,Y,1,7,2,23
Suvarnabhumi Airport,BKK,14/08/2024 21:00,Brunei International Airport,BWN,15/08/2024 0:45,165,Royal Brunei,Economy,165,N/A,N/A,351,Y,Y,Y,1,7,1,20
Suvarnabhumi Airport,BKK,14/08/2024 22:50,Ninoy Aquino International Airport,MNL,15/08/2024 3:15,205,Philippine Airlines,Economy,1430,1100,TRUE,309,Y,Y,Y,1,7,1,30
Suvarnabhumi Airport,BKK,14/08/2024 19:15,Singapore Changi Airport,SIN,14/08/2024 22:30,135,THAI,Economy,1645,1380,TRUE,397,Y,Y,Y,1,7,2,23
Suvarnabhumi Airport,BKK,14/08/2024 16:40,Kuala Lumpur International Airport,KUL,14/08/2024 19:50,130,THAI,Economy,360,85,N/A,749,Y,Y,Y,1,7,2,23
Suvarnabhumi Airport,BKK,15/08/2024 11:15,Ninoy Aquino International Airport,MNL,15/08/2024 15:55,220,Cebu Pacific,Economy,640,270,N/A,169,Y,N,N,1,7,0,0
Suvarnabhumi Airport,BKK,15/08/2024 13:50,Singapore Changi Airport,SIN,15/08/2024 17:05,135,THAI,Economy,530,265,N/A,397,Y,Y,Y,1,7,2,23
Suvarnabhumi Airport,BKK,15/08/2024 22:50,Ninoy Aquino International Airport,MNL,16/08/2024 3:15,205,Philippine Airlines,Economy,1430,1100,TRUE,306,Y,Y,Y,1,7,1,30
Suvarnabhumi Airport,BKK,15/08/2024 16:40,Kuala Lumpur International Airport,KUL,15/08/2024 19:50,130,THAI,Economy,1255,980,TRUE,560,Y,Y,Y,1,7,2,23
Suvarnabhumi Airport,BKK,15/08/2024 19:40,Kuala Lumpur International Airport,KUL,15/08/2024 22:50,130,Malaysia Airlines,Economy,1075,800,TRUE,560,Y,Y,Y,1,7,1,23
Suvarnabhumi Airport,BKK,15/08/2024 16:40,Kuala Lumpur International Airport,KUL,15/08/2024 19:50,130,THAI,Economy,360,85,N/A,749,Y,Y,Y,1,7,2,23
Suvarnabhumi Airport,BKK,16/08/2024 13:30,Ninoy Aquino International Airport,MNL,16/08/2024 17:55,205,Philippine Airlines,Economy,550,220,N/A,309,Y,Y,Y,1,7,1,30
Suvarnabhumi Airport,BKK,16/08/2024 6:00,Kuala Lumpur International Airport,KUL,16/08/2024 9:10,130,Malaysia Airlines,Economy,455,180,N/A,558,Y,Y,Y,1,7,1,23
Suvarnabhumi Airport,BKK,16/08/2024 16:40,Kuala Lumpur International Airport,KUL,16/08/2024 19:50,130,THAI,Economy,360,85,N/A,749,Y,Y,Y,1,7,2,23
Suvarnabhumi Airport,BKK,16/08/2024 19:15,Singapore Changi Airport,SIN,16/08/2024 22:30,135,THAI,Economy,1545,1280,TRUE,397,Y,Y,Y,1,7,2,23
Suvarnabhumi Airport,BKK,16/08/2024 23:10,Singapore Changi Airport,SIN,17/08/2024 2:40,150,Scoot,Economy,660,380,TRUE,885,Y,N,N,1,7,0,0
Suvarnabhumi Airport,BKK,17/08/2024 11:15,Ninoy Aquino International Airport,MNL,17/08/2024 15:55,220,Cebu Pacific,Economy,640,270,N/A,169,Y,N,N,1,7,0,0
Suvarnabhumi Airport,BKK,17/08/2024 13:50,Singapore Changi Airport,SIN,17/08/2024 17:05,135,THAI,Economy,430,165,N/A,397,Y,Y,Y,1,7,2,23
Suvarnabhumi Airport,BKK,17/08/2024 13:30,Brunei International Airport,BWN,17/08/2024 17:15,165,Royal Brunei,Economy,165,N/A,N/A,517,Y,Y,Y,1,7,1,20
Suvarnabhumi Airport,BKK,17/08/2024 4:00,Ninoy Aquino International Airport,MNL,17/08/2024 8:35,215,Cebu Pacific,Economy,1075,710,N/A,159,Y,N,N,1,7,0,0
Suvarnabhumi Airport,BKK,17/08/2024 19:15,Singapore Changi Airport,SIN,17/08/2024 22:30,135,THAI,Economy,1645,1380,TRUE,397,Y,Y,Y,1,7,2,23
Suvarnabhumi Airport,BKK,18/08/2024 21:00,Brunei International Airport,BWN,19/08/2024 0:45,165,Royal Brunei,Economy,165,N/A,N/A,351,Y,Y,Y,1,7,1,20
Suvarnabhumi Airport,BKK,18/08/2024 13:50,Singapore Changi Airport,SIN,18/08/2024 17:05,135,THAI,Economy,530,265,N/A,408,Y,Y,Y,1,7,2,23
Suvarnabhumi Airport,BKK,18/08/2024 22:50,Ninoy Aquino International Airport,MNL,19/08/2024 3:15,205,Philippine Airlines,Economy,1430,1100,TRUE,309,Y,Y,Y,1,7,1,30
Suvarnabhumi Airport,BKK,18/08/2024 11:15,Singapore Changi Airport,SIN,18/08/2024 14:30,135,THAI,Economy,685,420,N/A,397,Y,Y,Y,1,7,2,23
Suvarnabhumi Airport,BKK,18/08/2024 21:15,Singapore Changi Airport,SIN,19/08/2024 0:35,140,Singapore Airlines,Economy,775,505,TRUE,575,Y,Y,Y,1,7,1,23
Suvarnabhumi Airport,BKK,18/08/2024 16:40,Kuala Lumpur International Airport,KUL,18/08/2024 19:50,130,THAI,Economy,360,85,N/A,749,Y,Y,Y,1,7,2,23
Suvarnabhumi Airport,BKK,19/08/2024 13:30,Ninoy Aquino International Airport,MNL,19/08/2024 17:55,205,Philippine Airlines,Economy,550,220,N/A,309,Y,Y,Y,1,7,1,30
Suvarnabhumi Airport,BKK,19/08/2024 21:15,Singapore Changi Airport,SIN,20/08/2024 0:35,140,Singapore Airlines,Economy,775,505,TRUE,348,Y,Y,Y,1,7,1,23
Suvarnabhumi Airport,BKK,19/08/2024 19:15,Singapore Changi Airport,SIN,19/08/2024 22:30,135,THAI,Economy,1085,820,TRUE,397,Y,Y,Y,1,7,2,23
Suvarnabhumi Airport,BKK,19/08/2024 9:05,Singapore Changi Airport,SIN,19/08/2024 12:20,135,Scoot,Economy,1505,1240,TRUE,412,Y,N,N,1,7,0,0
Suvarnabhumi Airport,BKK,19/08/2024 17:55,Singapore Changi Airport,SIN,19/08/2024 21:05,130,Scoot,Economy,975,715,TRUE,456,Y,N,N,1,7,0,0
Suvarnabhumi Airport,BKK,20/08/2024 11:15,Ninoy Aquino International Airport,MNL,20/08/2024 15:55,220,Cebu Pacific,Economy,640,270,N/A,206,Y,N,N,1,7,0,0
Suvarnabhumi Airport,BKK,20/08/2024 13:30,Brunei International Airport,BWN,20/08/2024 17:15,165,Royal Brunei,Economy,165,N/A,N/A,302,Y,Y,Y,1,7,1,20
Suvarnabhumi Airport,BKK,20/08/2024 13:50,Singapore Changi Airport,SIN,20/08/2024 17:05,135,THAI,Economy,525,260,N/A,397,Y,Y,Y,1,7,2,23
Suvarnabhumi Airport,BKK,20/08/2024 4:00,Ninoy Aquino International Airport,MNL,20/08/2024 8:35,215,Cebu Pacific,Economy,1075,710,N/A,174,Y,N,N,1,7,0,0
Suvarnabhumi Airport,BKK,20/08/2024 21:15,Singapore Changi Airport,SIN,21/08/2024 0:35,140,Singapore Airlines,Economy,1005,730,TRUE,301,Y,Y,Y,1,7,1,23
Suvarnabhumi Airport,BKK,20/08/2024 19:15,Singapore Changi Airport,SIN,20/08/2024 22:30,135,THAI,Economy,1085,820,TRUE,397,Y,Y,Y,1,7,2,23
Suvarnabhumi Airport,BKK,20/08/2024 15:40,Singapore Changi Airport,SIN,20/08/2024 19:00,140,Scoot,Economy,1340,1065,TRUE,412,Y,N,N,1,7,0,0
Suvarnabhumi Airport,BKK,20/08/2024 17:55,Singapore Changi Airport,SIN,20/08/2024 21:05,130,Scoot,Economy,1205,940,TRUE,456,Y,N,N,1,7,0,0
Suvarnabhumi Airport,BKK,21/08/2024 21:00,Brunei International Airport,BWN,22/08/2024 0:45,165,Royal Brunei,Economy,165,N/A,N/A,246,Y,Y,Y,1,7,1,20
Suvarnabhumi Airport,BKK,21/08/2024 22:50,Ninoy Aquino International Airport,MNL,22/08/2024 3:15,205,Philippine Airlines,Economy,1430,1100,TRUE,309,Y,Y,Y,1,7,1,30
Suvarnabhumi Airport,BKK,21/08/2024 21:15,Singapore Changi Airport,SIN,22/08/2024 0:35,140,Singapore Airlines,Economy,775,505,TRUE,348,Y,Y,Y,1,7,1,23
Suvarnabhumi Airport,BKK,21/08/2024 14:15,Kuala Lumpur International Airport,KUL,21/08/2024 17:30,135,Malaysia Airlines,Economy,505,225,N/A,1257,Y,Y,Y,1,7,1,23
Suvarnabhumi Airport,BKK,22/08/2024 4:00,Ninoy Aquino International Airport,MNL,22/08/2024 8:35,215,Cebu Pacific,Economy,1075,710,N/A,159,Y,N,N,1,7,0,0
Suvarnabhumi Airport,BKK,22/08/2024 11:15,Ninoy Aquino International Airport,MNL,22/08/2024 15:55,220,Cebu Pacific,Economy,640,270,N/A,169,Y,N,N,1,7,0,0
Suvarnabhumi Airport,BKK,22/08/2024 13:30,Ninoy Aquino International Airport,MNL,22/08/2024 17:55,205,Philippine Airlines,Economy,550,220,N/A,306,Y,Y,Y,1,7,1,30
Suvarnabhumi Airport,BKK,22/08/2024 21:15,Singapore Changi Airport,SIN,23/08/2024 0:35,140,Singapore Airlines,Economy,1005,730,TRUE,348,Y,Y,Y,1,7,1,23
Suvarnabhumi Airport,BKK,22/08/2024 18:45,Singapore Changi Airport,SIN,22/08/2024 22:40,175,Scoot,Economy,1155,845,TRUE,377,Y,N,N,1,7,0,0
Suvarnabhumi Airport,BKK,22/08/2024 13:50,Singapore Changi Airport,SIN,22/08/2024 17:05,135,THAI,Economy,530,265,N/A,397,Y,Y,Y,1,7,2,23
Suvarnabhumi Airport,BKK,22/08/2024 19:40,Kuala Lumpur International Airport,KUL,22/08/2024 22:50,130,Malaysia Airlines,Economy,1620,1345,TRUE,507,Y,Y,Y,1,7,1,23
Suvarnabhumi Airport,BKK,22/08/2024 6:00,Kuala Lumpur International Airport,KUL,22/08/2024 9:10,130,Malaysia Airlines,Economy,455,180,N/A,523,Y,Y,Y,1,7,1,23
Suvarnabhumi Airport,BKK,22/08/2024 16:40,Kuala Lumpur International Airport,KUL,22/08/2024 19:50,130,THAI,Economy,360,85,N/A,523,Y,Y,Y,1,7,2,23
Suvarnabhumi Airport,BKK,23/08/2024 13:30,Ninoy Aquino International Airport,MNL,23/08/2024 17:55,205,Philippine Airlines,Economy,550,220,N/A,309,Y,Y,Y,1,7,1,30
Suvarnabhumi Airport,BKK,23/08/2024 21:15,Singapore Changi Airport,SIN,24/08/2024 0:35,140,Singapore Airlines,Economy,775,505,TRUE,456,Y,Y,Y,1,7,1,23
Suvarnabhumi Airport,BKK,23/08/2024 23:10,Singapore Changi Airport,SIN,24/08/2024 2:40,150,Scoot,Economy,660,380,TRUE,456,Y,N,N,1,7,0,0
Suvarnabhumi Airport,BKK,23/08/2024 6:00,Kuala Lumpur International Airport,KUL,23/08/2024 9:10,130,Malaysia Airlines,Economy,455,180,N/A,523,Y,Y,Y,1,7,1,23
Suvarnabhumi Airport,BKK,23/08/2024 16:40,Kuala Lumpur International Airport,KUL,23/08/2024 19:50,130,THAI,Economy,360,85,N/A,523,Y,Y,Y,1,7,2,23
Suvarnabhumi Airport,BKK,23/08/2024 14:25,Kuala Lumpur International Airport,KUL,23/08/2024 17:40,135,Malaysia Airlines,Economy,495,215,N/A,523,Y,Y,Y,1,7,1,23
Suvarnabhumi Airport,BKK,23/08/2024 16:40,Kuala Lumpur International Airport,KUL,23/08/2024 19:50,130,THAI,Economy,1255,980,TRUE,752,Y,Y,Y,1,7,2,23
Suvarnabhumi Airport,BKK,24/08/2024 11:15,Ninoy Aquino International Airport,MNL,24/08/2024 15:55,220,Cebu Pacific,Economy,640,270,N/A,179,Y,N,N,1,7,0,0
Suvarnabhumi Airport,BKK,24/08/2024 13:30,Brunei International Airport,BWN,24/08/2024 17:15,165,Royal Brunei,Economy,165,N/A,N/A,351,Y,Y,Y,1,7,1,20
Suvarnabhumi Airport,BKK,24/08/2024 13:50,Singapore Changi Airport,SIN,24/08/2024 17:05,135,THAI,Economy,525,260,N/A,397,Y,Y,Y,1,7,2,23
Suvarnabhumi Airport,BKK,24/08/2024 4:00,Ninoy Aquino International Airport,MNL,24/08/2024 8:35,215,Cebu Pacific,Economy,1075,710,N/A,159,Y,N,N,1,7,0,0
Suvarnabhumi Airport,BKK,24/08/2024 21:15,Singapore Changi Airport,SIN,25/08/2024 0:35,140,Singapore Airlines,Economy,1005,730,TRUE,323,Y,Y,Y,1,7,1,23
Suvarnabhumi Airport,BKK,24/08/2024 15:40,Singapore Changi Airport,SIN,24/08/2024 19:00,140,Scoot,Economy,1340,1065,TRUE,412,Y,N,N,1,7,0,0
Suvarnabhumi Airport,BKK,24/08/2024 19:40,Kuala Lumpur International Airport,KUL,24/08/2024 22:50,130,Malaysia Airlines,Economy,1075,800,TRUE,525,Y,Y,Y,1,7,1,23
Suvarnabhumi Airport,BKK,25/08/2024 21:00,Brunei International Airport,BWN,26/08/2024 0:45,165,Royal Brunei,Economy,165,N/A,N/A,246,Y,Y,Y,1,7,1,20
Suvarnabhumi Airport,BKK,25/08/2024 13:50,Singapore Changi Airport,SIN,25/08/2024 17:05,135,THAI,Economy,530,265,N/A,408,Y,Y,Y,1,7,2,23
Suvarnabhumi Airport,BKK,25/08/2024 12:15,Singapore Changi Airport,SIN,25/08/2024 15:40,145,Singapore Airlines,Economy,1315,1040,TRUE,301,Y,Y,Y,1,7,1,23
Suvarnabhumi Airport,BKK,25/08/2024 22:50,Ninoy Aquino International Airport,MNL,26/08/2024 3:15,205,Philippine Airlines,Economy,1430,1100,TRUE,322,Y,Y,Y,1,7,1,30
Suvarnabhumi Airport,BKK,25/08/2024 21:15,Singapore Changi Airport,SIN,26/08/2024 0:35,140,Singapore Airlines,Economy,775,505,TRUE,323,Y,Y,Y,1,7,1,23
Suvarnabhumi Airport,BKK,25/08/2024 11:15,Singapore Changi Airport,SIN,25/08/2024 14:30,135,THAI,Economy,685,420,N/A,397,Y,Y,Y,1,7,2,23
Suvarnabhumi Airport,BKK,25/08/2024 6:00,Kuala Lumpur International Airport,KUL,25/08/2024 9:10,130,Malaysia Airlines,Economy,455,180,N/A,523,Y,Y,Y,1,7,1,23
Suvarnabhumi Airport,BKK,25/08/2024 14:25,Kuala Lumpur International Airport,KUL,25/08/2024 17:40,135,Malaysia Airlines,Economy,495,215,N/A,558,Y,Y,Y,1,7,1,23
Suvarnabhumi Airport,BKK,25/08/2024 16:40,Kuala Lumpur International Airport,KUL,25/08/2024 19:50,130,THAI,Economy,360,85,N/A,558,Y,Y,Y,1,7,2,23
Suvarnabhumi Airport,BKK,26/08/2024 21:15,Singapore Changi Airport,SIN,27/08/2024 0:35,140,Singapore Airlines,Economy,775,505,TRUE,301,Y,Y,Y,1,7,1,23
Suvarnabhumi Airport,BKK,26/08/2024 13:30,Ninoy Aquino International Airport,MNL,26/08/2024 17:55,205,Philippine Airlines,Economy,550,220,N/A,336,Y,Y,Y,1,7,1,30
Suvarnabhumi Airport,BKK,26/08/2024 19:15,Singapore Changi Airport,SIN,26/08/2024 22:30,135,THAI,Economy,1085,820,TRUE,397,Y,Y,Y,1,7,2,23
Suvarnabhumi Airport,BKK,26/08/2024 17:55,Singapore Changi Airport,SIN,26/08/2024 21:05,130,Scoot,Economy,975,715,TRUE,456,Y,N,N,1,7,0,0
Suvarnabhumi Airport,BKK,26/08/2024 6:00,Kuala Lumpur International Airport,KUL,26/08/2024 9:10,130,Malaysia Airlines,Economy,455,180,N/A,558,Y,Y,Y,1,7,1,23
Suvarnabhumi Airport,BKK,26/08/2024 19:40,Kuala Lumpur International Airport,KUL,26/08/2024 22:50,130,Malaysia Airlines,Economy,1620,1345,TRUE,560,Y,Y,Y,1,7,1,23
Suvarnabhumi Airport,BKK,27/08/2024 11:15,Ninoy Aquino International Airport,MNL,27/08/2024 15:55,220,Cebu Pacific,Economy,640,270,N/A,187,Y,N,N,1,7,0,0
Suvarnabhumi Airport,BKK,27/08/2024 13:30,Brunei International Airport,BWN,27/08/2024 17:15,165,Royal Brunei,Economy,165,N/A,N/A,246,Y,Y,Y,1,7,1,20
Suvarnabhumi Airport,BKK,27/08/2024 13:50,Singapore Changi Airport,SIN,27/08/2024 17:05,135,THAI,Economy,525,260,N/A,397,Y,Y,Y,1,7,2,23
Suvarnabhumi Airport,BKK,27/08/2024 21:15,Singapore Changi Airport,SIN,28/08/2024 0:35,140,Singapore Airlines,Economy,1005,730,TRUE,301,Y,Y,Y,1,7,1,23
Suvarnabhumi Airport,BKK,27/08/2024 19:15,Singapore Changi Airport,SIN,27/08/2024 22:30,135,THAI,Economy,1085,820,TRUE,397,Y,Y,Y,1,7,2,23
Suvarnabhumi Airport,BKK,27/08/2024 20:25,Singapore Changi Airport,SIN,27/08/2024 23:45,140,Scoot,Economy,1055,780,TRUE,456,Y,N,N,1,7,0,0
Suvarnabhumi Airport,BKK,27/08/2024 14:15,Kuala Lumpur International Airport,KUL,27/08/2024 17:30,135,Malaysia Airlines,Economy,505,225,N/A,558,Y,Y,Y,1,7,1,23
Suvarnabhumi Airport,BKK,27/08/2024 16:40,Kuala Lumpur International Airport,KUL,27/08/2024 19:50,130,THAI,Economy,360,85,N/A,558,Y,Y,Y,1,7,2,23
Suvarnabhumi Airport,BKK,28/08/2024 21:00,Brunei International Airport,BWN,29/08/2024 0:45,165,Royal Brunei,Economy,165,N/A,N/A,246,Y,Y,Y,1,7,1,20
Suvarnabhumi Airport,BKK,28/08/2024 21:15,Singapore Changi Airport,SIN,29/08/2024 0:35,140,Singapore Airlines,Economy,775,505,TRUE,301,Y,Y,Y,1,7,1,23
Suvarnabhumi Airport,BKK,28/08/2024 22:50,Ninoy Aquino International Airport,MNL,29/08/2024 3:15,205,Philippine Airlines,Economy,1430,1100,TRUE,306,Y,Y,Y,1,7,1,30
Suvarnabhumi Airport,BKK,28/08/2024 14:15,Kuala Lumpur International Airport,KUL,28/08/2024 17:30,135,Malaysia Airlines,Economy,505,225,N/A,558,Y,Y,Y,1,7,1,23
Suvarnabhumi Airport,BKK,28/08/2024 16:40,Kuala Lumpur International Airport,KUL,28/08/2024 19:50,130,THAI,Economy,360,85,N/A,558,Y,Y,Y,1,7,2,23
Suvarnabhumi Airport,BKK,29/08/2024 4:00,Ninoy Aquino International Airport,MNL,29/08/2024 8:35,215,Cebu Pacific,Economy,1075,710,N/A,138,Y,N,N,1,7,0,0
Suvarnabhumi Airport,BKK,29/08/2024 11:15,Ninoy Aquino International Airport,MNL,29/08/2024 15:55,220,Cebu Pacific,Economy,640,270,N/A,151,Y,N,N,1,7,0,0
Suvarnabhumi Airport,BKK,29/08/2024 21:15,Singapore Changi Airport,SIN,30/08/2024 0:35,140,Singapore Airlines,Economy,1005,730,TRUE,301,Y,Y,Y,1,7,1,23
Suvarnabhumi Airport,BKK,29/08/2024 13:30,Ninoy Aquino International Airport,MNL,29/08/2024 17:55,205,Philippine Airlines,Economy,550,220,N/A,306,Y,Y,Y,1,7,1,30
Suvarnabhumi Airport,BKK,29/08/2024 9:05,Kuala Lumpur International Airport,KUL,29/08/2024 12:15,130,THAI,Economy,815,540,N/A,387,Y,Y,Y,1,7,2,23
Suvarnabhumi Airport,BKK,29/08/2024 13:50,Singapore Changi Airport,SIN,29/08/2024 17:05,135,THAI,Economy,530,265,N/A,397,Y,Y,Y,1,7,2,23
Suvarnabhumi Airport,BKK,29/08/2024 14:15,Kuala Lumpur International Airport,KUL,29/08/2024 17:30,135,Malaysia Airlines,Economy,505,225,N/A,488,Y,Y,Y,1,7,1,23
Suvarnabhumi Airport,BKK,29/08/2024 16:40,Kuala Lumpur International Airport,KUL,29/08/2024 19:50,130,THAI,Economy,360,85,N/A,488,Y,Y,Y,1,7,2,23
Suvarnabhumi Airport,BKK,29/08/2024 6:00,Kuala Lumpur International Airport,KUL,29/08/2024 9:10,130,Malaysia Airlines,Economy,455,180,N/A,505,Y,Y,Y,1,7,1,23
Suvarnabhumi Airport,BKK,30/08/2024 13:30,Ninoy Aquino International Airport,MNL,30/08/2024 17:55,205,Philippine Airlines,Economy,550,220,N/A,309,Y,Y,Y,1,7,1,30
Suvarnabhumi Airport,BKK,30/08/2024 13:50,Singapore Changi Airport,SIN,30/08/2024 17:05,135,THAI,Economy,525,260,N/A,397,Y,Y,Y,1,7,2,23
Suvarnabhumi Airport,BKK,30/08/2024 21:15,Singapore Changi Airport,SIN,31/08/2024 0:35,140,Singapore Airlines,Economy,775,505,TRUE,456,Y,Y,Y,1,7,1,23
Suvarnabhumi Airport,BKK,30/08/2024 6:00,Kuala Lumpur International Airport,KUL,30/08/2024 9:10,130,Malaysia Airlines,Economy,455,180,N/A,488,Y,Y,Y,1,7,1,23
Suvarnabhumi Airport,BKK,30/08/2024 17:45,Singapore Changi Airport,SIN,30/08/2024 21:05,140,Scoot,Economy,985,715,TRUE,456,Y,N,N,1,7,0,0
Suvarnabhumi Airport,BKK,30/08/2024 19:40,Kuala Lumpur International Airport,KUL,30/08/2024 22:50,130,Malaysia Airlines,Economy,1075,800,TRUE,507,Y,Y,Y,1,7,1,23
Suvarnabhumi Airport,BKK,30/08/2024 14:25,Kuala Lumpur International Airport,KUL,30/08/2024 17:40,135,Malaysia Airlines,Economy,495,215,N/A,558,Y,Y,Y,1,7,1,23
Suvarnabhumi Airport,BKK,30/08/2024 16:40,Kuala Lumpur International Airport,KUL,30/08/2024 19:50,130,THAI,Economy,360,85,N/A,558,Y,Y,Y,1,7,2,23
Suvarnabhumi Airport,BKK,31/08/2024 11:15,Ninoy Aquino International Airport,MNL,31/08/2024 15:55,220,Cebu Pacific,Economy,640,270,N/A,170,Y,N,N,1,7,0,0
Suvarnabhumi Airport,BKK,31/08/2024 13:30,Brunei International Airport,BWN,31/08/2024 17:15,165,Royal Brunei,Economy,165,N/A,N/A,246,Y,Y,Y,1,7,1,20
Suvarnabhumi Airport,BKK,31/08/2024 6:00,Kuala Lumpur International Airport,KUL,31/08/2024 9:10,130,Malaysia Airlines,Economy,455,180,N/A,505,Y,Y,Y,1,7,1,23
Suvarnabhumi Airport,BKK,31/08/2024 4:00,Ninoy Aquino International Airport,MNL,31/08/2024 8:35,215,Cebu Pacific,Economy,1075,710,N/A,159,Y,N,N,1,7,0,0
Suvarnabhumi Airport,BKK,31/08/2024 21:15,Singapore Changi Airport,SIN,01/09/2024 0:35,140,Singapore Airlines,Economy,1005,730,TRUE,301,Y,Y,Y,1,7,1,23
Suvarnabhumi Airport,BKK,31/08/2024 19:15,Singapore Changi Airport,SIN,31/08/2024 22:30,135,THAI,Economy,1085,820,TRUE,397,Y,Y,Y,1,7,2,23
Suvarnabhumi Airport,BKK,31/08/2024 15:40,Singapore Changi Airport,SIN,31/08/2024 19:00,140,Scoot,Economy,1340,1065,TRUE,456,Y,N,N,1,7,0,0
Suvarnabhumi Airport,BKK,31/08/2024 19:40,Kuala Lumpur International Airport,KUL,31/08/2024 22:50,130,Malaysia Airlines,Economy,1075,800,TRUE,507,Y,Y,Y,1,7,1,23