Departure Airport Name,Departure Airport ID,Departure Time,Arrival Airport Name,Arrival Airport ID,Arrival Time,Duration,Airline,Travel Class,Total Duration,Layover 1 Duration,Layover 1 Overnight,Price, Cabin Baggage, Checked Baggage,Meal Included,Cabin Baggage (Number),Cabin Baggage (kg per piece),Checked Baggage (Number),Checked Baggage (kg per piece) 
Singapore Changi Airport,SIN,01/07/2024 12:10,Brunei International Airport,BWN,01/07/2024 14:20,130,Royal Brunei,Business Class,130,N/A,N/A,946,Y,Y,Y,1,12,2,40
Singapore Changi Airport,SIN,01/07/2024 9:00,Brunei International Airport,BWN,01/07/2024 11:10,130,Singapore Airlines,Business Class,130,N/A,N/A,1146,Y,Y,Y,1,7,1,25
Singapore Changi Airport,SIN,01/07/2024 21:15,Kuala Lumpur International Airport,KUL,01/07/2024 22:15,60,Malaysia Airlines,Business Class,1585,1380,TRUE,1251,Y,Y,Y,1,8,2,23
Singapore Changi Airport,SIN,01/07/2024 14:30,Ninoy Aquino International Airport,MNL,01/07/2024 18:25,235,Philippine Airlines,Business Class,550,190,N/A,1289,Y,Y,Y,1,7,2,32
Singapore Changi Airport,SIN,01/07/2024 9:55,Kuala Lumpur International Airport,KUL,01/07/2024 11:10,75,Malaysia Airlines,Business Class,280,60,N/A,1410,Y,Y,Y,1,8,2,23
Singapore Changi Airport,SIN,01/07/2024 16:25,Kuala Lumpur International Airport,KUL,01/07/2024 17:40,75,Singapore Airlines,Business Class,1875,1655,TRUE,1457,Y,Y,Y,1,7,1,25
Singapore Changi Airport,SIN,02/07/2024 21:25,Brunei International Airport,BWN,02/07/2024 23:35,130,Royal Brunei,Business Class,130,N/A,N/A,946,Y,Y,Y,1,12,2,40
Singapore Changi Airport,SIN,02/07/2024 12:10,Brunei International Airport,BWN,02/07/2024 14:20,130,Royal Brunei,Business Class,130,N/A,N/A,1123,Y,Y,Y,1,12,2,40
Singapore Changi Airport,SIN,02/07/2024 9:00,Brunei International Airport,BWN,02/07/2024 11:10,130,Singapore Airlines,Business Class,130,N/A,N/A,1237,Y,Y,Y,1,7,1,25
Singapore Changi Airport,SIN,02/07/2024 18:15,Kuala Lumpur International Airport,KUL,02/07/2024 19:20,65,Malaysia Airlines,Business Class,325,115,N/A,1240,Y,Y,Y,1,8,2,23
Singapore Changi Airport,SIN,03/07/2024 12:10,Brunei International Airport,BWN,03/07/2024 14:20,130,Royal Brunei,Business Class,130,N/A,N/A,1123,Y,Y,Y,1,12,2,40
Singapore Changi Airport,SIN,03/07/2024 12:45,Brunei International Airport,BWN,03/07/2024 15:00,135,Singapore Airlines,Business Class,135,N/A,N/A,1326,Y,Y,Y,1,7,1,25
Singapore Changi Airport,SIN,03/07/2024 19:50,Ninoy Aquino International Airport,MNL,03/07/2024 23:45,235,Philippine Airlines,Business Class,1670,1310,TRUE,1164,Y,Y,Y,1,7,2,32
Singapore Changi Airport,SIN,03/07/2024 21:15,Kuala Lumpur International Airport,KUL,03/07/2024 22:15,60,Malaysia Airlines,Business Class,1040,835,TRUE,1251,Y,Y,Y,1,8,2,23
Singapore Changi Airport,SIN,03/07/2024 18:15,Kuala Lumpur International Airport,KUL,03/07/2024 19:25,70,Malaysia Airlines,Business Class,325,110,N/A,1410,Y,Y,Y,1,8,2,23
Singapore Changi Airport,SIN,03/07/2024 18:30,Kuala Lumpur International Airport,KUL,03/07/2024 19:45,75,Singapore Airlines,Business Class,1205,985,TRUE,1450,Y,Y,Y,1,7,1,25
Singapore Changi Airport,SIN,03/07/2024 18:30,Kuala Lumpur International Airport,KUL,03/07/2024 19:45,75,Singapore Airlines,Business Class,310,90,N/A,1610,Y,Y,Y,1,7,1,25
Singapore Changi Airport,SIN,04/07/2024 21:30,Brunei International Airport,BWN,04/07/2024 23:40,130,Royal Brunei,Business Class,130,N/A,N/A,946,Y,Y,Y,1,12,2,40
Singapore Changi Airport,SIN,04/07/2024 9:00,Brunei International Airport,BWN,04/07/2024 11:10,130,Singapore Airlines,Business Class,130,N/A,N/A,1055,Y,Y,Y,1,7,1,25
Singapore Changi Airport,SIN,04/07/2024 14:30,Ninoy Aquino International Airport,MNL,04/07/2024 18:25,235,Philippine Airlines,Business Class,550,190,N/A,1164,Y,Y,Y,1,7,2,32
Singapore Changi Airport,SIN,04/07/2024 9:55,Kuala Lumpur International Airport,KUL,04/07/2024 11:10,75,Malaysia Airlines,Business Class,280,60,N/A,1240,Y,Y,Y,1,8,2,23
Singapore Changi Airport,SIN,04/07/2024 21:55,Brunei International Airport,BWN,04/07/2024 23:59,124,Royal Brunei,Business Class,124,N/A,N/A,1385,Y,Y,Y,1,12,2,40
Singapore Changi Airport,SIN,04/07/2024 9:10,Kuala Lumpur International Airport,KUL,04/07/2024 10:10,60,Singapore Airlines,Business Class,325,120,N/A,1610,Y,Y,Y,1,7,1,25
Singapore Changi Airport,SIN,05/07/2024 12:10,Brunei International Airport,BWN,05/07/2024 14:20,130,Royal Brunei,Business Class,130,N/A,N/A,946,Y,Y,Y,1,12,2,40
Singapore Changi Airport,SIN,05/07/2024 21:25,Brunei International Airport,BWN,05/07/2024 23:35,130,Royal Brunei,Business Class,130,N/A,N/A,946,Y,Y,Y,1,12,2,40
Singapore Changi Airport,SIN,05/07/2024 12:45,Brunei International Airport,BWN,05/07/2024 15:00,135,Singapore Airlines,Business Class,135,N/A,N/A,1237,Y,Y,Y,1,7,1,25
Singapore Changi Airport,SIN,05/07/2024 14:30,Ninoy Aquino International Airport,MNL,05/07/2024 18:25,235,Philippine Airlines,Business Class,550,190,N/A,1164,Y,Y,Y,1,7,2,32
Singapore Changi Airport,SIN,05/07/2024 9:55,Kuala Lumpur International Airport,KUL,05/07/2024 11:10,75,Malaysia Airlines,Business Class,280,60,N/A,1240,Y,Y,Y,1,8,2,23
Singapore Changi Airport,SIN,06/07/2024 21:25,Brunei International Airport,BWN,06/07/2024 23:35,130,Royal Brunei,Business Class,130,N/A,N/A,946,Y,Y,Y,1,12,2,40
Singapore Changi Airport,SIN,06/07/2024 9:55,Kuala Lumpur International Airport,KUL,06/07/2024 11:10,75,Malaysia Airlines,Business Class,280,60,N/A,1240,Y,Y,Y,1,8,2,23
Singapore Changi Airport,SIN,06/07/2024 7:05,Kuala Lumpur International Airport,KUL,06/07/2024 8:05,60,Singapore Airlines,Business Class,450,245,N/A,1439,Y,Y,Y,1,7,1,25
Singapore Changi Airport,SIN,07/07/2024 12:10,Brunei International Airport,BWN,07/07/2024 14:20,130,Royal Brunei,Business Class,130,N/A,N/A,946,Y,Y,Y,1,12,2,40
Singapore Changi Airport,SIN,07/07/2024 21:30,Brunei International Airport,BWN,07/07/2024 23:40,130,Royal Brunei,Business Class,130,N/A,N/A,946,Y,Y,Y,1,12,2,40
Singapore Changi Airport,SIN,07/07/2024 9:55,Kuala Lumpur International Airport,KUL,07/07/2024 11:10,75,Malaysia Airlines,Business Class,280,60,N/A,1240,Y,Y,Y,1,8,2,23
Singapore Changi Airport,SIN,08/07/2024 12:10,Brunei International Airport,BWN,08/07/2024 14:20,130,Royal Brunei,Business Class,130,N/A,N/A,946,Y,Y,Y,1,12,2,40
Singapore Changi Airport,SIN,08/07/2024 14:30,Ninoy Aquino International Airport,MNL,08/07/2024 18:25,235,Philippine Airlines,Business Class,550,190,N/A,1164,Y,Y,Y,1,7,2,32
Singapore Changi Airport,SIN,08/07/2024 9:00,Brunei International Airport,BWN,08/07/2024 11:10,130,Singapore Airlines,Business Class,130,N/A,N/A,1237,Y,Y,Y,1,7,1,25
Singapore Changi Airport,SIN,08/07/2024 9:10,Kuala Lumpur International Airport,KUL,08/07/2024 10:10,60,Singapore Airlines,Business Class,325,120,N/A,1610,Y,Y,Y,1,7,1,25
Singapore Changi Airport,SIN,09/07/2024 12:10,Brunei International Airport,BWN,09/07/2024 14:20,130,Royal Brunei,Business Class,130,N/A,N/A,946,Y,Y,Y,1,12,2,40
Singapore Changi Airport,SIN,09/07/2024 21:25,Brunei International Airport,BWN,09/07/2024 23:35,130,Royal Brunei,Business Class,130,N/A,N/A,946,Y,Y,Y,1,12,2,40
Singapore Changi Airport,SIN,09/07/2024 21:15,Kuala Lumpur International Airport,KUL,09/07/2024 22:15,60,Malaysia Airlines,Business Class,1585,1380,TRUE,1421,Y,Y,Y,1,8,2,23
Singapore Changi Airport,SIN,10/07/2024 12:10,Brunei International Airport,BWN,10/07/2024 14:20,130,Royal Brunei,Business Class,130,N/A,N/A,946,Y,Y,Y,1,12,2,40
Singapore Changi Airport,SIN,10/07/2024 12:45,Brunei International Airport,BWN,10/07/2024 15:00,135,Singapore Airlines,Business Class,135,N/A,N/A,967,Y,Y,Y,1,7,1,25
Singapore Changi Airport,SIN,10/07/2024 19:50,Ninoy Aquino International Airport,MNL,10/07/2024 23:45,235,Philippine Airlines,Business Class,1670,1310,TRUE,1164,Y,Y,Y,1,7,2,32
Singapore Changi Airport,SIN,10/07/2024 18:15,Kuala Lumpur International Airport,KUL,10/07/2024 19:25,70,Malaysia Airlines,Business Class,325,110,N/A,1410,Y,Y,Y,1,8,2,23
Singapore Changi Airport,SIN,10/07/2024 21:15,Kuala Lumpur International Airport,KUL,10/07/2024 22:15,60,Malaysia Airlines,Business Class,1040,835,TRUE,1421,Y,Y,Y,1,8,2,23
Singapore Changi Airport,SIN,10/07/2024 18:30,Kuala Lumpur International Airport,KUL,10/07/2024 19:45,75,Singapore Airlines,Business Class,310,90,N/A,1610,Y,Y,Y,1,7,1,25
Singapore Changi Airport,SIN,11/07/2024 21:30,Brunei International Airport,BWN,11/07/2024 23:40,130,Royal Brunei,Business Class,130,N/A,N/A,1123,Y,Y,Y,1,12,2,40
Singapore Changi Airport,SIN,11/07/2024 14:30,Ninoy Aquino International Airport,MNL,11/07/2024 18:25,235,Philippine Airlines,Business Class,550,190,N/A,1164,Y,Y,Y,1,7,2,32
Singapore Changi Airport,SIN,11/07/2024 9:00,Brunei International Airport,BWN,11/07/2024 11:10,130,Singapore Airlines,Business Class,130,N/A,N/A,1237,Y,Y,Y,1,7,1,25
Singapore Changi Airport,SIN,11/07/2024 9:55,Kuala Lumpur International Airport,KUL,11/07/2024 11:10,75,Malaysia Airlines,Business Class,280,60,N/A,1410,Y,Y,Y,1,8,2,23
Singapore Changi Airport,SIN,12/07/2024 12:10,Brunei International Airport,BWN,12/07/2024 14:20,130,Royal Brunei,Business Class,130,N/A,N/A,946,Y,Y,Y,1,12,2,40
Singapore Changi Airport,SIN,12/07/2024 21:25,Brunei International Airport,BWN,12/07/2024 23:35,130,Royal Brunei,Business Class,130,N/A,N/A,946,Y,Y,Y,1,12,2,40
Singapore Changi Airport,SIN,12/07/2024 12:45,Brunei International Airport,BWN,12/07/2024 15:00,135,Singapore Airlines,Business Class,135,N/A,N/A,967,Y,Y,Y,1,7,1,25
Singapore Changi Airport,SIN,12/07/2024 14:30,Ninoy Aquino International Airport,MNL,12/07/2024 18:25,235,Philippine Airlines,Business Class,550,190,N/A,1164,Y,Y,Y,1,7,2,32
Singapore Changi Airport,SIN,12/07/2024 9:55,Kuala Lumpur International Airport,KUL,12/07/2024 11:10,75,Malaysia Airlines,Business Class,280,60,N/A,1240,Y,Y,Y,1,8,2,23
Singapore Changi Airport,SIN,13/07/2024 21:25,Brunei International Airport,BWN,13/07/2024 23:35,130,Royal Brunei,Business Class,130,N/A,N/A,946,Y,Y,Y,1,12,2,40
Singapore Changi Airport,SIN,13/07/2024 9:00,Brunei International Airport,BWN,13/07/2024 11:10,130,Singapore Airlines,Business Class,130,N/A,N/A,1237,Y,Y,Y,1,7,1,25
Singapore Changi Airport,SIN,13/07/2024 21:15,Kuala Lumpur International Airport,KUL,13/07/2024 22:15,60,Malaysia Airlines,Business Class,1040,835,TRUE,1251,Y,Y,Y,1,8,2,23
Singapore Changi Airport,SIN,13/07/2024 9:55,Kuala Lumpur International Airport,KUL,13/07/2024 11:10,75,Malaysia Airlines,Business Class,280,60,N/A,1410,Y,Y,Y,1,8,2,23
Singapore Changi Airport,SIN,14/07/2024 12:10,Brunei International Airport,BWN,14/07/2024 14:20,130,Royal Brunei,Business Class,130,N/A,N/A,946,Y,Y,Y,1,12,2,40
Singapore Changi Airport,SIN,14/07/2024 21:30,Brunei International Airport,BWN,14/07/2024 23:40,130,Royal Brunei,Business Class,130,N/A,N/A,946,Y,Y,Y,1,12,2,40
Singapore Changi Airport,SIN,14/07/2024 12:45,Brunei International Airport,BWN,14/07/2024 15:00,135,Singapore Airlines,Business Class,135,N/A,N/A,1237,Y,Y,Y,1,7,1,25
Singapore Changi Airport,SIN,14/07/2024 9:55,Kuala Lumpur International Airport,KUL,14/07/2024 11:10,75,Malaysia Airlines,Business Class,280,60,N/A,1240,Y,Y,Y,1,8,2,23
Singapore Changi Airport,SIN,15/07/2024 9:00,Brunei International Airport,BWN,15/07/2024 11:10,130,Singapore Airlines,Business Class,130,N/A,N/A,1237,Y,Y,Y,1,7,1,25
Singapore Changi Airport,SIN,15/07/2024 12:10,Brunei International Airport,BWN,15/07/2024 14:20,130,Royal Brunei,Business Class,130,N/A,N/A,1293,Y,Y,Y,1,12,2,40
Singapore Changi Airport,SIN,15/07/2024 14:30,Ninoy Aquino International Airport,MNL,15/07/2024 18:25,235,Philippine Airlines,Business Class,550,190,N/A,1164,Y,Y,Y,1,7,2,32
Singapore Changi Airport,SIN,15/07/2024 21:15,Kuala Lumpur International Airport,KUL,15/07/2024 22:15,60,Malaysia Airlines,Business Class,1585,1380,TRUE,1251,Y,Y,Y,1,8,2,23
Singapore Changi Airport,SIN,15/07/2024 9:55,Kuala Lumpur International Airport,KUL,15/07/2024 11:10,75,Malaysia Airlines,Business Class,280,60,N/A,1410,Y,Y,Y,1,8,2,23
Singapore Changi Airport,SIN,15/07/2024 16:25,Kuala Lumpur International Airport,KUL,15/07/2024 17:40,75,Singapore Airlines,Business Class,1875,1655,TRUE,1457,Y,Y,Y,1,7,1,25
Singapore Changi Airport,SIN,16/07/2024 12:10,Brunei International Airport,BWN,16/07/2024 14:20,130,Royal Brunei,Business Class,130,N/A,N/A,946,Y,Y,Y,1,12,2,40
Singapore Changi Airport,SIN,16/07/2024 21:25,Brunei International Airport,BWN,16/07/2024 23:35,130,Royal Brunei,Business Class,130,N/A,N/A,946,Y,Y,Y,1,12,2,40
Singapore Changi Airport,SIN,16/07/2024 9:00,Brunei International Airport,BWN,16/07/2024 11:10,130,Singapore Airlines,Business Class,130,N/A,N/A,1237,Y,Y,Y,1,7,1,25
Singapore Changi Airport,SIN,16/07/2024 18:15,Kuala Lumpur International Airport,KUL,16/07/2024 19:25,70,Malaysia Airlines,Business Class,325,110,N/A,1240,Y,Y,Y,1,8,2,23
Singapore Changi Airport,SIN,16/07/2024 18:30,Kuala Lumpur International Airport,KUL,16/07/2024 19:45,75,Singapore Airlines,Business Class,310,90,N/A,1439,Y,Y,Y,1,7,1,25
Singapore Changi Airport,SIN,17/07/2024 12:45,Brunei International Airport,BWN,17/07/2024 15:00,135,Singapore Airlines,Business Class,135,N/A,N/A,1055,Y,Y,Y,1,7,1,25
Singapore Changi Airport,SIN,17/07/2024 12:10,Brunei International Airport,BWN,17/07/2024 14:20,130,Royal Brunei,Business Class,130,N/A,N/A,1293,Y,Y,Y,1,12,2,40
Singapore Changi Airport,SIN,17/07/2024 19:50,Ninoy Aquino International Airport,MNL,17/07/2024 23:45,235,Philippine Airlines,Business Class,1670,1310,TRUE,1164,Y,Y,Y,1,7,2,32
Singapore Changi Airport,SIN,17/07/2024 18:15,Kuala Lumpur International Airport,KUL,17/07/2024 19:25,70,Malaysia Airlines,Business Class,325,110,N/A,1240,Y,Y,Y,1,8,2,23
Singapore Changi Airport,SIN,17/07/2024 21:15,Kuala Lumpur International Airport,KUL,17/07/2024 22:15,60,Malaysia Airlines,Business Class,1040,835,TRUE,1251,Y,Y,Y,1,8,2,23
Singapore Changi Airport,SIN,17/07/2024 18:30,Kuala Lumpur International Airport,KUL,17/07/2024 19:45,75,Singapore Airlines,Business Class,310,90,N/A,1439,Y,Y,Y,1,7,1,25
Singapore Changi Airport,SIN,18/07/2024 21:30,Brunei International Airport,BWN,18/07/2024 23:40,130,Royal Brunei,Business Class,130,N/A,N/A,946,Y,Y,Y,1,12,2,40
Singapore Changi Airport,SIN,18/07/2024 9:00,Brunei International Airport,BWN,18/07/2024 11:10,130,Singapore Airlines,Business Class,130,N/A,N/A,1237,Y,Y,Y,1,7,1,25
Singapore Changi Airport,SIN,18/07/2024 14:30,Ninoy Aquino International Airport,MNL,18/07/2024 18:25,235,Philippine Airlines,Business Class,550,190,N/A,1164,Y,Y,Y,1,7,2,32
Singapore Changi Airport,SIN,18/07/2024 9:55,Kuala Lumpur International Airport,KUL,18/07/2024 11:10,75,Malaysia Airlines,Business Class,280,60,N/A,1240,Y,Y,Y,1,8,2,23
Singapore Changi Airport,SIN,18/07/2024 9:10,Kuala Lumpur International Airport,KUL,18/07/2024 10:10,60,Singapore Airlines,Business Class,325,120,N/A,1610,Y,Y,Y,1,7,1,25
Singapore Changi Airport,SIN,19/07/2024 12:10,Brunei International Airport,BWN,19/07/2024 14:20,130,Royal Brunei,Business Class,130,N/A,N/A,946,Y,Y,Y,1,12,2,40
Singapore Changi Airport,SIN,19/07/2024 21:25,Brunei International Airport,BWN,19/07/2024 23:35,130,Royal Brunei,Business Class,130,N/A,N/A,946,Y,Y,Y,1,12,2,40
Singapore Changi Airport,SIN,19/07/2024 12:45,Brunei International Airport,BWN,19/07/2024 15:00,135,Singapore Airlines,Business Class,135,N/A,N/A,1237,Y,Y,Y,1,7,1,25
Singapore Changi Airport,SIN,19/07/2024 14:30,Ninoy Aquino International Airport,MNL,19/07/2024 18:25,235,Philippine Airlines,Business Class,550,190,N/A,1164,Y,Y,Y,1,7,2,32
Singapore Changi Airport,SIN,19/07/2024 9:55,Kuala Lumpur International Airport,KUL,19/07/2024 11:10,75,Malaysia Airlines,Business Class,280,60,N/A,1240,Y,Y,Y,1,8,2,23
Singapore Changi Airport,SIN,20/07/2024 21:25,Brunei International Airport,BWN,20/07/2024 23:35,130,Royal Brunei,Business Class,130,N/A,N/A,946,Y,Y,Y,1,12,2,40
Singapore Changi Airport,SIN,20/07/2024 9:00,Brunei International Airport,BWN,20/07/2024 11:10,130,Singapore Airlines,Business Class,130,N/A,N/A,967,Y,Y,Y,1,7,1,25
Singapore Changi Airport,SIN,20/07/2024 9:55,Kuala Lumpur International Airport,KUL,20/07/2024 11:10,75,Malaysia Airlines,Business Class,280,60,N/A,1240,Y,Y,Y,1,8,2,23
Singapore Changi Airport,SIN,21/07/2024 12:10,Brunei International Airport,BWN,21/07/2024 14:20,130,Royal Brunei,Business Class,130,N/A,N/A,946,Y,Y,Y,1,12,2,40
Singapore Changi Airport,SIN,21/07/2024 21:30,Brunei International Airport,BWN,21/07/2024 23:40,130,Royal Brunei,Business Class,130,N/A,N/A,946,Y,Y,Y,1,12,2,40
Singapore Changi Airport,SIN,21/07/2024 9:55,Kuala Lumpur International Airport,KUL,21/07/2024 11:10,75,Malaysia Airlines,Business Class,280,60,N/A,1240,Y,Y,Y,1,8,2,23
Singapore Changi Airport,SIN,21/07/2024 12:45,Brunei International Airport,BWN,21/07/2024 15:00,135,Singapore Airlines,Business Class,135,N/A,N/A,1326,Y,Y,Y,1,7,1,25
Singapore Changi Airport,SIN,22/07/2024 12:10,Brunei International Airport,BWN,22/07/2024 14:20,130,Royal Brunei,Business Class,130,N/A,N/A,946,Y,Y,Y,1,12,2,40
Singapore Changi Airport,SIN,22/07/2024 9:00,Brunei International Airport,BWN,22/07/2024 11:10,130,Singapore Airlines,Business Class,130,N/A,N/A,1146,Y,Y,Y,1,7,1,25
Singapore Changi Airport,SIN,22/07/2024 14:30,Ninoy Aquino International Airport,MNL,22/07/2024 18:25,235,Philippine Airlines,Business Class,550,190,N/A,1164,Y,Y,Y,1,7,2,32
Singapore Changi Airport,SIN,22/07/2024 21:15,Kuala Lumpur International Airport,KUL,22/07/2024 22:15,60,Malaysia Airlines,Business Class,1585,1380,TRUE,1251,Y,Y,Y,1,8,2,23
Singapore Changi Airport,SIN,22/07/2024 9:55,Kuala Lumpur International Airport,KUL,22/07/2024 11:10,75,Malaysia Airlines,Business Class,280,60,N/A,1410,Y,Y,Y,1,8,2,23
Singapore Changi Airport,SIN,22/07/2024 18:30,Kuala Lumpur International Airport,KUL,22/07/2024 19:45,75,Singapore Airlines,Business Class,1750,1530,TRUE,1457,Y,Y,Y,1,7,1,25
Singapore Changi Airport,SIN,23/07/2024 12:10,Brunei International Airport,BWN,23/07/2024 14:20,130,Royal Brunei,Business Class,130,N/A,N/A,946,Y,Y,Y,1,12,2,40
Singapore Changi Airport,SIN,23/07/2024 21:25,Brunei International Airport,BWN,23/07/2024 23:35,130,Royal Brunei,Business Class,130,N/A,N/A,1123,Y,Y,Y,1,12,2,40
Singapore Changi Airport,SIN,23/07/2024 9:00,Brunei International Airport,BWN,23/07/2024 11:10,130,Singapore Airlines,Business Class,130,N/A,N/A,1326,Y,Y,Y,1,7,1,25
Singapore Changi Airport,SIN,23/07/2024 18:15,Kuala Lumpur International Airport,KUL,23/07/2024 19:25,70,Malaysia Airlines,Business Class,325,110,N/A,1240,Y,Y,Y,1,8,2,23
Singapore Changi Airport,SIN,23/07/2024 18:30,Kuala Lumpur International Airport,KUL,23/07/2024 19:45,75,Singapore Airlines,Business Class,310,90,N/A,1439,Y,Y,Y,1,7,1,25
Singapore Changi Airport,SIN,24/07/2024 12:10,Brunei International Airport,BWN,24/07/2024 14:20,130,Royal Brunei,Business Class,130,N/A,N/A,946,Y,Y,Y,1,12,2,40
Singapore Changi Airport,SIN,24/07/2024 12:45,Brunei International Airport,BWN,24/07/2024 15:00,135,Singapore Airlines,Business Class,135,N/A,N/A,1237,Y,Y,Y,1,7,1,25
Singapore Changi Airport,SIN,24/07/2024 19:50,Ninoy Aquino International Airport,MNL,24/07/2024 23:45,235,Philippine Airlines,Business Class,1670,1310,TRUE,1164,Y,Y,Y,1,7,2,32
Singapore Changi Airport,SIN,24/07/2024 18:15,Kuala Lumpur International Airport,KUL,24/07/2024 19:25,70,Malaysia Airlines,Business Class,325,110,N/A,1240,Y,Y,Y,1,8,2,23
Singapore Changi Airport,SIN,24/07/2024 21:15,Kuala Lumpur International Airport,KUL,24/07/2024 22:15,60,Malaysia Airlines,Business Class,1040,835,TRUE,1251,Y,Y,Y,1,8,2,23
Singapore Changi Airport,SIN,24/07/2024 14:50,Kuala Lumpur International Airport,KUL,24/07/2024 15:50,60,Singapore Airlines,Business Class,530,325,N/A,1610,Y,Y,Y,1,7,1,25
Singapore Changi Airport,SIN,24/07/2024 20:00,Kuala Lumpur International Airport,KUL,24/07/2024 20:55,55,Singapore Airlines,Business Class,1115,915,TRUE,1621,Y,Y,Y,1,7,1,25
Singapore Changi Airport,SIN,25/07/2024 9:00,Brunei International Airport,BWN,25/07/2024 11:10,130,Singapore Airlines,Business Class,130,N/A,N/A,967,Y,Y,Y,1,7,1,25
Singapore Changi Airport,SIN,25/07/2024 21:30,Brunei International Airport,BWN,25/07/2024 23:40,130,Royal Brunei,Business Class,130,N/A,N/A,1123,Y,Y,Y,1,12,2,40
Singapore Changi Airport,SIN,25/07/2024 14:30,Ninoy Aquino International Airport,MNL,25/07/2024 18:25,235,Philippine Airlines,Business Class,550,190,N/A,1164,Y,Y,Y,1,7,2,32
Singapore Changi Airport,SIN,25/07/2024 9:55,Kuala Lumpur International Airport,KUL,25/07/2024 11:10,75,Malaysia Airlines,Business Class,280,60,N/A,1240,Y,Y,Y,1,8,2,23
Singapore Changi Airport,SIN,26/07/2024 12:10,Brunei International Airport,BWN,26/07/2024 14:20,130,Royal Brunei,Business Class,130,N/A,N/A,946,Y,Y,Y,1,12,2,40
Singapore Changi Airport,SIN,26/07/2024 12:45,Brunei International Airport,BWN,26/07/2024 15:00,135,Singapore Airlines,Business Class,135,N/A,N/A,967,Y,Y,Y,1,7,1,25
Singapore Changi Airport,SIN,26/07/2024 14:30,Ninoy Aquino International Airport,MNL,26/07/2024 18:25,235,Philippine Airlines,Business Class,550,190,N/A,1164,Y,Y,Y,1,7,2,32
Singapore Changi Airport,SIN,26/07/2024 9:55,Kuala Lumpur International Airport,KUL,26/07/2024 11:10,75,Malaysia Airlines,Business Class,280,60,N/A,1240,Y,Y,Y,1,8,2,23
Singapore Changi Airport,SIN,26/07/2024 18:15,Kuala Lumpur International Airport,KUL,26/07/2024 19:25,70,Malaysia Airlines,Business Class,325,110,N/A,1240,Y,Y,Y,1,8,2,23
Singapore Changi Airport,SIN,26/07/2024 21:15,Kuala Lumpur International Airport,KUL,26/07/2024 22:15,60,Malaysia Airlines,Business Class,1040,835,TRUE,1251,Y,Y,Y,1,8,2,23
Singapore Changi Airport,SIN,26/07/2024 21:25,Brunei International Airport,BWN,26/07/2024 23:35,130,Royal Brunei,Business Class,130,N/A,N/A,1293,Y,Y,Y,1,12,2,40
Singapore Changi Airport,SIN,27/07/2024 21:25,Brunei International Airport,BWN,27/07/2024 23:35,130,Royal Brunei,Business Class,130,N/A,N/A,946,Y,Y,Y,1,12,2,40
Singapore Changi Airport,SIN,27/07/2024 9:00,Brunei International Airport,BWN,27/07/2024 11:10,130,Singapore Airlines,Business Class,130,N/A,N/A,1055,Y,Y,Y,1,7,1,25
Singapore Changi Airport,SIN,27/07/2024 9:55,Kuala Lumpur International Airport,KUL,27/07/2024 11:10,75,Malaysia Airlines,Business Class,280,60,N/A,1240,Y,Y,Y,1,8,2,23
Singapore Changi Airport,SIN,28/07/2024 12:10,Brunei International Airport,BWN,28/07/2024 14:20,130,Royal Brunei,Business Class,130,N/A,N/A,946,Y,Y,Y,1,12,2,40
Singapore Changi Airport,SIN,28/07/2024 21:30,Brunei International Airport,BWN,28/07/2024 23:40,130,Royal Brunei,Business Class,130,N/A,N/A,946,Y,Y,Y,1,12,2,40
Singapore Changi Airport,SIN,28/07/2024 12:45,Brunei International Airport,BWN,28/07/2024 15:00,135,Singapore Airlines,Business Class,135,N/A,N/A,1237,Y,Y,Y,1,7,1,25
Singapore Changi Airport,SIN,28/07/2024 9:55,Kuala Lumpur International Airport,KUL,28/07/2024 11:10,75,Malaysia Airlines,Business Class,280,60,N/A,1240,Y,Y,Y,1,8,2,23
Singapore Changi Airport,SIN,29/07/2024 12:10,Brunei International Airport,BWN,29/07/2024 14:20,130,Royal Brunei,Business Class,130,N/A,N/A,1123,Y,Y,Y,1,12,2,40
Singapore Changi Airport,SIN,29/07/2024 9:00,Brunei International Airport,BWN,29/07/2024 11:10,130,Singapore Airlines,Business Class,130,N/A,N/A,1146,Y,Y,Y,1,7,1,25
Singapore Changi Airport,SIN,29/07/2024 14:30,Ninoy Aquino International Airport,MNL,29/07/2024 18:25,235,Philippine Airlines,Business Class,550,190,N/A,1164,Y,Y,Y,1,7,2,32
Singapore Changi Airport,SIN,29/07/2024 9:55,Kuala Lumpur International Airport,KUL,29/07/2024 11:10,75,Malaysia Airlines,Business Class,280,60,N/A,1240,Y,Y,Y,1,8,2,23
Singapore Changi Airport,SIN,29/07/2024 21:15,Kuala Lumpur International Airport,KUL,29/07/2024 22:15,60,Malaysia Airlines,Business Class,1585,1380,TRUE,1251,Y,Y,Y,1,8,2,23
Singapore Changi Airport,SIN,29/07/2024 18:30,Kuala Lumpur International Airport,KUL,29/07/2024 19:45,75,Singapore Airlines,Business Class,1750,1530,TRUE,1457,Y,Y,Y,1,7,1,25
Singapore Changi Airport,SIN,29/07/2024 20:00,Kuala Lumpur International Airport,KUL,29/07/2024 20:55,55,Singapore Airlines,Business Class,1660,1460,TRUE,1627,Y,Y,Y,1,7,1,25
Singapore Changi Airport,SIN,30/07/2024 12:10,Brunei International Airport,BWN,30/07/2024 14:20,130,Royal Brunei,Business Class,130,N/A,N/A,946,Y,Y,Y,1,12,2,40
Singapore Changi Airport,SIN,30/07/2024 21:25,Brunei International Airport,BWN,30/07/2024 23:35,130,Royal Brunei,Business Class,130,N/A,N/A,946,Y,Y,Y,1,12,2,40
Singapore Changi Airport,SIN,30/07/2024 9:00,Brunei International Airport,BWN,30/07/2024 11:10,130,Singapore Airlines,Business Class,130,N/A,N/A,967,Y,Y,Y,1,7,1,25
Singapore Changi Airport,SIN,30/07/2024 18:15,Kuala Lumpur International Airport,KUL,30/07/2024 19:25,70,Malaysia Airlines,Business Class,325,110,N/A,1240,Y,Y,Y,1,8,2,23
Singapore Changi Airport,SIN,31/07/2024 12:10,Brunei International Airport,BWN,31/07/2024 14:20,130,Royal Brunei,Business Class,130,N/A,N/A,946,Y,Y,Y,1,12,2,40
Singapore Changi Airport,SIN,31/07/2024 12:45,Brunei International Airport,BWN,31/07/2024 15:00,135,Singapore Airlines,Business Class,135,N/A,N/A,967,Y,Y,Y,1,7,1,25
Singapore Changi Airport,SIN,31/07/2024 18:15,Kuala Lumpur International Airport,KUL,31/07/2024 19:25,70,Malaysia Airlines,Business Class,325,110,N/A,1240,Y,Y,Y,1,8,2,23
Singapore Changi Airport,SIN,31/07/2024 21:15,Kuala Lumpur International Airport,KUL,31/07/2024 22:15,60,Malaysia Airlines,Business Class,1040,835,TRUE,1251,Y,Y,Y,1,8,2,23
Singapore Changi Airport,SIN,31/07/2024 19:50,Ninoy Aquino International Airport,MNL,31/07/2024 23:45,235,Philippine Airlines,Business Class,1670,1310,TRUE,1289,Y,Y,Y,1,7,2,32
Singapore Changi Airport,SIN,31/07/2024 14:50,Kuala Lumpur International Airport,KUL,31/07/2024 15:50,60,Singapore Airlines,Business Class,530,325,N/A,1610,Y,Y,Y,1,7,1,25
Singapore Changi Airport,SIN,01/08/2024 21:30,Brunei International Airport,BWN,01/08/2024 23:40,130,Royal Brunei,Business Class,130,N/A,N/A,954,Y,Y,Y,1,12,2,40
Singapore Changi Airport,SIN,01/08/2024 9:00,Brunei International Airport,BWN,01/08/2024 11:10,130,Singapore Airlines,Business Class,130,N/A,N/A,1064,Y,Y,Y,1,7,1,25
Singapore Changi Airport,SIN,01/08/2024 0:30,Ninoy Aquino International Airport,MNL,01/08/2024 4:20,230,Philippine Airlines,Business Class,1390,1035,TRUE,1323,Y,Y,Y,1,7,2,32
Singapore Changi Airport,SIN,01/08/2024 9:55,Kuala Lumpur International Airport,KUL,01/08/2024 11:10,75,Malaysia Airlines,Business Class,280,60,N/A,1454,Y,Y,Y,1,8,2,23
Singapore Changi Airport,SIN,02/08/2024 21:25,Brunei International Airport,BWN,02/08/2024 23:35,130,Royal Brunei,Business Class,130,N/A,N/A,1133,Y,Y,Y,1,12,2,40
Singapore Changi Airport,SIN,02/08/2024 12:45,Brunei International Airport,BWN,02/08/2024 15:00,135,Singapore Airlines,Business Class,135,N/A,N/A,1247,Y,Y,Y,1,7,1,25
Singapore Changi Airport,SIN,02/08/2024 12:10,Brunei International Airport,BWN,02/08/2024 14:20,130,Royal Brunei,Business Class,130,N/A,N/A,1397,Y,Y,Y,1,12,2,40
Singapore Changi Airport,SIN,02/08/2024 14:30,Ninoy Aquino International Airport,MNL,02/08/2024 18:25,235,Philippine Airlines,Business Class,550,190,N/A,1197,Y,Y,Y,1,7,2,32
Singapore Changi Airport,SIN,02/08/2024 18:30,Kuala Lumpur International Airport,KUL,02/08/2024 19:45,75,Singapore Airlines,Business Class,310,90,N/A,1454,Y,Y,Y,1,7,1,25
Singapore Changi Airport,SIN,03/08/2024 9:00,Brunei International Airport,BWN,03/08/2024 11:10,130,Singapore Airlines,Business Class,130,N/A,N/A,1064,Y,Y,Y,1,7,1,25
Singapore Changi Airport,SIN,03/08/2024 21:25,Brunei International Airport,BWN,03/08/2024 23:35,130,Royal Brunei,Business Class,130,N/A,N/A,1304,Y,Y,Y,1,12,2,40
Singapore Changi Airport,SIN,03/08/2024 21:15,Kuala Lumpur International Airport,KUL,03/08/2024 22:15,60,Malaysia Airlines,Business Class,1585,1380,TRUE,1465,Y,Y,Y,1,8,2,23
Singapore Changi Airport,SIN,03/08/2024 9:55,Kuala Lumpur International Airport,KUL,03/08/2024 11:10,75,Malaysia Airlines,Business Class,280,60,N/A,1627,Y,Y,Y,1,8,2,23
Singapore Changi Airport,SIN,04/08/2024 12:10,Brunei International Airport,BWN,04/08/2024 14:20,130,Royal Brunei,Business Class,130,N/A,N/A,954,Y,Y,Y,1,12,2,40
Singapore Changi Airport,SIN,04/08/2024 21:30,Brunei International Airport,BWN,04/08/2024 23:40,130,Royal Brunei,Business Class,130,N/A,N/A,954,Y,Y,Y,1,12,2,40
Singapore Changi Airport,SIN,04/08/2024 12:45,Brunei International Airport,BWN,04/08/2024 15:00,135,Singapore Airlines,Business Class,135,N/A,N/A,1247,Y,Y,Y,1,7,1,25
Singapore Changi Airport,SIN,04/08/2024 18:15,Kuala Lumpur International Airport,KUL,04/08/2024 19:25,70,Malaysia Airlines,Business Class,325,110,N/A,1454,Y,Y,Y,1,8,2,23
Singapore Changi Airport,SIN,04/08/2024 9:55,Kuala Lumpur International Airport,KUL,04/08/2024 11:10,75,Malaysia Airlines,Business Class,280,60,N/A,1627,Y,Y,Y,1,8,2,23
Singapore Changi Airport,SIN,05/08/2024 12:10,Brunei International Airport,BWN,05/08/2024 14:20,130,Royal Brunei,Business Class,130,N/A,N/A,954,Y,Y,Y,1,12,2,40
Singapore Changi Airport,SIN,05/08/2024 14:30,Ninoy Aquino International Airport,MNL,05/08/2024 18:25,235,Philippine Airlines,Business Class,550,190,N/A,1197,Y,Y,Y,1,7,2,32
Singapore Changi Airport,SIN,05/08/2024 9:55,Kuala Lumpur International Airport,KUL,05/08/2024 11:10,75,Malaysia Airlines,Business Class,280,60,N/A,1454,Y,Y,Y,1,8,2,23
Singapore Changi Airport,SIN,05/08/2024 21:15,Kuala Lumpur International Airport,KUL,05/08/2024 22:15,60,Malaysia Airlines,Business Class,1585,1380,TRUE,1638,Y,Y,Y,1,8,2,23
Singapore Changi Airport,SIN,05/08/2024 18:30,Kuala Lumpur International Airport,KUL,05/08/2024 19:45,75,Singapore Airlines,Business Class,1750,1530,TRUE,1644,Y,Y,Y,1,7,1,25
Singapore Changi Airport,SIN,06/08/2024 12:10,Brunei International Airport,BWN,06/08/2024 14:20,130,Royal Brunei,Business Class,130,N/A,N/A,954,Y,Y,Y,1,12,2,40
Singapore Changi Airport,SIN,06/08/2024 21:25,Brunei International Airport,BWN,06/08/2024 23:35,130,Royal Brunei,Business Class,130,N/A,N/A,1133,Y,Y,Y,1,12,2,40
Singapore Changi Airport,SIN,06/08/2024 9:00,Brunei International Airport,BWN,06/08/2024 11:10,130,Singapore Airlines,Business Class,130,N/A,N/A,1338,Y,Y,Y,1,7,1,25
Singapore Changi Airport,SIN,06/08/2024 21:15,Kuala Lumpur International Airport,KUL,06/08/2024 22:15,60,Malaysia Airlines,Business Class,1585,1380,TRUE,1465,Y,Y,Y,1,8,2,23
Singapore Changi Airport,SIN,06/08/2024 18:30,Kuala Lumpur International Airport,KUL,06/08/2024 19:45,75,Singapore Airlines,Business Class,310,90,N/A,1627,Y,Y,Y,1,7,1,25
Singapore Changi Airport,SIN,07/08/2024 12:10,Brunei International Airport,BWN,07/08/2024 14:20,130,Royal Brunei,Business Class,130,N/A,N/A,954,Y,Y,Y,1,12,2,40
Singapore Changi Airport,SIN,07/08/2024 12:45,Brunei International Airport,BWN,07/08/2024 15:00,135,Singapore Airlines,Business Class,135,N/A,N/A,1338,Y,Y,Y,1,7,1,25
Singapore Changi Airport,SIN,07/08/2024 19:50,Ninoy Aquino International Airport,MNL,07/08/2024 23:45,235,Philippine Airlines,Business Class,1670,1310,TRUE,1197,Y,Y,Y,1,7,2,32
Singapore Changi Airport,SIN,07/08/2024 14:50,Kuala Lumpur International Airport,KUL,07/08/2024 15:50,60,Singapore Airlines,Business Class,530,325,N/A,1454,Y,Y,Y,1,7,1,25
Singapore Changi Airport,SIN,07/08/2024 18:15,Kuala Lumpur International Airport,KUL,07/08/2024 19:25,70,Malaysia Airlines,Business Class,325,110,N/A,1454,Y,Y,Y,1,8,2,23
Singapore Changi Airport,SIN,07/08/2024 21:15,Kuala Lumpur International Airport,KUL,07/08/2024 22:15,60,Malaysia Airlines,Business Class,1040,835,TRUE,1465,Y,Y,Y,1,8,2,23
Singapore Changi Airport,SIN,08/08/2024 21:30,Brunei International Airport,BWN,08/08/2024 23:40,130,Royal Brunei,Business Class,130,N/A,N/A,954,Y,Y,Y,1,12,2,40
Singapore Changi Airport,SIN,08/08/2024 9:00,Brunei International Airport,BWN,08/08/2024 11:10,130,Singapore Airlines,Business Class,130,N/A,N/A,975,Y,Y,Y,1,7,1,25
Singapore Changi Airport,SIN,08/08/2024 10:40,Ninoy Aquino International Airport,MNL,08/08/2024 14:30,230,Philippine Airlines,Business Class,780,425,N/A,1197,Y,Y,Y,1,7,2,32
Singapore Changi Airport,SIN,08/08/2024 9:55,Kuala Lumpur International Airport,KUL,08/08/2024 11:10,75,Malaysia Airlines,Business Class,280,60,N/A,1454,Y,Y,Y,1,8,2,23
Singapore Changi Airport,SIN,09/08/2024 12:10,Brunei International Airport,BWN,09/08/2024 14:20,130,Royal Brunei,Business Class,130,N/A,N/A,954,Y,Y,Y,1,12,2,40
Singapore Changi Airport,SIN,09/08/2024 21:25,Brunei International Airport,BWN,09/08/2024 23:35,130,Royal Brunei,Business Class,130,N/A,N/A,954,Y,Y,Y,1,12,2,40
Singapore Changi Airport,SIN,09/08/2024 12:45,Brunei International Airport,BWN,09/08/2024 15:00,135,Singapore Airlines,Business Class,135,N/A,N/A,1156,Y,Y,Y,1,7,1,25
Singapore Changi Airport,SIN,09/08/2024 0:30,Ninoy Aquino International Airport,MNL,09/08/2024 4:20,230,Philippine Airlines,Business Class,1390,1035,TRUE,1197,Y,Y,Y,1,7,2,32
Singapore Changi Airport,SIN,09/08/2024 9:55,Kuala Lumpur International Airport,KUL,09/08/2024 11:10,75,Malaysia Airlines,Business Class,280,60,N/A,1454,Y,Y,Y,1,8,2,23
Singapore Changi Airport,SIN,10/08/2024 21:25,Brunei International Airport,BWN,10/08/2024 23:35,130,Royal Brunei,Business Class,130,N/A,N/A,954,Y,Y,Y,1,12,2,40
Singapore Changi Airport,SIN,10/08/2024 9:00,Brunei International Airport,BWN,10/08/2024 11:10,130,Singapore Airlines,Business Class,130,N/A,N/A,1064,Y,Y,Y,1,7,1,25
Singapore Changi Airport,SIN,10/08/2024 21:15,Kuala Lumpur International Airport,KUL,10/08/2024 22:15,60,Malaysia Airlines,Business Class,1040,835,TRUE,1465,Y,Y,Y,1,8,2,23
Singapore Changi Airport,SIN,10/08/2024 9:55,Kuala Lumpur International Airport,KUL,10/08/2024 11:10,75,Malaysia Airlines,Business Class,280,60,N/A,1627,Y,Y,Y,1,8,2,23
Singapore Changi Airport,SIN,11/08/2024 12:10,Brunei International Airport,BWN,11/08/2024 14:20,130,Royal Brunei,Business Class,130,N/A,N/A,1133,Y,Y,Y,1,12,2,40
Singapore Changi Airport,SIN,11/08/2024 21:30,Brunei International Airport,BWN,11/08/2024 23:40,130,Royal Brunei,Business Class,130,N/A,N/A,1133,Y,Y,Y,1,12,2,40
Singapore Changi Airport,SIN,11/08/2024 9:55,Kuala Lumpur International Airport,KUL,11/08/2024 11:10,75,Malaysia Airlines,Business Class,280,60,N/A,1454,Y,Y,Y,1,8,2,23
Singapore Changi Airport,SIN,12/08/2024 12:10,Brunei International Airport,BWN,12/08/2024 14:20,130,Royal Brunei,Business Class,130,N/A,N/A,954,Y,Y,Y,1,12,2,40
Singapore Changi Airport,SIN,12/08/2024 9:00,Brunei International Airport,BWN,12/08/2024 11:10,130,Singapore Airlines,Business Class,130,N/A,N/A,1064,Y,Y,Y,1,7,1,25
Singapore Changi Airport,SIN,12/08/2024 14:30,Ninoy Aquino International Airport,MNL,12/08/2024 18:25,235,Philippine Airlines,Business Class,550,190,N/A,1197,Y,Y,Y,1,7,2,32
Singapore Changi Airport,SIN,12/08/2024 9:55,Kuala Lumpur International Airport,KUL,12/08/2024 11:10,75,Malaysia Airlines,Business Class,280,60,N/A,1454,Y,Y,Y,1,8,2,23
Singapore Changi Airport,SIN,12/08/2024 21:15,Kuala Lumpur International Airport,KUL,12/08/2024 22:15,60,Malaysia Airlines,Business Class,1585,1380,TRUE,1465,Y,Y,Y,1,8,2,23
Singapore Changi Airport,SIN,12/08/2024 18:30,Kuala Lumpur International Airport,KUL,12/08/2024 19:45,75,Singapore Airlines,Business Class,1750,1530,TRUE,1472,Y,Y,Y,1,7,1,25
Singapore Changi Airport,SIN,13/08/2024 12:10,Brunei International Airport,BWN,13/08/2024 14:20,130,Royal Brunei,Business Class,130,N/A,N/A,954,Y,Y,Y,1,12,2,40
Singapore Changi Airport,SIN,13/08/2024 21:25,Brunei International Airport,BWN,13/08/2024 23:35,130,Royal Brunei,Business Class,130,N/A,N/A,954,Y,Y,Y,1,12,2,40
Singapore Changi Airport,SIN,13/08/2024 9:00,Brunei International Airport,BWN,13/08/2024 11:10,130,Singapore Airlines,Business Class,130,N/A,N/A,1338,Y,Y,Y,1,7,1,25
Singapore Changi Airport,SIN,13/08/2024 18:30,Kuala Lumpur International Airport,KUL,13/08/2024 19:45,75,Singapore Airlines,Business Class,310,90,N/A,1454,Y,Y,Y,1,7,1,25
Singapore Changi Airport,SIN,14/08/2024 12:10,Brunei International Airport,BWN,14/08/2024 14:20,130,Royal Brunei,Business Class,130,N/A,N/A,954,Y,Y,Y,1,12,2,40
Singapore Changi Airport,SIN,14/08/2024 12:45,Brunei International Airport,BWN,14/08/2024 15:00,135,Singapore Airlines,Business Class,135,N/A,N/A,1064,Y,Y,Y,1,7,1,25
Singapore Changi Airport,SIN,14/08/2024 18:15,Kuala Lumpur International Airport,KUL,14/08/2024 19:25,70,Malaysia Airlines,Business Class,325,110,N/A,1627,Y,Y,Y,1,8,2,23
Singapore Changi Airport,SIN,14/08/2024 19:50,Ninoy Aquino International Airport,MNL,14/08/2024 23:45,235,Philippine Airlines,Business Class,1670,1310,TRUE,1197,Y,Y,Y,1,7,2,32
Singapore Changi Airport,SIN,14/08/2024 21:15,Kuala Lumpur International Airport,KUL,14/08/2024 22:15,60,Malaysia Airlines,Business Class,1585,1380,TRUE,1465,Y,Y,Y,1,8,2,23
Singapore Changi Airport,SIN,14/08/2024 20:00,Kuala Lumpur International Airport,KUL,14/08/2024 20:55,55,Singapore Airlines,Business Class,1660,1460,TRUE,1472,Y,Y,Y,1,7,1,25
Singapore Changi Airport,SIN,14/08/2024 20:00,Kuala Lumpur International Airport,KUL,14/08/2024 20:55,55,Singapore Airlines,Business Class,1115,915,TRUE,1638,Y,Y,Y,1,7,1,25
Singapore Changi Airport,SIN,14/08/2024 21:15,Kuala Lumpur International Airport,KUL,14/08/2024 22:15,60,Malaysia Airlines,Business Class,1040,835,TRUE,1638,Y,Y,Y,1,8,2,23
Singapore Changi Airport,SIN,15/08/2024 21:30,Brunei International Airport,BWN,15/08/2024 23:40,130,Royal Brunei,Business Class,130,N/A,N/A,954,Y,Y,Y,1,12,2,40
Singapore Changi Airport,SIN,15/08/2024 9:00,Brunei International Airport,BWN,15/08/2024 11:10,130,Singapore Airlines,Business Class,130,N/A,N/A,1247,Y,Y,Y,1,7,1,25
Singapore Changi Airport,SIN,15/08/2024 14:30,Ninoy Aquino International Airport,MNL,15/08/2024 18:25,235,Philippine Airlines,Business Class,550,190,N/A,1197,Y,Y,Y,1,7,2,32
Singapore Changi Airport,SIN,15/08/2024 9:10,Kuala Lumpur International Airport,KUL,15/08/2024 10:10,60,Singapore Airlines,Business Class,325,120,N/A,1627,Y,Y,Y,1,7,1,25
Singapore Changi Airport,SIN,15/08/2024 9:55,Kuala Lumpur International Airport,KUL,15/08/2024 11:10,75,Malaysia Airlines,Business Class,280,60,N/A,1627,Y,Y,Y,1,8,2,23
Singapore Changi Airport,SIN,16/08/2024 12:10,Brunei International Airport,BWN,16/08/2024 14:20,130,Royal Brunei,Business Class,130,N/A,N/A,954,Y,Y,Y,1,12,2,40
Singapore Changi Airport,SIN,16/08/2024 21:25,Brunei International Airport,BWN,16/08/2024 23:35,130,Royal Brunei,Business Class,130,N/A,N/A,954,Y,Y,Y,1,12,2,40
Singapore Changi Airport,SIN,16/08/2024 12:45,Brunei International Airport,BWN,16/08/2024 15:00,135,Singapore Airlines,Business Class,135,N/A,N/A,1247,Y,Y,Y,1,7,1,25
Singapore Changi Airport,SIN,16/08/2024 14:30,Ninoy Aquino International Airport,MNL,16/08/2024 18:25,235,Philippine Airlines,Business Class,550,190,N/A,1197,Y,Y,Y,1,7,2,32
Singapore Changi Airport,SIN,16/08/2024 9:55,Kuala Lumpur International Airport,KUL,16/08/2024 11:10,75,Malaysia Airlines,Business Class,280,60,N/A,1454,Y,Y,Y,1,8,2,23
Singapore Changi Airport,SIN,17/08/2024 21:25,Brunei International Airport,BWN,17/08/2024 23:35,130,Royal Brunei,Business Class,130,N/A,N/A,1133,Y,Y,Y,1,12,2,40
Singapore Changi Airport,SIN,17/08/2024 9:00,Brunei International Airport,BWN,17/08/2024 11:10,130,Singapore Airlines,Business Class,130,N/A,N/A,1156,Y,Y,Y,1,7,1,25
Singapore Changi Airport,SIN,17/08/2024 19:50,Brunei International Airport,BWN,17/08/2024 22:00,130,Royal Brunei,Business Class,130,N/A,N/A,1397,Y,Y,Y,1,12,2,40
Singapore Changi Airport,SIN,17/08/2024 9:55,Kuala Lumpur International Airport,KUL,17/08/2024 11:10,75,Malaysia Airlines,Business Class,280,60,N/A,1454,Y,Y,Y,1,8,2,23
Singapore Changi Airport,SIN,18/08/2024 21:30,Brunei International Airport,BWN,18/08/2024 23:40,130,Royal Brunei,Business Class,130,N/A,N/A,954,Y,Y,Y,1,12,2,40
Singapore Changi Airport,SIN,18/08/2024 12:10,Brunei International Airport,BWN,18/08/2024 14:20,130,Royal Brunei,Business Class,130,N/A,N/A,1133,Y,Y,Y,1,12,2,40
Singapore Changi Airport,SIN,18/08/2024 12:45,Brunei International Airport,BWN,18/08/2024 15:00,135,Singapore Airlines,Business Class,135,N/A,N/A,1338,Y,Y,Y,1,7,1,25
Singapore Changi Airport,SIN,18/08/2024 9:55,Kuala Lumpur International Airport,KUL,18/08/2024 11:10,75,Malaysia Airlines,Business Class,280,60,N/A,1454,Y,Y,Y,1,8,2,23
Singapore Changi Airport,SIN,19/08/2024 12:10,Brunei International Airport,BWN,19/08/2024 14:20,130,Royal Brunei,Business Class,130,N/A,N/A,1133,Y,Y,Y,1,12,2,40
Singapore Changi Airport,SIN,19/08/2024 9:00,Brunei International Airport,BWN,19/08/2024 11:10,130,Singapore Airlines,Business Class,130,N/A,N/A,1156,Y,Y,Y,1,7,1,25
Singapore Changi Airport,SIN,19/08/2024 14:30,Ninoy Aquino International Airport,MNL,19/08/2024 18:25,235,Philippine Airlines,Business Class,550,190,N/A,1197,Y,Y,Y,1,7,2,32
Singapore Changi Airport,SIN,19/08/2024 9:55,Kuala Lumpur International Airport,KUL,19/08/2024 11:10,75,Malaysia Airlines,Business Class,280,60,N/A,1627,Y,Y,Y,1,8,2,23
Singapore Changi Airport,SIN,19/08/2024 21:15,Kuala Lumpur International Airport,KUL,19/08/2024 22:15,60,Malaysia Airlines,Business Class,1585,1380,TRUE,1638,Y,Y,Y,1,8,2,23
Singapore Changi Airport,SIN,19/08/2024 18:30,Kuala Lumpur International Airport,KUL,19/08/2024 19:45,75,Singapore Airlines,Business Class,1750,1530,TRUE,1644,Y,Y,Y,1,7,1,25
Singapore Changi Airport,SIN,20/08/2024 12:10,Brunei International Airport,BWN,20/08/2024 14:20,130,Royal Brunei,Business Class,130,N/A,N/A,954,Y,Y,Y,1,12,2,40
Singapore Changi Airport,SIN,20/08/2024 21:25,Brunei International Airport,BWN,20/08/2024 23:35,130,Royal Brunei,Business Class,130,N/A,N/A,954,Y,Y,Y,1,12,2,40
Singapore Changi Airport,SIN,20/08/2024 9:00,Brunei International Airport,BWN,20/08/2024 11:10,130,Singapore Airlines,Business Class,130,N/A,N/A,1247,Y,Y,Y,1,7,1,25
Singapore Changi Airport,SIN,20/08/2024 21:15,Kuala Lumpur International Airport,KUL,20/08/2024 22:15,60,Malaysia Airlines,Business Class,1585,1380,TRUE,1465,Y,Y,Y,1,8,2,23
Singapore Changi Airport,SIN,20/08/2024 18:30,Kuala Lumpur International Airport,KUL,20/08/2024 19:45,75,Singapore Airlines,Business Class,310,90,N/A,1627,Y,Y,Y,1,7,1,25
Singapore Changi Airport,SIN,21/08/2024 12:10,Brunei International Airport,BWN,21/08/2024 14:20,130,Royal Brunei,Business Class,130,N/A,N/A,954,Y,Y,Y,1,12,2,40
Singapore Changi Airport,SIN,21/08/2024 12:45,Brunei International Airport,BWN,21/08/2024 15:00,135,Singapore Airlines,Business Class,135,N/A,N/A,975,Y,Y,Y,1,7,1,25
Singapore Changi Airport,SIN,21/08/2024 19:50,Ninoy Aquino International Airport,MNL,21/08/2024 23:45,235,Philippine Airlines,Business Class,1670,1310,TRUE,1197,Y,Y,Y,1,7,2,32
Singapore Changi Airport,SIN,21/08/2024 18:15,Kuala Lumpur International Airport,KUL,21/08/2024 19:25,70,Malaysia Airlines,Business Class,325,110,N/A,1454,Y,Y,Y,1,8,2,23
Singapore Changi Airport,SIN,21/08/2024 18:30,Kuala Lumpur International Airport,KUL,21/08/2024 19:45,75,Singapore Airlines,Business Class,310,90,N/A,1454,Y,Y,Y,1,7,1,25
Singapore Changi Airport,SIN,21/08/2024 20:00,Kuala Lumpur International Airport,KUL,21/08/2024 20:55,55,Singapore Airlines,Business Class,1115,915,TRUE,1465,Y,Y,Y,1,7,1,25
Singapore Changi Airport,SIN,21/08/2024 21:15,Kuala Lumpur International Airport,KUL,21/08/2024 22:15,60,Malaysia Airlines,Business Class,1040,835,TRUE,1465,Y,Y,Y,1,8,2,23
Singapore Changi Airport,SIN,22/08/2024 21:30,Brunei International Airport,BWN,22/08/2024 23:40,130,Royal Brunei,Business Class,130,N/A,N/A,954,Y,Y,Y,1,12,2,40
Singapore Changi Airport,SIN,22/08/2024 9:00,Brunei International Airport,BWN,22/08/2024 11:10,130,Singapore Airlines,Business Class,130,N/A,N/A,975,Y,Y,Y,1,7,1,25
Singapore Changi Airport,SIN,22/08/2024 14:30,Ninoy Aquino International Airport,MNL,22/08/2024 18:25,235,Philippine Airlines,Business Class,550,190,N/A,1197,Y,Y,Y,1,7,2,32
Singapore Changi Airport,SIN,22/08/2024 9:55,Kuala Lumpur International Airport,KUL,22/08/2024 11:10,75,Malaysia Airlines,Business Class,280,60,N/A,1454,Y,Y,Y,1,8,2,23
Singapore Changi Airport,SIN,23/08/2024 12:10,Brunei International Airport,BWN,23/08/2024 14:20,130,Royal Brunei,Business Class,130,N/A,N/A,954,Y,Y,Y,1,12,2,40
Singapore Changi Airport,SIN,23/08/2024 12:45,Brunei International Airport,BWN,23/08/2024 15:00,135,Singapore Airlines,Business Class,135,N/A,N/A,975,Y,Y,Y,1,7,1,25
Singapore Changi Airport,SIN,23/08/2024 21:25,Brunei International Airport,BWN,23/08/2024 23:35,130,Royal Brunei,Business Class,130,N/A,N/A,1133,Y,Y,Y,1,12,2,40
Singapore Changi Airport,SIN,23/08/2024 14:30,Ninoy Aquino International Airport,MNL,23/08/2024 18:25,235,Philippine Airlines,Business Class,550,190,N/A,1197,Y,Y,Y,1,7,2,32
Singapore Changi Airport,SIN,23/08/2024 9:55,Kuala Lumpur International Airport,KUL,23/08/2024 11:10,75,Malaysia Airlines,Business Class,280,60,N/A,1454,Y,Y,Y,1,8,2,23
Singapore Changi Airport,SIN,24/08/2024 21:25,Brunei International Airport,BWN,24/08/2024 23:35,130,Royal Brunei,Business Class,130,N/A,N/A,954,Y,Y,Y,1,12,2,40
Singapore Changi Airport,SIN,24/08/2024 9:00,Brunei International Airport,BWN,24/08/2024 11:10,130,Singapore Airlines,Business Class,130,N/A,N/A,975,Y,Y,Y,1,7,1,25
Singapore Changi Airport,SIN,24/08/2024 9:55,Kuala Lumpur International Airport,KUL,24/08/2024 11:10,75,Malaysia Airlines,Business Class,280,60,N/A,1454,Y,Y,Y,1,8,2,23
Singapore Changi Airport,SIN,25/08/2024 12:10,Brunei International Airport,BWN,25/08/2024 14:20,130,Royal Brunei,Business Class,130,N/A,N/A,954,Y,Y,Y,1,12,2,40
Singapore Changi Airport,SIN,25/08/2024 21:30,Brunei International Airport,BWN,25/08/2024 23:40,130,Royal Brunei,Business Class,130,N/A,N/A,954,Y,Y,Y,1,12,2,40
Singapore Changi Airport,SIN,25/08/2024 12:45,Brunei International Airport,BWN,25/08/2024 15:00,135,Singapore Airlines,Business Class,135,N/A,N/A,1156,Y,Y,Y,1,7,1,25
Singapore Changi Airport,SIN,25/08/2024 9:55,Kuala Lumpur International Airport,KUL,25/08/2024 11:10,75,Malaysia Airlines,Business Class,280,60,N/A,1454,Y,Y,Y,1,8,2,23
Singapore Changi Airport,SIN,26/08/2024 12:10,Brunei International Airport,BWN,26/08/2024 14:20,130,Royal Brunei,Business Class,130,N/A,N/A,954,Y,Y,Y,1,12,2,40
Singapore Changi Airport,SIN,26/08/2024 9:00,Brunei International Airport,BWN,26/08/2024 11:10,130,Singapore Airlines,Business Class,130,N/A,N/A,1338,Y,Y,Y,1,7,1,25
Singapore Changi Airport,SIN,26/08/2024 10:40,Ninoy Aquino International Airport,MNL,26/08/2024 14:30,230,Philippine Airlines,Business Class,780,425,N/A,1197,Y,Y,Y,1,7,2,32
Singapore Changi Airport,SIN,26/08/2024 14:30,Ninoy Aquino International Airport,MNL,26/08/2024 18:25,235,Philippine Airlines,Business Class,550,190,N/A,1335,Y,Y,Y,1,7,2,32
Singapore Changi Airport,SIN,26/08/2024 9:55,Kuala Lumpur International Airport,KUL,26/08/2024 11:10,75,Malaysia Airlines,Business Class,280,60,N/A,1454,Y,Y,Y,1,8,2,23
Singapore Changi Airport,SIN,26/08/2024 21:15,Kuala Lumpur International Airport,KUL,26/08/2024 22:15,60,Malaysia Airlines,Business Class,1585,1380,TRUE,1465,Y,Y,Y,1,8,2,23
Singapore Changi Airport,SIN,26/08/2024 18:30,Kuala Lumpur International Airport,KUL,26/08/2024 19:45,75,Singapore Airlines,Business Class,1750,1530,TRUE,1472,Y,Y,Y,1,7,1,25
Singapore Changi Airport,SIN,27/08/2024 21:25,Brunei International Airport,BWN,27/08/2024 23:35,130,Royal Brunei,Business Class,130,N/A,N/A,954,Y,Y,Y,1,12,2,40
Singapore Changi Airport,SIN,27/08/2024 9:00,Brunei International Airport,BWN,27/08/2024 11:10,130,Singapore Airlines,Business Class,130,N/A,N/A,975,Y,Y,Y,1,7,1,25
Singapore Changi Airport,SIN,27/08/2024 12:10,Brunei International Airport,BWN,27/08/2024 14:20,130,Royal Brunei,Business Class,130,N/A,N/A,1133,Y,Y,Y,1,12,2,40
Singapore Changi Airport,SIN,27/08/2024 18:30,Kuala Lumpur International Airport,KUL,27/08/2024 19:45,75,Singapore Airlines,Business Class,310,90,N/A,1454,Y,Y,Y,1,7,1,25
Singapore Changi Airport,SIN,28/08/2024 12:10,Brunei International Airport,BWN,28/08/2024 14:20,130,Royal Brunei,Business Class,130,N/A,N/A,954,Y,Y,Y,1,12,2,40
Singapore Changi Airport,SIN,28/08/2024 12:45,Brunei International Airport,BWN,28/08/2024 15:00,135,Singapore Airlines,Business Class,135,N/A,N/A,1064,Y,Y,Y,1,7,1,25
Singapore Changi Airport,SIN,28/08/2024 19:50,Ninoy Aquino International Airport,MNL,28/08/2024 23:45,235,Philippine Airlines,Business Class,1670,1310,TRUE,1197,Y,Y,Y,1,7,2,32
Singapore Changi Airport,SIN,28/08/2024 18:15,Kuala Lumpur International Airport,KUL,28/08/2024 19:25,70,Malaysia Airlines,Business Class,325,110,N/A,1454,Y,Y,Y,1,8,2,23
Singapore Changi Airport,SIN,28/08/2024 18:30,Kuala Lumpur International Airport,KUL,28/08/2024 19:45,75,Singapore Airlines,Business Class,310,90,N/A,1454,Y,Y,Y,1,7,1,25
Singapore Changi Airport,SIN,28/08/2024 20:00,Kuala Lumpur International Airport,KUL,28/08/2024 20:55,55,Singapore Airlines,Business Class,1115,915,TRUE,1465,Y,Y,Y,1,7,1,25
Singapore Changi Airport,SIN,28/08/2024 21:15,Kuala Lumpur International Airport,KUL,28/08/2024 22:15,60,Malaysia Airlines,Business Class,1040,835,TRUE,1465,Y,Y,Y,1,8,2,23
Singapore Changi Airport,SIN,29/08/2024 21:30,Brunei International Airport,BWN,29/08/2024 23:40,130,Royal Brunei,Business Class,130,N/A,N/A,954,Y,Y,Y,1,12,2,40
Singapore Changi Airport,SIN,29/08/2024 9:00,Brunei International Airport,BWN,29/08/2024 11:10,130,Singapore Airlines,Business Class,130,N/A,N/A,975,Y,Y,Y,1,7,1,25
Singapore Changi Airport,SIN,29/08/2024 14:30,Ninoy Aquino International Airport,MNL,29/08/2024 18:25,235,Philippine Airlines,Business Class,550,190,N/A,1197,Y,Y,Y,1,7,2,32
Singapore Changi Airport,SIN,29/08/2024 9:55,Kuala Lumpur International Airport,KUL,29/08/2024 11:10,75,Malaysia Airlines,Business Class,280,60,N/A,1454,Y,Y,Y,1,8,2,23
Singapore Changi Airport,SIN,30/08/2024 12:10,Brunei International Airport,BWN,30/08/2024 14:20,130,Royal Brunei,Business Class,130,N/A,N/A,954,Y,Y,Y,1,12,2,40
Singapore Changi Airport,SIN,30/08/2024 21:25,Brunei International Airport,BWN,30/08/2024 23:35,130,Royal Brunei,Business Class,130,N/A,N/A,954,Y,Y,Y,1,12,2,40
Singapore Changi Airport,SIN,30/08/2024 12:45,Brunei International Airport,BWN,30/08/2024 15:00,135,Singapore Airlines,Business Class,135,N/A,N/A,1064,Y,Y,Y,1,7,1,25
Singapore Changi Airport,SIN,30/08/2024 14:30,Ninoy Aquino International Airport,MNL,30/08/2024 18:25,235,Philippine Airlines,Business Class,550,190,N/A,1197,Y,Y,Y,1,7,2,32
Singapore Changi Airport,SIN,30/08/2024 9:55,Kuala Lumpur International Airport,KUL,30/08/2024 11:10,75,Malaysia Airlines,Business Class,280,60,N/A,1454,Y,Y,Y,1,8,2,23
Singapore Changi Airport,SIN,31/08/2024 21:25,Brunei International Airport,BWN,31/08/2024 23:35,130,Royal Brunei,Business Class,130,N/A,N/A,954,Y,Y,Y,1,12,2,40
Singapore Changi Airport,SIN,31/08/2024 9:00,Brunei International Airport,BWN,31/08/2024 11:10,130,Singapore Airlines,Business Class,130,N/A,N/A,1156,Y,Y,Y,1,7,1,25
Singapore Changi Airport,SIN,31/08/2024 9:55,Kuala Lumpur International Airport,KUL,31/08/2024 11:10,75,Malaysia Airlines,Business Class,280,60,N/A,1454,Y,Y,Y,1,8,2,23