Departure Airport Name,Departure Airport ID,Departure Time,Arrival Airport Name,Arrival Airport ID,Arrival Time,Duration,Airline,Travel Class,Total Duration,Layover 1 Duration,Layover 1 Overnight,Price, Cabin Baggage, Checked Baggage,Meal Included,Cabin Baggage (Number),Cabin Baggage (kg per piece),Checked Baggage (Number),Checked Baggage (kg per piece) 
Yangon International Airport,RGN,01/07/2024 11:25,Kuala Lumpur International Airport,KUL,01/07/2024 15:50,175,Malaysia Airlines,Business Class,430,120,N/A,931,Y,Y,Y,1,8,2,23
Yangon International Airport,RGN,01/07/2024 10:35,Singapore Changi Airport,SIN,01/07/2024 15:20,195,Singapore Airlines,Business Class,365,65,N/A,1322,Y,Y,Y,1,7,1,25
Yangon International Airport,RGN,01/07/2024 11:25,Kuala Lumpur International Airport,KUL,01/07/2024 15:50,175,Malaysia Airlines,Business Class,1235,935,TRUE,618,Y,Y,Y,1,8,2,23
Yangon International Airport,RGN,01/07/2024 11:25,Guangzhou Baiyun International Airport,CAN,01/07/2024 16:15,200,China Southern,Business Class,1460,960,TRUE,1279,Y,Y,Y,1,10,2,32
Yangon International Airport,RGN,01/07/2024 11:25,Guangzhou Baiyun International Airport,CAN,01/07/2024 16:15,200,China Southern,Business Class,690,185,N/A,3321,Y,Y,Y,1,10,2,32
Yangon International Airport,RGN,02/07/2024 11:25,Kuala Lumpur International Airport,KUL,02/07/2024 15:50,175,Malaysia Airlines,Business Class,430,120,N/A,735,Y,Y,Y,1,8,2,23
Yangon International Airport,RGN,02/07/2024 10:35,Singapore Changi Airport,SIN,02/07/2024 15:20,195,Singapore Airlines,Business Class,420,120,N/A,1078,Y,Y,Y,1,7,1,25
Yangon International Airport,RGN,02/07/2024 11:25,Kuala Lumpur International Airport,KUL,02/07/2024 15:50,175,Malaysia Airlines,Business Class,1235,935,TRUE,618,Y,Y,Y,1,8,2,23
Yangon International Airport,RGN,02/07/2024 11:25,Kuala Lumpur International Airport,KUL,02/07/2024 15:50,175,Malaysia Airlines,Business Class,670,360,N/A,666,Y,Y,Y,1,8,2,23
Yangon International Airport,RGN,02/07/2024 10:35,Taiwan Taoyuan International Airport,TPE,02/07/2024 16:10,245,China Airlines,Business Class,805,240,N/A,1001,Y,Y,Y,2,7,2,32
Yangon International Airport,RGN,02/07/2024 10:35,Singapore Changi Airport,SIN,02/07/2024 15:20,195,Singapore Airlines,Business Class,365,65,N/A,1322,Y,Y,Y,1,7,1,25
Yangon International Airport,RGN,03/07/2024 11:25,Kuala Lumpur International Airport,KUL,03/07/2024 15:50,175,Malaysia Airlines,Business Class,430,120,N/A,666,Y,Y,Y,1,8,2,23
Yangon International Airport,RGN,03/07/2024 10:35,Singapore Changi Airport,SIN,03/07/2024 15:20,195,Singapore Airlines,Business Class,365,65,N/A,1078,Y,Y,Y,1,7,1,25
Yangon International Airport,RGN,03/07/2024 11:25,Kuala Lumpur International Airport,KUL,03/07/2024 15:50,175,Malaysia Airlines,Business Class,1235,935,TRUE,618,Y,Y,Y,1,8,2,23
Yangon International Airport,RGN,03/07/2024 10:35,Singapore Changi Airport,SIN,03/07/2024 15:20,195,Singapore Airlines,Business Class,1200,900,TRUE,926,Y,Y,Y,1,7,1,25
Yangon International Airport,RGN,03/07/2024 11:25,Guangzhou Baiyun International Airport,CAN,03/07/2024 16:15,200,China Southern,Business Class,1460,960,TRUE,1296,Y,Y,Y,1,10,2,32
Yangon International Airport,RGN,03/07/2024 11:25,Guangzhou Baiyun International Airport,CAN,03/07/2024 16:15,200,China Southern,Business Class,690,185,N/A,1872,Y,Y,Y,1,10,2,32
Yangon International Airport,RGN,04/07/2024 11:25,Kuala Lumpur International Airport,KUL,04/07/2024 15:50,175,Malaysia Airlines,Business Class,430,120,N/A,606,Y,Y,Y,1,8,2,23
Yangon International Airport,RGN,04/07/2024 10:35,Singapore Changi Airport,SIN,04/07/2024 15:20,195,Singapore Airlines,Business Class,420,120,N/A,1078,Y,Y,Y,1,7,1,25
Yangon International Airport,RGN,04/07/2024 10:35,Singapore Changi Airport,SIN,04/07/2024 15:20,195,Singapore Airlines,Business Class,365,65,N/A,1322,Y,Y,Y,1,7,1,25
Yangon International Airport,RGN,04/07/2024 10:35,Taiwan Taoyuan International Airport,TPE,04/07/2024 16:10,245,China Airlines,Business Class,805,240,N/A,1001,Y,Y,Y,2,7,2,32
Yangon International Airport,RGN,05/07/2024 11:25,Guangzhou Baiyun International Airport,CAN,05/07/2024 16:15,200,China Southern,Business Class,690,185,N/A,1072,Y,Y,Y,1,10,2,32
Yangon International Airport,RGN,05/07/2024 10:35,Singapore Changi Airport,SIN,05/07/2024 15:20,195,Singapore Airlines,Business Class,420,120,N/A,1078,Y,Y,Y,1,7,1,25
Yangon International Airport,RGN,05/07/2024 10:35,Singapore Changi Airport,SIN,05/07/2024 15:20,195,Singapore Airlines,Business Class,365,65,N/A,1322,Y,Y,Y,1,7,1,25
Yangon International Airport,RGN,06/07/2024 11:25,Kuala Lumpur International Airport,KUL,06/07/2024 15:50,175,Malaysia Airlines,Business Class,430,120,N/A,666,Y,Y,Y,1,8,2,23
Yangon International Airport,RGN,06/07/2024 11:25,Kuala Lumpur International Airport,KUL,06/07/2024 15:50,175,Malaysia Airlines,Business Class,1235,935,TRUE,618,Y,Y,Y,1,8,2,23
Yangon International Airport,RGN,06/07/2024 11:25,Guangzhou Baiyun International Airport,CAN,06/07/2024 16:00,185,China Southern,Business Class,690,200,N/A,1072,Y,Y,Y,1,10,2,32
Yangon International Airport,RGN,06/07/2024 10:35,Taiwan Taoyuan International Airport,TPE,06/07/2024 16:10,245,China Airlines,Business Class,2245,1680,TRUE,1396,Y,Y,Y,2,7,2,32
Yangon International Airport,RGN,06/07/2024 10:35,Singapore Changi Airport,SIN,06/07/2024 15:20,195,Singapore Airlines,Business Class,1570,1270,TRUE,2421,Y,Y,Y,1,7,1,25
Yangon International Airport,RGN,07/07/2024 11:25,Kuala Lumpur International Airport,KUL,07/07/2024 15:50,175,Malaysia Airlines,Business Class,1235,935,TRUE,618,Y,Y,Y,1,8,2,23
Yangon International Airport,RGN,07/07/2024 11:25,Kuala Lumpur International Airport,KUL,07/07/2024 15:50,175,Malaysia Airlines,Business Class,430,120,N/A,666,Y,Y,Y,1,8,2,23
Yangon International Airport,RGN,07/07/2024 10:35,Singapore Changi Airport,SIN,07/07/2024 15:20,195,Singapore Airlines,Business Class,1200,900,TRUE,1322,Y,Y,Y,1,7,1,25
Yangon International Airport,RGN,08/07/2024 11:25,Kuala Lumpur International Airport,KUL,08/07/2024 15:50,175,Malaysia Airlines,Business Class,430,120,N/A,666,Y,Y,Y,1,8,2,23
Yangon International Airport,RGN,08/07/2024 11:25,Kuala Lumpur International Airport,KUL,08/07/2024 15:50,175,Malaysia Airlines,Business Class,670,360,N/A,606,Y,Y,Y,1,8,2,23
Yangon International Airport,RGN,08/07/2024 11:25,Guangzhou Baiyun International Airport,CAN,08/07/2024 16:15,200,China Southern,Business Class,690,185,N/A,1072,Y,Y,Y,1,10,2,32
Yangon International Airport,RGN,08/07/2024 10:35,Singapore Changi Airport,SIN,08/07/2024 15:20,195,Singapore Airlines,Business Class,695,395,N/A,1322,Y,Y,Y,1,7,1,25
Yangon International Airport,RGN,09/07/2024 11:25,Kuala Lumpur International Airport,KUL,09/07/2024 15:50,175,Malaysia Airlines,Business Class,430,120,N/A,606,Y,Y,Y,1,8,2,23
Yangon International Airport,RGN,09/07/2024 10:35,Singapore Changi Airport,SIN,09/07/2024 15:20,195,Singapore Airlines,Business Class,1200,900,TRUE,1078,Y,Y,Y,1,7,1,25
Yangon International Airport,RGN,09/07/2024 10:35,Taiwan Taoyuan International Airport,TPE,09/07/2024 16:10,245,China Airlines,Business Class,805,240,N/A,1315,Y,Y,Y,2,7,2,32
Yangon International Airport,RGN,10/07/2024 11:25,Kuala Lumpur International Airport,KUL,10/07/2024 15:50,175,Malaysia Airlines,Business Class,430,120,N/A,606,Y,Y,Y,1,8,2,23
Yangon International Airport,RGN,10/07/2024 11:25,Kuala Lumpur International Airport,KUL,10/07/2024 15:50,175,Malaysia Airlines,Business Class,1630,1315,TRUE,596,Y,Y,Y,1,8,2,23
Yangon International Airport,RGN,10/07/2024 11:25,Guangzhou Baiyun International Airport,CAN,10/07/2024 16:15,200,China Southern,Business Class,1460,960,TRUE,1296,Y,Y,Y,1,10,2,32
Yangon International Airport,RGN,10/07/2024 10:35,Singapore Changi Airport,SIN,10/07/2024 15:20,195,Singapore Airlines,Business Class,1200,900,TRUE,1322,Y,Y,Y,1,7,1,25
Yangon International Airport,RGN,10/07/2024 11:25,Guangzhou Baiyun International Airport,CAN,10/07/2024 16:15,200,China Southern,Business Class,690,185,N/A,1502,Y,Y,Y,1,10,2,32
Yangon International Airport,RGN,11/07/2024 11:25,Kuala Lumpur International Airport,KUL,11/07/2024 15:50,175,Malaysia Airlines,Business Class,430,120,N/A,606,Y,Y,Y,1,8,2,23
Yangon International Airport,RGN,11/07/2024 10:35,Taiwan Taoyuan International Airport,TPE,11/07/2024 16:10,245,China Airlines,Business Class,805,240,N/A,1315,Y,Y,Y,2,7,2,32
Yangon International Airport,RGN,11/07/2024 10:35,Singapore Changi Airport,SIN,11/07/2024 15:20,195,Singapore Airlines,Business Class,365,65,N/A,1322,Y,Y,Y,1,7,1,25
Yangon International Airport,RGN,12/07/2024 11:25,Kuala Lumpur International Airport,KUL,12/07/2024 15:50,175,Malaysia Airlines,Business Class,430,120,N/A,666,Y,Y,Y,1,8,2,23
Yangon International Airport,RGN,12/07/2024 11:25,Kuala Lumpur International Airport,KUL,12/07/2024 15:50,175,Malaysia Airlines,Business Class,1235,935,TRUE,618,Y,Y,Y,1,8,2,23
Yangon International Airport,RGN,12/07/2024 10:35,Singapore Changi Airport,SIN,12/07/2024 15:20,195,Singapore Airlines,Business Class,1200,900,TRUE,1078,Y,Y,Y,1,7,1,25
Yangon International Airport,RGN,12/07/2024 11:25,Guangzhou Baiyun International Airport,CAN,12/07/2024 16:15,200,China Southern,Business Class,690,185,N/A,1279,Y,Y,Y,1,10,2,32
Yangon International Airport,RGN,12/07/2024 10:35,Singapore Changi Airport,SIN,12/07/2024 15:20,195,Singapore Airlines,Business Class,695,395,N/A,1322,Y,Y,Y,1,7,1,25
Yangon International Airport,RGN,13/07/2024 11:25,Kuala Lumpur International Airport,KUL,13/07/2024 15:50,175,Malaysia Airlines,Business Class,430,120,N/A,606,Y,Y,Y,1,8,2,23
Yangon International Airport,RGN,13/07/2024 11:25,Guangzhou Baiyun International Airport,CAN,13/07/2024 16:00,185,China Southern,Business Class,1460,975,TRUE,1072,Y,Y,Y,1,10,2,32
Yangon International Airport,RGN,13/07/2024 10:35,Singapore Changi Airport,SIN,13/07/2024 15:20,195,Singapore Airlines,Business Class,695,395,N/A,1078,Y,Y,Y,1,7,1,25
Yangon International Airport,RGN,13/07/2024 11:25,Guangzhou Baiyun International Airport,CAN,13/07/2024 16:00,185,China Southern,Business Class,690,200,N/A,1279,Y,Y,Y,1,10,2,32
Yangon International Airport,RGN,13/07/2024 10:35,Taiwan Taoyuan International Airport,TPE,13/07/2024 16:10,245,China Airlines,Business Class,1590,1025,TRUE,1315,Y,Y,Y,2,7,2,32
Yangon International Airport,RGN,13/07/2024 10:35,Singapore Changi Airport,SIN,13/07/2024 15:20,195,Singapore Airlines,Business Class,420,120,N/A,1322,Y,Y,Y,1,7,1,25
Yangon International Airport,RGN,14/07/2024 11:25,Kuala Lumpur International Airport,KUL,14/07/2024 15:50,175,Malaysia Airlines,Business Class,430,120,N/A,606,Y,Y,Y,1,8,2,23
Yangon International Airport,RGN,14/07/2024 10:35,Singapore Changi Airport,SIN,14/07/2024 15:20,195,Singapore Airlines,Business Class,365,65,N/A,1322,Y,Y,Y,1,7,1,25
Yangon International Airport,RGN,14/07/2024 11:25,Kuala Lumpur International Airport,KUL,14/07/2024 15:50,175,Malaysia Airlines,Business Class,1780,1460,TRUE,601,Y,Y,Y,1,8,2,23
Yangon International Airport,RGN,14/07/2024 10:35,Singapore Changi Airport,SIN,14/07/2024 15:20,195,Singapore Airlines,Business Class,1200,900,TRUE,1078,Y,Y,Y,1,7,1,25
Yangon International Airport,RGN,15/07/2024 11:25,Kuala Lumpur International Airport,KUL,15/07/2024 15:50,175,Malaysia Airlines,Business Class,430,120,N/A,735,Y,Y,Y,1,8,2,23
Yangon International Airport,RGN,15/07/2024 10:35,Singapore Changi Airport,SIN,15/07/2024 15:20,195,Singapore Airlines,Business Class,420,120,N/A,1078,Y,Y,Y,1,7,1,25
Yangon International Airport,RGN,15/07/2024 11:25,Kuala Lumpur International Airport,KUL,15/07/2024 15:50,175,Malaysia Airlines,Business Class,670,360,N/A,606,Y,Y,Y,1,8,2,23
Yangon International Airport,RGN,15/07/2024 11:25,Guangzhou Baiyun International Airport,CAN,15/07/2024 16:15,200,China Southern,Business Class,690,185,N/A,1072,Y,Y,Y,1,10,2,32
Yangon International Airport,RGN,15/07/2024 10:35,Singapore Changi Airport,SIN,15/07/2024 15:20,195,Singapore Airlines,Business Class,365,65,N/A,1322,Y,Y,Y,1,7,1,25
Yangon International Airport,RGN,16/07/2024 11:25,Kuala Lumpur International Airport,KUL,16/07/2024 15:50,175,Malaysia Airlines,Business Class,430,120,N/A,606,Y,Y,Y,1,8,2,23
Yangon International Airport,RGN,16/07/2024 10:35,Singapore Changi Airport,SIN,16/07/2024 15:20,195,Singapore Airlines,Business Class,365,65,N/A,1078,Y,Y,Y,1,7,1,25
Yangon International Airport,RGN,16/07/2024 10:35,Taiwan Taoyuan International Airport,TPE,16/07/2024 16:10,245,China Airlines,Business Class,805,240,N/A,1315,Y,Y,Y,2,7,2,32
Yangon International Airport,RGN,17/07/2024 11:25,Kuala Lumpur International Airport,KUL,17/07/2024 15:50,175,Malaysia Airlines,Business Class,430,120,N/A,606,Y,Y,Y,1,8,2,23
Yangon International Airport,RGN,17/07/2024 10:35,Singapore Changi Airport,SIN,17/07/2024 15:20,195,Singapore Airlines,Business Class,420,120,N/A,926,Y,Y,Y,1,7,1,25
Yangon International Airport,RGN,17/07/2024 10:35,Singapore Changi Airport,SIN,17/07/2024 15:20,195,Singapore Airlines,Business Class,365,65,N/A,1078,Y,Y,Y,1,7,1,25
Yangon International Airport,RGN,17/07/2024 11:25,Guangzhou Baiyun International Airport,CAN,17/07/2024 16:15,200,China Southern,Business Class,690,185,N/A,1072,Y,Y,Y,1,10,2,32
Yangon International Airport,RGN,18/07/2024 11:25,Kuala Lumpur International Airport,KUL,18/07/2024 15:50,175,Malaysia Airlines,Business Class,670,360,N/A,606,Y,Y,Y,1,8,2,23
Yangon International Airport,RGN,18/07/2024 10:35,Singapore Changi Airport,SIN,18/07/2024 15:20,195,Singapore Airlines,Business Class,365,65,N/A,926,Y,Y,Y,1,7,1,25
Yangon International Airport,RGN,18/07/2024 10:35,Taiwan Taoyuan International Airport,TPE,18/07/2024 16:10,245,China Airlines,Business Class,805,240,N/A,1315,Y,Y,Y,2,7,2,32
Yangon International Airport,RGN,19/07/2024 11:25,Kuala Lumpur International Airport,KUL,19/07/2024 15:50,175,Malaysia Airlines,Business Class,430,120,N/A,606,Y,Y,Y,1,8,2,23
Yangon International Airport,RGN,19/07/2024 10:35,Singapore Changi Airport,SIN,19/07/2024 15:20,195,Singapore Airlines,Business Class,365,65,N/A,1078,Y,Y,Y,1,7,1,25
Yangon International Airport,RGN,19/07/2024 10:35,Singapore Changi Airport,SIN,19/07/2024 15:20,195,Singapore Airlines,Business Class,1200,900,TRUE,926,Y,Y,Y,1,7,1,25
Yangon International Airport,RGN,19/07/2024 11:25,Guangzhou Baiyun International Airport,CAN,19/07/2024 16:15,200,China Southern,Business Class,690,185,N/A,1072,Y,Y,Y,1,10,2,32
Yangon International Airport,RGN,20/07/2024 11:25,Kuala Lumpur International Airport,KUL,20/07/2024 15:50,175,Malaysia Airlines,Business Class,430,120,N/A,606,Y,Y,Y,1,8,2,23
Yangon International Airport,RGN,20/07/2024 10:35,Singapore Changi Airport,SIN,20/07/2024 15:20,195,Singapore Airlines,Business Class,365,65,N/A,926,Y,Y,Y,1,7,1,25
Yangon International Airport,RGN,20/07/2024 11:25,Guangzhou Baiyun International Airport,CAN,20/07/2024 16:00,185,China Southern,Business Class,1460,975,TRUE,1072,Y,Y,Y,1,10,2,32
Yangon International Airport,RGN,20/07/2024 11:25,Guangzhou Baiyun International Airport,CAN,20/07/2024 16:00,185,China Southern,Business Class,690,200,N/A,1279,Y,Y,Y,1,10,2,32
Yangon International Airport,RGN,20/07/2024 10:35,Taiwan Taoyuan International Airport,TPE,20/07/2024 16:10,245,China Airlines,Business Class,1590,1025,TRUE,1315,Y,Y,Y,2,7,2,32
Yangon International Airport,RGN,21/07/2024 11:25,Kuala Lumpur International Airport,KUL,21/07/2024 15:50,175,Malaysia Airlines,Business Class,430,120,N/A,606,Y,Y,Y,1,8,2,23
Yangon International Airport,RGN,21/07/2024 10:35,Singapore Changi Airport,SIN,21/07/2024 15:20,195,Singapore Airlines,Business Class,365,65,N/A,926,Y,Y,Y,1,7,1,25
Yangon International Airport,RGN,22/07/2024 11:25,Kuala Lumpur International Airport,KUL,22/07/2024 15:50,175,Malaysia Airlines,Business Class,430,120,N/A,606,Y,Y,Y,1,8,2,23
Yangon International Airport,RGN,22/07/2024 10:35,Singapore Changi Airport,SIN,22/07/2024 15:20,195,Singapore Airlines,Business Class,420,120,N/A,926,Y,Y,Y,1,7,1,25
Yangon International Airport,RGN,22/07/2024 11:25,Guangzhou Baiyun International Airport,CAN,22/07/2024 16:15,200,China Southern,Business Class,690,185,N/A,1072,Y,Y,Y,1,10,2,32
Yangon International Airport,RGN,22/07/2024 10:35,Singapore Changi Airport,SIN,22/07/2024 15:20,195,Singapore Airlines,Business Class,365,65,N/A,1078,Y,Y,Y,1,7,1,25
Yangon International Airport,RGN,22/07/2024 10:35,Taiwan Taoyuan International Airport,TPE,22/07/2024 16:10,245,China Airlines,Business Class,1590,1025,TRUE,1315,Y,Y,Y,2,7,2,32
Yangon International Airport,RGN,23/07/2024 11:25,Kuala Lumpur International Airport,KUL,23/07/2024 15:50,175,Malaysia Airlines,Business Class,430,120,N/A,606,Y,Y,Y,1,8,2,23
Yangon International Airport,RGN,23/07/2024 10:35,Singapore Changi Airport,SIN,23/07/2024 15:20,195,Singapore Airlines,Business Class,365,65,N/A,926,Y,Y,Y,1,7,1,25
Yangon International Airport,RGN,23/07/2024 10:35,Taiwan Taoyuan International Airport,TPE,23/07/2024 16:10,245,China Airlines,Business Class,805,240,N/A,1315,Y,Y,Y,2,7,2,32
Yangon International Airport,RGN,24/07/2024 11:25,Kuala Lumpur International Airport,KUL,24/07/2024 15:50,175,Malaysia Airlines,Business Class,430,120,N/A,752,Y,Y,Y,1,8,2,23
Yangon International Airport,RGN,24/07/2024 10:35,Singapore Changi Airport,SIN,24/07/2024 15:20,195,Singapore Airlines,Business Class,365,65,N/A,926,Y,Y,Y,1,7,1,25
Yangon International Airport,RGN,24/07/2024 11:25,Kuala Lumpur International Airport,KUL,24/07/2024 15:50,175,Malaysia Airlines,Business Class,1235,935,TRUE,618,Y,Y,Y,1,8,2,23
Yangon International Airport,RGN,24/07/2024 11:25,Guangzhou Baiyun International Airport,CAN,24/07/2024 16:15,200,China Southern,Business Class,1460,960,TRUE,1296,Y,Y,Y,1,10,2,32
Yangon International Airport,RGN,24/07/2024 11:25,Guangzhou Baiyun International Airport,CAN,24/07/2024 16:15,200,China Southern,Business Class,690,185,N/A,1502,Y,Y,Y,1,10,2,32
Yangon International Airport,RGN,25/07/2024 11:25,Kuala Lumpur International Airport,KUL,25/07/2024 15:50,175,Malaysia Airlines,Business Class,430,120,N/A,606,Y,Y,Y,1,8,2,23
Yangon International Airport,RGN,25/07/2024 10:35,Singapore Changi Airport,SIN,25/07/2024 15:20,195,Singapore Airlines,Business Class,365,65,N/A,926,Y,Y,Y,1,7,1,25
Yangon International Airport,RGN,25/07/2024 10:35,Taiwan Taoyuan International Airport,TPE,25/07/2024 16:10,245,China Airlines,Business Class,805,240,N/A,1315,Y,Y,Y,2,7,2,32
Yangon International Airport,RGN,26/07/2024 11:25,Kuala Lumpur International Airport,KUL,26/07/2024 15:50,175,Malaysia Airlines,Business Class,430,120,N/A,606,Y,Y,Y,1,8,2,23
Yangon International Airport,RGN,26/07/2024 10:35,Singapore Changi Airport,SIN,26/07/2024 15:20,195,Singapore Airlines,Business Class,365,65,N/A,926,Y,Y,Y,1,7,1,25
Yangon International Airport,RGN,26/07/2024 11:25,Guangzhou Baiyun International Airport,CAN,26/07/2024 16:15,200,China Southern,Business Class,690,185,N/A,1072,Y,Y,Y,1,10,2,32
Yangon International Airport,RGN,27/07/2024 11:25,Kuala Lumpur International Airport,KUL,27/07/2024 15:50,175,Malaysia Airlines,Business Class,430,120,N/A,606,Y,Y,Y,1,8,2,23
Yangon International Airport,RGN,27/07/2024 10:35,Singapore Changi Airport,SIN,27/07/2024 15:20,195,Singapore Airlines,Business Class,365,65,N/A,926,Y,Y,Y,1,7,1,25
Yangon International Airport,RGN,27/07/2024 11:25,Guangzhou Baiyun International Airport,CAN,27/07/2024 16:00,185,China Southern,Business Class,690,200,N/A,1072,Y,Y,Y,1,10,2,32
Yangon International Airport,RGN,27/07/2024 10:35,Taiwan Taoyuan International Airport,TPE,27/07/2024 16:10,245,China Airlines,Business Class,1590,1025,TRUE,1315,Y,Y,Y,2,7,2,32
Yangon International Airport,RGN,28/07/2024 11:25,Kuala Lumpur International Airport,KUL,28/07/2024 15:50,175,Malaysia Airlines,Business Class,670,360,N/A,606,Y,Y,Y,1,8,2,23
Yangon International Airport,RGN,28/07/2024 10:35,Singapore Changi Airport,SIN,28/07/2024 15:20,195,Singapore Airlines,Business Class,365,65,N/A,926,Y,Y,Y,1,7,1,25
Yangon International Airport,RGN,28/07/2024 11:25,Kuala Lumpur International Airport,KUL,28/07/2024 15:50,175,Malaysia Airlines,Business Class,430,120,N/A,931,Y,Y,Y,1,8,2,23
Yangon International Airport,RGN,29/07/2024 11:25,Kuala Lumpur International Airport,KUL,29/07/2024 15:50,175,Malaysia Airlines,Business Class,430,120,N/A,606,Y,Y,Y,1,8,2,23
Yangon International Airport,RGN,29/07/2024 10:35,Singapore Changi Airport,SIN,29/07/2024 15:20,195,Singapore Airlines,Business Class,365,65,N/A,926,Y,Y,Y,1,7,1,25
Yangon International Airport,RGN,29/07/2024 11:25,Guangzhou Baiyun International Airport,CAN,29/07/2024 16:15,200,China Southern,Business Class,690,185,N/A,1072,Y,Y,Y,1,10,2,32
Yangon International Airport,RGN,29/07/2024 10:35,Taiwan Taoyuan International Airport,TPE,29/07/2024 16:10,245,China Airlines,Business Class,1590,1025,TRUE,1315,Y,Y,Y,2,7,2,32
Yangon International Airport,RGN,30/07/2024 11:25,Kuala Lumpur International Airport,KUL,30/07/2024 15:50,175,Malaysia Airlines,Business Class,430,120,N/A,606,Y,Y,Y,1,8,2,23
Yangon International Airport,RGN,30/07/2024 10:35,Singapore Changi Airport,SIN,30/07/2024 15:20,195,Singapore Airlines,Business Class,365,65,N/A,926,Y,Y,Y,1,7,1,25
Yangon International Airport,RGN,30/07/2024 10:35,Taiwan Taoyuan International Airport,TPE,30/07/2024 16:10,245,China Airlines,Business Class,805,240,N/A,1315,Y,Y,Y,2,7,2,32
Yangon International Airport,RGN,31/07/2024 11:25,Kuala Lumpur International Airport,KUL,31/07/2024 15:50,175,Malaysia Airlines,Business Class,430,120,N/A,606,Y,Y,Y,1,8,2,23
Yangon International Airport,RGN,31/07/2024 10:35,Singapore Changi Airport,SIN,31/07/2024 15:20,195,Singapore Airlines,Business Class,365,65,N/A,926,Y,Y,Y,1,7,1,25
Yangon International Airport,RGN,31/07/2024 11:25,Guangzhou Baiyun International Airport,CAN,31/07/2024 16:15,200,China Southern,Business Class,690,185,N/A,1072,Y,Y,Y,1,10,2,32
Yangon International Airport,RGN,01/08/2024 11:25,Kuala Lumpur International Airport,KUL,01/08/2024 15:50,175,Malaysia Airlines,Business Class,430,120,N/A,350,Y,Y,Y,1,8,2,23
Yangon International Airport,RGN,01/08/2024 10:35,Singapore Changi Airport,SIN,01/08/2024 15:20,195,Singapore Airlines,Business Class,365,65,N/A,754,Y,Y,Y,1,7,1,25
Yangon International Airport,RGN,01/08/2024 6:50,Kuala Lumpur International Airport,KUL,01/08/2024 11:05,165,MAI,Business Class,465,160,N/A,499,Y,Y,Y,1,7,1,30
Yangon International Airport,RGN,01/08/2024 10:35,Taiwan Taoyuan International Airport,TPE,01/08/2024 16:10,245,China Airlines,Business Class,805,240,N/A,814,Y,Y,Y,2,7,2,32
Yangon International Airport,RGN,02/08/2024 11:25,Kuala Lumpur International Airport,KUL,02/08/2024 15:50,175,Malaysia Airlines,Business Class,430,120,N/A,350,Y,Y,Y,1,8,2,23
Yangon International Airport,RGN,02/08/2024 10:35,Singapore Changi Airport,SIN,02/08/2024 15:20,195,Singapore Airlines,Business Class,365,65,N/A,877,Y,Y,Y,1,7,1,25
Yangon International Airport,RGN,02/08/2024 6:50,Kuala Lumpur International Airport,KUL,02/08/2024 11:05,165,MAI,Business Class,465,160,N/A,499,Y,Y,Y,1,7,1,30
Yangon International Airport,RGN,02/08/2024 11:25,Guangzhou Baiyun International Airport,CAN,02/08/2024 16:15,200,China Southern,Business Class,690,185,N/A,873,Y,Y,Y,1,10,2,32
Yangon International Airport,RGN,03/08/2024 11:25,Kuala Lumpur International Airport,KUL,03/08/2024 15:50,175,Malaysia Airlines,Business Class,430,120,N/A,350,Y,Y,Y,1,8,2,23
Yangon International Airport,RGN,03/08/2024 6:50,Kuala Lumpur International Airport,KUL,03/08/2024 11:05,165,MAI,Business Class,465,160,N/A,499,Y,Y,Y,1,7,1,30
Yangon International Airport,RGN,03/08/2024 10:35,Taiwan Taoyuan International Airport,TPE,03/08/2024 16:10,245,China Airlines,Business Class,2245,1680,TRUE,1136,Y,Y,Y,2,7,2,32
Yangon International Airport,RGN,04/08/2024 11:25,Kuala Lumpur International Airport,KUL,04/08/2024 15:50,175,Malaysia Airlines,Business Class,430,120,N/A,396,Y,Y,Y,1,8,2,23
Yangon International Airport,RGN,04/08/2024 10:35,Singapore Changi Airport,SIN,04/08/2024 15:20,195,Singapore Airlines,Business Class,420,120,N/A,754,Y,Y,Y,1,7,1,25
Yangon International Airport,RGN,04/08/2024 11:25,Kuala Lumpur International Airport,KUL,04/08/2024 15:50,175,Malaysia Airlines,Business Class,670,360,N/A,350,Y,Y,Y,1,8,2,23
Yangon International Airport,RGN,04/08/2024 6:50,Kuala Lumpur International Airport,KUL,04/08/2024 11:05,165,MAI,Business Class,945,645,N/A,499,Y,Y,Y,1,7,1,30
Yangon International Airport,RGN,04/08/2024 6:50,Kuala Lumpur International Airport,KUL,04/08/2024 11:05,165,MAI,Business Class,465,160,N/A,546,Y,Y,Y,1,7,1,30
Yangon International Airport,RGN,04/08/2024 10:35,Singapore Changi Airport,SIN,04/08/2024 15:20,195,Singapore Airlines,Business Class,365,65,N/A,1076,Y,Y,Y,1,7,1,25
Yangon International Airport,RGN,05/08/2024 11:25,Guangzhou Baiyun International Airport,CAN,05/08/2024 16:15,200,China Southern,Business Class,690,185,N/A,1428,Y,Y,Y,1,10,2,32
Yangon International Airport,RGN,06/08/2024 11:25,Kuala Lumpur International Airport,KUL,06/08/2024 15:50,175,Malaysia Airlines,Business Class,430,120,N/A,350,Y,Y,Y,1,8,2,23
Yangon International Airport,RGN,06/08/2024 10:35,Singapore Changi Airport,SIN,06/08/2024 15:20,195,Singapore Airlines,Business Class,365,65,N/A,754,Y,Y,Y,1,7,1,25
Yangon International Airport,RGN,06/08/2024 6:50,Kuala Lumpur International Airport,KUL,06/08/2024 11:05,165,MAI,Business Class,465,160,N/A,499,Y,Y,Y,1,7,1,30
Yangon International Airport,RGN,06/08/2024 10:35,Taiwan Taoyuan International Airport,TPE,06/08/2024 16:10,245,China Airlines,Business Class,805,240,N/A,1070,Y,Y,Y,2,7,2,32
Yangon International Airport,RGN,07/08/2024 11:25,Kuala Lumpur International Airport,KUL,07/08/2024 15:50,175,Malaysia Airlines,Business Class,430,120,N/A,350,Y,Y,Y,1,8,2,23
Yangon International Airport,RGN,07/08/2024 10:35,Singapore Changi Airport,SIN,07/08/2024 15:20,195,Singapore Airlines,Business Class,365,65,N/A,754,Y,Y,Y,1,7,1,25
Yangon International Airport,RGN,07/08/2024 6:50,Kuala Lumpur International Airport,KUL,07/08/2024 11:05,165,MAI,Business Class,465,160,N/A,499,Y,Y,Y,1,7,1,30
Yangon International Airport,RGN,07/08/2024 11:25,Guangzhou Baiyun International Airport,CAN,07/08/2024 16:15,200,China Southern,Business Class,690,185,N/A,1277,Y,Y,Y,1,10,2,32
Yangon International Airport,RGN,08/08/2024 11:25,Kuala Lumpur International Airport,KUL,08/08/2024 15:50,175,Malaysia Airlines,Business Class,430,120,N/A,350,Y,Y,Y,1,8,2,23
Yangon International Airport,RGN,08/08/2024 10:35,Singapore Changi Airport,SIN,08/08/2024 15:20,195,Singapore Airlines,Business Class,365,65,N/A,754,Y,Y,Y,1,7,1,25
Yangon International Airport,RGN,08/08/2024 6:50,Kuala Lumpur International Airport,KUL,08/08/2024 11:05,165,MAI,Business Class,465,160,N/A,499,Y,Y,Y,1,7,1,30
Yangon International Airport,RGN,08/08/2024 10:35,Taiwan Taoyuan International Airport,TPE,08/08/2024 16:10,245,China Airlines,Business Class,805,240,N/A,814,Y,Y,Y,2,7,2,32
Yangon International Airport,RGN,09/08/2024 11:25,Kuala Lumpur International Airport,KUL,09/08/2024 15:50,175,Malaysia Airlines,Business Class,430,120,N/A,350,Y,Y,Y,1,8,2,23
Yangon International Airport,RGN,09/08/2024 10:35,Singapore Changi Airport,SIN,09/08/2024 15:20,195,Singapore Airlines,Business Class,365,65,N/A,754,Y,Y,Y,1,7,1,25
Yangon International Airport,RGN,09/08/2024 6:50,Kuala Lumpur International Airport,KUL,09/08/2024 11:05,165,MAI,Business Class,465,160,N/A,499,Y,Y,Y,1,7,1,30
Yangon International Airport,RGN,09/08/2024 11:25,Guangzhou Baiyun International Airport,CAN,09/08/2024 16:15,200,China Southern,Business Class,690,185,N/A,709,Y,Y,Y,1,10,2,32
Yangon International Airport,RGN,10/08/2024 11:25,Kuala Lumpur International Airport,KUL,10/08/2024 15:50,175,Malaysia Airlines,Business Class,430,120,N/A,350,Y,Y,Y,1,8,2,23
Yangon International Airport,RGN,10/08/2024 10:35,Singapore Changi Airport,SIN,10/08/2024 15:20,195,Singapore Airlines,Business Class,365,65,N/A,754,Y,Y,Y,1,7,1,25
Yangon International Airport,RGN,10/08/2024 6:50,Kuala Lumpur International Airport,KUL,10/08/2024 11:05,165,MAI,Business Class,465,160,N/A,499,Y,Y,Y,1,7,1,30
Yangon International Airport,RGN,10/08/2024 10:35,Taiwan Taoyuan International Airport,TPE,10/08/2024 16:10,245,China Airlines,Business Class,1590,1025,TRUE,1070,Y,Y,Y,2,7,2,32
Yangon International Airport,RGN,10/08/2024 11:25,Guangzhou Baiyun International Airport,CAN,10/08/2024 16:00,185,China Southern,Business Class,690,200,N/A,1277,Y,Y,Y,1,10,2,32
Yangon International Airport,RGN,11/08/2024 11:25,Kuala Lumpur International Airport,KUL,11/08/2024 15:50,175,Malaysia Airlines,Business Class,430,120,N/A,396,Y,Y,Y,1,8,2,23
Yangon International Airport,RGN,11/08/2024 10:35,Singapore Changi Airport,SIN,11/08/2024 15:20,195,Singapore Airlines,Business Class,420,120,N/A,754,Y,Y,Y,1,7,1,25
Yangon International Airport,RGN,11/08/2024 11:25,Kuala Lumpur International Airport,KUL,11/08/2024 15:50,175,Malaysia Airlines,Business Class,670,360,N/A,350,Y,Y,Y,1,8,2,23
Yangon International Airport,RGN,11/08/2024 6:50,Kuala Lumpur International Airport,KUL,11/08/2024 11:05,165,MAI,Business Class,615,305,N/A,499,Y,Y,Y,1,7,1,30
Yangon International Airport,RGN,11/08/2024 6:50,Kuala Lumpur International Airport,KUL,11/08/2024 11:05,165,MAI,Business Class,465,160,N/A,546,Y,Y,Y,1,7,1,30
Yangon International Airport,RGN,11/08/2024 10:35,Singapore Changi Airport,SIN,11/08/2024 15:20,195,Singapore Airlines,Business Class,365,65,N/A,877,Y,Y,Y,1,7,1,25
Yangon International Airport,RGN,12/08/2024 11:25,Kuala Lumpur International Airport,KUL,12/08/2024 15:50,175,Malaysia Airlines,Business Class,430,120,N/A,350,Y,Y,Y,1,8,2,23
Yangon International Airport,RGN,12/08/2024 10:35,Singapore Changi Airport,SIN,12/08/2024 15:20,195,Singapore Airlines,Business Class,365,65,N/A,754,Y,Y,Y,1,7,1,25
Yangon International Airport,RGN,12/08/2024 6:50,Kuala Lumpur International Airport,KUL,12/08/2024 11:05,165,MAI,Business Class,465,160,N/A,499,Y,Y,Y,1,7,1,30
Yangon International Airport,RGN,12/08/2024 11:25,Guangzhou Baiyun International Airport,CAN,12/08/2024 16:15,200,China Southern,Business Class,690,185,N/A,1277,Y,Y,Y,1,10,2,32
Yangon International Airport,RGN,13/08/2024 11:25,Kuala Lumpur International Airport,KUL,13/08/2024 15:50,175,Malaysia Airlines,Business Class,430,120,N/A,350,Y,Y,Y,1,8,2,23
Yangon International Airport,RGN,13/08/2024 10:35,Singapore Changi Airport,SIN,13/08/2024 15:20,195,Singapore Airlines,Business Class,365,65,N/A,754,Y,Y,Y,1,7,1,25
Yangon International Airport,RGN,13/08/2024 6:50,Kuala Lumpur International Airport,KUL,13/08/2024 11:05,165,MAI,Business Class,465,160,N/A,499,Y,Y,Y,1,7,1,30
Yangon International Airport,RGN,13/08/2024 10:35,Taiwan Taoyuan International Airport,TPE,13/08/2024 16:10,245,China Airlines,Business Class,805,240,N/A,814,Y,Y,Y,2,7,2,32
Yangon International Airport,RGN,14/08/2024 11:25,Kuala Lumpur International Airport,KUL,14/08/2024 15:50,175,Malaysia Airlines,Business Class,430,120,N/A,350,Y,Y,Y,1,8,2,23
Yangon International Airport,RGN,14/08/2024 10:35,Singapore Changi Airport,SIN,14/08/2024 15:20,195,Singapore Airlines,Business Class,365,65,N/A,754,Y,Y,Y,1,7,1,25
Yangon International Airport,RGN,14/08/2024 6:50,Kuala Lumpur International Airport,KUL,14/08/2024 11:05,165,MAI,Business Class,465,160,N/A,499,Y,Y,Y,1,7,1,30
Yangon International Airport,RGN,14/08/2024 11:25,Guangzhou Baiyun International Airport,CAN,14/08/2024 16:15,200,China Southern,Business Class,690,185,N/A,1277,Y,Y,Y,1,10,2,32
Yangon International Airport,RGN,15/08/2024 11:25,Kuala Lumpur International Airport,KUL,15/08/2024 15:50,175,Malaysia Airlines,Business Class,430,120,N/A,350,Y,Y,Y,1,8,2,23
Yangon International Airport,RGN,15/08/2024 10:35,Singapore Changi Airport,SIN,15/08/2024 15:20,195,Singapore Airlines,Business Class,365,65,N/A,754,Y,Y,Y,1,7,1,25
Yangon International Airport,RGN,15/08/2024 6:50,Kuala Lumpur International Airport,KUL,15/08/2024 11:05,165,MAI,Business Class,465,160,N/A,499,Y,Y,Y,1,7,1,30
Yangon International Airport,RGN,15/08/2024 10:35,Taiwan Taoyuan International Airport,TPE,15/08/2024 16:10,245,China Airlines,Business Class,805,240,N/A,814,Y,Y,Y,2,7,2,32
Yangon International Airport,RGN,16/08/2024 11:25,Kuala Lumpur International Airport,KUL,16/08/2024 15:50,175,Malaysia Airlines,Business Class,430,120,N/A,350,Y,Y,Y,1,8,2,23
Yangon International Airport,RGN,16/08/2024 10:35,Singapore Changi Airport,SIN,16/08/2024 15:20,195,Singapore Airlines,Business Class,365,65,N/A,754,Y,Y,Y,1,7,1,25
Yangon International Airport,RGN,16/08/2024 6:50,Kuala Lumpur International Airport,KUL,16/08/2024 11:05,165,MAI,Business Class,465,160,N/A,499,Y,Y,Y,1,7,1,30
Yangon International Airport,RGN,16/08/2024 11:25,Guangzhou Baiyun International Airport,CAN,16/08/2024 16:15,200,China Southern,Business Class,690,185,N/A,709,Y,Y,Y,1,10,2,32
Yangon International Airport,RGN,17/08/2024 11:25,Kuala Lumpur International Airport,KUL,17/08/2024 15:50,175,Malaysia Airlines,Business Class,430,120,N/A,350,Y,Y,Y,1,8,2,23
Yangon International Airport,RGN,17/08/2024 10:35,Singapore Changi Airport,SIN,17/08/2024 15:20,195,Singapore Airlines,Business Class,365,65,N/A,754,Y,Y,Y,1,7,1,25
Yangon International Airport,RGN,17/08/2024 6:50,Kuala Lumpur International Airport,KUL,17/08/2024 11:05,165,MAI,Business Class,465,160,N/A,499,Y,Y,Y,1,7,1,30
Yangon International Airport,RGN,17/08/2024 10:35,Taiwan Taoyuan International Airport,TPE,17/08/2024 16:10,245,China Airlines,Business Class,1590,1025,TRUE,1070,Y,Y,Y,2,7,2,32
Yangon International Airport,RGN,17/08/2024 11:25,Guangzhou Baiyun International Airport,CAN,17/08/2024 16:00,185,China Southern,Business Class,690,200,N/A,1277,Y,Y,Y,1,10,2,32
Yangon International Airport,RGN,18/08/2024 11:25,Kuala Lumpur International Airport,KUL,18/08/2024 15:50,175,Malaysia Airlines,Business Class,430,120,N/A,396,Y,Y,Y,1,8,2,23
Yangon International Airport,RGN,18/08/2024 10:35,Singapore Changi Airport,SIN,18/08/2024 15:20,195,Singapore Airlines,Business Class,365,65,N/A,754,Y,Y,Y,1,7,1,25
Yangon International Airport,RGN,18/08/2024 11:25,Kuala Lumpur International Airport,KUL,18/08/2024 15:50,175,Malaysia Airlines,Business Class,670,360,N/A,350,Y,Y,Y,1,8,2,23
Yangon International Airport,RGN,18/08/2024 6:50,Kuala Lumpur International Airport,KUL,18/08/2024 11:05,165,MAI,Business Class,465,160,N/A,499,Y,Y,Y,1,7,1,30
Yangon International Airport,RGN,19/08/2024 11:25,Kuala Lumpur International Airport,KUL,19/08/2024 15:50,175,Malaysia Airlines,Business Class,430,120,N/A,350,Y,Y,Y,1,8,2,23
Yangon International Airport,RGN,19/08/2024 10:35,Singapore Changi Airport,SIN,19/08/2024 15:20,195,Singapore Airlines,Business Class,365,65,N/A,754,Y,Y,Y,1,7,1,25
Yangon International Airport,RGN,19/08/2024 6:50,Kuala Lumpur International Airport,KUL,19/08/2024 11:05,165,MAI,Business Class,615,305,N/A,499,Y,Y,Y,1,7,1,30
Yangon International Airport,RGN,19/08/2024 6:50,Kuala Lumpur International Airport,KUL,19/08/2024 11:05,165,MAI,Business Class,465,160,N/A,546,Y,Y,Y,1,7,1,30
Yangon International Airport,RGN,19/08/2024 11:25,Guangzhou Baiyun International Airport,CAN,19/08/2024 16:15,200,China Southern,Business Class,690,185,N/A,1277,Y,Y,Y,1,10,2,32
Yangon International Airport,RGN,20/08/2024 11:25,Kuala Lumpur International Airport,KUL,20/08/2024 15:50,175,Malaysia Airlines,Business Class,430,120,N/A,350,Y,Y,Y,1,8,2,23
Yangon International Airport,RGN,20/08/2024 10:35,Singapore Changi Airport,SIN,20/08/2024 15:20,195,Singapore Airlines,Business Class,365,65,N/A,754,Y,Y,Y,1,7,1,25
Yangon International Airport,RGN,20/08/2024 6:50,Kuala Lumpur International Airport,KUL,20/08/2024 11:05,165,MAI,Business Class,465,160,N/A,499,Y,Y,Y,1,7,1,30
Yangon International Airport,RGN,20/08/2024 10:35,Taiwan Taoyuan International Airport,TPE,20/08/2024 16:10,245,China Airlines,Business Class,805,240,N/A,814,Y,Y,Y,2,7,2,32
Yangon International Airport,RGN,21/08/2024 11:25,Kuala Lumpur International Airport,KUL,21/08/2024 15:50,175,Malaysia Airlines,Business Class,430,120,N/A,350,Y,Y,Y,1,8,2,23
Yangon International Airport,RGN,21/08/2024 10:35,Singapore Changi Airport,SIN,21/08/2024 15:20,195,Singapore Airlines,Business Class,365,65,N/A,754,Y,Y,Y,1,7,1,25
Yangon International Airport,RGN,21/08/2024 6:50,Kuala Lumpur International Airport,KUL,21/08/2024 11:05,165,MAI,Business Class,465,160,N/A,499,Y,Y,Y,1,7,1,30
Yangon International Airport,RGN,21/08/2024 11:25,Guangzhou Baiyun International Airport,CAN,21/08/2024 16:15,200,China Southern,Business Class,690,185,N/A,1277,Y,Y,Y,1,10,2,32
Yangon International Airport,RGN,22/08/2024 11:25,Kuala Lumpur International Airport,KUL,22/08/2024 15:50,175,Malaysia Airlines,Business Class,430,120,N/A,350,Y,Y,Y,1,8,2,23
Yangon International Airport,RGN,22/08/2024 10:35,Singapore Changi Airport,SIN,22/08/2024 15:20,195,Singapore Airlines,Business Class,365,65,N/A,754,Y,Y,Y,1,7,1,25
Yangon International Airport,RGN,22/08/2024 6:50,Kuala Lumpur International Airport,KUL,22/08/2024 11:05,165,MAI,Business Class,465,160,N/A,499,Y,Y,Y,1,7,1,30
Yangon International Airport,RGN,22/08/2024 10:35,Taiwan Taoyuan International Airport,TPE,22/08/2024 16:10,245,China Airlines,Business Class,805,240,N/A,814,Y,Y,Y,2,7,2,32
Yangon International Airport,RGN,23/08/2024 11:25,Kuala Lumpur International Airport,KUL,23/08/2024 15:50,175,Malaysia Airlines,Business Class,430,120,N/A,350,Y,Y,Y,1,8,2,23
Yangon International Airport,RGN,23/08/2024 10:35,Singapore Changi Airport,SIN,23/08/2024 15:20,195,Singapore Airlines,Business Class,365,65,N/A,877,Y,Y,Y,1,7,1,25
Yangon International Airport,RGN,23/08/2024 6:50,Kuala Lumpur International Airport,KUL,23/08/2024 11:05,165,MAI,Business Class,465,160,N/A,499,Y,Y,Y,1,7,1,30
Yangon International Airport,RGN,23/08/2024 11:25,Guangzhou Baiyun International Airport,CAN,23/08/2024 16:15,200,China Southern,Business Class,690,185,N/A,691,Y,Y,Y,1,10,2,32
Yangon International Airport,RGN,23/08/2024 10:35,Singapore Changi Airport,SIN,23/08/2024 15:20,195,Singapore Airlines,Business Class,695,395,N/A,754,Y,Y,Y,1,7,1,25
Yangon International Airport,RGN,24/08/2024 11:25,Kuala Lumpur International Airport,KUL,24/08/2024 15:50,175,Malaysia Airlines,Business Class,430,120,N/A,350,Y,Y,Y,1,8,2,23
Yangon International Airport,RGN,24/08/2024 10:35,Singapore Changi Airport,SIN,24/08/2024 15:20,195,Singapore Airlines,Business Class,365,65,N/A,754,Y,Y,Y,1,7,1,25
Yangon International Airport,RGN,24/08/2024 6:50,Kuala Lumpur International Airport,KUL,24/08/2024 11:05,165,MAI,Business Class,465,160,N/A,499,Y,Y,Y,1,7,1,30
Yangon International Airport,RGN,24/08/2024 10:35,Taiwan Taoyuan International Airport,TPE,24/08/2024 16:10,245,China Airlines,Business Class,1590,1025,TRUE,1070,Y,Y,Y,2,7,2,32
Yangon International Airport,RGN,24/08/2024 11:25,Guangzhou Baiyun International Airport,CAN,24/08/2024 16:00,185,China Southern,Business Class,690,200,N/A,1277,Y,Y,Y,1,10,2,32
Yangon International Airport,RGN,25/08/2024 11:25,Kuala Lumpur International Airport,KUL,25/08/2024 15:50,175,Malaysia Airlines,Business Class,430,120,N/A,350,Y,Y,Y,1,8,2,23
Yangon International Airport,RGN,25/08/2024 10:35,Singapore Changi Airport,SIN,25/08/2024 15:20,195,Singapore Airlines,Business Class,365,65,N/A,754,Y,Y,Y,1,7,1,25
Yangon International Airport,RGN,25/08/2024 6:50,Kuala Lumpur International Airport,KUL,25/08/2024 11:05,165,MAI,Business Class,615,305,N/A,499,Y,Y,Y,1,7,1,30
Yangon International Airport,RGN,25/08/2024 6:50,Kuala Lumpur International Airport,KUL,25/08/2024 11:05,165,MAI,Business Class,465,160,N/A,546,Y,Y,Y,1,7,1,30
Yangon International Airport,RGN,26/08/2024 11:25,Kuala Lumpur International Airport,KUL,26/08/2024 15:50,175,Malaysia Airlines,Business Class,430,120,N/A,350,Y,Y,Y,1,8,2,23
Yangon International Airport,RGN,26/08/2024 10:35,Singapore Changi Airport,SIN,26/08/2024 15:20,195,Singapore Airlines,Business Class,365,65,N/A,754,Y,Y,Y,1,7,1,25
Yangon International Airport,RGN,26/08/2024 6:50,Kuala Lumpur International Airport,KUL,26/08/2024 11:05,165,MAI,Business Class,615,305,N/A,499,Y,Y,Y,1,7,1,30
Yangon International Airport,RGN,26/08/2024 6:50,Kuala Lumpur International Airport,KUL,26/08/2024 11:05,165,MAI,Business Class,465,160,N/A,546,Y,Y,Y,1,7,1,30
Yangon International Airport,RGN,26/08/2024 11:25,Guangzhou Baiyun International Airport,CAN,26/08/2024 16:15,200,China Southern,Business Class,690,185,N/A,873,Y,Y,Y,1,10,2,32
Yangon International Airport,RGN,27/08/2024 11:25,Kuala Lumpur International Airport,KUL,27/08/2024 15:50,175,Malaysia Airlines,Business Class,430,120,N/A,350,Y,Y,Y,1,8,2,23
Yangon International Airport,RGN,27/08/2024 10:35,Singapore Changi Airport,SIN,27/08/2024 15:20,195,Singapore Airlines,Business Class,365,65,N/A,555,Y,Y,Y,1,7,1,25
Yangon International Airport,RGN,27/08/2024 6:50,Kuala Lumpur International Airport,KUL,27/08/2024 11:05,165,MAI,Business Class,465,160,N/A,499,Y,Y,Y,1,7,1,30
Yangon International Airport,RGN,27/08/2024 10:35,Taiwan Taoyuan International Airport,TPE,27/08/2024 16:10,245,China Airlines,Business Class,805,240,N/A,1070,Y,Y,Y,2,7,2,32
Yangon International Airport,RGN,28/08/2024 11:25,Kuala Lumpur International Airport,KUL,28/08/2024 15:50,175,Malaysia Airlines,Business Class,430,120,N/A,350,Y,Y,Y,1,8,2,23
Yangon International Airport,RGN,28/08/2024 10:35,Singapore Changi Airport,SIN,28/08/2024 15:20,195,Singapore Airlines,Business Class,365,65,N/A,754,Y,Y,Y,1,7,1,25
Yangon International Airport,RGN,28/08/2024 6:50,Kuala Lumpur International Airport,KUL,28/08/2024 11:05,165,MAI,Business Class,615,305,N/A,499,Y,Y,Y,1,7,1,30
Yangon International Airport,RGN,28/08/2024 6:50,Kuala Lumpur International Airport,KUL,28/08/2024 11:05,165,MAI,Business Class,465,160,N/A,546,Y,Y,Y,1,7,1,30
Yangon International Airport,RGN,28/08/2024 11:25,Guangzhou Baiyun International Airport,CAN,28/08/2024 16:15,200,China Southern,Business Class,1460,960,TRUE,1277,Y,Y,Y,1,10,2,32
Yangon International Airport,RGN,28/08/2024 11:25,Guangzhou Baiyun International Airport,CAN,28/08/2024 16:15,200,China Southern,Business Class,690,185,N/A,1428,Y,Y,Y,1,10,2,32
Yangon International Airport,RGN,29/08/2024 11:25,Kuala Lumpur International Airport,KUL,29/08/2024 15:50,175,Malaysia Airlines,Business Class,430,120,N/A,350,Y,Y,Y,1,8,2,23
Yangon International Airport,RGN,29/08/2024 10:35,Singapore Changi Airport,SIN,29/08/2024 15:20,195,Singapore Airlines,Business Class,420,120,N/A,555,Y,Y,Y,1,7,1,25
Yangon International Airport,RGN,29/08/2024 6:50,Kuala Lumpur International Airport,KUL,29/08/2024 11:05,165,MAI,Business Class,465,160,N/A,499,Y,Y,Y,1,7,1,30
Yangon International Airport,RGN,29/08/2024 10:35,Singapore Changi Airport,SIN,29/08/2024 15:20,195,Singapore Airlines,Business Class,365,65,N/A,754,Y,Y,Y,1,7,1,25
Yangon International Airport,RGN,29/08/2024 10:35,Taiwan Taoyuan International Airport,TPE,29/08/2024 16:10,245,China Airlines,Business Class,805,240,N/A,1070,Y,Y,Y,2,7,2,32
Yangon International Airport,RGN,30/08/2024 11:25,Kuala Lumpur International Airport,KUL,30/08/2024 15:50,175,Malaysia Airlines,Business Class,430,120,N/A,358,Y,Y,Y,1,8,2,23
Yangon International Airport,RGN,30/08/2024 10:35,Singapore Changi Airport,SIN,30/08/2024 15:20,195,Singapore Airlines,Business Class,365,65,N/A,754,Y,Y,Y,1,7,1,25
Yangon International Airport,RGN,30/08/2024 6:50,Kuala Lumpur International Airport,KUL,30/08/2024 11:05,165,MAI,Business Class,465,160,N/A,507,Y,Y,Y,1,7,1,30
Yangon International Airport,RGN,30/08/2024 11:25,Guangzhou Baiyun International Airport,CAN,30/08/2024 16:15,200,China Southern,Business Class,690,185,N/A,873,Y,Y,Y,1,10,2,32
Yangon International Airport,RGN,31/08/2024 11:25,Kuala Lumpur International Airport,KUL,31/08/2024 15:50,175,Malaysia Airlines,Business Class,430,120,N/A,358,Y,Y,Y,1,8,2,23
Yangon International Airport,RGN,31/08/2024 6:50,Kuala Lumpur International Airport,KUL,31/08/2024 11:05,165,MAI,Business Class,465,160,N/A,507,Y,Y,Y,1,7,1,30
Yangon International Airport,RGN,31/08/2024 10:35,Singapore Changi Airport,SIN,31/08/2024 15:20,195,Singapore Airlines,Business Class,365,65,N/A,877,Y,Y,Y,1,7,1,25
Yangon International Airport,RGN,31/08/2024 10:35,Singapore Changi Airport,SIN,31/08/2024 15:20,195,Singapore Airlines,Business Class,695,395,N/A,754,Y,Y,Y,1,7,1,25
Yangon International Airport,RGN,31/08/2024 10:35,Taiwan Taoyuan International Airport,TPE,31/08/2024 16:10,245,China Airlines,Business Class,1590,1025,TRUE,1070,Y,Y,Y,2,7,2,32
Yangon International Airport,RGN,31/08/2024 11:25,Guangzhou Baiyun International Airport,CAN,31/08/2024 16:00,185,China Southern,Business Class,690,200,N/A,1277,Y,Y,Y,1,10,2,32