Departure Airport Name,Departure Airport ID,Departure Time,Arrival Airport Name,Arrival Airport ID,Arrival Time,Duration,Airline,Travel Class,Total Duration,Layover 1 Duration,Layover 1 Overnight,Price, Cabin Baggage, Checked Baggage,Meal Included,Cabin Baggage (Number),Cabin Baggage (kg per piece),Checked Baggage (Number),Checked Baggage (kg per piece) 
Yangon International Airport,RGN,01/07/2024 7:45,Suvarnabhumi Airport,BKK,01/07/2024 9:40,85,Myanmar National Airlines,Business Class,85,N/A,N/A,290,Y,Y,Y,1,7,1,40
Yangon International Airport,RGN,01/07/2024 17:25,Suvarnabhumi Airport,BKK,01/07/2024 19:20,85,Myanmar National Airlines,Business Class,85,N/A,N/A,290,Y,Y,Y,1,7,1,40
Yangon International Airport,RGN,01/07/2024 11:25,Kuala Lumpur International Airport,KUL,01/07/2024 15:50,175,Malaysia Airlines,Business Class,420,115,N/A,469,Y,Y,Y,1,8,2,23
Yangon International Airport,RGN,01/07/2024 11:25,Kuala Lumpur International Airport,KUL,01/07/2024 15:50,175,Malaysia Airlines,Business Class,1530,1220,TRUE,384,Y,Y,Y,1,8,2,23
Yangon International Airport,RGN,01/07/2024 15:10,Kunming Changshui International Airport,KMG,01/07/2024 18:40,120,China Eastern,Business Class,395,140,N/A,854,Y,Y,Y,1,10,2,32
Yangon International Airport,RGN,01/07/2024 10:35,Singapore Changi Airport,SIN,01/07/2024 15:20,195,Singapore Airlines,Business Class,475,130,N/A,1474,Y,Y,Y,1,7,1,25
Yangon International Airport,RGN,02/07/2024 7:45,Suvarnabhumi Airport,BKK,02/07/2024 9:40,85,Myanmar National Airlines,Business Class,85,N/A,N/A,290,Y,Y,Y,1,7,1,40
Yangon International Airport,RGN,02/07/2024 11:25,Kuala Lumpur International Airport,KUL,02/07/2024 15:50,175,Malaysia Airlines,Business Class,420,115,N/A,469,Y,Y,Y,1,8,2,23
Yangon International Airport,RGN,02/07/2024 15:10,Kunming Changshui International Airport,KMG,02/07/2024 18:40,120,China Eastern,Business Class,395,140,N/A,630,Y,Y,Y,1,10,2,32
Yangon International Airport,RGN,02/07/2024 11:25,Kuala Lumpur International Airport,KUL,02/07/2024 15:50,175,Malaysia Airlines,Business Class,1530,1220,TRUE,399,Y,Y,Y,1,8,2,23
Yangon International Airport,RGN,02/07/2024 11:25,Kuala Lumpur International Airport,KUL,02/07/2024 15:50,175,Malaysia Airlines,Business Class,610,305,N/A,635,Y,Y,Y,1,8,2,23
Yangon International Airport,RGN,02/07/2024 10:35,Singapore Changi Airport,SIN,02/07/2024 15:20,195,Singapore Airlines,Business Class,1290,950,TRUE,1053,Y,Y,Y,1,7,1,25
Yangon International Airport,RGN,02/07/2024 10:35,Singapore Changi Airport,SIN,02/07/2024 15:20,195,Singapore Airlines,Business Class,475,130,N/A,1233,Y,Y,Y,1,7,1,25
Yangon International Airport,RGN,02/07/2024 10:35,Taiwan Taoyuan International Airport,TPE,02/07/2024 16:10,245,China Airlines,Business Class,860,390,N/A,1633,Y,Y,Y,2,7,2,32
Yangon International Airport,RGN,03/07/2024 7:45,Suvarnabhumi Airport,BKK,03/07/2024 9:40,85,Myanmar National Airlines,Business Class,85,N/A,N/A,290,Y,Y,Y,1,7,1,40
Yangon International Airport,RGN,03/07/2024 17:25,Suvarnabhumi Airport,BKK,03/07/2024 19:20,85,Myanmar National Airlines,Business Class,85,N/A,N/A,290,Y,Y,Y,1,7,1,40
Yangon International Airport,RGN,03/07/2024 11:25,Kuala Lumpur International Airport,KUL,03/07/2024 15:50,175,Malaysia Airlines,Business Class,420,115,N/A,469,Y,Y,Y,1,8,2,23
Yangon International Airport,RGN,03/07/2024 15:10,Kunming Changshui International Airport,KMG,03/07/2024 18:40,120,China Eastern,Business Class,395,140,N/A,630,Y,Y,Y,1,10,2,32
Yangon International Airport,RGN,03/07/2024 10:35,Singapore Changi Airport,SIN,03/07/2024 15:20,195,Singapore Airlines,Business Class,475,130,N/A,1233,Y,Y,Y,1,7,1,25
Yangon International Airport,RGN,04/07/2024 7:45,Suvarnabhumi Airport,BKK,04/07/2024 9:40,85,Myanmar National Airlines,Business Class,85,N/A,N/A,290,Y,Y,Y,1,7,1,40
Yangon International Airport,RGN,04/07/2024 17:25,Suvarnabhumi Airport,BKK,04/07/2024 19:20,85,Myanmar National Airlines,Business Class,85,N/A,N/A,290,Y,Y,Y,1,7,1,40
Yangon International Airport,RGN,04/07/2024 11:25,Kuala Lumpur International Airport,KUL,04/07/2024 15:50,175,Malaysia Airlines,Business Class,610,305,N/A,439,Y,Y,Y,1,8,2,23
Yangon International Airport,RGN,04/07/2024 11:25,Kuala Lumpur International Airport,KUL,04/07/2024 15:50,175,Malaysia Airlines,Business Class,420,115,N/A,469,Y,Y,Y,1,8,2,23
Yangon International Airport,RGN,04/07/2024 15:10,Kunming Changshui International Airport,KMG,04/07/2024 18:40,120,China Eastern,Business Class,395,140,N/A,630,Y,Y,Y,1,10,2,32
Yangon International Airport,RGN,04/07/2024 10:35,Singapore Changi Airport,SIN,04/07/2024 15:20,195,Singapore Airlines,Business Class,475,130,N/A,1233,Y,Y,Y,1,7,1,25
Yangon International Airport,RGN,05/07/2024 7:45,Suvarnabhumi Airport,BKK,05/07/2024 9:40,85,Myanmar National Airlines,Business Class,85,N/A,N/A,290,Y,Y,Y,1,7,1,40
Yangon International Airport,RGN,05/07/2024 17:25,Suvarnabhumi Airport,BKK,05/07/2024 19:20,85,Myanmar National Airlines,Business Class,85,N/A,N/A,290,Y,Y,Y,1,7,1,40
Yangon International Airport,RGN,05/07/2024 6:50,Kuala Lumpur International Airport,KUL,05/07/2024 11:05,165,MAI,Business Class,600,295,N/A,583,Y,Y,Y,1,7,1,30
Yangon International Airport,RGN,05/07/2024 15:10,Kunming Changshui International Airport,KMG,05/07/2024 18:40,120,China Eastern,Business Class,395,140,N/A,630,Y,Y,Y,1,10,2,32
Yangon International Airport,RGN,05/07/2024 10:35,Singapore Changi Airport,SIN,05/07/2024 15:20,195,Singapore Airlines,Business Class,475,130,N/A,1233,Y,Y,Y,1,7,1,25
Yangon International Airport,RGN,06/07/2024 7:45,Suvarnabhumi Airport,BKK,06/07/2024 9:40,85,Myanmar National Airlines,Business Class,85,N/A,N/A,290,Y,Y,Y,1,7,1,40
Yangon International Airport,RGN,06/07/2024 17:25,Suvarnabhumi Airport,BKK,06/07/2024 19:20,85,Myanmar National Airlines,Business Class,85,N/A,N/A,290,Y,Y,Y,1,7,1,40
Yangon International Airport,RGN,06/07/2024 11:25,Kuala Lumpur International Airport,KUL,06/07/2024 15:50,175,Malaysia Airlines,Business Class,670,355,N/A,469,Y,Y,Y,1,8,2,23
Yangon International Airport,RGN,06/07/2024 15:10,Kunming Changshui International Airport,KMG,06/07/2024 18:40,120,China Eastern,Business Class,395,140,N/A,630,Y,Y,Y,1,10,2,32
Yangon International Airport,RGN,06/07/2024 10:35,Singapore Changi Airport,SIN,06/07/2024 15:20,195,Singapore Airlines,Business Class,475,130,N/A,1233,Y,Y,Y,1,7,1,25
Yangon International Airport,RGN,07/07/2024 7:45,Suvarnabhumi Airport,BKK,07/07/2024 9:40,85,Myanmar National Airlines,Business Class,85,N/A,N/A,274,Y,Y,Y,1,7,1,40
Yangon International Airport,RGN,07/07/2024 17:25,Suvarnabhumi Airport,BKK,07/07/2024 19:20,85,Myanmar National Airlines,Business Class,85,N/A,N/A,290,Y,Y,Y,1,7,1,40
Yangon International Airport,RGN,07/07/2024 11:25,Kuala Lumpur International Airport,KUL,07/07/2024 15:50,175,Malaysia Airlines,Business Class,420,115,N/A,469,Y,Y,Y,1,8,2,23
Yangon International Airport,RGN,07/07/2024 15:10,Kunming Changshui International Airport,KMG,07/07/2024 18:40,120,China Eastern,Business Class,395,140,N/A,630,Y,Y,Y,1,10,2,32
Yangon International Airport,RGN,07/07/2024 10:35,Singapore Changi Airport,SIN,07/07/2024 15:20,195,Singapore Airlines,Business Class,475,130,N/A,1233,Y,Y,Y,1,7,1,25
Yangon International Airport,RGN,08/07/2024 7:45,Suvarnabhumi Airport,BKK,08/07/2024 9:40,85,Myanmar National Airlines,Business Class,85,N/A,N/A,290,Y,Y,Y,1,7,1,40
Yangon International Airport,RGN,08/07/2024 17:25,Suvarnabhumi Airport,BKK,08/07/2024 19:20,85,Myanmar National Airlines,Business Class,85,N/A,N/A,290,Y,Y,Y,1,7,1,40
Yangon International Airport,RGN,08/07/2024 11:25,Kuala Lumpur International Airport,KUL,08/07/2024 15:50,175,Malaysia Airlines,Business Class,420,115,N/A,469,Y,Y,Y,1,8,2,23
Yangon International Airport,RGN,08/07/2024 15:10,Kunming Changshui International Airport,KMG,08/07/2024 18:40,120,China Eastern,Business Class,395,140,N/A,630,Y,Y,Y,1,10,2,32
Yangon International Airport,RGN,08/07/2024 10:35,Singapore Changi Airport,SIN,08/07/2024 15:20,195,Singapore Airlines,Business Class,475,130,N/A,1233,Y,Y,Y,1,7,1,25
Yangon International Airport,RGN,09/07/2024 15:50,Suvarnabhumi Airport,BKK,09/07/2024 17:45,85,Myanmar National Airlines,Business Class,85,N/A,N/A,290,Y,Y,Y,1,7,1,40
Yangon International Airport,RGN,09/07/2024 11:25,Kuala Lumpur International Airport,KUL,09/07/2024 15:50,175,Malaysia Airlines,Business Class,420,115,N/A,469,Y,Y,Y,1,8,2,23
Yangon International Airport,RGN,09/07/2024 15:10,Kunming Changshui International Airport,KMG,09/07/2024 18:40,120,China Eastern,Business Class,395,140,N/A,630,Y,Y,Y,1,10,2,32
Yangon International Airport,RGN,09/07/2024 6:50,Kuala Lumpur International Airport,KUL,09/07/2024 11:05,165,MAI,Business Class,540,240,N/A,642,Y,Y,Y,1,7,1,30
Yangon International Airport,RGN,10/07/2024 15:40,Suvarnabhumi Airport,BKK,10/07/2024 17:35,85,Myanmar National Airlines,Business Class,85,N/A,N/A,290,Y,Y,Y,1,7,1,40
Yangon International Airport,RGN,10/07/2024 17:25,Suvarnabhumi Airport,BKK,10/07/2024 19:20,85,Myanmar National Airlines,Business Class,85,N/A,N/A,290,Y,Y,Y,1,7,1,40
Yangon International Airport,RGN,10/07/2024 11:25,Kuala Lumpur International Airport,KUL,10/07/2024 15:50,175,Malaysia Airlines,Business Class,420,115,N/A,364,Y,Y,Y,1,8,2,23
Yangon International Airport,RGN,10/07/2024 15:10,Kunming Changshui International Airport,KMG,10/07/2024 18:40,120,China Eastern,Business Class,395,140,N/A,630,Y,Y,Y,1,10,2,32
Yangon International Airport,RGN,10/07/2024 6:50,Kuala Lumpur International Airport,KUL,10/07/2024 11:05,165,MAI,Business Class,600,295,N/A,642,Y,Y,Y,1,7,1,30
Yangon International Airport,RGN,10/07/2024 6:50,Kuala Lumpur International Airport,KUL,10/07/2024 11:05,165,MAI,Business Class,540,240,N/A,839,Y,Y,Y,1,7,1,30
Yangon International Airport,RGN,11/07/2024 7:45,Suvarnabhumi Airport,BKK,11/07/2024 9:40,85,Myanmar National Airlines,Business Class,85,N/A,N/A,290,Y,Y,Y,1,7,1,40
Yangon International Airport,RGN,11/07/2024 17:25,Suvarnabhumi Airport,BKK,11/07/2024 19:20,85,Myanmar National Airlines,Business Class,85,N/A,N/A,290,Y,Y,Y,1,7,1,40
Yangon International Airport,RGN,11/07/2024 11:25,Kuala Lumpur International Airport,KUL,11/07/2024 15:50,175,Malaysia Airlines,Business Class,420,115,N/A,469,Y,Y,Y,1,8,2,23
Yangon International Airport,RGN,11/07/2024 15:10,Kunming Changshui International Airport,KMG,11/07/2024 18:40,120,China Eastern,Business Class,395,140,N/A,630,Y,Y,Y,1,10,2,32
Yangon International Airport,RGN,11/07/2024 10:35,Singapore Changi Airport,SIN,11/07/2024 15:20,195,Singapore Airlines,Business Class,475,130,N/A,1053,Y,Y,Y,1,7,1,25
Yangon International Airport,RGN,12/07/2024 7:45,Suvarnabhumi Airport,BKK,12/07/2024 9:40,85,Myanmar National Airlines,Business Class,85,N/A,N/A,290,Y,Y,Y,1,7,1,40
Yangon International Airport,RGN,12/07/2024 17:25,Suvarnabhumi Airport,BKK,12/07/2024 19:20,85,Myanmar National Airlines,Business Class,85,N/A,N/A,290,Y,Y,Y,1,7,1,40
Yangon International Airport,RGN,12/07/2024 11:25,Kuala Lumpur International Airport,KUL,12/07/2024 15:50,175,Malaysia Airlines,Business Class,420,115,N/A,469,Y,Y,Y,1,8,2,23
Yangon International Airport,RGN,12/07/2024 15:10,Kunming Changshui International Airport,KMG,12/07/2024 18:40,120,China Eastern,Business Class,395,140,N/A,630,Y,Y,Y,1,10,2,32
Yangon International Airport,RGN,12/07/2024 10:35,Singapore Changi Airport,SIN,12/07/2024 15:20,195,Singapore Airlines,Business Class,475,130,N/A,1053,Y,Y,Y,1,7,1,25
Yangon International Airport,RGN,13/07/2024 7:45,Suvarnabhumi Airport,BKK,13/07/2024 9:40,85,Myanmar National Airlines,Business Class,85,N/A,N/A,290,Y,Y,Y,1,7,1,40
Yangon International Airport,RGN,13/07/2024 17:25,Suvarnabhumi Airport,BKK,13/07/2024 19:20,85,Myanmar National Airlines,Business Class,85,N/A,N/A,290,Y,Y,Y,1,7,1,40
Yangon International Airport,RGN,13/07/2024 11:25,Kuala Lumpur International Airport,KUL,13/07/2024 15:50,175,Malaysia Airlines,Business Class,670,355,N/A,469,Y,Y,Y,1,8,2,23
Yangon International Airport,RGN,13/07/2024 15:10,Kunming Changshui International Airport,KMG,13/07/2024 18:40,120,China Eastern,Business Class,395,140,N/A,630,Y,Y,Y,1,10,2,32
Yangon International Airport,RGN,13/07/2024 10:35,Singapore Changi Airport,SIN,13/07/2024 15:20,195,Singapore Airlines,Business Class,475,130,N/A,1053,Y,Y,Y,1,7,1,25
Yangon International Airport,RGN,14/07/2024 17:25,Suvarnabhumi Airport,BKK,14/07/2024 19:20,85,Myanmar National Airlines,Business Class,85,N/A,N/A,290,Y,Y,Y,1,7,1,40
Yangon International Airport,RGN,14/07/2024 11:25,Kuala Lumpur International Airport,KUL,14/07/2024 15:50,175,Malaysia Airlines,Business Class,420,115,N/A,469,Y,Y,Y,1,8,2,23
Yangon International Airport,RGN,14/07/2024 15:10,Kunming Changshui International Airport,KMG,14/07/2024 18:40,120,China Eastern,Business Class,395,140,N/A,630,Y,Y,Y,1,10,2,32
Yangon International Airport,RGN,14/07/2024 6:50,Kuala Lumpur International Airport,KUL,14/07/2024 11:05,165,MAI,Business Class,540,240,N/A,642,Y,Y,Y,1,7,1,30
Yangon International Airport,RGN,14/07/2024 10:35,Singapore Changi Airport,SIN,14/07/2024 15:20,195,Singapore Airlines,Business Class,475,130,N/A,1053,Y,Y,Y,1,7,1,25
Yangon International Airport,RGN,15/07/2024 7:45,Suvarnabhumi Airport,BKK,15/07/2024 9:40,85,Myanmar National Airlines,Business Class,85,N/A,N/A,290,Y,Y,Y,1,7,1,40
Yangon International Airport,RGN,15/07/2024 17:25,Suvarnabhumi Airport,BKK,15/07/2024 19:20,85,Myanmar National Airlines,Business Class,85,N/A,N/A,290,Y,Y,Y,1,7,1,40
Yangon International Airport,RGN,15/07/2024 11:25,Kuala Lumpur International Airport,KUL,15/07/2024 15:50,175,Malaysia Airlines,Business Class,420,115,N/A,469,Y,Y,Y,1,8,2,23
Yangon International Airport,RGN,15/07/2024 15:10,Kunming Changshui International Airport,KMG,15/07/2024 18:40,120,China Eastern,Business Class,395,140,N/A,630,Y,Y,Y,1,10,2,32
Yangon International Airport,RGN,15/07/2024 10:35,Singapore Changi Airport,SIN,15/07/2024 15:20,195,Singapore Airlines,Business Class,475,130,N/A,1233,Y,Y,Y,1,7,1,25
Yangon International Airport,RGN,16/07/2024 7:45,Suvarnabhumi Airport,BKK,16/07/2024 9:40,85,Myanmar National Airlines,Business Class,85,N/A,N/A,290,Y,Y,Y,1,7,1,40
Yangon International Airport,RGN,16/07/2024 11:25,Kuala Lumpur International Airport,KUL,16/07/2024 15:50,175,Malaysia Airlines,Business Class,420,115,N/A,469,Y,Y,Y,1,8,2,23
Yangon International Airport,RGN,16/07/2024 15:10,Kunming Changshui International Airport,KMG,16/07/2024 18:40,120,China Eastern,Business Class,395,140,N/A,630,Y,Y,Y,1,10,2,32
Yangon International Airport,RGN,16/07/2024 11:25,Kuala Lumpur International Airport,KUL,16/07/2024 15:50,175,Malaysia Airlines,Business Class,610,305,N/A,635,Y,Y,Y,1,8,2,23
Yangon International Airport,RGN,16/07/2024 10:35,Singapore Changi Airport,SIN,16/07/2024 15:20,195,Singapore Airlines,Business Class,475,130,N/A,1053,Y,Y,Y,1,7,1,25
Yangon International Airport,RGN,16/07/2024 10:35,Singapore Changi Airport,SIN,16/07/2024 15:20,195,Singapore Airlines,Business Class,1290,950,TRUE,894,Y,Y,Y,1,7,1,25
Yangon International Airport,RGN,16/07/2024 15:10,Kunming Changshui International Airport,KMG,16/07/2024 18:40,120,China Eastern,Business Class,1490,1240,TRUE,943,Y,Y,Y,1,10,2,32
Yangon International Airport,RGN,16/07/2024 10:35,Taiwan Taoyuan International Airport,TPE,16/07/2024 16:10,245,China Airlines,Business Class,860,390,N/A,1633,Y,Y,Y,2,7,2,32
Yangon International Airport,RGN,17/07/2024 7:45,Suvarnabhumi Airport,BKK,17/07/2024 9:40,85,Myanmar National Airlines,Business Class,85,N/A,N/A,290,Y,Y,Y,1,7,1,40
Yangon International Airport,RGN,17/07/2024 17:25,Suvarnabhumi Airport,BKK,17/07/2024 19:20,85,Myanmar National Airlines,Business Class,85,N/A,N/A,290,Y,Y,Y,1,7,1,40
Yangon International Airport,RGN,17/07/2024 11:25,Kuala Lumpur International Airport,KUL,17/07/2024 15:50,175,Malaysia Airlines,Business Class,420,115,N/A,469,Y,Y,Y,1,8,2,23
Yangon International Airport,RGN,17/07/2024 15:10,Kunming Changshui International Airport,KMG,17/07/2024 18:40,120,China Eastern,Business Class,395,140,N/A,630,Y,Y,Y,1,10,2,32
Yangon International Airport,RGN,17/07/2024 10:35,Singapore Changi Airport,SIN,17/07/2024 15:20,195,Singapore Airlines,Business Class,475,130,N/A,894,Y,Y,Y,1,7,1,25
Yangon International Airport,RGN,18/07/2024 17:25,Suvarnabhumi Airport,BKK,18/07/2024 19:20,85,Myanmar National Airlines,Business Class,85,N/A,N/A,290,Y,Y,Y,1,7,1,40
Yangon International Airport,RGN,18/07/2024 11:25,Kuala Lumpur International Airport,KUL,18/07/2024 15:50,175,Malaysia Airlines,Business Class,420,115,N/A,469,Y,Y,Y,1,8,2,23
Yangon International Airport,RGN,18/07/2024 15:10,Kunming Changshui International Airport,KMG,18/07/2024 18:40,120,China Eastern,Business Class,395,140,N/A,630,Y,Y,Y,1,10,2,32
Yangon International Airport,RGN,18/07/2024 10:35,Singapore Changi Airport,SIN,18/07/2024 15:20,195,Singapore Airlines,Business Class,475,130,N/A,894,Y,Y,Y,1,7,1,25
Yangon International Airport,RGN,19/07/2024 7:45,Suvarnabhumi Airport,BKK,19/07/2024 9:40,85,Myanmar National Airlines,Business Class,85,N/A,N/A,290,Y,Y,Y,1,7,1,40
Yangon International Airport,RGN,19/07/2024 17:25,Suvarnabhumi Airport,BKK,19/07/2024 19:20,85,Myanmar National Airlines,Business Class,85,N/A,N/A,290,Y,Y,Y,1,7,1,40
Yangon International Airport,RGN,19/07/2024 11:25,Kuala Lumpur International Airport,KUL,19/07/2024 15:50,175,Malaysia Airlines,Business Class,420,115,N/A,469,Y,Y,Y,1,8,2,23
Yangon International Airport,RGN,19/07/2024 15:10,Kunming Changshui International Airport,KMG,19/07/2024 18:40,120,China Eastern,Business Class,395,140,N/A,630,Y,Y,Y,1,10,2,32
Yangon International Airport,RGN,19/07/2024 10:35,Singapore Changi Airport,SIN,19/07/2024 15:20,195,Singapore Airlines,Business Class,475,130,N/A,1053,Y,Y,Y,1,7,1,25
Yangon International Airport,RGN,20/07/2024 7:45,Suvarnabhumi Airport,BKK,20/07/2024 9:40,85,Myanmar National Airlines,Business Class,85,N/A,N/A,290,Y,Y,Y,1,7,1,40
Yangon International Airport,RGN,20/07/2024 17:25,Suvarnabhumi Airport,BKK,20/07/2024 19:20,85,Myanmar National Airlines,Business Class,85,N/A,N/A,290,Y,Y,Y,1,7,1,40
Yangon International Airport,RGN,20/07/2024 11:25,Kuala Lumpur International Airport,KUL,20/07/2024 15:50,175,Malaysia Airlines,Business Class,670,355,N/A,469,Y,Y,Y,1,8,2,23
Yangon International Airport,RGN,20/07/2024 15:10,Kunming Changshui International Airport,KMG,20/07/2024 18:40,120,China Eastern,Business Class,395,140,N/A,630,Y,Y,Y,1,10,2,32
Yangon International Airport,RGN,20/07/2024 10:35,Singapore Changi Airport,SIN,20/07/2024 15:20,195,Singapore Airlines,Business Class,475,130,N/A,1053,Y,Y,Y,1,7,1,25
Yangon International Airport,RGN,21/07/2024 7:45,Suvarnabhumi Airport,BKK,21/07/2024 9:40,85,Myanmar National Airlines,Business Class,85,N/A,N/A,290,Y,Y,Y,1,7,1,40
Yangon International Airport,RGN,21/07/2024 17:25,Suvarnabhumi Airport,BKK,21/07/2024 19:20,85,Myanmar National Airlines,Business Class,85,N/A,N/A,290,Y,Y,Y,1,7,1,40
Yangon International Airport,RGN,21/07/2024 11:25,Kuala Lumpur International Airport,KUL,21/07/2024 15:50,175,Malaysia Airlines,Business Class,420,115,N/A,469,Y,Y,Y,1,8,2,23
Yangon International Airport,RGN,21/07/2024 15:10,Kunming Changshui International Airport,KMG,21/07/2024 18:40,120,China Eastern,Business Class,395,140,N/A,630,Y,Y,Y,1,10,2,32
Yangon International Airport,RGN,21/07/2024 10:35,Singapore Changi Airport,SIN,21/07/2024 15:20,195,Singapore Airlines,Business Class,475,130,N/A,894,Y,Y,Y,1,7,1,25
Yangon International Airport,RGN,22/07/2024 7:45,Suvarnabhumi Airport,BKK,22/07/2024 9:40,85,Myanmar National Airlines,Business Class,85,N/A,N/A,290,Y,Y,Y,1,7,1,40
Yangon International Airport,RGN,22/07/2024 17:25,Suvarnabhumi Airport,BKK,22/07/2024 19:20,85,Myanmar National Airlines,Business Class,85,N/A,N/A,290,Y,Y,Y,1,7,1,40
Yangon International Airport,RGN,22/07/2024 11:25,Kuala Lumpur International Airport,KUL,22/07/2024 15:50,175,Malaysia Airlines,Business Class,420,115,N/A,469,Y,Y,Y,1,8,2,23
Yangon International Airport,RGN,22/07/2024 15:10,Kunming Changshui International Airport,KMG,22/07/2024 18:40,120,China Eastern,Business Class,395,140,N/A,630,Y,Y,Y,1,10,2,32
Yangon International Airport,RGN,22/07/2024 10:35,Singapore Changi Airport,SIN,22/07/2024 15:20,195,Singapore Airlines,Business Class,475,130,N/A,1053,Y,Y,Y,1,7,1,25
Yangon International Airport,RGN,23/07/2024 7:45,Suvarnabhumi Airport,BKK,23/07/2024 9:40,85,Myanmar National Airlines,Business Class,85,N/A,N/A,290,Y,Y,Y,1,7,1,40
Yangon International Airport,RGN,23/07/2024 11:25,Kuala Lumpur International Airport,KUL,23/07/2024 15:50,175,Malaysia Airlines,Business Class,420,115,N/A,469,Y,Y,Y,1,8,2,23
Yangon International Airport,RGN,23/07/2024 15:10,Kunming Changshui International Airport,KMG,23/07/2024 18:40,120,China Eastern,Business Class,395,140,N/A,630,Y,Y,Y,1,10,2,32
Yangon International Airport,RGN,23/07/2024 10:35,Singapore Changi Airport,SIN,23/07/2024 15:20,195,Singapore Airlines,Business Class,475,130,N/A,894,Y,Y,Y,1,7,1,25
Yangon International Airport,RGN,23/07/2024 11:25,Kuala Lumpur International Airport,KUL,23/07/2024 15:50,175,Malaysia Airlines,Business Class,610,305,N/A,635,Y,Y,Y,1,8,2,23
Yangon International Airport,RGN,23/07/2024 15:10,Kunming Changshui International Airport,KMG,23/07/2024 18:40,120,China Eastern,Business Class,1490,1240,TRUE,943,Y,Y,Y,1,10,2,32
Yangon International Airport,RGN,23/07/2024 10:35,Taiwan Taoyuan International Airport,TPE,23/07/2024 16:10,245,China Airlines,Business Class,860,390,N/A,1552,Y,Y,Y,2,7,2,32
Yangon International Airport,RGN,23/07/2024 10:35,Taiwan Taoyuan International Airport,TPE,23/07/2024 16:10,245,China Airlines,Business Class,745,275,N/A,2533,Y,Y,Y,2,7,2,32
Yangon International Airport,RGN,24/07/2024 7:45,Suvarnabhumi Airport,BKK,24/07/2024 9:40,85,Myanmar National Airlines,Business Class,85,N/A,N/A,290,Y,Y,Y,1,7,1,40
Yangon International Airport,RGN,24/07/2024 17:25,Suvarnabhumi Airport,BKK,24/07/2024 19:20,85,Myanmar National Airlines,Business Class,85,N/A,N/A,290,Y,Y,Y,1,7,1,40
Yangon International Airport,RGN,24/07/2024 11:25,Kuala Lumpur International Airport,KUL,24/07/2024 15:50,175,Malaysia Airlines,Business Class,420,115,N/A,469,Y,Y,Y,1,8,2,23
Yangon International Airport,RGN,24/07/2024 15:10,Kunming Changshui International Airport,KMG,24/07/2024 18:40,120,China Eastern,Business Class,395,140,N/A,630,Y,Y,Y,1,10,2,32
Yangon International Airport,RGN,24/07/2024 10:35,Singapore Changi Airport,SIN,24/07/2024 15:20,195,Singapore Airlines,Business Class,475,130,N/A,894,Y,Y,Y,1,7,1,25
Yangon International Airport,RGN,25/07/2024 7:45,Suvarnabhumi Airport,BKK,25/07/2024 9:40,85,Myanmar National Airlines,Business Class,85,N/A,N/A,290,Y,Y,Y,1,7,1,40
Yangon International Airport,RGN,25/07/2024 17:25,Suvarnabhumi Airport,BKK,25/07/2024 19:20,85,Myanmar National Airlines,Business Class,85,N/A,N/A,290,Y,Y,Y,1,7,1,40
Yangon International Airport,RGN,25/07/2024 11:25,Kuala Lumpur International Airport,KUL,25/07/2024 15:50,175,Malaysia Airlines,Business Class,420,115,N/A,469,Y,Y,Y,1,8,2,23
Yangon International Airport,RGN,25/07/2024 15:10,Kunming Changshui International Airport,KMG,25/07/2024 18:40,120,China Eastern,Business Class,395,140,N/A,630,Y,Y,Y,1,10,2,32
Yangon International Airport,RGN,25/07/2024 10:35,Singapore Changi Airport,SIN,25/07/2024 15:20,195,Singapore Airlines,Business Class,475,130,N/A,894,Y,Y,Y,1,7,1,25
Yangon International Airport,RGN,26/07/2024 7:45,Suvarnabhumi Airport,BKK,26/07/2024 9:40,85,Myanmar National Airlines,Business Class,85,N/A,N/A,290,Y,Y,Y,1,7,1,40
Yangon International Airport,RGN,26/07/2024 17:25,Suvarnabhumi Airport,BKK,26/07/2024 19:20,85,Myanmar National Airlines,Business Class,85,N/A,N/A,290,Y,Y,Y,1,7,1,40
Yangon International Airport,RGN,26/07/2024 11:25,Kuala Lumpur International Airport,KUL,26/07/2024 15:50,175,Malaysia Airlines,Business Class,420,115,N/A,469,Y,Y,Y,1,8,2,23
Yangon International Airport,RGN,26/07/2024 15:10,Kunming Changshui International Airport,KMG,26/07/2024 18:40,120,China Eastern,Business Class,395,140,N/A,630,Y,Y,Y,1,10,2,32
Yangon International Airport,RGN,26/07/2024 10:35,Singapore Changi Airport,SIN,26/07/2024 15:20,195,Singapore Airlines,Business Class,475,130,N/A,894,Y,Y,Y,1,7,1,25
Yangon International Airport,RGN,27/07/2024 7:45,Suvarnabhumi Airport,BKK,27/07/2024 9:40,85,Myanmar National Airlines,Business Class,85,N/A,N/A,290,Y,Y,Y,1,7,1,40
Yangon International Airport,RGN,27/07/2024 17:25,Suvarnabhumi Airport,BKK,27/07/2024 19:20,85,Myanmar National Airlines,Business Class,85,N/A,N/A,290,Y,Y,Y,1,7,1,40
Yangon International Airport,RGN,27/07/2024 11:25,Kuala Lumpur International Airport,KUL,27/07/2024 15:50,175,Malaysia Airlines,Business Class,670,355,N/A,469,Y,Y,Y,1,8,2,23
Yangon International Airport,RGN,27/07/2024 15:10,Kunming Changshui International Airport,KMG,27/07/2024 18:40,120,China Eastern,Business Class,395,140,N/A,630,Y,Y,Y,1,10,2,32
Yangon International Airport,RGN,27/07/2024 10:35,Singapore Changi Airport,SIN,27/07/2024 15:20,195,Singapore Airlines,Business Class,475,130,N/A,1053,Y,Y,Y,1,7,1,25
Yangon International Airport,RGN,28/07/2024 7:45,Suvarnabhumi Airport,BKK,28/07/2024 9:40,85,Myanmar National Airlines,Business Class,85,N/A,N/A,290,Y,Y,Y,1,7,1,40
Yangon International Airport,RGN,28/07/2024 17:25,Suvarnabhumi Airport,BKK,28/07/2024 19:20,85,Myanmar National Airlines,Business Class,85,N/A,N/A,290,Y,Y,Y,1,7,1,40
Yangon International Airport,RGN,28/07/2024 11:25,Kuala Lumpur International Airport,KUL,28/07/2024 15:50,175,Malaysia Airlines,Business Class,420,115,N/A,469,Y,Y,Y,1,8,2,23
Yangon International Airport,RGN,28/07/2024 15:10,Kunming Changshui International Airport,KMG,28/07/2024 18:40,120,China Eastern,Business Class,395,140,N/A,630,Y,Y,Y,1,10,2,32
Yangon International Airport,RGN,28/07/2024 10:35,Singapore Changi Airport,SIN,28/07/2024 15:20,195,Singapore Airlines,Business Class,475,130,N/A,894,Y,Y,Y,1,7,1,25
Yangon International Airport,RGN,29/07/2024 7:45,Suvarnabhumi Airport,BKK,29/07/2024 9:40,85,Myanmar National Airlines,Business Class,85,N/A,N/A,290,Y,Y,Y,1,7,1,40
Yangon International Airport,RGN,29/07/2024 17:25,Suvarnabhumi Airport,BKK,29/07/2024 19:20,85,Myanmar National Airlines,Business Class,85,N/A,N/A,290,Y,Y,Y,1,7,1,40
Yangon International Airport,RGN,29/07/2024 11:25,Kuala Lumpur International Airport,KUL,29/07/2024 15:50,175,Malaysia Airlines,Business Class,670,355,N/A,469,Y,Y,Y,1,8,2,23
Yangon International Airport,RGN,29/07/2024 11:25,Kuala Lumpur International Airport,KUL,29/07/2024 15:50,175,Malaysia Airlines,Business Class,420,115,N/A,530,Y,Y,Y,1,8,2,23
Yangon International Airport,RGN,29/07/2024 15:10,Kunming Changshui International Airport,KMG,29/07/2024 18:40,120,China Eastern,Business Class,395,140,N/A,630,Y,Y,Y,1,10,2,32
Yangon International Airport,RGN,29/07/2024 10:35,Singapore Changi Airport,SIN,29/07/2024 15:20,195,Singapore Airlines,Business Class,475,130,N/A,1053,Y,Y,Y,1,7,1,25
Yangon International Airport,RGN,30/07/2024 7:45,Suvarnabhumi Airport,BKK,30/07/2024 9:40,85,Myanmar National Airlines,Business Class,85,N/A,N/A,290,Y,Y,Y,1,7,1,40
Yangon International Airport,RGN,30/07/2024 11:25,Kuala Lumpur International Airport,KUL,30/07/2024 15:50,175,Malaysia Airlines,Business Class,420,115,N/A,469,Y,Y,Y,1,8,2,23
Yangon International Airport,RGN,30/07/2024 15:10,Kunming Changshui International Airport,KMG,30/07/2024 18:40,120,China Eastern,Business Class,395,140,N/A,630,Y,Y,Y,1,10,2,32
Yangon International Airport,RGN,30/07/2024 10:35,Singapore Changi Airport,SIN,30/07/2024 15:20,195,Singapore Airlines,Business Class,475,130,N/A,894,Y,Y,Y,1,7,1,25
Yangon International Airport,RGN,30/07/2024 11:25,Kuala Lumpur International Airport,KUL,30/07/2024 15:50,175,Malaysia Airlines,Business Class,610,305,N/A,635,Y,Y,Y,1,8,2,23
Yangon International Airport,RGN,30/07/2024 15:10,Kunming Changshui International Airport,KMG,30/07/2024 18:40,120,China Eastern,Business Class,1490,1240,TRUE,943,Y,Y,Y,1,10,2,32
Yangon International Airport,RGN,30/07/2024 10:35,Taiwan Taoyuan International Airport,TPE,30/07/2024 16:10,245,China Airlines,Business Class,860,390,N/A,1552,Y,Y,Y,2,7,2,32
Yangon International Airport,RGN,30/07/2024 10:35,Taiwan Taoyuan International Airport,TPE,30/07/2024 16:10,245,China Airlines,Business Class,745,275,N/A,2533,Y,Y,Y,2,7,2,32
Yangon International Airport,RGN,31/07/2024 7:45,Suvarnabhumi Airport,BKK,31/07/2024 9:40,85,Myanmar National Airlines,Business Class,85,N/A,N/A,290,Y,Y,Y,1,7,1,40
Yangon International Airport,RGN,31/07/2024 17:25,Suvarnabhumi Airport,BKK,31/07/2024 19:20,85,Myanmar National Airlines,Business Class,85,N/A,N/A,290,Y,Y,Y,1,7,1,40
Yangon International Airport,RGN,31/07/2024 11:25,Kuala Lumpur International Airport,KUL,31/07/2024 15:50,175,Malaysia Airlines,Business Class,420,115,N/A,469,Y,Y,Y,1,8,2,23
Yangon International Airport,RGN,31/07/2024 15:10,Kunming Changshui International Airport,KMG,31/07/2024 18:40,120,China Eastern,Business Class,395,140,N/A,630,Y,Y,Y,1,10,2,32
Yangon International Airport,RGN,31/07/2024 10:35,Singapore Changi Airport,SIN,31/07/2024 15:20,195,Singapore Airlines,Business Class,475,130,N/A,894,Y,Y,Y,1,7,1,25
Yangon International Airport,RGN,01/08/2024 7:45,Suvarnabhumi Airport,BKK,01/08/2024 9:40,85,Myanmar National Airlines,Business Class,85,N/A,N/A,236,Y,Y,Y,1,7,1,40
Yangon International Airport,RGN,01/08/2024 17:25,Suvarnabhumi Airport,BKK,01/08/2024 19:20,85,Myanmar National Airlines,Business Class,85,N/A,N/A,236,Y,Y,Y,1,7,1,40
Yangon International Airport,RGN,01/08/2024 11:25,Kuala Lumpur International Airport,KUL,01/08/2024 15:50,175,Malaysia Airlines,Business Class,420,115,N/A,350,Y,Y,Y,1,8,2,23
Yangon International Airport,RGN,01/08/2024 15:10,Kunming Changshui International Airport,KMG,01/08/2024 18:40,120,China Eastern,Business Class,395,140,N/A,494,Y,Y,Y,1,10,2,32
Yangon International Airport,RGN,01/08/2024 10:35,Singapore Changi Airport,SIN,01/08/2024 15:20,195,Singapore Airlines,Business Class,475,130,N/A,857,Y,Y,Y,1,7,1,25
Yangon International Airport,RGN,02/08/2024 7:45,Suvarnabhumi Airport,BKK,02/08/2024 9:40,85,Myanmar National Airlines,Business Class,85,N/A,N/A,236,Y,Y,Y,1,7,1,40
Yangon International Airport,RGN,02/08/2024 17:25,Suvarnabhumi Airport,BKK,02/08/2024 19:20,85,Myanmar National Airlines,Business Class,85,N/A,N/A,236,Y,Y,Y,1,7,1,40
Yangon International Airport,RGN,02/08/2024 11:25,Kuala Lumpur International Airport,KUL,02/08/2024 15:50,175,Malaysia Airlines,Business Class,420,115,N/A,350,Y,Y,Y,1,8,2,23
Yangon International Airport,RGN,02/08/2024 11:25,Guangzhou Baiyun International Airport,CAN,02/08/2024 16:15,200,China Southern,Business Class,815,440,N/A,521,Y,Y,Y,1,10,2,32
Yangon International Airport,RGN,02/08/2024 10:35,Singapore Changi Airport,SIN,02/08/2024 15:20,195,Singapore Airlines,Business Class,475,130,N/A,1003,Y,Y,Y,1,7,1,25
Yangon International Airport,RGN,03/08/2024 7:45,Suvarnabhumi Airport,BKK,03/08/2024 9:40,85,Myanmar National Airlines,Business Class,85,N/A,N/A,236,Y,Y,Y,1,7,1,40
Yangon International Airport,RGN,03/08/2024 17:25,Suvarnabhumi Airport,BKK,03/08/2024 19:20,85,Myanmar National Airlines,Business Class,85,N/A,N/A,236,Y,Y,Y,1,7,1,40
Yangon International Airport,RGN,03/08/2024 11:25,Kuala Lumpur International Airport,KUL,03/08/2024 15:50,175,Malaysia Airlines,Business Class,1765,1450,TRUE,281,Y,Y,Y,1,8,2,23
Yangon International Airport,RGN,03/08/2024 11:25,Kuala Lumpur International Airport,KUL,03/08/2024 15:50,175,Malaysia Airlines,Business Class,420,115,N/A,350,Y,Y,Y,1,8,2,23
Yangon International Airport,RGN,03/08/2024 15:10,Kunming Changshui International Airport,KMG,03/08/2024 18:40,120,China Eastern,Business Class,395,140,N/A,494,Y,Y,Y,1,10,2,32
Yangon International Airport,RGN,04/08/2024 7:45,Suvarnabhumi Airport,BKK,04/08/2024 9:40,85,Myanmar National Airlines,Business Class,85,N/A,N/A,236,Y,Y,Y,1,7,1,40
Yangon International Airport,RGN,04/08/2024 17:25,Suvarnabhumi Airport,BKK,04/08/2024 19:20,85,Myanmar National Airlines,Business Class,85,N/A,N/A,236,Y,Y,Y,1,7,1,40
Yangon International Airport,RGN,04/08/2024 11:25,Kuala Lumpur International Airport,KUL,04/08/2024 15:50,175,Malaysia Airlines,Business Class,420,115,N/A,350,Y,Y,Y,1,8,2,23
Yangon International Airport,RGN,04/08/2024 15:10,Kunming Changshui International Airport,KMG,04/08/2024 18:40,120,China Eastern,Business Class,395,140,N/A,494,Y,Y,Y,1,10,2,32
Yangon International Airport,RGN,04/08/2024 10:35,Singapore Changi Airport,SIN,04/08/2024 15:20,195,Singapore Airlines,Business Class,475,130,N/A,728,Y,Y,Y,1,7,1,25
Yangon International Airport,RGN,05/08/2024 7:45,Suvarnabhumi Airport,BKK,05/08/2024 9:40,85,Myanmar National Airlines,Business Class,85,N/A,N/A,236,Y,Y,Y,1,7,1,40
Yangon International Airport,RGN,05/08/2024 17:25,Suvarnabhumi Airport,BKK,05/08/2024 19:20,85,Myanmar National Airlines,Business Class,85,N/A,N/A,236,Y,Y,Y,1,7,1,40
Yangon International Airport,RGN,05/08/2024 11:25,Guangzhou Baiyun International Airport,CAN,05/08/2024 16:15,200,China Southern,Business Class,815,440,N/A,521,Y,Y,Y,1,10,2,32
Yangon International Airport,RGN,05/08/2024 11:25,Guangzhou Baiyun International Airport,CAN,05/08/2024 16:15,200,China Southern,Business Class,605,240,N/A,562,Y,Y,Y,1,10,2,32
Yangon International Airport,RGN,05/08/2024 21:30,Beijing Capital International Airport,PEK,06/08/2024 4:05,305,Air China,Business Class,1235,615,TRUE,N/A,Y,Y,Y,2,8,1,30
Yangon International Airport,RGN,06/08/2024 7:45,Suvarnabhumi Airport,BKK,06/08/2024 9:40,85,Myanmar National Airlines,Business Class,85,N/A,N/A,236,Y,Y,Y,1,7,1,40
Yangon International Airport,RGN,06/08/2024 11:25,Kuala Lumpur International Airport,KUL,06/08/2024 15:50,175,Malaysia Airlines,Business Class,420,115,N/A,350,Y,Y,Y,1,8,2,23
Yangon International Airport,RGN,06/08/2024 11:25,Kuala Lumpur International Airport,KUL,06/08/2024 15:50,175,Malaysia Airlines,Business Class,610,305,N/A,483,Y,Y,Y,1,8,2,23
Yangon International Airport,RGN,06/08/2024 15:10,Kunming Changshui International Airport,KMG,06/08/2024 18:40,120,China Eastern,Business Class,395,140,N/A,494,Y,Y,Y,1,10,2,32
Yangon International Airport,RGN,06/08/2024 10:35,Singapore Changi Airport,SIN,06/08/2024 15:20,195,Singapore Airlines,Business Class,475,130,N/A,728,Y,Y,Y,1,7,1,25
Yangon International Airport,RGN,06/08/2024 15:10,Kunming Changshui International Airport,KMG,06/08/2024 18:40,120,China Eastern,Business Class,1490,1240,TRUE,767,Y,Y,Y,1,10,2,32
Yangon International Airport,RGN,06/08/2024 10:35,Taiwan Taoyuan International Airport,TPE,06/08/2024 16:10,245,China Airlines,Business Class,860,390,N/A,1263,Y,Y,Y,2,7,2,32
Yangon International Airport,RGN,06/08/2024 10:35,Taiwan Taoyuan International Airport,TPE,06/08/2024 16:10,245,China Airlines,Business Class,745,275,N/A,2061,Y,Y,Y,2,7,2,32
Yangon International Airport,RGN,07/08/2024 7:45,Suvarnabhumi Airport,BKK,07/08/2024 9:40,85,Myanmar National Airlines,Business Class,85,N/A,N/A,236,Y,Y,Y,1,7,1,40
Yangon International Airport,RGN,07/08/2024 17:25,Suvarnabhumi Airport,BKK,07/08/2024 19:20,85,Myanmar National Airlines,Business Class,85,N/A,N/A,236,Y,Y,Y,1,7,1,40
Yangon International Airport,RGN,07/08/2024 11:25,Kuala Lumpur International Airport,KUL,07/08/2024 15:50,175,Malaysia Airlines,Business Class,420,115,N/A,350,Y,Y,Y,1,8,2,23
Yangon International Airport,RGN,07/08/2024 15:10,Kunming Changshui International Airport,KMG,07/08/2024 18:40,120,China Eastern,Business Class,395,140,N/A,494,Y,Y,Y,1,10,2,32
Yangon International Airport,RGN,07/08/2024 10:35,Singapore Changi Airport,SIN,07/08/2024 15:20,195,Singapore Airlines,Business Class,475,130,N/A,857,Y,Y,Y,1,7,1,25
Yangon International Airport,RGN,08/08/2024 7:45,Suvarnabhumi Airport,BKK,08/08/2024 9:40,85,Myanmar National Airlines,Business Class,85,N/A,N/A,236,Y,Y,Y,1,7,1,40
Yangon International Airport,RGN,08/08/2024 17:25,Suvarnabhumi Airport,BKK,08/08/2024 19:20,85,Myanmar National Airlines,Business Class,85,N/A,N/A,236,Y,Y,Y,1,7,1,40
Yangon International Airport,RGN,08/08/2024 11:25,Kuala Lumpur International Airport,KUL,08/08/2024 15:50,175,Malaysia Airlines,Business Class,420,115,N/A,350,Y,Y,Y,1,8,2,23
Yangon International Airport,RGN,08/08/2024 15:10,Kunming Changshui International Airport,KMG,08/08/2024 18:40,120,China Eastern,Business Class,395,140,N/A,494,Y,Y,Y,1,10,2,32
Yangon International Airport,RGN,08/08/2024 10:35,Singapore Changi Airport,SIN,08/08/2024 15:20,195,Singapore Airlines,Business Class,475,130,N/A,1003,Y,Y,Y,1,7,1,25
Yangon International Airport,RGN,09/08/2024 7:45,Suvarnabhumi Airport,BKK,09/08/2024 9:40,85,Myanmar National Airlines,Business Class,85,N/A,N/A,236,Y,Y,Y,1,7,1,40
Yangon International Airport,RGN,09/08/2024 17:25,Suvarnabhumi Airport,BKK,09/08/2024 19:20,85,Myanmar National Airlines,Business Class,85,N/A,N/A,236,Y,Y,Y,1,7,1,40
Yangon International Airport,RGN,09/08/2024 11:25,Kuala Lumpur International Airport,KUL,09/08/2024 15:50,175,Malaysia Airlines,Business Class,420,115,N/A,350,Y,Y,Y,1,8,2,23
Yangon International Airport,RGN,09/08/2024 11:25,Guangzhou Baiyun International Airport,CAN,09/08/2024 16:15,200,China Southern,Business Class,815,440,N/A,521,Y,Y,Y,1,10,2,32
Yangon International Airport,RGN,09/08/2024 10:35,Singapore Changi Airport,SIN,09/08/2024 15:20,195,Singapore Airlines,Business Class,475,130,N/A,728,Y,Y,Y,1,7,1,25
Yangon International Airport,RGN,10/08/2024 7:45,Suvarnabhumi Airport,BKK,10/08/2024 9:40,85,Myanmar National Airlines,Business Class,85,N/A,N/A,236,Y,Y,Y,1,7,1,40
Yangon International Airport,RGN,10/08/2024 17:25,Suvarnabhumi Airport,BKK,10/08/2024 19:20,85,Myanmar National Airlines,Business Class,85,N/A,N/A,236,Y,Y,Y,1,7,1,40
Yangon International Airport,RGN,10/08/2024 11:25,Kuala Lumpur International Airport,KUL,10/08/2024 15:50,175,Malaysia Airlines,Business Class,420,115,N/A,350,Y,Y,Y,1,8,2,23
Yangon International Airport,RGN,10/08/2024 15:10,Kunming Changshui International Airport,KMG,10/08/2024 18:40,120,China Eastern,Business Class,395,140,N/A,494,Y,Y,Y,1,10,2,32
Yangon International Airport,RGN,10/08/2024 10:35,Singapore Changi Airport,SIN,10/08/2024 15:20,195,Singapore Airlines,Business Class,475,130,N/A,728,Y,Y,Y,1,7,1,25
Yangon International Airport,RGN,11/08/2024 7:45,Suvarnabhumi Airport,BKK,11/08/2024 9:40,85,Myanmar National Airlines,Business Class,85,N/A,N/A,236,Y,Y,Y,1,7,1,40
Yangon International Airport,RGN,11/08/2024 17:25,Suvarnabhumi Airport,BKK,11/08/2024 19:20,85,Myanmar National Airlines,Business Class,85,N/A,N/A,236,Y,Y,Y,1,7,1,40
Yangon International Airport,RGN,11/08/2024 11:25,Kuala Lumpur International Airport,KUL,11/08/2024 15:50,175,Malaysia Airlines,Business Class,420,115,N/A,350,Y,Y,Y,1,8,2,23
Yangon International Airport,RGN,11/08/2024 15:10,Kunming Changshui International Airport,KMG,11/08/2024 18:40,120,China Eastern,Business Class,395,140,N/A,494,Y,Y,Y,1,10,2,32
Yangon International Airport,RGN,11/08/2024 10:35,Singapore Changi Airport,SIN,11/08/2024 15:20,195,Singapore Airlines,Business Class,475,130,N/A,728,Y,Y,Y,1,7,1,25
Yangon International Airport,RGN,12/08/2024 7:45,Suvarnabhumi Airport,BKK,12/08/2024 9:40,85,Myanmar National Airlines,Business Class,85,N/A,N/A,236,Y,Y,Y,1,7,1,40
Yangon International Airport,RGN,12/08/2024 17:25,Suvarnabhumi Airport,BKK,12/08/2024 19:20,85,Myanmar National Airlines,Business Class,85,N/A,N/A,236,Y,Y,Y,1,7,1,40
Yangon International Airport,RGN,12/08/2024 11:25,Kuala Lumpur International Airport,KUL,12/08/2024 15:50,175,Malaysia Airlines,Business Class,420,115,N/A,350,Y,Y,Y,1,8,2,23
Yangon International Airport,RGN,12/08/2024 11:25,Guangzhou Baiyun International Airport,CAN,12/08/2024 16:15,200,China Southern,Business Class,815,440,N/A,521,Y,Y,Y,1,10,2,32
Yangon International Airport,RGN,12/08/2024 10:35,Singapore Changi Airport,SIN,12/08/2024 15:20,195,Singapore Airlines,Business Class,475,130,N/A,728,Y,Y,Y,1,7,1,25
Yangon International Airport,RGN,13/08/2024 7:45,Suvarnabhumi Airport,BKK,13/08/2024 9:40,85,Myanmar National Airlines,Business Class,85,N/A,N/A,236,Y,Y,Y,1,7,1,40
Yangon International Airport,RGN,13/08/2024 11:25,Kuala Lumpur International Airport,KUL,13/08/2024 15:50,175,Malaysia Airlines,Business Class,420,115,N/A,350,Y,Y,Y,1,8,2,23
Yangon International Airport,RGN,13/08/2024 11:25,Kuala Lumpur International Airport,KUL,13/08/2024 15:50,175,Malaysia Airlines,Business Class,610,305,N/A,483,Y,Y,Y,1,8,2,23
Yangon International Airport,RGN,13/08/2024 15:10,Kunming Changshui International Airport,KMG,13/08/2024 18:40,120,China Eastern,Business Class,395,140,N/A,494,Y,Y,Y,1,10,2,32
Yangon International Airport,RGN,13/08/2024 10:35,Singapore Changi Airport,SIN,13/08/2024 15:20,195,Singapore Airlines,Business Class,475,130,N/A,728,Y,Y,Y,1,7,1,25
Yangon International Airport,RGN,13/08/2024 15:10,Kunming Changshui International Airport,KMG,13/08/2024 18:40,120,China Eastern,Business Class,1490,1240,TRUE,767,Y,Y,Y,1,10,2,32
Yangon International Airport,RGN,13/08/2024 10:35,Taiwan Taoyuan International Airport,TPE,13/08/2024 16:10,245,China Airlines,Business Class,860,390,N/A,1263,Y,Y,Y,2,7,2,32
Yangon International Airport,RGN,13/08/2024 10:35,Taiwan Taoyuan International Airport,TPE,13/08/2024 16:10,245,China Airlines,Business Class,745,275,N/A,2061,Y,Y,Y,2,7,2,32
Yangon International Airport,RGN,14/08/2024 7:45,Suvarnabhumi Airport,BKK,14/08/2024 9:40,85,Myanmar National Airlines,Business Class,85,N/A,N/A,236,Y,Y,Y,1,7,1,40
Yangon International Airport,RGN,14/08/2024 17:25,Suvarnabhumi Airport,BKK,14/08/2024 19:20,85,Myanmar National Airlines,Business Class,85,N/A,N/A,236,Y,Y,Y,1,7,1,40
Yangon International Airport,RGN,14/08/2024 11:25,Kuala Lumpur International Airport,KUL,14/08/2024 15:50,175,Malaysia Airlines,Business Class,420,115,N/A,350,Y,Y,Y,1,8,2,23
Yangon International Airport,RGN,14/08/2024 15:10,Kunming Changshui International Airport,KMG,14/08/2024 18:40,120,China Eastern,Business Class,395,140,N/A,494,Y,Y,Y,1,10,2,32
Yangon International Airport,RGN,14/08/2024 10:35,Singapore Changi Airport,SIN,14/08/2024 15:20,195,Singapore Airlines,Business Class,475,130,N/A,728,Y,Y,Y,1,7,1,25
Yangon International Airport,RGN,15/08/2024 7:45,Suvarnabhumi Airport,BKK,15/08/2024 9:40,85,Myanmar National Airlines,Business Class,85,N/A,N/A,236,Y,Y,Y,1,7,1,40
Yangon International Airport,RGN,15/08/2024 17:25,Suvarnabhumi Airport,BKK,15/08/2024 19:20,85,Myanmar National Airlines,Business Class,85,N/A,N/A,236,Y,Y,Y,1,7,1,40
Yangon International Airport,RGN,15/08/2024 11:25,Kuala Lumpur International Airport,KUL,15/08/2024 15:50,175,Malaysia Airlines,Business Class,420,115,N/A,350,Y,Y,Y,1,8,2,23
Yangon International Airport,RGN,15/08/2024 15:10,Kunming Changshui International Airport,KMG,15/08/2024 18:40,120,China Eastern,Business Class,395,140,N/A,494,Y,Y,Y,1,10,2,32
Yangon International Airport,RGN,15/08/2024 10:35,Singapore Changi Airport,SIN,15/08/2024 15:20,195,Singapore Airlines,Business Class,475,130,N/A,728,Y,Y,Y,1,7,1,25
Yangon International Airport,RGN,16/08/2024 7:45,Suvarnabhumi Airport,BKK,16/08/2024 9:40,85,Myanmar National Airlines,Business Class,85,N/A,N/A,236,Y,Y,Y,1,7,1,40
Yangon International Airport,RGN,16/08/2024 17:25,Suvarnabhumi Airport,BKK,16/08/2024 19:20,85,Myanmar National Airlines,Business Class,85,N/A,N/A,236,Y,Y,Y,1,7,1,40
Yangon International Airport,RGN,16/08/2024 11:25,Kuala Lumpur International Airport,KUL,16/08/2024 15:50,175,Malaysia Airlines,Business Class,420,115,N/A,350,Y,Y,Y,1,8,2,23
Yangon International Airport,RGN,16/08/2024 11:25,Guangzhou Baiyun International Airport,CAN,16/08/2024 16:15,200,China Southern,Business Class,815,440,N/A,521,Y,Y,Y,1,10,2,32
Yangon International Airport,RGN,16/08/2024 10:35,Singapore Changi Airport,SIN,16/08/2024 15:20,195,Singapore Airlines,Business Class,475,130,N/A,857,Y,Y,Y,1,7,1,25
Yangon International Airport,RGN,17/08/2024 7:45,Suvarnabhumi Airport,BKK,17/08/2024 9:40,85,Myanmar National Airlines,Business Class,85,N/A,N/A,236,Y,Y,Y,1,7,1,40
Yangon International Airport,RGN,17/08/2024 17:25,Suvarnabhumi Airport,BKK,17/08/2024 19:20,85,Myanmar National Airlines,Business Class,85,N/A,N/A,236,Y,Y,Y,1,7,1,40
Yangon International Airport,RGN,17/08/2024 11:25,Kuala Lumpur International Airport,KUL,17/08/2024 15:50,175,Malaysia Airlines,Business Class,420,115,N/A,350,Y,Y,Y,1,8,2,23
Yangon International Airport,RGN,17/08/2024 11:25,Guangzhou Baiyun International Airport,CAN,17/08/2024 16:00,185,China Southern,Business Class,815,455,N/A,521,Y,Y,Y,1,10,2,32
Yangon International Airport,RGN,17/08/2024 15:10,Kunming Changshui International Airport,KMG,17/08/2024 18:40,120,China Eastern,Business Class,395,140,N/A,584,Y,Y,Y,1,10,2,32
Yangon International Airport,RGN,17/08/2024 10:35,Singapore Changi Airport,SIN,17/08/2024 15:20,195,Singapore Airlines,Business Class,475,130,N/A,728,Y,Y,Y,1,7,1,25
Yangon International Airport,RGN,18/08/2024 7:45,Suvarnabhumi Airport,BKK,18/08/2024 9:40,85,Myanmar National Airlines,Business Class,85,N/A,N/A,236,Y,Y,Y,1,7,1,40
Yangon International Airport,RGN,18/08/2024 17:25,Suvarnabhumi Airport,BKK,18/08/2024 19:20,85,Myanmar National Airlines,Business Class,85,N/A,N/A,236,Y,Y,Y,1,7,1,40
Yangon International Airport,RGN,18/08/2024 11:25,Kuala Lumpur International Airport,KUL,18/08/2024 15:50,175,Malaysia Airlines,Business Class,420,115,N/A,350,Y,Y,Y,1,8,2,23
Yangon International Airport,RGN,18/08/2024 15:10,Kunming Changshui International Airport,KMG,18/08/2024 18:40,120,China Eastern,Business Class,1230,950,TRUE,548,Y,Y,Y,1,10,2,32
Yangon International Airport,RGN,18/08/2024 15:10,Kunming Changshui International Airport,KMG,18/08/2024 18:40,120,China Eastern,Business Class,395,140,N/A,584,Y,Y,Y,1,10,2,32
Yangon International Airport,RGN,18/08/2024 10:35,Singapore Changi Airport,SIN,18/08/2024 15:20,195,Singapore Airlines,Business Class,475,130,N/A,728,Y,Y,Y,1,7,1,25
Yangon International Airport,RGN,19/08/2024 7:45,Suvarnabhumi Airport,BKK,19/08/2024 9:40,85,Myanmar National Airlines,Business Class,85,N/A,N/A,236,Y,Y,Y,1,7,1,40
Yangon International Airport,RGN,19/08/2024 17:25,Suvarnabhumi Airport,BKK,19/08/2024 19:20,85,Myanmar National Airlines,Business Class,85,N/A,N/A,236,Y,Y,Y,1,7,1,40
Yangon International Airport,RGN,19/08/2024 11:25,Kuala Lumpur International Airport,KUL,19/08/2024 15:50,175,Malaysia Airlines,Business Class,420,115,N/A,350,Y,Y,Y,1,8,2,23
Yangon International Airport,RGN,19/08/2024 11:25,Guangzhou Baiyun International Airport,CAN,19/08/2024 16:15,200,China Southern,Business Class,815,440,N/A,521,Y,Y,Y,1,10,2,32
Yangon International Airport,RGN,19/08/2024 10:35,Singapore Changi Airport,SIN,19/08/2024 15:20,195,Singapore Airlines,Business Class,475,130,N/A,728,Y,Y,Y,1,7,1,25
Yangon International Airport,RGN,20/08/2024 7:45,Suvarnabhumi Airport,BKK,20/08/2024 9:40,85,Myanmar National Airlines,Business Class,85,N/A,N/A,236,Y,Y,Y,1,7,1,40
Yangon International Airport,RGN,20/08/2024 11:25,Kuala Lumpur International Airport,KUL,20/08/2024 15:50,175,Malaysia Airlines,Business Class,420,115,N/A,450,Y,Y,Y,1,8,2,23
Yangon International Airport,RGN,20/08/2024 15:10,Kunming Changshui International Airport,KMG,20/08/2024 18:40,120,China Eastern,Business Class,395,140,N/A,481,Y,Y,Y,1,10,2,32
Yangon International Airport,RGN,20/08/2024 11:25,Kuala Lumpur International Airport,KUL,20/08/2024 15:50,175,Malaysia Airlines,Business Class,670,355,N/A,350,Y,Y,Y,1,8,2,23
Yangon International Airport,RGN,20/08/2024 11:25,Kuala Lumpur International Airport,KUL,20/08/2024 15:50,175,Malaysia Airlines,Business Class,610,305,N/A,483,Y,Y,Y,1,8,2,23
Yangon International Airport,RGN,20/08/2024 10:35,Singapore Changi Airport,SIN,20/08/2024 15:20,195,Singapore Airlines,Business Class,475,130,N/A,728,Y,Y,Y,1,7,1,25
Yangon International Airport,RGN,20/08/2024 15:10,Kunming Changshui International Airport,KMG,20/08/2024 18:40,120,China Eastern,Business Class,1490,1240,TRUE,767,Y,Y,Y,1,10,2,32
Yangon International Airport,RGN,20/08/2024 10:35,Taiwan Taoyuan International Airport,TPE,20/08/2024 16:10,245,China Airlines,Business Class,860,390,N/A,1263,Y,Y,Y,2,7,2,32
Yangon International Airport,RGN,21/08/2024 7:45,Suvarnabhumi Airport,BKK,21/08/2024 9:40,85,Myanmar National Airlines,Business Class,85,N/A,N/A,236,Y,Y,Y,1,7,1,40
Yangon International Airport,RGN,21/08/2024 17:25,Suvarnabhumi Airport,BKK,21/08/2024 19:20,85,Myanmar National Airlines,Business Class,85,N/A,N/A,236,Y,Y,Y,1,7,1,40
Yangon International Airport,RGN,21/08/2024 11:25,Kuala Lumpur International Airport,KUL,21/08/2024 15:50,175,Malaysia Airlines,Business Class,420,115,N/A,350,Y,Y,Y,1,8,2,23
Yangon International Airport,RGN,21/08/2024 15:10,Kunming Changshui International Airport,KMG,21/08/2024 18:40,120,China Eastern,Business Class,395,140,N/A,481,Y,Y,Y,1,10,2,32
Yangon International Airport,RGN,21/08/2024 10:35,Singapore Changi Airport,SIN,21/08/2024 15:20,195,Singapore Airlines,Business Class,475,130,N/A,728,Y,Y,Y,1,7,1,25
Yangon International Airport,RGN,22/08/2024 7:45,Suvarnabhumi Airport,BKK,22/08/2024 9:40,85,Myanmar National Airlines,Business Class,85,N/A,N/A,236,Y,Y,Y,1,7,1,40
Yangon International Airport,RGN,22/08/2024 17:25,Suvarnabhumi Airport,BKK,22/08/2024 19:20,85,Myanmar National Airlines,Business Class,85,N/A,N/A,236,Y,Y,Y,1,7,1,40
Yangon International Airport,RGN,22/08/2024 11:25,Kuala Lumpur International Airport,KUL,22/08/2024 15:50,175,Malaysia Airlines,Business Class,420,115,N/A,350,Y,Y,Y,1,8,2,23
Yangon International Airport,RGN,22/08/2024 15:10,Kunming Changshui International Airport,KMG,22/08/2024 18:40,120,China Eastern,Business Class,395,140,N/A,481,Y,Y,Y,1,10,2,32
Yangon International Airport,RGN,22/08/2024 10:35,Singapore Changi Airport,SIN,22/08/2024 15:20,195,Singapore Airlines,Business Class,475,130,N/A,728,Y,Y,Y,1,7,1,25
Yangon International Airport,RGN,23/08/2024 7:45,Suvarnabhumi Airport,BKK,23/08/2024 9:40,85,Myanmar National Airlines,Business Class,85,N/A,N/A,236,Y,Y,Y,1,7,1,40
Yangon International Airport,RGN,23/08/2024 17:25,Suvarnabhumi Airport,BKK,23/08/2024 19:20,85,Myanmar National Airlines,Business Class,85,N/A,N/A,236,Y,Y,Y,1,7,1,40
Yangon International Airport,RGN,23/08/2024 11:25,Kuala Lumpur International Airport,KUL,23/08/2024 15:50,175,Malaysia Airlines,Business Class,420,115,N/A,350,Y,Y,Y,1,8,2,23
Yangon International Airport,RGN,23/08/2024 11:25,Guangzhou Baiyun International Airport,CAN,23/08/2024 16:15,200,China Southern,Business Class,605,240,N/A,562,Y,Y,Y,1,10,2,32
Yangon International Airport,RGN,23/08/2024 10:35,Singapore Changi Airport,SIN,23/08/2024 15:20,195,Singapore Airlines,Business Class,475,130,N/A,857,Y,Y,Y,1,7,1,25
Yangon International Airport,RGN,24/08/2024 7:45,Suvarnabhumi Airport,BKK,24/08/2024 9:40,85,Myanmar National Airlines,Business Class,85,N/A,N/A,236,Y,Y,Y,1,7,1,40
Yangon International Airport,RGN,24/08/2024 17:25,Suvarnabhumi Airport,BKK,24/08/2024 19:20,85,Myanmar National Airlines,Business Class,85,N/A,N/A,236,Y,Y,Y,1,7,1,40
Yangon International Airport,RGN,24/08/2024 11:25,Kuala Lumpur International Airport,KUL,24/08/2024 15:50,175,Malaysia Airlines,Business Class,420,115,N/A,350,Y,Y,Y,1,8,2,23
Yangon International Airport,RGN,24/08/2024 15:10,Kunming Changshui International Airport,KMG,24/08/2024 18:40,120,China Eastern,Business Class,395,140,N/A,481,Y,Y,Y,1,10,2,32
Yangon International Airport,RGN,24/08/2024 10:35,Singapore Changi Airport,SIN,24/08/2024 15:20,195,Singapore Airlines,Business Class,475,130,N/A,728,Y,Y,Y,1,7,1,25
Yangon International Airport,RGN,25/08/2024 7:45,Suvarnabhumi Airport,BKK,25/08/2024 9:40,85,Myanmar National Airlines,Business Class,85,N/A,N/A,236,Y,Y,Y,1,7,1,40
Yangon International Airport,RGN,25/08/2024 17:25,Suvarnabhumi Airport,BKK,25/08/2024 19:20,85,Myanmar National Airlines,Business Class,85,N/A,N/A,236,Y,Y,Y,1,7,1,40
Yangon International Airport,RGN,25/08/2024 11:25,Kuala Lumpur International Airport,KUL,25/08/2024 15:50,175,Malaysia Airlines,Business Class,420,115,N/A,350,Y,Y,Y,1,8,2,23
Yangon International Airport,RGN,25/08/2024 15:10,Kunming Changshui International Airport,KMG,25/08/2024 18:40,120,China Eastern,Business Class,395,140,N/A,481,Y,Y,Y,1,10,2,32
Yangon International Airport,RGN,25/08/2024 10:35,Singapore Changi Airport,SIN,25/08/2024 15:20,195,Singapore Airlines,Business Class,475,130,N/A,728,Y,Y,Y,1,7,1,25
Yangon International Airport,RGN,26/08/2024 7:45,Suvarnabhumi Airport,BKK,26/08/2024 9:40,85,Myanmar National Airlines,Business Class,85,N/A,N/A,236,Y,Y,Y,1,7,1,40
Yangon International Airport,RGN,26/08/2024 17:25,Suvarnabhumi Airport,BKK,26/08/2024 19:20,85,Myanmar National Airlines,Business Class,85,N/A,N/A,236,Y,Y,Y,1,7,1,40
Yangon International Airport,RGN,26/08/2024 11:25,Kuala Lumpur International Airport,KUL,26/08/2024 15:50,175,Malaysia Airlines,Business Class,420,115,N/A,350,Y,Y,Y,1,8,2,23
Yangon International Airport,RGN,26/08/2024 15:10,Kunming Changshui International Airport,KMG,26/08/2024 18:40,120,China Eastern,Business Class,395,140,N/A,481,Y,Y,Y,1,10,2,32
Yangon International Airport,RGN,26/08/2024 10:35,Singapore Changi Airport,SIN,26/08/2024 15:20,195,Singapore Airlines,Business Class,475,130,N/A,728,Y,Y,Y,1,7,1,25
Yangon International Airport,RGN,27/08/2024 7:45,Suvarnabhumi Airport,BKK,27/08/2024 9:40,85,Myanmar National Airlines,Business Class,85,N/A,N/A,236,Y,Y,Y,1,7,1,40
Yangon International Airport,RGN,27/08/2024 11:25,Kuala Lumpur International Airport,KUL,27/08/2024 15:50,175,Malaysia Airlines,Business Class,420,115,N/A,350,Y,Y,Y,1,8,2,23
Yangon International Airport,RGN,27/08/2024 15:10,Kunming Changshui International Airport,KMG,27/08/2024 18:40,120,China Eastern,Business Class,395,140,N/A,481,Y,Y,Y,1,10,2,32
Yangon International Airport,RGN,27/08/2024 11:25,Kuala Lumpur International Airport,KUL,27/08/2024 15:50,175,Malaysia Airlines,Business Class,610,305,N/A,483,Y,Y,Y,1,8,2,23
Yangon International Airport,RGN,27/08/2024 10:35,Singapore Changi Airport,SIN,27/08/2024 15:20,195,Singapore Airlines,Business Class,475,130,N/A,728,Y,Y,Y,1,7,1,25
Yangon International Airport,RGN,27/08/2024 15:10,Kunming Changshui International Airport,KMG,27/08/2024 18:40,120,China Eastern,Business Class,1490,1240,TRUE,767,Y,Y,Y,1,10,2,32
Yangon International Airport,RGN,27/08/2024 10:35,Taiwan Taoyuan International Airport,TPE,27/08/2024 16:10,245,China Airlines,Business Class,860,390,N/A,1263,Y,Y,Y,2,7,2,32
Yangon International Airport,RGN,27/08/2024 10:35,Taiwan Taoyuan International Airport,TPE,27/08/2024 16:10,245,China Airlines,Business Class,745,275,N/A,2061,Y,Y,Y,2,7,2,32
Yangon International Airport,RGN,28/08/2024 7:45,Suvarnabhumi Airport,BKK,28/08/2024 9:40,85,Myanmar National Airlines,Business Class,85,N/A,N/A,236,Y,Y,Y,1,7,1,40
Yangon International Airport,RGN,28/08/2024 17:25,Suvarnabhumi Airport,BKK,28/08/2024 19:20,85,Myanmar National Airlines,Business Class,85,N/A,N/A,236,Y,Y,Y,1,7,1,40
Yangon International Airport,RGN,28/08/2024 11:25,Kuala Lumpur International Airport,KUL,28/08/2024 15:50,175,Malaysia Airlines,Business Class,420,115,N/A,350,Y,Y,Y,1,8,2,23
Yangon International Airport,RGN,28/08/2024 15:10,Kunming Changshui International Airport,KMG,28/08/2024 18:40,120,China Eastern,Business Class,395,140,N/A,481,Y,Y,Y,1,10,2,32
Yangon International Airport,RGN,28/08/2024 10:35,Singapore Changi Airport,SIN,28/08/2024 15:20,195,Singapore Airlines,Business Class,475,130,N/A,728,Y,Y,Y,1,7,1,25
Yangon International Airport,RGN,29/08/2024 7:45,Suvarnabhumi Airport,BKK,29/08/2024 9:40,85,Myanmar National Airlines,Business Class,85,N/A,N/A,236,Y,Y,Y,1,7,1,40
Yangon International Airport,RGN,29/08/2024 17:25,Suvarnabhumi Airport,BKK,29/08/2024 19:20,85,Myanmar National Airlines,Business Class,85,N/A,N/A,236,Y,Y,Y,1,7,1,40
Yangon International Airport,RGN,29/08/2024 11:25,Kuala Lumpur International Airport,KUL,29/08/2024 15:50,175,Malaysia Airlines,Business Class,420,115,N/A,350,Y,Y,Y,1,8,2,23
Yangon International Airport,RGN,29/08/2024 15:10,Kunming Changshui International Airport,KMG,29/08/2024 18:40,120,China Eastern,Business Class,395,140,N/A,481,Y,Y,Y,1,10,2,32
Yangon International Airport,RGN,29/08/2024 10:35,Singapore Changi Airport,SIN,29/08/2024 15:20,195,Singapore Airlines,Business Class,475,130,N/A,728,Y,Y,Y,1,7,1,25
Yangon International Airport,RGN,30/08/2024 7:45,Suvarnabhumi Airport,BKK,30/08/2024 9:40,85,Myanmar National Airlines,Business Class,85,N/A,N/A,236,Y,Y,Y,1,7,1,40
Yangon International Airport,RGN,30/08/2024 17:25,Suvarnabhumi Airport,BKK,30/08/2024 19:20,85,Myanmar National Airlines,Business Class,85,N/A,N/A,236,Y,Y,Y,1,7,1,40
Yangon International Airport,RGN,30/08/2024 11:25,Kuala Lumpur International Airport,KUL,30/08/2024 15:50,175,Malaysia Airlines,Business Class,420,115,N/A,358,Y,Y,Y,1,8,2,23
Yangon International Airport,RGN,30/08/2024 15:10,Kunming Changshui International Airport,KMG,30/08/2024 18:40,120,China Eastern,Business Class,395,140,N/A,481,Y,Y,Y,1,10,2,32
Yangon International Airport,RGN,30/08/2024 10:35,Singapore Changi Airport,SIN,30/08/2024 15:20,195,Singapore Airlines,Business Class,475,130,N/A,728,Y,Y,Y,1,7,1,25
Yangon International Airport,RGN,31/08/2024 7:45,Suvarnabhumi Airport,BKK,31/08/2024 9:40,85,Myanmar National Airlines,Business Class,85,N/A,N/A,236,Y,Y,Y,1,7,1,40
Yangon International Airport,RGN,31/08/2024 17:25,Suvarnabhumi Airport,BKK,31/08/2024 19:20,85,Myanmar National Airlines,Business Class,85,N/A,N/A,236,Y,Y,Y,1,7,1,40
Yangon International Airport,RGN,31/08/2024 11:25,Kuala Lumpur International Airport,KUL,31/08/2024 15:50,175,Malaysia Airlines,Business Class,420,115,N/A,358,Y,Y,Y,1,8,2,23
Yangon International Airport,RGN,31/08/2024 15:10,Kunming Changshui International Airport,KMG,31/08/2024 18:40,120,China Eastern,Business Class,395,140,N/A,481,Y,Y,Y,1,10,2,32
Yangon International Airport,RGN,31/08/2024 10:35,Singapore Changi Airport,SIN,31/08/2024 15:20,195,Singapore Airlines,Business Class,475,130,N/A,857,Y,Y,Y,1,7,1,25