Departure Airport Name,Departure Airport ID,Departure Time,Arrival Airport Name,Arrival Airport ID,Arrival Time,Duration,Airline,Travel Class,Total Duration,Layover 1 Duration,Layover 1 Overnight,Price, Cabin Baggage, Checked Baggage,Meal Included,Cabin Baggage (Number),Cabin Baggage (kg per piece),Checked Baggage (Number),Checked Baggage (kg per piece) 
Soekarno–Hatta International Airport,CGK,01/07/2024 5:25,Singapore Changi Airport,SIN,01/07/2024 8:10,105,Singapore Airlines,Business Class,285,50,N/A,1239,Y,Y,Y,1,7,1,23
Soekarno–Hatta International Airport,CGK,01/07/2024 19:50,Kuala Lumpur International Airport,KUL,01/07/2024 23:00,130,Malaysia Airlines,Business Class,1610,1335,TRUE,1178,Y,Y,Y,1,8,2,23
Soekarno–Hatta International Airport,CGK,01/07/2024 19:00,Singapore Changi Airport,SIN,01/07/2024 21:45,105,Garuda Indonesia,Business Class,1100,865,TRUE,1310,Y,Y,Y,1,7,1,50
Soekarno–Hatta International Airport,CGK,01/07/2024 4:15,Kuala Lumpur International Airport,KUL,01/07/2024 7:25,130,Malaysia Airlines,Business Class,560,285,N/A,1333,Y,Y,Y,1,8,2,23
Soekarno–Hatta International Airport,CGK,01/07/2024 18:05,Singapore Changi Airport,SIN,01/07/2024 20:55,110,Singapore Airlines,Business Class,965,725,TRUE,1457,Y,Y,Y,1,7,1,23
Soekarno–Hatta International Airport,CGK,02/07/2024 6:15,Brunei International Airport,BWN,02/07/2024 9:45,150,Royal Brunei,Business Class,150,N/A,N/A,995,Y,Y,Y,1,12,2,40
Soekarno–Hatta International Airport,CGK,02/07/2024 16:05,Kuala Lumpur International Airport,KUL,02/07/2024 19:25,140,Malaysia Airlines,Business Class,395,110,N/A,1201,Y,Y,Y,1,8,2,23
Soekarno–Hatta International Airport,CGK,02/07/2024 5:25,Singapore Changi Airport,SIN,02/07/2024 8:10,105,Singapore Airlines,Business Class,285,50,N/A,1457,Y,Y,Y,1,7,1,23
Soekarno–Hatta International Airport,CGK,02/07/2024 8:30,Kuala Lumpur International Airport,KUL,02/07/2024 11:50,140,Garuda Indonesia,Business Class,850,565,N/A,985,Y,Y,Y,1,7,1,50
Soekarno–Hatta International Airport,CGK,02/07/2024 11:10,Kuala Lumpur International Airport,KUL,02/07/2024 14:20,130,Malaysia Airlines,Business Class,690,415,N/A,1167,Y,Y,Y,1,8,2,23
Soekarno–Hatta International Airport,CGK,02/07/2024 11:40,Singapore Changi Airport,SIN,02/07/2024 14:25,105,Garuda Indonesia,Business Class,655,420,N/A,1310,Y,Y,Y,1,7,1,50
Soekarno–Hatta International Airport,CGK,02/07/2024 19:00,Singapore Changi Airport,SIN,02/07/2024 21:45,105,Garuda Indonesia,Business Class,1100,865,TRUE,1310,Y,Y,Y,1,7,1,50
Soekarno–Hatta International Airport,CGK,02/07/2024 19:00,Singapore Changi Airport,SIN,02/07/2024 21:50,110,Singapore Airlines,Business Class,1140,895,TRUE,1685,Y,Y,Y,1,7,1,23
Soekarno–Hatta International Airport,CGK,03/07/2024 13:00,Brunei International Airport,BWN,03/07/2024 16:30,150,Royal Brunei,Business Class,150,N/A,N/A,995,Y,Y,Y,1,12,2,40
Soekarno–Hatta International Airport,CGK,03/07/2024 16:05,Kuala Lumpur International Airport,KUL,03/07/2024 19:25,140,Malaysia Airlines,Business Class,395,110,N/A,1333,Y,Y,Y,1,8,2,23
Soekarno–Hatta International Airport,CGK,03/07/2024 7:55,Singapore Changi Airport,SIN,03/07/2024 10:45,110,Singapore Airlines,Business Class,365,120,N/A,1685,Y,Y,Y,1,7,1,23
Soekarno–Hatta International Airport,CGK,03/07/2024 19:50,Kuala Lumpur International Airport,KUL,03/07/2024 23:00,130,Malaysia Airlines,Business Class,1065,790,TRUE,1178,Y,Y,Y,1,8,2,23
Soekarno–Hatta International Airport,CGK,03/07/2024 19:00,Singapore Changi Airport,SIN,03/07/2024 21:45,105,Garuda Indonesia,Business Class,1660,1425,TRUE,1310,Y,Y,Y,1,7,1,50
Soekarno–Hatta International Airport,CGK,03/07/2024 19:00,Singapore Changi Airport,SIN,03/07/2024 21:50,110,Singapore Airlines,Business Class,910,670,TRUE,1457,Y,Y,Y,1,7,1,23
Soekarno–Hatta International Airport,CGK,04/07/2024 13:00,Brunei International Airport,BWN,04/07/2024 16:30,150,Royal Brunei,Business Class,150,N/A,N/A,995,Y,Y,Y,1,12,2,40
Soekarno–Hatta International Airport,CGK,04/07/2024 16:05,Kuala Lumpur International Airport,KUL,04/07/2024 19:25,140,Malaysia Airlines,Business Class,395,110,N/A,1167,Y,Y,Y,1,8,2,23
Soekarno–Hatta International Airport,CGK,04/07/2024 5:25,Singapore Changi Airport,SIN,04/07/2024 8:10,105,Singapore Airlines,Business Class,285,50,N/A,1457,Y,Y,Y,1,7,1,23
Soekarno–Hatta International Airport,CGK,04/07/2024 11:50,Ninoy Aquino International Airport,MNL,04/07/2024 17:05,255,Philippine Airlines,Business Class,650,270,N/A,1156,Y,Y,Y,1,7,2,32
Soekarno–Hatta International Airport,CGK,04/07/2024 4:15,Kuala Lumpur International Airport,KUL,04/07/2024 7:25,130,Malaysia Airlines,Business Class,560,285,N/A,1167,Y,Y,Y,1,8,2,23
Soekarno–Hatta International Airport,CGK,04/07/2024 19:50,Kuala Lumpur International Airport,KUL,04/07/2024 23:00,130,Malaysia Airlines,Business Class,1065,790,TRUE,1178,Y,Y,Y,1,8,2,23
Soekarno–Hatta International Airport,CGK,04/07/2024 15:40,Singapore Changi Airport,SIN,04/07/2024 18:25,105,Garuda Indonesia,Business Class,420,185,N/A,1310,Y,Y,Y,1,7,1,50
Soekarno–Hatta International Airport,CGK,04/07/2024 19:00,Singapore Changi Airport,SIN,04/07/2024 21:50,110,Singapore Airlines,Business Class,1140,895,TRUE,1457,Y,Y,Y,1,7,1,23
Soekarno–Hatta International Airport,CGK,05/07/2024 13:00,Brunei International Airport,BWN,05/07/2024 16:30,150,Royal Brunei,Business Class,150,N/A,N/A,995,Y,Y,Y,1,12,2,40
Soekarno–Hatta International Airport,CGK,05/07/2024 4:15,Kuala Lumpur International Airport,KUL,05/07/2024 7:25,130,Malaysia Airlines,Business Class,560,285,N/A,1167,Y,Y,Y,1,8,2,23
Soekarno–Hatta International Airport,CGK,05/07/2024 7:55,Singapore Changi Airport,SIN,05/07/2024 10:45,110,Singapore Airlines,Business Class,365,120,N/A,1457,Y,Y,Y,1,7,1,23
Soekarno–Hatta International Airport,CGK,05/07/2024 9:35,Suvarnabhumi Airport,BKK,05/07/2024 13:10,215,Garuda Indonesia,Business Class,1840,1460,TRUE,957,Y,Y,Y,1,7,1,50
Soekarno–Hatta International Airport,CGK,05/07/2024 0:55,Ninoy Aquino International Airport,MNL,05/07/2024 6:10,255,Philippine Airlines,Business Class,1305,925,N/A,1156,Y,Y,Y,1,7,2,32
Soekarno–Hatta International Airport,CGK,05/07/2024 19:50,Kuala Lumpur International Airport,KUL,05/07/2024 23:00,130,Malaysia Airlines,Business Class,1065,790,TRUE,1178,Y,Y,Y,1,8,2,23
Soekarno–Hatta International Airport,CGK,05/07/2024 15:40,Singapore Changi Airport,SIN,05/07/2024 18:25,105,Garuda Indonesia,Business Class,415,180,N/A,1310,Y,Y,Y,1,7,1,50
Soekarno–Hatta International Airport,CGK,05/07/2024 16:05,Kuala Lumpur International Airport,KUL,05/07/2024 19:25,140,Malaysia Airlines,Business Class,395,110,N/A,1367,Y,Y,Y,1,8,2,23
Soekarno–Hatta International Airport,CGK,06/07/2024 4:15,Kuala Lumpur International Airport,KUL,06/07/2024 7:25,130,Malaysia Airlines,Business Class,560,285,N/A,1167,Y,Y,Y,1,8,2,23
Soekarno–Hatta International Airport,CGK,06/07/2024 15:40,Singapore Changi Airport,SIN,06/07/2024 18:25,105,Garuda Indonesia,Business Class,415,180,N/A,1446,Y,Y,Y,1,7,1,50
Soekarno–Hatta International Airport,CGK,06/07/2024 8:30,Kuala Lumpur International Airport,KUL,06/07/2024 11:50,140,Garuda Indonesia,Business Class,1745,1460,TRUE,1003,Y,Y,Y,1,7,1,50
Soekarno–Hatta International Airport,CGK,06/07/2024 19:50,Kuala Lumpur International Airport,KUL,06/07/2024 23:00,130,Malaysia Airlines,Business Class,1065,790,TRUE,1178,Y,Y,Y,1,8,2,23
Soekarno–Hatta International Airport,CGK,06/07/2024 9:35,Suvarnabhumi Airport,BKK,06/07/2024 13:10,215,Garuda Indonesia,Business Class,2290,1910,TRUE,1310,Y,Y,Y,1,7,1,50
Soekarno–Hatta International Airport,CGK,06/07/2024 11:50,Singapore Changi Airport,SIN,06/07/2024 14:35,105,Garuda Indonesia,Business Class,645,410,N/A,1310,Y,Y,Y,1,7,1,50
Soekarno–Hatta International Airport,CGK,07/07/2024 13:00,Brunei International Airport,BWN,07/07/2024 16:30,150,Royal Brunei,Business Class,150,N/A,N/A,876,Y,Y,Y,1,12,2,40
Soekarno–Hatta International Airport,CGK,07/07/2024 16:05,Kuala Lumpur International Airport,KUL,07/07/2024 19:25,140,Malaysia Airlines,Business Class,395,110,N/A,1167,Y,Y,Y,1,8,2,23
Soekarno–Hatta International Airport,CGK,07/07/2024 15:40,Singapore Changi Airport,SIN,07/07/2024 18:25,105,Garuda Indonesia,Business Class,420,185,N/A,1310,Y,Y,Y,1,7,1,50
Soekarno–Hatta International Airport,CGK,07/07/2024 4:15,Kuala Lumpur International Airport,KUL,07/07/2024 7:25,130,Malaysia Airlines,Business Class,560,285,N/A,1167,Y,Y,Y,1,8,2,23
Soekarno–Hatta International Airport,CGK,07/07/2024 19:50,Kuala Lumpur International Airport,KUL,07/07/2024 23:00,130,Malaysia Airlines,Business Class,1065,790,TRUE,1178,Y,Y,Y,1,8,2,23
Soekarno–Hatta International Airport,CGK,07/07/2024 19:00,Singapore Changi Airport,SIN,07/07/2024 21:45,105,Garuda Indonesia,Business Class,1100,865,TRUE,1310,Y,Y,Y,1,7,1,50
Soekarno–Hatta International Airport,CGK,07/07/2024 19:00,Singapore Changi Airport,SIN,07/07/2024 21:50,110,Singapore Airlines,Business Class,910,670,TRUE,1457,Y,Y,Y,1,7,1,23
Soekarno–Hatta International Airport,CGK,08/07/2024 4:15,Kuala Lumpur International Airport,KUL,08/07/2024 7:25,130,Malaysia Airlines,Business Class,560,285,N/A,1167,Y,Y,Y,1,8,2,23
Soekarno–Hatta International Airport,CGK,08/07/2024 5:25,Singapore Changi Airport,SIN,08/07/2024 8:10,105,Singapore Airlines,Business Class,285,50,N/A,1329,Y,Y,Y,1,7,1,23
Soekarno–Hatta International Airport,CGK,08/07/2024 0:55,Ninoy Aquino International Airport,MNL,08/07/2024 6:10,255,Philippine Airlines,Business Class,1305,925,N/A,1156,Y,Y,Y,1,7,2,32
Soekarno–Hatta International Airport,CGK,08/07/2024 9:35,Suvarnabhumi Airport,BKK,08/07/2024 13:10,215,Garuda Indonesia,Business Class,1840,1460,TRUE,1254,Y,Y,Y,1,7,1,50
Soekarno–Hatta International Airport,CGK,08/07/2024 19:00,Singapore Changi Airport,SIN,08/07/2024 21:45,105,Garuda Indonesia,Business Class,1100,865,TRUE,1310,Y,Y,Y,1,7,1,50
Soekarno–Hatta International Airport,CGK,08/07/2024 19:00,Singapore Changi Airport,SIN,08/07/2024 21:50,110,Singapore Airlines,Business Class,910,670,TRUE,1536,Y,Y,Y,1,7,1,23
Soekarno–Hatta International Airport,CGK,09/07/2024 6:15,Brunei International Airport,BWN,09/07/2024 9:45,150,Royal Brunei,Business Class,150,N/A,N/A,876,Y,Y,Y,1,12,2,40
Soekarno–Hatta International Airport,CGK,09/07/2024 15:40,Singapore Changi Airport,SIN,09/07/2024 18:25,105,Garuda Indonesia,Business Class,415,180,N/A,1310,Y,Y,Y,1,7,1,50
Soekarno–Hatta International Airport,CGK,09/07/2024 5:25,Singapore Changi Airport,SIN,09/07/2024 8:10,105,Singapore Airlines,Business Class,285,50,N/A,1536,Y,Y,Y,1,7,1,23
Soekarno–Hatta International Airport,CGK,09/07/2024 18:05,Singapore Changi Airport,SIN,09/07/2024 20:55,110,Singapore Airlines,Business Class,1195,950,TRUE,850,Y,Y,Y,1,7,1,23
Soekarno–Hatta International Airport,CGK,09/07/2024 19:50,Kuala Lumpur International Airport,KUL,09/07/2024 23:00,130,Malaysia Airlines,Business Class,1610,1335,TRUE,1178,Y,Y,Y,1,8,2,23
Soekarno–Hatta International Airport,CGK,09/07/2024 19:00,Singapore Changi Airport,SIN,09/07/2024 21:45,105,Garuda Indonesia,Business Class,1140,900,TRUE,1269,Y,Y,Y,1,7,1,50
Soekarno–Hatta International Airport,CGK,09/07/2024 19:00,Singapore Changi Airport,SIN,09/07/2024 21:45,105,Garuda Indonesia,Business Class,1100,865,TRUE,1310,Y,Y,Y,1,7,1,50
Soekarno–Hatta International Airport,CGK,09/07/2024 19:00,Singapore Changi Airport,SIN,09/07/2024 21:50,110,Singapore Airlines,Business Class,1140,895,TRUE,1536,Y,Y,Y,1,7,1,23
Soekarno–Hatta International Airport,CGK,10/07/2024 7:55,Singapore Changi Airport,SIN,10/07/2024 10:45,110,Singapore Airlines,Business Class,365,120,N/A,850,Y,Y,Y,1,7,1,23
Soekarno–Hatta International Airport,CGK,10/07/2024 13:00,Brunei International Airport,BWN,10/07/2024 16:30,150,Royal Brunei,Business Class,150,N/A,N/A,876,Y,Y,Y,1,12,2,40
Soekarno–Hatta International Airport,CGK,10/07/2024 16:05,Kuala Lumpur International Airport,KUL,10/07/2024 19:25,140,Malaysia Airlines,Business Class,395,110,N/A,1167,Y,Y,Y,1,8,2,23
Soekarno–Hatta International Airport,CGK,10/07/2024 8:30,Kuala Lumpur International Airport,KUL,10/07/2024 11:50,140,Garuda Indonesia,Business Class,850,565,N/A,985,Y,Y,Y,1,7,1,50
Soekarno–Hatta International Airport,CGK,10/07/2024 19:00,Singapore Changi Airport,SIN,10/07/2024 21:45,105,Garuda Indonesia,Business Class,1660,1425,TRUE,1310,Y,Y,Y,1,7,1,50
Soekarno–Hatta International Airport,CGK,10/07/2024 19:00,Singapore Changi Airport,SIN,10/07/2024 21:50,110,Singapore Airlines,Business Class,910,670,TRUE,1329,Y,Y,Y,1,7,1,23
Soekarno–Hatta International Airport,CGK,10/07/2024 19:50,Kuala Lumpur International Airport,KUL,10/07/2024 23:00,130,Malaysia Airlines,Business Class,1065,790,TRUE,1344,Y,Y,Y,1,8,2,23
Soekarno–Hatta International Airport,CGK,11/07/2024 13:00,Brunei International Airport,BWN,11/07/2024 16:30,150,Royal Brunei,Business Class,150,N/A,N/A,876,Y,Y,Y,1,12,2,40
Soekarno–Hatta International Airport,CGK,11/07/2024 15:40,Singapore Changi Airport,SIN,11/07/2024 18:25,105,Garuda Indonesia,Business Class,420,185,N/A,1310,Y,Y,Y,1,7,1,50
Soekarno–Hatta International Airport,CGK,11/07/2024 5:25,Singapore Changi Airport,SIN,11/07/2024 8:10,105,Singapore Airlines,Business Class,285,50,N/A,1329,Y,Y,Y,1,7,1,23
Soekarno–Hatta International Airport,CGK,11/07/2024 14:10,Singapore Changi Airport,SIN,11/07/2024 17:10,120,Singapore Airlines,Business Class,1430,1175,TRUE,850,Y,Y,Y,1,7,1,23
Soekarno–Hatta International Airport,CGK,11/07/2024 19:00,Singapore Changi Airport,SIN,11/07/2024 21:50,110,Singapore Airlines,Business Class,1140,895,TRUE,978,Y,Y,Y,1,7,1,23
Soekarno–Hatta International Airport,CGK,11/07/2024 8:30,Kuala Lumpur International Airport,KUL,11/07/2024 11:50,140,Garuda Indonesia,Business Class,850,565,N/A,1026,Y,Y,Y,1,7,1,50
Soekarno–Hatta International Airport,CGK,11/07/2024 19:50,Kuala Lumpur International Airport,KUL,11/07/2024 23:00,130,Malaysia Airlines,Business Class,1065,790,TRUE,1178,Y,Y,Y,1,8,2,23
Soekarno–Hatta International Airport,CGK,11/07/2024 4:15,Kuala Lumpur International Airport,KUL,11/07/2024 7:25,130,Malaysia Airlines,Business Class,560,285,N/A,1333,Y,Y,Y,1,8,2,23
Soekarno–Hatta International Airport,CGK,11/07/2024 16:05,Kuala Lumpur International Airport,KUL,11/07/2024 19:25,140,Malaysia Airlines,Business Class,395,110,N/A,1567,Y,Y,Y,1,8,2,23
Soekarno–Hatta International Airport,CGK,12/07/2024 13:00,Brunei International Airport,BWN,12/07/2024 16:30,150,Royal Brunei,Business Class,150,N/A,N/A,876,Y,Y,Y,1,12,2,40
Soekarno–Hatta International Airport,CGK,12/07/2024 5:25,Singapore Changi Airport,SIN,12/07/2024 8:10,105,Singapore Airlines,Business Class,515,275,N/A,978,Y,Y,Y,1,7,1,23
Soekarno–Hatta International Airport,CGK,12/07/2024 16:05,Kuala Lumpur International Airport,KUL,12/07/2024 19:25,140,Malaysia Airlines,Business Class,395,110,N/A,1167,Y,Y,Y,1,8,2,23
Soekarno–Hatta International Airport,CGK,12/07/2024 7:55,Singapore Changi Airport,SIN,12/07/2024 10:45,110,Singapore Airlines,Business Class,365,120,N/A,1329,Y,Y,Y,1,7,1,23
Soekarno–Hatta International Airport,CGK,12/07/2024 4:15,Kuala Lumpur International Airport,KUL,12/07/2024 7:25,130,Malaysia Airlines,Business Class,560,285,N/A,1201,Y,Y,Y,1,8,2,23
Soekarno–Hatta International Airport,CGK,12/07/2024 15:40,Singapore Changi Airport,SIN,12/07/2024 18:25,105,Garuda Indonesia,Business Class,415,180,N/A,1310,Y,Y,Y,1,7,1,50
Soekarno–Hatta International Airport,CGK,12/07/2024 19:00,Singapore Changi Airport,SIN,12/07/2024 21:50,110,Singapore Airlines,Business Class,910,670,TRUE,1329,Y,Y,Y,1,7,1,23
Soekarno–Hatta International Airport,CGK,13/07/2024 5:25,Singapore Changi Airport,SIN,13/07/2024 8:10,105,Singapore Airlines,Business Class,285,50,N/A,1329,Y,Y,Y,1,7,1,23
Soekarno–Hatta International Airport,CGK,13/07/2024 19:50,Kuala Lumpur International Airport,KUL,13/07/2024 23:00,130,Malaysia Airlines,Business Class,1065,790,TRUE,1178,Y,Y,Y,1,8,2,23
Soekarno–Hatta International Airport,CGK,13/07/2024 15:40,Singapore Changi Airport,SIN,13/07/2024 18:25,105,Garuda Indonesia,Business Class,415,180,N/A,1310,Y,Y,Y,1,7,1,50
Soekarno–Hatta International Airport,CGK,13/07/2024 19:00,Singapore Changi Airport,SIN,13/07/2024 21:50,110,Singapore Airlines,Business Class,1140,895,TRUE,1329,Y,Y,Y,1,7,1,23
Soekarno–Hatta International Airport,CGK,13/07/2024 4:15,Kuala Lumpur International Airport,KUL,13/07/2024 7:25,130,Malaysia Airlines,Business Class,560,285,N/A,1333,Y,Y,Y,1,8,2,23
Soekarno–Hatta International Airport,CGK,14/07/2024 13:00,Brunei International Airport,BWN,14/07/2024 16:30,150,Royal Brunei,Business Class,150,N/A,N/A,876,Y,Y,Y,1,12,2,40
Soekarno–Hatta International Airport,CGK,14/07/2024 15:40,Singapore Changi Airport,SIN,14/07/2024 18:25,105,Garuda Indonesia,Business Class,420,185,N/A,1310,Y,Y,Y,1,7,1,50
Soekarno–Hatta International Airport,CGK,14/07/2024 7:55,Singapore Changi Airport,SIN,14/07/2024 10:45,110,Singapore Airlines,Business Class,365,120,N/A,1329,Y,Y,Y,1,7,1,23
Soekarno–Hatta International Airport,CGK,14/07/2024 4:15,Kuala Lumpur International Airport,KUL,14/07/2024 7:25,130,Malaysia Airlines,Business Class,560,285,N/A,1167,Y,Y,Y,1,8,2,23
Soekarno–Hatta International Airport,CGK,14/07/2024 8:30,Kuala Lumpur International Airport,KUL,14/07/2024 11:50,140,Garuda Indonesia,Business Class,850,565,N/A,1172,Y,Y,Y,1,7,1,50
Soekarno–Hatta International Airport,CGK,14/07/2024 19:00,Singapore Changi Airport,SIN,14/07/2024 21:50,110,Singapore Airlines,Business Class,910,670,TRUE,1329,Y,Y,Y,1,7,1,23
Soekarno–Hatta International Airport,CGK,14/07/2024 19:50,Kuala Lumpur International Airport,KUL,14/07/2024 23:00,130,Malaysia Airlines,Business Class,1065,790,TRUE,1344,Y,Y,Y,1,8,2,23
Soekarno–Hatta International Airport,CGK,15/07/2024 5:25,Singapore Changi Airport,SIN,15/07/2024 8:10,105,Singapore Airlines,Business Class,285,50,N/A,1329,Y,Y,Y,1,7,1,23
Soekarno–Hatta International Airport,CGK,15/07/2024 0:55,Ninoy Aquino International Airport,MNL,15/07/2024 6:10,255,Philippine Airlines,Business Class,1305,925,N/A,1156,Y,Y,Y,1,7,2,32
Soekarno–Hatta International Airport,CGK,15/07/2024 19:50,Kuala Lumpur International Airport,KUL,15/07/2024 23:00,130,Malaysia Airlines,Business Class,1610,1335,TRUE,1178,Y,Y,Y,1,8,2,23
Soekarno–Hatta International Airport,CGK,15/07/2024 19:00,Singapore Changi Airport,SIN,15/07/2024 21:45,105,Garuda Indonesia,Business Class,1100,865,TRUE,1310,Y,Y,Y,1,7,1,50
Soekarno–Hatta International Airport,CGK,15/07/2024 19:00,Singapore Changi Airport,SIN,15/07/2024 21:50,110,Singapore Airlines,Business Class,910,670,TRUE,1329,Y,Y,Y,1,7,1,23
Soekarno–Hatta International Airport,CGK,15/07/2024 4:15,Kuala Lumpur International Airport,KUL,15/07/2024 7:25,130,Malaysia Airlines,Business Class,560,285,N/A,1333,Y,Y,Y,1,8,2,23
Soekarno–Hatta International Airport,CGK,16/07/2024 6:15,Brunei International Airport,BWN,16/07/2024 9:45,150,Royal Brunei,Business Class,150,N/A,N/A,876,Y,Y,Y,1,12,2,40
Soekarno–Hatta International Airport,CGK,16/07/2024 16:05,Kuala Lumpur International Airport,KUL,16/07/2024 19:25,140,Malaysia Airlines,Business Class,395,110,N/A,1167,Y,Y,Y,1,8,2,23
Soekarno–Hatta International Airport,CGK,16/07/2024 5:25,Singapore Changi Airport,SIN,16/07/2024 8:10,105,Singapore Airlines,Business Class,285,50,N/A,1329,Y,Y,Y,1,7,1,23
Soekarno–Hatta International Airport,CGK,16/07/2024 18:05,Singapore Changi Airport,SIN,16/07/2024 20:55,110,Singapore Airlines,Business Class,1195,950,TRUE,978,Y,Y,Y,1,7,1,23
Soekarno–Hatta International Airport,CGK,16/07/2024 8:30,Kuala Lumpur International Airport,KUL,16/07/2024 11:50,140,Garuda Indonesia,Business Class,850,565,N/A,985,Y,Y,Y,1,7,1,50
Soekarno–Hatta International Airport,CGK,16/07/2024 19:00,Singapore Changi Airport,SIN,16/07/2024 21:50,110,Singapore Airlines,Business Class,1140,895,TRUE,1131,Y,Y,Y,1,7,1,23
Soekarno–Hatta International Airport,CGK,16/07/2024 19:00,Singapore Changi Airport,SIN,16/07/2024 21:45,105,Garuda Indonesia,Business Class,1140,900,TRUE,1269,Y,Y,Y,1,7,1,50
Soekarno–Hatta International Airport,CGK,16/07/2024 15:25,Singapore Changi Airport,SIN,16/07/2024 18:10,105,Garuda Indonesia,Business Class,430,195,N/A,1310,Y,Y,Y,1,7,1,50
Soekarno–Hatta International Airport,CGK,17/07/2024 13:00,Brunei International Airport,BWN,17/07/2024 16:30,150,Royal Brunei,Business Class,150,N/A,N/A,876,Y,Y,Y,1,12,2,40
Soekarno–Hatta International Airport,CGK,17/07/2024 7:55,Singapore Changi Airport,SIN,17/07/2024 10:45,110,Singapore Airlines,Business Class,365,120,N/A,978,Y,Y,Y,1,7,1,23
Soekarno–Hatta International Airport,CGK,17/07/2024 16:05,Kuala Lumpur International Airport,KUL,17/07/2024 19:25,140,Malaysia Airlines,Business Class,395,110,N/A,1167,Y,Y,Y,1,8,2,23
Soekarno–Hatta International Airport,CGK,17/07/2024 19:50,Kuala Lumpur International Airport,KUL,17/07/2024 23:00,130,Malaysia Airlines,Business Class,1065,790,TRUE,1178,Y,Y,Y,1,8,2,23
Soekarno–Hatta International Airport,CGK,17/07/2024 19:00,Singapore Changi Airport,SIN,17/07/2024 21:45,105,Garuda Indonesia,Business Class,1660,1425,TRUE,1233,Y,Y,Y,1,7,1,50
Soekarno–Hatta International Airport,CGK,17/07/2024 19:00,Singapore Changi Airport,SIN,17/07/2024 21:50,110,Singapore Airlines,Business Class,910,670,TRUE,1329,Y,Y,Y,1,7,1,23
Soekarno–Hatta International Airport,CGK,18/07/2024 4:15,Kuala Lumpur International Airport,KUL,18/07/2024 7:25,130,Malaysia Airlines,Business Class,560,285,N/A,1167,Y,Y,Y,1,8,2,23
Soekarno–Hatta International Airport,CGK,18/07/2024 15:40,Singapore Changi Airport,SIN,18/07/2024 18:25,105,Garuda Indonesia,Business Class,420,185,N/A,1233,Y,Y,Y,1,7,1,50
Soekarno–Hatta International Airport,CGK,18/07/2024 5:25,Singapore Changi Airport,SIN,18/07/2024 8:10,105,Singapore Airlines,Business Class,285,50,N/A,1329,Y,Y,Y,1,7,1,23
Soekarno–Hatta International Airport,CGK,18/07/2024 11:50,Ninoy Aquino International Airport,MNL,18/07/2024 17:05,255,Philippine Airlines,Business Class,650,270,N/A,1156,Y,Y,Y,1,7,2,32
Soekarno–Hatta International Airport,CGK,18/07/2024 11:10,Kuala Lumpur International Airport,KUL,18/07/2024 14:20,130,Malaysia Airlines,Business Class,690,415,N/A,1167,Y,Y,Y,1,8,2,23
Soekarno–Hatta International Airport,CGK,18/07/2024 19:00,Singapore Changi Airport,SIN,18/07/2024 21:50,110,Singapore Airlines,Business Class,1140,895,TRUE,1329,Y,Y,Y,1,7,1,23
Soekarno–Hatta International Airport,CGK,19/07/2024 18:05,Singapore Changi Airport,SIN,19/07/2024 20:55,110,Singapore Airlines,Business Class,965,725,TRUE,850,Y,Y,Y,1,7,1,23
Soekarno–Hatta International Airport,CGK,19/07/2024 16:05,Kuala Lumpur International Airport,KUL,19/07/2024 19:25,140,Malaysia Airlines,Business Class,395,110,N/A,1167,Y,Y,Y,1,8,2,23
Soekarno–Hatta International Airport,CGK,19/07/2024 15:40,Singapore Changi Airport,SIN,19/07/2024 18:25,105,Garuda Indonesia,Business Class,415,180,N/A,1233,Y,Y,Y,1,7,1,50
Soekarno–Hatta International Airport,CGK,19/07/2024 7:55,Singapore Changi Airport,SIN,19/07/2024 10:45,110,Singapore Airlines,Business Class,365,120,N/A,1329,Y,Y,Y,1,7,1,23
Soekarno–Hatta International Airport,CGK,19/07/2024 0:55,Ninoy Aquino International Airport,MNL,19/07/2024 6:10,255,Philippine Airlines,Business Class,1305,925,N/A,1156,Y,Y,Y,1,7,2,32
Soekarno–Hatta International Airport,CGK,19/07/2024 4:15,Kuala Lumpur International Airport,KUL,19/07/2024 7:25,130,Malaysia Airlines,Business Class,560,285,N/A,1167,Y,Y,Y,1,8,2,23
Soekarno–Hatta International Airport,CGK,19/07/2024 19:00,Singapore Changi Airport,SIN,19/07/2024 21:45,105,Garuda Indonesia,Business Class,910,675,TRUE,1176,Y,Y,Y,1,7,1,50
Soekarno–Hatta International Airport,CGK,19/07/2024 19:00,Singapore Changi Airport,SIN,19/07/2024 21:50,110,Singapore Airlines,Business Class,910,670,TRUE,1329,Y,Y,Y,1,7,1,23
Soekarno–Hatta International Airport,CGK,20/07/2024 5:25,Singapore Changi Airport,SIN,20/07/2024 8:10,105,Singapore Airlines,Business Class,285,50,N/A,850,Y,Y,Y,1,7,1,23
Soekarno–Hatta International Airport,CGK,20/07/2024 8:30,Kuala Lumpur International Airport,KUL,20/07/2024 11:50,140,Garuda Indonesia,Business Class,1745,1460,TRUE,1003,Y,Y,Y,1,7,1,50
Soekarno–Hatta International Airport,CGK,20/07/2024 4:15,Kuala Lumpur International Airport,KUL,20/07/2024 7:25,130,Malaysia Airlines,Business Class,560,285,N/A,1167,Y,Y,Y,1,8,2,23
Soekarno–Hatta International Airport,CGK,20/07/2024 19:50,Kuala Lumpur International Airport,KUL,20/07/2024 23:00,130,Malaysia Airlines,Business Class,1065,790,TRUE,1178,Y,Y,Y,1,8,2,23
Soekarno–Hatta International Airport,CGK,20/07/2024 15:40,Singapore Changi Airport,SIN,20/07/2024 18:25,105,Garuda Indonesia,Business Class,415,180,N/A,1233,Y,Y,Y,1,7,1,50
Soekarno–Hatta International Airport,CGK,20/07/2024 19:00,Singapore Changi Airport,SIN,20/07/2024 21:50,110,Singapore Airlines,Business Class,1140,895,TRUE,1536,Y,Y,Y,1,7,1,23
Soekarno–Hatta International Airport,CGK,21/07/2024 13:00,Brunei International Airport,BWN,21/07/2024 16:30,150,Royal Brunei,Business Class,150,N/A,N/A,876,Y,Y,Y,1,12,2,40
Soekarno–Hatta International Airport,CGK,21/07/2024 15:40,Singapore Changi Airport,SIN,21/07/2024 18:25,105,Garuda Indonesia,Business Class,420,185,N/A,1233,Y,Y,Y,1,7,1,50
Soekarno–Hatta International Airport,CGK,21/07/2024 16:05,Kuala Lumpur International Airport,KUL,21/07/2024 19:25,140,Malaysia Airlines,Business Class,395,110,N/A,1333,Y,Y,Y,1,8,2,23
Soekarno–Hatta International Airport,CGK,21/07/2024 7:55,Singapore Changi Airport,SIN,21/07/2024 10:45,110,Singapore Airlines,Business Class,365,120,N/A,1536,Y,Y,Y,1,7,1,23
Soekarno–Hatta International Airport,CGK,21/07/2024 19:00,Singapore Changi Airport,SIN,21/07/2024 21:50,110,Singapore Airlines,Business Class,910,670,TRUE,1131,Y,Y,Y,1,7,1,23
Soekarno–Hatta International Airport,CGK,21/07/2024 4:15,Kuala Lumpur International Airport,KUL,21/07/2024 7:25,130,Malaysia Airlines,Business Class,560,285,N/A,1167,Y,Y,Y,1,8,2,23
Soekarno–Hatta International Airport,CGK,21/07/2024 19:00,Singapore Changi Airport,SIN,21/07/2024 21:45,105,Garuda Indonesia,Business Class,1100,865,TRUE,1233,Y,Y,Y,1,7,1,50
Soekarno–Hatta International Airport,CGK,22/07/2024 5:25,Singapore Changi Airport,SIN,22/07/2024 8:10,105,Singapore Airlines,Business Class,285,50,N/A,1131,Y,Y,Y,1,7,1,23
Soekarno–Hatta International Airport,CGK,22/07/2024 0:55,Ninoy Aquino International Airport,MNL,22/07/2024 6:10,255,Philippine Airlines,Business Class,1305,925,N/A,1156,Y,Y,Y,1,7,2,32
Soekarno–Hatta International Airport,CGK,22/07/2024 18:25,Kuala Lumpur International Airport,KUL,22/07/2024 21:35,130,Malaysia Airlines,Business Class,1695,1420,TRUE,1178,Y,Y,Y,1,8,2,23
Soekarno–Hatta International Airport,CGK,22/07/2024 19:00,Singapore Changi Airport,SIN,22/07/2024 21:45,105,Garuda Indonesia,Business Class,1100,865,TRUE,1233,Y,Y,Y,1,7,1,50
Soekarno–Hatta International Airport,CGK,22/07/2024 19:50,Kuala Lumpur International Airport,KUL,22/07/2024 23:00,130,Malaysia Airlines,Business Class,1610,1335,TRUE,1278,Y,Y,Y,1,8,2,23
Soekarno–Hatta International Airport,CGK,22/07/2024 4:15,Kuala Lumpur International Airport,KUL,22/07/2024 7:25,130,Malaysia Airlines,Business Class,560,285,N/A,1333,Y,Y,Y,1,8,2,23
Soekarno–Hatta International Airport,CGK,22/07/2024 19:00,Singapore Changi Airport,SIN,22/07/2024 21:50,110,Singapore Airlines,Business Class,910,670,TRUE,1536,Y,Y,Y,1,7,1,23
Soekarno–Hatta International Airport,CGK,23/07/2024 6:15,Brunei International Airport,BWN,23/07/2024 9:45,150,Royal Brunei,Business Class,150,N/A,N/A,876,Y,Y,Y,1,12,2,40
Soekarno–Hatta International Airport,CGK,23/07/2024 16:05,Kuala Lumpur International Airport,KUL,23/07/2024 19:25,140,Malaysia Airlines,Business Class,395,110,N/A,1167,Y,Y,Y,1,8,2,23
Soekarno–Hatta International Airport,CGK,23/07/2024 15:40,Singapore Changi Airport,SIN,23/07/2024 18:25,105,Garuda Indonesia,Business Class,415,180,N/A,1233,Y,Y,Y,1,7,1,50
Soekarno–Hatta International Airport,CGK,23/07/2024 5:25,Singapore Changi Airport,SIN,23/07/2024 8:10,105,Singapore Airlines,Business Class,285,50,N/A,1536,Y,Y,Y,1,7,1,23
Soekarno–Hatta International Airport,CGK,23/07/2024 8:30,Kuala Lumpur International Airport,KUL,23/07/2024 11:50,140,Garuda Indonesia,Business Class,850,565,N/A,985,Y,Y,Y,1,7,1,50
Soekarno–Hatta International Airport,CGK,23/07/2024 19:00,Singapore Changi Airport,SIN,23/07/2024 21:45,105,Garuda Indonesia,Business Class,1100,865,TRUE,1233,Y,Y,Y,1,7,1,50
Soekarno–Hatta International Airport,CGK,23/07/2024 19:00,Singapore Changi Airport,SIN,23/07/2024 21:50,110,Singapore Airlines,Business Class,1140,895,TRUE,1329,Y,Y,Y,1,7,1,23
Soekarno–Hatta International Airport,CGK,24/07/2024 13:00,Brunei International Airport,BWN,24/07/2024 16:30,150,Royal Brunei,Business Class,150,N/A,N/A,876,Y,Y,Y,1,12,2,40
Soekarno–Hatta International Airport,CGK,24/07/2024 16:05,Kuala Lumpur International Airport,KUL,24/07/2024 19:25,140,Malaysia Airlines,Business Class,395,110,N/A,1167,Y,Y,Y,1,8,2,23
Soekarno–Hatta International Airport,CGK,24/07/2024 7:55,Singapore Changi Airport,SIN,24/07/2024 10:45,110,Singapore Airlines,Business Class,365,120,N/A,1329,Y,Y,Y,1,7,1,23
Soekarno–Hatta International Airport,CGK,24/07/2024 18:05,Singapore Changi Airport,SIN,24/07/2024 20:55,110,Singapore Airlines,Business Class,965,725,TRUE,850,Y,Y,Y,1,7,1,23
Soekarno–Hatta International Airport,CGK,24/07/2024 8:30,Kuala Lumpur International Airport,KUL,24/07/2024 11:50,140,Garuda Indonesia,Business Class,850,565,N/A,985,Y,Y,Y,1,7,1,50
Soekarno–Hatta International Airport,CGK,24/07/2024 19:00,Singapore Changi Airport,SIN,24/07/2024 21:45,105,Garuda Indonesia,Business Class,910,675,TRUE,1176,Y,Y,Y,1,7,1,50
Soekarno–Hatta International Airport,CGK,24/07/2024 19:50,Kuala Lumpur International Airport,KUL,24/07/2024 23:00,130,Malaysia Airlines,Business Class,1065,790,TRUE,1178,Y,Y,Y,1,8,2,23
Soekarno–Hatta International Airport,CGK,24/07/2024 19:00,Singapore Changi Airport,SIN,24/07/2024 21:45,105,Garuda Indonesia,Business Class,1660,1425,TRUE,1233,Y,Y,Y,1,7,1,50
Soekarno–Hatta International Airport,CGK,24/07/2024 19:00,Singapore Changi Airport,SIN,24/07/2024 21:50,110,Singapore Airlines,Business Class,910,670,TRUE,1329,Y,Y,Y,1,7,1,23
Soekarno–Hatta International Airport,CGK,25/07/2024 5:25,Singapore Changi Airport,SIN,25/07/2024 8:10,105,Singapore Airlines,Business Class,285,50,N/A,850,Y,Y,Y,1,7,1,23
Soekarno–Hatta International Airport,CGK,25/07/2024 13:00,Brunei International Airport,BWN,25/07/2024 16:30,150,Royal Brunei,Business Class,150,N/A,N/A,876,Y,Y,Y,1,12,2,40
Soekarno–Hatta International Airport,CGK,25/07/2024 4:15,Kuala Lumpur International Airport,KUL,25/07/2024 7:25,130,Malaysia Airlines,Business Class,560,285,N/A,1167,Y,Y,Y,1,8,2,23
Soekarno–Hatta International Airport,CGK,25/07/2024 15:40,Singapore Changi Airport,SIN,25/07/2024 18:25,105,Garuda Indonesia,Business Class,420,185,N/A,1233,Y,Y,Y,1,7,1,50
Soekarno–Hatta International Airport,CGK,25/07/2024 18:05,Singapore Changi Airport,SIN,25/07/2024 20:55,110,Singapore Airlines,Business Class,1195,950,TRUE,850,Y,Y,Y,1,7,1,23
Soekarno–Hatta International Airport,CGK,25/07/2024 19:50,Kuala Lumpur International Airport,KUL,25/07/2024 23:00,130,Malaysia Airlines,Business Class,1065,790,TRUE,1178,Y,Y,Y,1,8,2,23
Soekarno–Hatta International Airport,CGK,25/07/2024 19:00,Singapore Changi Airport,SIN,25/07/2024 21:45,105,Garuda Indonesia,Business Class,1100,865,TRUE,1233,Y,Y,Y,1,7,1,50
Soekarno–Hatta International Airport,CGK,25/07/2024 19:00,Singapore Changi Airport,SIN,25/07/2024 21:50,110,Singapore Airlines,Business Class,1140,895,TRUE,1329,Y,Y,Y,1,7,1,23
Soekarno–Hatta International Airport,CGK,26/07/2024 7:55,Singapore Changi Airport,SIN,26/07/2024 10:45,110,Singapore Airlines,Business Class,365,120,N/A,850,Y,Y,Y,1,7,1,23
Soekarno–Hatta International Airport,CGK,26/07/2024 13:00,Brunei International Airport,BWN,26/07/2024 16:30,150,Royal Brunei,Business Class,150,N/A,N/A,876,Y,Y,Y,1,12,2,40
Soekarno–Hatta International Airport,CGK,26/07/2024 16:05,Kuala Lumpur International Airport,KUL,26/07/2024 19:25,140,Malaysia Airlines,Business Class,395,110,N/A,1167,Y,Y,Y,1,8,2,23
Soekarno–Hatta International Airport,CGK,26/07/2024 19:00,Singapore Changi Airport,SIN,26/07/2024 21:50,110,Singapore Airlines,Business Class,910,670,TRUE,978,Y,Y,Y,1,7,1,23
Soekarno–Hatta International Airport,CGK,26/07/2024 8:30,Kuala Lumpur International Airport,KUL,26/07/2024 11:50,140,Garuda Indonesia,Business Class,850,565,N/A,985,Y,Y,Y,1,7,1,50
Soekarno–Hatta International Airport,CGK,26/07/2024 19:00,Singapore Changi Airport,SIN,26/07/2024 21:45,105,Garuda Indonesia,Business Class,910,675,TRUE,1176,Y,Y,Y,1,7,1,50
Soekarno–Hatta International Airport,CGK,26/07/2024 19:50,Kuala Lumpur International Airport,KUL,26/07/2024 23:00,130,Malaysia Airlines,Business Class,1065,790,TRUE,1178,Y,Y,Y,1,8,2,23
Soekarno–Hatta International Airport,CGK,26/07/2024 4:15,Kuala Lumpur International Airport,KUL,26/07/2024 7:25,130,Malaysia Airlines,Business Class,560,285,N/A,1201,Y,Y,Y,1,8,2,23
Soekarno–Hatta International Airport,CGK,27/07/2024 5:25,Singapore Changi Airport,SIN,27/07/2024 8:10,105,Singapore Airlines,Business Class,285,50,N/A,978,Y,Y,Y,1,7,1,23
Soekarno–Hatta International Airport,CGK,27/07/2024 4:15,Kuala Lumpur International Airport,KUL,27/07/2024 7:25,130,Malaysia Airlines,Business Class,560,285,N/A,1167,Y,Y,Y,1,8,2,23
Soekarno–Hatta International Airport,CGK,27/07/2024 15:40,Singapore Changi Airport,SIN,27/07/2024 18:25,105,Garuda Indonesia,Business Class,415,180,N/A,1233,Y,Y,Y,1,7,1,50
Soekarno–Hatta International Airport,CGK,27/07/2024 19:50,Kuala Lumpur International Airport,KUL,27/07/2024 23:00,130,Malaysia Airlines,Business Class,1065,790,TRUE,1178,Y,Y,Y,1,8,2,23
Soekarno–Hatta International Airport,CGK,27/07/2024 19:00,Singapore Changi Airport,SIN,27/07/2024 21:50,110,Singapore Airlines,Business Class,1140,895,TRUE,1329,Y,Y,Y,1,7,1,23
Soekarno–Hatta International Airport,CGK,28/07/2024 13:00,Brunei International Airport,BWN,28/07/2024 16:30,150,Royal Brunei,Business Class,150,N/A,N/A,876,Y,Y,Y,1,12,2,40
Soekarno–Hatta International Airport,CGK,28/07/2024 16:05,Kuala Lumpur International Airport,KUL,28/07/2024 19:25,140,Malaysia Airlines,Business Class,395,110,N/A,1167,Y,Y,Y,1,8,2,23
Soekarno–Hatta International Airport,CGK,28/07/2024 15:40,Singapore Changi Airport,SIN,28/07/2024 18:25,105,Garuda Indonesia,Business Class,420,185,N/A,1233,Y,Y,Y,1,7,1,50
Soekarno–Hatta International Airport,CGK,28/07/2024 7:55,Singapore Changi Airport,SIN,28/07/2024 10:45,110,Singapore Airlines,Business Class,365,120,N/A,1329,Y,Y,Y,1,7,1,23
Soekarno–Hatta International Airport,CGK,28/07/2024 8:30,Kuala Lumpur International Airport,KUL,28/07/2024 11:50,140,Garuda Indonesia,Business Class,850,565,N/A,985,Y,Y,Y,1,7,1,50
Soekarno–Hatta International Airport,CGK,28/07/2024 19:00,Singapore Changi Airport,SIN,28/07/2024 21:50,110,Singapore Airlines,Business Class,910,670,TRUE,1131,Y,Y,Y,1,7,1,23
Soekarno–Hatta International Airport,CGK,28/07/2024 4:15,Kuala Lumpur International Airport,KUL,28/07/2024 7:25,130,Malaysia Airlines,Business Class,560,285,N/A,1167,Y,Y,Y,1,8,2,23
Soekarno–Hatta International Airport,CGK,28/07/2024 19:50,Kuala Lumpur International Airport,KUL,28/07/2024 23:00,130,Malaysia Airlines,Business Class,1065,790,TRUE,1178,Y,Y,Y,1,8,2,23
Soekarno–Hatta International Airport,CGK,29/07/2024 19:00,Singapore Changi Airport,SIN,29/07/2024 21:50,110,Singapore Airlines,Business Class,910,670,TRUE,850,Y,Y,Y,1,7,1,23
Soekarno–Hatta International Airport,CGK,29/07/2024 5:25,Singapore Changi Airport,SIN,29/07/2024 8:10,105,Singapore Airlines,Business Class,285,50,N/A,1131,Y,Y,Y,1,7,1,23
Soekarno–Hatta International Airport,CGK,29/07/2024 4:15,Kuala Lumpur International Airport,KUL,29/07/2024 7:25,130,Malaysia Airlines,Business Class,560,285,N/A,1167,Y,Y,Y,1,8,2,23
Soekarno–Hatta International Airport,CGK,29/07/2024 19:00,Singapore Changi Airport,SIN,29/07/2024 21:45,105,Garuda Indonesia,Business Class,910,675,TRUE,1020,Y,Y,Y,1,7,1,50
Soekarno–Hatta International Airport,CGK,29/07/2024 0:55,Ninoy Aquino International Airport,MNL,29/07/2024 6:10,255,Philippine Airlines,Business Class,1305,925,N/A,1156,Y,Y,Y,1,7,2,32
Soekarno–Hatta International Airport,CGK,29/07/2024 19:50,Kuala Lumpur International Airport,KUL,29/07/2024 23:00,130,Malaysia Airlines,Business Class,1610,1335,TRUE,1178,Y,Y,Y,1,8,2,23
Soekarno–Hatta International Airport,CGK,29/07/2024 19:00,Singapore Changi Airport,SIN,29/07/2024 21:45,105,Garuda Indonesia,Business Class,1100,865,TRUE,1233,Y,Y,Y,1,7,1,50
Soekarno–Hatta International Airport,CGK,30/07/2024 5:25,Singapore Changi Airport,SIN,30/07/2024 8:10,105,Singapore Airlines,Business Class,285,50,N/A,850,Y,Y,Y,1,7,1,23
Soekarno–Hatta International Airport,CGK,30/07/2024 6:15,Brunei International Airport,BWN,30/07/2024 9:45,150,Royal Brunei,Business Class,150,N/A,N/A,876,Y,Y,Y,1,12,2,40
Soekarno–Hatta International Airport,CGK,30/07/2024 16:05,Kuala Lumpur International Airport,KUL,30/07/2024 19:25,140,Malaysia Airlines,Business Class,395,110,N/A,1167,Y,Y,Y,1,8,2,23
Soekarno–Hatta International Airport,CGK,30/07/2024 15:40,Singapore Changi Airport,SIN,30/07/2024 18:25,105,Garuda Indonesia,Business Class,415,180,N/A,1233,Y,Y,Y,1,7,1,50
Soekarno–Hatta International Airport,CGK,30/07/2024 19:00,Singapore Changi Airport,SIN,30/07/2024 21:50,110,Singapore Airlines,Business Class,1140,895,TRUE,850,Y,Y,Y,1,7,1,23
Soekarno–Hatta International Airport,CGK,30/07/2024 8:30,Kuala Lumpur International Airport,KUL,30/07/2024 11:50,140,Garuda Indonesia,Business Class,850,565,N/A,985,Y,Y,Y,1,7,1,50
Soekarno–Hatta International Airport,CGK,30/07/2024 19:00,Singapore Changi Airport,SIN,30/07/2024 21:45,105,Garuda Indonesia,Business Class,1140,900,TRUE,1020,Y,Y,Y,1,7,1,50
Soekarno–Hatta International Airport,CGK,30/07/2024 19:00,Singapore Changi Airport,SIN,30/07/2024 21:45,105,Garuda Indonesia,Business Class,1100,865,TRUE,1233,Y,Y,Y,1,7,1,50
Soekarno–Hatta International Airport,CGK,31/07/2024 7:55,Singapore Changi Airport,SIN,31/07/2024 10:45,110,Singapore Airlines,Business Class,365,120,N/A,850,Y,Y,Y,1,7,1,23
Soekarno–Hatta International Airport,CGK,31/07/2024 13:00,Brunei International Airport,BWN,31/07/2024 16:30,150,Royal Brunei,Business Class,150,N/A,N/A,876,Y,Y,Y,1,12,2,40
Soekarno–Hatta International Airport,CGK,31/07/2024 16:05,Kuala Lumpur International Airport,KUL,31/07/2024 19:25,140,Malaysia Airlines,Business Class,395,110,N/A,1167,Y,Y,Y,1,8,2,23
Soekarno–Hatta International Airport,CGK,31/07/2024 8:30,Kuala Lumpur International Airport,KUL,31/07/2024 11:50,140,Garuda Indonesia,Business Class,850,565,N/A,985,Y,Y,Y,1,7,1,50
Soekarno–Hatta International Airport,CGK,31/07/2024 19:50,Kuala Lumpur International Airport,KUL,31/07/2024 23:00,130,Malaysia Airlines,Business Class,1065,790,TRUE,1178,Y,Y,Y,1,8,2,23
Soekarno–Hatta International Airport,CGK,31/07/2024 19:00,Singapore Changi Airport,SIN,31/07/2024 21:45,105,Garuda Indonesia,Business Class,1660,1425,TRUE,1233,Y,Y,Y,1,7,1,50
Soekarno–Hatta International Airport,CGK,31/07/2024 19:00,Singapore Changi Airport,SIN,31/07/2024 21:50,110,Singapore Airlines,Business Class,910,670,TRUE,1329,Y,Y,Y,1,7,1,23
Soekarno–Hatta International Airport,CGK,01/08/2024 13:00,Brunei International Airport,BWN,01/08/2024 16:30,150,Royal Brunei,Business Class,150,N/A,N/A,894,Y,Y,Y,1,12,2,40
Soekarno–Hatta International Airport,CGK,01/08/2024 5:25,Singapore Changi Airport,SIN,01/08/2024 8:10,105,Singapore Airlines,Business Class,285,50,N/A,997,Y,Y,Y,1,7,1,23
Soekarno–Hatta International Airport,CGK,01/08/2024 16:05,Kuala Lumpur International Airport,KUL,01/08/2024 19:25,140,Malaysia Airlines,Business Class,395,110,N/A,1205,Y,Y,Y,1,8,2,23
Soekarno–Hatta International Airport,CGK,01/08/2024 15:40,Singapore Changi Airport,SIN,01/08/2024 18:25,105,Garuda Indonesia,Business Class,420,185,N/A,1258,Y,Y,Y,1,7,1,50
Soekarno–Hatta International Airport,CGK,01/08/2024 8:30,Kuala Lumpur International Airport,KUL,01/08/2024 11:50,140,Garuda Indonesia,Business Class,850,565,N/A,1005,Y,Y,Y,1,7,1,50
Soekarno–Hatta International Airport,CGK,01/08/2024 4:15,Kuala Lumpur International Airport,KUL,01/08/2024 7:25,130,Malaysia Airlines,Business Class,560,285,N/A,1205,Y,Y,Y,1,8,2,23
Soekarno–Hatta International Airport,CGK,01/08/2024 19:50,Kuala Lumpur International Airport,KUL,01/08/2024 23:00,130,Malaysia Airlines,Business Class,1610,1335,TRUE,1216,Y,Y,Y,1,8,2,23
Soekarno–Hatta International Airport,CGK,01/08/2024 19:00,Singapore Changi Airport,SIN,01/08/2024 21:50,110,Singapore Airlines,Business Class,1140,895,TRUE,1356,Y,Y,Y,1,7,1,23
Soekarno–Hatta International Airport,CGK,02/08/2024 13:00,Brunei International Airport,BWN,02/08/2024 16:30,150,Royal Brunei,Business Class,150,N/A,N/A,894,Y,Y,Y,1,12,2,40
Soekarno–Hatta International Airport,CGK,02/08/2024 16:05,Kuala Lumpur International Airport,KUL,02/08/2024 19:25,140,Malaysia Airlines,Business Class,395,110,N/A,1205,Y,Y,Y,1,8,2,23
Soekarno–Hatta International Airport,CGK,02/08/2024 7:55,Singapore Changi Airport,SIN,02/08/2024 10:45,110,Singapore Airlines,Business Class,365,120,N/A,1356,Y,Y,Y,1,7,1,23
Soekarno–Hatta International Airport,CGK,02/08/2024 18:05,Singapore Changi Airport,SIN,02/08/2024 20:55,110,Singapore Airlines,Business Class,965,725,TRUE,997,Y,Y,Y,1,7,1,23
Soekarno–Hatta International Airport,CGK,02/08/2024 19:00,Singapore Changi Airport,SIN,02/08/2024 21:50,110,Singapore Airlines,Business Class,910,670,TRUE,1153,Y,Y,Y,1,7,1,23
Soekarno–Hatta International Airport,CGK,02/08/2024 0:55,Ninoy Aquino International Airport,MNL,02/08/2024 6:10,255,Philippine Airlines,Business Class,1305,925,N/A,1185,Y,Y,Y,1,7,2,32
Soekarno–Hatta International Airport,CGK,02/08/2024 15:40,Singapore Changi Airport,SIN,02/08/2024 18:25,105,Garuda Indonesia,Business Class,415,180,N/A,1258,Y,Y,Y,1,7,1,50
Soekarno–Hatta International Airport,CGK,02/08/2024 19:00,Singapore Changi Airport,SIN,02/08/2024 21:45,105,Garuda Indonesia,Business Class,910,675,TRUE,1261,Y,Y,Y,1,7,1,50
Soekarno–Hatta International Airport,CGK,03/08/2024 5:25,Singapore Changi Airport,SIN,03/08/2024 8:10,105,Singapore Airlines,Business Class,285,50,N/A,997,Y,Y,Y,1,7,1,23
Soekarno–Hatta International Airport,CGK,03/08/2024 15:40,Singapore Changi Airport,SIN,03/08/2024 18:25,105,Garuda Indonesia,Business Class,415,180,N/A,1258,Y,Y,Y,1,7,1,50
Soekarno–Hatta International Airport,CGK,03/08/2024 4:15,Kuala Lumpur International Airport,KUL,03/08/2024 7:25,130,Malaysia Airlines,Business Class,560,285,N/A,1378,Y,Y,Y,1,8,2,23
Soekarno–Hatta International Airport,CGK,03/08/2024 8:30,Kuala Lumpur International Airport,KUL,03/08/2024 11:50,140,Garuda Indonesia,Business Class,1745,1460,TRUE,1023,Y,Y,Y,1,7,1,50
Soekarno–Hatta International Airport,CGK,03/08/2024 19:50,Kuala Lumpur International Airport,KUL,03/08/2024 23:00,130,Malaysia Airlines,Business Class,1610,1335,TRUE,1216,Y,Y,Y,1,8,2,23
Soekarno–Hatta International Airport,CGK,03/08/2024 19:00,Singapore Changi Airport,SIN,03/08/2024 21:50,110,Singapore Airlines,Business Class,1140,895,TRUE,1356,Y,Y,Y,1,7,1,23
Soekarno–Hatta International Airport,CGK,03/08/2024 19:50,Kuala Lumpur International Airport,KUL,03/08/2024 23:00,130,Malaysia Airlines,Business Class,1065,790,TRUE,1389,Y,Y,Y,1,8,2,23
Soekarno–Hatta International Airport,CGK,04/08/2024 13:00,Brunei International Airport,BWN,04/08/2024 16:30,150,Royal Brunei,Business Class,150,N/A,N/A,894,Y,Y,Y,1,12,2,40
Soekarno–Hatta International Airport,CGK,04/08/2024 16:05,Kuala Lumpur International Airport,KUL,04/08/2024 19:25,140,Malaysia Airlines,Business Class,395,110,N/A,1205,Y,Y,Y,1,8,2,23
Soekarno–Hatta International Airport,CGK,04/08/2024 15:40,Singapore Changi Airport,SIN,04/08/2024 18:25,105,Garuda Indonesia,Business Class,420,185,N/A,1258,Y,Y,Y,1,7,1,50
Soekarno–Hatta International Airport,CGK,04/08/2024 7:55,Singapore Changi Airport,SIN,04/08/2024 10:45,110,Singapore Airlines,Business Class,365,120,N/A,1356,Y,Y,Y,1,7,1,23
Soekarno–Hatta International Airport,CGK,04/08/2024 8:30,Kuala Lumpur International Airport,KUL,04/08/2024 11:50,140,Garuda Indonesia,Business Class,850,565,N/A,1005,Y,Y,Y,1,7,1,50
Soekarno–Hatta International Airport,CGK,04/08/2024 19:50,Kuala Lumpur International Airport,KUL,04/08/2024 23:00,130,Malaysia Airlines,Business Class,1065,790,TRUE,1216,Y,Y,Y,1,8,2,23
Soekarno–Hatta International Airport,CGK,04/08/2024 19:00,Singapore Changi Airport,SIN,04/08/2024 21:45,105,Garuda Indonesia,Business Class,1100,865,TRUE,1258,Y,Y,Y,1,7,1,50
Soekarno–Hatta International Airport,CGK,04/08/2024 4:15,Kuala Lumpur International Airport,KUL,04/08/2024 7:25,130,Malaysia Airlines,Business Class,560,285,N/A,1378,Y,Y,Y,1,8,2,23
Soekarno–Hatta International Airport,CGK,05/08/2024 0:55,Ninoy Aquino International Airport,MNL,05/08/2024 6:10,255,Philippine Airlines,Business Class,1305,925,N/A,1185,Y,Y,Y,1,7,2,32
Soekarno–Hatta International Airport,CGK,05/08/2024 4:15,Kuala Lumpur International Airport,KUL,05/08/2024 7:25,130,Malaysia Airlines,Business Class,560,285,N/A,1205,Y,Y,Y,1,8,2,23
Soekarno–Hatta International Airport,CGK,05/08/2024 19:00,Singapore Changi Airport,SIN,05/08/2024 21:45,105,Garuda Indonesia,Business Class,1100,865,TRUE,1258,Y,Y,Y,1,7,1,50
Soekarno–Hatta International Airport,CGK,05/08/2024 19:50,Kuala Lumpur International Airport,KUL,05/08/2024 23:00,130,Malaysia Airlines,Business Class,1610,1335,TRUE,1389,Y,Y,Y,1,8,2,23
Soekarno–Hatta International Airport,CGK,06/08/2024 6:15,Brunei International Airport,BWN,06/08/2024 9:45,150,Royal Brunei,Business Class,150,N/A,N/A,1176,Y,Y,Y,1,12,2,40
Soekarno–Hatta International Airport,CGK,06/08/2024 15:40,Singapore Changi Airport,SIN,06/08/2024 18:25,105,Garuda Indonesia,Business Class,415,180,N/A,1258,Y,Y,Y,1,7,1,50
Soekarno–Hatta International Airport,CGK,06/08/2024 16:05,Kuala Lumpur International Airport,KUL,06/08/2024 19:25,140,Malaysia Airlines,Business Class,395,110,N/A,1378,Y,Y,Y,1,8,2,23
Soekarno–Hatta International Airport,CGK,06/08/2024 8:30,Kuala Lumpur International Airport,KUL,06/08/2024 11:50,140,Garuda Indonesia,Business Class,850,565,N/A,1005,Y,Y,Y,1,7,1,50
Soekarno–Hatta International Airport,CGK,06/08/2024 19:50,Kuala Lumpur International Airport,KUL,06/08/2024 23:00,130,Malaysia Airlines,Business Class,1610,1335,TRUE,1216,Y,Y,Y,1,8,2,23
Soekarno–Hatta International Airport,CGK,06/08/2024 19:00,Singapore Changi Airport,SIN,06/08/2024 21:45,105,Garuda Indonesia,Business Class,1100,865,TRUE,1258,Y,Y,Y,1,7,1,50
Soekarno–Hatta International Airport,CGK,06/08/2024 19:00,Singapore Changi Airport,SIN,06/08/2024 21:50,110,Singapore Airlines,Business Class,1140,895,TRUE,1567,Y,Y,Y,1,7,1,23
Soekarno–Hatta International Airport,CGK,07/08/2024 13:00,Brunei International Airport,BWN,07/08/2024 16:30,150,Royal Brunei,Business Class,150,N/A,N/A,894,Y,Y,Y,1,12,2,40
Soekarno–Hatta International Airport,CGK,07/08/2024 16:05,Kuala Lumpur International Airport,KUL,07/08/2024 19:25,140,Malaysia Airlines,Business Class,395,110,N/A,1205,Y,Y,Y,1,8,2,23
Soekarno–Hatta International Airport,CGK,07/08/2024 7:55,Singapore Changi Airport,SIN,07/08/2024 10:45,110,Singapore Airlines,Business Class,365,120,N/A,1567,Y,Y,Y,1,7,1,23
Soekarno–Hatta International Airport,CGK,07/08/2024 19:00,Singapore Changi Airport,SIN,07/08/2024 21:50,110,Singapore Airlines,Business Class,910,670,TRUE,867,Y,Y,Y,1,7,1,23
Soekarno–Hatta International Airport,CGK,07/08/2024 19:00,Singapore Changi Airport,SIN,07/08/2024 21:45,105,Garuda Indonesia,Business Class,910,675,TRUE,1207,Y,Y,Y,1,7,1,50
Soekarno–Hatta International Airport,CGK,07/08/2024 19:50,Kuala Lumpur International Airport,KUL,07/08/2024 23:00,130,Malaysia Airlines,Business Class,1065,790,TRUE,1216,Y,Y,Y,1,8,2,23
Soekarno–Hatta International Airport,CGK,07/08/2024 19:00,Singapore Changi Airport,SIN,07/08/2024 21:45,105,Garuda Indonesia,Business Class,1660,1425,TRUE,1258,Y,Y,Y,1,7,1,50
Soekarno–Hatta International Airport,CGK,08/08/2024 5:25,Singapore Changi Airport,SIN,08/08/2024 8:10,105,Singapore Airlines,Business Class,285,50,N/A,867,Y,Y,Y,1,7,1,23
Soekarno–Hatta International Airport,CGK,08/08/2024 13:00,Brunei International Airport,BWN,08/08/2024 16:30,150,Royal Brunei,Business Class,150,N/A,N/A,894,Y,Y,Y,1,12,2,40
Soekarno–Hatta International Airport,CGK,08/08/2024 4:15,Kuala Lumpur International Airport,KUL,08/08/2024 7:25,130,Malaysia Airlines,Business Class,560,285,N/A,1205,Y,Y,Y,1,8,2,23
Soekarno–Hatta International Airport,CGK,08/08/2024 15:40,Singapore Changi Airport,SIN,08/08/2024 18:25,105,Garuda Indonesia,Business Class,420,185,N/A,1258,Y,Y,Y,1,7,1,50
Soekarno–Hatta International Airport,CGK,08/08/2024 19:00,Singapore Changi Airport,SIN,08/08/2024 21:50,110,Singapore Airlines,Business Class,1140,895,TRUE,1153,Y,Y,Y,1,7,1,23
Soekarno–Hatta International Airport,CGK,08/08/2024 11:50,Ninoy Aquino International Airport,MNL,08/08/2024 17:05,255,Philippine Airlines,Business Class,650,270,N/A,1185,Y,Y,Y,1,7,2,32
Soekarno–Hatta International Airport,CGK,08/08/2024 19:50,Kuala Lumpur International Airport,KUL,08/08/2024 23:00,130,Malaysia Airlines,Business Class,1065,790,TRUE,1216,Y,Y,Y,1,8,2,23
Soekarno–Hatta International Airport,CGK,08/08/2024 16:05,Kuala Lumpur International Airport,KUL,08/08/2024 19:25,140,Malaysia Airlines,Business Class,395,110,N/A,1444,Y,Y,Y,1,8,2,23
Soekarno–Hatta International Airport,CGK,09/08/2024 13:00,Brunei International Airport,BWN,09/08/2024 16:30,150,Royal Brunei,Business Class,150,N/A,N/A,894,Y,Y,Y,1,12,2,40
Soekarno–Hatta International Airport,CGK,09/08/2024 7:55,Singapore Changi Airport,SIN,09/08/2024 10:45,110,Singapore Airlines,Business Class,365,120,N/A,1153,Y,Y,Y,1,7,1,23
Soekarno–Hatta International Airport,CGK,09/08/2024 16:05,Kuala Lumpur International Airport,KUL,09/08/2024 19:25,140,Malaysia Airlines,Business Class,395,110,N/A,1205,Y,Y,Y,1,8,2,23
Soekarno–Hatta International Airport,CGK,09/08/2024 8:15,Singapore Changi Airport,SIN,09/08/2024 11:00,105,Garuda Indonesia,Business Class,345,105,N/A,1261,Y,Y,Y,1,7,1,50
Soekarno–Hatta International Airport,CGK,09/08/2024 18:05,Singapore Changi Airport,SIN,09/08/2024 20:55,110,Singapore Airlines,Business Class,965,725,TRUE,997,Y,Y,Y,1,7,1,23
Soekarno–Hatta International Airport,CGK,09/08/2024 8:30,Kuala Lumpur International Airport,KUL,09/08/2024 11:50,140,Garuda Indonesia,Business Class,850,565,N/A,1005,Y,Y,Y,1,7,1,50
Soekarno–Hatta International Airport,CGK,09/08/2024 4:15,Kuala Lumpur International Airport,KUL,09/08/2024 7:25,130,Malaysia Airlines,Business Class,560,285,N/A,1205,Y,Y,Y,1,8,2,23
Soekarno–Hatta International Airport,CGK,09/08/2024 15:40,Singapore Changi Airport,SIN,09/08/2024 18:25,105,Garuda Indonesia,Business Class,415,180,N/A,1258,Y,Y,Y,1,7,1,50
Soekarno–Hatta International Airport,CGK,10/08/2024 5:25,Singapore Changi Airport,SIN,10/08/2024 8:10,105,Singapore Airlines,Business Class,285,50,N/A,997,Y,Y,Y,1,7,1,23
Soekarno–Hatta International Airport,CGK,10/08/2024 19:50,Kuala Lumpur International Airport,KUL,10/08/2024 23:00,130,Malaysia Airlines,Business Class,1065,790,TRUE,1216,Y,Y,Y,1,8,2,23
Soekarno–Hatta International Airport,CGK,10/08/2024 15:40,Singapore Changi Airport,SIN,10/08/2024 18:25,105,Garuda Indonesia,Business Class,415,180,N/A,1258,Y,Y,Y,1,7,1,50
Soekarno–Hatta International Airport,CGK,10/08/2024 4:15,Kuala Lumpur International Airport,KUL,10/08/2024 7:25,130,Malaysia Airlines,Business Class,560,285,N/A,1378,Y,Y,Y,1,8,2,23
Soekarno–Hatta International Airport,CGK,11/08/2024 13:00,Brunei International Airport,BWN,11/08/2024 16:30,150,Royal Brunei,Business Class,150,N/A,N/A,894,Y,Y,Y,1,12,2,40
Soekarno–Hatta International Airport,CGK,11/08/2024 15:40,Singapore Changi Airport,SIN,11/08/2024 18:25,105,Garuda Indonesia,Business Class,420,185,N/A,1258,Y,Y,Y,1,7,1,50
Soekarno–Hatta International Airport,CGK,11/08/2024 16:05,Kuala Lumpur International Airport,KUL,11/08/2024 19:25,140,Malaysia Airlines,Business Class,395,110,N/A,1378,Y,Y,Y,1,8,2,23
Soekarno–Hatta International Airport,CGK,11/08/2024 19:00,Singapore Changi Airport,SIN,11/08/2024 21:50,110,Singapore Airlines,Business Class,910,670,TRUE,997,Y,Y,Y,1,7,1,23
Soekarno–Hatta International Airport,CGK,11/08/2024 8:30,Kuala Lumpur International Airport,KUL,11/08/2024 11:50,140,Garuda Indonesia,Business Class,850,565,N/A,1005,Y,Y,Y,1,7,1,50
Soekarno–Hatta International Airport,CGK,11/08/2024 4:15,Kuala Lumpur International Airport,KUL,11/08/2024 7:25,130,Malaysia Airlines,Business Class,560,285,N/A,1205,Y,Y,Y,1,8,2,23
Soekarno–Hatta International Airport,CGK,11/08/2024 19:00,Singapore Changi Airport,SIN,11/08/2024 21:45,105,Garuda Indonesia,Business Class,910,675,TRUE,1207,Y,Y,Y,1,7,1,50
Soekarno–Hatta International Airport,CGK,11/08/2024 19:50,Kuala Lumpur International Airport,KUL,11/08/2024 23:00,130,Malaysia Airlines,Business Class,1065,790,TRUE,1216,Y,Y,Y,1,8,2,23
Soekarno–Hatta International Airport,CGK,11/08/2024 19:00,Singapore Changi Airport,SIN,11/08/2024 21:45,105,Garuda Indonesia,Business Class,1100,865,TRUE,1258,Y,Y,Y,1,7,1,50
Soekarno–Hatta International Airport,CGK,12/08/2024 5:25,Singapore Changi Airport,SIN,12/08/2024 8:10,105,Singapore Airlines,Business Class,285,50,N/A,997,Y,Y,Y,1,7,1,23
Soekarno–Hatta International Airport,CGK,12/08/2024 4:15,Kuala Lumpur International Airport,KUL,12/08/2024 7:25,130,Malaysia Airlines,Business Class,560,285,N/A,1205,Y,Y,Y,1,8,2,23
Soekarno–Hatta International Airport,CGK,12/08/2024 19:50,Kuala Lumpur International Airport,KUL,12/08/2024 23:00,130,Malaysia Airlines,Business Class,1610,1335,TRUE,1216,Y,Y,Y,1,8,2,23
Soekarno–Hatta International Airport,CGK,12/08/2024 19:00,Singapore Changi Airport,SIN,12/08/2024 21:45,105,Garuda Indonesia,Business Class,1100,865,TRUE,1258,Y,Y,Y,1,7,1,50
Soekarno–Hatta International Airport,CGK,12/08/2024 19:00,Singapore Changi Airport,SIN,12/08/2024 21:50,110,Singapore Airlines,Business Class,910,670,TRUE,1567,Y,Y,Y,1,7,1,23
Soekarno–Hatta International Airport,CGK,13/08/2024 6:15,Brunei International Airport,BWN,13/08/2024 9:45,150,Royal Brunei,Business Class,150,N/A,N/A,894,Y,Y,Y,1,12,2,40
Soekarno–Hatta International Airport,CGK,13/08/2024 16:05,Kuala Lumpur International Airport,KUL,13/08/2024 19:25,140,Malaysia Airlines,Business Class,395,110,N/A,1205,Y,Y,Y,1,8,2,23
Soekarno–Hatta International Airport,CGK,13/08/2024 15:40,Singapore Changi Airport,SIN,13/08/2024 18:25,105,Garuda Indonesia,Business Class,415,180,N/A,1258,Y,Y,Y,1,7,1,50
Soekarno–Hatta International Airport,CGK,13/08/2024 5:25,Singapore Changi Airport,SIN,13/08/2024 8:10,105,Singapore Airlines,Business Class,285,50,N/A,1567,Y,Y,Y,1,7,1,23
Soekarno–Hatta International Airport,CGK,13/08/2024 19:00,Singapore Changi Airport,SIN,13/08/2024 21:50,110,Singapore Airlines,Business Class,1140,895,TRUE,997,Y,Y,Y,1,7,1,23
Soekarno–Hatta International Airport,CGK,13/08/2024 8:30,Kuala Lumpur International Airport,KUL,13/08/2024 11:50,140,Garuda Indonesia,Business Class,850,565,N/A,1005,Y,Y,Y,1,7,1,50
Soekarno–Hatta International Airport,CGK,13/08/2024 19:00,Singapore Changi Airport,SIN,13/08/2024 21:45,105,Garuda Indonesia,Business Class,1140,900,TRUE,1207,Y,Y,Y,1,7,1,50
Soekarno–Hatta International Airport,CGK,13/08/2024 19:00,Singapore Changi Airport,SIN,13/08/2024 21:45,105,Garuda Indonesia,Business Class,1100,865,TRUE,1258,Y,Y,Y,1,7,1,50
Soekarno–Hatta International Airport,CGK,13/08/2024 19:50,Kuala Lumpur International Airport,KUL,13/08/2024 23:00,130,Malaysia Airlines,Business Class,1610,1335,TRUE,1389,Y,Y,Y,1,8,2,23
Soekarno–Hatta International Airport,CGK,14/08/2024 13:00,Brunei International Airport,BWN,14/08/2024 16:30,150,Royal Brunei,Business Class,150,N/A,N/A,894,Y,Y,Y,1,12,2,40
Soekarno–Hatta International Airport,CGK,14/08/2024 7:55,Singapore Changi Airport,SIN,14/08/2024 10:45,110,Singapore Airlines,Business Class,365,120,N/A,997,Y,Y,Y,1,7,1,23
Soekarno–Hatta International Airport,CGK,14/08/2024 16:05,Kuala Lumpur International Airport,KUL,14/08/2024 19:25,140,Malaysia Airlines,Business Class,395,110,N/A,1378,Y,Y,Y,1,8,2,23
Soekarno–Hatta International Airport,CGK,14/08/2024 19:50,Kuala Lumpur International Airport,KUL,14/08/2024 23:00,130,Malaysia Airlines,Business Class,1610,1335,TRUE,1216,Y,Y,Y,1,8,2,23
Soekarno–Hatta International Airport,CGK,14/08/2024 19:00,Singapore Changi Airport,SIN,14/08/2024 21:45,105,Garuda Indonesia,Business Class,1660,1425,TRUE,1258,Y,Y,Y,1,7,1,50
Soekarno–Hatta International Airport,CGK,14/08/2024 19:00,Singapore Changi Airport,SIN,14/08/2024 21:50,110,Singapore Airlines,Business Class,910,670,TRUE,1356,Y,Y,Y,1,7,1,23
Soekarno–Hatta International Airport,CGK,14/08/2024 19:50,Kuala Lumpur International Airport,KUL,14/08/2024 23:00,130,Malaysia Airlines,Business Class,1065,790,TRUE,1389,Y,Y,Y,1,8,2,23
Soekarno–Hatta International Airport,CGK,15/08/2024 13:00,Brunei International Airport,BWN,15/08/2024 16:30,150,Royal Brunei,Business Class,150,N/A,N/A,894,Y,Y,Y,1,12,2,40
Soekarno–Hatta International Airport,CGK,15/08/2024 16:05,Kuala Lumpur International Airport,KUL,15/08/2024 19:25,140,Malaysia Airlines,Business Class,395,110,N/A,1205,Y,Y,Y,1,8,2,23
Soekarno–Hatta International Airport,CGK,15/08/2024 5:25,Singapore Changi Airport,SIN,15/08/2024 8:10,105,Singapore Airlines,Business Class,285,50,N/A,1356,Y,Y,Y,1,7,1,23
Soekarno–Hatta International Airport,CGK,15/08/2024 8:30,Kuala Lumpur International Airport,KUL,15/08/2024 11:50,140,Garuda Indonesia,Business Class,850,565,N/A,1005,Y,Y,Y,1,7,1,50
Soekarno–Hatta International Airport,CGK,15/08/2024 11:50,Ninoy Aquino International Airport,MNL,15/08/2024 17:05,255,Philippine Airlines,Business Class,650,270,N/A,1185,Y,Y,Y,1,7,2,32
Soekarno–Hatta International Airport,CGK,15/08/2024 19:50,Kuala Lumpur International Airport,KUL,15/08/2024 23:00,130,Malaysia Airlines,Business Class,1065,790,TRUE,1216,Y,Y,Y,1,8,2,23
Soekarno–Hatta International Airport,CGK,15/08/2024 15:40,Singapore Changi Airport,SIN,15/08/2024 18:25,105,Garuda Indonesia,Business Class,420,185,N/A,1258,Y,Y,Y,1,7,1,50
Soekarno–Hatta International Airport,CGK,15/08/2024 19:00,Singapore Changi Airport,SIN,15/08/2024 21:45,105,Garuda Indonesia,Business Class,1100,865,TRUE,1258,Y,Y,Y,1,7,1,50
Soekarno–Hatta International Airport,CGK,15/08/2024 19:00,Singapore Changi Airport,SIN,15/08/2024 21:50,110,Singapore Airlines,Business Class,1140,895,TRUE,1356,Y,Y,Y,1,7,1,23
Soekarno–Hatta International Airport,CGK,15/08/2024 4:15,Kuala Lumpur International Airport,KUL,15/08/2024 7:25,130,Malaysia Airlines,Business Class,560,285,N/A,1378,Y,Y,Y,1,8,2,23
Soekarno–Hatta International Airport,CGK,16/08/2024 13:00,Brunei International Airport,BWN,16/08/2024 16:30,150,Royal Brunei,Business Class,150,N/A,N/A,1015,Y,Y,Y,1,12,2,40
Soekarno–Hatta International Airport,CGK,16/08/2024 16:05,Kuala Lumpur International Airport,KUL,16/08/2024 19:25,140,Malaysia Airlines,Business Class,395,110,N/A,1205,Y,Y,Y,1,8,2,23
Soekarno–Hatta International Airport,CGK,16/08/2024 7:55,Singapore Changi Airport,SIN,16/08/2024 10:45,110,Singapore Airlines,Business Class,365,120,N/A,1356,Y,Y,Y,1,7,1,23
Soekarno–Hatta International Airport,CGK,16/08/2024 8:30,Kuala Lumpur International Airport,KUL,16/08/2024 11:50,140,Garuda Indonesia,Business Class,850,565,N/A,1005,Y,Y,Y,1,7,1,50
Soekarno–Hatta International Airport,CGK,16/08/2024 19:00,Singapore Changi Airport,SIN,16/08/2024 21:50,110,Singapore Airlines,Business Class,910,670,TRUE,1153,Y,Y,Y,1,7,1,23
Soekarno–Hatta International Airport,CGK,16/08/2024 4:15,Kuala Lumpur International Airport,KUL,16/08/2024 7:25,130,Malaysia Airlines,Business Class,560,285,N/A,1205,Y,Y,Y,1,8,2,23
Soekarno–Hatta International Airport,CGK,16/08/2024 15:40,Singapore Changi Airport,SIN,16/08/2024 18:25,105,Garuda Indonesia,Business Class,415,180,N/A,1258,Y,Y,Y,1,7,1,50
Soekarno–Hatta International Airport,CGK,17/08/2024 5:25,Singapore Changi Airport,SIN,17/08/2024 8:10,105,Singapore Airlines,Business Class,285,50,N/A,1153,Y,Y,Y,1,7,1,23
Soekarno–Hatta International Airport,CGK,17/08/2024 8:30,Kuala Lumpur International Airport,KUL,17/08/2024 11:50,140,Garuda Indonesia,Business Class,1745,1460,TRUE,1023,Y,Y,Y,1,7,1,50
Soekarno–Hatta International Airport,CGK,17/08/2024 4:15,Kuala Lumpur International Airport,KUL,17/08/2024 7:25,130,Malaysia Airlines,Business Class,560,285,N/A,1205,Y,Y,Y,1,8,2,23
Soekarno–Hatta International Airport,CGK,17/08/2024 19:50,Kuala Lumpur International Airport,KUL,17/08/2024 23:00,130,Malaysia Airlines,Business Class,1065,790,TRUE,1216,Y,Y,Y,1,8,2,23
Soekarno–Hatta International Airport,CGK,17/08/2024 11:40,Singapore Changi Airport,SIN,17/08/2024 14:25,105,Garuda Indonesia,Business Class,560,325,N/A,1258,Y,Y,Y,1,7,1,50
Soekarno–Hatta International Airport,CGK,17/08/2024 15:40,Singapore Changi Airport,SIN,17/08/2024 18:25,105,Garuda Indonesia,Business Class,415,180,N/A,1258,Y,Y,Y,1,7,1,50
Soekarno–Hatta International Airport,CGK,17/08/2024 19:00,Singapore Changi Airport,SIN,17/08/2024 21:50,110,Singapore Airlines,Business Class,1140,895,TRUE,1567,Y,Y,Y,1,7,1,23
Soekarno–Hatta International Airport,CGK,18/08/2024 13:00,Brunei International Airport,BWN,18/08/2024 16:30,150,Royal Brunei,Business Class,150,N/A,N/A,894,Y,Y,Y,1,12,2,40
Soekarno–Hatta International Airport,CGK,18/08/2024 16:05,Kuala Lumpur International Airport,KUL,18/08/2024 19:25,140,Malaysia Airlines,Business Class,395,110,N/A,1205,Y,Y,Y,1,8,2,23
Soekarno–Hatta International Airport,CGK,18/08/2024 15:40,Singapore Changi Airport,SIN,18/08/2024 18:25,105,Garuda Indonesia,Business Class,420,185,N/A,1258,Y,Y,Y,1,7,1,50
Soekarno–Hatta International Airport,CGK,18/08/2024 7:55,Singapore Changi Airport,SIN,18/08/2024 10:45,110,Singapore Airlines,Business Class,365,120,N/A,1567,Y,Y,Y,1,7,1,23
Soekarno–Hatta International Airport,CGK,18/08/2024 8:30,Kuala Lumpur International Airport,KUL,18/08/2024 11:50,140,Garuda Indonesia,Business Class,850,565,N/A,1005,Y,Y,Y,1,7,1,50
Soekarno–Hatta International Airport,CGK,18/08/2024 19:00,Singapore Changi Airport,SIN,18/08/2024 21:50,110,Singapore Airlines,Business Class,910,670,TRUE,1153,Y,Y,Y,1,7,1,23
Soekarno–Hatta International Airport,CGK,18/08/2024 4:15,Kuala Lumpur International Airport,KUL,18/08/2024 7:25,130,Malaysia Airlines,Business Class,560,285,N/A,1205,Y,Y,Y,1,8,2,23
Soekarno–Hatta International Airport,CGK,18/08/2024 19:00,Singapore Changi Airport,SIN,18/08/2024 21:45,105,Garuda Indonesia,Business Class,1100,865,TRUE,1258,Y,Y,Y,1,7,1,50
Soekarno–Hatta International Airport,CGK,19/08/2024 5:25,Singapore Changi Airport,SIN,19/08/2024 8:10,105,Singapore Airlines,Business Class,285,50,N/A,1153,Y,Y,Y,1,7,1,23
Soekarno–Hatta International Airport,CGK,19/08/2024 0:55,Ninoy Aquino International Airport,MNL,19/08/2024 6:10,255,Philippine Airlines,Business Class,1305,925,N/A,1185,Y,Y,Y,1,7,2,32
Soekarno–Hatta International Airport,CGK,19/08/2024 19:00,Singapore Changi Airport,SIN,19/08/2024 21:45,105,Garuda Indonesia,Business Class,1100,865,TRUE,1258,Y,Y,Y,1,7,1,50
Soekarno–Hatta International Airport,CGK,19/08/2024 19:00,Singapore Changi Airport,SIN,19/08/2024 21:50,110,Singapore Airlines,Business Class,910,670,TRUE,1356,Y,Y,Y,1,7,1,23
Soekarno–Hatta International Airport,CGK,19/08/2024 4:15,Kuala Lumpur International Airport,KUL,19/08/2024 7:25,130,Malaysia Airlines,Business Class,560,285,N/A,1378,Y,Y,Y,1,8,2,23
Soekarno–Hatta International Airport,CGK,19/08/2024 19:50,Kuala Lumpur International Airport,KUL,19/08/2024 23:00,130,Malaysia Airlines,Business Class,1610,1335,TRUE,1389,Y,Y,Y,1,8,2,23
Soekarno–Hatta International Airport,CGK,20/08/2024 6:15,Brunei International Airport,BWN,20/08/2024 9:45,150,Royal Brunei,Business Class,150,N/A,N/A,894,Y,Y,Y,1,12,2,40
Soekarno–Hatta International Airport,CGK,20/08/2024 15:40,Singapore Changi Airport,SIN,20/08/2024 18:25,105,Garuda Indonesia,Business Class,415,180,N/A,1258,Y,Y,Y,1,7,1,50
Soekarno–Hatta International Airport,CGK,20/08/2024 5:25,Singapore Changi Airport,SIN,20/08/2024 8:10,105,Singapore Airlines,Business Class,285,50,N/A,1356,Y,Y,Y,1,7,1,23
Soekarno–Hatta International Airport,CGK,20/08/2024 16:05,Kuala Lumpur International Airport,KUL,20/08/2024 19:25,140,Malaysia Airlines,Business Class,395,110,N/A,1378,Y,Y,Y,1,8,2,23
Soekarno–Hatta International Airport,CGK,20/08/2024 19:00,Singapore Changi Airport,SIN,20/08/2024 21:50,110,Singapore Airlines,Business Class,1140,895,TRUE,867,Y,Y,Y,1,7,1,23
Soekarno–Hatta International Airport,CGK,20/08/2024 8:30,Kuala Lumpur International Airport,KUL,20/08/2024 11:50,140,Garuda Indonesia,Business Class,850,565,N/A,1005,Y,Y,Y,1,7,1,50
Soekarno–Hatta International Airport,CGK,20/08/2024 19:00,Singapore Changi Airport,SIN,20/08/2024 21:45,105,Garuda Indonesia,Business Class,1140,900,TRUE,1207,Y,Y,Y,1,7,1,50
Soekarno–Hatta International Airport,CGK,20/08/2024 19:50,Kuala Lumpur International Airport,KUL,20/08/2024 23:00,130,Malaysia Airlines,Business Class,1610,1335,TRUE,1216,Y,Y,Y,1,8,2,23
Soekarno–Hatta International Airport,CGK,20/08/2024 19:00,Singapore Changi Airport,SIN,20/08/2024 21:45,105,Garuda Indonesia,Business Class,1100,865,TRUE,1258,Y,Y,Y,1,7,1,50
Soekarno–Hatta International Airport,CGK,21/08/2024 13:00,Brunei International Airport,BWN,21/08/2024 16:30,150,Royal Brunei,Business Class,150,N/A,N/A,894,Y,Y,Y,1,12,2,40
Soekarno–Hatta International Airport,CGK,21/08/2024 7:55,Singapore Changi Airport,SIN,21/08/2024 10:45,110,Singapore Airlines,Business Class,365,120,N/A,997,Y,Y,Y,1,7,1,23
Soekarno–Hatta International Airport,CGK,21/08/2024 16:05,Kuala Lumpur International Airport,KUL,21/08/2024 19:25,140,Malaysia Airlines,Business Class,395,110,N/A,1205,Y,Y,Y,1,8,2,23
Soekarno–Hatta International Airport,CGK,21/08/2024 11:15,Singapore Changi Airport,SIN,21/08/2024 14:05,110,Singapore Airlines,Business Class,1375,1135,TRUE,867,Y,Y,Y,1,7,1,23
Soekarno–Hatta International Airport,CGK,21/08/2024 19:00,Singapore Changi Airport,SIN,21/08/2024 21:50,110,Singapore Airlines,Business Class,910,670,TRUE,997,Y,Y,Y,1,7,1,23
Soekarno–Hatta International Airport,CGK,21/08/2024 8:30,Kuala Lumpur International Airport,KUL,21/08/2024 11:50,140,Garuda Indonesia,Business Class,850,565,N/A,1005,Y,Y,Y,1,7,1,50
Soekarno–Hatta International Airport,CGK,21/08/2024 19:00,Singapore Changi Airport,SIN,21/08/2024 21:45,105,Garuda Indonesia,Business Class,910,675,TRUE,1046,Y,Y,Y,1,7,1,50
Soekarno–Hatta International Airport,CGK,21/08/2024 19:50,Kuala Lumpur International Airport,KUL,21/08/2024 23:00,130,Malaysia Airlines,Business Class,1065,790,TRUE,1216,Y,Y,Y,1,8,2,23
Soekarno–Hatta International Airport,CGK,21/08/2024 19:00,Singapore Changi Airport,SIN,21/08/2024 21:45,105,Garuda Indonesia,Business Class,1660,1425,TRUE,1258,Y,Y,Y,1,7,1,50
Soekarno–Hatta International Airport,CGK,22/08/2024 13:00,Brunei International Airport,BWN,22/08/2024 16:30,150,Royal Brunei,Business Class,150,N/A,N/A,894,Y,Y,Y,1,12,2,40
Soekarno–Hatta International Airport,CGK,22/08/2024 5:25,Singapore Changi Airport,SIN,22/08/2024 8:10,105,Singapore Airlines,Business Class,285,50,N/A,997,Y,Y,Y,1,7,1,23
Soekarno–Hatta International Airport,CGK,22/08/2024 16:05,Kuala Lumpur International Airport,KUL,22/08/2024 19:25,140,Malaysia Airlines,Business Class,395,110,N/A,1240,Y,Y,Y,1,8,2,23
Soekarno–Hatta International Airport,CGK,22/08/2024 18:05,Singapore Changi Airport,SIN,22/08/2024 20:55,110,Singapore Airlines,Business Class,1195,950,TRUE,867,Y,Y,Y,1,7,1,23
Soekarno–Hatta International Airport,CGK,22/08/2024 8:30,Kuala Lumpur International Airport,KUL,22/08/2024 11:50,140,Garuda Indonesia,Business Class,850,565,N/A,1005,Y,Y,Y,1,7,1,50
Soekarno–Hatta International Airport,CGK,22/08/2024 19:00,Singapore Changi Airport,SIN,22/08/2024 21:45,105,Garuda Indonesia,Business Class,1140,900,TRUE,1046,Y,Y,Y,1,7,1,50
Soekarno–Hatta International Airport,CGK,22/08/2024 4:15,Kuala Lumpur International Airport,KUL,22/08/2024 7:25,130,Malaysia Airlines,Business Class,560,285,N/A,1205,Y,Y,Y,1,8,2,23
Soekarno–Hatta International Airport,CGK,22/08/2024 15:40,Singapore Changi Airport,SIN,22/08/2024 18:25,105,Garuda Indonesia,Business Class,420,185,N/A,1258,Y,Y,Y,1,7,1,50
Soekarno–Hatta International Airport,CGK,22/08/2024 19:00,Singapore Changi Airport,SIN,22/08/2024 21:50,110,Singapore Airlines,Business Class,1140,895,TRUE,1356,Y,Y,Y,1,7,1,23
Soekarno–Hatta International Airport,CGK,23/08/2024 7:55,Singapore Changi Airport,SIN,23/08/2024 10:45,110,Singapore Airlines,Business Class,365,120,N/A,867,Y,Y,Y,1,7,1,23
Soekarno–Hatta International Airport,CGK,23/08/2024 13:00,Brunei International Airport,BWN,23/08/2024 16:30,150,Royal Brunei,Business Class,150,N/A,N/A,894,Y,Y,Y,1,12,2,40
Soekarno–Hatta International Airport,CGK,23/08/2024 16:05,Kuala Lumpur International Airport,KUL,23/08/2024 19:25,140,Malaysia Airlines,Business Class,395,110,N/A,1240,Y,Y,Y,1,8,2,23
Soekarno–Hatta International Airport,CGK,23/08/2024 18:05,Singapore Changi Airport,SIN,23/08/2024 20:55,110,Singapore Airlines,Business Class,965,725,TRUE,867,Y,Y,Y,1,7,1,23
Soekarno–Hatta International Airport,CGK,23/08/2024 8:30,Kuala Lumpur International Airport,KUL,23/08/2024 11:50,140,Garuda Indonesia,Business Class,850,565,N/A,1005,Y,Y,Y,1,7,1,50
Soekarno–Hatta International Airport,CGK,23/08/2024 4:15,Kuala Lumpur International Airport,KUL,23/08/2024 7:25,130,Malaysia Airlines,Business Class,560,285,N/A,1205,Y,Y,Y,1,8,2,23
Soekarno–Hatta International Airport,CGK,23/08/2024 15:40,Singapore Changi Airport,SIN,23/08/2024 18:25,105,Garuda Indonesia,Business Class,415,180,N/A,1337,Y,Y,Y,1,7,1,50
Soekarno–Hatta International Airport,CGK,23/08/2024 19:00,Singapore Changi Airport,SIN,23/08/2024 21:50,110,Singapore Airlines,Business Class,910,670,TRUE,1567,Y,Y,Y,1,7,1,23
Soekarno–Hatta International Airport,CGK,24/08/2024 5:25,Singapore Changi Airport,SIN,24/08/2024 8:10,105,Singapore Airlines,Business Class,285,50,N/A,867,Y,Y,Y,1,7,1,23
Soekarno–Hatta International Airport,CGK,24/08/2024 19:00,Singapore Changi Airport,SIN,24/08/2024 21:50,110,Singapore Airlines,Business Class,1140,895,TRUE,997,Y,Y,Y,1,7,1,23
Soekarno–Hatta International Airport,CGK,24/08/2024 4:15,Kuala Lumpur International Airport,KUL,24/08/2024 7:25,130,Malaysia Airlines,Business Class,560,285,N/A,1205,Y,Y,Y,1,8,2,23
Soekarno–Hatta International Airport,CGK,24/08/2024 15:40,Singapore Changi Airport,SIN,24/08/2024 18:25,105,Garuda Indonesia,Business Class,415,180,N/A,1337,Y,Y,Y,1,7,1,50
Soekarno–Hatta International Airport,CGK,24/08/2024 8:30,Kuala Lumpur International Airport,KUL,24/08/2024 11:50,140,Garuda Indonesia,Business Class,1745,1460,TRUE,1023,Y,Y,Y,1,7,1,50
Soekarno–Hatta International Airport,CGK,24/08/2024 19:50,Kuala Lumpur International Airport,KUL,24/08/2024 23:00,130,Malaysia Airlines,Business Class,1065,790,TRUE,1216,Y,Y,Y,1,8,2,23
Soekarno–Hatta International Airport,CGK,24/08/2024 15:40,Singapore Changi Airport,SIN,24/08/2024 18:25,105,Garuda Indonesia,Business Class,1340,1100,TRUE,1301,Y,Y,Y,1,7,1,50
Soekarno–Hatta International Airport,CGK,25/08/2024 13:00,Brunei International Airport,BWN,25/08/2024 16:30,150,Royal Brunei,Business Class,150,N/A,N/A,894,Y,Y,Y,1,12,2,40
Soekarno–Hatta International Airport,CGK,25/08/2024 7:55,Singapore Changi Airport,SIN,25/08/2024 10:45,110,Singapore Airlines,Business Class,365,120,N/A,997,Y,Y,Y,1,7,1,23
Soekarno–Hatta International Airport,CGK,25/08/2024 16:05,Kuala Lumpur International Airport,KUL,25/08/2024 19:25,140,Malaysia Airlines,Business Class,395,110,N/A,1205,Y,Y,Y,1,8,2,23
Soekarno–Hatta International Airport,CGK,25/08/2024 15:40,Singapore Changi Airport,SIN,25/08/2024 18:25,105,Garuda Indonesia,Business Class,420,185,N/A,1258,Y,Y,Y,1,7,1,50
Soekarno–Hatta International Airport,CGK,25/08/2024 8:30,Kuala Lumpur International Airport,KUL,25/08/2024 11:50,140,Garuda Indonesia,Business Class,850,565,N/A,1005,Y,Y,Y,1,7,1,50
Soekarno–Hatta International Airport,CGK,25/08/2024 4:15,Kuala Lumpur International Airport,KUL,25/08/2024 7:25,130,Malaysia Airlines,Business Class,560,285,N/A,1205,Y,Y,Y,1,8,2,23
Soekarno–Hatta International Airport,CGK,25/08/2024 19:50,Kuala Lumpur International Airport,KUL,25/08/2024 23:00,130,Malaysia Airlines,Business Class,1065,790,TRUE,1216,Y,Y,Y,1,8,2,23
Soekarno–Hatta International Airport,CGK,25/08/2024 19:00,Singapore Changi Airport,SIN,25/08/2024 21:50,110,Singapore Airlines,Business Class,910,670,TRUE,1567,Y,Y,Y,1,7,1,23
Soekarno–Hatta International Airport,CGK,26/08/2024 19:00,Singapore Changi Airport,SIN,26/08/2024 21:50,110,Singapore Airlines,Business Class,910,670,TRUE,867,Y,Y,Y,1,7,1,23
Soekarno–Hatta International Airport,CGK,26/08/2024 4:15,Kuala Lumpur International Airport,KUL,26/08/2024 7:25,130,Malaysia Airlines,Business Class,560,285,N/A,1205,Y,Y,Y,1,8,2,23
Soekarno–Hatta International Airport,CGK,26/08/2024 5:25,Singapore Changi Airport,SIN,26/08/2024 8:10,105,Singapore Airlines,Business Class,285,50,N/A,1567,Y,Y,Y,1,7,1,23
Soekarno–Hatta International Airport,CGK,26/08/2024 19:00,Singapore Changi Airport,SIN,26/08/2024 21:45,105,Garuda Indonesia,Business Class,910,675,TRUE,1046,Y,Y,Y,1,7,1,50
Soekarno–Hatta International Airport,CGK,26/08/2024 0:55,Ninoy Aquino International Airport,MNL,26/08/2024 6:10,255,Philippine Airlines,Business Class,1305,925,N/A,1185,Y,Y,Y,1,7,2,32
Soekarno–Hatta International Airport,CGK,26/08/2024 19:50,Kuala Lumpur International Airport,KUL,26/08/2024 23:00,130,Malaysia Airlines,Business Class,1610,1335,TRUE,1216,Y,Y,Y,1,8,2,23
Soekarno–Hatta International Airport,CGK,26/08/2024 19:00,Singapore Changi Airport,SIN,26/08/2024 21:45,105,Garuda Indonesia,Business Class,1100,865,TRUE,1258,Y,Y,Y,1,7,1,50
Soekarno–Hatta International Airport,CGK,27/08/2024 5:25,Singapore Changi Airport,SIN,27/08/2024 8:10,105,Singapore Airlines,Business Class,285,50,N/A,867,Y,Y,Y,1,7,1,23
Soekarno–Hatta International Airport,CGK,27/08/2024 6:15,Brunei International Airport,BWN,27/08/2024 9:45,150,Royal Brunei,Business Class,150,N/A,N/A,894,Y,Y,Y,1,12,2,40
Soekarno–Hatta International Airport,CGK,27/08/2024 16:05,Kuala Lumpur International Airport,KUL,27/08/2024 19:25,140,Malaysia Airlines,Business Class,395,110,N/A,1205,Y,Y,Y,1,8,2,23
Soekarno–Hatta International Airport,CGK,27/08/2024 19:00,Singapore Changi Airport,SIN,27/08/2024 21:50,110,Singapore Airlines,Business Class,1140,895,TRUE,997,Y,Y,Y,1,7,1,23
Soekarno–Hatta International Airport,CGK,27/08/2024 8:30,Kuala Lumpur International Airport,KUL,27/08/2024 11:50,140,Garuda Indonesia,Business Class,850,565,N/A,1005,Y,Y,Y,1,7,1,50
Soekarno–Hatta International Airport,CGK,27/08/2024 19:00,Singapore Changi Airport,SIN,27/08/2024 21:45,105,Garuda Indonesia,Business Class,1140,900,TRUE,1207,Y,Y,Y,1,7,1,50
Soekarno–Hatta International Airport,CGK,27/08/2024 15:40,Singapore Changi Airport,SIN,27/08/2024 18:25,105,Garuda Indonesia,Business Class,415,180,N/A,1258,Y,Y,Y,1,7,1,50
Soekarno–Hatta International Airport,CGK,27/08/2024 19:00,Singapore Changi Airport,SIN,27/08/2024 21:45,105,Garuda Indonesia,Business Class,1100,865,TRUE,1258,Y,Y,Y,1,7,1,50
Soekarno–Hatta International Airport,CGK,28/08/2024 13:00,Brunei International Airport,BWN,28/08/2024 16:30,150,Royal Brunei,Business Class,150,N/A,N/A,894,Y,Y,Y,1,12,2,40
Soekarno–Hatta International Airport,CGK,28/08/2024 7:55,Singapore Changi Airport,SIN,28/08/2024 10:45,110,Singapore Airlines,Business Class,365,120,N/A,997,Y,Y,Y,1,7,1,23
Soekarno–Hatta International Airport,CGK,28/08/2024 16:05,Kuala Lumpur International Airport,KUL,28/08/2024 19:25,140,Malaysia Airlines,Business Class,395,110,N/A,1205,Y,Y,Y,1,8,2,23
Soekarno–Hatta International Airport,CGK,28/08/2024 19:00,Singapore Changi Airport,SIN,28/08/2024 21:50,110,Singapore Airlines,Business Class,910,670,TRUE,867,Y,Y,Y,1,7,1,23
Soekarno–Hatta International Airport,CGK,28/08/2024 8:30,Kuala Lumpur International Airport,KUL,28/08/2024 11:50,140,Garuda Indonesia,Business Class,850,565,N/A,1005,Y,Y,Y,1,7,1,50
Soekarno–Hatta International Airport,CGK,28/08/2024 19:00,Singapore Changi Airport,SIN,28/08/2024 21:45,105,Garuda Indonesia,Business Class,910,675,TRUE,1046,Y,Y,Y,1,7,1,50
Soekarno–Hatta International Airport,CGK,28/08/2024 19:50,Kuala Lumpur International Airport,KUL,28/08/2024 23:00,130,Malaysia Airlines,Business Class,1065,790,TRUE,1216,Y,Y,Y,1,8,2,23
Soekarno–Hatta International Airport,CGK,28/08/2024 19:00,Singapore Changi Airport,SIN,28/08/2024 21:45,105,Garuda Indonesia,Business Class,1660,1425,TRUE,1258,Y,Y,Y,1,7,1,50
Soekarno–Hatta International Airport,CGK,29/08/2024 5:25,Singapore Changi Airport,SIN,29/08/2024 8:10,105,Singapore Airlines,Business Class,285,50,N/A,867,Y,Y,Y,1,7,1,23
Soekarno–Hatta International Airport,CGK,29/08/2024 13:00,Brunei International Airport,BWN,29/08/2024 16:30,150,Royal Brunei,Business Class,150,N/A,N/A,894,Y,Y,Y,1,12,2,40
Soekarno–Hatta International Airport,CGK,29/08/2024 16:05,Kuala Lumpur International Airport,KUL,29/08/2024 19:25,140,Malaysia Airlines,Business Class,395,110,N/A,1205,Y,Y,Y,1,8,2,23
Soekarno–Hatta International Airport,CGK,29/08/2024 19:00,Singapore Changi Airport,SIN,29/08/2024 21:50,110,Singapore Airlines,Business Class,1140,895,TRUE,997,Y,Y,Y,1,7,1,23
Soekarno–Hatta International Airport,CGK,29/08/2024 8:30,Kuala Lumpur International Airport,KUL,29/08/2024 11:50,140,Garuda Indonesia,Business Class,850,565,N/A,1005,Y,Y,Y,1,7,1,50
Soekarno–Hatta International Airport,CGK,29/08/2024 4:15,Kuala Lumpur International Airport,KUL,29/08/2024 7:25,130,Malaysia Airlines,Business Class,560,285,N/A,1205,Y,Y,Y,1,8,2,23
Soekarno–Hatta International Airport,CGK,29/08/2024 19:50,Kuala Lumpur International Airport,KUL,29/08/2024 23:00,130,Malaysia Airlines,Business Class,1065,790,TRUE,1216,Y,Y,Y,1,8,2,23
Soekarno–Hatta International Airport,CGK,29/08/2024 15:40,Singapore Changi Airport,SIN,29/08/2024 18:25,105,Garuda Indonesia,Business Class,420,185,N/A,1258,Y,Y,Y,1,7,1,50
Soekarno–Hatta International Airport,CGK,29/08/2024 19:00,Singapore Changi Airport,SIN,29/08/2024 21:45,105,Garuda Indonesia,Business Class,1100,865,TRUE,1258,Y,Y,Y,1,7,1,50
Soekarno–Hatta International Airport,CGK,30/08/2024 13:00,Brunei International Airport,BWN,30/08/2024 16:30,150,Royal Brunei,Business Class,150,N/A,N/A,894,Y,Y,Y,1,12,2,40
Soekarno–Hatta International Airport,CGK,30/08/2024 7:55,Singapore Changi Airport,SIN,30/08/2024 10:45,110,Singapore Airlines,Business Class,365,120,N/A,997,Y,Y,Y,1,7,1,23
Soekarno–Hatta International Airport,CGK,30/08/2024 16:05,Kuala Lumpur International Airport,KUL,30/08/2024 19:25,140,Malaysia Airlines,Business Class,395,110,N/A,1240,Y,Y,Y,1,8,2,23
Soekarno–Hatta International Airport,CGK,30/08/2024 15:40,Singapore Changi Airport,SIN,30/08/2024 18:25,105,Garuda Indonesia,Business Class,415,180,N/A,1258,Y,Y,Y,1,7,1,50
Soekarno–Hatta International Airport,CGK,30/08/2024 8:30,Kuala Lumpur International Airport,KUL,30/08/2024 11:50,140,Garuda Indonesia,Business Class,850,565,N/A,1005,Y,Y,Y,1,7,1,50
Soekarno–Hatta International Airport,CGK,30/08/2024 19:00,Singapore Changi Airport,SIN,30/08/2024 21:50,110,Singapore Airlines,Business Class,910,670,TRUE,1153,Y,Y,Y,1,7,1,23
Soekarno–Hatta International Airport,CGK,30/08/2024 4:15,Kuala Lumpur International Airport,KUL,30/08/2024 7:25,130,Malaysia Airlines,Business Class,560,285,N/A,1205,Y,Y,Y,1,8,2,23
Soekarno–Hatta International Airport,CGK,30/08/2024 19:50,Kuala Lumpur International Airport,KUL,30/08/2024 23:00,130,Malaysia Airlines,Business Class,1065,790,TRUE,1216,Y,Y,Y,1,8,2,23
Soekarno–Hatta International Airport,CGK,31/08/2024 5:25,Singapore Changi Airport,SIN,31/08/2024 8:10,105,Singapore Airlines,Business Class,285,50,N/A,1153,Y,Y,Y,1,7,1,23
Soekarno–Hatta International Airport,CGK,31/08/2024 4:15,Kuala Lumpur International Airport,KUL,31/08/2024 7:25,130,Malaysia Airlines,Business Class,560,285,N/A,1205,Y,Y,Y,1,8,2,23
Soekarno–Hatta International Airport,CGK,31/08/2024 15:40,Singapore Changi Airport,SIN,31/08/2024 18:25,105,Garuda Indonesia,Business Class,415,180,N/A,1475,Y,Y,Y,1,7,1,50
Soekarno–Hatta International Airport,CGK,31/08/2024 8:30,Kuala Lumpur International Airport,KUL,31/08/2024 11:50,140,Garuda Indonesia,Business Class,1745,1460,TRUE,1213,Y,Y,Y,1,7,1,50
Soekarno–Hatta International Airport,CGK,31/08/2024 19:50,Kuala Lumpur International Airport,KUL,31/08/2024 23:00,130,Malaysia Airlines,Business Class,1065,790,TRUE,1216,Y,Y,Y,1,8,2,23
Soekarno–Hatta International Airport,CGK,31/08/2024 11:40,Singapore Changi Airport,SIN,31/08/2024 14:25,105,Garuda Indonesia,Business Class,655,420,N/A,1258,Y,Y,Y,1,7,1,50
Soekarno–Hatta International Airport,CGK,31/08/2024 19:00,Singapore Changi Airport,SIN,31/08/2024 21:50,110,Singapore Airlines,Business Class,1140,895,TRUE,1356,Y,Y,Y,1,7,1,23