Departure Airport Name,Departure Airport ID,Departure Time,Arrival Airport Name,Arrival Airport ID,Arrival Time,Duration,Airline,Travel Class,Total Duration,Layover 1 Duration,Layover 1 Overnight,Price, Cabin Baggage, Checked Baggage,Meal Included,Cabin Baggage (Number),Cabin Baggage (kg per piece),Checked Baggage (Number),Checked Baggage (kg per piece) 
Phnom Penh International Airport,PNH,01/07/2024 12:15,Shenzhen Bao'an International Airport,SZX,01/07/2024 15:55,160,Shenzhen,Premium Economy,785,465,N/A,414,Y,Y,Y,1,5,1,20
Phnom Penh International Airport,PNH,01/07/2024 9:40,Suvarnabhumi Airport,BKK,01/07/2024 11:00,80,THAI,Premium Economy,565,395,N/A,508,Y,Y,Y,1,7,1,35
Phnom Penh International Airport,PNH,01/07/2024 21:15,Suvarnabhumi Airport,BKK,01/07/2024 22:30,75,THAI,Premium Economy,710,545,TRUE,508,Y,Y,Y,1,7,1,35
Phnom Penh International Airport,PNH,01/07/2024 12:15,Shenzhen Bao'an International Airport,SZX,01/07/2024 15:55,160,Shenzhen,Premium Economy,1515,1185,TRUE,1321,Y,Y,Y,1,5,1,20
Phnom Penh International Airport,PNH,02/07/2024 12:15,Shenzhen Bao'an International Airport,SZX,02/07/2024 15:55,160,Shenzhen,Premium Economy,785,465,N/A,414,Y,Y,Y,1,5,1,20
Phnom Penh International Airport,PNH,02/07/2024 9:40,Suvarnabhumi Airport,BKK,02/07/2024 11:00,80,THAI,Premium Economy,565,395,N/A,508,Y,Y,Y,1,7,1,35
Phnom Penh International Airport,PNH,02/07/2024 21:15,Suvarnabhumi Airport,BKK,02/07/2024 22:30,75,THAI,Premium Economy,710,545,TRUE,508,Y,Y,Y,1,7,1,35
Phnom Penh International Airport,PNH,02/07/2024 12:15,Shenzhen Bao'an International Airport,SZX,02/07/2024 15:55,160,Shenzhen,Premium Economy,1515,1185,TRUE,1321,Y,Y,Y,1,5,1,20
Phnom Penh International Airport,PNH,03/07/2024 12:15,Shenzhen Bao'an International Airport,SZX,03/07/2024 15:55,160,Shenzhen,Premium Economy,785,465,N/A,414,Y,Y,Y,1,5,1,20
Phnom Penh International Airport,PNH,03/07/2024 9:40,Suvarnabhumi Airport,BKK,03/07/2024 11:00,80,THAI,Premium Economy,565,395,N/A,508,Y,Y,Y,1,7,1,35
Phnom Penh International Airport,PNH,03/07/2024 21:15,Suvarnabhumi Airport,BKK,03/07/2024 22:30,75,THAI,Premium Economy,710,545,TRUE,508,Y,Y,Y,1,7,1,35
Phnom Penh International Airport,PNH,03/07/2024 12:15,Shenzhen Bao'an International Airport,SZX,03/07/2024 15:55,160,Shenzhen,Premium Economy,1515,1185,TRUE,1321,Y,Y,Y,1,5,1,20
Phnom Penh International Airport,PNH,04/07/2024 12:15,Shenzhen Bao'an International Airport,SZX,04/07/2024 15:55,160,Shenzhen,Premium Economy,785,465,N/A,414,Y,Y,Y,1,5,1,20
Phnom Penh International Airport,PNH,04/07/2024 9:40,Suvarnabhumi Airport,BKK,04/07/2024 11:00,80,THAI,Premium Economy,565,395,N/A,508,Y,Y,Y,1,7,1,35
Phnom Penh International Airport,PNH,04/07/2024 21:15,Suvarnabhumi Airport,BKK,04/07/2024 22:30,75,THAI,Premium Economy,710,545,TRUE,508,Y,Y,Y,1,7,1,35
Phnom Penh International Airport,PNH,04/07/2024 12:15,Shenzhen Bao'an International Airport,SZX,04/07/2024 15:55,160,Shenzhen,Premium Economy,1515,1185,TRUE,1321,Y,Y,Y,1,5,1,20
Phnom Penh International Airport,PNH,05/07/2024 12:15,Shenzhen Bao'an International Airport,SZX,05/07/2024 15:55,160,Shenzhen,Premium Economy,785,465,N/A,414,Y,Y,Y,1,5,1,20
Phnom Penh International Airport,PNH,05/07/2024 9:40,Suvarnabhumi Airport,BKK,05/07/2024 11:00,80,THAI,Premium Economy,565,395,N/A,508,Y,Y,Y,1,7,1,35
Phnom Penh International Airport,PNH,05/07/2024 21:15,Suvarnabhumi Airport,BKK,05/07/2024 22:30,75,THAI,Premium Economy,710,545,TRUE,508,Y,Y,Y,1,7,1,35
Phnom Penh International Airport,PNH,05/07/2024 12:15,Shenzhen Bao'an International Airport,SZX,05/07/2024 15:55,160,Shenzhen,Premium Economy,1515,1185,TRUE,1321,Y,Y,Y,1,5,1,20
Phnom Penh International Airport,PNH,06/07/2024 12:15,Shenzhen Bao'an International Airport,SZX,06/07/2024 15:55,160,Shenzhen,Premium Economy,785,465,N/A,414,Y,Y,Y,1,5,1,20
Phnom Penh International Airport,PNH,06/07/2024 9:40,Suvarnabhumi Airport,BKK,06/07/2024 11:00,80,THAI,Premium Economy,565,395,N/A,508,Y,Y,Y,1,7,1,35
Phnom Penh International Airport,PNH,06/07/2024 21:15,Suvarnabhumi Airport,BKK,06/07/2024 22:30,75,THAI,Premium Economy,710,545,TRUE,508,Y,Y,Y,1,7,1,35
Phnom Penh International Airport,PNH,06/07/2024 12:15,Shenzhen Bao'an International Airport,SZX,06/07/2024 15:55,160,Shenzhen,Premium Economy,1515,1185,TRUE,1321,Y,Y,Y,1,5,1,20
Phnom Penh International Airport,PNH,07/07/2024 12:15,Shenzhen Bao'an International Airport,SZX,07/07/2024 15:55,160,Shenzhen,Premium Economy,785,465,N/A,414,Y,Y,Y,1,5,1,20
Phnom Penh International Airport,PNH,07/07/2024 9:40,Suvarnabhumi Airport,BKK,07/07/2024 11:00,80,THAI,Premium Economy,565,395,N/A,508,Y,Y,Y,1,7,1,35
Phnom Penh International Airport,PNH,07/07/2024 21:15,Suvarnabhumi Airport,BKK,07/07/2024 22:30,75,THAI,Premium Economy,710,545,TRUE,508,Y,Y,Y,1,7,1,35
Phnom Penh International Airport,PNH,07/07/2024 12:15,Shenzhen Bao'an International Airport,SZX,07/07/2024 15:55,160,Shenzhen,Premium Economy,1515,1185,TRUE,1321,Y,Y,Y,1,5,1,20
Phnom Penh International Airport,PNH,08/07/2024 12:15,Shenzhen Bao'an International Airport,SZX,08/07/2024 15:55,160,Shenzhen,Premium Economy,785,465,N/A,414,Y,Y,Y,1,5,1,20
Phnom Penh International Airport,PNH,08/07/2024 9:40,Suvarnabhumi Airport,BKK,08/07/2024 11:00,80,THAI,Premium Economy,565,395,N/A,508,Y,Y,Y,1,7,1,35
Phnom Penh International Airport,PNH,08/07/2024 21:15,Suvarnabhumi Airport,BKK,08/07/2024 22:30,75,THAI,Premium Economy,710,545,TRUE,508,Y,Y,Y,1,7,1,35
Phnom Penh International Airport,PNH,08/07/2024 12:15,Shenzhen Bao'an International Airport,SZX,08/07/2024 15:55,160,Shenzhen,Premium Economy,1515,1185,TRUE,1321,Y,Y,Y,1,5,1,20
Phnom Penh International Airport,PNH,09/07/2024 12:15,Shenzhen Bao'an International Airport,SZX,09/07/2024 15:55,160,Shenzhen,Premium Economy,785,465,N/A,414,Y,Y,Y,1,5,1,20
Phnom Penh International Airport,PNH,09/07/2024 9:40,Suvarnabhumi Airport,BKK,09/07/2024 11:00,80,THAI,Premium Economy,565,395,N/A,508,Y,Y,Y,1,7,1,35
Phnom Penh International Airport,PNH,09/07/2024 21:15,Suvarnabhumi Airport,BKK,09/07/2024 22:30,75,THAI,Premium Economy,710,545,TRUE,508,Y,Y,Y,1,7,1,35
Phnom Penh International Airport,PNH,09/07/2024 12:15,Shenzhen Bao'an International Airport,SZX,09/07/2024 15:55,160,Shenzhen,Premium Economy,1515,1185,TRUE,1321,Y,Y,Y,1,5,1,20
Phnom Penh International Airport,PNH,10/07/2024 12:15,Shenzhen Bao'an International Airport,SZX,10/07/2024 15:55,160,Shenzhen,Premium Economy,785,465,N/A,414,Y,Y,Y,1,5,1,20
Phnom Penh International Airport,PNH,10/07/2024 9:40,Suvarnabhumi Airport,BKK,10/07/2024 11:00,80,THAI,Premium Economy,565,395,N/A,508,Y,Y,Y,1,7,1,35
Phnom Penh International Airport,PNH,10/07/2024 21:15,Suvarnabhumi Airport,BKK,10/07/2024 22:30,75,THAI,Premium Economy,710,545,TRUE,508,Y,Y,Y,1,7,1,35
Phnom Penh International Airport,PNH,10/07/2024 12:15,Shenzhen Bao'an International Airport,SZX,10/07/2024 15:55,160,Shenzhen,Premium Economy,1515,1185,TRUE,1321,Y,Y,Y,1,5,1,20
Phnom Penh International Airport,PNH,11/07/2024 12:15,Shenzhen Bao'an International Airport,SZX,11/07/2024 15:55,160,Shenzhen,Premium Economy,785,465,N/A,414,Y,Y,Y,1,5,1,20
Phnom Penh International Airport,PNH,11/07/2024 9:40,Suvarnabhumi Airport,BKK,11/07/2024 11:00,80,THAI,Premium Economy,565,395,N/A,508,Y,Y,Y,1,7,1,35
Phnom Penh International Airport,PNH,11/07/2024 21:15,Suvarnabhumi Airport,BKK,11/07/2024 22:30,75,THAI,Premium Economy,710,545,TRUE,508,Y,Y,Y,1,7,1,35
Phnom Penh International Airport,PNH,11/07/2024 12:15,Shenzhen Bao'an International Airport,SZX,11/07/2024 15:55,160,Shenzhen,Premium Economy,1515,1185,TRUE,1321,Y,Y,Y,1,5,1,20
Phnom Penh International Airport,PNH,12/07/2024 12:15,Shenzhen Bao'an International Airport,SZX,12/07/2024 15:55,160,Shenzhen,Premium Economy,785,465,N/A,414,Y,Y,Y,1,5,1,20
Phnom Penh International Airport,PNH,12/07/2024 9:40,Suvarnabhumi Airport,BKK,12/07/2024 11:00,80,THAI,Premium Economy,565,395,N/A,508,Y,Y,Y,1,7,1,35
Phnom Penh International Airport,PNH,12/07/2024 21:15,Suvarnabhumi Airport,BKK,12/07/2024 22:30,75,THAI,Premium Economy,710,545,TRUE,508,Y,Y,Y,1,7,1,35
Phnom Penh International Airport,PNH,12/07/2024 12:15,Shenzhen Bao'an International Airport,SZX,12/07/2024 15:55,160,Shenzhen,Premium Economy,775,425,N/A,1321,Y,Y,Y,1,5,1,20
Phnom Penh International Airport,PNH,13/07/2024 12:15,Shenzhen Bao'an International Airport,SZX,13/07/2024 15:55,160,Shenzhen,Premium Economy,785,465,N/A,414,Y,Y,Y,1,5,1,20
Phnom Penh International Airport,PNH,13/07/2024 9:40,Suvarnabhumi Airport,BKK,13/07/2024 11:00,80,THAI,Premium Economy,565,395,N/A,508,Y,Y,Y,1,7,1,35
Phnom Penh International Airport,PNH,13/07/2024 21:15,Suvarnabhumi Airport,BKK,13/07/2024 22:30,75,THAI,Premium Economy,710,545,TRUE,508,Y,Y,Y,1,7,1,35
Phnom Penh International Airport,PNH,13/07/2024 12:15,Shenzhen Bao'an International Airport,SZX,13/07/2024 15:55,160,Shenzhen,Premium Economy,775,425,N/A,1321,Y,Y,Y,1,5,1,20
Phnom Penh International Airport,PNH,14/07/2024 12:15,Shenzhen Bao'an International Airport,SZX,14/07/2024 15:55,160,Shenzhen,Premium Economy,785,465,N/A,414,Y,Y,Y,1,5,1,20
Phnom Penh International Airport,PNH,14/07/2024 9:40,Suvarnabhumi Airport,BKK,14/07/2024 11:00,80,THAI,Premium Economy,565,395,N/A,508,Y,Y,Y,1,7,1,35
Phnom Penh International Airport,PNH,14/07/2024 21:15,Suvarnabhumi Airport,BKK,14/07/2024 22:30,75,THAI,Premium Economy,710,545,TRUE,508,Y,Y,Y,1,7,1,35
Phnom Penh International Airport,PNH,14/07/2024 12:15,Shenzhen Bao'an International Airport,SZX,14/07/2024 15:55,160,Shenzhen,Premium Economy,775,425,N/A,1321,Y,Y,Y,1,5,1,20
Phnom Penh International Airport,PNH,15/07/2024 12:15,Shenzhen Bao'an International Airport,SZX,15/07/2024 15:55,160,Shenzhen,Premium Economy,785,465,N/A,414,Y,Y,Y,1,5,1,20
Phnom Penh International Airport,PNH,15/07/2024 9:40,Suvarnabhumi Airport,BKK,15/07/2024 11:00,80,THAI,Premium Economy,565,395,N/A,508,Y,Y,Y,1,7,1,35
Phnom Penh International Airport,PNH,15/07/2024 21:15,Suvarnabhumi Airport,BKK,15/07/2024 22:30,75,THAI,Premium Economy,710,545,TRUE,508,Y,Y,Y,1,7,1,35
Phnom Penh International Airport,PNH,15/07/2024 12:15,Shenzhen Bao'an International Airport,SZX,15/07/2024 15:55,160,Shenzhen,Premium Economy,775,425,N/A,1321,Y,Y,Y,1,5,1,20
Phnom Penh International Airport,PNH,16/07/2024 12:15,Shenzhen Bao'an International Airport,SZX,16/07/2024 15:55,160,Shenzhen,Premium Economy,785,465,N/A,414,Y,Y,Y,1,5,1,20
Phnom Penh International Airport,PNH,16/07/2024 9:40,Suvarnabhumi Airport,BKK,16/07/2024 11:00,80,THAI,Premium Economy,565,395,N/A,508,Y,Y,Y,1,7,1,35
Phnom Penh International Airport,PNH,16/07/2024 21:15,Suvarnabhumi Airport,BKK,16/07/2024 22:30,75,THAI,Premium Economy,710,545,TRUE,508,Y,Y,Y,1,7,1,35
Phnom Penh International Airport,PNH,16/07/2024 12:15,Shenzhen Bao'an International Airport,SZX,16/07/2024 15:55,160,Shenzhen,Premium Economy,775,425,N/A,1321,Y,Y,Y,1,5,1,20
Phnom Penh International Airport,PNH,17/07/2024 12:15,Shenzhen Bao'an International Airport,SZX,17/07/2024 15:55,160,Shenzhen,Premium Economy,785,465,N/A,414,Y,Y,Y,1,5,1,20
Phnom Penh International Airport,PNH,17/07/2024 9:40,Suvarnabhumi Airport,BKK,17/07/2024 11:00,80,THAI,Premium Economy,565,395,N/A,508,Y,Y,Y,1,7,1,35
Phnom Penh International Airport,PNH,17/07/2024 21:15,Suvarnabhumi Airport,BKK,17/07/2024 22:30,75,THAI,Premium Economy,710,545,TRUE,508,Y,Y,Y,1,7,1,35
Phnom Penh International Airport,PNH,17/07/2024 12:15,Shenzhen Bao'an International Airport,SZX,17/07/2024 15:55,160,Shenzhen,Premium Economy,775,425,N/A,1321,Y,Y,Y,1,5,1,20
Phnom Penh International Airport,PNH,18/07/2024 12:15,Shenzhen Bao'an International Airport,SZX,18/07/2024 15:55,160,Shenzhen,Premium Economy,785,465,N/A,414,Y,Y,Y,1,5,1,20
Phnom Penh International Airport,PNH,18/07/2024 9:40,Suvarnabhumi Airport,BKK,18/07/2024 11:00,80,THAI,Premium Economy,565,395,N/A,508,Y,Y,Y,1,7,1,35
Phnom Penh International Airport,PNH,18/07/2024 21:15,Suvarnabhumi Airport,BKK,18/07/2024 22:30,75,THAI,Premium Economy,710,545,TRUE,508,Y,Y,Y,1,7,1,35
Phnom Penh International Airport,PNH,18/07/2024 12:15,Shenzhen Bao'an International Airport,SZX,18/07/2024 15:55,160,Shenzhen,Premium Economy,775,425,N/A,1321,Y,Y,Y,1,5,1,20
Phnom Penh International Airport,PNH,19/07/2024 12:15,Shenzhen Bao'an International Airport,SZX,19/07/2024 15:55,160,Shenzhen,Premium Economy,785,465,N/A,414,Y,Y,Y,1,5,1,20
Phnom Penh International Airport,PNH,19/07/2024 9:40,Suvarnabhumi Airport,BKK,19/07/2024 11:00,80,THAI,Premium Economy,565,395,N/A,508,Y,Y,Y,1,7,1,35
Phnom Penh International Airport,PNH,19/07/2024 21:15,Suvarnabhumi Airport,BKK,19/07/2024 22:30,75,THAI,Premium Economy,710,545,TRUE,508,Y,Y,Y,1,7,1,35
Phnom Penh International Airport,PNH,19/07/2024 12:15,Shenzhen Bao'an International Airport,SZX,19/07/2024 15:55,160,Shenzhen,Premium Economy,775,425,N/A,1321,Y,Y,Y,1,5,1,20
Phnom Penh International Airport,PNH,20/07/2024 12:15,Shenzhen Bao'an International Airport,SZX,20/07/2024 15:55,160,Shenzhen,Premium Economy,785,465,N/A,414,Y,Y,Y,1,5,1,20
Phnom Penh International Airport,PNH,20/07/2024 9:40,Suvarnabhumi Airport,BKK,20/07/2024 11:00,80,THAI,Premium Economy,565,395,N/A,508,Y,Y,Y,1,7,1,35
Phnom Penh International Airport,PNH,20/07/2024 12:15,Shenzhen Bao'an International Airport,SZX,20/07/2024 15:55,160,Shenzhen,Premium Economy,775,425,N/A,1321,Y,Y,Y,1,5,1,20
Phnom Penh International Airport,PNH,21/07/2024 12:15,Shenzhen Bao'an International Airport,SZX,21/07/2024 15:55,160,Shenzhen,Premium Economy,785,465,N/A,414,Y,Y,Y,1,5,1,20
Phnom Penh International Airport,PNH,21/07/2024 9:40,Suvarnabhumi Airport,BKK,21/07/2024 11:00,80,THAI,Premium Economy,565,395,N/A,508,Y,Y,Y,1,7,1,35
Phnom Penh International Airport,PNH,21/07/2024 21:15,Suvarnabhumi Airport,BKK,21/07/2024 22:30,75,THAI,Premium Economy,710,545,TRUE,508,Y,Y,Y,1,7,1,35
Phnom Penh International Airport,PNH,21/07/2024 12:15,Shenzhen Bao'an International Airport,SZX,21/07/2024 15:55,160,Shenzhen,Premium Economy,775,425,N/A,1321,Y,Y,Y,1,5,1,20
Phnom Penh International Airport,PNH,22/07/2024 12:15,Shenzhen Bao'an International Airport,SZX,22/07/2024 15:55,160,Shenzhen,Premium Economy,785,465,N/A,414,Y,Y,Y,1,5,1,20
Phnom Penh International Airport,PNH,22/07/2024 9:40,Suvarnabhumi Airport,BKK,22/07/2024 11:00,80,THAI,Premium Economy,565,395,N/A,508,Y,Y,Y,1,7,1,35
Phnom Penh International Airport,PNH,22/07/2024 21:15,Suvarnabhumi Airport,BKK,22/07/2024 22:30,75,THAI,Premium Economy,710,545,TRUE,508,Y,Y,Y,1,7,1,35
Phnom Penh International Airport,PNH,22/07/2024 12:15,Shenzhen Bao'an International Airport,SZX,22/07/2024 15:55,160,Shenzhen,Premium Economy,775,425,N/A,1321,Y,Y,Y,1,5,1,20
Phnom Penh International Airport,PNH,23/07/2024 12:15,Shenzhen Bao'an International Airport,SZX,23/07/2024 15:55,160,Shenzhen,Premium Economy,785,465,N/A,414,Y,Y,Y,1,5,1,20
Phnom Penh International Airport,PNH,23/07/2024 9:40,Suvarnabhumi Airport,BKK,23/07/2024 11:00,80,THAI,Premium Economy,565,395,N/A,508,Y,Y,Y,1,7,1,35
Phnom Penh International Airport,PNH,23/07/2024 21:15,Suvarnabhumi Airport,BKK,23/07/2024 22:30,75,THAI,Premium Economy,710,545,TRUE,508,Y,Y,Y,1,7,1,35
Phnom Penh International Airport,PNH,23/07/2024 12:15,Shenzhen Bao'an International Airport,SZX,23/07/2024 15:55,160,Shenzhen,Premium Economy,775,425,N/A,1321,Y,Y,Y,1,5,1,20
Phnom Penh International Airport,PNH,24/07/2024 12:15,Shenzhen Bao'an International Airport,SZX,24/07/2024 15:55,160,Shenzhen,Premium Economy,785,465,N/A,414,Y,Y,Y,1,5,1,20
Phnom Penh International Airport,PNH,24/07/2024 9:40,Suvarnabhumi Airport,BKK,24/07/2024 11:00,80,THAI,Premium Economy,565,395,N/A,508,Y,Y,Y,1,7,1,35
Phnom Penh International Airport,PNH,24/07/2024 21:15,Suvarnabhumi Airport,BKK,24/07/2024 22:30,75,THAI,Premium Economy,710,545,TRUE,508,Y,Y,Y,1,7,1,35
Phnom Penh International Airport,PNH,24/07/2024 12:15,Shenzhen Bao'an International Airport,SZX,24/07/2024 15:55,160,Shenzhen,Premium Economy,775,425,N/A,1321,Y,Y,Y,1,5,1,20
Phnom Penh International Airport,PNH,25/07/2024 12:15,Shenzhen Bao'an International Airport,SZX,25/07/2024 15:55,160,Shenzhen,Premium Economy,785,465,N/A,414,Y,Y,Y,1,5,1,20
Phnom Penh International Airport,PNH,25/07/2024 9:40,Suvarnabhumi Airport,BKK,25/07/2024 11:00,80,THAI,Premium Economy,565,395,N/A,508,Y,Y,Y,1,7,1,35
Phnom Penh International Airport,PNH,25/07/2024 21:15,Suvarnabhumi Airport,BKK,25/07/2024 22:30,75,THAI,Premium Economy,710,545,TRUE,508,Y,Y,Y,1,7,1,35
Phnom Penh International Airport,PNH,25/07/2024 12:15,Shenzhen Bao'an International Airport,SZX,25/07/2024 15:55,160,Shenzhen,Premium Economy,775,425,N/A,1321,Y,Y,Y,1,5,1,20
Phnom Penh International Airport,PNH,26/07/2024 12:15,Shenzhen Bao'an International Airport,SZX,26/07/2024 15:55,160,Shenzhen,Premium Economy,785,465,N/A,414,Y,Y,Y,1,5,1,20
Phnom Penh International Airport,PNH,26/07/2024 9:40,Suvarnabhumi Airport,BKK,26/07/2024 11:00,80,THAI,Premium Economy,565,395,N/A,508,Y,Y,Y,1,7,1,35
Phnom Penh International Airport,PNH,26/07/2024 21:15,Suvarnabhumi Airport,BKK,26/07/2024 22:30,75,THAI,Premium Economy,710,545,TRUE,508,Y,Y,Y,1,7,1,35
Phnom Penh International Airport,PNH,26/07/2024 12:15,Shenzhen Bao'an International Airport,SZX,26/07/2024 15:55,160,Shenzhen,Premium Economy,775,425,N/A,1321,Y,Y,Y,1,5,1,20
Phnom Penh International Airport,PNH,27/07/2024 12:15,Shenzhen Bao'an International Airport,SZX,27/07/2024 15:55,160,Shenzhen,Premium Economy,785,465,N/A,414,Y,Y,Y,1,5,1,20
Phnom Penh International Airport,PNH,27/07/2024 9:40,Suvarnabhumi Airport,BKK,27/07/2024 11:00,80,THAI,Premium Economy,565,395,N/A,508,Y,Y,Y,1,7,1,35
Phnom Penh International Airport,PNH,27/07/2024 21:15,Suvarnabhumi Airport,BKK,27/07/2024 22:30,75,THAI,Premium Economy,710,545,TRUE,508,Y,Y,Y,1,7,1,35
Phnom Penh International Airport,PNH,27/07/2024 12:15,Shenzhen Bao'an International Airport,SZX,27/07/2024 15:55,160,Shenzhen,Premium Economy,775,425,N/A,1321,Y,Y,Y,1,5,1,20
Phnom Penh International Airport,PNH,28/07/2024 12:15,Shenzhen Bao'an International Airport,SZX,28/07/2024 15:55,160,Shenzhen,Premium Economy,785,465,N/A,414,Y,Y,Y,1,5,1,20
Phnom Penh International Airport,PNH,28/07/2024 9:40,Suvarnabhumi Airport,BKK,28/07/2024 11:00,80,THAI,Premium Economy,565,395,N/A,508,Y,Y,Y,1,7,1,35
Phnom Penh International Airport,PNH,28/07/2024 21:15,Suvarnabhumi Airport,BKK,28/07/2024 22:30,75,THAI,Premium Economy,710,545,TRUE,508,Y,Y,Y,1,7,1,35
Phnom Penh International Airport,PNH,28/07/2024 12:15,Shenzhen Bao'an International Airport,SZX,28/07/2024 15:55,160,Shenzhen,Premium Economy,775,425,N/A,1321,Y,Y,Y,1,5,1,20
Phnom Penh International Airport,PNH,29/07/2024 12:15,Shenzhen Bao'an International Airport,SZX,29/07/2024 15:55,160,Shenzhen,Premium Economy,785,465,N/A,414,Y,Y,Y,1,5,1,20
Phnom Penh International Airport,PNH,29/07/2024 9:40,Suvarnabhumi Airport,BKK,29/07/2024 11:00,80,THAI,Premium Economy,565,395,N/A,508,Y,Y,Y,1,7,1,35
Phnom Penh International Airport,PNH,29/07/2024 21:15,Suvarnabhumi Airport,BKK,29/07/2024 22:30,75,THAI,Premium Economy,710,545,TRUE,508,Y,Y,Y,1,7,1,35
Phnom Penh International Airport,PNH,29/07/2024 12:15,Shenzhen Bao'an International Airport,SZX,29/07/2024 15:55,160,Shenzhen,Premium Economy,775,425,N/A,1321,Y,Y,Y,1,5,1,20
Phnom Penh International Airport,PNH,30/07/2024 12:15,Shenzhen Bao'an International Airport,SZX,30/07/2024 15:55,160,Shenzhen,Premium Economy,785,465,N/A,414,Y,Y,Y,1,5,1,20
Phnom Penh International Airport,PNH,30/07/2024 9:40,Suvarnabhumi Airport,BKK,30/07/2024 11:00,80,THAI,Premium Economy,565,395,N/A,508,Y,Y,Y,1,7,1,35
Phnom Penh International Airport,PNH,30/07/2024 21:15,Suvarnabhumi Airport,BKK,30/07/2024 22:30,75,THAI,Premium Economy,710,545,TRUE,508,Y,Y,Y,1,7,1,35
Phnom Penh International Airport,PNH,30/07/2024 12:15,Shenzhen Bao'an International Airport,SZX,30/07/2024 15:55,160,Shenzhen,Premium Economy,775,425,N/A,1321,Y,Y,Y,1,5,1,20
Phnom Penh International Airport,PNH,31/07/2024 12:15,Shenzhen Bao'an International Airport,SZX,31/07/2024 15:55,160,Shenzhen,Premium Economy,785,465,N/A,414,Y,Y,Y,1,5,1,20
Phnom Penh International Airport,PNH,31/07/2024 9:40,Suvarnabhumi Airport,BKK,31/07/2024 11:00,80,THAI,Premium Economy,565,395,N/A,508,Y,Y,Y,1,7,1,35
Phnom Penh International Airport,PNH,31/07/2024 21:15,Suvarnabhumi Airport,BKK,31/07/2024 22:30,75,THAI,Premium Economy,710,545,TRUE,508,Y,Y,Y,1,7,1,35
Phnom Penh International Airport,PNH,31/07/2024 12:15,Shenzhen Bao'an International Airport,SZX,31/07/2024 15:55,160,Shenzhen,Premium Economy,775,425,N/A,1321,Y,Y,Y,1,5,1,20
Phnom Penh International Airport,PNH,01/08/2024 12:15,Shenzhen Bao'an International Airport,SZX,01/08/2024 15:55,160,Shenzhen,Premium Economy,785,465,N/A,413,Y,Y,Y,1,5,1,20
Phnom Penh International Airport,PNH,01/08/2024 9:40,Suvarnabhumi Airport,BKK,01/08/2024 11:00,80,THAI,Premium Economy,565,395,N/A,577,Y,Y,Y,1,7,1,35
Phnom Penh International Airport,PNH,01/08/2024 21:15,Suvarnabhumi Airport,BKK,01/08/2024 22:30,75,THAI,Premium Economy,710,545,TRUE,577,Y,Y,Y,1,7,1,35
Phnom Penh International Airport,PNH,01/08/2024 12:15,Shenzhen Bao'an International Airport,SZX,01/08/2024 15:55,160,Shenzhen,Premium Economy,775,425,N/A,1320,Y,Y,Y,1,5,1,20
Phnom Penh International Airport,PNH,02/08/2024 12:15,Shenzhen Bao'an International Airport,SZX,02/08/2024 15:55,160,Shenzhen,Premium Economy,785,465,N/A,413,Y,Y,Y,1,5,1,20
Phnom Penh International Airport,PNH,02/08/2024 9:40,Suvarnabhumi Airport,BKK,02/08/2024 11:00,80,THAI,Premium Economy,565,395,N/A,577,Y,Y,Y,1,7,1,35
Phnom Penh International Airport,PNH,02/08/2024 21:15,Suvarnabhumi Airport,BKK,02/08/2024 22:30,75,THAI,Premium Economy,710,545,TRUE,577,Y,Y,Y,1,7,1,35
Phnom Penh International Airport,PNH,02/08/2024 12:15,Shenzhen Bao'an International Airport,SZX,02/08/2024 15:55,160,Shenzhen,Premium Economy,775,425,N/A,1320,Y,Y,Y,1,5,1,20
Phnom Penh International Airport,PNH,03/08/2024 12:15,Shenzhen Bao'an International Airport,SZX,03/08/2024 15:55,160,Shenzhen,Premium Economy,785,465,N/A,413,Y,Y,Y,1,5,1,20
Phnom Penh International Airport,PNH,03/08/2024 9:40,Suvarnabhumi Airport,BKK,03/08/2024 11:00,80,THAI,Premium Economy,565,395,N/A,577,Y,Y,Y,1,7,1,35
Phnom Penh International Airport,PNH,03/08/2024 21:15,Suvarnabhumi Airport,BKK,03/08/2024 22:30,75,THAI,Premium Economy,710,545,TRUE,577,Y,Y,Y,1,7,1,35
Phnom Penh International Airport,PNH,03/08/2024 12:15,Shenzhen Bao'an International Airport,SZX,03/08/2024 15:55,160,Shenzhen,Premium Economy,775,425,N/A,1320,Y,Y,Y,1,5,1,20
Phnom Penh International Airport,PNH,04/08/2024 12:15,Shenzhen Bao'an International Airport,SZX,04/08/2024 15:55,160,Shenzhen,Premium Economy,785,465,N/A,413,Y,Y,Y,1,5,1,20
Phnom Penh International Airport,PNH,04/08/2024 9:40,Suvarnabhumi Airport,BKK,04/08/2024 11:00,80,THAI,Premium Economy,565,395,N/A,577,Y,Y,Y,1,7,1,35
Phnom Penh International Airport,PNH,04/08/2024 21:15,Suvarnabhumi Airport,BKK,04/08/2024 22:30,75,THAI,Premium Economy,710,545,TRUE,577,Y,Y,Y,1,7,1,35
Phnom Penh International Airport,PNH,04/08/2024 12:15,Shenzhen Bao'an International Airport,SZX,04/08/2024 15:55,160,Shenzhen,Premium Economy,775,425,N/A,1320,Y,Y,Y,1,5,1,20
Phnom Penh International Airport,PNH,05/08/2024 12:15,Shenzhen Bao'an International Airport,SZX,05/08/2024 15:55,160,Shenzhen,Premium Economy,785,465,N/A,413,Y,Y,Y,1,5,1,20
Phnom Penh International Airport,PNH,05/08/2024 9:40,Suvarnabhumi Airport,BKK,05/08/2024 11:00,80,THAI,Premium Economy,565,395,N/A,577,Y,Y,Y,1,7,1,35
Phnom Penh International Airport,PNH,05/08/2024 21:15,Suvarnabhumi Airport,BKK,05/08/2024 22:30,75,THAI,Premium Economy,710,545,TRUE,577,Y,Y,Y,1,7,1,35
Phnom Penh International Airport,PNH,05/08/2024 12:15,Shenzhen Bao'an International Airport,SZX,05/08/2024 15:55,160,Shenzhen,Premium Economy,775,425,N/A,1320,Y,Y,Y,1,5,1,20
Phnom Penh International Airport,PNH,06/08/2024 12:15,Shenzhen Bao'an International Airport,SZX,06/08/2024 15:55,160,Shenzhen,Premium Economy,785,465,N/A,413,Y,Y,Y,1,5,1,20
Phnom Penh International Airport,PNH,06/08/2024 9:40,Suvarnabhumi Airport,BKK,06/08/2024 11:00,80,THAI,Premium Economy,565,395,N/A,577,Y,Y,Y,1,7,1,35
Phnom Penh International Airport,PNH,06/08/2024 21:15,Suvarnabhumi Airport,BKK,06/08/2024 22:30,75,THAI,Premium Economy,710,545,TRUE,577,Y,Y,Y,1,7,1,35
Phnom Penh International Airport,PNH,06/08/2024 12:15,Shenzhen Bao'an International Airport,SZX,06/08/2024 15:55,160,Shenzhen,Premium Economy,775,425,N/A,1320,Y,Y,Y,1,5,1,20
Phnom Penh International Airport,PNH,07/08/2024 12:15,Shenzhen Bao'an International Airport,SZX,07/08/2024 15:55,160,Shenzhen,Premium Economy,785,465,N/A,413,Y,Y,Y,1,5,1,20
Phnom Penh International Airport,PNH,07/08/2024 9:40,Suvarnabhumi Airport,BKK,07/08/2024 11:00,80,THAI,Premium Economy,565,395,N/A,577,Y,Y,Y,1,7,1,35
Phnom Penh International Airport,PNH,07/08/2024 21:15,Suvarnabhumi Airport,BKK,07/08/2024 22:30,75,THAI,Premium Economy,710,545,TRUE,577,Y,Y,Y,1,7,1,35
Phnom Penh International Airport,PNH,07/08/2024 12:15,Shenzhen Bao'an International Airport,SZX,07/08/2024 15:55,160,Shenzhen,Premium Economy,775,425,N/A,1320,Y,Y,Y,1,5,1,20
Phnom Penh International Airport,PNH,08/08/2024 12:15,Shenzhen Bao'an International Airport,SZX,08/08/2024 15:55,160,Shenzhen,Premium Economy,785,465,N/A,413,Y,Y,Y,1,5,1,20
Phnom Penh International Airport,PNH,08/08/2024 9:40,Suvarnabhumi Airport,BKK,08/08/2024 11:00,80,THAI,Premium Economy,565,395,N/A,577,Y,Y,Y,1,7,1,35
Phnom Penh International Airport,PNH,08/08/2024 21:15,Suvarnabhumi Airport,BKK,08/08/2024 22:30,75,THAI,Premium Economy,710,545,TRUE,577,Y,Y,Y,1,7,1,35
Phnom Penh International Airport,PNH,08/08/2024 12:15,Shenzhen Bao'an International Airport,SZX,08/08/2024 15:55,160,Shenzhen,Premium Economy,775,425,N/A,1320,Y,Y,Y,1,5,1,20
Phnom Penh International Airport,PNH,09/08/2024 12:15,Shenzhen Bao'an International Airport,SZX,09/08/2024 15:55,160,Shenzhen,Premium Economy,785,465,N/A,413,Y,Y,Y,1,5,1,20
Phnom Penh International Airport,PNH,09/08/2024 9:40,Suvarnabhumi Airport,BKK,09/08/2024 11:00,80,THAI,Premium Economy,565,395,N/A,577,Y,Y,Y,1,7,1,35
Phnom Penh International Airport,PNH,09/08/2024 21:15,Suvarnabhumi Airport,BKK,09/08/2024 22:30,75,THAI,Premium Economy,710,545,TRUE,577,Y,Y,Y,1,7,1,35
Phnom Penh International Airport,PNH,09/08/2024 12:15,Shenzhen Bao'an International Airport,SZX,09/08/2024 15:55,160,Shenzhen,Premium Economy,775,425,N/A,1320,Y,Y,Y,1,5,1,20
Phnom Penh International Airport,PNH,10/08/2024 12:15,Shenzhen Bao'an International Airport,SZX,10/08/2024 15:55,160,Shenzhen,Premium Economy,785,465,N/A,413,Y,Y,Y,1,5,1,20
Phnom Penh International Airport,PNH,10/08/2024 9:40,Suvarnabhumi Airport,BKK,10/08/2024 11:00,80,THAI,Premium Economy,565,395,N/A,577,Y,Y,Y,1,7,1,35
Phnom Penh International Airport,PNH,10/08/2024 21:15,Suvarnabhumi Airport,BKK,10/08/2024 22:30,75,THAI,Premium Economy,710,545,TRUE,577,Y,Y,Y,1,7,1,35
Phnom Penh International Airport,PNH,10/08/2024 12:15,Shenzhen Bao'an International Airport,SZX,10/08/2024 15:55,160,Shenzhen,Premium Economy,775,425,N/A,1320,Y,Y,Y,1,5,1,20
Phnom Penh International Airport,PNH,11/08/2024 12:15,Shenzhen Bao'an International Airport,SZX,11/08/2024 15:55,160,Shenzhen,Premium Economy,785,465,N/A,413,Y,Y,Y,1,5,1,20
Phnom Penh International Airport,PNH,11/08/2024 9:40,Suvarnabhumi Airport,BKK,11/08/2024 11:00,80,THAI,Premium Economy,565,395,N/A,577,Y,Y,Y,1,7,1,35
Phnom Penh International Airport,PNH,11/08/2024 21:15,Suvarnabhumi Airport,BKK,11/08/2024 22:30,75,THAI,Premium Economy,710,545,TRUE,577,Y,Y,Y,1,7,1,35
Phnom Penh International Airport,PNH,11/08/2024 12:15,Shenzhen Bao'an International Airport,SZX,11/08/2024 15:55,160,Shenzhen,Premium Economy,775,425,N/A,1320,Y,Y,Y,1,5,1,20
Phnom Penh International Airport,PNH,12/08/2024 12:15,Shenzhen Bao'an International Airport,SZX,12/08/2024 15:55,160,Shenzhen,Premium Economy,785,465,N/A,413,Y,Y,Y,1,5,1,20
Phnom Penh International Airport,PNH,12/08/2024 9:40,Suvarnabhumi Airport,BKK,12/08/2024 11:00,80,THAI,Premium Economy,565,395,N/A,577,Y,Y,Y,1,7,1,35
Phnom Penh International Airport,PNH,12/08/2024 21:15,Suvarnabhumi Airport,BKK,12/08/2024 22:30,75,THAI,Premium Economy,710,545,TRUE,577,Y,Y,Y,1,7,1,35
Phnom Penh International Airport,PNH,12/08/2024 12:15,Shenzhen Bao'an International Airport,SZX,12/08/2024 15:55,160,Shenzhen,Premium Economy,775,425,N/A,1320,Y,Y,Y,1,5,1,20
Phnom Penh International Airport,PNH,13/08/2024 12:15,Shenzhen Bao'an International Airport,SZX,13/08/2024 15:55,160,Shenzhen,Premium Economy,785,465,N/A,413,Y,Y,Y,1,5,1,20
Phnom Penh International Airport,PNH,13/08/2024 9:40,Suvarnabhumi Airport,BKK,13/08/2024 11:00,80,THAI,Premium Economy,565,395,N/A,577,Y,Y,Y,1,7,1,35
Phnom Penh International Airport,PNH,13/08/2024 21:15,Suvarnabhumi Airport,BKK,13/08/2024 22:30,75,THAI,Premium Economy,710,545,TRUE,577,Y,Y,Y,1,7,1,35
Phnom Penh International Airport,PNH,13/08/2024 12:15,Shenzhen Bao'an International Airport,SZX,13/08/2024 15:55,160,Shenzhen,Premium Economy,775,425,N/A,1320,Y,Y,Y,1,5,1,20
Phnom Penh International Airport,PNH,14/08/2024 12:15,Shenzhen Bao'an International Airport,SZX,14/08/2024 15:55,160,Shenzhen,Premium Economy,785,465,N/A,413,Y,Y,Y,1,5,1,20
Phnom Penh International Airport,PNH,14/08/2024 9:40,Suvarnabhumi Airport,BKK,14/08/2024 11:00,80,THAI,Premium Economy,565,395,N/A,577,Y,Y,Y,1,7,1,35
Phnom Penh International Airport,PNH,14/08/2024 21:15,Suvarnabhumi Airport,BKK,14/08/2024 22:30,75,THAI,Premium Economy,710,545,TRUE,577,Y,Y,Y,1,7,1,35
Phnom Penh International Airport,PNH,14/08/2024 12:15,Shenzhen Bao'an International Airport,SZX,14/08/2024 15:55,160,Shenzhen,Premium Economy,775,425,N/A,1320,Y,Y,Y,1,5,1,20
Phnom Penh International Airport,PNH,15/08/2024 12:15,Shenzhen Bao'an International Airport,SZX,15/08/2024 15:55,160,Shenzhen,Premium Economy,785,465,N/A,413,Y,Y,Y,1,5,1,20
Phnom Penh International Airport,PNH,15/08/2024 9:40,Suvarnabhumi Airport,BKK,15/08/2024 11:00,80,THAI,Premium Economy,565,395,N/A,577,Y,Y,Y,1,7,1,35
Phnom Penh International Airport,PNH,15/08/2024 21:15,Suvarnabhumi Airport,BKK,15/08/2024 22:30,75,THAI,Premium Economy,710,545,TRUE,577,Y,Y,Y,1,7,1,35
Phnom Penh International Airport,PNH,15/08/2024 12:15,Shenzhen Bao'an International Airport,SZX,15/08/2024 15:55,160,Shenzhen,Premium Economy,775,425,N/A,1320,Y,Y,Y,1,5,1,20
Phnom Penh International Airport,PNH,16/08/2024 12:15,Shenzhen Bao'an International Airport,SZX,16/08/2024 15:55,160,Shenzhen,Premium Economy,785,465,N/A,469,Y,Y,Y,1,5,1,20
Phnom Penh International Airport,PNH,16/08/2024 9:40,Suvarnabhumi Airport,BKK,16/08/2024 11:00,80,THAI,Premium Economy,565,395,N/A,577,Y,Y,Y,1,7,1,35
Phnom Penh International Airport,PNH,16/08/2024 21:15,Suvarnabhumi Airport,BKK,16/08/2024 22:30,75,THAI,Premium Economy,710,545,TRUE,577,Y,Y,Y,1,7,1,35
Phnom Penh International Airport,PNH,16/08/2024 12:15,Shenzhen Bao'an International Airport,SZX,16/08/2024 15:55,160,Shenzhen,Premium Economy,775,425,N/A,1376,Y,Y,Y,1,5,1,20
Phnom Penh International Airport,PNH,17/08/2024 12:15,Shenzhen Bao'an International Airport,SZX,17/08/2024 15:55,160,Shenzhen,Premium Economy,785,465,N/A,413,Y,Y,Y,1,5,1,20
Phnom Penh International Airport,PNH,17/08/2024 9:40,Suvarnabhumi Airport,BKK,17/08/2024 11:00,80,THAI,Premium Economy,565,395,N/A,577,Y,Y,Y,1,7,1,35
Phnom Penh International Airport,PNH,17/08/2024 21:15,Suvarnabhumi Airport,BKK,17/08/2024 22:30,75,THAI,Premium Economy,710,545,TRUE,577,Y,Y,Y,1,7,1,35
Phnom Penh International Airport,PNH,17/08/2024 12:15,Shenzhen Bao'an International Airport,SZX,17/08/2024 15:55,160,Shenzhen,Premium Economy,775,425,N/A,1320,Y,Y,Y,1,5,1,20
Phnom Penh International Airport,PNH,18/08/2024 12:15,Shenzhen Bao'an International Airport,SZX,18/08/2024 15:55,160,Shenzhen,Premium Economy,785,465,N/A,413,Y,Y,Y,1,5,1,20
Phnom Penh International Airport,PNH,18/08/2024 21:15,Suvarnabhumi Airport,BKK,18/08/2024 22:30,75,THAI,Premium Economy,710,545,TRUE,577,Y,Y,Y,1,7,1,35
Phnom Penh International Airport,PNH,18/08/2024 12:15,Shenzhen Bao'an International Airport,SZX,18/08/2024 15:55,160,Shenzhen,Premium Economy,775,425,N/A,1320,Y,Y,Y,1,5,1,20
Phnom Penh International Airport,PNH,19/08/2024 12:15,Shenzhen Bao'an International Airport,SZX,19/08/2024 15:55,160,Shenzhen,Premium Economy,785,465,N/A,413,Y,Y,Y,1,5,1,20
Phnom Penh International Airport,PNH,19/08/2024 9:40,Suvarnabhumi Airport,BKK,19/08/2024 11:00,80,THAI,Premium Economy,565,395,N/A,577,Y,Y,Y,1,7,1,35
Phnom Penh International Airport,PNH,19/08/2024 21:15,Suvarnabhumi Airport,BKK,19/08/2024 22:30,75,THAI,Premium Economy,710,545,TRUE,577,Y,Y,Y,1,7,1,35
Phnom Penh International Airport,PNH,19/08/2024 12:15,Shenzhen Bao'an International Airport,SZX,19/08/2024 15:55,160,Shenzhen,Premium Economy,775,425,N/A,1320,Y,Y,Y,1,5,1,20
Phnom Penh International Airport,PNH,20/08/2024 12:15,Shenzhen Bao'an International Airport,SZX,20/08/2024 15:55,160,Shenzhen,Premium Economy,785,465,N/A,413,Y,Y,Y,1,5,1,20
Phnom Penh International Airport,PNH,20/08/2024 9:40,Suvarnabhumi Airport,BKK,20/08/2024 11:00,80,THAI,Premium Economy,565,395,N/A,577,Y,Y,Y,1,7,1,35
Phnom Penh International Airport,PNH,20/08/2024 21:15,Suvarnabhumi Airport,BKK,20/08/2024 22:30,75,THAI,Premium Economy,710,545,TRUE,577,Y,Y,Y,1,7,1,35
Phnom Penh International Airport,PNH,20/08/2024 12:15,Shenzhen Bao'an International Airport,SZX,20/08/2024 15:55,160,Shenzhen,Premium Economy,775,425,N/A,1320,Y,Y,Y,1,5,1,20
Phnom Penh International Airport,PNH,21/08/2024 12:15,Shenzhen Bao'an International Airport,SZX,21/08/2024 15:55,160,Shenzhen,Premium Economy,785,465,N/A,397,Y,Y,Y,1,5,1,20
Phnom Penh International Airport,PNH,21/08/2024 9:40,Suvarnabhumi Airport,BKK,21/08/2024 11:00,80,THAI,Premium Economy,565,395,N/A,577,Y,Y,Y,1,7,1,35
Phnom Penh International Airport,PNH,21/08/2024 21:15,Suvarnabhumi Airport,BKK,21/08/2024 22:30,75,THAI,Premium Economy,710,545,TRUE,577,Y,Y,Y,1,7,1,35
Phnom Penh International Airport,PNH,21/08/2024 12:15,Shenzhen Bao'an International Airport,SZX,21/08/2024 15:55,160,Shenzhen,Premium Economy,775,425,N/A,1320,Y,Y,Y,1,5,1,20
Phnom Penh International Airport,PNH,22/08/2024 12:15,Shenzhen Bao'an International Airport,SZX,22/08/2024 15:55,160,Shenzhen,Premium Economy,785,465,N/A,397,Y,Y,Y,1,5,1,20
Phnom Penh International Airport,PNH,22/08/2024 9:40,Suvarnabhumi Airport,BKK,22/08/2024 11:00,80,THAI,Premium Economy,565,395,N/A,577,Y,Y,Y,1,7,1,35
Phnom Penh International Airport,PNH,22/08/2024 21:15,Suvarnabhumi Airport,BKK,22/08/2024 22:30,75,THAI,Premium Economy,710,545,TRUE,577,Y,Y,Y,1,7,1,35
Phnom Penh International Airport,PNH,22/08/2024 12:15,Shenzhen Bao'an International Airport,SZX,22/08/2024 15:55,160,Shenzhen,Premium Economy,775,425,N/A,1320,Y,Y,Y,1,5,1,20
Phnom Penh International Airport,PNH,23/08/2024 12:15,Shenzhen Bao'an International Airport,SZX,23/08/2024 15:55,160,Shenzhen,Premium Economy,785,465,N/A,397,Y,Y,Y,1,5,1,20
Phnom Penh International Airport,PNH,23/08/2024 9:40,Suvarnabhumi Airport,BKK,23/08/2024 11:00,80,THAI,Premium Economy,565,395,N/A,577,Y,Y,Y,1,7,1,35
Phnom Penh International Airport,PNH,23/08/2024 21:15,Suvarnabhumi Airport,BKK,23/08/2024 22:30,75,THAI,Premium Economy,710,545,TRUE,577,Y,Y,Y,1,7,1,35
Phnom Penh International Airport,PNH,23/08/2024 12:15,Shenzhen Bao'an International Airport,SZX,23/08/2024 15:55,160,Shenzhen,Premium Economy,775,425,N/A,1320,Y,Y,Y,1,5,1,20
Phnom Penh International Airport,PNH,24/08/2024 12:15,Shenzhen Bao'an International Airport,SZX,24/08/2024 15:55,160,Shenzhen,Premium Economy,785,465,N/A,397,Y,Y,Y,1,5,1,20
Phnom Penh International Airport,PNH,24/08/2024 9:40,Suvarnabhumi Airport,BKK,24/08/2024 11:00,80,THAI,Premium Economy,565,395,N/A,577,Y,Y,Y,1,7,1,35
Phnom Penh International Airport,PNH,24/08/2024 21:15,Suvarnabhumi Airport,BKK,24/08/2024 22:30,75,THAI,Premium Economy,710,545,TRUE,577,Y,Y,Y,1,7,1,35
Phnom Penh International Airport,PNH,24/08/2024 12:15,Shenzhen Bao'an International Airport,SZX,24/08/2024 15:55,160,Shenzhen,Premium Economy,775,425,N/A,1320,Y,Y,Y,1,5,1,20
Phnom Penh International Airport,PNH,25/08/2024 12:15,Shenzhen Bao'an International Airport,SZX,25/08/2024 15:55,160,Shenzhen,Premium Economy,785,465,N/A,397,Y,Y,Y,1,5,1,20
Phnom Penh International Airport,PNH,25/08/2024 9:40,Suvarnabhumi Airport,BKK,25/08/2024 11:00,80,THAI,Premium Economy,565,395,N/A,577,Y,Y,Y,1,7,1,35
Phnom Penh International Airport,PNH,25/08/2024 21:15,Suvarnabhumi Airport,BKK,25/08/2024 22:30,75,THAI,Premium Economy,710,545,TRUE,577,Y,Y,Y,1,7,1,35
Phnom Penh International Airport,PNH,25/08/2024 12:15,Shenzhen Bao'an International Airport,SZX,25/08/2024 15:55,160,Shenzhen,Premium Economy,775,425,N/A,1320,Y,Y,Y,1,5,1,20
Phnom Penh International Airport,PNH,26/08/2024 12:15,Shenzhen Bao'an International Airport,SZX,26/08/2024 15:55,160,Shenzhen,Premium Economy,785,465,N/A,397,Y,Y,Y,1,5,1,20
Phnom Penh International Airport,PNH,26/08/2024 9:40,Suvarnabhumi Airport,BKK,26/08/2024 11:00,80,THAI,Premium Economy,565,395,N/A,577,Y,Y,Y,1,7,1,35
Phnom Penh International Airport,PNH,26/08/2024 21:15,Suvarnabhumi Airport,BKK,26/08/2024 22:30,75,THAI,Premium Economy,710,545,TRUE,577,Y,Y,Y,1,7,1,35
Phnom Penh International Airport,PNH,26/08/2024 12:15,Shenzhen Bao'an International Airport,SZX,26/08/2024 15:55,160,Shenzhen,Premium Economy,775,425,N/A,1320,Y,Y,Y,1,5,1,20
Phnom Penh International Airport,PNH,27/08/2024 12:15,Shenzhen Bao'an International Airport,SZX,27/08/2024 15:55,160,Shenzhen,Premium Economy,785,465,N/A,397,Y,Y,Y,1,5,1,20
Phnom Penh International Airport,PNH,27/08/2024 9:40,Suvarnabhumi Airport,BKK,27/08/2024 11:00,80,THAI,Premium Economy,565,395,N/A,577,Y,Y,Y,1,7,1,35
Phnom Penh International Airport,PNH,27/08/2024 21:15,Suvarnabhumi Airport,BKK,27/08/2024 22:30,75,THAI,Premium Economy,710,545,TRUE,577,Y,Y,Y,1,7,1,35
Phnom Penh International Airport,PNH,27/08/2024 12:15,Shenzhen Bao'an International Airport,SZX,27/08/2024 15:55,160,Shenzhen,Premium Economy,775,425,N/A,1320,Y,Y,Y,1,5,1,20
Phnom Penh International Airport,PNH,28/08/2024 12:15,Shenzhen Bao'an International Airport,SZX,28/08/2024 15:55,160,Shenzhen,Premium Economy,785,465,N/A,397,Y,Y,Y,1,5,1,20
Phnom Penh International Airport,PNH,28/08/2024 9:40,Suvarnabhumi Airport,BKK,28/08/2024 11:00,80,THAI,Premium Economy,565,395,N/A,577,Y,Y,Y,1,7,1,35
Phnom Penh International Airport,PNH,28/08/2024 21:15,Suvarnabhumi Airport,BKK,28/08/2024 22:30,75,THAI,Premium Economy,710,545,TRUE,577,Y,Y,Y,1,7,1,35
Phnom Penh International Airport,PNH,28/08/2024 12:15,Shenzhen Bao'an International Airport,SZX,28/08/2024 15:55,160,Shenzhen,Premium Economy,775,425,N/A,1320,Y,Y,Y,1,5,1,20
Phnom Penh International Airport,PNH,29/08/2024 12:15,Shenzhen Bao'an International Airport,SZX,29/08/2024 15:55,160,Shenzhen,Premium Economy,785,465,N/A,397,Y,Y,Y,1,5,1,20
Phnom Penh International Airport,PNH,29/08/2024 9:40,Suvarnabhumi Airport,BKK,29/08/2024 11:00,80,THAI,Premium Economy,565,395,N/A,577,Y,Y,Y,1,7,1,35
Phnom Penh International Airport,PNH,29/08/2024 21:15,Suvarnabhumi Airport,BKK,29/08/2024 22:30,75,THAI,Premium Economy,710,545,TRUE,577,Y,Y,Y,1,7,1,35
Phnom Penh International Airport,PNH,29/08/2024 12:15,Shenzhen Bao'an International Airport,SZX,29/08/2024 15:55,160,Shenzhen,Premium Economy,775,425,N/A,1320,Y,Y,Y,1,5,1,20
Phnom Penh International Airport,PNH,30/08/2024 12:15,Shenzhen Bao'an International Airport,SZX,30/08/2024 15:55,160,Shenzhen,Premium Economy,785,465,N/A,397,Y,Y,Y,1,5,1,20
Phnom Penh International Airport,PNH,30/08/2024 9:40,Suvarnabhumi Airport,BKK,30/08/2024 11:00,80,THAI,Premium Economy,565,395,N/A,577,Y,Y,Y,1,7,1,35
Phnom Penh International Airport,PNH,30/08/2024 21:15,Suvarnabhumi Airport,BKK,30/08/2024 22:30,75,THAI,Premium Economy,710,545,TRUE,577,Y,Y,Y,1,7,1,35
Phnom Penh International Airport,PNH,30/08/2024 12:15,Shenzhen Bao'an International Airport,SZX,30/08/2024 15:55,160,Shenzhen,Premium Economy,775,425,N/A,1320,Y,Y,Y,1,5,1,20
Phnom Penh International Airport,PNH,31/08/2024 12:15,Shenzhen Bao'an International Airport,SZX,31/08/2024 15:55,160,Shenzhen,Premium Economy,785,465,N/A,397,Y,Y,Y,1,5,1,20
Phnom Penh International Airport,PNH,31/08/2024 9:40,Suvarnabhumi Airport,BKK,31/08/2024 11:00,80,THAI,Premium Economy,565,395,N/A,577,Y,Y,Y,1,7,1,35
Phnom Penh International Airport,PNH,31/08/2024 21:15,Suvarnabhumi Airport,BKK,31/08/2024 22:30,75,THAI,Premium Economy,710,545,TRUE,577,Y,Y,Y,1,7,1,35
Phnom Penh International Airport,PNH,31/08/2024 12:15,Shenzhen Bao'an International Airport,SZX,31/08/2024 15:55,160,Shenzhen,Premium Economy,775,425,N/A,1320,Y,Y,Y,1,5,1,20