Departure Airport Name,Departure Airport ID,Departure Time,Arrival Airport Name,Arrival Airport ID,Arrival Time,Duration,Airline,Travel Class,Total Duration,Layover 1 Duration,Layover 1 Overnight,Price, Cabin Baggage, Checked Baggage,Meal Included,Cabin Baggage (Number),Cabin Baggage (kg per piece),Checked Baggage (Number),Checked Baggage (kg per piece) 
Wattay International Airport,VTE,01/07/2024 8:05,Don Mueang International Airport,DMK,01/07/2024 9:25,80,Thai AirAsia,Economy,470,175,N/A,247,Y,N,N,1,7,0,0
Wattay International Airport,VTE,01/07/2024 13:50,Don Mueang International Airport,DMK,01/07/2024 15:00,70,Thai AirAsia,Economy,660,380,N/A,251,Y,N,N,1,7,0,0
Wattay International Airport,VTE,01/07/2024 20:30,Suvarnabhumi Airport,BKK,01/07/2024 21:55,85,THAI,Economy,855,570,TRUE,269,Y,Y,Y,1,7,2,23
Wattay International Airport,VTE,01/07/2024 23:50,Incheon International Airport,ICN,02/07/2024 7:20,330,Jeju Air,Economy,1290,710,N/A,272,Y,Y,Y,1,10,1,15
Wattay International Airport,VTE,01/07/2024 23:20,Shanghai Pudong International Airport,PVG,02/07/2024 4:30,250,China Eastern,Economy,1785,1310,TRUE,344,Y,Y,Y,1,8,2,23
Wattay International Airport,VTE,01/07/2024 13:40,Suvarnabhumi Airport,BKK,01/07/2024 15:00,80,THAI,Economy,480,190,N/A,766,Y,Y,Y,1,7,2,23
Wattay International Airport,VTE,01/07/2024 20:30,Suvarnabhumi Airport,BKK,01/07/2024 21:55,85,THAI,Economy,515,225,N/A,766,Y,Y,Y,1,7,2,23
Wattay International Airport,VTE,01/07/2024 23:20,Shanghai Pudong International Airport,PVG,02/07/2024 4:30,250,China Eastern,Economy,1170,690,TRUE,1667,Y,Y,Y,1,8,2,23
Wattay International Airport,VTE,01/07/2024 20:00,Noi Bai International Airport,HAN,01/07/2024 21:25,85,Vietnam Airlines,Economy,440,160,N/A,N/A,Y,Y,Y,1,10,1,23
Wattay International Airport,VTE,02/07/2024 9:20,Kuala Lumpur International Airport,KUL,02/07/2024 13:10,170,AirAsia,Economy,925,515,N/A,206,Y,N,N,1,7,0,0
Wattay International Airport,VTE,02/07/2024 8:05,Don Mueang International Airport,DMK,02/07/2024 9:25,80,Thai AirAsia,Economy,470,175,N/A,217,Y,N,N,1,7,0,0
Wattay International Airport,VTE,02/07/2024 13:50,Don Mueang International Airport,DMK,02/07/2024 15:00,70,Thai AirAsia,Economy,660,380,N/A,221,Y,N,N,1,7,0,0
Wattay International Airport,VTE,02/07/2024 9:20,Kuala Lumpur International Airport,KUL,02/07/2024 13:10,170,AirAsia,Economy,710,290,N/A,226,Y,N,N,1,7,0,0
Wattay International Airport,VTE,02/07/2024 20:30,Suvarnabhumi Airport,BKK,02/07/2024 21:55,85,THAI,Economy,855,570,TRUE,269,Y,Y,Y,1,7,2,23
Wattay International Airport,VTE,02/07/2024 23:50,Incheon International Airport,ICN,03/07/2024 7:20,330,Jeju Air,Economy,1290,710,N/A,301,Y,Y,Y,1,10,1,15
Wattay International Airport,VTE,02/07/2024 23:20,Shanghai Pudong International Airport,PVG,03/07/2024 4:30,250,China Eastern,Economy,1500,1025,TRUE,344,Y,Y,Y,1,8,2,23
Wattay International Airport,VTE,02/07/2024 13:40,Suvarnabhumi Airport,BKK,02/07/2024 15:00,80,THAI,Economy,480,190,N/A,766,Y,Y,Y,1,7,2,23
Wattay International Airport,VTE,03/07/2024 8:05,Don Mueang International Airport,DMK,03/07/2024 9:25,80,Thai AirAsia,Economy,470,175,N/A,203,Y,N,N,1,7,0,0
Wattay International Airport,VTE,03/07/2024 13:50,Don Mueang International Airport,DMK,03/07/2024 15:00,70,Thai AirAsia,Economy,660,380,N/A,221,Y,N,N,1,7,0,0
Wattay International Airport,VTE,03/07/2024 20:30,Suvarnabhumi Airport,BKK,03/07/2024 21:55,85,THAI,Economy,855,570,TRUE,269,Y,Y,Y,1,7,2,23
Wattay International Airport,VTE,03/07/2024 23:50,Incheon International Airport,ICN,04/07/2024 7:20,330,Jeju Air,Economy,1290,710,N/A,235,Y,Y,Y,1,10,1,15
Wattay International Airport,VTE,03/07/2024 23:20,Shanghai Pudong International Airport,PVG,04/07/2024 4:30,250,China Eastern,Economy,1500,1025,TRUE,344,Y,Y,Y,1,8,2,23
Wattay International Airport,VTE,03/07/2024 13:40,Suvarnabhumi Airport,BKK,03/07/2024 15:00,80,THAI,Economy,480,190,N/A,766,Y,Y,Y,1,7,2,23
Wattay International Airport,VTE,03/07/2024 20:30,Suvarnabhumi Airport,BKK,03/07/2024 21:55,85,THAI,Economy,1225,935,TRUE,787,Y,Y,Y,1,7,2,23
Wattay International Airport,VTE,03/07/2024 23:20,Shanghai Pudong International Airport,PVG,04/07/2024 4:30,250,China Eastern,Economy,1170,690,TRUE,1667,Y,Y,Y,1,8,2,23
Wattay International Airport,VTE,03/07/2024 19:10,Guangzhou Baiyun International Airport,CAN,03/07/2024 22:25,135,China Southern,Economy,865,585,TRUE,3110,Y,Y,Y,1,8,1,23
Wattay International Airport,VTE,03/07/2024 20:00,Noi Bai International Airport,HAN,03/07/2024 21:25,85,Vietnam Airlines,Economy,440,160,N/A,N/A,Y,Y,Y,1,10,1,23
Wattay International Airport,VTE,04/07/2024 8:05,Don Mueang International Airport,DMK,04/07/2024 9:25,80,Thai AirAsia,Economy,470,175,N/A,187,Y,N,N,1,7,0,0
Wattay International Airport,VTE,04/07/2024 13:50,Don Mueang International Airport,DMK,04/07/2024 15:00,70,Thai AirAsia,Economy,660,380,N/A,221,Y,N,N,1,7,0,0
Wattay International Airport,VTE,04/07/2024 20:30,Suvarnabhumi Airport,BKK,04/07/2024 21:55,85,THAI,Economy,855,570,TRUE,269,Y,Y,Y,1,7,2,23
Wattay International Airport,VTE,04/07/2024 23:50,Incheon International Airport,ICN,05/07/2024 7:20,330,Jeju Air,Economy,1290,710,N/A,300,Y,Y,Y,1,10,1,15
Wattay International Airport,VTE,04/07/2024 23:20,Shanghai Pudong International Airport,PVG,05/07/2024 4:30,250,China Eastern,Economy,1500,1025,TRUE,749,Y,Y,Y,1,8,2,23
Wattay International Airport,VTE,04/07/2024 13:40,Suvarnabhumi Airport,BKK,04/07/2024 15:00,80,THAI,Economy,590,300,N/A,766,Y,Y,Y,1,7,2,23
Wattay International Airport,VTE,04/07/2024 20:30,Suvarnabhumi Airport,BKK,04/07/2024 21:55,85,THAI,Economy,1225,935,TRUE,787,Y,Y,Y,1,7,2,23
Wattay International Airport,VTE,04/07/2024 23:20,Shanghai Pudong International Airport,PVG,05/07/2024 4:30,250,China Eastern,Economy,1170,690,TRUE,1667,Y,Y,Y,1,8,2,23
Wattay International Airport,VTE,04/07/2024 20:00,Noi Bai International Airport,HAN,04/07/2024 21:25,85,Vietnam Airlines,Economy,1880,1600,N/A,N/A,Y,Y,Y,1,10,1,23
Wattay International Airport,VTE,05/07/2024 8:05,Don Mueang International Airport,DMK,05/07/2024 9:25,80,Thai AirAsia,Economy,470,175,N/A,207,Y,N,N,1,7,0,0
Wattay International Airport,VTE,05/07/2024 20:30,Suvarnabhumi Airport,BKK,05/07/2024 21:55,85,THAI,Economy,855,570,TRUE,269,Y,Y,Y,1,7,2,23
Wattay International Airport,VTE,05/07/2024 13:50,Don Mueang International Airport,DMK,05/07/2024 15:00,70,Thai AirAsia,Economy,985,710,TRUE,211,Y,N,N,1,7,0,0
Wattay International Airport,VTE,05/07/2024 13:50,Don Mueang International Airport,DMK,05/07/2024 15:00,70,Thai AirAsia,Economy,660,380,N/A,241,Y,N,N,1,7,0,0
Wattay International Airport,VTE,05/07/2024 23:50,Incheon International Airport,ICN,06/07/2024 7:20,330,Jeju Air,Economy,1290,710,N/A,299,Y,Y,Y,1,10,1,15
Wattay International Airport,VTE,05/07/2024 23:20,Shanghai Pudong International Airport,PVG,06/07/2024 4:30,250,China Eastern,Economy,1500,1025,TRUE,344,Y,Y,Y,1,8,2,23
Wattay International Airport,VTE,05/07/2024 13:40,Suvarnabhumi Airport,BKK,05/07/2024 15:00,80,THAI,Economy,480,190,N/A,766,Y,Y,Y,1,7,2,23
Wattay International Airport,VTE,05/07/2024 20:30,Suvarnabhumi Airport,BKK,05/07/2024 21:55,85,THAI,Economy,1225,935,TRUE,787,Y,Y,Y,1,7,2,23
Wattay International Airport,VTE,05/07/2024 19:10,Guangzhou Baiyun International Airport,CAN,05/07/2024 22:25,135,China Southern,Economy,865,585,TRUE,3110,Y,Y,Y,1,8,1,23
Wattay International Airport,VTE,05/07/2024 20:00,Noi Bai International Airport,HAN,05/07/2024 21:25,85,Vietnam Airlines,Economy,440,160,N/A,N/A,Y,Y,Y,1,10,1,23
Wattay International Airport,VTE,06/07/2024 8:05,Don Mueang International Airport,DMK,06/07/2024 9:25,80,Thai AirAsia,Economy,470,175,N/A,207,Y,N,N,1,7,0,0
Wattay International Airport,VTE,06/07/2024 13:50,Don Mueang International Airport,DMK,06/07/2024 15:00,70,Thai AirAsia,Economy,660,380,N/A,221,Y,N,N,1,7,0,0
Wattay International Airport,VTE,06/07/2024 9:20,Kuala Lumpur International Airport,KUL,06/07/2024 13:10,170,AirAsia,Economy,940,520,N/A,253,Y,N,N,1,7,0,0
Wattay International Airport,VTE,06/07/2024 9:20,Kuala Lumpur International Airport,KUL,06/07/2024 13:10,170,AirAsia,Economy,710,290,N/A,266,Y,N,N,1,7,0,0
Wattay International Airport,VTE,06/07/2024 20:30,Suvarnabhumi Airport,BKK,06/07/2024 21:55,85,THAI,Economy,855,570,TRUE,269,Y,Y,Y,1,7,2,23
Wattay International Airport,VTE,06/07/2024 23:50,Incheon International Airport,ICN,07/07/2024 7:20,330,Jeju Air,Economy,1290,710,N/A,292,Y,Y,Y,1,10,1,15
Wattay International Airport,VTE,06/07/2024 23:20,Shanghai Pudong International Airport,PVG,07/07/2024 4:30,250,China Eastern,Economy,1770,1310,TRUE,378,Y,Y,Y,1,8,2,23
Wattay International Airport,VTE,06/07/2024 13:40,Suvarnabhumi Airport,BKK,06/07/2024 15:00,80,THAI,Economy,480,190,N/A,766,Y,Y,Y,1,7,2,23
Wattay International Airport,VTE,07/07/2024 8:05,Don Mueang International Airport,DMK,07/07/2024 9:25,80,Thai AirAsia,Economy,470,175,N/A,207,Y,N,N,1,7,0,0
Wattay International Airport,VTE,07/07/2024 20:30,Suvarnabhumi Airport,BKK,07/07/2024 21:55,85,THAI,Economy,855,570,TRUE,269,Y,Y,Y,1,7,2,23
Wattay International Airport,VTE,07/07/2024 13:50,Don Mueang International Airport,DMK,07/07/2024 15:00,70,Thai AirAsia,Economy,985,710,TRUE,207,Y,N,N,1,7,0,0
Wattay International Airport,VTE,07/07/2024 13:50,Don Mueang International Airport,DMK,07/07/2024 15:00,70,Thai AirAsia,Economy,660,380,N/A,221,Y,N,N,1,7,0,0
Wattay International Airport,VTE,07/07/2024 23:50,Incheon International Airport,ICN,08/07/2024 7:20,330,Jeju Air,Economy,1290,710,N/A,294,Y,Y,Y,1,10,1,15
Wattay International Airport,VTE,07/07/2024 23:20,Shanghai Pudong International Airport,PVG,08/07/2024 4:30,250,China Eastern,Economy,1500,1025,TRUE,344,Y,Y,Y,1,8,2,23
Wattay International Airport,VTE,07/07/2024 13:40,Suvarnabhumi Airport,BKK,07/07/2024 15:00,80,THAI,Economy,590,300,N/A,766,Y,Y,Y,1,7,2,23
Wattay International Airport,VTE,07/07/2024 20:30,Suvarnabhumi Airport,BKK,07/07/2024 21:55,85,THAI,Economy,1225,935,TRUE,787,Y,Y,Y,1,7,2,23
Wattay International Airport,VTE,07/07/2024 19:10,Guangzhou Baiyun International Airport,CAN,07/07/2024 22:25,135,China Southern,Economy,865,585,TRUE,3110,Y,Y,Y,1,8,1,23
Wattay International Airport,VTE,07/07/2024 20:00,Noi Bai International Airport,HAN,07/07/2024 21:25,85,Vietnam Airlines,Economy,565,260,N/A,N/A,Y,Y,Y,1,10,1,23
Wattay International Airport,VTE,08/07/2024 8:05,Don Mueang International Airport,DMK,08/07/2024 9:25,80,Thai AirAsia,Economy,1005,715,N/A,207,Y,N,N,1,7,0,0
Wattay International Airport,VTE,08/07/2024 13:50,Don Mueang International Airport,DMK,08/07/2024 15:00,70,Thai AirAsia,Economy,660,380,N/A,223,Y,N,N,1,7,0,0
Wattay International Airport,VTE,08/07/2024 8:05,Don Mueang International Airport,DMK,08/07/2024 9:25,80,Thai AirAsia,Economy,470,175,N/A,236,Y,N,N,1,7,0,0
Wattay International Airport,VTE,08/07/2024 20:30,Suvarnabhumi Airport,BKK,08/07/2024 21:55,85,THAI,Economy,855,570,TRUE,269,Y,Y,Y,1,7,2,23
Wattay International Airport,VTE,08/07/2024 23:50,Incheon International Airport,ICN,09/07/2024 7:20,330,Jeju Air,Economy,1290,710,N/A,282,Y,Y,Y,1,10,1,15
Wattay International Airport,VTE,08/07/2024 23:20,Shanghai Pudong International Airport,PVG,09/07/2024 4:30,250,China Eastern,Economy,1785,1310,TRUE,378,Y,Y,Y,1,8,2,23
Wattay International Airport,VTE,08/07/2024 13:40,Suvarnabhumi Airport,BKK,08/07/2024 15:00,80,THAI,Economy,480,190,N/A,766,Y,Y,Y,1,7,2,23
Wattay International Airport,VTE,08/07/2024 20:30,Suvarnabhumi Airport,BKK,08/07/2024 21:55,85,THAI,Economy,1225,935,TRUE,787,Y,Y,Y,1,7,2,23
Wattay International Airport,VTE,08/07/2024 20:00,Noi Bai International Airport,HAN,08/07/2024 21:25,85,Vietnam Airlines,Economy,440,160,N/A,N/A,Y,Y,Y,1,10,1,23
Wattay International Airport,VTE,09/07/2024 13:50,Don Mueang International Airport,DMK,09/07/2024 15:00,70,Thai AirAsia,Economy,985,710,TRUE,177,Y,N,N,1,7,0,0
Wattay International Airport,VTE,09/07/2024 8:05,Don Mueang International Airport,DMK,09/07/2024 9:25,80,Thai AirAsia,Economy,470,175,N/A,192,Y,N,N,1,7,0,0
Wattay International Airport,VTE,09/07/2024 9:20,Kuala Lumpur International Airport,KUL,09/07/2024 13:10,170,AirAsia,Economy,925,515,N/A,202,Y,N,N,1,7,0,0
Wattay International Airport,VTE,09/07/2024 13:50,Don Mueang International Airport,DMK,09/07/2024 15:00,70,Thai AirAsia,Economy,660,380,N/A,207,Y,N,N,1,7,0,0
Wattay International Airport,VTE,09/07/2024 9:20,Kuala Lumpur International Airport,KUL,09/07/2024 13:10,170,AirAsia,Economy,710,290,N/A,210,Y,N,N,1,7,0,0
Wattay International Airport,VTE,09/07/2024 23:50,Incheon International Airport,ICN,10/07/2024 7:20,330,Jeju Air,Economy,1290,710,N/A,263,Y,Y,Y,1,10,1,15
Wattay International Airport,VTE,09/07/2024 20:30,Suvarnabhumi Airport,BKK,09/07/2024 21:55,85,THAI,Economy,1275,995,TRUE,290,Y,Y,Y,1,7,2,23
Wattay International Airport,VTE,09/07/2024 20:30,Suvarnabhumi Airport,BKK,09/07/2024 21:55,85,THAI,Economy,855,570,TRUE,313,Y,Y,Y,1,7,2,23
Wattay International Airport,VTE,09/07/2024 23:20,Shanghai Pudong International Airport,PVG,10/07/2024 4:30,250,China Eastern,Economy,1500,1025,TRUE,344,Y,Y,Y,1,8,2,23
Wattay International Airport,VTE,10/07/2024 8:05,Don Mueang International Airport,DMK,10/07/2024 9:25,80,Thai AirAsia,Economy,470,175,N/A,192,Y,N,N,1,7,0,0
Wattay International Airport,VTE,10/07/2024 13:50,Don Mueang International Airport,DMK,10/07/2024 15:00,70,Thai AirAsia,Economy,660,380,N/A,192,Y,N,N,1,7,0,0
Wattay International Airport,VTE,10/07/2024 20:30,Suvarnabhumi Airport,BKK,10/07/2024 21:55,85,THAI,Economy,855,570,TRUE,269,Y,Y,Y,1,7,2,23
Wattay International Airport,VTE,10/07/2024 23:50,Incheon International Airport,ICN,11/07/2024 7:20,330,Jeju Air,Economy,1290,710,N/A,268,Y,Y,Y,1,10,1,15
Wattay International Airport,VTE,10/07/2024 23:20,Shanghai Pudong International Airport,PVG,11/07/2024 4:30,250,China Eastern,Economy,1500,1025,TRUE,337,Y,Y,Y,1,8,2,23
Wattay International Airport,VTE,10/07/2024 13:40,Suvarnabhumi Airport,BKK,10/07/2024 15:00,80,THAI,Economy,480,190,N/A,766,Y,Y,Y,1,7,2,23
Wattay International Airport,VTE,10/07/2024 20:30,Suvarnabhumi Airport,BKK,10/07/2024 21:55,85,THAI,Economy,1225,935,TRUE,787,Y,Y,Y,1,7,2,23
Wattay International Airport,VTE,10/07/2024 23:20,Shanghai Pudong International Airport,PVG,11/07/2024 4:30,250,China Eastern,Economy,1170,690,TRUE,1660,Y,Y,Y,1,8,2,23
Wattay International Airport,VTE,10/07/2024 19:10,Guangzhou Baiyun International Airport,CAN,10/07/2024 22:25,135,China Southern,Economy,865,585,TRUE,3110,Y,Y,Y,1,8,1,23
Wattay International Airport,VTE,10/07/2024 20:00,Noi Bai International Airport,HAN,10/07/2024 21:25,85,Vietnam Airlines,Economy,440,160,N/A,N/A,Y,Y,Y,1,10,1,23
Wattay International Airport,VTE,11/07/2024 13:50,Don Mueang International Airport,DMK,11/07/2024 15:00,70,Thai AirAsia,Economy,660,380,N/A,207,Y,N,N,1,7,0,0
Wattay International Airport,VTE,11/07/2024 8:05,Don Mueang International Airport,DMK,11/07/2024 9:25,80,Thai AirAsia,Economy,470,175,N/A,236,Y,N,N,1,7,0,0
Wattay International Airport,VTE,11/07/2024 20:30,Suvarnabhumi Airport,BKK,11/07/2024 21:55,85,THAI,Economy,855,570,TRUE,269,Y,Y,Y,1,7,2,23
Wattay International Airport,VTE,11/07/2024 23:50,Incheon International Airport,ICN,12/07/2024 7:20,330,Jeju Air,Economy,1290,710,N/A,284,Y,Y,Y,1,10,1,15
Wattay International Airport,VTE,11/07/2024 23:20,Shanghai Pudong International Airport,PVG,12/07/2024 4:30,250,China Eastern,Economy,1500,1025,TRUE,337,Y,Y,Y,1,8,2,23
Wattay International Airport,VTE,11/07/2024 13:40,Suvarnabhumi Airport,BKK,11/07/2024 15:00,80,THAI,Economy,480,190,N/A,766,Y,Y,Y,1,7,2,23
Wattay International Airport,VTE,11/07/2024 20:30,Suvarnabhumi Airport,BKK,11/07/2024 21:55,85,THAI,Economy,1225,935,TRUE,787,Y,Y,Y,1,7,2,23
Wattay International Airport,VTE,11/07/2024 23:20,Shanghai Pudong International Airport,PVG,12/07/2024 4:30,250,China Eastern,Economy,1170,690,TRUE,1660,Y,Y,Y,1,8,2,23
Wattay International Airport,VTE,11/07/2024 20:00,Noi Bai International Airport,HAN,11/07/2024 21:25,85,Vietnam Airlines,Economy,1880,1600,N/A,N/A,Y,Y,Y,1,10,1,23
Wattay International Airport,VTE,12/07/2024 8:05,Don Mueang International Airport,DMK,12/07/2024 9:25,80,Thai AirAsia,Economy,470,175,N/A,207,Y,N,N,1,7,0,0
Wattay International Airport,VTE,12/07/2024 20:30,Suvarnabhumi Airport,BKK,12/07/2024 21:55,85,THAI,Economy,855,570,TRUE,269,Y,Y,Y,1,7,2,23
Wattay International Airport,VTE,12/07/2024 13:50,Don Mueang International Airport,DMK,12/07/2024 15:00,70,Thai AirAsia,Economy,985,710,TRUE,207,Y,N,N,1,7,0,0
Wattay International Airport,VTE,12/07/2024 13:50,Don Mueang International Airport,DMK,12/07/2024 15:00,70,Thai AirAsia,Economy,660,380,N/A,236,Y,N,N,1,7,0,0
Wattay International Airport,VTE,12/07/2024 23:50,Incheon International Airport,ICN,13/07/2024 7:20,330,Jeju Air,Economy,1290,710,N/A,298,Y,Y,Y,1,10,1,15
Wattay International Airport,VTE,12/07/2024 23:20,Shanghai Pudong International Airport,PVG,13/07/2024 4:30,250,China Eastern,Economy,1500,1025,TRUE,337,Y,Y,Y,1,8,2,23
Wattay International Airport,VTE,12/07/2024 13:40,Suvarnabhumi Airport,BKK,12/07/2024 15:00,80,THAI,Economy,480,190,N/A,766,Y,Y,Y,1,7,2,23
Wattay International Airport,VTE,12/07/2024 20:30,Suvarnabhumi Airport,BKK,12/07/2024 21:55,85,THAI,Economy,1225,935,TRUE,787,Y,Y,Y,1,7,2,23
Wattay International Airport,VTE,12/07/2024 19:10,Guangzhou Baiyun International Airport,CAN,12/07/2024 22:25,135,China Southern,Economy,865,585,TRUE,3110,Y,Y,Y,1,8,1,23
Wattay International Airport,VTE,12/07/2024 20:00,Noi Bai International Airport,HAN,12/07/2024 21:25,85,Vietnam Airlines,Economy,440,160,N/A,N/A,Y,Y,Y,1,10,1,23
Wattay International Airport,VTE,13/07/2024 9:20,Kuala Lumpur International Airport,KUL,13/07/2024 13:10,170,AirAsia,Economy,940,520,N/A,198,Y,N,N,1,7,0,0
Wattay International Airport,VTE,13/07/2024 9:20,Kuala Lumpur International Airport,KUL,13/07/2024 13:10,170,AirAsia,Economy,710,290,N/A,202,Y,N,N,1,7,0,0
Wattay International Airport,VTE,13/07/2024 8:05,Don Mueang International Airport,DMK,13/07/2024 9:25,80,Thai AirAsia,Economy,470,175,N/A,207,Y,N,N,1,7,0,0
Wattay International Airport,VTE,13/07/2024 20:30,Suvarnabhumi Airport,BKK,13/07/2024 21:55,85,THAI,Economy,855,570,TRUE,269,Y,Y,Y,1,7,2,23
Wattay International Airport,VTE,13/07/2024 12:55,Singapore Changi Airport,SIN,13/07/2024 17:05,190,Scoot,Economy,545,140,N/A,316,Y,N,N,1,7,0,0
Wattay International Airport,VTE,13/07/2024 13:50,Don Mueang International Airport,DMK,13/07/2024 15:00,70,Thai AirAsia,Economy,660,380,N/A,236,Y,N,N,1,7,0,0
Wattay International Airport,VTE,13/07/2024 23:50,Incheon International Airport,ICN,14/07/2024 7:20,330,Jeju Air,Economy,1290,710,N/A,299,Y,Y,Y,1,10,1,15
Wattay International Airport,VTE,13/07/2024 23:20,Shanghai Pudong International Airport,PVG,14/07/2024 4:30,250,China Eastern,Economy,1770,1310,TRUE,337,Y,Y,Y,1,8,2,23
Wattay International Airport,VTE,14/07/2024 13:50,Don Mueang International Airport,DMK,14/07/2024 15:00,70,Thai AirAsia,Economy,660,380,N/A,223,Y,N,N,1,7,0,0
Wattay International Airport,VTE,14/07/2024 20:30,Suvarnabhumi Airport,BKK,14/07/2024 21:55,85,THAI,Economy,855,570,TRUE,269,Y,Y,Y,1,7,2,23
Wattay International Airport,VTE,14/07/2024 8:05,Don Mueang International Airport,DMK,14/07/2024 9:25,80,Thai AirAsia,Economy,1005,715,N/A,207,Y,N,N,1,7,0,0
Wattay International Airport,VTE,14/07/2024 23:50,Incheon International Airport,ICN,15/07/2024 7:20,330,Jeju Air,Economy,1290,710,N/A,268,Y,Y,Y,1,10,1,15
Wattay International Airport,VTE,14/07/2024 8:05,Don Mueang International Airport,DMK,14/07/2024 9:25,80,Thai AirAsia,Economy,470,175,N/A,300,Y,N,N,1,7,0,0
Wattay International Airport,VTE,14/07/2024 23:20,Shanghai Pudong International Airport,PVG,15/07/2024 4:30,250,China Eastern,Economy,1500,1025,TRUE,337,Y,Y,Y,1,8,2,23
Wattay International Airport,VTE,14/07/2024 13:40,Suvarnabhumi Airport,BKK,14/07/2024 15:00,80,THAI,Economy,480,190,N/A,766,Y,Y,Y,1,7,2,23
Wattay International Airport,VTE,14/07/2024 20:30,Suvarnabhumi Airport,BKK,14/07/2024 21:55,85,THAI,Economy,1225,935,TRUE,787,Y,Y,Y,1,7,2,23
Wattay International Airport,VTE,14/07/2024 19:10,Guangzhou Baiyun International Airport,CAN,14/07/2024 22:25,135,China Southern,Economy,865,585,TRUE,3110,Y,Y,Y,1,8,1,23
Wattay International Airport,VTE,14/07/2024 20:00,Noi Bai International Airport,HAN,14/07/2024 21:25,85,Vietnam Airlines,Economy,565,260,N/A,N/A,Y,Y,Y,1,10,1,23
Wattay International Airport,VTE,15/07/2024 8:05,Don Mueang International Airport,DMK,15/07/2024 9:25,80,Thai AirAsia,Economy,470,175,N/A,207,Y,N,N,1,7,0,0
Wattay International Airport,VTE,15/07/2024 13:50,Don Mueang International Airport,DMK,15/07/2024 15:00,70,Thai AirAsia,Economy,660,380,N/A,236,Y,N,N,1,7,0,0
Wattay International Airport,VTE,15/07/2024 20:30,Suvarnabhumi Airport,BKK,15/07/2024 21:55,85,THAI,Economy,855,570,TRUE,269,Y,Y,Y,1,7,2,23
Wattay International Airport,VTE,15/07/2024 23:50,Incheon International Airport,ICN,16/07/2024 7:20,330,Jeju Air,Economy,1290,710,N/A,228,Y,Y,Y,1,10,1,15
Wattay International Airport,VTE,15/07/2024 23:20,Shanghai Pudong International Airport,PVG,16/07/2024 4:30,250,China Eastern,Economy,1785,1310,TRUE,337,Y,Y,Y,1,8,2,23
Wattay International Airport,VTE,15/07/2024 13:40,Suvarnabhumi Airport,BKK,15/07/2024 15:00,80,THAI,Economy,480,190,N/A,766,Y,Y,Y,1,7,2,23
Wattay International Airport,VTE,15/07/2024 20:30,Suvarnabhumi Airport,BKK,15/07/2024 21:55,85,THAI,Economy,515,225,N/A,766,Y,Y,Y,1,7,2,23
Wattay International Airport,VTE,15/07/2024 23:20,Shanghai Pudong International Airport,PVG,16/07/2024 4:30,250,China Eastern,Economy,1170,690,TRUE,1682,Y,Y,Y,1,8,2,23
Wattay International Airport,VTE,15/07/2024 20:00,Noi Bai International Airport,HAN,15/07/2024 21:25,85,Vietnam Airlines,Economy,440,160,N/A,N/A,Y,Y,Y,1,10,1,23
Wattay International Airport,VTE,16/07/2024 8:05,Don Mueang International Airport,DMK,16/07/2024 9:25,80,Thai AirAsia,Economy,470,175,N/A,207,Y,N,N,1,7,0,0
Wattay International Airport,VTE,16/07/2024 9:20,Kuala Lumpur International Airport,KUL,16/07/2024 13:10,170,AirAsia,Economy,710,290,N/A,210,Y,N,N,1,7,0,0
Wattay International Airport,VTE,16/07/2024 12:55,Singapore Changi Airport,SIN,16/07/2024 17:05,190,Scoot,Economy,545,140,N/A,316,Y,N,N,1,7,0,0
Wattay International Airport,VTE,16/07/2024 13:50,Don Mueang International Airport,DMK,16/07/2024 15:00,70,Thai AirAsia,Economy,985,710,TRUE,177,Y,N,N,1,7,0,0
Wattay International Airport,VTE,16/07/2024 9:20,Kuala Lumpur International Airport,KUL,16/07/2024 13:10,170,AirAsia,Economy,925,515,N/A,202,Y,N,N,1,7,0,0
Wattay International Airport,VTE,16/07/2024 13:50,Don Mueang International Airport,DMK,16/07/2024 15:00,70,Thai AirAsia,Economy,660,380,N/A,236,Y,N,N,1,7,0,0
Wattay International Airport,VTE,16/07/2024 23:50,Incheon International Airport,ICN,17/07/2024 7:20,330,Jeju Air,Economy,1290,710,N/A,260,Y,Y,Y,1,10,1,15
Wattay International Airport,VTE,16/07/2024 20:30,Suvarnabhumi Airport,BKK,16/07/2024 21:55,85,THAI,Economy,855,570,TRUE,269,Y,Y,Y,1,7,2,23
Wattay International Airport,VTE,17/07/2024 13:50,Don Mueang International Airport,DMK,17/07/2024 15:00,70,Thai AirAsia,Economy,660,380,N/A,206,Y,N,N,1,7,0,0
Wattay International Airport,VTE,17/07/2024 8:05,Don Mueang International Airport,DMK,17/07/2024 9:25,80,Thai AirAsia,Economy,470,175,N/A,236,Y,N,N,1,7,0,0
Wattay International Airport,VTE,17/07/2024 20:30,Suvarnabhumi Airport,BKK,17/07/2024 21:55,85,THAI,Economy,855,570,TRUE,269,Y,Y,Y,1,7,2,23
Wattay International Airport,VTE,17/07/2024 23:50,Incheon International Airport,ICN,18/07/2024 7:20,330,Jeju Air,Economy,1290,710,N/A,298,Y,Y,Y,1,10,1,15
Wattay International Airport,VTE,17/07/2024 23:20,Shanghai Pudong International Airport,PVG,18/07/2024 4:30,250,China Eastern,Economy,1500,1025,TRUE,337,Y,Y,Y,1,8,2,23
Wattay International Airport,VTE,17/07/2024 13:40,Suvarnabhumi Airport,BKK,17/07/2024 15:00,80,THAI,Economy,480,190,N/A,766,Y,Y,Y,1,7,2,23
Wattay International Airport,VTE,17/07/2024 20:30,Suvarnabhumi Airport,BKK,17/07/2024 21:55,85,THAI,Economy,1225,935,TRUE,787,Y,Y,Y,1,7,2,23
Wattay International Airport,VTE,17/07/2024 23:20,Shanghai Pudong International Airport,PVG,18/07/2024 4:30,250,China Eastern,Economy,1170,690,TRUE,1682,Y,Y,Y,1,8,2,23
Wattay International Airport,VTE,17/07/2024 19:10,Guangzhou Baiyun International Airport,CAN,17/07/2024 22:25,135,China Southern,Economy,865,585,TRUE,3110,Y,Y,Y,1,8,1,23
Wattay International Airport,VTE,17/07/2024 20:00,Noi Bai International Airport,HAN,17/07/2024 21:25,85,Vietnam Airlines,Economy,440,160,N/A,N/A,Y,Y,Y,1,10,1,23
Wattay International Airport,VTE,18/07/2024 8:05,Don Mueang International Airport,DMK,18/07/2024 9:25,80,Thai AirAsia,Economy,470,175,N/A,192,Y,N,N,1,7,0,0
Wattay International Airport,VTE,18/07/2024 13:50,Don Mueang International Airport,DMK,18/07/2024 15:00,70,Thai AirAsia,Economy,660,380,N/A,207,Y,N,N,1,7,0,0
Wattay International Airport,VTE,18/07/2024 20:30,Suvarnabhumi Airport,BKK,18/07/2024 21:55,85,THAI,Economy,855,570,TRUE,269,Y,Y,Y,1,7,2,23
Wattay International Airport,VTE,18/07/2024 23:50,Incheon International Airport,ICN,19/07/2024 7:20,330,Jeju Air,Economy,1290,710,N/A,228,Y,Y,Y,1,10,1,15
Wattay International Airport,VTE,18/07/2024 23:20,Shanghai Pudong International Airport,PVG,19/07/2024 4:30,250,China Eastern,Economy,1500,1025,TRUE,337,Y,Y,Y,1,8,2,23
Wattay International Airport,VTE,18/07/2024 13:40,Suvarnabhumi Airport,BKK,18/07/2024 15:00,80,THAI,Economy,480,190,N/A,766,Y,Y,Y,1,7,2,23
Wattay International Airport,VTE,18/07/2024 20:30,Suvarnabhumi Airport,BKK,18/07/2024 21:55,85,THAI,Economy,1225,935,TRUE,787,Y,Y,Y,1,7,2,23
Wattay International Airport,VTE,18/07/2024 23:20,Shanghai Pudong International Airport,PVG,19/07/2024 4:30,250,China Eastern,Economy,1170,690,TRUE,1660,Y,Y,Y,1,8,2,23
Wattay International Airport,VTE,18/07/2024 20:00,Noi Bai International Airport,HAN,18/07/2024 21:25,85,Vietnam Airlines,Economy,1880,1600,N/A,N/A,Y,Y,Y,1,10,1,23
Wattay International Airport,VTE,19/07/2024 8:05,Don Mueang International Airport,DMK,19/07/2024 9:25,80,Thai AirAsia,Economy,470,175,N/A,177,Y,N,N,1,7,0,0
Wattay International Airport,VTE,19/07/2024 13:50,Don Mueang International Airport,DMK,19/07/2024 15:00,70,Thai AirAsia,Economy,985,710,TRUE,177,Y,N,N,1,7,0,0
Wattay International Airport,VTE,19/07/2024 13:50,Don Mueang International Airport,DMK,19/07/2024 15:00,70,Thai AirAsia,Economy,660,380,N/A,192,Y,N,N,1,7,0,0
Wattay International Airport,VTE,19/07/2024 20:30,Suvarnabhumi Airport,BKK,19/07/2024 21:55,85,THAI,Economy,855,570,TRUE,269,Y,Y,Y,1,7,2,23
Wattay International Airport,VTE,19/07/2024 23:20,Shanghai Pudong International Airport,PVG,20/07/2024 4:30,250,China Eastern,Economy,1500,1025,TRUE,337,Y,Y,Y,1,8,2,23
Wattay International Airport,VTE,19/07/2024 23:50,Incheon International Airport,ICN,20/07/2024 7:20,330,Jeju Air,Economy,1290,710,N/A,415,Y,Y,Y,1,10,1,15
Wattay International Airport,VTE,19/07/2024 13:40,Suvarnabhumi Airport,BKK,19/07/2024 15:00,80,THAI,Economy,480,190,N/A,766,Y,Y,Y,1,7,2,23
Wattay International Airport,VTE,19/07/2024 20:30,Suvarnabhumi Airport,BKK,19/07/2024 21:55,85,THAI,Economy,1225,935,TRUE,787,Y,Y,Y,1,7,2,23
Wattay International Airport,VTE,19/07/2024 19:10,Guangzhou Baiyun International Airport,CAN,19/07/2024 22:25,135,China Southern,Economy,865,585,TRUE,3110,Y,Y,Y,1,8,1,23
Wattay International Airport,VTE,19/07/2024 20:00,Noi Bai International Airport,HAN,19/07/2024 21:25,85,Vietnam Airlines,Economy,440,160,N/A,N/A,Y,Y,Y,1,10,1,23
Wattay International Airport,VTE,20/07/2024 9:20,Kuala Lumpur International Airport,KUL,20/07/2024 13:10,170,AirAsia,Economy,710,290,N/A,144,Y,N,N,1,7,0,0
Wattay International Airport,VTE,20/07/2024 9:20,Kuala Lumpur International Airport,KUL,20/07/2024 13:10,170,AirAsia,Economy,940,520,N/A,144,Y,N,N,1,7,0,0
Wattay International Airport,VTE,20/07/2024 8:05,Don Mueang International Airport,DMK,20/07/2024 9:25,80,Thai AirAsia,Economy,470,175,N/A,207,Y,N,N,1,7,0,0
Wattay International Airport,VTE,20/07/2024 13:50,Don Mueang International Airport,DMK,20/07/2024 15:00,70,Thai AirAsia,Economy,660,380,N/A,207,Y,N,N,1,7,0,0
Wattay International Airport,VTE,20/07/2024 20:30,Suvarnabhumi Airport,BKK,20/07/2024 21:55,85,THAI,Economy,855,570,TRUE,269,Y,Y,Y,1,7,2,23
Wattay International Airport,VTE,20/07/2024 23:20,Shanghai Pudong International Airport,PVG,21/07/2024 4:30,250,China Eastern,Economy,1770,1310,TRUE,337,Y,Y,Y,1,8,2,23
Wattay International Airport,VTE,20/07/2024 23:50,Incheon International Airport,ICN,21/07/2024 7:20,330,Jeju Air,Economy,1290,710,N/A,370,Y,Y,Y,1,10,1,15
Wattay International Airport,VTE,20/07/2024 13:40,Suvarnabhumi Airport,BKK,20/07/2024 15:00,80,THAI,Economy,480,190,N/A,766,Y,Y,Y,1,7,2,23
Wattay International Airport,VTE,21/07/2024 8:05,Don Mueang International Airport,DMK,21/07/2024 9:25,80,Thai AirAsia,Economy,470,175,N/A,207,Y,N,N,1,7,0,0
Wattay International Airport,VTE,21/07/2024 13:50,Don Mueang International Airport,DMK,21/07/2024 15:00,70,Thai AirAsia,Economy,660,380,N/A,207,Y,N,N,1,7,0,0
Wattay International Airport,VTE,21/07/2024 20:30,Suvarnabhumi Airport,BKK,21/07/2024 21:55,85,THAI,Economy,855,570,TRUE,269,Y,Y,Y,1,7,2,23
Wattay International Airport,VTE,21/07/2024 13:50,Don Mueang International Airport,DMK,21/07/2024 15:00,70,Thai AirAsia,Economy,985,710,TRUE,192,Y,N,N,1,7,0,0
Wattay International Airport,VTE,21/07/2024 23:50,Incheon International Airport,ICN,22/07/2024 7:20,330,Jeju Air,Economy,1290,710,N/A,297,Y,Y,Y,1,10,1,15
Wattay International Airport,VTE,21/07/2024 23:20,Shanghai Pudong International Airport,PVG,22/07/2024 4:30,250,China Eastern,Economy,1500,1025,TRUE,337,Y,Y,Y,1,8,2,23
Wattay International Airport,VTE,21/07/2024 13:40,Suvarnabhumi Airport,BKK,21/07/2024 15:00,80,THAI,Economy,480,190,N/A,766,Y,Y,Y,1,7,2,23
Wattay International Airport,VTE,21/07/2024 20:30,Suvarnabhumi Airport,BKK,21/07/2024 21:55,85,THAI,Economy,1225,935,TRUE,787,Y,Y,Y,1,7,2,23
Wattay International Airport,VTE,21/07/2024 19:10,Guangzhou Baiyun International Airport,CAN,21/07/2024 22:25,135,China Southern,Economy,865,585,TRUE,3110,Y,Y,Y,1,8,1,23
Wattay International Airport,VTE,21/07/2024 20:00,Noi Bai International Airport,HAN,21/07/2024 21:25,85,Vietnam Airlines,Economy,565,260,N/A,N/A,Y,Y,Y,1,10,1,23
Wattay International Airport,VTE,22/07/2024 8:05,Don Mueang International Airport,DMK,22/07/2024 9:25,80,Thai AirAsia,Economy,470,175,N/A,192,Y,N,N,1,7,0,0
Wattay International Airport,VTE,22/07/2024 13:50,Don Mueang International Airport,DMK,22/07/2024 15:00,70,Thai AirAsia,Economy,660,380,N/A,223,Y,N,N,1,7,0,0
Wattay International Airport,VTE,22/07/2024 20:30,Suvarnabhumi Airport,BKK,22/07/2024 21:55,85,THAI,Economy,855,570,TRUE,269,Y,Y,Y,1,7,2,23
Wattay International Airport,VTE,22/07/2024 23:20,Shanghai Pudong International Airport,PVG,23/07/2024 4:30,250,China Eastern,Economy,1785,1310,TRUE,337,Y,Y,Y,1,8,2,23
Wattay International Airport,VTE,22/07/2024 23:50,Incheon International Airport,ICN,23/07/2024 7:20,330,Jeju Air,Economy,1290,710,N/A,337,Y,Y,Y,1,10,1,15
Wattay International Airport,VTE,22/07/2024 13:40,Suvarnabhumi Airport,BKK,22/07/2024 15:00,80,THAI,Economy,480,190,N/A,766,Y,Y,Y,1,7,2,23
Wattay International Airport,VTE,22/07/2024 20:30,Suvarnabhumi Airport,BKK,22/07/2024 21:55,85,THAI,Economy,515,225,N/A,766,Y,Y,Y,1,7,2,23
Wattay International Airport,VTE,22/07/2024 23:20,Shanghai Pudong International Airport,PVG,23/07/2024 4:30,250,China Eastern,Economy,1170,690,TRUE,1682,Y,Y,Y,1,8,2,23
Wattay International Airport,VTE,22/07/2024 20:00,Noi Bai International Airport,HAN,22/07/2024 21:25,85,Vietnam Airlines,Economy,440,160,N/A,N/A,Y,Y,Y,1,10,1,23
Wattay International Airport,VTE,23/07/2024 9:20,Kuala Lumpur International Airport,KUL,23/07/2024 13:10,170,AirAsia,Economy,925,515,N/A,144,Y,N,N,1,7,0,0
Wattay International Airport,VTE,23/07/2024 8:05,Don Mueang International Airport,DMK,23/07/2024 9:25,80,Thai AirAsia,Economy,470,175,N/A,192,Y,N,N,1,7,0,0
Wattay International Airport,VTE,23/07/2024 9:20,Kuala Lumpur International Airport,KUL,23/07/2024 13:10,170,AirAsia,Economy,710,290,N/A,196,Y,N,N,1,7,0,0
Wattay International Airport,VTE,23/07/2024 13:50,Don Mueang International Airport,DMK,23/07/2024 15:00,70,Thai AirAsia,Economy,985,710,TRUE,177,Y,N,N,1,7,0,0
Wattay International Airport,VTE,23/07/2024 13:50,Don Mueang International Airport,DMK,23/07/2024 15:00,70,Thai AirAsia,Economy,660,380,N/A,250,Y,N,N,1,7,0,0
Wattay International Airport,VTE,23/07/2024 20:30,Suvarnabhumi Airport,BKK,23/07/2024 21:55,85,THAI,Economy,855,570,TRUE,269,Y,Y,Y,1,7,2,23
Wattay International Airport,VTE,23/07/2024 23:50,Incheon International Airport,ICN,24/07/2024 7:20,330,Jeju Air,Economy,1290,710,N/A,293,Y,Y,Y,1,10,1,15
Wattay International Airport,VTE,23/07/2024 12:55,Singapore Changi Airport,SIN,23/07/2024 17:05,190,Scoot,Economy,545,140,N/A,316,Y,N,N,1,7,0,0
Wattay International Airport,VTE,24/07/2024 8:05,Don Mueang International Airport,DMK,24/07/2024 9:25,80,Thai AirAsia,Economy,470,175,N/A,192,Y,N,N,1,7,0,0
Wattay International Airport,VTE,24/07/2024 13:50,Don Mueang International Airport,DMK,24/07/2024 15:00,70,Thai AirAsia,Economy,660,380,N/A,207,Y,N,N,1,7,0,0
Wattay International Airport,VTE,24/07/2024 20:30,Suvarnabhumi Airport,BKK,24/07/2024 21:55,85,THAI,Economy,855,570,TRUE,269,Y,Y,Y,1,7,2,23
Wattay International Airport,VTE,24/07/2024 23:50,Incheon International Airport,ICN,25/07/2024 7:20,330,Jeju Air,Economy,1290,710,N/A,334,Y,Y,Y,1,10,1,15
Wattay International Airport,VTE,24/07/2024 23:20,Shanghai Pudong International Airport,PVG,25/07/2024 4:30,250,China Eastern,Economy,1500,1025,TRUE,337,Y,Y,Y,1,8,2,23
Wattay International Airport,VTE,24/07/2024 13:40,Suvarnabhumi Airport,BKK,24/07/2024 15:00,80,THAI,Economy,480,190,N/A,766,Y,Y,Y,1,7,2,23
Wattay International Airport,VTE,24/07/2024 20:30,Suvarnabhumi Airport,BKK,24/07/2024 21:55,85,THAI,Economy,1225,935,TRUE,787,Y,Y,Y,1,7,2,23
Wattay International Airport,VTE,24/07/2024 23:20,Shanghai Pudong International Airport,PVG,25/07/2024 4:30,250,China Eastern,Economy,1170,690,TRUE,1682,Y,Y,Y,1,8,2,23
Wattay International Airport,VTE,24/07/2024 19:10,Guangzhou Baiyun International Airport,CAN,24/07/2024 22:25,135,China Southern,Economy,865,585,TRUE,3110,Y,Y,Y,1,8,1,23
Wattay International Airport,VTE,24/07/2024 20:00,Noi Bai International Airport,HAN,24/07/2024 21:25,85,Vietnam Airlines,Economy,440,160,N/A,N/A,Y,Y,Y,1,10,1,23
Wattay International Airport,VTE,25/07/2024 8:05,Don Mueang International Airport,DMK,25/07/2024 9:25,80,Thai AirAsia,Economy,470,175,N/A,207,Y,N,N,1,7,0,0
Wattay International Airport,VTE,25/07/2024 13:50,Don Mueang International Airport,DMK,25/07/2024 15:00,70,Thai AirAsia,Economy,660,380,N/A,207,Y,N,N,1,7,0,0
Wattay International Airport,VTE,25/07/2024 20:30,Suvarnabhumi Airport,BKK,25/07/2024 21:55,85,THAI,Economy,855,570,TRUE,269,Y,Y,Y,1,7,2,23
Wattay International Airport,VTE,25/07/2024 23:20,Shanghai Pudong International Airport,PVG,26/07/2024 4:30,250,China Eastern,Economy,1500,1025,TRUE,337,Y,Y,Y,1,8,2,23
Wattay International Airport,VTE,25/07/2024 23:50,Incheon International Airport,ICN,26/07/2024 7:20,330,Jeju Air,Economy,1290,710,N/A,344,Y,Y,Y,1,10,1,15
Wattay International Airport,VTE,25/07/2024 13:40,Suvarnabhumi Airport,BKK,25/07/2024 15:00,80,THAI,Economy,480,190,N/A,766,Y,Y,Y,1,7,2,23
Wattay International Airport,VTE,25/07/2024 20:30,Suvarnabhumi Airport,BKK,25/07/2024 21:55,85,THAI,Economy,1225,935,TRUE,787,Y,Y,Y,1,7,2,23
Wattay International Airport,VTE,25/07/2024 23:20,Shanghai Pudong International Airport,PVG,26/07/2024 4:30,250,China Eastern,Economy,1170,690,TRUE,1682,Y,Y,Y,1,8,2,23
Wattay International Airport,VTE,25/07/2024 20:00,Noi Bai International Airport,HAN,25/07/2024 21:25,85,Vietnam Airlines,Economy,1880,1600,N/A,N/A,Y,Y,Y,1,10,1,23
Wattay International Airport,VTE,26/07/2024 13:50,Don Mueang International Airport,DMK,26/07/2024 15:00,70,Thai AirAsia,Economy,985,710,TRUE,177,Y,N,N,1,7,0,0
Wattay International Airport,VTE,26/07/2024 8:05,Don Mueang International Airport,DMK,26/07/2024 9:25,80,Thai AirAsia,Economy,470,175,N/A,207,Y,N,N,1,7,0,0
Wattay International Airport,VTE,26/07/2024 13:50,Don Mueang International Airport,DMK,26/07/2024 15:00,70,Thai AirAsia,Economy,660,380,N/A,207,Y,N,N,1,7,0,0
Wattay International Airport,VTE,26/07/2024 20:30,Suvarnabhumi Airport,BKK,26/07/2024 21:55,85,THAI,Economy,855,570,TRUE,269,Y,Y,Y,1,7,2,23
Wattay International Airport,VTE,26/07/2024 23:20,Shanghai Pudong International Airport,PVG,27/07/2024 4:30,250,China Eastern,Economy,1500,1025,TRUE,337,Y,Y,Y,1,8,2,23
Wattay International Airport,VTE,26/07/2024 23:50,Incheon International Airport,ICN,27/07/2024 7:20,330,Jeju Air,Economy,1290,710,N/A,422,Y,Y,Y,1,10,1,15
Wattay International Airport,VTE,26/07/2024 13:40,Suvarnabhumi Airport,BKK,26/07/2024 15:00,80,THAI,Economy,480,190,N/A,766,Y,Y,Y,1,7,2,23
Wattay International Airport,VTE,26/07/2024 20:30,Suvarnabhumi Airport,BKK,26/07/2024 21:55,85,THAI,Economy,1225,935,TRUE,787,Y,Y,Y,1,7,2,23
Wattay International Airport,VTE,26/07/2024 19:10,Guangzhou Baiyun International Airport,CAN,26/07/2024 22:25,135,China Southern,Economy,865,585,TRUE,3110,Y,Y,Y,1,8,1,23
Wattay International Airport,VTE,26/07/2024 20:00,Noi Bai International Airport,HAN,26/07/2024 21:25,85,Vietnam Airlines,Economy,440,160,N/A,N/A,Y,Y,Y,1,10,1,23
Wattay International Airport,VTE,27/07/2024 9:20,Kuala Lumpur International Airport,KUL,27/07/2024 13:10,170,AirAsia,Economy,710,290,N/A,144,Y,N,N,1,7,0,0
Wattay International Airport,VTE,27/07/2024 9:20,Kuala Lumpur International Airport,KUL,27/07/2024 13:10,170,AirAsia,Economy,940,520,N/A,144,Y,N,N,1,7,0,0
Wattay International Airport,VTE,27/07/2024 8:05,Don Mueang International Airport,DMK,27/07/2024 9:25,80,Thai AirAsia,Economy,470,175,N/A,192,Y,N,N,1,7,0,0
Wattay International Airport,VTE,27/07/2024 13:50,Don Mueang International Airport,DMK,27/07/2024 15:00,70,Thai AirAsia,Economy,660,380,N/A,207,Y,N,N,1,7,0,0
Wattay International Airport,VTE,27/07/2024 20:30,Suvarnabhumi Airport,BKK,27/07/2024 21:55,85,THAI,Economy,855,570,TRUE,269,Y,Y,Y,1,7,2,23
Wattay International Airport,VTE,27/07/2024 12:55,Singapore Changi Airport,SIN,27/07/2024 17:05,190,Scoot,Economy,545,140,N/A,316,Y,N,N,1,7,0,0
Wattay International Airport,VTE,27/07/2024 23:20,Shanghai Pudong International Airport,PVG,28/07/2024 4:30,250,China Eastern,Economy,1770,1310,TRUE,337,Y,Y,Y,1,8,2,23
Wattay International Airport,VTE,27/07/2024 23:50,Incheon International Airport,ICN,28/07/2024 7:20,330,Jeju Air,Economy,1290,710,N/A,388,Y,Y,Y,1,10,1,15
Wattay International Airport,VTE,28/07/2024 8:05,Don Mueang International Airport,DMK,28/07/2024 9:25,80,Thai AirAsia,Economy,470,175,N/A,207,Y,N,N,1,7,0,0
Wattay International Airport,VTE,28/07/2024 13:50,Don Mueang International Airport,DMK,28/07/2024 15:00,70,Thai AirAsia,Economy,660,380,N/A,207,Y,N,N,1,7,0,0
Wattay International Airport,VTE,28/07/2024 20:30,Suvarnabhumi Airport,BKK,28/07/2024 21:55,85,THAI,Economy,855,570,TRUE,269,Y,Y,Y,1,7,2,23
Wattay International Airport,VTE,28/07/2024 13:50,Don Mueang International Airport,DMK,28/07/2024 15:00,70,Thai AirAsia,Economy,985,710,TRUE,192,Y,N,N,1,7,0,0
Wattay International Airport,VTE,28/07/2024 23:50,Incheon International Airport,ICN,29/07/2024 7:20,330,Jeju Air,Economy,1290,710,N/A,333,Y,Y,Y,1,10,1,15
Wattay International Airport,VTE,28/07/2024 23:20,Shanghai Pudong International Airport,PVG,29/07/2024 4:30,250,China Eastern,Economy,1500,1025,TRUE,337,Y,Y,Y,1,8,2,23
Wattay International Airport,VTE,28/07/2024 13:40,Suvarnabhumi Airport,BKK,28/07/2024 15:00,80,THAI,Economy,480,190,N/A,766,Y,Y,Y,1,7,2,23
Wattay International Airport,VTE,28/07/2024 20:30,Suvarnabhumi Airport,BKK,28/07/2024 21:55,85,THAI,Economy,1225,935,TRUE,787,Y,Y,Y,1,7,2,23
Wattay International Airport,VTE,28/07/2024 19:10,Guangzhou Baiyun International Airport,CAN,28/07/2024 22:25,135,China Southern,Economy,865,585,TRUE,3110,Y,Y,Y,1,8,1,23
Wattay International Airport,VTE,28/07/2024 20:00,Noi Bai International Airport,HAN,28/07/2024 21:25,85,Vietnam Airlines,Economy,565,260,N/A,N/A,Y,Y,Y,1,10,1,23
Wattay International Airport,VTE,29/07/2024 8:05,Don Mueang International Airport,DMK,29/07/2024 9:25,80,Thai AirAsia,Economy,470,175,N/A,207,Y,N,N,1,7,0,0
Wattay International Airport,VTE,29/07/2024 13:50,Don Mueang International Airport,DMK,29/07/2024 15:00,70,Thai AirAsia,Economy,660,380,N/A,207,Y,N,N,1,7,0,0
Wattay International Airport,VTE,29/07/2024 20:30,Suvarnabhumi Airport,BKK,29/07/2024 21:55,85,THAI,Economy,855,570,TRUE,269,Y,Y,Y,1,7,2,23
Wattay International Airport,VTE,29/07/2024 23:20,Shanghai Pudong International Airport,PVG,30/07/2024 4:30,250,China Eastern,Economy,1785,1310,TRUE,337,Y,Y,Y,1,8,2,23
Wattay International Airport,VTE,29/07/2024 23:50,Incheon International Airport,ICN,30/07/2024 7:20,330,Jeju Air,Economy,1290,710,N/A,339,Y,Y,Y,1,10,1,15
Wattay International Airport,VTE,29/07/2024 13:40,Suvarnabhumi Airport,BKK,29/07/2024 15:00,80,THAI,Economy,480,190,N/A,766,Y,Y,Y,1,7,2,23
Wattay International Airport,VTE,30/07/2024 9:20,Kuala Lumpur International Airport,KUL,30/07/2024 13:10,170,AirAsia,Economy,710,290,N/A,144,Y,N,N,1,7,0,0
Wattay International Airport,VTE,30/07/2024 9:20,Kuala Lumpur International Airport,KUL,30/07/2024 13:10,170,AirAsia,Economy,925,515,N/A,144,Y,N,N,1,7,0,0
Wattay International Airport,VTE,30/07/2024 8:05,Don Mueang International Airport,DMK,30/07/2024 9:25,80,Thai AirAsia,Economy,470,175,N/A,207,Y,N,N,1,7,0,0
Wattay International Airport,VTE,30/07/2024 13:50,Don Mueang International Airport,DMK,30/07/2024 15:00,70,Thai AirAsia,Economy,660,380,N/A,177,Y,N,N,1,7,0,0
Wattay International Airport,VTE,30/07/2024 20:30,Suvarnabhumi Airport,BKK,30/07/2024 21:55,85,THAI,Economy,855,570,TRUE,269,Y,Y,Y,1,7,2,23
Wattay International Airport,VTE,30/07/2024 12:55,Singapore Changi Airport,SIN,30/07/2024 17:05,190,Scoot,Economy,545,140,N/A,316,Y,N,N,1,7,0,0
Wattay International Airport,VTE,30/07/2024 23:20,Shanghai Pudong International Airport,PVG,31/07/2024 4:30,250,China Eastern,Economy,1500,1025,TRUE,337,Y,Y,Y,1,8,2,23
Wattay International Airport,VTE,30/07/2024 23:50,Incheon International Airport,ICN,31/07/2024 7:20,330,Jeju Air,Economy,1290,710,N/A,596,Y,Y,Y,1,10,1,15
Wattay International Airport,VTE,30/07/2024 13:40,Suvarnabhumi Airport,BKK,30/07/2024 15:00,80,THAI,Economy,480,190,N/A,766,Y,Y,Y,1,7,2,23
Wattay International Airport,VTE,31/07/2024 8:05,Don Mueang International Airport,DMK,31/07/2024 9:25,80,Thai AirAsia,Economy,470,175,N/A,192,Y,N,N,1,7,0,0
Wattay International Airport,VTE,31/07/2024 13:50,Don Mueang International Airport,DMK,31/07/2024 15:00,70,Thai AirAsia,Economy,660,380,N/A,207,Y,N,N,1,7,0,0
Wattay International Airport,VTE,31/07/2024 20:30,Suvarnabhumi Airport,BKK,31/07/2024 21:55,85,THAI,Economy,855,570,TRUE,269,Y,Y,Y,1,7,2,23
Wattay International Airport,VTE,31/07/2024 23:20,Shanghai Pudong International Airport,PVG,01/08/2024 4:30,250,China Eastern,Economy,1500,1025,TRUE,337,Y,Y,Y,1,8,2,23
Wattay International Airport,VTE,31/07/2024 23:50,Incheon International Airport,ICN,01/08/2024 7:20,330,Jeju Air,Economy,1290,710,N/A,351,Y,Y,Y,1,10,1,15
Wattay International Airport,VTE,31/07/2024 13:40,Suvarnabhumi Airport,BKK,31/07/2024 15:00,80,THAI,Economy,480,190,N/A,766,Y,Y,Y,1,7,2,23
Wattay International Airport,VTE,31/07/2024 20:30,Suvarnabhumi Airport,BKK,31/07/2024 21:55,85,THAI,Economy,1225,935,TRUE,787,Y,Y,Y,1,7,2,23
Wattay International Airport,VTE,31/07/2024 23:20,Shanghai Pudong International Airport,PVG,01/08/2024 4:30,250,China Eastern,Economy,1170,690,TRUE,1682,Y,Y,Y,1,8,2,23
Wattay International Airport,VTE,31/07/2024 19:10,Guangzhou Baiyun International Airport,CAN,31/07/2024 22:25,135,China Southern,Economy,865,585,TRUE,3110,Y,Y,Y,1,8,1,23
Wattay International Airport,VTE,31/07/2024 20:00,Noi Bai International Airport,HAN,31/07/2024 21:25,85,Vietnam Airlines,Economy,440,160,N/A,N/A,Y,Y,Y,1,10,1,23
Wattay International Airport,VTE,01/08/2024 8:05,Don Mueang International Airport,DMK,01/08/2024 9:25,80,Thai AirAsia,Economy,470,175,N/A,195,Y,N,N,1,7,0,0
Wattay International Airport,VTE,01/08/2024 13:50,Don Mueang International Airport,DMK,01/08/2024 15:00,70,Thai AirAsia,Economy,660,380,N/A,239,Y,N,N,1,7,0,0
Wattay International Airport,VTE,01/08/2024 20:30,Suvarnabhumi Airport,BKK,01/08/2024 21:55,85,THAI,Economy,855,570,TRUE,297,Y,Y,Y,1,7,2,23
Wattay International Airport,VTE,01/08/2024 12:55,Singapore Changi Airport,SIN,01/08/2024 17:05,190,Scoot,Economy,545,140,N/A,317,Y,N,N,1,7,0,0
Wattay International Airport,VTE,01/08/2024 23:20,Shanghai Pudong International Airport,PVG,02/08/2024 4:30,250,China Eastern,Economy,1500,1025,TRUE,345,Y,Y,Y,1,8,2,23
Wattay International Airport,VTE,01/08/2024 23:50,Incheon International Airport,ICN,02/08/2024 7:20,330,Jeju Air,Economy,1290,710,N/A,465,Y,Y,Y,1,10,1,15
Wattay International Airport,VTE,01/08/2024 13:30,Suvarnabhumi Airport,BKK,01/08/2024 14:50,80,THAI,Economy,765,480,N/A,770,Y,Y,Y,1,7,2,23
Wattay International Airport,VTE,01/08/2024 20:30,Suvarnabhumi Airport,BKK,01/08/2024 21:55,85,THAI,Economy,1225,935,TRUE,791,Y,Y,Y,1,7,2,23
Wattay International Airport,VTE,02/08/2024 8:05,Don Mueang International Airport,DMK,02/08/2024 9:25,80,Thai AirAsia,Economy,470,175,N/A,194,Y,N,N,1,7,0,0
Wattay International Airport,VTE,02/08/2024 13:50,Don Mueang International Airport,DMK,02/08/2024 15:00,70,Thai AirAsia,Economy,985,710,TRUE,199,Y,N,N,1,7,0,0
Wattay International Airport,VTE,02/08/2024 13:50,Don Mueang International Airport,DMK,02/08/2024 15:00,70,Thai AirAsia,Economy,660,380,N/A,239,Y,N,N,1,7,0,0
Wattay International Airport,VTE,02/08/2024 20:30,Suvarnabhumi Airport,BKK,02/08/2024 21:55,85,THAI,Economy,855,570,TRUE,297,Y,Y,Y,1,7,2,23
Wattay International Airport,VTE,02/08/2024 23:20,Shanghai Pudong International Airport,PVG,03/08/2024 4:30,250,China Eastern,Economy,1500,1025,TRUE,338,Y,Y,Y,1,8,2,23
Wattay International Airport,VTE,02/08/2024 23:50,Incheon International Airport,ICN,03/08/2024 7:20,330,Jeju Air,Economy,1290,710,N/A,712,Y,Y,Y,1,10,1,15
Wattay International Airport,VTE,02/08/2024 13:30,Suvarnabhumi Airport,BKK,02/08/2024 14:50,80,THAI,Economy,490,200,N/A,770,Y,Y,Y,1,7,2,23
Wattay International Airport,VTE,02/08/2024 20:30,Suvarnabhumi Airport,BKK,02/08/2024 21:55,85,THAI,Economy,1225,935,TRUE,791,Y,Y,Y,1,7,2,23
Wattay International Airport,VTE,02/08/2024 19:10,Guangzhou Baiyun International Airport,CAN,02/08/2024 22:25,135,China Southern,Economy,865,585,TRUE,3097,Y,Y,Y,1,8,1,23
Wattay International Airport,VTE,02/08/2024 20:00,Noi Bai International Airport,HAN,02/08/2024 21:25,85,Vietnam Airlines,Economy,440,160,N/A,N/A,Y,Y,Y,1,10,1,23
Wattay International Airport,VTE,03/08/2024 9:20,Kuala Lumpur International Airport,KUL,03/08/2024 13:10,170,AirAsia,Economy,940,520,N/A,144,Y,N,N,1,7,0,0
Wattay International Airport,VTE,03/08/2024 8:05,Don Mueang International Airport,DMK,03/08/2024 9:25,80,Thai AirAsia,Economy,470,175,N/A,194,Y,N,N,1,7,0,0
Wattay International Airport,VTE,03/08/2024 9:20,Kuala Lumpur International Airport,KUL,03/08/2024 13:10,170,AirAsia,Economy,710,290,N/A,201,Y,N,N,1,7,0,0
Wattay International Airport,VTE,03/08/2024 13:50,Don Mueang International Airport,DMK,03/08/2024 15:00,70,Thai AirAsia,Economy,660,380,N/A,199,Y,N,N,1,7,0,0
Wattay International Airport,VTE,03/08/2024 20:30,Suvarnabhumi Airport,BKK,03/08/2024 21:55,85,THAI,Economy,855,570,TRUE,297,Y,Y,Y,1,7,2,23
Wattay International Airport,VTE,03/08/2024 12:55,Singapore Changi Airport,SIN,03/08/2024 17:05,190,Scoot,Economy,545,140,N/A,317,Y,N,N,1,7,0,0
Wattay International Airport,VTE,03/08/2024 23:20,Shanghai Pudong International Airport,PVG,04/08/2024 4:30,250,China Eastern,Economy,1770,1310,TRUE,338,Y,Y,Y,1,8,2,23
Wattay International Airport,VTE,03/08/2024 23:50,Incheon International Airport,ICN,04/08/2024 7:20,330,Jeju Air,Economy,1290,710,N/A,547,Y,Y,Y,1,10,1,15
Wattay International Airport,VTE,03/08/2024 13:30,Suvarnabhumi Airport,BKK,03/08/2024 14:50,80,THAI,Economy,490,200,N/A,770,Y,Y,Y,1,7,2,23
Wattay International Airport,VTE,04/08/2024 8:05,Don Mueang International Airport,DMK,04/08/2024 9:25,80,Thai AirAsia,Economy,470,175,N/A,194,Y,N,N,1,7,0,0
Wattay International Airport,VTE,04/08/2024 20:30,Suvarnabhumi Airport,BKK,04/08/2024 21:55,85,THAI,Economy,855,570,TRUE,297,Y,Y,Y,1,7,2,23
Wattay International Airport,VTE,04/08/2024 13:50,Don Mueang International Airport,DMK,04/08/2024 15:00,70,Thai AirAsia,Economy,985,710,TRUE,199,Y,N,N,1,7,0,0
Wattay International Airport,VTE,04/08/2024 13:50,Don Mueang International Airport,DMK,04/08/2024 15:00,70,Thai AirAsia,Economy,660,380,N/A,239,Y,N,N,1,7,0,0
Wattay International Airport,VTE,04/08/2024 23:20,Shanghai Pudong International Airport,PVG,05/08/2024 4:30,250,China Eastern,Economy,1500,1025,TRUE,338,Y,Y,Y,1,8,2,23
Wattay International Airport,VTE,04/08/2024 23:50,Incheon International Airport,ICN,05/08/2024 7:20,330,Jeju Air,Economy,1290,710,N/A,481,Y,Y,Y,1,10,1,15
Wattay International Airport,VTE,04/08/2024 13:30,Suvarnabhumi Airport,BKK,04/08/2024 14:50,80,THAI,Economy,490,200,N/A,770,Y,Y,Y,1,7,2,23
Wattay International Airport,VTE,04/08/2024 20:30,Suvarnabhumi Airport,BKK,04/08/2024 21:55,85,THAI,Economy,1225,935,TRUE,791,Y,Y,Y,1,7,2,23
Wattay International Airport,VTE,04/08/2024 19:10,Guangzhou Baiyun International Airport,CAN,04/08/2024 22:25,135,China Southern,Economy,865,585,TRUE,3097,Y,Y,Y,1,8,1,23
Wattay International Airport,VTE,05/08/2024 8:05,Don Mueang International Airport,DMK,05/08/2024 9:25,80,Thai AirAsia,Economy,1005,715,N/A,194,Y,N,N,1,7,0,0
Wattay International Airport,VTE,05/08/2024 13:50,Don Mueang International Airport,DMK,05/08/2024 15:00,70,Thai AirAsia,Economy,660,380,N/A,199,Y,N,N,1,7,0,0
Wattay International Airport,VTE,05/08/2024 8:05,Don Mueang International Airport,DMK,05/08/2024 9:25,80,Thai AirAsia,Economy,470,175,N/A,234,Y,N,N,1,7,0,0
Wattay International Airport,VTE,05/08/2024 20:30,Suvarnabhumi Airport,BKK,05/08/2024 21:55,85,THAI,Economy,855,570,TRUE,297,Y,Y,Y,1,7,2,23
Wattay International Airport,VTE,05/08/2024 23:20,Shanghai Pudong International Airport,PVG,06/08/2024 4:30,250,China Eastern,Economy,1785,1310,TRUE,338,Y,Y,Y,1,8,2,23
Wattay International Airport,VTE,05/08/2024 23:50,Incheon International Airport,ICN,06/08/2024 7:20,330,Jeju Air,Economy,1290,710,N/A,522,Y,Y,Y,1,10,1,15
Wattay International Airport,VTE,05/08/2024 13:30,Suvarnabhumi Airport,BKK,05/08/2024 14:50,80,THAI,Economy,490,200,N/A,770,Y,Y,Y,1,7,2,23
Wattay International Airport,VTE,05/08/2024 20:30,Suvarnabhumi Airport,BKK,05/08/2024 21:55,85,THAI,Economy,1225,935,TRUE,791,Y,Y,Y,1,7,2,23
Wattay International Airport,VTE,05/08/2024 20:00,Noi Bai International Airport,HAN,05/08/2024 21:25,85,Vietnam Airlines,Economy,440,160,N/A,N/A,Y,Y,Y,1,10,1,23
Wattay International Airport,VTE,06/08/2024 8:05,Don Mueang International Airport,DMK,06/08/2024 9:25,80,Thai AirAsia,Economy,470,175,N/A,194,Y,N,N,1,7,0,0
Wattay International Airport,VTE,06/08/2024 9:20,Kuala Lumpur International Airport,KUL,06/08/2024 13:10,170,AirAsia,Economy,710,290,N/A,201,Y,N,N,1,7,0,0
Wattay International Airport,VTE,06/08/2024 12:55,Singapore Changi Airport,SIN,06/08/2024 17:05,190,Scoot,Economy,545,140,N/A,317,Y,N,N,1,7,0,0
Wattay International Airport,VTE,06/08/2024 13:50,Don Mueang International Airport,DMK,06/08/2024 15:00,70,Thai AirAsia,Economy,985,710,TRUE,188,Y,N,N,1,7,0,0
Wattay International Airport,VTE,06/08/2024 9:20,Kuala Lumpur International Airport,KUL,06/08/2024 13:10,170,AirAsia,Economy,925,515,N/A,201,Y,N,N,1,7,0,0
Wattay International Airport,VTE,06/08/2024 13:50,Don Mueang International Airport,DMK,06/08/2024 15:00,70,Thai AirAsia,Economy,660,380,N/A,209,Y,N,N,1,7,0,0
Wattay International Airport,VTE,06/08/2024 20:30,Suvarnabhumi Airport,BKK,06/08/2024 21:55,85,THAI,Economy,855,570,TRUE,297,Y,Y,Y,1,7,2,23
Wattay International Airport,VTE,06/08/2024 23:20,Shanghai Pudong International Airport,PVG,07/08/2024 4:30,250,China Eastern,Economy,1500,1025,TRUE,338,Y,Y,Y,1,8,2,23
Wattay International Airport,VTE,06/08/2024 23:50,Incheon International Airport,ICN,07/08/2024 7:20,330,Jeju Air,Economy,1290,710,N/A,492,Y,Y,Y,1,10,1,15
Wattay International Airport,VTE,07/08/2024 8:05,Don Mueang International Airport,DMK,07/08/2024 9:25,80,Thai AirAsia,Economy,470,175,N/A,194,Y,N,N,1,7,0,0
Wattay International Airport,VTE,07/08/2024 13:50,Don Mueang International Airport,DMK,07/08/2024 15:00,70,Thai AirAsia,Economy,660,380,N/A,199,Y,N,N,1,7,0,0
Wattay International Airport,VTE,07/08/2024 20:30,Suvarnabhumi Airport,BKK,07/08/2024 21:55,85,THAI,Economy,855,570,TRUE,297,Y,Y,Y,1,7,2,23
Wattay International Airport,VTE,07/08/2024 23:50,Incheon International Airport,ICN,08/08/2024 7:20,330,Jeju Air,Economy,1290,710,N/A,337,Y,Y,Y,1,10,1,15
Wattay International Airport,VTE,07/08/2024 23:20,Shanghai Pudong International Airport,PVG,08/08/2024 4:30,250,China Eastern,Economy,1500,1025,TRUE,338,Y,Y,Y,1,8,2,23
Wattay International Airport,VTE,07/08/2024 13:30,Suvarnabhumi Airport,BKK,07/08/2024 14:50,80,THAI,Economy,490,200,N/A,770,Y,Y,Y,1,7,2,23
Wattay International Airport,VTE,07/08/2024 20:30,Suvarnabhumi Airport,BKK,07/08/2024 21:55,85,THAI,Economy,1225,935,TRUE,791,Y,Y,Y,1,7,2,23
Wattay International Airport,VTE,07/08/2024 23:20,Shanghai Pudong International Airport,PVG,08/08/2024 4:30,250,China Eastern,Economy,1170,690,TRUE,1683,Y,Y,Y,1,8,2,23
Wattay International Airport,VTE,07/08/2024 19:10,Guangzhou Baiyun International Airport,CAN,07/08/2024 22:25,135,China Southern,Economy,865,585,TRUE,3097,Y,Y,Y,1,8,1,23
Wattay International Airport,VTE,07/08/2024 20:00,Noi Bai International Airport,HAN,07/08/2024 21:25,85,Vietnam Airlines,Economy,440,160,N/A,N/A,Y,Y,Y,1,10,1,23
Wattay International Airport,VTE,08/08/2024 8:05,Don Mueang International Airport,DMK,08/08/2024 9:25,80,Thai AirAsia,Economy,470,175,N/A,173,Y,N,N,1,7,0,0
Wattay International Airport,VTE,08/08/2024 13:50,Don Mueang International Airport,DMK,08/08/2024 15:00,70,Thai AirAsia,Economy,660,380,N/A,178,Y,N,N,1,7,0,0
Wattay International Airport,VTE,08/08/2024 20:30,Suvarnabhumi Airport,BKK,08/08/2024 21:55,85,THAI,Economy,855,570,TRUE,297,Y,Y,Y,1,7,2,23
Wattay International Airport,VTE,08/08/2024 12:55,Singapore Changi Airport,SIN,08/08/2024 17:05,190,Scoot,Economy,545,140,N/A,339,Y,N,N,1,7,0,0
Wattay International Airport,VTE,08/08/2024 12:55,Singapore Changi Airport,SIN,08/08/2024 17:05,190,Scoot,Economy,1390,975,TRUE,317,Y,N,N,1,7,0,0
Wattay International Airport,VTE,08/08/2024 23:20,Shanghai Pudong International Airport,PVG,09/08/2024 4:30,250,China Eastern,Economy,1500,1025,TRUE,338,Y,Y,Y,1,8,2,23
Wattay International Airport,VTE,08/08/2024 23:50,Incheon International Airport,ICN,09/08/2024 7:20,330,Jeju Air,Economy,1290,710,N/A,382,Y,Y,Y,1,10,1,15
Wattay International Airport,VTE,08/08/2024 13:30,Suvarnabhumi Airport,BKK,08/08/2024 14:50,80,THAI,Economy,490,200,N/A,770,Y,Y,Y,1,7,2,23
Wattay International Airport,VTE,09/08/2024 8:05,Don Mueang International Airport,DMK,09/08/2024 9:25,80,Thai AirAsia,Economy,470,175,N/A,194,Y,N,N,1,7,0,0
Wattay International Airport,VTE,09/08/2024 13:50,Don Mueang International Airport,DMK,09/08/2024 15:00,70,Thai AirAsia,Economy,660,380,N/A,209,Y,N,N,1,7,0,0
Wattay International Airport,VTE,09/08/2024 20:30,Suvarnabhumi Airport,BKK,09/08/2024 21:55,85,THAI,Economy,855,570,TRUE,297,Y,Y,Y,1,7,2,23
Wattay International Airport,VTE,09/08/2024 23:20,Shanghai Pudong International Airport,PVG,10/08/2024 4:30,250,China Eastern,Economy,1500,1025,TRUE,338,Y,Y,Y,1,8,2,23
Wattay International Airport,VTE,09/08/2024 23:50,Incheon International Airport,ICN,10/08/2024 7:20,330,Jeju Air,Economy,1290,710,N/A,533,Y,Y,Y,1,10,1,15
Wattay International Airport,VTE,09/08/2024 13:30,Suvarnabhumi Airport,BKK,09/08/2024 14:50,80,THAI,Economy,490,200,N/A,770,Y,Y,Y,1,7,2,23
Wattay International Airport,VTE,09/08/2024 20:30,Suvarnabhumi Airport,BKK,09/08/2024 21:55,85,THAI,Economy,1510,1215,TRUE,791,Y,Y,Y,1,7,2,23
Wattay International Airport,VTE,09/08/2024 23:20,Shanghai Pudong International Airport,PVG,10/08/2024 4:30,250,China Eastern,Economy,1170,690,TRUE,1683,Y,Y,Y,1,8,2,23
Wattay International Airport,VTE,09/08/2024 19:10,Guangzhou Baiyun International Airport,CAN,09/08/2024 22:25,135,China Southern,Economy,865,585,TRUE,3097,Y,Y,Y,1,8,1,23
Wattay International Airport,VTE,09/08/2024 20:00,Noi Bai International Airport,HAN,09/08/2024 21:25,85,Vietnam Airlines,Economy,440,160,N/A,N/A,Y,Y,Y,1,10,1,23
Wattay International Airport,VTE,10/08/2024 8:05,Don Mueang International Airport,DMK,10/08/2024 9:25,80,Thai AirAsia,Economy,470,175,N/A,194,Y,N,N,1,7,0,0
Wattay International Airport,VTE,10/08/2024 13:50,Don Mueang International Airport,DMK,10/08/2024 15:00,70,Thai AirAsia,Economy,660,380,N/A,199,Y,N,N,1,7,0,0
Wattay International Airport,VTE,10/08/2024 9:20,Kuala Lumpur International Airport,KUL,10/08/2024 13:10,170,AirAsia,Economy,710,290,N/A,231,Y,N,N,1,7,0,0
Wattay International Airport,VTE,10/08/2024 20:30,Suvarnabhumi Airport,BKK,10/08/2024 21:55,85,THAI,Economy,855,570,TRUE,297,Y,Y,Y,1,7,2,23
Wattay International Airport,VTE,10/08/2024 12:55,Singapore Changi Airport,SIN,10/08/2024 17:05,190,Scoot,Economy,545,140,N/A,396,Y,N,N,1,7,0,0
Wattay International Airport,VTE,10/08/2024 9:20,Kuala Lumpur International Airport,KUL,10/08/2024 13:10,170,AirAsia,Economy,940,520,N/A,231,Y,N,N,1,7,0,0
Wattay International Airport,VTE,10/08/2024 23:20,Shanghai Pudong International Airport,PVG,11/08/2024 4:30,250,China Eastern,Economy,1770,1310,TRUE,338,Y,Y,Y,1,8,2,23
Wattay International Airport,VTE,10/08/2024 23:50,Incheon International Airport,ICN,11/08/2024 7:20,330,Jeju Air,Economy,1290,710,N/A,503,Y,Y,Y,1,10,1,15
Wattay International Airport,VTE,10/08/2024 13:30,Suvarnabhumi Airport,BKK,10/08/2024 14:50,80,THAI,Economy,490,200,N/A,770,Y,Y,Y,1,7,2,23
Wattay International Airport,VTE,11/08/2024 8:05,Don Mueang International Airport,DMK,11/08/2024 9:25,80,Thai AirAsia,Economy,470,175,N/A,247,Y,N,N,1,7,0,0
Wattay International Airport,VTE,11/08/2024 20:30,Suvarnabhumi Airport,BKK,11/08/2024 21:55,85,THAI,Economy,855,570,TRUE,297,Y,Y,Y,1,7,2,23
Wattay International Airport,VTE,11/08/2024 13:50,Don Mueang International Airport,DMK,11/08/2024 15:00,70,Thai AirAsia,Economy,985,710,TRUE,199,Y,N,N,1,7,0,0
Wattay International Airport,VTE,11/08/2024 13:50,Don Mueang International Airport,DMK,11/08/2024 15:00,70,Thai AirAsia,Economy,660,380,N/A,252,Y,N,N,1,7,0,0
Wattay International Airport,VTE,11/08/2024 23:20,Shanghai Pudong International Airport,PVG,12/08/2024 4:30,250,China Eastern,Economy,1500,1025,TRUE,338,Y,Y,Y,1,8,2,23
Wattay International Airport,VTE,11/08/2024 23:50,Incheon International Airport,ICN,12/08/2024 7:20,330,Jeju Air,Economy,1290,710,N/A,357,Y,Y,Y,1,10,1,15
Wattay International Airport,VTE,11/08/2024 13:30,Suvarnabhumi Airport,BKK,11/08/2024 14:50,80,THAI,Economy,490,200,N/A,770,Y,Y,Y,1,7,2,23
Wattay International Airport,VTE,11/08/2024 20:30,Suvarnabhumi Airport,BKK,11/08/2024 21:55,85,THAI,Economy,1225,935,TRUE,791,Y,Y,Y,1,7,2,23
Wattay International Airport,VTE,11/08/2024 19:10,Guangzhou Baiyun International Airport,CAN,11/08/2024 22:25,135,China Southern,Economy,865,585,TRUE,3097,Y,Y,Y,1,8,1,23
Wattay International Airport,VTE,11/08/2024 20:00,Noi Bai International Airport,HAN,11/08/2024 21:25,85,Vietnam Airlines,Economy,565,260,N/A,N/A,Y,Y,Y,1,10,1,23
Wattay International Airport,VTE,12/08/2024 8:05,Don Mueang International Airport,DMK,12/08/2024 9:25,80,Thai AirAsia,Economy,1005,715,N/A,195,Y,N,N,1,7,0,0
Wattay International Airport,VTE,12/08/2024 13:50,Don Mueang International Airport,DMK,12/08/2024 15:00,70,Thai AirAsia,Economy,660,380,N/A,200,Y,N,N,1,7,0,0
Wattay International Airport,VTE,12/08/2024 20:30,Suvarnabhumi Airport,BKK,12/08/2024 21:55,85,THAI,Economy,855,570,TRUE,297,Y,Y,Y,1,7,2,23
Wattay International Airport,VTE,12/08/2024 8:05,Don Mueang International Airport,DMK,12/08/2024 9:25,80,Thai AirAsia,Economy,470,175,N/A,310,Y,N,N,1,7,0,0
Wattay International Airport,VTE,12/08/2024 23:20,Shanghai Pudong International Airport,PVG,13/08/2024 4:30,250,China Eastern,Economy,1785,1310,TRUE,338,Y,Y,Y,1,8,2,23
Wattay International Airport,VTE,12/08/2024 23:50,Incheon International Airport,ICN,13/08/2024 7:20,330,Jeju Air,Economy,1290,710,N/A,347,Y,Y,Y,1,10,1,15
Wattay International Airport,VTE,12/08/2024 13:30,Suvarnabhumi Airport,BKK,12/08/2024 14:50,80,THAI,Economy,520,235,N/A,770,Y,Y,Y,1,7,2,23
Wattay International Airport,VTE,12/08/2024 20:30,Suvarnabhumi Airport,BKK,12/08/2024 21:55,85,THAI,Economy,1225,935,TRUE,791,Y,Y,Y,1,7,2,23
Wattay International Airport,VTE,12/08/2024 20:00,Noi Bai International Airport,HAN,12/08/2024 21:25,85,Vietnam Airlines,Economy,440,160,N/A,N/A,Y,Y,Y,1,10,1,23
Wattay International Airport,VTE,13/08/2024 8:05,Don Mueang International Airport,DMK,13/08/2024 9:25,80,Thai AirAsia,Economy,470,175,N/A,173,Y,N,N,1,7,0,0
Wattay International Airport,VTE,13/08/2024 13:50,Don Mueang International Airport,DMK,13/08/2024 15:00,70,Thai AirAsia,Economy,660,380,N/A,188,Y,N,N,1,7,0,0
Wattay International Airport,VTE,13/08/2024 9:20,Kuala Lumpur International Airport,KUL,13/08/2024 13:10,170,AirAsia,Economy,710,290,N/A,201,Y,N,N,1,7,0,0
Wattay International Airport,VTE,13/08/2024 9:20,Kuala Lumpur International Airport,KUL,13/08/2024 13:10,170,AirAsia,Economy,925,515,N/A,201,Y,N,N,1,7,0,0
Wattay International Airport,VTE,13/08/2024 20:30,Suvarnabhumi Airport,BKK,13/08/2024 21:55,85,THAI,Economy,855,570,TRUE,297,Y,Y,Y,1,7,2,23
Wattay International Airport,VTE,13/08/2024 23:20,Shanghai Pudong International Airport,PVG,14/08/2024 4:30,250,China Eastern,Economy,1500,1025,TRUE,338,Y,Y,Y,1,8,2,23
Wattay International Airport,VTE,13/08/2024 23:50,Incheon International Airport,ICN,14/08/2024 7:20,330,Jeju Air,Economy,1290,710,N/A,414,Y,Y,Y,1,10,1,15
Wattay International Airport,VTE,13/08/2024 12:55,Singapore Changi Airport,SIN,13/08/2024 17:05,190,Scoot,Economy,545,140,N/A,433,Y,N,N,1,7,0,0
Wattay International Airport,VTE,14/08/2024 8:05,Don Mueang International Airport,DMK,14/08/2024 9:25,80,Thai AirAsia,Economy,1005,715,N/A,173,Y,N,N,1,7,0,0
Wattay International Airport,VTE,14/08/2024 13:50,Don Mueang International Airport,DMK,14/08/2024 15:00,70,Thai AirAsia,Economy,660,380,N/A,178,Y,N,N,1,7,0,0
Wattay International Airport,VTE,14/08/2024 8:05,Don Mueang International Airport,DMK,14/08/2024 9:25,80,Thai AirAsia,Economy,470,175,N/A,194,Y,N,N,1,7,0,0
Wattay International Airport,VTE,14/08/2024 20:30,Suvarnabhumi Airport,BKK,14/08/2024 21:55,85,THAI,Economy,855,570,TRUE,297,Y,Y,Y,1,7,2,23
Wattay International Airport,VTE,14/08/2024 23:20,Shanghai Pudong International Airport,PVG,15/08/2024 4:30,250,China Eastern,Economy,1500,1025,TRUE,338,Y,Y,Y,1,8,2,23
Wattay International Airport,VTE,14/08/2024 23:50,Incheon International Airport,ICN,15/08/2024 7:20,330,Jeju Air,Economy,1290,710,N/A,441,Y,Y,Y,1,10,1,15
Wattay International Airport,VTE,14/08/2024 13:30,Suvarnabhumi Airport,BKK,14/08/2024 14:50,80,THAI,Economy,490,200,N/A,770,Y,Y,Y,1,7,2,23
Wattay International Airport,VTE,14/08/2024 20:30,Suvarnabhumi Airport,BKK,14/08/2024 21:55,85,THAI,Economy,1510,1215,TRUE,791,Y,Y,Y,1,7,2,23
Wattay International Airport,VTE,14/08/2024 19:10,Guangzhou Baiyun International Airport,CAN,14/08/2024 22:25,135,China Southern,Economy,865,585,TRUE,3097,Y,Y,Y,1,8,1,23
Wattay International Airport,VTE,14/08/2024 20:00,Noi Bai International Airport,HAN,14/08/2024 21:25,85,Vietnam Airlines,Economy,440,160,N/A,N/A,Y,Y,Y,1,10,1,23
Wattay International Airport,VTE,15/08/2024 8:05,Don Mueang International Airport,DMK,15/08/2024 9:25,80,Thai AirAsia,Economy,470,175,N/A,173,Y,N,N,1,7,0,0
Wattay International Airport,VTE,15/08/2024 13:50,Don Mueang International Airport,DMK,15/08/2024 15:00,70,Thai AirAsia,Economy,660,380,N/A,178,Y,N,N,1,7,0,0
Wattay International Airport,VTE,15/08/2024 20:30,Suvarnabhumi Airport,BKK,15/08/2024 21:55,85,THAI,Economy,855,570,TRUE,297,Y,Y,Y,1,7,2,23
Wattay International Airport,VTE,15/08/2024 12:55,Singapore Changi Airport,SIN,15/08/2024 17:05,190,Scoot,Economy,545,140,N/A,317,Y,N,N,1,7,0,0
Wattay International Airport,VTE,15/08/2024 23:20,Shanghai Pudong International Airport,PVG,16/08/2024 4:30,250,China Eastern,Economy,1500,1025,TRUE,338,Y,Y,Y,1,8,2,23
Wattay International Airport,VTE,15/08/2024 23:50,Incheon International Airport,ICN,16/08/2024 7:20,330,Jeju Air,Economy,1290,710,N/A,394,Y,Y,Y,1,10,1,15
Wattay International Airport,VTE,15/08/2024 13:30,Suvarnabhumi Airport,BKK,15/08/2024 14:50,80,THAI,Economy,490,200,N/A,770,Y,Y,Y,1,7,2,23
Wattay International Airport,VTE,15/08/2024 20:30,Suvarnabhumi Airport,BKK,15/08/2024 21:55,85,THAI,Economy,1225,935,TRUE,791,Y,Y,Y,1,7,2,23
Wattay International Airport,VTE,16/08/2024 13:50,Don Mueang International Airport,DMK,16/08/2024 15:00,70,Thai AirAsia,Economy,985,710,TRUE,165,Y,N,N,1,7,0,0
Wattay International Airport,VTE,16/08/2024 8:05,Don Mueang International Airport,DMK,16/08/2024 9:25,80,Thai AirAsia,Economy,470,175,N/A,173,Y,N,N,1,7,0,0
Wattay International Airport,VTE,16/08/2024 13:50,Don Mueang International Airport,DMK,16/08/2024 15:00,70,Thai AirAsia,Economy,660,380,N/A,178,Y,N,N,1,7,0,0
Wattay International Airport,VTE,16/08/2024 20:30,Suvarnabhumi Airport,BKK,16/08/2024 21:55,85,THAI,Economy,855,570,TRUE,297,Y,Y,Y,1,7,2,23
Wattay International Airport,VTE,16/08/2024 23:20,Shanghai Pudong International Airport,PVG,17/08/2024 4:30,250,China Eastern,Economy,1500,1025,TRUE,338,Y,Y,Y,1,8,2,23
Wattay International Airport,VTE,16/08/2024 23:50,Incheon International Airport,ICN,17/08/2024 7:20,330,Jeju Air,Economy,1290,710,N/A,596,Y,Y,Y,1,10,1,15
Wattay International Airport,VTE,16/08/2024 13:30,Suvarnabhumi Airport,BKK,16/08/2024 14:50,80,THAI,Economy,765,480,N/A,770,Y,Y,Y,1,7,2,23
Wattay International Airport,VTE,16/08/2024 20:30,Suvarnabhumi Airport,BKK,16/08/2024 21:55,85,THAI,Economy,1225,935,TRUE,791,Y,Y,Y,1,7,2,23
Wattay International Airport,VTE,16/08/2024 19:10,Guangzhou Baiyun International Airport,CAN,16/08/2024 22:25,135,China Southern,Economy,865,585,TRUE,3097,Y,Y,Y,1,8,1,23
Wattay International Airport,VTE,16/08/2024 20:00,Noi Bai International Airport,HAN,16/08/2024 21:25,85,Vietnam Airlines,Economy,440,160,N/A,N/A,Y,Y,Y,1,10,1,23
Wattay International Airport,VTE,17/08/2024 9:20,Kuala Lumpur International Airport,KUL,17/08/2024 13:10,170,AirAsia,Economy,940,520,N/A,145,Y,N,N,1,7,0,0
Wattay International Airport,VTE,17/08/2024 8:05,Don Mueang International Airport,DMK,17/08/2024 9:25,80,Thai AirAsia,Economy,470,175,N/A,174,Y,N,N,1,7,0,0
Wattay International Airport,VTE,17/08/2024 9:20,Kuala Lumpur International Airport,KUL,17/08/2024 13:10,170,AirAsia,Economy,710,290,N/A,190,Y,N,N,1,7,0,0
Wattay International Airport,VTE,17/08/2024 8:05,Don Mueang International Airport,DMK,17/08/2024 9:25,80,Thai AirAsia,Economy,1005,715,N/A,161,Y,N,N,1,7,0,0
Wattay International Airport,VTE,17/08/2024 13:50,Don Mueang International Airport,DMK,17/08/2024 15:00,70,Thai AirAsia,Economy,660,380,N/A,166,Y,N,N,1,7,0,0
Wattay International Airport,VTE,17/08/2024 20:30,Suvarnabhumi Airport,BKK,17/08/2024 21:55,85,THAI,Economy,855,570,TRUE,297,Y,Y,Y,1,7,2,23
Wattay International Airport,VTE,17/08/2024 12:55,Singapore Changi Airport,SIN,17/08/2024 17:05,190,Scoot,Economy,545,140,N/A,317,Y,N,N,1,7,0,0
Wattay International Airport,VTE,17/08/2024 23:20,Shanghai Pudong International Airport,PVG,18/08/2024 4:30,250,China Eastern,Economy,1770,1310,TRUE,338,Y,Y,Y,1,8,2,23
Wattay International Airport,VTE,17/08/2024 23:50,Incheon International Airport,ICN,18/08/2024 7:20,330,Jeju Air,Economy,1290,710,N/A,545,Y,Y,Y,1,10,1,15
Wattay International Airport,VTE,18/08/2024 8:05,Don Mueang International Airport,DMK,18/08/2024 9:25,80,Thai AirAsia,Economy,470,175,N/A,173,Y,N,N,1,7,0,0
Wattay International Airport,VTE,18/08/2024 13:50,Don Mueang International Airport,DMK,18/08/2024 15:00,70,Thai AirAsia,Economy,660,380,N/A,178,Y,N,N,1,7,0,0
Wattay International Airport,VTE,18/08/2024 20:30,Suvarnabhumi Airport,BKK,18/08/2024 21:55,85,THAI,Economy,855,570,TRUE,297,Y,Y,Y,1,7,2,23
Wattay International Airport,VTE,18/08/2024 23:20,Shanghai Pudong International Airport,PVG,19/08/2024 4:30,250,China Eastern,Economy,1500,1025,TRUE,338,Y,Y,Y,1,8,2,23
Wattay International Airport,VTE,18/08/2024 23:50,Incheon International Airport,ICN,19/08/2024 7:20,330,Jeju Air,Economy,1290,710,N/A,386,Y,Y,Y,1,10,1,15
Wattay International Airport,VTE,18/08/2024 13:30,Suvarnabhumi Airport,BKK,18/08/2024 14:50,80,THAI,Economy,490,200,N/A,770,Y,Y,Y,1,7,2,23
Wattay International Airport,VTE,18/08/2024 20:30,Suvarnabhumi Airport,BKK,18/08/2024 21:55,85,THAI,Economy,1225,935,TRUE,791,Y,Y,Y,1,7,2,23
Wattay International Airport,VTE,18/08/2024 23:20,Shanghai Pudong International Airport,PVG,19/08/2024 4:30,250,China Eastern,Economy,1170,690,TRUE,1683,Y,Y,Y,1,8,2,23
Wattay International Airport,VTE,18/08/2024 19:10,Guangzhou Baiyun International Airport,CAN,18/08/2024 22:25,135,China Southern,Economy,865,585,TRUE,3097,Y,Y,Y,1,8,1,23
Wattay International Airport,VTE,18/08/2024 20:00,Noi Bai International Airport,HAN,18/08/2024 21:25,85,Vietnam Airlines,Economy,565,260,N/A,N/A,Y,Y,Y,1,10,1,23
Wattay International Airport,VTE,19/08/2024 8:05,Don Mueang International Airport,DMK,19/08/2024 9:25,80,Thai AirAsia,Economy,470,175,N/A,173,Y,N,N,1,7,0,0
Wattay International Airport,VTE,19/08/2024 13:50,Don Mueang International Airport,DMK,19/08/2024 15:00,70,Thai AirAsia,Economy,660,380,N/A,178,Y,N,N,1,7,0,0
Wattay International Airport,VTE,19/08/2024 20:30,Suvarnabhumi Airport,BKK,19/08/2024 21:55,85,THAI,Economy,855,570,TRUE,297,Y,Y,Y,1,7,2,23
Wattay International Airport,VTE,19/08/2024 23:50,Incheon International Airport,ICN,20/08/2024 7:20,330,Jeju Air,Economy,1290,710,N/A,295,Y,Y,Y,1,10,1,15
Wattay International Airport,VTE,19/08/2024 23:20,Shanghai Pudong International Airport,PVG,20/08/2024 4:30,250,China Eastern,Economy,1785,1310,TRUE,364,Y,Y,Y,1,8,2,23
Wattay International Airport,VTE,19/08/2024 13:30,Suvarnabhumi Airport,BKK,19/08/2024 14:50,80,THAI,Economy,490,200,N/A,770,Y,Y,Y,1,7,2,23
Wattay International Airport,VTE,19/08/2024 20:30,Suvarnabhumi Airport,BKK,19/08/2024 21:55,85,THAI,Economy,1225,935,TRUE,791,Y,Y,Y,1,7,2,23
Wattay International Airport,VTE,19/08/2024 23:20,Shanghai Pudong International Airport,PVG,20/08/2024 4:30,250,China Eastern,Economy,1210,730,TRUE,1683,Y,Y,Y,1,8,2,23
Wattay International Airport,VTE,19/08/2024 20:00,Noi Bai International Airport,HAN,19/08/2024 21:25,85,Vietnam Airlines,Economy,440,160,N/A,N/A,Y,Y,Y,1,10,1,23
Wattay International Airport,VTE,20/08/2024 8:05,Don Mueang International Airport,DMK,20/08/2024 9:25,80,Thai AirAsia,Economy,470,175,N/A,173,Y,N,N,1,7,0,0
Wattay International Airport,VTE,20/08/2024 13:50,Don Mueang International Airport,DMK,20/08/2024 15:00,70,Thai AirAsia,Economy,660,380,N/A,178,Y,N,N,1,7,0,0
Wattay International Airport,VTE,20/08/2024 9:20,Kuala Lumpur International Airport,KUL,20/08/2024 13:10,170,AirAsia,Economy,710,290,N/A,201,Y,N,N,1,7,0,0
Wattay International Airport,VTE,20/08/2024 13:50,Don Mueang International Airport,DMK,20/08/2024 15:00,70,Thai AirAsia,Economy,985,710,TRUE,165,Y,N,N,1,7,0,0
Wattay International Airport,VTE,20/08/2024 9:20,Kuala Lumpur International Airport,KUL,20/08/2024 13:10,170,AirAsia,Economy,925,515,N/A,201,Y,N,N,1,7,0,0
Wattay International Airport,VTE,20/08/2024 23:50,Incheon International Airport,ICN,21/08/2024 7:20,330,Jeju Air,Economy,1290,710,N/A,295,Y,Y,Y,1,10,1,15
Wattay International Airport,VTE,20/08/2024 20:30,Suvarnabhumi Airport,BKK,20/08/2024 21:55,85,THAI,Economy,855,570,TRUE,297,Y,Y,Y,1,7,2,23
Wattay International Airport,VTE,20/08/2024 12:55,Singapore Changi Airport,SIN,20/08/2024 17:05,190,Scoot,Economy,545,140,N/A,317,Y,N,N,1,7,0,0
Wattay International Airport,VTE,21/08/2024 8:05,Don Mueang International Airport,DMK,21/08/2024 9:25,80,Thai AirAsia,Economy,470,175,N/A,194,Y,N,N,1,7,0,0
Wattay International Airport,VTE,21/08/2024 13:50,Don Mueang International Airport,DMK,21/08/2024 15:00,70,Thai AirAsia,Economy,660,380,N/A,199,Y,N,N,1,7,0,0
Wattay International Airport,VTE,21/08/2024 20:30,Suvarnabhumi Airport,BKK,21/08/2024 21:55,85,THAI,Economy,855,570,TRUE,297,Y,Y,Y,1,7,2,23
Wattay International Airport,VTE,21/08/2024 23:50,Incheon International Airport,ICN,22/08/2024 7:20,330,Jeju Air,Economy,1290,710,N/A,260,Y,Y,Y,1,10,1,15
Wattay International Airport,VTE,21/08/2024 23:20,Shanghai Pudong International Airport,PVG,22/08/2024 4:30,250,China Eastern,Economy,1500,1025,TRUE,338,Y,Y,Y,1,8,2,23
Wattay International Airport,VTE,21/08/2024 13:30,Suvarnabhumi Airport,BKK,21/08/2024 14:50,80,THAI,Economy,490,200,N/A,770,Y,Y,Y,1,7,2,23
Wattay International Airport,VTE,21/08/2024 20:30,Suvarnabhumi Airport,BKK,21/08/2024 21:55,85,THAI,Economy,1225,935,TRUE,791,Y,Y,Y,1,7,2,23
Wattay International Airport,VTE,21/08/2024 23:20,Shanghai Pudong International Airport,PVG,22/08/2024 4:30,250,China Eastern,Economy,1170,690,TRUE,1683,Y,Y,Y,1,8,2,23
Wattay International Airport,VTE,21/08/2024 19:10,Guangzhou Baiyun International Airport,CAN,21/08/2024 22:25,135,China Southern,Economy,865,585,TRUE,3097,Y,Y,Y,1,8,1,23
Wattay International Airport,VTE,21/08/2024 20:00,Noi Bai International Airport,HAN,21/08/2024 21:25,85,Vietnam Airlines,Economy,440,160,N/A,N/A,Y,Y,Y,1,10,1,23
Wattay International Airport,VTE,22/08/2024 8:05,Don Mueang International Airport,DMK,22/08/2024 9:25,80,Thai AirAsia,Economy,1005,715,N/A,160,Y,N,N,1,7,0,0
Wattay International Airport,VTE,22/08/2024 13:50,Don Mueang International Airport,DMK,22/08/2024 15:00,70,Thai AirAsia,Economy,660,380,N/A,165,Y,N,N,1,7,0,0
Wattay International Airport,VTE,22/08/2024 8:05,Don Mueang International Airport,DMK,22/08/2024 9:25,80,Thai AirAsia,Economy,470,175,N/A,194,Y,N,N,1,7,0,0
Wattay International Airport,VTE,22/08/2024 20:30,Suvarnabhumi Airport,BKK,22/08/2024 21:55,85,THAI,Economy,855,570,TRUE,297,Y,Y,Y,1,7,2,23
Wattay International Airport,VTE,22/08/2024 12:55,Singapore Changi Airport,SIN,22/08/2024 17:05,190,Scoot,Economy,545,140,N/A,317,Y,N,N,1,7,0,0
Wattay International Airport,VTE,22/08/2024 23:20,Shanghai Pudong International Airport,PVG,23/08/2024 4:30,250,China Eastern,Economy,1500,1025,TRUE,338,Y,Y,Y,1,8,2,23
Wattay International Airport,VTE,22/08/2024 23:50,Incheon International Airport,ICN,23/08/2024 7:20,330,Jeju Air,Economy,1290,710,N/A,379,Y,Y,Y,1,10,1,15
Wattay International Airport,VTE,22/08/2024 13:30,Suvarnabhumi Airport,BKK,22/08/2024 14:50,80,THAI,Economy,490,200,N/A,770,Y,Y,Y,1,7,2,23
Wattay International Airport,VTE,23/08/2024 8:05,Don Mueang International Airport,DMK,23/08/2024 9:25,80,Thai AirAsia,Economy,470,175,N/A,160,Y,N,N,1,7,0,0
Wattay International Airport,VTE,23/08/2024 13:50,Don Mueang International Airport,DMK,23/08/2024 15:00,70,Thai AirAsia,Economy,660,380,N/A,165,Y,N,N,1,7,0,0
Wattay International Airport,VTE,23/08/2024 20:30,Suvarnabhumi Airport,BKK,23/08/2024 21:55,85,THAI,Economy,855,570,TRUE,297,Y,Y,Y,1,7,2,23
Wattay International Airport,VTE,23/08/2024 23:50,Incheon International Airport,ICN,24/08/2024 7:20,330,Jeju Air,Economy,1290,710,N/A,273,Y,Y,Y,1,10,1,15
Wattay International Airport,VTE,23/08/2024 23:20,Shanghai Pudong International Airport,PVG,24/08/2024 4:30,250,China Eastern,Economy,1500,1025,TRUE,338,Y,Y,Y,1,8,2,23
Wattay International Airport,VTE,23/08/2024 13:30,Suvarnabhumi Airport,BKK,23/08/2024 14:50,80,THAI,Economy,490,200,N/A,770,Y,Y,Y,1,7,2,23
Wattay International Airport,VTE,23/08/2024 20:30,Suvarnabhumi Airport,BKK,23/08/2024 21:55,85,THAI,Economy,1225,935,TRUE,791,Y,Y,Y,1,7,2,23
Wattay International Airport,VTE,23/08/2024 23:20,Shanghai Pudong International Airport,PVG,24/08/2024 4:30,250,China Eastern,Economy,1170,690,TRUE,1683,Y,Y,Y,1,8,2,23
Wattay International Airport,VTE,23/08/2024 19:10,Guangzhou Baiyun International Airport,CAN,23/08/2024 22:25,135,China Southern,Economy,865,585,TRUE,3097,Y,Y,Y,1,8,1,23
Wattay International Airport,VTE,23/08/2024 20:00,Noi Bai International Airport,HAN,23/08/2024 21:25,85,Vietnam Airlines,Economy,440,160,N/A,N/A,Y,Y,Y,1,10,1,23
Wattay International Airport,VTE,24/08/2024 9:20,Kuala Lumpur International Airport,KUL,24/08/2024 13:10,170,AirAsia,Economy,710,290,N/A,144,Y,N,N,1,7,0,0
Wattay International Airport,VTE,24/08/2024 9:20,Kuala Lumpur International Airport,KUL,24/08/2024 13:10,170,AirAsia,Economy,940,520,N/A,144,Y,N,N,1,7,0,0
Wattay International Airport,VTE,24/08/2024 8:05,Don Mueang International Airport,DMK,24/08/2024 9:25,80,Thai AirAsia,Economy,470,175,N/A,160,Y,N,N,1,7,0,0
Wattay International Airport,VTE,24/08/2024 13:50,Don Mueang International Airport,DMK,24/08/2024 15:00,70,Thai AirAsia,Economy,660,380,N/A,199,Y,N,N,1,7,0,0
Wattay International Airport,VTE,24/08/2024 20:30,Suvarnabhumi Airport,BKK,24/08/2024 21:55,85,THAI,Economy,855,570,TRUE,297,Y,Y,Y,1,7,2,23
Wattay International Airport,VTE,24/08/2024 12:55,Singapore Changi Airport,SIN,24/08/2024 17:05,190,Scoot,Economy,545,140,N/A,317,Y,N,N,1,7,0,0
Wattay International Airport,VTE,24/08/2024 23:20,Shanghai Pudong International Airport,PVG,25/08/2024 4:30,250,China Eastern,Economy,1770,1310,TRUE,364,Y,Y,Y,1,8,2,23
Wattay International Airport,VTE,24/08/2024 23:50,Incheon International Airport,ICN,25/08/2024 7:20,330,Jeju Air,Economy,1290,710,N/A,379,Y,Y,Y,1,10,1,15
Wattay International Airport,VTE,25/08/2024 8:05,Don Mueang International Airport,DMK,25/08/2024 9:25,80,Thai AirAsia,Economy,470,175,N/A,234,Y,N,N,1,7,0,0
Wattay International Airport,VTE,25/08/2024 20:30,Suvarnabhumi Airport,BKK,25/08/2024 21:55,85,THAI,Economy,855,570,TRUE,297,Y,Y,Y,1,7,2,23
Wattay International Airport,VTE,25/08/2024 13:50,Don Mueang International Airport,DMK,25/08/2024 15:00,70,Thai AirAsia,Economy,985,710,TRUE,239,Y,N,N,1,7,0,0
Wattay International Airport,VTE,25/08/2024 13:50,Don Mueang International Airport,DMK,25/08/2024 15:00,70,Thai AirAsia,Economy,660,380,N/A,253,Y,N,N,1,7,0,0
Wattay International Airport,VTE,25/08/2024 23:20,Shanghai Pudong International Airport,PVG,26/08/2024 4:30,250,China Eastern,Economy,1500,1025,TRUE,338,Y,Y,Y,1,8,2,23
Wattay International Airport,VTE,25/08/2024 23:50,Incheon International Airport,ICN,26/08/2024 7:20,330,Jeju Air,Economy,1290,710,N/A,340,Y,Y,Y,1,10,1,15
Wattay International Airport,VTE,25/08/2024 13:30,Suvarnabhumi Airport,BKK,25/08/2024 14:50,80,THAI,Economy,490,200,N/A,770,Y,Y,Y,1,7,2,23
Wattay International Airport,VTE,25/08/2024 20:30,Suvarnabhumi Airport,BKK,25/08/2024 21:55,85,THAI,Economy,1225,935,TRUE,791,Y,Y,Y,1,7,2,23
Wattay International Airport,VTE,25/08/2024 19:10,Guangzhou Baiyun International Airport,CAN,25/08/2024 22:25,135,China Southern,Economy,865,585,TRUE,3097,Y,Y,Y,1,8,1,23
Wattay International Airport,VTE,25/08/2024 20:00,Noi Bai International Airport,HAN,25/08/2024 21:25,85,Vietnam Airlines,Economy,565,260,N/A,N/A,Y,Y,Y,1,10,1,23
Wattay International Airport,VTE,26/08/2024 23:50,Incheon International Airport,ICN,27/08/2024 7:20,330,Jeju Air,Economy,1290,710,N/A,265,Y,Y,Y,1,10,1,15
Wattay International Airport,VTE,26/08/2024 20:30,Suvarnabhumi Airport,BKK,26/08/2024 21:55,85,THAI,Economy,855,570,TRUE,297,Y,Y,Y,1,7,2,23
Wattay International Airport,VTE,26/08/2024 13:50,Don Mueang International Airport,DMK,26/08/2024 15:00,70,Thai AirAsia,Economy,660,380,N/A,309,Y,N,N,1,7,0,0
Wattay International Airport,VTE,26/08/2024 8:05,Don Mueang International Airport,DMK,26/08/2024 9:25,80,Thai AirAsia,Economy,470,175,N/A,325,Y,N,N,1,7,0,0
Wattay International Airport,VTE,26/08/2024 23:20,Shanghai Pudong International Airport,PVG,27/08/2024 4:30,250,China Eastern,Economy,1785,1310,TRUE,364,Y,Y,Y,1,8,2,23
Wattay International Airport,VTE,26/08/2024 13:30,Suvarnabhumi Airport,BKK,26/08/2024 14:50,80,THAI,Economy,565,275,N/A,770,Y,Y,Y,1,7,2,23
Wattay International Airport,VTE,26/08/2024 20:30,Suvarnabhumi Airport,BKK,26/08/2024 21:55,85,THAI,Economy,1225,935,TRUE,791,Y,Y,Y,1,7,2,23
Wattay International Airport,VTE,26/08/2024 23:20,Shanghai Pudong International Airport,PVG,27/08/2024 4:30,250,China Eastern,Economy,1170,690,TRUE,1683,Y,Y,Y,1,8,2,23
Wattay International Airport,VTE,26/08/2024 20:00,Noi Bai International Airport,HAN,26/08/2024 21:25,85,Vietnam Airlines,Economy,440,160,N/A,N/A,Y,Y,Y,1,10,1,23
Wattay International Airport,VTE,27/08/2024 8:05,Don Mueang International Airport,DMK,27/08/2024 9:25,80,Thai AirAsia,Economy,470,175,N/A,194,Y,N,N,1,7,0,0
Wattay International Airport,VTE,27/08/2024 13:50,Don Mueang International Airport,DMK,27/08/2024 15:00,70,Thai AirAsia,Economy,660,380,N/A,199,Y,N,N,1,7,0,0
Wattay International Airport,VTE,27/08/2024 9:20,Kuala Lumpur International Airport,KUL,27/08/2024 13:10,170,AirAsia,Economy,710,290,N/A,225,Y,N,N,1,7,0,0
Wattay International Airport,VTE,27/08/2024 13:50,Don Mueang International Airport,DMK,27/08/2024 15:00,70,Thai AirAsia,Economy,985,710,TRUE,178,Y,N,N,1,7,0,0
Wattay International Airport,VTE,27/08/2024 9:20,Kuala Lumpur International Airport,KUL,27/08/2024 13:10,170,AirAsia,Economy,925,515,N/A,214,Y,N,N,1,7,0,0
Wattay International Airport,VTE,27/08/2024 23:50,Incheon International Airport,ICN,28/08/2024 7:20,330,Jeju Air,Economy,1290,710,N/A,289,Y,Y,Y,1,10,1,15
Wattay International Airport,VTE,27/08/2024 20:30,Suvarnabhumi Airport,BKK,27/08/2024 21:55,85,THAI,Economy,855,570,TRUE,297,Y,Y,Y,1,7,2,23
Wattay International Airport,VTE,27/08/2024 12:55,Singapore Changi Airport,SIN,27/08/2024 17:05,190,Scoot,Economy,545,140,N/A,317,Y,N,N,1,7,0,0
Wattay International Airport,VTE,28/08/2024 8:05,Don Mueang International Airport,DMK,28/08/2024 9:25,80,Thai AirAsia,Economy,470,175,N/A,173,Y,N,N,1,7,0,0
Wattay International Airport,VTE,28/08/2024 13:50,Don Mueang International Airport,DMK,28/08/2024 15:00,70,Thai AirAsia,Economy,660,380,N/A,178,Y,N,N,1,7,0,0
Wattay International Airport,VTE,28/08/2024 20:30,Suvarnabhumi Airport,BKK,28/08/2024 21:55,85,THAI,Economy,855,570,TRUE,297,Y,Y,Y,1,7,2,23
Wattay International Airport,VTE,28/08/2024 23:50,Incheon International Airport,ICN,29/08/2024 7:20,330,Jeju Air,Economy,1290,710,N/A,255,Y,Y,Y,1,10,1,15
Wattay International Airport,VTE,28/08/2024 23:20,Shanghai Pudong International Airport,PVG,29/08/2024 4:30,250,China Eastern,Economy,1500,1025,TRUE,338,Y,Y,Y,1,8,2,23
Wattay International Airport,VTE,28/08/2024 13:30,Suvarnabhumi Airport,BKK,28/08/2024 14:50,80,THAI,Economy,490,200,N/A,770,Y,Y,Y,1,7,2,23
Wattay International Airport,VTE,28/08/2024 20:30,Suvarnabhumi Airport,BKK,28/08/2024 21:55,85,THAI,Economy,1225,935,TRUE,791,Y,Y,Y,1,7,2,23
Wattay International Airport,VTE,28/08/2024 23:20,Shanghai Pudong International Airport,PVG,29/08/2024 4:30,250,China Eastern,Economy,1170,690,TRUE,1683,Y,Y,Y,1,8,2,23
Wattay International Airport,VTE,28/08/2024 19:10,Guangzhou Baiyun International Airport,CAN,28/08/2024 22:25,135,China Southern,Economy,865,585,TRUE,3097,Y,Y,Y,1,8,1,23
Wattay International Airport,VTE,28/08/2024 20:00,Noi Bai International Airport,HAN,28/08/2024 21:25,85,Vietnam Airlines,Economy,440,160,N/A,N/A,Y,Y,Y,1,10,1,23
Wattay International Airport,VTE,29/08/2024 8:05,Don Mueang International Airport,DMK,29/08/2024 9:25,80,Thai AirAsia,Economy,470,175,N/A,160,Y,N,N,1,7,0,0
Wattay International Airport,VTE,29/08/2024 20:30,Suvarnabhumi Airport,BKK,29/08/2024 21:55,85,THAI,Economy,855,570,TRUE,297,Y,Y,Y,1,7,2,23
Wattay International Airport,VTE,29/08/2024 12:55,Singapore Changi Airport,SIN,29/08/2024 17:05,190,Scoot,Economy,545,140,N/A,317,Y,N,N,1,7,0,0
Wattay International Airport,VTE,29/08/2024 13:50,Don Mueang International Airport,DMK,29/08/2024 15:00,70,Thai AirAsia,Economy,660,380,N/A,199,Y,N,N,1,7,0,0
Wattay International Airport,VTE,29/08/2024 23:50,Incheon International Airport,ICN,30/08/2024 7:20,330,Jeju Air,Economy,1290,710,N/A,304,Y,Y,Y,1,10,1,15
Wattay International Airport,VTE,29/08/2024 23:20,Shanghai Pudong International Airport,PVG,30/08/2024 4:30,250,China Eastern,Economy,1500,1025,TRUE,338,Y,Y,Y,1,8,2,23
Wattay International Airport,VTE,29/08/2024 13:30,Suvarnabhumi Airport,BKK,29/08/2024 14:50,80,THAI,Economy,490,200,N/A,770,Y,Y,Y,1,7,2,23
Wattay International Airport,VTE,29/08/2024 20:30,Suvarnabhumi Airport,BKK,29/08/2024 21:55,85,THAI,Economy,1225,935,TRUE,791,Y,Y,Y,1,7,2,23
Wattay International Airport,VTE,30/08/2024 8:05,Don Mueang International Airport,DMK,30/08/2024 9:25,80,Thai AirAsia,Economy,470,175,N/A,173,Y,N,N,1,7,0,0
Wattay International Airport,VTE,30/08/2024 20:30,Suvarnabhumi Airport,BKK,30/08/2024 21:55,85,THAI,Economy,855,570,TRUE,297,Y,Y,Y,1,7,2,23
Wattay International Airport,VTE,30/08/2024 13:50,Don Mueang International Airport,DMK,30/08/2024 15:00,70,Thai AirAsia,Economy,985,710,TRUE,165,Y,N,N,1,7,0,0
Wattay International Airport,VTE,30/08/2024 13:50,Don Mueang International Airport,DMK,30/08/2024 15:00,70,Thai AirAsia,Economy,660,380,N/A,178,Y,N,N,1,7,0,0
Wattay International Airport,VTE,30/08/2024 23:50,Incheon International Airport,ICN,31/08/2024 7:20,330,Jeju Air,Economy,1290,710,N/A,244,Y,Y,Y,1,10,1,15
Wattay International Airport,VTE,30/08/2024 23:20,Shanghai Pudong International Airport,PVG,31/08/2024 4:30,250,China Eastern,Economy,1500,1025,TRUE,338,Y,Y,Y,1,8,2,23
Wattay International Airport,VTE,30/08/2024 13:30,Suvarnabhumi Airport,BKK,30/08/2024 14:50,80,THAI,Economy,490,200,N/A,770,Y,Y,Y,1,7,2,23
Wattay International Airport,VTE,30/08/2024 20:30,Suvarnabhumi Airport,BKK,30/08/2024 21:55,85,THAI,Economy,1225,935,TRUE,791,Y,Y,Y,1,7,2,23
Wattay International Airport,VTE,30/08/2024 19:10,Guangzhou Baiyun International Airport,CAN,30/08/2024 22:25,135,China Southern,Economy,865,585,TRUE,3097,Y,Y,Y,1,8,1,23
Wattay International Airport,VTE,30/08/2024 20:00,Noi Bai International Airport,HAN,30/08/2024 21:25,85,Vietnam Airlines,Economy,440,160,N/A,N/A,Y,Y,Y,1,10,1,23
Wattay International Airport,VTE,31/08/2024 9:20,Kuala Lumpur International Airport,KUL,31/08/2024 13:10,170,AirAsia,Economy,710,290,N/A,144,Y,N,N,1,7,0,0
Wattay International Airport,VTE,31/08/2024 9:20,Kuala Lumpur International Airport,KUL,31/08/2024 13:10,170,AirAsia,Economy,940,520,N/A,144,Y,N,N,1,7,0,0
Wattay International Airport,VTE,31/08/2024 8:05,Don Mueang International Airport,DMK,31/08/2024 9:25,80,Thai AirAsia,Economy,470,175,N/A,173,Y,N,N,1,7,0,0
Wattay International Airport,VTE,31/08/2024 13:50,Don Mueang International Airport,DMK,31/08/2024 15:00,70,Thai AirAsia,Economy,660,380,N/A,178,Y,N,N,1,7,0,0
Wattay International Airport,VTE,31/08/2024 20:30,Suvarnabhumi Airport,BKK,31/08/2024 21:55,85,THAI,Economy,855,570,TRUE,297,Y,Y,Y,1,7,2,23
Wattay International Airport,VTE,31/08/2024 23:50,Incheon International Airport,ICN,01/09/2024 7:20,330,Jeju Air,Economy,1290,710,N/A,305,Y,Y,Y,1,10,1,15
Wattay International Airport,VTE,31/08/2024 12:55,Singapore Changi Airport,SIN,31/08/2024 17:05,190,Scoot,Economy,545,140,N/A,317,Y,N,N,1,7,0,0
Wattay International Airport,VTE,31/08/2024 23:20,Shanghai Pudong International Airport,PVG,01/09/2024 4:30,250,China Eastern,Economy,1770,1310,TRUE,364,Y,Y,Y,1,8,2,23