Departure Airport Name,Departure Airport ID,Departure Time,Arrival Airport Name,Arrival Airport ID,Arrival Time,Duration,Airline,Travel Class,Total Duration,Layover 1 Duration,Layover 1 Overnight,Price, Cabin Baggage, Checked Baggage,Meal Included,Cabin Baggage (Number),Cabin Baggage (kg per piece),Checked Baggage (Number),Checked Baggage (kg per piece) 
Wattay International Airport,VTE,01/07/2024 12:05,Suvarnabhumi Airport,BKK,01/07/2024 13:05,60,Lao Airlines,Economy,60,N/A,N/A,80,Y,Y,Y,1,7,1,20
Wattay International Airport,VTE,01/07/2024 18:40,Suvarnabhumi Airport,BKK,01/07/2024 19:40,60,Lao Airlines,Economy,60,N/A,N/A,80,Y,Y,Y,1,7,1,20
Wattay International Airport,VTE,01/07/2024 13:40,Suvarnabhumi Airport,BKK,01/07/2024 15:00,80,THAI,Economy,80,N/A,N/A,128,Y,Y,Y,1,7,2,23
Wattay International Airport,VTE,01/07/2024 20:30,Suvarnabhumi Airport,BKK,01/07/2024 21:55,85,THAI,Economy,85,N/A,N/A,128,Y,Y,Y,1,7,2,23
Wattay International Airport,VTE,01/07/2024 21:50,Kunming Changshui International Airport,KMG,02/07/2024 0:25,95,China Eastern,Economy,1465,1235,TRUE,248,Y,Y,Y,1,8,2,23
Wattay International Airport,VTE,01/07/2024 21:50,Kunming Changshui International Airport,KMG,02/07/2024 0:25,95,China Eastern,Economy,1025,780,TRUE,285,Y,Y,Y,1,8,2,23
Wattay International Airport,VTE,01/07/2024 23:20,Shanghai Pudong International Airport,PVG,02/07/2024 4:30,250,China Eastern,Economy,1295,790,TRUE,376,Y,Y,Y,1,8,2,23
Wattay International Airport,VTE,01/07/2024 10:40,Kunming Changshui International Airport,KMG,01/07/2024 13:15,95,China Eastern,Economy,575,320,N/A,396,Y,Y,Y,1,8,2,23
Wattay International Airport,VTE,01/07/2024 23:20,Shanghai Pudong International Airport,PVG,02/07/2024 4:30,250,China Eastern,Economy,790,260,TRUE,407,Y,Y,Y,1,8,2,23
Wattay International Airport,VTE,02/07/2024 18:40,Suvarnabhumi Airport,BKK,02/07/2024 19:40,60,Lao Airlines,Economy,60,N/A,N/A,80,Y,Y,Y,1,7,1,20
Wattay International Airport,VTE,02/07/2024 12:00,Suvarnabhumi Airport,BKK,02/07/2024 13:20,80,Lao Airlines,Economy,80,N/A,N/A,123,Y,Y,Y,1,7,1,20
Wattay International Airport,VTE,02/07/2024 13:40,Suvarnabhumi Airport,BKK,02/07/2024 15:00,80,THAI,Economy,80,N/A,N/A,128,Y,Y,Y,1,7,2,23
Wattay International Airport,VTE,02/07/2024 20:30,Suvarnabhumi Airport,BKK,02/07/2024 21:55,85,THAI,Economy,85,N/A,N/A,128,Y,Y,Y,1,7,2,23
Wattay International Airport,VTE,02/07/2024 21:50,Kunming Changshui International Airport,KMG,03/07/2024 0:25,95,China Eastern,Economy,1345,1090,TRUE,248,Y,Y,Y,1,8,2,23
Wattay International Airport,VTE,02/07/2024 21:50,Kunming Changshui International Airport,KMG,03/07/2024 0:25,95,China Eastern,Economy,1025,780,TRUE,285,Y,Y,Y,1,8,2,23
Wattay International Airport,VTE,02/07/2024 23:50,Incheon International Airport,ICN,03/07/2024 7:20,330,Jeju Air,Economy,1449,765,N/A,317,Y,Y,Y,1,10,1,15
Wattay International Airport,VTE,02/07/2024 10:40,Kunming Changshui International Airport,KMG,02/07/2024 13:15,95,China Eastern,Economy,575,320,N/A,334,Y,Y,Y,1,8,2,23
Wattay International Airport,VTE,02/07/2024 23:20,Shanghai Pudong International Airport,PVG,03/07/2024 4:30,250,China Eastern,Economy,790,275,TRUE,465,Y,Y,Y,1,8,2,23
Wattay International Airport,VTE,03/07/2024 12:05,Suvarnabhumi Airport,BKK,03/07/2024 13:05,60,Lao Airlines,Economy,60,N/A,N/A,80,Y,Y,Y,1,7,1,20
Wattay International Airport,VTE,03/07/2024 18:40,Suvarnabhumi Airport,BKK,03/07/2024 19:40,60,Lao Airlines,Economy,60,N/A,N/A,80,Y,Y,Y,1,7,1,20
Wattay International Airport,VTE,03/07/2024 13:40,Suvarnabhumi Airport,BKK,03/07/2024 15:00,80,THAI,Economy,80,N/A,N/A,128,Y,Y,Y,1,7,2,23
Wattay International Airport,VTE,03/07/2024 20:30,Suvarnabhumi Airport,BKK,03/07/2024 21:55,85,THAI,Economy,85,N/A,N/A,128,Y,Y,Y,1,7,2,23
Wattay International Airport,VTE,03/07/2024 21:50,Kunming Changshui International Airport,KMG,04/07/2024 0:25,95,China Eastern,Economy,1345,1090,TRUE,248,Y,Y,Y,1,8,2,23
Wattay International Airport,VTE,03/07/2024 19:10,Guangzhou Baiyun International Airport,CAN,03/07/2024 22:25,135,China Southern,Economy,380,70,N/A,275,Y,Y,Y,1,8,1,23
Wattay International Airport,VTE,03/07/2024 21:50,Kunming Changshui International Airport,KMG,04/07/2024 0:25,95,China Eastern,Economy,1025,780,TRUE,285,Y,Y,Y,1,8,2,23
Wattay International Airport,VTE,03/07/2024 23:20,Shanghai Pudong International Airport,PVG,04/07/2024 4:30,250,China Eastern,Economy,1125,595,TRUE,407,Y,Y,Y,1,8,2,23
Wattay International Airport,VTE,03/07/2024 23:20,Shanghai Pudong International Airport,PVG,04/07/2024 4:30,250,China Eastern,Economy,790,260,TRUE,465,Y,Y,Y,1,8,2,23
Wattay International Airport,VTE,04/07/2024 18:40,Suvarnabhumi Airport,BKK,04/07/2024 19:40,60,Lao Airlines,Economy,60,N/A,N/A,80,Y,Y,Y,1,7,1,20
Wattay International Airport,VTE,04/07/2024 12:00,Suvarnabhumi Airport,BKK,04/07/2024 13:20,80,Lao Airlines,Economy,80,N/A,N/A,123,Y,Y,Y,1,7,1,20
Wattay International Airport,VTE,04/07/2024 13:40,Suvarnabhumi Airport,BKK,04/07/2024 15:00,80,THAI,Economy,80,N/A,N/A,128,Y,Y,Y,1,7,2,23
Wattay International Airport,VTE,04/07/2024 20:30,Suvarnabhumi Airport,BKK,04/07/2024 21:55,85,THAI,Economy,85,N/A,N/A,128,Y,Y,Y,1,7,2,23
Wattay International Airport,VTE,04/07/2024 10:40,Kunming Changshui International Airport,KMG,04/07/2024 13:15,95,China Eastern,Economy,575,320,N/A,248,Y,Y,Y,1,8,2,23
Wattay International Airport,VTE,04/07/2024 21:50,Kunming Changshui International Airport,KMG,05/07/2024 0:25,95,China Eastern,Economy,1025,780,TRUE,285,Y,Y,Y,1,8,2,23
Wattay International Airport,VTE,04/07/2024 23:20,Shanghai Pudong International Airport,PVG,05/07/2024 4:30,250,China Eastern,Economy,1295,790,TRUE,376,Y,Y,Y,1,8,2,23
Wattay International Airport,VTE,04/07/2024 23:20,Shanghai Pudong International Airport,PVG,05/07/2024 4:30,250,China Eastern,Economy,990,440,TRUE,407,Y,Y,Y,1,8,2,23
Wattay International Airport,VTE,04/07/2024 23:20,Shanghai Pudong International Airport,PVG,05/07/2024 4:30,250,China Eastern,Economy,790,275,TRUE,465,Y,Y,Y,1,8,2,23
Wattay International Airport,VTE,05/07/2024 12:05,Suvarnabhumi Airport,BKK,05/07/2024 13:05,60,Lao Airlines,Economy,60,N/A,N/A,80,Y,Y,Y,1,7,1,20
Wattay International Airport,VTE,05/07/2024 18:40,Suvarnabhumi Airport,BKK,05/07/2024 19:40,60,Lao Airlines,Economy,60,N/A,N/A,80,Y,Y,Y,1,7,1,20
Wattay International Airport,VTE,05/07/2024 13:40,Suvarnabhumi Airport,BKK,05/07/2024 15:00,80,THAI,Economy,80,N/A,N/A,128,Y,Y,Y,1,7,2,23
Wattay International Airport,VTE,05/07/2024 20:30,Suvarnabhumi Airport,BKK,05/07/2024 21:55,85,THAI,Economy,85,N/A,N/A,128,Y,Y,Y,1,7,2,23
Wattay International Airport,VTE,05/07/2024 21:50,Kunming Changshui International Airport,KMG,06/07/2024 0:25,95,China Eastern,Economy,1345,1090,TRUE,248,Y,Y,Y,1,8,2,23
Wattay International Airport,VTE,05/07/2024 19:10,Guangzhou Baiyun International Airport,CAN,05/07/2024 22:25,135,China Southern,Economy,380,70,N/A,275,Y,Y,Y,1,8,1,23
Wattay International Airport,VTE,05/07/2024 21:50,Kunming Changshui International Airport,KMG,06/07/2024 0:25,95,China Eastern,Economy,1025,780,TRUE,285,Y,Y,Y,1,8,2,23
Wattay International Airport,VTE,05/07/2024 23:20,Shanghai Pudong International Airport,PVG,06/07/2024 4:30,250,China Eastern,Economy,1520,990,TRUE,378,Y,Y,Y,1,8,2,23
Wattay International Airport,VTE,05/07/2024 23:20,Shanghai Pudong International Airport,PVG,06/07/2024 4:30,250,China Eastern,Economy,790,275,TRUE,504,Y,Y,Y,1,8,2,23
Wattay International Airport,VTE,06/07/2024 18:40,Suvarnabhumi Airport,BKK,06/07/2024 19:40,60,Lao Airlines,Economy,60,N/A,N/A,80,Y,Y,Y,1,7,1,20
Wattay International Airport,VTE,06/07/2024 12:00,Suvarnabhumi Airport,BKK,06/07/2024 13:20,80,Lao Airlines,Economy,80,N/A,N/A,123,Y,Y,Y,1,7,1,20
Wattay International Airport,VTE,06/07/2024 13:40,Suvarnabhumi Airport,BKK,06/07/2024 15:00,80,THAI,Economy,80,N/A,N/A,128,Y,Y,Y,1,7,2,23
Wattay International Airport,VTE,06/07/2024 20:30,Suvarnabhumi Airport,BKK,06/07/2024 21:55,85,THAI,Economy,85,N/A,N/A,128,Y,Y,Y,1,7,2,23
Wattay International Airport,VTE,06/07/2024 21:50,Kunming Changshui International Airport,KMG,07/07/2024 0:25,95,China Eastern,Economy,1345,1090,TRUE,248,Y,Y,Y,1,8,2,23
Wattay International Airport,VTE,06/07/2024 21:50,Kunming Changshui International Airport,KMG,07/07/2024 0:25,95,China Eastern,Economy,1025,780,TRUE,285,Y,Y,Y,1,8,2,23
Wattay International Airport,VTE,06/07/2024 23:50,Incheon International Airport,ICN,07/07/2024 7:20,330,Jeju Air,Economy,1485,800,N/A,332,Y,Y,Y,1,10,1,15
Wattay International Airport,VTE,06/07/2024 23:20,Shanghai Pudong International Airport,PVG,07/07/2024 4:30,250,China Eastern,Economy,790,275,TRUE,504,Y,Y,Y,1,8,2,23
Wattay International Airport,VTE,07/07/2024 18:40,Suvarnabhumi Airport,BKK,07/07/2024 19:40,60,Lao Airlines,Economy,60,N/A,N/A,80,Y,Y,Y,1,7,1,20
Wattay International Airport,VTE,07/07/2024 20:30,Suvarnabhumi Airport,BKK,07/07/2024 21:55,85,THAI,Economy,85,N/A,N/A,128,Y,Y,Y,1,7,2,23
Wattay International Airport,VTE,07/07/2024 11:45,Suvarnabhumi Airport,BKK,07/07/2024 13:05,80,Lao Airlines,Economy,80,N/A,N/A,133,Y,Y,Y,1,7,1,20
Wattay International Airport,VTE,07/07/2024 13:40,Suvarnabhumi Airport,BKK,07/07/2024 15:00,80,THAI,Economy,80,N/A,N/A,138,Y,Y,Y,1,7,2,23
Wattay International Airport,VTE,07/07/2024 21:50,Kunming Changshui International Airport,KMG,08/07/2024 0:25,95,China Eastern,Economy,860,605,TRUE,248,Y,Y,Y,1,8,2,23
Wattay International Airport,VTE,07/07/2024 19:10,Guangzhou Baiyun International Airport,CAN,07/07/2024 22:25,135,China Southern,Economy,380,70,N/A,275,Y,Y,Y,1,8,1,23
Wattay International Airport,VTE,07/07/2024 23:50,Incheon International Airport,ICN,08/07/2024 7:20,330,Jeju Air,Economy,1449,765,N/A,321,Y,Y,Y,1,10,1,15
Wattay International Airport,VTE,07/07/2024 23:20,Shanghai Pudong International Airport,PVG,08/07/2024 4:30,250,China Eastern,Economy,790,275,TRUE,542,Y,Y,Y,1,8,2,23
Wattay International Airport,VTE,07/07/2024 23:20,Shanghai Pudong International Airport,PVG,08/07/2024 4:30,250,China Eastern,Economy,990,435,TRUE,542,Y,Y,Y,1,8,2,23
Wattay International Airport,VTE,08/07/2024 12:05,Suvarnabhumi Airport,BKK,08/07/2024 13:05,60,Lao Airlines,Economy,60,N/A,N/A,80,Y,Y,Y,1,7,1,20
Wattay International Airport,VTE,08/07/2024 18:40,Suvarnabhumi Airport,BKK,08/07/2024 19:40,60,Lao Airlines,Economy,60,N/A,N/A,80,Y,Y,Y,1,7,1,20
Wattay International Airport,VTE,08/07/2024 13:40,Suvarnabhumi Airport,BKK,08/07/2024 15:00,80,THAI,Economy,80,N/A,N/A,128,Y,Y,Y,1,7,2,23
Wattay International Airport,VTE,08/07/2024 20:30,Suvarnabhumi Airport,BKK,08/07/2024 21:55,85,THAI,Economy,85,N/A,N/A,128,Y,Y,Y,1,7,2,23
Wattay International Airport,VTE,08/07/2024 10:40,Kunming Changshui International Airport,KMG,08/07/2024 13:15,95,China Eastern,Economy,575,320,N/A,248,Y,Y,Y,1,8,2,23
Wattay International Airport,VTE,08/07/2024 21:50,Kunming Changshui International Airport,KMG,09/07/2024 0:25,95,China Eastern,Economy,860,605,TRUE,248,Y,Y,Y,1,8,2,23
Wattay International Airport,VTE,08/07/2024 23:50,Incheon International Airport,ICN,09/07/2024 7:20,330,Jeju Air,Economy,1449,765,N/A,337,Y,Y,Y,1,10,1,15
Wattay International Airport,VTE,08/07/2024 23:20,Shanghai Pudong International Airport,PVG,09/07/2024 4:30,250,China Eastern,Economy,1520,990,TRUE,351,Y,Y,Y,1,8,2,23
Wattay International Airport,VTE,08/07/2024 23:20,Shanghai Pudong International Airport,PVG,09/07/2024 4:30,250,China Eastern,Economy,790,260,TRUE,446,Y,Y,Y,1,8,2,23
Wattay International Airport,VTE,09/07/2024 11:45,Suvarnabhumi Airport,BKK,09/07/2024 13:05,80,Lao Airlines,Economy,80,N/A,N/A,80,Y,Y,Y,1,7,1,20
Wattay International Airport,VTE,09/07/2024 18:40,Suvarnabhumi Airport,BKK,09/07/2024 19:40,60,Lao Airlines,Economy,60,N/A,N/A,80,Y,Y,Y,1,7,1,20
Wattay International Airport,VTE,09/07/2024 13:40,Suvarnabhumi Airport,BKK,09/07/2024 15:00,80,THAI,Economy,80,N/A,N/A,128,Y,Y,Y,1,7,2,23
Wattay International Airport,VTE,09/07/2024 20:30,Suvarnabhumi Airport,BKK,09/07/2024 21:55,85,THAI,Economy,85,N/A,N/A,128,Y,Y,Y,1,7,2,23
Wattay International Airport,VTE,09/07/2024 10:40,Kunming Changshui International Airport,KMG,09/07/2024 13:15,95,China Eastern,Economy,575,320,N/A,248,Y,Y,Y,1,8,2,23
Wattay International Airport,VTE,09/07/2024 21:50,Kunming Changshui International Airport,KMG,10/07/2024 0:25,95,China Eastern,Economy,870,605,TRUE,248,Y,Y,Y,1,8,2,23
Wattay International Airport,VTE,09/07/2024 23:50,Incheon International Airport,ICN,10/07/2024 7:20,330,Jeju Air,Economy,1449,765,N/A,270,Y,Y,Y,1,10,1,15
Wattay International Airport,VTE,09/07/2024 23:20,Shanghai Pudong International Airport,PVG,10/07/2024 4:30,250,China Eastern,Economy,990,450,TRUE,446,Y,Y,Y,1,8,2,23
Wattay International Airport,VTE,09/07/2024 23:20,Shanghai Pudong International Airport,PVG,10/07/2024 4:30,250,China Eastern,Economy,790,275,TRUE,504,Y,Y,Y,1,8,2,23
Wattay International Airport,VTE,10/07/2024 12:05,Suvarnabhumi Airport,BKK,10/07/2024 13:05,60,Lao Airlines,Economy,60,N/A,N/A,80,Y,Y,Y,1,7,1,20
Wattay International Airport,VTE,10/07/2024 18:40,Suvarnabhumi Airport,BKK,10/07/2024 19:40,60,Lao Airlines,Economy,60,N/A,N/A,80,Y,Y,Y,1,7,1,20
Wattay International Airport,VTE,10/07/2024 13:40,Suvarnabhumi Airport,BKK,10/07/2024 15:00,80,THAI,Economy,80,N/A,N/A,128,Y,Y,Y,1,7,2,23
Wattay International Airport,VTE,10/07/2024 20:30,Suvarnabhumi Airport,BKK,10/07/2024 21:55,85,THAI,Economy,85,N/A,N/A,128,Y,Y,Y,1,7,2,23
Wattay International Airport,VTE,10/07/2024 23:50,Incheon International Airport,ICN,11/07/2024 7:20,330,Jeju Air,Economy,1485,800,N/A,244,Y,Y,Y,1,10,1,15
Wattay International Airport,VTE,10/07/2024 21:50,Kunming Changshui International Airport,KMG,11/07/2024 0:25,95,China Eastern,Economy,860,605,TRUE,248,Y,Y,Y,1,8,2,23
Wattay International Airport,VTE,10/07/2024 19:10,Guangzhou Baiyun International Airport,CAN,10/07/2024 22:25,135,China Southern,Economy,380,70,N/A,275,Y,Y,Y,1,8,1,23
Wattay International Airport,VTE,10/07/2024 23:20,Shanghai Pudong International Airport,PVG,11/07/2024 4:30,250,China Eastern,Economy,790,260,TRUE,376,Y,Y,Y,1,8,2,23
Wattay International Airport,VTE,10/07/2024 23:20,Shanghai Pudong International Airport,PVG,11/07/2024 4:30,250,China Eastern,Economy,990,450,TRUE,407,Y,Y,Y,1,8,2,23
Wattay International Airport,VTE,11/07/2024 18:40,Suvarnabhumi Airport,BKK,11/07/2024 19:40,60,Lao Airlines,Economy,60,N/A,N/A,80,Y,Y,Y,1,7,1,20
Wattay International Airport,VTE,11/07/2024 11:45,Suvarnabhumi Airport,BKK,11/07/2024 13:05,80,Lao Airlines,Economy,80,N/A,N/A,123,Y,Y,Y,1,7,1,20
Wattay International Airport,VTE,11/07/2024 13:40,Suvarnabhumi Airport,BKK,11/07/2024 15:00,80,THAI,Economy,80,N/A,N/A,128,Y,Y,Y,1,7,2,23
Wattay International Airport,VTE,11/07/2024 20:30,Suvarnabhumi Airport,BKK,11/07/2024 21:55,85,THAI,Economy,85,N/A,N/A,128,Y,Y,Y,1,7,2,23
Wattay International Airport,VTE,11/07/2024 10:40,Kunming Changshui International Airport,KMG,11/07/2024 13:15,95,China Eastern,Economy,575,320,N/A,248,Y,Y,Y,1,8,2,23
Wattay International Airport,VTE,11/07/2024 21:50,Kunming Changshui International Airport,KMG,12/07/2024 0:25,95,China Eastern,Economy,870,605,TRUE,248,Y,Y,Y,1,8,2,23
Wattay International Airport,VTE,11/07/2024 23:50,Incheon International Airport,ICN,12/07/2024 7:20,330,Jeju Air,Economy,1449,765,N/A,302,Y,Y,Y,1,10,1,15
Wattay International Airport,VTE,11/07/2024 23:20,Shanghai Pudong International Airport,PVG,12/07/2024 4:30,250,China Eastern,Economy,790,275,TRUE,376,Y,Y,Y,1,8,2,23
Wattay International Airport,VTE,11/07/2024 23:20,Shanghai Pudong International Airport,PVG,12/07/2024 4:30,250,China Eastern,Economy,1125,595,TRUE,407,Y,Y,Y,1,8,2,23
Wattay International Airport,VTE,12/07/2024 12:05,Suvarnabhumi Airport,BKK,12/07/2024 13:05,60,Lao Airlines,Economy,60,N/A,N/A,80,Y,Y,Y,1,7,1,20
Wattay International Airport,VTE,12/07/2024 18:40,Suvarnabhumi Airport,BKK,12/07/2024 19:40,60,Lao Airlines,Economy,60,N/A,N/A,80,Y,Y,Y,1,7,1,20
Wattay International Airport,VTE,12/07/2024 13:40,Suvarnabhumi Airport,BKK,12/07/2024 15:00,80,THAI,Economy,80,N/A,N/A,128,Y,Y,Y,1,7,2,23
Wattay International Airport,VTE,12/07/2024 20:30,Suvarnabhumi Airport,BKK,12/07/2024 21:55,85,THAI,Economy,85,N/A,N/A,128,Y,Y,Y,1,7,2,23
Wattay International Airport,VTE,12/07/2024 10:40,Kunming Changshui International Airport,KMG,12/07/2024 13:15,95,China Eastern,Economy,695,465,N/A,248,Y,Y,Y,1,8,2,23
Wattay International Airport,VTE,12/07/2024 21:50,Kunming Changshui International Airport,KMG,13/07/2024 0:25,95,China Eastern,Economy,860,605,TRUE,248,Y,Y,Y,1,8,2,23
Wattay International Airport,VTE,12/07/2024 19:10,Guangzhou Baiyun International Airport,CAN,12/07/2024 22:25,135,China Southern,Economy,380,70,N/A,282,Y,Y,Y,1,8,1,23
Wattay International Airport,VTE,12/07/2024 23:50,Incheon International Airport,ICN,13/07/2024 7:20,330,Jeju Air,Economy,1449,765,N/A,333,Y,Y,Y,1,10,1,15
Wattay International Airport,VTE,12/07/2024 23:20,Shanghai Pudong International Airport,PVG,13/07/2024 4:30,250,China Eastern,Economy,790,275,TRUE,446,Y,Y,Y,1,8,2,23
Wattay International Airport,VTE,12/07/2024 23:20,Shanghai Pudong International Airport,PVG,13/07/2024 4:30,250,China Eastern,Economy,990,435,TRUE,446,Y,Y,Y,1,8,2,23
Wattay International Airport,VTE,13/07/2024 18:40,Suvarnabhumi Airport,BKK,13/07/2024 19:40,60,Lao Airlines,Economy,60,N/A,N/A,80,Y,Y,Y,1,7,1,20
Wattay International Airport,VTE,13/07/2024 11:45,Suvarnabhumi Airport,BKK,13/07/2024 13:05,80,Lao Airlines,Economy,80,N/A,N/A,123,Y,Y,Y,1,7,1,20
Wattay International Airport,VTE,13/07/2024 13:40,Suvarnabhumi Airport,BKK,13/07/2024 15:00,80,THAI,Economy,80,N/A,N/A,128,Y,Y,Y,1,7,2,23
Wattay International Airport,VTE,13/07/2024 20:30,Suvarnabhumi Airport,BKK,13/07/2024 21:55,85,THAI,Economy,85,N/A,N/A,128,Y,Y,Y,1,7,2,23
Wattay International Airport,VTE,13/07/2024 10:40,Kunming Changshui International Airport,KMG,13/07/2024 13:15,95,China Eastern,Economy,695,465,N/A,248,Y,Y,Y,1,8,2,23
Wattay International Airport,VTE,13/07/2024 21:50,Kunming Changshui International Airport,KMG,14/07/2024 0:25,95,China Eastern,Economy,870,605,TRUE,248,Y,Y,Y,1,8,2,23
Wattay International Airport,VTE,13/07/2024 23:50,Incheon International Airport,ICN,14/07/2024 7:20,330,Jeju Air,Economy,1449,765,N/A,337,Y,Y,Y,1,10,1,15
Wattay International Airport,VTE,13/07/2024 23:20,Shanghai Pudong International Airport,PVG,14/07/2024 4:30,250,China Eastern,Economy,790,275,TRUE,446,Y,Y,Y,1,8,2,23
Wattay International Airport,VTE,13/07/2024 23:20,Shanghai Pudong International Airport,PVG,14/07/2024 4:30,250,China Eastern,Economy,990,435,TRUE,446,Y,Y,Y,1,8,2,23
Wattay International Airport,VTE,14/07/2024 18:40,Suvarnabhumi Airport,BKK,14/07/2024 19:40,60,Lao Airlines,Economy,60,N/A,N/A,80,Y,Y,Y,1,7,1,20
Wattay International Airport,VTE,14/07/2024 11:45,Suvarnabhumi Airport,BKK,14/07/2024 13:05,80,Lao Airlines,Economy,80,N/A,N/A,123,Y,Y,Y,1,7,1,20
Wattay International Airport,VTE,14/07/2024 13:40,Suvarnabhumi Airport,BKK,14/07/2024 15:00,80,THAI,Economy,80,N/A,N/A,128,Y,Y,Y,1,7,2,23
Wattay International Airport,VTE,14/07/2024 20:30,Suvarnabhumi Airport,BKK,14/07/2024 21:55,85,THAI,Economy,85,N/A,N/A,128,Y,Y,Y,1,7,2,23
Wattay International Airport,VTE,14/07/2024 21:50,Kunming Changshui International Airport,KMG,15/07/2024 0:25,95,China Eastern,Economy,860,605,TRUE,248,Y,Y,Y,1,8,2,23
Wattay International Airport,VTE,14/07/2024 19:10,Guangzhou Baiyun International Airport,CAN,14/07/2024 22:25,135,China Southern,Economy,380,70,N/A,282,Y,Y,Y,1,8,1,23
Wattay International Airport,VTE,14/07/2024 23:50,Incheon International Airport,ICN,15/07/2024 7:20,330,Jeju Air,Economy,1449,765,N/A,292,Y,Y,Y,1,10,1,15
Wattay International Airport,VTE,14/07/2024 23:20,Shanghai Pudong International Airport,PVG,15/07/2024 4:30,250,China Eastern,Economy,790,275,TRUE,446,Y,Y,Y,1,8,2,23
Wattay International Airport,VTE,14/07/2024 23:20,Shanghai Pudong International Airport,PVG,15/07/2024 4:30,250,China Eastern,Economy,990,435,TRUE,446,Y,Y,Y,1,8,2,23
Wattay International Airport,VTE,15/07/2024 12:05,Suvarnabhumi Airport,BKK,15/07/2024 13:05,60,Lao Airlines,Economy,60,N/A,N/A,80,Y,Y,Y,1,7,1,20
Wattay International Airport,VTE,15/07/2024 18:40,Suvarnabhumi Airport,BKK,15/07/2024 19:40,60,Lao Airlines,Economy,60,N/A,N/A,80,Y,Y,Y,1,7,1,20
Wattay International Airport,VTE,15/07/2024 13:40,Suvarnabhumi Airport,BKK,15/07/2024 15:00,80,THAI,Economy,80,N/A,N/A,128,Y,Y,Y,1,7,2,23
Wattay International Airport,VTE,15/07/2024 20:30,Suvarnabhumi Airport,BKK,15/07/2024 21:55,85,THAI,Economy,85,N/A,N/A,128,Y,Y,Y,1,7,2,23
Wattay International Airport,VTE,15/07/2024 10:40,Kunming Changshui International Airport,KMG,15/07/2024 13:15,95,China Eastern,Economy,695,465,N/A,248,Y,Y,Y,1,8,2,23
Wattay International Airport,VTE,15/07/2024 21:50,Kunming Changshui International Airport,KMG,16/07/2024 0:25,95,China Eastern,Economy,860,605,TRUE,248,Y,Y,Y,1,8,2,23
Wattay International Airport,VTE,15/07/2024 23:50,Incheon International Airport,ICN,16/07/2024 7:20,330,Jeju Air,Economy,1485,800,N/A,274,Y,Y,Y,1,10,1,15
Wattay International Airport,VTE,15/07/2024 23:50,Incheon International Airport,ICN,16/07/2024 7:20,330,Jeju Air,Economy,1449,765,N/A,276,Y,Y,Y,1,10,1,15
Wattay International Airport,VTE,15/07/2024 10:40,Kunming Changshui International Airport,KMG,15/07/2024 13:15,95,China Eastern,Economy,575,320,N/A,285,Y,Y,Y,1,8,2,23
Wattay International Airport,VTE,15/07/2024 23:20,Shanghai Pudong International Airport,PVG,16/07/2024 4:30,250,China Eastern,Economy,790,260,TRUE,414,Y,Y,Y,1,8,2,23
Wattay International Airport,VTE,16/07/2024 11:45,Suvarnabhumi Airport,BKK,16/07/2024 13:05,80,Lao Airlines,Economy,80,N/A,N/A,80,Y,Y,Y,1,7,1,20
Wattay International Airport,VTE,16/07/2024 18:40,Suvarnabhumi Airport,BKK,16/07/2024 19:40,60,Lao Airlines,Economy,60,N/A,N/A,80,Y,Y,Y,1,7,1,20
Wattay International Airport,VTE,16/07/2024 13:40,Suvarnabhumi Airport,BKK,16/07/2024 15:00,80,THAI,Economy,80,N/A,N/A,128,Y,Y,Y,1,7,2,23
Wattay International Airport,VTE,16/07/2024 20:30,Suvarnabhumi Airport,BKK,16/07/2024 21:55,85,THAI,Economy,85,N/A,N/A,128,Y,Y,Y,1,7,2,23
Wattay International Airport,VTE,16/07/2024 10:40,Kunming Changshui International Airport,KMG,16/07/2024 13:15,95,China Eastern,Economy,575,320,N/A,248,Y,Y,Y,1,8,2,23
Wattay International Airport,VTE,16/07/2024 21:50,Kunming Changshui International Airport,KMG,17/07/2024 0:25,95,China Eastern,Economy,870,605,TRUE,248,Y,Y,Y,1,8,2,23
Wattay International Airport,VTE,16/07/2024 23:50,Incheon International Airport,ICN,17/07/2024 7:20,330,Jeju Air,Economy,1449,765,N/A,295,Y,Y,Y,1,10,1,15
Wattay International Airport,VTE,16/07/2024 23:20,Shanghai Pudong International Airport,PVG,17/07/2024 4:30,250,China Eastern,Economy,790,275,TRUE,407,Y,Y,Y,1,8,2,23
Wattay International Airport,VTE,16/07/2024 23:20,Shanghai Pudong International Airport,PVG,17/07/2024 4:30,250,China Eastern,Economy,990,450,TRUE,407,Y,Y,Y,1,8,2,23
Wattay International Airport,VTE,17/07/2024 12:05,Suvarnabhumi Airport,BKK,17/07/2024 13:05,60,Lao Airlines,Economy,60,N/A,N/A,80,Y,Y,Y,1,7,1,20
Wattay International Airport,VTE,17/07/2024 18:40,Suvarnabhumi Airport,BKK,17/07/2024 19:40,60,Lao Airlines,Economy,60,N/A,N/A,80,Y,Y,Y,1,7,1,20
Wattay International Airport,VTE,17/07/2024 13:40,Suvarnabhumi Airport,BKK,17/07/2024 15:00,80,THAI,Economy,80,N/A,N/A,128,Y,Y,Y,1,7,2,23
Wattay International Airport,VTE,17/07/2024 20:30,Suvarnabhumi Airport,BKK,17/07/2024 21:55,85,THAI,Economy,85,N/A,N/A,128,Y,Y,Y,1,7,2,23
Wattay International Airport,VTE,17/07/2024 10:40,Kunming Changshui International Airport,KMG,17/07/2024 13:15,95,China Eastern,Economy,575,320,N/A,248,Y,Y,Y,1,8,2,23
Wattay International Airport,VTE,17/07/2024 21:50,Kunming Changshui International Airport,KMG,18/07/2024 0:25,95,China Eastern,Economy,860,605,TRUE,248,Y,Y,Y,1,8,2,23
Wattay International Airport,VTE,17/07/2024 23:50,Incheon International Airport,ICN,18/07/2024 7:20,330,Jeju Air,Economy,1449,765,N/A,274,Y,Y,Y,1,10,1,15
Wattay International Airport,VTE,17/07/2024 19:10,Guangzhou Baiyun International Airport,CAN,17/07/2024 22:25,135,China Southern,Economy,380,70,N/A,282,Y,Y,Y,1,8,1,23
Wattay International Airport,VTE,17/07/2024 23:20,Shanghai Pudong International Airport,PVG,18/07/2024 4:30,250,China Eastern,Economy,790,260,TRUE,414,Y,Y,Y,1,8,2,23
Wattay International Airport,VTE,17/07/2024 23:20,Shanghai Pudong International Airport,PVG,18/07/2024 4:30,250,China Eastern,Economy,990,450,TRUE,446,Y,Y,Y,1,8,2,23
Wattay International Airport,VTE,18/07/2024 11:45,Suvarnabhumi Airport,BKK,18/07/2024 13:05,80,Lao Airlines,Economy,80,N/A,N/A,80,Y,Y,Y,1,7,1,20
Wattay International Airport,VTE,18/07/2024 18:40,Suvarnabhumi Airport,BKK,18/07/2024 19:40,60,Lao Airlines,Economy,60,N/A,N/A,80,Y,Y,Y,1,7,1,20
Wattay International Airport,VTE,18/07/2024 13:40,Suvarnabhumi Airport,BKK,18/07/2024 15:00,80,THAI,Economy,80,N/A,N/A,128,Y,Y,Y,1,7,2,23
Wattay International Airport,VTE,18/07/2024 20:30,Suvarnabhumi Airport,BKK,18/07/2024 21:55,85,THAI,Economy,85,N/A,N/A,128,Y,Y,Y,1,7,2,23
Wattay International Airport,VTE,18/07/2024 10:40,Kunming Changshui International Airport,KMG,18/07/2024 13:15,95,China Eastern,Economy,695,465,N/A,248,Y,Y,Y,1,8,2,23
Wattay International Airport,VTE,18/07/2024 21:50,Kunming Changshui International Airport,KMG,19/07/2024 0:25,95,China Eastern,Economy,870,605,TRUE,248,Y,Y,Y,1,8,2,23
Wattay International Airport,VTE,18/07/2024 10:40,Kunming Changshui International Airport,KMG,18/07/2024 13:15,95,China Eastern,Economy,575,320,N/A,285,Y,Y,Y,1,8,2,23
Wattay International Airport,VTE,18/07/2024 23:20,Shanghai Pudong International Airport,PVG,19/07/2024 4:30,250,China Eastern,Economy,1295,790,TRUE,376,Y,Y,Y,1,8,2,23
Wattay International Airport,VTE,18/07/2024 23:20,Shanghai Pudong International Airport,PVG,19/07/2024 4:30,250,China Eastern,Economy,990,440,TRUE,407,Y,Y,Y,1,8,2,23
Wattay International Airport,VTE,18/07/2024 23:20,Shanghai Pudong International Airport,PVG,19/07/2024 4:30,250,China Eastern,Economy,790,275,TRUE,465,Y,Y,Y,1,8,2,23
Wattay International Airport,VTE,19/07/2024 12:05,Suvarnabhumi Airport,BKK,19/07/2024 13:05,60,Lao Airlines,Economy,60,N/A,N/A,80,Y,Y,Y,1,7,1,20
Wattay International Airport,VTE,19/07/2024 18:40,Suvarnabhumi Airport,BKK,19/07/2024 19:40,60,Lao Airlines,Economy,60,N/A,N/A,80,Y,Y,Y,1,7,1,20
Wattay International Airport,VTE,19/07/2024 13:40,Suvarnabhumi Airport,BKK,19/07/2024 15:00,80,THAI,Economy,80,N/A,N/A,128,Y,Y,Y,1,7,2,23
Wattay International Airport,VTE,19/07/2024 20:30,Suvarnabhumi Airport,BKK,19/07/2024 21:55,85,THAI,Economy,85,N/A,N/A,128,Y,Y,Y,1,7,2,23
Wattay International Airport,VTE,19/07/2024 10:40,Kunming Changshui International Airport,KMG,19/07/2024 13:15,95,China Eastern,Economy,695,465,N/A,248,Y,Y,Y,1,8,2,23
Wattay International Airport,VTE,19/07/2024 21:50,Kunming Changshui International Airport,KMG,20/07/2024 0:25,95,China Eastern,Economy,860,605,TRUE,248,Y,Y,Y,1,8,2,23
Wattay International Airport,VTE,19/07/2024 19:10,Guangzhou Baiyun International Airport,CAN,19/07/2024 22:25,135,China Southern,Economy,380,70,N/A,282,Y,Y,Y,1,8,1,23
Wattay International Airport,VTE,19/07/2024 23:50,Incheon International Airport,ICN,20/07/2024 7:20,330,Jeju Air,Economy,1485,800,N/A,329,Y,Y,Y,1,10,1,15
Wattay International Airport,VTE,19/07/2024 23:50,Incheon International Airport,ICN,20/07/2024 7:20,330,Jeju Air,Economy,1449,765,N/A,341,Y,Y,Y,1,10,1,15
Wattay International Airport,VTE,19/07/2024 23:20,Shanghai Pudong International Airport,PVG,20/07/2024 4:30,250,China Eastern,Economy,790,275,TRUE,550,Y,Y,Y,1,8,2,23
Wattay International Airport,VTE,20/07/2024 11:45,Suvarnabhumi Airport,BKK,20/07/2024 13:05,80,Lao Airlines,Economy,80,N/A,N/A,80,Y,Y,Y,1,7,1,20
Wattay International Airport,VTE,20/07/2024 18:40,Suvarnabhumi Airport,BKK,20/07/2024 19:40,60,Lao Airlines,Economy,60,N/A,N/A,80,Y,Y,Y,1,7,1,20
Wattay International Airport,VTE,20/07/2024 13:40,Suvarnabhumi Airport,BKK,20/07/2024 15:00,80,THAI,Economy,80,N/A,N/A,128,Y,Y,Y,1,7,2,23
Wattay International Airport,VTE,20/07/2024 20:30,Suvarnabhumi Airport,BKK,20/07/2024 21:55,85,THAI,Economy,85,N/A,N/A,128,Y,Y,Y,1,7,2,23
Wattay International Airport,VTE,20/07/2024 21:50,Kunming Changshui International Airport,KMG,21/07/2024 0:25,95,China Eastern,Economy,870,605,TRUE,248,Y,Y,Y,1,8,2,23
Wattay International Airport,VTE,20/07/2024 23:50,Incheon International Airport,ICN,21/07/2024 7:20,330,Jeju Air,Economy,1449,765,N/A,289,Y,Y,Y,1,10,1,15
Wattay International Airport,VTE,20/07/2024 23:20,Shanghai Pudong International Airport,PVG,21/07/2024 4:30,250,China Eastern,Economy,1295,790,TRUE,414,Y,Y,Y,1,8,2,23
Wattay International Airport,VTE,20/07/2024 23:20,Shanghai Pudong International Airport,PVG,21/07/2024 4:30,250,China Eastern,Economy,790,275,TRUE,504,Y,Y,Y,1,8,2,23
Wattay International Airport,VTE,21/07/2024 11:45,Suvarnabhumi Airport,BKK,21/07/2024 13:05,80,Lao Airlines,Economy,80,N/A,N/A,80,Y,Y,Y,1,7,1,20
Wattay International Airport,VTE,21/07/2024 18:40,Suvarnabhumi Airport,BKK,21/07/2024 19:40,60,Lao Airlines,Economy,60,N/A,N/A,80,Y,Y,Y,1,7,1,20
Wattay International Airport,VTE,21/07/2024 20:30,Suvarnabhumi Airport,BKK,21/07/2024 21:55,85,THAI,Economy,85,N/A,N/A,128,Y,Y,Y,1,7,2,23
Wattay International Airport,VTE,21/07/2024 13:40,Suvarnabhumi Airport,BKK,21/07/2024 15:00,80,THAI,Economy,80,N/A,N/A,138,Y,Y,Y,1,7,2,23
Wattay International Airport,VTE,21/07/2024 10:40,Kunming Changshui International Airport,KMG,21/07/2024 13:15,95,China Eastern,Economy,695,465,N/A,248,Y,Y,Y,1,8,2,23
Wattay International Airport,VTE,21/07/2024 21:50,Kunming Changshui International Airport,KMG,22/07/2024 0:25,95,China Eastern,Economy,860,605,TRUE,248,Y,Y,Y,1,8,2,23
Wattay International Airport,VTE,21/07/2024 19:10,Guangzhou Baiyun International Airport,CAN,21/07/2024 22:25,135,China Southern,Economy,380,70,N/A,282,Y,Y,Y,1,8,1,23
Wattay International Airport,VTE,21/07/2024 23:50,Incheon International Airport,ICN,22/07/2024 7:20,330,Jeju Air,Economy,1449,765,N/A,328,Y,Y,Y,1,10,1,15
Wattay International Airport,VTE,21/07/2024 23:20,Shanghai Pudong International Airport,PVG,22/07/2024 4:30,250,China Eastern,Economy,790,275,TRUE,504,Y,Y,Y,1,8,2,23
Wattay International Airport,VTE,21/07/2024 23:20,Shanghai Pudong International Airport,PVG,22/07/2024 4:30,250,China Eastern,Economy,990,435,TRUE,504,Y,Y,Y,1,8,2,23
Wattay International Airport,VTE,22/07/2024 12:05,Suvarnabhumi Airport,BKK,22/07/2024 13:05,60,Lao Airlines,Economy,60,N/A,N/A,80,Y,Y,Y,1,7,1,20
Wattay International Airport,VTE,22/07/2024 18:40,Suvarnabhumi Airport,BKK,22/07/2024 19:40,60,Lao Airlines,Economy,60,N/A,N/A,80,Y,Y,Y,1,7,1,20
Wattay International Airport,VTE,22/07/2024 13:40,Suvarnabhumi Airport,BKK,22/07/2024 15:00,80,THAI,Economy,80,N/A,N/A,128,Y,Y,Y,1,7,2,23
Wattay International Airport,VTE,22/07/2024 20:30,Suvarnabhumi Airport,BKK,22/07/2024 21:55,85,THAI,Economy,85,N/A,N/A,128,Y,Y,Y,1,7,2,23
Wattay International Airport,VTE,22/07/2024 21:50,Kunming Changshui International Airport,KMG,23/07/2024 0:25,95,China Eastern,Economy,860,605,TRUE,248,Y,Y,Y,1,8,2,23
Wattay International Airport,VTE,22/07/2024 10:40,Kunming Changshui International Airport,KMG,22/07/2024 13:15,95,China Eastern,Economy,575,320,N/A,285,Y,Y,Y,1,8,2,23
Wattay International Airport,VTE,22/07/2024 23:20,Shanghai Pudong International Airport,PVG,23/07/2024 4:30,250,China Eastern,Economy,1295,790,TRUE,414,Y,Y,Y,1,8,2,23
Wattay International Airport,VTE,22/07/2024 23:20,Shanghai Pudong International Airport,PVG,23/07/2024 4:30,250,China Eastern,Economy,790,260,TRUE,504,Y,Y,Y,1,8,2,23
Wattay International Airport,VTE,22/07/2024 23:20,Shanghai Pudong International Airport,PVG,23/07/2024 4:30,250,China Eastern,Economy,990,450,TRUE,504,Y,Y,Y,1,8,2,23
Wattay International Airport,VTE,23/07/2024 11:45,Suvarnabhumi Airport,BKK,23/07/2024 13:05,80,Lao Airlines,Economy,80,N/A,N/A,80,Y,Y,Y,1,7,1,20
Wattay International Airport,VTE,23/07/2024 18:40,Suvarnabhumi Airport,BKK,23/07/2024 19:40,60,Lao Airlines,Economy,60,N/A,N/A,80,Y,Y,Y,1,7,1,20
Wattay International Airport,VTE,23/07/2024 13:40,Suvarnabhumi Airport,BKK,23/07/2024 15:00,80,THAI,Economy,80,N/A,N/A,128,Y,Y,Y,1,7,2,23
Wattay International Airport,VTE,23/07/2024 20:30,Suvarnabhumi Airport,BKK,23/07/2024 21:55,85,THAI,Economy,85,N/A,N/A,128,Y,Y,Y,1,7,2,23
Wattay International Airport,VTE,23/07/2024 10:40,Kunming Changshui International Airport,KMG,23/07/2024 13:15,95,China Eastern,Economy,695,465,N/A,248,Y,Y,Y,1,8,2,23
Wattay International Airport,VTE,23/07/2024 21:50,Kunming Changshui International Airport,KMG,24/07/2024 0:25,95,China Eastern,Economy,870,605,TRUE,248,Y,Y,Y,1,8,2,23
Wattay International Airport,VTE,23/07/2024 10:40,Kunming Changshui International Airport,KMG,23/07/2024 13:15,95,China Eastern,Economy,575,320,N/A,285,Y,Y,Y,1,8,2,23
Wattay International Airport,VTE,23/07/2024 23:50,Incheon International Airport,ICN,24/07/2024 7:20,330,Jeju Air,Economy,1449,765,N/A,359,Y,Y,Y,1,10,1,15
Wattay International Airport,VTE,23/07/2024 23:20,Shanghai Pudong International Airport,PVG,24/07/2024 4:30,250,China Eastern,Economy,1520,990,TRUE,378,Y,Y,Y,1,8,2,23
Wattay International Airport,VTE,23/07/2024 23:20,Shanghai Pudong International Airport,PVG,24/07/2024 4:30,250,China Eastern,Economy,790,275,TRUE,504,Y,Y,Y,1,8,2,23
Wattay International Airport,VTE,24/07/2024 12:05,Suvarnabhumi Airport,BKK,24/07/2024 13:05,60,Lao Airlines,Economy,60,N/A,N/A,80,Y,Y,Y,1,7,1,20
Wattay International Airport,VTE,24/07/2024 18:40,Suvarnabhumi Airport,BKK,24/07/2024 19:40,60,Lao Airlines,Economy,60,N/A,N/A,80,Y,Y,Y,1,7,1,20
Wattay International Airport,VTE,24/07/2024 13:40,Suvarnabhumi Airport,BKK,24/07/2024 15:00,80,THAI,Economy,80,N/A,N/A,128,Y,Y,Y,1,7,2,23
Wattay International Airport,VTE,24/07/2024 20:30,Suvarnabhumi Airport,BKK,24/07/2024 21:55,85,THAI,Economy,85,N/A,N/A,128,Y,Y,Y,1,7,2,23
Wattay International Airport,VTE,24/07/2024 10:40,Kunming Changshui International Airport,KMG,24/07/2024 13:15,95,China Eastern,Economy,695,465,N/A,248,Y,Y,Y,1,8,2,23
Wattay International Airport,VTE,24/07/2024 21:50,Kunming Changshui International Airport,KMG,25/07/2024 0:25,95,China Eastern,Economy,860,605,TRUE,248,Y,Y,Y,1,8,2,23
Wattay International Airport,VTE,24/07/2024 19:10,Guangzhou Baiyun International Airport,CAN,24/07/2024 22:25,135,China Southern,Economy,380,70,N/A,282,Y,Y,Y,1,8,1,23
Wattay International Airport,VTE,24/07/2024 23:20,Shanghai Pudong International Airport,PVG,25/07/2024 4:30,250,China Eastern,Economy,1520,990,TRUE,378,Y,Y,Y,1,8,2,23
Wattay International Airport,VTE,24/07/2024 23:20,Shanghai Pudong International Airport,PVG,25/07/2024 4:30,250,China Eastern,Economy,1295,790,TRUE,414,Y,Y,Y,1,8,2,23
Wattay International Airport,VTE,24/07/2024 23:20,Shanghai Pudong International Airport,PVG,25/07/2024 4:30,250,China Eastern,Economy,790,260,TRUE,504,Y,Y,Y,1,8,2,23
Wattay International Airport,VTE,25/07/2024 11:45,Suvarnabhumi Airport,BKK,25/07/2024 13:05,80,Lao Airlines,Economy,80,N/A,N/A,80,Y,Y,Y,1,7,1,20
Wattay International Airport,VTE,25/07/2024 18:40,Suvarnabhumi Airport,BKK,25/07/2024 19:40,60,Lao Airlines,Economy,60,N/A,N/A,80,Y,Y,Y,1,7,1,20
Wattay International Airport,VTE,25/07/2024 20:30,Suvarnabhumi Airport,BKK,25/07/2024 21:55,85,THAI,Economy,85,N/A,N/A,128,Y,Y,Y,1,7,2,23
Wattay International Airport,VTE,25/07/2024 13:40,Suvarnabhumi Airport,BKK,25/07/2024 15:00,80,THAI,Economy,80,N/A,N/A,138,Y,Y,Y,1,7,2,23
Wattay International Airport,VTE,25/07/2024 10:40,Kunming Changshui International Airport,KMG,25/07/2024 13:15,95,China Eastern,Economy,695,465,N/A,248,Y,Y,Y,1,8,2,23
Wattay International Airport,VTE,25/07/2024 21:50,Kunming Changshui International Airport,KMG,26/07/2024 0:25,95,China Eastern,Economy,870,605,TRUE,248,Y,Y,Y,1,8,2,23
Wattay International Airport,VTE,25/07/2024 10:40,Kunming Changshui International Airport,KMG,25/07/2024 13:15,95,China Eastern,Economy,575,320,N/A,285,Y,Y,Y,1,8,2,23
Wattay International Airport,VTE,25/07/2024 23:20,Shanghai Pudong International Airport,PVG,26/07/2024 4:30,250,China Eastern,Economy,1295,790,TRUE,446,Y,Y,Y,1,8,2,23
Wattay International Airport,VTE,25/07/2024 23:20,Shanghai Pudong International Airport,PVG,26/07/2024 4:30,250,China Eastern,Economy,790,275,TRUE,504,Y,Y,Y,1,8,2,23
Wattay International Airport,VTE,25/07/2024 23:20,Shanghai Pudong International Airport,PVG,26/07/2024 4:30,250,China Eastern,Economy,990,440,TRUE,504,Y,Y,Y,1,8,2,23
Wattay International Airport,VTE,26/07/2024 12:05,Suvarnabhumi Airport,BKK,26/07/2024 13:05,60,Lao Airlines,Economy,60,N/A,N/A,80,Y,Y,Y,1,7,1,20
Wattay International Airport,VTE,26/07/2024 18:40,Suvarnabhumi Airport,BKK,26/07/2024 19:40,60,Lao Airlines,Economy,60,N/A,N/A,80,Y,Y,Y,1,7,1,20
Wattay International Airport,VTE,26/07/2024 13:40,Suvarnabhumi Airport,BKK,26/07/2024 15:00,80,THAI,Economy,80,N/A,N/A,128,Y,Y,Y,1,7,2,23
Wattay International Airport,VTE,26/07/2024 20:30,Suvarnabhumi Airport,BKK,26/07/2024 21:55,85,THAI,Economy,85,N/A,N/A,128,Y,Y,Y,1,7,2,23
Wattay International Airport,VTE,26/07/2024 10:40,Kunming Changshui International Airport,KMG,26/07/2024 13:15,95,China Eastern,Economy,695,465,N/A,248,Y,Y,Y,1,8,2,23
Wattay International Airport,VTE,26/07/2024 21:50,Kunming Changshui International Airport,KMG,27/07/2024 0:25,95,China Eastern,Economy,860,605,TRUE,248,Y,Y,Y,1,8,2,23
Wattay International Airport,VTE,26/07/2024 19:10,Guangzhou Baiyun International Airport,CAN,26/07/2024 22:25,135,China Southern,Economy,380,70,N/A,282,Y,Y,Y,1,8,1,23
Wattay International Airport,VTE,26/07/2024 23:20,Shanghai Pudong International Airport,PVG,27/07/2024 4:30,250,China Eastern,Economy,1520,990,TRUE,414,Y,Y,Y,1,8,2,23
Wattay International Airport,VTE,26/07/2024 23:20,Shanghai Pudong International Airport,PVG,27/07/2024 4:30,250,China Eastern,Economy,790,275,TRUE,504,Y,Y,Y,1,8,2,23
Wattay International Airport,VTE,26/07/2024 23:20,Shanghai Pudong International Airport,PVG,27/07/2024 4:30,250,China Eastern,Economy,990,435,TRUE,504,Y,Y,Y,1,8,2,23
Wattay International Airport,VTE,27/07/2024 11:45,Suvarnabhumi Airport,BKK,27/07/2024 13:05,80,Lao Airlines,Economy,80,N/A,N/A,80,Y,Y,Y,1,7,1,20
Wattay International Airport,VTE,27/07/2024 18:40,Suvarnabhumi Airport,BKK,27/07/2024 19:40,60,Lao Airlines,Economy,60,N/A,N/A,80,Y,Y,Y,1,7,1,20
Wattay International Airport,VTE,27/07/2024 13:40,Suvarnabhumi Airport,BKK,27/07/2024 15:00,80,THAI,Economy,80,N/A,N/A,128,Y,Y,Y,1,7,2,23
Wattay International Airport,VTE,27/07/2024 20:30,Suvarnabhumi Airport,BKK,27/07/2024 21:55,85,THAI,Economy,85,N/A,N/A,128,Y,Y,Y,1,7,2,23
Wattay International Airport,VTE,27/07/2024 10:40,Kunming Changshui International Airport,KMG,27/07/2024 13:15,95,China Eastern,Economy,695,465,N/A,248,Y,Y,Y,1,8,2,23
Wattay International Airport,VTE,27/07/2024 21:50,Kunming Changshui International Airport,KMG,28/07/2024 0:25,95,China Eastern,Economy,870,605,TRUE,248,Y,Y,Y,1,8,2,23
Wattay International Airport,VTE,27/07/2024 10:40,Kunming Changshui International Airport,KMG,27/07/2024 13:15,95,China Eastern,Economy,575,320,N/A,346,Y,Y,Y,1,8,2,23
Wattay International Airport,VTE,27/07/2024 23:20,Shanghai Pudong International Airport,PVG,28/07/2024 4:30,250,China Eastern,Economy,1295,790,TRUE,446,Y,Y,Y,1,8,2,23
Wattay International Airport,VTE,27/07/2024 23:20,Shanghai Pudong International Airport,PVG,28/07/2024 4:30,250,China Eastern,Economy,790,275,TRUE,504,Y,Y,Y,1,8,2,23
Wattay International Airport,VTE,27/07/2024 23:20,Shanghai Pudong International Airport,PVG,28/07/2024 4:30,250,China Eastern,Economy,990,435,TRUE,504,Y,Y,Y,1,8,2,23
Wattay International Airport,VTE,28/07/2024 11:45,Suvarnabhumi Airport,BKK,28/07/2024 13:05,80,Lao Airlines,Economy,80,N/A,N/A,80,Y,Y,Y,1,7,1,20
Wattay International Airport,VTE,28/07/2024 18:40,Suvarnabhumi Airport,BKK,28/07/2024 19:40,60,Lao Airlines,Economy,60,N/A,N/A,80,Y,Y,Y,1,7,1,20
Wattay International Airport,VTE,28/07/2024 20:30,Suvarnabhumi Airport,BKK,28/07/2024 21:55,85,THAI,Economy,85,N/A,N/A,128,Y,Y,Y,1,7,2,23
Wattay International Airport,VTE,28/07/2024 21:50,Kunming Changshui International Airport,KMG,29/07/2024 0:25,95,China Eastern,Economy,860,605,TRUE,248,Y,Y,Y,1,8,2,23
Wattay International Airport,VTE,28/07/2024 19:10,Guangzhou Baiyun International Airport,CAN,28/07/2024 22:25,135,China Southern,Economy,380,70,N/A,282,Y,Y,Y,1,8,1,23
Wattay International Airport,VTE,28/07/2024 13:40,Suvarnabhumi Airport,BKK,28/07/2024 15:00,80,THAI,Economy,80,N/A,N/A,304,Y,Y,Y,1,7,2,23
Wattay International Airport,VTE,28/07/2024 23:50,Incheon International Airport,ICN,29/07/2024 7:20,330,Jeju Air,Economy,1485,800,N/A,356,Y,Y,Y,1,10,1,15
Wattay International Airport,VTE,28/07/2024 23:20,Shanghai Pudong International Airport,PVG,29/07/2024 4:30,250,China Eastern,Economy,790,275,TRUE,504,Y,Y,Y,1,8,2,23
Wattay International Airport,VTE,28/07/2024 23:20,Shanghai Pudong International Airport,PVG,29/07/2024 4:30,250,China Eastern,Economy,990,435,TRUE,504,Y,Y,Y,1,8,2,23
Wattay International Airport,VTE,29/07/2024 12:05,Suvarnabhumi Airport,BKK,29/07/2024 13:05,60,Lao Airlines,Economy,60,N/A,N/A,80,Y,Y,Y,1,7,1,20
Wattay International Airport,VTE,29/07/2024 18:40,Suvarnabhumi Airport,BKK,29/07/2024 19:40,60,Lao Airlines,Economy,60,N/A,N/A,80,Y,Y,Y,1,7,1,20
Wattay International Airport,VTE,29/07/2024 13:40,Suvarnabhumi Airport,BKK,29/07/2024 15:00,80,THAI,Economy,80,N/A,N/A,128,Y,Y,Y,1,7,2,23
Wattay International Airport,VTE,29/07/2024 20:30,Suvarnabhumi Airport,BKK,29/07/2024 21:55,85,THAI,Economy,85,N/A,N/A,128,Y,Y,Y,1,7,2,23
Wattay International Airport,VTE,29/07/2024 10:40,Kunming Changshui International Airport,KMG,29/07/2024 13:15,95,China Eastern,Economy,695,465,N/A,248,Y,Y,Y,1,8,2,23
Wattay International Airport,VTE,29/07/2024 21:50,Kunming Changshui International Airport,KMG,30/07/2024 0:25,95,China Eastern,Economy,860,605,TRUE,248,Y,Y,Y,1,8,2,23
Wattay International Airport,VTE,29/07/2024 10:40,Kunming Changshui International Airport,KMG,29/07/2024 13:15,95,China Eastern,Economy,575,320,N/A,285,Y,Y,Y,1,8,2,23
Wattay International Airport,VTE,29/07/2024 23:20,Shanghai Pudong International Airport,PVG,30/07/2024 4:30,250,China Eastern,Economy,1295,790,TRUE,446,Y,Y,Y,1,8,2,23
Wattay International Airport,VTE,29/07/2024 23:20,Shanghai Pudong International Airport,PVG,30/07/2024 4:30,250,China Eastern,Economy,790,260,TRUE,504,Y,Y,Y,1,8,2,23
Wattay International Airport,VTE,29/07/2024 23:20,Shanghai Pudong International Airport,PVG,30/07/2024 4:30,250,China Eastern,Economy,990,450,TRUE,504,Y,Y,Y,1,8,2,23
Wattay International Airport,VTE,30/07/2024 18:40,Suvarnabhumi Airport,BKK,30/07/2024 19:40,60,Lao Airlines,Economy,60,N/A,N/A,80,Y,Y,Y,1,7,1,20
Wattay International Airport,VTE,30/07/2024 11:45,Suvarnabhumi Airport,BKK,30/07/2024 13:05,80,Lao Airlines,Economy,80,N/A,N/A,123,Y,Y,Y,1,7,1,20
Wattay International Airport,VTE,30/07/2024 13:40,Suvarnabhumi Airport,BKK,30/07/2024 15:00,80,THAI,Economy,80,N/A,N/A,128,Y,Y,Y,1,7,2,23
Wattay International Airport,VTE,30/07/2024 20:30,Suvarnabhumi Airport,BKK,30/07/2024 21:55,85,THAI,Economy,85,N/A,N/A,128,Y,Y,Y,1,7,2,23
Wattay International Airport,VTE,30/07/2024 10:40,Kunming Changshui International Airport,KMG,30/07/2024 13:15,95,China Eastern,Economy,695,465,N/A,248,Y,Y,Y,1,8,2,23
Wattay International Airport,VTE,30/07/2024 21:50,Kunming Changshui International Airport,KMG,31/07/2024 0:25,95,China Eastern,Economy,870,605,TRUE,248,Y,Y,Y,1,8,2,23
Wattay International Airport,VTE,30/07/2024 10:40,Kunming Changshui International Airport,KMG,30/07/2024 13:15,95,China Eastern,Economy,575,320,N/A,285,Y,Y,Y,1,8,2,23
Wattay International Airport,VTE,30/07/2024 23:20,Shanghai Pudong International Airport,PVG,31/07/2024 4:30,250,China Eastern,Economy,1295,790,TRUE,446,Y,Y,Y,1,8,2,23
Wattay International Airport,VTE,30/07/2024 23:20,Shanghai Pudong International Airport,PVG,31/07/2024 4:30,250,China Eastern,Economy,790,275,TRUE,504,Y,Y,Y,1,8,2,23
Wattay International Airport,VTE,30/07/2024 23:20,Shanghai Pudong International Airport,PVG,31/07/2024 4:30,250,China Eastern,Economy,990,450,TRUE,504,Y,Y,Y,1,8,2,23
Wattay International Airport,VTE,31/07/2024 12:05,Suvarnabhumi Airport,BKK,31/07/2024 13:05,60,Lao Airlines,Economy,60,N/A,N/A,80,Y,Y,Y,1,7,1,20
Wattay International Airport,VTE,31/07/2024 18:40,Suvarnabhumi Airport,BKK,31/07/2024 19:40,60,Lao Airlines,Economy,60,N/A,N/A,80,Y,Y,Y,1,7,1,20
Wattay International Airport,VTE,31/07/2024 13:40,Suvarnabhumi Airport,BKK,31/07/2024 15:00,80,THAI,Economy,80,N/A,N/A,128,Y,Y,Y,1,7,2,23
Wattay International Airport,VTE,31/07/2024 20:30,Suvarnabhumi Airport,BKK,31/07/2024 21:55,85,THAI,Economy,85,N/A,N/A,128,Y,Y,Y,1,7,2,23
Wattay International Airport,VTE,31/07/2024 10:40,Kunming Changshui International Airport,KMG,31/07/2024 13:15,95,China Eastern,Economy,695,465,N/A,248,Y,Y,Y,1,8,2,23
Wattay International Airport,VTE,31/07/2024 21:50,Kunming Changshui International Airport,KMG,01/08/2024 0:25,95,China Eastern,Economy,860,605,TRUE,248,Y,Y,Y,1,8,2,23
Wattay International Airport,VTE,31/07/2024 19:10,Guangzhou Baiyun International Airport,CAN,31/07/2024 22:25,135,China Southern,Economy,380,70,N/A,282,Y,Y,Y,1,8,1,23
Wattay International Airport,VTE,31/07/2024 23:20,Shanghai Pudong International Airport,PVG,01/08/2024 4:30,250,China Eastern,Economy,1295,790,TRUE,446,Y,Y,Y,1,8,2,23
Wattay International Airport,VTE,31/07/2024 23:20,Shanghai Pudong International Airport,PVG,01/08/2024 4:30,250,China Eastern,Economy,790,260,TRUE,504,Y,Y,Y,1,8,2,23
Wattay International Airport,VTE,31/07/2024 23:20,Shanghai Pudong International Airport,PVG,01/08/2024 4:30,250,China Eastern,Economy,990,450,TRUE,504,Y,Y,Y,1,8,2,23
Wattay International Airport,VTE,01/08/2024 11:45,Suvarnabhumi Airport,BKK,01/08/2024 13:05,80,Lao Airlines,Economy,80,N/A,N/A,81,Y,Y,Y,1,7,1,20
Wattay International Airport,VTE,01/08/2024 18:40,Suvarnabhumi Airport,BKK,01/08/2024 19:40,60,Lao Airlines,Economy,60,N/A,N/A,81,Y,Y,Y,1,7,1,20
Wattay International Airport,VTE,01/08/2024 13:30,Suvarnabhumi Airport,BKK,01/08/2024 14:50,80,THAI,Economy,80,N/A,N/A,128,Y,Y,Y,1,7,2,23
Wattay International Airport,VTE,01/08/2024 20:30,Suvarnabhumi Airport,BKK,01/08/2024 21:55,85,THAI,Economy,85,N/A,N/A,128,Y,Y,Y,1,7,2,23
Wattay International Airport,VTE,01/08/2024 21:50,Kunming Changshui International Airport,KMG,02/08/2024 0:25,95,China Eastern,Economy,870,605,TRUE,286,Y,Y,Y,1,8,2,23
Wattay International Airport,VTE,01/08/2024 10:40,Kunming Changshui International Airport,KMG,01/08/2024 13:15,95,China Eastern,Economy,575,320,N/A,302,Y,Y,Y,1,8,2,23
Wattay International Airport,VTE,01/08/2024 23:20,Shanghai Pudong International Airport,PVG,02/08/2024 4:30,250,China Eastern,Economy,1355,830,TRUE,332,Y,Y,Y,1,8,2,23
Wattay International Airport,VTE,01/08/2024 23:20,Shanghai Pudong International Airport,PVG,02/08/2024 4:30,250,China Eastern,Economy,790,275,TRUE,357,Y,Y,Y,1,8,2,23
Wattay International Airport,VTE,01/08/2024 23:20,Shanghai Pudong International Airport,PVG,02/08/2024 4:30,250,China Eastern,Economy,990,440,TRUE,357,Y,Y,Y,1,8,2,23
Wattay International Airport,VTE,02/08/2024 12:05,Suvarnabhumi Airport,BKK,02/08/2024 13:05,60,Lao Airlines,Economy,60,N/A,N/A,81,Y,Y,Y,1,7,1,20
Wattay International Airport,VTE,02/08/2024 18:40,Suvarnabhumi Airport,BKK,02/08/2024 19:40,60,Lao Airlines,Economy,60,N/A,N/A,81,Y,Y,Y,1,7,1,20
Wattay International Airport,VTE,02/08/2024 20:30,Suvarnabhumi Airport,BKK,02/08/2024 21:55,85,THAI,Economy,85,N/A,N/A,128,Y,Y,Y,1,7,2,23
Wattay International Airport,VTE,02/08/2024 13:30,Suvarnabhumi Airport,BKK,02/08/2024 14:50,80,THAI,Economy,80,N/A,N/A,138,Y,Y,Y,1,7,2,23
Wattay International Airport,VTE,02/08/2024 21:50,Kunming Changshui International Airport,KMG,03/08/2024 0:25,95,China Eastern,Economy,1345,1090,TRUE,286,Y,Y,Y,1,8,2,23
Wattay International Airport,VTE,02/08/2024 19:10,Guangzhou Baiyun International Airport,CAN,02/08/2024 22:25,135,China Southern,Economy,380,70,N/A,321,Y,Y,Y,1,8,1,23
Wattay International Airport,VTE,02/08/2024 21:50,Kunming Changshui International Airport,KMG,03/08/2024 0:25,95,China Eastern,Economy,1025,780,TRUE,347,Y,Y,Y,1,8,2,23
Wattay International Airport,VTE,02/08/2024 23:20,Shanghai Pudong International Airport,PVG,03/08/2024 4:30,250,China Eastern,Economy,790,275,TRUE,446,Y,Y,Y,1,8,2,23
Wattay International Airport,VTE,02/08/2024 21:50,Kunming Changshui International Airport,KMG,03/08/2024 0:25,95,China Eastern,Economy,860,605,TRUE,452,Y,Y,Y,1,8,2,23
Wattay International Airport,VTE,03/08/2024 18:40,Suvarnabhumi Airport,BKK,03/08/2024 19:40,60,Lao Airlines,Economy,60,N/A,N/A,81,Y,Y,Y,1,7,1,20
Wattay International Airport,VTE,03/08/2024 11:45,Suvarnabhumi Airport,BKK,03/08/2024 13:05,80,Lao Airlines,Economy,80,N/A,N/A,123,Y,Y,Y,1,7,1,20
Wattay International Airport,VTE,03/08/2024 13:30,Suvarnabhumi Airport,BKK,03/08/2024 14:50,80,THAI,Economy,80,N/A,N/A,128,Y,Y,Y,1,7,2,23
Wattay International Airport,VTE,03/08/2024 20:30,Suvarnabhumi Airport,BKK,03/08/2024 21:55,85,THAI,Economy,85,N/A,N/A,128,Y,Y,Y,1,7,2,23
Wattay International Airport,VTE,03/08/2024 21:50,Kunming Changshui International Airport,KMG,04/08/2024 0:25,95,China Eastern,Economy,870,605,TRUE,286,Y,Y,Y,1,8,2,23
Wattay International Airport,VTE,03/08/2024 23:20,Shanghai Pudong International Airport,PVG,04/08/2024 4:30,250,China Eastern,Economy,1355,830,TRUE,366,Y,Y,Y,1,8,2,23
Wattay International Airport,VTE,03/08/2024 23:20,Shanghai Pudong International Airport,PVG,04/08/2024 4:30,250,China Eastern,Economy,790,275,TRUE,447,Y,Y,Y,1,8,2,23
Wattay International Airport,VTE,03/08/2024 23:20,Shanghai Pudong International Airport,PVG,04/08/2024 4:30,250,China Eastern,Economy,990,435,TRUE,447,Y,Y,Y,1,8,2,23
Wattay International Airport,VTE,04/08/2024 11:45,Suvarnabhumi Airport,BKK,04/08/2024 13:05,80,Lao Airlines,Economy,80,N/A,N/A,81,Y,Y,Y,1,7,1,20
Wattay International Airport,VTE,04/08/2024 18:40,Suvarnabhumi Airport,BKK,04/08/2024 19:40,60,Lao Airlines,Economy,60,N/A,N/A,81,Y,Y,Y,1,7,1,20
Wattay International Airport,VTE,04/08/2024 13:30,Suvarnabhumi Airport,BKK,04/08/2024 14:50,80,THAI,Economy,80,N/A,N/A,128,Y,Y,Y,1,7,2,23
Wattay International Airport,VTE,04/08/2024 20:30,Suvarnabhumi Airport,BKK,04/08/2024 21:55,85,THAI,Economy,85,N/A,N/A,128,Y,Y,Y,1,7,2,23
Wattay International Airport,VTE,04/08/2024 21:50,Kunming Changshui International Airport,KMG,05/08/2024 0:25,95,China Eastern,Economy,860,605,TRUE,249,Y,Y,Y,1,8,2,23
Wattay International Airport,VTE,04/08/2024 19:10,Guangzhou Baiyun International Airport,CAN,04/08/2024 22:25,135,China Southern,Economy,380,70,N/A,321,Y,Y,Y,1,8,1,23
Wattay International Airport,VTE,04/08/2024 23:20,Shanghai Pudong International Airport,PVG,05/08/2024 4:30,250,China Eastern,Economy,1295,790,TRUE,380,Y,Y,Y,1,8,2,23
Wattay International Airport,VTE,04/08/2024 23:20,Shanghai Pudong International Airport,PVG,05/08/2024 4:30,250,China Eastern,Economy,790,275,TRUE,416,Y,Y,Y,1,8,2,23
Wattay International Airport,VTE,04/08/2024 23:20,Shanghai Pudong International Airport,PVG,05/08/2024 4:30,250,China Eastern,Economy,990,435,TRUE,416,Y,Y,Y,1,8,2,23
Wattay International Airport,VTE,05/08/2024 12:05,Suvarnabhumi Airport,BKK,05/08/2024 13:05,60,Lao Airlines,Economy,60,N/A,N/A,81,Y,Y,Y,1,7,1,20
Wattay International Airport,VTE,05/08/2024 18:40,Suvarnabhumi Airport,BKK,05/08/2024 19:40,60,Lao Airlines,Economy,60,N/A,N/A,81,Y,Y,Y,1,7,1,20
Wattay International Airport,VTE,05/08/2024 13:30,Suvarnabhumi Airport,BKK,05/08/2024 14:50,80,THAI,Economy,80,N/A,N/A,128,Y,Y,Y,1,7,2,23
Wattay International Airport,VTE,05/08/2024 20:30,Suvarnabhumi Airport,BKK,05/08/2024 21:55,85,THAI,Economy,85,N/A,N/A,128,Y,Y,Y,1,7,2,23
Wattay International Airport,VTE,05/08/2024 21:50,Kunming Changshui International Airport,KMG,06/08/2024 0:25,95,China Eastern,Economy,860,605,TRUE,249,Y,Y,Y,1,8,2,23
Wattay International Airport,VTE,05/08/2024 10:40,Kunming Changshui International Airport,KMG,05/08/2024 13:15,95,China Eastern,Economy,575,320,N/A,302,Y,Y,Y,1,8,2,23
Wattay International Airport,VTE,05/08/2024 23:20,Shanghai Pudong International Airport,PVG,06/08/2024 4:30,250,China Eastern,Economy,1355,830,TRUE,325,Y,Y,Y,1,8,2,23
Wattay International Airport,VTE,05/08/2024 23:20,Shanghai Pudong International Airport,PVG,06/08/2024 4:30,250,China Eastern,Economy,790,260,TRUE,357,Y,Y,Y,1,8,2,23
Wattay International Airport,VTE,05/08/2024 23:20,Shanghai Pudong International Airport,PVG,06/08/2024 4:30,250,China Eastern,Economy,990,450,TRUE,357,Y,Y,Y,1,8,2,23
Wattay International Airport,VTE,06/08/2024 18:40,Suvarnabhumi Airport,BKK,06/08/2024 19:40,60,Lao Airlines,Economy,60,N/A,N/A,81,Y,Y,Y,1,7,1,20
Wattay International Airport,VTE,06/08/2024 11:45,Suvarnabhumi Airport,BKK,06/08/2024 13:05,80,Lao Airlines,Economy,80,N/A,N/A,123,Y,Y,Y,1,7,1,20
Wattay International Airport,VTE,06/08/2024 13:30,Suvarnabhumi Airport,BKK,06/08/2024 14:50,80,THAI,Economy,80,N/A,N/A,128,Y,Y,Y,1,7,2,23
Wattay International Airport,VTE,06/08/2024 20:30,Suvarnabhumi Airport,BKK,06/08/2024 21:55,85,THAI,Economy,85,N/A,N/A,128,Y,Y,Y,1,7,2,23
Wattay International Airport,VTE,06/08/2024 21:50,Kunming Changshui International Airport,KMG,07/08/2024 0:25,95,China Eastern,Economy,870,605,TRUE,249,Y,Y,Y,1,8,2,23
Wattay International Airport,VTE,06/08/2024 10:40,Kunming Changshui International Airport,KMG,06/08/2024 13:15,95,China Eastern,Economy,575,320,N/A,302,Y,Y,Y,1,8,2,23
Wattay International Airport,VTE,06/08/2024 23:20,Shanghai Pudong International Airport,PVG,07/08/2024 4:30,250,China Eastern,Economy,1355,830,TRUE,325,Y,Y,Y,1,8,2,23
Wattay International Airport,VTE,06/08/2024 23:20,Shanghai Pudong International Airport,PVG,07/08/2024 4:30,250,China Eastern,Economy,990,450,TRUE,357,Y,Y,Y,1,8,2,23
Wattay International Airport,VTE,06/08/2024 23:20,Shanghai Pudong International Airport,PVG,07/08/2024 4:30,250,China Eastern,Economy,790,275,TRUE,389,Y,Y,Y,1,8,2,23
Wattay International Airport,VTE,07/08/2024 12:05,Suvarnabhumi Airport,BKK,07/08/2024 13:05,60,Lao Airlines,Economy,60,N/A,N/A,81,Y,Y,Y,1,7,1,20
Wattay International Airport,VTE,07/08/2024 18:40,Suvarnabhumi Airport,BKK,07/08/2024 19:40,60,Lao Airlines,Economy,60,N/A,N/A,81,Y,Y,Y,1,7,1,20
Wattay International Airport,VTE,07/08/2024 13:30,Suvarnabhumi Airport,BKK,07/08/2024 14:50,80,THAI,Economy,80,N/A,N/A,128,Y,Y,Y,1,7,2,23
Wattay International Airport,VTE,07/08/2024 20:30,Suvarnabhumi Airport,BKK,07/08/2024 21:55,85,THAI,Economy,85,N/A,N/A,128,Y,Y,Y,1,7,2,23
Wattay International Airport,VTE,07/08/2024 21:50,Kunming Changshui International Airport,KMG,08/08/2024 0:25,95,China Eastern,Economy,860,605,TRUE,249,Y,Y,Y,1,8,2,23
Wattay International Airport,VTE,07/08/2024 19:10,Guangzhou Baiyun International Airport,CAN,07/08/2024 22:25,135,China Southern,Economy,380,70,N/A,321,Y,Y,Y,1,8,1,23
Wattay International Airport,VTE,07/08/2024 23:20,Shanghai Pudong International Airport,PVG,08/08/2024 4:30,250,China Eastern,Economy,1355,830,TRUE,366,Y,Y,Y,1,8,2,23
Wattay International Airport,VTE,07/08/2024 23:20,Shanghai Pudong International Airport,PVG,08/08/2024 4:30,250,China Eastern,Economy,790,260,TRUE,416,Y,Y,Y,1,8,2,23
Wattay International Airport,VTE,07/08/2024 23:20,Shanghai Pudong International Airport,PVG,08/08/2024 4:30,250,China Eastern,Economy,990,450,TRUE,416,Y,Y,Y,1,8,2,23
Wattay International Airport,VTE,08/08/2024 11:45,Suvarnabhumi Airport,BKK,08/08/2024 13:05,80,Lao Airlines,Economy,80,N/A,N/A,81,Y,Y,Y,1,7,1,20
Wattay International Airport,VTE,08/08/2024 18:40,Suvarnabhumi Airport,BKK,08/08/2024 19:40,60,Lao Airlines,Economy,60,N/A,N/A,81,Y,Y,Y,1,7,1,20
Wattay International Airport,VTE,08/08/2024 13:30,Suvarnabhumi Airport,BKK,08/08/2024 14:50,80,THAI,Economy,80,N/A,N/A,128,Y,Y,Y,1,7,2,23
Wattay International Airport,VTE,08/08/2024 20:30,Suvarnabhumi Airport,BKK,08/08/2024 21:55,85,THAI,Economy,85,N/A,N/A,128,Y,Y,Y,1,7,2,23
Wattay International Airport,VTE,08/08/2024 21:50,Kunming Changshui International Airport,KMG,09/08/2024 0:25,95,China Eastern,Economy,870,605,TRUE,249,Y,Y,Y,1,8,2,23
Wattay International Airport,VTE,08/08/2024 10:40,Kunming Changshui International Airport,KMG,08/08/2024 13:15,95,China Eastern,Economy,575,320,N/A,302,Y,Y,Y,1,8,2,23
Wattay International Airport,VTE,08/08/2024 23:20,Shanghai Pudong International Airport,PVG,09/08/2024 4:30,250,China Eastern,Economy,1355,830,TRUE,325,Y,Y,Y,1,8,2,23
Wattay International Airport,VTE,08/08/2024 23:20,Shanghai Pudong International Airport,PVG,09/08/2024 4:30,250,China Eastern,Economy,990,440,TRUE,357,Y,Y,Y,1,8,2,23
Wattay International Airport,VTE,08/08/2024 23:20,Shanghai Pudong International Airport,PVG,09/08/2024 4:30,250,China Eastern,Economy,790,275,TRUE,389,Y,Y,Y,1,8,2,23
Wattay International Airport,VTE,09/08/2024 12:05,Suvarnabhumi Airport,BKK,09/08/2024 13:05,60,Lao Airlines,Economy,60,N/A,N/A,81,Y,Y,Y,1,7,1,20
Wattay International Airport,VTE,09/08/2024 18:40,Suvarnabhumi Airport,BKK,09/08/2024 19:40,60,Lao Airlines,Economy,60,N/A,N/A,81,Y,Y,Y,1,7,1,20
Wattay International Airport,VTE,09/08/2024 13:30,Suvarnabhumi Airport,BKK,09/08/2024 14:50,80,THAI,Economy,80,N/A,N/A,128,Y,Y,Y,1,7,2,23
Wattay International Airport,VTE,09/08/2024 20:30,Suvarnabhumi Airport,BKK,09/08/2024 21:55,85,THAI,Economy,85,N/A,N/A,128,Y,Y,Y,1,7,2,23
Wattay International Airport,VTE,09/08/2024 21:50,Kunming Changshui International Airport,KMG,10/08/2024 0:25,95,China Eastern,Economy,860,605,TRUE,249,Y,Y,Y,1,8,2,23
Wattay International Airport,VTE,09/08/2024 19:10,Guangzhou Baiyun International Airport,CAN,09/08/2024 22:25,135,China Southern,Economy,380,70,N/A,321,Y,Y,Y,1,8,1,23
Wattay International Airport,VTE,09/08/2024 23:20,Shanghai Pudong International Airport,PVG,10/08/2024 4:30,250,China Eastern,Economy,1355,830,TRUE,366,Y,Y,Y,1,8,2,23
Wattay International Airport,VTE,09/08/2024 23:20,Shanghai Pudong International Airport,PVG,10/08/2024 4:30,250,China Eastern,Economy,1295,790,TRUE,380,Y,Y,Y,1,8,2,23
Wattay International Airport,VTE,09/08/2024 23:20,Shanghai Pudong International Airport,PVG,10/08/2024 4:30,250,China Eastern,Economy,990,435,TRUE,447,Y,Y,Y,1,8,2,23
Wattay International Airport,VTE,10/08/2024 11:45,Suvarnabhumi Airport,BKK,10/08/2024 13:05,80,Lao Airlines,Economy,80,N/A,N/A,81,Y,Y,Y,1,7,1,20
Wattay International Airport,VTE,10/08/2024 18:40,Suvarnabhumi Airport,BKK,10/08/2024 19:40,60,Lao Airlines,Economy,60,N/A,N/A,81,Y,Y,Y,1,7,1,20
Wattay International Airport,VTE,10/08/2024 13:30,Suvarnabhumi Airport,BKK,10/08/2024 14:50,80,THAI,Economy,80,N/A,N/A,128,Y,Y,Y,1,7,2,23
Wattay International Airport,VTE,10/08/2024 20:30,Suvarnabhumi Airport,BKK,10/08/2024 21:55,85,THAI,Economy,85,N/A,N/A,128,Y,Y,Y,1,7,2,23
Wattay International Airport,VTE,10/08/2024 21:50,Kunming Changshui International Airport,KMG,11/08/2024 0:25,95,China Eastern,Economy,870,605,TRUE,249,Y,Y,Y,1,8,2,23
Wattay International Airport,VTE,10/08/2024 23:20,Shanghai Pudong International Airport,PVG,11/08/2024 4:30,250,China Eastern,Economy,1355,830,TRUE,366,Y,Y,Y,1,8,2,23
Wattay International Airport,VTE,10/08/2024 23:20,Shanghai Pudong International Airport,PVG,11/08/2024 4:30,250,China Eastern,Economy,990,435,TRUE,416,Y,Y,Y,1,8,2,23
Wattay International Airport,VTE,10/08/2024 23:20,Shanghai Pudong International Airport,PVG,11/08/2024 4:30,250,China Eastern,Economy,790,275,TRUE,447,Y,Y,Y,1,8,2,23
Wattay International Airport,VTE,11/08/2024 11:45,Suvarnabhumi Airport,BKK,11/08/2024 13:05,80,Lao Airlines,Economy,80,N/A,N/A,81,Y,Y,Y,1,7,1,20
Wattay International Airport,VTE,11/08/2024 18:40,Suvarnabhumi Airport,BKK,11/08/2024 19:40,60,Lao Airlines,Economy,60,N/A,N/A,81,Y,Y,Y,1,7,1,20
Wattay International Airport,VTE,11/08/2024 13:30,Suvarnabhumi Airport,BKK,11/08/2024 14:50,80,THAI,Economy,80,N/A,N/A,128,Y,Y,Y,1,7,2,23
Wattay International Airport,VTE,11/08/2024 20:30,Suvarnabhumi Airport,BKK,11/08/2024 21:55,85,THAI,Economy,85,N/A,N/A,128,Y,Y,Y,1,7,2,23
Wattay International Airport,VTE,11/08/2024 21:50,Kunming Changshui International Airport,KMG,12/08/2024 0:25,95,China Eastern,Economy,860,605,TRUE,249,Y,Y,Y,1,8,2,23
Wattay International Airport,VTE,11/08/2024 19:10,Guangzhou Baiyun International Airport,CAN,11/08/2024 22:25,135,China Southern,Economy,380,70,N/A,321,Y,Y,Y,1,8,1,23
Wattay International Airport,VTE,11/08/2024 23:20,Shanghai Pudong International Airport,PVG,12/08/2024 4:30,250,China Eastern,Economy,1295,790,TRUE,339,Y,Y,Y,1,8,2,23
Wattay International Airport,VTE,11/08/2024 23:20,Shanghai Pudong International Airport,PVG,12/08/2024 4:30,250,China Eastern,Economy,990,435,TRUE,357,Y,Y,Y,1,8,2,23
Wattay International Airport,VTE,11/08/2024 23:20,Shanghai Pudong International Airport,PVG,12/08/2024 4:30,250,China Eastern,Economy,790,275,TRUE,446,Y,Y,Y,1,8,2,23
Wattay International Airport,VTE,12/08/2024 12:05,Suvarnabhumi Airport,BKK,12/08/2024 13:05,60,Lao Airlines,Economy,60,N/A,N/A,81,Y,Y,Y,1,7,1,20
Wattay International Airport,VTE,12/08/2024 18:40,Suvarnabhumi Airport,BKK,12/08/2024 19:40,60,Lao Airlines,Economy,60,N/A,N/A,81,Y,Y,Y,1,7,1,20
Wattay International Airport,VTE,12/08/2024 13:30,Suvarnabhumi Airport,BKK,12/08/2024 14:50,80,THAI,Economy,80,N/A,N/A,128,Y,Y,Y,1,7,2,23
Wattay International Airport,VTE,12/08/2024 20:30,Suvarnabhumi Airport,BKK,12/08/2024 21:55,85,THAI,Economy,85,N/A,N/A,128,Y,Y,Y,1,7,2,23
Wattay International Airport,VTE,12/08/2024 21:50,Kunming Changshui International Airport,KMG,13/08/2024 0:25,95,China Eastern,Economy,860,605,TRUE,249,Y,Y,Y,1,8,2,23
Wattay International Airport,VTE,12/08/2024 10:40,Kunming Changshui International Airport,KMG,12/08/2024 13:15,95,China Eastern,Economy,575,320,N/A,302,Y,Y,Y,1,8,2,23
Wattay International Airport,VTE,12/08/2024 23:20,Shanghai Pudong International Airport,PVG,13/08/2024 4:30,250,China Eastern,Economy,1355,830,TRUE,366,Y,Y,Y,1,8,2,23
Wattay International Airport,VTE,12/08/2024 23:20,Shanghai Pudong International Airport,PVG,13/08/2024 4:30,250,China Eastern,Economy,790,260,TRUE,416,Y,Y,Y,1,8,2,23
Wattay International Airport,VTE,12/08/2024 23:20,Shanghai Pudong International Airport,PVG,13/08/2024 4:30,250,China Eastern,Economy,990,450,TRUE,416,Y,Y,Y,1,8,2,23
Wattay International Airport,VTE,13/08/2024 11:45,Suvarnabhumi Airport,BKK,13/08/2024 13:05,80,Lao Airlines,Economy,80,N/A,N/A,81,Y,Y,Y,1,7,1,20
Wattay International Airport,VTE,13/08/2024 18:40,Suvarnabhumi Airport,BKK,13/08/2024 19:40,60,Lao Airlines,Economy,60,N/A,N/A,81,Y,Y,Y,1,7,1,20
Wattay International Airport,VTE,13/08/2024 13:30,Suvarnabhumi Airport,BKK,13/08/2024 14:50,80,THAI,Economy,80,N/A,N/A,128,Y,Y,Y,1,7,2,23
Wattay International Airport,VTE,13/08/2024 20:30,Suvarnabhumi Airport,BKK,13/08/2024 21:55,85,THAI,Economy,85,N/A,N/A,128,Y,Y,Y,1,7,2,23
Wattay International Airport,VTE,13/08/2024 21:50,Kunming Changshui International Airport,KMG,14/08/2024 0:25,95,China Eastern,Economy,870,605,TRUE,249,Y,Y,Y,1,8,2,23
Wattay International Airport,VTE,13/08/2024 10:40,Kunming Changshui International Airport,KMG,13/08/2024 13:15,95,China Eastern,Economy,575,320,N/A,302,Y,Y,Y,1,8,2,23
Wattay International Airport,VTE,13/08/2024 23:20,Shanghai Pudong International Airport,PVG,14/08/2024 4:30,250,China Eastern,Economy,1355,830,TRUE,366,Y,Y,Y,1,8,2,23
Wattay International Airport,VTE,13/08/2024 23:20,Shanghai Pudong International Airport,PVG,14/08/2024 4:30,250,China Eastern,Economy,790,275,TRUE,416,Y,Y,Y,1,8,2,23
Wattay International Airport,VTE,13/08/2024 23:20,Shanghai Pudong International Airport,PVG,14/08/2024 4:30,250,China Eastern,Economy,990,450,TRUE,416,Y,Y,Y,1,8,2,23
Wattay International Airport,VTE,14/08/2024 12:05,Suvarnabhumi Airport,BKK,14/08/2024 13:05,60,Lao Airlines,Economy,60,N/A,N/A,81,Y,Y,Y,1,7,1,20
Wattay International Airport,VTE,14/08/2024 18:40,Suvarnabhumi Airport,BKK,14/08/2024 19:40,60,Lao Airlines,Economy,60,N/A,N/A,81,Y,Y,Y,1,7,1,20
Wattay International Airport,VTE,14/08/2024 13:30,Suvarnabhumi Airport,BKK,14/08/2024 14:50,80,THAI,Economy,80,N/A,N/A,128,Y,Y,Y,1,7,2,23
Wattay International Airport,VTE,14/08/2024 20:30,Suvarnabhumi Airport,BKK,14/08/2024 21:55,85,THAI,Economy,85,N/A,N/A,128,Y,Y,Y,1,7,2,23
Wattay International Airport,VTE,14/08/2024 21:50,Kunming Changshui International Airport,KMG,15/08/2024 0:25,95,China Eastern,Economy,860,605,TRUE,249,Y,Y,Y,1,8,2,23
Wattay International Airport,VTE,14/08/2024 19:10,Guangzhou Baiyun International Airport,CAN,14/08/2024 22:25,135,China Southern,Economy,380,70,N/A,282,Y,Y,Y,1,8,1,23
Wattay International Airport,VTE,14/08/2024 23:20,Shanghai Pudong International Airport,PVG,15/08/2024 4:30,250,China Eastern,Economy,1355,830,TRUE,366,Y,Y,Y,1,8,2,23
Wattay International Airport,VTE,14/08/2024 23:20,Shanghai Pudong International Airport,PVG,15/08/2024 4:30,250,China Eastern,Economy,790,260,TRUE,416,Y,Y,Y,1,8,2,23
Wattay International Airport,VTE,14/08/2024 23:20,Shanghai Pudong International Airport,PVG,15/08/2024 4:30,250,China Eastern,Economy,990,450,TRUE,416,Y,Y,Y,1,8,2,23
Wattay International Airport,VTE,15/08/2024 11:45,Suvarnabhumi Airport,BKK,15/08/2024 13:05,80,Lao Airlines,Economy,80,N/A,N/A,81,Y,Y,Y,1,7,1,20
Wattay International Airport,VTE,15/08/2024 18:40,Suvarnabhumi Airport,BKK,15/08/2024 19:40,60,Lao Airlines,Economy,60,N/A,N/A,81,Y,Y,Y,1,7,1,20
Wattay International Airport,VTE,15/08/2024 13:30,Suvarnabhumi Airport,BKK,15/08/2024 14:50,80,THAI,Economy,80,N/A,N/A,128,Y,Y,Y,1,7,2,23
Wattay International Airport,VTE,15/08/2024 20:30,Suvarnabhumi Airport,BKK,15/08/2024 21:55,85,THAI,Economy,85,N/A,N/A,128,Y,Y,Y,1,7,2,23
Wattay International Airport,VTE,15/08/2024 21:50,Kunming Changshui International Airport,KMG,16/08/2024 0:25,95,China Eastern,Economy,870,605,TRUE,249,Y,Y,Y,1,8,2,23
Wattay International Airport,VTE,15/08/2024 10:40,Kunming Changshui International Airport,KMG,15/08/2024 13:15,95,China Eastern,Economy,575,320,N/A,302,Y,Y,Y,1,8,2,23
Wattay International Airport,VTE,15/08/2024 23:20,Shanghai Pudong International Airport,PVG,16/08/2024 4:30,250,China Eastern,Economy,1355,830,TRUE,366,Y,Y,Y,1,8,2,23
Wattay International Airport,VTE,15/08/2024 23:20,Shanghai Pudong International Airport,PVG,16/08/2024 4:30,250,China Eastern,Economy,790,275,TRUE,416,Y,Y,Y,1,8,2,23
Wattay International Airport,VTE,15/08/2024 23:20,Shanghai Pudong International Airport,PVG,16/08/2024 4:30,250,China Eastern,Economy,990,440,TRUE,416,Y,Y,Y,1,8,2,23
Wattay International Airport,VTE,16/08/2024 12:05,Suvarnabhumi Airport,BKK,16/08/2024 13:05,60,Lao Airlines,Economy,60,N/A,N/A,81,Y,Y,Y,1,7,1,20
Wattay International Airport,VTE,16/08/2024 18:40,Suvarnabhumi Airport,BKK,16/08/2024 19:40,60,Lao Airlines,Economy,60,N/A,N/A,81,Y,Y,Y,1,7,1,20
Wattay International Airport,VTE,16/08/2024 13:30,Suvarnabhumi Airport,BKK,16/08/2024 14:50,80,THAI,Economy,80,N/A,N/A,128,Y,Y,Y,1,7,2,23
Wattay International Airport,VTE,16/08/2024 20:30,Suvarnabhumi Airport,BKK,16/08/2024 21:55,85,THAI,Economy,85,N/A,N/A,128,Y,Y,Y,1,7,2,23
Wattay International Airport,VTE,16/08/2024 21:50,Kunming Changshui International Airport,KMG,17/08/2024 0:25,95,China Eastern,Economy,860,605,TRUE,249,Y,Y,Y,1,8,2,23
Wattay International Airport,VTE,16/08/2024 19:10,Guangzhou Baiyun International Airport,CAN,16/08/2024 22:25,135,China Southern,Economy,380,70,N/A,282,Y,Y,Y,1,8,1,23
Wattay International Airport,VTE,16/08/2024 23:20,Shanghai Pudong International Airport,PVG,17/08/2024 4:30,250,China Eastern,Economy,1355,830,TRUE,366,Y,Y,Y,1,8,2,23
Wattay International Airport,VTE,16/08/2024 23:20,Shanghai Pudong International Airport,PVG,17/08/2024 4:30,250,China Eastern,Economy,990,435,TRUE,416,Y,Y,Y,1,8,2,23
Wattay International Airport,VTE,16/08/2024 23:20,Shanghai Pudong International Airport,PVG,17/08/2024 4:30,250,China Eastern,Economy,790,275,TRUE,447,Y,Y,Y,1,8,2,23
Wattay International Airport,VTE,17/08/2024 11:45,Suvarnabhumi Airport,BKK,17/08/2024 13:05,80,Lao Airlines,Economy,80,N/A,N/A,81,Y,Y,Y,1,7,1,20
Wattay International Airport,VTE,17/08/2024 18:40,Suvarnabhumi Airport,BKK,17/08/2024 19:40,60,Lao Airlines,Economy,60,N/A,N/A,81,Y,Y,Y,1,7,1,20
Wattay International Airport,VTE,17/08/2024 13:30,Suvarnabhumi Airport,BKK,17/08/2024 14:50,80,THAI,Economy,80,N/A,N/A,128,Y,Y,Y,1,7,2,23
Wattay International Airport,VTE,17/08/2024 20:30,Suvarnabhumi Airport,BKK,17/08/2024 21:55,85,THAI,Economy,85,N/A,N/A,128,Y,Y,Y,1,7,2,23
Wattay International Airport,VTE,17/08/2024 21:50,Kunming Changshui International Airport,KMG,18/08/2024 0:25,95,China Eastern,Economy,870,605,TRUE,249,Y,Y,Y,1,8,2,23
Wattay International Airport,VTE,17/08/2024 23:20,Shanghai Pudong International Airport,PVG,18/08/2024 4:30,250,China Eastern,Economy,1355,830,TRUE,366,Y,Y,Y,1,8,2,23
Wattay International Airport,VTE,17/08/2024 23:20,Shanghai Pudong International Airport,PVG,18/08/2024 4:30,250,China Eastern,Economy,790,275,TRUE,416,Y,Y,Y,1,8,2,23
Wattay International Airport,VTE,17/08/2024 23:20,Shanghai Pudong International Airport,PVG,18/08/2024 4:30,250,China Eastern,Economy,990,435,TRUE,416,Y,Y,Y,1,8,2,23
Wattay International Airport,VTE,18/08/2024 18:40,Suvarnabhumi Airport,BKK,18/08/2024 19:40,60,Lao Airlines,Economy,60,N/A,N/A,81,Y,Y,Y,1,7,1,20
Wattay International Airport,VTE,18/08/2024 11:45,Suvarnabhumi Airport,BKK,18/08/2024 13:05,80,Lao Airlines,Economy,80,N/A,N/A,123,Y,Y,Y,1,7,1,20
Wattay International Airport,VTE,18/08/2024 13:30,Suvarnabhumi Airport,BKK,18/08/2024 14:50,80,THAI,Economy,80,N/A,N/A,128,Y,Y,Y,1,7,2,23
Wattay International Airport,VTE,18/08/2024 20:30,Suvarnabhumi Airport,BKK,18/08/2024 21:55,85,THAI,Economy,85,N/A,N/A,128,Y,Y,Y,1,7,2,23
Wattay International Airport,VTE,18/08/2024 21:50,Kunming Changshui International Airport,KMG,19/08/2024 0:25,95,China Eastern,Economy,860,605,TRUE,249,Y,Y,Y,1,8,2,23
Wattay International Airport,VTE,18/08/2024 19:10,Guangzhou Baiyun International Airport,CAN,18/08/2024 22:25,135,China Southern,Economy,380,70,N/A,282,Y,Y,Y,1,8,1,23
Wattay International Airport,VTE,18/08/2024 23:20,Shanghai Pudong International Airport,PVG,19/08/2024 4:30,250,China Eastern,Economy,1295,790,TRUE,380,Y,Y,Y,1,8,2,23
Wattay International Airport,VTE,18/08/2024 23:20,Shanghai Pudong International Airport,PVG,19/08/2024 4:30,250,China Eastern,Economy,990,435,TRUE,408,Y,Y,Y,1,8,2,23
Wattay International Airport,VTE,18/08/2024 23:20,Shanghai Pudong International Airport,PVG,19/08/2024 4:30,250,China Eastern,Economy,790,275,TRUE,447,Y,Y,Y,1,8,2,23
Wattay International Airport,VTE,19/08/2024 12:05,Suvarnabhumi Airport,BKK,19/08/2024 13:05,60,Lao Airlines,Economy,60,N/A,N/A,81,Y,Y,Y,1,7,1,20
Wattay International Airport,VTE,19/08/2024 18:40,Suvarnabhumi Airport,BKK,19/08/2024 19:40,60,Lao Airlines,Economy,60,N/A,N/A,81,Y,Y,Y,1,7,1,20
Wattay International Airport,VTE,19/08/2024 13:30,Suvarnabhumi Airport,BKK,19/08/2024 14:50,80,THAI,Economy,80,N/A,N/A,128,Y,Y,Y,1,7,2,23
Wattay International Airport,VTE,19/08/2024 20:30,Suvarnabhumi Airport,BKK,19/08/2024 21:55,85,THAI,Economy,85,N/A,N/A,128,Y,Y,Y,1,7,2,23
Wattay International Airport,VTE,19/08/2024 21:50,Kunming Changshui International Airport,KMG,20/08/2024 0:25,95,China Eastern,Economy,860,605,TRUE,249,Y,Y,Y,1,8,2,23
Wattay International Airport,VTE,19/08/2024 10:40,Kunming Changshui International Airport,KMG,19/08/2024 13:15,95,China Eastern,Economy,575,320,N/A,302,Y,Y,Y,1,8,2,23
Wattay International Airport,VTE,19/08/2024 23:50,Incheon International Airport,ICN,20/08/2024 7:20,330,Jeju Air,Economy,1485,800,N/A,318,Y,Y,Y,1,10,1,15
Wattay International Airport,VTE,19/08/2024 23:20,Shanghai Pudong International Airport,PVG,20/08/2024 4:30,250,China Eastern,Economy,790,260,TRUE,402,Y,Y,Y,1,8,2,23
Wattay International Airport,VTE,19/08/2024 23:20,Shanghai Pudong International Airport,PVG,20/08/2024 4:30,250,China Eastern,Economy,990,450,TRUE,402,Y,Y,Y,1,8,2,23
Wattay International Airport,VTE,20/08/2024 11:45,Suvarnabhumi Airport,BKK,20/08/2024 13:05,80,Lao Airlines,Economy,80,N/A,N/A,81,Y,Y,Y,1,7,1,20
Wattay International Airport,VTE,20/08/2024 18:40,Suvarnabhumi Airport,BKK,20/08/2024 19:40,60,Lao Airlines,Economy,60,N/A,N/A,81,Y,Y,Y,1,7,1,20
Wattay International Airport,VTE,20/08/2024 13:30,Suvarnabhumi Airport,BKK,20/08/2024 14:50,80,THAI,Economy,80,N/A,N/A,128,Y,Y,Y,1,7,2,23
Wattay International Airport,VTE,20/08/2024 20:30,Suvarnabhumi Airport,BKK,20/08/2024 21:55,85,THAI,Economy,85,N/A,N/A,128,Y,Y,Y,1,7,2,23
Wattay International Airport,VTE,20/08/2024 21:50,Kunming Changshui International Airport,KMG,21/08/2024 0:25,95,China Eastern,Economy,870,605,TRUE,249,Y,Y,Y,1,8,2,23
Wattay International Airport,VTE,20/08/2024 10:40,Kunming Changshui International Airport,KMG,20/08/2024 13:15,95,China Eastern,Economy,575,320,N/A,302,Y,Y,Y,1,8,2,23
Wattay International Airport,VTE,20/08/2024 23:50,Incheon International Airport,ICN,21/08/2024 7:20,330,Jeju Air,Economy,1485,800,N/A,330,Y,Y,Y,1,10,1,15
Wattay International Airport,VTE,20/08/2024 23:20,Shanghai Pudong International Airport,PVG,21/08/2024 4:30,250,China Eastern,Economy,790,275,TRUE,402,Y,Y,Y,1,8,2,23
Wattay International Airport,VTE,20/08/2024 23:20,Shanghai Pudong International Airport,PVG,21/08/2024 4:30,250,China Eastern,Economy,990,450,TRUE,402,Y,Y,Y,1,8,2,23
Wattay International Airport,VTE,21/08/2024 12:05,Suvarnabhumi Airport,BKK,21/08/2024 13:05,60,Lao Airlines,Economy,60,N/A,N/A,81,Y,Y,Y,1,7,1,20
Wattay International Airport,VTE,21/08/2024 18:40,Suvarnabhumi Airport,BKK,21/08/2024 19:40,60,Lao Airlines,Economy,60,N/A,N/A,81,Y,Y,Y,1,7,1,20
Wattay International Airport,VTE,21/08/2024 13:30,Suvarnabhumi Airport,BKK,21/08/2024 14:50,80,THAI,Economy,80,N/A,N/A,128,Y,Y,Y,1,7,2,23
Wattay International Airport,VTE,21/08/2024 20:30,Suvarnabhumi Airport,BKK,21/08/2024 21:55,85,THAI,Economy,85,N/A,N/A,128,Y,Y,Y,1,7,2,23
Wattay International Airport,VTE,21/08/2024 21:50,Kunming Changshui International Airport,KMG,22/08/2024 0:25,95,China Eastern,Economy,860,605,TRUE,249,Y,Y,Y,1,8,2,23
Wattay International Airport,VTE,21/08/2024 19:10,Guangzhou Baiyun International Airport,CAN,21/08/2024 22:25,135,China Southern,Economy,380,70,N/A,282,Y,Y,Y,1,8,1,23
Wattay International Airport,VTE,21/08/2024 23:20,Shanghai Pudong International Airport,PVG,22/08/2024 4:30,250,China Eastern,Economy,1355,830,TRUE,366,Y,Y,Y,1,8,2,23
Wattay International Airport,VTE,21/08/2024 23:20,Shanghai Pudong International Airport,PVG,22/08/2024 4:30,250,China Eastern,Economy,790,260,TRUE,402,Y,Y,Y,1,8,2,23
Wattay International Airport,VTE,21/08/2024 23:20,Shanghai Pudong International Airport,PVG,22/08/2024 4:30,250,China Eastern,Economy,990,450,TRUE,402,Y,Y,Y,1,8,2,23
Wattay International Airport,VTE,22/08/2024 11:45,Suvarnabhumi Airport,BKK,22/08/2024 13:05,80,Lao Airlines,Economy,80,N/A,N/A,81,Y,Y,Y,1,7,1,20
Wattay International Airport,VTE,22/08/2024 18:40,Suvarnabhumi Airport,BKK,22/08/2024 19:40,60,Lao Airlines,Economy,60,N/A,N/A,81,Y,Y,Y,1,7,1,20
Wattay International Airport,VTE,22/08/2024 13:30,Suvarnabhumi Airport,BKK,22/08/2024 14:50,80,THAI,Economy,80,N/A,N/A,128,Y,Y,Y,1,7,2,23
Wattay International Airport,VTE,22/08/2024 20:30,Suvarnabhumi Airport,BKK,22/08/2024 21:55,85,THAI,Economy,85,N/A,N/A,128,Y,Y,Y,1,7,2,23
Wattay International Airport,VTE,22/08/2024 21:50,Kunming Changshui International Airport,KMG,23/08/2024 0:25,95,China Eastern,Economy,870,605,TRUE,249,Y,Y,Y,1,8,2,23
Wattay International Airport,VTE,22/08/2024 10:40,Kunming Changshui International Airport,KMG,22/08/2024 13:15,95,China Eastern,Economy,575,320,N/A,302,Y,Y,Y,1,8,2,23
Wattay International Airport,VTE,22/08/2024 23:20,Shanghai Pudong International Airport,PVG,23/08/2024 4:30,250,China Eastern,Economy,1355,830,TRUE,366,Y,Y,Y,1,8,2,23
Wattay International Airport,VTE,22/08/2024 23:20,Shanghai Pudong International Airport,PVG,23/08/2024 4:30,250,China Eastern,Economy,790,275,TRUE,402,Y,Y,Y,1,8,2,23
Wattay International Airport,VTE,22/08/2024 23:20,Shanghai Pudong International Airport,PVG,23/08/2024 4:30,250,China Eastern,Economy,990,440,TRUE,402,Y,Y,Y,1,8,2,23
Wattay International Airport,VTE,23/08/2024 12:05,Suvarnabhumi Airport,BKK,23/08/2024 13:05,60,Lao Airlines,Economy,60,N/A,N/A,81,Y,Y,Y,1,7,1,20
Wattay International Airport,VTE,23/08/2024 18:40,Suvarnabhumi Airport,BKK,23/08/2024 19:40,60,Lao Airlines,Economy,60,N/A,N/A,81,Y,Y,Y,1,7,1,20
Wattay International Airport,VTE,23/08/2024 13:30,Suvarnabhumi Airport,BKK,23/08/2024 14:50,80,THAI,Economy,80,N/A,N/A,128,Y,Y,Y,1,7,2,23
Wattay International Airport,VTE,23/08/2024 20:30,Suvarnabhumi Airport,BKK,23/08/2024 21:55,85,THAI,Economy,85,N/A,N/A,128,Y,Y,Y,1,7,2,23
Wattay International Airport,VTE,23/08/2024 19:10,Guangzhou Baiyun International Airport,CAN,23/08/2024 22:25,135,China Southern,Economy,380,70,N/A,248,Y,Y,Y,1,8,1,23
Wattay International Airport,VTE,23/08/2024 21:50,Kunming Changshui International Airport,KMG,24/08/2024 0:25,95,China Eastern,Economy,860,605,TRUE,249,Y,Y,Y,1,8,2,23
Wattay International Airport,VTE,23/08/2024 23:50,Incheon International Airport,ICN,24/08/2024 7:20,330,Jeju Air,Economy,1485,800,N/A,263,Y,Y,Y,1,10,1,15
Wattay International Airport,VTE,23/08/2024 23:50,Incheon International Airport,ICN,24/08/2024 7:20,330,Jeju Air,Economy,1449,765,N/A,288,Y,Y,Y,1,10,1,15
Wattay International Airport,VTE,23/08/2024 23:20,Shanghai Pudong International Airport,PVG,24/08/2024 4:30,250,China Eastern,Economy,790,275,TRUE,402,Y,Y,Y,1,8,2,23
Wattay International Airport,VTE,24/08/2024 11:45,Suvarnabhumi Airport,BKK,24/08/2024 13:05,80,Lao Airlines,Economy,80,N/A,N/A,81,Y,Y,Y,1,7,1,20
Wattay International Airport,VTE,24/08/2024 18:40,Suvarnabhumi Airport,BKK,24/08/2024 19:40,60,Lao Airlines,Economy,60,N/A,N/A,81,Y,Y,Y,1,7,1,20
Wattay International Airport,VTE,24/08/2024 13:30,Suvarnabhumi Airport,BKK,24/08/2024 14:50,80,THAI,Economy,80,N/A,N/A,128,Y,Y,Y,1,7,2,23
Wattay International Airport,VTE,24/08/2024 20:30,Suvarnabhumi Airport,BKK,24/08/2024 21:55,85,THAI,Economy,85,N/A,N/A,128,Y,Y,Y,1,7,2,23
Wattay International Airport,VTE,24/08/2024 21:50,Kunming Changshui International Airport,KMG,25/08/2024 0:25,95,China Eastern,Economy,870,605,TRUE,249,Y,Y,Y,1,8,2,23
Wattay International Airport,VTE,24/08/2024 23:50,Incheon International Airport,ICN,25/08/2024 7:20,330,Jeju Air,Economy,1449,765,N/A,297,Y,Y,Y,1,10,1,15
Wattay International Airport,VTE,24/08/2024 23:20,Shanghai Pudong International Airport,PVG,25/08/2024 4:30,250,China Eastern,Economy,790,275,TRUE,402,Y,Y,Y,1,8,2,23
Wattay International Airport,VTE,24/08/2024 23:20,Shanghai Pudong International Airport,PVG,25/08/2024 4:30,250,China Eastern,Economy,990,435,TRUE,402,Y,Y,Y,1,8,2,23
Wattay International Airport,VTE,25/08/2024 11:45,Suvarnabhumi Airport,BKK,25/08/2024 13:05,80,Lao Airlines,Economy,80,N/A,N/A,81,Y,Y,Y,1,7,1,20
Wattay International Airport,VTE,25/08/2024 18:40,Suvarnabhumi Airport,BKK,25/08/2024 19:40,60,Lao Airlines,Economy,60,N/A,N/A,81,Y,Y,Y,1,7,1,20
Wattay International Airport,VTE,25/08/2024 13:30,Suvarnabhumi Airport,BKK,25/08/2024 14:50,80,THAI,Economy,80,N/A,N/A,128,Y,Y,Y,1,7,2,23
Wattay International Airport,VTE,25/08/2024 20:30,Suvarnabhumi Airport,BKK,25/08/2024 21:55,85,THAI,Economy,85,N/A,N/A,128,Y,Y,Y,1,7,2,23
Wattay International Airport,VTE,25/08/2024 19:10,Guangzhou Baiyun International Airport,CAN,25/08/2024 22:25,135,China Southern,Economy,380,70,N/A,248,Y,Y,Y,1,8,1,23
Wattay International Airport,VTE,25/08/2024 21:50,Kunming Changshui International Airport,KMG,26/08/2024 0:25,95,China Eastern,Economy,860,605,TRUE,249,Y,Y,Y,1,8,2,23
Wattay International Airport,VTE,25/08/2024 23:50,Incheon International Airport,ICN,26/08/2024 7:20,330,Jeju Air,Economy,1485,800,N/A,283,Y,Y,Y,1,10,1,15
Wattay International Airport,VTE,25/08/2024 23:20,Shanghai Pudong International Airport,PVG,26/08/2024 4:30,250,China Eastern,Economy,790,275,TRUE,402,Y,Y,Y,1,8,2,23
Wattay International Airport,VTE,25/08/2024 23:20,Shanghai Pudong International Airport,PVG,26/08/2024 4:30,250,China Eastern,Economy,990,435,TRUE,402,Y,Y,Y,1,8,2,23
Wattay International Airport,VTE,26/08/2024 12:05,Suvarnabhumi Airport,BKK,26/08/2024 13:05,60,Lao Airlines,Economy,60,N/A,N/A,81,Y,Y,Y,1,7,1,20
Wattay International Airport,VTE,26/08/2024 18:40,Suvarnabhumi Airport,BKK,26/08/2024 19:40,60,Lao Airlines,Economy,60,N/A,N/A,81,Y,Y,Y,1,7,1,20
Wattay International Airport,VTE,26/08/2024 13:30,Suvarnabhumi Airport,BKK,26/08/2024 14:50,80,THAI,Economy,80,N/A,N/A,128,Y,Y,Y,1,7,2,23
Wattay International Airport,VTE,26/08/2024 20:30,Suvarnabhumi Airport,BKK,26/08/2024 21:55,85,THAI,Economy,85,N/A,N/A,128,Y,Y,Y,1,7,2,23
Wattay International Airport,VTE,26/08/2024 21:50,Kunming Changshui International Airport,KMG,27/08/2024 0:25,95,China Eastern,Economy,860,605,TRUE,249,Y,Y,Y,1,8,2,23
Wattay International Airport,VTE,26/08/2024 10:40,Kunming Changshui International Airport,KMG,26/08/2024 13:15,95,China Eastern,Economy,575,320,N/A,265,Y,Y,Y,1,8,2,23
Wattay International Airport,VTE,26/08/2024 23:50,Incheon International Airport,ICN,27/08/2024 7:20,330,Jeju Air,Economy,1485,800,N/A,299,Y,Y,Y,1,10,1,15
Wattay International Airport,VTE,26/08/2024 23:20,Shanghai Pudong International Airport,PVG,27/08/2024 4:30,250,China Eastern,Economy,790,260,TRUE,402,Y,Y,Y,1,8,2,23
Wattay International Airport,VTE,26/08/2024 23:20,Shanghai Pudong International Airport,PVG,27/08/2024 4:30,250,China Eastern,Economy,990,450,TRUE,402,Y,Y,Y,1,8,2,23
Wattay International Airport,VTE,27/08/2024 11:45,Suvarnabhumi Airport,BKK,27/08/2024 13:05,80,Lao Airlines,Economy,80,N/A,N/A,81,Y,Y,Y,1,7,1,20
Wattay International Airport,VTE,27/08/2024 18:40,Suvarnabhumi Airport,BKK,27/08/2024 19:40,60,Lao Airlines,Economy,60,N/A,N/A,81,Y,Y,Y,1,7,1,20
Wattay International Airport,VTE,27/08/2024 13:30,Suvarnabhumi Airport,BKK,27/08/2024 14:50,80,THAI,Economy,80,N/A,N/A,128,Y,Y,Y,1,7,2,23
Wattay International Airport,VTE,27/08/2024 20:30,Suvarnabhumi Airport,BKK,27/08/2024 21:55,85,THAI,Economy,85,N/A,N/A,128,Y,Y,Y,1,7,2,23
Wattay International Airport,VTE,27/08/2024 21:50,Kunming Changshui International Airport,KMG,28/08/2024 0:25,95,China Eastern,Economy,870,605,TRUE,249,Y,Y,Y,1,8,2,23
Wattay International Airport,VTE,27/08/2024 10:40,Kunming Changshui International Airport,KMG,27/08/2024 13:15,95,China Eastern,Economy,575,320,N/A,265,Y,Y,Y,1,8,2,23
Wattay International Airport,VTE,27/08/2024 23:50,Incheon International Airport,ICN,28/08/2024 7:20,330,Jeju Air,Economy,1449,765,N/A,267,Y,Y,Y,1,10,1,15
Wattay International Airport,VTE,27/08/2024 23:20,Shanghai Pudong International Airport,PVG,28/08/2024 4:30,250,China Eastern,Economy,990,450,TRUE,402,Y,Y,Y,1,8,2,23
Wattay International Airport,VTE,27/08/2024 23:20,Shanghai Pudong International Airport,PVG,28/08/2024 4:30,250,China Eastern,Economy,790,275,TRUE,427,Y,Y,Y,1,8,2,23
Wattay International Airport,VTE,28/08/2024 18:40,Suvarnabhumi Airport,BKK,28/08/2024 19:40,60,Lao Airlines,Economy,60,N/A,N/A,81,Y,Y,Y,1,7,1,20
Wattay International Airport,VTE,28/08/2024 12:05,Suvarnabhumi Airport,BKK,28/08/2024 13:05,60,Lao Airlines,Economy,60,N/A,N/A,123,Y,Y,Y,1,7,1,20
Wattay International Airport,VTE,28/08/2024 13:30,Suvarnabhumi Airport,BKK,28/08/2024 14:50,80,THAI,Economy,80,N/A,N/A,128,Y,Y,Y,1,7,2,23
Wattay International Airport,VTE,28/08/2024 20:30,Suvarnabhumi Airport,BKK,28/08/2024 21:55,85,THAI,Economy,85,N/A,N/A,128,Y,Y,Y,1,7,2,23
Wattay International Airport,VTE,28/08/2024 21:50,Kunming Changshui International Airport,KMG,29/08/2024 0:25,95,China Eastern,Economy,860,605,TRUE,249,Y,Y,Y,1,8,2,23
Wattay International Airport,VTE,28/08/2024 23:50,Incheon International Airport,ICN,29/08/2024 7:20,330,Jeju Air,Economy,1485,800,N/A,278,Y,Y,Y,1,10,1,15
Wattay International Airport,VTE,28/08/2024 19:10,Guangzhou Baiyun International Airport,CAN,28/08/2024 22:25,135,China Southern,Economy,380,70,N/A,282,Y,Y,Y,1,8,1,23
Wattay International Airport,VTE,28/08/2024 23:20,Shanghai Pudong International Airport,PVG,29/08/2024 4:30,250,China Eastern,Economy,790,260,TRUE,402,Y,Y,Y,1,8,2,23
Wattay International Airport,VTE,28/08/2024 23:20,Shanghai Pudong International Airport,PVG,29/08/2024 4:30,250,China Eastern,Economy,990,450,TRUE,402,Y,Y,Y,1,8,2,23
Wattay International Airport,VTE,29/08/2024 11:45,Suvarnabhumi Airport,BKK,29/08/2024 13:05,80,Lao Airlines,Economy,80,N/A,N/A,81,Y,Y,Y,1,7,1,20
Wattay International Airport,VTE,29/08/2024 18:40,Suvarnabhumi Airport,BKK,29/08/2024 19:40,60,Lao Airlines,Economy,60,N/A,N/A,81,Y,Y,Y,1,7,1,20
Wattay International Airport,VTE,29/08/2024 13:30,Suvarnabhumi Airport,BKK,29/08/2024 14:50,80,THAI,Economy,80,N/A,N/A,128,Y,Y,Y,1,7,2,23
Wattay International Airport,VTE,29/08/2024 20:30,Suvarnabhumi Airport,BKK,29/08/2024 21:55,85,THAI,Economy,85,N/A,N/A,128,Y,Y,Y,1,7,2,23
Wattay International Airport,VTE,29/08/2024 21:50,Kunming Changshui International Airport,KMG,30/08/2024 0:25,95,China Eastern,Economy,870,605,TRUE,249,Y,Y,Y,1,8,2,23
Wattay International Airport,VTE,29/08/2024 10:40,Kunming Changshui International Airport,KMG,29/08/2024 13:15,95,China Eastern,Economy,575,320,N/A,265,Y,Y,Y,1,8,2,23
Wattay International Airport,VTE,29/08/2024 23:20,Shanghai Pudong International Airport,PVG,30/08/2024 4:30,250,China Eastern,Economy,1355,830,TRUE,366,Y,Y,Y,1,8,2,23
Wattay International Airport,VTE,29/08/2024 23:20,Shanghai Pudong International Airport,PVG,30/08/2024 4:30,250,China Eastern,Economy,790,275,TRUE,402,Y,Y,Y,1,8,2,23
Wattay International Airport,VTE,29/08/2024 23:20,Shanghai Pudong International Airport,PVG,30/08/2024 4:30,250,China Eastern,Economy,990,440,TRUE,402,Y,Y,Y,1,8,2,23
Wattay International Airport,VTE,30/08/2024 12:05,Suvarnabhumi Airport,BKK,30/08/2024 13:05,60,Lao Airlines,Economy,60,N/A,N/A,81,Y,Y,Y,1,7,1,20
Wattay International Airport,VTE,30/08/2024 18:40,Suvarnabhumi Airport,BKK,30/08/2024 19:40,60,Lao Airlines,Economy,60,N/A,N/A,81,Y,Y,Y,1,7,1,20
Wattay International Airport,VTE,30/08/2024 13:30,Suvarnabhumi Airport,BKK,30/08/2024 14:50,80,THAI,Economy,80,N/A,N/A,128,Y,Y,Y,1,7,2,23
Wattay International Airport,VTE,30/08/2024 20:30,Suvarnabhumi Airport,BKK,30/08/2024 21:55,85,THAI,Economy,85,N/A,N/A,128,Y,Y,Y,1,7,2,23
Wattay International Airport,VTE,30/08/2024 21:50,Kunming Changshui International Airport,KMG,31/08/2024 0:25,95,China Eastern,Economy,860,605,TRUE,249,Y,Y,Y,1,8,2,23
Wattay International Airport,VTE,30/08/2024 23:50,Incheon International Airport,ICN,31/08/2024 7:20,330,Jeju Air,Economy,1485,800,N/A,263,Y,Y,Y,1,10,1,15
Wattay International Airport,VTE,30/08/2024 23:50,Incheon International Airport,ICN,31/08/2024 7:20,330,Jeju Air,Economy,1449,765,N/A,274,Y,Y,Y,1,10,1,15
Wattay International Airport,VTE,30/08/2024 19:10,Guangzhou Baiyun International Airport,CAN,30/08/2024 22:25,135,China Southern,Economy,380,70,N/A,280,Y,Y,Y,1,8,1,23
Wattay International Airport,VTE,30/08/2024 23:20,Shanghai Pudong International Airport,PVG,31/08/2024 4:30,250,China Eastern,Economy,790,275,TRUE,402,Y,Y,Y,1,8,2,23
Wattay International Airport,VTE,31/08/2024 11:45,Suvarnabhumi Airport,BKK,31/08/2024 13:05,80,Lao Airlines,Economy,80,N/A,N/A,81,Y,Y,Y,1,7,1,20
Wattay International Airport,VTE,31/08/2024 18:40,Suvarnabhumi Airport,BKK,31/08/2024 19:40,60,Lao Airlines,Economy,60,N/A,N/A,81,Y,Y,Y,1,7,1,20
Wattay International Airport,VTE,31/08/2024 13:30,Suvarnabhumi Airport,BKK,31/08/2024 14:50,80,THAI,Economy,80,N/A,N/A,128,Y,Y,Y,1,7,2,23
Wattay International Airport,VTE,31/08/2024 20:30,Suvarnabhumi Airport,BKK,31/08/2024 21:55,85,THAI,Economy,85,N/A,N/A,128,Y,Y,Y,1,7,2,23
Wattay International Airport,VTE,31/08/2024 21:50,Kunming Changshui International Airport,KMG,01/09/2024 0:25,95,China Eastern,Economy,870,605,TRUE,249,Y,Y,Y,1,8,2,23
Wattay International Airport,VTE,31/08/2024 23:50,Incheon International Airport,ICN,01/09/2024 7:20,330,Jeju Air,Economy,1485,800,N/A,273,Y,Y,Y,1,10,1,15
Wattay International Airport,VTE,31/08/2024 23:50,Incheon International Airport,ICN,01/09/2024 7:20,330,Jeju Air,Economy,1449,765,N/A,283,Y,Y,Y,1,10,1,15
Wattay International Airport,VTE,31/08/2024 23:20,Shanghai Pudong International Airport,PVG,01/09/2024 4:30,250,China Eastern,Economy,790,275,TRUE,402,Y,Y,Y,1,8,2,23