Departure Airport Name,Departure Airport ID,Departure Time,Arrival Airport Name,Arrival Airport ID,Arrival Time,Duration,Airline,Travel Class,Total Duration,Layover 1 Duration,Layover 1 Overnight,Price, Cabin Baggage, Checked Baggage,Meal Included,Cabin Baggage (Number),Cabin Baggage (kg per piece),Checked Baggage (Number),Checked Baggage (kg per piece) 
Tan Son Nhat International Airport,SGN,01/07/2024 16:10,Kuala Lumpur International Airport,KUL,01/07/2024 19:15,125,Vietnam Airlines,Business Class,125,N/A,N/A,250,Y,Y,Y,2,10,1,32
Tan Son Nhat International Airport,SGN,01/07/2024 11:00,Kuala Lumpur International Airport,KUL,01/07/2024 13:55,115,Malaysia Airlines,Business Class,115,N/A,N/A,333,Y,Y,Y,1,8,2,23
Tan Son Nhat International Airport,SGN,01/07/2024 19:40,Kuala Lumpur International Airport,KUL,01/07/2024 22:30,110,Malaysia Airlines,Business Class,110,N/A,N/A,333,Y,Y,Y,1,8,2,23
Tan Son Nhat International Airport,SGN,01/07/2024 16:40,Kuala Lumpur International Airport,KUL,01/07/2024 19:40,120,Malaysia Airlines,Business Class,120,N/A,N/A,433,Y,Y,Y,1,8,2,23
Tan Son Nhat International Airport,SGN,01/07/2024 12:20,Singapore Changi Airport,SIN,01/07/2024 15:30,130,Singapore Airlines,Business Class,260,55,N/A,845,Y,Y,Y,1,7,1,23
Tan Son Nhat International Airport,SGN,01/07/2024 2:35,Guangzhou Baiyun International Airport,CAN,01/07/2024 6:40,185,China Southern,Business Class,530,85,N/A,917,Y,Y,Y,1,10,2,32
Tan Son Nhat International Airport,SGN,01/07/2024 15:55,Singapore Changi Airport,SIN,01/07/2024 18:55,120,Singapore Airlines,Business Class,240,65,N/A,1175,Y,Y,Y,1,7,1,23
Tan Son Nhat International Airport,SGN,02/07/2024 11:00,Kuala Lumpur International Airport,KUL,02/07/2024 13:55,115,Malaysia Airlines,Business Class,115,N/A,N/A,333,Y,Y,Y,1,8,2,23
Tan Son Nhat International Airport,SGN,02/07/2024 19:40,Kuala Lumpur International Airport,KUL,02/07/2024 22:30,110,Malaysia Airlines,Business Class,110,N/A,N/A,333,Y,Y,Y,1,8,2,23
Tan Son Nhat International Airport,SGN,02/07/2024 12:20,Singapore Changi Airport,SIN,02/07/2024 15:30,130,Singapore Airlines,Business Class,260,55,N/A,591,Y,Y,Y,1,7,1,23
Tan Son Nhat International Airport,SGN,02/07/2024 2:35,Guangzhou Baiyun International Airport,CAN,02/07/2024 6:40,185,China Southern,Business Class,530,85,N/A,917,Y,Y,Y,1,10,2,32
Tan Son Nhat International Airport,SGN,02/07/2024 12:20,Singapore Changi Airport,SIN,02/07/2024 15:30,130,Singapore Airlines,Business Class,425,225,N/A,1902,Y,Y,Y,1,7,1,23
Tan Son Nhat International Airport,SGN,02/07/2024 14:05,Brunei International Airport,BWN,02/07/2024 17:10,125,Royal Brunei,Business Class,320,45,N/A,2198,Y,Y,Y,1,12,2,40
Tan Son Nhat International Airport,SGN,03/07/2024 11:00,Kuala Lumpur International Airport,KUL,03/07/2024 13:55,115,Malaysia Airlines,Business Class,115,N/A,N/A,333,Y,Y,Y,1,8,2,23
Tan Son Nhat International Airport,SGN,03/07/2024 16:40,Kuala Lumpur International Airport,KUL,03/07/2024 19:40,120,Malaysia Airlines,Business Class,120,N/A,N/A,333,Y,Y,Y,1,8,2,23
Tan Son Nhat International Airport,SGN,03/07/2024 19:40,Kuala Lumpur International Airport,KUL,03/07/2024 22:30,110,Malaysia Airlines,Business Class,110,N/A,N/A,333,Y,Y,Y,1,8,2,23
Tan Son Nhat International Airport,SGN,03/07/2024 16:10,Kuala Lumpur International Airport,KUL,03/07/2024 19:15,125,Vietnam Airlines,Business Class,125,N/A,N/A,345,Y,Y,Y,2,10,1,32
Tan Son Nhat International Airport,SGN,03/07/2024 12:20,Singapore Changi Airport,SIN,03/07/2024 15:30,130,Singapore Airlines,Business Class,260,55,N/A,845,Y,Y,Y,1,7,1,23
Tan Son Nhat International Airport,SGN,03/07/2024 19:40,Singapore Changi Airport,SIN,03/07/2024 22:40,120,Singapore Airlines,Business Class,770,590,TRUE,664,Y,Y,Y,1,7,1,23
Tan Son Nhat International Airport,SGN,03/07/2024 15:55,Singapore Changi Airport,SIN,03/07/2024 18:55,120,Singapore Airlines,Business Class,240,65,N/A,1175,Y,Y,Y,1,7,1,23
Tan Son Nhat International Airport,SGN,03/07/2024 2:35,Guangzhou Baiyun International Airport,CAN,03/07/2024 6:40,185,China Southern,Business Class,530,85,N/A,1356,Y,Y,Y,1,10,2,32
Tan Son Nhat International Airport,SGN,04/07/2024 11:00,Kuala Lumpur International Airport,KUL,04/07/2024 13:55,115,Malaysia Airlines,Business Class,115,N/A,N/A,333,Y,Y,Y,1,8,2,23
Tan Son Nhat International Airport,SGN,04/07/2024 16:40,Kuala Lumpur International Airport,KUL,04/07/2024 19:40,120,Malaysia Airlines,Business Class,120,N/A,N/A,333,Y,Y,Y,1,8,2,23
Tan Son Nhat International Airport,SGN,04/07/2024 19:40,Kuala Lumpur International Airport,KUL,04/07/2024 22:30,110,Malaysia Airlines,Business Class,110,N/A,N/A,333,Y,Y,Y,1,8,2,23
Tan Son Nhat International Airport,SGN,04/07/2024 19:40,Singapore Changi Airport,SIN,04/07/2024 22:40,120,Singapore Airlines,Business Class,685,505,TRUE,845,Y,Y,Y,1,7,1,23
Tan Son Nhat International Airport,SGN,04/07/2024 2:35,Guangzhou Baiyun International Airport,CAN,04/07/2024 6:40,185,China Southern,Business Class,530,85,N/A,917,Y,Y,Y,1,10,2,32
Tan Son Nhat International Airport,SGN,04/07/2024 12:20,Singapore Changi Airport,SIN,04/07/2024 15:30,130,Singapore Airlines,Business Class,260,55,N/A,1175,Y,Y,Y,1,7,1,23
Tan Son Nhat International Airport,SGN,04/07/2024 11:25,Hong Kong International Airport,HKG,04/07/2024 15:15,170,Cathay Pacific,Business Class,470,55,N/A,3577,Y,Y,Y,1,7,2,25
Tan Son Nhat International Airport,SGN,05/07/2024 16:10,Kuala Lumpur International Airport,KUL,05/07/2024 19:15,125,Vietnam Airlines,Business Class,125,N/A,N/A,250,Y,Y,Y,2,10,1,32
Tan Son Nhat International Airport,SGN,05/07/2024 11:00,Kuala Lumpur International Airport,KUL,05/07/2024 13:55,115,Malaysia Airlines,Business Class,115,N/A,N/A,333,Y,Y,Y,1,8,2,23
Tan Son Nhat International Airport,SGN,05/07/2024 16:40,Kuala Lumpur International Airport,KUL,05/07/2024 19:40,120,Malaysia Airlines,Business Class,120,N/A,N/A,333,Y,Y,Y,1,8,2,23
Tan Son Nhat International Airport,SGN,05/07/2024 12:20,Singapore Changi Airport,SIN,05/07/2024 15:30,130,Singapore Airlines,Business Class,260,55,N/A,845,Y,Y,Y,1,7,1,23
Tan Son Nhat International Airport,SGN,05/07/2024 19:40,Singapore Changi Airport,SIN,05/07/2024 22:40,120,Singapore Airlines,Business Class,770,590,TRUE,845,Y,Y,Y,1,7,1,23
Tan Son Nhat International Airport,SGN,05/07/2024 2:35,Guangzhou Baiyun International Airport,CAN,05/07/2024 6:40,185,China Southern,Business Class,530,85,N/A,917,Y,Y,Y,1,10,2,32
Tan Son Nhat International Airport,SGN,05/07/2024 19:40,Singapore Changi Airport,SIN,05/07/2024 22:40,120,Singapore Airlines,Business Class,685,505,TRUE,993,Y,Y,Y,1,7,1,23
Tan Son Nhat International Airport,SGN,06/07/2024 11:00,Kuala Lumpur International Airport,KUL,06/07/2024 13:55,115,Malaysia Airlines,Business Class,115,N/A,N/A,333,Y,Y,Y,1,8,2,23
Tan Son Nhat International Airport,SGN,06/07/2024 16:40,Kuala Lumpur International Airport,KUL,06/07/2024 19:40,120,Malaysia Airlines,Business Class,120,N/A,N/A,333,Y,Y,Y,1,8,2,23
Tan Son Nhat International Airport,SGN,06/07/2024 19:40,Kuala Lumpur International Airport,KUL,06/07/2024 22:30,110,Malaysia Airlines,Business Class,110,N/A,N/A,333,Y,Y,Y,1,8,2,23
Tan Son Nhat International Airport,SGN,06/07/2024 16:10,Kuala Lumpur International Airport,KUL,06/07/2024 19:15,125,Vietnam Airlines,Business Class,125,N/A,N/A,400,Y,Y,Y,2,10,1,32
Tan Son Nhat International Airport,SGN,06/07/2024 15:05,Singapore Changi Airport,SIN,06/07/2024 18:05,120,Singapore Airlines,Business Class,290,115,N/A,845,Y,Y,Y,1,7,1,23
Tan Son Nhat International Airport,SGN,06/07/2024 2:35,Guangzhou Baiyun International Airport,CAN,06/07/2024 6:40,185,China Southern,Business Class,530,85,N/A,917,Y,Y,Y,1,10,2,32
Tan Son Nhat International Airport,SGN,06/07/2024 12:20,Singapore Changi Airport,SIN,06/07/2024 15:30,130,Singapore Airlines,Business Class,315,115,N/A,1902,Y,Y,Y,1,7,1,23
Tan Son Nhat International Airport,SGN,07/07/2024 16:40,Kuala Lumpur International Airport,KUL,07/07/2024 19:40,120,Malaysia Airlines,Business Class,120,N/A,N/A,333,Y,Y,Y,1,8,2,23
Tan Son Nhat International Airport,SGN,07/07/2024 19:40,Kuala Lumpur International Airport,KUL,07/07/2024 22:30,110,Malaysia Airlines,Business Class,110,N/A,N/A,333,Y,Y,Y,1,8,2,23
Tan Son Nhat International Airport,SGN,07/07/2024 12:20,Singapore Changi Airport,SIN,07/07/2024 15:30,130,Singapore Airlines,Business Class,385,180,N/A,993,Y,Y,Y,1,7,1,23
Tan Son Nhat International Airport,SGN,07/07/2024 19:40,Singapore Changi Airport,SIN,07/07/2024 22:40,120,Singapore Airlines,Business Class,770,590,TRUE,664,Y,Y,Y,1,7,1,23
Tan Son Nhat International Airport,SGN,07/07/2024 2:35,Guangzhou Baiyun International Airport,CAN,07/07/2024 6:40,185,China Southern,Business Class,530,85,N/A,917,Y,Y,Y,1,10,2,32
Tan Son Nhat International Airport,SGN,07/07/2024 9:50,Soekarno–Hatta International Airport,CGK,07/07/2024 13:00,190,Vietnam Airlines,Business Class,515,185,N/A,967,Y,Y,Y,2,10,1,32
Tan Son Nhat International Airport,SGN,07/07/2024 2:35,Shanghai Pudong International Airport,PVG,07/07/2024 8:00,265,China Eastern,Business Class,675,85,N/A,1642,Y,Y,Y,1,10,2,32
Tan Son Nhat International Airport,SGN,07/07/2024 12:20,Singapore Changi Airport,SIN,07/07/2024 15:30,130,Singapore Airlines,Business Class,425,225,N/A,1902,Y,Y,Y,1,7,1,23
Tan Son Nhat International Airport,SGN,07/07/2024 20:35,Brunei International Airport,BWN,07/07/2024 23:40,125,Royal Brunei,Business Class,825,550,TRUE,2198,Y,Y,Y,1,12,2,40
Tan Son Nhat International Airport,SGN,08/07/2024 16:10,Kuala Lumpur International Airport,KUL,08/07/2024 19:15,125,Vietnam Airlines,Business Class,125,N/A,N/A,250,Y,Y,Y,2,10,1,32
Tan Son Nhat International Airport,SGN,08/07/2024 11:00,Kuala Lumpur International Airport,KUL,08/07/2024 13:55,115,Malaysia Airlines,Business Class,115,N/A,N/A,333,Y,Y,Y,1,8,2,23
Tan Son Nhat International Airport,SGN,08/07/2024 16:40,Kuala Lumpur International Airport,KUL,08/07/2024 19:40,120,Malaysia Airlines,Business Class,120,N/A,N/A,333,Y,Y,Y,1,8,2,23
Tan Son Nhat International Airport,SGN,08/07/2024 19:40,Kuala Lumpur International Airport,KUL,08/07/2024 22:30,110,Malaysia Airlines,Business Class,110,N/A,N/A,333,Y,Y,Y,1,8,2,23
Tan Son Nhat International Airport,SGN,08/07/2024 12:20,Singapore Changi Airport,SIN,08/07/2024 15:30,130,Singapore Airlines,Business Class,260,55,N/A,845,Y,Y,Y,1,7,1,23
Tan Son Nhat International Airport,SGN,08/07/2024 2:35,Guangzhou Baiyun International Airport,CAN,08/07/2024 6:40,185,China Southern,Business Class,530,85,N/A,917,Y,Y,Y,1,10,2,32
Tan Son Nhat International Airport,SGN,09/07/2024 11:00,Kuala Lumpur International Airport,KUL,09/07/2024 13:55,115,Malaysia Airlines,Business Class,115,N/A,N/A,333,Y,Y,Y,1,8,2,23
Tan Son Nhat International Airport,SGN,09/07/2024 19:40,Kuala Lumpur International Airport,KUL,09/07/2024 22:30,110,Malaysia Airlines,Business Class,110,N/A,N/A,333,Y,Y,Y,1,8,2,23
Tan Son Nhat International Airport,SGN,09/07/2024 16:40,Kuala Lumpur International Airport,KUL,09/07/2024 19:40,120,Malaysia Airlines,Business Class,120,N/A,N/A,433,Y,Y,Y,1,8,2,23
Tan Son Nhat International Airport,SGN,09/07/2024 12:20,Singapore Changi Airport,SIN,09/07/2024 15:30,130,Singapore Airlines,Business Class,260,55,N/A,591,Y,Y,Y,1,7,1,23
Tan Son Nhat International Airport,SGN,09/07/2024 2:35,Guangzhou Baiyun International Airport,CAN,09/07/2024 6:40,185,China Southern,Business Class,530,85,N/A,917,Y,Y,Y,1,10,2,32
Tan Son Nhat International Airport,SGN,09/07/2024 14:05,Brunei International Airport,BWN,09/07/2024 17:10,125,Royal Brunei,Business Class,320,45,N/A,2198,Y,Y,Y,1,12,2,40
Tan Son Nhat International Airport,SGN,10/07/2024 16:10,Kuala Lumpur International Airport,KUL,10/07/2024 19:15,125,Vietnam Airlines,Business Class,125,N/A,N/A,250,Y,Y,Y,2,10,1,32
Tan Son Nhat International Airport,SGN,10/07/2024 11:00,Kuala Lumpur International Airport,KUL,10/07/2024 13:55,115,Malaysia Airlines,Business Class,115,N/A,N/A,333,Y,Y,Y,1,8,2,23
Tan Son Nhat International Airport,SGN,10/07/2024 16:40,Kuala Lumpur International Airport,KUL,10/07/2024 19:40,120,Malaysia Airlines,Business Class,120,N/A,N/A,333,Y,Y,Y,1,8,2,23
Tan Son Nhat International Airport,SGN,10/07/2024 19:40,Kuala Lumpur International Airport,KUL,10/07/2024 22:30,110,Malaysia Airlines,Business Class,110,N/A,N/A,333,Y,Y,Y,1,8,2,23
Tan Son Nhat International Airport,SGN,10/07/2024 12:20,Singapore Changi Airport,SIN,10/07/2024 15:30,130,Singapore Airlines,Business Class,260,55,N/A,591,Y,Y,Y,1,7,1,23
Tan Son Nhat International Airport,SGN,10/07/2024 2:35,Guangzhou Baiyun International Airport,CAN,10/07/2024 6:40,185,China Southern,Business Class,530,85,N/A,917,Y,Y,Y,1,10,2,32
Tan Son Nhat International Airport,SGN,10/07/2024 15:55,Singapore Changi Airport,SIN,10/07/2024 18:55,120,Singapore Airlines,Business Class,240,65,N/A,1175,Y,Y,Y,1,7,1,23
Tan Son Nhat International Airport,SGN,11/07/2024 11:00,Kuala Lumpur International Airport,KUL,11/07/2024 13:55,115,Malaysia Airlines,Business Class,115,N/A,N/A,333,Y,Y,Y,1,8,2,23
Tan Son Nhat International Airport,SGN,11/07/2024 16:40,Kuala Lumpur International Airport,KUL,11/07/2024 19:40,120,Malaysia Airlines,Business Class,120,N/A,N/A,333,Y,Y,Y,1,8,2,23
Tan Son Nhat International Airport,SGN,11/07/2024 19:40,Kuala Lumpur International Airport,KUL,11/07/2024 22:30,110,Malaysia Airlines,Business Class,110,N/A,N/A,333,Y,Y,Y,1,8,2,23
Tan Son Nhat International Airport,SGN,11/07/2024 12:20,Singapore Changi Airport,SIN,11/07/2024 15:30,130,Singapore Airlines,Business Class,260,55,N/A,664,Y,Y,Y,1,7,1,23
Tan Son Nhat International Airport,SGN,11/07/2024 2:35,Guangzhou Baiyun International Airport,CAN,11/07/2024 6:40,185,China Southern,Business Class,530,85,N/A,917,Y,Y,Y,1,10,2,32
Tan Son Nhat International Airport,SGN,11/07/2024 12:20,Singapore Changi Airport,SIN,11/07/2024 15:30,130,Singapore Airlines,Business Class,425,225,N/A,1902,Y,Y,Y,1,7,1,23
Tan Son Nhat International Airport,SGN,12/07/2024 16:10,Kuala Lumpur International Airport,KUL,12/07/2024 19:15,125,Vietnam Airlines,Business Class,125,N/A,N/A,250,Y,Y,Y,2,10,1,32
Tan Son Nhat International Airport,SGN,12/07/2024 11:00,Kuala Lumpur International Airport,KUL,12/07/2024 13:55,115,Malaysia Airlines,Business Class,115,N/A,N/A,333,Y,Y,Y,1,8,2,23
Tan Son Nhat International Airport,SGN,12/07/2024 16:40,Kuala Lumpur International Airport,KUL,12/07/2024 19:40,120,Malaysia Airlines,Business Class,120,N/A,N/A,333,Y,Y,Y,1,8,2,23
Tan Son Nhat International Airport,SGN,12/07/2024 19:40,Kuala Lumpur International Airport,KUL,12/07/2024 22:30,110,Malaysia Airlines,Business Class,110,N/A,N/A,333,Y,Y,Y,1,8,2,23
Tan Son Nhat International Airport,SGN,12/07/2024 12:20,Singapore Changi Airport,SIN,12/07/2024 15:30,130,Singapore Airlines,Business Class,260,55,N/A,591,Y,Y,Y,1,7,1,23
Tan Son Nhat International Airport,SGN,12/07/2024 2:35,Guangzhou Baiyun International Airport,CAN,12/07/2024 6:40,185,China Southern,Business Class,530,85,N/A,917,Y,Y,Y,1,10,2,32
Tan Son Nhat International Airport,SGN,12/07/2024 15:55,Singapore Changi Airport,SIN,12/07/2024 18:55,120,Singapore Airlines,Business Class,240,65,N/A,993,Y,Y,Y,1,7,1,23
Tan Son Nhat International Airport,SGN,13/07/2024 16:10,Kuala Lumpur International Airport,KUL,13/07/2024 19:15,125,Vietnam Airlines,Business Class,125,N/A,N/A,250,Y,Y,Y,2,10,1,32
Tan Son Nhat International Airport,SGN,13/07/2024 11:00,Kuala Lumpur International Airport,KUL,13/07/2024 13:55,115,Malaysia Airlines,Business Class,115,N/A,N/A,333,Y,Y,Y,1,8,2,23
Tan Son Nhat International Airport,SGN,13/07/2024 16:40,Kuala Lumpur International Airport,KUL,13/07/2024 19:40,120,Malaysia Airlines,Business Class,120,N/A,N/A,333,Y,Y,Y,1,8,2,23
Tan Son Nhat International Airport,SGN,13/07/2024 19:40,Kuala Lumpur International Airport,KUL,13/07/2024 22:30,110,Malaysia Airlines,Business Class,110,N/A,N/A,333,Y,Y,Y,1,8,2,23
Tan Son Nhat International Airport,SGN,13/07/2024 2:35,Guangzhou Baiyun International Airport,CAN,13/07/2024 6:40,185,China Southern,Business Class,530,85,N/A,917,Y,Y,Y,1,10,2,32
Tan Son Nhat International Airport,SGN,13/07/2024 15:05,Singapore Changi Airport,SIN,13/07/2024 18:05,120,Singapore Airlines,Business Class,290,115,N/A,993,Y,Y,Y,1,7,1,23
Tan Son Nhat International Airport,SGN,13/07/2024 12:20,Singapore Changi Airport,SIN,13/07/2024 15:30,130,Singapore Airlines,Business Class,315,115,N/A,1902,Y,Y,Y,1,7,1,23
Tan Son Nhat International Airport,SGN,14/07/2024 16:40,Kuala Lumpur International Airport,KUL,14/07/2024 19:40,120,Malaysia Airlines,Business Class,120,N/A,N/A,333,Y,Y,Y,1,8,2,23
Tan Son Nhat International Airport,SGN,14/07/2024 19:40,Kuala Lumpur International Airport,KUL,14/07/2024 22:30,110,Malaysia Airlines,Business Class,110,N/A,N/A,333,Y,Y,Y,1,8,2,23
Tan Son Nhat International Airport,SGN,14/07/2024 2:35,Guangzhou Baiyun International Airport,CAN,14/07/2024 6:40,185,China Southern,Business Class,530,85,N/A,917,Y,Y,Y,1,10,2,32
Tan Son Nhat International Airport,SGN,14/07/2024 15:55,Singapore Changi Airport,SIN,14/07/2024 18:55,120,Singapore Airlines,Business Class,240,65,N/A,1175,Y,Y,Y,1,7,1,23
Tan Son Nhat International Airport,SGN,14/07/2024 15:55,Taiwan Taoyuan International Airport,TPE,14/07/2024 20:20,205,EVA Air,Business Class,1280,790,TRUE,897,Y,Y,Y,2,7,2,32
Tan Son Nhat International Airport,SGN,14/07/2024 2:35,Shanghai Pudong International Airport,PVG,14/07/2024 8:00,265,China Eastern,Business Class,675,85,N/A,1722,Y,Y,Y,1,10,2,32
Tan Son Nhat International Airport,SGN,14/07/2024 15:55,Singapore Changi Airport,SIN,14/07/2024 18:55,120,Singapore Airlines,Business Class,320,140,N/A,1902,Y,Y,Y,1,7,1,23
Tan Son Nhat International Airport,SGN,15/07/2024 11:00,Kuala Lumpur International Airport,KUL,15/07/2024 13:55,115,Malaysia Airlines,Business Class,115,N/A,N/A,333,Y,Y,Y,1,8,2,23
Tan Son Nhat International Airport,SGN,15/07/2024 16:40,Kuala Lumpur International Airport,KUL,15/07/2024 19:40,120,Malaysia Airlines,Business Class,120,N/A,N/A,333,Y,Y,Y,1,8,2,23
Tan Son Nhat International Airport,SGN,15/07/2024 19:40,Kuala Lumpur International Airport,KUL,15/07/2024 22:30,110,Malaysia Airlines,Business Class,110,N/A,N/A,333,Y,Y,Y,1,8,2,23
Tan Son Nhat International Airport,SGN,15/07/2024 16:10,Kuala Lumpur International Airport,KUL,15/07/2024 19:15,125,Vietnam Airlines,Business Class,125,N/A,N/A,345,Y,Y,Y,2,10,1,32
Tan Son Nhat International Airport,SGN,15/07/2024 12:20,Singapore Changi Airport,SIN,15/07/2024 15:30,130,Singapore Airlines,Business Class,260,55,N/A,845,Y,Y,Y,1,7,1,23
Tan Son Nhat International Airport,SGN,15/07/2024 19:40,Singapore Changi Airport,SIN,15/07/2024 22:40,120,Singapore Airlines,Business Class,770,590,TRUE,591,Y,Y,Y,1,7,1,23
Tan Son Nhat International Airport,SGN,15/07/2024 2:35,Guangzhou Baiyun International Airport,CAN,15/07/2024 6:40,185,China Southern,Business Class,530,85,N/A,917,Y,Y,Y,1,10,2,32
Tan Son Nhat International Airport,SGN,15/07/2024 15:55,Singapore Changi Airport,SIN,15/07/2024 18:55,120,Singapore Airlines,Business Class,240,65,N/A,1175,Y,Y,Y,1,7,1,23
Tan Son Nhat International Airport,SGN,16/07/2024 11:00,Kuala Lumpur International Airport,KUL,16/07/2024 13:55,115,Malaysia Airlines,Business Class,115,N/A,N/A,333,Y,Y,Y,1,8,2,23
Tan Son Nhat International Airport,SGN,16/07/2024 16:40,Kuala Lumpur International Airport,KUL,16/07/2024 19:40,120,Malaysia Airlines,Business Class,120,N/A,N/A,333,Y,Y,Y,1,8,2,23
Tan Son Nhat International Airport,SGN,16/07/2024 19:40,Kuala Lumpur International Airport,KUL,16/07/2024 22:30,110,Malaysia Airlines,Business Class,110,N/A,N/A,333,Y,Y,Y,1,8,2,23
Tan Son Nhat International Airport,SGN,16/07/2024 19:40,Singapore Changi Airport,SIN,16/07/2024 22:40,120,Singapore Airlines,Business Class,685,505,TRUE,664,Y,Y,Y,1,7,1,23
Tan Son Nhat International Airport,SGN,16/07/2024 12:20,Singapore Changi Airport,SIN,16/07/2024 15:30,130,Singapore Airlines,Business Class,260,55,N/A,845,Y,Y,Y,1,7,1,23
Tan Son Nhat International Airport,SGN,16/07/2024 2:35,Guangzhou Baiyun International Airport,CAN,16/07/2024 6:40,185,China Southern,Business Class,530,85,N/A,917,Y,Y,Y,1,10,2,32
Tan Son Nhat International Airport,SGN,16/07/2024 14:05,Brunei International Airport,BWN,16/07/2024 17:10,125,Royal Brunei,Business Class,320,45,N/A,2198,Y,Y,Y,1,12,2,40
Tan Son Nhat International Airport,SGN,17/07/2024 11:00,Kuala Lumpur International Airport,KUL,17/07/2024 13:55,115,Malaysia Airlines,Business Class,115,N/A,N/A,333,Y,Y,Y,1,8,2,23
Tan Son Nhat International Airport,SGN,17/07/2024 16:40,Kuala Lumpur International Airport,KUL,17/07/2024 19:40,120,Malaysia Airlines,Business Class,120,N/A,N/A,333,Y,Y,Y,1,8,2,23
Tan Son Nhat International Airport,SGN,17/07/2024 19:40,Kuala Lumpur International Airport,KUL,17/07/2024 22:30,110,Malaysia Airlines,Business Class,110,N/A,N/A,333,Y,Y,Y,1,8,2,23
Tan Son Nhat International Airport,SGN,17/07/2024 16:10,Kuala Lumpur International Airport,KUL,17/07/2024 19:15,125,Vietnam Airlines,Business Class,125,N/A,N/A,345,Y,Y,Y,2,10,1,32
Tan Son Nhat International Airport,SGN,17/07/2024 2:35,Guangzhou Baiyun International Airport,CAN,17/07/2024 6:40,185,China Southern,Business Class,530,85,N/A,917,Y,Y,Y,1,10,2,32
Tan Son Nhat International Airport,SGN,17/07/2024 12:20,Singapore Changi Airport,SIN,17/07/2024 15:30,130,Singapore Airlines,Business Class,260,55,N/A,1175,Y,Y,Y,1,7,1,23
Tan Son Nhat International Airport,SGN,17/07/2024 15:55,Singapore Changi Airport,SIN,17/07/2024 18:55,120,Singapore Airlines,Business Class,240,65,N/A,1175,Y,Y,Y,1,7,1,23
Tan Son Nhat International Airport,SGN,18/07/2024 11:00,Kuala Lumpur International Airport,KUL,18/07/2024 13:55,115,Malaysia Airlines,Business Class,115,N/A,N/A,333,Y,Y,Y,1,8,2,23
Tan Son Nhat International Airport,SGN,18/07/2024 16:40,Kuala Lumpur International Airport,KUL,18/07/2024 19:40,120,Malaysia Airlines,Business Class,120,N/A,N/A,333,Y,Y,Y,1,8,2,23
Tan Son Nhat International Airport,SGN,18/07/2024 19:40,Kuala Lumpur International Airport,KUL,18/07/2024 22:30,110,Malaysia Airlines,Business Class,110,N/A,N/A,333,Y,Y,Y,1,8,2,23
Tan Son Nhat International Airport,SGN,18/07/2024 12:20,Singapore Changi Airport,SIN,18/07/2024 15:30,130,Singapore Airlines,Business Class,260,55,N/A,664,Y,Y,Y,1,7,1,23
Tan Son Nhat International Airport,SGN,18/07/2024 2:35,Guangzhou Baiyun International Airport,CAN,18/07/2024 6:40,185,China Southern,Business Class,530,85,N/A,917,Y,Y,Y,1,10,2,32
Tan Son Nhat International Airport,SGN,18/07/2024 11:25,Hong Kong International Airport,HKG,18/07/2024 15:15,170,Cathay Pacific,Business Class,470,55,N/A,3577,Y,Y,Y,1,7,2,25
Tan Son Nhat International Airport,SGN,19/07/2024 11:00,Kuala Lumpur International Airport,KUL,19/07/2024 13:55,115,Malaysia Airlines,Business Class,115,N/A,N/A,333,Y,Y,Y,1,8,2,23
Tan Son Nhat International Airport,SGN,19/07/2024 16:40,Kuala Lumpur International Airport,KUL,19/07/2024 19:40,120,Malaysia Airlines,Business Class,120,N/A,N/A,333,Y,Y,Y,1,8,2,23
Tan Son Nhat International Airport,SGN,19/07/2024 19:40,Kuala Lumpur International Airport,KUL,19/07/2024 22:30,110,Malaysia Airlines,Business Class,110,N/A,N/A,333,Y,Y,Y,1,8,2,23
Tan Son Nhat International Airport,SGN,19/07/2024 16:10,Kuala Lumpur International Airport,KUL,19/07/2024 19:15,125,Vietnam Airlines,Business Class,125,N/A,N/A,345,Y,Y,Y,2,10,1,32
Tan Son Nhat International Airport,SGN,19/07/2024 12:20,Singapore Changi Airport,SIN,19/07/2024 15:30,130,Singapore Airlines,Business Class,260,55,N/A,664,Y,Y,Y,1,7,1,23
Tan Son Nhat International Airport,SGN,19/07/2024 2:35,Guangzhou Baiyun International Airport,CAN,19/07/2024 6:40,185,China Southern,Business Class,530,85,N/A,917,Y,Y,Y,1,10,2,32
Tan Son Nhat International Airport,SGN,19/07/2024 15:55,Singapore Changi Airport,SIN,19/07/2024 18:55,120,Singapore Airlines,Business Class,240,65,N/A,1175,Y,Y,Y,1,7,1,23
Tan Son Nhat International Airport,SGN,20/07/2024 11:00,Kuala Lumpur International Airport,KUL,20/07/2024 13:55,115,Malaysia Airlines,Business Class,115,N/A,N/A,333,Y,Y,Y,1,8,2,23
Tan Son Nhat International Airport,SGN,20/07/2024 16:40,Kuala Lumpur International Airport,KUL,20/07/2024 19:40,120,Malaysia Airlines,Business Class,120,N/A,N/A,333,Y,Y,Y,1,8,2,23
Tan Son Nhat International Airport,SGN,20/07/2024 19:40,Kuala Lumpur International Airport,KUL,20/07/2024 22:30,110,Malaysia Airlines,Business Class,110,N/A,N/A,333,Y,Y,Y,1,8,2,23
Tan Son Nhat International Airport,SGN,20/07/2024 16:10,Kuala Lumpur International Airport,KUL,20/07/2024 19:15,125,Vietnam Airlines,Business Class,125,N/A,N/A,345,Y,Y,Y,2,10,1,32
Tan Son Nhat International Airport,SGN,20/07/2024 2:35,Guangzhou Baiyun International Airport,CAN,20/07/2024 6:40,185,China Southern,Business Class,530,85,N/A,917,Y,Y,Y,1,10,2,32
Tan Son Nhat International Airport,SGN,20/07/2024 12:20,Singapore Changi Airport,SIN,20/07/2024 15:30,130,Singapore Airlines,Business Class,315,115,N/A,1902,Y,Y,Y,1,7,1,23
Tan Son Nhat International Airport,SGN,21/07/2024 16:40,Kuala Lumpur International Airport,KUL,21/07/2024 19:40,120,Malaysia Airlines,Business Class,120,N/A,N/A,333,Y,Y,Y,1,8,2,23
Tan Son Nhat International Airport,SGN,21/07/2024 19:40,Kuala Lumpur International Airport,KUL,21/07/2024 22:30,110,Malaysia Airlines,Business Class,110,N/A,N/A,333,Y,Y,Y,1,8,2,23
Tan Son Nhat International Airport,SGN,21/07/2024 15:55,Singapore Changi Airport,SIN,21/07/2024 18:55,120,Singapore Airlines,Business Class,240,65,N/A,1175,Y,Y,Y,1,7,1,23
Tan Son Nhat International Airport,SGN,21/07/2024 12:20,Singapore Changi Airport,SIN,21/07/2024 15:30,130,Singapore Airlines,Business Class,385,180,N/A,845,Y,Y,Y,1,7,1,23
Tan Son Nhat International Airport,SGN,21/07/2024 2:35,Guangzhou Baiyun International Airport,CAN,21/07/2024 6:40,185,China Southern,Business Class,530,85,N/A,917,Y,Y,Y,1,10,2,32
Tan Son Nhat International Airport,SGN,21/07/2024 9:50,Soekarno–Hatta International Airport,CGK,21/07/2024 13:00,190,Vietnam Airlines,Business Class,515,185,N/A,1237,Y,Y,Y,2,10,1,32
Tan Son Nhat International Airport,SGN,21/07/2024 2:35,Shanghai Pudong International Airport,PVG,21/07/2024 8:00,265,China Eastern,Business Class,675,85,N/A,2520,Y,Y,Y,1,10,2,32
Tan Son Nhat International Airport,SGN,21/07/2024 10:00,Noi Bai International Airport,HAN,21/07/2024 12:15,135,Vietnam Airlines,Business Class,480,145,N/A,N/A,Y,Y,Y,2,10,1,32
Tan Son Nhat International Airport,SGN,22/07/2024 16:10,Kuala Lumpur International Airport,KUL,22/07/2024 19:15,125,Vietnam Airlines,Business Class,125,N/A,N/A,250,Y,Y,Y,2,10,1,32
Tan Son Nhat International Airport,SGN,22/07/2024 11:00,Kuala Lumpur International Airport,KUL,22/07/2024 13:55,115,Malaysia Airlines,Business Class,115,N/A,N/A,333,Y,Y,Y,1,8,2,23
Tan Son Nhat International Airport,SGN,22/07/2024 16:40,Kuala Lumpur International Airport,KUL,22/07/2024 19:40,120,Malaysia Airlines,Business Class,120,N/A,N/A,333,Y,Y,Y,1,8,2,23
Tan Son Nhat International Airport,SGN,22/07/2024 19:40,Kuala Lumpur International Airport,KUL,22/07/2024 22:30,110,Malaysia Airlines,Business Class,110,N/A,N/A,333,Y,Y,Y,1,8,2,23
Tan Son Nhat International Airport,SGN,22/07/2024 12:20,Singapore Changi Airport,SIN,22/07/2024 15:30,130,Singapore Airlines,Business Class,260,55,N/A,591,Y,Y,Y,1,7,1,23
Tan Son Nhat International Airport,SGN,22/07/2024 2:35,Guangzhou Baiyun International Airport,CAN,22/07/2024 6:40,185,China Southern,Business Class,530,85,N/A,917,Y,Y,Y,1,10,2,32
Tan Son Nhat International Airport,SGN,22/07/2024 15:55,Singapore Changi Airport,SIN,22/07/2024 18:55,120,Singapore Airlines,Business Class,240,65,N/A,1175,Y,Y,Y,1,7,1,23
Tan Son Nhat International Airport,SGN,23/07/2024 11:00,Kuala Lumpur International Airport,KUL,23/07/2024 13:55,115,Malaysia Airlines,Business Class,115,N/A,N/A,333,Y,Y,Y,1,8,2,23
Tan Son Nhat International Airport,SGN,23/07/2024 19:40,Kuala Lumpur International Airport,KUL,23/07/2024 22:30,110,Malaysia Airlines,Business Class,110,N/A,N/A,333,Y,Y,Y,1,8,2,23
Tan Son Nhat International Airport,SGN,23/07/2024 16:40,Kuala Lumpur International Airport,KUL,23/07/2024 19:40,120,Malaysia Airlines,Business Class,120,N/A,N/A,383,Y,Y,Y,1,8,2,23
Tan Son Nhat International Airport,SGN,23/07/2024 19:40,Singapore Changi Airport,SIN,23/07/2024 22:40,120,Singapore Airlines,Business Class,770,590,TRUE,664,Y,Y,Y,1,7,1,23
Tan Son Nhat International Airport,SGN,23/07/2024 12:20,Singapore Changi Airport,SIN,23/07/2024 15:30,130,Singapore Airlines,Business Class,260,55,N/A,845,Y,Y,Y,1,7,1,23
Tan Son Nhat International Airport,SGN,23/07/2024 2:35,Guangzhou Baiyun International Airport,CAN,23/07/2024 6:40,185,China Southern,Business Class,530,85,N/A,917,Y,Y,Y,1,10,2,32
Tan Son Nhat International Airport,SGN,23/07/2024 14:05,Brunei International Airport,BWN,23/07/2024 17:10,125,Royal Brunei,Business Class,320,45,N/A,2198,Y,Y,Y,1,12,2,40
Tan Son Nhat International Airport,SGN,24/07/2024 16:10,Kuala Lumpur International Airport,KUL,24/07/2024 19:15,125,Vietnam Airlines,Business Class,125,N/A,N/A,250,Y,Y,Y,2,10,1,32
Tan Son Nhat International Airport,SGN,24/07/2024 11:00,Kuala Lumpur International Airport,KUL,24/07/2024 13:55,115,Malaysia Airlines,Business Class,115,N/A,N/A,333,Y,Y,Y,1,8,2,23
Tan Son Nhat International Airport,SGN,24/07/2024 16:40,Kuala Lumpur International Airport,KUL,24/07/2024 19:40,120,Malaysia Airlines,Business Class,120,N/A,N/A,333,Y,Y,Y,1,8,2,23
Tan Son Nhat International Airport,SGN,24/07/2024 19:40,Kuala Lumpur International Airport,KUL,24/07/2024 22:30,110,Malaysia Airlines,Business Class,110,N/A,N/A,333,Y,Y,Y,1,8,2,23
Tan Son Nhat International Airport,SGN,24/07/2024 12:20,Singapore Changi Airport,SIN,24/07/2024 15:30,130,Singapore Airlines,Business Class,260,55,N/A,845,Y,Y,Y,1,7,1,23
Tan Son Nhat International Airport,SGN,24/07/2024 19:40,Singapore Changi Airport,SIN,24/07/2024 22:40,120,Singapore Airlines,Business Class,1260,1065,TRUE,591,Y,Y,Y,1,7,1,23
Tan Son Nhat International Airport,SGN,24/07/2024 2:35,Guangzhou Baiyun International Airport,CAN,24/07/2024 6:40,185,China Southern,Business Class,530,85,N/A,917,Y,Y,Y,1,10,2,32
Tan Son Nhat International Airport,SGN,24/07/2024 15:55,Singapore Changi Airport,SIN,24/07/2024 18:55,120,Singapore Airlines,Business Class,240,65,N/A,1175,Y,Y,Y,1,7,1,23
Tan Son Nhat International Airport,SGN,25/07/2024 11:00,Kuala Lumpur International Airport,KUL,25/07/2024 13:55,115,Malaysia Airlines,Business Class,115,N/A,N/A,333,Y,Y,Y,1,8,2,23
Tan Son Nhat International Airport,SGN,25/07/2024 16:40,Kuala Lumpur International Airport,KUL,25/07/2024 19:40,120,Malaysia Airlines,Business Class,120,N/A,N/A,333,Y,Y,Y,1,8,2,23
Tan Son Nhat International Airport,SGN,25/07/2024 19:40,Kuala Lumpur International Airport,KUL,25/07/2024 22:30,110,Malaysia Airlines,Business Class,110,N/A,N/A,333,Y,Y,Y,1,8,2,23
Tan Son Nhat International Airport,SGN,25/07/2024 12:20,Singapore Changi Airport,SIN,25/07/2024 15:30,130,Singapore Airlines,Business Class,260,55,N/A,591,Y,Y,Y,1,7,1,23
Tan Son Nhat International Airport,SGN,25/07/2024 2:35,Guangzhou Baiyun International Airport,CAN,25/07/2024 6:40,185,China Southern,Business Class,530,85,N/A,917,Y,Y,Y,1,10,2,32
Tan Son Nhat International Airport,SGN,25/07/2024 11:25,Hong Kong International Airport,HKG,25/07/2024 15:15,170,Cathay Pacific,Business Class,470,55,N/A,3577,Y,Y,Y,1,7,2,25
Tan Son Nhat International Airport,SGN,26/07/2024 16:10,Kuala Lumpur International Airport,KUL,26/07/2024 19:15,125,Vietnam Airlines,Business Class,125,N/A,N/A,250,Y,Y,Y,2,10,1,32
Tan Son Nhat International Airport,SGN,26/07/2024 11:00,Kuala Lumpur International Airport,KUL,26/07/2024 13:55,115,Malaysia Airlines,Business Class,115,N/A,N/A,333,Y,Y,Y,1,8,2,23
Tan Son Nhat International Airport,SGN,26/07/2024 16:40,Kuala Lumpur International Airport,KUL,26/07/2024 19:40,120,Malaysia Airlines,Business Class,120,N/A,N/A,333,Y,Y,Y,1,8,2,23
Tan Son Nhat International Airport,SGN,26/07/2024 19:40,Kuala Lumpur International Airport,KUL,26/07/2024 22:30,110,Malaysia Airlines,Business Class,110,N/A,N/A,333,Y,Y,Y,1,8,2,23
Tan Son Nhat International Airport,SGN,26/07/2024 12:20,Singapore Changi Airport,SIN,26/07/2024 15:30,130,Singapore Airlines,Business Class,260,55,N/A,845,Y,Y,Y,1,7,1,23
Tan Son Nhat International Airport,SGN,26/07/2024 2:35,Guangzhou Baiyun International Airport,CAN,26/07/2024 6:40,185,China Southern,Business Class,530,85,N/A,917,Y,Y,Y,1,10,2,32
Tan Son Nhat International Airport,SGN,26/07/2024 15:55,Singapore Changi Airport,SIN,26/07/2024 18:55,120,Singapore Airlines,Business Class,240,65,N/A,1175,Y,Y,Y,1,7,1,23
Tan Son Nhat International Airport,SGN,27/07/2024 16:10,Kuala Lumpur International Airport,KUL,27/07/2024 19:15,125,Vietnam Airlines,Business Class,125,N/A,N/A,250,Y,Y,Y,2,10,1,32
Tan Son Nhat International Airport,SGN,27/07/2024 11:00,Kuala Lumpur International Airport,KUL,27/07/2024 13:55,115,Malaysia Airlines,Business Class,115,N/A,N/A,333,Y,Y,Y,1,8,2,23
Tan Son Nhat International Airport,SGN,27/07/2024 16:40,Kuala Lumpur International Airport,KUL,27/07/2024 19:40,120,Malaysia Airlines,Business Class,120,N/A,N/A,333,Y,Y,Y,1,8,2,23
Tan Son Nhat International Airport,SGN,27/07/2024 19:40,Kuala Lumpur International Airport,KUL,27/07/2024 22:30,110,Malaysia Airlines,Business Class,110,N/A,N/A,333,Y,Y,Y,1,8,2,23
Tan Son Nhat International Airport,SGN,27/07/2024 19:40,Singapore Changi Airport,SIN,27/07/2024 22:40,120,Singapore Airlines,Business Class,685,505,TRUE,591,Y,Y,Y,1,7,1,23
Tan Son Nhat International Airport,SGN,27/07/2024 2:35,Guangzhou Baiyun International Airport,CAN,27/07/2024 6:40,185,China Southern,Business Class,530,85,N/A,917,Y,Y,Y,1,10,2,32
Tan Son Nhat International Airport,SGN,27/07/2024 15:05,Singapore Changi Airport,SIN,27/07/2024 18:05,120,Singapore Airlines,Business Class,290,115,N/A,1175,Y,Y,Y,1,7,1,23
Tan Son Nhat International Airport,SGN,28/07/2024 16:40,Kuala Lumpur International Airport,KUL,28/07/2024 19:40,120,Malaysia Airlines,Business Class,120,N/A,N/A,333,Y,Y,Y,1,8,2,23
Tan Son Nhat International Airport,SGN,28/07/2024 19:40,Kuala Lumpur International Airport,KUL,28/07/2024 22:30,110,Malaysia Airlines,Business Class,110,N/A,N/A,333,Y,Y,Y,1,8,2,23
Tan Son Nhat International Airport,SGN,28/07/2024 15:55,Singapore Changi Airport,SIN,28/07/2024 18:55,120,Singapore Airlines,Business Class,240,65,N/A,993,Y,Y,Y,1,7,1,23
Tan Son Nhat International Airport,SGN,28/07/2024 19:40,Singapore Changi Airport,SIN,28/07/2024 22:40,120,Singapore Airlines,Business Class,770,590,TRUE,591,Y,Y,Y,1,7,1,23
Tan Son Nhat International Airport,SGN,28/07/2024 9:50,Soekarno–Hatta International Airport,CGK,28/07/2024 13:00,190,Vietnam Airlines,Business Class,515,185,N/A,967,Y,Y,Y,2,10,1,32
Tan Son Nhat International Airport,SGN,28/07/2024 2:35,Guangzhou Baiyun International Airport,CAN,28/07/2024 6:40,185,China Southern,Business Class,530,85,N/A,1356,Y,Y,Y,1,10,2,32
Tan Son Nhat International Airport,SGN,28/07/2024 2:35,Shanghai Pudong International Airport,PVG,28/07/2024 8:00,265,China Eastern,Business Class,675,85,N/A,1592,Y,Y,Y,1,10,2,32
Tan Son Nhat International Airport,SGN,28/07/2024 15:55,Singapore Changi Airport,SIN,28/07/2024 18:55,120,Singapore Airlines,Business Class,320,140,N/A,1902,Y,Y,Y,1,7,1,23
Tan Son Nhat International Airport,SGN,28/07/2024 20:35,Brunei International Airport,BWN,28/07/2024 23:40,125,Royal Brunei,Business Class,825,550,TRUE,2198,Y,Y,Y,1,12,2,40
Tan Son Nhat International Airport,SGN,29/07/2024 11:00,Kuala Lumpur International Airport,KUL,29/07/2024 13:55,115,Malaysia Airlines,Business Class,115,N/A,N/A,333,Y,Y,Y,1,8,2,23
Tan Son Nhat International Airport,SGN,29/07/2024 16:40,Kuala Lumpur International Airport,KUL,29/07/2024 19:40,120,Malaysia Airlines,Business Class,120,N/A,N/A,333,Y,Y,Y,1,8,2,23
Tan Son Nhat International Airport,SGN,29/07/2024 19:40,Kuala Lumpur International Airport,KUL,29/07/2024 22:30,110,Malaysia Airlines,Business Class,110,N/A,N/A,333,Y,Y,Y,1,8,2,23
Tan Son Nhat International Airport,SGN,29/07/2024 16:10,Kuala Lumpur International Airport,KUL,29/07/2024 19:15,125,Vietnam Airlines,Business Class,125,N/A,N/A,345,Y,Y,Y,2,10,1,32
Tan Son Nhat International Airport,SGN,29/07/2024 12:20,Singapore Changi Airport,SIN,29/07/2024 15:30,130,Singapore Airlines,Business Class,260,55,N/A,845,Y,Y,Y,1,7,1,23
Tan Son Nhat International Airport,SGN,29/07/2024 19:40,Singapore Changi Airport,SIN,29/07/2024 22:40,120,Singapore Airlines,Business Class,1150,970,TRUE,591,Y,Y,Y,1,7,1,23
Tan Son Nhat International Airport,SGN,29/07/2024 2:35,Guangzhou Baiyun International Airport,CAN,29/07/2024 6:40,185,China Southern,Business Class,530,85,N/A,917,Y,Y,Y,1,10,2,32
Tan Son Nhat International Airport,SGN,29/07/2024 15:55,Singapore Changi Airport,SIN,29/07/2024 18:55,120,Singapore Airlines,Business Class,240,65,N/A,993,Y,Y,Y,1,7,1,23
Tan Son Nhat International Airport,SGN,30/07/2024 11:00,Kuala Lumpur International Airport,KUL,30/07/2024 13:55,115,Malaysia Airlines,Business Class,115,N/A,N/A,333,Y,Y,Y,1,8,2,23
Tan Son Nhat International Airport,SGN,30/07/2024 16:40,Kuala Lumpur International Airport,KUL,30/07/2024 19:40,120,Malaysia Airlines,Business Class,120,N/A,N/A,333,Y,Y,Y,1,8,2,23
Tan Son Nhat International Airport,SGN,30/07/2024 19:40,Kuala Lumpur International Airport,KUL,30/07/2024 22:30,110,Malaysia Airlines,Business Class,110,N/A,N/A,333,Y,Y,Y,1,8,2,23
Tan Son Nhat International Airport,SGN,30/07/2024 19:40,Singapore Changi Airport,SIN,30/07/2024 22:40,120,Singapore Airlines,Business Class,770,590,TRUE,591,Y,Y,Y,1,7,1,23
Tan Son Nhat International Airport,SGN,30/07/2024 2:35,Guangzhou Baiyun International Airport,CAN,30/07/2024 6:40,185,China Southern,Business Class,530,85,N/A,917,Y,Y,Y,1,10,2,32
Tan Son Nhat International Airport,SGN,30/07/2024 12:20,Singapore Changi Airport,SIN,30/07/2024 15:30,130,Singapore Airlines,Business Class,260,55,N/A,1175,Y,Y,Y,1,7,1,23
Tan Son Nhat International Airport,SGN,30/07/2024 14:05,Brunei International Airport,BWN,30/07/2024 17:10,125,Royal Brunei,Business Class,320,45,N/A,2198,Y,Y,Y,1,12,2,40
Tan Son Nhat International Airport,SGN,31/07/2024 16:10,Kuala Lumpur International Airport,KUL,31/07/2024 19:15,125,Vietnam Airlines,Business Class,125,N/A,N/A,250,Y,Y,Y,2,10,1,32
Tan Son Nhat International Airport,SGN,31/07/2024 11:00,Kuala Lumpur International Airport,KUL,31/07/2024 13:55,115,Malaysia Airlines,Business Class,115,N/A,N/A,333,Y,Y,Y,1,8,2,23
Tan Son Nhat International Airport,SGN,31/07/2024 16:40,Kuala Lumpur International Airport,KUL,31/07/2024 19:40,120,Malaysia Airlines,Business Class,120,N/A,N/A,333,Y,Y,Y,1,8,2,23
Tan Son Nhat International Airport,SGN,31/07/2024 19:40,Kuala Lumpur International Airport,KUL,31/07/2024 22:30,110,Malaysia Airlines,Business Class,110,N/A,N/A,333,Y,Y,Y,1,8,2,23
Tan Son Nhat International Airport,SGN,31/07/2024 12:20,Singapore Changi Airport,SIN,31/07/2024 15:30,130,Singapore Airlines,Business Class,260,55,N/A,664,Y,Y,Y,1,7,1,23
Tan Son Nhat International Airport,SGN,31/07/2024 2:35,Guangzhou Baiyun International Airport,CAN,31/07/2024 6:40,185,China Southern,Business Class,530,85,N/A,917,Y,Y,Y,1,10,2,32
Tan Son Nhat International Airport,SGN,01/08/2024 11:00,Kuala Lumpur International Airport,KUL,01/08/2024 13:55,115,Malaysia Airlines,Business Class,115,N/A,N/A,244,Y,Y,Y,1,8,2,23
Tan Son Nhat International Airport,SGN,01/08/2024 16:40,Kuala Lumpur International Airport,KUL,01/08/2024 19:40,120,Malaysia Airlines,Business Class,120,N/A,N/A,244,Y,Y,Y,1,8,2,23
Tan Son Nhat International Airport,SGN,01/08/2024 19:40,Kuala Lumpur International Airport,KUL,01/08/2024 22:30,110,Malaysia Airlines,Business Class,110,N/A,N/A,244,Y,Y,Y,1,8,2,23
Tan Son Nhat International Airport,SGN,01/08/2024 12:25,Xiamen Gaoqi International Airport,XMN,01/08/2024 16:35,190,XiamenAir,Business Class,625,175,N/A,757,Y,Y,Y,1,5,2,32
Tan Son Nhat International Airport,SGN,01/08/2024 12:20,Singapore Changi Airport,SIN,01/08/2024 15:30,130,Singapore Airlines,Business Class,260,55,N/A,848,Y,Y,Y,1,7,1,23
Tan Son Nhat International Airport,SGN,01/08/2024 2:35,Guangzhou Baiyun International Airport,CAN,01/08/2024 6:40,185,China Southern,Business Class,530,85,N/A,916,Y,Y,Y,1,10,2,32
Tan Son Nhat International Airport,SGN,01/08/2024 12:20,Singapore Changi Airport,SIN,01/08/2024 15:30,130,Singapore Airlines,Business Class,365,165,N/A,1912,Y,Y,Y,1,7,1,23
Tan Son Nhat International Airport,SGN,02/08/2024 11:00,Kuala Lumpur International Airport,KUL,02/08/2024 13:55,115,Malaysia Airlines,Business Class,115,N/A,N/A,244,Y,Y,Y,1,8,2,23
Tan Son Nhat International Airport,SGN,02/08/2024 16:40,Kuala Lumpur International Airport,KUL,02/08/2024 19:40,120,Malaysia Airlines,Business Class,120,N/A,N/A,244,Y,Y,Y,1,8,2,23
Tan Son Nhat International Airport,SGN,02/08/2024 19:40,Kuala Lumpur International Airport,KUL,02/08/2024 22:30,110,Malaysia Airlines,Business Class,110,N/A,N/A,244,Y,Y,Y,1,8,2,23
Tan Son Nhat International Airport,SGN,02/08/2024 16:10,Kuala Lumpur International Airport,KUL,02/08/2024 19:15,125,Vietnam Airlines,Business Class,125,N/A,N/A,346,Y,Y,Y,2,10,1,32
Tan Son Nhat International Airport,SGN,02/08/2024 12:20,Singapore Changi Airport,SIN,02/08/2024 15:30,130,Singapore Airlines,Business Class,260,55,N/A,848,Y,Y,Y,1,7,1,23
Tan Son Nhat International Airport,SGN,02/08/2024 2:35,Guangzhou Baiyun International Airport,CAN,02/08/2024 6:40,185,China Southern,Business Class,530,85,N/A,916,Y,Y,Y,1,10,2,32
Tan Son Nhat International Airport,SGN,03/08/2024 11:00,Kuala Lumpur International Airport,KUL,03/08/2024 13:55,115,Malaysia Airlines,Business Class,115,N/A,N/A,244,Y,Y,Y,1,8,2,23
Tan Son Nhat International Airport,SGN,03/08/2024 16:40,Kuala Lumpur International Airport,KUL,03/08/2024 19:40,120,Malaysia Airlines,Business Class,120,N/A,N/A,244,Y,Y,Y,1,8,2,23
Tan Son Nhat International Airport,SGN,03/08/2024 19:40,Kuala Lumpur International Airport,KUL,03/08/2024 22:30,110,Malaysia Airlines,Business Class,110,N/A,N/A,244,Y,Y,Y,1,8,2,23
Tan Son Nhat International Airport,SGN,03/08/2024 16:10,Kuala Lumpur International Airport,KUL,03/08/2024 19:15,125,Vietnam Airlines,Business Class,125,N/A,N/A,346,Y,Y,Y,2,10,1,32
Tan Son Nhat International Airport,SGN,03/08/2024 12:20,Singapore Changi Airport,SIN,03/08/2024 15:30,130,Singapore Airlines,Business Class,1825,1620,TRUE,635,Y,Y,Y,1,7,1,23
Tan Son Nhat International Airport,SGN,03/08/2024 15:05,Singapore Changi Airport,SIN,03/08/2024 18:05,120,Singapore Airlines,Business Class,290,115,N/A,848,Y,Y,Y,1,7,1,23
Tan Son Nhat International Airport,SGN,03/08/2024 2:35,Guangzhou Baiyun International Airport,CAN,03/08/2024 6:40,185,China Southern,Business Class,530,85,N/A,916,Y,Y,Y,1,10,2,32
Tan Son Nhat International Airport,SGN,03/08/2024 12:20,Singapore Changi Airport,SIN,03/08/2024 15:30,130,Singapore Airlines,Business Class,315,115,N/A,1912,Y,Y,Y,1,7,1,23
Tan Son Nhat International Airport,SGN,04/08/2024 11:00,Kuala Lumpur International Airport,KUL,04/08/2024 13:55,115,Malaysia Airlines,Business Class,115,N/A,N/A,244,Y,Y,Y,1,8,2,23
Tan Son Nhat International Airport,SGN,04/08/2024 16:40,Kuala Lumpur International Airport,KUL,04/08/2024 19:40,120,Malaysia Airlines,Business Class,120,N/A,N/A,244,Y,Y,Y,1,8,2,23
Tan Son Nhat International Airport,SGN,04/08/2024 19:40,Kuala Lumpur International Airport,KUL,04/08/2024 22:30,110,Malaysia Airlines,Business Class,110,N/A,N/A,244,Y,Y,Y,1,8,2,23
Tan Son Nhat International Airport,SGN,04/08/2024 19:40,Singapore Changi Airport,SIN,04/08/2024 22:40,120,Singapore Airlines,Business Class,770,590,TRUE,666,Y,Y,Y,1,7,1,23
Tan Son Nhat International Airport,SGN,04/08/2024 2:35,Guangzhou Baiyun International Airport,CAN,04/08/2024 6:40,185,China Southern,Business Class,530,85,N/A,916,Y,Y,Y,1,10,2,32
Tan Son Nhat International Airport,SGN,04/08/2024 12:20,Singapore Changi Airport,SIN,04/08/2024 15:30,130,Singapore Airlines,Business Class,385,180,N/A,1180,Y,Y,Y,1,7,1,23
Tan Son Nhat International Airport,SGN,04/08/2024 20:35,Brunei International Airport,BWN,04/08/2024 23:40,125,Royal Brunei,Business Class,825,550,TRUE,2211,Y,Y,Y,1,12,2,40
Tan Son Nhat International Airport,SGN,04/08/2024 11:25,Hong Kong International Airport,HKG,04/08/2024 15:15,170,Cathay Pacific,Business Class,470,55,N/A,3581,Y,Y,Y,1,7,2,25
Tan Son Nhat International Airport,SGN,05/08/2024 16:40,Kuala Lumpur International Airport,KUL,05/08/2024 19:40,120,Malaysia Airlines,Business Class,120,N/A,N/A,244,Y,Y,Y,1,8,2,23
Tan Son Nhat International Airport,SGN,05/08/2024 19:40,Kuala Lumpur International Airport,KUL,05/08/2024 22:30,110,Malaysia Airlines,Business Class,110,N/A,N/A,244,Y,Y,Y,1,8,2,23
Tan Son Nhat International Airport,SGN,05/08/2024 16:10,Kuala Lumpur International Airport,KUL,05/08/2024 19:15,125,Vietnam Airlines,Business Class,125,N/A,N/A,251,Y,Y,Y,2,10,1,32
Tan Son Nhat International Airport,SGN,05/08/2024 11:00,Kuala Lumpur International Airport,KUL,05/08/2024 13:55,115,Malaysia Airlines,Business Class,115,N/A,N/A,414,Y,Y,Y,1,8,2,23
Tan Son Nhat International Airport,SGN,05/08/2024 12:20,Singapore Changi Airport,SIN,05/08/2024 15:30,130,Singapore Airlines,Business Class,260,55,N/A,666,Y,Y,Y,1,7,1,23
Tan Son Nhat International Airport,SGN,05/08/2024 15:55,Singapore Changi Airport,SIN,05/08/2024 18:55,120,Singapore Airlines,Business Class,240,65,N/A,848,Y,Y,Y,1,7,1,23
Tan Son Nhat International Airport,SGN,05/08/2024 2:35,Guangzhou Baiyun International Airport,CAN,05/08/2024 6:40,185,China Southern,Business Class,530,85,N/A,1146,Y,Y,Y,1,10,2,32
Tan Son Nhat International Airport,SGN,06/08/2024 11:00,Kuala Lumpur International Airport,KUL,06/08/2024 13:55,115,Malaysia Airlines,Business Class,115,N/A,N/A,244,Y,Y,Y,1,8,2,23
Tan Son Nhat International Airport,SGN,06/08/2024 16:40,Kuala Lumpur International Airport,KUL,06/08/2024 19:40,120,Malaysia Airlines,Business Class,120,N/A,N/A,244,Y,Y,Y,1,8,2,23
Tan Son Nhat International Airport,SGN,06/08/2024 19:40,Kuala Lumpur International Airport,KUL,06/08/2024 22:30,110,Malaysia Airlines,Business Class,110,N/A,N/A,244,Y,Y,Y,1,8,2,23
Tan Son Nhat International Airport,SGN,06/08/2024 12:20,Singapore Changi Airport,SIN,06/08/2024 15:30,130,Singapore Airlines,Business Class,260,55,N/A,666,Y,Y,Y,1,7,1,23
Tan Son Nhat International Airport,SGN,06/08/2024 2:35,Guangzhou Baiyun International Airport,CAN,06/08/2024 6:40,185,China Southern,Business Class,530,85,N/A,916,Y,Y,Y,1,10,2,32
Tan Son Nhat International Airport,SGN,06/08/2024 12:20,Singapore Changi Airport,SIN,06/08/2024 15:30,130,Singapore Airlines,Business Class,365,165,N/A,1912,Y,Y,Y,1,7,1,23
Tan Son Nhat International Airport,SGN,06/08/2024 14:05,Brunei International Airport,BWN,06/08/2024 17:10,125,Royal Brunei,Business Class,320,45,N/A,2211,Y,Y,Y,1,12,2,40
Tan Son Nhat International Airport,SGN,07/08/2024 11:00,Kuala Lumpur International Airport,KUL,07/08/2024 13:55,115,Malaysia Airlines,Business Class,115,N/A,N/A,244,Y,Y,Y,1,8,2,23
Tan Son Nhat International Airport,SGN,07/08/2024 16:40,Kuala Lumpur International Airport,KUL,07/08/2024 19:40,120,Malaysia Airlines,Business Class,120,N/A,N/A,244,Y,Y,Y,1,8,2,23
Tan Son Nhat International Airport,SGN,07/08/2024 19:40,Kuala Lumpur International Airport,KUL,07/08/2024 22:30,110,Malaysia Airlines,Business Class,110,N/A,N/A,244,Y,Y,Y,1,8,2,23
Tan Son Nhat International Airport,SGN,07/08/2024 16:10,Kuala Lumpur International Airport,KUL,07/08/2024 19:15,125,Vietnam Airlines,Business Class,125,N/A,N/A,251,Y,Y,Y,2,10,1,32
Tan Son Nhat International Airport,SGN,07/08/2024 12:20,Singapore Changi Airport,SIN,07/08/2024 15:30,130,Singapore Airlines,Business Class,260,55,N/A,593,Y,Y,Y,1,7,1,23
Tan Son Nhat International Airport,SGN,07/08/2024 15:55,Singapore Changi Airport,SIN,07/08/2024 18:55,120,Singapore Airlines,Business Class,240,65,N/A,848,Y,Y,Y,1,7,1,23
Tan Son Nhat International Airport,SGN,07/08/2024 2:35,Guangzhou Baiyun International Airport,CAN,07/08/2024 6:40,185,China Southern,Business Class,530,85,N/A,916,Y,Y,Y,1,10,2,32
Tan Son Nhat International Airport,SGN,08/08/2024 11:00,Kuala Lumpur International Airport,KUL,08/08/2024 13:55,115,Malaysia Airlines,Business Class,115,N/A,N/A,244,Y,Y,Y,1,8,2,23
Tan Son Nhat International Airport,SGN,08/08/2024 16:40,Kuala Lumpur International Airport,KUL,08/08/2024 19:40,120,Malaysia Airlines,Business Class,120,N/A,N/A,244,Y,Y,Y,1,8,2,23
Tan Son Nhat International Airport,SGN,08/08/2024 19:40,Kuala Lumpur International Airport,KUL,08/08/2024 22:30,110,Malaysia Airlines,Business Class,110,N/A,N/A,244,Y,Y,Y,1,8,2,23
Tan Son Nhat International Airport,SGN,08/08/2024 12:20,Singapore Changi Airport,SIN,08/08/2024 15:30,130,Singapore Airlines,Business Class,260,55,N/A,666,Y,Y,Y,1,7,1,23
Tan Son Nhat International Airport,SGN,08/08/2024 12:20,Singapore Changi Airport,SIN,08/08/2024 15:30,130,Singapore Airlines,Business Class,1830,1630,TRUE,635,Y,Y,Y,1,7,1,23
Tan Son Nhat International Airport,SGN,08/08/2024 2:35,Guangzhou Baiyun International Airport,CAN,08/08/2024 6:40,185,China Southern,Business Class,530,85,N/A,916,Y,Y,Y,1,10,2,32
Tan Son Nhat International Airport,SGN,08/08/2024 11:25,Hong Kong International Airport,HKG,08/08/2024 15:15,170,Cathay Pacific,Business Class,470,55,N/A,3581,Y,Y,Y,1,7,2,25
Tan Son Nhat International Airport,SGN,09/08/2024 11:00,Kuala Lumpur International Airport,KUL,09/08/2024 13:55,115,Malaysia Airlines,Business Class,115,N/A,N/A,244,Y,Y,Y,1,8,2,23
Tan Son Nhat International Airport,SGN,09/08/2024 16:40,Kuala Lumpur International Airport,KUL,09/08/2024 19:40,120,Malaysia Airlines,Business Class,120,N/A,N/A,244,Y,Y,Y,1,8,2,23
Tan Son Nhat International Airport,SGN,09/08/2024 19:40,Kuala Lumpur International Airport,KUL,09/08/2024 22:30,110,Malaysia Airlines,Business Class,110,N/A,N/A,244,Y,Y,Y,1,8,2,23
Tan Son Nhat International Airport,SGN,09/08/2024 16:10,Kuala Lumpur International Airport,KUL,09/08/2024 19:15,125,Vietnam Airlines,Business Class,125,N/A,N/A,251,Y,Y,Y,2,10,1,32
Tan Son Nhat International Airport,SGN,09/08/2024 12:20,Singapore Changi Airport,SIN,09/08/2024 15:30,130,Singapore Airlines,Business Class,260,55,N/A,848,Y,Y,Y,1,7,1,23
Tan Son Nhat International Airport,SGN,09/08/2024 2:35,Guangzhou Baiyun International Airport,CAN,09/08/2024 6:40,185,China Southern,Business Class,530,85,N/A,916,Y,Y,Y,1,10,2,32
Tan Son Nhat International Airport,SGN,09/08/2024 12:20,Singapore Changi Airport,SIN,09/08/2024 15:30,130,Singapore Airlines,Business Class,340,120,N/A,1912,Y,Y,Y,1,7,1,23
Tan Son Nhat International Airport,SGN,10/08/2024 11:00,Kuala Lumpur International Airport,KUL,10/08/2024 13:55,115,Malaysia Airlines,Business Class,115,N/A,N/A,244,Y,Y,Y,1,8,2,23
Tan Son Nhat International Airport,SGN,10/08/2024 16:40,Kuala Lumpur International Airport,KUL,10/08/2024 19:40,120,Malaysia Airlines,Business Class,120,N/A,N/A,244,Y,Y,Y,1,8,2,23
Tan Son Nhat International Airport,SGN,10/08/2024 19:40,Kuala Lumpur International Airport,KUL,10/08/2024 22:30,110,Malaysia Airlines,Business Class,110,N/A,N/A,244,Y,Y,Y,1,8,2,23
Tan Son Nhat International Airport,SGN,10/08/2024 16:10,Kuala Lumpur International Airport,KUL,10/08/2024 19:15,125,Vietnam Airlines,Business Class,125,N/A,N/A,401,Y,Y,Y,2,10,1,32
Tan Son Nhat International Airport,SGN,10/08/2024 12:20,Singapore Changi Airport,SIN,10/08/2024 15:30,130,Singapore Airlines,Business Class,1830,1630,TRUE,635,Y,Y,Y,1,7,1,23
Tan Son Nhat International Airport,SGN,10/08/2024 2:35,Guangzhou Baiyun International Airport,CAN,10/08/2024 6:40,185,China Southern,Business Class,530,85,N/A,916,Y,Y,Y,1,10,2,32
Tan Son Nhat International Airport,SGN,10/08/2024 15:55,Singapore Changi Airport,SIN,10/08/2024 18:55,120,Singapore Airlines,Business Class,240,65,N/A,1180,Y,Y,Y,1,7,1,23
Tan Son Nhat International Airport,SGN,11/08/2024 11:00,Kuala Lumpur International Airport,KUL,11/08/2024 13:55,115,Malaysia Airlines,Business Class,115,N/A,N/A,244,Y,Y,Y,1,8,2,23
Tan Son Nhat International Airport,SGN,11/08/2024 16:40,Kuala Lumpur International Airport,KUL,11/08/2024 19:40,120,Malaysia Airlines,Business Class,120,N/A,N/A,244,Y,Y,Y,1,8,2,23
Tan Son Nhat International Airport,SGN,11/08/2024 19:40,Kuala Lumpur International Airport,KUL,11/08/2024 22:30,110,Malaysia Airlines,Business Class,110,N/A,N/A,244,Y,Y,Y,1,8,2,23
Tan Son Nhat International Airport,SGN,11/08/2024 8:00,Xiamen Gaoqi International Airport,XMN,11/08/2024 11:55,175,XiamenAir,Business Class,890,455,N/A,856,Y,Y,Y,1,5,2,32
Tan Son Nhat International Airport,SGN,11/08/2024 2:35,Guangzhou Baiyun International Airport,CAN,11/08/2024 6:40,185,China Southern,Business Class,530,85,N/A,916,Y,Y,Y,1,10,2,32
Tan Son Nhat International Airport,SGN,11/08/2024 15:05,Singapore Changi Airport,SIN,11/08/2024 18:05,120,Singapore Airlines,Business Class,290,115,N/A,1180,Y,Y,Y,1,7,1,23
Tan Son Nhat International Airport,SGN,11/08/2024 20:35,Brunei International Airport,BWN,11/08/2024 23:40,125,Royal Brunei,Business Class,825,550,TRUE,2211,Y,Y,Y,1,12,2,40
Tan Son Nhat International Airport,SGN,11/08/2024 10:00,Noi Bai International Airport,HAN,11/08/2024 12:15,135,Vietnam Airlines,Business Class,480,145,N/A,N/A,Y,Y,Y,2,10,1,32
Tan Son Nhat International Airport,SGN,12/08/2024 11:00,Kuala Lumpur International Airport,KUL,12/08/2024 13:55,115,Malaysia Airlines,Business Class,115,N/A,N/A,244,Y,Y,Y,1,8,2,23
Tan Son Nhat International Airport,SGN,12/08/2024 16:40,Kuala Lumpur International Airport,KUL,12/08/2024 19:40,120,Malaysia Airlines,Business Class,120,N/A,N/A,244,Y,Y,Y,1,8,2,23
Tan Son Nhat International Airport,SGN,12/08/2024 19:40,Kuala Lumpur International Airport,KUL,12/08/2024 22:30,110,Malaysia Airlines,Business Class,110,N/A,N/A,244,Y,Y,Y,1,8,2,23
Tan Son Nhat International Airport,SGN,12/08/2024 16:10,Kuala Lumpur International Airport,KUL,12/08/2024 19:15,125,Vietnam Airlines,Business Class,125,N/A,N/A,346,Y,Y,Y,2,10,1,32
Tan Son Nhat International Airport,SGN,12/08/2024 12:20,Singapore Changi Airport,SIN,12/08/2024 15:30,130,Singapore Airlines,Business Class,260,55,N/A,666,Y,Y,Y,1,7,1,23
Tan Son Nhat International Airport,SGN,12/08/2024 2:35,Guangzhou Baiyun International Airport,CAN,12/08/2024 6:40,185,China Southern,Business Class,530,85,N/A,916,Y,Y,Y,1,10,2,32
Tan Son Nhat International Airport,SGN,12/08/2024 15:55,Singapore Changi Airport,SIN,12/08/2024 18:55,120,Singapore Airlines,Business Class,240,65,N/A,1180,Y,Y,Y,1,7,1,23
Tan Son Nhat International Airport,SGN,13/08/2024 11:00,Kuala Lumpur International Airport,KUL,13/08/2024 13:55,115,Malaysia Airlines,Business Class,115,N/A,N/A,244,Y,Y,Y,1,8,2,23
Tan Son Nhat International Airport,SGN,13/08/2024 16:40,Kuala Lumpur International Airport,KUL,13/08/2024 19:40,120,Malaysia Airlines,Business Class,120,N/A,N/A,244,Y,Y,Y,1,8,2,23
Tan Son Nhat International Airport,SGN,13/08/2024 19:40,Kuala Lumpur International Airport,KUL,13/08/2024 22:30,110,Malaysia Airlines,Business Class,110,N/A,N/A,244,Y,Y,Y,1,8,2,23
Tan Son Nhat International Airport,SGN,13/08/2024 12:20,Singapore Changi Airport,SIN,13/08/2024 15:30,130,Singapore Airlines,Business Class,260,55,N/A,666,Y,Y,Y,1,7,1,23
Tan Son Nhat International Airport,SGN,13/08/2024 2:35,Guangzhou Baiyun International Airport,CAN,13/08/2024 6:40,185,China Southern,Business Class,530,85,N/A,916,Y,Y,Y,1,10,2,32
Tan Son Nhat International Airport,SGN,13/08/2024 14:05,Brunei International Airport,BWN,13/08/2024 17:10,125,Royal Brunei,Business Class,320,45,N/A,2211,Y,Y,Y,1,12,2,40
Tan Son Nhat International Airport,SGN,14/08/2024 11:00,Kuala Lumpur International Airport,KUL,14/08/2024 13:55,115,Malaysia Airlines,Business Class,115,N/A,N/A,244,Y,Y,Y,1,8,2,23
Tan Son Nhat International Airport,SGN,14/08/2024 16:40,Kuala Lumpur International Airport,KUL,14/08/2024 19:40,120,Malaysia Airlines,Business Class,120,N/A,N/A,244,Y,Y,Y,1,8,2,23
Tan Son Nhat International Airport,SGN,14/08/2024 19:40,Kuala Lumpur International Airport,KUL,14/08/2024 22:30,110,Malaysia Airlines,Business Class,110,N/A,N/A,244,Y,Y,Y,1,8,2,23
Tan Son Nhat International Airport,SGN,14/08/2024 16:10,Kuala Lumpur International Airport,KUL,14/08/2024 19:15,125,Vietnam Airlines,Business Class,125,N/A,N/A,251,Y,Y,Y,2,10,1,32
Tan Son Nhat International Airport,SGN,14/08/2024 12:20,Singapore Changi Airport,SIN,14/08/2024 15:30,130,Singapore Airlines,Business Class,260,55,N/A,666,Y,Y,Y,1,7,1,23
Tan Son Nhat International Airport,SGN,14/08/2024 2:35,Guangzhou Baiyun International Airport,CAN,14/08/2024 6:40,185,China Southern,Business Class,530,85,N/A,916,Y,Y,Y,1,10,2,32
Tan Son Nhat International Airport,SGN,14/08/2024 15:55,Singapore Changi Airport,SIN,14/08/2024 18:55,120,Singapore Airlines,Business Class,240,65,N/A,1180,Y,Y,Y,1,7,1,23
Tan Son Nhat International Airport,SGN,15/08/2024 16:40,Kuala Lumpur International Airport,KUL,15/08/2024 19:40,120,Malaysia Airlines,Business Class,120,N/A,N/A,244,Y,Y,Y,1,8,2,23
Tan Son Nhat International Airport,SGN,15/08/2024 19:40,Kuala Lumpur International Airport,KUL,15/08/2024 22:30,110,Malaysia Airlines,Business Class,110,N/A,N/A,244,Y,Y,Y,1,8,2,23
Tan Son Nhat International Airport,SGN,15/08/2024 12:20,Singapore Changi Airport,SIN,15/08/2024 15:30,130,Singapore Airlines,Business Class,260,55,N/A,848,Y,Y,Y,1,7,1,23
Tan Son Nhat International Airport,SGN,15/08/2024 19:40,Singapore Changi Airport,SIN,15/08/2024 22:40,120,Singapore Airlines,Business Class,685,505,TRUE,666,Y,Y,Y,1,7,1,23
Tan Son Nhat International Airport,SGN,15/08/2024 2:35,Guangzhou Baiyun International Airport,CAN,15/08/2024 6:40,185,China Southern,Business Class,530,85,N/A,916,Y,Y,Y,1,10,2,32
Tan Son Nhat International Airport,SGN,15/08/2024 1:50,Taiwan Taoyuan International Airport,TPE,15/08/2024 6:15,205,EVA Air,Business Class,685,195,N/A,960,Y,Y,Y,2,7,2,32
Tan Son Nhat International Airport,SGN,15/08/2024 8:00,Xiamen Gaoqi International Airport,XMN,15/08/2024 11:55,175,XiamenAir,Business Class,610,150,N/A,969,Y,Y,Y,1,5,2,32
Tan Son Nhat International Airport,SGN,15/08/2024 9:50,Soekarno–Hatta International Airport,CGK,15/08/2024 13:00,190,Vietnam Airlines,Business Class,515,185,N/A,1238,Y,Y,Y,2,10,1,32
Tan Son Nhat International Airport,SGN,15/08/2024 11:25,Hong Kong International Airport,HKG,15/08/2024 15:15,170,Cathay Pacific,Business Class,470,55,N/A,3581,Y,Y,Y,1,7,2,25
Tan Son Nhat International Airport,SGN,16/08/2024 11:00,Kuala Lumpur International Airport,KUL,16/08/2024 13:55,115,Malaysia Airlines,Business Class,115,N/A,N/A,244,Y,Y,Y,1,8,2,23
Tan Son Nhat International Airport,SGN,16/08/2024 16:40,Kuala Lumpur International Airport,KUL,16/08/2024 19:40,120,Malaysia Airlines,Business Class,120,N/A,N/A,244,Y,Y,Y,1,8,2,23
Tan Son Nhat International Airport,SGN,16/08/2024 19:40,Kuala Lumpur International Airport,KUL,16/08/2024 22:30,110,Malaysia Airlines,Business Class,110,N/A,N/A,244,Y,Y,Y,1,8,2,23
Tan Son Nhat International Airport,SGN,16/08/2024 16:10,Kuala Lumpur International Airport,KUL,16/08/2024 19:15,125,Vietnam Airlines,Business Class,125,N/A,N/A,251,Y,Y,Y,2,10,1,32
Tan Son Nhat International Airport,SGN,16/08/2024 2:35,Guangzhou Baiyun International Airport,CAN,16/08/2024 6:40,185,China Southern,Business Class,530,85,N/A,916,Y,Y,Y,1,10,2,32
Tan Son Nhat International Airport,SGN,16/08/2024 12:20,Singapore Changi Airport,SIN,16/08/2024 15:30,130,Singapore Airlines,Business Class,260,55,N/A,1180,Y,Y,Y,1,7,1,23
Tan Son Nhat International Airport,SGN,16/08/2024 15:55,Singapore Changi Airport,SIN,16/08/2024 18:55,120,Singapore Airlines,Business Class,240,65,N/A,1180,Y,Y,Y,1,7,1,23
Tan Son Nhat International Airport,SGN,17/08/2024 11:00,Kuala Lumpur International Airport,KUL,17/08/2024 13:55,115,Malaysia Airlines,Business Class,115,N/A,N/A,244,Y,Y,Y,1,8,2,23
Tan Son Nhat International Airport,SGN,17/08/2024 16:40,Kuala Lumpur International Airport,KUL,17/08/2024 19:40,120,Malaysia Airlines,Business Class,120,N/A,N/A,244,Y,Y,Y,1,8,2,23
Tan Son Nhat International Airport,SGN,17/08/2024 16:10,Kuala Lumpur International Airport,KUL,17/08/2024 19:15,125,Vietnam Airlines,Business Class,125,N/A,N/A,346,Y,Y,Y,2,10,1,32
Tan Son Nhat International Airport,SGN,17/08/2024 12:20,Singapore Changi Airport,SIN,17/08/2024 15:30,130,Singapore Airlines,Business Class,1590,1400,TRUE,593,Y,Y,Y,1,7,1,23
Tan Son Nhat International Airport,SGN,17/08/2024 19:40,Singapore Changi Airport,SIN,17/08/2024 22:40,120,Singapore Airlines,Business Class,685,505,TRUE,666,Y,Y,Y,1,7,1,23
Tan Son Nhat International Airport,SGN,17/08/2024 2:35,Guangzhou Baiyun International Airport,CAN,17/08/2024 6:40,185,China Southern,Business Class,530,85,N/A,916,Y,Y,Y,1,10,2,32
Tan Son Nhat International Airport,SGN,17/08/2024 15:55,Singapore Changi Airport,SIN,17/08/2024 18:55,120,Singapore Airlines,Business Class,240,65,N/A,997,Y,Y,Y,1,7,1,23
Tan Son Nhat International Airport,SGN,17/08/2024 19:10,Kunming Changshui International Airport,KMG,17/08/2024 23:00,170,China Eastern,Business Class,1440,1040,TRUE,1130,Y,Y,Y,1,10,2,32
Tan Son Nhat International Airport,SGN,17/08/2024 17:20,Taiwan Taoyuan International Airport,TPE,17/08/2024 21:50,210,China Airlines,Business Class,1145,655,TRUE,1852,Y,Y,Y,2,7,2,32
Tan Son Nhat International Airport,SGN,18/08/2024 11:00,Kuala Lumpur International Airport,KUL,18/08/2024 13:55,115,Malaysia Airlines,Business Class,115,N/A,N/A,244,Y,Y,Y,1,8,2,23
Tan Son Nhat International Airport,SGN,18/08/2024 19:40,Kuala Lumpur International Airport,KUL,18/08/2024 22:30,110,Malaysia Airlines,Business Class,110,N/A,N/A,244,Y,Y,Y,1,8,2,23
Tan Son Nhat International Airport,SGN,18/08/2024 16:40,Kuala Lumpur International Airport,KUL,18/08/2024 19:40,120,Malaysia Airlines,Business Class,120,N/A,N/A,515,Y,Y,Y,1,8,2,23
Tan Son Nhat International Airport,SGN,18/08/2024 19:40,Singapore Changi Airport,SIN,18/08/2024 22:40,120,Singapore Airlines,Business Class,1150,970,TRUE,593,Y,Y,Y,1,7,1,23
Tan Son Nhat International Airport,SGN,18/08/2024 2:35,Guangzhou Baiyun International Airport,CAN,18/08/2024 6:40,185,China Southern,Business Class,530,85,N/A,916,Y,Y,Y,1,10,2,32
Tan Son Nhat International Airport,SGN,18/08/2024 15:55,Singapore Changi Airport,SIN,18/08/2024 18:55,120,Singapore Airlines,Business Class,240,65,N/A,1180,Y,Y,Y,1,7,1,23
Tan Son Nhat International Airport,SGN,18/08/2024 20:35,Brunei International Airport,BWN,18/08/2024 23:40,125,Royal Brunei,Business Class,825,550,TRUE,2211,Y,Y,Y,1,12,2,40
Tan Son Nhat International Airport,SGN,18/08/2024 10:00,Noi Bai International Airport,HAN,18/08/2024 12:15,135,Vietnam Airlines,Business Class,480,145,N/A,N/A,Y,Y,Y,2,10,1,32
Tan Son Nhat International Airport,SGN,19/08/2024 11:00,Kuala Lumpur International Airport,KUL,19/08/2024 13:55,115,Malaysia Airlines,Business Class,115,N/A,N/A,244,Y,Y,Y,1,8,2,23
Tan Son Nhat International Airport,SGN,19/08/2024 16:40,Kuala Lumpur International Airport,KUL,19/08/2024 19:40,120,Malaysia Airlines,Business Class,120,N/A,N/A,244,Y,Y,Y,1,8,2,23
Tan Son Nhat International Airport,SGN,19/08/2024 19:40,Kuala Lumpur International Airport,KUL,19/08/2024 22:30,110,Malaysia Airlines,Business Class,110,N/A,N/A,244,Y,Y,Y,1,8,2,23
Tan Son Nhat International Airport,SGN,19/08/2024 16:10,Kuala Lumpur International Airport,KUL,19/08/2024 19:15,125,Vietnam Airlines,Business Class,125,N/A,N/A,251,Y,Y,Y,2,10,1,32
Tan Son Nhat International Airport,SGN,19/08/2024 12:20,Singapore Changi Airport,SIN,19/08/2024 15:30,130,Singapore Airlines,Business Class,260,55,N/A,593,Y,Y,Y,1,7,1,23
Tan Son Nhat International Airport,SGN,19/08/2024 2:35,Guangzhou Baiyun International Airport,CAN,19/08/2024 6:40,185,China Southern,Business Class,530,85,N/A,916,Y,Y,Y,1,10,2,32
Tan Son Nhat International Airport,SGN,19/08/2024 15:55,Singapore Changi Airport,SIN,19/08/2024 18:55,120,Singapore Airlines,Business Class,240,65,N/A,1180,Y,Y,Y,1,7,1,23
Tan Son Nhat International Airport,SGN,20/08/2024 11:00,Kuala Lumpur International Airport,KUL,20/08/2024 13:55,115,Malaysia Airlines,Business Class,115,N/A,N/A,244,Y,Y,Y,1,8,2,23
Tan Son Nhat International Airport,SGN,20/08/2024 16:40,Kuala Lumpur International Airport,KUL,20/08/2024 19:40,120,Malaysia Airlines,Business Class,120,N/A,N/A,244,Y,Y,Y,1,8,2,23
Tan Son Nhat International Airport,SGN,20/08/2024 19:40,Kuala Lumpur International Airport,KUL,20/08/2024 22:30,110,Malaysia Airlines,Business Class,110,N/A,N/A,244,Y,Y,Y,1,8,2,23
Tan Son Nhat International Airport,SGN,20/08/2024 12:20,Singapore Changi Airport,SIN,20/08/2024 15:30,130,Singapore Airlines,Business Class,260,55,N/A,593,Y,Y,Y,1,7,1,23
Tan Son Nhat International Airport,SGN,20/08/2024 2:35,Guangzhou Baiyun International Airport,CAN,20/08/2024 6:40,185,China Southern,Business Class,530,85,N/A,916,Y,Y,Y,1,10,2,32
Tan Son Nhat International Airport,SGN,20/08/2024 14:05,Brunei International Airport,BWN,20/08/2024 17:10,125,Royal Brunei,Business Class,320,45,N/A,2211,Y,Y,Y,1,12,2,40
Tan Son Nhat International Airport,SGN,21/08/2024 11:00,Kuala Lumpur International Airport,KUL,21/08/2024 13:55,115,Malaysia Airlines,Business Class,115,N/A,N/A,244,Y,Y,Y,1,8,2,23
Tan Son Nhat International Airport,SGN,21/08/2024 16:40,Kuala Lumpur International Airport,KUL,21/08/2024 19:40,120,Malaysia Airlines,Business Class,120,N/A,N/A,244,Y,Y,Y,1,8,2,23
Tan Son Nhat International Airport,SGN,21/08/2024 19:40,Kuala Lumpur International Airport,KUL,21/08/2024 22:30,110,Malaysia Airlines,Business Class,110,N/A,N/A,244,Y,Y,Y,1,8,2,23
Tan Son Nhat International Airport,SGN,21/08/2024 16:10,Kuala Lumpur International Airport,KUL,21/08/2024 19:15,125,Vietnam Airlines,Business Class,125,N/A,N/A,251,Y,Y,Y,2,10,1,32
Tan Son Nhat International Airport,SGN,21/08/2024 12:20,Singapore Changi Airport,SIN,21/08/2024 15:30,130,Singapore Airlines,Business Class,260,55,N/A,593,Y,Y,Y,1,7,1,23
Tan Son Nhat International Airport,SGN,21/08/2024 2:35,Guangzhou Baiyun International Airport,CAN,21/08/2024 6:40,185,China Southern,Business Class,530,85,N/A,916,Y,Y,Y,1,10,2,32
Tan Son Nhat International Airport,SGN,21/08/2024 15:55,Singapore Changi Airport,SIN,21/08/2024 18:55,120,Singapore Airlines,Business Class,240,65,N/A,997,Y,Y,Y,1,7,1,23
Tan Son Nhat International Airport,SGN,22/08/2024 16:40,Kuala Lumpur International Airport,KUL,22/08/2024 19:40,120,Malaysia Airlines,Business Class,120,N/A,N/A,244,Y,Y,Y,1,8,2,23
Tan Son Nhat International Airport,SGN,22/08/2024 19:40,Kuala Lumpur International Airport,KUL,22/08/2024 22:30,110,Malaysia Airlines,Business Class,110,N/A,N/A,244,Y,Y,Y,1,8,2,23
Tan Son Nhat International Airport,SGN,22/08/2024 12:20,Singapore Changi Airport,SIN,22/08/2024 15:30,130,Singapore Airlines,Business Class,260,55,N/A,593,Y,Y,Y,1,7,1,23
Tan Son Nhat International Airport,SGN,22/08/2024 2:35,Guangzhou Baiyun International Airport,CAN,22/08/2024 6:40,185,China Southern,Business Class,530,85,N/A,916,Y,Y,Y,1,10,2,32
Tan Son Nhat International Airport,SGN,22/08/2024 1:50,Taiwan Taoyuan International Airport,TPE,22/08/2024 6:15,205,EVA Air,Business Class,685,195,N/A,960,Y,Y,Y,2,7,2,32
Tan Son Nhat International Airport,SGN,22/08/2024 9:50,Soekarno–Hatta International Airport,CGK,22/08/2024 13:00,190,Vietnam Airlines,Business Class,515,185,N/A,970,Y,Y,Y,2,10,1,32
Tan Son Nhat International Airport,SGN,22/08/2024 2:35,Shanghai Pudong International Airport,PVG,22/08/2024 8:00,265,China Eastern,Business Class,675,85,N/A,1596,Y,Y,Y,1,10,2,32
Tan Son Nhat International Airport,SGN,22/08/2024 11:25,Hong Kong International Airport,HKG,22/08/2024 15:15,170,Cathay Pacific,Business Class,470,55,N/A,3581,Y,Y,Y,1,7,2,25
Tan Son Nhat International Airport,SGN,23/08/2024 11:00,Kuala Lumpur International Airport,KUL,23/08/2024 13:55,115,Malaysia Airlines,Business Class,115,N/A,N/A,244,Y,Y,Y,1,8,2,23
Tan Son Nhat International Airport,SGN,23/08/2024 16:40,Kuala Lumpur International Airport,KUL,23/08/2024 19:40,120,Malaysia Airlines,Business Class,120,N/A,N/A,244,Y,Y,Y,1,8,2,23
Tan Son Nhat International Airport,SGN,23/08/2024 19:40,Kuala Lumpur International Airport,KUL,23/08/2024 22:30,110,Malaysia Airlines,Business Class,110,N/A,N/A,244,Y,Y,Y,1,8,2,23
Tan Son Nhat International Airport,SGN,23/08/2024 16:10,Kuala Lumpur International Airport,KUL,23/08/2024 19:15,125,Vietnam Airlines,Business Class,125,N/A,N/A,251,Y,Y,Y,2,10,1,32
Tan Son Nhat International Airport,SGN,23/08/2024 19:40,Singapore Changi Airport,SIN,23/08/2024 22:40,120,Singapore Airlines,Business Class,685,505,TRUE,593,Y,Y,Y,1,7,1,23
Tan Son Nhat International Airport,SGN,23/08/2024 12:20,Singapore Changi Airport,SIN,23/08/2024 15:30,130,Singapore Airlines,Business Class,260,55,N/A,848,Y,Y,Y,1,7,1,23
Tan Son Nhat International Airport,SGN,23/08/2024 2:35,Guangzhou Baiyun International Airport,CAN,23/08/2024 6:40,185,China Southern,Business Class,530,85,N/A,916,Y,Y,Y,1,10,2,32
Tan Son Nhat International Airport,SGN,24/08/2024 11:00,Kuala Lumpur International Airport,KUL,24/08/2024 13:55,115,Malaysia Airlines,Business Class,115,N/A,N/A,244,Y,Y,Y,1,8,2,23
Tan Son Nhat International Airport,SGN,24/08/2024 16:40,Kuala Lumpur International Airport,KUL,24/08/2024 19:40,120,Malaysia Airlines,Business Class,120,N/A,N/A,244,Y,Y,Y,1,8,2,23
Tan Son Nhat International Airport,SGN,24/08/2024 19:40,Kuala Lumpur International Airport,KUL,24/08/2024 22:30,110,Malaysia Airlines,Business Class,110,N/A,N/A,244,Y,Y,Y,1,8,2,23
Tan Son Nhat International Airport,SGN,24/08/2024 16:10,Kuala Lumpur International Airport,KUL,24/08/2024 19:15,125,Vietnam Airlines,Business Class,125,N/A,N/A,346,Y,Y,Y,2,10,1,32
Tan Son Nhat International Airport,SGN,24/08/2024 19:40,Singapore Changi Airport,SIN,24/08/2024 22:40,120,Singapore Airlines,Business Class,770,590,TRUE,593,Y,Y,Y,1,7,1,23
Tan Son Nhat International Airport,SGN,24/08/2024 2:35,Guangzhou Baiyun International Airport,CAN,24/08/2024 6:40,185,China Southern,Business Class,530,85,N/A,916,Y,Y,Y,1,10,2,32
Tan Son Nhat International Airport,SGN,24/08/2024 15:55,Singapore Changi Airport,SIN,24/08/2024 18:55,120,Singapore Airlines,Business Class,240,65,N/A,1180,Y,Y,Y,1,7,1,23
Tan Son Nhat International Airport,SGN,25/08/2024 11:00,Kuala Lumpur International Airport,KUL,25/08/2024 13:55,115,Malaysia Airlines,Business Class,115,N/A,N/A,244,Y,Y,Y,1,8,2,23
Tan Son Nhat International Airport,SGN,25/08/2024 16:40,Kuala Lumpur International Airport,KUL,25/08/2024 19:40,120,Malaysia Airlines,Business Class,120,N/A,N/A,244,Y,Y,Y,1,8,2,23
Tan Son Nhat International Airport,SGN,25/08/2024 19:40,Kuala Lumpur International Airport,KUL,25/08/2024 22:30,110,Malaysia Airlines,Business Class,110,N/A,N/A,244,Y,Y,Y,1,8,2,23
Tan Son Nhat International Airport,SGN,25/08/2024 19:40,Singapore Changi Airport,SIN,25/08/2024 22:40,120,Singapore Airlines,Business Class,685,505,TRUE,666,Y,Y,Y,1,7,1,23
Tan Son Nhat International Airport,SGN,25/08/2024 12:20,Singapore Changi Airport,SIN,25/08/2024 15:30,130,Singapore Airlines,Business Class,385,180,N/A,848,Y,Y,Y,1,7,1,23
Tan Son Nhat International Airport,SGN,25/08/2024 2:35,Guangzhou Baiyun International Airport,CAN,25/08/2024 6:40,185,China Southern,Business Class,530,85,N/A,916,Y,Y,Y,1,10,2,32
Tan Son Nhat International Airport,SGN,25/08/2024 12:20,Singapore Changi Airport,SIN,25/08/2024 15:30,130,Singapore Airlines,Business Class,425,225,N/A,1912,Y,Y,Y,1,7,1,23
Tan Son Nhat International Airport,SGN,25/08/2024 20:35,Brunei International Airport,BWN,25/08/2024 23:40,125,Royal Brunei,Business Class,825,550,TRUE,2211,Y,Y,Y,1,12,2,40
Tan Son Nhat International Airport,SGN,26/08/2024 11:00,Kuala Lumpur International Airport,KUL,26/08/2024 13:55,115,Malaysia Airlines,Business Class,115,N/A,N/A,244,Y,Y,Y,1,8,2,23
Tan Son Nhat International Airport,SGN,26/08/2024 16:40,Kuala Lumpur International Airport,KUL,26/08/2024 19:40,120,Malaysia Airlines,Business Class,120,N/A,N/A,244,Y,Y,Y,1,8,2,23
Tan Son Nhat International Airport,SGN,26/08/2024 19:40,Kuala Lumpur International Airport,KUL,26/08/2024 22:30,110,Malaysia Airlines,Business Class,110,N/A,N/A,244,Y,Y,Y,1,8,2,23
Tan Son Nhat International Airport,SGN,26/08/2024 16:10,Kuala Lumpur International Airport,KUL,26/08/2024 19:15,125,Vietnam Airlines,Business Class,125,N/A,N/A,251,Y,Y,Y,2,10,1,32
Tan Son Nhat International Airport,SGN,26/08/2024 12:20,Singapore Changi Airport,SIN,26/08/2024 15:30,130,Singapore Airlines,Business Class,260,55,N/A,593,Y,Y,Y,1,7,1,23
Tan Son Nhat International Airport,SGN,26/08/2024 2:35,Guangzhou Baiyun International Airport,CAN,26/08/2024 6:40,185,China Southern,Business Class,530,85,N/A,916,Y,Y,Y,1,10,2,32
Tan Son Nhat International Airport,SGN,26/08/2024 15:55,Singapore Changi Airport,SIN,26/08/2024 18:55,120,Singapore Airlines,Business Class,240,65,N/A,997,Y,Y,Y,1,7,1,23
Tan Son Nhat International Airport,SGN,27/08/2024 11:00,Kuala Lumpur International Airport,KUL,27/08/2024 13:55,115,Malaysia Airlines,Business Class,115,N/A,N/A,244,Y,Y,Y,1,8,2,23
Tan Son Nhat International Airport,SGN,27/08/2024 16:40,Kuala Lumpur International Airport,KUL,27/08/2024 19:40,120,Malaysia Airlines,Business Class,120,N/A,N/A,244,Y,Y,Y,1,8,2,23
Tan Son Nhat International Airport,SGN,27/08/2024 19:40,Kuala Lumpur International Airport,KUL,27/08/2024 22:30,110,Malaysia Airlines,Business Class,110,N/A,N/A,244,Y,Y,Y,1,8,2,23
Tan Son Nhat International Airport,SGN,27/08/2024 12:20,Singapore Changi Airport,SIN,27/08/2024 15:30,130,Singapore Airlines,Business Class,260,55,N/A,593,Y,Y,Y,1,7,1,23
Tan Son Nhat International Airport,SGN,27/08/2024 2:35,Guangzhou Baiyun International Airport,CAN,27/08/2024 6:40,185,China Southern,Business Class,530,85,N/A,916,Y,Y,Y,1,10,2,32
Tan Son Nhat International Airport,SGN,27/08/2024 14:05,Brunei International Airport,BWN,27/08/2024 17:10,125,Royal Brunei,Business Class,320,45,N/A,2211,Y,Y,Y,1,12,2,40
Tan Son Nhat International Airport,SGN,28/08/2024 11:00,Kuala Lumpur International Airport,KUL,28/08/2024 13:55,115,Malaysia Airlines,Business Class,115,N/A,N/A,244,Y,Y,Y,1,8,2,23
Tan Son Nhat International Airport,SGN,28/08/2024 16:40,Kuala Lumpur International Airport,KUL,28/08/2024 19:40,120,Malaysia Airlines,Business Class,120,N/A,N/A,244,Y,Y,Y,1,8,2,23
Tan Son Nhat International Airport,SGN,28/08/2024 19:40,Kuala Lumpur International Airport,KUL,28/08/2024 22:30,110,Malaysia Airlines,Business Class,110,N/A,N/A,244,Y,Y,Y,1,8,2,23
Tan Son Nhat International Airport,SGN,28/08/2024 16:10,Kuala Lumpur International Airport,KUL,28/08/2024 19:15,125,Vietnam Airlines,Business Class,125,N/A,N/A,251,Y,Y,Y,2,10,1,32
Tan Son Nhat International Airport,SGN,28/08/2024 12:20,Singapore Changi Airport,SIN,28/08/2024 15:30,130,Singapore Airlines,Business Class,260,55,N/A,593,Y,Y,Y,1,7,1,23
Tan Son Nhat International Airport,SGN,28/08/2024 2:35,Guangzhou Baiyun International Airport,CAN,28/08/2024 6:40,185,China Southern,Business Class,530,85,N/A,916,Y,Y,Y,1,10,2,32
Tan Son Nhat International Airport,SGN,29/08/2024 11:00,Kuala Lumpur International Airport,KUL,29/08/2024 13:55,115,Malaysia Airlines,Business Class,115,N/A,N/A,244,Y,Y,Y,1,8,2,23
Tan Son Nhat International Airport,SGN,29/08/2024 16:40,Kuala Lumpur International Airport,KUL,29/08/2024 19:40,120,Malaysia Airlines,Business Class,120,N/A,N/A,244,Y,Y,Y,1,8,2,23
Tan Son Nhat International Airport,SGN,29/08/2024 19:40,Kuala Lumpur International Airport,KUL,29/08/2024 22:30,110,Malaysia Airlines,Business Class,110,N/A,N/A,244,Y,Y,Y,1,8,2,23
Tan Son Nhat International Airport,SGN,29/08/2024 12:20,Singapore Changi Airport,SIN,29/08/2024 15:30,130,Singapore Airlines,Business Class,260,55,N/A,666,Y,Y,Y,1,7,1,23
Tan Son Nhat International Airport,SGN,29/08/2024 19:40,Singapore Changi Airport,SIN,29/08/2024 22:40,120,Singapore Airlines,Business Class,685,505,TRUE,593,Y,Y,Y,1,7,1,23
Tan Son Nhat International Airport,SGN,29/08/2024 2:35,Guangzhou Baiyun International Airport,CAN,29/08/2024 6:40,185,China Southern,Business Class,530,85,N/A,916,Y,Y,Y,1,10,2,32
Tan Son Nhat International Airport,SGN,29/08/2024 11:25,Hong Kong International Airport,HKG,29/08/2024 15:15,170,Cathay Pacific,Business Class,470,55,N/A,3581,Y,Y,Y,1,7,2,25
Tan Son Nhat International Airport,SGN,30/08/2024 11:00,Kuala Lumpur International Airport,KUL,30/08/2024 13:55,115,Malaysia Airlines,Business Class,115,N/A,N/A,244,Y,Y,Y,1,8,2,23
Tan Son Nhat International Airport,SGN,30/08/2024 16:40,Kuala Lumpur International Airport,KUL,30/08/2024 19:40,120,Malaysia Airlines,Business Class,120,N/A,N/A,244,Y,Y,Y,1,8,2,23
Tan Son Nhat International Airport,SGN,30/08/2024 19:40,Kuala Lumpur International Airport,KUL,30/08/2024 22:30,110,Malaysia Airlines,Business Class,110,N/A,N/A,244,Y,Y,Y,1,8,2,23
Tan Son Nhat International Airport,SGN,30/08/2024 16:10,Kuala Lumpur International Airport,KUL,30/08/2024 19:15,125,Vietnam Airlines,Business Class,125,N/A,N/A,251,Y,Y,Y,2,10,1,32
Tan Son Nhat International Airport,SGN,30/08/2024 12:20,Singapore Changi Airport,SIN,30/08/2024 15:30,130,Singapore Airlines,Business Class,260,55,N/A,848,Y,Y,Y,1,7,1,23
Tan Son Nhat International Airport,SGN,30/08/2024 2:35,Guangzhou Baiyun International Airport,CAN,30/08/2024 6:40,185,China Southern,Business Class,530,85,N/A,916,Y,Y,Y,1,10,2,32
Tan Son Nhat International Airport,SGN,30/08/2024 15:55,Singapore Changi Airport,SIN,30/08/2024 18:55,120,Singapore Airlines,Business Class,240,65,N/A,1180,Y,Y,Y,1,7,1,23
Tan Son Nhat International Airport,SGN,31/08/2024 11:00,Kuala Lumpur International Airport,KUL,31/08/2024 13:55,115,Malaysia Airlines,Business Class,115,N/A,N/A,244,Y,Y,Y,1,8,2,23
Tan Son Nhat International Airport,SGN,31/08/2024 16:40,Kuala Lumpur International Airport,KUL,31/08/2024 19:40,120,Malaysia Airlines,Business Class,120,N/A,N/A,244,Y,Y,Y,1,8,2,23
Tan Son Nhat International Airport,SGN,31/08/2024 19:40,Kuala Lumpur International Airport,KUL,31/08/2024 22:30,110,Malaysia Airlines,Business Class,110,N/A,N/A,244,Y,Y,Y,1,8,2,23
Tan Son Nhat International Airport,SGN,31/08/2024 16:10,Kuala Lumpur International Airport,KUL,31/08/2024 19:15,125,Vietnam Airlines,Business Class,125,N/A,N/A,251,Y,Y,Y,2,10,1,32
Tan Son Nhat International Airport,SGN,31/08/2024 2:35,Guangzhou Baiyun International Airport,CAN,31/08/2024 6:40,185,China Southern,Business Class,530,85,N/A,916,Y,Y,Y,1,10,2,32
Tan Son Nhat International Airport,SGN,31/08/2024 12:20,Singapore Changi Airport,SIN,31/08/2024 15:30,130,Singapore Airlines,Business Class,365,165,N/A,1912,Y,Y,Y,1,7,1,23