Departure Airport Name,Departure Airport ID,Departure Time,Arrival Airport Name,Arrival Airport ID,Arrival Time,Duration,Airline,Travel Class,Total Duration,Layover 1 Duration,Layover 1 Overnight,Price, Cabin Baggage, Checked Baggage,Meal Included,Cabin Baggage (Number),Cabin Baggage (kg per piece),Checked Baggage (Number),Checked Baggage (kg per piece) ,Day of Week (on flight date),Overnight Flight,Departure Country Is Holiday,Arrival Country Is Holiday,Final Arrival Airport Name,Final Arrival Airport ID
Soekarno–Hatta International Airport,CGK,2024-07-01 19:00,Singapore Changi Airport,SIN,2024-07-01 21:50,110,Singapore Airlines,First Class,110,,,1313,Y,Y,Y,2,7,1,50,Monday,False,False,False,Singapore Changi Airport,SIN
Soekarno–Hatta International Airport,CGK,2024-07-03 07:55,Singapore Changi Airport,SIN,2024-07-03 10:45,110,Singapore Airlines,First Class,110,,,1313,Y,Y,Y,2,7,1,50,Wednesday,False,False,False,Singapore Changi Airport,SIN
Soekarno–Hatta International Airport,CGK,2024-07-04 19:00,Singapore Changi Airport,SIN,2024-07-04 21:50,110,Singapore Airlines,First Class,110,,,1313,Y,Y,Y,2,7,1,50,Thursday,False,False,False,Singapore Changi Airport,SIN
Soekarno–Hatta International Airport,CGK,2024-07-04 07:55,Singapore Changi Airport,SIN,2024-07-04 10:45,110,Singapore Airlines,First Class,110,,,1425,Y,Y,Y,2,7,1,50,Thursday,False,False,False,Singapore Changi Airport,SIN
Soekarno–Hatta International Airport,CGK,2024-07-05 19:00,Singapore Changi Airport,SIN,2024-07-05 21:50,110,Singapore Airlines,First Class,110,,,1313,Y,Y,Y,2,7,1,50,Friday,False,False,False,Singapore Changi Airport,SIN
Soekarno–Hatta International Airport,CGK,2024-07-06 19:00,Singapore Changi Airport,SIN,2024-07-06 21:50,110,Singapore Airlines,First Class,110,,,1313,Y,Y,Y,2,7,1,50,Saturday,False,False,False,Singapore Changi Airport,SIN
Soekarno–Hatta International Airport,CGK,2024-07-06 07:55,Singapore Changi Airport,SIN,2024-07-06 10:45,110,Singapore Airlines,First Class,110,,,1425,Y,Y,Y,2,7,1,50,Saturday,False,False,False,Singapore Changi Airport,SIN
Soekarno–Hatta International Airport,CGK,2024-07-07 07:55,Singapore Changi Airport,SIN,2024-07-07 10:45,110,Singapore Airlines,First Class,110,,,1313,Y,Y,Y,2,7,1,50,Sunday,False,True,False,Singapore Changi Airport,SIN
Soekarno–Hatta International Airport,CGK,2024-07-08 19:00,Singapore Changi Airport,SIN,2024-07-08 21:50,110,Singapore Airlines,First Class,110,,,1298,Y,Y,Y,2,7,1,50,Monday,False,False,False,Singapore Changi Airport,SIN
Soekarno–Hatta International Airport,CGK,2024-07-09 07:55,Singapore Changi Airport,SIN,2024-07-09 10:45,110,Singapore Airlines,First Class,110,,,1198,Y,Y,Y,2,7,1,50,Tuesday,False,False,False,Singapore Changi Airport,SIN
Soekarno–Hatta International Airport,CGK,2024-07-10 07:55,Singapore Changi Airport,SIN,2024-07-10 10:45,110,Singapore Airlines,First Class,110,,,1198,Y,Y,Y,2,7,1,50,Wednesday,False,False,False,Singapore Changi Airport,SIN
Soekarno–Hatta International Airport,CGK,2024-07-10 19:00,Singapore Changi Airport,SIN,2024-07-10 21:50,110,Singapore Airlines,First Class,110,,,1298,Y,Y,Y,2,7,1,50,Wednesday,False,False,False,Singapore Changi Airport,SIN
Soekarno–Hatta International Airport,CGK,2024-07-11 07:55,Singapore Changi Airport,SIN,2024-07-11 10:45,110,Singapore Airlines,First Class,110,,,1198,Y,Y,Y,2,7,1,50,Thursday,False,False,False,Singapore Changi Airport,SIN
Soekarno–Hatta International Airport,CGK,2024-07-11 19:00,Singapore Changi Airport,SIN,2024-07-11 21:50,110,Singapore Airlines,First Class,110,,,1198,Y,Y,Y,2,7,1,50,Thursday,False,False,False,Singapore Changi Airport,SIN
Soekarno–Hatta International Airport,CGK,2024-07-12 07:55,Singapore Changi Airport,SIN,2024-07-12 10:45,110,Singapore Airlines,First Class,110,,,1198,Y,Y,Y,2,7,1,50,Friday,False,False,False,Singapore Changi Airport,SIN
Soekarno–Hatta International Airport,CGK,2024-07-12 19:00,Singapore Changi Airport,SIN,2024-07-12 21:50,110,Singapore Airlines,First Class,110,,,1198,Y,Y,Y,2,7,1,50,Friday,False,False,False,Singapore Changi Airport,SIN
Soekarno–Hatta International Airport,CGK,2024-07-13 19:00,Singapore Changi Airport,SIN,2024-07-13 21:50,110,Singapore Airlines,First Class,110,,,1198,Y,Y,Y,2,7,1,50,Saturday,False,False,False,Singapore Changi Airport,SIN
Soekarno–Hatta International Airport,CGK,2024-07-13 07:55,Singapore Changi Airport,SIN,2024-07-13 10:45,110,Singapore Airlines,First Class,110,,,1298,Y,Y,Y,2,7,1,50,Saturday,False,False,False,Singapore Changi Airport,SIN
Soekarno–Hatta International Airport,CGK,2024-07-14 07:55,Singapore Changi Airport,SIN,2024-07-14 10:45,110,Singapore Airlines,First Class,110,,,1198,Y,Y,Y,2,7,1,50,Sunday,False,False,False,Singapore Changi Airport,SIN
Soekarno–Hatta International Airport,CGK,2024-07-14 19:00,Singapore Changi Airport,SIN,2024-07-14 21:50,110,Singapore Airlines,First Class,110,,,1198,Y,Y,Y,2,7,1,50,Sunday,False,False,False,Singapore Changi Airport,SIN
Soekarno–Hatta International Airport,CGK,2024-07-15 19:00,Singapore Changi Airport,SIN,2024-07-15 21:50,110,Singapore Airlines,First Class,110,,,1198,Y,Y,Y,2,7,1,50,Monday,False,False,False,Singapore Changi Airport,SIN
Soekarno–Hatta International Airport,CGK,2024-07-15 07:55,Singapore Changi Airport,SIN,2024-07-15 10:45,110,Singapore Airlines,First Class,110,,,1298,Y,Y,Y,2,7,1,50,Monday,False,False,False,Singapore Changi Airport,SIN
Soekarno–Hatta International Airport,CGK,2024-07-16 07:55,Singapore Changi Airport,SIN,2024-07-16 10:45,110,Singapore Airlines,First Class,110,,,1198,Y,Y,Y,2,7,1,50,Tuesday,False,False,False,Singapore Changi Airport,SIN
Soekarno–Hatta International Airport,CGK,2024-07-16 19:00,Singapore Changi Airport,SIN,2024-07-16 21:50,110,Singapore Airlines,First Class,110,,,1298,Y,Y,Y,2,7,1,50,Tuesday,False,False,False,Singapore Changi Airport,SIN
Soekarno–Hatta International Airport,CGK,2024-07-17 19:00,Singapore Changi Airport,SIN,2024-07-17 21:50,110,Singapore Airlines,First Class,110,,,1198,Y,Y,Y,2,7,1,50,Wednesday,False,False,False,Singapore Changi Airport,SIN
Soekarno–Hatta International Airport,CGK,2024-07-17 07:55,Singapore Changi Airport,SIN,2024-07-17 10:45,110,Singapore Airlines,First Class,110,,,1298,Y,Y,Y,2,7,1,50,Wednesday,False,False,False,Singapore Changi Airport,SIN
Soekarno–Hatta International Airport,CGK,2024-07-18 19:00,Singapore Changi Airport,SIN,2024-07-18 21:50,110,Singapore Airlines,First Class,110,,,1298,Y,Y,Y,2,7,1,50,Thursday,False,False,False,Singapore Changi Airport,SIN
Soekarno–Hatta International Airport,CGK,2024-07-19 07:55,Singapore Changi Airport,SIN,2024-07-19 10:45,110,Singapore Airlines,First Class,110,,,1198,Y,Y,Y,2,7,1,50,Friday,False,False,False,Singapore Changi Airport,SIN
Soekarno–Hatta International Airport,CGK,2024-07-19 19:00,Singapore Changi Airport,SIN,2024-07-19 21:50,110,Singapore Airlines,First Class,110,,,1298,Y,Y,Y,2,7,1,50,Friday,False,False,False,Singapore Changi Airport,SIN
Soekarno–Hatta International Airport,CGK,2024-07-20 07:55,Singapore Changi Airport,SIN,2024-07-20 10:45,110,Singapore Airlines,First Class,110,,,1198,Y,Y,Y,2,7,1,50,Saturday,False,False,False,Singapore Changi Airport,SIN
Soekarno–Hatta International Airport,CGK,2024-07-21 07:55,Singapore Changi Airport,SIN,2024-07-21 10:45,110,Singapore Airlines,First Class,110,,,1198,Y,Y,Y,2,7,1,50,Sunday,False,False,False,Singapore Changi Airport,SIN
Soekarno–Hatta International Airport,CGK,2024-07-22 07:55,Singapore Changi Airport,SIN,2024-07-22 10:45,110,Singapore Airlines,First Class,110,,,1198,Y,Y,Y,2,7,1,50,Monday,False,False,False,Singapore Changi Airport,SIN
Soekarno–Hatta International Airport,CGK,2024-07-22 19:00,Singapore Changi Airport,SIN,2024-07-22 21:50,110,Singapore Airlines,First Class,110,,,1298,Y,Y,Y,2,7,1,50,Monday,False,False,False,Singapore Changi Airport,SIN
Soekarno–Hatta International Airport,CGK,2024-07-23 07:55,Singapore Changi Airport,SIN,2024-07-23 10:45,110,Singapore Airlines,First Class,110,,,1198,Y,Y,Y,2,7,1,50,Tuesday,False,False,False,Singapore Changi Airport,SIN
Soekarno–Hatta International Airport,CGK,2024-07-23 19:00,Singapore Changi Airport,SIN,2024-07-23 21:50,110,Singapore Airlines,First Class,110,,,1198,Y,Y,Y,2,7,1,50,Tuesday,False,False,False,Singapore Changi Airport,SIN
Soekarno–Hatta International Airport,CGK,2024-07-24 07:55,Singapore Changi Airport,SIN,2024-07-24 10:45,110,Singapore Airlines,First Class,110,,,1198,Y,Y,Y,2,7,1,50,Wednesday,False,False,False,Singapore Changi Airport,SIN
Soekarno–Hatta International Airport,CGK,2024-07-24 19:00,Singapore Changi Airport,SIN,2024-07-24 21:50,110,Singapore Airlines,First Class,110,,,1298,Y,Y,Y,2,7,1,50,Wednesday,False,False,False,Singapore Changi Airport,SIN
Soekarno–Hatta International Airport,CGK,2024-07-25 07:55,Singapore Changi Airport,SIN,2024-07-25 10:45,110,Singapore Airlines,First Class,110,,,1198,Y,Y,Y,2,7,1,50,Thursday,False,False,False,Singapore Changi Airport,SIN
Soekarno–Hatta International Airport,CGK,2024-07-25 19:00,Singapore Changi Airport,SIN,2024-07-25 21:50,110,Singapore Airlines,First Class,110,,,1198,Y,Y,Y,2,7,1,50,Thursday,False,False,False,Singapore Changi Airport,SIN
Soekarno–Hatta International Airport,CGK,2024-07-26 19:00,Singapore Changi Airport,SIN,2024-07-26 21:50,110,Singapore Airlines,First Class,110,,,1198,Y,Y,Y,2,7,1,50,Friday,False,False,False,Singapore Changi Airport,SIN
Soekarno–Hatta International Airport,CGK,2024-07-26 07:55,Singapore Changi Airport,SIN,2024-07-26 10:45,110,Singapore Airlines,First Class,110,,,1298,Y,Y,Y,2,7,1,50,Friday,False,False,False,Singapore Changi Airport,SIN
Soekarno–Hatta International Airport,CGK,2024-07-27 07:55,Singapore Changi Airport,SIN,2024-07-27 10:45,110,Singapore Airlines,First Class,110,,,1198,Y,Y,Y,2,7,1,50,Saturday,False,False,False,Singapore Changi Airport,SIN
Soekarno–Hatta International Airport,CGK,2024-07-27 19:00,Singapore Changi Airport,SIN,2024-07-27 21:50,110,Singapore Airlines,First Class,110,,,1198,Y,Y,Y,2,7,1,50,Saturday,False,False,False,Singapore Changi Airport,SIN
Soekarno–Hatta International Airport,CGK,2024-07-28 07:55,Singapore Changi Airport,SIN,2024-07-28 10:45,110,Singapore Airlines,First Class,110,,,1198,Y,Y,Y,2,7,1,50,Sunday,False,False,False,Singapore Changi Airport,SIN
Soekarno–Hatta International Airport,CGK,2024-07-28 19:00,Singapore Changi Airport,SIN,2024-07-28 21:50,110,Singapore Airlines,First Class,110,,,1198,Y,Y,Y,2,7,1,50,Sunday,False,False,False,Singapore Changi Airport,SIN
Soekarno–Hatta International Airport,CGK,2024-07-29 07:55,Singapore Changi Airport,SIN,2024-07-29 10:45,110,Singapore Airlines,First Class,110,,,1198,Y,Y,Y,2,7,1,50,Monday,False,False,False,Singapore Changi Airport,SIN
Soekarno–Hatta International Airport,CGK,2024-07-29 19:00,Singapore Changi Airport,SIN,2024-07-29 21:50,110,Singapore Airlines,First Class,110,,,1198,Y,Y,Y,2,7,1,50,Monday,False,False,False,Singapore Changi Airport,SIN
Soekarno–Hatta International Airport,CGK,2024-07-30 19:00,Singapore Changi Airport,SIN,2024-07-30 21:50,110,Singapore Airlines,First Class,110,,,1198,Y,Y,Y,2,7,1,50,Tuesday,False,False,False,Singapore Changi Airport,SIN
Soekarno–Hatta International Airport,CGK,2024-07-31 07:55,Singapore Changi Airport,SIN,2024-07-31 10:45,110,Singapore Airlines,First Class,110,,,1198,Y,Y,Y,2,7,1,50,Wednesday,False,False,False,Singapore Changi Airport,SIN
Soekarno–Hatta International Airport,CGK,2024-07-31 19:00,Singapore Changi Airport,SIN,2024-07-31 21:50,110,Singapore Airlines,First Class,110,,,1198,Y,Y,Y,2,7,1,50,Wednesday,False,False,False,Singapore Changi Airport,SIN
Soekarno–Hatta International Airport,CGK,2024-08-01 07:55,Singapore Changi Airport,SIN,2024-08-01 10:45,110,Singapore Airlines,First Class,110,,,1222,Y,Y,Y,2,7,1,50,Thursday,False,False,False,Singapore Changi Airport,SIN
Soekarno–Hatta International Airport,CGK,2024-08-01 19:00,Singapore Changi Airport,SIN,2024-08-01 21:50,110,Singapore Airlines,First Class,110,,,1222,Y,Y,Y,2,7,1,50,Thursday,False,False,False,Singapore Changi Airport,SIN
Soekarno–Hatta International Airport,CGK,2024-08-02 07:55,Singapore Changi Airport,SIN,2024-08-02 10:45,110,Singapore Airlines,First Class,110,,,1222,Y,Y,Y,2,7,1,50,Friday,False,False,False,Singapore Changi Airport,SIN
Soekarno–Hatta International Airport,CGK,2024-08-02 19:00,Singapore Changi Airport,SIN,2024-08-02 21:50,110,Singapore Airlines,First Class,110,,,1222,Y,Y,Y,2,7,1,50,Friday,False,False,False,Singapore Changi Airport,SIN
Soekarno–Hatta International Airport,CGK,2024-08-03 19:00,Singapore Changi Airport,SIN,2024-08-03 21:50,110,Singapore Airlines,First Class,110,,,1222,Y,Y,Y,2,7,1,50,Saturday,False,False,False,Singapore Changi Airport,SIN
Soekarno–Hatta International Airport,CGK,2024-08-03 07:55,Singapore Changi Airport,SIN,2024-08-03 10:45,110,Singapore Airlines,First Class,110,,,1324,Y,Y,Y,2,7,1,50,Saturday,False,False,False,Singapore Changi Airport,SIN
Soekarno–Hatta International Airport,CGK,2024-08-04 07:55,Singapore Changi Airport,SIN,2024-08-04 10:45,110,Singapore Airlines,First Class,110,,,1324,Y,Y,Y,2,7,1,50,Sunday,False,False,False,Singapore Changi Airport,SIN
Soekarno–Hatta International Airport,CGK,2024-08-04 19:00,Singapore Changi Airport,SIN,2024-08-04 21:50,110,Singapore Airlines,First Class,110,,,1324,Y,Y,Y,2,7,1,50,Sunday,False,False,False,Singapore Changi Airport,SIN
Soekarno–Hatta International Airport,CGK,2024-08-05 19:00,Singapore Changi Airport,SIN,2024-08-05 21:50,110,Singapore Airlines,First Class,110,,,1222,Y,Y,Y,2,7,1,50,Monday,False,False,False,Singapore Changi Airport,SIN
Soekarno–Hatta International Airport,CGK,2024-08-05 07:55,Singapore Changi Airport,SIN,2024-08-05 10:45,110,Singapore Airlines,First Class,110,,,1324,Y,Y,Y,2,7,1,50,Monday,False,False,False,Singapore Changi Airport,SIN
Soekarno–Hatta International Airport,CGK,2024-08-06 07:55,Singapore Changi Airport,SIN,2024-08-06 10:45,110,Singapore Airlines,First Class,110,,,1222,Y,Y,Y,2,7,1,50,Tuesday,False,False,False,Singapore Changi Airport,SIN
Soekarno–Hatta International Airport,CGK,2024-08-06 19:00,Singapore Changi Airport,SIN,2024-08-06 21:50,110,Singapore Airlines,First Class,110,,,1222,Y,Y,Y,2,7,1,50,Tuesday,False,False,False,Singapore Changi Airport,SIN
Soekarno–Hatta International Airport,CGK,2024-08-07 07:55,Singapore Changi Airport,SIN,2024-08-07 10:45,110,Singapore Airlines,First Class,110,,,1222,Y,Y,Y,2,7,1,50,Wednesday,False,False,False,Singapore Changi Airport,SIN
Soekarno–Hatta International Airport,CGK,2024-08-07 19:00,Singapore Changi Airport,SIN,2024-08-07 21:50,110,Singapore Airlines,First Class,110,,,1222,Y,Y,Y,2,7,1,50,Wednesday,False,False,False,Singapore Changi Airport,SIN
Soekarno–Hatta International Airport,CGK,2024-08-08 19:00,Singapore Changi Airport,SIN,2024-08-08 21:50,110,Singapore Airlines,First Class,110,,,1222,Y,Y,Y,2,7,1,50,Thursday,False,False,False,Singapore Changi Airport,SIN
Soekarno–Hatta International Airport,CGK,2024-08-09 07:55,Singapore Changi Airport,SIN,2024-08-09 10:45,110,Singapore Airlines,First Class,110,,,1222,Y,Y,Y,2,7,1,50,Friday,False,False,True,Singapore Changi Airport,SIN
Soekarno–Hatta International Airport,CGK,2024-08-09 19:00,Singapore Changi Airport,SIN,2024-08-09 21:50,110,Singapore Airlines,First Class,110,,,1222,Y,Y,Y,2,7,1,50,Friday,False,False,True,Singapore Changi Airport,SIN
Soekarno–Hatta International Airport,CGK,2024-08-10 07:55,Singapore Changi Airport,SIN,2024-08-10 10:45,110,Singapore Airlines,First Class,110,,,1222,Y,Y,Y,2,7,1,50,Saturday,False,False,False,Singapore Changi Airport,SIN
Soekarno–Hatta International Airport,CGK,2024-08-10 19:00,Singapore Changi Airport,SIN,2024-08-10 21:50,110,Singapore Airlines,First Class,110,,,1222,Y,Y,Y,2,7,1,50,Saturday,False,False,False,Singapore Changi Airport,SIN
Soekarno–Hatta International Airport,CGK,2024-08-11 07:55,Singapore Changi Airport,SIN,2024-08-11 10:45,110,Singapore Airlines,First Class,110,,,1222,Y,Y,Y,2,7,1,50,Sunday,False,False,False,Singapore Changi Airport,SIN
Soekarno–Hatta International Airport,CGK,2024-08-11 19:00,Singapore Changi Airport,SIN,2024-08-11 21:50,110,Singapore Airlines,First Class,110,,,1222,Y,Y,Y,2,7,1,50,Sunday,False,False,False,Singapore Changi Airport,SIN
Soekarno–Hatta International Airport,CGK,2024-08-12 07:55,Singapore Changi Airport,SIN,2024-08-12 10:45,110,Singapore Airlines,First Class,110,,,1222,Y,Y,Y,2,7,1,50,Monday,False,False,False,Singapore Changi Airport,SIN
Soekarno–Hatta International Airport,CGK,2024-08-12 19:00,Singapore Changi Airport,SIN,2024-08-12 21:50,110,Singapore Airlines,First Class,110,,,1222,Y,Y,Y,2,7,1,50,Monday,False,False,False,Singapore Changi Airport,SIN
Soekarno–Hatta International Airport,CGK,2024-08-13 07:55,Singapore Changi Airport,SIN,2024-08-13 10:45,110,Singapore Airlines,First Class,110,,,1222,Y,Y,Y,2,7,1,50,Tuesday,False,False,False,Singapore Changi Airport,SIN
Soekarno–Hatta International Airport,CGK,2024-08-13 19:00,Singapore Changi Airport,SIN,2024-08-13 21:50,110,Singapore Airlines,First Class,110,,,1222,Y,Y,Y,2,7,1,50,Tuesday,False,False,False,Singapore Changi Airport,SIN
Soekarno–Hatta International Airport,CGK,2024-08-14 07:55,Singapore Changi Airport,SIN,2024-08-14 10:45,110,Singapore Airlines,First Class,110,,,1222,Y,Y,Y,2,7,1,50,Wednesday,False,False,False,Singapore Changi Airport,SIN
Soekarno–Hatta International Airport,CGK,2024-08-14 19:00,Singapore Changi Airport,SIN,2024-08-14 21:50,110,Singapore Airlines,First Class,110,,,1324,Y,Y,Y,2,7,1,50,Wednesday,False,False,False,Singapore Changi Airport,SIN
Soekarno–Hatta International Airport,CGK,2024-08-15 07:55,Singapore Changi Airport,SIN,2024-08-15 10:45,110,Singapore Airlines,First Class,110,,,1222,Y,Y,Y,2,7,1,50,Thursday,False,False,False,Singapore Changi Airport,SIN
Soekarno–Hatta International Airport,CGK,2024-08-15 19:00,Singapore Changi Airport,SIN,2024-08-15 21:50,110,Singapore Airlines,First Class,110,,,1324,Y,Y,Y,2,7,1,50,Thursday,False,False,False,Singapore Changi Airport,SIN
Soekarno–Hatta International Airport,CGK,2024-08-16 07:55,Singapore Changi Airport,SIN,2024-08-16 10:45,110,Singapore Airlines,First Class,110,,,1222,Y,Y,Y,2,7,1,50,Friday,False,False,False,Singapore Changi Airport,SIN
Soekarno–Hatta International Airport,CGK,2024-08-17 07:55,Singapore Changi Airport,SIN,2024-08-17 10:45,110,Singapore Airlines,First Class,110,,,1222,Y,Y,Y,2,7,1,50,Saturday,False,True,False,Singapore Changi Airport,SIN
Soekarno–Hatta International Airport,CGK,2024-08-17 19:00,Singapore Changi Airport,SIN,2024-08-17 21:50,110,Singapore Airlines,First Class,110,,,1222,Y,Y,Y,2,7,1,50,Saturday,False,True,False,Singapore Changi Airport,SIN
Soekarno–Hatta International Airport,CGK,2024-08-18 07:55,Singapore Changi Airport,SIN,2024-08-18 10:45,110,Singapore Airlines,First Class,110,,,1222,Y,Y,Y,2,7,1,50,Sunday,False,False,False,Singapore Changi Airport,SIN
Soekarno–Hatta International Airport,CGK,2024-08-18 19:00,Singapore Changi Airport,SIN,2024-08-18 21:50,110,Singapore Airlines,First Class,110,,,1324,Y,Y,Y,2,7,1,50,Sunday,False,False,False,Singapore Changi Airport,SIN
Soekarno–Hatta International Airport,CGK,2024-08-19 07:55,Singapore Changi Airport,SIN,2024-08-19 10:45,110,Singapore Airlines,First Class,110,,,1222,Y,Y,Y,2,7,1,50,Monday,False,False,False,Singapore Changi Airport,SIN
Soekarno–Hatta International Airport,CGK,2024-08-19 19:00,Singapore Changi Airport,SIN,2024-08-19 21:50,110,Singapore Airlines,First Class,110,,,1222,Y,Y,Y,2,7,1,50,Monday,False,False,False,Singapore Changi Airport,SIN
Soekarno–Hatta International Airport,CGK,2024-08-20 07:55,Singapore Changi Airport,SIN,2024-08-20 10:45,110,Singapore Airlines,First Class,110,,,1222,Y,Y,Y,2,7,1,50,Tuesday,False,False,False,Singapore Changi Airport,SIN
Soekarno–Hatta International Airport,CGK,2024-08-20 19:00,Singapore Changi Airport,SIN,2024-08-20 21:50,110,Singapore Airlines,First Class,110,,,1222,Y,Y,Y,2,7,1,50,Tuesday,False,False,False,Singapore Changi Airport,SIN
Soekarno–Hatta International Airport,CGK,2024-08-21 07:55,Singapore Changi Airport,SIN,2024-08-21 10:45,110,Singapore Airlines,First Class,110,,,1222,Y,Y,Y,2,7,1,50,Wednesday,False,False,False,Singapore Changi Airport,SIN
Soekarno–Hatta International Airport,CGK,2024-08-22 07:55,Singapore Changi Airport,SIN,2024-08-22 10:45,110,Singapore Airlines,First Class,110,,,1222,Y,Y,Y,2,7,1,50,Thursday,False,False,False,Singapore Changi Airport,SIN
Soekarno–Hatta International Airport,CGK,2024-08-22 19:00,Singapore Changi Airport,SIN,2024-08-22 21:50,110,Singapore Airlines,First Class,110,,,1222,Y,Y,Y,2,7,1,50,Thursday,False,False,False,Singapore Changi Airport,SIN
Soekarno–Hatta International Airport,CGK,2024-08-23 07:55,Singapore Changi Airport,SIN,2024-08-23 10:45,110,Singapore Airlines,First Class,110,,,1222,Y,Y,Y,2,7,1,50,Friday,False,False,False,Singapore Changi Airport,SIN
Soekarno–Hatta International Airport,CGK,2024-08-23 19:00,Singapore Changi Airport,SIN,2024-08-23 21:50,110,Singapore Airlines,First Class,110,,,1222,Y,Y,Y,2,7,1,50,Friday,False,False,False,Singapore Changi Airport,SIN
Soekarno–Hatta International Airport,CGK,2024-08-24 07:55,Singapore Changi Airport,SIN,2024-08-24 10:45,110,Singapore Airlines,First Class,110,,,1222,Y,Y,Y,2,7,1,50,Saturday,False,False,False,Singapore Changi Airport,SIN
Soekarno–Hatta International Airport,CGK,2024-08-24 19:00,Singapore Changi Airport,SIN,2024-08-24 21:50,110,Singapore Airlines,First Class,110,,,1324,Y,Y,Y,2,7,1,50,Saturday,False,False,False,Singapore Changi Airport,SIN
Soekarno–Hatta International Airport,CGK,2024-08-25 07:55,Singapore Changi Airport,SIN,2024-08-25 10:45,110,Singapore Airlines,First Class,110,,,1222,Y,Y,Y,2,7,1,50,Sunday,False,False,False,Singapore Changi Airport,SIN
Soekarno–Hatta International Airport,CGK,2024-08-25 19:00,Singapore Changi Airport,SIN,2024-08-25 21:50,110,Singapore Airlines,First Class,110,,,1222,Y,Y,Y,2,7,1,50,Sunday,False,False,False,Singapore Changi Airport,SIN
Soekarno–Hatta International Airport,CGK,2024-08-26 19:00,Singapore Changi Airport,SIN,2024-08-26 21:50,110,Singapore Airlines,First Class,110,,,1222,Y,Y,Y,2,7,1,50,Monday,False,False,False,Singapore Changi Airport,SIN
Soekarno–Hatta International Airport,CGK,2024-08-26 07:55,Singapore Changi Airport,SIN,2024-08-26 10:45,110,Singapore Airlines,First Class,110,,,1324,Y,Y,Y,2,7,1,50,Monday,False,False,False,Singapore Changi Airport,SIN
Soekarno–Hatta International Airport,CGK,2024-08-27 07:55,Singapore Changi Airport,SIN,2024-08-27 10:45,110,Singapore Airlines,First Class,110,,,1222,Y,Y,Y,2,7,1,50,Tuesday,False,False,False,Singapore Changi Airport,SIN
Soekarno–Hatta International Airport,CGK,2024-08-27 19:00,Singapore Changi Airport,SIN,2024-08-27 21:50,110,Singapore Airlines,First Class,110,,,1222,Y,Y,Y,2,7,1,50,Tuesday,False,False,False,Singapore Changi Airport,SIN
Soekarno–Hatta International Airport,CGK,2024-08-28 07:55,Singapore Changi Airport,SIN,2024-08-28 10:45,110,Singapore Airlines,First Class,110,,,1222,Y,Y,Y,2,7,1,50,Wednesday,False,False,False,Singapore Changi Airport,SIN
Soekarno–Hatta International Airport,CGK,2024-08-28 19:00,Singapore Changi Airport,SIN,2024-08-28 21:50,110,Singapore Airlines,First Class,110,,,1222,Y,Y,Y,2,7,1,50,Wednesday,False,False,False,Singapore Changi Airport,SIN
Soekarno–Hatta International Airport,CGK,2024-08-29 07:55,Singapore Changi Airport,SIN,2024-08-29 10:45,110,Singapore Airlines,First Class,110,,,1222,Y,Y,Y,2,7,1,50,Thursday,False,False,False,Singapore Changi Airport,SIN
Soekarno–Hatta International Airport,CGK,2024-08-29 19:00,Singapore Changi Airport,SIN,2024-08-29 21:50,110,Singapore Airlines,First Class,110,,,1222,Y,Y,Y,2,7,1,50,Thursday,False,False,False,Singapore Changi Airport,SIN
Soekarno–Hatta International Airport,CGK,2024-08-30 07:55,Singapore Changi Airport,SIN,2024-08-30 10:45,110,Singapore Airlines,First Class,110,,,1222,Y,Y,Y,2,7,1,50,Friday,False,False,False,Singapore Changi Airport,SIN
Soekarno–Hatta International Airport,CGK,2024-08-30 19:00,Singapore Changi Airport,SIN,2024-08-30 21:50,110,Singapore Airlines,First Class,110,,,1324,Y,Y,Y,2,7,1,50,Friday,False,False,False,Singapore Changi Airport,SIN
Soekarno–Hatta International Airport,CGK,2024-08-31 07:55,Singapore Changi Airport,SIN,2024-08-31 10:45,110,Singapore Airlines,First Class,110,,,1222,Y,Y,Y,2,7,1,50,Saturday,False,False,False,Singapore Changi Airport,SIN
Soekarno–Hatta International Airport,CGK,2024-08-31 19:00,Singapore Changi Airport,SIN,2024-08-31 21:50,110,Singapore Airlines,First Class,110,,,1222,Y,Y,Y,2,7,1,50,Saturday,False,False,False,Singapore Changi Airport,SIN
Soekarno–Hatta International Airport,CGK,2024-07-01 19:00,Singapore Changi Airport,SIN,2024-07-01 21:50,110,Singapore Airlines,First Class,1190,1020.0,True,1944,Y,Y,Y,2,7,1,50,Monday,False,False,False,Kuala Lumpur International Airport,KUL
Soekarno–Hatta International Airport,CGK,2024-07-01 19:00,Singapore Changi Airport,SIN,2024-07-01 21:50,110,Singapore Airlines,First Class,700,510.0,True,2057,Y,Y,Y,2,7,1,50,Monday,False,False,False,Kuala Lumpur International Airport,KUL
Soekarno–Hatta International Airport,CGK,2024-07-03 07:55,Singapore Changi Airport,SIN,2024-07-03 10:45,110,Singapore Airlines,First Class,290,120.0,,1360,Y,Y,Y,2,7,1,50,Wednesday,False,False,False,Kuala Lumpur International Airport,KUL
Soekarno–Hatta International Airport,CGK,2024-07-03 07:55,Singapore Changi Airport,SIN,2024-07-03 10:45,110,Singapore Airlines,First Class,270,90.0,,2057,Y,Y,Y,2,7,1,50,Wednesday,False,False,False,Kuala Lumpur International Airport,KUL
Soekarno–Hatta International Airport,CGK,2024-07-04 19:00,Singapore Changi Airport,SIN,2024-07-04 21:50,110,Singapore Airlines,First Class,725,555.0,True,1360,Y,Y,Y,2,7,1,50,Thursday,False,False,False,Kuala Lumpur International Airport,KUL
Soekarno–Hatta International Airport,CGK,2024-07-04 07:55,Singapore Changi Airport,SIN,2024-07-04 10:45,110,Singapore Airlines,First Class,290,120.0,,1766,Y,Y,Y,2,7,1,50,Thursday,False,False,False,Kuala Lumpur International Airport,KUL
Soekarno–Hatta International Airport,CGK,2024-07-04 07:55,Singapore Changi Airport,SIN,2024-07-04 10:45,110,Singapore Airlines,First Class,365,175.0,,2057,Y,Y,Y,2,7,1,50,Thursday,False,False,False,Kuala Lumpur International Airport,KUL
Soekarno–Hatta International Airport,CGK,2024-07-04 19:00,Singapore Changi Airport,SIN,2024-07-04 21:50,110,Singapore Airlines,First Class,700,510.0,True,2057,Y,Y,Y,2,7,1,50,Thursday,False,False,False,Kuala Lumpur International Airport,KUL
Soekarno–Hatta International Airport,CGK,2024-07-05 19:00,Singapore Changi Airport,SIN,2024-07-05 21:50,110,Singapore Airlines,First Class,725,555.0,True,1944,Y,Y,Y,2,7,1,50,Friday,False,False,False,Kuala Lumpur International Airport,KUL
Soekarno–Hatta International Airport,CGK,2024-07-05 19:00,Singapore Changi Airport,SIN,2024-07-05 21:50,110,Singapore Airlines,First Class,700,510.0,True,2057,Y,Y,Y,2,7,1,50,Friday,False,False,False,Kuala Lumpur International Airport,KUL
Soekarno–Hatta International Airport,CGK,2024-07-06 19:00,Singapore Changi Airport,SIN,2024-07-06 21:50,110,Singapore Airlines,First Class,725,555.0,True,1360,Y,Y,Y,2,7,1,50,Saturday,False,False,False,Kuala Lumpur International Airport,KUL
Soekarno–Hatta International Airport,CGK,2024-07-06 07:55,Singapore Changi Airport,SIN,2024-07-06 10:45,110,Singapore Airlines,First Class,290,120.0,,1766,Y,Y,Y,2,7,1,50,Saturday,False,False,False,Kuala Lumpur International Airport,KUL
Soekarno–Hatta International Airport,CGK,2024-07-06 07:55,Singapore Changi Airport,SIN,2024-07-06 10:45,110,Singapore Airlines,First Class,365,175.0,,2057,Y,Y,Y,2,7,1,50,Saturday,False,False,False,Kuala Lumpur International Airport,KUL
Soekarno–Hatta International Airport,CGK,2024-07-06 19:00,Singapore Changi Airport,SIN,2024-07-06 21:50,110,Singapore Airlines,First Class,985,795.0,True,2057,Y,Y,Y,2,7,1,50,Saturday,False,False,False,Kuala Lumpur International Airport,KUL
Soekarno–Hatta International Airport,CGK,2024-07-07 07:55,Singapore Changi Airport,SIN,2024-07-07 10:45,110,Singapore Airlines,First Class,290,120.0,,1360,Y,Y,Y,2,7,1,50,Sunday,False,True,True,Kuala Lumpur International Airport,KUL
Soekarno–Hatta International Airport,CGK,2024-07-07 07:55,Singapore Changi Airport,SIN,2024-07-07 10:45,110,Singapore Airlines,First Class,270,90.0,,2057,Y,Y,Y,2,7,1,50,Sunday,False,True,True,Kuala Lumpur International Airport,KUL
Soekarno–Hatta International Airport,CGK,2024-07-08 19:00,Singapore Changi Airport,SIN,2024-07-08 21:50,110,Singapore Airlines,First Class,725,555.0,True,1610,Y,Y,Y,2,7,1,50,Monday,False,False,True,Kuala Lumpur International Airport,KUL
Soekarno–Hatta International Airport,CGK,2024-07-08 19:00,Singapore Changi Airport,SIN,2024-07-08 21:50,110,Singapore Airlines,First Class,700,510.0,True,2057,Y,Y,Y,2,7,1,50,Monday,False,False,True,Kuala Lumpur International Airport,KUL
Soekarno–Hatta International Airport,CGK,2024-07-09 07:55,Singapore Changi Airport,SIN,2024-07-09 10:45,110,Singapore Airlines,First Class,290,120.0,,1240,Y,Y,Y,2,7,1,50,Tuesday,False,False,False,Kuala Lumpur International Airport,KUL
Soekarno–Hatta International Airport,CGK,2024-07-09 07:55,Singapore Changi Airport,SIN,2024-07-09 10:45,110,Singapore Airlines,First Class,270,90.0,,2057,Y,Y,Y,2,7,1,50,Tuesday,False,False,False,Kuala Lumpur International Airport,KUL
Soekarno–Hatta International Airport,CGK,2024-07-10 07:55,Singapore Changi Airport,SIN,2024-07-10 10:45,110,Singapore Airlines,First Class,290,120.0,,1240,Y,Y,Y,2,7,1,50,Wednesday,False,False,False,Kuala Lumpur International Airport,KUL
Soekarno–Hatta International Airport,CGK,2024-07-10 19:00,Singapore Changi Airport,SIN,2024-07-10 21:50,110,Singapore Airlines,First Class,725,555.0,True,1610,Y,Y,Y,2,7,1,50,Wednesday,False,False,False,Kuala Lumpur International Airport,KUL
Soekarno–Hatta International Airport,CGK,2024-07-10 07:55,Singapore Changi Airport,SIN,2024-07-10 10:45,110,Singapore Airlines,First Class,270,90.0,,2057,Y,Y,Y,2,7,1,50,Wednesday,False,False,False,Kuala Lumpur International Airport,KUL
Soekarno–Hatta International Airport,CGK,2024-07-10 19:00,Singapore Changi Airport,SIN,2024-07-10 21:50,110,Singapore Airlines,First Class,700,510.0,True,2057,Y,Y,Y,2,7,1,50,Wednesday,False,False,False,Kuala Lumpur International Airport,KUL
Soekarno–Hatta International Airport,CGK,2024-07-11 07:55,Singapore Changi Airport,SIN,2024-07-11 10:45,110,Singapore Airlines,First Class,290,120.0,,1240,Y,Y,Y,2,7,1,50,Thursday,False,False,False,Kuala Lumpur International Airport,KUL
Soekarno–Hatta International Airport,CGK,2024-07-11 19:00,Singapore Changi Airport,SIN,2024-07-11 21:50,110,Singapore Airlines,First Class,725,555.0,True,1240,Y,Y,Y,2,7,1,50,Thursday,False,False,False,Kuala Lumpur International Airport,KUL
Soekarno–Hatta International Airport,CGK,2024-07-11 07:55,Singapore Changi Airport,SIN,2024-07-11 10:45,110,Singapore Airlines,First Class,365,175.0,,2057,Y,Y,Y,2,7,1,50,Thursday,False,False,False,Kuala Lumpur International Airport,KUL
Soekarno–Hatta International Airport,CGK,2024-07-11 19:00,Singapore Changi Airport,SIN,2024-07-11 21:50,110,Singapore Airlines,First Class,700,510.0,True,2057,Y,Y,Y,2,7,1,50,Thursday,False,False,False,Kuala Lumpur International Airport,KUL
Soekarno–Hatta International Airport,CGK,2024-07-12 07:55,Singapore Changi Airport,SIN,2024-07-12 10:45,110,Singapore Airlines,First Class,290,120.0,,1240,Y,Y,Y,2,7,1,50,Friday,False,False,False,Kuala Lumpur International Airport,KUL
Soekarno–Hatta International Airport,CGK,2024-07-12 19:00,Singapore Changi Airport,SIN,2024-07-12 21:50,110,Singapore Airlines,First Class,725,555.0,True,1240,Y,Y,Y,2,7,1,50,Friday,False,False,False,Kuala Lumpur International Airport,KUL
Soekarno–Hatta International Airport,CGK,2024-07-12 07:55,Singapore Changi Airport,SIN,2024-07-12 10:45,110,Singapore Airlines,First Class,270,90.0,,2057,Y,Y,Y,2,7,1,50,Friday,False,False,False,Kuala Lumpur International Airport,KUL
Soekarno–Hatta International Airport,CGK,2024-07-12 19:00,Singapore Changi Airport,SIN,2024-07-12 21:50,110,Singapore Airlines,First Class,700,510.0,True,2057,Y,Y,Y,2,7,1,50,Friday,False,False,False,Kuala Lumpur International Airport,KUL
Soekarno–Hatta International Airport,CGK,2024-07-13 19:00,Singapore Changi Airport,SIN,2024-07-13 21:50,110,Singapore Airlines,First Class,725,555.0,True,1240,Y,Y,Y,2,7,1,50,Saturday,False,False,False,Kuala Lumpur International Airport,KUL
Soekarno–Hatta International Airport,CGK,2024-07-13 07:55,Singapore Changi Airport,SIN,2024-07-13 10:45,110,Singapore Airlines,First Class,290,120.0,,1610,Y,Y,Y,2,7,1,50,Saturday,False,False,False,Kuala Lumpur International Airport,KUL
Soekarno–Hatta International Airport,CGK,2024-07-13 07:55,Singapore Changi Airport,SIN,2024-07-13 10:45,110,Singapore Airlines,First Class,365,175.0,,2057,Y,Y,Y,2,7,1,50,Saturday,False,False,False,Kuala Lumpur International Airport,KUL
Soekarno–Hatta International Airport,CGK,2024-07-13 19:00,Singapore Changi Airport,SIN,2024-07-13 21:50,110,Singapore Airlines,First Class,1255,1065.0,True,2057,Y,Y,Y,2,7,1,50,Saturday,False,False,False,Kuala Lumpur International Airport,KUL
Soekarno–Hatta International Airport,CGK,2024-07-14 07:55,Singapore Changi Airport,SIN,2024-07-14 10:45,110,Singapore Airlines,First Class,290,120.0,,1240,Y,Y,Y,2,7,1,50,Sunday,False,False,False,Kuala Lumpur International Airport,KUL
Soekarno–Hatta International Airport,CGK,2024-07-14 19:00,Singapore Changi Airport,SIN,2024-07-14 21:50,110,Singapore Airlines,First Class,725,555.0,True,1240,Y,Y,Y,2,7,1,50,Sunday,False,False,False,Kuala Lumpur International Airport,KUL
Soekarno–Hatta International Airport,CGK,2024-07-14 07:55,Singapore Changi Airport,SIN,2024-07-14 10:45,110,Singapore Airlines,First Class,270,90.0,,2057,Y,Y,Y,2,7,1,50,Sunday,False,False,False,Kuala Lumpur International Airport,KUL
Soekarno–Hatta International Airport,CGK,2024-07-14 19:00,Singapore Changi Airport,SIN,2024-07-14 21:50,110,Singapore Airlines,First Class,700,510.0,True,2057,Y,Y,Y,2,7,1,50,Sunday,False,False,False,Kuala Lumpur International Airport,KUL
Soekarno–Hatta International Airport,CGK,2024-07-15 19:00,Singapore Changi Airport,SIN,2024-07-15 21:50,110,Singapore Airlines,First Class,725,555.0,True,1240,Y,Y,Y,2,7,1,50,Monday,False,False,False,Kuala Lumpur International Airport,KUL
Soekarno–Hatta International Airport,CGK,2024-07-15 07:55,Singapore Changi Airport,SIN,2024-07-15 10:45,110,Singapore Airlines,First Class,290,120.0,,1610,Y,Y,Y,2,7,1,50,Monday,False,False,False,Kuala Lumpur International Airport,KUL
Soekarno–Hatta International Airport,CGK,2024-07-15 07:55,Singapore Changi Airport,SIN,2024-07-15 10:45,110,Singapore Airlines,First Class,270,90.0,,2057,Y,Y,Y,2,7,1,50,Monday,False,False,False,Kuala Lumpur International Airport,KUL
Soekarno–Hatta International Airport,CGK,2024-07-15 19:00,Singapore Changi Airport,SIN,2024-07-15 21:50,110,Singapore Airlines,First Class,700,510.0,True,2057,Y,Y,Y,2,7,1,50,Monday,False,False,False,Kuala Lumpur International Airport,KUL
Soekarno–Hatta International Airport,CGK,2024-07-16 07:55,Singapore Changi Airport,SIN,2024-07-16 10:45,110,Singapore Airlines,First Class,290,120.0,,1240,Y,Y,Y,2,7,1,50,Tuesday,False,False,False,Kuala Lumpur International Airport,KUL
Soekarno–Hatta International Airport,CGK,2024-07-16 19:00,Singapore Changi Airport,SIN,2024-07-16 21:50,110,Singapore Airlines,First Class,725,555.0,True,1610,Y,Y,Y,2,7,1,50,Tuesday,False,False,False,Kuala Lumpur International Airport,KUL
Soekarno–Hatta International Airport,CGK,2024-07-16 07:55,Singapore Changi Airport,SIN,2024-07-16 10:45,110,Singapore Airlines,First Class,270,90.0,,2057,Y,Y,Y,2,7,1,50,Tuesday,False,False,False,Kuala Lumpur International Airport,KUL
Soekarno–Hatta International Airport,CGK,2024-07-16 19:00,Singapore Changi Airport,SIN,2024-07-16 21:50,110,Singapore Airlines,First Class,700,510.0,True,2057,Y,Y,Y,2,7,1,50,Tuesday,False,False,False,Kuala Lumpur International Airport,KUL
Soekarno–Hatta International Airport,CGK,2024-07-17 19:00,Singapore Changi Airport,SIN,2024-07-17 21:50,110,Singapore Airlines,First Class,725,555.0,True,1240,Y,Y,Y,2,7,1,50,Wednesday,False,False,False,Kuala Lumpur International Airport,KUL
Soekarno–Hatta International Airport,CGK,2024-07-17 07:55,Singapore Changi Airport,SIN,2024-07-17 10:45,110,Singapore Airlines,First Class,290,120.0,,1610,Y,Y,Y,2,7,1,50,Wednesday,False,False,False,Kuala Lumpur International Airport,KUL
Soekarno–Hatta International Airport,CGK,2024-07-17 07:55,Singapore Changi Airport,SIN,2024-07-17 10:45,110,Singapore Airlines,First Class,270,90.0,,2057,Y,Y,Y,2,7,1,50,Wednesday,False,False,False,Kuala Lumpur International Airport,KUL
Soekarno–Hatta International Airport,CGK,2024-07-17 19:00,Singapore Changi Airport,SIN,2024-07-17 21:50,110,Singapore Airlines,First Class,700,510.0,True,2057,Y,Y,Y,2,7,1,50,Wednesday,False,False,False,Kuala Lumpur International Airport,KUL
Soekarno–Hatta International Airport,CGK,2024-07-18 19:00,Singapore Changi Airport,SIN,2024-07-18 21:50,110,Singapore Airlines,First Class,725,555.0,True,1610,Y,Y,Y,2,7,1,50,Thursday,False,False,False,Kuala Lumpur International Airport,KUL
Soekarno–Hatta International Airport,CGK,2024-07-18 19:00,Singapore Changi Airport,SIN,2024-07-18 21:50,110,Singapore Airlines,First Class,700,510.0,True,2057,Y,Y,Y,2,7,1,50,Thursday,False,False,False,Kuala Lumpur International Airport,KUL
Soekarno–Hatta International Airport,CGK,2024-07-19 07:55,Singapore Changi Airport,SIN,2024-07-19 10:45,110,Singapore Airlines,First Class,290,120.0,,1240,Y,Y,Y,2,7,1,50,Friday,False,False,False,Kuala Lumpur International Airport,KUL
Soekarno–Hatta International Airport,CGK,2024-07-19 19:00,Singapore Changi Airport,SIN,2024-07-19 21:50,110,Singapore Airlines,First Class,725,555.0,True,1610,Y,Y,Y,2,7,1,50,Friday,False,False,False,Kuala Lumpur International Airport,KUL
Soekarno–Hatta International Airport,CGK,2024-07-19 07:55,Singapore Changi Airport,SIN,2024-07-19 10:45,110,Singapore Airlines,First Class,270,90.0,,2057,Y,Y,Y,2,7,1,50,Friday,False,False,False,Kuala Lumpur International Airport,KUL
Soekarno–Hatta International Airport,CGK,2024-07-19 19:00,Singapore Changi Airport,SIN,2024-07-19 21:50,110,Singapore Airlines,First Class,700,510.0,True,2057,Y,Y,Y,2,7,1,50,Friday,False,False,False,Kuala Lumpur International Airport,KUL
Soekarno–Hatta International Airport,CGK,2024-07-20 07:55,Singapore Changi Airport,SIN,2024-07-20 10:45,110,Singapore Airlines,First Class,290,120.0,,1240,Y,Y,Y,2,7,1,50,Saturday,False,False,False,Kuala Lumpur International Airport,KUL
Soekarno–Hatta International Airport,CGK,2024-07-20 07:55,Singapore Changi Airport,SIN,2024-07-20 10:45,110,Singapore Airlines,First Class,365,175.0,,2057,Y,Y,Y,2,7,1,50,Saturday,False,False,False,Kuala Lumpur International Airport,KUL
Soekarno–Hatta International Airport,CGK,2024-07-21 07:55,Singapore Changi Airport,SIN,2024-07-21 10:45,110,Singapore Airlines,First Class,290,120.0,,1240,Y,Y,Y,2,7,1,50,Sunday,False,False,False,Kuala Lumpur International Airport,KUL
Soekarno–Hatta International Airport,CGK,2024-07-21 07:55,Singapore Changi Airport,SIN,2024-07-21 10:45,110,Singapore Airlines,First Class,270,90.0,,2057,Y,Y,Y,2,7,1,50,Sunday,False,False,False,Kuala Lumpur International Airport,KUL
Soekarno–Hatta International Airport,CGK,2024-07-22 07:55,Singapore Changi Airport,SIN,2024-07-22 10:45,110,Singapore Airlines,First Class,290,120.0,,1240,Y,Y,Y,2,7,1,50,Monday,False,False,False,Kuala Lumpur International Airport,KUL
Soekarno–Hatta International Airport,CGK,2024-07-22 19:00,Singapore Changi Airport,SIN,2024-07-22 21:50,110,Singapore Airlines,First Class,725,555.0,True,1610,Y,Y,Y,2,7,1,50,Monday,False,False,False,Kuala Lumpur International Airport,KUL
Soekarno–Hatta International Airport,CGK,2024-07-22 07:55,Singapore Changi Airport,SIN,2024-07-22 10:45,110,Singapore Airlines,First Class,270,90.0,,2057,Y,Y,Y,2,7,1,50,Monday,False,False,False,Kuala Lumpur International Airport,KUL
Soekarno–Hatta International Airport,CGK,2024-07-22 19:00,Singapore Changi Airport,SIN,2024-07-22 21:50,110,Singapore Airlines,First Class,700,510.0,True,2057,Y,Y,Y,2,7,1,50,Monday,False,False,False,Kuala Lumpur International Airport,KUL
Soekarno–Hatta International Airport,CGK,2024-07-23 07:55,Singapore Changi Airport,SIN,2024-07-23 10:45,110,Singapore Airlines,First Class,290,120.0,,1240,Y,Y,Y,2,7,1,50,Tuesday,False,False,False,Kuala Lumpur International Airport,KUL
Soekarno–Hatta International Airport,CGK,2024-07-23 19:00,Singapore Changi Airport,SIN,2024-07-23 21:50,110,Singapore Airlines,First Class,725,555.0,True,1240,Y,Y,Y,2,7,1,50,Tuesday,False,False,False,Kuala Lumpur International Airport,KUL
Soekarno–Hatta International Airport,CGK,2024-07-23 07:55,Singapore Changi Airport,SIN,2024-07-23 10:45,110,Singapore Airlines,First Class,270,90.0,,2057,Y,Y,Y,2,7,1,50,Tuesday,False,False,False,Kuala Lumpur International Airport,KUL
Soekarno–Hatta International Airport,CGK,2024-07-23 19:00,Singapore Changi Airport,SIN,2024-07-23 21:50,110,Singapore Airlines,First Class,700,510.0,True,2057,Y,Y,Y,2,7,1,50,Tuesday,False,False,False,Kuala Lumpur International Airport,KUL
Soekarno–Hatta International Airport,CGK,2024-07-24 07:55,Singapore Changi Airport,SIN,2024-07-24 10:45,110,Singapore Airlines,First Class,290,120.0,,1240,Y,Y,Y,2,7,1,50,Wednesday,False,False,False,Kuala Lumpur International Airport,KUL
Soekarno–Hatta International Airport,CGK,2024-07-24 19:00,Singapore Changi Airport,SIN,2024-07-24 21:50,110,Singapore Airlines,First Class,725,555.0,True,1610,Y,Y,Y,2,7,1,50,Wednesday,False,False,False,Kuala Lumpur International Airport,KUL
Soekarno–Hatta International Airport,CGK,2024-07-24 07:55,Singapore Changi Airport,SIN,2024-07-24 10:45,110,Singapore Airlines,First Class,270,90.0,,2057,Y,Y,Y,2,7,1,50,Wednesday,False,False,False,Kuala Lumpur International Airport,KUL
Soekarno–Hatta International Airport,CGK,2024-07-24 19:00,Singapore Changi Airport,SIN,2024-07-24 21:50,110,Singapore Airlines,First Class,700,510.0,True,2057,Y,Y,Y,2,7,1,50,Wednesday,False,False,False,Kuala Lumpur International Airport,KUL
Soekarno–Hatta International Airport,CGK,2024-07-25 07:55,Singapore Changi Airport,SIN,2024-07-25 10:45,110,Singapore Airlines,First Class,290,120.0,,1240,Y,Y,Y,2,7,1,50,Thursday,False,False,False,Kuala Lumpur International Airport,KUL
Soekarno–Hatta International Airport,CGK,2024-07-25 19:00,Singapore Changi Airport,SIN,2024-07-25 21:50,110,Singapore Airlines,First Class,725,555.0,True,1240,Y,Y,Y,2,7,1,50,Thursday,False,False,False,Kuala Lumpur International Airport,KUL
Soekarno–Hatta International Airport,CGK,2024-07-25 07:55,Singapore Changi Airport,SIN,2024-07-25 10:45,110,Singapore Airlines,First Class,365,175.0,,2057,Y,Y,Y,2,7,1,50,Thursday,False,False,False,Kuala Lumpur International Airport,KUL
Soekarno–Hatta International Airport,CGK,2024-07-25 19:00,Singapore Changi Airport,SIN,2024-07-25 21:50,110,Singapore Airlines,First Class,700,510.0,True,2057,Y,Y,Y,2,7,1,50,Thursday,False,False,False,Kuala Lumpur International Airport,KUL
Soekarno–Hatta International Airport,CGK,2024-07-26 19:00,Singapore Changi Airport,SIN,2024-07-26 21:50,110,Singapore Airlines,First Class,725,555.0,True,1240,Y,Y,Y,2,7,1,50,Friday,False,False,False,Kuala Lumpur International Airport,KUL
Soekarno–Hatta International Airport,CGK,2024-07-26 07:55,Singapore Changi Airport,SIN,2024-07-26 10:45,110,Singapore Airlines,First Class,290,120.0,,1610,Y,Y,Y,2,7,1,50,Friday,False,False,False,Kuala Lumpur International Airport,KUL
Soekarno–Hatta International Airport,CGK,2024-07-26 07:55,Singapore Changi Airport,SIN,2024-07-26 10:45,110,Singapore Airlines,First Class,270,90.0,,2057,Y,Y,Y,2,7,1,50,Friday,False,False,False,Kuala Lumpur International Airport,KUL
Soekarno–Hatta International Airport,CGK,2024-07-26 19:00,Singapore Changi Airport,SIN,2024-07-26 21:50,110,Singapore Airlines,First Class,700,510.0,True,2057,Y,Y,Y,2,7,1,50,Friday,False,False,False,Kuala Lumpur International Airport,KUL
Soekarno–Hatta International Airport,CGK,2024-07-27 07:55,Singapore Changi Airport,SIN,2024-07-27 10:45,110,Singapore Airlines,First Class,290,120.0,,1240,Y,Y,Y,2,7,1,50,Saturday,False,False,False,Kuala Lumpur International Airport,KUL
Soekarno–Hatta International Airport,CGK,2024-07-27 19:00,Singapore Changi Airport,SIN,2024-07-27 21:50,110,Singapore Airlines,First Class,725,555.0,True,1240,Y,Y,Y,2,7,1,50,Saturday,False,False,False,Kuala Lumpur International Airport,KUL
Soekarno–Hatta International Airport,CGK,2024-07-27 07:55,Singapore Changi Airport,SIN,2024-07-27 10:45,110,Singapore Airlines,First Class,365,175.0,,2057,Y,Y,Y,2,7,1,50,Saturday,False,False,False,Kuala Lumpur International Airport,KUL
Soekarno–Hatta International Airport,CGK,2024-07-27 19:00,Singapore Changi Airport,SIN,2024-07-27 21:50,110,Singapore Airlines,First Class,1255,1065.0,True,2057,Y,Y,Y,2,7,1,50,Saturday,False,False,False,Kuala Lumpur International Airport,KUL
Soekarno–Hatta International Airport,CGK,2024-07-28 07:55,Singapore Changi Airport,SIN,2024-07-28 10:45,110,Singapore Airlines,First Class,290,120.0,,1240,Y,Y,Y,2,7,1,50,Sunday,False,False,False,Kuala Lumpur International Airport,KUL
Soekarno–Hatta International Airport,CGK,2024-07-28 19:00,Singapore Changi Airport,SIN,2024-07-28 21:50,110,Singapore Airlines,First Class,725,555.0,True,1240,Y,Y,Y,2,7,1,50,Sunday,False,False,False,Kuala Lumpur International Airport,KUL
Soekarno–Hatta International Airport,CGK,2024-07-28 07:55,Singapore Changi Airport,SIN,2024-07-28 10:45,110,Singapore Airlines,First Class,270,90.0,,2057,Y,Y,Y,2,7,1,50,Sunday,False,False,False,Kuala Lumpur International Airport,KUL
Soekarno–Hatta International Airport,CGK,2024-07-28 19:00,Singapore Changi Airport,SIN,2024-07-28 21:50,110,Singapore Airlines,First Class,700,510.0,True,2057,Y,Y,Y,2,7,1,50,Sunday,False,False,False,Kuala Lumpur International Airport,KUL
Soekarno–Hatta International Airport,CGK,2024-07-29 07:55,Singapore Changi Airport,SIN,2024-07-29 10:45,110,Singapore Airlines,First Class,290,120.0,,1240,Y,Y,Y,2,7,1,50,Monday,False,False,False,Kuala Lumpur International Airport,KUL
Soekarno–Hatta International Airport,CGK,2024-07-29 19:00,Singapore Changi Airport,SIN,2024-07-29 21:50,110,Singapore Airlines,First Class,725,555.0,True,1240,Y,Y,Y,2,7,1,50,Monday,False,False,False,Kuala Lumpur International Airport,KUL
Soekarno–Hatta International Airport,CGK,2024-07-29 07:55,Singapore Changi Airport,SIN,2024-07-29 10:45,110,Singapore Airlines,First Class,270,90.0,,2057,Y,Y,Y,2,7,1,50,Monday,False,False,False,Kuala Lumpur International Airport,KUL
Soekarno–Hatta International Airport,CGK,2024-07-29 19:00,Singapore Changi Airport,SIN,2024-07-29 21:50,110,Singapore Airlines,First Class,700,510.0,True,2057,Y,Y,Y,2,7,1,50,Monday,False,False,False,Kuala Lumpur International Airport,KUL
Soekarno–Hatta International Airport,CGK,2024-07-30 19:00,Singapore Changi Airport,SIN,2024-07-30 21:50,110,Singapore Airlines,First Class,725,555.0,True,1240,Y,Y,Y,2,7,1,50,Tuesday,False,False,False,Kuala Lumpur International Airport,KUL
Soekarno–Hatta International Airport,CGK,2024-07-30 19:00,Singapore Changi Airport,SIN,2024-07-30 21:50,110,Singapore Airlines,First Class,700,510.0,True,2057,Y,Y,Y,2,7,1,50,Tuesday,False,False,False,Kuala Lumpur International Airport,KUL
Soekarno–Hatta International Airport,CGK,2024-07-31 07:55,Singapore Changi Airport,SIN,2024-07-31 10:45,110,Singapore Airlines,First Class,290,120.0,,1240,Y,Y,Y,2,7,1,50,Wednesday,False,False,False,Kuala Lumpur International Airport,KUL
Soekarno–Hatta International Airport,CGK,2024-07-31 19:00,Singapore Changi Airport,SIN,2024-07-31 21:50,110,Singapore Airlines,First Class,725,555.0,True,1240,Y,Y,Y,2,7,1,50,Wednesday,False,False,False,Kuala Lumpur International Airport,KUL
Soekarno–Hatta International Airport,CGK,2024-07-31 07:55,Singapore Changi Airport,SIN,2024-07-31 10:45,110,Singapore Airlines,First Class,270,90.0,,2057,Y,Y,Y,2,7,1,50,Wednesday,False,False,False,Kuala Lumpur International Airport,KUL
Soekarno–Hatta International Airport,CGK,2024-07-31 19:00,Singapore Changi Airport,SIN,2024-07-31 21:50,110,Singapore Airlines,First Class,700,510.0,True,2057,Y,Y,Y,2,7,1,50,Wednesday,False,False,False,Kuala Lumpur International Airport,KUL
Soekarno–Hatta International Airport,CGK,2024-08-01 07:55,Singapore Changi Airport,SIN,2024-08-01 10:45,110,Singapore Airlines,First Class,290,120.0,,1265,Y,Y,Y,2,7,1,50,Thursday,False,False,False,Kuala Lumpur International Airport,KUL
Soekarno–Hatta International Airport,CGK,2024-08-01 19:00,Singapore Changi Airport,SIN,2024-08-01 21:50,110,Singapore Airlines,First Class,725,555.0,True,1265,Y,Y,Y,2,7,1,50,Thursday,False,False,False,Kuala Lumpur International Airport,KUL
Soekarno–Hatta International Airport,CGK,2024-08-01 07:55,Singapore Changi Airport,SIN,2024-08-01 10:45,110,Singapore Airlines,First Class,270,90.0,,2106,Y,Y,Y,2,7,1,50,Thursday,False,False,False,Kuala Lumpur International Airport,KUL
Soekarno–Hatta International Airport,CGK,2024-08-01 19:00,Singapore Changi Airport,SIN,2024-08-01 21:50,110,Singapore Airlines,First Class,700,510.0,True,2106,Y,Y,Y,2,7,1,50,Thursday,False,False,False,Kuala Lumpur International Airport,KUL
Soekarno–Hatta International Airport,CGK,2024-08-02 07:55,Singapore Changi Airport,SIN,2024-08-02 10:45,110,Singapore Airlines,First Class,290,120.0,,1265,Y,Y,Y,2,7,1,50,Friday,False,False,False,Kuala Lumpur International Airport,KUL
Soekarno–Hatta International Airport,CGK,2024-08-02 19:00,Singapore Changi Airport,SIN,2024-08-02 21:50,110,Singapore Airlines,First Class,725,555.0,True,1265,Y,Y,Y,2,7,1,50,Friday,False,False,False,Kuala Lumpur International Airport,KUL
Soekarno–Hatta International Airport,CGK,2024-08-02 07:55,Singapore Changi Airport,SIN,2024-08-02 10:45,110,Singapore Airlines,First Class,270,90.0,,2106,Y,Y,Y,2,7,1,50,Friday,False,False,False,Kuala Lumpur International Airport,KUL
Soekarno–Hatta International Airport,CGK,2024-08-03 19:00,Singapore Changi Airport,SIN,2024-08-03 21:50,110,Singapore Airlines,First Class,725,555.0,True,1265,Y,Y,Y,2,7,1,50,Saturday,False,False,False,Kuala Lumpur International Airport,KUL
Soekarno–Hatta International Airport,CGK,2024-08-03 07:55,Singapore Changi Airport,SIN,2024-08-03 10:45,110,Singapore Airlines,First Class,290,120.0,,1642,Y,Y,Y,2,7,1,50,Saturday,False,False,False,Kuala Lumpur International Airport,KUL
Soekarno–Hatta International Airport,CGK,2024-08-03 07:55,Singapore Changi Airport,SIN,2024-08-03 10:45,110,Singapore Airlines,First Class,270,90.0,,2106,Y,Y,Y,2,7,1,50,Saturday,False,False,False,Kuala Lumpur International Airport,KUL
Soekarno–Hatta International Airport,CGK,2024-08-04 07:55,Singapore Changi Airport,SIN,2024-08-04 10:45,110,Singapore Airlines,First Class,290,120.0,,1642,Y,Y,Y,2,7,1,50,Sunday,False,False,False,Kuala Lumpur International Airport,KUL
Soekarno–Hatta International Airport,CGK,2024-08-04 19:00,Singapore Changi Airport,SIN,2024-08-04 21:50,110,Singapore Airlines,First Class,725,555.0,True,1642,Y,Y,Y,2,7,1,50,Sunday,False,False,False,Kuala Lumpur International Airport,KUL
Soekarno–Hatta International Airport,CGK,2024-08-04 07:55,Singapore Changi Airport,SIN,2024-08-04 10:45,110,Singapore Airlines,First Class,270,90.0,,2106,Y,Y,Y,2,7,1,50,Sunday,False,False,False,Kuala Lumpur International Airport,KUL
Soekarno–Hatta International Airport,CGK,2024-08-05 19:00,Singapore Changi Airport,SIN,2024-08-05 21:50,110,Singapore Airlines,First Class,725,555.0,True,1265,Y,Y,Y,2,7,1,50,Monday,False,False,False,Kuala Lumpur International Airport,KUL
Soekarno–Hatta International Airport,CGK,2024-08-05 07:55,Singapore Changi Airport,SIN,2024-08-05 10:45,110,Singapore Airlines,First Class,290,120.0,,1642,Y,Y,Y,2,7,1,50,Monday,False,False,False,Kuala Lumpur International Airport,KUL
Soekarno–Hatta International Airport,CGK,2024-08-05 07:55,Singapore Changi Airport,SIN,2024-08-05 10:45,110,Singapore Airlines,First Class,270,90.0,,2106,Y,Y,Y,2,7,1,50,Monday,False,False,False,Kuala Lumpur International Airport,KUL
Soekarno–Hatta International Airport,CGK,2024-08-06 07:55,Singapore Changi Airport,SIN,2024-08-06 10:45,110,Singapore Airlines,First Class,290,120.0,,1265,Y,Y,Y,2,7,1,50,Tuesday,False,False,False,Kuala Lumpur International Airport,KUL
Soekarno–Hatta International Airport,CGK,2024-08-06 19:00,Singapore Changi Airport,SIN,2024-08-06 21:50,110,Singapore Airlines,First Class,725,555.0,True,1265,Y,Y,Y,2,7,1,50,Tuesday,False,False,False,Kuala Lumpur International Airport,KUL
Soekarno–Hatta International Airport,CGK,2024-08-06 07:55,Singapore Changi Airport,SIN,2024-08-06 10:45,110,Singapore Airlines,First Class,270,90.0,,2106,Y,Y,Y,2,7,1,50,Tuesday,False,False,False,Kuala Lumpur International Airport,KUL
Soekarno–Hatta International Airport,CGK,2024-08-06 19:00,Singapore Changi Airport,SIN,2024-08-06 21:50,110,Singapore Airlines,First Class,700,510.0,True,2106,Y,Y,Y,2,7,1,50,Tuesday,False,False,False,Kuala Lumpur International Airport,KUL
Soekarno–Hatta International Airport,CGK,2024-08-07 07:55,Singapore Changi Airport,SIN,2024-08-07 10:45,110,Singapore Airlines,First Class,290,120.0,,1265,Y,Y,Y,2,7,1,50,Wednesday,False,False,False,Kuala Lumpur International Airport,KUL
Soekarno–Hatta International Airport,CGK,2024-08-07 19:00,Singapore Changi Airport,SIN,2024-08-07 21:50,110,Singapore Airlines,First Class,810,640.0,True,1265,Y,Y,Y,2,7,1,50,Wednesday,False,False,False,Kuala Lumpur International Airport,KUL
Soekarno–Hatta International Airport,CGK,2024-08-07 07:55,Singapore Changi Airport,SIN,2024-08-07 10:45,110,Singapore Airlines,First Class,270,90.0,,2106,Y,Y,Y,2,7,1,50,Wednesday,False,False,False,Kuala Lumpur International Airport,KUL
Soekarno–Hatta International Airport,CGK,2024-08-07 19:00,Singapore Changi Airport,SIN,2024-08-07 21:50,110,Singapore Airlines,First Class,700,510.0,True,2106,Y,Y,Y,2,7,1,50,Wednesday,False,False,False,Kuala Lumpur International Airport,KUL
Soekarno–Hatta International Airport,CGK,2024-08-08 19:00,Singapore Changi Airport,SIN,2024-08-08 21:50,110,Singapore Airlines,First Class,725,555.0,True,1265,Y,Y,Y,2,7,1,50,Thursday,False,False,False,Kuala Lumpur International Airport,KUL
Soekarno–Hatta International Airport,CGK,2024-08-08 19:00,Singapore Changi Airport,SIN,2024-08-08 21:50,110,Singapore Airlines,First Class,700,510.0,True,2106,Y,Y,Y,2,7,1,50,Thursday,False,False,False,Kuala Lumpur International Airport,KUL
Soekarno–Hatta International Airport,CGK,2024-08-09 07:55,Singapore Changi Airport,SIN,2024-08-09 10:45,110,Singapore Airlines,First Class,290,120.0,,1265,Y,Y,Y,2,7,1,50,Friday,False,False,False,Kuala Lumpur International Airport,KUL
Soekarno–Hatta International Airport,CGK,2024-08-09 19:00,Singapore Changi Airport,SIN,2024-08-09 21:50,110,Singapore Airlines,First Class,810,640.0,True,1265,Y,Y,Y,2,7,1,50,Friday,False,False,False,Kuala Lumpur International Airport,KUL
Soekarno–Hatta International Airport,CGK,2024-08-09 07:55,Singapore Changi Airport,SIN,2024-08-09 10:45,110,Singapore Airlines,First Class,270,90.0,,2106,Y,Y,Y,2,7,1,50,Friday,False,False,False,Kuala Lumpur International Airport,KUL
Soekarno–Hatta International Airport,CGK,2024-08-09 19:00,Singapore Changi Airport,SIN,2024-08-09 21:50,110,Singapore Airlines,First Class,700,510.0,True,2106,Y,Y,Y,2,7,1,50,Friday,False,False,False,Kuala Lumpur International Airport,KUL
Soekarno–Hatta International Airport,CGK,2024-08-10 07:55,Singapore Changi Airport,SIN,2024-08-10 10:45,110,Singapore Airlines,First Class,290,120.0,,1265,Y,Y,Y,2,7,1,50,Saturday,False,False,False,Kuala Lumpur International Airport,KUL
Soekarno–Hatta International Airport,CGK,2024-08-10 19:00,Singapore Changi Airport,SIN,2024-08-10 21:50,110,Singapore Airlines,First Class,725,555.0,True,1265,Y,Y,Y,2,7,1,50,Saturday,False,False,False,Kuala Lumpur International Airport,KUL
Soekarno–Hatta International Airport,CGK,2024-08-10 07:55,Singapore Changi Airport,SIN,2024-08-10 10:45,110,Singapore Airlines,First Class,270,90.0,,2106,Y,Y,Y,2,7,1,50,Saturday,False,False,False,Kuala Lumpur International Airport,KUL
Soekarno–Hatta International Airport,CGK,2024-08-10 19:00,Singapore Changi Airport,SIN,2024-08-10 21:50,110,Singapore Airlines,First Class,1255,1065.0,True,2106,Y,Y,Y,2,7,1,50,Saturday,False,False,False,Kuala Lumpur International Airport,KUL
Soekarno–Hatta International Airport,CGK,2024-08-11 07:55,Singapore Changi Airport,SIN,2024-08-11 10:45,110,Singapore Airlines,First Class,290,120.0,,1265,Y,Y,Y,2,7,1,50,Sunday,False,False,False,Kuala Lumpur International Airport,KUL
Soekarno–Hatta International Airport,CGK,2024-08-11 19:00,Singapore Changi Airport,SIN,2024-08-11 21:50,110,Singapore Airlines,First Class,725,555.0,True,1265,Y,Y,Y,2,7,1,50,Sunday,False,False,False,Kuala Lumpur International Airport,KUL
Soekarno–Hatta International Airport,CGK,2024-08-11 07:55,Singapore Changi Airport,SIN,2024-08-11 10:45,110,Singapore Airlines,First Class,270,90.0,,2106,Y,Y,Y,2,7,1,50,Sunday,False,False,False,Kuala Lumpur International Airport,KUL
Soekarno–Hatta International Airport,CGK,2024-08-11 19:00,Singapore Changi Airport,SIN,2024-08-11 21:50,110,Singapore Airlines,First Class,700,510.0,True,2106,Y,Y,Y,2,7,1,50,Sunday,False,False,False,Kuala Lumpur International Airport,KUL
Soekarno–Hatta International Airport,CGK,2024-08-12 07:55,Singapore Changi Airport,SIN,2024-08-12 10:45,110,Singapore Airlines,First Class,290,120.0,,1265,Y,Y,Y,2,7,1,50,Monday,False,False,False,Kuala Lumpur International Airport,KUL
Soekarno–Hatta International Airport,CGK,2024-08-12 19:00,Singapore Changi Airport,SIN,2024-08-12 21:50,110,Singapore Airlines,First Class,725,555.0,True,1265,Y,Y,Y,2,7,1,50,Monday,False,False,False,Kuala Lumpur International Airport,KUL
Soekarno–Hatta International Airport,CGK,2024-08-12 07:55,Singapore Changi Airport,SIN,2024-08-12 10:45,110,Singapore Airlines,First Class,270,90.0,,2106,Y,Y,Y,2,7,1,50,Monday,False,False,False,Kuala Lumpur International Airport,KUL
Soekarno–Hatta International Airport,CGK,2024-08-12 19:00,Singapore Changi Airport,SIN,2024-08-12 21:50,110,Singapore Airlines,First Class,700,510.0,True,2106,Y,Y,Y,2,7,1,50,Monday,False,False,False,Kuala Lumpur International Airport,KUL
Soekarno–Hatta International Airport,CGK,2024-08-13 07:55,Singapore Changi Airport,SIN,2024-08-13 10:45,110,Singapore Airlines,First Class,290,120.0,,1265,Y,Y,Y,2,7,1,50,Tuesday,False,False,False,Kuala Lumpur International Airport,KUL
Soekarno–Hatta International Airport,CGK,2024-08-13 19:00,Singapore Changi Airport,SIN,2024-08-13 21:50,110,Singapore Airlines,First Class,810,640.0,True,1265,Y,Y,Y,2,7,1,50,Tuesday,False,False,False,Kuala Lumpur International Airport,KUL
Soekarno–Hatta International Airport,CGK,2024-08-13 19:00,Singapore Changi Airport,SIN,2024-08-13 21:50,110,Singapore Airlines,First Class,725,555.0,True,1642,Y,Y,Y,2,7,1,50,Tuesday,False,False,False,Kuala Lumpur International Airport,KUL
Soekarno–Hatta International Airport,CGK,2024-08-13 07:55,Singapore Changi Airport,SIN,2024-08-13 10:45,110,Singapore Airlines,First Class,270,90.0,,2106,Y,Y,Y,2,7,1,50,Tuesday,False,False,False,Kuala Lumpur International Airport,KUL
Soekarno–Hatta International Airport,CGK,2024-08-13 19:00,Singapore Changi Airport,SIN,2024-08-13 21:50,110,Singapore Airlines,First Class,700,510.0,True,2106,Y,Y,Y,2,7,1,50,Tuesday,False,False,False,Kuala Lumpur International Airport,KUL
Soekarno–Hatta International Airport,CGK,2024-08-14 07:55,Singapore Changi Airport,SIN,2024-08-14 10:45,110,Singapore Airlines,First Class,290,120.0,,1265,Y,Y,Y,2,7,1,50,Wednesday,False,False,False,Kuala Lumpur International Airport,KUL
Soekarno–Hatta International Airport,CGK,2024-08-14 19:00,Singapore Changi Airport,SIN,2024-08-14 21:50,110,Singapore Airlines,First Class,725,555.0,True,1642,Y,Y,Y,2,7,1,50,Wednesday,False,False,False,Kuala Lumpur International Airport,KUL
Soekarno–Hatta International Airport,CGK,2024-08-14 07:55,Singapore Changi Airport,SIN,2024-08-14 10:45,110,Singapore Airlines,First Class,270,90.0,,2106,Y,Y,Y,2,7,1,50,Wednesday,False,False,False,Kuala Lumpur International Airport,KUL
Soekarno–Hatta International Airport,CGK,2024-08-14 19:00,Singapore Changi Airport,SIN,2024-08-14 21:50,110,Singapore Airlines,First Class,700,510.0,True,2106,Y,Y,Y,2,7,1,50,Wednesday,False,False,False,Kuala Lumpur International Airport,KUL
Soekarno–Hatta International Airport,CGK,2024-08-15 07:55,Singapore Changi Airport,SIN,2024-08-15 10:45,110,Singapore Airlines,First Class,290,120.0,,1265,Y,Y,Y,2,7,1,50,Thursday,False,False,False,Kuala Lumpur International Airport,KUL
Soekarno–Hatta International Airport,CGK,2024-08-15 19:00,Singapore Changi Airport,SIN,2024-08-15 21:50,110,Singapore Airlines,First Class,725,555.0,True,1642,Y,Y,Y,2,7,1,50,Thursday,False,False,False,Kuala Lumpur International Airport,KUL
Soekarno–Hatta International Airport,CGK,2024-08-15 07:55,Singapore Changi Airport,SIN,2024-08-15 10:45,110,Singapore Airlines,First Class,270,90.0,,2106,Y,Y,Y,2,7,1,50,Thursday,False,False,False,Kuala Lumpur International Airport,KUL
Soekarno–Hatta International Airport,CGK,2024-08-15 19:00,Singapore Changi Airport,SIN,2024-08-15 21:50,110,Singapore Airlines,First Class,700,510.0,True,2106,Y,Y,Y,2,7,1,50,Thursday,False,False,False,Kuala Lumpur International Airport,KUL
Soekarno–Hatta International Airport,CGK,2024-08-16 07:55,Singapore Changi Airport,SIN,2024-08-16 10:45,110,Singapore Airlines,First Class,290,120.0,,1265,Y,Y,Y,2,7,1,50,Friday,False,False,False,Kuala Lumpur International Airport,KUL
Soekarno–Hatta International Airport,CGK,2024-08-16 07:55,Singapore Changi Airport,SIN,2024-08-16 10:45,110,Singapore Airlines,First Class,270,90.0,,2106,Y,Y,Y,2,7,1,50,Friday,False,False,False,Kuala Lumpur International Airport,KUL
Soekarno–Hatta International Airport,CGK,2024-08-17 07:55,Singapore Changi Airport,SIN,2024-08-17 10:45,110,Singapore Airlines,First Class,290,120.0,,1265,Y,Y,Y,2,7,1,50,Saturday,False,True,False,Kuala Lumpur International Airport,KUL
Soekarno–Hatta International Airport,CGK,2024-08-17 19:00,Singapore Changi Airport,SIN,2024-08-17 21:50,110,Singapore Airlines,First Class,725,555.0,True,1265,Y,Y,Y,2,7,1,50,Saturday,False,True,False,Kuala Lumpur International Airport,KUL
Soekarno–Hatta International Airport,CGK,2024-08-17 07:55,Singapore Changi Airport,SIN,2024-08-17 10:45,110,Singapore Airlines,First Class,270,90.0,,2106,Y,Y,Y,2,7,1,50,Saturday,False,True,False,Kuala Lumpur International Airport,KUL
Soekarno–Hatta International Airport,CGK,2024-08-17 19:00,Singapore Changi Airport,SIN,2024-08-17 21:50,110,Singapore Airlines,First Class,1255,1065.0,True,2106,Y,Y,Y,2,7,1,50,Saturday,False,True,False,Kuala Lumpur International Airport,KUL
Soekarno–Hatta International Airport,CGK,2024-08-18 07:55,Singapore Changi Airport,SIN,2024-08-18 10:45,110,Singapore Airlines,First Class,290,120.0,,1265,Y,Y,Y,2,7,1,50,Sunday,False,False,False,Kuala Lumpur International Airport,KUL
Soekarno–Hatta International Airport,CGK,2024-08-18 19:00,Singapore Changi Airport,SIN,2024-08-18 21:50,110,Singapore Airlines,First Class,725,555.0,True,1642,Y,Y,Y,2,7,1,50,Sunday,False,False,False,Kuala Lumpur International Airport,KUL
Soekarno–Hatta International Airport,CGK,2024-08-18 07:55,Singapore Changi Airport,SIN,2024-08-18 10:45,110,Singapore Airlines,First Class,270,90.0,,2106,Y,Y,Y,2,7,1,50,Sunday,False,False,False,Kuala Lumpur International Airport,KUL
Soekarno–Hatta International Airport,CGK,2024-08-18 19:00,Singapore Changi Airport,SIN,2024-08-18 21:50,110,Singapore Airlines,First Class,700,510.0,True,2106,Y,Y,Y,2,7,1,50,Sunday,False,False,False,Kuala Lumpur International Airport,KUL
Soekarno–Hatta International Airport,CGK,2024-08-19 07:55,Singapore Changi Airport,SIN,2024-08-19 10:45,110,Singapore Airlines,First Class,290,120.0,,1265,Y,Y,Y,2,7,1,50,Monday,False,False,False,Kuala Lumpur International Airport,KUL
Soekarno–Hatta International Airport,CGK,2024-08-19 19:00,Singapore Changi Airport,SIN,2024-08-19 21:50,110,Singapore Airlines,First Class,810,640.0,True,1265,Y,Y,Y,2,7,1,50,Monday,False,False,False,Kuala Lumpur International Airport,KUL
Soekarno–Hatta International Airport,CGK,2024-08-19 19:00,Singapore Changi Airport,SIN,2024-08-19 21:50,110,Singapore Airlines,First Class,725,555.0,True,1642,Y,Y,Y,2,7,1,50,Monday,False,False,False,Kuala Lumpur International Airport,KUL
Soekarno–Hatta International Airport,CGK,2024-08-19 07:55,Singapore Changi Airport,SIN,2024-08-19 10:45,110,Singapore Airlines,First Class,270,90.0,,2106,Y,Y,Y,2,7,1,50,Monday,False,False,False,Kuala Lumpur International Airport,KUL
Soekarno–Hatta International Airport,CGK,2024-08-19 19:00,Singapore Changi Airport,SIN,2024-08-19 21:50,110,Singapore Airlines,First Class,700,510.0,True,2106,Y,Y,Y,2,7,1,50,Monday,False,False,False,Kuala Lumpur International Airport,KUL
Soekarno–Hatta International Airport,CGK,2024-08-20 07:55,Singapore Changi Airport,SIN,2024-08-20 10:45,110,Singapore Airlines,First Class,290,120.0,,1265,Y,Y,Y,2,7,1,50,Tuesday,False,False,False,Kuala Lumpur International Airport,KUL
Soekarno–Hatta International Airport,CGK,2024-08-20 19:00,Singapore Changi Airport,SIN,2024-08-20 21:50,110,Singapore Airlines,First Class,725,555.0,True,1265,Y,Y,Y,2,7,1,50,Tuesday,False,False,False,Kuala Lumpur International Airport,KUL
Soekarno–Hatta International Airport,CGK,2024-08-20 07:55,Singapore Changi Airport,SIN,2024-08-20 10:45,110,Singapore Airlines,First Class,270,90.0,,2106,Y,Y,Y,2,7,1,50,Tuesday,False,False,False,Kuala Lumpur International Airport,KUL
Soekarno–Hatta International Airport,CGK,2024-08-20 19:00,Singapore Changi Airport,SIN,2024-08-20 21:50,110,Singapore Airlines,First Class,700,510.0,True,2106,Y,Y,Y,2,7,1,50,Tuesday,False,False,False,Kuala Lumpur International Airport,KUL
Soekarno–Hatta International Airport,CGK,2024-08-21 07:55,Singapore Changi Airport,SIN,2024-08-21 10:45,110,Singapore Airlines,First Class,290,120.0,,1265,Y,Y,Y,2,7,1,50,Wednesday,False,False,False,Kuala Lumpur International Airport,KUL
Soekarno–Hatta International Airport,CGK,2024-08-21 07:55,Singapore Changi Airport,SIN,2024-08-21 10:45,110,Singapore Airlines,First Class,270,90.0,,2106,Y,Y,Y,2,7,1,50,Wednesday,False,False,False,Kuala Lumpur International Airport,KUL
Soekarno–Hatta International Airport,CGK,2024-08-22 07:55,Singapore Changi Airport,SIN,2024-08-22 10:45,110,Singapore Airlines,First Class,290,120.0,,1265,Y,Y,Y,2,7,1,50,Thursday,False,False,False,Kuala Lumpur International Airport,KUL
Soekarno–Hatta International Airport,CGK,2024-08-22 19:00,Singapore Changi Airport,SIN,2024-08-22 21:50,110,Singapore Airlines,First Class,725,555.0,True,1265,Y,Y,Y,2,7,1,50,Thursday,False,False,False,Kuala Lumpur International Airport,KUL
Soekarno–Hatta International Airport,CGK,2024-08-22 07:55,Singapore Changi Airport,SIN,2024-08-22 10:45,110,Singapore Airlines,First Class,270,90.0,,2106,Y,Y,Y,2,7,1,50,Thursday,False,False,False,Kuala Lumpur International Airport,KUL
Soekarno–Hatta International Airport,CGK,2024-08-22 19:00,Singapore Changi Airport,SIN,2024-08-22 21:50,110,Singapore Airlines,First Class,700,510.0,True,2106,Y,Y,Y,2,7,1,50,Thursday,False,False,False,Kuala Lumpur International Airport,KUL
Soekarno–Hatta International Airport,CGK,2024-08-23 07:55,Singapore Changi Airport,SIN,2024-08-23 10:45,110,Singapore Airlines,First Class,290,120.0,,1265,Y,Y,Y,2,7,1,50,Friday,False,False,False,Kuala Lumpur International Airport,KUL
Soekarno–Hatta International Airport,CGK,2024-08-23 19:00,Singapore Changi Airport,SIN,2024-08-23 21:50,110,Singapore Airlines,First Class,1425,1240.0,True,1989,Y,Y,Y,2,7,1,50,Friday,False,False,False,Kuala Lumpur International Airport,KUL
Soekarno–Hatta International Airport,CGK,2024-08-23 07:55,Singapore Changi Airport,SIN,2024-08-23 10:45,110,Singapore Airlines,First Class,270,90.0,,2106,Y,Y,Y,2,7,1,50,Friday,False,False,False,Kuala Lumpur International Airport,KUL
Soekarno–Hatta International Airport,CGK,2024-08-23 19:00,Singapore Changi Airport,SIN,2024-08-23 21:50,110,Singapore Airlines,First Class,700,510.0,True,2106,Y,Y,Y,2,7,1,50,Friday,False,False,False,Kuala Lumpur International Airport,KUL
Soekarno–Hatta International Airport,CGK,2024-08-24 07:55,Singapore Changi Airport,SIN,2024-08-24 10:45,110,Singapore Airlines,First Class,290,120.0,,1265,Y,Y,Y,2,7,1,50,Saturday,False,False,False,Kuala Lumpur International Airport,KUL
Soekarno–Hatta International Airport,CGK,2024-08-24 19:00,Singapore Changi Airport,SIN,2024-08-24 21:50,110,Singapore Airlines,First Class,725,555.0,True,1642,Y,Y,Y,2,7,1,50,Saturday,False,False,False,Kuala Lumpur International Airport,KUL
Soekarno–Hatta International Airport,CGK,2024-08-24 07:55,Singapore Changi Airport,SIN,2024-08-24 10:45,110,Singapore Airlines,First Class,270,90.0,,2106,Y,Y,Y,2,7,1,50,Saturday,False,False,False,Kuala Lumpur International Airport,KUL
Soekarno–Hatta International Airport,CGK,2024-08-24 19:00,Singapore Changi Airport,SIN,2024-08-24 21:50,110,Singapore Airlines,First Class,1255,1065.0,True,2106,Y,Y,Y,2,7,1,50,Saturday,False,False,False,Kuala Lumpur International Airport,KUL
Soekarno–Hatta International Airport,CGK,2024-08-25 07:55,Singapore Changi Airport,SIN,2024-08-25 10:45,110,Singapore Airlines,First Class,290,120.0,,1265,Y,Y,Y,2,7,1,50,Sunday,False,False,False,Kuala Lumpur International Airport,KUL
Soekarno–Hatta International Airport,CGK,2024-08-25 19:00,Singapore Changi Airport,SIN,2024-08-25 21:50,110,Singapore Airlines,First Class,725,555.0,True,1265,Y,Y,Y,2,7,1,50,Sunday,False,False,False,Kuala Lumpur International Airport,KUL
Soekarno–Hatta International Airport,CGK,2024-08-25 07:55,Singapore Changi Airport,SIN,2024-08-25 10:45,110,Singapore Airlines,First Class,270,90.0,,2106,Y,Y,Y,2,7,1,50,Sunday,False,False,False,Kuala Lumpur International Airport,KUL
Soekarno–Hatta International Airport,CGK,2024-08-25 19:00,Singapore Changi Airport,SIN,2024-08-25 21:50,110,Singapore Airlines,First Class,700,510.0,True,2106,Y,Y,Y,2,7,1,50,Sunday,False,False,False,Kuala Lumpur International Airport,KUL
Soekarno–Hatta International Airport,CGK,2024-08-26 19:00,Singapore Changi Airport,SIN,2024-08-26 21:50,110,Singapore Airlines,First Class,725,555.0,True,1265,Y,Y,Y,2,7,1,50,Monday,False,False,False,Kuala Lumpur International Airport,KUL
Soekarno–Hatta International Airport,CGK,2024-08-26 07:55,Singapore Changi Airport,SIN,2024-08-26 10:45,110,Singapore Airlines,First Class,290,120.0,,1642,Y,Y,Y,2,7,1,50,Monday,False,False,False,Kuala Lumpur International Airport,KUL
Soekarno–Hatta International Airport,CGK,2024-08-26 07:55,Singapore Changi Airport,SIN,2024-08-26 10:45,110,Singapore Airlines,First Class,270,90.0,,2106,Y,Y,Y,2,7,1,50,Monday,False,False,False,Kuala Lumpur International Airport,KUL
Soekarno–Hatta International Airport,CGK,2024-08-26 19:00,Singapore Changi Airport,SIN,2024-08-26 21:50,110,Singapore Airlines,First Class,700,510.0,True,2106,Y,Y,Y,2,7,1,50,Monday,False,False,False,Kuala Lumpur International Airport,KUL
Soekarno–Hatta International Airport,CGK,2024-08-27 07:55,Singapore Changi Airport,SIN,2024-08-27 10:45,110,Singapore Airlines,First Class,290,120.0,,1265,Y,Y,Y,2,7,1,50,Tuesday,False,False,False,Kuala Lumpur International Airport,KUL
Soekarno–Hatta International Airport,CGK,2024-08-27 19:00,Singapore Changi Airport,SIN,2024-08-27 21:50,110,Singapore Airlines,First Class,725,555.0,True,1265,Y,Y,Y,2,7,1,50,Tuesday,False,False,False,Kuala Lumpur International Airport,KUL
Soekarno–Hatta International Airport,CGK,2024-08-27 07:55,Singapore Changi Airport,SIN,2024-08-27 10:45,110,Singapore Airlines,First Class,270,90.0,,2106,Y,Y,Y,2,7,1,50,Tuesday,False,False,False,Kuala Lumpur International Airport,KUL
Soekarno–Hatta International Airport,CGK,2024-08-27 19:00,Singapore Changi Airport,SIN,2024-08-27 21:50,110,Singapore Airlines,First Class,700,510.0,True,2106,Y,Y,Y,2,7,1,50,Tuesday,False,False,False,Kuala Lumpur International Airport,KUL
Soekarno–Hatta International Airport,CGK,2024-08-28 07:55,Singapore Changi Airport,SIN,2024-08-28 10:45,110,Singapore Airlines,First Class,290,120.0,,1265,Y,Y,Y,2,7,1,50,Wednesday,False,False,False,Kuala Lumpur International Airport,KUL
Soekarno–Hatta International Airport,CGK,2024-08-28 19:00,Singapore Changi Airport,SIN,2024-08-28 21:50,110,Singapore Airlines,First Class,810,640.0,True,1265,Y,Y,Y,2,7,1,50,Wednesday,False,False,False,Kuala Lumpur International Airport,KUL
Soekarno–Hatta International Airport,CGK,2024-08-28 19:00,Singapore Changi Airport,SIN,2024-08-28 21:50,110,Singapore Airlines,First Class,725,555.0,True,1642,Y,Y,Y,2,7,1,50,Wednesday,False,False,False,Kuala Lumpur International Airport,KUL
Soekarno–Hatta International Airport,CGK,2024-08-28 07:55,Singapore Changi Airport,SIN,2024-08-28 10:45,110,Singapore Airlines,First Class,270,90.0,,2106,Y,Y,Y,2,7,1,50,Wednesday,False,False,False,Kuala Lumpur International Airport,KUL
Soekarno–Hatta International Airport,CGK,2024-08-28 19:00,Singapore Changi Airport,SIN,2024-08-28 21:50,110,Singapore Airlines,First Class,700,510.0,True,2106,Y,Y,Y,2,7,1,50,Wednesday,False,False,False,Kuala Lumpur International Airport,KUL
Soekarno–Hatta International Airport,CGK,2024-08-29 07:55,Singapore Changi Airport,SIN,2024-08-29 10:45,110,Singapore Airlines,First Class,290,120.0,,1265,Y,Y,Y,2,7,1,50,Thursday,False,False,False,Kuala Lumpur International Airport,KUL
Soekarno–Hatta International Airport,CGK,2024-08-29 19:00,Singapore Changi Airport,SIN,2024-08-29 21:50,110,Singapore Airlines,First Class,725,555.0,True,1265,Y,Y,Y,2,7,1,50,Thursday,False,False,False,Kuala Lumpur International Airport,KUL
Soekarno–Hatta International Airport,CGK,2024-08-29 07:55,Singapore Changi Airport,SIN,2024-08-29 10:45,110,Singapore Airlines,First Class,270,90.0,,2106,Y,Y,Y,2,7,1,50,Thursday,False,False,False,Kuala Lumpur International Airport,KUL
Soekarno–Hatta International Airport,CGK,2024-08-29 19:00,Singapore Changi Airport,SIN,2024-08-29 21:50,110,Singapore Airlines,First Class,700,510.0,True,2106,Y,Y,Y,2,7,1,50,Thursday,False,False,False,Kuala Lumpur International Airport,KUL
Soekarno–Hatta International Airport,CGK,2024-08-30 07:55,Singapore Changi Airport,SIN,2024-08-30 10:45,110,Singapore Airlines,First Class,290,120.0,,1265,Y,Y,Y,2,7,1,50,Friday,False,False,False,Kuala Lumpur International Airport,KUL
Soekarno–Hatta International Airport,CGK,2024-08-30 19:00,Singapore Changi Airport,SIN,2024-08-30 21:50,110,Singapore Airlines,First Class,725,555.0,True,1642,Y,Y,Y,2,7,1,50,Friday,False,False,False,Kuala Lumpur International Airport,KUL
Soekarno–Hatta International Airport,CGK,2024-08-30 07:55,Singapore Changi Airport,SIN,2024-08-30 10:45,110,Singapore Airlines,First Class,270,90.0,,2106,Y,Y,Y,2,7,1,50,Friday,False,False,False,Kuala Lumpur International Airport,KUL
Soekarno–Hatta International Airport,CGK,2024-08-30 19:00,Singapore Changi Airport,SIN,2024-08-30 21:50,110,Singapore Airlines,First Class,700,510.0,True,2106,Y,Y,Y,2,7,1,50,Friday,False,False,False,Kuala Lumpur International Airport,KUL
Soekarno–Hatta International Airport,CGK,2024-08-31 07:55,Singapore Changi Airport,SIN,2024-08-31 10:45,110,Singapore Airlines,First Class,290,120.0,,1265,Y,Y,Y,2,7,1,50,Saturday,False,False,True,Kuala Lumpur International Airport,KUL
Soekarno–Hatta International Airport,CGK,2024-08-31 19:00,Singapore Changi Airport,SIN,2024-08-31 21:50,110,Singapore Airlines,First Class,725,555.0,True,1265,Y,Y,Y,2,7,1,50,Saturday,False,False,True,Kuala Lumpur International Airport,KUL
Soekarno–Hatta International Airport,CGK,2024-08-31 07:55,Singapore Changi Airport,SIN,2024-08-31 10:45,110,Singapore Airlines,First Class,270,90.0,,2106,Y,Y,Y,2,7,1,50,Saturday,False,False,True,Kuala Lumpur International Airport,KUL
Soekarno–Hatta International Airport,CGK,2024-08-31 19:00,Singapore Changi Airport,SIN,2024-08-31 21:50,110,Singapore Airlines,First Class,1255,1065.0,True,2106,Y,Y,Y,2,7,1,50,Saturday,False,False,True,Kuala Lumpur International Airport,KUL
