Departure Airport Name,Departure Airport ID,Departure Time,Arrival Airport Name,Arrival Airport ID,Arrival Time,Duration,Airline,Travel Class,Total Duration,Layover 1 Duration,Layover 1 Overnight,Price, Cabin Baggage, Checked Baggage,Meal Included,Cabin Baggage (Number),Cabin Baggage (kg per piece),Checked Baggage (Number),Checked Baggage (kg per piece) ,Day of Week (on flight date),Overnight Flight,Departure Country Is Holiday,Arrival Country Is Holiday,Final Arrival Airport Name,Final Arrival Airport ID
Kuala Lumpur International Airport,KUL,2024-07-01 21:45,Singapore Changi Airport,SIN,2024-07-01 22:55,70,Singapore Airlines,First Class,620,445,True,994,Y,Y,Y,2,7,2,50,Monday,False,False,False,Soekarno-Hatta International Airport,CGK
Kuala Lumpur International Airport,KUL,2024-07-02 21:45,Singapore Changi Airport,SIN,2024-07-02 22:55,70,Singapore Airlines,First Class,1280,1105,True,994,Y,Y,Y,2,7,2,50,Tuesday,False,False,False,Soekarno-Hatta International Airport,CGK
Kuala Lumpur International Airport,KUL,2024-07-02 21:45,Singapore Changi Airport,SIN,2024-07-02 22:55,70,Singapore Airlines,First Class,620,445,True,2593,Y,Y,Y,2,7,2,50,Tuesday,False,False,False,Soekarno-Hatta International Airport,CGK
Kuala Lumpur International Airport,KUL,2024-07-03 14:30,Singapore Changi Airport,SIN,2024-07-03 15:50,80,Singapore Airlines,First Class,275,90,,994,Y,Y,Y,2,7,2,50,Wednesday,False,False,False,Soekarno-Hatta International Airport,CGK
Kuala Lumpur International Airport,KUL,2024-07-03 21:45,Singapore Changi Airport,SIN,2024-07-03 22:55,70,Singapore Airlines,First Class,620,445,True,994,Y,Y,Y,2,7,2,50,Wednesday,False,False,False,Soekarno-Hatta International Airport,CGK
Kuala Lumpur International Airport,KUL,2024-07-04 14:30,Singapore Changi Airport,SIN,2024-07-04 15:50,80,Singapore Airlines,First Class,275,90,,994,Y,Y,Y,2,7,2,50,Thursday,False,False,False,Soekarno-Hatta International Airport,CGK
Kuala Lumpur International Airport,KUL,2024-07-05 21:45,Singapore Changi Airport,SIN,2024-07-05 22:55,70,Singapore Airlines,First Class,620,445,True,994,Y,Y,Y,2,7,2,50,Friday,False,False,False,Soekarno-Hatta International Airport,CGK
Kuala Lumpur International Airport,KUL,2024-07-06 21:00,Singapore Changi Airport,SIN,2024-07-06 22:15,75,Singapore Airlines,First Class,1325,1145,True,2593,Y,Y,Y,2,7,2,50,Saturday,False,False,False,Soekarno-Hatta International Airport,CGK
Kuala Lumpur International Airport,KUL,2024-07-07 11:00,Singapore Changi Airport,SIN,2024-07-07 12:15,75,Singapore Airlines,First Class,485,305,,2593,Y,Y,Y,2,7,2,50,Sunday,False,True,True,Soekarno-Hatta International Airport,CGK
Kuala Lumpur International Airport,KUL,2024-07-08 21:45,Singapore Changi Airport,SIN,2024-07-08 22:55,70,Singapore Airlines,First Class,620,445,True,994,Y,Y,Y,2,7,2,50,Monday,False,True,False,Soekarno-Hatta International Airport,CGK
Kuala Lumpur International Airport,KUL,2024-07-09 21:45,Singapore Changi Airport,SIN,2024-07-09 22:55,70,Singapore Airlines,First Class,620,445,True,994,Y,Y,Y,2,7,2,50,Tuesday,False,False,False,Soekarno-Hatta International Airport,CGK
Kuala Lumpur International Airport,KUL,2024-07-10 21:45,Singapore Changi Airport,SIN,2024-07-10 22:55,70,Singapore Airlines,First Class,620,445,True,994,Y,Y,Y,2,7,2,50,Wednesday,False,False,False,Soekarno-Hatta International Airport,CGK
Kuala Lumpur International Airport,KUL,2024-07-11 21:45,Singapore Changi Airport,SIN,2024-07-11 22:55,70,Singapore Airlines,First Class,1280,1105,True,2593,Y,Y,Y,2,7,2,50,Thursday,False,False,False,Soekarno-Hatta International Airport,CGK
Kuala Lumpur International Airport,KUL,2024-07-12 21:45,Singapore Changi Airport,SIN,2024-07-12 22:55,70,Singapore Airlines,First Class,620,445,True,994,Y,Y,Y,2,7,2,50,Friday,False,False,False,Soekarno-Hatta International Airport,CGK
Kuala Lumpur International Airport,KUL,2024-07-12 14:30,Singapore Changi Airport,SIN,2024-07-12 15:50,80,Singapore Airlines,First Class,275,90,,2593,Y,Y,Y,2,7,2,50,Friday,False,False,False,Soekarno-Hatta International Airport,CGK
Kuala Lumpur International Airport,KUL,2024-07-13 21:45,Singapore Changi Airport,SIN,2024-07-13 22:55,70,Singapore Airlines,First Class,620,445,True,994,Y,Y,Y,2,7,2,50,Saturday,False,False,False,Soekarno-Hatta International Airport,CGK
Kuala Lumpur International Airport,KUL,2024-07-14 21:45,Singapore Changi Airport,SIN,2024-07-14 22:55,70,Singapore Airlines,First Class,620,445,True,994,Y,Y,Y,2,7,2,50,Sunday,False,False,False,Soekarno-Hatta International Airport,CGK
Kuala Lumpur International Airport,KUL,2024-07-15 21:45,Singapore Changi Airport,SIN,2024-07-15 22:55,70,Singapore Airlines,First Class,1280,1105,True,994,Y,Y,Y,2,7,2,50,Monday,False,False,False,Soekarno-Hatta International Airport,CGK
Kuala Lumpur International Airport,KUL,2024-07-16 14:30,Singapore Changi Airport,SIN,2024-07-16 15:50,80,Singapore Airlines,First Class,275,90,,994,Y,Y,Y,2,7,2,50,Tuesday,False,False,False,Soekarno-Hatta International Airport,CGK
Kuala Lumpur International Airport,KUL,2024-07-16 21:45,Singapore Changi Airport,SIN,2024-07-16 22:55,70,Singapore Airlines,First Class,620,445,True,994,Y,Y,Y,2,7,2,50,Tuesday,False,False,False,Soekarno-Hatta International Airport,CGK
Kuala Lumpur International Airport,KUL,2024-07-17 14:30,Singapore Changi Airport,SIN,2024-07-17 15:50,80,Singapore Airlines,First Class,275,90,,994,Y,Y,Y,2,7,2,50,Wednesday,False,False,False,Soekarno-Hatta International Airport,CGK
Kuala Lumpur International Airport,KUL,2024-07-18 21:45,Singapore Changi Airport,SIN,2024-07-18 22:55,70,Singapore Airlines,First Class,620,445,True,994,Y,Y,Y,2,7,2,50,Thursday,False,False,False,Soekarno-Hatta International Airport,CGK
Kuala Lumpur International Airport,KUL,2024-07-19 14:30,Singapore Changi Airport,SIN,2024-07-19 15:50,80,Singapore Airlines,First Class,275,90,,994,Y,Y,Y,2,7,2,50,Friday,False,False,False,Soekarno-Hatta International Airport,CGK
Kuala Lumpur International Airport,KUL,2024-07-19 21:45,Singapore Changi Airport,SIN,2024-07-19 22:55,70,Singapore Airlines,First Class,620,445,True,994,Y,Y,Y,2,7,2,50,Friday,False,False,False,Soekarno-Hatta International Airport,CGK
Kuala Lumpur International Airport,KUL,2024-07-20 14:30,Singapore Changi Airport,SIN,2024-07-20 15:50,80,Singapore Airlines,First Class,275,90,,994,Y,Y,Y,2,7,2,50,Saturday,False,False,False,Soekarno-Hatta International Airport,CGK
Kuala Lumpur International Airport,KUL,2024-07-20 21:45,Singapore Changi Airport,SIN,2024-07-20 22:55,70,Singapore Airlines,First Class,620,445,True,994,Y,Y,Y,2,7,2,50,Saturday,False,False,False,Soekarno-Hatta International Airport,CGK
Kuala Lumpur International Airport,KUL,2024-07-21 14:30,Singapore Changi Airport,SIN,2024-07-21 15:50,80,Singapore Airlines,First Class,275,90,,994,Y,Y,Y,2,7,2,50,Sunday,False,False,False,Soekarno-Hatta International Airport,CGK
Kuala Lumpur International Airport,KUL,2024-07-21 21:45,Singapore Changi Airport,SIN,2024-07-21 22:55,70,Singapore Airlines,First Class,620,445,True,994,Y,Y,Y,2,7,2,50,Sunday,False,False,False,Soekarno-Hatta International Airport,CGK
Kuala Lumpur International Airport,KUL,2024-07-22 14:30,Singapore Changi Airport,SIN,2024-07-22 15:50,80,Singapore Airlines,First Class,275,90,,994,Y,Y,Y,2,7,2,50,Monday,False,False,False,Soekarno-Hatta International Airport,CGK
Kuala Lumpur International Airport,KUL,2024-07-22 21:45,Singapore Changi Airport,SIN,2024-07-22 22:55,70,Singapore Airlines,First Class,620,445,True,994,Y,Y,Y,2,7,2,50,Monday,False,False,False,Soekarno-Hatta International Airport,CGK
Kuala Lumpur International Airport,KUL,2024-07-23 14:30,Singapore Changi Airport,SIN,2024-07-23 15:50,80,Singapore Airlines,First Class,275,90,,994,Y,Y,Y,2,7,2,50,Tuesday,False,False,False,Soekarno-Hatta International Airport,CGK
Kuala Lumpur International Airport,KUL,2024-07-23 21:45,Singapore Changi Airport,SIN,2024-07-23 22:55,70,Singapore Airlines,First Class,620,445,True,994,Y,Y,Y,2,7,2,50,Tuesday,False,False,False,Soekarno-Hatta International Airport,CGK
Kuala Lumpur International Airport,KUL,2024-07-24 21:45,Singapore Changi Airport,SIN,2024-07-24 22:55,70,Singapore Airlines,First Class,620,445,True,994,Y,Y,Y,2,7,2,50,Wednesday,False,False,False,Soekarno-Hatta International Airport,CGK
Kuala Lumpur International Airport,KUL,2024-07-25 14:30,Singapore Changi Airport,SIN,2024-07-25 15:50,80,Singapore Airlines,First Class,275,90,,994,Y,Y,Y,2,7,2,50,Thursday,False,False,False,Soekarno-Hatta International Airport,CGK
Kuala Lumpur International Airport,KUL,2024-07-25 21:45,Singapore Changi Airport,SIN,2024-07-25 22:55,70,Singapore Airlines,First Class,620,445,True,994,Y,Y,Y,2,7,2,50,Thursday,False,False,False,Soekarno-Hatta International Airport,CGK
Kuala Lumpur International Airport,KUL,2024-07-26 14:30,Singapore Changi Airport,SIN,2024-07-26 15:50,80,Singapore Airlines,First Class,275,90,,994,Y,Y,Y,2,7,2,50,Friday,False,False,False,Soekarno-Hatta International Airport,CGK
Kuala Lumpur International Airport,KUL,2024-07-26 21:45,Singapore Changi Airport,SIN,2024-07-26 22:55,70,Singapore Airlines,First Class,620,445,True,994,Y,Y,Y,2,7,2,50,Friday,False,False,False,Soekarno-Hatta International Airport,CGK
Kuala Lumpur International Airport,KUL,2024-07-27 14:30,Singapore Changi Airport,SIN,2024-07-27 15:50,80,Singapore Airlines,First Class,275,90,,994,Y,Y,Y,2,7,2,50,Saturday,False,False,False,Soekarno-Hatta International Airport,CGK
Kuala Lumpur International Airport,KUL,2024-07-27 21:45,Singapore Changi Airport,SIN,2024-07-27 22:55,70,Singapore Airlines,First Class,620,445,True,994,Y,Y,Y,2,7,2,50,Saturday,False,False,False,Soekarno-Hatta International Airport,CGK
Kuala Lumpur International Airport,KUL,2024-07-28 14:30,Singapore Changi Airport,SIN,2024-07-28 15:50,80,Singapore Airlines,First Class,275,90,,994,Y,Y,Y,2,7,2,50,Sunday,False,False,False,Soekarno-Hatta International Airport,CGK
Kuala Lumpur International Airport,KUL,2024-07-28 21:45,Singapore Changi Airport,SIN,2024-07-28 22:55,70,Singapore Airlines,First Class,620,445,True,994,Y,Y,Y,2,7,2,50,Sunday,False,False,False,Soekarno-Hatta International Airport,CGK
Kuala Lumpur International Airport,KUL,2024-07-29 14:30,Singapore Changi Airport,SIN,2024-07-29 15:50,80,Singapore Airlines,First Class,275,90,,994,Y,Y,Y,2,7,2,50,Monday,False,False,False,Soekarno-Hatta International Airport,CGK
Kuala Lumpur International Airport,KUL,2024-07-29 21:45,Singapore Changi Airport,SIN,2024-07-29 22:55,70,Singapore Airlines,First Class,620,445,True,994,Y,Y,Y,2,7,2,50,Monday,False,False,False,Soekarno-Hatta International Airport,CGK
Kuala Lumpur International Airport,KUL,2024-07-30 21:45,Singapore Changi Airport,SIN,2024-07-30 22:55,70,Singapore Airlines,First Class,620,445,True,994,Y,Y,Y,2,7,2,50,Tuesday,False,False,False,Soekarno-Hatta International Airport,CGK
Kuala Lumpur International Airport,KUL,2024-07-31 14:30,Singapore Changi Airport,SIN,2024-07-31 15:50,80,Singapore Airlines,First Class,275,90,,994,Y,Y,Y,2,7,2,50,Wednesday,False,False,False,Soekarno-Hatta International Airport,CGK
Kuala Lumpur International Airport,KUL,2024-07-31 21:45,Singapore Changi Airport,SIN,2024-07-31 22:55,70,Singapore Airlines,First Class,620,445,True,994,Y,Y,Y,2,7,2,50,Wednesday,False,False,False,Soekarno-Hatta International Airport,CGK
Kuala Lumpur International Airport,KUL,2024-07-01 08:50,Singapore Changi Airport,SIN,2024-07-01 10:00,70,Jetstar,First Class,525,335,,2199,Y,Y,Y,2,7,1,40,Monday,False,False,False,Phnom Penh International Airport,PNH
Kuala Lumpur International Airport,KUL,2024-07-01 21:20,Singapore Changi Airport,SIN,2024-07-01 22:30,70,Jetstar,First Class,1215,1025,True,2199,Y,Y,Y,2,7,1,40,Monday,False,False,False,Phnom Penh International Airport,PNH
Kuala Lumpur International Airport,KUL,2024-07-02 08:50,Singapore Changi Airport,SIN,2024-07-02 10:00,70,Jetstar,First Class,525,335,,2199,Y,Y,Y,2,7,1,40,Tuesday,False,False,False,Phnom Penh International Airport,PNH
Kuala Lumpur International Airport,KUL,2024-07-02 21:20,Singapore Changi Airport,SIN,2024-07-02 22:30,70,Jetstar,First Class,1215,1025,True,2199,Y,Y,Y,2,7,1,40,Tuesday,False,False,False,Phnom Penh International Airport,PNH
Kuala Lumpur International Airport,KUL,2024-07-03 08:50,Singapore Changi Airport,SIN,2024-07-03 10:00,70,Jetstar,First Class,525,335,,2199,Y,Y,Y,2,7,1,40,Wednesday,False,False,False,Phnom Penh International Airport,PNH
Kuala Lumpur International Airport,KUL,2024-07-03 22:05,Singapore Changi Airport,SIN,2024-07-03 23:15,70,Jetstar,First Class,1170,980,True,2199,Y,Y,Y,2,7,1,40,Wednesday,False,False,False,Phnom Penh International Airport,PNH
Kuala Lumpur International Airport,KUL,2024-07-04 08:50,Singapore Changi Airport,SIN,2024-07-04 10:00,70,Jetstar,First Class,525,335,,2199,Y,Y,Y,2,7,1,40,Thursday,False,False,False,Phnom Penh International Airport,PNH
Kuala Lumpur International Airport,KUL,2024-07-04 21:20,Singapore Changi Airport,SIN,2024-07-04 22:30,70,Jetstar,First Class,1215,1025,True,2199,Y,Y,Y,2,7,1,40,Thursday,False,False,False,Phnom Penh International Airport,PNH
Kuala Lumpur International Airport,KUL,2024-07-05 08:50,Singapore Changi Airport,SIN,2024-07-05 10:00,70,Jetstar,First Class,525,335,,2199,Y,Y,Y,2,7,1,40,Friday,False,False,False,Phnom Penh International Airport,PNH
Kuala Lumpur International Airport,KUL,2024-07-05 21:20,Singapore Changi Airport,SIN,2024-07-05 22:30,70,Jetstar,First Class,1215,1025,True,2199,Y,Y,Y,2,7,1,40,Friday,False,False,False,Phnom Penh International Airport,PNH
Kuala Lumpur International Airport,KUL,2024-07-06 08:50,Singapore Changi Airport,SIN,2024-07-06 10:00,70,Jetstar,First Class,525,335,,2199,Y,Y,Y,2,7,1,40,Saturday,False,False,False,Phnom Penh International Airport,PNH
Kuala Lumpur International Airport,KUL,2024-07-06 22:35,Singapore Changi Airport,SIN,2024-07-06 23:45,70,Jetstar,First Class,1140,950,True,2199,Y,Y,Y,2,7,1,40,Saturday,False,False,False,Phnom Penh International Airport,PNH
Kuala Lumpur International Airport,KUL,2024-07-07 08:50,Singapore Changi Airport,SIN,2024-07-07 10:00,70,Jetstar,First Class,525,335,,2199,Y,Y,Y,2,7,1,40,Sunday,False,True,False,Phnom Penh International Airport,PNH
Kuala Lumpur International Airport,KUL,2024-07-07 21:20,Singapore Changi Airport,SIN,2024-07-07 22:30,70,Jetstar,First Class,1215,1025,True,2199,Y,Y,Y,2,7,1,40,Sunday,False,True,False,Phnom Penh International Airport,PNH
Kuala Lumpur International Airport,KUL,2024-07-08 08:50,Singapore Changi Airport,SIN,2024-07-08 10:00,70,Jetstar,First Class,525,335,,2199,Y,Y,Y,2,7,1,40,Monday,False,True,False,Phnom Penh International Airport,PNH
Kuala Lumpur International Airport,KUL,2024-07-08 21:20,Singapore Changi Airport,SIN,2024-07-08 22:30,70,Jetstar,First Class,1215,1025,True,2199,Y,Y,Y,2,7,1,40,Monday,False,True,False,Phnom Penh International Airport,PNH
Kuala Lumpur International Airport,KUL,2024-07-09 08:50,Singapore Changi Airport,SIN,2024-07-09 10:00,70,Jetstar,First Class,525,335,,2199,Y,Y,Y,2,7,1,40,Tuesday,False,False,False,Phnom Penh International Airport,PNH
Kuala Lumpur International Airport,KUL,2024-07-09 21:20,Singapore Changi Airport,SIN,2024-07-09 22:30,70,Jetstar,First Class,1215,1025,True,2199,Y,Y,Y,2,7,1,40,Tuesday,False,False,False,Phnom Penh International Airport,PNH
Kuala Lumpur International Airport,KUL,2024-07-10 08:50,Singapore Changi Airport,SIN,2024-07-10 10:00,70,Jetstar,First Class,525,335,,2199,Y,Y,Y,2,7,1,40,Wednesday,False,False,False,Phnom Penh International Airport,PNH
Kuala Lumpur International Airport,KUL,2024-07-10 21:20,Singapore Changi Airport,SIN,2024-07-10 22:30,70,Jetstar,First Class,1215,1025,True,2199,Y,Y,Y,2,7,1,40,Wednesday,False,False,False,Phnom Penh International Airport,PNH
Kuala Lumpur International Airport,KUL,2024-07-11 08:50,Singapore Changi Airport,SIN,2024-07-11 10:00,70,Jetstar,First Class,525,335,,2199,Y,Y,Y,2,7,1,40,Thursday,False,False,False,Phnom Penh International Airport,PNH
Kuala Lumpur International Airport,KUL,2024-07-11 21:20,Singapore Changi Airport,SIN,2024-07-11 22:30,70,Jetstar,First Class,1215,1025,True,2199,Y,Y,Y,2,7,1,40,Thursday,False,False,False,Phnom Penh International Airport,PNH
Kuala Lumpur International Airport,KUL,2024-07-12 08:50,Singapore Changi Airport,SIN,2024-07-12 10:00,70,Jetstar,First Class,525,335,,2199,Y,Y,Y,2,7,1,40,Friday,False,False,False,Phnom Penh International Airport,PNH
Kuala Lumpur International Airport,KUL,2024-07-12 21:20,Singapore Changi Airport,SIN,2024-07-12 22:30,70,Jetstar,First Class,1215,1025,True,2199,Y,Y,Y,2,7,1,40,Friday,False,False,False,Phnom Penh International Airport,PNH
Kuala Lumpur International Airport,KUL,2024-07-13 08:50,Singapore Changi Airport,SIN,2024-07-13 10:00,70,Jetstar,First Class,525,335,,2199,Y,Y,Y,2,7,1,40,Saturday,False,False,False,Phnom Penh International Airport,PNH
Kuala Lumpur International Airport,KUL,2024-07-13 22:35,Singapore Changi Airport,SIN,2024-07-13 23:45,70,Jetstar,First Class,1140,950,True,2199,Y,Y,Y,2,7,1,40,Saturday,False,False,False,Phnom Penh International Airport,PNH
Kuala Lumpur International Airport,KUL,2024-07-14 08:50,Singapore Changi Airport,SIN,2024-07-14 10:00,70,Jetstar,First Class,525,335,,2199,Y,Y,Y,2,7,1,40,Sunday,False,False,False,Phnom Penh International Airport,PNH
Kuala Lumpur International Airport,KUL,2024-07-14 21:20,Singapore Changi Airport,SIN,2024-07-14 22:30,70,Jetstar,First Class,1215,1025,True,2199,Y,Y,Y,2,7,1,40,Sunday,False,False,False,Phnom Penh International Airport,PNH
Kuala Lumpur International Airport,KUL,2024-07-15 08:50,Singapore Changi Airport,SIN,2024-07-15 10:00,70,Jetstar,First Class,525,335,,2199,Y,Y,Y,2,7,1,40,Monday,False,False,False,Phnom Penh International Airport,PNH
Kuala Lumpur International Airport,KUL,2024-07-15 21:20,Singapore Changi Airport,SIN,2024-07-15 22:30,70,Jetstar,First Class,1215,1025,True,2199,Y,Y,Y,2,7,1,40,Monday,False,False,False,Phnom Penh International Airport,PNH
Kuala Lumpur International Airport,KUL,2024-07-16 08:50,Singapore Changi Airport,SIN,2024-07-16 10:00,70,Jetstar,First Class,525,335,,2199,Y,Y,Y,2,7,1,40,Tuesday,False,False,False,Phnom Penh International Airport,PNH
Kuala Lumpur International Airport,KUL,2024-07-16 21:20,Singapore Changi Airport,SIN,2024-07-16 22:30,70,Jetstar,First Class,1215,1025,True,2199,Y,Y,Y,2,7,1,40,Tuesday,False,False,False,Phnom Penh International Airport,PNH
Kuala Lumpur International Airport,KUL,2024-07-17 08:50,Singapore Changi Airport,SIN,2024-07-17 10:00,70,Jetstar,First Class,525,335,,2199,Y,Y,Y,2,7,1,40,Wednesday,False,False,False,Phnom Penh International Airport,PNH
Kuala Lumpur International Airport,KUL,2024-07-17 21:20,Singapore Changi Airport,SIN,2024-07-17 22:30,70,Jetstar,First Class,1215,1025,True,2199,Y,Y,Y,2,7,1,40,Wednesday,False,False,False,Phnom Penh International Airport,PNH
Kuala Lumpur International Airport,KUL,2024-07-18 08:50,Singapore Changi Airport,SIN,2024-07-18 10:00,70,Jetstar,First Class,525,335,,2199,Y,Y,Y,2,7,1,40,Thursday,False,False,False,Phnom Penh International Airport,PNH
Kuala Lumpur International Airport,KUL,2024-07-18 21:20,Singapore Changi Airport,SIN,2024-07-18 22:30,70,Jetstar,First Class,1215,1025,True,2199,Y,Y,Y,2,7,1,40,Thursday,False,False,False,Phnom Penh International Airport,PNH
Kuala Lumpur International Airport,KUL,2024-07-19 08:50,Singapore Changi Airport,SIN,2024-07-19 10:00,70,Jetstar,First Class,525,335,,2199,Y,Y,Y,2,7,1,40,Friday,False,False,False,Phnom Penh International Airport,PNH
Kuala Lumpur International Airport,KUL,2024-07-19 21:20,Singapore Changi Airport,SIN,2024-07-19 22:30,70,Jetstar,First Class,1215,1025,True,2199,Y,Y,Y,2,7,1,40,Friday,False,False,False,Phnom Penh International Airport,PNH
Kuala Lumpur International Airport,KUL,2024-07-20 08:50,Singapore Changi Airport,SIN,2024-07-20 10:00,70,Jetstar,First Class,525,335,,2199,Y,Y,Y,2,7,1,40,Saturday,False,False,False,Phnom Penh International Airport,PNH
Kuala Lumpur International Airport,KUL,2024-07-20 22:35,Singapore Changi Airport,SIN,2024-07-20 23:45,70,Jetstar,First Class,1140,950,True,2199,Y,Y,Y,2,7,1,40,Saturday,False,False,False,Phnom Penh International Airport,PNH
Kuala Lumpur International Airport,KUL,2024-07-21 08:50,Singapore Changi Airport,SIN,2024-07-21 10:00,70,Jetstar,First Class,525,335,,2199,Y,Y,Y,2,7,1,40,Sunday,False,False,False,Phnom Penh International Airport,PNH
Kuala Lumpur International Airport,KUL,2024-07-21 21:20,Singapore Changi Airport,SIN,2024-07-21 22:30,70,Jetstar,First Class,1215,1025,True,2199,Y,Y,Y,2,7,1,40,Sunday,False,False,False,Phnom Penh International Airport,PNH
Kuala Lumpur International Airport,KUL,2024-07-22 08:50,Singapore Changi Airport,SIN,2024-07-22 10:00,70,Jetstar,First Class,525,335,,2199,Y,Y,Y,2,7,1,40,Monday,False,False,False,Phnom Penh International Airport,PNH
Kuala Lumpur International Airport,KUL,2024-07-22 21:20,Singapore Changi Airport,SIN,2024-07-22 22:30,70,Jetstar,First Class,1215,1025,True,2199,Y,Y,Y,2,7,1,40,Monday,False,False,False,Phnom Penh International Airport,PNH
Kuala Lumpur International Airport,KUL,2024-07-23 08:50,Singapore Changi Airport,SIN,2024-07-23 10:00,70,Jetstar,First Class,525,335,,2199,Y,Y,Y,2,7,1,40,Tuesday,False,False,False,Phnom Penh International Airport,PNH
Kuala Lumpur International Airport,KUL,2024-07-23 21:20,Singapore Changi Airport,SIN,2024-07-23 22:30,70,Jetstar,First Class,1215,1025,True,2199,Y,Y,Y,2,7,1,40,Tuesday,False,False,False,Phnom Penh International Airport,PNH
Kuala Lumpur International Airport,KUL,2024-07-24 08:50,Singapore Changi Airport,SIN,2024-07-24 10:00,70,Jetstar,First Class,525,335,,2199,Y,Y,Y,2,7,1,40,Wednesday,False,False,False,Phnom Penh International Airport,PNH
Kuala Lumpur International Airport,KUL,2024-07-24 21:20,Singapore Changi Airport,SIN,2024-07-24 22:30,70,Jetstar,First Class,1215,1025,True,2199,Y,Y,Y,2,7,1,40,Wednesday,False,False,False,Phnom Penh International Airport,PNH
Kuala Lumpur International Airport,KUL,2024-07-25 08:50,Singapore Changi Airport,SIN,2024-07-25 10:00,70,Jetstar,First Class,525,335,,2199,Y,Y,Y,2,7,1,40,Thursday,False,False,False,Phnom Penh International Airport,PNH
Kuala Lumpur International Airport,KUL,2024-07-25 21:20,Singapore Changi Airport,SIN,2024-07-25 22:30,70,Jetstar,First Class,1215,1025,True,2199,Y,Y,Y,2,7,1,40,Thursday,False,False,False,Phnom Penh International Airport,PNH
Kuala Lumpur International Airport,KUL,2024-07-26 08:50,Singapore Changi Airport,SIN,2024-07-26 10:00,70,Jetstar,First Class,525,335,,2199,Y,Y,Y,2,7,1,40,Friday,False,False,False,Phnom Penh International Airport,PNH
Kuala Lumpur International Airport,KUL,2024-07-26 21:20,Singapore Changi Airport,SIN,2024-07-26 22:30,70,Jetstar,First Class,1215,1025,True,2199,Y,Y,Y,2,7,1,40,Friday,False,False,False,Phnom Penh International Airport,PNH
Kuala Lumpur International Airport,KUL,2024-07-27 08:50,Singapore Changi Airport,SIN,2024-07-27 10:00,70,Jetstar,First Class,525,335,,2199,Y,Y,Y,2,7,1,40,Saturday,False,False,False,Phnom Penh International Airport,PNH
Kuala Lumpur International Airport,KUL,2024-07-27 22:35,Singapore Changi Airport,SIN,2024-07-27 23:45,70,Jetstar,First Class,1140,950,True,2199,Y,Y,Y,2,7,1,40,Saturday,False,False,False,Phnom Penh International Airport,PNH
Kuala Lumpur International Airport,KUL,2024-07-28 08:50,Singapore Changi Airport,SIN,2024-07-28 10:00,70,Jetstar,First Class,525,335,,2199,Y,Y,Y,2,7,1,40,Sunday,False,False,False,Phnom Penh International Airport,PNH
Kuala Lumpur International Airport,KUL,2024-07-28 21:20,Singapore Changi Airport,SIN,2024-07-28 22:30,70,Jetstar,First Class,1215,1025,True,2199,Y,Y,Y,2,7,1,40,Sunday,False,False,False,Phnom Penh International Airport,PNH
Kuala Lumpur International Airport,KUL,2024-07-29 08:50,Singapore Changi Airport,SIN,2024-07-29 10:00,70,Jetstar,First Class,525,335,,2199,Y,Y,Y,2,7,1,40,Monday,False,False,False,Phnom Penh International Airport,PNH
Kuala Lumpur International Airport,KUL,2024-07-29 21:20,Singapore Changi Airport,SIN,2024-07-29 22:30,70,Jetstar,First Class,1215,1025,True,2199,Y,Y,Y,2,7,1,40,Monday,False,False,False,Phnom Penh International Airport,PNH
Kuala Lumpur International Airport,KUL,2024-07-30 08:50,Singapore Changi Airport,SIN,2024-07-30 10:00,70,Jetstar,First Class,525,335,,2199,Y,Y,Y,2,7,1,40,Tuesday,False,False,False,Phnom Penh International Airport,PNH
Kuala Lumpur International Airport,KUL,2024-07-30 21:20,Singapore Changi Airport,SIN,2024-07-30 22:30,70,Jetstar,First Class,1215,1025,True,2199,Y,Y,Y,2,7,1,40,Tuesday,False,False,False,Phnom Penh International Airport,PNH
Kuala Lumpur International Airport,KUL,2024-07-31 08:50,Singapore Changi Airport,SIN,2024-07-31 10:00,70,Jetstar,First Class,525,335,,2199,Y,Y,Y,2,7,1,40,Wednesday,False,False,False,Phnom Penh International Airport,PNH
Kuala Lumpur International Airport,KUL,2024-07-31 21:20,Singapore Changi Airport,SIN,2024-07-31 22:30,70,Jetstar,First Class,1215,1025,True,2199,Y,Y,Y,2,7,1,40,Wednesday,False,False,False,Phnom Penh International Airport,PNH
