Departure Airport Name,Departure Airport ID,Departure Time,Arrival Airport Name,Arrival Airport ID,Arrival Time,Duration,Airline,Travel Class,Total Duration,Layover 1 Duration,Layover 1 Overnight,Price, Cabin Baggage, Checked Baggage,Meal Included,Cabin Baggage (Number),Cabin Baggage (kg per piece),Checked Baggage (Number),Checked Baggage (kg per piece) ,Day of Week (on flight date),Overnight Flight,Departure Country Is Holiday,Arrival Country Is Holiday,Final Arrival Airport Name,Final Arrival Airport ID
Phnom Penh International Airport,PNH,2024-07-01 20:50,Singapore Changi Airport,SIN,2024-07-01 23:50,120,Emirates,First Class,120,,,1661,Y,Y,Y,2,7,2,32,Monday,False,False,False,Singapore Changi Airport,SIN
Phnom Penh International Airport,PNH,2024-07-02 20:50,Singapore Changi Airport,SIN,2024-07-02 23:50,120,Emirates,First Class,120,,,1661,Y,Y,Y,2,7,2,32,Tuesday,False,False,False,Singapore Changi Airport,SIN
Phnom Penh International Airport,PNH,2024-07-03 20:50,Singapore Changi Airport,SIN,2024-07-03 23:50,120,Emirates,First Class,120,,,1661,Y,Y,Y,2,7,2,32,Wednesday,False,False,False,Singapore Changi Airport,SIN
Phnom Penh International Airport,PNH,2024-07-04 20:50,Singapore Changi Airport,SIN,2024-07-04 23:50,120,Emirates,First Class,120,,,1661,Y,Y,Y,2,7,2,32,Thursday,False,False,False,Singapore Changi Airport,SIN
Phnom Penh International Airport,PNH,2024-07-05 20:50,Singapore Changi Airport,SIN,2024-07-05 23:50,120,Emirates,First Class,120,,,1661,Y,Y,Y,2,7,2,32,Friday,False,False,False,Singapore Changi Airport,SIN
Phnom Penh International Airport,PNH,2024-07-06 20:50,Singapore Changi Airport,SIN,2024-07-06 23:50,120,Emirates,First Class,120,,,1661,Y,Y,Y,2,7,2,32,Saturday,False,False,False,Singapore Changi Airport,SIN
Phnom Penh International Airport,PNH,2024-07-07 20:50,Singapore Changi Airport,SIN,2024-07-07 23:50,120,Emirates,First Class,120,,,1661,Y,Y,Y,2,7,2,32,Sunday,False,False,False,Singapore Changi Airport,SIN
Phnom Penh International Airport,PNH,2024-07-08 20:50,Singapore Changi Airport,SIN,2024-07-08 23:50,120,Emirates,First Class,120,,,1661,Y,Y,Y,2,7,2,32,Monday,False,False,False,Singapore Changi Airport,SIN
Phnom Penh International Airport,PNH,2024-07-09 20:50,Singapore Changi Airport,SIN,2024-07-09 23:50,120,Emirates,First Class,120,,,1661,Y,Y,Y,2,7,2,32,Tuesday,False,False,False,Singapore Changi Airport,SIN
Phnom Penh International Airport,PNH,2024-07-10 20:50,Singapore Changi Airport,SIN,2024-07-10 23:50,120,Emirates,First Class,120,,,1661,Y,Y,Y,2,7,2,32,Wednesday,False,False,False,Singapore Changi Airport,SIN
Phnom Penh International Airport,PNH,2024-07-11 20:50,Singapore Changi Airport,SIN,2024-07-11 23:50,120,Emirates,First Class,120,,,1661,Y,Y,Y,2,7,2,32,Thursday,False,False,False,Singapore Changi Airport,SIN
Phnom Penh International Airport,PNH,2024-07-12 20:50,Singapore Changi Airport,SIN,2024-07-12 23:50,120,Emirates,First Class,120,,,1661,Y,Y,Y,2,7,2,32,Friday,False,False,False,Singapore Changi Airport,SIN
Phnom Penh International Airport,PNH,2024-07-13 20:50,Singapore Changi Airport,SIN,2024-07-13 23:50,120,Emirates,First Class,120,,,1661,Y,Y,Y,2,7,2,32,Saturday,False,False,False,Singapore Changi Airport,SIN
Phnom Penh International Airport,PNH,2024-07-14 20:50,Singapore Changi Airport,SIN,2024-07-14 23:50,120,Emirates,First Class,120,,,1661,Y,Y,Y,2,7,2,32,Sunday,False,False,False,Singapore Changi Airport,SIN
Phnom Penh International Airport,PNH,2024-07-15 20:50,Singapore Changi Airport,SIN,2024-07-15 23:50,120,Emirates,First Class,120,,,1661,Y,Y,Y,2,7,2,32,Monday,False,False,False,Singapore Changi Airport,SIN
Phnom Penh International Airport,PNH,2024-07-16 20:50,Singapore Changi Airport,SIN,2024-07-16 23:50,120,Emirates,First Class,120,,,1661,Y,Y,Y,2,7,2,32,Tuesday,False,False,False,Singapore Changi Airport,SIN
Phnom Penh International Airport,PNH,2024-07-17 20:50,Singapore Changi Airport,SIN,2024-07-17 23:50,120,Emirates,First Class,120,,,1661,Y,Y,Y,2,7,2,32,Wednesday,False,False,False,Singapore Changi Airport,SIN
Phnom Penh International Airport,PNH,2024-07-18 20:50,Singapore Changi Airport,SIN,2024-07-18 23:50,120,Emirates,First Class,120,,,1661,Y,Y,Y,2,7,2,32,Thursday,False,False,False,Singapore Changi Airport,SIN
Phnom Penh International Airport,PNH,2024-07-19 20:50,Singapore Changi Airport,SIN,2024-07-19 23:50,120,Emirates,First Class,120,,,1661,Y,Y,Y,2,7,2,32,Friday,False,False,False,Singapore Changi Airport,SIN
Phnom Penh International Airport,PNH,2024-07-20 20:50,Singapore Changi Airport,SIN,2024-07-20 23:50,120,Emirates,First Class,120,,,1661,Y,Y,Y,2,7,2,32,Saturday,False,False,False,Singapore Changi Airport,SIN
Phnom Penh International Airport,PNH,2024-07-21 20:50,Singapore Changi Airport,SIN,2024-07-21 23:50,120,Emirates,First Class,120,,,1661,Y,Y,Y,2,7,2,32,Sunday,False,False,False,Singapore Changi Airport,SIN
Phnom Penh International Airport,PNH,2024-07-22 20:50,Singapore Changi Airport,SIN,2024-07-22 23:50,120,Emirates,First Class,120,,,1661,Y,Y,Y,2,7,2,32,Monday,False,False,False,Singapore Changi Airport,SIN
Phnom Penh International Airport,PNH,2024-07-23 20:50,Singapore Changi Airport,SIN,2024-07-23 23:50,120,Emirates,First Class,120,,,1661,Y,Y,Y,2,7,2,32,Tuesday,False,False,False,Singapore Changi Airport,SIN
Phnom Penh International Airport,PNH,2024-07-24 20:50,Singapore Changi Airport,SIN,2024-07-24 23:50,120,Emirates,First Class,120,,,1661,Y,Y,Y,2,7,2,32,Wednesday,False,False,False,Singapore Changi Airport,SIN
Phnom Penh International Airport,PNH,2024-07-25 20:50,Singapore Changi Airport,SIN,2024-07-25 23:50,120,Emirates,First Class,120,,,1661,Y,Y,Y,2,7,2,32,Thursday,False,False,False,Singapore Changi Airport,SIN
Phnom Penh International Airport,PNH,2024-07-26 20:50,Singapore Changi Airport,SIN,2024-07-26 23:50,120,Emirates,First Class,120,,,1661,Y,Y,Y,2,7,2,32,Friday,False,False,False,Singapore Changi Airport,SIN
Phnom Penh International Airport,PNH,2024-07-27 20:50,Singapore Changi Airport,SIN,2024-07-27 23:50,120,Emirates,First Class,120,,,1661,Y,Y,Y,2,7,2,32,Saturday,False,False,False,Singapore Changi Airport,SIN
Phnom Penh International Airport,PNH,2024-07-28 20:50,Singapore Changi Airport,SIN,2024-07-28 23:50,120,Emirates,First Class,120,,,1661,Y,Y,Y,2,7,2,32,Sunday,False,False,False,Singapore Changi Airport,SIN
Phnom Penh International Airport,PNH,2024-07-29 20:50,Singapore Changi Airport,SIN,2024-07-29 23:50,120,Emirates,First Class,120,,,1661,Y,Y,Y,2,7,2,32,Monday,False,False,False,Singapore Changi Airport,SIN
Phnom Penh International Airport,PNH,2024-07-30 20:50,Singapore Changi Airport,SIN,2024-07-30 23:50,120,Emirates,First Class,120,,,1661,Y,Y,Y,2,7,2,32,Tuesday,False,False,False,Singapore Changi Airport,SIN
Phnom Penh International Airport,PNH,2024-07-31 20:50,Singapore Changi Airport,SIN,2024-07-31 23:50,120,Emirates,First Class,120,,,1661,Y,Y,Y,2,7,2,32,Wednesday,False,False,False,Singapore Changi Airport,SIN
Phnom Penh International Airport,PNH,2024-08-01 20:50,Singapore Changi Airport,SIN,2024-08-01 23:50,120,Emirates,First Class,120,,,1663,Y,Y,Y,2,7,2,32,Thursday,False,False,False,Singapore Changi Airport,SIN
Phnom Penh International Airport,PNH,2024-08-02 20:50,Singapore Changi Airport,SIN,2024-08-02 23:50,120,Emirates,First Class,120,,,1663,Y,Y,Y,2,7,2,32,Friday,False,False,False,Singapore Changi Airport,SIN
Phnom Penh International Airport,PNH,2024-08-03 20:50,Singapore Changi Airport,SIN,2024-08-03 23:50,120,Emirates,First Class,120,,,1663,Y,Y,Y,2,7,2,32,Saturday,False,False,False,Singapore Changi Airport,SIN
Phnom Penh International Airport,PNH,2024-08-04 20:50,Singapore Changi Airport,SIN,2024-08-04 23:50,120,Emirates,First Class,120,,,1663,Y,Y,Y,2,7,2,32,Sunday,False,False,False,Singapore Changi Airport,SIN
Phnom Penh International Airport,PNH,2024-08-05 20:50,Singapore Changi Airport,SIN,2024-08-05 23:50,120,Emirates,First Class,120,,,1663,Y,Y,Y,2,7,2,32,Monday,False,False,False,Singapore Changi Airport,SIN
Phnom Penh International Airport,PNH,2024-08-06 20:50,Singapore Changi Airport,SIN,2024-08-06 23:50,120,Emirates,First Class,120,,,1663,Y,Y,Y,2,7,2,32,Tuesday,False,False,False,Singapore Changi Airport,SIN
Phnom Penh International Airport,PNH,2024-08-07 20:50,Singapore Changi Airport,SIN,2024-08-07 23:50,120,Emirates,First Class,120,,,1663,Y,Y,Y,2,7,2,32,Wednesday,False,False,False,Singapore Changi Airport,SIN
Phnom Penh International Airport,PNH,2024-08-08 20:50,Singapore Changi Airport,SIN,2024-08-08 23:50,120,Emirates,First Class,120,,,1663,Y,Y,Y,2,7,2,32,Thursday,False,False,False,Singapore Changi Airport,SIN
Phnom Penh International Airport,PNH,2024-08-09 20:50,Singapore Changi Airport,SIN,2024-08-09 23:50,120,Emirates,First Class,120,,,1663,Y,Y,Y,2,7,2,32,Friday,False,False,True,Singapore Changi Airport,SIN
Phnom Penh International Airport,PNH,2024-08-10 20:50,Singapore Changi Airport,SIN,2024-08-10 23:50,120,Emirates,First Class,120,,,1663,Y,Y,Y,2,7,2,32,Saturday,False,False,False,Singapore Changi Airport,SIN
Phnom Penh International Airport,PNH,2024-08-11 20:50,Singapore Changi Airport,SIN,2024-08-11 23:50,120,Emirates,First Class,120,,,1663,Y,Y,Y,2,7,2,32,Sunday,False,False,False,Singapore Changi Airport,SIN
Phnom Penh International Airport,PNH,2024-08-12 20:50,Singapore Changi Airport,SIN,2024-08-12 23:50,120,Emirates,First Class,120,,,2114,Y,Y,Y,2,7,2,32,Monday,False,False,False,Singapore Changi Airport,SIN
Phnom Penh International Airport,PNH,2024-08-13 20:50,Singapore Changi Airport,SIN,2024-08-13 23:50,120,Emirates,First Class,120,,,1663,Y,Y,Y,2,7,2,32,Tuesday,False,False,False,Singapore Changi Airport,SIN
Phnom Penh International Airport,PNH,2024-08-14 20:50,Singapore Changi Airport,SIN,2024-08-14 23:50,120,Emirates,First Class,120,,,1663,Y,Y,Y,2,7,2,32,Wednesday,False,False,False,Singapore Changi Airport,SIN
Phnom Penh International Airport,PNH,2024-08-15 20:50,Singapore Changi Airport,SIN,2024-08-15 23:50,120,Emirates,First Class,120,,,1663,Y,Y,Y,2,7,2,32,Thursday,False,False,False,Singapore Changi Airport,SIN
Phnom Penh International Airport,PNH,2024-08-16 20:50,Singapore Changi Airport,SIN,2024-08-16 23:50,120,Emirates,First Class,120,,,1663,Y,Y,Y,2,7,2,32,Friday,False,False,False,Singapore Changi Airport,SIN
Phnom Penh International Airport,PNH,2024-08-17 20:50,Singapore Changi Airport,SIN,2024-08-17 23:50,120,Emirates,First Class,120,,,1663,Y,Y,Y,2,7,2,32,Saturday,False,False,False,Singapore Changi Airport,SIN
Phnom Penh International Airport,PNH,2024-08-18 20:50,Singapore Changi Airport,SIN,2024-08-18 23:50,120,Emirates,First Class,120,,,1663,Y,Y,Y,2,7,2,32,Sunday,False,False,False,Singapore Changi Airport,SIN
Phnom Penh International Airport,PNH,2024-08-19 20:50,Singapore Changi Airport,SIN,2024-08-19 23:50,120,Emirates,First Class,120,,,1663,Y,Y,Y,2,7,2,32,Monday,False,False,False,Singapore Changi Airport,SIN
Phnom Penh International Airport,PNH,2024-08-20 20:50,Singapore Changi Airport,SIN,2024-08-20 23:50,120,Emirates,First Class,120,,,1663,Y,Y,Y,2,7,2,32,Tuesday,False,False,False,Singapore Changi Airport,SIN
Phnom Penh International Airport,PNH,2024-08-21 20:50,Singapore Changi Airport,SIN,2024-08-21 23:50,120,Emirates,First Class,120,,,1663,Y,Y,Y,2,7,2,32,Wednesday,False,False,False,Singapore Changi Airport,SIN
Phnom Penh International Airport,PNH,2024-08-22 20:50,Singapore Changi Airport,SIN,2024-08-22 23:50,120,Emirates,First Class,120,,,1663,Y,Y,Y,2,7,2,32,Thursday,False,False,False,Singapore Changi Airport,SIN
Phnom Penh International Airport,PNH,2024-08-23 20:50,Singapore Changi Airport,SIN,2024-08-23 23:50,120,Emirates,First Class,120,,,1663,Y,Y,Y,2,7,2,32,Friday,False,False,False,Singapore Changi Airport,SIN
Phnom Penh International Airport,PNH,2024-08-24 20:50,Singapore Changi Airport,SIN,2024-08-24 23:50,120,Emirates,First Class,120,,,1663,Y,Y,Y,2,7,2,32,Saturday,False,False,False,Singapore Changi Airport,SIN
Phnom Penh International Airport,PNH,2024-08-25 20:50,Singapore Changi Airport,SIN,2024-08-25 23:50,120,Emirates,First Class,120,,,1663,Y,Y,Y,2,7,2,32,Sunday,False,False,False,Singapore Changi Airport,SIN
Phnom Penh International Airport,PNH,2024-08-26 20:50,Singapore Changi Airport,SIN,2024-08-26 23:50,120,Emirates,First Class,120,,,1663,Y,Y,Y,2,7,2,32,Monday,False,False,False,Singapore Changi Airport,SIN
Phnom Penh International Airport,PNH,2024-08-27 20:50,Singapore Changi Airport,SIN,2024-08-27 23:50,120,Emirates,First Class,120,,,1663,Y,Y,Y,2,7,2,32,Tuesday,False,False,False,Singapore Changi Airport,SIN
Phnom Penh International Airport,PNH,2024-08-28 20:50,Singapore Changi Airport,SIN,2024-08-28 23:50,120,Emirates,First Class,120,,,1663,Y,Y,Y,2,7,2,32,Wednesday,False,False,False,Singapore Changi Airport,SIN
Phnom Penh International Airport,PNH,2024-08-29 20:50,Singapore Changi Airport,SIN,2024-08-29 23:50,120,Emirates,First Class,120,,,1663,Y,Y,Y,2,7,2,32,Thursday,False,False,False,Singapore Changi Airport,SIN
Phnom Penh International Airport,PNH,2024-08-30 20:50,Singapore Changi Airport,SIN,2024-08-30 23:50,120,Emirates,First Class,120,,,1663,Y,Y,Y,2,7,2,32,Friday,False,False,False,Singapore Changi Airport,SIN
Phnom Penh International Airport,PNH,2024-08-31 20:50,Singapore Changi Airport,SIN,2024-08-31 23:50,120,Emirates,First Class,120,,,1663,Y,Y,Y,2,7,2,32,Saturday,False,False,False,Singapore Changi Airport,SIN
