Departure Airport Name,Departure Airport ID,Departure Time,Arrival Airport Name,Arrival Airport ID,Arrival Time,Duration,Airline,Travel Class,Total Duration,Layover 1 Duration,Layover 1 Overnight,Price, Cabin Baggage, Checked Baggage,Meal Included,Cabin Baggage (Number),Cabin Baggage (kg per piece),Checked Baggage (Number),Checked Baggage (kg per piece) ,Day of Week (on flight date),Overnight Flight,Departure Country Is Holiday,Arrival Country Is Holiday,Final Arrival Airport Name,Final Arrival Airport ID
Singapore Changi Airport,SIN,2024-07-01 09:40,Hong Kong International Airport,HKG,2024-07-01 13:55,255,Singapore Airlines,First Class,655,260,,4494,Y,Y,Y,2,7,1,50,Monday,False,False,False,Ninoy Aquino International Airport,MNL
Singapore Changi Airport,SIN,2024-07-01 09:40,Hong Kong International Airport,HKG,2024-07-01 13:55,255,Singapore Airlines,First Class,565,165,,4553,Y,Y,Y,2,7,1,50,Monday,False,False,False,Ninoy Aquino International Airport,MNL
Singapore Changi Airport,SIN,2024-07-01 14:00,Taiwan Taoyuan International Airport,TPE,2024-07-01 18:50,290,STARLUX,First Class,530,100,,5045,Y,Y,Y,2,10,3,32,Monday,False,False,False,Ninoy Aquino International Airport,MNL
Singapore Changi Airport,SIN,2024-07-01 09:40,Hong Kong International Airport,HKG,2024-07-01 13:55,255,Singapore Airlines,First Class,795,395,,3842,Y,Y,Y,2,7,1,50,Monday,False,False,False,Ninoy Aquino International Airport,MNL
Singapore Changi Airport,SIN,2024-07-01 22:50,Haneda Airport,HND,2024-07-02 06:45,415,Singapore Airlines,First Class,880,180,,9195,Y,Y,Y,2,7,1,50,Monday,True,False,False,Ninoy Aquino International Airport,MNL
Singapore Changi Airport,SIN,2024-07-02 14:00,Taiwan Taoyuan International Airport,TPE,2024-07-02 18:50,290,STARLUX,First Class,530,100,,5045,Y,Y,Y,2,10,3,32,Tuesday,False,False,False,Ninoy Aquino International Airport,MNL
Singapore Changi Airport,SIN,2024-07-02 16:35,Shanghai Pudong International Airport,PVG,2024-07-02 22:05,330,China Eastern,First Class,810,255,True,6265,Y,Y,Y,2,10,2,40,Tuesday,False,False,False,Ninoy Aquino International Airport,MNL
Singapore Changi Airport,SIN,2024-07-02 22:50,Haneda Airport,HND,2024-07-03 06:45,415,Singapore Airlines,First Class,880,180,,9195,Y,Y,Y,2,7,1,50,Tuesday,True,False,False,Ninoy Aquino International Airport,MNL
Singapore Changi Airport,SIN,2024-07-03 09:40,Hong Kong International Airport,HKG,2024-07-03 13:55,255,Singapore Airlines,First Class,650,260,,4494,Y,Y,Y,2,7,1,50,Wednesday,False,False,False,Ninoy Aquino International Airport,MNL
Singapore Changi Airport,SIN,2024-07-03 09:40,Hong Kong International Airport,HKG,2024-07-03 13:55,255,Singapore Airlines,First Class,565,165,,4553,Y,Y,Y,2,7,1,50,Wednesday,False,False,False,Ninoy Aquino International Airport,MNL
Singapore Changi Airport,SIN,2024-07-03 14:00,Taiwan Taoyuan International Airport,TPE,2024-07-03 18:50,290,STARLUX,First Class,530,100,,5045,Y,Y,Y,2,10,3,32,Wednesday,False,False,False,Ninoy Aquino International Airport,MNL
Singapore Changi Airport,SIN,2024-07-03 22:50,Haneda Airport,HND,2024-07-04 06:45,415,Singapore Airlines,First Class,880,180,,9195,Y,Y,Y,2,7,1,50,Wednesday,True,False,False,Ninoy Aquino International Airport,MNL
Singapore Changi Airport,SIN,2024-07-04 09:40,Hong Kong International Airport,HKG,2024-07-04 13:55,255,Singapore Airlines,First Class,655,260,,4494,Y,Y,Y,2,7,1,50,Thursday,False,False,False,Ninoy Aquino International Airport,MNL
Singapore Changi Airport,SIN,2024-07-04 09:40,Hong Kong International Airport,HKG,2024-07-04 13:55,255,Singapore Airlines,First Class,565,165,,4553,Y,Y,Y,2,7,1,50,Thursday,False,False,False,Ninoy Aquino International Airport,MNL
Singapore Changi Airport,SIN,2024-07-04 14:00,Taiwan Taoyuan International Airport,TPE,2024-07-04 18:50,290,STARLUX,First Class,530,100,,5045,Y,Y,Y,2,10,3,32,Thursday,False,False,False,Ninoy Aquino International Airport,MNL
Singapore Changi Airport,SIN,2024-07-04 22:50,Haneda Airport,HND,2024-07-05 06:45,415,Singapore Airlines,First Class,880,180,,10316,Y,Y,Y,2,7,1,50,Thursday,True,False,False,Ninoy Aquino International Airport,MNL
Singapore Changi Airport,SIN,2024-07-05 09:40,Hong Kong International Airport,HKG,2024-07-05 13:55,255,Singapore Airlines,First Class,655,260,,4494,Y,Y,Y,2,7,1,50,Friday,False,False,False,Ninoy Aquino International Airport,MNL
Singapore Changi Airport,SIN,2024-07-05 09:40,Hong Kong International Airport,HKG,2024-07-05 13:55,255,Singapore Airlines,First Class,565,165,,4553,Y,Y,Y,2,7,1,50,Friday,False,False,False,Ninoy Aquino International Airport,MNL
Singapore Changi Airport,SIN,2024-07-05 14:00,Taiwan Taoyuan International Airport,TPE,2024-07-05 18:50,290,STARLUX,First Class,530,100,,5045,Y,Y,Y,2,10,3,32,Friday,False,False,False,Ninoy Aquino International Airport,MNL
Singapore Changi Airport,SIN,2024-07-05 22:50,Haneda Airport,HND,2024-07-06 06:45,415,Singapore Airlines,First Class,880,180,,10316,Y,Y,Y,2,7,1,50,Friday,True,False,False,Ninoy Aquino International Airport,MNL
Singapore Changi Airport,SIN,2024-07-06 09:40,Hong Kong International Airport,HKG,2024-07-06 13:55,255,Singapore Airlines,First Class,565,165,,3842,Y,Y,Y,2,7,1,50,Saturday,False,False,False,Ninoy Aquino International Airport,MNL
Singapore Changi Airport,SIN,2024-07-06 09:40,Hong Kong International Airport,HKG,2024-07-06 13:55,255,Singapore Airlines,First Class,655,260,,3899,Y,Y,Y,2,7,1,50,Saturday,False,False,False,Ninoy Aquino International Airport,MNL
Singapore Changi Airport,SIN,2024-07-06 14:00,Taiwan Taoyuan International Airport,TPE,2024-07-06 18:50,290,STARLUX,First Class,530,100,,5045,Y,Y,Y,2,10,3,32,Saturday,False,False,False,Ninoy Aquino International Airport,MNL
Singapore Changi Airport,SIN,2024-07-06 22:50,Haneda Airport,HND,2024-07-07 06:45,415,Singapore Airlines,First Class,880,180,,10452,Y,Y,Y,2,7,1,50,Saturday,True,False,False,Ninoy Aquino International Airport,MNL
Singapore Changi Airport,SIN,2024-07-07 09:40,Hong Kong International Airport,HKG,2024-07-07 13:55,255,Singapore Airlines,First Class,650,260,,4494,Y,Y,Y,2,7,1,50,Sunday,False,False,False,Ninoy Aquino International Airport,MNL
Singapore Changi Airport,SIN,2024-07-07 09:40,Hong Kong International Airport,HKG,2024-07-07 13:55,255,Singapore Airlines,First Class,565,165,,4553,Y,Y,Y,2,7,1,50,Sunday,False,False,False,Ninoy Aquino International Airport,MNL
Singapore Changi Airport,SIN,2024-07-07 14:00,Taiwan Taoyuan International Airport,TPE,2024-07-07 18:50,290,STARLUX,First Class,530,100,,5045,Y,Y,Y,2,10,3,32,Sunday,False,False,False,Ninoy Aquino International Airport,MNL
Singapore Changi Airport,SIN,2024-07-07 09:40,Hong Kong International Airport,HKG,2024-07-07 13:55,255,Singapore Airlines,First Class,795,395,,3842,Y,Y,Y,2,7,1,50,Sunday,False,False,False,Ninoy Aquino International Airport,MNL
Singapore Changi Airport,SIN,2024-07-07 22:50,Haneda Airport,HND,2024-07-08 06:45,415,Singapore Airlines,First Class,880,180,,10452,Y,Y,Y,2,7,1,50,Sunday,True,False,False,Ninoy Aquino International Airport,MNL
Singapore Changi Airport,SIN,2024-07-08 09:40,Hong Kong International Airport,HKG,2024-07-08 13:55,255,Singapore Airlines,First Class,655,260,,4494,Y,Y,Y,2,7,1,50,Monday,False,False,False,Ninoy Aquino International Airport,MNL
Singapore Changi Airport,SIN,2024-07-08 09:40,Hong Kong International Airport,HKG,2024-07-08 13:55,255,Singapore Airlines,First Class,565,165,,4553,Y,Y,Y,2,7,1,50,Monday,False,False,False,Ninoy Aquino International Airport,MNL
Singapore Changi Airport,SIN,2024-07-08 14:00,Taiwan Taoyuan International Airport,TPE,2024-07-08 18:50,290,STARLUX,First Class,530,100,,5045,Y,Y,Y,2,10,3,32,Monday,False,False,False,Ninoy Aquino International Airport,MNL
Singapore Changi Airport,SIN,2024-07-08 22:50,Haneda Airport,HND,2024-07-09 06:45,415,Singapore Airlines,First Class,880,180,,10316,Y,Y,Y,2,7,1,50,Monday,True,False,False,Ninoy Aquino International Airport,MNL
Singapore Changi Airport,SIN,2024-07-09 09:40,Hong Kong International Airport,HKG,2024-07-09 13:55,255,Singapore Airlines,First Class,650,260,,4494,Y,Y,Y,2,7,1,50,Tuesday,False,False,False,Ninoy Aquino International Airport,MNL
Singapore Changi Airport,SIN,2024-07-09 09:40,Hong Kong International Airport,HKG,2024-07-09 13:55,255,Singapore Airlines,First Class,565,165,,4553,Y,Y,Y,2,7,1,50,Tuesday,False,False,False,Ninoy Aquino International Airport,MNL
Singapore Changi Airport,SIN,2024-07-09 14:00,Taiwan Taoyuan International Airport,TPE,2024-07-09 18:50,290,STARLUX,First Class,530,100,,5045,Y,Y,Y,2,10,3,32,Tuesday,False,False,False,Ninoy Aquino International Airport,MNL
Singapore Changi Airport,SIN,2024-07-09 16:35,Shanghai Pudong International Airport,PVG,2024-07-09 22:05,330,China Eastern,First Class,810,255,True,6265,Y,Y,Y,2,10,2,40,Tuesday,False,False,False,Ninoy Aquino International Airport,MNL
Singapore Changi Airport,SIN,2024-07-09 22:50,Haneda Airport,HND,2024-07-10 06:45,415,Singapore Airlines,First Class,880,180,,10316,Y,Y,Y,2,7,1,50,Tuesday,True,False,False,Ninoy Aquino International Airport,MNL
Singapore Changi Airport,SIN,2024-07-10 09:40,Hong Kong International Airport,HKG,2024-07-10 13:55,255,Singapore Airlines,First Class,650,260,,4494,Y,Y,Y,2,7,1,50,Wednesday,False,False,False,Ninoy Aquino International Airport,MNL
Singapore Changi Airport,SIN,2024-07-10 09:40,Hong Kong International Airport,HKG,2024-07-10 13:55,255,Singapore Airlines,First Class,565,165,,4553,Y,Y,Y,2,7,1,50,Wednesday,False,False,False,Ninoy Aquino International Airport,MNL
Singapore Changi Airport,SIN,2024-07-10 14:00,Taiwan Taoyuan International Airport,TPE,2024-07-10 18:50,290,STARLUX,First Class,530,100,,5045,Y,Y,Y,2,10,3,32,Wednesday,False,False,False,Ninoy Aquino International Airport,MNL
Singapore Changi Airport,SIN,2024-07-10 22:50,Haneda Airport,HND,2024-07-11 06:45,415,Singapore Airlines,First Class,880,180,,10316,Y,Y,Y,2,7,1,50,Wednesday,True,False,False,Ninoy Aquino International Airport,MNL
Singapore Changi Airport,SIN,2024-07-11 09:40,Hong Kong International Airport,HKG,2024-07-11 13:55,255,Singapore Airlines,First Class,655,260,,4494,Y,Y,Y,2,7,1,50,Thursday,False,False,False,Ninoy Aquino International Airport,MNL
Singapore Changi Airport,SIN,2024-07-11 09:40,Hong Kong International Airport,HKG,2024-07-11 13:55,255,Singapore Airlines,First Class,565,165,,4553,Y,Y,Y,2,7,1,50,Thursday,False,False,False,Ninoy Aquino International Airport,MNL
Singapore Changi Airport,SIN,2024-07-11 14:00,Taiwan Taoyuan International Airport,TPE,2024-07-11 18:50,290,STARLUX,First Class,530,100,,5045,Y,Y,Y,2,10,3,32,Thursday,False,False,False,Ninoy Aquino International Airport,MNL
Singapore Changi Airport,SIN,2024-07-11 22:50,Haneda Airport,HND,2024-07-12 06:45,415,Singapore Airlines,First Class,880,180,,10316,Y,Y,Y,2,7,1,50,Thursday,True,False,False,Ninoy Aquino International Airport,MNL
Singapore Changi Airport,SIN,2024-07-12 09:40,Hong Kong International Airport,HKG,2024-07-12 13:55,255,Singapore Airlines,First Class,655,260,,4494,Y,Y,Y,2,7,1,50,Friday,False,False,False,Ninoy Aquino International Airport,MNL
Singapore Changi Airport,SIN,2024-07-12 09:40,Hong Kong International Airport,HKG,2024-07-12 13:55,255,Singapore Airlines,First Class,565,165,,4553,Y,Y,Y,2,7,1,50,Friday,False,False,False,Ninoy Aquino International Airport,MNL
Singapore Changi Airport,SIN,2024-07-12 14:00,Taiwan Taoyuan International Airport,TPE,2024-07-12 18:50,290,STARLUX,First Class,530,100,,5045,Y,Y,Y,2,10,3,32,Friday,False,False,False,Ninoy Aquino International Airport,MNL
Singapore Changi Airport,SIN,2024-07-12 09:40,Hong Kong International Airport,HKG,2024-07-12 13:55,255,Singapore Airlines,First Class,795,395,,3842,Y,Y,Y,2,7,1,50,Friday,False,False,False,Ninoy Aquino International Airport,MNL
Singapore Changi Airport,SIN,2024-07-12 22:50,Haneda Airport,HND,2024-07-13 06:45,415,Singapore Airlines,First Class,880,180,,10316,Y,Y,Y,2,7,1,50,Friday,True,False,False,Ninoy Aquino International Airport,MNL
Singapore Changi Airport,SIN,2024-07-13 09:40,Hong Kong International Airport,HKG,2024-07-13 13:55,255,Singapore Airlines,First Class,795,395,,3842,Y,Y,Y,2,7,1,50,Saturday,False,False,False,Ninoy Aquino International Airport,MNL
Singapore Changi Airport,SIN,2024-07-13 09:40,Hong Kong International Airport,HKG,2024-07-13 13:55,255,Singapore Airlines,First Class,655,260,,4494,Y,Y,Y,2,7,1,50,Saturday,False,False,False,Ninoy Aquino International Airport,MNL
Singapore Changi Airport,SIN,2024-07-13 09:40,Hong Kong International Airport,HKG,2024-07-13 13:55,255,Singapore Airlines,First Class,565,165,,4553,Y,Y,Y,2,7,1,50,Saturday,False,False,False,Ninoy Aquino International Airport,MNL
Singapore Changi Airport,SIN,2024-07-13 22:50,Haneda Airport,HND,2024-07-14 06:45,415,Singapore Airlines,First Class,880,180,,10452,Y,Y,Y,2,7,1,50,Saturday,True,False,False,Ninoy Aquino International Airport,MNL
Singapore Changi Airport,SIN,2024-07-14 09:40,Hong Kong International Airport,HKG,2024-07-14 13:55,255,Singapore Airlines,First Class,650,260,,4494,Y,Y,Y,2,7,1,50,Sunday,False,False,False,Ninoy Aquino International Airport,MNL
Singapore Changi Airport,SIN,2024-07-14 09:40,Hong Kong International Airport,HKG,2024-07-14 13:55,255,Singapore Airlines,First Class,565,165,,4553,Y,Y,Y,2,7,1,50,Sunday,False,False,False,Ninoy Aquino International Airport,MNL
Singapore Changi Airport,SIN,2024-07-14 14:00,Taiwan Taoyuan International Airport,TPE,2024-07-14 18:50,290,STARLUX,First Class,530,100,,5045,Y,Y,Y,2,10,3,32,Sunday,False,False,False,Ninoy Aquino International Airport,MNL
Singapore Changi Airport,SIN,2024-07-14 22:50,Haneda Airport,HND,2024-07-15 06:45,415,Singapore Airlines,First Class,880,180,,10452,Y,Y,Y,2,7,1,50,Sunday,True,False,False,Ninoy Aquino International Airport,MNL
Singapore Changi Airport,SIN,2024-07-15 09:40,Hong Kong International Airport,HKG,2024-07-15 13:55,255,Singapore Airlines,First Class,655,260,,4494,Y,Y,Y,2,7,1,50,Monday,False,False,False,Ninoy Aquino International Airport,MNL
Singapore Changi Airport,SIN,2024-07-15 09:40,Hong Kong International Airport,HKG,2024-07-15 13:55,255,Singapore Airlines,First Class,565,165,,4553,Y,Y,Y,2,7,1,50,Monday,False,False,False,Ninoy Aquino International Airport,MNL
Singapore Changi Airport,SIN,2024-07-15 14:00,Taiwan Taoyuan International Airport,TPE,2024-07-15 18:50,290,STARLUX,First Class,530,100,,5045,Y,Y,Y,2,10,3,32,Monday,False,False,False,Ninoy Aquino International Airport,MNL
Singapore Changi Airport,SIN,2024-07-15 22:50,Haneda Airport,HND,2024-07-16 06:45,415,Singapore Airlines,First Class,880,180,,10316,Y,Y,Y,2,7,1,50,Monday,True,False,False,Ninoy Aquino International Airport,MNL
Singapore Changi Airport,SIN,2024-07-16 09:40,Hong Kong International Airport,HKG,2024-07-16 13:55,255,Singapore Airlines,First Class,650,260,,4494,Y,Y,Y,2,7,1,50,Tuesday,False,False,False,Ninoy Aquino International Airport,MNL
Singapore Changi Airport,SIN,2024-07-16 09:40,Hong Kong International Airport,HKG,2024-07-16 13:55,255,Singapore Airlines,First Class,565,165,,4553,Y,Y,Y,2,7,1,50,Tuesday,False,False,False,Ninoy Aquino International Airport,MNL
Singapore Changi Airport,SIN,2024-07-16 14:00,Taiwan Taoyuan International Airport,TPE,2024-07-16 18:50,290,STARLUX,First Class,530,100,,5045,Y,Y,Y,2,10,3,32,Tuesday,False,False,False,Ninoy Aquino International Airport,MNL
Singapore Changi Airport,SIN,2024-07-16 16:35,Shanghai Pudong International Airport,PVG,2024-07-16 22:05,330,China Eastern,First Class,810,255,True,6570,Y,Y,Y,2,10,2,40,Tuesday,False,False,False,Ninoy Aquino International Airport,MNL
Singapore Changi Airport,SIN,2024-07-17 09:40,Hong Kong International Airport,HKG,2024-07-17 13:55,255,Singapore Airlines,First Class,650,260,,4494,Y,Y,Y,2,7,1,50,Wednesday,False,False,False,Ninoy Aquino International Airport,MNL
Singapore Changi Airport,SIN,2024-07-17 09:40,Hong Kong International Airport,HKG,2024-07-17 13:55,255,Singapore Airlines,First Class,565,165,,4553,Y,Y,Y,2,7,1,50,Wednesday,False,False,False,Ninoy Aquino International Airport,MNL
Singapore Changi Airport,SIN,2024-07-18 22:50,Haneda Airport,HND,2024-07-19 06:45,415,Singapore Airlines,First Class,880,180,,10316,Y,Y,Y,2,7,1,50,Thursday,True,False,False,Ninoy Aquino International Airport,MNL
Singapore Changi Airport,SIN,2024-07-19 09:40,Hong Kong International Airport,HKG,2024-07-19 13:55,255,Singapore Airlines,First Class,655,260,,4494,Y,Y,Y,2,7,1,50,Friday,False,False,False,Ninoy Aquino International Airport,MNL
Singapore Changi Airport,SIN,2024-07-19 09:40,Hong Kong International Airport,HKG,2024-07-19 13:55,255,Singapore Airlines,First Class,565,165,,4553,Y,Y,Y,2,7,1,50,Friday,False,False,False,Ninoy Aquino International Airport,MNL
Singapore Changi Airport,SIN,2024-07-19 14:00,Taiwan Taoyuan International Airport,TPE,2024-07-19 18:50,290,STARLUX,First Class,530,100,,5045,Y,Y,Y,2,10,3,32,Friday,False,False,False,Ninoy Aquino International Airport,MNL
Singapore Changi Airport,SIN,2024-07-19 22:50,Haneda Airport,HND,2024-07-20 06:45,415,Singapore Airlines,First Class,880,180,,10316,Y,Y,Y,2,7,1,50,Friday,True,False,False,Ninoy Aquino International Airport,MNL
Singapore Changi Airport,SIN,2024-07-20 09:40,Hong Kong International Airport,HKG,2024-07-20 13:55,255,Singapore Airlines,First Class,655,260,,4494,Y,Y,Y,2,7,1,50,Saturday,False,False,False,Ninoy Aquino International Airport,MNL
Singapore Changi Airport,SIN,2024-07-20 09:40,Hong Kong International Airport,HKG,2024-07-20 13:55,255,Singapore Airlines,First Class,565,165,,4553,Y,Y,Y,2,7,1,50,Saturday,False,False,False,Ninoy Aquino International Airport,MNL
Singapore Changi Airport,SIN,2024-07-20 14:00,Taiwan Taoyuan International Airport,TPE,2024-07-20 18:50,290,STARLUX,First Class,530,100,,5045,Y,Y,Y,2,10,3,32,Saturday,False,False,False,Ninoy Aquino International Airport,MNL
Singapore Changi Airport,SIN,2024-07-21 22:50,Haneda Airport,HND,2024-07-22 06:45,415,Singapore Airlines,First Class,880,180,,10452,Y,Y,Y,2,7,1,50,Sunday,True,False,False,Ninoy Aquino International Airport,MNL
Singapore Changi Airport,SIN,2024-07-22 09:40,Hong Kong International Airport,HKG,2024-07-22 13:55,255,Singapore Airlines,First Class,795,395,,3842,Y,Y,Y,2,7,1,50,Monday,False,False,False,Ninoy Aquino International Airport,MNL
Singapore Changi Airport,SIN,2024-07-22 09:40,Hong Kong International Airport,HKG,2024-07-22 13:55,255,Singapore Airlines,First Class,655,260,,4494,Y,Y,Y,2,7,1,50,Monday,False,False,False,Ninoy Aquino International Airport,MNL
Singapore Changi Airport,SIN,2024-07-22 09:40,Hong Kong International Airport,HKG,2024-07-22 13:55,255,Singapore Airlines,First Class,565,165,,4553,Y,Y,Y,2,7,1,50,Monday,False,False,False,Ninoy Aquino International Airport,MNL
Singapore Changi Airport,SIN,2024-07-22 22:50,Haneda Airport,HND,2024-07-23 06:45,415,Singapore Airlines,First Class,880,180,,10316,Y,Y,Y,2,7,1,50,Monday,True,False,False,Ninoy Aquino International Airport,MNL
Singapore Changi Airport,SIN,2024-07-23 09:40,Hong Kong International Airport,HKG,2024-07-23 13:55,255,Singapore Airlines,First Class,650,260,,4494,Y,Y,Y,2,7,1,50,Tuesday,False,False,False,Ninoy Aquino International Airport,MNL
Singapore Changi Airport,SIN,2024-07-23 09:40,Hong Kong International Airport,HKG,2024-07-23 13:55,255,Singapore Airlines,First Class,565,165,,4553,Y,Y,Y,2,7,1,50,Tuesday,False,False,False,Ninoy Aquino International Airport,MNL
Singapore Changi Airport,SIN,2024-07-23 14:00,Taiwan Taoyuan International Airport,TPE,2024-07-23 18:50,290,STARLUX,First Class,530,100,,5045,Y,Y,Y,2,10,3,32,Tuesday,False,False,False,Ninoy Aquino International Airport,MNL
Singapore Changi Airport,SIN,2024-07-23 16:35,Shanghai Pudong International Airport,PVG,2024-07-23 22:05,330,China Eastern,First Class,810,255,True,7192,Y,Y,Y,2,10,2,40,Tuesday,False,False,False,Ninoy Aquino International Airport,MNL
Singapore Changi Airport,SIN,2024-07-23 22:50,Haneda Airport,HND,2024-07-24 06:45,415,Singapore Airlines,First Class,880,180,,10316,Y,Y,Y,2,7,1,50,Tuesday,True,False,False,Ninoy Aquino International Airport,MNL
Singapore Changi Airport,SIN,2024-07-24 09:40,Hong Kong International Airport,HKG,2024-07-24 13:55,255,Singapore Airlines,First Class,650,260,,4494,Y,Y,Y,2,7,1,50,Wednesday,False,False,False,Ninoy Aquino International Airport,MNL
Singapore Changi Airport,SIN,2024-07-24 09:40,Hong Kong International Airport,HKG,2024-07-24 13:55,255,Singapore Airlines,First Class,565,165,,4553,Y,Y,Y,2,7,1,50,Wednesday,False,False,False,Ninoy Aquino International Airport,MNL
Singapore Changi Airport,SIN,2024-07-24 14:00,Taiwan Taoyuan International Airport,TPE,2024-07-24 18:50,290,STARLUX,First Class,530,100,,5045,Y,Y,Y,2,10,3,32,Wednesday,False,False,False,Ninoy Aquino International Airport,MNL
Singapore Changi Airport,SIN,2024-07-24 22:50,Haneda Airport,HND,2024-07-25 06:45,415,Singapore Airlines,First Class,880,180,,10316,Y,Y,Y,2,7,1,50,Wednesday,True,False,False,Ninoy Aquino International Airport,MNL
Singapore Changi Airport,SIN,2024-07-25 09:40,Hong Kong International Airport,HKG,2024-07-25 13:55,255,Singapore Airlines,First Class,655,260,,3899,Y,Y,Y,2,7,1,50,Thursday,False,False,False,Ninoy Aquino International Airport,MNL
Singapore Changi Airport,SIN,2024-07-25 09:40,Hong Kong International Airport,HKG,2024-07-25 13:55,255,Singapore Airlines,First Class,565,165,,4553,Y,Y,Y,2,7,1,50,Thursday,False,False,False,Ninoy Aquino International Airport,MNL
Singapore Changi Airport,SIN,2024-07-25 14:00,Taiwan Taoyuan International Airport,TPE,2024-07-25 18:50,290,STARLUX,First Class,530,100,,5045,Y,Y,Y,2,10,3,32,Thursday,False,False,False,Ninoy Aquino International Airport,MNL
Singapore Changi Airport,SIN,2024-07-25 22:50,Haneda Airport,HND,2024-07-26 06:45,415,Singapore Airlines,First Class,880,180,,10316,Y,Y,Y,2,7,1,50,Thursday,True,False,False,Ninoy Aquino International Airport,MNL
Singapore Changi Airport,SIN,2024-07-26 09:40,Hong Kong International Airport,HKG,2024-07-26 13:55,255,Singapore Airlines,First Class,655,260,,4494,Y,Y,Y,2,7,1,50,Friday,False,False,False,Ninoy Aquino International Airport,MNL
Singapore Changi Airport,SIN,2024-07-26 09:40,Hong Kong International Airport,HKG,2024-07-26 13:55,255,Singapore Airlines,First Class,565,165,,4553,Y,Y,Y,2,7,1,50,Friday,False,False,False,Ninoy Aquino International Airport,MNL
Singapore Changi Airport,SIN,2024-07-26 14:00,Taiwan Taoyuan International Airport,TPE,2024-07-26 18:50,290,STARLUX,First Class,530,100,,5045,Y,Y,Y,2,10,3,32,Friday,False,False,False,Ninoy Aquino International Airport,MNL
Singapore Changi Airport,SIN,2024-07-26 22:50,Haneda Airport,HND,2024-07-27 06:45,415,Singapore Airlines,First Class,880,180,,10316,Y,Y,Y,2,7,1,50,Friday,True,False,False,Ninoy Aquino International Airport,MNL
Singapore Changi Airport,SIN,2024-07-27 09:40,Hong Kong International Airport,HKG,2024-07-27 13:55,255,Singapore Airlines,First Class,655,260,,4494,Y,Y,Y,2,7,1,50,Saturday,False,False,False,Ninoy Aquino International Airport,MNL
Singapore Changi Airport,SIN,2024-07-27 09:40,Hong Kong International Airport,HKG,2024-07-27 13:55,255,Singapore Airlines,First Class,565,165,,4553,Y,Y,Y,2,7,1,50,Saturday,False,False,False,Ninoy Aquino International Airport,MNL
Singapore Changi Airport,SIN,2024-07-27 14:00,Taiwan Taoyuan International Airport,TPE,2024-07-27 18:50,290,STARLUX,First Class,530,100,,5045,Y,Y,Y,2,10,3,32,Saturday,False,False,False,Ninoy Aquino International Airport,MNL
Singapore Changi Airport,SIN,2024-07-27 09:40,Hong Kong International Airport,HKG,2024-07-27 13:55,255,Singapore Airlines,First Class,795,395,,3842,Y,Y,Y,2,7,1,50,Saturday,False,False,False,Ninoy Aquino International Airport,MNL
Singapore Changi Airport,SIN,2024-07-27 22:50,Haneda Airport,HND,2024-07-28 06:45,415,Singapore Airlines,First Class,880,180,,10452,Y,Y,Y,2,7,1,50,Saturday,True,False,False,Ninoy Aquino International Airport,MNL
Singapore Changi Airport,SIN,2024-07-28 09:40,Hong Kong International Airport,HKG,2024-07-28 13:55,255,Singapore Airlines,First Class,650,260,,4494,Y,Y,Y,2,7,1,50,Sunday,False,False,False,Ninoy Aquino International Airport,MNL
Singapore Changi Airport,SIN,2024-07-28 09:40,Hong Kong International Airport,HKG,2024-07-28 13:55,255,Singapore Airlines,First Class,565,165,,4553,Y,Y,Y,2,7,1,50,Sunday,False,False,False,Ninoy Aquino International Airport,MNL
Singapore Changi Airport,SIN,2024-07-28 14:00,Taiwan Taoyuan International Airport,TPE,2024-07-28 18:50,290,STARLUX,First Class,530,100,,5045,Y,Y,Y,2,10,3,32,Sunday,False,False,False,Ninoy Aquino International Airport,MNL
Singapore Changi Airport,SIN,2024-07-28 22:50,Haneda Airport,HND,2024-07-29 06:45,415,Singapore Airlines,First Class,880,180,,10452,Y,Y,Y,2,7,1,50,Sunday,True,False,False,Ninoy Aquino International Airport,MNL
Singapore Changi Airport,SIN,2024-07-29 09:40,Hong Kong International Airport,HKG,2024-07-29 13:55,255,Singapore Airlines,First Class,655,260,,4494,Y,Y,Y,2,7,1,50,Monday,False,False,False,Ninoy Aquino International Airport,MNL
Singapore Changi Airport,SIN,2024-07-29 09:40,Hong Kong International Airport,HKG,2024-07-29 13:55,255,Singapore Airlines,First Class,565,165,,4553,Y,Y,Y,2,7,1,50,Monday,False,False,False,Ninoy Aquino International Airport,MNL
Singapore Changi Airport,SIN,2024-07-29 14:00,Taiwan Taoyuan International Airport,TPE,2024-07-29 18:50,290,STARLUX,First Class,530,100,,5045,Y,Y,Y,2,10,3,32,Monday,False,False,False,Ninoy Aquino International Airport,MNL
Singapore Changi Airport,SIN,2024-07-29 22:50,Haneda Airport,HND,2024-07-30 06:45,415,Singapore Airlines,First Class,880,180,,10316,Y,Y,Y,2,7,1,50,Monday,True,False,False,Ninoy Aquino International Airport,MNL
Singapore Changi Airport,SIN,2024-07-30 09:40,Hong Kong International Airport,HKG,2024-07-30 13:55,255,Singapore Airlines,First Class,650,260,,4494,Y,Y,Y,2,7,1,50,Tuesday,False,False,False,Ninoy Aquino International Airport,MNL
Singapore Changi Airport,SIN,2024-07-30 09:40,Hong Kong International Airport,HKG,2024-07-30 13:55,255,Singapore Airlines,First Class,565,165,,4553,Y,Y,Y,2,7,1,50,Tuesday,False,False,False,Ninoy Aquino International Airport,MNL
Singapore Changi Airport,SIN,2024-07-30 14:00,Taiwan Taoyuan International Airport,TPE,2024-07-30 18:50,290,STARLUX,First Class,530,100,,5045,Y,Y,Y,2,10,3,32,Tuesday,False,False,False,Ninoy Aquino International Airport,MNL
Singapore Changi Airport,SIN,2024-07-30 16:35,Shanghai Pudong International Airport,PVG,2024-07-30 22:05,330,China Eastern,First Class,810,255,True,7192,Y,Y,Y,2,10,2,40,Tuesday,False,False,False,Ninoy Aquino International Airport,MNL
Singapore Changi Airport,SIN,2024-07-30 22:50,Haneda Airport,HND,2024-07-31 06:45,415,Singapore Airlines,First Class,880,180,,10316,Y,Y,Y,2,7,1,50,Tuesday,True,False,False,Ninoy Aquino International Airport,MNL
Singapore Changi Airport,SIN,2024-07-31 14:00,Taiwan Taoyuan International Airport,TPE,2024-07-31 18:50,290,STARLUX,First Class,530,100,,5045,Y,Y,Y,2,10,3,32,Wednesday,False,False,False,Ninoy Aquino International Airport,MNL
Singapore Changi Airport,SIN,2024-07-31 22:50,Haneda Airport,HND,2024-08-01 06:45,415,Singapore Airlines,First Class,880,180,,10316,Y,Y,Y,2,7,1,50,Wednesday,True,False,False,Ninoy Aquino International Airport,MNL
Singapore Changi Airport,SIN,2024-08-01 09:40,Hong Kong International Airport,HKG,2024-08-01 13:55,255,Singapore Airlines,First Class,655,260,,4531,Y,Y,Y,2,7,1,50,Thursday,False,False,False,Ninoy Aquino International Airport,MNL
Singapore Changi Airport,SIN,2024-08-01 09:40,Hong Kong International Airport,HKG,2024-08-01 13:55,255,Singapore Airlines,First Class,565,165,,4585,Y,Y,Y,2,7,1,50,Thursday,False,False,False,Ninoy Aquino International Airport,MNL
Singapore Changi Airport,SIN,2024-08-01 14:00,Taiwan Taoyuan International Airport,TPE,2024-08-01 18:50,290,STARLUX Airlines,First Class,530,100,,5088,Y,Y,Y,2,10,3,32,Thursday,False,False,False,Ninoy Aquino International Airport,MNL
Singapore Changi Airport,SIN,2024-08-01 22:50,Haneda Airport,HND,2024-08-02 06:45,415,Singapore Airlines,First Class,880,180,,10376,Y,Y,Y,2,7,1,50,Thursday,True,False,False,Ninoy Aquino International Airport,MNL
Singapore Changi Airport,SIN,2024-08-02 09:40,Hong Kong International Airport,HKG,2024-08-02 13:55,255,Singapore Airlines,First Class,565,165,,3870,Y,Y,Y,2,7,1,50,Friday,False,False,False,Ninoy Aquino International Airport,MNL
Singapore Changi Airport,SIN,2024-08-02 09:40,Hong Kong International Airport,HKG,2024-08-02 13:55,255,Singapore Airlines,First Class,655,260,,4531,Y,Y,Y,2,7,1,50,Friday,False,False,False,Ninoy Aquino International Airport,MNL
Singapore Changi Airport,SIN,2024-08-02 22:50,Haneda Airport,HND,2024-08-03 06:45,415,Singapore Airlines,First Class,880,180,,10376,Y,Y,Y,2,7,1,50,Friday,True,False,False,Ninoy Aquino International Airport,MNL
Singapore Changi Airport,SIN,2024-08-03 09:40,Hong Kong International Airport,HKG,2024-08-03 13:55,255,Singapore Airlines,First Class,935,540,,4531,Y,Y,Y,2,7,1,50,Saturday,False,False,False,Ninoy Aquino International Airport,MNL
Singapore Changi Airport,SIN,2024-08-03 09:40,Hong Kong International Airport,HKG,2024-08-03 13:55,255,Singapore Airlines,First Class,565,165,,4585,Y,Y,Y,2,7,1,50,Saturday,False,False,False,Ninoy Aquino International Airport,MNL
Singapore Changi Airport,SIN,2024-08-03 22:50,Haneda Airport,HND,2024-08-04 06:45,415,Singapore Airlines,First Class,880,180,,10512,Y,Y,Y,2,7,1,50,Saturday,True,False,False,Ninoy Aquino International Airport,MNL
Singapore Changi Airport,SIN,2024-08-04 09:40,Hong Kong International Airport,HKG,2024-08-04 13:55,255,Singapore Airlines,First Class,565,165,,3870,Y,Y,Y,2,7,1,50,Sunday,False,False,False,Ninoy Aquino International Airport,MNL
Singapore Changi Airport,SIN,2024-08-04 09:40,Hong Kong International Airport,HKG,2024-08-04 13:55,255,Singapore Airlines,First Class,650,260,,4531,Y,Y,Y,2,7,1,50,Sunday,False,False,False,Ninoy Aquino International Airport,MNL
Singapore Changi Airport,SIN,2024-08-04 22:50,Haneda Airport,HND,2024-08-05 06:45,415,Singapore Airlines,First Class,880,180,,10512,Y,Y,Y,2,7,1,50,Sunday,True,False,False,Ninoy Aquino International Airport,MNL
Singapore Changi Airport,SIN,2024-08-05 09:40,Hong Kong International Airport,HKG,2024-08-05 13:55,255,Singapore Airlines,First Class,655,260,,4531,Y,Y,Y,2,7,1,50,Monday,False,False,False,Ninoy Aquino International Airport,MNL
Singapore Changi Airport,SIN,2024-08-05 09:40,Hong Kong International Airport,HKG,2024-08-05 13:55,255,Singapore Airlines,First Class,565,165,,4585,Y,Y,Y,2,7,1,50,Monday,False,False,False,Ninoy Aquino International Airport,MNL
Singapore Changi Airport,SIN,2024-08-05 22:50,Haneda Airport,HND,2024-08-06 06:45,415,Singapore Airlines,First Class,880,180,,10376,Y,Y,Y,2,7,1,50,Monday,True,False,False,Ninoy Aquino International Airport,MNL
Singapore Changi Airport,SIN,2024-08-06 09:40,Hong Kong International Airport,HKG,2024-08-06 13:55,255,Singapore Airlines,First Class,650,260,,4531,Y,Y,Y,2,7,1,50,Tuesday,False,False,False,Ninoy Aquino International Airport,MNL
Singapore Changi Airport,SIN,2024-08-06 09:40,Hong Kong International Airport,HKG,2024-08-06 13:55,255,Singapore Airlines,First Class,565,165,,4585,Y,Y,Y,2,7,1,50,Tuesday,False,False,False,Ninoy Aquino International Airport,MNL
Singapore Changi Airport,SIN,2024-08-06 16:35,Shanghai Pudong International Airport,PVG,2024-08-06 22:05,330,China Eastern,First Class,810,255,True,6665,Y,Y,Y,2,10,2,40,Tuesday,False,False,False,Ninoy Aquino International Airport,MNL
Singapore Changi Airport,SIN,2024-08-07 09:40,Hong Kong International Airport,HKG,2024-08-07 13:55,255,Singapore Airlines,First Class,935,540,,4531,Y,Y,Y,2,7,1,50,Wednesday,False,False,False,Ninoy Aquino International Airport,MNL
Singapore Changi Airport,SIN,2024-08-07 09:40,Hong Kong International Airport,HKG,2024-08-07 13:55,255,Singapore Airlines,First Class,565,165,,4585,Y,Y,Y,2,7,1,50,Wednesday,False,False,False,Ninoy Aquino International Airport,MNL
Singapore Changi Airport,SIN,2024-08-07 09:30,Shanghai Pudong International Airport,PVG,2024-08-07 15:05,335,Singapore Airlines,First Class,690,125,,9522,Y,Y,Y,2,7,1,50,Wednesday,False,False,False,Ninoy Aquino International Airport,MNL
Singapore Changi Airport,SIN,2024-08-07 22:50,Haneda Airport,HND,2024-08-08 06:45,415,Singapore Airlines,First Class,880,180,,10376,Y,Y,Y,2,7,1,50,Wednesday,True,False,False,Ninoy Aquino International Airport,MNL
Singapore Changi Airport,SIN,2024-08-08 14:00,Taiwan Taoyuan International Airport,TPE,2024-08-08 18:50,290,STARLUX Airlines,First Class,530,100,,5088,Y,Y,Y,2,10,3,32,Thursday,False,False,False,Ninoy Aquino International Airport,MNL
Singapore Changi Airport,SIN,2024-08-08 22:50,Haneda Airport,HND,2024-08-09 06:45,415,Singapore Airlines,First Class,880,180,,10376,Y,Y,Y,2,7,1,50,Thursday,True,False,False,Ninoy Aquino International Airport,MNL
Singapore Changi Airport,SIN,2024-08-09 14:00,Taiwan Taoyuan International Airport,TPE,2024-08-09 18:50,290,STARLUX Airlines,First Class,530,100,,5088,Y,Y,Y,2,10,3,32,Friday,False,True,False,Ninoy Aquino International Airport,MNL
Singapore Changi Airport,SIN,2024-08-09 22:50,Haneda Airport,HND,2024-08-10 06:45,415,Singapore Airlines,First Class,880,180,,10376,Y,Y,Y,2,7,1,50,Friday,True,True,False,Ninoy Aquino International Airport,MNL
Singapore Changi Airport,SIN,2024-08-10 09:40,Hong Kong International Airport,HKG,2024-08-10 13:55,255,Singapore Airlines,First Class,655,260,,4531,Y,Y,Y,2,7,1,50,Saturday,False,False,False,Ninoy Aquino International Airport,MNL
Singapore Changi Airport,SIN,2024-08-10 09:40,Hong Kong International Airport,HKG,2024-08-10 13:55,255,Singapore Airlines,First Class,565,165,,4585,Y,Y,Y,2,7,1,50,Saturday,False,False,False,Ninoy Aquino International Airport,MNL
Singapore Changi Airport,SIN,2024-08-10 14:00,Taiwan Taoyuan International Airport,TPE,2024-08-10 18:50,290,STARLUX Airlines,First Class,530,100,,5088,Y,Y,Y,2,10,3,32,Saturday,False,False,False,Ninoy Aquino International Airport,MNL
Singapore Changi Airport,SIN,2024-08-11 14:00,Taiwan Taoyuan International Airport,TPE,2024-08-11 18:50,290,STARLUX Airlines,First Class,530,100,,5088,Y,Y,Y,2,10,3,32,Sunday,False,False,False,Ninoy Aquino International Airport,MNL
Singapore Changi Airport,SIN,2024-08-11 22:50,Haneda Airport,HND,2024-08-12 06:45,415,Singapore Airlines,First Class,880,180,,10512,Y,Y,Y,2,7,1,50,Sunday,True,False,False,Ninoy Aquino International Airport,MNL
Singapore Changi Airport,SIN,2024-08-12 09:40,Hong Kong International Airport,HKG,2024-08-12 13:55,255,Singapore Airlines,First Class,655,260,,4531,Y,Y,Y,2,7,1,50,Monday,False,False,False,Ninoy Aquino International Airport,MNL
Singapore Changi Airport,SIN,2024-08-12 09:40,Hong Kong International Airport,HKG,2024-08-12 13:55,255,Singapore Airlines,First Class,565,165,,4585,Y,Y,Y,2,7,1,50,Monday,False,False,False,Ninoy Aquino International Airport,MNL
Singapore Changi Airport,SIN,2024-08-12 14:00,Taiwan Taoyuan International Airport,TPE,2024-08-12 18:50,290,STARLUX Airlines,First Class,530,100,,5088,Y,Y,Y,2,10,3,32,Monday,False,False,False,Ninoy Aquino International Airport,MNL
Singapore Changi Airport,SIN,2024-08-12 22:50,Haneda Airport,HND,2024-08-13 06:45,415,Singapore Airlines,First Class,880,180,,10376,Y,Y,Y,2,7,1,50,Monday,True,False,False,Ninoy Aquino International Airport,MNL
Singapore Changi Airport,SIN,2024-08-13 09:40,Hong Kong International Airport,HKG,2024-08-13 13:55,255,Singapore Airlines,First Class,650,260,,4531,Y,Y,Y,2,7,1,50,Tuesday,False,False,False,Ninoy Aquino International Airport,MNL
Singapore Changi Airport,SIN,2024-08-13 09:40,Hong Kong International Airport,HKG,2024-08-13 13:55,255,Singapore Airlines,First Class,565,165,,4585,Y,Y,Y,2,7,1,50,Tuesday,False,False,False,Ninoy Aquino International Airport,MNL
Singapore Changi Airport,SIN,2024-08-13 14:00,Taiwan Taoyuan International Airport,TPE,2024-08-13 18:50,290,STARLUX Airlines,First Class,530,100,,5088,Y,Y,Y,2,10,3,32,Tuesday,False,False,False,Ninoy Aquino International Airport,MNL
Singapore Changi Airport,SIN,2024-08-13 16:35,Shanghai Pudong International Airport,PVG,2024-08-13 22:05,330,China Eastern,First Class,810,255,True,6665,Y,Y,Y,2,10,2,40,Tuesday,False,False,False,Ninoy Aquino International Airport,MNL
Singapore Changi Airport,SIN,2024-08-13 22:50,Haneda Airport,HND,2024-08-14 06:45,415,Singapore Airlines,First Class,880,180,,10376,Y,Y,Y,2,7,1,50,Tuesday,True,False,False,Ninoy Aquino International Airport,MNL
Singapore Changi Airport,SIN,2024-08-14 22:50,Haneda Airport,HND,2024-08-15 06:45,415,Singapore Airlines,First Class,880,180,,10376,Y,Y,Y,2,7,1,50,Wednesday,True,False,False,Ninoy Aquino International Airport,MNL
Singapore Changi Airport,SIN,2024-08-15 09:40,Hong Kong International Airport,HKG,2024-08-15 13:55,255,Singapore Airlines,First Class,655,260,,4531,Y,Y,Y,2,7,1,50,Thursday,False,False,False,Ninoy Aquino International Airport,MNL
Singapore Changi Airport,SIN,2024-08-15 09:40,Hong Kong International Airport,HKG,2024-08-15 13:55,255,Singapore Airlines,First Class,565,165,,4585,Y,Y,Y,2,7,1,50,Thursday,False,False,False,Ninoy Aquino International Airport,MNL
Singapore Changi Airport,SIN,2024-08-15 14:00,Taiwan Taoyuan International Airport,TPE,2024-08-15 18:50,290,STARLUX Airlines,First Class,530,100,,5088,Y,Y,Y,2,10,3,32,Thursday,False,False,False,Ninoy Aquino International Airport,MNL
Singapore Changi Airport,SIN,2024-08-15 22:50,Haneda Airport,HND,2024-08-16 06:45,415,Singapore Airlines,First Class,880,180,,9253,Y,Y,Y,2,7,1,50,Thursday,True,False,False,Ninoy Aquino International Airport,MNL
Singapore Changi Airport,SIN,2024-08-16 09:40,Hong Kong International Airport,HKG,2024-08-16 13:55,255,Singapore Airlines,First Class,655,260,,4531,Y,Y,Y,2,7,1,50,Friday,False,False,False,Ninoy Aquino International Airport,MNL
Singapore Changi Airport,SIN,2024-08-16 09:40,Hong Kong International Airport,HKG,2024-08-16 13:55,255,Singapore Airlines,First Class,565,165,,4585,Y,Y,Y,2,7,1,50,Friday,False,False,False,Ninoy Aquino International Airport,MNL
Singapore Changi Airport,SIN,2024-08-16 22:50,Haneda Airport,HND,2024-08-17 06:45,415,Singapore Airlines,First Class,880,180,,9407,Y,Y,Y,2,7,1,50,Friday,True,False,False,Ninoy Aquino International Airport,MNL
Singapore Changi Airport,SIN,2024-08-17 09:40,Hong Kong International Airport,HKG,2024-08-17 13:55,255,Singapore Airlines,First Class,655,260,,4531,Y,Y,Y,2,7,1,50,Saturday,False,False,False,Ninoy Aquino International Airport,MNL
Singapore Changi Airport,SIN,2024-08-17 09:40,Hong Kong International Airport,HKG,2024-08-17 13:55,255,Singapore Airlines,First Class,565,165,,4585,Y,Y,Y,2,7,1,50,Saturday,False,False,False,Ninoy Aquino International Airport,MNL
Singapore Changi Airport,SIN,2024-08-17 22:50,Haneda Airport,HND,2024-08-18 06:45,415,Singapore Airlines,First Class,880,180,,10512,Y,Y,Y,2,7,1,50,Saturday,True,False,False,Ninoy Aquino International Airport,MNL
Singapore Changi Airport,SIN,2024-08-18 09:40,Hong Kong International Airport,HKG,2024-08-18 13:55,255,Singapore Airlines,First Class,650,260,,4531,Y,Y,Y,2,7,1,50,Sunday,False,False,False,Ninoy Aquino International Airport,MNL
Singapore Changi Airport,SIN,2024-08-18 09:40,Hong Kong International Airport,HKG,2024-08-18 13:55,255,Singapore Airlines,First Class,565,165,,4585,Y,Y,Y,2,7,1,50,Sunday,False,False,False,Ninoy Aquino International Airport,MNL
Singapore Changi Airport,SIN,2024-08-18 22:50,Haneda Airport,HND,2024-08-19 06:45,415,Singapore Airlines,First Class,880,180,,9407,Y,Y,Y,2,7,1,50,Sunday,True,False,False,Ninoy Aquino International Airport,MNL
Singapore Changi Airport,SIN,2024-08-19 09:40,Hong Kong International Airport,HKG,2024-08-19 13:55,255,Singapore Airlines,First Class,655,260,,4531,Y,Y,Y,2,7,1,50,Monday,False,False,False,Ninoy Aquino International Airport,MNL
Singapore Changi Airport,SIN,2024-08-19 09:40,Hong Kong International Airport,HKG,2024-08-19 13:55,255,Singapore Airlines,First Class,565,165,,4585,Y,Y,Y,2,7,1,50,Monday,False,False,False,Ninoy Aquino International Airport,MNL
Singapore Changi Airport,SIN,2024-08-19 22:50,Haneda Airport,HND,2024-08-20 06:45,415,Singapore Airlines,First Class,880,180,,9253,Y,Y,Y,2,7,1,50,Monday,True,False,False,Ninoy Aquino International Airport,MNL
Singapore Changi Airport,SIN,2024-08-20 09:40,Hong Kong International Airport,HKG,2024-08-20 13:55,255,Singapore Airlines,First Class,795,395,,3870,Y,Y,Y,2,7,1,50,Tuesday,False,False,False,Ninoy Aquino International Airport,MNL
Singapore Changi Airport,SIN,2024-08-20 09:40,Hong Kong International Airport,HKG,2024-08-20 13:55,255,Singapore Airlines,First Class,650,260,,4531,Y,Y,Y,2,7,1,50,Tuesday,False,False,False,Ninoy Aquino International Airport,MNL
Singapore Changi Airport,SIN,2024-08-20 09:40,Hong Kong International Airport,HKG,2024-08-20 13:55,255,Singapore Airlines,First Class,565,165,,4585,Y,Y,Y,2,7,1,50,Tuesday,False,False,False,Ninoy Aquino International Airport,MNL
Singapore Changi Airport,SIN,2024-08-20 16:35,Shanghai Pudong International Airport,PVG,2024-08-20 22:05,330,China Eastern,First Class,810,255,True,6665,Y,Y,Y,2,10,2,40,Tuesday,False,False,False,Ninoy Aquino International Airport,MNL
Singapore Changi Airport,SIN,2024-08-20 22:50,Haneda Airport,HND,2024-08-21 06:45,415,Singapore Airlines,First Class,880,180,,10376,Y,Y,Y,2,7,1,50,Tuesday,True,False,True,Ninoy Aquino International Airport,MNL
Singapore Changi Airport,SIN,2024-08-21 09:40,Hong Kong International Airport,HKG,2024-08-21 13:55,255,Singapore Airlines,First Class,650,260,,4531,Y,Y,Y,2,7,1,50,Wednesday,False,False,True,Ninoy Aquino International Airport,MNL
Singapore Changi Airport,SIN,2024-08-21 09:40,Hong Kong International Airport,HKG,2024-08-21 13:55,255,Singapore Airlines,First Class,565,165,,4585,Y,Y,Y,2,7,1,50,Wednesday,False,False,True,Ninoy Aquino International Airport,MNL
Singapore Changi Airport,SIN,2024-08-21 22:50,Haneda Airport,HND,2024-08-22 06:45,415,Singapore Airlines,First Class,880,180,,10376,Y,Y,Y,2,7,1,50,Wednesday,True,False,False,Ninoy Aquino International Airport,MNL
Singapore Changi Airport,SIN,2024-08-22 09:40,Hong Kong International Airport,HKG,2024-08-22 13:55,255,Singapore Airlines,First Class,655,260,,4531,Y,Y,Y,2,7,1,50,Thursday,False,False,False,Ninoy Aquino International Airport,MNL
Singapore Changi Airport,SIN,2024-08-22 09:40,Hong Kong International Airport,HKG,2024-08-22 13:55,255,Singapore Airlines,First Class,565,165,,4585,Y,Y,Y,2,7,1,50,Thursday,False,False,False,Ninoy Aquino International Airport,MNL
Singapore Changi Airport,SIN,2024-08-22 22:50,Haneda Airport,HND,2024-08-23 06:45,415,Singapore Airlines,First Class,880,180,,10376,Y,Y,Y,2,7,1,50,Thursday,True,False,False,Ninoy Aquino International Airport,MNL
Singapore Changi Airport,SIN,2024-08-23 09:40,Hong Kong International Airport,HKG,2024-08-23 13:55,255,Singapore Airlines,First Class,655,260,,4531,Y,Y,Y,2,7,1,50,Friday,False,False,False,Ninoy Aquino International Airport,MNL
Singapore Changi Airport,SIN,2024-08-23 09:40,Hong Kong International Airport,HKG,2024-08-23 13:55,255,Singapore Airlines,First Class,565,165,,4585,Y,Y,Y,2,7,1,50,Friday,False,False,False,Ninoy Aquino International Airport,MNL
Singapore Changi Airport,SIN,2024-08-23 22:50,Haneda Airport,HND,2024-08-24 06:45,415,Singapore Airlines,First Class,880,180,,10376,Y,Y,Y,2,7,1,50,Friday,True,False,False,Ninoy Aquino International Airport,MNL
Singapore Changi Airport,SIN,2024-08-24 09:40,Hong Kong International Airport,HKG,2024-08-24 13:55,255,Singapore Airlines,First Class,935,540,,4531,Y,Y,Y,2,7,1,50,Saturday,False,False,False,Ninoy Aquino International Airport,MNL
Singapore Changi Airport,SIN,2024-08-24 09:40,Hong Kong International Airport,HKG,2024-08-24 13:55,255,Singapore Airlines,First Class,565,165,,4585,Y,Y,Y,2,7,1,50,Saturday,False,False,False,Ninoy Aquino International Airport,MNL
Singapore Changi Airport,SIN,2024-08-24 22:50,Haneda Airport,HND,2024-08-25 06:45,415,Singapore Airlines,First Class,880,180,,9407,Y,Y,Y,2,7,1,50,Saturday,True,False,False,Ninoy Aquino International Airport,MNL
Singapore Changi Airport,SIN,2024-08-25 09:40,Hong Kong International Airport,HKG,2024-08-25 13:55,255,Singapore Airlines,First Class,650,260,,4531,Y,Y,Y,2,7,1,50,Sunday,False,False,False,Ninoy Aquino International Airport,MNL
Singapore Changi Airport,SIN,2024-08-25 09:40,Hong Kong International Airport,HKG,2024-08-25 13:55,255,Singapore Airlines,First Class,565,165,,4585,Y,Y,Y,2,7,1,50,Sunday,False,False,False,Ninoy Aquino International Airport,MNL
Singapore Changi Airport,SIN,2024-08-25 22:50,Haneda Airport,HND,2024-08-26 06:45,415,Singapore Airlines,First Class,880,180,,10512,Y,Y,Y,2,7,1,50,Sunday,True,False,True,Ninoy Aquino International Airport,MNL
Singapore Changi Airport,SIN,2024-08-26 09:40,Hong Kong International Airport,HKG,2024-08-26 13:55,255,Singapore Airlines,First Class,655,260,,4531,Y,Y,Y,2,7,1,50,Monday,False,False,True,Ninoy Aquino International Airport,MNL
Singapore Changi Airport,SIN,2024-08-26 09:40,Hong Kong International Airport,HKG,2024-08-26 13:55,255,Singapore Airlines,First Class,565,165,,4585,Y,Y,Y,2,7,1,50,Monday,False,False,True,Ninoy Aquino International Airport,MNL
Singapore Changi Airport,SIN,2024-08-26 14:00,Taiwan Taoyuan International Airport,TPE,2024-08-26 18:50,290,STARLUX Airlines,First Class,530,100,,5088,Y,Y,Y,2,10,3,32,Monday,False,False,True,Ninoy Aquino International Airport,MNL
Singapore Changi Airport,SIN,2024-08-26 22:50,Haneda Airport,HND,2024-08-27 06:45,415,Singapore Airlines,First Class,880,180,,9253,Y,Y,Y,2,7,1,50,Monday,True,False,False,Ninoy Aquino International Airport,MNL
Singapore Changi Airport,SIN,2024-08-27 09:40,Hong Kong International Airport,HKG,2024-08-27 13:55,255,Singapore Airlines,First Class,935,540,,4531,Y,Y,Y,2,7,1,50,Tuesday,False,False,False,Ninoy Aquino International Airport,MNL
Singapore Changi Airport,SIN,2024-08-27 09:40,Hong Kong International Airport,HKG,2024-08-27 13:55,255,Singapore Airlines,First Class,565,165,,4585,Y,Y,Y,2,7,1,50,Tuesday,False,False,False,Ninoy Aquino International Airport,MNL
Singapore Changi Airport,SIN,2024-08-27 16:35,Shanghai Pudong International Airport,PVG,2024-08-27 22:05,330,China Eastern,First Class,810,255,True,6076,Y,Y,Y,2,10,2,40,Tuesday,False,False,False,Ninoy Aquino International Airport,MNL
Singapore Changi Airport,SIN,2024-08-27 22:50,Haneda Airport,HND,2024-08-28 06:45,415,Singapore Airlines,First Class,880,180,,9253,Y,Y,Y,2,7,1,50,Tuesday,True,False,False,Ninoy Aquino International Airport,MNL
Singapore Changi Airport,SIN,2024-08-28 09:40,Hong Kong International Airport,HKG,2024-08-28 13:55,255,Singapore Airlines,First Class,650,260,,4531,Y,Y,Y,2,7,1,50,Wednesday,False,False,False,Ninoy Aquino International Airport,MNL
Singapore Changi Airport,SIN,2024-08-28 09:40,Hong Kong International Airport,HKG,2024-08-28 13:55,255,Singapore Airlines,First Class,565,165,,4585,Y,Y,Y,2,7,1,50,Wednesday,False,False,False,Ninoy Aquino International Airport,MNL
Singapore Changi Airport,SIN,2024-08-28 22:50,Haneda Airport,HND,2024-08-29 06:45,415,Singapore Airlines,First Class,880,180,,9253,Y,Y,Y,2,7,1,50,Wednesday,True,False,False,Ninoy Aquino International Airport,MNL
Singapore Changi Airport,SIN,2024-08-29 09:40,Hong Kong International Airport,HKG,2024-08-29 13:55,255,Singapore Airlines,First Class,795,395,,3870,Y,Y,Y,2,7,1,50,Thursday,False,False,False,Ninoy Aquino International Airport,MNL
Singapore Changi Airport,SIN,2024-08-29 09:40,Hong Kong International Airport,HKG,2024-08-29 13:55,255,Singapore Airlines,First Class,655,260,,4531,Y,Y,Y,2,7,1,50,Thursday,False,False,False,Ninoy Aquino International Airport,MNL
Singapore Changi Airport,SIN,2024-08-29 09:40,Hong Kong International Airport,HKG,2024-08-29 13:55,255,Singapore Airlines,First Class,565,165,,4585,Y,Y,Y,2,7,1,50,Thursday,False,False,False,Ninoy Aquino International Airport,MNL
Singapore Changi Airport,SIN,2024-08-29 22:50,Haneda Airport,HND,2024-08-30 06:45,415,Singapore Airlines,First Class,880,180,,9253,Y,Y,Y,2,7,1,50,Thursday,True,False,False,Ninoy Aquino International Airport,MNL
Singapore Changi Airport,SIN,2024-08-30 09:40,Hong Kong International Airport,HKG,2024-08-30 13:55,255,Singapore Airlines,First Class,655,260,,4531,Y,Y,Y,2,7,1,50,Friday,False,False,False,Ninoy Aquino International Airport,MNL
Singapore Changi Airport,SIN,2024-08-30 09:40,Hong Kong International Airport,HKG,2024-08-30 13:55,255,Singapore Airlines,First Class,565,165,,4585,Y,Y,Y,2,7,1,50,Friday,False,False,False,Ninoy Aquino International Airport,MNL
Singapore Changi Airport,SIN,2024-08-30 22:50,Haneda Airport,HND,2024-08-31 06:45,415,Singapore Airlines,First Class,880,180,,9407,Y,Y,Y,2,7,1,50,Friday,True,False,False,Ninoy Aquino International Airport,MNL
Singapore Changi Airport,SIN,2024-08-31 09:40,Hong Kong International Airport,HKG,2024-08-31 13:55,255,Singapore Airlines,First Class,655,260,,4531,Y,Y,Y,2,7,1,50,Saturday,False,False,False,Ninoy Aquino International Airport,MNL
Singapore Changi Airport,SIN,2024-08-31 09:40,Hong Kong International Airport,HKG,2024-08-31 13:55,255,Singapore Airlines,First Class,565,165,,4585,Y,Y,Y,2,7,1,50,Saturday,False,False,False,Ninoy Aquino International Airport,MNL
Singapore Changi Airport,SIN,2024-08-31 14:00,Taiwan Taoyuan International Airport,TPE,2024-08-31 18:50,290,STARLUX Airlines,First Class,530,100,,5088,Y,Y,Y,2,10,3,32,Saturday,False,False,False,Ninoy Aquino International Airport,MNL
Singapore Changi Airport,SIN,2024-08-31 22:50,Haneda Airport,HND,2024-09-01 06:45,415,Singapore Airlines,First Class,880,180,,10512,Y,Y,Y,2,7,1,50,Saturday,True,False,False,Ninoy Aquino International Airport,MNL
