Departure Airport Name,Departure Airport ID,Departure Time,Arrival Airport Name,Arrival Airport ID,Arrival Time,Duration,Airline,Travel Class,Total Duration,Layover 1 Duration,Layover 1 Overnight,Price, Cabin Baggage, Checked Baggage,Meal Included,Cabin Baggage (Number),Cabin Baggage (kg per piece),Checked Baggage (Number),Checked Baggage (kg per piece) ,Day of Week (on flight date),Overnight Flight,Departure Country Is Holiday,Arrival Country Is Holiday,Final Arrival Airport Name,Final Arrival Airport ID
Singapore Changi Airport,SIN,2024-07-01 06:20,Soekarno–Hatta International Airport,CGK,2024-07-01 07:05,105,Singapore Airlines,First Class,105,,,1713,Y,Y,Y,2,7,1,50,Monday,False,False,False,Soekarno-Hatta International Airport,CGK
Singapore Changi Airport,SIN,2024-07-03 06:20,Soekarno–Hatta International Airport,CGK,2024-07-03 07:05,105,Singapore Airlines,First Class,105,,,1713,Y,Y,Y,2,7,1,50,Wednesday,False,False,False,Soekarno-Hatta International Airport,CGK
Singapore Changi Airport,SIN,2024-07-03 17:20,Soekarno–Hatta International Airport,CGK,2024-07-03 18:05,105,Singapore Airlines,First Class,105,,,1713,Y,Y,Y,2,7,1,50,Wednesday,False,False,False,Soekarno-Hatta International Airport,CGK
Singapore Changi Airport,SIN,2024-07-06 06:20,Soekarno–Hatta International Airport,CGK,2024-07-06 07:05,105,Singapore Airlines,First Class,105,,,1713,Y,Y,Y,2,7,1,50,Saturday,False,False,False,Soekarno-Hatta International Airport,CGK
Singapore Changi Airport,SIN,2024-07-07 17:20,Soekarno–Hatta International Airport,CGK,2024-07-07 18:05,105,Singapore Airlines,First Class,105,,,1713,Y,Y,Y,2,7,1,50,Sunday,False,False,True,Soekarno-Hatta International Airport,CGK
Singapore Changi Airport,SIN,2024-07-09 06:20,Soekarno–Hatta International Airport,CGK,2024-07-09 07:05,105,Singapore Airlines,First Class,105,,,1713,Y,Y,Y,2,7,1,50,Tuesday,False,False,False,Soekarno-Hatta International Airport,CGK
Singapore Changi Airport,SIN,2024-07-11 06:20,Soekarno–Hatta International Airport,CGK,2024-07-11 07:05,105,Singapore Airlines,First Class,105,,,1713,Y,Y,Y,2,7,1,50,Thursday,False,False,False,Soekarno-Hatta International Airport,CGK
Singapore Changi Airport,SIN,2024-07-12 17:20,Soekarno–Hatta International Airport,CGK,2024-07-12 18:05,105,Singapore Airlines,First Class,105,,,1713,Y,Y,Y,2,7,1,50,Friday,False,False,False,Soekarno-Hatta International Airport,CGK
Singapore Changi Airport,SIN,2024-07-13 06:20,Soekarno–Hatta International Airport,CGK,2024-07-13 07:05,105,Singapore Airlines,First Class,105,,,1713,Y,Y,Y,2,7,1,50,Saturday,False,False,False,Soekarno-Hatta International Airport,CGK
Singapore Changi Airport,SIN,2024-07-14 06:20,Soekarno–Hatta International Airport,CGK,2024-07-14 07:05,105,Singapore Airlines,First Class,105,,,1713,Y,Y,Y,2,7,1,50,Sunday,False,False,False,Soekarno-Hatta International Airport,CGK
Singapore Changi Airport,SIN,2024-07-15 06:20,Soekarno–Hatta International Airport,CGK,2024-07-15 07:05,105,Singapore Airlines,First Class,105,,,1713,Y,Y,Y,2,7,1,50,Monday,False,False,False,Soekarno-Hatta International Airport,CGK
Singapore Changi Airport,SIN,2024-07-16 17:20,Soekarno–Hatta International Airport,CGK,2024-07-16 18:05,105,Singapore Airlines,First Class,105,,,1713,Y,Y,Y,2,7,1,50,Tuesday,False,False,False,Soekarno-Hatta International Airport,CGK
Singapore Changi Airport,SIN,2024-07-17 06:20,Soekarno–Hatta International Airport,CGK,2024-07-17 07:05,105,Singapore Airlines,First Class,105,,,1713,Y,Y,Y,2,7,1,50,Wednesday,False,False,False,Soekarno-Hatta International Airport,CGK
Singapore Changi Airport,SIN,2024-07-17 17:20,Soekarno–Hatta International Airport,CGK,2024-07-17 18:05,105,Singapore Airlines,First Class,105,,,1713,Y,Y,Y,2,7,1,50,Wednesday,False,False,False,Soekarno-Hatta International Airport,CGK
Singapore Changi Airport,SIN,2024-07-19 06:20,Soekarno–Hatta International Airport,CGK,2024-07-19 07:05,105,Singapore Airlines,First Class,105,,,1713,Y,Y,Y,2,7,1,50,Friday,False,False,False,Soekarno-Hatta International Airport,CGK
Singapore Changi Airport,SIN,2024-07-19 17:20,Soekarno–Hatta International Airport,CGK,2024-07-19 18:05,105,Singapore Airlines,First Class,105,,,1713,Y,Y,Y,2,7,1,50,Friday,False,False,False,Soekarno-Hatta International Airport,CGK
Singapore Changi Airport,SIN,2024-07-20 06:20,Soekarno–Hatta International Airport,CGK,2024-07-20 07:05,105,Singapore Airlines,First Class,105,,,1713,Y,Y,Y,2,7,1,50,Saturday,False,False,False,Soekarno-Hatta International Airport,CGK
Singapore Changi Airport,SIN,2024-07-20 17:20,Soekarno–Hatta International Airport,CGK,2024-07-20 18:05,105,Singapore Airlines,First Class,105,,,1713,Y,Y,Y,2,7,1,50,Saturday,False,False,False,Soekarno-Hatta International Airport,CGK
Singapore Changi Airport,SIN,2024-07-21 06:20,Soekarno–Hatta International Airport,CGK,2024-07-21 07:05,105,Singapore Airlines,First Class,105,,,1713,Y,Y,Y,2,7,1,50,Sunday,False,False,False,Soekarno-Hatta International Airport,CGK
Singapore Changi Airport,SIN,2024-07-21 17:20,Soekarno–Hatta International Airport,CGK,2024-07-21 18:05,105,Singapore Airlines,First Class,105,,,1713,Y,Y,Y,2,7,1,50,Sunday,False,False,False,Soekarno-Hatta International Airport,CGK
Singapore Changi Airport,SIN,2024-07-22 06:20,Soekarno–Hatta International Airport,CGK,2024-07-22 07:05,105,Singapore Airlines,First Class,105,,,1713,Y,Y,Y,2,7,1,50,Monday,False,False,False,Soekarno-Hatta International Airport,CGK
Singapore Changi Airport,SIN,2024-07-22 17:20,Soekarno–Hatta International Airport,CGK,2024-07-22 18:05,105,Singapore Airlines,First Class,105,,,1713,Y,Y,Y,2,7,1,50,Monday,False,False,False,Soekarno-Hatta International Airport,CGK
Singapore Changi Airport,SIN,2024-07-23 06:20,Soekarno–Hatta International Airport,CGK,2024-07-23 07:05,105,Singapore Airlines,First Class,105,,,1713,Y,Y,Y,2,7,1,50,Tuesday,False,False,False,Soekarno-Hatta International Airport,CGK
Singapore Changi Airport,SIN,2024-07-23 17:20,Soekarno–Hatta International Airport,CGK,2024-07-23 18:05,105,Singapore Airlines,First Class,105,,,1713,Y,Y,Y,2,7,1,50,Tuesday,False,False,False,Soekarno-Hatta International Airport,CGK
Singapore Changi Airport,SIN,2024-07-24 06:20,Soekarno–Hatta International Airport,CGK,2024-07-24 07:05,105,Singapore Airlines,First Class,105,,,1713,Y,Y,Y,2,7,1,50,Wednesday,False,False,False,Soekarno-Hatta International Airport,CGK
Singapore Changi Airport,SIN,2024-07-25 06:20,Soekarno–Hatta International Airport,CGK,2024-07-25 07:05,105,Singapore Airlines,First Class,105,,,1713,Y,Y,Y,2,7,1,50,Thursday,False,False,False,Soekarno-Hatta International Airport,CGK
Singapore Changi Airport,SIN,2024-07-25 17:20,Soekarno–Hatta International Airport,CGK,2024-07-25 18:05,105,Singapore Airlines,First Class,105,,,1713,Y,Y,Y,2,7,1,50,Thursday,False,False,False,Soekarno-Hatta International Airport,CGK
Singapore Changi Airport,SIN,2024-07-26 06:20,Soekarno–Hatta International Airport,CGK,2024-07-26 07:05,105,Singapore Airlines,First Class,105,,,1713,Y,Y,Y,2,7,1,50,Friday,False,False,False,Soekarno-Hatta International Airport,CGK
Singapore Changi Airport,SIN,2024-07-26 17:20,Soekarno–Hatta International Airport,CGK,2024-07-26 18:05,105,Singapore Airlines,First Class,105,,,1713,Y,Y,Y,2,7,1,50,Friday,False,False,False,Soekarno-Hatta International Airport,CGK
Singapore Changi Airport,SIN,2024-07-27 06:20,Soekarno–Hatta International Airport,CGK,2024-07-27 07:05,105,Singapore Airlines,First Class,105,,,1713,Y,Y,Y,2,7,1,50,Saturday,False,False,False,Soekarno-Hatta International Airport,CGK
Singapore Changi Airport,SIN,2024-07-27 17:20,Soekarno–Hatta International Airport,CGK,2024-07-27 18:05,105,Singapore Airlines,First Class,105,,,1713,Y,Y,Y,2,7,1,50,Saturday,False,False,False,Soekarno-Hatta International Airport,CGK
Singapore Changi Airport,SIN,2024-07-28 06:20,Soekarno–Hatta International Airport,CGK,2024-07-28 07:05,105,Singapore Airlines,First Class,105,,,1713,Y,Y,Y,2,7,1,50,Sunday,False,False,False,Soekarno-Hatta International Airport,CGK
Singapore Changi Airport,SIN,2024-07-28 17:20,Soekarno–Hatta International Airport,CGK,2024-07-28 18:05,105,Singapore Airlines,First Class,105,,,1713,Y,Y,Y,2,7,1,50,Sunday,False,False,False,Soekarno-Hatta International Airport,CGK
Singapore Changi Airport,SIN,2024-07-29 06:20,Soekarno–Hatta International Airport,CGK,2024-07-29 07:05,105,Singapore Airlines,First Class,105,,,1713,Y,Y,Y,2,7,1,50,Monday,False,False,False,Soekarno-Hatta International Airport,CGK
Singapore Changi Airport,SIN,2024-07-29 17:20,Soekarno–Hatta International Airport,CGK,2024-07-29 18:05,105,Singapore Airlines,First Class,105,,,1713,Y,Y,Y,2,7,1,50,Monday,False,False,False,Soekarno-Hatta International Airport,CGK
Singapore Changi Airport,SIN,2024-07-30 06:20,Soekarno–Hatta International Airport,CGK,2024-07-30 07:05,105,Singapore Airlines,First Class,105,,,1713,Y,Y,Y,2,7,1,50,Tuesday,False,False,False,Soekarno-Hatta International Airport,CGK
Singapore Changi Airport,SIN,2024-07-31 06:20,Soekarno–Hatta International Airport,CGK,2024-07-31 07:05,105,Singapore Airlines,First Class,105,,,1713,Y,Y,Y,2,7,1,50,Wednesday,False,False,False,Soekarno-Hatta International Airport,CGK
Singapore Changi Airport,SIN,2024-07-31 17:20,Soekarno–Hatta International Airport,CGK,2024-07-31 18:05,105,Singapore Airlines,First Class,105,,,1713,Y,Y,Y,2,7,1,50,Wednesday,False,False,False,Soekarno-Hatta International Airport,CGK
Singapore Changi Airport,SIN,2024-08-01 06:20,Soekarno–Hatta International Airport,CGK,2024-08-01 07:05,105,Singapore Airlines,First Class,105,,,1728,Y,Y,Y,2,7,1,50,Thursday,False,False,False,Soekarno-Hatta International Airport,CGK
Singapore Changi Airport,SIN,2024-08-02 06:20,Soekarno–Hatta International Airport,CGK,2024-08-02 07:05,105,Singapore Airlines,First Class,105,,,1728,Y,Y,Y,2,7,1,50,Friday,False,False,False,Soekarno-Hatta International Airport,CGK
Singapore Changi Airport,SIN,2024-08-02 17:20,Soekarno–Hatta International Airport,CGK,2024-08-02 18:05,105,Singapore Airlines,First Class,105,,,1728,Y,Y,Y,2,7,1,50,Friday,False,False,False,Soekarno-Hatta International Airport,CGK
Singapore Changi Airport,SIN,2024-08-03 06:20,Soekarno–Hatta International Airport,CGK,2024-08-03 07:05,105,Singapore Airlines,First Class,105,,,1728,Y,Y,Y,2,7,1,50,Saturday,False,False,False,Soekarno-Hatta International Airport,CGK
Singapore Changi Airport,SIN,2024-08-03 17:20,Soekarno–Hatta International Airport,CGK,2024-08-03 18:05,105,Singapore Airlines,First Class,105,,,1728,Y,Y,Y,2,7,1,50,Saturday,False,False,False,Soekarno-Hatta International Airport,CGK
Singapore Changi Airport,SIN,2024-08-04 06:20,Soekarno–Hatta International Airport,CGK,2024-08-04 07:05,105,Singapore Airlines,First Class,105,,,1728,Y,Y,Y,2,7,1,50,Sunday,False,False,False,Soekarno-Hatta International Airport,CGK
Singapore Changi Airport,SIN,2024-08-04 17:20,Soekarno–Hatta International Airport,CGK,2024-08-04 18:05,105,Singapore Airlines,First Class,105,,,1728,Y,Y,Y,2,7,1,50,Sunday,False,False,False,Soekarno-Hatta International Airport,CGK
Singapore Changi Airport,SIN,2024-08-05 06:20,Soekarno–Hatta International Airport,CGK,2024-08-05 07:05,105,Singapore Airlines,First Class,105,,,1728,Y,Y,Y,2,7,1,50,Monday,False,False,False,Soekarno-Hatta International Airport,CGK
Singapore Changi Airport,SIN,2024-08-05 17:20,Soekarno–Hatta International Airport,CGK,2024-08-05 18:05,105,Singapore Airlines,First Class,105,,,1728,Y,Y,Y,2,7,1,50,Monday,False,False,False,Soekarno-Hatta International Airport,CGK
Singapore Changi Airport,SIN,2024-08-06 06:20,Soekarno–Hatta International Airport,CGK,2024-08-06 07:05,105,Singapore Airlines,First Class,105,,,1728,Y,Y,Y,2,7,1,50,Tuesday,False,False,False,Soekarno-Hatta International Airport,CGK
Singapore Changi Airport,SIN,2024-08-06 17:20,Soekarno–Hatta International Airport,CGK,2024-08-06 18:05,105,Singapore Airlines,First Class,105,,,1728,Y,Y,Y,2,7,1,50,Tuesday,False,False,False,Soekarno-Hatta International Airport,CGK
Singapore Changi Airport,SIN,2024-08-07 06:20,Soekarno–Hatta International Airport,CGK,2024-08-07 07:05,105,Singapore Airlines,First Class,105,,,1728,Y,Y,Y,2,7,1,50,Wednesday,False,False,False,Soekarno-Hatta International Airport,CGK
Singapore Changi Airport,SIN,2024-08-08 06:20,Soekarno–Hatta International Airport,CGK,2024-08-08 07:05,105,Singapore Airlines,First Class,105,,,1728,Y,Y,Y,2,7,1,50,Thursday,False,False,False,Soekarno-Hatta International Airport,CGK
Singapore Changi Airport,SIN,2024-08-08 17:20,Soekarno–Hatta International Airport,CGK,2024-08-08 18:05,105,Singapore Airlines,First Class,105,,,1728,Y,Y,Y,2,7,1,50,Thursday,False,False,False,Soekarno-Hatta International Airport,CGK
Singapore Changi Airport,SIN,2024-08-09 06:20,Soekarno–Hatta International Airport,CGK,2024-08-09 07:05,105,Singapore Airlines,First Class,105,,,1728,Y,Y,Y,2,7,1,50,Friday,False,True,False,Soekarno-Hatta International Airport,CGK
Singapore Changi Airport,SIN,2024-08-09 17:20,Soekarno–Hatta International Airport,CGK,2024-08-09 18:05,105,Singapore Airlines,First Class,105,,,1728,Y,Y,Y,2,7,1,50,Friday,False,True,False,Soekarno-Hatta International Airport,CGK
Singapore Changi Airport,SIN,2024-08-10 06:20,Soekarno–Hatta International Airport,CGK,2024-08-10 07:05,105,Singapore Airlines,First Class,105,,,1728,Y,Y,Y,2,7,1,50,Saturday,False,False,False,Soekarno-Hatta International Airport,CGK
Singapore Changi Airport,SIN,2024-08-10 17:20,Soekarno–Hatta International Airport,CGK,2024-08-10 18:05,105,Singapore Airlines,First Class,105,,,1728,Y,Y,Y,2,7,1,50,Saturday,False,False,False,Soekarno-Hatta International Airport,CGK
Singapore Changi Airport,SIN,2024-08-11 17:20,Soekarno–Hatta International Airport,CGK,2024-08-11 18:05,105,Singapore Airlines,First Class,105,,,1728,Y,Y,Y,2,7,1,50,Sunday,False,False,False,Soekarno-Hatta International Airport,CGK
Singapore Changi Airport,SIN,2024-08-12 06:20,Soekarno–Hatta International Airport,CGK,2024-08-12 07:05,105,Singapore Airlines,First Class,105,,,1728,Y,Y,Y,2,7,1,50,Monday,False,False,False,Soekarno-Hatta International Airport,CGK
Singapore Changi Airport,SIN,2024-08-12 17:20,Soekarno–Hatta International Airport,CGK,2024-08-12 18:05,105,Singapore Airlines,First Class,105,,,1728,Y,Y,Y,2,7,1,50,Monday,False,False,False,Soekarno-Hatta International Airport,CGK
Singapore Changi Airport,SIN,2024-08-13 06:20,Soekarno–Hatta International Airport,CGK,2024-08-13 07:05,105,Singapore Airlines,First Class,105,,,1728,Y,Y,Y,2,7,1,50,Tuesday,False,False,False,Soekarno-Hatta International Airport,CGK
Singapore Changi Airport,SIN,2024-08-13 17:20,Soekarno–Hatta International Airport,CGK,2024-08-13 18:05,105,Singapore Airlines,First Class,105,,,1728,Y,Y,Y,2,7,1,50,Tuesday,False,False,False,Soekarno-Hatta International Airport,CGK
Singapore Changi Airport,SIN,2024-08-14 06:20,Soekarno–Hatta International Airport,CGK,2024-08-14 07:05,105,Singapore Airlines,First Class,105,,,1728,Y,Y,Y,2,7,1,50,Wednesday,False,False,False,Soekarno-Hatta International Airport,CGK
Singapore Changi Airport,SIN,2024-08-14 17:20,Soekarno–Hatta International Airport,CGK,2024-08-14 18:05,105,Singapore Airlines,First Class,105,,,1728,Y,Y,Y,2,7,1,50,Wednesday,False,False,False,Soekarno-Hatta International Airport,CGK
Singapore Changi Airport,SIN,2024-08-15 06:20,Soekarno–Hatta International Airport,CGK,2024-08-15 07:05,105,Singapore Airlines,First Class,105,,,1728,Y,Y,Y,2,7,1,50,Thursday,False,False,False,Soekarno-Hatta International Airport,CGK
Singapore Changi Airport,SIN,2024-08-15 17:20,Soekarno–Hatta International Airport,CGK,2024-08-15 18:05,105,Singapore Airlines,First Class,105,,,1728,Y,Y,Y,2,7,1,50,Thursday,False,False,False,Soekarno-Hatta International Airport,CGK
Singapore Changi Airport,SIN,2024-08-16 06:20,Soekarno–Hatta International Airport,CGK,2024-08-16 07:05,105,Singapore Airlines,First Class,105,,,1728,Y,Y,Y,2,7,1,50,Friday,False,False,False,Soekarno-Hatta International Airport,CGK
Singapore Changi Airport,SIN,2024-08-16 17:20,Soekarno–Hatta International Airport,CGK,2024-08-16 18:05,105,Singapore Airlines,First Class,105,,,1728,Y,Y,Y,2,7,1,50,Friday,False,False,False,Soekarno-Hatta International Airport,CGK
Singapore Changi Airport,SIN,2024-08-17 06:20,Soekarno–Hatta International Airport,CGK,2024-08-17 07:05,105,Singapore Airlines,First Class,105,,,1728,Y,Y,Y,2,7,1,50,Saturday,False,False,True,Soekarno-Hatta International Airport,CGK
Singapore Changi Airport,SIN,2024-08-17 17:20,Soekarno–Hatta International Airport,CGK,2024-08-17 18:05,105,Singapore Airlines,First Class,105,,,1728,Y,Y,Y,2,7,1,50,Saturday,False,False,True,Soekarno-Hatta International Airport,CGK
Singapore Changi Airport,SIN,2024-08-18 06:20,Soekarno–Hatta International Airport,CGK,2024-08-18 07:05,105,Singapore Airlines,First Class,105,,,1728,Y,Y,Y,2,7,1,50,Sunday,False,False,False,Soekarno-Hatta International Airport,CGK
Singapore Changi Airport,SIN,2024-08-18 17:20,Soekarno–Hatta International Airport,CGK,2024-08-18 18:05,105,Singapore Airlines,First Class,105,,,1728,Y,Y,Y,2,7,1,50,Sunday,False,False,False,Soekarno-Hatta International Airport,CGK
Singapore Changi Airport,SIN,2024-08-19 06:20,Soekarno–Hatta International Airport,CGK,2024-08-19 07:05,105,Singapore Airlines,First Class,105,,,1728,Y,Y,Y,2,7,1,50,Monday,False,False,False,Soekarno-Hatta International Airport,CGK
Singapore Changi Airport,SIN,2024-08-19 17:20,Soekarno–Hatta International Airport,CGK,2024-08-19 18:05,105,Singapore Airlines,First Class,105,,,1728,Y,Y,Y,2,7,1,50,Monday,False,False,False,Soekarno-Hatta International Airport,CGK
Singapore Changi Airport,SIN,2024-08-20 06:20,Soekarno–Hatta International Airport,CGK,2024-08-20 07:05,105,Singapore Airlines,First Class,105,,,1728,Y,Y,Y,2,7,1,50,Tuesday,False,False,False,Soekarno-Hatta International Airport,CGK
Singapore Changi Airport,SIN,2024-08-20 17:20,Soekarno–Hatta International Airport,CGK,2024-08-20 18:05,105,Singapore Airlines,First Class,105,,,1728,Y,Y,Y,2,7,1,50,Tuesday,False,False,False,Soekarno-Hatta International Airport,CGK
Singapore Changi Airport,SIN,2024-08-21 06:20,Soekarno–Hatta International Airport,CGK,2024-08-21 07:05,105,Singapore Airlines,First Class,105,,,1728,Y,Y,Y,2,7,1,50,Wednesday,False,False,False,Soekarno-Hatta International Airport,CGK
Singapore Changi Airport,SIN,2024-08-22 06:20,Soekarno–Hatta International Airport,CGK,2024-08-22 07:05,105,Singapore Airlines,First Class,105,,,1728,Y,Y,Y,2,7,1,50,Thursday,False,False,False,Soekarno-Hatta International Airport,CGK
Singapore Changi Airport,SIN,2024-08-22 17:20,Soekarno–Hatta International Airport,CGK,2024-08-22 18:05,105,Singapore Airlines,First Class,105,,,1728,Y,Y,Y,2,7,1,50,Thursday,False,False,False,Soekarno-Hatta International Airport,CGK
Singapore Changi Airport,SIN,2024-08-23 06:20,Soekarno–Hatta International Airport,CGK,2024-08-23 07:05,105,Singapore Airlines,First Class,105,,,1728,Y,Y,Y,2,7,1,50,Friday,False,False,False,Soekarno-Hatta International Airport,CGK
Singapore Changi Airport,SIN,2024-08-24 06:20,Soekarno–Hatta International Airport,CGK,2024-08-24 07:05,105,Singapore Airlines,First Class,105,,,1728,Y,Y,Y,2,7,1,50,Saturday,False,False,False,Soekarno-Hatta International Airport,CGK
Singapore Changi Airport,SIN,2024-08-24 17:20,Soekarno–Hatta International Airport,CGK,2024-08-24 18:05,105,Singapore Airlines,First Class,105,,,1728,Y,Y,Y,2,7,1,50,Saturday,False,False,False,Soekarno-Hatta International Airport,CGK
Singapore Changi Airport,SIN,2024-08-25 06:20,Soekarno–Hatta International Airport,CGK,2024-08-25 07:05,105,Singapore Airlines,First Class,105,,,1728,Y,Y,Y,2,7,1,50,Sunday,False,False,False,Soekarno-Hatta International Airport,CGK
Singapore Changi Airport,SIN,2024-08-25 17:20,Soekarno–Hatta International Airport,CGK,2024-08-25 18:05,105,Singapore Airlines,First Class,105,,,1728,Y,Y,Y,2,7,1,50,Sunday,False,False,False,Soekarno-Hatta International Airport,CGK
Singapore Changi Airport,SIN,2024-08-26 06:20,Soekarno–Hatta International Airport,CGK,2024-08-26 07:05,105,Singapore Airlines,First Class,105,,,1728,Y,Y,Y,2,7,1,50,Monday,False,False,False,Soekarno-Hatta International Airport,CGK
Singapore Changi Airport,SIN,2024-08-26 17:20,Soekarno–Hatta International Airport,CGK,2024-08-26 18:05,105,Singapore Airlines,First Class,105,,,1728,Y,Y,Y,2,7,1,50,Monday,False,False,False,Soekarno-Hatta International Airport,CGK
Singapore Changi Airport,SIN,2024-08-27 06:20,Soekarno–Hatta International Airport,CGK,2024-08-27 07:05,105,Singapore Airlines,First Class,105,,,1728,Y,Y,Y,2,7,1,50,Tuesday,False,False,False,Soekarno-Hatta International Airport,CGK
Singapore Changi Airport,SIN,2024-08-27 17:20,Soekarno–Hatta International Airport,CGK,2024-08-27 18:05,105,Singapore Airlines,First Class,105,,,1728,Y,Y,Y,2,7,1,50,Tuesday,False,False,False,Soekarno-Hatta International Airport,CGK
Singapore Changi Airport,SIN,2024-08-28 06:20,Soekarno–Hatta International Airport,CGK,2024-08-28 07:05,105,Singapore Airlines,First Class,105,,,1728,Y,Y,Y,2,7,1,50,Wednesday,False,False,False,Soekarno-Hatta International Airport,CGK
Singapore Changi Airport,SIN,2024-08-28 17:20,Soekarno–Hatta International Airport,CGK,2024-08-28 18:05,105,Singapore Airlines,First Class,105,,,1728,Y,Y,Y,2,7,1,50,Wednesday,False,False,False,Soekarno-Hatta International Airport,CGK
Singapore Changi Airport,SIN,2024-08-29 06:20,Soekarno–Hatta International Airport,CGK,2024-08-29 07:05,105,Singapore Airlines,First Class,105,,,1728,Y,Y,Y,2,7,1,50,Thursday,False,False,False,Soekarno-Hatta International Airport,CGK
Singapore Changi Airport,SIN,2024-08-29 17:20,Soekarno–Hatta International Airport,CGK,2024-08-29 18:05,105,Singapore Airlines,First Class,105,,,1728,Y,Y,Y,2,7,1,50,Thursday,False,False,False,Soekarno-Hatta International Airport,CGK
Singapore Changi Airport,SIN,2024-08-30 06:20,Soekarno–Hatta International Airport,CGK,2024-08-30 07:05,105,Singapore Airlines,First Class,105,,,1728,Y,Y,Y,2,7,1,50,Friday,False,False,False,Soekarno-Hatta International Airport,CGK
Singapore Changi Airport,SIN,2024-08-31 06:20,Soekarno–Hatta International Airport,CGK,2024-08-31 07:05,105,Singapore Airlines,First Class,105,,,1728,Y,Y,Y,2,7,1,50,Saturday,False,False,False,Soekarno-Hatta International Airport,CGK
Singapore Changi Airport,SIN,2024-08-31 17:20,Soekarno–Hatta International Airport,CGK,2024-08-31 18:05,105,Singapore Airlines,First Class,105,,,1728,Y,Y,Y,2,7,1,50,Saturday,False,False,False,Soekarno-Hatta International Airport,CGK
