Departure Airport Name,Departure Airport ID,Departure Time,Arrival Airport Name,Arrival Airport ID,Arrival Time,Duration,Airline,Travel Class,Total Duration,Layover 1 Duration,Layover 1 Overnight,Price, Cabin Baggage, Checked Baggage,Meal Included,Cabin Baggage (Number),Cabin Baggage (kg per piece),Checked Baggage (Number),Checked Baggage (kg per piece) ,Day of Week (on flight date),Overnight Flight,Departure Country Is Holiday,Arrival Country Is Holiday,Final Arrival Airport Name,Final Arrival Airport ID
Singapore Changi Airport,SIN,2024-07-01 14:00,Taiwan Taoyuan International Airport,TPE,2024-07-01 18:50,290,STARLUX,First Class,1275,780,True,3988.0,Y,Y,Y,2,10,3,32,Monday,False,False,False,Tan Son Nhat International Airport,SGN
Singapore Changi Airport,SIN,2024-07-01 09:40,Hong Kong International Airport,HKG,2024-07-01 13:55,255,Singapore Airlines,First Class,520,100,,4996.0,Y,Y,Y,2,7,1,50,Monday,False,False,False,Tan Son Nhat International Airport,SGN
Singapore Changi Airport,SIN,2024-07-01 15:15,Xiamen Gaoqi International Airport,XMN,2024-07-01 19:50,275,XiamenAir,First Class,1270,800,True,,Y,Y,Y,2,7,3,32,Monday,False,False,False,Tan Son Nhat International Airport,SGN
Singapore Changi Airport,SIN,2024-07-02 14:00,Taiwan Taoyuan International Airport,TPE,2024-07-02 18:50,290,STARLUX,First Class,1275,780,True,3988.0,Y,Y,Y,2,10,3,32,Tuesday,False,False,False,Tan Son Nhat International Airport,SGN
Singapore Changi Airport,SIN,2024-07-03 14:00,Taiwan Taoyuan International Airport,TPE,2024-07-03 18:50,290,STARLUX,First Class,1275,780,True,3988.0,Y,Y,Y,2,10,3,32,Wednesday,False,False,False,Tan Son Nhat International Airport,SGN
Singapore Changi Airport,SIN,2024-07-03 09:40,Hong Kong International Airport,HKG,2024-07-03 13:55,255,Singapore Airlines,First Class,520,100,,4996.0,Y,Y,Y,2,7,1,50,Wednesday,False,False,False,Tan Son Nhat International Airport,SGN
Singapore Changi Airport,SIN,2024-07-03 15:15,Xiamen Gaoqi International Airport,XMN,2024-07-03 19:50,275,XiamenAir,First Class,1270,800,True,,Y,Y,Y,2,7,3,32,Wednesday,False,False,False,Tan Son Nhat International Airport,SGN
Singapore Changi Airport,SIN,2024-07-04 14:00,Taiwan Taoyuan International Airport,TPE,2024-07-04 18:50,290,STARLUX,First Class,1275,780,True,3988.0,Y,Y,Y,2,10,3,32,Thursday,False,False,False,Tan Son Nhat International Airport,SGN
Singapore Changi Airport,SIN,2024-07-04 09:40,Hong Kong International Airport,HKG,2024-07-04 13:55,255,Singapore Airlines,First Class,520,100,,4996.0,Y,Y,Y,2,7,1,50,Thursday,False,False,False,Tan Son Nhat International Airport,SGN
Singapore Changi Airport,SIN,2024-07-04 23:10,Shanghai Pudong International Airport,PVG,2024-07-05 04:10,300,China Eastern,First Class,830,275,True,8888.0,Y,Y,Y,2,10,2,40,Thursday,True,False,False,Tan Son Nhat International Airport,SGN
Singapore Changi Airport,SIN,2024-07-05 14:00,Taiwan Taoyuan International Airport,TPE,2024-07-05 18:50,290,STARLUX,First Class,1275,780,True,3988.0,Y,Y,Y,2,10,3,32,Friday,False,False,False,Tan Son Nhat International Airport,SGN
Singapore Changi Airport,SIN,2024-07-05 09:40,Hong Kong International Airport,HKG,2024-07-05 13:55,255,Singapore Airlines,First Class,520,100,,4996.0,Y,Y,Y,2,7,1,50,Friday,False,False,False,Tan Son Nhat International Airport,SGN
Singapore Changi Airport,SIN,2024-07-05 14:00,Taiwan Taoyuan International Airport,TPE,2024-07-05 18:50,290,STARLUX,First Class,1255,760,True,5114.0,Y,Y,Y,2,10,3,32,Friday,False,False,False,Tan Son Nhat International Airport,SGN
Singapore Changi Airport,SIN,2024-07-06 14:00,Taiwan Taoyuan International Airport,TPE,2024-07-06 18:50,290,STARLUX,First Class,1275,780,True,3988.0,Y,Y,Y,2,10,3,32,Saturday,False,False,False,Tan Son Nhat International Airport,SGN
Singapore Changi Airport,SIN,2024-07-06 09:40,Hong Kong International Airport,HKG,2024-07-06 13:55,255,Singapore Airlines,First Class,520,100,,4996.0,Y,Y,Y,2,7,1,50,Saturday,False,False,False,Tan Son Nhat International Airport,SGN
Singapore Changi Airport,SIN,2024-07-06 15:15,Xiamen Gaoqi International Airport,XMN,2024-07-06 19:50,275,XiamenAir,First Class,1270,800,True,,Y,Y,Y,2,7,3,32,Saturday,False,False,False,Tan Son Nhat International Airport,SGN
Singapore Changi Airport,SIN,2024-07-07 14:00,Taiwan Taoyuan International Airport,TPE,2024-07-07 18:50,290,STARLUX,First Class,1275,780,True,3988.0,Y,Y,Y,2,10,3,32,Sunday,False,False,False,Tan Son Nhat International Airport,SGN
Singapore Changi Airport,SIN,2024-07-07 09:40,Hong Kong International Airport,HKG,2024-07-07 13:55,255,Singapore Airlines,First Class,520,100,,4996.0,Y,Y,Y,2,7,1,50,Sunday,False,False,False,Tan Son Nhat International Airport,SGN
Singapore Changi Airport,SIN,2024-07-08 14:00,Taiwan Taoyuan International Airport,TPE,2024-07-08 18:50,290,STARLUX,First Class,1275,780,True,3988.0,Y,Y,Y,2,10,3,32,Monday,False,False,False,Tan Son Nhat International Airport,SGN
Singapore Changi Airport,SIN,2024-07-08 09:40,Hong Kong International Airport,HKG,2024-07-08 13:55,255,Singapore Airlines,First Class,520,100,,4996.0,Y,Y,Y,2,7,1,50,Monday,False,False,False,Tan Son Nhat International Airport,SGN
Singapore Changi Airport,SIN,2024-07-08 15:15,Xiamen Gaoqi International Airport,XMN,2024-07-08 19:50,275,XiamenAir,First Class,1270,800,True,,Y,Y,Y,2,7,3,32,Monday,False,False,False,Tan Son Nhat International Airport,SGN
Singapore Changi Airport,SIN,2024-07-09 14:00,Taiwan Taoyuan International Airport,TPE,2024-07-09 18:50,290,STARLUX,First Class,1275,780,True,3988.0,Y,Y,Y,2,10,3,32,Tuesday,False,False,False,Tan Son Nhat International Airport,SGN
Singapore Changi Airport,SIN,2024-07-09 09:40,Hong Kong International Airport,HKG,2024-07-09 13:55,255,Singapore Airlines,First Class,520,100,,4996.0,Y,Y,Y,2,7,1,50,Tuesday,False,False,False,Tan Son Nhat International Airport,SGN
Singapore Changi Airport,SIN,2024-07-10 14:00,Taiwan Taoyuan International Airport,TPE,2024-07-10 18:50,290,STARLUX,First Class,1275,780,True,3988.0,Y,Y,Y,2,10,3,32,Wednesday,False,False,False,Tan Son Nhat International Airport,SGN
Singapore Changi Airport,SIN,2024-07-10 09:40,Hong Kong International Airport,HKG,2024-07-10 13:55,255,Singapore Airlines,First Class,520,100,,4996.0,Y,Y,Y,2,7,1,50,Wednesday,False,False,False,Tan Son Nhat International Airport,SGN
Singapore Changi Airport,SIN,2024-07-11 14:00,Taiwan Taoyuan International Airport,TPE,2024-07-11 18:50,290,STARLUX,First Class,1275,780,True,3988.0,Y,Y,Y,2,10,3,32,Thursday,False,False,False,Tan Son Nhat International Airport,SGN
Singapore Changi Airport,SIN,2024-07-11 09:40,Hong Kong International Airport,HKG,2024-07-11 13:55,255,Singapore Airlines,First Class,520,100,,4996.0,Y,Y,Y,2,7,1,50,Thursday,False,False,False,Tan Son Nhat International Airport,SGN
Singapore Changi Airport,SIN,2024-07-11 23:10,Shanghai Pudong International Airport,PVG,2024-07-12 04:10,300,China Eastern,First Class,830,275,True,8888.0,Y,Y,Y,2,10,2,40,Thursday,True,False,False,Tan Son Nhat International Airport,SGN
Singapore Changi Airport,SIN,2024-07-12 14:00,Taiwan Taoyuan International Airport,TPE,2024-07-12 18:50,290,STARLUX,First Class,1275,780,True,3988.0,Y,Y,Y,2,10,3,32,Friday,False,False,False,Tan Son Nhat International Airport,SGN
Singapore Changi Airport,SIN,2024-07-12 09:40,Hong Kong International Airport,HKG,2024-07-12 13:55,255,Singapore Airlines,First Class,520,100,,4996.0,Y,Y,Y,2,7,1,50,Friday,False,False,False,Tan Son Nhat International Airport,SGN
Singapore Changi Airport,SIN,2024-07-13 09:40,Hong Kong International Airport,HKG,2024-07-13 13:55,255,Singapore Airlines,First Class,520,100,,4996.0,Y,Y,Y,2,7,1,50,Saturday,False,False,False,Tan Son Nhat International Airport,SGN
Singapore Changi Airport,SIN,2024-07-13 15:15,Xiamen Gaoqi International Airport,XMN,2024-07-13 19:50,275,XiamenAir,First Class,1270,800,True,,Y,Y,Y,2,7,3,32,Saturday,False,False,False,Tan Son Nhat International Airport,SGN
Singapore Changi Airport,SIN,2024-07-14 14:00,Taiwan Taoyuan International Airport,TPE,2024-07-14 18:50,290,STARLUX,First Class,1275,780,True,3988.0,Y,Y,Y,2,10,3,32,Sunday,False,False,False,Tan Son Nhat International Airport,SGN
Singapore Changi Airport,SIN,2024-07-14 09:40,Hong Kong International Airport,HKG,2024-07-14 13:55,255,Singapore Airlines,First Class,520,100,,4996.0,Y,Y,Y,2,7,1,50,Sunday,False,False,False,Tan Son Nhat International Airport,SGN
Singapore Changi Airport,SIN,2024-07-15 14:00,Taiwan Taoyuan International Airport,TPE,2024-07-15 18:50,290,STARLUX,First Class,1275,780,True,3988.0,Y,Y,Y,2,10,3,32,Monday,False,False,False,Tan Son Nhat International Airport,SGN
Singapore Changi Airport,SIN,2024-07-15 09:40,Hong Kong International Airport,HKG,2024-07-15 13:55,255,Singapore Airlines,First Class,520,100,,4996.0,Y,Y,Y,2,7,1,50,Monday,False,False,False,Tan Son Nhat International Airport,SGN
Singapore Changi Airport,SIN,2024-07-15 15:15,Xiamen Gaoqi International Airport,XMN,2024-07-15 19:50,275,XiamenAir,First Class,1270,800,True,,Y,Y,Y,2,7,3,32,Monday,False,False,False,Tan Son Nhat International Airport,SGN
Singapore Changi Airport,SIN,2024-07-16 14:00,Taiwan Taoyuan International Airport,TPE,2024-07-16 18:50,290,STARLUX,First Class,1275,780,True,3988.0,Y,Y,Y,2,10,3,32,Tuesday,False,False,False,Tan Son Nhat International Airport,SGN
Singapore Changi Airport,SIN,2024-07-16 09:40,Hong Kong International Airport,HKG,2024-07-16 13:55,255,Singapore Airlines,First Class,520,100,,4996.0,Y,Y,Y,2,7,1,50,Tuesday,False,False,False,Tan Son Nhat International Airport,SGN
Singapore Changi Airport,SIN,2024-07-17 09:40,Hong Kong International Airport,HKG,2024-07-17 13:55,255,Singapore Airlines,First Class,520,100,,4996.0,Y,Y,Y,2,7,1,50,Wednesday,False,False,False,Tan Son Nhat International Airport,SGN
Singapore Changi Airport,SIN,2024-07-19 14:00,Taiwan Taoyuan International Airport,TPE,2024-07-19 18:50,290,STARLUX,First Class,1275,780,True,3988.0,Y,Y,Y,2,10,3,32,Friday,False,False,False,Tan Son Nhat International Airport,SGN
Singapore Changi Airport,SIN,2024-07-19 09:40,Hong Kong International Airport,HKG,2024-07-19 13:55,255,Singapore Airlines,First Class,520,100,,4996.0,Y,Y,Y,2,7,1,50,Friday,False,False,False,Tan Son Nhat International Airport,SGN
Singapore Changi Airport,SIN,2024-07-20 14:00,Taiwan Taoyuan International Airport,TPE,2024-07-20 18:50,290,STARLUX,First Class,1275,780,True,3988.0,Y,Y,Y,2,10,3,32,Saturday,False,False,False,Tan Son Nhat International Airport,SGN
Singapore Changi Airport,SIN,2024-07-20 09:40,Hong Kong International Airport,HKG,2024-07-20 13:55,255,Singapore Airlines,First Class,520,100,,4996.0,Y,Y,Y,2,7,1,50,Saturday,False,False,False,Tan Son Nhat International Airport,SGN
Singapore Changi Airport,SIN,2024-07-20 15:15,Xiamen Gaoqi International Airport,XMN,2024-07-20 19:50,275,XiamenAir,First Class,1270,800,True,,Y,Y,Y,2,7,3,32,Saturday,False,False,False,Tan Son Nhat International Airport,SGN
Singapore Changi Airport,SIN,2024-07-22 09:40,Hong Kong International Airport,HKG,2024-07-22 13:55,255,Singapore Airlines,First Class,520,100,,4996.0,Y,Y,Y,2,7,1,50,Monday,False,False,False,Tan Son Nhat International Airport,SGN
Singapore Changi Airport,SIN,2024-07-22 15:15,Xiamen Gaoqi International Airport,XMN,2024-07-22 19:50,275,XiamenAir,First Class,1270,800,True,,Y,Y,Y,2,7,3,32,Monday,False,False,False,Tan Son Nhat International Airport,SGN
Singapore Changi Airport,SIN,2024-07-23 14:00,Taiwan Taoyuan International Airport,TPE,2024-07-23 18:50,290,STARLUX,First Class,1275,780,True,3988.0,Y,Y,Y,2,10,3,32,Tuesday,False,False,False,Tan Son Nhat International Airport,SGN
Singapore Changi Airport,SIN,2024-07-23 09:40,Hong Kong International Airport,HKG,2024-07-23 13:55,255,Singapore Airlines,First Class,520,100,,4996.0,Y,Y,Y,2,7,1,50,Tuesday,False,False,False,Tan Son Nhat International Airport,SGN
Singapore Changi Airport,SIN,2024-07-24 14:00,Taiwan Taoyuan International Airport,TPE,2024-07-24 18:50,290,STARLUX,First Class,1275,780,True,3988.0,Y,Y,Y,2,10,3,32,Wednesday,False,False,False,Tan Son Nhat International Airport,SGN
Singapore Changi Airport,SIN,2024-07-24 09:40,Hong Kong International Airport,HKG,2024-07-24 13:55,255,Singapore Airlines,First Class,520,100,,4996.0,Y,Y,Y,2,7,1,50,Wednesday,False,False,False,Tan Son Nhat International Airport,SGN
Singapore Changi Airport,SIN,2024-07-25 14:00,Taiwan Taoyuan International Airport,TPE,2024-07-25 18:50,290,STARLUX,First Class,1275,780,True,3988.0,Y,Y,Y,2,10,3,32,Thursday,False,False,False,Tan Son Nhat International Airport,SGN
Singapore Changi Airport,SIN,2024-07-25 09:40,Hong Kong International Airport,HKG,2024-07-25 13:55,255,Singapore Airlines,First Class,520,100,,4996.0,Y,Y,Y,2,7,1,50,Thursday,False,False,False,Tan Son Nhat International Airport,SGN
Singapore Changi Airport,SIN,2024-07-25 23:10,Shanghai Pudong International Airport,PVG,2024-07-26 04:10,300,China Eastern,First Class,830,275,True,8888.0,Y,Y,Y,2,10,2,40,Thursday,True,False,False,Tan Son Nhat International Airport,SGN
Singapore Changi Airport,SIN,2024-07-26 14:00,Taiwan Taoyuan International Airport,TPE,2024-07-26 18:50,290,STARLUX,First Class,1275,780,True,3988.0,Y,Y,Y,2,10,3,32,Friday,False,False,False,Tan Son Nhat International Airport,SGN
Singapore Changi Airport,SIN,2024-07-26 09:40,Hong Kong International Airport,HKG,2024-07-26 13:55,255,Singapore Airlines,First Class,520,100,,4996.0,Y,Y,Y,2,7,1,50,Friday,False,False,False,Tan Son Nhat International Airport,SGN
Singapore Changi Airport,SIN,2024-07-27 14:00,Taiwan Taoyuan International Airport,TPE,2024-07-27 18:50,290,STARLUX,First Class,1275,780,True,3988.0,Y,Y,Y,2,10,3,32,Saturday,False,False,False,Tan Son Nhat International Airport,SGN
Singapore Changi Airport,SIN,2024-07-27 09:40,Hong Kong International Airport,HKG,2024-07-27 13:55,255,Singapore Airlines,First Class,520,100,,4996.0,Y,Y,Y,2,7,1,50,Saturday,False,False,False,Tan Son Nhat International Airport,SGN
Singapore Changi Airport,SIN,2024-07-27 15:15,Xiamen Gaoqi International Airport,XMN,2024-07-27 19:50,275,XiamenAir,First Class,1270,800,True,,Y,Y,Y,2,7,3,32,Saturday,False,False,False,Tan Son Nhat International Airport,SGN
Singapore Changi Airport,SIN,2024-07-28 14:00,Taiwan Taoyuan International Airport,TPE,2024-07-28 18:50,290,STARLUX,First Class,1275,780,True,3988.0,Y,Y,Y,2,10,3,32,Sunday,False,False,False,Tan Son Nhat International Airport,SGN
Singapore Changi Airport,SIN,2024-07-28 09:40,Hong Kong International Airport,HKG,2024-07-28 13:55,255,Singapore Airlines,First Class,520,100,,4996.0,Y,Y,Y,2,7,1,50,Sunday,False,False,False,Tan Son Nhat International Airport,SGN
Singapore Changi Airport,SIN,2024-07-29 14:00,Taiwan Taoyuan International Airport,TPE,2024-07-29 18:50,290,STARLUX,First Class,1275,780,True,3988.0,Y,Y,Y,2,10,3,32,Monday,False,False,False,Tan Son Nhat International Airport,SGN
Singapore Changi Airport,SIN,2024-07-29 09:40,Hong Kong International Airport,HKG,2024-07-29 13:55,255,Singapore Airlines,First Class,520,100,,4996.0,Y,Y,Y,2,7,1,50,Monday,False,False,False,Tan Son Nhat International Airport,SGN
Singapore Changi Airport,SIN,2024-07-29 15:15,Xiamen Gaoqi International Airport,XMN,2024-07-29 19:50,275,XiamenAir,First Class,1270,800,True,,Y,Y,Y,2,7,3,32,Monday,False,False,False,Tan Son Nhat International Airport,SGN
Singapore Changi Airport,SIN,2024-07-30 14:00,Taiwan Taoyuan International Airport,TPE,2024-07-30 18:50,290,STARLUX,First Class,1275,780,True,3988.0,Y,Y,Y,2,10,3,32,Tuesday,False,False,False,Tan Son Nhat International Airport,SGN
Singapore Changi Airport,SIN,2024-07-30 09:40,Hong Kong International Airport,HKG,2024-07-30 13:55,255,Singapore Airlines,First Class,520,100,,4996.0,Y,Y,Y,2,7,1,50,Tuesday,False,False,False,Tan Son Nhat International Airport,SGN
Singapore Changi Airport,SIN,2024-07-31 14:00,Taiwan Taoyuan International Airport,TPE,2024-07-31 18:50,290,STARLUX,First Class,1275,780,True,3988.0,Y,Y,Y,2,10,3,32,Wednesday,False,False,False,Tan Son Nhat International Airport,SGN
Singapore Changi Airport,SIN,2024-07-31 15:15,Xiamen Gaoqi International Airport,XMN,2024-07-31 19:50,275,XiamenAir,First Class,1270,800,True,,Y,Y,Y,2,7,3,32,Wednesday,False,False,False,Tan Son Nhat International Airport,SGN
Singapore Changi Airport,SIN,2024-08-01 14:00,Taiwan Taoyuan International Airport,TPE,2024-08-01 18:50,290,STARLUX Airlines,First Class,1275,780,True,4021.0,Y,Y,Y,2,10,3,32,Thursday,False,False,False,Tan Son Nhat International Airport,SGN
Singapore Changi Airport,SIN,2024-08-01 09:40,Hong Kong International Airport,HKG,2024-08-01 13:55,255,Singapore Airlines,First Class,520,100,,5029.0,Y,Y,Y,2,7,1,50,Thursday,False,False,False,Tan Son Nhat International Airport,SGN
Singapore Changi Airport,SIN,2024-08-01 23:10,Shanghai Pudong International Airport,PVG,2024-08-02 04:10,300,China Eastern,First Class,830,275,True,8952.0,Y,Y,Y,2,10,2,40,Thursday,True,False,False,Tan Son Nhat International Airport,SGN
Singapore Changi Airport,SIN,2024-08-02 09:40,Hong Kong International Airport,HKG,2024-08-02 13:55,255,Singapore Airlines,First Class,520,100,,5029.0,Y,Y,Y,2,7,1,50,Friday,False,False,False,Tan Son Nhat International Airport,SGN
Singapore Changi Airport,SIN,2024-08-03 09:40,Hong Kong International Airport,HKG,2024-08-03 13:55,255,Singapore Airlines,First Class,520,100,,5029.0,Y,Y,Y,2,7,1,50,Saturday,False,False,False,Tan Son Nhat International Airport,SGN
Singapore Changi Airport,SIN,2024-08-04 09:40,Hong Kong International Airport,HKG,2024-08-04 13:55,255,Singapore Airlines,First Class,520,100,,4146.0,Y,Y,Y,2,7,1,50,Sunday,False,False,False,Tan Son Nhat International Airport,SGN
Singapore Changi Airport,SIN,2024-08-05 15:15,Xiamen Gaoqi International Airport,XMN,2024-08-05 19:50,275,XiamenAir,First Class,1270,800,True,3371.0,Y,Y,Y,2,7,3,32,Monday,False,False,False,Tan Son Nhat International Airport,SGN
Singapore Changi Airport,SIN,2024-08-05 09:40,Hong Kong International Airport,HKG,2024-08-05 13:55,255,Singapore Airlines,First Class,520,100,,5029.0,Y,Y,Y,2,7,1,50,Monday,False,False,False,Tan Son Nhat International Airport,SGN
Singapore Changi Airport,SIN,2024-08-06 09:40,Hong Kong International Airport,HKG,2024-08-06 13:55,255,Singapore Airlines,First Class,520,100,,5029.0,Y,Y,Y,2,7,1,50,Tuesday,False,False,False,Tan Son Nhat International Airport,SGN
Singapore Changi Airport,SIN,2024-08-07 15:15,Xiamen Gaoqi International Airport,XMN,2024-08-07 19:50,275,XiamenAir,First Class,1270,800,True,3269.0,Y,Y,Y,2,7,3,32,Wednesday,False,False,False,Tan Son Nhat International Airport,SGN
Singapore Changi Airport,SIN,2024-08-07 09:40,Hong Kong International Airport,HKG,2024-08-07 13:55,255,Singapore Airlines,First Class,520,100,,5029.0,Y,Y,Y,2,7,1,50,Wednesday,False,False,False,Tan Son Nhat International Airport,SGN
Singapore Changi Airport,SIN,2024-08-08 14:00,Taiwan Taoyuan International Airport,TPE,2024-08-08 18:50,290,STARLUX Airlines,First Class,1275,780,True,4021.0,Y,Y,Y,2,10,3,32,Thursday,False,False,False,Tan Son Nhat International Airport,SGN
Singapore Changi Airport,SIN,2024-08-09 14:00,Taiwan Taoyuan International Airport,TPE,2024-08-09 18:50,290,STARLUX Airlines,First Class,1275,780,True,4021.0,Y,Y,Y,2,10,3,32,Friday,False,True,False,Tan Son Nhat International Airport,SGN
Singapore Changi Airport,SIN,2024-08-10 14:00,Taiwan Taoyuan International Airport,TPE,2024-08-10 18:50,290,STARLUX Airlines,First Class,1275,780,True,4021.0,Y,Y,Y,2,10,3,32,Saturday,False,False,False,Tan Son Nhat International Airport,SGN
Singapore Changi Airport,SIN,2024-08-10 09:40,Hong Kong International Airport,HKG,2024-08-10 13:55,255,Singapore Airlines,First Class,520,100,,5029.0,Y,Y,Y,2,7,1,50,Saturday,False,False,False,Tan Son Nhat International Airport,SGN
Singapore Changi Airport,SIN,2024-08-11 14:00,Taiwan Taoyuan International Airport,TPE,2024-08-11 18:50,290,STARLUX Airlines,First Class,1275,780,True,4021.0,Y,Y,Y,2,10,3,32,Sunday,False,False,False,Tan Son Nhat International Airport,SGN
Singapore Changi Airport,SIN,2024-08-12 15:15,Xiamen Gaoqi International Airport,XMN,2024-08-12 19:50,275,XiamenAir,First Class,1270,800,True,3269.0,Y,Y,Y,2,7,3,32,Monday,False,False,False,Tan Son Nhat International Airport,SGN
Singapore Changi Airport,SIN,2024-08-12 14:00,Taiwan Taoyuan International Airport,TPE,2024-08-12 18:50,290,STARLUX Airlines,First Class,1275,755,True,4021.0,Y,Y,Y,2,10,3,32,Monday,False,False,False,Tan Son Nhat International Airport,SGN
Singapore Changi Airport,SIN,2024-08-12 09:40,Hong Kong International Airport,HKG,2024-08-12 13:55,255,Singapore Airlines,First Class,520,100,,5029.0,Y,Y,Y,2,7,1,50,Monday,False,False,False,Tan Son Nhat International Airport,SGN
Singapore Changi Airport,SIN,2024-08-13 14:00,Taiwan Taoyuan International Airport,TPE,2024-08-13 18:50,290,STARLUX Airlines,First Class,1275,780,True,4021.0,Y,Y,Y,2,10,3,32,Tuesday,False,False,False,Tan Son Nhat International Airport,SGN
Singapore Changi Airport,SIN,2024-08-13 09:40,Hong Kong International Airport,HKG,2024-08-13 13:55,255,Singapore Airlines,First Class,520,100,,5029.0,Y,Y,Y,2,7,1,50,Tuesday,False,False,False,Tan Son Nhat International Airport,SGN
Singapore Changi Airport,SIN,2024-08-14 15:15,Xiamen Gaoqi International Airport,XMN,2024-08-14 19:50,275,XiamenAir,First Class,1270,800,True,3269.0,Y,Y,Y,2,7,3,32,Wednesday,False,False,False,Tan Son Nhat International Airport,SGN
Singapore Changi Airport,SIN,2024-08-15 14:00,Taiwan Taoyuan International Airport,TPE,2024-08-15 18:50,290,STARLUX Airlines,First Class,1275,780,True,4021.0,Y,Y,Y,2,10,3,32,Thursday,False,False,False,Tan Son Nhat International Airport,SGN
Singapore Changi Airport,SIN,2024-08-15 09:40,Hong Kong International Airport,HKG,2024-08-15 13:55,255,Singapore Airlines,First Class,520,100,,5029.0,Y,Y,Y,2,7,1,50,Thursday,False,False,False,Tan Son Nhat International Airport,SGN
Singapore Changi Airport,SIN,2024-08-16 09:40,Hong Kong International Airport,HKG,2024-08-16 13:55,255,Singapore Airlines,First Class,520,100,,5029.0,Y,Y,Y,2,7,1,50,Friday,False,False,False,Tan Son Nhat International Airport,SGN
Singapore Changi Airport,SIN,2024-08-17 15:15,Xiamen Gaoqi International Airport,XMN,2024-08-17 19:50,275,XiamenAir,First Class,1270,800,True,3269.0,Y,Y,Y,2,7,3,32,Saturday,False,False,False,Tan Son Nhat International Airport,SGN
Singapore Changi Airport,SIN,2024-08-17 09:40,Hong Kong International Airport,HKG,2024-08-17 13:55,255,Singapore Airlines,First Class,520,100,,5029.0,Y,Y,Y,2,7,1,50,Saturday,False,False,False,Tan Son Nhat International Airport,SGN
Singapore Changi Airport,SIN,2024-08-18 09:40,Hong Kong International Airport,HKG,2024-08-18 13:55,255,Singapore Airlines,First Class,520,100,,5029.0,Y,Y,Y,2,7,1,50,Sunday,False,False,False,Tan Son Nhat International Airport,SGN
Singapore Changi Airport,SIN,2024-08-19 15:15,Xiamen Gaoqi International Airport,XMN,2024-08-19 19:50,275,XiamenAir,First Class,1270,800,True,3269.0,Y,Y,Y,2,7,3,32,Monday,False,False,False,Tan Son Nhat International Airport,SGN
Singapore Changi Airport,SIN,2024-08-19 09:40,Hong Kong International Airport,HKG,2024-08-19 13:55,255,Singapore Airlines,First Class,520,100,,5029.0,Y,Y,Y,2,7,1,50,Monday,False,False,False,Tan Son Nhat International Airport,SGN
Singapore Changi Airport,SIN,2024-08-20 09:40,Hong Kong International Airport,HKG,2024-08-20 13:55,255,Singapore Airlines,First Class,520,100,,5029.0,Y,Y,Y,2,7,1,50,Tuesday,False,False,False,Tan Son Nhat International Airport,SGN
Singapore Changi Airport,SIN,2024-08-21 15:15,Xiamen Gaoqi International Airport,XMN,2024-08-21 19:50,275,XiamenAir,First Class,1270,800,True,3269.0,Y,Y,Y,2,7,3,32,Wednesday,False,False,False,Tan Son Nhat International Airport,SGN
Singapore Changi Airport,SIN,2024-08-21 09:40,Hong Kong International Airport,HKG,2024-08-21 13:55,255,Singapore Airlines,First Class,520,100,,5029.0,Y,Y,Y,2,7,1,50,Wednesday,False,False,False,Tan Son Nhat International Airport,SGN
Singapore Changi Airport,SIN,2024-08-22 09:40,Hong Kong International Airport,HKG,2024-08-22 13:55,255,Singapore Airlines,First Class,520,100,,5029.0,Y,Y,Y,2,7,1,50,Thursday,False,False,False,Tan Son Nhat International Airport,SGN
Singapore Changi Airport,SIN,2024-08-22 23:10,Shanghai Pudong International Airport,PVG,2024-08-23 04:10,300,China Eastern,First Class,830,275,True,8952.0,Y,Y,Y,2,10,2,40,Thursday,True,False,False,Tan Son Nhat International Airport,SGN
Singapore Changi Airport,SIN,2024-08-23 15:15,Xiamen Gaoqi International Airport,XMN,2024-08-23 19:50,275,XiamenAir,First Class,1905,1450,True,3269.0,Y,Y,Y,2,7,3,32,Friday,False,False,False,Tan Son Nhat International Airport,SGN
Singapore Changi Airport,SIN,2024-08-23 09:40,Hong Kong International Airport,HKG,2024-08-23 13:55,255,Singapore Airlines,First Class,520,100,,5029.0,Y,Y,Y,2,7,1,50,Friday,False,False,False,Tan Son Nhat International Airport,SGN
Singapore Changi Airport,SIN,2024-08-24 09:40,Hong Kong International Airport,HKG,2024-08-24 13:55,255,Singapore Airlines,First Class,520,100,,5029.0,Y,Y,Y,2,7,1,50,Saturday,False,False,False,Tan Son Nhat International Airport,SGN
Singapore Changi Airport,SIN,2024-08-25 09:40,Hong Kong International Airport,HKG,2024-08-25 13:55,255,Singapore Airlines,First Class,520,100,,5029.0,Y,Y,Y,2,7,1,50,Sunday,False,False,False,Tan Son Nhat International Airport,SGN
Singapore Changi Airport,SIN,2024-08-26 15:15,Xiamen Gaoqi International Airport,XMN,2024-08-26 19:50,275,XiamenAir,First Class,1270,800,True,3269.0,Y,Y,Y,2,7,3,32,Monday,False,False,False,Tan Son Nhat International Airport,SGN
Singapore Changi Airport,SIN,2024-08-26 14:00,Taiwan Taoyuan International Airport,TPE,2024-08-26 18:50,290,STARLUX Airlines,First Class,1275,755,True,4021.0,Y,Y,Y,2,10,3,32,Monday,False,False,False,Tan Son Nhat International Airport,SGN
Singapore Changi Airport,SIN,2024-08-26 09:40,Hong Kong International Airport,HKG,2024-08-26 13:55,255,Singapore Airlines,First Class,520,100,,5029.0,Y,Y,Y,2,7,1,50,Monday,False,False,False,Tan Son Nhat International Airport,SGN
Singapore Changi Airport,SIN,2024-08-27 09:40,Hong Kong International Airport,HKG,2024-08-27 13:55,255,Singapore Airlines,First Class,520,100,,5029.0,Y,Y,Y,2,7,1,50,Tuesday,False,False,False,Tan Son Nhat International Airport,SGN
Singapore Changi Airport,SIN,2024-08-28 15:15,Xiamen Gaoqi International Airport,XMN,2024-08-28 19:50,275,XiamenAir,First Class,1270,800,True,3269.0,Y,Y,Y,2,7,3,32,Wednesday,False,False,False,Tan Son Nhat International Airport,SGN
Singapore Changi Airport,SIN,2024-08-28 09:40,Hong Kong International Airport,HKG,2024-08-28 13:55,255,Singapore Airlines,First Class,520,100,,5029.0,Y,Y,Y,2,7,1,50,Wednesday,False,False,False,Tan Son Nhat International Airport,SGN
Singapore Changi Airport,SIN,2024-08-29 15:15,Xiamen Gaoqi International Airport,XMN,2024-08-29 19:50,275,XiamenAir,First Class,1905,1450,True,3269.0,Y,Y,Y,2,7,3,32,Thursday,False,False,False,Tan Son Nhat International Airport,SGN
Singapore Changi Airport,SIN,2024-08-29 09:40,Hong Kong International Airport,HKG,2024-08-29 13:55,255,Singapore Airlines,First Class,520,100,,5029.0,Y,Y,Y,2,7,1,50,Thursday,False,False,False,Tan Son Nhat International Airport,SGN
Singapore Changi Airport,SIN,2024-08-30 09:40,Hong Kong International Airport,HKG,2024-08-30 13:55,255,Singapore Airlines,First Class,520,100,,5029.0,Y,Y,Y,2,7,1,50,Friday,False,False,False,Tan Son Nhat International Airport,SGN
Singapore Changi Airport,SIN,2024-08-31 14:00,Taiwan Taoyuan International Airport,TPE,2024-08-31 18:50,290,STARLUX Airlines,First Class,1275,780,True,4021.0,Y,Y,Y,2,10,3,32,Saturday,False,False,False,Tan Son Nhat International Airport,SGN
Singapore Changi Airport,SIN,2024-08-31 09:40,Hong Kong International Airport,HKG,2024-08-31 13:55,255,Singapore Airlines,First Class,520,100,,5029.0,Y,Y,Y,2,7,1,50,Saturday,False,False,False,Tan Son Nhat International Airport,SGN
