Departure Airport Name,Departure Airport ID,Departure Time,Arrival Airport Name,Arrival Airport ID,Arrival Time,Duration,Airline,Travel Class,Total Duration,Layover 1 Duration,Layover 1 Overnight,Price, Cabin Baggage, Checked Baggage,Meal Included,Cabin Baggage (Number),Cabin Baggage (kg per piece),Checked Baggage (Number),Checked Baggage (kg per piece) ,Day of Week (on flight date),Overnight Flight,Departure Country Is Holiday,Arrival Country Is Holiday,Final Arrival Airport Name,Final Arrival Airport ID
Singapore Changi Airport,SIN,2024-07-01 09:40,Hong Kong International Airport,HKG,2024-07-01 13:55,255,Singapore Airlines,First Class,510,95,,4322.0,Y,Y,Y,2,7,1,50,Monday,False,False,False,Suvarnabhumi Airport,BKK
Singapore Changi Airport,SIN,2024-07-01 09:40,Hong Kong International Airport,HKG,2024-07-01 13:55,255,Singapore Airlines,First Class,560,120,,4847.0,Y,Y,Y,2,7,1,50,Monday,False,False,False,Suvarnabhumi Airport,BKK
Singapore Changi Airport,SIN,2024-07-01 15:15,Xiamen Gaoqi International Airport,XMN,2024-07-01 19:50,275,XiamenAir,First Class,635,160,,,Y,Y,Y,2,7,3,32,Monday,False,False,False,Suvarnabhumi Airport,BKK
Singapore Changi Airport,SIN,2024-07-03 09:40,Hong Kong International Airport,HKG,2024-07-03 13:55,255,Singapore Airlines,First Class,510,95,,4322.0,Y,Y,Y,2,7,1,50,Wednesday,False,False,False,Suvarnabhumi Airport,BKK
Singapore Changi Airport,SIN,2024-07-03 09:40,Hong Kong International Airport,HKG,2024-07-03 13:55,255,Singapore Airlines,First Class,560,120,,4847.0,Y,Y,Y,2,7,1,50,Wednesday,False,False,False,Suvarnabhumi Airport,BKK
Singapore Changi Airport,SIN,2024-07-03 15:15,Xiamen Gaoqi International Airport,XMN,2024-07-03 19:50,275,XiamenAir,First Class,635,160,,,Y,Y,Y,2,7,3,32,Wednesday,False,False,False,Suvarnabhumi Airport,BKK
Singapore Changi Airport,SIN,2024-07-04 09:40,Hong Kong International Airport,HKG,2024-07-04 13:55,255,Singapore Airlines,First Class,510,95,,4322.0,Y,Y,Y,2,7,1,50,Thursday,False,False,False,Suvarnabhumi Airport,BKK
Singapore Changi Airport,SIN,2024-07-04 09:40,Hong Kong International Airport,HKG,2024-07-04 13:55,255,Singapore Airlines,First Class,560,120,,4847.0,Y,Y,Y,2,7,1,50,Thursday,False,False,False,Suvarnabhumi Airport,BKK
Singapore Changi Airport,SIN,2024-07-05 09:40,Hong Kong International Airport,HKG,2024-07-05 13:55,255,Singapore Airlines,First Class,510,95,,4322.0,Y,Y,Y,2,7,1,50,Friday,False,False,False,Suvarnabhumi Airport,BKK
Singapore Changi Airport,SIN,2024-07-05 09:40,Hong Kong International Airport,HKG,2024-07-05 13:55,255,Singapore Airlines,First Class,560,120,,4847.0,Y,Y,Y,2,7,1,50,Friday,False,False,False,Suvarnabhumi Airport,BKK
Singapore Changi Airport,SIN,2024-07-05 15:15,Xiamen Gaoqi International Airport,XMN,2024-07-05 19:50,275,XiamenAir,First Class,635,160,,,Y,Y,Y,2,7,3,32,Friday,False,False,False,Suvarnabhumi Airport,BKK
Singapore Changi Airport,SIN,2024-07-06 09:40,Hong Kong International Airport,HKG,2024-07-06 13:55,255,Singapore Airlines,First Class,510,95,,4322.0,Y,Y,Y,2,7,1,50,Saturday,False,False,False,Suvarnabhumi Airport,BKK
Singapore Changi Airport,SIN,2024-07-06 09:40,Hong Kong International Airport,HKG,2024-07-06 13:55,255,Singapore Airlines,First Class,560,120,,4847.0,Y,Y,Y,2,7,1,50,Saturday,False,False,False,Suvarnabhumi Airport,BKK
Singapore Changi Airport,SIN,2024-07-06 15:15,Xiamen Gaoqi International Airport,XMN,2024-07-06 19:50,275,XiamenAir,First Class,635,160,,,Y,Y,Y,2,7,3,32,Saturday,False,False,False,Suvarnabhumi Airport,BKK
Singapore Changi Airport,SIN,2024-07-07 09:40,Hong Kong International Airport,HKG,2024-07-07 13:55,255,Singapore Airlines,First Class,510,95,,4322.0,Y,Y,Y,2,7,1,50,Sunday,False,False,False,Suvarnabhumi Airport,BKK
Singapore Changi Airport,SIN,2024-07-07 09:40,Hong Kong International Airport,HKG,2024-07-07 13:55,255,Singapore Airlines,First Class,560,120,,4847.0,Y,Y,Y,2,7,1,50,Sunday,False,False,False,Suvarnabhumi Airport,BKK
Singapore Changi Airport,SIN,2024-07-07 15:15,Xiamen Gaoqi International Airport,XMN,2024-07-07 20:00,285,XiamenAir,First Class,635,150,,,Y,Y,Y,2,7,3,32,Sunday,False,False,False,Suvarnabhumi Airport,BKK
Singapore Changi Airport,SIN,2024-07-08 09:40,Hong Kong International Airport,HKG,2024-07-08 13:55,255,Singapore Airlines,First Class,510,95,,4322.0,Y,Y,Y,2,7,1,50,Monday,False,False,False,Suvarnabhumi Airport,BKK
Singapore Changi Airport,SIN,2024-07-08 09:40,Hong Kong International Airport,HKG,2024-07-08 13:55,255,Singapore Airlines,First Class,560,120,,4847.0,Y,Y,Y,2,7,1,50,Monday,False,False,False,Suvarnabhumi Airport,BKK
Singapore Changi Airport,SIN,2024-07-08 15:15,Xiamen Gaoqi International Airport,XMN,2024-07-08 19:50,275,XiamenAir,First Class,635,160,,,Y,Y,Y,2,7,3,32,Monday,False,False,False,Suvarnabhumi Airport,BKK
Singapore Changi Airport,SIN,2024-07-09 09:40,Hong Kong International Airport,HKG,2024-07-09 13:55,255,Singapore Airlines,First Class,510,95,,4322.0,Y,Y,Y,2,7,1,50,Tuesday,False,False,False,Suvarnabhumi Airport,BKK
Singapore Changi Airport,SIN,2024-07-09 09:40,Hong Kong International Airport,HKG,2024-07-09 13:55,255,Singapore Airlines,First Class,560,120,,4847.0,Y,Y,Y,2,7,1,50,Tuesday,False,False,False,Suvarnabhumi Airport,BKK
Singapore Changi Airport,SIN,2024-07-10 09:40,Hong Kong International Airport,HKG,2024-07-10 13:55,255,Singapore Airlines,First Class,510,95,,4322.0,Y,Y,Y,2,7,1,50,Wednesday,False,False,False,Suvarnabhumi Airport,BKK
Singapore Changi Airport,SIN,2024-07-10 09:40,Hong Kong International Airport,HKG,2024-07-10 13:55,255,Singapore Airlines,First Class,560,120,,4847.0,Y,Y,Y,2,7,1,50,Wednesday,False,False,False,Suvarnabhumi Airport,BKK
Singapore Changi Airport,SIN,2024-07-11 09:40,Hong Kong International Airport,HKG,2024-07-11 13:55,255,Singapore Airlines,First Class,510,95,,4322.0,Y,Y,Y,2,7,1,50,Thursday,False,False,False,Suvarnabhumi Airport,BKK
Singapore Changi Airport,SIN,2024-07-11 09:40,Hong Kong International Airport,HKG,2024-07-11 13:55,255,Singapore Airlines,First Class,560,120,,4847.0,Y,Y,Y,2,7,1,50,Thursday,False,False,False,Suvarnabhumi Airport,BKK
Singapore Changi Airport,SIN,2024-07-11 15:15,Xiamen Gaoqi International Airport,XMN,2024-07-11 19:50,275,XiamenAir,First Class,635,160,,,Y,Y,Y,2,7,3,32,Thursday,False,False,False,Suvarnabhumi Airport,BKK
Singapore Changi Airport,SIN,2024-07-12 09:40,Hong Kong International Airport,HKG,2024-07-12 13:55,255,Singapore Airlines,First Class,510,95,,4322.0,Y,Y,Y,2,7,1,50,Friday,False,False,False,Suvarnabhumi Airport,BKK
Singapore Changi Airport,SIN,2024-07-12 09:40,Hong Kong International Airport,HKG,2024-07-12 13:55,255,Singapore Airlines,First Class,560,120,,4847.0,Y,Y,Y,2,7,1,50,Friday,False,False,False,Suvarnabhumi Airport,BKK
Singapore Changi Airport,SIN,2024-07-12 15:15,Xiamen Gaoqi International Airport,XMN,2024-07-12 19:50,275,XiamenAir,First Class,635,160,,,Y,Y,Y,2,7,3,32,Friday,False,False,False,Suvarnabhumi Airport,BKK
Singapore Changi Airport,SIN,2024-07-13 09:40,Hong Kong International Airport,HKG,2024-07-13 13:55,255,Singapore Airlines,First Class,510,95,,4322.0,Y,Y,Y,2,7,1,50,Saturday,False,False,False,Suvarnabhumi Airport,BKK
Singapore Changi Airport,SIN,2024-07-13 09:40,Hong Kong International Airport,HKG,2024-07-13 13:55,255,Singapore Airlines,First Class,560,120,,4847.0,Y,Y,Y,2,7,1,50,Saturday,False,False,False,Suvarnabhumi Airport,BKK
Singapore Changi Airport,SIN,2024-07-13 15:15,Xiamen Gaoqi International Airport,XMN,2024-07-13 19:50,275,XiamenAir,First Class,635,160,,,Y,Y,Y,2,7,3,32,Saturday,False,False,False,Suvarnabhumi Airport,BKK
Singapore Changi Airport,SIN,2024-07-14 09:40,Hong Kong International Airport,HKG,2024-07-14 13:55,255,Singapore Airlines,First Class,510,95,,4322.0,Y,Y,Y,2,7,1,50,Sunday,False,False,False,Suvarnabhumi Airport,BKK
Singapore Changi Airport,SIN,2024-07-14 09:40,Hong Kong International Airport,HKG,2024-07-14 13:55,255,Singapore Airlines,First Class,560,120,,4847.0,Y,Y,Y,2,7,1,50,Sunday,False,False,False,Suvarnabhumi Airport,BKK
Singapore Changi Airport,SIN,2024-07-14 15:15,Xiamen Gaoqi International Airport,XMN,2024-07-14 20:00,285,XiamenAir,First Class,635,150,,,Y,Y,Y,2,7,3,32,Sunday,False,False,False,Suvarnabhumi Airport,BKK
Singapore Changi Airport,SIN,2024-07-15 09:40,Hong Kong International Airport,HKG,2024-07-15 13:55,255,Singapore Airlines,First Class,510,95,,4322.0,Y,Y,Y,2,7,1,50,Monday,False,False,False,Suvarnabhumi Airport,BKK
Singapore Changi Airport,SIN,2024-07-15 09:40,Hong Kong International Airport,HKG,2024-07-15 13:55,255,Singapore Airlines,First Class,560,120,,4847.0,Y,Y,Y,2,7,1,50,Monday,False,False,False,Suvarnabhumi Airport,BKK
Singapore Changi Airport,SIN,2024-07-15 15:15,Xiamen Gaoqi International Airport,XMN,2024-07-15 19:50,275,XiamenAir,First Class,635,160,,,Y,Y,Y,2,7,3,32,Monday,False,False,False,Suvarnabhumi Airport,BKK
Singapore Changi Airport,SIN,2024-07-16 09:40,Hong Kong International Airport,HKG,2024-07-16 13:55,255,Singapore Airlines,First Class,510,95,,4322.0,Y,Y,Y,2,7,1,50,Tuesday,False,False,False,Suvarnabhumi Airport,BKK
Singapore Changi Airport,SIN,2024-07-16 09:40,Hong Kong International Airport,HKG,2024-07-16 13:55,255,Singapore Airlines,First Class,560,120,,4847.0,Y,Y,Y,2,7,1,50,Tuesday,False,False,False,Suvarnabhumi Airport,BKK
Singapore Changi Airport,SIN,2024-07-17 09:40,Hong Kong International Airport,HKG,2024-07-17 13:55,255,Singapore Airlines,First Class,510,95,,4322.0,Y,Y,Y,2,7,1,50,Wednesday,False,False,False,Suvarnabhumi Airport,BKK
Singapore Changi Airport,SIN,2024-07-17 09:40,Hong Kong International Airport,HKG,2024-07-17 13:55,255,Singapore Airlines,First Class,560,120,,4847.0,Y,Y,Y,2,7,1,50,Wednesday,False,False,False,Suvarnabhumi Airport,BKK
Singapore Changi Airport,SIN,2024-07-18 15:15,Xiamen Gaoqi International Airport,XMN,2024-07-18 19:50,275,XiamenAir,First Class,635,160,,,Y,Y,Y,2,7,3,32,Thursday,False,False,False,Suvarnabhumi Airport,BKK
Singapore Changi Airport,SIN,2024-07-19 09:40,Hong Kong International Airport,HKG,2024-07-19 13:55,255,Singapore Airlines,First Class,510,95,,4322.0,Y,Y,Y,2,7,1,50,Friday,False,False,False,Suvarnabhumi Airport,BKK
Singapore Changi Airport,SIN,2024-07-19 09:40,Hong Kong International Airport,HKG,2024-07-19 13:55,255,Singapore Airlines,First Class,560,120,,4847.0,Y,Y,Y,2,7,1,50,Friday,False,False,False,Suvarnabhumi Airport,BKK
Singapore Changi Airport,SIN,2024-07-19 15:15,Xiamen Gaoqi International Airport,XMN,2024-07-19 19:50,275,XiamenAir,First Class,635,160,,,Y,Y,Y,2,7,3,32,Friday,False,False,False,Suvarnabhumi Airport,BKK
Singapore Changi Airport,SIN,2024-07-20 09:40,Hong Kong International Airport,HKG,2024-07-20 13:55,255,Singapore Airlines,First Class,510,95,,4322.0,Y,Y,Y,2,7,1,50,Saturday,False,False,True,Suvarnabhumi Airport,BKK
Singapore Changi Airport,SIN,2024-07-20 09:40,Hong Kong International Airport,HKG,2024-07-20 13:55,255,Singapore Airlines,First Class,560,120,,4847.0,Y,Y,Y,2,7,1,50,Saturday,False,False,True,Suvarnabhumi Airport,BKK
Singapore Changi Airport,SIN,2024-07-20 15:15,Xiamen Gaoqi International Airport,XMN,2024-07-20 19:50,275,XiamenAir,First Class,635,160,,,Y,Y,Y,2,7,3,32,Saturday,False,False,True,Suvarnabhumi Airport,BKK
Singapore Changi Airport,SIN,2024-07-22 09:40,Hong Kong International Airport,HKG,2024-07-22 13:55,255,Singapore Airlines,First Class,510,95,,4322.0,Y,Y,Y,2,7,1,50,Monday,False,False,True,Suvarnabhumi Airport,BKK
Singapore Changi Airport,SIN,2024-07-22 09:40,Hong Kong International Airport,HKG,2024-07-22 13:55,255,Singapore Airlines,First Class,560,120,,4847.0,Y,Y,Y,2,7,1,50,Monday,False,False,True,Suvarnabhumi Airport,BKK
Singapore Changi Airport,SIN,2024-07-22 15:15,Xiamen Gaoqi International Airport,XMN,2024-07-22 19:50,275,XiamenAir,First Class,635,160,,,Y,Y,Y,2,7,3,32,Monday,False,False,True,Suvarnabhumi Airport,BKK
Singapore Changi Airport,SIN,2024-07-23 09:40,Hong Kong International Airport,HKG,2024-07-23 13:55,255,Singapore Airlines,First Class,510,95,,4322.0,Y,Y,Y,2,7,1,50,Tuesday,False,False,False,Suvarnabhumi Airport,BKK
Singapore Changi Airport,SIN,2024-07-23 09:40,Hong Kong International Airport,HKG,2024-07-23 13:55,255,Singapore Airlines,First Class,560,120,,4847.0,Y,Y,Y,2,7,1,50,Tuesday,False,False,False,Suvarnabhumi Airport,BKK
Singapore Changi Airport,SIN,2024-07-24 09:40,Hong Kong International Airport,HKG,2024-07-24 13:55,255,Singapore Airlines,First Class,510,95,,4322.0,Y,Y,Y,2,7,1,50,Wednesday,False,False,False,Suvarnabhumi Airport,BKK
Singapore Changi Airport,SIN,2024-07-24 09:40,Hong Kong International Airport,HKG,2024-07-24 13:55,255,Singapore Airlines,First Class,560,120,,4847.0,Y,Y,Y,2,7,1,50,Wednesday,False,False,False,Suvarnabhumi Airport,BKK
Singapore Changi Airport,SIN,2024-07-25 09:40,Hong Kong International Airport,HKG,2024-07-25 13:55,255,Singapore Airlines,First Class,510,95,,4322.0,Y,Y,Y,2,7,1,50,Thursday,False,False,False,Suvarnabhumi Airport,BKK
Singapore Changi Airport,SIN,2024-07-25 09:40,Hong Kong International Airport,HKG,2024-07-25 13:55,255,Singapore Airlines,First Class,560,120,,4847.0,Y,Y,Y,2,7,1,50,Thursday,False,False,False,Suvarnabhumi Airport,BKK
Singapore Changi Airport,SIN,2024-07-25 15:15,Xiamen Gaoqi International Airport,XMN,2024-07-25 19:50,275,XiamenAir,First Class,635,160,,,Y,Y,Y,2,7,3,32,Thursday,False,False,False,Suvarnabhumi Airport,BKK
Singapore Changi Airport,SIN,2024-07-26 09:40,Hong Kong International Airport,HKG,2024-07-26 13:55,255,Singapore Airlines,First Class,510,95,,4322.0,Y,Y,Y,2,7,1,50,Friday,False,False,False,Suvarnabhumi Airport,BKK
Singapore Changi Airport,SIN,2024-07-26 09:40,Hong Kong International Airport,HKG,2024-07-26 13:55,255,Singapore Airlines,First Class,560,120,,4847.0,Y,Y,Y,2,7,1,50,Friday,False,False,False,Suvarnabhumi Airport,BKK
Singapore Changi Airport,SIN,2024-07-26 15:15,Xiamen Gaoqi International Airport,XMN,2024-07-26 19:50,275,XiamenAir,First Class,635,160,,,Y,Y,Y,2,7,3,32,Friday,False,False,False,Suvarnabhumi Airport,BKK
Singapore Changi Airport,SIN,2024-07-27 09:40,Hong Kong International Airport,HKG,2024-07-27 13:55,255,Singapore Airlines,First Class,510,95,,4322.0,Y,Y,Y,2,7,1,50,Saturday,False,False,False,Suvarnabhumi Airport,BKK
Singapore Changi Airport,SIN,2024-07-27 09:40,Hong Kong International Airport,HKG,2024-07-27 13:55,255,Singapore Airlines,First Class,560,120,,4847.0,Y,Y,Y,2,7,1,50,Saturday,False,False,False,Suvarnabhumi Airport,BKK
Singapore Changi Airport,SIN,2024-07-27 15:15,Xiamen Gaoqi International Airport,XMN,2024-07-27 19:50,275,XiamenAir,First Class,635,160,,,Y,Y,Y,2,7,3,32,Saturday,False,False,False,Suvarnabhumi Airport,BKK
Singapore Changi Airport,SIN,2024-07-28 09:40,Hong Kong International Airport,HKG,2024-07-28 13:55,255,Singapore Airlines,First Class,510,95,,4322.0,Y,Y,Y,2,7,1,50,Sunday,False,False,True,Suvarnabhumi Airport,BKK
Singapore Changi Airport,SIN,2024-07-28 09:40,Hong Kong International Airport,HKG,2024-07-28 13:55,255,Singapore Airlines,First Class,560,120,,4847.0,Y,Y,Y,2,7,1,50,Sunday,False,False,True,Suvarnabhumi Airport,BKK
Singapore Changi Airport,SIN,2024-07-28 15:15,Xiamen Gaoqi International Airport,XMN,2024-07-28 20:00,285,XiamenAir,First Class,635,150,,,Y,Y,Y,2,7,3,32,Sunday,False,False,True,Suvarnabhumi Airport,BKK
Singapore Changi Airport,SIN,2024-07-29 09:40,Hong Kong International Airport,HKG,2024-07-29 13:55,255,Singapore Airlines,First Class,510,95,,4322.0,Y,Y,Y,2,7,1,50,Monday,False,False,True,Suvarnabhumi Airport,BKK
Singapore Changi Airport,SIN,2024-07-29 09:40,Hong Kong International Airport,HKG,2024-07-29 13:55,255,Singapore Airlines,First Class,560,120,,4847.0,Y,Y,Y,2,7,1,50,Monday,False,False,True,Suvarnabhumi Airport,BKK
Singapore Changi Airport,SIN,2024-07-29 15:15,Xiamen Gaoqi International Airport,XMN,2024-07-29 19:50,275,XiamenAir,First Class,635,160,,,Y,Y,Y,2,7,3,32,Monday,False,False,True,Suvarnabhumi Airport,BKK
Singapore Changi Airport,SIN,2024-07-30 09:40,Hong Kong International Airport,HKG,2024-07-30 13:55,255,Singapore Airlines,First Class,510,95,,4322.0,Y,Y,Y,2,7,1,50,Tuesday,False,False,False,Suvarnabhumi Airport,BKK
Singapore Changi Airport,SIN,2024-07-30 09:40,Hong Kong International Airport,HKG,2024-07-30 13:55,255,Singapore Airlines,First Class,560,120,,4847.0,Y,Y,Y,2,7,1,50,Tuesday,False,False,False,Suvarnabhumi Airport,BKK
Singapore Changi Airport,SIN,2024-07-31 15:15,Xiamen Gaoqi International Airport,XMN,2024-07-31 19:50,275,XiamenAir,First Class,635,160,,,Y,Y,Y,2,7,3,32,Wednesday,False,False,False,Suvarnabhumi Airport,BKK
Singapore Changi Airport,SIN,2024-08-01 09:40,Hong Kong International Airport,HKG,2024-08-01 13:55,255,Singapore Airlines,First Class,510,95,,4561.0,Y,Y,Y,2,7,1,50,Thursday,False,False,False,Suvarnabhumi Airport,BKK
Singapore Changi Airport,SIN,2024-08-01 09:40,Hong Kong International Airport,HKG,2024-08-01 13:55,255,Singapore Airlines,First Class,560,120,,4880.0,Y,Y,Y,2,7,1,50,Thursday,False,False,False,Suvarnabhumi Airport,BKK
Singapore Changi Airport,SIN,2024-08-02 09:40,Hong Kong International Airport,HKG,2024-08-02 13:55,255,Singapore Airlines,First Class,510,95,,4561.0,Y,Y,Y,2,7,1,50,Friday,False,False,False,Suvarnabhumi Airport,BKK
Singapore Changi Airport,SIN,2024-08-02 09:40,Hong Kong International Airport,HKG,2024-08-02 13:55,255,Singapore Airlines,First Class,560,120,,4880.0,Y,Y,Y,2,7,1,50,Friday,False,False,False,Suvarnabhumi Airport,BKK
Singapore Changi Airport,SIN,2024-08-03 09:40,Hong Kong International Airport,HKG,2024-08-03 13:55,255,Singapore Airlines,First Class,510,95,,4561.0,Y,Y,Y,2,7,1,50,Saturday,False,False,False,Suvarnabhumi Airport,BKK
Singapore Changi Airport,SIN,2024-08-03 09:40,Hong Kong International Airport,HKG,2024-08-03 13:55,255,Singapore Airlines,First Class,560,120,,4880.0,Y,Y,Y,2,7,1,50,Saturday,False,False,False,Suvarnabhumi Airport,BKK
Singapore Changi Airport,SIN,2024-08-04 09:40,Hong Kong International Airport,HKG,2024-08-04 13:55,255,Singapore Airlines,First Class,510,95,,4561.0,Y,Y,Y,2,7,1,50,Sunday,False,False,False,Suvarnabhumi Airport,BKK
Singapore Changi Airport,SIN,2024-08-04 09:40,Hong Kong International Airport,HKG,2024-08-04 13:55,255,Singapore Airlines,First Class,560,120,,4880.0,Y,Y,Y,2,7,1,50,Sunday,False,False,False,Suvarnabhumi Airport,BKK
Singapore Changi Airport,SIN,2024-08-05 15:15,Xiamen Gaoqi International Airport,XMN,2024-08-05 19:50,275,XiamenAir,First Class,635,160,,3241.0,Y,Y,Y,2,7,3,32,Monday,False,False,False,Suvarnabhumi Airport,BKK
Singapore Changi Airport,SIN,2024-08-05 09:40,Hong Kong International Airport,HKG,2024-08-05 13:55,255,Singapore Airlines,First Class,510,95,,4561.0,Y,Y,Y,2,7,1,50,Monday,False,False,False,Suvarnabhumi Airport,BKK
Singapore Changi Airport,SIN,2024-08-05 09:40,Hong Kong International Airport,HKG,2024-08-05 13:55,255,Singapore Airlines,First Class,560,120,,4880.0,Y,Y,Y,2,7,1,50,Monday,False,False,False,Suvarnabhumi Airport,BKK
Singapore Changi Airport,SIN,2024-08-06 09:40,Hong Kong International Airport,HKG,2024-08-06 13:55,255,Singapore Airlines,First Class,510,95,,4561.0,Y,Y,Y,2,7,1,50,Tuesday,False,False,False,Suvarnabhumi Airport,BKK
Singapore Changi Airport,SIN,2024-08-06 09:40,Hong Kong International Airport,HKG,2024-08-06 13:55,255,Singapore Airlines,First Class,560,120,,4880.0,Y,Y,Y,2,7,1,50,Tuesday,False,False,False,Suvarnabhumi Airport,BKK
Singapore Changi Airport,SIN,2024-08-07 15:15,Xiamen Gaoqi International Airport,XMN,2024-08-07 19:50,275,XiamenAir,First Class,635,160,,3241.0,Y,Y,Y,2,7,3,32,Wednesday,False,False,False,Suvarnabhumi Airport,BKK
Singapore Changi Airport,SIN,2024-08-07 09:40,Hong Kong International Airport,HKG,2024-08-07 13:55,255,Singapore Airlines,First Class,510,95,,4561.0,Y,Y,Y,2,7,1,50,Wednesday,False,False,False,Suvarnabhumi Airport,BKK
Singapore Changi Airport,SIN,2024-08-07 09:40,Hong Kong International Airport,HKG,2024-08-07 13:55,255,Singapore Airlines,First Class,560,120,,4880.0,Y,Y,Y,2,7,1,50,Wednesday,False,False,False,Suvarnabhumi Airport,BKK
Singapore Changi Airport,SIN,2024-08-10 09:40,Hong Kong International Airport,HKG,2024-08-10 13:55,255,Singapore Airlines,First Class,510,95,,4561.0,Y,Y,Y,2,7,1,50,Saturday,False,False,False,Suvarnabhumi Airport,BKK
Singapore Changi Airport,SIN,2024-08-10 09:40,Hong Kong International Airport,HKG,2024-08-10 13:55,255,Singapore Airlines,First Class,560,120,,4880.0,Y,Y,Y,2,7,1,50,Saturday,False,False,False,Suvarnabhumi Airport,BKK
Singapore Changi Airport,SIN,2024-08-12 15:15,Xiamen Gaoqi International Airport,XMN,2024-08-12 19:50,275,XiamenAir,First Class,635,160,,3241.0,Y,Y,Y,2,7,3,32,Monday,False,False,True,Suvarnabhumi Airport,BKK
Singapore Changi Airport,SIN,2024-08-12 09:40,Hong Kong International Airport,HKG,2024-08-12 13:55,255,Singapore Airlines,First Class,510,95,,4561.0,Y,Y,Y,2,7,1,50,Monday,False,False,True,Suvarnabhumi Airport,BKK
Singapore Changi Airport,SIN,2024-08-12 09:40,Hong Kong International Airport,HKG,2024-08-12 13:55,255,Singapore Airlines,First Class,560,120,,4880.0,Y,Y,Y,2,7,1,50,Monday,False,False,True,Suvarnabhumi Airport,BKK
Singapore Changi Airport,SIN,2024-08-13 09:40,Hong Kong International Airport,HKG,2024-08-13 13:55,255,Singapore Airlines,First Class,510,95,,4561.0,Y,Y,Y,2,7,1,50,Tuesday,False,False,False,Suvarnabhumi Airport,BKK
Singapore Changi Airport,SIN,2024-08-13 09:40,Hong Kong International Airport,HKG,2024-08-13 13:55,255,Singapore Airlines,First Class,560,120,,4880.0,Y,Y,Y,2,7,1,50,Tuesday,False,False,False,Suvarnabhumi Airport,BKK
Singapore Changi Airport,SIN,2024-08-14 15:15,Xiamen Gaoqi International Airport,XMN,2024-08-14 19:50,275,XiamenAir,First Class,635,160,,3241.0,Y,Y,Y,2,7,3,32,Wednesday,False,False,False,Suvarnabhumi Airport,BKK
Singapore Changi Airport,SIN,2024-08-15 09:40,Hong Kong International Airport,HKG,2024-08-15 13:55,255,Singapore Airlines,First Class,510,95,,4561.0,Y,Y,Y,2,7,1,50,Thursday,False,False,False,Suvarnabhumi Airport,BKK
Singapore Changi Airport,SIN,2024-08-15 09:40,Hong Kong International Airport,HKG,2024-08-15 13:55,255,Singapore Airlines,First Class,560,120,,4880.0,Y,Y,Y,2,7,1,50,Thursday,False,False,False,Suvarnabhumi Airport,BKK
Singapore Changi Airport,SIN,2024-08-16 15:15,Xiamen Gaoqi International Airport,XMN,2024-08-16 19:50,275,XiamenAir,First Class,635,160,,3241.0,Y,Y,Y,2,7,3,32,Friday,False,False,False,Suvarnabhumi Airport,BKK
Singapore Changi Airport,SIN,2024-08-16 09:40,Hong Kong International Airport,HKG,2024-08-16 13:55,255,Singapore Airlines,First Class,510,95,,4561.0,Y,Y,Y,2,7,1,50,Friday,False,False,False,Suvarnabhumi Airport,BKK
Singapore Changi Airport,SIN,2024-08-16 09:40,Hong Kong International Airport,HKG,2024-08-16 13:55,255,Singapore Airlines,First Class,560,120,,4880.0,Y,Y,Y,2,7,1,50,Friday,False,False,False,Suvarnabhumi Airport,BKK
Singapore Changi Airport,SIN,2024-08-17 15:15,Xiamen Gaoqi International Airport,XMN,2024-08-17 19:50,275,XiamenAir,First Class,635,160,,3241.0,Y,Y,Y,2,7,3,32,Saturday,False,False,False,Suvarnabhumi Airport,BKK
Singapore Changi Airport,SIN,2024-08-17 09:40,Hong Kong International Airport,HKG,2024-08-17 13:55,255,Singapore Airlines,First Class,510,95,,4561.0,Y,Y,Y,2,7,1,50,Saturday,False,False,False,Suvarnabhumi Airport,BKK
Singapore Changi Airport,SIN,2024-08-17 09:40,Hong Kong International Airport,HKG,2024-08-17 13:55,255,Singapore Airlines,First Class,560,120,,4880.0,Y,Y,Y,2,7,1,50,Saturday,False,False,False,Suvarnabhumi Airport,BKK
Singapore Changi Airport,SIN,2024-08-18 15:15,Xiamen Gaoqi International Airport,XMN,2024-08-18 20:00,285,XiamenAir,First Class,635,150,,3241.0,Y,Y,Y,2,7,3,32,Sunday,False,False,False,Suvarnabhumi Airport,BKK
Singapore Changi Airport,SIN,2024-08-18 09:40,Hong Kong International Airport,HKG,2024-08-18 13:55,255,Singapore Airlines,First Class,510,95,,4561.0,Y,Y,Y,2,7,1,50,Sunday,False,False,False,Suvarnabhumi Airport,BKK
Singapore Changi Airport,SIN,2024-08-18 09:40,Hong Kong International Airport,HKG,2024-08-18 13:55,255,Singapore Airlines,First Class,560,120,,4880.0,Y,Y,Y,2,7,1,50,Sunday,False,False,False,Suvarnabhumi Airport,BKK
Singapore Changi Airport,SIN,2024-08-19 15:15,Xiamen Gaoqi International Airport,XMN,2024-08-19 19:50,275,XiamenAir,First Class,635,160,,3241.0,Y,Y,Y,2,7,3,32,Monday,False,False,False,Suvarnabhumi Airport,BKK
Singapore Changi Airport,SIN,2024-08-19 09:40,Hong Kong International Airport,HKG,2024-08-19 13:55,255,Singapore Airlines,First Class,510,95,,4561.0,Y,Y,Y,2,7,1,50,Monday,False,False,False,Suvarnabhumi Airport,BKK
Singapore Changi Airport,SIN,2024-08-19 09:40,Hong Kong International Airport,HKG,2024-08-19 13:55,255,Singapore Airlines,First Class,560,120,,4880.0,Y,Y,Y,2,7,1,50,Monday,False,False,False,Suvarnabhumi Airport,BKK
Singapore Changi Airport,SIN,2024-08-20 15:15,Xiamen Gaoqi International Airport,XMN,2024-08-20 19:50,275,XiamenAir,First Class,635,160,,3241.0,Y,Y,Y,2,7,3,32,Tuesday,False,False,False,Suvarnabhumi Airport,BKK
Singapore Changi Airport,SIN,2024-08-20 09:40,Hong Kong International Airport,HKG,2024-08-20 13:55,255,Singapore Airlines,First Class,510,95,,4561.0,Y,Y,Y,2,7,1,50,Tuesday,False,False,False,Suvarnabhumi Airport,BKK
Singapore Changi Airport,SIN,2024-08-20 09:40,Hong Kong International Airport,HKG,2024-08-20 13:55,255,Singapore Airlines,First Class,560,120,,4880.0,Y,Y,Y,2,7,1,50,Tuesday,False,False,False,Suvarnabhumi Airport,BKK
Singapore Changi Airport,SIN,2024-08-21 15:15,Xiamen Gaoqi International Airport,XMN,2024-08-21 19:50,275,XiamenAir,First Class,635,160,,3241.0,Y,Y,Y,2,7,3,32,Wednesday,False,False,False,Suvarnabhumi Airport,BKK
Singapore Changi Airport,SIN,2024-08-21 09:40,Hong Kong International Airport,HKG,2024-08-21 13:55,255,Singapore Airlines,First Class,510,95,,4561.0,Y,Y,Y,2,7,1,50,Wednesday,False,False,False,Suvarnabhumi Airport,BKK
Singapore Changi Airport,SIN,2024-08-21 09:40,Hong Kong International Airport,HKG,2024-08-21 13:55,255,Singapore Airlines,First Class,560,120,,4880.0,Y,Y,Y,2,7,1,50,Wednesday,False,False,False,Suvarnabhumi Airport,BKK
Singapore Changi Airport,SIN,2024-08-22 09:40,Hong Kong International Airport,HKG,2024-08-22 13:55,255,Singapore Airlines,First Class,510,95,,4561.0,Y,Y,Y,2,7,1,50,Thursday,False,False,False,Suvarnabhumi Airport,BKK
Singapore Changi Airport,SIN,2024-08-22 09:40,Hong Kong International Airport,HKG,2024-08-22 13:55,255,Singapore Airlines,First Class,560,120,,4880.0,Y,Y,Y,2,7,1,50,Thursday,False,False,False,Suvarnabhumi Airport,BKK
Singapore Changi Airport,SIN,2024-08-23 15:15,Xiamen Gaoqi International Airport,XMN,2024-08-23 19:50,275,XiamenAir,First Class,635,160,,3241.0,Y,Y,Y,2,7,3,32,Friday,False,False,False,Suvarnabhumi Airport,BKK
Singapore Changi Airport,SIN,2024-08-23 09:40,Hong Kong International Airport,HKG,2024-08-23 13:55,255,Singapore Airlines,First Class,510,95,,4561.0,Y,Y,Y,2,7,1,50,Friday,False,False,False,Suvarnabhumi Airport,BKK
Singapore Changi Airport,SIN,2024-08-23 09:40,Hong Kong International Airport,HKG,2024-08-23 13:55,255,Singapore Airlines,First Class,560,120,,4880.0,Y,Y,Y,2,7,1,50,Friday,False,False,False,Suvarnabhumi Airport,BKK
Singapore Changi Airport,SIN,2024-08-24 09:40,Hong Kong International Airport,HKG,2024-08-24 13:55,255,Singapore Airlines,First Class,510,95,,4561.0,Y,Y,Y,2,7,1,50,Saturday,False,False,False,Suvarnabhumi Airport,BKK
Singapore Changi Airport,SIN,2024-08-24 09:40,Hong Kong International Airport,HKG,2024-08-24 13:55,255,Singapore Airlines,First Class,560,120,,4880.0,Y,Y,Y,2,7,1,50,Saturday,False,False,False,Suvarnabhumi Airport,BKK
Singapore Changi Airport,SIN,2024-08-25 09:40,Hong Kong International Airport,HKG,2024-08-25 13:55,255,Singapore Airlines,First Class,510,95,,4561.0,Y,Y,Y,2,7,1,50,Sunday,False,False,False,Suvarnabhumi Airport,BKK
Singapore Changi Airport,SIN,2024-08-25 09:40,Hong Kong International Airport,HKG,2024-08-25 13:55,255,Singapore Airlines,First Class,560,120,,4880.0,Y,Y,Y,2,7,1,50,Sunday,False,False,False,Suvarnabhumi Airport,BKK
Singapore Changi Airport,SIN,2024-08-26 09:40,Hong Kong International Airport,HKG,2024-08-26 13:55,255,Singapore Airlines,First Class,510,95,,4561.0,Y,Y,Y,2,7,1,50,Monday,False,False,False,Suvarnabhumi Airport,BKK
Singapore Changi Airport,SIN,2024-08-26 09:40,Hong Kong International Airport,HKG,2024-08-26 13:55,255,Singapore Airlines,First Class,560,120,,4880.0,Y,Y,Y,2,7,1,50,Monday,False,False,False,Suvarnabhumi Airport,BKK
Singapore Changi Airport,SIN,2024-08-26 14:00,Taiwan Taoyuan International Airport,TPE,2024-08-26 18:50,290,STARLUX Airlines,First Class,630,115,,5397.0,Y,Y,Y,2,10,3,32,Monday,False,False,False,Suvarnabhumi Airport,BKK
Singapore Changi Airport,SIN,2024-08-27 09:40,Hong Kong International Airport,HKG,2024-08-27 13:55,255,Singapore Airlines,First Class,510,95,,4561.0,Y,Y,Y,2,7,1,50,Tuesday,False,False,False,Suvarnabhumi Airport,BKK
Singapore Changi Airport,SIN,2024-08-27 09:40,Hong Kong International Airport,HKG,2024-08-27 13:55,255,Singapore Airlines,First Class,560,120,,4880.0,Y,Y,Y,2,7,1,50,Tuesday,False,False,False,Suvarnabhumi Airport,BKK
Singapore Changi Airport,SIN,2024-08-28 09:40,Hong Kong International Airport,HKG,2024-08-28 13:55,255,Singapore Airlines,First Class,510,95,,4561.0,Y,Y,Y,2,7,1,50,Wednesday,False,False,False,Suvarnabhumi Airport,BKK
Singapore Changi Airport,SIN,2024-08-28 09:40,Hong Kong International Airport,HKG,2024-08-28 13:55,255,Singapore Airlines,First Class,560,120,,4880.0,Y,Y,Y,2,7,1,50,Wednesday,False,False,False,Suvarnabhumi Airport,BKK
Singapore Changi Airport,SIN,2024-08-29 09:40,Hong Kong International Airport,HKG,2024-08-29 13:55,255,Singapore Airlines,First Class,510,95,,4561.0,Y,Y,Y,2,7,1,50,Thursday,False,False,False,Suvarnabhumi Airport,BKK
Singapore Changi Airport,SIN,2024-08-29 09:40,Hong Kong International Airport,HKG,2024-08-29 13:55,255,Singapore Airlines,First Class,560,120,,4880.0,Y,Y,Y,2,7,1,50,Thursday,False,False,False,Suvarnabhumi Airport,BKK
Singapore Changi Airport,SIN,2024-08-30 09:40,Hong Kong International Airport,HKG,2024-08-30 13:55,255,Singapore Airlines,First Class,510,95,,4561.0,Y,Y,Y,2,7,1,50,Friday,False,False,False,Suvarnabhumi Airport,BKK
Singapore Changi Airport,SIN,2024-08-30 09:40,Hong Kong International Airport,HKG,2024-08-30 13:55,255,Singapore Airlines,First Class,560,120,,4880.0,Y,Y,Y,2,7,1,50,Friday,False,False,False,Suvarnabhumi Airport,BKK
Singapore Changi Airport,SIN,2024-08-31 09:40,Hong Kong International Airport,HKG,2024-08-31 13:55,255,Singapore Airlines,First Class,510,95,,4561.0,Y,Y,Y,2,7,1,50,Saturday,False,False,False,Suvarnabhumi Airport,BKK
Singapore Changi Airport,SIN,2024-08-31 09:40,Hong Kong International Airport,HKG,2024-08-31 13:55,255,Singapore Airlines,First Class,560,120,,4880.0,Y,Y,Y,2,7,1,50,Saturday,False,False,False,Suvarnabhumi Airport,BKK
