Departure Airport Name,Departure Airport ID,Departure Time,Arrival Airport Name,Arrival Airport ID,Arrival Time,Duration,Airline,Travel Class,Total Duration,Layover 1 Duration,Layover 1 Overnight,Price, Cabin Baggage, Checked Baggage,Meal Included,Cabin Baggage (Number),Cabin Baggage (kg per piece),Checked Baggage (Number),Checked Baggage (kg per piece) ,Day of Week (on flight date),Overnight Flight,Departure Country Is Holiday,Arrival Country Is Holiday,Final Arrival Airport Name,Final Arrival Airport ID
Singapore Changi Airport,SIN,2024-07-01 14:00,Taiwan Taoyuan International Airport,TPE,2024-07-01 18:50,290,STARLUX,First Class,1265,730,True,4045,Y,Y,Y,2,10,3,32,Monday,False,False,False,Yangon International Airport,RGN
Singapore Changi Airport,SIN,2024-07-03 14:00,Taiwan Taoyuan International Airport,TPE,2024-07-03 18:50,290,STARLUX,First Class,1265,730,True,4045,Y,Y,Y,2,10,3,32,Wednesday,False,False,False,Yangon International Airport,RGN
Singapore Changi Airport,SIN,2024-07-05 14:00,Taiwan Taoyuan International Airport,TPE,2024-07-05 18:50,290,STARLUX,First Class,1265,730,True,3814,Y,Y,Y,2,10,3,32,Friday,False,False,False,Yangon International Airport,RGN
Singapore Changi Airport,SIN,2024-07-08 14:00,Taiwan Taoyuan International Airport,TPE,2024-07-08 18:50,290,STARLUX,First Class,1265,730,True,4045,Y,Y,Y,2,10,3,32,Monday,False,False,False,Yangon International Airport,RGN
Singapore Changi Airport,SIN,2024-07-10 14:00,Taiwan Taoyuan International Airport,TPE,2024-07-10 18:50,290,STARLUX,First Class,1265,730,True,4045,Y,Y,Y,2,10,3,32,Wednesday,False,False,False,Yangon International Airport,RGN
Singapore Changi Airport,SIN,2024-07-12 14:00,Taiwan Taoyuan International Airport,TPE,2024-07-12 18:50,290,STARLUX,First Class,1265,730,True,3814,Y,Y,Y,2,10,3,32,Friday,False,False,False,Yangon International Airport,RGN
Singapore Changi Airport,SIN,2024-07-15 14:00,Taiwan Taoyuan International Airport,TPE,2024-07-15 18:50,290,STARLUX,First Class,1265,730,True,4045,Y,Y,Y,2,10,3,32,Monday,False,False,False,Yangon International Airport,RGN
Singapore Changi Airport,SIN,2024-07-24 14:00,Taiwan Taoyuan International Airport,TPE,2024-07-24 18:50,290,STARLUX,First Class,1265,730,True,4045,Y,Y,Y,2,10,3,32,Wednesday,False,False,False,Yangon International Airport,RGN
Singapore Changi Airport,SIN,2024-07-26 14:00,Taiwan Taoyuan International Airport,TPE,2024-07-26 18:50,290,STARLUX,First Class,1265,730,True,4045,Y,Y,Y,2,10,3,32,Friday,False,False,False,Yangon International Airport,RGN
Singapore Changi Airport,SIN,2024-07-29 14:00,Taiwan Taoyuan International Airport,TPE,2024-07-29 18:50,290,STARLUX,First Class,1265,730,True,4045,Y,Y,Y,2,10,3,32,Monday,False,False,False,Yangon International Airport,RGN
Singapore Changi Airport,SIN,2024-07-31 14:00,Taiwan Taoyuan International Airport,TPE,2024-07-31 18:50,290,STARLUX,First Class,1265,730,True,4045,Y,Y,Y,2,10,3,32,Wednesday,False,False,False,Yangon International Airport,RGN
Singapore Changi Airport,SIN,2024-08-09 14:00,Taiwan Taoyuan International Airport,TPE,2024-08-09 18:50,290,STARLUX Airlines,First Class,1265,730,True,4078,Y,Y,Y,2,10,3,32,Friday,False,True,False,Yangon International Airport,RGN
Singapore Changi Airport,SIN,2024-08-12 14:00,Taiwan Taoyuan International Airport,TPE,2024-08-12 18:50,290,STARLUX Airlines,First Class,1265,730,True,3845,Y,Y,Y,2,10,3,32,Monday,False,False,False,Yangon International Airport,RGN
Singapore Changi Airport,SIN,2024-08-26 14:00,Taiwan Taoyuan International Airport,TPE,2024-08-26 18:50,290,STARLUX Airlines,First Class,1265,730,True,3845,Y,Y,Y,2,10,3,32,Monday,False,False,False,Yangon International Airport,RGN
