Departure Airport Name,Departure Airport ID,Departure Time,Arrival Airport Name,Arrival Airport ID,Arrival Time,Duration,Airline,Travel Class,Total Duration,Layover 1 Duration,Layover 1 Overnight,Price, Cabin Baggage, Checked Baggage,Meal Included,Cabin Baggage (Number),Cabin Baggage (kg per piece),Checked Baggage (Number),Checked Baggage (kg per piece) 
Kuala Lumpur International Airport,KUL,01/07/2024 12:10,Brunei International Airport,BWN,01/07/2024 14:35,145,Royal Brunei,Business Class,145,N/A,N/A,670,Y,Y,Y,2,7,1,40
Kuala Lumpur International Airport,KUL,01/07/2024 18:20,Kota Kinabalu International Airport,BKI,01/07/2024 21:00,160,Malaysia Airlines,Business Class,1660,1460,TRUE,519,Y,Y,Y,2,7,2,32
Kuala Lumpur International Airport,KUL,01/07/2024 22:00,Kota Kinabalu International Airport,BKI,02/07/2024 0:40,160,Malaysia Airlines,Business Class,605,405,TRUE,519,Y,Y,Y,2,7,2,32
Kuala Lumpur International Airport,KUL,01/07/2024 21:45,Singapore Changi Airport,SIN,01/07/2024 22:55,70,Singapore Airlines,Business Class,805,605,TRUE,752,Y,Y,Y,2,7,2,40
Kuala Lumpur International Airport,KUL,01/07/2024 11:10,Ninoy Aquino International Airport,MNL,01/07/2024 15:00,230,Philippine Airlines,Business Class,750,395,N/A,1355,Y,Y,Y,1,7,1,32
Kuala Lumpur International Airport,KUL,02/07/2024 15:40,Kota Kinabalu International Airport,BKI,02/07/2024 18:20,160,Malaysia Airlines,Business Class,380,180,N/A,519,Y,Y,Y,2,7,2,32
Kuala Lumpur International Airport,KUL,02/07/2024 18:00,Kuching International Airport,KCH,02/07/2024 19:50,110,Malaysia Airlines,Business Class,300,110,N/A,539,Y,Y,Y,2,7,2,32
Kuala Lumpur International Airport,KUL,02/07/2024 21:15,Brunei International Airport,BWN,02/07/2024 23:40,145,Royal Brunei,Business Class,145,N/A,N/A,670,Y,Y,Y,2,7,1,40
Kuala Lumpur International Airport,KUL,02/07/2024 21:45,Singapore Changi Airport,SIN,02/07/2024 22:55,70,Singapore Airlines,Business Class,2245,2045,TRUE,782,Y,Y,Y,2,7,2,40
Kuala Lumpur International Airport,KUL,02/07/2024 21:45,Singapore Changi Airport,SIN,02/07/2024 22:55,70,Singapore Airlines,Business Class,1035,830,TRUE,839,Y,Y,Y,2,7,2,40
Kuala Lumpur International Airport,KUL,03/07/2024 21:15,Brunei International Airport,BWN,03/07/2024 23:40,145,Royal Brunei,Business Class,145,N/A,N/A,670,Y,Y,Y,2,7,1,40
Kuala Lumpur International Airport,KUL,03/07/2024 10:25,Singapore Changi Airport,SIN,03/07/2024 11:35,70,Singapore Airlines,Business Class,275,70,N/A,839,Y,Y,Y,2,7,2,40
Kuala Lumpur International Airport,KUL,03/07/2024 15:40,Kota Kinabalu International Airport,BKI,03/07/2024 18:20,160,Malaysia Airlines,Business Class,1755,1555,TRUE,519,Y,Y,Y,2,7,2,32
Kuala Lumpur International Airport,KUL,03/07/2024 22:00,Kota Kinabalu International Airport,BKI,04/07/2024 0:40,160,Malaysia Airlines,Business Class,2110,1910,TRUE,519,Y,Y,Y,2,7,2,32
Kuala Lumpur International Airport,KUL,03/07/2024 22:00,Kota Kinabalu International Airport,BKI,04/07/2024 0:40,160,Malaysia Airlines,Business Class,1375,1175,TRUE,519,Y,Y,Y,2,7,2,32
Kuala Lumpur International Airport,KUL,03/07/2024 12:30,Kuching International Airport,KCH,03/07/2024 14:20,110,Malaysia Airlines,Business Class,1675,1485,TRUE,539,Y,Y,Y,2,7,2,32
Kuala Lumpur International Airport,KUL,03/07/2024 21:15,Kuching International Airport,KCH,03/07/2024 23:05,110,Malaysia Airlines,Business Class,1150,960,TRUE,540,Y,Y,Y,2,7,2,32
Kuala Lumpur International Airport,KUL,03/07/2024 20:40,Singapore Changi Airport,SIN,03/07/2024 21:50,70,Singapore Airlines,Business Class,870,670,TRUE,741,Y,Y,Y,2,7,2,40
Kuala Lumpur International Airport,KUL,03/07/2024 21:45,Singapore Changi Airport,SIN,03/07/2024 22:55,70,Singapore Airlines,Business Class,805,605,TRUE,839,Y,Y,Y,2,7,2,40
Kuala Lumpur International Airport,KUL,04/07/2024 15:40,Kota Kinabalu International Airport,BKI,04/07/2024 18:20,160,Malaysia Airlines,Business Class,315,115,N/A,519,Y,Y,Y,2,7,2,32
Kuala Lumpur International Airport,KUL,04/07/2024 11:00,Kuching International Airport,KCH,04/07/2024 12:50,110,Malaysia Airlines,Business Class,325,135,N/A,539,Y,Y,Y,2,7,2,32
Kuala Lumpur International Airport,KUL,04/07/2024 12:10,Brunei International Airport,BWN,04/07/2024 14:35,145,Royal Brunei,Business Class,145,N/A,N/A,670,Y,Y,Y,2,7,1,40
Kuala Lumpur International Airport,KUL,04/07/2024 21:15,Brunei International Airport,BWN,04/07/2024 23:40,145,Royal Brunei,Business Class,145,N/A,N/A,670,Y,Y,Y,2,7,1,40
Kuala Lumpur International Airport,KUL,04/07/2024 19:55,Kota Kinabalu International Airport,BKI,04/07/2024 22:40,165,Malaysia Airlines,Business Class,1660,1455,TRUE,519,Y,Y,Y,2,7,2,32
Kuala Lumpur International Airport,KUL,04/07/2024 22:00,Kota Kinabalu International Airport,BKI,05/07/2024 0:40,160,Malaysia Airlines,Business Class,670,470,TRUE,519,Y,Y,Y,2,7,2,32
Kuala Lumpur International Airport,KUL,04/07/2024 20:40,Singapore Changi Airport,SIN,04/07/2024 21:50,70,Singapore Airlines,Business Class,1100,895,TRUE,752,Y,Y,Y,2,7,2,40
Kuala Lumpur International Airport,KUL,04/07/2024 21:45,Singapore Changi Airport,SIN,04/07/2024 22:55,70,Singapore Airlines,Business Class,1035,830,TRUE,839,Y,Y,Y,2,7,2,40
Kuala Lumpur International Airport,KUL,05/07/2024 12:10,Brunei International Airport,BWN,05/07/2024 14:35,145,Royal Brunei,Business Class,145,N/A,N/A,670,Y,Y,Y,2,7,1,40
Kuala Lumpur International Airport,KUL,05/07/2024 10:25,Singapore Changi Airport,SIN,05/07/2024 11:35,70,Singapore Airlines,Business Class,275,70,N/A,752,Y,Y,Y,2,7,2,40
Kuala Lumpur International Airport,KUL,05/07/2024 14:15,Kota Kinabalu International Airport,BKI,05/07/2024 17:00,165,Malaysia Airlines,Business Class,1655,1450,TRUE,519,Y,Y,Y,2,7,2,32
Kuala Lumpur International Airport,KUL,05/07/2024 18:20,Kota Kinabalu International Airport,BKI,05/07/2024 21:00,160,Malaysia Airlines,Business Class,315,115,N/A,519,Y,Y,Y,2,7,2,32
Kuala Lumpur International Airport,KUL,05/07/2024 22:00,Kota Kinabalu International Airport,BKI,06/07/2024 0:40,160,Malaysia Airlines,Business Class,1190,990,TRUE,519,Y,Y,Y,2,7,2,32
Kuala Lumpur International Airport,KUL,05/07/2024 21:15,Kuching International Airport,KCH,05/07/2024 23:05,110,Malaysia Airlines,Business Class,755,565,TRUE,539,Y,Y,Y,2,7,2,32
Kuala Lumpur International Airport,KUL,05/07/2024 21:15,Brunei International Airport,BWN,05/07/2024 23:40,145,Royal Brunei,Business Class,145,N/A,N/A,670,Y,Y,Y,2,7,1,40
Kuala Lumpur International Airport,KUL,06/07/2024 12:55,Kota Kinabalu International Airport,BKI,06/07/2024 15:35,160,Malaysia Airlines,Business Class,295,95,N/A,519,Y,Y,Y,2,7,2,32
Kuala Lumpur International Airport,KUL,06/07/2024 12:10,Brunei International Airport,BWN,06/07/2024 14:35,145,Royal Brunei,Business Class,145,N/A,N/A,670,Y,Y,Y,2,7,1,40
Kuala Lumpur International Airport,KUL,06/07/2024 22:00,Kota Kinabalu International Airport,BKI,07/07/2024 0:40,160,Malaysia Airlines,Business Class,575,375,TRUE,519,Y,Y,Y,2,7,2,32
Kuala Lumpur International Airport,KUL,06/07/2024 21:00,Singapore Changi Airport,SIN,06/07/2024 22:15,75,Singapore Airlines,Business Class,2290,2085,TRUE,794,Y,Y,Y,2,7,2,40
Kuala Lumpur International Airport,KUL,06/07/2024 21:45,Singapore Changi Airport,SIN,06/07/2024 22:55,70,Singapore Airlines,Economy,2245,2045,TRUE,2071,Y,Y,Y,2,7,2,40
Kuala Lumpur International Airport,KUL,07/07/2024 12:10,Brunei International Airport,BWN,07/07/2024 14:35,145,Royal Brunei,Business Class,145,N/A,N/A,670,Y,Y,Y,2,7,1,40
Kuala Lumpur International Airport,KUL,07/07/2024 21:15,Brunei International Airport,BWN,07/07/2024 23:40,145,Royal Brunei,Business Class,145,N/A,N/A,670,Y,Y,Y,2,7,1,40
Kuala Lumpur International Airport,KUL,07/07/2024 20:40,Singapore Changi Airport,SIN,07/07/2024 21:50,70,Singapore Airlines,Business Class,870,670,TRUE,741,Y,Y,Y,2,7,2,40
Kuala Lumpur International Airport,KUL,07/07/2024 21:45,Singapore Changi Airport,SIN,07/07/2024 22:55,70,Singapore Airlines,Business Class,805,605,TRUE,839,Y,Y,Y,2,7,2,40
Kuala Lumpur International Airport,KUL,08/07/2024 18:20,Kota Kinabalu International Airport,BKI,08/07/2024 21:00,160,Malaysia Airlines,Business Class,1660,1460,TRUE,519,Y,Y,Y,2,7,2,32
Kuala Lumpur International Airport,KUL,08/07/2024 22:00,Kota Kinabalu International Airport,BKI,09/07/2024 0:40,160,Malaysia Airlines,Business Class,605,405,TRUE,519,Y,Y,Y,2,7,2,32
Kuala Lumpur International Airport,KUL,08/07/2024 12:10,Brunei International Airport,BWN,08/07/2024 14:35,145,Royal Brunei,Business Class,145,N/A,N/A,670,Y,Y,Y,2,7,1,40
Kuala Lumpur International Airport,KUL,08/07/2024 18:40,Singapore Changi Airport,SIN,08/07/2024 19:50,70,Singapore Airlines,Business Class,990,790,TRUE,839,Y,Y,Y,2,7,2,40
Kuala Lumpur International Airport,KUL,09/07/2024 15:40,Kota Kinabalu International Airport,BKI,09/07/2024 18:20,160,Malaysia Airlines,Business Class,380,180,N/A,519,Y,Y,Y,2,7,2,32
Kuala Lumpur International Airport,KUL,09/07/2024 18:00,Kuching International Airport,KCH,09/07/2024 19:50,110,Malaysia Airlines,Business Class,300,110,N/A,539,Y,Y,Y,2,7,2,32
Kuala Lumpur International Airport,KUL,09/07/2024 21:15,Brunei International Airport,BWN,09/07/2024 23:40,145,Royal Brunei,Business Class,145,N/A,N/A,923,Y,Y,Y,2,7,1,40
Kuala Lumpur International Airport,KUL,09/07/2024 20:40,Singapore Changi Airport,SIN,09/07/2024 21:50,70,Singapore Airlines,Business Class,1100,895,TRUE,625,Y,Y,Y,2,7,2,40
Kuala Lumpur International Airport,KUL,09/07/2024 21:45,Singapore Changi Airport,SIN,09/07/2024 22:55,70,Singapore Airlines,Business Class,1035,830,TRUE,741,Y,Y,Y,2,7,2,40
Kuala Lumpur International Airport,KUL,10/07/2024 10:25,Singapore Changi Airport,SIN,10/07/2024 11:35,70,Singapore Airlines,Business Class,275,70,N/A,625,Y,Y,Y,2,7,2,40
Kuala Lumpur International Airport,KUL,10/07/2024 21:15,Brunei International Airport,BWN,10/07/2024 23:40,145,Royal Brunei,Business Class,145,N/A,N/A,670,Y,Y,Y,2,7,1,40
Kuala Lumpur International Airport,KUL,10/07/2024 15:40,Kota Kinabalu International Airport,BKI,10/07/2024 18:20,160,Malaysia Airlines,Business Class,1755,1555,TRUE,519,Y,Y,Y,2,7,2,32
Kuala Lumpur International Airport,KUL,10/07/2024 22:00,Kota Kinabalu International Airport,BKI,11/07/2024 0:40,160,Malaysia Airlines,Business Class,1375,1175,TRUE,519,Y,Y,Y,2,7,2,32
Kuala Lumpur International Airport,KUL,10/07/2024 12:30,Kuching International Airport,KCH,10/07/2024 14:20,110,Malaysia Airlines,Business Class,1675,1485,TRUE,539,Y,Y,Y,2,7,2,32
Kuala Lumpur International Airport,KUL,10/07/2024 21:15,Kuching International Airport,KCH,10/07/2024 23:05,110,Malaysia Airlines,Business Class,1150,960,TRUE,540,Y,Y,Y,2,7,2,32
Kuala Lumpur International Airport,KUL,10/07/2024 21:45,Singapore Changi Airport,SIN,10/07/2024 22:55,70,Singapore Airlines,Business Class,805,605,TRUE,752,Y,Y,Y,2,7,2,40
Kuala Lumpur International Airport,KUL,11/07/2024 15:40,Kota Kinabalu International Airport,BKI,11/07/2024 18:20,160,Malaysia Airlines,Business Class,315,115,N/A,519,Y,Y,Y,2,7,2,32
Kuala Lumpur International Airport,KUL,11/07/2024 11:00,Kuching International Airport,KCH,11/07/2024 12:50,110,Malaysia Airlines,Business Class,325,135,N/A,539,Y,Y,Y,2,7,2,32
Kuala Lumpur International Airport,KUL,11/07/2024 12:10,Brunei International Airport,BWN,11/07/2024 14:35,145,Royal Brunei,Business Class,145,N/A,N/A,670,Y,Y,Y,2,7,1,40
Kuala Lumpur International Airport,KUL,11/07/2024 21:15,Brunei International Airport,BWN,11/07/2024 23:40,145,Royal Brunei,Business Class,145,N/A,N/A,757,Y,Y,Y,2,7,1,40
Kuala Lumpur International Airport,KUL,11/07/2024 19:55,Kota Kinabalu International Airport,BKI,11/07/2024 22:40,165,Malaysia Airlines,Business Class,1660,1455,TRUE,519,Y,Y,Y,2,7,2,32
Kuala Lumpur International Airport,KUL,11/07/2024 22:00,Kota Kinabalu International Airport,BKI,12/07/2024 0:40,160,Malaysia Airlines,Business Class,670,470,TRUE,519,Y,Y,Y,2,7,2,32
Kuala Lumpur International Airport,KUL,11/07/2024 11:00,Singapore Changi Airport,SIN,11/07/2024 12:15,75,Singapore Airlines,Business Class,1680,1470,TRUE,728,Y,Y,Y,2,7,2,40
Kuala Lumpur International Airport,KUL,11/07/2024 20:40,Singapore Changi Airport,SIN,11/07/2024 21:50,70,Singapore Airlines,Business Class,1100,895,TRUE,741,Y,Y,Y,2,7,2,40
Kuala Lumpur International Airport,KUL,11/07/2024 21:45,Singapore Changi Airport,SIN,11/07/2024 22:55,70,Singapore Airlines,Business Class,1035,830,TRUE,839,Y,Y,Y,2,7,2,40
Kuala Lumpur International Airport,KUL,12/07/2024 18:20,Kota Kinabalu International Airport,BKI,12/07/2024 21:00,160,Malaysia Airlines,Business Class,315,115,N/A,519,Y,Y,Y,2,7,2,32
Kuala Lumpur International Airport,KUL,12/07/2024 10:25,Singapore Changi Airport,SIN,12/07/2024 11:35,70,Singapore Airlines,Business Class,275,70,N/A,625,Y,Y,Y,2,7,2,40
Kuala Lumpur International Airport,KUL,12/07/2024 21:15,Brunei International Airport,BWN,12/07/2024 23:40,145,Royal Brunei,Business Class,145,N/A,N/A,670,Y,Y,Y,2,7,1,40
Kuala Lumpur International Airport,KUL,12/07/2024 12:10,Brunei International Airport,BWN,12/07/2024 14:35,145,Royal Brunei,Business Class,145,N/A,N/A,757,Y,Y,Y,2,7,1,40
Kuala Lumpur International Airport,KUL,12/07/2024 14:15,Kota Kinabalu International Airport,BKI,12/07/2024 17:00,165,Malaysia Airlines,Business Class,1655,1450,TRUE,519,Y,Y,Y,2,7,2,32
Kuala Lumpur International Airport,KUL,12/07/2024 22:00,Kota Kinabalu International Airport,BKI,13/07/2024 0:40,160,Malaysia Airlines,Business Class,1190,990,TRUE,519,Y,Y,Y,2,7,2,32
Kuala Lumpur International Airport,KUL,12/07/2024 21:15,Kuching International Airport,KCH,12/07/2024 23:05,110,Malaysia Airlines,Business Class,755,565,TRUE,539,Y,Y,Y,2,7,2,32
Kuala Lumpur International Airport,KUL,12/07/2024 21:45,Singapore Changi Airport,SIN,12/07/2024 22:55,70,Singapore Airlines,Business Class,805,605,TRUE,752,Y,Y,Y,2,7,2,40
Kuala Lumpur International Airport,KUL,13/07/2024 12:55,Kota Kinabalu International Airport,BKI,13/07/2024 15:35,160,Malaysia Airlines,Business Class,295,95,N/A,519,Y,Y,Y,2,7,2,32
Kuala Lumpur International Airport,KUL,13/07/2024 12:10,Brunei International Airport,BWN,13/07/2024 14:35,145,Royal Brunei,Business Class,145,N/A,N/A,757,Y,Y,Y,2,7,1,40
Kuala Lumpur International Airport,KUL,13/07/2024 18:20,Kota Kinabalu International Airport,BKI,13/07/2024 21:00,160,Malaysia Airlines,Business Class,1660,1460,TRUE,519,Y,Y,Y,2,7,2,32
Kuala Lumpur International Airport,KUL,13/07/2024 22:00,Kota Kinabalu International Airport,BKI,14/07/2024 0:40,160,Malaysia Airlines,Business Class,575,375,TRUE,519,Y,Y,Y,2,7,2,32
Kuala Lumpur International Airport,KUL,13/07/2024 21:45,Singapore Changi Airport,SIN,13/07/2024 22:55,70,Singapore Airlines,Business Class,1035,830,TRUE,752,Y,Y,Y,2,7,2,40
Kuala Lumpur International Airport,KUL,14/07/2024 12:10,Brunei International Airport,BWN,14/07/2024 14:35,145,Royal Brunei,Business Class,145,N/A,N/A,670,Y,Y,Y,2,7,1,40
Kuala Lumpur International Airport,KUL,14/07/2024 15:40,Kota Kinabalu International Airport,BKI,14/07/2024 18:20,160,Malaysia Airlines,Business Class,380,180,N/A,519,Y,Y,Y,2,7,2,32
Kuala Lumpur International Airport,KUL,14/07/2024 18:00,Kuching International Airport,KCH,14/07/2024 19:50,110,Malaysia Airlines,Business Class,300,110,N/A,539,Y,Y,Y,2,7,2,32
Kuala Lumpur International Airport,KUL,14/07/2024 21:15,Brunei International Airport,BWN,14/07/2024 23:40,145,Royal Brunei,Business Class,145,N/A,N/A,670,Y,Y,Y,2,7,1,40
Kuala Lumpur International Airport,KUL,14/07/2024 10:25,Singapore Changi Airport,SIN,14/07/2024 11:35,70,Singapore Airlines,Business Class,275,70,N/A,752,Y,Y,Y,2,7,2,40
Kuala Lumpur International Airport,KUL,14/07/2024 21:45,Singapore Changi Airport,SIN,14/07/2024 22:55,70,Singapore Airlines,Business Class,805,605,TRUE,839,Y,Y,Y,2,7,2,40
Kuala Lumpur International Airport,KUL,15/07/2024 12:10,Brunei International Airport,BWN,15/07/2024 14:35,145,Royal Brunei,Business Class,145,N/A,N/A,757,Y,Y,Y,2,7,1,40
Kuala Lumpur International Airport,KUL,15/07/2024 18:20,Kota Kinabalu International Airport,BKI,15/07/2024 21:00,160,Malaysia Airlines,Business Class,1660,1460,TRUE,519,Y,Y,Y,2,7,2,32
Kuala Lumpur International Airport,KUL,15/07/2024 22:00,Kota Kinabalu International Airport,BKI,16/07/2024 0:40,160,Malaysia Airlines,Business Class,605,405,TRUE,519,Y,Y,Y,2,7,2,32
Kuala Lumpur International Airport,KUL,15/07/2024 20:40,Singapore Changi Airport,SIN,15/07/2024 21:50,70,Singapore Airlines,Business Class,870,670,TRUE,752,Y,Y,Y,2,7,2,40
Kuala Lumpur International Airport,KUL,15/07/2024 21:45,Singapore Changi Airport,SIN,15/07/2024 22:55,70,Singapore Airlines,Business Class,805,605,TRUE,839,Y,Y,Y,2,7,2,40
Kuala Lumpur International Airport,KUL,15/07/2024 11:10,Ninoy Aquino International Airport,MNL,15/07/2024 15:00,230,Philippine Airlines,Business Class,750,395,N/A,1234,Y,Y,Y,1,7,1,32
Kuala Lumpur International Airport,KUL,16/07/2024 15:40,Kota Kinabalu International Airport,BKI,16/07/2024 18:20,160,Malaysia Airlines,Business Class,380,180,N/A,519,Y,Y,Y,2,7,2,32
Kuala Lumpur International Airport,KUL,16/07/2024 18:00,Kuching International Airport,KCH,16/07/2024 19:50,110,Malaysia Airlines,Business Class,300,110,N/A,539,Y,Y,Y,2,7,2,32
Kuala Lumpur International Airport,KUL,16/07/2024 21:15,Brunei International Airport,BWN,16/07/2024 23:40,145,Royal Brunei,Business Class,145,N/A,N/A,670,Y,Y,Y,2,7,1,40
Kuala Lumpur International Airport,KUL,16/07/2024 20:40,Singapore Changi Airport,SIN,16/07/2024 21:50,70,Singapore Airlines,Business Class,1100,895,TRUE,686,Y,Y,Y,2,7,2,40
Kuala Lumpur International Airport,KUL,16/07/2024 21:45,Singapore Changi Airport,SIN,16/07/2024 22:55,70,Singapore Airlines,Business Class,1035,830,TRUE,839,Y,Y,Y,2,7,2,40
Kuala Lumpur International Airport,KUL,17/07/2024 21:15,Brunei International Airport,BWN,17/07/2024 23:40,145,Royal Brunei,Business Class,145,N/A,N/A,670,Y,Y,Y,2,7,1,40
Kuala Lumpur International Airport,KUL,17/07/2024 10:25,Singapore Changi Airport,SIN,17/07/2024 11:35,70,Singapore Airlines,Business Class,275,70,N/A,686,Y,Y,Y,2,7,2,40
Kuala Lumpur International Airport,KUL,17/07/2024 15:40,Kota Kinabalu International Airport,BKI,17/07/2024 18:20,160,Malaysia Airlines,Business Class,1755,1555,TRUE,519,Y,Y,Y,2,7,2,32
Kuala Lumpur International Airport,KUL,17/07/2024 22:00,Kota Kinabalu International Airport,BKI,18/07/2024 0:40,160,Malaysia Airlines,Business Class,1375,1175,TRUE,519,Y,Y,Y,2,7,2,32
Kuala Lumpur International Airport,KUL,17/07/2024 12:30,Kuching International Airport,KCH,17/07/2024 14:20,110,Malaysia Airlines,Business Class,1675,1485,TRUE,539,Y,Y,Y,2,7,2,32
Kuala Lumpur International Airport,KUL,17/07/2024 21:15,Kuching International Airport,KCH,17/07/2024 23:05,110,Malaysia Airlines,Business Class,1150,960,TRUE,540,Y,Y,Y,2,7,2,32
Kuala Lumpur International Airport,KUL,17/07/2024 21:45,Singapore Changi Airport,SIN,17/07/2024 22:55,70,Singapore Airlines,Business Class,805,605,TRUE,839,Y,Y,Y,2,7,2,40
Kuala Lumpur International Airport,KUL,18/07/2024 15:40,Kota Kinabalu International Airport,BKI,18/07/2024 18:20,160,Malaysia Airlines,Business Class,315,115,N/A,519,Y,Y,Y,2,7,2,32
Kuala Lumpur International Airport,KUL,18/07/2024 11:00,Kuching International Airport,KCH,18/07/2024 12:50,110,Malaysia Airlines,Business Class,325,135,N/A,539,Y,Y,Y,2,7,2,32
Kuala Lumpur International Airport,KUL,18/07/2024 21:15,Brunei International Airport,BWN,18/07/2024 23:40,145,Royal Brunei,Business Class,145,N/A,N/A,670,Y,Y,Y,2,7,1,40
Kuala Lumpur International Airport,KUL,18/07/2024 12:10,Brunei International Airport,BWN,18/07/2024 14:35,145,Royal Brunei,Business Class,145,N/A,N/A,927,Y,Y,Y,2,7,1,40
Kuala Lumpur International Airport,KUL,18/07/2024 19:55,Kota Kinabalu International Airport,BKI,18/07/2024 22:40,165,Malaysia Airlines,Business Class,1660,1455,TRUE,519,Y,Y,Y,2,7,2,32
Kuala Lumpur International Airport,KUL,18/07/2024 22:00,Kota Kinabalu International Airport,BKI,19/07/2024 0:40,160,Malaysia Airlines,Business Class,670,470,TRUE,519,Y,Y,Y,2,7,2,32
Kuala Lumpur International Airport,KUL,18/07/2024 20:40,Singapore Changi Airport,SIN,18/07/2024 21:50,70,Singapore Airlines,Business Class,1100,895,TRUE,752,Y,Y,Y,2,7,2,40
Kuala Lumpur International Airport,KUL,18/07/2024 21:45,Singapore Changi Airport,SIN,18/07/2024 22:55,70,Singapore Airlines,Business Class,1035,830,TRUE,839,Y,Y,Y,2,7,2,40
Kuala Lumpur International Airport,KUL,18/07/2024 10:10,Ninoy Aquino International Airport,MNL,18/07/2024 14:05,235,Malaysia Airlines,Business Class,810,450,N/A,1152,Y,Y,Y,2,7,2,32
Kuala Lumpur International Airport,KUL,19/07/2024 18:20,Kota Kinabalu International Airport,BKI,19/07/2024 21:00,160,Malaysia Airlines,Business Class,315,115,N/A,519,Y,Y,Y,2,7,2,32
Kuala Lumpur International Airport,KUL,19/07/2024 12:10,Brunei International Airport,BWN,19/07/2024 14:35,145,Royal Brunei,Business Class,145,N/A,N/A,670,Y,Y,Y,2,7,1,40
Kuala Lumpur International Airport,KUL,19/07/2024 10:25,Singapore Changi Airport,SIN,19/07/2024 11:35,70,Singapore Airlines,Business Class,275,70,N/A,752,Y,Y,Y,2,7,2,40
Kuala Lumpur International Airport,KUL,19/07/2024 21:15,Brunei International Airport,BWN,19/07/2024 23:40,145,Royal Brunei,Business Class,145,N/A,N/A,927,Y,Y,Y,2,7,1,40
Kuala Lumpur International Airport,KUL,19/07/2024 14:15,Kota Kinabalu International Airport,BKI,19/07/2024 17:00,165,Malaysia Airlines,Business Class,1655,1450,TRUE,519,Y,Y,Y,2,7,2,32
Kuala Lumpur International Airport,KUL,19/07/2024 21:15,Kuching International Airport,KCH,19/07/2024 23:05,110,Malaysia Airlines,Business Class,755,565,TRUE,539,Y,Y,Y,2,7,2,32
Kuala Lumpur International Airport,KUL,19/07/2024 18:40,Singapore Changi Airport,SIN,19/07/2024 19:50,70,Singapore Airlines,Business Class,990,790,TRUE,625,Y,Y,Y,2,7,2,40
Kuala Lumpur International Airport,KUL,19/07/2024 20:40,Singapore Changi Airport,SIN,19/07/2024 21:50,70,Singapore Airlines,Business Class,870,670,TRUE,741,Y,Y,Y,2,7,2,40
Kuala Lumpur International Airport,KUL,19/07/2024 21:45,Singapore Changi Airport,SIN,19/07/2024 22:55,70,Singapore Airlines,Business Class,805,605,TRUE,839,Y,Y,Y,2,7,2,40
Kuala Lumpur International Airport,KUL,20/07/2024 12:55,Kota Kinabalu International Airport,BKI,20/07/2024 15:35,160,Malaysia Airlines,Business Class,295,95,N/A,519,Y,Y,Y,2,7,2,32
Kuala Lumpur International Airport,KUL,20/07/2024 12:10,Brunei International Airport,BWN,20/07/2024 14:35,145,Royal Brunei,Business Class,145,N/A,N/A,927,Y,Y,Y,2,7,1,40
Kuala Lumpur International Airport,KUL,20/07/2024 18:20,Kota Kinabalu International Airport,BKI,20/07/2024 21:00,160,Malaysia Airlines,Business Class,1660,1460,TRUE,519,Y,Y,Y,2,7,2,32
Kuala Lumpur International Airport,KUL,20/07/2024 22:00,Kota Kinabalu International Airport,BKI,21/07/2024 0:40,160,Malaysia Airlines,Business Class,575,375,TRUE,519,Y,Y,Y,2,7,2,32
Kuala Lumpur International Airport,KUL,20/07/2024 21:00,Singapore Changi Airport,SIN,20/07/2024 22:15,75,Singapore Airlines,Business Class,2290,2085,TRUE,782,Y,Y,Y,2,7,2,40
Kuala Lumpur International Airport,KUL,20/07/2024 21:00,Singapore Changi Airport,SIN,20/07/2024 22:15,75,Singapore Airlines,Business Class,1080,870,TRUE,839,Y,Y,Y,2,7,2,40
Kuala Lumpur International Airport,KUL,20/07/2024 21:45,Singapore Changi Airport,SIN,20/07/2024 22:55,70,Singapore Airlines,Business Class,2245,2045,TRUE,881,Y,Y,Y,2,7,2,40
Kuala Lumpur International Airport,KUL,21/07/2024 12:10,Brunei International Airport,BWN,21/07/2024 14:35,145,Royal Brunei,Business Class,145,N/A,N/A,670,Y,Y,Y,2,7,1,40
Kuala Lumpur International Airport,KUL,21/07/2024 15:40,Kota Kinabalu International Airport,BKI,21/07/2024 18:20,160,Malaysia Airlines,Business Class,380,180,N/A,519,Y,Y,Y,2,7,2,32
Kuala Lumpur International Airport,KUL,21/07/2024 18:00,Kuching International Airport,KCH,21/07/2024 19:50,110,Malaysia Airlines,Business Class,300,110,N/A,539,Y,Y,Y,2,7,2,32
Kuala Lumpur International Airport,KUL,21/07/2024 20:40,Singapore Changi Airport,SIN,21/07/2024 21:50,70,Singapore Airlines,Business Class,870,670,TRUE,752,Y,Y,Y,2,7,2,40
Kuala Lumpur International Airport,KUL,21/07/2024 21:15,Brunei International Airport,BWN,21/07/2024 23:40,145,Royal Brunei,Business Class,145,N/A,N/A,757,Y,Y,Y,2,7,1,40
Kuala Lumpur International Airport,KUL,21/07/2024 10:25,Singapore Changi Airport,SIN,21/07/2024 11:35,70,Singapore Airlines,Business Class,275,70,N/A,839,Y,Y,Y,2,7,2,40
Kuala Lumpur International Airport,KUL,21/07/2024 21:45,Singapore Changi Airport,SIN,21/07/2024 22:55,70,Singapore Airlines,Business Class,805,605,TRUE,839,Y,Y,Y,2,7,2,40
Kuala Lumpur International Airport,KUL,22/07/2024 18:20,Kota Kinabalu International Airport,BKI,22/07/2024 21:00,160,Malaysia Airlines,Business Class,1660,1460,TRUE,519,Y,Y,Y,2,7,2,32
Kuala Lumpur International Airport,KUL,22/07/2024 22:00,Kota Kinabalu International Airport,BKI,23/07/2024 0:40,160,Malaysia Airlines,Business Class,605,405,TRUE,519,Y,Y,Y,2,7,2,32
Kuala Lumpur International Airport,KUL,22/07/2024 12:10,Brunei International Airport,BWN,22/07/2024 14:35,145,Royal Brunei,Business Class,145,N/A,N/A,670,Y,Y,Y,2,7,1,40
Kuala Lumpur International Airport,KUL,22/07/2024 11:10,Ninoy Aquino International Airport,MNL,22/07/2024 15:00,230,Philippine Airlines,Business Class,750,395,N/A,1128,Y,Y,Y,1,7,1,32
Kuala Lumpur International Airport,KUL,23/07/2024 15:40,Kota Kinabalu International Airport,BKI,23/07/2024 18:20,160,Malaysia Airlines,Business Class,380,180,N/A,519,Y,Y,Y,2,7,2,32
Kuala Lumpur International Airport,KUL,23/07/2024 18:00,Kuching International Airport,KCH,23/07/2024 19:50,110,Malaysia Airlines,Business Class,300,110,N/A,539,Y,Y,Y,2,7,2,32
Kuala Lumpur International Airport,KUL,23/07/2024 21:15,Brunei International Airport,BWN,23/07/2024 23:40,145,Royal Brunei,Business Class,145,N/A,N/A,670,Y,Y,Y,2,7,1,40
Kuala Lumpur International Airport,KUL,23/07/2024 21:45,Singapore Changi Airport,SIN,23/07/2024 22:55,70,Singapore Airlines,Business Class,2245,2045,TRUE,728,Y,Y,Y,2,7,2,40
Kuala Lumpur International Airport,KUL,23/07/2024 21:45,Singapore Changi Airport,SIN,23/07/2024 22:55,70,Singapore Airlines,Business Class,1035,830,TRUE,839,Y,Y,Y,2,7,2,40
Kuala Lumpur International Airport,KUL,24/07/2024 21:15,Brunei International Airport,BWN,24/07/2024 23:40,145,Royal Brunei,Business Class,145,N/A,N/A,670,Y,Y,Y,2,7,1,40
Kuala Lumpur International Airport,KUL,24/07/2024 10:25,Singapore Changi Airport,SIN,24/07/2024 11:35,70,Singapore Airlines,Business Class,275,70,N/A,839,Y,Y,Y,2,7,2,40
Kuala Lumpur International Airport,KUL,24/07/2024 15:40,Kota Kinabalu International Airport,BKI,24/07/2024 18:20,160,Malaysia Airlines,Business Class,1755,1555,TRUE,519,Y,Y,Y,2,7,2,32
Kuala Lumpur International Airport,KUL,24/07/2024 22:00,Kota Kinabalu International Airport,BKI,25/07/2024 0:40,160,Malaysia Airlines,Business Class,1375,1175,TRUE,519,Y,Y,Y,2,7,2,32
Kuala Lumpur International Airport,KUL,24/07/2024 12:30,Kuching International Airport,KCH,24/07/2024 14:20,110,Malaysia Airlines,Business Class,1675,1485,TRUE,539,Y,Y,Y,2,7,2,32
Kuala Lumpur International Airport,KUL,24/07/2024 21:15,Kuching International Airport,KCH,24/07/2024 23:05,110,Malaysia Airlines,Business Class,1150,960,TRUE,540,Y,Y,Y,2,7,2,32
Kuala Lumpur International Airport,KUL,24/07/2024 20:40,Singapore Changi Airport,SIN,24/07/2024 21:50,70,Singapore Airlines,Business Class,870,670,TRUE,625,Y,Y,Y,2,7,2,40
Kuala Lumpur International Airport,KUL,24/07/2024 21:45,Singapore Changi Airport,SIN,24/07/2024 22:55,70,Singapore Airlines,Business Class,805,605,TRUE,839,Y,Y,Y,2,7,2,40
Kuala Lumpur International Airport,KUL,25/07/2024 15:40,Kota Kinabalu International Airport,BKI,25/07/2024 18:20,160,Malaysia Airlines,Business Class,315,115,N/A,519,Y,Y,Y,2,7,2,32
Kuala Lumpur International Airport,KUL,25/07/2024 11:00,Kuching International Airport,KCH,25/07/2024 12:50,110,Malaysia Airlines,Business Class,325,135,N/A,539,Y,Y,Y,2,7,2,32
Kuala Lumpur International Airport,KUL,25/07/2024 12:10,Brunei International Airport,BWN,25/07/2024 14:35,145,Royal Brunei,Business Class,145,N/A,N/A,670,Y,Y,Y,2,7,1,40
Kuala Lumpur International Airport,KUL,25/07/2024 21:15,Brunei International Airport,BWN,25/07/2024 23:40,145,Royal Brunei,Business Class,145,N/A,N/A,757,Y,Y,Y,2,7,1,40
Kuala Lumpur International Airport,KUL,25/07/2024 19:55,Kota Kinabalu International Airport,BKI,25/07/2024 22:40,165,Malaysia Airlines,Business Class,1660,1455,TRUE,519,Y,Y,Y,2,7,2,32
Kuala Lumpur International Airport,KUL,25/07/2024 22:00,Kota Kinabalu International Airport,BKI,26/07/2024 0:40,160,Malaysia Airlines,Business Class,670,470,TRUE,519,Y,Y,Y,2,7,2,32
Kuala Lumpur International Airport,KUL,25/07/2024 20:40,Singapore Changi Airport,SIN,25/07/2024 21:50,70,Singapore Airlines,Business Class,1100,895,TRUE,686,Y,Y,Y,2,7,2,40
Kuala Lumpur International Airport,KUL,25/07/2024 21:45,Singapore Changi Airport,SIN,25/07/2024 22:55,70,Singapore Airlines,Business Class,1035,830,TRUE,839,Y,Y,Y,2,7,2,40
Kuala Lumpur International Airport,KUL,26/07/2024 18:20,Kota Kinabalu International Airport,BKI,26/07/2024 21:00,160,Malaysia Airlines,Business Class,315,115,N/A,519,Y,Y,Y,2,7,2,32
Kuala Lumpur International Airport,KUL,26/07/2024 10:25,Singapore Changi Airport,SIN,26/07/2024 11:35,70,Singapore Airlines,Business Class,275,70,N/A,625,Y,Y,Y,2,7,2,40
Kuala Lumpur International Airport,KUL,26/07/2024 12:10,Brunei International Airport,BWN,26/07/2024 14:35,145,Royal Brunei,Business Class,145,N/A,N/A,670,Y,Y,Y,2,7,1,40
Kuala Lumpur International Airport,KUL,26/07/2024 21:15,Brunei International Airport,BWN,26/07/2024 23:40,145,Royal Brunei,Business Class,145,N/A,N/A,670,Y,Y,Y,2,7,1,40
Kuala Lumpur International Airport,KUL,26/07/2024 14:15,Kota Kinabalu International Airport,BKI,26/07/2024 17:00,165,Malaysia Airlines,Business Class,1655,1450,TRUE,519,Y,Y,Y,2,7,2,32
Kuala Lumpur International Airport,KUL,26/07/2024 22:00,Kota Kinabalu International Airport,BKI,27/07/2024 0:40,160,Malaysia Airlines,Business Class,1190,990,TRUE,519,Y,Y,Y,2,7,2,32
Kuala Lumpur International Airport,KUL,26/07/2024 21:15,Kuching International Airport,KCH,26/07/2024 23:05,110,Malaysia Airlines,Business Class,755,565,TRUE,539,Y,Y,Y,2,7,2,32
Kuala Lumpur International Airport,KUL,26/07/2024 21:45,Singapore Changi Airport,SIN,26/07/2024 22:55,70,Singapore Airlines,Business Class,805,605,TRUE,839,Y,Y,Y,2,7,2,40
Kuala Lumpur International Airport,KUL,27/07/2024 12:55,Kota Kinabalu International Airport,BKI,27/07/2024 15:35,160,Malaysia Airlines,Business Class,295,95,N/A,519,Y,Y,Y,2,7,2,32
Kuala Lumpur International Airport,KUL,27/07/2024 12:10,Brunei International Airport,BWN,27/07/2024 14:35,145,Royal Brunei,Business Class,145,N/A,N/A,670,Y,Y,Y,2,7,1,40
Kuala Lumpur International Airport,KUL,27/07/2024 18:20,Kota Kinabalu International Airport,BKI,27/07/2024 21:00,160,Malaysia Airlines,Business Class,1660,1460,TRUE,519,Y,Y,Y,2,7,2,32
Kuala Lumpur International Airport,KUL,27/07/2024 22:00,Kota Kinabalu International Airport,BKI,28/07/2024 0:40,160,Malaysia Airlines,Business Class,575,375,TRUE,519,Y,Y,Y,2,7,2,32
Kuala Lumpur International Airport,KUL,27/07/2024 21:45,Singapore Changi Airport,SIN,27/07/2024 22:55,70,Singapore Airlines,Business Class,2245,2045,TRUE,782,Y,Y,Y,2,7,2,40
Kuala Lumpur International Airport,KUL,27/07/2024 21:45,Singapore Changi Airport,SIN,27/07/2024 22:55,70,Singapore Airlines,Business Class,1035,830,TRUE,839,Y,Y,Y,2,7,2,40
Kuala Lumpur International Airport,KUL,28/07/2024 12:10,Brunei International Airport,BWN,28/07/2024 14:35,145,Royal Brunei,Business Class,145,N/A,N/A,670,Y,Y,Y,2,7,1,40
Kuala Lumpur International Airport,KUL,28/07/2024 15:40,Kota Kinabalu International Airport,BKI,28/07/2024 18:20,160,Malaysia Airlines,Business Class,380,180,N/A,519,Y,Y,Y,2,7,2,32
Kuala Lumpur International Airport,KUL,28/07/2024 18:00,Kuching International Airport,KCH,28/07/2024 19:50,110,Malaysia Airlines,Business Class,300,110,N/A,539,Y,Y,Y,2,7,2,32
Kuala Lumpur International Airport,KUL,28/07/2024 21:15,Brunei International Airport,BWN,28/07/2024 23:40,145,Royal Brunei,Business Class,145,N/A,N/A,670,Y,Y,Y,2,7,1,40
Kuala Lumpur International Airport,KUL,28/07/2024 20:40,Singapore Changi Airport,SIN,28/07/2024 21:50,70,Singapore Airlines,Business Class,870,670,TRUE,752,Y,Y,Y,2,7,2,40
Kuala Lumpur International Airport,KUL,28/07/2024 10:25,Singapore Changi Airport,SIN,28/07/2024 11:35,70,Singapore Airlines,Business Class,275,70,N/A,839,Y,Y,Y,2,7,2,40
Kuala Lumpur International Airport,KUL,28/07/2024 21:45,Singapore Changi Airport,SIN,28/07/2024 22:55,70,Singapore Airlines,Business Class,805,605,TRUE,839,Y,Y,Y,2,7,2,40
Kuala Lumpur International Airport,KUL,29/07/2024 12:10,Brunei International Airport,BWN,29/07/2024 14:35,145,Royal Brunei,Business Class,145,N/A,N/A,670,Y,Y,Y,2,7,1,40
Kuala Lumpur International Airport,KUL,29/07/2024 18:20,Kota Kinabalu International Airport,BKI,29/07/2024 21:00,160,Malaysia Airlines,Business Class,1660,1460,TRUE,519,Y,Y,Y,2,7,2,32
Kuala Lumpur International Airport,KUL,29/07/2024 22:00,Kota Kinabalu International Airport,BKI,30/07/2024 0:40,160,Malaysia Airlines,Business Class,1440,1240,TRUE,519,Y,Y,Y,2,7,2,32
Kuala Lumpur International Airport,KUL,29/07/2024 20:40,Singapore Changi Airport,SIN,29/07/2024 21:50,70,Singapore Airlines,Business Class,870,670,TRUE,625,Y,Y,Y,2,7,2,40
Kuala Lumpur International Airport,KUL,29/07/2024 21:45,Singapore Changi Airport,SIN,29/07/2024 22:55,70,Singapore Airlines,Business Class,805,605,TRUE,752,Y,Y,Y,2,7,2,40
Kuala Lumpur International Airport,KUL,29/07/2024 11:10,Ninoy Aquino International Airport,MNL,29/07/2024 15:00,230,Philippine Airlines,Business Class,750,395,N/A,1234,Y,Y,Y,1,7,1,32
Kuala Lumpur International Airport,KUL,30/07/2024 15:40,Kota Kinabalu International Airport,BKI,30/07/2024 18:20,160,Malaysia Airlines,Business Class,380,180,N/A,519,Y,Y,Y,2,7,2,32
Kuala Lumpur International Airport,KUL,30/07/2024 18:00,Kuching International Airport,KCH,30/07/2024 19:50,110,Malaysia Airlines,Business Class,300,110,N/A,539,Y,Y,Y,2,7,2,32
Kuala Lumpur International Airport,KUL,30/07/2024 21:15,Brunei International Airport,BWN,30/07/2024 23:40,145,Royal Brunei,Business Class,145,N/A,N/A,670,Y,Y,Y,2,7,1,40
Kuala Lumpur International Airport,KUL,30/07/2024 20:40,Singapore Changi Airport,SIN,30/07/2024 21:50,70,Singapore Airlines,Business Class,1100,895,TRUE,625,Y,Y,Y,2,7,2,40
Kuala Lumpur International Airport,KUL,30/07/2024 21:45,Singapore Changi Airport,SIN,30/07/2024 22:55,70,Singapore Airlines,Business Class,1035,830,TRUE,741,Y,Y,Y,2,7,2,40
Kuala Lumpur International Airport,KUL,31/07/2024 10:25,Singapore Changi Airport,SIN,31/07/2024 11:35,70,Singapore Airlines,Business Class,275,70,N/A,625,Y,Y,Y,2,7,2,40
Kuala Lumpur International Airport,KUL,31/07/2024 21:15,Brunei International Airport,BWN,31/07/2024 23:40,145,Royal Brunei,Business Class,145,N/A,N/A,670,Y,Y,Y,2,7,1,40
Kuala Lumpur International Airport,KUL,31/07/2024 15:40,Kota Kinabalu International Airport,BKI,31/07/2024 18:20,160,Malaysia Airlines,Business Class,1755,1555,TRUE,519,Y,Y,Y,2,7,2,32
Kuala Lumpur International Airport,KUL,31/07/2024 22:00,Kota Kinabalu International Airport,BKI,01/08/2024 0:40,160,Malaysia Airlines,Business Class,1375,1175,TRUE,519,Y,Y,Y,2,7,2,32
Kuala Lumpur International Airport,KUL,31/07/2024 12:30,Kuching International Airport,KCH,31/07/2024 14:20,110,Malaysia Airlines,Business Class,1675,1485,TRUE,539,Y,Y,Y,2,7,2,32
Kuala Lumpur International Airport,KUL,31/07/2024 21:15,Kuching International Airport,KCH,31/07/2024 23:05,110,Malaysia Airlines,Business Class,1150,960,TRUE,540,Y,Y,Y,2,7,2,32
Kuala Lumpur International Airport,KUL,31/07/2024 21:45,Singapore Changi Airport,SIN,31/07/2024 22:55,70,Singapore Airlines,Business Class,805,605,TRUE,839,Y,Y,Y,2,7,2,40