Departure Airport Name,Departure Airport ID,Departure Time,Arrival Airport Name,Arrival Airport ID,Arrival Time,Duration,Airline,Travel Class,Total Duration,Layover 1 Duration,Layover 1 Overnight,Price, Cabin Baggage, Checked Baggage,Meal Included,Cabin Baggage (Number),Cabin Baggage (kg per piece),Checked Baggage (Number),Checked Baggage (kg per piece) ,Day of Week (on flight date),Departure Country Is Holiday,Arrival Country Is Holiday,Overnight Flight,Final Arrival Airport Name,Final Arrival Airport ID
Suvarnabhumi Airport,BKK,2024-07-01 07:35,Phnom Penh International Airport,PNH,2024-07-01 08:50,75,THAI,Premium Economy,75,,,182,Y,Y,Y,1,7,1,35,Monday,False,False,False,Phnom Penh International Airport,PNH
Suvarnabhumi Airport,BKK,2024-07-01 18:35,Phnom Penh International Airport,PNH,2024-07-01 19:55,80,THAI,Premium Economy,80,,,182,Y,Y,Y,1,7,1,35,Monday,False,False,False,Phnom Penh International Airport,PNH
Suvarnabhumi Airport,BKK,2024-07-01 03:15,Shenzhen Bao'an International Airport,SZX,2024-07-01 07:05,170,Shenzhen,Premium Economy,475,150.0,,404,Y,Y,Y,1,5,1,20,Monday,False,False,False,Phnom Penh International Airport,PNH
Suvarnabhumi Airport,BKK,2024-07-01 19:05,Guangzhou Baiyun International Airport,CAN,2024-07-01 22:50,165,China Southern,Premium Economy,935,605.0,True,312,Y,Y,Y,1,8,1,23,Monday,False,False,False,Phnom Penh International Airport,PNH
Suvarnabhumi Airport,BKK,2024-07-01 12:55,Shenzhen Bao'an International Airport,SZX,2024-07-01 16:50,175,Shenzhen,Premium Economy,1335,1005.0,True,370,Y,Y,Y,1,5,1,20,Monday,False,False,False,Phnom Penh International Airport,PNH
Suvarnabhumi Airport,BKK,2024-07-01 19:25,Shenzhen Bao'an International Airport,SZX,2024-07-01 23:25,180,Shenzhen,Premium Economy,945,610.0,True,407,Y,Y,Y,1,5,1,20,Monday,False,False,False,Phnom Penh International Airport,PNH
Suvarnabhumi Airport,BKK,2024-07-01 20:25,Singapore Changi Airport,SIN,2024-07-01 23:45,140,Scoot,Premium Economy,735,475.0,True,1095,Y,Y,N,1,7,1,30,Monday,False,False,False,Phnom Penh International Airport,PNH
Suvarnabhumi Airport,BKK,2024-07-01 10:50,Singapore Changi Airport,SIN,2024-07-01 14:15,145,Scoot,Premium Economy,400,135.0,,1432,Y,Y,N,1,7,1,30,Monday,False,False,False,Phnom Penh International Airport,PNH
Suvarnabhumi Airport,BKK,2024-07-02 07:35,Phnom Penh International Airport,PNH,2024-07-02 08:50,75,THAI,Premium Economy,75,,,182,Y,Y,Y,1,7,1,35,Tuesday,False,False,False,Phnom Penh International Airport,PNH
Suvarnabhumi Airport,BKK,2024-07-02 18:35,Phnom Penh International Airport,PNH,2024-07-02 19:55,80,THAI,Premium Economy,80,,,182,Y,Y,Y,1,7,1,35,Tuesday,False,False,False,Phnom Penh International Airport,PNH
Suvarnabhumi Airport,BKK,2024-07-02 19:05,Guangzhou Baiyun International Airport,CAN,2024-07-02 22:50,165,China Southern,Premium Economy,1165,835.0,True,312,Y,Y,Y,1,8,1,23,Tuesday,False,False,False,Phnom Penh International Airport,PNH
Suvarnabhumi Airport,BKK,2024-07-02 03:15,Shenzhen Bao'an International Airport,SZX,2024-07-02 07:05,170,Shenzhen,Premium Economy,475,150.0,,370,Y,Y,Y,1,5,1,20,Tuesday,False,False,False,Phnom Penh International Airport,PNH
Suvarnabhumi Airport,BKK,2024-07-02 19:25,Shenzhen Bao'an International Airport,SZX,2024-07-02 23:25,180,Shenzhen,Premium Economy,945,610.0,True,370,Y,Y,Y,1,5,1,20,Tuesday,False,False,False,Phnom Penh International Airport,PNH
Suvarnabhumi Airport,BKK,2024-07-02 19:05,Guangzhou Baiyun International Airport,CAN,2024-07-02 22:50,165,China Southern,Premium Economy,935,610.0,True,575,Y,Y,Y,1,8,1,23,Tuesday,False,False,False,Phnom Penh International Airport,PNH
Suvarnabhumi Airport,BKK,2024-07-02 10:50,Singapore Changi Airport,SIN,2024-07-02 14:15,145,Scoot,Premium Economy,400,135.0,,1159,Y,Y,N,1,7,1,30,Tuesday,False,False,False,Phnom Penh International Airport,PNH
Suvarnabhumi Airport,BKK,2024-07-03 07:35,Phnom Penh International Airport,PNH,2024-07-03 08:50,75,THAI,Premium Economy,75,,,182,Y,Y,Y,1,7,1,35,Wednesday,False,False,False,Phnom Penh International Airport,PNH
Suvarnabhumi Airport,BKK,2024-07-03 18:35,Phnom Penh International Airport,PNH,2024-07-03 19:55,80,THAI,Premium Economy,80,,,182,Y,Y,Y,1,7,1,35,Wednesday,False,False,False,Phnom Penh International Airport,PNH
Suvarnabhumi Airport,BKK,2024-07-03 19:05,Guangzhou Baiyun International Airport,CAN,2024-07-03 22:50,165,China Southern,Premium Economy,1165,835.0,True,312,Y,Y,Y,1,8,1,23,Wednesday,False,False,False,Phnom Penh International Airport,PNH
Suvarnabhumi Airport,BKK,2024-07-03 03:15,Shenzhen Bao'an International Airport,SZX,2024-07-03 07:05,170,Shenzhen,Premium Economy,475,150.0,,370,Y,Y,Y,1,5,1,20,Wednesday,False,False,False,Phnom Penh International Airport,PNH
Suvarnabhumi Airport,BKK,2024-07-03 19:25,Shenzhen Bao'an International Airport,SZX,2024-07-03 23:25,180,Shenzhen,Premium Economy,945,610.0,True,370,Y,Y,Y,1,5,1,20,Wednesday,False,False,False,Phnom Penh International Airport,PNH
Suvarnabhumi Airport,BKK,2024-07-03 19:05,Guangzhou Baiyun International Airport,CAN,2024-07-03 22:50,165,China Southern,Premium Economy,935,610.0,True,575,Y,Y,Y,1,8,1,23,Wednesday,False,False,False,Phnom Penh International Airport,PNH
Suvarnabhumi Airport,BKK,2024-07-03 10:50,Singapore Changi Airport,SIN,2024-07-03 14:15,145,Scoot,Premium Economy,390,135.0,,1159,Y,Y,N,1,7,1,30,Wednesday,False,False,False,Phnom Penh International Airport,PNH
Suvarnabhumi Airport,BKK,2024-07-04 07:35,Phnom Penh International Airport,PNH,2024-07-04 08:50,75,THAI,Premium Economy,75,,,182,Y,Y,Y,1,7,1,35,Thursday,False,False,False,Phnom Penh International Airport,PNH
Suvarnabhumi Airport,BKK,2024-07-04 18:35,Phnom Penh International Airport,PNH,2024-07-04 19:55,80,THAI,Premium Economy,80,,,182,Y,Y,Y,1,7,1,35,Thursday,False,False,False,Phnom Penh International Airport,PNH
Suvarnabhumi Airport,BKK,2024-07-04 03:15,Shenzhen Bao'an International Airport,SZX,2024-07-04 07:05,170,Shenzhen,Premium Economy,475,150.0,,370,Y,Y,Y,1,5,1,20,Thursday,False,False,False,Phnom Penh International Airport,PNH
Suvarnabhumi Airport,BKK,2024-07-04 19:25,Shenzhen Bao'an International Airport,SZX,2024-07-04 23:25,180,Shenzhen,Premium Economy,945,610.0,True,370,Y,Y,Y,1,5,1,20,Thursday,False,False,False,Phnom Penh International Airport,PNH
Suvarnabhumi Airport,BKK,2024-07-04 19:05,Guangzhou Baiyun International Airport,CAN,2024-07-04 22:50,165,China Southern,Premium Economy,935,610.0,True,575,Y,Y,Y,1,8,1,23,Thursday,False,False,False,Phnom Penh International Airport,PNH
Suvarnabhumi Airport,BKK,2024-07-04 10:50,Singapore Changi Airport,SIN,2024-07-04 14:15,145,Scoot,Premium Economy,400,135.0,,1432,Y,Y,N,1,7,1,30,Thursday,False,False,False,Phnom Penh International Airport,PNH
Suvarnabhumi Airport,BKK,2024-07-05 07:35,Phnom Penh International Airport,PNH,2024-07-05 08:50,75,THAI,Premium Economy,75,,,182,Y,Y,Y,1,7,1,35,Friday,False,False,False,Phnom Penh International Airport,PNH
Suvarnabhumi Airport,BKK,2024-07-05 18:35,Phnom Penh International Airport,PNH,2024-07-05 19:55,80,THAI,Premium Economy,80,,,182,Y,Y,Y,1,7,1,35,Friday,False,False,False,Phnom Penh International Airport,PNH
Suvarnabhumi Airport,BKK,2024-07-05 19:05,Guangzhou Baiyun International Airport,CAN,2024-07-05 22:50,165,China Southern,Premium Economy,1165,835.0,True,338,Y,Y,Y,1,8,1,23,Friday,False,False,False,Phnom Penh International Airport,PNH
Suvarnabhumi Airport,BKK,2024-07-05 03:15,Shenzhen Bao'an International Airport,SZX,2024-07-05 07:05,170,Shenzhen,Premium Economy,475,150.0,,370,Y,Y,Y,1,5,1,20,Friday,False,False,False,Phnom Penh International Airport,PNH
Suvarnabhumi Airport,BKK,2024-07-05 19:25,Shenzhen Bao'an International Airport,SZX,2024-07-05 23:25,180,Shenzhen,Premium Economy,945,610.0,True,407,Y,Y,Y,1,5,1,20,Friday,False,False,False,Phnom Penh International Airport,PNH
Suvarnabhumi Airport,BKK,2024-07-05 19:05,Guangzhou Baiyun International Airport,CAN,2024-07-05 22:50,165,China Southern,Premium Economy,935,610.0,True,575,Y,Y,Y,1,8,1,23,Friday,False,False,False,Phnom Penh International Airport,PNH
Suvarnabhumi Airport,BKK,2024-07-05 20:25,Singapore Changi Airport,SIN,2024-07-05 23:45,140,Scoot,Premium Economy,735,475.0,True,1159,Y,Y,N,1,7,1,30,Friday,False,False,False,Phnom Penh International Airport,PNH
Suvarnabhumi Airport,BKK,2024-07-06 07:35,Phnom Penh International Airport,PNH,2024-07-06 08:50,75,THAI,Premium Economy,75,,,182,Y,Y,Y,1,7,1,35,Saturday,False,False,False,Phnom Penh International Airport,PNH
Suvarnabhumi Airport,BKK,2024-07-06 18:35,Phnom Penh International Airport,PNH,2024-07-06 19:55,80,THAI,Premium Economy,80,,,182,Y,Y,Y,1,7,1,35,Saturday,False,False,False,Phnom Penh International Airport,PNH
Suvarnabhumi Airport,BKK,2024-07-06 03:15,Shenzhen Bao'an International Airport,SZX,2024-07-06 07:05,170,Shenzhen,Premium Economy,475,150.0,,370,Y,Y,Y,1,5,1,20,Saturday,False,False,False,Phnom Penh International Airport,PNH
Suvarnabhumi Airport,BKK,2024-07-06 19:25,Shenzhen Bao'an International Airport,SZX,2024-07-06 23:25,180,Shenzhen,Premium Economy,945,610.0,True,370,Y,Y,Y,1,5,1,20,Saturday,False,False,False,Phnom Penh International Airport,PNH
Suvarnabhumi Airport,BKK,2024-07-06 19:05,Guangzhou Baiyun International Airport,CAN,2024-07-06 22:50,165,China Southern,Premium Economy,935,610.0,True,575,Y,Y,Y,1,8,1,23,Saturday,False,False,False,Phnom Penh International Airport,PNH
Suvarnabhumi Airport,BKK,2024-07-06 10:50,Singapore Changi Airport,SIN,2024-07-06 14:15,145,Scoot,Premium Economy,390,135.0,,1159,Y,Y,N,1,7,1,30,Saturday,False,False,False,Phnom Penh International Airport,PNH
Suvarnabhumi Airport,BKK,2024-07-07 07:35,Phnom Penh International Airport,PNH,2024-07-07 08:50,75,THAI,Premium Economy,75,,,182,Y,Y,Y,1,7,1,35,Sunday,False,False,False,Phnom Penh International Airport,PNH
Suvarnabhumi Airport,BKK,2024-07-07 18:35,Phnom Penh International Airport,PNH,2024-07-07 19:55,80,THAI,Premium Economy,80,,,182,Y,Y,Y,1,7,1,35,Sunday,False,False,False,Phnom Penh International Airport,PNH
Suvarnabhumi Airport,BKK,2024-07-07 03:15,Shenzhen Bao'an International Airport,SZX,2024-07-07 07:05,170,Shenzhen,Premium Economy,475,150.0,,370,Y,Y,Y,1,5,1,20,Sunday,False,False,False,Phnom Penh International Airport,PNH
Suvarnabhumi Airport,BKK,2024-07-07 19:25,Shenzhen Bao'an International Airport,SZX,2024-07-07 23:25,180,Shenzhen,Premium Economy,945,610.0,True,407,Y,Y,Y,1,5,1,20,Sunday,False,False,False,Phnom Penh International Airport,PNH
Suvarnabhumi Airport,BKK,2024-07-07 19:05,Guangzhou Baiyun International Airport,CAN,2024-07-07 23:10,185,China Southern,Premium Economy,935,590.0,True,575,Y,Y,Y,1,8,1,23,Sunday,False,False,False,Phnom Penh International Airport,PNH
Suvarnabhumi Airport,BKK,2024-07-07 10:50,Singapore Changi Airport,SIN,2024-07-07 14:15,145,Scoot,Premium Economy,390,135.0,,1159,Y,Y,N,1,7,1,30,Sunday,False,False,False,Phnom Penh International Airport,PNH
Suvarnabhumi Airport,BKK,2024-07-08 07:35,Phnom Penh International Airport,PNH,2024-07-08 08:50,75,THAI,Premium Economy,75,,,182,Y,Y,Y,1,7,1,35,Monday,False,False,False,Phnom Penh International Airport,PNH
Suvarnabhumi Airport,BKK,2024-07-08 18:35,Phnom Penh International Airport,PNH,2024-07-08 19:55,80,THAI,Premium Economy,80,,,182,Y,Y,Y,1,7,1,35,Monday,False,False,False,Phnom Penh International Airport,PNH
Suvarnabhumi Airport,BKK,2024-07-08 19:05,Guangzhou Baiyun International Airport,CAN,2024-07-08 22:50,165,China Southern,Premium Economy,935,605.0,True,336,Y,Y,Y,1,8,1,23,Monday,False,False,False,Phnom Penh International Airport,PNH
Suvarnabhumi Airport,BKK,2024-07-08 03:15,Shenzhen Bao'an International Airport,SZX,2024-07-08 07:05,170,Shenzhen,Premium Economy,475,150.0,,370,Y,Y,Y,1,5,1,20,Monday,False,False,False,Phnom Penh International Airport,PNH
Suvarnabhumi Airport,BKK,2024-07-08 19:25,Shenzhen Bao'an International Airport,SZX,2024-07-08 23:25,180,Shenzhen,Premium Economy,945,610.0,True,370,Y,Y,Y,1,5,1,20,Monday,False,False,False,Phnom Penh International Airport,PNH
Suvarnabhumi Airport,BKK,2024-07-08 10:50,Singapore Changi Airport,SIN,2024-07-08 14:15,145,Scoot,Premium Economy,400,135.0,,1073,Y,Y,N,1,7,1,30,Monday,False,False,False,Phnom Penh International Airport,PNH
Suvarnabhumi Airport,BKK,2024-07-08 20:25,Singapore Changi Airport,SIN,2024-07-08 23:45,140,Scoot,Premium Economy,735,475.0,True,1073,Y,Y,N,1,7,1,30,Monday,False,False,False,Phnom Penh International Airport,PNH
Suvarnabhumi Airport,BKK,2024-07-09 07:35,Phnom Penh International Airport,PNH,2024-07-09 08:50,75,THAI,Premium Economy,75,,,182,Y,Y,Y,1,7,1,35,Tuesday,False,False,False,Phnom Penh International Airport,PNH
Suvarnabhumi Airport,BKK,2024-07-09 18:35,Phnom Penh International Airport,PNH,2024-07-09 19:55,80,THAI,Premium Economy,80,,,182,Y,Y,Y,1,7,1,35,Tuesday,False,False,False,Phnom Penh International Airport,PNH
Suvarnabhumi Airport,BKK,2024-07-09 03:15,Shenzhen Bao'an International Airport,SZX,2024-07-09 07:05,170,Shenzhen,Premium Economy,475,150.0,,370,Y,Y,Y,1,5,1,20,Tuesday,False,False,False,Phnom Penh International Airport,PNH
Suvarnabhumi Airport,BKK,2024-07-09 19:25,Shenzhen Bao'an International Airport,SZX,2024-07-09 23:25,180,Shenzhen,Premium Economy,945,610.0,True,407,Y,Y,Y,1,5,1,20,Tuesday,False,False,False,Phnom Penh International Airport,PNH
Suvarnabhumi Airport,BKK,2024-07-09 19:05,Guangzhou Baiyun International Airport,CAN,2024-07-09 22:50,165,China Southern,Premium Economy,935,610.0,True,575,Y,Y,Y,1,8,1,23,Tuesday,False,False,False,Phnom Penh International Airport,PNH
Suvarnabhumi Airport,BKK,2024-07-09 10:50,Singapore Changi Airport,SIN,2024-07-09 14:15,145,Scoot,Premium Economy,400,135.0,,1432,Y,Y,N,1,7,1,30,Tuesday,False,False,False,Phnom Penh International Airport,PNH
Suvarnabhumi Airport,BKK,2024-07-10 07:35,Phnom Penh International Airport,PNH,2024-07-10 08:50,75,THAI,Premium Economy,75,,,182,Y,Y,Y,1,7,1,35,Wednesday,False,False,False,Phnom Penh International Airport,PNH
Suvarnabhumi Airport,BKK,2024-07-10 18:35,Phnom Penh International Airport,PNH,2024-07-10 19:55,80,THAI,Premium Economy,80,,,182,Y,Y,Y,1,7,1,35,Wednesday,False,False,False,Phnom Penh International Airport,PNH
Suvarnabhumi Airport,BKK,2024-07-10 03:15,Shenzhen Bao'an International Airport,SZX,2024-07-10 07:05,170,Shenzhen,Premium Economy,475,150.0,,370,Y,Y,Y,1,5,1,20,Wednesday,False,False,False,Phnom Penh International Airport,PNH
Suvarnabhumi Airport,BKK,2024-07-10 19:05,Guangzhou Baiyun International Airport,CAN,2024-07-10 22:50,165,China Southern,Premium Economy,1165,835.0,True,338,Y,Y,Y,1,8,1,23,Wednesday,False,False,False,Phnom Penh International Airport,PNH
Suvarnabhumi Airport,BKK,2024-07-10 19:25,Shenzhen Bao'an International Airport,SZX,2024-07-10 23:25,180,Shenzhen,Premium Economy,945,610.0,True,407,Y,Y,Y,1,5,1,20,Wednesday,False,False,False,Phnom Penh International Airport,PNH
Suvarnabhumi Airport,BKK,2024-07-10 19:05,Guangzhou Baiyun International Airport,CAN,2024-07-10 22:50,165,China Southern,Premium Economy,935,610.0,True,575,Y,Y,Y,1,8,1,23,Wednesday,False,False,False,Phnom Penh International Airport,PNH
Suvarnabhumi Airport,BKK,2024-07-10 10:50,Singapore Changi Airport,SIN,2024-07-10 14:15,145,Scoot,Premium Economy,390,135.0,,1073,Y,Y,N,1,7,1,30,Wednesday,False,False,False,Phnom Penh International Airport,PNH
Suvarnabhumi Airport,BKK,2024-07-11 07:35,Phnom Penh International Airport,PNH,2024-07-11 08:50,75,THAI,Premium Economy,75,,,182,Y,Y,Y,1,7,1,35,Thursday,False,False,False,Phnom Penh International Airport,PNH
Suvarnabhumi Airport,BKK,2024-07-11 18:35,Phnom Penh International Airport,PNH,2024-07-11 19:55,80,THAI,Premium Economy,80,,,182,Y,Y,Y,1,7,1,35,Thursday,False,False,False,Phnom Penh International Airport,PNH
Suvarnabhumi Airport,BKK,2024-07-11 19:05,Guangzhou Baiyun International Airport,CAN,2024-07-11 22:50,165,China Southern,Premium Economy,1165,835.0,True,312,Y,Y,Y,1,8,1,23,Thursday,False,False,False,Phnom Penh International Airport,PNH
Suvarnabhumi Airport,BKK,2024-07-11 03:15,Shenzhen Bao'an International Airport,SZX,2024-07-11 07:05,170,Shenzhen,Premium Economy,475,150.0,,370,Y,Y,Y,1,5,1,20,Thursday,False,False,False,Phnom Penh International Airport,PNH
Suvarnabhumi Airport,BKK,2024-07-11 19:25,Shenzhen Bao'an International Airport,SZX,2024-07-11 23:25,180,Shenzhen,Premium Economy,945,610.0,True,404,Y,Y,Y,1,5,1,20,Thursday,False,False,False,Phnom Penh International Airport,PNH
Suvarnabhumi Airport,BKK,2024-07-11 19:05,Guangzhou Baiyun International Airport,CAN,2024-07-11 22:50,165,China Southern,Premium Economy,935,610.0,True,575,Y,Y,Y,1,8,1,23,Thursday,False,False,False,Phnom Penh International Airport,PNH
Suvarnabhumi Airport,BKK,2024-07-11 10:50,Singapore Changi Airport,SIN,2024-07-11 14:15,145,Scoot,Premium Economy,400,135.0,,1066,Y,Y,N,1,7,1,30,Thursday,False,False,False,Phnom Penh International Airport,PNH
Suvarnabhumi Airport,BKK,2024-07-12 07:35,Phnom Penh International Airport,PNH,2024-07-12 08:50,75,THAI,Premium Economy,75,,,182,Y,Y,Y,1,7,1,35,Friday,False,False,False,Phnom Penh International Airport,PNH
Suvarnabhumi Airport,BKK,2024-07-12 18:35,Phnom Penh International Airport,PNH,2024-07-12 19:55,80,THAI,Premium Economy,80,,,182,Y,Y,Y,1,7,1,35,Friday,False,False,False,Phnom Penh International Airport,PNH
Suvarnabhumi Airport,BKK,2024-07-12 03:15,Shenzhen Bao'an International Airport,SZX,2024-07-12 07:05,170,Shenzhen,Premium Economy,475,150.0,,412,Y,Y,Y,1,5,1,20,Friday,False,False,False,Phnom Penh International Airport,PNH
Suvarnabhumi Airport,BKK,2024-07-12 19:25,Shenzhen Bao'an International Airport,SZX,2024-07-12 23:25,180,Shenzhen,Premium Economy,945,610.0,True,450,Y,Y,Y,1,5,1,20,Friday,False,False,False,Phnom Penh International Airport,PNH
Suvarnabhumi Airport,BKK,2024-07-12 19:05,Guangzhou Baiyun International Airport,CAN,2024-07-12 22:50,165,China Southern,Premium Economy,935,610.0,True,575,Y,Y,Y,1,8,1,23,Friday,False,False,False,Phnom Penh International Airport,PNH
Suvarnabhumi Airport,BKK,2024-07-12 20:25,Singapore Changi Airport,SIN,2024-07-12 23:45,140,Scoot,Premium Economy,1000,735.0,True,1073,Y,Y,N,1,7,1,30,Friday,False,False,False,Phnom Penh International Airport,PNH
Suvarnabhumi Airport,BKK,2024-07-12 10:50,Singapore Changi Airport,SIN,2024-07-12 14:15,145,Scoot,Premium Economy,400,135.0,,1159,Y,Y,N,1,7,1,30,Friday,False,False,False,Phnom Penh International Airport,PNH
Suvarnabhumi Airport,BKK,2024-07-12 20:25,Singapore Changi Airport,SIN,2024-07-12 23:45,140,Scoot,Premium Economy,735,475.0,True,1159,Y,Y,N,1,7,1,30,Friday,False,False,False,Phnom Penh International Airport,PNH
Suvarnabhumi Airport,BKK,2024-07-13 07:35,Phnom Penh International Airport,PNH,2024-07-13 08:50,75,THAI,Premium Economy,75,,,182,Y,Y,Y,1,7,1,35,Saturday,False,False,False,Phnom Penh International Airport,PNH
Suvarnabhumi Airport,BKK,2024-07-13 18:35,Phnom Penh International Airport,PNH,2024-07-13 19:55,80,THAI,Premium Economy,80,,,182,Y,Y,Y,1,7,1,35,Saturday,False,False,False,Phnom Penh International Airport,PNH
Suvarnabhumi Airport,BKK,2024-07-13 19:05,Guangzhou Baiyun International Airport,CAN,2024-07-13 22:50,165,China Southern,Premium Economy,1165,835.0,True,312,Y,Y,Y,1,8,1,23,Saturday,False,False,False,Phnom Penh International Airport,PNH
Suvarnabhumi Airport,BKK,2024-07-13 03:15,Shenzhen Bao'an International Airport,SZX,2024-07-13 07:05,170,Shenzhen,Premium Economy,475,150.0,,412,Y,Y,Y,1,5,1,20,Saturday,False,False,False,Phnom Penh International Airport,PNH
Suvarnabhumi Airport,BKK,2024-07-13 19:25,Shenzhen Bao'an International Airport,SZX,2024-07-13 23:25,180,Shenzhen,Premium Economy,945,610.0,True,450,Y,Y,Y,1,5,1,20,Saturday,False,False,False,Phnom Penh International Airport,PNH
Suvarnabhumi Airport,BKK,2024-07-13 19:05,Guangzhou Baiyun International Airport,CAN,2024-07-13 22:50,165,China Southern,Premium Economy,935,610.0,True,575,Y,Y,Y,1,8,1,23,Saturday,False,False,False,Phnom Penh International Airport,PNH
Suvarnabhumi Airport,BKK,2024-07-13 10:50,Singapore Changi Airport,SIN,2024-07-13 14:15,145,Scoot,Premium Economy,390,135.0,,1073,Y,Y,N,1,7,1,30,Saturday,False,False,False,Phnom Penh International Airport,PNH
Suvarnabhumi Airport,BKK,2024-07-14 07:35,Phnom Penh International Airport,PNH,2024-07-14 08:50,75,THAI,Premium Economy,75,,,182,Y,Y,Y,1,7,1,35,Sunday,False,False,False,Phnom Penh International Airport,PNH
Suvarnabhumi Airport,BKK,2024-07-14 18:35,Phnom Penh International Airport,PNH,2024-07-14 19:55,80,THAI,Premium Economy,80,,,182,Y,Y,Y,1,7,1,35,Sunday,False,False,False,Phnom Penh International Airport,PNH
Suvarnabhumi Airport,BKK,2024-07-14 19:05,Guangzhou Baiyun International Airport,CAN,2024-07-14 23:10,185,China Southern,Premium Economy,1165,815.0,True,312,Y,Y,Y,1,8,1,23,Sunday,False,False,False,Phnom Penh International Airport,PNH
Suvarnabhumi Airport,BKK,2024-07-14 03:15,Shenzhen Bao'an International Airport,SZX,2024-07-14 07:05,170,Shenzhen,Premium Economy,475,150.0,,412,Y,Y,Y,1,5,1,20,Sunday,False,False,False,Phnom Penh International Airport,PNH
Suvarnabhumi Airport,BKK,2024-07-14 19:25,Shenzhen Bao'an International Airport,SZX,2024-07-14 23:25,180,Shenzhen,Premium Economy,945,610.0,True,450,Y,Y,Y,1,5,1,20,Sunday,False,False,False,Phnom Penh International Airport,PNH
Suvarnabhumi Airport,BKK,2024-07-14 19:05,Guangzhou Baiyun International Airport,CAN,2024-07-14 23:10,185,China Southern,Premium Economy,935,590.0,True,575,Y,Y,Y,1,8,1,23,Sunday,False,False,False,Phnom Penh International Airport,PNH
Suvarnabhumi Airport,BKK,2024-07-14 17:55,Singapore Changi Airport,SIN,2024-07-14 21:05,130,Scoot,Premium Economy,885,635.0,True,1159,Y,Y,N,1,7,1,30,Sunday,False,False,False,Phnom Penh International Airport,PNH
Suvarnabhumi Airport,BKK,2024-07-15 07:35,Phnom Penh International Airport,PNH,2024-07-15 08:50,75,THAI,Premium Economy,75,,,182,Y,Y,Y,1,7,1,35,Monday,False,False,False,Phnom Penh International Airport,PNH
Suvarnabhumi Airport,BKK,2024-07-15 18:35,Phnom Penh International Airport,PNH,2024-07-15 19:55,80,THAI,Premium Economy,80,,,182,Y,Y,Y,1,7,1,35,Monday,False,False,False,Phnom Penh International Airport,PNH
Suvarnabhumi Airport,BKK,2024-07-15 03:15,Shenzhen Bao'an International Airport,SZX,2024-07-15 07:05,170,Shenzhen,Premium Economy,475,150.0,,412,Y,Y,Y,1,5,1,20,Monday,False,False,False,Phnom Penh International Airport,PNH
Suvarnabhumi Airport,BKK,2024-07-15 19:05,Guangzhou Baiyun International Airport,CAN,2024-07-15 22:50,165,China Southern,Premium Economy,935,605.0,True,312,Y,Y,Y,1,8,1,23,Monday,False,False,False,Phnom Penh International Airport,PNH
Suvarnabhumi Airport,BKK,2024-07-15 19:25,Shenzhen Bao'an International Airport,SZX,2024-07-15 23:25,180,Shenzhen,Premium Economy,945,610.0,True,450,Y,Y,Y,1,5,1,20,Monday,False,False,False,Phnom Penh International Airport,PNH
Suvarnabhumi Airport,BKK,2024-07-15 20:25,Singapore Changi Airport,SIN,2024-07-15 23:45,140,Scoot,Premium Economy,735,475.0,True,1159,Y,Y,N,1,7,1,30,Monday,False,False,False,Phnom Penh International Airport,PNH
Suvarnabhumi Airport,BKK,2024-07-15 10:50,Singapore Changi Airport,SIN,2024-07-15 14:15,145,Scoot,Premium Economy,400,135.0,,1432,Y,Y,N,1,7,1,30,Monday,False,False,False,Phnom Penh International Airport,PNH
Suvarnabhumi Airport,BKK,2024-07-16 07:35,Phnom Penh International Airport,PNH,2024-07-16 08:50,75,THAI,Premium Economy,75,,,182,Y,Y,Y,1,7,1,35,Tuesday,False,False,False,Phnom Penh International Airport,PNH
Suvarnabhumi Airport,BKK,2024-07-16 18:35,Phnom Penh International Airport,PNH,2024-07-16 19:55,80,THAI,Premium Economy,80,,,182,Y,Y,Y,1,7,1,35,Tuesday,False,False,False,Phnom Penh International Airport,PNH
Suvarnabhumi Airport,BKK,2024-07-16 03:15,Shenzhen Bao'an International Airport,SZX,2024-07-16 07:05,170,Shenzhen,Premium Economy,475,150.0,,412,Y,Y,Y,1,5,1,20,Tuesday,False,False,False,Phnom Penh International Airport,PNH
Suvarnabhumi Airport,BKK,2024-07-16 19:25,Shenzhen Bao'an International Airport,SZX,2024-07-16 23:25,180,Shenzhen,Premium Economy,945,610.0,True,450,Y,Y,Y,1,5,1,20,Tuesday,False,False,False,Phnom Penh International Airport,PNH
Suvarnabhumi Airport,BKK,2024-07-16 19:05,Guangzhou Baiyun International Airport,CAN,2024-07-16 22:50,165,China Southern,Premium Economy,935,610.0,True,575,Y,Y,Y,1,8,1,23,Tuesday,False,False,False,Phnom Penh International Airport,PNH
Suvarnabhumi Airport,BKK,2024-07-16 10:50,Singapore Changi Airport,SIN,2024-07-16 14:15,145,Scoot,Premium Economy,400,135.0,,1432,Y,Y,N,1,7,1,30,Tuesday,False,False,False,Phnom Penh International Airport,PNH
Suvarnabhumi Airport,BKK,2024-07-17 07:35,Phnom Penh International Airport,PNH,2024-07-17 08:50,75,THAI,Premium Economy,75,,,182,Y,Y,Y,1,7,1,35,Wednesday,False,False,False,Phnom Penh International Airport,PNH
Suvarnabhumi Airport,BKK,2024-07-17 18:35,Phnom Penh International Airport,PNH,2024-07-17 19:55,80,THAI,Premium Economy,80,,,182,Y,Y,Y,1,7,1,35,Wednesday,False,False,False,Phnom Penh International Airport,PNH
Suvarnabhumi Airport,BKK,2024-07-17 03:15,Shenzhen Bao'an International Airport,SZX,2024-07-17 07:05,170,Shenzhen,Premium Economy,475,150.0,,412,Y,Y,Y,1,5,1,20,Wednesday,False,False,False,Phnom Penh International Airport,PNH
Suvarnabhumi Airport,BKK,2024-07-17 19:05,Guangzhou Baiyun International Airport,CAN,2024-07-17 22:50,165,China Southern,Premium Economy,1165,835.0,True,312,Y,Y,Y,1,8,1,23,Wednesday,False,False,False,Phnom Penh International Airport,PNH
Suvarnabhumi Airport,BKK,2024-07-17 19:25,Shenzhen Bao'an International Airport,SZX,2024-07-17 23:25,180,Shenzhen,Premium Economy,945,610.0,True,450,Y,Y,Y,1,5,1,20,Wednesday,False,False,False,Phnom Penh International Airport,PNH
Suvarnabhumi Airport,BKK,2024-07-17 19:05,Guangzhou Baiyun International Airport,CAN,2024-07-17 22:50,165,China Southern,Premium Economy,935,610.0,True,575,Y,Y,Y,1,8,1,23,Wednesday,False,False,False,Phnom Penh International Airport,PNH
Suvarnabhumi Airport,BKK,2024-07-17 10:50,Singapore Changi Airport,SIN,2024-07-17 14:15,145,Scoot,Premium Economy,390,135.0,,1073,Y,Y,N,1,7,1,30,Wednesday,False,False,False,Phnom Penh International Airport,PNH
Suvarnabhumi Airport,BKK,2024-07-18 07:35,Phnom Penh International Airport,PNH,2024-07-18 08:50,75,THAI,Premium Economy,75,,,182,Y,Y,Y,1,7,1,35,Thursday,False,False,False,Phnom Penh International Airport,PNH
Suvarnabhumi Airport,BKK,2024-07-18 18:35,Phnom Penh International Airport,PNH,2024-07-18 19:55,80,THAI,Premium Economy,80,,,182,Y,Y,Y,1,7,1,35,Thursday,False,False,False,Phnom Penh International Airport,PNH
Suvarnabhumi Airport,BKK,2024-07-18 03:15,Shenzhen Bao'an International Airport,SZX,2024-07-18 07:05,170,Shenzhen,Premium Economy,475,150.0,,412,Y,Y,Y,1,5,1,20,Thursday,False,False,False,Phnom Penh International Airport,PNH
Suvarnabhumi Airport,BKK,2024-07-18 19:25,Shenzhen Bao'an International Airport,SZX,2024-07-18 23:25,180,Shenzhen,Premium Economy,945,610.0,True,450,Y,Y,Y,1,5,1,20,Thursday,False,False,False,Phnom Penh International Airport,PNH
Suvarnabhumi Airport,BKK,2024-07-18 19:05,Guangzhou Baiyun International Airport,CAN,2024-07-18 22:50,165,China Southern,Premium Economy,935,610.0,True,575,Y,Y,Y,1,8,1,23,Thursday,False,False,False,Phnom Penh International Airport,PNH
Suvarnabhumi Airport,BKK,2024-07-18 10:50,Singapore Changi Airport,SIN,2024-07-18 14:15,145,Scoot,Premium Economy,400,135.0,,1066,Y,Y,N,1,7,1,30,Thursday,False,False,False,Phnom Penh International Airport,PNH
Suvarnabhumi Airport,BKK,2024-07-19 07:35,Phnom Penh International Airport,PNH,2024-07-19 08:50,75,THAI,Premium Economy,75,,,182,Y,Y,Y,1,7,1,35,Friday,False,False,False,Phnom Penh International Airport,PNH
Suvarnabhumi Airport,BKK,2024-07-19 18:35,Phnom Penh International Airport,PNH,2024-07-19 19:55,80,THAI,Premium Economy,80,,,182,Y,Y,Y,1,7,1,35,Friday,False,False,False,Phnom Penh International Airport,PNH
Suvarnabhumi Airport,BKK,2024-07-19 03:15,Shenzhen Bao'an International Airport,SZX,2024-07-19 07:05,170,Shenzhen,Premium Economy,475,150.0,,412,Y,Y,Y,1,5,1,20,Friday,False,False,False,Phnom Penh International Airport,PNH
Suvarnabhumi Airport,BKK,2024-07-19 19:05,Guangzhou Baiyun International Airport,CAN,2024-07-19 22:50,165,China Southern,Premium Economy,1165,835.0,True,312,Y,Y,Y,1,8,1,23,Friday,False,False,False,Phnom Penh International Airport,PNH
Suvarnabhumi Airport,BKK,2024-07-19 19:25,Shenzhen Bao'an International Airport,SZX,2024-07-19 23:25,180,Shenzhen,Premium Economy,945,610.0,True,450,Y,Y,Y,1,5,1,20,Friday,False,False,False,Phnom Penh International Airport,PNH
Suvarnabhumi Airport,BKK,2024-07-19 19:05,Guangzhou Baiyun International Airport,CAN,2024-07-19 22:50,165,China Southern,Premium Economy,935,610.0,True,575,Y,Y,Y,1,8,1,23,Friday,False,False,False,Phnom Penh International Airport,PNH
Suvarnabhumi Airport,BKK,2024-07-19 20:25,Singapore Changi Airport,SIN,2024-07-19 23:45,140,Scoot,Premium Economy,1255,1005.0,True,1073,Y,Y,N,1,7,1,30,Friday,False,False,False,Phnom Penh International Airport,PNH
Suvarnabhumi Airport,BKK,2024-07-19 10:50,Singapore Changi Airport,SIN,2024-07-19 14:15,145,Scoot,Premium Economy,400,135.0,,1159,Y,Y,N,1,7,1,30,Friday,False,False,False,Phnom Penh International Airport,PNH
Suvarnabhumi Airport,BKK,2024-07-19 20:25,Singapore Changi Airport,SIN,2024-07-19 23:45,140,Scoot,Premium Economy,735,475.0,True,1159,Y,Y,N,1,7,1,30,Friday,False,False,False,Phnom Penh International Airport,PNH
Suvarnabhumi Airport,BKK,2024-07-20 07:35,Phnom Penh International Airport,PNH,2024-07-20 08:50,75,THAI,Premium Economy,75,,,182,Y,Y,Y,1,7,1,35,Saturday,True,False,False,Phnom Penh International Airport,PNH
Suvarnabhumi Airport,BKK,2024-07-20 18:35,Phnom Penh International Airport,PNH,2024-07-20 19:55,80,THAI,Premium Economy,80,,,182,Y,Y,Y,1,7,1,35,Saturday,True,False,False,Phnom Penh International Airport,PNH
Suvarnabhumi Airport,BKK,2024-07-20 19:05,Guangzhou Baiyun International Airport,CAN,2024-07-20 22:50,165,China Southern,Premium Economy,1165,835.0,True,312,Y,Y,Y,1,8,1,23,Saturday,True,False,False,Phnom Penh International Airport,PNH
Suvarnabhumi Airport,BKK,2024-07-20 03:15,Shenzhen Bao'an International Airport,SZX,2024-07-20 07:05,170,Shenzhen,Premium Economy,475,150.0,,412,Y,Y,Y,1,5,1,20,Saturday,True,False,False,Phnom Penh International Airport,PNH
Suvarnabhumi Airport,BKK,2024-07-20 19:25,Shenzhen Bao'an International Airport,SZX,2024-07-20 23:25,180,Shenzhen,Premium Economy,945,610.0,True,450,Y,Y,Y,1,5,1,20,Saturday,True,False,False,Phnom Penh International Airport,PNH
Suvarnabhumi Airport,BKK,2024-07-20 19:05,Guangzhou Baiyun International Airport,CAN,2024-07-20 22:50,165,China Southern,Premium Economy,935,610.0,True,575,Y,Y,Y,1,8,1,23,Saturday,True,False,False,Phnom Penh International Airport,PNH
Suvarnabhumi Airport,BKK,2024-07-20 10:50,Singapore Changi Airport,SIN,2024-07-20 14:15,145,Scoot,Premium Economy,390,135.0,,1073,Y,Y,N,1,7,1,30,Saturday,True,False,False,Phnom Penh International Airport,PNH
Suvarnabhumi Airport,BKK,2024-07-21 07:35,Phnom Penh International Airport,PNH,2024-07-21 08:50,75,THAI,Premium Economy,75,,,182,Y,Y,Y,1,7,1,35,Sunday,False,False,False,Phnom Penh International Airport,PNH
Suvarnabhumi Airport,BKK,2024-07-21 18:35,Phnom Penh International Airport,PNH,2024-07-21 19:55,80,THAI,Premium Economy,80,,,182,Y,Y,Y,1,7,1,35,Sunday,False,False,False,Phnom Penh International Airport,PNH
Suvarnabhumi Airport,BKK,2024-07-21 03:15,Shenzhen Bao'an International Airport,SZX,2024-07-21 07:05,170,Shenzhen,Premium Economy,475,150.0,,412,Y,Y,Y,1,5,1,20,Sunday,False,False,False,Phnom Penh International Airport,PNH
Suvarnabhumi Airport,BKK,2024-07-21 19:25,Shenzhen Bao'an International Airport,SZX,2024-07-21 23:25,180,Shenzhen,Premium Economy,945,610.0,True,450,Y,Y,Y,1,5,1,20,Sunday,False,False,False,Phnom Penh International Airport,PNH
Suvarnabhumi Airport,BKK,2024-07-21 19:05,Guangzhou Baiyun International Airport,CAN,2024-07-21 23:10,185,China Southern,Premium Economy,935,590.0,True,575,Y,Y,Y,1,8,1,23,Sunday,False,False,False,Phnom Penh International Airport,PNH
Suvarnabhumi Airport,BKK,2024-07-21 10:50,Singapore Changi Airport,SIN,2024-07-21 14:15,145,Scoot,Premium Economy,390,135.0,,1073,Y,Y,N,1,7,1,30,Sunday,False,False,False,Phnom Penh International Airport,PNH
Suvarnabhumi Airport,BKK,2024-07-22 07:35,Phnom Penh International Airport,PNH,2024-07-22 08:50,75,THAI,Premium Economy,75,,,182,Y,Y,Y,1,7,1,35,Monday,True,False,False,Phnom Penh International Airport,PNH
Suvarnabhumi Airport,BKK,2024-07-22 18:35,Phnom Penh International Airport,PNH,2024-07-22 19:55,80,THAI,Premium Economy,80,,,182,Y,Y,Y,1,7,1,35,Monday,True,False,False,Phnom Penh International Airport,PNH
Suvarnabhumi Airport,BKK,2024-07-22 19:05,Guangzhou Baiyun International Airport,CAN,2024-07-22 22:50,165,China Southern,Premium Economy,935,605.0,True,312,Y,Y,Y,1,8,1,23,Monday,True,False,False,Phnom Penh International Airport,PNH
Suvarnabhumi Airport,BKK,2024-07-22 03:15,Shenzhen Bao'an International Airport,SZX,2024-07-22 07:05,170,Shenzhen,Premium Economy,475,150.0,,412,Y,Y,Y,1,5,1,20,Monday,True,False,False,Phnom Penh International Airport,PNH
Suvarnabhumi Airport,BKK,2024-07-22 19:25,Shenzhen Bao'an International Airport,SZX,2024-07-22 23:25,180,Shenzhen,Premium Economy,945,610.0,True,450,Y,Y,Y,1,5,1,20,Monday,True,False,False,Phnom Penh International Airport,PNH
Suvarnabhumi Airport,BKK,2024-07-22 20:25,Singapore Changi Airport,SIN,2024-07-22 23:45,140,Scoot,Premium Economy,735,475.0,True,1073,Y,Y,N,1,7,1,30,Monday,True,False,False,Phnom Penh International Airport,PNH
Suvarnabhumi Airport,BKK,2024-07-22 10:50,Singapore Changi Airport,SIN,2024-07-22 14:15,145,Scoot,Premium Economy,400,135.0,,1432,Y,Y,N,1,7,1,30,Monday,True,False,False,Phnom Penh International Airport,PNH
Suvarnabhumi Airport,BKK,2024-07-23 07:35,Phnom Penh International Airport,PNH,2024-07-23 08:50,75,THAI,Premium Economy,75,,,182,Y,Y,Y,1,7,1,35,Tuesday,False,False,False,Phnom Penh International Airport,PNH
Suvarnabhumi Airport,BKK,2024-07-23 18:35,Phnom Penh International Airport,PNH,2024-07-23 19:55,80,THAI,Premium Economy,80,,,182,Y,Y,Y,1,7,1,35,Tuesday,False,False,False,Phnom Penh International Airport,PNH
Suvarnabhumi Airport,BKK,2024-07-23 19:05,Guangzhou Baiyun International Airport,CAN,2024-07-23 22:50,165,China Southern,Premium Economy,1165,835.0,True,336,Y,Y,Y,1,8,1,23,Tuesday,False,False,False,Phnom Penh International Airport,PNH
Suvarnabhumi Airport,BKK,2024-07-23 03:15,Shenzhen Bao'an International Airport,SZX,2024-07-23 07:05,170,Shenzhen,Premium Economy,475,150.0,,450,Y,Y,Y,1,5,1,20,Tuesday,False,False,False,Phnom Penh International Airport,PNH
Suvarnabhumi Airport,BKK,2024-07-23 19:25,Shenzhen Bao'an International Airport,SZX,2024-07-23 23:25,180,Shenzhen,Premium Economy,945,610.0,True,450,Y,Y,Y,1,5,1,20,Tuesday,False,False,False,Phnom Penh International Airport,PNH
Suvarnabhumi Airport,BKK,2024-07-23 19:05,Guangzhou Baiyun International Airport,CAN,2024-07-23 22:50,165,China Southern,Premium Economy,935,610.0,True,600,Y,Y,Y,1,8,1,23,Tuesday,False,False,False,Phnom Penh International Airport,PNH
Suvarnabhumi Airport,BKK,2024-07-23 10:50,Singapore Changi Airport,SIN,2024-07-23 14:15,145,Scoot,Premium Economy,400,135.0,,1263,Y,Y,N,1,7,1,30,Tuesday,False,False,False,Phnom Penh International Airport,PNH
Suvarnabhumi Airport,BKK,2024-07-24 07:35,Phnom Penh International Airport,PNH,2024-07-24 08:50,75,THAI,Premium Economy,75,,,182,Y,Y,Y,1,7,1,35,Wednesday,False,False,False,Phnom Penh International Airport,PNH
Suvarnabhumi Airport,BKK,2024-07-24 18:35,Phnom Penh International Airport,PNH,2024-07-24 19:55,80,THAI,Premium Economy,80,,,182,Y,Y,Y,1,7,1,35,Wednesday,False,False,False,Phnom Penh International Airport,PNH
Suvarnabhumi Airport,BKK,2024-07-24 19:05,Guangzhou Baiyun International Airport,CAN,2024-07-24 22:50,165,China Southern,Premium Economy,1165,835.0,True,312,Y,Y,Y,1,8,1,23,Wednesday,False,False,False,Phnom Penh International Airport,PNH
Suvarnabhumi Airport,BKK,2024-07-24 03:15,Shenzhen Bao'an International Airport,SZX,2024-07-24 07:05,170,Shenzhen,Premium Economy,475,150.0,,412,Y,Y,Y,1,5,1,20,Wednesday,False,False,False,Phnom Penh International Airport,PNH
Suvarnabhumi Airport,BKK,2024-07-24 19:25,Shenzhen Bao'an International Airport,SZX,2024-07-24 23:25,180,Shenzhen,Premium Economy,945,610.0,True,450,Y,Y,Y,1,5,1,20,Wednesday,False,False,False,Phnom Penh International Airport,PNH
Suvarnabhumi Airport,BKK,2024-07-24 19:05,Guangzhou Baiyun International Airport,CAN,2024-07-24 22:50,165,China Southern,Premium Economy,935,610.0,True,575,Y,Y,Y,1,8,1,23,Wednesday,False,False,False,Phnom Penh International Airport,PNH
Suvarnabhumi Airport,BKK,2024-07-24 10:50,Singapore Changi Airport,SIN,2024-07-24 14:15,145,Scoot,Premium Economy,390,135.0,,1073,Y,Y,N,1,7,1,30,Wednesday,False,False,False,Phnom Penh International Airport,PNH
Suvarnabhumi Airport,BKK,2024-07-25 07:35,Phnom Penh International Airport,PNH,2024-07-25 08:50,75,THAI,Premium Economy,75,,,182,Y,Y,Y,1,7,1,35,Thursday,False,False,False,Phnom Penh International Airport,PNH
Suvarnabhumi Airport,BKK,2024-07-25 18:35,Phnom Penh International Airport,PNH,2024-07-25 19:55,80,THAI,Premium Economy,80,,,182,Y,Y,Y,1,7,1,35,Thursday,False,False,False,Phnom Penh International Airport,PNH
Suvarnabhumi Airport,BKK,2024-07-25 03:15,Shenzhen Bao'an International Airport,SZX,2024-07-25 07:05,170,Shenzhen,Premium Economy,475,150.0,,412,Y,Y,Y,1,5,1,20,Thursday,False,False,False,Phnom Penh International Airport,PNH
Suvarnabhumi Airport,BKK,2024-07-25 19:25,Shenzhen Bao'an International Airport,SZX,2024-07-25 23:25,180,Shenzhen,Premium Economy,945,610.0,True,450,Y,Y,Y,1,5,1,20,Thursday,False,False,False,Phnom Penh International Airport,PNH
Suvarnabhumi Airport,BKK,2024-07-25 19:05,Guangzhou Baiyun International Airport,CAN,2024-07-25 22:50,165,China Southern,Premium Economy,935,610.0,True,575,Y,Y,Y,1,8,1,23,Thursday,False,False,False,Phnom Penh International Airport,PNH
Suvarnabhumi Airport,BKK,2024-07-25 10:50,Singapore Changi Airport,SIN,2024-07-25 14:15,145,Scoot,Premium Economy,400,135.0,,1159,Y,Y,N,1,7,1,30,Thursday,False,False,False,Phnom Penh International Airport,PNH
Suvarnabhumi Airport,BKK,2024-07-26 07:35,Phnom Penh International Airport,PNH,2024-07-26 08:50,75,THAI,Premium Economy,75,,,182,Y,Y,Y,1,7,1,35,Friday,False,False,False,Phnom Penh International Airport,PNH
Suvarnabhumi Airport,BKK,2024-07-26 18:35,Phnom Penh International Airport,PNH,2024-07-26 19:55,80,THAI,Premium Economy,80,,,182,Y,Y,Y,1,7,1,35,Friday,False,False,False,Phnom Penh International Airport,PNH
Suvarnabhumi Airport,BKK,2024-07-26 03:15,Shenzhen Bao'an International Airport,SZX,2024-07-26 07:05,170,Shenzhen,Premium Economy,475,150.0,,412,Y,Y,Y,1,5,1,20,Friday,False,False,False,Phnom Penh International Airport,PNH
Suvarnabhumi Airport,BKK,2024-07-26 19:25,Shenzhen Bao'an International Airport,SZX,2024-07-26 23:25,180,Shenzhen,Premium Economy,945,610.0,True,450,Y,Y,Y,1,5,1,20,Friday,False,False,False,Phnom Penh International Airport,PNH
Suvarnabhumi Airport,BKK,2024-07-26 19:05,Guangzhou Baiyun International Airport,CAN,2024-07-26 22:50,165,China Southern,Premium Economy,935,610.0,True,575,Y,Y,Y,1,8,1,23,Friday,False,False,False,Phnom Penh International Airport,PNH
Suvarnabhumi Airport,BKK,2024-07-26 10:50,Singapore Changi Airport,SIN,2024-07-26 14:15,145,Scoot,Premium Economy,400,135.0,,1432,Y,Y,N,1,7,1,30,Friday,False,False,False,Phnom Penh International Airport,PNH
Suvarnabhumi Airport,BKK,2024-07-27 18:35,Phnom Penh International Airport,PNH,2024-07-27 19:55,80,THAI,Premium Economy,80,,,182,Y,Y,Y,1,7,1,35,Saturday,False,False,False,Phnom Penh International Airport,PNH
Suvarnabhumi Airport,BKK,2024-07-27 19:05,Guangzhou Baiyun International Airport,CAN,2024-07-27 22:50,165,China Southern,Premium Economy,1165,835.0,True,312,Y,Y,Y,1,8,1,23,Saturday,False,False,False,Phnom Penh International Airport,PNH
Suvarnabhumi Airport,BKK,2024-07-27 03:15,Shenzhen Bao'an International Airport,SZX,2024-07-27 07:05,170,Shenzhen,Premium Economy,475,150.0,,412,Y,Y,Y,1,5,1,20,Saturday,False,False,False,Phnom Penh International Airport,PNH
Suvarnabhumi Airport,BKK,2024-07-27 19:25,Shenzhen Bao'an International Airport,SZX,2024-07-27 23:25,180,Shenzhen,Premium Economy,945,610.0,True,450,Y,Y,Y,1,5,1,20,Saturday,False,False,False,Phnom Penh International Airport,PNH
Suvarnabhumi Airport,BKK,2024-07-27 19:05,Guangzhou Baiyun International Airport,CAN,2024-07-27 22:50,165,China Southern,Premium Economy,935,610.0,True,575,Y,Y,Y,1,8,1,23,Saturday,False,False,False,Phnom Penh International Airport,PNH
Suvarnabhumi Airport,BKK,2024-07-27 10:50,Singapore Changi Airport,SIN,2024-07-27 14:15,145,Scoot,Premium Economy,390,135.0,,1159,Y,Y,N,1,7,1,30,Saturday,False,False,False,Phnom Penh International Airport,PNH
Suvarnabhumi Airport,BKK,2024-07-28 07:35,Phnom Penh International Airport,PNH,2024-07-28 08:50,75,THAI,Premium Economy,75,,,182,Y,Y,Y,1,7,1,35,Sunday,True,False,False,Phnom Penh International Airport,PNH
Suvarnabhumi Airport,BKK,2024-07-28 18:35,Phnom Penh International Airport,PNH,2024-07-28 19:55,80,THAI,Premium Economy,80,,,182,Y,Y,Y,1,7,1,35,Sunday,True,False,False,Phnom Penh International Airport,PNH
Suvarnabhumi Airport,BKK,2024-07-28 03:15,Shenzhen Bao'an International Airport,SZX,2024-07-28 07:05,170,Shenzhen,Premium Economy,475,150.0,,450,Y,Y,Y,1,5,1,20,Sunday,True,False,False,Phnom Penh International Airport,PNH
Suvarnabhumi Airport,BKK,2024-07-28 19:25,Shenzhen Bao'an International Airport,SZX,2024-07-28 23:25,180,Shenzhen,Premium Economy,945,610.0,True,450,Y,Y,Y,1,5,1,20,Sunday,True,False,False,Phnom Penh International Airport,PNH
Suvarnabhumi Airport,BKK,2024-07-28 19:05,Guangzhou Baiyun International Airport,CAN,2024-07-28 23:10,185,China Southern,Premium Economy,935,590.0,True,575,Y,Y,Y,1,8,1,23,Sunday,True,False,False,Phnom Penh International Airport,PNH
Suvarnabhumi Airport,BKK,2024-07-28 10:50,Singapore Changi Airport,SIN,2024-07-28 14:15,145,Scoot,Premium Economy,390,135.0,,1073,Y,Y,N,1,7,1,30,Sunday,True,False,False,Phnom Penh International Airport,PNH
Suvarnabhumi Airport,BKK,2024-07-29 07:35,Phnom Penh International Airport,PNH,2024-07-29 08:50,75,THAI,Premium Economy,75,,,182,Y,Y,Y,1,7,1,35,Monday,True,False,False,Phnom Penh International Airport,PNH
Suvarnabhumi Airport,BKK,2024-07-29 18:35,Phnom Penh International Airport,PNH,2024-07-29 19:55,80,THAI,Premium Economy,80,,,182,Y,Y,Y,1,7,1,35,Monday,True,False,False,Phnom Penh International Airport,PNH
Suvarnabhumi Airport,BKK,2024-07-29 03:15,Shenzhen Bao'an International Airport,SZX,2024-07-29 07:05,170,Shenzhen,Premium Economy,475,150.0,,412,Y,Y,Y,1,5,1,20,Monday,True,False,False,Phnom Penh International Airport,PNH
Suvarnabhumi Airport,BKK,2024-07-29 19:05,Guangzhou Baiyun International Airport,CAN,2024-07-29 22:50,165,China Southern,Premium Economy,935,605.0,True,415,Y,Y,Y,1,8,1,23,Monday,True,False,False,Phnom Penh International Airport,PNH
Suvarnabhumi Airport,BKK,2024-07-29 19:25,Shenzhen Bao'an International Airport,SZX,2024-07-29 23:25,180,Shenzhen,Premium Economy,945,610.0,True,450,Y,Y,Y,1,5,1,20,Monday,True,False,False,Phnom Penh International Airport,PNH
Suvarnabhumi Airport,BKK,2024-07-29 10:50,Singapore Changi Airport,SIN,2024-07-29 14:15,145,Scoot,Premium Economy,400,135.0,,1263,Y,Y,N,1,7,1,30,Monday,True,False,False,Phnom Penh International Airport,PNH
Suvarnabhumi Airport,BKK,2024-07-30 07:35,Phnom Penh International Airport,PNH,2024-07-30 08:50,75,THAI,Premium Economy,75,,,182,Y,Y,Y,1,7,1,35,Tuesday,False,False,False,Phnom Penh International Airport,PNH
Suvarnabhumi Airport,BKK,2024-07-30 18:35,Phnom Penh International Airport,PNH,2024-07-30 19:55,80,THAI,Premium Economy,80,,,182,Y,Y,Y,1,7,1,35,Tuesday,False,False,False,Phnom Penh International Airport,PNH
Suvarnabhumi Airport,BKK,2024-07-30 19:05,Guangzhou Baiyun International Airport,CAN,2024-07-30 22:50,165,China Southern,Premium Economy,1165,835.0,True,312,Y,Y,Y,1,8,1,23,Tuesday,False,False,False,Phnom Penh International Airport,PNH
Suvarnabhumi Airport,BKK,2024-07-30 03:15,Shenzhen Bao'an International Airport,SZX,2024-07-30 07:05,170,Shenzhen,Premium Economy,475,150.0,,412,Y,Y,Y,1,5,1,20,Tuesday,False,False,False,Phnom Penh International Airport,PNH
Suvarnabhumi Airport,BKK,2024-07-30 19:25,Shenzhen Bao'an International Airport,SZX,2024-07-30 23:25,180,Shenzhen,Premium Economy,945,610.0,True,450,Y,Y,Y,1,5,1,20,Tuesday,False,False,False,Phnom Penh International Airport,PNH
Suvarnabhumi Airport,BKK,2024-07-30 19:05,Guangzhou Baiyun International Airport,CAN,2024-07-30 22:50,165,China Southern,Premium Economy,935,610.0,True,575,Y,Y,Y,1,8,1,23,Tuesday,False,False,False,Phnom Penh International Airport,PNH
Suvarnabhumi Airport,BKK,2024-07-30 10:50,Singapore Changi Airport,SIN,2024-07-30 14:15,145,Scoot,Premium Economy,400,135.0,,1159,Y,Y,N,1,7,1,30,Tuesday,False,False,False,Phnom Penh International Airport,PNH
Suvarnabhumi Airport,BKK,2024-07-31 07:35,Phnom Penh International Airport,PNH,2024-07-31 08:50,75,THAI,Premium Economy,75,,,182,Y,Y,Y,1,7,1,35,Wednesday,False,False,False,Phnom Penh International Airport,PNH
Suvarnabhumi Airport,BKK,2024-07-31 18:35,Phnom Penh International Airport,PNH,2024-07-31 19:55,80,THAI,Premium Economy,80,,,182,Y,Y,Y,1,7,1,35,Wednesday,False,False,False,Phnom Penh International Airport,PNH
Suvarnabhumi Airport,BKK,2024-07-31 19:05,Guangzhou Baiyun International Airport,CAN,2024-07-31 22:50,165,China Southern,Premium Economy,1165,835.0,True,312,Y,Y,Y,1,8,1,23,Wednesday,False,False,False,Phnom Penh International Airport,PNH
Suvarnabhumi Airport,BKK,2024-07-31 03:15,Shenzhen Bao'an International Airport,SZX,2024-07-31 07:05,170,Shenzhen,Premium Economy,475,150.0,,450,Y,Y,Y,1,5,1,20,Wednesday,False,False,False,Phnom Penh International Airport,PNH
Suvarnabhumi Airport,BKK,2024-07-31 19:25,Shenzhen Bao'an International Airport,SZX,2024-07-31 23:25,180,Shenzhen,Premium Economy,945,610.0,True,450,Y,Y,Y,1,5,1,20,Wednesday,False,False,False,Phnom Penh International Airport,PNH
Suvarnabhumi Airport,BKK,2024-07-31 19:05,Guangzhou Baiyun International Airport,CAN,2024-07-31 22:50,165,China Southern,Premium Economy,935,610.0,True,575,Y,Y,Y,1,8,1,23,Wednesday,False,False,False,Phnom Penh International Airport,PNH
Suvarnabhumi Airport,BKK,2024-07-31 10:50,Singapore Changi Airport,SIN,2024-07-31 14:15,145,Scoot,Premium Economy,390,135.0,,1035,Y,Y,N,1,7,1,30,Wednesday,False,False,False,Phnom Penh International Airport,PNH
Suvarnabhumi Airport,BKK,2024-08-01 07:35,Phnom Penh International Airport,PNH,2024-08-01 08:50,75,THAI,Premium Economy,75,,,238,Y,Y,Y,1,7,1,35,Thursday,False,False,False,Phnom Penh International Airport,PNH
Suvarnabhumi Airport,BKK,2024-08-01 18:35,Phnom Penh International Airport,PNH,2024-08-01 19:55,80,THAI,Premium Economy,80,,,238,Y,Y,Y,1,7,1,35,Thursday,False,False,False,Phnom Penh International Airport,PNH
Suvarnabhumi Airport,BKK,2024-08-01 03:15,Shenzhen Bao'an International Airport,SZX,2024-08-01 07:05,170,Shenzhen,Premium Economy,475,150.0,,419,Y,Y,Y,1,5,1,20,Thursday,False,False,False,Phnom Penh International Airport,PNH
Suvarnabhumi Airport,BKK,2024-08-01 19:25,Shenzhen Bao'an International Airport,SZX,2024-08-01 23:25,180,Shenzhen,Premium Economy,945,610.0,True,419,Y,Y,Y,1,5,1,20,Thursday,False,False,False,Phnom Penh International Airport,PNH
Suvarnabhumi Airport,BKK,2024-08-01 19:05,Guangzhou Baiyun International Airport,CAN,2024-08-01 22:50,165,China Southern,Premium Economy,935,610.0,True,679,Y,Y,Y,1,8,1,23,Thursday,False,False,False,Phnom Penh International Airport,PNH
Suvarnabhumi Airport,BKK,2024-08-01 18:45,Singapore Changi Airport,SIN,2024-08-01 22:40,175,Scoot,Premium Economy,835,540.0,True,1095,Y,Y,N,1,7,1,30,Thursday,False,False,False,Phnom Penh International Airport,PNH
Suvarnabhumi Airport,BKK,2024-08-01 10:50,Singapore Changi Airport,SIN,2024-08-01 14:15,145,Scoot,Premium Economy,400,135.0,,1462,Y,Y,N,1,7,1,30,Thursday,False,False,False,Phnom Penh International Airport,PNH
Suvarnabhumi Airport,BKK,2024-08-02 07:35,Phnom Penh International Airport,PNH,2024-08-02 08:50,75,THAI,Premium Economy,75,,,238,Y,Y,Y,1,7,1,35,Friday,False,False,False,Phnom Penh International Airport,PNH
Suvarnabhumi Airport,BKK,2024-08-02 18:35,Phnom Penh International Airport,PNH,2024-08-02 19:55,80,THAI,Premium Economy,80,,,238,Y,Y,Y,1,7,1,35,Friday,False,False,False,Phnom Penh International Airport,PNH
Suvarnabhumi Airport,BKK,2024-08-02 03:15,Shenzhen Bao'an International Airport,SZX,2024-08-02 07:05,170,Shenzhen,Premium Economy,475,150.0,,419,Y,Y,Y,1,5,1,20,Friday,False,False,False,Phnom Penh International Airport,PNH
Suvarnabhumi Airport,BKK,2024-08-02 19:25,Shenzhen Bao'an International Airport,SZX,2024-08-02 23:25,180,Shenzhen,Premium Economy,945,610.0,True,419,Y,Y,Y,1,5,1,20,Friday,False,False,False,Phnom Penh International Airport,PNH
Suvarnabhumi Airport,BKK,2024-08-02 19:05,Guangzhou Baiyun International Airport,CAN,2024-08-02 22:50,165,China Southern,Premium Economy,935,610.0,True,679,Y,Y,Y,1,8,1,23,Friday,False,False,False,Phnom Penh International Airport,PNH
Suvarnabhumi Airport,BKK,2024-08-02 10:50,Singapore Changi Airport,SIN,2024-08-02 14:15,145,Scoot,Premium Economy,400,135.0,,1087,Y,Y,N,1,7,1,30,Friday,False,False,False,Phnom Penh International Airport,PNH
Suvarnabhumi Airport,BKK,2024-08-03 07:35,Phnom Penh International Airport,PNH,2024-08-03 08:50,75,THAI,Premium Economy,75,,,238,Y,Y,Y,1,7,1,35,Saturday,False,False,False,Phnom Penh International Airport,PNH
Suvarnabhumi Airport,BKK,2024-08-03 18:35,Phnom Penh International Airport,PNH,2024-08-03 19:55,80,THAI,Premium Economy,80,,,238,Y,Y,Y,1,7,1,35,Saturday,False,False,False,Phnom Penh International Airport,PNH
Suvarnabhumi Airport,BKK,2024-08-03 03:15,Shenzhen Bao'an International Airport,SZX,2024-08-03 07:05,170,Shenzhen,Premium Economy,475,150.0,,419,Y,Y,Y,1,5,1,20,Saturday,False,False,False,Phnom Penh International Airport,PNH
Suvarnabhumi Airport,BKK,2024-08-03 19:25,Shenzhen Bao'an International Airport,SZX,2024-08-03 23:25,180,Shenzhen,Premium Economy,945,610.0,True,457,Y,Y,Y,1,5,1,20,Saturday,False,False,False,Phnom Penh International Airport,PNH
Suvarnabhumi Airport,BKK,2024-08-03 19:05,Guangzhou Baiyun International Airport,CAN,2024-08-03 22:50,165,China Southern,Premium Economy,935,610.0,True,679,Y,Y,Y,1,8,1,23,Saturday,False,False,False,Phnom Penh International Airport,PNH
Suvarnabhumi Airport,BKK,2024-08-03 10:50,Singapore Changi Airport,SIN,2024-08-03 14:15,145,Scoot,Premium Economy,390,135.0,,1182,Y,Y,N,1,7,1,30,Saturday,False,False,False,Phnom Penh International Airport,PNH
Suvarnabhumi Airport,BKK,2024-08-04 07:35,Phnom Penh International Airport,PNH,2024-08-04 08:50,75,THAI,Premium Economy,75,,,238,Y,Y,Y,1,7,1,35,Sunday,False,False,False,Phnom Penh International Airport,PNH
Suvarnabhumi Airport,BKK,2024-08-04 18:35,Phnom Penh International Airport,PNH,2024-08-04 19:55,80,THAI,Premium Economy,80,,,238,Y,Y,Y,1,7,1,35,Sunday,False,False,False,Phnom Penh International Airport,PNH
Suvarnabhumi Airport,BKK,2024-08-04 03:15,Shenzhen Bao'an International Airport,SZX,2024-08-04 07:05,170,Shenzhen,Premium Economy,475,150.0,,419,Y,Y,Y,1,5,1,20,Sunday,False,False,False,Phnom Penh International Airport,PNH
Suvarnabhumi Airport,BKK,2024-08-04 19:25,Shenzhen Bao'an International Airport,SZX,2024-08-04 23:25,180,Shenzhen,Premium Economy,945,610.0,True,497,Y,Y,Y,1,5,1,20,Sunday,False,False,False,Phnom Penh International Airport,PNH
Suvarnabhumi Airport,BKK,2024-08-04 19:05,Guangzhou Baiyun International Airport,CAN,2024-08-04 23:10,185,China Southern,Premium Economy,935,590.0,True,679,Y,Y,Y,1,8,1,23,Sunday,False,False,False,Phnom Penh International Airport,PNH
Suvarnabhumi Airport,BKK,2024-08-04 10:50,Singapore Changi Airport,SIN,2024-08-04 14:15,145,Scoot,Premium Economy,390,135.0,,1182,Y,Y,N,1,7,1,30,Sunday,False,False,False,Phnom Penh International Airport,PNH
Suvarnabhumi Airport,BKK,2024-08-05 18:35,Phnom Penh International Airport,PNH,2024-08-05 19:55,80,THAI,Premium Economy,80,,,238,Y,Y,Y,1,7,1,35,Monday,False,False,False,Phnom Penh International Airport,PNH
Suvarnabhumi Airport,BKK,2024-08-05 19:05,Guangzhou Baiyun International Airport,CAN,2024-08-05 22:50,165,China Southern,Premium Economy,935,605.0,True,316,Y,Y,Y,1,8,1,23,Monday,False,False,False,Phnom Penh International Airport,PNH
Suvarnabhumi Airport,BKK,2024-08-05 03:15,Shenzhen Bao'an International Airport,SZX,2024-08-05 07:05,170,Shenzhen,Premium Economy,475,150.0,,419,Y,Y,Y,1,5,1,20,Monday,False,False,False,Phnom Penh International Airport,PNH
Suvarnabhumi Airport,BKK,2024-08-05 19:25,Shenzhen Bao'an International Airport,SZX,2024-08-05 23:25,180,Shenzhen,Premium Economy,945,610.0,True,419,Y,Y,Y,1,5,1,20,Monday,False,False,False,Phnom Penh International Airport,PNH
Suvarnabhumi Airport,BKK,2024-08-05 10:50,Singapore Changi Airport,SIN,2024-08-05 14:15,145,Scoot,Premium Economy,400,135.0,,1087,Y,Y,N,1,7,1,30,Monday,False,False,False,Phnom Penh International Airport,PNH
Suvarnabhumi Airport,BKK,2024-08-06 07:35,Phnom Penh International Airport,PNH,2024-08-06 08:50,75,THAI,Premium Economy,75,,,238,Y,Y,Y,1,7,1,35,Tuesday,False,False,False,Phnom Penh International Airport,PNH
Suvarnabhumi Airport,BKK,2024-08-06 18:35,Phnom Penh International Airport,PNH,2024-08-06 19:55,80,THAI,Premium Economy,80,,,238,Y,Y,Y,1,7,1,35,Tuesday,False,False,False,Phnom Penh International Airport,PNH
Suvarnabhumi Airport,BKK,2024-08-06 19:05,Guangzhou Baiyun International Airport,CAN,2024-08-06 22:50,165,China Southern,Premium Economy,1165,835.0,True,316,Y,Y,Y,1,8,1,23,Tuesday,False,False,False,Phnom Penh International Airport,PNH
Suvarnabhumi Airport,BKK,2024-08-06 03:15,Shenzhen Bao'an International Airport,SZX,2024-08-06 07:05,170,Shenzhen,Premium Economy,475,150.0,,419,Y,Y,Y,1,5,1,20,Tuesday,False,False,False,Phnom Penh International Airport,PNH
Suvarnabhumi Airport,BKK,2024-08-06 19:25,Shenzhen Bao'an International Airport,SZX,2024-08-06 23:25,180,Shenzhen,Premium Economy,945,610.0,True,419,Y,Y,Y,1,5,1,20,Tuesday,False,False,False,Phnom Penh International Airport,PNH
Suvarnabhumi Airport,BKK,2024-08-06 19:05,Guangzhou Baiyun International Airport,CAN,2024-08-06 22:50,165,China Southern,Premium Economy,935,610.0,True,679,Y,Y,Y,1,8,1,23,Tuesday,False,False,False,Phnom Penh International Airport,PNH
Suvarnabhumi Airport,BKK,2024-08-06 10:50,Singapore Changi Airport,SIN,2024-08-06 14:15,145,Scoot,Premium Economy,400,135.0,,1462,Y,Y,N,1,7,1,30,Tuesday,False,False,False,Phnom Penh International Airport,PNH
Suvarnabhumi Airport,BKK,2024-08-07 07:35,Phnom Penh International Airport,PNH,2024-08-07 08:50,75,THAI,Premium Economy,75,,,238,Y,Y,Y,1,7,1,35,Wednesday,False,False,False,Phnom Penh International Airport,PNH
Suvarnabhumi Airport,BKK,2024-08-07 18:35,Phnom Penh International Airport,PNH,2024-08-07 19:55,80,THAI,Premium Economy,80,,,238,Y,Y,Y,1,7,1,35,Wednesday,False,False,False,Phnom Penh International Airport,PNH
Suvarnabhumi Airport,BKK,2024-08-07 03:15,Shenzhen Bao'an International Airport,SZX,2024-08-07 07:05,170,Shenzhen,Premium Economy,475,150.0,,419,Y,Y,Y,1,5,1,20,Wednesday,False,False,False,Phnom Penh International Airport,PNH
Suvarnabhumi Airport,BKK,2024-08-07 19:25,Shenzhen Bao'an International Airport,SZX,2024-08-07 23:25,180,Shenzhen,Premium Economy,945,610.0,True,419,Y,Y,Y,1,5,1,20,Wednesday,False,False,False,Phnom Penh International Airport,PNH
Suvarnabhumi Airport,BKK,2024-08-07 19:05,Guangzhou Baiyun International Airport,CAN,2024-08-07 22:50,165,China Southern,Premium Economy,935,610.0,True,679,Y,Y,Y,1,8,1,23,Wednesday,False,False,False,Phnom Penh International Airport,PNH
Suvarnabhumi Airport,BKK,2024-08-07 10:50,Singapore Changi Airport,SIN,2024-08-07 14:15,145,Scoot,Premium Economy,390,135.0,,1095,Y,Y,N,1,7,1,30,Wednesday,False,False,False,Phnom Penh International Airport,PNH
Suvarnabhumi Airport,BKK,2024-08-08 07:35,Phnom Penh International Airport,PNH,2024-08-08 08:50,75,THAI,Premium Economy,75,,,238,Y,Y,Y,1,7,1,35,Thursday,False,False,False,Phnom Penh International Airport,PNH
Suvarnabhumi Airport,BKK,2024-08-08 18:35,Phnom Penh International Airport,PNH,2024-08-08 19:55,80,THAI,Premium Economy,80,,,238,Y,Y,Y,1,7,1,35,Thursday,False,False,False,Phnom Penh International Airport,PNH
Suvarnabhumi Airport,BKK,2024-08-08 03:15,Shenzhen Bao'an International Airport,SZX,2024-08-08 07:05,170,Shenzhen,Premium Economy,475,150.0,,419,Y,Y,Y,1,5,1,20,Thursday,False,False,False,Phnom Penh International Airport,PNH
Suvarnabhumi Airport,BKK,2024-08-08 19:25,Shenzhen Bao'an International Airport,SZX,2024-08-08 23:25,180,Shenzhen,Premium Economy,945,610.0,True,419,Y,Y,Y,1,5,1,20,Thursday,False,False,False,Phnom Penh International Airport,PNH
Suvarnabhumi Airport,BKK,2024-08-08 19:05,Guangzhou Baiyun International Airport,CAN,2024-08-08 22:50,165,China Southern,Premium Economy,935,610.0,True,679,Y,Y,Y,1,8,1,23,Thursday,False,False,False,Phnom Penh International Airport,PNH
Suvarnabhumi Airport,BKK,2024-08-08 10:50,Singapore Changi Airport,SIN,2024-08-08 14:15,145,Scoot,Premium Economy,400,135.0,,1087,Y,Y,N,1,7,1,30,Thursday,False,False,False,Phnom Penh International Airport,PNH
Suvarnabhumi Airport,BKK,2024-08-08 18:45,Singapore Changi Airport,SIN,2024-08-08 22:40,175,Scoot,Premium Economy,835,540.0,True,1095,Y,Y,N,1,7,1,30,Thursday,False,False,False,Phnom Penh International Airport,PNH
Suvarnabhumi Airport,BKK,2024-08-09 07:35,Phnom Penh International Airport,PNH,2024-08-09 08:50,75,THAI,Premium Economy,75,,,238,Y,Y,Y,1,7,1,35,Friday,False,False,False,Phnom Penh International Airport,PNH
Suvarnabhumi Airport,BKK,2024-08-09 18:35,Phnom Penh International Airport,PNH,2024-08-09 19:55,80,THAI,Premium Economy,80,,,238,Y,Y,Y,1,7,1,35,Friday,False,False,False,Phnom Penh International Airport,PNH
Suvarnabhumi Airport,BKK,2024-08-09 03:15,Shenzhen Bao'an International Airport,SZX,2024-08-09 07:05,170,Shenzhen,Premium Economy,475,150.0,,419,Y,Y,Y,1,5,1,20,Friday,False,False,False,Phnom Penh International Airport,PNH
Suvarnabhumi Airport,BKK,2024-08-09 19:25,Shenzhen Bao'an International Airport,SZX,2024-08-09 23:25,180,Shenzhen,Premium Economy,945,610.0,True,419,Y,Y,Y,1,5,1,20,Friday,False,False,False,Phnom Penh International Airport,PNH
Suvarnabhumi Airport,BKK,2024-08-09 19:05,Guangzhou Baiyun International Airport,CAN,2024-08-09 22:50,165,China Southern,Premium Economy,935,610.0,True,679,Y,Y,Y,1,8,1,23,Friday,False,False,False,Phnom Penh International Airport,PNH
Suvarnabhumi Airport,BKK,2024-08-09 10:50,Singapore Changi Airport,SIN,2024-08-09 14:15,145,Scoot,Premium Economy,400,135.0,,1095,Y,Y,N,1,7,1,30,Friday,False,False,False,Phnom Penh International Airport,PNH
Suvarnabhumi Airport,BKK,2024-08-10 07:35,Phnom Penh International Airport,PNH,2024-08-10 08:50,75,THAI,Premium Economy,75,,,238,Y,Y,Y,1,7,1,35,Saturday,False,False,False,Phnom Penh International Airport,PNH
Suvarnabhumi Airport,BKK,2024-08-10 18:35,Phnom Penh International Airport,PNH,2024-08-10 19:55,80,THAI,Premium Economy,80,,,238,Y,Y,Y,1,7,1,35,Saturday,False,False,False,Phnom Penh International Airport,PNH
Suvarnabhumi Airport,BKK,2024-08-10 03:15,Shenzhen Bao'an International Airport,SZX,2024-08-10 07:05,170,Shenzhen,Premium Economy,475,150.0,,419,Y,Y,Y,1,5,1,20,Saturday,False,False,False,Phnom Penh International Airport,PNH
Suvarnabhumi Airport,BKK,2024-08-10 19:25,Shenzhen Bao'an International Airport,SZX,2024-08-10 23:25,180,Shenzhen,Premium Economy,945,610.0,True,419,Y,Y,Y,1,5,1,20,Saturday,False,False,False,Phnom Penh International Airport,PNH
Suvarnabhumi Airport,BKK,2024-08-10 19:05,Guangzhou Baiyun International Airport,CAN,2024-08-10 22:50,165,China Southern,Premium Economy,935,610.0,True,679,Y,Y,Y,1,8,1,23,Saturday,False,False,False,Phnom Penh International Airport,PNH
Suvarnabhumi Airport,BKK,2024-08-10 10:50,Singapore Changi Airport,SIN,2024-08-10 14:15,145,Scoot,Premium Economy,390,135.0,,1095,Y,Y,N,1,7,1,30,Saturday,False,False,False,Phnom Penh International Airport,PNH
Suvarnabhumi Airport,BKK,2024-08-11 07:35,Phnom Penh International Airport,PNH,2024-08-11 08:50,75,THAI,Premium Economy,75,,,238,Y,Y,Y,1,7,1,35,Sunday,False,False,False,Phnom Penh International Airport,PNH
Suvarnabhumi Airport,BKK,2024-08-11 18:35,Phnom Penh International Airport,PNH,2024-08-11 19:55,80,THAI,Premium Economy,80,,,238,Y,Y,Y,1,7,1,35,Sunday,False,False,False,Phnom Penh International Airport,PNH
Suvarnabhumi Airport,BKK,2024-08-11 03:15,Shenzhen Bao'an International Airport,SZX,2024-08-11 07:05,170,Shenzhen,Premium Economy,475,150.0,,419,Y,Y,Y,1,5,1,20,Sunday,False,False,False,Phnom Penh International Airport,PNH
Suvarnabhumi Airport,BKK,2024-08-11 19:25,Shenzhen Bao'an International Airport,SZX,2024-08-11 23:25,180,Shenzhen,Premium Economy,945,610.0,True,457,Y,Y,Y,1,5,1,20,Sunday,False,False,False,Phnom Penh International Airport,PNH
Suvarnabhumi Airport,BKK,2024-08-11 19:05,Guangzhou Baiyun International Airport,CAN,2024-08-11 23:10,185,China Southern,Premium Economy,935,590.0,True,679,Y,Y,Y,1,8,1,23,Sunday,False,False,False,Phnom Penh International Airport,PNH
Suvarnabhumi Airport,BKK,2024-08-11 10:50,Singapore Changi Airport,SIN,2024-08-11 14:15,145,Scoot,Premium Economy,390,135.0,,1182,Y,Y,N,1,7,1,30,Sunday,False,False,False,Phnom Penh International Airport,PNH
Suvarnabhumi Airport,BKK,2024-08-12 07:35,Phnom Penh International Airport,PNH,2024-08-12 08:50,75,THAI,Premium Economy,75,,,238,Y,Y,Y,1,7,1,35,Monday,True,False,False,Phnom Penh International Airport,PNH
Suvarnabhumi Airport,BKK,2024-08-12 18:35,Phnom Penh International Airport,PNH,2024-08-12 19:55,80,THAI,Premium Economy,80,,,238,Y,Y,Y,1,7,1,35,Monday,True,False,False,Phnom Penh International Airport,PNH
Suvarnabhumi Airport,BKK,2024-08-12 19:05,Guangzhou Baiyun International Airport,CAN,2024-08-12 22:50,165,China Southern,Premium Economy,935,605.0,True,316,Y,Y,Y,1,8,1,23,Monday,True,False,False,Phnom Penh International Airport,PNH
Suvarnabhumi Airport,BKK,2024-08-12 03:15,Shenzhen Bao'an International Airport,SZX,2024-08-12 07:05,170,Shenzhen,Premium Economy,475,150.0,,419,Y,Y,Y,1,5,1,20,Monday,True,False,False,Phnom Penh International Airport,PNH
Suvarnabhumi Airport,BKK,2024-08-12 19:25,Shenzhen Bao'an International Airport,SZX,2024-08-12 23:25,180,Shenzhen,Premium Economy,945,610.0,True,419,Y,Y,Y,1,5,1,20,Monday,True,False,False,Phnom Penh International Airport,PNH
Suvarnabhumi Airport,BKK,2024-08-12 10:50,Singapore Changi Airport,SIN,2024-08-12 14:15,145,Scoot,Premium Economy,400,135.0,,1182,Y,Y,N,1,7,1,30,Monday,True,False,False,Phnom Penh International Airport,PNH
Suvarnabhumi Airport,BKK,2024-08-13 07:35,Phnom Penh International Airport,PNH,2024-08-13 08:50,75,THAI,Premium Economy,75,,,238,Y,Y,Y,1,7,1,35,Tuesday,False,False,False,Phnom Penh International Airport,PNH
Suvarnabhumi Airport,BKK,2024-08-13 18:35,Phnom Penh International Airport,PNH,2024-08-13 19:55,80,THAI,Premium Economy,80,,,238,Y,Y,Y,1,7,1,35,Tuesday,False,False,False,Phnom Penh International Airport,PNH
Suvarnabhumi Airport,BKK,2024-08-13 19:05,Guangzhou Baiyun International Airport,CAN,2024-08-13 22:50,165,China Southern,Premium Economy,1165,835.0,True,316,Y,Y,Y,1,8,1,23,Tuesday,False,False,False,Phnom Penh International Airport,PNH
Suvarnabhumi Airport,BKK,2024-08-13 03:15,Shenzhen Bao'an International Airport,SZX,2024-08-13 07:05,170,Shenzhen,Premium Economy,475,150.0,,419,Y,Y,Y,1,5,1,20,Tuesday,False,False,False,Phnom Penh International Airport,PNH
Suvarnabhumi Airport,BKK,2024-08-13 19:25,Shenzhen Bao'an International Airport,SZX,2024-08-13 23:25,180,Shenzhen,Premium Economy,945,610.0,True,419,Y,Y,Y,1,5,1,20,Tuesday,False,False,False,Phnom Penh International Airport,PNH
Suvarnabhumi Airport,BKK,2024-08-13 19:05,Guangzhou Baiyun International Airport,CAN,2024-08-13 22:50,165,China Southern,Premium Economy,935,610.0,True,679,Y,Y,Y,1,8,1,23,Tuesday,False,False,False,Phnom Penh International Airport,PNH
Suvarnabhumi Airport,BKK,2024-08-13 10:50,Singapore Changi Airport,SIN,2024-08-13 14:15,145,Scoot,Premium Economy,400,135.0,,1182,Y,Y,N,1,7,1,30,Tuesday,False,False,False,Phnom Penh International Airport,PNH
Suvarnabhumi Airport,BKK,2024-08-14 07:35,Phnom Penh International Airport,PNH,2024-08-14 08:50,75,THAI,Premium Economy,75,,,238,Y,Y,Y,1,7,1,35,Wednesday,False,False,False,Phnom Penh International Airport,PNH
Suvarnabhumi Airport,BKK,2024-08-14 18:35,Phnom Penh International Airport,PNH,2024-08-14 19:55,80,THAI,Premium Economy,80,,,238,Y,Y,Y,1,7,1,35,Wednesday,False,False,False,Phnom Penh International Airport,PNH
Suvarnabhumi Airport,BKK,2024-08-14 19:05,Guangzhou Baiyun International Airport,CAN,2024-08-14 22:50,165,China Southern,Premium Economy,1165,835.0,True,316,Y,Y,Y,1,8,1,23,Wednesday,False,False,False,Phnom Penh International Airport,PNH
Suvarnabhumi Airport,BKK,2024-08-14 03:15,Shenzhen Bao'an International Airport,SZX,2024-08-14 07:05,170,Shenzhen,Premium Economy,475,150.0,,419,Y,Y,Y,1,5,1,20,Wednesday,False,False,False,Phnom Penh International Airport,PNH
Suvarnabhumi Airport,BKK,2024-08-14 19:25,Shenzhen Bao'an International Airport,SZX,2024-08-14 23:25,180,Shenzhen,Premium Economy,945,610.0,True,419,Y,Y,Y,1,5,1,20,Wednesday,False,False,False,Phnom Penh International Airport,PNH
Suvarnabhumi Airport,BKK,2024-08-14 19:05,Guangzhou Baiyun International Airport,CAN,2024-08-14 22:50,165,China Southern,Premium Economy,935,610.0,True,679,Y,Y,Y,1,8,1,23,Wednesday,False,False,False,Phnom Penh International Airport,PNH
Suvarnabhumi Airport,BKK,2024-08-14 10:50,Singapore Changi Airport,SIN,2024-08-14 14:15,145,Scoot,Premium Economy,390,135.0,,1095,Y,Y,N,1,7,1,30,Wednesday,False,False,False,Phnom Penh International Airport,PNH
Suvarnabhumi Airport,BKK,2024-08-15 07:35,Phnom Penh International Airport,PNH,2024-08-15 08:50,75,THAI,Premium Economy,75,,,238,Y,Y,Y,1,7,1,35,Thursday,False,False,False,Phnom Penh International Airport,PNH
Suvarnabhumi Airport,BKK,2024-08-15 18:35,Phnom Penh International Airport,PNH,2024-08-15 19:55,80,THAI,Premium Economy,80,,,238,Y,Y,Y,1,7,1,35,Thursday,False,False,False,Phnom Penh International Airport,PNH
Suvarnabhumi Airport,BKK,2024-08-15 03:15,Shenzhen Bao'an International Airport,SZX,2024-08-15 07:05,170,Shenzhen,Premium Economy,475,150.0,,419,Y,Y,Y,1,5,1,20,Thursday,False,False,False,Phnom Penh International Airport,PNH
Suvarnabhumi Airport,BKK,2024-08-15 19:25,Shenzhen Bao'an International Airport,SZX,2024-08-15 23:25,180,Shenzhen,Premium Economy,945,610.0,True,419,Y,Y,Y,1,5,1,20,Thursday,False,False,False,Phnom Penh International Airport,PNH
Suvarnabhumi Airport,BKK,2024-08-15 19:05,Guangzhou Baiyun International Airport,CAN,2024-08-15 22:50,165,China Southern,Premium Economy,935,610.0,True,679,Y,Y,Y,1,8,1,23,Thursday,False,False,False,Phnom Penh International Airport,PNH
Suvarnabhumi Airport,BKK,2024-08-15 10:50,Singapore Changi Airport,SIN,2024-08-15 14:15,145,Scoot,Premium Economy,400,135.0,,1095,Y,Y,N,1,7,1,30,Thursday,False,False,False,Phnom Penh International Airport,PNH
Suvarnabhumi Airport,BKK,2024-08-15 18:45,Singapore Changi Airport,SIN,2024-08-15 22:40,175,Scoot,Premium Economy,835,540.0,True,1095,Y,Y,N,1,7,1,30,Thursday,False,False,False,Phnom Penh International Airport,PNH
Suvarnabhumi Airport,BKK,2024-08-16 07:35,Phnom Penh International Airport,PNH,2024-08-16 08:50,75,THAI,Premium Economy,75,,,238,Y,Y,Y,1,7,1,35,Friday,False,False,False,Phnom Penh International Airport,PNH
Suvarnabhumi Airport,BKK,2024-08-16 18:35,Phnom Penh International Airport,PNH,2024-08-16 19:55,80,THAI,Premium Economy,80,,,238,Y,Y,Y,1,7,1,35,Friday,False,False,False,Phnom Penh International Airport,PNH
Suvarnabhumi Airport,BKK,2024-08-16 19:05,Guangzhou Baiyun International Airport,CAN,2024-08-16 22:50,165,China Southern,Premium Economy,1165,835.0,True,316,Y,Y,Y,1,8,1,23,Friday,False,False,False,Phnom Penh International Airport,PNH
Suvarnabhumi Airport,BKK,2024-08-16 03:15,Shenzhen Bao'an International Airport,SZX,2024-08-16 07:05,170,Shenzhen,Premium Economy,475,150.0,,419,Y,Y,Y,1,5,1,20,Friday,False,False,False,Phnom Penh International Airport,PNH
Suvarnabhumi Airport,BKK,2024-08-16 19:25,Shenzhen Bao'an International Airport,SZX,2024-08-16 23:25,180,Shenzhen,Premium Economy,945,610.0,True,419,Y,Y,Y,1,5,1,20,Friday,False,False,False,Phnom Penh International Airport,PNH
Suvarnabhumi Airport,BKK,2024-08-16 19:05,Guangzhou Baiyun International Airport,CAN,2024-08-16 22:50,165,China Southern,Premium Economy,935,610.0,True,679,Y,Y,Y,1,8,1,23,Friday,False,False,False,Phnom Penh International Airport,PNH
Suvarnabhumi Airport,BKK,2024-08-16 10:50,Singapore Changi Airport,SIN,2024-08-16 14:15,145,Scoot,Premium Economy,400,135.0,,1095,Y,Y,N,1,7,1,30,Friday,False,False,False,Phnom Penh International Airport,PNH
Suvarnabhumi Airport,BKK,2024-08-17 07:35,Phnom Penh International Airport,PNH,2024-08-17 08:50,75,THAI,Premium Economy,75,,,238,Y,Y,Y,1,7,1,35,Saturday,False,False,False,Phnom Penh International Airport,PNH
Suvarnabhumi Airport,BKK,2024-08-17 18:35,Phnom Penh International Airport,PNH,2024-08-17 19:55,80,THAI,Premium Economy,80,,,238,Y,Y,Y,1,7,1,35,Saturday,False,False,False,Phnom Penh International Airport,PNH
Suvarnabhumi Airport,BKK,2024-08-17 19:05,Guangzhou Baiyun International Airport,CAN,2024-08-17 22:50,165,China Southern,Premium Economy,1745,1400.0,True,316,Y,Y,Y,1,8,1,23,Saturday,False,False,False,Phnom Penh International Airport,PNH
Suvarnabhumi Airport,BKK,2024-08-17 03:15,Shenzhen Bao'an International Airport,SZX,2024-08-17 07:05,170,Shenzhen,Premium Economy,475,150.0,,419,Y,Y,Y,1,5,1,20,Saturday,False,False,False,Phnom Penh International Airport,PNH
Suvarnabhumi Airport,BKK,2024-08-17 19:25,Shenzhen Bao'an International Airport,SZX,2024-08-17 23:25,180,Shenzhen,Premium Economy,945,610.0,True,419,Y,Y,Y,1,5,1,20,Saturday,False,False,False,Phnom Penh International Airport,PNH
Suvarnabhumi Airport,BKK,2024-08-17 19:05,Guangzhou Baiyun International Airport,CAN,2024-08-17 22:50,165,China Southern,Premium Economy,935,610.0,True,679,Y,Y,Y,1,8,1,23,Saturday,False,False,False,Phnom Penh International Airport,PNH
Suvarnabhumi Airport,BKK,2024-08-17 10:50,Singapore Changi Airport,SIN,2024-08-17 14:15,145,Scoot,Premium Economy,390,135.0,,1095,Y,Y,N,1,7,1,30,Saturday,False,False,False,Phnom Penh International Airport,PNH
Suvarnabhumi Airport,BKK,2024-08-18 07:35,Phnom Penh International Airport,PNH,2024-08-18 08:50,75,THAI,Premium Economy,75,,,238,Y,Y,Y,1,7,1,35,Sunday,False,False,False,Phnom Penh International Airport,PNH
Suvarnabhumi Airport,BKK,2024-08-18 18:35,Phnom Penh International Airport,PNH,2024-08-18 19:55,80,THAI,Premium Economy,80,,,238,Y,Y,Y,1,7,1,35,Sunday,False,False,False,Phnom Penh International Airport,PNH
Suvarnabhumi Airport,BKK,2024-08-18 03:15,Shenzhen Bao'an International Airport,SZX,2024-08-18 07:05,170,Shenzhen,Premium Economy,475,150.0,,419,Y,Y,Y,1,5,1,20,Sunday,False,False,False,Phnom Penh International Airport,PNH
Suvarnabhumi Airport,BKK,2024-08-18 19:25,Shenzhen Bao'an International Airport,SZX,2024-08-18 23:25,180,Shenzhen,Premium Economy,945,610.0,True,457,Y,Y,Y,1,5,1,20,Sunday,False,False,False,Phnom Penh International Airport,PNH
Suvarnabhumi Airport,BKK,2024-08-18 19:05,Guangzhou Baiyun International Airport,CAN,2024-08-18 23:10,185,China Southern,Premium Economy,935,590.0,True,679,Y,Y,Y,1,8,1,23,Sunday,False,False,False,Phnom Penh International Airport,PNH
Suvarnabhumi Airport,BKK,2024-08-18 10:50,Singapore Changi Airport,SIN,2024-08-18 14:15,145,Scoot,Premium Economy,390,135.0,,1095,Y,Y,N,1,7,1,30,Sunday,False,False,False,Phnom Penh International Airport,PNH
Suvarnabhumi Airport,BKK,2024-08-19 07:35,Phnom Penh International Airport,PNH,2024-08-19 08:50,75,THAI,Premium Economy,75,,,238,Y,Y,Y,1,7,1,35,Monday,False,False,False,Phnom Penh International Airport,PNH
Suvarnabhumi Airport,BKK,2024-08-19 18:35,Phnom Penh International Airport,PNH,2024-08-19 19:55,80,THAI,Premium Economy,80,,,238,Y,Y,Y,1,7,1,35,Monday,False,False,False,Phnom Penh International Airport,PNH
Suvarnabhumi Airport,BKK,2024-08-19 19:05,Guangzhou Baiyun International Airport,CAN,2024-08-19 22:50,165,China Southern,Premium Economy,935,605.0,True,316,Y,Y,Y,1,8,1,23,Monday,False,False,False,Phnom Penh International Airport,PNH
Suvarnabhumi Airport,BKK,2024-08-19 03:15,Shenzhen Bao'an International Airport,SZX,2024-08-19 07:05,170,Shenzhen,Premium Economy,475,150.0,,419,Y,Y,Y,1,5,1,20,Monday,False,False,False,Phnom Penh International Airport,PNH
Suvarnabhumi Airport,BKK,2024-08-19 19:25,Shenzhen Bao'an International Airport,SZX,2024-08-19 23:25,180,Shenzhen,Premium Economy,945,610.0,True,419,Y,Y,Y,1,5,1,20,Monday,False,False,False,Phnom Penh International Airport,PNH
Suvarnabhumi Airport,BKK,2024-08-19 10:50,Singapore Changi Airport,SIN,2024-08-19 14:15,145,Scoot,Premium Economy,400,135.0,,1056,Y,Y,N,1,7,1,30,Monday,False,False,False,Phnom Penh International Airport,PNH
Suvarnabhumi Airport,BKK,2024-08-20 07:35,Phnom Penh International Airport,PNH,2024-08-20 08:50,75,THAI,Premium Economy,75,,,238,Y,Y,Y,1,7,1,35,Tuesday,False,False,False,Phnom Penh International Airport,PNH
Suvarnabhumi Airport,BKK,2024-08-20 03:15,Shenzhen Bao'an International Airport,SZX,2024-08-20 07:05,170,Shenzhen,Premium Economy,475,150.0,,419,Y,Y,Y,1,5,1,20,Tuesday,False,False,False,Phnom Penh International Airport,PNH
Suvarnabhumi Airport,BKK,2024-08-20 10:50,Singapore Changi Airport,SIN,2024-08-20 14:15,145,Scoot,Premium Economy,400,135.0,,1182,Y,Y,N,1,7,1,30,Tuesday,False,False,False,Phnom Penh International Airport,PNH
Suvarnabhumi Airport,BKK,2024-08-20 19:05,Guangzhou Baiyun International Airport,CAN,2024-08-20 22:50,165,China Southern,Premium Economy,1165,835.0,True,316,Y,Y,Y,1,8,1,23,Tuesday,False,False,False,Phnom Penh International Airport,PNH
Suvarnabhumi Airport,BKK,2024-08-20 19:25,Shenzhen Bao'an International Airport,SZX,2024-08-20 23:25,180,Shenzhen,Premium Economy,945,610.0,True,419,Y,Y,Y,1,5,1,20,Tuesday,False,False,False,Phnom Penh International Airport,PNH
Suvarnabhumi Airport,BKK,2024-08-20 19:05,Guangzhou Baiyun International Airport,CAN,2024-08-20 22:50,165,China Southern,Premium Economy,935,610.0,True,679,Y,Y,Y,1,8,1,23,Tuesday,False,False,False,Phnom Penh International Airport,PNH
Suvarnabhumi Airport,BKK,2024-08-20 17:55,Singapore Changi Airport,SIN,2024-08-20 21:05,130,Scoot,Premium Economy,885,635.0,True,1095,Y,Y,N,1,7,1,30,Tuesday,False,False,False,Phnom Penh International Airport,PNH
Suvarnabhumi Airport,BKK,2024-08-20 16:45,Taiwan Taoyuan International Airport,TPE,2024-08-20 21:30,225,EVA Air,Premium Economy,1110,675.0,True,2099,Y,Y,Y,1,7,2,23,Tuesday,False,False,False,Phnom Penh International Airport,PNH
Suvarnabhumi Airport,BKK,2024-08-21 07:35,Phnom Penh International Airport,PNH,2024-08-21 08:50,75,THAI,Premium Economy,75,,,238,Y,Y,Y,1,7,1,35,Wednesday,False,False,False,Phnom Penh International Airport,PNH
Suvarnabhumi Airport,BKK,2024-08-21 18:35,Phnom Penh International Airport,PNH,2024-08-21 19:55,80,THAI,Premium Economy,80,,,238,Y,Y,Y,1,7,1,35,Wednesday,False,False,False,Phnom Penh International Airport,PNH
Suvarnabhumi Airport,BKK,2024-08-21 19:05,Guangzhou Baiyun International Airport,CAN,2024-08-21 22:50,165,China Southern,Premium Economy,1165,835.0,True,316,Y,Y,Y,1,8,1,23,Wednesday,False,False,False,Phnom Penh International Airport,PNH
Suvarnabhumi Airport,BKK,2024-08-21 03:15,Shenzhen Bao'an International Airport,SZX,2024-08-21 07:05,170,Shenzhen,Premium Economy,475,150.0,,419,Y,Y,Y,1,5,1,20,Wednesday,False,False,False,Phnom Penh International Airport,PNH
Suvarnabhumi Airport,BKK,2024-08-21 19:25,Shenzhen Bao'an International Airport,SZX,2024-08-21 23:25,180,Shenzhen,Premium Economy,945,610.0,True,419,Y,Y,Y,1,5,1,20,Wednesday,False,False,False,Phnom Penh International Airport,PNH
Suvarnabhumi Airport,BKK,2024-08-21 19:05,Guangzhou Baiyun International Airport,CAN,2024-08-21 22:50,165,China Southern,Premium Economy,935,610.0,True,679,Y,Y,Y,1,8,1,23,Wednesday,False,False,False,Phnom Penh International Airport,PNH
Suvarnabhumi Airport,BKK,2024-08-21 10:50,Singapore Changi Airport,SIN,2024-08-21 14:15,145,Scoot,Premium Economy,390,135.0,,1095,Y,Y,N,1,7,1,30,Wednesday,False,False,False,Phnom Penh International Airport,PNH
Suvarnabhumi Airport,BKK,2024-08-22 07:35,Phnom Penh International Airport,PNH,2024-08-22 08:50,75,THAI,Premium Economy,75,,,238,Y,Y,Y,1,7,1,35,Thursday,False,False,False,Phnom Penh International Airport,PNH
Suvarnabhumi Airport,BKK,2024-08-22 18:35,Phnom Penh International Airport,PNH,2024-08-22 19:55,80,THAI,Premium Economy,80,,,238,Y,Y,Y,1,7,1,35,Thursday,False,False,False,Phnom Penh International Airport,PNH
Suvarnabhumi Airport,BKK,2024-08-22 03:15,Shenzhen Bao'an International Airport,SZX,2024-08-22 07:05,170,Shenzhen,Premium Economy,475,150.0,,419,Y,Y,Y,1,5,1,20,Thursday,False,False,False,Phnom Penh International Airport,PNH
Suvarnabhumi Airport,BKK,2024-08-22 19:25,Shenzhen Bao'an International Airport,SZX,2024-08-22 23:25,180,Shenzhen,Premium Economy,945,610.0,True,385,Y,Y,Y,1,5,1,20,Thursday,False,False,False,Phnom Penh International Airport,PNH
Suvarnabhumi Airport,BKK,2024-08-22 19:05,Guangzhou Baiyun International Airport,CAN,2024-08-22 22:50,165,China Southern,Premium Economy,935,610.0,True,679,Y,Y,Y,1,8,1,23,Thursday,False,False,False,Phnom Penh International Airport,PNH
Suvarnabhumi Airport,BKK,2024-08-22 18:45,Singapore Changi Airport,SIN,2024-08-22 22:40,175,Scoot,Premium Economy,1100,800.0,True,1056,Y,Y,N,1,7,1,30,Thursday,False,False,False,Phnom Penh International Airport,PNH
Suvarnabhumi Airport,BKK,2024-08-22 10:50,Singapore Changi Airport,SIN,2024-08-22 14:15,145,Scoot,Premium Economy,400,135.0,,1095,Y,Y,N,1,7,1,30,Thursday,False,False,False,Phnom Penh International Airport,PNH
Suvarnabhumi Airport,BKK,2024-08-22 18:45,Singapore Changi Airport,SIN,2024-08-22 22:40,175,Scoot,Premium Economy,835,540.0,True,1182,Y,Y,N,1,7,1,30,Thursday,False,False,False,Phnom Penh International Airport,PNH
Suvarnabhumi Airport,BKK,2024-08-23 07:35,Phnom Penh International Airport,PNH,2024-08-23 08:50,75,THAI,Premium Economy,75,,,238,Y,Y,Y,1,7,1,35,Friday,False,False,False,Phnom Penh International Airport,PNH
Suvarnabhumi Airport,BKK,2024-08-23 03:15,Shenzhen Bao'an International Airport,SZX,2024-08-23 07:05,170,Shenzhen,Premium Economy,475,150.0,,385,Y,Y,Y,1,5,1,20,Friday,False,False,False,Phnom Penh International Airport,PNH
Suvarnabhumi Airport,BKK,2024-08-23 10:50,Singapore Changi Airport,SIN,2024-08-23 14:15,145,Scoot,Premium Economy,400,135.0,,1095,Y,Y,N,1,7,1,30,Friday,False,False,False,Phnom Penh International Airport,PNH
Suvarnabhumi Airport,BKK,2024-08-23 19:05,Guangzhou Baiyun International Airport,CAN,2024-08-23 22:50,165,China Southern,Premium Economy,1165,835.0,True,316,Y,Y,Y,1,8,1,23,Friday,False,False,False,Phnom Penh International Airport,PNH
Suvarnabhumi Airport,BKK,2024-08-23 19:25,Shenzhen Bao'an International Airport,SZX,2024-08-23 23:25,180,Shenzhen,Premium Economy,945,610.0,True,385,Y,Y,Y,1,5,1,20,Friday,False,False,False,Phnom Penh International Airport,PNH
Suvarnabhumi Airport,BKK,2024-08-23 19:05,Guangzhou Baiyun International Airport,CAN,2024-08-23 22:50,165,China Southern,Premium Economy,935,610.0,True,679,Y,Y,Y,1,8,1,23,Friday,False,False,False,Phnom Penh International Airport,PNH
Suvarnabhumi Airport,BKK,2024-08-23 17:45,Singapore Changi Airport,SIN,2024-08-23 21:05,140,Scoot,Premium Economy,895,635.0,True,1095,Y,Y,N,1,7,1,30,Friday,False,False,False,Phnom Penh International Airport,PNH
Suvarnabhumi Airport,BKK,2024-08-23 16:45,Taiwan Taoyuan International Airport,TPE,2024-08-23 21:30,225,EVA Air,Premium Economy,1110,675.0,True,2099,Y,Y,Y,1,7,2,23,Friday,False,False,False,Phnom Penh International Airport,PNH
Suvarnabhumi Airport,BKK,2024-08-24 07:35,Phnom Penh International Airport,PNH,2024-08-24 08:50,75,THAI,Premium Economy,75,,,238,Y,Y,Y,1,7,1,35,Saturday,False,False,False,Phnom Penh International Airport,PNH
Suvarnabhumi Airport,BKK,2024-08-24 18:35,Phnom Penh International Airport,PNH,2024-08-24 19:55,80,THAI,Premium Economy,80,,,238,Y,Y,Y,1,7,1,35,Saturday,False,False,False,Phnom Penh International Airport,PNH
Suvarnabhumi Airport,BKK,2024-08-24 19:05,Guangzhou Baiyun International Airport,CAN,2024-08-24 22:50,165,China Southern,Premium Economy,1165,835.0,True,316,Y,Y,Y,1,8,1,23,Saturday,False,False,False,Phnom Penh International Airport,PNH
Suvarnabhumi Airport,BKK,2024-08-24 03:15,Shenzhen Bao'an International Airport,SZX,2024-08-24 07:05,170,Shenzhen,Premium Economy,475,150.0,,385,Y,Y,Y,1,5,1,20,Saturday,False,False,False,Phnom Penh International Airport,PNH
Suvarnabhumi Airport,BKK,2024-08-24 19:25,Shenzhen Bao'an International Airport,SZX,2024-08-24 23:25,180,Shenzhen,Premium Economy,945,610.0,True,385,Y,Y,Y,1,5,1,20,Saturday,False,False,False,Phnom Penh International Airport,PNH
Suvarnabhumi Airport,BKK,2024-08-24 19:05,Guangzhou Baiyun International Airport,CAN,2024-08-24 22:50,165,China Southern,Premium Economy,935,610.0,True,679,Y,Y,Y,1,8,1,23,Saturday,False,False,False,Phnom Penh International Airport,PNH
Suvarnabhumi Airport,BKK,2024-08-24 10:50,Singapore Changi Airport,SIN,2024-08-24 14:15,145,Scoot,Premium Economy,390,135.0,,1095,Y,Y,N,1,7,1,30,Saturday,False,False,False,Phnom Penh International Airport,PNH
Suvarnabhumi Airport,BKK,2024-08-25 07:35,Phnom Penh International Airport,PNH,2024-08-25 08:50,75,THAI,Premium Economy,75,,,238,Y,Y,Y,1,7,1,35,Sunday,False,False,False,Phnom Penh International Airport,PNH
Suvarnabhumi Airport,BKK,2024-08-25 18:35,Phnom Penh International Airport,PNH,2024-08-25 19:55,80,THAI,Premium Economy,80,,,238,Y,Y,Y,1,7,1,35,Sunday,False,False,False,Phnom Penh International Airport,PNH
Suvarnabhumi Airport,BKK,2024-08-25 03:15,Shenzhen Bao'an International Airport,SZX,2024-08-25 07:05,170,Shenzhen,Premium Economy,475,150.0,,385,Y,Y,Y,1,5,1,20,Sunday,False,False,False,Phnom Penh International Airport,PNH
Suvarnabhumi Airport,BKK,2024-08-25 19:25,Shenzhen Bao'an International Airport,SZX,2024-08-25 23:25,180,Shenzhen,Premium Economy,945,610.0,True,423,Y,Y,Y,1,5,1,20,Sunday,False,False,False,Phnom Penh International Airport,PNH
Suvarnabhumi Airport,BKK,2024-08-25 19:05,Guangzhou Baiyun International Airport,CAN,2024-08-25 23:10,185,China Southern,Premium Economy,935,590.0,True,679,Y,Y,Y,1,8,1,23,Sunday,False,False,False,Phnom Penh International Airport,PNH
Suvarnabhumi Airport,BKK,2024-08-25 10:50,Singapore Changi Airport,SIN,2024-08-25 14:15,145,Scoot,Premium Economy,390,135.0,,1095,Y,Y,N,1,7,1,30,Sunday,False,False,False,Phnom Penh International Airport,PNH
Suvarnabhumi Airport,BKK,2024-08-26 07:35,Phnom Penh International Airport,PNH,2024-08-26 08:50,75,THAI,Premium Economy,75,,,238,Y,Y,Y,1,7,1,35,Monday,False,False,False,Phnom Penh International Airport,PNH
Suvarnabhumi Airport,BKK,2024-08-26 18:35,Phnom Penh International Airport,PNH,2024-08-26 19:55,80,THAI,Premium Economy,80,,,238,Y,Y,Y,1,7,1,35,Monday,False,False,False,Phnom Penh International Airport,PNH
Suvarnabhumi Airport,BKK,2024-08-26 19:05,Guangzhou Baiyun International Airport,CAN,2024-08-26 22:50,165,China Southern,Premium Economy,935,605.0,True,316,Y,Y,Y,1,8,1,23,Monday,False,False,False,Phnom Penh International Airport,PNH
Suvarnabhumi Airport,BKK,2024-08-26 03:15,Shenzhen Bao'an International Airport,SZX,2024-08-26 07:05,170,Shenzhen,Premium Economy,475,150.0,,376,Y,Y,Y,1,5,1,20,Monday,False,False,False,Phnom Penh International Airport,PNH
Suvarnabhumi Airport,BKK,2024-08-26 19:25,Shenzhen Bao'an International Airport,SZX,2024-08-26 23:25,180,Shenzhen,Premium Economy,945,610.0,True,376,Y,Y,Y,1,5,1,20,Monday,False,False,False,Phnom Penh International Airport,PNH
Suvarnabhumi Airport,BKK,2024-08-26 10:50,Singapore Changi Airport,SIN,2024-08-26 14:15,145,Scoot,Premium Economy,400,135.0,,1182,Y,Y,N,1,7,1,30,Monday,False,False,False,Phnom Penh International Airport,PNH
Suvarnabhumi Airport,BKK,2024-08-27 07:35,Phnom Penh International Airport,PNH,2024-08-27 08:50,75,THAI,Premium Economy,75,,,238,Y,Y,Y,1,7,1,35,Tuesday,False,False,False,Phnom Penh International Airport,PNH
Suvarnabhumi Airport,BKK,2024-08-27 18:35,Phnom Penh International Airport,PNH,2024-08-27 19:55,80,THAI,Premium Economy,80,,,238,Y,Y,Y,1,7,1,35,Tuesday,False,False,False,Phnom Penh International Airport,PNH
Suvarnabhumi Airport,BKK,2024-08-27 19:05,Guangzhou Baiyun International Airport,CAN,2024-08-27 22:50,165,China Southern,Premium Economy,1165,835.0,True,316,Y,Y,Y,1,8,1,23,Tuesday,False,False,False,Phnom Penh International Airport,PNH
Suvarnabhumi Airport,BKK,2024-08-27 03:15,Shenzhen Bao'an International Airport,SZX,2024-08-27 07:05,170,Shenzhen,Premium Economy,475,150.0,,376,Y,Y,Y,1,5,1,20,Tuesday,False,False,False,Phnom Penh International Airport,PNH
Suvarnabhumi Airport,BKK,2024-08-27 19:25,Shenzhen Bao'an International Airport,SZX,2024-08-27 23:25,180,Shenzhen,Premium Economy,945,610.0,True,376,Y,Y,Y,1,5,1,20,Tuesday,False,False,False,Phnom Penh International Airport,PNH
Suvarnabhumi Airport,BKK,2024-08-27 19:05,Guangzhou Baiyun International Airport,CAN,2024-08-27 22:50,165,China Southern,Premium Economy,935,610.0,True,679,Y,Y,Y,1,8,1,23,Tuesday,False,False,False,Phnom Penh International Airport,PNH
Suvarnabhumi Airport,BKK,2024-08-27 10:50,Singapore Changi Airport,SIN,2024-08-27 14:15,145,Scoot,Premium Economy,400,135.0,,1182,Y,Y,N,1,7,1,30,Tuesday,False,False,False,Phnom Penh International Airport,PNH
Suvarnabhumi Airport,BKK,2024-08-28 07:35,Phnom Penh International Airport,PNH,2024-08-28 08:50,75,THAI,Premium Economy,75,,,238,Y,Y,Y,1,7,1,35,Wednesday,False,False,False,Phnom Penh International Airport,PNH
Suvarnabhumi Airport,BKK,2024-08-28 18:35,Phnom Penh International Airport,PNH,2024-08-28 19:55,80,THAI,Premium Economy,80,,,238,Y,Y,Y,1,7,1,35,Wednesday,False,False,False,Phnom Penh International Airport,PNH
Suvarnabhumi Airport,BKK,2024-08-28 19:05,Guangzhou Baiyun International Airport,CAN,2024-08-28 22:50,165,China Southern,Premium Economy,1165,835.0,True,316,Y,Y,Y,1,8,1,23,Wednesday,False,False,False,Phnom Penh International Airport,PNH
Suvarnabhumi Airport,BKK,2024-08-28 03:15,Shenzhen Bao'an International Airport,SZX,2024-08-28 07:05,170,Shenzhen,Premium Economy,475,150.0,,376,Y,Y,Y,1,5,1,20,Wednesday,False,False,False,Phnom Penh International Airport,PNH
Suvarnabhumi Airport,BKK,2024-08-28 19:25,Shenzhen Bao'an International Airport,SZX,2024-08-28 23:25,180,Shenzhen,Premium Economy,945,610.0,True,376,Y,Y,Y,1,5,1,20,Wednesday,False,False,False,Phnom Penh International Airport,PNH
Suvarnabhumi Airport,BKK,2024-08-28 19:05,Guangzhou Baiyun International Airport,CAN,2024-08-28 22:50,165,China Southern,Premium Economy,935,610.0,True,679,Y,Y,Y,1,8,1,23,Wednesday,False,False,False,Phnom Penh International Airport,PNH
Suvarnabhumi Airport,BKK,2024-08-28 10:50,Singapore Changi Airport,SIN,2024-08-28 14:15,145,Scoot,Premium Economy,390,135.0,,1056,Y,Y,N,1,7,1,30,Wednesday,False,False,False,Phnom Penh International Airport,PNH
Suvarnabhumi Airport,BKK,2024-08-29 07:35,Phnom Penh International Airport,PNH,2024-08-29 08:50,75,THAI,Premium Economy,75,,,238,Y,Y,Y,1,7,1,35,Thursday,False,False,False,Phnom Penh International Airport,PNH
Suvarnabhumi Airport,BKK,2024-08-29 18:35,Phnom Penh International Airport,PNH,2024-08-29 19:55,80,THAI,Premium Economy,80,,,238,Y,Y,Y,1,7,1,35,Thursday,False,False,False,Phnom Penh International Airport,PNH
Suvarnabhumi Airport,BKK,2024-08-29 03:15,Shenzhen Bao'an International Airport,SZX,2024-08-29 07:05,170,Shenzhen,Premium Economy,475,150.0,,376,Y,Y,Y,1,5,1,20,Thursday,False,False,False,Phnom Penh International Airport,PNH
Suvarnabhumi Airport,BKK,2024-08-29 19:25,Shenzhen Bao'an International Airport,SZX,2024-08-29 23:25,180,Shenzhen,Premium Economy,945,610.0,True,376,Y,Y,Y,1,5,1,20,Thursday,False,False,False,Phnom Penh International Airport,PNH
Suvarnabhumi Airport,BKK,2024-08-29 19:05,Guangzhou Baiyun International Airport,CAN,2024-08-29 22:50,165,China Southern,Premium Economy,935,610.0,True,679,Y,Y,Y,1,8,1,23,Thursday,False,False,False,Phnom Penh International Airport,PNH
Suvarnabhumi Airport,BKK,2024-08-29 18:45,Singapore Changi Airport,SIN,2024-08-29 22:40,175,Scoot,Premium Economy,835,540.0,True,1056,Y,Y,N,1,7,1,30,Thursday,False,False,False,Phnom Penh International Airport,PNH
Suvarnabhumi Airport,BKK,2024-08-29 10:50,Singapore Changi Airport,SIN,2024-08-29 14:15,145,Scoot,Premium Economy,400,135.0,,1095,Y,Y,N,1,7,1,30,Thursday,False,False,False,Phnom Penh International Airport,PNH
Suvarnabhumi Airport,BKK,2024-08-30 07:35,Phnom Penh International Airport,PNH,2024-08-30 08:50,75,THAI,Premium Economy,75,,,238,Y,Y,Y,1,7,1,35,Friday,False,False,False,Phnom Penh International Airport,PNH
Suvarnabhumi Airport,BKK,2024-08-30 18:35,Phnom Penh International Airport,PNH,2024-08-30 19:55,80,THAI,Premium Economy,80,,,238,Y,Y,Y,1,7,1,35,Friday,False,False,False,Phnom Penh International Airport,PNH
Suvarnabhumi Airport,BKK,2024-08-30 19:05,Guangzhou Baiyun International Airport,CAN,2024-08-30 22:50,165,China Southern,Premium Economy,1165,835.0,True,316,Y,Y,Y,1,8,1,23,Friday,False,False,False,Phnom Penh International Airport,PNH
Suvarnabhumi Airport,BKK,2024-08-30 03:15,Shenzhen Bao'an International Airport,SZX,2024-08-30 07:05,170,Shenzhen,Premium Economy,475,150.0,,376,Y,Y,Y,1,5,1,20,Friday,False,False,False,Phnom Penh International Airport,PNH
Suvarnabhumi Airport,BKK,2024-08-30 19:25,Shenzhen Bao'an International Airport,SZX,2024-08-30 23:25,180,Shenzhen,Premium Economy,945,610.0,True,376,Y,Y,Y,1,5,1,20,Friday,False,False,False,Phnom Penh International Airport,PNH
Suvarnabhumi Airport,BKK,2024-08-30 19:05,Guangzhou Baiyun International Airport,CAN,2024-08-30 22:50,165,China Southern,Premium Economy,935,610.0,True,679,Y,Y,Y,1,8,1,23,Friday,False,False,False,Phnom Penh International Airport,PNH
Suvarnabhumi Airport,BKK,2024-08-30 10:50,Singapore Changi Airport,SIN,2024-08-30 14:15,145,Scoot,Premium Economy,400,135.0,,1056,Y,Y,N,1,7,1,30,Friday,False,False,False,Phnom Penh International Airport,PNH
Suvarnabhumi Airport,BKK,2024-08-31 07:35,Phnom Penh International Airport,PNH,2024-08-31 08:50,75,THAI,Premium Economy,75,,,238,Y,Y,Y,1,7,1,35,Saturday,False,False,False,Phnom Penh International Airport,PNH
Suvarnabhumi Airport,BKK,2024-08-31 18:35,Phnom Penh International Airport,PNH,2024-08-31 19:55,80,THAI,Premium Economy,80,,,238,Y,Y,Y,1,7,1,35,Saturday,False,False,False,Phnom Penh International Airport,PNH
Suvarnabhumi Airport,BKK,2024-08-31 19:05,Guangzhou Baiyun International Airport,CAN,2024-08-31 22:50,165,China Southern,Premium Economy,1165,835.0,True,316,Y,Y,Y,1,8,1,23,Saturday,False,False,False,Phnom Penh International Airport,PNH
Suvarnabhumi Airport,BKK,2024-08-31 03:15,Shenzhen Bao'an International Airport,SZX,2024-08-31 07:05,170,Shenzhen,Premium Economy,475,150.0,,376,Y,Y,Y,1,5,1,20,Saturday,False,False,False,Phnom Penh International Airport,PNH
Suvarnabhumi Airport,BKK,2024-08-31 19:25,Shenzhen Bao'an International Airport,SZX,2024-08-31 23:25,180,Shenzhen,Premium Economy,945,610.0,True,376,Y,Y,Y,1,5,1,20,Saturday,False,False,False,Phnom Penh International Airport,PNH
Suvarnabhumi Airport,BKK,2024-08-31 19:05,Guangzhou Baiyun International Airport,CAN,2024-08-31 22:50,165,China Southern,Premium Economy,935,610.0,True,679,Y,Y,Y,1,8,1,23,Saturday,False,False,False,Phnom Penh International Airport,PNH
Suvarnabhumi Airport,BKK,2024-08-31 10:50,Singapore Changi Airport,SIN,2024-08-31 14:15,145,Scoot,Premium Economy,390,135.0,,1095,Y,Y,N,1,7,1,30,Saturday,False,False,False,Phnom Penh International Airport,PNH
