Departure Airport Name,Departure Airport ID,Departure Time,Arrival Airport Name,Arrival Airport ID,Arrival Time,Duration,Airline,Travel Class,Total Duration,Layover 1 Duration,Layover 1 Overnight,Price, Cabin Baggage, Checked Baggage,Meal Included,Cabin Baggage (Number),Cabin Baggage (kg per piece),Checked Baggage (Number),Checked Baggage (kg per piece) ,Day of Week (on flight date),Departure Country Is Holiday,Arrival Country Is Holiday,Overnight Flight,Final Arrival Airport Name,Final Arrival Airport ID
Suvarnabhumi Airport,BKK,2024-07-01 20:25,Singapore Changi Airport,SIN,2024-07-01 23:45,140,Scoot,Premium Economy,640,395,True,840,Y,Y,N,1,7,1,30,Monday,False,False,False,Soekarno-Hatta International Airport,CGK
Suvarnabhumi Airport,BKK,2024-07-01 10:50,Singapore Changi Airport,SIN,2024-07-01 14:15,145,Scoot,Premium Economy,380,130,,980,Y,Y,N,1,7,1,30,Monday,False,False,False,Soekarno-Hatta International Airport,CGK
Suvarnabhumi Airport,BKK,2024-07-02 10:50,Singapore Changi Airport,SIN,2024-07-02 14:15,145,Scoot,Premium Economy,435,185,,980,Y,Y,N,1,7,1,30,Tuesday,False,False,False,Soekarno-Hatta International Airport,CGK
Suvarnabhumi Airport,BKK,2024-07-02 17:55,Singapore Changi Airport,SIN,2024-07-02 21:05,130,Scoot,Premium Economy,975,740,True,980,Y,Y,N,1,7,1,30,Tuesday,False,False,False,Soekarno-Hatta International Airport,CGK
Suvarnabhumi Airport,BKK,2024-07-02 10:50,Singapore Changi Airport,SIN,2024-07-02 14:15,145,Scoot,Premium Economy,380,130,,1192,Y,Y,N,1,7,1,30,Tuesday,False,False,False,Soekarno-Hatta International Airport,CGK
Suvarnabhumi Airport,BKK,2024-07-02 17:55,Singapore Changi Airport,SIN,2024-07-02 21:05,130,Scoot,Premium Economy,790,555,True,1192,Y,Y,N,1,7,1,30,Tuesday,False,False,False,Soekarno-Hatta International Airport,CGK
Suvarnabhumi Airport,BKK,2024-07-03 17:55,Singapore Changi Airport,SIN,2024-07-03 21:05,130,Scoot,Premium Economy,790,555,True,840,Y,Y,N,1,7,1,30,Wednesday,False,False,False,Soekarno-Hatta International Airport,CGK
Suvarnabhumi Airport,BKK,2024-07-03 10:50,Singapore Changi Airport,SIN,2024-07-03 14:15,145,Scoot,Premium Economy,435,185,,980,Y,Y,N,1,7,1,30,Wednesday,False,False,False,Soekarno-Hatta International Airport,CGK
Suvarnabhumi Airport,BKK,2024-07-03 10:50,Singapore Changi Airport,SIN,2024-07-03 14:15,145,Scoot,Premium Economy,380,130,,1192,Y,Y,N,1,7,1,30,Wednesday,False,False,False,Soekarno-Hatta International Airport,CGK
Suvarnabhumi Airport,BKK,2024-07-04 10:50,Singapore Changi Airport,SIN,2024-07-04 14:15,145,Scoot,Premium Economy,380,130,,980,Y,Y,N,1,7,1,30,Thursday,False,False,False,Soekarno-Hatta International Airport,CGK
Suvarnabhumi Airport,BKK,2024-07-05 17:45,Singapore Changi Airport,SIN,2024-07-05 21:05,140,Scoot,Premium Economy,800,555,True,840,Y,Y,N,1,7,1,30,Friday,False,False,False,Soekarno-Hatta International Airport,CGK
Suvarnabhumi Airport,BKK,2024-07-05 20:25,Singapore Changi Airport,SIN,2024-07-05 23:45,140,Scoot,Premium Economy,640,395,True,980,Y,Y,N,1,7,1,30,Friday,False,False,False,Soekarno-Hatta International Airport,CGK
Suvarnabhumi Airport,BKK,2024-07-06 15:40,Singapore Changi Airport,SIN,2024-07-06 19:15,155,Scoot,Premium Economy,925,665,True,840,Y,Y,N,1,7,1,30,Saturday,False,False,False,Soekarno-Hatta International Airport,CGK
Suvarnabhumi Airport,BKK,2024-07-06 15:40,Singapore Changi Airport,SIN,2024-07-06 19:15,155,Scoot,Premium Economy,420,160,,980,Y,Y,N,1,7,1,30,Saturday,False,False,False,Soekarno-Hatta International Airport,CGK
Suvarnabhumi Airport,BKK,2024-07-06 10:50,Singapore Changi Airport,SIN,2024-07-06 14:15,145,Scoot,Premium Economy,380,130,,1192,Y,Y,N,1,7,1,30,Saturday,False,False,False,Soekarno-Hatta International Airport,CGK
Suvarnabhumi Airport,BKK,2024-07-07 10:50,Singapore Changi Airport,SIN,2024-07-07 14:15,145,Scoot,Premium Economy,1215,965,True,1192,Y,Y,N,1,7,1,30,Sunday,False,True,False,Soekarno-Hatta International Airport,CGK
Suvarnabhumi Airport,BKK,2024-07-07 10:50,Singapore Changi Airport,SIN,2024-07-07 14:15,145,Scoot,Premium Economy,435,185,,1574,Y,Y,N,1,7,1,30,Sunday,False,True,False,Soekarno-Hatta International Airport,CGK
Suvarnabhumi Airport,BKK,2024-07-08 20:25,Singapore Changi Airport,SIN,2024-07-08 23:45,140,Scoot,Premium Economy,640,395,True,980,Y,Y,N,1,7,1,30,Monday,False,False,False,Soekarno-Hatta International Airport,CGK
Suvarnabhumi Airport,BKK,2024-07-08 10:50,Singapore Changi Airport,SIN,2024-07-08 14:15,145,Scoot,Premium Economy,380,130,,1192,Y,Y,N,1,7,1,30,Monday,False,False,False,Soekarno-Hatta International Airport,CGK
Suvarnabhumi Airport,BKK,2024-07-09 17:55,Singapore Changi Airport,SIN,2024-07-09 21:05,130,Scoot,Premium Economy,790,555,True,840,Y,Y,N,1,7,1,30,Tuesday,False,False,False,Soekarno-Hatta International Airport,CGK
Suvarnabhumi Airport,BKK,2024-07-09 10:50,Singapore Changi Airport,SIN,2024-07-09 14:15,145,Scoot,Premium Economy,435,185,,1192,Y,Y,N,1,7,1,30,Tuesday,False,False,False,Soekarno-Hatta International Airport,CGK
Suvarnabhumi Airport,BKK,2024-07-10 17:55,Singapore Changi Airport,SIN,2024-07-10 21:05,130,Scoot,Premium Economy,790,555,True,980,Y,Y,N,1,7,1,30,Wednesday,False,False,False,Soekarno-Hatta International Airport,CGK
Suvarnabhumi Airport,BKK,2024-07-10 10:50,Singapore Changi Airport,SIN,2024-07-10 14:15,145,Scoot,Premium Economy,435,185,,1192,Y,Y,N,1,7,1,30,Wednesday,False,False,False,Soekarno-Hatta International Airport,CGK
Suvarnabhumi Airport,BKK,2024-07-11 10:50,Singapore Changi Airport,SIN,2024-07-11 14:15,145,Scoot,Premium Economy,435,185,,1192,Y,Y,N,1,7,1,30,Thursday,False,False,False,Soekarno-Hatta International Airport,CGK
Suvarnabhumi Airport,BKK,2024-07-12 20:25,Singapore Changi Airport,SIN,2024-07-12 23:45,140,Scoot,Premium Economy,1010,765,True,980,Y,Y,N,1,7,1,30,Friday,False,False,False,Soekarno-Hatta International Airport,CGK
Suvarnabhumi Airport,BKK,2024-07-12 10:50,Singapore Changi Airport,SIN,2024-07-12 14:15,145,Scoot,Premium Economy,710,460,,1192,Y,Y,N,1,7,1,30,Friday,False,False,False,Soekarno-Hatta International Airport,CGK
Suvarnabhumi Airport,BKK,2024-07-12 20:25,Singapore Changi Airport,SIN,2024-07-12 23:45,140,Scoot,Premium Economy,640,395,True,1192,Y,Y,N,1,7,1,30,Friday,False,False,False,Soekarno-Hatta International Airport,CGK
Suvarnabhumi Airport,BKK,2024-07-12 10:50,Singapore Changi Airport,SIN,2024-07-12 14:15,145,Scoot,Premium Economy,435,185,,1574,Y,Y,N,1,7,1,30,Friday,False,False,False,Soekarno-Hatta International Airport,CGK
Suvarnabhumi Airport,BKK,2024-07-13 15:40,Singapore Changi Airport,SIN,2024-07-13 19:15,155,Scoot,Premium Economy,925,665,True,840,Y,Y,N,1,7,1,30,Saturday,False,False,False,Soekarno-Hatta International Airport,CGK
Suvarnabhumi Airport,BKK,2024-07-13 15:40,Singapore Changi Airport,SIN,2024-07-13 19:15,155,Scoot,Premium Economy,420,160,,980,Y,Y,N,1,7,1,30,Saturday,False,False,False,Soekarno-Hatta International Airport,CGK
Suvarnabhumi Airport,BKK,2024-07-13 10:50,Singapore Changi Airport,SIN,2024-07-13 14:15,145,Scoot,Premium Economy,435,185,,1192,Y,Y,N,1,7,1,30,Saturday,False,False,False,Soekarno-Hatta International Airport,CGK
Suvarnabhumi Airport,BKK,2024-07-14 17:55,Singapore Changi Airport,SIN,2024-07-14 21:05,130,Scoot,Premium Economy,790,555,True,840,Y,Y,N,1,7,1,30,Sunday,False,False,False,Soekarno-Hatta International Airport,CGK
Suvarnabhumi Airport,BKK,2024-07-15 20:25,Singapore Changi Airport,SIN,2024-07-15 23:45,140,Scoot,Premium Economy,640,395,True,709,Y,Y,N,1,7,1,30,Monday,False,False,False,Soekarno-Hatta International Airport,CGK
Suvarnabhumi Airport,BKK,2024-07-15 10:50,Singapore Changi Airport,SIN,2024-07-15 14:15,145,Scoot,Premium Economy,380,130,,980,Y,Y,N,1,7,1,30,Monday,False,False,False,Soekarno-Hatta International Airport,CGK
Suvarnabhumi Airport,BKK,2024-07-16 17:55,Singapore Changi Airport,SIN,2024-07-16 21:05,130,Scoot,Premium Economy,790,555,True,840,Y,Y,N,1,7,1,30,Tuesday,False,False,False,Soekarno-Hatta International Airport,CGK
Suvarnabhumi Airport,BKK,2024-07-16 10:50,Singapore Changi Airport,SIN,2024-07-16 14:15,145,Scoot,Premium Economy,380,130,,980,Y,Y,N,1,7,1,30,Tuesday,False,False,False,Soekarno-Hatta International Airport,CGK
Suvarnabhumi Airport,BKK,2024-07-17 10:50,Singapore Changi Airport,SIN,2024-07-17 14:15,145,Scoot,Premium Economy,435,185,,709,Y,Y,N,1,7,1,30,Wednesday,False,False,False,Soekarno-Hatta International Airport,CGK
Suvarnabhumi Airport,BKK,2024-07-17 10:50,Singapore Changi Airport,SIN,2024-07-17 14:15,145,Scoot,Premium Economy,380,130,,1192,Y,Y,N,1,7,1,30,Wednesday,False,False,False,Soekarno-Hatta International Airport,CGK
Suvarnabhumi Airport,BKK,2024-07-18 10:50,Singapore Changi Airport,SIN,2024-07-18 14:15,145,Scoot,Premium Economy,435,185,,840,Y,Y,N,1,7,1,30,Thursday,False,False,False,Soekarno-Hatta International Airport,CGK
Suvarnabhumi Airport,BKK,2024-07-18 10:50,Singapore Changi Airport,SIN,2024-07-18 14:15,145,Scoot,Premium Economy,380,130,,980,Y,Y,N,1,7,1,30,Thursday,False,False,False,Soekarno-Hatta International Airport,CGK
Suvarnabhumi Airport,BKK,2024-07-19 20:25,Singapore Changi Airport,SIN,2024-07-19 23:45,140,Scoot,Premium Economy,640,395,True,674,Y,Y,N,1,7,1,30,Friday,False,False,False,Soekarno-Hatta International Airport,CGK
Suvarnabhumi Airport,BKK,2024-07-19 10:50,Singapore Changi Airport,SIN,2024-07-19 14:15,145,Scoot,Premium Economy,435,185,,840,Y,Y,N,1,7,1,30,Friday,False,False,False,Soekarno-Hatta International Airport,CGK
Suvarnabhumi Airport,BKK,2024-07-19 10:50,Singapore Changi Airport,SIN,2024-07-19 14:15,145,Scoot,Premium Economy,380,130,,980,Y,Y,N,1,7,1,30,Friday,False,False,False,Soekarno-Hatta International Airport,CGK
Suvarnabhumi Airport,BKK,2024-07-20 15:40,Singapore Changi Airport,SIN,2024-07-20 19:15,155,Scoot,Premium Economy,925,665,True,674,Y,Y,N,1,7,1,30,Saturday,True,False,False,Soekarno-Hatta International Airport,CGK
Suvarnabhumi Airport,BKK,2024-07-20 10:50,Singapore Changi Airport,SIN,2024-07-20 14:15,145,Scoot,Premium Economy,380,130,,840,Y,Y,N,1,7,1,30,Saturday,True,False,False,Soekarno-Hatta International Airport,CGK
Suvarnabhumi Airport,BKK,2024-07-20 15:40,Singapore Changi Airport,SIN,2024-07-20 19:15,155,Scoot,Premium Economy,420,160,,980,Y,Y,N,1,7,1,30,Saturday,True,False,False,Soekarno-Hatta International Airport,CGK
Suvarnabhumi Airport,BKK,2024-07-21 10:50,Singapore Changi Airport,SIN,2024-07-21 14:15,145,Scoot,Premium Economy,1215,965,True,840,Y,Y,N,1,7,1,30,Sunday,False,False,False,Soekarno-Hatta International Airport,CGK
Suvarnabhumi Airport,BKK,2024-07-21 10:50,Singapore Changi Airport,SIN,2024-07-21 14:15,145,Scoot,Premium Economy,435,185,,980,Y,Y,N,1,7,1,30,Sunday,False,False,False,Soekarno-Hatta International Airport,CGK
Suvarnabhumi Airport,BKK,2024-07-21 10:50,Singapore Changi Airport,SIN,2024-07-21 14:15,145,Scoot,Premium Economy,380,130,,1192,Y,Y,N,1,7,1,30,Sunday,False,False,False,Soekarno-Hatta International Airport,CGK
Suvarnabhumi Airport,BKK,2024-07-22 10:50,Singapore Changi Airport,SIN,2024-07-22 14:15,145,Scoot,Premium Economy,435,185,,840,Y,Y,N,1,7,1,30,Monday,True,False,False,Soekarno-Hatta International Airport,CGK
Suvarnabhumi Airport,BKK,2024-07-22 20:25,Singapore Changi Airport,SIN,2024-07-22 23:45,140,Scoot,Premium Economy,1245,1000,True,709,Y,Y,N,1,7,1,30,Monday,True,False,False,Soekarno-Hatta International Airport,CGK
Suvarnabhumi Airport,BKK,2024-07-22 20:25,Singapore Changi Airport,SIN,2024-07-22 23:45,140,Scoot,Premium Economy,640,395,True,840,Y,Y,N,1,7,1,30,Monday,True,False,False,Soekarno-Hatta International Airport,CGK
Suvarnabhumi Airport,BKK,2024-07-22 10:50,Singapore Changi Airport,SIN,2024-07-22 14:15,145,Scoot,Premium Economy,380,130,,1192,Y,Y,N,1,7,1,30,Monday,True,False,False,Soekarno-Hatta International Airport,CGK
Suvarnabhumi Airport,BKK,2024-07-23 10:50,Singapore Changi Airport,SIN,2024-07-23 14:15,145,Scoot,Premium Economy,380,130,,709,Y,Y,N,1,7,1,30,Tuesday,False,False,False,Soekarno-Hatta International Airport,CGK
Suvarnabhumi Airport,BKK,2024-07-23 17:55,Singapore Changi Airport,SIN,2024-07-23 21:05,130,Scoot,Premium Economy,790,555,True,709,Y,Y,N,1,7,1,30,Tuesday,False,False,False,Soekarno-Hatta International Airport,CGK
Suvarnabhumi Airport,BKK,2024-07-24 17:55,Singapore Changi Airport,SIN,2024-07-24 21:05,130,Scoot,Premium Economy,790,555,True,674,Y,Y,N,1,7,1,30,Wednesday,False,False,False,Soekarno-Hatta International Airport,CGK
Suvarnabhumi Airport,BKK,2024-07-24 10:50,Singapore Changi Airport,SIN,2024-07-24 14:15,145,Scoot,Premium Economy,380,130,,709,Y,Y,N,1,7,1,30,Wednesday,False,False,False,Soekarno-Hatta International Airport,CGK
Suvarnabhumi Airport,BKK,2024-07-25 10:50,Singapore Changi Airport,SIN,2024-07-25 14:15,145,Scoot,Premium Economy,435,185,,709,Y,Y,N,1,7,1,30,Thursday,False,False,False,Soekarno-Hatta International Airport,CGK
Suvarnabhumi Airport,BKK,2024-07-25 10:50,Singapore Changi Airport,SIN,2024-07-25 14:15,145,Scoot,Premium Economy,380,130,,840,Y,Y,N,1,7,1,30,Thursday,False,False,False,Soekarno-Hatta International Airport,CGK
Suvarnabhumi Airport,BKK,2024-07-26 10:50,Singapore Changi Airport,SIN,2024-07-26 14:15,145,Scoot,Premium Economy,380,130,,840,Y,Y,N,1,7,1,30,Friday,False,False,False,Soekarno-Hatta International Airport,CGK
Suvarnabhumi Airport,BKK,2024-07-26 17:45,Singapore Changi Airport,SIN,2024-07-26 21:05,140,Scoot,Premium Economy,800,555,True,840,Y,Y,N,1,7,1,30,Friday,False,False,False,Soekarno-Hatta International Airport,CGK
Suvarnabhumi Airport,BKK,2024-07-27 10:50,Singapore Changi Airport,SIN,2024-07-27 14:15,145,Scoot,Premium Economy,380,130,,840,Y,Y,N,1,7,1,30,Saturday,False,False,False,Soekarno-Hatta International Airport,CGK
Suvarnabhumi Airport,BKK,2024-07-27 15:40,Singapore Changi Airport,SIN,2024-07-27 19:15,155,Scoot,Premium Economy,925,665,True,840,Y,Y,N,1,7,1,30,Saturday,False,False,False,Soekarno-Hatta International Airport,CGK
Suvarnabhumi Airport,BKK,2024-07-27 15:40,Singapore Changi Airport,SIN,2024-07-27 19:15,155,Scoot,Premium Economy,420,160,,980,Y,Y,N,1,7,1,30,Saturday,False,False,False,Soekarno-Hatta International Airport,CGK
Suvarnabhumi Airport,BKK,2024-07-28 10:50,Singapore Changi Airport,SIN,2024-07-28 14:15,145,Scoot,Premium Economy,435,185,,709,Y,Y,N,1,7,1,30,Sunday,True,False,False,Soekarno-Hatta International Airport,CGK
Suvarnabhumi Airport,BKK,2024-07-28 10:50,Singapore Changi Airport,SIN,2024-07-28 14:15,145,Scoot,Premium Economy,380,130,,840,Y,Y,N,1,7,1,30,Sunday,True,False,False,Soekarno-Hatta International Airport,CGK
Suvarnabhumi Airport,BKK,2024-07-28 17:55,Singapore Changi Airport,SIN,2024-07-28 21:05,130,Scoot,Premium Economy,790,555,True,709,Y,Y,N,1,7,1,30,Sunday,True,False,False,Soekarno-Hatta International Airport,CGK
Suvarnabhumi Airport,BKK,2024-07-29 10:50,Singapore Changi Airport,SIN,2024-07-29 14:15,145,Scoot,Premium Economy,380,130,,709,Y,Y,N,1,7,1,30,Monday,True,False,False,Soekarno-Hatta International Airport,CGK
Suvarnabhumi Airport,BKK,2024-07-29 17:55,Singapore Changi Airport,SIN,2024-07-29 21:05,130,Scoot,Premium Economy,790,555,True,840,Y,Y,N,1,7,1,30,Monday,True,False,False,Soekarno-Hatta International Airport,CGK
Suvarnabhumi Airport,BKK,2024-07-30 10:50,Singapore Changi Airport,SIN,2024-07-30 14:15,145,Scoot,Premium Economy,380,130,,709,Y,Y,N,1,7,1,30,Tuesday,False,False,False,Soekarno-Hatta International Airport,CGK
Suvarnabhumi Airport,BKK,2024-07-30 17:55,Singapore Changi Airport,SIN,2024-07-30 21:05,130,Scoot,Premium Economy,790,555,True,840,Y,Y,N,1,7,1,30,Tuesday,False,False,False,Soekarno-Hatta International Airport,CGK
Suvarnabhumi Airport,BKK,2024-07-31 10:50,Singapore Changi Airport,SIN,2024-07-31 14:15,145,Scoot,Premium Economy,380,130,,709,Y,Y,N,1,7,1,30,Wednesday,False,False,False,Soekarno-Hatta International Airport,CGK
Suvarnabhumi Airport,BKK,2024-07-31 17:55,Singapore Changi Airport,SIN,2024-07-31 21:05,130,Scoot,Premium Economy,790,555,True,840,Y,Y,N,1,7,1,30,Wednesday,False,False,False,Soekarno-Hatta International Airport,CGK
Suvarnabhumi Airport,BKK,2024-08-01 18:45,Singapore Changi Airport,SIN,2024-08-01 22:40,175,Scoot,Premium Economy,740,460,True,723,Y,Y,N,1,7,1,30,Thursday,False,False,False,Soekarno-Hatta International Airport,CGK
Suvarnabhumi Airport,BKK,2024-08-01 10:50,Singapore Changi Airport,SIN,2024-08-01 14:15,145,Scoot,Premium Economy,435,185,,857,Y,Y,N,1,7,1,30,Thursday,False,False,False,Soekarno-Hatta International Airport,CGK
Suvarnabhumi Airport,BKK,2024-08-01 10:50,Singapore Changi Airport,SIN,2024-08-01 14:15,145,Scoot,Premium Economy,380,130,,1000,Y,Y,N,1,7,1,30,Thursday,False,False,False,Soekarno-Hatta International Airport,CGK
Suvarnabhumi Airport,BKK,2024-08-02 17:45,Singapore Changi Airport,SIN,2024-08-02 21:05,140,Scoot,Premium Economy,800,555,True,723,Y,Y,N,1,7,1,30,Friday,False,False,False,Soekarno-Hatta International Airport,CGK
Suvarnabhumi Airport,BKK,2024-08-02 10:50,Singapore Changi Airport,SIN,2024-08-02 14:15,145,Scoot,Premium Economy,435,185,,857,Y,Y,N,1,7,1,30,Friday,False,False,False,Soekarno-Hatta International Airport,CGK
Suvarnabhumi Airport,BKK,2024-08-02 10:50,Singapore Changi Airport,SIN,2024-08-02 14:15,145,Scoot,Premium Economy,380,130,,1000,Y,Y,N,1,7,1,30,Friday,False,False,False,Soekarno-Hatta International Airport,CGK
Suvarnabhumi Airport,BKK,2024-08-03 15:40,Singapore Changi Airport,SIN,2024-08-03 19:15,155,Scoot,Premium Economy,925,665,True,723,Y,Y,N,1,7,1,30,Saturday,False,False,False,Soekarno-Hatta International Airport,CGK
Suvarnabhumi Airport,BKK,2024-08-03 10:50,Singapore Changi Airport,SIN,2024-08-03 14:15,145,Scoot,Premium Economy,435,185,,857,Y,Y,N,1,7,1,30,Saturday,False,False,False,Soekarno-Hatta International Airport,CGK
Suvarnabhumi Airport,BKK,2024-08-03 10:50,Singapore Changi Airport,SIN,2024-08-03 14:15,145,Scoot,Premium Economy,380,130,,1000,Y,Y,N,1,7,1,30,Saturday,False,False,False,Soekarno-Hatta International Airport,CGK
Suvarnabhumi Airport,BKK,2024-08-03 15:40,Singapore Changi Airport,SIN,2024-08-03 19:15,155,Scoot,Premium Economy,420,160,,1000,Y,Y,N,1,7,1,30,Saturday,False,False,False,Soekarno-Hatta International Airport,CGK
Suvarnabhumi Airport,BKK,2024-08-04 10:50,Singapore Changi Airport,SIN,2024-08-04 14:15,145,Scoot,Premium Economy,435,185,,857,Y,Y,N,1,7,1,30,Sunday,False,False,False,Soekarno-Hatta International Airport,CGK
Suvarnabhumi Airport,BKK,2024-08-04 17:55,Singapore Changi Airport,SIN,2024-08-04 21:05,130,Scoot,Premium Economy,790,555,True,857,Y,Y,N,1,7,1,30,Sunday,False,False,False,Soekarno-Hatta International Airport,CGK
Suvarnabhumi Airport,BKK,2024-08-05 17:55,Singapore Changi Airport,SIN,2024-08-05 21:05,130,Scoot,Premium Economy,790,555,True,723,Y,Y,N,1,7,1,30,Monday,False,False,False,Soekarno-Hatta International Airport,CGK
Suvarnabhumi Airport,BKK,2024-08-05 10:50,Singapore Changi Airport,SIN,2024-08-05 14:15,145,Scoot,Premium Economy,380,130,,857,Y,Y,N,1,7,1,30,Monday,False,False,False,Soekarno-Hatta International Airport,CGK
Suvarnabhumi Airport,BKK,2024-08-06 17:55,Singapore Changi Airport,SIN,2024-08-06 21:05,130,Scoot,Premium Economy,790,555,True,688,Y,Y,N,1,7,1,30,Tuesday,False,False,False,Soekarno-Hatta International Airport,CGK
Suvarnabhumi Airport,BKK,2024-08-06 10:50,Singapore Changi Airport,SIN,2024-08-06 14:15,145,Scoot,Premium Economy,380,130,,723,Y,Y,N,1,7,1,30,Tuesday,False,False,False,Soekarno-Hatta International Airport,CGK
Suvarnabhumi Airport,BKK,2024-08-07 17:55,Singapore Changi Airport,SIN,2024-08-07 21:05,130,Scoot,Premium Economy,790,555,True,688,Y,Y,N,1,7,1,30,Wednesday,False,False,False,Soekarno-Hatta International Airport,CGK
Suvarnabhumi Airport,BKK,2024-08-07 10:50,Singapore Changi Airport,SIN,2024-08-07 14:15,145,Scoot,Premium Economy,380,130,,857,Y,Y,N,1,7,1,30,Wednesday,False,False,False,Soekarno-Hatta International Airport,CGK
Suvarnabhumi Airport,BKK,2024-08-08 18:45,Singapore Changi Airport,SIN,2024-08-08 22:40,175,Scoot,Premium Economy,740,460,True,688,Y,Y,N,1,7,1,30,Thursday,False,False,False,Soekarno-Hatta International Airport,CGK
Suvarnabhumi Airport,BKK,2024-08-08 10:50,Singapore Changi Airport,SIN,2024-08-08 14:15,145,Scoot,Premium Economy,380,130,,857,Y,Y,N,1,7,1,30,Thursday,False,False,False,Soekarno-Hatta International Airport,CGK
Suvarnabhumi Airport,BKK,2024-08-09 17:45,Singapore Changi Airport,SIN,2024-08-09 21:05,140,Scoot,Premium Economy,800,555,True,688,Y,Y,N,1,7,1,30,Friday,False,False,False,Soekarno-Hatta International Airport,CGK
Suvarnabhumi Airport,BKK,2024-08-09 10:50,Singapore Changi Airport,SIN,2024-08-09 14:15,145,Scoot,Premium Economy,380,130,,857,Y,Y,N,1,7,1,30,Friday,False,False,False,Soekarno-Hatta International Airport,CGK
Suvarnabhumi Airport,BKK,2024-08-10 09:05,Singapore Changi Airport,SIN,2024-08-10 12:20,135,Scoot,Premium Economy,540,300,,723,Y,Y,N,1,7,1,30,Saturday,False,False,False,Soekarno-Hatta International Airport,CGK
Suvarnabhumi Airport,BKK,2024-08-10 10:50,Singapore Changi Airport,SIN,2024-08-10 14:15,145,Scoot,Premium Economy,380,130,,857,Y,Y,N,1,7,1,30,Saturday,False,False,False,Soekarno-Hatta International Airport,CGK
Suvarnabhumi Airport,BKK,2024-08-10 15:40,Singapore Changi Airport,SIN,2024-08-10 19:00,140,Scoot,Premium Economy,420,175,,857,Y,Y,N,1,7,1,30,Saturday,False,False,False,Soekarno-Hatta International Airport,CGK
Suvarnabhumi Airport,BKK,2024-08-11 10:50,Singapore Changi Airport,SIN,2024-08-11 14:15,145,Scoot,Premium Economy,435,185,,857,Y,Y,N,1,7,1,30,Sunday,False,False,False,Soekarno-Hatta International Airport,CGK
Suvarnabhumi Airport,BKK,2024-08-11 10:50,Singapore Changi Airport,SIN,2024-08-11 14:15,145,Scoot,Premium Economy,380,130,,1000,Y,Y,N,1,7,1,30,Sunday,False,False,False,Soekarno-Hatta International Airport,CGK
Suvarnabhumi Airport,BKK,2024-08-12 10:50,Singapore Changi Airport,SIN,2024-08-12 14:15,145,Scoot,Premium Economy,380,130,,857,Y,Y,N,1,7,1,30,Monday,True,False,False,Soekarno-Hatta International Airport,CGK
Suvarnabhumi Airport,BKK,2024-08-12 17:55,Singapore Changi Airport,SIN,2024-08-12 21:05,130,Scoot,Premium Economy,790,555,True,857,Y,Y,N,1,7,1,30,Monday,True,False,False,Soekarno-Hatta International Airport,CGK
Suvarnabhumi Airport,BKK,2024-08-13 10:50,Singapore Changi Airport,SIN,2024-08-13 14:15,145,Scoot,Premium Economy,380,130,,857,Y,Y,N,1,7,1,30,Tuesday,False,False,False,Soekarno-Hatta International Airport,CGK
Suvarnabhumi Airport,BKK,2024-08-13 17:55,Singapore Changi Airport,SIN,2024-08-13 21:05,130,Scoot,Premium Economy,790,555,True,857,Y,Y,N,1,7,1,30,Tuesday,False,False,False,Soekarno-Hatta International Airport,CGK
Suvarnabhumi Airport,BKK,2024-08-14 17:55,Singapore Changi Airport,SIN,2024-08-14 21:05,130,Scoot,Premium Economy,790,555,True,688,Y,Y,N,1,7,1,30,Wednesday,False,False,False,Soekarno-Hatta International Airport,CGK
Suvarnabhumi Airport,BKK,2024-08-14 10:50,Singapore Changi Airport,SIN,2024-08-14 14:15,145,Scoot,Premium Economy,380,130,,723,Y,Y,N,1,7,1,30,Wednesday,False,False,False,Soekarno-Hatta International Airport,CGK
Suvarnabhumi Airport,BKK,2024-08-15 18:45,Singapore Changi Airport,SIN,2024-08-15 22:40,175,Scoot,Premium Economy,740,460,True,688,Y,Y,N,1,7,1,30,Thursday,False,False,False,Soekarno-Hatta International Airport,CGK
Suvarnabhumi Airport,BKK,2024-08-15 10:50,Singapore Changi Airport,SIN,2024-08-15 14:15,145,Scoot,Premium Economy,380,130,,857,Y,Y,N,1,7,1,30,Thursday,False,False,False,Soekarno-Hatta International Airport,CGK
Suvarnabhumi Airport,BKK,2024-08-16 17:45,Singapore Changi Airport,SIN,2024-08-16 21:05,140,Scoot,Premium Economy,800,555,True,688,Y,Y,N,1,7,1,30,Friday,False,False,False,Soekarno-Hatta International Airport,CGK
Suvarnabhumi Airport,BKK,2024-08-16 10:50,Singapore Changi Airport,SIN,2024-08-16 14:15,145,Scoot,Premium Economy,380,130,,857,Y,Y,N,1,7,1,30,Friday,False,False,False,Soekarno-Hatta International Airport,CGK
Suvarnabhumi Airport,BKK,2024-08-17 15:40,Singapore Changi Airport,SIN,2024-08-17 19:00,140,Scoot,Premium Economy,925,680,True,688,Y,Y,N,1,7,1,30,Saturday,False,True,False,Soekarno-Hatta International Airport,CGK
Suvarnabhumi Airport,BKK,2024-08-17 09:05,Singapore Changi Airport,SIN,2024-08-17 12:20,135,Scoot,Premium Economy,485,245,,723,Y,Y,N,1,7,1,30,Saturday,False,True,False,Soekarno-Hatta International Airport,CGK
Suvarnabhumi Airport,BKK,2024-08-17 10:50,Singapore Changi Airport,SIN,2024-08-17 14:15,145,Scoot,Premium Economy,380,130,,857,Y,Y,N,1,7,1,30,Saturday,False,True,False,Soekarno-Hatta International Airport,CGK
Suvarnabhumi Airport,BKK,2024-08-17 15:40,Singapore Changi Airport,SIN,2024-08-17 19:00,140,Scoot,Premium Economy,420,175,,857,Y,Y,N,1,7,1,30,Saturday,False,True,False,Soekarno-Hatta International Airport,CGK
Suvarnabhumi Airport,BKK,2024-08-18 10:50,Singapore Changi Airport,SIN,2024-08-18 14:15,145,Scoot,Premium Economy,1215,965,True,723,Y,Y,N,1,7,1,30,Sunday,False,False,False,Soekarno-Hatta International Airport,CGK
Suvarnabhumi Airport,BKK,2024-08-18 10:50,Singapore Changi Airport,SIN,2024-08-18 14:15,145,Scoot,Premium Economy,380,130,,857,Y,Y,N,1,7,1,30,Sunday,False,False,False,Soekarno-Hatta International Airport,CGK
Suvarnabhumi Airport,BKK,2024-08-18 17:55,Singapore Changi Airport,SIN,2024-08-18 21:05,130,Scoot,Premium Economy,790,555,True,857,Y,Y,N,1,7,1,30,Sunday,False,False,False,Soekarno-Hatta International Airport,CGK
Suvarnabhumi Airport,BKK,2024-08-19 10:50,Singapore Changi Airport,SIN,2024-08-19 14:15,145,Scoot,Premium Economy,435,185,,688,Y,Y,N,1,7,1,30,Monday,False,False,False,Soekarno-Hatta International Airport,CGK
Suvarnabhumi Airport,BKK,2024-08-19 10:50,Singapore Changi Airport,SIN,2024-08-19 14:15,145,Scoot,Premium Economy,380,130,,723,Y,Y,N,1,7,1,30,Monday,False,False,False,Soekarno-Hatta International Airport,CGK
Suvarnabhumi Airport,BKK,2024-08-20 17:55,Singapore Changi Airport,SIN,2024-08-20 21:05,130,Scoot,Premium Economy,790,555,True,688,Y,Y,N,1,7,1,30,Tuesday,False,False,False,Soekarno-Hatta International Airport,CGK
Suvarnabhumi Airport,BKK,2024-08-20 10:50,Singapore Changi Airport,SIN,2024-08-20 14:15,145,Scoot,Premium Economy,380,130,,857,Y,Y,N,1,7,1,30,Tuesday,False,False,False,Soekarno-Hatta International Airport,CGK
Suvarnabhumi Airport,BKK,2024-08-21 10:50,Singapore Changi Airport,SIN,2024-08-21 14:15,145,Scoot,Premium Economy,435,185,,688,Y,Y,N,1,7,1,30,Wednesday,False,False,False,Soekarno-Hatta International Airport,CGK
Suvarnabhumi Airport,BKK,2024-08-21 17:55,Singapore Changi Airport,SIN,2024-08-21 21:05,130,Scoot,Premium Economy,790,555,True,688,Y,Y,N,1,7,1,30,Wednesday,False,False,False,Soekarno-Hatta International Airport,CGK
Suvarnabhumi Airport,BKK,2024-08-21 10:50,Singapore Changi Airport,SIN,2024-08-21 14:15,145,Scoot,Premium Economy,380,130,,857,Y,Y,N,1,7,1,30,Wednesday,False,False,False,Soekarno-Hatta International Airport,CGK
Suvarnabhumi Airport,BKK,2024-08-22 18:45,Singapore Changi Airport,SIN,2024-08-22 22:40,175,Scoot,Premium Economy,740,460,True,688,Y,Y,N,1,7,1,30,Thursday,False,False,False,Soekarno-Hatta International Airport,CGK
Suvarnabhumi Airport,BKK,2024-08-22 10:50,Singapore Changi Airport,SIN,2024-08-22 14:15,145,Scoot,Premium Economy,380,130,,723,Y,Y,N,1,7,1,30,Thursday,False,False,False,Soekarno-Hatta International Airport,CGK
Suvarnabhumi Airport,BKK,2024-08-23 17:45,Singapore Changi Airport,SIN,2024-08-23 21:05,140,Scoot,Premium Economy,800,555,True,688,Y,Y,N,1,7,1,30,Friday,False,False,False,Soekarno-Hatta International Airport,CGK
Suvarnabhumi Airport,BKK,2024-08-23 10:50,Singapore Changi Airport,SIN,2024-08-23 14:15,145,Scoot,Premium Economy,380,130,,723,Y,Y,N,1,7,1,30,Friday,False,False,False,Soekarno-Hatta International Airport,CGK
Suvarnabhumi Airport,BKK,2024-08-24 15:40,Singapore Changi Airport,SIN,2024-08-24 19:00,140,Scoot,Premium Economy,925,680,True,688,Y,Y,N,1,7,1,30,Saturday,False,False,False,Soekarno-Hatta International Airport,CGK
Suvarnabhumi Airport,BKK,2024-08-24 10:50,Singapore Changi Airport,SIN,2024-08-24 14:15,145,Scoot,Premium Economy,435,185,,723,Y,Y,N,1,7,1,30,Saturday,False,False,False,Soekarno-Hatta International Airport,CGK
Suvarnabhumi Airport,BKK,2024-08-24 15:40,Singapore Changi Airport,SIN,2024-08-24 19:00,140,Scoot,Premium Economy,420,175,,723,Y,Y,N,1,7,1,30,Saturday,False,False,False,Soekarno-Hatta International Airport,CGK
Suvarnabhumi Airport,BKK,2024-08-24 10:50,Singapore Changi Airport,SIN,2024-08-24 14:15,145,Scoot,Premium Economy,380,130,,857,Y,Y,N,1,7,1,30,Saturday,False,False,False,Soekarno-Hatta International Airport,CGK
Suvarnabhumi Airport,BKK,2024-08-25 10:50,Singapore Changi Airport,SIN,2024-08-25 14:15,145,Scoot,Premium Economy,380,130,,723,Y,Y,N,1,7,1,30,Sunday,False,False,False,Soekarno-Hatta International Airport,CGK
Suvarnabhumi Airport,BKK,2024-08-25 17:55,Singapore Changi Airport,SIN,2024-08-25 21:05,130,Scoot,Premium Economy,790,555,True,857,Y,Y,N,1,7,1,30,Sunday,False,False,False,Soekarno-Hatta International Airport,CGK
Suvarnabhumi Airport,BKK,2024-08-26 17:55,Singapore Changi Airport,SIN,2024-08-26 21:05,130,Scoot,Premium Economy,790,555,True,688,Y,Y,N,1,7,1,30,Monday,False,False,False,Soekarno-Hatta International Airport,CGK
Suvarnabhumi Airport,BKK,2024-08-26 10:50,Singapore Changi Airport,SIN,2024-08-26 14:15,145,Scoot,Premium Economy,380,130,,723,Y,Y,N,1,7,1,30,Monday,False,False,False,Soekarno-Hatta International Airport,CGK
Suvarnabhumi Airport,BKK,2024-08-27 17:55,Singapore Changi Airport,SIN,2024-08-27 21:05,130,Scoot,Premium Economy,790,555,True,688,Y,Y,N,1,7,1,30,Tuesday,False,False,False,Soekarno-Hatta International Airport,CGK
Suvarnabhumi Airport,BKK,2024-08-27 10:50,Singapore Changi Airport,SIN,2024-08-27 14:15,145,Scoot,Premium Economy,380,130,,723,Y,Y,N,1,7,1,30,Tuesday,False,False,False,Soekarno-Hatta International Airport,CGK
Suvarnabhumi Airport,BKK,2024-08-28 17:55,Singapore Changi Airport,SIN,2024-08-28 21:05,130,Scoot,Premium Economy,790,555,True,688,Y,Y,N,1,7,1,30,Wednesday,False,False,False,Soekarno-Hatta International Airport,CGK
Suvarnabhumi Airport,BKK,2024-08-28 10:50,Singapore Changi Airport,SIN,2024-08-28 14:15,145,Scoot,Premium Economy,380,130,,723,Y,Y,N,1,7,1,30,Wednesday,False,False,False,Soekarno-Hatta International Airport,CGK
Suvarnabhumi Airport,BKK,2024-08-29 10:50,Singapore Changi Airport,SIN,2024-08-29 14:15,145,Scoot,Premium Economy,435,185,,688,Y,Y,N,1,7,1,30,Thursday,False,False,False,Soekarno-Hatta International Airport,CGK
Suvarnabhumi Airport,BKK,2024-08-29 18:45,Singapore Changi Airport,SIN,2024-08-29 22:40,175,Scoot,Premium Economy,740,460,True,688,Y,Y,N,1,7,1,30,Thursday,False,False,False,Soekarno-Hatta International Airport,CGK
Suvarnabhumi Airport,BKK,2024-08-29 10:50,Singapore Changi Airport,SIN,2024-08-29 14:15,145,Scoot,Premium Economy,380,130,,723,Y,Y,N,1,7,1,30,Thursday,False,False,False,Soekarno-Hatta International Airport,CGK
Suvarnabhumi Airport,BKK,2024-08-30 17:45,Singapore Changi Airport,SIN,2024-08-30 21:05,140,Scoot,Premium Economy,800,555,True,688,Y,Y,N,1,7,1,30,Friday,False,False,False,Soekarno-Hatta International Airport,CGK
Suvarnabhumi Airport,BKK,2024-08-30 10:50,Singapore Changi Airport,SIN,2024-08-30 14:15,145,Scoot,Premium Economy,435,185,,723,Y,Y,N,1,7,1,30,Friday,False,False,False,Soekarno-Hatta International Airport,CGK
Suvarnabhumi Airport,BKK,2024-08-30 10:50,Singapore Changi Airport,SIN,2024-08-30 14:15,145,Scoot,Premium Economy,380,130,,857,Y,Y,N,1,7,1,30,Friday,False,False,False,Soekarno-Hatta International Airport,CGK
Suvarnabhumi Airport,BKK,2024-08-31 09:05,Singapore Changi Airport,SIN,2024-08-31 12:20,135,Scoot,Premium Economy,485,245,,688,Y,Y,N,1,7,1,30,Saturday,False,False,False,Soekarno-Hatta International Airport,CGK
Suvarnabhumi Airport,BKK,2024-08-31 10:50,Singapore Changi Airport,SIN,2024-08-31 14:15,145,Scoot,Premium Economy,380,130,,723,Y,Y,N,1,7,1,30,Saturday,False,False,False,Soekarno-Hatta International Airport,CGK
Suvarnabhumi Airport,BKK,2024-08-31 15:40,Singapore Changi Airport,SIN,2024-08-31 19:00,140,Scoot,Premium Economy,925,680,True,723,Y,Y,N,1,7,1,30,Saturday,False,False,False,Soekarno-Hatta International Airport,CGK
Suvarnabhumi Airport,BKK,2024-08-31 15:40,Singapore Changi Airport,SIN,2024-08-31 19:00,140,Scoot,Premium Economy,420,175,,857,Y,Y,N,1,7,1,30,Saturday,False,False,False,Soekarno-Hatta International Airport,CGK
