Departure Airport Name,Departure Airport ID,Departure Time,Arrival Airport Name,Arrival Airport ID,Arrival Time,Duration,Airline,Travel Class,Total Duration,Layover 1 Duration,Layover 1 Overnight,Price, Cabin Baggage, Checked Baggage,Meal Included,Cabin Baggage (Number),Cabin Baggage (kg per piece),Checked Baggage (Number),Checked Baggage (kg per piece) ,Day of Week (on flight date),Departure Country Is Holiday,Arrival Country Is Holiday,Overnight Flight,Final Arrival Airport Name,Final Arrival Airport ID
Suvarnabhumi Airport,BKK,2024-07-01 11:35,Wattay International Airport,VTE,2024-07-01 12:50,75,THAI,Premium Economy,75,,,194,Y,Y,Y,1,7,1,35,Monday,False,False,False,Wattay International Airport,VTE
Suvarnabhumi Airport,BKK,2024-07-01 18:25,Wattay International Airport,VTE,2024-07-01 19:45,80,THAI,Premium Economy,80,,,194,Y,Y,Y,1,7,1,35,Monday,False,False,False,Wattay International Airport,VTE
Suvarnabhumi Airport,BKK,2024-07-01 13:35,Shanghai Pudong International Airport,PVG,2024-07-01 18:55,260,China Eastern,Premium Economy,1965,1465.0,True,447,Y,Y,Y,1,8,1,23,Monday,False,False,False,Wattay International Airport,VTE
Suvarnabhumi Airport,BKK,2024-07-02 11:35,Wattay International Airport,VTE,2024-07-02 12:50,75,THAI,Premium Economy,75,,,194,Y,Y,Y,1,7,1,35,Tuesday,False,False,False,Wattay International Airport,VTE
Suvarnabhumi Airport,BKK,2024-07-02 18:25,Wattay International Airport,VTE,2024-07-02 19:45,80,THAI,Premium Economy,80,,,194,Y,Y,Y,1,7,1,35,Tuesday,False,False,False,Wattay International Airport,VTE
Suvarnabhumi Airport,BKK,2024-07-02 19:05,Guangzhou Baiyun International Airport,CAN,2024-07-02 22:50,165,China Southern,Premium Economy,1385,1065.0,True,535,Y,Y,Y,1,8,1,23,Tuesday,False,False,False,Wattay International Airport,VTE
Suvarnabhumi Airport,BKK,2024-07-02 13:35,Shanghai Pudong International Airport,PVG,2024-07-02 19:00,265,China Eastern,Premium Economy,1965,1460.0,True,733,Y,Y,Y,1,8,1,23,Tuesday,False,False,False,Wattay International Airport,VTE
Suvarnabhumi Airport,BKK,2024-07-03 11:35,Wattay International Airport,VTE,2024-07-03 12:50,75,THAI,Premium Economy,75,,,194,Y,Y,Y,1,7,1,35,Wednesday,False,False,False,Wattay International Airport,VTE
Suvarnabhumi Airport,BKK,2024-07-03 18:25,Wattay International Airport,VTE,2024-07-03 19:45,80,THAI,Premium Economy,80,,,194,Y,Y,Y,1,7,1,35,Wednesday,False,False,False,Wattay International Airport,VTE
Suvarnabhumi Airport,BKK,2024-07-03 13:35,Shanghai Pudong International Airport,PVG,2024-07-03 19:00,265,China Eastern,Premium Economy,1965,1460.0,True,733,Y,Y,Y,1,8,1,23,Wednesday,False,False,False,Wattay International Airport,VTE
Suvarnabhumi Airport,BKK,2024-07-04 11:35,Wattay International Airport,VTE,2024-07-04 12:50,75,THAI,Premium Economy,75,,,194,Y,Y,Y,1,7,1,35,Thursday,False,False,False,Wattay International Airport,VTE
Suvarnabhumi Airport,BKK,2024-07-04 18:25,Wattay International Airport,VTE,2024-07-04 19:45,80,THAI,Premium Economy,80,,,194,Y,Y,Y,1,7,1,35,Thursday,False,False,False,Wattay International Airport,VTE
Suvarnabhumi Airport,BKK,2024-07-04 19:05,Guangzhou Baiyun International Airport,CAN,2024-07-04 22:50,165,China Southern,Premium Economy,1385,1065.0,True,535,Y,Y,Y,1,8,1,23,Thursday,False,False,False,Wattay International Airport,VTE
Suvarnabhumi Airport,BKK,2024-07-04 13:35,Shanghai Pudong International Airport,PVG,2024-07-04 18:55,260,China Eastern,Premium Economy,1965,1465.0,True,733,Y,Y,Y,1,8,1,23,Thursday,False,False,False,Wattay International Airport,VTE
Suvarnabhumi Airport,BKK,2024-07-05 11:35,Wattay International Airport,VTE,2024-07-05 12:50,75,THAI,Premium Economy,75,,,194,Y,Y,Y,1,7,1,35,Friday,False,False,False,Wattay International Airport,VTE
Suvarnabhumi Airport,BKK,2024-07-05 18:25,Wattay International Airport,VTE,2024-07-05 19:45,80,THAI,Premium Economy,80,,,194,Y,Y,Y,1,7,1,35,Friday,False,False,False,Wattay International Airport,VTE
Suvarnabhumi Airport,BKK,2024-07-05 13:35,Shanghai Pudong International Airport,PVG,2024-07-05 19:00,265,China Eastern,Premium Economy,1965,1460.0,True,733,Y,Y,Y,1,8,1,23,Friday,False,False,False,Wattay International Airport,VTE
Suvarnabhumi Airport,BKK,2024-07-06 18:25,Wattay International Airport,VTE,2024-07-06 19:45,80,THAI,Premium Economy,80,,,194,Y,Y,Y,1,7,1,35,Saturday,False,False,False,Wattay International Airport,VTE
Suvarnabhumi Airport,BKK,2024-07-06 19:05,Guangzhou Baiyun International Airport,CAN,2024-07-06 22:50,165,China Southern,Premium Economy,1385,1065.0,True,535,Y,Y,Y,1,8,1,23,Saturday,False,False,False,Wattay International Airport,VTE
Suvarnabhumi Airport,BKK,2024-07-06 13:35,Shanghai Pudong International Airport,PVG,2024-07-06 19:00,265,China Eastern,Premium Economy,1965,1460.0,True,612,Y,Y,Y,1,8,1,23,Saturday,False,False,False,Wattay International Airport,VTE
Suvarnabhumi Airport,BKK,2024-07-07 11:35,Wattay International Airport,VTE,2024-07-07 12:50,75,THAI,Premium Economy,75,,,194,Y,Y,Y,1,7,1,35,Sunday,False,False,False,Wattay International Airport,VTE
Suvarnabhumi Airport,BKK,2024-07-07 13:35,Shanghai Pudong International Airport,PVG,2024-07-07 18:55,260,China Eastern,Premium Economy,1965,1465.0,True,802,Y,Y,Y,1,8,1,23,Sunday,False,False,False,Wattay International Airport,VTE
Suvarnabhumi Airport,BKK,2024-07-08 11:35,Wattay International Airport,VTE,2024-07-08 12:50,75,THAI,Premium Economy,75,,,194,Y,Y,Y,1,7,1,35,Monday,False,False,False,Wattay International Airport,VTE
Suvarnabhumi Airport,BKK,2024-07-08 18:25,Wattay International Airport,VTE,2024-07-08 19:45,80,THAI,Premium Economy,80,,,194,Y,Y,Y,1,7,1,35,Monday,False,False,False,Wattay International Airport,VTE
Suvarnabhumi Airport,BKK,2024-07-08 02:10,Shanghai Pudong International Airport,PVG,2024-07-08 07:30,260,China Eastern,Premium Economy,1210,710.0,,733,Y,Y,Y,1,8,1,23,Monday,False,False,False,Wattay International Airport,VTE
Suvarnabhumi Airport,BKK,2024-07-09 11:35,Wattay International Airport,VTE,2024-07-09 12:50,75,THAI,Premium Economy,75,,,194,Y,Y,Y,1,7,1,35,Tuesday,False,False,False,Wattay International Airport,VTE
Suvarnabhumi Airport,BKK,2024-07-09 18:25,Wattay International Airport,VTE,2024-07-09 19:45,80,THAI,Premium Economy,80,,,194,Y,Y,Y,1,7,1,35,Tuesday,False,False,False,Wattay International Airport,VTE
Suvarnabhumi Airport,BKK,2024-07-09 19:05,Guangzhou Baiyun International Airport,CAN,2024-07-09 22:50,165,China Southern,Premium Economy,1385,1065.0,True,535,Y,Y,Y,1,8,1,23,Tuesday,False,False,False,Wattay International Airport,VTE
Suvarnabhumi Airport,BKK,2024-07-09 13:35,Shanghai Pudong International Airport,PVG,2024-07-09 19:00,265,China Eastern,Premium Economy,1965,1460.0,True,733,Y,Y,Y,1,8,1,23,Tuesday,False,False,False,Wattay International Airport,VTE
Suvarnabhumi Airport,BKK,2024-07-10 11:35,Wattay International Airport,VTE,2024-07-10 12:50,75,THAI,Premium Economy,75,,,194,Y,Y,Y,1,7,1,35,Wednesday,False,False,False,Wattay International Airport,VTE
Suvarnabhumi Airport,BKK,2024-07-10 18:25,Wattay International Airport,VTE,2024-07-10 19:45,80,THAI,Premium Economy,80,,,194,Y,Y,Y,1,7,1,35,Wednesday,False,False,False,Wattay International Airport,VTE
Suvarnabhumi Airport,BKK,2024-07-10 13:35,Shanghai Pudong International Airport,PVG,2024-07-10 19:00,265,China Eastern,Premium Economy,1965,1460.0,True,733,Y,Y,Y,1,8,1,23,Wednesday,False,False,False,Wattay International Airport,VTE
Suvarnabhumi Airport,BKK,2024-07-11 11:35,Wattay International Airport,VTE,2024-07-11 12:50,75,THAI,Premium Economy,75,,,194,Y,Y,Y,1,7,1,35,Thursday,False,False,False,Wattay International Airport,VTE
Suvarnabhumi Airport,BKK,2024-07-11 18:25,Wattay International Airport,VTE,2024-07-11 19:45,80,THAI,Premium Economy,80,,,194,Y,Y,Y,1,7,1,35,Thursday,False,False,False,Wattay International Airport,VTE
Suvarnabhumi Airport,BKK,2024-07-11 19:05,Guangzhou Baiyun International Airport,CAN,2024-07-11 22:50,165,China Southern,Premium Economy,1385,1065.0,True,535,Y,Y,Y,1,8,1,23,Thursday,False,False,False,Wattay International Airport,VTE
Suvarnabhumi Airport,BKK,2024-07-11 13:35,Shanghai Pudong International Airport,PVG,2024-07-11 18:55,260,China Eastern,Premium Economy,1965,1465.0,True,789,Y,Y,Y,1,8,1,23,Thursday,False,False,False,Wattay International Airport,VTE
Suvarnabhumi Airport,BKK,2024-07-12 11:35,Wattay International Airport,VTE,2024-07-12 12:50,75,THAI,Premium Economy,75,,,194,Y,Y,Y,1,7,1,35,Friday,False,False,False,Wattay International Airport,VTE
Suvarnabhumi Airport,BKK,2024-07-12 18:25,Wattay International Airport,VTE,2024-07-12 19:45,80,THAI,Premium Economy,80,,,194,Y,Y,Y,1,7,1,35,Friday,False,False,False,Wattay International Airport,VTE
Suvarnabhumi Airport,BKK,2024-07-12 13:35,Shanghai Pudong International Airport,PVG,2024-07-12 19:00,265,China Eastern,Premium Economy,1965,1460.0,True,789,Y,Y,Y,1,8,1,23,Friday,False,False,False,Wattay International Airport,VTE
Suvarnabhumi Airport,BKK,2024-07-13 11:35,Wattay International Airport,VTE,2024-07-13 12:50,75,THAI,Premium Economy,75,,,194,Y,Y,Y,1,7,1,35,Saturday,False,False,False,Wattay International Airport,VTE
Suvarnabhumi Airport,BKK,2024-07-13 18:25,Wattay International Airport,VTE,2024-07-13 19:45,80,THAI,Premium Economy,80,,,194,Y,Y,Y,1,7,1,35,Saturday,False,False,False,Wattay International Airport,VTE
Suvarnabhumi Airport,BKK,2024-07-13 19:05,Guangzhou Baiyun International Airport,CAN,2024-07-13 22:50,165,China Southern,Premium Economy,1385,1065.0,True,336,Y,Y,Y,1,8,1,23,Saturday,False,False,False,Wattay International Airport,VTE
Suvarnabhumi Airport,BKK,2024-07-13 13:35,Shanghai Pudong International Airport,PVG,2024-07-13 19:00,265,China Eastern,Premium Economy,1965,1460.0,True,789,Y,Y,Y,1,8,1,23,Saturday,False,False,False,Wattay International Airport,VTE
Suvarnabhumi Airport,BKK,2024-07-14 11:35,Wattay International Airport,VTE,2024-07-14 12:50,75,THAI,Premium Economy,75,,,194,Y,Y,Y,1,7,1,35,Sunday,False,False,False,Wattay International Airport,VTE
Suvarnabhumi Airport,BKK,2024-07-14 18:25,Wattay International Airport,VTE,2024-07-14 19:45,80,THAI,Premium Economy,80,,,194,Y,Y,Y,1,7,1,35,Sunday,False,False,False,Wattay International Airport,VTE
Suvarnabhumi Airport,BKK,2024-07-14 13:35,Shanghai Pudong International Airport,PVG,2024-07-14 18:55,260,China Eastern,Premium Economy,1965,1465.0,True,496,Y,Y,Y,1,8,1,23,Sunday,False,False,False,Wattay International Airport,VTE
Suvarnabhumi Airport,BKK,2024-07-15 11:35,Wattay International Airport,VTE,2024-07-15 12:50,75,THAI,Premium Economy,75,,,194,Y,Y,Y,1,7,1,35,Monday,False,False,False,Wattay International Airport,VTE
Suvarnabhumi Airport,BKK,2024-07-15 18:25,Wattay International Airport,VTE,2024-07-15 19:45,80,THAI,Premium Economy,80,,,194,Y,Y,Y,1,7,1,35,Monday,False,False,False,Wattay International Airport,VTE
Suvarnabhumi Airport,BKK,2024-07-15 02:10,Shanghai Pudong International Airport,PVG,2024-07-15 07:30,260,China Eastern,Premium Economy,1210,710.0,,496,Y,Y,Y,1,8,1,23,Monday,False,False,False,Wattay International Airport,VTE
Suvarnabhumi Airport,BKK,2024-07-16 11:35,Wattay International Airport,VTE,2024-07-16 12:50,75,THAI,Premium Economy,75,,,194,Y,Y,Y,1,7,1,35,Tuesday,False,False,False,Wattay International Airport,VTE
Suvarnabhumi Airport,BKK,2024-07-16 18:25,Wattay International Airport,VTE,2024-07-16 19:45,80,THAI,Premium Economy,80,,,194,Y,Y,Y,1,7,1,35,Tuesday,False,False,False,Wattay International Airport,VTE
Suvarnabhumi Airport,BKK,2024-07-16 19:05,Guangzhou Baiyun International Airport,CAN,2024-07-16 22:50,165,China Southern,Premium Economy,1385,1065.0,True,535,Y,Y,Y,1,8,1,23,Tuesday,False,False,False,Wattay International Airport,VTE
Suvarnabhumi Airport,BKK,2024-07-16 13:35,Shanghai Pudong International Airport,PVG,2024-07-16 19:00,265,China Eastern,Premium Economy,1965,1460.0,True,789,Y,Y,Y,1,8,1,23,Tuesday,False,False,False,Wattay International Airport,VTE
Suvarnabhumi Airport,BKK,2024-07-17 11:35,Wattay International Airport,VTE,2024-07-17 12:50,75,THAI,Premium Economy,75,,,194,Y,Y,Y,1,7,1,35,Wednesday,False,False,False,Wattay International Airport,VTE
Suvarnabhumi Airport,BKK,2024-07-17 18:25,Wattay International Airport,VTE,2024-07-17 19:45,80,THAI,Premium Economy,80,,,194,Y,Y,Y,1,7,1,35,Wednesday,False,False,False,Wattay International Airport,VTE
Suvarnabhumi Airport,BKK,2024-07-17 13:35,Shanghai Pudong International Airport,PVG,2024-07-17 19:00,265,China Eastern,Premium Economy,1965,1460.0,True,496,Y,Y,Y,1,8,1,23,Wednesday,False,False,False,Wattay International Airport,VTE
Suvarnabhumi Airport,BKK,2024-07-18 11:35,Wattay International Airport,VTE,2024-07-18 12:50,75,THAI,Premium Economy,75,,,194,Y,Y,Y,1,7,1,35,Thursday,False,False,False,Wattay International Airport,VTE
Suvarnabhumi Airport,BKK,2024-07-18 18:25,Wattay International Airport,VTE,2024-07-18 19:45,80,THAI,Premium Economy,80,,,194,Y,Y,Y,1,7,1,35,Thursday,False,False,False,Wattay International Airport,VTE
Suvarnabhumi Airport,BKK,2024-07-18 19:05,Guangzhou Baiyun International Airport,CAN,2024-07-18 22:50,165,China Southern,Premium Economy,1385,1065.0,True,535,Y,Y,Y,1,8,1,23,Thursday,False,False,False,Wattay International Airport,VTE
Suvarnabhumi Airport,BKK,2024-07-18 13:35,Shanghai Pudong International Airport,PVG,2024-07-18 18:55,260,China Eastern,Premium Economy,1965,1465.0,True,789,Y,Y,Y,1,8,1,23,Thursday,False,False,False,Wattay International Airport,VTE
Suvarnabhumi Airport,BKK,2024-07-19 11:35,Wattay International Airport,VTE,2024-07-19 12:50,75,THAI,Premium Economy,75,,,194,Y,Y,Y,1,7,1,35,Friday,False,False,False,Wattay International Airport,VTE
Suvarnabhumi Airport,BKK,2024-07-19 18:25,Wattay International Airport,VTE,2024-07-19 19:45,80,THAI,Premium Economy,80,,,194,Y,Y,Y,1,7,1,35,Friday,False,False,False,Wattay International Airport,VTE
Suvarnabhumi Airport,BKK,2024-07-19 13:35,Shanghai Pudong International Airport,PVG,2024-07-19 19:00,265,China Eastern,Premium Economy,1965,1460.0,True,789,Y,Y,Y,1,8,1,23,Friday,False,False,False,Wattay International Airport,VTE
Suvarnabhumi Airport,BKK,2024-07-20 11:35,Wattay International Airport,VTE,2024-07-20 12:50,75,THAI,Premium Economy,75,,,194,Y,Y,Y,1,7,1,35,Saturday,True,True,False,Wattay International Airport,VTE
Suvarnabhumi Airport,BKK,2024-07-20 18:25,Wattay International Airport,VTE,2024-07-20 19:45,80,THAI,Premium Economy,80,,,194,Y,Y,Y,1,7,1,35,Saturday,True,True,False,Wattay International Airport,VTE
Suvarnabhumi Airport,BKK,2024-07-20 19:05,Guangzhou Baiyun International Airport,CAN,2024-07-20 22:50,165,China Southern,Premium Economy,1385,1065.0,True,535,Y,Y,Y,1,8,1,23,Saturday,True,True,False,Wattay International Airport,VTE
Suvarnabhumi Airport,BKK,2024-07-20 02:10,Shanghai Pudong International Airport,PVG,2024-07-20 07:30,260,China Eastern,Premium Economy,1210,710.0,,789,Y,Y,Y,1,8,1,23,Saturday,True,True,False,Wattay International Airport,VTE
Suvarnabhumi Airport,BKK,2024-07-21 11:35,Wattay International Airport,VTE,2024-07-21 12:50,75,THAI,Premium Economy,75,,,194,Y,Y,Y,1,7,1,35,Sunday,False,False,False,Wattay International Airport,VTE
Suvarnabhumi Airport,BKK,2024-07-21 18:25,Wattay International Airport,VTE,2024-07-21 19:45,80,THAI,Premium Economy,80,,,194,Y,Y,Y,1,7,1,35,Sunday,False,False,False,Wattay International Airport,VTE
Suvarnabhumi Airport,BKK,2024-07-21 02:10,Shanghai Pudong International Airport,PVG,2024-07-21 07:30,260,China Eastern,Premium Economy,1210,710.0,,780,Y,Y,Y,1,8,1,23,Sunday,False,False,False,Wattay International Airport,VTE
Suvarnabhumi Airport,BKK,2024-07-22 11:35,Wattay International Airport,VTE,2024-07-22 12:50,75,THAI,Premium Economy,75,,,194,Y,Y,Y,1,7,1,35,Monday,True,False,False,Wattay International Airport,VTE
Suvarnabhumi Airport,BKK,2024-07-22 18:25,Wattay International Airport,VTE,2024-07-22 19:45,80,THAI,Premium Economy,80,,,194,Y,Y,Y,1,7,1,35,Monday,True,False,False,Wattay International Airport,VTE
Suvarnabhumi Airport,BKK,2024-07-22 13:35,Shanghai Pudong International Airport,PVG,2024-07-22 18:55,260,China Eastern,Premium Economy,1965,1465.0,True,904,Y,Y,Y,1,8,1,23,Monday,True,False,False,Wattay International Airport,VTE
Suvarnabhumi Airport,BKK,2024-07-23 11:35,Wattay International Airport,VTE,2024-07-23 12:50,75,THAI,Premium Economy,75,,,194,Y,Y,Y,1,7,1,35,Tuesday,False,False,False,Wattay International Airport,VTE
Suvarnabhumi Airport,BKK,2024-07-23 18:25,Wattay International Airport,VTE,2024-07-23 19:45,80,THAI,Premium Economy,80,,,194,Y,Y,Y,1,7,1,35,Tuesday,False,False,False,Wattay International Airport,VTE
Suvarnabhumi Airport,BKK,2024-07-23 19:05,Guangzhou Baiyun International Airport,CAN,2024-07-23 22:50,165,China Southern,Premium Economy,1385,1065.0,True,559,Y,Y,Y,1,8,1,23,Tuesday,False,False,False,Wattay International Airport,VTE
Suvarnabhumi Airport,BKK,2024-07-23 13:35,Shanghai Pudong International Airport,PVG,2024-07-23 19:00,265,China Eastern,Premium Economy,1965,1460.0,True,844,Y,Y,Y,1,8,1,23,Tuesday,False,False,False,Wattay International Airport,VTE
Suvarnabhumi Airport,BKK,2024-07-24 11:35,Wattay International Airport,VTE,2024-07-24 12:50,75,THAI,Premium Economy,75,,,194,Y,Y,Y,1,7,1,35,Wednesday,False,False,False,Wattay International Airport,VTE
Suvarnabhumi Airport,BKK,2024-07-24 18:25,Wattay International Airport,VTE,2024-07-24 19:45,80,THAI,Premium Economy,80,,,194,Y,Y,Y,1,7,1,35,Wednesday,False,False,False,Wattay International Airport,VTE
Suvarnabhumi Airport,BKK,2024-07-24 13:35,Shanghai Pudong International Airport,PVG,2024-07-24 19:00,265,China Eastern,Premium Economy,1965,1460.0,True,844,Y,Y,Y,1,8,1,23,Wednesday,False,False,False,Wattay International Airport,VTE
Suvarnabhumi Airport,BKK,2024-07-25 11:35,Wattay International Airport,VTE,2024-07-25 12:50,75,THAI,Premium Economy,75,,,194,Y,Y,Y,1,7,1,35,Thursday,False,False,False,Wattay International Airport,VTE
Suvarnabhumi Airport,BKK,2024-07-25 18:25,Wattay International Airport,VTE,2024-07-25 19:45,80,THAI,Premium Economy,80,,,194,Y,Y,Y,1,7,1,35,Thursday,False,False,False,Wattay International Airport,VTE
Suvarnabhumi Airport,BKK,2024-07-25 19:05,Guangzhou Baiyun International Airport,CAN,2024-07-25 22:50,165,China Southern,Premium Economy,1385,1065.0,True,535,Y,Y,Y,1,8,1,23,Thursday,False,False,False,Wattay International Airport,VTE
Suvarnabhumi Airport,BKK,2024-07-25 13:35,Shanghai Pudong International Airport,PVG,2024-07-25 18:55,260,China Eastern,Premium Economy,1965,1465.0,True,844,Y,Y,Y,1,8,1,23,Thursday,False,False,False,Wattay International Airport,VTE
Suvarnabhumi Airport,BKK,2024-07-26 11:35,Wattay International Airport,VTE,2024-07-26 12:50,75,THAI,Premium Economy,75,,,194,Y,Y,Y,1,7,1,35,Friday,False,False,False,Wattay International Airport,VTE
Suvarnabhumi Airport,BKK,2024-07-26 18:25,Wattay International Airport,VTE,2024-07-26 19:45,80,THAI,Premium Economy,80,,,194,Y,Y,Y,1,7,1,35,Friday,False,False,False,Wattay International Airport,VTE
Suvarnabhumi Airport,BKK,2024-07-26 13:35,Shanghai Pudong International Airport,PVG,2024-07-26 19:00,265,China Eastern,Premium Economy,1965,1460.0,True,844,Y,Y,Y,1,8,1,23,Friday,False,False,False,Wattay International Airport,VTE
Suvarnabhumi Airport,BKK,2024-07-27 11:35,Wattay International Airport,VTE,2024-07-27 12:50,75,THAI,Premium Economy,75,,,194,Y,Y,Y,1,7,1,35,Saturday,False,False,False,Wattay International Airport,VTE
Suvarnabhumi Airport,BKK,2024-07-27 18:25,Wattay International Airport,VTE,2024-07-27 19:45,80,THAI,Premium Economy,80,,,194,Y,Y,Y,1,7,1,35,Saturday,False,False,False,Wattay International Airport,VTE
Suvarnabhumi Airport,BKK,2024-07-27 19:05,Guangzhou Baiyun International Airport,CAN,2024-07-27 22:50,165,China Southern,Premium Economy,1385,1065.0,True,535,Y,Y,Y,1,8,1,23,Saturday,False,False,False,Wattay International Airport,VTE
Suvarnabhumi Airport,BKK,2024-07-27 13:35,Shanghai Pudong International Airport,PVG,2024-07-27 19:00,265,China Eastern,Premium Economy,1965,1460.0,True,904,Y,Y,Y,1,8,1,23,Saturday,False,False,False,Wattay International Airport,VTE
Suvarnabhumi Airport,BKK,2024-07-28 11:35,Wattay International Airport,VTE,2024-07-28 12:50,75,THAI,Premium Economy,75,,,194,Y,Y,Y,1,7,1,35,Sunday,True,False,False,Wattay International Airport,VTE
Suvarnabhumi Airport,BKK,2024-07-28 13:35,Shanghai Pudong International Airport,PVG,2024-07-28 18:55,260,China Eastern,Premium Economy,1965,1465.0,True,904,Y,Y,Y,1,8,1,23,Sunday,True,False,False,Wattay International Airport,VTE
Suvarnabhumi Airport,BKK,2024-07-29 11:35,Wattay International Airport,VTE,2024-07-29 12:50,75,THAI,Premium Economy,75,,,194,Y,Y,Y,1,7,1,35,Monday,True,False,False,Wattay International Airport,VTE
Suvarnabhumi Airport,BKK,2024-07-29 18:25,Wattay International Airport,VTE,2024-07-29 19:45,80,THAI,Premium Economy,80,,,194,Y,Y,Y,1,7,1,35,Monday,True,False,False,Wattay International Airport,VTE
Suvarnabhumi Airport,BKK,2024-07-29 13:35,Shanghai Pudong International Airport,PVG,2024-07-29 18:55,260,China Eastern,Premium Economy,1965,1465.0,True,904,Y,Y,Y,1,8,1,23,Monday,True,False,False,Wattay International Airport,VTE
Suvarnabhumi Airport,BKK,2024-07-30 11:35,Wattay International Airport,VTE,2024-07-30 12:50,75,THAI,Premium Economy,75,,,194,Y,Y,Y,1,7,1,35,Tuesday,False,False,False,Wattay International Airport,VTE
Suvarnabhumi Airport,BKK,2024-07-30 18:25,Wattay International Airport,VTE,2024-07-30 19:45,80,THAI,Premium Economy,80,,,194,Y,Y,Y,1,7,1,35,Tuesday,False,False,False,Wattay International Airport,VTE
Suvarnabhumi Airport,BKK,2024-07-30 19:05,Guangzhou Baiyun International Airport,CAN,2024-07-30 22:50,165,China Southern,Premium Economy,1385,1065.0,True,535,Y,Y,Y,1,8,1,23,Tuesday,False,False,False,Wattay International Airport,VTE
Suvarnabhumi Airport,BKK,2024-07-30 13:35,Shanghai Pudong International Airport,PVG,2024-07-30 19:00,265,China Eastern,Premium Economy,1965,1460.0,True,626,Y,Y,Y,1,8,1,23,Tuesday,False,False,False,Wattay International Airport,VTE
Suvarnabhumi Airport,BKK,2024-07-31 11:35,Wattay International Airport,VTE,2024-07-31 12:50,75,THAI,Premium Economy,75,,,194,Y,Y,Y,1,7,1,35,Wednesday,False,False,False,Wattay International Airport,VTE
Suvarnabhumi Airport,BKK,2024-07-31 13:35,Shanghai Pudong International Airport,PVG,2024-07-31 19:00,265,China Eastern,Premium Economy,1965,1460.0,True,844,Y,Y,Y,1,8,1,23,Wednesday,False,False,False,Wattay International Airport,VTE
Suvarnabhumi Airport,BKK,2024-08-01 11:25,Wattay International Airport,VTE,2024-08-01 12:40,75,THAI,Premium Economy,75,,,252,Y,Y,Y,1,7,1,35,Thursday,False,False,False,Wattay International Airport,VTE
Suvarnabhumi Airport,BKK,2024-08-01 18:25,Wattay International Airport,VTE,2024-08-01 19:45,80,THAI,Premium Economy,80,,,252,Y,Y,Y,1,7,1,35,Thursday,False,False,False,Wattay International Airport,VTE
Suvarnabhumi Airport,BKK,2024-08-01 19:05,Guangzhou Baiyun International Airport,CAN,2024-08-01 22:50,165,China Southern,Premium Economy,1385,1065.0,True,564,Y,Y,Y,1,8,1,23,Thursday,False,False,False,Wattay International Airport,VTE
Suvarnabhumi Airport,BKK,2024-08-01 13:35,Shanghai Pudong International Airport,PVG,2024-08-01 18:55,260,China Eastern,Premium Economy,1965,1465.0,True,909,Y,Y,Y,1,8,1,23,Thursday,False,False,False,Wattay International Airport,VTE
Suvarnabhumi Airport,BKK,2024-08-02 11:25,Wattay International Airport,VTE,2024-08-02 12:40,75,THAI,Premium Economy,75,,,252,Y,Y,Y,1,7,1,35,Friday,False,False,False,Wattay International Airport,VTE
Suvarnabhumi Airport,BKK,2024-08-02 18:25,Wattay International Airport,VTE,2024-08-02 19:45,80,THAI,Premium Economy,80,,,252,Y,Y,Y,1,7,1,35,Friday,False,False,False,Wattay International Airport,VTE
Suvarnabhumi Airport,BKK,2024-08-02 13:35,Shanghai Pudong International Airport,PVG,2024-08-02 19:00,265,China Eastern,Premium Economy,1965,1460.0,True,909,Y,Y,Y,1,8,1,23,Friday,False,False,False,Wattay International Airport,VTE
Suvarnabhumi Airport,BKK,2024-08-03 11:25,Wattay International Airport,VTE,2024-08-03 12:40,75,THAI,Premium Economy,75,,,252,Y,Y,Y,1,7,1,35,Saturday,False,False,False,Wattay International Airport,VTE
Suvarnabhumi Airport,BKK,2024-08-03 19:05,Guangzhou Baiyun International Airport,CAN,2024-08-03 22:50,165,China Southern,Premium Economy,1385,1065.0,True,564,Y,Y,Y,1,8,1,23,Saturday,False,False,False,Wattay International Airport,VTE
Suvarnabhumi Airport,BKK,2024-08-03 13:35,Shanghai Pudong International Airport,PVG,2024-08-03 19:00,265,China Eastern,Premium Economy,1965,1460.0,True,909,Y,Y,Y,1,8,1,23,Saturday,False,False,False,Wattay International Airport,VTE
Suvarnabhumi Airport,BKK,2024-08-04 11:25,Wattay International Airport,VTE,2024-08-04 12:40,75,THAI,Premium Economy,75,,,252,Y,Y,Y,1,7,1,35,Sunday,False,False,False,Wattay International Airport,VTE
Suvarnabhumi Airport,BKK,2024-08-04 18:25,Wattay International Airport,VTE,2024-08-04 19:45,80,THAI,Premium Economy,80,,,252,Y,Y,Y,1,7,1,35,Sunday,False,False,False,Wattay International Airport,VTE
Suvarnabhumi Airport,BKK,2024-08-04 13:35,Shanghai Pudong International Airport,PVG,2024-08-04 18:55,260,China Eastern,Premium Economy,1965,1465.0,True,909,Y,Y,Y,1,8,1,23,Sunday,False,False,False,Wattay International Airport,VTE
Suvarnabhumi Airport,BKK,2024-08-05 11:25,Wattay International Airport,VTE,2024-08-05 12:40,75,THAI,Premium Economy,75,,,252,Y,Y,Y,1,7,1,35,Monday,False,False,False,Wattay International Airport,VTE
Suvarnabhumi Airport,BKK,2024-08-05 18:25,Wattay International Airport,VTE,2024-08-05 19:45,80,THAI,Premium Economy,80,,,252,Y,Y,Y,1,7,1,35,Monday,False,False,False,Wattay International Airport,VTE
Suvarnabhumi Airport,BKK,2024-08-05 13:35,Shanghai Pudong International Airport,PVG,2024-08-05 18:55,260,China Eastern,Premium Economy,1965,1465.0,True,504,Y,Y,Y,1,8,1,23,Monday,False,False,False,Wattay International Airport,VTE
Suvarnabhumi Airport,BKK,2024-08-06 11:25,Wattay International Airport,VTE,2024-08-06 12:40,75,THAI,Premium Economy,75,,,252,Y,Y,Y,1,7,1,35,Tuesday,False,False,False,Wattay International Airport,VTE
Suvarnabhumi Airport,BKK,2024-08-06 19:05,Guangzhou Baiyun International Airport,CAN,2024-08-06 22:50,165,China Southern,Premium Economy,1385,1065.0,True,564,Y,Y,Y,1,8,1,23,Tuesday,False,False,False,Wattay International Airport,VTE
Suvarnabhumi Airport,BKK,2024-08-06 13:35,Shanghai Pudong International Airport,PVG,2024-08-06 19:00,265,China Eastern,Premium Economy,1965,1460.0,True,909,Y,Y,Y,1,8,1,23,Tuesday,False,False,False,Wattay International Airport,VTE
Suvarnabhumi Airport,BKK,2024-08-07 11:25,Wattay International Airport,VTE,2024-08-07 12:40,75,THAI,Premium Economy,75,,,252,Y,Y,Y,1,7,1,35,Wednesday,False,False,False,Wattay International Airport,VTE
Suvarnabhumi Airport,BKK,2024-08-07 18:25,Wattay International Airport,VTE,2024-08-07 19:45,80,THAI,Premium Economy,80,,,252,Y,Y,Y,1,7,1,35,Wednesday,False,False,False,Wattay International Airport,VTE
Suvarnabhumi Airport,BKK,2024-08-07 13:35,Shanghai Pudong International Airport,PVG,2024-08-07 19:00,265,China Eastern,Premium Economy,1965,1460.0,True,909,Y,Y,Y,1,8,1,23,Wednesday,False,False,False,Wattay International Airport,VTE
Suvarnabhumi Airport,BKK,2024-08-08 11:25,Wattay International Airport,VTE,2024-08-08 12:40,75,THAI,Premium Economy,75,,,252,Y,Y,Y,1,7,1,35,Thursday,False,False,False,Wattay International Airport,VTE
Suvarnabhumi Airport,BKK,2024-08-08 18:25,Wattay International Airport,VTE,2024-08-08 19:45,80,THAI,Premium Economy,80,,,252,Y,Y,Y,1,7,1,35,Thursday,False,False,False,Wattay International Airport,VTE
Suvarnabhumi Airport,BKK,2024-08-08 19:05,Guangzhou Baiyun International Airport,CAN,2024-08-08 22:50,165,China Southern,Premium Economy,1385,1065.0,True,564,Y,Y,Y,1,8,1,23,Thursday,False,False,False,Wattay International Airport,VTE
Suvarnabhumi Airport,BKK,2024-08-08 13:35,Shanghai Pudong International Airport,PVG,2024-08-08 18:55,260,China Eastern,Premium Economy,1965,1465.0,True,909,Y,Y,Y,1,8,1,23,Thursday,False,False,False,Wattay International Airport,VTE
Suvarnabhumi Airport,BKK,2024-08-09 11:25,Wattay International Airport,VTE,2024-08-09 12:40,75,THAI,Premium Economy,75,,,252,Y,Y,Y,1,7,1,35,Friday,False,False,False,Wattay International Airport,VTE
Suvarnabhumi Airport,BKK,2024-08-09 18:25,Wattay International Airport,VTE,2024-08-09 19:45,80,THAI,Premium Economy,80,,,252,Y,Y,Y,1,7,1,35,Friday,False,False,False,Wattay International Airport,VTE
Suvarnabhumi Airport,BKK,2024-08-09 13:35,Shanghai Pudong International Airport,PVG,2024-08-09 19:00,265,China Eastern,Premium Economy,1965,1460.0,True,504,Y,Y,Y,1,8,1,23,Friday,False,False,False,Wattay International Airport,VTE
Suvarnabhumi Airport,BKK,2024-08-10 11:25,Wattay International Airport,VTE,2024-08-10 12:40,75,THAI,Premium Economy,75,,,252,Y,Y,Y,1,7,1,35,Saturday,False,False,False,Wattay International Airport,VTE
Suvarnabhumi Airport,BKK,2024-08-10 18:25,Wattay International Airport,VTE,2024-08-10 19:45,80,THAI,Premium Economy,80,,,252,Y,Y,Y,1,7,1,35,Saturday,False,False,False,Wattay International Airport,VTE
Suvarnabhumi Airport,BKK,2024-08-10 19:05,Guangzhou Baiyun International Airport,CAN,2024-08-10 22:50,165,China Southern,Premium Economy,1385,1065.0,True,564,Y,Y,Y,1,8,1,23,Saturday,False,False,False,Wattay International Airport,VTE
Suvarnabhumi Airport,BKK,2024-08-10 13:35,Shanghai Pudong International Airport,PVG,2024-08-10 19:00,265,China Eastern,Premium Economy,1965,1460.0,True,909,Y,Y,Y,1,8,1,23,Saturday,False,False,False,Wattay International Airport,VTE
Suvarnabhumi Airport,BKK,2024-08-11 11:25,Wattay International Airport,VTE,2024-08-11 12:40,75,THAI,Premium Economy,75,,,252,Y,Y,Y,1,7,1,35,Sunday,False,False,False,Wattay International Airport,VTE
Suvarnabhumi Airport,BKK,2024-08-11 18:25,Wattay International Airport,VTE,2024-08-11 19:45,80,THAI,Premium Economy,80,,,252,Y,Y,Y,1,7,1,35,Sunday,False,False,False,Wattay International Airport,VTE
Suvarnabhumi Airport,BKK,2024-08-11 13:35,Shanghai Pudong International Airport,PVG,2024-08-11 18:55,260,China Eastern,Premium Economy,1965,1465.0,True,909,Y,Y,Y,1,8,1,23,Sunday,False,False,False,Wattay International Airport,VTE
Suvarnabhumi Airport,BKK,2024-08-12 18:25,Wattay International Airport,VTE,2024-08-12 19:45,80,THAI,Premium Economy,80,,,252,Y,Y,Y,1,7,1,35,Monday,True,False,False,Wattay International Airport,VTE
Suvarnabhumi Airport,BKK,2024-08-12 13:35,Shanghai Pudong International Airport,PVG,2024-08-12 18:55,260,China Eastern,Premium Economy,1965,1465.0,True,504,Y,Y,Y,1,8,1,23,Monday,True,False,False,Wattay International Airport,VTE
Suvarnabhumi Airport,BKK,2024-08-13 11:25,Wattay International Airport,VTE,2024-08-13 12:40,75,THAI,Premium Economy,75,,,252,Y,Y,Y,1,7,1,35,Tuesday,False,False,False,Wattay International Airport,VTE
Suvarnabhumi Airport,BKK,2024-08-13 18:25,Wattay International Airport,VTE,2024-08-13 19:45,80,THAI,Premium Economy,80,,,252,Y,Y,Y,1,7,1,35,Tuesday,False,False,False,Wattay International Airport,VTE
Suvarnabhumi Airport,BKK,2024-08-13 19:05,Guangzhou Baiyun International Airport,CAN,2024-08-13 22:50,165,China Southern,Premium Economy,1385,1065.0,True,564,Y,Y,Y,1,8,1,23,Tuesday,False,False,False,Wattay International Airport,VTE
Suvarnabhumi Airport,BKK,2024-08-13 13:35,Shanghai Pudong International Airport,PVG,2024-08-13 19:00,265,China Eastern,Premium Economy,1965,1460.0,True,909,Y,Y,Y,1,8,1,23,Tuesday,False,False,False,Wattay International Airport,VTE
Suvarnabhumi Airport,BKK,2024-08-14 11:25,Wattay International Airport,VTE,2024-08-14 12:40,75,THAI,Premium Economy,75,,,252,Y,Y,Y,1,7,1,35,Wednesday,False,False,False,Wattay International Airport,VTE
Suvarnabhumi Airport,BKK,2024-08-14 18:25,Wattay International Airport,VTE,2024-08-14 19:45,80,THAI,Premium Economy,80,,,252,Y,Y,Y,1,7,1,35,Wednesday,False,False,False,Wattay International Airport,VTE
Suvarnabhumi Airport,BKK,2024-08-14 13:35,Shanghai Pudong International Airport,PVG,2024-08-14 19:00,265,China Eastern,Premium Economy,1965,1460.0,True,792,Y,Y,Y,1,8,1,23,Wednesday,False,False,False,Wattay International Airport,VTE
Suvarnabhumi Airport,BKK,2024-08-15 11:25,Wattay International Airport,VTE,2024-08-15 12:40,75,THAI,Premium Economy,75,,,252,Y,Y,Y,1,7,1,35,Thursday,False,False,False,Wattay International Airport,VTE
Suvarnabhumi Airport,BKK,2024-08-15 18:25,Wattay International Airport,VTE,2024-08-15 19:45,80,THAI,Premium Economy,80,,,252,Y,Y,Y,1,7,1,35,Thursday,False,False,False,Wattay International Airport,VTE
Suvarnabhumi Airport,BKK,2024-08-15 19:05,Guangzhou Baiyun International Airport,CAN,2024-08-15 22:50,165,China Southern,Premium Economy,1385,1065.0,True,564,Y,Y,Y,1,8,1,23,Thursday,False,False,False,Wattay International Airport,VTE
Suvarnabhumi Airport,BKK,2024-08-16 11:25,Wattay International Airport,VTE,2024-08-16 12:40,75,THAI,Premium Economy,75,,,252,Y,Y,Y,1,7,1,35,Friday,False,False,False,Wattay International Airport,VTE
Suvarnabhumi Airport,BKK,2024-08-16 18:25,Wattay International Airport,VTE,2024-08-16 19:45,80,THAI,Premium Economy,80,,,252,Y,Y,Y,1,7,1,35,Friday,False,False,False,Wattay International Airport,VTE
Suvarnabhumi Airport,BKK,2024-08-16 13:35,Shanghai Pudong International Airport,PVG,2024-08-16 19:00,265,China Eastern,Premium Economy,1965,1460.0,True,792,Y,Y,Y,1,8,1,23,Friday,False,False,False,Wattay International Airport,VTE
Suvarnabhumi Airport,BKK,2024-08-17 11:25,Wattay International Airport,VTE,2024-08-17 12:40,75,THAI,Premium Economy,75,,,252,Y,Y,Y,1,7,1,35,Saturday,False,False,False,Wattay International Airport,VTE
Suvarnabhumi Airport,BKK,2024-08-17 19:05,Guangzhou Baiyun International Airport,CAN,2024-08-17 22:50,165,China Southern,Premium Economy,1385,1065.0,True,564,Y,Y,Y,1,8,1,23,Saturday,False,False,False,Wattay International Airport,VTE
Suvarnabhumi Airport,BKK,2024-08-17 13:35,Shanghai Pudong International Airport,PVG,2024-08-17 19:00,265,China Eastern,Premium Economy,1965,1460.0,True,857,Y,Y,Y,1,8,1,23,Saturday,False,False,False,Wattay International Airport,VTE
Suvarnabhumi Airport,BKK,2024-08-18 11:25,Wattay International Airport,VTE,2024-08-18 12:40,75,THAI,Premium Economy,75,,,252,Y,Y,Y,1,7,1,35,Sunday,False,False,False,Wattay International Airport,VTE
Suvarnabhumi Airport,BKK,2024-08-18 18:25,Wattay International Airport,VTE,2024-08-18 19:45,80,THAI,Premium Economy,80,,,252,Y,Y,Y,1,7,1,35,Sunday,False,False,False,Wattay International Airport,VTE
Suvarnabhumi Airport,BKK,2024-08-18 13:35,Shanghai Pudong International Airport,PVG,2024-08-18 18:55,260,China Eastern,Premium Economy,1965,1465.0,True,792,Y,Y,Y,1,8,1,23,Sunday,False,False,False,Wattay International Airport,VTE
Suvarnabhumi Airport,BKK,2024-08-19 11:25,Wattay International Airport,VTE,2024-08-19 12:40,75,THAI,Premium Economy,75,,,252,Y,Y,Y,1,7,1,35,Monday,False,False,False,Wattay International Airport,VTE
Suvarnabhumi Airport,BKK,2024-08-19 18:25,Wattay International Airport,VTE,2024-08-19 19:45,80,THAI,Premium Economy,80,,,252,Y,Y,Y,1,7,1,35,Monday,False,False,False,Wattay International Airport,VTE
Suvarnabhumi Airport,BKK,2024-08-19 13:35,Shanghai Pudong International Airport,PVG,2024-08-19 18:55,260,China Eastern,Premium Economy,1965,1465.0,True,792,Y,Y,Y,1,8,1,23,Monday,False,False,False,Wattay International Airport,VTE
Suvarnabhumi Airport,BKK,2024-08-20 11:25,Wattay International Airport,VTE,2024-08-20 12:40,75,THAI,Premium Economy,75,,,252,Y,Y,Y,1,7,1,35,Tuesday,False,False,False,Wattay International Airport,VTE
Suvarnabhumi Airport,BKK,2024-08-20 18:25,Wattay International Airport,VTE,2024-08-20 19:45,80,THAI,Premium Economy,80,,,252,Y,Y,Y,1,7,1,35,Tuesday,False,False,False,Wattay International Airport,VTE
Suvarnabhumi Airport,BKK,2024-08-20 19:05,Guangzhou Baiyun International Airport,CAN,2024-08-20 22:50,165,China Southern,Premium Economy,1385,1065.0,True,564,Y,Y,Y,1,8,1,23,Tuesday,False,False,False,Wattay International Airport,VTE
Suvarnabhumi Airport,BKK,2024-08-20 13:35,Shanghai Pudong International Airport,PVG,2024-08-20 19:00,265,China Eastern,Premium Economy,1965,1460.0,True,764,Y,Y,Y,1,8,1,23,Tuesday,False,False,False,Wattay International Airport,VTE
Suvarnabhumi Airport,BKK,2024-08-21 11:25,Wattay International Airport,VTE,2024-08-21 12:40,75,THAI,Premium Economy,75,,,252,Y,Y,Y,1,7,1,35,Wednesday,False,False,False,Wattay International Airport,VTE
Suvarnabhumi Airport,BKK,2024-08-21 18:25,Wattay International Airport,VTE,2024-08-21 19:45,80,THAI,Premium Economy,80,,,252,Y,Y,Y,1,7,1,35,Wednesday,False,False,False,Wattay International Airport,VTE
Suvarnabhumi Airport,BKK,2024-08-21 13:35,Shanghai Pudong International Airport,PVG,2024-08-21 19:00,265,China Eastern,Premium Economy,1965,1460.0,True,764,Y,Y,Y,1,8,1,23,Wednesday,False,False,False,Wattay International Airport,VTE
Suvarnabhumi Airport,BKK,2024-08-22 11:25,Wattay International Airport,VTE,2024-08-22 12:40,75,THAI,Premium Economy,75,,,252,Y,Y,Y,1,7,1,35,Thursday,False,False,False,Wattay International Airport,VTE
Suvarnabhumi Airport,BKK,2024-08-22 18:25,Wattay International Airport,VTE,2024-08-22 19:45,80,THAI,Premium Economy,80,,,252,Y,Y,Y,1,7,1,35,Thursday,False,False,False,Wattay International Airport,VTE
Suvarnabhumi Airport,BKK,2024-08-22 19:05,Guangzhou Baiyun International Airport,CAN,2024-08-22 22:50,165,China Southern,Premium Economy,1385,1065.0,True,564,Y,Y,Y,1,8,1,23,Thursday,False,False,False,Wattay International Airport,VTE
Suvarnabhumi Airport,BKK,2024-08-22 13:35,Shanghai Pudong International Airport,PVG,2024-08-22 18:55,260,China Eastern,Premium Economy,1965,1465.0,True,764,Y,Y,Y,1,8,1,23,Thursday,False,False,False,Wattay International Airport,VTE
Suvarnabhumi Airport,BKK,2024-08-23 11:25,Wattay International Airport,VTE,2024-08-23 12:40,75,THAI,Premium Economy,75,,,252,Y,Y,Y,1,7,1,35,Friday,False,False,False,Wattay International Airport,VTE
Suvarnabhumi Airport,BKK,2024-08-23 18:25,Wattay International Airport,VTE,2024-08-23 19:45,80,THAI,Premium Economy,80,,,252,Y,Y,Y,1,7,1,35,Friday,False,False,False,Wattay International Airport,VTE
Suvarnabhumi Airport,BKK,2024-08-23 13:35,Shanghai Pudong International Airport,PVG,2024-08-23 19:00,265,China Eastern,Premium Economy,1965,1460.0,True,764,Y,Y,Y,1,8,1,23,Friday,False,False,False,Wattay International Airport,VTE
Suvarnabhumi Airport,BKK,2024-08-24 11:25,Wattay International Airport,VTE,2024-08-24 12:40,75,THAI,Premium Economy,75,,,252,Y,Y,Y,1,7,1,35,Saturday,False,False,False,Wattay International Airport,VTE
Suvarnabhumi Airport,BKK,2024-08-24 18:25,Wattay International Airport,VTE,2024-08-24 19:45,80,THAI,Premium Economy,80,,,252,Y,Y,Y,1,7,1,35,Saturday,False,False,False,Wattay International Airport,VTE
Suvarnabhumi Airport,BKK,2024-08-24 19:05,Guangzhou Baiyun International Airport,CAN,2024-08-24 22:50,165,China Southern,Premium Economy,1385,1065.0,True,564,Y,Y,Y,1,8,1,23,Saturday,False,False,False,Wattay International Airport,VTE
Suvarnabhumi Airport,BKK,2024-08-24 13:35,Shanghai Pudong International Airport,PVG,2024-08-24 19:00,265,China Eastern,Premium Economy,1965,1460.0,True,764,Y,Y,Y,1,8,1,23,Saturday,False,False,False,Wattay International Airport,VTE
Suvarnabhumi Airport,BKK,2024-08-25 11:25,Wattay International Airport,VTE,2024-08-25 12:40,75,THAI,Premium Economy,75,,,252,Y,Y,Y,1,7,1,35,Sunday,False,False,False,Wattay International Airport,VTE
Suvarnabhumi Airport,BKK,2024-08-25 18:25,Wattay International Airport,VTE,2024-08-25 19:45,80,THAI,Premium Economy,80,,,252,Y,Y,Y,1,7,1,35,Sunday,False,False,False,Wattay International Airport,VTE
Suvarnabhumi Airport,BKK,2024-08-25 13:35,Shanghai Pudong International Airport,PVG,2024-08-25 18:55,260,China Eastern,Premium Economy,1965,1465.0,True,764,Y,Y,Y,1,8,1,23,Sunday,False,False,False,Wattay International Airport,VTE
Suvarnabhumi Airport,BKK,2024-08-26 11:25,Wattay International Airport,VTE,2024-08-26 12:40,75,THAI,Premium Economy,75,,,252,Y,Y,Y,1,7,1,35,Monday,False,False,False,Wattay International Airport,VTE
Suvarnabhumi Airport,BKK,2024-08-26 18:25,Wattay International Airport,VTE,2024-08-26 19:45,80,THAI,Premium Economy,80,,,252,Y,Y,Y,1,7,1,35,Monday,False,False,False,Wattay International Airport,VTE
Suvarnabhumi Airport,BKK,2024-08-26 13:35,Shanghai Pudong International Airport,PVG,2024-08-26 18:55,260,China Eastern,Premium Economy,1965,1465.0,True,764,Y,Y,Y,1,8,1,23,Monday,False,False,False,Wattay International Airport,VTE
Suvarnabhumi Airport,BKK,2024-08-27 11:25,Wattay International Airport,VTE,2024-08-27 12:40,75,THAI,Premium Economy,75,,,252,Y,Y,Y,1,7,1,35,Tuesday,False,False,False,Wattay International Airport,VTE
Suvarnabhumi Airport,BKK,2024-08-27 18:25,Wattay International Airport,VTE,2024-08-27 19:45,80,THAI,Premium Economy,80,,,252,Y,Y,Y,1,7,1,35,Tuesday,False,False,False,Wattay International Airport,VTE
Suvarnabhumi Airport,BKK,2024-08-27 19:05,Guangzhou Baiyun International Airport,CAN,2024-08-27 22:50,165,China Southern,Premium Economy,1385,1065.0,True,564,Y,Y,Y,1,8,1,23,Tuesday,False,False,False,Wattay International Airport,VTE
Suvarnabhumi Airport,BKK,2024-08-27 13:35,Shanghai Pudong International Airport,PVG,2024-08-27 19:00,265,China Eastern,Premium Economy,1965,1460.0,True,764,Y,Y,Y,1,8,1,23,Tuesday,False,False,False,Wattay International Airport,VTE
Suvarnabhumi Airport,BKK,2024-08-28 11:25,Wattay International Airport,VTE,2024-08-28 12:40,75,THAI,Premium Economy,75,,,252,Y,Y,Y,1,7,1,35,Wednesday,False,False,False,Wattay International Airport,VTE
Suvarnabhumi Airport,BKK,2024-08-28 18:25,Wattay International Airport,VTE,2024-08-28 19:45,80,THAI,Premium Economy,80,,,252,Y,Y,Y,1,7,1,35,Wednesday,False,False,False,Wattay International Airport,VTE
Suvarnabhumi Airport,BKK,2024-08-29 11:25,Wattay International Airport,VTE,2024-08-29 12:40,75,THAI,Premium Economy,75,,,252,Y,Y,Y,1,7,1,35,Thursday,False,False,False,Wattay International Airport,VTE
Suvarnabhumi Airport,BKK,2024-08-29 18:25,Wattay International Airport,VTE,2024-08-29 19:45,80,THAI,Premium Economy,80,,,252,Y,Y,Y,1,7,1,35,Thursday,False,False,False,Wattay International Airport,VTE
Suvarnabhumi Airport,BKK,2024-08-29 19:05,Guangzhou Baiyun International Airport,CAN,2024-08-29 22:50,165,China Southern,Premium Economy,1385,1065.0,True,564,Y,Y,Y,1,8,1,23,Thursday,False,False,False,Wattay International Airport,VTE
Suvarnabhumi Airport,BKK,2024-08-30 11:25,Wattay International Airport,VTE,2024-08-30 12:40,75,THAI,Premium Economy,75,,,252,Y,Y,Y,1,7,1,35,Friday,False,False,False,Wattay International Airport,VTE
Suvarnabhumi Airport,BKK,2024-08-30 18:25,Wattay International Airport,VTE,2024-08-30 19:45,80,THAI,Premium Economy,80,,,252,Y,Y,Y,1,7,1,35,Friday,False,False,False,Wattay International Airport,VTE
Suvarnabhumi Airport,BKK,2024-08-31 11:25,Wattay International Airport,VTE,2024-08-31 12:40,75,THAI,Premium Economy,75,,,252,Y,Y,Y,1,7,1,35,Saturday,False,False,False,Wattay International Airport,VTE
Suvarnabhumi Airport,BKK,2024-08-31 18:25,Wattay International Airport,VTE,2024-08-31 19:45,80,THAI,Premium Economy,80,,,252,Y,Y,Y,1,7,1,35,Saturday,False,False,False,Wattay International Airport,VTE
