Departure Airport Name,Departure Airport ID,Departure Time,Arrival Airport Name,Arrival Airport ID,Arrival Time,Duration,Airline,Travel Class,Total Duration,Layover 1 Duration,Layover 1 Overnight,Price, Cabin Baggage, Checked Baggage,Meal Included,Cabin Baggage (Number),Cabin Baggage (kg per piece),Checked Baggage (Number),Checked Baggage (kg per piece) ,Day of Week (on flight date),Departure Country Is Holiday,Arrival Country Is Holiday,Overnight Flight,Final Arrival Airport Name,Final Arrival Airport ID
Suvarnabhumi Airport,BKK,2024-07-01 11:55,Singapore Changi Airport,SIN,2024-07-01 15:25,150,Cathay Pacific,Premium Economy,150,,,326,Y,Y,Y,1,7,2,25,Monday,False,False,False,Singapore Changi Airport,SIN
Suvarnabhumi Airport,BKK,2024-07-01 03:15,Shenzhen Bao'an International Airport,SZX,2024-07-01 07:05,170,Shenzhen,Premium Economy,745,335.0,,506,Y,Y,Y,1,5,1,20,Monday,False,False,False,Singapore Changi Airport,SIN
Suvarnabhumi Airport,BKK,2024-07-01 22:50,Ninoy Aquino International Airport,MNL,2024-07-02 03:15,205,Philippine Airlines,Premium Economy,805,380.0,True,671,Y,Y,Y,1,7,1,35,Monday,False,False,True,Singapore Changi Airport,SIN
Suvarnabhumi Airport,BKK,2024-07-01 12:30,Hong Kong International Airport,HKG,2024-07-01 16:30,180,Cathay Pacific,Premium Economy,665,255.0,,2185,Y,Y,Y,1,7,2,25,Monday,False,False,False,Singapore Changi Airport,SIN
Suvarnabhumi Airport,BKK,2024-07-01 16:25,Hong Kong International Airport,HKG,2024-07-01 20:15,170,Cathay Pacific,Premium Economy,725,325.0,,2185,Y,Y,Y,1,7,2,25,Monday,False,False,False,Singapore Changi Airport,SIN
Suvarnabhumi Airport,BKK,2024-07-02 11:55,Singapore Changi Airport,SIN,2024-07-02 15:25,150,Cathay Pacific,Premium Economy,150,,,326,Y,Y,Y,1,7,2,25,Tuesday,False,False,False,Singapore Changi Airport,SIN
Suvarnabhumi Airport,BKK,2024-07-02 03:15,Shenzhen Bao'an International Airport,SZX,2024-07-02 07:05,170,Shenzhen,Premium Economy,745,335.0,,506,Y,Y,Y,1,5,1,20,Tuesday,False,False,False,Singapore Changi Airport,SIN
Suvarnabhumi Airport,BKK,2024-07-02 12:30,Hong Kong International Airport,HKG,2024-07-02 16:30,180,Cathay Pacific,Premium Economy,665,255.0,,2185,Y,Y,Y,1,7,2,25,Tuesday,False,False,False,Singapore Changi Airport,SIN
Suvarnabhumi Airport,BKK,2024-07-02 16:25,Hong Kong International Airport,HKG,2024-07-02 20:15,170,Cathay Pacific,Premium Economy,725,325.0,,2185,Y,Y,Y,1,7,2,25,Tuesday,False,False,False,Singapore Changi Airport,SIN
Suvarnabhumi Airport,BKK,2024-07-03 11:55,Singapore Changi Airport,SIN,2024-07-03 15:25,150,Cathay Pacific,Premium Economy,150,,,326,Y,Y,Y,1,7,2,25,Wednesday,False,False,False,Singapore Changi Airport,SIN
Suvarnabhumi Airport,BKK,2024-07-03 19:25,Shenzhen Bao'an International Airport,SZX,2024-07-03 23:25,180,Shenzhen,Premium Economy,875,465.0,True,398,Y,Y,Y,1,5,1,20,Wednesday,False,False,False,Singapore Changi Airport,SIN
Suvarnabhumi Airport,BKK,2024-07-03 16:25,Hong Kong International Airport,HKG,2024-07-03 20:15,170,Cathay Pacific,Premium Economy,725,325.0,,2185,Y,Y,Y,1,7,2,25,Wednesday,False,False,False,Singapore Changi Airport,SIN
Suvarnabhumi Airport,BKK,2024-07-04 11:55,Singapore Changi Airport,SIN,2024-07-04 15:25,150,Cathay Pacific,Premium Economy,150,,,326,Y,Y,Y,1,7,2,25,Thursday,False,False,False,Singapore Changi Airport,SIN
Suvarnabhumi Airport,BKK,2024-07-04 19:25,Shenzhen Bao'an International Airport,SZX,2024-07-04 23:25,180,Shenzhen,Premium Economy,875,465.0,True,446,Y,Y,Y,1,5,1,20,Thursday,False,False,False,Singapore Changi Airport,SIN
Suvarnabhumi Airport,BKK,2024-07-04 16:25,Hong Kong International Airport,HKG,2024-07-04 20:15,170,Cathay Pacific,Premium Economy,725,325.0,,2185,Y,Y,Y,1,7,2,25,Thursday,False,False,False,Singapore Changi Airport,SIN
Suvarnabhumi Airport,BKK,2024-07-05 11:55,Singapore Changi Airport,SIN,2024-07-05 15:25,150,Cathay Pacific,Premium Economy,150,,,326,Y,Y,Y,1,7,2,25,Friday,False,False,False,Singapore Changi Airport,SIN
Suvarnabhumi Airport,BKK,2024-07-05 03:15,Shenzhen Bao'an International Airport,SZX,2024-07-05 07:05,170,Shenzhen,Premium Economy,745,335.0,,506,Y,Y,Y,1,5,1,20,Friday,False,False,False,Singapore Changi Airport,SIN
Suvarnabhumi Airport,BKK,2024-07-05 19:25,Shenzhen Bao'an International Airport,SZX,2024-07-05 23:25,180,Shenzhen,Premium Economy,875,465.0,True,543,Y,Y,Y,1,5,1,20,Friday,False,False,False,Singapore Changi Airport,SIN
Suvarnabhumi Airport,BKK,2024-07-05 16:25,Hong Kong International Airport,HKG,2024-07-05 20:15,170,Cathay Pacific,Premium Economy,725,325.0,,2185,Y,Y,Y,1,7,2,25,Friday,False,False,False,Singapore Changi Airport,SIN
Suvarnabhumi Airport,BKK,2024-07-06 11:55,Singapore Changi Airport,SIN,2024-07-06 15:25,150,Cathay Pacific,Premium Economy,150,,,326,Y,Y,Y,1,7,2,25,Saturday,False,False,False,Singapore Changi Airport,SIN
Suvarnabhumi Airport,BKK,2024-07-06 19:25,Shenzhen Bao'an International Airport,SZX,2024-07-06 23:25,180,Shenzhen,Premium Economy,875,465.0,True,446,Y,Y,Y,1,5,1,20,Saturday,False,False,False,Singapore Changi Airport,SIN
Suvarnabhumi Airport,BKK,2024-07-06 16:25,Hong Kong International Airport,HKG,2024-07-06 20:15,170,Cathay Pacific,Premium Economy,725,325.0,,2185,Y,Y,Y,1,7,2,25,Saturday,False,False,False,Singapore Changi Airport,SIN
Suvarnabhumi Airport,BKK,2024-07-07 11:55,Singapore Changi Airport,SIN,2024-07-07 15:25,150,Cathay Pacific,Premium Economy,150,,,326,Y,Y,Y,1,7,2,25,Sunday,False,False,False,Singapore Changi Airport,SIN
Suvarnabhumi Airport,BKK,2024-07-07 19:25,Shenzhen Bao'an International Airport,SZX,2024-07-07 23:25,180,Shenzhen,Premium Economy,875,465.0,True,483,Y,Y,Y,1,5,1,20,Sunday,False,False,False,Singapore Changi Airport,SIN
Suvarnabhumi Airport,BKK,2024-07-07 16:25,Hong Kong International Airport,HKG,2024-07-07 20:15,170,Cathay Pacific,Premium Economy,725,325.0,,2185,Y,Y,Y,1,7,2,25,Sunday,False,False,False,Singapore Changi Airport,SIN
Suvarnabhumi Airport,BKK,2024-07-08 11:55,Singapore Changi Airport,SIN,2024-07-08 15:25,150,Cathay Pacific,Premium Economy,150,,,326,Y,Y,Y,1,7,2,25,Monday,False,False,False,Singapore Changi Airport,SIN
Suvarnabhumi Airport,BKK,2024-07-08 19:25,Shenzhen Bao'an International Airport,SZX,2024-07-08 23:25,180,Shenzhen,Premium Economy,875,465.0,True,446,Y,Y,Y,1,5,1,20,Monday,False,False,False,Singapore Changi Airport,SIN
Suvarnabhumi Airport,BKK,2024-07-08 12:30,Hong Kong International Airport,HKG,2024-07-08 16:30,180,Cathay Pacific,Premium Economy,665,255.0,,2185,Y,Y,Y,1,7,2,25,Monday,False,False,False,Singapore Changi Airport,SIN
Suvarnabhumi Airport,BKK,2024-07-08 16:25,Hong Kong International Airport,HKG,2024-07-08 20:15,170,Cathay Pacific,Premium Economy,725,325.0,,2185,Y,Y,Y,1,7,2,25,Monday,False,False,False,Singapore Changi Airport,SIN
Suvarnabhumi Airport,BKK,2024-07-09 11:55,Singapore Changi Airport,SIN,2024-07-09 15:25,150,Cathay Pacific,Premium Economy,150,,,326,Y,Y,Y,1,7,2,25,Tuesday,False,False,False,Singapore Changi Airport,SIN
Suvarnabhumi Airport,BKK,2024-07-09 19:25,Shenzhen Bao'an International Airport,SZX,2024-07-09 23:25,180,Shenzhen,Premium Economy,875,465.0,True,483,Y,Y,Y,1,5,1,20,Tuesday,False,False,False,Singapore Changi Airport,SIN
Suvarnabhumi Airport,BKK,2024-07-09 12:30,Hong Kong International Airport,HKG,2024-07-09 16:30,180,Cathay Pacific,Premium Economy,665,255.0,,2185,Y,Y,Y,1,7,2,25,Tuesday,False,False,False,Singapore Changi Airport,SIN
Suvarnabhumi Airport,BKK,2024-07-09 16:25,Hong Kong International Airport,HKG,2024-07-09 20:15,170,Cathay Pacific,Premium Economy,725,325.0,,2185,Y,Y,Y,1,7,2,25,Tuesday,False,False,False,Singapore Changi Airport,SIN
Suvarnabhumi Airport,BKK,2024-07-10 11:55,Singapore Changi Airport,SIN,2024-07-10 15:25,150,Cathay Pacific,Premium Economy,150,,,326,Y,Y,Y,1,7,2,25,Wednesday,False,False,False,Singapore Changi Airport,SIN
Suvarnabhumi Airport,BKK,2024-07-10 19:25,Shenzhen Bao'an International Airport,SZX,2024-07-10 23:25,180,Shenzhen,Premium Economy,875,465.0,True,483,Y,Y,Y,1,5,1,20,Wednesday,False,False,False,Singapore Changi Airport,SIN
Suvarnabhumi Airport,BKK,2024-07-10 16:25,Hong Kong International Airport,HKG,2024-07-10 20:15,170,Cathay Pacific,Premium Economy,725,325.0,,2185,Y,Y,Y,1,7,2,25,Wednesday,False,False,False,Singapore Changi Airport,SIN
Suvarnabhumi Airport,BKK,2024-07-11 11:55,Singapore Changi Airport,SIN,2024-07-11 15:25,150,Cathay Pacific,Premium Economy,150,,,326,Y,Y,Y,1,7,2,25,Thursday,False,False,False,Singapore Changi Airport,SIN
Suvarnabhumi Airport,BKK,2024-07-11 19:25,Shenzhen Bao'an International Airport,SZX,2024-07-11 23:25,180,Shenzhen,Premium Economy,875,465.0,True,487,Y,Y,Y,1,5,1,20,Thursday,False,False,False,Singapore Changi Airport,SIN
Suvarnabhumi Airport,BKK,2024-07-11 16:25,Hong Kong International Airport,HKG,2024-07-11 20:15,170,Cathay Pacific,Premium Economy,725,325.0,,2185,Y,Y,Y,1,7,2,25,Thursday,False,False,False,Singapore Changi Airport,SIN
Suvarnabhumi Airport,BKK,2024-07-12 11:55,Singapore Changi Airport,SIN,2024-07-12 15:25,150,Cathay Pacific,Premium Economy,150,,,326,Y,Y,Y,1,7,2,25,Friday,False,False,False,Singapore Changi Airport,SIN
Suvarnabhumi Airport,BKK,2024-07-12 19:25,Shenzhen Bao'an International Airport,SZX,2024-07-12 23:25,180,Shenzhen,Premium Economy,875,465.0,True,593,Y,Y,Y,1,5,1,20,Friday,False,False,False,Singapore Changi Airport,SIN
Suvarnabhumi Airport,BKK,2024-07-12 22:50,Ninoy Aquino International Airport,MNL,2024-07-13 03:15,205,Philippine Airlines,Premium Economy,1085,660.0,True,671,Y,Y,Y,1,7,1,35,Friday,False,False,True,Singapore Changi Airport,SIN
Suvarnabhumi Airport,BKK,2024-07-13 11:55,Singapore Changi Airport,SIN,2024-07-13 15:25,150,Cathay Pacific,Premium Economy,150,,,326,Y,Y,Y,1,7,2,25,Saturday,False,False,False,Singapore Changi Airport,SIN
Suvarnabhumi Airport,BKK,2024-07-13 19:25,Shenzhen Bao'an International Airport,SZX,2024-07-13 23:25,180,Shenzhen,Premium Economy,875,465.0,True,533,Y,Y,Y,1,5,1,20,Saturday,False,False,False,Singapore Changi Airport,SIN
Suvarnabhumi Airport,BKK,2024-07-13 16:25,Hong Kong International Airport,HKG,2024-07-13 20:15,170,Cathay Pacific,Premium Economy,725,325.0,,2185,Y,Y,Y,1,7,2,25,Saturday,False,False,False,Singapore Changi Airport,SIN
Suvarnabhumi Airport,BKK,2024-07-14 11:55,Singapore Changi Airport,SIN,2024-07-14 15:25,150,Cathay Pacific,Premium Economy,150,,,326,Y,Y,Y,1,7,2,25,Sunday,False,False,False,Singapore Changi Airport,SIN
Suvarnabhumi Airport,BKK,2024-07-14 03:15,Shenzhen Bao'an International Airport,SZX,2024-07-14 07:05,170,Shenzhen,Premium Economy,745,335.0,,709,Y,Y,Y,1,5,1,20,Sunday,False,False,False,Singapore Changi Airport,SIN
Suvarnabhumi Airport,BKK,2024-07-15 11:55,Singapore Changi Airport,SIN,2024-07-15 15:25,150,Cathay Pacific,Premium Economy,150,,,326,Y,Y,Y,1,7,2,25,Monday,False,False,False,Singapore Changi Airport,SIN
Suvarnabhumi Airport,BKK,2024-07-15 03:15,Shenzhen Bao'an International Airport,SZX,2024-07-15 07:05,170,Shenzhen,Premium Economy,745,335.0,,619,Y,Y,Y,1,5,1,20,Monday,False,False,False,Singapore Changi Airport,SIN
Suvarnabhumi Airport,BKK,2024-07-15 12:30,Hong Kong International Airport,HKG,2024-07-15 16:30,180,Cathay Pacific,Premium Economy,665,255.0,,2185,Y,Y,Y,1,7,2,25,Monday,False,False,False,Singapore Changi Airport,SIN
Suvarnabhumi Airport,BKK,2024-07-15 16:25,Hong Kong International Airport,HKG,2024-07-15 20:15,170,Cathay Pacific,Premium Economy,725,325.0,,2185,Y,Y,Y,1,7,2,25,Monday,False,False,False,Singapore Changi Airport,SIN
Suvarnabhumi Airport,BKK,2024-07-16 11:55,Singapore Changi Airport,SIN,2024-07-16 15:25,150,Cathay Pacific,Premium Economy,150,,,326,Y,Y,Y,1,7,2,25,Tuesday,False,False,False,Singapore Changi Airport,SIN
Suvarnabhumi Airport,BKK,2024-07-16 03:15,Shenzhen Bao'an International Airport,SZX,2024-07-16 07:05,170,Shenzhen,Premium Economy,745,335.0,,556,Y,Y,Y,1,5,1,20,Tuesday,False,False,False,Singapore Changi Airport,SIN
Suvarnabhumi Airport,BKK,2024-07-16 12:30,Hong Kong International Airport,HKG,2024-07-16 16:30,180,Cathay Pacific,Premium Economy,665,255.0,,2185,Y,Y,Y,1,7,2,25,Tuesday,False,False,False,Singapore Changi Airport,SIN
Suvarnabhumi Airport,BKK,2024-07-16 16:25,Hong Kong International Airport,HKG,2024-07-16 20:15,170,Cathay Pacific,Premium Economy,725,325.0,,2185,Y,Y,Y,1,7,2,25,Tuesday,False,False,False,Singapore Changi Airport,SIN
Suvarnabhumi Airport,BKK,2024-07-17 11:55,Singapore Changi Airport,SIN,2024-07-17 15:25,150,Cathay Pacific,Premium Economy,150,,,326,Y,Y,Y,1,7,2,25,Wednesday,False,False,False,Singapore Changi Airport,SIN
Suvarnabhumi Airport,BKK,2024-07-17 19:25,Shenzhen Bao'an International Airport,SZX,2024-07-17 23:25,180,Shenzhen,Premium Economy,875,465.0,True,533,Y,Y,Y,1,5,1,20,Wednesday,False,False,False,Singapore Changi Airport,SIN
Suvarnabhumi Airport,BKK,2024-07-17 16:25,Hong Kong International Airport,HKG,2024-07-17 20:15,170,Cathay Pacific,Premium Economy,725,325.0,,2185,Y,Y,Y,1,7,2,25,Wednesday,False,False,False,Singapore Changi Airport,SIN
Suvarnabhumi Airport,BKK,2024-07-18 11:55,Singapore Changi Airport,SIN,2024-07-18 15:25,150,Cathay Pacific,Premium Economy,150,,,367,Y,Y,Y,1,7,2,25,Thursday,False,False,False,Singapore Changi Airport,SIN
Suvarnabhumi Airport,BKK,2024-07-18 03:15,Shenzhen Bao'an International Airport,SZX,2024-07-18 07:05,170,Shenzhen,Premium Economy,745,335.0,,619,Y,Y,Y,1,5,1,20,Thursday,False,False,False,Singapore Changi Airport,SIN
Suvarnabhumi Airport,BKK,2024-07-18 16:25,Hong Kong International Airport,HKG,2024-07-18 20:15,170,Cathay Pacific,Premium Economy,725,325.0,,2185,Y,Y,Y,1,7,2,25,Thursday,False,False,False,Singapore Changi Airport,SIN
Suvarnabhumi Airport,BKK,2024-07-19 11:55,Singapore Changi Airport,SIN,2024-07-19 15:25,150,Cathay Pacific,Premium Economy,150,,,367,Y,Y,Y,1,7,2,25,Friday,False,False,False,Singapore Changi Airport,SIN
Suvarnabhumi Airport,BKK,2024-07-19 03:15,Shenzhen Bao'an International Airport,SZX,2024-07-19 07:05,170,Shenzhen,Premium Economy,745,335.0,,619,Y,Y,Y,1,5,1,20,Friday,False,False,False,Singapore Changi Airport,SIN
Suvarnabhumi Airport,BKK,2024-07-19 16:25,Hong Kong International Airport,HKG,2024-07-19 20:15,170,Cathay Pacific,Premium Economy,725,325.0,,2185,Y,Y,Y,1,7,2,25,Friday,False,False,False,Singapore Changi Airport,SIN
Suvarnabhumi Airport,BKK,2024-07-20 11:55,Singapore Changi Airport,SIN,2024-07-20 15:25,150,Cathay Pacific,Premium Economy,150,,,367,Y,Y,Y,1,7,2,25,Saturday,True,False,False,Singapore Changi Airport,SIN
Suvarnabhumi Airport,BKK,2024-07-20 19:25,Shenzhen Bao'an International Airport,SZX,2024-07-20 23:25,180,Shenzhen,Premium Economy,875,465.0,True,533,Y,Y,Y,1,5,1,20,Saturday,True,False,False,Singapore Changi Airport,SIN
Suvarnabhumi Airport,BKK,2024-07-20 16:25,Hong Kong International Airport,HKG,2024-07-20 20:15,170,Cathay Pacific,Premium Economy,725,325.0,,2185,Y,Y,Y,1,7,2,25,Saturday,True,False,False,Singapore Changi Airport,SIN
Suvarnabhumi Airport,BKK,2024-07-21 11:55,Singapore Changi Airport,SIN,2024-07-21 15:25,150,Cathay Pacific,Premium Economy,150,,,326,Y,Y,Y,1,7,2,25,Sunday,False,False,False,Singapore Changi Airport,SIN
Suvarnabhumi Airport,BKK,2024-07-21 19:25,Shenzhen Bao'an International Airport,SZX,2024-07-21 23:25,180,Shenzhen,Premium Economy,875,465.0,True,533,Y,Y,Y,1,5,1,20,Sunday,False,False,False,Singapore Changi Airport,SIN
Suvarnabhumi Airport,BKK,2024-07-21 16:25,Hong Kong International Airport,HKG,2024-07-21 20:15,170,Cathay Pacific,Premium Economy,725,325.0,,2185,Y,Y,Y,1,7,2,25,Sunday,False,False,False,Singapore Changi Airport,SIN
Suvarnabhumi Airport,BKK,2024-07-22 11:55,Singapore Changi Airport,SIN,2024-07-22 15:25,150,Cathay Pacific,Premium Economy,150,,,326,Y,Y,Y,1,7,2,25,Monday,True,False,False,Singapore Changi Airport,SIN
Suvarnabhumi Airport,BKK,2024-07-22 19:25,Shenzhen Bao'an International Airport,SZX,2024-07-22 23:25,180,Shenzhen,Premium Economy,875,465.0,True,533,Y,Y,Y,1,5,1,20,Monday,True,False,False,Singapore Changi Airport,SIN
Suvarnabhumi Airport,BKK,2024-07-22 12:30,Hong Kong International Airport,HKG,2024-07-22 16:30,180,Cathay Pacific,Premium Economy,665,255.0,,2185,Y,Y,Y,1,7,2,25,Monday,True,False,False,Singapore Changi Airport,SIN
Suvarnabhumi Airport,BKK,2024-07-23 11:55,Singapore Changi Airport,SIN,2024-07-23 15:25,150,Cathay Pacific,Premium Economy,150,,,326,Y,Y,Y,1,7,2,25,Tuesday,False,False,False,Singapore Changi Airport,SIN
Suvarnabhumi Airport,BKK,2024-07-23 03:15,Shenzhen Bao'an International Airport,SZX,2024-07-23 07:05,170,Shenzhen,Premium Economy,745,335.0,,656,Y,Y,Y,1,5,1,20,Tuesday,False,False,False,Singapore Changi Airport,SIN
Suvarnabhumi Airport,BKK,2024-07-23 12:30,Hong Kong International Airport,HKG,2024-07-23 16:30,180,Cathay Pacific,Premium Economy,665,255.0,,2185,Y,Y,Y,1,7,2,25,Tuesday,False,False,False,Singapore Changi Airport,SIN
Suvarnabhumi Airport,BKK,2024-07-23 16:25,Hong Kong International Airport,HKG,2024-07-23 20:15,170,Cathay Pacific,Premium Economy,725,325.0,,2185,Y,Y,Y,1,7,2,25,Tuesday,False,False,False,Singapore Changi Airport,SIN
Suvarnabhumi Airport,BKK,2024-07-24 11:55,Singapore Changi Airport,SIN,2024-07-24 15:25,150,Cathay Pacific,Premium Economy,150,,,326,Y,Y,Y,1,7,2,25,Wednesday,False,False,False,Singapore Changi Airport,SIN
Suvarnabhumi Airport,BKK,2024-07-24 19:25,Shenzhen Bao'an International Airport,SZX,2024-07-24 23:25,180,Shenzhen,Premium Economy,875,465.0,True,533,Y,Y,Y,1,5,1,20,Wednesday,False,False,False,Singapore Changi Airport,SIN
Suvarnabhumi Airport,BKK,2024-07-24 16:25,Hong Kong International Airport,HKG,2024-07-24 20:15,170,Cathay Pacific,Premium Economy,725,325.0,,2185,Y,Y,Y,1,7,2,25,Wednesday,False,False,False,Singapore Changi Airport,SIN
Suvarnabhumi Airport,BKK,2024-07-25 11:55,Singapore Changi Airport,SIN,2024-07-25 15:25,150,Cathay Pacific,Premium Economy,150,,,367,Y,Y,Y,1,7,2,25,Thursday,False,False,False,Singapore Changi Airport,SIN
Suvarnabhumi Airport,BKK,2024-07-25 19:25,Shenzhen Bao'an International Airport,SZX,2024-07-25 23:25,180,Shenzhen,Premium Economy,875,465.0,True,533,Y,Y,Y,1,5,1,20,Thursday,False,False,False,Singapore Changi Airport,SIN
Suvarnabhumi Airport,BKK,2024-07-25 16:25,Hong Kong International Airport,HKG,2024-07-25 20:15,170,Cathay Pacific,Premium Economy,725,325.0,,2185,Y,Y,Y,1,7,2,25,Thursday,False,False,False,Singapore Changi Airport,SIN
Suvarnabhumi Airport,BKK,2024-07-26 11:55,Singapore Changi Airport,SIN,2024-07-26 15:25,150,Cathay Pacific,Premium Economy,150,,,367,Y,Y,Y,1,7,2,25,Friday,False,False,False,Singapore Changi Airport,SIN
Suvarnabhumi Airport,BKK,2024-07-26 19:25,Shenzhen Bao'an International Airport,SZX,2024-07-26 23:25,180,Shenzhen,Premium Economy,875,465.0,True,533,Y,Y,Y,1,5,1,20,Friday,False,False,False,Singapore Changi Airport,SIN
Suvarnabhumi Airport,BKK,2024-07-26 16:25,Hong Kong International Airport,HKG,2024-07-26 20:15,170,Cathay Pacific,Premium Economy,725,325.0,,2185,Y,Y,Y,1,7,2,25,Friday,False,False,False,Singapore Changi Airport,SIN
Suvarnabhumi Airport,BKK,2024-07-27 11:55,Singapore Changi Airport,SIN,2024-07-27 15:25,150,Cathay Pacific,Premium Economy,150,,,367,Y,Y,Y,1,7,2,25,Saturday,False,False,False,Singapore Changi Airport,SIN
Suvarnabhumi Airport,BKK,2024-07-27 19:25,Shenzhen Bao'an International Airport,SZX,2024-07-27 23:25,180,Shenzhen,Premium Economy,875,465.0,True,533,Y,Y,Y,1,5,1,20,Saturday,False,False,False,Singapore Changi Airport,SIN
Suvarnabhumi Airport,BKK,2024-07-27 16:25,Hong Kong International Airport,HKG,2024-07-27 20:15,170,Cathay Pacific,Premium Economy,725,325.0,,2185,Y,Y,Y,1,7,2,25,Saturday,False,False,False,Singapore Changi Airport,SIN
Suvarnabhumi Airport,BKK,2024-07-28 11:55,Singapore Changi Airport,SIN,2024-07-28 15:25,150,Cathay Pacific,Premium Economy,150,,,326,Y,Y,Y,1,7,2,25,Sunday,True,False,False,Singapore Changi Airport,SIN
Suvarnabhumi Airport,BKK,2024-07-28 19:25,Shenzhen Bao'an International Airport,SZX,2024-07-28 23:25,180,Shenzhen,Premium Economy,875,465.0,True,533,Y,Y,Y,1,5,1,20,Sunday,True,False,False,Singapore Changi Airport,SIN
Suvarnabhumi Airport,BKK,2024-07-28 15:00,Hong Kong International Airport,HKG,2024-07-28 19:00,180,Cathay Pacific,Premium Economy,515,105.0,,2185,Y,Y,Y,1,7,2,25,Sunday,True,False,False,Singapore Changi Airport,SIN
Suvarnabhumi Airport,BKK,2024-07-28 16:25,Hong Kong International Airport,HKG,2024-07-28 20:15,170,Cathay Pacific,Premium Economy,725,325.0,,2185,Y,Y,Y,1,7,2,25,Sunday,True,False,False,Singapore Changi Airport,SIN
Suvarnabhumi Airport,BKK,2024-07-29 11:55,Singapore Changi Airport,SIN,2024-07-29 15:25,150,Cathay Pacific,Premium Economy,150,,,326,Y,Y,Y,1,7,2,25,Monday,True,False,False,Singapore Changi Airport,SIN
Suvarnabhumi Airport,BKK,2024-07-29 19:25,Shenzhen Bao'an International Airport,SZX,2024-07-29 23:25,180,Shenzhen,Premium Economy,875,465.0,True,533,Y,Y,Y,1,5,1,20,Monday,True,False,False,Singapore Changi Airport,SIN
Suvarnabhumi Airport,BKK,2024-07-29 12:30,Hong Kong International Airport,HKG,2024-07-29 16:30,180,Cathay Pacific,Premium Economy,665,255.0,,2185,Y,Y,Y,1,7,2,25,Monday,True,False,False,Singapore Changi Airport,SIN
Suvarnabhumi Airport,BKK,2024-07-29 16:25,Hong Kong International Airport,HKG,2024-07-29 20:15,170,Cathay Pacific,Premium Economy,725,325.0,,2185,Y,Y,Y,1,7,2,25,Monday,True,False,False,Singapore Changi Airport,SIN
Suvarnabhumi Airport,BKK,2024-07-30 11:55,Singapore Changi Airport,SIN,2024-07-30 15:25,150,Cathay Pacific,Premium Economy,150,,,326,Y,Y,Y,1,7,2,25,Tuesday,False,False,False,Singapore Changi Airport,SIN
Suvarnabhumi Airport,BKK,2024-07-30 03:15,Shenzhen Bao'an International Airport,SZX,2024-07-30 07:05,170,Shenzhen,Premium Economy,745,335.0,,556,Y,Y,Y,1,5,1,20,Tuesday,False,False,False,Singapore Changi Airport,SIN
Suvarnabhumi Airport,BKK,2024-07-30 12:30,Hong Kong International Airport,HKG,2024-07-30 16:30,180,Cathay Pacific,Premium Economy,665,255.0,,2185,Y,Y,Y,1,7,2,25,Tuesday,False,False,False,Singapore Changi Airport,SIN
Suvarnabhumi Airport,BKK,2024-07-30 16:25,Hong Kong International Airport,HKG,2024-07-30 20:15,170,Cathay Pacific,Premium Economy,725,325.0,,2185,Y,Y,Y,1,7,2,25,Tuesday,False,False,False,Singapore Changi Airport,SIN
Suvarnabhumi Airport,BKK,2024-07-31 11:55,Singapore Changi Airport,SIN,2024-07-31 15:25,150,Cathay Pacific,Premium Economy,150,,,326,Y,Y,Y,1,7,2,25,Wednesday,False,False,False,Singapore Changi Airport,SIN
Suvarnabhumi Airport,BKK,2024-07-31 19:25,Shenzhen Bao'an International Airport,SZX,2024-07-31 23:25,180,Shenzhen,Premium Economy,875,465.0,True,533,Y,Y,Y,1,5,1,20,Wednesday,False,False,False,Singapore Changi Airport,SIN
Suvarnabhumi Airport,BKK,2024-07-31 16:25,Hong Kong International Airport,HKG,2024-07-31 20:15,170,Cathay Pacific,Premium Economy,725,325.0,,2185,Y,Y,Y,1,7,2,25,Wednesday,False,False,False,Singapore Changi Airport,SIN
Suvarnabhumi Airport,BKK,2024-08-01 11:55,Singapore Changi Airport,SIN,2024-08-01 15:25,150,Cathay Pacific,Premium Economy,150,,,335,Y,Y,Y,1,7,2,25,Thursday,False,False,False,Singapore Changi Airport,SIN
Suvarnabhumi Airport,BKK,2024-08-01 04:15,Shenzhen Bao'an International Airport,SZX,2024-08-01 07:55,160,Shenzhen,Premium Economy,685,285.0,,565,Y,Y,Y,1,5,1,20,Thursday,False,False,False,Singapore Changi Airport,SIN
Suvarnabhumi Airport,BKK,2024-08-01 16:25,Hong Kong International Airport,HKG,2024-08-01 20:15,170,Cathay Pacific,Premium Economy,725,325.0,,2215,Y,Y,Y,1,7,2,25,Thursday,False,False,False,Singapore Changi Airport,SIN
Suvarnabhumi Airport,BKK,2024-08-02 11:55,Singapore Changi Airport,SIN,2024-08-02 15:25,150,Cathay Pacific,Premium Economy,150,,,335,Y,Y,Y,1,7,2,25,Friday,False,False,False,Singapore Changi Airport,SIN
Suvarnabhumi Airport,BKK,2024-08-02 04:15,Shenzhen Bao'an International Airport,SZX,2024-08-02 07:55,160,Shenzhen,Premium Economy,685,285.0,,2139,Y,Y,Y,1,5,1,20,Friday,False,False,False,Singapore Changi Airport,SIN
Suvarnabhumi Airport,BKK,2024-08-02 16:25,Hong Kong International Airport,HKG,2024-08-02 20:15,170,Cathay Pacific,Premium Economy,725,325.0,,2215,Y,Y,Y,1,7,2,25,Friday,False,False,False,Singapore Changi Airport,SIN
Suvarnabhumi Airport,BKK,2024-08-03 11:55,Singapore Changi Airport,SIN,2024-08-03 15:25,150,Cathay Pacific,Premium Economy,150,,,335,Y,Y,Y,1,7,2,25,Saturday,False,False,False,Singapore Changi Airport,SIN
Suvarnabhumi Airport,BKK,2024-08-03 04:15,Shenzhen Bao'an International Airport,SZX,2024-08-03 07:55,160,Shenzhen,Premium Economy,685,285.0,,565,Y,Y,Y,1,5,1,20,Saturday,False,False,False,Singapore Changi Airport,SIN
Suvarnabhumi Airport,BKK,2024-08-03 19:25,Shenzhen Bao'an International Airport,SZX,2024-08-03 23:25,180,Shenzhen,Premium Economy,875,465.0,True,603,Y,Y,Y,1,5,1,20,Saturday,False,False,False,Singapore Changi Airport,SIN
Suvarnabhumi Airport,BKK,2024-08-03 16:25,Hong Kong International Airport,HKG,2024-08-03 20:15,170,Cathay Pacific,Premium Economy,725,325.0,,2215,Y,Y,Y,1,7,2,25,Saturday,False,False,False,Singapore Changi Airport,SIN
Suvarnabhumi Airport,BKK,2024-08-04 11:55,Singapore Changi Airport,SIN,2024-08-04 15:25,150,Cathay Pacific,Premium Economy,150,,,335,Y,Y,Y,1,7,2,25,Sunday,False,False,False,Singapore Changi Airport,SIN
Suvarnabhumi Airport,BKK,2024-08-04 04:15,Shenzhen Bao'an International Airport,SZX,2024-08-04 07:55,160,Shenzhen,Premium Economy,685,285.0,,628,Y,Y,Y,1,5,1,20,Sunday,False,False,False,Singapore Changi Airport,SIN
Suvarnabhumi Airport,BKK,2024-08-04 16:25,Hong Kong International Airport,HKG,2024-08-04 20:15,170,Cathay Pacific,Premium Economy,725,325.0,,2215,Y,Y,Y,1,7,2,25,Sunday,False,False,False,Singapore Changi Airport,SIN
Suvarnabhumi Airport,BKK,2024-08-05 11:55,Singapore Changi Airport,SIN,2024-08-05 15:25,150,Cathay Pacific,Premium Economy,150,,,335,Y,Y,Y,1,7,2,25,Monday,False,False,False,Singapore Changi Airport,SIN
Suvarnabhumi Airport,BKK,2024-08-05 04:15,Shenzhen Bao'an International Airport,SZX,2024-08-05 07:55,160,Shenzhen,Premium Economy,685,285.0,,565,Y,Y,Y,1,5,1,20,Monday,False,False,False,Singapore Changi Airport,SIN
Suvarnabhumi Airport,BKK,2024-08-05 16:25,Hong Kong International Airport,HKG,2024-08-05 20:15,170,Cathay Pacific,Premium Economy,725,325.0,,2215,Y,Y,Y,1,7,2,25,Monday,False,False,False,Singapore Changi Airport,SIN
Suvarnabhumi Airport,BKK,2024-08-06 11:55,Singapore Changi Airport,SIN,2024-08-06 15:25,150,Cathay Pacific,Premium Economy,150,,,335,Y,Y,Y,1,7,2,25,Tuesday,False,False,False,Singapore Changi Airport,SIN
Suvarnabhumi Airport,BKK,2024-08-06 04:15,Shenzhen Bao'an International Airport,SZX,2024-08-06 07:55,160,Shenzhen,Premium Economy,685,285.0,,565,Y,Y,Y,1,5,1,20,Tuesday,False,False,False,Singapore Changi Airport,SIN
Suvarnabhumi Airport,BKK,2024-08-06 12:30,Hong Kong International Airport,HKG,2024-08-06 16:30,180,Cathay Pacific,Premium Economy,665,255.0,,2215,Y,Y,Y,1,7,2,25,Tuesday,False,False,False,Singapore Changi Airport,SIN
Suvarnabhumi Airport,BKK,2024-08-06 16:25,Hong Kong International Airport,HKG,2024-08-06 20:15,170,Cathay Pacific,Premium Economy,725,325.0,,2215,Y,Y,Y,1,7,2,25,Tuesday,False,False,False,Singapore Changi Airport,SIN
Suvarnabhumi Airport,BKK,2024-08-07 11:55,Singapore Changi Airport,SIN,2024-08-07 15:25,150,Cathay Pacific,Premium Economy,150,,,335,Y,Y,Y,1,7,2,25,Wednesday,False,False,False,Singapore Changi Airport,SIN
Suvarnabhumi Airport,BKK,2024-08-07 04:15,Shenzhen Bao'an International Airport,SZX,2024-08-07 07:55,160,Shenzhen,Premium Economy,685,285.0,,565,Y,Y,Y,1,5,1,20,Wednesday,False,False,False,Singapore Changi Airport,SIN
Suvarnabhumi Airport,BKK,2024-08-07 22:50,Ninoy Aquino International Airport,MNL,2024-08-08 03:15,205,Philippine Airlines,Premium Economy,805,380.0,True,696,Y,Y,Y,1,7,1,35,Wednesday,False,False,True,Singapore Changi Airport,SIN
Suvarnabhumi Airport,BKK,2024-08-07 16:25,Hong Kong International Airport,HKG,2024-08-07 20:15,170,Cathay Pacific,Premium Economy,725,325.0,,2215,Y,Y,Y,1,7,2,25,Wednesday,False,False,False,Singapore Changi Airport,SIN
Suvarnabhumi Airport,BKK,2024-08-08 11:55,Singapore Changi Airport,SIN,2024-08-08 15:25,150,Cathay Pacific,Premium Economy,150,,,335,Y,Y,Y,1,7,2,25,Thursday,False,False,False,Singapore Changi Airport,SIN
Suvarnabhumi Airport,BKK,2024-08-08 04:15,Shenzhen Bao'an International Airport,SZX,2024-08-08 07:55,160,Shenzhen,Premium Economy,685,285.0,,565,Y,Y,Y,1,5,1,20,Thursday,False,False,False,Singapore Changi Airport,SIN
Suvarnabhumi Airport,BKK,2024-08-08 16:25,Hong Kong International Airport,HKG,2024-08-08 20:15,170,Cathay Pacific,Premium Economy,725,325.0,,2215,Y,Y,Y,1,7,2,25,Thursday,False,False,False,Singapore Changi Airport,SIN
Suvarnabhumi Airport,BKK,2024-08-09 11:55,Singapore Changi Airport,SIN,2024-08-09 15:25,150,Cathay Pacific,Premium Economy,150,,,335,Y,Y,Y,1,7,2,25,Friday,False,True,False,Singapore Changi Airport,SIN
Suvarnabhumi Airport,BKK,2024-08-09 04:15,Shenzhen Bao'an International Airport,SZX,2024-08-09 07:55,160,Shenzhen,Premium Economy,685,285.0,,565,Y,Y,Y,1,5,1,20,Friday,False,True,False,Singapore Changi Airport,SIN
Suvarnabhumi Airport,BKK,2024-08-09 16:25,Hong Kong International Airport,HKG,2024-08-09 20:15,170,Cathay Pacific,Premium Economy,725,325.0,,2215,Y,Y,Y,1,7,2,25,Friday,False,True,False,Singapore Changi Airport,SIN
Suvarnabhumi Airport,BKK,2024-08-10 11:55,Singapore Changi Airport,SIN,2024-08-10 15:25,150,Cathay Pacific,Premium Economy,150,,,335,Y,Y,Y,1,7,2,25,Saturday,False,False,False,Singapore Changi Airport,SIN
Suvarnabhumi Airport,BKK,2024-08-10 19:25,Shenzhen Bao'an International Airport,SZX,2024-08-10 23:25,180,Shenzhen,Premium Economy,875,465.0,True,504,Y,Y,Y,1,5,1,20,Saturday,False,False,False,Singapore Changi Airport,SIN
Suvarnabhumi Airport,BKK,2024-08-10 16:25,Hong Kong International Airport,HKG,2024-08-10 20:15,170,Cathay Pacific,Premium Economy,725,325.0,,2215,Y,Y,Y,1,7,2,25,Saturday,False,False,False,Singapore Changi Airport,SIN
Suvarnabhumi Airport,BKK,2024-08-11 04:15,Shenzhen Bao'an International Airport,SZX,2024-08-11 07:55,160,Shenzhen,Premium Economy,685,285.0,,565,Y,Y,Y,1,5,1,20,Sunday,False,False,False,Singapore Changi Airport,SIN
Suvarnabhumi Airport,BKK,2024-08-11 16:25,Hong Kong International Airport,HKG,2024-08-11 20:15,170,Cathay Pacific,Premium Economy,725,325.0,,2215,Y,Y,Y,1,7,2,25,Sunday,False,False,False,Singapore Changi Airport,SIN
Suvarnabhumi Airport,BKK,2024-08-12 11:55,Singapore Changi Airport,SIN,2024-08-12 15:25,150,Cathay Pacific,Premium Economy,150,,,335,Y,Y,Y,1,7,2,25,Monday,True,False,False,Singapore Changi Airport,SIN
Suvarnabhumi Airport,BKK,2024-08-12 04:15,Shenzhen Bao'an International Airport,SZX,2024-08-12 07:55,160,Shenzhen,Premium Economy,685,285.0,,565,Y,Y,Y,1,5,1,20,Monday,True,False,False,Singapore Changi Airport,SIN
Suvarnabhumi Airport,BKK,2024-08-12 16:25,Hong Kong International Airport,HKG,2024-08-12 20:15,170,Cathay Pacific,Premium Economy,725,325.0,,2215,Y,Y,Y,1,7,2,25,Monday,True,False,False,Singapore Changi Airport,SIN
Suvarnabhumi Airport,BKK,2024-08-13 11:55,Singapore Changi Airport,SIN,2024-08-13 15:25,150,Cathay Pacific,Premium Economy,150,,,335,Y,Y,Y,1,7,2,25,Tuesday,False,False,False,Singapore Changi Airport,SIN
Suvarnabhumi Airport,BKK,2024-08-13 04:15,Shenzhen Bao'an International Airport,SZX,2024-08-13 07:55,160,Shenzhen,Premium Economy,685,285.0,,565,Y,Y,Y,1,5,1,20,Tuesday,False,False,False,Singapore Changi Airport,SIN
Suvarnabhumi Airport,BKK,2024-08-13 12:30,Hong Kong International Airport,HKG,2024-08-13 16:30,180,Cathay Pacific,Premium Economy,665,255.0,,2215,Y,Y,Y,1,7,2,25,Tuesday,False,False,False,Singapore Changi Airport,SIN
Suvarnabhumi Airport,BKK,2024-08-13 16:25,Hong Kong International Airport,HKG,2024-08-13 20:15,170,Cathay Pacific,Premium Economy,725,325.0,,2215,Y,Y,Y,1,7,2,25,Tuesday,False,False,False,Singapore Changi Airport,SIN
Suvarnabhumi Airport,BKK,2024-08-14 11:55,Singapore Changi Airport,SIN,2024-08-14 15:25,150,Cathay Pacific,Premium Economy,150,,,335,Y,Y,Y,1,7,2,25,Wednesday,False,False,False,Singapore Changi Airport,SIN
Suvarnabhumi Airport,BKK,2024-08-14 04:15,Shenzhen Bao'an International Airport,SZX,2024-08-14 07:55,160,Shenzhen,Premium Economy,685,285.0,,565,Y,Y,Y,1,5,1,20,Wednesday,False,False,False,Singapore Changi Airport,SIN
Suvarnabhumi Airport,BKK,2024-08-14 16:25,Hong Kong International Airport,HKG,2024-08-14 20:15,170,Cathay Pacific,Premium Economy,725,325.0,,2215,Y,Y,Y,1,7,2,25,Wednesday,False,False,False,Singapore Changi Airport,SIN
Suvarnabhumi Airport,BKK,2024-08-15 11:55,Singapore Changi Airport,SIN,2024-08-15 15:25,150,Cathay Pacific,Premium Economy,150,,,335,Y,Y,Y,1,7,2,25,Thursday,False,False,False,Singapore Changi Airport,SIN
Suvarnabhumi Airport,BKK,2024-08-15 04:15,Shenzhen Bao'an International Airport,SZX,2024-08-15 07:55,160,Shenzhen,Premium Economy,685,285.0,,565,Y,Y,Y,1,5,1,20,Thursday,False,False,False,Singapore Changi Airport,SIN
Suvarnabhumi Airport,BKK,2024-08-15 16:25,Hong Kong International Airport,HKG,2024-08-15 20:15,170,Cathay Pacific,Premium Economy,725,325.0,,2215,Y,Y,Y,1,7,2,25,Thursday,False,False,False,Singapore Changi Airport,SIN
Suvarnabhumi Airport,BKK,2024-08-16 11:55,Singapore Changi Airport,SIN,2024-08-16 15:25,150,Cathay Pacific,Premium Economy,150,,,335,Y,Y,Y,1,7,2,25,Friday,False,False,False,Singapore Changi Airport,SIN
Suvarnabhumi Airport,BKK,2024-08-16 04:15,Shenzhen Bao'an International Airport,SZX,2024-08-16 07:55,160,Shenzhen,Premium Economy,685,285.0,,565,Y,Y,Y,1,5,1,20,Friday,False,False,False,Singapore Changi Airport,SIN
Suvarnabhumi Airport,BKK,2024-08-16 16:25,Hong Kong International Airport,HKG,2024-08-16 20:15,170,Cathay Pacific,Premium Economy,725,325.0,,2215,Y,Y,Y,1,7,2,25,Friday,False,False,False,Singapore Changi Airport,SIN
Suvarnabhumi Airport,BKK,2024-08-17 11:55,Singapore Changi Airport,SIN,2024-08-17 15:25,150,Cathay Pacific,Premium Economy,150,,,335,Y,Y,Y,1,7,2,25,Saturday,False,False,False,Singapore Changi Airport,SIN
Suvarnabhumi Airport,BKK,2024-08-17 19:25,Shenzhen Bao'an International Airport,SZX,2024-08-17 23:25,180,Shenzhen,Premium Economy,875,465.0,True,447,Y,Y,Y,1,5,1,20,Saturday,False,False,False,Singapore Changi Airport,SIN
Suvarnabhumi Airport,BKK,2024-08-17 16:25,Hong Kong International Airport,HKG,2024-08-17 20:15,170,Cathay Pacific,Premium Economy,725,325.0,,2215,Y,Y,Y,1,7,2,25,Saturday,False,False,False,Singapore Changi Airport,SIN
Suvarnabhumi Airport,BKK,2024-08-18 11:55,Singapore Changi Airport,SIN,2024-08-18 15:25,150,Cathay Pacific,Premium Economy,150,,,335,Y,Y,Y,1,7,2,25,Sunday,False,False,False,Singapore Changi Airport,SIN
Suvarnabhumi Airport,BKK,2024-08-18 04:15,Shenzhen Bao'an International Airport,SZX,2024-08-18 07:55,160,Shenzhen,Premium Economy,685,285.0,,508,Y,Y,Y,1,5,1,20,Sunday,False,False,False,Singapore Changi Airport,SIN
Suvarnabhumi Airport,BKK,2024-08-18 16:25,Hong Kong International Airport,HKG,2024-08-18 20:15,170,Cathay Pacific,Premium Economy,725,325.0,,2215,Y,Y,Y,1,7,2,25,Sunday,False,False,False,Singapore Changi Airport,SIN
Suvarnabhumi Airport,BKK,2024-08-19 11:55,Singapore Changi Airport,SIN,2024-08-19 15:25,150,Cathay Pacific,Premium Economy,150,,,335,Y,Y,Y,1,7,2,25,Monday,False,False,False,Singapore Changi Airport,SIN
Suvarnabhumi Airport,BKK,2024-08-19 04:15,Shenzhen Bao'an International Airport,SZX,2024-08-19 07:55,160,Shenzhen,Premium Economy,685,285.0,,508,Y,Y,Y,1,5,1,20,Monday,False,False,False,Singapore Changi Airport,SIN
Suvarnabhumi Airport,BKK,2024-08-19 16:25,Hong Kong International Airport,HKG,2024-08-19 20:15,170,Cathay Pacific,Premium Economy,725,325.0,,2215,Y,Y,Y,1,7,2,25,Monday,False,False,False,Singapore Changi Airport,SIN
Suvarnabhumi Airport,BKK,2024-08-20 11:55,Singapore Changi Airport,SIN,2024-08-20 15:25,150,Cathay Pacific,Premium Economy,150,,,335,Y,Y,Y,1,7,2,25,Tuesday,False,False,False,Singapore Changi Airport,SIN
Suvarnabhumi Airport,BKK,2024-08-20 04:15,Shenzhen Bao'an International Airport,SZX,2024-08-20 07:55,160,Shenzhen,Premium Economy,685,285.0,,508,Y,Y,Y,1,5,1,20,Tuesday,False,False,False,Singapore Changi Airport,SIN
Suvarnabhumi Airport,BKK,2024-08-20 12:30,Hong Kong International Airport,HKG,2024-08-20 16:30,180,Cathay Pacific,Premium Economy,665,255.0,,2215,Y,Y,Y,1,7,2,25,Tuesday,False,False,False,Singapore Changi Airport,SIN
Suvarnabhumi Airport,BKK,2024-08-20 16:25,Hong Kong International Airport,HKG,2024-08-20 20:15,170,Cathay Pacific,Premium Economy,725,325.0,,2215,Y,Y,Y,1,7,2,25,Tuesday,False,False,False,Singapore Changi Airport,SIN
Suvarnabhumi Airport,BKK,2024-08-21 11:55,Singapore Changi Airport,SIN,2024-08-21 15:25,150,Cathay Pacific,Premium Economy,150,,,335,Y,Y,Y,1,7,2,25,Wednesday,False,False,False,Singapore Changi Airport,SIN
Suvarnabhumi Airport,BKK,2024-08-21 04:15,Shenzhen Bao'an International Airport,SZX,2024-08-21 07:55,160,Shenzhen,Premium Economy,685,285.0,,508,Y,Y,Y,1,5,1,20,Wednesday,False,False,False,Singapore Changi Airport,SIN
Suvarnabhumi Airport,BKK,2024-08-21 16:25,Hong Kong International Airport,HKG,2024-08-21 20:15,170,Cathay Pacific,Premium Economy,725,325.0,,2215,Y,Y,Y,1,7,2,25,Wednesday,False,False,False,Singapore Changi Airport,SIN
Suvarnabhumi Airport,BKK,2024-08-22 11:55,Singapore Changi Airport,SIN,2024-08-22 15:25,150,Cathay Pacific,Premium Economy,150,,,335,Y,Y,Y,1,7,2,25,Thursday,False,False,False,Singapore Changi Airport,SIN
Suvarnabhumi Airport,BKK,2024-08-22 04:15,Shenzhen Bao'an International Airport,SZX,2024-08-22 07:55,160,Shenzhen,Premium Economy,685,285.0,,508,Y,Y,Y,1,5,1,20,Thursday,False,False,False,Singapore Changi Airport,SIN
Suvarnabhumi Airport,BKK,2024-08-22 16:25,Hong Kong International Airport,HKG,2024-08-22 20:15,170,Cathay Pacific,Premium Economy,725,325.0,,2215,Y,Y,Y,1,7,2,25,Thursday,False,False,False,Singapore Changi Airport,SIN
Suvarnabhumi Airport,BKK,2024-08-23 11:55,Singapore Changi Airport,SIN,2024-08-23 15:25,150,Cathay Pacific,Premium Economy,150,,,335,Y,Y,Y,1,7,2,25,Friday,False,False,False,Singapore Changi Airport,SIN
Suvarnabhumi Airport,BKK,2024-08-23 04:15,Shenzhen Bao'an International Airport,SZX,2024-08-23 07:55,160,Shenzhen,Premium Economy,685,285.0,,508,Y,Y,Y,1,5,1,20,Friday,False,False,False,Singapore Changi Airport,SIN
Suvarnabhumi Airport,BKK,2024-08-23 16:25,Hong Kong International Airport,HKG,2024-08-23 20:15,170,Cathay Pacific,Premium Economy,725,325.0,,2215,Y,Y,Y,1,7,2,25,Friday,False,False,False,Singapore Changi Airport,SIN
Suvarnabhumi Airport,BKK,2024-08-24 11:55,Singapore Changi Airport,SIN,2024-08-24 15:25,150,Cathay Pacific,Premium Economy,150,,,335,Y,Y,Y,1,7,2,25,Saturday,False,False,False,Singapore Changi Airport,SIN
Suvarnabhumi Airport,BKK,2024-08-24 19:25,Shenzhen Bao'an International Airport,SZX,2024-08-24 23:25,180,Shenzhen,Premium Economy,875,465.0,True,399,Y,Y,Y,1,5,1,20,Saturday,False,False,False,Singapore Changi Airport,SIN
Suvarnabhumi Airport,BKK,2024-08-24 16:25,Hong Kong International Airport,HKG,2024-08-24 20:15,170,Cathay Pacific,Premium Economy,725,325.0,,2215,Y,Y,Y,1,7,2,25,Saturday,False,False,False,Singapore Changi Airport,SIN
Suvarnabhumi Airport,BKK,2024-08-25 11:55,Singapore Changi Airport,SIN,2024-08-25 15:25,150,Cathay Pacific,Premium Economy,150,,,335,Y,Y,Y,1,7,2,25,Sunday,False,False,False,Singapore Changi Airport,SIN
Suvarnabhumi Airport,BKK,2024-08-25 04:15,Shenzhen Bao'an International Airport,SZX,2024-08-25 07:55,160,Shenzhen,Premium Economy,685,285.0,,447,Y,Y,Y,1,5,1,20,Sunday,False,False,False,Singapore Changi Airport,SIN
Suvarnabhumi Airport,BKK,2024-08-25 16:25,Hong Kong International Airport,HKG,2024-08-25 20:15,170,Cathay Pacific,Premium Economy,725,325.0,,2215,Y,Y,Y,1,7,2,25,Sunday,False,False,False,Singapore Changi Airport,SIN
Suvarnabhumi Airport,BKK,2024-08-26 11:55,Singapore Changi Airport,SIN,2024-08-26 15:25,150,Cathay Pacific,Premium Economy,150,,,335,Y,Y,Y,1,7,2,25,Monday,False,False,False,Singapore Changi Airport,SIN
Suvarnabhumi Airport,BKK,2024-08-26 04:15,Shenzhen Bao'an International Airport,SZX,2024-08-26 07:55,160,Shenzhen,Premium Economy,685,285.0,,439,Y,Y,Y,1,5,1,20,Monday,False,False,False,Singapore Changi Airport,SIN
Suvarnabhumi Airport,BKK,2024-08-26 16:25,Hong Kong International Airport,HKG,2024-08-26 20:15,170,Cathay Pacific,Premium Economy,725,325.0,,2215,Y,Y,Y,1,7,2,25,Monday,False,False,False,Singapore Changi Airport,SIN
Suvarnabhumi Airport,BKK,2024-08-27 11:55,Singapore Changi Airport,SIN,2024-08-27 15:25,150,Cathay Pacific,Premium Economy,150,,,335,Y,Y,Y,1,7,2,25,Tuesday,False,False,False,Singapore Changi Airport,SIN
Suvarnabhumi Airport,BKK,2024-08-27 04:15,Shenzhen Bao'an International Airport,SZX,2024-08-27 07:55,160,Shenzhen,Premium Economy,685,285.0,,439,Y,Y,Y,1,5,1,20,Tuesday,False,False,False,Singapore Changi Airport,SIN
Suvarnabhumi Airport,BKK,2024-08-27 12:30,Hong Kong International Airport,HKG,2024-08-27 16:30,180,Cathay Pacific,Premium Economy,665,255.0,,2215,Y,Y,Y,1,7,2,25,Tuesday,False,False,False,Singapore Changi Airport,SIN
Suvarnabhumi Airport,BKK,2024-08-27 16:25,Hong Kong International Airport,HKG,2024-08-27 20:15,170,Cathay Pacific,Premium Economy,725,325.0,,2215,Y,Y,Y,1,7,2,25,Tuesday,False,False,False,Singapore Changi Airport,SIN
Suvarnabhumi Airport,BKK,2024-08-28 11:55,Singapore Changi Airport,SIN,2024-08-28 15:25,150,Cathay Pacific,Premium Economy,150,,,335,Y,Y,Y,1,7,2,25,Wednesday,False,False,False,Singapore Changi Airport,SIN
Suvarnabhumi Airport,BKK,2024-08-28 19:25,Shenzhen Bao'an International Airport,SZX,2024-08-28 23:25,180,Shenzhen,Premium Economy,875,465.0,True,391,Y,Y,Y,1,5,1,20,Wednesday,False,False,False,Singapore Changi Airport,SIN
Suvarnabhumi Airport,BKK,2024-08-28 16:25,Hong Kong International Airport,HKG,2024-08-28 20:15,170,Cathay Pacific,Premium Economy,725,325.0,,2215,Y,Y,Y,1,7,2,25,Wednesday,False,False,False,Singapore Changi Airport,SIN
Suvarnabhumi Airport,BKK,2024-08-29 11:55,Singapore Changi Airport,SIN,2024-08-29 15:25,150,Cathay Pacific,Premium Economy,150,,,335,Y,Y,Y,1,7,2,25,Thursday,False,False,False,Singapore Changi Airport,SIN
Suvarnabhumi Airport,BKK,2024-08-29 04:15,Shenzhen Bao'an International Airport,SZX,2024-08-29 07:55,160,Shenzhen,Premium Economy,685,285.0,,391,Y,Y,Y,1,5,1,20,Thursday,False,False,False,Singapore Changi Airport,SIN
Suvarnabhumi Airport,BKK,2024-08-29 16:25,Hong Kong International Airport,HKG,2024-08-29 20:15,170,Cathay Pacific,Premium Economy,725,325.0,,2215,Y,Y,Y,1,7,2,25,Thursday,False,False,False,Singapore Changi Airport,SIN
Suvarnabhumi Airport,BKK,2024-08-30 11:55,Singapore Changi Airport,SIN,2024-08-30 15:25,150,Cathay Pacific,Premium Economy,150,,,335,Y,Y,Y,1,7,2,25,Friday,False,False,False,Singapore Changi Airport,SIN
Suvarnabhumi Airport,BKK,2024-08-30 04:15,Shenzhen Bao'an International Airport,SZX,2024-08-30 07:55,160,Shenzhen,Premium Economy,685,285.0,,391,Y,Y,Y,1,5,1,20,Friday,False,False,False,Singapore Changi Airport,SIN
Suvarnabhumi Airport,BKK,2024-08-30 16:25,Hong Kong International Airport,HKG,2024-08-30 20:15,170,Cathay Pacific,Premium Economy,725,325.0,,2215,Y,Y,Y,1,7,2,25,Friday,False,False,False,Singapore Changi Airport,SIN
Suvarnabhumi Airport,BKK,2024-08-31 11:55,Singapore Changi Airport,SIN,2024-08-31 15:25,150,Cathay Pacific,Premium Economy,150,,,335,Y,Y,Y,1,7,2,25,Saturday,False,False,False,Singapore Changi Airport,SIN
Suvarnabhumi Airport,BKK,2024-08-31 04:15,Shenzhen Bao'an International Airport,SZX,2024-08-31 07:55,160,Shenzhen,Premium Economy,685,285.0,,391,Y,Y,Y,1,5,1,20,Saturday,False,False,False,Singapore Changi Airport,SIN
Suvarnabhumi Airport,BKK,2024-08-31 19:25,Shenzhen Bao'an International Airport,SZX,2024-08-31 23:25,180,Shenzhen,Premium Economy,875,465.0,True,391,Y,Y,Y,1,5,1,20,Saturday,False,False,False,Singapore Changi Airport,SIN
Suvarnabhumi Airport,BKK,2024-08-31 16:25,Hong Kong International Airport,HKG,2024-08-31 20:15,170,Cathay Pacific,Premium Economy,725,325.0,,2215,Y,Y,Y,1,7,2,25,Saturday,False,False,False,Singapore Changi Airport,SIN
