Departure Airport Name,Departure Airport ID,Departure Time,Arrival Airport Name,Arrival Airport ID,Arrival Time,Duration,Airline,Travel Class,Total Duration,Layover 1 Duration,Layover 1 Overnight,Price, Cabin Baggage, Checked Baggage,Meal Included,Cabin Baggage (Number),Cabin Baggage (kg per piece),Checked Baggage (Number),Checked Baggage (kg per piece) ,Day of Week (on flight date),Departure Country Is Holiday,Arrival Country Is Holiday,Overnight Flight,Final Arrival Airport Name,Final Arrival Airport ID
Suvarnabhumi Airport,BKK,2024-07-01 10:50,Singapore Changi Airport,SIN,2024-07-01 14:15,145,Scoot,Premium Economy,350,130,,724,Y,Y,N,1,7,1,30,Monday,False,False,False,Kuala Lumpur International Airport,KUL
Suvarnabhumi Airport,BKK,2024-07-01 03:15,Shenzhen Bao'an International Airport,SZX,2024-07-01 07:05,170,Shenzhen,Premium Economy,930,520,,490,Y,Y,Y,1,5,1,20,Monday,False,False,False,Kuala Lumpur International Airport,KUL
Suvarnabhumi Airport,BKK,2024-07-01 12:55,Shenzhen Bao'an International Airport,SZX,2024-07-01 16:50,175,Shenzhen,Premium Economy,805,370,,490,Y,Y,Y,1,5,1,20,Monday,False,False,False,Kuala Lumpur International Airport,KUL
Suvarnabhumi Airport,BKK,2024-07-01 20:25,Singapore Changi Airport,SIN,2024-07-01 23:45,140,Scoot,Premium Economy,640,440,True,724,Y,Y,N,1,7,1,30,Monday,False,False,False,Kuala Lumpur International Airport,KUL
Suvarnabhumi Airport,BKK,2024-07-01 11:55,Singapore Changi Airport,SIN,2024-07-01 15:25,150,Cathay Pacific,Premium Economy,390,170,,1339,Y,Y,Y,1,7,1,25,Monday,False,False,False,Kuala Lumpur International Airport,KUL
Suvarnabhumi Airport,BKK,2024-07-02 10:50,Singapore Changi Airport,SIN,2024-07-02 14:15,145,Scoot,Premium Economy,350,130,,600,Y,Y,N,1,7,1,30,Tuesday,False,False,False,Kuala Lumpur International Airport,KUL
Suvarnabhumi Airport,BKK,2024-07-02 19:05,Guangzhou Baiyun International Airport,CAN,2024-07-02 22:50,165,China Southern,Premium Economy,980,555,True,457,Y,Y,Y,1,8,1,23,Tuesday,False,False,False,Kuala Lumpur International Airport,KUL
Suvarnabhumi Airport,BKK,2024-07-02 03:15,Shenzhen Bao'an International Airport,SZX,2024-07-02 07:05,170,Shenzhen,Premium Economy,930,520,,490,Y,Y,Y,1,5,1,20,Tuesday,False,False,False,Kuala Lumpur International Airport,KUL
Suvarnabhumi Airport,BKK,2024-07-02 19:25,Shenzhen Bao'an International Airport,SZX,2024-07-02 23:25,180,Shenzhen,Premium Economy,575,150,,490,Y,Y,Y,1,5,1,20,Tuesday,False,False,False,Kuala Lumpur International Airport,KUL
Suvarnabhumi Airport,BKK,2024-07-02 17:55,Singapore Changi Airport,SIN,2024-07-02 21:05,130,Scoot,Premium Economy,790,600,True,724,Y,Y,N,1,7,1,30,Tuesday,False,False,False,Kuala Lumpur International Airport,KUL
Suvarnabhumi Airport,BKK,2024-07-02 11:55,Singapore Changi Airport,SIN,2024-07-02 15:25,150,Cathay Pacific,Premium Economy,385,170,,1529,Y,Y,Y,1,7,1,25,Tuesday,False,False,False,Kuala Lumpur International Airport,KUL
Suvarnabhumi Airport,BKK,2024-07-03 12:55,Shenzhen Bao'an International Airport,SZX,2024-07-03 16:50,175,Shenzhen,Premium Economy,805,370,,490,Y,Y,Y,1,5,1,20,Wednesday,False,False,False,Kuala Lumpur International Airport,KUL
Suvarnabhumi Airport,BKK,2024-07-03 10:50,Singapore Changi Airport,SIN,2024-07-03 14:15,145,Scoot,Premium Economy,350,130,,600,Y,Y,N,1,7,1,30,Wednesday,False,False,False,Kuala Lumpur International Airport,KUL
Suvarnabhumi Airport,BKK,2024-07-03 11:55,Singapore Changi Airport,SIN,2024-07-03 15:25,150,Cathay Pacific,Premium Economy,390,170,,1529,Y,Y,Y,1,7,1,25,Wednesday,False,False,False,Kuala Lumpur International Airport,KUL
Suvarnabhumi Airport,BKK,2024-07-03 19:05,Guangzhou Baiyun International Airport,CAN,2024-07-03 22:50,165,China Southern,Premium Economy,980,555,True,457,Y,Y,Y,1,8,1,23,Wednesday,False,False,False,Kuala Lumpur International Airport,KUL
Suvarnabhumi Airport,BKK,2024-07-03 03:15,Shenzhen Bao'an International Airport,SZX,2024-07-03 07:05,170,Shenzhen,Premium Economy,930,520,,490,Y,Y,Y,1,5,1,20,Wednesday,False,False,False,Kuala Lumpur International Airport,KUL
Suvarnabhumi Airport,BKK,2024-07-03 17:55,Singapore Changi Airport,SIN,2024-07-03 21:05,130,Scoot,Premium Economy,790,600,True,724,Y,Y,N,1,7,1,30,Wednesday,False,False,False,Kuala Lumpur International Airport,KUL
Suvarnabhumi Airport,BKK,2024-07-04 19:25,Shenzhen Bao'an International Airport,SZX,2024-07-04 23:25,180,Shenzhen,Premium Economy,575,150,,490,Y,Y,Y,1,5,1,20,Thursday,False,False,False,Kuala Lumpur International Airport,KUL
Suvarnabhumi Airport,BKK,2024-07-04 10:50,Singapore Changi Airport,SIN,2024-07-04 14:15,145,Scoot,Premium Economy,350,130,,724,Y,Y,N,1,7,1,30,Thursday,False,False,False,Kuala Lumpur International Airport,KUL
Suvarnabhumi Airport,BKK,2024-07-04 19:05,Guangzhou Baiyun International Airport,CAN,2024-07-04 22:50,165,China Southern,Premium Economy,980,555,True,457,Y,Y,Y,1,8,1,23,Thursday,False,False,False,Kuala Lumpur International Airport,KUL
Suvarnabhumi Airport,BKK,2024-07-04 03:15,Shenzhen Bao'an International Airport,SZX,2024-07-04 07:05,170,Shenzhen,Premium Economy,930,520,,490,Y,Y,Y,1,5,1,20,Thursday,False,False,False,Kuala Lumpur International Airport,KUL
Suvarnabhumi Airport,BKK,2024-07-04 11:55,Singapore Changi Airport,SIN,2024-07-04 15:25,150,Cathay Pacific,Premium Economy,390,170,,1529,Y,Y,Y,1,7,1,25,Thursday,False,False,False,Kuala Lumpur International Airport,KUL
Suvarnabhumi Airport,BKK,2024-07-05 20:25,Singapore Changi Airport,SIN,2024-07-05 23:45,140,Scoot,Premium Economy,640,440,True,724,Y,Y,N,1,7,1,30,Friday,False,False,False,Kuala Lumpur International Airport,KUL
Suvarnabhumi Airport,BKK,2024-07-05 11:55,Singapore Changi Airport,SIN,2024-07-05 15:25,150,Cathay Pacific,Premium Economy,390,170,,1529,Y,Y,Y,1,7,1,25,Friday,False,False,False,Kuala Lumpur International Airport,KUL
Suvarnabhumi Airport,BKK,2024-07-05 19:05,Guangzhou Baiyun International Airport,CAN,2024-07-05 22:50,165,China Southern,Premium Economy,980,555,True,457,Y,Y,Y,1,8,1,23,Friday,False,False,False,Kuala Lumpur International Airport,KUL
Suvarnabhumi Airport,BKK,2024-07-05 03:15,Shenzhen Bao'an International Airport,SZX,2024-07-05 07:05,170,Shenzhen,Premium Economy,930,520,,490,Y,Y,Y,1,5,1,20,Friday,False,False,False,Kuala Lumpur International Airport,KUL
Suvarnabhumi Airport,BKK,2024-07-05 20:25,Singapore Changi Airport,SIN,2024-07-05 23:45,140,Scoot,Premium Economy,1105,905,True,600,Y,Y,N,1,7,1,30,Friday,False,False,False,Kuala Lumpur International Airport,KUL
Suvarnabhumi Airport,BKK,2024-07-05 12:55,Shenzhen Bao'an International Airport,SZX,2024-07-05 16:50,175,Shenzhen,Premium Economy,805,370,,617,Y,Y,Y,1,5,1,20,Friday,False,False,False,Kuala Lumpur International Airport,KUL
Suvarnabhumi Airport,BKK,2024-07-06 09:05,Singapore Changi Airport,SIN,2024-07-06 12:20,135,Scoot,Premium Economy,345,150,,724,Y,Y,N,1,7,1,30,Saturday,False,False,False,Kuala Lumpur International Airport,KUL
Suvarnabhumi Airport,BKK,2024-07-06 10:50,Singapore Changi Airport,SIN,2024-07-06 14:15,145,Scoot,Premium Economy,480,265,,724,Y,Y,N,1,7,1,30,Saturday,False,False,False,Kuala Lumpur International Airport,KUL
Suvarnabhumi Airport,BKK,2024-07-06 11:55,Singapore Changi Airport,SIN,2024-07-06 15:25,150,Cathay Pacific,Premium Economy,340,120,,1529,Y,Y,Y,1,7,1,25,Saturday,False,False,False,Kuala Lumpur International Airport,KUL
Suvarnabhumi Airport,BKK,2024-07-06 19:05,Guangzhou Baiyun International Airport,CAN,2024-07-06 22:50,165,China Southern,Premium Economy,980,555,True,457,Y,Y,Y,1,8,1,23,Saturday,False,False,False,Kuala Lumpur International Airport,KUL
Suvarnabhumi Airport,BKK,2024-07-06 03:15,Shenzhen Bao'an International Airport,SZX,2024-07-06 07:05,170,Shenzhen,Premium Economy,930,520,,490,Y,Y,Y,1,5,1,20,Saturday,False,False,False,Kuala Lumpur International Airport,KUL
Suvarnabhumi Airport,BKK,2024-07-06 12:55,Shenzhen Bao'an International Airport,SZX,2024-07-06 17:00,185,Shenzhen,Premium Economy,805,355,,672,Y,Y,Y,1,5,1,20,Saturday,False,False,False,Kuala Lumpur International Airport,KUL
Suvarnabhumi Airport,BKK,2024-07-07 10:50,Singapore Changi Airport,SIN,2024-07-07 14:15,145,Scoot,Premium Economy,545,345,,724,Y,Y,N,1,7,1,30,Sunday,False,True,False,Kuala Lumpur International Airport,KUL
Suvarnabhumi Airport,BKK,2024-07-07 10:50,Singapore Changi Airport,SIN,2024-07-07 14:15,145,Scoot,Premium Economy,475,255,,857,Y,Y,N,1,7,1,30,Sunday,False,True,False,Kuala Lumpur International Airport,KUL
Suvarnabhumi Airport,BKK,2024-07-07 11:55,Singapore Changi Airport,SIN,2024-07-07 15:25,150,Cathay Pacific,Premium Economy,390,170,,1529,Y,Y,Y,1,7,1,25,Sunday,False,True,False,Kuala Lumpur International Airport,KUL
Suvarnabhumi Airport,BKK,2024-07-07 19:05,Guangzhou Baiyun International Airport,CAN,2024-07-07 23:10,185,China Southern,Premium Economy,980,535,True,457,Y,Y,Y,1,8,1,23,Sunday,False,True,False,Kuala Lumpur International Airport,KUL
Suvarnabhumi Airport,BKK,2024-07-07 03:15,Shenzhen Bao'an International Airport,SZX,2024-07-07 07:05,170,Shenzhen,Premium Economy,930,520,,490,Y,Y,Y,1,5,1,20,Sunday,False,True,False,Kuala Lumpur International Airport,KUL
Suvarnabhumi Airport,BKK,2024-07-07 12:55,Shenzhen Bao'an International Airport,SZX,2024-07-07 16:50,175,Shenzhen,Premium Economy,805,370,,672,Y,Y,Y,1,5,1,20,Sunday,False,True,False,Kuala Lumpur International Airport,KUL
Suvarnabhumi Airport,BKK,2024-07-08 02:10,Shanghai Pudong International Airport,PVG,2024-07-08 07:30,260,China Eastern,Premium Economy,700,115,,620,Y,Y,Y,1,8,2,23,Monday,False,True,False,Kuala Lumpur International Airport,KUL
Suvarnabhumi Airport,BKK,2024-07-08 10:50,Singapore Changi Airport,SIN,2024-07-08 14:15,145,Scoot,Premium Economy,350,130,,635,Y,Y,N,1,7,1,30,Monday,False,True,False,Kuala Lumpur International Airport,KUL
Suvarnabhumi Airport,BKK,2024-07-08 11:55,Singapore Changi Airport,SIN,2024-07-08 15:25,150,Cathay Pacific,Premium Economy,390,170,,1529,Y,Y,Y,1,7,1,25,Monday,False,True,False,Kuala Lumpur International Airport,KUL
Suvarnabhumi Airport,BKK,2024-07-08 19:05,Guangzhou Baiyun International Airport,CAN,2024-07-08 22:50,165,China Southern,Premium Economy,980,555,True,481,Y,Y,Y,1,8,1,23,Monday,False,True,False,Kuala Lumpur International Airport,KUL
Suvarnabhumi Airport,BKK,2024-07-08 03:15,Shenzhen Bao'an International Airport,SZX,2024-07-08 07:05,170,Shenzhen,Premium Economy,930,520,,490,Y,Y,Y,1,5,1,20,Monday,False,True,False,Kuala Lumpur International Airport,KUL
Suvarnabhumi Airport,BKK,2024-07-08 12:55,Shenzhen Bao'an International Airport,SZX,2024-07-08 16:50,175,Shenzhen,Premium Economy,805,370,,567,Y,Y,Y,1,5,1,20,Monday,False,True,False,Kuala Lumpur International Airport,KUL
Suvarnabhumi Airport,BKK,2024-07-08 20:25,Singapore Changi Airport,SIN,2024-07-08 23:45,140,Scoot,Premium Economy,725,525,True,635,Y,Y,N,1,7,1,30,Monday,False,True,False,Kuala Lumpur International Airport,KUL
Suvarnabhumi Airport,BKK,2024-07-08 20:25,Singapore Changi Airport,SIN,2024-07-08 23:45,140,Scoot,Premium Economy,640,440,True,724,Y,Y,N,1,7,1,30,Monday,False,True,False,Kuala Lumpur International Airport,KUL
Suvarnabhumi Airport,BKK,2024-07-09 10:50,Singapore Changi Airport,SIN,2024-07-09 14:15,145,Scoot,Premium Economy,350,130,,600,Y,Y,N,1,7,1,30,Tuesday,False,False,False,Kuala Lumpur International Airport,KUL
Suvarnabhumi Airport,BKK,2024-07-09 11:55,Singapore Changi Airport,SIN,2024-07-09 15:25,150,Cathay Pacific,Premium Economy,390,170,,1529,Y,Y,Y,1,7,1,25,Tuesday,False,False,False,Kuala Lumpur International Airport,KUL
Suvarnabhumi Airport,BKK,2024-07-09 19:05,Guangzhou Baiyun International Airport,CAN,2024-07-09 22:50,165,China Southern,Premium Economy,980,555,True,457,Y,Y,Y,1,8,1,23,Tuesday,False,False,False,Kuala Lumpur International Airport,KUL
Suvarnabhumi Airport,BKK,2024-07-09 03:15,Shenzhen Bao'an International Airport,SZX,2024-07-09 07:05,170,Shenzhen,Premium Economy,930,520,,490,Y,Y,Y,1,5,1,20,Tuesday,False,False,False,Kuala Lumpur International Airport,KUL
Suvarnabhumi Airport,BKK,2024-07-09 12:55,Shenzhen Bao'an International Airport,SZX,2024-07-09 17:00,185,Shenzhen,Premium Economy,805,355,,567,Y,Y,Y,1,5,1,20,Tuesday,False,False,False,Kuala Lumpur International Airport,KUL
Suvarnabhumi Airport,BKK,2024-07-09 17:55,Singapore Changi Airport,SIN,2024-07-09 21:05,130,Scoot,Premium Economy,875,685,True,724,Y,Y,N,1,7,1,30,Tuesday,False,False,False,Kuala Lumpur International Airport,KUL
Suvarnabhumi Airport,BKK,2024-07-09 17:55,Singapore Changi Airport,SIN,2024-07-09 21:05,130,Scoot,Premium Economy,790,600,True,1027,Y,Y,N,1,7,1,30,Tuesday,False,False,False,Kuala Lumpur International Airport,KUL
Suvarnabhumi Airport,BKK,2024-07-10 10:50,Singapore Changi Airport,SIN,2024-07-10 14:15,145,Scoot,Premium Economy,350,130,,600,Y,Y,N,1,7,1,30,Wednesday,False,False,False,Kuala Lumpur International Airport,KUL
Suvarnabhumi Airport,BKK,2024-07-10 11:55,Singapore Changi Airport,SIN,2024-07-10 15:25,150,Cathay Pacific,Premium Economy,390,170,,1529,Y,Y,Y,1,7,1,25,Wednesday,False,False,False,Kuala Lumpur International Airport,KUL
Suvarnabhumi Airport,BKK,2024-07-10 19:05,Guangzhou Baiyun International Airport,CAN,2024-07-10 22:50,165,China Southern,Premium Economy,980,555,True,457,Y,Y,Y,1,8,1,23,Wednesday,False,False,False,Kuala Lumpur International Airport,KUL
Suvarnabhumi Airport,BKK,2024-07-10 03:15,Shenzhen Bao'an International Airport,SZX,2024-07-10 07:05,170,Shenzhen,Premium Economy,930,520,,490,Y,Y,Y,1,5,1,20,Wednesday,False,False,False,Kuala Lumpur International Airport,KUL
Suvarnabhumi Airport,BKK,2024-07-10 12:55,Shenzhen Bao'an International Airport,SZX,2024-07-10 16:50,175,Shenzhen,Premium Economy,805,370,,527,Y,Y,Y,1,5,1,20,Wednesday,False,False,False,Kuala Lumpur International Airport,KUL
Suvarnabhumi Airport,BKK,2024-07-10 17:55,Singapore Changi Airport,SIN,2024-07-10 21:05,130,Scoot,Premium Economy,790,600,True,635,Y,Y,N,1,7,1,30,Wednesday,False,False,False,Kuala Lumpur International Airport,KUL
Suvarnabhumi Airport,BKK,2024-07-11 10:50,Singapore Changi Airport,SIN,2024-07-11 14:15,145,Scoot,Premium Economy,350,130,,600,Y,Y,N,1,7,1,30,Thursday,False,False,False,Kuala Lumpur International Airport,KUL
Suvarnabhumi Airport,BKK,2024-07-11 19:05,Guangzhou Baiyun International Airport,CAN,2024-07-11 22:50,165,China Southern,Premium Economy,980,555,True,457,Y,Y,Y,1,8,1,23,Thursday,False,False,False,Kuala Lumpur International Airport,KUL
Suvarnabhumi Airport,BKK,2024-07-11 03:15,Shenzhen Bao'an International Airport,SZX,2024-07-11 07:05,170,Shenzhen,Premium Economy,930,520,,490,Y,Y,Y,1,5,1,20,Thursday,False,False,False,Kuala Lumpur International Airport,KUL
Suvarnabhumi Airport,BKK,2024-07-11 12:55,Shenzhen Bao'an International Airport,SZX,2024-07-11 17:00,185,Shenzhen,Premium Economy,805,355,,527,Y,Y,Y,1,5,1,20,Thursday,False,False,False,Kuala Lumpur International Airport,KUL
Suvarnabhumi Airport,BKK,2024-07-11 11:55,Singapore Changi Airport,SIN,2024-07-11 15:25,150,Cathay Pacific,Premium Economy,390,170,,1529,Y,Y,Y,1,7,1,25,Thursday,False,False,False,Kuala Lumpur International Airport,KUL
Suvarnabhumi Airport,BKK,2024-07-12 10:50,Singapore Changi Airport,SIN,2024-07-12 14:15,145,Scoot,Premium Economy,350,130,,724,Y,Y,N,1,7,1,30,Friday,False,False,False,Kuala Lumpur International Airport,KUL
Suvarnabhumi Airport,BKK,2024-07-12 11:55,Singapore Changi Airport,SIN,2024-07-12 15:25,150,Cathay Pacific,Premium Economy,390,170,,1529,Y,Y,Y,1,7,1,25,Friday,False,False,False,Kuala Lumpur International Airport,KUL
Suvarnabhumi Airport,BKK,2024-07-12 19:05,Guangzhou Baiyun International Airport,CAN,2024-07-12 22:50,165,China Southern,Premium Economy,980,555,True,457,Y,Y,Y,1,8,1,23,Friday,False,False,False,Kuala Lumpur International Airport,KUL
Suvarnabhumi Airport,BKK,2024-07-12 03:15,Shenzhen Bao'an International Airport,SZX,2024-07-12 07:05,170,Shenzhen,Premium Economy,930,520,,564,Y,Y,Y,1,5,1,20,Friday,False,False,False,Kuala Lumpur International Airport,KUL
Suvarnabhumi Airport,BKK,2024-07-12 20:25,Singapore Changi Airport,SIN,2024-07-12 23:45,140,Scoot,Premium Economy,1105,905,True,600,Y,Y,N,1,7,1,30,Friday,False,False,False,Kuala Lumpur International Airport,KUL
Suvarnabhumi Airport,BKK,2024-07-12 12:55,Shenzhen Bao'an International Airport,SZX,2024-07-12 16:50,175,Shenzhen,Premium Economy,805,370,,602,Y,Y,Y,1,5,1,20,Friday,False,False,False,Kuala Lumpur International Airport,KUL
Suvarnabhumi Airport,BKK,2024-07-12 20:25,Singapore Changi Airport,SIN,2024-07-12 23:45,140,Scoot,Premium Economy,640,440,True,635,Y,Y,N,1,7,1,30,Friday,False,False,False,Kuala Lumpur International Airport,KUL
Suvarnabhumi Airport,BKK,2024-07-13 10:50,Singapore Changi Airport,SIN,2024-07-13 14:15,145,Scoot,Premium Economy,480,265,,635,Y,Y,N,1,7,1,30,Saturday,False,False,False,Kuala Lumpur International Airport,KUL
Suvarnabhumi Airport,BKK,2024-07-13 09:05,Singapore Changi Airport,SIN,2024-07-13 12:20,135,Scoot,Premium Economy,345,150,,724,Y,Y,N,1,7,1,30,Saturday,False,False,False,Kuala Lumpur International Airport,KUL
Suvarnabhumi Airport,BKK,2024-07-13 11:55,Singapore Changi Airport,SIN,2024-07-13 15:25,150,Cathay Pacific,Premium Economy,340,120,,1529,Y,Y,Y,1,7,1,25,Saturday,False,False,False,Kuala Lumpur International Airport,KUL
Suvarnabhumi Airport,BKK,2024-07-13 19:05,Guangzhou Baiyun International Airport,CAN,2024-07-13 22:50,165,China Southern,Premium Economy,980,555,True,457,Y,Y,Y,1,8,1,23,Saturday,False,False,False,Kuala Lumpur International Airport,KUL
Suvarnabhumi Airport,BKK,2024-07-13 03:15,Shenzhen Bao'an International Airport,SZX,2024-07-13 07:05,170,Shenzhen,Premium Economy,930,520,,499,Y,Y,Y,1,5,1,20,Saturday,False,False,False,Kuala Lumpur International Airport,KUL
Suvarnabhumi Airport,BKK,2024-07-13 12:55,Shenzhen Bao'an International Airport,SZX,2024-07-13 17:00,185,Shenzhen,Premium Economy,805,355,,576,Y,Y,Y,1,5,1,20,Saturday,False,False,False,Kuala Lumpur International Airport,KUL
Suvarnabhumi Airport,BKK,2024-07-13 15:40,Singapore Changi Airport,SIN,2024-07-13 19:15,155,Scoot,Premium Economy,1010,795,True,600,Y,Y,N,1,7,1,30,Saturday,False,False,False,Kuala Lumpur International Airport,KUL
Suvarnabhumi Airport,BKK,2024-07-14 19:05,Guangzhou Baiyun International Airport,CAN,2024-07-14 23:10,185,China Southern,Premium Economy,980,535,True,457,Y,Y,Y,1,8,1,23,Sunday,False,False,False,Kuala Lumpur International Airport,KUL
Suvarnabhumi Airport,BKK,2024-07-14 03:15,Shenzhen Bao'an International Airport,SZX,2024-07-14 07:05,170,Shenzhen,Premium Economy,930,520,,499,Y,Y,Y,1,5,1,20,Sunday,False,False,False,Kuala Lumpur International Airport,KUL
Suvarnabhumi Airport,BKK,2024-07-14 12:55,Shenzhen Bao'an International Airport,SZX,2024-07-14 16:50,175,Shenzhen,Premium Economy,805,370,,576,Y,Y,Y,1,5,1,20,Sunday,False,False,False,Kuala Lumpur International Airport,KUL
Suvarnabhumi Airport,BKK,2024-07-14 17:55,Singapore Changi Airport,SIN,2024-07-14 21:05,130,Scoot,Premium Economy,790,600,True,724,Y,Y,N,1,7,1,30,Sunday,False,False,False,Kuala Lumpur International Airport,KUL
Suvarnabhumi Airport,BKK,2024-07-14 11:55,Singapore Changi Airport,SIN,2024-07-14 15:25,150,Cathay Pacific,Premium Economy,385,170,,1529,Y,Y,Y,1,7,1,25,Sunday,False,False,False,Kuala Lumpur International Airport,KUL
Suvarnabhumi Airport,BKK,2024-07-15 10:50,Singapore Changi Airport,SIN,2024-07-15 14:15,145,Scoot,Premium Economy,350,130,,600,Y,Y,N,1,7,1,30,Monday,False,False,False,Kuala Lumpur International Airport,KUL
Suvarnabhumi Airport,BKK,2024-07-15 02:10,Shanghai Pudong International Airport,PVG,2024-07-15 07:30,260,China Eastern,Premium Economy,700,115,,620,Y,Y,Y,1,8,2,23,Monday,False,False,False,Kuala Lumpur International Airport,KUL
Suvarnabhumi Airport,BKK,2024-07-15 11:55,Singapore Changi Airport,SIN,2024-07-15 15:25,150,Cathay Pacific,Premium Economy,390,170,,1529,Y,Y,Y,1,7,1,25,Monday,False,False,False,Kuala Lumpur International Airport,KUL
Suvarnabhumi Airport,BKK,2024-07-15 19:05,Guangzhou Baiyun International Airport,CAN,2024-07-15 22:50,165,China Southern,Premium Economy,980,555,True,457,Y,Y,Y,1,8,1,23,Monday,False,False,False,Kuala Lumpur International Airport,KUL
Suvarnabhumi Airport,BKK,2024-07-15 03:15,Shenzhen Bao'an International Airport,SZX,2024-07-15 07:05,170,Shenzhen,Premium Economy,930,520,,499,Y,Y,Y,1,5,1,20,Monday,False,False,False,Kuala Lumpur International Airport,KUL
Suvarnabhumi Airport,BKK,2024-07-15 12:55,Shenzhen Bao'an International Airport,SZX,2024-07-15 16:50,175,Shenzhen,Premium Economy,805,370,,576,Y,Y,Y,1,5,1,20,Monday,False,False,False,Kuala Lumpur International Airport,KUL
Suvarnabhumi Airport,BKK,2024-07-15 20:25,Singapore Changi Airport,SIN,2024-07-15 23:45,140,Scoot,Premium Economy,725,525,True,600,Y,Y,N,1,7,1,30,Monday,False,False,False,Kuala Lumpur International Airport,KUL
Suvarnabhumi Airport,BKK,2024-07-15 20:25,Singapore Changi Airport,SIN,2024-07-15 23:45,140,Scoot,Premium Economy,640,440,True,635,Y,Y,N,1,7,1,30,Monday,False,False,False,Kuala Lumpur International Airport,KUL
Suvarnabhumi Airport,BKK,2024-07-16 10:50,Singapore Changi Airport,SIN,2024-07-16 14:15,145,Scoot,Premium Economy,350,130,,600,Y,Y,N,1,7,1,30,Tuesday,False,False,False,Kuala Lumpur International Airport,KUL
Suvarnabhumi Airport,BKK,2024-07-16 11:55,Singapore Changi Airport,SIN,2024-07-16 15:25,150,Cathay Pacific,Premium Economy,390,170,,1529,Y,Y,Y,1,7,1,25,Tuesday,False,False,False,Kuala Lumpur International Airport,KUL
Suvarnabhumi Airport,BKK,2024-07-16 19:05,Guangzhou Baiyun International Airport,CAN,2024-07-16 22:50,165,China Southern,Premium Economy,980,555,True,457,Y,Y,Y,1,8,1,23,Tuesday,False,False,False,Kuala Lumpur International Airport,KUL
Suvarnabhumi Airport,BKK,2024-07-16 03:15,Shenzhen Bao'an International Airport,SZX,2024-07-16 07:05,170,Shenzhen,Premium Economy,930,520,,499,Y,Y,Y,1,5,1,20,Tuesday,False,False,False,Kuala Lumpur International Airport,KUL
Suvarnabhumi Airport,BKK,2024-07-16 17:55,Singapore Changi Airport,SIN,2024-07-16 21:05,130,Scoot,Premium Economy,790,600,True,724,Y,Y,N,1,7,1,30,Tuesday,False,False,False,Kuala Lumpur International Airport,KUL
Suvarnabhumi Airport,BKK,2024-07-16 12:55,Shenzhen Bao'an International Airport,SZX,2024-07-16 17:00,185,Shenzhen,Premium Economy,805,355,,844,Y,Y,Y,1,5,1,20,Tuesday,False,False,False,Kuala Lumpur International Airport,KUL
Suvarnabhumi Airport,BKK,2024-07-17 10:50,Singapore Changi Airport,SIN,2024-07-17 14:15,145,Scoot,Premium Economy,350,130,,600,Y,Y,N,1,7,1,30,Wednesday,False,False,False,Kuala Lumpur International Airport,KUL
Suvarnabhumi Airport,BKK,2024-07-17 19:05,Guangzhou Baiyun International Airport,CAN,2024-07-17 22:50,165,China Southern,Premium Economy,980,555,True,457,Y,Y,Y,1,8,1,23,Wednesday,False,False,False,Kuala Lumpur International Airport,KUL
Suvarnabhumi Airport,BKK,2024-07-17 03:15,Shenzhen Bao'an International Airport,SZX,2024-07-17 07:05,170,Shenzhen,Premium Economy,930,520,,499,Y,Y,Y,1,5,1,20,Wednesday,False,False,False,Kuala Lumpur International Airport,KUL
Suvarnabhumi Airport,BKK,2024-07-17 12:55,Shenzhen Bao'an International Airport,SZX,2024-07-17 16:50,175,Shenzhen,Premium Economy,805,370,,576,Y,Y,Y,1,5,1,20,Wednesday,False,False,False,Kuala Lumpur International Airport,KUL
Suvarnabhumi Airport,BKK,2024-07-17 11:55,Singapore Changi Airport,SIN,2024-07-17 15:25,150,Cathay Pacific,Premium Economy,390,170,,1529,Y,Y,Y,1,7,1,25,Wednesday,False,False,False,Kuala Lumpur International Airport,KUL
Suvarnabhumi Airport,BKK,2024-07-18 10:50,Singapore Changi Airport,SIN,2024-07-18 14:15,145,Scoot,Premium Economy,350,130,,600,Y,Y,N,1,7,1,30,Thursday,False,False,False,Kuala Lumpur International Airport,KUL
Suvarnabhumi Airport,BKK,2024-07-18 19:05,Guangzhou Baiyun International Airport,CAN,2024-07-18 22:50,165,China Southern,Premium Economy,980,555,True,457,Y,Y,Y,1,8,1,23,Thursday,False,False,False,Kuala Lumpur International Airport,KUL
Suvarnabhumi Airport,BKK,2024-07-18 03:15,Shenzhen Bao'an International Airport,SZX,2024-07-18 07:05,170,Shenzhen,Premium Economy,930,520,,499,Y,Y,Y,1,5,1,20,Thursday,False,False,False,Kuala Lumpur International Airport,KUL
Suvarnabhumi Airport,BKK,2024-07-18 12:55,Shenzhen Bao'an International Airport,SZX,2024-07-18 17:00,185,Shenzhen,Premium Economy,805,355,,576,Y,Y,Y,1,5,1,20,Thursday,False,False,False,Kuala Lumpur International Airport,KUL
Suvarnabhumi Airport,BKK,2024-07-18 11:55,Singapore Changi Airport,SIN,2024-07-18 15:25,150,Cathay Pacific,Premium Economy,390,170,,1529,Y,Y,Y,1,7,1,25,Thursday,False,False,False,Kuala Lumpur International Airport,KUL
Suvarnabhumi Airport,BKK,2024-07-19 10:50,Singapore Changi Airport,SIN,2024-07-19 14:15,145,Scoot,Premium Economy,350,130,,724,Y,Y,N,1,7,1,30,Friday,False,False,False,Kuala Lumpur International Airport,KUL
Suvarnabhumi Airport,BKK,2024-07-19 19:05,Guangzhou Baiyun International Airport,CAN,2024-07-19 22:50,165,China Southern,Premium Economy,980,555,True,457,Y,Y,Y,1,8,1,23,Friday,False,False,False,Kuala Lumpur International Airport,KUL
Suvarnabhumi Airport,BKK,2024-07-19 03:15,Shenzhen Bao'an International Airport,SZX,2024-07-19 07:05,170,Shenzhen,Premium Economy,930,520,,564,Y,Y,Y,1,5,1,20,Friday,False,False,False,Kuala Lumpur International Airport,KUL
Suvarnabhumi Airport,BKK,2024-07-19 12:55,Shenzhen Bao'an International Airport,SZX,2024-07-19 16:50,175,Shenzhen,Premium Economy,805,370,,576,Y,Y,Y,1,5,1,20,Friday,False,False,False,Kuala Lumpur International Airport,KUL
Suvarnabhumi Airport,BKK,2024-07-19 20:25,Singapore Changi Airport,SIN,2024-07-19 23:45,140,Scoot,Premium Economy,640,440,True,635,Y,Y,N,1,7,1,30,Friday,False,False,False,Kuala Lumpur International Airport,KUL
Suvarnabhumi Airport,BKK,2024-07-19 11:55,Singapore Changi Airport,SIN,2024-07-19 15:25,150,Cathay Pacific,Premium Economy,390,170,,1529,Y,Y,Y,1,7,1,25,Friday,False,False,False,Kuala Lumpur International Airport,KUL
Suvarnabhumi Airport,BKK,2024-07-20 02:10,Shanghai Pudong International Airport,PVG,2024-07-20 07:30,260,China Eastern,Premium Economy,700,115,,620,Y,Y,Y,1,8,2,23,Saturday,True,False,False,Kuala Lumpur International Airport,KUL
Suvarnabhumi Airport,BKK,2024-07-20 09:05,Singapore Changi Airport,SIN,2024-07-20 12:20,135,Scoot,Premium Economy,345,150,,635,Y,Y,N,1,7,1,30,Saturday,True,False,False,Kuala Lumpur International Airport,KUL
Suvarnabhumi Airport,BKK,2024-07-20 10:50,Singapore Changi Airport,SIN,2024-07-20 14:15,145,Scoot,Premium Economy,480,265,,857,Y,Y,N,1,7,1,30,Saturday,True,False,False,Kuala Lumpur International Airport,KUL
Suvarnabhumi Airport,BKK,2024-07-20 11:55,Singapore Changi Airport,SIN,2024-07-20 15:25,150,Cathay Pacific,Premium Economy,340,120,,1529,Y,Y,Y,1,7,1,25,Saturday,True,False,False,Kuala Lumpur International Airport,KUL
Suvarnabhumi Airport,BKK,2024-07-20 19:05,Guangzhou Baiyun International Airport,CAN,2024-07-20 22:50,165,China Southern,Premium Economy,980,555,True,457,Y,Y,Y,1,8,1,23,Saturday,True,False,False,Kuala Lumpur International Airport,KUL
Suvarnabhumi Airport,BKK,2024-07-20 03:15,Shenzhen Bao'an International Airport,SZX,2024-07-20 07:05,170,Shenzhen,Premium Economy,930,520,,564,Y,Y,Y,1,5,1,20,Saturday,True,False,False,Kuala Lumpur International Airport,KUL
Suvarnabhumi Airport,BKK,2024-07-20 15:40,Singapore Changi Airport,SIN,2024-07-20 19:15,155,Scoot,Premium Economy,1010,795,True,600,Y,Y,N,1,7,1,30,Saturday,True,False,False,Kuala Lumpur International Airport,KUL
Suvarnabhumi Airport,BKK,2024-07-20 12:55,Shenzhen Bao'an International Airport,SZX,2024-07-20 17:00,185,Shenzhen,Premium Economy,805,355,,626,Y,Y,Y,1,5,1,20,Saturday,True,False,False,Kuala Lumpur International Airport,KUL
Suvarnabhumi Airport,BKK,2024-07-21 10:50,Singapore Changi Airport,SIN,2024-07-21 14:15,145,Scoot,Premium Economy,475,255,,635,Y,Y,N,1,7,1,30,Sunday,False,False,False,Kuala Lumpur International Airport,KUL
Suvarnabhumi Airport,BKK,2024-07-21 19:05,Guangzhou Baiyun International Airport,CAN,2024-07-21 23:10,185,China Southern,Premium Economy,980,535,True,457,Y,Y,Y,1,8,1,23,Sunday,False,False,False,Kuala Lumpur International Airport,KUL
Suvarnabhumi Airport,BKK,2024-07-21 03:15,Shenzhen Bao'an International Airport,SZX,2024-07-21 07:05,170,Shenzhen,Premium Economy,930,520,,564,Y,Y,Y,1,5,1,20,Sunday,False,False,False,Kuala Lumpur International Airport,KUL
Suvarnabhumi Airport,BKK,2024-07-21 12:55,Shenzhen Bao'an International Airport,SZX,2024-07-21 16:50,175,Shenzhen,Premium Economy,805,370,,681,Y,Y,Y,1,5,1,20,Sunday,False,False,False,Kuala Lumpur International Airport,KUL
Suvarnabhumi Airport,BKK,2024-07-21 11:55,Singapore Changi Airport,SIN,2024-07-21 15:25,150,Cathay Pacific,Premium Economy,390,170,,1529,Y,Y,Y,1,7,1,25,Sunday,False,False,False,Kuala Lumpur International Airport,KUL
Suvarnabhumi Airport,BKK,2024-07-22 10:50,Singapore Changi Airport,SIN,2024-07-22 14:15,145,Scoot,Premium Economy,350,130,,600,Y,Y,N,1,7,1,30,Monday,True,False,False,Kuala Lumpur International Airport,KUL
Suvarnabhumi Airport,BKK,2024-07-22 11:55,Singapore Changi Airport,SIN,2024-07-22 15:25,150,Cathay Pacific,Premium Economy,390,170,,1529,Y,Y,Y,1,7,1,25,Monday,True,False,False,Kuala Lumpur International Airport,KUL
Suvarnabhumi Airport,BKK,2024-07-22 19:05,Guangzhou Baiyun International Airport,CAN,2024-07-22 22:50,165,China Southern,Premium Economy,980,555,True,457,Y,Y,Y,1,8,1,23,Monday,True,False,False,Kuala Lumpur International Airport,KUL
Suvarnabhumi Airport,BKK,2024-07-22 03:15,Shenzhen Bao'an International Airport,SZX,2024-07-22 07:05,170,Shenzhen,Premium Economy,930,520,,499,Y,Y,Y,1,5,1,20,Monday,True,False,False,Kuala Lumpur International Airport,KUL
Suvarnabhumi Airport,BKK,2024-07-22 12:55,Shenzhen Bao'an International Airport,SZX,2024-07-22 16:50,175,Shenzhen,Premium Economy,805,370,,576,Y,Y,Y,1,5,1,20,Monday,True,False,False,Kuala Lumpur International Airport,KUL
Suvarnabhumi Airport,BKK,2024-07-22 20:25,Singapore Changi Airport,SIN,2024-07-22 23:45,140,Scoot,Premium Economy,725,525,True,600,Y,Y,N,1,7,1,30,Monday,True,False,False,Kuala Lumpur International Airport,KUL
Suvarnabhumi Airport,BKK,2024-07-22 20:25,Singapore Changi Airport,SIN,2024-07-22 23:45,140,Scoot,Premium Economy,640,440,True,1027,Y,Y,N,1,7,1,30,Monday,True,False,False,Kuala Lumpur International Airport,KUL
Suvarnabhumi Airport,BKK,2024-07-23 10:50,Singapore Changi Airport,SIN,2024-07-23 14:15,145,Scoot,Premium Economy,350,130,,600,Y,Y,N,1,7,1,30,Tuesday,False,False,False,Kuala Lumpur International Airport,KUL
Suvarnabhumi Airport,BKK,2024-07-23 11:55,Singapore Changi Airport,SIN,2024-07-23 15:25,150,Cathay Pacific,Premium Economy,390,170,,1529,Y,Y,Y,1,7,1,25,Tuesday,False,False,False,Kuala Lumpur International Airport,KUL
Suvarnabhumi Airport,BKK,2024-07-23 19:05,Guangzhou Baiyun International Airport,CAN,2024-07-23 22:50,165,China Southern,Premium Economy,980,555,True,481,Y,Y,Y,1,8,1,23,Tuesday,False,False,False,Kuala Lumpur International Airport,KUL
Suvarnabhumi Airport,BKK,2024-07-23 03:15,Shenzhen Bao'an International Airport,SZX,2024-07-23 07:05,170,Shenzhen,Premium Economy,930,520,,536,Y,Y,Y,1,5,1,20,Tuesday,False,False,False,Kuala Lumpur International Airport,KUL
Suvarnabhumi Airport,BKK,2024-07-23 12:55,Shenzhen Bao'an International Airport,SZX,2024-07-23 17:00,185,Shenzhen,Premium Economy,805,355,,576,Y,Y,Y,1,5,1,20,Tuesday,False,False,False,Kuala Lumpur International Airport,KUL
Suvarnabhumi Airport,BKK,2024-07-23 17:55,Singapore Changi Airport,SIN,2024-07-23 21:05,130,Scoot,Premium Economy,875,685,True,635,Y,Y,N,1,7,1,30,Tuesday,False,False,False,Kuala Lumpur International Airport,KUL
Suvarnabhumi Airport,BKK,2024-07-23 17:55,Singapore Changi Airport,SIN,2024-07-23 21:05,130,Scoot,Premium Economy,790,600,True,857,Y,Y,N,1,7,1,30,Tuesday,False,False,False,Kuala Lumpur International Airport,KUL
Suvarnabhumi Airport,BKK,2024-07-24 10:50,Singapore Changi Airport,SIN,2024-07-24 14:15,145,Scoot,Premium Economy,350,130,,600,Y,Y,N,1,7,1,30,Wednesday,False,False,False,Kuala Lumpur International Airport,KUL
Suvarnabhumi Airport,BKK,2024-07-24 11:55,Singapore Changi Airport,SIN,2024-07-24 15:25,150,Cathay Pacific,Premium Economy,390,170,,1529,Y,Y,Y,1,7,1,25,Wednesday,False,False,False,Kuala Lumpur International Airport,KUL
Suvarnabhumi Airport,BKK,2024-07-24 19:05,Guangzhou Baiyun International Airport,CAN,2024-07-24 22:50,165,China Southern,Premium Economy,980,555,True,457,Y,Y,Y,1,8,1,23,Wednesday,False,False,False,Kuala Lumpur International Airport,KUL
Suvarnabhumi Airport,BKK,2024-07-24 03:15,Shenzhen Bao'an International Airport,SZX,2024-07-24 07:05,170,Shenzhen,Premium Economy,930,520,,564,Y,Y,Y,1,5,1,20,Wednesday,False,False,False,Kuala Lumpur International Airport,KUL
Suvarnabhumi Airport,BKK,2024-07-24 12:55,Shenzhen Bao'an International Airport,SZX,2024-07-24 16:50,175,Shenzhen,Premium Economy,805,370,,576,Y,Y,Y,1,5,1,20,Wednesday,False,False,False,Kuala Lumpur International Airport,KUL
Suvarnabhumi Airport,BKK,2024-07-24 17:55,Singapore Changi Airport,SIN,2024-07-24 21:05,130,Scoot,Premium Economy,790,600,True,600,Y,Y,N,1,7,1,30,Wednesday,False,False,False,Kuala Lumpur International Airport,KUL
Suvarnabhumi Airport,BKK,2024-07-25 10:50,Singapore Changi Airport,SIN,2024-07-25 14:15,145,Scoot,Premium Economy,350,130,,600,Y,Y,N,1,7,1,30,Thursday,False,False,False,Kuala Lumpur International Airport,KUL
Suvarnabhumi Airport,BKK,2024-07-25 19:05,Guangzhou Baiyun International Airport,CAN,2024-07-25 22:50,165,China Southern,Premium Economy,980,555,True,457,Y,Y,Y,1,8,1,23,Thursday,False,False,False,Kuala Lumpur International Airport,KUL
Suvarnabhumi Airport,BKK,2024-07-25 03:15,Shenzhen Bao'an International Airport,SZX,2024-07-25 07:05,170,Shenzhen,Premium Economy,930,520,,499,Y,Y,Y,1,5,1,20,Thursday,False,False,False,Kuala Lumpur International Airport,KUL
Suvarnabhumi Airport,BKK,2024-07-25 12:55,Shenzhen Bao'an International Airport,SZX,2024-07-25 17:00,185,Shenzhen,Premium Economy,805,355,,576,Y,Y,Y,1,5,1,20,Thursday,False,False,False,Kuala Lumpur International Airport,KUL
Suvarnabhumi Airport,BKK,2024-07-25 11:55,Singapore Changi Airport,SIN,2024-07-25 15:25,150,Cathay Pacific,Premium Economy,390,170,,1529,Y,Y,Y,1,7,1,25,Thursday,False,False,False,Kuala Lumpur International Airport,KUL
Suvarnabhumi Airport,BKK,2024-07-26 10:50,Singapore Changi Airport,SIN,2024-07-26 14:15,145,Scoot,Premium Economy,350,130,,724,Y,Y,N,1,7,1,30,Friday,False,False,False,Kuala Lumpur International Airport,KUL
Suvarnabhumi Airport,BKK,2024-07-26 11:55,Singapore Changi Airport,SIN,2024-07-26 15:25,150,Cathay Pacific,Premium Economy,390,170,,1529,Y,Y,Y,1,7,1,25,Friday,False,False,False,Kuala Lumpur International Airport,KUL
Suvarnabhumi Airport,BKK,2024-07-26 19:05,Guangzhou Baiyun International Airport,CAN,2024-07-26 22:50,165,China Southern,Premium Economy,980,555,True,457,Y,Y,Y,1,8,1,23,Friday,False,False,False,Kuala Lumpur International Airport,KUL
Suvarnabhumi Airport,BKK,2024-07-26 03:15,Shenzhen Bao'an International Airport,SZX,2024-07-26 07:05,170,Shenzhen,Premium Economy,930,520,,499,Y,Y,Y,1,5,1,20,Friday,False,False,False,Kuala Lumpur International Airport,KUL
Suvarnabhumi Airport,BKK,2024-07-26 12:55,Shenzhen Bao'an International Airport,SZX,2024-07-26 16:50,175,Shenzhen,Premium Economy,805,370,,576,Y,Y,Y,1,5,1,20,Friday,False,False,False,Kuala Lumpur International Airport,KUL
Suvarnabhumi Airport,BKK,2024-07-26 17:45,Singapore Changi Airport,SIN,2024-07-26 21:05,140,Scoot,Premium Economy,885,685,True,724,Y,Y,N,1,7,1,30,Friday,False,False,False,Kuala Lumpur International Airport,KUL
Suvarnabhumi Airport,BKK,2024-07-27 09:05,Singapore Changi Airport,SIN,2024-07-27 12:20,135,Scoot,Premium Economy,345,150,,724,Y,Y,N,1,7,1,30,Saturday,False,False,False,Kuala Lumpur International Airport,KUL
Suvarnabhumi Airport,BKK,2024-07-27 10:50,Singapore Changi Airport,SIN,2024-07-27 14:15,145,Scoot,Premium Economy,480,265,,724,Y,Y,N,1,7,1,30,Saturday,False,False,False,Kuala Lumpur International Airport,KUL
Suvarnabhumi Airport,BKK,2024-07-27 11:55,Singapore Changi Airport,SIN,2024-07-27 15:25,150,Cathay Pacific,Premium Economy,340,120,,1529,Y,Y,Y,1,7,1,25,Saturday,False,False,False,Kuala Lumpur International Airport,KUL
Suvarnabhumi Airport,BKK,2024-07-27 19:05,Guangzhou Baiyun International Airport,CAN,2024-07-27 22:50,165,China Southern,Premium Economy,980,555,True,457,Y,Y,Y,1,8,1,23,Saturday,False,False,False,Kuala Lumpur International Airport,KUL
Suvarnabhumi Airport,BKK,2024-07-27 03:15,Shenzhen Bao'an International Airport,SZX,2024-07-27 07:05,170,Shenzhen,Premium Economy,930,520,,499,Y,Y,Y,1,5,1,20,Saturday,False,False,False,Kuala Lumpur International Airport,KUL
Suvarnabhumi Airport,BKK,2024-07-27 12:55,Shenzhen Bao'an International Airport,SZX,2024-07-27 17:00,185,Shenzhen,Premium Economy,805,355,,576,Y,Y,Y,1,5,1,20,Saturday,False,False,False,Kuala Lumpur International Airport,KUL
Suvarnabhumi Airport,BKK,2024-07-28 10:50,Singapore Changi Airport,SIN,2024-07-28 14:15,145,Scoot,Premium Economy,475,255,,600,Y,Y,N,1,7,1,30,Sunday,True,False,False,Kuala Lumpur International Airport,KUL
Suvarnabhumi Airport,BKK,2024-07-28 19:05,Guangzhou Baiyun International Airport,CAN,2024-07-28 23:10,185,China Southern,Premium Economy,980,535,True,457,Y,Y,Y,1,8,1,23,Sunday,True,False,False,Kuala Lumpur International Airport,KUL
Suvarnabhumi Airport,BKK,2024-07-28 03:15,Shenzhen Bao'an International Airport,SZX,2024-07-28 07:05,170,Shenzhen,Premium Economy,930,520,,536,Y,Y,Y,1,5,1,20,Sunday,True,False,False,Kuala Lumpur International Airport,KUL
Suvarnabhumi Airport,BKK,2024-07-28 12:55,Shenzhen Bao'an International Airport,SZX,2024-07-28 16:50,175,Shenzhen,Premium Economy,805,370,,576,Y,Y,Y,1,5,1,20,Sunday,True,False,False,Kuala Lumpur International Airport,KUL
Suvarnabhumi Airport,BKK,2024-07-28 17:55,Singapore Changi Airport,SIN,2024-07-28 21:05,130,Scoot,Premium Economy,790,600,True,600,Y,Y,N,1,7,1,30,Sunday,True,False,False,Kuala Lumpur International Airport,KUL
Suvarnabhumi Airport,BKK,2024-07-28 11:55,Singapore Changi Airport,SIN,2024-07-28 15:25,150,Cathay Pacific,Premium Economy,390,170,,1529,Y,Y,Y,1,7,1,25,Sunday,True,False,False,Kuala Lumpur International Airport,KUL
Suvarnabhumi Airport,BKK,2024-07-29 12:55,Shenzhen Bao'an International Airport,SZX,2024-07-29 16:50,175,Shenzhen,Premium Economy,805,370,,576,Y,Y,Y,1,5,1,20,Monday,True,False,False,Kuala Lumpur International Airport,KUL
Suvarnabhumi Airport,BKK,2024-07-29 10:50,Singapore Changi Airport,SIN,2024-07-29 14:15,145,Scoot,Premium Economy,350,130,,600,Y,Y,N,1,7,1,30,Monday,True,False,False,Kuala Lumpur International Airport,KUL
Suvarnabhumi Airport,BKK,2024-07-29 11:55,Singapore Changi Airport,SIN,2024-07-29 15:25,150,Cathay Pacific,Premium Economy,390,170,,1529,Y,Y,Y,1,7,1,25,Monday,True,False,False,Kuala Lumpur International Airport,KUL
Suvarnabhumi Airport,BKK,2024-07-29 03:15,Shenzhen Bao'an International Airport,SZX,2024-07-29 07:05,170,Shenzhen,Premium Economy,930,520,,499,Y,Y,Y,1,5,1,20,Monday,True,False,False,Kuala Lumpur International Airport,KUL
Suvarnabhumi Airport,BKK,2024-07-29 19:05,Guangzhou Baiyun International Airport,CAN,2024-07-29 22:50,165,China Southern,Premium Economy,980,555,True,560,Y,Y,Y,1,8,1,23,Monday,True,False,False,Kuala Lumpur International Airport,KUL
Suvarnabhumi Airport,BKK,2024-07-29 17:55,Singapore Changi Airport,SIN,2024-07-29 21:05,130,Scoot,Premium Economy,790,600,True,724,Y,Y,N,1,7,1,30,Monday,True,False,False,Kuala Lumpur International Airport,KUL
Suvarnabhumi Airport,BKK,2024-07-30 10:50,Singapore Changi Airport,SIN,2024-07-30 14:15,145,Scoot,Premium Economy,350,130,,600,Y,Y,N,1,7,1,30,Tuesday,False,False,False,Kuala Lumpur International Airport,KUL
Suvarnabhumi Airport,BKK,2024-07-30 11:55,Singapore Changi Airport,SIN,2024-07-30 15:25,150,Cathay Pacific,Premium Economy,390,170,,1529,Y,Y,Y,1,7,1,25,Tuesday,False,False,False,Kuala Lumpur International Airport,KUL
Suvarnabhumi Airport,BKK,2024-07-30 19:05,Guangzhou Baiyun International Airport,CAN,2024-07-30 22:50,165,China Southern,Premium Economy,980,555,True,457,Y,Y,Y,1,8,1,23,Tuesday,False,False,False,Kuala Lumpur International Airport,KUL
Suvarnabhumi Airport,BKK,2024-07-30 03:15,Shenzhen Bao'an International Airport,SZX,2024-07-30 07:05,170,Shenzhen,Premium Economy,930,520,,499,Y,Y,Y,1,5,1,20,Tuesday,False,False,False,Kuala Lumpur International Airport,KUL
Suvarnabhumi Airport,BKK,2024-07-30 12:55,Shenzhen Bao'an International Airport,SZX,2024-07-30 17:00,185,Shenzhen,Premium Economy,805,355,,576,Y,Y,Y,1,5,1,20,Tuesday,False,False,False,Kuala Lumpur International Airport,KUL
Suvarnabhumi Airport,BKK,2024-07-30 17:55,Singapore Changi Airport,SIN,2024-07-30 21:05,130,Scoot,Premium Economy,875,685,True,724,Y,Y,N,1,7,1,30,Tuesday,False,False,False,Kuala Lumpur International Airport,KUL
Suvarnabhumi Airport,BKK,2024-07-31 10:50,Singapore Changi Airport,SIN,2024-07-31 14:15,145,Scoot,Premium Economy,350,130,,600,Y,Y,N,1,7,1,30,Wednesday,False,False,False,Kuala Lumpur International Airport,KUL
Suvarnabhumi Airport,BKK,2024-07-31 11:55,Singapore Changi Airport,SIN,2024-07-31 15:25,150,Cathay Pacific,Premium Economy,390,170,,1529,Y,Y,Y,1,7,1,25,Wednesday,False,False,False,Kuala Lumpur International Airport,KUL
Suvarnabhumi Airport,BKK,2024-07-31 19:05,Guangzhou Baiyun International Airport,CAN,2024-07-31 22:50,165,China Southern,Premium Economy,980,555,True,457,Y,Y,Y,1,8,1,23,Wednesday,False,False,False,Kuala Lumpur International Airport,KUL
Suvarnabhumi Airport,BKK,2024-07-31 03:15,Shenzhen Bao'an International Airport,SZX,2024-07-31 07:05,170,Shenzhen,Premium Economy,930,520,,536,Y,Y,Y,1,5,1,20,Wednesday,False,False,False,Kuala Lumpur International Airport,KUL
Suvarnabhumi Airport,BKK,2024-07-31 12:55,Shenzhen Bao'an International Airport,SZX,2024-07-31 16:50,175,Shenzhen,Premium Economy,805,370,,576,Y,Y,Y,1,5,1,20,Wednesday,False,False,False,Kuala Lumpur International Airport,KUL
Suvarnabhumi Airport,BKK,2024-08-01 19:05,Guangzhou Baiyun International Airport,CAN,2024-08-01 22:50,165,China Southern,Premium Economy,980,555,True,461,Y,Y,Y,1,8,1,23,Thursday,False,False,False,Kuala Lumpur International Airport,KUL
Suvarnabhumi Airport,BKK,2024-08-01 12:55,Shenzhen Bao'an International Airport,SZX,2024-08-01 17:00,185,Shenzhen,Premium Economy,685,250,,544,Y,Y,Y,1,5,1,20,Thursday,False,False,False,Kuala Lumpur International Airport,KUL
Suvarnabhumi Airport,BKK,2024-08-01 10:50,Singapore Changi Airport,SIN,2024-08-01 14:15,145,Scoot,Premium Economy,350,130,,613,Y,Y,N,1,7,1,30,Thursday,False,False,False,Kuala Lumpur International Airport,KUL
Suvarnabhumi Airport,BKK,2024-08-01 11:55,Singapore Changi Airport,SIN,2024-08-01 15:25,150,Cathay Pacific,Premium Economy,390,170,,1554,Y,Y,Y,1,7,1,25,Thursday,False,False,False,Kuala Lumpur International Airport,KUL
Suvarnabhumi Airport,BKK,2024-08-01 04:15,Shenzhen Bao'an International Airport,SZX,2024-08-01 07:55,160,Shenzhen,Premium Economy,870,470,,506,Y,Y,Y,1,5,1,20,Thursday,False,False,False,Kuala Lumpur International Airport,KUL
Suvarnabhumi Airport,BKK,2024-08-01 18:45,Singapore Changi Airport,SIN,2024-08-01 22:40,175,Scoot,Premium Economy,865,630,True,648,Y,Y,N,1,7,1,30,Thursday,False,False,False,Kuala Lumpur International Airport,KUL
Suvarnabhumi Airport,BKK,2024-08-01 18:45,Singapore Changi Airport,SIN,2024-08-01 22:40,175,Scoot,Premium Economy,825,590,True,874,Y,Y,N,1,7,1,30,Thursday,False,False,False,Kuala Lumpur International Airport,KUL
Suvarnabhumi Airport,BKK,2024-08-01 18:45,Singapore Changi Airport,SIN,2024-08-01 22:40,175,Scoot,Premium Economy,740,505,True,1047,Y,Y,N,1,7,1,30,Thursday,False,False,False,Kuala Lumpur International Airport,KUL
Suvarnabhumi Airport,BKK,2024-08-02 10:50,Singapore Changi Airport,SIN,2024-08-02 14:15,145,Scoot,Premium Economy,350,130,,613,Y,Y,N,1,7,1,30,Friday,False,False,False,Kuala Lumpur International Airport,KUL
Suvarnabhumi Airport,BKK,2024-08-02 04:15,Shenzhen Bao'an International Airport,SZX,2024-08-02 07:55,160,Shenzhen,Premium Economy,870,470,,506,Y,Y,Y,1,5,1,20,Friday,False,False,False,Kuala Lumpur International Airport,KUL
Suvarnabhumi Airport,BKK,2024-08-02 12:55,Shenzhen Bao'an International Airport,SZX,2024-08-02 16:50,175,Shenzhen,Premium Economy,685,260,,544,Y,Y,Y,1,5,1,20,Friday,False,False,False,Kuala Lumpur International Airport,KUL
Suvarnabhumi Airport,BKK,2024-08-02 17:45,Singapore Changi Airport,SIN,2024-08-02 21:05,140,Scoot,Premium Economy,885,685,True,613,Y,Y,N,1,7,1,30,Friday,False,False,False,Kuala Lumpur International Airport,KUL
Suvarnabhumi Airport,BKK,2024-08-02 17:45,Singapore Changi Airport,SIN,2024-08-02 21:05,140,Scoot,Premium Economy,800,600,True,648,Y,Y,N,1,7,1,30,Friday,False,False,False,Kuala Lumpur International Airport,KUL
Suvarnabhumi Airport,BKK,2024-08-02 11:55,Singapore Changi Airport,SIN,2024-08-02 15:25,150,Cathay Pacific,Premium Economy,390,170,,1554,Y,Y,Y,1,7,1,25,Friday,False,False,False,Kuala Lumpur International Airport,KUL
Suvarnabhumi Airport,BKK,2024-08-03 12:55,Shenzhen Bao'an International Airport,SZX,2024-08-03 17:00,185,Shenzhen,Premium Economy,685,250,,544,Y,Y,Y,1,5,1,20,Saturday,False,False,False,Kuala Lumpur International Airport,KUL
Suvarnabhumi Airport,BKK,2024-08-03 09:05,Singapore Changi Airport,SIN,2024-08-03 12:20,135,Scoot,Premium Economy,345,150,,739,Y,Y,N,1,7,1,30,Saturday,False,False,False,Kuala Lumpur International Airport,KUL
Suvarnabhumi Airport,BKK,2024-08-03 10:50,Singapore Changi Airport,SIN,2024-08-03 14:15,145,Scoot,Premium Economy,480,265,,739,Y,Y,N,1,7,1,30,Saturday,False,False,False,Kuala Lumpur International Airport,KUL
Suvarnabhumi Airport,BKK,2024-08-03 11:55,Singapore Changi Airport,SIN,2024-08-03 15:25,150,Cathay Pacific,Premium Economy,340,120,,1554,Y,Y,Y,1,7,1,25,Saturday,False,False,False,Kuala Lumpur International Airport,KUL
Suvarnabhumi Airport,BKK,2024-08-03 19:05,Guangzhou Baiyun International Airport,CAN,2024-08-03 22:50,165,China Southern,Premium Economy,980,555,True,461,Y,Y,Y,1,8,1,23,Saturday,False,False,False,Kuala Lumpur International Airport,KUL
Suvarnabhumi Airport,BKK,2024-08-03 09:05,Singapore Changi Airport,SIN,2024-08-03 12:20,135,Scoot,Premium Economy,585,380,,613,Y,Y,N,1,7,1,30,Saturday,False,False,False,Kuala Lumpur International Airport,KUL
Suvarnabhumi Airport,BKK,2024-08-03 15:40,Singapore Changi Airport,SIN,2024-08-03 19:15,155,Scoot,Premium Economy,1010,795,True,648,Y,Y,N,1,7,1,30,Saturday,False,False,False,Kuala Lumpur International Airport,KUL
Suvarnabhumi Airport,BKK,2024-08-04 12:55,Shenzhen Bao'an International Airport,SZX,2024-08-04 16:50,175,Shenzhen,Premium Economy,685,260,,636,Y,Y,Y,1,5,1,20,Sunday,False,False,False,Kuala Lumpur International Airport,KUL
Suvarnabhumi Airport,BKK,2024-08-04 10:50,Singapore Changi Airport,SIN,2024-08-04 14:15,145,Scoot,Premium Economy,545,345,,739,Y,Y,N,1,7,1,30,Sunday,False,False,False,Kuala Lumpur International Airport,KUL
Suvarnabhumi Airport,BKK,2024-08-04 10:50,Singapore Changi Airport,SIN,2024-08-04 14:15,145,Scoot,Premium Economy,475,255,,874,Y,Y,N,1,7,1,30,Sunday,False,False,False,Kuala Lumpur International Airport,KUL
Suvarnabhumi Airport,BKK,2024-08-04 11:55,Singapore Changi Airport,SIN,2024-08-04 15:25,150,Cathay Pacific,Premium Economy,390,170,,1554,Y,Y,Y,1,7,1,25,Sunday,False,False,False,Kuala Lumpur International Airport,KUL
Suvarnabhumi Airport,BKK,2024-08-04 19:05,Guangzhou Baiyun International Airport,CAN,2024-08-04 23:10,185,China Southern,Premium Economy,980,535,True,461,Y,Y,Y,1,8,1,23,Sunday,False,False,False,Kuala Lumpur International Airport,KUL
Suvarnabhumi Airport,BKK,2024-08-04 04:15,Shenzhen Bao'an International Airport,SZX,2024-08-04 07:55,160,Shenzhen,Premium Economy,870,470,,506,Y,Y,Y,1,5,1,20,Sunday,False,False,False,Kuala Lumpur International Airport,KUL
Suvarnabhumi Airport,BKK,2024-08-04 17:55,Singapore Changi Airport,SIN,2024-08-04 21:05,130,Scoot,Premium Economy,790,600,True,739,Y,Y,N,1,7,1,30,Sunday,False,False,False,Kuala Lumpur International Airport,KUL
Suvarnabhumi Airport,BKK,2024-08-05 12:55,Shenzhen Bao'an International Airport,SZX,2024-08-05 16:50,175,Shenzhen,Premium Economy,805,370,,544,Y,Y,Y,1,5,1,20,Monday,False,False,False,Kuala Lumpur International Airport,KUL
Suvarnabhumi Airport,BKK,2024-08-05 10:50,Singapore Changi Airport,SIN,2024-08-05 14:15,145,Scoot,Premium Economy,350,130,,648,Y,Y,N,1,7,1,30,Monday,False,False,False,Kuala Lumpur International Airport,KUL
Suvarnabhumi Airport,BKK,2024-08-05 11:55,Singapore Changi Airport,SIN,2024-08-05 15:25,150,Cathay Pacific,Premium Economy,390,170,,1554,Y,Y,Y,1,7,1,25,Monday,False,False,False,Kuala Lumpur International Airport,KUL
Suvarnabhumi Airport,BKK,2024-08-05 04:15,Shenzhen Bao'an International Airport,SZX,2024-08-05 07:55,160,Shenzhen,Premium Economy,870,470,,506,Y,Y,Y,1,5,1,20,Monday,False,False,False,Kuala Lumpur International Airport,KUL
Suvarnabhumi Airport,BKK,2024-08-05 17:55,Singapore Changi Airport,SIN,2024-08-05 21:05,130,Scoot,Premium Economy,875,685,True,613,Y,Y,N,1,7,1,30,Monday,False,False,False,Kuala Lumpur International Airport,KUL
Suvarnabhumi Airport,BKK,2024-08-05 17:55,Singapore Changi Airport,SIN,2024-08-05 21:05,130,Scoot,Premium Economy,790,600,True,739,Y,Y,N,1,7,1,30,Monday,False,False,False,Kuala Lumpur International Airport,KUL
Suvarnabhumi Airport,BKK,2024-08-06 10:50,Singapore Changi Airport,SIN,2024-08-06 14:15,145,Scoot,Premium Economy,350,130,,648,Y,Y,N,1,7,1,30,Tuesday,False,False,False,Kuala Lumpur International Airport,KUL
Suvarnabhumi Airport,BKK,2024-08-06 19:05,Guangzhou Baiyun International Airport,CAN,2024-08-06 22:50,165,China Southern,Premium Economy,980,555,True,461,Y,Y,Y,1,8,1,23,Tuesday,False,False,False,Kuala Lumpur International Airport,KUL
Suvarnabhumi Airport,BKK,2024-08-06 04:15,Shenzhen Bao'an International Airport,SZX,2024-08-06 07:55,160,Shenzhen,Premium Economy,870,470,,506,Y,Y,Y,1,5,1,20,Tuesday,False,False,False,Kuala Lumpur International Airport,KUL
Suvarnabhumi Airport,BKK,2024-08-06 12:55,Shenzhen Bao'an International Airport,SZX,2024-08-06 17:00,185,Shenzhen,Premium Economy,685,250,,544,Y,Y,Y,1,5,1,20,Tuesday,False,False,False,Kuala Lumpur International Airport,KUL
Suvarnabhumi Airport,BKK,2024-08-06 17:55,Singapore Changi Airport,SIN,2024-08-06 21:05,130,Scoot,Premium Economy,875,685,True,648,Y,Y,N,1,7,1,30,Tuesday,False,False,False,Kuala Lumpur International Airport,KUL
Suvarnabhumi Airport,BKK,2024-08-06 17:55,Singapore Changi Airport,SIN,2024-08-06 21:05,130,Scoot,Premium Economy,790,600,True,874,Y,Y,N,1,7,1,30,Tuesday,False,False,False,Kuala Lumpur International Airport,KUL
Suvarnabhumi Airport,BKK,2024-08-06 11:55,Singapore Changi Airport,SIN,2024-08-06 15:25,150,Cathay Pacific,Premium Economy,390,170,,1554,Y,Y,Y,1,7,1,25,Tuesday,False,False,False,Kuala Lumpur International Airport,KUL
Suvarnabhumi Airport,BKK,2024-08-07 10:50,Singapore Changi Airport,SIN,2024-08-07 14:15,145,Scoot,Premium Economy,350,130,,613,Y,Y,N,1,7,1,30,Wednesday,False,False,False,Kuala Lumpur International Airport,KUL
Suvarnabhumi Airport,BKK,2024-08-07 04:15,Shenzhen Bao'an International Airport,SZX,2024-08-07 07:55,160,Shenzhen,Premium Economy,870,470,,506,Y,Y,Y,1,5,1,20,Wednesday,False,False,False,Kuala Lumpur International Airport,KUL
Suvarnabhumi Airport,BKK,2024-08-07 12:55,Shenzhen Bao'an International Airport,SZX,2024-08-07 16:50,175,Shenzhen,Premium Economy,685,260,,544,Y,Y,Y,1,5,1,20,Wednesday,False,False,False,Kuala Lumpur International Airport,KUL
Suvarnabhumi Airport,BKK,2024-08-07 17:55,Singapore Changi Airport,SIN,2024-08-07 21:05,130,Scoot,Premium Economy,875,685,True,739,Y,Y,N,1,7,1,30,Wednesday,False,False,False,Kuala Lumpur International Airport,KUL
Suvarnabhumi Airport,BKK,2024-08-07 11:55,Singapore Changi Airport,SIN,2024-08-07 15:25,150,Cathay Pacific,Premium Economy,390,170,,1554,Y,Y,Y,1,7,1,25,Wednesday,False,False,False,Kuala Lumpur International Airport,KUL
Suvarnabhumi Airport,BKK,2024-08-08 10:50,Singapore Changi Airport,SIN,2024-08-08 14:15,145,Scoot,Premium Economy,350,130,,648,Y,Y,N,1,7,1,30,Thursday,False,False,False,Kuala Lumpur International Airport,KUL
Suvarnabhumi Airport,BKK,2024-08-08 04:15,Shenzhen Bao'an International Airport,SZX,2024-08-08 07:55,160,Shenzhen,Premium Economy,870,470,,506,Y,Y,Y,1,5,1,20,Thursday,False,False,False,Kuala Lumpur International Airport,KUL
Suvarnabhumi Airport,BKK,2024-08-08 12:55,Shenzhen Bao'an International Airport,SZX,2024-08-08 17:00,185,Shenzhen,Premium Economy,685,250,,506,Y,Y,Y,1,5,1,20,Thursday,False,False,False,Kuala Lumpur International Airport,KUL
Suvarnabhumi Airport,BKK,2024-08-08 19:05,Guangzhou Baiyun International Airport,CAN,2024-08-08 22:50,165,China Southern,Premium Economy,980,555,True,511,Y,Y,Y,1,8,1,23,Thursday,False,False,False,Kuala Lumpur International Airport,KUL
Suvarnabhumi Airport,BKK,2024-08-08 18:45,Singapore Changi Airport,SIN,2024-08-08 22:40,175,Scoot,Premium Economy,740,505,True,613,Y,Y,N,1,7,1,30,Thursday,False,False,False,Kuala Lumpur International Airport,KUL
Suvarnabhumi Airport,BKK,2024-08-08 11:55,Singapore Changi Airport,SIN,2024-08-08 15:25,150,Cathay Pacific,Premium Economy,390,170,,1554,Y,Y,Y,1,7,1,25,Thursday,False,False,False,Kuala Lumpur International Airport,KUL
Suvarnabhumi Airport,BKK,2024-08-09 10:50,Singapore Changi Airport,SIN,2024-08-09 14:15,145,Scoot,Premium Economy,350,130,,648,Y,Y,N,1,7,1,30,Friday,False,False,False,Kuala Lumpur International Airport,KUL
Suvarnabhumi Airport,BKK,2024-08-09 12:55,Shenzhen Bao'an International Airport,SZX,2024-08-09 16:50,175,Shenzhen,Premium Economy,685,260,,544,Y,Y,Y,1,5,1,20,Friday,False,False,False,Kuala Lumpur International Airport,KUL
Suvarnabhumi Airport,BKK,2024-08-09 04:15,Shenzhen Bao'an International Airport,SZX,2024-08-09 07:55,160,Shenzhen,Premium Economy,870,470,,573,Y,Y,Y,1,5,1,20,Friday,False,False,False,Kuala Lumpur International Airport,KUL
Suvarnabhumi Airport,BKK,2024-08-09 10:50,Singapore Changi Airport,SIN,2024-08-09 14:15,145,Scoot,Premium Economy,545,345,,613,Y,Y,N,1,7,1,30,Friday,False,False,False,Kuala Lumpur International Airport,KUL
Suvarnabhumi Airport,BKK,2024-08-09 17:45,Singapore Changi Airport,SIN,2024-08-09 21:05,140,Scoot,Premium Economy,885,685,True,613,Y,Y,N,1,7,1,30,Friday,False,False,False,Kuala Lumpur International Airport,KUL
Suvarnabhumi Airport,BKK,2024-08-09 11:55,Singapore Changi Airport,SIN,2024-08-09 15:25,150,Cathay Pacific,Premium Economy,365,125,,1554,Y,Y,Y,1,7,1,25,Friday,False,False,False,Kuala Lumpur International Airport,KUL
Suvarnabhumi Airport,BKK,2024-08-10 10:50,Singapore Changi Airport,SIN,2024-08-10 14:15,145,Scoot,Premium Economy,545,345,,613,Y,Y,N,1,7,1,30,Saturday,False,False,False,Kuala Lumpur International Airport,KUL
Suvarnabhumi Airport,BKK,2024-08-10 10:50,Singapore Changi Airport,SIN,2024-08-10 14:15,145,Scoot,Premium Economy,475,255,,648,Y,Y,N,1,7,1,30,Saturday,False,False,False,Kuala Lumpur International Airport,KUL
Suvarnabhumi Airport,BKK,2024-08-10 09:05,Singapore Changi Airport,SIN,2024-08-10 12:20,135,Scoot,Premium Economy,345,150,,739,Y,Y,N,1,7,1,30,Saturday,False,False,False,Kuala Lumpur International Airport,KUL
Suvarnabhumi Airport,BKK,2024-08-10 19:05,Guangzhou Baiyun International Airport,CAN,2024-08-10 22:50,165,China Southern,Premium Economy,980,555,True,461,Y,Y,Y,1,8,1,23,Saturday,False,False,False,Kuala Lumpur International Airport,KUL
Suvarnabhumi Airport,BKK,2024-08-10 12:55,Shenzhen Bao'an International Airport,SZX,2024-08-10 17:00,185,Shenzhen,Premium Economy,685,250,,544,Y,Y,Y,1,5,1,20,Saturday,False,False,False,Kuala Lumpur International Airport,KUL
Suvarnabhumi Airport,BKK,2024-08-10 09:05,Singapore Changi Airport,SIN,2024-08-10 12:20,135,Scoot,Premium Economy,580,370,,613,Y,Y,N,1,7,1,30,Saturday,False,False,False,Kuala Lumpur International Airport,KUL
Suvarnabhumi Airport,BKK,2024-08-10 11:55,Singapore Changi Airport,SIN,2024-08-10 15:25,150,Cathay Pacific,Premium Economy,390,170,,1554,Y,Y,Y,1,7,1,25,Saturday,False,False,False,Kuala Lumpur International Airport,KUL
Suvarnabhumi Airport,BKK,2024-08-11 12:55,Shenzhen Bao'an International Airport,SZX,2024-08-11 16:50,175,Shenzhen,Premium Economy,685,260,,585,Y,Y,Y,1,5,1,20,Sunday,False,False,False,Kuala Lumpur International Airport,KUL
Suvarnabhumi Airport,BKK,2024-08-11 10:50,Singapore Changi Airport,SIN,2024-08-11 14:15,145,Scoot,Premium Economy,480,265,,874,Y,Y,N,1,7,1,30,Sunday,False,False,False,Kuala Lumpur International Airport,KUL
Suvarnabhumi Airport,BKK,2024-08-11 19:05,Guangzhou Baiyun International Airport,CAN,2024-08-11 23:10,185,China Southern,Premium Economy,980,535,True,461,Y,Y,Y,1,8,1,23,Sunday,False,False,False,Kuala Lumpur International Airport,KUL
Suvarnabhumi Airport,BKK,2024-08-11 04:15,Shenzhen Bao'an International Airport,SZX,2024-08-11 07:55,160,Shenzhen,Premium Economy,870,470,,506,Y,Y,Y,1,5,1,20,Sunday,False,False,False,Kuala Lumpur International Airport,KUL
Suvarnabhumi Airport,BKK,2024-08-12 12:55,Shenzhen Bao'an International Airport,SZX,2024-08-12 16:50,175,Shenzhen,Premium Economy,805,370,,506,Y,Y,Y,1,5,1,20,Monday,True,False,False,Kuala Lumpur International Airport,KUL
Suvarnabhumi Airport,BKK,2024-08-12 10:50,Singapore Changi Airport,SIN,2024-08-12 14:15,145,Scoot,Premium Economy,350,130,,739,Y,Y,N,1,7,1,30,Monday,True,False,False,Kuala Lumpur International Airport,KUL
Suvarnabhumi Airport,BKK,2024-08-12 11:55,Singapore Changi Airport,SIN,2024-08-12 15:25,150,Cathay Pacific,Premium Economy,390,170,,1554,Y,Y,Y,1,7,1,25,Monday,True,False,False,Kuala Lumpur International Airport,KUL
Suvarnabhumi Airport,BKK,2024-08-12 04:15,Shenzhen Bao'an International Airport,SZX,2024-08-12 07:55,160,Shenzhen,Premium Economy,870,470,,506,Y,Y,Y,1,5,1,20,Monday,True,False,False,Kuala Lumpur International Airport,KUL
Suvarnabhumi Airport,BKK,2024-08-12 17:55,Singapore Changi Airport,SIN,2024-08-12 21:05,130,Scoot,Premium Economy,875,685,True,739,Y,Y,N,1,7,1,30,Monday,True,False,False,Kuala Lumpur International Airport,KUL
Suvarnabhumi Airport,BKK,2024-08-12 17:55,Singapore Changi Airport,SIN,2024-08-12 21:05,130,Scoot,Premium Economy,790,600,True,874,Y,Y,N,1,7,1,30,Monday,True,False,False,Kuala Lumpur International Airport,KUL
Suvarnabhumi Airport,BKK,2024-08-13 10:50,Singapore Changi Airport,SIN,2024-08-13 14:15,145,Scoot,Premium Economy,350,130,,739,Y,Y,N,1,7,1,30,Tuesday,False,False,False,Kuala Lumpur International Airport,KUL
Suvarnabhumi Airport,BKK,2024-08-13 19:05,Guangzhou Baiyun International Airport,CAN,2024-08-13 22:50,165,China Southern,Premium Economy,980,555,True,461,Y,Y,Y,1,8,1,23,Tuesday,False,False,False,Kuala Lumpur International Airport,KUL
Suvarnabhumi Airport,BKK,2024-08-13 04:15,Shenzhen Bao'an International Airport,SZX,2024-08-13 07:55,160,Shenzhen,Premium Economy,870,470,,506,Y,Y,Y,1,5,1,20,Tuesday,False,False,False,Kuala Lumpur International Airport,KUL
Suvarnabhumi Airport,BKK,2024-08-13 12:55,Shenzhen Bao'an International Airport,SZX,2024-08-13 17:00,185,Shenzhen,Premium Economy,685,250,,544,Y,Y,Y,1,5,1,20,Tuesday,False,False,False,Kuala Lumpur International Airport,KUL
Suvarnabhumi Airport,BKK,2024-08-13 17:55,Singapore Changi Airport,SIN,2024-08-13 21:05,130,Scoot,Premium Economy,875,685,True,739,Y,Y,N,1,7,1,30,Tuesday,False,False,False,Kuala Lumpur International Airport,KUL
Suvarnabhumi Airport,BKK,2024-08-13 17:55,Singapore Changi Airport,SIN,2024-08-13 21:05,130,Scoot,Premium Economy,790,600,True,1047,Y,Y,N,1,7,1,30,Tuesday,False,False,False,Kuala Lumpur International Airport,KUL
Suvarnabhumi Airport,BKK,2024-08-13 11:55,Singapore Changi Airport,SIN,2024-08-13 15:25,150,Cathay Pacific,Premium Economy,390,170,,1554,Y,Y,Y,1,7,1,25,Tuesday,False,False,False,Kuala Lumpur International Airport,KUL
Suvarnabhumi Airport,BKK,2024-08-14 10:50,Singapore Changi Airport,SIN,2024-08-14 14:15,145,Scoot,Premium Economy,350,130,,613,Y,Y,N,1,7,1,30,Wednesday,False,False,False,Kuala Lumpur International Airport,KUL
Suvarnabhumi Airport,BKK,2024-08-14 04:15,Shenzhen Bao'an International Airport,SZX,2024-08-14 07:55,160,Shenzhen,Premium Economy,870,470,,506,Y,Y,Y,1,5,1,20,Wednesday,False,False,False,Kuala Lumpur International Airport,KUL
Suvarnabhumi Airport,BKK,2024-08-14 12:55,Shenzhen Bao'an International Airport,SZX,2024-08-14 16:50,175,Shenzhen,Premium Economy,685,260,,506,Y,Y,Y,1,5,1,20,Wednesday,False,False,False,Kuala Lumpur International Airport,KUL
Suvarnabhumi Airport,BKK,2024-08-14 17:55,Singapore Changi Airport,SIN,2024-08-14 21:05,130,Scoot,Premium Economy,790,600,True,613,Y,Y,N,1,7,1,30,Wednesday,False,False,False,Kuala Lumpur International Airport,KUL
Suvarnabhumi Airport,BKK,2024-08-14 11:55,Singapore Changi Airport,SIN,2024-08-14 15:25,150,Cathay Pacific,Premium Economy,390,170,,1554,Y,Y,Y,1,7,1,25,Wednesday,False,False,False,Kuala Lumpur International Airport,KUL
Suvarnabhumi Airport,BKK,2024-08-15 19:05,Guangzhou Baiyun International Airport,CAN,2024-08-15 22:50,165,China Southern,Premium Economy,980,555,True,461,Y,Y,Y,1,8,1,23,Thursday,False,False,False,Kuala Lumpur International Airport,KUL
Suvarnabhumi Airport,BKK,2024-08-15 12:55,Shenzhen Bao'an International Airport,SZX,2024-08-15 17:00,185,Shenzhen,Premium Economy,685,250,,506,Y,Y,Y,1,5,1,20,Thursday,False,False,False,Kuala Lumpur International Airport,KUL
Suvarnabhumi Airport,BKK,2024-08-15 10:50,Singapore Changi Airport,SIN,2024-08-15 14:15,145,Scoot,Premium Economy,475,255,,613,Y,Y,N,1,7,1,30,Thursday,False,False,False,Kuala Lumpur International Airport,KUL
Suvarnabhumi Airport,BKK,2024-08-15 10:50,Singapore Changi Airport,SIN,2024-08-15 14:15,145,Scoot,Premium Economy,350,130,,648,Y,Y,N,1,7,1,30,Thursday,False,False,False,Kuala Lumpur International Airport,KUL
Suvarnabhumi Airport,BKK,2024-08-15 11:55,Singapore Changi Airport,SIN,2024-08-15 15:25,150,Cathay Pacific,Premium Economy,390,170,,1554,Y,Y,Y,1,7,1,25,Thursday,False,False,False,Kuala Lumpur International Airport,KUL
Suvarnabhumi Airport,BKK,2024-08-15 04:15,Shenzhen Bao'an International Airport,SZX,2024-08-15 07:55,160,Shenzhen,Premium Economy,870,470,,506,Y,Y,Y,1,5,1,20,Thursday,False,False,False,Kuala Lumpur International Airport,KUL
Suvarnabhumi Airport,BKK,2024-08-15 18:45,Singapore Changi Airport,SIN,2024-08-15 22:40,175,Scoot,Premium Economy,825,590,True,613,Y,Y,N,1,7,1,30,Thursday,False,False,False,Kuala Lumpur International Airport,KUL
Suvarnabhumi Airport,BKK,2024-08-15 18:45,Singapore Changi Airport,SIN,2024-08-15 22:40,175,Scoot,Premium Economy,740,505,True,648,Y,Y,N,1,7,1,30,Thursday,False,False,False,Kuala Lumpur International Airport,KUL
Suvarnabhumi Airport,BKK,2024-08-16 10:50,Singapore Changi Airport,SIN,2024-08-16 14:15,145,Scoot,Premium Economy,350,130,,613,Y,Y,N,1,7,1,30,Friday,False,False,False,Kuala Lumpur International Airport,KUL
Suvarnabhumi Airport,BKK,2024-08-16 04:15,Shenzhen Bao'an International Airport,SZX,2024-08-16 07:55,160,Shenzhen,Premium Economy,870,470,,506,Y,Y,Y,1,5,1,20,Friday,False,False,False,Kuala Lumpur International Airport,KUL
Suvarnabhumi Airport,BKK,2024-08-16 12:55,Shenzhen Bao'an International Airport,SZX,2024-08-16 16:50,175,Shenzhen,Premium Economy,685,260,,544,Y,Y,Y,1,5,1,20,Friday,False,False,False,Kuala Lumpur International Airport,KUL
Suvarnabhumi Airport,BKK,2024-08-16 17:45,Singapore Changi Airport,SIN,2024-08-16 21:05,140,Scoot,Premium Economy,885,685,True,613,Y,Y,N,1,7,1,30,Friday,False,False,False,Kuala Lumpur International Airport,KUL
Suvarnabhumi Airport,BKK,2024-08-16 17:45,Singapore Changi Airport,SIN,2024-08-16 21:05,140,Scoot,Premium Economy,800,600,True,648,Y,Y,N,1,7,1,30,Friday,False,False,False,Kuala Lumpur International Airport,KUL
Suvarnabhumi Airport,BKK,2024-08-16 11:55,Singapore Changi Airport,SIN,2024-08-16 15:25,150,Cathay Pacific,Premium Economy,390,170,,1554,Y,Y,Y,1,7,1,25,Friday,False,False,False,Kuala Lumpur International Airport,KUL
Suvarnabhumi Airport,BKK,2024-08-17 12:55,Shenzhen Bao'an International Airport,SZX,2024-08-17 17:00,185,Shenzhen,Premium Economy,685,250,,544,Y,Y,Y,1,5,1,20,Saturday,False,False,False,Kuala Lumpur International Airport,KUL
Suvarnabhumi Airport,BKK,2024-08-17 10:50,Singapore Changi Airport,SIN,2024-08-17 14:15,145,Scoot,Premium Economy,475,255,,613,Y,Y,N,1,7,1,30,Saturday,False,False,False,Kuala Lumpur International Airport,KUL
Suvarnabhumi Airport,BKK,2024-08-17 09:05,Singapore Changi Airport,SIN,2024-08-17 12:20,135,Scoot,Premium Economy,345,150,,648,Y,Y,N,1,7,1,30,Saturday,False,False,False,Kuala Lumpur International Airport,KUL
Suvarnabhumi Airport,BKK,2024-08-17 11:55,Singapore Changi Airport,SIN,2024-08-17 15:25,150,Cathay Pacific,Premium Economy,390,170,,1554,Y,Y,Y,1,7,1,25,Saturday,False,False,False,Kuala Lumpur International Airport,KUL
Suvarnabhumi Airport,BKK,2024-08-17 19:05,Guangzhou Baiyun International Airport,CAN,2024-08-17 22:50,165,China Southern,Premium Economy,980,555,True,461,Y,Y,Y,1,8,1,23,Saturday,False,False,False,Kuala Lumpur International Airport,KUL
Suvarnabhumi Airport,BKK,2024-08-17 04:15,Shenzhen Bao'an International Airport,SZX,2024-08-17 07:55,160,Shenzhen,Premium Economy,870,470,,506,Y,Y,Y,1,5,1,20,Saturday,False,False,False,Kuala Lumpur International Airport,KUL
Suvarnabhumi Airport,BKK,2024-08-17 15:40,Singapore Changi Airport,SIN,2024-08-17 19:00,140,Scoot,Premium Economy,925,725,True,613,Y,Y,N,1,7,1,30,Saturday,False,False,False,Kuala Lumpur International Airport,KUL
Suvarnabhumi Airport,BKK,2024-08-18 10:50,Singapore Changi Airport,SIN,2024-08-18 14:15,145,Scoot,Premium Economy,475,255,,648,Y,Y,N,1,7,1,30,Sunday,False,False,False,Kuala Lumpur International Airport,KUL
Suvarnabhumi Airport,BKK,2024-08-18 19:05,Guangzhou Baiyun International Airport,CAN,2024-08-18 23:10,185,China Southern,Premium Economy,980,535,True,461,Y,Y,Y,1,8,1,23,Sunday,False,False,False,Kuala Lumpur International Airport,KUL
Suvarnabhumi Airport,BKK,2024-08-18 04:15,Shenzhen Bao'an International Airport,SZX,2024-08-18 07:55,160,Shenzhen,Premium Economy,870,470,,506,Y,Y,Y,1,5,1,20,Sunday,False,False,False,Kuala Lumpur International Airport,KUL
Suvarnabhumi Airport,BKK,2024-08-18 12:55,Shenzhen Bao'an International Airport,SZX,2024-08-18 16:50,175,Shenzhen,Premium Economy,685,260,,636,Y,Y,Y,1,5,1,20,Sunday,False,False,False,Kuala Lumpur International Airport,KUL
Suvarnabhumi Airport,BKK,2024-08-18 17:55,Singapore Changi Airport,SIN,2024-08-18 21:05,130,Scoot,Premium Economy,790,600,True,739,Y,Y,N,1,7,1,30,Sunday,False,False,False,Kuala Lumpur International Airport,KUL
Suvarnabhumi Airport,BKK,2024-08-18 11:55,Singapore Changi Airport,SIN,2024-08-18 15:25,150,Cathay Pacific,Premium Economy,390,170,,1554,Y,Y,Y,1,7,1,25,Sunday,False,False,False,Kuala Lumpur International Airport,KUL
Suvarnabhumi Airport,BKK,2024-08-19 10:50,Singapore Changi Airport,SIN,2024-08-19 14:15,145,Scoot,Premium Economy,350,130,,613,Y,Y,N,1,7,1,30,Monday,False,False,False,Kuala Lumpur International Airport,KUL
Suvarnabhumi Airport,BKK,2024-08-19 04:15,Shenzhen Bao'an International Airport,SZX,2024-08-19 07:55,160,Shenzhen,Premium Economy,870,470,,506,Y,Y,Y,1,5,1,20,Monday,False,False,False,Kuala Lumpur International Airport,KUL
Suvarnabhumi Airport,BKK,2024-08-19 12:55,Shenzhen Bao'an International Airport,SZX,2024-08-19 16:50,175,Shenzhen,Premium Economy,805,370,,506,Y,Y,Y,1,5,1,20,Monday,False,False,False,Kuala Lumpur International Airport,KUL
Suvarnabhumi Airport,BKK,2024-08-19 11:55,Singapore Changi Airport,SIN,2024-08-19 15:25,150,Cathay Pacific,Premium Economy,390,170,,1554,Y,Y,Y,1,7,1,25,Monday,False,False,False,Kuala Lumpur International Airport,KUL
Suvarnabhumi Airport,BKK,2024-08-20 10:50,Singapore Changi Airport,SIN,2024-08-20 14:15,145,Scoot,Premium Economy,350,130,,613,Y,Y,N,1,7,1,30,Tuesday,False,False,False,Kuala Lumpur International Airport,KUL
Suvarnabhumi Airport,BKK,2024-08-20 19:05,Guangzhou Baiyun International Airport,CAN,2024-08-20 22:50,165,China Southern,Premium Economy,980,555,True,461,Y,Y,Y,1,8,1,23,Tuesday,False,False,False,Kuala Lumpur International Airport,KUL
Suvarnabhumi Airport,BKK,2024-08-20 04:15,Shenzhen Bao'an International Airport,SZX,2024-08-20 07:55,160,Shenzhen,Premium Economy,870,470,,506,Y,Y,Y,1,5,1,20,Tuesday,False,False,False,Kuala Lumpur International Airport,KUL
Suvarnabhumi Airport,BKK,2024-08-20 12:55,Shenzhen Bao'an International Airport,SZX,2024-08-20 17:00,185,Shenzhen,Premium Economy,685,250,,544,Y,Y,Y,1,5,1,20,Tuesday,False,False,False,Kuala Lumpur International Airport,KUL
Suvarnabhumi Airport,BKK,2024-08-20 17:55,Singapore Changi Airport,SIN,2024-08-20 21:05,130,Scoot,Premium Economy,790,600,True,648,Y,Y,N,1,7,1,30,Tuesday,False,False,False,Kuala Lumpur International Airport,KUL
Suvarnabhumi Airport,BKK,2024-08-20 11:55,Singapore Changi Airport,SIN,2024-08-20 15:25,150,Cathay Pacific,Premium Economy,390,170,,1554,Y,Y,Y,1,7,1,25,Tuesday,False,False,False,Kuala Lumpur International Airport,KUL
Suvarnabhumi Airport,BKK,2024-08-21 12:55,Shenzhen Bao'an International Airport,SZX,2024-08-21 16:50,175,Shenzhen,Premium Economy,685,260,,464,Y,Y,Y,1,5,1,20,Wednesday,False,False,False,Kuala Lumpur International Airport,KUL
Suvarnabhumi Airport,BKK,2024-08-21 10:50,Singapore Changi Airport,SIN,2024-08-21 14:15,145,Scoot,Premium Economy,350,130,,613,Y,Y,N,1,7,1,30,Wednesday,False,False,False,Kuala Lumpur International Airport,KUL
Suvarnabhumi Airport,BKK,2024-08-21 11:55,Singapore Changi Airport,SIN,2024-08-21 15:25,150,Cathay Pacific,Premium Economy,390,170,,1554,Y,Y,Y,1,7,1,25,Wednesday,False,False,False,Kuala Lumpur International Airport,KUL
Suvarnabhumi Airport,BKK,2024-08-21 04:15,Shenzhen Bao'an International Airport,SZX,2024-08-21 07:55,160,Shenzhen,Premium Economy,870,470,,426,Y,Y,Y,1,5,1,20,Wednesday,False,False,False,Kuala Lumpur International Airport,KUL
Suvarnabhumi Airport,BKK,2024-08-21 17:55,Singapore Changi Airport,SIN,2024-08-21 21:05,130,Scoot,Premium Economy,875,685,True,613,Y,Y,N,1,7,1,30,Wednesday,False,False,False,Kuala Lumpur International Airport,KUL
Suvarnabhumi Airport,BKK,2024-08-21 17:55,Singapore Changi Airport,SIN,2024-08-21 21:05,130,Scoot,Premium Economy,790,600,True,1047,Y,Y,N,1,7,1,30,Wednesday,False,False,False,Kuala Lumpur International Airport,KUL
Suvarnabhumi Airport,BKK,2024-08-22 10:50,Singapore Changi Airport,SIN,2024-08-22 14:15,145,Scoot,Premium Economy,350,130,,613,Y,Y,N,1,7,1,30,Thursday,False,False,False,Kuala Lumpur International Airport,KUL
Suvarnabhumi Airport,BKK,2024-08-22 04:15,Shenzhen Bao'an International Airport,SZX,2024-08-22 07:55,160,Shenzhen,Premium Economy,870,470,,426,Y,Y,Y,1,5,1,20,Thursday,False,False,False,Kuala Lumpur International Airport,KUL
Suvarnabhumi Airport,BKK,2024-08-22 12:55,Shenzhen Bao'an International Airport,SZX,2024-08-22 17:00,185,Shenzhen,Premium Economy,685,250,,426,Y,Y,Y,1,5,1,20,Thursday,False,False,False,Kuala Lumpur International Airport,KUL
Suvarnabhumi Airport,BKK,2024-08-22 19:05,Guangzhou Baiyun International Airport,CAN,2024-08-22 22:50,165,China Southern,Premium Economy,980,555,True,461,Y,Y,Y,1,8,1,23,Thursday,False,False,False,Kuala Lumpur International Airport,KUL
Suvarnabhumi Airport,BKK,2024-08-22 18:45,Singapore Changi Airport,SIN,2024-08-22 22:40,175,Scoot,Premium Economy,740,505,True,613,Y,Y,N,1,7,1,30,Thursday,False,False,False,Kuala Lumpur International Airport,KUL
Suvarnabhumi Airport,BKK,2024-08-22 11:55,Singapore Changi Airport,SIN,2024-08-22 15:25,150,Cathay Pacific,Premium Economy,390,170,,1554,Y,Y,Y,1,7,1,25,Thursday,False,False,False,Kuala Lumpur International Airport,KUL
Suvarnabhumi Airport,BKK,2024-08-23 10:50,Singapore Changi Airport,SIN,2024-08-23 14:15,145,Scoot,Premium Economy,350,130,,613,Y,Y,N,1,7,1,30,Friday,False,False,False,Kuala Lumpur International Airport,KUL
Suvarnabhumi Airport,BKK,2024-08-23 04:15,Shenzhen Bao'an International Airport,SZX,2024-08-23 07:55,160,Shenzhen,Premium Economy,870,470,,426,Y,Y,Y,1,5,1,20,Friday,False,False,False,Kuala Lumpur International Airport,KUL
Suvarnabhumi Airport,BKK,2024-08-23 12:55,Shenzhen Bao'an International Airport,SZX,2024-08-23 16:50,175,Shenzhen,Premium Economy,685,260,,426,Y,Y,Y,1,5,1,20,Friday,False,False,False,Kuala Lumpur International Airport,KUL
Suvarnabhumi Airport,BKK,2024-08-23 17:45,Singapore Changi Airport,SIN,2024-08-23 21:05,140,Scoot,Premium Economy,800,600,True,613,Y,Y,N,1,7,1,30,Friday,False,False,False,Kuala Lumpur International Airport,KUL
Suvarnabhumi Airport,BKK,2024-08-23 11:55,Singapore Changi Airport,SIN,2024-08-23 15:25,150,Cathay Pacific,Premium Economy,390,170,,1554,Y,Y,Y,1,7,1,25,Friday,False,False,False,Kuala Lumpur International Airport,KUL
Suvarnabhumi Airport,BKK,2024-08-24 12:55,Shenzhen Bao'an International Airport,SZX,2024-08-24 17:00,185,Shenzhen,Premium Economy,685,250,,426,Y,Y,Y,1,5,1,20,Saturday,False,False,False,Kuala Lumpur International Airport,KUL
Suvarnabhumi Airport,BKK,2024-08-24 10:50,Singapore Changi Airport,SIN,2024-08-24 14:15,145,Scoot,Premium Economy,475,255,,648,Y,Y,N,1,7,1,30,Saturday,False,False,False,Kuala Lumpur International Airport,KUL
Suvarnabhumi Airport,BKK,2024-08-24 09:05,Singapore Changi Airport,SIN,2024-08-24 12:20,135,Scoot,Premium Economy,345,150,,874,Y,Y,N,1,7,1,30,Saturday,False,False,False,Kuala Lumpur International Airport,KUL
Suvarnabhumi Airport,BKK,2024-08-24 04:15,Shenzhen Bao'an International Airport,SZX,2024-08-24 07:55,160,Shenzhen,Premium Economy,870,470,,426,Y,Y,Y,1,5,1,20,Saturday,False,False,False,Kuala Lumpur International Airport,KUL
Suvarnabhumi Airport,BKK,2024-08-24 19:05,Guangzhou Baiyun International Airport,CAN,2024-08-24 22:50,165,China Southern,Premium Economy,980,555,True,461,Y,Y,Y,1,8,1,23,Saturday,False,False,False,Kuala Lumpur International Airport,KUL
Suvarnabhumi Airport,BKK,2024-08-24 15:40,Singapore Changi Airport,SIN,2024-08-24 19:00,140,Scoot,Premium Economy,1010,810,True,613,Y,Y,N,1,7,1,30,Saturday,False,False,False,Kuala Lumpur International Airport,KUL
Suvarnabhumi Airport,BKK,2024-08-24 11:55,Singapore Changi Airport,SIN,2024-08-24 15:25,150,Cathay Pacific,Premium Economy,390,170,,1554,Y,Y,Y,1,7,1,25,Saturday,False,False,False,Kuala Lumpur International Airport,KUL
Suvarnabhumi Airport,BKK,2024-08-25 12:55,Shenzhen Bao'an International Airport,SZX,2024-08-25 16:50,175,Shenzhen,Premium Economy,685,260,,505,Y,Y,Y,1,5,1,20,Sunday,False,False,False,Kuala Lumpur International Airport,KUL
Suvarnabhumi Airport,BKK,2024-08-25 10:50,Singapore Changi Airport,SIN,2024-08-25 14:15,145,Scoot,Premium Economy,545,345,,613,Y,Y,N,1,7,1,30,Sunday,False,False,False,Kuala Lumpur International Airport,KUL
Suvarnabhumi Airport,BKK,2024-08-25 10:50,Singapore Changi Airport,SIN,2024-08-25 14:15,145,Scoot,Premium Economy,475,255,,648,Y,Y,N,1,7,1,30,Sunday,False,False,False,Kuala Lumpur International Airport,KUL
Suvarnabhumi Airport,BKK,2024-08-25 11:55,Singapore Changi Airport,SIN,2024-08-25 15:25,150,Cathay Pacific,Premium Economy,390,170,,1554,Y,Y,Y,1,7,1,25,Sunday,False,False,False,Kuala Lumpur International Airport,KUL
Suvarnabhumi Airport,BKK,2024-08-25 04:15,Shenzhen Bao'an International Airport,SZX,2024-08-25 07:55,160,Shenzhen,Premium Economy,870,470,,426,Y,Y,Y,1,5,1,20,Sunday,False,False,False,Kuala Lumpur International Airport,KUL
Suvarnabhumi Airport,BKK,2024-08-25 19:05,Guangzhou Baiyun International Airport,CAN,2024-08-25 23:10,185,China Southern,Premium Economy,980,535,True,461,Y,Y,Y,1,8,1,23,Sunday,False,False,False,Kuala Lumpur International Airport,KUL
Suvarnabhumi Airport,BKK,2024-08-25 17:55,Singapore Changi Airport,SIN,2024-08-25 21:05,130,Scoot,Premium Economy,790,600,True,739,Y,Y,N,1,7,1,30,Sunday,False,False,False,Kuala Lumpur International Airport,KUL
Suvarnabhumi Airport,BKK,2024-08-26 12:55,Shenzhen Bao'an International Airport,SZX,2024-08-26 16:50,175,Shenzhen,Premium Economy,805,370,,417,Y,Y,Y,1,5,1,20,Monday,False,False,False,Kuala Lumpur International Airport,KUL
Suvarnabhumi Airport,BKK,2024-08-26 10:50,Singapore Changi Airport,SIN,2024-08-26 14:15,145,Scoot,Premium Economy,350,130,,613,Y,Y,N,1,7,1,30,Monday,False,False,False,Kuala Lumpur International Airport,KUL
Suvarnabhumi Airport,BKK,2024-08-26 11:55,Singapore Changi Airport,SIN,2024-08-26 15:25,150,Cathay Pacific,Premium Economy,390,170,,1554,Y,Y,Y,1,7,1,25,Monday,False,False,False,Kuala Lumpur International Airport,KUL
Suvarnabhumi Airport,BKK,2024-08-26 04:15,Shenzhen Bao'an International Airport,SZX,2024-08-26 07:55,160,Shenzhen,Premium Economy,870,470,,417,Y,Y,Y,1,5,1,20,Monday,False,False,False,Kuala Lumpur International Airport,KUL
Suvarnabhumi Airport,BKK,2024-08-26 17:55,Singapore Changi Airport,SIN,2024-08-26 21:05,130,Scoot,Premium Economy,790,600,True,648,Y,Y,N,1,7,1,30,Monday,False,False,False,Kuala Lumpur International Airport,KUL
Suvarnabhumi Airport,BKK,2024-08-27 10:50,Singapore Changi Airport,SIN,2024-08-27 14:15,145,Scoot,Premium Economy,350,130,,613,Y,Y,N,1,7,1,30,Tuesday,False,False,False,Kuala Lumpur International Airport,KUL
Suvarnabhumi Airport,BKK,2024-08-27 04:15,Shenzhen Bao'an International Airport,SZX,2024-08-27 07:55,160,Shenzhen,Premium Economy,870,470,,417,Y,Y,Y,1,5,1,20,Tuesday,False,False,False,Kuala Lumpur International Airport,KUL
Suvarnabhumi Airport,BKK,2024-08-27 12:55,Shenzhen Bao'an International Airport,SZX,2024-08-27 17:00,185,Shenzhen,Premium Economy,685,250,,417,Y,Y,Y,1,5,1,20,Tuesday,False,False,False,Kuala Lumpur International Airport,KUL
Suvarnabhumi Airport,BKK,2024-08-27 19:05,Guangzhou Baiyun International Airport,CAN,2024-08-27 22:50,165,China Southern,Premium Economy,980,555,True,461,Y,Y,Y,1,8,1,23,Tuesday,False,False,False,Kuala Lumpur International Airport,KUL
Suvarnabhumi Airport,BKK,2024-08-27 17:55,Singapore Changi Airport,SIN,2024-08-27 21:05,130,Scoot,Premium Economy,1130,940,True,613,Y,Y,N,1,7,1,30,Tuesday,False,False,False,Kuala Lumpur International Airport,KUL
Suvarnabhumi Airport,BKK,2024-08-27 17:55,Singapore Changi Airport,SIN,2024-08-27 21:05,130,Scoot,Premium Economy,790,600,True,648,Y,Y,N,1,7,1,30,Tuesday,False,False,False,Kuala Lumpur International Airport,KUL
Suvarnabhumi Airport,BKK,2024-08-27 11:55,Singapore Changi Airport,SIN,2024-08-27 15:25,150,Cathay Pacific,Premium Economy,390,170,,1554,Y,Y,Y,1,7,1,25,Tuesday,False,False,False,Kuala Lumpur International Airport,KUL
Suvarnabhumi Airport,BKK,2024-08-28 12:55,Shenzhen Bao'an International Airport,SZX,2024-08-28 16:50,175,Shenzhen,Premium Economy,685,260,,417,Y,Y,Y,1,5,1,20,Wednesday,False,False,False,Kuala Lumpur International Airport,KUL
Suvarnabhumi Airport,BKK,2024-08-28 10:50,Singapore Changi Airport,SIN,2024-08-28 14:15,145,Scoot,Premium Economy,350,130,,613,Y,Y,N,1,7,1,30,Wednesday,False,False,False,Kuala Lumpur International Airport,KUL
Suvarnabhumi Airport,BKK,2024-08-28 04:15,Shenzhen Bao'an International Airport,SZX,2024-08-28 07:55,160,Shenzhen,Premium Economy,870,470,,417,Y,Y,Y,1,5,1,20,Wednesday,False,False,False,Kuala Lumpur International Airport,KUL
Suvarnabhumi Airport,BKK,2024-08-28 17:55,Singapore Changi Airport,SIN,2024-08-28 21:05,130,Scoot,Premium Economy,875,685,True,613,Y,Y,N,1,7,1,30,Wednesday,False,False,False,Kuala Lumpur International Airport,KUL
Suvarnabhumi Airport,BKK,2024-08-28 17:55,Singapore Changi Airport,SIN,2024-08-28 21:05,130,Scoot,Premium Economy,790,600,True,1047,Y,Y,N,1,7,1,30,Wednesday,False,False,False,Kuala Lumpur International Airport,KUL
Suvarnabhumi Airport,BKK,2024-08-28 11:55,Singapore Changi Airport,SIN,2024-08-28 15:25,150,Cathay Pacific,Premium Economy,390,170,,1554,Y,Y,Y,1,7,1,25,Wednesday,False,False,False,Kuala Lumpur International Airport,KUL
Suvarnabhumi Airport,BKK,2024-08-29 10:50,Singapore Changi Airport,SIN,2024-08-29 14:15,145,Scoot,Premium Economy,350,130,,613,Y,Y,N,1,7,1,30,Thursday,False,False,False,Kuala Lumpur International Airport,KUL
Suvarnabhumi Airport,BKK,2024-08-29 04:15,Shenzhen Bao'an International Airport,SZX,2024-08-29 07:55,160,Shenzhen,Premium Economy,870,470,,417,Y,Y,Y,1,5,1,20,Thursday,False,False,False,Kuala Lumpur International Airport,KUL
Suvarnabhumi Airport,BKK,2024-08-29 12:55,Shenzhen Bao'an International Airport,SZX,2024-08-29 17:00,185,Shenzhen,Premium Economy,685,250,,417,Y,Y,Y,1,5,1,20,Thursday,False,False,False,Kuala Lumpur International Airport,KUL
Suvarnabhumi Airport,BKK,2024-08-29 19:05,Guangzhou Baiyun International Airport,CAN,2024-08-29 22:50,165,China Southern,Premium Economy,980,555,True,461,Y,Y,Y,1,8,1,23,Thursday,False,False,False,Kuala Lumpur International Airport,KUL
Suvarnabhumi Airport,BKK,2024-08-29 18:45,Singapore Changi Airport,SIN,2024-08-29 22:40,175,Scoot,Premium Economy,740,505,True,613,Y,Y,N,1,7,1,30,Thursday,False,False,False,Kuala Lumpur International Airport,KUL
Suvarnabhumi Airport,BKK,2024-08-29 11:55,Singapore Changi Airport,SIN,2024-08-29 15:25,150,Cathay Pacific,Premium Economy,390,170,,1554,Y,Y,Y,1,7,1,25,Thursday,False,False,False,Kuala Lumpur International Airport,KUL
Suvarnabhumi Airport,BKK,2024-08-30 10:50,Singapore Changi Airport,SIN,2024-08-30 14:15,145,Scoot,Premium Economy,350,130,,613,Y,Y,N,1,7,1,30,Friday,False,False,False,Kuala Lumpur International Airport,KUL
Suvarnabhumi Airport,BKK,2024-08-30 04:15,Shenzhen Bao'an International Airport,SZX,2024-08-30 07:55,160,Shenzhen,Premium Economy,870,470,,417,Y,Y,Y,1,5,1,20,Friday,False,False,False,Kuala Lumpur International Airport,KUL
Suvarnabhumi Airport,BKK,2024-08-30 12:55,Shenzhen Bao'an International Airport,SZX,2024-08-30 16:50,175,Shenzhen,Premium Economy,685,260,,417,Y,Y,Y,1,5,1,20,Friday,False,False,False,Kuala Lumpur International Airport,KUL
Suvarnabhumi Airport,BKK,2024-08-30 17:45,Singapore Changi Airport,SIN,2024-08-30 21:05,140,Scoot,Premium Economy,800,600,True,648,Y,Y,N,1,7,1,30,Friday,False,False,False,Kuala Lumpur International Airport,KUL
Suvarnabhumi Airport,BKK,2024-08-30 11:55,Singapore Changi Airport,SIN,2024-08-30 15:25,150,Cathay Pacific,Premium Economy,390,170,,1554,Y,Y,Y,1,7,1,25,Friday,False,False,False,Kuala Lumpur International Airport,KUL
Suvarnabhumi Airport,BKK,2024-08-31 10:50,Singapore Changi Airport,SIN,2024-08-31 14:15,145,Scoot,Premium Economy,475,255,,613,Y,Y,N,1,7,1,30,Saturday,False,True,False,Kuala Lumpur International Airport,KUL
Suvarnabhumi Airport,BKK,2024-08-31 09:05,Singapore Changi Airport,SIN,2024-08-31 12:20,135,Scoot,Premium Economy,345,150,,648,Y,Y,N,1,7,1,30,Saturday,False,True,False,Kuala Lumpur International Airport,KUL
Suvarnabhumi Airport,BKK,2024-08-31 04:15,Shenzhen Bao'an International Airport,SZX,2024-08-31 07:55,160,Shenzhen,Premium Economy,870,470,,417,Y,Y,Y,1,5,1,20,Saturday,False,True,False,Kuala Lumpur International Airport,KUL
Suvarnabhumi Airport,BKK,2024-08-31 12:55,Shenzhen Bao'an International Airport,SZX,2024-08-31 17:00,185,Shenzhen,Premium Economy,805,355,,417,Y,Y,Y,1,5,1,20,Saturday,False,True,False,Kuala Lumpur International Airport,KUL
Suvarnabhumi Airport,BKK,2024-08-31 19:05,Guangzhou Baiyun International Airport,CAN,2024-08-31 22:50,165,China Southern,Premium Economy,980,555,True,461,Y,Y,Y,1,8,1,23,Saturday,False,True,False,Kuala Lumpur International Airport,KUL
Suvarnabhumi Airport,BKK,2024-08-31 11:55,Singapore Changi Airport,SIN,2024-08-31 15:25,150,Cathay Pacific,Premium Economy,390,170,,1554,Y,Y,Y,1,7,1,25,Saturday,False,True,False,Kuala Lumpur International Airport,KUL
