Departure Airport Name,Departure Airport ID,Departure Time,Arrival Airport Name,Arrival Airport ID,Arrival Time,Duration,Airline,Travel Class,Total Duration,Layover 1 Duration,Layover 1 Overnight,Price, Cabin Baggage, Checked Baggage,Meal Included,Cabin Baggage (Number),Cabin Baggage (kg per piece),Checked Baggage (Number),Checked Baggage (kg per piece) ,Day of Week (on flight date),Departure Country Is Holiday,Arrival Country Is Holiday,Overnight Flight,Final Arrival Airport Name,Final Arrival Airport ID
Soekarno–Hatta International Airport,CGK,2024-07-01 19:20,Kuala Lumpur International Airport,KUL,2024-07-01 22:30,130,KLM,Premium Economy,130,,,112,Y,N,N,1,12,0,0,Monday,False,False,False,Kuala Lumpur International Airport,KUL
Soekarno–Hatta International Airport,CGK,2024-07-02 19:20,Kuala Lumpur International Airport,KUL,2024-07-02 22:30,130,KLM,Premium Economy,130,,,112,Y,N,N,1,12,0,0,Tuesday,False,False,False,Kuala Lumpur International Airport,KUL
Soekarno–Hatta International Airport,CGK,2024-07-04 19:20,Kuala Lumpur International Airport,KUL,2024-07-04 22:30,130,KLM,Premium Economy,130,,,112,Y,N,N,1,12,0,0,Thursday,False,False,False,Kuala Lumpur International Airport,KUL
Soekarno–Hatta International Airport,CGK,2024-07-06 19:20,Kuala Lumpur International Airport,KUL,2024-07-06 22:30,130,KLM,Premium Economy,130,,,112,Y,N,N,1,12,0,0,Saturday,False,False,False,Kuala Lumpur International Airport,KUL
Soekarno–Hatta International Airport,CGK,2024-07-07 19:20,Kuala Lumpur International Airport,KUL,2024-07-07 22:30,130,KLM,Premium Economy,130,,,112,Y,N,N,1,12,0,0,Sunday,True,True,False,Kuala Lumpur International Airport,KUL
Soekarno–Hatta International Airport,CGK,2024-07-08 19:20,Kuala Lumpur International Airport,KUL,2024-07-08 22:30,130,KLM,Premium Economy,130,,,112,Y,N,N,1,12,0,0,Monday,False,True,False,Kuala Lumpur International Airport,KUL
Soekarno–Hatta International Airport,CGK,2024-07-09 19:20,Kuala Lumpur International Airport,KUL,2024-07-09 22:30,130,KLM,Premium Economy,130,,,112,Y,N,N,1,12,0,0,Tuesday,False,False,False,Kuala Lumpur International Airport,KUL
Soekarno–Hatta International Airport,CGK,2024-07-11 19:20,Kuala Lumpur International Airport,KUL,2024-07-11 22:30,130,KLM,Premium Economy,130,,,112,Y,N,N,1,12,0,0,Thursday,False,False,False,Kuala Lumpur International Airport,KUL
Soekarno–Hatta International Airport,CGK,2024-07-13 19:20,Kuala Lumpur International Airport,KUL,2024-07-13 22:30,130,KLM,Premium Economy,130,,,112,Y,N,N,1,12,0,0,Saturday,False,False,False,Kuala Lumpur International Airport,KUL
Soekarno–Hatta International Airport,CGK,2024-07-14 19:20,Kuala Lumpur International Airport,KUL,2024-07-14 22:30,130,KLM,Premium Economy,130,,,112,Y,N,N,1,12,0,0,Sunday,False,False,False,Kuala Lumpur International Airport,KUL
Soekarno–Hatta International Airport,CGK,2024-07-15 19:20,Kuala Lumpur International Airport,KUL,2024-07-15 22:30,130,KLM,Premium Economy,130,,,112,Y,N,N,1,12,0,0,Monday,False,False,False,Kuala Lumpur International Airport,KUL
Soekarno–Hatta International Airport,CGK,2024-07-16 19:20,Kuala Lumpur International Airport,KUL,2024-07-16 22:30,130,KLM,Premium Economy,130,,,112,Y,N,N,1,12,0,0,Tuesday,False,False,False,Kuala Lumpur International Airport,KUL
Soekarno–Hatta International Airport,CGK,2024-07-18 19:20,Kuala Lumpur International Airport,KUL,2024-07-18 22:30,130,KLM,Premium Economy,130,,,112,Y,N,N,1,12,0,0,Thursday,False,False,False,Kuala Lumpur International Airport,KUL
Soekarno–Hatta International Airport,CGK,2024-07-20 19:20,Kuala Lumpur International Airport,KUL,2024-07-20 22:30,130,KLM,Premium Economy,130,,,112,Y,N,N,1,12,0,0,Saturday,False,False,False,Kuala Lumpur International Airport,KUL
Soekarno–Hatta International Airport,CGK,2024-07-21 19:20,Kuala Lumpur International Airport,KUL,2024-07-21 22:30,130,KLM,Premium Economy,130,,,112,Y,N,N,1,12,0,0,Sunday,False,False,False,Kuala Lumpur International Airport,KUL
Soekarno–Hatta International Airport,CGK,2024-07-22 19:20,Kuala Lumpur International Airport,KUL,2024-07-22 22:30,130,KLM,Premium Economy,130,,,112,Y,N,N,1,12,0,0,Monday,False,False,False,Kuala Lumpur International Airport,KUL
Soekarno–Hatta International Airport,CGK,2024-07-23 19:20,Kuala Lumpur International Airport,KUL,2024-07-23 22:30,130,KLM,Premium Economy,130,,,112,Y,N,N,1,12,0,0,Tuesday,False,False,False,Kuala Lumpur International Airport,KUL
Soekarno–Hatta International Airport,CGK,2024-07-25 19:20,Kuala Lumpur International Airport,KUL,2024-07-25 22:30,130,KLM,Premium Economy,130,,,112,Y,N,N,1,12,0,0,Thursday,False,False,False,Kuala Lumpur International Airport,KUL
Soekarno–Hatta International Airport,CGK,2024-07-27 19:20,Kuala Lumpur International Airport,KUL,2024-07-27 22:30,130,KLM,Premium Economy,130,,,112,Y,N,N,1,12,0,0,Saturday,False,False,False,Kuala Lumpur International Airport,KUL
Soekarno–Hatta International Airport,CGK,2024-07-28 19:20,Kuala Lumpur International Airport,KUL,2024-07-28 22:30,130,KLM,Premium Economy,130,,,112,Y,N,N,1,12,0,0,Sunday,False,False,False,Kuala Lumpur International Airport,KUL
Soekarno–Hatta International Airport,CGK,2024-07-29 19:20,Kuala Lumpur International Airport,KUL,2024-07-29 22:30,130,KLM,Premium Economy,130,,,112,Y,N,N,1,12,0,0,Monday,False,False,False,Kuala Lumpur International Airport,KUL
Soekarno–Hatta International Airport,CGK,2024-07-30 19:20,Kuala Lumpur International Airport,KUL,2024-07-30 22:30,130,KLM,Premium Economy,130,,,112,Y,N,N,1,12,0,0,Tuesday,False,False,False,Kuala Lumpur International Airport,KUL
Soekarno–Hatta International Airport,CGK,2024-08-01 19:20,Kuala Lumpur International Airport,KUL,2024-08-01 22:30,130,KLM,Premium Economy,130,,,114,Y,N,N,1,12,0,0,Thursday,False,False,False,Kuala Lumpur International Airport,KUL
Soekarno–Hatta International Airport,CGK,2024-08-03 19:20,Kuala Lumpur International Airport,KUL,2024-08-03 22:30,130,KLM,Premium Economy,130,,,114,Y,N,N,1,12,0,0,Saturday,False,False,False,Kuala Lumpur International Airport,KUL
Soekarno–Hatta International Airport,CGK,2024-08-04 19:20,Kuala Lumpur International Airport,KUL,2024-08-04 22:30,130,KLM,Premium Economy,130,,,114,Y,N,N,1,12,0,0,Sunday,False,False,False,Kuala Lumpur International Airport,KUL
Soekarno–Hatta International Airport,CGK,2024-08-05 19:20,Kuala Lumpur International Airport,KUL,2024-08-05 22:30,130,KLM,Premium Economy,130,,,114,Y,N,N,1,12,0,0,Monday,False,False,False,Kuala Lumpur International Airport,KUL
Soekarno–Hatta International Airport,CGK,2024-08-06 19:20,Kuala Lumpur International Airport,KUL,2024-08-06 22:30,130,KLM,Premium Economy,130,,,114,Y,N,N,1,12,0,0,Tuesday,False,False,False,Kuala Lumpur International Airport,KUL
Soekarno–Hatta International Airport,CGK,2024-08-08 19:20,Kuala Lumpur International Airport,KUL,2024-08-08 22:30,130,KLM,Premium Economy,130,,,114,Y,N,N,1,12,0,0,Thursday,False,False,False,Kuala Lumpur International Airport,KUL
Soekarno–Hatta International Airport,CGK,2024-08-10 19:20,Kuala Lumpur International Airport,KUL,2024-08-10 22:30,130,KLM,Premium Economy,130,,,114,Y,N,N,1,12,0,0,Saturday,False,False,False,Kuala Lumpur International Airport,KUL
Soekarno–Hatta International Airport,CGK,2024-08-11 19:20,Kuala Lumpur International Airport,KUL,2024-08-11 22:30,130,KLM,Premium Economy,130,,,114,Y,N,N,1,12,0,0,Sunday,False,False,False,Kuala Lumpur International Airport,KUL
Soekarno–Hatta International Airport,CGK,2024-08-12 19:20,Kuala Lumpur International Airport,KUL,2024-08-12 22:30,130,KLM,Premium Economy,130,,,114,Y,N,N,1,12,0,0,Monday,False,False,False,Kuala Lumpur International Airport,KUL
Soekarno–Hatta International Airport,CGK,2024-08-13 19:20,Kuala Lumpur International Airport,KUL,2024-08-13 22:30,130,KLM,Premium Economy,130,,,114,Y,N,N,1,12,0,0,Tuesday,False,False,False,Kuala Lumpur International Airport,KUL
Soekarno–Hatta International Airport,CGK,2024-08-15 19:20,Kuala Lumpur International Airport,KUL,2024-08-15 22:30,130,KLM,Premium Economy,130,,,114,Y,N,N,1,12,0,0,Thursday,False,False,False,Kuala Lumpur International Airport,KUL
Soekarno–Hatta International Airport,CGK,2024-08-17 19:20,Kuala Lumpur International Airport,KUL,2024-08-17 22:30,130,KLM,Premium Economy,130,,,114,Y,N,N,1,12,0,0,Saturday,True,False,False,Kuala Lumpur International Airport,KUL
Soekarno–Hatta International Airport,CGK,2024-08-18 19:20,Kuala Lumpur International Airport,KUL,2024-08-18 22:30,130,KLM,Premium Economy,130,,,114,Y,N,N,1,12,0,0,Sunday,False,False,False,Kuala Lumpur International Airport,KUL
Soekarno–Hatta International Airport,CGK,2024-08-19 19:20,Kuala Lumpur International Airport,KUL,2024-08-19 22:30,130,KLM,Premium Economy,130,,,114,Y,N,N,1,12,0,0,Monday,False,False,False,Kuala Lumpur International Airport,KUL
Soekarno–Hatta International Airport,CGK,2024-08-20 19:20,Kuala Lumpur International Airport,KUL,2024-08-20 22:30,130,KLM,Premium Economy,130,,,114,Y,N,N,1,12,0,0,Tuesday,False,False,False,Kuala Lumpur International Airport,KUL
Soekarno–Hatta International Airport,CGK,2024-08-22 19:20,Kuala Lumpur International Airport,KUL,2024-08-22 22:30,130,KLM,Premium Economy,130,,,114,Y,N,N,1,12,0,0,Thursday,False,False,False,Kuala Lumpur International Airport,KUL
Soekarno–Hatta International Airport,CGK,2024-08-24 19:20,Kuala Lumpur International Airport,KUL,2024-08-24 22:30,130,KLM,Premium Economy,130,,,114,Y,N,N,1,12,0,0,Saturday,False,False,False,Kuala Lumpur International Airport,KUL
Soekarno–Hatta International Airport,CGK,2024-08-25 19:20,Kuala Lumpur International Airport,KUL,2024-08-25 22:30,130,KLM,Premium Economy,130,,,114,Y,N,N,1,12,0,0,Sunday,False,False,False,Kuala Lumpur International Airport,KUL
Soekarno–Hatta International Airport,CGK,2024-08-26 19:20,Kuala Lumpur International Airport,KUL,2024-08-26 22:30,130,KLM,Premium Economy,130,,,114,Y,N,N,1,12,0,0,Monday,False,False,False,Kuala Lumpur International Airport,KUL
Soekarno–Hatta International Airport,CGK,2024-08-27 19:20,Kuala Lumpur International Airport,KUL,2024-08-27 22:30,130,KLM,Premium Economy,130,,,114,Y,N,N,1,12,0,0,Tuesday,False,False,False,Kuala Lumpur International Airport,KUL
Soekarno–Hatta International Airport,CGK,2024-08-29 19:20,Kuala Lumpur International Airport,KUL,2024-08-29 22:30,130,KLM,Premium Economy,130,,,114,Y,N,N,1,12,0,0,Thursday,False,False,False,Kuala Lumpur International Airport,KUL
Soekarno–Hatta International Airport,CGK,2024-08-31 19:20,Kuala Lumpur International Airport,KUL,2024-08-31 22:30,130,KLM,Premium Economy,130,,,114,Y,N,N,1,12,0,0,Saturday,False,True,False,Kuala Lumpur International Airport,KUL
