Departure Airport Name,Departure Airport ID,Departure Time,Arrival Airport Name,Arrival Airport ID,Arrival Time,Duration,Airline,Travel Class,Total Duration,Layover 1 Duration,Layover 1 Overnight,Price, Cabin Baggage, Checked Baggage,Meal Included,Cabin Baggage (Number),Cabin Baggage (kg per piece),Checked Baggage (Number),Checked Baggage (kg per piece),Day of Week (on flight date),Overnight Flight,Departure Country Is Holiday,Arrival Country Is Holiday,Final Arrival Airport Name,Final Arrival Airport ID
Kuala Lumpur International Airport,KUL,2024-07-01 04:20,Shenzhen Bao'an International Airport,SZX,2024-07-01 08:40,260,Shenzhen,Premium Economy,1280,870,,378,Y,Y,Y,1,5,1,20,Monday,False,False,False,Ninoy Aquino International Airport,MNL
Kuala Lumpur International Airport,KUL,2024-07-01 01:55,Shanghai Pudong International Airport,PVG,2024-07-01 07:30,335,China Eastern,Premium Economy,1075,510,,1788,Y,Y,Y,1,8,1,20,Monday,False,False,False,Ninoy Aquino International Airport,MNL
Kuala Lumpur International Airport,KUL,2024-07-01 07:15,Narita International Airport,NRT,2024-07-01 15:25,430,ANA,Premium Economy,820,110,,2014,Y,Y,Y,1,10,2,23,Monday,False,False,False,Ninoy Aquino International Airport,MNL
Kuala Lumpur International Airport,KUL,2024-07-01 14:15,Haneda Airport,HND,2024-07-01 22:15,420,ANA,Premium Economy,900,195,,2054,Y,Y,Y,1,10,2,23,Monday,False,False,False,Ninoy Aquino International Airport,MNL
Kuala Lumpur International Airport,KUL,2024-07-02 01:55,Shanghai Pudong International Airport,PVG,2024-07-02 07:30,335,China Eastern,Premium Economy,1075,510,,1721,Y,Y,Y,1,8,1,20,Tuesday,False,False,False,Ninoy Aquino International Airport,MNL
Kuala Lumpur International Airport,KUL,2024-07-02 07:15,Narita International Airport,NRT,2024-07-02 15:30,435,ANA,Premium Economy,820,105,,2014,Y,Y,Y,1,10,2,23,Tuesday,False,False,False,Ninoy Aquino International Airport,MNL
Kuala Lumpur International Airport,KUL,2024-07-02 14:15,Haneda Airport,HND,2024-07-02 22:15,420,ANA,Premium Economy,900,195,,2054,Y,Y,Y,1,10,2,23,Tuesday,False,False,False,Ninoy Aquino International Airport,MNL
Kuala Lumpur International Airport,KUL,2024-07-03 01:55,Shanghai Pudong International Airport,PVG,2024-07-03 07:30,335,China Eastern,Premium Economy,1075,510,,1721,Y,Y,Y,1,8,1,20,Wednesday,False,False,False,Ninoy Aquino International Airport,MNL
Kuala Lumpur International Airport,KUL,2024-07-03 07:15,Narita International Airport,NRT,2024-07-03 15:30,435,ANA,Premium Economy,820,105,,2014,Y,Y,Y,1,10,2,23,Wednesday,False,False,False,Ninoy Aquino International Airport,MNL
Kuala Lumpur International Airport,KUL,2024-07-04 04:20,Shenzhen Bao'an International Airport,SZX,2024-07-04 08:40,260,Shenzhen,Premium Economy,1280,870,,350,Y,Y,Y,1,5,1,20,Thursday,False,False,False,Ninoy Aquino International Airport,MNL
Kuala Lumpur International Airport,KUL,2024-07-04 01:55,Shanghai Pudong International Airport,PVG,2024-07-04 07:30,335,China Eastern,Premium Economy,1075,510,,1721,Y,Y,Y,1,8,1,20,Thursday,False,False,False,Ninoy Aquino International Airport,MNL
Kuala Lumpur International Airport,KUL,2024-07-04 07:15,Narita International Airport,NRT,2024-07-04 15:30,435,ANA,Premium Economy,820,105,,2460,Y,Y,Y,1,10,2,23,Thursday,False,False,False,Ninoy Aquino International Airport,MNL
Kuala Lumpur International Airport,KUL,2024-07-05 07:00,Shenzhen Bao'an International Airport,SZX,2024-07-05 11:30,270,Shenzhen,Premium Economy,1120,700,,384,Y,Y,Y,1,5,1,20,Friday,False,False,False,Ninoy Aquino International Airport,MNL
Kuala Lumpur International Airport,KUL,2024-07-05 01:55,Shanghai Pudong International Airport,PVG,2024-07-05 07:30,335,China Eastern,Premium Economy,1075,510,,1721,Y,Y,Y,1,8,1,20,Friday,False,False,False,Ninoy Aquino International Airport,MNL
Kuala Lumpur International Airport,KUL,2024-07-05 14:15,Haneda Airport,HND,2024-07-05 22:15,420,ANA,Premium Economy,900,195,,2054,Y,Y,Y,1,10,2,23,Friday,False,False,False,Ninoy Aquino International Airport,MNL
Kuala Lumpur International Airport,KUL,2024-07-05 07:15,Narita International Airport,NRT,2024-07-05 15:30,435,ANA,Premium Economy,820,105,,2460,Y,Y,Y,1,10,2,23,Friday,False,False,False,Ninoy Aquino International Airport,MNL
Kuala Lumpur International Airport,KUL,2024-07-06 04:20,Shenzhen Bao'an International Airport,SZX,2024-07-06 08:40,260,Shenzhen,Premium Economy,1280,870,,350,Y,Y,Y,1,5,1,20,Saturday,False,False,False,Ninoy Aquino International Airport,MNL
Kuala Lumpur International Airport,KUL,2024-07-06 01:55,Shanghai Pudong International Airport,PVG,2024-07-06 07:30,335,China Eastern,Premium Economy,1405,845,,398,Y,Y,Y,1,8,1,20,Saturday,False,False,False,Ninoy Aquino International Airport,MNL
Kuala Lumpur International Airport,KUL,2024-07-06 01:55,Shanghai Pudong International Airport,PVG,2024-07-06 07:30,335,China Eastern,Premium Economy,1075,510,,1788,Y,Y,Y,1,8,1,20,Saturday,False,False,False,Ninoy Aquino International Airport,MNL
Kuala Lumpur International Airport,KUL,2024-07-06 14:15,Haneda Airport,HND,2024-07-06 22:15,420,ANA,Premium Economy,900,195,,2191,Y,Y,Y,1,10,2,23,Saturday,False,False,False,Ninoy Aquino International Airport,MNL
Kuala Lumpur International Airport,KUL,2024-07-06 07:15,Narita International Airport,NRT,2024-07-06 15:30,435,ANA,Premium Economy,820,105,,2460,Y,Y,Y,1,10,2,23,Saturday,False,False,False,Ninoy Aquino International Airport,MNL
Kuala Lumpur International Airport,KUL,2024-07-06 14:15,Haneda Airport,HND,2024-07-06 22:15,420,ANA,Premium Economy,1395,690,True,2595,Y,Y,Y,1,10,2,23,Saturday,False,False,False,Ninoy Aquino International Airport,MNL
Kuala Lumpur International Airport,KUL,2024-07-07 01:55,Shanghai Pudong International Airport,PVG,2024-07-07 07:30,335,China Eastern,Premium Economy,1075,510,,1846,Y,Y,Y,1,8,1,20,Sunday,False,True,False,Ninoy Aquino International Airport,MNL
Kuala Lumpur International Airport,KUL,2024-07-07 14:15,Haneda Airport,HND,2024-07-07 22:15,420,ANA,Premium Economy,900,195,,2191,Y,Y,Y,1,10,2,23,Sunday,False,True,False,Ninoy Aquino International Airport,MNL
Kuala Lumpur International Airport,KUL,2024-07-07 14:15,Haneda Airport,HND,2024-07-07 22:15,420,ANA,Premium Economy,1395,690,True,2595,Y,Y,Y,1,10,2,23,Sunday,False,True,False,Ninoy Aquino International Airport,MNL
Kuala Lumpur International Airport,KUL,2024-07-07 07:15,Narita International Airport,NRT,2024-07-07 15:30,435,ANA,Premium Economy,820,105,,2597,Y,Y,Y,1,10,2,23,Sunday,False,True,False,Ninoy Aquino International Airport,MNL
Kuala Lumpur International Airport,KUL,2024-07-08 04:20,Shenzhen Bao'an International Airport,SZX,2024-07-08 08:40,260,Shenzhen,Premium Economy,1280,870,,350,Y,Y,Y,1,5,1,20,Monday,False,True,False,Ninoy Aquino International Airport,MNL
Kuala Lumpur International Airport,KUL,2024-07-08 01:55,Shanghai Pudong International Airport,PVG,2024-07-08 07:30,335,China Eastern,Premium Economy,1075,510,,1846,Y,Y,Y,1,8,1,20,Monday,False,True,False,Ninoy Aquino International Airport,MNL
Kuala Lumpur International Airport,KUL,2024-07-08 14:15,Haneda Airport,HND,2024-07-08 22:15,420,ANA,Premium Economy,900,195,,2054,Y,Y,Y,1,10,2,23,Monday,False,True,False,Ninoy Aquino International Airport,MNL
Kuala Lumpur International Airport,KUL,2024-07-08 14:15,Haneda Airport,HND,2024-07-08 22:15,420,ANA,Premium Economy,1395,690,True,2458,Y,Y,Y,1,10,2,23,Monday,False,True,False,Ninoy Aquino International Airport,MNL
Kuala Lumpur International Airport,KUL,2024-07-08 07:15,Narita International Airport,NRT,2024-07-08 15:30,435,ANA,Premium Economy,820,105,,2597,Y,Y,Y,1,10,2,23,Monday,False,True,False,Ninoy Aquino International Airport,MNL
Kuala Lumpur International Airport,KUL,2024-07-09 01:55,Shanghai Pudong International Airport,PVG,2024-07-09 07:30,335,China Eastern,Premium Economy,1075,510,,1788,Y,Y,Y,1,8,1,20,Tuesday,False,False,False,Ninoy Aquino International Airport,MNL
Kuala Lumpur International Airport,KUL,2024-07-09 14:15,Haneda Airport,HND,2024-07-09 22:15,420,ANA,Premium Economy,900,195,,2054,Y,Y,Y,1,10,2,23,Tuesday,False,False,False,Ninoy Aquino International Airport,MNL
Kuala Lumpur International Airport,KUL,2024-07-09 14:15,Haneda Airport,HND,2024-07-09 22:15,420,ANA,Premium Economy,1395,690,True,2458,Y,Y,Y,1,10,2,23,Tuesday,False,False,False,Ninoy Aquino International Airport,MNL
Kuala Lumpur International Airport,KUL,2024-07-09 07:15,Narita International Airport,NRT,2024-07-09 15:30,435,ANA,Premium Economy,820,105,,2460,Y,Y,Y,1,10,2,23,Tuesday,False,False,False,Ninoy Aquino International Airport,MNL
Kuala Lumpur International Airport,KUL,2024-07-10 01:55,Shanghai Pudong International Airport,PVG,2024-07-10 07:30,335,China Eastern,Premium Economy,1075,510,,1788,Y,Y,Y,1,8,1,20,Wednesday,False,False,False,Ninoy Aquino International Airport,MNL
Kuala Lumpur International Airport,KUL,2024-07-10 07:15,Narita International Airport,NRT,2024-07-10 15:30,435,ANA,Premium Economy,1815,1080,True,2064,Y,Y,Y,1,10,2,23,Wednesday,False,False,False,Ninoy Aquino International Airport,MNL
Kuala Lumpur International Airport,KUL,2024-07-10 07:15,Narita International Airport,NRT,2024-07-10 15:30,435,ANA,Premium Economy,820,105,,2460,Y,Y,Y,1,10,2,23,Wednesday,False,False,False,Ninoy Aquino International Airport,MNL
Kuala Lumpur International Airport,KUL,2024-07-11 04:20,Shenzhen Bao'an International Airport,SZX,2024-07-11 08:40,260,Shenzhen,Premium Economy,1280,870,,350,Y,Y,Y,1,5,1,20,Thursday,False,False,False,Ninoy Aquino International Airport,MNL
Kuala Lumpur International Airport,KUL,2024-07-11 01:55,Shanghai Pudong International Airport,PVG,2024-07-11 07:30,335,China Eastern,Premium Economy,1075,510,,1721,Y,Y,Y,1,8,1,20,Thursday,False,False,False,Ninoy Aquino International Airport,MNL
Kuala Lumpur International Airport,KUL,2024-07-11 07:15,Narita International Airport,NRT,2024-07-11 15:30,435,ANA,Premium Economy,1815,1080,True,2064,Y,Y,Y,1,10,2,23,Thursday,False,False,False,Ninoy Aquino International Airport,MNL
Kuala Lumpur International Airport,KUL,2024-07-11 07:15,Narita International Airport,NRT,2024-07-11 15:30,435,ANA,Premium Economy,820,105,,2460,Y,Y,Y,1,10,2,23,Thursday,False,False,False,Ninoy Aquino International Airport,MNL
Kuala Lumpur International Airport,KUL,2024-07-12 04:20,Shenzhen Bao'an International Airport,SZX,2024-07-12 08:40,260,Shenzhen,Premium Economy,1280,870,,385,Y,Y,Y,1,5,1,20,Friday,False,False,False,Ninoy Aquino International Airport,MNL
Kuala Lumpur International Airport,KUL,2024-07-12 01:55,Shanghai Pudong International Airport,PVG,2024-07-12 07:30,335,China Eastern,Premium Economy,1075,510,,1788,Y,Y,Y,1,8,1,20,Friday,False,False,False,Ninoy Aquino International Airport,MNL
Kuala Lumpur International Airport,KUL,2024-07-12 14:15,Haneda Airport,HND,2024-07-12 22:15,420,ANA,Premium Economy,900,195,,2054,Y,Y,Y,1,10,2,23,Friday,False,False,False,Ninoy Aquino International Airport,MNL
Kuala Lumpur International Airport,KUL,2024-07-12 07:15,Narita International Airport,NRT,2024-07-12 15:30,435,ANA,Premium Economy,820,105,,2056,Y,Y,Y,1,10,2,23,Friday,False,False,False,Ninoy Aquino International Airport,MNL
Kuala Lumpur International Airport,KUL,2024-07-13 04:20,Shenzhen Bao'an International Airport,SZX,2024-07-13 08:40,260,Shenzhen,Premium Economy,1280,870,,437,Y,Y,Y,1,5,1,20,Saturday,False,False,False,Ninoy Aquino International Airport,MNL
Kuala Lumpur International Airport,KUL,2024-07-13 01:55,Shanghai Pudong International Airport,PVG,2024-07-13 07:30,335,China Eastern,Premium Economy,1075,510,,1727,Y,Y,Y,1,8,1,20,Saturday,False,False,False,Ninoy Aquino International Airport,MNL
Kuala Lumpur International Airport,KUL,2024-07-13 07:15,Narita International Airport,NRT,2024-07-13 15:30,435,ANA,Premium Economy,820,105,,2020,Y,Y,Y,1,10,2,23,Saturday,False,False,False,Ninoy Aquino International Airport,MNL
Kuala Lumpur International Airport,KUL,2024-07-13 14:15,Haneda Airport,HND,2024-07-13 22:15,420,ANA,Premium Economy,900,195,,2198,Y,Y,Y,1,10,2,23,Saturday,False,False,False,Ninoy Aquino International Airport,MNL
Kuala Lumpur International Airport,KUL,2024-07-14 20:45,Shenzhen Bao'an International Airport,SZX,2024-07-15 01:05,260,Shenzhen,Premium Economy,1735,1325,True,437,Y,Y,Y,1,5,1,20,Sunday,True,False,False,Ninoy Aquino International Airport,MNL
Kuala Lumpur International Airport,KUL,2024-07-14 01:55,Shanghai Pudong International Airport,PVG,2024-07-14 07:30,335,China Eastern,Premium Economy,1075,510,,1794,Y,Y,Y,1,8,1,20,Sunday,False,False,False,Ninoy Aquino International Airport,MNL
Kuala Lumpur International Airport,KUL,2024-07-14 14:15,Haneda Airport,HND,2024-07-14 22:15,420,ANA,Premium Economy,900,195,,2198,Y,Y,Y,1,10,2,23,Sunday,False,False,False,Ninoy Aquino International Airport,MNL
Kuala Lumpur International Airport,KUL,2024-07-14 07:15,Narita International Airport,NRT,2024-07-14 15:30,435,ANA,Premium Economy,820,105,,2605,Y,Y,Y,1,10,2,23,Sunday,False,False,False,Ninoy Aquino International Airport,MNL
Kuala Lumpur International Airport,KUL,2024-07-15 04:20,Shenzhen Bao'an International Airport,SZX,2024-07-15 08:40,260,Shenzhen,Premium Economy,1280,870,,437,Y,Y,Y,1,5,1,20,Monday,False,False,False,Ninoy Aquino International Airport,MNL
Kuala Lumpur International Airport,KUL,2024-07-15 01:55,Shanghai Pudong International Airport,PVG,2024-07-15 07:30,335,China Eastern,Premium Economy,1075,510,,1727,Y,Y,Y,1,8,1,20,Monday,False,False,False,Ninoy Aquino International Airport,MNL
Kuala Lumpur International Airport,KUL,2024-07-15 07:15,Narita International Airport,NRT,2024-07-15 15:30,435,ANA,Premium Economy,820,105,,2020,Y,Y,Y,1,10,2,23,Monday,False,False,False,Ninoy Aquino International Airport,MNL
Kuala Lumpur International Airport,KUL,2024-07-16 01:55,Shanghai Pudong International Airport,PVG,2024-07-16 07:30,335,China Eastern,Premium Economy,1075,510,,1727,Y,Y,Y,1,8,1,20,Tuesday,False,False,False,Ninoy Aquino International Airport,MNL
Kuala Lumpur International Airport,KUL,2024-07-16 07:15,Narita International Airport,NRT,2024-07-16 15:30,435,ANA,Premium Economy,820,105,,2020,Y,Y,Y,1,10,2,23,Tuesday,False,False,False,Ninoy Aquino International Airport,MNL
Kuala Lumpur International Airport,KUL,2024-07-16 14:15,Haneda Airport,HND,2024-07-16 22:15,420,ANA,Premium Economy,900,195,,2060,Y,Y,Y,1,10,2,23,Tuesday,False,False,False,Ninoy Aquino International Airport,MNL
Kuala Lumpur International Airport,KUL,2024-07-17 20:45,Shenzhen Bao'an International Airport,SZX,2024-07-18 01:05,260,Shenzhen,Premium Economy,1735,1325,True,473,Y,Y,Y,1,5,1,20,Wednesday,True,False,False,Ninoy Aquino International Airport,MNL
Kuala Lumpur International Airport,KUL,2024-07-17 01:55,Shanghai Pudong International Airport,PVG,2024-07-17 07:30,335,China Eastern,Premium Economy,1075,510,,1727,Y,Y,Y,1,8,1,20,Wednesday,False,False,False,Ninoy Aquino International Airport,MNL
Kuala Lumpur International Airport,KUL,2024-07-17 07:15,Narita International Airport,NRT,2024-07-17 15:30,435,ANA,Premium Economy,820,105,,2468,Y,Y,Y,1,10,2,23,Wednesday,False,False,False,Ninoy Aquino International Airport,MNL
Kuala Lumpur International Airport,KUL,2024-07-18 04:20,Shenzhen Bao'an International Airport,SZX,2024-07-18 08:40,260,Shenzhen,Premium Economy,1280,870,,473,Y,Y,Y,1,5,1,20,Thursday,False,False,False,Ninoy Aquino International Airport,MNL
Kuala Lumpur International Airport,KUL,2024-07-18 20:45,Shenzhen Bao'an International Airport,SZX,2024-07-19 01:05,260,Shenzhen,Premium Economy,1735,1325,True,473,Y,Y,Y,1,5,1,20,Thursday,True,False,False,Ninoy Aquino International Airport,MNL
Kuala Lumpur International Airport,KUL,2024-07-18 01:55,Shanghai Pudong International Airport,PVG,2024-07-18 07:30,335,China Eastern,Premium Economy,1075,510,,1727,Y,Y,Y,1,8,1,20,Thursday,False,False,False,Ninoy Aquino International Airport,MNL
Kuala Lumpur International Airport,KUL,2024-07-18 07:15,Narita International Airport,NRT,2024-07-18 15:30,435,ANA,Premium Economy,820,105,,2468,Y,Y,Y,1,10,2,23,Thursday,False,False,False,Ninoy Aquino International Airport,MNL
Kuala Lumpur International Airport,KUL,2024-07-19 04:20,Shenzhen Bao'an International Airport,SZX,2024-07-19 08:40,260,Shenzhen,Premium Economy,1280,870,,473,Y,Y,Y,1,5,1,20,Friday,False,False,False,Ninoy Aquino International Airport,MNL
Kuala Lumpur International Airport,KUL,2024-07-19 20:45,Shenzhen Bao'an International Airport,SZX,2024-07-20 01:05,260,Shenzhen,Premium Economy,1735,1325,True,473,Y,Y,Y,1,5,1,20,Friday,True,False,False,Ninoy Aquino International Airport,MNL
Kuala Lumpur International Airport,KUL,2024-07-19 01:55,Shanghai Pudong International Airport,PVG,2024-07-19 07:30,335,China Eastern,Premium Economy,1075,510,,1727,Y,Y,Y,1,8,1,20,Friday,False,False,False,Ninoy Aquino International Airport,MNL
Kuala Lumpur International Airport,KUL,2024-07-19 14:15,Haneda Airport,HND,2024-07-19 22:15,420,ANA,Premium Economy,900,195,,2060,Y,Y,Y,1,10,2,23,Friday,False,False,False,Ninoy Aquino International Airport,MNL
Kuala Lumpur International Airport,KUL,2024-07-19 07:15,Narita International Airport,NRT,2024-07-19 15:30,435,ANA,Premium Economy,820,105,,2468,Y,Y,Y,1,10,2,23,Friday,False,False,False,Ninoy Aquino International Airport,MNL
Kuala Lumpur International Airport,KUL,2024-07-20 04:20,Shenzhen Bao'an International Airport,SZX,2024-07-20 08:40,260,Shenzhen,Premium Economy,1280,870,,473,Y,Y,Y,1,5,1,20,Saturday,False,False,False,Ninoy Aquino International Airport,MNL
Kuala Lumpur International Airport,KUL,2024-07-20 01:55,Shanghai Pudong International Airport,PVG,2024-07-20 07:30,335,China Eastern,Premium Economy,1075,510,,1727,Y,Y,Y,1,8,1,20,Saturday,False,False,False,Ninoy Aquino International Airport,MNL
Kuala Lumpur International Airport,KUL,2024-07-20 07:15,Narita International Airport,NRT,2024-07-20 15:30,435,ANA,Premium Economy,820,105,,2020,Y,Y,Y,1,10,2,23,Saturday,False,False,False,Ninoy Aquino International Airport,MNL
Kuala Lumpur International Airport,KUL,2024-07-20 14:15,Haneda Airport,HND,2024-07-20 22:15,420,ANA,Premium Economy,900,195,,2198,Y,Y,Y,1,10,2,23,Saturday,False,False,False,Ninoy Aquino International Airport,MNL
Kuala Lumpur International Airport,KUL,2024-07-21 20:45,Shenzhen Bao'an International Airport,SZX,2024-07-22 01:05,260,Shenzhen,Premium Economy,1735,1325,True,473,Y,Y,Y,1,5,1,20,Sunday,True,False,False,Ninoy Aquino International Airport,MNL
Kuala Lumpur International Airport,KUL,2024-07-21 01:55,Shanghai Pudong International Airport,PVG,2024-07-21 07:30,335,China Eastern,Premium Economy,1075,510,,1727,Y,Y,Y,1,8,1,20,Sunday,False,False,False,Ninoy Aquino International Airport,MNL
Kuala Lumpur International Airport,KUL,2024-07-21 07:15,Narita International Airport,NRT,2024-07-21 15:30,435,ANA,Premium Economy,820,105,,2020,Y,Y,Y,1,10,2,23,Sunday,False,False,False,Ninoy Aquino International Airport,MNL
Kuala Lumpur International Airport,KUL,2024-07-21 14:15,Haneda Airport,HND,2024-07-21 22:15,420,ANA,Premium Economy,900,195,,2198,Y,Y,Y,1,10,2,23,Sunday,False,False,False,Ninoy Aquino International Airport,MNL
Kuala Lumpur International Airport,KUL,2024-07-22 04:20,Shenzhen Bao'an International Airport,SZX,2024-07-22 08:40,260,Shenzhen,Premium Economy,1280,870,,473,Y,Y,Y,1,5,1,20,Monday,False,False,False,Ninoy Aquino International Airport,MNL
Kuala Lumpur International Airport,KUL,2024-07-22 01:55,Shanghai Pudong International Airport,PVG,2024-07-22 07:30,335,China Eastern,Premium Economy,1075,510,,1727,Y,Y,Y,1,8,1,20,Monday,False,False,False,Ninoy Aquino International Airport,MNL
Kuala Lumpur International Airport,KUL,2024-07-22 07:15,Narita International Airport,NRT,2024-07-22 15:30,435,ANA,Premium Economy,820,105,,2020,Y,Y,Y,1,10,2,23,Monday,False,False,False,Ninoy Aquino International Airport,MNL
Kuala Lumpur International Airport,KUL,2024-07-22 14:15,Haneda Airport,HND,2024-07-22 22:15,420,ANA,Premium Economy,900,195,,2060,Y,Y,Y,1,10,2,23,Monday,False,False,False,Ninoy Aquino International Airport,MNL
Kuala Lumpur International Airport,KUL,2024-07-23 01:55,Shanghai Pudong International Airport,PVG,2024-07-23 07:30,335,China Eastern,Premium Economy,1075,510,,1727,Y,Y,Y,1,8,1,20,Tuesday,False,False,False,Ninoy Aquino International Airport,MNL
Kuala Lumpur International Airport,KUL,2024-07-23 14:15,Haneda Airport,HND,2024-07-23 22:15,420,ANA,Premium Economy,900,195,,2060,Y,Y,Y,1,10,2,23,Tuesday,False,False,False,Ninoy Aquino International Airport,MNL
Kuala Lumpur International Airport,KUL,2024-07-23 07:15,Narita International Airport,NRT,2024-07-23 15:30,435,ANA,Premium Economy,820,105,,2468,Y,Y,Y,1,10,2,23,Tuesday,False,False,False,Ninoy Aquino International Airport,MNL
Kuala Lumpur International Airport,KUL,2024-07-24 01:55,Shanghai Pudong International Airport,PVG,2024-07-24 07:30,335,China Eastern,Premium Economy,1075,510,,1727,Y,Y,Y,1,8,1,20,Wednesday,False,False,False,Ninoy Aquino International Airport,MNL
Kuala Lumpur International Airport,KUL,2024-07-24 07:15,Narita International Airport,NRT,2024-07-24 15:30,435,ANA,Premium Economy,820,105,,2468,Y,Y,Y,1,10,2,23,Wednesday,False,False,False,Ninoy Aquino International Airport,MNL
Kuala Lumpur International Airport,KUL,2024-07-25 04:20,Shenzhen Bao'an International Airport,SZX,2024-07-25 08:40,260,Shenzhen,Premium Economy,1280,870,,473,Y,Y,Y,1,5,1,20,Thursday,False,False,False,Ninoy Aquino International Airport,MNL
Kuala Lumpur International Airport,KUL,2024-07-25 01:55,Shanghai Pudong International Airport,PVG,2024-07-25 07:30,335,China Eastern,Premium Economy,1075,510,,1727,Y,Y,Y,1,8,1,20,Thursday,False,False,False,Ninoy Aquino International Airport,MNL
Kuala Lumpur International Airport,KUL,2024-07-25 07:15,Narita International Airport,NRT,2024-07-25 15:30,435,ANA,Premium Economy,820,105,,2468,Y,Y,Y,1,10,2,23,Thursday,False,False,False,Ninoy Aquino International Airport,MNL
Kuala Lumpur International Airport,KUL,2024-07-26 04:20,Shenzhen Bao'an International Airport,SZX,2024-07-26 08:40,260,Shenzhen,Premium Economy,1280,870,,473,Y,Y,Y,1,5,1,20,Friday,False,False,False,Ninoy Aquino International Airport,MNL
Kuala Lumpur International Airport,KUL,2024-07-26 01:55,Shanghai Pudong International Airport,PVG,2024-07-26 07:30,335,China Eastern,Premium Economy,1075,510,,1727,Y,Y,Y,1,8,1,20,Friday,False,False,False,Ninoy Aquino International Airport,MNL
Kuala Lumpur International Airport,KUL,2024-07-26 14:15,Haneda Airport,HND,2024-07-26 22:15,420,ANA,Premium Economy,900,195,,2060,Y,Y,Y,1,10,2,23,Friday,False,False,False,Ninoy Aquino International Airport,MNL
Kuala Lumpur International Airport,KUL,2024-07-26 07:15,Narita International Airport,NRT,2024-07-26 15:30,435,ANA,Premium Economy,820,105,,2468,Y,Y,Y,1,10,2,23,Friday,False,False,False,Ninoy Aquino International Airport,MNL
Kuala Lumpur International Airport,KUL,2024-07-27 04:20,Shenzhen Bao'an International Airport,SZX,2024-07-27 08:40,260,Shenzhen,Premium Economy,1280,870,,473,Y,Y,Y,1,5,1,20,Saturday,False,False,False,Ninoy Aquino International Airport,MNL
Kuala Lumpur International Airport,KUL,2024-07-27 01:55,Shanghai Pudong International Airport,PVG,2024-07-27 07:30,335,China Eastern,Premium Economy,1075,510,,1727,Y,Y,Y,1,8,1,20,Saturday,False,False,False,Ninoy Aquino International Airport,MNL
Kuala Lumpur International Airport,KUL,2024-07-27 14:15,Haneda Airport,HND,2024-07-27 22:15,420,ANA,Premium Economy,900,195,,2198,Y,Y,Y,1,10,2,23,Saturday,False,False,False,Ninoy Aquino International Airport,MNL
Kuala Lumpur International Airport,KUL,2024-07-27 07:15,Narita International Airport,NRT,2024-07-27 15:30,435,ANA,Premium Economy,820,105,,2468,Y,Y,Y,1,10,2,23,Saturday,False,False,False,Ninoy Aquino International Airport,MNL
Kuala Lumpur International Airport,KUL,2024-07-28 01:55,Shanghai Pudong International Airport,PVG,2024-07-28 07:30,335,China Eastern,Premium Economy,1075,510,,1727,Y,Y,Y,1,8,1,20,Sunday,False,False,False,Ninoy Aquino International Airport,MNL
Kuala Lumpur International Airport,KUL,2024-07-28 14:15,Haneda Airport,HND,2024-07-28 22:15,420,ANA,Premium Economy,900,195,,2198,Y,Y,Y,1,10,2,23,Sunday,False,False,False,Ninoy Aquino International Airport,MNL
Kuala Lumpur International Airport,KUL,2024-07-28 07:15,Narita International Airport,NRT,2024-07-28 15:30,435,ANA,Premium Economy,820,105,,2605,Y,Y,Y,1,10,2,23,Sunday,False,False,False,Ninoy Aquino International Airport,MNL
Kuala Lumpur International Airport,KUL,2024-07-29 04:20,Shenzhen Bao'an International Airport,SZX,2024-07-29 08:40,260,Shenzhen,Premium Economy,1280,870,,473,Y,Y,Y,1,5,1,20,Monday,False,False,False,Ninoy Aquino International Airport,MNL
Kuala Lumpur International Airport,KUL,2024-07-29 01:55,Shanghai Pudong International Airport,PVG,2024-07-29 07:30,335,China Eastern,Premium Economy,1075,510,,1727,Y,Y,Y,1,8,1,20,Monday,False,False,False,Ninoy Aquino International Airport,MNL
Kuala Lumpur International Airport,KUL,2024-07-29 07:15,Narita International Airport,NRT,2024-07-29 15:30,435,ANA,Premium Economy,820,105,,2020,Y,Y,Y,1,10,2,23,Monday,False,False,False,Ninoy Aquino International Airport,MNL
Kuala Lumpur International Airport,KUL,2024-07-29 14:15,Haneda Airport,HND,2024-07-29 22:15,420,ANA,Premium Economy,900,195,,2060,Y,Y,Y,1,10,2,23,Monday,False,False,False,Ninoy Aquino International Airport,MNL
Kuala Lumpur International Airport,KUL,2024-07-30 01:55,Shanghai Pudong International Airport,PVG,2024-07-30 07:30,335,China Eastern,Premium Economy,1075,510,,1727,Y,Y,Y,1,8,1,20,Tuesday,False,False,False,Ninoy Aquino International Airport,MNL
Kuala Lumpur International Airport,KUL,2024-07-30 14:15,Haneda Airport,HND,2024-07-30 22:15,420,ANA,Premium Economy,900,195,,2060,Y,Y,Y,1,10,2,23,Tuesday,False,False,False,Ninoy Aquino International Airport,MNL
Kuala Lumpur International Airport,KUL,2024-07-30 07:15,Narita International Airport,NRT,2024-07-30 15:30,435,ANA,Premium Economy,820,105,,2468,Y,Y,Y,1,10,2,23,Tuesday,False,False,False,Ninoy Aquino International Airport,MNL
Kuala Lumpur International Airport,KUL,2024-07-31 01:55,Shanghai Pudong International Airport,PVG,2024-07-31 07:30,335,China Eastern,Premium Economy,1075,510,,1727,Y,Y,Y,1,8,1,20,Wednesday,False,False,False,Ninoy Aquino International Airport,MNL
Kuala Lumpur International Airport,KUL,2024-07-31 07:15,Narita International Airport,NRT,2024-07-31 15:30,435,ANA,Premium Economy,820,105,,2020,Y,Y,Y,1,10,2,23,Wednesday,False,False,False,Ninoy Aquino International Airport,MNL
Kuala Lumpur International Airport,KUL,2024-08-01 04:20,Shenzhen Bao'an International Airport,SZX,2024-08-01 08:40,260,Shenzhen,Premium Economy,1280,870,,473,Y,Y,Y,1,5,1,20,Thursday,False,False,False,Ninoy Aquino International Airport,MNL
Kuala Lumpur International Airport,KUL,2024-08-01 01:55,Shanghai Pudong International Airport,PVG,2024-08-01 07:30,335,China Eastern,Premium Economy,1075,510,,1794,Y,Y,Y,1,8,1,20,Thursday,False,False,False,Ninoy Aquino International Airport,MNL
Kuala Lumpur International Airport,KUL,2024-08-01 07:15,Narita International Airport,NRT,2024-08-01 15:30,435,ANA,Premium Economy,820,105,,2468,Y,Y,Y,1,10,2,23,Thursday,False,False,False,Ninoy Aquino International Airport,MNL
Kuala Lumpur International Airport,KUL,2024-08-02 04:20,Shenzhen Bao'an International Airport,SZX,2024-08-02 08:40,260,Shenzhen,Premium Economy,1280,870,,473,Y,Y,Y,1,5,1,20,Friday,False,False,False,Ninoy Aquino International Airport,MNL
Kuala Lumpur International Airport,KUL,2024-08-02 01:55,Shanghai Pudong International Airport,PVG,2024-08-02 07:30,335,China Eastern,Premium Economy,1075,510,,1794,Y,Y,Y,1,8,1,20,Friday,False,False,False,Ninoy Aquino International Airport,MNL
Kuala Lumpur International Airport,KUL,2024-08-02 14:15,Haneda Airport,HND,2024-08-02 22:15,420,ANA,Premium Economy,900,195,,2060,Y,Y,Y,1,10,2,23,Friday,False,False,False,Ninoy Aquino International Airport,MNL
Kuala Lumpur International Airport,KUL,2024-08-02 07:15,Narita International Airport,NRT,2024-08-02 15:30,435,ANA,Premium Economy,820,105,,2468,Y,Y,Y,1,10,2,23,Friday,False,False,False,Ninoy Aquino International Airport,MNL
Kuala Lumpur International Airport,KUL,2024-08-03 04:20,Shenzhen Bao'an International Airport,SZX,2024-08-03 08:40,260,Shenzhen,Premium Economy,1280,870,,473,Y,Y,Y,1,5,1,20,Saturday,False,False,False,Ninoy Aquino International Airport,MNL
Kuala Lumpur International Airport,KUL,2024-08-03 01:55,Shanghai Pudong International Airport,PVG,2024-08-03 07:30,335,China Eastern,Premium Economy,1075,510,,1794,Y,Y,Y,1,8,1,20,Saturday,False,False,False,Ninoy Aquino International Airport,MNL
Kuala Lumpur International Airport,KUL,2024-08-03 14:15,Haneda Airport,HND,2024-08-03 22:15,420,ANA,Premium Economy,900,195,,2198,Y,Y,Y,1,10,2,23,Saturday,False,False,False,Ninoy Aquino International Airport,MNL
Kuala Lumpur International Airport,KUL,2024-08-03 07:15,Narita International Airport,NRT,2024-08-03 15:30,435,ANA,Premium Economy,820,105,,2468,Y,Y,Y,1,10,2,23,Saturday,False,False,False,Ninoy Aquino International Airport,MNL
Kuala Lumpur International Airport,KUL,2024-08-04 01:55,Shanghai Pudong International Airport,PVG,2024-08-04 07:30,335,China Eastern,Premium Economy,1075,510,,1794,Y,Y,Y,1,8,1,20,Sunday,False,False,False,Ninoy Aquino International Airport,MNL
Kuala Lumpur International Airport,KUL,2024-08-04 14:15,Haneda Airport,HND,2024-08-04 22:15,420,ANA,Premium Economy,900,195,,2198,Y,Y,Y,1,10,2,23,Sunday,False,False,False,Ninoy Aquino International Airport,MNL
Kuala Lumpur International Airport,KUL,2024-08-04 07:15,Narita International Airport,NRT,2024-08-04 15:30,435,ANA,Premium Economy,820,105,,2605,Y,Y,Y,1,10,2,23,Sunday,False,False,False,Ninoy Aquino International Airport,MNL
Kuala Lumpur International Airport,KUL,2024-08-05 04:20,Shenzhen Bao'an International Airport,SZX,2024-08-05 08:40,260,Shenzhen,Premium Economy,1280,870,,473,Y,Y,Y,1,5,1,20,Monday,False,False,False,Ninoy Aquino International Airport,MNL
Kuala Lumpur International Airport,KUL,2024-08-05 01:55,Shanghai Pudong International Airport,PVG,2024-08-05 07:30,335,China Eastern,Premium Economy,1075,510,,1794,Y,Y,Y,1,8,1,20,Monday,False,False,False,Ninoy Aquino International Airport,MNL
Kuala Lumpur International Airport,KUL,2024-08-05 14:15,Haneda Airport,HND,2024-08-05 22:15,420,ANA,Premium Economy,900,195,,2060,Y,Y,Y,1,10,2,23,Monday,False,False,False,Ninoy Aquino International Airport,MNL
Kuala Lumpur International Airport,KUL,2024-08-05 07:15,Narita International Airport,NRT,2024-08-05 15:30,435,ANA,Premium Economy,820,105,,2605,Y,Y,Y,1,10,2,23,Monday,False,False,False,Ninoy Aquino International Airport,MNL
Kuala Lumpur International Airport,KUL,2024-08-06 01:55,Shanghai Pudong International Airport,PVG,2024-08-06 07:30,335,China Eastern,Premium Economy,1075,510,,1794,Y,Y,Y,1,8,1,20,Tuesday,False,False,False,Ninoy Aquino International Airport,MNL
Kuala Lumpur International Airport,KUL,2024-08-06 14:15,Haneda Airport,HND,2024-08-06 22:15,420,ANA,Premium Economy,900,195,,2060,Y,Y,Y,1,10,2,23,Tuesday,False,False,False,Ninoy Aquino International Airport,MNL
Kuala Lumpur International Airport,KUL,2024-08-06 07:15,Narita International Airport,NRT,2024-08-06 15:30,435,ANA,Premium Economy,820,105,,2468,Y,Y,Y,1,10,2,23,Tuesday,False,False,False,Ninoy Aquino International Airport,MNL
Kuala Lumpur International Airport,KUL,2024-08-07 01:55,Shanghai Pudong International Airport,PVG,2024-08-07 07:30,335,China Eastern,Premium Economy,1405,845,,476,Y,Y,Y,1,8,1,20,Wednesday,False,False,False,Ninoy Aquino International Airport,MNL
Kuala Lumpur International Airport,KUL,2024-08-07 01:55,Shanghai Pudong International Airport,PVG,2024-08-07 07:30,335,China Eastern,Premium Economy,1075,510,,1794,Y,Y,Y,1,8,1,20,Wednesday,False,False,False,Ninoy Aquino International Airport,MNL
Kuala Lumpur International Airport,KUL,2024-08-07 07:15,Narita International Airport,NRT,2024-08-07 15:30,435,ANA,Premium Economy,820,105,,2468,Y,Y,Y,1,10,2,23,Wednesday,False,False,False,Ninoy Aquino International Airport,MNL
Kuala Lumpur International Airport,KUL,2024-08-08 04:20,Shenzhen Bao'an International Airport,SZX,2024-08-08 08:40,260,Shenzhen,Premium Economy,1280,870,,473,Y,Y,Y,1,5,1,20,Thursday,False,False,False,Ninoy Aquino International Airport,MNL
Kuala Lumpur International Airport,KUL,2024-08-08 01:55,Shanghai Pudong International Airport,PVG,2024-08-08 07:30,335,China Eastern,Premium Economy,1405,845,,476,Y,Y,Y,1,8,1,20,Thursday,False,False,False,Ninoy Aquino International Airport,MNL
Kuala Lumpur International Airport,KUL,2024-08-08 01:55,Shanghai Pudong International Airport,PVG,2024-08-08 07:30,335,China Eastern,Premium Economy,1075,510,,1794,Y,Y,Y,1,8,1,20,Thursday,False,False,False,Ninoy Aquino International Airport,MNL
Kuala Lumpur International Airport,KUL,2024-08-08 07:15,Narita International Airport,NRT,2024-08-08 15:30,435,ANA,Premium Economy,820,105,,2468,Y,Y,Y,1,10,2,23,Thursday,False,False,False,Ninoy Aquino International Airport,MNL
Kuala Lumpur International Airport,KUL,2024-08-09 04:20,Shenzhen Bao'an International Airport,SZX,2024-08-09 08:40,260,Shenzhen,Premium Economy,1280,870,,473,Y,Y,Y,1,5,1,20,Friday,False,False,False,Ninoy Aquino International Airport,MNL
Kuala Lumpur International Airport,KUL,2024-08-09 01:55,Shanghai Pudong International Airport,PVG,2024-08-09 07:30,335,China Eastern,Premium Economy,1405,845,,476,Y,Y,Y,1,8,1,20,Friday,False,False,False,Ninoy Aquino International Airport,MNL
Kuala Lumpur International Airport,KUL,2024-08-09 14:15,Haneda Airport,HND,2024-08-09 22:15,420,ANA,Premium Economy,900,195,,2060,Y,Y,Y,1,10,2,23,Friday,False,False,False,Ninoy Aquino International Airport,MNL
Kuala Lumpur International Airport,KUL,2024-08-09 07:15,Narita International Airport,NRT,2024-08-09 15:30,435,ANA,Premium Economy,820,105,,2468,Y,Y,Y,1,10,2,23,Friday,False,False,False,Ninoy Aquino International Airport,MNL
Kuala Lumpur International Airport,KUL,2024-08-10 04:20,Shenzhen Bao'an International Airport,SZX,2024-08-10 08:40,260,Shenzhen,Premium Economy,1280,870,,473,Y,Y,Y,1,5,1,20,Saturday,False,False,False,Ninoy Aquino International Airport,MNL
Kuala Lumpur International Airport,KUL,2024-08-10 01:55,Shanghai Pudong International Airport,PVG,2024-08-10 07:30,335,China Eastern,Premium Economy,1405,845,,476,Y,Y,Y,1,8,1,20,Saturday,False,False,False,Ninoy Aquino International Airport,MNL
Kuala Lumpur International Airport,KUL,2024-08-10 07:15,Narita International Airport,NRT,2024-08-10 15:30,435,ANA,Premium Economy,820,105,,2020,Y,Y,Y,1,10,2,23,Saturday,False,False,False,Ninoy Aquino International Airport,MNL
Kuala Lumpur International Airport,KUL,2024-08-10 01:55,Shanghai Pudong International Airport,PVG,2024-08-10 07:30,335,China Eastern,Premium Economy,1075,510,,1794,Y,Y,Y,1,8,1,20,Saturday,False,False,False,Ninoy Aquino International Airport,MNL
Kuala Lumpur International Airport,KUL,2024-08-10 14:15,Haneda Airport,HND,2024-08-10 22:15,420,ANA,Premium Economy,900,195,,2198,Y,Y,Y,1,10,2,23,Saturday,False,False,False,Ninoy Aquino International Airport,MNL
Kuala Lumpur International Airport,KUL,2024-08-11 01:55,Shanghai Pudong International Airport,PVG,2024-08-11 07:30,335,China Eastern,Premium Economy,1075,510,,1794,Y,Y,Y,1,8,1,20,Sunday,False,False,False,Ninoy Aquino International Airport,MNL
Kuala Lumpur International Airport,KUL,2024-08-11 07:15,Narita International Airport,NRT,2024-08-11 15:30,435,ANA,Premium Economy,820,105,,2020,Y,Y,Y,1,10,2,23,Sunday,False,False,False,Ninoy Aquino International Airport,MNL
Kuala Lumpur International Airport,KUL,2024-08-11 14:15,Haneda Airport,HND,2024-08-11 22:15,420,ANA,Premium Economy,900,195,,2198,Y,Y,Y,1,10,2,23,Sunday,False,False,False,Ninoy Aquino International Airport,MNL
Kuala Lumpur International Airport,KUL,2024-08-11 14:15,Haneda Airport,HND,2024-08-11 22:15,420,ANA,Premium Economy,1395,690,True,2603,Y,Y,Y,1,10,2,23,Sunday,False,False,False,Ninoy Aquino International Airport,MNL
Kuala Lumpur International Airport,KUL,2024-08-12 04:20,Shenzhen Bao'an International Airport,SZX,2024-08-12 08:40,260,Shenzhen,Premium Economy,1280,870,,473,Y,Y,Y,1,5,1,20,Monday,False,False,False,Ninoy Aquino International Airport,MNL
Kuala Lumpur International Airport,KUL,2024-08-12 01:55,Shanghai Pudong International Airport,PVG,2024-08-12 07:30,335,China Eastern,Premium Economy,1075,510,,1794,Y,Y,Y,1,8,1,20,Monday,False,False,False,Ninoy Aquino International Airport,MNL
Kuala Lumpur International Airport,KUL,2024-08-12 14:15,Haneda Airport,HND,2024-08-12 22:15,420,ANA,Premium Economy,900,195,,2060,Y,Y,Y,1,10,2,23,Monday,False,False,False,Ninoy Aquino International Airport,MNL
Kuala Lumpur International Airport,KUL,2024-08-12 14:15,Haneda Airport,HND,2024-08-12 22:15,420,ANA,Premium Economy,1395,690,True,2466,Y,Y,Y,1,10,2,23,Monday,False,False,False,Ninoy Aquino International Airport,MNL
Kuala Lumpur International Airport,KUL,2024-08-12 07:15,Narita International Airport,NRT,2024-08-12 15:30,435,ANA,Premium Economy,820,105,,2605,Y,Y,Y,1,10,2,23,Monday,False,False,False,Ninoy Aquino International Airport,MNL
Kuala Lumpur International Airport,KUL,2024-08-13 01:55,Shanghai Pudong International Airport,PVG,2024-08-13 07:30,335,China Eastern,Premium Economy,1075,510,,1794,Y,Y,Y,1,8,1,20,Tuesday,False,False,False,Ninoy Aquino International Airport,MNL
Kuala Lumpur International Airport,KUL,2024-08-13 14:15,Haneda Airport,HND,2024-08-13 22:15,420,ANA,Premium Economy,900,195,,2060,Y,Y,Y,1,10,2,23,Tuesday,False,False,False,Ninoy Aquino International Airport,MNL
Kuala Lumpur International Airport,KUL,2024-08-13 14:15,Haneda Airport,HND,2024-08-13 22:15,420,ANA,Premium Economy,1395,690,True,2466,Y,Y,Y,1,10,2,23,Tuesday,False,False,False,Ninoy Aquino International Airport,MNL
Kuala Lumpur International Airport,KUL,2024-08-13 07:15,Narita International Airport,NRT,2024-08-13 15:30,435,ANA,Premium Economy,820,105,,2468,Y,Y,Y,1,10,2,23,Tuesday,False,False,False,Ninoy Aquino International Airport,MNL
Kuala Lumpur International Airport,KUL,2024-08-14 01:55,Shanghai Pudong International Airport,PVG,2024-08-14 07:30,335,China Eastern,Premium Economy,1075,510,,1794,Y,Y,Y,1,8,1,20,Wednesday,False,False,False,Ninoy Aquino International Airport,MNL
Kuala Lumpur International Airport,KUL,2024-08-14 07:15,Narita International Airport,NRT,2024-08-14 15:30,435,ANA,Premium Economy,820,105,,2468,Y,Y,Y,1,10,2,23,Wednesday,False,False,False,Ninoy Aquino International Airport,MNL
Kuala Lumpur International Airport,KUL,2024-08-15 04:20,Shenzhen Bao'an International Airport,SZX,2024-08-15 08:40,260,Shenzhen,Premium Economy,1280,870,,473,Y,Y,Y,1,5,1,20,Thursday,False,False,False,Ninoy Aquino International Airport,MNL
Kuala Lumpur International Airport,KUL,2024-08-15 01:55,Shanghai Pudong International Airport,PVG,2024-08-15 07:30,335,China Eastern,Premium Economy,1075,510,,1794,Y,Y,Y,1,8,1,20,Thursday,False,False,False,Ninoy Aquino International Airport,MNL
Kuala Lumpur International Airport,KUL,2024-08-15 07:15,Narita International Airport,NRT,2024-08-15 15:30,435,ANA,Premium Economy,820,105,,2468,Y,Y,Y,1,10,2,23,Thursday,False,False,False,Ninoy Aquino International Airport,MNL
Kuala Lumpur International Airport,KUL,2024-08-16 04:20,Shenzhen Bao'an International Airport,SZX,2024-08-16 08:40,260,Shenzhen,Premium Economy,1280,870,,473,Y,Y,Y,1,5,1,20,Friday,False,False,False,Ninoy Aquino International Airport,MNL
Kuala Lumpur International Airport,KUL,2024-08-16 01:55,Shanghai Pudong International Airport,PVG,2024-08-16 07:30,335,China Eastern,Premium Economy,1075,510,,1794,Y,Y,Y,1,8,1,20,Friday,False,False,False,Ninoy Aquino International Airport,MNL
Kuala Lumpur International Airport,KUL,2024-08-16 14:15,Haneda Airport,HND,2024-08-16 22:15,420,ANA,Premium Economy,900,195,,2060,Y,Y,Y,1,10,2,23,Friday,False,False,False,Ninoy Aquino International Airport,MNL
Kuala Lumpur International Airport,KUL,2024-08-16 07:15,Narita International Airport,NRT,2024-08-16 15:30,435,ANA,Premium Economy,820,105,,2468,Y,Y,Y,1,10,2,23,Friday,False,False,False,Ninoy Aquino International Airport,MNL
Kuala Lumpur International Airport,KUL,2024-08-17 04:20,Shenzhen Bao'an International Airport,SZX,2024-08-17 08:40,260,Shenzhen,Premium Economy,1280,870,,473,Y,Y,Y,1,5,1,20,Saturday,False,False,False,Ninoy Aquino International Airport,MNL
Kuala Lumpur International Airport,KUL,2024-08-17 01:55,Shanghai Pudong International Airport,PVG,2024-08-17 07:30,335,China Eastern,Premium Economy,1075,510,,1794,Y,Y,Y,1,8,1,20,Saturday,False,False,False,Ninoy Aquino International Airport,MNL
Kuala Lumpur International Airport,KUL,2024-08-18 01:55,Shanghai Pudong International Airport,PVG,2024-08-18 07:30,335,China Eastern,Premium Economy,1075,510,,1794,Y,Y,Y,1,8,1,20,Sunday,False,False,False,Ninoy Aquino International Airport,MNL
Kuala Lumpur International Airport,KUL,2024-08-18 14:15,Haneda Airport,HND,2024-08-18 22:15,420,ANA,Premium Economy,900,195,,2198,Y,Y,Y,1,10,2,23,Sunday,False,False,False,Ninoy Aquino International Airport,MNL
Kuala Lumpur International Airport,KUL,2024-08-19 04:20,Shenzhen Bao'an International Airport,SZX,2024-08-19 08:40,260,Shenzhen,Premium Economy,1280,870,,417,Y,Y,Y,1,5,1,20,Monday,False,False,False,Ninoy Aquino International Airport,MNL
Kuala Lumpur International Airport,KUL,2024-08-19 01:55,Shanghai Pudong International Airport,PVG,2024-08-19 07:30,335,China Eastern,Premium Economy,1075,510,,1794,Y,Y,Y,1,8,1,20,Monday,False,False,False,Ninoy Aquino International Airport,MNL
Kuala Lumpur International Airport,KUL,2024-08-19 14:15,Haneda Airport,HND,2024-08-19 22:15,420,ANA,Premium Economy,900,195,,2060,Y,Y,Y,1,10,2,23,Monday,False,False,False,Ninoy Aquino International Airport,MNL
Kuala Lumpur International Airport,KUL,2024-08-19 14:15,Haneda Airport,HND,2024-08-19 22:15,420,ANA,Premium Economy,1395,690,True,2466,Y,Y,Y,1,10,2,23,Monday,False,False,False,Ninoy Aquino International Airport,MNL
Kuala Lumpur International Airport,KUL,2024-08-19 07:15,Narita International Airport,NRT,2024-08-19 15:30,435,ANA,Premium Economy,820,105,,2605,Y,Y,Y,1,10,2,23,Monday,False,False,False,Ninoy Aquino International Airport,MNL
Kuala Lumpur International Airport,KUL,2024-08-20 01:55,Shanghai Pudong International Airport,PVG,2024-08-20 07:30,335,China Eastern,Premium Economy,1075,510,,1794,Y,Y,Y,1,8,1,20,Tuesday,False,False,False,Ninoy Aquino International Airport,MNL
Kuala Lumpur International Airport,KUL,2024-08-20 14:15,Haneda Airport,HND,2024-08-20 22:15,420,ANA,Premium Economy,900,195,,2060,Y,Y,Y,1,10,2,23,Tuesday,False,False,False,Ninoy Aquino International Airport,MNL
Kuala Lumpur International Airport,KUL,2024-08-20 14:15,Haneda Airport,HND,2024-08-20 22:15,420,ANA,Premium Economy,1395,690,True,2466,Y,Y,Y,1,10,2,23,Tuesday,False,False,False,Ninoy Aquino International Airport,MNL
Kuala Lumpur International Airport,KUL,2024-08-20 07:15,Narita International Airport,NRT,2024-08-20 15:30,435,ANA,Premium Economy,820,105,,2468,Y,Y,Y,1,10,2,23,Tuesday,False,False,False,Ninoy Aquino International Airport,MNL
Kuala Lumpur International Airport,KUL,2024-08-21 01:55,Shanghai Pudong International Airport,PVG,2024-08-21 07:30,335,China Eastern,Premium Economy,1075,510,,1794,Y,Y,Y,1,8,1,20,Wednesday,False,False,True,Ninoy Aquino International Airport,MNL
Kuala Lumpur International Airport,KUL,2024-08-21 07:15,Narita International Airport,NRT,2024-08-21 15:30,435,ANA,Premium Economy,820,105,,2468,Y,Y,Y,1,10,2,23,Wednesday,False,False,True,Ninoy Aquino International Airport,MNL
Kuala Lumpur International Airport,KUL,2024-08-22 04:20,Shenzhen Bao'an International Airport,SZX,2024-08-22 08:40,260,Shenzhen,Premium Economy,1280,870,,417,Y,Y,Y,1,5,1,20,Thursday,False,False,False,Ninoy Aquino International Airport,MNL
Kuala Lumpur International Airport,KUL,2024-08-22 01:55,Shanghai Pudong International Airport,PVG,2024-08-22 07:30,335,China Eastern,Premium Economy,1075,510,,1794,Y,Y,Y,1,8,1,20,Thursday,False,False,False,Ninoy Aquino International Airport,MNL
Kuala Lumpur International Airport,KUL,2024-08-22 07:15,Narita International Airport,NRT,2024-08-22 15:30,435,ANA,Premium Economy,820,105,,2468,Y,Y,Y,1,10,2,23,Thursday,False,False,False,Ninoy Aquino International Airport,MNL
Kuala Lumpur International Airport,KUL,2024-08-23 04:20,Shenzhen Bao'an International Airport,SZX,2024-08-23 08:40,260,Shenzhen,Premium Economy,1280,870,,417,Y,Y,Y,1,5,1,20,Friday,False,False,False,Ninoy Aquino International Airport,MNL
Kuala Lumpur International Airport,KUL,2024-08-23 01:55,Shanghai Pudong International Airport,PVG,2024-08-23 07:30,335,China Eastern,Premium Economy,1075,510,,1794,Y,Y,Y,1,8,1,20,Friday,False,False,False,Ninoy Aquino International Airport,MNL
Kuala Lumpur International Airport,KUL,2024-08-23 14:15,Haneda Airport,HND,2024-08-23 22:15,420,ANA,Premium Economy,900,195,,2060,Y,Y,Y,1,10,2,23,Friday,False,False,False,Ninoy Aquino International Airport,MNL
Kuala Lumpur International Airport,KUL,2024-08-23 07:15,Narita International Airport,NRT,2024-08-23 15:30,435,ANA,Premium Economy,820,105,,2468,Y,Y,Y,1,10,2,23,Friday,False,False,False,Ninoy Aquino International Airport,MNL
Kuala Lumpur International Airport,KUL,2024-08-24 04:20,Shenzhen Bao'an International Airport,SZX,2024-08-24 08:40,260,Shenzhen,Premium Economy,1280,870,,417,Y,Y,Y,1,5,1,20,Saturday,False,False,False,Ninoy Aquino International Airport,MNL
Kuala Lumpur International Airport,KUL,2024-08-24 01:55,Shanghai Pudong International Airport,PVG,2024-08-24 07:30,335,China Eastern,Premium Economy,1075,510,,1794,Y,Y,Y,1,8,1,20,Saturday,False,False,False,Ninoy Aquino International Airport,MNL
Kuala Lumpur International Airport,KUL,2024-08-24 07:15,Narita International Airport,NRT,2024-08-24 15:30,435,ANA,Premium Economy,820,105,,2020,Y,Y,Y,1,10,2,23,Saturday,False,False,False,Ninoy Aquino International Airport,MNL
Kuala Lumpur International Airport,KUL,2024-08-24 14:15,Haneda Airport,HND,2024-08-24 22:15,420,ANA,Premium Economy,900,195,,2198,Y,Y,Y,1,10,2,23,Saturday,False,False,False,Ninoy Aquino International Airport,MNL
Kuala Lumpur International Airport,KUL,2024-08-25 01:55,Shanghai Pudong International Airport,PVG,2024-08-25 07:30,335,China Eastern,Premium Economy,1075,510,,1794,Y,Y,Y,1,8,1,20,Sunday,False,False,False,Ninoy Aquino International Airport,MNL
Kuala Lumpur International Airport,KUL,2024-08-25 07:15,Narita International Airport,NRT,2024-08-25 15:30,435,ANA,Premium Economy,820,105,,2020,Y,Y,Y,1,10,2,23,Sunday,False,False,False,Ninoy Aquino International Airport,MNL
Kuala Lumpur International Airport,KUL,2024-08-25 14:15,Haneda Airport,HND,2024-08-25 22:15,420,ANA,Premium Economy,900,195,,2198,Y,Y,Y,1,10,2,23,Sunday,False,False,False,Ninoy Aquino International Airport,MNL
Kuala Lumpur International Airport,KUL,2024-08-26 04:20,Shenzhen Bao'an International Airport,SZX,2024-08-26 08:40,260,Shenzhen,Premium Economy,1280,870,,417,Y,Y,Y,1,5,1,20,Monday,False,False,True,Ninoy Aquino International Airport,MNL
Kuala Lumpur International Airport,KUL,2024-08-26 01:55,Shanghai Pudong International Airport,PVG,2024-08-26 07:30,335,China Eastern,Premium Economy,1075,510,,1794,Y,Y,Y,1,8,1,20,Monday,False,False,True,Ninoy Aquino International Airport,MNL
Kuala Lumpur International Airport,KUL,2024-08-26 14:15,Haneda Airport,HND,2024-08-26 22:15,420,ANA,Premium Economy,900,195,,2060,Y,Y,Y,1,10,2,23,Monday,False,False,True,Ninoy Aquino International Airport,MNL
Kuala Lumpur International Airport,KUL,2024-08-26 07:15,Narita International Airport,NRT,2024-08-26 15:30,435,ANA,Premium Economy,820,105,,2605,Y,Y,Y,1,10,2,23,Monday,False,False,True,Ninoy Aquino International Airport,MNL
Kuala Lumpur International Airport,KUL,2024-08-27 01:55,Shanghai Pudong International Airport,PVG,2024-08-27 07:30,335,China Eastern,Premium Economy,1075,510,,1794,Y,Y,Y,1,8,1,20,Tuesday,False,False,False,Ninoy Aquino International Airport,MNL
Kuala Lumpur International Airport,KUL,2024-08-27 14:15,Haneda Airport,HND,2024-08-27 22:15,420,ANA,Premium Economy,900,195,,2060,Y,Y,Y,1,10,2,23,Tuesday,False,False,False,Ninoy Aquino International Airport,MNL
Kuala Lumpur International Airport,KUL,2024-08-27 14:15,Haneda Airport,HND,2024-08-27 22:15,420,ANA,Premium Economy,1395,690,True,2466,Y,Y,Y,1,10,2,23,Tuesday,False,False,False,Ninoy Aquino International Airport,MNL
Kuala Lumpur International Airport,KUL,2024-08-27 07:15,Narita International Airport,NRT,2024-08-27 15:30,435,ANA,Premium Economy,820,105,,2468,Y,Y,Y,1,10,2,23,Tuesday,False,False,False,Ninoy Aquino International Airport,MNL
Kuala Lumpur International Airport,KUL,2024-08-28 01:55,Shanghai Pudong International Airport,PVG,2024-08-28 07:30,335,China Eastern,Premium Economy,1075,510,,1794,Y,Y,Y,1,8,1,20,Wednesday,False,False,False,Ninoy Aquino International Airport,MNL
Kuala Lumpur International Airport,KUL,2024-08-28 07:15,Narita International Airport,NRT,2024-08-28 15:30,435,ANA,Premium Economy,820,105,,2468,Y,Y,Y,1,10,2,23,Wednesday,False,False,False,Ninoy Aquino International Airport,MNL
Kuala Lumpur International Airport,KUL,2024-08-29 04:20,Shenzhen Bao'an International Airport,SZX,2024-08-29 08:40,260,Shenzhen,Premium Economy,1280,870,,417,Y,Y,Y,1,5,1,20,Thursday,False,False,False,Ninoy Aquino International Airport,MNL
Kuala Lumpur International Airport,KUL,2024-08-29 01:55,Shanghai Pudong International Airport,PVG,2024-08-29 07:30,335,China Eastern,Premium Economy,1075,510,,1794,Y,Y,Y,1,8,1,20,Thursday,False,False,False,Ninoy Aquino International Airport,MNL
Kuala Lumpur International Airport,KUL,2024-08-29 07:15,Narita International Airport,NRT,2024-08-29 15:30,435,ANA,Premium Economy,820,105,,2468,Y,Y,Y,1,10,2,23,Thursday,False,False,False,Ninoy Aquino International Airport,MNL
Kuala Lumpur International Airport,KUL,2024-08-30 04:20,Shenzhen Bao'an International Airport,SZX,2024-08-30 08:40,260,Shenzhen,Premium Economy,1280,870,,417,Y,Y,Y,1,5,1,20,Friday,False,False,False,Ninoy Aquino International Airport,MNL
Kuala Lumpur International Airport,KUL,2024-08-30 01:55,Shanghai Pudong International Airport,PVG,2024-08-30 07:30,335,China Eastern,Premium Economy,1075,510,,1794,Y,Y,Y,1,8,1,20,Friday,False,False,False,Ninoy Aquino International Airport,MNL
Kuala Lumpur International Airport,KUL,2024-08-30 14:15,Haneda Airport,HND,2024-08-30 22:15,420,ANA,Premium Economy,900,195,,2060,Y,Y,Y,1,10,2,23,Friday,False,False,False,Ninoy Aquino International Airport,MNL
Kuala Lumpur International Airport,KUL,2024-08-30 14:15,Haneda Airport,HND,2024-08-30 22:15,420,ANA,Premium Economy,1395,690,True,2466,Y,Y,Y,1,10,2,23,Friday,False,False,False,Ninoy Aquino International Airport,MNL
Kuala Lumpur International Airport,KUL,2024-08-30 07:15,Narita International Airport,NRT,2024-08-30 15:30,435,ANA,Premium Economy,820,105,,2468,Y,Y,Y,1,10,2,23,Friday,False,False,False,Ninoy Aquino International Airport,MNL
Kuala Lumpur International Airport,KUL,2024-08-31 04:20,Shenzhen Bao'an International Airport,SZX,2024-08-31 08:40,260,Shenzhen,Premium Economy,1280,870,,381,Y,Y,Y,1,5,1,20,Saturday,False,True,False,Ninoy Aquino International Airport,MNL
Kuala Lumpur International Airport,KUL,2024-08-31 01:55,Shanghai Pudong International Airport,PVG,2024-08-31 07:30,335,China Eastern,Premium Economy,1075,510,,1794,Y,Y,Y,1,8,1,20,Saturday,False,True,False,Ninoy Aquino International Airport,MNL
Kuala Lumpur International Airport,KUL,2024-08-31 07:15,Narita International Airport,NRT,2024-08-31 15:30,435,ANA,Premium Economy,820,105,,2020,Y,Y,Y,1,10,2,23,Saturday,False,True,False,Ninoy Aquino International Airport,MNL
