Departure Airport Name,Departure Airport ID,Departure Time,Arrival Airport Name,Arrival Airport ID,Arrival Time,Duration,Airline,Travel Class,Total Duration,Layover 1 Duration,Layover 1 Overnight,Price, Cabin Baggage, Checked Baggage,Meal Included,Cabin Baggage (Number),Cabin Baggage (kg per piece),Checked Baggage (Number),Checked Baggage (kg per piece) ,Day of Week (on flight date),Overnight Flight,Departure Country Is Holiday,Arrival Country Is Holiday,Final Arrival Airport Name,Final Arrival Airport ID
Kuala Lumpur International Airport,KUL,2024-07-01 11:55,Singapore Changi Airport,SIN,2024-07-01 12:55,60,Scoot,Premium Economy,360,135,,190,Y,Y,Y,1,15,1,30,Monday,False,False,False,Suvarnabhumi Airport,BKK
Kuala Lumpur International Airport,KUL,2024-07-01 19:15,Singapore Changi Airport,SIN,2024-07-01 20:25,70,Scoot,Premium Economy,935,715,True,190,Y,Y,Y,1,15,1,30,Monday,False,False,False,Suvarnabhumi Airport,BKK
Kuala Lumpur International Airport,KUL,2024-07-01 13:25,Guangzhou Baiyun International Airport,CAN,2024-07-01 17:35,250,China Southern,Premium Economy,575,160,,405,Y,Y,Y,1,8,2,23,Monday,False,False,False,Suvarnabhumi Airport,BKK
Kuala Lumpur International Airport,KUL,2024-07-01 20:45,Shenzhen Bao'an International Airport,SZX,2024-07-02 01:05,260,Shenzhen,Premium Economy,955,515,True,500,Y,Y,Y,1,5,1,20,Monday,True,False,False,Suvarnabhumi Airport,BKK
Kuala Lumpur International Airport,KUL,2024-07-01 01:55,Shanghai Pudong International Airport,PVG,2024-07-01 07:30,335,China Eastern,Premium Economy,695,95,,619,Y,Y,Y,1,8,1,20,Monday,False,False,False,Suvarnabhumi Airport,BKK
Kuala Lumpur International Airport,KUL,2024-07-01 04:20,Shenzhen Bao'an International Airport,SZX,2024-07-01 08:40,260,Shenzhen,Premium Economy,905,465,,500,Y,Y,Y,1,5,1,20,Monday,False,False,False,Suvarnabhumi Airport,BKK
Kuala Lumpur International Airport,KUL,2024-07-02 19:15,Singapore Changi Airport,SIN,2024-07-02 20:25,70,Scoot,Premium Economy,935,715,True,192,Y,Y,Y,1,15,1,30,Tuesday,False,False,False,Suvarnabhumi Airport,BKK
Kuala Lumpur International Airport,KUL,2024-07-02 04:20,Shenzhen Bao'an International Airport,SZX,2024-07-02 08:40,260,Shenzhen,Premium Economy,905,465,,454,Y,Y,Y,1,5,1,20,Tuesday,False,False,False,Suvarnabhumi Airport,BKK
Kuala Lumpur International Airport,KUL,2024-07-02 20:45,Shenzhen Bao'an International Airport,SZX,2024-07-03 01:05,260,Shenzhen,Premium Economy,955,515,True,454,Y,Y,Y,1,5,1,20,Tuesday,True,False,False,Suvarnabhumi Airport,BKK
Kuala Lumpur International Airport,KUL,2024-07-03 11:55,Singapore Changi Airport,SIN,2024-07-03 12:55,60,Scoot,Premium Economy,360,135,,192,Y,Y,Y,1,15,1,30,Wednesday,False,False,False,Suvarnabhumi Airport,BKK
Kuala Lumpur International Airport,KUL,2024-07-03 19:15,Singapore Changi Airport,SIN,2024-07-03 20:25,70,Scoot,Premium Economy,935,715,True,192,Y,Y,Y,1,15,1,30,Wednesday,False,False,False,Suvarnabhumi Airport,BKK
Kuala Lumpur International Airport,KUL,2024-07-03 13:25,Guangzhou Baiyun International Airport,CAN,2024-07-03 17:35,250,China Southern,Premium Economy,575,160,,429,Y,Y,Y,1,8,2,23,Wednesday,False,False,False,Suvarnabhumi Airport,BKK
Kuala Lumpur International Airport,KUL,2024-07-03 20:45,Shenzhen Bao'an International Airport,SZX,2024-07-04 01:05,260,Shenzhen,Premium Economy,955,515,True,454,Y,Y,Y,1,5,1,20,Wednesday,True,False,False,Suvarnabhumi Airport,BKK
Kuala Lumpur International Airport,KUL,2024-07-03 01:55,Shanghai Pudong International Airport,PVG,2024-07-03 07:30,335,China Eastern,Premium Economy,695,95,,572,Y,Y,Y,1,8,1,20,Wednesday,False,False,False,Suvarnabhumi Airport,BKK
Kuala Lumpur International Airport,KUL,2024-07-03 07:00,Shenzhen Bao'an International Airport,SZX,2024-07-03 11:30,270,Shenzhen,Premium Economy,745,295,,654,Y,Y,Y,1,5,1,20,Wednesday,False,False,False,Suvarnabhumi Airport,BKK
Kuala Lumpur International Airport,KUL,2024-07-03 07:00,Shenzhen Bao'an International Airport,SZX,2024-07-03 11:30,270,Shenzhen,Premium Economy,735,270,,1619,Y,Y,Y,1,5,1,20,Wednesday,False,False,False,Suvarnabhumi Airport,BKK
Kuala Lumpur International Airport,KUL,2024-07-04 19:15,Singapore Changi Airport,SIN,2024-07-04 20:25,70,Scoot,Premium Economy,1350,1125,True,192,Y,Y,Y,1,15,1,30,Thursday,False,False,False,Suvarnabhumi Airport,BKK
Kuala Lumpur International Airport,KUL,2024-07-04 13:25,Guangzhou Baiyun International Airport,CAN,2024-07-04 17:35,250,China Southern,Premium Economy,575,160,,405,Y,Y,Y,1,8,2,23,Thursday,False,False,False,Suvarnabhumi Airport,BKK
Kuala Lumpur International Airport,KUL,2024-07-04 19:15,Singapore Changi Airport,SIN,2024-07-04 20:25,70,Scoot,Premium Economy,935,715,True,266,Y,Y,Y,1,15,1,30,Thursday,False,False,False,Suvarnabhumi Airport,BKK
Kuala Lumpur International Airport,KUL,2024-07-04 20:45,Shenzhen Bao'an International Airport,SZX,2024-07-05 01:05,260,Shenzhen,Premium Economy,955,515,True,462,Y,Y,Y,1,5,1,20,Thursday,True,False,False,Suvarnabhumi Airport,BKK
Kuala Lumpur International Airport,KUL,2024-07-04 04:20,Shenzhen Bao'an International Airport,SZX,2024-07-04 08:40,260,Shenzhen,Premium Economy,905,465,,500,Y,Y,Y,1,5,1,20,Thursday,False,False,False,Suvarnabhumi Airport,BKK
Kuala Lumpur International Airport,KUL,2024-07-05 23:25,Singapore Changi Airport,SIN,2024-07-06 00:30,65,Scoot,Premium Economy,580,350,True,192,Y,Y,Y,1,15,1,30,Friday,True,False,False,Suvarnabhumi Airport,BKK
Kuala Lumpur International Airport,KUL,2024-07-05 13:25,Guangzhou Baiyun International Airport,CAN,2024-07-05 17:35,250,China Southern,Premium Economy,575,160,,429,Y,Y,Y,1,8,2,23,Friday,False,False,False,Suvarnabhumi Airport,BKK
Kuala Lumpur International Airport,KUL,2024-07-05 07:00,Shenzhen Bao'an International Airport,SZX,2024-07-05 11:30,270,Shenzhen,Premium Economy,745,295,,508,Y,Y,Y,1,5,1,20,Friday,False,False,False,Suvarnabhumi Airport,BKK
Kuala Lumpur International Airport,KUL,2024-07-05 01:55,Shanghai Pudong International Airport,PVG,2024-07-05 07:30,335,China Eastern,Premium Economy,695,95,,572,Y,Y,Y,1,8,1,20,Friday,False,False,False,Suvarnabhumi Airport,BKK
Kuala Lumpur International Airport,KUL,2024-07-05 20:45,Shenzhen Bao'an International Airport,SZX,2024-07-06 01:05,260,Shenzhen,Premium Economy,955,515,True,508,Y,Y,Y,1,5,1,20,Friday,True,False,False,Suvarnabhumi Airport,BKK
Kuala Lumpur International Airport,KUL,2024-07-05 07:00,Shenzhen Bao'an International Airport,SZX,2024-07-05 11:30,270,Shenzhen,Premium Economy,735,270,,1619,Y,Y,Y,1,5,1,20,Friday,False,False,False,Suvarnabhumi Airport,BKK
Kuala Lumpur International Airport,KUL,2024-07-06 19:15,Singapore Changi Airport,SIN,2024-07-06 20:25,70,Scoot,Premium Economy,935,715,True,192,Y,Y,Y,1,15,1,30,Saturday,False,False,False,Suvarnabhumi Airport,BKK
Kuala Lumpur International Airport,KUL,2024-07-06 13:25,Guangzhou Baiyun International Airport,CAN,2024-07-06 17:35,250,China Southern,Premium Economy,575,160,,405,Y,Y,Y,1,8,2,23,Saturday,False,False,False,Suvarnabhumi Airport,BKK
Kuala Lumpur International Airport,KUL,2024-07-06 01:55,Shanghai Pudong International Airport,PVG,2024-07-06 07:30,335,China Eastern,Premium Economy,695,95,,619,Y,Y,Y,1,8,1,20,Saturday,False,False,False,Suvarnabhumi Airport,BKK
Kuala Lumpur International Airport,KUL,2024-07-06 04:20,Shenzhen Bao'an International Airport,SZX,2024-07-06 08:40,260,Shenzhen,Premium Economy,905,465,,508,Y,Y,Y,1,5,1,20,Saturday,False,False,False,Suvarnabhumi Airport,BKK
Kuala Lumpur International Airport,KUL,2024-07-06 20:45,Shenzhen Bao'an International Airport,SZX,2024-07-07 01:05,260,Shenzhen,Premium Economy,955,515,True,508,Y,Y,Y,1,5,1,20,Saturday,True,False,False,Suvarnabhumi Airport,BKK
Kuala Lumpur International Airport,KUL,2024-07-07 22:15,Singapore Changi Airport,SIN,2024-07-07 23:35,80,Scoot,Premium Economy,1180,935,True,192,Y,Y,Y,1,15,1,30,Sunday,False,True,False,Suvarnabhumi Airport,BKK
Kuala Lumpur International Airport,KUL,2024-07-07 22:15,Singapore Changi Airport,SIN,2024-07-07 23:35,80,Scoot,Premium Economy,755,525,True,266,Y,Y,Y,1,15,1,30,Sunday,False,True,False,Suvarnabhumi Airport,BKK
Kuala Lumpur International Airport,KUL,2024-07-07 13:25,Guangzhou Baiyun International Airport,CAN,2024-07-07 17:35,250,China Southern,Premium Economy,575,160,,453,Y,Y,Y,1,8,2,23,Sunday,False,True,False,Suvarnabhumi Airport,BKK
Kuala Lumpur International Airport,KUL,2024-07-07 01:55,Shanghai Pudong International Airport,PVG,2024-07-07 07:30,335,China Eastern,Premium Economy,695,95,,572,Y,Y,Y,1,8,1,20,Sunday,False,True,False,Suvarnabhumi Airport,BKK
Kuala Lumpur International Airport,KUL,2024-07-07 13:25,Guangzhou Baiyun International Airport,CAN,2024-07-07 17:35,250,China Southern,Premium Economy,785,360,,405,Y,Y,Y,1,8,2,23,Sunday,False,True,False,Suvarnabhumi Airport,BKK
Kuala Lumpur International Airport,KUL,2024-07-07 04:20,Shenzhen Bao'an International Airport,SZX,2024-07-07 08:40,260,Shenzhen,Premium Economy,905,465,,508,Y,Y,Y,1,5,1,20,Sunday,False,True,False,Suvarnabhumi Airport,BKK
Kuala Lumpur International Airport,KUL,2024-07-07 20:45,Shenzhen Bao'an International Airport,SZX,2024-07-08 01:05,260,Shenzhen,Premium Economy,955,515,True,508,Y,Y,Y,1,5,1,20,Sunday,True,True,False,Suvarnabhumi Airport,BKK
Kuala Lumpur International Airport,KUL,2024-07-08 11:55,Singapore Changi Airport,SIN,2024-07-08 12:55,60,Scoot,Premium Economy,360,135,,192,Y,Y,Y,1,15,1,30,Monday,False,True,False,Suvarnabhumi Airport,BKK
Kuala Lumpur International Airport,KUL,2024-07-08 13:25,Guangzhou Baiyun International Airport,CAN,2024-07-08 17:35,250,China Southern,Premium Economy,575,160,,429,Y,Y,Y,1,8,2,23,Monday,False,True,False,Suvarnabhumi Airport,BKK
Kuala Lumpur International Airport,KUL,2024-07-08 01:55,Shanghai Pudong International Airport,PVG,2024-07-08 07:30,335,China Eastern,Premium Economy,695,95,,619,Y,Y,Y,1,8,1,20,Monday,False,True,False,Suvarnabhumi Airport,BKK
Kuala Lumpur International Airport,KUL,2024-07-08 19:15,Singapore Changi Airport,SIN,2024-07-08 20:25,70,Scoot,Premium Economy,935,715,True,219,Y,Y,Y,1,15,1,30,Monday,False,True,False,Suvarnabhumi Airport,BKK
Kuala Lumpur International Airport,KUL,2024-07-08 13:25,Guangzhou Baiyun International Airport,CAN,2024-07-08 17:35,250,China Southern,Premium Economy,785,360,,405,Y,Y,Y,1,8,2,23,Monday,False,True,False,Suvarnabhumi Airport,BKK
Kuala Lumpur International Airport,KUL,2024-07-08 20:45,Shenzhen Bao'an International Airport,SZX,2024-07-09 01:05,260,Shenzhen,Premium Economy,955,515,True,508,Y,Y,Y,1,5,1,20,Monday,True,True,False,Suvarnabhumi Airport,BKK
Kuala Lumpur International Airport,KUL,2024-07-08 04:20,Shenzhen Bao'an International Airport,SZX,2024-07-08 08:40,260,Shenzhen,Premium Economy,905,465,,554,Y,Y,Y,1,5,1,20,Monday,False,True,False,Suvarnabhumi Airport,BKK
Kuala Lumpur International Airport,KUL,2024-07-09 19:15,Singapore Changi Airport,SIN,2024-07-09 20:25,70,Scoot,Premium Economy,935,715,True,190,Y,Y,Y,1,15,1,30,Tuesday,False,False,False,Suvarnabhumi Airport,BKK
Kuala Lumpur International Airport,KUL,2024-07-09 13:25,Guangzhou Baiyun International Airport,CAN,2024-07-09 17:35,250,China Southern,Premium Economy,575,160,,405,Y,Y,Y,1,8,2,23,Tuesday,False,False,False,Suvarnabhumi Airport,BKK
Kuala Lumpur International Airport,KUL,2024-07-09 20:45,Shenzhen Bao'an International Airport,SZX,2024-07-10 01:05,260,Shenzhen,Premium Economy,955,515,True,508,Y,Y,Y,1,5,1,20,Tuesday,True,False,False,Suvarnabhumi Airport,BKK
Kuala Lumpur International Airport,KUL,2024-07-09 04:20,Shenzhen Bao'an International Airport,SZX,2024-07-09 08:40,260,Shenzhen,Premium Economy,905,465,,554,Y,Y,Y,1,5,1,20,Tuesday,False,False,False,Suvarnabhumi Airport,BKK
Kuala Lumpur International Airport,KUL,2024-07-10 11:55,Singapore Changi Airport,SIN,2024-07-10 12:55,60,Scoot,Premium Economy,360,135,,192,Y,Y,Y,1,15,1,30,Wednesday,False,False,False,Suvarnabhumi Airport,BKK
Kuala Lumpur International Airport,KUL,2024-07-10 19:15,Singapore Changi Airport,SIN,2024-07-10 20:25,70,Scoot,Premium Economy,935,715,True,266,Y,Y,Y,1,15,1,30,Wednesday,False,False,False,Suvarnabhumi Airport,BKK
Kuala Lumpur International Airport,KUL,2024-07-10 13:25,Guangzhou Baiyun International Airport,CAN,2024-07-10 17:35,250,China Southern,Premium Economy,575,160,,405,Y,Y,Y,1,8,2,23,Wednesday,False,False,False,Suvarnabhumi Airport,BKK
Kuala Lumpur International Airport,KUL,2024-07-10 04:20,Shenzhen Bao'an International Airport,SZX,2024-07-10 08:40,260,Shenzhen,Premium Economy,905,465,,554,Y,Y,Y,1,5,1,20,Wednesday,False,False,False,Suvarnabhumi Airport,BKK
Kuala Lumpur International Airport,KUL,2024-07-10 01:55,Shanghai Pudong International Airport,PVG,2024-07-10 07:30,335,China Eastern,Premium Economy,695,95,,571,Y,Y,Y,1,8,1,20,Wednesday,False,False,False,Suvarnabhumi Airport,BKK
Kuala Lumpur International Airport,KUL,2024-07-10 20:45,Shenzhen Bao'an International Airport,SZX,2024-07-11 01:05,260,Shenzhen,Premium Economy,955,515,True,608,Y,Y,Y,1,5,1,20,Wednesday,True,False,False,Suvarnabhumi Airport,BKK
Kuala Lumpur International Airport,KUL,2024-07-11 19:15,Singapore Changi Airport,SIN,2024-07-11 20:25,70,Scoot,Premium Economy,935,715,True,192,Y,Y,Y,1,15,1,30,Thursday,False,False,False,Suvarnabhumi Airport,BKK
Kuala Lumpur International Airport,KUL,2024-07-11 13:25,Guangzhou Baiyun International Airport,CAN,2024-07-11 17:35,250,China Southern,Premium Economy,575,160,,429,Y,Y,Y,1,8,2,23,Thursday,False,False,False,Suvarnabhumi Airport,BKK
Kuala Lumpur International Airport,KUL,2024-07-11 13:25,Guangzhou Baiyun International Airport,CAN,2024-07-11 17:35,250,China Southern,Premium Economy,785,360,,405,Y,Y,Y,1,8,2,23,Thursday,False,False,False,Suvarnabhumi Airport,BKK
Kuala Lumpur International Airport,KUL,2024-07-11 04:20,Shenzhen Bao'an International Airport,SZX,2024-07-11 08:40,260,Shenzhen,Premium Economy,905,465,,571,Y,Y,Y,1,5,1,20,Thursday,False,False,False,Suvarnabhumi Airport,BKK
Kuala Lumpur International Airport,KUL,2024-07-11 20:45,Shenzhen Bao'an International Airport,SZX,2024-07-12 01:05,260,Shenzhen,Premium Economy,955,515,True,625,Y,Y,Y,1,5,1,20,Thursday,True,False,False,Suvarnabhumi Airport,BKK
Kuala Lumpur International Airport,KUL,2024-07-12 23:25,Singapore Changi Airport,SIN,2024-07-13 00:30,65,Scoot,Premium Economy,580,350,True,192,Y,Y,Y,1,15,1,30,Friday,True,False,False,Suvarnabhumi Airport,BKK
Kuala Lumpur International Airport,KUL,2024-07-12 13:25,Guangzhou Baiyun International Airport,CAN,2024-07-12 17:35,250,China Southern,Premium Economy,575,160,,460,Y,Y,Y,1,8,2,23,Friday,False,False,False,Suvarnabhumi Airport,BKK
Kuala Lumpur International Airport,KUL,2024-07-12 01:55,Shanghai Pudong International Airport,PVG,2024-07-12 07:30,335,China Eastern,Premium Economy,695,95,,571,Y,Y,Y,1,8,1,20,Friday,False,False,False,Suvarnabhumi Airport,BKK
Kuala Lumpur International Airport,KUL,2024-07-12 13:25,Guangzhou Baiyun International Airport,CAN,2024-07-12 17:35,250,China Southern,Premium Economy,785,360,,436,Y,Y,Y,1,8,2,23,Friday,False,False,False,Suvarnabhumi Airport,BKK
Kuala Lumpur International Airport,KUL,2024-07-12 04:20,Shenzhen Bao'an International Airport,SZX,2024-07-12 08:40,260,Shenzhen,Premium Economy,905,465,,571,Y,Y,Y,1,5,1,20,Friday,False,False,False,Suvarnabhumi Airport,BKK
Kuala Lumpur International Airport,KUL,2024-07-12 20:45,Shenzhen Bao'an International Airport,SZX,2024-07-13 01:05,260,Shenzhen,Premium Economy,955,515,True,571,Y,Y,Y,1,5,1,20,Friday,True,False,False,Suvarnabhumi Airport,BKK
Kuala Lumpur International Airport,KUL,2024-07-13 19:15,Singapore Changi Airport,SIN,2024-07-13 20:25,70,Scoot,Premium Economy,1360,1130,True,190,Y,Y,Y,1,15,1,30,Saturday,False,False,False,Suvarnabhumi Airport,BKK
Kuala Lumpur International Airport,KUL,2024-07-13 13:25,Guangzhou Baiyun International Airport,CAN,2024-07-13 17:35,250,China Southern,Premium Economy,575,160,,436,Y,Y,Y,1,8,2,23,Saturday,False,False,False,Suvarnabhumi Airport,BKK
Kuala Lumpur International Airport,KUL,2024-07-13 01:55,Shanghai Pudong International Airport,PVG,2024-07-13 07:30,335,China Eastern,Premium Economy,695,95,,618,Y,Y,Y,1,8,1,20,Saturday,False,False,False,Suvarnabhumi Airport,BKK
Kuala Lumpur International Airport,KUL,2024-07-13 19:15,Singapore Changi Airport,SIN,2024-07-13 20:25,70,Scoot,Premium Economy,935,715,True,442,Y,Y,Y,1,15,1,30,Saturday,False,False,False,Suvarnabhumi Airport,BKK
Kuala Lumpur International Airport,KUL,2024-07-13 04:20,Shenzhen Bao'an International Airport,SZX,2024-07-13 08:40,260,Shenzhen,Premium Economy,905,465,,571,Y,Y,Y,1,5,1,20,Saturday,False,False,False,Suvarnabhumi Airport,BKK
Kuala Lumpur International Airport,KUL,2024-07-13 20:45,Shenzhen Bao'an International Airport,SZX,2024-07-14 01:05,260,Shenzhen,Premium Economy,955,515,True,571,Y,Y,Y,1,5,1,20,Saturday,True,False,False,Suvarnabhumi Airport,BKK
Kuala Lumpur International Airport,KUL,2024-07-14 22:15,Singapore Changi Airport,SIN,2024-07-14 23:35,80,Scoot,Premium Economy,755,525,True,218,Y,Y,Y,1,15,1,30,Sunday,False,False,False,Suvarnabhumi Airport,BKK
Kuala Lumpur International Airport,KUL,2024-07-14 13:25,Guangzhou Baiyun International Airport,CAN,2024-07-14 17:35,250,China Southern,Premium Economy,575,160,,484,Y,Y,Y,1,8,2,23,Sunday,False,False,False,Suvarnabhumi Airport,BKK
Kuala Lumpur International Airport,KUL,2024-07-14 01:55,Shanghai Pudong International Airport,PVG,2024-07-14 07:30,335,China Eastern,Premium Economy,695,95,,618,Y,Y,Y,1,8,1,20,Sunday,False,False,False,Suvarnabhumi Airport,BKK
Kuala Lumpur International Airport,KUL,2024-07-14 13:25,Guangzhou Baiyun International Airport,CAN,2024-07-14 17:35,250,China Southern,Premium Economy,785,360,,436,Y,Y,Y,1,8,2,23,Sunday,False,False,False,Suvarnabhumi Airport,BKK
Kuala Lumpur International Airport,KUL,2024-07-14 04:20,Shenzhen Bao'an International Airport,SZX,2024-07-14 08:40,260,Shenzhen,Premium Economy,905,465,,571,Y,Y,Y,1,5,1,20,Sunday,False,False,False,Suvarnabhumi Airport,BKK
Kuala Lumpur International Airport,KUL,2024-07-14 20:45,Shenzhen Bao'an International Airport,SZX,2024-07-15 01:05,260,Shenzhen,Premium Economy,955,515,True,571,Y,Y,Y,1,5,1,20,Sunday,True,False,False,Suvarnabhumi Airport,BKK
Kuala Lumpur International Airport,KUL,2024-07-15 11:55,Singapore Changi Airport,SIN,2024-07-15 12:55,60,Scoot,Premium Economy,360,135,,192,Y,Y,Y,1,15,1,30,Monday,False,False,False,Suvarnabhumi Airport,BKK
Kuala Lumpur International Airport,KUL,2024-07-15 19:15,Singapore Changi Airport,SIN,2024-07-15 20:25,70,Scoot,Premium Economy,935,715,True,192,Y,Y,Y,1,15,1,30,Monday,False,False,False,Suvarnabhumi Airport,BKK
Kuala Lumpur International Airport,KUL,2024-07-15 13:25,Guangzhou Baiyun International Airport,CAN,2024-07-15 17:35,250,China Southern,Premium Economy,575,160,,436,Y,Y,Y,1,8,2,23,Monday,False,False,False,Suvarnabhumi Airport,BKK
Kuala Lumpur International Airport,KUL,2024-07-15 20:45,Shenzhen Bao'an International Airport,SZX,2024-07-16 01:05,260,Shenzhen,Premium Economy,955,515,True,571,Y,Y,Y,1,5,1,20,Monday,True,False,False,Suvarnabhumi Airport,BKK
Kuala Lumpur International Airport,KUL,2024-07-15 01:55,Shanghai Pudong International Airport,PVG,2024-07-15 07:30,335,China Eastern,Premium Economy,695,95,,618,Y,Y,Y,1,8,1,20,Monday,False,False,False,Suvarnabhumi Airport,BKK
Kuala Lumpur International Airport,KUL,2024-07-15 04:20,Shenzhen Bao'an International Airport,SZX,2024-07-15 08:40,260,Shenzhen,Premium Economy,905,465,,625,Y,Y,Y,1,5,1,20,Monday,False,False,False,Suvarnabhumi Airport,BKK
Kuala Lumpur International Airport,KUL,2024-07-16 19:15,Singapore Changi Airport,SIN,2024-07-16 20:25,70,Scoot,Premium Economy,935,715,True,190,Y,Y,Y,1,15,1,30,Tuesday,False,False,False,Suvarnabhumi Airport,BKK
Kuala Lumpur International Airport,KUL,2024-07-16 04:20,Shenzhen Bao'an International Airport,SZX,2024-07-16 08:40,260,Shenzhen,Premium Economy,905,465,,608,Y,Y,Y,1,5,1,20,Tuesday,False,False,False,Suvarnabhumi Airport,BKK
Kuala Lumpur International Airport,KUL,2024-07-16 20:45,Shenzhen Bao'an International Airport,SZX,2024-07-17 01:05,260,Shenzhen,Premium Economy,955,515,True,608,Y,Y,Y,1,5,1,20,Tuesday,True,False,False,Suvarnabhumi Airport,BKK
Kuala Lumpur International Airport,KUL,2024-07-17 11:55,Singapore Changi Airport,SIN,2024-07-17 12:55,60,Scoot,Premium Economy,360,135,,192,Y,Y,Y,1,15,1,30,Wednesday,False,False,False,Suvarnabhumi Airport,BKK
Kuala Lumpur International Airport,KUL,2024-07-17 13:25,Guangzhou Baiyun International Airport,CAN,2024-07-17 17:35,250,China Southern,Premium Economy,575,160,,460,Y,Y,Y,1,8,2,23,Wednesday,False,False,False,Suvarnabhumi Airport,BKK
Kuala Lumpur International Airport,KUL,2024-07-17 01:55,Shanghai Pudong International Airport,PVG,2024-07-17 07:30,335,China Eastern,Premium Economy,695,95,,571,Y,Y,Y,1,8,1,20,Wednesday,False,False,False,Suvarnabhumi Airport,BKK
Kuala Lumpur International Airport,KUL,2024-07-17 19:15,Singapore Changi Airport,SIN,2024-07-17 20:25,70,Scoot,Premium Economy,935,715,True,266,Y,Y,Y,1,15,1,30,Wednesday,False,False,False,Suvarnabhumi Airport,BKK
Kuala Lumpur International Airport,KUL,2024-07-17 13:25,Guangzhou Baiyun International Airport,CAN,2024-07-17 17:35,250,China Southern,Premium Economy,785,360,,436,Y,Y,Y,1,8,2,23,Wednesday,False,False,False,Suvarnabhumi Airport,BKK
Kuala Lumpur International Airport,KUL,2024-07-17 04:20,Shenzhen Bao'an International Airport,SZX,2024-07-17 08:40,260,Shenzhen,Premium Economy,905,465,,608,Y,Y,Y,1,5,1,20,Wednesday,False,False,False,Suvarnabhumi Airport,BKK
Kuala Lumpur International Airport,KUL,2024-07-17 20:45,Shenzhen Bao'an International Airport,SZX,2024-07-18 01:05,260,Shenzhen,Premium Economy,955,515,True,661,Y,Y,Y,1,5,1,20,Wednesday,True,False,False,Suvarnabhumi Airport,BKK
Kuala Lumpur International Airport,KUL,2024-07-18 19:15,Singapore Changi Airport,SIN,2024-07-18 20:25,70,Scoot,Premium Economy,935,715,True,192,Y,Y,Y,1,15,1,30,Thursday,False,False,False,Suvarnabhumi Airport,BKK
Kuala Lumpur International Airport,KUL,2024-07-18 04:20,Shenzhen Bao'an International Airport,SZX,2024-07-18 08:40,260,Shenzhen,Premium Economy,905,465,,608,Y,Y,Y,1,5,1,20,Thursday,False,False,False,Suvarnabhumi Airport,BKK
Kuala Lumpur International Airport,KUL,2024-07-18 20:45,Shenzhen Bao'an International Airport,SZX,2024-07-19 01:05,260,Shenzhen,Premium Economy,955,515,True,661,Y,Y,Y,1,5,1,20,Thursday,True,False,False,Suvarnabhumi Airport,BKK
Kuala Lumpur International Airport,KUL,2024-07-19 23:25,Singapore Changi Airport,SIN,2024-07-20 00:30,65,Scoot,Premium Economy,685,470,True,192,Y,Y,Y,1,15,1,30,Friday,True,False,True,Suvarnabhumi Airport,BKK
Kuala Lumpur International Airport,KUL,2024-07-19 23:25,Singapore Changi Airport,SIN,2024-07-20 00:30,65,Scoot,Premium Economy,580,350,True,266,Y,Y,Y,1,15,1,30,Friday,True,False,True,Suvarnabhumi Airport,BKK
Kuala Lumpur International Airport,KUL,2024-07-19 13:25,Guangzhou Baiyun International Airport,CAN,2024-07-19 17:35,250,China Southern,Premium Economy,575,160,,460,Y,Y,Y,1,8,2,23,Friday,False,False,False,Suvarnabhumi Airport,BKK
Kuala Lumpur International Airport,KUL,2024-07-19 01:55,Shanghai Pudong International Airport,PVG,2024-07-19 07:30,335,China Eastern,Premium Economy,695,95,,571,Y,Y,Y,1,8,1,20,Friday,False,False,False,Suvarnabhumi Airport,BKK
Kuala Lumpur International Airport,KUL,2024-07-19 13:25,Guangzhou Baiyun International Airport,CAN,2024-07-19 17:35,250,China Southern,Premium Economy,785,360,,436,Y,Y,Y,1,8,2,23,Friday,False,False,False,Suvarnabhumi Airport,BKK
Kuala Lumpur International Airport,KUL,2024-07-19 04:20,Shenzhen Bao'an International Airport,SZX,2024-07-19 08:40,260,Shenzhen,Premium Economy,905,465,,608,Y,Y,Y,1,5,1,20,Friday,False,False,False,Suvarnabhumi Airport,BKK
Kuala Lumpur International Airport,KUL,2024-07-19 20:45,Shenzhen Bao'an International Airport,SZX,2024-07-20 01:05,260,Shenzhen,Premium Economy,955,515,True,608,Y,Y,Y,1,5,1,20,Friday,True,False,True,Suvarnabhumi Airport,BKK
Kuala Lumpur International Airport,KUL,2024-07-20 19:15,Singapore Changi Airport,SIN,2024-07-20 20:25,70,Scoot,Premium Economy,1360,1130,True,190,Y,Y,Y,1,15,1,30,Saturday,False,False,True,Suvarnabhumi Airport,BKK
Kuala Lumpur International Airport,KUL,2024-07-20 01:55,Shanghai Pudong International Airport,PVG,2024-07-20 07:30,335,China Eastern,Premium Economy,695,95,,571,Y,Y,Y,1,8,1,20,Saturday,False,False,True,Suvarnabhumi Airport,BKK
Kuala Lumpur International Airport,KUL,2024-07-20 19:15,Singapore Changi Airport,SIN,2024-07-20 20:25,70,Scoot,Premium Economy,935,715,True,264,Y,Y,Y,1,15,1,30,Saturday,False,False,True,Suvarnabhumi Airport,BKK
Kuala Lumpur International Airport,KUL,2024-07-20 04:20,Shenzhen Bao'an International Airport,SZX,2024-07-20 08:40,260,Shenzhen,Premium Economy,905,465,,608,Y,Y,Y,1,5,1,20,Saturday,False,False,True,Suvarnabhumi Airport,BKK
Kuala Lumpur International Airport,KUL,2024-07-20 20:45,Shenzhen Bao'an International Airport,SZX,2024-07-21 01:05,260,Shenzhen,Premium Economy,955,515,True,608,Y,Y,Y,1,5,1,20,Saturday,True,False,False,Suvarnabhumi Airport,BKK
Kuala Lumpur International Airport,KUL,2024-07-21 22:15,Singapore Changi Airport,SIN,2024-07-21 23:35,80,Scoot,Premium Economy,755,525,True,218,Y,Y,Y,1,15,1,30,Sunday,False,False,False,Suvarnabhumi Airport,BKK
Kuala Lumpur International Airport,KUL,2024-07-21 01:55,Shanghai Pudong International Airport,PVG,2024-07-21 07:30,335,China Eastern,Premium Economy,695,95,,616,Y,Y,Y,1,8,1,20,Sunday,False,False,False,Suvarnabhumi Airport,BKK
Kuala Lumpur International Airport,KUL,2024-07-21 04:20,Shenzhen Bao'an International Airport,SZX,2024-07-21 08:40,260,Shenzhen,Premium Economy,905,465,,608,Y,Y,Y,1,5,1,20,Sunday,False,False,False,Suvarnabhumi Airport,BKK
Kuala Lumpur International Airport,KUL,2024-07-21 20:45,Shenzhen Bao'an International Airport,SZX,2024-07-22 01:05,260,Shenzhen,Premium Economy,955,515,True,608,Y,Y,Y,1,5,1,20,Sunday,True,False,True,Suvarnabhumi Airport,BKK
Kuala Lumpur International Airport,KUL,2024-07-22 11:55,Singapore Changi Airport,SIN,2024-07-22 12:55,60,Scoot,Premium Economy,360,135,,190,Y,Y,Y,1,15,1,30,Monday,False,False,True,Suvarnabhumi Airport,BKK
Kuala Lumpur International Airport,KUL,2024-07-22 19:15,Singapore Changi Airport,SIN,2024-07-22 20:25,70,Scoot,Premium Economy,935,715,True,190,Y,Y,Y,1,15,1,30,Monday,False,False,True,Suvarnabhumi Airport,BKK
Kuala Lumpur International Airport,KUL,2024-07-22 01:55,Shanghai Pudong International Airport,PVG,2024-07-22 07:30,335,China Eastern,Premium Economy,695,95,,571,Y,Y,Y,1,8,1,20,Monday,False,False,True,Suvarnabhumi Airport,BKK
Kuala Lumpur International Airport,KUL,2024-07-22 04:20,Shenzhen Bao'an International Airport,SZX,2024-07-22 08:40,260,Shenzhen,Premium Economy,905,465,,608,Y,Y,Y,1,5,1,20,Monday,False,False,True,Suvarnabhumi Airport,BKK
Kuala Lumpur International Airport,KUL,2024-07-22 20:45,Shenzhen Bao'an International Airport,SZX,2024-07-23 01:05,260,Shenzhen,Premium Economy,955,515,True,608,Y,Y,Y,1,5,1,20,Monday,True,False,False,Suvarnabhumi Airport,BKK
Kuala Lumpur International Airport,KUL,2024-07-23 19:15,Singapore Changi Airport,SIN,2024-07-23 20:25,70,Scoot,Premium Economy,935,715,True,190,Y,Y,Y,1,15,1,30,Tuesday,False,False,False,Suvarnabhumi Airport,BKK
Kuala Lumpur International Airport,KUL,2024-07-23 04:20,Shenzhen Bao'an International Airport,SZX,2024-07-23 08:40,260,Shenzhen,Premium Economy,905,465,,608,Y,Y,Y,1,5,1,20,Tuesday,False,False,False,Suvarnabhumi Airport,BKK
Kuala Lumpur International Airport,KUL,2024-07-23 20:45,Shenzhen Bao'an International Airport,SZX,2024-07-24 01:05,260,Shenzhen,Premium Economy,955,515,True,608,Y,Y,Y,1,5,1,20,Tuesday,True,False,False,Suvarnabhumi Airport,BKK
Kuala Lumpur International Airport,KUL,2024-07-24 11:55,Singapore Changi Airport,SIN,2024-07-24 12:55,60,Scoot,Premium Economy,360,135,,192,Y,Y,Y,1,15,1,30,Wednesday,False,False,False,Suvarnabhumi Airport,BKK
Kuala Lumpur International Airport,KUL,2024-07-24 13:25,Guangzhou Baiyun International Airport,CAN,2024-07-24 17:35,250,China Southern,Premium Economy,575,160,,460,Y,Y,Y,1,8,2,23,Wednesday,False,False,False,Suvarnabhumi Airport,BKK
Kuala Lumpur International Airport,KUL,2024-07-24 01:55,Shanghai Pudong International Airport,PVG,2024-07-24 07:30,335,China Eastern,Premium Economy,695,95,,571,Y,Y,Y,1,8,1,20,Wednesday,False,False,False,Suvarnabhumi Airport,BKK
Kuala Lumpur International Airport,KUL,2024-07-24 19:15,Singapore Changi Airport,SIN,2024-07-24 20:25,70,Scoot,Premium Economy,935,715,True,192,Y,Y,Y,1,15,1,30,Wednesday,False,False,False,Suvarnabhumi Airport,BKK
Kuala Lumpur International Airport,KUL,2024-07-24 13:25,Guangzhou Baiyun International Airport,CAN,2024-07-24 17:35,250,China Southern,Premium Economy,785,360,,436,Y,Y,Y,1,8,2,23,Wednesday,False,False,False,Suvarnabhumi Airport,BKK
Kuala Lumpur International Airport,KUL,2024-07-24 04:20,Shenzhen Bao'an International Airport,SZX,2024-07-24 08:40,260,Shenzhen,Premium Economy,905,465,,608,Y,Y,Y,1,5,1,20,Wednesday,False,False,False,Suvarnabhumi Airport,BKK
Kuala Lumpur International Airport,KUL,2024-07-24 20:45,Shenzhen Bao'an International Airport,SZX,2024-07-25 01:05,260,Shenzhen,Premium Economy,955,515,True,661,Y,Y,Y,1,5,1,20,Wednesday,True,False,False,Suvarnabhumi Airport,BKK
Kuala Lumpur International Airport,KUL,2024-07-25 19:15,Singapore Changi Airport,SIN,2024-07-25 20:25,70,Scoot,Premium Economy,935,715,True,190,Y,Y,Y,1,15,1,30,Thursday,False,False,False,Suvarnabhumi Airport,BKK
Kuala Lumpur International Airport,KUL,2024-07-25 13:25,Guangzhou Baiyun International Airport,CAN,2024-07-25 17:35,250,China Southern,Premium Economy,785,360,,436,Y,Y,Y,1,8,2,23,Thursday,False,False,False,Suvarnabhumi Airport,BKK
Kuala Lumpur International Airport,KUL,2024-07-25 13:25,Guangzhou Baiyun International Airport,CAN,2024-07-25 17:35,250,China Southern,Premium Economy,575,160,,460,Y,Y,Y,1,8,2,23,Thursday,False,False,False,Suvarnabhumi Airport,BKK
Kuala Lumpur International Airport,KUL,2024-07-25 04:20,Shenzhen Bao'an International Airport,SZX,2024-07-25 08:40,260,Shenzhen,Premium Economy,905,465,,608,Y,Y,Y,1,5,1,20,Thursday,False,False,False,Suvarnabhumi Airport,BKK
Kuala Lumpur International Airport,KUL,2024-07-25 20:45,Shenzhen Bao'an International Airport,SZX,2024-07-26 01:05,260,Shenzhen,Premium Economy,955,515,True,661,Y,Y,Y,1,5,1,20,Thursday,True,False,False,Suvarnabhumi Airport,BKK
Kuala Lumpur International Airport,KUL,2024-07-26 23:25,Singapore Changi Airport,SIN,2024-07-27 00:30,65,Scoot,Premium Economy,580,350,True,192,Y,Y,Y,1,15,1,30,Friday,True,False,False,Suvarnabhumi Airport,BKK
Kuala Lumpur International Airport,KUL,2024-07-26 13:25,Guangzhou Baiyun International Airport,CAN,2024-07-26 17:35,250,China Southern,Premium Economy,575,160,,436,Y,Y,Y,1,8,2,23,Friday,False,False,False,Suvarnabhumi Airport,BKK
Kuala Lumpur International Airport,KUL,2024-07-26 01:55,Shanghai Pudong International Airport,PVG,2024-07-26 07:30,335,China Eastern,Premium Economy,695,95,,571,Y,Y,Y,1,8,1,20,Friday,False,False,False,Suvarnabhumi Airport,BKK
Kuala Lumpur International Airport,KUL,2024-07-26 20:45,Shenzhen Bao'an International Airport,SZX,2024-07-27 01:05,260,Shenzhen,Premium Economy,955,515,True,608,Y,Y,Y,1,5,1,20,Friday,True,False,False,Suvarnabhumi Airport,BKK
Kuala Lumpur International Airport,KUL,2024-07-26 04:20,Shenzhen Bao'an International Airport,SZX,2024-07-26 08:40,260,Shenzhen,Premium Economy,905,465,,608,Y,Y,Y,1,5,1,20,Friday,False,False,False,Suvarnabhumi Airport,BKK
Kuala Lumpur International Airport,KUL,2024-07-27 19:15,Singapore Changi Airport,SIN,2024-07-27 20:25,70,Scoot,Premium Economy,935,715,True,192,Y,Y,Y,1,15,1,30,Saturday,False,False,False,Suvarnabhumi Airport,BKK
Kuala Lumpur International Airport,KUL,2024-07-27 13:25,Guangzhou Baiyun International Airport,CAN,2024-07-27 17:35,250,China Southern,Premium Economy,575,160,,460,Y,Y,Y,1,8,2,23,Saturday,False,False,False,Suvarnabhumi Airport,BKK
Kuala Lumpur International Airport,KUL,2024-07-27 01:55,Shanghai Pudong International Airport,PVG,2024-07-27 07:30,335,China Eastern,Premium Economy,695,95,,571,Y,Y,Y,1,8,1,20,Saturday,False,False,False,Suvarnabhumi Airport,BKK
Kuala Lumpur International Airport,KUL,2024-07-27 13:25,Guangzhou Baiyun International Airport,CAN,2024-07-27 17:35,250,China Southern,Premium Economy,785,360,,436,Y,Y,Y,1,8,2,23,Saturday,False,False,False,Suvarnabhumi Airport,BKK
Kuala Lumpur International Airport,KUL,2024-07-27 04:20,Shenzhen Bao'an International Airport,SZX,2024-07-27 08:40,260,Shenzhen,Premium Economy,905,465,,608,Y,Y,Y,1,5,1,20,Saturday,False,False,False,Suvarnabhumi Airport,BKK
Kuala Lumpur International Airport,KUL,2024-07-27 20:45,Shenzhen Bao'an International Airport,SZX,2024-07-28 01:05,260,Shenzhen,Premium Economy,955,515,True,608,Y,Y,Y,1,5,1,20,Saturday,True,False,True,Suvarnabhumi Airport,BKK
Kuala Lumpur International Airport,KUL,2024-07-27 16:15,Shanghai Pudong International Airport,PVG,2024-07-27 21:50,335,Shanghai Airlines,Premium Economy,770,125,,884,Y,Y,Y,1,5,2,23,Saturday,False,False,False,Suvarnabhumi Airport,BKK
Kuala Lumpur International Airport,KUL,2024-07-28 22:15,Singapore Changi Airport,SIN,2024-07-28 23:35,80,Scoot,Premium Economy,755,525,True,218,Y,Y,Y,1,15,1,30,Sunday,False,False,True,Suvarnabhumi Airport,BKK
Kuala Lumpur International Airport,KUL,2024-07-28 13:25,Guangzhou Baiyun International Airport,CAN,2024-07-28 17:35,250,China Southern,Premium Economy,575,160,,460,Y,Y,Y,1,8,2,23,Sunday,False,False,True,Suvarnabhumi Airport,BKK
Kuala Lumpur International Airport,KUL,2024-07-28 01:55,Shanghai Pudong International Airport,PVG,2024-07-28 07:30,335,China Eastern,Premium Economy,695,95,,571,Y,Y,Y,1,8,1,20,Sunday,False,False,True,Suvarnabhumi Airport,BKK
Kuala Lumpur International Airport,KUL,2024-07-28 13:25,Guangzhou Baiyun International Airport,CAN,2024-07-28 17:35,250,China Southern,Premium Economy,785,360,,436,Y,Y,Y,1,8,2,23,Sunday,False,False,True,Suvarnabhumi Airport,BKK
Kuala Lumpur International Airport,KUL,2024-07-28 04:20,Shenzhen Bao'an International Airport,SZX,2024-07-28 08:40,260,Shenzhen,Premium Economy,905,465,,608,Y,Y,Y,1,5,1,20,Sunday,False,False,True,Suvarnabhumi Airport,BKK
Kuala Lumpur International Airport,KUL,2024-07-28 20:45,Shenzhen Bao'an International Airport,SZX,2024-07-29 01:05,260,Shenzhen,Premium Economy,955,515,True,608,Y,Y,Y,1,5,1,20,Sunday,True,False,True,Suvarnabhumi Airport,BKK
Kuala Lumpur International Airport,KUL,2024-07-29 11:55,Singapore Changi Airport,SIN,2024-07-29 12:55,60,Scoot,Premium Economy,360,135,,192,Y,Y,Y,1,15,1,30,Monday,False,False,True,Suvarnabhumi Airport,BKK
Kuala Lumpur International Airport,KUL,2024-07-29 13:25,Guangzhou Baiyun International Airport,CAN,2024-07-29 17:35,250,China Southern,Premium Economy,575,160,,436,Y,Y,Y,1,8,2,23,Monday,False,False,True,Suvarnabhumi Airport,BKK
Kuala Lumpur International Airport,KUL,2024-07-29 01:55,Shanghai Pudong International Airport,PVG,2024-07-29 07:30,335,China Eastern,Premium Economy,695,95,,571,Y,Y,Y,1,8,1,20,Monday,False,False,True,Suvarnabhumi Airport,BKK
Kuala Lumpur International Airport,KUL,2024-07-29 19:15,Singapore Changi Airport,SIN,2024-07-29 20:25,70,Scoot,Premium Economy,935,715,True,192,Y,Y,Y,1,15,1,30,Monday,False,False,True,Suvarnabhumi Airport,BKK
Kuala Lumpur International Airport,KUL,2024-07-29 04:20,Shenzhen Bao'an International Airport,SZX,2024-07-29 08:40,260,Shenzhen,Premium Economy,905,465,,608,Y,Y,Y,1,5,1,20,Monday,False,False,True,Suvarnabhumi Airport,BKK
Kuala Lumpur International Airport,KUL,2024-07-29 20:45,Shenzhen Bao'an International Airport,SZX,2024-07-30 01:05,260,Shenzhen,Premium Economy,955,515,True,608,Y,Y,Y,1,5,1,20,Monday,True,False,False,Suvarnabhumi Airport,BKK
Kuala Lumpur International Airport,KUL,2024-07-29 16:15,Shanghai Pudong International Airport,PVG,2024-07-29 21:50,335,Shanghai Airlines,Premium Economy,770,125,,884,Y,Y,Y,1,5,2,32,Monday,False,False,True,Suvarnabhumi Airport,BKK
Kuala Lumpur International Airport,KUL,2024-07-30 19:15,Singapore Changi Airport,SIN,2024-07-30 20:25,70,Scoot,Premium Economy,935,715,True,192,Y,Y,Y,1,15,1,30,Tuesday,False,False,False,Suvarnabhumi Airport,BKK
Kuala Lumpur International Airport,KUL,2024-07-30 04:20,Shenzhen Bao'an International Airport,SZX,2024-07-30 08:40,260,Shenzhen,Premium Economy,905,465,,608,Y,Y,Y,1,5,1,20,Tuesday,False,False,False,Suvarnabhumi Airport,BKK
Kuala Lumpur International Airport,KUL,2024-07-30 20:45,Shenzhen Bao'an International Airport,SZX,2024-07-31 01:05,260,Shenzhen,Premium Economy,955,515,True,608,Y,Y,Y,1,5,1,20,Tuesday,True,False,False,Suvarnabhumi Airport,BKK
Kuala Lumpur International Airport,KUL,2024-07-31 11:55,Singapore Changi Airport,SIN,2024-07-31 12:55,60,Scoot,Premium Economy,360,135,,190,Y,Y,Y,1,15,1,30,Wednesday,False,False,False,Suvarnabhumi Airport,BKK
Kuala Lumpur International Airport,KUL,2024-07-31 19:15,Singapore Changi Airport,SIN,2024-07-31 20:25,70,Scoot,Premium Economy,935,715,True,264,Y,Y,Y,1,15,1,30,Wednesday,False,False,False,Suvarnabhumi Airport,BKK
Kuala Lumpur International Airport,KUL,2024-07-31 01:55,Shanghai Pudong International Airport,PVG,2024-07-31 07:30,335,China Eastern,Premium Economy,695,95,,571,Y,Y,Y,1,8,1,20,Wednesday,False,False,False,Suvarnabhumi Airport,BKK
Kuala Lumpur International Airport,KUL,2024-07-31 04:20,Shenzhen Bao'an International Airport,SZX,2024-07-31 08:40,260,Shenzhen,Premium Economy,905,465,,608,Y,Y,Y,1,5,1,20,Wednesday,False,False,False,Suvarnabhumi Airport,BKK
Kuala Lumpur International Airport,KUL,2024-07-31 20:45,Shenzhen Bao'an International Airport,SZX,2024-08-01 01:05,260,Shenzhen,Premium Economy,1360,920,True,608,Y,Y,Y,1,5,1,20,Wednesday,True,False,False,Suvarnabhumi Airport,BKK
Kuala Lumpur International Airport,KUL,2024-07-31 20:45,Shenzhen Bao'an International Airport,SZX,2024-08-01 01:05,260,Shenzhen,Premium Economy,955,515,True,661,Y,Y,Y,1,5,1,20,Wednesday,True,False,False,Suvarnabhumi Airport,BKK
Kuala Lumpur International Airport,KUL,2024-08-01 19:15,Singapore Changi Airport,SIN,2024-08-01 20:25,70,Scoot,Premium Economy,935,715,True,192,Y,Y,Y,1,15,1,30,Thursday,False,False,False,Suvarnabhumi Airport,BKK
Kuala Lumpur International Airport,KUL,2024-08-01 13:25,Guangzhou Baiyun International Airport,CAN,2024-08-01 17:35,250,China Southern,Premium Economy,575,160,,436,Y,Y,Y,1,8,2,23,Thursday,False,False,False,Suvarnabhumi Airport,BKK
Kuala Lumpur International Airport,KUL,2024-08-01 04:20,Shenzhen Bao'an International Airport,SZX,2024-08-01 08:40,260,Shenzhen,Premium Economy,905,465,,608,Y,Y,Y,1,5,1,20,Thursday,False,False,False,Suvarnabhumi Airport,BKK
Kuala Lumpur International Airport,KUL,2024-08-01 20:45,Shenzhen Bao'an International Airport,SZX,2024-08-02 01:05,260,Shenzhen,Premium Economy,955,515,True,608,Y,Y,Y,1,5,1,20,Thursday,True,False,False,Suvarnabhumi Airport,BKK
Kuala Lumpur International Airport,KUL,2024-08-02 23:25,Singapore Changi Airport,SIN,2024-08-03 00:30,65,Scoot,Premium Economy,580,350,True,192,Y,Y,Y,1,15,1,30,Friday,True,False,False,Suvarnabhumi Airport,BKK
Kuala Lumpur International Airport,KUL,2024-08-02 01:55,Shanghai Pudong International Airport,PVG,2024-08-02 07:30,335,China Eastern,Premium Economy,695,95,,571,Y,Y,Y,1,8,1,20,Friday,False,False,False,Suvarnabhumi Airport,BKK
Kuala Lumpur International Airport,KUL,2024-08-02 20:45,Shenzhen Bao'an International Airport,SZX,2024-08-03 01:05,260,Shenzhen,Premium Economy,955,515,True,608,Y,Y,Y,1,5,1,20,Friday,True,False,False,Suvarnabhumi Airport,BKK
Kuala Lumpur International Airport,KUL,2024-08-02 04:20,Shenzhen Bao'an International Airport,SZX,2024-08-02 08:40,260,Shenzhen,Premium Economy,905,465,,608,Y,Y,Y,1,5,1,20,Friday,False,False,False,Suvarnabhumi Airport,BKK
Kuala Lumpur International Airport,KUL,2024-08-03 19:15,Singapore Changi Airport,SIN,2024-08-03 20:25,70,Scoot,Premium Economy,935,715,True,190,Y,Y,Y,1,15,1,30,Saturday,False,False,False,Suvarnabhumi Airport,BKK
Kuala Lumpur International Airport,KUL,2024-08-03 01:55,Shanghai Pudong International Airport,PVG,2024-08-03 07:30,335,China Eastern,Premium Economy,695,95,,571,Y,Y,Y,1,8,1,20,Saturday,False,False,False,Suvarnabhumi Airport,BKK
Kuala Lumpur International Airport,KUL,2024-08-03 04:20,Shenzhen Bao'an International Airport,SZX,2024-08-03 08:40,260,Shenzhen,Premium Economy,905,465,,608,Y,Y,Y,1,5,1,20,Saturday,False,False,False,Suvarnabhumi Airport,BKK
Kuala Lumpur International Airport,KUL,2024-08-03 20:45,Shenzhen Bao'an International Airport,SZX,2024-08-04 01:05,260,Shenzhen,Premium Economy,955,515,True,608,Y,Y,Y,1,5,1,20,Saturday,True,False,False,Suvarnabhumi Airport,BKK
Kuala Lumpur International Airport,KUL,2024-08-04 22:15,Singapore Changi Airport,SIN,2024-08-04 23:35,80,Scoot,Premium Economy,755,525,True,218,Y,Y,Y,1,15,1,30,Sunday,False,False,False,Suvarnabhumi Airport,BKK
Kuala Lumpur International Airport,KUL,2024-08-04 01:55,Shanghai Pudong International Airport,PVG,2024-08-04 07:30,335,China Eastern,Premium Economy,695,95,,571,Y,Y,Y,1,8,1,20,Sunday,False,False,False,Suvarnabhumi Airport,BKK
Kuala Lumpur International Airport,KUL,2024-08-04 04:20,Shenzhen Bao'an International Airport,SZX,2024-08-04 08:40,260,Shenzhen,Premium Economy,905,465,,608,Y,Y,Y,1,5,1,20,Sunday,False,False,False,Suvarnabhumi Airport,BKK
Kuala Lumpur International Airport,KUL,2024-08-04 20:45,Shenzhen Bao'an International Airport,SZX,2024-08-05 01:05,260,Shenzhen,Premium Economy,955,515,True,608,Y,Y,Y,1,5,1,20,Sunday,True,False,False,Suvarnabhumi Airport,BKK
Kuala Lumpur International Airport,KUL,2024-08-05 11:55,Singapore Changi Airport,SIN,2024-08-05 12:55,60,Scoot,Premium Economy,360,135,,192,Y,Y,Y,1,15,1,30,Monday,False,False,False,Suvarnabhumi Airport,BKK
Kuala Lumpur International Airport,KUL,2024-08-05 19:15,Singapore Changi Airport,SIN,2024-08-05 20:25,70,Scoot,Premium Economy,935,715,True,192,Y,Y,Y,1,15,1,30,Monday,False,False,False,Suvarnabhumi Airport,BKK
Kuala Lumpur International Airport,KUL,2024-08-05 04:20,Shenzhen Bao'an International Airport,SZX,2024-08-05 08:40,260,Shenzhen,Premium Economy,905,465,,608,Y,Y,Y,1,5,1,20,Monday,False,False,False,Suvarnabhumi Airport,BKK
Kuala Lumpur International Airport,KUL,2024-08-05 20:45,Shenzhen Bao'an International Airport,SZX,2024-08-06 01:05,260,Shenzhen,Premium Economy,955,515,True,608,Y,Y,Y,1,5,1,20,Monday,True,False,False,Suvarnabhumi Airport,BKK
Kuala Lumpur International Airport,KUL,2024-08-05 01:55,Shanghai Pudong International Airport,PVG,2024-08-05 07:30,335,China Eastern,Premium Economy,695,95,,836,Y,Y,Y,1,8,1,20,Monday,False,False,False,Suvarnabhumi Airport,BKK
Kuala Lumpur International Airport,KUL,2024-08-06 19:15,Singapore Changi Airport,SIN,2024-08-06 20:25,70,Scoot,Premium Economy,935,715,True,192,Y,Y,Y,1,15,1,30,Tuesday,False,False,False,Suvarnabhumi Airport,BKK
Kuala Lumpur International Airport,KUL,2024-08-06 04:20,Shenzhen Bao'an International Airport,SZX,2024-08-06 08:40,260,Shenzhen,Premium Economy,905,465,,608,Y,Y,Y,1,5,1,20,Tuesday,False,False,False,Suvarnabhumi Airport,BKK
Kuala Lumpur International Airport,KUL,2024-08-06 20:45,Shenzhen Bao'an International Airport,SZX,2024-08-07 01:05,260,Shenzhen,Premium Economy,955,515,True,608,Y,Y,Y,1,5,1,20,Tuesday,True,False,False,Suvarnabhumi Airport,BKK
Kuala Lumpur International Airport,KUL,2024-08-07 11:55,Singapore Changi Airport,SIN,2024-08-07 12:55,60,Scoot,Premium Economy,360,135,,192,Y,Y,Y,1,15,1,30,Wednesday,False,False,False,Suvarnabhumi Airport,BKK
Kuala Lumpur International Airport,KUL,2024-08-07 19:15,Singapore Changi Airport,SIN,2024-08-07 20:25,70,Scoot,Premium Economy,935,715,True,266,Y,Y,Y,1,15,1,30,Wednesday,False,False,False,Suvarnabhumi Airport,BKK
Kuala Lumpur International Airport,KUL,2024-08-07 20:45,Shenzhen Bao'an International Airport,SZX,2024-08-08 01:05,260,Shenzhen,Premium Economy,955,515,True,608,Y,Y,Y,1,5,1,20,Wednesday,True,False,False,Suvarnabhumi Airport,BKK
Kuala Lumpur International Airport,KUL,2024-08-07 04:20,Shenzhen Bao'an International Airport,SZX,2024-08-07 08:40,260,Shenzhen,Premium Economy,905,465,,715,Y,Y,Y,1,5,1,20,Wednesday,False,False,False,Suvarnabhumi Airport,BKK
Kuala Lumpur International Airport,KUL,2024-08-07 01:55,Shanghai Pudong International Airport,PVG,2024-08-07 07:30,335,China Eastern,Premium Economy,695,95,,836,Y,Y,Y,1,8,1,20,Wednesday,False,False,False,Suvarnabhumi Airport,BKK
Kuala Lumpur International Airport,KUL,2024-08-08 19:15,Singapore Changi Airport,SIN,2024-08-08 20:25,70,Scoot,Premium Economy,935,715,True,264,Y,Y,Y,1,15,1,30,Thursday,False,False,False,Suvarnabhumi Airport,BKK
Kuala Lumpur International Airport,KUL,2024-08-08 04:20,Shenzhen Bao'an International Airport,SZX,2024-08-08 08:40,260,Shenzhen,Premium Economy,905,465,,608,Y,Y,Y,1,5,1,20,Thursday,False,False,False,Suvarnabhumi Airport,BKK
Kuala Lumpur International Airport,KUL,2024-08-08 20:45,Shenzhen Bao'an International Airport,SZX,2024-08-09 01:05,260,Shenzhen,Premium Economy,955,515,True,608,Y,Y,Y,1,5,1,20,Thursday,True,False,False,Suvarnabhumi Airport,BKK
Kuala Lumpur International Airport,KUL,2024-08-08 16:15,Shanghai Pudong International Airport,PVG,2024-08-08 21:50,335,Shanghai Airlines,Premium Economy,770,125,,818,Y,Y,Y,1,5,2,32,Thursday,False,False,False,Suvarnabhumi Airport,BKK
Kuala Lumpur International Airport,KUL,2024-08-09 23:25,Singapore Changi Airport,SIN,2024-08-10 00:30,65,Scoot,Premium Economy,580,350,True,190,Y,Y,Y,1,15,1,30,Friday,True,False,False,Suvarnabhumi Airport,BKK
Kuala Lumpur International Airport,KUL,2024-08-09 04:20,Shenzhen Bao'an International Airport,SZX,2024-08-09 08:40,260,Shenzhen,Premium Economy,905,465,,608,Y,Y,Y,1,5,1,20,Friday,False,False,False,Suvarnabhumi Airport,BKK
Kuala Lumpur International Airport,KUL,2024-08-09 20:45,Shenzhen Bao'an International Airport,SZX,2024-08-10 01:05,260,Shenzhen,Premium Economy,955,515,True,608,Y,Y,Y,1,5,1,20,Friday,True,False,False,Suvarnabhumi Airport,BKK
Kuala Lumpur International Airport,KUL,2024-08-09 01:55,Shanghai Pudong International Airport,PVG,2024-08-09 07:30,335,China Eastern,Premium Economy,695,95,,836,Y,Y,Y,1,8,1,20,Friday,False,False,False,Suvarnabhumi Airport,BKK
Kuala Lumpur International Airport,KUL,2024-08-10 19:15,Singapore Changi Airport,SIN,2024-08-10 20:25,70,Scoot,Premium Economy,935,715,True,218,Y,Y,Y,1,15,1,30,Saturday,False,False,False,Suvarnabhumi Airport,BKK
Kuala Lumpur International Airport,KUL,2024-08-10 04:20,Shenzhen Bao'an International Airport,SZX,2024-08-10 08:40,260,Shenzhen,Premium Economy,905,465,,608,Y,Y,Y,1,5,1,20,Saturday,False,False,False,Suvarnabhumi Airport,BKK
Kuala Lumpur International Airport,KUL,2024-08-10 20:45,Shenzhen Bao'an International Airport,SZX,2024-08-11 01:05,260,Shenzhen,Premium Economy,955,515,True,608,Y,Y,Y,1,5,1,20,Saturday,True,False,False,Suvarnabhumi Airport,BKK
Kuala Lumpur International Airport,KUL,2024-08-10 01:55,Shanghai Pudong International Airport,PVG,2024-08-10 07:30,335,China Eastern,Premium Economy,695,95,,836,Y,Y,Y,1,8,1,20,Saturday,False,False,False,Suvarnabhumi Airport,BKK
Kuala Lumpur International Airport,KUL,2024-08-10 16:15,Shanghai Pudong International Airport,PVG,2024-08-10 21:50,335,Shanghai Airlines,Premium Economy,770,125,,884,Y,Y,Y,1,5,2,32,Saturday,False,False,False,Suvarnabhumi Airport,BKK
Kuala Lumpur International Airport,KUL,2024-08-11 22:15,Singapore Changi Airport,SIN,2024-08-11 23:35,80,Scoot,Premium Economy,755,525,True,386,Y,Y,Y,1,15,1,30,Sunday,False,False,False,Suvarnabhumi Airport,BKK
Kuala Lumpur International Airport,KUL,2024-08-11 01:55,Shanghai Pudong International Airport,PVG,2024-08-11 07:30,335,China Eastern,Premium Economy,695,95,,836,Y,Y,Y,1,8,1,20,Sunday,False,False,False,Suvarnabhumi Airport,BKK
Kuala Lumpur International Airport,KUL,2024-08-11 04:20,Shenzhen Bao'an International Airport,SZX,2024-08-11 08:40,260,Shenzhen,Premium Economy,905,465,,608,Y,Y,Y,1,5,1,20,Sunday,False,False,False,Suvarnabhumi Airport,BKK
Kuala Lumpur International Airport,KUL,2024-08-11 20:45,Shenzhen Bao'an International Airport,SZX,2024-08-12 01:05,260,Shenzhen,Premium Economy,955,515,True,608,Y,Y,Y,1,5,1,20,Sunday,True,False,True,Suvarnabhumi Airport,BKK
Kuala Lumpur International Airport,KUL,2024-08-12 11:55,Singapore Changi Airport,SIN,2024-08-12 12:55,60,Scoot,Premium Economy,360,135,,190,Y,Y,Y,1,15,1,30,Monday,False,False,True,Suvarnabhumi Airport,BKK
Kuala Lumpur International Airport,KUL,2024-08-12 19:15,Singapore Changi Airport,SIN,2024-08-12 20:25,70,Scoot,Premium Economy,935,715,True,190,Y,Y,Y,1,15,1,30,Monday,False,False,True,Suvarnabhumi Airport,BKK
Kuala Lumpur International Airport,KUL,2024-08-12 04:20,Shenzhen Bao'an International Airport,SZX,2024-08-12 08:40,260,Shenzhen,Premium Economy,905,465,,608,Y,Y,Y,1,5,1,20,Monday,False,False,True,Suvarnabhumi Airport,BKK
Kuala Lumpur International Airport,KUL,2024-08-12 01:55,Shanghai Pudong International Airport,PVG,2024-08-12 07:30,335,China Eastern,Premium Economy,695,95,,836,Y,Y,Y,1,8,1,20,Monday,False,False,True,Suvarnabhumi Airport,BKK
Kuala Lumpur International Airport,KUL,2024-08-12 20:45,Shenzhen Bao'an International Airport,SZX,2024-08-13 01:05,260,Shenzhen,Premium Economy,955,515,True,608,Y,Y,Y,1,5,1,20,Monday,True,False,False,Suvarnabhumi Airport,BKK
Kuala Lumpur International Airport,KUL,2024-08-13 19:15,Singapore Changi Airport,SIN,2024-08-13 20:25,70,Scoot,Premium Economy,935,715,True,192,Y,Y,Y,1,15,1,30,Tuesday,False,False,False,Suvarnabhumi Airport,BKK
Kuala Lumpur International Airport,KUL,2024-08-13 04:20,Shenzhen Bao'an International Airport,SZX,2024-08-13 08:40,260,Shenzhen,Premium Economy,905,465,,608,Y,Y,Y,1,5,1,20,Tuesday,False,False,False,Suvarnabhumi Airport,BKK
Kuala Lumpur International Airport,KUL,2024-08-13 20:45,Shenzhen Bao'an International Airport,SZX,2024-08-14 01:05,260,Shenzhen,Premium Economy,955,515,True,608,Y,Y,Y,1,5,1,20,Tuesday,True,False,False,Suvarnabhumi Airport,BKK
Kuala Lumpur International Airport,KUL,2024-08-14 11:55,Singapore Changi Airport,SIN,2024-08-14 12:55,60,Scoot,Premium Economy,360,135,,192,Y,Y,Y,1,15,1,30,Wednesday,False,False,False,Suvarnabhumi Airport,BKK
Kuala Lumpur International Airport,KUL,2024-08-14 19:15,Singapore Changi Airport,SIN,2024-08-14 20:25,70,Scoot,Premium Economy,935,715,True,192,Y,Y,Y,1,15,1,30,Wednesday,False,False,False,Suvarnabhumi Airport,BKK
Kuala Lumpur International Airport,KUL,2024-08-14 04:20,Shenzhen Bao'an International Airport,SZX,2024-08-14 08:40,260,Shenzhen,Premium Economy,905,465,,608,Y,Y,Y,1,5,1,20,Wednesday,False,False,False,Suvarnabhumi Airport,BKK
Kuala Lumpur International Airport,KUL,2024-08-14 01:55,Shanghai Pudong International Airport,PVG,2024-08-14 07:30,335,China Eastern,Premium Economy,695,95,,836,Y,Y,Y,1,8,1,20,Wednesday,False,False,False,Suvarnabhumi Airport,BKK
Kuala Lumpur International Airport,KUL,2024-08-14 20:45,Shenzhen Bao'an International Airport,SZX,2024-08-15 01:05,260,Shenzhen,Premium Economy,955,515,True,608,Y,Y,Y,1,5,1,20,Wednesday,True,False,False,Suvarnabhumi Airport,BKK
Kuala Lumpur International Airport,KUL,2024-08-15 19:15,Singapore Changi Airport,SIN,2024-08-15 20:25,70,Scoot,Premium Economy,935,715,True,190,Y,Y,Y,1,15,1,30,Thursday,False,False,False,Suvarnabhumi Airport,BKK
Kuala Lumpur International Airport,KUL,2024-08-15 04:20,Shenzhen Bao'an International Airport,SZX,2024-08-15 08:40,260,Shenzhen,Premium Economy,905,465,,608,Y,Y,Y,1,5,1,20,Thursday,False,False,False,Suvarnabhumi Airport,BKK
Kuala Lumpur International Airport,KUL,2024-08-15 20:45,Shenzhen Bao'an International Airport,SZX,2024-08-16 01:05,260,Shenzhen,Premium Economy,955,515,True,608,Y,Y,Y,1,5,1,20,Thursday,True,False,False,Suvarnabhumi Airport,BKK
Kuala Lumpur International Airport,KUL,2024-08-16 23:25,Singapore Changi Airport,SIN,2024-08-17 00:30,65,Scoot,Premium Economy,580,350,True,190,Y,Y,Y,1,15,1,30,Friday,True,False,False,Suvarnabhumi Airport,BKK
Kuala Lumpur International Airport,KUL,2024-08-16 04:20,Shenzhen Bao'an International Airport,SZX,2024-08-16 08:40,260,Shenzhen,Premium Economy,905,465,,608,Y,Y,Y,1,5,1,20,Friday,False,False,False,Suvarnabhumi Airport,BKK
Kuala Lumpur International Airport,KUL,2024-08-16 20:45,Shenzhen Bao'an International Airport,SZX,2024-08-17 01:05,260,Shenzhen,Premium Economy,955,515,True,608,Y,Y,Y,1,5,1,20,Friday,True,False,False,Suvarnabhumi Airport,BKK
Kuala Lumpur International Airport,KUL,2024-08-16 01:55,Shanghai Pudong International Airport,PVG,2024-08-16 07:30,335,China Eastern,Premium Economy,695,95,,836,Y,Y,Y,1,8,1,20,Friday,False,False,False,Suvarnabhumi Airport,BKK
Kuala Lumpur International Airport,KUL,2024-08-17 19:15,Singapore Changi Airport,SIN,2024-08-17 20:25,70,Scoot,Premium Economy,935,715,True,192,Y,Y,Y,1,15,1,30,Saturday,False,False,False,Suvarnabhumi Airport,BKK
Kuala Lumpur International Airport,KUL,2024-08-17 20:45,Shenzhen Bao'an International Airport,SZX,2024-08-18 01:05,260,Shenzhen,Premium Economy,1360,920,True,515,Y,Y,Y,1,5,1,20,Saturday,True,False,False,Suvarnabhumi Airport,BKK
Kuala Lumpur International Airport,KUL,2024-08-17 20:45,Shenzhen Bao'an International Airport,SZX,2024-08-18 01:05,260,Shenzhen,Premium Economy,955,515,True,562,Y,Y,Y,1,5,1,20,Saturday,True,False,False,Suvarnabhumi Airport,BKK
Kuala Lumpur International Airport,KUL,2024-08-17 04:20,Shenzhen Bao'an International Airport,SZX,2024-08-17 08:40,260,Shenzhen,Premium Economy,905,465,,608,Y,Y,Y,1,5,1,20,Saturday,False,False,False,Suvarnabhumi Airport,BKK
Kuala Lumpur International Airport,KUL,2024-08-17 01:55,Shanghai Pudong International Airport,PVG,2024-08-17 07:30,335,China Eastern,Premium Economy,695,95,,836,Y,Y,Y,1,8,1,20,Saturday,False,False,False,Suvarnabhumi Airport,BKK
Kuala Lumpur International Airport,KUL,2024-08-18 22:15,Singapore Changi Airport,SIN,2024-08-18 23:35,80,Scoot,Premium Economy,755,525,True,190,Y,Y,Y,1,15,1,30,Sunday,False,False,False,Suvarnabhumi Airport,BKK
Kuala Lumpur International Airport,KUL,2024-08-18 20:45,Shenzhen Bao'an International Airport,SZX,2024-08-19 01:05,260,Shenzhen,Premium Economy,1360,920,True,507,Y,Y,Y,1,5,1,20,Sunday,True,False,False,Suvarnabhumi Airport,BKK
Kuala Lumpur International Airport,KUL,2024-08-18 04:20,Shenzhen Bao'an International Airport,SZX,2024-08-18 08:40,260,Shenzhen,Premium Economy,905,465,,515,Y,Y,Y,1,5,1,20,Sunday,False,False,False,Suvarnabhumi Airport,BKK
Kuala Lumpur International Airport,KUL,2024-08-18 20:45,Shenzhen Bao'an International Airport,SZX,2024-08-19 01:05,260,Shenzhen,Premium Economy,955,515,True,553,Y,Y,Y,1,5,1,20,Sunday,True,False,False,Suvarnabhumi Airport,BKK
Kuala Lumpur International Airport,KUL,2024-08-18 01:55,Shanghai Pudong International Airport,PVG,2024-08-18 07:30,335,China Eastern,Premium Economy,695,95,,836,Y,Y,Y,1,8,1,20,Sunday,False,False,False,Suvarnabhumi Airport,BKK
Kuala Lumpur International Airport,KUL,2024-08-19 11:55,Singapore Changi Airport,SIN,2024-08-19 12:55,60,Scoot,Premium Economy,360,135,,192,Y,Y,Y,1,15,1,30,Monday,False,False,False,Suvarnabhumi Airport,BKK
Kuala Lumpur International Airport,KUL,2024-08-19 19:15,Singapore Changi Airport,SIN,2024-08-19 20:25,70,Scoot,Premium Economy,935,715,True,192,Y,Y,Y,1,15,1,30,Monday,False,False,False,Suvarnabhumi Airport,BKK
Kuala Lumpur International Airport,KUL,2024-08-19 04:20,Shenzhen Bao'an International Airport,SZX,2024-08-19 08:40,260,Shenzhen,Premium Economy,905,465,,507,Y,Y,Y,1,5,1,20,Monday,False,False,False,Suvarnabhumi Airport,BKK
Kuala Lumpur International Airport,KUL,2024-08-19 20:45,Shenzhen Bao'an International Airport,SZX,2024-08-20 01:05,260,Shenzhen,Premium Economy,955,515,True,553,Y,Y,Y,1,5,1,20,Monday,True,False,False,Suvarnabhumi Airport,BKK
Kuala Lumpur International Airport,KUL,2024-08-19 01:55,Shanghai Pudong International Airport,PVG,2024-08-19 07:30,335,China Eastern,Premium Economy,695,95,,805,Y,Y,Y,1,8,1,20,Monday,False,False,False,Suvarnabhumi Airport,BKK
Kuala Lumpur International Airport,KUL,2024-08-20 19:15,Singapore Changi Airport,SIN,2024-08-20 20:25,70,Scoot,Premium Economy,935,715,True,192,Y,Y,Y,1,15,1,30,Tuesday,False,False,False,Suvarnabhumi Airport,BKK
Kuala Lumpur International Airport,KUL,2024-08-20 04:20,Shenzhen Bao'an International Airport,SZX,2024-08-20 08:40,260,Shenzhen,Premium Economy,905,465,,507,Y,Y,Y,1,5,1,20,Tuesday,False,False,False,Suvarnabhumi Airport,BKK
Kuala Lumpur International Airport,KUL,2024-08-20 20:45,Shenzhen Bao'an International Airport,SZX,2024-08-21 01:05,260,Shenzhen,Premium Economy,955,515,True,553,Y,Y,Y,1,5,1,20,Tuesday,True,False,False,Suvarnabhumi Airport,BKK
Kuala Lumpur International Airport,KUL,2024-08-21 11:55,Singapore Changi Airport,SIN,2024-08-21 12:55,60,Scoot,Premium Economy,360,135,,192,Y,Y,Y,1,15,1,30,Wednesday,False,False,False,Suvarnabhumi Airport,BKK
Kuala Lumpur International Airport,KUL,2024-08-21 19:15,Singapore Changi Airport,SIN,2024-08-21 20:25,70,Scoot,Premium Economy,935,715,True,355,Y,Y,Y,1,15,1,30,Wednesday,False,False,False,Suvarnabhumi Airport,BKK
Kuala Lumpur International Airport,KUL,2024-08-21 04:20,Shenzhen Bao'an International Airport,SZX,2024-08-21 08:40,260,Shenzhen,Premium Economy,905,465,,507,Y,Y,Y,1,5,1,20,Wednesday,False,False,False,Suvarnabhumi Airport,BKK
Kuala Lumpur International Airport,KUL,2024-08-21 20:45,Shenzhen Bao'an International Airport,SZX,2024-08-22 01:05,260,Shenzhen,Premium Economy,955,515,True,553,Y,Y,Y,1,5,1,20,Wednesday,True,False,False,Suvarnabhumi Airport,BKK
Kuala Lumpur International Airport,KUL,2024-08-21 01:55,Shanghai Pudong International Airport,PVG,2024-08-21 07:30,335,China Eastern,Premium Economy,695,95,,805,Y,Y,Y,1,8,1,20,Wednesday,False,False,False,Suvarnabhumi Airport,BKK
Kuala Lumpur International Airport,KUL,2024-08-22 19:15,Singapore Changi Airport,SIN,2024-08-22 20:25,70,Scoot,Premium Economy,935,715,True,355,Y,Y,Y,1,15,1,30,Thursday,False,False,False,Suvarnabhumi Airport,BKK
Kuala Lumpur International Airport,KUL,2024-08-22 04:20,Shenzhen Bao'an International Airport,SZX,2024-08-22 08:40,260,Shenzhen,Premium Economy,905,465,,507,Y,Y,Y,1,5,1,20,Thursday,False,False,False,Suvarnabhumi Airport,BKK
Kuala Lumpur International Airport,KUL,2024-08-22 20:45,Shenzhen Bao'an International Airport,SZX,2024-08-23 01:05,260,Shenzhen,Premium Economy,955,515,True,553,Y,Y,Y,1,5,1,20,Thursday,True,False,False,Suvarnabhumi Airport,BKK
Kuala Lumpur International Airport,KUL,2024-08-23 23:25,Singapore Changi Airport,SIN,2024-08-24 00:30,65,Scoot,Premium Economy,580,350,True,355,Y,Y,Y,1,15,1,30,Friday,True,False,False,Suvarnabhumi Airport,BKK
Kuala Lumpur International Airport,KUL,2024-08-23 04:20,Shenzhen Bao'an International Airport,SZX,2024-08-23 08:40,260,Shenzhen,Premium Economy,905,465,,507,Y,Y,Y,1,5,1,20,Friday,False,False,False,Suvarnabhumi Airport,BKK
Kuala Lumpur International Airport,KUL,2024-08-23 01:55,Shanghai Pudong International Airport,PVG,2024-08-23 07:30,335,China Eastern,Premium Economy,695,95,,805,Y,Y,Y,1,8,1,20,Friday,False,False,False,Suvarnabhumi Airport,BKK
Kuala Lumpur International Airport,KUL,2024-08-23 20:45,Shenzhen Bao'an International Airport,SZX,2024-08-24 01:05,260,Shenzhen,Premium Economy,955,515,True,553,Y,Y,Y,1,5,1,20,Friday,True,False,False,Suvarnabhumi Airport,BKK
Kuala Lumpur International Airport,KUL,2024-08-24 19:15,Singapore Changi Airport,SIN,2024-08-24 20:25,70,Scoot,Premium Economy,935,715,True,192,Y,Y,Y,1,15,1,30,Saturday,False,False,False,Suvarnabhumi Airport,BKK
Kuala Lumpur International Airport,KUL,2024-08-24 04:20,Shenzhen Bao'an International Airport,SZX,2024-08-24 08:40,260,Shenzhen,Premium Economy,905,465,,507,Y,Y,Y,1,5,1,20,Saturday,False,False,False,Suvarnabhumi Airport,BKK
Kuala Lumpur International Airport,KUL,2024-08-24 01:55,Shanghai Pudong International Airport,PVG,2024-08-24 07:30,335,China Eastern,Premium Economy,695,95,,805,Y,Y,Y,1,8,1,20,Saturday,False,False,False,Suvarnabhumi Airport,BKK
Kuala Lumpur International Airport,KUL,2024-08-24 20:45,Shenzhen Bao'an International Airport,SZX,2024-08-25 01:05,260,Shenzhen,Premium Economy,955,515,True,652,Y,Y,Y,1,5,1,20,Saturday,True,False,False,Suvarnabhumi Airport,BKK
Kuala Lumpur International Airport,KUL,2024-08-25 22:15,Singapore Changi Airport,SIN,2024-08-25 23:35,80,Scoot,Premium Economy,755,525,True,192,Y,Y,Y,1,15,1,30,Sunday,False,False,False,Suvarnabhumi Airport,BKK
Kuala Lumpur International Airport,KUL,2024-08-25 04:20,Shenzhen Bao'an International Airport,SZX,2024-08-25 08:40,260,Shenzhen,Premium Economy,905,465,,507,Y,Y,Y,1,5,1,20,Sunday,False,False,False,Suvarnabhumi Airport,BKK
Kuala Lumpur International Airport,KUL,2024-08-25 20:45,Shenzhen Bao'an International Airport,SZX,2024-08-26 01:05,260,Shenzhen,Premium Economy,955,515,True,553,Y,Y,Y,1,5,1,20,Sunday,True,False,False,Suvarnabhumi Airport,BKK
Kuala Lumpur International Airport,KUL,2024-08-25 01:55,Shanghai Pudong International Airport,PVG,2024-08-25 07:30,335,China Eastern,Premium Economy,695,95,,805,Y,Y,Y,1,8,1,20,Sunday,False,False,False,Suvarnabhumi Airport,BKK
Kuala Lumpur International Airport,KUL,2024-08-26 11:55,Singapore Changi Airport,SIN,2024-08-26 12:55,60,Scoot,Premium Economy,360,135,,190,Y,Y,Y,1,15,1,30,Monday,False,False,False,Suvarnabhumi Airport,BKK
Kuala Lumpur International Airport,KUL,2024-08-26 19:15,Singapore Changi Airport,SIN,2024-08-26 20:25,70,Scoot,Premium Economy,935,715,True,190,Y,Y,Y,1,15,1,30,Monday,False,False,False,Suvarnabhumi Airport,BKK
Kuala Lumpur International Airport,KUL,2024-08-26 04:20,Shenzhen Bao'an International Airport,SZX,2024-08-26 08:40,260,Shenzhen,Premium Economy,905,465,,507,Y,Y,Y,1,5,1,20,Monday,False,False,False,Suvarnabhumi Airport,BKK
Kuala Lumpur International Airport,KUL,2024-08-26 20:45,Shenzhen Bao'an International Airport,SZX,2024-08-27 01:05,260,Shenzhen,Premium Economy,955,515,True,553,Y,Y,Y,1,5,1,20,Monday,True,False,False,Suvarnabhumi Airport,BKK
Kuala Lumpur International Airport,KUL,2024-08-26 01:55,Shanghai Pudong International Airport,PVG,2024-08-26 07:30,335,China Eastern,Premium Economy,695,95,,805,Y,Y,Y,1,8,1,20,Monday,False,False,False,Suvarnabhumi Airport,BKK
Kuala Lumpur International Airport,KUL,2024-08-27 19:15,Singapore Changi Airport,SIN,2024-08-27 20:25,70,Scoot,Premium Economy,935,715,True,192,Y,Y,Y,1,15,1,30,Tuesday,False,False,False,Suvarnabhumi Airport,BKK
Kuala Lumpur International Airport,KUL,2024-08-27 04:20,Shenzhen Bao'an International Airport,SZX,2024-08-27 08:40,260,Shenzhen,Premium Economy,905,465,,507,Y,Y,Y,1,5,1,20,Tuesday,False,False,False,Suvarnabhumi Airport,BKK
Kuala Lumpur International Airport,KUL,2024-08-27 20:45,Shenzhen Bao'an International Airport,SZX,2024-08-28 01:05,260,Shenzhen,Premium Economy,955,515,True,553,Y,Y,Y,1,5,1,20,Tuesday,True,False,False,Suvarnabhumi Airport,BKK
Kuala Lumpur International Airport,KUL,2024-08-28 11:55,Singapore Changi Airport,SIN,2024-08-28 12:55,60,Scoot,Premium Economy,360,135,,192,Y,Y,Y,1,15,1,30,Wednesday,False,False,False,Suvarnabhumi Airport,BKK
Kuala Lumpur International Airport,KUL,2024-08-28 19:15,Singapore Changi Airport,SIN,2024-08-28 20:25,70,Scoot,Premium Economy,935,715,True,192,Y,Y,Y,1,15,1,30,Wednesday,False,False,False,Suvarnabhumi Airport,BKK
Kuala Lumpur International Airport,KUL,2024-08-28 04:20,Shenzhen Bao'an International Airport,SZX,2024-08-28 08:40,260,Shenzhen,Premium Economy,905,465,,507,Y,Y,Y,1,5,1,20,Wednesday,False,False,False,Suvarnabhumi Airport,BKK
Kuala Lumpur International Airport,KUL,2024-08-28 20:45,Shenzhen Bao'an International Airport,SZX,2024-08-29 01:05,260,Shenzhen,Premium Economy,955,515,True,553,Y,Y,Y,1,5,1,20,Wednesday,True,False,False,Suvarnabhumi Airport,BKK
Kuala Lumpur International Airport,KUL,2024-08-28 01:55,Shanghai Pudong International Airport,PVG,2024-08-28 07:30,335,China Eastern,Premium Economy,695,95,,805,Y,Y,Y,1,8,1,20,Wednesday,False,False,False,Suvarnabhumi Airport,BKK
Kuala Lumpur International Airport,KUL,2024-08-29 19:15,Singapore Changi Airport,SIN,2024-08-29 20:25,70,Scoot,Premium Economy,935,715,True,266,Y,Y,Y,1,15,1,30,Thursday,False,False,False,Suvarnabhumi Airport,BKK
Kuala Lumpur International Airport,KUL,2024-08-29 04:20,Shenzhen Bao'an International Airport,SZX,2024-08-29 08:40,260,Shenzhen,Premium Economy,905,465,,507,Y,Y,Y,1,5,1,20,Thursday,False,False,False,Suvarnabhumi Airport,BKK
Kuala Lumpur International Airport,KUL,2024-08-29 20:45,Shenzhen Bao'an International Airport,SZX,2024-08-30 01:05,260,Shenzhen,Premium Economy,955,515,True,553,Y,Y,Y,1,5,1,20,Thursday,True,False,False,Suvarnabhumi Airport,BKK
Kuala Lumpur International Airport,KUL,2024-08-30 23:25,Singapore Changi Airport,SIN,2024-08-31 00:30,65,Scoot,Premium Economy,580,350,True,192,Y,Y,Y,1,15,1,30,Friday,True,False,False,Suvarnabhumi Airport,BKK
Kuala Lumpur International Airport,KUL,2024-08-30 04:20,Shenzhen Bao'an International Airport,SZX,2024-08-30 08:40,260,Shenzhen,Premium Economy,905,465,,507,Y,Y,Y,1,5,1,20,Friday,False,False,False,Suvarnabhumi Airport,BKK
Kuala Lumpur International Airport,KUL,2024-08-30 20:45,Shenzhen Bao'an International Airport,SZX,2024-08-31 01:05,260,Shenzhen,Premium Economy,955,515,True,553,Y,Y,Y,1,5,1,20,Friday,True,False,False,Suvarnabhumi Airport,BKK
Kuala Lumpur International Airport,KUL,2024-08-30 01:55,Shanghai Pudong International Airport,PVG,2024-08-30 07:30,335,China Eastern,Premium Economy,695,95,,805,Y,Y,Y,1,8,1,20,Friday,False,False,False,Suvarnabhumi Airport,BKK
Kuala Lumpur International Airport,KUL,2024-08-31 19:15,Singapore Changi Airport,SIN,2024-08-31 20:25,70,Scoot,Premium Economy,935,715,True,264,Y,Y,Y,1,15,1,30,Saturday,False,True,False,Suvarnabhumi Airport,BKK
Kuala Lumpur International Airport,KUL,2024-08-31 04:20,Shenzhen Bao'an International Airport,SZX,2024-08-31 08:40,260,Shenzhen,Premium Economy,905,465,,471,Y,Y,Y,1,5,1,20,Saturday,False,True,False,Suvarnabhumi Airport,BKK
Kuala Lumpur International Airport,KUL,2024-08-31 20:45,Shenzhen Bao'an International Airport,SZX,2024-09-01 01:05,260,Shenzhen,Premium Economy,955,515,True,517,Y,Y,Y,1,5,1,20,Saturday,True,True,False,Suvarnabhumi Airport,BKK
Kuala Lumpur International Airport,KUL,2024-08-31 01:55,Shanghai Pudong International Airport,PVG,2024-08-31 07:30,335,China Eastern,Premium Economy,695,95,,805,Y,Y,Y,1,8,1,20,Saturday,False,True,False,Suvarnabhumi Airport,BKK
Kuala Lumpur International Airport,KUL,2024-08-31 19:15,Singapore Changi Airport,SIN,2024-08-31 20:25,70,Scoot,Premium Economy,1510,1290,True,190,Y,Y,Y,1,15,1,30,Saturday,False,True,False,Suvarnabhumi Airport,BKK
