Departure Airport Name,Departure Airport ID,Departure Time,Arrival Airport Name,Arrival Airport ID,Arrival Time,Duration,Airline,Travel Class,Total Duration,Layover 1 Duration,Layover 1 Overnight,Price, Cabin Baggage, Checked Baggage,Meal Included,Cabin Baggage (Number),Cabin Baggage (kg per piece),Checked Baggage (Number),Checked Baggage (kg per piece),Day of Week (on flight date),Overnight Flight,Departure Country Is Holiday,Arrival Country Is Holiday,Final Arrival Airport Name,Final Arrival Airport ID
Kuala Lumpur International Airport,KUL,2024-07-01 13:25,Guangzhou Baiyun International Airport,CAN,2024-07-01 17:35,250,China Southern,Premium Economy,565,150,,420,Y,Y,Y,1,8,2,23,Monday,False,False,False,Tan Son Nhat International Airport,SGN
Kuala Lumpur International Airport,KUL,2024-07-01 01:55,Shanghai Pudong International Airport,PVG,2024-07-01 07:30,335,China Eastern,Premium Economy,1480,885,,406,Y,Y,Y,1,8,1,20,Monday,False,False,False,Tan Son Nhat International Airport,SGN
Kuala Lumpur International Airport,KUL,2024-07-01 04:20,Shenzhen Bao'an International Airport,SZX,2024-07-01 08:40,260,Shenzhen,Premium Economy,1320,900,,415,Y,Y,Y,1,5,1,20,Monday,False,False,False,Tan Son Nhat International Airport,SGN
Kuala Lumpur International Airport,KUL,2024-07-01 04:20,Shenzhen Bao'an International Airport,SZX,2024-07-01 08:40,260,Shenzhen,Premium Economy,610,180,,1333,Y,Y,Y,1,5,1,20,Monday,False,False,False,Tan Son Nhat International Airport,SGN
Kuala Lumpur International Airport,KUL,2024-07-01 20:45,Shenzhen Bao'an International Airport,SZX,2024-07-02 01:05,260,Shenzhen,Premium Economy,1065,635,True,1333,Y,Y,Y,1,5,1,20,Monday,True,False,False,Tan Son Nhat International Airport,SGN
Kuala Lumpur International Airport,KUL,2024-07-02 04:20,Shenzhen Bao'an International Airport,SZX,2024-07-02 08:40,260,Shenzhen,Premium Economy,1320,900,,415,Y,Y,Y,1,5,1,20,Tuesday,False,False,False,Tan Son Nhat International Airport,SGN
Kuala Lumpur International Airport,KUL,2024-07-02 20:45,Shenzhen Bao'an International Airport,SZX,2024-07-03 01:05,260,Shenzhen,Premium Economy,1775,1355,True,415,Y,Y,Y,1,5,1,20,Tuesday,True,False,False,Tan Son Nhat International Airport,SGN
Kuala Lumpur International Airport,KUL,2024-07-02 04:20,Shenzhen Bao'an International Airport,SZX,2024-07-02 08:40,260,Shenzhen,Premium Economy,610,180,,1333,Y,Y,Y,1,5,1,20,Tuesday,False,False,False,Tan Son Nhat International Airport,SGN
Kuala Lumpur International Airport,KUL,2024-07-02 20:45,Shenzhen Bao'an International Airport,SZX,2024-07-03 01:05,260,Shenzhen,Premium Economy,1065,635,True,1333,Y,Y,Y,1,5,1,20,Tuesday,True,False,False,Tan Son Nhat International Airport,SGN
Kuala Lumpur International Airport,KUL,2024-07-03 07:00,Shenzhen Bao'an International Airport,SZX,2024-07-03 11:30,270,Shenzhen,Premium Economy,1160,730,,415,Y,Y,Y,1,5,1,20,Wednesday,False,False,False,Tan Son Nhat International Airport,SGN
Kuala Lumpur International Airport,KUL,2024-07-03 13:25,Guangzhou Baiyun International Airport,CAN,2024-07-03 17:35,250,China Southern,Premium Economy,565,150,,708,Y,Y,Y,1,8,2,23,Wednesday,False,False,False,Tan Son Nhat International Airport,SGN
Kuala Lumpur International Airport,KUL,2024-07-03 20:45,Shenzhen Bao'an International Airport,SZX,2024-07-04 01:05,260,Shenzhen,Premium Economy,1775,1355,True,415,Y,Y,Y,1,5,1,20,Wednesday,True,False,False,Tan Son Nhat International Airport,SGN
Kuala Lumpur International Airport,KUL,2024-07-03 07:00,Shenzhen Bao'an International Airport,SZX,2024-07-03 11:30,270,Shenzhen,Premium Economy,1150,690,,1333,Y,Y,Y,1,5,1,20,Wednesday,False,False,False,Tan Son Nhat International Airport,SGN
Kuala Lumpur International Airport,KUL,2024-07-03 20:45,Shenzhen Bao'an International Airport,SZX,2024-07-04 01:05,260,Shenzhen,Premium Economy,1065,635,True,1333,Y,Y,Y,1,5,1,20,Wednesday,True,False,False,Tan Son Nhat International Airport,SGN
Kuala Lumpur International Airport,KUL,2024-07-04 13:25,Guangzhou Baiyun International Airport,CAN,2024-07-04 17:35,250,China Southern,Premium Economy,565,150,,708,Y,Y,Y,1,8,2,23,Thursday,False,False,False,Tan Son Nhat International Airport,SGN
Kuala Lumpur International Airport,KUL,2024-07-04 04:20,Shenzhen Bao'an International Airport,SZX,2024-07-04 08:40,260,Shenzhen,Premium Economy,1320,900,,415,Y,Y,Y,1,5,1,20,Thursday,False,False,False,Tan Son Nhat International Airport,SGN
Kuala Lumpur International Airport,KUL,2024-07-04 20:45,Shenzhen Bao'an International Airport,SZX,2024-07-05 01:05,260,Shenzhen,Premium Economy,1775,1355,True,415,Y,Y,Y,1,5,1,20,Thursday,True,False,False,Tan Son Nhat International Airport,SGN
Kuala Lumpur International Airport,KUL,2024-07-04 04:20,Shenzhen Bao'an International Airport,SZX,2024-07-04 08:40,260,Shenzhen,Premium Economy,610,180,,1333,Y,Y,Y,1,5,1,20,Thursday,False,False,False,Tan Son Nhat International Airport,SGN
Kuala Lumpur International Airport,KUL,2024-07-04 20:45,Shenzhen Bao'an International Airport,SZX,2024-07-05 01:05,260,Shenzhen,Premium Economy,1065,635,True,1333,Y,Y,Y,1,5,1,20,Thursday,True,False,False,Tan Son Nhat International Airport,SGN
Kuala Lumpur International Airport,KUL,2024-07-05 07:00,Shenzhen Bao'an International Airport,SZX,2024-07-05 11:30,270,Shenzhen,Premium Economy,1160,730,,415,Y,Y,Y,1,5,1,20,Friday,False,False,False,Tan Son Nhat International Airport,SGN
Kuala Lumpur International Airport,KUL,2024-07-05 13:25,Guangzhou Baiyun International Airport,CAN,2024-07-05 17:35,250,China Southern,Premium Economy,565,150,,708,Y,Y,Y,1,8,2,23,Friday,False,False,False,Tan Son Nhat International Airport,SGN
Kuala Lumpur International Airport,KUL,2024-07-05 20:45,Shenzhen Bao'an International Airport,SZX,2024-07-06 01:05,260,Shenzhen,Premium Economy,1775,1355,True,415,Y,Y,Y,1,5,1,20,Friday,True,False,False,Tan Son Nhat International Airport,SGN
Kuala Lumpur International Airport,KUL,2024-07-05 07:00,Shenzhen Bao'an International Airport,SZX,2024-07-05 11:30,270,Shenzhen,Premium Economy,1150,690,,1333,Y,Y,Y,1,5,1,20,Friday,False,False,False,Tan Son Nhat International Airport,SGN
Kuala Lumpur International Airport,KUL,2024-07-05 20:45,Shenzhen Bao'an International Airport,SZX,2024-07-06 01:05,260,Shenzhen,Premium Economy,1065,635,True,1333,Y,Y,Y,1,5,1,20,Friday,True,False,False,Tan Son Nhat International Airport,SGN
Kuala Lumpur International Airport,KUL,2024-07-05 09:00,Suvarnabhumi Airport,BKK,2024-07-05 10:15,135,Malaysia Airlines,Business Class,840,125,,1965,Y,Y,Y,1,7,1,23,Friday,False,False,False,Tan Son Nhat International Airport,SGN
Kuala Lumpur International Airport,KUL,2024-07-06 13:25,Guangzhou Baiyun International Airport,CAN,2024-07-06 17:35,250,China Southern,Premium Economy,565,150,,708,Y,Y,Y,1,8,2,23,Saturday,False,False,False,Tan Son Nhat International Airport,SGN
Kuala Lumpur International Airport,KUL,2024-07-06 04:20,Shenzhen Bao'an International Airport,SZX,2024-07-06 08:40,260,Shenzhen,Premium Economy,1320,900,,415,Y,Y,Y,1,5,1,20,Saturday,False,False,False,Tan Son Nhat International Airport,SGN
Kuala Lumpur International Airport,KUL,2024-07-06 13:25,Guangzhou Baiyun International Airport,CAN,2024-07-06 17:35,250,China Southern,Premium Economy,1355,915,True,420,Y,Y,Y,1,8,2,23,Saturday,False,False,False,Tan Son Nhat International Airport,SGN
Kuala Lumpur International Airport,KUL,2024-07-06 04:20,Shenzhen Bao'an International Airport,SZX,2024-07-06 08:40,260,Shenzhen,Premium Economy,610,180,,1333,Y,Y,Y,1,5,1,20,Saturday,False,False,False,Tan Son Nhat International Airport,SGN
Kuala Lumpur International Airport,KUL,2024-07-06 20:45,Shenzhen Bao'an International Airport,SZX,2024-07-07 01:05,260,Shenzhen,Premium Economy,1065,635,True,1333,Y,Y,Y,1,5,1,20,Saturday,True,False,False,Tan Son Nhat International Airport,SGN
Kuala Lumpur International Airport,KUL,2024-07-07 04:20,Shenzhen Bao'an International Airport,SZX,2024-07-07 08:40,260,Shenzhen,Premium Economy,1320,900,,415,Y,Y,Y,1,5,1,20,Sunday,False,True,False,Tan Son Nhat International Airport,SGN
Kuala Lumpur International Airport,KUL,2024-07-07 13:25,Guangzhou Baiyun International Airport,CAN,2024-07-07 17:35,250,China Southern,Premium Economy,565,150,,420,Y,Y,Y,1,8,2,23,Sunday,False,True,False,Tan Son Nhat International Airport,SGN
Kuala Lumpur International Airport,KUL,2024-07-07 04:20,Shenzhen Bao'an International Airport,SZX,2024-07-07 08:40,260,Shenzhen,Premium Economy,610,180,,1333,Y,Y,Y,1,5,1,20,Sunday,False,True,False,Tan Son Nhat International Airport,SGN
Kuala Lumpur International Airport,KUL,2024-07-07 20:45,Shenzhen Bao'an International Airport,SZX,2024-07-08 01:05,260,Shenzhen,Premium Economy,1065,635,True,1333,Y,Y,Y,1,5,1,20,Sunday,True,True,False,Tan Son Nhat International Airport,SGN
Kuala Lumpur International Airport,KUL,2024-07-08 13:25,Guangzhou Baiyun International Airport,CAN,2024-07-08 17:35,250,China Southern,Premium Economy,565,150,,708,Y,Y,Y,1,8,2,23,Monday,False,True,False,Tan Son Nhat International Airport,SGN
Kuala Lumpur International Airport,KUL,2024-07-08 04:20,Shenzhen Bao'an International Airport,SZX,2024-07-08 08:40,260,Shenzhen,Premium Economy,1320,900,,415,Y,Y,Y,1,5,1,20,Monday,False,True,False,Tan Son Nhat International Airport,SGN
Kuala Lumpur International Airport,KUL,2024-07-08 13:25,Guangzhou Baiyun International Airport,CAN,2024-07-08 17:35,250,China Southern,Premium Economy,1580,1150,True,438,Y,Y,Y,1,8,2,23,Monday,False,True,False,Tan Son Nhat International Airport,SGN
Kuala Lumpur International Airport,KUL,2024-07-08 04:20,Shenzhen Bao'an International Airport,SZX,2024-07-08 08:40,260,Shenzhen,Premium Economy,610,180,,1333,Y,Y,Y,1,5,1,20,Monday,False,True,False,Tan Son Nhat International Airport,SGN
Kuala Lumpur International Airport,KUL,2024-07-08 20:45,Shenzhen Bao'an International Airport,SZX,2024-07-09 01:05,260,Shenzhen,Premium Economy,1065,635,True,1333,Y,Y,Y,1,5,1,20,Monday,True,True,False,Tan Son Nhat International Airport,SGN
Kuala Lumpur International Airport,KUL,2024-07-09 04:20,Shenzhen Bao'an International Airport,SZX,2024-07-09 08:40,260,Shenzhen,Premium Economy,1320,900,,415,Y,Y,Y,1,5,1,20,Tuesday,False,False,False,Tan Son Nhat International Airport,SGN
Kuala Lumpur International Airport,KUL,2024-07-09 13:25,Guangzhou Baiyun International Airport,CAN,2024-07-09 17:35,250,China Southern,Premium Economy,565,150,,420,Y,Y,Y,1,8,2,23,Tuesday,False,False,False,Tan Son Nhat International Airport,SGN
Kuala Lumpur International Airport,KUL,2024-07-09 04:20,Shenzhen Bao'an International Airport,SZX,2024-07-09 08:40,260,Shenzhen,Premium Economy,610,180,,1333,Y,Y,Y,1,5,1,20,Tuesday,False,False,False,Tan Son Nhat International Airport,SGN
Kuala Lumpur International Airport,KUL,2024-07-09 20:45,Shenzhen Bao'an International Airport,SZX,2024-07-10 01:05,260,Shenzhen,Premium Economy,1065,635,True,1333,Y,Y,Y,1,5,1,20,Tuesday,True,False,False,Tan Son Nhat International Airport,SGN
Kuala Lumpur International Airport,KUL,2024-07-10 04:20,Shenzhen Bao'an International Airport,SZX,2024-07-10 08:40,260,Shenzhen,Premium Economy,1320,900,,415,Y,Y,Y,1,5,1,20,Wednesday,False,False,False,Tan Son Nhat International Airport,SGN
Kuala Lumpur International Airport,KUL,2024-07-10 13:25,Guangzhou Baiyun International Airport,CAN,2024-07-10 17:35,250,China Southern,Premium Economy,565,150,,708,Y,Y,Y,1,8,2,23,Wednesday,False,False,False,Tan Son Nhat International Airport,SGN
Kuala Lumpur International Airport,KUL,2024-07-10 04:20,Shenzhen Bao'an International Airport,SZX,2024-07-10 08:40,260,Shenzhen,Premium Economy,610,180,,1333,Y,Y,Y,1,5,1,20,Wednesday,False,False,False,Tan Son Nhat International Airport,SGN
Kuala Lumpur International Airport,KUL,2024-07-10 20:45,Shenzhen Bao'an International Airport,SZX,2024-07-11 01:05,260,Shenzhen,Premium Economy,1065,635,True,1333,Y,Y,Y,1,5,1,20,Wednesday,True,False,False,Tan Son Nhat International Airport,SGN
Kuala Lumpur International Airport,KUL,2024-07-11 04:20,Shenzhen Bao'an International Airport,SZX,2024-07-11 08:40,260,Shenzhen,Premium Economy,1320,900,,432,Y,Y,Y,1,5,1,20,Thursday,False,False,False,Tan Son Nhat International Airport,SGN
Kuala Lumpur International Airport,KUL,2024-07-11 13:25,Guangzhou Baiyun International Airport,CAN,2024-07-11 17:35,250,China Southern,Premium Economy,565,150,,708,Y,Y,Y,1,8,2,23,Thursday,False,False,False,Tan Son Nhat International Airport,SGN
Kuala Lumpur International Airport,KUL,2024-07-11 04:20,Shenzhen Bao'an International Airport,SZX,2024-07-11 08:40,260,Shenzhen,Premium Economy,610,180,,1350,Y,Y,Y,1,5,1,20,Thursday,False,False,False,Tan Son Nhat International Airport,SGN
Kuala Lumpur International Airport,KUL,2024-07-11 20:45,Shenzhen Bao'an International Airport,SZX,2024-07-12 01:05,260,Shenzhen,Premium Economy,1065,635,True,1350,Y,Y,Y,1,5,1,20,Thursday,True,False,False,Tan Son Nhat International Airport,SGN
Kuala Lumpur International Airport,KUL,2024-07-12 04:20,Shenzhen Bao'an International Airport,SZX,2024-07-12 08:40,260,Shenzhen,Premium Economy,1320,900,,432,Y,Y,Y,1,5,1,20,Friday,False,False,False,Tan Son Nhat International Airport,SGN
Kuala Lumpur International Airport,KUL,2024-07-12 13:25,Guangzhou Baiyun International Airport,CAN,2024-07-12 17:35,250,China Southern,Premium Economy,565,150,,708,Y,Y,Y,1,8,2,23,Friday,False,False,False,Tan Son Nhat International Airport,SGN
Kuala Lumpur International Airport,KUL,2024-07-12 04:20,Shenzhen Bao'an International Airport,SZX,2024-07-12 08:40,260,Shenzhen,Premium Economy,610,180,,1350,Y,Y,Y,1,5,1,20,Friday,False,False,False,Tan Son Nhat International Airport,SGN
Kuala Lumpur International Airport,KUL,2024-07-12 20:45,Shenzhen Bao'an International Airport,SZX,2024-07-13 01:05,260,Shenzhen,Premium Economy,1065,635,True,1350,Y,Y,Y,1,5,1,20,Friday,True,False,False,Tan Son Nhat International Airport,SGN
Kuala Lumpur International Airport,KUL,2024-07-13 13:25,Guangzhou Baiyun International Airport,CAN,2024-07-13 17:35,250,China Southern,Premium Economy,565,150,,708,Y,Y,Y,1,8,2,23,Saturday,False,False,False,Tan Son Nhat International Airport,SGN
Kuala Lumpur International Airport,KUL,2024-07-13 13:25,Guangzhou Baiyun International Airport,CAN,2024-07-13 17:35,250,China Southern,Premium Economy,1355,915,True,420,Y,Y,Y,1,8,2,23,Saturday,False,False,False,Tan Son Nhat International Airport,SGN
Kuala Lumpur International Airport,KUL,2024-07-13 04:20,Shenzhen Bao'an International Airport,SZX,2024-07-13 08:40,260,Shenzhen,Premium Economy,1320,900,,432,Y,Y,Y,1,5,1,20,Saturday,False,False,False,Tan Son Nhat International Airport,SGN
Kuala Lumpur International Airport,KUL,2024-07-13 04:20,Shenzhen Bao'an International Airport,SZX,2024-07-13 08:40,260,Shenzhen,Premium Economy,610,180,,1350,Y,Y,Y,1,5,1,20,Saturday,False,False,False,Tan Son Nhat International Airport,SGN
Kuala Lumpur International Airport,KUL,2024-07-13 20:45,Shenzhen Bao'an International Airport,SZX,2024-07-14 01:05,260,Shenzhen,Premium Economy,1065,635,True,1350,Y,Y,Y,1,5,1,20,Saturday,True,False,False,Tan Son Nhat International Airport,SGN
Kuala Lumpur International Airport,KUL,2024-07-14 04:20,Shenzhen Bao'an International Airport,SZX,2024-07-14 08:40,260,Shenzhen,Premium Economy,1320,900,,432,Y,Y,Y,1,5,1,20,Sunday,False,False,False,Tan Son Nhat International Airport,SGN
Kuala Lumpur International Airport,KUL,2024-07-14 13:25,Guangzhou Baiyun International Airport,CAN,2024-07-14 17:35,250,China Southern,Premium Economy,565,150,,708,Y,Y,Y,1,8,2,23,Sunday,False,False,False,Tan Son Nhat International Airport,SGN
Kuala Lumpur International Airport,KUL,2024-07-14 20:45,Shenzhen Bao'an International Airport,SZX,2024-07-15 01:05,260,Shenzhen,Premium Economy,1775,1355,True,432,Y,Y,Y,1,5,1,20,Sunday,True,False,False,Tan Son Nhat International Airport,SGN
Kuala Lumpur International Airport,KUL,2024-07-14 04:20,Shenzhen Bao'an International Airport,SZX,2024-07-14 08:40,260,Shenzhen,Premium Economy,610,180,,1350,Y,Y,Y,1,5,1,20,Sunday,False,False,False,Tan Son Nhat International Airport,SGN
Kuala Lumpur International Airport,KUL,2024-07-14 20:45,Shenzhen Bao'an International Airport,SZX,2024-07-15 01:05,260,Shenzhen,Premium Economy,1065,635,True,1350,Y,Y,Y,1,5,1,20,Sunday,True,False,False,Tan Son Nhat International Airport,SGN
Kuala Lumpur International Airport,KUL,2024-07-15 13:25,Guangzhou Baiyun International Airport,CAN,2024-07-15 17:35,250,China Southern,Premium Economy,565,150,,708,Y,Y,Y,1,8,2,23,Monday,False,False,False,Tan Son Nhat International Airport,SGN
Kuala Lumpur International Airport,KUL,2024-07-15 04:20,Shenzhen Bao'an International Airport,SZX,2024-07-15 08:40,260,Shenzhen,Premium Economy,1320,900,,432,Y,Y,Y,1,5,1,20,Monday,False,False,False,Tan Son Nhat International Airport,SGN
Kuala Lumpur International Airport,KUL,2024-07-15 20:45,Shenzhen Bao'an International Airport,SZX,2024-07-16 01:05,260,Shenzhen,Premium Economy,1775,1355,True,432,Y,Y,Y,1,5,1,20,Monday,True,False,False,Tan Son Nhat International Airport,SGN
Kuala Lumpur International Airport,KUL,2024-07-15 04:20,Shenzhen Bao'an International Airport,SZX,2024-07-15 08:40,260,Shenzhen,Premium Economy,610,180,,1350,Y,Y,Y,1,5,1,20,Monday,False,False,False,Tan Son Nhat International Airport,SGN
Kuala Lumpur International Airport,KUL,2024-07-15 20:45,Shenzhen Bao'an International Airport,SZX,2024-07-16 01:05,260,Shenzhen,Premium Economy,1065,635,True,1350,Y,Y,Y,1,5,1,20,Monday,True,False,False,Tan Son Nhat International Airport,SGN
Kuala Lumpur International Airport,KUL,2024-07-16 04:20,Shenzhen Bao'an International Airport,SZX,2024-07-16 08:40,260,Shenzhen,Premium Economy,1320,900,,468,Y,Y,Y,1,5,1,20,Tuesday,False,False,False,Tan Son Nhat International Airport,SGN
Kuala Lumpur International Airport,KUL,2024-07-16 20:45,Shenzhen Bao'an International Airport,SZX,2024-07-17 01:05,260,Shenzhen,Premium Economy,1775,1355,True,468,Y,Y,Y,1,5,1,20,Tuesday,True,False,False,Tan Son Nhat International Airport,SGN
Kuala Lumpur International Airport,KUL,2024-07-16 04:20,Shenzhen Bao'an International Airport,SZX,2024-07-16 08:40,260,Shenzhen,Premium Economy,610,180,,1386,Y,Y,Y,1,5,1,20,Tuesday,False,False,False,Tan Son Nhat International Airport,SGN
Kuala Lumpur International Airport,KUL,2024-07-16 20:45,Shenzhen Bao'an International Airport,SZX,2024-07-17 01:05,260,Shenzhen,Premium Economy,1065,635,True,1386,Y,Y,Y,1,5,1,20,Tuesday,True,False,False,Tan Son Nhat International Airport,SGN
Kuala Lumpur International Airport,KUL,2024-07-17 13:25,Guangzhou Baiyun International Airport,CAN,2024-07-17 17:35,250,China Southern,Premium Economy,565,150,,708,Y,Y,Y,1,8,2,23,Wednesday,False,False,False,Tan Son Nhat International Airport,SGN
Kuala Lumpur International Airport,KUL,2024-07-17 13:25,Guangzhou Baiyun International Airport,CAN,2024-07-17 17:35,250,China Southern,Premium Economy,1355,915,True,420,Y,Y,Y,1,8,2,23,Wednesday,False,False,False,Tan Son Nhat International Airport,SGN
Kuala Lumpur International Airport,KUL,2024-07-17 04:20,Shenzhen Bao'an International Airport,SZX,2024-07-17 08:40,260,Shenzhen,Premium Economy,1320,900,,468,Y,Y,Y,1,5,1,20,Wednesday,False,False,False,Tan Son Nhat International Airport,SGN
Kuala Lumpur International Airport,KUL,2024-07-17 20:45,Shenzhen Bao'an International Airport,SZX,2024-07-18 01:05,260,Shenzhen,Premium Economy,1775,1355,True,468,Y,Y,Y,1,5,1,20,Wednesday,True,False,False,Tan Son Nhat International Airport,SGN
Kuala Lumpur International Airport,KUL,2024-07-17 04:20,Shenzhen Bao'an International Airport,SZX,2024-07-17 08:40,260,Shenzhen,Premium Economy,610,180,,1386,Y,Y,Y,1,5,1,20,Wednesday,False,False,False,Tan Son Nhat International Airport,SGN
Kuala Lumpur International Airport,KUL,2024-07-17 20:45,Shenzhen Bao'an International Airport,SZX,2024-07-18 01:05,260,Shenzhen,Premium Economy,1065,635,True,1386,Y,Y,Y,1,5,1,20,Wednesday,True,False,False,Tan Son Nhat International Airport,SGN
Kuala Lumpur International Airport,KUL,2024-07-18 04:20,Shenzhen Bao'an International Airport,SZX,2024-07-18 08:40,260,Shenzhen,Premium Economy,1320,900,,468,Y,Y,Y,1,5,1,20,Thursday,False,False,False,Tan Son Nhat International Airport,SGN
Kuala Lumpur International Airport,KUL,2024-07-18 04:20,Shenzhen Bao'an International Airport,SZX,2024-07-18 08:40,260,Shenzhen,Premium Economy,610,180,,1386,Y,Y,Y,1,5,1,20,Thursday,False,False,False,Tan Son Nhat International Airport,SGN
Kuala Lumpur International Airport,KUL,2024-07-18 20:45,Shenzhen Bao'an International Airport,SZX,2024-07-19 01:05,260,Shenzhen,Premium Economy,1065,635,True,1386,Y,Y,Y,1,5,1,20,Thursday,True,False,False,Tan Son Nhat International Airport,SGN
Kuala Lumpur International Airport,KUL,2024-07-19 04:20,Shenzhen Bao'an International Airport,SZX,2024-07-19 08:40,260,Shenzhen,Premium Economy,1320,900,,468,Y,Y,Y,1,5,1,20,Friday,False,False,False,Tan Son Nhat International Airport,SGN
Kuala Lumpur International Airport,KUL,2024-07-19 13:25,Guangzhou Baiyun International Airport,CAN,2024-07-19 17:35,250,China Southern,Premium Economy,565,150,,708,Y,Y,Y,1,8,2,23,Friday,False,False,False,Tan Son Nhat International Airport,SGN
Kuala Lumpur International Airport,KUL,2024-07-19 04:20,Shenzhen Bao'an International Airport,SZX,2024-07-19 08:40,260,Shenzhen,Premium Economy,610,180,,1386,Y,Y,Y,1,5,1,20,Friday,False,False,False,Tan Son Nhat International Airport,SGN
Kuala Lumpur International Airport,KUL,2024-07-19 20:45,Shenzhen Bao'an International Airport,SZX,2024-07-20 01:05,260,Shenzhen,Premium Economy,1065,635,True,1386,Y,Y,Y,1,5,1,20,Friday,True,False,False,Tan Son Nhat International Airport,SGN
Kuala Lumpur International Airport,KUL,2024-07-20 04:20,Shenzhen Bao'an International Airport,SZX,2024-07-20 08:40,260,Shenzhen,Premium Economy,1320,900,,468,Y,Y,Y,1,5,1,20,Saturday,False,False,False,Tan Son Nhat International Airport,SGN
Kuala Lumpur International Airport,KUL,2024-07-20 04:20,Shenzhen Bao'an International Airport,SZX,2024-07-20 08:40,260,Shenzhen,Premium Economy,610,180,,1386,Y,Y,Y,1,5,1,20,Saturday,False,False,False,Tan Son Nhat International Airport,SGN
Kuala Lumpur International Airport,KUL,2024-07-20 20:45,Shenzhen Bao'an International Airport,SZX,2024-07-21 01:05,260,Shenzhen,Premium Economy,1065,635,True,1386,Y,Y,Y,1,5,1,20,Saturday,True,False,False,Tan Son Nhat International Airport,SGN
Kuala Lumpur International Airport,KUL,2024-07-21 04:20,Shenzhen Bao'an International Airport,SZX,2024-07-21 08:40,260,Shenzhen,Premium Economy,1320,900,,468,Y,Y,Y,1,5,1,20,Sunday,False,False,False,Tan Son Nhat International Airport,SGN
Kuala Lumpur International Airport,KUL,2024-07-21 04:20,Shenzhen Bao'an International Airport,SZX,2024-07-21 08:40,260,Shenzhen,Premium Economy,610,180,,1386,Y,Y,Y,1,5,1,20,Sunday,False,False,False,Tan Son Nhat International Airport,SGN
Kuala Lumpur International Airport,KUL,2024-07-21 20:45,Shenzhen Bao'an International Airport,SZX,2024-07-22 01:05,260,Shenzhen,Premium Economy,1065,635,True,1386,Y,Y,Y,1,5,1,20,Sunday,True,False,False,Tan Son Nhat International Airport,SGN
Kuala Lumpur International Airport,KUL,2024-07-21 09:00,Suvarnabhumi Airport,BKK,2024-07-21 10:15,135,Malaysia Airlines,Business Class,840,125,,1888,Y,Y,Y,1,7,1,23,Sunday,False,False,False,Tan Son Nhat International Airport,SGN
Kuala Lumpur International Airport,KUL,2024-07-22 04:20,Shenzhen Bao'an International Airport,SZX,2024-07-22 08:40,260,Shenzhen,Premium Economy,1320,900,,468,Y,Y,Y,1,5,1,20,Monday,False,False,False,Tan Son Nhat International Airport,SGN
Kuala Lumpur International Airport,KUL,2024-07-22 20:45,Shenzhen Bao'an International Airport,SZX,2024-07-23 01:05,260,Shenzhen,Premium Economy,1775,1355,True,468,Y,Y,Y,1,5,1,20,Monday,True,False,False,Tan Son Nhat International Airport,SGN
Kuala Lumpur International Airport,KUL,2024-07-22 04:20,Shenzhen Bao'an International Airport,SZX,2024-07-22 08:40,260,Shenzhen,Premium Economy,610,180,,1386,Y,Y,Y,1,5,1,20,Monday,False,False,False,Tan Son Nhat International Airport,SGN
Kuala Lumpur International Airport,KUL,2024-07-22 20:45,Shenzhen Bao'an International Airport,SZX,2024-07-23 01:05,260,Shenzhen,Premium Economy,1065,635,True,1386,Y,Y,Y,1,5,1,20,Monday,True,False,False,Tan Son Nhat International Airport,SGN
Kuala Lumpur International Airport,KUL,2024-07-23 04:20,Shenzhen Bao'an International Airport,SZX,2024-07-23 08:40,260,Shenzhen,Premium Economy,1320,900,,468,Y,Y,Y,1,5,1,20,Tuesday,False,False,False,Tan Son Nhat International Airport,SGN
Kuala Lumpur International Airport,KUL,2024-07-23 20:45,Shenzhen Bao'an International Airport,SZX,2024-07-24 01:05,260,Shenzhen,Premium Economy,1775,1355,True,468,Y,Y,Y,1,5,1,20,Tuesday,True,False,False,Tan Son Nhat International Airport,SGN
Kuala Lumpur International Airport,KUL,2024-07-23 04:20,Shenzhen Bao'an International Airport,SZX,2024-07-23 08:40,260,Shenzhen,Premium Economy,610,180,,1386,Y,Y,Y,1,5,1,20,Tuesday,False,False,False,Tan Son Nhat International Airport,SGN
Kuala Lumpur International Airport,KUL,2024-07-23 20:45,Shenzhen Bao'an International Airport,SZX,2024-07-24 01:05,260,Shenzhen,Premium Economy,1065,635,True,1386,Y,Y,Y,1,5,1,20,Tuesday,True,False,False,Tan Son Nhat International Airport,SGN
Kuala Lumpur International Airport,KUL,2024-07-24 13:25,Guangzhou Baiyun International Airport,CAN,2024-07-24 17:35,250,China Southern,Premium Economy,565,150,,708,Y,Y,Y,1,8,2,23,Wednesday,False,False,False,Tan Son Nhat International Airport,SGN
Kuala Lumpur International Airport,KUL,2024-07-24 04:20,Shenzhen Bao'an International Airport,SZX,2024-07-24 08:40,260,Shenzhen,Premium Economy,1320,900,,468,Y,Y,Y,1,5,1,20,Wednesday,False,False,False,Tan Son Nhat International Airport,SGN
Kuala Lumpur International Airport,KUL,2024-07-24 20:45,Shenzhen Bao'an International Airport,SZX,2024-07-25 01:05,260,Shenzhen,Premium Economy,1775,1355,True,468,Y,Y,Y,1,5,1,20,Wednesday,True,False,False,Tan Son Nhat International Airport,SGN
Kuala Lumpur International Airport,KUL,2024-07-24 04:20,Shenzhen Bao'an International Airport,SZX,2024-07-24 08:40,260,Shenzhen,Premium Economy,610,180,,1386,Y,Y,Y,1,5,1,20,Wednesday,False,False,False,Tan Son Nhat International Airport,SGN
Kuala Lumpur International Airport,KUL,2024-07-24 20:45,Shenzhen Bao'an International Airport,SZX,2024-07-25 01:05,260,Shenzhen,Premium Economy,1065,635,True,1386,Y,Y,Y,1,5,1,20,Wednesday,True,False,False,Tan Son Nhat International Airport,SGN
Kuala Lumpur International Airport,KUL,2024-07-25 13:25,Guangzhou Baiyun International Airport,CAN,2024-07-25 17:35,250,China Southern,Premium Economy,565,150,,708,Y,Y,Y,1,8,2,23,Thursday,False,False,False,Tan Son Nhat International Airport,SGN
Kuala Lumpur International Airport,KUL,2024-07-25 04:20,Shenzhen Bao'an International Airport,SZX,2024-07-25 08:40,260,Shenzhen,Premium Economy,1320,900,,468,Y,Y,Y,1,5,1,20,Thursday,False,False,False,Tan Son Nhat International Airport,SGN
Kuala Lumpur International Airport,KUL,2024-07-25 20:45,Shenzhen Bao'an International Airport,SZX,2024-07-26 01:05,260,Shenzhen,Premium Economy,1775,1355,True,468,Y,Y,Y,1,5,1,20,Thursday,True,False,False,Tan Son Nhat International Airport,SGN
Kuala Lumpur International Airport,KUL,2024-07-25 04:20,Shenzhen Bao'an International Airport,SZX,2024-07-25 08:40,260,Shenzhen,Premium Economy,610,180,,1386,Y,Y,Y,1,5,1,20,Thursday,False,False,False,Tan Son Nhat International Airport,SGN
Kuala Lumpur International Airport,KUL,2024-07-25 20:45,Shenzhen Bao'an International Airport,SZX,2024-07-26 01:05,260,Shenzhen,Premium Economy,1065,635,True,1386,Y,Y,Y,1,5,1,20,Thursday,True,False,False,Tan Son Nhat International Airport,SGN
Kuala Lumpur International Airport,KUL,2024-07-26 13:25,Guangzhou Baiyun International Airport,CAN,2024-07-26 17:35,250,China Southern,Premium Economy,565,150,,708,Y,Y,Y,1,8,2,23,Friday,False,False,False,Tan Son Nhat International Airport,SGN
Kuala Lumpur International Airport,KUL,2024-07-26 13:25,Guangzhou Baiyun International Airport,CAN,2024-07-26 17:35,250,China Southern,Premium Economy,1355,915,True,420,Y,Y,Y,1,8,2,23,Friday,False,False,False,Tan Son Nhat International Airport,SGN
Kuala Lumpur International Airport,KUL,2024-07-26 04:20,Shenzhen Bao'an International Airport,SZX,2024-07-26 08:40,260,Shenzhen,Premium Economy,1320,900,,468,Y,Y,Y,1,5,1,20,Friday,False,False,False,Tan Son Nhat International Airport,SGN
Kuala Lumpur International Airport,KUL,2024-07-26 04:20,Shenzhen Bao'an International Airport,SZX,2024-07-26 08:40,260,Shenzhen,Premium Economy,610,180,,1386,Y,Y,Y,1,5,1,20,Friday,False,False,False,Tan Son Nhat International Airport,SGN
Kuala Lumpur International Airport,KUL,2024-07-26 20:45,Shenzhen Bao'an International Airport,SZX,2024-07-27 01:05,260,Shenzhen,Premium Economy,1065,635,True,1386,Y,Y,Y,1,5,1,20,Friday,True,False,False,Tan Son Nhat International Airport,SGN
Kuala Lumpur International Airport,KUL,2024-07-27 13:25,Guangzhou Baiyun International Airport,CAN,2024-07-27 17:35,250,China Southern,Premium Economy,565,150,,708,Y,Y,Y,1,8,2,23,Saturday,False,False,False,Tan Son Nhat International Airport,SGN
Kuala Lumpur International Airport,KUL,2024-07-27 13:25,Guangzhou Baiyun International Airport,CAN,2024-07-27 17:35,250,China Southern,Premium Economy,1355,915,True,420,Y,Y,Y,1,8,2,23,Saturday,False,False,False,Tan Son Nhat International Airport,SGN
Kuala Lumpur International Airport,KUL,2024-07-27 04:20,Shenzhen Bao'an International Airport,SZX,2024-07-27 08:40,260,Shenzhen,Premium Economy,1320,900,,468,Y,Y,Y,1,5,1,20,Saturday,False,False,False,Tan Son Nhat International Airport,SGN
Kuala Lumpur International Airport,KUL,2024-07-27 04:20,Shenzhen Bao'an International Airport,SZX,2024-07-27 08:40,260,Shenzhen,Premium Economy,610,180,,1386,Y,Y,Y,1,5,1,20,Saturday,False,False,False,Tan Son Nhat International Airport,SGN
Kuala Lumpur International Airport,KUL,2024-07-27 20:45,Shenzhen Bao'an International Airport,SZX,2024-07-28 01:05,260,Shenzhen,Premium Economy,1065,635,True,1386,Y,Y,Y,1,5,1,20,Saturday,True,False,False,Tan Son Nhat International Airport,SGN
Kuala Lumpur International Airport,KUL,2024-07-28 04:20,Shenzhen Bao'an International Airport,SZX,2024-07-28 08:40,260,Shenzhen,Premium Economy,1320,900,,468,Y,Y,Y,1,5,1,20,Sunday,False,False,False,Tan Son Nhat International Airport,SGN
Kuala Lumpur International Airport,KUL,2024-07-28 13:25,Guangzhou Baiyun International Airport,CAN,2024-07-28 17:35,250,China Southern,Premium Economy,565,150,,708,Y,Y,Y,1,8,2,23,Sunday,False,False,False,Tan Son Nhat International Airport,SGN
Kuala Lumpur International Airport,KUL,2024-07-28 04:20,Shenzhen Bao'an International Airport,SZX,2024-07-28 08:40,260,Shenzhen,Premium Economy,610,180,,1386,Y,Y,Y,1,5,1,20,Sunday,False,False,False,Tan Son Nhat International Airport,SGN
Kuala Lumpur International Airport,KUL,2024-07-28 20:45,Shenzhen Bao'an International Airport,SZX,2024-07-29 01:05,260,Shenzhen,Premium Economy,1065,635,True,1386,Y,Y,Y,1,5,1,20,Sunday,True,False,False,Tan Son Nhat International Airport,SGN
Kuala Lumpur International Airport,KUL,2024-07-29 04:20,Shenzhen Bao'an International Airport,SZX,2024-07-29 08:40,260,Shenzhen,Premium Economy,1320,900,,468,Y,Y,Y,1,5,1,20,Monday,False,False,False,Tan Son Nhat International Airport,SGN
Kuala Lumpur International Airport,KUL,2024-07-29 13:25,Guangzhou Baiyun International Airport,CAN,2024-07-29 17:35,250,China Southern,Premium Economy,565,150,,708,Y,Y,Y,1,8,2,23,Monday,False,False,False,Tan Son Nhat International Airport,SGN
Kuala Lumpur International Airport,KUL,2024-07-29 04:20,Shenzhen Bao'an International Airport,SZX,2024-07-29 08:40,260,Shenzhen,Premium Economy,610,180,,1386,Y,Y,Y,1,5,1,20,Monday,False,False,False,Tan Son Nhat International Airport,SGN
Kuala Lumpur International Airport,KUL,2024-07-29 20:45,Shenzhen Bao'an International Airport,SZX,2024-07-30 01:05,260,Shenzhen,Premium Economy,1065,635,True,1386,Y,Y,Y,1,5,1,20,Monday,True,False,False,Tan Son Nhat International Airport,SGN
Kuala Lumpur International Airport,KUL,2024-07-30 04:20,Shenzhen Bao'an International Airport,SZX,2024-07-30 08:40,260,Shenzhen,Premium Economy,1320,900,,468,Y,Y,Y,1,5,1,20,Tuesday,False,False,False,Tan Son Nhat International Airport,SGN
Kuala Lumpur International Airport,KUL,2024-07-30 04:20,Shenzhen Bao'an International Airport,SZX,2024-07-30 08:40,260,Shenzhen,Premium Economy,610,180,,1386,Y,Y,Y,1,5,1,20,Tuesday,False,False,False,Tan Son Nhat International Airport,SGN
Kuala Lumpur International Airport,KUL,2024-07-30 20:45,Shenzhen Bao'an International Airport,SZX,2024-07-31 01:05,260,Shenzhen,Premium Economy,1065,635,True,1386,Y,Y,Y,1,5,1,20,Tuesday,True,False,False,Tan Son Nhat International Airport,SGN
Kuala Lumpur International Airport,KUL,2024-07-31 04:20,Shenzhen Bao'an International Airport,SZX,2024-07-31 08:40,260,Shenzhen,Premium Economy,1320,900,,468,Y,Y,Y,1,5,1,20,Wednesday,False,False,False,Tan Son Nhat International Airport,SGN
Kuala Lumpur International Airport,KUL,2024-07-31 04:20,Shenzhen Bao'an International Airport,SZX,2024-07-31 08:40,260,Shenzhen,Premium Economy,610,180,,1386,Y,Y,Y,1,5,1,20,Wednesday,False,False,False,Tan Son Nhat International Airport,SGN
Kuala Lumpur International Airport,KUL,2024-07-31 20:45,Shenzhen Bao'an International Airport,SZX,2024-08-01 01:05,260,Shenzhen,Premium Economy,1065,635,True,1386,Y,Y,Y,1,5,1,20,Wednesday,True,False,False,Tan Son Nhat International Airport,SGN
Kuala Lumpur International Airport,KUL,2024-08-01 04:20,Shenzhen Bao'an International Airport,SZX,2024-08-01 08:40,260,Shenzhen,Premium Economy,1320,900,,468,Y,Y,Y,1,5,1,20,Thursday,False,False,False,Tan Son Nhat International Airport,SGN
Kuala Lumpur International Airport,KUL,2024-08-01 13:25,Guangzhou Baiyun International Airport,CAN,2024-08-01 17:35,250,China Southern,Premium Economy,565,150,,708,Y,Y,Y,1,8,2,23,Thursday,False,False,False,Tan Son Nhat International Airport,SGN
Kuala Lumpur International Airport,KUL,2024-08-01 04:20,Shenzhen Bao'an International Airport,SZX,2024-08-01 08:40,260,Shenzhen,Premium Economy,610,180,,1386,Y,Y,Y,1,5,1,20,Thursday,False,False,False,Tan Son Nhat International Airport,SGN
Kuala Lumpur International Airport,KUL,2024-08-01 20:45,Shenzhen Bao'an International Airport,SZX,2024-08-02 01:05,260,Shenzhen,Premium Economy,1065,635,True,1386,Y,Y,Y,1,5,1,20,Thursday,True,False,False,Tan Son Nhat International Airport,SGN
Kuala Lumpur International Airport,KUL,2024-08-02 04:20,Shenzhen Bao'an International Airport,SZX,2024-08-02 08:40,260,Shenzhen,Premium Economy,1320,900,,468,Y,Y,Y,1,5,1,20,Friday,False,False,False,Tan Son Nhat International Airport,SGN
Kuala Lumpur International Airport,KUL,2024-08-02 04:20,Shenzhen Bao'an International Airport,SZX,2024-08-02 08:40,260,Shenzhen,Premium Economy,610,180,,1386,Y,Y,Y,1,5,1,20,Friday,False,False,False,Tan Son Nhat International Airport,SGN
Kuala Lumpur International Airport,KUL,2024-08-02 20:45,Shenzhen Bao'an International Airport,SZX,2024-08-03 01:05,260,Shenzhen,Premium Economy,1065,635,True,1386,Y,Y,Y,1,5,1,20,Friday,True,False,False,Tan Son Nhat International Airport,SGN
Kuala Lumpur International Airport,KUL,2024-08-03 04:20,Shenzhen Bao'an International Airport,SZX,2024-08-03 08:40,260,Shenzhen,Premium Economy,1320,900,,468,Y,Y,Y,1,5,1,20,Saturday,False,False,False,Tan Son Nhat International Airport,SGN
Kuala Lumpur International Airport,KUL,2024-08-03 04:20,Shenzhen Bao'an International Airport,SZX,2024-08-03 08:40,260,Shenzhen,Premium Economy,610,180,,1386,Y,Y,Y,1,5,1,20,Saturday,False,False,False,Tan Son Nhat International Airport,SGN
Kuala Lumpur International Airport,KUL,2024-08-03 20:45,Shenzhen Bao'an International Airport,SZX,2024-08-04 01:05,260,Shenzhen,Premium Economy,1065,635,True,1386,Y,Y,Y,1,5,1,20,Saturday,True,False,False,Tan Son Nhat International Airport,SGN
Kuala Lumpur International Airport,KUL,2024-08-04 04:20,Shenzhen Bao'an International Airport,SZX,2024-08-04 08:40,260,Shenzhen,Premium Economy,1320,900,,468,Y,Y,Y,1,5,1,20,Sunday,False,False,False,Tan Son Nhat International Airport,SGN
Kuala Lumpur International Airport,KUL,2024-08-04 04:20,Shenzhen Bao'an International Airport,SZX,2024-08-04 08:40,260,Shenzhen,Premium Economy,610,180,,1386,Y,Y,Y,1,5,1,20,Sunday,False,False,False,Tan Son Nhat International Airport,SGN
Kuala Lumpur International Airport,KUL,2024-08-04 20:45,Shenzhen Bao'an International Airport,SZX,2024-08-05 01:05,260,Shenzhen,Premium Economy,1065,635,True,1386,Y,Y,Y,1,5,1,20,Sunday,True,False,False,Tan Son Nhat International Airport,SGN
Kuala Lumpur International Airport,KUL,2024-08-05 04:20,Shenzhen Bao'an International Airport,SZX,2024-08-05 08:40,260,Shenzhen,Premium Economy,1320,900,,468,Y,Y,Y,1,5,1,20,Monday,False,False,False,Tan Son Nhat International Airport,SGN
Kuala Lumpur International Airport,KUL,2024-08-05 04:20,Shenzhen Bao'an International Airport,SZX,2024-08-05 08:40,260,Shenzhen,Premium Economy,610,180,,1386,Y,Y,Y,1,5,1,20,Monday,False,False,False,Tan Son Nhat International Airport,SGN
Kuala Lumpur International Airport,KUL,2024-08-05 20:45,Shenzhen Bao'an International Airport,SZX,2024-08-06 01:05,260,Shenzhen,Premium Economy,1065,635,True,1386,Y,Y,Y,1,5,1,20,Monday,True,False,False,Tan Son Nhat International Airport,SGN
Kuala Lumpur International Airport,KUL,2024-08-06 04:20,Shenzhen Bao'an International Airport,SZX,2024-08-06 08:40,260,Shenzhen,Premium Economy,1320,900,,468,Y,Y,Y,1,5,1,20,Tuesday,False,False,False,Tan Son Nhat International Airport,SGN
Kuala Lumpur International Airport,KUL,2024-08-06 04:20,Shenzhen Bao'an International Airport,SZX,2024-08-06 08:40,260,Shenzhen,Premium Economy,610,180,,1386,Y,Y,Y,1,5,1,20,Tuesday,False,False,False,Tan Son Nhat International Airport,SGN
Kuala Lumpur International Airport,KUL,2024-08-06 20:45,Shenzhen Bao'an International Airport,SZX,2024-08-07 01:05,260,Shenzhen,Premium Economy,1065,635,True,1386,Y,Y,Y,1,5,1,20,Tuesday,True,False,False,Tan Son Nhat International Airport,SGN
Kuala Lumpur International Airport,KUL,2024-08-07 04:20,Shenzhen Bao'an International Airport,SZX,2024-08-07 08:40,260,Shenzhen,Premium Economy,1320,900,,468,Y,Y,Y,1,5,1,20,Wednesday,False,False,False,Tan Son Nhat International Airport,SGN
Kuala Lumpur International Airport,KUL,2024-08-07 04:20,Shenzhen Bao'an International Airport,SZX,2024-08-07 08:40,260,Shenzhen,Premium Economy,610,180,,1386,Y,Y,Y,1,5,1,20,Wednesday,False,False,False,Tan Son Nhat International Airport,SGN
Kuala Lumpur International Airport,KUL,2024-08-07 20:45,Shenzhen Bao'an International Airport,SZX,2024-08-08 01:05,260,Shenzhen,Premium Economy,1065,635,True,1386,Y,Y,Y,1,5,1,20,Wednesday,True,False,False,Tan Son Nhat International Airport,SGN
Kuala Lumpur International Airport,KUL,2024-08-07 16:15,Shanghai Pudong International Airport,PVG,2024-08-07 21:50,335,Shanghai Airlines,Premium Economy,1245,655,True,1843,Y,Y,Y,1,5,2,32,Wednesday,False,False,False,Tan Son Nhat International Airport,SGN
Kuala Lumpur International Airport,KUL,2024-08-08 04:20,Shenzhen Bao'an International Airport,SZX,2024-08-08 08:40,260,Shenzhen,Premium Economy,1320,900,,468,Y,Y,Y,1,5,1,20,Thursday,False,False,False,Tan Son Nhat International Airport,SGN
Kuala Lumpur International Airport,KUL,2024-08-08 04:20,Shenzhen Bao'an International Airport,SZX,2024-08-08 08:40,260,Shenzhen,Premium Economy,610,180,,1386,Y,Y,Y,1,5,1,20,Thursday,False,False,False,Tan Son Nhat International Airport,SGN
Kuala Lumpur International Airport,KUL,2024-08-08 20:45,Shenzhen Bao'an International Airport,SZX,2024-08-09 01:05,260,Shenzhen,Premium Economy,1065,635,True,1386,Y,Y,Y,1,5,1,20,Thursday,True,False,False,Tan Son Nhat International Airport,SGN
Kuala Lumpur International Airport,KUL,2024-08-08 16:15,Shanghai Pudong International Airport,PVG,2024-08-08 21:50,335,Shanghai Airlines,Premium Economy,1245,655,True,1843,Y,Y,Y,1,5,2,32,Thursday,False,False,False,Tan Son Nhat International Airport,SGN
Kuala Lumpur International Airport,KUL,2024-08-09 04:20,Shenzhen Bao'an International Airport,SZX,2024-08-09 08:40,260,Shenzhen,Premium Economy,1320,900,,468,Y,Y,Y,1,5,1,20,Friday,False,False,False,Tan Son Nhat International Airport,SGN
Kuala Lumpur International Airport,KUL,2024-08-09 04:20,Shenzhen Bao'an International Airport,SZX,2024-08-09 08:40,260,Shenzhen,Premium Economy,610,180,,1386,Y,Y,Y,1,5,1,20,Friday,False,False,False,Tan Son Nhat International Airport,SGN
Kuala Lumpur International Airport,KUL,2024-08-09 20:45,Shenzhen Bao'an International Airport,SZX,2024-08-10 01:05,260,Shenzhen,Premium Economy,1065,635,True,1386,Y,Y,Y,1,5,1,20,Friday,True,False,False,Tan Son Nhat International Airport,SGN
Kuala Lumpur International Airport,KUL,2024-08-09 09:00,Suvarnabhumi Airport,BKK,2024-08-09 10:15,135,Malaysia Airlines,Business Class,840,125,,1888,Y,Y,Y,1,7,1,23,Friday,False,False,False,Tan Son Nhat International Airport,SGN
Kuala Lumpur International Airport,KUL,2024-08-10 04:20,Shenzhen Bao'an International Airport,SZX,2024-08-10 08:40,260,Shenzhen,Premium Economy,1320,900,,468,Y,Y,Y,1,5,1,20,Saturday,False,False,False,Tan Son Nhat International Airport,SGN
Kuala Lumpur International Airport,KUL,2024-08-10 04:20,Shenzhen Bao'an International Airport,SZX,2024-08-10 08:40,260,Shenzhen,Premium Economy,610,180,,1386,Y,Y,Y,1,5,1,20,Saturday,False,False,False,Tan Son Nhat International Airport,SGN
Kuala Lumpur International Airport,KUL,2024-08-10 20:45,Shenzhen Bao'an International Airport,SZX,2024-08-11 01:05,260,Shenzhen,Premium Economy,1065,635,True,1386,Y,Y,Y,1,5,1,20,Saturday,True,False,False,Tan Son Nhat International Airport,SGN
Kuala Lumpur International Airport,KUL,2024-08-10 16:15,Shanghai Pudong International Airport,PVG,2024-08-10 21:50,335,Shanghai Airlines,Premium Economy,1245,655,True,1909,Y,Y,Y,1,5,2,32,Saturday,False,False,False,Tan Son Nhat International Airport,SGN
Kuala Lumpur International Airport,KUL,2024-08-11 04:20,Shenzhen Bao'an International Airport,SZX,2024-08-11 08:40,260,Shenzhen,Premium Economy,1320,900,,468,Y,Y,Y,1,5,1,20,Sunday,False,False,False,Tan Son Nhat International Airport,SGN
Kuala Lumpur International Airport,KUL,2024-08-11 04:20,Shenzhen Bao'an International Airport,SZX,2024-08-11 08:40,260,Shenzhen,Premium Economy,610,180,,1386,Y,Y,Y,1,5,1,20,Sunday,False,False,False,Tan Son Nhat International Airport,SGN
Kuala Lumpur International Airport,KUL,2024-08-11 20:45,Shenzhen Bao'an International Airport,SZX,2024-08-12 01:05,260,Shenzhen,Premium Economy,1065,635,True,1386,Y,Y,Y,1,5,1,20,Sunday,True,False,False,Tan Son Nhat International Airport,SGN
Kuala Lumpur International Airport,KUL,2024-08-12 04:20,Shenzhen Bao'an International Airport,SZX,2024-08-12 08:40,260,Shenzhen,Premium Economy,1320,900,,468,Y,Y,Y,1,5,1,20,Monday,False,False,False,Tan Son Nhat International Airport,SGN
Kuala Lumpur International Airport,KUL,2024-08-12 04:20,Shenzhen Bao'an International Airport,SZX,2024-08-12 08:40,260,Shenzhen,Premium Economy,610,180,,1386,Y,Y,Y,1,5,1,20,Monday,False,False,False,Tan Son Nhat International Airport,SGN
Kuala Lumpur International Airport,KUL,2024-08-12 20:45,Shenzhen Bao'an International Airport,SZX,2024-08-13 01:05,260,Shenzhen,Premium Economy,1065,635,True,1386,Y,Y,Y,1,5,1,20,Monday,True,False,False,Tan Son Nhat International Airport,SGN
Kuala Lumpur International Airport,KUL,2024-08-13 04:20,Shenzhen Bao'an International Airport,SZX,2024-08-13 08:40,260,Shenzhen,Premium Economy,1320,900,,468,Y,Y,Y,1,5,1,20,Tuesday,False,False,False,Tan Son Nhat International Airport,SGN
Kuala Lumpur International Airport,KUL,2024-08-13 04:20,Shenzhen Bao'an International Airport,SZX,2024-08-13 08:40,260,Shenzhen,Premium Economy,610,180,,1386,Y,Y,Y,1,5,1,20,Tuesday,False,False,False,Tan Son Nhat International Airport,SGN
Kuala Lumpur International Airport,KUL,2024-08-13 20:45,Shenzhen Bao'an International Airport,SZX,2024-08-14 01:05,260,Shenzhen,Premium Economy,1065,635,True,1386,Y,Y,Y,1,5,1,20,Tuesday,True,False,False,Tan Son Nhat International Airport,SGN
Kuala Lumpur International Airport,KUL,2024-08-14 04:20,Shenzhen Bao'an International Airport,SZX,2024-08-14 08:40,260,Shenzhen,Premium Economy,1320,900,,468,Y,Y,Y,1,5,1,20,Wednesday,False,False,False,Tan Son Nhat International Airport,SGN
Kuala Lumpur International Airport,KUL,2024-08-14 04:20,Shenzhen Bao'an International Airport,SZX,2024-08-14 08:40,260,Shenzhen,Premium Economy,610,180,,1386,Y,Y,Y,1,5,1,20,Wednesday,False,False,False,Tan Son Nhat International Airport,SGN
Kuala Lumpur International Airport,KUL,2024-08-14 20:45,Shenzhen Bao'an International Airport,SZX,2024-08-15 01:05,260,Shenzhen,Premium Economy,1065,635,True,1386,Y,Y,Y,1,5,1,20,Wednesday,True,False,False,Tan Son Nhat International Airport,SGN
Kuala Lumpur International Airport,KUL,2024-08-15 04:20,Shenzhen Bao'an International Airport,SZX,2024-08-15 08:40,260,Shenzhen,Premium Economy,1320,900,,468,Y,Y,Y,1,5,1,20,Thursday,False,False,False,Tan Son Nhat International Airport,SGN
Kuala Lumpur International Airport,KUL,2024-08-15 04:20,Shenzhen Bao'an International Airport,SZX,2024-08-15 08:40,260,Shenzhen,Premium Economy,610,180,,1386,Y,Y,Y,1,5,1,20,Thursday,False,False,False,Tan Son Nhat International Airport,SGN
Kuala Lumpur International Airport,KUL,2024-08-15 20:45,Shenzhen Bao'an International Airport,SZX,2024-08-16 01:05,260,Shenzhen,Premium Economy,1065,635,True,1386,Y,Y,Y,1,5,1,20,Thursday,True,False,False,Tan Son Nhat International Airport,SGN
Kuala Lumpur International Airport,KUL,2024-08-15 16:15,Shanghai Pudong International Airport,PVG,2024-08-15 21:50,335,Shanghai Airlines,Premium Economy,1245,655,True,1843,Y,Y,Y,1,5,2,32,Thursday,False,False,False,Tan Son Nhat International Airport,SGN
Kuala Lumpur International Airport,KUL,2024-08-16 04:20,Shenzhen Bao'an International Airport,SZX,2024-08-16 08:40,260,Shenzhen,Premium Economy,1320,900,,468,Y,Y,Y,1,5,1,20,Friday,False,False,False,Tan Son Nhat International Airport,SGN
Kuala Lumpur International Airport,KUL,2024-08-16 04:20,Shenzhen Bao'an International Airport,SZX,2024-08-16 08:40,260,Shenzhen,Premium Economy,610,180,,1386,Y,Y,Y,1,5,1,20,Friday,False,False,False,Tan Son Nhat International Airport,SGN
Kuala Lumpur International Airport,KUL,2024-08-16 20:45,Shenzhen Bao'an International Airport,SZX,2024-08-17 01:05,260,Shenzhen,Premium Economy,1065,635,True,1386,Y,Y,Y,1,5,1,20,Friday,True,False,False,Tan Son Nhat International Airport,SGN
Kuala Lumpur International Airport,KUL,2024-08-17 04:20,Shenzhen Bao'an International Airport,SZX,2024-08-17 08:40,260,Shenzhen,Premium Economy,1320,900,,468,Y,Y,Y,1,5,1,20,Saturday,False,False,False,Tan Son Nhat International Airport,SGN
Kuala Lumpur International Airport,KUL,2024-08-17 04:20,Shenzhen Bao'an International Airport,SZX,2024-08-17 08:40,260,Shenzhen,Premium Economy,610,180,,1386,Y,Y,Y,1,5,1,20,Saturday,False,False,False,Tan Son Nhat International Airport,SGN
Kuala Lumpur International Airport,KUL,2024-08-17 20:45,Shenzhen Bao'an International Airport,SZX,2024-08-18 01:05,260,Shenzhen,Premium Economy,1065,635,True,1386,Y,Y,Y,1,5,1,20,Saturday,True,False,False,Tan Son Nhat International Airport,SGN
Kuala Lumpur International Airport,KUL,2024-08-18 04:20,Shenzhen Bao'an International Airport,SZX,2024-08-18 08:40,260,Shenzhen,Premium Economy,1320,900,,468,Y,Y,Y,1,5,1,20,Sunday,False,False,False,Tan Son Nhat International Airport,SGN
Kuala Lumpur International Airport,KUL,2024-08-18 04:20,Shenzhen Bao'an International Airport,SZX,2024-08-18 08:40,260,Shenzhen,Premium Economy,610,180,,1386,Y,Y,Y,1,5,1,20,Sunday,False,False,False,Tan Son Nhat International Airport,SGN
Kuala Lumpur International Airport,KUL,2024-08-18 20:45,Shenzhen Bao'an International Airport,SZX,2024-08-19 01:05,260,Shenzhen,Premium Economy,1065,635,True,1386,Y,Y,Y,1,5,1,20,Sunday,True,False,False,Tan Son Nhat International Airport,SGN
Kuala Lumpur International Airport,KUL,2024-08-19 04:20,Shenzhen Bao'an International Airport,SZX,2024-08-19 08:40,260,Shenzhen,Premium Economy,1320,900,,468,Y,Y,Y,1,5,1,20,Monday,False,False,False,Tan Son Nhat International Airport,SGN
Kuala Lumpur International Airport,KUL,2024-08-19 04:20,Shenzhen Bao'an International Airport,SZX,2024-08-19 08:40,260,Shenzhen,Premium Economy,610,180,,1386,Y,Y,Y,1,5,1,20,Monday,False,False,False,Tan Son Nhat International Airport,SGN
Kuala Lumpur International Airport,KUL,2024-08-19 20:45,Shenzhen Bao'an International Airport,SZX,2024-08-20 01:05,260,Shenzhen,Premium Economy,1065,635,True,1386,Y,Y,Y,1,5,1,20,Monday,True,False,False,Tan Son Nhat International Airport,SGN
Kuala Lumpur International Airport,KUL,2024-08-20 04:20,Shenzhen Bao'an International Airport,SZX,2024-08-20 08:40,260,Shenzhen,Premium Economy,1320,900,,468,Y,Y,Y,1,5,1,20,Tuesday,False,False,False,Tan Son Nhat International Airport,SGN
Kuala Lumpur International Airport,KUL,2024-08-20 04:20,Shenzhen Bao'an International Airport,SZX,2024-08-20 08:40,260,Shenzhen,Premium Economy,610,180,,1386,Y,Y,Y,1,5,1,20,Tuesday,False,False,False,Tan Son Nhat International Airport,SGN
Kuala Lumpur International Airport,KUL,2024-08-20 20:45,Shenzhen Bao'an International Airport,SZX,2024-08-21 01:05,260,Shenzhen,Premium Economy,1065,635,True,1386,Y,Y,Y,1,5,1,20,Tuesday,True,False,False,Tan Son Nhat International Airport,SGN
Kuala Lumpur International Airport,KUL,2024-08-21 04:20,Shenzhen Bao'an International Airport,SZX,2024-08-21 08:40,260,Shenzhen,Premium Economy,1320,900,,468,Y,Y,Y,1,5,1,20,Wednesday,False,False,False,Tan Son Nhat International Airport,SGN
Kuala Lumpur International Airport,KUL,2024-08-21 04:20,Shenzhen Bao'an International Airport,SZX,2024-08-21 08:40,260,Shenzhen,Premium Economy,610,180,,1386,Y,Y,Y,1,5,1,20,Wednesday,False,False,False,Tan Son Nhat International Airport,SGN
Kuala Lumpur International Airport,KUL,2024-08-21 20:45,Shenzhen Bao'an International Airport,SZX,2024-08-22 01:05,260,Shenzhen,Premium Economy,1065,635,True,1386,Y,Y,Y,1,5,1,20,Wednesday,True,False,False,Tan Son Nhat International Airport,SGN
Kuala Lumpur International Airport,KUL,2024-08-22 04:20,Shenzhen Bao'an International Airport,SZX,2024-08-22 08:40,260,Shenzhen,Premium Economy,1320,900,,468,Y,Y,Y,1,5,1,20,Thursday,False,False,False,Tan Son Nhat International Airport,SGN
Kuala Lumpur International Airport,KUL,2024-08-22 04:20,Shenzhen Bao'an International Airport,SZX,2024-08-22 08:40,260,Shenzhen,Premium Economy,610,180,,1386,Y,Y,Y,1,5,1,20,Thursday,False,False,False,Tan Son Nhat International Airport,SGN
Kuala Lumpur International Airport,KUL,2024-08-22 20:45,Shenzhen Bao'an International Airport,SZX,2024-08-23 01:05,260,Shenzhen,Premium Economy,1065,635,True,1386,Y,Y,Y,1,5,1,20,Thursday,True,False,False,Tan Son Nhat International Airport,SGN
Kuala Lumpur International Airport,KUL,2024-08-23 04:20,Shenzhen Bao'an International Airport,SZX,2024-08-23 08:40,260,Shenzhen,Premium Economy,1320,900,,468,Y,Y,Y,1,5,1,20,Friday,False,False,False,Tan Son Nhat International Airport,SGN
Kuala Lumpur International Airport,KUL,2024-08-23 04:20,Shenzhen Bao'an International Airport,SZX,2024-08-23 08:40,260,Shenzhen,Premium Economy,610,180,,1386,Y,Y,Y,1,5,1,20,Friday,False,False,False,Tan Son Nhat International Airport,SGN
Kuala Lumpur International Airport,KUL,2024-08-23 20:45,Shenzhen Bao'an International Airport,SZX,2024-08-24 01:05,260,Shenzhen,Premium Economy,1065,635,True,1386,Y,Y,Y,1,5,1,20,Friday,True,False,False,Tan Son Nhat International Airport,SGN
Kuala Lumpur International Airport,KUL,2024-08-24 04:20,Shenzhen Bao'an International Airport,SZX,2024-08-24 08:40,260,Shenzhen,Premium Economy,1320,900,,468,Y,Y,Y,1,5,1,20,Saturday,False,False,False,Tan Son Nhat International Airport,SGN
Kuala Lumpur International Airport,KUL,2024-08-24 04:20,Shenzhen Bao'an International Airport,SZX,2024-08-24 08:40,260,Shenzhen,Premium Economy,610,180,,1386,Y,Y,Y,1,5,1,20,Saturday,False,False,False,Tan Son Nhat International Airport,SGN
Kuala Lumpur International Airport,KUL,2024-08-24 20:45,Shenzhen Bao'an International Airport,SZX,2024-08-25 01:05,260,Shenzhen,Premium Economy,1065,635,True,1386,Y,Y,Y,1,5,1,20,Saturday,True,False,False,Tan Son Nhat International Airport,SGN
Kuala Lumpur International Airport,KUL,2024-08-25 04:20,Shenzhen Bao'an International Airport,SZX,2024-08-25 08:40,260,Shenzhen,Premium Economy,1320,900,,468,Y,Y,Y,1,5,1,20,Sunday,False,False,False,Tan Son Nhat International Airport,SGN
Kuala Lumpur International Airport,KUL,2024-08-25 04:20,Shenzhen Bao'an International Airport,SZX,2024-08-25 08:40,260,Shenzhen,Premium Economy,610,180,,1386,Y,Y,Y,1,5,1,20,Sunday,False,False,False,Tan Son Nhat International Airport,SGN
Kuala Lumpur International Airport,KUL,2024-08-25 20:45,Shenzhen Bao'an International Airport,SZX,2024-08-26 01:05,260,Shenzhen,Premium Economy,1065,635,True,1386,Y,Y,Y,1,5,1,20,Sunday,True,False,False,Tan Son Nhat International Airport,SGN
Kuala Lumpur International Airport,KUL,2024-08-26 04:20,Shenzhen Bao'an International Airport,SZX,2024-08-26 08:40,260,Shenzhen,Premium Economy,1320,900,,468,Y,Y,Y,1,5,1,20,Monday,False,False,False,Tan Son Nhat International Airport,SGN
Kuala Lumpur International Airport,KUL,2024-08-26 04:20,Shenzhen Bao'an International Airport,SZX,2024-08-26 08:40,260,Shenzhen,Premium Economy,610,180,,1386,Y,Y,Y,1,5,1,20,Monday,False,False,False,Tan Son Nhat International Airport,SGN
Kuala Lumpur International Airport,KUL,2024-08-26 20:45,Shenzhen Bao'an International Airport,SZX,2024-08-27 01:05,260,Shenzhen,Premium Economy,1065,635,True,1386,Y,Y,Y,1,5,1,20,Monday,True,False,False,Tan Son Nhat International Airport,SGN
Kuala Lumpur International Airport,KUL,2024-08-27 04:20,Shenzhen Bao'an International Airport,SZX,2024-08-27 08:40,260,Shenzhen,Premium Economy,1320,900,,468,Y,Y,Y,1,5,1,20,Tuesday,False,False,False,Tan Son Nhat International Airport,SGN
Kuala Lumpur International Airport,KUL,2024-08-27 04:20,Shenzhen Bao'an International Airport,SZX,2024-08-27 08:40,260,Shenzhen,Premium Economy,610,180,,1386,Y,Y,Y,1,5,1,20,Tuesday,False,False,False,Tan Son Nhat International Airport,SGN
Kuala Lumpur International Airport,KUL,2024-08-27 20:45,Shenzhen Bao'an International Airport,SZX,2024-08-28 01:05,260,Shenzhen,Premium Economy,1065,635,True,1386,Y,Y,Y,1,5,1,20,Tuesday,True,False,False,Tan Son Nhat International Airport,SGN
Kuala Lumpur International Airport,KUL,2024-08-28 04:20,Shenzhen Bao'an International Airport,SZX,2024-08-28 08:40,260,Shenzhen,Premium Economy,1320,900,,468,Y,Y,Y,1,5,1,20,Wednesday,False,False,False,Tan Son Nhat International Airport,SGN
Kuala Lumpur International Airport,KUL,2024-08-28 04:20,Shenzhen Bao'an International Airport,SZX,2024-08-28 08:40,260,Shenzhen,Premium Economy,610,180,,1386,Y,Y,Y,1,5,1,20,Wednesday,False,False,False,Tan Son Nhat International Airport,SGN
Kuala Lumpur International Airport,KUL,2024-08-28 20:45,Shenzhen Bao'an International Airport,SZX,2024-08-29 01:05,260,Shenzhen,Premium Economy,1065,635,True,1386,Y,Y,Y,1,5,1,20,Wednesday,True,False,False,Tan Son Nhat International Airport,SGN
Kuala Lumpur International Airport,KUL,2024-08-29 04:20,Shenzhen Bao'an International Airport,SZX,2024-08-29 08:40,260,Shenzhen,Premium Economy,1320,900,,468,Y,Y,Y,1,5,1,20,Thursday,False,False,False,Tan Son Nhat International Airport,SGN
Kuala Lumpur International Airport,KUL,2024-08-29 04:20,Shenzhen Bao'an International Airport,SZX,2024-08-29 08:40,260,Shenzhen,Premium Economy,610,180,,1386,Y,Y,Y,1,5,1,20,Thursday,False,False,False,Tan Son Nhat International Airport,SGN
Kuala Lumpur International Airport,KUL,2024-08-29 20:45,Shenzhen Bao'an International Airport,SZX,2024-08-30 01:05,260,Shenzhen,Premium Economy,1065,635,True,1386,Y,Y,Y,1,5,1,20,Thursday,True,False,False,Tan Son Nhat International Airport,SGN
Kuala Lumpur International Airport,KUL,2024-08-30 04:20,Shenzhen Bao'an International Airport,SZX,2024-08-30 08:40,260,Shenzhen,Premium Economy,1320,900,,468,Y,Y,Y,1,5,1,20,Friday,False,False,False,Tan Son Nhat International Airport,SGN
Kuala Lumpur International Airport,KUL,2024-08-30 04:20,Shenzhen Bao'an International Airport,SZX,2024-08-30 08:40,260,Shenzhen,Premium Economy,610,180,,1386,Y,Y,Y,1,5,1,20,Friday,False,False,False,Tan Son Nhat International Airport,SGN
Kuala Lumpur International Airport,KUL,2024-08-30 20:45,Shenzhen Bao'an International Airport,SZX,2024-08-31 01:05,260,Shenzhen,Premium Economy,1065,635,True,1386,Y,Y,Y,1,5,1,20,Friday,True,False,False,Tan Son Nhat International Airport,SGN
Kuala Lumpur International Airport,KUL,2024-08-31 04:20,Shenzhen Bao'an International Airport,SZX,2024-08-31 08:40,260,Shenzhen,Premium Economy,1320,900,,432,Y,Y,Y,1,5,1,20,Saturday,False,True,False,Tan Son Nhat International Airport,SGN
Kuala Lumpur International Airport,KUL,2024-08-31 20:45,Shenzhen Bao'an International Airport,SZX,2024-09-01 01:05,260,Shenzhen,Premium Economy,1775,1355,True,432,Y,Y,Y,1,5,1,20,Saturday,True,True,False,Tan Son Nhat International Airport,SGN
Kuala Lumpur International Airport,KUL,2024-08-31 04:20,Shenzhen Bao'an International Airport,SZX,2024-08-31 08:40,260,Shenzhen,Premium Economy,610,180,,1350,Y,Y,Y,1,5,1,20,Saturday,False,True,False,Tan Son Nhat International Airport,SGN
Kuala Lumpur International Airport,KUL,2024-08-31 20:45,Shenzhen Bao'an International Airport,SZX,2024-09-01 01:05,260,Shenzhen,Premium Economy,1065,635,True,1350,Y,Y,Y,1,5,1,20,Saturday,True,True,False,Tan Son Nhat International Airport,SGN
