Departure Airport Name,Departure Airport ID,Departure Time,Arrival Airport Name,Arrival Airport ID,Arrival Time,Duration,Airline,Travel Class,Total Duration,Layover 1 Duration,Layover 1 Overnight,Price, Cabin Baggage, Checked Baggage,Meal Included,Cabin Baggage (Number),Cabin Baggage (kg per piece),Checked Baggage (Number),Checked Baggage (kg per piece),Day of Week (on flight date),Overnight Flight,Departure Country Is Holiday,Arrival Country Is Holiday,Final Arrival Airport Name,Final Arrival Airport ID
Kuala Lumpur International Airport,KUL,2024-07-01 17:00,Soekarno–Hatta International Airport,CGK,2024-07-01 18:05,125,KLM,Premium Economy,125,,,126,Y,Y,Y,2,12,2,23,Monday,False,False,False,Soekarno-Hatta International Airport,CGK
Kuala Lumpur International Airport,KUL,2024-07-02 17:00,Soekarno–Hatta International Airport,CGK,2024-07-02 18:05,125,KLM,Premium Economy,125,,,126,Y,Y,Y,2,12,2,23,Tuesday,False,False,False,Soekarno-Hatta International Airport,CGK
Kuala Lumpur International Airport,KUL,2024-07-04 17:00,Soekarno–Hatta International Airport,CGK,2024-07-04 18:05,125,KLM,Premium Economy,125,,,126,Y,Y,Y,2,12,2,23,Thursday,False,False,False,Soekarno-Hatta International Airport,CGK
Kuala Lumpur International Airport,KUL,2024-07-06 17:00,Soekarno–Hatta International Airport,CGK,2024-07-06 18:05,125,KLM,Premium Economy,125,,,126,Y,Y,Y,2,12,2,23,Saturday,False,False,False,Soekarno-Hatta International Airport,CGK
Kuala Lumpur International Airport,KUL,2024-07-07 17:00,Soekarno–Hatta International Airport,CGK,2024-07-07 18:05,125,KLM,Premium Economy,125,,,133,Y,Y,Y,2,12,2,23,Sunday,False,True,True,Soekarno-Hatta International Airport,CGK
Kuala Lumpur International Airport,KUL,2024-07-08 17:00,Soekarno–Hatta International Airport,CGK,2024-07-08 18:05,125,KLM,Premium Economy,125,,,126,Y,Y,Y,2,12,2,23,Monday,False,True,False,Soekarno-Hatta International Airport,CGK
Kuala Lumpur International Airport,KUL,2024-07-09 17:00,Soekarno–Hatta International Airport,CGK,2024-07-09 18:05,125,KLM,Premium Economy,125,,,126,Y,Y,Y,2,12,2,23,Tuesday,False,False,False,Soekarno-Hatta International Airport,CGK
Kuala Lumpur International Airport,KUL,2024-07-11 17:00,Soekarno–Hatta International Airport,CGK,2024-07-11 18:05,125,KLM,Premium Economy,125,,,126,Y,Y,Y,2,12,2,23,Thursday,False,False,False,Soekarno-Hatta International Airport,CGK
Kuala Lumpur International Airport,KUL,2024-07-13 17:00,Soekarno–Hatta International Airport,CGK,2024-07-13 18:05,125,KLM,Premium Economy,125,,,126,Y,Y,Y,2,12,2,23,Saturday,False,False,False,Soekarno-Hatta International Airport,CGK
Kuala Lumpur International Airport,KUL,2024-07-14 17:00,Soekarno–Hatta International Airport,CGK,2024-07-14 18:05,125,KLM,Premium Economy,125,,,133,Y,Y,Y,2,12,2,23,Sunday,False,False,False,Soekarno-Hatta International Airport,CGK
Kuala Lumpur International Airport,KUL,2024-07-15 17:00,Soekarno–Hatta International Airport,CGK,2024-07-15 18:05,125,KLM,Premium Economy,125,,,126,Y,Y,Y,2,12,2,23,Monday,False,False,False,Soekarno-Hatta International Airport,CGK
Kuala Lumpur International Airport,KUL,2024-07-16 17:00,Soekarno–Hatta International Airport,CGK,2024-07-16 18:05,125,KLM,Premium Economy,125,,,126,Y,Y,Y,2,12,2,23,Tuesday,False,False,False,Soekarno-Hatta International Airport,CGK
Kuala Lumpur International Airport,KUL,2024-07-18 17:00,Soekarno–Hatta International Airport,CGK,2024-07-18 18:05,125,KLM,Premium Economy,125,,,126,Y,Y,Y,2,12,2,23,Thursday,False,False,False,Soekarno-Hatta International Airport,CGK
Kuala Lumpur International Airport,KUL,2024-07-20 17:00,Soekarno–Hatta International Airport,CGK,2024-07-20 18:05,125,KLM,Premium Economy,125,,,126,Y,Y,Y,2,12,2,23,Saturday,False,False,False,Soekarno-Hatta International Airport,CGK
Kuala Lumpur International Airport,KUL,2024-07-21 17:00,Soekarno–Hatta International Airport,CGK,2024-07-21 18:05,125,KLM,Premium Economy,125,,,133,Y,Y,Y,2,12,2,23,Sunday,False,False,False,Soekarno-Hatta International Airport,CGK
Kuala Lumpur International Airport,KUL,2024-07-22 17:00,Soekarno–Hatta International Airport,CGK,2024-07-22 18:05,125,KLM,Premium Economy,125,,,126,Y,Y,Y,2,12,2,23,Monday,False,False,False,Soekarno-Hatta International Airport,CGK
Kuala Lumpur International Airport,KUL,2024-07-23 17:00,Soekarno–Hatta International Airport,CGK,2024-07-23 18:05,125,KLM,Premium Economy,125,,,126,Y,Y,Y,2,12,2,23,Tuesday,False,False,False,Soekarno-Hatta International Airport,CGK
Kuala Lumpur International Airport,KUL,2024-07-25 17:00,Soekarno–Hatta International Airport,CGK,2024-07-25 18:05,125,KLM,Premium Economy,125,,,126,Y,Y,Y,2,12,2,23,Thursday,False,False,False,Soekarno-Hatta International Airport,CGK
Kuala Lumpur International Airport,KUL,2024-07-27 17:00,Soekarno–Hatta International Airport,CGK,2024-07-27 18:05,125,KLM,Premium Economy,125,,,126,Y,Y,Y,2,12,2,23,Saturday,False,False,False,Soekarno-Hatta International Airport,CGK
Kuala Lumpur International Airport,KUL,2024-07-28 17:00,Soekarno–Hatta International Airport,CGK,2024-07-28 18:05,125,KLM,Premium Economy,125,,,133,Y,Y,Y,2,12,2,23,Sunday,False,False,False,Soekarno-Hatta International Airport,CGK
Kuala Lumpur International Airport,KUL,2024-07-29 17:00,Soekarno–Hatta International Airport,CGK,2024-07-29 18:05,125,KLM,Premium Economy,125,,,126,Y,Y,Y,2,12,2,23,Monday,False,False,False,Soekarno-Hatta International Airport,CGK
Kuala Lumpur International Airport,KUL,2024-07-30 17:00,Soekarno–Hatta International Airport,CGK,2024-07-30 18:05,125,KLM,Premium Economy,125,,,126,Y,Y,Y,2,12,2,23,Tuesday,False,False,False,Soekarno-Hatta International Airport,CGK
Kuala Lumpur International Airport,KUL,2024-08-01 17:00,Soekarno–Hatta International Airport,CGK,2024-08-01 18:05,125,KLM,Premium Economy,125,,,126,Y,Y,Y,2,12,2,23,Thursday,False,False,False,Soekarno-Hatta International Airport,CGK
Kuala Lumpur International Airport,KUL,2024-08-03 17:00,Soekarno–Hatta International Airport,CGK,2024-08-03 18:05,125,KLM,Premium Economy,125,,,126,Y,Y,Y,2,12,2,23,Saturday,False,False,False,Soekarno-Hatta International Airport,CGK
Kuala Lumpur International Airport,KUL,2024-08-04 17:00,Soekarno–Hatta International Airport,CGK,2024-08-04 18:05,125,KLM,Premium Economy,125,,,133,Y,Y,Y,2,12,2,23,Sunday,False,False,False,Soekarno-Hatta International Airport,CGK
Kuala Lumpur International Airport,KUL,2024-08-05 17:00,Soekarno–Hatta International Airport,CGK,2024-08-05 18:05,125,KLM,Premium Economy,125,,,126,Y,Y,Y,2,12,2,23,Monday,False,False,False,Soekarno-Hatta International Airport,CGK
Kuala Lumpur International Airport,KUL,2024-08-06 17:00,Soekarno–Hatta International Airport,CGK,2024-08-06 18:05,125,KLM,Premium Economy,125,,,126,Y,Y,Y,2,12,2,23,Tuesday,False,False,False,Soekarno-Hatta International Airport,CGK
Kuala Lumpur International Airport,KUL,2024-08-08 17:00,Soekarno–Hatta International Airport,CGK,2024-08-08 18:05,125,KLM,Premium Economy,125,,,126,Y,Y,Y,2,12,2,23,Thursday,False,False,False,Soekarno-Hatta International Airport,CGK
Kuala Lumpur International Airport,KUL,2024-08-10 17:00,Soekarno–Hatta International Airport,CGK,2024-08-10 18:05,125,KLM,Premium Economy,125,,,126,Y,Y,Y,2,12,2,23,Saturday,False,False,False,Soekarno-Hatta International Airport,CGK
Kuala Lumpur International Airport,KUL,2024-08-11 17:00,Soekarno–Hatta International Airport,CGK,2024-08-11 18:05,125,KLM,Premium Economy,125,,,133,Y,Y,Y,2,12,2,23,Sunday,False,False,False,Soekarno-Hatta International Airport,CGK
Kuala Lumpur International Airport,KUL,2024-08-12 17:00,Soekarno–Hatta International Airport,CGK,2024-08-12 18:05,125,KLM,Premium Economy,125,,,126,Y,Y,Y,2,12,2,23,Monday,False,False,False,Soekarno-Hatta International Airport,CGK
Kuala Lumpur International Airport,KUL,2024-08-13 17:00,Soekarno–Hatta International Airport,CGK,2024-08-13 18:05,125,KLM,Premium Economy,125,,,126,Y,Y,Y,2,12,2,23,Tuesday,False,False,False,Soekarno-Hatta International Airport,CGK
Kuala Lumpur International Airport,KUL,2024-08-15 17:00,Soekarno–Hatta International Airport,CGK,2024-08-15 18:05,125,KLM,Premium Economy,125,,,126,Y,Y,Y,2,12,2,23,Thursday,False,False,False,Soekarno-Hatta International Airport,CGK
Kuala Lumpur International Airport,KUL,2024-08-17 17:00,Soekarno–Hatta International Airport,CGK,2024-08-17 18:05,125,KLM,Premium Economy,125,,,126,Y,Y,Y,2,12,2,23,Saturday,False,False,True,Soekarno-Hatta International Airport,CGK
Kuala Lumpur International Airport,KUL,2024-08-18 17:00,Soekarno–Hatta International Airport,CGK,2024-08-18 18:05,125,KLM,Premium Economy,125,,,133,Y,Y,Y,2,12,2,23,Sunday,False,False,False,Soekarno-Hatta International Airport,CGK
Kuala Lumpur International Airport,KUL,2024-08-19 17:00,Soekarno–Hatta International Airport,CGK,2024-08-19 18:05,125,KLM,Premium Economy,125,,,126,Y,Y,Y,2,12,2,23,Monday,False,False,False,Soekarno-Hatta International Airport,CGK
Kuala Lumpur International Airport,KUL,2024-08-20 17:00,Soekarno–Hatta International Airport,CGK,2024-08-20 18:05,125,KLM,Premium Economy,125,,,126,Y,Y,Y,2,12,2,23,Tuesday,False,False,False,Soekarno-Hatta International Airport,CGK
Kuala Lumpur International Airport,KUL,2024-08-22 17:00,Soekarno–Hatta International Airport,CGK,2024-08-22 18:05,125,KLM,Premium Economy,125,,,126,Y,Y,Y,2,12,2,23,Thursday,False,False,False,Soekarno-Hatta International Airport,CGK
Kuala Lumpur International Airport,KUL,2024-08-24 17:00,Soekarno–Hatta International Airport,CGK,2024-08-24 18:05,125,KLM,Premium Economy,125,,,126,Y,Y,Y,2,12,2,23,Saturday,False,False,False,Soekarno-Hatta International Airport,CGK
Kuala Lumpur International Airport,KUL,2024-08-25 17:00,Soekarno–Hatta International Airport,CGK,2024-08-25 18:05,125,KLM,Premium Economy,125,,,133,Y,Y,Y,2,12,2,23,Sunday,False,False,False,Soekarno-Hatta International Airport,CGK
Kuala Lumpur International Airport,KUL,2024-08-26 17:00,Soekarno–Hatta International Airport,CGK,2024-08-26 18:05,125,KLM,Premium Economy,125,,,208,Y,Y,Y,2,12,2,23,Monday,False,False,False,Soekarno-Hatta International Airport,CGK
Kuala Lumpur International Airport,KUL,2024-08-27 17:00,Soekarno–Hatta International Airport,CGK,2024-08-27 18:05,125,KLM,Premium Economy,125,,,126,Y,Y,Y,2,12,2,23,Tuesday,False,False,False,Soekarno-Hatta International Airport,CGK
Kuala Lumpur International Airport,KUL,2024-08-29 17:00,Soekarno–Hatta International Airport,CGK,2024-08-29 18:05,125,KLM,Premium Economy,125,,,126,Y,Y,Y,2,12,2,23,Thursday,False,False,False,Soekarno-Hatta International Airport,CGK
Kuala Lumpur International Airport,KUL,2024-08-31 17:00,Soekarno–Hatta International Airport,CGK,2024-08-31 18:05,125,KLM,Premium Economy,125,,,126,Y,Y,Y,2,12,2,23,Saturday,False,True,False,Soekarno-Hatta International Airport,CGK
