Departure Airport Name,Departure Airport ID,Departure Time,Arrival Airport Name,Arrival Airport ID,Arrival Time,Duration,Airline,Travel Class,Total Duration,Layover 1 Duration,Layover 1 Overnight,Price, Cabin Baggage, Checked Baggage,Meal Included,Cabin Baggage (Number),Cabin Baggage (kg per piece),Checked Baggage (Number),Checked Baggage (kg per piece),Day of Week (on flight date),Overnight Flight,Departure Country Is Holiday,Arrival Country Is Holiday,Final Arrival Airport Name,Final Arrival Airport ID
Kuala Lumpur International Airport,KUL,2024-07-01 01:55,Shanghai Pudong International Airport,PVG,2024-07-01 07:30,335,China Eastern,Premium Economy,1285,710,,457,Y,Y,Y,1,8,1,20,Monday,False,False,False,Wattay International Airport,VTE
Kuala Lumpur International Airport,KUL,2024-07-02 01:55,Shanghai Pudong International Airport,PVG,2024-07-02 07:30,335,China Eastern,Premium Economy,1285,710,,756,Y,Y,Y,1,8,1,20,Tuesday,False,False,False,Wattay International Airport,VTE
Kuala Lumpur International Airport,KUL,2024-07-03 01:55,Shanghai Pudong International Airport,PVG,2024-07-03 07:30,335,China Eastern,Premium Economy,1285,710,,756,Y,Y,Y,1,8,1,20,Wednesday,False,False,False,Wattay International Airport,VTE
Kuala Lumpur International Airport,KUL,2024-07-04 01:55,Shanghai Pudong International Airport,PVG,2024-07-04 07:30,335,China Eastern,Premium Economy,1285,710,,756,Y,Y,Y,1,8,1,20,Thursday,False,False,False,Wattay International Airport,VTE
Kuala Lumpur International Airport,KUL,2024-07-05 01:55,Shanghai Pudong International Airport,PVG,2024-07-05 07:30,335,China Eastern,Premium Economy,1285,710,,756,Y,Y,Y,1,8,1,20,Friday,False,False,False,Wattay International Airport,VTE
Kuala Lumpur International Airport,KUL,2024-07-06 01:55,Shanghai Pudong International Airport,PVG,2024-07-06 07:30,335,China Eastern,Premium Economy,1285,710,,701,Y,Y,Y,1,8,1,20,Saturday,False,False,False,Wattay International Airport,VTE
Kuala Lumpur International Airport,KUL,2024-07-07 01:55,Shanghai Pudong International Airport,PVG,2024-07-07 07:30,335,China Eastern,Premium Economy,1285,710,,507,Y,Y,Y,1,8,1,20,Sunday,False,True,False,Wattay International Airport,VTE
Kuala Lumpur International Airport,KUL,2024-07-08 01:55,Shanghai Pudong International Airport,PVG,2024-07-08 07:30,335,China Eastern,Premium Economy,1285,710,,701,Y,Y,Y,1,8,1,20,Monday,False,True,False,Wattay International Airport,VTE
Kuala Lumpur International Airport,KUL,2024-07-09 01:55,Shanghai Pudong International Airport,PVG,2024-07-09 07:30,335,China Eastern,Premium Economy,1285,710,,701,Y,Y,Y,1,8,1,20,Tuesday,False,False,False,Wattay International Airport,VTE
Kuala Lumpur International Airport,KUL,2024-07-10 01:55,Shanghai Pudong International Airport,PVG,2024-07-10 07:30,335,China Eastern,Premium Economy,1285,710,,701,Y,Y,Y,1,8,1,20,Wednesday,False,False,False,Wattay International Airport,VTE
Kuala Lumpur International Airport,KUL,2024-07-11 01:55,Shanghai Pudong International Airport,PVG,2024-07-11 07:30,335,China Eastern,Premium Economy,1285,710,,729,Y,Y,Y,1,8,1,20,Thursday,False,False,False,Wattay International Airport,VTE
Kuala Lumpur International Airport,KUL,2024-07-12 01:55,Shanghai Pudong International Airport,PVG,2024-07-12 07:30,335,China Eastern,Premium Economy,1285,710,,729,Y,Y,Y,1,8,1,20,Friday,False,False,False,Wattay International Airport,VTE
Kuala Lumpur International Airport,KUL,2024-07-13 01:55,Shanghai Pudong International Airport,PVG,2024-07-13 07:30,335,China Eastern,Premium Economy,1285,710,,729,Y,Y,Y,1,8,1,20,Saturday,False,False,False,Wattay International Airport,VTE
Kuala Lumpur International Airport,KUL,2024-07-14 01:55,Shanghai Pudong International Airport,PVG,2024-07-14 07:30,335,China Eastern,Premium Economy,1285,710,,796,Y,Y,Y,1,8,1,20,Sunday,False,False,False,Wattay International Airport,VTE
Kuala Lumpur International Airport,KUL,2024-07-15 01:55,Shanghai Pudong International Airport,PVG,2024-07-15 07:30,335,China Eastern,Premium Economy,1285,710,,511,Y,Y,Y,1,8,1,20,Monday,False,False,False,Wattay International Airport,VTE
Kuala Lumpur International Airport,KUL,2024-07-16 01:55,Shanghai Pudong International Airport,PVG,2024-07-16 07:30,335,China Eastern,Premium Economy,1285,710,,729,Y,Y,Y,1,8,1,20,Tuesday,False,False,False,Wattay International Airport,VTE
Kuala Lumpur International Airport,KUL,2024-07-17 01:55,Shanghai Pudong International Airport,PVG,2024-07-17 07:30,335,China Eastern,Premium Economy,1285,710,,729,Y,Y,Y,1,8,1,20,Wednesday,False,False,False,Wattay International Airport,VTE
Kuala Lumpur International Airport,KUL,2024-07-18 01:55,Shanghai Pudong International Airport,PVG,2024-07-18 07:30,335,China Eastern,Premium Economy,1285,710,,511,Y,Y,Y,1,8,1,20,Thursday,False,False,False,Wattay International Airport,VTE
Kuala Lumpur International Airport,KUL,2024-07-19 01:55,Shanghai Pudong International Airport,PVG,2024-07-19 07:30,335,China Eastern,Premium Economy,1285,710,,729,Y,Y,Y,1,8,1,20,Friday,False,False,False,Wattay International Airport,VTE
Kuala Lumpur International Airport,KUL,2024-07-20 01:55,Shanghai Pudong International Airport,PVG,2024-07-20 07:30,335,China Eastern,Premium Economy,1285,710,,729,Y,Y,Y,1,8,1,20,Saturday,False,False,True,Wattay International Airport,VTE
Kuala Lumpur International Airport,KUL,2024-07-21 01:55,Shanghai Pudong International Airport,PVG,2024-07-21 07:30,335,China Eastern,Premium Economy,1285,710,,729,Y,Y,Y,1,8,1,20,Sunday,False,False,False,Wattay International Airport,VTE
Kuala Lumpur International Airport,KUL,2024-07-22 01:55,Shanghai Pudong International Airport,PVG,2024-07-22 07:30,335,China Eastern,Premium Economy,1285,710,,729,Y,Y,Y,1,8,1,20,Monday,False,False,False,Wattay International Airport,VTE
Kuala Lumpur International Airport,KUL,2024-07-23 01:55,Shanghai Pudong International Airport,PVG,2024-07-23 07:30,335,China Eastern,Premium Economy,1285,710,,729,Y,Y,Y,1,8,1,20,Tuesday,False,False,False,Wattay International Airport,VTE
Kuala Lumpur International Airport,KUL,2024-07-24 01:55,Shanghai Pudong International Airport,PVG,2024-07-24 07:30,335,China Eastern,Premium Economy,1285,710,,729,Y,Y,Y,1,8,1,20,Wednesday,False,False,False,Wattay International Airport,VTE
Kuala Lumpur International Airport,KUL,2024-07-25 01:55,Shanghai Pudong International Airport,PVG,2024-07-25 07:30,335,China Eastern,Premium Economy,1285,710,,729,Y,Y,Y,1,8,1,20,Thursday,False,False,False,Wattay International Airport,VTE
Kuala Lumpur International Airport,KUL,2024-07-26 01:55,Shanghai Pudong International Airport,PVG,2024-07-26 07:30,335,China Eastern,Premium Economy,1285,710,,729,Y,Y,Y,1,8,1,20,Friday,False,False,False,Wattay International Airport,VTE
Kuala Lumpur International Airport,KUL,2024-07-27 01:55,Shanghai Pudong International Airport,PVG,2024-07-27 07:30,335,China Eastern,Premium Economy,1285,710,,729,Y,Y,Y,1,8,1,20,Saturday,False,False,False,Wattay International Airport,VTE
Kuala Lumpur International Airport,KUL,2024-07-28 01:55,Shanghai Pudong International Airport,PVG,2024-07-28 07:30,335,China Eastern,Premium Economy,1285,710,,729,Y,Y,Y,1,8,1,20,Sunday,False,False,False,Wattay International Airport,VTE
Kuala Lumpur International Airport,KUL,2024-07-29 01:55,Shanghai Pudong International Airport,PVG,2024-07-29 07:30,335,China Eastern,Premium Economy,1285,710,,729,Y,Y,Y,1,8,1,20,Monday,False,False,False,Wattay International Airport,VTE
Kuala Lumpur International Airport,KUL,2024-07-30 01:55,Shanghai Pudong International Airport,PVG,2024-07-30 07:30,335,China Eastern,Premium Economy,1285,710,,729,Y,Y,Y,1,8,1,20,Tuesday,False,False,False,Wattay International Airport,VTE
Kuala Lumpur International Airport,KUL,2024-07-31 01:55,Shanghai Pudong International Airport,PVG,2024-07-31 07:30,335,China Eastern,Premium Economy,1285,710,,511,Y,Y,Y,1,8,1,20,Wednesday,False,False,False,Wattay International Airport,VTE
Kuala Lumpur International Airport,KUL,2024-08-01 01:55,Shanghai Pudong International Airport,PVG,2024-08-01 07:30,335,China Eastern,Premium Economy,1285,710,,796,Y,Y,Y,1,8,1,20,Thursday,False,False,False,Wattay International Airport,VTE
Kuala Lumpur International Airport,KUL,2024-08-02 01:55,Shanghai Pudong International Airport,PVG,2024-08-02 07:30,335,China Eastern,Premium Economy,1285,710,,796,Y,Y,Y,1,8,1,20,Friday,False,False,False,Wattay International Airport,VTE
Kuala Lumpur International Airport,KUL,2024-08-03 01:55,Shanghai Pudong International Airport,PVG,2024-08-03 07:30,335,China Eastern,Premium Economy,1285,710,,796,Y,Y,Y,1,8,1,20,Saturday,False,False,False,Wattay International Airport,VTE
Kuala Lumpur International Airport,KUL,2024-08-03 16:15,Shanghai Pudong International Airport,PVG,2024-08-03 21:50,335,Shanghai Airlines,Premium Economy,1865,1290,True,920,Y,Y,Y,1,5,2,32,Saturday,False,False,False,Wattay International Airport,VTE
Kuala Lumpur International Airport,KUL,2024-08-04 01:55,Shanghai Pudong International Airport,PVG,2024-08-04 07:30,335,China Eastern,Premium Economy,1285,710,,796,Y,Y,Y,1,8,1,20,Sunday,False,False,False,Wattay International Airport,VTE
Kuala Lumpur International Airport,KUL,2024-08-05 01:55,Shanghai Pudong International Airport,PVG,2024-08-05 07:30,335,China Eastern,Premium Economy,1285,710,,796,Y,Y,Y,1,8,1,20,Monday,False,False,False,Wattay International Airport,VTE
Kuala Lumpur International Airport,KUL,2024-08-05 16:15,Shanghai Pudong International Airport,PVG,2024-08-05 21:50,335,Shanghai Airlines,Premium Economy,1865,1290,True,920,Y,Y,Y,1,5,2,32,Monday,False,False,False,Wattay International Airport,VTE
Kuala Lumpur International Airport,KUL,2024-08-06 01:55,Shanghai Pudong International Airport,PVG,2024-08-06 07:30,335,China Eastern,Premium Economy,1285,710,,796,Y,Y,Y,1,8,1,20,Tuesday,False,False,False,Wattay International Airport,VTE
Kuala Lumpur International Airport,KUL,2024-08-07 01:55,Shanghai Pudong International Airport,PVG,2024-08-07 07:30,335,China Eastern,Premium Economy,1285,710,,796,Y,Y,Y,1,8,1,20,Wednesday,False,False,False,Wattay International Airport,VTE
Kuala Lumpur International Airport,KUL,2024-08-08 01:55,Shanghai Pudong International Airport,PVG,2024-08-08 07:30,335,China Eastern,Premium Economy,1285,710,,796,Y,Y,Y,1,8,1,20,Thursday,False,False,False,Wattay International Airport,VTE
Kuala Lumpur International Airport,KUL,2024-08-09 01:55,Shanghai Pudong International Airport,PVG,2024-08-09 07:30,335,China Eastern,Premium Economy,1285,710,,796,Y,Y,Y,1,8,1,20,Friday,False,False,False,Wattay International Airport,VTE
Kuala Lumpur International Airport,KUL,2024-08-10 01:55,Shanghai Pudong International Airport,PVG,2024-08-10 07:30,335,China Eastern,Premium Economy,1285,710,,796,Y,Y,Y,1,8,1,20,Saturday,False,False,False,Wattay International Airport,VTE
Kuala Lumpur International Airport,KUL,2024-08-11 01:55,Shanghai Pudong International Airport,PVG,2024-08-11 07:30,335,China Eastern,Premium Economy,1285,710,,796,Y,Y,Y,1,8,1,20,Sunday,False,False,False,Wattay International Airport,VTE
Kuala Lumpur International Airport,KUL,2024-08-12 01:55,Shanghai Pudong International Airport,PVG,2024-08-12 07:30,335,China Eastern,Premium Economy,1285,710,,796,Y,Y,Y,1,8,1,20,Monday,False,False,False,Wattay International Airport,VTE
Kuala Lumpur International Airport,KUL,2024-08-13 01:55,Shanghai Pudong International Airport,PVG,2024-08-13 07:30,335,China Eastern,Premium Economy,1285,710,,796,Y,Y,Y,1,8,1,20,Tuesday,False,False,False,Wattay International Airport,VTE
Kuala Lumpur International Airport,KUL,2024-08-14 01:55,Shanghai Pudong International Airport,PVG,2024-08-14 07:30,335,China Eastern,Premium Economy,1285,710,,796,Y,Y,Y,1,8,1,20,Wednesday,False,False,False,Wattay International Airport,VTE
Kuala Lumpur International Airport,KUL,2024-08-15 01:55,Shanghai Pudong International Airport,PVG,2024-08-15 07:30,335,China Eastern,Premium Economy,1285,710,,796,Y,Y,Y,1,8,1,20,Thursday,False,False,False,Wattay International Airport,VTE
Kuala Lumpur International Airport,KUL,2024-08-15 16:15,Shanghai Pudong International Airport,PVG,2024-08-15 21:50,335,Shanghai Airlines,Premium Economy,1865,1290,True,854,Y,Y,Y,1,5,2,32,Thursday,False,False,False,Wattay International Airport,VTE
Kuala Lumpur International Airport,KUL,2024-08-16 01:55,Shanghai Pudong International Airport,PVG,2024-08-16 07:30,335,China Eastern,Premium Economy,1285,710,,796,Y,Y,Y,1,8,1,20,Friday,False,False,False,Wattay International Airport,VTE
Kuala Lumpur International Airport,KUL,2024-08-17 01:55,Shanghai Pudong International Airport,PVG,2024-08-17 07:30,335,China Eastern,Premium Economy,1285,710,,796,Y,Y,Y,1,8,1,20,Saturday,False,False,False,Wattay International Airport,VTE
Kuala Lumpur International Airport,KUL,2024-08-17 16:15,Shanghai Pudong International Airport,PVG,2024-08-17 21:50,335,Shanghai Airlines,Premium Economy,1865,1290,True,920,Y,Y,Y,1,5,2,32,Saturday,False,False,False,Wattay International Airport,VTE
Kuala Lumpur International Airport,KUL,2024-08-18 01:55,Shanghai Pudong International Airport,PVG,2024-08-18 07:30,335,China Eastern,Premium Economy,1285,710,,796,Y,Y,Y,1,8,1,20,Sunday,False,False,False,Wattay International Airport,VTE
Kuala Lumpur International Airport,KUL,2024-08-19 01:55,Shanghai Pudong International Airport,PVG,2024-08-19 07:30,335,China Eastern,Premium Economy,1285,710,,796,Y,Y,Y,1,8,1,20,Monday,False,False,False,Wattay International Airport,VTE
Kuala Lumpur International Airport,KUL,2024-08-20 01:55,Shanghai Pudong International Airport,PVG,2024-08-20 07:30,335,China Eastern,Premium Economy,1285,710,,796,Y,Y,Y,1,8,1,20,Tuesday,False,False,False,Wattay International Airport,VTE
Kuala Lumpur International Airport,KUL,2024-08-21 01:55,Shanghai Pudong International Airport,PVG,2024-08-21 07:30,335,China Eastern,Premium Economy,1285,710,,756,Y,Y,Y,1,8,1,20,Wednesday,False,False,False,Wattay International Airport,VTE
Kuala Lumpur International Airport,KUL,2024-08-22 01:55,Shanghai Pudong International Airport,PVG,2024-08-22 07:30,335,China Eastern,Premium Economy,1285,710,,756,Y,Y,Y,1,8,1,20,Thursday,False,False,False,Wattay International Airport,VTE
Kuala Lumpur International Airport,KUL,2024-08-23 01:55,Shanghai Pudong International Airport,PVG,2024-08-23 07:30,335,China Eastern,Premium Economy,1285,710,,756,Y,Y,Y,1,8,1,20,Friday,False,False,False,Wattay International Airport,VTE
Kuala Lumpur International Airport,KUL,2024-08-24 01:55,Shanghai Pudong International Airport,PVG,2024-08-24 07:30,335,China Eastern,Premium Economy,1285,710,,756,Y,Y,Y,1,8,1,20,Saturday,False,False,False,Wattay International Airport,VTE
Kuala Lumpur International Airport,KUL,2024-08-25 01:55,Shanghai Pudong International Airport,PVG,2024-08-25 07:30,335,China Eastern,Premium Economy,1285,710,,756,Y,Y,Y,1,8,1,20,Sunday,False,False,False,Wattay International Airport,VTE
Kuala Lumpur International Airport,KUL,2024-08-26 01:55,Shanghai Pudong International Airport,PVG,2024-08-26 07:30,335,China Eastern,Premium Economy,1285,710,,756,Y,Y,Y,1,8,1,20,Monday,False,False,False,Wattay International Airport,VTE
Kuala Lumpur International Airport,KUL,2024-08-27 01:55,Shanghai Pudong International Airport,PVG,2024-08-27 07:30,335,China Eastern,Premium Economy,1285,710,,756,Y,Y,Y,1,8,1,20,Tuesday,False,False,False,Wattay International Airport,VTE
Kuala Lumpur International Airport,KUL,2024-08-28 01:55,Shanghai Pudong International Airport,PVG,2024-08-28 07:30,335,China Eastern,Premium Economy,1285,710,,756,Y,Y,Y,1,8,1,20,Wednesday,False,False,False,Wattay International Airport,VTE
Kuala Lumpur International Airport,KUL,2024-08-29 01:55,Shanghai Pudong International Airport,PVG,2024-08-29 07:30,335,China Eastern,Premium Economy,1285,710,,756,Y,Y,Y,1,8,1,20,Thursday,False,False,False,Wattay International Airport,VTE
Kuala Lumpur International Airport,KUL,2024-08-30 01:55,Shanghai Pudong International Airport,PVG,2024-08-30 07:30,335,China Eastern,Premium Economy,1285,710,,756,Y,Y,Y,1,8,1,20,Friday,False,False,False,Wattay International Airport,VTE
Kuala Lumpur International Airport,KUL,2024-08-31 01:55,Shanghai Pudong International Airport,PVG,2024-08-31 07:30,335,China Eastern,Premium Economy,1285,710,,756,Y,Y,Y,1,8,1,20,Saturday,False,True,False,Wattay International Airport,VTE
