Departure Airport Name,Departure Airport ID,Departure Time,Arrival Airport Name,Arrival Airport ID,Arrival Time,Duration,Airline,Travel Class,Total Duration,Layover 1 Duration,Layover 1 Overnight,Price, Cabin Baggage, Checked Baggage,Meal Included,Cabin Baggage (Number),Cabin Baggage (kg per piece),Checked Baggage (Number),Checked Baggage (kg per piece),Day of Week (on flight date),Overnight Flight,Departure Country Is Holiday,Arrival Country Is Holiday,Final Arrival Airport Name,Final Arrival Airport ID
Kuala Lumpur International Airport,KUL,2024-07-01 20:45,Shenzhen Bao'an International Airport,SZX,2024-07-02 01:05,260.0,Shenzhen,Premium Economy,925.0,510.0,True,386.0,Y,Y,Y,1.0,5.0,1.0,20.0,Monday,True,False,False,Phnom Penh International Airport,PNH
Kuala Lumpur International Airport,KUL,2024-07-01 13:25,Guangzhou Baiyun International Airport,CAN,2024-07-01 17:35,250.0,China Southern,Premium Economy,1335.0,920.0,True,396.0,Y,Y,Y,1.0,8.0,2.0,23.0,Monday,False,False,False,Phnom Penh International Airport,PNH
Kuala Lumpur International Airport,KUL,2024-07-01 13:25,Guangzhou Baiyun International Airport,CAN,2024-07-01 17:35,250.0,China Southern,Premium Economy,705.0,275.0,,660.0,Y,Y,Y,1.0,8.0,2.0,23.0,Monday,False,False,False,Phnom Penh International Airport,PNH
Kuala Lumpur International Airport,KUL,2024-07-02 20:45,Shenzhen Bao'an International Airport,SZX,2024-07-03 01:05,260.0,Shenzhen,Premium Economy,925.0,510.0,True,386.0,Y,Y,Y,1.0,5.0,1.0,20.0,Tuesday,True,False,False,Phnom Penh International Airport,PNH
Kuala Lumpur International Airport,KUL,2024-07-03 20:45,Shenzhen Bao'an International Airport,SZX,2024-07-04 01:05,260.0,Shenzhen,Premium Economy,925.0,510.0,True,386.0,Y,Y,Y,1.0,5.0,1.0,20.0,Wednesday,True,False,False,Phnom Penh International Airport,PNH
Kuala Lumpur International Airport,KUL,2024-07-03 13:25,Guangzhou Baiyun International Airport,CAN,2024-07-03 17:35,250.0,China Southern,Premium Economy,705.0,275.0,,660.0,Y,Y,Y,1.0,8.0,2.0,23.0,Wednesday,False,False,False,Phnom Penh International Airport,PNH
Kuala Lumpur International Airport,KUL,2024-07-04 20:45,Shenzhen Bao'an International Airport,SZX,2024-07-05 01:05,260.0,Shenzhen,Premium Economy,925.0,510.0,True,386.0,Y,Y,Y,1.0,5.0,1.0,20.0,Thursday,True,False,False,Phnom Penh International Airport,PNH
Kuala Lumpur International Airport,KUL,2024-07-04 13:25,Guangzhou Baiyun International Airport,CAN,2024-07-04 17:35,250.0,China Southern,Premium Economy,705.0,275.0,,660.0,Y,Y,Y,1.0,8.0,2.0,23.0,Thursday,False,False,False,Phnom Penh International Airport,PNH
Kuala Lumpur International Airport,KUL,2024-07-05 20:45,Shenzhen Bao'an International Airport,SZX,2024-07-06 01:05,260.0,Shenzhen,Premium Economy,925.0,510.0,True,386.0,Y,Y,Y,1.0,5.0,1.0,20.0,Friday,True,False,False,Phnom Penh International Airport,PNH
Kuala Lumpur International Airport,KUL,2024-07-05 13:25,Guangzhou Baiyun International Airport,CAN,2024-07-05 17:35,250.0,China Southern,Premium Economy,705.0,275.0,,660.0,Y,Y,Y,1.0,8.0,2.0,23.0,Friday,False,False,False,Phnom Penh International Airport,PNH
Kuala Lumpur International Airport,KUL,2024-07-06 20:45,Shenzhen Bao'an International Airport,SZX,2024-07-07 01:05,260.0,Shenzhen,Premium Economy,925.0,510.0,True,386.0,Y,Y,Y,1.0,5.0,1.0,20.0,Saturday,True,False,False,Phnom Penh International Airport,PNH
Kuala Lumpur International Airport,KUL,2024-07-06 13:25,Guangzhou Baiyun International Airport,CAN,2024-07-06 17:35,250.0,China Southern,Premium Economy,705.0,275.0,,660.0,Y,Y,Y,1.0,8.0,2.0,23.0,Saturday,False,False,False,Phnom Penh International Airport,PNH
Kuala Lumpur International Airport,KUL,2024-07-07 20:45,Shenzhen Bao'an International Airport,SZX,2024-07-08 01:05,260.0,Shenzhen,Premium Economy,925.0,510.0,True,386.0,Y,Y,Y,1.0,5.0,1.0,20.0,Sunday,True,True,False,Phnom Penh International Airport,PNH
Kuala Lumpur International Airport,KUL,2024-07-07 01:55,Shanghai Pudong International Airport,PVG,2024-07-07 07:30,335.0,China Eastern,Premium Economy,1340.0,750.0,,443.0,Y,Y,Y,1.0,8.0,1.0,20.0,Sunday,False,True,False,Phnom Penh International Airport,PNH
Kuala Lumpur International Airport,KUL,2024-07-07 13:25,Guangzhou Baiyun International Airport,CAN,2024-07-07 17:35,250.0,China Southern,Premium Economy,705.0,275.0,,660.0,Y,Y,Y,1.0,8.0,2.0,23.0,Sunday,False,True,False,Phnom Penh International Airport,PNH
Kuala Lumpur International Airport,KUL,2024-07-08 20:45,Shenzhen Bao'an International Airport,SZX,2024-07-09 01:05,260.0,Shenzhen,Premium Economy,925.0,510.0,True,386.0,Y,Y,Y,1.0,5.0,1.0,20.0,Monday,True,True,False,Phnom Penh International Airport,PNH
Kuala Lumpur International Airport,KUL,2024-07-08 13:25,Guangzhou Baiyun International Airport,CAN,2024-07-08 17:35,250.0,China Southern,Premium Economy,1335.0,920.0,True,396.0,Y,Y,Y,1.0,8.0,2.0,23.0,Monday,False,True,False,Phnom Penh International Airport,PNH
Kuala Lumpur International Airport,KUL,2024-07-08 13:25,Guangzhou Baiyun International Airport,CAN,2024-07-08 17:35,250.0,China Southern,Premium Economy,705.0,275.0,,660.0,Y,Y,Y,1.0,8.0,2.0,23.0,Monday,False,True,False,Phnom Penh International Airport,PNH
Kuala Lumpur International Airport,KUL,2024-07-09 20:45,Shenzhen Bao'an International Airport,SZX,2024-07-10 01:05,260.0,Shenzhen,Premium Economy,925.0,510.0,True,386.0,Y,Y,Y,1.0,5.0,1.0,20.0,Tuesday,True,False,False,Phnom Penh International Airport,PNH
Kuala Lumpur International Airport,KUL,2024-07-09 13:25,Guangzhou Baiyun International Airport,CAN,2024-07-09 17:35,250.0,China Southern,Premium Economy,705.0,275.0,,396.0,Y,Y,Y,1.0,8.0,2.0,23.0,Tuesday,False,False,False,Phnom Penh International Airport,PNH
Kuala Lumpur International Airport,KUL,2024-07-10 20:45,Shenzhen Bao'an International Airport,SZX,2024-07-11 01:05,260.0,Shenzhen,Premium Economy,925.0,510.0,True,386.0,Y,Y,Y,1.0,5.0,1.0,20.0,Wednesday,True,False,False,Phnom Penh International Airport,PNH
Kuala Lumpur International Airport,KUL,2024-07-10 01:55,Shanghai Pudong International Airport,PVG,2024-07-10 07:30,335.0,China Eastern,Premium Economy,1340.0,750.0,,441.0,Y,Y,Y,1.0,8.0,1.0,20.0,Wednesday,False,False,False,Phnom Penh International Airport,PNH
Kuala Lumpur International Airport,KUL,2024-07-10 13:25,Guangzhou Baiyun International Airport,CAN,2024-07-10 17:35,250.0,China Southern,Premium Economy,705.0,275.0,,660.0,Y,Y,Y,1.0,8.0,2.0,23.0,Wednesday,False,False,False,Phnom Penh International Airport,PNH
Kuala Lumpur International Airport,KUL,2024-07-11 20:45,Shenzhen Bao'an International Airport,SZX,2024-07-12 01:05,260.0,Shenzhen,Premium Economy,925.0,510.0,True,437.0,Y,Y,Y,1.0,5.0,1.0,20.0,Thursday,True,False,False,Phnom Penh International Airport,PNH
Kuala Lumpur International Airport,KUL,2024-07-11 13:25,Guangzhou Baiyun International Airport,CAN,2024-07-11 17:35,250.0,China Southern,Premium Economy,705.0,275.0,,660.0,Y,Y,Y,1.0,8.0,2.0,23.0,Thursday,False,False,False,Phnom Penh International Airport,PNH
Kuala Lumpur International Airport,KUL,2024-07-12 20:45,Shenzhen Bao'an International Airport,SZX,2024-07-13 01:05,260.0,Shenzhen,Premium Economy,925.0,510.0,True,437.0,Y,Y,Y,1.0,5.0,1.0,20.0,Friday,True,False,False,Phnom Penh International Airport,PNH
Kuala Lumpur International Airport,KUL,2024-07-12 13:25,Guangzhou Baiyun International Airport,CAN,2024-07-12 17:35,250.0,China Southern,Premium Economy,705.0,275.0,,660.0,Y,Y,Y,1.0,8.0,2.0,23.0,Friday,False,False,False,Phnom Penh International Airport,PNH
Kuala Lumpur International Airport,KUL,2024-07-13 20:45,Shenzhen Bao'an International Airport,SZX,2024-07-14 01:05,260.0,Shenzhen,Premium Economy,925.0,510.0,True,437.0,Y,Y,Y,1.0,5.0,1.0,20.0,Saturday,True,False,False,Phnom Penh International Airport,PNH
Kuala Lumpur International Airport,KUL,2024-07-13 13:25,Guangzhou Baiyun International Airport,CAN,2024-07-13 17:35,250.0,China Southern,Premium Economy,705.0,275.0,,660.0,Y,Y,Y,1.0,8.0,2.0,23.0,Saturday,False,False,False,Phnom Penh International Airport,PNH
Kuala Lumpur International Airport,KUL,2024-07-14 20:45,Shenzhen Bao'an International Airport,SZX,2024-07-15 01:05,260.0,Shenzhen,Premium Economy,925.0,510.0,True,437.0,Y,Y,Y,1.0,5.0,1.0,20.0,Sunday,True,False,False,Phnom Penh International Airport,PNH
Kuala Lumpur International Airport,KUL,2024-07-14 01:55,Shanghai Pudong International Airport,PVG,2024-07-14 07:30,335.0,China Eastern,Premium Economy,1340.0,750.0,,443.0,Y,Y,Y,1.0,8.0,1.0,20.0,Sunday,False,False,False,Phnom Penh International Airport,PNH
Kuala Lumpur International Airport,KUL,2024-07-14 13:25,Guangzhou Baiyun International Airport,CAN,2024-07-14 17:35,250.0,China Southern,Premium Economy,705.0,275.0,,660.0,Y,Y,Y,1.0,8.0,2.0,23.0,Sunday,False,False,False,Phnom Penh International Airport,PNH
Kuala Lumpur International Airport,KUL,2024-07-14 13:25,Guangzhou Baiyun International Airport,CAN,2024-07-14 17:35,250.0,China Southern,Premium Economy,1335.0,925.0,True,396.0,Y,Y,Y,1.0,8.0,2.0,23.0,Sunday,False,False,False,Phnom Penh International Airport,PNH
Kuala Lumpur International Airport,KUL,2024-07-15 20:45,Shenzhen Bao'an International Airport,SZX,2024-07-16 01:05,260.0,Shenzhen,Premium Economy,925.0,510.0,True,437.0,Y,Y,Y,1.0,5.0,1.0,20.0,Monday,True,False,False,Phnom Penh International Airport,PNH
Kuala Lumpur International Airport,KUL,2024-07-15 01:55,Shanghai Pudong International Airport,PVG,2024-07-15 07:30,335.0,China Eastern,Premium Economy,1340.0,750.0,,441.0,Y,Y,Y,1.0,8.0,1.0,20.0,Monday,False,False,False,Phnom Penh International Airport,PNH
Kuala Lumpur International Airport,KUL,2024-07-15 13:25,Guangzhou Baiyun International Airport,CAN,2024-07-15 17:35,250.0,China Southern,Premium Economy,705.0,275.0,,660.0,Y,Y,Y,1.0,8.0,2.0,23.0,Monday,False,False,False,Phnom Penh International Airport,PNH
Kuala Lumpur International Airport,KUL,2024-07-15 13:25,Guangzhou Baiyun International Airport,CAN,2024-07-15 17:35,250.0,China Southern,Premium Economy,1335.0,920.0,True,396.0,Y,Y,Y,1.0,8.0,2.0,23.0,Monday,False,False,False,Phnom Penh International Airport,PNH
Kuala Lumpur International Airport,KUL,2024-07-16 20:45,Shenzhen Bao'an International Airport,SZX,2024-07-17 01:05,260.0,Shenzhen,Premium Economy,925.0,510.0,True,473.0,Y,Y,Y,1.0,5.0,1.0,20.0,Tuesday,True,False,False,Phnom Penh International Airport,PNH
Kuala Lumpur International Airport,KUL,2024-07-17 01:55,Shanghai Pudong International Airport,PVG,2024-07-17 07:30,335.0,China Eastern,Premium Economy,1340.0,750.0,,441.0,Y,Y,Y,1.0,8.0,1.0,20.0,Wednesday,False,False,False,Phnom Penh International Airport,PNH
Kuala Lumpur International Airport,KUL,2024-07-17 20:45,Shenzhen Bao'an International Airport,SZX,2024-07-18 01:05,260.0,Shenzhen,Premium Economy,925.0,510.0,True,473.0,Y,Y,Y,1.0,5.0,1.0,20.0,Wednesday,True,False,False,Phnom Penh International Airport,PNH
Kuala Lumpur International Airport,KUL,2024-07-17 13:25,Guangzhou Baiyun International Airport,CAN,2024-07-17 17:35,250.0,China Southern,Premium Economy,705.0,275.0,,660.0,Y,Y,Y,1.0,8.0,2.0,23.0,Wednesday,False,False,False,Phnom Penh International Airport,PNH
Kuala Lumpur International Airport,KUL,2024-07-18 20:45,Shenzhen Bao'an International Airport,SZX,2024-07-19 01:05,260.0,Shenzhen,Premium Economy,925.0,510.0,True,473.0,Y,Y,Y,1.0,5.0,1.0,20.0,Thursday,True,False,False,Phnom Penh International Airport,PNH
Kuala Lumpur International Airport,KUL,2024-07-19 20:45,Shenzhen Bao'an International Airport,SZX,2024-07-20 01:05,260.0,Shenzhen,Premium Economy,925.0,510.0,True,473.0,Y,Y,Y,1.0,5.0,1.0,20.0,Friday,True,False,False,Phnom Penh International Airport,PNH
Kuala Lumpur International Airport,KUL,2024-07-19 13:25,Guangzhou Baiyun International Airport,CAN,2024-07-19 17:35,250.0,China Southern,Premium Economy,705.0,275.0,,660.0,Y,Y,Y,1.0,8.0,2.0,23.0,Friday,False,False,False,Phnom Penh International Airport,PNH
Kuala Lumpur International Airport,KUL,2024-07-20 20:45,Shenzhen Bao'an International Airport,SZX,2024-07-21 01:05,260.0,Shenzhen,Premium Economy,925.0,510.0,True,473.0,Y,Y,Y,1.0,5.0,1.0,20.0,Saturday,True,False,False,Phnom Penh International Airport,PNH
Kuala Lumpur International Airport,KUL,2024-07-21 01:55,Shanghai Pudong International Airport,PVG,2024-07-21 07:30,335.0,China Eastern,Premium Economy,1340.0,750.0,,441.0,Y,Y,Y,1.0,8.0,1.0,20.0,Sunday,False,False,False,Phnom Penh International Airport,PNH
Kuala Lumpur International Airport,KUL,2024-07-21 20:45,Shenzhen Bao'an International Airport,SZX,2024-07-22 01:05,260.0,Shenzhen,Premium Economy,925.0,510.0,True,473.0,Y,Y,Y,1.0,5.0,1.0,20.0,Sunday,True,False,False,Phnom Penh International Airport,PNH
Kuala Lumpur International Airport,KUL,2024-07-22 01:55,Shanghai Pudong International Airport,PVG,2024-07-22 07:30,335.0,China Eastern,Premium Economy,1340.0,750.0,,441.0,Y,Y,Y,1.0,8.0,1.0,20.0,Monday,False,False,False,Phnom Penh International Airport,PNH
Kuala Lumpur International Airport,KUL,2024-07-22 20:45,Shenzhen Bao'an International Airport,SZX,2024-07-23 01:05,260.0,Shenzhen,Premium Economy,925.0,510.0,True,473.0,Y,Y,Y,1.0,5.0,1.0,20.0,Monday,True,False,False,Phnom Penh International Airport,PNH
Kuala Lumpur International Airport,KUL,2024-07-23 01:55,Shanghai Pudong International Airport,PVG,2024-07-23 07:30,335.0,China Eastern,Premium Economy,1340.0,750.0,,441.0,Y,Y,Y,1.0,8.0,1.0,20.0,Tuesday,False,False,False,Phnom Penh International Airport,PNH
Kuala Lumpur International Airport,KUL,2024-07-23 20:45,Shenzhen Bao'an International Airport,SZX,2024-07-24 01:05,260.0,Shenzhen,Premium Economy,925.0,510.0,True,473.0,Y,Y,Y,1.0,5.0,1.0,20.0,Tuesday,True,False,False,Phnom Penh International Airport,PNH
Kuala Lumpur International Airport,KUL,2024-07-24 01:55,Shanghai Pudong International Airport,PVG,2024-07-24 07:30,335.0,China Eastern,Premium Economy,1340.0,750.0,,441.0,Y,Y,Y,1.0,8.0,1.0,20.0,Wednesday,False,False,False,Phnom Penh International Airport,PNH
Kuala Lumpur International Airport,KUL,2024-07-24 20:45,Shenzhen Bao'an International Airport,SZX,2024-07-25 01:05,260.0,Shenzhen,Premium Economy,925.0,510.0,True,473.0,Y,Y,Y,1.0,5.0,1.0,20.0,Wednesday,True,False,False,Phnom Penh International Airport,PNH
Kuala Lumpur International Airport,KUL,2024-07-24 13:25,Guangzhou Baiyun International Airport,CAN,2024-07-24 17:35,250.0,China Southern,Premium Economy,705.0,275.0,,660.0,Y,Y,Y,1.0,8.0,2.0,23.0,Wednesday,False,False,False,Phnom Penh International Airport,PNH
Kuala Lumpur International Airport,KUL,2024-07-25 01:55,Shanghai Pudong International Airport,PVG,2024-07-25 07:30,335.0,China Eastern,Premium Economy,1340.0,750.0,,441.0,Y,Y,Y,1.0,8.0,1.0,20.0,Thursday,False,False,False,Phnom Penh International Airport,PNH
Kuala Lumpur International Airport,KUL,2024-07-25 20:45,Shenzhen Bao'an International Airport,SZX,2024-07-26 01:05,260.0,Shenzhen,Premium Economy,925.0,510.0,True,473.0,Y,Y,Y,1.0,5.0,1.0,20.0,Thursday,True,False,False,Phnom Penh International Airport,PNH
Kuala Lumpur International Airport,KUL,2024-07-25 13:25,Guangzhou Baiyun International Airport,CAN,2024-07-25 17:35,250.0,China Southern,Premium Economy,705.0,275.0,,660.0,Y,Y,Y,1.0,8.0,2.0,23.0,Thursday,False,False,False,Phnom Penh International Airport,PNH
Kuala Lumpur International Airport,KUL,2024-07-26 01:55,Shanghai Pudong International Airport,PVG,2024-07-26 07:30,335.0,China Eastern,Premium Economy,1340.0,750.0,,441.0,Y,Y,Y,1.0,8.0,1.0,20.0,Friday,False,False,False,Phnom Penh International Airport,PNH
Kuala Lumpur International Airport,KUL,2024-07-26 20:45,Shenzhen Bao'an International Airport,SZX,2024-07-27 01:05,260.0,Shenzhen,Premium Economy,925.0,510.0,True,473.0,Y,Y,Y,1.0,5.0,1.0,20.0,Friday,True,False,False,Phnom Penh International Airport,PNH
Kuala Lumpur International Airport,KUL,2024-07-26 13:25,Guangzhou Baiyun International Airport,CAN,2024-07-26 17:35,250.0,China Southern,Premium Economy,705.0,275.0,,660.0,Y,Y,Y,1.0,8.0,2.0,23.0,Friday,False,False,False,Phnom Penh International Airport,PNH
Kuala Lumpur International Airport,KUL,2024-07-27 01:55,Shanghai Pudong International Airport,PVG,2024-07-27 07:30,335.0,China Eastern,Premium Economy,1340.0,750.0,,441.0,Y,Y,Y,1.0,8.0,1.0,20.0,Saturday,False,False,False,Phnom Penh International Airport,PNH
Kuala Lumpur International Airport,KUL,2024-07-27 20:45,Shenzhen Bao'an International Airport,SZX,2024-07-28 01:05,260.0,Shenzhen,Premium Economy,925.0,510.0,True,473.0,Y,Y,Y,1.0,5.0,1.0,20.0,Saturday,True,False,False,Phnom Penh International Airport,PNH
Kuala Lumpur International Airport,KUL,2024-07-27 13:25,Guangzhou Baiyun International Airport,CAN,2024-07-27 17:35,250.0,China Southern,Premium Economy,705.0,275.0,,660.0,Y,Y,Y,1.0,8.0,2.0,23.0,Saturday,False,False,False,Phnom Penh International Airport,PNH
Kuala Lumpur International Airport,KUL,2024-07-28 01:55,Shanghai Pudong International Airport,PVG,2024-07-28 07:30,335.0,China Eastern,Premium Economy,1340.0,750.0,,441.0,Y,Y,Y,1.0,8.0,1.0,20.0,Sunday,False,False,False,Phnom Penh International Airport,PNH
Kuala Lumpur International Airport,KUL,2024-07-28 20:45,Shenzhen Bao'an International Airport,SZX,2024-07-29 01:05,260.0,Shenzhen,Premium Economy,925.0,510.0,True,473.0,Y,Y,Y,1.0,5.0,1.0,20.0,Sunday,True,False,False,Phnom Penh International Airport,PNH
Kuala Lumpur International Airport,KUL,2024-07-28 13:25,Guangzhou Baiyun International Airport,CAN,2024-07-28 17:35,250.0,China Southern,Premium Economy,705.0,275.0,,660.0,Y,Y,Y,1.0,8.0,2.0,23.0,Sunday,False,False,False,Phnom Penh International Airport,PNH
Kuala Lumpur International Airport,KUL,2024-07-29 01:55,Shanghai Pudong International Airport,PVG,2024-07-29 07:30,335.0,China Eastern,Premium Economy,1340.0,750.0,,441.0,Y,Y,Y,1.0,8.0,1.0,20.0,Monday,False,False,False,Phnom Penh International Airport,PNH
Kuala Lumpur International Airport,KUL,2024-07-29 20:45,Shenzhen Bao'an International Airport,SZX,2024-07-30 01:05,260.0,Shenzhen,Premium Economy,925.0,510.0,True,473.0,Y,Y,Y,1.0,5.0,1.0,20.0,Monday,True,False,False,Phnom Penh International Airport,PNH
Kuala Lumpur International Airport,KUL,2024-07-29 13:25,Guangzhou Baiyun International Airport,CAN,2024-07-29 17:35,250.0,China Southern,Premium Economy,705.0,275.0,,660.0,Y,Y,Y,1.0,8.0,2.0,23.0,Monday,False,False,False,Phnom Penh International Airport,PNH
Kuala Lumpur International Airport,KUL,2024-07-29 13:25,Guangzhou Baiyun International Airport,CAN,2024-07-29 17:35,250.0,China Southern,Premium Economy,1335.0,920.0,True,396.0,Y,Y,Y,1.0,8.0,2.0,23.0,Monday,False,False,False,Phnom Penh International Airport,PNH
Kuala Lumpur International Airport,KUL,2024-07-30 01:55,Shanghai Pudong International Airport,PVG,2024-07-30 07:30,335.0,China Eastern,Premium Economy,1340.0,750.0,,441.0,Y,Y,Y,1.0,8.0,1.0,20.0,Tuesday,False,False,False,Phnom Penh International Airport,PNH
Kuala Lumpur International Airport,KUL,2024-07-30 20:45,Shenzhen Bao'an International Airport,SZX,2024-07-31 01:05,260.0,Shenzhen,Premium Economy,925.0,510.0,True,473.0,Y,Y,Y,1.0,5.0,1.0,20.0,Tuesday,True,False,False,Phnom Penh International Airport,PNH
Kuala Lumpur International Airport,KUL,2024-07-31 01:55,Shanghai Pudong International Airport,PVG,2024-07-31 07:30,335.0,China Eastern,Premium Economy,1340.0,750.0,,441.0,Y,Y,Y,1.0,8.0,1.0,20.0,Wednesday,False,False,False,Phnom Penh International Airport,PNH
Kuala Lumpur International Airport,KUL,2024-07-31 20:45,Shenzhen Bao'an International Airport,SZX,2024-08-01 01:05,260.0,Shenzhen,Premium Economy,925.0,510.0,True,473.0,Y,Y,Y,1.0,5.0,1.0,20.0,Wednesday,True,False,False,Phnom Penh International Airport,PNH
Kuala Lumpur International Airport,KUL,2024-08-01 01:55,Shanghai Pudong International Airport,PVG,2024-08-01 07:30,335.0,China Eastern,Premium Economy,1340.0,750.0,,443.0,Y,Y,Y,1.0,8.0,1.0,20.0,Thursday,False,False,False,Phnom Penh International Airport,PNH
Kuala Lumpur International Airport,KUL,2024-08-01 20:45,Shenzhen Bao'an International Airport,SZX,2024-08-02 01:05,260.0,Shenzhen,Premium Economy,925.0,510.0,True,473.0,Y,Y,Y,1.0,5.0,1.0,20.0,Thursday,True,False,False,Phnom Penh International Airport,PNH
Kuala Lumpur International Airport,KUL,2024-08-01 13:25,Guangzhou Baiyun International Airport,CAN,2024-08-01 17:35,250.0,China Southern,Premium Economy,705.0,275.0,,660.0,Y,Y,Y,1.0,8.0,2.0,23.0,Thursday,False,False,False,Phnom Penh International Airport,PNH
Kuala Lumpur International Airport,KUL,2024-08-02 01:55,Shanghai Pudong International Airport,PVG,2024-08-02 07:30,335.0,China Eastern,Premium Economy,1340.0,750.0,,443.0,Y,Y,Y,1.0,8.0,1.0,20.0,Friday,False,False,False,Phnom Penh International Airport,PNH
Kuala Lumpur International Airport,KUL,2024-08-02 20:45,Shenzhen Bao'an International Airport,SZX,2024-08-03 01:05,260.0,Shenzhen,Premium Economy,925.0,510.0,True,473.0,Y,Y,Y,1.0,5.0,1.0,20.0,Friday,True,False,False,Phnom Penh International Airport,PNH
Kuala Lumpur International Airport,KUL,2024-08-03 20:45,Shenzhen Bao'an International Airport,SZX,2024-08-04 01:05,260.0,Shenzhen,Premium Economy,925.0,510.0,True,473.0,Y,Y,Y,1.0,5.0,1.0,20.0,Saturday,True,False,False,Phnom Penh International Airport,PNH
Kuala Lumpur International Airport,KUL,2024-08-04 01:55,Shanghai Pudong International Airport,PVG,2024-08-04 07:30,335.0,China Eastern,Premium Economy,1340.0,750.0,,443.0,Y,Y,Y,1.0,8.0,1.0,20.0,Sunday,False,False,False,Phnom Penh International Airport,PNH
Kuala Lumpur International Airport,KUL,2024-08-04 20:45,Shenzhen Bao'an International Airport,SZX,2024-08-05 01:05,260.0,Shenzhen,Premium Economy,925.0,510.0,True,473.0,Y,Y,Y,1.0,5.0,1.0,20.0,Sunday,True,False,False,Phnom Penh International Airport,PNH
Kuala Lumpur International Airport,KUL,2024-08-05 01:55,Shanghai Pudong International Airport,PVG,2024-08-05 07:30,335.0,China Eastern,Premium Economy,1340.0,750.0,,443.0,Y,Y,Y,1.0,8.0,1.0,20.0,Monday,False,False,False,Phnom Penh International Airport,PNH
Kuala Lumpur International Airport,KUL,2024-08-05 20:45,Shenzhen Bao'an International Airport,SZX,2024-08-06 01:05,260.0,Shenzhen,Premium Economy,925.0,510.0,True,473.0,Y,Y,Y,1.0,5.0,1.0,20.0,Monday,True,False,False,Phnom Penh International Airport,PNH
Kuala Lumpur International Airport,KUL,2024-08-06 20:45,Shenzhen Bao'an International Airport,SZX,2024-08-07 01:05,260.0,Shenzhen,Premium Economy,925.0,510.0,True,473.0,Y,Y,Y,1.0,5.0,1.0,20.0,Tuesday,True,False,False,Phnom Penh International Airport,PNH
Kuala Lumpur International Airport,KUL,2024-08-07 01:55,Shanghai Pudong International Airport,PVG,2024-08-07 07:30,335.0,China Eastern,Premium Economy,1340.0,750.0,,443.0,Y,Y,Y,1.0,8.0,1.0,20.0,Wednesday,False,False,False,Phnom Penh International Airport,PNH
Kuala Lumpur International Airport,KUL,2024-08-07 20:45,Shenzhen Bao'an International Airport,SZX,2024-08-08 01:05,260.0,Shenzhen,Premium Economy,925.0,510.0,True,473.0,Y,Y,Y,1.0,5.0,1.0,20.0,Wednesday,True,False,False,Phnom Penh International Airport,PNH
Kuala Lumpur International Airport,KUL,2024-08-08 20:45,Shenzhen Bao'an International Airport,SZX,2024-08-09 01:05,260.0,Shenzhen,Premium Economy,925.0,510.0,True,473.0,Y,Y,Y,1.0,5.0,1.0,20.0,Thursday,True,False,False,Phnom Penh International Airport,PNH
Kuala Lumpur International Airport,KUL,2024-08-09 20:45,Shenzhen Bao'an International Airport,SZX,2024-08-10 01:05,260.0,Shenzhen,Premium Economy,925.0,510.0,True,473.0,Y,Y,Y,1.0,5.0,1.0,20.0,Friday,True,False,False,Phnom Penh International Airport,PNH
Kuala Lumpur International Airport,KUL,2024-08-10 20:45,Shenzhen Bao'an International Airport,SZX,2024-08-11 01:05,260.0,Shenzhen,Premium Economy,925.0,510.0,True,473.0,Y,Y,Y,1.0,5.0,1.0,20.0,Saturday,True,False,False,Phnom Penh International Airport,PNH
Kuala Lumpur International Airport,KUL,2024-08-11 01:55,Shanghai Pudong International Airport,PVG,2024-08-11 07:30,335.0,China Eastern,Premium Economy,1340.0,750.0,,443.0,Y,Y,Y,1.0,8.0,1.0,20.0,Sunday,False,False,False,Phnom Penh International Airport,PNH
Kuala Lumpur International Airport,KUL,2024-08-11 20:45,Shenzhen Bao'an International Airport,SZX,2024-08-12 01:05,260.0,Shenzhen,Premium Economy,925.0,510.0,True,473.0,Y,Y,Y,1.0,5.0,1.0,20.0,Sunday,True,False,False,Phnom Penh International Airport,PNH
Kuala Lumpur International Airport,KUL,2024-08-12 01:55,Shanghai Pudong International Airport,PVG,2024-08-12 07:30,335.0,China Eastern,Premium Economy,1340.0,750.0,,443.0,Y,Y,Y,1.0,8.0,1.0,20.0,Monday,False,False,False,Phnom Penh International Airport,PNH
Kuala Lumpur International Airport,KUL,2024-08-12 20:45,Shenzhen Bao'an International Airport,SZX,2024-08-13 01:05,260.0,Shenzhen,Premium Economy,925.0,510.0,True,473.0,Y,Y,Y,1.0,5.0,1.0,20.0,Monday,True,False,False,Phnom Penh International Airport,PNH
Kuala Lumpur International Airport,KUL,2024-08-13 20:45,Shenzhen Bao'an International Airport,SZX,2024-08-14 01:05,260.0,Shenzhen,Premium Economy,925.0,510.0,True,473.0,Y,Y,Y,1.0,5.0,1.0,20.0,Tuesday,True,False,False,Phnom Penh International Airport,PNH
Kuala Lumpur International Airport,KUL,2024-08-14 01:55,Shanghai Pudong International Airport,PVG,2024-08-14 07:30,335.0,China Eastern,Premium Economy,1340.0,750.0,,443.0,Y,Y,Y,1.0,8.0,1.0,20.0,Wednesday,False,False,False,Phnom Penh International Airport,PNH
Kuala Lumpur International Airport,KUL,2024-08-14 20:45,Shenzhen Bao'an International Airport,SZX,2024-08-15 01:05,260.0,Shenzhen,Premium Economy,925.0,510.0,True,473.0,Y,Y,Y,1.0,5.0,1.0,20.0,Wednesday,True,False,False,Phnom Penh International Airport,PNH
Kuala Lumpur International Airport,KUL,2024-08-15 01:55,Shanghai Pudong International Airport,PVG,2024-08-15 07:30,335.0,China Eastern,Premium Economy,1340.0,750.0,,443.0,Y,Y,Y,1.0,8.0,1.0,20.0,Thursday,False,False,False,Phnom Penh International Airport,PNH
Kuala Lumpur International Airport,KUL,2024-08-15 20:45,Shenzhen Bao'an International Airport,SZX,2024-08-16 01:05,260.0,Shenzhen,Premium Economy,925.0,510.0,True,473.0,Y,Y,Y,1.0,5.0,1.0,20.0,Thursday,True,False,False,Phnom Penh International Airport,PNH
Kuala Lumpur International Airport,KUL,2024-08-16 20:45,Shenzhen Bao'an International Airport,SZX,2024-08-17 01:05,260.0,Shenzhen,Premium Economy,925.0,510.0,True,473.0,Y,Y,Y,1.0,5.0,1.0,20.0,Friday,True,False,False,Phnom Penh International Airport,PNH
Kuala Lumpur International Airport,KUL,2024-08-17 20:45,Shenzhen Bao'an International Airport,SZX,2024-08-18 01:05,260.0,Shenzhen,Premium Economy,925.0,510.0,True,473.0,Y,Y,Y,1.0,5.0,1.0,20.0,Saturday,True,False,False,Phnom Penh International Airport,PNH
Kuala Lumpur International Airport,KUL,2024-08-18 01:55,Shanghai Pudong International Airport,PVG,2024-08-18 07:30,335.0,China Eastern,Premium Economy,1340.0,750.0,,443.0,Y,Y,Y,1.0,8.0,1.0,20.0,Sunday,False,False,False,Phnom Penh International Airport,PNH
Kuala Lumpur International Airport,KUL,2024-08-18 20:45,Shenzhen Bao'an International Airport,SZX,2024-08-19 01:05,260.0,Shenzhen,Premium Economy,925.0,510.0,True,473.0,Y,Y,Y,1.0,5.0,1.0,20.0,Sunday,True,False,False,Phnom Penh International Airport,PNH
Kuala Lumpur International Airport,KUL,2024-08-19 01:55,Shanghai Pudong International Airport,PVG,2024-08-19 07:30,335.0,China Eastern,Premium Economy,1340.0,750.0,,416.0,Y,Y,Y,1.0,8.0,1.0,20.0,Monday,False,False,False,Phnom Penh International Airport,PNH
Kuala Lumpur International Airport,KUL,2024-08-19 20:45,Shenzhen Bao'an International Airport,SZX,2024-08-20 01:05,260.0,Shenzhen,Premium Economy,925.0,510.0,True,473.0,Y,Y,Y,1.0,5.0,1.0,20.0,Monday,True,False,False,Phnom Penh International Airport,PNH
Kuala Lumpur International Airport,KUL,2024-08-20 20:45,Shenzhen Bao'an International Airport,SZX,2024-08-21 01:05,260.0,Shenzhen,Premium Economy,925.0,510.0,True,473.0,Y,Y,Y,1.0,5.0,1.0,20.0,Tuesday,True,False,False,Phnom Penh International Airport,PNH
Kuala Lumpur International Airport,KUL,2024-08-21 01:55,Shanghai Pudong International Airport,PVG,2024-08-21 07:30,335.0,China Eastern,Premium Economy,1340.0,750.0,,416.0,Y,Y,Y,1.0,8.0,1.0,20.0,Wednesday,False,False,False,Phnom Penh International Airport,PNH
Kuala Lumpur International Airport,KUL,2024-08-21 20:45,Shenzhen Bao'an International Airport,SZX,2024-08-22 01:05,260.0,Shenzhen,Premium Economy,925.0,510.0,True,473.0,Y,Y,Y,1.0,5.0,1.0,20.0,Wednesday,True,False,False,Phnom Penh International Airport,PNH
Kuala Lumpur International Airport,KUL,2024-08-22 20:45,Shenzhen Bao'an International Airport,SZX,2024-08-23 01:05,260.0,Shenzhen,Premium Economy,925.0,510.0,True,473.0,Y,Y,Y,1.0,5.0,1.0,20.0,Thursday,True,False,False,Phnom Penh International Airport,PNH
Kuala Lumpur International Airport,KUL,2024-08-23 01:55,Shanghai Pudong International Airport,PVG,2024-08-23 07:30,335.0,China Eastern,Premium Economy,1340.0,750.0,,416.0,Y,Y,Y,1.0,8.0,1.0,20.0,Friday,False,False,False,Phnom Penh International Airport,PNH
Kuala Lumpur International Airport,KUL,2024-08-23 20:45,Shenzhen Bao'an International Airport,SZX,2024-08-24 01:05,260.0,Shenzhen,Premium Economy,925.0,510.0,True,473.0,Y,Y,Y,1.0,5.0,1.0,20.0,Friday,True,False,False,Phnom Penh International Airport,PNH
Kuala Lumpur International Airport,KUL,2024-08-24 01:55,Shanghai Pudong International Airport,PVG,2024-08-24 07:30,335.0,China Eastern,Premium Economy,1340.0,750.0,,416.0,Y,Y,Y,1.0,8.0,1.0,20.0,Saturday,False,False,False,Phnom Penh International Airport,PNH
Kuala Lumpur International Airport,KUL,2024-08-24 20:45,Shenzhen Bao'an International Airport,SZX,2024-08-25 01:05,260.0,Shenzhen,Premium Economy,925.0,510.0,True,473.0,Y,Y,Y,1.0,5.0,1.0,20.0,Saturday,True,False,False,Phnom Penh International Airport,PNH
Kuala Lumpur International Airport,KUL,2024-08-25 01:55,Shanghai Pudong International Airport,PVG,2024-08-25 07:30,335.0,China Eastern,Premium Economy,1340.0,750.0,,416.0,Y,Y,Y,1.0,8.0,1.0,20.0,Sunday,False,False,False,Phnom Penh International Airport,PNH
Kuala Lumpur International Airport,KUL,2024-08-25 20:45,Shenzhen Bao'an International Airport,SZX,2024-08-26 01:05,260.0,Shenzhen,Premium Economy,925.0,510.0,True,440.0,Y,Y,Y,1.0,5.0,1.0,20.0,Sunday,True,False,False,Phnom Penh International Airport,PNH
Kuala Lumpur International Airport,KUL,2024-08-26 01:55,Shanghai Pudong International Airport,PVG,2024-08-26 07:30,335.0,China Eastern,Premium Economy,1340.0,750.0,,416.0,Y,Y,Y,1.0,8.0,1.0,20.0,Monday,False,False,False,Phnom Penh International Airport,PNH
Kuala Lumpur International Airport,KUL,2024-08-26 20:45,Shenzhen Bao'an International Airport,SZX,2024-08-27 01:05,260.0,Shenzhen,Premium Economy,925.0,510.0,True,440.0,Y,Y,Y,1.0,5.0,1.0,20.0,Monday,True,False,False,Phnom Penh International Airport,PNH
Kuala Lumpur International Airport,KUL,2024-08-27 20:45,Shenzhen Bao'an International Airport,SZX,2024-08-28 01:05,260.0,Shenzhen,Premium Economy,925.0,510.0,True,440.0,Y,Y,Y,1.0,5.0,1.0,20.0,Tuesday,True,False,False,Phnom Penh International Airport,PNH
Kuala Lumpur International Airport,KUL,2024-08-28 01:55,Shanghai Pudong International Airport,PVG,2024-08-28 07:30,335.0,China Eastern,Premium Economy,1340.0,750.0,,416.0,Y,Y,Y,1.0,8.0,1.0,20.0,Wednesday,False,False,False,Phnom Penh International Airport,PNH
Kuala Lumpur International Airport,KUL,2024-08-28 20:45,Shenzhen Bao'an International Airport,SZX,2024-08-29 01:05,260.0,Shenzhen,Premium Economy,925.0,510.0,True,440.0,Y,Y,Y,1.0,5.0,1.0,20.0,Wednesday,True,False,False,Phnom Penh International Airport,PNH
Kuala Lumpur International Airport,KUL,2024-08-29 20:45,Shenzhen Bao'an International Airport,SZX,2024-08-30 01:05,260.0,Shenzhen,Premium Economy,925.0,510.0,True,440.0,Y,Y,Y,1.0,5.0,1.0,20.0,Thursday,True,False,False,Phnom Penh International Airport,PNH
Kuala Lumpur International Airport,KUL,2024-08-30 20:45,Shenzhen Bao'an International Airport,SZX,2024-08-31 01:05,260.0,Shenzhen,Premium Economy,925.0,510.0,True,440.0,Y,Y,Y,1.0,5.0,1.0,20.0,Friday,True,False,False,Phnom Penh International Airport,PNH
Kuala Lumpur International Airport,KUL,2024-08-31 20:45,Shenzhen Bao'an International Airport,SZX,2024-09-01 01:05,260.0,Shenzhen,Premium Economy,925.0,510.0,True,404.0,Y,Y,Y,1.0,5.0,1.0,20.0,Saturday,True,True,False,Phnom Penh International Airport,PNH
,,,,,,,,,,,,,,,,,,,,,False,False,False,Phnom Penh International Airport,PNH
,,,,,,,,,,,,,,,,,,,,,False,False,False,Phnom Penh International Airport,PNH
,,,,,,,,,,,,,,,,,,,,,False,False,False,Phnom Penh International Airport,PNH
,,,,,,,,,,,,,,,,,,,,,False,False,False,Phnom Penh International Airport,PNH
,,,,,,,,,,,,,,,,,,,,,False,False,False,Phnom Penh International Airport,PNH
,,,,,,,,,,,,,,,,,,,,,False,False,False,Phnom Penh International Airport,PNH
,,,,,,,,,,,,,,,,,,,,,False,False,False,Phnom Penh International Airport,PNH
,,,,,,,,,,,,,,,,,,,,,False,False,False,Phnom Penh International Airport,PNH
,,,,,,,,,,,,,,,,,,,,,False,False,False,Phnom Penh International Airport,PNH
,,,,,,,,,,,,,,,,,,,,,False,False,False,Phnom Penh International Airport,PNH
,,,,,,,,,,,,,,,,,,,,,False,False,False,Phnom Penh International Airport,PNH
,,,,,,,,,,,,,,,,,,,,,False,False,False,Phnom Penh International Airport,PNH
,,,,,,,,,,,,,,,,,,,,,False,False,False,Phnom Penh International Airport,PNH
,,,,,,,,,,,,,,,,,,,,,False,False,False,Phnom Penh International Airport,PNH
,,,,,,,,,,,,,,,,,,,,,False,False,False,Phnom Penh International Airport,PNH
,,,,,,,,,,,,,,,,,,,,,False,False,False,Phnom Penh International Airport,PNH
,,,,,,,,,,,,,,,,,,,,,False,False,False,Phnom Penh International Airport,PNH
,,,,,,,,,,,,,,,,,,,,,False,False,False,Phnom Penh International Airport,PNH
,,,,,,,,,,,,,,,,,,,,,False,False,False,Phnom Penh International Airport,PNH
,,,,,,,,,,,,,,,,,,,,,False,False,False,Phnom Penh International Airport,PNH
,,,,,,,,,,,,,,,,,,,,,False,False,False,Phnom Penh International Airport,PNH
,,,,,,,,,,,,,,,,,,,,,False,False,False,Phnom Penh International Airport,PNH
,,,,,,,,,,,,,,,,,,,,,False,False,False,Phnom Penh International Airport,PNH
,,,,,,,,,,,,,,,,,,,,,False,False,False,Phnom Penh International Airport,PNH
,,,,,,,,,,,,,,,,,,,,,False,False,False,Phnom Penh International Airport,PNH
,,,,,,,,,,,,,,,,,,,,,False,False,False,Phnom Penh International Airport,PNH
,,,,,,,,,,,,,,,,,,,,,False,False,False,Phnom Penh International Airport,PNH
,,,,,,,,,,,,,,,,,,,,,False,False,False,Phnom Penh International Airport,PNH
,,,,,,,,,,,,,,,,,,,,,False,False,False,Phnom Penh International Airport,PNH
,,,,,,,,,,,,,,,,,,,,,False,False,False,Phnom Penh International Airport,PNH
,,,,,,,,,,,,,,,,,,,,,False,False,False,Phnom Penh International Airport,PNH
,,,,,,,,,,,,,,,,,,,,,False,False,False,Phnom Penh International Airport,PNH
,,,,,,,,,,,,,,,,,,,,,False,False,False,Phnom Penh International Airport,PNH
,,,,,,,,,,,,,,,,,,,,,False,False,False,Phnom Penh International Airport,PNH
,,,,,,,,,,,,,,,,,,,,,False,False,False,Phnom Penh International Airport,PNH
,,,,,,,,,,,,,,,,,,,,,False,False,False,Phnom Penh International Airport,PNH
,,,,,,,,,,,,,,,,,,,,,False,False,False,Phnom Penh International Airport,PNH
,,,,,,,,,,,,,,,,,,,,,False,False,False,Phnom Penh International Airport,PNH
,,,,,,,,,,,,,,,,,,,,,False,False,False,Phnom Penh International Airport,PNH
,,,,,,,,,,,,,,,,,,,,,False,False,False,Phnom Penh International Airport,PNH
,,,,,,,,,,,,,,,,,,,,,False,False,False,Phnom Penh International Airport,PNH
,,,,,,,,,,,,,,,,,,,,,False,False,False,Phnom Penh International Airport,PNH
,,,,,,,,,,,,,,,,,,,,,False,False,False,Phnom Penh International Airport,PNH
,,,,,,,,,,,,,,,,,,,,,False,False,False,Phnom Penh International Airport,PNH
,,,,,,,,,,,,,,,,,,,,,False,False,False,Phnom Penh International Airport,PNH
,,,,,,,,,,,,,,,,,,,,,False,False,False,Phnom Penh International Airport,PNH
,,,,,,,,,,,,,,,,,,,,,False,False,False,Phnom Penh International Airport,PNH
,,,,,,,,,,,,,,,,,,,,,False,False,False,Phnom Penh International Airport,PNH
,,,,,,,,,,,,,,,,,,,,,False,False,False,Phnom Penh International Airport,PNH
,,,,,,,,,,,,,,,,,,,,,False,False,False,Phnom Penh International Airport,PNH
,,,,,,,,,,,,,,,,,,,,,False,False,False,Phnom Penh International Airport,PNH
,,,,,,,,,,,,,,,,,,,,,False,False,False,Phnom Penh International Airport,PNH
,,,,,,,,,,,,,,,,,,,,,False,False,False,Phnom Penh International Airport,PNH
,,,,,,,,,,,,,,,,,,,,,False,False,False,Phnom Penh International Airport,PNH
,,,,,,,,,,,,,,,,,,,,,False,False,False,Phnom Penh International Airport,PNH
,,,,,,,,,,,,,,,,,,,,,False,False,False,Phnom Penh International Airport,PNH
,,,,,,,,,,,,,,,,,,,,,False,False,False,Phnom Penh International Airport,PNH
,,,,,,,,,,,,,,,,,,,,,False,False,False,Phnom Penh International Airport,PNH
,,,,,,,,,,,,,,,,,,,,,False,False,False,Phnom Penh International Airport,PNH
,,,,,,,,,,,,,,,,,,,,,False,False,False,Phnom Penh International Airport,PNH
,,,,,,,,,,,,,,,,,,,,,False,False,False,Phnom Penh International Airport,PNH
,,,,,,,,,,,,,,,,,,,,,False,False,False,Phnom Penh International Airport,PNH
,,,,,,,,,,,,,,,,,,,,,False,False,False,Phnom Penh International Airport,PNH
,,,,,,,,,,,,,,,,,,,,,False,False,False,Phnom Penh International Airport,PNH
,,,,,,,,,,,,,,,,,,,,,False,False,False,Phnom Penh International Airport,PNH
,,,,,,,,,,,,,,,,,,,,,False,False,False,Phnom Penh International Airport,PNH
,,,,,,,,,,,,,,,,,,,,,False,False,False,Phnom Penh International Airport,PNH
,,,,,,,,,,,,,,,,,,,,,False,False,False,Phnom Penh International Airport,PNH
,,,,,,,,,,,,,,,,,,,,,False,False,False,Phnom Penh International Airport,PNH
,,,,,,,,,,,,,,,,,,,,,False,False,False,Phnom Penh International Airport,PNH
,,,,,,,,,,,,,,,,,,,,,False,False,False,Phnom Penh International Airport,PNH
,,,,,,,,,,,,,,,,,,,,,False,False,False,Phnom Penh International Airport,PNH
,,,,,,,,,,,,,,,,,,,,,False,False,False,Phnom Penh International Airport,PNH
,,,,,,,,,,,,,,,,,,,,,False,False,False,Phnom Penh International Airport,PNH
,,,,,,,,,,,,,,,,,,,,,False,False,False,Phnom Penh International Airport,PNH
,,,,,,,,,,,,,,,,,,,,,False,False,False,Phnom Penh International Airport,PNH
,,,,,,,,,,,,,,,,,,,,,False,False,False,Phnom Penh International Airport,PNH
,,,,,,,,,,,,,,,,,,,,,False,False,False,Phnom Penh International Airport,PNH
,,,,,,,,,,,,,,,,,,,,,False,False,False,Phnom Penh International Airport,PNH
,,,,,,,,,,,,,,,,,,,,,False,False,False,Phnom Penh International Airport,PNH
,,,,,,,,,,,,,,,,,,,,,False,False,False,Phnom Penh International Airport,PNH
,,,,,,,,,,,,,,,,,,,,,False,False,False,Phnom Penh International Airport,PNH
,,,,,,,,,,,,,,,,,,,,,False,False,False,Phnom Penh International Airport,PNH
,,,,,,,,,,,,,,,,,,,,,False,False,False,Phnom Penh International Airport,PNH
,,,,,,,,,,,,,,,,,,,,,False,False,False,Phnom Penh International Airport,PNH
,,,,,,,,,,,,,,,,,,,,,False,False,False,Phnom Penh International Airport,PNH
,,,,,,,,,,,,,,,,,,,,,False,False,False,Phnom Penh International Airport,PNH
,,,,,,,,,,,,,,,,,,,,,False,False,False,Phnom Penh International Airport,PNH
,,,,,,,,,,,,,,,,,,,,,False,False,False,Phnom Penh International Airport,PNH
,,,,,,,,,,,,,,,,,,,,,False,False,False,Phnom Penh International Airport,PNH
,,,,,,,,,,,,,,,,,,,,,False,False,False,Phnom Penh International Airport,PNH
,,,,,,,,,,,,,,,,,,,,,False,False,False,Phnom Penh International Airport,PNH
,,,,,,,,,,,,,,,,,,,,,False,False,False,Phnom Penh International Airport,PNH
,,,,,,,,,,,,,,,,,,,,,False,False,False,Phnom Penh International Airport,PNH
,,,,,,,,,,,,,,,,,,,,,False,False,False,Phnom Penh International Airport,PNH
,,,,,,,,,,,,,,,,,,,,,False,False,False,Phnom Penh International Airport,PNH
,,,,,,,,,,,,,,,,,,,,,False,False,False,Phnom Penh International Airport,PNH
,,,,,,,,,,,,,,,,,,,,,False,False,False,Phnom Penh International Airport,PNH
,,,,,,,,,,,,,,,,,,,,,False,False,False,Phnom Penh International Airport,PNH
,,,,,,,,,,,,,,,,,,,,,False,False,False,Phnom Penh International Airport,PNH
,,,,,,,,,,,,,,,,,,,,,False,False,False,Phnom Penh International Airport,PNH
,,,,,,,,,,,,,,,,,,,,,False,False,False,Phnom Penh International Airport,PNH
,,,,,,,,,,,,,,,,,,,,,False,False,False,Phnom Penh International Airport,PNH
,,,,,,,,,,,,,,,,,,,,,False,False,False,Phnom Penh International Airport,PNH
,,,,,,,,,,,,,,,,,,,,,False,False,False,Phnom Penh International Airport,PNH
,,,,,,,,,,,,,,,,,,,,,False,False,False,Phnom Penh International Airport,PNH
,,,,,,,,,,,,,,,,,,,,,False,False,False,Phnom Penh International Airport,PNH
,,,,,,,,,,,,,,,,,,,,,False,False,False,Phnom Penh International Airport,PNH
,,,,,,,,,,,,,,,,,,,,,False,False,False,Phnom Penh International Airport,PNH
,,,,,,,,,,,,,,,,,,,,,False,False,False,Phnom Penh International Airport,PNH
,,,,,,,,,,,,,,,,,,,,,False,False,False,Phnom Penh International Airport,PNH
,,,,,,,,,,,,,,,,,,,,,False,False,False,Phnom Penh International Airport,PNH
,,,,,,,,,,,,,,,,,,,,,False,False,False,Phnom Penh International Airport,PNH
,,,,,,,,,,,,,,,,,,,,,False,False,False,Phnom Penh International Airport,PNH
,,,,,,,,,,,,,,,,,,,,,False,False,False,Phnom Penh International Airport,PNH
,,,,,,,,,,,,,,,,,,,,,False,False,False,Phnom Penh International Airport,PNH
,,,,,,,,,,,,,,,,,,,,,False,False,False,Phnom Penh International Airport,PNH
,,,,,,,,,,,,,,,,,,,,,False,False,False,Phnom Penh International Airport,PNH
,,,,,,,,,,,,,,,,,,,,,False,False,False,Phnom Penh International Airport,PNH
,,,,,,,,,,,,,,,,,,,,,False,False,False,Phnom Penh International Airport,PNH
,,,,,,,,,,,,,,,,,,,,,False,False,False,Phnom Penh International Airport,PNH
,,,,,,,,,,,,,,,,,,,,,False,False,False,Phnom Penh International Airport,PNH
,,,,,,,,,,,,,,,,,,,,,False,False,False,Phnom Penh International Airport,PNH
,,,,,,,,,,,,,,,,,,,,,False,False,False,Phnom Penh International Airport,PNH
,,,,,,,,,,,,,,,,,,,,,False,False,False,Phnom Penh International Airport,PNH
,,,,,,,,,,,,,,,,,,,,,False,False,False,Phnom Penh International Airport,PNH
