Departure Airport Name,Departure Airport ID,Departure Time,Arrival Airport Name,Arrival Airport ID,Arrival Time,Duration,Airline,Travel Class,Total Duration,Layover,Layover 1 Duration,Layover 1 Overnight,Price, Cabin Baggage, Checked Baggage,Meal Included,Cabin Baggage (Number),Cabin Baggage (kg per piece),Checked Baggage (Number),Checked Baggage  (kg per piece),Day of Week (on flight date),Overnight Flight,Departure Country Is Holiday,Arrival Country Is Holiday,Final Arrival Airport Name,Final Arrival Airport ID
Kuala Lumpur International Airport,KUL,2024-07-01 11:55,Singapore Changi Airport,SIN,2024-07-01 12:55,60,Scoot,Premium Economy,60,N,,,62,Y,Y,Y,2,15,1,30,Monday,False,False,False,Singapore Changi Airport,SIN
Kuala Lumpur International Airport,KUL,2024-07-01 19:15,Singapore Changi Airport,SIN,2024-07-01 20:25,70,Scoot,Premium Economy,70,N,,,62,Y,Y,Y,2,15,1,30,Monday,False,False,False,Singapore Changi Airport,SIN
Kuala Lumpur International Airport,KUL,2024-07-01 20:45,Shenzhen Bao'an International Airport,SZX,2024-07-02 01:05,260,Shenzhen,Premium Economy,855,Y,365.0,True,462,Y,Y,Y,1,5,2,46,Monday,True,False,False,Singapore Changi Airport,SIN
Kuala Lumpur International Airport,KUL,2024-07-01 04:20,Shenzhen Bao'an International Airport,SZX,2024-07-01 08:40,260,Shenzhen,Premium Economy,740,Y,240.0,,522,Y,Y,Y,1,5,2,46,Monday,False,False,False,Singapore Changi Airport,SIN
Kuala Lumpur International Airport,KUL,2024-07-02 19:15,Singapore Changi Airport,SIN,2024-07-02 20:25,70,Scoot,Premium Economy,70,N,,,62,Y,Y,Y,2,15,1,30,Tuesday,False,False,False,Singapore Changi Airport,SIN
Kuala Lumpur International Airport,KUL,2024-07-02 04:20,Shenzhen Bao'an International Airport,SZX,2024-07-02 08:40,260,Shenzhen,Premium Economy,740,Y,240.0,,462,Y,Y,Y,1,5,2,46,Tuesday,False,False,False,Singapore Changi Airport,SIN
Kuala Lumpur International Airport,KUL,2024-07-02 20:45,Shenzhen Bao'an International Airport,SZX,2024-07-03 01:05,260,Shenzhen,Premium Economy,855,Y,365.0,True,462,Y,Y,Y,1,5,2,46,Tuesday,True,False,False,Singapore Changi Airport,SIN
Kuala Lumpur International Airport,KUL,2024-07-03 11:55,Singapore Changi Airport,SIN,2024-07-03 12:55,60,Scoot,Premium Economy,60,N,,,62,Y,Y,Y,2,15,1,30,Wednesday,False,False,False,Singapore Changi Airport,SIN
Kuala Lumpur International Airport,KUL,2024-07-03 20:45,Shenzhen Bao'an International Airport,SZX,2024-07-04 01:05,260,Shenzhen,Premium Economy,855,Y,365.0,True,462,Y,Y,Y,1,5,2,46,Wednesday,True,False,False,Singapore Changi Airport,SIN
Kuala Lumpur International Airport,KUL,2024-07-04 11:55,Singapore Changi Airport,SIN,2024-07-04 12:55,60,Scoot,Premium Economy,60,N,,,62,Y,Y,Y,2,15,1,30,Thursday,False,False,False,Singapore Changi Airport,SIN
Kuala Lumpur International Airport,KUL,2024-07-04 04:20,Shenzhen Bao'an International Airport,SZX,2024-07-04 08:40,260,Shenzhen,Premium Economy,740,Y,240.0,,522,Y,Y,Y,1,5,2,46,Thursday,False,False,False,Singapore Changi Airport,SIN
Kuala Lumpur International Airport,KUL,2024-07-04 20:45,Shenzhen Bao'an International Airport,SZX,2024-07-05 01:05,260,Shenzhen,Premium Economy,855,Y,365.0,True,522,Y,Y,Y,1,5,2,46,Thursday,True,False,False,Singapore Changi Airport,SIN
Kuala Lumpur International Airport,KUL,2024-07-05 19:15,Singapore Changi Airport,SIN,2024-07-05 20:25,70,Scoot,Premium Economy,70,N,,,62,Y,Y,Y,2,15,1,30,Friday,False,False,False,Singapore Changi Airport,SIN
Kuala Lumpur International Airport,KUL,2024-07-05 22:15,Singapore Changi Airport,SIN,2024-07-05 23:35,80,Scoot,Premium Economy,80,N,,,62,Y,Y,Y,2,15,1,30,Friday,False,False,False,Singapore Changi Airport,SIN
Kuala Lumpur International Airport,KUL,2024-07-05 23:25,Singapore Changi Airport,SIN,2024-07-06 00:30,65,Scoot,Premium Economy,65,N,,,62,Y,Y,Y,2,15,1,30,Friday,True,False,False,Singapore Changi Airport,SIN
Kuala Lumpur International Airport,KUL,2024-07-05 20:45,Shenzhen Bao'an International Airport,SZX,2024-07-06 01:05,260,Shenzhen,Premium Economy,855,Y,365.0,True,522,Y,Y,Y,1,5,2,46,Friday,True,False,False,Singapore Changi Airport,SIN
Kuala Lumpur International Airport,KUL,2024-07-06 11:55,Singapore Changi Airport,SIN,2024-07-06 12:55,60,Scoot,Premium Economy,60,N,,,62,Y,Y,Y,2,15,1,30,Saturday,False,False,False,Singapore Changi Airport,SIN
Kuala Lumpur International Airport,KUL,2024-07-06 04:20,Shenzhen Bao'an International Airport,SZX,2024-07-06 08:40,260,Shenzhen,Premium Economy,740,Y,240.0,,522,Y,Y,Y,1,5,2,46,Saturday,False,False,False,Singapore Changi Airport,SIN
Kuala Lumpur International Airport,KUL,2024-07-06 20:45,Shenzhen Bao'an International Airport,SZX,2024-07-07 01:05,260,Shenzhen,Premium Economy,855,Y,365.0,True,522,Y,Y,Y,1,5,2,46,Saturday,True,False,False,Singapore Changi Airport,SIN
Kuala Lumpur International Airport,KUL,2024-07-07 22:15,Singapore Changi Airport,SIN,2024-07-07 23:35,80,Scoot,Premium Economy,80,N,,,62,Y,Y,Y,2,15,1,30,Sunday,False,True,False,Singapore Changi Airport,SIN
Kuala Lumpur International Airport,KUL,2024-07-07 19:15,Singapore Changi Airport,SIN,2024-07-07 20:25,70,Scoot,Premium Economy,70,N,,,90,Y,Y,Y,2,15,1,30,Sunday,False,True,False,Singapore Changi Airport,SIN
Kuala Lumpur International Airport,KUL,2024-07-07 04:20,Shenzhen Bao'an International Airport,SZX,2024-07-07 08:40,260,Shenzhen,Premium Economy,740,Y,240.0,,522,Y,Y,Y,1,5,2,46,Sunday,False,True,False,Singapore Changi Airport,SIN
Kuala Lumpur International Airport,KUL,2024-07-08 11:55,Singapore Changi Airport,SIN,2024-07-08 12:55,60,Scoot,Premium Economy,60,N,,,62,Y,Y,Y,2,15,1,30,Monday,False,True,False,Singapore Changi Airport,SIN
Kuala Lumpur International Airport,KUL,2024-07-08 19:15,Singapore Changi Airport,SIN,2024-07-08 20:25,70,Scoot,Premium Economy,70,N,,,90,Y,Y,Y,2,15,1,30,Monday,False,True,False,Singapore Changi Airport,SIN
Kuala Lumpur International Airport,KUL,2024-07-08 04:20,Shenzhen Bao'an International Airport,SZX,2024-07-08 08:40,260,Shenzhen,Premium Economy,740,Y,240.0,,522,Y,Y,Y,1,5,2,46,Monday,False,True,False,Singapore Changi Airport,SIN
Kuala Lumpur International Airport,KUL,2024-07-08 20:45,Shenzhen Bao'an International Airport,SZX,2024-07-09 01:05,260,Shenzhen,Premium Economy,855,Y,365.0,True,522,Y,Y,Y,1,5,2,46,Monday,True,True,False,Singapore Changi Airport,SIN
Kuala Lumpur International Airport,KUL,2024-07-09 19:15,Singapore Changi Airport,SIN,2024-07-09 20:25,70,Scoot,Premium Economy,70,N,,,62,Y,Y,Y,2,15,1,30,Tuesday,False,False,False,Singapore Changi Airport,SIN
Kuala Lumpur International Airport,KUL,2024-07-09 04:20,Shenzhen Bao'an International Airport,SZX,2024-07-09 08:40,260,Shenzhen,Premium Economy,740,Y,240.0,,522,Y,Y,Y,1,5,2,46,Tuesday,False,False,False,Singapore Changi Airport,SIN
Kuala Lumpur International Airport,KUL,2024-07-09 20:45,Shenzhen Bao'an International Airport,SZX,2024-07-10 01:05,260,Shenzhen,Premium Economy,855,Y,365.0,True,522,Y,Y,Y,1,5,2,46,Tuesday,True,False,False,Singapore Changi Airport,SIN
Kuala Lumpur International Airport,KUL,2024-07-10 11:55,Singapore Changi Airport,SIN,2024-07-10 12:55,60,Scoot,Premium Economy,60,N,,,62,Y,Y,Y,2,15,1,30,Wednesday,False,False,False,Singapore Changi Airport,SIN
Kuala Lumpur International Airport,KUL,2024-07-10 04:20,Shenzhen Bao'an International Airport,SZX,2024-07-10 08:40,260,Shenzhen,Premium Economy,740,Y,240.0,,522,Y,Y,Y,1,5,2,46,Wednesday,False,False,False,Singapore Changi Airport,SIN
Kuala Lumpur International Airport,KUL,2024-07-10 20:45,Shenzhen Bao'an International Airport,SZX,2024-07-11 01:05,260,Shenzhen,Premium Economy,855,Y,365.0,True,522,Y,Y,Y,1,5,2,46,Wednesday,True,False,False,Singapore Changi Airport,SIN
Kuala Lumpur International Airport,KUL,2024-07-11 11:55,Singapore Changi Airport,SIN,2024-07-11 12:55,60,Scoot,Premium Economy,60,N,,,62,Y,Y,Y,2,15,1,30,Thursday,False,False,False,Singapore Changi Airport,SIN
Kuala Lumpur International Airport,KUL,2024-07-11 04:20,Shenzhen Bao'an International Airport,SZX,2024-07-11 08:40,260,Shenzhen,Premium Economy,740,Y,240.0,,539,Y,Y,Y,1,5,2,46,Thursday,False,False,False,Singapore Changi Airport,SIN
Kuala Lumpur International Airport,KUL,2024-07-11 20:45,Shenzhen Bao'an International Airport,SZX,2024-07-12 01:05,260,Shenzhen,Premium Economy,855,Y,365.0,True,581,Y,Y,Y,1,5,2,46,Thursday,True,False,False,Singapore Changi Airport,SIN
Kuala Lumpur International Airport,KUL,2024-07-12 19:15,Singapore Changi Airport,SIN,2024-07-12 20:25,70,Scoot,Premium Economy,70,N,,,62,Y,Y,Y,2,15,1,30,Friday,False,False,False,Singapore Changi Airport,SIN
Kuala Lumpur International Airport,KUL,2024-07-12 22:15,Singapore Changi Airport,SIN,2024-07-12 23:35,80,Scoot,Premium Economy,80,N,,,62,Y,Y,Y,2,15,1,30,Friday,False,False,False,Singapore Changi Airport,SIN
Kuala Lumpur International Airport,KUL,2024-07-12 23:25,Singapore Changi Airport,SIN,2024-07-13 00:30,65,Scoot,Premium Economy,65,N,,,62,Y,Y,Y,2,15,1,30,Friday,True,False,False,Singapore Changi Airport,SIN
Kuala Lumpur International Airport,KUL,2024-07-12 04:20,Shenzhen Bao'an International Airport,SZX,2024-07-12 08:40,260,Shenzhen,Premium Economy,740,Y,240.0,,644,Y,Y,Y,1,5,2,46,Friday,False,False,False,Singapore Changi Airport,SIN
Kuala Lumpur International Airport,KUL,2024-07-13 11:55,Singapore Changi Airport,SIN,2024-07-13 12:55,60,Scoot,Premium Economy,60,N,,,62,Y,Y,Y,2,15,1,30,Saturday,False,False,False,Singapore Changi Airport,SIN
Kuala Lumpur International Airport,KUL,2024-07-13 20:45,Shenzhen Bao'an International Airport,SZX,2024-07-14 01:05,260,Shenzhen,Premium Economy,855,Y,365.0,True,581,Y,Y,Y,1,5,2,46,Saturday,True,False,False,Singapore Changi Airport,SIN
Kuala Lumpur International Airport,KUL,2024-07-13 04:20,Shenzhen Bao'an International Airport,SZX,2024-07-13 08:40,260,Shenzhen,Premium Economy,740,Y,240.0,,874,Y,Y,Y,1,5,2,46,Saturday,False,False,False,Singapore Changi Airport,SIN
Kuala Lumpur International Airport,KUL,2024-07-14 22:15,Singapore Changi Airport,SIN,2024-07-14 23:35,80,Scoot,Premium Economy,80,N,,,62,Y,Y,Y,2,15,1,30,Sunday,False,False,False,Singapore Changi Airport,SIN
Kuala Lumpur International Airport,KUL,2024-07-14 19:15,Singapore Changi Airport,SIN,2024-07-14 20:25,70,Scoot,Premium Economy,70,N,,,141,Y,Y,Y,2,15,1,30,Sunday,False,False,False,Singapore Changi Airport,SIN
Kuala Lumpur International Airport,KUL,2024-07-14 20:45,Shenzhen Bao'an International Airport,SZX,2024-07-15 01:05,260,Shenzhen,Premium Economy,855,Y,365.0,True,581,Y,Y,Y,1,5,2,46,Sunday,True,False,False,Singapore Changi Airport,SIN
Kuala Lumpur International Airport,KUL,2024-07-14 04:20,Shenzhen Bao'an International Airport,SZX,2024-07-14 08:40,260,Shenzhen,Premium Economy,740,Y,240.0,,644,Y,Y,Y,1,5,2,46,Sunday,False,False,False,Singapore Changi Airport,SIN
Kuala Lumpur International Airport,KUL,2024-07-15 11:55,Singapore Changi Airport,SIN,2024-07-15 12:55,60,Scoot,Premium Economy,60,N,,,62,Y,Y,Y,2,15,1,30,Monday,False,False,False,Singapore Changi Airport,SIN
Kuala Lumpur International Airport,KUL,2024-07-15 19:15,Singapore Changi Airport,SIN,2024-07-15 20:25,70,Scoot,Premium Economy,70,N,,,62,Y,Y,Y,2,15,1,30,Monday,False,False,False,Singapore Changi Airport,SIN
Kuala Lumpur International Airport,KUL,2024-07-15 04:20,Shenzhen Bao'an International Airport,SZX,2024-07-15 08:40,260,Shenzhen,Premium Economy,740,Y,240.0,,581,Y,Y,Y,1,5,2,46,Monday,False,False,False,Singapore Changi Airport,SIN
Kuala Lumpur International Airport,KUL,2024-07-15 20:45,Shenzhen Bao'an International Airport,SZX,2024-07-16 01:05,260,Shenzhen,Premium Economy,855,Y,365.0,True,581,Y,Y,Y,1,5,2,46,Monday,True,False,False,Singapore Changi Airport,SIN
Kuala Lumpur International Airport,KUL,2024-07-16 19:15,Singapore Changi Airport,SIN,2024-07-16 20:25,70,Scoot,Premium Economy,70,N,,,62,Y,Y,Y,2,15,1,30,Tuesday,False,False,False,Singapore Changi Airport,SIN
Kuala Lumpur International Airport,KUL,2024-07-16 04:20,Shenzhen Bao'an International Airport,SZX,2024-07-16 08:40,260,Shenzhen,Premium Economy,740,Y,240.0,,617,Y,Y,Y,1,5,2,46,Tuesday,False,False,False,Singapore Changi Airport,SIN
Kuala Lumpur International Airport,KUL,2024-07-16 20:45,Shenzhen Bao'an International Airport,SZX,2024-07-17 01:05,260,Shenzhen,Premium Economy,855,Y,365.0,True,653,Y,Y,Y,1,5,2,46,Tuesday,True,False,False,Singapore Changi Airport,SIN
Kuala Lumpur International Airport,KUL,2024-07-17 11:55,Singapore Changi Airport,SIN,2024-07-17 12:55,60,Scoot,Premium Economy,60,N,,,62,Y,Y,Y,2,15,1,30,Wednesday,False,False,False,Singapore Changi Airport,SIN
Kuala Lumpur International Airport,KUL,2024-07-17 04:20,Shenzhen Bao'an International Airport,SZX,2024-07-17 08:40,260,Shenzhen,Premium Economy,740,Y,240.0,,617,Y,Y,Y,1,5,2,46,Wednesday,False,False,False,Singapore Changi Airport,SIN
Kuala Lumpur International Airport,KUL,2024-07-17 20:45,Shenzhen Bao'an International Airport,SZX,2024-07-18 01:05,260,Shenzhen,Premium Economy,855,Y,365.0,True,617,Y,Y,Y,1,5,2,46,Wednesday,True,False,False,Singapore Changi Airport,SIN
Kuala Lumpur International Airport,KUL,2024-07-18 11:55,Singapore Changi Airport,SIN,2024-07-18 12:55,60,Scoot,Premium Economy,60,N,,,62,Y,Y,Y,2,15,1,30,Thursday,False,False,False,Singapore Changi Airport,SIN
Kuala Lumpur International Airport,KUL,2024-07-18 20:45,Shenzhen Bao'an International Airport,SZX,2024-07-19 01:05,260,Shenzhen,Premium Economy,855,Y,365.0,True,617,Y,Y,Y,1,5,2,46,Thursday,True,False,False,Singapore Changi Airport,SIN
Kuala Lumpur International Airport,KUL,2024-07-18 04:20,Shenzhen Bao'an International Airport,SZX,2024-07-18 08:40,260,Shenzhen,Premium Economy,740,Y,240.0,,680,Y,Y,Y,1,5,2,46,Thursday,False,False,False,Singapore Changi Airport,SIN
Kuala Lumpur International Airport,KUL,2024-07-19 19:15,Singapore Changi Airport,SIN,2024-07-19 20:25,70,Scoot,Premium Economy,70,N,,,62,Y,Y,Y,2,15,1,30,Friday,False,False,False,Singapore Changi Airport,SIN
Kuala Lumpur International Airport,KUL,2024-07-19 22:15,Singapore Changi Airport,SIN,2024-07-19 23:35,80,Scoot,Premium Economy,80,N,,,62,Y,Y,Y,2,15,1,30,Friday,False,False,False,Singapore Changi Airport,SIN
Kuala Lumpur International Airport,KUL,2024-07-19 23:25,Singapore Changi Airport,SIN,2024-07-20 00:30,65,Scoot,Premium Economy,65,N,,,62,Y,Y,Y,2,15,1,30,Friday,True,False,False,Singapore Changi Airport,SIN
Kuala Lumpur International Airport,KUL,2024-07-19 20:45,Shenzhen Bao'an International Airport,SZX,2024-07-20 01:05,260,Shenzhen,Premium Economy,855,Y,365.0,True,617,Y,Y,Y,1,5,2,46,Friday,True,False,False,Singapore Changi Airport,SIN
Kuala Lumpur International Airport,KUL,2024-07-19 04:20,Shenzhen Bao'an International Airport,SZX,2024-07-19 08:40,260,Shenzhen,Premium Economy,740,Y,240.0,,680,Y,Y,Y,1,5,2,46,Friday,False,False,False,Singapore Changi Airport,SIN
Kuala Lumpur International Airport,KUL,2024-07-20 11:55,Singapore Changi Airport,SIN,2024-07-20 12:55,60,Scoot,Premium Economy,60,N,,,90,Y,Y,Y,2,15,1,30,Saturday,False,False,False,Singapore Changi Airport,SIN
Kuala Lumpur International Airport,KUL,2024-07-20 20:45,Shenzhen Bao'an International Airport,SZX,2024-07-21 01:05,260,Shenzhen,Premium Economy,855,Y,365.0,True,617,Y,Y,Y,1,5,2,46,Saturday,True,False,False,Singapore Changi Airport,SIN
Kuala Lumpur International Airport,KUL,2024-07-20 04:20,Shenzhen Bao'an International Airport,SZX,2024-07-20 08:40,260,Shenzhen,Premium Economy,740,Y,240.0,,680,Y,Y,Y,1,5,2,46,Saturday,False,False,False,Singapore Changi Airport,SIN
Kuala Lumpur International Airport,KUL,2024-07-21 19:15,Singapore Changi Airport,SIN,2024-07-21 20:25,70,Scoot,Premium Economy,70,N,,,90,Y,Y,Y,2,15,1,30,Sunday,False,False,False,Singapore Changi Airport,SIN
Kuala Lumpur International Airport,KUL,2024-07-21 22:15,Singapore Changi Airport,SIN,2024-07-21 23:35,80,Scoot,Premium Economy,80,N,,,90,Y,Y,Y,2,15,1,30,Sunday,False,False,False,Singapore Changi Airport,SIN
Kuala Lumpur International Airport,KUL,2024-07-21 20:45,Shenzhen Bao'an International Airport,SZX,2024-07-22 01:05,260,Shenzhen,Premium Economy,855,Y,365.0,True,617,Y,Y,Y,1,5,2,46,Sunday,True,False,False,Singapore Changi Airport,SIN
Kuala Lumpur International Airport,KUL,2024-07-21 04:20,Shenzhen Bao'an International Airport,SZX,2024-07-21 08:40,260,Shenzhen,Premium Economy,740,Y,240.0,,680,Y,Y,Y,1,5,2,46,Sunday,False,False,False,Singapore Changi Airport,SIN
Kuala Lumpur International Airport,KUL,2024-07-22 11:55,Singapore Changi Airport,SIN,2024-07-22 12:55,60,Scoot,Premium Economy,60,N,,,62,Y,Y,Y,2,15,1,30,Monday,False,False,False,Singapore Changi Airport,SIN
Kuala Lumpur International Airport,KUL,2024-07-22 19:15,Singapore Changi Airport,SIN,2024-07-22 20:25,70,Scoot,Premium Economy,70,N,,,62,Y,Y,Y,2,15,1,30,Monday,False,False,False,Singapore Changi Airport,SIN
Kuala Lumpur International Airport,KUL,2024-07-22 04:20,Shenzhen Bao'an International Airport,SZX,2024-07-22 08:40,260,Shenzhen,Premium Economy,740,Y,240.0,,617,Y,Y,Y,1,5,2,46,Monday,False,False,False,Singapore Changi Airport,SIN
Kuala Lumpur International Airport,KUL,2024-07-22 20:45,Shenzhen Bao'an International Airport,SZX,2024-07-23 01:05,260,Shenzhen,Premium Economy,855,Y,365.0,True,617,Y,Y,Y,1,5,2,46,Monday,True,False,False,Singapore Changi Airport,SIN
Kuala Lumpur International Airport,KUL,2024-07-23 19:15,Singapore Changi Airport,SIN,2024-07-23 20:25,70,Scoot,Premium Economy,70,N,,,62,Y,Y,Y,2,15,1,30,Tuesday,False,False,False,Singapore Changi Airport,SIN
Kuala Lumpur International Airport,KUL,2024-07-23 04:20,Shenzhen Bao'an International Airport,SZX,2024-07-23 08:40,260,Shenzhen,Premium Economy,740,Y,240.0,,617,Y,Y,Y,1,5,2,46,Tuesday,False,False,False,Singapore Changi Airport,SIN
Kuala Lumpur International Airport,KUL,2024-07-23 20:45,Shenzhen Bao'an International Airport,SZX,2024-07-24 01:05,260,Shenzhen,Premium Economy,855,Y,365.0,True,617,Y,Y,Y,1,5,2,46,Tuesday,True,False,False,Singapore Changi Airport,SIN
Kuala Lumpur International Airport,KUL,2024-07-24 11:55,Singapore Changi Airport,SIN,2024-07-24 12:55,60,Scoot,Premium Economy,60,N,,,62,Y,Y,Y,2,15,1,30,Wednesday,False,False,False,Singapore Changi Airport,SIN
Kuala Lumpur International Airport,KUL,2024-07-24 04:20,Shenzhen Bao'an International Airport,SZX,2024-07-24 08:40,260,Shenzhen,Premium Economy,740,Y,240.0,,617,Y,Y,Y,1,5,2,46,Wednesday,False,False,False,Singapore Changi Airport,SIN
Kuala Lumpur International Airport,KUL,2024-07-24 20:45,Shenzhen Bao'an International Airport,SZX,2024-07-25 01:05,260,Shenzhen,Premium Economy,855,Y,365.0,True,617,Y,Y,Y,1,5,2,46,Wednesday,True,False,False,Singapore Changi Airport,SIN
Kuala Lumpur International Airport,KUL,2024-07-25 11:55,Singapore Changi Airport,SIN,2024-07-25 12:55,60,Scoot,Premium Economy,60,N,,,62,Y,Y,Y,2,15,1,30,Thursday,False,False,False,Singapore Changi Airport,SIN
Kuala Lumpur International Airport,KUL,2024-07-25 20:45,Shenzhen Bao'an International Airport,SZX,2024-07-26 01:05,260,Shenzhen,Premium Economy,855,Y,365.0,True,617,Y,Y,Y,1,5,2,46,Thursday,True,False,False,Singapore Changi Airport,SIN
Kuala Lumpur International Airport,KUL,2024-07-25 04:20,Shenzhen Bao'an International Airport,SZX,2024-07-25 08:40,260,Shenzhen,Premium Economy,740,Y,240.0,,680,Y,Y,Y,1,5,2,46,Thursday,False,False,False,Singapore Changi Airport,SIN
Kuala Lumpur International Airport,KUL,2024-07-26 22:15,Singapore Changi Airport,SIN,2024-07-26 23:35,80,Scoot,Premium Economy,80,N,,,62,Y,Y,Y,2,15,1,30,Friday,False,False,False,Singapore Changi Airport,SIN
Kuala Lumpur International Airport,KUL,2024-07-26 23:25,Singapore Changi Airport,SIN,2024-07-27 00:30,65,Scoot,Premium Economy,65,N,,,62,Y,Y,Y,2,15,1,30,Friday,True,False,False,Singapore Changi Airport,SIN
Kuala Lumpur International Airport,KUL,2024-07-26 19:15,Singapore Changi Airport,SIN,2024-07-26 20:25,70,Scoot,Premium Economy,70,N,,,90,Y,Y,Y,2,15,1,30,Friday,False,False,False,Singapore Changi Airport,SIN
Kuala Lumpur International Airport,KUL,2024-07-26 20:45,Shenzhen Bao'an International Airport,SZX,2024-07-27 01:05,260,Shenzhen,Premium Economy,855,Y,365.0,True,617,Y,Y,Y,1,5,2,46,Friday,True,False,False,Singapore Changi Airport,SIN
Kuala Lumpur International Airport,KUL,2024-07-26 04:20,Shenzhen Bao'an International Airport,SZX,2024-07-26 08:40,260,Shenzhen,Premium Economy,740,Y,240.0,,680,Y,Y,Y,1,5,2,46,Friday,False,False,False,Singapore Changi Airport,SIN
Kuala Lumpur International Airport,KUL,2024-07-27 11:55,Singapore Changi Airport,SIN,2024-07-27 12:55,60,Scoot,Premium Economy,60,N,,,62,Y,Y,Y,2,15,1,30,Saturday,False,False,False,Singapore Changi Airport,SIN
Kuala Lumpur International Airport,KUL,2024-07-27 20:45,Shenzhen Bao'an International Airport,SZX,2024-07-28 01:05,260,Shenzhen,Premium Economy,855,Y,365.0,True,617,Y,Y,Y,1,5,2,46,Saturday,True,False,False,Singapore Changi Airport,SIN
Kuala Lumpur International Airport,KUL,2024-07-27 04:20,Shenzhen Bao'an International Airport,SZX,2024-07-27 08:40,260,Shenzhen,Premium Economy,740,Y,240.0,,680,Y,Y,Y,1,5,2,46,Saturday,False,False,False,Singapore Changi Airport,SIN
Kuala Lumpur International Airport,KUL,2024-07-28 19:15,Singapore Changi Airport,SIN,2024-07-28 20:25,70,Scoot,Premium Economy,70,N,,,90,Y,Y,Y,2,15,1,30,Sunday,False,False,False,Singapore Changi Airport,SIN
Kuala Lumpur International Airport,KUL,2024-07-28 22:15,Singapore Changi Airport,SIN,2024-07-28 23:35,80,Scoot,Premium Economy,80,N,,,90,Y,Y,Y,2,15,1,30,Sunday,False,False,False,Singapore Changi Airport,SIN
Kuala Lumpur International Airport,KUL,2024-07-28 20:45,Shenzhen Bao'an International Airport,SZX,2024-07-29 01:05,260,Shenzhen,Premium Economy,855,Y,365.0,True,617,Y,Y,Y,1,5,2,46,Sunday,True,False,False,Singapore Changi Airport,SIN
Kuala Lumpur International Airport,KUL,2024-07-28 04:20,Shenzhen Bao'an International Airport,SZX,2024-07-28 08:40,260,Shenzhen,Premium Economy,740,Y,240.0,,680,Y,Y,Y,1,5,2,46,Sunday,False,False,False,Singapore Changi Airport,SIN
Kuala Lumpur International Airport,KUL,2024-07-29 11:55,Singapore Changi Airport,SIN,2024-07-29 12:55,60,Scoot,Premium Economy,60,N,,,62,Y,Y,Y,2,15,1,30,Monday,False,False,False,Singapore Changi Airport,SIN
Kuala Lumpur International Airport,KUL,2024-07-29 19:15,Singapore Changi Airport,SIN,2024-07-29 20:25,70,Scoot,Premium Economy,70,N,,,90,Y,Y,Y,2,15,1,30,Monday,False,False,False,Singapore Changi Airport,SIN
Kuala Lumpur International Airport,KUL,2024-07-29 04:20,Shenzhen Bao'an International Airport,SZX,2024-07-29 08:40,260,Shenzhen,Premium Economy,740,Y,240.0,,617,Y,Y,Y,1,5,2,46,Monday,False,False,False,Singapore Changi Airport,SIN
Kuala Lumpur International Airport,KUL,2024-07-29 20:45,Shenzhen Bao'an International Airport,SZX,2024-07-30 01:05,260,Shenzhen,Premium Economy,855,Y,365.0,True,617,Y,Y,Y,1,5,2,46,Monday,True,False,False,Singapore Changi Airport,SIN
Kuala Lumpur International Airport,KUL,2024-07-30 19:15,Singapore Changi Airport,SIN,2024-07-30 20:25,70,Scoot,Premium Economy,70,N,,,62,Y,Y,Y,2,15,1,30,Tuesday,False,False,False,Singapore Changi Airport,SIN
Kuala Lumpur International Airport,KUL,2024-07-30 04:20,Shenzhen Bao'an International Airport,SZX,2024-07-30 08:40,260,Shenzhen,Premium Economy,740,Y,240.0,,617,Y,Y,Y,1,5,2,46,Tuesday,False,False,False,Singapore Changi Airport,SIN
Kuala Lumpur International Airport,KUL,2024-07-30 20:45,Shenzhen Bao'an International Airport,SZX,2024-07-31 01:05,260,Shenzhen,Premium Economy,855,Y,365.0,True,617,Y,Y,Y,1,5,2,46,Tuesday,True,False,False,Singapore Changi Airport,SIN
Kuala Lumpur International Airport,KUL,2024-07-31 11:55,Singapore Changi Airport,SIN,2024-07-31 12:55,60,Scoot,Premium Economy,60,N,,,62,Y,Y,Y,2,15,1,30,Wednesday,False,False,False,Singapore Changi Airport,SIN
Kuala Lumpur International Airport,KUL,2024-07-31 20:45,Shenzhen Bao'an International Airport,SZX,2024-08-01 01:05,260,Shenzhen,Premium Economy,855,Y,365.0,True,617,Y,Y,Y,1,5,2,46,Wednesday,True,False,False,Singapore Changi Airport,SIN
Kuala Lumpur International Airport,KUL,2024-07-31 04:20,Shenzhen Bao'an International Airport,SZX,2024-07-31 08:40,260,Shenzhen,Premium Economy,740,Y,240.0,,2171,Y,Y,Y,1,5,2,46,Wednesday,False,False,False,Singapore Changi Airport,SIN
