Departure Airport Name,Departure Airport ID,Departure Time,Arrival Airport Name,Arrival Airport ID,Arrival Time,Duration,Airline,Travel Class,Total Duration,Layover 1 Duration,Layover 1 Overnight,Price, Cabin Baggage, Checked Baggage,Meal Included,Cabin Baggage (Number),Cabin Baggage (kg per piece),Checked Baggage (Number),Checked Baggage (kg per piece) ,Day of Week (on flight date),Departure Country Is Holiday,Arrival Country Is Holiday,Overnight Flight,Final Arrival Airport Name,Final Arrival Airport ID
Ninoy Aquino International Airport,MNL,2024-07-01 14:40,Haneda Airport,HND,2024-07-01 20:00,260,ANA,Premium Economy,960,280.0,,2835,Y,Y,Y,1,10,2,23,Monday,False,False,False,Singapore Changi Airport,SIN
Ninoy Aquino International Airport,MNL,2024-07-01 09:10,Narita International Airport,NRT,2024-07-01 14:50,280,ANA,Premium Economy,935,215.0,,2999,Y,Y,Y,1,10,2,23,Monday,False,False,False,Singapore Changi Airport,SIN
Ninoy Aquino International Airport,MNL,2024-07-02 14:40,Haneda Airport,HND,2024-07-02 20:00,260,ANA,Premium Economy,960,280.0,,2835,Y,Y,Y,1,10,2,23,Tuesday,False,False,False,Singapore Changi Airport,SIN
Ninoy Aquino International Airport,MNL,2024-07-05 14:40,Haneda Airport,HND,2024-07-05 20:00,260,ANA,Premium Economy,960,280.0,,2835,Y,Y,Y,1,10,2,23,Friday,False,False,False,Singapore Changi Airport,SIN
Ninoy Aquino International Airport,MNL,2024-07-06 09:10,Narita International Airport,NRT,2024-07-06 14:50,280,ANA,Premium Economy,935,215.0,,2837,Y,Y,Y,1,10,2,23,Saturday,False,False,False,Singapore Changi Airport,SIN
Ninoy Aquino International Airport,MNL,2024-07-07 14:40,Haneda Airport,HND,2024-07-07 20:00,260,ANA,Premium Economy,960,280.0,,2997,Y,Y,Y,1,10,2,23,Sunday,False,False,False,Singapore Changi Airport,SIN
Ninoy Aquino International Airport,MNL,2024-07-07 09:10,Narita International Airport,NRT,2024-07-07 14:50,280,ANA,Premium Economy,935,215.0,,2999,Y,Y,Y,1,10,2,23,Sunday,False,False,False,Singapore Changi Airport,SIN
Ninoy Aquino International Airport,MNL,2024-07-08 14:40,Haneda Airport,HND,2024-07-08 20:00,260,ANA,Premium Economy,960,280.0,,2835,Y,Y,Y,1,10,2,23,Monday,False,False,False,Singapore Changi Airport,SIN
Ninoy Aquino International Airport,MNL,2024-07-10 14:40,Haneda Airport,HND,2024-07-10 20:00,260,ANA,Premium Economy,960,280.0,,2835,Y,Y,Y,1,10,2,23,Wednesday,False,False,False,Singapore Changi Airport,SIN
Ninoy Aquino International Airport,MNL,2024-07-12 14:40,Haneda Airport,HND,2024-07-12 20:00,260,ANA,Premium Economy,960,280.0,,2835,Y,Y,Y,1,10,2,23,Friday,False,False,False,Singapore Changi Airport,SIN
Ninoy Aquino International Airport,MNL,2024-07-12 09:10,Narita International Airport,NRT,2024-07-12 14:50,280,ANA,Premium Economy,935,215.0,,2837,Y,Y,Y,1,10,2,23,Friday,False,False,False,Singapore Changi Airport,SIN
Ninoy Aquino International Airport,MNL,2024-07-13 09:10,Narita International Airport,NRT,2024-07-13 14:50,280,ANA,Premium Economy,935,215.0,,2837,Y,Y,Y,1,10,2,23,Saturday,False,False,False,Singapore Changi Airport,SIN
Ninoy Aquino International Airport,MNL,2024-07-14 14:40,Haneda Airport,HND,2024-07-14 20:00,260,ANA,Premium Economy,960,280.0,,2997,Y,Y,Y,1,10,2,23,Sunday,False,False,False,Singapore Changi Airport,SIN
Ninoy Aquino International Airport,MNL,2024-07-14 09:10,Narita International Airport,NRT,2024-07-14 14:50,280,ANA,Premium Economy,935,215.0,,2999,Y,Y,Y,1,10,2,23,Sunday,False,False,False,Singapore Changi Airport,SIN
Ninoy Aquino International Airport,MNL,2024-07-15 14:40,Haneda Airport,HND,2024-07-15 20:00,260,ANA,Premium Economy,960,280.0,,2835,Y,Y,Y,1,10,2,23,Monday,False,False,False,Singapore Changi Airport,SIN
Ninoy Aquino International Airport,MNL,2024-07-16 14:40,Haneda Airport,HND,2024-07-16 20:00,260,ANA,Premium Economy,960,280.0,,2835,Y,Y,Y,1,10,2,23,Tuesday,False,False,False,Singapore Changi Airport,SIN
Ninoy Aquino International Airport,MNL,2024-07-17 14:40,Haneda Airport,HND,2024-07-17 20:00,260,ANA,Premium Economy,960,280.0,,2835,Y,Y,Y,1,10,2,23,Wednesday,False,False,False,Singapore Changi Airport,SIN
Ninoy Aquino International Airport,MNL,2024-07-19 14:40,Haneda Airport,HND,2024-07-19 20:00,260,ANA,Premium Economy,960,280.0,,2835,Y,Y,Y,1,10,2,23,Friday,False,False,False,Singapore Changi Airport,SIN
Ninoy Aquino International Airport,MNL,2024-07-19 09:10,Narita International Airport,NRT,2024-07-19 14:50,280,ANA,Premium Economy,935,215.0,,2837,Y,Y,Y,1,10,2,23,Friday,False,False,False,Singapore Changi Airport,SIN
Ninoy Aquino International Airport,MNL,2024-07-20 09:10,Narita International Airport,NRT,2024-07-20 14:50,280,ANA,Premium Economy,935,215.0,,2837,Y,Y,Y,1,10,2,23,Saturday,False,False,False,Singapore Changi Airport,SIN
Ninoy Aquino International Airport,MNL,2024-07-21 14:40,Haneda Airport,HND,2024-07-21 20:00,260,ANA,Premium Economy,960,280.0,,2997,Y,Y,Y,1,10,2,23,Sunday,False,False,False,Singapore Changi Airport,SIN
Ninoy Aquino International Airport,MNL,2024-07-22 14:40,Haneda Airport,HND,2024-07-22 20:00,260,ANA,Premium Economy,960,280.0,,2835,Y,Y,Y,1,10,2,23,Monday,False,False,False,Singapore Changi Airport,SIN
Ninoy Aquino International Airport,MNL,2024-07-23 14:40,Haneda Airport,HND,2024-07-23 20:00,260,ANA,Premium Economy,960,280.0,,2835,Y,Y,Y,1,10,2,23,Tuesday,False,False,False,Singapore Changi Airport,SIN
Ninoy Aquino International Airport,MNL,2024-07-23 09:10,Narita International Airport,NRT,2024-07-23 14:50,280,ANA,Premium Economy,935,215.0,,2837,Y,Y,Y,1,10,2,23,Tuesday,False,False,False,Singapore Changi Airport,SIN
Ninoy Aquino International Airport,MNL,2024-07-24 14:40,Haneda Airport,HND,2024-07-24 20:00,260,ANA,Premium Economy,960,280.0,,2835,Y,Y,Y,1,10,2,23,Wednesday,False,False,False,Singapore Changi Airport,SIN
Ninoy Aquino International Airport,MNL,2024-07-24 09:10,Narita International Airport,NRT,2024-07-24 14:50,280,ANA,Premium Economy,935,215.0,,2837,Y,Y,Y,1,10,2,23,Wednesday,False,False,False,Singapore Changi Airport,SIN
Ninoy Aquino International Airport,MNL,2024-08-02 14:40,Haneda Airport,HND,2024-08-02 20:00,260,ANA,Premium Economy,960,280.0,,2835,Y,Y,Y,1,10,2,23,Friday,False,False,False,Singapore Changi Airport,SIN
Ninoy Aquino International Airport,MNL,2024-08-02 09:10,Narita International Airport,NRT,2024-08-02 14:50,280,ANA,Premium Economy,935,215.0,,2837,Y,Y,Y,1,10,2,23,Friday,False,False,False,Singapore Changi Airport,SIN
Ninoy Aquino International Airport,MNL,2024-08-03 09:10,Narita International Airport,NRT,2024-08-03 14:50,280,ANA,Premium Economy,935,215.0,,2837,Y,Y,Y,1,10,2,23,Saturday,False,False,False,Singapore Changi Airport,SIN
Ninoy Aquino International Airport,MNL,2024-08-04 09:10,Narita International Airport,NRT,2024-08-04 14:50,280,ANA,Premium Economy,935,215.0,,2999,Y,Y,Y,1,10,2,23,Sunday,False,False,False,Singapore Changi Airport,SIN
Ninoy Aquino International Airport,MNL,2024-08-05 09:35,Singapore Changi Airport,SIN,2024-08-05 13:15,220,Philippine Airlines,Premium Economy,220,,,506,Y,Y,Y,1,7,1,35,Monday,False,False,False,Singapore Changi Airport,SIN
Ninoy Aquino International Airport,MNL,2024-08-09 09:10,Narita International Airport,NRT,2024-08-09 14:50,280,ANA,Premium Economy,935,215.0,,2837,Y,Y,Y,1,10,2,23,Friday,False,True,False,Singapore Changi Airport,SIN
Ninoy Aquino International Airport,MNL,2024-08-10 09:10,Narita International Airport,NRT,2024-08-10 14:50,280,ANA,Premium Economy,935,215.0,,2837,Y,Y,Y,1,10,2,23,Saturday,False,False,False,Singapore Changi Airport,SIN
Ninoy Aquino International Airport,MNL,2024-08-11 09:10,Narita International Airport,NRT,2024-08-11 14:50,280,ANA,Premium Economy,935,215.0,,2999,Y,Y,Y,1,10,2,23,Sunday,False,False,False,Singapore Changi Airport,SIN
Ninoy Aquino International Airport,MNL,2024-08-12 14:40,Haneda Airport,HND,2024-08-12 20:00,260,ANA,Premium Economy,960,280.0,,2835,Y,Y,Y,1,10,2,23,Monday,False,False,False,Singapore Changi Airport,SIN
Ninoy Aquino International Airport,MNL,2024-08-14 14:40,Haneda Airport,HND,2024-08-14 20:00,260,ANA,Premium Economy,960,280.0,,2835,Y,Y,Y,1,10,2,23,Wednesday,False,False,False,Singapore Changi Airport,SIN
Ninoy Aquino International Airport,MNL,2024-08-15 14:40,Haneda Airport,HND,2024-08-15 20:00,260,ANA,Premium Economy,960,280.0,,2835,Y,Y,Y,1,10,2,23,Thursday,False,False,False,Singapore Changi Airport,SIN
Ninoy Aquino International Airport,MNL,2024-08-16 14:40,Haneda Airport,HND,2024-08-16 20:00,260,ANA,Premium Economy,960,280.0,,2835,Y,Y,Y,1,10,2,23,Friday,False,False,False,Singapore Changi Airport,SIN
Ninoy Aquino International Airport,MNL,2024-08-18 14:40,Haneda Airport,HND,2024-08-18 20:00,260,ANA,Premium Economy,960,280.0,,2997,Y,Y,Y,1,10,2,23,Sunday,False,False,False,Singapore Changi Airport,SIN
Ninoy Aquino International Airport,MNL,2024-08-18 09:10,Narita International Airport,NRT,2024-08-18 14:50,280,ANA,Premium Economy,935,215.0,,2999,Y,Y,Y,1,10,2,23,Sunday,False,False,False,Singapore Changi Airport,SIN
Ninoy Aquino International Airport,MNL,2024-08-20 09:10,Narita International Airport,NRT,2024-08-20 14:50,280,ANA,Premium Economy,935,215.0,,2837,Y,Y,Y,1,10,2,23,Tuesday,False,False,False,Singapore Changi Airport,SIN
Ninoy Aquino International Airport,MNL,2024-08-23 14:40,Haneda Airport,HND,2024-08-23 20:00,260,ANA,Premium Economy,960,280.0,,2835,Y,Y,Y,1,10,2,23,Friday,False,False,False,Singapore Changi Airport,SIN
Ninoy Aquino International Airport,MNL,2024-08-23 09:10,Narita International Airport,NRT,2024-08-23 14:50,280,ANA,Premium Economy,935,215.0,,2837,Y,Y,Y,1,10,2,23,Friday,False,False,False,Singapore Changi Airport,SIN
Ninoy Aquino International Airport,MNL,2024-08-25 09:10,Narita International Airport,NRT,2024-08-25 14:50,280,ANA,Premium Economy,935,215.0,,2999,Y,Y,Y,1,10,2,23,Sunday,False,False,False,Singapore Changi Airport,SIN
Ninoy Aquino International Airport,MNL,2024-08-27 09:10,Narita International Airport,NRT,2024-08-27 14:50,280,ANA,Premium Economy,935,215.0,,2837,Y,Y,Y,1,10,2,23,Tuesday,False,False,False,Singapore Changi Airport,SIN
Ninoy Aquino International Airport,MNL,2024-08-30 14:40,Haneda Airport,HND,2024-08-30 20:00,260,ANA,Premium Economy,960,280.0,,2835,Y,Y,Y,1,10,2,23,Friday,False,False,False,Singapore Changi Airport,SIN
Ninoy Aquino International Airport,MNL,2024-08-30 09:10,Narita International Airport,NRT,2024-08-30 14:50,280,ANA,Premium Economy,935,215.0,,2837,Y,Y,Y,1,10,2,23,Friday,False,False,False,Singapore Changi Airport,SIN
Ninoy Aquino International Airport,MNL,2024-08-31 09:10,Narita International Airport,NRT,2024-08-31 14:50,280,ANA,Premium Economy,935,215.0,,2837,Y,Y,Y,1,10,2,23,Saturday,False,False,False,Singapore Changi Airport,SIN
