Departure Airport Name,Departure Airport ID,Departure Time,Arrival Airport Name,Arrival Airport ID,Arrival Time,Duration,Airline,Travel Class,Total Duration,Layover 1 Duration,Layover 1 Overnight,Price, Cabin Baggage, Checked Baggage,Meal Included,Cabin Baggage (Number),Cabin Baggage (kg per piece),Checked Baggage (Number),Checked Baggage (kg per piece) ,Day of Week (on flight date),Departure Country Is Holiday,Arrival Country Is Holiday,Overnight Flight,Final Arrival Airport Name,Final Arrival Airport ID
Ninoy Aquino International Airport,MNL,2024-07-01 19:25,Suvarnabhumi Airport,BKK,2024-07-01 21:50,205,Philippine Airlines,Premium Economy,205,,,526,Y,Y,Y,1,7,1,35,Monday,False,False,False,Suvarnabhumi Airport,BKK
Ninoy Aquino International Airport,MNL,2024-07-02 14:40,Haneda Airport,HND,2024-07-02 20:00,260,ANA,Premium Economy,895,245.0,,2736,Y,Y,Y,1,10,2,23,Tuesday,False,False,False,Suvarnabhumi Airport,BKK
Ninoy Aquino International Airport,MNL,2024-07-04 19:25,Suvarnabhumi Airport,BKK,2024-07-04 21:50,205,Philippine Airlines,Premium Economy,205,,,526,Y,Y,Y,1,7,1,35,Thursday,False,False,False,Suvarnabhumi Airport,BKK
Ninoy Aquino International Airport,MNL,2024-07-05 14:40,Haneda Airport,HND,2024-07-05 20:00,260,ANA,Premium Economy,895,245.0,,2736,Y,Y,Y,1,10,2,23,Friday,False,False,False,Suvarnabhumi Airport,BKK
Ninoy Aquino International Airport,MNL,2024-07-05 09:10,Narita International Airport,NRT,2024-07-05 14:50,280,ANA,Premium Economy,945,260.0,,2737,Y,Y,Y,1,10,2,23,Friday,False,False,False,Suvarnabhumi Airport,BKK
Ninoy Aquino International Airport,MNL,2024-07-06 09:10,Narita International Airport,NRT,2024-07-06 14:50,280,ANA,Premium Economy,945,260.0,,2737,Y,Y,Y,1,10,2,23,Saturday,False,False,False,Suvarnabhumi Airport,BKK
Ninoy Aquino International Airport,MNL,2024-07-06 14:40,Haneda Airport,HND,2024-07-06 20:00,260,ANA,Premium Economy,895,245.0,,2898,Y,Y,Y,1,10,2,23,Saturday,False,False,False,Suvarnabhumi Airport,BKK
Ninoy Aquino International Airport,MNL,2024-07-07 14:40,Haneda Airport,HND,2024-07-07 20:00,260,ANA,Premium Economy,895,245.0,,2898,Y,Y,Y,1,10,2,23,Sunday,False,False,False,Suvarnabhumi Airport,BKK
Ninoy Aquino International Airport,MNL,2024-07-07 09:10,Narita International Airport,NRT,2024-07-07 14:50,280,ANA,Premium Economy,945,260.0,,2900,Y,Y,Y,1,10,2,23,Sunday,False,False,False,Suvarnabhumi Airport,BKK
Ninoy Aquino International Airport,MNL,2024-07-09 09:10,Narita International Airport,NRT,2024-07-09 14:50,280,ANA,Premium Economy,945,260.0,,2737,Y,Y,Y,1,10,2,23,Tuesday,False,False,False,Suvarnabhumi Airport,BKK
Ninoy Aquino International Airport,MNL,2024-07-10 19:25,Suvarnabhumi Airport,BKK,2024-07-10 21:50,205,Philippine Airlines,Premium Economy,205,,,526,Y,Y,Y,1,7,1,35,Wednesday,False,False,False,Suvarnabhumi Airport,BKK
Ninoy Aquino International Airport,MNL,2024-07-12 19:25,Suvarnabhumi Airport,BKK,2024-07-12 21:50,205,Philippine Airlines,Premium Economy,205,,,526,Y,Y,Y,1,7,1,35,Friday,False,False,False,Suvarnabhumi Airport,BKK
Ninoy Aquino International Airport,MNL,2024-07-15 19:25,Suvarnabhumi Airport,BKK,2024-07-15 21:50,205,Philippine Airlines,Premium Economy,205,,,526,Y,Y,Y,1,7,1,35,Monday,False,False,False,Suvarnabhumi Airport,BKK
Ninoy Aquino International Airport,MNL,2024-07-17 19:25,Suvarnabhumi Airport,BKK,2024-07-17 21:50,205,Philippine Airlines,Premium Economy,205,,,526,Y,Y,Y,1,7,1,35,Wednesday,False,False,False,Suvarnabhumi Airport,BKK
Ninoy Aquino International Airport,MNL,2024-07-18 14:35,Suvarnabhumi Airport,BKK,2024-07-18 17:10,215,Philippine Airlines,Premium Economy,215,,,526,Y,Y,Y,1,7,1,35,Thursday,False,False,False,Suvarnabhumi Airport,BKK
Ninoy Aquino International Airport,MNL,2024-07-19 14:40,Haneda Airport,HND,2024-07-19 20:00,260,ANA,Premium Economy,895,245.0,,2736,Y,Y,Y,1,10,2,23,Friday,False,False,False,Suvarnabhumi Airport,BKK
Ninoy Aquino International Airport,MNL,2024-07-19 09:10,Narita International Airport,NRT,2024-07-19 14:50,280,ANA,Premium Economy,945,260.0,,2737,Y,Y,Y,1,10,2,23,Friday,False,False,False,Suvarnabhumi Airport,BKK
Ninoy Aquino International Airport,MNL,2024-07-20 09:40,Suvarnabhumi Airport,BKK,2024-07-20 12:15,215,Philippine Airlines,Premium Economy,215,,,556,Y,Y,Y,1,7,1,35,Saturday,False,True,False,Suvarnabhumi Airport,BKK
Ninoy Aquino International Airport,MNL,2024-07-20 14:40,Haneda Airport,HND,2024-07-20 20:00,260,ANA,Premium Economy,895,245.0,,2898,Y,Y,Y,1,10,2,23,Saturday,False,True,False,Suvarnabhumi Airport,BKK
Ninoy Aquino International Airport,MNL,2024-07-21 14:40,Haneda Airport,HND,2024-07-21 20:00,260,ANA,Premium Economy,895,245.0,,2898,Y,Y,Y,1,10,2,23,Sunday,False,False,False,Suvarnabhumi Airport,BKK
Ninoy Aquino International Airport,MNL,2024-07-21 09:10,Narita International Airport,NRT,2024-07-21 14:50,280,ANA,Premium Economy,945,260.0,,2900,Y,Y,Y,1,10,2,23,Sunday,False,False,False,Suvarnabhumi Airport,BKK
Ninoy Aquino International Airport,MNL,2024-07-22 14:40,Haneda Airport,HND,2024-07-22 20:00,260,ANA,Premium Economy,895,245.0,,2736,Y,Y,Y,1,10,2,23,Monday,False,True,False,Suvarnabhumi Airport,BKK
Ninoy Aquino International Airport,MNL,2024-07-23 14:40,Haneda Airport,HND,2024-07-23 20:00,260,ANA,Premium Economy,895,245.0,,2736,Y,Y,Y,1,10,2,23,Tuesday,False,False,False,Suvarnabhumi Airport,BKK
Ninoy Aquino International Airport,MNL,2024-07-23 09:10,Narita International Airport,NRT,2024-07-23 14:50,280,ANA,Premium Economy,945,260.0,,2737,Y,Y,Y,1,10,2,23,Tuesday,False,False,False,Suvarnabhumi Airport,BKK
Ninoy Aquino International Airport,MNL,2024-07-24 14:40,Haneda Airport,HND,2024-07-24 20:00,260,ANA,Premium Economy,895,245.0,,2736,Y,Y,Y,1,10,2,23,Wednesday,False,False,False,Suvarnabhumi Airport,BKK
Ninoy Aquino International Airport,MNL,2024-07-25 14:40,Haneda Airport,HND,2024-07-25 20:00,260,ANA,Premium Economy,895,245.0,,2736,Y,Y,Y,1,10,2,23,Thursday,False,False,False,Suvarnabhumi Airport,BKK
Ninoy Aquino International Airport,MNL,2024-07-26 14:40,Haneda Airport,HND,2024-07-26 20:00,260,ANA,Premium Economy,895,245.0,,2736,Y,Y,Y,1,10,2,23,Friday,False,False,False,Suvarnabhumi Airport,BKK
Ninoy Aquino International Airport,MNL,2024-07-26 09:10,Narita International Airport,NRT,2024-07-26 14:50,280,ANA,Premium Economy,945,260.0,,2737,Y,Y,Y,1,10,2,23,Friday,False,False,False,Suvarnabhumi Airport,BKK
Ninoy Aquino International Airport,MNL,2024-07-27 09:10,Narita International Airport,NRT,2024-07-27 14:50,280,ANA,Premium Economy,945,260.0,,2737,Y,Y,Y,1,10,2,23,Saturday,False,False,False,Suvarnabhumi Airport,BKK
Ninoy Aquino International Airport,MNL,2024-07-28 09:10,Narita International Airport,NRT,2024-07-28 14:50,280,ANA,Premium Economy,945,260.0,,2900,Y,Y,Y,1,10,2,23,Sunday,False,True,False,Suvarnabhumi Airport,BKK
Ninoy Aquino International Airport,MNL,2024-07-30 09:10,Narita International Airport,NRT,2024-07-30 14:50,280,ANA,Premium Economy,945,260.0,,2737,Y,Y,Y,1,10,2,23,Tuesday,False,False,False,Suvarnabhumi Airport,BKK
Ninoy Aquino International Airport,MNL,2024-08-01 14:35,Suvarnabhumi Airport,BKK,2024-08-01 17:10,215,Philippine Airlines,Premium Economy,215,,,526,Y,Y,Y,1,7,1,35,Thursday,False,False,False,Suvarnabhumi Airport,BKK
Ninoy Aquino International Airport,MNL,2024-08-02 14:40,Haneda Airport,HND,2024-08-02 20:00,260,ANA,Premium Economy,895,245.0,,2736,Y,Y,Y,1,10,2,23,Friday,False,False,False,Suvarnabhumi Airport,BKK
Ninoy Aquino International Airport,MNL,2024-08-02 09:10,Narita International Airport,NRT,2024-08-02 14:50,280,ANA,Premium Economy,945,260.0,,2737,Y,Y,Y,1,10,2,23,Friday,False,False,False,Suvarnabhumi Airport,BKK
Ninoy Aquino International Airport,MNL,2024-08-03 09:10,Narita International Airport,NRT,2024-08-03 14:50,280,ANA,Premium Economy,945,260.0,,2737,Y,Y,Y,1,10,2,23,Saturday,False,False,False,Suvarnabhumi Airport,BKK
Ninoy Aquino International Airport,MNL,2024-08-04 09:10,Narita International Airport,NRT,2024-08-04 14:50,280,ANA,Premium Economy,945,260.0,,2900,Y,Y,Y,1,10,2,23,Sunday,False,False,False,Suvarnabhumi Airport,BKK
Ninoy Aquino International Airport,MNL,2024-08-05 09:10,Narita International Airport,NRT,2024-08-05 14:50,280,ANA,Premium Economy,945,260.0,,2900,Y,Y,Y,1,10,2,23,Monday,False,False,False,Suvarnabhumi Airport,BKK
Ninoy Aquino International Airport,MNL,2024-08-06 09:10,Narita International Airport,NRT,2024-08-06 14:50,280,ANA,Premium Economy,945,260.0,,2737,Y,Y,Y,1,10,2,23,Tuesday,False,False,False,Suvarnabhumi Airport,BKK
Ninoy Aquino International Airport,MNL,2024-08-07 19:25,Suvarnabhumi Airport,BKK,2024-08-07 21:50,205,Philippine Airlines,Premium Economy,205,,,526,Y,Y,Y,1,7,1,35,Wednesday,False,False,False,Suvarnabhumi Airport,BKK
Ninoy Aquino International Airport,MNL,2024-08-08 14:35,Suvarnabhumi Airport,BKK,2024-08-08 17:10,215,Philippine Airlines,Premium Economy,215,,,526,Y,Y,Y,1,7,1,35,Thursday,False,False,False,Suvarnabhumi Airport,BKK
Ninoy Aquino International Airport,MNL,2024-08-09 09:10,Narita International Airport,NRT,2024-08-09 14:50,280,ANA,Premium Economy,945,260.0,,2737,Y,Y,Y,1,10,2,23,Friday,False,False,False,Suvarnabhumi Airport,BKK
Ninoy Aquino International Airport,MNL,2024-08-10 09:10,Narita International Airport,NRT,2024-08-10 14:50,280,ANA,Premium Economy,945,260.0,,2737,Y,Y,Y,1,10,2,23,Saturday,False,False,False,Suvarnabhumi Airport,BKK
Ninoy Aquino International Airport,MNL,2024-08-11 09:10,Narita International Airport,NRT,2024-08-11 14:50,280,ANA,Premium Economy,945,260.0,,2900,Y,Y,Y,1,10,2,23,Sunday,False,False,False,Suvarnabhumi Airport,BKK
Ninoy Aquino International Airport,MNL,2024-08-13 09:10,Narita International Airport,NRT,2024-08-13 14:50,280,ANA,Premium Economy,945,260.0,,2737,Y,Y,Y,1,10,2,23,Tuesday,False,False,False,Suvarnabhumi Airport,BKK
Ninoy Aquino International Airport,MNL,2024-08-18 14:40,Haneda Airport,HND,2024-08-18 20:00,260,ANA,Premium Economy,895,245.0,,2898,Y,Y,Y,1,10,2,23,Sunday,False,False,False,Suvarnabhumi Airport,BKK
Ninoy Aquino International Airport,MNL,2024-08-18 09:10,Narita International Airport,NRT,2024-08-18 14:50,280,ANA,Premium Economy,945,260.0,,2900,Y,Y,Y,1,10,2,23,Sunday,False,False,False,Suvarnabhumi Airport,BKK
Ninoy Aquino International Airport,MNL,2024-08-20 09:10,Narita International Airport,NRT,2024-08-20 14:50,280,ANA,Premium Economy,945,260.0,,2737,Y,Y,Y,1,10,2,23,Tuesday,False,False,False,Suvarnabhumi Airport,BKK
Ninoy Aquino International Airport,MNL,2024-08-23 14:40,Haneda Airport,HND,2024-08-23 20:00,260,ANA,Premium Economy,895,245.0,,2736,Y,Y,Y,1,10,2,23,Friday,False,False,False,Suvarnabhumi Airport,BKK
Ninoy Aquino International Airport,MNL,2024-08-23 09:10,Narita International Airport,NRT,2024-08-23 14:50,280,ANA,Premium Economy,945,260.0,,2737,Y,Y,Y,1,10,2,23,Friday,False,False,False,Suvarnabhumi Airport,BKK
Ninoy Aquino International Airport,MNL,2024-08-24 14:40,Haneda Airport,HND,2024-08-24 20:00,260,ANA,Premium Economy,895,245.0,,2898,Y,Y,Y,1,10,2,23,Saturday,False,False,False,Suvarnabhumi Airport,BKK
Ninoy Aquino International Airport,MNL,2024-08-25 09:10,Narita International Airport,NRT,2024-08-25 14:50,280,ANA,Premium Economy,945,260.0,,2900,Y,Y,Y,1,10,2,23,Sunday,False,False,False,Suvarnabhumi Airport,BKK
Ninoy Aquino International Airport,MNL,2024-08-27 09:10,Narita International Airport,NRT,2024-08-27 14:50,280,ANA,Premium Economy,945,260.0,,2737,Y,Y,Y,1,10,2,23,Tuesday,False,False,False,Suvarnabhumi Airport,BKK
Ninoy Aquino International Airport,MNL,2024-08-30 14:40,Haneda Airport,HND,2024-08-30 20:00,260,ANA,Premium Economy,895,245.0,,2736,Y,Y,Y,1,10,2,23,Friday,False,False,False,Suvarnabhumi Airport,BKK
Ninoy Aquino International Airport,MNL,2024-08-30 09:10,Narita International Airport,NRT,2024-08-30 14:50,280,ANA,Premium Economy,945,260.0,,2737,Y,Y,Y,1,10,2,23,Friday,False,False,False,Suvarnabhumi Airport,BKK
Ninoy Aquino International Airport,MNL,2024-08-31 09:10,Narita International Airport,NRT,2024-08-31 14:50,280,ANA,Premium Economy,945,260.0,,2737,Y,Y,Y,1,10,2,23,Saturday,False,False,False,Suvarnabhumi Airport,BKK
