Departure Airport Name,Departure Airport ID,Departure Time,Arrival Airport Name,Arrival Airport ID,Arrival Time,Duration,Airline,Travel Class,Total Duration,Layover 1 Duration,Layover 1 Overnight,Price, Cabin Baggage, Checked Baggage,Meal Included,Cabin Baggage (Number),Cabin Baggage (kg per piece),Checked Baggage (Number),Checked Baggage (kg per piece) ,Day of Week (on flight date),Departure Country Is Holiday,Arrival Country Is Holiday,Overnight Flight,Final Arrival Airport Name,Final Arrival Airport ID
Ninoy Aquino International Airport,MNL,2024-07-01 06:55,Singapore Changi Airport,SIN,2024-07-01 10:30,215,Scoot,Premium Economy,1675,1285,True,1458,Y,Y,Y,1,7,1,30,Monday,False,False,False,Yangon International Airport,RGN
Ninoy Aquino International Airport,MNL,2024-07-02 06:55,Singapore Changi Airport,SIN,2024-07-02 10:30,215,Scoot,Premium Economy,1675,1285,True,1077,Y,Y,Y,1,7,1,30,Tuesday,False,False,False,Yangon International Airport,RGN
Ninoy Aquino International Airport,MNL,2024-07-03 06:55,Singapore Changi Airport,SIN,2024-07-03 10:30,215,Scoot,Premium Economy,1675,1285,True,1458,Y,Y,Y,1,7,1,30,Wednesday,False,False,False,Yangon International Airport,RGN
Ninoy Aquino International Airport,MNL,2024-07-04 06:55,Singapore Changi Airport,SIN,2024-07-04 10:30,215,Scoot,Premium Economy,1675,1285,True,1077,Y,Y,Y,1,7,1,30,Thursday,False,False,False,Yangon International Airport,RGN
Ninoy Aquino International Airport,MNL,2024-07-05 06:55,Singapore Changi Airport,SIN,2024-07-05 10:30,215,Scoot,Premium Economy,1675,1285,True,1077,Y,Y,Y,1,7,1,30,Friday,False,False,False,Yangon International Airport,RGN
Ninoy Aquino International Airport,MNL,2024-07-06 06:55,Singapore Changi Airport,SIN,2024-07-06 10:30,215,Scoot,Premium Economy,1675,1285,True,1458,Y,Y,Y,1,7,1,30,Saturday,False,False,False,Yangon International Airport,RGN
Ninoy Aquino International Airport,MNL,2024-07-07 06:55,Singapore Changi Airport,SIN,2024-07-07 10:30,215,Scoot,Premium Economy,1675,1285,True,1849,Y,Y,Y,1,7,1,30,Sunday,False,False,False,Yangon International Airport,RGN
Ninoy Aquino International Airport,MNL,2024-07-08 06:55,Singapore Changi Airport,SIN,2024-07-08 10:30,215,Scoot,Premium Economy,1675,1285,True,1077,Y,Y,Y,1,7,1,30,Monday,False,False,False,Yangon International Airport,RGN
Ninoy Aquino International Airport,MNL,2024-07-09 06:55,Singapore Changi Airport,SIN,2024-07-09 10:30,215,Scoot,Premium Economy,1675,1285,True,1849,Y,Y,Y,1,7,1,30,Tuesday,False,False,False,Yangon International Airport,RGN
Ninoy Aquino International Airport,MNL,2024-07-10 06:55,Singapore Changi Airport,SIN,2024-07-10 10:30,215,Scoot,Premium Economy,1675,1285,True,872,Y,Y,Y,1,7,1,30,Wednesday,False,False,False,Yangon International Airport,RGN
Ninoy Aquino International Airport,MNL,2024-07-11 06:55,Singapore Changi Airport,SIN,2024-07-11 10:30,215,Scoot,Premium Economy,1675,1285,True,872,Y,Y,Y,1,7,1,30,Thursday,False,False,False,Yangon International Airport,RGN
Ninoy Aquino International Airport,MNL,2024-07-12 06:55,Singapore Changi Airport,SIN,2024-07-12 10:30,215,Scoot,Premium Economy,1675,1285,True,1077,Y,Y,Y,1,7,1,30,Friday,False,False,False,Yangon International Airport,RGN
Ninoy Aquino International Airport,MNL,2024-07-13 06:55,Singapore Changi Airport,SIN,2024-07-13 10:30,215,Scoot,Premium Economy,1675,1285,True,872,Y,Y,Y,1,7,1,30,Saturday,False,False,False,Yangon International Airport,RGN
Ninoy Aquino International Airport,MNL,2024-07-14 06:55,Singapore Changi Airport,SIN,2024-07-14 10:30,215,Scoot,Premium Economy,1675,1285,True,1077,Y,Y,Y,1,7,1,30,Sunday,False,False,False,Yangon International Airport,RGN
Ninoy Aquino International Airport,MNL,2024-07-15 06:55,Singapore Changi Airport,SIN,2024-07-15 10:30,215,Scoot,Premium Economy,1675,1285,True,872,Y,Y,Y,1,7,1,30,Monday,False,False,False,Yangon International Airport,RGN
Ninoy Aquino International Airport,MNL,2024-07-16 06:55,Singapore Changi Airport,SIN,2024-07-16 10:30,215,Scoot,Premium Economy,1675,1285,True,1077,Y,Y,Y,1,7,1,30,Tuesday,False,False,False,Yangon International Airport,RGN
Ninoy Aquino International Airport,MNL,2024-07-17 06:55,Singapore Changi Airport,SIN,2024-07-17 10:30,215,Scoot,Premium Economy,1675,1285,True,872,Y,Y,Y,1,7,1,30,Wednesday,False,False,False,Yangon International Airport,RGN
Ninoy Aquino International Airport,MNL,2024-07-18 06:55,Singapore Changi Airport,SIN,2024-07-18 10:30,215,Scoot,Premium Economy,1675,1285,True,872,Y,Y,Y,1,7,1,30,Thursday,False,False,False,Yangon International Airport,RGN
Ninoy Aquino International Airport,MNL,2024-07-19 06:55,Singapore Changi Airport,SIN,2024-07-19 10:30,215,Scoot,Premium Economy,1675,1285,True,872,Y,Y,Y,1,7,1,30,Friday,False,True,False,Yangon International Airport,RGN
Ninoy Aquino International Airport,MNL,2024-07-20 06:55,Singapore Changi Airport,SIN,2024-07-20 10:30,215,Scoot,Premium Economy,1675,1285,True,1458,Y,Y,Y,1,7,1,30,Saturday,False,True,False,Yangon International Airport,RGN
Ninoy Aquino International Airport,MNL,2024-07-21 06:55,Singapore Changi Airport,SIN,2024-07-21 10:30,215,Scoot,Premium Economy,1675,1285,True,1077,Y,Y,Y,1,7,1,30,Sunday,False,False,False,Yangon International Airport,RGN
Ninoy Aquino International Airport,MNL,2024-07-22 06:55,Singapore Changi Airport,SIN,2024-07-22 10:30,215,Scoot,Premium Economy,1675,1285,True,872,Y,Y,Y,1,7,1,30,Monday,False,False,False,Yangon International Airport,RGN
Ninoy Aquino International Airport,MNL,2024-07-23 06:55,Singapore Changi Airport,SIN,2024-07-23 10:30,215,Scoot,Premium Economy,1675,1285,True,872,Y,Y,Y,1,7,1,30,Tuesday,False,False,False,Yangon International Airport,RGN
Ninoy Aquino International Airport,MNL,2024-07-24 06:55,Singapore Changi Airport,SIN,2024-07-24 10:30,215,Scoot,Premium Economy,1675,1285,True,872,Y,Y,Y,1,7,1,30,Wednesday,False,False,False,Yangon International Airport,RGN
Ninoy Aquino International Airport,MNL,2024-07-25 06:55,Singapore Changi Airport,SIN,2024-07-25 10:30,215,Scoot,Premium Economy,1675,1285,True,872,Y,Y,Y,1,7,1,30,Thursday,False,False,False,Yangon International Airport,RGN
Ninoy Aquino International Airport,MNL,2024-07-26 06:55,Singapore Changi Airport,SIN,2024-07-26 10:30,215,Scoot,Premium Economy,1675,1285,True,872,Y,Y,Y,1,7,1,30,Friday,False,False,False,Yangon International Airport,RGN
Ninoy Aquino International Airport,MNL,2024-07-27 06:55,Singapore Changi Airport,SIN,2024-07-27 10:30,215,Scoot,Premium Economy,1675,1285,True,1077,Y,Y,Y,1,7,1,30,Saturday,False,False,False,Yangon International Airport,RGN
Ninoy Aquino International Airport,MNL,2024-07-28 06:55,Singapore Changi Airport,SIN,2024-07-28 10:30,215,Scoot,Premium Economy,1675,1285,True,1077,Y,Y,Y,1,7,1,30,Sunday,False,False,False,Yangon International Airport,RGN
Ninoy Aquino International Airport,MNL,2024-07-29 06:55,Singapore Changi Airport,SIN,2024-07-29 10:30,215,Scoot,Premium Economy,1675,1285,True,872,Y,Y,Y,1,7,1,30,Monday,False,False,False,Yangon International Airport,RGN
Ninoy Aquino International Airport,MNL,2024-07-30 06:55,Singapore Changi Airport,SIN,2024-07-30 10:30,215,Scoot,Premium Economy,1675,1285,True,872,Y,Y,Y,1,7,1,30,Tuesday,False,False,False,Yangon International Airport,RGN
Ninoy Aquino International Airport,MNL,2024-07-31 06:55,Singapore Changi Airport,SIN,2024-07-31 10:30,215,Scoot,Premium Economy,1675,1285,True,872,Y,Y,Y,1,7,1,30,Wednesday,False,False,False,Yangon International Airport,RGN
Ninoy Aquino International Airport,MNL,2024-08-01 06:55,Singapore Changi Airport,SIN,2024-08-01 10:30,215,Scoot,Premium Economy,1675,1285,True,872,Y,Y,Y,1,7,1,30,Thursday,False,False,False,Yangon International Airport,RGN
Ninoy Aquino International Airport,MNL,2024-08-02 06:55,Singapore Changi Airport,SIN,2024-08-02 10:30,215,Scoot,Premium Economy,1675,1285,True,1077,Y,Y,Y,1,7,1,30,Friday,False,False,False,Yangon International Airport,RGN
Ninoy Aquino International Airport,MNL,2024-08-03 06:55,Singapore Changi Airport,SIN,2024-08-03 10:30,215,Scoot,Premium Economy,1675,1285,True,1077,Y,Y,Y,1,7,1,30,Saturday,False,False,False,Yangon International Airport,RGN
Ninoy Aquino International Airport,MNL,2024-08-04 06:55,Singapore Changi Airport,SIN,2024-08-04 10:30,215,Scoot,Premium Economy,1675,1285,True,1077,Y,Y,Y,1,7,1,30,Sunday,False,False,False,Yangon International Airport,RGN
Ninoy Aquino International Airport,MNL,2024-08-05 06:55,Singapore Changi Airport,SIN,2024-08-05 10:30,215,Scoot,Premium Economy,1675,1285,True,872,Y,Y,Y,1,7,1,30,Monday,False,False,False,Yangon International Airport,RGN
Ninoy Aquino International Airport,MNL,2024-08-06 06:55,Singapore Changi Airport,SIN,2024-08-06 10:30,215,Scoot,Premium Economy,1675,1285,True,872,Y,Y,Y,1,7,1,30,Tuesday,False,False,False,Yangon International Airport,RGN
Ninoy Aquino International Airport,MNL,2024-08-07 06:55,Singapore Changi Airport,SIN,2024-08-07 10:30,215,Scoot,Premium Economy,1675,1285,True,872,Y,Y,Y,1,7,1,30,Wednesday,False,False,False,Yangon International Airport,RGN
Ninoy Aquino International Airport,MNL,2024-08-08 06:55,Singapore Changi Airport,SIN,2024-08-08 10:30,215,Scoot,Premium Economy,1675,1285,True,872,Y,Y,Y,1,7,1,30,Thursday,False,False,False,Yangon International Airport,RGN
Ninoy Aquino International Airport,MNL,2024-08-09 06:55,Singapore Changi Airport,SIN,2024-08-09 10:30,215,Scoot,Premium Economy,1675,1285,True,872,Y,Y,Y,1,7,1,30,Friday,False,False,False,Yangon International Airport,RGN
Ninoy Aquino International Airport,MNL,2024-08-10 06:55,Singapore Changi Airport,SIN,2024-08-10 10:30,215,Scoot,Premium Economy,1675,1285,True,872,Y,Y,Y,1,7,1,30,Saturday,False,False,False,Yangon International Airport,RGN
Ninoy Aquino International Airport,MNL,2024-08-11 06:55,Singapore Changi Airport,SIN,2024-08-11 10:30,215,Scoot,Premium Economy,1675,1285,True,1077,Y,Y,Y,1,7,1,30,Sunday,False,False,False,Yangon International Airport,RGN
Ninoy Aquino International Airport,MNL,2024-08-12 06:55,Singapore Changi Airport,SIN,2024-08-12 10:30,215,Scoot,Premium Economy,1675,1285,True,872,Y,Y,Y,1,7,1,30,Monday,False,False,False,Yangon International Airport,RGN
Ninoy Aquino International Airport,MNL,2024-08-13 06:55,Singapore Changi Airport,SIN,2024-08-13 10:30,215,Scoot,Premium Economy,1675,1285,True,872,Y,Y,Y,1,7,1,30,Tuesday,False,False,False,Yangon International Airport,RGN
Ninoy Aquino International Airport,MNL,2024-08-14 06:55,Singapore Changi Airport,SIN,2024-08-14 10:30,215,Scoot,Premium Economy,1675,1285,True,872,Y,Y,Y,1,7,1,30,Wednesday,False,False,False,Yangon International Airport,RGN
Ninoy Aquino International Airport,MNL,2024-08-15 06:55,Singapore Changi Airport,SIN,2024-08-15 10:30,215,Scoot,Premium Economy,1675,1285,True,1077,Y,Y,Y,1,7,1,30,Thursday,False,False,False,Yangon International Airport,RGN
Ninoy Aquino International Airport,MNL,2024-08-16 06:55,Singapore Changi Airport,SIN,2024-08-16 10:30,215,Scoot,Premium Economy,1675,1285,True,872,Y,Y,Y,1,7,1,30,Friday,False,False,False,Yangon International Airport,RGN
Ninoy Aquino International Airport,MNL,2024-08-17 06:55,Singapore Changi Airport,SIN,2024-08-17 10:30,215,Scoot,Premium Economy,1675,1285,True,872,Y,Y,Y,1,7,1,30,Saturday,False,False,False,Yangon International Airport,RGN
Ninoy Aquino International Airport,MNL,2024-08-18 06:55,Singapore Changi Airport,SIN,2024-08-18 10:30,215,Scoot,Premium Economy,1675,1285,True,1077,Y,Y,Y,1,7,1,30,Sunday,False,False,False,Yangon International Airport,RGN
Ninoy Aquino International Airport,MNL,2024-08-19 06:55,Singapore Changi Airport,SIN,2024-08-19 10:30,215,Scoot,Premium Economy,1675,1285,True,1077,Y,Y,Y,1,7,1,30,Monday,False,False,False,Yangon International Airport,RGN
Ninoy Aquino International Airport,MNL,2024-08-20 06:55,Singapore Changi Airport,SIN,2024-08-20 10:30,215,Scoot,Premium Economy,1675,1285,True,872,Y,Y,Y,1,7,1,30,Tuesday,False,False,False,Yangon International Airport,RGN
Ninoy Aquino International Airport,MNL,2024-08-21 06:55,Singapore Changi Airport,SIN,2024-08-21 10:30,215,Scoot,Premium Economy,1675,1285,True,872,Y,Y,Y,1,7,1,30,Wednesday,True,False,False,Yangon International Airport,RGN
Ninoy Aquino International Airport,MNL,2024-08-22 06:55,Singapore Changi Airport,SIN,2024-08-22 10:30,215,Scoot,Premium Economy,1675,1285,True,872,Y,Y,Y,1,7,1,30,Thursday,False,False,False,Yangon International Airport,RGN
Ninoy Aquino International Airport,MNL,2024-08-23 06:55,Singapore Changi Airport,SIN,2024-08-23 10:30,215,Scoot,Premium Economy,1675,1285,True,872,Y,Y,Y,1,7,1,30,Friday,False,False,False,Yangon International Airport,RGN
Ninoy Aquino International Airport,MNL,2024-08-24 06:55,Singapore Changi Airport,SIN,2024-08-24 10:30,215,Scoot,Premium Economy,1675,1285,True,872,Y,Y,Y,1,7,1,30,Saturday,False,False,False,Yangon International Airport,RGN
Ninoy Aquino International Airport,MNL,2024-08-25 06:55,Singapore Changi Airport,SIN,2024-08-25 10:30,215,Scoot,Premium Economy,1675,1285,True,1077,Y,Y,Y,1,7,1,30,Sunday,False,False,False,Yangon International Airport,RGN
Ninoy Aquino International Airport,MNL,2024-08-26 06:55,Singapore Changi Airport,SIN,2024-08-26 10:30,215,Scoot,Premium Economy,1675,1285,True,1077,Y,Y,Y,1,7,1,30,Monday,True,False,False,Yangon International Airport,RGN
Ninoy Aquino International Airport,MNL,2024-08-27 06:55,Singapore Changi Airport,SIN,2024-08-27 10:30,215,Scoot,Premium Economy,1675,1285,True,872,Y,Y,Y,1,7,1,30,Tuesday,False,False,False,Yangon International Airport,RGN
Ninoy Aquino International Airport,MNL,2024-08-28 06:55,Singapore Changi Airport,SIN,2024-08-28 10:30,215,Scoot,Premium Economy,1675,1285,True,872,Y,Y,Y,1,7,1,30,Wednesday,False,False,False,Yangon International Airport,RGN
Ninoy Aquino International Airport,MNL,2024-08-29 06:55,Singapore Changi Airport,SIN,2024-08-29 10:30,215,Scoot,Premium Economy,1675,1285,True,872,Y,Y,Y,1,7,1,30,Thursday,False,False,False,Yangon International Airport,RGN
Ninoy Aquino International Airport,MNL,2024-08-30 06:55,Singapore Changi Airport,SIN,2024-08-30 10:30,215,Scoot,Premium Economy,1675,1285,True,872,Y,Y,Y,1,7,1,30,Friday,False,False,False,Yangon International Airport,RGN
Ninoy Aquino International Airport,MNL,2024-08-31 06:55,Singapore Changi Airport,SIN,2024-08-31 10:30,215,Scoot,Premium Economy,1675,1285,True,872,Y,Y,Y,1,7,1,30,Saturday,False,False,False,Yangon International Airport,RGN
