Departure Airport Name,Departure Airport ID,Departure Time,Arrival Airport Name,Arrival Airport ID,Arrival Time,Duration,Airline,Travel Class,Total Duration,Layover 1 Duration,Layover 1 Overnight,Price, Cabin Baggage, Checked Baggage,Meal Included,Cabin Baggage (Number),Cabin Baggage (kg per piece),Checked Baggage (Number),Checked Baggage (kg per piece) ,Day of Week (on flight date),Departure Country Is Holiday,Arrival Country Is Holiday,Overnight Flight,Final Arrival Airport Name,Final Arrival Airport ID
Yangon International Airport,RGN,2024-07-01 11:35,Suvarnabhumi Airport,BKK,2024-07-01 13:35,90,THAI,Premium Economy,90,,,218,Y,Y,Y,1,7,1,35,Monday,False,False,False,Suvarnabhumi Airport,BKK
Yangon International Airport,RGN,2024-07-01 19:00,Suvarnabhumi Airport,BKK,2024-07-01 21:00,90,THAI,Premium Economy,90,,,218,Y,Y,Y,1,7,1,35,Monday,False,False,False,Suvarnabhumi Airport,BKK
Yangon International Airport,RGN,2024-07-02 11:35,Suvarnabhumi Airport,BKK,2024-07-02 13:35,90,THAI,Premium Economy,90,,,218,Y,Y,Y,1,7,1,35,Tuesday,False,False,False,Suvarnabhumi Airport,BKK
Yangon International Airport,RGN,2024-07-02 19:00,Suvarnabhumi Airport,BKK,2024-07-02 21:00,90,THAI,Premium Economy,90,,,218,Y,Y,Y,1,7,1,35,Tuesday,False,False,False,Suvarnabhumi Airport,BKK
Yangon International Airport,RGN,2024-07-03 11:35,Suvarnabhumi Airport,BKK,2024-07-03 13:35,90,THAI,Premium Economy,90,,,218,Y,Y,Y,1,7,1,35,Wednesday,False,False,False,Suvarnabhumi Airport,BKK
Yangon International Airport,RGN,2024-07-03 19:00,Suvarnabhumi Airport,BKK,2024-07-03 21:00,90,THAI,Premium Economy,90,,,218,Y,Y,Y,1,7,1,35,Wednesday,False,False,False,Suvarnabhumi Airport,BKK
Yangon International Airport,RGN,2024-07-04 11:35,Suvarnabhumi Airport,BKK,2024-07-04 13:35,90,THAI,Premium Economy,90,,,218,Y,Y,Y,1,7,1,35,Thursday,False,False,False,Suvarnabhumi Airport,BKK
Yangon International Airport,RGN,2024-07-04 19:00,Suvarnabhumi Airport,BKK,2024-07-04 21:00,90,THAI,Premium Economy,90,,,218,Y,Y,Y,1,7,1,35,Thursday,False,False,False,Suvarnabhumi Airport,BKK
Yangon International Airport,RGN,2024-07-05 11:35,Suvarnabhumi Airport,BKK,2024-07-05 13:35,90,THAI,Premium Economy,90,,,218,Y,Y,Y,1,7,1,35,Friday,False,False,False,Suvarnabhumi Airport,BKK
Yangon International Airport,RGN,2024-07-05 19:00,Suvarnabhumi Airport,BKK,2024-07-05 21:00,90,THAI,Premium Economy,90,,,218,Y,Y,Y,1,7,1,35,Friday,False,False,False,Suvarnabhumi Airport,BKK
Yangon International Airport,RGN,2024-07-06 11:35,Suvarnabhumi Airport,BKK,2024-07-06 13:35,90,THAI,Premium Economy,90,,,218,Y,Y,Y,1,7,1,35,Saturday,False,False,False,Suvarnabhumi Airport,BKK
Yangon International Airport,RGN,2024-07-06 19:00,Suvarnabhumi Airport,BKK,2024-07-06 21:00,90,THAI,Premium Economy,90,,,218,Y,Y,Y,1,7,1,35,Saturday,False,False,False,Suvarnabhumi Airport,BKK
Yangon International Airport,RGN,2024-07-07 11:35,Suvarnabhumi Airport,BKK,2024-07-07 13:35,90,THAI,Premium Economy,90,,,218,Y,Y,Y,1,7,1,35,Sunday,False,False,False,Suvarnabhumi Airport,BKK
Yangon International Airport,RGN,2024-07-07 19:00,Suvarnabhumi Airport,BKK,2024-07-07 21:00,90,THAI,Premium Economy,90,,,218,Y,Y,Y,1,7,1,35,Sunday,False,False,False,Suvarnabhumi Airport,BKK
Yangon International Airport,RGN,2024-07-08 11:35,Suvarnabhumi Airport,BKK,2024-07-08 13:35,90,THAI,Premium Economy,90,,,218,Y,Y,Y,1,7,1,35,Monday,False,False,False,Suvarnabhumi Airport,BKK
Yangon International Airport,RGN,2024-07-08 19:00,Suvarnabhumi Airport,BKK,2024-07-08 21:00,90,THAI,Premium Economy,90,,,218,Y,Y,Y,1,7,1,35,Monday,False,False,False,Suvarnabhumi Airport,BKK
Yangon International Airport,RGN,2024-07-09 11:35,Suvarnabhumi Airport,BKK,2024-07-09 13:35,90,THAI,Premium Economy,90,,,218,Y,Y,Y,1,7,1,35,Tuesday,False,False,False,Suvarnabhumi Airport,BKK
Yangon International Airport,RGN,2024-07-09 19:00,Suvarnabhumi Airport,BKK,2024-07-09 21:00,90,THAI,Premium Economy,90,,,218,Y,Y,Y,1,7,1,35,Tuesday,False,False,False,Suvarnabhumi Airport,BKK
Yangon International Airport,RGN,2024-07-10 11:35,Suvarnabhumi Airport,BKK,2024-07-10 13:35,90,THAI,Premium Economy,90,,,218,Y,Y,Y,1,7,1,35,Wednesday,False,False,False,Suvarnabhumi Airport,BKK
Yangon International Airport,RGN,2024-07-10 19:00,Suvarnabhumi Airport,BKK,2024-07-10 21:00,90,THAI,Premium Economy,90,,,218,Y,Y,Y,1,7,1,35,Wednesday,False,False,False,Suvarnabhumi Airport,BKK
Yangon International Airport,RGN,2024-07-11 11:35,Suvarnabhumi Airport,BKK,2024-07-11 13:35,90,THAI,Premium Economy,90,,,218,Y,Y,Y,1,7,1,35,Thursday,False,False,False,Suvarnabhumi Airport,BKK
Yangon International Airport,RGN,2024-07-11 19:00,Suvarnabhumi Airport,BKK,2024-07-11 21:00,90,THAI,Premium Economy,90,,,218,Y,Y,Y,1,7,1,35,Thursday,False,False,False,Suvarnabhumi Airport,BKK
Yangon International Airport,RGN,2024-07-12 11:35,Suvarnabhumi Airport,BKK,2024-07-12 13:35,90,THAI,Premium Economy,90,,,218,Y,Y,Y,1,7,1,35,Friday,False,False,False,Suvarnabhumi Airport,BKK
Yangon International Airport,RGN,2024-07-12 19:00,Suvarnabhumi Airport,BKK,2024-07-12 21:00,90,THAI,Premium Economy,90,,,218,Y,Y,Y,1,7,1,35,Friday,False,False,False,Suvarnabhumi Airport,BKK
Yangon International Airport,RGN,2024-07-13 11:35,Suvarnabhumi Airport,BKK,2024-07-13 13:35,90,THAI,Premium Economy,90,,,218,Y,Y,Y,1,7,1,35,Saturday,False,False,False,Suvarnabhumi Airport,BKK
Yangon International Airport,RGN,2024-07-13 19:00,Suvarnabhumi Airport,BKK,2024-07-13 21:00,90,THAI,Premium Economy,90,,,218,Y,Y,Y,1,7,1,35,Saturday,False,False,False,Suvarnabhumi Airport,BKK
Yangon International Airport,RGN,2024-07-14 11:35,Suvarnabhumi Airport,BKK,2024-07-14 13:35,90,THAI,Premium Economy,90,,,218,Y,Y,Y,1,7,1,35,Sunday,False,False,False,Suvarnabhumi Airport,BKK
Yangon International Airport,RGN,2024-07-14 19:00,Suvarnabhumi Airport,BKK,2024-07-14 21:00,90,THAI,Premium Economy,90,,,218,Y,Y,Y,1,7,1,35,Sunday,False,False,False,Suvarnabhumi Airport,BKK
Yangon International Airport,RGN,2024-07-15 11:35,Suvarnabhumi Airport,BKK,2024-07-15 13:35,90,THAI,Premium Economy,90,,,218,Y,Y,Y,1,7,1,35,Monday,False,False,False,Suvarnabhumi Airport,BKK
Yangon International Airport,RGN,2024-07-15 19:00,Suvarnabhumi Airport,BKK,2024-07-15 21:00,90,THAI,Premium Economy,90,,,218,Y,Y,Y,1,7,1,35,Monday,False,False,False,Suvarnabhumi Airport,BKK
Yangon International Airport,RGN,2024-07-16 11:35,Suvarnabhumi Airport,BKK,2024-07-16 13:35,90,THAI,Premium Economy,90,,,218,Y,Y,Y,1,7,1,35,Tuesday,False,False,False,Suvarnabhumi Airport,BKK
Yangon International Airport,RGN,2024-07-16 19:00,Suvarnabhumi Airport,BKK,2024-07-16 21:00,90,THAI,Premium Economy,90,,,218,Y,Y,Y,1,7,1,35,Tuesday,False,False,False,Suvarnabhumi Airport,BKK
Yangon International Airport,RGN,2024-07-17 11:35,Suvarnabhumi Airport,BKK,2024-07-17 13:35,90,THAI,Premium Economy,90,,,218,Y,Y,Y,1,7,1,35,Wednesday,False,False,False,Suvarnabhumi Airport,BKK
Yangon International Airport,RGN,2024-07-17 19:00,Suvarnabhumi Airport,BKK,2024-07-17 21:00,90,THAI,Premium Economy,90,,,218,Y,Y,Y,1,7,1,35,Wednesday,False,False,False,Suvarnabhumi Airport,BKK
Yangon International Airport,RGN,2024-07-18 11:35,Suvarnabhumi Airport,BKK,2024-07-18 13:35,90,THAI,Premium Economy,90,,,218,Y,Y,Y,1,7,1,35,Thursday,False,False,False,Suvarnabhumi Airport,BKK
Yangon International Airport,RGN,2024-07-18 19:00,Suvarnabhumi Airport,BKK,2024-07-18 21:00,90,THAI,Premium Economy,90,,,218,Y,Y,Y,1,7,1,35,Thursday,False,False,False,Suvarnabhumi Airport,BKK
Yangon International Airport,RGN,2024-07-19 11:35,Suvarnabhumi Airport,BKK,2024-07-19 13:35,90,THAI,Premium Economy,90,,,218,Y,Y,Y,1,7,1,35,Friday,True,False,False,Suvarnabhumi Airport,BKK
Yangon International Airport,RGN,2024-07-19 19:00,Suvarnabhumi Airport,BKK,2024-07-19 21:00,90,THAI,Premium Economy,90,,,218,Y,Y,Y,1,7,1,35,Friday,True,False,False,Suvarnabhumi Airport,BKK
Yangon International Airport,RGN,2024-07-20 11:35,Suvarnabhumi Airport,BKK,2024-07-20 13:35,90,THAI,Premium Economy,90,,,218,Y,Y,Y,1,7,1,35,Saturday,True,True,False,Suvarnabhumi Airport,BKK
Yangon International Airport,RGN,2024-07-20 19:00,Suvarnabhumi Airport,BKK,2024-07-20 21:00,90,THAI,Premium Economy,90,,,218,Y,Y,Y,1,7,1,35,Saturday,True,True,False,Suvarnabhumi Airport,BKK
Yangon International Airport,RGN,2024-07-21 11:35,Suvarnabhumi Airport,BKK,2024-07-21 13:35,90,THAI,Premium Economy,90,,,218,Y,Y,Y,1,7,1,35,Sunday,False,False,False,Suvarnabhumi Airport,BKK
Yangon International Airport,RGN,2024-07-21 19:00,Suvarnabhumi Airport,BKK,2024-07-21 21:00,90,THAI,Premium Economy,90,,,218,Y,Y,Y,1,7,1,35,Sunday,False,False,False,Suvarnabhumi Airport,BKK
Yangon International Airport,RGN,2024-07-22 11:35,Suvarnabhumi Airport,BKK,2024-07-22 13:35,90,THAI,Premium Economy,90,,,218,Y,Y,Y,1,7,1,35,Monday,False,True,False,Suvarnabhumi Airport,BKK
Yangon International Airport,RGN,2024-07-22 19:00,Suvarnabhumi Airport,BKK,2024-07-22 21:00,90,THAI,Premium Economy,90,,,218,Y,Y,Y,1,7,1,35,Monday,False,True,False,Suvarnabhumi Airport,BKK
Yangon International Airport,RGN,2024-07-23 11:35,Suvarnabhumi Airport,BKK,2024-07-23 13:35,90,THAI,Premium Economy,90,,,218,Y,Y,Y,1,7,1,35,Tuesday,False,False,False,Suvarnabhumi Airport,BKK
Yangon International Airport,RGN,2024-07-23 19:00,Suvarnabhumi Airport,BKK,2024-07-23 21:00,90,THAI,Premium Economy,90,,,218,Y,Y,Y,1,7,1,35,Tuesday,False,False,False,Suvarnabhumi Airport,BKK
Yangon International Airport,RGN,2024-07-24 11:35,Suvarnabhumi Airport,BKK,2024-07-24 13:35,90,THAI,Premium Economy,90,,,218,Y,Y,Y,1,7,1,35,Wednesday,False,False,False,Suvarnabhumi Airport,BKK
Yangon International Airport,RGN,2024-07-24 19:00,Suvarnabhumi Airport,BKK,2024-07-24 21:00,90,THAI,Premium Economy,90,,,218,Y,Y,Y,1,7,1,35,Wednesday,False,False,False,Suvarnabhumi Airport,BKK
Yangon International Airport,RGN,2024-07-25 11:35,Suvarnabhumi Airport,BKK,2024-07-25 13:35,90,THAI,Premium Economy,90,,,218,Y,Y,Y,1,7,1,35,Thursday,False,False,False,Suvarnabhumi Airport,BKK
Yangon International Airport,RGN,2024-07-25 19:00,Suvarnabhumi Airport,BKK,2024-07-25 21:00,90,THAI,Premium Economy,90,,,218,Y,Y,Y,1,7,1,35,Thursday,False,False,False,Suvarnabhumi Airport,BKK
Yangon International Airport,RGN,2024-07-26 11:35,Suvarnabhumi Airport,BKK,2024-07-26 13:35,90,THAI,Premium Economy,90,,,218,Y,Y,Y,1,7,1,35,Friday,False,False,False,Suvarnabhumi Airport,BKK
Yangon International Airport,RGN,2024-07-26 19:00,Suvarnabhumi Airport,BKK,2024-07-26 21:00,90,THAI,Premium Economy,90,,,218,Y,Y,Y,1,7,1,35,Friday,False,False,False,Suvarnabhumi Airport,BKK
Yangon International Airport,RGN,2024-07-27 11:35,Suvarnabhumi Airport,BKK,2024-07-27 13:35,90,THAI,Premium Economy,90,,,218,Y,Y,Y,1,7,1,35,Saturday,False,False,False,Suvarnabhumi Airport,BKK
Yangon International Airport,RGN,2024-07-27 19:00,Suvarnabhumi Airport,BKK,2024-07-27 21:00,90,THAI,Premium Economy,90,,,218,Y,Y,Y,1,7,1,35,Saturday,False,False,False,Suvarnabhumi Airport,BKK
Yangon International Airport,RGN,2024-07-28 11:35,Suvarnabhumi Airport,BKK,2024-07-28 13:35,90,THAI,Premium Economy,90,,,218,Y,Y,Y,1,7,1,35,Sunday,False,True,False,Suvarnabhumi Airport,BKK
Yangon International Airport,RGN,2024-07-28 19:00,Suvarnabhumi Airport,BKK,2024-07-28 21:00,90,THAI,Premium Economy,90,,,218,Y,Y,Y,1,7,1,35,Sunday,False,True,False,Suvarnabhumi Airport,BKK
Yangon International Airport,RGN,2024-07-29 11:35,Suvarnabhumi Airport,BKK,2024-07-29 13:35,90,THAI,Premium Economy,90,,,218,Y,Y,Y,1,7,1,35,Monday,False,True,False,Suvarnabhumi Airport,BKK
Yangon International Airport,RGN,2024-07-29 19:00,Suvarnabhumi Airport,BKK,2024-07-29 21:00,90,THAI,Premium Economy,90,,,218,Y,Y,Y,1,7,1,35,Monday,False,True,False,Suvarnabhumi Airport,BKK
Yangon International Airport,RGN,2024-07-30 11:35,Suvarnabhumi Airport,BKK,2024-07-30 13:35,90,THAI,Premium Economy,90,,,218,Y,Y,Y,1,7,1,35,Tuesday,False,False,False,Suvarnabhumi Airport,BKK
Yangon International Airport,RGN,2024-07-30 19:00,Suvarnabhumi Airport,BKK,2024-07-30 21:00,90,THAI,Premium Economy,90,,,218,Y,Y,Y,1,7,1,35,Tuesday,False,False,False,Suvarnabhumi Airport,BKK
Yangon International Airport,RGN,2024-07-31 11:35,Suvarnabhumi Airport,BKK,2024-07-31 13:35,90,THAI,Premium Economy,90,,,218,Y,Y,Y,1,7,1,35,Wednesday,False,False,False,Suvarnabhumi Airport,BKK
Yangon International Airport,RGN,2024-07-31 19:00,Suvarnabhumi Airport,BKK,2024-07-31 21:00,90,THAI,Premium Economy,90,,,218,Y,Y,Y,1,7,1,35,Wednesday,False,False,False,Suvarnabhumi Airport,BKK
Yangon International Airport,RGN,2024-08-01 11:25,Suvarnabhumi Airport,BKK,2024-08-01 13:25,90,THAI,Premium Economy,90,,,178,Y,Y,Y,1,7,1,35,Thursday,False,False,False,Suvarnabhumi Airport,BKK
Yangon International Airport,RGN,2024-08-01 19:00,Suvarnabhumi Airport,BKK,2024-08-01 21:00,90,THAI,Premium Economy,90,,,178,Y,Y,Y,1,7,1,35,Thursday,False,False,False,Suvarnabhumi Airport,BKK
Yangon International Airport,RGN,2024-08-02 11:25,Suvarnabhumi Airport,BKK,2024-08-02 13:25,90,THAI,Premium Economy,90,,,178,Y,Y,Y,1,7,1,35,Friday,False,False,False,Suvarnabhumi Airport,BKK
Yangon International Airport,RGN,2024-08-02 19:00,Suvarnabhumi Airport,BKK,2024-08-02 21:00,90,THAI,Premium Economy,90,,,178,Y,Y,Y,1,7,1,35,Friday,False,False,False,Suvarnabhumi Airport,BKK
Yangon International Airport,RGN,2024-08-03 11:25,Suvarnabhumi Airport,BKK,2024-08-03 13:25,90,THAI,Premium Economy,90,,,178,Y,Y,Y,1,7,1,35,Saturday,False,False,False,Suvarnabhumi Airport,BKK
Yangon International Airport,RGN,2024-08-03 19:00,Suvarnabhumi Airport,BKK,2024-08-03 21:00,90,THAI,Premium Economy,90,,,178,Y,Y,Y,1,7,1,35,Saturday,False,False,False,Suvarnabhumi Airport,BKK
Yangon International Airport,RGN,2024-08-04 11:25,Suvarnabhumi Airport,BKK,2024-08-04 13:25,90,THAI,Premium Economy,90,,,178,Y,Y,Y,1,7,1,35,Sunday,False,False,False,Suvarnabhumi Airport,BKK
Yangon International Airport,RGN,2024-08-04 19:00,Suvarnabhumi Airport,BKK,2024-08-04 21:00,90,THAI,Premium Economy,90,,,178,Y,Y,Y,1,7,1,35,Sunday,False,False,False,Suvarnabhumi Airport,BKK
Yangon International Airport,RGN,2024-08-05 11:25,Suvarnabhumi Airport,BKK,2024-08-05 13:25,90,THAI,Premium Economy,90,,,178,Y,Y,Y,1,7,1,35,Monday,False,False,False,Suvarnabhumi Airport,BKK
Yangon International Airport,RGN,2024-08-05 19:00,Suvarnabhumi Airport,BKK,2024-08-05 21:00,90,THAI,Premium Economy,90,,,178,Y,Y,Y,1,7,1,35,Monday,False,False,False,Suvarnabhumi Airport,BKK
Yangon International Airport,RGN,2024-08-06 11:25,Suvarnabhumi Airport,BKK,2024-08-06 13:25,90,THAI,Premium Economy,90,,,178,Y,Y,Y,1,7,1,35,Tuesday,False,False,False,Suvarnabhumi Airport,BKK
Yangon International Airport,RGN,2024-08-06 19:00,Suvarnabhumi Airport,BKK,2024-08-06 21:00,90,THAI,Premium Economy,90,,,178,Y,Y,Y,1,7,1,35,Tuesday,False,False,False,Suvarnabhumi Airport,BKK
Yangon International Airport,RGN,2024-08-07 11:25,Suvarnabhumi Airport,BKK,2024-08-07 13:25,90,THAI,Premium Economy,90,,,178,Y,Y,Y,1,7,1,35,Wednesday,False,False,False,Suvarnabhumi Airport,BKK
Yangon International Airport,RGN,2024-08-07 19:00,Suvarnabhumi Airport,BKK,2024-08-07 21:00,90,THAI,Premium Economy,90,,,178,Y,Y,Y,1,7,1,35,Wednesday,False,False,False,Suvarnabhumi Airport,BKK
Yangon International Airport,RGN,2024-08-08 11:25,Suvarnabhumi Airport,BKK,2024-08-08 13:25,90,THAI,Premium Economy,90,,,178,Y,Y,Y,1,7,1,35,Thursday,False,False,False,Suvarnabhumi Airport,BKK
Yangon International Airport,RGN,2024-08-08 19:00,Suvarnabhumi Airport,BKK,2024-08-08 21:00,90,THAI,Premium Economy,90,,,178,Y,Y,Y,1,7,1,35,Thursday,False,False,False,Suvarnabhumi Airport,BKK
Yangon International Airport,RGN,2024-08-09 11:25,Suvarnabhumi Airport,BKK,2024-08-09 13:25,90,THAI,Premium Economy,90,,,178,Y,Y,Y,1,7,1,35,Friday,False,False,False,Suvarnabhumi Airport,BKK
Yangon International Airport,RGN,2024-08-09 19:00,Suvarnabhumi Airport,BKK,2024-08-09 21:00,90,THAI,Premium Economy,90,,,178,Y,Y,Y,1,7,1,35,Friday,False,False,False,Suvarnabhumi Airport,BKK
Yangon International Airport,RGN,2024-08-10 11:25,Suvarnabhumi Airport,BKK,2024-08-10 13:25,90,THAI,Premium Economy,90,,,178,Y,Y,Y,1,7,1,35,Saturday,False,False,False,Suvarnabhumi Airport,BKK
Yangon International Airport,RGN,2024-08-10 19:00,Suvarnabhumi Airport,BKK,2024-08-10 21:00,90,THAI,Premium Economy,90,,,178,Y,Y,Y,1,7,1,35,Saturday,False,False,False,Suvarnabhumi Airport,BKK
Yangon International Airport,RGN,2024-08-11 11:25,Suvarnabhumi Airport,BKK,2024-08-11 13:25,90,THAI,Premium Economy,90,,,178,Y,Y,Y,1,7,1,35,Sunday,False,False,False,Suvarnabhumi Airport,BKK
Yangon International Airport,RGN,2024-08-11 19:00,Suvarnabhumi Airport,BKK,2024-08-11 21:00,90,THAI,Premium Economy,90,,,178,Y,Y,Y,1,7,1,35,Sunday,False,False,False,Suvarnabhumi Airport,BKK
Yangon International Airport,RGN,2024-08-12 11:25,Suvarnabhumi Airport,BKK,2024-08-12 13:25,90,THAI,Premium Economy,90,,,178,Y,Y,Y,1,7,1,35,Monday,False,True,False,Suvarnabhumi Airport,BKK
Yangon International Airport,RGN,2024-08-12 19:00,Suvarnabhumi Airport,BKK,2024-08-12 21:00,90,THAI,Premium Economy,90,,,178,Y,Y,Y,1,7,1,35,Monday,False,True,False,Suvarnabhumi Airport,BKK
Yangon International Airport,RGN,2024-08-13 11:25,Suvarnabhumi Airport,BKK,2024-08-13 13:25,90,THAI,Premium Economy,90,,,178,Y,Y,Y,1,7,1,35,Tuesday,False,False,False,Suvarnabhumi Airport,BKK
Yangon International Airport,RGN,2024-08-13 19:00,Suvarnabhumi Airport,BKK,2024-08-13 21:00,90,THAI,Premium Economy,90,,,178,Y,Y,Y,1,7,1,35,Tuesday,False,False,False,Suvarnabhumi Airport,BKK
Yangon International Airport,RGN,2024-08-14 11:25,Suvarnabhumi Airport,BKK,2024-08-14 13:25,90,THAI,Premium Economy,90,,,178,Y,Y,Y,1,7,1,35,Wednesday,False,False,False,Suvarnabhumi Airport,BKK
Yangon International Airport,RGN,2024-08-14 19:00,Suvarnabhumi Airport,BKK,2024-08-14 21:00,90,THAI,Premium Economy,90,,,178,Y,Y,Y,1,7,1,35,Wednesday,False,False,False,Suvarnabhumi Airport,BKK
Yangon International Airport,RGN,2024-08-15 11:25,Suvarnabhumi Airport,BKK,2024-08-15 13:25,90,THAI,Premium Economy,90,,,178,Y,Y,Y,1,7,1,35,Thursday,False,False,False,Suvarnabhumi Airport,BKK
Yangon International Airport,RGN,2024-08-15 19:00,Suvarnabhumi Airport,BKK,2024-08-15 21:00,90,THAI,Premium Economy,90,,,178,Y,Y,Y,1,7,1,35,Thursday,False,False,False,Suvarnabhumi Airport,BKK
Yangon International Airport,RGN,2024-08-16 11:25,Suvarnabhumi Airport,BKK,2024-08-16 13:25,90,THAI,Premium Economy,90,,,178,Y,Y,Y,1,7,1,35,Friday,False,False,False,Suvarnabhumi Airport,BKK
Yangon International Airport,RGN,2024-08-16 19:00,Suvarnabhumi Airport,BKK,2024-08-16 21:00,90,THAI,Premium Economy,90,,,178,Y,Y,Y,1,7,1,35,Friday,False,False,False,Suvarnabhumi Airport,BKK
Yangon International Airport,RGN,2024-08-17 11:25,Suvarnabhumi Airport,BKK,2024-08-17 13:25,90,THAI,Premium Economy,90,,,178,Y,Y,Y,1,7,1,35,Saturday,False,False,False,Suvarnabhumi Airport,BKK
Yangon International Airport,RGN,2024-08-17 19:00,Suvarnabhumi Airport,BKK,2024-08-17 21:00,90,THAI,Premium Economy,90,,,178,Y,Y,Y,1,7,1,35,Saturday,False,False,False,Suvarnabhumi Airport,BKK
Yangon International Airport,RGN,2024-08-18 11:25,Suvarnabhumi Airport,BKK,2024-08-18 13:25,90,THAI,Premium Economy,90,,,178,Y,Y,Y,1,7,1,35,Sunday,False,False,False,Suvarnabhumi Airport,BKK
Yangon International Airport,RGN,2024-08-18 19:00,Suvarnabhumi Airport,BKK,2024-08-18 21:00,90,THAI,Premium Economy,90,,,178,Y,Y,Y,1,7,1,35,Sunday,False,False,False,Suvarnabhumi Airport,BKK
Yangon International Airport,RGN,2024-08-19 11:25,Suvarnabhumi Airport,BKK,2024-08-19 13:25,90,THAI,Premium Economy,90,,,178,Y,Y,Y,1,7,1,35,Monday,False,False,False,Suvarnabhumi Airport,BKK
Yangon International Airport,RGN,2024-08-19 19:00,Suvarnabhumi Airport,BKK,2024-08-19 21:00,90,THAI,Premium Economy,90,,,178,Y,Y,Y,1,7,1,35,Monday,False,False,False,Suvarnabhumi Airport,BKK
Yangon International Airport,RGN,2024-08-20 11:25,Suvarnabhumi Airport,BKK,2024-08-20 13:25,90,THAI,Premium Economy,90,,,178,Y,Y,Y,1,7,1,35,Tuesday,False,False,False,Suvarnabhumi Airport,BKK
Yangon International Airport,RGN,2024-08-20 19:00,Suvarnabhumi Airport,BKK,2024-08-20 21:00,90,THAI,Premium Economy,90,,,178,Y,Y,Y,1,7,1,35,Tuesday,False,False,False,Suvarnabhumi Airport,BKK
Yangon International Airport,RGN,2024-08-21 11:25,Suvarnabhumi Airport,BKK,2024-08-21 13:25,90,THAI,Premium Economy,90,,,178,Y,Y,Y,1,7,1,35,Wednesday,False,False,False,Suvarnabhumi Airport,BKK
Yangon International Airport,RGN,2024-08-21 19:00,Suvarnabhumi Airport,BKK,2024-08-21 21:00,90,THAI,Premium Economy,90,,,178,Y,Y,Y,1,7,1,35,Wednesday,False,False,False,Suvarnabhumi Airport,BKK
Yangon International Airport,RGN,2024-08-22 11:25,Suvarnabhumi Airport,BKK,2024-08-22 13:25,90,THAI,Premium Economy,90,,,178,Y,Y,Y,1,7,1,35,Thursday,False,False,False,Suvarnabhumi Airport,BKK
Yangon International Airport,RGN,2024-08-22 19:00,Suvarnabhumi Airport,BKK,2024-08-22 21:00,90,THAI,Premium Economy,90,,,178,Y,Y,Y,1,7,1,35,Thursday,False,False,False,Suvarnabhumi Airport,BKK
Yangon International Airport,RGN,2024-08-23 11:25,Suvarnabhumi Airport,BKK,2024-08-23 13:25,90,THAI,Premium Economy,90,,,178,Y,Y,Y,1,7,1,35,Friday,False,False,False,Suvarnabhumi Airport,BKK
Yangon International Airport,RGN,2024-08-23 19:00,Suvarnabhumi Airport,BKK,2024-08-23 21:00,90,THAI,Premium Economy,90,,,178,Y,Y,Y,1,7,1,35,Friday,False,False,False,Suvarnabhumi Airport,BKK
Yangon International Airport,RGN,2024-08-24 11:25,Suvarnabhumi Airport,BKK,2024-08-24 13:25,90,THAI,Premium Economy,90,,,178,Y,Y,Y,1,7,1,35,Saturday,False,False,False,Suvarnabhumi Airport,BKK
Yangon International Airport,RGN,2024-08-24 19:00,Suvarnabhumi Airport,BKK,2024-08-24 21:00,90,THAI,Premium Economy,90,,,178,Y,Y,Y,1,7,1,35,Saturday,False,False,False,Suvarnabhumi Airport,BKK
Yangon International Airport,RGN,2024-08-25 11:25,Suvarnabhumi Airport,BKK,2024-08-25 13:25,90,THAI,Premium Economy,90,,,178,Y,Y,Y,1,7,1,35,Sunday,False,False,False,Suvarnabhumi Airport,BKK
Yangon International Airport,RGN,2024-08-25 19:00,Suvarnabhumi Airport,BKK,2024-08-25 21:00,90,THAI,Premium Economy,90,,,178,Y,Y,Y,1,7,1,35,Sunday,False,False,False,Suvarnabhumi Airport,BKK
Yangon International Airport,RGN,2024-08-26 11:25,Suvarnabhumi Airport,BKK,2024-08-26 13:25,90,THAI,Premium Economy,90,,,178,Y,Y,Y,1,7,1,35,Monday,False,False,False,Suvarnabhumi Airport,BKK
Yangon International Airport,RGN,2024-08-26 19:00,Suvarnabhumi Airport,BKK,2024-08-26 21:00,90,THAI,Premium Economy,90,,,178,Y,Y,Y,1,7,1,35,Monday,False,False,False,Suvarnabhumi Airport,BKK
Yangon International Airport,RGN,2024-08-27 11:25,Suvarnabhumi Airport,BKK,2024-08-27 13:25,90,THAI,Premium Economy,90,,,178,Y,Y,Y,1,7,1,35,Tuesday,False,False,False,Suvarnabhumi Airport,BKK
Yangon International Airport,RGN,2024-08-27 19:00,Suvarnabhumi Airport,BKK,2024-08-27 21:00,90,THAI,Premium Economy,90,,,178,Y,Y,Y,1,7,1,35,Tuesday,False,False,False,Suvarnabhumi Airport,BKK
Yangon International Airport,RGN,2024-08-28 11:25,Suvarnabhumi Airport,BKK,2024-08-28 13:25,90,THAI,Premium Economy,90,,,178,Y,Y,Y,1,7,1,35,Wednesday,False,False,False,Suvarnabhumi Airport,BKK
Yangon International Airport,RGN,2024-08-28 19:00,Suvarnabhumi Airport,BKK,2024-08-28 21:00,90,THAI,Premium Economy,90,,,178,Y,Y,Y,1,7,1,35,Wednesday,False,False,False,Suvarnabhumi Airport,BKK
Yangon International Airport,RGN,2024-08-29 11:25,Suvarnabhumi Airport,BKK,2024-08-29 13:25,90,THAI,Premium Economy,90,,,178,Y,Y,Y,1,7,1,35,Thursday,False,False,False,Suvarnabhumi Airport,BKK
Yangon International Airport,RGN,2024-08-29 19:00,Suvarnabhumi Airport,BKK,2024-08-29 21:00,90,THAI,Premium Economy,90,,,178,Y,Y,Y,1,7,1,35,Thursday,False,False,False,Suvarnabhumi Airport,BKK
Yangon International Airport,RGN,2024-08-30 11:25,Suvarnabhumi Airport,BKK,2024-08-30 13:25,90,THAI,Premium Economy,90,,,178,Y,Y,Y,1,7,1,35,Friday,False,False,False,Suvarnabhumi Airport,BKK
Yangon International Airport,RGN,2024-08-30 19:00,Suvarnabhumi Airport,BKK,2024-08-30 21:00,90,THAI,Premium Economy,90,,,178,Y,Y,Y,1,7,1,35,Friday,False,False,False,Suvarnabhumi Airport,BKK
Yangon International Airport,RGN,2024-08-31 11:25,Suvarnabhumi Airport,BKK,2024-08-31 13:25,90,THAI,Premium Economy,90,,,178,Y,Y,Y,1,7,1,35,Saturday,False,False,False,Suvarnabhumi Airport,BKK
Yangon International Airport,RGN,2024-08-31 19:00,Suvarnabhumi Airport,BKK,2024-08-31 21:00,90,THAI,Premium Economy,90,,,178,Y,Y,Y,1,7,1,35,Saturday,False,False,False,Suvarnabhumi Airport,BKK
