Departure Airport Name,Departure Airport ID,Departure Time,Arrival Airport Name,Arrival Airport ID,Arrival Time,Duration,Airline,Travel Class,Total Duration,Layover 1 Duration,Layover 1 Overnight,Price, Cabin Baggage, Checked Baggage,Meal Included,Cabin Baggage (Number),Cabin Baggage (kg per piece),Checked Baggage (Number),Checked Baggage (kg per piece) ,Day of Week (on flight date),Departure Country Is Holiday,Arrival Country Is Holiday,Overnight Flight,Final Arrival Airport Name,Final Arrival Airport ID
Tan Son Nhat International Airport,SGN,2024-07-01 10:05,Suvarnabhumi Airport,BKK,2024-07-01 11:30,85,THAI,Premium Economy,85,,,310,Y,Y,Y,1,7,1,35,Monday,False,False,False,Suvarnabhumi Airport,BKK
Tan Son Nhat International Airport,SGN,2024-07-01 20:10,Suvarnabhumi Airport,BKK,2024-07-01 21:35,85,THAI,Premium Economy,85,,,310,Y,Y,Y,1,7,1,35,Monday,False,False,False,Suvarnabhumi Airport,BKK
Tan Son Nhat International Airport,SGN,2024-07-01 02:20,Shenzhen Bao'an International Airport,SZX,2024-07-01 06:30,190,Shenzhen,Premium Economy,1435,1060.0,,409,Y,Y,Y,1,5,1,20,Monday,False,False,False,Suvarnabhumi Airport,BKK
Tan Son Nhat International Airport,SGN,2024-07-01 02:20,Shenzhen Bao'an International Airport,SZX,2024-07-01 06:30,190,Shenzhen,Premium Economy,560,190.0,,480,Y,Y,Y,1,5,1,20,Monday,False,False,False,Suvarnabhumi Airport,BKK
Tan Son Nhat International Airport,SGN,2024-07-02 10:05,Suvarnabhumi Airport,BKK,2024-07-02 11:30,85,THAI,Premium Economy,85,,,310,Y,Y,Y,1,7,1,35,Tuesday,False,False,False,Suvarnabhumi Airport,BKK
Tan Son Nhat International Airport,SGN,2024-07-02 20:10,Suvarnabhumi Airport,BKK,2024-07-02 21:35,85,THAI,Premium Economy,85,,,310,Y,Y,Y,1,7,1,35,Tuesday,False,False,False,Suvarnabhumi Airport,BKK
Tan Son Nhat International Airport,SGN,2024-07-02 02:20,Shenzhen Bao'an International Airport,SZX,2024-07-02 06:30,190,Shenzhen,Premium Economy,1435,1060.0,,409,Y,Y,Y,1,5,1,20,Tuesday,False,False,False,Suvarnabhumi Airport,BKK
Tan Son Nhat International Airport,SGN,2024-07-02 02:20,Shenzhen Bao'an International Airport,SZX,2024-07-02 06:30,190,Shenzhen,Premium Economy,560,190.0,,480,Y,Y,Y,1,5,1,20,Tuesday,False,False,False,Suvarnabhumi Airport,BKK
Tan Son Nhat International Airport,SGN,2024-07-03 10:05,Suvarnabhumi Airport,BKK,2024-07-03 11:30,85,THAI,Premium Economy,85,,,310,Y,Y,Y,1,7,1,35,Wednesday,False,False,False,Suvarnabhumi Airport,BKK
Tan Son Nhat International Airport,SGN,2024-07-03 20:10,Suvarnabhumi Airport,BKK,2024-07-03 21:35,85,THAI,Premium Economy,85,,,310,Y,Y,Y,1,7,1,35,Wednesday,False,False,False,Suvarnabhumi Airport,BKK
Tan Son Nhat International Airport,SGN,2024-07-03 02:20,Shenzhen Bao'an International Airport,SZX,2024-07-03 06:30,190,Shenzhen,Premium Economy,1435,1060.0,,409,Y,Y,Y,1,5,1,20,Wednesday,False,False,False,Suvarnabhumi Airport,BKK
Tan Son Nhat International Airport,SGN,2024-07-03 02:20,Shenzhen Bao'an International Airport,SZX,2024-07-03 06:30,190,Shenzhen,Premium Economy,560,190.0,,434,Y,Y,Y,1,5,1,20,Wednesday,False,False,False,Suvarnabhumi Airport,BKK
Tan Son Nhat International Airport,SGN,2024-07-04 10:05,Suvarnabhumi Airport,BKK,2024-07-04 11:30,85,THAI,Premium Economy,85,,,310,Y,Y,Y,1,7,1,35,Thursday,False,False,False,Suvarnabhumi Airport,BKK
Tan Son Nhat International Airport,SGN,2024-07-04 20:10,Suvarnabhumi Airport,BKK,2024-07-04 21:35,85,THAI,Premium Economy,85,,,310,Y,Y,Y,1,7,1,35,Thursday,False,False,False,Suvarnabhumi Airport,BKK
Tan Son Nhat International Airport,SGN,2024-07-04 02:20,Shenzhen Bao'an International Airport,SZX,2024-07-04 06:30,190,Shenzhen,Premium Economy,1435,1060.0,,418,Y,Y,Y,1,5,1,20,Thursday,False,False,False,Suvarnabhumi Airport,BKK
Tan Son Nhat International Airport,SGN,2024-07-04 02:20,Shenzhen Bao'an International Airport,SZX,2024-07-04 06:30,190,Shenzhen,Premium Economy,560,190.0,,434,Y,Y,Y,1,5,1,20,Thursday,False,False,False,Suvarnabhumi Airport,BKK
Tan Son Nhat International Airport,SGN,2024-07-05 10:05,Suvarnabhumi Airport,BKK,2024-07-05 11:30,85,THAI,Premium Economy,85,,,310,Y,Y,Y,1,7,1,35,Friday,False,False,False,Suvarnabhumi Airport,BKK
Tan Son Nhat International Airport,SGN,2024-07-05 02:20,Shenzhen Bao'an International Airport,SZX,2024-07-05 06:30,190,Shenzhen,Premium Economy,560,190.0,,443,Y,Y,Y,1,5,1,20,Friday,False,False,False,Suvarnabhumi Airport,BKK
Tan Son Nhat International Airport,SGN,2024-07-05 02:20,Shenzhen Bao'an International Airport,SZX,2024-07-05 06:30,190,Shenzhen,Premium Economy,1435,1060.0,,418,Y,Y,Y,1,5,1,20,Friday,False,False,False,Suvarnabhumi Airport,BKK
Tan Son Nhat International Airport,SGN,2024-07-05 15:55,Taiwan Taoyuan International Airport,TPE,2024-07-05 20:20,205,EVA Air,Premium Economy,1150,720.0,True,1856,Y,Y,Y,1,7,2,23,Friday,False,False,False,Suvarnabhumi Airport,BKK
Tan Son Nhat International Airport,SGN,2024-07-06 10:05,Suvarnabhumi Airport,BKK,2024-07-06 11:30,85,THAI,Premium Economy,85,,,310,Y,Y,Y,1,7,1,35,Saturday,False,False,False,Suvarnabhumi Airport,BKK
Tan Son Nhat International Airport,SGN,2024-07-06 02:20,Shenzhen Bao'an International Airport,SZX,2024-07-06 06:30,190,Shenzhen,Premium Economy,560,190.0,,488,Y,Y,Y,1,5,1,20,Saturday,False,False,False,Suvarnabhumi Airport,BKK
Tan Son Nhat International Airport,SGN,2024-07-06 02:20,Shenzhen Bao'an International Airport,SZX,2024-07-06 06:30,190,Shenzhen,Premium Economy,1435,1060.0,,418,Y,Y,Y,1,5,1,20,Saturday,False,False,False,Suvarnabhumi Airport,BKK
Tan Son Nhat International Airport,SGN,2024-07-06 15:55,Taiwan Taoyuan International Airport,TPE,2024-07-06 20:20,205,EVA Air,Premium Economy,1155,725.0,True,1856,Y,Y,Y,1,7,2,23,Saturday,False,False,False,Suvarnabhumi Airport,BKK
Tan Son Nhat International Airport,SGN,2024-07-07 10:05,Suvarnabhumi Airport,BKK,2024-07-07 11:30,85,THAI,Premium Economy,85,,,310,Y,Y,Y,1,7,1,35,Sunday,False,False,False,Suvarnabhumi Airport,BKK
Tan Son Nhat International Airport,SGN,2024-07-07 20:10,Suvarnabhumi Airport,BKK,2024-07-07 21:35,85,THAI,Premium Economy,85,,,310,Y,Y,Y,1,7,1,35,Sunday,False,False,False,Suvarnabhumi Airport,BKK
Tan Son Nhat International Airport,SGN,2024-07-07 02:20,Shenzhen Bao'an International Airport,SZX,2024-07-07 06:30,190,Shenzhen,Premium Economy,1435,1060.0,,418,Y,Y,Y,1,5,1,20,Sunday,False,False,False,Suvarnabhumi Airport,BKK
Tan Son Nhat International Airport,SGN,2024-07-07 02:20,Shenzhen Bao'an International Airport,SZX,2024-07-07 06:30,190,Shenzhen,Premium Economy,560,190.0,,443,Y,Y,Y,1,5,1,20,Sunday,False,False,False,Suvarnabhumi Airport,BKK
Tan Son Nhat International Airport,SGN,2024-07-08 10:05,Suvarnabhumi Airport,BKK,2024-07-08 11:30,85,THAI,Premium Economy,85,,,310,Y,Y,Y,1,7,1,35,Monday,False,False,False,Suvarnabhumi Airport,BKK
Tan Son Nhat International Airport,SGN,2024-07-08 20:10,Suvarnabhumi Airport,BKK,2024-07-08 21:35,85,THAI,Premium Economy,85,,,310,Y,Y,Y,1,7,1,35,Monday,False,False,False,Suvarnabhumi Airport,BKK
Tan Son Nhat International Airport,SGN,2024-07-08 02:20,Shenzhen Bao'an International Airport,SZX,2024-07-08 06:30,190,Shenzhen,Premium Economy,1435,1060.0,,418,Y,Y,Y,1,5,1,20,Monday,False,False,False,Suvarnabhumi Airport,BKK
Tan Son Nhat International Airport,SGN,2024-07-08 02:20,Shenzhen Bao'an International Airport,SZX,2024-07-08 06:30,190,Shenzhen,Premium Economy,560,190.0,,488,Y,Y,Y,1,5,1,20,Monday,False,False,False,Suvarnabhumi Airport,BKK
Tan Son Nhat International Airport,SGN,2024-07-09 10:05,Suvarnabhumi Airport,BKK,2024-07-09 11:30,85,THAI,Premium Economy,85,,,310,Y,Y,Y,1,7,1,35,Tuesday,False,False,False,Suvarnabhumi Airport,BKK
Tan Son Nhat International Airport,SGN,2024-07-09 20:10,Suvarnabhumi Airport,BKK,2024-07-09 21:35,85,THAI,Premium Economy,85,,,310,Y,Y,Y,1,7,1,35,Tuesday,False,False,False,Suvarnabhumi Airport,BKK
Tan Son Nhat International Airport,SGN,2024-07-09 02:20,Shenzhen Bao'an International Airport,SZX,2024-07-09 06:30,190,Shenzhen,Premium Economy,1435,1060.0,,418,Y,Y,Y,1,5,1,20,Tuesday,False,False,False,Suvarnabhumi Airport,BKK
Tan Son Nhat International Airport,SGN,2024-07-09 02:20,Shenzhen Bao'an International Airport,SZX,2024-07-09 06:30,190,Shenzhen,Premium Economy,560,190.0,,443,Y,Y,Y,1,5,1,20,Tuesday,False,False,False,Suvarnabhumi Airport,BKK
Tan Son Nhat International Airport,SGN,2024-07-10 10:05,Suvarnabhumi Airport,BKK,2024-07-10 11:30,85,THAI,Premium Economy,85,,,310,Y,Y,Y,1,7,1,35,Wednesday,False,False,False,Suvarnabhumi Airport,BKK
Tan Son Nhat International Airport,SGN,2024-07-10 20:10,Suvarnabhumi Airport,BKK,2024-07-10 21:35,85,THAI,Premium Economy,85,,,310,Y,Y,Y,1,7,1,35,Wednesday,False,False,False,Suvarnabhumi Airport,BKK
Tan Son Nhat International Airport,SGN,2024-07-10 02:20,Shenzhen Bao'an International Airport,SZX,2024-07-10 06:30,190,Shenzhen,Premium Economy,1435,1060.0,,418,Y,Y,Y,1,5,1,20,Wednesday,False,False,False,Suvarnabhumi Airport,BKK
Tan Son Nhat International Airport,SGN,2024-07-10 02:20,Shenzhen Bao'an International Airport,SZX,2024-07-10 06:30,190,Shenzhen,Premium Economy,560,190.0,,443,Y,Y,Y,1,5,1,20,Wednesday,False,False,False,Suvarnabhumi Airport,BKK
Tan Son Nhat International Airport,SGN,2024-07-11 10:05,Suvarnabhumi Airport,BKK,2024-07-11 11:30,85,THAI,Premium Economy,85,,,310,Y,Y,Y,1,7,1,35,Thursday,False,False,False,Suvarnabhumi Airport,BKK
Tan Son Nhat International Airport,SGN,2024-07-11 20:10,Suvarnabhumi Airport,BKK,2024-07-11 21:35,85,THAI,Premium Economy,85,,,310,Y,Y,Y,1,7,1,35,Thursday,False,False,False,Suvarnabhumi Airport,BKK
Tan Son Nhat International Airport,SGN,2024-07-11 02:20,Shenzhen Bao'an International Airport,SZX,2024-07-11 06:30,190,Shenzhen,Premium Economy,1435,1060.0,,418,Y,Y,Y,1,5,1,20,Thursday,False,False,False,Suvarnabhumi Airport,BKK
Tan Son Nhat International Airport,SGN,2024-07-11 02:20,Shenzhen Bao'an International Airport,SZX,2024-07-11 06:30,190,Shenzhen,Premium Economy,560,190.0,,443,Y,Y,Y,1,5,1,20,Thursday,False,False,False,Suvarnabhumi Airport,BKK
Tan Son Nhat International Airport,SGN,2024-07-12 10:05,Suvarnabhumi Airport,BKK,2024-07-12 11:30,85,THAI,Premium Economy,85,,,310,Y,Y,Y,1,7,1,35,Friday,False,False,False,Suvarnabhumi Airport,BKK
Tan Son Nhat International Airport,SGN,2024-07-12 20:10,Suvarnabhumi Airport,BKK,2024-07-12 21:35,85,THAI,Premium Economy,85,,,310,Y,Y,Y,1,7,1,35,Friday,False,False,False,Suvarnabhumi Airport,BKK
Tan Son Nhat International Airport,SGN,2024-07-12 02:20,Shenzhen Bao'an International Airport,SZX,2024-07-12 06:30,190,Shenzhen,Premium Economy,560,190.0,,443,Y,Y,Y,1,5,1,20,Friday,False,False,False,Suvarnabhumi Airport,BKK
Tan Son Nhat International Airport,SGN,2024-07-13 10:05,Suvarnabhumi Airport,BKK,2024-07-13 11:30,85,THAI,Premium Economy,85,,,310,Y,Y,Y,1,7,1,35,Saturday,False,False,False,Suvarnabhumi Airport,BKK
Tan Son Nhat International Airport,SGN,2024-07-13 20:10,Suvarnabhumi Airport,BKK,2024-07-13 21:35,85,THAI,Premium Economy,85,,,310,Y,Y,Y,1,7,1,35,Saturday,False,False,False,Suvarnabhumi Airport,BKK
Tan Son Nhat International Airport,SGN,2024-07-13 02:20,Shenzhen Bao'an International Airport,SZX,2024-07-13 06:30,190,Shenzhen,Premium Economy,965,595.0,,565,Y,Y,Y,1,5,1,20,Saturday,False,False,False,Suvarnabhumi Airport,BKK
Tan Son Nhat International Airport,SGN,2024-07-13 02:20,Shenzhen Bao'an International Airport,SZX,2024-07-13 06:30,190,Shenzhen,Premium Economy,560,190.0,,618,Y,Y,Y,1,5,1,20,Saturday,False,False,False,Suvarnabhumi Airport,BKK
Tan Son Nhat International Airport,SGN,2024-07-14 10:05,Suvarnabhumi Airport,BKK,2024-07-14 11:30,85,THAI,Premium Economy,85,,,310,Y,Y,Y,1,7,1,35,Sunday,False,False,False,Suvarnabhumi Airport,BKK
Tan Son Nhat International Airport,SGN,2024-07-14 20:10,Suvarnabhumi Airport,BKK,2024-07-14 21:35,85,THAI,Premium Economy,85,,,310,Y,Y,Y,1,7,1,35,Sunday,False,False,False,Suvarnabhumi Airport,BKK
Tan Son Nhat International Airport,SGN,2024-07-14 02:20,Shenzhen Bao'an International Airport,SZX,2024-07-14 06:30,190,Shenzhen,Premium Economy,1435,1060.0,,488,Y,Y,Y,1,5,1,20,Sunday,False,False,False,Suvarnabhumi Airport,BKK
Tan Son Nhat International Airport,SGN,2024-07-14 02:20,Shenzhen Bao'an International Airport,SZX,2024-07-14 06:30,190,Shenzhen,Premium Economy,560,190.0,,1838,Y,Y,Y,1,5,1,20,Sunday,False,False,False,Suvarnabhumi Airport,BKK
Tan Son Nhat International Airport,SGN,2024-07-15 10:05,Suvarnabhumi Airport,BKK,2024-07-15 11:30,85,THAI,Premium Economy,85,,,310,Y,Y,Y,1,7,1,35,Monday,False,False,False,Suvarnabhumi Airport,BKK
Tan Son Nhat International Airport,SGN,2024-07-15 20:10,Suvarnabhumi Airport,BKK,2024-07-15 21:35,85,THAI,Premium Economy,85,,,310,Y,Y,Y,1,7,1,35,Monday,False,False,False,Suvarnabhumi Airport,BKK
Tan Son Nhat International Airport,SGN,2024-07-15 02:20,Shenzhen Bao'an International Airport,SZX,2024-07-15 06:30,190,Shenzhen,Premium Economy,1435,1060.0,,488,Y,Y,Y,1,5,1,20,Monday,False,False,False,Suvarnabhumi Airport,BKK
Tan Son Nhat International Airport,SGN,2024-07-15 02:20,Shenzhen Bao'an International Airport,SZX,2024-07-15 06:30,190,Shenzhen,Premium Economy,560,190.0,,534,Y,Y,Y,1,5,1,20,Monday,False,False,False,Suvarnabhumi Airport,BKK
Tan Son Nhat International Airport,SGN,2024-07-16 10:05,Suvarnabhumi Airport,BKK,2024-07-16 11:30,85,THAI,Premium Economy,85,,,310,Y,Y,Y,1,7,1,35,Tuesday,False,False,False,Suvarnabhumi Airport,BKK
Tan Son Nhat International Airport,SGN,2024-07-16 20:10,Suvarnabhumi Airport,BKK,2024-07-16 21:35,85,THAI,Premium Economy,85,,,310,Y,Y,Y,1,7,1,35,Tuesday,False,False,False,Suvarnabhumi Airport,BKK
Tan Son Nhat International Airport,SGN,2024-07-16 02:20,Shenzhen Bao'an International Airport,SZX,2024-07-16 06:30,190,Shenzhen,Premium Economy,1435,1060.0,,488,Y,Y,Y,1,5,1,20,Tuesday,False,False,False,Suvarnabhumi Airport,BKK
Tan Son Nhat International Airport,SGN,2024-07-16 02:20,Shenzhen Bao'an International Airport,SZX,2024-07-16 06:30,190,Shenzhen,Premium Economy,560,190.0,,534,Y,Y,Y,1,5,1,20,Tuesday,False,False,False,Suvarnabhumi Airport,BKK
Tan Son Nhat International Airport,SGN,2024-07-17 10:05,Suvarnabhumi Airport,BKK,2024-07-17 11:30,85,THAI,Premium Economy,85,,,310,Y,Y,Y,1,7,1,35,Wednesday,False,False,False,Suvarnabhumi Airport,BKK
Tan Son Nhat International Airport,SGN,2024-07-17 20:10,Suvarnabhumi Airport,BKK,2024-07-17 21:35,85,THAI,Premium Economy,85,,,310,Y,Y,Y,1,7,1,35,Wednesday,False,False,False,Suvarnabhumi Airport,BKK
Tan Son Nhat International Airport,SGN,2024-07-17 02:20,Shenzhen Bao'an International Airport,SZX,2024-07-17 06:30,190,Shenzhen,Premium Economy,560,190.0,,534,Y,Y,Y,1,5,1,20,Wednesday,False,False,False,Suvarnabhumi Airport,BKK
Tan Son Nhat International Airport,SGN,2024-07-18 10:05,Suvarnabhumi Airport,BKK,2024-07-18 11:30,85,THAI,Premium Economy,85,,,310,Y,Y,Y,1,7,1,35,Thursday,False,False,False,Suvarnabhumi Airport,BKK
Tan Son Nhat International Airport,SGN,2024-07-18 20:10,Suvarnabhumi Airport,BKK,2024-07-18 21:35,85,THAI,Premium Economy,85,,,310,Y,Y,Y,1,7,1,35,Thursday,False,False,False,Suvarnabhumi Airport,BKK
Tan Son Nhat International Airport,SGN,2024-07-18 02:20,Shenzhen Bao'an International Airport,SZX,2024-07-18 06:30,190,Shenzhen,Premium Economy,965,595.0,,534,Y,Y,Y,1,5,1,20,Thursday,False,False,False,Suvarnabhumi Airport,BKK
Tan Son Nhat International Airport,SGN,2024-07-18 02:20,Shenzhen Bao'an International Airport,SZX,2024-07-18 06:30,190,Shenzhen,Premium Economy,560,190.0,,587,Y,Y,Y,1,5,1,20,Thursday,False,False,False,Suvarnabhumi Airport,BKK
Tan Son Nhat International Airport,SGN,2024-07-19 10:05,Suvarnabhumi Airport,BKK,2024-07-19 11:30,85,THAI,Premium Economy,85,,,310,Y,Y,Y,1,7,1,35,Friday,False,False,False,Suvarnabhumi Airport,BKK
Tan Son Nhat International Airport,SGN,2024-07-19 20:10,Suvarnabhumi Airport,BKK,2024-07-19 21:35,85,THAI,Premium Economy,85,,,310,Y,Y,Y,1,7,1,35,Friday,False,False,False,Suvarnabhumi Airport,BKK
Tan Son Nhat International Airport,SGN,2024-07-19 02:20,Shenzhen Bao'an International Airport,SZX,2024-07-19 06:30,190,Shenzhen,Premium Economy,965,595.0,,534,Y,Y,Y,1,5,1,20,Friday,False,False,False,Suvarnabhumi Airport,BKK
Tan Son Nhat International Airport,SGN,2024-07-19 02:20,Shenzhen Bao'an International Airport,SZX,2024-07-19 06:30,190,Shenzhen,Premium Economy,560,190.0,,587,Y,Y,Y,1,5,1,20,Friday,False,False,False,Suvarnabhumi Airport,BKK
Tan Son Nhat International Airport,SGN,2024-07-20 10:05,Suvarnabhumi Airport,BKK,2024-07-20 11:30,85,THAI,Premium Economy,85,,,310,Y,Y,Y,1,7,1,35,Saturday,False,True,False,Suvarnabhumi Airport,BKK
Tan Son Nhat International Airport,SGN,2024-07-20 20:10,Suvarnabhumi Airport,BKK,2024-07-20 21:35,85,THAI,Premium Economy,85,,,310,Y,Y,Y,1,7,1,35,Saturday,False,True,False,Suvarnabhumi Airport,BKK
Tan Son Nhat International Airport,SGN,2024-07-20 02:20,Shenzhen Bao'an International Airport,SZX,2024-07-20 06:30,190,Shenzhen,Premium Economy,1435,1060.0,,488,Y,Y,Y,1,5,1,20,Saturday,False,True,False,Suvarnabhumi Airport,BKK
Tan Son Nhat International Airport,SGN,2024-07-20 02:20,Shenzhen Bao'an International Airport,SZX,2024-07-20 06:30,190,Shenzhen,Premium Economy,560,190.0,,534,Y,Y,Y,1,5,1,20,Saturday,False,True,False,Suvarnabhumi Airport,BKK
Tan Son Nhat International Airport,SGN,2024-07-21 10:05,Suvarnabhumi Airport,BKK,2024-07-21 11:30,85,THAI,Premium Economy,85,,,310,Y,Y,Y,1,7,1,35,Sunday,False,False,False,Suvarnabhumi Airport,BKK
Tan Son Nhat International Airport,SGN,2024-07-21 20:10,Suvarnabhumi Airport,BKK,2024-07-21 21:35,85,THAI,Premium Economy,85,,,310,Y,Y,Y,1,7,1,35,Sunday,False,False,False,Suvarnabhumi Airport,BKK
Tan Son Nhat International Airport,SGN,2024-07-21 02:20,Shenzhen Bao'an International Airport,SZX,2024-07-21 06:30,190,Shenzhen,Premium Economy,1435,1060.0,,488,Y,Y,Y,1,5,1,20,Sunday,False,False,False,Suvarnabhumi Airport,BKK
Tan Son Nhat International Airport,SGN,2024-07-21 02:20,Shenzhen Bao'an International Airport,SZX,2024-07-21 06:30,190,Shenzhen,Premium Economy,560,190.0,,534,Y,Y,Y,1,5,1,20,Sunday,False,False,False,Suvarnabhumi Airport,BKK
Tan Son Nhat International Airport,SGN,2024-07-22 10:05,Suvarnabhumi Airport,BKK,2024-07-22 11:30,85,THAI,Premium Economy,85,,,310,Y,Y,Y,1,7,1,35,Monday,False,True,False,Suvarnabhumi Airport,BKK
Tan Son Nhat International Airport,SGN,2024-07-22 20:10,Suvarnabhumi Airport,BKK,2024-07-22 21:35,85,THAI,Premium Economy,85,,,310,Y,Y,Y,1,7,1,35,Monday,False,True,False,Suvarnabhumi Airport,BKK
Tan Son Nhat International Airport,SGN,2024-07-22 02:20,Shenzhen Bao'an International Airport,SZX,2024-07-22 06:30,190,Shenzhen,Premium Economy,1435,1060.0,,488,Y,Y,Y,1,5,1,20,Monday,False,True,False,Suvarnabhumi Airport,BKK
Tan Son Nhat International Airport,SGN,2024-07-22 02:20,Shenzhen Bao'an International Airport,SZX,2024-07-22 06:30,190,Shenzhen,Premium Economy,560,190.0,,534,Y,Y,Y,1,5,1,20,Monday,False,True,False,Suvarnabhumi Airport,BKK
Tan Son Nhat International Airport,SGN,2024-07-23 10:05,Suvarnabhumi Airport,BKK,2024-07-23 11:30,85,THAI,Premium Economy,85,,,310,Y,Y,Y,1,7,1,35,Tuesday,False,False,False,Suvarnabhumi Airport,BKK
Tan Son Nhat International Airport,SGN,2024-07-23 20:10,Suvarnabhumi Airport,BKK,2024-07-23 21:35,85,THAI,Premium Economy,85,,,310,Y,Y,Y,1,7,1,35,Tuesday,False,False,False,Suvarnabhumi Airport,BKK
Tan Son Nhat International Airport,SGN,2024-07-23 02:20,Shenzhen Bao'an International Airport,SZX,2024-07-23 06:30,190,Shenzhen,Premium Economy,1435,1060.0,,488,Y,Y,Y,1,5,1,20,Tuesday,False,False,False,Suvarnabhumi Airport,BKK
Tan Son Nhat International Airport,SGN,2024-07-23 02:20,Shenzhen Bao'an International Airport,SZX,2024-07-23 06:30,190,Shenzhen,Premium Economy,560,190.0,,534,Y,Y,Y,1,5,1,20,Tuesday,False,False,False,Suvarnabhumi Airport,BKK
Tan Son Nhat International Airport,SGN,2024-07-24 10:05,Suvarnabhumi Airport,BKK,2024-07-24 11:30,85,THAI,Premium Economy,85,,,310,Y,Y,Y,1,7,1,35,Wednesday,False,False,False,Suvarnabhumi Airport,BKK
Tan Son Nhat International Airport,SGN,2024-07-24 20:10,Suvarnabhumi Airport,BKK,2024-07-24 21:35,85,THAI,Premium Economy,85,,,310,Y,Y,Y,1,7,1,35,Wednesday,False,False,False,Suvarnabhumi Airport,BKK
Tan Son Nhat International Airport,SGN,2024-07-24 02:20,Shenzhen Bao'an International Airport,SZX,2024-07-24 06:30,190,Shenzhen,Premium Economy,560,190.0,,534,Y,Y,Y,1,5,1,20,Wednesday,False,False,False,Suvarnabhumi Airport,BKK
Tan Son Nhat International Airport,SGN,2024-07-25 10:05,Suvarnabhumi Airport,BKK,2024-07-25 11:30,85,THAI,Premium Economy,85,,,310,Y,Y,Y,1,7,1,35,Thursday,False,False,False,Suvarnabhumi Airport,BKK
Tan Son Nhat International Airport,SGN,2024-07-25 20:10,Suvarnabhumi Airport,BKK,2024-07-25 21:35,85,THAI,Premium Economy,85,,,310,Y,Y,Y,1,7,1,35,Thursday,False,False,False,Suvarnabhumi Airport,BKK
Tan Son Nhat International Airport,SGN,2024-07-25 02:20,Shenzhen Bao'an International Airport,SZX,2024-07-25 06:30,190,Shenzhen,Premium Economy,965,595.0,,534,Y,Y,Y,1,5,1,20,Thursday,False,False,False,Suvarnabhumi Airport,BKK
Tan Son Nhat International Airport,SGN,2024-07-25 02:20,Shenzhen Bao'an International Airport,SZX,2024-07-25 06:30,190,Shenzhen,Premium Economy,560,190.0,,587,Y,Y,Y,1,5,1,20,Thursday,False,False,False,Suvarnabhumi Airport,BKK
Tan Son Nhat International Airport,SGN,2024-07-26 10:05,Suvarnabhumi Airport,BKK,2024-07-26 11:30,85,THAI,Premium Economy,85,,,310,Y,Y,Y,1,7,1,35,Friday,False,False,False,Suvarnabhumi Airport,BKK
Tan Son Nhat International Airport,SGN,2024-07-26 20:10,Suvarnabhumi Airport,BKK,2024-07-26 21:35,85,THAI,Premium Economy,85,,,310,Y,Y,Y,1,7,1,35,Friday,False,False,False,Suvarnabhumi Airport,BKK
Tan Son Nhat International Airport,SGN,2024-07-26 02:20,Shenzhen Bao'an International Airport,SZX,2024-07-26 06:30,190,Shenzhen,Premium Economy,965,595.0,,534,Y,Y,Y,1,5,1,20,Friday,False,False,False,Suvarnabhumi Airport,BKK
Tan Son Nhat International Airport,SGN,2024-07-26 02:20,Shenzhen Bao'an International Airport,SZX,2024-07-26 06:30,190,Shenzhen,Premium Economy,560,190.0,,587,Y,Y,Y,1,5,1,20,Friday,False,False,False,Suvarnabhumi Airport,BKK
Tan Son Nhat International Airport,SGN,2024-07-27 10:05,Suvarnabhumi Airport,BKK,2024-07-27 11:30,85,THAI,Premium Economy,85,,,310,Y,Y,Y,1,7,1,35,Saturday,False,False,False,Suvarnabhumi Airport,BKK
Tan Son Nhat International Airport,SGN,2024-07-27 20:10,Suvarnabhumi Airport,BKK,2024-07-27 21:35,85,THAI,Premium Economy,85,,,310,Y,Y,Y,1,7,1,35,Saturday,False,False,False,Suvarnabhumi Airport,BKK
Tan Son Nhat International Airport,SGN,2024-07-27 02:20,Shenzhen Bao'an International Airport,SZX,2024-07-27 06:30,190,Shenzhen,Premium Economy,1435,1060.0,,488,Y,Y,Y,1,5,1,20,Saturday,False,False,False,Suvarnabhumi Airport,BKK
Tan Son Nhat International Airport,SGN,2024-07-27 02:20,Shenzhen Bao'an International Airport,SZX,2024-07-27 06:30,190,Shenzhen,Premium Economy,560,190.0,,534,Y,Y,Y,1,5,1,20,Saturday,False,False,False,Suvarnabhumi Airport,BKK
Tan Son Nhat International Airport,SGN,2024-07-28 10:05,Suvarnabhumi Airport,BKK,2024-07-28 11:30,85,THAI,Premium Economy,85,,,310,Y,Y,Y,1,7,1,35,Sunday,False,True,False,Suvarnabhumi Airport,BKK
Tan Son Nhat International Airport,SGN,2024-07-28 20:10,Suvarnabhumi Airport,BKK,2024-07-28 21:35,85,THAI,Premium Economy,85,,,310,Y,Y,Y,1,7,1,35,Sunday,False,True,False,Suvarnabhumi Airport,BKK
Tan Son Nhat International Airport,SGN,2024-07-28 02:20,Shenzhen Bao'an International Airport,SZX,2024-07-28 06:30,190,Shenzhen,Premium Economy,1435,1060.0,,488,Y,Y,Y,1,5,1,20,Sunday,False,True,False,Suvarnabhumi Airport,BKK
Tan Son Nhat International Airport,SGN,2024-07-28 02:20,Shenzhen Bao'an International Airport,SZX,2024-07-28 06:30,190,Shenzhen,Premium Economy,560,190.0,,534,Y,Y,Y,1,5,1,20,Sunday,False,True,False,Suvarnabhumi Airport,BKK
Tan Son Nhat International Airport,SGN,2024-07-29 10:05,Suvarnabhumi Airport,BKK,2024-07-29 11:30,85,THAI,Premium Economy,85,,,310,Y,Y,Y,1,7,1,35,Monday,False,True,False,Suvarnabhumi Airport,BKK
Tan Son Nhat International Airport,SGN,2024-07-29 20:10,Suvarnabhumi Airport,BKK,2024-07-29 21:35,85,THAI,Premium Economy,85,,,310,Y,Y,Y,1,7,1,35,Monday,False,True,False,Suvarnabhumi Airport,BKK
Tan Son Nhat International Airport,SGN,2024-07-29 02:20,Shenzhen Bao'an International Airport,SZX,2024-07-29 06:30,190,Shenzhen,Premium Economy,1435,1060.0,,488,Y,Y,Y,1,5,1,20,Monday,False,True,False,Suvarnabhumi Airport,BKK
Tan Son Nhat International Airport,SGN,2024-07-29 02:20,Shenzhen Bao'an International Airport,SZX,2024-07-29 06:30,190,Shenzhen,Premium Economy,560,190.0,,534,Y,Y,Y,1,5,1,20,Monday,False,True,False,Suvarnabhumi Airport,BKK
Tan Son Nhat International Airport,SGN,2024-07-30 10:05,Suvarnabhumi Airport,BKK,2024-07-30 11:30,85,THAI,Premium Economy,85,,,310,Y,Y,Y,1,7,1,35,Tuesday,False,False,False,Suvarnabhumi Airport,BKK
Tan Son Nhat International Airport,SGN,2024-07-30 20:10,Suvarnabhumi Airport,BKK,2024-07-30 21:35,85,THAI,Premium Economy,85,,,310,Y,Y,Y,1,7,1,35,Tuesday,False,False,False,Suvarnabhumi Airport,BKK
Tan Son Nhat International Airport,SGN,2024-07-30 02:20,Shenzhen Bao'an International Airport,SZX,2024-07-30 06:30,190,Shenzhen,Premium Economy,1435,1060.0,,488,Y,Y,Y,1,5,1,20,Tuesday,False,False,False,Suvarnabhumi Airport,BKK
Tan Son Nhat International Airport,SGN,2024-07-30 02:20,Shenzhen Bao'an International Airport,SZX,2024-07-30 06:30,190,Shenzhen,Premium Economy,560,190.0,,534,Y,Y,Y,1,5,1,20,Tuesday,False,False,False,Suvarnabhumi Airport,BKK
Tan Son Nhat International Airport,SGN,2024-07-31 10:05,Suvarnabhumi Airport,BKK,2024-07-31 11:30,85,THAI,Premium Economy,85,,,310,Y,Y,Y,1,7,1,35,Wednesday,False,False,False,Suvarnabhumi Airport,BKK
Tan Son Nhat International Airport,SGN,2024-07-31 20:10,Suvarnabhumi Airport,BKK,2024-07-31 21:35,85,THAI,Premium Economy,85,,,310,Y,Y,Y,1,7,1,35,Wednesday,False,False,False,Suvarnabhumi Airport,BKK
Tan Son Nhat International Airport,SGN,2024-07-31 02:20,Shenzhen Bao'an International Airport,SZX,2024-07-31 06:30,190,Shenzhen,Premium Economy,560,190.0,,534,Y,Y,Y,1,5,1,20,Wednesday,False,False,False,Suvarnabhumi Airport,BKK
Tan Son Nhat International Airport,SGN,2024-08-01 10:05,Suvarnabhumi Airport,BKK,2024-08-01 11:30,85,THAI,Premium Economy,85,,,311,Y,Y,Y,1,7,1,35,Thursday,False,False,False,Suvarnabhumi Airport,BKK
Tan Son Nhat International Airport,SGN,2024-08-01 20:10,Suvarnabhumi Airport,BKK,2024-08-01 21:35,85,THAI,Premium Economy,85,,,311,Y,Y,Y,1,7,1,35,Thursday,False,False,False,Suvarnabhumi Airport,BKK
Tan Son Nhat International Airport,SGN,2024-08-01 02:20,Shenzhen Bao'an International Airport,SZX,2024-08-01 06:30,190,Shenzhen,Premium Economy,1435,1060.0,,444,Y,Y,Y,1,5,1,20,Thursday,False,False,False,Suvarnabhumi Airport,BKK
Tan Son Nhat International Airport,SGN,2024-08-01 02:20,Shenzhen Bao'an International Airport,SZX,2024-08-01 06:30,190,Shenzhen,Premium Economy,560,190.0,,536,Y,Y,Y,1,5,1,20,Thursday,False,False,False,Suvarnabhumi Airport,BKK
Tan Son Nhat International Airport,SGN,2024-08-02 10:05,Suvarnabhumi Airport,BKK,2024-08-02 11:30,85,THAI,Premium Economy,85,,,311,Y,Y,Y,1,7,1,35,Friday,False,False,False,Suvarnabhumi Airport,BKK
Tan Son Nhat International Airport,SGN,2024-08-02 20:10,Suvarnabhumi Airport,BKK,2024-08-02 21:35,85,THAI,Premium Economy,85,,,311,Y,Y,Y,1,7,1,35,Friday,False,False,False,Suvarnabhumi Airport,BKK
Tan Son Nhat International Airport,SGN,2024-08-02 02:20,Shenzhen Bao'an International Airport,SZX,2024-08-02 06:30,190,Shenzhen,Premium Economy,560,190.0,,490,Y,Y,Y,1,5,1,20,Friday,False,False,False,Suvarnabhumi Airport,BKK
Tan Son Nhat International Airport,SGN,2024-08-03 10:05,Suvarnabhumi Airport,BKK,2024-08-03 11:30,85,THAI,Premium Economy,85,,,311,Y,Y,Y,1,7,1,35,Saturday,False,False,False,Suvarnabhumi Airport,BKK
Tan Son Nhat International Airport,SGN,2024-08-03 20:10,Suvarnabhumi Airport,BKK,2024-08-03 21:35,85,THAI,Premium Economy,85,,,311,Y,Y,Y,1,7,1,35,Saturday,False,False,False,Suvarnabhumi Airport,BKK
Tan Son Nhat International Airport,SGN,2024-08-04 10:05,Suvarnabhumi Airport,BKK,2024-08-04 11:30,85,THAI,Premium Economy,85,,,311,Y,Y,Y,1,7,1,35,Sunday,False,False,False,Suvarnabhumi Airport,BKK
Tan Son Nhat International Airport,SGN,2024-08-04 20:10,Suvarnabhumi Airport,BKK,2024-08-04 21:35,85,THAI,Premium Economy,85,,,311,Y,Y,Y,1,7,1,35,Sunday,False,False,False,Suvarnabhumi Airport,BKK
Tan Son Nhat International Airport,SGN,2024-08-04 02:20,Shenzhen Bao'an International Airport,SZX,2024-08-04 06:30,190,Shenzhen,Premium Economy,1435,1060.0,,419,Y,Y,Y,1,5,1,20,Sunday,False,False,False,Suvarnabhumi Airport,BKK
Tan Son Nhat International Airport,SGN,2024-08-04 02:20,Shenzhen Bao'an International Airport,SZX,2024-08-04 06:30,190,Shenzhen,Premium Economy,560,190.0,,490,Y,Y,Y,1,5,1,20,Sunday,False,False,False,Suvarnabhumi Airport,BKK
Tan Son Nhat International Airport,SGN,2024-08-05 10:05,Suvarnabhumi Airport,BKK,2024-08-05 11:30,85,THAI,Premium Economy,85,,,311,Y,Y,Y,1,7,1,35,Monday,False,False,False,Suvarnabhumi Airport,BKK
Tan Son Nhat International Airport,SGN,2024-08-05 20:10,Suvarnabhumi Airport,BKK,2024-08-05 21:35,85,THAI,Premium Economy,85,,,311,Y,Y,Y,1,7,1,35,Monday,False,False,False,Suvarnabhumi Airport,BKK
Tan Son Nhat International Airport,SGN,2024-08-05 02:20,Shenzhen Bao'an International Airport,SZX,2024-08-05 06:30,190,Shenzhen,Premium Economy,1435,1060.0,,419,Y,Y,Y,1,5,1,20,Monday,False,False,False,Suvarnabhumi Airport,BKK
Tan Son Nhat International Airport,SGN,2024-08-05 02:20,Shenzhen Bao'an International Airport,SZX,2024-08-05 06:30,190,Shenzhen,Premium Economy,560,190.0,,490,Y,Y,Y,1,5,1,20,Monday,False,False,False,Suvarnabhumi Airport,BKK
Tan Son Nhat International Airport,SGN,2024-08-06 10:05,Suvarnabhumi Airport,BKK,2024-08-06 11:30,85,THAI,Premium Economy,85,,,311,Y,Y,Y,1,7,1,35,Tuesday,False,False,False,Suvarnabhumi Airport,BKK
Tan Son Nhat International Airport,SGN,2024-08-06 20:10,Suvarnabhumi Airport,BKK,2024-08-06 21:35,85,THAI,Premium Economy,85,,,311,Y,Y,Y,1,7,1,35,Tuesday,False,False,False,Suvarnabhumi Airport,BKK
Tan Son Nhat International Airport,SGN,2024-08-06 02:20,Shenzhen Bao'an International Airport,SZX,2024-08-06 06:30,190,Shenzhen,Premium Economy,1435,1060.0,,419,Y,Y,Y,1,5,1,20,Tuesday,False,False,False,Suvarnabhumi Airport,BKK
Tan Son Nhat International Airport,SGN,2024-08-06 02:20,Shenzhen Bao'an International Airport,SZX,2024-08-06 06:30,190,Shenzhen,Premium Economy,560,190.0,,444,Y,Y,Y,1,5,1,20,Tuesday,False,False,False,Suvarnabhumi Airport,BKK
Tan Son Nhat International Airport,SGN,2024-08-07 10:05,Suvarnabhumi Airport,BKK,2024-08-07 11:30,85,THAI,Premium Economy,85,,,311,Y,Y,Y,1,7,1,35,Wednesday,False,False,False,Suvarnabhumi Airport,BKK
Tan Son Nhat International Airport,SGN,2024-08-07 20:10,Suvarnabhumi Airport,BKK,2024-08-07 21:35,85,THAI,Premium Economy,85,,,311,Y,Y,Y,1,7,1,35,Wednesday,False,False,False,Suvarnabhumi Airport,BKK
Tan Son Nhat International Airport,SGN,2024-08-07 02:20,Shenzhen Bao'an International Airport,SZX,2024-08-07 06:30,190,Shenzhen,Premium Economy,1435,1060.0,,419,Y,Y,Y,1,5,1,20,Wednesday,False,False,False,Suvarnabhumi Airport,BKK
Tan Son Nhat International Airport,SGN,2024-08-07 02:20,Shenzhen Bao'an International Airport,SZX,2024-08-07 06:30,190,Shenzhen,Premium Economy,560,190.0,,490,Y,Y,Y,1,5,1,20,Wednesday,False,False,False,Suvarnabhumi Airport,BKK
Tan Son Nhat International Airport,SGN,2024-08-08 10:05,Suvarnabhumi Airport,BKK,2024-08-08 11:30,85,THAI,Premium Economy,85,,,311,Y,Y,Y,1,7,1,35,Thursday,False,False,False,Suvarnabhumi Airport,BKK
Tan Son Nhat International Airport,SGN,2024-08-08 20:10,Suvarnabhumi Airport,BKK,2024-08-08 21:35,85,THAI,Premium Economy,85,,,311,Y,Y,Y,1,7,1,35,Thursday,False,False,False,Suvarnabhumi Airport,BKK
Tan Son Nhat International Airport,SGN,2024-08-08 02:20,Shenzhen Bao'an International Airport,SZX,2024-08-08 06:30,190,Shenzhen,Premium Economy,1435,1060.0,,419,Y,Y,Y,1,5,1,20,Thursday,False,False,False,Suvarnabhumi Airport,BKK
Tan Son Nhat International Airport,SGN,2024-08-08 02:20,Shenzhen Bao'an International Airport,SZX,2024-08-08 06:30,190,Shenzhen,Premium Economy,560,190.0,,490,Y,Y,Y,1,5,1,20,Thursday,False,False,False,Suvarnabhumi Airport,BKK
Tan Son Nhat International Airport,SGN,2024-08-09 10:05,Suvarnabhumi Airport,BKK,2024-08-09 11:30,85,THAI,Premium Economy,85,,,311,Y,Y,Y,1,7,1,35,Friday,False,False,False,Suvarnabhumi Airport,BKK
Tan Son Nhat International Airport,SGN,2024-08-09 20:10,Suvarnabhumi Airport,BKK,2024-08-09 21:35,85,THAI,Premium Economy,85,,,311,Y,Y,Y,1,7,1,35,Friday,False,False,False,Suvarnabhumi Airport,BKK
Tan Son Nhat International Airport,SGN,2024-08-09 02:20,Shenzhen Bao'an International Airport,SZX,2024-08-09 06:30,190,Shenzhen,Premium Economy,1435,1060.0,,419,Y,Y,Y,1,5,1,20,Friday,False,False,False,Suvarnabhumi Airport,BKK
Tan Son Nhat International Airport,SGN,2024-08-09 02:20,Shenzhen Bao'an International Airport,SZX,2024-08-09 06:30,190,Shenzhen,Premium Economy,560,190.0,,444,Y,Y,Y,1,5,1,20,Friday,False,False,False,Suvarnabhumi Airport,BKK
Tan Son Nhat International Airport,SGN,2024-08-10 10:05,Suvarnabhumi Airport,BKK,2024-08-10 11:30,85,THAI,Premium Economy,85,,,311,Y,Y,Y,1,7,1,35,Saturday,False,False,False,Suvarnabhumi Airport,BKK
Tan Son Nhat International Airport,SGN,2024-08-10 20:10,Suvarnabhumi Airport,BKK,2024-08-10 21:35,85,THAI,Premium Economy,85,,,311,Y,Y,Y,1,7,1,35,Saturday,False,False,False,Suvarnabhumi Airport,BKK
Tan Son Nhat International Airport,SGN,2024-08-10 02:20,Shenzhen Bao'an International Airport,SZX,2024-08-10 06:30,190,Shenzhen,Premium Economy,1435,1060.0,,419,Y,Y,Y,1,5,1,20,Saturday,False,False,False,Suvarnabhumi Airport,BKK
Tan Son Nhat International Airport,SGN,2024-08-10 02:20,Shenzhen Bao'an International Airport,SZX,2024-08-10 06:30,190,Shenzhen,Premium Economy,560,190.0,,490,Y,Y,Y,1,5,1,20,Saturday,False,False,False,Suvarnabhumi Airport,BKK
Tan Son Nhat International Airport,SGN,2024-08-11 10:05,Suvarnabhumi Airport,BKK,2024-08-11 11:30,85,THAI,Premium Economy,85,,,311,Y,Y,Y,1,7,1,35,Sunday,False,False,False,Suvarnabhumi Airport,BKK
Tan Son Nhat International Airport,SGN,2024-08-11 20:10,Suvarnabhumi Airport,BKK,2024-08-11 21:35,85,THAI,Premium Economy,85,,,311,Y,Y,Y,1,7,1,35,Sunday,False,False,False,Suvarnabhumi Airport,BKK
Tan Son Nhat International Airport,SGN,2024-08-11 02:20,Shenzhen Bao'an International Airport,SZX,2024-08-11 06:30,190,Shenzhen,Premium Economy,1435,1060.0,,419,Y,Y,Y,1,5,1,20,Sunday,False,False,False,Suvarnabhumi Airport,BKK
Tan Son Nhat International Airport,SGN,2024-08-11 02:20,Shenzhen Bao'an International Airport,SZX,2024-08-11 06:30,190,Shenzhen,Premium Economy,560,190.0,,490,Y,Y,Y,1,5,1,20,Sunday,False,False,False,Suvarnabhumi Airport,BKK
Tan Son Nhat International Airport,SGN,2024-08-12 10:05,Suvarnabhumi Airport,BKK,2024-08-12 11:30,85,THAI,Premium Economy,85,,,311,Y,Y,Y,1,7,1,35,Monday,False,True,False,Suvarnabhumi Airport,BKK
Tan Son Nhat International Airport,SGN,2024-08-12 20:10,Suvarnabhumi Airport,BKK,2024-08-12 21:35,85,THAI,Premium Economy,85,,,311,Y,Y,Y,1,7,1,35,Monday,False,True,False,Suvarnabhumi Airport,BKK
Tan Son Nhat International Airport,SGN,2024-08-12 02:20,Shenzhen Bao'an International Airport,SZX,2024-08-12 06:30,190,Shenzhen,Premium Economy,1435,1060.0,,419,Y,Y,Y,1,5,1,20,Monday,False,True,False,Suvarnabhumi Airport,BKK
Tan Son Nhat International Airport,SGN,2024-08-12 02:20,Shenzhen Bao'an International Airport,SZX,2024-08-12 06:30,190,Shenzhen,Premium Economy,560,190.0,,444,Y,Y,Y,1,5,1,20,Monday,False,True,False,Suvarnabhumi Airport,BKK
Tan Son Nhat International Airport,SGN,2024-08-13 10:05,Suvarnabhumi Airport,BKK,2024-08-13 11:30,85,THAI,Premium Economy,85,,,311,Y,Y,Y,1,7,1,35,Tuesday,False,False,False,Suvarnabhumi Airport,BKK
Tan Son Nhat International Airport,SGN,2024-08-13 20:10,Suvarnabhumi Airport,BKK,2024-08-13 21:35,85,THAI,Premium Economy,85,,,311,Y,Y,Y,1,7,1,35,Tuesday,False,False,False,Suvarnabhumi Airport,BKK
Tan Son Nhat International Airport,SGN,2024-08-13 02:20,Shenzhen Bao'an International Airport,SZX,2024-08-13 06:30,190,Shenzhen,Premium Economy,1435,1060.0,,419,Y,Y,Y,1,5,1,20,Tuesday,False,False,False,Suvarnabhumi Airport,BKK
Tan Son Nhat International Airport,SGN,2024-08-13 02:20,Shenzhen Bao'an International Airport,SZX,2024-08-13 06:30,190,Shenzhen,Premium Economy,560,190.0,,444,Y,Y,Y,1,5,1,20,Tuesday,False,False,False,Suvarnabhumi Airport,BKK
Tan Son Nhat International Airport,SGN,2024-08-14 10:05,Suvarnabhumi Airport,BKK,2024-08-14 11:30,85,THAI,Premium Economy,85,,,311,Y,Y,Y,1,7,1,35,Wednesday,False,False,False,Suvarnabhumi Airport,BKK
Tan Son Nhat International Airport,SGN,2024-08-14 20:10,Suvarnabhumi Airport,BKK,2024-08-14 21:35,85,THAI,Premium Economy,85,,,311,Y,Y,Y,1,7,1,35,Wednesday,False,False,False,Suvarnabhumi Airport,BKK
Tan Son Nhat International Airport,SGN,2024-08-14 02:20,Shenzhen Bao'an International Airport,SZX,2024-08-14 06:30,190,Shenzhen,Premium Economy,1435,1060.0,,419,Y,Y,Y,1,5,1,20,Wednesday,False,False,False,Suvarnabhumi Airport,BKK
Tan Son Nhat International Airport,SGN,2024-08-14 02:20,Shenzhen Bao'an International Airport,SZX,2024-08-14 06:30,190,Shenzhen,Premium Economy,560,190.0,,444,Y,Y,Y,1,5,1,20,Wednesday,False,False,False,Suvarnabhumi Airport,BKK
Tan Son Nhat International Airport,SGN,2024-08-15 10:05,Suvarnabhumi Airport,BKK,2024-08-15 11:30,85,THAI,Premium Economy,85,,,311,Y,Y,Y,1,7,1,35,Thursday,False,False,False,Suvarnabhumi Airport,BKK
Tan Son Nhat International Airport,SGN,2024-08-15 20:10,Suvarnabhumi Airport,BKK,2024-08-15 21:35,85,THAI,Premium Economy,85,,,311,Y,Y,Y,1,7,1,35,Thursday,False,False,False,Suvarnabhumi Airport,BKK
Tan Son Nhat International Airport,SGN,2024-08-15 02:20,Shenzhen Bao'an International Airport,SZX,2024-08-15 06:30,190,Shenzhen,Premium Economy,1435,1060.0,,419,Y,Y,Y,1,5,1,20,Thursday,False,False,False,Suvarnabhumi Airport,BKK
Tan Son Nhat International Airport,SGN,2024-08-15 02:20,Shenzhen Bao'an International Airport,SZX,2024-08-15 06:30,190,Shenzhen,Premium Economy,560,190.0,,444,Y,Y,Y,1,5,1,20,Thursday,False,False,False,Suvarnabhumi Airport,BKK
Tan Son Nhat International Airport,SGN,2024-08-16 10:05,Suvarnabhumi Airport,BKK,2024-08-16 11:30,85,THAI,Premium Economy,85,,,311,Y,Y,Y,1,7,1,35,Friday,False,False,False,Suvarnabhumi Airport,BKK
Tan Son Nhat International Airport,SGN,2024-08-16 20:10,Suvarnabhumi Airport,BKK,2024-08-16 21:35,85,THAI,Premium Economy,85,,,311,Y,Y,Y,1,7,1,35,Friday,False,False,False,Suvarnabhumi Airport,BKK
Tan Son Nhat International Airport,SGN,2024-08-16 02:20,Shenzhen Bao'an International Airport,SZX,2024-08-16 06:30,190,Shenzhen,Premium Economy,1435,1060.0,,419,Y,Y,Y,1,5,1,20,Friday,False,False,False,Suvarnabhumi Airport,BKK
Tan Son Nhat International Airport,SGN,2024-08-16 02:20,Shenzhen Bao'an International Airport,SZX,2024-08-16 06:30,190,Shenzhen,Premium Economy,560,190.0,,444,Y,Y,Y,1,5,1,20,Friday,False,False,False,Suvarnabhumi Airport,BKK
Tan Son Nhat International Airport,SGN,2024-08-17 10:05,Suvarnabhumi Airport,BKK,2024-08-17 11:30,85,THAI,Premium Economy,85,,,311,Y,Y,Y,1,7,1,35,Saturday,False,False,False,Suvarnabhumi Airport,BKK
Tan Son Nhat International Airport,SGN,2024-08-17 20:10,Suvarnabhumi Airport,BKK,2024-08-17 21:35,85,THAI,Premium Economy,85,,,311,Y,Y,Y,1,7,1,35,Saturday,False,False,False,Suvarnabhumi Airport,BKK
Tan Son Nhat International Airport,SGN,2024-08-17 02:20,Shenzhen Bao'an International Airport,SZX,2024-08-17 06:30,190,Shenzhen,Premium Economy,1435,1060.0,,419,Y,Y,Y,1,5,1,20,Saturday,False,False,False,Suvarnabhumi Airport,BKK
Tan Son Nhat International Airport,SGN,2024-08-17 02:20,Shenzhen Bao'an International Airport,SZX,2024-08-17 06:30,190,Shenzhen,Premium Economy,560,190.0,,444,Y,Y,Y,1,5,1,20,Saturday,False,False,False,Suvarnabhumi Airport,BKK
Tan Son Nhat International Airport,SGN,2024-08-18 10:05,Suvarnabhumi Airport,BKK,2024-08-18 11:30,85,THAI,Premium Economy,85,,,311,Y,Y,Y,1,7,1,35,Sunday,False,False,False,Suvarnabhumi Airport,BKK
Tan Son Nhat International Airport,SGN,2024-08-18 20:10,Suvarnabhumi Airport,BKK,2024-08-18 21:35,85,THAI,Premium Economy,85,,,311,Y,Y,Y,1,7,1,35,Sunday,False,False,False,Suvarnabhumi Airport,BKK
Tan Son Nhat International Airport,SGN,2024-08-18 02:20,Shenzhen Bao'an International Airport,SZX,2024-08-18 06:30,190,Shenzhen,Premium Economy,1435,1060.0,,411,Y,Y,Y,1,5,1,20,Sunday,False,False,False,Suvarnabhumi Airport,BKK
Tan Son Nhat International Airport,SGN,2024-08-18 02:20,Shenzhen Bao'an International Airport,SZX,2024-08-18 06:30,190,Shenzhen,Premium Economy,560,190.0,,444,Y,Y,Y,1,5,1,20,Sunday,False,False,False,Suvarnabhumi Airport,BKK
Tan Son Nhat International Airport,SGN,2024-08-19 10:05,Suvarnabhumi Airport,BKK,2024-08-19 11:30,85,THAI,Premium Economy,85,,,311,Y,Y,Y,1,7,1,35,Monday,False,False,False,Suvarnabhumi Airport,BKK
Tan Son Nhat International Airport,SGN,2024-08-19 20:10,Suvarnabhumi Airport,BKK,2024-08-19 21:35,85,THAI,Premium Economy,85,,,311,Y,Y,Y,1,7,1,35,Monday,False,False,False,Suvarnabhumi Airport,BKK
Tan Son Nhat International Airport,SGN,2024-08-19 02:20,Shenzhen Bao'an International Airport,SZX,2024-08-19 06:30,190,Shenzhen,Premium Economy,1435,1060.0,,411,Y,Y,Y,1,5,1,20,Monday,False,False,False,Suvarnabhumi Airport,BKK
Tan Son Nhat International Airport,SGN,2024-08-19 02:20,Shenzhen Bao'an International Airport,SZX,2024-08-19 06:30,190,Shenzhen,Premium Economy,560,190.0,,436,Y,Y,Y,1,5,1,20,Monday,False,False,False,Suvarnabhumi Airport,BKK
Tan Son Nhat International Airport,SGN,2024-08-20 10:05,Suvarnabhumi Airport,BKK,2024-08-20 11:30,85,THAI,Premium Economy,85,,,311,Y,Y,Y,1,7,1,35,Tuesday,False,False,False,Suvarnabhumi Airport,BKK
Tan Son Nhat International Airport,SGN,2024-08-20 20:10,Suvarnabhumi Airport,BKK,2024-08-20 21:35,85,THAI,Premium Economy,85,,,311,Y,Y,Y,1,7,1,35,Tuesday,False,False,False,Suvarnabhumi Airport,BKK
Tan Son Nhat International Airport,SGN,2024-08-20 02:20,Shenzhen Bao'an International Airport,SZX,2024-08-20 06:30,190,Shenzhen,Premium Economy,1435,1060.0,,411,Y,Y,Y,1,5,1,20,Tuesday,False,False,False,Suvarnabhumi Airport,BKK
Tan Son Nhat International Airport,SGN,2024-08-20 02:20,Shenzhen Bao'an International Airport,SZX,2024-08-20 06:30,190,Shenzhen,Premium Economy,560,190.0,,436,Y,Y,Y,1,5,1,20,Tuesday,False,False,False,Suvarnabhumi Airport,BKK
Tan Son Nhat International Airport,SGN,2024-08-21 10:05,Suvarnabhumi Airport,BKK,2024-08-21 11:30,85,THAI,Premium Economy,85,,,311,Y,Y,Y,1,7,1,35,Wednesday,False,False,False,Suvarnabhumi Airport,BKK
Tan Son Nhat International Airport,SGN,2024-08-21 20:10,Suvarnabhumi Airport,BKK,2024-08-21 21:35,85,THAI,Premium Economy,85,,,311,Y,Y,Y,1,7,1,35,Wednesday,False,False,False,Suvarnabhumi Airport,BKK
Tan Son Nhat International Airport,SGN,2024-08-21 02:20,Shenzhen Bao'an International Airport,SZX,2024-08-21 06:30,190,Shenzhen,Premium Economy,1435,1060.0,,411,Y,Y,Y,1,5,1,20,Wednesday,False,False,False,Suvarnabhumi Airport,BKK
Tan Son Nhat International Airport,SGN,2024-08-21 02:20,Shenzhen Bao'an International Airport,SZX,2024-08-21 06:30,190,Shenzhen,Premium Economy,560,190.0,,436,Y,Y,Y,1,5,1,20,Wednesday,False,False,False,Suvarnabhumi Airport,BKK
Tan Son Nhat International Airport,SGN,2024-08-22 10:05,Suvarnabhumi Airport,BKK,2024-08-22 11:30,85,THAI,Premium Economy,85,,,311,Y,Y,Y,1,7,1,35,Thursday,False,False,False,Suvarnabhumi Airport,BKK
Tan Son Nhat International Airport,SGN,2024-08-22 20:10,Suvarnabhumi Airport,BKK,2024-08-22 21:35,85,THAI,Premium Economy,85,,,311,Y,Y,Y,1,7,1,35,Thursday,False,False,False,Suvarnabhumi Airport,BKK
Tan Son Nhat International Airport,SGN,2024-08-22 02:20,Shenzhen Bao'an International Airport,SZX,2024-08-22 06:30,190,Shenzhen,Premium Economy,1435,1060.0,,411,Y,Y,Y,1,5,1,20,Thursday,False,False,False,Suvarnabhumi Airport,BKK
Tan Son Nhat International Airport,SGN,2024-08-22 02:20,Shenzhen Bao'an International Airport,SZX,2024-08-22 06:30,190,Shenzhen,Premium Economy,560,190.0,,436,Y,Y,Y,1,5,1,20,Thursday,False,False,False,Suvarnabhumi Airport,BKK
Tan Son Nhat International Airport,SGN,2024-08-23 10:05,Suvarnabhumi Airport,BKK,2024-08-23 11:30,85,THAI,Premium Economy,85,,,311,Y,Y,Y,1,7,1,35,Friday,False,False,False,Suvarnabhumi Airport,BKK
Tan Son Nhat International Airport,SGN,2024-08-23 20:10,Suvarnabhumi Airport,BKK,2024-08-23 21:35,85,THAI,Premium Economy,85,,,311,Y,Y,Y,1,7,1,35,Friday,False,False,False,Suvarnabhumi Airport,BKK
Tan Son Nhat International Airport,SGN,2024-08-23 02:20,Shenzhen Bao'an International Airport,SZX,2024-08-23 06:30,190,Shenzhen,Premium Economy,1435,1060.0,,411,Y,Y,Y,1,5,1,20,Friday,False,False,False,Suvarnabhumi Airport,BKK
Tan Son Nhat International Airport,SGN,2024-08-23 02:20,Shenzhen Bao'an International Airport,SZX,2024-08-23 06:30,190,Shenzhen,Premium Economy,560,190.0,,481,Y,Y,Y,1,5,1,20,Friday,False,False,False,Suvarnabhumi Airport,BKK
Tan Son Nhat International Airport,SGN,2024-08-24 10:05,Suvarnabhumi Airport,BKK,2024-08-24 11:30,85,THAI,Premium Economy,85,,,311,Y,Y,Y,1,7,1,35,Saturday,False,False,False,Suvarnabhumi Airport,BKK
Tan Son Nhat International Airport,SGN,2024-08-24 20:10,Suvarnabhumi Airport,BKK,2024-08-24 21:35,85,THAI,Premium Economy,85,,,311,Y,Y,Y,1,7,1,35,Saturday,False,False,False,Suvarnabhumi Airport,BKK
Tan Son Nhat International Airport,SGN,2024-08-24 02:20,Shenzhen Bao'an International Airport,SZX,2024-08-24 06:30,190,Shenzhen,Premium Economy,1435,1060.0,,411,Y,Y,Y,1,5,1,20,Saturday,False,False,False,Suvarnabhumi Airport,BKK
Tan Son Nhat International Airport,SGN,2024-08-24 02:20,Shenzhen Bao'an International Airport,SZX,2024-08-24 06:30,190,Shenzhen,Premium Economy,560,190.0,,481,Y,Y,Y,1,5,1,20,Saturday,False,False,False,Suvarnabhumi Airport,BKK
Tan Son Nhat International Airport,SGN,2024-08-25 10:05,Suvarnabhumi Airport,BKK,2024-08-25 11:30,85,THAI,Premium Economy,85,,,311,Y,Y,Y,1,7,1,35,Sunday,False,False,False,Suvarnabhumi Airport,BKK
Tan Son Nhat International Airport,SGN,2024-08-25 20:10,Suvarnabhumi Airport,BKK,2024-08-25 21:35,85,THAI,Premium Economy,85,,,311,Y,Y,Y,1,7,1,35,Sunday,False,False,False,Suvarnabhumi Airport,BKK
Tan Son Nhat International Airport,SGN,2024-08-25 02:20,Shenzhen Bao'an International Airport,SZX,2024-08-25 06:30,190,Shenzhen,Premium Economy,1435,1060.0,,411,Y,Y,Y,1,5,1,20,Sunday,False,False,False,Suvarnabhumi Airport,BKK
Tan Son Nhat International Airport,SGN,2024-08-25 02:20,Shenzhen Bao'an International Airport,SZX,2024-08-25 06:30,190,Shenzhen,Premium Economy,560,190.0,,481,Y,Y,Y,1,5,1,20,Sunday,False,False,False,Suvarnabhumi Airport,BKK
Tan Son Nhat International Airport,SGN,2024-08-26 10:05,Suvarnabhumi Airport,BKK,2024-08-26 11:30,85,THAI,Premium Economy,85,,,311,Y,Y,Y,1,7,1,35,Monday,False,False,False,Suvarnabhumi Airport,BKK
Tan Son Nhat International Airport,SGN,2024-08-26 20:10,Suvarnabhumi Airport,BKK,2024-08-26 21:35,85,THAI,Premium Economy,85,,,311,Y,Y,Y,1,7,1,35,Monday,False,False,False,Suvarnabhumi Airport,BKK
Tan Son Nhat International Airport,SGN,2024-08-26 02:20,Shenzhen Bao'an International Airport,SZX,2024-08-26 06:30,190,Shenzhen,Premium Economy,1435,1060.0,,380,Y,Y,Y,1,5,1,20,Monday,False,False,False,Suvarnabhumi Airport,BKK
Tan Son Nhat International Airport,SGN,2024-08-26 02:20,Shenzhen Bao'an International Airport,SZX,2024-08-26 06:30,190,Shenzhen,Premium Economy,560,190.0,,405,Y,Y,Y,1,5,1,20,Monday,False,False,False,Suvarnabhumi Airport,BKK
Tan Son Nhat International Airport,SGN,2024-08-27 10:05,Suvarnabhumi Airport,BKK,2024-08-27 11:30,85,THAI,Premium Economy,85,,,311,Y,Y,Y,1,7,1,35,Tuesday,False,False,False,Suvarnabhumi Airport,BKK
Tan Son Nhat International Airport,SGN,2024-08-27 20:10,Suvarnabhumi Airport,BKK,2024-08-27 21:35,85,THAI,Premium Economy,85,,,311,Y,Y,Y,1,7,1,35,Tuesday,False,False,False,Suvarnabhumi Airport,BKK
Tan Son Nhat International Airport,SGN,2024-08-27 02:20,Shenzhen Bao'an International Airport,SZX,2024-08-27 06:30,190,Shenzhen,Premium Economy,1435,1060.0,,380,Y,Y,Y,1,5,1,20,Tuesday,False,False,False,Suvarnabhumi Airport,BKK
Tan Son Nhat International Airport,SGN,2024-08-27 02:20,Shenzhen Bao'an International Airport,SZX,2024-08-27 06:30,190,Shenzhen,Premium Economy,560,190.0,,405,Y,Y,Y,1,5,1,20,Tuesday,False,False,False,Suvarnabhumi Airport,BKK
Tan Son Nhat International Airport,SGN,2024-08-28 10:05,Suvarnabhumi Airport,BKK,2024-08-28 11:30,85,THAI,Premium Economy,85,,,311,Y,Y,Y,1,7,1,35,Wednesday,False,False,False,Suvarnabhumi Airport,BKK
Tan Son Nhat International Airport,SGN,2024-08-28 20:10,Suvarnabhumi Airport,BKK,2024-08-28 21:35,85,THAI,Premium Economy,85,,,311,Y,Y,Y,1,7,1,35,Wednesday,False,False,False,Suvarnabhumi Airport,BKK
Tan Son Nhat International Airport,SGN,2024-08-28 02:20,Shenzhen Bao'an International Airport,SZX,2024-08-28 06:30,190,Shenzhen,Premium Economy,1435,1060.0,,380,Y,Y,Y,1,5,1,20,Wednesday,False,False,False,Suvarnabhumi Airport,BKK
Tan Son Nhat International Airport,SGN,2024-08-28 02:20,Shenzhen Bao'an International Airport,SZX,2024-08-28 06:30,190,Shenzhen,Premium Economy,560,190.0,,450,Y,Y,Y,1,5,1,20,Wednesday,False,False,False,Suvarnabhumi Airport,BKK
Tan Son Nhat International Airport,SGN,2024-08-29 10:05,Suvarnabhumi Airport,BKK,2024-08-29 11:30,85,THAI,Premium Economy,85,,,311,Y,Y,Y,1,7,1,35,Thursday,False,False,False,Suvarnabhumi Airport,BKK
Tan Son Nhat International Airport,SGN,2024-08-29 20:10,Suvarnabhumi Airport,BKK,2024-08-29 21:35,85,THAI,Premium Economy,85,,,311,Y,Y,Y,1,7,1,35,Thursday,False,False,False,Suvarnabhumi Airport,BKK
Tan Son Nhat International Airport,SGN,2024-08-29 02:20,Shenzhen Bao'an International Airport,SZX,2024-08-29 06:30,190,Shenzhen,Premium Economy,1435,1060.0,,380,Y,Y,Y,1,5,1,20,Thursday,False,False,False,Suvarnabhumi Airport,BKK
Tan Son Nhat International Airport,SGN,2024-08-29 02:20,Shenzhen Bao'an International Airport,SZX,2024-08-29 06:30,190,Shenzhen,Premium Economy,560,190.0,,405,Y,Y,Y,1,5,1,20,Thursday,False,False,False,Suvarnabhumi Airport,BKK
Tan Son Nhat International Airport,SGN,2024-08-30 10:05,Suvarnabhumi Airport,BKK,2024-08-30 11:30,85,THAI,Premium Economy,85,,,311,Y,Y,Y,1,7,1,35,Friday,False,False,False,Suvarnabhumi Airport,BKK
Tan Son Nhat International Airport,SGN,2024-08-30 20:10,Suvarnabhumi Airport,BKK,2024-08-30 21:35,85,THAI,Premium Economy,85,,,311,Y,Y,Y,1,7,1,35,Friday,False,False,False,Suvarnabhumi Airport,BKK
Tan Son Nhat International Airport,SGN,2024-08-30 02:20,Shenzhen Bao'an International Airport,SZX,2024-08-30 06:30,190,Shenzhen,Premium Economy,1495,1125.0,,504,Y,Y,Y,1,5,1,20,Friday,False,False,False,Suvarnabhumi Airport,BKK
Tan Son Nhat International Airport,SGN,2024-08-30 02:20,Shenzhen Bao'an International Airport,SZX,2024-08-30 06:30,190,Shenzhen,Premium Economy,560,190.0,,530,Y,Y,Y,1,5,1,20,Friday,False,False,False,Suvarnabhumi Airport,BKK
Tan Son Nhat International Airport,SGN,2024-08-31 10:05,Suvarnabhumi Airport,BKK,2024-08-31 11:30,85,THAI,Premium Economy,85,,,311,Y,Y,Y,1,7,1,35,Saturday,False,False,False,Suvarnabhumi Airport,BKK
Tan Son Nhat International Airport,SGN,2024-08-31 20:10,Suvarnabhumi Airport,BKK,2024-08-31 21:35,85,THAI,Premium Economy,85,,,311,Y,Y,Y,1,7,1,35,Saturday,False,False,False,Suvarnabhumi Airport,BKK
Tan Son Nhat International Airport,SGN,2024-08-31 02:20,Shenzhen Bao'an International Airport,SZX,2024-08-31 06:30,190,Shenzhen,Premium Economy,1435,1060.0,,411,Y,Y,Y,1,5,1,20,Saturday,False,False,False,Suvarnabhumi Airport,BKK
Tan Son Nhat International Airport,SGN,2024-08-31 02:20,Shenzhen Bao'an International Airport,SZX,2024-08-31 06:30,190,Shenzhen,Premium Economy,560,190.0,,436,Y,Y,Y,1,5,1,20,Saturday,False,False,False,Suvarnabhumi Airport,BKK
