Departure Airport Name,Departure Airport ID,Departure Time,Arrival Airport Name,Arrival Airport ID,Arrival Time,Duration,Airline,Travel Class,Total Duration,Layover 1 Duration,Layover 1 Overnight,Price, Cabin Baggage, Checked Baggage,Meal Included,Cabin Baggage (Number),Cabin Baggage (kg per piece),Checked Baggage (Number),Checked Baggage (kg per piece) ,Day of Week (on flight date),Overnight Flight,Final Arrival Airport Name,Final Arrival Airport ID,Departure Country Is Holiday,Arrival Country Is Holiday
Singapore Changi Airport,SIN,2024-07-01 12:40,Kunming Changshui International Airport,KMG,2024-07-01 16:30,230,China Eastern,Premium Economy,635,270.0,,452,Y,Y,Y,1,8,1,23,Monday,False,Suvarnabhumi Airport,BKK,False,False
Singapore Changi Airport,SIN,2024-07-01 12:40,Kunming Changshui International Airport,KMG,2024-07-01 16:30,230,China Eastern,Premium Economy,515,125.0,,489,Y,Y,Y,1,8,1,23,Monday,False,Suvarnabhumi Airport,BKK,False,False
Singapore Changi Airport,SIN,2024-07-01 13:25,Suvarnabhumi Airport,BKK,2024-07-01 15:15,170,Cathay Pacific,Premium Economy,170,,,584,Y,Y,Y,1,7,2,25,Monday,False,Suvarnabhumi Airport,BKK,False,False
Singapore Changi Airport,SIN,2024-07-01 09:40,Hong Kong International Airport,HKG,2024-07-01 13:55,255,Singapore Airlines,Premium Economy,560,120.0,,1971,Y,Y,Y,1,7,2,25,Monday,False,Suvarnabhumi Airport,BKK,False,False
Singapore Changi Airport,SIN,2024-07-01 07:25,Hong Kong International Airport,HKG,2024-07-01 11:20,235,Singapore Airlines,Premium Economy,480,85.0,,2292,Y,Y,Y,1,7,2,25,Monday,False,Suvarnabhumi Airport,BKK,False,False
Singapore Changi Airport,SIN,2024-07-01 01:45,Hong Kong International Airport,HKG,2024-07-01 05:50,245,Cathay Pacific,Premium Economy,610,190.0,,3456,Y,Y,Y,1,7,2,25,Monday,False,Suvarnabhumi Airport,BKK,False,False
Singapore Changi Airport,SIN,2024-07-01 20:10,Hong Kong International Airport,HKG,2024-07-02 00:25,255,Cathay Pacific,Premium Economy,890,455.0,True,3456,Y,Y,Y,1,7,2,25,Monday,True,Suvarnabhumi Airport,BKK,False,False
Singapore Changi Airport,SIN,2024-07-01 01:45,Hong Kong International Airport,HKG,2024-07-01 05:50,245,Cathay Pacific,Premium Economy,520,115.0,,3508,Y,Y,Y,1,7,2,25,Monday,False,Suvarnabhumi Airport,BKK,False,False
Singapore Changi Airport,SIN,2024-07-01 06:30,Hong Kong International Airport,HKG,2024-07-01 10:45,255,Cathay Pacific,Premium Economy,535,120.0,,3711,Y,Y,Y,1,7,2,25,Monday,False,Suvarnabhumi Airport,BKK,False,False
Singapore Changi Airport,SIN,2024-07-02 13:25,Suvarnabhumi Airport,BKK,2024-07-02 15:15,170,Cathay Pacific,Premium Economy,170,,,584,Y,Y,Y,1,7,2,25,Tuesday,False,Suvarnabhumi Airport,BKK,False,False
Singapore Changi Airport,SIN,2024-07-02 13:05,Hong Kong International Airport,HKG,2024-07-02 17:05,240,Singapore Airlines,Premium Economy,510,90.0,,1971,Y,Y,Y,1,7,2,25,Tuesday,False,Suvarnabhumi Airport,BKK,False,False
Singapore Changi Airport,SIN,2024-07-02 07:25,Hong Kong International Airport,HKG,2024-07-02 11:20,235,Singapore Airlines,Premium Economy,480,85.0,,2495,Y,Y,Y,1,7,2,25,Tuesday,False,Suvarnabhumi Airport,BKK,False,False
Singapore Changi Airport,SIN,2024-07-02 01:45,Hong Kong International Airport,HKG,2024-07-02 05:50,245,Cathay Pacific,Premium Economy,555,130.0,,3456,Y,Y,Y,1,7,2,25,Tuesday,False,Suvarnabhumi Airport,BKK,False,False
Singapore Changi Airport,SIN,2024-07-02 01:45,Hong Kong International Airport,HKG,2024-07-02 05:50,245,Cathay Pacific,Premium Economy,520,115.0,,3508,Y,Y,Y,1,7,2,25,Tuesday,False,Suvarnabhumi Airport,BKK,False,False
Singapore Changi Airport,SIN,2024-07-02 06:30,Hong Kong International Airport,HKG,2024-07-02 10:45,255,Cathay Pacific,Premium Economy,535,120.0,,3711,Y,Y,Y,1,7,2,25,Tuesday,False,Suvarnabhumi Airport,BKK,False,False
Singapore Changi Airport,SIN,2024-07-03 13:25,Suvarnabhumi Airport,BKK,2024-07-03 15:15,170,Cathay Pacific,Premium Economy,170,,,584,Y,Y,Y,1,7,2,25,Wednesday,False,Suvarnabhumi Airport,BKK,False,False
Singapore Changi Airport,SIN,2024-07-03 13:05,Hong Kong International Airport,HKG,2024-07-03 17:05,240,Singapore Airlines,Premium Economy,510,90.0,,1971,Y,Y,Y,1,7,2,25,Wednesday,False,Suvarnabhumi Airport,BKK,False,False
Singapore Changi Airport,SIN,2024-07-03 07:25,Hong Kong International Airport,HKG,2024-07-03 11:20,235,Singapore Airlines,Premium Economy,480,85.0,,2495,Y,Y,Y,1,7,2,25,Wednesday,False,Suvarnabhumi Airport,BKK,False,False
Singapore Changi Airport,SIN,2024-07-03 01:45,Hong Kong International Airport,HKG,2024-07-03 05:50,245,Cathay Pacific,Premium Economy,610,190.0,,3456,Y,Y,Y,1,7,2,25,Wednesday,False,Suvarnabhumi Airport,BKK,False,False
Singapore Changi Airport,SIN,2024-07-03 01:45,Hong Kong International Airport,HKG,2024-07-03 05:50,245,Cathay Pacific,Premium Economy,520,115.0,,3508,Y,Y,Y,1,7,2,25,Wednesday,False,Suvarnabhumi Airport,BKK,False,False
Singapore Changi Airport,SIN,2024-07-03 06:30,Hong Kong International Airport,HKG,2024-07-03 10:45,255,Cathay Pacific,Premium Economy,535,120.0,,3711,Y,Y,Y,1,7,2,25,Wednesday,False,Suvarnabhumi Airport,BKK,False,False
Singapore Changi Airport,SIN,2024-07-04 13:25,Suvarnabhumi Airport,BKK,2024-07-04 15:15,170,Cathay Pacific,Premium Economy,170,,,584,Y,Y,Y,1,7,2,25,Thursday,False,Suvarnabhumi Airport,BKK,False,False
Singapore Changi Airport,SIN,2024-07-04 13:05,Hong Kong International Airport,HKG,2024-07-04 17:05,240,Singapore Airlines,Premium Economy,510,90.0,,1971,Y,Y,Y,1,7,2,25,Thursday,False,Suvarnabhumi Airport,BKK,False,False
Singapore Changi Airport,SIN,2024-07-04 07:25,Hong Kong International Airport,HKG,2024-07-04 11:20,235,Singapore Airlines,Premium Economy,480,85.0,,2495,Y,Y,Y,1,7,2,25,Thursday,False,Suvarnabhumi Airport,BKK,False,False
Singapore Changi Airport,SIN,2024-07-04 01:45,Hong Kong International Airport,HKG,2024-07-04 05:50,245,Cathay Pacific,Premium Economy,610,190.0,,3456,Y,Y,Y,1,7,2,25,Thursday,False,Suvarnabhumi Airport,BKK,False,False
Singapore Changi Airport,SIN,2024-07-04 01:45,Hong Kong International Airport,HKG,2024-07-04 05:50,245,Cathay Pacific,Premium Economy,520,115.0,,3508,Y,Y,Y,1,7,2,25,Thursday,False,Suvarnabhumi Airport,BKK,False,False
Singapore Changi Airport,SIN,2024-07-04 06:30,Hong Kong International Airport,HKG,2024-07-04 10:45,255,Cathay Pacific,Premium Economy,535,120.0,,3711,Y,Y,Y,1,7,2,25,Thursday,False,Suvarnabhumi Airport,BKK,False,False
Singapore Changi Airport,SIN,2024-07-05 13:25,Suvarnabhumi Airport,BKK,2024-07-05 15:15,170,Cathay Pacific,Premium Economy,170,,,584,Y,Y,Y,1,7,2,25,Friday,False,Suvarnabhumi Airport,BKK,False,False
Singapore Changi Airport,SIN,2024-07-05 09:40,Hong Kong International Airport,HKG,2024-07-05 13:55,255,Singapore Airlines,Premium Economy,560,120.0,,1971,Y,Y,Y,1,7,2,25,Friday,False,Suvarnabhumi Airport,BKK,False,False
Singapore Changi Airport,SIN,2024-07-05 07:25,Hong Kong International Airport,HKG,2024-07-05 11:20,235,Singapore Airlines,Premium Economy,480,85.0,,2495,Y,Y,Y,1,7,2,25,Friday,False,Suvarnabhumi Airport,BKK,False,False
Singapore Changi Airport,SIN,2024-07-05 01:45,Hong Kong International Airport,HKG,2024-07-05 05:50,245,Cathay Pacific,Premium Economy,520,115.0,,3508,Y,Y,Y,1,7,2,25,Friday,False,Suvarnabhumi Airport,BKK,False,False
Singapore Changi Airport,SIN,2024-07-05 06:30,Hong Kong International Airport,HKG,2024-07-05 10:45,255,Cathay Pacific,Premium Economy,535,120.0,,3711,Y,Y,Y,1,7,2,25,Friday,False,Suvarnabhumi Airport,BKK,False,False
Singapore Changi Airport,SIN,2024-07-06 13:25,Suvarnabhumi Airport,BKK,2024-07-06 15:15,170,Cathay Pacific,Premium Economy,170,,,584,Y,Y,Y,1,7,2,25,Saturday,False,Suvarnabhumi Airport,BKK,False,False
Singapore Changi Airport,SIN,2024-07-06 13:05,Hong Kong International Airport,HKG,2024-07-06 17:05,240,Singapore Airlines,Premium Economy,510,90.0,,1971,Y,Y,Y,1,7,2,25,Saturday,False,Suvarnabhumi Airport,BKK,False,False
Singapore Changi Airport,SIN,2024-07-06 07:25,Hong Kong International Airport,HKG,2024-07-06 11:20,235,Singapore Airlines,Premium Economy,480,85.0,,2495,Y,Y,Y,1,7,2,25,Saturday,False,Suvarnabhumi Airport,BKK,False,False
Singapore Changi Airport,SIN,2024-07-06 01:45,Hong Kong International Airport,HKG,2024-07-06 05:50,245,Cathay Pacific,Premium Economy,610,190.0,,3456,Y,Y,Y,1,7,2,25,Saturday,False,Suvarnabhumi Airport,BKK,False,False
Singapore Changi Airport,SIN,2024-07-06 01:45,Hong Kong International Airport,HKG,2024-07-06 05:50,245,Cathay Pacific,Premium Economy,520,115.0,,3508,Y,Y,Y,1,7,2,25,Saturday,False,Suvarnabhumi Airport,BKK,False,False
Singapore Changi Airport,SIN,2024-07-06 06:30,Hong Kong International Airport,HKG,2024-07-06 10:45,255,Cathay Pacific,Premium Economy,535,120.0,,3711,Y,Y,Y,1,7,2,25,Saturday,False,Suvarnabhumi Airport,BKK,False,False
Singapore Changi Airport,SIN,2024-07-07 13:25,Suvarnabhumi Airport,BKK,2024-07-07 15:15,170,Cathay Pacific,Premium Economy,170,,,584,Y,Y,Y,1,7,2,25,Sunday,False,Suvarnabhumi Airport,BKK,False,False
Singapore Changi Airport,SIN,2024-07-07 13:05,Hong Kong International Airport,HKG,2024-07-07 17:05,240,Singapore Airlines,Premium Economy,510,90.0,,1971,Y,Y,Y,1,7,2,25,Sunday,False,Suvarnabhumi Airport,BKK,False,False
Singapore Changi Airport,SIN,2024-07-07 07:25,Hong Kong International Airport,HKG,2024-07-07 11:20,235,Singapore Airlines,Premium Economy,480,85.0,,2495,Y,Y,Y,1,7,2,25,Sunday,False,Suvarnabhumi Airport,BKK,False,False
Singapore Changi Airport,SIN,2024-07-07 01:45,Hong Kong International Airport,HKG,2024-07-07 05:50,245,Cathay Pacific,Premium Economy,610,190.0,,3456,Y,Y,Y,1,7,2,25,Sunday,False,Suvarnabhumi Airport,BKK,False,False
Singapore Changi Airport,SIN,2024-07-07 01:45,Hong Kong International Airport,HKG,2024-07-07 05:50,245,Cathay Pacific,Premium Economy,520,115.0,,3508,Y,Y,Y,1,7,2,25,Sunday,False,Suvarnabhumi Airport,BKK,False,False
Singapore Changi Airport,SIN,2024-07-07 06:30,Hong Kong International Airport,HKG,2024-07-07 10:45,255,Cathay Pacific,Premium Economy,535,120.0,,3711,Y,Y,Y,1,7,2,25,Sunday,False,Suvarnabhumi Airport,BKK,False,False
Singapore Changi Airport,SIN,2024-07-08 13:25,Suvarnabhumi Airport,BKK,2024-07-08 15:15,170,Cathay Pacific,Premium Economy,170,,,584,Y,Y,Y,1,7,2,25,Monday,False,Suvarnabhumi Airport,BKK,False,False
Singapore Changi Airport,SIN,2024-07-08 12:40,Kunming Changshui International Airport,KMG,2024-07-08 16:30,230,China Eastern,Premium Economy,515,125.0,,660,Y,Y,Y,1,8,1,23,Monday,False,Suvarnabhumi Airport,BKK,False,False
Singapore Changi Airport,SIN,2024-07-08 13:05,Hong Kong International Airport,HKG,2024-07-08 17:05,240,Singapore Airlines,Premium Economy,510,90.0,,1971,Y,Y,Y,1,7,2,25,Monday,False,Suvarnabhumi Airport,BKK,False,False
Singapore Changi Airport,SIN,2024-07-08 07:25,Hong Kong International Airport,HKG,2024-07-08 11:20,235,Singapore Airlines,Premium Economy,480,85.0,,2495,Y,Y,Y,1,7,2,25,Monday,False,Suvarnabhumi Airport,BKK,False,False
Singapore Changi Airport,SIN,2024-07-08 01:45,Hong Kong International Airport,HKG,2024-07-08 05:50,245,Cathay Pacific,Premium Economy,610,190.0,,3456,Y,Y,Y,1,7,2,25,Monday,False,Suvarnabhumi Airport,BKK,False,False
Singapore Changi Airport,SIN,2024-07-08 01:45,Hong Kong International Airport,HKG,2024-07-08 05:50,245,Cathay Pacific,Premium Economy,520,115.0,,3508,Y,Y,Y,1,7,2,25,Monday,False,Suvarnabhumi Airport,BKK,False,False
Singapore Changi Airport,SIN,2024-07-08 06:30,Hong Kong International Airport,HKG,2024-07-08 10:45,255,Cathay Pacific,Premium Economy,535,120.0,,3711,Y,Y,Y,1,7,2,25,Monday,False,Suvarnabhumi Airport,BKK,False,False
Singapore Changi Airport,SIN,2024-07-09 13:25,Suvarnabhumi Airport,BKK,2024-07-09 15:15,170,Cathay Pacific,Premium Economy,170,,,584,Y,Y,Y,1,7,2,25,Tuesday,False,Suvarnabhumi Airport,BKK,False,False
Singapore Changi Airport,SIN,2024-07-09 13:05,Hong Kong International Airport,HKG,2024-07-09 17:05,240,Singapore Airlines,Premium Economy,510,90.0,,1971,Y,Y,Y,1,7,2,25,Tuesday,False,Suvarnabhumi Airport,BKK,False,False
Singapore Changi Airport,SIN,2024-07-09 07:25,Hong Kong International Airport,HKG,2024-07-09 11:20,235,Singapore Airlines,Premium Economy,480,85.0,,2495,Y,Y,Y,1,7,2,25,Tuesday,False,Suvarnabhumi Airport,BKK,False,False
Singapore Changi Airport,SIN,2024-07-09 01:45,Hong Kong International Airport,HKG,2024-07-09 05:50,245,Cathay Pacific,Premium Economy,555,130.0,,3456,Y,Y,Y,1,7,2,25,Tuesday,False,Suvarnabhumi Airport,BKK,False,False
Singapore Changi Airport,SIN,2024-07-09 01:45,Hong Kong International Airport,HKG,2024-07-09 05:50,245,Cathay Pacific,Premium Economy,520,115.0,,3508,Y,Y,Y,1,7,2,25,Tuesday,False,Suvarnabhumi Airport,BKK,False,False
Singapore Changi Airport,SIN,2024-07-09 06:30,Hong Kong International Airport,HKG,2024-07-09 10:45,255,Cathay Pacific,Premium Economy,535,120.0,,3711,Y,Y,Y,1,7,2,25,Tuesday,False,Suvarnabhumi Airport,BKK,False,False
Singapore Changi Airport,SIN,2024-07-10 13:25,Suvarnabhumi Airport,BKK,2024-07-10 15:15,170,Cathay Pacific,Premium Economy,170,,,584,Y,Y,Y,1,7,2,25,Wednesday,False,Suvarnabhumi Airport,BKK,False,False
Singapore Changi Airport,SIN,2024-07-10 13:05,Hong Kong International Airport,HKG,2024-07-10 17:05,240,Singapore Airlines,Premium Economy,510,90.0,,1971,Y,Y,Y,1,7,2,25,Wednesday,False,Suvarnabhumi Airport,BKK,False,False
Singapore Changi Airport,SIN,2024-07-10 07:25,Hong Kong International Airport,HKG,2024-07-10 11:20,235,Singapore Airlines,Premium Economy,480,85.0,,2495,Y,Y,Y,1,7,2,25,Wednesday,False,Suvarnabhumi Airport,BKK,False,False
Singapore Changi Airport,SIN,2024-07-10 01:45,Hong Kong International Airport,HKG,2024-07-10 05:50,245,Cathay Pacific,Premium Economy,610,190.0,,3456,Y,Y,Y,1,7,2,25,Wednesday,False,Suvarnabhumi Airport,BKK,False,False
Singapore Changi Airport,SIN,2024-07-10 01:45,Hong Kong International Airport,HKG,2024-07-10 05:50,245,Cathay Pacific,Premium Economy,520,115.0,,3508,Y,Y,Y,1,7,2,25,Wednesday,False,Suvarnabhumi Airport,BKK,False,False
Singapore Changi Airport,SIN,2024-07-10 06:30,Hong Kong International Airport,HKG,2024-07-10 10:45,255,Cathay Pacific,Premium Economy,535,120.0,,3711,Y,Y,Y,1,7,2,25,Wednesday,False,Suvarnabhumi Airport,BKK,False,False
Singapore Changi Airport,SIN,2024-07-11 13:25,Suvarnabhumi Airport,BKK,2024-07-11 15:15,170,Cathay Pacific,Premium Economy,170,,,584,Y,Y,Y,1,7,2,25,Thursday,False,Suvarnabhumi Airport,BKK,False,False
Singapore Changi Airport,SIN,2024-07-11 13:05,Hong Kong International Airport,HKG,2024-07-11 17:05,240,Singapore Airlines,Premium Economy,510,90.0,,1971,Y,Y,Y,1,7,2,25,Thursday,False,Suvarnabhumi Airport,BKK,False,False
Singapore Changi Airport,SIN,2024-07-11 07:25,Hong Kong International Airport,HKG,2024-07-11 11:20,235,Singapore Airlines,Premium Economy,480,85.0,,2495,Y,Y,Y,1,7,2,25,Thursday,False,Suvarnabhumi Airport,BKK,False,False
Singapore Changi Airport,SIN,2024-07-11 01:45,Hong Kong International Airport,HKG,2024-07-11 05:50,245,Cathay Pacific,Premium Economy,610,190.0,,3456,Y,Y,Y,1,7,2,25,Thursday,False,Suvarnabhumi Airport,BKK,False,False
Singapore Changi Airport,SIN,2024-07-11 01:45,Hong Kong International Airport,HKG,2024-07-11 05:50,245,Cathay Pacific,Premium Economy,520,115.0,,3508,Y,Y,Y,1,7,2,25,Thursday,False,Suvarnabhumi Airport,BKK,False,False
Singapore Changi Airport,SIN,2024-07-11 06:30,Hong Kong International Airport,HKG,2024-07-11 10:45,255,Cathay Pacific,Premium Economy,535,120.0,,3711,Y,Y,Y,1,7,2,25,Thursday,False,Suvarnabhumi Airport,BKK,False,False
Singapore Changi Airport,SIN,2024-07-12 13:25,Suvarnabhumi Airport,BKK,2024-07-12 15:15,170,Cathay Pacific,Premium Economy,170,,,584,Y,Y,Y,1,7,2,25,Friday,False,Suvarnabhumi Airport,BKK,False,False
Singapore Changi Airport,SIN,2024-07-12 13:05,Hong Kong International Airport,HKG,2024-07-12 17:05,240,Singapore Airlines,Premium Economy,510,90.0,,1971,Y,Y,Y,1,7,2,25,Friday,False,Suvarnabhumi Airport,BKK,False,False
Singapore Changi Airport,SIN,2024-07-12 07:25,Hong Kong International Airport,HKG,2024-07-12 11:20,235,Singapore Airlines,Premium Economy,480,85.0,,2495,Y,Y,Y,1,7,2,25,Friday,False,Suvarnabhumi Airport,BKK,False,False
Singapore Changi Airport,SIN,2024-07-12 01:45,Hong Kong International Airport,HKG,2024-07-12 05:50,245,Cathay Pacific,Premium Economy,610,190.0,,3456,Y,Y,Y,1,7,2,25,Friday,False,Suvarnabhumi Airport,BKK,False,False
Singapore Changi Airport,SIN,2024-07-12 01:45,Hong Kong International Airport,HKG,2024-07-12 05:50,245,Cathay Pacific,Premium Economy,520,115.0,,3508,Y,Y,Y,1,7,2,25,Friday,False,Suvarnabhumi Airport,BKK,False,False
Singapore Changi Airport,SIN,2024-07-12 06:30,Hong Kong International Airport,HKG,2024-07-12 10:45,255,Cathay Pacific,Premium Economy,535,120.0,,3711,Y,Y,Y,1,7,2,25,Friday,False,Suvarnabhumi Airport,BKK,False,False
Singapore Changi Airport,SIN,2024-07-13 13:25,Suvarnabhumi Airport,BKK,2024-07-13 15:15,170,Cathay Pacific,Premium Economy,170,,,584,Y,Y,Y,1,7,2,25,Saturday,False,Suvarnabhumi Airport,BKK,False,False
Singapore Changi Airport,SIN,2024-07-13 09:40,Hong Kong International Airport,HKG,2024-07-13 13:55,255,Singapore Airlines,Premium Economy,560,120.0,,1971,Y,Y,Y,1,7,2,25,Saturday,False,Suvarnabhumi Airport,BKK,False,False
Singapore Changi Airport,SIN,2024-07-13 07:25,Hong Kong International Airport,HKG,2024-07-13 11:20,235,Singapore Airlines,Premium Economy,480,85.0,,2495,Y,Y,Y,1,7,2,25,Saturday,False,Suvarnabhumi Airport,BKK,False,False
Singapore Changi Airport,SIN,2024-07-13 01:45,Hong Kong International Airport,HKG,2024-07-13 05:50,245,Cathay Pacific,Premium Economy,610,190.0,,3456,Y,Y,Y,1,7,2,25,Saturday,False,Suvarnabhumi Airport,BKK,False,False
Singapore Changi Airport,SIN,2024-07-13 01:45,Hong Kong International Airport,HKG,2024-07-13 05:50,245,Cathay Pacific,Premium Economy,520,115.0,,3508,Y,Y,Y,1,7,2,25,Saturday,False,Suvarnabhumi Airport,BKK,False,False
Singapore Changi Airport,SIN,2024-07-13 06:30,Hong Kong International Airport,HKG,2024-07-13 10:45,255,Cathay Pacific,Premium Economy,535,120.0,,3711,Y,Y,Y,1,7,2,25,Saturday,False,Suvarnabhumi Airport,BKK,False,False
Singapore Changi Airport,SIN,2024-07-14 13:25,Suvarnabhumi Airport,BKK,2024-07-14 15:15,170,Cathay Pacific,Premium Economy,170,,,584,Y,Y,Y,1,7,2,25,Sunday,False,Suvarnabhumi Airport,BKK,False,False
Singapore Changi Airport,SIN,2024-07-14 13:05,Hong Kong International Airport,HKG,2024-07-14 17:05,240,Singapore Airlines,Premium Economy,510,90.0,,1971,Y,Y,Y,1,7,2,25,Sunday,False,Suvarnabhumi Airport,BKK,False,False
Singapore Changi Airport,SIN,2024-07-14 07:25,Hong Kong International Airport,HKG,2024-07-14 11:20,235,Singapore Airlines,Premium Economy,480,85.0,,2495,Y,Y,Y,1,7,2,25,Sunday,False,Suvarnabhumi Airport,BKK,False,False
Singapore Changi Airport,SIN,2024-07-14 01:45,Hong Kong International Airport,HKG,2024-07-14 05:50,245,Cathay Pacific,Premium Economy,610,190.0,,3456,Y,Y,Y,1,7,2,25,Sunday,False,Suvarnabhumi Airport,BKK,False,False
Singapore Changi Airport,SIN,2024-07-14 01:45,Hong Kong International Airport,HKG,2024-07-14 05:50,245,Cathay Pacific,Premium Economy,520,115.0,,3508,Y,Y,Y,1,7,2,25,Sunday,False,Suvarnabhumi Airport,BKK,False,False
Singapore Changi Airport,SIN,2024-07-14 06:30,Hong Kong International Airport,HKG,2024-07-14 10:45,255,Cathay Pacific,Premium Economy,535,120.0,,3711,Y,Y,Y,1,7,2,25,Sunday,False,Suvarnabhumi Airport,BKK,False,False
Singapore Changi Airport,SIN,2024-07-15 13:25,Suvarnabhumi Airport,BKK,2024-07-15 15:15,170,Cathay Pacific,Premium Economy,170,,,584,Y,Y,Y,1,7,2,25,Monday,False,Suvarnabhumi Airport,BKK,False,False
Singapore Changi Airport,SIN,2024-07-15 13:05,Hong Kong International Airport,HKG,2024-07-15 17:05,240,Singapore Airlines,Premium Economy,510,90.0,,1971,Y,Y,Y,1,7,2,25,Monday,False,Suvarnabhumi Airport,BKK,False,False
Singapore Changi Airport,SIN,2024-07-15 07:25,Hong Kong International Airport,HKG,2024-07-15 11:20,235,Singapore Airlines,Premium Economy,480,85.0,,2495,Y,Y,Y,1,7,2,25,Monday,False,Suvarnabhumi Airport,BKK,False,False
Singapore Changi Airport,SIN,2024-07-15 12:40,Kunming Changshui International Airport,KMG,2024-07-15 16:30,230,China Eastern,Premium Economy,515,125.0,,2800,Y,Y,Y,1,8,1,23,Monday,False,Suvarnabhumi Airport,BKK,False,False
Singapore Changi Airport,SIN,2024-07-15 01:45,Hong Kong International Airport,HKG,2024-07-15 05:50,245,Cathay Pacific,Premium Economy,610,190.0,,3456,Y,Y,Y,1,7,2,25,Monday,False,Suvarnabhumi Airport,BKK,False,False
Singapore Changi Airport,SIN,2024-07-15 01:45,Hong Kong International Airport,HKG,2024-07-15 05:50,245,Cathay Pacific,Premium Economy,520,115.0,,3508,Y,Y,Y,1,7,2,25,Monday,False,Suvarnabhumi Airport,BKK,False,False
Singapore Changi Airport,SIN,2024-07-15 06:30,Hong Kong International Airport,HKG,2024-07-15 10:45,255,Cathay Pacific,Premium Economy,535,120.0,,3711,Y,Y,Y,1,7,2,25,Monday,False,Suvarnabhumi Airport,BKK,False,False
Singapore Changi Airport,SIN,2024-07-16 13:25,Suvarnabhumi Airport,BKK,2024-07-16 15:15,170,Cathay Pacific,Premium Economy,170,,,584,Y,Y,Y,1,7,2,25,Tuesday,False,Suvarnabhumi Airport,BKK,False,False
Singapore Changi Airport,SIN,2024-07-16 13:05,Hong Kong International Airport,HKG,2024-07-16 17:05,240,Singapore Airlines,Premium Economy,510,90.0,,1971,Y,Y,Y,1,7,2,25,Tuesday,False,Suvarnabhumi Airport,BKK,False,False
Singapore Changi Airport,SIN,2024-07-16 07:25,Hong Kong International Airport,HKG,2024-07-16 11:20,235,Singapore Airlines,Premium Economy,480,85.0,,2495,Y,Y,Y,1,7,2,25,Tuesday,False,Suvarnabhumi Airport,BKK,False,False
Singapore Changi Airport,SIN,2024-07-16 01:45,Hong Kong International Airport,HKG,2024-07-16 05:50,245,Cathay Pacific,Premium Economy,555,130.0,,3456,Y,Y,Y,1,7,2,25,Tuesday,False,Suvarnabhumi Airport,BKK,False,False
Singapore Changi Airport,SIN,2024-07-16 01:45,Hong Kong International Airport,HKG,2024-07-16 05:50,245,Cathay Pacific,Premium Economy,520,115.0,,3508,Y,Y,Y,1,7,2,25,Tuesday,False,Suvarnabhumi Airport,BKK,False,False
Singapore Changi Airport,SIN,2024-07-16 06:30,Hong Kong International Airport,HKG,2024-07-16 10:45,255,Cathay Pacific,Premium Economy,535,120.0,,3711,Y,Y,Y,1,7,2,25,Tuesday,False,Suvarnabhumi Airport,BKK,False,False
Singapore Changi Airport,SIN,2024-07-17 13:25,Suvarnabhumi Airport,BKK,2024-07-17 15:15,170,Cathay Pacific,Premium Economy,170,,,584,Y,Y,Y,1,7,2,25,Wednesday,False,Suvarnabhumi Airport,BKK,False,False
Singapore Changi Airport,SIN,2024-07-17 13:05,Hong Kong International Airport,HKG,2024-07-17 17:05,240,Singapore Airlines,Premium Economy,510,90.0,,1971,Y,Y,Y,1,7,2,25,Wednesday,False,Suvarnabhumi Airport,BKK,False,False
Singapore Changi Airport,SIN,2024-07-17 07:25,Hong Kong International Airport,HKG,2024-07-17 11:20,235,Singapore Airlines,Premium Economy,480,85.0,,2495,Y,Y,Y,1,7,2,25,Wednesday,False,Suvarnabhumi Airport,BKK,False,False
Singapore Changi Airport,SIN,2024-07-17 01:45,Hong Kong International Airport,HKG,2024-07-17 05:50,245,Cathay Pacific,Premium Economy,610,190.0,,3456,Y,Y,Y,1,7,2,25,Wednesday,False,Suvarnabhumi Airport,BKK,False,False
Singapore Changi Airport,SIN,2024-07-17 01:45,Hong Kong International Airport,HKG,2024-07-17 05:50,245,Cathay Pacific,Premium Economy,520,115.0,,3508,Y,Y,Y,1,7,2,25,Wednesday,False,Suvarnabhumi Airport,BKK,False,False
Singapore Changi Airport,SIN,2024-07-17 06:30,Hong Kong International Airport,HKG,2024-07-17 10:45,255,Cathay Pacific,Premium Economy,535,120.0,,3711,Y,Y,Y,1,7,2,25,Wednesday,False,Suvarnabhumi Airport,BKK,False,False
Singapore Changi Airport,SIN,2024-07-18 13:25,Suvarnabhumi Airport,BKK,2024-07-18 15:15,170,Cathay Pacific,Premium Economy,170,,,584,Y,Y,Y,1,7,2,25,Thursday,False,Suvarnabhumi Airport,BKK,False,False
Singapore Changi Airport,SIN,2024-07-18 13:05,Hong Kong International Airport,HKG,2024-07-18 17:05,240,Singapore Airlines,Premium Economy,510,90.0,,1971,Y,Y,Y,1,7,2,25,Thursday,False,Suvarnabhumi Airport,BKK,False,False
Singapore Changi Airport,SIN,2024-07-18 07:25,Hong Kong International Airport,HKG,2024-07-18 11:20,235,Singapore Airlines,Premium Economy,480,85.0,,2495,Y,Y,Y,1,7,2,25,Thursday,False,Suvarnabhumi Airport,BKK,False,False
Singapore Changi Airport,SIN,2024-07-18 01:45,Hong Kong International Airport,HKG,2024-07-18 05:50,245,Cathay Pacific,Premium Economy,610,190.0,,3456,Y,Y,Y,1,7,2,25,Thursday,False,Suvarnabhumi Airport,BKK,False,False
Singapore Changi Airport,SIN,2024-07-18 01:45,Hong Kong International Airport,HKG,2024-07-18 05:50,245,Cathay Pacific,Premium Economy,520,115.0,,3508,Y,Y,Y,1,7,2,25,Thursday,False,Suvarnabhumi Airport,BKK,False,False
Singapore Changi Airport,SIN,2024-07-18 06:30,Hong Kong International Airport,HKG,2024-07-18 10:45,255,Cathay Pacific,Premium Economy,535,120.0,,3711,Y,Y,Y,1,7,2,25,Thursday,False,Suvarnabhumi Airport,BKK,False,False
Singapore Changi Airport,SIN,2024-07-19 13:25,Suvarnabhumi Airport,BKK,2024-07-19 15:15,170,Cathay Pacific,Premium Economy,170,,,584,Y,Y,Y,1,7,2,25,Friday,False,Suvarnabhumi Airport,BKK,False,False
Singapore Changi Airport,SIN,2024-07-19 13:05,Hong Kong International Airport,HKG,2024-07-19 17:05,240,Singapore Airlines,Premium Economy,510,90.0,,1971,Y,Y,Y,1,7,2,25,Friday,False,Suvarnabhumi Airport,BKK,False,False
Singapore Changi Airport,SIN,2024-07-19 07:25,Hong Kong International Airport,HKG,2024-07-19 11:20,235,Singapore Airlines,Premium Economy,480,85.0,,2495,Y,Y,Y,1,7,2,25,Friday,False,Suvarnabhumi Airport,BKK,False,False
Singapore Changi Airport,SIN,2024-07-19 01:45,Hong Kong International Airport,HKG,2024-07-19 05:50,245,Cathay Pacific,Premium Economy,610,190.0,,3456,Y,Y,Y,1,7,2,25,Friday,False,Suvarnabhumi Airport,BKK,False,False
Singapore Changi Airport,SIN,2024-07-19 01:45,Hong Kong International Airport,HKG,2024-07-19 05:50,245,Cathay Pacific,Premium Economy,520,115.0,,3508,Y,Y,Y,1,7,2,25,Friday,False,Suvarnabhumi Airport,BKK,False,False
Singapore Changi Airport,SIN,2024-07-19 06:30,Hong Kong International Airport,HKG,2024-07-19 10:45,255,Cathay Pacific,Premium Economy,535,120.0,,3711,Y,Y,Y,1,7,2,25,Friday,False,Suvarnabhumi Airport,BKK,False,False
Singapore Changi Airport,SIN,2024-07-20 13:25,Suvarnabhumi Airport,BKK,2024-07-20 15:15,170,Cathay Pacific,Premium Economy,170,,,584,Y,Y,Y,1,7,2,25,Saturday,False,Suvarnabhumi Airport,BKK,False,True
Singapore Changi Airport,SIN,2024-07-20 13:05,Hong Kong International Airport,HKG,2024-07-20 17:05,240,Singapore Airlines,Premium Economy,510,90.0,,1971,Y,Y,Y,1,7,2,25,Saturday,False,Suvarnabhumi Airport,BKK,False,True
Singapore Changi Airport,SIN,2024-07-20 07:25,Hong Kong International Airport,HKG,2024-07-20 11:20,235,Singapore Airlines,Premium Economy,480,85.0,,2495,Y,Y,Y,1,7,2,25,Saturday,False,Suvarnabhumi Airport,BKK,False,True
Singapore Changi Airport,SIN,2024-07-20 01:45,Hong Kong International Airport,HKG,2024-07-20 05:50,245,Cathay Pacific,Premium Economy,610,190.0,,3456,Y,Y,Y,1,7,2,25,Saturday,False,Suvarnabhumi Airport,BKK,False,True
Singapore Changi Airport,SIN,2024-07-20 01:45,Hong Kong International Airport,HKG,2024-07-20 05:50,245,Cathay Pacific,Premium Economy,520,115.0,,3508,Y,Y,Y,1,7,2,25,Saturday,False,Suvarnabhumi Airport,BKK,False,True
Singapore Changi Airport,SIN,2024-07-20 06:30,Hong Kong International Airport,HKG,2024-07-20 10:45,255,Cathay Pacific,Premium Economy,535,120.0,,3711,Y,Y,Y,1,7,2,25,Saturday,False,Suvarnabhumi Airport,BKK,False,True
Singapore Changi Airport,SIN,2024-07-21 13:25,Suvarnabhumi Airport,BKK,2024-07-21 15:15,170,Cathay Pacific,Premium Economy,170,,,584,Y,Y,Y,1,7,2,25,Sunday,False,Suvarnabhumi Airport,BKK,False,False
Singapore Changi Airport,SIN,2024-07-21 13:05,Hong Kong International Airport,HKG,2024-07-21 17:05,240,Singapore Airlines,Premium Economy,510,90.0,,1971,Y,Y,Y,1,7,2,25,Sunday,False,Suvarnabhumi Airport,BKK,False,False
Singapore Changi Airport,SIN,2024-07-21 07:25,Hong Kong International Airport,HKG,2024-07-21 11:20,235,Singapore Airlines,Premium Economy,480,85.0,,2495,Y,Y,Y,1,7,2,25,Sunday,False,Suvarnabhumi Airport,BKK,False,False
Singapore Changi Airport,SIN,2024-07-21 01:45,Hong Kong International Airport,HKG,2024-07-21 05:50,245,Cathay Pacific,Premium Economy,610,190.0,,3456,Y,Y,Y,1,7,2,25,Sunday,False,Suvarnabhumi Airport,BKK,False,False
Singapore Changi Airport,SIN,2024-07-21 01:45,Hong Kong International Airport,HKG,2024-07-21 05:50,245,Cathay Pacific,Premium Economy,520,115.0,,3508,Y,Y,Y,1,7,2,25,Sunday,False,Suvarnabhumi Airport,BKK,False,False
Singapore Changi Airport,SIN,2024-07-21 06:30,Hong Kong International Airport,HKG,2024-07-21 10:45,255,Cathay Pacific,Premium Economy,535,120.0,,3711,Y,Y,Y,1,7,2,25,Sunday,False,Suvarnabhumi Airport,BKK,False,False
Singapore Changi Airport,SIN,2024-07-22 13:25,Suvarnabhumi Airport,BKK,2024-07-22 15:15,170,Cathay Pacific,Premium Economy,170,,,584,Y,Y,Y,1,7,2,25,Monday,False,Suvarnabhumi Airport,BKK,False,True
Singapore Changi Airport,SIN,2024-07-22 09:40,Hong Kong International Airport,HKG,2024-07-22 13:55,255,Singapore Airlines,Premium Economy,560,120.0,,1971,Y,Y,Y,1,7,2,25,Monday,False,Suvarnabhumi Airport,BKK,False,True
Singapore Changi Airport,SIN,2024-07-22 07:25,Hong Kong International Airport,HKG,2024-07-22 11:20,235,Singapore Airlines,Premium Economy,480,85.0,,2495,Y,Y,Y,1,7,2,25,Monday,False,Suvarnabhumi Airport,BKK,False,True
Singapore Changi Airport,SIN,2024-07-22 12:40,Kunming Changshui International Airport,KMG,2024-07-22 16:30,230,China Eastern,Premium Economy,515,125.0,,2800,Y,Y,Y,1,8,1,23,Monday,False,Suvarnabhumi Airport,BKK,False,True
Singapore Changi Airport,SIN,2024-07-22 01:45,Hong Kong International Airport,HKG,2024-07-22 05:50,245,Cathay Pacific,Premium Economy,610,190.0,,3456,Y,Y,Y,1,7,2,25,Monday,False,Suvarnabhumi Airport,BKK,False,True
Singapore Changi Airport,SIN,2024-07-22 01:45,Hong Kong International Airport,HKG,2024-07-22 05:50,245,Cathay Pacific,Premium Economy,520,115.0,,3508,Y,Y,Y,1,7,2,25,Monday,False,Suvarnabhumi Airport,BKK,False,True
Singapore Changi Airport,SIN,2024-07-22 06:30,Hong Kong International Airport,HKG,2024-07-22 10:45,255,Cathay Pacific,Premium Economy,535,120.0,,3711,Y,Y,Y,1,7,2,25,Monday,False,Suvarnabhumi Airport,BKK,False,True
Singapore Changi Airport,SIN,2024-07-23 13:25,Suvarnabhumi Airport,BKK,2024-07-23 15:15,170,Cathay Pacific,Premium Economy,170,,,584,Y,Y,Y,1,7,2,25,Tuesday,False,Suvarnabhumi Airport,BKK,False,False
Singapore Changi Airport,SIN,2024-07-23 13:05,Hong Kong International Airport,HKG,2024-07-23 17:05,240,Singapore Airlines,Premium Economy,510,90.0,,1971,Y,Y,Y,1,7,2,25,Tuesday,False,Suvarnabhumi Airport,BKK,False,False
Singapore Changi Airport,SIN,2024-07-23 07:25,Hong Kong International Airport,HKG,2024-07-23 11:20,235,Singapore Airlines,Premium Economy,480,85.0,,2495,Y,Y,Y,1,7,2,25,Tuesday,False,Suvarnabhumi Airport,BKK,False,False
Singapore Changi Airport,SIN,2024-07-23 01:45,Hong Kong International Airport,HKG,2024-07-23 05:50,245,Cathay Pacific,Premium Economy,555,130.0,,3456,Y,Y,Y,1,7,2,25,Tuesday,False,Suvarnabhumi Airport,BKK,False,False
Singapore Changi Airport,SIN,2024-07-23 01:45,Hong Kong International Airport,HKG,2024-07-23 05:50,245,Cathay Pacific,Premium Economy,520,115.0,,3508,Y,Y,Y,1,7,2,25,Tuesday,False,Suvarnabhumi Airport,BKK,False,False
Singapore Changi Airport,SIN,2024-07-23 06:30,Hong Kong International Airport,HKG,2024-07-23 10:45,255,Cathay Pacific,Premium Economy,535,120.0,,3711,Y,Y,Y,1,7,2,25,Tuesday,False,Suvarnabhumi Airport,BKK,False,False
Singapore Changi Airport,SIN,2024-07-24 13:25,Suvarnabhumi Airport,BKK,2024-07-24 15:15,170,Cathay Pacific,Premium Economy,170,,,584,Y,Y,Y,1,7,2,25,Wednesday,False,Suvarnabhumi Airport,BKK,False,False
Singapore Changi Airport,SIN,2024-07-24 13:05,Hong Kong International Airport,HKG,2024-07-24 17:05,240,Singapore Airlines,Premium Economy,510,90.0,,1971,Y,Y,Y,1,7,2,25,Wednesday,False,Suvarnabhumi Airport,BKK,False,False
Singapore Changi Airport,SIN,2024-07-24 07:25,Hong Kong International Airport,HKG,2024-07-24 11:20,235,Singapore Airlines,Premium Economy,480,85.0,,2495,Y,Y,Y,1,7,2,25,Wednesday,False,Suvarnabhumi Airport,BKK,False,False
Singapore Changi Airport,SIN,2024-07-24 01:45,Hong Kong International Airport,HKG,2024-07-24 05:50,245,Cathay Pacific,Premium Economy,610,190.0,,3456,Y,Y,Y,1,7,2,25,Wednesday,False,Suvarnabhumi Airport,BKK,False,False
Singapore Changi Airport,SIN,2024-07-24 01:45,Hong Kong International Airport,HKG,2024-07-24 05:50,245,Cathay Pacific,Premium Economy,520,115.0,,3508,Y,Y,Y,1,7,2,25,Wednesday,False,Suvarnabhumi Airport,BKK,False,False
Singapore Changi Airport,SIN,2024-07-24 06:30,Hong Kong International Airport,HKG,2024-07-24 10:45,255,Cathay Pacific,Premium Economy,535,120.0,,3711,Y,Y,Y,1,7,2,25,Wednesday,False,Suvarnabhumi Airport,BKK,False,False
Singapore Changi Airport,SIN,2024-07-25 13:25,Suvarnabhumi Airport,BKK,2024-07-25 15:15,170,Cathay Pacific,Premium Economy,170,,,584,Y,Y,Y,1,7,2,25,Thursday,False,Suvarnabhumi Airport,BKK,False,False
Singapore Changi Airport,SIN,2024-07-25 13:05,Hong Kong International Airport,HKG,2024-07-25 17:05,240,Singapore Airlines,Premium Economy,510,90.0,,1971,Y,Y,Y,1,7,2,25,Thursday,False,Suvarnabhumi Airport,BKK,False,False
Singapore Changi Airport,SIN,2024-07-25 07:25,Hong Kong International Airport,HKG,2024-07-25 11:20,235,Singapore Airlines,Premium Economy,480,85.0,,2495,Y,Y,Y,1,7,2,25,Thursday,False,Suvarnabhumi Airport,BKK,False,False
Singapore Changi Airport,SIN,2024-07-25 01:45,Hong Kong International Airport,HKG,2024-07-25 05:50,245,Cathay Pacific,Premium Economy,610,190.0,,3456,Y,Y,Y,1,7,2,25,Thursday,False,Suvarnabhumi Airport,BKK,False,False
Singapore Changi Airport,SIN,2024-07-25 01:45,Hong Kong International Airport,HKG,2024-07-25 05:50,245,Cathay Pacific,Premium Economy,520,115.0,,3508,Y,Y,Y,1,7,2,25,Thursday,False,Suvarnabhumi Airport,BKK,False,False
Singapore Changi Airport,SIN,2024-07-25 06:30,Hong Kong International Airport,HKG,2024-07-25 10:45,255,Cathay Pacific,Premium Economy,535,120.0,,3711,Y,Y,Y,1,7,2,25,Thursday,False,Suvarnabhumi Airport,BKK,False,False
Singapore Changi Airport,SIN,2024-07-26 13:25,Suvarnabhumi Airport,BKK,2024-07-26 15:15,170,Cathay Pacific,Premium Economy,170,,,584,Y,Y,Y,1,7,2,25,Friday,False,Suvarnabhumi Airport,BKK,False,False
Singapore Changi Airport,SIN,2024-07-26 13:05,Hong Kong International Airport,HKG,2024-07-26 17:05,240,Singapore Airlines,Premium Economy,510,90.0,,1971,Y,Y,Y,1,7,2,25,Friday,False,Suvarnabhumi Airport,BKK,False,False
Singapore Changi Airport,SIN,2024-07-26 07:25,Hong Kong International Airport,HKG,2024-07-26 11:20,235,Singapore Airlines,Premium Economy,480,85.0,,2495,Y,Y,Y,1,7,2,25,Friday,False,Suvarnabhumi Airport,BKK,False,False
Singapore Changi Airport,SIN,2024-07-26 01:45,Hong Kong International Airport,HKG,2024-07-26 05:50,245,Cathay Pacific,Premium Economy,610,190.0,,3456,Y,Y,Y,1,7,2,25,Friday,False,Suvarnabhumi Airport,BKK,False,False
Singapore Changi Airport,SIN,2024-07-26 01:45,Hong Kong International Airport,HKG,2024-07-26 05:50,245,Cathay Pacific,Premium Economy,520,115.0,,3508,Y,Y,Y,1,7,2,25,Friday,False,Suvarnabhumi Airport,BKK,False,False
Singapore Changi Airport,SIN,2024-07-26 06:30,Hong Kong International Airport,HKG,2024-07-26 10:45,255,Cathay Pacific,Premium Economy,535,120.0,,3711,Y,Y,Y,1,7,2,25,Friday,False,Suvarnabhumi Airport,BKK,False,False
Singapore Changi Airport,SIN,2024-07-27 13:25,Suvarnabhumi Airport,BKK,2024-07-27 15:15,170,Cathay Pacific,Premium Economy,170,,,584,Y,Y,Y,1,7,2,25,Saturday,False,Suvarnabhumi Airport,BKK,False,False
Singapore Changi Airport,SIN,2024-07-27 13:05,Hong Kong International Airport,HKG,2024-07-27 17:05,240,Singapore Airlines,Premium Economy,510,90.0,,1971,Y,Y,Y,1,7,2,25,Saturday,False,Suvarnabhumi Airport,BKK,False,False
Singapore Changi Airport,SIN,2024-07-27 07:25,Hong Kong International Airport,HKG,2024-07-27 11:20,235,Singapore Airlines,Premium Economy,480,85.0,,2495,Y,Y,Y,1,7,2,25,Saturday,False,Suvarnabhumi Airport,BKK,False,False
Singapore Changi Airport,SIN,2024-07-27 01:45,Hong Kong International Airport,HKG,2024-07-27 05:50,245,Cathay Pacific,Premium Economy,610,190.0,,3456,Y,Y,Y,1,7,2,25,Saturday,False,Suvarnabhumi Airport,BKK,False,False
Singapore Changi Airport,SIN,2024-07-27 01:45,Hong Kong International Airport,HKG,2024-07-27 05:50,245,Cathay Pacific,Premium Economy,520,115.0,,3508,Y,Y,Y,1,7,2,25,Saturday,False,Suvarnabhumi Airport,BKK,False,False
Singapore Changi Airport,SIN,2024-07-27 06:30,Hong Kong International Airport,HKG,2024-07-27 10:45,255,Cathay Pacific,Premium Economy,535,120.0,,3711,Y,Y,Y,1,7,2,25,Saturday,False,Suvarnabhumi Airport,BKK,False,False
Singapore Changi Airport,SIN,2024-07-28 13:25,Suvarnabhumi Airport,BKK,2024-07-28 15:15,170,Cathay Pacific,Premium Economy,170,,,584,Y,Y,Y,1,7,2,25,Sunday,False,Suvarnabhumi Airport,BKK,False,True
Singapore Changi Airport,SIN,2024-07-28 13:05,Hong Kong International Airport,HKG,2024-07-28 17:05,240,Singapore Airlines,Premium Economy,510,90.0,,1971,Y,Y,Y,1,7,2,25,Sunday,False,Suvarnabhumi Airport,BKK,False,True
Singapore Changi Airport,SIN,2024-07-28 07:25,Hong Kong International Airport,HKG,2024-07-28 11:20,235,Singapore Airlines,Premium Economy,480,85.0,,2495,Y,Y,Y,1,7,2,25,Sunday,False,Suvarnabhumi Airport,BKK,False,True
Singapore Changi Airport,SIN,2024-07-28 01:45,Hong Kong International Airport,HKG,2024-07-28 05:50,245,Cathay Pacific,Premium Economy,610,190.0,,3456,Y,Y,Y,1,7,2,25,Sunday,False,Suvarnabhumi Airport,BKK,False,True
Singapore Changi Airport,SIN,2024-07-28 01:45,Hong Kong International Airport,HKG,2024-07-28 05:50,245,Cathay Pacific,Premium Economy,520,115.0,,3508,Y,Y,Y,1,7,2,25,Sunday,False,Suvarnabhumi Airport,BKK,False,True
Singapore Changi Airport,SIN,2024-07-28 06:30,Hong Kong International Airport,HKG,2024-07-28 10:45,255,Cathay Pacific,Premium Economy,535,120.0,,3711,Y,Y,Y,1,7,2,25,Sunday,False,Suvarnabhumi Airport,BKK,False,True
Singapore Changi Airport,SIN,2024-07-29 13:25,Suvarnabhumi Airport,BKK,2024-07-29 15:15,170,Cathay Pacific,Premium Economy,170,,,584,Y,Y,Y,1,7,2,25,Monday,False,Suvarnabhumi Airport,BKK,False,True
Singapore Changi Airport,SIN,2024-07-29 07:25,Hong Kong International Airport,HKG,2024-07-29 11:20,235,Singapore Airlines,Premium Economy,605,190.0,,1971,Y,Y,Y,1,7,2,25,Monday,False,Suvarnabhumi Airport,BKK,False,True
Singapore Changi Airport,SIN,2024-07-29 07:25,Hong Kong International Airport,HKG,2024-07-29 11:20,235,Singapore Airlines,Premium Economy,480,85.0,,2495,Y,Y,Y,1,7,2,25,Monday,False,Suvarnabhumi Airport,BKK,False,True
Singapore Changi Airport,SIN,2024-07-29 12:40,Kunming Changshui International Airport,KMG,2024-07-29 16:30,230,China Eastern,Premium Economy,515,125.0,,2800,Y,Y,Y,1,8,1,23,Monday,False,Suvarnabhumi Airport,BKK,False,True
Singapore Changi Airport,SIN,2024-07-29 01:45,Hong Kong International Airport,HKG,2024-07-29 05:50,245,Cathay Pacific,Premium Economy,610,190.0,,3456,Y,Y,Y,1,7,2,25,Monday,False,Suvarnabhumi Airport,BKK,False,True
Singapore Changi Airport,SIN,2024-07-29 01:45,Hong Kong International Airport,HKG,2024-07-29 05:50,245,Cathay Pacific,Premium Economy,520,115.0,,3508,Y,Y,Y,1,7,2,25,Monday,False,Suvarnabhumi Airport,BKK,False,True
Singapore Changi Airport,SIN,2024-07-29 06:30,Hong Kong International Airport,HKG,2024-07-29 10:45,255,Cathay Pacific,Premium Economy,535,120.0,,3711,Y,Y,Y,1,7,2,25,Monday,False,Suvarnabhumi Airport,BKK,False,True
Singapore Changi Airport,SIN,2024-07-30 13:25,Suvarnabhumi Airport,BKK,2024-07-30 15:15,170,Cathay Pacific,Premium Economy,170,,,584,Y,Y,Y,1,7,2,25,Tuesday,False,Suvarnabhumi Airport,BKK,False,False
Singapore Changi Airport,SIN,2024-07-30 13:05,Hong Kong International Airport,HKG,2024-07-30 17:05,240,Singapore Airlines,Premium Economy,510,90.0,,1971,Y,Y,Y,1,7,2,25,Tuesday,False,Suvarnabhumi Airport,BKK,False,False
Singapore Changi Airport,SIN,2024-07-30 07:25,Hong Kong International Airport,HKG,2024-07-30 11:20,235,Singapore Airlines,Premium Economy,480,85.0,,2495,Y,Y,Y,1,7,2,25,Tuesday,False,Suvarnabhumi Airport,BKK,False,False
Singapore Changi Airport,SIN,2024-07-30 01:45,Hong Kong International Airport,HKG,2024-07-30 05:50,245,Cathay Pacific,Premium Economy,555,130.0,,3456,Y,Y,Y,1,7,2,25,Tuesday,False,Suvarnabhumi Airport,BKK,False,False
Singapore Changi Airport,SIN,2024-07-30 01:45,Hong Kong International Airport,HKG,2024-07-30 05:50,245,Cathay Pacific,Premium Economy,520,115.0,,3508,Y,Y,Y,1,7,2,25,Tuesday,False,Suvarnabhumi Airport,BKK,False,False
Singapore Changi Airport,SIN,2024-07-30 06:30,Hong Kong International Airport,HKG,2024-07-30 10:45,255,Cathay Pacific,Premium Economy,535,120.0,,3711,Y,Y,Y,1,7,2,25,Tuesday,False,Suvarnabhumi Airport,BKK,False,False
Singapore Changi Airport,SIN,2024-07-31 13:25,Suvarnabhumi Airport,BKK,2024-07-31 15:15,170,Cathay Pacific,Premium Economy,170,,,584,Y,Y,Y,1,7,2,25,Wednesday,False,Suvarnabhumi Airport,BKK,False,False
Singapore Changi Airport,SIN,2024-07-31 13:05,Hong Kong International Airport,HKG,2024-07-31 17:05,240,Singapore Airlines,Premium Economy,510,90.0,,1971,Y,Y,Y,1,7,2,25,Wednesday,False,Suvarnabhumi Airport,BKK,False,False
Singapore Changi Airport,SIN,2024-07-31 07:25,Hong Kong International Airport,HKG,2024-07-31 11:20,235,Singapore Airlines,Premium Economy,480,85.0,,2495,Y,Y,Y,1,7,2,25,Wednesday,False,Suvarnabhumi Airport,BKK,False,False
Singapore Changi Airport,SIN,2024-07-31 01:45,Hong Kong International Airport,HKG,2024-07-31 05:50,245,Cathay Pacific,Premium Economy,610,190.0,,3456,Y,Y,Y,1,7,2,25,Wednesday,False,Suvarnabhumi Airport,BKK,False,False
Singapore Changi Airport,SIN,2024-07-31 01:45,Hong Kong International Airport,HKG,2024-07-31 05:50,245,Cathay Pacific,Premium Economy,520,115.0,,3508,Y,Y,Y,1,7,2,25,Wednesday,False,Suvarnabhumi Airport,BKK,False,False
Singapore Changi Airport,SIN,2024-07-31 06:30,Hong Kong International Airport,HKG,2024-07-31 10:45,255,Cathay Pacific,Premium Economy,535,120.0,,3711,Y,Y,Y,1,7,2,25,Wednesday,False,Suvarnabhumi Airport,BKK,False,False
Singapore Changi Airport,SIN,2024-08-01 13:25,Suvarnabhumi Airport,BKK,2024-08-01 15:15,170,Cathay Pacific,Premium Economy,170,,,582,Y,Y,Y,1,7,2,25,Thursday,False,Suvarnabhumi Airport,BKK,False,False
Singapore Changi Airport,SIN,2024-08-01 17:40,Shenzhen Bao'an International Airport,SZX,2024-08-01 22:05,265,Shenzhen,Premium Economy,635,190.0,,601,Y,Y,Y,1,5,1,20,Thursday,False,Suvarnabhumi Airport,BKK,False,False
Singapore Changi Airport,SIN,2024-08-01 13:05,Hong Kong International Airport,HKG,2024-08-01 17:05,240,Singapore Airlines,Premium Economy,510,90.0,,1978,Y,Y,Y,1,7,2,25,Thursday,False,Suvarnabhumi Airport,BKK,False,False
Singapore Changi Airport,SIN,2024-08-01 12:00,Shenzhen Bao'an International Airport,SZX,2024-08-01 16:15,255,Shenzhen,Premium Economy,975,540.0,,525,Y,Y,Y,1,5,1,20,Thursday,False,Suvarnabhumi Airport,BKK,False,False
Singapore Changi Airport,SIN,2024-08-01 12:00,Shenzhen Bao'an International Airport,SZX,2024-08-01 16:15,255,Shenzhen,Premium Economy,915,475.0,,551,Y,Y,Y,1,5,1,20,Thursday,False,Suvarnabhumi Airport,BKK,False,False
Singapore Changi Airport,SIN,2024-08-01 07:25,Hong Kong International Airport,HKG,2024-08-01 11:20,235,Singapore Airlines,Premium Economy,495,100.0,,2509,Y,Y,Y,1,7,2,25,Thursday,False,Suvarnabhumi Airport,BKK,False,False
Singapore Changi Airport,SIN,2024-08-01 01:45,Hong Kong International Airport,HKG,2024-08-01 05:50,245,Cathay Pacific,Premium Economy,610,190.0,,3466,Y,Y,Y,1,7,2,25,Thursday,False,Suvarnabhumi Airport,BKK,False,False
Singapore Changi Airport,SIN,2024-08-01 01:45,Hong Kong International Airport,HKG,2024-08-01 05:50,245,Cathay Pacific,Premium Economy,520,115.0,,3525,Y,Y,Y,1,7,2,25,Thursday,False,Suvarnabhumi Airport,BKK,False,False
Singapore Changi Airport,SIN,2024-08-01 06:30,Hong Kong International Airport,HKG,2024-08-01 10:45,255,Cathay Pacific,Premium Economy,550,135.0,,3728,Y,Y,Y,1,7,2,25,Thursday,False,Suvarnabhumi Airport,BKK,False,False
Singapore Changi Airport,SIN,2024-08-02 13:25,Suvarnabhumi Airport,BKK,2024-08-02 15:15,170,Cathay Pacific,Premium Economy,170,,,582,Y,Y,Y,1,7,2,25,Friday,False,Suvarnabhumi Airport,BKK,False,False
Singapore Changi Airport,SIN,2024-08-02 17:40,Shenzhen Bao'an International Airport,SZX,2024-08-02 22:05,265,Shenzhen,Premium Economy,635,190.0,,601,Y,Y,Y,1,5,1,20,Friday,False,Suvarnabhumi Airport,BKK,False,False
Singapore Changi Airport,SIN,2024-08-02 13:05,Hong Kong International Airport,HKG,2024-08-02 17:05,240,Singapore Airlines,Premium Economy,510,90.0,,1978,Y,Y,Y,1,7,2,25,Friday,False,Suvarnabhumi Airport,BKK,False,False
Singapore Changi Airport,SIN,2024-08-02 07:25,Hong Kong International Airport,HKG,2024-08-02 11:20,235,Singapore Airlines,Premium Economy,495,100.0,,2509,Y,Y,Y,1,7,2,25,Friday,False,Suvarnabhumi Airport,BKK,False,False
Singapore Changi Airport,SIN,2024-08-02 01:45,Hong Kong International Airport,HKG,2024-08-02 05:50,245,Cathay Pacific,Premium Economy,610,190.0,,3466,Y,Y,Y,1,7,2,25,Friday,False,Suvarnabhumi Airport,BKK,False,False
Singapore Changi Airport,SIN,2024-08-02 01:45,Hong Kong International Airport,HKG,2024-08-02 05:50,245,Cathay Pacific,Premium Economy,520,115.0,,3525,Y,Y,Y,1,7,2,25,Friday,False,Suvarnabhumi Airport,BKK,False,False
Singapore Changi Airport,SIN,2024-08-02 06:30,Hong Kong International Airport,HKG,2024-08-02 10:45,255,Cathay Pacific,Premium Economy,550,135.0,,3728,Y,Y,Y,1,7,2,25,Friday,False,Suvarnabhumi Airport,BKK,False,False
Singapore Changi Airport,SIN,2024-08-03 13:25,Suvarnabhumi Airport,BKK,2024-08-03 15:15,170,Cathay Pacific,Premium Economy,170,,,582,Y,Y,Y,1,7,2,25,Saturday,False,Suvarnabhumi Airport,BKK,False,False
Singapore Changi Airport,SIN,2024-08-03 17:40,Shenzhen Bao'an International Airport,SZX,2024-08-03 22:05,265,Shenzhen,Premium Economy,635,190.0,,601,Y,Y,Y,1,5,1,20,Saturday,False,Suvarnabhumi Airport,BKK,False,False
Singapore Changi Airport,SIN,2024-08-03 13:05,Hong Kong International Airport,HKG,2024-08-03 17:05,240,Singapore Airlines,Premium Economy,510,90.0,,1978,Y,Y,Y,1,7,2,25,Saturday,False,Suvarnabhumi Airport,BKK,False,False
Singapore Changi Airport,SIN,2024-08-03 07:25,Hong Kong International Airport,HKG,2024-08-03 11:20,235,Singapore Airlines,Premium Economy,495,100.0,,2509,Y,Y,Y,1,7,2,25,Saturday,False,Suvarnabhumi Airport,BKK,False,False
Singapore Changi Airport,SIN,2024-08-03 01:45,Hong Kong International Airport,HKG,2024-08-03 05:50,245,Cathay Pacific,Premium Economy,610,190.0,,3466,Y,Y,Y,1,7,2,25,Saturday,False,Suvarnabhumi Airport,BKK,False,False
Singapore Changi Airport,SIN,2024-08-03 01:45,Hong Kong International Airport,HKG,2024-08-03 05:50,245,Cathay Pacific,Premium Economy,520,115.0,,3525,Y,Y,Y,1,7,2,25,Saturday,False,Suvarnabhumi Airport,BKK,False,False
Singapore Changi Airport,SIN,2024-08-03 06:30,Hong Kong International Airport,HKG,2024-08-03 10:45,255,Cathay Pacific,Premium Economy,550,135.0,,3728,Y,Y,Y,1,7,2,25,Saturday,False,Suvarnabhumi Airport,BKK,False,False
Singapore Changi Airport,SIN,2024-08-04 13:25,Suvarnabhumi Airport,BKK,2024-08-04 15:15,170,Cathay Pacific,Premium Economy,170,,,582,Y,Y,Y,1,7,2,25,Sunday,False,Suvarnabhumi Airport,BKK,False,False
Singapore Changi Airport,SIN,2024-08-04 17:40,Shenzhen Bao'an International Airport,SZX,2024-08-04 22:05,265,Shenzhen,Premium Economy,635,190.0,,601,Y,Y,Y,1,5,1,20,Sunday,False,Suvarnabhumi Airport,BKK,False,False
Singapore Changi Airport,SIN,2024-08-04 13:05,Hong Kong International Airport,HKG,2024-08-04 17:05,240,Singapore Airlines,Premium Economy,510,90.0,,1978,Y,Y,Y,1,7,2,25,Sunday,False,Suvarnabhumi Airport,BKK,False,False
Singapore Changi Airport,SIN,2024-08-04 07:25,Hong Kong International Airport,HKG,2024-08-04 11:20,235,Singapore Airlines,Premium Economy,495,100.0,,2509,Y,Y,Y,1,7,2,25,Sunday,False,Suvarnabhumi Airport,BKK,False,False
Singapore Changi Airport,SIN,2024-08-04 01:45,Hong Kong International Airport,HKG,2024-08-04 05:50,245,Cathay Pacific,Premium Economy,610,190.0,,3466,Y,Y,Y,1,7,2,25,Sunday,False,Suvarnabhumi Airport,BKK,False,False
Singapore Changi Airport,SIN,2024-08-04 01:45,Hong Kong International Airport,HKG,2024-08-04 05:50,245,Cathay Pacific,Premium Economy,520,115.0,,3525,Y,Y,Y,1,7,2,25,Sunday,False,Suvarnabhumi Airport,BKK,False,False
Singapore Changi Airport,SIN,2024-08-04 06:30,Hong Kong International Airport,HKG,2024-08-04 10:45,255,Cathay Pacific,Premium Economy,550,135.0,,3728,Y,Y,Y,1,7,2,25,Sunday,False,Suvarnabhumi Airport,BKK,False,False
Singapore Changi Airport,SIN,2024-08-05 13:25,Suvarnabhumi Airport,BKK,2024-08-05 15:15,170,Cathay Pacific,Premium Economy,170,,,582,Y,Y,Y,1,7,2,25,Monday,False,Suvarnabhumi Airport,BKK,False,False
Singapore Changi Airport,SIN,2024-08-05 17:40,Shenzhen Bao'an International Airport,SZX,2024-08-05 22:05,265,Shenzhen,Premium Economy,635,190.0,,601,Y,Y,Y,1,5,1,20,Monday,False,Suvarnabhumi Airport,BKK,False,False
Singapore Changi Airport,SIN,2024-08-05 12:00,Shenzhen Bao'an International Airport,SZX,2024-08-05 16:15,255,Shenzhen,Premium Economy,915,475.0,,525,Y,Y,Y,1,5,1,20,Monday,False,Suvarnabhumi Airport,BKK,False,False
Singapore Changi Airport,SIN,2024-08-05 23:10,Shanghai Pudong International Airport,PVG,2024-08-06 04:10,300,China Eastern,Premium Economy,860,280.0,True,567,Y,Y,Y,1,8,1,23,Monday,True,Suvarnabhumi Airport,BKK,False,False
Singapore Changi Airport,SIN,2024-08-05 07:25,Hong Kong International Airport,HKG,2024-08-05 11:20,235,Singapore Airlines,Premium Economy,495,100.0,,2509,Y,Y,Y,1,7,2,25,Monday,False,Suvarnabhumi Airport,BKK,False,False
Singapore Changi Airport,SIN,2024-08-05 12:40,Kunming Changshui International Airport,KMG,2024-08-05 16:30,230,China Eastern,Premium Economy,515,125.0,,2818,Y,Y,Y,1,8,1,23,Monday,False,Suvarnabhumi Airport,BKK,False,False
Singapore Changi Airport,SIN,2024-08-05 01:45,Hong Kong International Airport,HKG,2024-08-05 05:50,245,Cathay Pacific,Premium Economy,610,190.0,,3466,Y,Y,Y,1,7,2,25,Monday,False,Suvarnabhumi Airport,BKK,False,False
Singapore Changi Airport,SIN,2024-08-05 01:45,Hong Kong International Airport,HKG,2024-08-05 05:50,245,Cathay Pacific,Premium Economy,520,115.0,,3525,Y,Y,Y,1,7,2,25,Monday,False,Suvarnabhumi Airport,BKK,False,False
Singapore Changi Airport,SIN,2024-08-05 06:30,Hong Kong International Airport,HKG,2024-08-05 10:45,255,Cathay Pacific,Premium Economy,550,135.0,,3728,Y,Y,Y,1,7,2,25,Monday,False,Suvarnabhumi Airport,BKK,False,False
Singapore Changi Airport,SIN,2024-08-06 13:25,Suvarnabhumi Airport,BKK,2024-08-06 15:15,170,Cathay Pacific,Premium Economy,170,,,582,Y,Y,Y,1,7,2,25,Tuesday,False,Suvarnabhumi Airport,BKK,False,False
Singapore Changi Airport,SIN,2024-08-06 17:40,Shenzhen Bao'an International Airport,SZX,2024-08-06 22:05,265,Shenzhen,Premium Economy,635,190.0,,601,Y,Y,Y,1,5,1,20,Tuesday,False,Suvarnabhumi Airport,BKK,False,False
Singapore Changi Airport,SIN,2024-08-06 23:10,Shanghai Pudong International Airport,PVG,2024-08-07 04:10,300,China Eastern,Premium Economy,860,295.0,True,1970,Y,Y,Y,1,8,1,23,Tuesday,True,Suvarnabhumi Airport,BKK,False,False
Singapore Changi Airport,SIN,2024-08-06 07:25,Hong Kong International Airport,HKG,2024-08-06 11:20,235,Singapore Airlines,Premium Economy,495,100.0,,2509,Y,Y,Y,1,7,2,25,Tuesday,False,Suvarnabhumi Airport,BKK,False,False
Singapore Changi Airport,SIN,2024-08-06 01:45,Hong Kong International Airport,HKG,2024-08-06 05:50,245,Cathay Pacific,Premium Economy,610,190.0,,3466,Y,Y,Y,1,7,2,25,Tuesday,False,Suvarnabhumi Airport,BKK,False,False
Singapore Changi Airport,SIN,2024-08-06 01:45,Hong Kong International Airport,HKG,2024-08-06 05:50,245,Cathay Pacific,Premium Economy,520,115.0,,3525,Y,Y,Y,1,7,2,25,Tuesday,False,Suvarnabhumi Airport,BKK,False,False
Singapore Changi Airport,SIN,2024-08-06 06:30,Hong Kong International Airport,HKG,2024-08-06 10:45,255,Cathay Pacific,Premium Economy,550,135.0,,3728,Y,Y,Y,1,7,2,25,Tuesday,False,Suvarnabhumi Airport,BKK,False,False
Singapore Changi Airport,SIN,2024-08-07 13:25,Suvarnabhumi Airport,BKK,2024-08-07 15:15,170,Cathay Pacific,Premium Economy,170,,,582,Y,Y,Y,1,7,2,25,Wednesday,False,Suvarnabhumi Airport,BKK,False,False
Singapore Changi Airport,SIN,2024-08-07 23:10,Shanghai Pudong International Airport,PVG,2024-08-08 04:10,300,China Eastern,Premium Economy,860,280.0,True,567,Y,Y,Y,1,8,1,23,Wednesday,True,Suvarnabhumi Airport,BKK,False,False
Singapore Changi Airport,SIN,2024-08-07 17:40,Shenzhen Bao'an International Airport,SZX,2024-08-07 22:05,265,Shenzhen,Premium Economy,635,190.0,,601,Y,Y,Y,1,5,1,20,Wednesday,False,Suvarnabhumi Airport,BKK,False,False
Singapore Changi Airport,SIN,2024-08-07 07:25,Hong Kong International Airport,HKG,2024-08-07 11:20,235,Singapore Airlines,Premium Economy,495,100.0,,2509,Y,Y,Y,1,7,2,25,Wednesday,False,Suvarnabhumi Airport,BKK,False,False
Singapore Changi Airport,SIN,2024-08-07 01:45,Hong Kong International Airport,HKG,2024-08-07 05:50,245,Cathay Pacific,Premium Economy,610,190.0,,3466,Y,Y,Y,1,7,2,25,Wednesday,False,Suvarnabhumi Airport,BKK,False,False
Singapore Changi Airport,SIN,2024-08-07 01:45,Hong Kong International Airport,HKG,2024-08-07 05:50,245,Cathay Pacific,Premium Economy,520,115.0,,3525,Y,Y,Y,1,7,2,25,Wednesday,False,Suvarnabhumi Airport,BKK,False,False
Singapore Changi Airport,SIN,2024-08-07 06:30,Hong Kong International Airport,HKG,2024-08-07 10:45,255,Cathay Pacific,Premium Economy,550,135.0,,3728,Y,Y,Y,1,7,2,25,Wednesday,False,Suvarnabhumi Airport,BKK,False,False
Singapore Changi Airport,SIN,2024-08-08 13:25,Suvarnabhumi Airport,BKK,2024-08-08 15:15,170,Cathay Pacific,Premium Economy,170,,,582,Y,Y,Y,1,7,2,25,Thursday,False,Suvarnabhumi Airport,BKK,False,False
Singapore Changi Airport,SIN,2024-08-08 17:40,Shenzhen Bao'an International Airport,SZX,2024-08-08 22:05,265,Shenzhen,Premium Economy,635,190.0,,601,Y,Y,Y,1,5,1,20,Thursday,False,Suvarnabhumi Airport,BKK,False,False
Singapore Changi Airport,SIN,2024-08-08 14:30,Ninoy Aquino International Airport,MNL,2024-08-08 18:25,235,Philippine Airlines,Premium Economy,500,60.0,,704,Y,Y,Y,1,7,2,23,Thursday,False,Suvarnabhumi Airport,BKK,False,False
Singapore Changi Airport,SIN,2024-08-08 07:25,Hong Kong International Airport,HKG,2024-08-08 11:20,235,Singapore Airlines,Premium Economy,495,100.0,,2509,Y,Y,Y,1,7,2,25,Thursday,False,Suvarnabhumi Airport,BKK,False,False
Singapore Changi Airport,SIN,2024-08-08 01:45,Hong Kong International Airport,HKG,2024-08-08 05:50,245,Cathay Pacific,Premium Economy,610,190.0,,3466,Y,Y,Y,1,7,2,25,Thursday,False,Suvarnabhumi Airport,BKK,False,False
Singapore Changi Airport,SIN,2024-08-08 01:45,Hong Kong International Airport,HKG,2024-08-08 05:50,245,Cathay Pacific,Premium Economy,520,115.0,,3525,Y,Y,Y,1,7,2,25,Thursday,False,Suvarnabhumi Airport,BKK,False,False
Singapore Changi Airport,SIN,2024-08-08 06:30,Hong Kong International Airport,HKG,2024-08-08 10:45,255,Cathay Pacific,Premium Economy,550,135.0,,3728,Y,Y,Y,1,7,2,25,Thursday,False,Suvarnabhumi Airport,BKK,False,False
Singapore Changi Airport,SIN,2024-08-09 13:25,Suvarnabhumi Airport,BKK,2024-08-09 15:15,170,Cathay Pacific,Premium Economy,170,,,582,Y,Y,Y,1,7,2,25,Friday,False,Suvarnabhumi Airport,BKK,True,False
Singapore Changi Airport,SIN,2024-08-09 17:40,Shenzhen Bao'an International Airport,SZX,2024-08-09 22:05,265,Shenzhen,Premium Economy,635,190.0,,601,Y,Y,Y,1,5,1,20,Friday,False,Suvarnabhumi Airport,BKK,True,False
Singapore Changi Airport,SIN,2024-08-09 13:05,Hong Kong International Airport,HKG,2024-08-09 17:05,240,Singapore Airlines,Premium Economy,510,90.0,,1978,Y,Y,Y,1,7,2,25,Friday,False,Suvarnabhumi Airport,BKK,True,False
Singapore Changi Airport,SIN,2024-08-09 07:25,Hong Kong International Airport,HKG,2024-08-09 11:20,235,Singapore Airlines,Premium Economy,495,100.0,,2509,Y,Y,Y,1,7,2,25,Friday,False,Suvarnabhumi Airport,BKK,True,False
Singapore Changi Airport,SIN,2024-08-09 01:45,Hong Kong International Airport,HKG,2024-08-09 05:50,245,Cathay Pacific,Premium Economy,610,190.0,,3466,Y,Y,Y,1,7,2,25,Friday,False,Suvarnabhumi Airport,BKK,True,False
Singapore Changi Airport,SIN,2024-08-09 20:45,Hong Kong International Airport,HKG,2024-08-10 00:55,250,Cathay Pacific,Premium Economy,910,485.0,True,3466,Y,Y,Y,1,7,2,25,Friday,True,Suvarnabhumi Airport,BKK,True,False
Singapore Changi Airport,SIN,2024-08-09 01:45,Hong Kong International Airport,HKG,2024-08-09 05:50,245,Cathay Pacific,Premium Economy,520,115.0,,3525,Y,Y,Y,1,7,2,25,Friday,False,Suvarnabhumi Airport,BKK,True,False
Singapore Changi Airport,SIN,2024-08-09 06:30,Hong Kong International Airport,HKG,2024-08-09 10:45,255,Cathay Pacific,Premium Economy,550,135.0,,3728,Y,Y,Y,1,7,2,25,Friday,False,Suvarnabhumi Airport,BKK,True,False
Singapore Changi Airport,SIN,2024-08-10 13:25,Suvarnabhumi Airport,BKK,2024-08-10 15:15,170,Cathay Pacific,Premium Economy,170,,,582,Y,Y,Y,1,7,2,25,Saturday,False,Suvarnabhumi Airport,BKK,False,False
Singapore Changi Airport,SIN,2024-08-10 17:40,Shenzhen Bao'an International Airport,SZX,2024-08-10 22:05,265,Shenzhen,Premium Economy,635,190.0,,601,Y,Y,Y,1,5,1,20,Saturday,False,Suvarnabhumi Airport,BKK,False,False
Singapore Changi Airport,SIN,2024-08-10 13:05,Hong Kong International Airport,HKG,2024-08-10 17:05,240,Singapore Airlines,Premium Economy,510,90.0,,1978,Y,Y,Y,1,7,2,25,Saturday,False,Suvarnabhumi Airport,BKK,False,False
Singapore Changi Airport,SIN,2024-08-10 07:25,Hong Kong International Airport,HKG,2024-08-10 11:20,235,Singapore Airlines,Premium Economy,495,100.0,,2509,Y,Y,Y,1,7,2,25,Saturday,False,Suvarnabhumi Airport,BKK,False,False
Singapore Changi Airport,SIN,2024-08-10 01:45,Hong Kong International Airport,HKG,2024-08-10 05:50,245,Cathay Pacific,Premium Economy,610,190.0,,3466,Y,Y,Y,1,7,2,25,Saturday,False,Suvarnabhumi Airport,BKK,False,False
Singapore Changi Airport,SIN,2024-08-10 20:10,Hong Kong International Airport,HKG,2024-08-11 00:25,255,Cathay Pacific,Premium Economy,945,515.0,True,3466,Y,Y,Y,1,7,2,25,Saturday,True,Suvarnabhumi Airport,BKK,False,False
Singapore Changi Airport,SIN,2024-08-10 01:45,Hong Kong International Airport,HKG,2024-08-10 05:50,245,Cathay Pacific,Premium Economy,520,115.0,,3525,Y,Y,Y,1,7,2,25,Saturday,False,Suvarnabhumi Airport,BKK,False,False
Singapore Changi Airport,SIN,2024-08-10 06:30,Hong Kong International Airport,HKG,2024-08-10 10:45,255,Cathay Pacific,Premium Economy,550,135.0,,3728,Y,Y,Y,1,7,2,25,Saturday,False,Suvarnabhumi Airport,BKK,False,False
Singapore Changi Airport,SIN,2024-08-11 13:25,Suvarnabhumi Airport,BKK,2024-08-11 15:15,170,Cathay Pacific,Premium Economy,170,,,582,Y,Y,Y,1,7,2,25,Sunday,False,Suvarnabhumi Airport,BKK,False,False
Singapore Changi Airport,SIN,2024-08-11 17:40,Shenzhen Bao'an International Airport,SZX,2024-08-11 22:05,265,Shenzhen,Premium Economy,635,190.0,,601,Y,Y,Y,1,5,1,20,Sunday,False,Suvarnabhumi Airport,BKK,False,False
Singapore Changi Airport,SIN,2024-08-11 13:05,Hong Kong International Airport,HKG,2024-08-11 17:05,240,Singapore Airlines,Premium Economy,510,90.0,,1978,Y,Y,Y,1,7,2,25,Sunday,False,Suvarnabhumi Airport,BKK,False,False
Singapore Changi Airport,SIN,2024-08-11 07:25,Hong Kong International Airport,HKG,2024-08-11 11:20,235,Singapore Airlines,Premium Economy,495,100.0,,2509,Y,Y,Y,1,7,2,25,Sunday,False,Suvarnabhumi Airport,BKK,False,False
Singapore Changi Airport,SIN,2024-08-11 01:45,Hong Kong International Airport,HKG,2024-08-11 05:50,245,Cathay Pacific,Premium Economy,610,190.0,,3466,Y,Y,Y,1,7,2,25,Sunday,False,Suvarnabhumi Airport,BKK,False,False
Singapore Changi Airport,SIN,2024-08-11 20:30,Hong Kong International Airport,HKG,2024-08-12 00:45,255,Cathay Pacific,Premium Economy,925,495.0,True,3466,Y,Y,Y,1,7,2,25,Sunday,True,Suvarnabhumi Airport,BKK,False,True
Singapore Changi Airport,SIN,2024-08-11 01:45,Hong Kong International Airport,HKG,2024-08-11 05:50,245,Cathay Pacific,Premium Economy,520,115.0,,3525,Y,Y,Y,1,7,2,25,Sunday,False,Suvarnabhumi Airport,BKK,False,False
Singapore Changi Airport,SIN,2024-08-11 06:30,Hong Kong International Airport,HKG,2024-08-11 10:45,255,Cathay Pacific,Premium Economy,550,135.0,,3728,Y,Y,Y,1,7,2,25,Sunday,False,Suvarnabhumi Airport,BKK,False,False
Singapore Changi Airport,SIN,2024-08-12 13:25,Suvarnabhumi Airport,BKK,2024-08-12 15:15,170,Cathay Pacific,Premium Economy,170,,,582,Y,Y,Y,1,7,2,25,Monday,False,Suvarnabhumi Airport,BKK,False,True
Singapore Changi Airport,SIN,2024-08-12 17:40,Shenzhen Bao'an International Airport,SZX,2024-08-12 22:05,265,Shenzhen,Premium Economy,635,190.0,,601,Y,Y,Y,1,5,1,20,Monday,False,Suvarnabhumi Airport,BKK,False,True
Singapore Changi Airport,SIN,2024-08-12 13:05,Hong Kong International Airport,HKG,2024-08-12 17:05,240,Singapore Airlines,Premium Economy,510,90.0,,1978,Y,Y,Y,1,7,2,25,Monday,False,Suvarnabhumi Airport,BKK,False,True
Singapore Changi Airport,SIN,2024-08-12 07:25,Hong Kong International Airport,HKG,2024-08-12 11:20,235,Singapore Airlines,Premium Economy,495,100.0,,2509,Y,Y,Y,1,7,2,25,Monday,False,Suvarnabhumi Airport,BKK,False,True
Singapore Changi Airport,SIN,2024-08-12 01:45,Hong Kong International Airport,HKG,2024-08-12 05:50,245,Cathay Pacific,Premium Economy,610,190.0,,3466,Y,Y,Y,1,7,2,25,Monday,False,Suvarnabhumi Airport,BKK,False,True
Singapore Changi Airport,SIN,2024-08-12 20:10,Hong Kong International Airport,HKG,2024-08-13 00:25,255,Cathay Pacific,Premium Economy,945,515.0,True,3466,Y,Y,Y,1,7,2,25,Monday,True,Suvarnabhumi Airport,BKK,False,False
Singapore Changi Airport,SIN,2024-08-12 01:45,Hong Kong International Airport,HKG,2024-08-12 05:50,245,Cathay Pacific,Premium Economy,520,115.0,,3525,Y,Y,Y,1,7,2,25,Monday,False,Suvarnabhumi Airport,BKK,False,True
Singapore Changi Airport,SIN,2024-08-12 06:30,Hong Kong International Airport,HKG,2024-08-12 10:45,255,Cathay Pacific,Premium Economy,550,135.0,,3728,Y,Y,Y,1,7,2,25,Monday,False,Suvarnabhumi Airport,BKK,False,True
Singapore Changi Airport,SIN,2024-08-13 13:25,Suvarnabhumi Airport,BKK,2024-08-13 15:15,170,Cathay Pacific,Premium Economy,170,,,582,Y,Y,Y,1,7,2,25,Tuesday,False,Suvarnabhumi Airport,BKK,False,False
Singapore Changi Airport,SIN,2024-08-13 17:40,Shenzhen Bao'an International Airport,SZX,2024-08-13 22:05,265,Shenzhen,Premium Economy,635,190.0,,601,Y,Y,Y,1,5,1,20,Tuesday,False,Suvarnabhumi Airport,BKK,False,False
Singapore Changi Airport,SIN,2024-08-13 13:05,Hong Kong International Airport,HKG,2024-08-13 17:05,240,Singapore Airlines,Premium Economy,510,90.0,,1978,Y,Y,Y,1,7,2,25,Tuesday,False,Suvarnabhumi Airport,BKK,False,False
Singapore Changi Airport,SIN,2024-08-13 07:25,Hong Kong International Airport,HKG,2024-08-13 11:20,235,Singapore Airlines,Premium Economy,495,100.0,,2509,Y,Y,Y,1,7,2,25,Tuesday,False,Suvarnabhumi Airport,BKK,False,False
Singapore Changi Airport,SIN,2024-08-13 01:45,Hong Kong International Airport,HKG,2024-08-13 05:50,245,Cathay Pacific,Premium Economy,610,190.0,,3466,Y,Y,Y,1,7,2,25,Tuesday,False,Suvarnabhumi Airport,BKK,False,False
Singapore Changi Airport,SIN,2024-08-13 20:10,Hong Kong International Airport,HKG,2024-08-14 00:25,255,Cathay Pacific,Premium Economy,945,515.0,True,3466,Y,Y,Y,1,7,2,25,Tuesday,True,Suvarnabhumi Airport,BKK,False,False
Singapore Changi Airport,SIN,2024-08-13 01:45,Hong Kong International Airport,HKG,2024-08-13 05:50,245,Cathay Pacific,Premium Economy,520,115.0,,3525,Y,Y,Y,1,7,2,25,Tuesday,False,Suvarnabhumi Airport,BKK,False,False
Singapore Changi Airport,SIN,2024-08-13 06:30,Hong Kong International Airport,HKG,2024-08-13 10:45,255,Cathay Pacific,Premium Economy,550,135.0,,3728,Y,Y,Y,1,7,2,25,Tuesday,False,Suvarnabhumi Airport,BKK,False,False
Singapore Changi Airport,SIN,2024-08-14 13:25,Suvarnabhumi Airport,BKK,2024-08-14 15:15,170,Cathay Pacific,Premium Economy,170,,,582,Y,Y,Y,1,7,2,25,Wednesday,False,Suvarnabhumi Airport,BKK,False,False
Singapore Changi Airport,SIN,2024-08-14 17:40,Shenzhen Bao'an International Airport,SZX,2024-08-14 22:05,265,Shenzhen,Premium Economy,635,190.0,,601,Y,Y,Y,1,5,1,20,Wednesday,False,Suvarnabhumi Airport,BKK,False,False
Singapore Changi Airport,SIN,2024-08-14 13:05,Hong Kong International Airport,HKG,2024-08-14 17:05,240,Singapore Airlines,Premium Economy,510,90.0,,1978,Y,Y,Y,1,7,2,25,Wednesday,False,Suvarnabhumi Airport,BKK,False,False
Singapore Changi Airport,SIN,2024-08-14 07:25,Hong Kong International Airport,HKG,2024-08-14 11:20,235,Singapore Airlines,Premium Economy,495,100.0,,2509,Y,Y,Y,1,7,2,25,Wednesday,False,Suvarnabhumi Airport,BKK,False,False
Singapore Changi Airport,SIN,2024-08-14 01:45,Hong Kong International Airport,HKG,2024-08-14 05:50,245,Cathay Pacific,Premium Economy,610,190.0,,3466,Y,Y,Y,1,7,2,25,Wednesday,False,Suvarnabhumi Airport,BKK,False,False
Singapore Changi Airport,SIN,2024-08-14 20:10,Hong Kong International Airport,HKG,2024-08-15 00:25,255,Cathay Pacific,Premium Economy,945,515.0,True,3466,Y,Y,Y,1,7,2,25,Wednesday,True,Suvarnabhumi Airport,BKK,False,False
Singapore Changi Airport,SIN,2024-08-14 01:45,Hong Kong International Airport,HKG,2024-08-14 05:50,245,Cathay Pacific,Premium Economy,520,115.0,,3525,Y,Y,Y,1,7,2,25,Wednesday,False,Suvarnabhumi Airport,BKK,False,False
Singapore Changi Airport,SIN,2024-08-14 06:30,Hong Kong International Airport,HKG,2024-08-14 10:45,255,Cathay Pacific,Premium Economy,550,135.0,,3728,Y,Y,Y,1,7,2,25,Wednesday,False,Suvarnabhumi Airport,BKK,False,False
Singapore Changi Airport,SIN,2024-08-15 13:25,Suvarnabhumi Airport,BKK,2024-08-15 15:15,170,Cathay Pacific,Premium Economy,170,,,582,Y,Y,Y,1,7,2,25,Thursday,False,Suvarnabhumi Airport,BKK,False,False
Singapore Changi Airport,SIN,2024-08-15 17:40,Shenzhen Bao'an International Airport,SZX,2024-08-15 22:05,265,Shenzhen,Premium Economy,635,190.0,,601,Y,Y,Y,1,5,1,20,Thursday,False,Suvarnabhumi Airport,BKK,False,False
Singapore Changi Airport,SIN,2024-08-15 13:05,Hong Kong International Airport,HKG,2024-08-15 17:05,240,Singapore Airlines,Premium Economy,510,90.0,,1978,Y,Y,Y,1,7,2,25,Thursday,False,Suvarnabhumi Airport,BKK,False,False
Singapore Changi Airport,SIN,2024-08-15 07:25,Hong Kong International Airport,HKG,2024-08-15 11:20,235,Singapore Airlines,Premium Economy,495,100.0,,2509,Y,Y,Y,1,7,2,25,Thursday,False,Suvarnabhumi Airport,BKK,False,False
Singapore Changi Airport,SIN,2024-08-15 01:45,Hong Kong International Airport,HKG,2024-08-15 05:50,245,Cathay Pacific,Premium Economy,610,190.0,,3466,Y,Y,Y,1,7,2,25,Thursday,False,Suvarnabhumi Airport,BKK,False,False
Singapore Changi Airport,SIN,2024-08-15 20:10,Hong Kong International Airport,HKG,2024-08-16 00:25,255,Cathay Pacific,Premium Economy,945,515.0,True,3466,Y,Y,Y,1,7,2,25,Thursday,True,Suvarnabhumi Airport,BKK,False,False
Singapore Changi Airport,SIN,2024-08-15 01:45,Hong Kong International Airport,HKG,2024-08-15 05:50,245,Cathay Pacific,Premium Economy,520,115.0,,3525,Y,Y,Y,1,7,2,25,Thursday,False,Suvarnabhumi Airport,BKK,False,False
Singapore Changi Airport,SIN,2024-08-15 06:30,Hong Kong International Airport,HKG,2024-08-15 10:45,255,Cathay Pacific,Premium Economy,550,135.0,,3728,Y,Y,Y,1,7,2,25,Thursday,False,Suvarnabhumi Airport,BKK,False,False
Singapore Changi Airport,SIN,2024-08-16 13:25,Suvarnabhumi Airport,BKK,2024-08-16 15:15,170,Cathay Pacific,Premium Economy,170,,,582,Y,Y,Y,1,7,2,25,Friday,False,Suvarnabhumi Airport,BKK,False,False
Singapore Changi Airport,SIN,2024-08-16 17:40,Shenzhen Bao'an International Airport,SZX,2024-08-16 22:05,265,Shenzhen,Premium Economy,635,190.0,,601,Y,Y,Y,1,5,1,20,Friday,False,Suvarnabhumi Airport,BKK,False,False
Singapore Changi Airport,SIN,2024-08-16 13:05,Hong Kong International Airport,HKG,2024-08-16 17:05,240,Singapore Airlines,Premium Economy,510,90.0,,1978,Y,Y,Y,1,7,2,25,Friday,False,Suvarnabhumi Airport,BKK,False,False
Singapore Changi Airport,SIN,2024-08-16 07:25,Hong Kong International Airport,HKG,2024-08-16 11:20,235,Singapore Airlines,Premium Economy,495,100.0,,2509,Y,Y,Y,1,7,2,25,Friday,False,Suvarnabhumi Airport,BKK,False,False
Singapore Changi Airport,SIN,2024-08-16 01:45,Hong Kong International Airport,HKG,2024-08-16 05:50,245,Cathay Pacific,Premium Economy,610,190.0,,3466,Y,Y,Y,1,7,2,25,Friday,False,Suvarnabhumi Airport,BKK,False,False
Singapore Changi Airport,SIN,2024-08-16 20:10,Hong Kong International Airport,HKG,2024-08-17 00:25,255,Cathay Pacific,Premium Economy,945,515.0,True,3466,Y,Y,Y,1,7,2,25,Friday,True,Suvarnabhumi Airport,BKK,False,False
Singapore Changi Airport,SIN,2024-08-16 01:45,Hong Kong International Airport,HKG,2024-08-16 05:50,245,Cathay Pacific,Premium Economy,520,115.0,,3525,Y,Y,Y,1,7,2,25,Friday,False,Suvarnabhumi Airport,BKK,False,False
Singapore Changi Airport,SIN,2024-08-16 06:30,Hong Kong International Airport,HKG,2024-08-16 10:45,255,Cathay Pacific,Premium Economy,550,135.0,,3728,Y,Y,Y,1,7,2,25,Friday,False,Suvarnabhumi Airport,BKK,False,False
Singapore Changi Airport,SIN,2024-08-17 13:25,Suvarnabhumi Airport,BKK,2024-08-17 15:15,170,Cathay Pacific,Premium Economy,170,,,582,Y,Y,Y,1,7,2,25,Saturday,False,Suvarnabhumi Airport,BKK,False,False
Singapore Changi Airport,SIN,2024-08-17 17:40,Shenzhen Bao'an International Airport,SZX,2024-08-17 22:05,265,Shenzhen,Premium Economy,635,190.0,,601,Y,Y,Y,1,5,1,20,Saturday,False,Suvarnabhumi Airport,BKK,False,False
Singapore Changi Airport,SIN,2024-08-17 13:05,Hong Kong International Airport,HKG,2024-08-17 17:05,240,Singapore Airlines,Premium Economy,510,90.0,,1978,Y,Y,Y,1,7,2,25,Saturday,False,Suvarnabhumi Airport,BKK,False,False
Singapore Changi Airport,SIN,2024-08-17 07:25,Hong Kong International Airport,HKG,2024-08-17 11:20,235,Singapore Airlines,Premium Economy,495,100.0,,2509,Y,Y,Y,1,7,2,25,Saturday,False,Suvarnabhumi Airport,BKK,False,False
Singapore Changi Airport,SIN,2024-08-17 01:45,Hong Kong International Airport,HKG,2024-08-17 05:50,245,Cathay Pacific,Premium Economy,610,190.0,,3466,Y,Y,Y,1,7,2,25,Saturday,False,Suvarnabhumi Airport,BKK,False,False
Singapore Changi Airport,SIN,2024-08-17 01:45,Hong Kong International Airport,HKG,2024-08-17 05:50,245,Cathay Pacific,Premium Economy,520,115.0,,3525,Y,Y,Y,1,7,2,25,Saturday,False,Suvarnabhumi Airport,BKK,False,False
Singapore Changi Airport,SIN,2024-08-17 06:30,Hong Kong International Airport,HKG,2024-08-17 10:45,255,Cathay Pacific,Premium Economy,550,135.0,,3728,Y,Y,Y,1,7,2,25,Saturday,False,Suvarnabhumi Airport,BKK,False,False
Singapore Changi Airport,SIN,2024-08-18 13:25,Suvarnabhumi Airport,BKK,2024-08-18 15:15,170,Cathay Pacific,Premium Economy,170,,,582,Y,Y,Y,1,7,2,25,Sunday,False,Suvarnabhumi Airport,BKK,False,False
Singapore Changi Airport,SIN,2024-08-18 17:40,Shenzhen Bao'an International Airport,SZX,2024-08-18 22:05,265,Shenzhen,Premium Economy,635,190.0,,593,Y,Y,Y,1,5,1,20,Sunday,False,Suvarnabhumi Airport,BKK,False,False
Singapore Changi Airport,SIN,2024-08-18 13:05,Hong Kong International Airport,HKG,2024-08-18 17:05,240,Singapore Airlines,Premium Economy,510,90.0,,1978,Y,Y,Y,1,7,2,25,Sunday,False,Suvarnabhumi Airport,BKK,False,False
Singapore Changi Airport,SIN,2024-08-18 07:25,Hong Kong International Airport,HKG,2024-08-18 11:20,235,Singapore Airlines,Premium Economy,495,100.0,,2509,Y,Y,Y,1,7,2,25,Sunday,False,Suvarnabhumi Airport,BKK,False,False
Singapore Changi Airport,SIN,2024-08-18 01:45,Hong Kong International Airport,HKG,2024-08-18 05:50,245,Cathay Pacific,Premium Economy,610,190.0,,3466,Y,Y,Y,1,7,2,25,Sunday,False,Suvarnabhumi Airport,BKK,False,False
Singapore Changi Airport,SIN,2024-08-18 01:45,Hong Kong International Airport,HKG,2024-08-18 05:50,245,Cathay Pacific,Premium Economy,520,115.0,,3525,Y,Y,Y,1,7,2,25,Sunday,False,Suvarnabhumi Airport,BKK,False,False
Singapore Changi Airport,SIN,2024-08-18 06:30,Hong Kong International Airport,HKG,2024-08-18 10:45,255,Cathay Pacific,Premium Economy,550,135.0,,3728,Y,Y,Y,1,7,2,25,Sunday,False,Suvarnabhumi Airport,BKK,False,False
Singapore Changi Airport,SIN,2024-08-19 13:25,Suvarnabhumi Airport,BKK,2024-08-19 15:15,170,Cathay Pacific,Premium Economy,170,,,582,Y,Y,Y,1,7,2,25,Monday,False,Suvarnabhumi Airport,BKK,False,False
Singapore Changi Airport,SIN,2024-08-19 17:40,Shenzhen Bao'an International Airport,SZX,2024-08-19 22:05,265,Shenzhen,Premium Economy,635,190.0,,593,Y,Y,Y,1,5,1,20,Monday,False,Suvarnabhumi Airport,BKK,False,False
Singapore Changi Airport,SIN,2024-08-19 13:05,Hong Kong International Airport,HKG,2024-08-19 17:05,240,Singapore Airlines,Premium Economy,510,90.0,,1978,Y,Y,Y,1,7,2,25,Monday,False,Suvarnabhumi Airport,BKK,False,False
Singapore Changi Airport,SIN,2024-08-19 07:25,Hong Kong International Airport,HKG,2024-08-19 11:20,235,Singapore Airlines,Premium Economy,495,100.0,,2509,Y,Y,Y,1,7,2,25,Monday,False,Suvarnabhumi Airport,BKK,False,False
Singapore Changi Airport,SIN,2024-08-19 01:45,Hong Kong International Airport,HKG,2024-08-19 05:50,245,Cathay Pacific,Premium Economy,610,190.0,,3466,Y,Y,Y,1,7,2,25,Monday,False,Suvarnabhumi Airport,BKK,False,False
Singapore Changi Airport,SIN,2024-08-19 01:45,Hong Kong International Airport,HKG,2024-08-19 05:50,245,Cathay Pacific,Premium Economy,520,115.0,,3525,Y,Y,Y,1,7,2,25,Monday,False,Suvarnabhumi Airport,BKK,False,False
Singapore Changi Airport,SIN,2024-08-19 06:30,Hong Kong International Airport,HKG,2024-08-19 10:45,255,Cathay Pacific,Premium Economy,550,135.0,,3728,Y,Y,Y,1,7,2,25,Monday,False,Suvarnabhumi Airport,BKK,False,False
Singapore Changi Airport,SIN,2024-08-20 13:25,Suvarnabhumi Airport,BKK,2024-08-20 15:15,170,Cathay Pacific,Premium Economy,170,,,582,Y,Y,Y,1,7,2,25,Tuesday,False,Suvarnabhumi Airport,BKK,False,False
Singapore Changi Airport,SIN,2024-08-20 17:40,Shenzhen Bao'an International Airport,SZX,2024-08-20 22:05,265,Shenzhen,Premium Economy,635,190.0,,593,Y,Y,Y,1,5,1,20,Tuesday,False,Suvarnabhumi Airport,BKK,False,False
Singapore Changi Airport,SIN,2024-08-20 13:05,Hong Kong International Airport,HKG,2024-08-20 17:05,240,Singapore Airlines,Premium Economy,510,90.0,,1978,Y,Y,Y,1,7,2,25,Tuesday,False,Suvarnabhumi Airport,BKK,False,False
Singapore Changi Airport,SIN,2024-08-20 07:25,Hong Kong International Airport,HKG,2024-08-20 11:20,235,Singapore Airlines,Premium Economy,495,100.0,,2509,Y,Y,Y,1,7,2,25,Tuesday,False,Suvarnabhumi Airport,BKK,False,False
Singapore Changi Airport,SIN,2024-08-20 01:45,Hong Kong International Airport,HKG,2024-08-20 05:50,245,Cathay Pacific,Premium Economy,610,190.0,,3466,Y,Y,Y,1,7,2,25,Tuesday,False,Suvarnabhumi Airport,BKK,False,False
Singapore Changi Airport,SIN,2024-08-20 01:45,Hong Kong International Airport,HKG,2024-08-20 05:50,245,Cathay Pacific,Premium Economy,520,115.0,,3525,Y,Y,Y,1,7,2,25,Tuesday,False,Suvarnabhumi Airport,BKK,False,False
Singapore Changi Airport,SIN,2024-08-20 06:30,Hong Kong International Airport,HKG,2024-08-20 10:45,255,Cathay Pacific,Premium Economy,550,135.0,,3728,Y,Y,Y,1,7,2,25,Tuesday,False,Suvarnabhumi Airport,BKK,False,False
Singapore Changi Airport,SIN,2024-08-21 13:25,Suvarnabhumi Airport,BKK,2024-08-21 15:15,170,Cathay Pacific,Premium Economy,170,,,582,Y,Y,Y,1,7,2,25,Wednesday,False,Suvarnabhumi Airport,BKK,False,False
Singapore Changi Airport,SIN,2024-08-21 17:40,Shenzhen Bao'an International Airport,SZX,2024-08-21 22:05,265,Shenzhen,Premium Economy,635,190.0,,593,Y,Y,Y,1,5,1,20,Wednesday,False,Suvarnabhumi Airport,BKK,False,False
Singapore Changi Airport,SIN,2024-08-21 13:05,Hong Kong International Airport,HKG,2024-08-21 17:05,240,Singapore Airlines,Premium Economy,510,90.0,,1978,Y,Y,Y,1,7,2,25,Wednesday,False,Suvarnabhumi Airport,BKK,False,False
Singapore Changi Airport,SIN,2024-08-21 07:25,Hong Kong International Airport,HKG,2024-08-21 11:20,235,Singapore Airlines,Premium Economy,495,100.0,,2509,Y,Y,Y,1,7,2,25,Wednesday,False,Suvarnabhumi Airport,BKK,False,False
Singapore Changi Airport,SIN,2024-08-21 01:45,Hong Kong International Airport,HKG,2024-08-21 05:50,245,Cathay Pacific,Premium Economy,610,190.0,,3466,Y,Y,Y,1,7,2,25,Wednesday,False,Suvarnabhumi Airport,BKK,False,False
Singapore Changi Airport,SIN,2024-08-21 01:45,Hong Kong International Airport,HKG,2024-08-21 05:50,245,Cathay Pacific,Premium Economy,520,115.0,,3525,Y,Y,Y,1,7,2,25,Wednesday,False,Suvarnabhumi Airport,BKK,False,False
Singapore Changi Airport,SIN,2024-08-21 06:30,Hong Kong International Airport,HKG,2024-08-21 10:45,255,Cathay Pacific,Premium Economy,550,135.0,,3728,Y,Y,Y,1,7,2,25,Wednesday,False,Suvarnabhumi Airport,BKK,False,False
Singapore Changi Airport,SIN,2024-08-22 13:25,Suvarnabhumi Airport,BKK,2024-08-22 15:15,170,Cathay Pacific,Premium Economy,170,,,582,Y,Y,Y,1,7,2,25,Thursday,False,Suvarnabhumi Airport,BKK,False,False
Singapore Changi Airport,SIN,2024-08-22 17:40,Shenzhen Bao'an International Airport,SZX,2024-08-22 22:05,265,Shenzhen,Premium Economy,635,190.0,,593,Y,Y,Y,1,5,1,20,Thursday,False,Suvarnabhumi Airport,BKK,False,False
Singapore Changi Airport,SIN,2024-08-22 13:05,Hong Kong International Airport,HKG,2024-08-22 17:05,240,Singapore Airlines,Premium Economy,510,90.0,,1978,Y,Y,Y,1,7,2,25,Thursday,False,Suvarnabhumi Airport,BKK,False,False
Singapore Changi Airport,SIN,2024-08-22 07:25,Hong Kong International Airport,HKG,2024-08-22 11:20,235,Singapore Airlines,Premium Economy,495,100.0,,2509,Y,Y,Y,1,7,2,25,Thursday,False,Suvarnabhumi Airport,BKK,False,False
Singapore Changi Airport,SIN,2024-08-22 01:45,Hong Kong International Airport,HKG,2024-08-22 05:50,245,Cathay Pacific,Premium Economy,610,190.0,,3466,Y,Y,Y,1,7,2,25,Thursday,False,Suvarnabhumi Airport,BKK,False,False
Singapore Changi Airport,SIN,2024-08-22 01:45,Hong Kong International Airport,HKG,2024-08-22 05:50,245,Cathay Pacific,Premium Economy,520,115.0,,3525,Y,Y,Y,1,7,2,25,Thursday,False,Suvarnabhumi Airport,BKK,False,False
Singapore Changi Airport,SIN,2024-08-22 06:30,Hong Kong International Airport,HKG,2024-08-22 10:45,255,Cathay Pacific,Premium Economy,550,135.0,,3728,Y,Y,Y,1,7,2,25,Thursday,False,Suvarnabhumi Airport,BKK,False,False
Singapore Changi Airport,SIN,2024-08-23 13:25,Suvarnabhumi Airport,BKK,2024-08-23 15:15,170,Cathay Pacific,Premium Economy,170,,,582,Y,Y,Y,1,7,2,25,Friday,False,Suvarnabhumi Airport,BKK,False,False
Singapore Changi Airport,SIN,2024-08-23 17:40,Shenzhen Bao'an International Airport,SZX,2024-08-23 22:05,265,Shenzhen,Premium Economy,635,190.0,,593,Y,Y,Y,1,5,1,20,Friday,False,Suvarnabhumi Airport,BKK,False,False
Singapore Changi Airport,SIN,2024-08-23 13:05,Hong Kong International Airport,HKG,2024-08-23 17:05,240,Singapore Airlines,Premium Economy,510,90.0,,1978,Y,Y,Y,1,7,2,25,Friday,False,Suvarnabhumi Airport,BKK,False,False
Singapore Changi Airport,SIN,2024-08-23 07:25,Hong Kong International Airport,HKG,2024-08-23 11:20,235,Singapore Airlines,Premium Economy,495,100.0,,2509,Y,Y,Y,1,7,2,25,Friday,False,Suvarnabhumi Airport,BKK,False,False
Singapore Changi Airport,SIN,2024-08-23 01:45,Hong Kong International Airport,HKG,2024-08-23 05:50,245,Cathay Pacific,Premium Economy,610,190.0,,3466,Y,Y,Y,1,7,2,25,Friday,False,Suvarnabhumi Airport,BKK,False,False
Singapore Changi Airport,SIN,2024-08-23 01:45,Hong Kong International Airport,HKG,2024-08-23 05:50,245,Cathay Pacific,Premium Economy,520,115.0,,3525,Y,Y,Y,1,7,2,25,Friday,False,Suvarnabhumi Airport,BKK,False,False
Singapore Changi Airport,SIN,2024-08-23 06:30,Hong Kong International Airport,HKG,2024-08-23 10:45,255,Cathay Pacific,Premium Economy,550,135.0,,3728,Y,Y,Y,1,7,2,25,Friday,False,Suvarnabhumi Airport,BKK,False,False
Singapore Changi Airport,SIN,2024-08-24 13:25,Suvarnabhumi Airport,BKK,2024-08-24 15:15,170,Cathay Pacific,Premium Economy,170,,,582,Y,Y,Y,1,7,2,25,Saturday,False,Suvarnabhumi Airport,BKK,False,False
Singapore Changi Airport,SIN,2024-08-24 17:40,Shenzhen Bao'an International Airport,SZX,2024-08-24 22:05,265,Shenzhen,Premium Economy,635,190.0,,593,Y,Y,Y,1,5,1,20,Saturday,False,Suvarnabhumi Airport,BKK,False,False
Singapore Changi Airport,SIN,2024-08-24 13:05,Hong Kong International Airport,HKG,2024-08-24 17:05,240,Singapore Airlines,Premium Economy,510,90.0,,1978,Y,Y,Y,1,7,2,25,Saturday,False,Suvarnabhumi Airport,BKK,False,False
Singapore Changi Airport,SIN,2024-08-24 07:25,Hong Kong International Airport,HKG,2024-08-24 11:20,235,Singapore Airlines,Premium Economy,495,100.0,,2509,Y,Y,Y,1,7,2,25,Saturday,False,Suvarnabhumi Airport,BKK,False,False
Singapore Changi Airport,SIN,2024-08-24 01:45,Hong Kong International Airport,HKG,2024-08-24 05:50,245,Cathay Pacific,Premium Economy,610,190.0,,3466,Y,Y,Y,1,7,2,25,Saturday,False,Suvarnabhumi Airport,BKK,False,False
Singapore Changi Airport,SIN,2024-08-24 01:45,Hong Kong International Airport,HKG,2024-08-24 05:50,245,Cathay Pacific,Premium Economy,520,115.0,,3525,Y,Y,Y,1,7,2,25,Saturday,False,Suvarnabhumi Airport,BKK,False,False
Singapore Changi Airport,SIN,2024-08-24 06:30,Hong Kong International Airport,HKG,2024-08-24 10:45,255,Cathay Pacific,Premium Economy,550,135.0,,3728,Y,Y,Y,1,7,2,25,Saturday,False,Suvarnabhumi Airport,BKK,False,False
Singapore Changi Airport,SIN,2024-08-25 13:25,Suvarnabhumi Airport,BKK,2024-08-25 15:15,170,Cathay Pacific,Premium Economy,170,,,582,Y,Y,Y,1,7,2,25,Sunday,False,Suvarnabhumi Airport,BKK,False,False
Singapore Changi Airport,SIN,2024-08-25 17:40,Shenzhen Bao'an International Airport,SZX,2024-08-25 22:05,265,Shenzhen,Premium Economy,635,190.0,,593,Y,Y,Y,1,5,1,20,Sunday,False,Suvarnabhumi Airport,BKK,False,False
Singapore Changi Airport,SIN,2024-08-25 13:05,Hong Kong International Airport,HKG,2024-08-25 17:05,240,Singapore Airlines,Premium Economy,510,90.0,,1978,Y,Y,Y,1,7,2,25,Sunday,False,Suvarnabhumi Airport,BKK,False,False
Singapore Changi Airport,SIN,2024-08-25 07:25,Hong Kong International Airport,HKG,2024-08-25 11:20,235,Singapore Airlines,Premium Economy,495,100.0,,2509,Y,Y,Y,1,7,2,25,Sunday,False,Suvarnabhumi Airport,BKK,False,False
Singapore Changi Airport,SIN,2024-08-25 01:45,Hong Kong International Airport,HKG,2024-08-25 05:50,245,Cathay Pacific,Premium Economy,610,190.0,,3466,Y,Y,Y,1,7,2,25,Sunday,False,Suvarnabhumi Airport,BKK,False,False
Singapore Changi Airport,SIN,2024-08-25 01:45,Hong Kong International Airport,HKG,2024-08-25 05:50,245,Cathay Pacific,Premium Economy,520,115.0,,3525,Y,Y,Y,1,7,2,25,Sunday,False,Suvarnabhumi Airport,BKK,False,False
Singapore Changi Airport,SIN,2024-08-25 06:30,Hong Kong International Airport,HKG,2024-08-25 10:45,255,Cathay Pacific,Premium Economy,550,135.0,,3728,Y,Y,Y,1,7,2,25,Sunday,False,Suvarnabhumi Airport,BKK,False,False
Singapore Changi Airport,SIN,2024-08-26 13:25,Suvarnabhumi Airport,BKK,2024-08-26 15:15,170,Cathay Pacific,Premium Economy,170,,,582,Y,Y,Y,1,7,2,25,Monday,False,Suvarnabhumi Airport,BKK,False,False
Singapore Changi Airport,SIN,2024-08-26 17:40,Shenzhen Bao'an International Airport,SZX,2024-08-26 22:05,265,Shenzhen,Premium Economy,635,190.0,,488,Y,Y,Y,1,5,1,20,Monday,False,Suvarnabhumi Airport,BKK,False,False
Singapore Changi Airport,SIN,2024-08-26 13:05,Hong Kong International Airport,HKG,2024-08-26 17:05,240,Singapore Airlines,Premium Economy,510,90.0,,1978,Y,Y,Y,1,7,2,25,Monday,False,Suvarnabhumi Airport,BKK,False,False
Singapore Changi Airport,SIN,2024-08-26 07:25,Hong Kong International Airport,HKG,2024-08-26 11:20,235,Singapore Airlines,Premium Economy,495,100.0,,2509,Y,Y,Y,1,7,2,25,Monday,False,Suvarnabhumi Airport,BKK,False,False
Singapore Changi Airport,SIN,2024-08-26 01:45,Hong Kong International Airport,HKG,2024-08-26 05:50,245,Cathay Pacific,Premium Economy,610,190.0,,3466,Y,Y,Y,1,7,2,25,Monday,False,Suvarnabhumi Airport,BKK,False,False
Singapore Changi Airport,SIN,2024-08-26 01:45,Hong Kong International Airport,HKG,2024-08-26 05:50,245,Cathay Pacific,Premium Economy,520,115.0,,3525,Y,Y,Y,1,7,2,25,Monday,False,Suvarnabhumi Airport,BKK,False,False
Singapore Changi Airport,SIN,2024-08-26 06:30,Hong Kong International Airport,HKG,2024-08-26 10:45,255,Cathay Pacific,Premium Economy,550,135.0,,3728,Y,Y,Y,1,7,2,25,Monday,False,Suvarnabhumi Airport,BKK,False,False
Singapore Changi Airport,SIN,2024-08-27 13:25,Suvarnabhumi Airport,BKK,2024-08-27 15:15,170,Cathay Pacific,Premium Economy,170,,,582,Y,Y,Y,1,7,2,25,Tuesday,False,Suvarnabhumi Airport,BKK,False,False
Singapore Changi Airport,SIN,2024-08-27 17:40,Shenzhen Bao'an International Airport,SZX,2024-08-27 22:05,265,Shenzhen,Premium Economy,635,190.0,,488,Y,Y,Y,1,5,1,20,Tuesday,False,Suvarnabhumi Airport,BKK,False,False
Singapore Changi Airport,SIN,2024-08-27 13:05,Hong Kong International Airport,HKG,2024-08-27 17:05,240,Singapore Airlines,Premium Economy,510,90.0,,1978,Y,Y,Y,1,7,2,25,Tuesday,False,Suvarnabhumi Airport,BKK,False,False
Singapore Changi Airport,SIN,2024-08-27 07:25,Hong Kong International Airport,HKG,2024-08-27 11:20,235,Singapore Airlines,Premium Economy,495,100.0,,2509,Y,Y,Y,1,7,2,25,Tuesday,False,Suvarnabhumi Airport,BKK,False,False
Singapore Changi Airport,SIN,2024-08-27 01:45,Hong Kong International Airport,HKG,2024-08-27 05:50,245,Cathay Pacific,Premium Economy,610,190.0,,3466,Y,Y,Y,1,7,2,25,Tuesday,False,Suvarnabhumi Airport,BKK,False,False
Singapore Changi Airport,SIN,2024-08-27 01:45,Hong Kong International Airport,HKG,2024-08-27 05:50,245,Cathay Pacific,Premium Economy,520,115.0,,3525,Y,Y,Y,1,7,2,25,Tuesday,False,Suvarnabhumi Airport,BKK,False,False
Singapore Changi Airport,SIN,2024-08-27 06:30,Hong Kong International Airport,HKG,2024-08-27 10:45,255,Cathay Pacific,Premium Economy,550,135.0,,3728,Y,Y,Y,1,7,2,25,Tuesday,False,Suvarnabhumi Airport,BKK,False,False
Singapore Changi Airport,SIN,2024-08-28 13:25,Suvarnabhumi Airport,BKK,2024-08-28 15:15,170,Cathay Pacific,Premium Economy,170,,,582,Y,Y,Y,1,7,2,25,Wednesday,False,Suvarnabhumi Airport,BKK,False,False
Singapore Changi Airport,SIN,2024-08-28 17:40,Shenzhen Bao'an International Airport,SZX,2024-08-28 22:05,265,Shenzhen,Premium Economy,635,190.0,,488,Y,Y,Y,1,5,1,20,Wednesday,False,Suvarnabhumi Airport,BKK,False,False
Singapore Changi Airport,SIN,2024-08-28 13:05,Hong Kong International Airport,HKG,2024-08-28 17:05,240,Singapore Airlines,Premium Economy,510,90.0,,1978,Y,Y,Y,1,7,2,25,Wednesday,False,Suvarnabhumi Airport,BKK,False,False
Singapore Changi Airport,SIN,2024-08-28 07:25,Hong Kong International Airport,HKG,2024-08-28 11:20,235,Singapore Airlines,Premium Economy,495,100.0,,2509,Y,Y,Y,1,7,2,25,Wednesday,False,Suvarnabhumi Airport,BKK,False,False
Singapore Changi Airport,SIN,2024-08-28 01:45,Hong Kong International Airport,HKG,2024-08-28 05:50,245,Cathay Pacific,Premium Economy,610,190.0,,3466,Y,Y,Y,1,7,2,25,Wednesday,False,Suvarnabhumi Airport,BKK,False,False
Singapore Changi Airport,SIN,2024-08-28 01:45,Hong Kong International Airport,HKG,2024-08-28 05:50,245,Cathay Pacific,Premium Economy,520,115.0,,3525,Y,Y,Y,1,7,2,25,Wednesday,False,Suvarnabhumi Airport,BKK,False,False
Singapore Changi Airport,SIN,2024-08-28 06:30,Hong Kong International Airport,HKG,2024-08-28 10:45,255,Cathay Pacific,Premium Economy,550,135.0,,3728,Y,Y,Y,1,7,2,25,Wednesday,False,Suvarnabhumi Airport,BKK,False,False
Singapore Changi Airport,SIN,2024-08-29 13:25,Suvarnabhumi Airport,BKK,2024-08-29 15:15,170,Cathay Pacific,Premium Economy,170,,,582,Y,Y,Y,1,7,2,25,Thursday,False,Suvarnabhumi Airport,BKK,False,False
Singapore Changi Airport,SIN,2024-08-29 17:40,Shenzhen Bao'an International Airport,SZX,2024-08-29 22:05,265,Shenzhen,Premium Economy,635,190.0,,488,Y,Y,Y,1,5,1,20,Thursday,False,Suvarnabhumi Airport,BKK,False,False
Singapore Changi Airport,SIN,2024-08-29 13:05,Hong Kong International Airport,HKG,2024-08-29 17:05,240,Singapore Airlines,Premium Economy,510,90.0,,1978,Y,Y,Y,1,7,2,25,Thursday,False,Suvarnabhumi Airport,BKK,False,False
Singapore Changi Airport,SIN,2024-08-29 07:25,Hong Kong International Airport,HKG,2024-08-29 11:20,235,Singapore Airlines,Premium Economy,495,100.0,,2509,Y,Y,Y,1,7,2,25,Thursday,False,Suvarnabhumi Airport,BKK,False,False
Singapore Changi Airport,SIN,2024-08-29 01:45,Hong Kong International Airport,HKG,2024-08-29 05:50,245,Cathay Pacific,Premium Economy,610,190.0,,3466,Y,Y,Y,1,7,2,25,Thursday,False,Suvarnabhumi Airport,BKK,False,False
Singapore Changi Airport,SIN,2024-08-29 01:45,Hong Kong International Airport,HKG,2024-08-29 05:50,245,Cathay Pacific,Premium Economy,520,115.0,,3525,Y,Y,Y,1,7,2,25,Thursday,False,Suvarnabhumi Airport,BKK,False,False
Singapore Changi Airport,SIN,2024-08-29 06:30,Hong Kong International Airport,HKG,2024-08-29 10:45,255,Cathay Pacific,Premium Economy,550,135.0,,3728,Y,Y,Y,1,7,2,25,Thursday,False,Suvarnabhumi Airport,BKK,False,False
Singapore Changi Airport,SIN,2024-08-30 13:25,Suvarnabhumi Airport,BKK,2024-08-30 15:15,170,Cathay Pacific,Premium Economy,170,,,582,Y,Y,Y,1,7,2,25,Friday,False,Suvarnabhumi Airport,BKK,False,False
Singapore Changi Airport,SIN,2024-08-30 17:40,Shenzhen Bao'an International Airport,SZX,2024-08-30 22:05,265,Shenzhen,Premium Economy,635,190.0,,488,Y,Y,Y,1,5,1,20,Friday,False,Suvarnabhumi Airport,BKK,False,False
Singapore Changi Airport,SIN,2024-08-30 13:05,Hong Kong International Airport,HKG,2024-08-30 17:05,240,Singapore Airlines,Premium Economy,510,90.0,,1978,Y,Y,Y,1,7,2,25,Friday,False,Suvarnabhumi Airport,BKK,False,False
Singapore Changi Airport,SIN,2024-08-30 07:25,Hong Kong International Airport,HKG,2024-08-30 11:20,235,Singapore Airlines,Premium Economy,495,100.0,,2509,Y,Y,Y,1,7,2,25,Friday,False,Suvarnabhumi Airport,BKK,False,False
Singapore Changi Airport,SIN,2024-08-30 01:45,Hong Kong International Airport,HKG,2024-08-30 05:50,245,Cathay Pacific,Premium Economy,610,190.0,,3466,Y,Y,Y,1,7,2,25,Friday,False,Suvarnabhumi Airport,BKK,False,False
Singapore Changi Airport,SIN,2024-08-30 01:45,Hong Kong International Airport,HKG,2024-08-30 05:50,245,Cathay Pacific,Premium Economy,520,115.0,,3525,Y,Y,Y,1,7,2,25,Friday,False,Suvarnabhumi Airport,BKK,False,False
Singapore Changi Airport,SIN,2024-08-30 06:30,Hong Kong International Airport,HKG,2024-08-30 10:45,255,Cathay Pacific,Premium Economy,550,135.0,,3728,Y,Y,Y,1,7,2,25,Friday,False,Suvarnabhumi Airport,BKK,False,False
Singapore Changi Airport,SIN,2024-08-31 13:25,Suvarnabhumi Airport,BKK,2024-08-31 15:15,170,Cathay Pacific,Premium Economy,170,,,582,Y,Y,Y,1,7,2,25,Saturday,False,Suvarnabhumi Airport,BKK,False,False
Singapore Changi Airport,SIN,2024-08-31 13:05,Hong Kong International Airport,HKG,2024-08-31 17:05,240,Singapore Airlines,Premium Economy,510,90.0,,1978,Y,Y,Y,1,7,2,25,Saturday,False,Suvarnabhumi Airport,BKK,False,False
Singapore Changi Airport,SIN,2024-08-31 07:25,Hong Kong International Airport,HKG,2024-08-31 11:20,235,Singapore Airlines,Premium Economy,495,100.0,,2509,Y,Y,Y,1,7,2,25,Saturday,False,Suvarnabhumi Airport,BKK,False,False
Singapore Changi Airport,SIN,2024-08-31 01:45,Hong Kong International Airport,HKG,2024-08-31 05:50,245,Cathay Pacific,Premium Economy,610,190.0,,3466,Y,Y,Y,1,7,2,25,Saturday,False,Suvarnabhumi Airport,BKK,False,False
Singapore Changi Airport,SIN,2024-08-31 01:45,Hong Kong International Airport,HKG,2024-08-31 05:50,245,Cathay Pacific,Premium Economy,520,115.0,,3525,Y,Y,Y,1,7,2,25,Saturday,False,Suvarnabhumi Airport,BKK,False,False
Singapore Changi Airport,SIN,2024-08-31 06:30,Hong Kong International Airport,HKG,2024-08-31 10:45,255,Cathay Pacific,Premium Economy,550,135.0,,3728,Y,Y,Y,1,7,2,25,Saturday,False,Suvarnabhumi Airport,BKK,False,False
