Departure Airport Name,Departure Airport ID,Departure Time,Arrival Airport Name,Arrival Airport ID,Arrival Time,Duration,Airline,Travel Class,Total Duration,Layover 1 Duration,Layover 1 Overnight,Price, Cabin Baggage, Checked Baggage,Meal Included,Cabin Baggage (Number),Cabin Baggage (kg per piece),Checked Baggage (Number),Checked Baggage (kg per piece) ,Day of Week (on flight date),Departure Country Is Holiday,Arrival Country Is Holiday,Overnight Flight,Final Arrival Airport Name,Final Arrival Airport ID
Singapore Changi Airport,SIN,2024-07-01 12:00,Shenzhen Bao'an International Airport,SZX,2024-07-01 16:15,255,Shenzhen,Premium Economy,860,445,,488,Y,Y,Y,1,5,1,20,Monday,False,False,False,Tan Son Nhat International Airport,SGN
Singapore Changi Airport,SIN,2024-07-01 10:10,Shanghai Pudong International Airport,PVG,2024-07-01 15:35,325,China Eastern,Premium Economy,985,400,,889,Y,Y,Y,1,8,1,23,Monday,False,False,False,Tan Son Nhat International Airport,SGN
Singapore Changi Airport,SIN,2024-07-01 09:40,Hong Kong International Airport,HKG,2024-07-01 13:55,255,Singapore Airlines,Premium Economy,520,100,,2087,Y,Y,Y,1,7,2,25,Monday,False,False,False,Tan Son Nhat International Airport,SGN
Singapore Changi Airport,SIN,2024-07-01 14:00,Taiwan Taoyuan International Airport,TPE,2024-07-01 18:50,290,STARLUX,Premium Economy,1275,780,True,1548,Y,Y,Y,1,7,2,23,Monday,False,False,False,Tan Son Nhat International Airport,SGN
Singapore Changi Airport,SIN,2024-07-01 23:10,Shanghai Pudong International Airport,PVG,2024-07-02 04:10,300,China Eastern,Premium Economy,830,275,True,1817,Y,Y,Y,1,8,1,23,Monday,False,False,True,Tan Son Nhat International Airport,SGN
Singapore Changi Airport,SIN,2024-07-02 12:00,Shenzhen Bao'an International Airport,SZX,2024-07-02 16:15,255,Shenzhen,Premium Economy,860,445,,488,Y,Y,Y,1,5,1,20,Tuesday,False,False,False,Tan Son Nhat International Airport,SGN
Singapore Changi Airport,SIN,2024-07-02 10:10,Shanghai Pudong International Airport,PVG,2024-07-02 15:35,325,China Eastern,Premium Economy,985,380,,889,Y,Y,Y,1,8,1,23,Tuesday,False,False,False,Tan Son Nhat International Airport,SGN
Singapore Changi Airport,SIN,2024-07-02 09:40,Hong Kong International Airport,HKG,2024-07-02 13:55,255,Singapore Airlines,Premium Economy,520,100,,2087,Y,Y,Y,1,7,2,25,Tuesday,False,False,False,Tan Son Nhat International Airport,SGN
Singapore Changi Airport,SIN,2024-07-02 14:00,Taiwan Taoyuan International Airport,TPE,2024-07-02 18:50,290,STARLUX,Premium Economy,1275,780,True,1789,Y,Y,Y,1,7,2,23,Tuesday,False,False,False,Tan Son Nhat International Airport,SGN
Singapore Changi Airport,SIN,2024-07-02 23:10,Shanghai Pudong International Airport,PVG,2024-07-03 04:10,300,China Eastern,Premium Economy,830,275,True,1817,Y,Y,Y,1,8,1,23,Tuesday,False,False,True,Tan Son Nhat International Airport,SGN
Singapore Changi Airport,SIN,2024-07-03 12:00,Shenzhen Bao'an International Airport,SZX,2024-07-03 16:15,255,Shenzhen,Premium Economy,860,445,,488,Y,Y,Y,1,5,1,20,Wednesday,False,False,False,Tan Son Nhat International Airport,SGN
Singapore Changi Airport,SIN,2024-07-03 10:10,Shanghai Pudong International Airport,PVG,2024-07-03 15:35,325,China Eastern,Premium Economy,985,380,,809,Y,Y,Y,1,8,1,23,Wednesday,False,False,False,Tan Son Nhat International Airport,SGN
Singapore Changi Airport,SIN,2024-07-03 09:40,Hong Kong International Airport,HKG,2024-07-03 13:55,255,Singapore Airlines,Premium Economy,520,100,,2087,Y,Y,Y,1,7,2,25,Wednesday,False,False,False,Tan Son Nhat International Airport,SGN
Singapore Changi Airport,SIN,2024-07-03 14:00,Taiwan Taoyuan International Airport,TPE,2024-07-03 18:50,290,STARLUX,Premium Economy,1275,780,True,1789,Y,Y,Y,1,7,2,23,Wednesday,False,False,False,Tan Son Nhat International Airport,SGN
Singapore Changi Airport,SIN,2024-07-03 23:10,Shanghai Pudong International Airport,PVG,2024-07-04 04:10,300,China Eastern,Premium Economy,830,275,True,1817,Y,Y,Y,1,8,1,23,Wednesday,False,False,True,Tan Son Nhat International Airport,SGN
Singapore Changi Airport,SIN,2024-07-04 12:00,Shenzhen Bao'an International Airport,SZX,2024-07-04 16:15,255,Shenzhen,Premium Economy,860,445,,488,Y,Y,Y,1,5,1,20,Thursday,False,False,False,Tan Son Nhat International Airport,SGN
Singapore Changi Airport,SIN,2024-07-04 10:10,Shanghai Pudong International Airport,PVG,2024-07-04 15:35,325,China Eastern,Premium Economy,985,400,,809,Y,Y,Y,1,8,1,23,Thursday,False,False,False,Tan Son Nhat International Airport,SGN
Singapore Changi Airport,SIN,2024-07-04 09:40,Hong Kong International Airport,HKG,2024-07-04 13:55,255,Singapore Airlines,Premium Economy,520,100,,2087,Y,Y,Y,1,7,2,25,Thursday,False,False,False,Tan Son Nhat International Airport,SGN
Singapore Changi Airport,SIN,2024-07-04 17:40,Shenzhen Bao'an International Airport,SZX,2024-07-04 22:05,265,Shenzhen,Premium Economy,1250,815,True,1380,Y,Y,Y,1,5,1,20,Thursday,False,False,False,Tan Son Nhat International Airport,SGN
Singapore Changi Airport,SIN,2024-07-04 14:00,Taiwan Taoyuan International Airport,TPE,2024-07-04 18:50,290,STARLUX,Premium Economy,1275,780,True,1789,Y,Y,Y,1,7,2,23,Thursday,False,False,False,Tan Son Nhat International Airport,SGN
Singapore Changi Airport,SIN,2024-07-05 12:00,Shenzhen Bao'an International Airport,SZX,2024-07-05 16:15,255,Shenzhen,Premium Economy,860,445,,645,Y,Y,Y,1,5,1,20,Friday,False,False,False,Tan Son Nhat International Airport,SGN
Singapore Changi Airport,SIN,2024-07-05 10:10,Shanghai Pudong International Airport,PVG,2024-07-05 15:35,325,China Eastern,Premium Economy,985,400,,1044,Y,Y,Y,1,8,1,23,Friday,False,False,False,Tan Son Nhat International Airport,SGN
Singapore Changi Airport,SIN,2024-07-05 09:40,Hong Kong International Airport,HKG,2024-07-05 13:55,255,Singapore Airlines,Premium Economy,520,100,,2087,Y,Y,Y,1,7,2,25,Friday,False,False,False,Tan Son Nhat International Airport,SGN
Singapore Changi Airport,SIN,2024-07-05 17:40,Shenzhen Bao'an International Airport,SZX,2024-07-05 22:05,265,Shenzhen,Premium Economy,1250,815,True,1455,Y,Y,Y,1,5,1,20,Friday,False,False,False,Tan Son Nhat International Airport,SGN
Singapore Changi Airport,SIN,2024-07-05 14:00,Taiwan Taoyuan International Airport,TPE,2024-07-05 18:50,290,STARLUX,Premium Economy,1275,780,True,1789,Y,Y,Y,1,7,2,23,Friday,False,False,False,Tan Son Nhat International Airport,SGN
Singapore Changi Airport,SIN,2024-07-05 23:10,Shanghai Pudong International Airport,PVG,2024-07-06 04:10,300,China Eastern,Premium Economy,830,275,True,1957,Y,Y,Y,1,8,1,23,Friday,False,False,True,Tan Son Nhat International Airport,SGN
Singapore Changi Airport,SIN,2024-07-05 14:00,Taiwan Taoyuan International Airport,TPE,2024-07-05 18:50,290,STARLUX,Premium Economy,1255,760,True,2093,Y,Y,Y,1,7,2,23,Friday,False,False,False,Tan Son Nhat International Airport,SGN
Singapore Changi Airport,SIN,2024-07-05 13:05,Hong Kong International Airport,HKG,2024-07-05 17:05,240,Singapore Airlines,Premium Economy,1340,935,True,2103,Y,Y,Y,1,7,2,25,Friday,False,False,False,Tan Son Nhat International Airport,SGN
Singapore Changi Airport,SIN,2024-07-06 12:00,Shenzhen Bao'an International Airport,SZX,2024-07-06 16:15,255,Shenzhen,Premium Economy,860,445,,564,Y,Y,Y,1,5,1,20,Saturday,False,False,False,Tan Son Nhat International Airport,SGN
Singapore Changi Airport,SIN,2024-07-06 10:10,Shanghai Pudong International Airport,PVG,2024-07-06 15:35,325,China Eastern,Premium Economy,985,380,,967,Y,Y,Y,1,8,1,23,Saturday,False,False,False,Tan Son Nhat International Airport,SGN
Singapore Changi Airport,SIN,2024-07-06 09:40,Hong Kong International Airport,HKG,2024-07-06 13:55,255,Singapore Airlines,Premium Economy,520,100,,2087,Y,Y,Y,1,7,2,25,Saturday,False,False,False,Tan Son Nhat International Airport,SGN
Singapore Changi Airport,SIN,2024-07-06 17:40,Shenzhen Bao'an International Airport,SZX,2024-07-06 22:05,265,Shenzhen,Premium Economy,1250,815,True,1380,Y,Y,Y,1,5,1,20,Saturday,False,False,False,Tan Son Nhat International Airport,SGN
Singapore Changi Airport,SIN,2024-07-06 14:00,Taiwan Taoyuan International Airport,TPE,2024-07-06 18:50,290,STARLUX,Premium Economy,1275,780,True,1789,Y,Y,Y,1,7,2,23,Saturday,False,False,False,Tan Son Nhat International Airport,SGN
Singapore Changi Airport,SIN,2024-07-06 23:10,Shanghai Pudong International Airport,PVG,2024-07-07 04:10,300,China Eastern,Premium Economy,830,275,True,2053,Y,Y,Y,1,8,1,23,Saturday,False,False,True,Tan Son Nhat International Airport,SGN
Singapore Changi Airport,SIN,2024-07-06 13:05,Hong Kong International Airport,HKG,2024-07-06 17:05,240,Singapore Airlines,Premium Economy,1340,935,True,2103,Y,Y,Y,1,7,2,25,Saturday,False,False,False,Tan Son Nhat International Airport,SGN
Singapore Changi Airport,SIN,2024-07-07 12:00,Shenzhen Bao'an International Airport,SZX,2024-07-07 16:15,255,Shenzhen,Premium Economy,860,445,,564,Y,Y,Y,1,5,1,20,Sunday,False,False,False,Tan Son Nhat International Airport,SGN
Singapore Changi Airport,SIN,2024-07-07 10:10,Shanghai Pudong International Airport,PVG,2024-07-07 15:35,325,China Eastern,Premium Economy,985,400,,967,Y,Y,Y,1,8,1,23,Sunday,False,False,False,Tan Son Nhat International Airport,SGN
Singapore Changi Airport,SIN,2024-07-07 09:40,Hong Kong International Airport,HKG,2024-07-07 13:55,255,Singapore Airlines,Premium Economy,520,100,,2087,Y,Y,Y,1,7,2,25,Sunday,False,False,False,Tan Son Nhat International Airport,SGN
Singapore Changi Airport,SIN,2024-07-07 17:40,Shenzhen Bao'an International Airport,SZX,2024-07-07 22:05,265,Shenzhen,Premium Economy,1250,815,True,1380,Y,Y,Y,1,5,1,20,Sunday,False,False,False,Tan Son Nhat International Airport,SGN
Singapore Changi Airport,SIN,2024-07-07 14:00,Taiwan Taoyuan International Airport,TPE,2024-07-07 18:50,290,STARLUX,Premium Economy,1275,780,True,1789,Y,Y,Y,1,7,2,23,Sunday,False,False,False,Tan Son Nhat International Airport,SGN
Singapore Changi Airport,SIN,2024-07-07 23:10,Shanghai Pudong International Airport,PVG,2024-07-08 04:10,300,China Eastern,Premium Economy,830,275,True,2053,Y,Y,Y,1,8,1,23,Sunday,False,False,True,Tan Son Nhat International Airport,SGN
Singapore Changi Airport,SIN,2024-07-08 12:00,Shenzhen Bao'an International Airport,SZX,2024-07-08 16:15,255,Shenzhen,Premium Economy,860,445,,488,Y,Y,Y,1,5,1,20,Monday,False,False,False,Tan Son Nhat International Airport,SGN
Singapore Changi Airport,SIN,2024-07-08 10:10,Shanghai Pudong International Airport,PVG,2024-07-08 15:35,325,China Eastern,Premium Economy,985,400,,889,Y,Y,Y,1,8,1,23,Monday,False,False,False,Tan Son Nhat International Airport,SGN
Singapore Changi Airport,SIN,2024-07-08 09:40,Hong Kong International Airport,HKG,2024-07-08 13:55,255,Singapore Airlines,Premium Economy,520,100,,2087,Y,Y,Y,1,7,2,25,Monday,False,False,False,Tan Son Nhat International Airport,SGN
Singapore Changi Airport,SIN,2024-07-08 17:40,Shenzhen Bao'an International Airport,SZX,2024-07-08 22:05,265,Shenzhen,Premium Economy,1250,815,True,1380,Y,Y,Y,1,5,1,20,Monday,False,False,False,Tan Son Nhat International Airport,SGN
Singapore Changi Airport,SIN,2024-07-08 14:00,Taiwan Taoyuan International Airport,TPE,2024-07-08 18:50,290,STARLUX,Premium Economy,1275,780,True,1789,Y,Y,Y,1,7,2,23,Monday,False,False,False,Tan Son Nhat International Airport,SGN
Singapore Changi Airport,SIN,2024-07-08 23:10,Shanghai Pudong International Airport,PVG,2024-07-09 04:10,300,China Eastern,Premium Economy,830,275,True,2053,Y,Y,Y,1,8,1,23,Monday,False,False,True,Tan Son Nhat International Airport,SGN
Singapore Changi Airport,SIN,2024-07-09 12:00,Shenzhen Bao'an International Airport,SZX,2024-07-09 16:15,255,Shenzhen,Premium Economy,860,445,,488,Y,Y,Y,1,5,1,20,Tuesday,False,False,False,Tan Son Nhat International Airport,SGN
Singapore Changi Airport,SIN,2024-07-09 10:10,Shanghai Pudong International Airport,PVG,2024-07-09 15:35,325,China Eastern,Premium Economy,985,380,,919,Y,Y,Y,1,8,1,23,Tuesday,False,False,False,Tan Son Nhat International Airport,SGN
Singapore Changi Airport,SIN,2024-07-09 09:40,Hong Kong International Airport,HKG,2024-07-09 13:55,255,Singapore Airlines,Premium Economy,520,100,,2087,Y,Y,Y,1,7,2,25,Tuesday,False,False,False,Tan Son Nhat International Airport,SGN
Singapore Changi Airport,SIN,2024-07-09 17:40,Shenzhen Bao'an International Airport,SZX,2024-07-09 22:05,265,Shenzhen,Premium Economy,1250,815,True,1380,Y,Y,Y,1,5,1,20,Tuesday,False,False,False,Tan Son Nhat International Airport,SGN
Singapore Changi Airport,SIN,2024-07-09 14:00,Taiwan Taoyuan International Airport,TPE,2024-07-09 18:50,290,STARLUX,Premium Economy,1275,780,True,1789,Y,Y,Y,1,7,2,23,Tuesday,False,False,False,Tan Son Nhat International Airport,SGN
Singapore Changi Airport,SIN,2024-07-09 23:10,Shanghai Pudong International Airport,PVG,2024-07-10 04:10,300,China Eastern,Premium Economy,830,275,True,1913,Y,Y,Y,1,8,1,23,Tuesday,False,False,True,Tan Son Nhat International Airport,SGN
Singapore Changi Airport,SIN,2024-07-10 12:00,Shenzhen Bao'an International Airport,SZX,2024-07-10 16:15,255,Shenzhen,Premium Economy,860,445,,488,Y,Y,Y,1,5,1,20,Wednesday,False,False,False,Tan Son Nhat International Airport,SGN
Singapore Changi Airport,SIN,2024-07-10 10:10,Shanghai Pudong International Airport,PVG,2024-07-10 15:35,325,China Eastern,Premium Economy,985,380,,830,Y,Y,Y,1,8,1,23,Wednesday,False,False,False,Tan Son Nhat International Airport,SGN
Singapore Changi Airport,SIN,2024-07-10 09:40,Hong Kong International Airport,HKG,2024-07-10 13:55,255,Singapore Airlines,Premium Economy,520,100,,2087,Y,Y,Y,1,7,2,25,Wednesday,False,False,False,Tan Son Nhat International Airport,SGN
Singapore Changi Airport,SIN,2024-07-10 17:40,Shenzhen Bao'an International Airport,SZX,2024-07-10 22:05,265,Shenzhen,Premium Economy,1250,815,True,1380,Y,Y,Y,1,5,1,20,Wednesday,False,False,False,Tan Son Nhat International Airport,SGN
Singapore Changi Airport,SIN,2024-07-10 14:00,Taiwan Taoyuan International Airport,TPE,2024-07-10 18:50,290,STARLUX,Premium Economy,1275,780,True,1789,Y,Y,Y,1,7,2,23,Wednesday,False,False,False,Tan Son Nhat International Airport,SGN
Singapore Changi Airport,SIN,2024-07-10 23:10,Shanghai Pudong International Airport,PVG,2024-07-11 04:10,300,China Eastern,Premium Economy,830,275,True,1846,Y,Y,Y,1,8,1,23,Wednesday,False,False,True,Tan Son Nhat International Airport,SGN
Singapore Changi Airport,SIN,2024-07-11 12:00,Shenzhen Bao'an International Airport,SZX,2024-07-11 16:15,255,Shenzhen,Premium Economy,860,445,,488,Y,Y,Y,1,5,1,20,Thursday,False,False,False,Tan Son Nhat International Airport,SGN
Singapore Changi Airport,SIN,2024-07-11 10:10,Shanghai Pudong International Airport,PVG,2024-07-11 15:35,325,China Eastern,Premium Economy,985,400,,1000,Y,Y,Y,1,8,1,23,Thursday,False,False,False,Tan Son Nhat International Airport,SGN
Singapore Changi Airport,SIN,2024-07-11 09:40,Hong Kong International Airport,HKG,2024-07-11 13:55,255,Singapore Airlines,Premium Economy,520,100,,2087,Y,Y,Y,1,7,2,25,Thursday,False,False,False,Tan Son Nhat International Airport,SGN
Singapore Changi Airport,SIN,2024-07-11 17:40,Shenzhen Bao'an International Airport,SZX,2024-07-11 22:05,265,Shenzhen,Premium Economy,1960,1535,True,645,Y,Y,Y,1,5,1,20,Thursday,False,False,False,Tan Son Nhat International Airport,SGN
Singapore Changi Airport,SIN,2024-07-11 17:40,Shenzhen Bao'an International Airport,SZX,2024-07-11 22:05,265,Shenzhen,Premium Economy,1250,815,True,1536,Y,Y,Y,1,5,1,20,Thursday,False,False,False,Tan Son Nhat International Airport,SGN
Singapore Changi Airport,SIN,2024-07-11 14:00,Taiwan Taoyuan International Airport,TPE,2024-07-11 18:50,290,STARLUX,Premium Economy,1275,780,True,1789,Y,Y,Y,1,7,2,23,Thursday,False,False,False,Tan Son Nhat International Airport,SGN
Singapore Changi Airport,SIN,2024-07-12 12:00,Shenzhen Bao'an International Airport,SZX,2024-07-12 16:15,255,Shenzhen,Premium Economy,860,445,,488,Y,Y,Y,1,5,1,20,Friday,False,False,False,Tan Son Nhat International Airport,SGN
Singapore Changi Airport,SIN,2024-07-12 10:10,Shanghai Pudong International Airport,PVG,2024-07-12 15:35,325,China Eastern,Premium Economy,985,400,,1055,Y,Y,Y,1,8,1,23,Friday,False,False,False,Tan Son Nhat International Airport,SGN
Singapore Changi Airport,SIN,2024-07-12 09:40,Hong Kong International Airport,HKG,2024-07-12 13:55,255,Singapore Airlines,Premium Economy,520,100,,2087,Y,Y,Y,1,7,2,25,Friday,False,False,False,Tan Son Nhat International Airport,SGN
Singapore Changi Airport,SIN,2024-07-12 17:40,Shenzhen Bao'an International Airport,SZX,2024-07-12 22:05,265,Shenzhen,Premium Economy,1960,1535,True,488,Y,Y,Y,1,5,1,20,Friday,False,False,False,Tan Son Nhat International Airport,SGN
Singapore Changi Airport,SIN,2024-07-12 12:00,Shenzhen Bao'an International Airport,SZX,2024-07-12 16:15,255,Shenzhen,Premium Economy,850,405,,1380,Y,Y,Y,1,5,1,20,Friday,False,False,False,Tan Son Nhat International Airport,SGN
Singapore Changi Airport,SIN,2024-07-12 17:40,Shenzhen Bao'an International Airport,SZX,2024-07-12 22:05,265,Shenzhen,Premium Economy,1250,815,True,1380,Y,Y,Y,1,5,1,20,Friday,False,False,False,Tan Son Nhat International Airport,SGN
Singapore Changi Airport,SIN,2024-07-12 14:00,Taiwan Taoyuan International Airport,TPE,2024-07-12 18:50,290,STARLUX,Premium Economy,1275,780,True,1789,Y,Y,Y,1,7,2,23,Friday,False,False,False,Tan Son Nhat International Airport,SGN
Singapore Changi Airport,SIN,2024-07-12 23:10,Shanghai Pudong International Airport,PVG,2024-07-13 04:10,300,China Eastern,Premium Economy,830,275,True,1913,Y,Y,Y,1,8,1,23,Friday,False,False,True,Tan Son Nhat International Airport,SGN
Singapore Changi Airport,SIN,2024-07-13 12:00,Shenzhen Bao'an International Airport,SZX,2024-07-13 16:15,255,Shenzhen,Premium Economy,860,445,,564,Y,Y,Y,1,5,1,20,Saturday,False,False,False,Tan Son Nhat International Airport,SGN
Singapore Changi Airport,SIN,2024-07-13 19:50,Ninoy Aquino International Airport,MNL,2024-07-13 23:45,235,Philippine Airlines,Premium Economy,1180,785,True,616,Y,Y,Y,1,7,2,23,Saturday,False,False,False,Tan Son Nhat International Airport,SGN
Singapore Changi Airport,SIN,2024-07-13 09:40,Hong Kong International Airport,HKG,2024-07-13 13:55,255,Singapore Airlines,Premium Economy,520,100,,2087,Y,Y,Y,1,7,2,25,Saturday,False,False,False,Tan Son Nhat International Airport,SGN
Singapore Changi Airport,SIN,2024-07-13 17:40,Shenzhen Bao'an International Airport,SZX,2024-07-13 22:05,265,Shenzhen,Premium Economy,1960,1535,True,564,Y,Y,Y,1,5,1,20,Saturday,False,False,False,Tan Son Nhat International Airport,SGN
Singapore Changi Airport,SIN,2024-07-13 10:10,Shanghai Pudong International Airport,PVG,2024-07-13 15:35,325,China Eastern,Premium Economy,985,380,,1055,Y,Y,Y,1,8,1,23,Saturday,False,False,False,Tan Son Nhat International Airport,SGN
Singapore Changi Airport,SIN,2024-07-13 12:00,Shenzhen Bao'an International Airport,SZX,2024-07-13 16:15,255,Shenzhen,Premium Economy,850,405,,1455,Y,Y,Y,1,5,1,20,Saturday,False,False,False,Tan Son Nhat International Airport,SGN
Singapore Changi Airport,SIN,2024-07-13 14:00,Taiwan Taoyuan International Airport,TPE,2024-07-13 18:50,290,STARLUX,Premium Economy,1275,780,True,1789,Y,Y,Y,1,7,2,23,Saturday,False,False,False,Tan Son Nhat International Airport,SGN
Singapore Changi Airport,SIN,2024-07-13 23:10,Shanghai Pudong International Airport,PVG,2024-07-14 04:10,300,China Eastern,Premium Economy,830,275,True,1913,Y,Y,Y,1,8,1,23,Saturday,False,False,True,Tan Son Nhat International Airport,SGN
Singapore Changi Airport,SIN,2024-07-14 12:00,Shenzhen Bao'an International Airport,SZX,2024-07-14 16:15,255,Shenzhen,Premium Economy,860,445,,564,Y,Y,Y,1,5,1,20,Sunday,False,False,False,Tan Son Nhat International Airport,SGN
Singapore Changi Airport,SIN,2024-07-14 10:10,Shanghai Pudong International Airport,PVG,2024-07-14 15:35,325,China Eastern,Premium Economy,985,400,,974,Y,Y,Y,1,8,1,23,Sunday,False,False,False,Tan Son Nhat International Airport,SGN
Singapore Changi Airport,SIN,2024-07-14 17:40,Shenzhen Bao'an International Airport,SZX,2024-07-14 22:05,265,Shenzhen,Premium Economy,1960,1535,True,645,Y,Y,Y,1,5,1,20,Sunday,False,False,False,Tan Son Nhat International Airport,SGN
Singapore Changi Airport,SIN,2024-07-14 12:00,Shenzhen Bao'an International Airport,SZX,2024-07-14 16:15,255,Shenzhen,Premium Economy,850,405,,1455,Y,Y,Y,1,5,1,20,Sunday,False,False,False,Tan Son Nhat International Airport,SGN
Singapore Changi Airport,SIN,2024-07-14 17:40,Shenzhen Bao'an International Airport,SZX,2024-07-14 22:05,265,Shenzhen,Premium Economy,1250,815,True,1536,Y,Y,Y,1,5,1,20,Sunday,False,False,False,Tan Son Nhat International Airport,SGN
Singapore Changi Airport,SIN,2024-07-14 14:00,Taiwan Taoyuan International Airport,TPE,2024-07-14 18:50,290,STARLUX,Premium Economy,1275,780,True,1789,Y,Y,Y,1,7,2,23,Sunday,False,False,False,Tan Son Nhat International Airport,SGN
Singapore Changi Airport,SIN,2024-07-14 23:10,Shanghai Pudong International Airport,PVG,2024-07-15 04:10,300,China Eastern,Premium Economy,830,275,True,1994,Y,Y,Y,1,8,1,23,Sunday,False,False,True,Tan Son Nhat International Airport,SGN
Singapore Changi Airport,SIN,2024-07-14 09:40,Hong Kong International Airport,HKG,2024-07-14 13:55,255,Singapore Airlines,Premium Economy,520,100,,2966,Y,Y,Y,1,7,2,25,Sunday,False,False,False,Tan Son Nhat International Airport,SGN
Singapore Changi Airport,SIN,2024-07-15 12:00,Shenzhen Bao'an International Airport,SZX,2024-07-15 16:15,255,Shenzhen,Premium Economy,860,445,,564,Y,Y,Y,1,5,1,20,Monday,False,False,False,Tan Son Nhat International Airport,SGN
Singapore Changi Airport,SIN,2024-07-15 10:10,Shanghai Pudong International Airport,PVG,2024-07-15 15:35,325,China Eastern,Premium Economy,985,400,,1055,Y,Y,Y,1,8,1,23,Monday,False,False,False,Tan Son Nhat International Airport,SGN
Singapore Changi Airport,SIN,2024-07-15 09:40,Hong Kong International Airport,HKG,2024-07-15 13:55,255,Singapore Airlines,Premium Economy,520,100,,2087,Y,Y,Y,1,7,2,25,Monday,False,False,False,Tan Son Nhat International Airport,SGN
Singapore Changi Airport,SIN,2024-07-15 17:40,Shenzhen Bao'an International Airport,SZX,2024-07-15 22:05,265,Shenzhen,Premium Economy,1250,815,True,1380,Y,Y,Y,1,5,1,20,Monday,False,False,False,Tan Son Nhat International Airport,SGN
Singapore Changi Airport,SIN,2024-07-15 12:00,Shenzhen Bao'an International Airport,SZX,2024-07-15 16:15,255,Shenzhen,Premium Economy,850,405,,1455,Y,Y,Y,1,5,1,20,Monday,False,False,False,Tan Son Nhat International Airport,SGN
Singapore Changi Airport,SIN,2024-07-15 14:00,Taiwan Taoyuan International Airport,TPE,2024-07-15 18:50,290,STARLUX,Premium Economy,1275,780,True,1789,Y,Y,Y,1,7,2,23,Monday,False,False,False,Tan Son Nhat International Airport,SGN
Singapore Changi Airport,SIN,2024-07-15 23:10,Shanghai Pudong International Airport,PVG,2024-07-16 04:10,300,China Eastern,Premium Economy,830,275,True,1913,Y,Y,Y,1,8,1,23,Monday,False,False,True,Tan Son Nhat International Airport,SGN
Singapore Changi Airport,SIN,2024-07-15 13:05,Hong Kong International Airport,HKG,2024-07-15 17:05,240,Singapore Airlines,Premium Economy,1340,935,True,2103,Y,Y,Y,1,7,2,25,Monday,False,False,False,Tan Son Nhat International Airport,SGN
Singapore Changi Airport,SIN,2024-07-16 12:00,Shenzhen Bao'an International Airport,SZX,2024-07-16 16:15,255,Shenzhen,Premium Economy,860,445,,488,Y,Y,Y,1,5,1,20,Tuesday,False,False,False,Tan Son Nhat International Airport,SGN
Singapore Changi Airport,SIN,2024-07-16 10:10,Shanghai Pudong International Airport,PVG,2024-07-16 15:35,325,China Eastern,Premium Economy,985,380,,974,Y,Y,Y,1,8,1,23,Tuesday,False,False,False,Tan Son Nhat International Airport,SGN
Singapore Changi Airport,SIN,2024-07-16 09:40,Hong Kong International Airport,HKG,2024-07-16 13:55,255,Singapore Airlines,Premium Economy,520,100,,2087,Y,Y,Y,1,7,2,25,Tuesday,False,False,False,Tan Son Nhat International Airport,SGN
Singapore Changi Airport,SIN,2024-07-16 12:00,Shenzhen Bao'an International Airport,SZX,2024-07-16 16:15,255,Shenzhen,Premium Economy,850,405,,1380,Y,Y,Y,1,5,1,20,Tuesday,False,False,False,Tan Son Nhat International Airport,SGN
Singapore Changi Airport,SIN,2024-07-16 17:40,Shenzhen Bao'an International Airport,SZX,2024-07-16 22:05,265,Shenzhen,Premium Economy,1250,815,True,1455,Y,Y,Y,1,5,1,20,Tuesday,False,False,False,Tan Son Nhat International Airport,SGN
Singapore Changi Airport,SIN,2024-07-16 14:00,Taiwan Taoyuan International Airport,TPE,2024-07-16 18:50,290,STARLUX,Premium Economy,1275,780,True,1789,Y,Y,Y,1,7,2,23,Tuesday,False,False,False,Tan Son Nhat International Airport,SGN
Singapore Changi Airport,SIN,2024-07-16 23:10,Shanghai Pudong International Airport,PVG,2024-07-17 04:10,300,China Eastern,Premium Economy,830,275,True,1846,Y,Y,Y,1,8,1,23,Tuesday,False,False,True,Tan Son Nhat International Airport,SGN
Singapore Changi Airport,SIN,2024-07-17 12:00,Shenzhen Bao'an International Airport,SZX,2024-07-17 16:15,255,Shenzhen,Premium Economy,860,445,,518,Y,Y,Y,1,5,1,20,Wednesday,False,False,False,Tan Son Nhat International Airport,SGN
Singapore Changi Airport,SIN,2024-07-17 10:10,Shanghai Pudong International Airport,PVG,2024-07-17 15:35,325,China Eastern,Premium Economy,985,380,,974,Y,Y,Y,1,8,1,23,Wednesday,False,False,False,Tan Son Nhat International Airport,SGN
Singapore Changi Airport,SIN,2024-07-17 09:40,Hong Kong International Airport,HKG,2024-07-17 13:55,255,Singapore Airlines,Premium Economy,520,100,,2087,Y,Y,Y,1,7,2,25,Wednesday,False,False,False,Tan Son Nhat International Airport,SGN
Singapore Changi Airport,SIN,2024-07-17 12:00,Shenzhen Bao'an International Airport,SZX,2024-07-17 16:15,255,Shenzhen,Premium Economy,850,405,,1409,Y,Y,Y,1,5,1,20,Wednesday,False,False,False,Tan Son Nhat International Airport,SGN
Singapore Changi Airport,SIN,2024-07-17 17:40,Shenzhen Bao'an International Airport,SZX,2024-07-17 22:05,265,Shenzhen,Premium Economy,1250,815,True,1485,Y,Y,Y,1,5,1,20,Wednesday,False,False,False,Tan Son Nhat International Airport,SGN
Singapore Changi Airport,SIN,2024-07-17 23:10,Shanghai Pudong International Airport,PVG,2024-07-18 04:10,300,China Eastern,Premium Economy,830,275,True,1846,Y,Y,Y,1,8,1,23,Wednesday,False,False,True,Tan Son Nhat International Airport,SGN
Singapore Changi Airport,SIN,2024-07-17 13:05,Hong Kong International Airport,HKG,2024-07-17 17:05,240,Singapore Airlines,Premium Economy,1340,935,True,2103,Y,Y,Y,1,7,2,25,Wednesday,False,False,False,Tan Son Nhat International Airport,SGN
Singapore Changi Airport,SIN,2024-07-18 12:00,Shenzhen Bao'an International Airport,SZX,2024-07-18 16:15,255,Shenzhen,Premium Economy,860,445,,593,Y,Y,Y,1,5,1,20,Thursday,False,False,False,Tan Son Nhat International Airport,SGN
Singapore Changi Airport,SIN,2024-07-18 10:10,Shanghai Pudong International Airport,PVG,2024-07-18 15:35,325,China Eastern,Premium Economy,985,400,,885,Y,Y,Y,1,8,1,23,Thursday,False,False,False,Tan Son Nhat International Airport,SGN
Singapore Changi Airport,SIN,2024-07-18 09:40,Hong Kong International Airport,HKG,2024-07-18 13:55,255,Singapore Airlines,Premium Economy,520,100,,2087,Y,Y,Y,1,7,2,25,Thursday,False,False,False,Tan Son Nhat International Airport,SGN
Singapore Changi Airport,SIN,2024-07-18 12:00,Shenzhen Bao'an International Airport,SZX,2024-07-18 16:15,255,Shenzhen,Premium Economy,850,405,,1485,Y,Y,Y,1,5,1,20,Thursday,False,False,False,Tan Son Nhat International Airport,SGN
Singapore Changi Airport,SIN,2024-07-18 17:40,Shenzhen Bao'an International Airport,SZX,2024-07-18 22:05,265,Shenzhen,Premium Economy,1250,815,True,1485,Y,Y,Y,1,5,1,20,Thursday,False,False,False,Tan Son Nhat International Airport,SGN
Singapore Changi Airport,SIN,2024-07-18 13:05,Hong Kong International Airport,HKG,2024-07-18 17:05,240,Singapore Airlines,Premium Economy,1340,935,True,2103,Y,Y,Y,1,7,2,25,Thursday,False,False,False,Tan Son Nhat International Airport,SGN
Singapore Changi Airport,SIN,2024-07-19 12:00,Shenzhen Bao'an International Airport,SZX,2024-07-19 16:15,255,Shenzhen,Premium Economy,860,445,,593,Y,Y,Y,1,5,1,20,Friday,False,False,False,Tan Son Nhat International Airport,SGN
Singapore Changi Airport,SIN,2024-07-19 10:10,Shanghai Pudong International Airport,PVG,2024-07-19 15:35,325,China Eastern,Premium Economy,985,400,,966,Y,Y,Y,1,8,1,23,Friday,False,False,False,Tan Son Nhat International Airport,SGN
Singapore Changi Airport,SIN,2024-07-19 09:40,Hong Kong International Airport,HKG,2024-07-19 13:55,255,Singapore Airlines,Premium Economy,520,100,,2087,Y,Y,Y,1,7,2,25,Friday,False,False,False,Tan Son Nhat International Airport,SGN
Singapore Changi Airport,SIN,2024-07-19 12:00,Shenzhen Bao'an International Airport,SZX,2024-07-19 16:15,255,Shenzhen,Premium Economy,850,405,,1485,Y,Y,Y,1,5,1,20,Friday,False,False,False,Tan Son Nhat International Airport,SGN
Singapore Changi Airport,SIN,2024-07-19 17:40,Shenzhen Bao'an International Airport,SZX,2024-07-19 22:05,265,Shenzhen,Premium Economy,1250,815,True,1485,Y,Y,Y,1,5,1,20,Friday,False,False,False,Tan Son Nhat International Airport,SGN
Singapore Changi Airport,SIN,2024-07-19 14:00,Taiwan Taoyuan International Airport,TPE,2024-07-19 18:50,290,STARLUX,Premium Economy,1275,780,True,1789,Y,Y,Y,1,7,2,23,Friday,False,False,False,Tan Son Nhat International Airport,SGN
Singapore Changi Airport,SIN,2024-07-19 23:10,Shanghai Pudong International Airport,PVG,2024-07-20 04:10,300,China Eastern,Premium Economy,830,275,True,1913,Y,Y,Y,1,8,1,23,Friday,False,False,True,Tan Son Nhat International Airport,SGN
Singapore Changi Airport,SIN,2024-07-19 13:05,Hong Kong International Airport,HKG,2024-07-19 17:05,240,Singapore Airlines,Premium Economy,1340,935,True,2103,Y,Y,Y,1,7,2,25,Friday,False,False,False,Tan Son Nhat International Airport,SGN
Singapore Changi Airport,SIN,2024-07-20 10:10,Shanghai Pudong International Airport,PVG,2024-07-20 15:35,325,China Eastern,Premium Economy,985,380,,1055,Y,Y,Y,1,8,1,23,Saturday,False,False,False,Tan Son Nhat International Airport,SGN
Singapore Changi Airport,SIN,2024-07-20 12:00,Shenzhen Bao'an International Airport,SZX,2024-07-20 16:15,255,Shenzhen,Premium Economy,860,445,,1747,Y,Y,Y,1,5,1,20,Saturday,False,False,False,Tan Son Nhat International Airport,SGN
Singapore Changi Airport,SIN,2024-07-20 09:40,Hong Kong International Airport,HKG,2024-07-20 13:55,255,Singapore Airlines,Premium Economy,520,100,,2087,Y,Y,Y,1,7,2,25,Saturday,False,False,False,Tan Son Nhat International Airport,SGN
Singapore Changi Airport,SIN,2024-07-20 17:40,Shenzhen Bao'an International Airport,SZX,2024-07-20 22:05,265,Shenzhen,Premium Economy,1250,815,True,1485,Y,Y,Y,1,5,1,20,Saturday,False,False,False,Tan Son Nhat International Airport,SGN
Singapore Changi Airport,SIN,2024-07-20 14:00,Taiwan Taoyuan International Airport,TPE,2024-07-20 18:50,290,STARLUX,Premium Economy,1255,760,True,1631,Y,Y,Y,1,7,2,23,Saturday,False,False,False,Tan Son Nhat International Airport,SGN
Singapore Changi Airport,SIN,2024-07-20 14:00,Taiwan Taoyuan International Airport,TPE,2024-07-20 18:50,290,STARLUX,Premium Economy,1275,780,True,1789,Y,Y,Y,1,7,2,23,Saturday,False,False,False,Tan Son Nhat International Airport,SGN
Singapore Changi Airport,SIN,2024-07-20 23:10,Shanghai Pudong International Airport,PVG,2024-07-21 04:10,300,China Eastern,Premium Economy,830,275,True,1913,Y,Y,Y,1,8,1,23,Saturday,False,False,True,Tan Son Nhat International Airport,SGN
Singapore Changi Airport,SIN,2024-07-20 13:05,Hong Kong International Airport,HKG,2024-07-20 17:05,240,Singapore Airlines,Premium Economy,1340,935,True,2103,Y,Y,Y,1,7,2,25,Saturday,False,False,False,Tan Son Nhat International Airport,SGN
Singapore Changi Airport,SIN,2024-07-21 12:00,Shenzhen Bao'an International Airport,SZX,2024-07-21 16:15,255,Shenzhen,Premium Economy,860,445,,674,Y,Y,Y,1,5,1,20,Sunday,False,False,False,Tan Son Nhat International Airport,SGN
Singapore Changi Airport,SIN,2024-07-21 10:10,Shanghai Pudong International Airport,PVG,2024-07-21 15:35,325,China Eastern,Premium Economy,985,400,,1055,Y,Y,Y,1,8,1,23,Sunday,False,False,False,Tan Son Nhat International Airport,SGN
Singapore Changi Airport,SIN,2024-07-21 12:00,Shenzhen Bao'an International Airport,SZX,2024-07-21 16:15,255,Shenzhen,Premium Economy,850,405,,1566,Y,Y,Y,1,5,1,20,Sunday,False,False,False,Tan Son Nhat International Airport,SGN
Singapore Changi Airport,SIN,2024-07-21 17:40,Shenzhen Bao'an International Airport,SZX,2024-07-21 22:05,265,Shenzhen,Premium Economy,1250,815,True,1647,Y,Y,Y,1,5,1,20,Sunday,False,False,False,Tan Son Nhat International Airport,SGN
Singapore Changi Airport,SIN,2024-07-21 23:10,Shanghai Pudong International Airport,PVG,2024-07-22 04:10,300,China Eastern,Premium Economy,830,275,True,2201,Y,Y,Y,1,8,1,23,Sunday,False,False,True,Tan Son Nhat International Airport,SGN
Singapore Changi Airport,SIN,2024-07-21 09:40,Hong Kong International Airport,HKG,2024-07-21 13:55,255,Singapore Airlines,Premium Economy,520,100,,2966,Y,Y,Y,1,7,2,25,Sunday,False,False,False,Tan Son Nhat International Airport,SGN
Singapore Changi Airport,SIN,2024-07-22 10:10,Shanghai Pudong International Airport,PVG,2024-07-22 15:35,325,China Eastern,Premium Economy,985,400,,1055,Y,Y,Y,1,8,1,23,Monday,False,False,False,Tan Son Nhat International Airport,SGN
Singapore Changi Airport,SIN,2024-07-22 12:00,Shenzhen Bao'an International Airport,SZX,2024-07-22 16:15,255,Shenzhen,Premium Economy,860,445,,1747,Y,Y,Y,1,5,1,20,Monday,False,False,False,Tan Son Nhat International Airport,SGN
Singapore Changi Airport,SIN,2024-07-22 09:40,Hong Kong International Airport,HKG,2024-07-22 13:55,255,Singapore Airlines,Premium Economy,520,100,,2087,Y,Y,Y,1,7,2,25,Monday,False,False,False,Tan Son Nhat International Airport,SGN
Singapore Changi Airport,SIN,2024-07-22 17:40,Shenzhen Bao'an International Airport,SZX,2024-07-22 22:05,265,Shenzhen,Premium Economy,1250,815,True,1485,Y,Y,Y,1,5,1,20,Monday,False,False,False,Tan Son Nhat International Airport,SGN
Singapore Changi Airport,SIN,2024-07-22 23:10,Shanghai Pudong International Airport,PVG,2024-07-23 04:10,300,China Eastern,Premium Economy,830,275,True,1913,Y,Y,Y,1,8,1,23,Monday,False,False,True,Tan Son Nhat International Airport,SGN
Singapore Changi Airport,SIN,2024-07-22 13:05,Hong Kong International Airport,HKG,2024-07-22 17:05,240,Singapore Airlines,Premium Economy,1340,935,True,2103,Y,Y,Y,1,7,2,25,Monday,False,False,False,Tan Son Nhat International Airport,SGN
Singapore Changi Airport,SIN,2024-07-23 12:00,Shenzhen Bao'an International Airport,SZX,2024-07-23 16:15,255,Shenzhen,Premium Economy,860,445,,593,Y,Y,Y,1,5,1,20,Tuesday,False,False,False,Tan Son Nhat International Airport,SGN
Singapore Changi Airport,SIN,2024-07-23 10:10,Shanghai Pudong International Airport,PVG,2024-07-23 15:35,325,China Eastern,Premium Economy,985,380,,966,Y,Y,Y,1,8,1,23,Tuesday,False,False,False,Tan Son Nhat International Airport,SGN
Singapore Changi Airport,SIN,2024-07-23 09:40,Hong Kong International Airport,HKG,2024-07-23 13:55,255,Singapore Airlines,Premium Economy,520,100,,2087,Y,Y,Y,1,7,2,25,Tuesday,False,False,False,Tan Son Nhat International Airport,SGN
Singapore Changi Airport,SIN,2024-07-23 12:00,Shenzhen Bao'an International Airport,SZX,2024-07-23 16:15,255,Shenzhen,Premium Economy,850,405,,1485,Y,Y,Y,1,5,1,20,Tuesday,False,False,False,Tan Son Nhat International Airport,SGN
Singapore Changi Airport,SIN,2024-07-23 17:40,Shenzhen Bao'an International Airport,SZX,2024-07-23 22:05,265,Shenzhen,Premium Economy,1250,815,True,1485,Y,Y,Y,1,5,1,20,Tuesday,False,False,False,Tan Son Nhat International Airport,SGN
Singapore Changi Airport,SIN,2024-07-23 14:00,Taiwan Taoyuan International Airport,TPE,2024-07-23 18:50,290,STARLUX,Premium Economy,1275,780,True,1789,Y,Y,Y,1,7,2,23,Tuesday,False,False,False,Tan Son Nhat International Airport,SGN
Singapore Changi Airport,SIN,2024-07-23 23:10,Shanghai Pudong International Airport,PVG,2024-07-24 04:10,300,China Eastern,Premium Economy,830,275,True,1846,Y,Y,Y,1,8,1,23,Tuesday,False,False,True,Tan Son Nhat International Airport,SGN
Singapore Changi Airport,SIN,2024-07-24 12:00,Shenzhen Bao'an International Airport,SZX,2024-07-24 16:15,255,Shenzhen,Premium Economy,860,445,,593,Y,Y,Y,1,5,1,20,Wednesday,False,False,False,Tan Son Nhat International Airport,SGN
Singapore Changi Airport,SIN,2024-07-24 10:10,Shanghai Pudong International Airport,PVG,2024-07-24 15:35,325,China Eastern,Premium Economy,985,380,,966,Y,Y,Y,1,8,1,23,Wednesday,False,False,False,Tan Son Nhat International Airport,SGN
Singapore Changi Airport,SIN,2024-07-24 09:40,Hong Kong International Airport,HKG,2024-07-24 13:55,255,Singapore Airlines,Premium Economy,520,100,,2087,Y,Y,Y,1,7,2,25,Wednesday,False,False,False,Tan Son Nhat International Airport,SGN
Singapore Changi Airport,SIN,2024-07-24 12:00,Shenzhen Bao'an International Airport,SZX,2024-07-24 16:15,255,Shenzhen,Premium Economy,850,405,,1485,Y,Y,Y,1,5,1,20,Wednesday,False,False,False,Tan Son Nhat International Airport,SGN
Singapore Changi Airport,SIN,2024-07-24 17:40,Shenzhen Bao'an International Airport,SZX,2024-07-24 22:05,265,Shenzhen,Premium Economy,1250,815,True,1485,Y,Y,Y,1,5,1,20,Wednesday,False,False,False,Tan Son Nhat International Airport,SGN
Singapore Changi Airport,SIN,2024-07-24 14:00,Taiwan Taoyuan International Airport,TPE,2024-07-24 18:50,290,STARLUX,Premium Economy,1275,780,True,1789,Y,Y,Y,1,7,2,23,Wednesday,False,False,False,Tan Son Nhat International Airport,SGN
Singapore Changi Airport,SIN,2024-07-24 23:10,Shanghai Pudong International Airport,PVG,2024-07-25 04:10,300,China Eastern,Premium Economy,830,275,True,1846,Y,Y,Y,1,8,1,23,Wednesday,False,False,True,Tan Son Nhat International Airport,SGN
Singapore Changi Airport,SIN,2024-07-25 12:00,Shenzhen Bao'an International Airport,SZX,2024-07-25 16:15,255,Shenzhen,Premium Economy,860,445,,593,Y,Y,Y,1,5,1,20,Thursday,False,False,False,Tan Son Nhat International Airport,SGN
Singapore Changi Airport,SIN,2024-07-25 10:10,Shanghai Pudong International Airport,PVG,2024-07-25 15:35,325,China Eastern,Premium Economy,985,400,,885,Y,Y,Y,1,8,1,23,Thursday,False,False,False,Tan Son Nhat International Airport,SGN
Singapore Changi Airport,SIN,2024-07-25 09:40,Hong Kong International Airport,HKG,2024-07-25 13:55,255,Singapore Airlines,Premium Economy,520,100,,2087,Y,Y,Y,1,7,2,25,Thursday,False,False,False,Tan Son Nhat International Airport,SGN
Singapore Changi Airport,SIN,2024-07-25 12:00,Shenzhen Bao'an International Airport,SZX,2024-07-25 16:15,255,Shenzhen,Premium Economy,850,405,,1485,Y,Y,Y,1,5,1,20,Thursday,False,False,False,Tan Son Nhat International Airport,SGN
Singapore Changi Airport,SIN,2024-07-25 17:40,Shenzhen Bao'an International Airport,SZX,2024-07-25 22:05,265,Shenzhen,Premium Economy,1250,815,True,1485,Y,Y,Y,1,5,1,20,Thursday,False,False,False,Tan Son Nhat International Airport,SGN
Singapore Changi Airport,SIN,2024-07-25 14:00,Taiwan Taoyuan International Airport,TPE,2024-07-25 18:50,290,STARLUX,Premium Economy,1275,780,True,1789,Y,Y,Y,1,7,2,23,Thursday,False,False,False,Tan Son Nhat International Airport,SGN
Singapore Changi Airport,SIN,2024-07-26 09:40,Hong Kong International Airport,HKG,2024-07-26 13:55,255,Singapore Airlines,Premium Economy,520,100,,2087,Y,Y,Y,1,7,2,25,Friday,False,False,False,Tan Son Nhat International Airport,SGN
Singapore Changi Airport,SIN,2024-07-26 10:10,Shanghai Pudong International Airport,PVG,2024-07-26 15:35,325,China Eastern,Premium Economy,985,400,,1055,Y,Y,Y,1,8,1,23,Friday,False,False,False,Tan Son Nhat International Airport,SGN
Singapore Changi Airport,SIN,2024-07-26 17:40,Shenzhen Bao'an International Airport,SZX,2024-07-26 22:05,265,Shenzhen,Premium Economy,1250,815,True,1485,Y,Y,Y,1,5,1,20,Friday,False,False,False,Tan Son Nhat International Airport,SGN
Singapore Changi Airport,SIN,2024-07-26 12:00,Shenzhen Bao'an International Airport,SZX,2024-07-26 16:15,255,Shenzhen,Premium Economy,860,445,,1747,Y,Y,Y,1,5,1,20,Friday,False,False,False,Tan Son Nhat International Airport,SGN
Singapore Changi Airport,SIN,2024-07-26 14:00,Taiwan Taoyuan International Airport,TPE,2024-07-26 18:50,290,STARLUX,Premium Economy,1275,780,True,1789,Y,Y,Y,1,7,2,23,Friday,False,False,False,Tan Son Nhat International Airport,SGN
Singapore Changi Airport,SIN,2024-07-26 23:10,Shanghai Pudong International Airport,PVG,2024-07-27 04:10,300,China Eastern,Premium Economy,830,275,True,1846,Y,Y,Y,1,8,1,23,Friday,False,False,True,Tan Son Nhat International Airport,SGN
Singapore Changi Airport,SIN,2024-07-27 12:00,Shenzhen Bao'an International Airport,SZX,2024-07-27 16:15,255,Shenzhen,Premium Economy,860,445,,674,Y,Y,Y,1,5,1,20,Saturday,False,False,False,Tan Son Nhat International Airport,SGN
Singapore Changi Airport,SIN,2024-07-27 10:10,Shanghai Pudong International Airport,PVG,2024-07-27 15:35,325,China Eastern,Premium Economy,985,380,,1133,Y,Y,Y,1,8,1,23,Saturday,False,False,False,Tan Son Nhat International Airport,SGN
Singapore Changi Airport,SIN,2024-07-27 09:40,Hong Kong International Airport,HKG,2024-07-27 13:55,255,Singapore Airlines,Premium Economy,520,100,,2087,Y,Y,Y,1,7,2,25,Saturday,False,False,False,Tan Son Nhat International Airport,SGN
Singapore Changi Airport,SIN,2024-07-27 17:40,Shenzhen Bao'an International Airport,SZX,2024-07-27 22:05,265,Shenzhen,Premium Economy,1250,815,True,1485,Y,Y,Y,1,5,1,20,Saturday,False,False,False,Tan Son Nhat International Airport,SGN
Singapore Changi Airport,SIN,2024-07-27 12:00,Shenzhen Bao'an International Airport,SZX,2024-07-27 16:15,255,Shenzhen,Premium Economy,850,405,,1566,Y,Y,Y,1,5,1,20,Saturday,False,False,False,Tan Son Nhat International Airport,SGN
Singapore Changi Airport,SIN,2024-07-27 14:00,Taiwan Taoyuan International Airport,TPE,2024-07-27 18:50,290,STARLUX,Premium Economy,1275,780,True,1789,Y,Y,Y,1,7,2,23,Saturday,False,False,False,Tan Son Nhat International Airport,SGN
Singapore Changi Airport,SIN,2024-07-27 23:10,Shanghai Pudong International Airport,PVG,2024-07-28 04:10,300,China Eastern,Premium Economy,830,275,True,1913,Y,Y,Y,1,8,1,23,Saturday,False,False,True,Tan Son Nhat International Airport,SGN
Singapore Changi Airport,SIN,2024-07-27 13:05,Hong Kong International Airport,HKG,2024-07-27 17:05,240,Singapore Airlines,Premium Economy,1340,935,True,2103,Y,Y,Y,1,7,2,25,Saturday,False,False,False,Tan Son Nhat International Airport,SGN
Singapore Changi Airport,SIN,2024-07-28 12:00,Shenzhen Bao'an International Airport,SZX,2024-07-28 16:15,255,Shenzhen,Premium Economy,860,445,,674,Y,Y,Y,1,5,1,20,Sunday,False,False,False,Tan Son Nhat International Airport,SGN
Singapore Changi Airport,SIN,2024-07-28 10:10,Shanghai Pudong International Airport,PVG,2024-07-28 15:35,325,China Eastern,Premium Economy,985,400,,1055,Y,Y,Y,1,8,1,23,Sunday,False,False,False,Tan Son Nhat International Airport,SGN
Singapore Changi Airport,SIN,2024-07-28 09:40,Hong Kong International Airport,HKG,2024-07-28 13:55,255,Singapore Airlines,Premium Economy,520,100,,2087,Y,Y,Y,1,7,2,25,Sunday,False,False,False,Tan Son Nhat International Airport,SGN
Singapore Changi Airport,SIN,2024-07-28 12:00,Shenzhen Bao'an International Airport,SZX,2024-07-28 16:15,255,Shenzhen,Premium Economy,850,405,,1566,Y,Y,Y,1,5,1,20,Sunday,False,False,False,Tan Son Nhat International Airport,SGN
Singapore Changi Airport,SIN,2024-07-28 17:40,Shenzhen Bao'an International Airport,SZX,2024-07-28 22:05,265,Shenzhen,Premium Economy,1250,815,True,1566,Y,Y,Y,1,5,1,20,Sunday,False,False,False,Tan Son Nhat International Airport,SGN
Singapore Changi Airport,SIN,2024-07-28 14:00,Taiwan Taoyuan International Airport,TPE,2024-07-28 18:50,290,STARLUX,Premium Economy,1275,780,True,1789,Y,Y,Y,1,7,2,23,Sunday,False,False,False,Tan Son Nhat International Airport,SGN
Singapore Changi Airport,SIN,2024-07-28 23:10,Shanghai Pudong International Airport,PVG,2024-07-29 04:10,300,China Eastern,Premium Economy,830,275,True,2097,Y,Y,Y,1,8,1,23,Sunday,False,False,True,Tan Son Nhat International Airport,SGN
Singapore Changi Airport,SIN,2024-07-29 12:00,Shenzhen Bao'an International Airport,SZX,2024-07-29 16:15,255,Shenzhen,Premium Economy,860,445,,593,Y,Y,Y,1,5,1,20,Monday,False,False,False,Tan Son Nhat International Airport,SGN
Singapore Changi Airport,SIN,2024-07-29 10:10,Shanghai Pudong International Airport,PVG,2024-07-29 15:35,325,China Eastern,Premium Economy,985,400,,966,Y,Y,Y,1,8,1,23,Monday,False,False,False,Tan Son Nhat International Airport,SGN
Singapore Changi Airport,SIN,2024-07-29 12:00,Shenzhen Bao'an International Airport,SZX,2024-07-29 16:15,255,Shenzhen,Premium Economy,850,405,,1485,Y,Y,Y,1,5,1,20,Monday,False,False,False,Tan Son Nhat International Airport,SGN
Singapore Changi Airport,SIN,2024-07-29 17:40,Shenzhen Bao'an International Airport,SZX,2024-07-29 22:05,265,Shenzhen,Premium Economy,1250,815,True,1485,Y,Y,Y,1,5,1,20,Monday,False,False,False,Tan Son Nhat International Airport,SGN
Singapore Changi Airport,SIN,2024-07-29 14:00,Taiwan Taoyuan International Airport,TPE,2024-07-29 18:50,290,STARLUX,Premium Economy,1275,780,True,1789,Y,Y,Y,1,7,2,23,Monday,False,False,False,Tan Son Nhat International Airport,SGN
Singapore Changi Airport,SIN,2024-07-29 23:10,Shanghai Pudong International Airport,PVG,2024-07-30 04:10,300,China Eastern,Premium Economy,830,275,True,1913,Y,Y,Y,1,8,1,23,Monday,False,False,True,Tan Son Nhat International Airport,SGN
Singapore Changi Airport,SIN,2024-07-29 09:40,Hong Kong International Airport,HKG,2024-07-29 13:55,255,Singapore Airlines,Premium Economy,520,100,,2966,Y,Y,Y,1,7,2,25,Monday,False,False,False,Tan Son Nhat International Airport,SGN
Singapore Changi Airport,SIN,2024-07-30 12:00,Shenzhen Bao'an International Airport,SZX,2024-07-30 16:15,255,Shenzhen,Premium Economy,860,445,,756,Y,Y,Y,1,5,1,20,Tuesday,False,False,False,Tan Son Nhat International Airport,SGN
Singapore Changi Airport,SIN,2024-07-30 10:10,Shanghai Pudong International Airport,PVG,2024-07-30 15:35,325,China Eastern,Premium Economy,985,380,,966,Y,Y,Y,1,8,1,23,Tuesday,False,False,False,Tan Son Nhat International Airport,SGN
Singapore Changi Airport,SIN,2024-07-30 09:40,Hong Kong International Airport,HKG,2024-07-30 13:55,255,Singapore Airlines,Premium Economy,520,100,,2087,Y,Y,Y,1,7,2,25,Tuesday,False,False,False,Tan Son Nhat International Airport,SGN
Singapore Changi Airport,SIN,2024-07-30 17:40,Shenzhen Bao'an International Airport,SZX,2024-07-30 22:05,265,Shenzhen,Premium Economy,1250,815,True,1485,Y,Y,Y,1,5,1,20,Tuesday,False,False,False,Tan Son Nhat International Airport,SGN
Singapore Changi Airport,SIN,2024-07-30 12:00,Shenzhen Bao'an International Airport,SZX,2024-07-30 16:15,255,Shenzhen,Premium Economy,850,405,,1647,Y,Y,Y,1,5,1,20,Tuesday,False,False,False,Tan Son Nhat International Airport,SGN
Singapore Changi Airport,SIN,2024-07-30 14:00,Taiwan Taoyuan International Airport,TPE,2024-07-30 18:50,290,STARLUX,Premium Economy,1275,780,True,1789,Y,Y,Y,1,7,2,23,Tuesday,False,False,False,Tan Son Nhat International Airport,SGN
Singapore Changi Airport,SIN,2024-07-30 23:10,Shanghai Pudong International Airport,PVG,2024-07-31 04:10,300,China Eastern,Premium Economy,830,275,True,1846,Y,Y,Y,1,8,1,23,Tuesday,False,False,True,Tan Son Nhat International Airport,SGN
Singapore Changi Airport,SIN,2024-07-31 12:00,Shenzhen Bao'an International Airport,SZX,2024-07-31 16:15,255,Shenzhen,Premium Economy,860,445,,593,Y,Y,Y,1,5,1,20,Wednesday,False,False,False,Tan Son Nhat International Airport,SGN
Singapore Changi Airport,SIN,2024-07-31 10:10,Shanghai Pudong International Airport,PVG,2024-07-31 15:35,325,China Eastern,Premium Economy,985,380,,966,Y,Y,Y,1,8,1,23,Wednesday,False,False,False,Tan Son Nhat International Airport,SGN
Singapore Changi Airport,SIN,2024-07-31 12:00,Shenzhen Bao'an International Airport,SZX,2024-07-31 16:15,255,Shenzhen,Premium Economy,850,405,,1485,Y,Y,Y,1,5,1,20,Wednesday,False,False,False,Tan Son Nhat International Airport,SGN
Singapore Changi Airport,SIN,2024-07-31 17:40,Shenzhen Bao'an International Airport,SZX,2024-07-31 22:05,265,Shenzhen,Premium Economy,1250,815,True,1485,Y,Y,Y,1,5,1,20,Wednesday,False,False,False,Tan Son Nhat International Airport,SGN
Singapore Changi Airport,SIN,2024-07-31 14:00,Taiwan Taoyuan International Airport,TPE,2024-07-31 18:50,290,STARLUX,Premium Economy,1275,780,True,1789,Y,Y,Y,1,7,2,23,Wednesday,False,False,False,Tan Son Nhat International Airport,SGN
Singapore Changi Airport,SIN,2024-07-31 23:10,Shanghai Pudong International Airport,PVG,2024-08-01 04:10,300,China Eastern,Premium Economy,830,275,True,1846,Y,Y,Y,1,8,1,23,Wednesday,False,False,True,Tan Son Nhat International Airport,SGN
Singapore Changi Airport,SIN,2024-07-31 09:40,Hong Kong International Airport,HKG,2024-07-31 13:55,255,Singapore Airlines,Premium Economy,520,100,,2966,Y,Y,Y,1,7,2,25,Wednesday,False,False,False,Tan Son Nhat International Airport,SGN
Singapore Changi Airport,SIN,2024-08-01 12:00,Shenzhen Bao'an International Airport,SZX,2024-08-01 16:15,255,Shenzhen,Premium Economy,860,445,,521,Y,Y,Y,1,5,1,20,Thursday,False,False,False,Tan Son Nhat International Airport,SGN
Singapore Changi Airport,SIN,2024-08-01 09:40,Hong Kong International Airport,HKG,2024-08-01 13:55,255,Singapore Airlines,Premium Economy,520,100,,2096,Y,Y,Y,1,7,2,25,Thursday,False,False,False,Tan Son Nhat International Airport,SGN
Singapore Changi Airport,SIN,2024-08-01 17:40,Shenzhen Bao'an International Airport,SZX,2024-08-01 22:05,265,Shenzhen,Premium Economy,1960,1535,True,597,Y,Y,Y,1,5,1,20,Thursday,False,False,False,Tan Son Nhat International Airport,SGN
Singapore Changi Airport,SIN,2024-08-01 12:00,Shenzhen Bao'an International Airport,SZX,2024-08-01 16:15,255,Shenzhen,Premium Economy,850,405,,1414,Y,Y,Y,1,5,1,20,Thursday,False,False,False,Tan Son Nhat International Airport,SGN
Singapore Changi Airport,SIN,2024-08-01 17:40,Shenzhen Bao'an International Airport,SZX,2024-08-01 22:05,265,Shenzhen,Premium Economy,1250,815,True,1490,Y,Y,Y,1,5,1,20,Thursday,False,False,False,Tan Son Nhat International Airport,SGN
Singapore Changi Airport,SIN,2024-08-01 14:00,Taiwan Taoyuan International Airport,TPE,2024-08-01 18:50,290,STARLUX Airlines,Premium Economy,1275,780,True,1800,Y,Y,Y,1,7,2,23,Thursday,False,False,False,Tan Son Nhat International Airport,SGN
Singapore Changi Airport,SIN,2024-08-01 10:10,Shanghai Pudong International Airport,PVG,2024-08-01 15:35,325,China Eastern,Premium Economy,985,400,,2132,Y,Y,Y,1,8,1,23,Thursday,False,False,False,Tan Son Nhat International Airport,SGN
Singapore Changi Airport,SIN,2024-08-02 12:00,Shenzhen Bao'an International Airport,SZX,2024-08-02 16:15,255,Shenzhen,Premium Economy,860,445,,597,Y,Y,Y,1,5,1,20,Friday,False,False,False,Tan Son Nhat International Airport,SGN
Singapore Changi Airport,SIN,2024-08-02 09:40,Hong Kong International Airport,HKG,2024-08-02 13:55,255,Singapore Airlines,Premium Economy,520,100,,2096,Y,Y,Y,1,7,2,25,Friday,False,False,False,Tan Son Nhat International Airport,SGN
Singapore Changi Airport,SIN,2024-08-02 17:40,Shenzhen Bao'an International Airport,SZX,2024-08-02 22:05,265,Shenzhen,Premium Economy,1960,1535,True,597,Y,Y,Y,1,5,1,20,Friday,False,False,False,Tan Son Nhat International Airport,SGN
Singapore Changi Airport,SIN,2024-08-02 12:00,Shenzhen Bao'an International Airport,SZX,2024-08-02 16:15,255,Shenzhen,Premium Economy,850,405,,1490,Y,Y,Y,1,5,1,20,Friday,False,False,False,Tan Son Nhat International Airport,SGN
Singapore Changi Airport,SIN,2024-08-02 17:40,Shenzhen Bao'an International Airport,SZX,2024-08-02 22:05,265,Shenzhen,Premium Economy,1250,815,True,1490,Y,Y,Y,1,5,1,20,Friday,False,False,False,Tan Son Nhat International Airport,SGN
Singapore Changi Airport,SIN,2024-08-02 10:10,Shanghai Pudong International Airport,PVG,2024-08-02 15:35,325,China Eastern,Premium Economy,985,400,,2132,Y,Y,Y,1,8,1,23,Friday,False,False,False,Tan Son Nhat International Airport,SGN
Singapore Changi Airport,SIN,2024-08-02 23:10,Shanghai Pudong International Airport,PVG,2024-08-03 04:10,300,China Eastern,Premium Economy,830,275,True,3341,Y,Y,Y,1,8,1,23,Friday,False,False,True,Tan Son Nhat International Airport,SGN
Singapore Changi Airport,SIN,2024-08-03 12:00,Shenzhen Bao'an International Airport,SZX,2024-08-03 16:15,255,Shenzhen,Premium Economy,860,445,,597,Y,Y,Y,1,5,1,20,Saturday,False,False,False,Tan Son Nhat International Airport,SGN
Singapore Changi Airport,SIN,2024-08-03 09:40,Hong Kong International Airport,HKG,2024-08-03 13:55,255,Singapore Airlines,Premium Economy,520,100,,2096,Y,Y,Y,1,7,2,25,Saturday,False,False,False,Tan Son Nhat International Airport,SGN
Singapore Changi Airport,SIN,2024-08-03 17:40,Shenzhen Bao'an International Airport,SZX,2024-08-03 22:05,265,Shenzhen,Premium Economy,1960,1535,True,597,Y,Y,Y,1,5,1,20,Saturday,False,False,False,Tan Son Nhat International Airport,SGN
Singapore Changi Airport,SIN,2024-08-03 12:00,Shenzhen Bao'an International Airport,SZX,2024-08-03 16:15,255,Shenzhen,Premium Economy,850,405,,1490,Y,Y,Y,1,5,1,20,Saturday,False,False,False,Tan Son Nhat International Airport,SGN
Singapore Changi Airport,SIN,2024-08-03 17:40,Shenzhen Bao'an International Airport,SZX,2024-08-03 22:05,265,Shenzhen,Premium Economy,1250,815,True,1490,Y,Y,Y,1,5,1,20,Saturday,False,False,False,Tan Son Nhat International Airport,SGN
Singapore Changi Airport,SIN,2024-08-03 23:10,Shanghai Pudong International Airport,PVG,2024-08-04 04:10,300,China Eastern,Premium Economy,830,275,True,2105,Y,Y,Y,1,8,1,23,Saturday,False,False,True,Tan Son Nhat International Airport,SGN
Singapore Changi Airport,SIN,2024-08-03 10:10,Shanghai Pudong International Airport,PVG,2024-08-03 15:35,325,China Eastern,Premium Economy,985,380,,2132,Y,Y,Y,1,8,1,23,Saturday,False,False,False,Tan Son Nhat International Airport,SGN
Singapore Changi Airport,SIN,2024-08-04 12:00,Shenzhen Bao'an International Airport,SZX,2024-08-04 16:15,255,Shenzhen,Premium Economy,860,445,,597,Y,Y,Y,1,5,1,20,Sunday,False,False,False,Tan Son Nhat International Airport,SGN
Singapore Changi Airport,SIN,2024-08-04 09:40,Hong Kong International Airport,HKG,2024-08-04 13:55,255,Singapore Airlines,Premium Economy,520,100,,2096,Y,Y,Y,1,7,2,25,Sunday,False,False,False,Tan Son Nhat International Airport,SGN
Singapore Changi Airport,SIN,2024-08-04 17:40,Shenzhen Bao'an International Airport,SZX,2024-08-04 22:05,265,Shenzhen,Premium Economy,1960,1535,True,597,Y,Y,Y,1,5,1,20,Sunday,False,False,False,Tan Son Nhat International Airport,SGN
Singapore Changi Airport,SIN,2024-08-04 12:00,Shenzhen Bao'an International Airport,SZX,2024-08-04 16:15,255,Shenzhen,Premium Economy,850,405,,1490,Y,Y,Y,1,5,1,20,Sunday,False,False,False,Tan Son Nhat International Airport,SGN
Singapore Changi Airport,SIN,2024-08-04 17:40,Shenzhen Bao'an International Airport,SZX,2024-08-04 22:05,265,Shenzhen,Premium Economy,1250,815,True,1490,Y,Y,Y,1,5,1,20,Sunday,False,False,False,Tan Son Nhat International Airport,SGN
Singapore Changi Airport,SIN,2024-08-04 23:10,Shanghai Pudong International Airport,PVG,2024-08-05 04:10,300,China Eastern,Premium Economy,830,275,True,2001,Y,Y,Y,1,8,1,23,Sunday,False,False,True,Tan Son Nhat International Airport,SGN
Singapore Changi Airport,SIN,2024-08-04 10:10,Shanghai Pudong International Airport,PVG,2024-08-04 15:35,325,China Eastern,Premium Economy,985,400,,2132,Y,Y,Y,1,8,1,23,Sunday,False,False,False,Tan Son Nhat International Airport,SGN
Singapore Changi Airport,SIN,2024-08-05 12:00,Shenzhen Bao'an International Airport,SZX,2024-08-05 16:15,255,Shenzhen,Premium Economy,860,445,,521,Y,Y,Y,1,5,1,20,Monday,False,False,False,Tan Son Nhat International Airport,SGN
Singapore Changi Airport,SIN,2024-08-05 10:10,Shanghai Pudong International Airport,PVG,2024-08-05 15:35,325,China Eastern,Premium Economy,985,400,,1060,Y,Y,Y,1,8,1,23,Monday,False,False,False,Tan Son Nhat International Airport,SGN
Singapore Changi Airport,SIN,2024-08-05 09:40,Hong Kong International Airport,HKG,2024-08-05 13:55,255,Singapore Airlines,Premium Economy,520,100,,2096,Y,Y,Y,1,7,2,25,Monday,False,False,False,Tan Son Nhat International Airport,SGN
Singapore Changi Airport,SIN,2024-08-05 17:40,Shenzhen Bao'an International Airport,SZX,2024-08-05 22:05,265,Shenzhen,Premium Economy,1960,1535,True,597,Y,Y,Y,1,5,1,20,Monday,False,False,False,Tan Son Nhat International Airport,SGN
Singapore Changi Airport,SIN,2024-08-05 12:00,Shenzhen Bao'an International Airport,SZX,2024-08-05 16:15,255,Shenzhen,Premium Economy,850,405,,1414,Y,Y,Y,1,5,1,20,Monday,False,False,False,Tan Son Nhat International Airport,SGN
Singapore Changi Airport,SIN,2024-08-05 17:40,Shenzhen Bao'an International Airport,SZX,2024-08-05 22:05,265,Shenzhen,Premium Economy,1250,815,True,1490,Y,Y,Y,1,5,1,20,Monday,False,False,False,Tan Son Nhat International Airport,SGN
Singapore Changi Airport,SIN,2024-08-05 23:10,Shanghai Pudong International Airport,PVG,2024-08-06 04:10,300,China Eastern,Premium Economy,830,275,True,1852,Y,Y,Y,1,8,1,23,Monday,False,False,True,Tan Son Nhat International Airport,SGN
Singapore Changi Airport,SIN,2024-08-06 12:00,Shenzhen Bao'an International Airport,SZX,2024-08-06 16:15,255,Shenzhen,Premium Economy,860,445,,597,Y,Y,Y,1,5,1,20,Tuesday,False,False,False,Tan Son Nhat International Airport,SGN
Singapore Changi Airport,SIN,2024-08-06 10:10,Shanghai Pudong International Airport,PVG,2024-08-06 15:35,325,China Eastern,Premium Economy,985,380,,1060,Y,Y,Y,1,8,1,23,Tuesday,False,False,False,Tan Son Nhat International Airport,SGN
Singapore Changi Airport,SIN,2024-08-06 09:40,Hong Kong International Airport,HKG,2024-08-06 13:55,255,Singapore Airlines,Premium Economy,520,100,,2096,Y,Y,Y,1,7,2,25,Tuesday,False,False,False,Tan Son Nhat International Airport,SGN
Singapore Changi Airport,SIN,2024-08-06 17:40,Shenzhen Bao'an International Airport,SZX,2024-08-06 22:05,265,Shenzhen,Premium Economy,1960,1535,True,597,Y,Y,Y,1,5,1,20,Tuesday,False,False,False,Tan Son Nhat International Airport,SGN
Singapore Changi Airport,SIN,2024-08-06 12:00,Shenzhen Bao'an International Airport,SZX,2024-08-06 16:15,255,Shenzhen,Premium Economy,850,405,,1490,Y,Y,Y,1,5,1,20,Tuesday,False,False,False,Tan Son Nhat International Airport,SGN
Singapore Changi Airport,SIN,2024-08-06 17:40,Shenzhen Bao'an International Airport,SZX,2024-08-06 22:05,265,Shenzhen,Premium Economy,1250,815,True,1490,Y,Y,Y,1,5,1,20,Tuesday,False,False,False,Tan Son Nhat International Airport,SGN
Singapore Changi Airport,SIN,2024-08-06 23:10,Shanghai Pudong International Airport,PVG,2024-08-07 04:10,300,China Eastern,Premium Economy,830,275,True,3341,Y,Y,Y,1,8,1,23,Tuesday,False,False,True,Tan Son Nhat International Airport,SGN
Singapore Changi Airport,SIN,2024-08-07 12:00,Shenzhen Bao'an International Airport,SZX,2024-08-07 16:15,255,Shenzhen,Premium Economy,860,445,,597,Y,Y,Y,1,5,1,20,Wednesday,False,False,False,Tan Son Nhat International Airport,SGN
Singapore Changi Airport,SIN,2024-08-07 10:10,Shanghai Pudong International Airport,PVG,2024-08-07 15:35,325,China Eastern,Premium Economy,985,380,,1060,Y,Y,Y,1,8,1,23,Wednesday,False,False,False,Tan Son Nhat International Airport,SGN
Singapore Changi Airport,SIN,2024-08-07 09:40,Hong Kong International Airport,HKG,2024-08-07 13:55,255,Singapore Airlines,Premium Economy,520,100,,2096,Y,Y,Y,1,7,2,25,Wednesday,False,False,False,Tan Son Nhat International Airport,SGN
Singapore Changi Airport,SIN,2024-08-07 17:40,Shenzhen Bao'an International Airport,SZX,2024-08-07 22:05,265,Shenzhen,Premium Economy,1960,1535,True,597,Y,Y,Y,1,5,1,20,Wednesday,False,False,False,Tan Son Nhat International Airport,SGN
Singapore Changi Airport,SIN,2024-08-07 12:00,Shenzhen Bao'an International Airport,SZX,2024-08-07 16:15,255,Shenzhen,Premium Economy,850,405,,1490,Y,Y,Y,1,5,1,20,Wednesday,False,False,False,Tan Son Nhat International Airport,SGN
Singapore Changi Airport,SIN,2024-08-07 17:40,Shenzhen Bao'an International Airport,SZX,2024-08-07 22:05,265,Shenzhen,Premium Economy,1250,815,True,1490,Y,Y,Y,1,5,1,20,Wednesday,False,False,False,Tan Son Nhat International Airport,SGN
Singapore Changi Airport,SIN,2024-08-07 23:10,Shanghai Pudong International Airport,PVG,2024-08-08 04:10,300,China Eastern,Premium Economy,830,275,True,1852,Y,Y,Y,1,8,1,23,Wednesday,False,False,True,Tan Son Nhat International Airport,SGN
Singapore Changi Airport,SIN,2024-08-08 12:00,Shenzhen Bao'an International Airport,SZX,2024-08-08 16:15,255,Shenzhen,Premium Economy,860,445,,597,Y,Y,Y,1,5,1,20,Thursday,False,False,False,Tan Son Nhat International Airport,SGN
Singapore Changi Airport,SIN,2024-08-08 10:10,Shanghai Pudong International Airport,PVG,2024-08-08 15:35,325,China Eastern,Premium Economy,985,400,,620,Y,Y,Y,1,8,1,23,Thursday,False,False,False,Tan Son Nhat International Airport,SGN
Singapore Changi Airport,SIN,2024-08-08 09:40,Hong Kong International Airport,HKG,2024-08-08 13:55,255,Singapore Airlines,Premium Economy,520,100,,2096,Y,Y,Y,1,7,2,25,Thursday,False,False,False,Tan Son Nhat International Airport,SGN
Singapore Changi Airport,SIN,2024-08-08 17:40,Shenzhen Bao'an International Airport,SZX,2024-08-08 22:05,265,Shenzhen,Premium Economy,1960,1535,True,597,Y,Y,Y,1,5,1,20,Thursday,False,False,False,Tan Son Nhat International Airport,SGN
Singapore Changi Airport,SIN,2024-08-08 14:30,Ninoy Aquino International Airport,MNL,2024-08-08 18:25,235,Philippine Airlines,Premium Economy,1500,1105,True,701,Y,Y,Y,1,7,2,23,Thursday,False,False,False,Tan Son Nhat International Airport,SGN
Singapore Changi Airport,SIN,2024-08-08 12:00,Shenzhen Bao'an International Airport,SZX,2024-08-08 16:15,255,Shenzhen,Premium Economy,850,405,,1490,Y,Y,Y,1,5,1,20,Thursday,False,False,False,Tan Son Nhat International Airport,SGN
Singapore Changi Airport,SIN,2024-08-08 17:40,Shenzhen Bao'an International Airport,SZX,2024-08-08 22:05,265,Shenzhen,Premium Economy,1250,815,True,1490,Y,Y,Y,1,5,1,20,Thursday,False,False,False,Tan Son Nhat International Airport,SGN
Singapore Changi Airport,SIN,2024-08-08 14:00,Taiwan Taoyuan International Airport,TPE,2024-08-08 18:50,290,STARLUX Airlines,Premium Economy,1275,780,True,1800,Y,Y,Y,1,7,2,23,Thursday,False,False,False,Tan Son Nhat International Airport,SGN
Singapore Changi Airport,SIN,2024-08-09 12:00,Shenzhen Bao'an International Airport,SZX,2024-08-09 16:15,255,Shenzhen,Premium Economy,860,445,,597,Y,Y,Y,1,5,1,20,Friday,True,False,False,Tan Son Nhat International Airport,SGN
Singapore Changi Airport,SIN,2024-08-09 10:10,Shanghai Pudong International Airport,PVG,2024-08-09 15:35,325,China Eastern,Premium Economy,985,400,,620,Y,Y,Y,1,8,1,23,Friday,True,False,False,Tan Son Nhat International Airport,SGN
Singapore Changi Airport,SIN,2024-08-09 09:40,Hong Kong International Airport,HKG,2024-08-09 13:55,255,Singapore Airlines,Premium Economy,520,100,,2096,Y,Y,Y,1,7,2,25,Friday,True,False,False,Tan Son Nhat International Airport,SGN
Singapore Changi Airport,SIN,2024-08-09 12:00,Shenzhen Bao'an International Airport,SZX,2024-08-09 16:15,255,Shenzhen,Premium Economy,850,405,,1490,Y,Y,Y,1,5,1,20,Friday,True,False,False,Tan Son Nhat International Airport,SGN
Singapore Changi Airport,SIN,2024-08-09 17:40,Shenzhen Bao'an International Airport,SZX,2024-08-09 22:05,265,Shenzhen,Premium Economy,1250,815,True,1490,Y,Y,Y,1,5,1,20,Friday,True,False,False,Tan Son Nhat International Airport,SGN
Singapore Changi Airport,SIN,2024-08-09 14:00,Taiwan Taoyuan International Airport,TPE,2024-08-09 18:50,290,STARLUX Airlines,Premium Economy,1275,780,True,1800,Y,Y,Y,1,7,2,23,Friday,True,False,False,Tan Son Nhat International Airport,SGN
Singapore Changi Airport,SIN,2024-08-09 23:10,Shanghai Pudong International Airport,PVG,2024-08-10 04:10,300,China Eastern,Premium Economy,830,275,True,3341,Y,Y,Y,1,8,1,23,Friday,True,False,True,Tan Son Nhat International Airport,SGN
Singapore Changi Airport,SIN,2024-08-10 12:00,Shenzhen Bao'an International Airport,SZX,2024-08-10 16:15,255,Shenzhen,Premium Economy,860,445,,597,Y,Y,Y,1,5,1,20,Saturday,False,False,False,Tan Son Nhat International Airport,SGN
Singapore Changi Airport,SIN,2024-08-10 09:40,Hong Kong International Airport,HKG,2024-08-10 13:55,255,Singapore Airlines,Premium Economy,520,100,,2096,Y,Y,Y,1,7,2,25,Saturday,False,False,False,Tan Son Nhat International Airport,SGN
Singapore Changi Airport,SIN,2024-08-10 12:00,Shenzhen Bao'an International Airport,SZX,2024-08-10 16:15,255,Shenzhen,Premium Economy,850,405,,1490,Y,Y,Y,1,5,1,20,Saturday,False,False,False,Tan Son Nhat International Airport,SGN
Singapore Changi Airport,SIN,2024-08-10 17:40,Shenzhen Bao'an International Airport,SZX,2024-08-10 22:05,265,Shenzhen,Premium Economy,1250,815,True,1490,Y,Y,Y,1,5,1,20,Saturday,False,False,False,Tan Son Nhat International Airport,SGN
Singapore Changi Airport,SIN,2024-08-10 14:00,Taiwan Taoyuan International Airport,TPE,2024-08-10 18:50,290,STARLUX Airlines,Premium Economy,1275,780,True,1800,Y,Y,Y,1,7,2,23,Saturday,False,False,False,Tan Son Nhat International Airport,SGN
Singapore Changi Airport,SIN,2024-08-10 10:10,Shanghai Pudong International Airport,PVG,2024-08-10 15:35,325,China Eastern,Premium Economy,985,380,,2132,Y,Y,Y,1,8,1,23,Saturday,False,False,False,Tan Son Nhat International Airport,SGN
Singapore Changi Airport,SIN,2024-08-11 12:00,Shenzhen Bao'an International Airport,SZX,2024-08-11 16:15,255,Shenzhen,Premium Economy,860,445,,597,Y,Y,Y,1,5,1,20,Sunday,False,False,False,Tan Son Nhat International Airport,SGN
Singapore Changi Airport,SIN,2024-08-11 09:40,Hong Kong International Airport,HKG,2024-08-11 13:55,255,Singapore Airlines,Premium Economy,520,100,,2096,Y,Y,Y,1,7,2,25,Sunday,False,False,False,Tan Son Nhat International Airport,SGN
Singapore Changi Airport,SIN,2024-08-11 12:00,Shenzhen Bao'an International Airport,SZX,2024-08-11 16:15,255,Shenzhen,Premium Economy,850,405,,1490,Y,Y,Y,1,5,1,20,Sunday,False,False,False,Tan Son Nhat International Airport,SGN
Singapore Changi Airport,SIN,2024-08-11 17:40,Shenzhen Bao'an International Airport,SZX,2024-08-11 22:05,265,Shenzhen,Premium Economy,1250,815,True,1490,Y,Y,Y,1,5,1,20,Sunday,False,False,False,Tan Son Nhat International Airport,SGN
Singapore Changi Airport,SIN,2024-08-11 14:00,Taiwan Taoyuan International Airport,TPE,2024-08-11 18:50,290,STARLUX Airlines,Premium Economy,1275,780,True,1800,Y,Y,Y,1,7,2,23,Sunday,False,False,False,Tan Son Nhat International Airport,SGN
Singapore Changi Airport,SIN,2024-08-11 23:10,Shanghai Pudong International Airport,PVG,2024-08-12 04:10,300,China Eastern,Premium Economy,830,275,True,1919,Y,Y,Y,1,8,1,23,Sunday,False,False,True,Tan Son Nhat International Airport,SGN
Singapore Changi Airport,SIN,2024-08-11 10:10,Shanghai Pudong International Airport,PVG,2024-08-11 15:35,325,China Eastern,Premium Economy,985,400,,2132,Y,Y,Y,1,8,1,23,Sunday,False,False,False,Tan Son Nhat International Airport,SGN
Singapore Changi Airport,SIN,2024-08-12 12:00,Shenzhen Bao'an International Airport,SZX,2024-08-12 16:15,255,Shenzhen,Premium Economy,860,445,,597,Y,Y,Y,1,5,1,20,Monday,False,False,False,Tan Son Nhat International Airport,SGN
Singapore Changi Airport,SIN,2024-08-12 10:10,Shanghai Pudong International Airport,PVG,2024-08-12 15:35,325,China Eastern,Premium Economy,985,400,,620,Y,Y,Y,1,8,1,23,Monday,False,False,False,Tan Son Nhat International Airport,SGN
Singapore Changi Airport,SIN,2024-08-12 09:40,Hong Kong International Airport,HKG,2024-08-12 13:55,255,Singapore Airlines,Premium Economy,520,100,,2096,Y,Y,Y,1,7,2,25,Monday,False,False,False,Tan Son Nhat International Airport,SGN
Singapore Changi Airport,SIN,2024-08-12 12:00,Shenzhen Bao'an International Airport,SZX,2024-08-12 16:15,255,Shenzhen,Premium Economy,850,405,,1490,Y,Y,Y,1,5,1,20,Monday,False,False,False,Tan Son Nhat International Airport,SGN
Singapore Changi Airport,SIN,2024-08-12 17:40,Shenzhen Bao'an International Airport,SZX,2024-08-12 22:05,265,Shenzhen,Premium Economy,1250,815,True,1490,Y,Y,Y,1,5,1,20,Monday,False,False,False,Tan Son Nhat International Airport,SGN
Singapore Changi Airport,SIN,2024-08-12 14:00,Taiwan Taoyuan International Airport,TPE,2024-08-12 18:50,290,STARLUX Airlines,Premium Economy,1275,755,True,1800,Y,Y,Y,1,7,2,23,Monday,False,False,False,Tan Son Nhat International Airport,SGN
Singapore Changi Airport,SIN,2024-08-12 23:10,Shanghai Pudong International Airport,PVG,2024-08-13 04:10,300,China Eastern,Premium Economy,830,275,True,1852,Y,Y,Y,1,8,1,23,Monday,False,False,True,Tan Son Nhat International Airport,SGN
Singapore Changi Airport,SIN,2024-08-13 12:00,Shenzhen Bao'an International Airport,SZX,2024-08-13 16:15,255,Shenzhen,Premium Economy,860,445,,597,Y,Y,Y,1,5,1,20,Tuesday,False,False,False,Tan Son Nhat International Airport,SGN
Singapore Changi Airport,SIN,2024-08-13 10:10,Shanghai Pudong International Airport,PVG,2024-08-13 15:35,325,China Eastern,Premium Economy,985,380,,888,Y,Y,Y,1,8,1,23,Tuesday,False,False,False,Tan Son Nhat International Airport,SGN
Singapore Changi Airport,SIN,2024-08-13 09:40,Hong Kong International Airport,HKG,2024-08-13 13:55,255,Singapore Airlines,Premium Economy,520,100,,2096,Y,Y,Y,1,7,2,25,Tuesday,False,False,False,Tan Son Nhat International Airport,SGN
Singapore Changi Airport,SIN,2024-08-13 12:00,Shenzhen Bao'an International Airport,SZX,2024-08-13 16:15,255,Shenzhen,Premium Economy,850,405,,1490,Y,Y,Y,1,5,1,20,Tuesday,False,False,False,Tan Son Nhat International Airport,SGN
Singapore Changi Airport,SIN,2024-08-13 17:40,Shenzhen Bao'an International Airport,SZX,2024-08-13 22:05,265,Shenzhen,Premium Economy,1250,815,True,1490,Y,Y,Y,1,5,1,20,Tuesday,False,False,False,Tan Son Nhat International Airport,SGN
Singapore Changi Airport,SIN,2024-08-13 14:00,Taiwan Taoyuan International Airport,TPE,2024-08-13 18:50,290,STARLUX Airlines,Premium Economy,1275,780,True,1800,Y,Y,Y,1,7,2,23,Tuesday,False,False,False,Tan Son Nhat International Airport,SGN
Singapore Changi Airport,SIN,2024-08-13 23:10,Shanghai Pudong International Airport,PVG,2024-08-14 04:10,300,China Eastern,Premium Economy,830,275,True,1852,Y,Y,Y,1,8,1,23,Tuesday,False,False,True,Tan Son Nhat International Airport,SGN
Singapore Changi Airport,SIN,2024-08-14 12:00,Shenzhen Bao'an International Airport,SZX,2024-08-14 16:15,255,Shenzhen,Premium Economy,860,445,,597,Y,Y,Y,1,5,1,20,Wednesday,False,False,False,Tan Son Nhat International Airport,SGN
Singapore Changi Airport,SIN,2024-08-14 10:10,Shanghai Pudong International Airport,PVG,2024-08-14 15:35,325,China Eastern,Premium Economy,985,380,,888,Y,Y,Y,1,8,1,23,Wednesday,False,False,False,Tan Son Nhat International Airport,SGN
Singapore Changi Airport,SIN,2024-08-14 09:40,Hong Kong International Airport,HKG,2024-08-14 13:55,255,Singapore Airlines,Premium Economy,520,100,,2096,Y,Y,Y,1,7,2,25,Wednesday,False,False,False,Tan Son Nhat International Airport,SGN
Singapore Changi Airport,SIN,2024-08-14 12:00,Shenzhen Bao'an International Airport,SZX,2024-08-14 16:15,255,Shenzhen,Premium Economy,850,405,,1490,Y,Y,Y,1,5,1,20,Wednesday,False,False,False,Tan Son Nhat International Airport,SGN
Singapore Changi Airport,SIN,2024-08-14 17:40,Shenzhen Bao'an International Airport,SZX,2024-08-14 22:05,265,Shenzhen,Premium Economy,1250,815,True,1490,Y,Y,Y,1,5,1,20,Wednesday,False,False,False,Tan Son Nhat International Airport,SGN
Singapore Changi Airport,SIN,2024-08-14 23:10,Shanghai Pudong International Airport,PVG,2024-08-15 04:10,300,China Eastern,Premium Economy,830,275,True,1852,Y,Y,Y,1,8,1,23,Wednesday,False,False,True,Tan Son Nhat International Airport,SGN
Singapore Changi Airport,SIN,2024-08-15 12:00,Shenzhen Bao'an International Airport,SZX,2024-08-15 16:15,255,Shenzhen,Premium Economy,860,445,,597,Y,Y,Y,1,5,1,20,Thursday,False,False,False,Tan Son Nhat International Airport,SGN
Singapore Changi Airport,SIN,2024-08-15 10:10,Shanghai Pudong International Airport,PVG,2024-08-15 15:35,325,China Eastern,Premium Economy,985,400,,888,Y,Y,Y,1,8,1,23,Thursday,False,False,False,Tan Son Nhat International Airport,SGN
Singapore Changi Airport,SIN,2024-08-15 09:40,Hong Kong International Airport,HKG,2024-08-15 13:55,255,Singapore Airlines,Premium Economy,520,100,,2096,Y,Y,Y,1,7,2,25,Thursday,False,False,False,Tan Son Nhat International Airport,SGN
Singapore Changi Airport,SIN,2024-08-15 12:00,Shenzhen Bao'an International Airport,SZX,2024-08-15 16:15,255,Shenzhen,Premium Economy,850,405,,1490,Y,Y,Y,1,5,1,20,Thursday,False,False,False,Tan Son Nhat International Airport,SGN
Singapore Changi Airport,SIN,2024-08-15 17:40,Shenzhen Bao'an International Airport,SZX,2024-08-15 22:05,265,Shenzhen,Premium Economy,1250,815,True,1490,Y,Y,Y,1,5,1,20,Thursday,False,False,False,Tan Son Nhat International Airport,SGN
Singapore Changi Airport,SIN,2024-08-15 14:00,Taiwan Taoyuan International Airport,TPE,2024-08-15 18:50,290,STARLUX Airlines,Premium Economy,1275,780,True,1800,Y,Y,Y,1,7,2,23,Thursday,False,False,False,Tan Son Nhat International Airport,SGN
Singapore Changi Airport,SIN,2024-08-16 12:00,Shenzhen Bao'an International Airport,SZX,2024-08-16 16:15,255,Shenzhen,Premium Economy,860,445,,597,Y,Y,Y,1,5,1,20,Friday,False,False,False,Tan Son Nhat International Airport,SGN
Singapore Changi Airport,SIN,2024-08-16 10:10,Shanghai Pudong International Airport,PVG,2024-08-16 15:35,325,China Eastern,Premium Economy,985,400,,970,Y,Y,Y,1,8,1,23,Friday,False,False,False,Tan Son Nhat International Airport,SGN
Singapore Changi Airport,SIN,2024-08-16 09:40,Hong Kong International Airport,HKG,2024-08-16 13:55,255,Singapore Airlines,Premium Economy,520,100,,2096,Y,Y,Y,1,7,2,25,Friday,False,False,False,Tan Son Nhat International Airport,SGN
Singapore Changi Airport,SIN,2024-08-16 12:00,Shenzhen Bao'an International Airport,SZX,2024-08-16 16:15,255,Shenzhen,Premium Economy,850,405,,1490,Y,Y,Y,1,5,1,20,Friday,False,False,False,Tan Son Nhat International Airport,SGN
Singapore Changi Airport,SIN,2024-08-16 17:40,Shenzhen Bao'an International Airport,SZX,2024-08-16 22:05,265,Shenzhen,Premium Economy,1250,815,True,1490,Y,Y,Y,1,5,1,20,Friday,False,False,False,Tan Son Nhat International Airport,SGN
Singapore Changi Airport,SIN,2024-08-16 23:10,Shanghai Pudong International Airport,PVG,2024-08-17 04:10,300,China Eastern,Premium Economy,830,275,True,1852,Y,Y,Y,1,8,1,23,Friday,False,False,True,Tan Son Nhat International Airport,SGN
Singapore Changi Airport,SIN,2024-08-17 12:00,Shenzhen Bao'an International Airport,SZX,2024-08-17 16:15,255,Shenzhen,Premium Economy,860,445,,597,Y,Y,Y,1,5,1,20,Saturday,False,False,False,Tan Son Nhat International Airport,SGN
Singapore Changi Airport,SIN,2024-08-17 09:40,Hong Kong International Airport,HKG,2024-08-17 13:55,255,Singapore Airlines,Premium Economy,520,100,,2096,Y,Y,Y,1,7,2,25,Saturday,False,False,False,Tan Son Nhat International Airport,SGN
Singapore Changi Airport,SIN,2024-08-17 12:00,Shenzhen Bao'an International Airport,SZX,2024-08-17 16:15,255,Shenzhen,Premium Economy,850,405,,1490,Y,Y,Y,1,5,1,20,Saturday,False,False,False,Tan Son Nhat International Airport,SGN
Singapore Changi Airport,SIN,2024-08-17 17:40,Shenzhen Bao'an International Airport,SZX,2024-08-17 22:05,265,Shenzhen,Premium Economy,1250,815,True,1490,Y,Y,Y,1,5,1,20,Saturday,False,False,False,Tan Son Nhat International Airport,SGN
Singapore Changi Airport,SIN,2024-08-17 10:10,Shanghai Pudong International Airport,PVG,2024-08-17 15:35,325,China Eastern,Premium Economy,985,380,,2132,Y,Y,Y,1,8,1,23,Saturday,False,False,False,Tan Son Nhat International Airport,SGN
Singapore Changi Airport,SIN,2024-08-17 13:05,Hong Kong International Airport,HKG,2024-08-17 17:05,240,Singapore Airlines,Premium Economy,1340,935,True,2994,Y,Y,Y,1,7,2,25,Saturday,False,False,False,Tan Son Nhat International Airport,SGN
Singapore Changi Airport,SIN,2024-08-18 12:00,Shenzhen Bao'an International Airport,SZX,2024-08-18 16:15,255,Shenzhen,Premium Economy,860,445,,597,Y,Y,Y,1,5,1,20,Sunday,False,False,False,Tan Son Nhat International Airport,SGN
Singapore Changi Airport,SIN,2024-08-18 09:40,Hong Kong International Airport,HKG,2024-08-18 13:55,255,Singapore Airlines,Premium Economy,520,100,,2096,Y,Y,Y,1,7,2,25,Sunday,False,False,False,Tan Son Nhat International Airport,SGN
Singapore Changi Airport,SIN,2024-08-18 12:00,Shenzhen Bao'an International Airport,SZX,2024-08-18 16:15,255,Shenzhen,Premium Economy,850,405,,1490,Y,Y,Y,1,5,1,20,Sunday,False,False,False,Tan Son Nhat International Airport,SGN
Singapore Changi Airport,SIN,2024-08-18 17:40,Shenzhen Bao'an International Airport,SZX,2024-08-18 22:05,265,Shenzhen,Premium Economy,1250,815,True,1490,Y,Y,Y,1,5,1,20,Sunday,False,False,False,Tan Son Nhat International Airport,SGN
Singapore Changi Airport,SIN,2024-08-18 10:10,Shanghai Pudong International Airport,PVG,2024-08-18 15:35,325,China Eastern,Premium Economy,985,400,,2132,Y,Y,Y,1,8,1,23,Sunday,False,False,False,Tan Son Nhat International Airport,SGN
Singapore Changi Airport,SIN,2024-08-18 23:10,Shanghai Pudong International Airport,PVG,2024-08-19 04:10,300,China Eastern,Premium Economy,830,275,True,3341,Y,Y,Y,1,8,1,23,Sunday,False,False,True,Tan Son Nhat International Airport,SGN
Singapore Changi Airport,SIN,2024-08-19 12:00,Shenzhen Bao'an International Airport,SZX,2024-08-19 16:15,255,Shenzhen,Premium Economy,860,445,,596,Y,Y,Y,1,5,1,20,Monday,False,False,False,Tan Son Nhat International Airport,SGN
Singapore Changi Airport,SIN,2024-08-19 10:10,Shanghai Pudong International Airport,PVG,2024-08-19 15:35,325,China Eastern,Premium Economy,985,400,,887,Y,Y,Y,1,8,1,23,Monday,False,False,False,Tan Son Nhat International Airport,SGN
Singapore Changi Airport,SIN,2024-08-19 09:40,Hong Kong International Airport,HKG,2024-08-19 13:55,255,Singapore Airlines,Premium Economy,520,100,,2093,Y,Y,Y,1,7,2,25,Monday,False,False,False,Tan Son Nhat International Airport,SGN
Singapore Changi Airport,SIN,2024-08-19 12:00,Shenzhen Bao'an International Airport,SZX,2024-08-19 16:15,255,Shenzhen,Premium Economy,850,405,,1487,Y,Y,Y,1,5,1,20,Monday,False,False,False,Tan Son Nhat International Airport,SGN
Singapore Changi Airport,SIN,2024-08-19 17:40,Shenzhen Bao'an International Airport,SZX,2024-08-19 22:05,265,Shenzhen,Premium Economy,1250,815,True,1487,Y,Y,Y,1,5,1,20,Monday,False,False,False,Tan Son Nhat International Airport,SGN
Singapore Changi Airport,SIN,2024-08-19 23:10,Shanghai Pudong International Airport,PVG,2024-08-20 04:10,300,China Eastern,Premium Economy,830,275,True,1849,Y,Y,Y,1,8,1,23,Monday,False,False,True,Tan Son Nhat International Airport,SGN
Singapore Changi Airport,SIN,2024-08-20 12:00,Shenzhen Bao'an International Airport,SZX,2024-08-20 16:15,255,Shenzhen,Premium Economy,860,445,,596,Y,Y,Y,1,5,1,20,Tuesday,False,False,False,Tan Son Nhat International Airport,SGN
Singapore Changi Airport,SIN,2024-08-20 10:10,Shanghai Pudong International Airport,PVG,2024-08-20 15:35,325,China Eastern,Premium Economy,985,380,,887,Y,Y,Y,1,8,1,23,Tuesday,False,False,False,Tan Son Nhat International Airport,SGN
Singapore Changi Airport,SIN,2024-08-20 09:40,Hong Kong International Airport,HKG,2024-08-20 13:55,255,Singapore Airlines,Premium Economy,520,100,,2093,Y,Y,Y,1,7,2,25,Tuesday,False,False,False,Tan Son Nhat International Airport,SGN
Singapore Changi Airport,SIN,2024-08-20 12:00,Shenzhen Bao'an International Airport,SZX,2024-08-20 16:15,255,Shenzhen,Premium Economy,850,405,,1487,Y,Y,Y,1,5,1,20,Tuesday,False,False,False,Tan Son Nhat International Airport,SGN
Singapore Changi Airport,SIN,2024-08-20 17:40,Shenzhen Bao'an International Airport,SZX,2024-08-20 22:05,265,Shenzhen,Premium Economy,1250,815,True,1487,Y,Y,Y,1,5,1,20,Tuesday,False,False,False,Tan Son Nhat International Airport,SGN
Singapore Changi Airport,SIN,2024-08-20 23:10,Shanghai Pudong International Airport,PVG,2024-08-21 04:10,300,China Eastern,Premium Economy,830,275,True,1849,Y,Y,Y,1,8,1,23,Tuesday,False,False,True,Tan Son Nhat International Airport,SGN
Singapore Changi Airport,SIN,2024-08-21 12:00,Shenzhen Bao'an International Airport,SZX,2024-08-21 16:15,255,Shenzhen,Premium Economy,860,445,,579,Y,Y,Y,1,5,1,20,Wednesday,False,False,False,Tan Son Nhat International Airport,SGN
Singapore Changi Airport,SIN,2024-08-21 10:10,Shanghai Pudong International Airport,PVG,2024-08-21 15:35,325,China Eastern,Premium Economy,985,380,,859,Y,Y,Y,1,8,1,23,Wednesday,False,False,False,Tan Son Nhat International Airport,SGN
Singapore Changi Airport,SIN,2024-08-21 09:40,Hong Kong International Airport,HKG,2024-08-21 13:55,255,Singapore Airlines,Premium Economy,520,100,,2093,Y,Y,Y,1,7,2,25,Wednesday,False,False,False,Tan Son Nhat International Airport,SGN
Singapore Changi Airport,SIN,2024-08-21 12:00,Shenzhen Bao'an International Airport,SZX,2024-08-21 16:15,255,Shenzhen,Premium Economy,850,405,,1487,Y,Y,Y,1,5,1,20,Wednesday,False,False,False,Tan Son Nhat International Airport,SGN
Singapore Changi Airport,SIN,2024-08-21 17:40,Shenzhen Bao'an International Airport,SZX,2024-08-21 22:05,265,Shenzhen,Premium Economy,1250,815,True,1487,Y,Y,Y,1,5,1,20,Wednesday,False,False,False,Tan Son Nhat International Airport,SGN
Singapore Changi Airport,SIN,2024-08-21 23:10,Shanghai Pudong International Airport,PVG,2024-08-22 04:10,300,China Eastern,Premium Economy,830,275,True,1849,Y,Y,Y,1,8,1,23,Wednesday,False,False,True,Tan Son Nhat International Airport,SGN
Singapore Changi Airport,SIN,2024-08-22 12:00,Shenzhen Bao'an International Airport,SZX,2024-08-22 16:15,255,Shenzhen,Premium Economy,860,445,,579,Y,Y,Y,1,5,1,20,Thursday,False,False,False,Tan Son Nhat International Airport,SGN
Singapore Changi Airport,SIN,2024-08-22 10:10,Shanghai Pudong International Airport,PVG,2024-08-22 15:35,325,China Eastern,Premium Economy,985,400,,859,Y,Y,Y,1,8,1,23,Thursday,False,False,False,Tan Son Nhat International Airport,SGN
Singapore Changi Airport,SIN,2024-08-22 09:40,Hong Kong International Airport,HKG,2024-08-22 13:55,255,Singapore Airlines,Premium Economy,520,100,,2093,Y,Y,Y,1,7,2,25,Thursday,False,False,False,Tan Son Nhat International Airport,SGN
Singapore Changi Airport,SIN,2024-08-22 12:00,Shenzhen Bao'an International Airport,SZX,2024-08-22 16:15,255,Shenzhen,Premium Economy,850,405,,1487,Y,Y,Y,1,5,1,20,Thursday,False,False,False,Tan Son Nhat International Airport,SGN
Singapore Changi Airport,SIN,2024-08-22 17:40,Shenzhen Bao'an International Airport,SZX,2024-08-22 22:05,265,Shenzhen,Premium Economy,1250,815,True,1487,Y,Y,Y,1,5,1,20,Thursday,False,False,False,Tan Son Nhat International Airport,SGN
Singapore Changi Airport,SIN,2024-08-23 12:00,Shenzhen Bao'an International Airport,SZX,2024-08-23 16:15,255,Shenzhen,Premium Economy,860,445,,579,Y,Y,Y,1,5,1,20,Friday,False,False,False,Tan Son Nhat International Airport,SGN
Singapore Changi Airport,SIN,2024-08-23 10:10,Shanghai Pudong International Airport,PVG,2024-08-23 15:35,325,China Eastern,Premium Economy,985,400,,859,Y,Y,Y,1,8,1,23,Friday,False,False,False,Tan Son Nhat International Airport,SGN
Singapore Changi Airport,SIN,2024-08-23 09:40,Hong Kong International Airport,HKG,2024-08-23 13:55,255,Singapore Airlines,Premium Economy,520,100,,2093,Y,Y,Y,1,7,2,25,Friday,False,False,False,Tan Son Nhat International Airport,SGN
Singapore Changi Airport,SIN,2024-08-23 12:00,Shenzhen Bao'an International Airport,SZX,2024-08-23 16:15,255,Shenzhen,Premium Economy,850,405,,1487,Y,Y,Y,1,5,1,20,Friday,False,False,False,Tan Son Nhat International Airport,SGN
Singapore Changi Airport,SIN,2024-08-23 17:40,Shenzhen Bao'an International Airport,SZX,2024-08-23 22:05,265,Shenzhen,Premium Economy,1250,815,True,1487,Y,Y,Y,1,5,1,20,Friday,False,False,False,Tan Son Nhat International Airport,SGN
Singapore Changi Airport,SIN,2024-08-23 23:10,Shanghai Pudong International Airport,PVG,2024-08-24 04:10,300,China Eastern,Premium Economy,830,275,True,1849,Y,Y,Y,1,8,1,23,Friday,False,False,True,Tan Son Nhat International Airport,SGN
Singapore Changi Airport,SIN,2024-08-24 12:00,Shenzhen Bao'an International Airport,SZX,2024-08-24 16:15,255,Shenzhen,Premium Economy,860,445,,579,Y,Y,Y,1,5,1,20,Saturday,False,False,False,Tan Son Nhat International Airport,SGN
Singapore Changi Airport,SIN,2024-08-24 10:10,Shanghai Pudong International Airport,PVG,2024-08-24 15:35,325,China Eastern,Premium Economy,985,380,,941,Y,Y,Y,1,8,1,23,Saturday,False,False,False,Tan Son Nhat International Airport,SGN
Singapore Changi Airport,SIN,2024-08-24 09:40,Hong Kong International Airport,HKG,2024-08-24 13:55,255,Singapore Airlines,Premium Economy,520,100,,2093,Y,Y,Y,1,7,2,25,Saturday,False,False,False,Tan Son Nhat International Airport,SGN
Singapore Changi Airport,SIN,2024-08-24 12:00,Shenzhen Bao'an International Airport,SZX,2024-08-24 16:15,255,Shenzhen,Premium Economy,850,405,,1487,Y,Y,Y,1,5,1,20,Saturday,False,False,False,Tan Son Nhat International Airport,SGN
Singapore Changi Airport,SIN,2024-08-24 17:40,Shenzhen Bao'an International Airport,SZX,2024-08-24 22:05,265,Shenzhen,Premium Economy,1250,815,True,1487,Y,Y,Y,1,5,1,20,Saturday,False,False,False,Tan Son Nhat International Airport,SGN
Singapore Changi Airport,SIN,2024-08-25 12:00,Shenzhen Bao'an International Airport,SZX,2024-08-25 16:15,255,Shenzhen,Premium Economy,860,445,,579,Y,Y,Y,1,5,1,20,Sunday,False,False,False,Tan Son Nhat International Airport,SGN
Singapore Changi Airport,SIN,2024-08-25 09:40,Hong Kong International Airport,HKG,2024-08-25 13:55,255,Singapore Airlines,Premium Economy,520,100,,2093,Y,Y,Y,1,7,2,25,Sunday,False,False,False,Tan Son Nhat International Airport,SGN
Singapore Changi Airport,SIN,2024-08-25 12:00,Shenzhen Bao'an International Airport,SZX,2024-08-25 16:15,255,Shenzhen,Premium Economy,850,405,,1487,Y,Y,Y,1,5,1,20,Sunday,False,False,False,Tan Son Nhat International Airport,SGN
Singapore Changi Airport,SIN,2024-08-25 17:40,Shenzhen Bao'an International Airport,SZX,2024-08-25 22:05,265,Shenzhen,Premium Economy,1250,815,True,1487,Y,Y,Y,1,5,1,20,Sunday,False,False,False,Tan Son Nhat International Airport,SGN
Singapore Changi Airport,SIN,2024-08-25 23:10,Shanghai Pudong International Airport,PVG,2024-08-26 04:10,300,China Eastern,Premium Economy,830,275,True,1849,Y,Y,Y,1,8,1,23,Sunday,False,False,True,Tan Son Nhat International Airport,SGN
Singapore Changi Airport,SIN,2024-08-25 10:10,Shanghai Pudong International Airport,PVG,2024-08-25 15:35,325,China Eastern,Premium Economy,985,400,,2073,Y,Y,Y,1,8,1,23,Sunday,False,False,False,Tan Son Nhat International Airport,SGN
Singapore Changi Airport,SIN,2024-08-26 12:00,Shenzhen Bao'an International Airport,SZX,2024-08-26 16:15,255,Shenzhen,Premium Economy,860,445,,473,Y,Y,Y,1,5,1,20,Monday,False,False,False,Tan Son Nhat International Airport,SGN
Singapore Changi Airport,SIN,2024-08-26 10:10,Shanghai Pudong International Airport,PVG,2024-08-26 15:35,325,China Eastern,Premium Economy,985,400,,859,Y,Y,Y,1,8,1,23,Monday,False,False,False,Tan Son Nhat International Airport,SGN
Singapore Changi Airport,SIN,2024-08-26 09:40,Hong Kong International Airport,HKG,2024-08-26 13:55,255,Singapore Airlines,Premium Economy,520,100,,2093,Y,Y,Y,1,7,2,25,Monday,False,False,False,Tan Son Nhat International Airport,SGN
Singapore Changi Airport,SIN,2024-08-26 12:00,Shenzhen Bao'an International Airport,SZX,2024-08-26 16:15,255,Shenzhen,Premium Economy,850,405,,1382,Y,Y,Y,1,5,1,20,Monday,False,False,False,Tan Son Nhat International Airport,SGN
Singapore Changi Airport,SIN,2024-08-26 17:40,Shenzhen Bao'an International Airport,SZX,2024-08-26 22:05,265,Shenzhen,Premium Economy,1250,815,True,1382,Y,Y,Y,1,5,1,20,Monday,False,False,False,Tan Son Nhat International Airport,SGN
Singapore Changi Airport,SIN,2024-08-26 14:00,Taiwan Taoyuan International Airport,TPE,2024-08-26 18:50,290,STARLUX Airlines,Premium Economy,1275,755,True,1797,Y,Y,Y,1,7,2,23,Monday,False,False,False,Tan Son Nhat International Airport,SGN
Singapore Changi Airport,SIN,2024-08-26 23:10,Shanghai Pudong International Airport,PVG,2024-08-27 04:10,300,China Eastern,Premium Economy,830,275,True,1849,Y,Y,Y,1,8,1,23,Monday,False,False,True,Tan Son Nhat International Airport,SGN
Singapore Changi Airport,SIN,2024-08-27 12:00,Shenzhen Bao'an International Airport,SZX,2024-08-27 16:15,255,Shenzhen,Premium Economy,860,445,,473,Y,Y,Y,1,5,1,20,Tuesday,False,False,False,Tan Son Nhat International Airport,SGN
Singapore Changi Airport,SIN,2024-08-27 10:10,Shanghai Pudong International Airport,PVG,2024-08-27 15:35,325,China Eastern,Premium Economy,985,380,,859,Y,Y,Y,1,8,1,23,Tuesday,False,False,False,Tan Son Nhat International Airport,SGN
Singapore Changi Airport,SIN,2024-08-27 09:40,Hong Kong International Airport,HKG,2024-08-27 13:55,255,Singapore Airlines,Premium Economy,520,100,,2093,Y,Y,Y,1,7,2,25,Tuesday,False,False,False,Tan Son Nhat International Airport,SGN
Singapore Changi Airport,SIN,2024-08-27 12:00,Shenzhen Bao'an International Airport,SZX,2024-08-27 16:15,255,Shenzhen,Premium Economy,850,405,,1382,Y,Y,Y,1,5,1,20,Tuesday,False,False,False,Tan Son Nhat International Airport,SGN
Singapore Changi Airport,SIN,2024-08-27 17:40,Shenzhen Bao'an International Airport,SZX,2024-08-27 22:05,265,Shenzhen,Premium Economy,1250,815,True,1382,Y,Y,Y,1,5,1,20,Tuesday,False,False,False,Tan Son Nhat International Airport,SGN
Singapore Changi Airport,SIN,2024-08-27 23:10,Shanghai Pudong International Airport,PVG,2024-08-28 04:10,300,China Eastern,Premium Economy,830,275,True,1849,Y,Y,Y,1,8,1,23,Tuesday,False,False,True,Tan Son Nhat International Airport,SGN
Singapore Changi Airport,SIN,2024-08-28 12:00,Shenzhen Bao'an International Airport,SZX,2024-08-28 16:15,255,Shenzhen,Premium Economy,860,445,,549,Y,Y,Y,1,5,1,20,Wednesday,False,False,False,Tan Son Nhat International Airport,SGN
Singapore Changi Airport,SIN,2024-08-28 10:10,Shanghai Pudong International Airport,PVG,2024-08-28 15:35,325,China Eastern,Premium Economy,985,380,,859,Y,Y,Y,1,8,1,23,Wednesday,False,False,False,Tan Son Nhat International Airport,SGN
Singapore Changi Airport,SIN,2024-08-28 09:40,Hong Kong International Airport,HKG,2024-08-28 13:55,255,Singapore Airlines,Premium Economy,520,100,,2093,Y,Y,Y,1,7,2,25,Wednesday,False,False,False,Tan Son Nhat International Airport,SGN
Singapore Changi Airport,SIN,2024-08-28 17:40,Shenzhen Bao'an International Airport,SZX,2024-08-28 22:05,265,Shenzhen,Premium Economy,1250,815,True,1382,Y,Y,Y,1,5,1,20,Wednesday,False,False,False,Tan Son Nhat International Airport,SGN
Singapore Changi Airport,SIN,2024-08-28 12:00,Shenzhen Bao'an International Airport,SZX,2024-08-28 16:15,255,Shenzhen,Premium Economy,850,405,,1458,Y,Y,Y,1,5,1,20,Wednesday,False,False,False,Tan Son Nhat International Airport,SGN
Singapore Changi Airport,SIN,2024-08-28 23:10,Shanghai Pudong International Airport,PVG,2024-08-29 04:10,300,China Eastern,Premium Economy,830,275,True,3335,Y,Y,Y,1,8,1,23,Wednesday,False,False,True,Tan Son Nhat International Airport,SGN
Singapore Changi Airport,SIN,2024-08-29 12:00,Shenzhen Bao'an International Airport,SZX,2024-08-29 16:15,255,Shenzhen,Premium Economy,860,445,,473,Y,Y,Y,1,5,1,20,Thursday,False,False,False,Tan Son Nhat International Airport,SGN
Singapore Changi Airport,SIN,2024-08-29 10:10,Shanghai Pudong International Airport,PVG,2024-08-29 15:35,325,China Eastern,Premium Economy,985,400,,859,Y,Y,Y,1,8,1,23,Thursday,False,False,False,Tan Son Nhat International Airport,SGN
Singapore Changi Airport,SIN,2024-08-29 09:40,Hong Kong International Airport,HKG,2024-08-29 13:55,255,Singapore Airlines,Premium Economy,520,100,,2093,Y,Y,Y,1,7,2,25,Thursday,False,False,False,Tan Son Nhat International Airport,SGN
Singapore Changi Airport,SIN,2024-08-29 12:00,Shenzhen Bao'an International Airport,SZX,2024-08-29 16:15,255,Shenzhen,Premium Economy,850,405,,1382,Y,Y,Y,1,5,1,20,Thursday,False,False,False,Tan Son Nhat International Airport,SGN
Singapore Changi Airport,SIN,2024-08-29 17:40,Shenzhen Bao'an International Airport,SZX,2024-08-29 22:05,265,Shenzhen,Premium Economy,1250,815,True,1382,Y,Y,Y,1,5,1,20,Thursday,False,False,False,Tan Son Nhat International Airport,SGN
Singapore Changi Airport,SIN,2024-08-30 12:00,Shenzhen Bao'an International Airport,SZX,2024-08-30 16:15,255,Shenzhen,Premium Economy,860,445,,473,Y,Y,Y,1,5,1,20,Friday,False,False,False,Tan Son Nhat International Airport,SGN
Singapore Changi Airport,SIN,2024-08-30 10:10,Shanghai Pudong International Airport,PVG,2024-08-30 15:35,325,China Eastern,Premium Economy,985,400,,859,Y,Y,Y,1,8,1,23,Friday,False,False,False,Tan Son Nhat International Airport,SGN
Singapore Changi Airport,SIN,2024-08-30 09:40,Hong Kong International Airport,HKG,2024-08-30 13:55,255,Singapore Airlines,Premium Economy,520,100,,2093,Y,Y,Y,1,7,2,25,Friday,False,False,False,Tan Son Nhat International Airport,SGN
Singapore Changi Airport,SIN,2024-08-30 12:00,Shenzhen Bao'an International Airport,SZX,2024-08-30 16:15,255,Shenzhen,Premium Economy,850,405,,1382,Y,Y,Y,1,5,1,20,Friday,False,False,False,Tan Son Nhat International Airport,SGN
Singapore Changi Airport,SIN,2024-08-30 17:40,Shenzhen Bao'an International Airport,SZX,2024-08-30 22:05,265,Shenzhen,Premium Economy,1250,815,True,1382,Y,Y,Y,1,5,1,20,Friday,False,False,False,Tan Son Nhat International Airport,SGN
Singapore Changi Airport,SIN,2024-08-30 23:10,Shanghai Pudong International Airport,PVG,2024-08-31 04:10,300,China Eastern,Premium Economy,830,275,True,1916,Y,Y,Y,1,8,1,23,Friday,False,False,True,Tan Son Nhat International Airport,SGN
Singapore Changi Airport,SIN,2024-08-31 12:00,Shenzhen Bao'an International Airport,SZX,2024-08-31 16:15,255,Shenzhen,Premium Economy,860,445,,473,Y,Y,Y,1,5,1,20,Saturday,False,False,False,Tan Son Nhat International Airport,SGN
Singapore Changi Airport,SIN,2024-08-31 10:10,Shanghai Pudong International Airport,PVG,2024-08-31 15:35,325,China Eastern,Premium Economy,985,380,,859,Y,Y,Y,1,8,1,23,Saturday,False,False,False,Tan Son Nhat International Airport,SGN
Singapore Changi Airport,SIN,2024-08-31 09:40,Hong Kong International Airport,HKG,2024-08-31 13:55,255,Singapore Airlines,Premium Economy,520,100,,2093,Y,Y,Y,1,7,2,25,Saturday,False,False,False,Tan Son Nhat International Airport,SGN
Singapore Changi Airport,SIN,2024-08-31 12:00,Shenzhen Bao'an International Airport,SZX,2024-08-31 16:15,255,Shenzhen,Premium Economy,850,405,,1382,Y,Y,Y,1,5,1,20,Saturday,False,False,False,Tan Son Nhat International Airport,SGN
Singapore Changi Airport,SIN,2024-08-31 17:40,Shenzhen Bao'an International Airport,SZX,2024-08-31 22:05,265,Shenzhen,Premium Economy,1250,815,True,1382,Y,Y,Y,1,5,1,20,Saturday,False,False,False,Tan Son Nhat International Airport,SGN
Singapore Changi Airport,SIN,2024-08-31 14:00,Taiwan Taoyuan International Airport,TPE,2024-08-31 18:50,290,STARLUX Airlines,Premium Economy,1275,780,True,1797,Y,Y,Y,1,7,2,23,Saturday,False,False,False,Tan Son Nhat International Airport,SGN
