Departure Airport Name,Departure Airport ID,Departure Time,Arrival Airport Name,Arrival Airport ID,Arrival Time,Duration,Airline,Travel Class,Total Duration,Layover 1 Duration,Layover 1 Overnight,Price, Cabin Baggage, Checked Baggage,Meal Included,Cabin Baggage (Number),Cabin Baggage (kg per piece),Checked Baggage (Number),Checked Baggage (kg per piece) ,Day of Week (on flight date),Departure Country Is Holiday,Arrival Country Is Holiday,Overnight Flight,Final Arrival Airport Name,Final Arrival Airport ID
Singapore Changi Airport,SIN,2024-07-01 10:10,Shanghai Pudong International Airport,PVG,2024-07-01 15:35,325,China Eastern,Premium Economy,845,265,,610,Y,Y,Y,1,8,1,23,Monday,False,False,False,Phnom Penh International Airport,PNH
Singapore Changi Airport,SIN,2024-07-01 17:40,Shenzhen Bao'an International Airport,SZX,2024-07-01 22:05,265,Shenzhen,Premium Economy,1110,690,True,1702,Y,Y,Y,1,5,1,20,Monday,False,False,False,Phnom Penh International Airport,PNH
Singapore Changi Airport,SIN,2024-07-01 13:25,Suvarnabhumi Airport,BKK,2024-07-01 15:15,170,Cathay Pacific,Premium Economy,370,125,,1862,Y,Y,Y,1,7,2,25,Monday,False,False,False,Phnom Penh International Airport,PNH
Singapore Changi Airport,SIN,2024-07-02 10:10,Shanghai Pudong International Airport,PVG,2024-07-02 15:35,325,China Eastern,Premium Economy,845,265,,1076,Y,Y,Y,1,8,1,23,Tuesday,False,False,False,Phnom Penh International Airport,PNH
Singapore Changi Airport,SIN,2024-07-02 17:40,Shenzhen Bao'an International Airport,SZX,2024-07-02 22:05,265,Shenzhen,Premium Economy,1110,690,True,1702,Y,Y,Y,1,5,1,20,Tuesday,False,False,False,Phnom Penh International Airport,PNH
Singapore Changi Airport,SIN,2024-07-02 13:25,Suvarnabhumi Airport,BKK,2024-07-02 15:15,170,Cathay Pacific,Premium Economy,370,125,,1862,Y,Y,Y,1,7,2,25,Tuesday,False,False,False,Phnom Penh International Airport,PNH
Singapore Changi Airport,SIN,2024-07-03 10:10,Shanghai Pudong International Airport,PVG,2024-07-03 15:35,325,China Eastern,Premium Economy,845,265,,996,Y,Y,Y,1,8,1,23,Wednesday,False,False,False,Phnom Penh International Airport,PNH
Singapore Changi Airport,SIN,2024-07-03 17:40,Shenzhen Bao'an International Airport,SZX,2024-07-03 22:05,265,Shenzhen,Premium Economy,1110,690,True,1702,Y,Y,Y,1,5,1,20,Wednesday,False,False,False,Phnom Penh International Airport,PNH
Singapore Changi Airport,SIN,2024-07-03 13:25,Suvarnabhumi Airport,BKK,2024-07-03 15:15,170,Cathay Pacific,Premium Economy,370,125,,1862,Y,Y,Y,1,7,2,25,Wednesday,False,False,False,Phnom Penh International Airport,PNH
Singapore Changi Airport,SIN,2024-07-04 17:40,Shenzhen Bao'an International Airport,SZX,2024-07-04 22:05,265,Shenzhen,Premium Economy,1110,690,True,444,Y,Y,Y,1,5,1,20,Thursday,False,False,False,Phnom Penh International Airport,PNH
Singapore Changi Airport,SIN,2024-07-04 10:10,Shanghai Pudong International Airport,PVG,2024-07-04 15:35,325,China Eastern,Premium Economy,845,265,,996,Y,Y,Y,1,8,1,23,Thursday,False,False,False,Phnom Penh International Airport,PNH
Singapore Changi Airport,SIN,2024-07-04 13:25,Suvarnabhumi Airport,BKK,2024-07-04 15:15,170,Cathay Pacific,Premium Economy,370,125,,1862,Y,Y,Y,1,7,2,25,Thursday,False,False,False,Phnom Penh International Airport,PNH
Singapore Changi Airport,SIN,2024-07-05 17:40,Shenzhen Bao'an International Airport,SZX,2024-07-05 22:05,265,Shenzhen,Premium Economy,1110,690,True,519,Y,Y,Y,1,5,1,20,Friday,False,False,False,Phnom Penh International Airport,PNH
Singapore Changi Airport,SIN,2024-07-05 10:10,Shanghai Pudong International Airport,PVG,2024-07-05 15:35,325,China Eastern,Premium Economy,845,265,,765,Y,Y,Y,1,8,1,23,Friday,False,False,False,Phnom Penh International Airport,PNH
Singapore Changi Airport,SIN,2024-07-05 13:25,Suvarnabhumi Airport,BKK,2024-07-05 15:15,170,Cathay Pacific,Premium Economy,370,125,,1862,Y,Y,Y,1,7,2,25,Friday,False,False,False,Phnom Penh International Airport,PNH
Singapore Changi Airport,SIN,2024-07-06 17:40,Shenzhen Bao'an International Airport,SZX,2024-07-06 22:05,265,Shenzhen,Premium Economy,1110,690,True,444,Y,Y,Y,1,5,1,20,Saturday,False,False,False,Phnom Penh International Airport,PNH
Singapore Changi Airport,SIN,2024-07-06 10:10,Shanghai Pudong International Airport,PVG,2024-07-06 15:35,325,China Eastern,Premium Economy,845,265,,755,Y,Y,Y,1,8,1,23,Saturday,False,False,False,Phnom Penh International Airport,PNH
Singapore Changi Airport,SIN,2024-07-06 13:25,Suvarnabhumi Airport,BKK,2024-07-06 15:15,170,Cathay Pacific,Premium Economy,370,125,,1862,Y,Y,Y,1,7,2,25,Saturday,False,False,False,Phnom Penh International Airport,PNH
Singapore Changi Airport,SIN,2024-07-06 09:40,Hong Kong International Airport,HKG,2024-07-06 13:55,255,Singapore Airlines,Premium Economy,510,85,,2081,Y,Y,Y,1,7,2,25,Saturday,False,False,False,Phnom Penh International Airport,PNH
Singapore Changi Airport,SIN,2024-07-07 17:40,Shenzhen Bao'an International Airport,SZX,2024-07-07 22:05,265,Shenzhen,Premium Economy,1110,690,True,444,Y,Y,Y,1,5,1,20,Sunday,False,False,False,Phnom Penh International Airport,PNH
Singapore Changi Airport,SIN,2024-07-07 10:10,Shanghai Pudong International Airport,PVG,2024-07-07 15:35,325,China Eastern,Premium Economy,845,265,,1153,Y,Y,Y,1,8,1,23,Sunday,False,False,False,Phnom Penh International Airport,PNH
Singapore Changi Airport,SIN,2024-07-07 13:25,Suvarnabhumi Airport,BKK,2024-07-07 15:15,170,Cathay Pacific,Premium Economy,370,125,,1862,Y,Y,Y,1,7,2,25,Sunday,False,False,False,Phnom Penh International Airport,PNH
Singapore Changi Airport,SIN,2024-07-07 09:40,Hong Kong International Airport,HKG,2024-07-07 13:55,255,Singapore Airlines,Premium Economy,510,85,,2081,Y,Y,Y,1,7,2,25,Sunday,False,False,False,Phnom Penh International Airport,PNH
Singapore Changi Airport,SIN,2024-07-08 17:40,Shenzhen Bao'an International Airport,SZX,2024-07-08 22:05,265,Shenzhen,Premium Economy,1110,690,True,444,Y,Y,Y,1,5,1,20,Monday,False,False,False,Phnom Penh International Airport,PNH
Singapore Changi Airport,SIN,2024-07-08 10:10,Shanghai Pudong International Airport,PVG,2024-07-08 15:35,325,China Eastern,Premium Economy,845,265,,1076,Y,Y,Y,1,8,1,23,Monday,False,False,False,Phnom Penh International Airport,PNH
Singapore Changi Airport,SIN,2024-07-08 13:25,Suvarnabhumi Airport,BKK,2024-07-08 15:15,170,Cathay Pacific,Premium Economy,370,125,,1862,Y,Y,Y,1,7,2,25,Monday,False,False,False,Phnom Penh International Airport,PNH
Singapore Changi Airport,SIN,2024-07-09 17:40,Shenzhen Bao'an International Airport,SZX,2024-07-09 22:05,265,Shenzhen,Premium Economy,1110,690,True,444,Y,Y,Y,1,5,1,20,Tuesday,False,False,False,Phnom Penh International Airport,PNH
Singapore Changi Airport,SIN,2024-07-09 10:10,Shanghai Pudong International Airport,PVG,2024-07-09 15:35,325,China Eastern,Premium Economy,845,265,,1105,Y,Y,Y,1,8,1,23,Tuesday,False,False,False,Phnom Penh International Airport,PNH
Singapore Changi Airport,SIN,2024-07-09 13:25,Suvarnabhumi Airport,BKK,2024-07-09 15:15,170,Cathay Pacific,Premium Economy,370,125,,1862,Y,Y,Y,1,7,2,25,Tuesday,False,False,False,Phnom Penh International Airport,PNH
Singapore Changi Airport,SIN,2024-07-10 17:40,Shenzhen Bao'an International Airport,SZX,2024-07-10 22:05,265,Shenzhen,Premium Economy,1110,690,True,444,Y,Y,Y,1,5,1,20,Wednesday,False,False,False,Phnom Penh International Airport,PNH
Singapore Changi Airport,SIN,2024-07-10 10:10,Shanghai Pudong International Airport,PVG,2024-07-10 15:35,325,China Eastern,Premium Economy,845,265,,1017,Y,Y,Y,1,8,1,23,Wednesday,False,False,False,Phnom Penh International Airport,PNH
Singapore Changi Airport,SIN,2024-07-10 13:25,Suvarnabhumi Airport,BKK,2024-07-10 15:15,170,Cathay Pacific,Premium Economy,370,125,,1862,Y,Y,Y,1,7,2,25,Wednesday,False,False,False,Phnom Penh International Airport,PNH
Singapore Changi Airport,SIN,2024-07-11 17:40,Shenzhen Bao'an International Airport,SZX,2024-07-11 22:05,265,Shenzhen,Premium Economy,1110,690,True,634,Y,Y,Y,1,5,1,20,Thursday,False,False,False,Phnom Penh International Airport,PNH
Singapore Changi Airport,SIN,2024-07-11 10:10,Shanghai Pudong International Airport,PVG,2024-07-11 15:35,325,China Eastern,Premium Economy,845,265,,788,Y,Y,Y,1,8,1,23,Thursday,False,False,False,Phnom Penh International Airport,PNH
Singapore Changi Airport,SIN,2024-07-11 13:25,Suvarnabhumi Airport,BKK,2024-07-11 15:15,170,Cathay Pacific,Premium Economy,370,125,,1862,Y,Y,Y,1,7,2,25,Thursday,False,False,False,Phnom Penh International Airport,PNH
Singapore Changi Airport,SIN,2024-07-12 17:40,Shenzhen Bao'an International Airport,SZX,2024-07-12 22:05,265,Shenzhen,Premium Economy,1110,690,True,477,Y,Y,Y,1,5,1,20,Friday,False,False,False,Phnom Penh International Airport,PNH
Singapore Changi Airport,SIN,2024-07-12 10:10,Shanghai Pudong International Airport,PVG,2024-07-12 15:35,325,China Eastern,Premium Economy,845,265,,721,Y,Y,Y,1,8,1,23,Friday,False,False,False,Phnom Penh International Airport,PNH
Singapore Changi Airport,SIN,2024-07-12 13:25,Suvarnabhumi Airport,BKK,2024-07-12 15:15,170,Cathay Pacific,Premium Economy,370,125,,1862,Y,Y,Y,1,7,2,25,Friday,False,False,False,Phnom Penh International Airport,PNH
Singapore Changi Airport,SIN,2024-07-13 17:40,Shenzhen Bao'an International Airport,SZX,2024-07-13 22:05,265,Shenzhen,Premium Economy,1110,690,True,553,Y,Y,Y,1,5,1,20,Saturday,False,False,False,Phnom Penh International Airport,PNH
Singapore Changi Airport,SIN,2024-07-13 10:10,Shanghai Pudong International Airport,PVG,2024-07-13 15:35,325,China Eastern,Premium Economy,845,265,,1187,Y,Y,Y,1,8,1,23,Saturday,False,False,False,Phnom Penh International Airport,PNH
Singapore Changi Airport,SIN,2024-07-13 13:25,Suvarnabhumi Airport,BKK,2024-07-13 15:15,170,Cathay Pacific,Premium Economy,370,135,,1862,Y,Y,Y,1,7,2,25,Saturday,False,False,False,Phnom Penh International Airport,PNH
Singapore Changi Airport,SIN,2024-07-13 09:40,Hong Kong International Airport,HKG,2024-07-13 13:55,255,Singapore Airlines,Premium Economy,510,85,,2081,Y,Y,Y,1,7,2,25,Saturday,False,False,False,Phnom Penh International Airport,PNH
Singapore Changi Airport,SIN,2024-07-14 17:40,Shenzhen Bao'an International Airport,SZX,2024-07-14 22:05,265,Shenzhen,Premium Economy,1110,690,True,634,Y,Y,Y,1,5,1,20,Sunday,False,False,False,Phnom Penh International Airport,PNH
Singapore Changi Airport,SIN,2024-07-14 10:10,Shanghai Pudong International Airport,PVG,2024-07-14 15:35,325,China Eastern,Premium Economy,845,265,,640,Y,Y,Y,1,8,1,23,Sunday,False,False,False,Phnom Penh International Airport,PNH
Singapore Changi Airport,SIN,2024-07-14 13:25,Suvarnabhumi Airport,BKK,2024-07-14 15:15,170,Cathay Pacific,Premium Economy,370,125,,1862,Y,Y,Y,1,7,2,25,Sunday,False,False,False,Phnom Penh International Airport,PNH
Singapore Changi Airport,SIN,2024-07-14 09:40,Hong Kong International Airport,HKG,2024-07-14 13:55,255,Singapore Airlines,Premium Economy,510,85,,2081,Y,Y,Y,1,7,2,25,Sunday,False,False,False,Phnom Penh International Airport,PNH
Singapore Changi Airport,SIN,2024-07-15 17:40,Shenzhen Bao'an International Airport,SZX,2024-07-15 22:05,265,Shenzhen,Premium Economy,1110,690,True,477,Y,Y,Y,1,5,1,20,Monday,False,False,False,Phnom Penh International Airport,PNH
Singapore Changi Airport,SIN,2024-07-15 10:10,Shanghai Pudong International Airport,PVG,2024-07-15 15:35,325,China Eastern,Premium Economy,845,265,,721,Y,Y,Y,1,8,1,23,Monday,False,False,False,Phnom Penh International Airport,PNH
Singapore Changi Airport,SIN,2024-07-15 13:25,Suvarnabhumi Airport,BKK,2024-07-15 15:15,170,Cathay Pacific,Premium Economy,370,125,,1862,Y,Y,Y,1,7,2,25,Monday,False,False,False,Phnom Penh International Airport,PNH
Singapore Changi Airport,SIN,2024-07-16 17:40,Shenzhen Bao'an International Airport,SZX,2024-07-16 22:05,265,Shenzhen,Premium Economy,1110,690,True,553,Y,Y,Y,1,5,1,20,Tuesday,False,False,False,Phnom Penh International Airport,PNH
Singapore Changi Airport,SIN,2024-07-16 10:10,Shanghai Pudong International Airport,PVG,2024-07-16 15:35,325,China Eastern,Premium Economy,845,265,,1105,Y,Y,Y,1,8,1,23,Tuesday,False,False,False,Phnom Penh International Airport,PNH
Singapore Changi Airport,SIN,2024-07-16 13:25,Suvarnabhumi Airport,BKK,2024-07-16 15:15,170,Cathay Pacific,Premium Economy,370,135,,1862,Y,Y,Y,1,7,2,25,Tuesday,False,False,False,Phnom Penh International Airport,PNH
Singapore Changi Airport,SIN,2024-07-17 17:40,Shenzhen Bao'an International Airport,SZX,2024-07-17 22:05,265,Shenzhen,Premium Economy,1110,690,True,582,Y,Y,Y,1,5,1,20,Wednesday,False,False,False,Phnom Penh International Airport,PNH
Singapore Changi Airport,SIN,2024-07-17 10:10,Shanghai Pudong International Airport,PVG,2024-07-17 15:35,325,China Eastern,Premium Economy,845,265,,640,Y,Y,Y,1,8,1,23,Wednesday,False,False,False,Phnom Penh International Airport,PNH
Singapore Changi Airport,SIN,2024-07-17 13:25,Suvarnabhumi Airport,BKK,2024-07-17 15:15,170,Cathay Pacific,Premium Economy,370,125,,1862,Y,Y,Y,1,7,2,25,Wednesday,False,False,False,Phnom Penh International Airport,PNH
Singapore Changi Airport,SIN,2024-07-18 17:40,Shenzhen Bao'an International Airport,SZX,2024-07-18 22:05,265,Shenzhen,Premium Economy,1110,690,True,582,Y,Y,Y,1,5,1,20,Thursday,False,False,False,Phnom Penh International Airport,PNH
Singapore Changi Airport,SIN,2024-07-18 10:10,Shanghai Pudong International Airport,PVG,2024-07-18 15:35,325,China Eastern,Premium Economy,845,265,,618,Y,Y,Y,1,8,1,23,Thursday,False,False,False,Phnom Penh International Airport,PNH
Singapore Changi Airport,SIN,2024-07-18 13:25,Suvarnabhumi Airport,BKK,2024-07-18 15:15,170,Cathay Pacific,Premium Economy,370,125,,1862,Y,Y,Y,1,7,2,25,Thursday,False,False,False,Phnom Penh International Airport,PNH
Singapore Changi Airport,SIN,2024-07-19 17:40,Shenzhen Bao'an International Airport,SZX,2024-07-19 22:05,265,Shenzhen,Premium Economy,1110,690,True,582,Y,Y,Y,1,5,1,20,Friday,False,False,False,Phnom Penh International Airport,PNH
Singapore Changi Airport,SIN,2024-07-19 10:10,Shanghai Pudong International Airport,PVG,2024-07-19 15:35,325,China Eastern,Premium Economy,845,265,,640,Y,Y,Y,1,8,1,23,Friday,False,False,False,Phnom Penh International Airport,PNH
Singapore Changi Airport,SIN,2024-07-19 13:25,Suvarnabhumi Airport,BKK,2024-07-19 15:15,170,Cathay Pacific,Premium Economy,370,125,,1862,Y,Y,Y,1,7,2,25,Friday,False,False,False,Phnom Penh International Airport,PNH
Singapore Changi Airport,SIN,2024-07-20 17:40,Shenzhen Bao'an International Airport,SZX,2024-07-20 22:05,265,Shenzhen,Premium Economy,1110,690,True,582,Y,Y,Y,1,5,1,20,Saturday,False,False,False,Phnom Penh International Airport,PNH
Singapore Changi Airport,SIN,2024-07-20 10:10,Shanghai Pudong International Airport,PVG,2024-07-20 15:35,325,China Eastern,Premium Economy,845,265,,1187,Y,Y,Y,1,8,1,23,Saturday,False,False,False,Phnom Penh International Airport,PNH
Singapore Changi Airport,SIN,2024-07-20 13:25,Suvarnabhumi Airport,BKK,2024-07-20 15:15,170,Cathay Pacific,Premium Economy,370,125,,1862,Y,Y,Y,1,7,2,25,Saturday,False,False,False,Phnom Penh International Airport,PNH
Singapore Changi Airport,SIN,2024-07-20 09:40,Hong Kong International Airport,HKG,2024-07-20 13:55,255,Singapore Airlines,Premium Economy,510,85,,2081,Y,Y,Y,1,7,2,25,Saturday,False,False,False,Phnom Penh International Airport,PNH
Singapore Changi Airport,SIN,2024-07-21 10:10,Shanghai Pudong International Airport,PVG,2024-07-21 15:35,325,China Eastern,Premium Economy,845,265,,721,Y,Y,Y,1,8,1,23,Sunday,False,False,False,Phnom Penh International Airport,PNH
Singapore Changi Airport,SIN,2024-07-21 17:40,Shenzhen Bao'an International Airport,SZX,2024-07-21 22:05,265,Shenzhen,Premium Economy,1110,690,True,745,Y,Y,Y,1,5,1,20,Sunday,False,False,False,Phnom Penh International Airport,PNH
Singapore Changi Airport,SIN,2024-07-21 13:25,Suvarnabhumi Airport,BKK,2024-07-21 15:15,170,Cathay Pacific,Premium Economy,370,125,,1862,Y,Y,Y,1,7,2,25,Sunday,False,False,False,Phnom Penh International Airport,PNH
Singapore Changi Airport,SIN,2024-07-21 12:00,Shenzhen Bao'an International Airport,SZX,2024-07-21 16:15,255,Shenzhen,Premium Economy,1450,1040,True,663,Y,Y,Y,1,5,1,20,Sunday,False,False,False,Phnom Penh International Airport,PNH
Singapore Changi Airport,SIN,2024-07-21 09:40,Hong Kong International Airport,HKG,2024-07-21 13:55,255,Singapore Airlines,Premium Economy,510,85,,2081,Y,Y,Y,1,7,2,25,Sunday,False,False,False,Phnom Penh International Airport,PNH
Singapore Changi Airport,SIN,2024-07-21 13:05,Hong Kong International Airport,HKG,2024-07-21 17:05,240,Singapore Airlines,Premium Economy,1330,930,True,2096,Y,Y,Y,1,7,2,25,Sunday,False,False,False,Phnom Penh International Airport,PNH
Singapore Changi Airport,SIN,2024-07-22 17:40,Shenzhen Bao'an International Airport,SZX,2024-07-22 22:05,265,Shenzhen,Premium Economy,1110,690,True,582,Y,Y,Y,1,5,1,20,Monday,False,False,False,Phnom Penh International Airport,PNH
Singapore Changi Airport,SIN,2024-07-22 10:10,Shanghai Pudong International Airport,PVG,2024-07-22 15:35,325,China Eastern,Premium Economy,845,265,,721,Y,Y,Y,1,8,1,23,Monday,False,False,False,Phnom Penh International Airport,PNH
Singapore Changi Airport,SIN,2024-07-22 13:25,Suvarnabhumi Airport,BKK,2024-07-22 15:15,170,Cathay Pacific,Premium Economy,370,125,,1862,Y,Y,Y,1,7,2,25,Monday,False,False,False,Phnom Penh International Airport,PNH
Singapore Changi Airport,SIN,2024-07-23 17:40,Shenzhen Bao'an International Airport,SZX,2024-07-23 22:05,265,Shenzhen,Premium Economy,1110,690,True,582,Y,Y,Y,1,5,1,20,Tuesday,False,False,False,Phnom Penh International Airport,PNH
Singapore Changi Airport,SIN,2024-07-23 10:10,Shanghai Pudong International Airport,PVG,2024-07-23 15:35,325,China Eastern,Premium Economy,845,265,,1105,Y,Y,Y,1,8,1,23,Tuesday,False,False,False,Phnom Penh International Airport,PNH
Singapore Changi Airport,SIN,2024-07-23 13:25,Suvarnabhumi Airport,BKK,2024-07-23 15:15,170,Cathay Pacific,Premium Economy,370,125,,1862,Y,Y,Y,1,7,2,25,Tuesday,False,False,False,Phnom Penh International Airport,PNH
Singapore Changi Airport,SIN,2024-07-24 17:40,Shenzhen Bao'an International Airport,SZX,2024-07-24 22:05,265,Shenzhen,Premium Economy,1110,690,True,582,Y,Y,Y,1,5,1,20,Wednesday,False,False,False,Phnom Penh International Airport,PNH
Singapore Changi Airport,SIN,2024-07-24 10:10,Shanghai Pudong International Airport,PVG,2024-07-24 15:35,325,China Eastern,Premium Economy,845,265,,640,Y,Y,Y,1,8,1,23,Wednesday,False,False,False,Phnom Penh International Airport,PNH
Singapore Changi Airport,SIN,2024-07-24 13:25,Suvarnabhumi Airport,BKK,2024-07-24 15:15,170,Cathay Pacific,Premium Economy,390,155,,1862,Y,Y,Y,1,7,2,25,Wednesday,False,False,False,Phnom Penh International Airport,PNH
Singapore Changi Airport,SIN,2024-07-25 17:40,Shenzhen Bao'an International Airport,SZX,2024-07-25 22:05,265,Shenzhen,Premium Economy,1110,690,True,582,Y,Y,Y,1,5,1,20,Thursday,False,False,False,Phnom Penh International Airport,PNH
Singapore Changi Airport,SIN,2024-07-25 10:10,Shanghai Pudong International Airport,PVG,2024-07-25 15:35,325,China Eastern,Premium Economy,845,265,,618,Y,Y,Y,1,8,1,23,Thursday,False,False,False,Phnom Penh International Airport,PNH
Singapore Changi Airport,SIN,2024-07-25 13:25,Suvarnabhumi Airport,BKK,2024-07-25 15:15,170,Cathay Pacific,Premium Economy,370,125,,1862,Y,Y,Y,1,7,2,25,Thursday,False,False,False,Phnom Penh International Airport,PNH
Singapore Changi Airport,SIN,2024-07-26 17:40,Shenzhen Bao'an International Airport,SZX,2024-07-26 22:05,265,Shenzhen,Premium Economy,1110,690,True,582,Y,Y,Y,1,5,1,20,Friday,False,False,False,Phnom Penh International Airport,PNH
Singapore Changi Airport,SIN,2024-07-26 10:10,Shanghai Pudong International Airport,PVG,2024-07-26 15:35,325,China Eastern,Premium Economy,845,265,,1187,Y,Y,Y,1,8,1,23,Friday,False,False,False,Phnom Penh International Airport,PNH
Singapore Changi Airport,SIN,2024-07-26 13:25,Suvarnabhumi Airport,BKK,2024-07-26 15:15,170,Cathay Pacific,Premium Economy,390,155,,1862,Y,Y,Y,1,7,2,25,Friday,False,False,False,Phnom Penh International Airport,PNH
Singapore Changi Airport,SIN,2024-07-27 17:40,Shenzhen Bao'an International Airport,SZX,2024-07-27 22:05,265,Shenzhen,Premium Economy,1110,690,True,582,Y,Y,Y,1,5,1,20,Saturday,False,False,False,Phnom Penh International Airport,PNH
Singapore Changi Airport,SIN,2024-07-27 10:10,Shanghai Pudong International Airport,PVG,2024-07-27 15:35,325,China Eastern,Premium Economy,845,265,,1264,Y,Y,Y,1,8,1,23,Saturday,False,False,False,Phnom Penh International Airport,PNH
Singapore Changi Airport,SIN,2024-07-27 13:25,Suvarnabhumi Airport,BKK,2024-07-27 15:15,170,Cathay Pacific,Premium Economy,370,125,,1862,Y,Y,Y,1,7,2,25,Saturday,False,False,False,Phnom Penh International Airport,PNH
Singapore Changi Airport,SIN,2024-07-27 09:40,Hong Kong International Airport,HKG,2024-07-27 13:55,255,Singapore Airlines,Premium Economy,510,85,,2081,Y,Y,Y,1,7,2,25,Saturday,False,False,False,Phnom Penh International Airport,PNH
Singapore Changi Airport,SIN,2024-07-28 17:40,Shenzhen Bao'an International Airport,SZX,2024-07-28 22:05,265,Shenzhen,Premium Economy,1110,690,True,663,Y,Y,Y,1,5,1,20,Sunday,False,False,False,Phnom Penh International Airport,PNH
Singapore Changi Airport,SIN,2024-07-28 10:10,Shanghai Pudong International Airport,PVG,2024-07-28 15:35,325,China Eastern,Premium Economy,845,265,,721,Y,Y,Y,1,8,1,23,Sunday,False,False,False,Phnom Penh International Airport,PNH
Singapore Changi Airport,SIN,2024-07-28 13:25,Suvarnabhumi Airport,BKK,2024-07-28 15:15,170,Cathay Pacific,Premium Economy,370,125,,1862,Y,Y,Y,1,7,2,25,Sunday,False,False,False,Phnom Penh International Airport,PNH
Singapore Changi Airport,SIN,2024-07-28 09:40,Hong Kong International Airport,HKG,2024-07-28 13:55,255,Singapore Airlines,Premium Economy,510,85,,2081,Y,Y,Y,1,7,2,25,Sunday,False,False,False,Phnom Penh International Airport,PNH
Singapore Changi Airport,SIN,2024-07-29 17:40,Shenzhen Bao'an International Airport,SZX,2024-07-29 22:05,265,Shenzhen,Premium Economy,1110,690,True,582,Y,Y,Y,1,5,1,20,Monday,False,False,False,Phnom Penh International Airport,PNH
Singapore Changi Airport,SIN,2024-07-29 10:10,Shanghai Pudong International Airport,PVG,2024-07-29 15:35,325,China Eastern,Premium Economy,845,265,,640,Y,Y,Y,1,8,1,23,Monday,False,False,False,Phnom Penh International Airport,PNH
Singapore Changi Airport,SIN,2024-07-29 13:25,Suvarnabhumi Airport,BKK,2024-07-29 15:15,170,Cathay Pacific,Premium Economy,370,125,,1862,Y,Y,Y,1,7,2,25,Monday,False,False,False,Phnom Penh International Airport,PNH
Singapore Changi Airport,SIN,2024-07-30 17:40,Shenzhen Bao'an International Airport,SZX,2024-07-30 22:05,265,Shenzhen,Premium Economy,1110,690,True,582,Y,Y,Y,1,5,1,20,Tuesday,False,False,False,Phnom Penh International Airport,PNH
Singapore Changi Airport,SIN,2024-07-30 10:10,Shanghai Pudong International Airport,PVG,2024-07-30 15:35,325,China Eastern,Premium Economy,845,265,,1105,Y,Y,Y,1,8,1,23,Tuesday,False,False,False,Phnom Penh International Airport,PNH
Singapore Changi Airport,SIN,2024-07-30 13:25,Suvarnabhumi Airport,BKK,2024-07-30 15:15,170,Cathay Pacific,Premium Economy,370,125,,1862,Y,Y,Y,1,7,2,25,Tuesday,False,False,False,Phnom Penh International Airport,PNH
Singapore Changi Airport,SIN,2024-07-31 17:40,Shenzhen Bao'an International Airport,SZX,2024-07-31 22:05,265,Shenzhen,Premium Economy,1110,690,True,582,Y,Y,Y,1,5,1,20,Wednesday,False,False,False,Phnom Penh International Airport,PNH
Singapore Changi Airport,SIN,2024-07-31 10:10,Shanghai Pudong International Airport,PVG,2024-07-31 15:35,325,China Eastern,Premium Economy,845,265,,1105,Y,Y,Y,1,8,1,23,Wednesday,False,False,False,Phnom Penh International Airport,PNH
Singapore Changi Airport,SIN,2024-07-31 13:25,Suvarnabhumi Airport,BKK,2024-07-31 15:15,170,Cathay Pacific,Premium Economy,370,125,,1862,Y,Y,Y,1,7,2,25,Wednesday,False,False,False,Phnom Penh International Airport,PNH
Singapore Changi Airport,SIN,2024-08-01 17:40,Shenzhen Bao'an International Airport,SZX,2024-08-01 22:05,265,Shenzhen,Premium Economy,1110,690,True,585,Y,Y,Y,1,5,1,20,Thursday,False,False,False,Phnom Penh International Airport,PNH
Singapore Changi Airport,SIN,2024-08-01 13:25,Suvarnabhumi Airport,BKK,2024-08-01 15:15,170,Cathay Pacific,Premium Economy,370,125,,1870,Y,Y,Y,1,7,2,25,Thursday,False,False,False,Phnom Penh International Airport,PNH
Singapore Changi Airport,SIN,2024-08-01 10:10,Shanghai Pudong International Airport,PVG,2024-08-01 15:35,325,China Eastern,Premium Economy,845,265,,1956,Y,Y,Y,1,8,1,23,Thursday,False,False,False,Phnom Penh International Airport,PNH
Singapore Changi Airport,SIN,2024-08-02 17:40,Shenzhen Bao'an International Airport,SZX,2024-08-02 22:05,265,Shenzhen,Premium Economy,1110,690,True,585,Y,Y,Y,1,5,1,20,Friday,False,False,False,Phnom Penh International Airport,PNH
Singapore Changi Airport,SIN,2024-08-02 13:25,Suvarnabhumi Airport,BKK,2024-08-02 15:15,170,Cathay Pacific,Premium Economy,370,125,,1870,Y,Y,Y,1,7,2,25,Friday,False,False,False,Phnom Penh International Airport,PNH
Singapore Changi Airport,SIN,2024-08-02 10:10,Shanghai Pudong International Airport,PVG,2024-08-02 15:35,325,China Eastern,Premium Economy,845,265,,1956,Y,Y,Y,1,8,1,23,Friday,False,False,False,Phnom Penh International Airport,PNH
Singapore Changi Airport,SIN,2024-08-03 17:40,Shenzhen Bao'an International Airport,SZX,2024-08-03 22:05,265,Shenzhen,Premium Economy,1110,690,True,585,Y,Y,Y,1,5,1,20,Saturday,False,False,False,Phnom Penh International Airport,PNH
Singapore Changi Airport,SIN,2024-08-03 13:25,Suvarnabhumi Airport,BKK,2024-08-03 15:15,170,Cathay Pacific,Premium Economy,370,125,,1870,Y,Y,Y,1,7,2,25,Saturday,False,False,False,Phnom Penh International Airport,PNH
Singapore Changi Airport,SIN,2024-08-03 10:10,Shanghai Pudong International Airport,PVG,2024-08-03 15:35,325,China Eastern,Premium Economy,845,265,,1956,Y,Y,Y,1,8,1,23,Saturday,False,False,False,Phnom Penh International Airport,PNH
Singapore Changi Airport,SIN,2024-08-03 09:40,Hong Kong International Airport,HKG,2024-08-03 13:55,255,Singapore Airlines,Premium Economy,510,85,,2089,Y,Y,Y,1,7,2,25,Saturday,False,False,False,Phnom Penh International Airport,PNH
Singapore Changi Airport,SIN,2024-08-04 17:40,Shenzhen Bao'an International Airport,SZX,2024-08-04 22:05,265,Shenzhen,Premium Economy,1110,690,True,621,Y,Y,Y,1,5,1,20,Sunday,False,False,False,Phnom Penh International Airport,PNH
Singapore Changi Airport,SIN,2024-08-04 13:25,Suvarnabhumi Airport,BKK,2024-08-04 15:15,170,Cathay Pacific,Premium Economy,370,125,,1870,Y,Y,Y,1,7,2,25,Sunday,False,False,False,Phnom Penh International Airport,PNH
Singapore Changi Airport,SIN,2024-08-04 10:10,Shanghai Pudong International Airport,PVG,2024-08-04 15:35,325,China Eastern,Premium Economy,845,265,,1956,Y,Y,Y,1,8,1,23,Sunday,False,False,False,Phnom Penh International Airport,PNH
Singapore Changi Airport,SIN,2024-08-05 17:40,Shenzhen Bao'an International Airport,SZX,2024-08-05 22:05,265,Shenzhen,Premium Economy,1110,690,True,585,Y,Y,Y,1,5,1,20,Monday,False,False,False,Phnom Penh International Airport,PNH
Singapore Changi Airport,SIN,2024-08-05 10:10,Shanghai Pudong International Airport,PVG,2024-08-05 15:35,325,China Eastern,Premium Economy,845,265,,681,Y,Y,Y,1,8,1,23,Monday,False,False,False,Phnom Penh International Airport,PNH
Singapore Changi Airport,SIN,2024-08-05 13:25,Suvarnabhumi Airport,BKK,2024-08-05 15:15,170,Cathay Pacific,Premium Economy,370,125,,1870,Y,Y,Y,1,7,2,25,Monday,False,False,False,Phnom Penh International Airport,PNH
Singapore Changi Airport,SIN,2024-08-06 17:40,Shenzhen Bao'an International Airport,SZX,2024-08-06 22:05,265,Shenzhen,Premium Economy,1110,690,True,585,Y,Y,Y,1,5,1,20,Tuesday,False,False,False,Phnom Penh International Airport,PNH
Singapore Changi Airport,SIN,2024-08-06 10:10,Shanghai Pudong International Airport,PVG,2024-08-06 15:35,325,China Eastern,Premium Economy,845,265,,681,Y,Y,Y,1,8,1,23,Tuesday,False,False,False,Phnom Penh International Airport,PNH
Singapore Changi Airport,SIN,2024-08-06 13:25,Suvarnabhumi Airport,BKK,2024-08-06 15:15,170,Cathay Pacific,Premium Economy,370,125,,1870,Y,Y,Y,1,7,2,25,Tuesday,False,False,False,Phnom Penh International Airport,PNH
Singapore Changi Airport,SIN,2024-08-07 17:40,Shenzhen Bao'an International Airport,SZX,2024-08-07 22:05,265,Shenzhen,Premium Economy,1110,690,True,585,Y,Y,Y,1,5,1,20,Wednesday,False,False,False,Phnom Penh International Airport,PNH
Singapore Changi Airport,SIN,2024-08-07 10:10,Shanghai Pudong International Airport,PVG,2024-08-07 15:35,325,China Eastern,Premium Economy,845,265,,763,Y,Y,Y,1,8,1,23,Wednesday,False,False,False,Phnom Penh International Airport,PNH
Singapore Changi Airport,SIN,2024-08-07 13:25,Suvarnabhumi Airport,BKK,2024-08-07 15:15,170,Cathay Pacific,Premium Economy,370,125,,1870,Y,Y,Y,1,7,2,25,Wednesday,False,False,False,Phnom Penh International Airport,PNH
Singapore Changi Airport,SIN,2024-08-08 17:40,Shenzhen Bao'an International Airport,SZX,2024-08-08 22:05,265,Shenzhen,Premium Economy,1110,690,True,585,Y,Y,Y,1,5,1,20,Thursday,False,False,False,Phnom Penh International Airport,PNH
Singapore Changi Airport,SIN,2024-08-08 10:10,Shanghai Pudong International Airport,PVG,2024-08-08 15:35,325,China Eastern,Premium Economy,845,265,,681,Y,Y,Y,1,8,1,23,Thursday,False,False,False,Phnom Penh International Airport,PNH
Singapore Changi Airport,SIN,2024-08-08 14:30,Ninoy Aquino International Airport,MNL,2024-08-08 18:25,235,Philippine Airlines,Premium Economy,629,215,,1113,Y,Y,Y,1,7,2,23,Thursday,False,False,False,Phnom Penh International Airport,PNH
Singapore Changi Airport,SIN,2024-08-08 13:25,Suvarnabhumi Airport,BKK,2024-08-08 15:15,170,Cathay Pacific,Premium Economy,370,125,,1870,Y,Y,Y,1,7,2,25,Thursday,False,False,False,Phnom Penh International Airport,PNH
Singapore Changi Airport,SIN,2024-08-09 17:40,Shenzhen Bao'an International Airport,SZX,2024-08-09 22:05,265,Shenzhen,Premium Economy,1110,690,True,585,Y,Y,Y,1,5,1,20,Friday,True,False,False,Phnom Penh International Airport,PNH
Singapore Changi Airport,SIN,2024-08-09 10:10,Shanghai Pudong International Airport,PVG,2024-08-09 15:35,325,China Eastern,Premium Economy,845,265,,681,Y,Y,Y,1,8,1,23,Friday,True,False,False,Phnom Penh International Airport,PNH
Singapore Changi Airport,SIN,2024-08-09 13:25,Suvarnabhumi Airport,BKK,2024-08-09 15:15,170,Cathay Pacific,Premium Economy,370,125,,1870,Y,Y,Y,1,7,2,25,Friday,True,False,False,Phnom Penh International Airport,PNH
Singapore Changi Airport,SIN,2024-08-10 17:40,Shenzhen Bao'an International Airport,SZX,2024-08-10 22:05,265,Shenzhen,Premium Economy,1110,690,True,585,Y,Y,Y,1,5,1,20,Saturday,False,False,False,Phnom Penh International Airport,PNH
Singapore Changi Airport,SIN,2024-08-10 13:25,Suvarnabhumi Airport,BKK,2024-08-10 15:15,170,Cathay Pacific,Premium Economy,370,125,,1870,Y,Y,Y,1,7,2,25,Saturday,False,False,False,Phnom Penh International Airport,PNH
Singapore Changi Airport,SIN,2024-08-10 10:10,Shanghai Pudong International Airport,PVG,2024-08-10 15:35,325,China Eastern,Premium Economy,845,265,,1956,Y,Y,Y,1,8,1,23,Saturday,False,False,False,Phnom Penh International Airport,PNH
Singapore Changi Airport,SIN,2024-08-10 09:40,Hong Kong International Airport,HKG,2024-08-10 13:55,255,Singapore Airlines,Premium Economy,510,85,,2089,Y,Y,Y,1,7,2,25,Saturday,False,False,False,Phnom Penh International Airport,PNH
Singapore Changi Airport,SIN,2024-08-11 17:40,Shenzhen Bao'an International Airport,SZX,2024-08-11 22:05,265,Shenzhen,Premium Economy,1110,690,True,585,Y,Y,Y,1,5,1,20,Sunday,False,False,False,Phnom Penh International Airport,PNH
Singapore Changi Airport,SIN,2024-08-11 13:25,Suvarnabhumi Airport,BKK,2024-08-11 15:15,170,Cathay Pacific,Premium Economy,370,125,,1870,Y,Y,Y,1,7,2,25,Sunday,False,False,False,Phnom Penh International Airport,PNH
Singapore Changi Airport,SIN,2024-08-11 10:10,Shanghai Pudong International Airport,PVG,2024-08-11 15:35,325,China Eastern,Premium Economy,845,265,,1956,Y,Y,Y,1,8,1,23,Sunday,False,False,False,Phnom Penh International Airport,PNH
Singapore Changi Airport,SIN,2024-08-11 09:40,Hong Kong International Airport,HKG,2024-08-11 13:55,255,Singapore Airlines,Premium Economy,510,85,,2089,Y,Y,Y,1,7,2,25,Sunday,False,False,False,Phnom Penh International Airport,PNH
Singapore Changi Airport,SIN,2024-08-12 17:40,Shenzhen Bao'an International Airport,SZX,2024-08-12 22:05,265,Shenzhen,Premium Economy,1110,690,True,585,Y,Y,Y,1,5,1,20,Monday,False,False,False,Phnom Penh International Airport,PNH
Singapore Changi Airport,SIN,2024-08-12 10:10,Shanghai Pudong International Airport,PVG,2024-08-12 15:35,325,China Eastern,Premium Economy,845,265,,665,Y,Y,Y,1,8,1,23,Monday,False,False,False,Phnom Penh International Airport,PNH
Singapore Changi Airport,SIN,2024-08-12 13:25,Suvarnabhumi Airport,BKK,2024-08-12 15:15,170,Cathay Pacific,Premium Economy,370,125,,1870,Y,Y,Y,1,7,2,25,Monday,False,False,False,Phnom Penh International Airport,PNH
Singapore Changi Airport,SIN,2024-08-13 10:10,Shanghai Pudong International Airport,PVG,2024-08-13 15:35,325,China Eastern,Premium Economy,845,265,,575,Y,Y,Y,1,8,1,23,Tuesday,False,False,False,Phnom Penh International Airport,PNH
Singapore Changi Airport,SIN,2024-08-13 17:40,Shenzhen Bao'an International Airport,SZX,2024-08-13 22:05,265,Shenzhen,Premium Economy,1110,690,True,585,Y,Y,Y,1,5,1,20,Tuesday,False,False,False,Phnom Penh International Airport,PNH
Singapore Changi Airport,SIN,2024-08-13 13:25,Suvarnabhumi Airport,BKK,2024-08-13 15:15,170,Cathay Pacific,Premium Economy,370,125,,1870,Y,Y,Y,1,7,2,25,Tuesday,False,False,False,Phnom Penh International Airport,PNH
Singapore Changi Airport,SIN,2024-08-14 10:10,Shanghai Pudong International Airport,PVG,2024-08-14 15:35,325,China Eastern,Premium Economy,845,265,,575,Y,Y,Y,1,8,1,23,Wednesday,False,False,False,Phnom Penh International Airport,PNH
Singapore Changi Airport,SIN,2024-08-14 17:40,Shenzhen Bao'an International Airport,SZX,2024-08-14 22:05,265,Shenzhen,Premium Economy,1110,690,True,585,Y,Y,Y,1,5,1,20,Wednesday,False,False,False,Phnom Penh International Airport,PNH
Singapore Changi Airport,SIN,2024-08-14 13:25,Suvarnabhumi Airport,BKK,2024-08-14 15:15,170,Cathay Pacific,Premium Economy,370,125,,1870,Y,Y,Y,1,7,2,25,Wednesday,False,False,False,Phnom Penh International Airport,PNH
Singapore Changi Airport,SIN,2024-08-15 10:10,Shanghai Pudong International Airport,PVG,2024-08-15 15:35,325,China Eastern,Premium Economy,845,265,,575,Y,Y,Y,1,8,1,23,Thursday,False,False,False,Phnom Penh International Airport,PNH
Singapore Changi Airport,SIN,2024-08-15 17:40,Shenzhen Bao'an International Airport,SZX,2024-08-15 22:05,265,Shenzhen,Premium Economy,1110,690,True,585,Y,Y,Y,1,5,1,20,Thursday,False,False,False,Phnom Penh International Airport,PNH
Singapore Changi Airport,SIN,2024-08-15 13:25,Suvarnabhumi Airport,BKK,2024-08-15 15:15,170,Cathay Pacific,Premium Economy,370,125,,1870,Y,Y,Y,1,7,2,25,Thursday,False,False,False,Phnom Penh International Airport,PNH
Singapore Changi Airport,SIN,2024-08-16 17:40,Shenzhen Bao'an International Airport,SZX,2024-08-16 22:05,265,Shenzhen,Premium Economy,1110,690,True,585,Y,Y,Y,1,5,1,20,Friday,False,False,False,Phnom Penh International Airport,PNH
Singapore Changi Airport,SIN,2024-08-16 10:10,Shanghai Pudong International Airport,PVG,2024-08-16 15:35,325,China Eastern,Premium Economy,845,265,,665,Y,Y,Y,1,8,1,23,Friday,False,False,False,Phnom Penh International Airport,PNH
Singapore Changi Airport,SIN,2024-08-16 13:25,Suvarnabhumi Airport,BKK,2024-08-16 15:15,170,Cathay Pacific,Premium Economy,370,125,,1870,Y,Y,Y,1,7,2,25,Friday,False,False,False,Phnom Penh International Airport,PNH
Singapore Changi Airport,SIN,2024-08-17 17:40,Shenzhen Bao'an International Airport,SZX,2024-08-17 22:05,265,Shenzhen,Premium Economy,1110,690,True,585,Y,Y,Y,1,5,1,20,Saturday,False,False,False,Phnom Penh International Airport,PNH
Singapore Changi Airport,SIN,2024-08-17 13:25,Suvarnabhumi Airport,BKK,2024-08-17 15:15,170,Cathay Pacific,Premium Economy,370,125,,1870,Y,Y,Y,1,7,2,25,Saturday,False,False,False,Phnom Penh International Airport,PNH
Singapore Changi Airport,SIN,2024-08-17 10:10,Shanghai Pudong International Airport,PVG,2024-08-17 15:35,325,China Eastern,Premium Economy,845,265,,1935,Y,Y,Y,1,8,1,23,Saturday,False,False,False,Phnom Penh International Airport,PNH
Singapore Changi Airport,SIN,2024-08-17 09:40,Hong Kong International Airport,HKG,2024-08-17 13:55,255,Singapore Airlines,Premium Economy,510,85,,2089,Y,Y,Y,1,7,2,25,Saturday,False,False,False,Phnom Penh International Airport,PNH
Singapore Changi Airport,SIN,2024-08-18 17:40,Shenzhen Bao'an International Airport,SZX,2024-08-18 22:05,265,Shenzhen,Premium Economy,1110,690,True,585,Y,Y,Y,1,5,1,20,Sunday,False,False,False,Phnom Penh International Airport,PNH
Singapore Changi Airport,SIN,2024-08-18 13:25,Suvarnabhumi Airport,BKK,2024-08-18 15:15,170,Cathay Pacific,Premium Economy,370,125,,1870,Y,Y,Y,1,7,2,25,Sunday,False,False,False,Phnom Penh International Airport,PNH
Singapore Changi Airport,SIN,2024-08-18 10:10,Shanghai Pudong International Airport,PVG,2024-08-18 15:35,325,China Eastern,Premium Economy,845,265,,1935,Y,Y,Y,1,8,1,23,Sunday,False,False,False,Phnom Penh International Airport,PNH
Singapore Changi Airport,SIN,2024-08-18 09:40,Hong Kong International Airport,HKG,2024-08-18 13:55,255,Singapore Airlines,Premium Economy,510,85,,2089,Y,Y,Y,1,7,2,25,Sunday,False,False,False,Phnom Penh International Airport,PNH
Singapore Changi Airport,SIN,2024-08-19 10:10,Shanghai Pudong International Airport,PVG,2024-08-19 15:35,325,China Eastern,Premium Economy,845,265,,575,Y,Y,Y,1,8,1,23,Monday,False,False,False,Phnom Penh International Airport,PNH
Singapore Changi Airport,SIN,2024-08-19 17:40,Shenzhen Bao'an International Airport,SZX,2024-08-19 22:05,265,Shenzhen,Premium Economy,1110,690,True,585,Y,Y,Y,1,5,1,20,Monday,False,False,False,Phnom Penh International Airport,PNH
Singapore Changi Airport,SIN,2024-08-19 13:25,Suvarnabhumi Airport,BKK,2024-08-19 15:15,170,Cathay Pacific,Premium Economy,370,125,,1870,Y,Y,Y,1,7,2,25,Monday,False,False,False,Phnom Penh International Airport,PNH
Singapore Changi Airport,SIN,2024-08-20 10:10,Shanghai Pudong International Airport,PVG,2024-08-20 15:35,325,China Eastern,Premium Economy,845,265,,575,Y,Y,Y,1,8,1,23,Tuesday,False,False,False,Phnom Penh International Airport,PNH
Singapore Changi Airport,SIN,2024-08-20 17:40,Shenzhen Bao'an International Airport,SZX,2024-08-20 22:05,265,Shenzhen,Premium Economy,1110,690,True,585,Y,Y,Y,1,5,1,20,Tuesday,False,False,False,Phnom Penh International Airport,PNH
Singapore Changi Airport,SIN,2024-08-20 13:25,Suvarnabhumi Airport,BKK,2024-08-20 15:15,170,Cathay Pacific,Premium Economy,395,155,,1870,Y,Y,Y,1,7,2,25,Tuesday,False,False,False,Phnom Penh International Airport,PNH
Singapore Changi Airport,SIN,2024-08-21 10:10,Shanghai Pudong International Airport,PVG,2024-08-21 15:35,325,China Eastern,Premium Economy,845,265,,575,Y,Y,Y,1,8,1,23,Wednesday,False,False,False,Phnom Penh International Airport,PNH
Singapore Changi Airport,SIN,2024-08-21 17:40,Shenzhen Bao'an International Airport,SZX,2024-08-21 22:05,265,Shenzhen,Premium Economy,1110,690,True,585,Y,Y,Y,1,5,1,20,Wednesday,False,False,False,Phnom Penh International Airport,PNH
Singapore Changi Airport,SIN,2024-08-21 13:25,Suvarnabhumi Airport,BKK,2024-08-21 15:15,170,Cathay Pacific,Premium Economy,370,125,,1870,Y,Y,Y,1,7,2,25,Wednesday,False,False,False,Phnom Penh International Airport,PNH
Singapore Changi Airport,SIN,2024-08-22 17:40,Shenzhen Bao'an International Airport,SZX,2024-08-22 22:05,265,Shenzhen,Premium Economy,1110,690,True,552,Y,Y,Y,1,5,1,20,Thursday,False,False,False,Phnom Penh International Airport,PNH
Singapore Changi Airport,SIN,2024-08-22 10:10,Shanghai Pudong International Airport,PVG,2024-08-22 15:35,325,China Eastern,Premium Economy,845,265,,575,Y,Y,Y,1,8,1,23,Thursday,False,False,False,Phnom Penh International Airport,PNH
Singapore Changi Airport,SIN,2024-08-22 13:25,Suvarnabhumi Airport,BKK,2024-08-22 15:15,170,Cathay Pacific,Premium Economy,395,155,,1870,Y,Y,Y,1,7,2,25,Thursday,False,False,False,Phnom Penh International Airport,PNH
Singapore Changi Airport,SIN,2024-08-23 17:40,Shenzhen Bao'an International Airport,SZX,2024-08-23 22:05,265,Shenzhen,Premium Economy,1110,690,True,552,Y,Y,Y,1,5,1,20,Friday,False,False,False,Phnom Penh International Airport,PNH
Singapore Changi Airport,SIN,2024-08-23 10:10,Shanghai Pudong International Airport,PVG,2024-08-23 15:35,325,China Eastern,Premium Economy,845,265,,575,Y,Y,Y,1,8,1,23,Friday,False,False,False,Phnom Penh International Airport,PNH
Singapore Changi Airport,SIN,2024-08-23 13:25,Suvarnabhumi Airport,BKK,2024-08-23 15:15,170,Cathay Pacific,Premium Economy,370,125,,1870,Y,Y,Y,1,7,2,25,Friday,False,False,False,Phnom Penh International Airport,PNH
Singapore Changi Airport,SIN,2024-08-24 17:40,Shenzhen Bao'an International Airport,SZX,2024-08-24 22:05,265,Shenzhen,Premium Economy,1110,690,True,552,Y,Y,Y,1,5,1,20,Saturday,False,False,False,Phnom Penh International Airport,PNH
Singapore Changi Airport,SIN,2024-08-24 10:10,Shanghai Pudong International Airport,PVG,2024-08-24 15:35,325,China Eastern,Premium Economy,845,265,,665,Y,Y,Y,1,8,1,23,Saturday,False,False,False,Phnom Penh International Airport,PNH
Singapore Changi Airport,SIN,2024-08-24 13:25,Suvarnabhumi Airport,BKK,2024-08-24 15:15,170,Cathay Pacific,Premium Economy,395,155,,1870,Y,Y,Y,1,7,2,25,Saturday,False,False,False,Phnom Penh International Airport,PNH
Singapore Changi Airport,SIN,2024-08-24 09:40,Hong Kong International Airport,HKG,2024-08-24 13:55,255,Singapore Airlines,Premium Economy,510,85,,2089,Y,Y,Y,1,7,2,25,Saturday,False,False,False,Phnom Penh International Airport,PNH
Singapore Changi Airport,SIN,2024-08-25 17:40,Shenzhen Bao'an International Airport,SZX,2024-08-25 22:05,265,Shenzhen,Premium Economy,1110,690,True,552,Y,Y,Y,1,5,1,20,Sunday,False,False,False,Phnom Penh International Airport,PNH
Singapore Changi Airport,SIN,2024-08-25 13:25,Suvarnabhumi Airport,BKK,2024-08-25 15:15,170,Cathay Pacific,Premium Economy,370,125,,1870,Y,Y,Y,1,7,2,25,Sunday,False,False,False,Phnom Penh International Airport,PNH
Singapore Changi Airport,SIN,2024-08-25 10:10,Shanghai Pudong International Airport,PVG,2024-08-25 15:35,325,China Eastern,Premium Economy,845,265,,1935,Y,Y,Y,1,8,1,23,Sunday,False,False,False,Phnom Penh International Airport,PNH
Singapore Changi Airport,SIN,2024-08-25 09:40,Hong Kong International Airport,HKG,2024-08-25 13:55,255,Singapore Airlines,Premium Economy,510,85,,2089,Y,Y,Y,1,7,2,25,Sunday,False,False,False,Phnom Penh International Airport,PNH
Singapore Changi Airport,SIN,2024-08-26 17:40,Shenzhen Bao'an International Airport,SZX,2024-08-26 22:05,265,Shenzhen,Premium Economy,1110,690,True,446,Y,Y,Y,1,5,1,20,Monday,False,False,False,Phnom Penh International Airport,PNH
Singapore Changi Airport,SIN,2024-08-26 10:10,Shanghai Pudong International Airport,PVG,2024-08-26 15:35,325,China Eastern,Premium Economy,845,265,,575,Y,Y,Y,1,8,1,23,Monday,False,False,False,Phnom Penh International Airport,PNH
Singapore Changi Airport,SIN,2024-08-26 13:25,Suvarnabhumi Airport,BKK,2024-08-26 15:15,170,Cathay Pacific,Premium Economy,370,125,,1870,Y,Y,Y,1,7,2,25,Monday,False,False,False,Phnom Penh International Airport,PNH
Singapore Changi Airport,SIN,2024-08-27 17:40,Shenzhen Bao'an International Airport,SZX,2024-08-27 22:05,265,Shenzhen,Premium Economy,1110,690,True,446,Y,Y,Y,1,5,1,20,Tuesday,False,False,False,Phnom Penh International Airport,PNH
Singapore Changi Airport,SIN,2024-08-27 10:10,Shanghai Pudong International Airport,PVG,2024-08-27 15:35,325,China Eastern,Premium Economy,845,265,,575,Y,Y,Y,1,8,1,23,Tuesday,False,False,False,Phnom Penh International Airport,PNH
Singapore Changi Airport,SIN,2024-08-27 13:25,Suvarnabhumi Airport,BKK,2024-08-27 15:15,170,Cathay Pacific,Premium Economy,370,125,,1870,Y,Y,Y,1,7,2,25,Tuesday,False,False,False,Phnom Penh International Airport,PNH
Singapore Changi Airport,SIN,2024-08-28 17:40,Shenzhen Bao'an International Airport,SZX,2024-08-28 22:05,265,Shenzhen,Premium Economy,1110,690,True,446,Y,Y,Y,1,5,1,20,Wednesday,False,False,False,Phnom Penh International Airport,PNH
Singapore Changi Airport,SIN,2024-08-28 10:10,Shanghai Pudong International Airport,PVG,2024-08-28 15:35,325,China Eastern,Premium Economy,845,265,,575,Y,Y,Y,1,8,1,23,Wednesday,False,False,False,Phnom Penh International Airport,PNH
Singapore Changi Airport,SIN,2024-08-28 13:25,Suvarnabhumi Airport,BKK,2024-08-28 15:15,170,Cathay Pacific,Premium Economy,370,125,,1870,Y,Y,Y,1,7,2,25,Wednesday,False,False,False,Phnom Penh International Airport,PNH
Singapore Changi Airport,SIN,2024-08-29 17:40,Shenzhen Bao'an International Airport,SZX,2024-08-29 22:05,265,Shenzhen,Premium Economy,1110,690,True,446,Y,Y,Y,1,5,1,20,Thursday,False,False,False,Phnom Penh International Airport,PNH
Singapore Changi Airport,SIN,2024-08-29 10:10,Shanghai Pudong International Airport,PVG,2024-08-29 15:35,325,China Eastern,Premium Economy,845,265,,575,Y,Y,Y,1,8,1,23,Thursday,False,False,False,Phnom Penh International Airport,PNH
Singapore Changi Airport,SIN,2024-08-29 13:25,Suvarnabhumi Airport,BKK,2024-08-29 15:15,170,Cathay Pacific,Premium Economy,370,125,,1870,Y,Y,Y,1,7,2,25,Thursday,False,False,False,Phnom Penh International Airport,PNH
Singapore Changi Airport,SIN,2024-08-30 17:40,Shenzhen Bao'an International Airport,SZX,2024-08-30 22:05,265,Shenzhen,Premium Economy,1110,690,True,446,Y,Y,Y,1,5,1,20,Friday,False,False,False,Phnom Penh International Airport,PNH
Singapore Changi Airport,SIN,2024-08-30 10:10,Shanghai Pudong International Airport,PVG,2024-08-30 15:35,325,China Eastern,Premium Economy,845,265,,575,Y,Y,Y,1,8,1,23,Friday,False,False,False,Phnom Penh International Airport,PNH
Singapore Changi Airport,SIN,2024-08-30 13:25,Suvarnabhumi Airport,BKK,2024-08-30 15:15,170,Cathay Pacific,Premium Economy,370,125,,1870,Y,Y,Y,1,7,2,25,Friday,False,False,False,Phnom Penh International Airport,PNH
Singapore Changi Airport,SIN,2024-08-31 17:40,Shenzhen Bao'an International Airport,SZX,2024-08-31 22:05,265,Shenzhen,Premium Economy,1110,690,True,446,Y,Y,Y,1,5,1,20,Saturday,False,False,False,Phnom Penh International Airport,PNH
Singapore Changi Airport,SIN,2024-08-31 10:10,Shanghai Pudong International Airport,PVG,2024-08-31 15:35,325,China Eastern,Premium Economy,845,265,,575,Y,Y,Y,1,8,1,23,Saturday,False,False,False,Phnom Penh International Airport,PNH
Singapore Changi Airport,SIN,2024-08-31 13:25,Suvarnabhumi Airport,BKK,2024-08-31 15:15,170,Cathay Pacific,Premium Economy,370,125,,1870,Y,Y,Y,1,7,2,25,Saturday,False,False,False,Phnom Penh International Airport,PNH
Singapore Changi Airport,SIN,2024-08-31 09:40,Hong Kong International Airport,HKG,2024-08-31 13:55,255,Singapore Airlines,Premium Economy,510,85,,2089,Y,Y,Y,1,7,2,25,Saturday,False,False,False,Phnom Penh International Airport,PNH
