Departure Airport Name,Departure Airport ID,Departure Time,Arrival Airport Name,Arrival Airport ID,Arrival Time,Duration,Airline,Travel Class,Total Duration,Layover 1 Duration,Layover 1 Overnight,Price, Cabin Baggage, Checked Baggage,Meal Included,Cabin Baggage (Number),Cabin Baggage (kg per piece),Checked Baggage (Number),Checked Baggage (kg per piece) ,Day of Week (on flight date),Departure Country Is Holiday,Arrival Country Is Holiday,Overnight Flight,Final Arrival Airport Name,Final Arrival Airport ID
Singapore Changi Airport,SIN,2024-07-01 12:40,Kunming Changshui International Airport,KMG,2024-07-01 16:30,230,China Eastern,Premium Economy,1620,1270,True,472.0,Y,Y,Y,1,8,1,23,Monday,False,False,False,Yangon International Airport,RGN
Singapore Changi Airport,SIN,2024-07-01 14:00,Taiwan Taoyuan International Airport,TPE,2024-07-01 18:50,290,STARLUX,Premium Economy,1265,730,True,1615.0,Y,Y,Y,1,7,2,23,Monday,False,False,False,Yangon International Airport,RGN
Singapore Changi Airport,SIN,2024-07-01 09:00,Beijing Capital International Airport,PEK,2024-07-01 15:05,365,Air China,Premium Economy,770,90,,,Y,Y,Y,1,5,2,23,Monday,False,False,False,Yangon International Airport,RGN
Singapore Changi Airport,SIN,2024-07-07 23:25,Beijing Capital International Airport,PEK,2024-07-08 05:30,365,Air China,Premium Economy,1345,665,,,Y,Y,Y,1,5,2,23,Sunday,False,False,True,Yangon International Airport,RGN
Singapore Changi Airport,SIN,2024-07-08 12:40,Kunming Changshui International Airport,KMG,2024-07-08 16:30,230,China Eastern,Premium Economy,1620,1270,True,716.0,Y,Y,Y,1,8,1,23,Monday,False,False,False,Yangon International Airport,RGN
Singapore Changi Airport,SIN,2024-07-08 14:00,Taiwan Taoyuan International Airport,TPE,2024-07-08 18:50,290,STARLUX,Premium Economy,1265,730,True,1846.0,Y,Y,Y,1,7,2,23,Monday,False,False,False,Yangon International Airport,RGN
Singapore Changi Airport,SIN,2024-07-08 09:00,Beijing Capital International Airport,PEK,2024-07-08 15:05,365,Air China,Premium Economy,770,90,,,Y,Y,Y,1,5,2,23,Monday,False,False,False,Yangon International Airport,RGN
Singapore Changi Airport,SIN,2024-07-10 14:00,Taiwan Taoyuan International Airport,TPE,2024-07-10 18:50,290,STARLUX,Premium Economy,1265,730,True,1846.0,Y,Y,Y,1,7,2,23,Wednesday,False,False,False,Yangon International Airport,RGN
Singapore Changi Airport,SIN,2024-07-12 14:00,Taiwan Taoyuan International Airport,TPE,2024-07-12 18:50,290,STARLUX,Premium Economy,1265,730,True,1615.0,Y,Y,Y,1,7,2,23,Friday,False,False,False,Yangon International Airport,RGN
Singapore Changi Airport,SIN,2024-07-14 23:25,Beijing Capital International Airport,PEK,2024-07-15 05:30,365,Air China,Premium Economy,1345,665,,,Y,Y,Y,1,5,2,23,Sunday,False,False,True,Yangon International Airport,RGN
Singapore Changi Airport,SIN,2024-07-15 14:00,Taiwan Taoyuan International Airport,TPE,2024-07-15 18:50,290,STARLUX,Premium Economy,1265,730,True,1846.0,Y,Y,Y,1,7,2,23,Monday,False,False,False,Yangon International Airport,RGN
Singapore Changi Airport,SIN,2024-07-15 12:40,Kunming Changshui International Airport,KMG,2024-07-15 16:30,230,China Eastern,Premium Economy,1620,1270,True,2856.0,Y,Y,Y,1,8,1,23,Monday,False,False,False,Yangon International Airport,RGN
Singapore Changi Airport,SIN,2024-07-15 09:00,Beijing Capital International Airport,PEK,2024-07-15 15:05,365,Air China,Premium Economy,770,90,,,Y,Y,Y,1,5,2,23,Monday,False,False,False,Yangon International Airport,RGN
Singapore Changi Airport,SIN,2024-07-19 14:00,Taiwan Taoyuan International Airport,TPE,2024-07-19 18:50,290,STARLUX,Premium Economy,1265,730,True,1615.0,Y,Y,Y,1,7,2,23,Friday,False,True,False,Yangon International Airport,RGN
Singapore Changi Airport,SIN,2024-07-21 23:25,Beijing Capital International Airport,PEK,2024-07-22 05:30,365,Air China,Premium Economy,1345,665,,,Y,Y,Y,1,5,2,23,Sunday,False,False,True,Yangon International Airport,RGN
Singapore Changi Airport,SIN,2024-07-22 12:40,Kunming Changshui International Airport,KMG,2024-07-22 16:30,230,China Eastern,Premium Economy,1620,1270,True,2856.0,Y,Y,Y,1,8,1,23,Monday,False,False,False,Yangon International Airport,RGN
Singapore Changi Airport,SIN,2024-07-22 09:00,Beijing Capital International Airport,PEK,2024-07-22 15:05,365,Air China,Premium Economy,770,90,,,Y,Y,Y,1,5,2,23,Monday,False,False,False,Yangon International Airport,RGN
Singapore Changi Airport,SIN,2024-07-24 14:00,Taiwan Taoyuan International Airport,TPE,2024-07-24 18:50,290,STARLUX,Premium Economy,1265,730,True,1846.0,Y,Y,Y,1,7,2,23,Wednesday,False,False,False,Yangon International Airport,RGN
Singapore Changi Airport,SIN,2024-07-26 14:00,Taiwan Taoyuan International Airport,TPE,2024-07-26 18:50,290,STARLUX,Premium Economy,1265,730,True,1846.0,Y,Y,Y,1,7,2,23,Friday,False,False,False,Yangon International Airport,RGN
Singapore Changi Airport,SIN,2024-07-28 14:00,Taiwan Taoyuan International Airport,TPE,2024-07-28 18:50,290,STARLUX,Premium Economy,1265,730,True,1615.0,Y,Y,Y,1,7,2,23,Sunday,False,False,False,Yangon International Airport,RGN
Singapore Changi Airport,SIN,2024-07-28 23:25,Beijing Capital International Airport,PEK,2024-07-29 05:30,365,Air China,Premium Economy,1345,665,,,Y,Y,Y,1,5,2,23,Sunday,False,False,True,Yangon International Airport,RGN
Singapore Changi Airport,SIN,2024-07-29 14:00,Taiwan Taoyuan International Airport,TPE,2024-07-29 18:50,290,STARLUX,Premium Economy,1265,730,True,1846.0,Y,Y,Y,1,7,2,23,Monday,False,False,False,Yangon International Airport,RGN
Singapore Changi Airport,SIN,2024-07-29 12:40,Kunming Changshui International Airport,KMG,2024-07-29 16:30,230,China Eastern,Premium Economy,1620,1270,True,2856.0,Y,Y,Y,1,8,1,23,Monday,False,False,False,Yangon International Airport,RGN
Singapore Changi Airport,SIN,2024-07-29 09:00,Beijing Capital International Airport,PEK,2024-07-29 15:05,365,Air China,Premium Economy,770,90,,,Y,Y,Y,1,5,2,23,Monday,False,False,False,Yangon International Airport,RGN
Singapore Changi Airport,SIN,2024-07-31 14:00,Taiwan Taoyuan International Airport,TPE,2024-07-31 18:50,290,STARLUX,Premium Economy,1265,730,True,1846.0,Y,Y,Y,1,7,2,23,Wednesday,False,False,False,Yangon International Airport,RGN
Singapore Changi Airport,SIN,2024-08-04 23:25,Beijing Capital International Airport,PEK,2024-08-05 05:30,365,Air China,Premium Economy,1345,665,,,Y,Y,Y,1,5,2,23,Sunday,False,False,True,Yangon International Airport,RGN
Singapore Changi Airport,SIN,2024-08-05 12:40,Kunming Changshui International Airport,KMG,2024-08-05 16:30,230,China Eastern,Premium Economy,1620,1270,True,2875.0,Y,Y,Y,1,8,1,23,Monday,False,False,False,Yangon International Airport,RGN
Singapore Changi Airport,SIN,2024-08-05 09:00,Beijing Capital International Airport,PEK,2024-08-05 15:05,365,Air China,Premium Economy,770,90,,,Y,Y,Y,1,5,2,23,Monday,False,False,False,Yangon International Airport,RGN
Singapore Changi Airport,SIN,2024-08-09 14:00,Taiwan Taoyuan International Airport,TPE,2024-08-09 18:50,290,STARLUX Airlines,Premium Economy,1265,730,True,1625.0,Y,Y,Y,1,7,2,23,Friday,True,False,False,Yangon International Airport,RGN
Singapore Changi Airport,SIN,2024-08-11 23:25,Beijing Capital International Airport,PEK,2024-08-12 05:30,365,Air China,Premium Economy,1345,665,,,Y,Y,Y,1,5,2,23,Sunday,False,False,True,Yangon International Airport,RGN
Singapore Changi Airport,SIN,2024-08-12 14:00,Taiwan Taoyuan International Airport,TPE,2024-08-12 18:50,290,STARLUX Airlines,Premium Economy,1265,730,True,1857.0,Y,Y,Y,1,7,2,23,Monday,False,False,False,Yangon International Airport,RGN
Singapore Changi Airport,SIN,2024-08-12 09:00,Beijing Capital International Airport,PEK,2024-08-12 15:05,365,Air China,Premium Economy,770,90,,,Y,Y,Y,1,5,2,23,Monday,False,False,False,Yangon International Airport,RGN
Singapore Changi Airport,SIN,2024-08-18 23:25,Beijing Capital International Airport,PEK,2024-08-19 05:30,365,Air China,Premium Economy,1345,665,,,Y,Y,Y,1,5,2,23,Sunday,False,False,True,Yangon International Airport,RGN
Singapore Changi Airport,SIN,2024-08-19 09:00,Beijing Capital International Airport,PEK,2024-08-19 15:05,365,Air China,Premium Economy,770,90,,,Y,Y,Y,1,5,2,23,Monday,False,False,False,Yangon International Airport,RGN
Singapore Changi Airport,SIN,2024-08-25 23:25,Beijing Capital International Airport,PEK,2024-08-26 05:30,365,Air China,Premium Economy,1345,665,,,Y,Y,Y,1,5,2,23,Sunday,False,False,True,Yangon International Airport,RGN
Singapore Changi Airport,SIN,2024-08-26 14:00,Taiwan Taoyuan International Airport,TPE,2024-08-26 18:50,290,STARLUX Airlines,Premium Economy,1265,730,True,1625.0,Y,Y,Y,1,7,2,23,Monday,False,False,False,Yangon International Airport,RGN
Singapore Changi Airport,SIN,2024-08-26 09:00,Beijing Capital International Airport,PEK,2024-08-26 15:05,365,Air China,Premium Economy,770,90,,,Y,Y,Y,1,5,2,23,Monday,False,False,False,Yangon International Airport,RGN
