Departure Airport Name,Departure Airport ID,Departure Time,Arrival Airport Name,Arrival Airport ID,Arrival Time,Duration,Airline,Travel Class,Total Duration,Layover 1 Duration,Layover 1 Overnight,Price, Cabin Baggage, Checked Baggage,Meal Included,Cabin Baggage (Number),Cabin Baggage (kg per piece),Checked Baggage (Number),Checked Baggage (kg per piece) ,Day of Week (on flight date),Departure Country Is Holiday,Arrival Country Is Holiday,Overnight Flight,Final Arrival Airport Name,Final Arrival Airport ID
Singapore Changi Airport,SIN,2024-07-01 12:40,Kunming Changshui International Airport,KMG,2024-07-01 16:30,230,China Eastern,Premium Economy,560,240,,466,Y,Y,Y,1,8,1,23,Monday,False,False,False,Wattay International Airport,VTE
Singapore Changi Airport,SIN,2024-07-01 23:10,Shanghai Pudong International Airport,PVG,2024-07-02 04:10,300,China Eastern,Premium Economy,1450,910,True,515,Y,Y,Y,1,8,1,23,Monday,False,False,True,Wattay International Airport,VTE
Singapore Changi Airport,SIN,2024-07-02 23:10,Shanghai Pudong International Airport,PVG,2024-07-03 04:10,300,China Eastern,Premium Economy,1450,910,True,840,Y,Y,Y,1,8,1,23,Tuesday,False,False,True,Wattay International Airport,VTE
Singapore Changi Airport,SIN,2024-07-02 10:10,Shanghai Pudong International Airport,PVG,2024-07-02 15:35,325,China Eastern,Premium Economy,790,225,,920,Y,Y,Y,1,8,1,23,Tuesday,False,False,False,Wattay International Airport,VTE
Singapore Changi Airport,SIN,2024-07-03 10:10,Shanghai Pudong International Airport,PVG,2024-07-03 15:35,325,China Eastern,Premium Economy,790,225,,840,Y,Y,Y,1,8,1,23,Wednesday,False,False,False,Wattay International Airport,VTE
Singapore Changi Airport,SIN,2024-07-03 23:10,Shanghai Pudong International Airport,PVG,2024-07-04 04:10,300,China Eastern,Premium Economy,1450,910,True,840,Y,Y,Y,1,8,1,23,Wednesday,False,False,True,Wattay International Airport,VTE
Singapore Changi Airport,SIN,2024-07-04 10:10,Shanghai Pudong International Airport,PVG,2024-07-04 15:35,325,China Eastern,Premium Economy,790,225,,840,Y,Y,Y,1,8,1,23,Thursday,False,False,False,Wattay International Airport,VTE
Singapore Changi Airport,SIN,2024-07-05 23:10,Shanghai Pudong International Airport,PVG,2024-07-06 04:10,300,China Eastern,Premium Economy,1450,910,True,840,Y,Y,Y,1,8,1,23,Friday,False,False,True,Wattay International Airport,VTE
Singapore Changi Airport,SIN,2024-07-05 10:10,Shanghai Pudong International Airport,PVG,2024-07-05 15:35,325,China Eastern,Premium Economy,790,225,,1075,Y,Y,Y,1,8,1,23,Friday,False,False,False,Wattay International Airport,VTE
Singapore Changi Airport,SIN,2024-07-06 23:10,Shanghai Pudong International Airport,PVG,2024-07-07 04:10,300,China Eastern,Premium Economy,1450,910,True,752,Y,Y,Y,1,8,1,23,Saturday,False,False,True,Wattay International Airport,VTE
Singapore Changi Airport,SIN,2024-07-06 10:10,Shanghai Pudong International Airport,PVG,2024-07-06 15:35,325,China Eastern,Premium Economy,790,225,,997,Y,Y,Y,1,8,1,23,Saturday,False,False,False,Wattay International Airport,VTE
Singapore Changi Airport,SIN,2024-07-07 10:10,Shanghai Pudong International Airport,PVG,2024-07-07 15:35,325,China Eastern,Premium Economy,790,225,,752,Y,Y,Y,1,8,1,23,Sunday,False,False,False,Wattay International Airport,VTE
Singapore Changi Airport,SIN,2024-07-07 23:10,Shanghai Pudong International Airport,PVG,2024-07-08 04:10,300,China Eastern,Premium Economy,1450,910,True,997,Y,Y,Y,1,8,1,23,Sunday,False,False,True,Wattay International Airport,VTE
Singapore Changi Airport,SIN,2024-07-08 12:40,Kunming Changshui International Airport,KMG,2024-07-08 16:30,230,China Eastern,Premium Economy,560,240,,825,Y,Y,Y,1,8,1,23,Monday,False,False,False,Wattay International Airport,VTE
Singapore Changi Airport,SIN,2024-07-08 23:10,Shanghai Pudong International Airport,PVG,2024-07-09 04:10,300,China Eastern,Premium Economy,1450,910,True,997,Y,Y,Y,1,8,1,23,Monday,False,False,True,Wattay International Airport,VTE
Singapore Changi Airport,SIN,2024-07-09 23:10,Shanghai Pudong International Airport,PVG,2024-07-10 04:10,300,China Eastern,Premium Economy,1450,910,True,861,Y,Y,Y,1,8,1,23,Tuesday,False,False,True,Wattay International Airport,VTE
Singapore Changi Airport,SIN,2024-07-09 10:10,Shanghai Pudong International Airport,PVG,2024-07-09 15:35,325,China Eastern,Premium Economy,790,225,,950,Y,Y,Y,1,8,1,23,Tuesday,False,False,False,Wattay International Airport,VTE
Singapore Changi Airport,SIN,2024-07-10 10:10,Shanghai Pudong International Airport,PVG,2024-07-10 15:35,325,China Eastern,Premium Economy,790,225,,861,Y,Y,Y,1,8,1,23,Wednesday,False,False,False,Wattay International Airport,VTE
Singapore Changi Airport,SIN,2024-07-10 23:10,Shanghai Pudong International Airport,PVG,2024-07-11 04:10,300,China Eastern,Premium Economy,1450,910,True,861,Y,Y,Y,1,8,1,23,Wednesday,False,False,True,Wattay International Airport,VTE
Singapore Changi Airport,SIN,2024-07-11 10:10,Shanghai Pudong International Airport,PVG,2024-07-11 15:35,325,China Eastern,Premium Economy,790,225,,1085,Y,Y,Y,1,8,1,23,Thursday,False,False,False,Wattay International Airport,VTE
Singapore Changi Airport,SIN,2024-07-12 23:10,Shanghai Pudong International Airport,PVG,2024-07-13 04:10,300,China Eastern,Premium Economy,1450,910,True,916,Y,Y,Y,1,8,1,23,Friday,False,False,True,Wattay International Airport,VTE
Singapore Changi Airport,SIN,2024-07-12 10:10,Shanghai Pudong International Airport,PVG,2024-07-12 15:35,325,China Eastern,Premium Economy,790,225,,1004,Y,Y,Y,1,8,1,23,Friday,False,False,False,Wattay International Airport,VTE
Singapore Changi Airport,SIN,2024-07-13 23:10,Shanghai Pudong International Airport,PVG,2024-07-14 04:10,300,China Eastern,Premium Economy,1450,910,True,916,Y,Y,Y,1,8,1,23,Saturday,False,False,True,Wattay International Airport,VTE
Singapore Changi Airport,SIN,2024-07-13 10:10,Shanghai Pudong International Airport,PVG,2024-07-13 15:35,325,China Eastern,Premium Economy,790,225,,1085,Y,Y,Y,1,8,1,23,Saturday,False,False,False,Wattay International Airport,VTE
Singapore Changi Airport,SIN,2024-07-14 23:10,Shanghai Pudong International Airport,PVG,2024-07-15 04:10,300,China Eastern,Premium Economy,1450,910,True,714,Y,Y,Y,1,8,1,23,Sunday,False,False,True,Wattay International Airport,VTE
Singapore Changi Airport,SIN,2024-07-14 10:10,Shanghai Pudong International Airport,PVG,2024-07-14 15:35,325,China Eastern,Premium Economy,790,225,,1004,Y,Y,Y,1,8,1,23,Sunday,False,False,False,Wattay International Airport,VTE
Singapore Changi Airport,SIN,2024-07-15 10:10,Shanghai Pudong International Airport,PVG,2024-07-15 15:35,325,China Eastern,Premium Economy,790,225,,795,Y,Y,Y,1,8,1,23,Monday,False,False,False,Wattay International Airport,VTE
Singapore Changi Airport,SIN,2024-07-15 23:10,Shanghai Pudong International Airport,PVG,2024-07-16 04:10,300,China Eastern,Premium Economy,1450,910,True,916,Y,Y,Y,1,8,1,23,Monday,False,False,True,Wattay International Airport,VTE
Singapore Changi Airport,SIN,2024-07-16 23:10,Shanghai Pudong International Airport,PVG,2024-07-17 04:10,300,China Eastern,Premium Economy,1450,910,True,916,Y,Y,Y,1,8,1,23,Tuesday,False,False,True,Wattay International Airport,VTE
Singapore Changi Airport,SIN,2024-07-16 10:10,Shanghai Pudong International Airport,PVG,2024-07-16 15:35,325,China Eastern,Premium Economy,790,225,,1004,Y,Y,Y,1,8,1,23,Tuesday,False,False,False,Wattay International Airport,VTE
Singapore Changi Airport,SIN,2024-07-17 23:10,Shanghai Pudong International Airport,PVG,2024-07-18 04:10,300,China Eastern,Premium Economy,1450,910,True,581,Y,Y,Y,1,8,1,23,Wednesday,False,False,True,Wattay International Airport,VTE
Singapore Changi Airport,SIN,2024-07-17 10:10,Shanghai Pudong International Airport,PVG,2024-07-17 15:35,325,China Eastern,Premium Economy,790,225,,1004,Y,Y,Y,1,8,1,23,Wednesday,False,False,False,Wattay International Airport,VTE
Singapore Changi Airport,SIN,2024-07-18 10:10,Shanghai Pudong International Airport,PVG,2024-07-18 15:35,325,China Eastern,Premium Economy,790,225,,625,Y,Y,Y,1,8,1,23,Thursday,False,False,False,Wattay International Airport,VTE
Singapore Changi Airport,SIN,2024-07-19 23:10,Shanghai Pudong International Airport,PVG,2024-07-20 04:10,300,China Eastern,Premium Economy,1450,910,True,916,Y,Y,Y,1,8,1,23,Friday,False,True,True,Wattay International Airport,VTE
Singapore Changi Airport,SIN,2024-07-19 10:10,Shanghai Pudong International Airport,PVG,2024-07-19 15:35,325,China Eastern,Premium Economy,790,225,,1004,Y,Y,Y,1,8,1,23,Friday,False,False,False,Wattay International Airport,VTE
Singapore Changi Airport,SIN,2024-07-20 23:10,Shanghai Pudong International Airport,PVG,2024-07-21 04:10,300,China Eastern,Premium Economy,1450,910,True,916,Y,Y,Y,1,8,1,23,Saturday,False,False,True,Wattay International Airport,VTE
Singapore Changi Airport,SIN,2024-07-20 10:10,Shanghai Pudong International Airport,PVG,2024-07-20 15:35,325,China Eastern,Premium Economy,790,225,,1085,Y,Y,Y,1,8,1,23,Saturday,False,True,False,Wattay International Airport,VTE
Singapore Changi Airport,SIN,2024-07-21 10:10,Shanghai Pudong International Airport,PVG,2024-07-21 15:35,325,China Eastern,Premium Economy,790,225,,1085,Y,Y,Y,1,8,1,23,Sunday,False,False,False,Wattay International Airport,VTE
Singapore Changi Airport,SIN,2024-07-21 23:10,Shanghai Pudong International Airport,PVG,2024-07-22 04:10,300,China Eastern,Premium Economy,1450,910,True,1163,Y,Y,Y,1,8,1,23,Sunday,False,False,True,Wattay International Airport,VTE
Singapore Changi Airport,SIN,2024-07-22 23:10,Shanghai Pudong International Airport,PVG,2024-07-23 04:10,300,China Eastern,Premium Economy,1450,910,True,625,Y,Y,Y,1,8,1,23,Monday,False,False,True,Wattay International Airport,VTE
Singapore Changi Airport,SIN,2024-07-22 10:10,Shanghai Pudong International Airport,PVG,2024-07-22 15:35,325,China Eastern,Premium Economy,790,225,,795,Y,Y,Y,1,8,1,23,Monday,False,False,False,Wattay International Airport,VTE
Singapore Changi Airport,SIN,2024-07-23 23:10,Shanghai Pudong International Airport,PVG,2024-07-24 04:10,300,China Eastern,Premium Economy,1450,910,True,869,Y,Y,Y,1,8,1,23,Tuesday,False,False,True,Wattay International Airport,VTE
Singapore Changi Airport,SIN,2024-07-23 10:10,Shanghai Pudong International Airport,PVG,2024-07-23 15:35,325,China Eastern,Premium Economy,790,225,,1004,Y,Y,Y,1,8,1,23,Tuesday,False,False,False,Wattay International Airport,VTE
Singapore Changi Airport,SIN,2024-07-24 23:10,Shanghai Pudong International Airport,PVG,2024-07-25 04:10,300,China Eastern,Premium Economy,1450,910,True,869,Y,Y,Y,1,8,1,23,Wednesday,False,False,True,Wattay International Airport,VTE
Singapore Changi Airport,SIN,2024-07-24 10:10,Shanghai Pudong International Airport,PVG,2024-07-24 15:35,325,China Eastern,Premium Economy,790,225,,1004,Y,Y,Y,1,8,1,23,Wednesday,False,False,False,Wattay International Airport,VTE
Singapore Changi Airport,SIN,2024-07-25 10:10,Shanghai Pudong International Airport,PVG,2024-07-25 15:35,325,China Eastern,Premium Economy,790,225,,916,Y,Y,Y,1,8,1,23,Thursday,False,False,False,Wattay International Airport,VTE
Singapore Changi Airport,SIN,2024-07-26 23:10,Shanghai Pudong International Airport,PVG,2024-07-27 04:10,300,China Eastern,Premium Economy,1450,910,True,869,Y,Y,Y,1,8,1,23,Friday,False,False,True,Wattay International Airport,VTE
Singapore Changi Airport,SIN,2024-07-26 10:10,Shanghai Pudong International Airport,PVG,2024-07-26 15:35,325,China Eastern,Premium Economy,790,225,,1085,Y,Y,Y,1,8,1,23,Friday,False,False,False,Wattay International Airport,VTE
Singapore Changi Airport,SIN,2024-07-27 23:10,Shanghai Pudong International Airport,PVG,2024-07-28 04:10,300,China Eastern,Premium Economy,1450,910,True,916,Y,Y,Y,1,8,1,23,Saturday,False,False,True,Wattay International Airport,VTE
Singapore Changi Airport,SIN,2024-07-27 10:10,Shanghai Pudong International Airport,PVG,2024-07-27 15:35,325,China Eastern,Premium Economy,790,225,,1163,Y,Y,Y,1,8,1,23,Saturday,False,False,False,Wattay International Airport,VTE
Singapore Changi Airport,SIN,2024-07-28 10:10,Shanghai Pudong International Airport,PVG,2024-07-28 15:35,325,China Eastern,Premium Economy,790,225,,1085,Y,Y,Y,1,8,1,23,Sunday,False,False,False,Wattay International Airport,VTE
Singapore Changi Airport,SIN,2024-07-28 23:10,Shanghai Pudong International Airport,PVG,2024-07-29 04:10,300,China Eastern,Premium Economy,1450,910,True,1085,Y,Y,Y,1,8,1,23,Sunday,False,False,True,Wattay International Airport,VTE
Singapore Changi Airport,SIN,2024-07-29 23:10,Shanghai Pudong International Airport,PVG,2024-07-30 04:10,300,China Eastern,Premium Economy,1450,910,True,916,Y,Y,Y,1,8,1,23,Monday,False,False,True,Wattay International Airport,VTE
Singapore Changi Airport,SIN,2024-07-29 10:10,Shanghai Pudong International Airport,PVG,2024-07-29 15:35,325,China Eastern,Premium Economy,790,225,,1004,Y,Y,Y,1,8,1,23,Monday,False,False,False,Wattay International Airport,VTE
Singapore Changi Airport,SIN,2024-07-30 23:10,Shanghai Pudong International Airport,PVG,2024-07-31 04:10,300,China Eastern,Premium Economy,1450,910,True,581,Y,Y,Y,1,8,1,23,Tuesday,False,False,True,Wattay International Airport,VTE
Singapore Changi Airport,SIN,2024-07-30 10:10,Shanghai Pudong International Airport,PVG,2024-07-30 15:35,325,China Eastern,Premium Economy,790,225,,1004,Y,Y,Y,1,8,1,23,Tuesday,False,False,False,Wattay International Airport,VTE
Singapore Changi Airport,SIN,2024-07-31 10:10,Shanghai Pudong International Airport,PVG,2024-07-31 15:35,325,China Eastern,Premium Economy,790,225,,714,Y,Y,Y,1,8,1,23,Wednesday,False,False,False,Wattay International Airport,VTE
Singapore Changi Airport,SIN,2024-07-31 23:10,Shanghai Pudong International Airport,PVG,2024-08-01 04:10,300,China Eastern,Premium Economy,1450,910,True,869,Y,Y,Y,1,8,1,23,Wednesday,False,False,True,Wattay International Airport,VTE
Singapore Changi Airport,SIN,2024-08-05 23:10,Shanghai Pudong International Airport,PVG,2024-08-06 04:10,300,China Eastern,Premium Economy,1450,910,True,986,Y,Y,Y,1,8,1,23,Monday,False,False,True,Wattay International Airport,VTE
Singapore Changi Airport,SIN,2024-08-05 10:10,Shanghai Pudong International Airport,PVG,2024-08-05 15:35,325,China Eastern,Premium Economy,790,225,,1089,Y,Y,Y,1,8,1,23,Monday,False,False,False,Wattay International Airport,VTE
Singapore Changi Airport,SIN,2024-08-06 10:10,Shanghai Pudong International Airport,PVG,2024-08-06 15:35,325,China Eastern,Premium Economy,790,225,,717,Y,Y,Y,1,8,1,23,Tuesday,False,False,False,Wattay International Airport,VTE
Singapore Changi Airport,SIN,2024-08-06 23:10,Shanghai Pudong International Airport,PVG,2024-08-07 04:10,300,China Eastern,Premium Economy,1450,910,True,2159,Y,Y,Y,1,8,1,23,Tuesday,False,False,True,Wattay International Airport,VTE
Singapore Changi Airport,SIN,2024-08-07 23:10,Shanghai Pudong International Airport,PVG,2024-08-08 04:10,300,China Eastern,Premium Economy,1450,910,True,986,Y,Y,Y,1,8,1,23,Wednesday,False,False,True,Wattay International Airport,VTE
Singapore Changi Airport,SIN,2024-08-07 10:10,Shanghai Pudong International Airport,PVG,2024-08-07 15:35,325,China Eastern,Premium Economy,790,225,,1089,Y,Y,Y,1,8,1,23,Wednesday,False,False,False,Wattay International Airport,VTE
Singapore Changi Airport,SIN,2024-08-08 10:10,Shanghai Pudong International Airport,PVG,2024-08-08 15:35,325,China Eastern,Premium Economy,790,225,,1089,Y,Y,Y,1,8,1,23,Thursday,False,False,False,Wattay International Airport,VTE
Singapore Changi Airport,SIN,2024-08-09 10:10,Shanghai Pudong International Airport,PVG,2024-08-09 15:35,325,China Eastern,Premium Economy,790,225,,1089,Y,Y,Y,1,8,1,23,Friday,True,False,False,Wattay International Airport,VTE
Singapore Changi Airport,SIN,2024-08-09 23:10,Shanghai Pudong International Airport,PVG,2024-08-10 04:10,300,China Eastern,Premium Economy,1450,910,True,2159,Y,Y,Y,1,8,1,23,Friday,True,False,True,Wattay International Airport,VTE
Singapore Changi Airport,SIN,2024-08-10 10:10,Shanghai Pudong International Airport,PVG,2024-08-10 15:35,325,China Eastern,Premium Economy,790,225,,2159,Y,Y,Y,1,8,1,23,Saturday,False,False,False,Wattay International Airport,VTE
Singapore Changi Airport,SIN,2024-08-11 23:10,Shanghai Pudong International Airport,PVG,2024-08-12 04:10,300,China Eastern,Premium Economy,1450,910,True,1053,Y,Y,Y,1,8,1,23,Sunday,False,False,True,Wattay International Airport,VTE
Singapore Changi Airport,SIN,2024-08-11 10:10,Shanghai Pudong International Airport,PVG,2024-08-11 15:35,325,China Eastern,Premium Economy,790,225,,2159,Y,Y,Y,1,8,1,23,Sunday,False,False,False,Wattay International Airport,VTE
Singapore Changi Airport,SIN,2024-08-12 23:10,Shanghai Pudong International Airport,PVG,2024-08-13 04:10,300,China Eastern,Premium Economy,1450,910,True,583,Y,Y,Y,1,8,1,23,Monday,False,False,True,Wattay International Airport,VTE
Singapore Changi Airport,SIN,2024-08-12 10:10,Shanghai Pudong International Airport,PVG,2024-08-12 15:35,325,China Eastern,Premium Economy,790,225,,1089,Y,Y,Y,1,8,1,23,Monday,False,False,False,Wattay International Airport,VTE
Singapore Changi Airport,SIN,2024-08-13 10:10,Shanghai Pudong International Airport,PVG,2024-08-13 15:35,325,China Eastern,Premium Economy,790,225,,628,Y,Y,Y,1,8,1,23,Tuesday,False,False,False,Wattay International Airport,VTE
Singapore Changi Airport,SIN,2024-08-13 23:10,Shanghai Pudong International Airport,PVG,2024-08-14 04:10,300,China Eastern,Premium Economy,1450,910,True,871,Y,Y,Y,1,8,1,23,Tuesday,False,False,True,Wattay International Airport,VTE
Singapore Changi Airport,SIN,2024-08-14 23:10,Shanghai Pudong International Airport,PVG,2024-08-15 04:10,300,China Eastern,Premium Economy,1450,910,True,871,Y,Y,Y,1,8,1,23,Wednesday,False,False,True,Wattay International Airport,VTE
Singapore Changi Airport,SIN,2024-08-14 10:10,Shanghai Pudong International Airport,PVG,2024-08-14 15:35,325,China Eastern,Premium Economy,790,225,,938,Y,Y,Y,1,8,1,23,Wednesday,False,False,False,Wattay International Airport,VTE
Singapore Changi Airport,SIN,2024-08-15 10:10,Shanghai Pudong International Airport,PVG,2024-08-15 15:35,325,China Eastern,Premium Economy,790,225,,938,Y,Y,Y,1,8,1,23,Thursday,False,False,False,Wattay International Airport,VTE
Singapore Changi Airport,SIN,2024-08-16 23:10,Shanghai Pudong International Airport,PVG,2024-08-17 04:10,300,China Eastern,Premium Economy,1450,910,True,871,Y,Y,Y,1,8,1,23,Friday,False,False,True,Wattay International Airport,VTE
Singapore Changi Airport,SIN,2024-08-16 10:10,Shanghai Pudong International Airport,PVG,2024-08-16 15:35,325,China Eastern,Premium Economy,790,225,,938,Y,Y,Y,1,8,1,23,Friday,False,False,False,Wattay International Airport,VTE
Singapore Changi Airport,SIN,2024-08-17 10:10,Shanghai Pudong International Airport,PVG,2024-08-17 15:35,325,China Eastern,Premium Economy,790,225,,2159,Y,Y,Y,1,8,1,23,Saturday,False,False,False,Wattay International Airport,VTE
Singapore Changi Airport,SIN,2024-08-18 10:10,Shanghai Pudong International Airport,PVG,2024-08-18 15:35,325,China Eastern,Premium Economy,790,225,,2159,Y,Y,Y,1,8,1,23,Sunday,False,False,False,Wattay International Airport,VTE
Singapore Changi Airport,SIN,2024-08-18 23:10,Shanghai Pudong International Airport,PVG,2024-08-19 04:10,300,China Eastern,Premium Economy,1450,910,True,2159,Y,Y,Y,1,8,1,23,Sunday,False,False,True,Wattay International Airport,VTE
Singapore Changi Airport,SIN,2024-08-19 23:10,Shanghai Pudong International Airport,PVG,2024-08-20 04:10,300,China Eastern,Premium Economy,1450,910,True,871,Y,Y,Y,1,8,1,23,Monday,False,False,True,Wattay International Airport,VTE
Singapore Changi Airport,SIN,2024-08-19 10:10,Shanghai Pudong International Airport,PVG,2024-08-19 15:35,325,China Eastern,Premium Economy,790,225,,938,Y,Y,Y,1,8,1,23,Monday,False,False,False,Wattay International Airport,VTE
Singapore Changi Airport,SIN,2024-08-20 23:10,Shanghai Pudong International Airport,PVG,2024-08-21 04:10,300,China Eastern,Premium Economy,1450,910,True,844,Y,Y,Y,1,8,1,23,Tuesday,False,False,True,Wattay International Airport,VTE
Singapore Changi Airport,SIN,2024-08-20 10:10,Shanghai Pudong International Airport,PVG,2024-08-20 15:35,325,China Eastern,Premium Economy,790,225,,938,Y,Y,Y,1,8,1,23,Tuesday,False,False,False,Wattay International Airport,VTE
Singapore Changi Airport,SIN,2024-08-21 23:10,Shanghai Pudong International Airport,PVG,2024-08-22 04:10,300,China Eastern,Premium Economy,1450,910,True,844,Y,Y,Y,1,8,1,23,Wednesday,False,False,True,Wattay International Airport,VTE
Singapore Changi Airport,SIN,2024-08-21 10:10,Shanghai Pudong International Airport,PVG,2024-08-21 15:35,325,China Eastern,Premium Economy,790,225,,911,Y,Y,Y,1,8,1,23,Wednesday,False,False,False,Wattay International Airport,VTE
Singapore Changi Airport,SIN,2024-08-22 10:10,Shanghai Pudong International Airport,PVG,2024-08-22 15:35,325,China Eastern,Premium Economy,790,225,,911,Y,Y,Y,1,8,1,23,Thursday,False,False,False,Wattay International Airport,VTE
Singapore Changi Airport,SIN,2024-08-23 23:10,Shanghai Pudong International Airport,PVG,2024-08-24 04:10,300,China Eastern,Premium Economy,1450,910,True,844,Y,Y,Y,1,8,1,23,Friday,False,False,True,Wattay International Airport,VTE
Singapore Changi Airport,SIN,2024-08-23 10:10,Shanghai Pudong International Airport,PVG,2024-08-23 15:35,325,China Eastern,Premium Economy,790,225,,911,Y,Y,Y,1,8,1,23,Friday,False,False,False,Wattay International Airport,VTE
Singapore Changi Airport,SIN,2024-08-24 10:10,Shanghai Pudong International Airport,PVG,2024-08-24 15:35,325,China Eastern,Premium Economy,790,225,,992,Y,Y,Y,1,8,1,23,Saturday,False,False,False,Wattay International Airport,VTE
Singapore Changi Airport,SIN,2024-08-25 23:10,Shanghai Pudong International Airport,PVG,2024-08-26 04:10,300,China Eastern,Premium Economy,1450,910,True,844,Y,Y,Y,1,8,1,23,Sunday,False,False,True,Wattay International Airport,VTE
Singapore Changi Airport,SIN,2024-08-25 10:10,Shanghai Pudong International Airport,PVG,2024-08-25 15:35,325,China Eastern,Premium Economy,790,225,,2103,Y,Y,Y,1,8,1,23,Sunday,False,False,False,Wattay International Airport,VTE
Singapore Changi Airport,SIN,2024-08-26 23:10,Shanghai Pudong International Airport,PVG,2024-08-27 04:10,300,China Eastern,Premium Economy,1450,910,True,844,Y,Y,Y,1,8,1,23,Monday,False,False,True,Wattay International Airport,VTE
Singapore Changi Airport,SIN,2024-08-26 10:10,Shanghai Pudong International Airport,PVG,2024-08-26 15:35,325,China Eastern,Premium Economy,790,225,,911,Y,Y,Y,1,8,1,23,Monday,False,False,False,Wattay International Airport,VTE
Singapore Changi Airport,SIN,2024-08-27 23:10,Shanghai Pudong International Airport,PVG,2024-08-28 04:10,300,China Eastern,Premium Economy,1450,910,True,844,Y,Y,Y,1,8,1,23,Tuesday,False,False,True,Wattay International Airport,VTE
Singapore Changi Airport,SIN,2024-08-27 10:10,Shanghai Pudong International Airport,PVG,2024-08-27 15:35,325,China Eastern,Premium Economy,790,225,,911,Y,Y,Y,1,8,1,23,Tuesday,False,False,False,Wattay International Airport,VTE
Singapore Changi Airport,SIN,2024-08-28 10:10,Shanghai Pudong International Airport,PVG,2024-08-28 15:35,325,China Eastern,Premium Economy,790,225,,911,Y,Y,Y,1,8,1,23,Wednesday,False,False,False,Wattay International Airport,VTE
Singapore Changi Airport,SIN,2024-08-28 23:10,Shanghai Pudong International Airport,PVG,2024-08-29 04:10,300,China Eastern,Premium Economy,1450,910,True,2103,Y,Y,Y,1,8,1,23,Wednesday,False,False,True,Wattay International Airport,VTE
Singapore Changi Airport,SIN,2024-08-29 10:10,Shanghai Pudong International Airport,PVG,2024-08-29 15:35,325,China Eastern,Premium Economy,790,225,,911,Y,Y,Y,1,8,1,23,Thursday,False,False,False,Wattay International Airport,VTE
Singapore Changi Airport,SIN,2024-08-30 10:10,Shanghai Pudong International Airport,PVG,2024-08-30 15:35,325,China Eastern,Premium Economy,790,225,,911,Y,Y,Y,1,8,1,23,Friday,False,False,False,Wattay International Airport,VTE
Singapore Changi Airport,SIN,2024-08-30 23:10,Shanghai Pudong International Airport,PVG,2024-08-31 04:10,300,China Eastern,Premium Economy,1450,910,True,911,Y,Y,Y,1,8,1,23,Friday,False,False,True,Wattay International Airport,VTE
Singapore Changi Airport,SIN,2024-08-31 10:10,Shanghai Pudong International Airport,PVG,2024-08-31 15:35,325,China Eastern,Premium Economy,790,225,,911,Y,Y,Y,1,8,1,23,Saturday,False,False,False,Wattay International Airport,VTE
