Departure Airport Name,Departure Airport ID,Departure Time,Arrival Airport Name,Arrival Airport ID,Arrival Time,Duration,Airline,Travel Class,Total Duration,Layover 1 Duration,Layover 1 Overnight,Price, Cabin Baggage, Checked Baggage,Meal Included,Cabin Baggage (Number),Cabin Baggage (kg per piece),Checked Baggage (Number),Checked Baggage (kg per piece) ,Day of Week (on flight date),Departure Country Is Holiday,Arrival Country Is Holiday,Overnight Flight,Final Arrival Airport Name,Final Arrival Airport ID
Wattay International Airport,VTE,2024-07-01 13:40,Suvarnabhumi Airport,BKK,2024-07-01 15:00,80,THAI,Premium Economy,325,155,,478,Y,Y,Y,1,7,1,35,Monday,False,False,False,Tan Son Nhat International Airport,SGN
Wattay International Airport,VTE,2024-07-01 20:30,Suvarnabhumi Airport,BKK,2024-07-01 21:55,85,THAI,Premium Economy,755,580,True,478,Y,Y,Y,1,7,1,35,Monday,False,False,False,Tan Son Nhat International Airport,SGN
Wattay International Airport,VTE,2024-07-02 13:40,Suvarnabhumi Airport,BKK,2024-07-02 15:00,80,THAI,Premium Economy,325,155,,478,Y,Y,Y,1,7,1,35,Tuesday,False,False,False,Tan Son Nhat International Airport,SGN
Wattay International Airport,VTE,2024-07-02 20:30,Suvarnabhumi Airport,BKK,2024-07-02 21:55,85,THAI,Premium Economy,755,580,True,478,Y,Y,Y,1,7,1,35,Tuesday,False,False,False,Tan Son Nhat International Airport,SGN
Wattay International Airport,VTE,2024-07-03 13:40,Suvarnabhumi Airport,BKK,2024-07-03 15:00,80,THAI,Premium Economy,325,155,,478,Y,Y,Y,1,7,1,35,Wednesday,False,False,False,Tan Son Nhat International Airport,SGN
Wattay International Airport,VTE,2024-07-03 20:30,Suvarnabhumi Airport,BKK,2024-07-03 21:55,85,THAI,Premium Economy,755,580,True,478,Y,Y,Y,1,7,1,35,Wednesday,False,False,False,Tan Son Nhat International Airport,SGN
Wattay International Airport,VTE,2024-07-04 13:40,Suvarnabhumi Airport,BKK,2024-07-04 15:00,80,THAI,Premium Economy,325,155,,478,Y,Y,Y,1,7,1,35,Thursday,False,False,False,Tan Son Nhat International Airport,SGN
Wattay International Airport,VTE,2024-07-04 20:30,Suvarnabhumi Airport,BKK,2024-07-04 21:55,85,THAI,Premium Economy,755,580,True,478,Y,Y,Y,1,7,1,35,Thursday,False,False,False,Tan Son Nhat International Airport,SGN
Wattay International Airport,VTE,2024-07-05 13:40,Suvarnabhumi Airport,BKK,2024-07-05 15:00,80,THAI,Premium Economy,325,155,,478,Y,Y,Y,1,7,1,35,Friday,False,False,False,Tan Son Nhat International Airport,SGN
Wattay International Airport,VTE,2024-07-05 20:30,Suvarnabhumi Airport,BKK,2024-07-05 21:55,85,THAI,Premium Economy,755,580,True,478,Y,Y,Y,1,7,1,35,Friday,False,False,False,Tan Son Nhat International Airport,SGN
Wattay International Airport,VTE,2024-07-06 13:40,Suvarnabhumi Airport,BKK,2024-07-06 15:00,80,THAI,Premium Economy,325,155,,478,Y,Y,Y,1,7,1,35,Saturday,False,False,False,Tan Son Nhat International Airport,SGN
Wattay International Airport,VTE,2024-07-06 20:30,Suvarnabhumi Airport,BKK,2024-07-06 21:55,85,THAI,Premium Economy,755,580,True,478,Y,Y,Y,1,7,1,35,Saturday,False,False,False,Tan Son Nhat International Airport,SGN
Wattay International Airport,VTE,2024-07-07 13:40,Suvarnabhumi Airport,BKK,2024-07-07 15:00,80,THAI,Premium Economy,325,155,,478,Y,Y,Y,1,7,1,35,Sunday,False,False,False,Tan Son Nhat International Airport,SGN
Wattay International Airport,VTE,2024-07-07 20:30,Suvarnabhumi Airport,BKK,2024-07-07 21:55,85,THAI,Premium Economy,755,580,True,478,Y,Y,Y,1,7,1,35,Sunday,False,False,False,Tan Son Nhat International Airport,SGN
Wattay International Airport,VTE,2024-07-08 13:40,Suvarnabhumi Airport,BKK,2024-07-08 15:00,80,THAI,Premium Economy,325,155,,478,Y,Y,Y,1,7,1,35,Monday,False,False,False,Tan Son Nhat International Airport,SGN
Wattay International Airport,VTE,2024-07-08 20:30,Suvarnabhumi Airport,BKK,2024-07-08 21:55,85,THAI,Premium Economy,755,580,True,478,Y,Y,Y,1,7,1,35,Monday,False,False,False,Tan Son Nhat International Airport,SGN
Wattay International Airport,VTE,2024-07-09 13:40,Suvarnabhumi Airport,BKK,2024-07-09 15:00,80,THAI,Premium Economy,325,155,,478,Y,Y,Y,1,7,1,35,Tuesday,False,False,False,Tan Son Nhat International Airport,SGN
Wattay International Airport,VTE,2024-07-09 20:30,Suvarnabhumi Airport,BKK,2024-07-09 21:55,85,THAI,Premium Economy,755,580,True,478,Y,Y,Y,1,7,1,35,Tuesday,False,False,False,Tan Son Nhat International Airport,SGN
Wattay International Airport,VTE,2024-07-10 13:40,Suvarnabhumi Airport,BKK,2024-07-10 15:00,80,THAI,Premium Economy,325,155,,478,Y,Y,Y,1,7,1,35,Wednesday,False,False,False,Tan Son Nhat International Airport,SGN
Wattay International Airport,VTE,2024-07-10 20:30,Suvarnabhumi Airport,BKK,2024-07-10 21:55,85,THAI,Premium Economy,755,580,True,478,Y,Y,Y,1,7,1,35,Wednesday,False,False,False,Tan Son Nhat International Airport,SGN
Wattay International Airport,VTE,2024-07-11 13:40,Suvarnabhumi Airport,BKK,2024-07-11 15:00,80,THAI,Premium Economy,325,155,,478,Y,Y,Y,1,7,1,35,Thursday,False,False,False,Tan Son Nhat International Airport,SGN
Wattay International Airport,VTE,2024-07-11 20:30,Suvarnabhumi Airport,BKK,2024-07-11 21:55,85,THAI,Premium Economy,755,580,True,478,Y,Y,Y,1,7,1,35,Thursday,False,False,False,Tan Son Nhat International Airport,SGN
Wattay International Airport,VTE,2024-07-12 13:40,Suvarnabhumi Airport,BKK,2024-07-12 15:00,80,THAI,Premium Economy,325,155,,478,Y,Y,Y,1,7,1,35,Friday,False,False,False,Tan Son Nhat International Airport,SGN
Wattay International Airport,VTE,2024-07-12 20:30,Suvarnabhumi Airport,BKK,2024-07-12 21:55,85,THAI,Premium Economy,755,580,True,478,Y,Y,Y,1,7,1,35,Friday,False,False,False,Tan Son Nhat International Airport,SGN
Wattay International Airport,VTE,2024-07-13 13:40,Suvarnabhumi Airport,BKK,2024-07-13 15:00,80,THAI,Premium Economy,325,155,,478,Y,Y,Y,1,7,1,35,Saturday,False,False,False,Tan Son Nhat International Airport,SGN
Wattay International Airport,VTE,2024-07-13 20:30,Suvarnabhumi Airport,BKK,2024-07-13 21:55,85,THAI,Premium Economy,755,580,True,478,Y,Y,Y,1,7,1,35,Saturday,False,False,False,Tan Son Nhat International Airport,SGN
Wattay International Airport,VTE,2024-07-14 13:40,Suvarnabhumi Airport,BKK,2024-07-14 15:00,80,THAI,Premium Economy,325,155,,478,Y,Y,Y,1,7,1,35,Sunday,False,False,False,Tan Son Nhat International Airport,SGN
Wattay International Airport,VTE,2024-07-14 20:30,Suvarnabhumi Airport,BKK,2024-07-14 21:55,85,THAI,Premium Economy,755,580,True,478,Y,Y,Y,1,7,1,35,Sunday,False,False,False,Tan Son Nhat International Airport,SGN
Wattay International Airport,VTE,2024-07-15 13:40,Suvarnabhumi Airport,BKK,2024-07-15 15:00,80,THAI,Premium Economy,325,155,,478,Y,Y,Y,1,7,1,35,Monday,False,False,False,Tan Son Nhat International Airport,SGN
Wattay International Airport,VTE,2024-07-15 20:30,Suvarnabhumi Airport,BKK,2024-07-15 21:55,85,THAI,Premium Economy,755,580,True,478,Y,Y,Y,1,7,1,35,Monday,False,False,False,Tan Son Nhat International Airport,SGN
Wattay International Airport,VTE,2024-07-16 13:40,Suvarnabhumi Airport,BKK,2024-07-16 15:00,80,THAI,Premium Economy,325,155,,478,Y,Y,Y,1,7,1,35,Tuesday,False,False,False,Tan Son Nhat International Airport,SGN
Wattay International Airport,VTE,2024-07-16 20:30,Suvarnabhumi Airport,BKK,2024-07-16 21:55,85,THAI,Premium Economy,755,580,True,478,Y,Y,Y,1,7,1,35,Tuesday,False,False,False,Tan Son Nhat International Airport,SGN
Wattay International Airport,VTE,2024-07-17 13:40,Suvarnabhumi Airport,BKK,2024-07-17 15:00,80,THAI,Premium Economy,325,155,,478,Y,Y,Y,1,7,1,35,Wednesday,False,False,False,Tan Son Nhat International Airport,SGN
Wattay International Airport,VTE,2024-07-17 20:30,Suvarnabhumi Airport,BKK,2024-07-17 21:55,85,THAI,Premium Economy,755,580,True,478,Y,Y,Y,1,7,1,35,Wednesday,False,False,False,Tan Son Nhat International Airport,SGN
Wattay International Airport,VTE,2024-07-18 13:40,Suvarnabhumi Airport,BKK,2024-07-18 15:00,80,THAI,Premium Economy,325,155,,478,Y,Y,Y,1,7,1,35,Thursday,False,False,False,Tan Son Nhat International Airport,SGN
Wattay International Airport,VTE,2024-07-18 20:30,Suvarnabhumi Airport,BKK,2024-07-18 21:55,85,THAI,Premium Economy,755,580,True,478,Y,Y,Y,1,7,1,35,Thursday,False,False,False,Tan Son Nhat International Airport,SGN
Wattay International Airport,VTE,2024-07-19 13:40,Suvarnabhumi Airport,BKK,2024-07-19 15:00,80,THAI,Premium Economy,325,155,,478,Y,Y,Y,1,7,1,35,Friday,False,False,False,Tan Son Nhat International Airport,SGN
Wattay International Airport,VTE,2024-07-19 20:30,Suvarnabhumi Airport,BKK,2024-07-19 21:55,85,THAI,Premium Economy,755,580,True,478,Y,Y,Y,1,7,1,35,Friday,False,False,False,Tan Son Nhat International Airport,SGN
Wattay International Airport,VTE,2024-07-20 13:40,Suvarnabhumi Airport,BKK,2024-07-20 15:00,80,THAI,Premium Economy,325,155,,478,Y,Y,Y,1,7,1,35,Saturday,True,False,False,Tan Son Nhat International Airport,SGN
Wattay International Airport,VTE,2024-07-20 20:30,Suvarnabhumi Airport,BKK,2024-07-20 21:55,85,THAI,Premium Economy,755,580,True,478,Y,Y,Y,1,7,1,35,Saturday,True,False,False,Tan Son Nhat International Airport,SGN
Wattay International Airport,VTE,2024-07-21 13:40,Suvarnabhumi Airport,BKK,2024-07-21 15:00,80,THAI,Premium Economy,325,155,,478,Y,Y,Y,1,7,1,35,Sunday,False,False,False,Tan Son Nhat International Airport,SGN
Wattay International Airport,VTE,2024-07-21 20:30,Suvarnabhumi Airport,BKK,2024-07-21 21:55,85,THAI,Premium Economy,755,580,True,478,Y,Y,Y,1,7,1,35,Sunday,False,False,False,Tan Son Nhat International Airport,SGN
Wattay International Airport,VTE,2024-07-22 13:40,Suvarnabhumi Airport,BKK,2024-07-22 15:00,80,THAI,Premium Economy,325,155,,478,Y,Y,Y,1,7,1,35,Monday,False,False,False,Tan Son Nhat International Airport,SGN
Wattay International Airport,VTE,2024-07-22 20:30,Suvarnabhumi Airport,BKK,2024-07-22 21:55,85,THAI,Premium Economy,755,580,True,478,Y,Y,Y,1,7,1,35,Monday,False,False,False,Tan Son Nhat International Airport,SGN
Wattay International Airport,VTE,2024-07-23 13:40,Suvarnabhumi Airport,BKK,2024-07-23 15:00,80,THAI,Premium Economy,325,155,,478,Y,Y,Y,1,7,1,35,Tuesday,False,False,False,Tan Son Nhat International Airport,SGN
Wattay International Airport,VTE,2024-07-23 20:30,Suvarnabhumi Airport,BKK,2024-07-23 21:55,85,THAI,Premium Economy,755,580,True,478,Y,Y,Y,1,7,1,35,Tuesday,False,False,False,Tan Son Nhat International Airport,SGN
Wattay International Airport,VTE,2024-07-24 13:40,Suvarnabhumi Airport,BKK,2024-07-24 15:00,80,THAI,Premium Economy,325,155,,478,Y,Y,Y,1,7,1,35,Wednesday,False,False,False,Tan Son Nhat International Airport,SGN
Wattay International Airport,VTE,2024-07-24 20:30,Suvarnabhumi Airport,BKK,2024-07-24 21:55,85,THAI,Premium Economy,755,580,True,478,Y,Y,Y,1,7,1,35,Wednesday,False,False,False,Tan Son Nhat International Airport,SGN
Wattay International Airport,VTE,2024-07-25 13:40,Suvarnabhumi Airport,BKK,2024-07-25 15:00,80,THAI,Premium Economy,325,155,,478,Y,Y,Y,1,7,1,35,Thursday,False,False,False,Tan Son Nhat International Airport,SGN
Wattay International Airport,VTE,2024-07-26 13:40,Suvarnabhumi Airport,BKK,2024-07-26 15:00,80,THAI,Premium Economy,325,155,,478,Y,Y,Y,1,7,1,35,Friday,False,False,False,Tan Son Nhat International Airport,SGN
Wattay International Airport,VTE,2024-07-26 20:30,Suvarnabhumi Airport,BKK,2024-07-26 21:55,85,THAI,Premium Economy,755,580,True,478,Y,Y,Y,1,7,1,35,Friday,False,False,False,Tan Son Nhat International Airport,SGN
Wattay International Airport,VTE,2024-07-27 13:40,Suvarnabhumi Airport,BKK,2024-07-27 15:00,80,THAI,Premium Economy,325,155,,478,Y,Y,Y,1,7,1,35,Saturday,False,False,False,Tan Son Nhat International Airport,SGN
Wattay International Airport,VTE,2024-07-28 13:40,Suvarnabhumi Airport,BKK,2024-07-28 15:00,80,THAI,Premium Economy,325,155,,478,Y,Y,Y,1,7,1,35,Sunday,False,False,False,Tan Son Nhat International Airport,SGN
Wattay International Airport,VTE,2024-07-28 20:30,Suvarnabhumi Airport,BKK,2024-07-28 21:55,85,THAI,Premium Economy,755,580,True,478,Y,Y,Y,1,7,1,35,Sunday,False,False,False,Tan Son Nhat International Airport,SGN
Wattay International Airport,VTE,2024-07-29 13:40,Suvarnabhumi Airport,BKK,2024-07-29 15:00,80,THAI,Premium Economy,325,155,,478,Y,Y,Y,1,7,1,35,Monday,False,False,False,Tan Son Nhat International Airport,SGN
Wattay International Airport,VTE,2024-07-29 20:30,Suvarnabhumi Airport,BKK,2024-07-29 21:55,85,THAI,Premium Economy,755,580,True,478,Y,Y,Y,1,7,1,35,Monday,False,False,False,Tan Son Nhat International Airport,SGN
Wattay International Airport,VTE,2024-07-30 13:40,Suvarnabhumi Airport,BKK,2024-07-30 15:00,80,THAI,Premium Economy,325,155,,478,Y,Y,Y,1,7,1,35,Tuesday,False,False,False,Tan Son Nhat International Airport,SGN
Wattay International Airport,VTE,2024-07-30 20:30,Suvarnabhumi Airport,BKK,2024-07-30 21:55,85,THAI,Premium Economy,755,580,True,478,Y,Y,Y,1,7,1,35,Tuesday,False,False,False,Tan Son Nhat International Airport,SGN
Wattay International Airport,VTE,2024-07-31 13:40,Suvarnabhumi Airport,BKK,2024-07-31 15:00,80,THAI,Premium Economy,325,155,,475,Y,Y,Y,1,7,1,35,Wednesday,False,False,False,Tan Son Nhat International Airport,SGN
Wattay International Airport,VTE,2024-07-31 20:30,Suvarnabhumi Airport,BKK,2024-07-31 21:55,85,THAI,Premium Economy,755,580,True,475,Y,Y,Y,1,7,1,35,Wednesday,False,False,False,Tan Son Nhat International Airport,SGN
