Departure Airport Name,Departure Airport ID,Departure Time,Arrival Airport Name,Arrival Airport ID,Arrival Time,Duration,Airline,Travel Class,Total Duration,Layover 1 Duration,Layover 1 Overnight,Price, Cabin Baggage, Checked Baggage,Meal Included,Cabin Baggage (Number),Cabin Baggage (kg per piece),Checked Baggage (Number),Checked Baggage (kg per piece) 
Singapore Changi Airport,SIN,01/07/2024 10:30,Kuala Lumpur International Airport,KUL,01/07/2024 11:35,65,AirAsia,Economy,315,100,N/A,185,Y,N,N,1,7,0,0
Singapore Changi Airport,SIN,01/07/2024 12:10,Brunei International Airport,BWN,01/07/2024 14:20,130,Royal Brunei,Economy,130,N/A,N/A,259,Y,Y,Y,1,7,1,20
Singapore Changi Airport,SIN,01/07/2024 9:00,Brunei International Airport,BWN,01/07/2024 11:10,130,Singapore Airlines,Economy,130,N/A,N/A,356,Y,Y,Y,1,7,1,23
Singapore Changi Airport,SIN,01/07/2024 21:20,Kuala Lumpur International Airport,KUL,01/07/2024 22:25,65,AirAsia,Economy,695,480,TRUE,140,Y,N,N,1,7,0,0
Singapore Changi Airport,SIN,01/07/2024 7:55,Kuala Lumpur International Airport,KUL,01/07/2024 9:00,65,AirAsia,Economy,470,255,N/A,181,Y,N,N,1,7,0,0
Singapore Changi Airport,SIN,01/07/2024 14:30,Ninoy Aquino International Airport,MNL,01/07/2024 18:25,235,Philippine Airlines,Economy,550,190,N/A,353,Y,Y,Y,1,7,1,30
Singapore Changi Airport,SIN,01/07/2024 9:55,Kuala Lumpur International Airport,KUL,01/07/2024 11:10,75,Malaysia Airlines,Economy,280,60,N/A,419,Y,Y,y,1,7,1,23
Singapore Changi Airport,SIN,01/07/2024 21:15,Kuala Lumpur International Airport,KUL,01/07/2024 22:15,60,Malaysia Airlines,Economy,1585,1380,TRUE,420,Y,Y,y,1,7,1,23
Singapore Changi Airport,SIN,02/07/2024 9:00,Brunei International Airport,BWN,02/07/2024 11:10,130,Singapore Airlines,Economy,130,N/A,N/A,283,Y,Y,Y,1,7,1,23
Singapore Changi Airport,SIN,02/07/2024 21:20,Kuala Lumpur International Airport,KUL,02/07/2024 22:25,65,AirAsia,Economy,695,480,TRUE,140,Y,N,N,1,7,0,0
Singapore Changi Airport,SIN,02/07/2024 9:10,Kuala Lumpur International Airport,KUL,02/07/2024 10:25,75,AirAsia,Economy,395,170,N/A,181,Y,N,N,1,7,0,0
Singapore Changi Airport,SIN,02/07/2024 10:30,Kuala Lumpur International Airport,KUL,02/07/2024 11:35,65,AirAsia,Economy,315,100,N/A,185,Y,N,N,1,7,0,0
Singapore Changi Airport,SIN,02/07/2024 12:10,Brunei International Airport,BWN,02/07/2024 14:20,130,Royal Brunei,Economy,130,N/A,N/A,259,Y,Y,Y,1,7,1,20
Singapore Changi Airport,SIN,02/07/2024 21:25,Brunei International Airport,BWN,02/07/2024 23:35,130,Royal Brunei,Economy,130,N/A,N/A,259,Y,Y,Y,1,7,1,20
Singapore Changi Airport,SIN,03/07/2024 21:20,Kuala Lumpur International Airport,KUL,03/07/2024 22:25,65,AirAsia,Economy,695,480,TRUE,140,Y,N,N,1,7,0,0
Singapore Changi Airport,SIN,03/07/2024 12:10,Brunei International Airport,BWN,03/07/2024 14:20,130,Royal Brunei,Economy,130,N/A,N/A,259,Y,Y,Y,1,7,1,20
Singapore Changi Airport,SIN,03/07/2024 12:45,Brunei International Airport,BWN,03/07/2024 15:00,135,Singapore Airlines,Economy,135,N/A,N/A,283,Y,Y,Y,1,7,1,23
Singapore Changi Airport,SIN,03/07/2024 19:50,Ninoy Aquino International Airport,MNL,03/07/2024 23:45,235,Philippine Airlines,Economy,1670,1310,TRUE,353,Y,Y,Y,1,7,1,30
Singapore Changi Airport,SIN,03/07/2024 16:35,Kuala Lumpur International Airport,KUL,03/07/2024 17:45,70,Malaysia Airlines,Economy,425,210,N/A,418,Y,Y,y,1,7,1,23
Singapore Changi Airport,SIN,03/07/2024 21:15,Kuala Lumpur International Airport,KUL,03/07/2024 22:15,60,Malaysia Airlines,Economy,1040,835,TRUE,420,Y,Y,y,1,7,1,23
Singapore Changi Airport,SIN,03/07/2024 18:30,Kuala Lumpur International Airport,KUL,03/07/2024 19:45,75,Singapore Airlines,Economy,1205,985,TRUE,480,Y,Y,Y,1,7,1,23
Singapore Changi Airport,SIN,03/07/2024 18:15,Kuala Lumpur International Airport,KUL,03/07/2024 19:25,70,Malaysia Airlines,Economy,325,110,N/A,495,Y,Y,y,1,7,1,23
Singapore Changi Airport,SIN,03/07/2024 18:30,Kuala Lumpur International Airport,KUL,03/07/2024 19:45,75,Singapore Airlines,Economy,310,90,N/A,776,Y,Y,Y,1,7,1,23
Singapore Changi Airport,SIN,04/07/2024 23:25,Kuala Lumpur International Airport,KUL,05/07/2024 0:30,65,AirAsia,Economy,570,355,TRUE,140,Y,N,N,1,7,0,0
Singapore Changi Airport,SIN,04/07/2024 21:30,Brunei International Airport,BWN,04/07/2024 23:40,130,Royal Brunei,Economy,130,N/A,N/A,259,Y,Y,Y,1,7,1,20
Singapore Changi Airport,SIN,04/07/2024 9:00,Brunei International Airport,BWN,04/07/2024 11:10,130,Singapore Airlines,Economy,130,N/A,N/A,283,Y,Y,Y,1,7,1,23
Singapore Changi Airport,SIN,04/07/2024 9:55,Kuala Lumpur International Airport,KUL,04/07/2024 11:10,75,Malaysia Airlines,Economy,280,60,N/A,478,Y,Y,y,1,7,1,23
Singapore Changi Airport,SIN,04/07/2024 21:55,Brunei International Airport,BWN,04/07/2024 23:59,124,Royal Brunei,Economy,124,N/A,N/A,759,Y,Y,Y,1,7,1,20
Singapore Changi Airport,SIN,04/07/2024 9:10,Kuala Lumpur International Airport,KUL,04/07/2024 10:10,60,Singapore Airlines,Economy,325,120,N/A,776,Y,Y,Y,1,7,1,23
Singapore Changi Airport,SIN,05/07/2024 23:25,Kuala Lumpur International Airport,KUL,06/07/2024 0:30,65,AirAsia,Economy,570,355,TRUE,140,Y,N,N,1,7,0,0
Singapore Changi Airport,SIN,05/07/2024 12:10,Brunei International Airport,BWN,05/07/2024 14:20,130,Royal Brunei,Economy,130,N/A,N/A,259,Y,Y,Y,1,7,1,20
Singapore Changi Airport,SIN,05/07/2024 12:45,Brunei International Airport,BWN,05/07/2024 15:00,135,Singapore Airlines,Economy,135,N/A,N/A,290,Y,Y,Y,1,7,1,23
Singapore Changi Airport,SIN,05/07/2024 7:55,Kuala Lumpur International Airport,KUL,05/07/2024 9:00,65,AirAsia,Economy,470,255,N/A,195,Y,N,N,1,7,0,0
Singapore Changi Airport,SIN,05/07/2024 10:30,Kuala Lumpur International Airport,KUL,05/07/2024 11:35,65,AirAsia,Economy,315,100,N/A,206,Y,N,N,1,7,0,0
Singapore Changi Airport,SIN,05/07/2024 21:25,Brunei International Airport,BWN,05/07/2024 23:35,130,Royal Brunei,Economy,130,N/A,N/A,259,Y,Y,Y,1,7,1,20
Singapore Changi Airport,SIN,05/07/2024 9:55,Kuala Lumpur International Airport,KUL,05/07/2024 11:10,75,Malaysia Airlines,Economy,280,60,N/A,418,Y,Y,y,1,7,1,23
Singapore Changi Airport,SIN,06/07/2024 10:30,Kuala Lumpur International Airport,KUL,06/07/2024 11:35,65,AirAsia,Economy,315,100,N/A,166,Y,N,N,1,7,0,0
Singapore Changi Airport,SIN,06/07/2024 9:00,Brunei International Airport,BWN,06/07/2024 11:10,130,Singapore Airlines,Economy,130,N/A,N/A,290,Y,Y,Y,1,7,1,23
Singapore Changi Airport,SIN,06/07/2024 21:25,Brunei International Airport,BWN,06/07/2024 23:35,130,Royal Brunei,Economy,130,N/A,N/A,307,Y,Y,Y,1,7,1,20
Singapore Changi Airport,SIN,06/07/2024 21:20,Kuala Lumpur International Airport,KUL,06/07/2024 22:25,65,AirAsia,Economy,695,480,TRUE,140,Y,N,N,1,7,0,0
Singapore Changi Airport,SIN,06/07/2024 9:55,Kuala Lumpur International Airport,KUL,06/07/2024 11:10,75,Malaysia Airlines,Economy,280,60,N/A,419,Y,Y,y,1,7,1,23
Singapore Changi Airport,SIN,06/07/2024 9:10,Kuala Lumpur International Airport,KUL,06/07/2024 10:10,60,Singapore Airlines,Economy,325,120,N/A,776,Y,Y,Y,1,7,1,23
Singapore Changi Airport,SIN,07/07/2024 10:30,Kuala Lumpur International Airport,KUL,07/07/2024 11:35,65,AirAsia,Economy,315,100,N/A,140,Y,N,N,1,7,0,0
Singapore Changi Airport,SIN,07/07/2024 12:10,Brunei International Airport,BWN,07/07/2024 14:20,130,Royal Brunei,Economy,130,N/A,N/A,259,Y,Y,Y,1,7,1,20
Singapore Changi Airport,SIN,07/07/2024 12:45,Brunei International Airport,BWN,07/07/2024 15:00,135,Singapore Airlines,Economy,135,N/A,N/A,283,Y,Y,Y,1,7,1,23
Singapore Changi Airport,SIN,07/07/2024 23:25,Kuala Lumpur International Airport,KUL,08/07/2024 0:30,65,AirAsia,Economy,570,355,TRUE,140,Y,N,N,1,7,0,0
Singapore Changi Airport,SIN,07/07/2024 21:30,Brunei International Airport,BWN,07/07/2024 23:40,130,Royal Brunei,Economy,130,N/A,N/A,259,Y,Y,Y,1,7,1,20
Singapore Changi Airport,SIN,07/07/2024 9:55,Kuala Lumpur International Airport,KUL,07/07/2024 11:10,75,Malaysia Airlines,Economy,280,60,N/A,418,Y,Y,y,1,7,1,23
Singapore Changi Airport,SIN,08/07/2024 10:30,Kuala Lumpur International Airport,KUL,08/07/2024 11:35,65,AirAsia,Economy,315,100,N/A,191,Y,N,N,1,7,0,0
Singapore Changi Airport,SIN,08/07/2024 9:00,Brunei International Airport,BWN,08/07/2024 11:10,130,Singapore Airlines,Economy,130,N/A,N/A,302,Y,Y,Y,1,7,1,23
Singapore Changi Airport,SIN,08/07/2024 12:10,Brunei International Airport,BWN,08/07/2024 14:20,130,Royal Brunei,Economy,130,N/A,N/A,307,Y,Y,Y,1,7,1,20
Singapore Changi Airport,SIN,08/07/2024 21:20,Kuala Lumpur International Airport,KUL,08/07/2024 22:25,65,AirAsia,Economy,695,480,TRUE,140,Y,N,N,1,7,0,0
Singapore Changi Airport,SIN,08/07/2024 9:10,Kuala Lumpur International Airport,KUL,08/07/2024 10:25,75,AirAsia,Economy,395,170,N/A,187,Y,N,N,1,7,0,0
Singapore Changi Airport,SIN,08/07/2024 21:15,Kuala Lumpur International Airport,KUL,08/07/2024 22:15,60,Malaysia Airlines,Economy,1585,1380,TRUE,420,Y,Y,y,1,7,1,23
Singapore Changi Airport,SIN,08/07/2024 14:30,Ninoy Aquino International Airport,MNL,08/07/2024 18:25,235,Philippine Airlines,Economy,550,190,N/A,509,Y,Y,Y,1,7,1,30
Singapore Changi Airport,SIN,09/07/2024 10:30,Kuala Lumpur International Airport,KUL,09/07/2024 11:35,65,AirAsia,Economy,315,100,N/A,140,Y,N,N,1,7,0,0
Singapore Changi Airport,SIN,09/07/2024 12:10,Brunei International Airport,BWN,09/07/2024 14:20,130,Royal Brunei,Economy,130,N/A,N/A,259,Y,Y,Y,1,7,1,20
Singapore Changi Airport,SIN,09/07/2024 9:00,Brunei International Airport,BWN,09/07/2024 11:10,130,Singapore Airlines,Economy,130,N/A,N/A,283,Y,Y,Y,1,7,1,23
Singapore Changi Airport,SIN,09/07/2024 21:20,Kuala Lumpur International Airport,KUL,09/07/2024 22:25,65,AirAsia,Economy,695,480,TRUE,140,Y,N,N,1,7,0,0
Singapore Changi Airport,SIN,09/07/2024 21:25,Brunei International Airport,BWN,09/07/2024 23:35,130,Royal Brunei,Economy,130,N/A,N/A,259,Y,Y,Y,1,7,1,20
Singapore Changi Airport,SIN,10/07/2024 10:30,Kuala Lumpur International Airport,KUL,10/07/2024 11:35,65,AirAsia,Economy,315,100,N/A,140,Y,N,N,1,7,0,0
Singapore Changi Airport,SIN,10/07/2024 12:10,Brunei International Airport,BWN,10/07/2024 14:20,130,Royal Brunei,Economy,130,N/A,N/A,259,Y,Y,Y,1,7,1,20
Singapore Changi Airport,SIN,10/07/2024 12:45,Brunei International Airport,BWN,10/07/2024 15:00,135,Singapore Airlines,Economy,135,N/A,N/A,283,Y,Y,Y,1,7,1,23
Singapore Changi Airport,SIN,10/07/2024 21:20,Kuala Lumpur International Airport,KUL,10/07/2024 22:25,65,AirAsia,Economy,695,480,TRUE,140,Y,N,N,1,7,0,0
Singapore Changi Airport,SIN,10/07/2024 19:50,Ninoy Aquino International Airport,MNL,10/07/2024 23:45,235,Philippine Airlines,Economy,1670,1310,TRUE,297,Y,Y,Y,1,7,1,30
Singapore Changi Airport,SIN,10/07/2024 21:15,Kuala Lumpur International Airport,KUL,10/07/2024 22:15,60,Malaysia Airlines,Economy,1040,835,TRUE,420,Y,Y,y,1,7,1,23
Singapore Changi Airport,SIN,10/07/2024 18:15,Kuala Lumpur International Airport,KUL,10/07/2024 19:25,70,Malaysia Airlines,Economy,325,110,N/A,464,Y,Y,y,1,7,1,23
Singapore Changi Airport,SIN,10/07/2024 18:30,Kuala Lumpur International Airport,KUL,10/07/2024 19:45,75,Singapore Airlines,Economy,1205,985,TRUE,480,Y,Y,Y,1,7,1,23
Singapore Changi Airport,SIN,11/07/2024 9:10,Kuala Lumpur International Airport,KUL,11/07/2024 10:25,75,AirAsia,Economy,395,170,N/A,140,Y,N,N,1,7,0,0
Singapore Changi Airport,SIN,11/07/2024 9:00,Brunei International Airport,BWN,11/07/2024 11:10,130,Singapore Airlines,Economy,130,N/A,N/A,283,Y,Y,Y,1,7,1,23
Singapore Changi Airport,SIN,11/07/2024 23:25,Kuala Lumpur International Airport,KUL,12/07/2024 0:30,65,AirAsia,Economy,570,355,TRUE,140,Y,N,N,1,7,0,0
Singapore Changi Airport,SIN,11/07/2024 10:30,Kuala Lumpur International Airport,KUL,11/07/2024 11:35,65,AirAsia,Economy,315,100,N/A,151,Y,N,N,1,7,0,0
Singapore Changi Airport,SIN,11/07/2024 21:30,Brunei International Airport,BWN,11/07/2024 23:40,130,Royal Brunei,Economy,130,N/A,N/A,259,Y,Y,Y,1,7,1,20
Singapore Changi Airport,SIN,11/07/2024 9:55,Kuala Lumpur International Airport,KUL,11/07/2024 11:10,75,Malaysia Airlines,Economy,280,60,N/A,419,Y,Y,y,1,7,1,23
Singapore Changi Airport,SIN,11/07/2024 9:10,Kuala Lumpur International Airport,KUL,11/07/2024 10:10,60,Singapore Airlines,Economy,325,120,N/A,478,Y,Y,Y,1,7,1,23
Singapore Changi Airport,SIN,12/07/2024 10:30,Kuala Lumpur International Airport,KUL,12/07/2024 11:35,65,AirAsia,Economy,315,100,N/A,162,Y,N,N,1,7,0,0
Singapore Changi Airport,SIN,12/07/2024 12:10,Brunei International Airport,BWN,12/07/2024 14:20,130,Royal Brunei,Economy,130,N/A,N/A,259,Y,Y,Y,1,7,1,20
Singapore Changi Airport,SIN,12/07/2024 12:45,Brunei International Airport,BWN,12/07/2024 15:00,135,Singapore Airlines,Economy,135,N/A,N/A,290,Y,Y,Y,1,7,1,23
Singapore Changi Airport,SIN,12/07/2024 9:10,Kuala Lumpur International Airport,KUL,12/07/2024 10:25,75,AirAsia,Economy,395,170,N/A,158,Y,N,N,1,7,0,0
Singapore Changi Airport,SIN,12/07/2024 23:25,Kuala Lumpur International Airport,KUL,13/07/2024 0:30,65,AirAsia,Economy,980,765,TRUE,169,Y,N,N,1,7,0,0
Singapore Changi Airport,SIN,12/07/2024 21:25,Brunei International Airport,BWN,12/07/2024 23:35,130,Royal Brunei,Economy,130,N/A,N/A,259,Y,Y,Y,1,7,1,20
Singapore Changi Airport,SIN,12/07/2024 9:55,Kuala Lumpur International Airport,KUL,12/07/2024 11:10,75,Malaysia Airlines,Economy,280,60,N/A,478,Y,Y,y,1,7,1,23
Singapore Changi Airport,SIN,13/07/2024 10:30,Kuala Lumpur International Airport,KUL,13/07/2024 11:35,65,AirAsia,Economy,315,100,N/A,163,Y,N,N,1,7,0,0
Singapore Changi Airport,SIN,13/07/2024 21:25,Brunei International Airport,BWN,13/07/2024 23:35,130,Royal Brunei,Economy,130,N/A,N/A,259,Y,Y,Y,1,7,1,20
Singapore Changi Airport,SIN,13/07/2024 9:00,Brunei International Airport,BWN,13/07/2024 11:10,130,Singapore Airlines,Economy,130,N/A,N/A,290,Y,Y,Y,1,7,1,23
Singapore Changi Airport,SIN,13/07/2024 21:20,Kuala Lumpur International Airport,KUL,13/07/2024 22:25,65,AirAsia,Economy,695,480,TRUE,140,Y,N,N,1,7,0,0
Singapore Changi Airport,SIN,13/07/2024 9:10,Kuala Lumpur International Airport,KUL,13/07/2024 10:10,60,Singapore Airlines,Economy,325,120,N/A,478,Y,Y,Y,1,7,1,23
Singapore Changi Airport,SIN,13/07/2024 9:55,Kuala Lumpur International Airport,KUL,13/07/2024 11:10,75,Malaysia Airlines,Economy,280,60,N/A,478,Y,Y,y,1,7,1,23
Singapore Changi Airport,SIN,14/07/2024 23:25,Kuala Lumpur International Airport,KUL,15/07/2024 0:30,65,AirAsia,Economy,570,355,TRUE,140,Y,N,N,1,7,0,0
Singapore Changi Airport,SIN,14/07/2024 21:30,Brunei International Airport,BWN,14/07/2024 23:40,130,Royal Brunei,Economy,130,N/A,N/A,259,Y,Y,Y,1,7,1,20
Singapore Changi Airport,SIN,14/07/2024 12:45,Brunei International Airport,BWN,14/07/2024 15:00,135,Singapore Airlines,Economy,135,N/A,N/A,330,Y,Y,Y,1,7,1,23
Singapore Changi Airport,SIN,14/07/2024 10:30,Kuala Lumpur International Airport,KUL,14/07/2024 11:35,65,AirAsia,Economy,315,100,N/A,225,Y,N,N,1,7,0,0
Singapore Changi Airport,SIN,14/07/2024 12:10,Brunei International Airport,BWN,14/07/2024 14:20,130,Royal Brunei,Economy,130,N/A,N/A,307,Y,Y,Y,1,7,1,20
Singapore Changi Airport,SIN,15/07/2024 21:20,Kuala Lumpur International Airport,KUL,15/07/2024 22:25,65,AirAsia,Economy,695,480,TRUE,140,Y,N,N,1,7,0,0
Singapore Changi Airport,SIN,15/07/2024 12:10,Brunei International Airport,BWN,15/07/2024 14:20,130,Royal Brunei,Economy,130,N/A,N/A,274,Y,Y,Y,1,7,1,20
Singapore Changi Airport,SIN,15/07/2024 9:00,Brunei International Airport,BWN,15/07/2024 11:10,130,Singapore Airlines,Economy,130,N/A,N/A,302,Y,Y,Y,1,7,1,23
Singapore Changi Airport,SIN,15/07/2024 10:30,Kuala Lumpur International Airport,KUL,15/07/2024 11:35,65,AirAsia,Economy,315,100,N/A,231,Y,N,N,1,7,0,0
Singapore Changi Airport,SIN,15/07/2024 21:15,Kuala Lumpur International Airport,KUL,15/07/2024 22:15,60,Malaysia Airlines,Economy,1585,1380,TRUE,466,Y,Y,y,1,7,1,23
Singapore Changi Airport,SIN,15/07/2024 9:55,Kuala Lumpur International Airport,KUL,15/07/2024 11:10,75,Malaysia Airlines,Economy,280,60,N/A,520,Y,Y,y,1,7,1,23
Singapore Changi Airport,SIN,15/07/2024 14:30,Ninoy Aquino International Airport,MNL,15/07/2024 18:25,235,Philippine Airlines,Economy,550,190,N/A,859,Y,Y,Y,1,7,1,30
Singapore Changi Airport,SIN,16/07/2024 10:30,Kuala Lumpur International Airport,KUL,16/07/2024 11:35,65,AirAsia,Economy,315,100,N/A,159,Y,N,N,1,7,0,0
Singapore Changi Airport,SIN,16/07/2024 12:10,Brunei International Airport,BWN,16/07/2024 14:20,130,Royal Brunei,Economy,130,N/A,N/A,259,Y,Y,Y,1,7,1,20
Singapore Changi Airport,SIN,16/07/2024 9:00,Brunei International Airport,BWN,16/07/2024 11:10,130,Singapore Airlines,Economy,130,N/A,N/A,283,Y,Y,Y,1,7,1,23
Singapore Changi Airport,SIN,16/07/2024 21:20,Kuala Lumpur International Airport,KUL,16/07/2024 22:25,65,AirAsia,Economy,695,480,TRUE,140,Y,N,N,1,7,0,0
Singapore Changi Airport,SIN,16/07/2024 21:25,Brunei International Airport,BWN,16/07/2024 23:35,130,Royal Brunei,Economy,130,N/A,N/A,259,Y,Y,Y,1,7,1,20
Singapore Changi Airport,SIN,17/07/2024 10:30,Kuala Lumpur International Airport,KUL,17/07/2024 11:35,65,AirAsia,Economy,315,100,N/A,159,Y,N,N,1,7,0,0
Singapore Changi Airport,SIN,17/07/2024 12:10,Brunei International Airport,BWN,17/07/2024 14:20,130,Royal Brunei,Economy,130,N/A,N/A,259,Y,Y,Y,1,7,1,20
Singapore Changi Airport,SIN,17/07/2024 12:45,Brunei International Airport,BWN,17/07/2024 15:00,135,Singapore Airlines,Economy,135,N/A,N/A,283,Y,Y,Y,1,7,1,23
Singapore Changi Airport,SIN,17/07/2024 21:20,Kuala Lumpur International Airport,KUL,17/07/2024 22:25,65,AirAsia,Economy,695,480,TRUE,140,Y,N,N,1,7,0,0
Singapore Changi Airport,SIN,17/07/2024 19:50,Ninoy Aquino International Airport,MNL,17/07/2024 23:45,235,Philippine Airlines,Economy,1670,1310,TRUE,324,Y,Y,Y,1,7,1,30
Singapore Changi Airport,SIN,17/07/2024 18:15,Kuala Lumpur International Airport,KUL,17/07/2024 19:25,70,Malaysia Airlines,Economy,325,110,N/A,419,Y,Y,y,1,7,1,23
Singapore Changi Airport,SIN,17/07/2024 21:15,Kuala Lumpur International Airport,KUL,17/07/2024 22:15,60,Malaysia Airlines,Economy,1040,835,TRUE,420,Y,Y,y,1,7,1,23
Singapore Changi Airport,SIN,17/07/2024 20:00,Kuala Lumpur International Airport,KUL,17/07/2024 20:55,55,Singapore Airlines,Economy,1115,915,TRUE,480,Y,Y,Y,1,7,1,23
Singapore Changi Airport,SIN,18/07/2024 10:30,Kuala Lumpur International Airport,KUL,18/07/2024 11:35,65,AirAsia,Economy,315,100,N/A,148,Y,N,N,1,7,0,0
Singapore Changi Airport,SIN,18/07/2024 9:00,Brunei International Airport,BWN,18/07/2024 11:10,130,Singapore Airlines,Economy,130,N/A,N/A,283,Y,Y,Y,1,7,1,23
Singapore Changi Airport,SIN,18/07/2024 9:10,Kuala Lumpur International Airport,KUL,18/07/2024 10:25,75,AirAsia,Economy,395,170,N/A,140,Y,N,N,1,7,0,0
Singapore Changi Airport,SIN,18/07/2024 23:25,Kuala Lumpur International Airport,KUL,19/07/2024 0:30,65,AirAsia,Economy,570,355,TRUE,140,Y,N,N,1,7,0,0
Singapore Changi Airport,SIN,18/07/2024 21:30,Brunei International Airport,BWN,18/07/2024 23:40,130,Royal Brunei,Economy,130,N/A,N/A,259,Y,Y,Y,1,7,1,20
Singapore Changi Airport,SIN,18/07/2024 9:55,Kuala Lumpur International Airport,KUL,18/07/2024 11:10,75,Malaysia Airlines,Economy,280,60,N/A,419,Y,Y,y,1,7,1,23
Singapore Changi Airport,SIN,18/07/2024 9:10,Kuala Lumpur International Airport,KUL,18/07/2024 10:10,60,Singapore Airlines,Economy,325,120,N/A,478,Y,Y,Y,1,7,1,23
Singapore Changi Airport,SIN,19/07/2024 10:30,Kuala Lumpur International Airport,KUL,19/07/2024 11:35,65,AirAsia,Economy,315,100,N/A,163,Y,N,N,1,7,0,0
Singapore Changi Airport,SIN,19/07/2024 12:10,Brunei International Airport,BWN,19/07/2024 14:20,130,Royal Brunei,Economy,130,N/A,N/A,259,Y,Y,Y,1,7,1,20
Singapore Changi Airport,SIN,19/07/2024 12:45,Brunei International Airport,BWN,19/07/2024 15:00,135,Singapore Airlines,Economy,135,N/A,N/A,290,Y,Y,Y,1,7,1,23
Singapore Changi Airport,SIN,19/07/2024 23:25,Kuala Lumpur International Airport,KUL,20/07/2024 0:30,65,AirAsia,Economy,980,765,TRUE,142,Y,N,N,1,7,0,0
Singapore Changi Airport,SIN,19/07/2024 9:10,Kuala Lumpur International Airport,KUL,19/07/2024 10:25,75,AirAsia,Economy,395,170,N/A,155,Y,N,N,1,7,0,0
Singapore Changi Airport,SIN,19/07/2024 21:25,Brunei International Airport,BWN,19/07/2024 23:35,130,Royal Brunei,Economy,130,N/A,N/A,259,Y,Y,Y,1,7,1,20
Singapore Changi Airport,SIN,19/07/2024 9:55,Kuala Lumpur International Airport,KUL,19/07/2024 11:10,75,Malaysia Airlines,Economy,280,60,N/A,461,Y,Y,y,1,7,1,23
Singapore Changi Airport,SIN,20/07/2024 10:30,Kuala Lumpur International Airport,KUL,20/07/2024 11:35,65,AirAsia,Economy,315,100,N/A,140,Y,N,N,1,7,0,0
Singapore Changi Airport,SIN,20/07/2024 21:25,Brunei International Airport,BWN,20/07/2024 23:35,130,Royal Brunei,Economy,130,N/A,N/A,259,Y,Y,Y,1,7,1,20
Singapore Changi Airport,SIN,20/07/2024 9:00,Brunei International Airport,BWN,20/07/2024 11:10,130,Singapore Airlines,Economy,130,N/A,N/A,290,Y,Y,Y,1,7,1,23
Singapore Changi Airport,SIN,20/07/2024 21:20,Kuala Lumpur International Airport,KUL,20/07/2024 22:25,65,AirAsia,Economy,695,480,TRUE,140,Y,N,N,1,7,0,0
Singapore Changi Airport,SIN,20/07/2024 9:55,Kuala Lumpur International Airport,KUL,20/07/2024 11:10,75,Malaysia Airlines,Economy,280,60,N/A,419,Y,Y,y,1,7,1,23
Singapore Changi Airport,SIN,21/07/2024 10:30,Kuala Lumpur International Airport,KUL,21/07/2024 11:35,65,AirAsia,Economy,315,100,N/A,140,Y,N,N,1,7,0,0
Singapore Changi Airport,SIN,21/07/2024 12:10,Brunei International Airport,BWN,21/07/2024 14:20,130,Royal Brunei,Economy,130,N/A,N/A,215,Y,Y,Y,1,7,1,20
Singapore Changi Airport,SIN,21/07/2024 23:25,Kuala Lumpur International Airport,KUL,22/07/2024 0:30,65,AirAsia,Economy,980,765,TRUE,142,Y,N,N,1,7,0,0
Singapore Changi Airport,SIN,21/07/2024 21:30,Brunei International Airport,BWN,21/07/2024 23:40,130,Royal Brunei,Economy,130,N/A,N/A,215,Y,Y,Y,1,7,1,20
Singapore Changi Airport,SIN,21/07/2024 12:45,Brunei International Airport,BWN,21/07/2024 15:00,135,Singapore Airlines,Economy,135,N/A,N/A,356,Y,Y,Y,1,7,1,23
Singapore Changi Airport,SIN,21/07/2024 9:55,Kuala Lumpur International Airport,KUL,21/07/2024 11:10,75,Malaysia Airlines,Economy,280,60,N/A,419,Y,Y,y,1,7,1,23
Singapore Changi Airport,SIN,22/07/2024 10:30,Kuala Lumpur International Airport,KUL,22/07/2024 11:35,65,AirAsia,Economy,315,100,N/A,159,Y,N,N,1,7,0,0
Singapore Changi Airport,SIN,22/07/2024 12:10,Brunei International Airport,BWN,22/07/2024 14:20,130,Royal Brunei,Economy,130,N/A,N/A,215,Y,Y,Y,1,7,1,20
Singapore Changi Airport,SIN,22/07/2024 9:00,Brunei International Airport,BWN,22/07/2024 11:10,130,Singapore Airlines,Economy,130,N/A,N/A,283,Y,Y,Y,1,7,1,23
Singapore Changi Airport,SIN,22/07/2024 7:55,Kuala Lumpur International Airport,KUL,22/07/2024 9:00,65,AirAsia,Economy,470,255,N/A,140,Y,N,N,1,7,0,0
Singapore Changi Airport,SIN,22/07/2024 21:20,Kuala Lumpur International Airport,KUL,22/07/2024 22:25,65,AirAsia,Economy,695,480,TRUE,140,Y,N,N,1,7,0,0
Singapore Changi Airport,SIN,22/07/2024 14:30,Ninoy Aquino International Airport,MNL,22/07/2024 18:25,235,Philippine Airlines,Economy,550,190,N/A,324,Y,Y,Y,1,7,1,30
Singapore Changi Airport,SIN,22/07/2024 21:15,Kuala Lumpur International Airport,KUL,22/07/2024 22:15,60,Malaysia Airlines,Economy,1585,1380,TRUE,420,Y,Y,y,1,7,1,23
Singapore Changi Airport,SIN,22/07/2024 9:55,Kuala Lumpur International Airport,KUL,22/07/2024 11:10,75,Malaysia Airlines,Economy,280,60,N/A,464,Y,Y,y,1,7,1,23
Singapore Changi Airport,SIN,23/07/2024 10:30,Kuala Lumpur International Airport,KUL,23/07/2024 11:35,65,AirAsia,Economy,315,100,N/A,140,Y,N,N,1,7,0,0
Singapore Changi Airport,SIN,23/07/2024 12:10,Brunei International Airport,BWN,23/07/2024 14:20,130,Royal Brunei,Economy,130,N/A,N/A,215,Y,Y,Y,1,7,1,20
Singapore Changi Airport,SIN,23/07/2024 9:00,Brunei International Airport,BWN,23/07/2024 11:10,130,Singapore Airlines,Economy,130,N/A,N/A,283,Y,Y,Y,1,7,1,23
Singapore Changi Airport,SIN,23/07/2024 21:20,Kuala Lumpur International Airport,KUL,23/07/2024 22:25,65,AirAsia,Economy,695,480,TRUE,140,Y,N,N,1,7,0,0
Singapore Changi Airport,SIN,23/07/2024 21:25,Brunei International Airport,BWN,23/07/2024 23:35,130,Royal Brunei,Economy,130,N/A,N/A,215,Y,Y,Y,1,7,1,20
Singapore Changi Airport,SIN,23/07/2024 18:30,Kuala Lumpur International Airport,KUL,23/07/2024 19:45,75,Singapore Airlines,Economy,310,90,N/A,681,Y,Y,Y,1,7,1,23
Singapore Changi Airport,SIN,24/07/2024 10:30,Kuala Lumpur International Airport,KUL,24/07/2024 11:35,65,AirAsia,Economy,315,100,N/A,140,Y,N,N,1,7,0,0
Singapore Changi Airport,SIN,24/07/2024 12:10,Brunei International Airport,BWN,24/07/2024 14:20,130,Royal Brunei,Economy,130,N/A,N/A,215,Y,Y,Y,1,7,1,20
Singapore Changi Airport,SIN,24/07/2024 12:45,Brunei International Airport,BWN,24/07/2024 15:00,135,Singapore Airlines,Economy,135,N/A,N/A,283,Y,Y,Y,1,7,1,23
Singapore Changi Airport,SIN,24/07/2024 20:45,Kuala Lumpur International Airport,KUL,24/07/2024 21:55,70,AirAsia,Economy,730,510,TRUE,140,Y,N,N,1,7,0,0
Singapore Changi Airport,SIN,24/07/2024 21:20,Kuala Lumpur International Airport,KUL,24/07/2024 22:25,65,AirAsia,Economy,695,480,TRUE,144,Y,N,N,1,7,0,0
Singapore Changi Airport,SIN,24/07/2024 18:15,Kuala Lumpur International Airport,KUL,24/07/2024 19:25,70,Malaysia Airlines,Economy,325,110,N/A,419,Y,Y,y,1,7,1,23
Singapore Changi Airport,SIN,24/07/2024 21:15,Kuala Lumpur International Airport,KUL,24/07/2024 22:15,60,Malaysia Airlines,Economy,1040,835,TRUE,420,Y,Y,y,1,7,1,23
Singapore Changi Airport,SIN,24/07/2024 18:30,Kuala Lumpur International Airport,KUL,24/07/2024 19:45,75,Singapore Airlines,Economy,310,90,N/A,681,Y,Y,Y,1,7,1,23
Singapore Changi Airport,SIN,25/07/2024 10:30,Kuala Lumpur International Airport,KUL,25/07/2024 11:35,65,AirAsia,Economy,315,100,N/A,148,Y,N,N,1,7,0,0
Singapore Changi Airport,SIN,25/07/2024 21:30,Brunei International Airport,BWN,25/07/2024 23:40,130,Royal Brunei,Economy,130,N/A,N/A,215,Y,Y,Y,1,7,1,20
Singapore Changi Airport,SIN,25/07/2024 9:00,Brunei International Airport,BWN,25/07/2024 11:10,130,Singapore Airlines,Economy,130,N/A,N/A,283,Y,Y,Y,1,7,1,23
Singapore Changi Airport,SIN,25/07/2024 23:25,Kuala Lumpur International Airport,KUL,26/07/2024 0:30,65,AirAsia,Economy,570,355,TRUE,140,Y,N,N,1,7,0,0
Singapore Changi Airport,SIN,25/07/2024 9:10,Kuala Lumpur International Airport,KUL,25/07/2024 10:25,75,AirAsia,Economy,395,170,N/A,144,Y,N,N,1,7,0,0
Singapore Changi Airport,SIN,25/07/2024 9:55,Kuala Lumpur International Airport,KUL,25/07/2024 11:10,75,Malaysia Airlines,Economy,280,60,N/A,419,Y,Y,y,1,7,1,23
Singapore Changi Airport,SIN,25/07/2024 9:10,Kuala Lumpur International Airport,KUL,25/07/2024 10:10,60,Singapore Airlines,Economy,325,120,N/A,681,Y,Y,Y,1,7,1,23
Singapore Changi Airport,SIN,26/07/2024 10:30,Kuala Lumpur International Airport,KUL,26/07/2024 11:35,65,AirAsia,Economy,315,100,N/A,169,Y,N,N,1,7,0,0
Singapore Changi Airport,SIN,26/07/2024 12:10,Brunei International Airport,BWN,26/07/2024 14:20,130,Royal Brunei,Economy,130,N/A,N/A,215,Y,Y,Y,1,7,1,20
Singapore Changi Airport,SIN,26/07/2024 12:45,Brunei International Airport,BWN,26/07/2024 15:00,135,Singapore Airlines,Economy,135,N/A,N/A,290,Y,Y,Y,1,7,1,23
Singapore Changi Airport,SIN,26/07/2024 23:25,Kuala Lumpur International Airport,KUL,27/07/2024 0:30,65,AirAsia,Economy,980,765,TRUE,160,Y,N,N,1,7,0,0
Singapore Changi Airport,SIN,26/07/2024 7:55,Kuala Lumpur International Airport,KUL,26/07/2024 9:00,65,AirAsia,Economy,470,255,N/A,162,Y,N,N,1,7,0,0
Singapore Changi Airport,SIN,26/07/2024 21:25,Brunei International Airport,BWN,26/07/2024 23:35,130,Royal Brunei,Economy,130,N/A,N/A,248,Y,Y,Y,1,7,1,20
Singapore Changi Airport,SIN,26/07/2024 9:55,Kuala Lumpur International Airport,KUL,26/07/2024 11:10,75,Malaysia Airlines,Economy,280,60,N/A,478,Y,Y,y,1,7,1,23
Singapore Changi Airport,SIN,27/07/2024 10:30,Kuala Lumpur International Airport,KUL,27/07/2024 11:35,65,AirAsia,Economy,315,100,N/A,140,Y,N,N,1,7,0,0
Singapore Changi Airport,SIN,27/07/2024 21:25,Brunei International Airport,BWN,27/07/2024 23:35,130,Royal Brunei,Economy,130,N/A,N/A,215,Y,Y,Y,1,7,1,20
Singapore Changi Airport,SIN,27/07/2024 9:00,Brunei International Airport,BWN,27/07/2024 11:10,130,Singapore Airlines,Economy,130,N/A,N/A,290,Y,Y,Y,1,7,1,23
Singapore Changi Airport,SIN,27/07/2024 21:20,Kuala Lumpur International Airport,KUL,27/07/2024 22:25,65,AirAsia,Economy,695,480,TRUE,140,Y,N,N,1,7,0,0
Singapore Changi Airport,SIN,27/07/2024 9:55,Kuala Lumpur International Airport,KUL,27/07/2024 11:10,75,Malaysia Airlines,Economy,280,60,N/A,419,Y,Y,y,1,7,1,23
Singapore Changi Airport,SIN,27/07/2024 9:10,Kuala Lumpur International Airport,KUL,27/07/2024 10:10,60,Singapore Airlines,Economy,325,120,N/A,681,Y,Y,Y,1,7,1,23
Singapore Changi Airport,SIN,28/07/2024 10:30,Kuala Lumpur International Airport,KUL,28/07/2024 11:35,65,AirAsia,Economy,315,100,N/A,140,Y,N,N,1,7,0,0
Singapore Changi Airport,SIN,28/07/2024 12:10,Brunei International Airport,BWN,28/07/2024 14:20,130,Royal Brunei,Economy,130,N/A,N/A,215,Y,Y,Y,1,7,1,20
Singapore Changi Airport,SIN,28/07/2024 21:30,Brunei International Airport,BWN,28/07/2024 23:40,130,Royal Brunei,Economy,130,N/A,N/A,215,Y,Y,Y,1,7,1,20
Singapore Changi Airport,SIN,28/07/2024 23:25,Kuala Lumpur International Airport,KUL,29/07/2024 0:30,65,AirAsia,Economy,980,765,TRUE,142,Y,N,N,1,7,0,0
Singapore Changi Airport,SIN,28/07/2024 9:55,Kuala Lumpur International Airport,KUL,28/07/2024 11:10,75,Malaysia Airlines,Economy,280,60,N/A,419,Y,Y,y,1,7,1,23
Singapore Changi Airport,SIN,28/07/2024 12:45,Brunei International Airport,BWN,28/07/2024 15:00,135,Singapore Airlines,Economy,135,N/A,N/A,436,Y,Y,Y,1,7,1,23
Singapore Changi Airport,SIN,29/07/2024 10:30,Kuala Lumpur International Airport,KUL,29/07/2024 11:35,65,AirAsia,Economy,315,100,N/A,159,Y,N,N,1,7,0,0
Singapore Changi Airport,SIN,29/07/2024 12:10,Brunei International Airport,BWN,29/07/2024 14:20,130,Royal Brunei,Economy,130,N/A,N/A,215,Y,Y,Y,1,7,1,20
Singapore Changi Airport,SIN,29/07/2024 9:00,Brunei International Airport,BWN,29/07/2024 11:10,130,Singapore Airlines,Economy,130,N/A,N/A,283,Y,Y,Y,1,7,1,23
Singapore Changi Airport,SIN,29/07/2024 21:20,Kuala Lumpur International Airport,KUL,29/07/2024 22:25,65,AirAsia,Economy,695,480,TRUE,140,Y,N,N,1,7,0,0
Singapore Changi Airport,SIN,29/07/2024 14:30,Ninoy Aquino International Airport,MNL,29/07/2024 18:25,235,Philippine Airlines,Economy,550,190,N/A,393,Y,Y,Y,1,7,1,30
Singapore Changi Airport,SIN,29/07/2024 9:55,Kuala Lumpur International Airport,KUL,29/07/2024 11:10,75,Malaysia Airlines,Economy,280,60,N/A,419,Y,Y,y,1,7,1,23
Singapore Changi Airport,SIN,29/07/2024 21:15,Kuala Lumpur International Airport,KUL,29/07/2024 22:15,60,Malaysia Airlines,Economy,1585,1380,TRUE,420,Y,Y,y,1,7,1,23
Singapore Changi Airport,SIN,29/07/2024 13:30,Ninoy Aquino International Airport,MNL,29/07/2024 17:25,235,Singapore Airlines,Economy,610,250,N/A,510,Y,Y,Y,1,7,1,23
Singapore Changi Airport,SIN,29/07/2024 14:50,Kuala Lumpur International Airport,KUL,29/07/2024 15:50,60,Singapore Airlines,Economy,1970,1765,TRUE,689,Y,Y,Y,1,7,1,23
Singapore Changi Airport,SIN,30/07/2024 10:30,Kuala Lumpur International Airport,KUL,30/07/2024 11:35,65,AirAsia,Economy,315,100,N/A,140,Y,N,N,1,7,0,0
Singapore Changi Airport,SIN,30/07/2024 12:10,Brunei International Airport,BWN,30/07/2024 14:20,130,Royal Brunei,Economy,130,N/A,N/A,215,Y,Y,Y,1,7,1,20
Singapore Changi Airport,SIN,30/07/2024 9:00,Brunei International Airport,BWN,30/07/2024 11:10,130,Singapore Airlines,Economy,130,N/A,N/A,330,Y,Y,Y,1,7,1,23
Singapore Changi Airport,SIN,30/07/2024 21:20,Kuala Lumpur International Airport,KUL,30/07/2024 22:25,65,AirAsia,Economy,695,480,TRUE,140,Y,N,N,1,7,0,0
Singapore Changi Airport,SIN,30/07/2024 21:25,Brunei International Airport,BWN,30/07/2024 23:35,130,Royal Brunei,Economy,130,N/A,N/A,215,Y,Y,Y,1,7,1,20
Singapore Changi Airport,SIN,30/07/2024 18:30,Kuala Lumpur International Airport,KUL,30/07/2024 19:45,75,Singapore Airlines,Economy,310,90,N/A,529,Y,Y,Y,1,7,1,23
Singapore Changi Airport,SIN,31/07/2024 10:30,Kuala Lumpur International Airport,KUL,31/07/2024 11:35,65,AirAsia,Economy,315,100,N/A,140,Y,N,N,1,7,0,0
Singapore Changi Airport,SIN,31/07/2024 12:10,Brunei International Airport,BWN,31/07/2024 14:20,130,Royal Brunei,Economy,130,N/A,N/A,215,Y,Y,Y,1,7,1,20
Singapore Changi Airport,SIN,31/07/2024 12:45,Brunei International Airport,BWN,31/07/2024 15:00,135,Singapore Airlines,Economy,135,N/A,N/A,283,Y,Y,Y,1,7,1,23
Singapore Changi Airport,SIN,31/07/2024 21:20,Kuala Lumpur International Airport,KUL,31/07/2024 22:25,65,AirAsia,Economy,695,480,TRUE,140,Y,N,N,1,7,0,0
Singapore Changi Airport,SIN,31/07/2024 19:50,Ninoy Aquino International Airport,MNL,31/07/2024 23:45,235,Philippine Airlines,Economy,1670,1310,TRUE,324,Y,Y,Y,1,7,1,30
Singapore Changi Airport,SIN,31/07/2024 18:15,Kuala Lumpur International Airport,KUL,31/07/2024 19:25,70,Malaysia Airlines,Economy,325,110,N/A,419,Y,Y,y,1,7,1,23
Singapore Changi Airport,SIN,31/07/2024 21:15,Kuala Lumpur International Airport,KUL,31/07/2024 22:15,60,Malaysia Airlines,Economy,1040,835,TRUE,420,Y,Y,y,1,7,1,23
Singapore Changi Airport,SIN,31/07/2024 18:30,Kuala Lumpur International Airport,KUL,31/07/2024 19:45,75,Singapore Airlines,Economy,310,90,N/A,529,Y,Y,Y,1,7,1,23
Singapore Changi Airport,SIN,01/08/2024 23:25,Kuala Lumpur International Airport,KUL,02/08/2024 0:30,65,AirAsia,Economy,570,355,TRUE,129,Y,N,N,1,7,0,0
Singapore Changi Airport,SIN,01/08/2024 9:10,Kuala Lumpur International Airport,KUL,01/08/2024 10:25,75,AirAsia,Economy,395,170,N/A,162,Y,N,N,1,7,0,0
Singapore Changi Airport,SIN,01/08/2024 10:30,Kuala Lumpur International Airport,KUL,01/08/2024 11:35,65,AirAsia,Economy,315,100,N/A,168,Y,N,N,1,7,0,0
Singapore Changi Airport,SIN,01/08/2024 21:30,Brunei International Airport,BWN,01/08/2024 23:40,130,Royal Brunei,Economy,130,N/A,N/A,261,Y,Y,Y,1,7,1,20
Singapore Changi Airport,SIN,01/08/2024 9:00,Brunei International Airport,BWN,01/08/2024 11:10,130,Singapore Airlines,Economy,130,N/A,N/A,332,Y,Y,Y,1,7,1,23
Singapore Changi Airport,SIN,01/08/2024 10:40,Ninoy Aquino International Airport,MNL,01/08/2024 14:30,230,Philippine Airlines,Economy,780,425,N/A,323,Y,Y,Y,1,7,1,30
Singapore Changi Airport,SIN,01/08/2024 9:55,Kuala Lumpur International Airport,KUL,01/08/2024 11:10,75,Malaysia Airlines,Economy,280,60,N/A,481,Y,Y,y,1,7,1,23
Singapore Changi Airport,SIN,01/08/2024 9:10,Kuala Lumpur International Airport,KUL,01/08/2024 10:10,60,Singapore Airlines,Economy,325,120,N/A,782,Y,Y,Y,1,7,1,23
Singapore Changi Airport,SIN,02/08/2024 10:30,Kuala Lumpur International Airport,KUL,02/08/2024 11:35,65,AirAsia,Economy,315,100,N/A,160,Y,N,N,1,7,0,0
Singapore Changi Airport,SIN,02/08/2024 12:10,Brunei International Airport,BWN,02/08/2024 14:20,130,Royal Brunei,Economy,130,N/A,N/A,261,Y,Y,Y,1,7,1,20
Singapore Changi Airport,SIN,02/08/2024 12:45,Brunei International Airport,BWN,02/08/2024 15:00,135,Singapore Airlines,Economy,135,N/A,N/A,312,Y,Y,Y,1,7,1,23
Singapore Changi Airport,SIN,02/08/2024 23:25,Kuala Lumpur International Airport,KUL,03/08/2024 0:30,65,AirAsia,Economy,570,355,TRUE,147,Y,N,N,1,7,0,0
Singapore Changi Airport,SIN,02/08/2024 9:10,Kuala Lumpur International Airport,KUL,02/08/2024 10:25,75,AirAsia,Economy,395,170,N/A,153,Y,N,N,1,7,0,0
Singapore Changi Airport,SIN,02/08/2024 21:25,Brunei International Airport,BWN,02/08/2024 23:35,130,Royal Brunei,Economy,130,N/A,N/A,261,Y,Y,Y,1,7,1,20
Singapore Changi Airport,SIN,02/08/2024 9:55,Kuala Lumpur International Airport,KUL,02/08/2024 11:10,75,Malaysia Airlines,Economy,280,60,N/A,481,Y,Y,y,1,7,1,23
Singapore Changi Airport,SIN,03/08/2024 10:30,Kuala Lumpur International Airport,KUL,03/08/2024 11:35,65,AirAsia,Economy,315,100,N/A,141,Y,N,N,1,7,0,0
Singapore Changi Airport,SIN,03/08/2024 21:25,Brunei International Airport,BWN,03/08/2024 23:35,130,Royal Brunei,Economy,130,N/A,N/A,261,Y,Y,Y,1,7,1,20
Singapore Changi Airport,SIN,03/08/2024 9:00,Brunei International Airport,BWN,03/08/2024 11:10,130,Singapore Airlines,Economy,130,N/A,N/A,292,Y,Y,Y,1,7,1,23
Singapore Changi Airport,SIN,03/08/2024 21:20,Kuala Lumpur International Airport,KUL,03/08/2024 22:25,65,AirAsia,Economy,695,480,TRUE,141,Y,N,N,1,7,0,0
Singapore Changi Airport,SIN,03/08/2024 9:55,Kuala Lumpur International Airport,KUL,03/08/2024 11:10,75,Malaysia Airlines,Economy,280,60,N/A,533,Y,Y,y,1,7,1,23
Singapore Changi Airport,SIN,04/08/2024 10:30,Kuala Lumpur International Airport,KUL,04/08/2024 11:35,65,AirAsia,Economy,315,100,N/A,141,Y,N,N,1,7,0,0
Singapore Changi Airport,SIN,04/08/2024 12:10,Brunei International Airport,BWN,04/08/2024 14:20,130,Royal Brunei,Economy,130,N/A,N/A,261,Y,Y,Y,1,7,1,20
Singapore Changi Airport,SIN,04/08/2024 12:45,Brunei International Airport,BWN,04/08/2024 15:00,135,Singapore Airlines,Economy,135,N/A,N/A,304,Y,Y,Y,1,7,1,23
Singapore Changi Airport,SIN,04/08/2024 23:25,Kuala Lumpur International Airport,KUL,05/08/2024 0:30,65,AirAsia,Economy,570,355,TRUE,141,Y,N,N,1,7,0,0
Singapore Changi Airport,SIN,04/08/2024 21:30,Brunei International Airport,BWN,04/08/2024 23:40,130,Royal Brunei,Economy,130,N/A,N/A,261,Y,Y,Y,1,7,1,20
Singapore Changi Airport,SIN,04/08/2024 9:55,Kuala Lumpur International Airport,KUL,04/08/2024 11:10,75,Malaysia Airlines,Economy,280,60,N/A,731,Y,Y,y,1,7,1,23
Singapore Changi Airport,SIN,05/08/2024 9:10,Kuala Lumpur International Airport,KUL,05/08/2024 10:25,75,AirAsia,Economy,395,170,N/A,141,Y,N,N,1,7,0,0
Singapore Changi Airport,SIN,05/08/2024 21:20,Kuala Lumpur International Airport,KUL,05/08/2024 22:25,65,AirAsia,Economy,695,480,TRUE,141,Y,N,N,1,7,0,0
Singapore Changi Airport,SIN,05/08/2024 10:30,Kuala Lumpur International Airport,KUL,05/08/2024 11:35,65,AirAsia,Economy,315,100,N/A,162,Y,N,N,1,7,0,0
Singapore Changi Airport,SIN,05/08/2024 12:10,Brunei International Airport,BWN,05/08/2024 14:20,130,Royal Brunei,Economy,130,N/A,N/A,261,Y,Y,Y,1,7,1,20
Singapore Changi Airport,SIN,05/08/2024 9:00,Brunei International Airport,BWN,05/08/2024 11:10,130,Singapore Airlines,Economy,130,N/A,N/A,358,Y,Y,Y,1,7,1,23
Singapore Changi Airport,SIN,05/08/2024 0:30,Ninoy Aquino International Airport,MNL,05/08/2024 4:20,230,Philippine Airlines,Economy,1390,1035,TRUE,323,Y,Y,Y,1,7,1,30
Singapore Changi Airport,SIN,05/08/2024 13:30,Ninoy Aquino International Airport,MNL,05/08/2024 17:25,235,Singapore Airlines,Economy,610,250,N/A,492,Y,Y,Y,1,7,1,23
Singapore Changi Airport,SIN,05/08/2024 14:30,Ninoy Aquino International Airport,MNL,05/08/2024 18:25,235,Philippine Airlines,Economy,550,190,N/A,526,Y,Y,Y,1,7,1,30
Singapore Changi Airport,SIN,05/08/2024 9:55,Kuala Lumpur International Airport,KUL,05/08/2024 11:10,75,Malaysia Airlines,Economy,280,60,N/A,731,Y,Y,y,1,7,1,23
Singapore Changi Airport,SIN,06/08/2024 10:30,Kuala Lumpur International Airport,KUL,06/08/2024 11:35,65,AirAsia,Economy,315,100,N/A,141,Y,N,N,1,7,0,0
Singapore Changi Airport,SIN,06/08/2024 12:10,Brunei International Airport,BWN,06/08/2024 14:20,130,Royal Brunei,Economy,130,N/A,N/A,261,Y,Y,Y,1,7,1,20
Singapore Changi Airport,SIN,06/08/2024 21:20,Kuala Lumpur International Airport,KUL,06/08/2024 22:25,65,AirAsia,Economy,695,480,TRUE,141,Y,N,N,1,7,0,0
Singapore Changi Airport,SIN,06/08/2024 21:25,Brunei International Airport,BWN,06/08/2024 23:35,130,Royal Brunei,Economy,130,N/A,N/A,261,Y,Y,Y,1,7,1,20
Singapore Changi Airport,SIN,06/08/2024 9:00,Brunei International Airport,BWN,06/08/2024 11:10,130,Singapore Airlines,Economy,130,N/A,N/A,611,Y,Y,Y,1,7,1,23
Singapore Changi Airport,SIN,07/08/2024 9:10,Kuala Lumpur International Airport,KUL,07/08/2024 10:25,75,AirAsia,Economy,395,170,N/A,167,Y,N,N,1,7,0,0
Singapore Changi Airport,SIN,07/08/2024 12:10,Brunei International Airport,BWN,07/08/2024 14:20,130,Royal Brunei,Economy,130,N/A,N/A,261,Y,Y,Y,1,7,1,20
Singapore Changi Airport,SIN,07/08/2024 12:45,Brunei International Airport,BWN,07/08/2024 15:00,135,Singapore Airlines,Economy,135,N/A,N/A,332,Y,Y,Y,1,7,1,23
Singapore Changi Airport,SIN,07/08/2024 17:40,Kuala Lumpur International Airport,KUL,07/08/2024 19:00,80,AirAsia,Economy,915,685,TRUE,188,Y,N,N,1,7,0,0
Singapore Changi Airport,SIN,07/08/2024 10:30,Kuala Lumpur International Airport,KUL,07/08/2024 11:35,65,AirAsia,Economy,315,100,N/A,194,Y,N,N,1,7,0,0
Singapore Changi Airport,SIN,07/08/2024 19:10,Kuala Lumpur International Airport,KUL,07/08/2024 20:30,80,AirAsia,Economy,825,595,TRUE,200,Y,N,N,1,7,0,0
Singapore Changi Airport,SIN,07/08/2024 21:20,Kuala Lumpur International Airport,KUL,07/08/2024 22:25,65,AirAsia,Economy,695,480,TRUE,254,Y,N,N,1,7,0,0
Singapore Changi Airport,SIN,07/08/2024 19:50,Ninoy Aquino International Airport,MNL,07/08/2024 23:45,235,Philippine Airlines,Economy,1670,1310,TRUE,332,Y,Y,Y,1,7,1,30
Singapore Changi Airport,SIN,08/08/2024 9:10,Kuala Lumpur International Airport,KUL,08/08/2024 10:25,75,AirAsia,Economy,395,170,N/A,254,Y,N,N,1,7,0,0
Singapore Changi Airport,SIN,08/08/2024 21:30,Brunei International Airport,BWN,08/08/2024 23:40,130,Royal Brunei,Economy,130,N/A,N/A,261,Y,Y,Y,1,7,1,20
Singapore Changi Airport,SIN,08/08/2024 9:00,Brunei International Airport,BWN,08/08/2024 11:10,130,Singapore Airlines,Economy,130,N/A,N/A,304,Y,Y,Y,1,7,1,23
Singapore Changi Airport,SIN,08/08/2024 10:30,Kuala Lumpur International Airport,KUL,08/08/2024 11:35,65,AirAsia,Economy,315,100,N/A,273,Y,N,N,1,7,0,0
Singapore Changi Airport,SIN,08/08/2024 23:25,Kuala Lumpur International Airport,KUL,09/08/2024 0:30,65,AirAsia,Economy,570,355,TRUE,295,Y,N,N,1,7,0,0
Singapore Changi Airport,SIN,08/08/2024 9:55,Kuala Lumpur International Airport,KUL,08/08/2024 11:10,75,Malaysia Airlines,Economy,280,60,N/A,686,Y,Y,y,1,7,1,23
Singapore Changi Airport,SIN,09/08/2024 21:20,Kuala Lumpur International Airport,KUL,09/08/2024 22:25,65,AirAsia,Economy,695,480,TRUE,155,Y,N,N,1,7,0,0
Singapore Changi Airport,SIN,09/08/2024 23:25,Kuala Lumpur International Airport,KUL,10/08/2024 0:30,65,AirAsia,Economy,570,355,TRUE,160,Y,N,N,1,7,0,0
Singapore Changi Airport,SIN,09/08/2024 21:25,Brunei International Airport,BWN,09/08/2024 23:35,130,Royal Brunei,Economy,130,N/A,N/A,276,Y,Y,Y,1,7,1,20
Singapore Changi Airport,SIN,09/08/2024 9:10,Kuala Lumpur International Airport,KUL,09/08/2024 10:25,75,AirAsia,Economy,395,170,N/A,265,Y,N,N,1,7,0,0
Singapore Changi Airport,SIN,09/08/2024 10:30,Kuala Lumpur International Airport,KUL,09/08/2024 11:35,65,AirAsia,Economy,315,100,N/A,306,Y,N,N,1,7,0,0
Singapore Changi Airport,SIN,09/08/2024 14:30,Ninoy Aquino International Airport,MNL,09/08/2024 18:25,235,Philippine Airlines,Economy,550,190,N/A,343,Y,Y,Y,1,7,1,30
Singapore Changi Airport,SIN,09/08/2024 12:10,Brunei International Airport,BWN,09/08/2024 14:20,130,Royal Brunei,Economy,130,N/A,N/A,406,Y,Y,Y,1,7,1,20
Singapore Changi Airport,SIN,09/08/2024 9:55,Kuala Lumpur International Airport,KUL,09/08/2024 11:10,75,Malaysia Airlines,Economy,280,60,N/A,533,Y,Y,y,1,7,1,23
Singapore Changi Airport,SIN,09/08/2024 12:45,Brunei International Airport,BWN,09/08/2024 15:00,135,Singapore Airlines,Economy,135,N/A,N/A,611,Y,Y,Y,1,7,1,23
Singapore Changi Airport,SIN,10/08/2024 10:30,Kuala Lumpur International Airport,KUL,10/08/2024 11:35,65,AirAsia,Economy,315,100,N/A,201,Y,N,N,1,7,0,0
Singapore Changi Airport,SIN,10/08/2024 21:25,Brunei International Airport,BWN,10/08/2024 23:35,130,Royal Brunei,Economy,130,N/A,N/A,261,Y,Y,Y,1,7,1,20
Singapore Changi Airport,SIN,10/08/2024 9:00,Brunei International Airport,BWN,10/08/2024 11:10,130,Singapore Airlines,Economy,130,N/A,N/A,358,Y,Y,Y,1,7,1,23
Singapore Changi Airport,SIN,10/08/2024 21:20,Kuala Lumpur International Airport,KUL,10/08/2024 22:25,65,AirAsia,Economy,695,480,TRUE,141,Y,N,N,1,7,0,0
Singapore Changi Airport,SIN,10/08/2024 9:55,Kuala Lumpur International Airport,KUL,10/08/2024 11:10,75,Malaysia Airlines,Economy,280,60,N/A,533,Y,Y,y,1,7,1,23
Singapore Changi Airport,SIN,11/08/2024 23:25,Kuala Lumpur International Airport,KUL,12/08/2024 0:30,65,AirAsia,Economy,570,355,TRUE,141,Y,N,N,1,7,0,0
Singapore Changi Airport,SIN,11/08/2024 12:10,Brunei International Airport,BWN,11/08/2024 14:20,130,Royal Brunei,Economy,130,N/A,N/A,276,Y,Y,Y,1,7,1,20
Singapore Changi Airport,SIN,11/08/2024 12:45,Brunei International Airport,BWN,11/08/2024 15:00,135,Singapore Airlines,Economy,135,N/A,N/A,439,Y,Y,Y,1,7,1,23
Singapore Changi Airport,SIN,11/08/2024 10:30,Kuala Lumpur International Airport,KUL,11/08/2024 11:35,65,AirAsia,Economy,315,100,N/A,240,Y,N,N,1,7,0,0
Singapore Changi Airport,SIN,11/08/2024 21:30,Brunei International Airport,BWN,11/08/2024 23:40,130,Royal Brunei,Economy,130,N/A,N/A,276,Y,Y,Y,1,7,1,20
Singapore Changi Airport,SIN,11/08/2024 9:55,Kuala Lumpur International Airport,KUL,11/08/2024 11:10,75,Malaysia Airlines,Economy,280,60,N/A,731,Y,Y,y,1,7,1,23
Singapore Changi Airport,SIN,12/08/2024 10:30,Kuala Lumpur International Airport,KUL,12/08/2024 11:35,65,AirAsia,Economy,315,100,N/A,201,Y,N,N,1,7,0,0
Singapore Changi Airport,SIN,12/08/2024 12:10,Brunei International Airport,BWN,12/08/2024 14:20,130,Royal Brunei,Economy,130,N/A,N/A,261,Y,Y,Y,1,7,1,20
Singapore Changi Airport,SIN,12/08/2024 9:00,Brunei International Airport,BWN,12/08/2024 11:10,130,Singapore Airlines,Economy,130,N/A,N/A,358,Y,Y,Y,1,7,1,23
Singapore Changi Airport,SIN,12/08/2024 21:20,Kuala Lumpur International Airport,KUL,12/08/2024 22:25,65,AirAsia,Economy,695,480,TRUE,141,Y,N,N,1,7,0,0
Singapore Changi Airport,SIN,12/08/2024 7:55,Kuala Lumpur International Airport,KUL,12/08/2024 9:00,65,AirAsia,Economy,470,255,N/A,194,Y,N,N,1,7,0,0
Singapore Changi Airport,SIN,12/08/2024 9:10,Kuala Lumpur International Airport,KUL,12/08/2024 10:25,75,AirAsia,Economy,395,170,N/A,196,Y,N,N,1,7,0,0
Singapore Changi Airport,SIN,12/08/2024 14:30,Ninoy Aquino International Airport,MNL,12/08/2024 18:25,235,Philippine Airlines,Economy,550,190,N/A,499,Y,Y,Y,1,7,1,30
Singapore Changi Airport,SIN,12/08/2024 13:30,Ninoy Aquino International Airport,MNL,12/08/2024 17:25,235,Singapore Airlines,Economy,610,250,N/A,622,Y,Y,Y,1,7,1,23
Singapore Changi Airport,SIN,12/08/2024 9:55,Kuala Lumpur International Airport,KUL,12/08/2024 11:10,75,Malaysia Airlines,Economy,280,60,N/A,731,Y,Y,y,1,7,1,23
Singapore Changi Airport,SIN,13/08/2024 21:20,Kuala Lumpur International Airport,KUL,13/08/2024 22:25,65,AirAsia,Economy,695,480,TRUE,141,Y,N,N,1,7,0,0
Singapore Changi Airport,SIN,13/08/2024 12:10,Brunei International Airport,BWN,13/08/2024 14:20,130,Royal Brunei,Economy,130,N/A,N/A,261,Y,Y,Y,1,7,1,20
Singapore Changi Airport,SIN,13/08/2024 9:10,Kuala Lumpur International Airport,KUL,13/08/2024 10:25,75,AirAsia,Economy,395,170,N/A,204,Y,N,N,1,7,0,0
Singapore Changi Airport,SIN,13/08/2024 10:30,Kuala Lumpur International Airport,KUL,13/08/2024 11:35,65,AirAsia,Economy,315,100,N/A,212,Y,N,N,1,7,0,0
Singapore Changi Airport,SIN,13/08/2024 21:25,Brunei International Airport,BWN,13/08/2024 23:35,130,Royal Brunei,Economy,130,N/A,N/A,261,Y,Y,Y,1,7,1,20
Singapore Changi Airport,SIN,13/08/2024 9:00,Brunei International Airport,BWN,13/08/2024 11:10,130,Singapore Airlines,Economy,130,N/A,N/A,439,Y,Y,Y,1,7,1,23
Singapore Changi Airport,SIN,13/08/2024 18:30,Kuala Lumpur International Airport,KUL,13/08/2024 19:45,75,Singapore Airlines,Economy,310,90,N/A,789,Y,Y,Y,1,7,1,23
Singapore Changi Airport,SIN,14/08/2024 21:20,Kuala Lumpur International Airport,KUL,14/08/2024 22:25,65,AirAsia,Economy,695,480,TRUE,141,Y,N,N,1,7,0,0
Singapore Changi Airport,SIN,14/08/2024 7:55,Kuala Lumpur International Airport,KUL,14/08/2024 9:00,65,AirAsia,Economy,470,255,N/A,204,Y,N,N,1,7,0,0
Singapore Changi Airport,SIN,14/08/2024 10:30,Kuala Lumpur International Airport,KUL,14/08/2024 11:35,65,AirAsia,Economy,315,100,N/A,207,Y,N,N,1,7,0,0
Singapore Changi Airport,SIN,14/08/2024 12:10,Brunei International Airport,BWN,14/08/2024 14:20,130,Royal Brunei,Economy,130,N/A,N/A,261,Y,Y,Y,1,7,1,20
Singapore Changi Airport,SIN,14/08/2024 12:45,Brunei International Airport,BWN,14/08/2024 15:00,135,Singapore Airlines,Economy,135,N/A,N/A,502,Y,Y,Y,1,7,1,23
Singapore Changi Airport,SIN,14/08/2024 19:50,Ninoy Aquino International Airport,MNL,14/08/2024 23:45,235,Philippine Airlines,Economy,1670,1310,TRUE,323,Y,Y,Y,1,7,1,30
Singapore Changi Airport,SIN,14/08/2024 18:15,Kuala Lumpur International Airport,KUL,14/08/2024 19:25,70,Malaysia Airlines,Economy,325,110,N/A,731,Y,Y,y,1,7,1,23
Singapore Changi Airport,SIN,14/08/2024 18:30,Kuala Lumpur International Airport,KUL,14/08/2024 19:45,75,Singapore Airlines,Economy,310,90,N/A,731,Y,Y,Y,1,7,1,23
Singapore Changi Airport,SIN,15/08/2024 23:25,Kuala Lumpur International Airport,KUL,16/08/2024 0:30,65,AirAsia,Economy,570,355,TRUE,141,Y,N,N,1,7,0,0
Singapore Changi Airport,SIN,15/08/2024 21:30,Brunei International Airport,BWN,15/08/2024 23:40,130,Royal Brunei,Economy,130,N/A,N/A,216,Y,Y,Y,1,7,1,20
Singapore Changi Airport,SIN,15/08/2024 7:55,Kuala Lumpur International Airport,KUL,15/08/2024 9:00,65,AirAsia,Economy,470,255,N/A,204,Y,N,N,1,7,0,0
Singapore Changi Airport,SIN,15/08/2024 10:30,Kuala Lumpur International Airport,KUL,15/08/2024 11:35,65,AirAsia,Economy,315,100,N/A,207,Y,N,N,1,7,0,0
Singapore Changi Airport,SIN,15/08/2024 14:30,Ninoy Aquino International Airport,MNL,15/08/2024 18:25,235,Philippine Airlines,Economy,550,190,N/A,323,Y,Y,Y,1,7,1,30
Singapore Changi Airport,SIN,15/08/2024 9:55,Kuala Lumpur International Airport,KUL,15/08/2024 11:10,75,Malaysia Airlines,Economy,280,60,N/A,1492,Y,Y,y,1,7,1,23
Singapore Changi Airport,SIN,16/08/2024 23:25,Kuala Lumpur International Airport,KUL,17/08/2024 0:30,65,AirAsia,Economy,570,355,TRUE,141,Y,N,N,1,7,0,0
Singapore Changi Airport,SIN,16/08/2024 10:30,Kuala Lumpur International Airport,KUL,16/08/2024 11:35,65,AirAsia,Economy,315,100,N/A,251,Y,N,N,1,7,0,0
Singapore Changi Airport,SIN,16/08/2024 14:30,Ninoy Aquino International Airport,MNL,16/08/2024 18:25,235,Philippine Airlines,Economy,550,190,N/A,323,Y,Y,Y,1,7,1,30
Singapore Changi Airport,SIN,16/08/2024 12:10,Brunei International Airport,BWN,16/08/2024 14:20,130,Royal Brunei,Economy,130,N/A,N/A,644,Y,Y,Y,1,7,1,20
Singapore Changi Airport,SIN,16/08/2024 13:30,Ninoy Aquino International Airport,MNL,16/08/2024 17:25,235,Singapore Airlines,Economy,610,250,N/A,492,Y,Y,Y,1,7,1,23
Singapore Changi Airport,SIN,16/08/2024 21:25,Brunei International Airport,BWN,16/08/2024 23:35,130,Royal Brunei,Economy,130,N/A,N/A,644,Y,Y,Y,1,7,1,20
Singapore Changi Airport,SIN,16/08/2024 9:55,Kuala Lumpur International Airport,KUL,16/08/2024 11:10,75,Malaysia Airlines,Economy,280,60,N/A,731,Y,Y,y,1,7,1,23
Singapore Changi Airport,SIN,17/08/2024 21:20,Kuala Lumpur International Airport,KUL,17/08/2024 22:25,65,AirAsia,Economy,695,480,TRUE,141,Y,N,N,1,7,0,0
Singapore Changi Airport,SIN,17/08/2024 10:30,Kuala Lumpur International Airport,KUL,17/08/2024 11:35,65,AirAsia,Economy,315,100,N/A,270,Y,N,N,1,7,0,0
Singapore Changi Airport,SIN,17/08/2024 21:25,Brunei International Airport,BWN,17/08/2024 23:35,130,Royal Brunei,Economy,130,N/A,N/A,406,Y,Y,Y,1,7,1,20
Singapore Changi Airport,SIN,17/08/2024 9:10,Kuala Lumpur International Airport,KUL,17/08/2024 10:10,60,Singapore Airlines,Economy,325,120,N/A,686,Y,Y,Y,1,7,1,23
Singapore Changi Airport,SIN,17/08/2024 9:55,Kuala Lumpur International Airport,KUL,17/08/2024 11:10,75,Malaysia Airlines,Economy,280,60,N/A,686,Y,Y,y,1,7,1,23
Singapore Changi Airport,SIN,17/08/2024 19:50,Brunei International Airport,BWN,17/08/2024 22:00,130,Royal Brunei,Economy,130,N/A,N/A,765,Y,Y,Y,1,7,1,20
Singapore Changi Airport,SIN,18/08/2024 23:25,Kuala Lumpur International Airport,KUL,19/08/2024 0:30,65,AirAsia,Economy,570,355,TRUE,141,Y,N,N,1,7,0,0
Singapore Changi Airport,SIN,18/08/2024 21:30,Brunei International Airport,BWN,18/08/2024 23:40,130,Royal Brunei,Economy,130,N/A,N/A,216,Y,Y,Y,1,7,1,20
Singapore Changi Airport,SIN,18/08/2024 10:30,Kuala Lumpur International Airport,KUL,18/08/2024 11:35,65,AirAsia,Economy,315,100,N/A,253,Y,N,N,1,7,0,0
Singapore Changi Airport,SIN,18/08/2024 12:10,Brunei International Airport,BWN,18/08/2024 14:20,130,Royal Brunei,Economy,130,N/A,N/A,354,Y,Y,Y,1,7,1,20
Singapore Changi Airport,SIN,18/08/2024 9:55,Kuala Lumpur International Airport,KUL,18/08/2024 11:10,75,Malaysia Airlines,Economy,280,60,N/A,731,Y,Y,y,1,7,1,23
Singapore Changi Airport,SIN,19/08/2024 21:20,Kuala Lumpur International Airport,KUL,19/08/2024 22:25,65,AirAsia,Economy,695,480,TRUE,152,Y,N,N,1,7,0,0
Singapore Changi Airport,SIN,19/08/2024 12:10,Brunei International Airport,BWN,19/08/2024 14:20,130,Royal Brunei,Economy,130,N/A,N/A,354,Y,Y,Y,1,7,1,20
Singapore Changi Airport,SIN,19/08/2024 9:00,Brunei International Airport,BWN,19/08/2024 11:10,130,Singapore Airlines,Economy,130,N/A,N/A,439,Y,Y,Y,1,7,1,23
Singapore Changi Airport,SIN,19/08/2024 10:30,Kuala Lumpur International Airport,KUL,19/08/2024 11:35,65,AirAsia,Economy,315,100,N/A,251,Y,N,N,1,7,0,0
Singapore Changi Airport,SIN,19/08/2024 14:30,Ninoy Aquino International Airport,MNL,19/08/2024 18:25,235,Philippine Airlines,Economy,550,190,N/A,323,Y,Y,Y,1,7,1,30
Singapore Changi Airport,SIN,19/08/2024 13:30,Ninoy Aquino International Airport,MNL,19/08/2024 17:25,235,Singapore Airlines,Economy,610,250,N/A,492,Y,Y,Y,1,7,1,23
Singapore Changi Airport,SIN,19/08/2024 9:55,Kuala Lumpur International Airport,KUL,19/08/2024 11:10,75,Malaysia Airlines,Economy,280,60,N/A,789,Y,Y,y,1,7,1,23
Singapore Changi Airport,SIN,19/08/2024 21:15,Kuala Lumpur International Airport,KUL,19/08/2024 22:15,60,Malaysia Airlines,Economy,1585,1380,TRUE,1503,Y,Y,y,1,7,1,23
Singapore Changi Airport,SIN,20/08/2024 21:20,Kuala Lumpur International Airport,KUL,20/08/2024 22:25,65,AirAsia,Economy,695,480,TRUE,141,Y,N,N,1,7,0,0
Singapore Changi Airport,SIN,20/08/2024 12:10,Brunei International Airport,BWN,20/08/2024 14:20,130,Royal Brunei,Economy,130,N/A,N/A,216,Y,Y,Y,1,7,1,20
Singapore Changi Airport,SIN,20/08/2024 9:00,Brunei International Airport,BWN,20/08/2024 11:10,130,Singapore Airlines,Economy,130,N/A,N/A,332,Y,Y,Y,1,7,1,23
Singapore Changi Airport,SIN,20/08/2024 21:25,Brunei International Airport,BWN,20/08/2024 23:35,130,Royal Brunei,Economy,130,N/A,N/A,216,Y,Y,Y,1,7,1,20
Singapore Changi Airport,SIN,21/08/2024 21:20,Kuala Lumpur International Airport,KUL,21/08/2024 22:25,65,AirAsia,Economy,695,480,TRUE,141,Y,N,N,1,7,0,0
Singapore Changi Airport,SIN,21/08/2024 12:10,Brunei International Airport,BWN,21/08/2024 14:20,130,Royal Brunei,Economy,130,N/A,N/A,216,Y,Y,Y,1,7,1,20
Singapore Changi Airport,SIN,21/08/2024 12:45,Brunei International Airport,BWN,21/08/2024 15:00,135,Singapore Airlines,Economy,135,N/A,N/A,439,Y,Y,Y,1,7,1,23
Singapore Changi Airport,SIN,21/08/2024 7:55,Kuala Lumpur International Airport,KUL,21/08/2024 9:00,65,AirAsia,Economy,470,255,N/A,194,Y,N,N,1,7,0,0
Singapore Changi Airport,SIN,21/08/2024 9:10,Kuala Lumpur International Airport,KUL,21/08/2024 10:25,75,AirAsia,Economy,395,170,N/A,196,Y,N,N,1,7,0,0
Singapore Changi Airport,SIN,21/08/2024 10:30,Kuala Lumpur International Airport,KUL,21/08/2024 11:35,65,AirAsia,Economy,315,100,N/A,201,Y,N,N,1,7,0,0
Singapore Changi Airport,SIN,21/08/2024 19:50,Ninoy Aquino International Airport,MNL,21/08/2024 23:45,235,Philippine Airlines,Economy,1670,1310,TRUE,323,Y,Y,Y,1,7,1,30
Singapore Changi Airport,SIN,21/08/2024 21:15,Kuala Lumpur International Airport,KUL,21/08/2024 22:15,60,Malaysia Airlines,Economy,1040,835,TRUE,500,Y,Y,y,1,7,1,23
Singapore Changi Airport,SIN,22/08/2024 23:25,Kuala Lumpur International Airport,KUL,23/08/2024 0:30,65,AirAsia,Economy,570,355,TRUE,141,Y,N,N,1,7,0,0
Singapore Changi Airport,SIN,22/08/2024 21:30,Brunei International Airport,BWN,22/08/2024 23:40,130,Royal Brunei,Economy,130,N/A,N/A,216,Y,Y,Y,1,7,1,20
Singapore Changi Airport,SIN,22/08/2024 9:00,Brunei International Airport,BWN,22/08/2024 11:10,130,Singapore Airlines,Economy,130,N/A,N/A,332,Y,Y,Y,1,7,1,23
Singapore Changi Airport,SIN,22/08/2024 7:55,Kuala Lumpur International Airport,KUL,22/08/2024 9:00,65,AirAsia,Economy,470,255,N/A,194,Y,N,N,1,7,0,0
Singapore Changi Airport,SIN,22/08/2024 10:30,Kuala Lumpur International Airport,KUL,22/08/2024 11:35,65,AirAsia,Economy,315,100,N/A,196,Y,N,N,1,7,0,0
Singapore Changi Airport,SIN,22/08/2024 14:30,Ninoy Aquino International Airport,MNL,22/08/2024 18:25,235,Philippine Airlines,Economy,550,190,N/A,323,Y,Y,Y,1,7,1,30
Singapore Changi Airport,SIN,22/08/2024 9:55,Kuala Lumpur International Airport,KUL,22/08/2024 11:10,75,Malaysia Airlines,Economy,280,60,N/A,498,Y,Y,y,1,7,1,23
Singapore Changi Airport,SIN,22/08/2024 9:10,Kuala Lumpur International Airport,KUL,22/08/2024 10:10,60,Singapore Airlines,Economy,325,120,N/A,686,Y,Y,Y,1,7,1,23
Singapore Changi Airport,SIN,23/08/2024 23:25,Kuala Lumpur International Airport,KUL,24/08/2024 0:30,65,AirAsia,Economy,570,355,TRUE,141,Y,N,N,1,7,0,0
Singapore Changi Airport,SIN,23/08/2024 12:10,Brunei International Airport,BWN,23/08/2024 14:20,130,Royal Brunei,Economy,130,N/A,N/A,216,Y,Y,Y,1,7,1,20
Singapore Changi Airport,SIN,23/08/2024 21:25,Brunei International Airport,BWN,23/08/2024 23:35,130,Royal Brunei,Economy,130,N/A,N/A,216,Y,Y,Y,1,7,1,20
Singapore Changi Airport,SIN,23/08/2024 12:45,Brunei International Airport,BWN,23/08/2024 15:00,135,Singapore Airlines,Economy,135,N/A,N/A,332,Y,Y,Y,1,7,1,23
Singapore Changi Airport,SIN,23/08/2024 7:55,Kuala Lumpur International Airport,KUL,23/08/2024 9:00,65,AirAsia,Economy,470,255,N/A,196,Y,N,N,1,7,0,0
Singapore Changi Airport,SIN,23/08/2024 10:30,Kuala Lumpur International Airport,KUL,23/08/2024 11:35,65,AirAsia,Economy,315,100,N/A,201,Y,N,N,1,7,0,0
Singapore Changi Airport,SIN,23/08/2024 14:30,Ninoy Aquino International Airport,MNL,23/08/2024 18:25,235,Philippine Airlines,Economy,550,190,N/A,323,Y,Y,Y,1,7,1,30
Singapore Changi Airport,SIN,23/08/2024 9:55,Kuala Lumpur International Airport,KUL,23/08/2024 11:10,75,Malaysia Airlines,Economy,280,60,N/A,498,Y,Y,y,1,7,1,23
Singapore Changi Airport,SIN,24/08/2024 10:30,Kuala Lumpur International Airport,KUL,24/08/2024 11:35,65,AirAsia,Economy,315,100,N/A,141,Y,N,N,1,7,0,0
Singapore Changi Airport,SIN,24/08/2024 21:25,Brunei International Airport,BWN,24/08/2024 23:35,130,Royal Brunei,Economy,130,N/A,N/A,216,Y,Y,Y,1,7,1,20
Singapore Changi Airport,SIN,24/08/2024 20:45,Kuala Lumpur International Airport,KUL,24/08/2024 21:55,70,AirAsia,Economy,730,510,TRUE,129,Y,N,N,1,7,0,0
Singapore Changi Airport,SIN,24/08/2024 21:20,Kuala Lumpur International Airport,KUL,24/08/2024 22:25,65,AirAsia,Economy,695,480,TRUE,141,Y,N,N,1,7,0,0
Singapore Changi Airport,SIN,24/08/2024 9:00,Brunei International Airport,BWN,24/08/2024 11:10,130,Singapore Airlines,Economy,130,N/A,N/A,439,Y,Y,Y,1,7,1,23
Singapore Changi Airport,SIN,24/08/2024 9:10,Kuala Lumpur International Airport,KUL,24/08/2024 10:10,60,Singapore Airlines,Economy,325,120,N/A,533,Y,Y,Y,1,7,1,23
Singapore Changi Airport,SIN,24/08/2024 9:55,Kuala Lumpur International Airport,KUL,24/08/2024 11:10,75,Malaysia Airlines,Economy,280,60,N/A,533,Y,Y,y,1,7,1,23
Singapore Changi Airport,SIN,25/08/2024 12:10,Brunei International Airport,BWN,25/08/2024 14:20,130,Royal Brunei,Economy,130,N/A,N/A,216,Y,Y,Y,1,7,1,20
Singapore Changi Airport,SIN,25/08/2024 12:45,Brunei International Airport,BWN,25/08/2024 15:00,135,Singapore Airlines,Economy,135,N/A,N/A,304,Y,Y,Y,1,7,1,23
Singapore Changi Airport,SIN,25/08/2024 23:25,Kuala Lumpur International Airport,KUL,26/08/2024 0:30,65,AirAsia,Economy,570,355,TRUE,129,Y,N,N,1,7,0,0
Singapore Changi Airport,SIN,25/08/2024 10:30,Kuala Lumpur International Airport,KUL,25/08/2024 11:35,65,AirAsia,Economy,315,100,N/A,196,Y,N,N,1,7,0,0
Singapore Changi Airport,SIN,25/08/2024 21:30,Brunei International Airport,BWN,25/08/2024 23:40,130,Royal Brunei,Economy,130,N/A,N/A,216,Y,Y,Y,1,7,1,20
Singapore Changi Airport,SIN,25/08/2024 9:55,Kuala Lumpur International Airport,KUL,25/08/2024 11:10,75,Malaysia Airlines,Economy,280,60,N/A,498,Y,Y,y,1,7,1,23
Singapore Changi Airport,SIN,26/08/2024 21:20,Kuala Lumpur International Airport,KUL,26/08/2024 22:25,65,AirAsia,Economy,695,480,TRUE,129,Y,N,N,1,7,0,0
Singapore Changi Airport,SIN,26/08/2024 10:30,Kuala Lumpur International Airport,KUL,26/08/2024 11:35,65,AirAsia,Economy,315,100,N/A,187,Y,N,N,1,7,0,0
Singapore Changi Airport,SIN,26/08/2024 12:10,Brunei International Airport,BWN,26/08/2024 14:20,130,Royal Brunei,Economy,130,N/A,N/A,216,Y,Y,Y,1,7,1,20
Singapore Changi Airport,SIN,26/08/2024 9:00,Brunei International Airport,BWN,26/08/2024 11:10,130,Singapore Airlines,Economy,130,N/A,N/A,285,Y,Y,Y,1,7,1,23
Singapore Changi Airport,SIN,26/08/2024 14:30,Ninoy Aquino International Airport,MNL,26/08/2024 18:25,235,Philippine Airlines,Economy,550,190,N/A,460,Y,Y,Y,1,7,1,30
Singapore Changi Airport,SIN,26/08/2024 13:30,Ninoy Aquino International Airport,MNL,26/08/2024 17:25,235,Singapore Airlines,Economy,610,250,N/A,492,Y,Y,Y,1,7,1,23
Singapore Changi Airport,SIN,26/08/2024 9:55,Kuala Lumpur International Airport,KUL,26/08/2024 11:10,75,Malaysia Airlines,Economy,280,60,N/A,533,Y,Y,y,1,7,1,23
Singapore Changi Airport,SIN,26/08/2024 21:15,Kuala Lumpur International Airport,KUL,26/08/2024 22:15,60,Malaysia Airlines,Economy,1585,1380,TRUE,535,Y,Y,y,1,7,1,23
Singapore Changi Airport,SIN,26/08/2024 20:00,Kuala Lumpur International Airport,KUL,26/08/2024 20:55,55,Singapore Airlines,Economy,1660,1460,TRUE,542,Y,Y,Y,1,7,1,23
Singapore Changi Airport,SIN,27/08/2024 10:30,Kuala Lumpur International Airport,KUL,27/08/2024 11:35,65,AirAsia,Economy,315,100,N/A,141,Y,N,N,1,7,0,0
Singapore Changi Airport,SIN,27/08/2024 12:10,Brunei International Airport,BWN,27/08/2024 14:20,130,Royal Brunei,Economy,130,N/A,N/A,216,Y,Y,Y,1,7,1,20
Singapore Changi Airport,SIN,27/08/2024 9:00,Brunei International Airport,BWN,27/08/2024 11:10,130,Singapore Airlines,Economy,130,N/A,N/A,285,Y,Y,Y,1,7,1,23
Singapore Changi Airport,SIN,27/08/2024 21:20,Kuala Lumpur International Airport,KUL,27/08/2024 22:25,65,AirAsia,Economy,695,480,TRUE,129,Y,N,N,1,7,0,0
Singapore Changi Airport,SIN,27/08/2024 21:25,Brunei International Airport,BWN,27/08/2024 23:35,130,Royal Brunei,Economy,130,N/A,N/A,216,Y,Y,Y,1,7,1,20
Singapore Changi Airport,SIN,27/08/2024 18:30,Kuala Lumpur International Airport,KUL,27/08/2024 19:45,75,Singapore Airlines,Economy,310,90,N/A,533,Y,Y,Y,1,7,1,23
Singapore Changi Airport,SIN,28/08/2024 20:45,Kuala Lumpur International Airport,KUL,28/08/2024 21:55,70,AirAsia,Economy,730,510,TRUE,129,Y,N,N,1,7,0,0
Singapore Changi Airport,SIN,28/08/2024 10:30,Kuala Lumpur International Airport,KUL,28/08/2024 11:35,65,AirAsia,Economy,315,100,N/A,141,Y,N,N,1,7,0,0
Singapore Changi Airport,SIN,28/08/2024 21:20,Kuala Lumpur International Airport,KUL,28/08/2024 22:25,65,AirAsia,Economy,695,480,TRUE,141,Y,N,N,1,7,0,0
Singapore Changi Airport,SIN,28/08/2024 12:10,Brunei International Airport,BWN,28/08/2024 14:20,130,Royal Brunei,Economy,130,N/A,N/A,216,Y,Y,Y,1,7,1,20
Singapore Changi Airport,SIN,28/08/2024 12:45,Brunei International Airport,BWN,28/08/2024 15:00,135,Singapore Airlines,Economy,135,N/A,N/A,285,Y,Y,Y,1,7,1,23
Singapore Changi Airport,SIN,28/08/2024 19:50,Ninoy Aquino International Airport,MNL,28/08/2024 23:45,235,Philippine Airlines,Economy,1670,1310,TRUE,323,Y,Y,Y,1,7,1,30
Singapore Changi Airport,SIN,28/08/2024 18:15,Kuala Lumpur International Airport,KUL,28/08/2024 19:25,70,Malaysia Airlines,Economy,325,110,N/A,533,Y,Y,y,1,7,1,23
Singapore Changi Airport,SIN,28/08/2024 18:30,Kuala Lumpur International Airport,KUL,28/08/2024 19:45,75,Singapore Airlines,Economy,310,90,N/A,533,Y,Y,Y,1,7,1,23
Singapore Changi Airport,SIN,29/08/2024 10:30,Kuala Lumpur International Airport,KUL,29/08/2024 11:35,65,AirAsia,Economy,315,100,N/A,141,Y,N,N,1,7,0,0
Singapore Changi Airport,SIN,29/08/2024 21:30,Brunei International Airport,BWN,29/08/2024 23:40,130,Royal Brunei,Economy,130,N/A,N/A,216,Y,Y,Y,1,7,1,20
Singapore Changi Airport,SIN,29/08/2024 9:00,Brunei International Airport,BWN,29/08/2024 11:10,130,Singapore Airlines,Economy,130,N/A,N/A,285,Y,Y,Y,1,7,1,23
Singapore Changi Airport,SIN,29/08/2024 23:25,Kuala Lumpur International Airport,KUL,30/08/2024 0:30,65,AirAsia,Economy,570,355,TRUE,129,Y,N,N,1,7,0,0
Singapore Changi Airport,SIN,29/08/2024 9:10,Kuala Lumpur International Airport,KUL,29/08/2024 10:10,60,Singapore Airlines,Economy,325,120,N/A,464,Y,Y,Y,1,7,1,23
Singapore Changi Airport,SIN,29/08/2024 9:55,Kuala Lumpur International Airport,KUL,29/08/2024 11:10,75,Malaysia Airlines,Economy,280,60,N/A,464,Y,Y,y,1,7,1,23
Singapore Changi Airport,SIN,30/08/2024 12:10,Brunei International Airport,BWN,30/08/2024 14:20,130,Royal Brunei,Economy,130,N/A,N/A,216,Y,Y,Y,1,7,1,20
Singapore Changi Airport,SIN,30/08/2024 12:45,Brunei International Airport,BWN,30/08/2024 15:00,135,Singapore Airlines,Economy,135,N/A,N/A,292,Y,Y,Y,1,7,1,23
Singapore Changi Airport,SIN,30/08/2024 16:10,Kuala Lumpur International Airport,KUL,30/08/2024 17:30,80,AirAsia,Economy,1005,775,TRUE,143,Y,N,N,1,7,0,0
Singapore Changi Airport,SIN,30/08/2024 23:25,Kuala Lumpur International Airport,KUL,31/08/2024 0:30,65,AirAsia,Economy,570,355,TRUE,146,Y,N,N,1,7,0,0
Singapore Changi Airport,SIN,30/08/2024 10:30,Kuala Lumpur International Airport,KUL,30/08/2024 11:35,65,AirAsia,Economy,315,100,N/A,184,Y,N,N,1,7,0,0
Singapore Changi Airport,SIN,30/08/2024 21:25,Brunei International Airport,BWN,30/08/2024 23:35,130,Royal Brunei,Economy,130,N/A,N/A,216,Y,Y,Y,1,7,1,20
Singapore Changi Airport,SIN,30/08/2024 9:55,Kuala Lumpur International Airport,KUL,30/08/2024 11:10,75,Malaysia Airlines,Economy,280,60,N/A,464,Y,Y,y,1,7,1,23
Singapore Changi Airport,SIN,31/08/2024 10:30,Kuala Lumpur International Airport,KUL,31/08/2024 11:35,65,AirAsia,Economy,315,100,N/A,141,Y,N,N,1,7,0,0
Singapore Changi Airport,SIN,31/08/2024 21:25,Brunei International Airport,BWN,31/08/2024 23:35,130,Royal Brunei,Economy,130,N/A,N/A,250,Y,Y,Y,1,7,1,20
Singapore Changi Airport,SIN,31/08/2024 9:00,Brunei International Airport,BWN,31/08/2024 11:10,130,Singapore Airlines,Economy,130,N/A,N/A,358,Y,Y,Y,1,7,1,23
Singapore Changi Airport,SIN,31/08/2024 23:25,Kuala Lumpur International Airport,KUL,01/09/2024 0:30,65,AirAsia,Economy,570,355,TRUE,141,Y,N,N,1,7,0,0
Singapore Changi Airport,SIN,31/08/2024 9:10,Kuala Lumpur International Airport,KUL,31/08/2024 10:10,60,Singapore Airlines,Economy,325,120,N/A,481,Y,Y,Y,1,7,1,23
Singapore Changi Airport,SIN,31/08/2024 9:55,Kuala Lumpur International Airport,KUL,31/08/2024 11:10,75,Malaysia Airlines,Economy,280,60,N/A,481,Y,Y,y,1,7,1,23