Departure Airport Name,Departure Airport ID,Departure Time,Arrival Airport Name,Arrival Airport ID,Arrival Time,Duration,Airline,Travel Class,Total Duration,Layover 1 Duration,Layover 1 Overnight,Price, Cabin Baggage, Checked Baggage,Meal Included,Cabin Baggage (Number),Cabin Baggage (kg per piece),Checked Baggage (Number),Checked Baggage (kg per piece) 
Ninoy Aquino International Airport,MNL,01/07/2024 14:40,Haneda Airport,HND,01/07/2024 20:00,260,ANA,Premium Economy,960,280,N/A,2835,Y,Y,Y,1,10,2,23
Ninoy Aquino International Airport,MNL,01/07/2024 9:10,Narita International Airport,NRT,01/07/2024 14:50,280,ANA,Premium Economy,935,215,N/A,2999,Y,Y,Y,1,10,2,23
Ninoy Aquino International Airport,MNL,02/07/2024 14:40,Haneda Airport,HND,02/07/2024 20:00,260,ANA,Premium Economy,960,280,N/A,2835,Y,Y,Y,1,10,2,23
Ninoy Aquino International Airport,MNL,05/07/2024 14:40,Haneda Airport,HND,05/07/2024 20:00,260,ANA,Premium Economy,960,280,N/A,2835,Y,Y,Y,1,10,2,23
Ninoy Aquino International Airport,MNL,06/07/2024 9:10,Narita International Airport,NRT,06/07/2024 14:50,280,ANA,Premium Economy,935,215,N/A,2837,Y,Y,Y,1,10,2,23
Ninoy Aquino International Airport,MNL,07/07/2024 14:40,Haneda Airport,HND,07/07/2024 20:00,260,ANA,Premium Economy,960,280,N/A,2997,Y,Y,Y,1,10,2,23
Ninoy Aquino International Airport,MNL,07/07/2024 9:10,Narita International Airport,NRT,07/07/2024 14:50,280,ANA,Premium Economy,935,215,N/A,2999,Y,Y,Y,1,10,2,23
Ninoy Aquino International Airport,MNL,08/07/2024 14:40,Haneda Airport,HND,08/07/2024 20:00,260,ANA,Premium Economy,960,280,N/A,2835,Y,Y,Y,1,10,2,23
Ninoy Aquino International Airport,MNL,10/07/2024 14:40,Haneda Airport,HND,10/07/2024 20:00,260,ANA,Premium Economy,960,280,N/A,2835,Y,Y,Y,1,10,2,23
Ninoy Aquino International Airport,MNL,12/07/2024 14:40,Haneda Airport,HND,12/07/2024 20:00,260,ANA,Premium Economy,960,280,N/A,2835,Y,Y,Y,1,10,2,23
Ninoy Aquino International Airport,MNL,12/07/2024 9:10,Narita International Airport,NRT,12/07/2024 14:50,280,ANA,Premium Economy,935,215,N/A,2837,Y,Y,Y,1,10,2,23
Ninoy Aquino International Airport,MNL,13/07/2024 9:10,Narita International Airport,NRT,13/07/2024 14:50,280,ANA,Premium Economy,935,215,N/A,2837,Y,Y,Y,1,10,2,23
Ninoy Aquino International Airport,MNL,14/07/2024 14:40,Haneda Airport,HND,14/07/2024 20:00,260,ANA,Premium Economy,960,280,N/A,2997,Y,Y,Y,1,10,2,23
Ninoy Aquino International Airport,MNL,14/07/2024 9:10,Narita International Airport,NRT,14/07/2024 14:50,280,ANA,Premium Economy,935,215,N/A,2999,Y,Y,Y,1,10,2,23
Ninoy Aquino International Airport,MNL,15/07/2024 14:40,Haneda Airport,HND,15/07/2024 20:00,260,ANA,Premium Economy,960,280,N/A,2835,Y,Y,Y,1,10,2,23
Ninoy Aquino International Airport,MNL,16/07/2024 14:40,Haneda Airport,HND,16/07/2024 20:00,260,ANA,Premium Economy,960,280,N/A,2835,Y,Y,Y,1,10,2,23
Ninoy Aquino International Airport,MNL,17/07/2024 14:40,Haneda Airport,HND,17/07/2024 20:00,260,ANA,Premium Economy,960,280,N/A,2835,Y,Y,Y,1,10,2,23
Ninoy Aquino International Airport,MNL,19/07/2024 14:40,Haneda Airport,HND,19/07/2024 20:00,260,ANA,Premium Economy,960,280,N/A,2835,Y,Y,Y,1,10,2,23
Ninoy Aquino International Airport,MNL,19/07/2024 9:10,Narita International Airport,NRT,19/07/2024 14:50,280,ANA,Premium Economy,935,215,N/A,2837,Y,Y,Y,1,10,2,23
Ninoy Aquino International Airport,MNL,20/07/2024 9:10,Narita International Airport,NRT,20/07/2024 14:50,280,ANA,Premium Economy,935,215,N/A,2837,Y,Y,Y,1,10,2,23
Ninoy Aquino International Airport,MNL,21/07/2024 14:40,Haneda Airport,HND,21/07/2024 20:00,260,ANA,Premium Economy,960,280,N/A,2997,Y,Y,Y,1,10,2,23
Ninoy Aquino International Airport,MNL,22/07/2024 14:40,Haneda Airport,HND,22/07/2024 20:00,260,ANA,Premium Economy,960,280,N/A,2835,Y,Y,Y,1,10,2,23
Ninoy Aquino International Airport,MNL,23/07/2024 14:40,Haneda Airport,HND,23/07/2024 20:00,260,ANA,Premium Economy,960,280,N/A,2835,Y,Y,Y,1,10,2,23
Ninoy Aquino International Airport,MNL,23/07/2024 9:10,Narita International Airport,NRT,23/07/2024 14:50,280,ANA,Premium Economy,935,215,N/A,2837,Y,Y,Y,1,10,2,23
Ninoy Aquino International Airport,MNL,24/07/2024 14:40,Haneda Airport,HND,24/07/2024 20:00,260,ANA,Premium Economy,960,280,N/A,2835,Y,Y,Y,1,10,2,23
Ninoy Aquino International Airport,MNL,24/07/2024 9:10,Narita International Airport,NRT,24/07/2024 14:50,280,ANA,Premium Economy,935,215,N/A,2837,Y,Y,Y,1,10,2,23
Ninoy Aquino International Airport,MNL,02/08/2024 14:40,Haneda Airport,HND,02/08/2024 20:00,260,ANA,Premium Economy,960,280,N/A,2835,Y,Y,Y,1,10,2,23
Ninoy Aquino International Airport,MNL,02/08/2024 9:10,Narita International Airport,NRT,02/08/2024 14:50,280,ANA,Premium Economy,935,215,N/A,2837,Y,Y,Y,1,10,2,23
Ninoy Aquino International Airport,MNL,03/08/2024 9:10,Narita International Airport,NRT,03/08/2024 14:50,280,ANA,Premium Economy,935,215,N/A,2837,Y,Y,Y,1,10,2,23
Ninoy Aquino International Airport,MNL,04/08/2024 9:10,Narita International Airport,NRT,04/08/2024 14:50,280,ANA,Premium Economy,935,215,N/A,2999,Y,Y,Y,1,10,2,23
Ninoy Aquino International Airport,MNL,05/08/2024 9:35,Singapore Changi Airport,SIN,05/08/2024 13:15,220,Philippine Airlines,Premium Economy,220,N/A,N/A,506,Y,Y,Y,1,7,1,35
Ninoy Aquino International Airport,MNL,09/08/2024 9:10,Narita International Airport,NRT,09/08/2024 14:50,280,ANA,Premium Economy,935,215,N/A,2837,Y,Y,Y,1,10,2,23
Ninoy Aquino International Airport,MNL,10/08/2024 9:10,Narita International Airport,NRT,10/08/2024 14:50,280,ANA,Premium Economy,935,215,N/A,2837,Y,Y,Y,1,10,2,23
Ninoy Aquino International Airport,MNL,11/08/2024 9:10,Narita International Airport,NRT,11/08/2024 14:50,280,ANA,Premium Economy,935,215,N/A,2999,Y,Y,Y,1,10,2,23
Ninoy Aquino International Airport,MNL,12/08/2024 14:40,Haneda Airport,HND,12/08/2024 20:00,260,ANA,Premium Economy,960,280,N/A,2835,Y,Y,Y,1,10,2,23
Ninoy Aquino International Airport,MNL,14/08/2024 14:40,Haneda Airport,HND,14/08/2024 20:00,260,ANA,Premium Economy,960,280,N/A,2835,Y,Y,Y,1,10,2,23
Ninoy Aquino International Airport,MNL,15/08/2024 14:40,Haneda Airport,HND,15/08/2024 20:00,260,ANA,Premium Economy,960,280,N/A,2835,Y,Y,Y,1,10,2,23
Ninoy Aquino International Airport,MNL,16/08/2024 14:40,Haneda Airport,HND,16/08/2024 20:00,260,ANA,Premium Economy,960,280,N/A,2835,Y,Y,Y,1,10,2,23
Ninoy Aquino International Airport,MNL,18/08/2024 14:40,Haneda Airport,HND,18/08/2024 20:00,260,ANA,Premium Economy,960,280,N/A,2997,Y,Y,Y,1,10,2,23
Ninoy Aquino International Airport,MNL,18/08/2024 9:10,Narita International Airport,NRT,18/08/2024 14:50,280,ANA,Premium Economy,935,215,N/A,2999,Y,Y,Y,1,10,2,23
Ninoy Aquino International Airport,MNL,20/08/2024 9:10,Narita International Airport,NRT,20/08/2024 14:50,280,ANA,Premium Economy,935,215,N/A,2837,Y,Y,Y,1,10,2,23
Ninoy Aquino International Airport,MNL,23/08/2024 14:40,Haneda Airport,HND,23/08/2024 20:00,260,ANA,Premium Economy,960,280,N/A,2835,Y,Y,Y,1,10,2,23
Ninoy Aquino International Airport,MNL,23/08/2024 9:10,Narita International Airport,NRT,23/08/2024 14:50,280,ANA,Premium Economy,935,215,N/A,2837,Y,Y,Y,1,10,2,23
Ninoy Aquino International Airport,MNL,25/08/2024 9:10,Narita International Airport,NRT,25/08/2024 14:50,280,ANA,Premium Economy,935,215,N/A,2999,Y,Y,Y,1,10,2,23
Ninoy Aquino International Airport,MNL,27/08/2024 9:10,Narita International Airport,NRT,27/08/2024 14:50,280,ANA,Premium Economy,935,215,N/A,2837,Y,Y,Y,1,10,2,23
Ninoy Aquino International Airport,MNL,30/08/2024 14:40,Haneda Airport,HND,30/08/2024 20:00,260,ANA,Premium Economy,960,280,N/A,2835,Y,Y,Y,1,10,2,23
Ninoy Aquino International Airport,MNL,30/08/2024 9:10,Narita International Airport,NRT,30/08/2024 14:50,280,ANA,Premium Economy,935,215,N/A,2837,Y,Y,Y,1,10,2,23
Ninoy Aquino International Airport,MNL,31/08/2024 9:10,Narita International Airport,NRT,31/08/2024 14:50,280,ANA,Premium Economy,935,215,N/A,2837,Y,Y,Y,1,10,2,23