Departure Airport Name,Departure Airport ID,Departure Time,Arrival Airport Name,Arrival Airport ID,Arrival Time,Duration,Airline,Travel Class,Total Duration,Layover 1 Duration,Layover 1 Overnight,Price, Cabin Baggage, Checked Baggage,Meal Included,Cabin Baggage (Number),Cabin Baggage (kg per piece),Checked Baggage (Number),Checked Baggage (kg per piece)
Kuala Lumpur International Airport,KUL,01/07/2024 17:00,Soekarno–Hatta International Airport,CGK,01/07/2024 18:05,125,KLM,Premium Economy,125,N/A,N/A,126,Y,Y,Y,2,12,2,23
Kuala Lumpur International Airport,KUL,02/07/2024 17:00,Soekarno–Hatta International Airport,CGK,02/07/2024 18:05,125,KLM,Premium Economy,125,N/A,N/A,126,Y,Y,Y,2,12,2,23
Kuala Lumpur International Airport,KUL,04/07/2024 17:00,Soekarno–Hatta International Airport,CGK,04/07/2024 18:05,125,KLM,Premium Economy,125,N/A,N/A,126,Y,Y,Y,2,12,2,23
Kuala Lumpur International Airport,KUL,06/07/2024 17:00,Soekarno–Hatta International Airport,CGK,06/07/2024 18:05,125,KLM,Premium Economy,125,N/A,N/A,126,Y,Y,Y,2,12,2,23
Kuala Lumpur International Airport,KUL,07/07/2024 17:00,Soekarno–Hatta International Airport,CGK,07/07/2024 18:05,125,KLM,Premium Economy,125,N/A,N/A,133,Y,Y,Y,2,12,2,23
Kuala Lumpur International Airport,KUL,08/07/2024 17:00,Soekarno–Hatta International Airport,CGK,08/07/2024 18:05,125,KLM,Premium Economy,125,N/A,N/A,126,Y,Y,Y,2,12,2,23
Kuala Lumpur International Airport,KUL,09/07/2024 17:00,Soekarno–Hatta International Airport,CGK,09/07/2024 18:05,125,KLM,Premium Economy,125,N/A,N/A,126,Y,Y,Y,2,12,2,23
Kuala Lumpur International Airport,KUL,11/07/2024 17:00,Soekarno–Hatta International Airport,CGK,11/07/2024 18:05,125,KLM,Premium Economy,125,N/A,N/A,126,Y,Y,Y,2,12,2,23
Kuala Lumpur International Airport,KUL,13/07/2024 17:00,Soekarno–Hatta International Airport,CGK,13/07/2024 18:05,125,KLM,Premium Economy,125,N/A,N/A,126,Y,Y,Y,2,12,2,23
Kuala Lumpur International Airport,KUL,14/07/2024 17:00,Soekarno–Hatta International Airport,CGK,14/07/2024 18:05,125,KLM,Premium Economy,125,N/A,N/A,133,Y,Y,Y,2,12,2,23
Kuala Lumpur International Airport,KUL,15/07/2024 17:00,Soekarno–Hatta International Airport,CGK,15/07/2024 18:05,125,KLM,Premium Economy,125,N/A,N/A,126,Y,Y,Y,2,12,2,23
Kuala Lumpur International Airport,KUL,16/07/2024 17:00,Soekarno–Hatta International Airport,CGK,16/07/2024 18:05,125,KLM,Premium Economy,125,N/A,N/A,126,Y,Y,Y,2,12,2,23
Kuala Lumpur International Airport,KUL,18/07/2024 17:00,Soekarno–Hatta International Airport,CGK,18/07/2024 18:05,125,KLM,Premium Economy,125,N/A,N/A,126,Y,Y,Y,2,12,2,23
Kuala Lumpur International Airport,KUL,20/07/2024 17:00,Soekarno–Hatta International Airport,CGK,20/07/2024 18:05,125,KLM,Premium Economy,125,N/A,N/A,126,Y,Y,Y,2,12,2,23
Kuala Lumpur International Airport,KUL,21/07/2024 17:00,Soekarno–Hatta International Airport,CGK,21/07/2024 18:05,125,KLM,Premium Economy,125,N/A,N/A,133,Y,Y,Y,2,12,2,23
Kuala Lumpur International Airport,KUL,22/07/2024 17:00,Soekarno–Hatta International Airport,CGK,22/07/2024 18:05,125,KLM,Premium Economy,125,N/A,N/A,126,Y,Y,Y,2,12,2,23
Kuala Lumpur International Airport,KUL,23/07/2024 17:00,Soekarno–Hatta International Airport,CGK,23/07/2024 18:05,125,KLM,Premium Economy,125,N/A,N/A,126,Y,Y,Y,2,12,2,23
Kuala Lumpur International Airport,KUL,25/07/2024 17:00,Soekarno–Hatta International Airport,CGK,25/07/2024 18:05,125,KLM,Premium Economy,125,N/A,N/A,126,Y,Y,Y,2,12,2,23
Kuala Lumpur International Airport,KUL,27/07/2024 17:00,Soekarno–Hatta International Airport,CGK,27/07/2024 18:05,125,KLM,Premium Economy,125,N/A,N/A,126,Y,Y,Y,2,12,2,23
Kuala Lumpur International Airport,KUL,28/07/2024 17:00,Soekarno–Hatta International Airport,CGK,28/07/2024 18:05,125,KLM,Premium Economy,125,N/A,N/A,133,Y,Y,Y,2,12,2,23
Kuala Lumpur International Airport,KUL,29/07/2024 17:00,Soekarno–Hatta International Airport,CGK,29/07/2024 18:05,125,KLM,Premium Economy,125,N/A,N/A,126,Y,Y,Y,2,12,2,23
Kuala Lumpur International Airport,KUL,30/07/2024 17:00,Soekarno–Hatta International Airport,CGK,30/07/2024 18:05,125,KLM,Premium Economy,125,N/A,N/A,126,Y,Y,Y,2,12,2,23
Kuala Lumpur International Airport,KUL,01/08/2024 17:00,Soekarno–Hatta International Airport,CGK,01/08/2024 18:05,125,KLM,Premium Economy,125,N/A,N/A,126,Y,Y,Y,2,12,2,23
Kuala Lumpur International Airport,KUL,03/08/2024 17:00,Soekarno–Hatta International Airport,CGK,03/08/2024 18:05,125,KLM,Premium Economy,125,N/A,N/A,126,Y,Y,Y,2,12,2,23
Kuala Lumpur International Airport,KUL,04/08/2024 17:00,Soekarno–Hatta International Airport,CGK,04/08/2024 18:05,125,KLM,Premium Economy,125,N/A,N/A,133,Y,Y,Y,2,12,2,23
Kuala Lumpur International Airport,KUL,05/08/2024 17:00,Soekarno–Hatta International Airport,CGK,05/08/2024 18:05,125,KLM,Premium Economy,125,N/A,N/A,126,Y,Y,Y,2,12,2,23
Kuala Lumpur International Airport,KUL,06/08/2024 17:00,Soekarno–Hatta International Airport,CGK,06/08/2024 18:05,125,KLM,Premium Economy,125,N/A,N/A,126,Y,Y,Y,2,12,2,23
Kuala Lumpur International Airport,KUL,08/08/2024 17:00,Soekarno–Hatta International Airport,CGK,08/08/2024 18:05,125,KLM,Premium Economy,125,N/A,N/A,126,Y,Y,Y,2,12,2,23
Kuala Lumpur International Airport,KUL,10/08/2024 17:00,Soekarno–Hatta International Airport,CGK,10/08/2024 18:05,125,KLM,Premium Economy,125,N/A,N/A,126,Y,Y,Y,2,12,2,23
Kuala Lumpur International Airport,KUL,11/08/2024 17:00,Soekarno–Hatta International Airport,CGK,11/08/2024 18:05,125,KLM,Premium Economy,125,N/A,N/A,133,Y,Y,Y,2,12,2,23
Kuala Lumpur International Airport,KUL,12/08/2024 17:00,Soekarno–Hatta International Airport,CGK,12/08/2024 18:05,125,KLM,Premium Economy,125,N/A,N/A,126,Y,Y,Y,2,12,2,23
Kuala Lumpur International Airport,KUL,13/08/2024 17:00,Soekarno–Hatta International Airport,CGK,13/08/2024 18:05,125,KLM,Premium Economy,125,N/A,N/A,126,Y,Y,Y,2,12,2,23
Kuala Lumpur International Airport,KUL,15/08/2024 17:00,Soekarno–Hatta International Airport,CGK,15/08/2024 18:05,125,KLM,Premium Economy,125,N/A,N/A,126,Y,Y,Y,2,12,2,23
Kuala Lumpur International Airport,KUL,17/08/2024 17:00,Soekarno–Hatta International Airport,CGK,17/08/2024 18:05,125,KLM,Premium Economy,125,N/A,N/A,126,Y,Y,Y,2,12,2,23
Kuala Lumpur International Airport,KUL,18/08/2024 17:00,Soekarno–Hatta International Airport,CGK,18/08/2024 18:05,125,KLM,Premium Economy,125,N/A,N/A,133,Y,Y,Y,2,12,2,23
Kuala Lumpur International Airport,KUL,19/08/2024 17:00,Soekarno–Hatta International Airport,CGK,19/08/2024 18:05,125,KLM,Premium Economy,125,N/A,N/A,126,Y,Y,Y,2,12,2,23
Kuala Lumpur International Airport,KUL,20/08/2024 17:00,Soekarno–Hatta International Airport,CGK,20/08/2024 18:05,125,KLM,Premium Economy,125,N/A,N/A,126,Y,Y,Y,2,12,2,23
Kuala Lumpur International Airport,KUL,22/08/2024 17:00,Soekarno–Hatta International Airport,CGK,22/08/2024 18:05,125,KLM,Premium Economy,125,N/A,N/A,126,Y,Y,Y,2,12,2,23
Kuala Lumpur International Airport,KUL,24/08/2024 17:00,Soekarno–Hatta International Airport,CGK,24/08/2024 18:05,125,KLM,Premium Economy,125,N/A,N/A,126,Y,Y,Y,2,12,2,23
Kuala Lumpur International Airport,KUL,25/08/2024 17:00,Soekarno–Hatta International Airport,CGK,25/08/2024 18:05,125,KLM,Premium Economy,125,N/A,N/A,133,Y,Y,Y,2,12,2,23
Kuala Lumpur International Airport,KUL,26/08/2024 17:00,Soekarno–Hatta International Airport,CGK,26/08/2024 18:05,125,KLM,Premium Economy,125,N/A,N/A,208,Y,Y,Y,2,12,2,23
Kuala Lumpur International Airport,KUL,27/08/2024 17:00,Soekarno–Hatta International Airport,CGK,27/08/2024 18:05,125,KLM,Premium Economy,125,N/A,N/A,126,Y,Y,Y,2,12,2,23
Kuala Lumpur International Airport,KUL,29/08/2024 17:00,Soekarno–Hatta International Airport,CGK,29/08/2024 18:05,125,KLM,Premium Economy,125,N/A,N/A,126,Y,Y,Y,2,12,2,23
Kuala Lumpur International Airport,KUL,31/08/2024 17:00,Soekarno–Hatta International Airport,CGK,31/08/2024 18:05,125,KLM,Premium Economy,125,N/A,N/A,126,Y,Y,Y,2,12,2,23