Departure Airport Name,Departure Airport ID,Departure Time,Arrival Airport Name,Arrival Airport ID,Arrival Time,Duration,Airline,Travel Class,Total Duration,Layover 1 Duration,Layover 1 Overnight,Price, Cabin Baggage, Checked Baggage,Meal Included,Cabin Baggage (Number),Cabin Baggage (kg per piece),Checked Baggage (Number),Checked Baggage (kg per piece) 
Tan Son Nhat International Airport,SGN,01/07/2024 1:20,Ninoy Aquino International Airport,MNL,01/07/2024 5:05,165,Cebu Pacific,Economy,165,N/A,N/A,113,Y,N,N,1,7,0,0
Tan Son Nhat International Airport,SGN,01/07/2024 22:05,Ninoy Aquino International Airport,MNL,02/07/2024 1:45,160,Cebu Pacific,Economy,160,N/A,N/A,133,Y,N,N,1,7,0,0
Tan Son Nhat International Airport,SGN,01/07/2024 0:50,Ninoy Aquino International Airport,MNL,01/07/2024 4:20,150,Vietnam Airlines,Economy,150,N/A,N/A,183,Y,Y,Y,1,10,1,23
Tan Son Nhat International Airport,SGN,01/07/2024 9:30,Ninoy Aquino International Airport,MNL,01/07/2024 13:40,190,Philippine Airlines,Economy,190,N/A,N/A,219,Y,Y,Y,1,7,1,30
Tan Son Nhat International Airport,SGN,01/07/2024 9:05,Singapore Changi Airport,SIN,01/07/2024 11:55,110,Scoot,Economy,1175,845,N/A,131,Y,N,N,1,7,0,0
Tan Son Nhat International Airport,SGN,01/07/2024 13:25,Kuala Lumpur International Airport,KUL,01/07/2024 16:25,120,AirAsia,Economy,465,95,N/A,153,Y,N,N,1,7,0,0
Tan Son Nhat International Airport,SGN,01/07/2024 16:20,Kuala Lumpur International Airport,KUL,01/07/2024 19:25,125,AirAsia,Economy,515,150,N/A,153,Y,N,N,1,7,0,0
Tan Son Nhat International Airport,SGN,01/07/2024 11:25,Hong Kong International Airport,HKG,01/07/2024 15:15,170,Cathay Pacific,Economy,400,85,N/A,202,Y,Y,Y,1,7,1,23
Tan Son Nhat International Airport,SGN,01/07/2024 10:05,Suvarnabhumi Airport,BKK,01/07/2024 11:30,85,THAI,Economy,460,180,N/A,279,Y,Y,Y,1,7,2,23
Tan Son Nhat International Airport,SGN,02/07/2024 1:20,Ninoy Aquino International Airport,MNL,02/07/2024 5:05,165,Cebu Pacific,Economy,165,N/A,N/A,142,Y,N,N,1,7,0,0
Tan Son Nhat International Airport,SGN,02/07/2024 9:30,Ninoy Aquino International Airport,MNL,02/07/2024 13:40,190,Philippine Airlines,Economy,190,N/A,N/A,194,Y,Y,Y,1,7,1,30
Tan Son Nhat International Airport,SGN,02/07/2024 11:25,Hong Kong International Airport,HKG,02/07/2024 15:15,170,Cathay Pacific,Economy,400,85,N/A,202,Y,Y,Y,1,7,1,23
Tan Son Nhat International Airport,SGN,02/07/2024 9:05,Singapore Changi Airport,SIN,02/07/2024 11:55,110,Scoot,Economy,1175,845,N/A,131,Y,N,N,1,7,0,0
Tan Son Nhat International Airport,SGN,02/07/2024 22:05,Kuala Lumpur International Airport,KUL,03/07/2024 1:00,115,AirAsia,Economy,790,435,TRUE,141,Y,N,N,1,7,0,0
Tan Son Nhat International Airport,SGN,02/07/2024 16:20,Kuala Lumpur International Airport,KUL,02/07/2024 19:25,125,AirAsia,Economy,505,140,N/A,145,Y,N,N,1,7,0,0
Tan Son Nhat International Airport,SGN,02/07/2024 13:25,Kuala Lumpur International Airport,KUL,02/07/2024 16:25,120,AirAsia,Economy,465,95,N/A,153,Y,N,N,1,7,0,0
Tan Son Nhat International Airport,SGN,02/07/2024 17:30,Singapore Changi Airport,SIN,02/07/2024 20:25,115,Scoot,Economy,670,335,N/A,175,Y,N,N,1,7,0,0
Tan Son Nhat International Airport,SGN,02/07/2024 10:05,Suvarnabhumi Airport,BKK,02/07/2024 11:30,85,THAI,Economy,460,180,N/A,265,Y,Y,Y,1,7,2,23
Tan Son Nhat International Airport,SGN,03/07/2024 1:20,Ninoy Aquino International Airport,MNL,03/07/2024 5:05,165,Cebu Pacific,Economy,165,N/A,N/A,113,Y,N,N,1,7,0,0
Tan Son Nhat International Airport,SGN,03/07/2024 22:05,Ninoy Aquino International Airport,MNL,04/07/2024 1:45,160,Cebu Pacific,Economy,160,N/A,N/A,133,Y,N,N,1,7,0,0
Tan Son Nhat International Airport,SGN,03/07/2024 0:50,Ninoy Aquino International Airport,MNL,03/07/2024 4:20,150,Vietnam Airlines,Economy,150,N/A,N/A,158,Y,Y,Y,1,10,1,23
Tan Son Nhat International Airport,SGN,03/07/2024 9:30,Ninoy Aquino International Airport,MNL,03/07/2024 13:40,190,Philippine Airlines,Economy,190,N/A,N/A,194,Y,Y,Y,1,7,1,30
Tan Son Nhat International Airport,SGN,03/07/2024 15:30,Ninoy Aquino International Airport,MNL,03/07/2024 19:40,190,Philippine Airlines,Economy,190,N/A,N/A,194,Y,Y,Y,1,7,1,30
Tan Son Nhat International Airport,SGN,03/07/2024 17:30,Singapore Changi Airport,SIN,03/07/2024 20:25,115,Scoot,Economy,670,335,N/A,131,Y,N,N,1,7,0,0
Tan Son Nhat International Airport,SGN,03/07/2024 13:25,Kuala Lumpur International Airport,KUL,03/07/2024 16:25,120,AirAsia,Economy,465,95,N/A,153,Y,N,N,1,7,0,0
Tan Son Nhat International Airport,SGN,03/07/2024 16:20,Kuala Lumpur International Airport,KUL,03/07/2024 19:25,125,AirAsia,Economy,515,150,N/A,153,Y,N,N,1,7,0,0
Tan Son Nhat International Airport,SGN,03/07/2024 11:25,Hong Kong International Airport,HKG,03/07/2024 15:15,170,Cathay Pacific,Economy,400,85,N/A,202,Y,Y,Y,1,7,1,23
Tan Son Nhat International Airport,SGN,04/07/2024 17:30,Singapore Changi Airport,SIN,04/07/2024 20:25,115,Scoot,Economy,670,335,N/A,131,Y,N,N,1,7,0,0
Tan Son Nhat International Airport,SGN,04/07/2024 1:20,Ninoy Aquino International Airport,MNL,04/07/2024 5:05,165,Cebu Pacific,Economy,165,N/A,N/A,142,Y,N,N,1,7,0,0
Tan Son Nhat International Airport,SGN,04/07/2024 11:25,Hong Kong International Airport,HKG,04/07/2024 15:15,170,Cathay Pacific,Economy,400,85,N/A,202,Y,Y,Y,1,7,1,23
Tan Son Nhat International Airport,SGN,04/07/2024 9:30,Ninoy Aquino International Airport,MNL,04/07/2024 13:40,190,Philippine Airlines,Economy,190,N/A,N/A,229,Y,Y,Y,1,7,1,30
Tan Son Nhat International Airport,SGN,04/07/2024 16:20,Kuala Lumpur International Airport,KUL,04/07/2024 19:25,125,AirAsia,Economy,510,145,N/A,145,Y,N,N,1,7,0,0
Tan Son Nhat International Airport,SGN,04/07/2024 22:05,Kuala Lumpur International Airport,KUL,05/07/2024 1:00,115,AirAsia,Economy,790,435,TRUE,145,Y,N,N,1,7,0,0
Tan Son Nhat International Airport,SGN,04/07/2024 13:25,Kuala Lumpur International Airport,KUL,04/07/2024 16:25,120,AirAsia,Economy,465,95,N/A,153,Y,N,N,1,7,0,0
Tan Son Nhat International Airport,SGN,04/07/2024 9:05,Singapore Changi Airport,SIN,04/07/2024 11:55,110,Scoot,Economy,510,165,N/A,204,Y,N,N,1,7,0,0
Tan Son Nhat International Airport,SGN,04/07/2024 15:45,Guangzhou Baiyun International Airport,CAN,04/07/2024 19:40,175,China Southern,Economy,390,85,N/A,304,Y,Y,Y,1,8,1,23
Tan Son Nhat International Airport,SGN,05/07/2024 1:20,Ninoy Aquino International Airport,MNL,05/07/2024 5:05,165,Cebu Pacific,Economy,165,N/A,N/A,122,Y,N,N,1,7,0,0
Tan Son Nhat International Airport,SGN,05/07/2024 22:05,Ninoy Aquino International Airport,MNL,06/07/2024 1:45,160,Cebu Pacific,Economy,160,N/A,N/A,122,Y,N,N,1,7,0,0
Tan Son Nhat International Airport,SGN,05/07/2024 0:50,Ninoy Aquino International Airport,MNL,05/07/2024 4:20,150,Vietnam Airlines,Economy,150,N/A,N/A,213,Y,Y,Y,1,10,1,23
Tan Son Nhat International Airport,SGN,05/07/2024 15:30,Ninoy Aquino International Airport,MNL,05/07/2024 19:40,190,Philippine Airlines,Economy,190,N/A,N/A,229,Y,Y,Y,1,7,1,30
Tan Son Nhat International Airport,SGN,05/07/2024 16:20,Kuala Lumpur International Airport,KUL,05/07/2024 19:25,125,AirAsia,Economy,515,150,N/A,145,Y,N,N,1,7,0,0
Tan Son Nhat International Airport,SGN,05/07/2024 21:10,Kuala Lumpur International Airport,KUL,06/07/2024 0:05,115,AirAsia,Economy,845,490,TRUE,145,Y,N,N,1,7,0,0
Tan Son Nhat International Airport,SGN,05/07/2024 13:25,Kuala Lumpur International Airport,KUL,05/07/2024 16:25,120,AirAsia,Economy,465,95,N/A,153,Y,N,N,1,7,0,0
Tan Son Nhat International Airport,SGN,05/07/2024 11:25,Hong Kong International Airport,HKG,05/07/2024 15:15,170,Cathay Pacific,Economy,400,85,N/A,202,Y,Y,Y,1,7,1,23
Tan Son Nhat International Airport,SGN,05/07/2024 10:05,Suvarnabhumi Airport,BKK,05/07/2024 11:30,85,THAI,Economy,460,180,N/A,265,Y,Y,Y,1,7,2,23
Tan Son Nhat International Airport,SGN,05/07/2024 9:05,Singapore Changi Airport,SIN,05/07/2024 11:55,110,Scoot,Economy,510,165,N/A,277,Y,N,N,1,7,0,0
Tan Son Nhat International Airport,SGN,06/07/2024 1:20,Ninoy Aquino International Airport,MNL,06/07/2024 5:05,165,Cebu Pacific,Economy,165,N/A,N/A,173,Y,N,N,1,7,0,0
Tan Son Nhat International Airport,SGN,06/07/2024 11:25,Hong Kong International Airport,HKG,06/07/2024 15:15,170,Cathay Pacific,Economy,400,85,N/A,202,Y,Y,Y,1,7,1,23
Tan Son Nhat International Airport,SGN,06/07/2024 9:30,Ninoy Aquino International Airport,MNL,06/07/2024 13:40,190,Philippine Airlines,Economy,190,N/A,N/A,229,Y,Y,Y,1,7,1,30
Tan Son Nhat International Airport,SGN,06/07/2024 13:25,Kuala Lumpur International Airport,KUL,06/07/2024 16:25,120,AirAsia,Economy,465,95,N/A,153,Y,N,N,1,7,0,0
Tan Son Nhat International Airport,SGN,06/07/2024 16:20,Kuala Lumpur International Airport,KUL,06/07/2024 19:25,125,AirAsia,Economy,520,145,N/A,153,Y,N,N,1,7,0,0
Tan Son Nhat International Airport,SGN,06/07/2024 21:10,Kuala Lumpur International Airport,KUL,07/07/2024 0:05,115,AirAsia,Economy,845,490,TRUE,153,Y,N,N,1,7,0,0
Tan Son Nhat International Airport,SGN,06/07/2024 17:30,Singapore Changi Airport,SIN,06/07/2024 20:25,115,Scoot,Economy,670,335,N/A,175,Y,N,N,1,7,0,0
Tan Son Nhat International Airport,SGN,06/07/2024 9:05,Singapore Changi Airport,SIN,06/07/2024 11:55,110,Scoot,Economy,510,165,N/A,204,Y,N,N,1,7,0,0
Tan Son Nhat International Airport,SGN,06/07/2024 10:05,Suvarnabhumi Airport,BKK,06/07/2024 11:30,85,THAI,Economy,460,180,N/A,265,Y,Y,Y,1,7,2,23
Tan Son Nhat International Airport,SGN,07/07/2024 1:20,Ninoy Aquino International Airport,MNL,07/07/2024 5:05,165,Cebu Pacific,Economy,165,N/A,N/A,113,Y,N,N,1,7,0,0
Tan Son Nhat International Airport,SGN,07/07/2024 0:50,Ninoy Aquino International Airport,MNL,07/07/2024 4:20,150,Vietnam Airlines,Economy,150,N/A,N/A,143,Y,Y,Y,1,10,1,23
Tan Son Nhat International Airport,SGN,07/07/2024 15:30,Ninoy Aquino International Airport,MNL,07/07/2024 19:40,190,Philippine Airlines,Economy,190,N/A,N/A,219,Y,Y,Y,1,7,1,30
Tan Son Nhat International Airport,SGN,07/07/2024 13:25,Kuala Lumpur International Airport,KUL,07/07/2024 16:25,120,AirAsia,Economy,690,330,N/A,124,Y,N,N,1,7,0,0
Tan Son Nhat International Airport,SGN,07/07/2024 21:10,Kuala Lumpur International Airport,KUL,08/07/2024 0:05,115,AirAsia,Economy,845,490,TRUE,124,Y,N,N,1,7,0,0
Tan Son Nhat International Airport,SGN,07/07/2024 16:20,Kuala Lumpur International Airport,KUL,07/07/2024 19:25,125,AirAsia,Economy,515,150,N/A,153,Y,N,N,1,7,0,0
Tan Son Nhat International Airport,SGN,07/07/2024 13:25,Kuala Lumpur International Airport,KUL,07/07/2024 16:25,120,AirAsia,Economy,465,95,N/A,177,Y,N,N,1,7,0,0
Tan Son Nhat International Airport,SGN,07/07/2024 2:35,Guangzhou Baiyun International Airport,CAN,07/07/2024 6:40,185,China Southern,Economy,420,90,N/A,187,Y,Y,Y,1,8,1,23
Tan Son Nhat International Airport,SGN,07/07/2024 15:45,Guangzhou Baiyun International Airport,CAN,07/07/2024 19:40,175,China Southern,Economy,390,85,N/A,187,Y,Y,Y,1,8,1,23
Tan Son Nhat International Airport,SGN,07/07/2024 11:25,Hong Kong International Airport,HKG,07/07/2024 15:15,170,Cathay Pacific,Economy,400,85,N/A,202,Y,Y,Y,1,7,1,23
Tan Son Nhat International Airport,SGN,08/07/2024 1:20,Ninoy Aquino International Airport,MNL,08/07/2024 5:05,165,Cebu Pacific,Economy,165,N/A,N/A,113,Y,N,N,1,7,0,0
Tan Son Nhat International Airport,SGN,08/07/2024 22:05,Ninoy Aquino International Airport,MNL,09/07/2024 1:45,160,Cebu Pacific,Economy,160,N/A,N/A,133,Y,N,N,1,7,0,0
Tan Son Nhat International Airport,SGN,08/07/2024 0:50,Ninoy Aquino International Airport,MNL,08/07/2024 4:20,150,Vietnam Airlines,Economy,150,N/A,N/A,158,Y,Y,Y,1,10,1,23
Tan Son Nhat International Airport,SGN,08/07/2024 9:30,Ninoy Aquino International Airport,MNL,08/07/2024 13:40,190,Philippine Airlines,Economy,190,N/A,N/A,219,Y,Y,Y,1,7,1,30
Tan Son Nhat International Airport,SGN,08/07/2024 9:05,Singapore Changi Airport,SIN,08/07/2024 11:55,110,Scoot,Economy,1175,845,N/A,131,Y,N,N,1,7,0,0
Tan Son Nhat International Airport,SGN,08/07/2024 22:05,Kuala Lumpur International Airport,KUL,09/07/2024 1:00,115,AirAsia,Economy,790,435,TRUE,145,Y,N,N,1,7,0,0
Tan Son Nhat International Airport,SGN,08/07/2024 2:35,Guangzhou Baiyun International Airport,CAN,08/07/2024 6:40,185,China Southern,Economy,420,90,N/A,187,Y,Y,Y,1,8,1,23
Tan Son Nhat International Airport,SGN,08/07/2024 15:45,Guangzhou Baiyun International Airport,CAN,08/07/2024 19:40,175,China Southern,Economy,390,85,N/A,187,Y,Y,Y,1,8,1,23
Tan Son Nhat International Airport,SGN,08/07/2024 11:25,Hong Kong International Airport,HKG,08/07/2024 15:15,170,Cathay Pacific,Economy,400,85,N/A,202,Y,Y,Y,1,7,1,23
Tan Son Nhat International Airport,SGN,08/07/2024 9:05,Singapore Changi Airport,SIN,08/07/2024 11:55,110,Scoot,Economy,510,165,N/A,204,Y,N,N,1,7,0,0
Tan Son Nhat International Airport,SGN,09/07/2024 9:05,Singapore Changi Airport,SIN,09/07/2024 11:55,110,Scoot,Economy,510,165,N/A,151,Y,N,N,1,7,0,0
Tan Son Nhat International Airport,SGN,09/07/2024 1:20,Ninoy Aquino International Airport,MNL,09/07/2024 5:05,165,Cebu Pacific,Economy,165,N/A,N/A,153,Y,N,N,1,7,0,0
Tan Son Nhat International Airport,SGN,09/07/2024 9:30,Ninoy Aquino International Airport,MNL,09/07/2024 13:40,190,Philippine Airlines,Economy,190,N/A,N/A,219,Y,Y,Y,1,7,1,30
Tan Son Nhat International Airport,SGN,09/07/2024 13:25,Kuala Lumpur International Airport,KUL,09/07/2024 16:25,120,AirAsia,Economy,680,320,N/A,124,Y,N,N,1,7,0,0
Tan Son Nhat International Airport,SGN,09/07/2024 17:30,Singapore Changi Airport,SIN,09/07/2024 20:25,115,Scoot,Economy,670,335,N/A,131,Y,N,N,1,7,0,0
Tan Son Nhat International Airport,SGN,09/07/2024 13:25,Kuala Lumpur International Airport,KUL,09/07/2024 16:25,120,AirAsia,Economy,465,95,N/A,145,Y,N,N,1,7,0,0
Tan Son Nhat International Airport,SGN,09/07/2024 2:35,Guangzhou Baiyun International Airport,CAN,09/07/2024 6:40,185,China Southern,Economy,420,90,N/A,187,Y,Y,Y,1,8,1,23
Tan Son Nhat International Airport,SGN,09/07/2024 15:45,Guangzhou Baiyun International Airport,CAN,09/07/2024 19:40,175,China Southern,Economy,390,85,N/A,187,Y,Y,Y,1,8,1,23
Tan Son Nhat International Airport,SGN,09/07/2024 11:25,Hong Kong International Airport,HKG,09/07/2024 15:15,170,Cathay Pacific,Economy,400,85,N/A,202,Y,Y,Y,1,7,1,23
Tan Son Nhat International Airport,SGN,10/07/2024 1:20,Ninoy Aquino International Airport,MNL,10/07/2024 5:05,165,Cebu Pacific,Economy,165,N/A,N/A,113,Y,N,N,1,7,0,0
Tan Son Nhat International Airport,SGN,10/07/2024 22:05,Ninoy Aquino International Airport,MNL,11/07/2024 1:45,160,Cebu Pacific,Economy,160,N/A,N/A,133,Y,N,N,1,7,0,0
Tan Son Nhat International Airport,SGN,10/07/2024 0:50,Ninoy Aquino International Airport,MNL,10/07/2024 4:20,150,Vietnam Airlines,Economy,150,N/A,N/A,143,Y,Y,Y,1,10,1,23
Tan Son Nhat International Airport,SGN,10/07/2024 15:30,Ninoy Aquino International Airport,MNL,10/07/2024 19:40,190,Philippine Airlines,Economy,190,N/A,N/A,194,Y,Y,Y,1,7,1,30
Tan Son Nhat International Airport,SGN,10/07/2024 9:30,Ninoy Aquino International Airport,MNL,10/07/2024 13:40,190,Philippine Airlines,Economy,190,N/A,N/A,219,Y,Y,Y,1,7,1,30
Tan Son Nhat International Airport,SGN,10/07/2024 13:25,Kuala Lumpur International Airport,KUL,10/07/2024 16:25,120,AirAsia,Economy,465,95,N/A,124,Y,N,N,1,7,0,0
Tan Son Nhat International Airport,SGN,10/07/2024 16:20,Kuala Lumpur International Airport,KUL,10/07/2024 19:25,125,AirAsia,Economy,515,150,N/A,124,Y,N,N,1,7,0,0
Tan Son Nhat International Airport,SGN,10/07/2024 11:25,Hong Kong International Airport,HKG,10/07/2024 15:15,170,Cathay Pacific,Economy,400,85,N/A,202,Y,Y,Y,1,7,1,23
Tan Son Nhat International Airport,SGN,11/07/2024 16:20,Kuala Lumpur International Airport,KUL,11/07/2024 19:25,125,AirAsia,Economy,510,145,N/A,124,Y,N,N,1,7,0,0
Tan Son Nhat International Airport,SGN,11/07/2024 17:30,Singapore Changi Airport,SIN,11/07/2024 20:25,115,Scoot,Economy,670,335,N/A,131,Y,N,N,1,7,0,0
Tan Son Nhat International Airport,SGN,11/07/2024 1:20,Ninoy Aquino International Airport,MNL,11/07/2024 5:05,165,Cebu Pacific,Economy,165,N/A,N/A,133,Y,N,N,1,7,0,0
Tan Son Nhat International Airport,SGN,11/07/2024 9:30,Ninoy Aquino International Airport,MNL,11/07/2024 13:40,190,Philippine Airlines,Economy,190,N/A,N/A,204,Y,Y,Y,1,7,1,30
Tan Son Nhat International Airport,SGN,11/07/2024 13:25,Kuala Lumpur International Airport,KUL,11/07/2024 16:25,120,AirAsia,Economy,465,95,N/A,153,Y,N,N,1,7,0,0
Tan Son Nhat International Airport,SGN,11/07/2024 2:35,Guangzhou Baiyun International Airport,CAN,11/07/2024 6:40,185,China Southern,Economy,420,90,N/A,187,Y,Y,Y,1,8,1,23
Tan Son Nhat International Airport,SGN,11/07/2024 15:45,Guangzhou Baiyun International Airport,CAN,11/07/2024 19:40,175,China Southern,Economy,390,85,N/A,187,Y,Y,Y,1,8,1,23
Tan Son Nhat International Airport,SGN,11/07/2024 11:25,Hong Kong International Airport,HKG,11/07/2024 15:15,170,Cathay Pacific,Economy,400,85,N/A,202,Y,Y,Y,1,7,1,23
Tan Son Nhat International Airport,SGN,12/07/2024 1:20,Ninoy Aquino International Airport,MNL,12/07/2024 5:05,165,Cebu Pacific,Economy,165,N/A,N/A,113,Y,N,N,1,7,0,0
Tan Son Nhat International Airport,SGN,12/07/2024 22:05,Ninoy Aquino International Airport,MNL,13/07/2024 1:45,160,Cebu Pacific,Economy,160,N/A,N/A,133,Y,N,N,1,7,0,0
Tan Son Nhat International Airport,SGN,12/07/2024 0:50,Ninoy Aquino International Airport,MNL,12/07/2024 4:20,150,Vietnam Airlines,Economy,150,N/A,N/A,143,Y,Y,Y,1,10,1,23
Tan Son Nhat International Airport,SGN,12/07/2024 15:30,Ninoy Aquino International Airport,MNL,12/07/2024 19:40,190,Philippine Airlines,Economy,190,N/A,N/A,204,Y,Y,Y,1,7,1,30
Tan Son Nhat International Airport,SGN,12/07/2024 16:20,Kuala Lumpur International Airport,KUL,12/07/2024 19:25,125,AirAsia,Economy,515,150,N/A,124,Y,N,N,1,7,0,0
Tan Son Nhat International Airport,SGN,12/07/2024 13:25,Kuala Lumpur International Airport,KUL,12/07/2024 16:25,120,AirAsia,Economy,465,95,N/A,145,Y,N,N,1,7,0,0
Tan Son Nhat International Airport,SGN,12/07/2024 15:45,Guangzhou Baiyun International Airport,CAN,12/07/2024 19:40,175,China Southern,Economy,390,85,N/A,187,Y,Y,Y,1,8,1,23
Tan Son Nhat International Airport,SGN,12/07/2024 11:25,Hong Kong International Airport,HKG,12/07/2024 15:15,170,Cathay Pacific,Economy,400,85,N/A,202,Y,Y,Y,1,7,1,23
Tan Son Nhat International Airport,SGN,13/07/2024 13:25,Kuala Lumpur International Airport,KUL,13/07/2024 16:25,120,AirAsia,Economy,465,95,N/A,141,Y,N,N,1,7,0,0
Tan Son Nhat International Airport,SGN,13/07/2024 17:30,Singapore Changi Airport,SIN,13/07/2024 20:25,115,Scoot,Economy,670,335,N/A,156,Y,N,N,1,7,0,0
Tan Son Nhat International Airport,SGN,13/07/2024 11:25,Hong Kong International Airport,HKG,13/07/2024 15:15,170,Cathay Pacific,Economy,400,85,N/A,202,Y,Y,Y,1,7,1,23
Tan Son Nhat International Airport,SGN,13/07/2024 1:20,Ninoy Aquino International Airport,MNL,13/07/2024 5:05,165,Cebu Pacific,Economy,165,N/A,N/A,212,Y,N,N,1,7,0,0
Tan Son Nhat International Airport,SGN,13/07/2024 9:30,Ninoy Aquino International Airport,MNL,13/07/2024 13:40,190,Philippine Airlines,Economy,190,N/A,N/A,324,Y,Y,Y,1,7,1,30
Tan Son Nhat International Airport,SGN,13/07/2024 13:25,Kuala Lumpur International Airport,KUL,13/07/2024 16:25,120,AirAsia,Economy,695,325,N/A,141,Y,N,N,1,7,0,0
Tan Son Nhat International Airport,SGN,13/07/2024 15:15,Singapore Changi Airport,SIN,13/07/2024 18:20,125,Scoot,Economy,805,460,N/A,151,Y,N,N,1,7,0,0
Tan Son Nhat International Airport,SGN,13/07/2024 9:05,Singapore Changi Airport,SIN,13/07/2024 11:55,110,Scoot,Economy,510,165,N/A,188,Y,N,N,1,7,0,0
Tan Son Nhat International Airport,SGN,14/07/2024 1:20,Ninoy Aquino International Airport,MNL,14/07/2024 5:05,165,Cebu Pacific,Economy,165,N/A,N/A,113,Y,N,N,1,7,0,0
Tan Son Nhat International Airport,SGN,14/07/2024 0:50,Ninoy Aquino International Airport,MNL,14/07/2024 4:20,150,Vietnam Airlines,Economy,150,N/A,N/A,143,Y,Y,Y,1,10,1,23
Tan Son Nhat International Airport,SGN,14/07/2024 15:30,Ninoy Aquino International Airport,MNL,14/07/2024 19:40,190,Philippine Airlines,Economy,190,N/A,N/A,314,Y,Y,Y,1,7,1,30
Tan Son Nhat International Airport,SGN,14/07/2024 13:25,Kuala Lumpur International Airport,KUL,14/07/2024 16:25,120,AirAsia,Economy,465,95,N/A,145,Y,N,N,1,7,0,0
Tan Son Nhat International Airport,SGN,14/07/2024 16:20,Kuala Lumpur International Airport,KUL,14/07/2024 19:25,125,AirAsia,Economy,515,150,N/A,145,Y,N,N,1,7,0,0
Tan Son Nhat International Airport,SGN,14/07/2024 2:35,Guangzhou Baiyun International Airport,CAN,14/07/2024 6:40,185,China Southern,Economy,420,90,N/A,187,Y,Y,Y,1,8,1,23
Tan Son Nhat International Airport,SGN,14/07/2024 15:45,Guangzhou Baiyun International Airport,CAN,14/07/2024 19:40,175,China Southern,Economy,390,85,N/A,187,Y,Y,Y,1,8,1,23
Tan Son Nhat International Airport,SGN,14/07/2024 11:25,Hong Kong International Airport,HKG,14/07/2024 15:15,170,Cathay Pacific,Economy,400,85,N/A,202,Y,Y,Y,1,7,1,23
Tan Son Nhat International Airport,SGN,14/07/2024 8:55,Singapore Changi Airport,SIN,14/07/2024 11:55,120,Scoot,Economy,520,165,N/A,204,Y,N,N,1,7,0,0
Tan Son Nhat International Airport,SGN,15/07/2024 22:05,Ninoy Aquino International Airport,MNL,16/07/2024 1:45,160,Cebu Pacific,Economy,160,N/A,N/A,133,Y,N,N,1,7,0,0
Tan Son Nhat International Airport,SGN,15/07/2024 1:20,Ninoy Aquino International Airport,MNL,15/07/2024 5:05,165,Cebu Pacific,Economy,165,N/A,N/A,173,Y,N,N,1,7,0,0
Tan Son Nhat International Airport,SGN,15/07/2024 9:30,Ninoy Aquino International Airport,MNL,15/07/2024 13:40,190,Philippine Airlines,Economy,190,N/A,N/A,219,Y,Y,Y,1,7,1,30
Tan Son Nhat International Airport,SGN,15/07/2024 15:15,Singapore Changi Airport,SIN,15/07/2024 18:20,125,Scoot,Economy,805,460,N/A,131,Y,N,N,1,7,0,0
Tan Son Nhat International Airport,SGN,15/07/2024 16:20,Kuala Lumpur International Airport,KUL,15/07/2024 19:25,125,AirAsia,Economy,515,150,N/A,145,Y,N,N,1,7,0,0
Tan Son Nhat International Airport,SGN,15/07/2024 22:05,Kuala Lumpur International Airport,KUL,16/07/2024 1:00,115,AirAsia,Economy,790,435,TRUE,145,Y,N,N,1,7,0,0
Tan Son Nhat International Airport,SGN,15/07/2024 2:35,Guangzhou Baiyun International Airport,CAN,15/07/2024 6:40,185,China Southern,Economy,420,90,N/A,187,Y,Y,Y,1,8,1,23
Tan Son Nhat International Airport,SGN,15/07/2024 15:45,Guangzhou Baiyun International Airport,CAN,15/07/2024 19:40,175,China Southern,Economy,390,85,N/A,187,Y,Y,Y,1,8,1,23
Tan Son Nhat International Airport,SGN,15/07/2024 11:25,Hong Kong International Airport,HKG,15/07/2024 15:15,170,Cathay Pacific,Economy,400,85,N/A,202,Y,Y,Y,1,7,1,23
Tan Son Nhat International Airport,SGN,16/07/2024 1:20,Ninoy Aquino International Airport,MNL,16/07/2024 5:05,165,Cebu Pacific,Economy,165,N/A,N/A,113,Y,N,N,1,7,0,0
Tan Son Nhat International Airport,SGN,16/07/2024 16:20,Kuala Lumpur International Airport,KUL,16/07/2024 19:25,125,AirAsia,Economy,505,140,N/A,124,Y,N,N,1,7,0,0
Tan Son Nhat International Airport,SGN,16/07/2024 9:30,Ninoy Aquino International Airport,MNL,16/07/2024 13:40,190,Philippine Airlines,Economy,190,N/A,N/A,194,Y,Y,Y,1,7,1,30
Tan Son Nhat International Airport,SGN,16/07/2024 22:05,Kuala Lumpur International Airport,KUL,17/07/2024 1:00,115,AirAsia,Economy,790,435,TRUE,124,Y,N,N,1,7,0,0
Tan Son Nhat International Airport,SGN,16/07/2024 13:25,Kuala Lumpur International Airport,KUL,16/07/2024 16:25,120,AirAsia,Economy,465,95,N/A,153,Y,N,N,1,7,0,0
Tan Son Nhat International Airport,SGN,16/07/2024 17:30,Singapore Changi Airport,SIN,16/07/2024 20:25,115,Scoot,Economy,670,335,N/A,166,Y,N,N,1,7,0,0
Tan Son Nhat International Airport,SGN,16/07/2024 9:05,Singapore Changi Airport,SIN,16/07/2024 11:55,110,Scoot,Economy,510,165,N/A,175,Y,N,N,1,7,0,0
Tan Son Nhat International Airport,SGN,16/07/2024 11:25,Hong Kong International Airport,HKG,16/07/2024 15:15,170,Cathay Pacific,Economy,400,85,N/A,202,Y,Y,Y,1,7,1,23
Tan Son Nhat International Airport,SGN,16/07/2024 15:45,Guangzhou Baiyun International Airport,CAN,16/07/2024 19:40,175,China Southern,Economy,390,85,N/A,243,Y,Y,Y,1,8,1,23
Tan Son Nhat International Airport,SGN,17/07/2024 0:50,Ninoy Aquino International Airport,MNL,17/07/2024 4:20,150,Vietnam Airlines,Economy,150,N/A,N/A,158,Y,Y,Y,1,10,1,23
Tan Son Nhat International Airport,SGN,17/07/2024 1:20,Ninoy Aquino International Airport,MNL,17/07/2024 5:05,165,Cebu Pacific,Economy,165,N/A,N/A,173,Y,N,N,1,7,0,0
Tan Son Nhat International Airport,SGN,17/07/2024 9:30,Ninoy Aquino International Airport,MNL,17/07/2024 13:40,190,Philippine Airlines,Economy,190,N/A,N/A,194,Y,Y,Y,1,7,1,30
Tan Son Nhat International Airport,SGN,17/07/2024 15:15,Singapore Changi Airport,SIN,17/07/2024 18:20,125,Scoot,Economy,805,460,N/A,114,Y,N,N,1,7,0,0
Tan Son Nhat International Airport,SGN,17/07/2024 13:25,Kuala Lumpur International Airport,KUL,17/07/2024 16:25,120,AirAsia,Economy,465,95,N/A,124,Y,N,N,1,7,0,0
Tan Son Nhat International Airport,SGN,17/07/2024 17:30,Singapore Changi Airport,SIN,17/07/2024 20:25,115,Scoot,Economy,670,335,N/A,131,Y,N,N,1,7,0,0
Tan Son Nhat International Airport,SGN,17/07/2024 16:20,Kuala Lumpur International Airport,KUL,17/07/2024 19:25,125,AirAsia,Economy,515,150,N/A,145,Y,N,N,1,7,0,0
Tan Son Nhat International Airport,SGN,17/07/2024 9:05,Singapore Changi Airport,SIN,17/07/2024 11:55,110,Scoot,Economy,510,165,N/A,151,Y,N,N,1,7,0,0
Tan Son Nhat International Airport,SGN,17/07/2024 22:05,Ninoy Aquino International Airport,MNL,18/07/2024 1:45,160,Cebu Pacific,Economy,160,N/A,N/A,173,Y,N,N,1,7,0,0
Tan Son Nhat International Airport,SGN,17/07/2024 15:30,Ninoy Aquino International Airport,MNL,17/07/2024 19:40,190,Philippine Airlines,Economy,190,N/A,N/A,194,Y,Y,Y,1,7,1,30
Tan Son Nhat International Airport,SGN,18/07/2024 13:25,Kuala Lumpur International Airport,KUL,18/07/2024 16:25,120,AirAsia,Economy,465,95,N/A,124,Y,N,N,1,7,0,0
Tan Son Nhat International Airport,SGN,18/07/2024 1:20,Ninoy Aquino International Airport,MNL,18/07/2024 5:05,165,Cebu Pacific,Economy,165,N/A,N/A,142,Y,N,N,1,7,0,0
Tan Son Nhat International Airport,SGN,18/07/2024 9:30,Ninoy Aquino International Airport,MNL,18/07/2024 13:40,190,Philippine Airlines,Economy,190,N/A,N/A,204,Y,Y,Y,1,7,1,30
Tan Son Nhat International Airport,SGN,18/07/2024 16:20,Kuala Lumpur International Airport,KUL,18/07/2024 19:25,125,AirAsia,Economy,510,145,N/A,124,Y,N,N,1,7,0,0
Tan Son Nhat International Airport,SGN,18/07/2024 22:05,Kuala Lumpur International Airport,KUL,19/07/2024 1:00,115,AirAsia,Economy,790,435,TRUE,124,Y,N,N,1,7,0,0
Tan Son Nhat International Airport,SGN,18/07/2024 9:05,Singapore Changi Airport,SIN,18/07/2024 11:55,110,Scoot,Economy,1175,845,N/A,131,Y,N,N,1,7,0,0
Tan Son Nhat International Airport,SGN,18/07/2024 17:30,Singapore Changi Airport,SIN,18/07/2024 20:25,115,Scoot,Economy,670,335,N/A,151,Y,N,N,1,7,0,0
Tan Son Nhat International Airport,SGN,18/07/2024 9:05,Singapore Changi Airport,SIN,18/07/2024 11:55,110,Scoot,Economy,510,165,N/A,188,Y,N,N,1,7,0,0
Tan Son Nhat International Airport,SGN,18/07/2024 11:25,Hong Kong International Airport,HKG,18/07/2024 15:15,170,Cathay Pacific,Economy,400,85,N/A,202,Y,Y,Y,1,7,1,23
Tan Son Nhat International Airport,SGN,18/07/2024 15:45,Guangzhou Baiyun International Airport,CAN,18/07/2024 19:40,175,China Southern,Economy,390,85,N/A,243,Y,Y,Y,1,8,1,23
Tan Son Nhat International Airport,SGN,19/07/2024 1:20,Ninoy Aquino International Airport,MNL,19/07/2024 5:05,165,Cebu Pacific,Economy,165,N/A,N/A,113,Y,N,N,1,7,0,0
Tan Son Nhat International Airport,SGN,19/07/2024 22:05,Ninoy Aquino International Airport,MNL,20/07/2024 1:45,160,Cebu Pacific,Economy,160,N/A,N/A,133,Y,N,N,1,7,0,0
Tan Son Nhat International Airport,SGN,19/07/2024 0:50,Ninoy Aquino International Airport,MNL,19/07/2024 4:20,150,Vietnam Airlines,Economy,150,N/A,N/A,143,Y,Y,Y,1,10,1,23
Tan Son Nhat International Airport,SGN,19/07/2024 15:30,Ninoy Aquino International Airport,MNL,19/07/2024 19:40,190,Philippine Airlines,Economy,190,N/A,N/A,224,Y,Y,Y,1,7,1,30
Tan Son Nhat International Airport,SGN,19/07/2024 13:25,Kuala Lumpur International Airport,KUL,19/07/2024 16:25,120,AirAsia,Economy,465,95,N/A,124,Y,N,N,1,7,0,0
Tan Son Nhat International Airport,SGN,19/07/2024 16:20,Kuala Lumpur International Airport,KUL,19/07/2024 19:25,125,AirAsia,Economy,515,150,N/A,124,Y,N,N,1,7,0,0
Tan Son Nhat International Airport,SGN,19/07/2024 11:25,Hong Kong International Airport,HKG,19/07/2024 15:15,170,Cathay Pacific,Economy,400,85,N/A,202,Y,Y,Y,1,7,1,23
Tan Son Nhat International Airport,SGN,19/07/2024 15:45,Guangzhou Baiyun International Airport,CAN,19/07/2024 19:40,175,China Southern,Economy,390,85,N/A,243,Y,Y,Y,1,8,1,23
Tan Son Nhat International Airport,SGN,20/07/2024 13:25,Kuala Lumpur International Airport,KUL,20/07/2024 16:25,120,AirAsia,Economy,465,95,N/A,124,Y,N,N,1,7,0,0
Tan Son Nhat International Airport,SGN,20/07/2024 1:20,Ninoy Aquino International Airport,MNL,20/07/2024 5:05,165,Cebu Pacific,Economy,165,N/A,N/A,173,Y,N,N,1,7,0,0
Tan Son Nhat International Airport,SGN,20/07/2024 9:30,Ninoy Aquino International Airport,MNL,20/07/2024 13:40,190,Philippine Airlines,Economy,190,N/A,N/A,269,Y,Y,Y,1,7,1,30
Tan Son Nhat International Airport,SGN,20/07/2024 16:20,Kuala Lumpur International Airport,KUL,20/07/2024 19:25,125,AirAsia,Economy,520,145,N/A,124,Y,N,N,1,7,0,0
Tan Son Nhat International Airport,SGN,20/07/2024 17:30,Singapore Changi Airport,SIN,20/07/2024 20:25,115,Scoot,Economy,670,335,N/A,148,Y,N,N,1,7,0,0
Tan Son Nhat International Airport,SGN,20/07/2024 11:25,Hong Kong International Airport,HKG,20/07/2024 15:15,170,Cathay Pacific,Economy,400,85,N/A,202,Y,Y,Y,1,7,1,23
Tan Son Nhat International Airport,SGN,20/07/2024 2:35,Guangzhou Baiyun International Airport,CAN,20/07/2024 6:40,185,China Southern,Economy,420,90,N/A,243,Y,Y,Y,1,8,1,23
Tan Son Nhat International Airport,SGN,20/07/2024 15:45,Guangzhou Baiyun International Airport,CAN,20/07/2024 19:40,175,China Southern,Economy,390,85,N/A,243,Y,Y,Y,1,8,1,23
Tan Son Nhat International Airport,SGN,21/07/2024 0:50,Ninoy Aquino International Airport,MNL,21/07/2024 4:20,150,Vietnam Airlines,Economy,150,N/A,N/A,143,Y,Y,Y,1,10,1,23
Tan Son Nhat International Airport,SGN,21/07/2024 1:20,Ninoy Aquino International Airport,MNL,21/07/2024 5:05,165,Cebu Pacific,Economy,165,N/A,N/A,173,Y,N,N,1,7,0,0
Tan Son Nhat International Airport,SGN,21/07/2024 15:30,Ninoy Aquino International Airport,MNL,21/07/2024 19:40,190,Philippine Airlines,Economy,190,N/A,N/A,219,Y,Y,Y,1,7,1,30
Tan Son Nhat International Airport,SGN,21/07/2024 13:25,Kuala Lumpur International Airport,KUL,21/07/2024 16:25,120,AirAsia,Economy,465,95,N/A,124,Y,N,N,1,7,0,0
Tan Son Nhat International Airport,SGN,21/07/2024 16:20,Kuala Lumpur International Airport,KUL,21/07/2024 19:25,125,AirAsia,Economy,515,150,N/A,124,Y,N,N,1,7,0,0
Tan Son Nhat International Airport,SGN,21/07/2024 21:10,Kuala Lumpur International Airport,KUL,22/07/2024 0:05,115,AirAsia,Economy,845,490,TRUE,124,Y,N,N,1,7,0,0
Tan Son Nhat International Airport,SGN,21/07/2024 17:30,Singapore Changi Airport,SIN,21/07/2024 20:25,115,Scoot,Economy,670,335,N/A,175,Y,N,N,1,7,0,0
Tan Son Nhat International Airport,SGN,21/07/2024 8:55,Singapore Changi Airport,SIN,21/07/2024 11:55,120,Scoot,Economy,520,165,N/A,189,Y,N,N,1,7,0,0
Tan Son Nhat International Airport,SGN,21/07/2024 15:45,Guangzhou Baiyun International Airport,CAN,21/07/2024 19:40,175,China Southern,Economy,390,85,N/A,243,Y,Y,Y,1,8,1,23
Tan Son Nhat International Airport,SGN,22/07/2024 22:05,Ninoy Aquino International Airport,MNL,23/07/2024 1:45,160,Cebu Pacific,Economy,160,N/A,N/A,133,Y,N,N,1,7,0,0
Tan Son Nhat International Airport,SGN,22/07/2024 0:50,Ninoy Aquino International Airport,MNL,22/07/2024 4:20,150,Vietnam Airlines,Economy,150,N/A,N/A,143,Y,Y,Y,1,10,1,23
Tan Son Nhat International Airport,SGN,22/07/2024 1:20,Ninoy Aquino International Airport,MNL,22/07/2024 5:05,165,Cebu Pacific,Economy,165,N/A,N/A,173,Y,N,N,1,7,0,0
Tan Son Nhat International Airport,SGN,22/07/2024 9:30,Ninoy Aquino International Airport,MNL,22/07/2024 13:40,190,Philippine Airlines,Economy,190,N/A,N/A,219,Y,Y,Y,1,7,1,30
Tan Son Nhat International Airport,SGN,22/07/2024 9:05,Singapore Changi Airport,SIN,22/07/2024 11:55,110,Scoot,Economy,1175,845,N/A,114,Y,N,N,1,7,0,0
Tan Son Nhat International Airport,SGN,22/07/2024 13:25,Kuala Lumpur International Airport,KUL,22/07/2024 16:25,120,AirAsia,Economy,465,95,N/A,124,Y,N,N,1,7,0,0
Tan Son Nhat International Airport,SGN,22/07/2024 13:25,Kuala Lumpur International Airport,KUL,22/07/2024 16:25,120,AirAsia,Economy,690,330,N/A,124,Y,N,N,1,7,0,0
Tan Son Nhat International Airport,SGN,22/07/2024 9:05,Singapore Changi Airport,SIN,22/07/2024 11:55,110,Scoot,Economy,510,165,N/A,175,Y,N,N,1,7,0,0
Tan Son Nhat International Airport,SGN,22/07/2024 11:25,Hong Kong International Airport,HKG,22/07/2024 15:15,170,Cathay Pacific,Economy,400,85,N/A,202,Y,Y,Y,1,7,1,23
Tan Son Nhat International Airport,SGN,23/07/2024 1:20,Ninoy Aquino International Airport,MNL,23/07/2024 5:05,165,Cebu Pacific,Economy,165,N/A,N/A,113,Y,N,N,1,7,0,0
Tan Son Nhat International Airport,SGN,23/07/2024 17:30,Singapore Changi Airport,SIN,23/07/2024 20:25,115,Scoot,Economy,670,335,N/A,114,Y,N,N,1,7,0,0
Tan Son Nhat International Airport,SGN,23/07/2024 9:30,Ninoy Aquino International Airport,MNL,23/07/2024 13:40,190,Philippine Airlines,Economy,190,N/A,N/A,194,Y,Y,Y,1,7,1,30
Tan Son Nhat International Airport,SGN,23/07/2024 16:20,Kuala Lumpur International Airport,KUL,23/07/2024 19:25,125,AirAsia,Economy,505,140,N/A,124,Y,N,N,1,7,0,0
Tan Son Nhat International Airport,SGN,23/07/2024 22:05,Kuala Lumpur International Airport,KUL,24/07/2024 1:00,115,AirAsia,Economy,790,435,TRUE,124,Y,N,N,1,7,0,0
Tan Son Nhat International Airport,SGN,23/07/2024 9:05,Singapore Changi Airport,SIN,23/07/2024 11:55,110,Scoot,Economy,510,165,N/A,151,Y,N,N,1,7,0,0
Tan Son Nhat International Airport,SGN,23/07/2024 13:25,Kuala Lumpur International Airport,KUL,23/07/2024 16:25,120,AirAsia,Economy,465,95,N/A,166,Y,N,N,1,7,0,0
Tan Son Nhat International Airport,SGN,23/07/2024 11:25,Hong Kong International Airport,HKG,23/07/2024 15:15,170,Cathay Pacific,Economy,400,85,N/A,202,Y,Y,Y,1,7,1,23
Tan Son Nhat International Airport,SGN,24/07/2024 1:20,Ninoy Aquino International Airport,MNL,24/07/2024 5:05,165,Cebu Pacific,Economy,165,N/A,N/A,113,Y,N,N,1,7,0,0
Tan Son Nhat International Airport,SGN,24/07/2024 0:50,Ninoy Aquino International Airport,MNL,24/07/2024 4:20,150,Vietnam Airlines,Economy,150,N/A,N/A,143,Y,Y,Y,1,10,1,23
Tan Son Nhat International Airport,SGN,24/07/2024 9:30,Ninoy Aquino International Airport,MNL,24/07/2024 13:40,190,Philippine Airlines,Economy,190,N/A,N/A,194,Y,Y,Y,1,7,1,30
Tan Son Nhat International Airport,SGN,24/07/2024 9:05,Singapore Changi Airport,SIN,24/07/2024 11:55,110,Scoot,Economy,510,165,N/A,114,Y,N,N,1,7,0,0
Tan Son Nhat International Airport,SGN,24/07/2024 17:30,Singapore Changi Airport,SIN,24/07/2024 20:25,115,Scoot,Economy,670,335,N/A,114,Y,N,N,1,7,0,0
Tan Son Nhat International Airport,SGN,24/07/2024 13:25,Kuala Lumpur International Airport,KUL,24/07/2024 16:25,120,AirAsia,Economy,465,95,N/A,124,Y,N,N,1,7,0,0
Tan Son Nhat International Airport,SGN,24/07/2024 16:20,Kuala Lumpur International Airport,KUL,24/07/2024 19:25,125,AirAsia,Economy,515,150,N/A,124,Y,N,N,1,7,0,0
Tan Son Nhat International Airport,SGN,24/07/2024 22:05,Ninoy Aquino International Airport,MNL,25/07/2024 1:45,160,Cebu Pacific,Economy,160,N/A,N/A,173,Y,N,N,1,7,0,0
Tan Son Nhat International Airport,SGN,24/07/2024 15:30,Ninoy Aquino International Airport,MNL,24/07/2024 19:40,190,Philippine Airlines,Economy,190,N/A,N/A,194,Y,Y,Y,1,7,1,30
Tan Son Nhat International Airport,SGN,25/07/2024 1:20,Ninoy Aquino International Airport,MNL,25/07/2024 5:05,165,Cebu Pacific,Economy,165,N/A,N/A,122,Y,N,N,1,7,0,0
Tan Son Nhat International Airport,SGN,25/07/2024 9:05,Singapore Changi Airport,SIN,25/07/2024 11:55,110,Scoot,Economy,510,165,N/A,131,Y,N,N,1,7,0,0
Tan Son Nhat International Airport,SGN,25/07/2024 9:30,Ninoy Aquino International Airport,MNL,25/07/2024 13:40,190,Philippine Airlines,Economy,190,N/A,N/A,204,Y,Y,Y,1,7,1,30
Tan Son Nhat International Airport,SGN,25/07/2024 13:25,Kuala Lumpur International Airport,KUL,25/07/2024 16:25,120,AirAsia,Economy,465,95,N/A,124,Y,N,N,1,7,0,0
Tan Son Nhat International Airport,SGN,25/07/2024 16:20,Kuala Lumpur International Airport,KUL,25/07/2024 19:25,125,AirAsia,Economy,510,145,N/A,124,Y,N,N,1,7,0,0
Tan Son Nhat International Airport,SGN,25/07/2024 17:30,Singapore Changi Airport,SIN,25/07/2024 20:25,115,Scoot,Economy,670,335,N/A,148,Y,N,N,1,7,0,0
Tan Son Nhat International Airport,SGN,25/07/2024 11:25,Hong Kong International Airport,HKG,25/07/2024 15:15,170,Cathay Pacific,Economy,400,85,N/A,202,Y,Y,Y,1,7,1,23
Tan Son Nhat International Airport,SGN,25/07/2024 15:45,Guangzhou Baiyun International Airport,CAN,25/07/2024 19:40,175,China Southern,Economy,390,85,N/A,243,Y,Y,Y,1,8,1,23
Tan Son Nhat International Airport,SGN,26/07/2024 1:20,Ninoy Aquino International Airport,MNL,26/07/2024 5:05,165,Cebu Pacific,Economy,165,N/A,N/A,113,Y,N,N,1,7,0,0
Tan Son Nhat International Airport,SGN,26/07/2024 0:50,Ninoy Aquino International Airport,MNL,26/07/2024 4:20,150,Vietnam Airlines,Economy,150,N/A,N/A,143,Y,Y,Y,1,10,1,23
Tan Son Nhat International Airport,SGN,26/07/2024 15:30,Ninoy Aquino International Airport,MNL,26/07/2024 19:40,190,Philippine Airlines,Economy,190,N/A,N/A,204,Y,Y,Y,1,7,1,30
Tan Son Nhat International Airport,SGN,26/07/2024 8:35,Kuala Lumpur International Airport,KUL,26/07/2024 11:35,120,AirAsia,Economy,755,385,N/A,124,Y,N,N,1,7,0,0
Tan Son Nhat International Airport,SGN,26/07/2024 22:05,Ninoy Aquino International Airport,MNL,27/07/2024 1:45,160,Cebu Pacific,Economy,160,N/A,N/A,192,Y,N,N,1,7,0,0
Tan Son Nhat International Airport,SGN,26/07/2024 9:05,Singapore Changi Airport,SIN,26/07/2024 11:55,110,Scoot,Economy,510,165,N/A,194,Y,N,N,1,7,0,0
Tan Son Nhat International Airport,SGN,26/07/2024 11:25,Hong Kong International Airport,HKG,26/07/2024 15:15,170,Cathay Pacific,Economy,400,85,N/A,202,Y,Y,Y,1,7,1,23
Tan Son Nhat International Airport,SGN,26/07/2024 15:45,Guangzhou Baiyun International Airport,CAN,26/07/2024 19:40,175,China Southern,Economy,390,85,N/A,243,Y,Y,Y,1,8,1,23
Tan Son Nhat International Airport,SGN,27/07/2024 13:25,Kuala Lumpur International Airport,KUL,27/07/2024 16:25,120,AirAsia,Economy,465,95,N/A,124,Y,N,N,1,7,0,0
Tan Son Nhat International Airport,SGN,27/07/2024 1:20,Ninoy Aquino International Airport,MNL,27/07/2024 5:05,165,Cebu Pacific,Economy,165,N/A,N/A,133,Y,N,N,1,7,0,0
Tan Son Nhat International Airport,SGN,27/07/2024 9:30,Ninoy Aquino International Airport,MNL,27/07/2024 13:40,190,Philippine Airlines,Economy,190,N/A,N/A,204,Y,Y,Y,1,7,1,30
Tan Son Nhat International Airport,SGN,27/07/2024 16:20,Kuala Lumpur International Airport,KUL,27/07/2024 19:25,125,AirAsia,Economy,520,145,N/A,124,Y,N,N,1,7,0,0
Tan Son Nhat International Airport,SGN,27/07/2024 21:10,Kuala Lumpur International Airport,KUL,28/07/2024 0:05,115,AirAsia,Economy,845,490,TRUE,124,Y,N,N,1,7,0,0
Tan Son Nhat International Airport,SGN,27/07/2024 15:15,Singapore Changi Airport,SIN,27/07/2024 18:20,125,Scoot,Economy,805,460,N/A,131,Y,N,N,1,7,0,0
Tan Son Nhat International Airport,SGN,27/07/2024 17:30,Singapore Changi Airport,SIN,27/07/2024 20:25,115,Scoot,Economy,670,335,N/A,151,Y,N,N,1,7,0,0
Tan Son Nhat International Airport,SGN,27/07/2024 11:25,Hong Kong International Airport,HKG,27/07/2024 15:15,170,Cathay Pacific,Economy,400,85,N/A,202,Y,Y,Y,1,7,1,23
Tan Son Nhat International Airport,SGN,27/07/2024 2:35,Guangzhou Baiyun International Airport,CAN,27/07/2024 6:40,185,China Southern,Economy,420,90,N/A,243,Y,Y,Y,1,8,1,23
Tan Son Nhat International Airport,SGN,28/07/2024 0:50,Ninoy Aquino International Airport,MNL,28/07/2024 4:20,150,Vietnam Airlines,Economy,150,N/A,N/A,143,Y,Y,Y,1,10,1,23
Tan Son Nhat International Airport,SGN,28/07/2024 1:20,Ninoy Aquino International Airport,MNL,28/07/2024 5:05,165,Cebu Pacific,Economy,165,N/A,N/A,192,Y,N,N,1,7,0,0
Tan Son Nhat International Airport,SGN,28/07/2024 15:30,Ninoy Aquino International Airport,MNL,28/07/2024 19:40,190,Philippine Airlines,Economy,190,N/A,N/A,194,Y,Y,Y,1,7,1,30
Tan Son Nhat International Airport,SGN,28/07/2024 13:25,Kuala Lumpur International Airport,KUL,28/07/2024 16:25,120,AirAsia,Economy,465,95,N/A,124,Y,N,N,1,7,0,0
Tan Son Nhat International Airport,SGN,28/07/2024 16:20,Kuala Lumpur International Airport,KUL,28/07/2024 19:25,125,AirAsia,Economy,515,150,N/A,124,Y,N,N,1,7,0,0
Tan Son Nhat International Airport,SGN,28/07/2024 21:10,Kuala Lumpur International Airport,KUL,29/07/2024 0:05,115,AirAsia,Economy,845,490,TRUE,124,Y,N,N,1,7,0,0
Tan Son Nhat International Airport,SGN,28/07/2024 8:55,Singapore Changi Airport,SIN,28/07/2024 11:55,120,Scoot,Economy,520,165,N/A,151,Y,N,N,1,7,0,0
Tan Son Nhat International Airport,SGN,28/07/2024 11:25,Hong Kong International Airport,HKG,28/07/2024 15:15,170,Cathay Pacific,Economy,400,85,N/A,202,Y,Y,Y,1,7,1,23
Tan Son Nhat International Airport,SGN,28/07/2024 15:45,Guangzhou Baiyun International Airport,CAN,28/07/2024 19:40,175,China Southern,Economy,390,85,N/A,243,Y,Y,Y,1,8,1,23
Tan Son Nhat International Airport,SGN,29/07/2024 1:20,Ninoy Aquino International Airport,MNL,29/07/2024 5:05,165,Cebu Pacific,Economy,165,N/A,N/A,113,Y,N,N,1,7,0,0
Tan Son Nhat International Airport,SGN,29/07/2024 22:05,Ninoy Aquino International Airport,MNL,30/07/2024 1:45,160,Cebu Pacific,Economy,160,N/A,N/A,133,Y,N,N,1,7,0,0
Tan Son Nhat International Airport,SGN,29/07/2024 0:50,Ninoy Aquino International Airport,MNL,29/07/2024 4:20,150,Vietnam Airlines,Economy,150,N/A,N/A,143,Y,Y,Y,1,10,1,23
Tan Son Nhat International Airport,SGN,29/07/2024 9:30,Ninoy Aquino International Airport,MNL,29/07/2024 13:40,190,Philippine Airlines,Economy,190,N/A,N/A,194,Y,Y,Y,1,7,1,30
Tan Son Nhat International Airport,SGN,29/07/2024 13:25,Kuala Lumpur International Airport,KUL,29/07/2024 16:25,120,AirAsia,Economy,465,95,N/A,124,Y,N,N,1,7,0,0
Tan Son Nhat International Airport,SGN,29/07/2024 16:20,Kuala Lumpur International Airport,KUL,29/07/2024 19:25,125,AirAsia,Economy,515,150,N/A,124,Y,N,N,1,7,0,0
Tan Son Nhat International Airport,SGN,29/07/2024 22:05,Kuala Lumpur International Airport,KUL,30/07/2024 1:00,115,AirAsia,Economy,790,435,TRUE,124,Y,N,N,1,7,0,0
Tan Son Nhat International Airport,SGN,29/07/2024 11:25,Hong Kong International Airport,HKG,29/07/2024 15:15,170,Cathay Pacific,Economy,400,85,N/A,202,Y,Y,Y,1,7,1,23
Tan Son Nhat International Airport,SGN,30/07/2024 1:20,Ninoy Aquino International Airport,MNL,30/07/2024 5:05,165,Cebu Pacific,Economy,165,N/A,N/A,99,Y,N,N,1,7,0,0
Tan Son Nhat International Airport,SGN,30/07/2024 13:25,Kuala Lumpur International Airport,KUL,30/07/2024 16:25,120,AirAsia,Economy,465,95,N/A,124,Y,N,N,1,7,0,0
Tan Son Nhat International Airport,SGN,30/07/2024 9:30,Ninoy Aquino International Airport,MNL,30/07/2024 13:40,190,Philippine Airlines,Economy,190,N/A,N/A,194,Y,Y,Y,1,7,1,30
Tan Son Nhat International Airport,SGN,30/07/2024 17:30,Singapore Changi Airport,SIN,30/07/2024 20:25,115,Scoot,Economy,1445,1095,TRUE,114,Y,N,N,1,7,0,0
Tan Son Nhat International Airport,SGN,30/07/2024 16:20,Kuala Lumpur International Airport,KUL,30/07/2024 19:25,125,AirAsia,Economy,505,140,N/A,124,Y,N,N,1,7,0,0
Tan Son Nhat International Airport,SGN,30/07/2024 22:05,Kuala Lumpur International Airport,KUL,31/07/2024 1:00,115,AirAsia,Economy,790,435,TRUE,124,Y,N,N,1,7,0,0
Tan Son Nhat International Airport,SGN,30/07/2024 17:30,Singapore Changi Airport,SIN,30/07/2024 20:25,115,Scoot,Economy,670,335,N/A,136,Y,N,N,1,7,0,0
Tan Son Nhat International Airport,SGN,30/07/2024 11:25,Hong Kong International Airport,HKG,30/07/2024 15:15,170,Cathay Pacific,Economy,400,85,N/A,202,Y,Y,Y,1,7,1,23
Tan Son Nhat International Airport,SGN,30/07/2024 2:35,Guangzhou Baiyun International Airport,CAN,30/07/2024 6:40,185,China Southern,Economy,420,90,N/A,243,Y,Y,Y,1,8,1,23
Tan Son Nhat International Airport,SGN,31/07/2024 22:05,Ninoy Aquino International Airport,MNL,01/08/2024 1:45,160,Cebu Pacific,Economy,160,N/A,N/A,122,Y,N,N,1,7,0,0
Tan Son Nhat International Airport,SGN,31/07/2024 0:50,Ninoy Aquino International Airport,MNL,31/07/2024 4:20,150,Vietnam Airlines,Economy,150,N/A,N/A,143,Y,Y,Y,1,10,1,23
Tan Son Nhat International Airport,SGN,31/07/2024 9:30,Ninoy Aquino International Airport,MNL,31/07/2024 13:40,190,Philippine Airlines,Economy,190,N/A,N/A,194,Y,Y,Y,1,7,1,30
Tan Son Nhat International Airport,SGN,31/07/2024 9:05,Singapore Changi Airport,SIN,31/07/2024 11:55,110,Scoot,Economy,510,165,N/A,114,Y,N,N,1,7,0,0
Tan Son Nhat International Airport,SGN,31/07/2024 13:25,Kuala Lumpur International Airport,KUL,31/07/2024 16:25,120,AirAsia,Economy,465,95,N/A,124,Y,N,N,1,7,0,0
Tan Son Nhat International Airport,SGN,31/07/2024 16:20,Kuala Lumpur International Airport,KUL,31/07/2024 19:25,125,AirAsia,Economy,515,150,N/A,124,Y,N,N,1,7,0,0
Tan Son Nhat International Airport,SGN,31/07/2024 1:20,Ninoy Aquino International Airport,MNL,31/07/2024 5:05,165,Cebu Pacific,Economy,165,N/A,N/A,173,Y,N,N,1,7,0,0
Tan Son Nhat International Airport,SGN,31/07/2024 15:30,Ninoy Aquino International Airport,MNL,31/07/2024 19:40,190,Philippine Airlines,Economy,190,N/A,N/A,194,Y,Y,Y,1,7,1,30
Tan Son Nhat International Airport,SGN,31/07/2024 11:25,Hong Kong International Airport,HKG,31/07/2024 15:15,170,Cathay Pacific,Economy,400,85,N/A,202,Y,Y,Y,1,7,1,23
Tan Son Nhat International Airport,SGN,01/08/2024 9:05,Singapore Changi Airport,SIN,01/08/2024 11:55,110,Scoot,Economy,510,165,N/A,175,Y,N,N,1,7,0,0
Tan Son Nhat International Airport,SGN,01/08/2024 1:20,Ninoy Aquino International Airport,MNL,01/08/2024 5:05,165,Cebu Pacific,Economy,165,N/A,N/A,192,Y,N,N,1,7,0,0
Tan Son Nhat International Airport,SGN,01/08/2024 11:25,Hong Kong International Airport,HKG,01/08/2024 15:15,170,Cathay Pacific,Economy,400,85,N/A,206,Y,Y,Y,1,7,1,23
Tan Son Nhat International Airport,SGN,01/08/2024 9:30,Ninoy Aquino International Airport,MNL,01/08/2024 13:40,190,Philippine Airlines,Economy,190,N/A,N/A,229,Y,Y,Y,1,7,1,30
Tan Son Nhat International Airport,SGN,01/08/2024 22:05,Kuala Lumpur International Airport,KUL,02/08/2024 1:00,115,AirAsia,Economy,790,435,TRUE,125,Y,N,N,1,7,0,0
Tan Son Nhat International Airport,SGN,01/08/2024 15:15,Singapore Changi Airport,SIN,01/08/2024 18:20,125,Scoot,Economy,805,460,N/A,132,Y,N,N,1,7,0,0
Tan Son Nhat International Airport,SGN,01/08/2024 17:30,Singapore Changi Airport,SIN,01/08/2024 20:25,115,Scoot,Economy,670,335,N/A,149,Y,N,N,1,7,0,0
Tan Son Nhat International Airport,SGN,01/08/2024 16:20,Kuala Lumpur International Airport,KUL,01/08/2024 19:25,125,AirAsia,Economy,510,145,N/A,151,Y,N,N,1,7,0,0
Tan Son Nhat International Airport,SGN,01/08/2024 13:25,Kuala Lumpur International Airport,KUL,01/08/2024 16:25,120,AirAsia,Economy,465,95,N/A,159,Y,N,N,1,7,0,0
Tan Son Nhat International Airport,SGN,02/08/2024 1:20,Ninoy Aquino International Airport,MNL,02/08/2024 5:05,165,Cebu Pacific,Economy,165,N/A,N/A,142,Y,N,N,1,7,0,0
Tan Son Nhat International Airport,SGN,02/08/2024 0:50,Ninoy Aquino International Airport,MNL,02/08/2024 4:20,150,Vietnam Airlines,Economy,150,N/A,N/A,183,Y,Y,Y,1,10,1,23
Tan Son Nhat International Airport,SGN,02/08/2024 15:30,Ninoy Aquino International Airport,MNL,02/08/2024 19:40,190,Philippine Airlines,Economy,190,N/A,N/A,229,Y,Y,Y,1,7,1,30
Tan Son Nhat International Airport,SGN,02/08/2024 13:25,Kuala Lumpur International Airport,KUL,02/08/2024 16:25,120,AirAsia,Economy,465,95,N/A,125,Y,N,N,1,7,0,0
Tan Son Nhat International Airport,SGN,02/08/2024 16:20,Kuala Lumpur International Airport,KUL,02/08/2024 19:25,125,AirAsia,Economy,515,150,N/A,125,Y,N,N,1,7,0,0
Tan Son Nhat International Airport,SGN,02/08/2024 21:10,Kuala Lumpur International Airport,KUL,03/08/2024 0:05,115,AirAsia,Economy,845,490,TRUE,125,Y,N,N,1,7,0,0
Tan Son Nhat International Airport,SGN,02/08/2024 22:05,Ninoy Aquino International Airport,MNL,03/08/2024 1:45,160,Cebu Pacific,Economy,160,N/A,N/A,192,Y,N,N,1,7,0,0
Tan Son Nhat International Airport,SGN,02/08/2024 11:25,Hong Kong International Airport,HKG,02/08/2024 15:15,170,Cathay Pacific,Economy,400,85,N/A,206,Y,Y,Y,1,7,1,23
Tan Son Nhat International Airport,SGN,02/08/2024 15:45,Guangzhou Baiyun International Airport,CAN,02/08/2024 19:40,175,China Southern,Economy,390,85,N/A,245,Y,Y,Y,1,8,1,23
Tan Son Nhat International Airport,SGN,03/08/2024 16:20,Kuala Lumpur International Airport,KUL,03/08/2024 19:25,125,AirAsia,Economy,520,145,N/A,125,Y,N,N,1,7,0,0
Tan Son Nhat International Airport,SGN,03/08/2024 1:20,Ninoy Aquino International Airport,MNL,03/08/2024 5:05,165,Cebu Pacific,Economy,165,N/A,N/A,192,Y,N,N,1,7,0,0
Tan Son Nhat International Airport,SGN,03/08/2024 9:30,Ninoy Aquino International Airport,MNL,03/08/2024 13:40,190,Philippine Airlines,Economy,190,N/A,N/A,229,Y,Y,Y,1,7,1,30
Tan Son Nhat International Airport,SGN,03/08/2024 22:00,Kuala Lumpur International Airport,KUL,04/08/2024 0:55,115,AirAsia,Economy,795,440,TRUE,125,Y,N,N,1,7,0,0
Tan Son Nhat International Airport,SGN,03/08/2024 13:25,Kuala Lumpur International Airport,KUL,03/08/2024 16:25,120,AirAsia,Economy,465,95,N/A,151,Y,N,N,1,7,0,0
Tan Son Nhat International Airport,SGN,03/08/2024 17:30,Singapore Changi Airport,SIN,03/08/2024 20:25,115,Scoot,Economy,670,335,N/A,152,Y,N,N,1,7,0,0
Tan Son Nhat International Airport,SGN,03/08/2024 9:05,Singapore Changi Airport,SIN,03/08/2024 11:55,110,Scoot,Economy,510,165,N/A,205,Y,N,N,1,7,0,0
Tan Son Nhat International Airport,SGN,03/08/2024 11:25,Hong Kong International Airport,HKG,03/08/2024 15:15,170,Cathay Pacific,Economy,400,85,N/A,206,Y,Y,Y,1,7,1,23
Tan Son Nhat International Airport,SGN,03/08/2024 2:35,Guangzhou Baiyun International Airport,CAN,03/08/2024 6:40,185,China Southern,Economy,420,90,N/A,245,Y,Y,Y,1,8,1,23
Tan Son Nhat International Airport,SGN,04/08/2024 0:50,Ninoy Aquino International Airport,MNL,04/08/2024 4:20,150,Vietnam Airlines,Economy,150,N/A,N/A,143,Y,Y,Y,1,10,1,23
Tan Son Nhat International Airport,SGN,04/08/2024 1:20,Ninoy Aquino International Airport,MNL,04/08/2024 5:05,165,Cebu Pacific,Economy,165,N/A,N/A,172,Y,N,N,1,7,0,0
Tan Son Nhat International Airport,SGN,04/08/2024 15:30,Ninoy Aquino International Airport,MNL,04/08/2024 19:40,190,Philippine Airlines,Economy,190,N/A,N/A,260,Y,Y,Y,1,7,1,30
Tan Son Nhat International Airport,SGN,04/08/2024 8:55,Singapore Changi Airport,SIN,04/08/2024 11:55,120,Scoot,Economy,1185,845,N/A,152,Y,N,N,1,7,0,0
Tan Son Nhat International Airport,SGN,04/08/2024 8:55,Singapore Changi Airport,SIN,04/08/2024 11:55,120,Scoot,Economy,520,165,N/A,205,Y,N,N,1,7,0,0
Tan Son Nhat International Airport,SGN,04/08/2024 11:25,Hong Kong International Airport,HKG,04/08/2024 15:15,170,Cathay Pacific,Economy,400,85,N/A,206,Y,Y,Y,1,7,1,23
Tan Son Nhat International Airport,SGN,04/08/2024 11:00,Kuala Lumpur International Airport,KUL,04/08/2024 13:55,115,Malaysia Airlines,Economy,565,210,N/A,230,Y,Y,Y,1,7,1,23
Tan Son Nhat International Airport,SGN,04/08/2024 2:35,Guangzhou Baiyun International Airport,CAN,04/08/2024 6:40,185,China Southern,Economy,420,90,N/A,245,Y,Y,Y,1,8,1,23
Tan Son Nhat International Airport,SGN,04/08/2024 15:45,Guangzhou Baiyun International Airport,CAN,04/08/2024 19:40,175,China Southern,Economy,390,85,N/A,245,Y,Y,Y,1,8,1,23
Tan Son Nhat International Airport,SGN,05/08/2024 1:20,Ninoy Aquino International Airport,MNL,05/08/2024 5:05,165,Cebu Pacific,Economy,165,N/A,N/A,122,Y,N,N,1,7,0,0
Tan Son Nhat International Airport,SGN,05/08/2024 0:50,Ninoy Aquino International Airport,MNL,05/08/2024 4:20,150,Vietnam Airlines,Economy,150,N/A,N/A,158,Y,Y,Y,1,10,1,23
Tan Son Nhat International Airport,SGN,05/08/2024 9:30,Ninoy Aquino International Airport,MNL,05/08/2024 13:40,190,Philippine Airlines,Economy,190,N/A,N/A,219,Y,Y,Y,1,7,1,30
Tan Son Nhat International Airport,SGN,05/08/2024 22:05,Kuala Lumpur International Airport,KUL,06/08/2024 1:00,115,AirAsia,Economy,790,435,TRUE,125,Y,N,N,1,7,0,0
Tan Son Nhat International Airport,SGN,05/08/2024 17:30,Singapore Changi Airport,SIN,05/08/2024 20:25,115,Scoot,Economy,670,335,N/A,152,Y,N,N,1,7,0,0
Tan Son Nhat International Airport,SGN,05/08/2024 13:25,Kuala Lumpur International Airport,KUL,05/08/2024 16:25,120,AirAsia,Economy,465,95,N/A,166,Y,N,N,1,7,0,0
Tan Son Nhat International Airport,SGN,05/08/2024 9:05,Singapore Changi Airport,SIN,05/08/2024 11:55,110,Scoot,Economy,510,165,N/A,175,Y,N,N,1,7,0,0
Tan Son Nhat International Airport,SGN,05/08/2024 11:25,Hong Kong International Airport,HKG,05/08/2024 15:15,170,Cathay Pacific,Economy,400,85,N/A,206,Y,Y,Y,1,7,1,23
Tan Son Nhat International Airport,SGN,05/08/2024 22:05,Ninoy Aquino International Airport,MNL,06/08/2024 1:45,160,Cebu Pacific,Economy,160,N/A,N/A,322,Y,N,N,1,7,0,0
Tan Son Nhat International Airport,SGN,06/08/2024 13:25,Kuala Lumpur International Airport,KUL,06/08/2024 16:25,120,AirAsia,Economy,465,95,N/A,151,Y,N,N,1,7,0,0
Tan Son Nhat International Airport,SGN,06/08/2024 17:30,Singapore Changi Airport,SIN,06/08/2024 20:25,115,Scoot,Economy,670,335,N/A,159,Y,N,N,1,7,0,0
Tan Son Nhat International Airport,SGN,06/08/2024 1:20,Ninoy Aquino International Airport,MNL,06/08/2024 5:05,165,Cebu Pacific,Economy,165,N/A,N/A,172,Y,N,N,1,7,0,0
Tan Son Nhat International Airport,SGN,06/08/2024 9:30,Ninoy Aquino International Airport,MNL,06/08/2024 13:40,190,Philippine Airlines,Economy,190,N/A,N/A,194,Y,Y,Y,1,7,1,30
Tan Son Nhat International Airport,SGN,06/08/2024 16:20,Kuala Lumpur International Airport,KUL,06/08/2024 19:25,125,AirAsia,Economy,505,140,N/A,151,Y,N,N,1,7,0,0
Tan Son Nhat International Airport,SGN,06/08/2024 11:25,Hong Kong International Airport,HKG,06/08/2024 15:15,170,Cathay Pacific,Economy,400,85,N/A,241,Y,Y,Y,1,7,1,23
Tan Son Nhat International Airport,SGN,06/08/2024 2:35,Guangzhou Baiyun International Airport,CAN,06/08/2024 6:40,185,China Southern,Economy,420,90,N/A,245,Y,Y,Y,1,8,1,23
Tan Son Nhat International Airport,SGN,06/08/2024 15:45,Guangzhou Baiyun International Airport,CAN,06/08/2024 19:40,175,China Southern,Economy,390,85,N/A,245,Y,Y,Y,1,8,1,23
Tan Son Nhat International Airport,SGN,07/08/2024 1:20,Ninoy Aquino International Airport,MNL,07/08/2024 5:05,165,Cebu Pacific,Economy,165,N/A,N/A,98,Y,N,N,1,7,0,0
Tan Son Nhat International Airport,SGN,07/08/2024 22:05,Ninoy Aquino International Airport,MNL,08/08/2024 1:45,160,Cebu Pacific,Economy,160,N/A,N/A,122,Y,N,N,1,7,0,0
Tan Son Nhat International Airport,SGN,07/08/2024 0:50,Ninoy Aquino International Airport,MNL,07/08/2024 4:20,150,Vietnam Airlines,Economy,150,N/A,N/A,143,Y,Y,Y,1,10,1,23
Tan Son Nhat International Airport,SGN,07/08/2024 9:30,Ninoy Aquino International Airport,MNL,07/08/2024 13:40,190,Philippine Airlines,Economy,190,N/A,N/A,219,Y,Y,Y,1,7,1,30
Tan Son Nhat International Airport,SGN,07/08/2024 13:25,Kuala Lumpur International Airport,KUL,07/08/2024 16:25,120,AirAsia,Economy,465,95,N/A,125,Y,N,N,1,7,0,0
Tan Son Nhat International Airport,SGN,07/08/2024 16:20,Kuala Lumpur International Airport,KUL,07/08/2024 19:25,125,AirAsia,Economy,515,150,N/A,125,Y,N,N,1,7,0,0
Tan Son Nhat International Airport,SGN,07/08/2024 9:05,Singapore Changi Airport,SIN,07/08/2024 11:55,110,Scoot,Economy,510,165,N/A,205,Y,N,N,1,7,0,0
Tan Son Nhat International Airport,SGN,07/08/2024 11:25,Hong Kong International Airport,HKG,07/08/2024 15:15,170,Cathay Pacific,Economy,400,85,N/A,241,Y,Y,Y,1,7,1,23
Tan Son Nhat International Airport,SGN,07/08/2024 15:45,Guangzhou Baiyun International Airport,CAN,07/08/2024 19:40,175,China Southern,Economy,390,85,N/A,245,Y,Y,Y,1,8,1,23
Tan Son Nhat International Airport,SGN,08/08/2024 16:20,Kuala Lumpur International Airport,KUL,08/08/2024 19:25,125,AirAsia,Economy,510,145,N/A,125,Y,N,N,1,7,0,0
Tan Son Nhat International Airport,SGN,08/08/2024 1:20,Ninoy Aquino International Airport,MNL,08/08/2024 5:05,165,Cebu Pacific,Economy,165,N/A,N/A,142,Y,N,N,1,7,0,0
Tan Son Nhat International Airport,SGN,08/08/2024 9:30,Ninoy Aquino International Airport,MNL,08/08/2024 13:40,190,Philippine Airlines,Economy,190,N/A,N/A,204,Y,Y,Y,1,7,1,30
Tan Son Nhat International Airport,SGN,08/08/2024 22:05,Kuala Lumpur International Airport,KUL,09/08/2024 1:00,115,AirAsia,Economy,790,435,TRUE,139,Y,N,N,1,7,0,0
Tan Son Nhat International Airport,SGN,08/08/2024 13:25,Kuala Lumpur International Airport,KUL,08/08/2024 16:25,120,AirAsia,Economy,465,95,N/A,152,Y,N,N,1,7,0,0
Tan Son Nhat International Airport,SGN,08/08/2024 11:25,Hong Kong International Airport,HKG,08/08/2024 15:15,170,Cathay Pacific,Economy,400,85,N/A,241,Y,Y,Y,1,7,1,23
Tan Son Nhat International Airport,SGN,08/08/2024 2:35,Guangzhou Baiyun International Airport,CAN,08/08/2024 6:40,185,China Southern,Economy,420,90,N/A,245,Y,Y,Y,1,8,1,23
Tan Son Nhat International Airport,SGN,08/08/2024 15:45,Guangzhou Baiyun International Airport,CAN,08/08/2024 19:40,175,China Southern,Economy,390,85,N/A,245,Y,Y,Y,1,8,1,23
Tan Son Nhat International Airport,SGN,09/08/2024 1:20,Ninoy Aquino International Airport,MNL,09/08/2024 5:05,165,Cebu Pacific,Economy,165,N/A,N/A,112,Y,N,N,1,7,0,0
Tan Son Nhat International Airport,SGN,09/08/2024 0:50,Ninoy Aquino International Airport,MNL,09/08/2024 4:20,150,Vietnam Airlines,Economy,150,N/A,N/A,143,Y,Y,Y,1,10,1,23
Tan Son Nhat International Airport,SGN,09/08/2024 22:05,Ninoy Aquino International Airport,MNL,10/08/2024 1:45,160,Cebu Pacific,Economy,160,N/A,N/A,172,Y,N,N,1,7,0,0
Tan Son Nhat International Airport,SGN,09/08/2024 15:30,Ninoy Aquino International Airport,MNL,09/08/2024 19:40,190,Philippine Airlines,Economy,190,N/A,N/A,229,Y,Y,Y,1,7,1,30
Tan Son Nhat International Airport,SGN,09/08/2024 21:10,Kuala Lumpur International Airport,KUL,10/08/2024 0:05,115,AirAsia,Economy,845,490,TRUE,125,Y,N,N,1,7,0,0
Tan Son Nhat International Airport,SGN,09/08/2024 13:25,Kuala Lumpur International Airport,KUL,09/08/2024 16:25,120,AirAsia,Economy,465,95,N/A,152,Y,N,N,1,7,0,0
Tan Son Nhat International Airport,SGN,09/08/2024 16:20,Kuala Lumpur International Airport,KUL,09/08/2024 19:25,125,AirAsia,Economy,515,150,N/A,159,Y,N,N,1,7,0,0
Tan Son Nhat International Airport,SGN,09/08/2024 17:30,Singapore Changi Airport,SIN,09/08/2024 20:25,115,Scoot,Economy,670,335,N/A,171,Y,N,N,1,7,0,0
Tan Son Nhat International Airport,SGN,09/08/2024 11:25,Hong Kong International Airport,HKG,09/08/2024 15:15,170,Cathay Pacific,Economy,400,85,N/A,206,Y,Y,Y,1,7,1,23
Tan Son Nhat International Airport,SGN,10/08/2024 1:20,Ninoy Aquino International Airport,MNL,10/08/2024 5:05,165,Cebu Pacific,Economy,165,N/A,N/A,142,Y,N,N,1,7,0,0
Tan Son Nhat International Airport,SGN,10/08/2024 9:30,Ninoy Aquino International Airport,MNL,10/08/2024 13:40,190,Philippine Airlines,Economy,190,N/A,N/A,204,Y,Y,Y,1,7,1,30
Tan Son Nhat International Airport,SGN,10/08/2024 11:25,Hong Kong International Airport,HKG,10/08/2024 15:15,170,Cathay Pacific,Economy,400,85,N/A,206,Y,Y,Y,1,7,1,23
Tan Son Nhat International Airport,SGN,10/08/2024 22:00,Kuala Lumpur International Airport,KUL,11/08/2024 0:55,115,AirAsia,Economy,795,440,TRUE,151,Y,N,N,1,7,0,0
Tan Son Nhat International Airport,SGN,10/08/2024 9:05,Singapore Changi Airport,SIN,10/08/2024 11:55,110,Scoot,Economy,1175,845,N/A,152,Y,N,N,1,7,0,0
Tan Son Nhat International Airport,SGN,10/08/2024 13:25,Kuala Lumpur International Airport,KUL,10/08/2024 16:25,120,AirAsia,Economy,465,95,N/A,159,Y,N,N,1,7,0,0
Tan Son Nhat International Airport,SGN,10/08/2024 13:25,Kuala Lumpur International Airport,KUL,10/08/2024 16:25,120,AirAsia,Economy,695,325,N/A,159,Y,N,N,1,7,0,0
Tan Son Nhat International Airport,SGN,10/08/2024 16:20,Kuala Lumpur International Airport,KUL,10/08/2024 19:25,125,AirAsia,Economy,520,145,N/A,171,Y,N,N,1,7,0,0
Tan Son Nhat International Airport,SGN,10/08/2024 2:35,Guangzhou Baiyun International Airport,CAN,10/08/2024 6:40,185,China Southern,Economy,420,90,N/A,245,Y,Y,Y,1,8,1,23
Tan Son Nhat International Airport,SGN,10/08/2024 15:45,Guangzhou Baiyun International Airport,CAN,10/08/2024 19:40,175,China Southern,Economy,390,85,N/A,245,Y,Y,Y,1,8,1,23
Tan Son Nhat International Airport,SGN,11/08/2024 1:20,Ninoy Aquino International Airport,MNL,11/08/2024 5:05,165,Cebu Pacific,Economy,165,N/A,N/A,98,Y,N,N,1,7,0,0
Tan Son Nhat International Airport,SGN,11/08/2024 0:50,Ninoy Aquino International Airport,MNL,11/08/2024 4:20,150,Vietnam Airlines,Economy,150,N/A,N/A,143,Y,Y,Y,1,10,1,23
Tan Son Nhat International Airport,SGN,11/08/2024 15:30,Ninoy Aquino International Airport,MNL,11/08/2024 19:40,190,Philippine Airlines,Economy,190,N/A,N/A,219,Y,Y,Y,1,7,1,30
Tan Son Nhat International Airport,SGN,11/08/2024 21:10,Kuala Lumpur International Airport,KUL,12/08/2024 0:05,115,AirAsia,Economy,845,490,TRUE,172,Y,N,N,1,7,0,0
Tan Son Nhat International Airport,SGN,11/08/2024 13:25,Kuala Lumpur International Airport,KUL,11/08/2024 16:25,120,AirAsia,Economy,465,95,N/A,186,Y,N,N,1,7,0,0
Tan Son Nhat International Airport,SGN,11/08/2024 11:00,Kuala Lumpur International Airport,KUL,11/08/2024 13:55,115,Malaysia Airlines,Economy,565,210,N/A,212,Y,Y,Y,1,7,1,23
Tan Son Nhat International Airport,SGN,11/08/2024 11:25,Hong Kong International Airport,HKG,11/08/2024 15:15,170,Cathay Pacific,Economy,400,85,N/A,241,Y,Y,Y,1,7,1,23
Tan Son Nhat International Airport,SGN,11/08/2024 8:00,Guangzhou Baiyun International Airport,CAN,11/08/2024 11:45,165,China Southern,Economy,455,125,N/A,245,Y,Y,Y,1,8,1,23
Tan Son Nhat International Airport,SGN,11/08/2024 15:45,Guangzhou Baiyun International Airport,CAN,11/08/2024 19:40,175,China Southern,Economy,390,85,N/A,245,Y,Y,Y,1,8,1,23
Tan Son Nhat International Airport,SGN,12/08/2024 1:20,Ninoy Aquino International Airport,MNL,12/08/2024 5:05,165,Cebu Pacific,Economy,165,N/A,N/A,122,Y,N,N,1,7,0,0
Tan Son Nhat International Airport,SGN,12/08/2024 22:05,Ninoy Aquino International Airport,MNL,13/08/2024 1:45,160,Cebu Pacific,Economy,160,N/A,N/A,122,Y,N,N,1,7,0,0
Tan Son Nhat International Airport,SGN,12/08/2024 0:50,Ninoy Aquino International Airport,MNL,12/08/2024 4:20,150,Vietnam Airlines,Economy,150,N/A,N/A,143,Y,Y,Y,1,10,1,23
Tan Son Nhat International Airport,SGN,12/08/2024 16:20,Kuala Lumpur International Airport,KUL,12/08/2024 19:25,125,AirAsia,Economy,515,150,N/A,125,Y,N,N,1,7,0,0
Tan Son Nhat International Airport,SGN,12/08/2024 13:25,Kuala Lumpur International Airport,KUL,12/08/2024 16:25,120,AirAsia,Economy,465,95,N/A,161,Y,N,N,1,7,0,0
Tan Son Nhat International Airport,SGN,12/08/2024 9:05,Singapore Changi Airport,SIN,12/08/2024 11:55,110,Scoot,Economy,510,165,N/A,175,Y,N,N,1,7,0,0
Tan Son Nhat International Airport,SGN,12/08/2024 11:25,Hong Kong International Airport,HKG,12/08/2024 15:15,170,Cathay Pacific,Economy,400,85,N/A,206,Y,Y,Y,1,7,1,23
Tan Son Nhat International Airport,SGN,12/08/2024 2:35,Guangzhou Baiyun International Airport,CAN,12/08/2024 6:40,185,China Southern,Economy,420,90,N/A,245,Y,Y,Y,1,8,1,23
Tan Son Nhat International Airport,SGN,12/08/2024 8:00,Guangzhou Baiyun International Airport,CAN,12/08/2024 11:50,170,China Southern,Economy,455,125,N/A,245,Y,Y,Y,1,8,1,23
Tan Son Nhat International Airport,SGN,12/08/2024 15:45,Guangzhou Baiyun International Airport,CAN,12/08/2024 20:05,200,China Southern,Economy,390,60,N/A,245,Y,Y,Y,1,8,1,23
Tan Son Nhat International Airport,SGN,13/08/2024 1:20,Ninoy Aquino International Airport,MNL,13/08/2024 5:05,165,Cebu Pacific,Economy,165,N/A,N/A,152,Y,N,N,1,7,0,0
Tan Son Nhat International Airport,SGN,13/08/2024 9:05,Singapore Changi Airport,SIN,13/08/2024 11:55,110,Scoot,Economy,510,165,N/A,174,Y,N,N,1,7,0,0
Tan Son Nhat International Airport,SGN,13/08/2024 11:25,Hong Kong International Airport,HKG,13/08/2024 15:15,170,Cathay Pacific,Economy,400,85,N/A,206,Y,Y,Y,1,7,1,23
Tan Son Nhat International Airport,SGN,13/08/2024 9:30,Ninoy Aquino International Airport,MNL,13/08/2024 13:40,190,Philippine Airlines,Economy,190,N/A,N/A,219,Y,Y,Y,1,7,1,30
Tan Son Nhat International Airport,SGN,13/08/2024 15:15,Singapore Changi Airport,SIN,13/08/2024 18:20,125,Scoot,Economy,805,460,N/A,132,Y,N,N,1,7,0,0
Tan Son Nhat International Airport,SGN,13/08/2024 22:05,Kuala Lumpur International Airport,KUL,14/08/2024 1:00,115,AirAsia,Economy,790,435,TRUE,151,Y,N,N,1,7,0,0
Tan Son Nhat International Airport,SGN,13/08/2024 17:30,Singapore Changi Airport,SIN,13/08/2024 20:25,115,Scoot,Economy,670,335,N/A,152,Y,N,N,1,7,0,0
Tan Son Nhat International Airport,SGN,13/08/2024 13:25,Kuala Lumpur International Airport,KUL,13/08/2024 16:25,120,AirAsia,Economy,465,95,N/A,171,Y,N,N,1,7,0,0
Tan Son Nhat International Airport,SGN,13/08/2024 2:35,Guangzhou Baiyun International Airport,CAN,13/08/2024 6:40,185,China Southern,Economy,420,90,N/A,245,Y,Y,Y,1,8,1,23
Tan Son Nhat International Airport,SGN,14/08/2024 1:20,Ninoy Aquino International Airport,MNL,14/08/2024 5:05,165,Cebu Pacific,Economy,165,N/A,N/A,98,Y,N,N,1,7,0,0
Tan Son Nhat International Airport,SGN,14/08/2024 22:05,Ninoy Aquino International Airport,MNL,15/08/2024 1:45,160,Cebu Pacific,Economy,160,N/A,N/A,98,Y,N,N,1,7,0,0
Tan Son Nhat International Airport,SGN,14/08/2024 0:50,Ninoy Aquino International Airport,MNL,14/08/2024 4:20,150,Vietnam Airlines,Economy,150,N/A,N/A,143,Y,Y,Y,1,10,1,23
Tan Son Nhat International Airport,SGN,14/08/2024 9:30,Ninoy Aquino International Airport,MNL,14/08/2024 13:40,190,Philippine Airlines,Economy,190,N/A,N/A,194,Y,Y,Y,1,7,1,30
Tan Son Nhat International Airport,SGN,14/08/2024 15:15,Singapore Changi Airport,SIN,14/08/2024 18:20,125,Scoot,Economy,805,460,N/A,132,Y,N,N,1,7,0,0
Tan Son Nhat International Airport,SGN,14/08/2024 13:25,Kuala Lumpur International Airport,KUL,14/08/2024 16:25,120,AirAsia,Economy,465,95,N/A,151,Y,N,N,1,7,0,0
Tan Son Nhat International Airport,SGN,14/08/2024 9:05,Singapore Changi Airport,SIN,14/08/2024 11:55,110,Scoot,Economy,510,165,N/A,175,Y,N,N,1,7,0,0
Tan Son Nhat International Airport,SGN,14/08/2024 15:30,Ninoy Aquino International Airport,MNL,14/08/2024 19:40,190,Philippine Airlines,Economy,190,N/A,N/A,194,Y,Y,Y,1,7,1,30
Tan Son Nhat International Airport,SGN,14/08/2024 15:45,Guangzhou Baiyun International Airport,CAN,14/08/2024 19:40,175,China Southern,Economy,390,85,N/A,245,Y,Y,Y,1,8,1,23
Tan Son Nhat International Airport,SGN,15/08/2024 1:20,Ninoy Aquino International Airport,MNL,15/08/2024 5:05,165,Cebu Pacific,Economy,165,N/A,N/A,98,Y,N,N,1,7,0,0
Tan Son Nhat International Airport,SGN,15/08/2024 13:25,Kuala Lumpur International Airport,KUL,15/08/2024 16:25,120,AirAsia,Economy,465,95,N/A,125,Y,N,N,1,7,0,0
Tan Son Nhat International Airport,SGN,15/08/2024 9:30,Ninoy Aquino International Airport,MNL,15/08/2024 13:40,190,Philippine Airlines,Economy,190,N/A,N/A,229,Y,Y,Y,1,7,1,30
Tan Son Nhat International Airport,SGN,15/08/2024 16:20,Kuala Lumpur International Airport,KUL,15/08/2024 19:25,125,AirAsia,Economy,510,145,N/A,125,Y,N,N,1,7,0,0
Tan Son Nhat International Airport,SGN,15/08/2024 22:05,Kuala Lumpur International Airport,KUL,16/08/2024 1:00,115,AirAsia,Economy,790,435,TRUE,125,Y,N,N,1,7,0,0
Tan Son Nhat International Airport,SGN,15/08/2024 17:30,Singapore Changi Airport,SIN,15/08/2024 20:25,115,Scoot,Economy,670,335,N/A,152,Y,N,N,1,7,0,0
Tan Son Nhat International Airport,SGN,15/08/2024 9:05,Singapore Changi Airport,SIN,15/08/2024 11:55,110,Scoot,Economy,510,165,N/A,205,Y,N,N,1,7,0,0
Tan Son Nhat International Airport,SGN,15/08/2024 11:25,Hong Kong International Airport,HKG,15/08/2024 15:15,170,Cathay Pacific,Economy,400,85,N/A,241,Y,Y,Y,1,7,1,23
Tan Son Nhat International Airport,SGN,16/08/2024 1:20,Ninoy Aquino International Airport,MNL,16/08/2024 5:05,165,Cebu Pacific,Economy,165,N/A,N/A,112,Y,N,N,1,7,0,0
Tan Son Nhat International Airport,SGN,16/08/2024 22:05,Ninoy Aquino International Airport,MNL,17/08/2024 1:45,160,Cebu Pacific,Economy,160,N/A,N/A,142,Y,N,N,1,7,0,0
Tan Son Nhat International Airport,SGN,16/08/2024 0:50,Ninoy Aquino International Airport,MNL,16/08/2024 4:20,150,Vietnam Airlines,Economy,150,N/A,N/A,143,Y,Y,Y,1,10,1,23
Tan Son Nhat International Airport,SGN,16/08/2024 15:30,Ninoy Aquino International Airport,MNL,16/08/2024 19:40,190,Philippine Airlines,Economy,190,N/A,N/A,204,Y,Y,Y,1,7,1,30
Tan Son Nhat International Airport,SGN,16/08/2024 16:20,Kuala Lumpur International Airport,KUL,16/08/2024 19:25,125,AirAsia,Economy,515,150,N/A,125,Y,N,N,1,7,0,0
Tan Son Nhat International Airport,SGN,16/08/2024 13:25,Kuala Lumpur International Airport,KUL,16/08/2024 16:25,120,AirAsia,Economy,465,95,N/A,147,Y,N,N,1,7,0,0
Tan Son Nhat International Airport,SGN,16/08/2024 11:25,Hong Kong International Airport,HKG,16/08/2024 15:15,170,Cathay Pacific,Economy,400,85,N/A,206,Y,Y,Y,1,7,1,23
Tan Son Nhat International Airport,SGN,16/08/2024 15:45,Guangzhou Baiyun International Airport,CAN,16/08/2024 19:40,175,China Southern,Economy,390,85,N/A,245,Y,Y,Y,1,8,1,23
Tan Son Nhat International Airport,SGN,17/08/2024 1:20,Ninoy Aquino International Airport,MNL,17/08/2024 5:05,165,Cebu Pacific,Economy,165,N/A,N/A,98,Y,N,N,1,7,0,0
Tan Son Nhat International Airport,SGN,17/08/2024 16:20,Kuala Lumpur International Airport,KUL,17/08/2024 19:25,125,AirAsia,Economy,520,145,N/A,125,Y,N,N,1,7,0,0
Tan Son Nhat International Airport,SGN,17/08/2024 17:30,Singapore Changi Airport,SIN,17/08/2024 20:25,115,Scoot,Economy,670,335,N/A,132,Y,N,N,1,7,0,0
Tan Son Nhat International Airport,SGN,17/08/2024 9:30,Ninoy Aquino International Airport,MNL,17/08/2024 13:40,190,Philippine Airlines,Economy,190,N/A,N/A,204,Y,Y,Y,1,7,1,30
Tan Son Nhat International Airport,SGN,17/08/2024 16:20,Kuala Lumpur International Airport,KUL,17/08/2024 19:25,125,AirAsia,Economy,1135,770,TRUE,126,Y,N,N,1,7,0,0
Tan Son Nhat International Airport,SGN,17/08/2024 13:25,Kuala Lumpur International Airport,KUL,17/08/2024 16:25,120,AirAsia,Economy,465,95,N/A,139,Y,N,N,1,7,0,0
Tan Son Nhat International Airport,SGN,17/08/2024 15:50,Don Mueang International Airport,DMK,17/08/2024 17:30,100,Thai AirAsia,Economy,540,230,N/A,162,Y,N,N,1,7,0,0
Tan Son Nhat International Airport,SGN,17/08/2024 11:25,Hong Kong International Airport,HKG,17/08/2024 15:15,170,Cathay Pacific,Economy,400,85,N/A,206,Y,Y,Y,1,7,1,23
Tan Son Nhat International Airport,SGN,17/08/2024 2:35,Guangzhou Baiyun International Airport,CAN,17/08/2024 6:40,185,China Southern,Economy,420,90,N/A,245,Y,Y,Y,1,8,1,23
Tan Son Nhat International Airport,SGN,18/08/2024 1:20,Ninoy Aquino International Airport,MNL,18/08/2024 5:05,165,Cebu Pacific,Economy,165,N/A,N/A,98,Y,N,N,1,7,0,0
Tan Son Nhat International Airport,SGN,18/08/2024 0:50,Ninoy Aquino International Airport,MNL,18/08/2024 4:20,150,Vietnam Airlines,Economy,150,N/A,N/A,143,Y,Y,Y,1,10,1,23
Tan Son Nhat International Airport,SGN,18/08/2024 15:30,Ninoy Aquino International Airport,MNL,18/08/2024 19:40,190,Philippine Airlines,Economy,190,N/A,N/A,194,Y,Y,Y,1,7,1,30
Tan Son Nhat International Airport,SGN,18/08/2024 8:55,Singapore Changi Airport,SIN,18/08/2024 11:55,120,Scoot,Economy,1185,845,N/A,149,Y,N,N,1,7,0,0
Tan Son Nhat International Airport,SGN,18/08/2024 13:25,Kuala Lumpur International Airport,KUL,18/08/2024 16:25,120,AirAsia,Economy,465,95,N/A,174,Y,N,N,1,7,0,0
Tan Son Nhat International Airport,SGN,18/08/2024 17:30,Singapore Changi Airport,SIN,18/08/2024 20:25,115,Scoot,Economy,670,335,N/A,175,Y,N,N,1,7,0,0
Tan Son Nhat International Airport,SGN,18/08/2024 8:55,Singapore Changi Airport,SIN,18/08/2024 11:55,120,Scoot,Economy,520,165,N/A,189,Y,N,N,1,7,0,0
Tan Son Nhat International Airport,SGN,18/08/2024 11:25,Hong Kong International Airport,HKG,18/08/2024 15:15,170,Cathay Pacific,Economy,400,85,N/A,206,Y,Y,Y,1,7,1,23
Tan Son Nhat International Airport,SGN,18/08/2024 15:45,Guangzhou Baiyun International Airport,CAN,18/08/2024 19:40,175,China Southern,Economy,390,85,N/A,245,Y,Y,Y,1,8,1,23
Tan Son Nhat International Airport,SGN,19/08/2024 1:20,Ninoy Aquino International Airport,MNL,19/08/2024 5:05,165,Cebu Pacific,Economy,165,N/A,N/A,98,Y,N,N,1,7,0,0
Tan Son Nhat International Airport,SGN,19/08/2024 22:05,Ninoy Aquino International Airport,MNL,20/08/2024 1:45,160,Cebu Pacific,Economy,160,N/A,N/A,98,Y,N,N,1,7,0,0
Tan Son Nhat International Airport,SGN,19/08/2024 0:50,Ninoy Aquino International Airport,MNL,19/08/2024 4:20,150,Vietnam Airlines,Economy,150,N/A,N/A,143,Y,Y,Y,1,10,1,23
Tan Son Nhat International Airport,SGN,19/08/2024 9:30,Ninoy Aquino International Airport,MNL,19/08/2024 13:40,190,Philippine Airlines,Economy,190,N/A,N/A,194,Y,Y,Y,1,7,1,30
Tan Son Nhat International Airport,SGN,19/08/2024 13:25,Kuala Lumpur International Airport,KUL,19/08/2024 16:25,120,AirAsia,Economy,465,95,N/A,125,Y,N,N,1,7,0,0
Tan Son Nhat International Airport,SGN,19/08/2024 16:20,Kuala Lumpur International Airport,KUL,19/08/2024 19:25,125,AirAsia,Economy,515,150,N/A,125,Y,N,N,1,7,0,0
Tan Son Nhat International Airport,SGN,19/08/2024 9:05,Singapore Changi Airport,SIN,19/08/2024 11:55,110,Scoot,Economy,510,165,N/A,152,Y,N,N,1,7,0,0
Tan Son Nhat International Airport,SGN,19/08/2024 11:25,Hong Kong International Airport,HKG,19/08/2024 15:15,170,Cathay Pacific,Economy,400,85,N/A,206,Y,Y,Y,1,7,1,23
Tan Son Nhat International Airport,SGN,19/08/2024 2:35,Guangzhou Baiyun International Airport,CAN,19/08/2024 6:40,185,China Southern,Economy,420,90,N/A,245,Y,Y,Y,1,8,1,23
Tan Son Nhat International Airport,SGN,20/08/2024 1:20,Ninoy Aquino International Airport,MNL,20/08/2024 5:05,165,Cebu Pacific,Economy,165,N/A,N/A,98,Y,N,N,1,7,0,0
Tan Son Nhat International Airport,SGN,20/08/2024 13:25,Kuala Lumpur International Airport,KUL,20/08/2024 16:25,120,AirAsia,Economy,465,95,N/A,151,Y,N,N,1,7,0,0
Tan Son Nhat International Airport,SGN,20/08/2024 9:05,Singapore Changi Airport,SIN,20/08/2024 11:55,110,Scoot,Economy,510,165,N/A,175,Y,N,N,1,7,0,0
Tan Son Nhat International Airport,SGN,20/08/2024 9:30,Ninoy Aquino International Airport,MNL,20/08/2024 13:40,190,Philippine Airlines,Economy,190,N/A,N/A,194,Y,Y,Y,1,7,1,30
Tan Son Nhat International Airport,SGN,20/08/2024 11:25,Hong Kong International Airport,HKG,20/08/2024 15:15,170,Cathay Pacific,Economy,400,85,N/A,206,Y,Y,Y,1,7,1,23
Tan Son Nhat International Airport,SGN,20/08/2024 15:15,Singapore Changi Airport,SIN,20/08/2024 18:20,125,Scoot,Economy,805,460,N/A,132,Y,N,N,1,7,0,0
Tan Son Nhat International Airport,SGN,20/08/2024 17:30,Singapore Changi Airport,SIN,20/08/2024 20:25,115,Scoot,Economy,670,335,N/A,149,Y,N,N,1,7,0,0
Tan Son Nhat International Airport,SGN,20/08/2024 21:35,Don Mueang International Airport,DMK,20/08/2024 23:15,100,Thai AirAsia,Economy,520,215,TRUE,150,Y,N,N,1,7,0,0
Tan Son Nhat International Airport,SGN,20/08/2024 16:20,Kuala Lumpur International Airport,KUL,20/08/2024 19:25,125,AirAsia,Economy,505,140,N/A,159,Y,N,N,1,7,0,0
Tan Son Nhat International Airport,SGN,21/08/2024 1:20,Ninoy Aquino International Airport,MNL,21/08/2024 5:05,165,Cebu Pacific,Economy,165,N/A,N/A,98,Y,N,N,1,7,0,0
Tan Son Nhat International Airport,SGN,21/08/2024 22:05,Ninoy Aquino International Airport,MNL,22/08/2024 1:45,160,Cebu Pacific,Economy,160,N/A,N/A,98,Y,N,N,1,7,0,0
Tan Son Nhat International Airport,SGN,21/08/2024 0:50,Ninoy Aquino International Airport,MNL,21/08/2024 4:20,150,Vietnam Airlines,Economy,150,N/A,N/A,143,Y,Y,Y,1,10,1,23
Tan Son Nhat International Airport,SGN,21/08/2024 9:30,Ninoy Aquino International Airport,MNL,21/08/2024 13:40,190,Philippine Airlines,Economy,190,N/A,N/A,194,Y,Y,Y,1,7,1,30
Tan Son Nhat International Airport,SGN,21/08/2024 15:15,Singapore Changi Airport,SIN,21/08/2024 18:20,125,Scoot,Economy,805,460,N/A,114,Y,N,N,1,7,0,0
Tan Son Nhat International Airport,SGN,21/08/2024 13:25,Kuala Lumpur International Airport,KUL,21/08/2024 16:25,120,AirAsia,Economy,465,95,N/A,151,Y,N,N,1,7,0,0
Tan Son Nhat International Airport,SGN,21/08/2024 9:05,Singapore Changi Airport,SIN,21/08/2024 11:55,110,Scoot,Economy,510,165,N/A,171,Y,N,N,1,7,0,0
Tan Son Nhat International Airport,SGN,21/08/2024 15:30,Ninoy Aquino International Airport,MNL,21/08/2024 19:40,190,Philippine Airlines,Economy,190,N/A,N/A,194,Y,Y,Y,1,7,1,30
Tan Son Nhat International Airport,SGN,21/08/2024 15:45,Guangzhou Baiyun International Airport,CAN,21/08/2024 19:40,175,China Southern,Economy,390,85,N/A,245,Y,Y,Y,1,8,1,23
Tan Son Nhat International Airport,SGN,22/08/2024 1:20,Ninoy Aquino International Airport,MNL,22/08/2024 5:05,165,Cebu Pacific,Economy,165,N/A,N/A,98,Y,N,N,1,7,0,0
Tan Son Nhat International Airport,SGN,22/08/2024 13:25,Kuala Lumpur International Airport,KUL,22/08/2024 16:25,120,AirAsia,Economy,465,95,N/A,125,Y,N,N,1,7,0,0
Tan Son Nhat International Airport,SGN,22/08/2024 9:30,Ninoy Aquino International Airport,MNL,22/08/2024 13:40,190,Philippine Airlines,Economy,190,N/A,N/A,204,Y,Y,Y,1,7,1,30
Tan Son Nhat International Airport,SGN,22/08/2024 16:20,Kuala Lumpur International Airport,KUL,22/08/2024 19:25,125,AirAsia,Economy,510,145,N/A,125,Y,N,N,1,7,0,0
Tan Son Nhat International Airport,SGN,22/08/2024 15:15,Singapore Changi Airport,SIN,22/08/2024 18:20,125,Scoot,Economy,805,460,N/A,132,Y,N,N,1,7,0,0
Tan Son Nhat International Airport,SGN,22/08/2024 17:30,Singapore Changi Airport,SIN,22/08/2024 20:25,115,Scoot,Economy,670,335,N/A,149,Y,N,N,1,7,0,0
Tan Son Nhat International Airport,SGN,22/08/2024 9:05,Singapore Changi Airport,SIN,22/08/2024 11:55,110,Scoot,Economy,510,165,N/A,171,Y,N,N,1,7,0,0
Tan Son Nhat International Airport,SGN,22/08/2024 11:25,Hong Kong International Airport,HKG,22/08/2024 15:15,170,Cathay Pacific,Economy,400,85,N/A,206,Y,Y,Y,1,7,1,23
Tan Son Nhat International Airport,SGN,23/08/2024 1:20,Ninoy Aquino International Airport,MNL,23/08/2024 5:05,165,Cebu Pacific,Economy,165,N/A,N/A,98,Y,N,N,1,7,0,0
Tan Son Nhat International Airport,SGN,23/08/2024 22:05,Ninoy Aquino International Airport,MNL,24/08/2024 1:45,160,Cebu Pacific,Economy,160,N/A,N/A,142,Y,N,N,1,7,0,0
Tan Son Nhat International Airport,SGN,23/08/2024 0:50,Ninoy Aquino International Airport,MNL,23/08/2024 4:20,150,Vietnam Airlines,Economy,150,N/A,N/A,143,Y,Y,Y,1,10,1,23
Tan Son Nhat International Airport,SGN,23/08/2024 15:30,Ninoy Aquino International Airport,MNL,23/08/2024 19:40,190,Philippine Airlines,Economy,190,N/A,N/A,204,Y,Y,Y,1,7,1,30
Tan Son Nhat International Airport,SGN,23/08/2024 13:25,Kuala Lumpur International Airport,KUL,23/08/2024 16:25,120,AirAsia,Economy,465,95,N/A,125,Y,N,N,1,7,0,0
Tan Son Nhat International Airport,SGN,23/08/2024 16:20,Kuala Lumpur International Airport,KUL,23/08/2024 19:25,125,AirAsia,Economy,515,150,N/A,125,Y,N,N,1,7,0,0
Tan Son Nhat International Airport,SGN,23/08/2024 17:30,Singapore Changi Airport,SIN,23/08/2024 20:25,115,Scoot,Economy,670,335,N/A,136,Y,N,N,1,7,0,0
Tan Son Nhat International Airport,SGN,23/08/2024 11:25,Hong Kong International Airport,HKG,23/08/2024 15:15,170,Cathay Pacific,Economy,400,85,N/A,206,Y,Y,Y,1,7,1,23
Tan Son Nhat International Airport,SGN,24/08/2024 13:25,Kuala Lumpur International Airport,KUL,24/08/2024 16:25,120,AirAsia,Economy,465,95,N/A,125,Y,N,N,1,7,0,0
Tan Son Nhat International Airport,SGN,24/08/2024 1:20,Ninoy Aquino International Airport,MNL,24/08/2024 5:05,165,Cebu Pacific,Economy,165,N/A,N/A,142,Y,N,N,1,7,0,0
Tan Son Nhat International Airport,SGN,24/08/2024 9:05,Singapore Changi Airport,SIN,24/08/2024 11:55,110,Scoot,Economy,510,165,N/A,152,Y,N,N,1,7,0,0
Tan Son Nhat International Airport,SGN,24/08/2024 9:30,Ninoy Aquino International Airport,MNL,24/08/2024 13:40,190,Philippine Airlines,Economy,190,N/A,N/A,204,Y,Y,Y,1,7,1,30
Tan Son Nhat International Airport,SGN,24/08/2024 16:20,Kuala Lumpur International Airport,KUL,24/08/2024 19:25,125,AirAsia,Economy,520,145,N/A,125,Y,N,N,1,7,0,0
Tan Son Nhat International Airport,SGN,24/08/2024 21:10,Kuala Lumpur International Airport,KUL,25/08/2024 0:05,115,AirAsia,Economy,845,490,TRUE,125,Y,N,N,1,7,0,0
Tan Son Nhat International Airport,SGN,24/08/2024 15:15,Singapore Changi Airport,SIN,24/08/2024 18:20,125,Scoot,Economy,805,460,N/A,132,Y,N,N,1,7,0,0
Tan Son Nhat International Airport,SGN,24/08/2024 17:30,Singapore Changi Airport,SIN,24/08/2024 20:25,115,Scoot,Economy,670,335,N/A,144,Y,N,N,1,7,0,0
Tan Son Nhat International Airport,SGN,24/08/2024 2:35,Guangzhou Baiyun International Airport,CAN,24/08/2024 6:40,185,China Southern,Economy,420,90,N/A,245,Y,Y,Y,1,8,1,23
Tan Son Nhat International Airport,SGN,25/08/2024 8:55,Singapore Changi Airport,SIN,25/08/2024 11:55,120,Scoot,Economy,520,165,N/A,171,Y,N,N,1,7,0,0
Tan Son Nhat International Airport,SGN,25/08/2024 1:20,Ninoy Aquino International Airport,MNL,25/08/2024 5:05,165,Cebu Pacific,Economy,165,N/A,N/A,192,Y,N,N,1,7,0,0
Tan Son Nhat International Airport,SGN,25/08/2024 15:30,Ninoy Aquino International Airport,MNL,25/08/2024 19:40,190,Philippine Airlines,Economy,190,N/A,N/A,291,Y,Y,Y,1,7,1,30
Tan Son Nhat International Airport,SGN,25/08/2024 0:50,Ninoy Aquino International Airport,MNL,25/08/2024 4:20,150,Vietnam Airlines,Economy,150,N/A,N/A,515,Y,Y,Y,1,10,1,23
Tan Son Nhat International Airport,SGN,25/08/2024 11:00,Kuala Lumpur International Airport,KUL,25/08/2024 13:55,115,Malaysia Airlines,Economy,565,210,N/A,212,Y,Y,Y,1,7,1,23
Tan Son Nhat International Airport,SGN,25/08/2024 8:00,Guangzhou Baiyun International Airport,CAN,25/08/2024 11:45,165,China Southern,Economy,455,125,N/A,245,Y,Y,Y,1,8,1,23
Tan Son Nhat International Airport,SGN,25/08/2024 15:45,Guangzhou Baiyun International Airport,CAN,25/08/2024 19:40,175,China Southern,Economy,390,85,N/A,245,Y,Y,Y,1,8,1,23
Tan Son Nhat International Airport,SGN,25/08/2024 11:25,Hong Kong International Airport,HKG,25/08/2024 15:15,170,Cathay Pacific,Economy,400,85,N/A,271,Y,Y,Y,1,7,1,23
Tan Son Nhat International Airport,SGN,26/08/2024 1:20,Ninoy Aquino International Airport,MNL,26/08/2024 5:05,165,Cebu Pacific,Economy,165,N/A,N/A,132,Y,N,N,1,7,0,0
Tan Son Nhat International Airport,SGN,26/08/2024 0:50,Ninoy Aquino International Airport,MNL,26/08/2024 4:20,150,Vietnam Airlines,Economy,150,N/A,N/A,143,Y,Y,Y,1,10,1,23
Tan Son Nhat International Airport,SGN,26/08/2024 9:30,Ninoy Aquino International Airport,MNL,26/08/2024 13:40,190,Philippine Airlines,Economy,190,N/A,N/A,260,Y,Y,Y,1,7,1,30
Tan Son Nhat International Airport,SGN,26/08/2024 22:05,Kuala Lumpur International Airport,KUL,27/08/2024 1:00,115,AirAsia,Economy,790,435,TRUE,151,Y,N,N,1,7,0,0
Tan Son Nhat International Airport,SGN,26/08/2024 17:30,Singapore Changi Airport,SIN,26/08/2024 20:25,115,Scoot,Economy,670,335,N/A,171,Y,N,N,1,7,0,0
Tan Son Nhat International Airport,SGN,26/08/2024 22:05,Ninoy Aquino International Airport,MNL,27/08/2024 1:45,160,Cebu Pacific,Economy,160,N/A,N/A,232,Y,N,N,1,7,0,0
Tan Son Nhat International Airport,SGN,26/08/2024 2:35,Guangzhou Baiyun International Airport,CAN,26/08/2024 6:40,185,China Southern,Economy,420,90,N/A,245,Y,Y,Y,1,8,1,23
Tan Son Nhat International Airport,SGN,26/08/2024 8:00,Guangzhou Baiyun International Airport,CAN,26/08/2024 11:50,170,China Southern,Economy,455,125,N/A,245,Y,Y,Y,1,8,1,23
Tan Son Nhat International Airport,SGN,26/08/2024 15:45,Guangzhou Baiyun International Airport,CAN,26/08/2024 20:05,200,China Southern,Economy,390,60,N/A,245,Y,Y,Y,1,8,1,23
Tan Son Nhat International Airport,SGN,27/08/2024 1:20,Ninoy Aquino International Airport,MNL,27/08/2024 5:05,165,Cebu Pacific,Economy,165,N/A,N/A,152,Y,N,N,1,7,0,0
Tan Son Nhat International Airport,SGN,27/08/2024 9:05,Singapore Changi Airport,SIN,27/08/2024 11:55,110,Scoot,Economy,510,165,N/A,171,Y,N,N,1,7,0,0
Tan Son Nhat International Airport,SGN,27/08/2024 9:30,Ninoy Aquino International Airport,MNL,27/08/2024 13:40,190,Philippine Airlines,Economy,190,N/A,N/A,219,Y,Y,Y,1,7,1,30
Tan Son Nhat International Airport,SGN,27/08/2024 17:30,Singapore Changi Airport,SIN,27/08/2024 20:25,115,Scoot,Economy,670,335,N/A,149,Y,N,N,1,7,0,0
Tan Son Nhat International Airport,SGN,27/08/2024 22:05,Kuala Lumpur International Airport,KUL,28/08/2024 1:00,115,AirAsia,Economy,790,435,TRUE,151,Y,N,N,1,7,0,0
Tan Son Nhat International Airport,SGN,27/08/2024 21:35,Don Mueang International Airport,DMK,27/08/2024 23:15,100,Thai AirAsia,Economy,520,215,TRUE,163,Y,N,N,1,7,0,0
Tan Son Nhat International Airport,SGN,27/08/2024 13:25,Kuala Lumpur International Airport,KUL,27/08/2024 16:25,120,AirAsia,Economy,465,95,N/A,176,Y,N,N,1,7,0,0
Tan Son Nhat International Airport,SGN,27/08/2024 16:20,Kuala Lumpur International Airport,KUL,27/08/2024 19:25,125,AirAsia,Economy,505,140,N/A,184,Y,N,N,1,7,0,0
Tan Son Nhat International Airport,SGN,27/08/2024 2:35,Guangzhou Baiyun International Airport,CAN,27/08/2024 6:40,185,China Southern,Economy,420,90,N/A,245,Y,Y,Y,1,8,1,23
Tan Son Nhat International Airport,SGN,28/08/2024 1:20,Ninoy Aquino International Airport,MNL,28/08/2024 5:05,165,Cebu Pacific,Economy,165,N/A,N/A,98,Y,N,N,1,7,0,0
Tan Son Nhat International Airport,SGN,28/08/2024 22:05,Ninoy Aquino International Airport,MNL,29/08/2024 1:45,160,Cebu Pacific,Economy,160,N/A,N/A,98,Y,N,N,1,7,0,0
Tan Son Nhat International Airport,SGN,28/08/2024 0:50,Ninoy Aquino International Airport,MNL,28/08/2024 4:20,150,Vietnam Airlines,Economy,150,N/A,N/A,158,Y,Y,Y,1,10,1,23
Tan Son Nhat International Airport,SGN,28/08/2024 9:30,Ninoy Aquino International Airport,MNL,28/08/2024 13:40,190,Philippine Airlines,Economy,190,N/A,N/A,194,Y,Y,Y,1,7,1,30
Tan Son Nhat International Airport,SGN,28/08/2024 15:15,Singapore Changi Airport,SIN,28/08/2024 18:20,125,Scoot,Economy,805,460,N/A,132,Y,N,N,1,7,0,0
Tan Son Nhat International Airport,SGN,28/08/2024 13:25,Kuala Lumpur International Airport,KUL,28/08/2024 16:25,120,AirAsia,Economy,465,95,N/A,151,Y,N,N,1,7,0,0
Tan Son Nhat International Airport,SGN,28/08/2024 13:25,Kuala Lumpur International Airport,KUL,28/08/2024 16:25,120,AirAsia,Economy,690,330,N/A,151,Y,N,N,1,7,0,0
Tan Son Nhat International Airport,SGN,28/08/2024 9:05,Singapore Changi Airport,SIN,28/08/2024 11:55,110,Scoot,Economy,510,165,N/A,152,Y,N,N,1,7,0,0
Tan Son Nhat International Airport,SGN,28/08/2024 15:30,Ninoy Aquino International Airport,MNL,28/08/2024 19:40,190,Philippine Airlines,Economy,190,N/A,N/A,194,Y,Y,Y,1,7,1,30
Tan Son Nhat International Airport,SGN,28/08/2024 11:25,Hong Kong International Airport,HKG,28/08/2024 15:15,170,Cathay Pacific,Economy,400,85,N/A,206,Y,Y,Y,1,7,1,23
Tan Son Nhat International Airport,SGN,29/08/2024 13:25,Kuala Lumpur International Airport,KUL,29/08/2024 16:25,120,AirAsia,Economy,465,95,N/A,125,Y,N,N,1,7,0,0
Tan Son Nhat International Airport,SGN,29/08/2024 1:20,Ninoy Aquino International Airport,MNL,29/08/2024 5:05,165,Cebu Pacific,Economy,165,N/A,N/A,152,Y,N,N,1,7,0,0
Tan Son Nhat International Airport,SGN,29/08/2024 9:30,Ninoy Aquino International Airport,MNL,29/08/2024 13:40,190,Philippine Airlines,Economy,190,N/A,N/A,204,Y,Y,Y,1,7,1,30
Tan Son Nhat International Airport,SGN,29/08/2024 16:20,Kuala Lumpur International Airport,KUL,29/08/2024 19:25,125,AirAsia,Economy,510,145,N/A,125,Y,N,N,1,7,0,0
Tan Son Nhat International Airport,SGN,29/08/2024 22:05,Kuala Lumpur International Airport,KUL,30/08/2024 1:00,115,AirAsia,Economy,790,435,TRUE,125,Y,N,N,1,7,0,0
Tan Son Nhat International Airport,SGN,29/08/2024 17:30,Singapore Changi Airport,SIN,29/08/2024 20:25,115,Scoot,Economy,670,335,N/A,149,Y,N,N,1,7,0,0
Tan Son Nhat International Airport,SGN,29/08/2024 9:05,Singapore Changi Airport,SIN,29/08/2024 11:55,110,Scoot,Economy,510,165,N/A,175,Y,N,N,1,7,0,0
Tan Son Nhat International Airport,SGN,29/08/2024 11:25,Hong Kong International Airport,HKG,29/08/2024 15:15,170,Cathay Pacific,Economy,400,85,N/A,206,Y,Y,Y,1,7,1,23
Tan Son Nhat International Airport,SGN,30/08/2024 22:05,Ninoy Aquino International Airport,MNL,31/08/2024 1:45,160,Cebu Pacific,Economy,160,N/A,N/A,98,Y,N,N,1,7,0,0
Tan Son Nhat International Airport,SGN,30/08/2024 1:20,Ninoy Aquino International Airport,MNL,30/08/2024 5:05,165,Cebu Pacific,Economy,165,N/A,N/A,112,Y,N,N,1,7,0,0
Tan Son Nhat International Airport,SGN,30/08/2024 0:50,Ninoy Aquino International Airport,MNL,30/08/2024 4:20,150,Vietnam Airlines,Economy,150,N/A,N/A,143,Y,Y,Y,1,10,1,23
Tan Son Nhat International Airport,SGN,30/08/2024 15:30,Ninoy Aquino International Airport,MNL,30/08/2024 19:40,190,Philippine Airlines,Economy,190,N/A,N/A,204,Y,Y,Y,1,7,1,30
Tan Son Nhat International Airport,SGN,30/08/2024 12:40,Kuala Lumpur International Airport,KUL,30/08/2024 15:45,125,AirAsia,Economy,510,135,N/A,125,Y,N,N,1,7,0,0
Tan Son Nhat International Airport,SGN,30/08/2024 16:20,Kuala Lumpur International Airport,KUL,30/08/2024 19:25,125,AirAsia,Economy,515,150,N/A,125,Y,N,N,1,7,0,0
Tan Son Nhat International Airport,SGN,30/08/2024 11:25,Hong Kong International Airport,HKG,30/08/2024 15:15,170,Cathay Pacific,Economy,400,85,N/A,241,Y,Y,Y,1,7,1,23
Tan Son Nhat International Airport,SGN,30/08/2024 8:00,Guangzhou Baiyun International Airport,CAN,30/08/2024 11:50,170,China Southern,Economy,455,125,N/A,245,Y,Y,Y,1,8,1,23
Tan Son Nhat International Airport,SGN,30/08/2024 15:45,Guangzhou Baiyun International Airport,CAN,30/08/2024 19:40,175,China Southern,Economy,390,85,N/A,245,Y,Y,Y,1,8,1,23
Tan Son Nhat International Airport,SGN,31/08/2024 13:25,Kuala Lumpur International Airport,KUL,31/08/2024 16:25,120,AirAsia,Economy,465,95,N/A,125,Y,N,N,1,7,0,0
Tan Son Nhat International Airport,SGN,31/08/2024 1:20,Ninoy Aquino International Airport,MNL,31/08/2024 5:05,165,Cebu Pacific,Economy,165,N/A,N/A,152,Y,N,N,1,7,0,0
Tan Son Nhat International Airport,SGN,31/08/2024 9:30,Ninoy Aquino International Airport,MNL,31/08/2024 13:40,190,Philippine Airlines,Economy,190,N/A,N/A,204,Y,Y,Y,1,7,1,30
Tan Son Nhat International Airport,SGN,31/08/2024 16:20,Kuala Lumpur International Airport,KUL,31/08/2024 19:25,125,AirAsia,Economy,520,145,N/A,125,Y,N,N,1,7,0,0
Tan Son Nhat International Airport,SGN,31/08/2024 21:10,Kuala Lumpur International Airport,KUL,01/09/2024 0:05,115,AirAsia,Economy,845,490,TRUE,125,Y,N,N,1,7,0,0
Tan Son Nhat International Airport,SGN,31/08/2024 17:30,Singapore Changi Airport,SIN,31/08/2024 20:25,115,Scoot,Economy,670,335,N/A,149,Y,N,N,1,7,0,0
Tan Son Nhat International Airport,SGN,31/08/2024 2:35,Guangzhou Baiyun International Airport,CAN,31/08/2024 6:40,185,China Southern,Economy,420,90,N/A,245,Y,Y,Y,1,8,1,23
Tan Son Nhat International Airport,SGN,31/08/2024 11:25,Hong Kong International Airport,HKG,31/08/2024 15:15,170,Cathay Pacific,Economy,400,85,N/A,271,Y,Y,Y,1,7,1,23