Departure Airport Name,Departure Airport ID,Departure Time,Arrival Airport Name,Arrival Airport ID,Arrival Time,Duration,Airline,Travel Class,Total Duration,Layover 1 Duration,Layover 1 Overnight,Price, Cabin Baggage, Checked Baggage,Meal Included,Cabin Baggage (Number),Cabin Baggage (kg per piece),Checked Baggage (Number),Checked Baggage (kg per piece) 
Wattay International Airport,VTE,01/07/2024 10:40,Kunming Changshui International Airport,KMG,01/07/2024 13:15,95,China Eastern,Business Class,575,320,N/A,1163,Y,Y,Y,1,10,2,32
Wattay International Airport,VTE,01/07/2024 21:50,Kunming Changshui International Airport,KMG,02/07/2024 0:25,95,China Eastern,Business Class,1025,780,TRUE,1163,Y,Y,Y,1,10,2,32
Wattay International Airport,VTE,01/07/2024 23:20,Shanghai Pudong International Airport,PVG,02/07/2024 4:30,250,China Eastern,Business Class,1125,595,TRUE,1489,Y,Y,Y,1,10,2,32
Wattay International Airport,VTE,01/07/2024 23:20,Shanghai Pudong International Airport,PVG,02/07/2024 4:30,250,China Eastern,Business Class,1595,1065,TRUE,1169,Y,Y,Y,1,10,2,32
Wattay International Airport,VTE,01/07/2024 23:20,Shanghai Pudong International Airport,PVG,02/07/2024 4:30,250,China Eastern,Business Class,1520,990,TRUE,1308,Y,Y,Y,1,10,2,32
Wattay International Airport,VTE,01/07/2024 10:40,Kunming Changshui International Airport,KMG,01/07/2024 13:15,95,China Eastern,Business Class,1790,1565,TRUE,1443,Y,Y,Y,1,10,2,32
Wattay International Airport,VTE,01/07/2024 23:20,Shanghai Pudong International Airport,PVG,02/07/2024 4:30,250,China Eastern,Business Class,990,450,TRUE,1809,Y,Y,Y,1,10,2,32
Wattay International Airport,VTE,01/07/2024 20:00,Noi Bai International Airport,HAN,01/07/2024 21:25,85,Vietnam Airlines,Business Class,890,685,TRUE,N/A,Y,Y,Y,2,10,1,32
Wattay International Airport,VTE,01/07/2024 21:15,Haikou Meilan International Airport,HAK,01/07/2024 23:40,85,Hainan,Business Class,1215,965,TRUE,N/A,Y,Y,Y,2,10,2,32
Wattay International Airport,VTE,02/07/2024 21:50,Kunming Changshui International Airport,KMG,03/07/2024 0:25,95,China Eastern,Business Class,1025,780,TRUE,1163,Y,Y,Y,1,10,2,32
Wattay International Airport,VTE,02/07/2024 23:20,Shanghai Pudong International Airport,PVG,03/07/2024 4:30,250,China Eastern,Business Class,1125,595,TRUE,1489,Y,Y,Y,1,10,2,32
Wattay International Airport,VTE,02/07/2024 10:40,Kunming Changshui International Airport,KMG,02/07/2024 13:15,95,China Eastern,Business Class,575,320,N/A,1827,Y,Y,Y,1,10,2,32
Wattay International Airport,VTE,02/07/2024 23:20,Shanghai Pudong International Airport,PVG,03/07/2024 4:30,250,China Eastern,Business Class,1595,1065,TRUE,1169,Y,Y,Y,1,10,2,32
Wattay International Airport,VTE,02/07/2024 23:20,Shanghai Pudong International Airport,PVG,03/07/2024 4:30,250,China Eastern,Business Class,1520,990,TRUE,1308,Y,Y,Y,1,10,2,32
Wattay International Airport,VTE,02/07/2024 23:20,Shanghai Pudong International Airport,PVG,03/07/2024 4:30,250,China Eastern,Business Class,990,450,TRUE,1809,Y,Y,Y,1,10,2,32
Wattay International Airport,VTE,02/07/2024 10:40,Kunming Changshui International Airport,KMG,02/07/2024 13:15,95,China Eastern,Business Class,1790,1565,TRUE,2107,Y,Y,Y,1,10,2,32
Wattay International Airport,VTE,02/07/2024 23:20,Shanghai Pudong International Airport,PVG,03/07/2024 4:30,250,China Eastern,Business Class,790,275,TRUE,2564,Y,Y,Y,1,10,2,32
Wattay International Airport,VTE,02/07/2024 20:00,Noi Bai International Airport,HAN,02/07/2024 21:25,85,Vietnam Airlines,Business Class,890,685,TRUE,N/A,Y,Y,Y,2,10,1,32
Wattay International Airport,VTE,03/07/2024 19:10,Guangzhou Baiyun International Airport,CAN,03/07/2024 22:25,135,China Southern,Business Class,380,70,N/A,924,Y,Y,Y,1,10,2,32
Wattay International Airport,VTE,03/07/2024 10:40,Kunming Changshui International Airport,KMG,03/07/2024 13:15,95,China Eastern,Business Class,575,320,N/A,1042,Y,Y,Y,1,10,2,32
Wattay International Airport,VTE,03/07/2024 21:50,Kunming Changshui International Airport,KMG,04/07/2024 0:25,95,China Eastern,Business Class,1025,780,TRUE,1042,Y,Y,Y,1,10,2,32
Wattay International Airport,VTE,03/07/2024 23:20,Shanghai Pudong International Airport,PVG,04/07/2024 4:30,250,China Eastern,Business Class,790,260,TRUE,1368,Y,Y,Y,1,10,2,32
Wattay International Airport,VTE,03/07/2024 23:20,Shanghai Pudong International Airport,PVG,04/07/2024 4:30,250,China Eastern,Business Class,990,450,TRUE,1368,Y,Y,Y,1,10,2,32
Wattay International Airport,VTE,03/07/2024 23:20,Shanghai Pudong International Airport,PVG,04/07/2024 4:30,250,China Eastern,Business Class,1595,1065,TRUE,1048,Y,Y,Y,1,10,2,32
Wattay International Airport,VTE,03/07/2024 23:20,Shanghai Pudong International Airport,PVG,04/07/2024 4:30,250,China Eastern,Business Class,1520,990,TRUE,1187,Y,Y,Y,1,10,2,32
Wattay International Airport,VTE,03/07/2024 10:40,Kunming Changshui International Airport,KMG,03/07/2024 13:15,95,China Eastern,Business Class,1790,1565,TRUE,1322,Y,Y,Y,1,10,2,32
Wattay International Airport,VTE,03/07/2024 20:00,Noi Bai International Airport,HAN,03/07/2024 21:25,85,Vietnam Airlines,Business Class,890,685,TRUE,N/A,Y,Y,Y,2,10,1,32
Wattay International Airport,VTE,03/07/2024 21:15,Haikou Meilan International Airport,HAK,03/07/2024 23:40,85,Hainan,Business Class,1215,965,TRUE,N/A,Y,Y,Y,2,10,2,32
Wattay International Airport,VTE,04/07/2024 21:50,Kunming Changshui International Airport,KMG,05/07/2024 0:25,95,China Eastern,Business Class,1025,780,TRUE,1042,Y,Y,Y,1,10,2,32
Wattay International Airport,VTE,04/07/2024 10:40,Kunming Changshui International Airport,KMG,04/07/2024 13:15,95,China Eastern,Business Class,575,320,N/A,1274,Y,Y,Y,1,10,2,32
Wattay International Airport,VTE,04/07/2024 23:20,Shanghai Pudong International Airport,PVG,05/07/2024 4:30,250,China Eastern,Business Class,1725,1165,TRUE,1048,Y,Y,Y,1,10,2,32
Wattay International Airport,VTE,04/07/2024 23:20,Shanghai Pudong International Airport,PVG,05/07/2024 4:30,250,China Eastern,Business Class,1520,990,TRUE,1187,Y,Y,Y,1,10,2,32
Wattay International Airport,VTE,04/07/2024 21:50,Kunming Changshui International Airport,KMG,05/07/2024 0:25,95,China Eastern,Business Class,1120,895,TRUE,1322,Y,Y,Y,1,10,2,32
Wattay International Airport,VTE,04/07/2024 23:20,Shanghai Pudong International Airport,PVG,05/07/2024 4:30,250,China Eastern,Business Class,1355,830,TRUE,1368,Y,Y,Y,1,10,2,32
Wattay International Airport,VTE,04/07/2024 20:00,Noi Bai International Airport,HAN,04/07/2024 21:25,85,Vietnam Airlines,Business Class,890,685,TRUE,N/A,Y,Y,Y,2,10,1,32
Wattay International Airport,VTE,05/07/2024 19:10,Guangzhou Baiyun International Airport,CAN,05/07/2024 22:25,135,China Southern,Business Class,380,70,N/A,924,Y,Y,Y,1,10,2,32
Wattay International Airport,VTE,05/07/2024 21:50,Kunming Changshui International Airport,KMG,06/07/2024 0:25,95,China Eastern,Business Class,1025,780,TRUE,1042,Y,Y,Y,1,10,2,32
Wattay International Airport,VTE,05/07/2024 10:40,Kunming Changshui International Airport,KMG,05/07/2024 13:15,95,China Eastern,Business Class,575,320,N/A,1274,Y,Y,Y,1,10,2,32
Wattay International Airport,VTE,05/07/2024 23:20,Shanghai Pudong International Airport,PVG,06/07/2024 4:30,250,China Eastern,Business Class,790,275,TRUE,1368,Y,Y,Y,1,10,2,32
Wattay International Airport,VTE,05/07/2024 23:20,Shanghai Pudong International Airport,PVG,06/07/2024 4:30,250,China Eastern,Business Class,1595,1065,TRUE,1048,Y,Y,Y,1,10,2,32
Wattay International Airport,VTE,05/07/2024 21:50,Kunming Changshui International Airport,KMG,06/07/2024 0:25,95,China Eastern,Business Class,1120,895,TRUE,1322,Y,Y,Y,1,10,2,32
Wattay International Airport,VTE,05/07/2024 23:20,Shanghai Pudong International Airport,PVG,06/07/2024 4:30,250,China Eastern,Business Class,1125,595,TRUE,1368,Y,Y,Y,1,10,2,32
Wattay International Airport,VTE,05/07/2024 23:20,Shanghai Pudong International Airport,PVG,06/07/2024 4:30,250,China Eastern,Business Class,990,435,TRUE,1688,Y,Y,Y,1,10,2,32
Wattay International Airport,VTE,05/07/2024 21:15,Haikou Meilan International Airport,HAK,05/07/2024 23:40,85,Hainan,Business Class,1215,965,TRUE,N/A,Y,Y,Y,2,10,2,32
Wattay International Airport,VTE,06/07/2024 10:40,Kunming Changshui International Airport,KMG,06/07/2024 13:15,95,China Eastern,Business Class,575,320,N/A,1042,Y,Y,Y,1,10,2,32
Wattay International Airport,VTE,06/07/2024 21:50,Kunming Changshui International Airport,KMG,07/07/2024 0:25,95,China Eastern,Business Class,1025,780,TRUE,1042,Y,Y,Y,1,10,2,32
Wattay International Airport,VTE,06/07/2024 23:20,Shanghai Pudong International Airport,PVG,07/07/2024 4:30,250,China Eastern,Business Class,790,275,TRUE,1368,Y,Y,Y,1,10,2,32
Wattay International Airport,VTE,06/07/2024 23:20,Shanghai Pudong International Airport,PVG,07/07/2024 4:30,250,China Eastern,Business Class,1595,1065,TRUE,1048,Y,Y,Y,1,10,2,32
Wattay International Airport,VTE,06/07/2024 23:20,Shanghai Pudong International Airport,PVG,07/07/2024 4:30,250,China Eastern,Business Class,1520,990,TRUE,1187,Y,Y,Y,1,10,2,32
Wattay International Airport,VTE,06/07/2024 21:50,Kunming Changshui International Airport,KMG,07/07/2024 0:25,95,China Eastern,Business Class,1120,895,TRUE,1322,Y,Y,Y,1,10,2,32
Wattay International Airport,VTE,06/07/2024 17:20,Hong Kong International Airport,HKG,06/07/2024 20:45,145,Hong Kong Airlines,Business Class,445,120,N/A,N/A,Y,Y,Y,2,7,2,32
Wattay International Airport,VTE,06/07/2024 20:00,Noi Bai International Airport,HAN,06/07/2024 21:25,85,Vietnam Airlines,Business Class,890,685,TRUE,N/A,Y,Y,Y,2,10,1,32
Wattay International Airport,VTE,07/07/2024 19:10,Guangzhou Baiyun International Airport,CAN,07/07/2024 22:25,135,China Southern,Business Class,380,70,N/A,924,Y,Y,Y,1,10,2,32
Wattay International Airport,VTE,07/07/2024 10:40,Kunming Changshui International Airport,KMG,07/07/2024 13:15,95,China Eastern,Business Class,575,320,N/A,1042,Y,Y,Y,1,10,2,32
Wattay International Airport,VTE,07/07/2024 21:50,Kunming Changshui International Airport,KMG,08/07/2024 0:25,95,China Eastern,Business Class,860,605,TRUE,1042,Y,Y,Y,1,10,2,32
Wattay International Airport,VTE,07/07/2024 23:20,Shanghai Pudong International Airport,PVG,08/07/2024 4:30,250,China Eastern,Business Class,1595,1065,TRUE,1048,Y,Y,Y,1,10,2,32
Wattay International Airport,VTE,07/07/2024 23:20,Shanghai Pudong International Airport,PVG,08/07/2024 4:30,250,China Eastern,Business Class,1520,990,TRUE,1187,Y,Y,Y,1,10,2,32
Wattay International Airport,VTE,07/07/2024 21:50,Kunming Changshui International Airport,KMG,08/07/2024 0:25,95,China Eastern,Business Class,1120,895,TRUE,1322,Y,Y,Y,1,10,2,32
Wattay International Airport,VTE,07/07/2024 23:20,Shanghai Pudong International Airport,PVG,08/07/2024 4:30,250,China Eastern,Business Class,1125,595,TRUE,1368,Y,Y,Y,1,10,2,32
Wattay International Airport,VTE,07/07/2024 20:00,Noi Bai International Airport,HAN,07/07/2024 21:25,85,Vietnam Airlines,Business Class,890,685,TRUE,N/A,Y,Y,Y,2,10,1,32
Wattay International Airport,VTE,08/07/2024 21:50,Kunming Changshui International Airport,KMG,09/07/2024 0:25,95,China Eastern,Business Class,860,605,TRUE,1042,Y,Y,Y,1,10,2,32
Wattay International Airport,VTE,08/07/2024 10:40,Kunming Changshui International Airport,KMG,08/07/2024 13:15,95,China Eastern,Business Class,575,320,N/A,1274,Y,Y,Y,1,10,2,32
Wattay International Airport,VTE,08/07/2024 23:20,Shanghai Pudong International Airport,PVG,09/07/2024 4:30,250,China Eastern,Business Class,790,260,TRUE,1368,Y,Y,Y,1,10,2,32
Wattay International Airport,VTE,08/07/2024 23:20,Shanghai Pudong International Airport,PVG,09/07/2024 4:30,250,China Eastern,Business Class,1595,1065,TRUE,1048,Y,Y,Y,1,10,2,32
Wattay International Airport,VTE,08/07/2024 23:20,Shanghai Pudong International Airport,PVG,09/07/2024 4:30,250,China Eastern,Business Class,1520,990,TRUE,1187,Y,Y,Y,1,10,2,32
Wattay International Airport,VTE,08/07/2024 21:50,Kunming Changshui International Airport,KMG,09/07/2024 0:25,95,China Eastern,Business Class,1120,895,TRUE,1322,Y,Y,Y,1,10,2,32
Wattay International Airport,VTE,08/07/2024 23:20,Shanghai Pudong International Airport,PVG,09/07/2024 4:30,250,China Eastern,Business Class,990,450,TRUE,1368,Y,Y,Y,1,10,2,32
Wattay International Airport,VTE,08/07/2024 20:00,Noi Bai International Airport,HAN,08/07/2024 21:25,85,Vietnam Airlines,Business Class,890,685,TRUE,N/A,Y,Y,Y,2,10,1,32
Wattay International Airport,VTE,08/07/2024 21:15,Haikou Meilan International Airport,HAK,08/07/2024 23:40,85,Hainan,Business Class,1215,965,TRUE,N/A,Y,Y,Y,2,10,2,32
Wattay International Airport,VTE,09/07/2024 10:40,Kunming Changshui International Airport,KMG,09/07/2024 13:15,95,China Eastern,Business Class,575,320,N/A,1042,Y,Y,Y,1,10,2,32
Wattay International Airport,VTE,09/07/2024 21:50,Kunming Changshui International Airport,KMG,10/07/2024 0:25,95,China Eastern,Business Class,870,605,TRUE,1042,Y,Y,Y,1,10,2,32
Wattay International Airport,VTE,09/07/2024 23:20,Shanghai Pudong International Airport,PVG,10/07/2024 4:30,250,China Eastern,Business Class,790,275,TRUE,1368,Y,Y,Y,1,10,2,32
Wattay International Airport,VTE,09/07/2024 23:20,Shanghai Pudong International Airport,PVG,10/07/2024 4:30,250,China Eastern,Business Class,1595,1065,TRUE,1048,Y,Y,Y,1,10,2,32
Wattay International Airport,VTE,09/07/2024 23:20,Shanghai Pudong International Airport,PVG,10/07/2024 4:30,250,China Eastern,Business Class,1520,990,TRUE,1187,Y,Y,Y,1,10,2,32
Wattay International Airport,VTE,09/07/2024 21:50,Kunming Changshui International Airport,KMG,10/07/2024 0:25,95,China Eastern,Business Class,1120,895,TRUE,1322,Y,Y,Y,1,10,2,32
Wattay International Airport,VTE,09/07/2024 23:20,Shanghai Pudong International Airport,PVG,10/07/2024 4:30,250,China Eastern,Business Class,1125,595,TRUE,1368,Y,Y,Y,1,10,2,32
Wattay International Airport,VTE,09/07/2024 20:00,Noi Bai International Airport,HAN,09/07/2024 21:25,85,Vietnam Airlines,Business Class,890,685,TRUE,N/A,Y,Y,Y,2,10,1,32
Wattay International Airport,VTE,10/07/2024 19:10,Guangzhou Baiyun International Airport,CAN,10/07/2024 22:25,135,China Southern,Business Class,380,70,N/A,924,Y,Y,Y,1,10,2,32
Wattay International Airport,VTE,10/07/2024 10:40,Kunming Changshui International Airport,KMG,10/07/2024 13:15,95,China Eastern,Business Class,575,320,N/A,1042,Y,Y,Y,1,10,2,32
Wattay International Airport,VTE,10/07/2024 21:50,Kunming Changshui International Airport,KMG,11/07/2024 0:25,95,China Eastern,Business Class,860,605,TRUE,1042,Y,Y,Y,1,10,2,32
Wattay International Airport,VTE,10/07/2024 23:20,Shanghai Pudong International Airport,PVG,11/07/2024 4:30,250,China Eastern,Business Class,1595,1065,TRUE,1048,Y,Y,Y,1,10,2,32
Wattay International Airport,VTE,10/07/2024 23:20,Shanghai Pudong International Airport,PVG,11/07/2024 4:30,250,China Eastern,Business Class,1520,990,TRUE,1187,Y,Y,Y,1,10,2,32
Wattay International Airport,VTE,10/07/2024 21:50,Kunming Changshui International Airport,KMG,11/07/2024 0:25,95,China Eastern,Business Class,1120,895,TRUE,1322,Y,Y,Y,1,10,2,32
Wattay International Airport,VTE,10/07/2024 23:20,Shanghai Pudong International Airport,PVG,11/07/2024 4:30,250,China Eastern,Business Class,790,260,TRUE,1368,Y,Y,Y,1,10,2,32
Wattay International Airport,VTE,10/07/2024 23:20,Shanghai Pudong International Airport,PVG,11/07/2024 4:30,250,China Eastern,Business Class,1125,595,TRUE,1368,Y,Y,Y,1,10,2,32
Wattay International Airport,VTE,10/07/2024 20:00,Noi Bai International Airport,HAN,10/07/2024 21:25,85,Vietnam Airlines,Business Class,890,685,TRUE,N/A,Y,Y,Y,2,10,1,32
Wattay International Airport,VTE,10/07/2024 21:15,Haikou Meilan International Airport,HAK,10/07/2024 23:40,85,Hainan,Business Class,1215,965,TRUE,N/A,Y,Y,Y,2,10,2,32
Wattay International Airport,VTE,11/07/2024 10:40,Kunming Changshui International Airport,KMG,11/07/2024 13:15,95,China Eastern,Business Class,575,320,N/A,1042,Y,Y,Y,1,10,2,32
Wattay International Airport,VTE,11/07/2024 21:50,Kunming Changshui International Airport,KMG,12/07/2024 0:25,95,China Eastern,Business Class,870,605,TRUE,1042,Y,Y,Y,1,10,2,32
Wattay International Airport,VTE,11/07/2024 23:20,Shanghai Pudong International Airport,PVG,12/07/2024 4:30,250,China Eastern,Business Class,790,275,TRUE,1368,Y,Y,Y,1,10,2,32
Wattay International Airport,VTE,11/07/2024 23:20,Shanghai Pudong International Airport,PVG,12/07/2024 4:30,250,China Eastern,Business Class,1595,1065,TRUE,1048,Y,Y,Y,1,10,2,32
Wattay International Airport,VTE,11/07/2024 23:20,Shanghai Pudong International Airport,PVG,12/07/2024 4:30,250,China Eastern,Business Class,1520,990,TRUE,1187,Y,Y,Y,1,10,2,32
Wattay International Airport,VTE,11/07/2024 23:20,Shanghai Pudong International Airport,PVG,12/07/2024 4:30,250,China Eastern,Business Class,1125,595,TRUE,1368,Y,Y,Y,1,10,2,32
Wattay International Airport,VTE,11/07/2024 23:20,Shanghai Pudong International Airport,PVG,12/07/2024 4:30,250,China Eastern,Business Class,990,440,TRUE,1688,Y,Y,Y,1,10,2,32
Wattay International Airport,VTE,11/07/2024 20:00,Noi Bai International Airport,HAN,11/07/2024 21:25,85,Vietnam Airlines,Business Class,890,685,TRUE,N/A,Y,Y,Y,2,10,1,32
Wattay International Airport,VTE,12/07/2024 19:10,Guangzhou Baiyun International Airport,CAN,12/07/2024 22:25,135,China Southern,Business Class,380,70,N/A,924,Y,Y,Y,1,10,2,32
Wattay International Airport,VTE,12/07/2024 10:40,Kunming Changshui International Airport,KMG,12/07/2024 13:15,95,China Eastern,Business Class,575,320,N/A,1042,Y,Y,Y,1,10,2,32
Wattay International Airport,VTE,12/07/2024 21:50,Kunming Changshui International Airport,KMG,13/07/2024 0:25,95,China Eastern,Business Class,860,605,TRUE,1042,Y,Y,Y,1,10,2,32
Wattay International Airport,VTE,12/07/2024 23:20,Shanghai Pudong International Airport,PVG,13/07/2024 4:30,250,China Eastern,Business Class,790,275,TRUE,1368,Y,Y,Y,1,10,2,32
Wattay International Airport,VTE,12/07/2024 23:20,Shanghai Pudong International Airport,PVG,13/07/2024 4:30,250,China Eastern,Business Class,990,435,TRUE,1368,Y,Y,Y,1,10,2,32
Wattay International Airport,VTE,12/07/2024 23:20,Shanghai Pudong International Airport,PVG,13/07/2024 4:30,250,China Eastern,Business Class,1595,1065,TRUE,1048,Y,Y,Y,1,10,2,32
Wattay International Airport,VTE,12/07/2024 23:20,Shanghai Pudong International Airport,PVG,13/07/2024 4:30,250,China Eastern,Business Class,1520,990,TRUE,1187,Y,Y,Y,1,10,2,32
Wattay International Airport,VTE,12/07/2024 20:00,Noi Bai International Airport,HAN,12/07/2024 21:25,85,Vietnam Airlines,Business Class,890,685,TRUE,N/A,Y,Y,Y,2,10,1,32
Wattay International Airport,VTE,12/07/2024 21:15,Haikou Meilan International Airport,HAK,12/07/2024 23:40,85,Hainan,Business Class,1215,965,TRUE,N/A,Y,Y,Y,2,10,2,32
Wattay International Airport,VTE,13/07/2024 10:40,Kunming Changshui International Airport,KMG,13/07/2024 13:15,95,China Eastern,Business Class,575,320,N/A,1042,Y,Y,Y,1,10,2,32
Wattay International Airport,VTE,13/07/2024 21:50,Kunming Changshui International Airport,KMG,14/07/2024 0:25,95,China Eastern,Business Class,870,605,TRUE,1042,Y,Y,Y,1,10,2,32
Wattay International Airport,VTE,13/07/2024 23:20,Shanghai Pudong International Airport,PVG,14/07/2024 4:30,250,China Eastern,Business Class,990,435,TRUE,1368,Y,Y,Y,1,10,2,32
Wattay International Airport,VTE,13/07/2024 23:20,Shanghai Pudong International Airport,PVG,14/07/2024 4:30,250,China Eastern,Business Class,790,275,TRUE,1688,Y,Y,Y,1,10,2,32
Wattay International Airport,VTE,13/07/2024 23:20,Shanghai Pudong International Airport,PVG,14/07/2024 4:30,250,China Eastern,Business Class,1595,1065,TRUE,1048,Y,Y,Y,1,10,2,32
Wattay International Airport,VTE,13/07/2024 23:20,Shanghai Pudong International Airport,PVG,14/07/2024 4:30,250,China Eastern,Business Class,1520,990,TRUE,1187,Y,Y,Y,1,10,2,32
Wattay International Airport,VTE,13/07/2024 17:20,Hong Kong International Airport,HKG,13/07/2024 20:45,145,Hong Kong Airlines,Business Class,445,120,N/A,N/A,Y,Y,Y,2,7,2,32
Wattay International Airport,VTE,13/07/2024 20:00,Noi Bai International Airport,HAN,13/07/2024 21:25,85,Vietnam Airlines,Business Class,890,685,TRUE,N/A,Y,Y,Y,2,10,1,32
Wattay International Airport,VTE,14/07/2024 19:10,Guangzhou Baiyun International Airport,CAN,14/07/2024 22:25,135,China Southern,Business Class,380,70,N/A,924,Y,Y,Y,1,10,2,32
Wattay International Airport,VTE,14/07/2024 10:40,Kunming Changshui International Airport,KMG,14/07/2024 13:15,95,China Eastern,Business Class,575,320,N/A,1042,Y,Y,Y,1,10,2,32
Wattay International Airport,VTE,14/07/2024 21:50,Kunming Changshui International Airport,KMG,15/07/2024 0:25,95,China Eastern,Business Class,860,605,TRUE,1042,Y,Y,Y,1,10,2,32
Wattay International Airport,VTE,14/07/2024 23:20,Shanghai Pudong International Airport,PVG,15/07/2024 4:30,250,China Eastern,Business Class,790,275,TRUE,1368,Y,Y,Y,1,10,2,32
Wattay International Airport,VTE,14/07/2024 23:20,Shanghai Pudong International Airport,PVG,15/07/2024 4:30,250,China Eastern,Business Class,1595,1065,TRUE,1048,Y,Y,Y,1,10,2,32
Wattay International Airport,VTE,14/07/2024 23:20,Shanghai Pudong International Airport,PVG,15/07/2024 4:30,250,China Eastern,Business Class,1520,990,TRUE,1187,Y,Y,Y,1,10,2,32
Wattay International Airport,VTE,14/07/2024 23:20,Shanghai Pudong International Airport,PVG,15/07/2024 4:30,250,China Eastern,Business Class,1125,595,TRUE,1368,Y,Y,Y,1,10,2,32
Wattay International Airport,VTE,14/07/2024 20:00,Noi Bai International Airport,HAN,14/07/2024 21:25,85,Vietnam Airlines,Business Class,890,685,TRUE,N/A,Y,Y,Y,2,10,1,32
Wattay International Airport,VTE,15/07/2024 21:50,Kunming Changshui International Airport,KMG,16/07/2024 0:25,95,China Eastern,Business Class,860,605,TRUE,1042,Y,Y,Y,1,10,2,32
Wattay International Airport,VTE,15/07/2024 10:40,Kunming Changshui International Airport,KMG,15/07/2024 13:15,95,China Eastern,Business Class,575,320,N/A,1274,Y,Y,Y,1,10,2,32
Wattay International Airport,VTE,15/07/2024 23:20,Shanghai Pudong International Airport,PVG,16/07/2024 4:30,250,China Eastern,Business Class,790,260,TRUE,1368,Y,Y,Y,1,10,2,32
Wattay International Airport,VTE,15/07/2024 23:20,Shanghai Pudong International Airport,PVG,16/07/2024 4:30,250,China Eastern,Business Class,1595,1065,TRUE,1048,Y,Y,Y,1,10,2,32
Wattay International Airport,VTE,15/07/2024 23:20,Shanghai Pudong International Airport,PVG,16/07/2024 4:30,250,China Eastern,Business Class,1520,990,TRUE,1187,Y,Y,Y,1,10,2,32
Wattay International Airport,VTE,15/07/2024 23:20,Shanghai Pudong International Airport,PVG,16/07/2024 4:30,250,China Eastern,Business Class,1125,595,TRUE,1368,Y,Y,Y,1,10,2,32
Wattay International Airport,VTE,15/07/2024 23:20,Shanghai Pudong International Airport,PVG,16/07/2024 4:30,250,China Eastern,Business Class,990,450,TRUE,1688,Y,Y,Y,1,10,2,32
Wattay International Airport,VTE,15/07/2024 20:00,Noi Bai International Airport,HAN,15/07/2024 21:25,85,Vietnam Airlines,Business Class,890,685,TRUE,N/A,Y,Y,Y,2,10,1,32
Wattay International Airport,VTE,15/07/2024 21:15,Haikou Meilan International Airport,HAK,15/07/2024 23:40,85,Hainan,Business Class,1215,965,TRUE,N/A,Y,Y,Y,2,10,2,32
Wattay International Airport,VTE,16/07/2024 10:40,Kunming Changshui International Airport,KMG,16/07/2024 13:15,95,China Eastern,Business Class,575,320,N/A,1042,Y,Y,Y,1,10,2,32
Wattay International Airport,VTE,16/07/2024 21:50,Kunming Changshui International Airport,KMG,17/07/2024 0:25,95,China Eastern,Business Class,870,605,TRUE,1042,Y,Y,Y,1,10,2,32
Wattay International Airport,VTE,16/07/2024 23:20,Shanghai Pudong International Airport,PVG,17/07/2024 4:30,250,China Eastern,Business Class,1520,990,TRUE,1187,Y,Y,Y,1,10,2,32
Wattay International Airport,VTE,16/07/2024 21:50,Kunming Changshui International Airport,KMG,17/07/2024 0:25,95,China Eastern,Business Class,1120,895,TRUE,1322,Y,Y,Y,1,10,2,32
Wattay International Airport,VTE,16/07/2024 23:20,Shanghai Pudong International Airport,PVG,17/07/2024 4:30,250,China Eastern,Business Class,790,275,TRUE,1368,Y,Y,Y,1,10,2,32
Wattay International Airport,VTE,16/07/2024 23:20,Shanghai Pudong International Airport,PVG,17/07/2024 4:30,250,China Eastern,Business Class,1295,790,TRUE,1368,Y,Y,Y,1,10,2,32
Wattay International Airport,VTE,16/07/2024 20:00,Noi Bai International Airport,HAN,16/07/2024 21:25,85,Vietnam Airlines,Business Class,890,685,TRUE,N/A,Y,Y,Y,2,10,1,32
Wattay International Airport,VTE,17/07/2024 19:10,Guangzhou Baiyun International Airport,CAN,17/07/2024 22:25,135,China Southern,Business Class,380,70,N/A,924,Y,Y,Y,1,10,2,32
Wattay International Airport,VTE,17/07/2024 10:40,Kunming Changshui International Airport,KMG,17/07/2024 13:15,95,China Eastern,Business Class,695,465,N/A,1042,Y,Y,Y,1,10,2,32
Wattay International Airport,VTE,17/07/2024 21:50,Kunming Changshui International Airport,KMG,18/07/2024 0:25,95,China Eastern,Business Class,860,605,TRUE,1042,Y,Y,Y,1,10,2,32
Wattay International Airport,VTE,17/07/2024 10:40,Kunming Changshui International Airport,KMG,17/07/2024 13:15,95,China Eastern,Business Class,575,320,N/A,1349,Y,Y,Y,1,10,2,32
Wattay International Airport,VTE,17/07/2024 23:20,Shanghai Pudong International Airport,PVG,18/07/2024 4:30,250,China Eastern,Business Class,1520,990,TRUE,1187,Y,Y,Y,1,10,2,32
Wattay International Airport,VTE,17/07/2024 21:50,Kunming Changshui International Airport,KMG,18/07/2024 0:25,95,China Eastern,Business Class,1120,895,TRUE,1322,Y,Y,Y,1,10,2,32
Wattay International Airport,VTE,17/07/2024 23:20,Shanghai Pudong International Airport,PVG,18/07/2024 4:30,250,China Eastern,Business Class,790,260,TRUE,1368,Y,Y,Y,1,10,2,32
Wattay International Airport,VTE,17/07/2024 23:20,Shanghai Pudong International Airport,PVG,18/07/2024 4:30,250,China Eastern,Business Class,990,450,TRUE,1368,Y,Y,Y,1,10,2,32
Wattay International Airport,VTE,17/07/2024 20:00,Noi Bai International Airport,HAN,17/07/2024 21:25,85,Vietnam Airlines,Business Class,890,685,TRUE,N/A,Y,Y,Y,2,10,1,32
Wattay International Airport,VTE,17/07/2024 21:15,Haikou Meilan International Airport,HAK,17/07/2024 23:40,85,Hainan,Business Class,1215,965,TRUE,N/A,Y,Y,Y,2,10,2,32
Wattay International Airport,VTE,18/07/2024 10:40,Kunming Changshui International Airport,KMG,18/07/2024 13:15,95,China Eastern,Business Class,575,320,N/A,1042,Y,Y,Y,1,10,2,32
Wattay International Airport,VTE,18/07/2024 21:50,Kunming Changshui International Airport,KMG,19/07/2024 0:25,95,China Eastern,Business Class,870,605,TRUE,1042,Y,Y,Y,1,10,2,32
Wattay International Airport,VTE,18/07/2024 23:20,Shanghai Pudong International Airport,PVG,19/07/2024 4:30,250,China Eastern,Business Class,1520,990,TRUE,1187,Y,Y,Y,1,10,2,32
Wattay International Airport,VTE,18/07/2024 23:20,Shanghai Pudong International Airport,PVG,19/07/2024 4:30,250,China Eastern,Business Class,790,275,TRUE,1368,Y,Y,Y,1,10,2,32
Wattay International Airport,VTE,18/07/2024 23:20,Shanghai Pudong International Airport,PVG,19/07/2024 4:30,250,China Eastern,Business Class,990,440,TRUE,1368,Y,Y,Y,1,10,2,32
Wattay International Airport,VTE,18/07/2024 20:00,Noi Bai International Airport,HAN,18/07/2024 21:25,85,Vietnam Airlines,Business Class,890,685,TRUE,N/A,Y,Y,Y,2,10,1,32
Wattay International Airport,VTE,19/07/2024 10:40,Kunming Changshui International Airport,KMG,19/07/2024 13:15,95,China Eastern,Business Class,575,320,N/A,1042,Y,Y,Y,1,10,2,32
Wattay International Airport,VTE,19/07/2024 21:50,Kunming Changshui International Airport,KMG,20/07/2024 0:25,95,China Eastern,Business Class,860,605,TRUE,1042,Y,Y,Y,1,10,2,32
Wattay International Airport,VTE,19/07/2024 19:10,Guangzhou Baiyun International Airport,CAN,19/07/2024 22:25,135,China Southern,Business Class,380,70,N/A,1739,Y,Y,Y,1,10,2,32
Wattay International Airport,VTE,19/07/2024 23:20,Shanghai Pudong International Airport,PVG,20/07/2024 4:30,250,China Eastern,Business Class,1595,1065,TRUE,1048,Y,Y,Y,1,10,2,32
Wattay International Airport,VTE,19/07/2024 23:20,Shanghai Pudong International Airport,PVG,20/07/2024 4:30,250,China Eastern,Business Class,1520,990,TRUE,1187,Y,Y,Y,1,10,2,32
Wattay International Airport,VTE,19/07/2024 21:50,Kunming Changshui International Airport,KMG,20/07/2024 0:25,95,China Eastern,Business Class,1120,895,TRUE,1322,Y,Y,Y,1,10,2,32
Wattay International Airport,VTE,19/07/2024 23:20,Shanghai Pudong International Airport,PVG,20/07/2024 4:30,250,China Eastern,Business Class,790,275,TRUE,1368,Y,Y,Y,1,10,2,32
Wattay International Airport,VTE,19/07/2024 23:20,Shanghai Pudong International Airport,PVG,20/07/2024 4:30,250,China Eastern,Business Class,990,435,TRUE,1368,Y,Y,Y,1,10,2,32
Wattay International Airport,VTE,19/07/2024 20:00,Noi Bai International Airport,HAN,19/07/2024 21:25,85,Vietnam Airlines,Business Class,890,685,TRUE,N/A,Y,Y,Y,2,10,1,32
Wattay International Airport,VTE,19/07/2024 21:15,Haikou Meilan International Airport,HAK,19/07/2024 23:40,85,Hainan,Business Class,1215,965,TRUE,N/A,Y,Y,Y,2,10,2,32
Wattay International Airport,VTE,20/07/2024 10:40,Kunming Changshui International Airport,KMG,20/07/2024 13:15,95,China Eastern,Business Class,575,320,N/A,1042,Y,Y,Y,1,10,2,32
Wattay International Airport,VTE,20/07/2024 21:50,Kunming Changshui International Airport,KMG,21/07/2024 0:25,95,China Eastern,Business Class,870,605,TRUE,1042,Y,Y,Y,1,10,2,32
Wattay International Airport,VTE,20/07/2024 23:20,Shanghai Pudong International Airport,PVG,21/07/2024 4:30,250,China Eastern,Business Class,790,275,TRUE,1368,Y,Y,Y,1,10,2,32
Wattay International Airport,VTE,20/07/2024 23:20,Shanghai Pudong International Airport,PVG,21/07/2024 4:30,250,China Eastern,Business Class,1595,1065,TRUE,1048,Y,Y,Y,1,10,2,32
Wattay International Airport,VTE,20/07/2024 23:20,Shanghai Pudong International Airport,PVG,21/07/2024 4:30,250,China Eastern,Business Class,1520,990,TRUE,1187,Y,Y,Y,1,10,2,32
Wattay International Airport,VTE,20/07/2024 21:50,Kunming Changshui International Airport,KMG,21/07/2024 0:25,95,China Eastern,Business Class,1120,895,TRUE,1322,Y,Y,Y,1,10,2,32
Wattay International Airport,VTE,20/07/2024 23:20,Shanghai Pudong International Airport,PVG,21/07/2024 4:30,250,China Eastern,Business Class,990,435,TRUE,1368,Y,Y,Y,1,10,2,32
Wattay International Airport,VTE,20/07/2024 17:20,Hong Kong International Airport,HKG,20/07/2024 20:45,145,Hong Kong Airlines,Business Class,445,120,N/A,N/A,Y,Y,Y,2,7,2,32
Wattay International Airport,VTE,20/07/2024 20:00,Noi Bai International Airport,HAN,20/07/2024 21:25,85,Vietnam Airlines,Business Class,890,685,TRUE,N/A,Y,Y,Y,2,10,1,32
Wattay International Airport,VTE,21/07/2024 19:10,Guangzhou Baiyun International Airport,CAN,21/07/2024 22:25,135,China Southern,Business Class,380,70,N/A,924,Y,Y,Y,1,10,2,32
Wattay International Airport,VTE,21/07/2024 10:40,Kunming Changshui International Airport,KMG,21/07/2024 13:15,95,China Eastern,Business Class,575,320,N/A,1042,Y,Y,Y,1,10,2,32
Wattay International Airport,VTE,21/07/2024 21:50,Kunming Changshui International Airport,KMG,22/07/2024 0:25,95,China Eastern,Business Class,860,605,TRUE,1042,Y,Y,Y,1,10,2,32
Wattay International Airport,VTE,21/07/2024 23:20,Shanghai Pudong International Airport,PVG,22/07/2024 4:30,250,China Eastern,Business Class,790,275,TRUE,1368,Y,Y,Y,1,10,2,32
Wattay International Airport,VTE,21/07/2024 23:20,Shanghai Pudong International Airport,PVG,22/07/2024 4:30,250,China Eastern,Business Class,1595,1065,TRUE,1048,Y,Y,Y,1,10,2,32
Wattay International Airport,VTE,21/07/2024 23:20,Shanghai Pudong International Airport,PVG,22/07/2024 4:30,250,China Eastern,Business Class,1520,990,TRUE,1187,Y,Y,Y,1,10,2,32
Wattay International Airport,VTE,21/07/2024 23:20,Shanghai Pudong International Airport,PVG,22/07/2024 4:30,250,China Eastern,Business Class,1295,790,TRUE,1368,Y,Y,Y,1,10,2,32
Wattay International Airport,VTE,21/07/2024 23:20,Shanghai Pudong International Airport,PVG,22/07/2024 4:30,250,China Eastern,Business Class,990,435,TRUE,1688,Y,Y,Y,1,10,2,32
Wattay International Airport,VTE,21/07/2024 20:00,Noi Bai International Airport,HAN,21/07/2024 21:25,85,Vietnam Airlines,Business Class,890,685,TRUE,N/A,Y,Y,Y,2,10,1,32
Wattay International Airport,VTE,22/07/2024 10:40,Kunming Changshui International Airport,KMG,22/07/2024 13:15,95,China Eastern,Business Class,575,320,N/A,1042,Y,Y,Y,1,10,2,32
Wattay International Airport,VTE,22/07/2024 21:50,Kunming Changshui International Airport,KMG,23/07/2024 0:25,95,China Eastern,Business Class,860,605,TRUE,1042,Y,Y,Y,1,10,2,32
Wattay International Airport,VTE,22/07/2024 23:20,Shanghai Pudong International Airport,PVG,23/07/2024 4:30,250,China Eastern,Business Class,790,260,TRUE,1368,Y,Y,Y,1,10,2,32
Wattay International Airport,VTE,22/07/2024 23:20,Shanghai Pudong International Airport,PVG,23/07/2024 4:30,250,China Eastern,Business Class,1595,1065,TRUE,1048,Y,Y,Y,1,10,2,32
Wattay International Airport,VTE,22/07/2024 23:20,Shanghai Pudong International Airport,PVG,23/07/2024 4:30,250,China Eastern,Business Class,1520,990,TRUE,1187,Y,Y,Y,1,10,2,32
Wattay International Airport,VTE,22/07/2024 23:20,Shanghai Pudong International Airport,PVG,23/07/2024 4:30,250,China Eastern,Business Class,1125,595,TRUE,1368,Y,Y,Y,1,10,2,32
Wattay International Airport,VTE,22/07/2024 20:00,Noi Bai International Airport,HAN,22/07/2024 21:25,85,Vietnam Airlines,Business Class,890,685,TRUE,N/A,Y,Y,Y,2,10,1,32
Wattay International Airport,VTE,22/07/2024 21:15,Haikou Meilan International Airport,HAK,22/07/2024 23:40,85,Hainan,Business Class,1215,965,TRUE,N/A,Y,Y,Y,2,10,2,32
Wattay International Airport,VTE,23/07/2024 10:40,Kunming Changshui International Airport,KMG,23/07/2024 13:15,95,China Eastern,Business Class,575,320,N/A,1042,Y,Y,Y,1,10,2,32
Wattay International Airport,VTE,23/07/2024 21:50,Kunming Changshui International Airport,KMG,24/07/2024 0:25,95,China Eastern,Business Class,870,605,TRUE,1042,Y,Y,Y,1,10,2,32
Wattay International Airport,VTE,23/07/2024 23:20,Shanghai Pudong International Airport,PVG,24/07/2024 4:30,250,China Eastern,Business Class,1595,1065,TRUE,1048,Y,Y,Y,1,10,2,32
Wattay International Airport,VTE,23/07/2024 23:20,Shanghai Pudong International Airport,PVG,24/07/2024 4:30,250,China Eastern,Business Class,1520,990,TRUE,1187,Y,Y,Y,1,10,2,32
Wattay International Airport,VTE,23/07/2024 23:20,Shanghai Pudong International Airport,PVG,24/07/2024 4:30,250,China Eastern,Business Class,790,275,TRUE,1368,Y,Y,Y,1,10,2,32
Wattay International Airport,VTE,23/07/2024 23:20,Shanghai Pudong International Airport,PVG,24/07/2024 4:30,250,China Eastern,Business Class,1125,595,TRUE,1368,Y,Y,Y,1,10,2,32
Wattay International Airport,VTE,23/07/2024 20:00,Noi Bai International Airport,HAN,23/07/2024 21:25,85,Vietnam Airlines,Business Class,890,685,TRUE,N/A,Y,Y,Y,2,10,1,32
Wattay International Airport,VTE,24/07/2024 19:10,Guangzhou Baiyun International Airport,CAN,24/07/2024 22:25,135,China Southern,Business Class,380,70,N/A,924,Y,Y,Y,1,10,2,32
Wattay International Airport,VTE,24/07/2024 10:40,Kunming Changshui International Airport,KMG,24/07/2024 13:15,95,China Eastern,Business Class,575,320,N/A,932,Y,Y,Y,1,10,2,32
Wattay International Airport,VTE,24/07/2024 21:50,Kunming Changshui International Airport,KMG,25/07/2024 0:25,95,China Eastern,Business Class,860,605,TRUE,932,Y,Y,Y,1,10,2,32
Wattay International Airport,VTE,24/07/2024 23:20,Shanghai Pudong International Airport,PVG,25/07/2024 4:30,250,China Eastern,Business Class,1520,990,TRUE,1076,Y,Y,Y,1,10,2,32
Wattay International Airport,VTE,24/07/2024 21:50,Kunming Changshui International Airport,KMG,25/07/2024 0:25,95,China Eastern,Business Class,1120,895,TRUE,1212,Y,Y,Y,1,10,2,32
Wattay International Airport,VTE,24/07/2024 23:20,Shanghai Pudong International Airport,PVG,25/07/2024 4:30,250,China Eastern,Business Class,790,260,TRUE,1257,Y,Y,Y,1,10,2,32
Wattay International Airport,VTE,24/07/2024 23:20,Shanghai Pudong International Airport,PVG,25/07/2024 4:30,250,China Eastern,Business Class,990,450,TRUE,1257,Y,Y,Y,1,10,2,32
Wattay International Airport,VTE,24/07/2024 20:00,Noi Bai International Airport,HAN,24/07/2024 21:25,85,Vietnam Airlines,Business Class,890,685,TRUE,N/A,Y,Y,Y,2,10,1,32
Wattay International Airport,VTE,24/07/2024 21:15,Haikou Meilan International Airport,HAK,24/07/2024 23:40,85,Hainan,Business Class,1215,965,TRUE,N/A,Y,Y,Y,2,10,2,32
Wattay International Airport,VTE,25/07/2024 10:40,Kunming Changshui International Airport,KMG,25/07/2024 13:15,95,China Eastern,Business Class,575,320,N/A,932,Y,Y,Y,1,10,2,32
Wattay International Airport,VTE,25/07/2024 21:50,Kunming Changshui International Airport,KMG,26/07/2024 0:25,95,China Eastern,Business Class,870,605,TRUE,932,Y,Y,Y,1,10,2,32
Wattay International Airport,VTE,25/07/2024 23:20,Shanghai Pudong International Airport,PVG,26/07/2024 4:30,250,China Eastern,Business Class,790,275,TRUE,1257,Y,Y,Y,1,10,2,32
Wattay International Airport,VTE,25/07/2024 23:20,Shanghai Pudong International Airport,PVG,26/07/2024 4:30,250,China Eastern,Business Class,1595,1065,TRUE,937,Y,Y,Y,1,10,2,32
Wattay International Airport,VTE,25/07/2024 23:20,Shanghai Pudong International Airport,PVG,26/07/2024 4:30,250,China Eastern,Business Class,1520,990,TRUE,1076,Y,Y,Y,1,10,2,32
Wattay International Airport,VTE,25/07/2024 21:50,Kunming Changshui International Airport,KMG,26/07/2024 0:25,95,China Eastern,Business Class,1120,895,TRUE,1212,Y,Y,Y,1,10,2,32
Wattay International Airport,VTE,25/07/2024 23:20,Shanghai Pudong International Airport,PVG,26/07/2024 4:30,250,China Eastern,Business Class,1125,595,TRUE,1257,Y,Y,Y,1,10,2,32
Wattay International Airport,VTE,25/07/2024 23:20,Shanghai Pudong International Airport,PVG,26/07/2024 4:30,250,China Eastern,Business Class,990,440,TRUE,1577,Y,Y,Y,1,10,2,32
Wattay International Airport,VTE,25/07/2024 20:00,Noi Bai International Airport,HAN,25/07/2024 21:25,85,Vietnam Airlines,Business Class,890,685,TRUE,N/A,Y,Y,Y,2,10,1,32
Wattay International Airport,VTE,26/07/2024 19:10,Guangzhou Baiyun International Airport,CAN,26/07/2024 22:25,135,China Southern,Business Class,380,70,N/A,924,Y,Y,Y,1,10,2,32
Wattay International Airport,VTE,26/07/2024 10:40,Kunming Changshui International Airport,KMG,26/07/2024 13:15,95,China Eastern,Business Class,575,320,N/A,932,Y,Y,Y,1,10,2,32
Wattay International Airport,VTE,26/07/2024 21:50,Kunming Changshui International Airport,KMG,27/07/2024 0:25,95,China Eastern,Business Class,860,605,TRUE,932,Y,Y,Y,1,10,2,32
Wattay International Airport,VTE,26/07/2024 23:20,Shanghai Pudong International Airport,PVG,27/07/2024 4:30,250,China Eastern,Business Class,1595,1065,TRUE,937,Y,Y,Y,1,10,2,32
Wattay International Airport,VTE,26/07/2024 23:20,Shanghai Pudong International Airport,PVG,27/07/2024 4:30,250,China Eastern,Business Class,1520,990,TRUE,1076,Y,Y,Y,1,10,2,32
Wattay International Airport,VTE,26/07/2024 21:50,Kunming Changshui International Airport,KMG,27/07/2024 0:25,95,China Eastern,Business Class,1120,895,TRUE,1212,Y,Y,Y,1,10,2,32
Wattay International Airport,VTE,26/07/2024 23:20,Shanghai Pudong International Airport,PVG,27/07/2024 4:30,250,China Eastern,Business Class,790,275,TRUE,1257,Y,Y,Y,1,10,2,32
Wattay International Airport,VTE,26/07/2024 23:20,Shanghai Pudong International Airport,PVG,27/07/2024 4:30,250,China Eastern,Business Class,990,435,TRUE,1257,Y,Y,Y,1,10,2,32
Wattay International Airport,VTE,26/07/2024 20:00,Noi Bai International Airport,HAN,26/07/2024 21:25,85,Vietnam Airlines,Business Class,890,685,TRUE,N/A,Y,Y,Y,2,10,1,32
Wattay International Airport,VTE,26/07/2024 21:15,Haikou Meilan International Airport,HAK,26/07/2024 23:40,85,Hainan,Business Class,1215,965,TRUE,N/A,Y,Y,Y,2,10,2,32
Wattay International Airport,VTE,27/07/2024 10:40,Kunming Changshui International Airport,KMG,27/07/2024 13:15,95,China Eastern,Business Class,575,320,N/A,932,Y,Y,Y,1,10,2,32
Wattay International Airport,VTE,27/07/2024 21:50,Kunming Changshui International Airport,KMG,28/07/2024 0:25,95,China Eastern,Business Class,870,605,TRUE,932,Y,Y,Y,1,10,2,32
Wattay International Airport,VTE,27/07/2024 23:20,Shanghai Pudong International Airport,PVG,28/07/2024 4:30,250,China Eastern,Business Class,790,275,TRUE,1257,Y,Y,Y,1,10,2,32
Wattay International Airport,VTE,27/07/2024 23:20,Shanghai Pudong International Airport,PVG,28/07/2024 4:30,250,China Eastern,Business Class,1595,1065,TRUE,937,Y,Y,Y,1,10,2,32
Wattay International Airport,VTE,27/07/2024 23:20,Shanghai Pudong International Airport,PVG,28/07/2024 4:30,250,China Eastern,Business Class,1520,990,TRUE,1076,Y,Y,Y,1,10,2,32
Wattay International Airport,VTE,27/07/2024 21:50,Kunming Changshui International Airport,KMG,28/07/2024 0:25,95,China Eastern,Business Class,1120,895,TRUE,1212,Y,Y,Y,1,10,2,32
Wattay International Airport,VTE,27/07/2024 23:20,Shanghai Pudong International Airport,PVG,28/07/2024 4:30,250,China Eastern,Business Class,990,435,TRUE,1257,Y,Y,Y,1,10,2,32
Wattay International Airport,VTE,27/07/2024 20:00,Noi Bai International Airport,HAN,27/07/2024 21:25,85,Vietnam Airlines,Business Class,890,685,TRUE,N/A,Y,Y,Y,2,10,1,32
Wattay International Airport,VTE,28/07/2024 19:10,Guangzhou Baiyun International Airport,CAN,28/07/2024 22:25,135,China Southern,Business Class,380,70,N/A,924,Y,Y,Y,1,10,2,32
Wattay International Airport,VTE,28/07/2024 10:40,Kunming Changshui International Airport,KMG,28/07/2024 13:15,95,China Eastern,Business Class,575,320,N/A,932,Y,Y,Y,1,10,2,32
Wattay International Airport,VTE,28/07/2024 21:50,Kunming Changshui International Airport,KMG,29/07/2024 0:25,95,China Eastern,Business Class,860,605,TRUE,932,Y,Y,Y,1,10,2,32
Wattay International Airport,VTE,28/07/2024 23:20,Shanghai Pudong International Airport,PVG,29/07/2024 4:30,250,China Eastern,Business Class,790,275,TRUE,1257,Y,Y,Y,1,10,2,32
Wattay International Airport,VTE,28/07/2024 23:20,Shanghai Pudong International Airport,PVG,29/07/2024 4:30,250,China Eastern,Business Class,1595,1065,TRUE,937,Y,Y,Y,1,10,2,32
Wattay International Airport,VTE,28/07/2024 23:20,Shanghai Pudong International Airport,PVG,29/07/2024 4:30,250,China Eastern,Business Class,1520,990,TRUE,1076,Y,Y,Y,1,10,2,32
Wattay International Airport,VTE,28/07/2024 21:50,Kunming Changshui International Airport,KMG,29/07/2024 0:25,95,China Eastern,Business Class,1120,895,TRUE,1212,Y,Y,Y,1,10,2,32
Wattay International Airport,VTE,28/07/2024 23:20,Shanghai Pudong International Airport,PVG,29/07/2024 4:30,250,China Eastern,Business Class,1125,595,TRUE,1257,Y,Y,Y,1,10,2,32
Wattay International Airport,VTE,28/07/2024 16:20,Hong Kong International Airport,HKG,28/07/2024 20:45,205,Hong Kong Airlines,Business Class,505,120,N/A,N/A,Y,Y,Y,2,7,2,32
Wattay International Airport,VTE,28/07/2024 20:00,Noi Bai International Airport,HAN,28/07/2024 21:25,85,Vietnam Airlines,Business Class,890,685,TRUE,N/A,Y,Y,Y,2,10,1,32
Wattay International Airport,VTE,29/07/2024 10:40,Kunming Changshui International Airport,KMG,29/07/2024 13:15,95,China Eastern,Business Class,575,320,N/A,932,Y,Y,Y,1,10,2,32
Wattay International Airport,VTE,29/07/2024 21:50,Kunming Changshui International Airport,KMG,30/07/2024 0:25,95,China Eastern,Business Class,860,605,TRUE,932,Y,Y,Y,1,10,2,32
Wattay International Airport,VTE,29/07/2024 23:20,Shanghai Pudong International Airport,PVG,30/07/2024 4:30,250,China Eastern,Business Class,790,260,TRUE,1257,Y,Y,Y,1,10,2,32
Wattay International Airport,VTE,29/07/2024 23:20,Shanghai Pudong International Airport,PVG,30/07/2024 4:30,250,China Eastern,Business Class,1595,1065,TRUE,937,Y,Y,Y,1,10,2,32
Wattay International Airport,VTE,29/07/2024 23:20,Shanghai Pudong International Airport,PVG,30/07/2024 4:30,250,China Eastern,Business Class,1520,990,TRUE,1076,Y,Y,Y,1,10,2,32
Wattay International Airport,VTE,29/07/2024 21:50,Kunming Changshui International Airport,KMG,30/07/2024 0:25,95,China Eastern,Business Class,1120,895,TRUE,1212,Y,Y,Y,1,10,2,32
Wattay International Airport,VTE,29/07/2024 23:20,Shanghai Pudong International Airport,PVG,30/07/2024 4:30,250,China Eastern,Business Class,1125,595,TRUE,1257,Y,Y,Y,1,10,2,32
Wattay International Airport,VTE,29/07/2024 23:20,Shanghai Pudong International Airport,PVG,30/07/2024 4:30,250,China Eastern,Business Class,990,450,TRUE,1577,Y,Y,Y,1,10,2,32
Wattay International Airport,VTE,29/07/2024 20:00,Noi Bai International Airport,HAN,29/07/2024 21:25,85,Vietnam Airlines,Business Class,890,685,TRUE,N/A,Y,Y,Y,2,10,1,32
Wattay International Airport,VTE,29/07/2024 21:15,Haikou Meilan International Airport,HAK,29/07/2024 23:40,85,Hainan,Business Class,1215,965,TRUE,N/A,Y,Y,Y,2,10,2,32
Wattay International Airport,VTE,30/07/2024 10:40,Kunming Changshui International Airport,KMG,30/07/2024 13:15,95,China Eastern,Business Class,575,320,N/A,932,Y,Y,Y,1,10,2,32
Wattay International Airport,VTE,30/07/2024 21:50,Kunming Changshui International Airport,KMG,31/07/2024 0:25,95,China Eastern,Business Class,870,605,TRUE,932,Y,Y,Y,1,10,2,32
Wattay International Airport,VTE,30/07/2024 23:20,Shanghai Pudong International Airport,PVG,31/07/2024 4:30,250,China Eastern,Business Class,790,275,TRUE,1257,Y,Y,Y,1,10,2,32
Wattay International Airport,VTE,30/07/2024 23:20,Shanghai Pudong International Airport,PVG,31/07/2024 4:30,250,China Eastern,Business Class,1595,1065,TRUE,937,Y,Y,Y,1,10,2,32
Wattay International Airport,VTE,30/07/2024 23:20,Shanghai Pudong International Airport,PVG,31/07/2024 4:30,250,China Eastern,Business Class,1520,990,TRUE,1076,Y,Y,Y,1,10,2,32
Wattay International Airport,VTE,30/07/2024 21:50,Kunming Changshui International Airport,KMG,31/07/2024 0:25,95,China Eastern,Business Class,1120,895,TRUE,1212,Y,Y,Y,1,10,2,32
Wattay International Airport,VTE,30/07/2024 23:20,Shanghai Pudong International Airport,PVG,31/07/2024 4:30,250,China Eastern,Business Class,1125,595,TRUE,1257,Y,Y,Y,1,10,2,32
Wattay International Airport,VTE,30/07/2024 23:20,Shanghai Pudong International Airport,PVG,31/07/2024 4:30,250,China Eastern,Business Class,990,450,TRUE,1577,Y,Y,Y,1,10,2,32
Wattay International Airport,VTE,30/07/2024 20:00,Noi Bai International Airport,HAN,30/07/2024 21:25,85,Vietnam Airlines,Business Class,890,685,TRUE,N/A,Y,Y,Y,2,10,1,32
Wattay International Airport,VTE,31/07/2024 19:10,Guangzhou Baiyun International Airport,CAN,31/07/2024 22:25,135,China Southern,Business Class,380,70,N/A,924,Y,Y,Y,1,10,2,32
Wattay International Airport,VTE,31/07/2024 10:40,Kunming Changshui International Airport,KMG,31/07/2024 13:15,95,China Eastern,Business Class,575,320,N/A,932,Y,Y,Y,1,10,2,32
Wattay International Airport,VTE,31/07/2024 21:50,Kunming Changshui International Airport,KMG,01/08/2024 0:25,95,China Eastern,Business Class,860,605,TRUE,932,Y,Y,Y,1,10,2,32
Wattay International Airport,VTE,31/07/2024 23:20,Shanghai Pudong International Airport,PVG,01/08/2024 4:30,250,China Eastern,Business Class,1595,1065,TRUE,937,Y,Y,Y,1,10,2,32
Wattay International Airport,VTE,31/07/2024 23:20,Shanghai Pudong International Airport,PVG,01/08/2024 4:30,250,China Eastern,Business Class,1520,990,TRUE,1076,Y,Y,Y,1,10,2,32
Wattay International Airport,VTE,31/07/2024 21:50,Kunming Changshui International Airport,KMG,01/08/2024 0:25,95,China Eastern,Business Class,1120,895,TRUE,1212,Y,Y,Y,1,10,2,32
Wattay International Airport,VTE,31/07/2024 23:20,Shanghai Pudong International Airport,PVG,01/08/2024 4:30,250,China Eastern,Business Class,790,260,TRUE,1257,Y,Y,Y,1,10,2,32
Wattay International Airport,VTE,31/07/2024 23:20,Shanghai Pudong International Airport,PVG,01/08/2024 4:30,250,China Eastern,Business Class,990,450,TRUE,1257,Y,Y,Y,1,10,2,32
Wattay International Airport,VTE,31/07/2024 20:00,Noi Bai International Airport,HAN,31/07/2024 21:25,85,Vietnam Airlines,Business Class,890,685,TRUE,N/A,Y,Y,Y,2,10,1,32
Wattay International Airport,VTE,31/07/2024 21:15,Haikou Meilan International Airport,HAK,31/07/2024 23:40,85,Hainan,Business Class,1215,965,TRUE,N/A,Y,Y,Y,2,10,2,32
Wattay International Airport,VTE,01/08/2024 10:40,Kunming Changshui International Airport,KMG,01/08/2024 13:15,95,China Eastern,Business Class,575,320,N/A,646,Y,Y,Y,1,10,2,32
Wattay International Airport,VTE,01/08/2024 21:50,Kunming Changshui International Airport,KMG,02/08/2024 0:25,95,China Eastern,Business Class,870,605,TRUE,646,Y,Y,Y,1,10,2,32
Wattay International Airport,VTE,01/08/2024 21:50,Kunming Changshui International Airport,KMG,02/08/2024 0:25,95,China Eastern,Business Class,1120,895,TRUE,1061,Y,Y,Y,1,10,2,32
Wattay International Airport,VTE,01/08/2024 20:00,Noibai International Airport,HAN,01/08/2024 21:25,85,Vietnam Airlines,Business Class,890,685,TRUE,N/A,Y,Y,Y,2,10,1,32
Wattay International Airport,VTE,02/08/2024 10:40,Kunming Changshui International Airport,KMG,02/08/2024 13:15,95,China Eastern,Business Class,575,320,N/A,646,Y,Y,Y,1,10,2,32
Wattay International Airport,VTE,02/08/2024 19:10,Guangzhou Baiyun International Airport,CAN,02/08/2024 22:25,135,China Southern,Business Class,380,70,N/A,661,Y,Y,Y,1,10,2,32
Wattay International Airport,VTE,02/08/2024 21:50,Kunming Changshui International Airport,KMG,03/08/2024 0:25,95,China Eastern,Business Class,860,605,TRUE,1276,Y,Y,Y,1,10,2,32
Wattay International Airport,VTE,02/08/2024 23:20,Shanghai Pudong International Airport,PVG,03/08/2024 4:30,250,China Eastern,Business Class,990,435,TRUE,1370,Y,Y,Y,1,10,2,32
Wattay International Airport,VTE,02/08/2024 23:20,Shanghai Pudong International Airport,PVG,03/08/2024 4:30,250,China Eastern,Business Class,1595,1065,TRUE,1050,Y,Y,Y,1,10,2,32
Wattay International Airport,VTE,02/08/2024 10:40,Kunming Changshui International Airport,KMG,02/08/2024 13:15,95,China Eastern,Business Class,1790,1565,TRUE,1061,Y,Y,Y,1,10,2,32
Wattay International Airport,VTE,02/08/2024 23:20,Shanghai Pudong International Airport,PVG,03/08/2024 4:30,250,China Eastern,Business Class,1675,1145,TRUE,1370,Y,Y,Y,1,10,2,32
Wattay International Airport,VTE,02/08/2024 23:20,Shanghai Pudong International Airport,PVG,03/08/2024 4:30,250,China Eastern,Business Class,790,275,TRUE,1691,Y,Y,Y,1,10,2,32
Wattay International Airport,VTE,02/08/2024 20:00,Noibai International Airport,HAN,02/08/2024 21:25,85,Vietnam Airlines,Business Class,890,685,TRUE,N/A,Y,Y,Y,2,10,1,32
Wattay International Airport,VTE,02/08/2024 21:15,Haikou Meilan International Airport,HAK,02/08/2024 23:40,85,Hainan,Business Class,1215,965,TRUE,N/A,Y,Y,Y,2,10,2,32
Wattay International Airport,VTE,03/08/2024 21:50,Kunming Changshui International Airport,KMG,04/08/2024 0:25,95,China Eastern,Business Class,870,605,TRUE,646,Y,Y,Y,1,10,2,32
Wattay International Airport,VTE,03/08/2024 21:50,Kunming Changshui International Airport,KMG,04/08/2024 0:25,95,China Eastern,Business Class,1120,895,TRUE,1061,Y,Y,Y,1,10,2,32
Wattay International Airport,VTE,03/08/2024 10:40,Kunming Changshui International Airport,KMG,03/08/2024 13:15,95,China Eastern,Business Class,575,320,N/A,1276,Y,Y,Y,1,10,2,32
Wattay International Airport,VTE,03/08/2024 23:20,Shanghai Pudong International Airport,PVG,04/08/2024 4:30,250,China Eastern,Business Class,790,275,TRUE,1370,Y,Y,Y,1,10,2,32
Wattay International Airport,VTE,03/08/2024 23:20,Shanghai Pudong International Airport,PVG,04/08/2024 4:30,250,China Eastern,Business Class,1595,1065,TRUE,1050,Y,Y,Y,1,10,2,32
Wattay International Airport,VTE,03/08/2024 23:20,Shanghai Pudong International Airport,PVG,04/08/2024 4:30,250,China Eastern,Business Class,1520,1015,TRUE,1189,Y,Y,Y,1,10,2,32
Wattay International Airport,VTE,03/08/2024 17:20,Hong Kong International Airport,HKG,03/08/2024 20:45,145,Hong Kong Airlines,Business Class,445,120,N/A,N/A,Y,Y,Y,2,7,2,32
Wattay International Airport,VTE,03/08/2024 20:00,Noibai International Airport,HAN,03/08/2024 21:25,85,Vietnam Airlines,Business Class,890,685,TRUE,N/A,Y,Y,Y,2,10,1,32
Wattay International Airport,VTE,04/08/2024 10:40,Kunming Changshui International Airport,KMG,04/08/2024 13:15,95,China Eastern,Business Class,575,320,N/A,646,Y,Y,Y,1,10,2,32
Wattay International Airport,VTE,04/08/2024 19:10,Guangzhou Baiyun International Airport,CAN,04/08/2024 22:25,135,China Southern,Business Class,380,70,N/A,661,Y,Y,Y,1,10,2,32
Wattay International Airport,VTE,04/08/2024 21:50,Kunming Changshui International Airport,KMG,05/08/2024 0:25,95,China Eastern,Business Class,860,605,TRUE,646,Y,Y,Y,1,10,2,32
Wattay International Airport,VTE,04/08/2024 21:50,Kunming Changshui International Airport,KMG,05/08/2024 0:25,95,China Eastern,Business Class,1120,895,TRUE,1061,Y,Y,Y,1,10,2,32
Wattay International Airport,VTE,04/08/2024 23:20,Shanghai Pudong International Airport,PVG,05/08/2024 4:30,250,China Eastern,Business Class,790,275,TRUE,1370,Y,Y,Y,1,10,2,32
Wattay International Airport,VTE,04/08/2024 20:00,Noibai International Airport,HAN,04/08/2024 21:25,85,Vietnam Airlines,Business Class,890,685,TRUE,N/A,Y,Y,Y,2,10,1,32
Wattay International Airport,VTE,05/08/2024 21:50,Kunming Changshui International Airport,KMG,06/08/2024 0:25,95,China Eastern,Business Class,860,605,TRUE,646,Y,Y,Y,1,10,2,32
Wattay International Airport,VTE,05/08/2024 21:50,Kunming Changshui International Airport,KMG,06/08/2024 0:25,95,China Eastern,Business Class,1120,895,TRUE,1061,Y,Y,Y,1,10,2,32
Wattay International Airport,VTE,05/08/2024 10:40,Kunming Changshui International Airport,KMG,05/08/2024 13:15,95,China Eastern,Business Class,575,320,N/A,1276,Y,Y,Y,1,10,2,32
Wattay International Airport,VTE,05/08/2024 23:20,Shanghai Pudong International Airport,PVG,06/08/2024 4:30,250,China Eastern,Business Class,790,260,TRUE,1602,Y,Y,Y,1,10,2,32
Wattay International Airport,VTE,05/08/2024 20:00,Noibai International Airport,HAN,05/08/2024 21:25,85,Vietnam Airlines,Business Class,890,685,TRUE,N/A,Y,Y,Y,2,10,1,32
Wattay International Airport,VTE,05/08/2024 21:15,Haikou Meilan International Airport,HAK,05/08/2024 23:40,85,Hainan,Business Class,1215,965,TRUE,N/A,Y,Y,Y,2,10,2,32
Wattay International Airport,VTE,06/08/2024 10:40,Kunming Changshui International Airport,KMG,06/08/2024 13:15,95,China Eastern,Business Class,575,320,N/A,646,Y,Y,Y,1,10,2,32
Wattay International Airport,VTE,06/08/2024 21:50,Kunming Changshui International Airport,KMG,07/08/2024 0:25,95,China Eastern,Business Class,870,605,TRUE,646,Y,Y,Y,1,10,2,32
Wattay International Airport,VTE,06/08/2024 21:50,Kunming Changshui International Airport,KMG,07/08/2024 0:25,95,China Eastern,Business Class,1120,895,TRUE,1061,Y,Y,Y,1,10,2,32
Wattay International Airport,VTE,06/08/2024 20:00,Noibai International Airport,HAN,06/08/2024 21:25,85,Vietnam Airlines,Business Class,890,685,TRUE,N/A,Y,Y,Y,2,10,1,32
Wattay International Airport,VTE,07/08/2024 10:40,Kunming Changshui International Airport,KMG,07/08/2024 13:15,95,China Eastern,Business Class,575,320,N/A,646,Y,Y,Y,1,10,2,32
Wattay International Airport,VTE,07/08/2024 21:50,Kunming Changshui International Airport,KMG,08/08/2024 0:25,95,China Eastern,Business Class,860,605,TRUE,646,Y,Y,Y,1,10,2,32
Wattay International Airport,VTE,07/08/2024 19:10,Guangzhou Baiyun International Airport,CAN,07/08/2024 22:25,135,China Southern,Business Class,380,70,N/A,661,Y,Y,Y,1,10,2,32
Wattay International Airport,VTE,07/08/2024 23:20,Shanghai Pudong International Airport,PVG,08/08/2024 4:30,250,China Eastern,Business Class,1595,1065,TRUE,1050,Y,Y,Y,1,10,2,32
Wattay International Airport,VTE,07/08/2024 21:50,Kunming Changshui International Airport,KMG,08/08/2024 0:25,95,China Eastern,Business Class,1120,895,TRUE,1061,Y,Y,Y,1,10,2,32
Wattay International Airport,VTE,07/08/2024 23:20,Shanghai Pudong International Airport,PVG,08/08/2024 4:30,250,China Eastern,Business Class,790,260,TRUE,1370,Y,Y,Y,1,10,2,32
Wattay International Airport,VTE,07/08/2024 23:20,Shanghai Pudong International Airport,PVG,08/08/2024 4:30,250,China Eastern,Business Class,990,450,TRUE,1370,Y,Y,Y,1,10,2,32
Wattay International Airport,VTE,07/08/2024 20:00,Noibai International Airport,HAN,07/08/2024 21:25,85,Vietnam Airlines,Business Class,890,685,TRUE,N/A,Y,Y,Y,2,10,1,32
Wattay International Airport,VTE,07/08/2024 21:15,Haikou Meilan International Airport,HAK,07/08/2024 23:40,85,Hainan,Business Class,1215,965,TRUE,N/A,Y,Y,Y,2,10,2,32
Wattay International Airport,VTE,08/08/2024 10:40,Kunming Changshui International Airport,KMG,08/08/2024 13:15,95,China Eastern,Business Class,575,320,N/A,646,Y,Y,Y,1,10,2,32
Wattay International Airport,VTE,08/08/2024 21:50,Kunming Changshui International Airport,KMG,09/08/2024 0:25,95,China Eastern,Business Class,870,605,TRUE,646,Y,Y,Y,1,10,2,32
Wattay International Airport,VTE,08/08/2024 21:50,Kunming Changshui International Airport,KMG,09/08/2024 0:25,95,China Eastern,Business Class,1120,895,TRUE,1061,Y,Y,Y,1,10,2,32
Wattay International Airport,VTE,08/08/2024 23:20,Shanghai Pudong International Airport,PVG,09/08/2024 4:30,250,China Eastern,Business Class,790,275,TRUE,1370,Y,Y,Y,1,10,2,32
Wattay International Airport,VTE,08/08/2024 20:00,Noibai International Airport,HAN,08/08/2024 21:25,85,Vietnam Airlines,Business Class,890,685,TRUE,N/A,Y,Y,Y,2,10,1,32
Wattay International Airport,VTE,09/08/2024 10:40,Kunming Changshui International Airport,KMG,09/08/2024 13:15,95,China Eastern,Business Class,575,320,N/A,646,Y,Y,Y,1,10,2,32
Wattay International Airport,VTE,09/08/2024 21:50,Kunming Changshui International Airport,KMG,10/08/2024 0:25,95,China Eastern,Business Class,860,605,TRUE,646,Y,Y,Y,1,10,2,32
Wattay International Airport,VTE,09/08/2024 19:10,Guangzhou Baiyun International Airport,CAN,09/08/2024 22:25,135,China Southern,Business Class,380,70,N/A,661,Y,Y,Y,1,10,2,32
Wattay International Airport,VTE,09/08/2024 21:50,Kunming Changshui International Airport,KMG,10/08/2024 0:25,95,China Eastern,Business Class,1120,895,TRUE,1061,Y,Y,Y,1,10,2,32
Wattay International Airport,VTE,09/08/2024 23:20,Shanghai Pudong International Airport,PVG,10/08/2024 4:30,250,China Eastern,Business Class,790,275,TRUE,1370,Y,Y,Y,1,10,2,32
Wattay International Airport,VTE,09/08/2024 23:20,Shanghai Pudong International Airport,PVG,10/08/2024 4:30,250,China Eastern,Business Class,1295,790,TRUE,1370,Y,Y,Y,1,10,2,32
Wattay International Airport,VTE,09/08/2024 20:00,Noibai International Airport,HAN,09/08/2024 21:25,85,Vietnam Airlines,Business Class,890,685,TRUE,N/A,Y,Y,Y,2,10,1,32
Wattay International Airport,VTE,09/08/2024 21:15,Haikou Meilan International Airport,HAK,09/08/2024 23:40,85,Hainan,Business Class,1215,965,TRUE,N/A,Y,Y,Y,2,10,2,32
Wattay International Airport,VTE,10/08/2024 10:40,Kunming Changshui International Airport,KMG,10/08/2024 13:15,95,China Eastern,Business Class,575,320,N/A,646,Y,Y,Y,1,10,2,32
Wattay International Airport,VTE,10/08/2024 21:50,Kunming Changshui International Airport,KMG,11/08/2024 0:25,95,China Eastern,Business Class,870,605,TRUE,646,Y,Y,Y,1,10,2,32
Wattay International Airport,VTE,10/08/2024 21:50,Kunming Changshui International Airport,KMG,11/08/2024 0:25,95,China Eastern,Business Class,1120,895,TRUE,1061,Y,Y,Y,1,10,2,32
Wattay International Airport,VTE,10/08/2024 23:20,Shanghai Pudong International Airport,PVG,11/08/2024 4:30,250,China Eastern,Business Class,790,275,TRUE,1370,Y,Y,Y,1,10,2,32
Wattay International Airport,VTE,10/08/2024 17:20,Hong Kong International Airport,HKG,10/08/2024 20:45,145,Hong Kong Airlines,Business Class,445,120,N/A,N/A,Y,Y,Y,2,7,2,32
Wattay International Airport,VTE,10/08/2024 20:00,Noibai International Airport,HAN,10/08/2024 21:25,85,Vietnam Airlines,Business Class,890,685,TRUE,N/A,Y,Y,Y,2,10,1,32
Wattay International Airport,VTE,11/08/2024 10:40,Kunming Changshui International Airport,KMG,11/08/2024 13:15,95,China Eastern,Business Class,575,320,N/A,646,Y,Y,Y,1,10,2,32
Wattay International Airport,VTE,11/08/2024 21:50,Kunming Changshui International Airport,KMG,12/08/2024 0:25,95,China Eastern,Business Class,860,605,TRUE,646,Y,Y,Y,1,10,2,32
Wattay International Airport,VTE,11/08/2024 19:10,Guangzhou Baiyun International Airport,CAN,11/08/2024 22:25,135,China Southern,Business Class,380,70,N/A,661,Y,Y,Y,1,10,2,32
Wattay International Airport,VTE,11/08/2024 23:20,Shanghai Pudong International Airport,PVG,12/08/2024 4:30,250,China Eastern,Business Class,1595,1065,TRUE,1050,Y,Y,Y,1,10,2,32
Wattay International Airport,VTE,11/08/2024 21:50,Kunming Changshui International Airport,KMG,12/08/2024 0:25,95,China Eastern,Business Class,1120,895,TRUE,1061,Y,Y,Y,1,10,2,32
Wattay International Airport,VTE,11/08/2024 23:20,Shanghai Pudong International Airport,PVG,12/08/2024 4:30,250,China Eastern,Business Class,790,275,TRUE,1370,Y,Y,Y,1,10,2,32
Wattay International Airport,VTE,11/08/2024 23:20,Shanghai Pudong International Airport,PVG,12/08/2024 4:30,250,China Eastern,Business Class,990,435,TRUE,1370,Y,Y,Y,1,10,2,32
Wattay International Airport,VTE,11/08/2024 20:00,Noibai International Airport,HAN,11/08/2024 21:25,85,Vietnam Airlines,Business Class,890,685,TRUE,N/A,Y,Y,Y,2,10,1,32
Wattay International Airport,VTE,12/08/2024 10:40,Kunming Changshui International Airport,KMG,12/08/2024 13:15,95,China Eastern,Business Class,575,320,N/A,646,Y,Y,Y,1,10,2,32
Wattay International Airport,VTE,12/08/2024 21:50,Kunming Changshui International Airport,KMG,13/08/2024 0:25,95,China Eastern,Business Class,860,605,TRUE,646,Y,Y,Y,1,10,2,32
Wattay International Airport,VTE,12/08/2024 21:50,Kunming Changshui International Airport,KMG,13/08/2024 0:25,95,China Eastern,Business Class,1120,895,TRUE,1061,Y,Y,Y,1,10,2,32
Wattay International Airport,VTE,12/08/2024 23:20,Shanghai Pudong International Airport,PVG,13/08/2024 4:30,250,China Eastern,Business Class,790,260,TRUE,1370,Y,Y,Y,1,10,2,32
Wattay International Airport,VTE,12/08/2024 23:20,Shanghai Pudong International Airport,PVG,13/08/2024 4:30,250,China Eastern,Business Class,990,450,TRUE,1370,Y,Y,Y,1,10,2,32
Wattay International Airport,VTE,12/08/2024 23:20,Shanghai Pudong International Airport,PVG,13/08/2024 4:30,250,China Eastern,Business Class,1595,1065,TRUE,1050,Y,Y,Y,1,10,2,32
Wattay International Airport,VTE,12/08/2024 20:00,Noibai International Airport,HAN,12/08/2024 21:25,85,Vietnam Airlines,Business Class,890,685,TRUE,N/A,Y,Y,Y,2,10,1,32
Wattay International Airport,VTE,12/08/2024 21:15,Haikou Meilan International Airport,HAK,12/08/2024 23:40,85,Hainan,Business Class,1215,965,TRUE,N/A,Y,Y,Y,2,10,2,32
Wattay International Airport,VTE,13/08/2024 10:40,Kunming Changshui International Airport,KMG,13/08/2024 13:15,95,China Eastern,Business Class,575,320,N/A,646,Y,Y,Y,1,10,2,32
Wattay International Airport,VTE,13/08/2024 21:50,Kunming Changshui International Airport,KMG,14/08/2024 0:25,95,China Eastern,Business Class,870,605,TRUE,646,Y,Y,Y,1,10,2,32
Wattay International Airport,VTE,13/08/2024 23:20,Shanghai Pudong International Airport,PVG,14/08/2024 4:30,250,China Eastern,Business Class,1595,1065,TRUE,1050,Y,Y,Y,1,10,2,32
Wattay International Airport,VTE,13/08/2024 21:50,Kunming Changshui International Airport,KMG,14/08/2024 0:25,95,China Eastern,Business Class,1120,895,TRUE,1061,Y,Y,Y,1,10,2,32
Wattay International Airport,VTE,13/08/2024 23:20,Shanghai Pudong International Airport,PVG,14/08/2024 4:30,250,China Eastern,Business Class,790,275,TRUE,1370,Y,Y,Y,1,10,2,32
Wattay International Airport,VTE,13/08/2024 20:00,Noibai International Airport,HAN,13/08/2024 21:25,85,Vietnam Airlines,Business Class,890,685,TRUE,N/A,Y,Y,Y,2,10,1,32
Wattay International Airport,VTE,14/08/2024 10:40,Kunming Changshui International Airport,KMG,14/08/2024 13:15,95,China Eastern,Business Class,575,320,N/A,646,Y,Y,Y,1,10,2,32
Wattay International Airport,VTE,14/08/2024 21:50,Kunming Changshui International Airport,KMG,15/08/2024 0:25,95,China Eastern,Business Class,860,605,TRUE,646,Y,Y,Y,1,10,2,32
Wattay International Airport,VTE,14/08/2024 19:10,Guangzhou Baiyun International Airport,CAN,14/08/2024 22:25,135,China Southern,Business Class,380,70,N/A,661,Y,Y,Y,1,10,2,32
Wattay International Airport,VTE,14/08/2024 21:50,Kunming Changshui International Airport,KMG,15/08/2024 0:25,95,China Eastern,Business Class,1120,895,TRUE,1061,Y,Y,Y,1,10,2,32
Wattay International Airport,VTE,14/08/2024 20:00,Noibai International Airport,HAN,14/08/2024 21:25,85,Vietnam Airlines,Business Class,890,685,TRUE,N/A,Y,Y,Y,2,10,1,32
Wattay International Airport,VTE,14/08/2024 21:15,Haikou Meilan International Airport,HAK,14/08/2024 23:40,85,Hainan,Business Class,1215,965,TRUE,N/A,Y,Y,Y,2,10,2,32
Wattay International Airport,VTE,15/08/2024 10:40,Kunming Changshui International Airport,KMG,15/08/2024 13:15,95,China Eastern,Business Class,575,320,N/A,646,Y,Y,Y,1,10,2,32
Wattay International Airport,VTE,15/08/2024 21:50,Kunming Changshui International Airport,KMG,16/08/2024 0:25,95,China Eastern,Business Class,870,605,TRUE,646,Y,Y,Y,1,10,2,32
Wattay International Airport,VTE,15/08/2024 21:50,Kunming Changshui International Airport,KMG,16/08/2024 0:25,95,China Eastern,Business Class,1120,895,TRUE,1061,Y,Y,Y,1,10,2,32
Wattay International Airport,VTE,15/08/2024 23:20,Shanghai Pudong International Airport,PVG,16/08/2024 4:30,250,China Eastern,Business Class,790,275,TRUE,1370,Y,Y,Y,1,10,2,32
Wattay International Airport,VTE,15/08/2024 20:00,Noibai International Airport,HAN,15/08/2024 21:25,85,Vietnam Airlines,Business Class,1125,920,TRUE,N/A,Y,Y,Y,2,10,1,32
Wattay International Airport,VTE,16/08/2024 21:50,Kunming Changshui International Airport,KMG,17/08/2024 0:25,95,China Eastern,Business Class,860,605,TRUE,646,Y,Y,Y,1,10,2,32
Wattay International Airport,VTE,16/08/2024 19:10,Guangzhou Baiyun International Airport,CAN,16/08/2024 22:25,135,China Southern,Business Class,380,70,N/A,661,Y,Y,Y,1,10,2,32
Wattay International Airport,VTE,16/08/2024 10:40,Kunming Changshui International Airport,KMG,16/08/2024 13:15,95,China Eastern,Business Class,575,320,N/A,1276,Y,Y,Y,1,10,2,32
Wattay International Airport,VTE,16/08/2024 23:20,Shanghai Pudong International Airport,PVG,17/08/2024 4:30,250,China Eastern,Business Class,1595,1065,TRUE,1050,Y,Y,Y,1,10,2,32
Wattay International Airport,VTE,16/08/2024 21:50,Kunming Changshui International Airport,KMG,17/08/2024 0:25,95,China Eastern,Business Class,1120,895,TRUE,1061,Y,Y,Y,1,10,2,32
Wattay International Airport,VTE,16/08/2024 23:20,Shanghai Pudong International Airport,PVG,17/08/2024 4:30,250,China Eastern,Business Class,1520,1015,TRUE,1189,Y,Y,Y,1,10,2,32
Wattay International Airport,VTE,16/08/2024 23:20,Shanghai Pudong International Airport,PVG,17/08/2024 4:30,250,China Eastern,Business Class,790,275,TRUE,1370,Y,Y,Y,1,10,2,32
Wattay International Airport,VTE,16/08/2024 23:20,Shanghai Pudong International Airport,PVG,17/08/2024 4:30,250,China Eastern,Business Class,990,435,TRUE,1370,Y,Y,Y,1,10,2,32
Wattay International Airport,VTE,16/08/2024 20:00,Noibai International Airport,HAN,16/08/2024 21:25,85,Vietnam Airlines,Business Class,890,685,TRUE,N/A,Y,Y,Y,2,10,1,32
Wattay International Airport,VTE,16/08/2024 21:15,Haikou Meilan International Airport,HAK,16/08/2024 23:40,85,Hainan,Business Class,1215,965,TRUE,N/A,Y,Y,Y,2,10,2,32
Wattay International Airport,VTE,17/08/2024 10:40,Kunming Changshui International Airport,KMG,17/08/2024 13:15,95,China Eastern,Business Class,575,320,N/A,646,Y,Y,Y,1,10,2,32
Wattay International Airport,VTE,17/08/2024 21:50,Kunming Changshui International Airport,KMG,18/08/2024 0:25,95,China Eastern,Business Class,870,605,TRUE,646,Y,Y,Y,1,10,2,32
Wattay International Airport,VTE,17/08/2024 21:50,Kunming Changshui International Airport,KMG,18/08/2024 0:25,95,China Eastern,Business Class,1120,895,TRUE,1061,Y,Y,Y,1,10,2,32
Wattay International Airport,VTE,17/08/2024 23:20,Shanghai Pudong International Airport,PVG,18/08/2024 4:30,250,China Eastern,Business Class,790,275,TRUE,1259,Y,Y,Y,1,10,2,32
Wattay International Airport,VTE,17/08/2024 23:20,Shanghai Pudong International Airport,PVG,18/08/2024 4:30,250,China Eastern,Business Class,990,435,TRUE,1259,Y,Y,Y,1,10,2,32
Wattay International Airport,VTE,17/08/2024 23:20,Shanghai Pudong International Airport,PVG,18/08/2024 4:30,250,China Eastern,Business Class,1595,1065,TRUE,939,Y,Y,Y,1,10,2,32
Wattay International Airport,VTE,17/08/2024 17:20,Hong Kong International Airport,HKG,17/08/2024 20:45,145,Hong Kong Airlines,Business Class,445,120,N/A,N/A,Y,Y,Y,2,7,2,32
Wattay International Airport,VTE,17/08/2024 20:00,Noibai International Airport,HAN,17/08/2024 21:25,85,Vietnam Airlines,Business Class,890,685,TRUE,N/A,Y,Y,Y,2,10,1,32
Wattay International Airport,VTE,18/08/2024 10:40,Kunming Changshui International Airport,KMG,18/08/2024 13:15,95,China Eastern,Business Class,575,320,N/A,646,Y,Y,Y,1,10,2,32
Wattay International Airport,VTE,18/08/2024 21:50,Kunming Changshui International Airport,KMG,19/08/2024 0:25,95,China Eastern,Business Class,860,605,TRUE,646,Y,Y,Y,1,10,2,32
Wattay International Airport,VTE,18/08/2024 19:10,Guangzhou Baiyun International Airport,CAN,18/08/2024 22:25,135,China Southern,Business Class,380,70,N/A,661,Y,Y,Y,1,10,2,32
Wattay International Airport,VTE,18/08/2024 23:20,Shanghai Pudong International Airport,PVG,19/08/2024 4:30,250,China Eastern,Business Class,1595,1065,TRUE,939,Y,Y,Y,1,10,2,32
Wattay International Airport,VTE,18/08/2024 21:50,Kunming Changshui International Airport,KMG,19/08/2024 0:25,95,China Eastern,Business Class,1120,895,TRUE,1061,Y,Y,Y,1,10,2,32
Wattay International Airport,VTE,18/08/2024 23:20,Shanghai Pudong International Airport,PVG,19/08/2024 4:30,250,China Eastern,Business Class,790,275,TRUE,1218,Y,Y,Y,1,10,2,32
Wattay International Airport,VTE,18/08/2024 23:20,Shanghai Pudong International Airport,PVG,19/08/2024 4:30,250,China Eastern,Business Class,990,435,TRUE,1287,Y,Y,Y,1,10,2,32
Wattay International Airport,VTE,18/08/2024 20:00,Noibai International Airport,HAN,18/08/2024 21:25,85,Vietnam Airlines,Business Class,890,685,TRUE,N/A,Y,Y,Y,2,10,1,32
Wattay International Airport,VTE,19/08/2024 10:40,Kunming Changshui International Airport,KMG,19/08/2024 13:15,95,China Eastern,Business Class,575,320,N/A,624,Y,Y,Y,1,10,2,32
Wattay International Airport,VTE,19/08/2024 21:50,Kunming Changshui International Airport,KMG,20/08/2024 0:25,95,China Eastern,Business Class,860,605,TRUE,624,Y,Y,Y,1,10,2,32
Wattay International Airport,VTE,19/08/2024 21:50,Kunming Changshui International Airport,KMG,20/08/2024 0:25,95,China Eastern,Business Class,1120,895,TRUE,1061,Y,Y,Y,1,10,2,32
Wattay International Airport,VTE,19/08/2024 23:20,Shanghai Pudong International Airport,PVG,20/08/2024 4:30,250,China Eastern,Business Class,790,260,TRUE,1218,Y,Y,Y,1,10,2,32
Wattay International Airport,VTE,19/08/2024 23:20,Shanghai Pudong International Airport,PVG,20/08/2024 4:30,250,China Eastern,Business Class,990,450,TRUE,1218,Y,Y,Y,1,10,2,32
Wattay International Airport,VTE,19/08/2024 23:20,Shanghai Pudong International Airport,PVG,20/08/2024 4:30,250,China Eastern,Business Class,1595,1065,TRUE,939,Y,Y,Y,1,10,2,32
Wattay International Airport,VTE,19/08/2024 20:00,Noibai International Airport,HAN,19/08/2024 21:25,85,Vietnam Airlines,Business Class,890,685,TRUE,N/A,Y,Y,Y,2,10,1,32
Wattay International Airport,VTE,19/08/2024 21:15,Haikou Meilan International Airport,HAK,19/08/2024 23:40,85,Hainan,Business Class,1215,965,TRUE,N/A,Y,Y,Y,2,10,2,32
Wattay International Airport,VTE,20/08/2024 10:40,Kunming Changshui International Airport,KMG,20/08/2024 13:15,95,China Eastern,Business Class,575,320,N/A,624,Y,Y,Y,1,10,2,32
Wattay International Airport,VTE,20/08/2024 21:50,Kunming Changshui International Airport,KMG,21/08/2024 0:25,95,China Eastern,Business Class,870,605,TRUE,624,Y,Y,Y,1,10,2,32
Wattay International Airport,VTE,20/08/2024 21:50,Kunming Changshui International Airport,KMG,21/08/2024 0:25,95,China Eastern,Business Class,1120,895,TRUE,1061,Y,Y,Y,1,10,2,32
Wattay International Airport,VTE,20/08/2024 23:20,Shanghai Pudong International Airport,PVG,21/08/2024 4:30,250,China Eastern,Business Class,790,275,TRUE,1218,Y,Y,Y,1,10,2,32
Wattay International Airport,VTE,20/08/2024 23:20,Shanghai Pudong International Airport,PVG,21/08/2024 4:30,250,China Eastern,Business Class,990,450,TRUE,1287,Y,Y,Y,1,10,2,32
Wattay International Airport,VTE,20/08/2024 23:20,Shanghai Pudong International Airport,PVG,21/08/2024 4:30,250,China Eastern,Business Class,1595,1065,TRUE,939,Y,Y,Y,1,10,2,32
Wattay International Airport,VTE,20/08/2024 23:20,Shanghai Pudong International Airport,PVG,21/08/2024 4:30,250,China Eastern,Business Class,1125,595,TRUE,1218,Y,Y,Y,1,10,2,32
Wattay International Airport,VTE,20/08/2024 20:00,Noibai International Airport,HAN,20/08/2024 21:25,85,Vietnam Airlines,Business Class,890,685,TRUE,N/A,Y,Y,Y,2,10,1,32
Wattay International Airport,VTE,21/08/2024 10:40,Kunming Changshui International Airport,KMG,21/08/2024 13:15,95,China Eastern,Business Class,575,320,N/A,624,Y,Y,Y,1,10,2,32
Wattay International Airport,VTE,21/08/2024 21:50,Kunming Changshui International Airport,KMG,22/08/2024 0:25,95,China Eastern,Business Class,860,605,TRUE,624,Y,Y,Y,1,10,2,32
Wattay International Airport,VTE,21/08/2024 19:10,Guangzhou Baiyun International Airport,CAN,21/08/2024 22:25,135,China Southern,Business Class,380,70,N/A,724,Y,Y,Y,1,10,2,32
Wattay International Airport,VTE,21/08/2024 23:20,Shanghai Pudong International Airport,PVG,22/08/2024 4:30,250,China Eastern,Business Class,1595,1065,TRUE,939,Y,Y,Y,1,10,2,32
Wattay International Airport,VTE,21/08/2024 21:50,Kunming Changshui International Airport,KMG,22/08/2024 0:25,95,China Eastern,Business Class,1120,895,TRUE,1061,Y,Y,Y,1,10,2,32
Wattay International Airport,VTE,21/08/2024 23:20,Shanghai Pudong International Airport,PVG,22/08/2024 4:30,250,China Eastern,Business Class,790,260,TRUE,1218,Y,Y,Y,1,10,2,32
Wattay International Airport,VTE,21/08/2024 23:20,Shanghai Pudong International Airport,PVG,22/08/2024 4:30,250,China Eastern,Business Class,990,450,TRUE,1218,Y,Y,Y,1,10,2,32
Wattay International Airport,VTE,21/08/2024 20:00,Noibai International Airport,HAN,21/08/2024 21:25,85,Vietnam Airlines,Business Class,890,685,TRUE,N/A,Y,Y,Y,2,10,1,32
Wattay International Airport,VTE,21/08/2024 21:15,Haikou Meilan International Airport,HAK,21/08/2024 23:40,85,Hainan,Business Class,1215,965,TRUE,N/A,Y,Y,Y,2,10,2,32
Wattay International Airport,VTE,22/08/2024 10:40,Kunming Changshui International Airport,KMG,22/08/2024 13:15,95,China Eastern,Business Class,575,320,N/A,624,Y,Y,Y,1,10,2,32
Wattay International Airport,VTE,22/08/2024 21:50,Kunming Changshui International Airport,KMG,23/08/2024 0:25,95,China Eastern,Business Class,870,605,TRUE,624,Y,Y,Y,1,10,2,32
Wattay International Airport,VTE,22/08/2024 23:20,Shanghai Pudong International Airport,PVG,23/08/2024 4:30,250,China Eastern,Business Class,1595,1065,TRUE,939,Y,Y,Y,1,10,2,32
Wattay International Airport,VTE,22/08/2024 21:50,Kunming Changshui International Airport,KMG,23/08/2024 0:25,95,China Eastern,Business Class,1120,895,TRUE,1061,Y,Y,Y,1,10,2,32
Wattay International Airport,VTE,22/08/2024 23:20,Shanghai Pudong International Airport,PVG,23/08/2024 4:30,250,China Eastern,Business Class,790,275,TRUE,1218,Y,Y,Y,1,10,2,32
Wattay International Airport,VTE,22/08/2024 23:20,Shanghai Pudong International Airport,PVG,23/08/2024 4:30,250,China Eastern,Business Class,990,440,TRUE,1218,Y,Y,Y,1,10,2,32
Wattay International Airport,VTE,22/08/2024 20:00,Noibai International Airport,HAN,22/08/2024 21:25,85,Vietnam Airlines,Business Class,890,685,TRUE,N/A,Y,Y,Y,2,10,1,32
Wattay International Airport,VTE,23/08/2024 21:50,Kunming Changshui International Airport,KMG,24/08/2024 0:25,95,China Eastern,Business Class,860,605,TRUE,624,Y,Y,Y,1,10,2,32
Wattay International Airport,VTE,23/08/2024 19:10,Guangzhou Baiyun International Airport,CAN,23/08/2024 22:25,135,China Southern,Business Class,380,70,N/A,724,Y,Y,Y,1,10,2,32
Wattay International Airport,VTE,23/08/2024 10:40,Kunming Changshui International Airport,KMG,23/08/2024 13:15,95,China Eastern,Business Class,575,320,N/A,1221,Y,Y,Y,1,10,2,32
Wattay International Airport,VTE,23/08/2024 23:20,Shanghai Pudong International Airport,PVG,24/08/2024 4:30,250,China Eastern,Business Class,1595,1065,TRUE,939,Y,Y,Y,1,10,2,32
Wattay International Airport,VTE,23/08/2024 21:50,Kunming Changshui International Airport,KMG,24/08/2024 0:25,95,China Eastern,Business Class,1120,895,TRUE,1061,Y,Y,Y,1,10,2,32
Wattay International Airport,VTE,23/08/2024 23:20,Shanghai Pudong International Airport,PVG,24/08/2024 4:30,250,China Eastern,Business Class,1520,1015,TRUE,1078,Y,Y,Y,1,10,2,32
Wattay International Airport,VTE,23/08/2024 23:20,Shanghai Pudong International Airport,PVG,24/08/2024 4:30,250,China Eastern,Business Class,790,275,TRUE,1218,Y,Y,Y,1,10,2,32
Wattay International Airport,VTE,23/08/2024 23:20,Shanghai Pudong International Airport,PVG,24/08/2024 4:30,250,China Eastern,Business Class,990,435,TRUE,1218,Y,Y,Y,1,10,2,32
Wattay International Airport,VTE,23/08/2024 20:00,Noibai International Airport,HAN,23/08/2024 21:25,85,Vietnam Airlines,Business Class,890,685,TRUE,N/A,Y,Y,Y,2,10,1,32
Wattay International Airport,VTE,23/08/2024 21:15,Haikou Meilan International Airport,HAK,23/08/2024 23:40,85,Hainan,Business Class,1215,965,TRUE,N/A,Y,Y,Y,2,10,2,32
Wattay International Airport,VTE,24/08/2024 10:40,Kunming Changshui International Airport,KMG,24/08/2024 13:15,95,China Eastern,Business Class,575,320,N/A,624,Y,Y,Y,1,10,2,32
Wattay International Airport,VTE,24/08/2024 21:50,Kunming Changshui International Airport,KMG,25/08/2024 0:25,95,China Eastern,Business Class,870,605,TRUE,624,Y,Y,Y,1,10,2,32
Wattay International Airport,VTE,24/08/2024 21:50,Kunming Changshui International Airport,KMG,25/08/2024 0:25,95,China Eastern,Business Class,1120,895,TRUE,1061,Y,Y,Y,1,10,2,32
Wattay International Airport,VTE,24/08/2024 23:20,Shanghai Pudong International Airport,PVG,25/08/2024 4:30,250,China Eastern,Business Class,790,275,TRUE,1218,Y,Y,Y,1,10,2,32
Wattay International Airport,VTE,24/08/2024 23:20,Shanghai Pudong International Airport,PVG,25/08/2024 4:30,250,China Eastern,Business Class,990,435,TRUE,1218,Y,Y,Y,1,10,2,32
Wattay International Airport,VTE,24/08/2024 23:20,Shanghai Pudong International Airport,PVG,25/08/2024 4:30,250,China Eastern,Business Class,1595,1065,TRUE,939,Y,Y,Y,1,10,2,32
Wattay International Airport,VTE,24/08/2024 17:20,Hong Kong International Airport,HKG,24/08/2024 20:45,145,Hong Kong Airlines,Business Class,445,120,N/A,N/A,Y,Y,Y,2,7,2,32
Wattay International Airport,VTE,24/08/2024 20:00,Noibai International Airport,HAN,24/08/2024 21:25,85,Vietnam Airlines,Business Class,890,685,TRUE,N/A,Y,Y,Y,2,10,1,32
Wattay International Airport,VTE,25/08/2024 10:40,Kunming Changshui International Airport,KMG,25/08/2024 13:15,95,China Eastern,Business Class,575,320,N/A,624,Y,Y,Y,1,10,2,32
Wattay International Airport,VTE,25/08/2024 21:50,Kunming Changshui International Airport,KMG,26/08/2024 0:25,95,China Eastern,Business Class,860,605,TRUE,624,Y,Y,Y,1,10,2,32
Wattay International Airport,VTE,25/08/2024 19:10,Guangzhou Baiyun International Airport,CAN,25/08/2024 22:25,135,China Southern,Business Class,380,70,N/A,724,Y,Y,Y,1,10,2,32
Wattay International Airport,VTE,25/08/2024 23:20,Shanghai Pudong International Airport,PVG,26/08/2024 4:30,250,China Eastern,Business Class,1595,1065,TRUE,939,Y,Y,Y,1,10,2,32
Wattay International Airport,VTE,25/08/2024 21:50,Kunming Changshui International Airport,KMG,26/08/2024 0:25,95,China Eastern,Business Class,1120,895,TRUE,1061,Y,Y,Y,1,10,2,32
Wattay International Airport,VTE,25/08/2024 23:20,Shanghai Pudong International Airport,PVG,26/08/2024 4:30,250,China Eastern,Business Class,790,275,TRUE,1218,Y,Y,Y,1,10,2,32
Wattay International Airport,VTE,25/08/2024 23:20,Shanghai Pudong International Airport,PVG,26/08/2024 4:30,250,China Eastern,Business Class,990,435,TRUE,1218,Y,Y,Y,1,10,2,32
Wattay International Airport,VTE,25/08/2024 20:00,Noibai International Airport,HAN,25/08/2024 21:25,85,Vietnam Airlines,Business Class,890,685,TRUE,N/A,Y,Y,Y,2,10,1,32
Wattay International Airport,VTE,26/08/2024 10:40,Kunming Changshui International Airport,KMG,26/08/2024 13:15,95,China Eastern,Business Class,575,320,N/A,624,Y,Y,Y,1,10,2,32
Wattay International Airport,VTE,26/08/2024 21:50,Kunming Changshui International Airport,KMG,27/08/2024 0:25,95,China Eastern,Business Class,860,605,TRUE,624,Y,Y,Y,1,10,2,32
Wattay International Airport,VTE,26/08/2024 21:50,Kunming Changshui International Airport,KMG,27/08/2024 0:25,95,China Eastern,Business Class,1120,895,TRUE,1061,Y,Y,Y,1,10,2,32
Wattay International Airport,VTE,26/08/2024 23:20,Shanghai Pudong International Airport,PVG,27/08/2024 4:30,250,China Eastern,Business Class,790,260,TRUE,1218,Y,Y,Y,1,10,2,32
Wattay International Airport,VTE,26/08/2024 23:20,Shanghai Pudong International Airport,PVG,27/08/2024 4:30,250,China Eastern,Business Class,990,450,TRUE,1218,Y,Y,Y,1,10,2,32
Wattay International Airport,VTE,26/08/2024 23:20,Shanghai Pudong International Airport,PVG,27/08/2024 4:30,250,China Eastern,Business Class,1595,1065,TRUE,939,Y,Y,Y,1,10,2,32
Wattay International Airport,VTE,26/08/2024 20:00,Noibai International Airport,HAN,26/08/2024 21:25,85,Vietnam Airlines,Business Class,890,685,TRUE,N/A,Y,Y,Y,2,10,1,32
Wattay International Airport,VTE,26/08/2024 21:15,Haikou Meilan International Airport,HAK,26/08/2024 23:40,85,Hainan,Business Class,1215,965,TRUE,N/A,Y,Y,Y,2,10,2,32
Wattay International Airport,VTE,27/08/2024 10:40,Kunming Changshui International Airport,KMG,27/08/2024 13:15,95,China Eastern,Business Class,575,320,N/A,624,Y,Y,Y,1,10,2,32
Wattay International Airport,VTE,27/08/2024 21:50,Kunming Changshui International Airport,KMG,28/08/2024 0:25,95,China Eastern,Business Class,870,605,TRUE,624,Y,Y,Y,1,10,2,32
Wattay International Airport,VTE,27/08/2024 23:20,Shanghai Pudong International Airport,PVG,28/08/2024 4:30,250,China Eastern,Business Class,1595,1065,TRUE,939,Y,Y,Y,1,10,2,32
Wattay International Airport,VTE,27/08/2024 21:50,Kunming Changshui International Airport,KMG,28/08/2024 0:25,95,China Eastern,Business Class,1120,895,TRUE,1061,Y,Y,Y,1,10,2,32
Wattay International Airport,VTE,27/08/2024 23:20,Shanghai Pudong International Airport,PVG,28/08/2024 4:30,250,China Eastern,Business Class,790,275,TRUE,1218,Y,Y,Y,1,10,2,32
Wattay International Airport,VTE,27/08/2024 23:20,Shanghai Pudong International Airport,PVG,28/08/2024 4:30,250,China Eastern,Business Class,1125,595,TRUE,1218,Y,Y,Y,1,10,2,32
Wattay International Airport,VTE,27/08/2024 20:00,Noibai International Airport,HAN,27/08/2024 21:25,85,Vietnam Airlines,Business Class,890,685,TRUE,N/A,Y,Y,Y,2,10,1,32
Wattay International Airport,VTE,28/08/2024 10:40,Kunming Changshui International Airport,KMG,28/08/2024 13:15,95,China Eastern,Business Class,575,320,N/A,624,Y,Y,Y,1,10,2,32
Wattay International Airport,VTE,28/08/2024 21:50,Kunming Changshui International Airport,KMG,29/08/2024 0:25,95,China Eastern,Business Class,860,605,TRUE,624,Y,Y,Y,1,10,2,32
Wattay International Airport,VTE,28/08/2024 19:10,Guangzhou Baiyun International Airport,CAN,28/08/2024 22:25,135,China Southern,Business Class,380,70,N/A,724,Y,Y,Y,1,10,2,32
Wattay International Airport,VTE,28/08/2024 23:20,Shanghai Pudong International Airport,PVG,29/08/2024 4:30,250,China Eastern,Business Class,1595,1065,TRUE,939,Y,Y,Y,1,10,2,32
Wattay International Airport,VTE,28/08/2024 21:50,Kunming Changshui International Airport,KMG,29/08/2024 0:25,95,China Eastern,Business Class,1120,895,TRUE,1061,Y,Y,Y,1,10,2,32
Wattay International Airport,VTE,28/08/2024 23:20,Shanghai Pudong International Airport,PVG,29/08/2024 4:30,250,China Eastern,Business Class,790,260,TRUE,1218,Y,Y,Y,1,10,2,32
Wattay International Airport,VTE,28/08/2024 23:20,Shanghai Pudong International Airport,PVG,29/08/2024 4:30,250,China Eastern,Business Class,990,450,TRUE,1218,Y,Y,Y,1,10,2,32
Wattay International Airport,VTE,28/08/2024 20:00,Noibai International Airport,HAN,28/08/2024 21:25,85,Vietnam Airlines,Business Class,890,685,TRUE,N/A,Y,Y,Y,2,10,1,32
Wattay International Airport,VTE,28/08/2024 21:15,Haikou Meilan International Airport,HAK,28/08/2024 23:40,85,Hainan,Business Class,1215,965,TRUE,N/A,Y,Y,Y,2,10,2,32
Wattay International Airport,VTE,29/08/2024 10:40,Kunming Changshui International Airport,KMG,29/08/2024 13:15,95,China Eastern,Business Class,575,320,N/A,624,Y,Y,Y,1,10,2,32
Wattay International Airport,VTE,29/08/2024 21:50,Kunming Changshui International Airport,KMG,30/08/2024 0:25,95,China Eastern,Business Class,870,605,TRUE,624,Y,Y,Y,1,10,2,32
Wattay International Airport,VTE,29/08/2024 21:50,Kunming Changshui International Airport,KMG,30/08/2024 0:25,95,China Eastern,Business Class,1120,895,TRUE,1061,Y,Y,Y,1,10,2,32
Wattay International Airport,VTE,29/08/2024 23:20,Shanghai Pudong International Airport,PVG,30/08/2024 4:30,250,China Eastern,Business Class,790,275,TRUE,1218,Y,Y,Y,1,10,2,32
Wattay International Airport,VTE,29/08/2024 23:20,Shanghai Pudong International Airport,PVG,30/08/2024 4:30,250,China Eastern,Business Class,990,440,TRUE,1218,Y,Y,Y,1,10,2,32
Wattay International Airport,VTE,29/08/2024 23:20,Shanghai Pudong International Airport,PVG,30/08/2024 4:30,250,China Eastern,Business Class,1595,1065,TRUE,939,Y,Y,Y,1,10,2,32
Wattay International Airport,VTE,29/08/2024 23:20,Shanghai Pudong International Airport,PVG,30/08/2024 4:30,250,China Eastern,Business Class,1520,1015,TRUE,1078,Y,Y,Y,1,10,2,32
Wattay International Airport,VTE,29/08/2024 20:00,Noibai International Airport,HAN,29/08/2024 21:25,85,Vietnam Airlines,Business Class,890,685,TRUE,N/A,Y,Y,Y,2,10,1,32
Wattay International Airport,VTE,30/08/2024 10:40,Kunming Changshui International Airport,KMG,30/08/2024 13:15,95,China Eastern,Business Class,575,320,N/A,624,Y,Y,Y,1,10,2,32
Wattay International Airport,VTE,30/08/2024 21:50,Kunming Changshui International Airport,KMG,31/08/2024 0:25,95,China Eastern,Business Class,860,605,TRUE,624,Y,Y,Y,1,10,2,32
Wattay International Airport,VTE,30/08/2024 19:10,Guangzhou Baiyun International Airport,CAN,30/08/2024 22:25,135,China Southern,Business Class,380,70,N/A,724,Y,Y,Y,1,10,2,32
Wattay International Airport,VTE,30/08/2024 23:20,Shanghai Pudong International Airport,PVG,31/08/2024 4:30,250,China Eastern,Business Class,1595,1065,TRUE,939,Y,Y,Y,1,10,2,32
Wattay International Airport,VTE,30/08/2024 21:50,Kunming Changshui International Airport,KMG,31/08/2024 0:25,95,China Eastern,Business Class,1120,895,TRUE,1061,Y,Y,Y,1,10,2,32
Wattay International Airport,VTE,30/08/2024 23:20,Shanghai Pudong International Airport,PVG,31/08/2024 4:30,250,China Eastern,Business Class,790,275,TRUE,1218,Y,Y,Y,1,10,2,32
Wattay International Airport,VTE,30/08/2024 23:20,Shanghai Pudong International Airport,PVG,31/08/2024 4:30,250,China Eastern,Business Class,990,435,TRUE,1218,Y,Y,Y,1,10,2,32
Wattay International Airport,VTE,30/08/2024 20:00,Noibai International Airport,HAN,30/08/2024 21:25,85,Vietnam Airlines,Business Class,890,685,TRUE,N/A,Y,Y,Y,2,10,1,32
Wattay International Airport,VTE,30/08/2024 21:15,Haikou Meilan International Airport,HAK,30/08/2024 23:40,85,Hainan,Business Class,1215,965,TRUE,N/A,Y,Y,Y,2,10,2,32
Wattay International Airport,VTE,31/08/2024 10:40,Kunming Changshui International Airport,KMG,31/08/2024 13:15,95,China Eastern,Business Class,575,320,N/A,624,Y,Y,Y,1,10,2,32
Wattay International Airport,VTE,31/08/2024 21:50,Kunming Changshui International Airport,KMG,01/09/2024 0:25,95,China Eastern,Business Class,870,605,TRUE,624,Y,Y,Y,1,10,2,32
Wattay International Airport,VTE,31/08/2024 21:50,Kunming Changshui International Airport,KMG,01/09/2024 0:25,95,China Eastern,Business Class,1120,895,TRUE,1061,Y,Y,Y,1,10,2,32
Wattay International Airport,VTE,31/08/2024 23:20,Shanghai Pudong International Airport,PVG,01/09/2024 4:30,250,China Eastern,Business Class,790,275,TRUE,1218,Y,Y,Y,1,10,2,32
Wattay International Airport,VTE,31/08/2024 23:20,Shanghai Pudong International Airport,PVG,01/09/2024 4:30,250,China Eastern,Business Class,990,435,TRUE,1218,Y,Y,Y,1,10,2,32
Wattay International Airport,VTE,31/08/2024 23:20,Shanghai Pudong International Airport,PVG,01/09/2024 4:30,250,China Eastern,Business Class,1595,1065,TRUE,939,Y,Y,Y,1,10,2,32
Wattay International Airport,VTE,31/08/2024 23:20,Shanghai Pudong International Airport,PVG,01/09/2024 4:30,250,China Eastern,Business Class,1520,1015,TRUE,1078,Y,Y,Y,1,10,2,32
Wattay International Airport,VTE,31/08/2024 17:20,Hong Kong International Airport,HKG,31/08/2024 20:45,145,Hong Kong Airlines,Business Class,445,120,N/A,N/A,Y,Y,Y,2,7,2,32
Wattay International Airport,VTE,31/08/2024 20:00,Noibai International Airport,HAN,31/08/2024 21:25,85,Vietnam Airlines,Business Class,890,685,TRUE,N/A,Y,Y,Y,2,10,1,32