Departure Airport Name,Departure Airport ID,Departure Time,Arrival Airport Name,Arrival Airport ID,Arrival Time,Duration,Airline,Travel Class,Total Duration,Layover 1 Duration,Layover 1 Overnight,Price, Cabin Baggage, Checked Baggage,Meal Included,Cabin Baggage (Number),Cabin Baggage (kg per piece),Checked Baggage (Number),Checked Baggage (kg per piece) 
Wattay International Airport,VTE,01/07/2024 10:40,Kunming Changshui International Airport,KMG,01/07/2024 13:15,95,China Eastern,Business Class,510,185,N/A,1349,Y,Y,Y,1,10,2,32
Wattay International Airport,VTE,01/07/2024 23:20,Shanghai Pudong International Airport,PVG,02/07/2024 4:30,250,China Eastern,Business Class,1475,865,TRUE,1446,Y,Y,Y,1,10,2,32
Wattay International Airport,VTE,01/07/2024 21:50,Kunming Changshui International Airport,KMG,02/07/2024 0:25,95,China Eastern,Business Class,1280,955,TRUE,1557,Y,Y,Y,1,10,2,32
Wattay International Airport,VTE,01/07/2024 20:00,Noi Bai International Airport,HAN,01/07/2024 21:25,85,Vietnam Airlines,Business Class,1320,1035,TRUE,N/A,Y,Y,Y,2,10,1,32
Wattay International Airport,VTE,02/07/2024 23:20,Shanghai Pudong International Airport,PVG,03/07/2024 4:30,250,China Eastern,Business Class,1475,865,TRUE,1446,Y,Y,Y,1,10,2,32
Wattay International Airport,VTE,02/07/2024 21:50,Kunming Changshui International Airport,KMG,03/07/2024 0:25,95,China Eastern,Business Class,1280,955,TRUE,1557,Y,Y,Y,1,10,2,32
Wattay International Airport,VTE,02/07/2024 23:20,Shanghai Pudong International Airport,PVG,03/07/2024 4:30,250,China Eastern,Business Class,870,295,TRUE,1585,Y,Y,Y,1,10,2,32
Wattay International Airport,VTE,02/07/2024 10:40,Kunming Changshui International Airport,KMG,02/07/2024 13:15,95,China Eastern,Business Class,510,185,N/A,2448,Y,Y,Y,1,10,2,32
Wattay International Airport,VTE,03/07/2024 19:10,Guangzhou Baiyun International Airport,CAN,03/07/2024 22:25,135,China Southern,Business Class,975,580,TRUE,1065,Y,Y,Y,1,10,2,32
Wattay International Airport,VTE,03/07/2024 21:50,Kunming Changshui International Airport,KMG,04/07/2024 0:25,95,China Eastern,Business Class,1280,955,TRUE,1228,Y,Y,Y,1,10,2,32
Wattay International Airport,VTE,03/07/2024 23:20,Shanghai Pudong International Airport,PVG,04/07/2024 4:30,250,China Eastern,Business Class,870,295,TRUE,1464,Y,Y,Y,1,10,2,32
Wattay International Airport,VTE,03/07/2024 10:40,Kunming Changshui International Airport,KMG,03/07/2024 13:15,95,China Eastern,Business Class,510,185,N/A,1668,Y,Y,Y,1,10,2,32
Wattay International Airport,VTE,03/07/2024 20:00,Noi Bai International Airport,HAN,03/07/2024 21:25,85,Vietnam Airlines,Business Class,1320,1035,TRUE,N/A,Y,Y,Y,2,10,1,32
Wattay International Airport,VTE,04/07/2024 10:40,Kunming Changshui International Airport,KMG,04/07/2024 13:15,95,China Eastern,Business Class,510,185,N/A,1668,Y,Y,Y,1,10,2,32
Wattay International Airport,VTE,04/07/2024 23:20,Shanghai Pudong International Airport,PVG,05/07/2024 4:30,250,China Eastern,Business Class,1475,865,TRUE,1326,Y,Y,Y,1,10,2,32
Wattay International Airport,VTE,04/07/2024 23:20,Shanghai Pudong International Airport,PVG,05/07/2024 4:30,250,China Eastern,Business Class,870,295,TRUE,1743,Y,Y,Y,1,10,2,32
Wattay International Airport,VTE,04/07/2024 21:50,Kunming Changshui International Airport,KMG,05/07/2024 0:25,95,China Eastern,Business Class,1280,955,TRUE,2448,Y,Y,Y,1,10,2,32
Wattay International Airport,VTE,05/07/2024 19:10,Guangzhou Baiyun International Airport,CAN,05/07/2024 22:25,135,China Southern,Business Class,975,580,TRUE,1065,Y,Y,Y,1,10,2,32
Wattay International Airport,VTE,05/07/2024 21:50,Kunming Changshui International Airport,KMG,06/07/2024 0:25,95,China Eastern,Business Class,1280,955,TRUE,1228,Y,Y,Y,1,10,2,32
Wattay International Airport,VTE,05/07/2024 23:20,Shanghai Pudong International Airport,PVG,06/07/2024 4:30,250,China Eastern,Business Class,870,295,TRUE,1464,Y,Y,Y,1,10,2,32
Wattay International Airport,VTE,05/07/2024 10:40,Kunming Changshui International Airport,KMG,05/07/2024 13:15,95,China Eastern,Business Class,510,185,N/A,1668,Y,Y,Y,1,10,2,32
Wattay International Airport,VTE,06/07/2024 10:40,Kunming Changshui International Airport,KMG,06/07/2024 13:15,95,China Eastern,Business Class,510,185,N/A,1228,Y,Y,Y,1,10,2,32
Wattay International Airport,VTE,06/07/2024 23:20,Shanghai Pudong International Airport,PVG,07/07/2024 4:30,250,China Eastern,Business Class,1475,865,TRUE,1326,Y,Y,Y,1,10,2,32
Wattay International Airport,VTE,06/07/2024 23:20,Shanghai Pudong International Airport,PVG,07/07/2024 4:30,250,China Eastern,Business Class,1760,1180,N/A,1326,Y,Y,Y,1,10,2,32
Wattay International Airport,VTE,06/07/2024 23:20,Shanghai Pudong International Airport,PVG,07/07/2024 4:30,250,China Eastern,Business Class,870,295,TRUE,1743,Y,Y,Y,1,10,2,32
Wattay International Airport,VTE,06/07/2024 20:00,Noi Bai International Airport,HAN,06/07/2024 21:25,85,Vietnam Airlines,Business Class,1320,1035,TRUE,N/A,Y,Y,Y,2,10,1,32
Wattay International Airport,VTE,07/07/2024 19:10,Guangzhou Baiyun International Airport,CAN,07/07/2024 22:25,135,China Southern,Business Class,975,580,TRUE,1065,Y,Y,Y,1,10,2,32
Wattay International Airport,VTE,07/07/2024 23:20,Shanghai Pudong International Airport,PVG,08/07/2024 4:30,250,China Eastern,Business Class,1475,865,TRUE,1326,Y,Y,Y,1,10,2,32
Wattay International Airport,VTE,07/07/2024 23:20,Shanghai Pudong International Airport,PVG,08/07/2024 4:30,250,China Eastern,Business Class,870,295,TRUE,1464,Y,Y,Y,1,10,2,32
Wattay International Airport,VTE,07/07/2024 21:50,Kunming Changshui International Airport,KMG,08/07/2024 0:25,95,China Eastern,Business Class,1280,955,TRUE,1951,Y,Y,Y,1,10,2,32
Wattay International Airport,VTE,08/07/2024 21:50,Kunming Changshui International Airport,KMG,09/07/2024 0:25,95,China Eastern,Business Class,1280,955,TRUE,1228,Y,Y,Y,1,10,2,32
Wattay International Airport,VTE,08/07/2024 23:20,Shanghai Pudong International Airport,PVG,09/07/2024 4:30,250,China Eastern,Business Class,1475,865,TRUE,1326,Y,Y,Y,1,10,2,32
Wattay International Airport,VTE,08/07/2024 23:20,Shanghai Pudong International Airport,PVG,09/07/2024 4:30,250,China Eastern,Business Class,1760,1180,N/A,1326,Y,Y,Y,1,10,2,32
Wattay International Airport,VTE,08/07/2024 10:40,Kunming Changshui International Airport,KMG,08/07/2024 13:15,95,China Eastern,Business Class,510,185,N/A,1668,Y,Y,Y,1,10,2,32
Wattay International Airport,VTE,08/07/2024 20:00,Noi Bai International Airport,HAN,08/07/2024 21:25,85,Vietnam Airlines,Business Class,1320,1035,TRUE,N/A,Y,Y,Y,2,10,1,32
Wattay International Airport,VTE,09/07/2024 10:40,Kunming Changshui International Airport,KMG,09/07/2024 13:15,95,China Eastern,Business Class,510,185,N/A,1228,Y,Y,Y,1,10,2,32
Wattay International Airport,VTE,09/07/2024 23:20,Shanghai Pudong International Airport,PVG,10/07/2024 4:30,250,China Eastern,Business Class,1475,865,TRUE,1326,Y,Y,Y,1,10,2,32
Wattay International Airport,VTE,09/07/2024 21:50,Kunming Changshui International Airport,KMG,10/07/2024 0:25,95,China Eastern,Business Class,1280,955,TRUE,1436,Y,Y,Y,1,10,2,32
Wattay International Airport,VTE,09/07/2024 23:20,Shanghai Pudong International Airport,PVG,10/07/2024 4:30,250,China Eastern,Business Class,870,295,TRUE,1464,Y,Y,Y,1,10,2,32
Wattay International Airport,VTE,10/07/2024 19:10,Guangzhou Baiyun International Airport,CAN,10/07/2024 22:25,135,China Southern,Business Class,975,580,TRUE,1065,Y,Y,Y,1,10,2,32
Wattay International Airport,VTE,10/07/2024 21:50,Kunming Changshui International Airport,KMG,11/07/2024 0:25,95,China Eastern,Business Class,1280,955,TRUE,1228,Y,Y,Y,1,10,2,32
Wattay International Airport,VTE,10/07/2024 23:20,Shanghai Pudong International Airport,PVG,11/07/2024 4:30,250,China Eastern,Business Class,870,295,TRUE,1464,Y,Y,Y,1,10,2,32
Wattay International Airport,VTE,10/07/2024 10:40,Kunming Changshui International Airport,KMG,10/07/2024 13:15,95,China Eastern,Business Class,510,185,N/A,1668,Y,Y,Y,1,10,2,32
Wattay International Airport,VTE,10/07/2024 20:00,Noi Bai International Airport,HAN,10/07/2024 21:25,85,Vietnam Airlines,Business Class,1320,1035,TRUE,N/A,Y,Y,Y,2,10,1,32
Wattay International Airport,VTE,11/07/2024 10:40,Kunming Changshui International Airport,KMG,11/07/2024 13:15,95,China Eastern,Business Class,510,185,N/A,1228,Y,Y,Y,1,10,2,32
Wattay International Airport,VTE,11/07/2024 21:50,Kunming Changshui International Airport,KMG,12/07/2024 0:25,95,China Eastern,Business Class,1280,955,TRUE,1228,Y,Y,Y,1,10,2,32
Wattay International Airport,VTE,11/07/2024 23:20,Shanghai Pudong International Airport,PVG,12/07/2024 4:30,250,China Eastern,Business Class,1475,865,TRUE,1326,Y,Y,Y,1,10,2,32
Wattay International Airport,VTE,11/07/2024 23:20,Shanghai Pudong International Airport,PVG,12/07/2024 4:30,250,China Eastern,Business Class,870,295,TRUE,1743,Y,Y,Y,1,10,2,32
Wattay International Airport,VTE,12/07/2024 10:40,Kunming Changshui International Airport,KMG,12/07/2024 13:15,95,China Eastern,Business Class,510,185,N/A,1228,Y,Y,Y,1,10,2,32
Wattay International Airport,VTE,12/07/2024 19:10,Guangzhou Baiyun International Airport,CAN,12/07/2024 22:25,135,China Southern,Business Class,1740,1355,TRUE,1065,Y,Y,Y,1,10,2,32
Wattay International Airport,VTE,12/07/2024 21:50,Kunming Changshui International Airport,KMG,13/07/2024 0:25,95,China Eastern,Business Class,1280,955,TRUE,1228,Y,Y,Y,1,10,2,32
Wattay International Airport,VTE,12/07/2024 19:10,Guangzhou Baiyun International Airport,CAN,12/07/2024 22:25,135,China Southern,Business Class,975,580,TRUE,1416,Y,Y,Y,1,10,2,32
Wattay International Airport,VTE,13/07/2024 10:40,Kunming Changshui International Airport,KMG,13/07/2024 13:15,95,China Eastern,Business Class,510,185,N/A,1228,Y,Y,Y,1,10,2,32
Wattay International Airport,VTE,13/07/2024 23:20,Shanghai Pudong International Airport,PVG,14/07/2024 4:30,250,China Eastern,Business Class,1475,865,TRUE,1326,Y,Y,Y,1,10,2,32
Wattay International Airport,VTE,13/07/2024 21:50,Kunming Changshui International Airport,KMG,14/07/2024 0:25,95,China Eastern,Business Class,1280,955,TRUE,1436,Y,Y,Y,1,10,2,32
Wattay International Airport,VTE,13/07/2024 23:20,Shanghai Pudong International Airport,PVG,14/07/2024 4:30,250,China Eastern,Business Class,870,295,TRUE,1743,Y,Y,Y,1,10,2,32
Wattay International Airport,VTE,13/07/2024 20:00,Noi Bai International Airport,HAN,13/07/2024 21:25,85,Vietnam Airlines,Business Class,1320,1035,TRUE,N/A,Y,Y,Y,2,10,1,32
Wattay International Airport,VTE,14/07/2024 19:10,Guangzhou Baiyun International Airport,CAN,14/07/2024 22:25,135,China Southern,Business Class,975,580,TRUE,1065,Y,Y,Y,1,10,2,32
Wattay International Airport,VTE,14/07/2024 10:40,Kunming Changshui International Airport,KMG,14/07/2024 13:15,95,China Eastern,Business Class,510,185,N/A,1668,Y,Y,Y,1,10,2,32
Wattay International Airport,VTE,14/07/2024 21:50,Kunming Changshui International Airport,KMG,15/07/2024 0:25,95,China Eastern,Business Class,1280,955,TRUE,1228,Y,Y,Y,1,10,2,32
Wattay International Airport,VTE,14/07/2024 23:20,Shanghai Pudong International Airport,PVG,15/07/2024 4:30,250,China Eastern,Business Class,870,295,TRUE,1464,Y,Y,Y,1,10,2,32
Wattay International Airport,VTE,15/07/2024 23:20,Shanghai Pudong International Airport,PVG,16/07/2024 4:30,250,China Eastern,Business Class,1475,865,TRUE,1326,Y,Y,Y,1,10,2,32
Wattay International Airport,VTE,15/07/2024 23:20,Shanghai Pudong International Airport,PVG,16/07/2024 4:30,250,China Eastern,Business Class,1760,1180,N/A,1326,Y,Y,Y,1,10,2,32
Wattay International Airport,VTE,15/07/2024 21:50,Kunming Changshui International Airport,KMG,16/07/2024 0:25,95,China Eastern,Business Class,1280,955,TRUE,1436,Y,Y,Y,1,10,2,32
Wattay International Airport,VTE,15/07/2024 10:40,Kunming Changshui International Airport,KMG,15/07/2024 13:15,95,China Eastern,Business Class,510,185,N/A,1668,Y,Y,Y,1,10,2,32
Wattay International Airport,VTE,15/07/2024 20:00,Noi Bai International Airport,HAN,15/07/2024 21:25,85,Vietnam Airlines,Business Class,1320,1035,TRUE,N/A,Y,Y,Y,2,10,1,32
Wattay International Airport,VTE,16/07/2024 10:40,Kunming Changshui International Airport,KMG,16/07/2024 13:15,95,China Eastern,Business Class,510,185,N/A,1228,Y,Y,Y,1,10,2,32
Wattay International Airport,VTE,16/07/2024 21:50,Kunming Changshui International Airport,KMG,17/07/2024 0:25,95,China Eastern,Business Class,1280,955,TRUE,1228,Y,Y,Y,1,10,2,32
Wattay International Airport,VTE,16/07/2024 23:20,Shanghai Pudong International Airport,PVG,17/07/2024 4:30,250,China Eastern,Business Class,1475,865,TRUE,1326,Y,Y,Y,1,10,2,32
Wattay International Airport,VTE,16/07/2024 23:20,Shanghai Pudong International Airport,PVG,17/07/2024 4:30,250,China Eastern,Business Class,870,295,TRUE,1464,Y,Y,Y,1,10,2,32
Wattay International Airport,VTE,17/07/2024 10:40,Kunming Changshui International Airport,KMG,17/07/2024 13:15,95,China Eastern,Business Class,510,185,N/A,1228,Y,Y,Y,1,10,2,32
Wattay International Airport,VTE,17/07/2024 19:10,Guangzhou Baiyun International Airport,CAN,17/07/2024 22:25,135,China Southern,Business Class,975,580,TRUE,1065,Y,Y,Y,1,10,2,32
Wattay International Airport,VTE,17/07/2024 21:50,Kunming Changshui International Airport,KMG,18/07/2024 0:25,95,China Eastern,Business Class,1280,955,TRUE,1228,Y,Y,Y,1,10,2,32
Wattay International Airport,VTE,17/07/2024 20:00,Noi Bai International Airport,HAN,17/07/2024 21:25,85,Vietnam Airlines,Business Class,1320,1035,TRUE,N/A,Y,Y,Y,2,10,1,32
Wattay International Airport,VTE,18/07/2024 10:40,Kunming Changshui International Airport,KMG,18/07/2024 13:15,95,China Eastern,Business Class,510,185,N/A,1228,Y,Y,Y,1,10,2,32
Wattay International Airport,VTE,18/07/2024 21:50,Kunming Changshui International Airport,KMG,19/07/2024 0:25,95,China Eastern,Business Class,1280,955,TRUE,1228,Y,Y,Y,1,10,2,32
Wattay International Airport,VTE,18/07/2024 23:20,Shanghai Pudong International Airport,PVG,19/07/2024 4:30,250,China Eastern,Business Class,1475,865,TRUE,1326,Y,Y,Y,1,10,2,32
Wattay International Airport,VTE,18/07/2024 23:20,Shanghai Pudong International Airport,PVG,19/07/2024 4:30,250,China Eastern,Business Class,870,295,TRUE,1743,Y,Y,Y,1,10,2,32
Wattay International Airport,VTE,19/07/2024 10:40,Kunming Changshui International Airport,KMG,19/07/2024 13:15,95,China Eastern,Business Class,510,185,N/A,1228,Y,Y,Y,1,10,2,32
Wattay International Airport,VTE,19/07/2024 21:50,Kunming Changshui International Airport,KMG,20/07/2024 0:25,95,China Eastern,Business Class,1280,955,TRUE,1228,Y,Y,Y,1,10,2,32
Wattay International Airport,VTE,19/07/2024 19:10,Guangzhou Baiyun International Airport,CAN,19/07/2024 22:25,135,China Southern,Business Class,975,580,TRUE,1416,Y,Y,Y,1,10,2,32
Wattay International Airport,VTE,20/07/2024 10:40,Kunming Changshui International Airport,KMG,20/07/2024 13:15,95,China Eastern,Business Class,510,185,N/A,1228,Y,Y,Y,1,10,2,32
Wattay International Airport,VTE,20/07/2024 21:50,Kunming Changshui International Airport,KMG,21/07/2024 0:25,95,China Eastern,Business Class,1280,955,TRUE,1228,Y,Y,Y,1,10,2,32
Wattay International Airport,VTE,20/07/2024 23:20,Shanghai Pudong International Airport,PVG,21/07/2024 4:30,250,China Eastern,Business Class,1475,865,TRUE,1326,Y,Y,Y,1,10,2,32
Wattay International Airport,VTE,20/07/2024 23:20,Shanghai Pudong International Airport,PVG,21/07/2024 4:30,250,China Eastern,Business Class,1760,1180,N/A,1326,Y,Y,Y,1,10,2,32
Wattay International Airport,VTE,20/07/2024 20:00,Noi Bai International Airport,HAN,20/07/2024 21:25,85,Vietnam Airlines,Business Class,1320,1035,TRUE,N/A,Y,Y,Y,2,10,1,32
Wattay International Airport,VTE,21/07/2024 19:10,Guangzhou Baiyun International Airport,CAN,21/07/2024 22:25,135,China Southern,Business Class,975,580,TRUE,1065,Y,Y,Y,1,10,2,32
Wattay International Airport,VTE,21/07/2024 10:40,Kunming Changshui International Airport,KMG,21/07/2024 13:15,95,China Eastern,Business Class,510,185,N/A,1228,Y,Y,Y,1,10,2,32
Wattay International Airport,VTE,21/07/2024 21:50,Kunming Changshui International Airport,KMG,22/07/2024 0:25,95,China Eastern,Business Class,1280,955,TRUE,1228,Y,Y,Y,1,10,2,32
Wattay International Airport,VTE,21/07/2024 23:20,Shanghai Pudong International Airport,PVG,22/07/2024 4:30,250,China Eastern,Business Class,870,295,TRUE,1464,Y,Y,Y,1,10,2,32
Wattay International Airport,VTE,22/07/2024 10:40,Kunming Changshui International Airport,KMG,22/07/2024 13:15,95,China Eastern,Business Class,510,185,N/A,1228,Y,Y,Y,1,10,2,32
Wattay International Airport,VTE,22/07/2024 21:50,Kunming Changshui International Airport,KMG,23/07/2024 0:25,95,China Eastern,Business Class,1280,955,TRUE,1228,Y,Y,Y,1,10,2,32
Wattay International Airport,VTE,22/07/2024 23:20,Shanghai Pudong International Airport,PVG,23/07/2024 4:30,250,China Eastern,Business Class,1475,865,TRUE,1326,Y,Y,Y,1,10,2,32
Wattay International Airport,VTE,22/07/2024 23:20,Shanghai Pudong International Airport,PVG,23/07/2024 4:30,250,China Eastern,Business Class,1760,1180,N/A,1326,Y,Y,Y,1,10,2,32
Wattay International Airport,VTE,22/07/2024 20:00,Noi Bai International Airport,HAN,22/07/2024 21:25,85,Vietnam Airlines,Business Class,1320,1035,TRUE,N/A,Y,Y,Y,2,10,1,32
Wattay International Airport,VTE,23/07/2024 10:40,Kunming Changshui International Airport,KMG,23/07/2024 13:15,95,China Eastern,Business Class,510,185,N/A,1228,Y,Y,Y,1,10,2,32
Wattay International Airport,VTE,23/07/2024 21:50,Kunming Changshui International Airport,KMG,24/07/2024 0:25,95,China Eastern,Business Class,1280,955,TRUE,1228,Y,Y,Y,1,10,2,32
Wattay International Airport,VTE,23/07/2024 23:20,Shanghai Pudong International Airport,PVG,24/07/2024 4:30,250,China Eastern,Business Class,1475,865,TRUE,1326,Y,Y,Y,1,10,2,32
Wattay International Airport,VTE,23/07/2024 23:20,Shanghai Pudong International Airport,PVG,24/07/2024 4:30,250,China Eastern,Business Class,870,295,TRUE,1464,Y,Y,Y,1,10,2,32
Wattay International Airport,VTE,24/07/2024 10:40,Kunming Changshui International Airport,KMG,24/07/2024 13:15,95,China Eastern,Business Class,510,185,N/A,1117,Y,Y,Y,1,10,2,32
Wattay International Airport,VTE,24/07/2024 19:10,Guangzhou Baiyun International Airport,CAN,24/07/2024 22:25,135,China Southern,Business Class,975,580,TRUE,1065,Y,Y,Y,1,10,2,32
Wattay International Airport,VTE,24/07/2024 23:20,Shanghai Pudong International Airport,PVG,25/07/2024 4:30,250,China Eastern,Business Class,870,295,TRUE,1354,Y,Y,Y,1,10,2,32
Wattay International Airport,VTE,24/07/2024 20:00,Noi Bai International Airport,HAN,24/07/2024 21:25,85,Vietnam Airlines,Business Class,1320,1035,TRUE,N/A,Y,Y,Y,2,10,1,32
Wattay International Airport,VTE,25/07/2024 10:40,Kunming Changshui International Airport,KMG,25/07/2024 13:15,95,China Eastern,Business Class,510,185,N/A,1117,Y,Y,Y,1,10,2,32
Wattay International Airport,VTE,25/07/2024 21:50,Kunming Changshui International Airport,KMG,26/07/2024 0:25,95,China Eastern,Business Class,1280,955,TRUE,1117,Y,Y,Y,1,10,2,32
Wattay International Airport,VTE,25/07/2024 23:20,Shanghai Pudong International Airport,PVG,26/07/2024 4:30,250,China Eastern,Business Class,1475,865,TRUE,1215,Y,Y,Y,1,10,2,32
Wattay International Airport,VTE,25/07/2024 23:20,Shanghai Pudong International Airport,PVG,26/07/2024 4:30,250,China Eastern,Business Class,870,295,TRUE,1632,Y,Y,Y,1,10,2,32
Wattay International Airport,VTE,26/07/2024 10:40,Kunming Changshui International Airport,KMG,26/07/2024 13:15,95,China Eastern,Business Class,510,185,N/A,1117,Y,Y,Y,1,10,2,32
Wattay International Airport,VTE,26/07/2024 19:10,Guangzhou Baiyun International Airport,CAN,26/07/2024 22:25,135,China Southern,Business Class,975,580,TRUE,1065,Y,Y,Y,1,10,2,32
Wattay International Airport,VTE,26/07/2024 21:50,Kunming Changshui International Airport,KMG,27/07/2024 0:25,95,China Eastern,Business Class,1280,955,TRUE,1117,Y,Y,Y,1,10,2,32
Wattay International Airport,VTE,27/07/2024 10:40,Kunming Changshui International Airport,KMG,27/07/2024 13:15,95,China Eastern,Business Class,510,185,N/A,1117,Y,Y,Y,1,10,2,32
Wattay International Airport,VTE,27/07/2024 21:50,Kunming Changshui International Airport,KMG,28/07/2024 0:25,95,China Eastern,Business Class,1280,955,TRUE,1117,Y,Y,Y,1,10,2,32
Wattay International Airport,VTE,27/07/2024 23:20,Shanghai Pudong International Airport,PVG,28/07/2024 4:30,250,China Eastern,Business Class,1475,865,TRUE,1215,Y,Y,Y,1,10,2,32
Wattay International Airport,VTE,27/07/2024 23:20,Shanghai Pudong International Airport,PVG,28/07/2024 4:30,250,China Eastern,Business Class,1760,1180,N/A,1215,Y,Y,Y,1,10,2,32
Wattay International Airport,VTE,27/07/2024 20:00,Noi Bai International Airport,HAN,27/07/2024 21:25,85,Vietnam Airlines,Business Class,1320,1035,TRUE,N/A,Y,Y,Y,2,10,1,32
Wattay International Airport,VTE,28/07/2024 19:10,Guangzhou Baiyun International Airport,CAN,28/07/2024 22:25,135,China Southern,Business Class,975,580,TRUE,1065,Y,Y,Y,1,10,2,32
Wattay International Airport,VTE,28/07/2024 10:40,Kunming Changshui International Airport,KMG,28/07/2024 13:15,95,China Eastern,Business Class,510,185,N/A,1117,Y,Y,Y,1,10,2,32
Wattay International Airport,VTE,28/07/2024 21:50,Kunming Changshui International Airport,KMG,29/07/2024 0:25,95,China Eastern,Business Class,1280,955,TRUE,1117,Y,Y,Y,1,10,2,32
Wattay International Airport,VTE,28/07/2024 23:20,Shanghai Pudong International Airport,PVG,29/07/2024 4:30,250,China Eastern,Business Class,870,295,TRUE,1354,Y,Y,Y,1,10,2,32
Wattay International Airport,VTE,29/07/2024 10:40,Kunming Changshui International Airport,KMG,29/07/2024 13:15,95,China Eastern,Business Class,510,185,N/A,1117,Y,Y,Y,1,10,2,32
Wattay International Airport,VTE,29/07/2024 21:50,Kunming Changshui International Airport,KMG,30/07/2024 0:25,95,China Eastern,Business Class,1280,955,TRUE,1117,Y,Y,Y,1,10,2,32
Wattay International Airport,VTE,29/07/2024 23:20,Shanghai Pudong International Airport,PVG,30/07/2024 4:30,250,China Eastern,Business Class,1475,865,TRUE,1215,Y,Y,Y,1,10,2,32
Wattay International Airport,VTE,29/07/2024 23:20,Shanghai Pudong International Airport,PVG,30/07/2024 4:30,250,China Eastern,Business Class,870,295,TRUE,1632,Y,Y,Y,1,10,2,32
Wattay International Airport,VTE,29/07/2024 20:00,Noi Bai International Airport,HAN,29/07/2024 21:25,85,Vietnam Airlines,Business Class,1320,1035,TRUE,N/A,Y,Y,Y,2,10,1,32
Wattay International Airport,VTE,30/07/2024 10:40,Kunming Changshui International Airport,KMG,30/07/2024 13:15,95,China Eastern,Business Class,510,185,N/A,1117,Y,Y,Y,1,10,2,32
Wattay International Airport,VTE,30/07/2024 21:50,Kunming Changshui International Airport,KMG,31/07/2024 0:25,95,China Eastern,Business Class,1280,955,TRUE,1117,Y,Y,Y,1,10,2,32
Wattay International Airport,VTE,30/07/2024 23:20,Shanghai Pudong International Airport,PVG,31/07/2024 4:30,250,China Eastern,Business Class,1475,865,TRUE,1215,Y,Y,Y,1,10,2,32
Wattay International Airport,VTE,30/07/2024 23:20,Shanghai Pudong International Airport,PVG,31/07/2024 4:30,250,China Eastern,Business Class,870,295,TRUE,1354,Y,Y,Y,1,10,2,32
Wattay International Airport,VTE,31/07/2024 19:10,Guangzhou Baiyun International Airport,CAN,31/07/2024 22:25,135,China Southern,Business Class,975,580,TRUE,1065,Y,Y,Y,1,10,2,32
Wattay International Airport,VTE,31/07/2024 10:40,Kunming Changshui International Airport,KMG,31/07/2024 13:15,95,China Eastern,Business Class,510,185,N/A,1117,Y,Y,Y,1,10,2,32
Wattay International Airport,VTE,31/07/2024 21:50,Kunming Changshui International Airport,KMG,01/08/2024 0:25,95,China Eastern,Business Class,1280,955,TRUE,1215,Y,Y,Y,1,10,2,32
Wattay International Airport,VTE,31/07/2024 23:20,Shanghai Pudong International Airport,PVG,01/08/2024 4:30,250,China Eastern,Business Class,1475,865,TRUE,1354,Y,Y,Y,1,10,2,32
Wattay International Airport,VTE,31/07/2024 20:00,Noi Bai International Airport,HAN,31/07/2024 21:25,85,Vietnam Airlines,Business Class,1320,1035,TRUE,N/A,Y,Y,Y,2,10,1,32
Wattay International Airport,VTE,01/08/2024 10:40,Kunming Changshui International Airport,KMG,01/08/2024 13:15,95,China Eastern,Business Class,510,185,N/A,1056,Y,Y,Y,1,10,2,32
Wattay International Airport,VTE,01/08/2024 21:50,Kunming Changshui International Airport,KMG,02/08/2024 0:25,95,China Eastern,Business Class,1280,955,TRUE,1056,Y,Y,Y,1,10,2,32
Wattay International Airport,VTE,01/08/2024 23:20,Shanghai Pudong International Airport,PVG,02/08/2024 4:30,250,China Eastern,Business Class,1475,865,TRUE,2253,Y,Y,Y,1,10,2,32
Wattay International Airport,VTE,01/08/2024 23:20,Shanghai Pudong International Airport,PVG,02/08/2024 4:30,250,China Eastern,Business Class,870,295,TRUE,2292,Y,Y,Y,1,10,2,32
Wattay International Airport,VTE,02/08/2024 19:10,Guangzhou Baiyun International Airport,CAN,02/08/2024 22:25,135,China Southern,Business Class,975,580,TRUE,908,Y,Y,Y,1,10,2,32
Wattay International Airport,VTE,02/08/2024 10:40,Kunming Changshui International Airport,KMG,02/08/2024 13:15,95,China Eastern,Business Class,510,185,N/A,1056,Y,Y,Y,1,10,2,32
Wattay International Airport,VTE,02/08/2024 23:20,Shanghai Pudong International Airport,PVG,03/08/2024 4:30,250,China Eastern,Business Class,1475,865,TRUE,1466,Y,Y,Y,1,10,2,32
Wattay International Airport,VTE,02/08/2024 21:50,Kunming Changshui International Airport,KMG,03/08/2024 0:25,95,China Eastern,Business Class,1280,955,TRUE,1559,Y,Y,Y,1,10,2,32
Wattay International Airport,VTE,03/08/2024 21:50,Kunming Changshui International Airport,KMG,04/08/2024 0:25,95,China Eastern,Business Class,1280,955,TRUE,1056,Y,Y,Y,1,10,2,32
Wattay International Airport,VTE,03/08/2024 23:20,Shanghai Pudong International Airport,PVG,04/08/2024 4:30,250,China Eastern,Business Class,1475,865,TRUE,1466,Y,Y,Y,1,10,2,32
Wattay International Airport,VTE,03/08/2024 23:20,Shanghai Pudong International Airport,PVG,04/08/2024 4:30,250,China Eastern,Business Class,870,295,TRUE,1745,Y,Y,Y,1,10,2,32
Wattay International Airport,VTE,03/08/2024 10:40,Kunming Changshui International Airport,KMG,03/08/2024 13:15,95,China Eastern,Business Class,510,185,N/A,1768,Y,Y,Y,1,10,2,32
Wattay International Airport,VTE,03/08/2024 20:00,Noibai International Airport,HAN,03/08/2024 21:25,85,Vietnam Airlines,Business Class,1320,1035,TRUE,N/A,Y,Y,Y,2,10,1,32
Wattay International Airport,VTE,04/08/2024 19:10,Guangzhou Baiyun International Airport,CAN,04/08/2024 22:25,135,China Southern,Business Class,975,580,TRUE,908,Y,Y,Y,1,10,2,32
Wattay International Airport,VTE,04/08/2024 10:40,Kunming Changshui International Airport,KMG,04/08/2024 13:15,95,China Eastern,Business Class,510,185,N/A,1056,Y,Y,Y,1,10,2,32
Wattay International Airport,VTE,04/08/2024 21:50,Kunming Changshui International Airport,KMG,05/08/2024 0:25,95,China Eastern,Business Class,1280,955,TRUE,1056,Y,Y,Y,1,10,2,32
Wattay International Airport,VTE,04/08/2024 23:20,Shanghai Pudong International Airport,PVG,05/08/2024 4:30,250,China Eastern,Business Class,1475,865,TRUE,1466,Y,Y,Y,1,10,2,32
Wattay International Airport,VTE,05/08/2024 21:50,Kunming Changshui International Airport,KMG,06/08/2024 0:25,95,China Eastern,Business Class,1280,955,TRUE,1377,Y,Y,Y,1,10,2,32
Wattay International Airport,VTE,05/08/2024 23:20,Shanghai Pudong International Airport,PVG,06/08/2024 4:30,250,China Eastern,Business Class,1475,865,TRUE,1698,Y,Y,Y,1,10,2,32
Wattay International Airport,VTE,05/08/2024 10:40,Kunming Changshui International Airport,KMG,05/08/2024 13:15,95,China Eastern,Business Class,510,185,N/A,1768,Y,Y,Y,1,10,2,32
Wattay International Airport,VTE,05/08/2024 23:20,Shanghai Pudong International Airport,PVG,06/08/2024 4:30,250,China Eastern,Business Class,870,295,TRUE,1977,Y,Y,Y,1,10,2,32
Wattay International Airport,VTE,06/08/2024 21:50,Kunming Changshui International Airport,KMG,07/08/2024 0:25,95,China Eastern,Business Class,1280,955,TRUE,1056,Y,Y,Y,1,10,2,32
Wattay International Airport,VTE,06/08/2024 10:40,Kunming Changshui International Airport,KMG,06/08/2024 13:15,95,China Eastern,Business Class,510,185,N/A,1768,Y,Y,Y,1,10,2,32
Wattay International Airport,VTE,07/08/2024 19:10,Guangzhou Baiyun International Airport,CAN,07/08/2024 22:25,135,China Southern,Business Class,975,580,TRUE,908,Y,Y,Y,1,10,2,32
Wattay International Airport,VTE,07/08/2024 10:40,Kunming Changshui International Airport,KMG,07/08/2024 13:15,95,China Eastern,Business Class,510,185,N/A,1056,Y,Y,Y,1,10,2,32
Wattay International Airport,VTE,07/08/2024 21:50,Kunming Changshui International Airport,KMG,08/08/2024 0:25,95,China Eastern,Business Class,1280,955,TRUE,1056,Y,Y,Y,1,10,2,32
Wattay International Airport,VTE,07/08/2024 23:20,Shanghai Pudong International Airport,PVG,08/08/2024 4:30,250,China Eastern,Business Class,1475,865,TRUE,1466,Y,Y,Y,1,10,2,32
Wattay International Airport,VTE,07/08/2024 20:00,Noibai International Airport,HAN,07/08/2024 21:25,85,Vietnam Airlines,Business Class,1320,1035,TRUE,N/A,Y,Y,Y,2,10,1,32
Wattay International Airport,VTE,08/08/2024 10:40,Kunming Changshui International Airport,KMG,08/08/2024 13:15,95,China Eastern,Business Class,510,185,N/A,1056,Y,Y,Y,1,10,2,32
Wattay International Airport,VTE,08/08/2024 21:50,Kunming Changshui International Airport,KMG,09/08/2024 0:25,95,China Eastern,Business Class,1280,955,TRUE,1056,Y,Y,Y,1,10,2,32
Wattay International Airport,VTE,08/08/2024 23:20,Shanghai Pudong International Airport,PVG,09/08/2024 4:30,250,China Eastern,Business Class,1475,865,TRUE,1466,Y,Y,Y,1,10,2,32
Wattay International Airport,VTE,08/08/2024 23:20,Shanghai Pudong International Airport,PVG,09/08/2024 4:30,250,China Eastern,Business Class,870,295,TRUE,1745,Y,Y,Y,1,10,2,32
Wattay International Airport,VTE,09/08/2024 19:10,Guangzhou Baiyun International Airport,CAN,09/08/2024 22:25,135,China Southern,Business Class,975,580,TRUE,908,Y,Y,Y,1,10,2,32
Wattay International Airport,VTE,09/08/2024 10:40,Kunming Changshui International Airport,KMG,09/08/2024 13:15,95,China Eastern,Business Class,510,185,N/A,1056,Y,Y,Y,1,10,2,32
Wattay International Airport,VTE,09/08/2024 21:50,Kunming Changshui International Airport,KMG,10/08/2024 0:25,95,China Eastern,Business Class,1280,955,TRUE,1056,Y,Y,Y,1,10,2,32
Wattay International Airport,VTE,10/08/2024 10:40,Kunming Changshui International Airport,KMG,10/08/2024 13:15,95,China Eastern,Business Class,510,185,N/A,1056,Y,Y,Y,1,10,2,32
Wattay International Airport,VTE,10/08/2024 21:50,Kunming Changshui International Airport,KMG,11/08/2024 0:25,95,China Eastern,Business Class,1280,955,TRUE,1056,Y,Y,Y,1,10,2,32
Wattay International Airport,VTE,10/08/2024 23:20,Shanghai Pudong International Airport,PVG,11/08/2024 4:30,250,China Eastern,Business Class,870,295,TRUE,1745,Y,Y,Y,1,10,2,32
Wattay International Airport,VTE,10/08/2024 20:00,Noibai International Airport,HAN,10/08/2024 21:25,85,Vietnam Airlines,Business Class,1320,1035,TRUE,N/A,Y,Y,Y,2,10,1,32
Wattay International Airport,VTE,11/08/2024 19:10,Guangzhou Baiyun International Airport,CAN,11/08/2024 22:25,135,China Southern,Business Class,975,580,TRUE,908,Y,Y,Y,1,10,2,32
Wattay International Airport,VTE,11/08/2024 10:40,Kunming Changshui International Airport,KMG,11/08/2024 13:15,95,China Eastern,Business Class,510,185,N/A,1056,Y,Y,Y,1,10,2,32
Wattay International Airport,VTE,11/08/2024 21:50,Kunming Changshui International Airport,KMG,12/08/2024 0:25,95,China Eastern,Business Class,1280,955,TRUE,1056,Y,Y,Y,1,10,2,32
Wattay International Airport,VTE,11/08/2024 23:20,Shanghai Pudong International Airport,PVG,12/08/2024 4:30,250,China Eastern,Business Class,1475,865,TRUE,1466,Y,Y,Y,1,10,2,32
Wattay International Airport,VTE,12/08/2024 10:40,Kunming Changshui International Airport,KMG,12/08/2024 13:15,95,China Eastern,Business Class,510,185,N/A,1056,Y,Y,Y,1,10,2,32
Wattay International Airport,VTE,12/08/2024 21:50,Kunming Changshui International Airport,KMG,13/08/2024 0:25,95,China Eastern,Business Class,1280,955,TRUE,1056,Y,Y,Y,1,10,2,32
Wattay International Airport,VTE,12/08/2024 23:20,Shanghai Pudong International Airport,PVG,13/08/2024 4:30,250,China Eastern,Business Class,1475,865,TRUE,1466,Y,Y,Y,1,10,2,32
Wattay International Airport,VTE,12/08/2024 20:00,Noibai International Airport,HAN,12/08/2024 21:25,85,Vietnam Airlines,Business Class,1320,1035,TRUE,N/A,Y,Y,Y,2,10,1,32
Wattay International Airport,VTE,13/08/2024 10:40,Kunming Changshui International Airport,KMG,13/08/2024 13:15,95,China Eastern,Business Class,510,185,N/A,1056,Y,Y,Y,1,10,2,32
Wattay International Airport,VTE,13/08/2024 21:50,Kunming Changshui International Airport,KMG,14/08/2024 0:25,95,China Eastern,Business Class,1280,955,TRUE,1056,Y,Y,Y,1,10,2,32
Wattay International Airport,VTE,13/08/2024 23:20,Shanghai Pudong International Airport,PVG,14/08/2024 4:30,250,China Eastern,Business Class,1760,1180,N/A,1327,Y,Y,Y,1,10,2,32
Wattay International Airport,VTE,13/08/2024 23:20,Shanghai Pudong International Airport,PVG,14/08/2024 4:30,250,China Eastern,Business Class,1475,865,TRUE,1466,Y,Y,Y,1,10,2,32
Wattay International Airport,VTE,14/08/2024 19:10,Guangzhou Baiyun International Airport,CAN,14/08/2024 22:25,135,China Southern,Business Class,975,580,TRUE,908,Y,Y,Y,1,10,2,32
Wattay International Airport,VTE,14/08/2024 10:40,Kunming Changshui International Airport,KMG,14/08/2024 13:15,95,China Eastern,Business Class,510,185,N/A,1056,Y,Y,Y,1,10,2,32
Wattay International Airport,VTE,14/08/2024 21:50,Kunming Changshui International Airport,KMG,15/08/2024 0:25,95,China Eastern,Business Class,1280,955,TRUE,1056,Y,Y,Y,1,10,2,32
Wattay International Airport,VTE,14/08/2024 23:20,Shanghai Pudong International Airport,PVG,15/08/2024 4:30,250,China Eastern,Business Class,1760,1180,N/A,1327,Y,Y,Y,1,10,2,32
Wattay International Airport,VTE,14/08/2024 20:00,Noibai International Airport,HAN,14/08/2024 21:25,85,Vietnam Airlines,Business Class,1320,1035,TRUE,N/A,Y,Y,Y,2,10,1,32
Wattay International Airport,VTE,15/08/2024 10:40,Kunming Changshui International Airport,KMG,15/08/2024 13:15,95,China Eastern,Business Class,510,185,N/A,1056,Y,Y,Y,1,10,2,32
Wattay International Airport,VTE,15/08/2024 21:50,Kunming Changshui International Airport,KMG,16/08/2024 0:25,95,China Eastern,Business Class,1280,955,TRUE,1056,Y,Y,Y,1,10,2,32
Wattay International Airport,VTE,15/08/2024 23:20,Shanghai Pudong International Airport,PVG,16/08/2024 4:30,250,China Eastern,Business Class,1760,1180,N/A,1327,Y,Y,Y,1,10,2,32
Wattay International Airport,VTE,16/08/2024 19:10,Guangzhou Baiyun International Airport,CAN,16/08/2024 22:25,135,China Southern,Business Class,975,580,TRUE,908,Y,Y,Y,1,10,2,32
Wattay International Airport,VTE,16/08/2024 21:50,Kunming Changshui International Airport,KMG,17/08/2024 0:25,95,China Eastern,Business Class,1280,955,TRUE,1056,Y,Y,Y,1,10,2,32
Wattay International Airport,VTE,16/08/2024 23:20,Shanghai Pudong International Airport,PVG,17/08/2024 4:30,250,China Eastern,Business Class,1760,1180,N/A,1327,Y,Y,Y,1,10,2,32
Wattay International Airport,VTE,16/08/2024 10:40,Kunming Changshui International Airport,KMG,16/08/2024 13:15,95,China Eastern,Business Class,510,185,N/A,1768,Y,Y,Y,1,10,2,32
Wattay International Airport,VTE,17/08/2024 10:40,Kunming Changshui International Airport,KMG,17/08/2024 13:15,95,China Eastern,Business Class,510,185,N/A,1056,Y,Y,Y,1,10,2,32
Wattay International Airport,VTE,17/08/2024 21:50,Kunming Changshui International Airport,KMG,18/08/2024 0:25,95,China Eastern,Business Class,1280,955,TRUE,1056,Y,Y,Y,1,10,2,32
Wattay International Airport,VTE,17/08/2024 23:20,Shanghai Pudong International Airport,PVG,18/08/2024 4:30,250,China Eastern,Business Class,1475,865,TRUE,1355,Y,Y,Y,1,10,2,32
Wattay International Airport,VTE,17/08/2024 23:20,Shanghai Pudong International Airport,PVG,18/08/2024 4:30,250,China Eastern,Business Class,870,295,TRUE,1634,Y,Y,Y,1,10,2,32
Wattay International Airport,VTE,17/08/2024 20:00,Noibai International Airport,HAN,17/08/2024 21:25,85,Vietnam Airlines,Business Class,1320,1035,TRUE,N/A,Y,Y,Y,2,10,1,32
Wattay International Airport,VTE,18/08/2024 19:10,Guangzhou Baiyun International Airport,CAN,18/08/2024 22:25,135,China Southern,Business Class,975,580,TRUE,908,Y,Y,Y,1,10,2,32
Wattay International Airport,VTE,18/08/2024 10:40,Kunming Changshui International Airport,KMG,18/08/2024 13:15,95,China Eastern,Business Class,510,185,N/A,1056,Y,Y,Y,1,10,2,32
Wattay International Airport,VTE,18/08/2024 21:50,Kunming Changshui International Airport,KMG,19/08/2024 0:25,95,China Eastern,Business Class,1280,955,TRUE,1056,Y,Y,Y,1,10,2,32
Wattay International Airport,VTE,19/08/2024 10:40,Kunming Changshui International Airport,KMG,19/08/2024 13:15,95,China Eastern,Business Class,510,185,N/A,1056,Y,Y,Y,1,10,2,32
Wattay International Airport,VTE,19/08/2024 21:50,Kunming Changshui International Airport,KMG,20/08/2024 0:25,95,China Eastern,Business Class,1280,955,TRUE,1056,Y,Y,Y,1,10,2,32
Wattay International Airport,VTE,19/08/2024 23:20,Shanghai Pudong International Airport,PVG,20/08/2024 4:30,250,China Eastern,Business Class,1475,865,TRUE,1355,Y,Y,Y,1,10,2,32
Wattay International Airport,VTE,19/08/2024 23:20,Shanghai Pudong International Airport,PVG,20/08/2024 4:30,250,China Eastern,Business Class,870,295,TRUE,1634,Y,Y,Y,1,10,2,32
Wattay International Airport,VTE,19/08/2024 20:00,Noibai International Airport,HAN,19/08/2024 21:25,85,Vietnam Airlines,Business Class,1320,1035,TRUE,N/A,Y,Y,Y,2,10,1,32
Wattay International Airport,VTE,20/08/2024 10:40,Kunming Changshui International Airport,KMG,20/08/2024 13:15,95,China Eastern,Business Class,510,185,N/A,1056,Y,Y,Y,1,10,2,32
Wattay International Airport,VTE,20/08/2024 21:50,Kunming Changshui International Airport,KMG,21/08/2024 0:25,95,China Eastern,Business Class,1280,955,TRUE,1056,Y,Y,Y,1,10,2,32
Wattay International Airport,VTE,20/08/2024 23:20,Shanghai Pudong International Airport,PVG,21/08/2024 4:30,250,China Eastern,Business Class,1475,865,TRUE,1355,Y,Y,Y,1,10,2,32
Wattay International Airport,VTE,20/08/2024 23:20,Shanghai Pudong International Airport,PVG,21/08/2024 4:30,250,China Eastern,Business Class,870,295,TRUE,1634,Y,Y,Y,1,10,2,32
Wattay International Airport,VTE,21/08/2024 19:10,Guangzhou Baiyun International Airport,CAN,21/08/2024 22:25,135,China Southern,Business Class,975,580,TRUE,908,Y,Y,Y,1,10,2,32
Wattay International Airport,VTE,21/08/2024 10:40,Kunming Changshui International Airport,KMG,21/08/2024 13:15,95,China Eastern,Business Class,510,185,N/A,1056,Y,Y,Y,1,10,2,32
Wattay International Airport,VTE,21/08/2024 21:50,Kunming Changshui International Airport,KMG,22/08/2024 0:25,95,China Eastern,Business Class,1280,955,TRUE,1056,Y,Y,Y,1,10,2,32
Wattay International Airport,VTE,21/08/2024 23:20,Shanghai Pudong International Airport,PVG,22/08/2024 4:30,250,China Eastern,Business Class,1760,1180,N/A,1216,Y,Y,Y,1,10,2,32
Wattay International Airport,VTE,21/08/2024 20:00,Noibai International Airport,HAN,21/08/2024 21:25,85,Vietnam Airlines,Business Class,1320,1035,TRUE,N/A,Y,Y,Y,2,10,1,32
Wattay International Airport,VTE,22/08/2024 10:40,Kunming Changshui International Airport,KMG,22/08/2024 13:15,95,China Eastern,Business Class,510,185,N/A,1056,Y,Y,Y,1,10,2,32
Wattay International Airport,VTE,22/08/2024 21:50,Kunming Changshui International Airport,KMG,23/08/2024 0:25,95,China Eastern,Business Class,1280,955,TRUE,1056,Y,Y,Y,1,10,2,32
Wattay International Airport,VTE,22/08/2024 23:20,Shanghai Pudong International Airport,PVG,23/08/2024 4:30,250,China Eastern,Business Class,1760,1180,N/A,1216,Y,Y,Y,1,10,2,32
Wattay International Airport,VTE,22/08/2024 23:20,Shanghai Pudong International Airport,PVG,23/08/2024 4:30,250,China Eastern,Business Class,1475,865,TRUE,1355,Y,Y,Y,1,10,2,32
Wattay International Airport,VTE,23/08/2024 19:10,Guangzhou Baiyun International Airport,CAN,23/08/2024 22:25,135,China Southern,Business Class,975,580,TRUE,908,Y,Y,Y,1,10,2,32
Wattay International Airport,VTE,23/08/2024 21:50,Kunming Changshui International Airport,KMG,24/08/2024 0:25,95,China Eastern,Business Class,1280,955,TRUE,1056,Y,Y,Y,1,10,2,32
Wattay International Airport,VTE,23/08/2024 23:20,Shanghai Pudong International Airport,PVG,24/08/2024 4:30,250,China Eastern,Business Class,1760,1180,N/A,1216,Y,Y,Y,1,10,2,32
Wattay International Airport,VTE,23/08/2024 10:40,Kunming Changshui International Airport,KMG,23/08/2024 13:15,95,China Eastern,Business Class,510,185,N/A,1768,Y,Y,Y,1,10,2,32
Wattay International Airport,VTE,24/08/2024 10:40,Kunming Changshui International Airport,KMG,24/08/2024 13:15,95,China Eastern,Business Class,510,185,N/A,1056,Y,Y,Y,1,10,2,32
Wattay International Airport,VTE,24/08/2024 21:50,Kunming Changshui International Airport,KMG,25/08/2024 0:25,95,China Eastern,Business Class,1280,955,TRUE,1056,Y,Y,Y,1,10,2,32
Wattay International Airport,VTE,24/08/2024 23:20,Shanghai Pudong International Airport,PVG,25/08/2024 4:30,250,China Eastern,Business Class,1760,1180,N/A,1216,Y,Y,Y,1,10,2,32
Wattay International Airport,VTE,24/08/2024 23:20,Shanghai Pudong International Airport,PVG,25/08/2024 4:30,250,China Eastern,Business Class,1475,865,TRUE,1355,Y,Y,Y,1,10,2,32
Wattay International Airport,VTE,24/08/2024 20:00,Noibai International Airport,HAN,24/08/2024 21:25,85,Vietnam Airlines,Business Class,1320,1035,TRUE,N/A,Y,Y,Y,2,10,1,32
Wattay International Airport,VTE,25/08/2024 19:10,Guangzhou Baiyun International Airport,CAN,25/08/2024 22:25,135,China Southern,Business Class,975,580,TRUE,908,Y,Y,Y,1,10,2,32
Wattay International Airport,VTE,25/08/2024 21:50,Kunming Changshui International Airport,KMG,26/08/2024 0:25,95,China Eastern,Business Class,1280,955,TRUE,1056,Y,Y,Y,1,10,2,32
Wattay International Airport,VTE,25/08/2024 23:20,Shanghai Pudong International Airport,PVG,26/08/2024 4:30,250,China Eastern,Business Class,1475,865,TRUE,1355,Y,Y,Y,1,10,2,32
Wattay International Airport,VTE,25/08/2024 10:40,Kunming Changshui International Airport,KMG,25/08/2024 13:15,95,China Eastern,Business Class,510,185,N/A,1768,Y,Y,Y,1,10,2,32
Wattay International Airport,VTE,26/08/2024 21:50,Kunming Changshui International Airport,KMG,27/08/2024 0:25,95,China Eastern,Business Class,1280,955,TRUE,1056,Y,Y,Y,1,10,2,32
Wattay International Airport,VTE,26/08/2024 23:20,Shanghai Pudong International Airport,PVG,27/08/2024 4:30,250,China Eastern,Business Class,1475,875,TRUE,1355,Y,Y,Y,1,10,2,32
Wattay International Airport,VTE,26/08/2024 23:20,Shanghai Pudong International Airport,PVG,27/08/2024 4:30,250,China Eastern,Business Class,870,295,TRUE,1634,Y,Y,Y,1,10,2,32
Wattay International Airport,VTE,26/08/2024 10:40,Kunming Changshui International Airport,KMG,26/08/2024 13:15,95,China Eastern,Business Class,510,185,N/A,1768,Y,Y,Y,1,10,2,32
Wattay International Airport,VTE,26/08/2024 20:00,Noibai International Airport,HAN,26/08/2024 21:25,85,Vietnam Airlines,Business Class,1320,1035,TRUE,N/A,Y,Y,Y,2,10,1,32
Wattay International Airport,VTE,27/08/2024 21:50,Kunming Changshui International Airport,KMG,28/08/2024 0:25,95,China Eastern,Business Class,1280,955,TRUE,1056,Y,Y,Y,1,10,2,32
Wattay International Airport,VTE,27/08/2024 23:20,Shanghai Pudong International Airport,PVG,28/08/2024 4:30,250,China Eastern,Business Class,1475,865,TRUE,1355,Y,Y,Y,1,10,2,32
Wattay International Airport,VTE,27/08/2024 23:20,Shanghai Pudong International Airport,PVG,28/08/2024 4:30,250,China Eastern,Business Class,870,295,TRUE,1634,Y,Y,Y,1,10,2,32
Wattay International Airport,VTE,27/08/2024 10:40,Kunming Changshui International Airport,KMG,27/08/2024 13:15,95,China Eastern,Business Class,510,185,N/A,1768,Y,Y,Y,1,10,2,32
Wattay International Airport,VTE,28/08/2024 19:10,Guangzhou Baiyun International Airport,CAN,28/08/2024 22:25,135,China Southern,Business Class,975,580,TRUE,908,Y,Y,Y,1,10,2,32
Wattay International Airport,VTE,28/08/2024 21:50,Kunming Changshui International Airport,KMG,29/08/2024 0:25,95,China Eastern,Business Class,1280,955,TRUE,1056,Y,Y,Y,1,10,2,32
Wattay International Airport,VTE,28/08/2024 23:20,Shanghai Pudong International Airport,PVG,29/08/2024 4:30,250,China Eastern,Business Class,1475,875,TRUE,1355,Y,Y,Y,1,10,2,32
Wattay International Airport,VTE,28/08/2024 10:40,Kunming Changshui International Airport,KMG,28/08/2024 13:15,95,China Eastern,Business Class,510,185,N/A,1768,Y,Y,Y,1,10,2,32
Wattay International Airport,VTE,28/08/2024 20:00,Noibai International Airport,HAN,28/08/2024 21:25,85,Vietnam Airlines,Business Class,1320,1035,TRUE,N/A,Y,Y,Y,2,10,1,32
Wattay International Airport,VTE,29/08/2024 21:50,Kunming Changshui International Airport,KMG,30/08/2024 0:25,95,China Eastern,Business Class,1280,955,TRUE,1056,Y,Y,Y,1,10,2,32
Wattay International Airport,VTE,29/08/2024 23:20,Shanghai Pudong International Airport,PVG,30/08/2024 4:30,250,China Eastern,Business Class,1475,865,TRUE,1355,Y,Y,Y,1,10,2,32
Wattay International Airport,VTE,29/08/2024 23:20,Shanghai Pudong International Airport,PVG,30/08/2024 4:30,250,China Eastern,Business Class,870,295,TRUE,1634,Y,Y,Y,1,10,2,32
Wattay International Airport,VTE,29/08/2024 10:40,Kunming Changshui International Airport,KMG,29/08/2024 13:15,95,China Eastern,Business Class,510,185,N/A,1768,Y,Y,Y,1,10,2,32
Wattay International Airport,VTE,30/08/2024 19:10,Guangzhou Baiyun International Airport,CAN,30/08/2024 22:25,135,China Southern,Business Class,975,580,TRUE,908,Y,Y,Y,1,10,2,32
Wattay International Airport,VTE,30/08/2024 21:50,Kunming Changshui International Airport,KMG,31/08/2024 0:25,95,China Eastern,Business Class,1280,955,TRUE,1056,Y,Y,Y,1,10,2,32
Wattay International Airport,VTE,30/08/2024 23:20,Shanghai Pudong International Airport,PVG,31/08/2024 4:30,250,China Eastern,Business Class,1475,875,TRUE,1355,Y,Y,Y,1,10,2,32
Wattay International Airport,VTE,30/08/2024 10:40,Kunming Changshui International Airport,KMG,30/08/2024 13:15,95,China Eastern,Business Class,510,185,N/A,1768,Y,Y,Y,1,10,2,32
Wattay International Airport,VTE,31/08/2024 21:50,Kunming Changshui International Airport,KMG,01/09/2024 0:25,95,China Eastern,Business Class,1280,955,TRUE,1056,Y,Y,Y,1,10,2,32
Wattay International Airport,VTE,31/08/2024 23:20,Shanghai Pudong International Airport,PVG,01/09/2024 4:30,250,China Eastern,Business Class,1475,865,TRUE,1355,Y,Y,Y,1,10,2,32
Wattay International Airport,VTE,31/08/2024 23:20,Shanghai Pudong International Airport,PVG,01/09/2024 4:30,250,China Eastern,Business Class,870,295,TRUE,1634,Y,Y,Y,1,10,2,32
Wattay International Airport,VTE,31/08/2024 10:40,Kunming Changshui International Airport,KMG,31/08/2024 13:15,95,China Eastern,Business Class,510,185,N/A,1768,Y,Y,Y,1,10,2,32
Wattay International Airport,VTE,31/08/2024 20:00,Noibai International Airport,HAN,31/08/2024 21:25,85,Vietnam Airlines,Business Class,1320,1035,TRUE,N/A,Y,Y,Y,2,10,1,32