Departure Airport Name,Departure Airport ID,Departure Time,Arrival Airport Name,Arrival Airport ID,Arrival Time,Duration,Airline,Travel Class,Total Duration,Layover 1 Duration,Layover 1 Overnight,Price, Cabin Baggage, Checked Baggage,Meal Included,Cabin Baggage (Number),Cabin Baggage (kg per piece),Checked Baggage (Number),Checked Baggage (kg per piece) 
Wattay International Airport,VTE,01/07/2024 23:20,Shanghai Pudong International Airport,PVG,02/07/2024 4:30,250,China Eastern,Business Class,1390,750,TRUE,1636,Y,Y,Y,1,10,2,32
Wattay International Airport,VTE,02/07/2024 23:20,Shanghai Pudong International Airport,PVG,03/07/2024 4:30,250,China Eastern,Business Class,1390,750,TRUE,1636,Y,Y,Y,1,10,2,32
Wattay International Airport,VTE,03/07/2024 19:10,Guangzhou Baiyun International Airport,CAN,03/07/2024 22:25,135,China Southern,Business Class,1695,1255,TRUE,1195,Y,Y,Y,1,10,2,32
Wattay International Airport,VTE,03/07/2024 23:20,Shanghai Pudong International Airport,PVG,04/07/2024 4:30,250,China Eastern,Business Class,1390,750,TRUE,1337,Y,Y,Y,1,10,2,32
Wattay International Airport,VTE,03/07/2024 19:10,Guangzhou Baiyun International Airport,CAN,03/07/2024 22:25,135,China Southern,Business Class,1025,590,TRUE,1734,Y,Y,Y,1,10,2,32
Wattay International Airport,VTE,04/07/2024 23:20,Shanghai Pudong International Airport,PVG,05/07/2024 4:30,250,China Eastern,Business Class,1390,750,TRUE,1636,Y,Y,Y,1,10,2,32
Wattay International Airport,VTE,05/07/2024 19:10,Guangzhou Baiyun International Airport,CAN,05/07/2024 22:25,135,China Southern,Business Class,1025,590,TRUE,1355,Y,Y,Y,1,10,2,32
Wattay International Airport,VTE,05/07/2024 23:20,Shanghai Pudong International Airport,PVG,06/07/2024 4:30,250,China Eastern,Business Class,1390,750,TRUE,1636,Y,Y,Y,1,10,2,32
Wattay International Airport,VTE,06/07/2024 23:20,Shanghai Pudong International Airport,PVG,07/07/2024 4:30,250,China Eastern,Business Class,1390,750,TRUE,1636,Y,Y,Y,1,10,2,32
Wattay International Airport,VTE,07/07/2024 19:10,Guangzhou Baiyun International Airport,CAN,07/07/2024 22:25,135,China Southern,Business Class,1025,590,TRUE,1195,Y,Y,Y,1,10,2,32
Wattay International Airport,VTE,07/07/2024 23:20,Shanghai Pudong International Airport,PVG,08/07/2024 4:30,250,China Eastern,Business Class,1390,750,TRUE,1915,Y,Y,Y,1,10,2,32
Wattay International Airport,VTE,08/07/2024 23:20,Shanghai Pudong International Airport,PVG,09/07/2024 4:30,250,China Eastern,Business Class,1390,750,TRUE,1337,Y,Y,Y,1,10,2,32
Wattay International Airport,VTE,09/07/2024 23:20,Shanghai Pudong International Airport,PVG,10/07/2024 4:30,250,China Eastern,Business Class,1390,750,TRUE,1636,Y,Y,Y,1,10,2,32
Wattay International Airport,VTE,10/07/2024 19:10,Guangzhou Baiyun International Airport,CAN,10/07/2024 22:25,135,China Southern,Business Class,1025,590,TRUE,1195,Y,Y,Y,1,10,2,32
Wattay International Airport,VTE,10/07/2024 23:20,Shanghai Pudong International Airport,PVG,11/07/2024 4:30,250,China Eastern,Business Class,1390,750,TRUE,1337,Y,Y,Y,1,10,2,32
Wattay International Airport,VTE,11/07/2024 23:20,Shanghai Pudong International Airport,PVG,12/07/2024 4:30,250,China Eastern,Business Class,1390,750,TRUE,1337,Y,Y,Y,1,10,2,32
Wattay International Airport,VTE,12/07/2024 23:20,Shanghai Pudong International Airport,PVG,13/07/2024 4:30,250,China Eastern,Business Class,1390,750,TRUE,1636,Y,Y,Y,1,10,2,32
Wattay International Airport,VTE,12/07/2024 19:10,Guangzhou Baiyun International Airport,CAN,12/07/2024 22:25,135,China Southern,Business Class,1695,1255,TRUE,1734,Y,Y,Y,1,10,2,32
Wattay International Airport,VTE,12/07/2024 19:10,Guangzhou Baiyun International Airport,CAN,12/07/2024 22:25,135,China Southern,Business Class,1025,590,TRUE,2448,Y,Y,Y,1,10,2,32
Wattay International Airport,VTE,13/07/2024 23:20,Shanghai Pudong International Airport,PVG,14/07/2024 4:30,250,China Eastern,Business Class,1390,750,TRUE,1337,Y,Y,Y,1,10,2,32
Wattay International Airport,VTE,14/07/2024 19:10,Guangzhou Baiyun International Airport,CAN,14/07/2024 22:25,135,China Southern,Business Class,1025,590,TRUE,1195,Y,Y,Y,1,10,2,32
Wattay International Airport,VTE,14/07/2024 23:20,Shanghai Pudong International Airport,PVG,15/07/2024 4:30,250,China Eastern,Business Class,1390,750,TRUE,1337,Y,Y,Y,1,10,2,32
Wattay International Airport,VTE,15/07/2024 23:20,Shanghai Pudong International Airport,PVG,16/07/2024 4:30,250,China Eastern,Business Class,1390,750,TRUE,1337,Y,Y,Y,1,10,2,32
Wattay International Airport,VTE,16/07/2024 23:20,Shanghai Pudong International Airport,PVG,17/07/2024 4:30,250,China Eastern,Business Class,1390,750,TRUE,1337,Y,Y,Y,1,10,2,32
Wattay International Airport,VTE,17/07/2024 19:10,Guangzhou Baiyun International Airport,CAN,17/07/2024 22:25,135,China Southern,Business Class,1025,590,TRUE,1195,Y,Y,Y,1,10,2,32
Wattay International Airport,VTE,17/07/2024 23:20,Shanghai Pudong International Airport,PVG,18/07/2024 4:30,250,China Eastern,Business Class,1390,750,TRUE,1337,Y,Y,Y,1,10,2,32
Wattay International Airport,VTE,18/07/2024 23:20,Shanghai Pudong International Airport,PVG,19/07/2024 4:30,250,China Eastern,Business Class,1390,750,TRUE,1337,Y,Y,Y,1,10,2,32
Wattay International Airport,VTE,19/07/2024 19:10,Guangzhou Baiyun International Airport,CAN,19/07/2024 22:25,135,China Southern,Business Class,1025,590,TRUE,1355,Y,Y,Y,1,10,2,32
Wattay International Airport,VTE,19/07/2024 23:20,Shanghai Pudong International Airport,PVG,20/07/2024 4:30,250,China Eastern,Business Class,1390,750,TRUE,1636,Y,Y,Y,1,10,2,32
Wattay International Airport,VTE,20/07/2024 23:20,Shanghai Pudong International Airport,PVG,21/07/2024 4:30,250,China Eastern,Business Class,1390,750,TRUE,1337,Y,Y,Y,1,10,2,32
Wattay International Airport,VTE,21/07/2024 19:10,Guangzhou Baiyun International Airport,CAN,21/07/2024 22:25,135,China Southern,Business Class,1695,1255,TRUE,1195,Y,Y,Y,1,10,2,32
Wattay International Airport,VTE,21/07/2024 23:20,Shanghai Pudong International Airport,PVG,22/07/2024 4:30,250,China Eastern,Business Class,1390,750,TRUE,1337,Y,Y,Y,1,10,2,32
Wattay International Airport,VTE,21/07/2024 19:10,Guangzhou Baiyun International Airport,CAN,21/07/2024 22:25,135,China Southern,Business Class,1025,590,TRUE,1734,Y,Y,Y,1,10,2,32
Wattay International Airport,VTE,22/07/2024 23:20,Shanghai Pudong International Airport,PVG,23/07/2024 4:30,250,China Eastern,Business Class,1390,750,TRUE,1337,Y,Y,Y,1,10,2,32
Wattay International Airport,VTE,23/07/2024 23:20,Shanghai Pudong International Airport,PVG,24/07/2024 4:30,250,China Eastern,Business Class,1390,750,TRUE,1337,Y,Y,Y,1,10,2,32
Wattay International Airport,VTE,24/07/2024 19:10,Guangzhou Baiyun International Airport,CAN,24/07/2024 22:25,135,China Southern,Business Class,1025,590,TRUE,1195,Y,Y,Y,1,10,2,32
Wattay International Airport,VTE,24/07/2024 23:20,Shanghai Pudong International Airport,PVG,25/07/2024 4:30,250,China Eastern,Business Class,1390,750,TRUE,1337,Y,Y,Y,1,10,2,32
Wattay International Airport,VTE,25/07/2024 23:20,Shanghai Pudong International Airport,PVG,26/07/2024 4:30,250,China Eastern,Business Class,1390,750,TRUE,1337,Y,Y,Y,1,10,2,32
Wattay International Airport,VTE,26/07/2024 19:10,Guangzhou Baiyun International Airport,CAN,26/07/2024 22:25,135,China Southern,Business Class,1025,590,TRUE,1195,Y,Y,Y,1,10,2,32
Wattay International Airport,VTE,26/07/2024 23:20,Shanghai Pudong International Airport,PVG,27/07/2024 4:30,250,China Eastern,Business Class,1390,750,TRUE,1337,Y,Y,Y,1,10,2,32
Wattay International Airport,VTE,27/07/2024 23:20,Shanghai Pudong International Airport,PVG,28/07/2024 4:30,250,China Eastern,Business Class,1390,750,TRUE,1613,Y,Y,Y,1,10,2,32
Wattay International Airport,VTE,28/07/2024 19:10,Guangzhou Baiyun International Airport,CAN,28/07/2024 22:25,135,China Southern,Business Class,1025,590,TRUE,1195,Y,Y,Y,1,10,2,32
Wattay International Airport,VTE,28/07/2024 23:20,Shanghai Pudong International Airport,PVG,29/07/2024 4:30,250,China Eastern,Business Class,1390,750,TRUE,1337,Y,Y,Y,1,10,2,32
Wattay International Airport,VTE,29/07/2024 23:20,Shanghai Pudong International Airport,PVG,30/07/2024 4:30,250,China Eastern,Business Class,1390,750,TRUE,1337,Y,Y,Y,1,10,2,32
Wattay International Airport,VTE,30/07/2024 23:20,Shanghai Pudong International Airport,PVG,31/07/2024 4:30,250,China Eastern,Business Class,1390,750,TRUE,1337,Y,Y,Y,1,10,2,32
Wattay International Airport,VTE,31/07/2024 19:10,Guangzhou Baiyun International Airport,CAN,31/07/2024 22:25,135,China Southern,Business Class,1025,590,TRUE,1195,Y,Y,Y,1,10,2,32
Wattay International Airport,VTE,31/07/2024 23:20,Shanghai Pudong International Airport,PVG,01/08/2024 4:30,250,China Eastern,Business Class,1390,750,TRUE,1329,Y,Y,Y,1,10,2,32
Wattay International Airport,VTE,01/08/2024 23:20,Shanghai Pudong International Airport,PVG,02/08/2024 4:30,250,China Eastern,Business Class,1390,750,TRUE,2721,Y,Y,Y,1,10,2,32
Wattay International Airport,VTE,02/08/2024 19:10,Guangzhou Baiyun International Airport,CAN,02/08/2024 22:25,135,China Southern,Business Class,1025,590,TRUE,950,Y,Y,Y,1,10,2,32
Wattay International Airport,VTE,02/08/2024 23:20,Shanghai Pudong International Airport,PVG,03/08/2024 4:30,250,China Eastern,Business Class,1390,750,TRUE,1638,Y,Y,Y,1,10,2,32
Wattay International Airport,VTE,03/08/2024 23:20,Shanghai Pudong International Airport,PVG,04/08/2024 4:30,250,China Eastern,Business Class,1390,750,TRUE,1638,Y,Y,Y,1,10,2,32
Wattay International Airport,VTE,04/08/2024 19:10,Guangzhou Baiyun International Airport,CAN,04/08/2024 22:25,135,China Southern,Business Class,1025,590,TRUE,1773,Y,Y,Y,1,10,2,32
Wattay International Airport,VTE,04/08/2024 23:20,Shanghai Pudong International Airport,PVG,05/08/2024 4:30,250,China Eastern,Business Class,1390,750,TRUE,4168,Y,Y,Y,1,10,2,32
Wattay International Airport,VTE,05/08/2024 23:20,Shanghai Pudong International Airport,PVG,06/08/2024 4:30,250,China Eastern,Business Class,1390,750,TRUE,1616,Y,Y,Y,1,10,2,32
Wattay International Airport,VTE,07/08/2024 19:10,Guangzhou Baiyun International Airport,CAN,07/08/2024 22:25,135,China Southern,Business Class,1025,590,TRUE,950,Y,Y,Y,1,10,2,32
Wattay International Airport,VTE,07/08/2024 23:20,Shanghai Pudong International Airport,PVG,08/08/2024 4:30,250,China Eastern,Business Class,1390,750,TRUE,1339,Y,Y,Y,1,10,2,32
Wattay International Airport,VTE,08/08/2024 23:20,Shanghai Pudong International Airport,PVG,09/08/2024 4:30,250,China Eastern,Business Class,1390,750,TRUE,1638,Y,Y,Y,1,10,2,32
Wattay International Airport,VTE,09/08/2024 19:10,Guangzhou Baiyun International Airport,CAN,09/08/2024 22:25,135,China Southern,Business Class,1025,590,TRUE,950,Y,Y,Y,1,10,2,32
Wattay International Airport,VTE,09/08/2024 23:20,Shanghai Pudong International Airport,PVG,10/08/2024 4:30,250,China Eastern,Business Class,1390,750,TRUE,1339,Y,Y,Y,1,10,2,32
Wattay International Airport,VTE,10/08/2024 23:20,Shanghai Pudong International Airport,PVG,11/08/2024 4:30,250,China Eastern,Business Class,1390,750,TRUE,1339,Y,Y,Y,1,10,2,32
Wattay International Airport,VTE,11/08/2024 19:10,Guangzhou Baiyun International Airport,CAN,11/08/2024 22:25,135,China Southern,Business Class,1025,590,TRUE,950,Y,Y,Y,1,10,2,32
Wattay International Airport,VTE,11/08/2024 23:20,Shanghai Pudong International Airport,PVG,12/08/2024 4:30,250,China Eastern,Business Class,1390,750,TRUE,1339,Y,Y,Y,1,10,2,32
Wattay International Airport,VTE,12/08/2024 23:20,Shanghai Pudong International Airport,PVG,13/08/2024 4:30,250,China Eastern,Business Class,1390,750,TRUE,1339,Y,Y,Y,1,10,2,32
Wattay International Airport,VTE,13/08/2024 23:20,Shanghai Pudong International Airport,PVG,14/08/2024 4:30,250,China Eastern,Business Class,1390,750,TRUE,1339,Y,Y,Y,1,10,2,32
Wattay International Airport,VTE,14/08/2024 19:10,Guangzhou Baiyun International Airport,CAN,14/08/2024 22:25,135,China Southern,Business Class,1025,590,TRUE,950,Y,Y,Y,1,10,2,32
Wattay International Airport,VTE,14/08/2024 23:20,Shanghai Pudong International Airport,PVG,15/08/2024 4:30,250,China Eastern,Business Class,1390,750,TRUE,1339,Y,Y,Y,1,10,2,32
Wattay International Airport,VTE,15/08/2024 23:20,Shanghai Pudong International Airport,PVG,16/08/2024 4:30,250,China Eastern,Business Class,1390,750,TRUE,1339,Y,Y,Y,1,10,2,32
Wattay International Airport,VTE,16/08/2024 19:10,Guangzhou Baiyun International Airport,CAN,16/08/2024 22:25,135,China Southern,Business Class,1025,590,TRUE,950,Y,Y,Y,1,10,2,32
Wattay International Airport,VTE,16/08/2024 23:20,Shanghai Pudong International Airport,PVG,17/08/2024 4:30,250,China Eastern,Business Class,1390,750,TRUE,1339,Y,Y,Y,1,10,2,32
Wattay International Airport,VTE,17/08/2024 23:20,Shanghai Pudong International Airport,PVG,18/08/2024 4:30,250,China Eastern,Business Class,1390,750,TRUE,1339,Y,Y,Y,1,10,2,32
Wattay International Airport,VTE,18/08/2024 19:10,Guangzhou Baiyun International Airport,CAN,18/08/2024 22:25,135,China Southern,Business Class,1025,590,TRUE,950,Y,Y,Y,1,10,2,32
Wattay International Airport,VTE,18/08/2024 23:20,Shanghai Pudong International Airport,PVG,19/08/2024 4:30,250,China Eastern,Business Class,1390,750,TRUE,1339,Y,Y,Y,1,10,2,32
Wattay International Airport,VTE,19/08/2024 23:20,Shanghai Pudong International Airport,PVG,20/08/2024 4:30,250,China Eastern,Business Class,1390,750,TRUE,1339,Y,Y,Y,1,10,2,32
Wattay International Airport,VTE,20/08/2024 23:20,Shanghai Pudong International Airport,PVG,21/08/2024 4:30,250,China Eastern,Business Class,1390,750,TRUE,1339,Y,Y,Y,1,10,2,32
Wattay International Airport,VTE,21/08/2024 19:10,Guangzhou Baiyun International Airport,CAN,21/08/2024 22:25,135,China Southern,Business Class,1025,590,TRUE,950,Y,Y,Y,1,10,2,32
Wattay International Airport,VTE,21/08/2024 23:20,Shanghai Pudong International Airport,PVG,22/08/2024 4:30,250,China Eastern,Business Class,1390,750,TRUE,1339,Y,Y,Y,1,10,2,32
Wattay International Airport,VTE,22/08/2024 23:20,Shanghai Pudong International Airport,PVG,23/08/2024 4:30,250,China Eastern,Business Class,1390,750,TRUE,1614,Y,Y,Y,1,10,2,32
Wattay International Airport,VTE,23/08/2024 19:10,Guangzhou Baiyun International Airport,CAN,23/08/2024 22:25,135,China Southern,Business Class,1695,1255,TRUE,950,Y,Y,Y,1,10,2,32
Wattay International Airport,VTE,23/08/2024 23:20,Shanghai Pudong International Airport,PVG,24/08/2024 4:30,250,China Eastern,Business Class,1390,750,TRUE,1339,Y,Y,Y,1,10,2,32
Wattay International Airport,VTE,23/08/2024 19:10,Guangzhou Baiyun International Airport,CAN,23/08/2024 22:25,135,China Southern,Business Class,1025,590,TRUE,1773,Y,Y,Y,1,10,2,32
Wattay International Airport,VTE,24/08/2024 23:20,Shanghai Pudong International Airport,PVG,25/08/2024 4:30,250,China Eastern,Business Class,1390,750,TRUE,1339,Y,Y,Y,1,10,2,32
Wattay International Airport,VTE,25/08/2024 19:10,Guangzhou Baiyun International Airport,CAN,25/08/2024 22:25,135,China Southern,Business Class,1025,590,TRUE,950,Y,Y,Y,1,10,2,32
Wattay International Airport,VTE,25/08/2024 23:20,Shanghai Pudong International Airport,PVG,26/08/2024 4:30,250,China Eastern,Business Class,1390,750,TRUE,1336,Y,Y,Y,1,10,2,32
Wattay International Airport,VTE,26/08/2024 23:20,Shanghai Pudong International Airport,PVG,27/08/2024 4:30,250,China Eastern,Business Class,1390,750,TRUE,1290,Y,Y,Y,1,10,2,32
Wattay International Airport,VTE,27/08/2024 23:20,Shanghai Pudong International Airport,PVG,28/08/2024 4:30,250,China Eastern,Business Class,1390,750,TRUE,1290,Y,Y,Y,1,10,2,32
Wattay International Airport,VTE,28/08/2024 19:10,Guangzhou Baiyun International Airport,CAN,28/08/2024 22:25,135,China Southern,Business Class,1025,590,TRUE,950,Y,Y,Y,1,10,2,32
Wattay International Airport,VTE,28/08/2024 23:20,Shanghai Pudong International Airport,PVG,29/08/2024 4:30,250,China Eastern,Business Class,1390,750,TRUE,1290,Y,Y,Y,1,10,2,32
Wattay International Airport,VTE,29/08/2024 23:20,Shanghai Pudong International Airport,PVG,30/08/2024 4:30,250,China Eastern,Business Class,1390,750,TRUE,1290,Y,Y,Y,1,10,2,32
Wattay International Airport,VTE,30/08/2024 19:10,Guangzhou Baiyun International Airport,CAN,30/08/2024 22:25,135,China Southern,Business Class,1025,590,TRUE,950,Y,Y,Y,1,10,2,32
Wattay International Airport,VTE,30/08/2024 23:20,Shanghai Pudong International Airport,PVG,31/08/2024 4:30,250,China Eastern,Business Class,1390,750,TRUE,1290,Y,Y,Y,1,10,2,32
Wattay International Airport,VTE,31/08/2024 23:20,Shanghai Pudong International Airport,PVG,01/09/2024 4:30,250,China Eastern,Business Class,1390,750,TRUE,1290,Y,Y,Y,1,10,2,32