Departure Airport Name,Departure Airport ID,Departure Time,Arrival Airport Name,Arrival Airport ID,Arrival Time,Duration,Airline,Travel Class,Total Duration,Layover 1 Duration,Layover 1 Overnight,Price, Cabin Baggage, Checked Baggage,Meal Included,Cabin Baggage (Number),Cabin Baggage (kg per piece),Checked Baggage (Number),Checked Baggage (kg per piece) 
Soekarno–Hatta International Airport,CGK,01/07/2024 19:00,Singapore Changi Airport,SIN,01/07/2024 21:50,110,Singapore Airlines,First Class,110,N/A,N/A,1313,Y,Y,Y,2,7,1,50
Soekarno–Hatta International Airport,CGK,03/07/2024 7:55,Singapore Changi Airport,SIN,03/07/2024 10:45,110,Singapore Airlines,First Class,110,N/A,N/A,1313,Y,Y,Y,2,7,1,50
Soekarno–Hatta International Airport,CGK,04/07/2024 19:00,Singapore Changi Airport,SIN,04/07/2024 21:50,110,Singapore Airlines,First Class,110,N/A,N/A,1313,Y,Y,Y,2,7,1,50
Soekarno–Hatta International Airport,CGK,04/07/2024 7:55,Singapore Changi Airport,SIN,04/07/2024 10:45,110,Singapore Airlines,First Class,110,N/A,N/A,1425,Y,Y,Y,2,7,1,50
Soekarno–Hatta International Airport,CGK,05/07/2024 19:00,Singapore Changi Airport,SIN,05/07/2024 21:50,110,Singapore Airlines,First Class,110,N/A,N/A,1313,Y,Y,Y,2,7,1,50
Soekarno–Hatta International Airport,CGK,06/07/2024 19:00,Singapore Changi Airport,SIN,06/07/2024 21:50,110,Singapore Airlines,First Class,110,N/A,N/A,1313,Y,Y,Y,2,7,1,50
Soekarno–Hatta International Airport,CGK,06/07/2024 7:55,Singapore Changi Airport,SIN,06/07/2024 10:45,110,Singapore Airlines,First Class,110,N/A,N/A,1425,Y,Y,Y,2,7,1,50
Soekarno–Hatta International Airport,CGK,07/07/2024 7:55,Singapore Changi Airport,SIN,07/07/2024 10:45,110,Singapore Airlines,First Class,110,N/A,N/A,1313,Y,Y,Y,2,7,1,50
Soekarno–Hatta International Airport,CGK,08/07/2024 19:00,Singapore Changi Airport,SIN,08/07/2024 21:50,110,Singapore Airlines,First Class,110,N/A,N/A,1298,Y,Y,Y,2,7,1,50
Soekarno–Hatta International Airport,CGK,09/07/2024 7:55,Singapore Changi Airport,SIN,09/07/2024 10:45,110,Singapore Airlines,First Class,110,N/A,N/A,1198,Y,Y,Y,2,7,1,50
Soekarno–Hatta International Airport,CGK,10/07/2024 7:55,Singapore Changi Airport,SIN,10/07/2024 10:45,110,Singapore Airlines,First Class,110,N/A,N/A,1198,Y,Y,Y,2,7,1,50
Soekarno–Hatta International Airport,CGK,10/07/2024 19:00,Singapore Changi Airport,SIN,10/07/2024 21:50,110,Singapore Airlines,First Class,110,N/A,N/A,1298,Y,Y,Y,2,7,1,50
Soekarno–Hatta International Airport,CGK,11/07/2024 7:55,Singapore Changi Airport,SIN,11/07/2024 10:45,110,Singapore Airlines,First Class,110,N/A,N/A,1198,Y,Y,Y,2,7,1,50
Soekarno–Hatta International Airport,CGK,11/07/2024 19:00,Singapore Changi Airport,SIN,11/07/2024 21:50,110,Singapore Airlines,First Class,110,N/A,N/A,1198,Y,Y,Y,2,7,1,50
Soekarno–Hatta International Airport,CGK,12/07/2024 7:55,Singapore Changi Airport,SIN,12/07/2024 10:45,110,Singapore Airlines,First Class,110,N/A,N/A,1198,Y,Y,Y,2,7,1,50
Soekarno–Hatta International Airport,CGK,12/07/2024 19:00,Singapore Changi Airport,SIN,12/07/2024 21:50,110,Singapore Airlines,First Class,110,N/A,N/A,1198,Y,Y,Y,2,7,1,50
Soekarno–Hatta International Airport,CGK,13/07/2024 19:00,Singapore Changi Airport,SIN,13/07/2024 21:50,110,Singapore Airlines,First Class,110,N/A,N/A,1198,Y,Y,Y,2,7,1,50
Soekarno–Hatta International Airport,CGK,13/07/2024 7:55,Singapore Changi Airport,SIN,13/07/2024 10:45,110,Singapore Airlines,First Class,110,N/A,N/A,1298,Y,Y,Y,2,7,1,50
Soekarno–Hatta International Airport,CGK,14/07/2024 7:55,Singapore Changi Airport,SIN,14/07/2024 10:45,110,Singapore Airlines,First Class,110,N/A,N/A,1198,Y,Y,Y,2,7,1,50
Soekarno–Hatta International Airport,CGK,14/07/2024 19:00,Singapore Changi Airport,SIN,14/07/2024 21:50,110,Singapore Airlines,First Class,110,N/A,N/A,1198,Y,Y,Y,2,7,1,50
Soekarno–Hatta International Airport,CGK,15/07/2024 19:00,Singapore Changi Airport,SIN,15/07/2024 21:50,110,Singapore Airlines,First Class,110,N/A,N/A,1198,Y,Y,Y,2,7,1,50
Soekarno–Hatta International Airport,CGK,15/07/2024 7:55,Singapore Changi Airport,SIN,15/07/2024 10:45,110,Singapore Airlines,First Class,110,N/A,N/A,1298,Y,Y,Y,2,7,1,50
Soekarno–Hatta International Airport,CGK,16/07/2024 7:55,Singapore Changi Airport,SIN,16/07/2024 10:45,110,Singapore Airlines,First Class,110,N/A,N/A,1198,Y,Y,Y,2,7,1,50
Soekarno–Hatta International Airport,CGK,16/07/2024 19:00,Singapore Changi Airport,SIN,16/07/2024 21:50,110,Singapore Airlines,First Class,110,N/A,N/A,1298,Y,Y,Y,2,7,1,50
Soekarno–Hatta International Airport,CGK,17/07/2024 19:00,Singapore Changi Airport,SIN,17/07/2024 21:50,110,Singapore Airlines,First Class,110,N/A,N/A,1198,Y,Y,Y,2,7,1,50
Soekarno–Hatta International Airport,CGK,17/07/2024 7:55,Singapore Changi Airport,SIN,17/07/2024 10:45,110,Singapore Airlines,First Class,110,N/A,N/A,1298,Y,Y,Y,2,7,1,50
Soekarno–Hatta International Airport,CGK,18/07/2024 19:00,Singapore Changi Airport,SIN,18/07/2024 21:50,110,Singapore Airlines,First Class,110,N/A,N/A,1298,Y,Y,Y,2,7,1,50
Soekarno–Hatta International Airport,CGK,19/07/2024 7:55,Singapore Changi Airport,SIN,19/07/2024 10:45,110,Singapore Airlines,First Class,110,N/A,N/A,1198,Y,Y,Y,2,7,1,50
Soekarno–Hatta International Airport,CGK,19/07/2024 19:00,Singapore Changi Airport,SIN,19/07/2024 21:50,110,Singapore Airlines,First Class,110,N/A,N/A,1298,Y,Y,Y,2,7,1,50
Soekarno–Hatta International Airport,CGK,20/07/2024 7:55,Singapore Changi Airport,SIN,20/07/2024 10:45,110,Singapore Airlines,First Class,110,N/A,N/A,1198,Y,Y,Y,2,7,1,50
Soekarno–Hatta International Airport,CGK,21/07/2024 7:55,Singapore Changi Airport,SIN,21/07/2024 10:45,110,Singapore Airlines,First Class,110,N/A,N/A,1198,Y,Y,Y,2,7,1,50
Soekarno–Hatta International Airport,CGK,22/07/2024 7:55,Singapore Changi Airport,SIN,22/07/2024 10:45,110,Singapore Airlines,First Class,110,N/A,N/A,1198,Y,Y,Y,2,7,1,50
Soekarno–Hatta International Airport,CGK,22/07/2024 19:00,Singapore Changi Airport,SIN,22/07/2024 21:50,110,Singapore Airlines,First Class,110,N/A,N/A,1298,Y,Y,Y,2,7,1,50
Soekarno–Hatta International Airport,CGK,23/07/2024 7:55,Singapore Changi Airport,SIN,23/07/2024 10:45,110,Singapore Airlines,First Class,110,N/A,N/A,1198,Y,Y,Y,2,7,1,50
Soekarno–Hatta International Airport,CGK,23/07/2024 19:00,Singapore Changi Airport,SIN,23/07/2024 21:50,110,Singapore Airlines,First Class,110,N/A,N/A,1198,Y,Y,Y,2,7,1,50
Soekarno–Hatta International Airport,CGK,24/07/2024 7:55,Singapore Changi Airport,SIN,24/07/2024 10:45,110,Singapore Airlines,First Class,110,N/A,N/A,1198,Y,Y,Y,2,7,1,50
Soekarno–Hatta International Airport,CGK,24/07/2024 19:00,Singapore Changi Airport,SIN,24/07/2024 21:50,110,Singapore Airlines,First Class,110,N/A,N/A,1298,Y,Y,Y,2,7,1,50
Soekarno–Hatta International Airport,CGK,25/07/2024 7:55,Singapore Changi Airport,SIN,25/07/2024 10:45,110,Singapore Airlines,First Class,110,N/A,N/A,1198,Y,Y,Y,2,7,1,50
Soekarno–Hatta International Airport,CGK,25/07/2024 19:00,Singapore Changi Airport,SIN,25/07/2024 21:50,110,Singapore Airlines,First Class,110,N/A,N/A,1198,Y,Y,Y,2,7,1,50
Soekarno–Hatta International Airport,CGK,26/07/2024 19:00,Singapore Changi Airport,SIN,26/07/2024 21:50,110,Singapore Airlines,First Class,110,N/A,N/A,1198,Y,Y,Y,2,7,1,50
Soekarno–Hatta International Airport,CGK,26/07/2024 7:55,Singapore Changi Airport,SIN,26/07/2024 10:45,110,Singapore Airlines,First Class,110,N/A,N/A,1298,Y,Y,Y,2,7,1,50
Soekarno–Hatta International Airport,CGK,27/07/2024 7:55,Singapore Changi Airport,SIN,27/07/2024 10:45,110,Singapore Airlines,First Class,110,N/A,N/A,1198,Y,Y,Y,2,7,1,50
Soekarno–Hatta International Airport,CGK,27/07/2024 19:00,Singapore Changi Airport,SIN,27/07/2024 21:50,110,Singapore Airlines,First Class,110,N/A,N/A,1198,Y,Y,Y,2,7,1,50
Soekarno–Hatta International Airport,CGK,28/07/2024 7:55,Singapore Changi Airport,SIN,28/07/2024 10:45,110,Singapore Airlines,First Class,110,N/A,N/A,1198,Y,Y,Y,2,7,1,50
Soekarno–Hatta International Airport,CGK,28/07/2024 19:00,Singapore Changi Airport,SIN,28/07/2024 21:50,110,Singapore Airlines,First Class,110,N/A,N/A,1198,Y,Y,Y,2,7,1,50
Soekarno–Hatta International Airport,CGK,29/07/2024 7:55,Singapore Changi Airport,SIN,29/07/2024 10:45,110,Singapore Airlines,First Class,110,N/A,N/A,1198,Y,Y,Y,2,7,1,50
Soekarno–Hatta International Airport,CGK,29/07/2024 19:00,Singapore Changi Airport,SIN,29/07/2024 21:50,110,Singapore Airlines,First Class,110,N/A,N/A,1198,Y,Y,Y,2,7,1,50
Soekarno–Hatta International Airport,CGK,30/07/2024 19:00,Singapore Changi Airport,SIN,30/07/2024 21:50,110,Singapore Airlines,First Class,110,N/A,N/A,1198,Y,Y,Y,2,7,1,50
Soekarno–Hatta International Airport,CGK,31/07/2024 7:55,Singapore Changi Airport,SIN,31/07/2024 10:45,110,Singapore Airlines,First Class,110,N/A,N/A,1198,Y,Y,Y,2,7,1,50
Soekarno–Hatta International Airport,CGK,31/07/2024 19:00,Singapore Changi Airport,SIN,31/07/2024 21:50,110,Singapore Airlines,First Class,110,N/A,N/A,1198,Y,Y,Y,2,7,1,50
Soekarno–Hatta International Airport,CGK,01/08/2024 7:55,Singapore Changi Airport,SIN,01/08/2024 10:45,110,Singapore Airlines,First Class,110,N/A,N/A,1222,Y,Y,Y,2,7,1,50
Soekarno–Hatta International Airport,CGK,01/08/2024 19:00,Singapore Changi Airport,SIN,01/08/2024 21:50,110,Singapore Airlines,First Class,110,N/A,N/A,1222,Y,Y,Y,2,7,1,50
Soekarno–Hatta International Airport,CGK,02/08/2024 7:55,Singapore Changi Airport,SIN,02/08/2024 10:45,110,Singapore Airlines,First Class,110,N/A,N/A,1222,Y,Y,Y,2,7,1,50
Soekarno–Hatta International Airport,CGK,02/08/2024 19:00,Singapore Changi Airport,SIN,02/08/2024 21:50,110,Singapore Airlines,First Class,110,N/A,N/A,1222,Y,Y,Y,2,7,1,50
Soekarno–Hatta International Airport,CGK,03/08/2024 19:00,Singapore Changi Airport,SIN,03/08/2024 21:50,110,Singapore Airlines,First Class,110,N/A,N/A,1222,Y,Y,Y,2,7,1,50
Soekarno–Hatta International Airport,CGK,03/08/2024 7:55,Singapore Changi Airport,SIN,03/08/2024 10:45,110,Singapore Airlines,First Class,110,N/A,N/A,1324,Y,Y,Y,2,7,1,50
Soekarno–Hatta International Airport,CGK,04/08/2024 7:55,Singapore Changi Airport,SIN,04/08/2024 10:45,110,Singapore Airlines,First Class,110,N/A,N/A,1324,Y,Y,Y,2,7,1,50
Soekarno–Hatta International Airport,CGK,04/08/2024 19:00,Singapore Changi Airport,SIN,04/08/2024 21:50,110,Singapore Airlines,First Class,110,N/A,N/A,1324,Y,Y,Y,2,7,1,50
Soekarno–Hatta International Airport,CGK,05/08/2024 19:00,Singapore Changi Airport,SIN,05/08/2024 21:50,110,Singapore Airlines,First Class,110,N/A,N/A,1222,Y,Y,Y,2,7,1,50
Soekarno–Hatta International Airport,CGK,05/08/2024 7:55,Singapore Changi Airport,SIN,05/08/2024 10:45,110,Singapore Airlines,First Class,110,N/A,N/A,1324,Y,Y,Y,2,7,1,50
Soekarno–Hatta International Airport,CGK,06/08/2024 7:55,Singapore Changi Airport,SIN,06/08/2024 10:45,110,Singapore Airlines,First Class,110,N/A,N/A,1222,Y,Y,Y,2,7,1,50
Soekarno–Hatta International Airport,CGK,06/08/2024 19:00,Singapore Changi Airport,SIN,06/08/2024 21:50,110,Singapore Airlines,First Class,110,N/A,N/A,1222,Y,Y,Y,2,7,1,50
Soekarno–Hatta International Airport,CGK,07/08/2024 7:55,Singapore Changi Airport,SIN,07/08/2024 10:45,110,Singapore Airlines,First Class,110,N/A,N/A,1222,Y,Y,Y,2,7,1,50
Soekarno–Hatta International Airport,CGK,07/08/2024 19:00,Singapore Changi Airport,SIN,07/08/2024 21:50,110,Singapore Airlines,First Class,110,N/A,N/A,1222,Y,Y,Y,2,7,1,50
Soekarno–Hatta International Airport,CGK,08/08/2024 19:00,Singapore Changi Airport,SIN,08/08/2024 21:50,110,Singapore Airlines,First Class,110,N/A,N/A,1222,Y,Y,Y,2,7,1,50
Soekarno–Hatta International Airport,CGK,09/08/2024 7:55,Singapore Changi Airport,SIN,09/08/2024 10:45,110,Singapore Airlines,First Class,110,N/A,N/A,1222,Y,Y,Y,2,7,1,50
Soekarno–Hatta International Airport,CGK,09/08/2024 19:00,Singapore Changi Airport,SIN,09/08/2024 21:50,110,Singapore Airlines,First Class,110,N/A,N/A,1222,Y,Y,Y,2,7,1,50
Soekarno–Hatta International Airport,CGK,10/08/2024 7:55,Singapore Changi Airport,SIN,10/08/2024 10:45,110,Singapore Airlines,First Class,110,N/A,N/A,1222,Y,Y,Y,2,7,1,50
Soekarno–Hatta International Airport,CGK,10/08/2024 19:00,Singapore Changi Airport,SIN,10/08/2024 21:50,110,Singapore Airlines,First Class,110,N/A,N/A,1222,Y,Y,Y,2,7,1,50
Soekarno–Hatta International Airport,CGK,11/08/2024 7:55,Singapore Changi Airport,SIN,11/08/2024 10:45,110,Singapore Airlines,First Class,110,N/A,N/A,1222,Y,Y,Y,2,7,1,50
Soekarno–Hatta International Airport,CGK,11/08/2024 19:00,Singapore Changi Airport,SIN,11/08/2024 21:50,110,Singapore Airlines,First Class,110,N/A,N/A,1222,Y,Y,Y,2,7,1,50
Soekarno–Hatta International Airport,CGK,12/08/2024 7:55,Singapore Changi Airport,SIN,12/08/2024 10:45,110,Singapore Airlines,First Class,110,N/A,N/A,1222,Y,Y,Y,2,7,1,50
Soekarno–Hatta International Airport,CGK,12/08/2024 19:00,Singapore Changi Airport,SIN,12/08/2024 21:50,110,Singapore Airlines,First Class,110,N/A,N/A,1222,Y,Y,Y,2,7,1,50
Soekarno–Hatta International Airport,CGK,13/08/2024 7:55,Singapore Changi Airport,SIN,13/08/2024 10:45,110,Singapore Airlines,First Class,110,N/A,N/A,1222,Y,Y,Y,2,7,1,50
Soekarno–Hatta International Airport,CGK,13/08/2024 19:00,Singapore Changi Airport,SIN,13/08/2024 21:50,110,Singapore Airlines,First Class,110,N/A,N/A,1222,Y,Y,Y,2,7,1,50
Soekarno–Hatta International Airport,CGK,14/08/2024 7:55,Singapore Changi Airport,SIN,14/08/2024 10:45,110,Singapore Airlines,First Class,110,N/A,N/A,1222,Y,Y,Y,2,7,1,50
Soekarno–Hatta International Airport,CGK,14/08/2024 19:00,Singapore Changi Airport,SIN,14/08/2024 21:50,110,Singapore Airlines,First Class,110,N/A,N/A,1324,Y,Y,Y,2,7,1,50
Soekarno–Hatta International Airport,CGK,15/08/2024 7:55,Singapore Changi Airport,SIN,15/08/2024 10:45,110,Singapore Airlines,First Class,110,N/A,N/A,1222,Y,Y,Y,2,7,1,50
Soekarno–Hatta International Airport,CGK,15/08/2024 19:00,Singapore Changi Airport,SIN,15/08/2024 21:50,110,Singapore Airlines,First Class,110,N/A,N/A,1324,Y,Y,Y,2,7,1,50
Soekarno–Hatta International Airport,CGK,16/08/2024 7:55,Singapore Changi Airport,SIN,16/08/2024 10:45,110,Singapore Airlines,First Class,110,N/A,N/A,1222,Y,Y,Y,2,7,1,50
Soekarno–Hatta International Airport,CGK,17/08/2024 7:55,Singapore Changi Airport,SIN,17/08/2024 10:45,110,Singapore Airlines,First Class,110,N/A,N/A,1222,Y,Y,Y,2,7,1,50
Soekarno–Hatta International Airport,CGK,17/08/2024 19:00,Singapore Changi Airport,SIN,17/08/2024 21:50,110,Singapore Airlines,First Class,110,N/A,N/A,1222,Y,Y,Y,2,7,1,50
Soekarno–Hatta International Airport,CGK,18/08/2024 7:55,Singapore Changi Airport,SIN,18/08/2024 10:45,110,Singapore Airlines,First Class,110,N/A,N/A,1222,Y,Y,Y,2,7,1,50
Soekarno–Hatta International Airport,CGK,18/08/2024 19:00,Singapore Changi Airport,SIN,18/08/2024 21:50,110,Singapore Airlines,First Class,110,N/A,N/A,1324,Y,Y,Y,2,7,1,50
Soekarno–Hatta International Airport,CGK,19/08/2024 7:55,Singapore Changi Airport,SIN,19/08/2024 10:45,110,Singapore Airlines,First Class,110,N/A,N/A,1222,Y,Y,Y,2,7,1,50
Soekarno–Hatta International Airport,CGK,19/08/2024 19:00,Singapore Changi Airport,SIN,19/08/2024 21:50,110,Singapore Airlines,First Class,110,N/A,N/A,1222,Y,Y,Y,2,7,1,50
Soekarno–Hatta International Airport,CGK,20/08/2024 7:55,Singapore Changi Airport,SIN,20/08/2024 10:45,110,Singapore Airlines,First Class,110,N/A,N/A,1222,Y,Y,Y,2,7,1,50
Soekarno–Hatta International Airport,CGK,20/08/2024 19:00,Singapore Changi Airport,SIN,20/08/2024 21:50,110,Singapore Airlines,First Class,110,N/A,N/A,1222,Y,Y,Y,2,7,1,50
Soekarno–Hatta International Airport,CGK,21/08/2024 7:55,Singapore Changi Airport,SIN,21/08/2024 10:45,110,Singapore Airlines,First Class,110,N/A,N/A,1222,Y,Y,Y,2,7,1,50
Soekarno–Hatta International Airport,CGK,22/08/2024 7:55,Singapore Changi Airport,SIN,22/08/2024 10:45,110,Singapore Airlines,First Class,110,N/A,N/A,1222,Y,Y,Y,2,7,1,50
Soekarno–Hatta International Airport,CGK,22/08/2024 19:00,Singapore Changi Airport,SIN,22/08/2024 21:50,110,Singapore Airlines,First Class,110,N/A,N/A,1222,Y,Y,Y,2,7,1,50
Soekarno–Hatta International Airport,CGK,23/08/2024 7:55,Singapore Changi Airport,SIN,23/08/2024 10:45,110,Singapore Airlines,First Class,110,N/A,N/A,1222,Y,Y,Y,2,7,1,50
Soekarno–Hatta International Airport,CGK,23/08/2024 19:00,Singapore Changi Airport,SIN,23/08/2024 21:50,110,Singapore Airlines,First Class,110,N/A,N/A,1222,Y,Y,Y,2,7,1,50
Soekarno–Hatta International Airport,CGK,24/08/2024 7:55,Singapore Changi Airport,SIN,24/08/2024 10:45,110,Singapore Airlines,First Class,110,N/A,N/A,1222,Y,Y,Y,2,7,1,50
Soekarno–Hatta International Airport,CGK,24/08/2024 19:00,Singapore Changi Airport,SIN,24/08/2024 21:50,110,Singapore Airlines,First Class,110,N/A,N/A,1324,Y,Y,Y,2,7,1,50
Soekarno–Hatta International Airport,CGK,25/08/2024 7:55,Singapore Changi Airport,SIN,25/08/2024 10:45,110,Singapore Airlines,First Class,110,N/A,N/A,1222,Y,Y,Y,2,7,1,50
Soekarno–Hatta International Airport,CGK,25/08/2024 19:00,Singapore Changi Airport,SIN,25/08/2024 21:50,110,Singapore Airlines,First Class,110,N/A,N/A,1222,Y,Y,Y,2,7,1,50
Soekarno–Hatta International Airport,CGK,26/08/2024 19:00,Singapore Changi Airport,SIN,26/08/2024 21:50,110,Singapore Airlines,First Class,110,N/A,N/A,1222,Y,Y,Y,2,7,1,50
Soekarno–Hatta International Airport,CGK,26/08/2024 7:55,Singapore Changi Airport,SIN,26/08/2024 10:45,110,Singapore Airlines,First Class,110,N/A,N/A,1324,Y,Y,Y,2,7,1,50
Soekarno–Hatta International Airport,CGK,27/08/2024 7:55,Singapore Changi Airport,SIN,27/08/2024 10:45,110,Singapore Airlines,First Class,110,N/A,N/A,1222,Y,Y,Y,2,7,1,50
Soekarno–Hatta International Airport,CGK,27/08/2024 19:00,Singapore Changi Airport,SIN,27/08/2024 21:50,110,Singapore Airlines,First Class,110,N/A,N/A,1222,Y,Y,Y,2,7,1,50
Soekarno–Hatta International Airport,CGK,28/08/2024 7:55,Singapore Changi Airport,SIN,28/08/2024 10:45,110,Singapore Airlines,First Class,110,N/A,N/A,1222,Y,Y,Y,2,7,1,50
Soekarno–Hatta International Airport,CGK,28/08/2024 19:00,Singapore Changi Airport,SIN,28/08/2024 21:50,110,Singapore Airlines,First Class,110,N/A,N/A,1222,Y,Y,Y,2,7,1,50
Soekarno–Hatta International Airport,CGK,29/08/2024 7:55,Singapore Changi Airport,SIN,29/08/2024 10:45,110,Singapore Airlines,First Class,110,N/A,N/A,1222,Y,Y,Y,2,7,1,50
Soekarno–Hatta International Airport,CGK,29/08/2024 19:00,Singapore Changi Airport,SIN,29/08/2024 21:50,110,Singapore Airlines,First Class,110,N/A,N/A,1222,Y,Y,Y,2,7,1,50
Soekarno–Hatta International Airport,CGK,30/08/2024 7:55,Singapore Changi Airport,SIN,30/08/2024 10:45,110,Singapore Airlines,First Class,110,N/A,N/A,1222,Y,Y,Y,2,7,1,50
Soekarno–Hatta International Airport,CGK,30/08/2024 19:00,Singapore Changi Airport,SIN,30/08/2024 21:50,110,Singapore Airlines,First Class,110,N/A,N/A,1324,Y,Y,Y,2,7,1,50
Soekarno–Hatta International Airport,CGK,31/08/2024 7:55,Singapore Changi Airport,SIN,31/08/2024 10:45,110,Singapore Airlines,First Class,110,N/A,N/A,1222,Y,Y,Y,2,7,1,50
Soekarno–Hatta International Airport,CGK,31/08/2024 19:00,Singapore Changi Airport,SIN,31/08/2024 21:50,110,Singapore Airlines,First Class,110,N/A,N/A,1222,Y,Y,Y,2,7,1,50