Departure Airport Name,Departure Airport ID,Departure Time,Arrival Airport Name,Arrival Airport ID,Arrival Time,Duration,Airline,Travel Class,Total Duration,Layover 1 Duration,Layover 1 Overnight,Price, Cabin Baggage, Checked Baggage,Meal Included,Cabin Baggage (Number),Cabin Baggage (kg per piece),Checked Baggage (Number),Checked Baggage (kg per piece) 
Singapore Changi Airport,SIN,01/07/2024 12:40,Kunming Changshui International Airport,KMG,01/07/2024 16:30,230,China Eastern,Premium Economy,560,240,N/A,466,Y,Y,Y,1,8,1,23
Singapore Changi Airport,SIN,01/07/2024 23:10,Shanghai Pudong International Airport,PVG,02/07/2024 4:10,300,China Eastern,Premium Economy,1450,910,TRUE,515,Y,Y,Y,1,8,1,23
Singapore Changi Airport,SIN,02/07/2024 23:10,Shanghai Pudong International Airport,PVG,03/07/2024 4:10,300,China Eastern,Premium Economy,1450,910,TRUE,840,Y,Y,Y,1,8,1,23
Singapore Changi Airport,SIN,02/07/2024 10:10,Shanghai Pudong International Airport,PVG,02/07/2024 15:35,325,China Eastern,Premium Economy,790,225,N/A,920,Y,Y,Y,1,8,1,23
Singapore Changi Airport,SIN,03/07/2024 10:10,Shanghai Pudong International Airport,PVG,03/07/2024 15:35,325,China Eastern,Premium Economy,790,225,N/A,840,Y,Y,Y,1,8,1,23
Singapore Changi Airport,SIN,03/07/2024 23:10,Shanghai Pudong International Airport,PVG,04/07/2024 4:10,300,China Eastern,Premium Economy,1450,910,TRUE,840,Y,Y,Y,1,8,1,23
Singapore Changi Airport,SIN,04/07/2024 10:10,Shanghai Pudong International Airport,PVG,04/07/2024 15:35,325,China Eastern,Premium Economy,790,225,N/A,840,Y,Y,Y,1,8,1,23
Singapore Changi Airport,SIN,05/07/2024 23:10,Shanghai Pudong International Airport,PVG,06/07/2024 4:10,300,China Eastern,Premium Economy,1450,910,TRUE,840,Y,Y,Y,1,8,1,23
Singapore Changi Airport,SIN,05/07/2024 10:10,Shanghai Pudong International Airport,PVG,05/07/2024 15:35,325,China Eastern,Premium Economy,790,225,N/A,1075,Y,Y,Y,1,8,1,23
Singapore Changi Airport,SIN,06/07/2024 23:10,Shanghai Pudong International Airport,PVG,07/07/2024 4:10,300,China Eastern,Premium Economy,1450,910,TRUE,752,Y,Y,Y,1,8,1,23
Singapore Changi Airport,SIN,06/07/2024 10:10,Shanghai Pudong International Airport,PVG,06/07/2024 15:35,325,China Eastern,Premium Economy,790,225,N/A,997,Y,Y,Y,1,8,1,23
Singapore Changi Airport,SIN,07/07/2024 10:10,Shanghai Pudong International Airport,PVG,07/07/2024 15:35,325,China Eastern,Premium Economy,790,225,N/A,752,Y,Y,Y,1,8,1,23
Singapore Changi Airport,SIN,07/07/2024 23:10,Shanghai Pudong International Airport,PVG,08/07/2024 4:10,300,China Eastern,Premium Economy,1450,910,TRUE,997,Y,Y,Y,1,8,1,23
Singapore Changi Airport,SIN,08/07/2024 12:40,Kunming Changshui International Airport,KMG,08/07/2024 16:30,230,China Eastern,Premium Economy,560,240,N/A,825,Y,Y,Y,1,8,1,23
Singapore Changi Airport,SIN,08/07/2024 23:10,Shanghai Pudong International Airport,PVG,09/07/2024 4:10,300,China Eastern,Premium Economy,1450,910,TRUE,997,Y,Y,Y,1,8,1,23
Singapore Changi Airport,SIN,09/07/2024 23:10,Shanghai Pudong International Airport,PVG,10/07/2024 4:10,300,China Eastern,Premium Economy,1450,910,TRUE,861,Y,Y,Y,1,8,1,23
Singapore Changi Airport,SIN,09/07/2024 10:10,Shanghai Pudong International Airport,PVG,09/07/2024 15:35,325,China Eastern,Premium Economy,790,225,N/A,950,Y,Y,Y,1,8,1,23
Singapore Changi Airport,SIN,10/07/2024 10:10,Shanghai Pudong International Airport,PVG,10/07/2024 15:35,325,China Eastern,Premium Economy,790,225,N/A,861,Y,Y,Y,1,8,1,23
Singapore Changi Airport,SIN,10/07/2024 23:10,Shanghai Pudong International Airport,PVG,11/07/2024 4:10,300,China Eastern,Premium Economy,1450,910,TRUE,861,Y,Y,Y,1,8,1,23
Singapore Changi Airport,SIN,11/07/2024 10:10,Shanghai Pudong International Airport,PVG,11/07/2024 15:35,325,China Eastern,Premium Economy,790,225,N/A,1085,Y,Y,Y,1,8,1,23
Singapore Changi Airport,SIN,12/07/2024 23:10,Shanghai Pudong International Airport,PVG,13/07/2024 4:10,300,China Eastern,Premium Economy,1450,910,TRUE,916,Y,Y,Y,1,8,1,23
Singapore Changi Airport,SIN,12/07/2024 10:10,Shanghai Pudong International Airport,PVG,12/07/2024 15:35,325,China Eastern,Premium Economy,790,225,N/A,1004,Y,Y,Y,1,8,1,23
Singapore Changi Airport,SIN,13/07/2024 23:10,Shanghai Pudong International Airport,PVG,14/07/2024 4:10,300,China Eastern,Premium Economy,1450,910,TRUE,916,Y,Y,Y,1,8,1,23
Singapore Changi Airport,SIN,13/07/2024 10:10,Shanghai Pudong International Airport,PVG,13/07/2024 15:35,325,China Eastern,Premium Economy,790,225,N/A,1085,Y,Y,Y,1,8,1,23
Singapore Changi Airport,SIN,14/07/2024 23:10,Shanghai Pudong International Airport,PVG,15/07/2024 4:10,300,China Eastern,Premium Economy,1450,910,TRUE,714,Y,Y,Y,1,8,1,23
Singapore Changi Airport,SIN,14/07/2024 10:10,Shanghai Pudong International Airport,PVG,14/07/2024 15:35,325,China Eastern,Premium Economy,790,225,N/A,1004,Y,Y,Y,1,8,1,23
Singapore Changi Airport,SIN,15/07/2024 10:10,Shanghai Pudong International Airport,PVG,15/07/2024 15:35,325,China Eastern,Premium Economy,790,225,N/A,795,Y,Y,Y,1,8,1,23
Singapore Changi Airport,SIN,15/07/2024 23:10,Shanghai Pudong International Airport,PVG,16/07/2024 4:10,300,China Eastern,Premium Economy,1450,910,TRUE,916,Y,Y,Y,1,8,1,23
Singapore Changi Airport,SIN,16/07/2024 23:10,Shanghai Pudong International Airport,PVG,17/07/2024 4:10,300,China Eastern,Premium Economy,1450,910,TRUE,916,Y,Y,Y,1,8,1,23
Singapore Changi Airport,SIN,16/07/2024 10:10,Shanghai Pudong International Airport,PVG,16/07/2024 15:35,325,China Eastern,Premium Economy,790,225,N/A,1004,Y,Y,Y,1,8,1,23
Singapore Changi Airport,SIN,17/07/2024 23:10,Shanghai Pudong International Airport,PVG,18/07/2024 4:10,300,China Eastern,Premium Economy,1450,910,TRUE,581,Y,Y,Y,1,8,1,23
Singapore Changi Airport,SIN,17/07/2024 10:10,Shanghai Pudong International Airport,PVG,17/07/2024 15:35,325,China Eastern,Premium Economy,790,225,N/A,1004,Y,Y,Y,1,8,1,23
Singapore Changi Airport,SIN,18/07/2024 10:10,Shanghai Pudong International Airport,PVG,18/07/2024 15:35,325,China Eastern,Premium Economy,790,225,N/A,625,Y,Y,Y,1,8,1,23
Singapore Changi Airport,SIN,19/07/2024 23:10,Shanghai Pudong International Airport,PVG,20/07/2024 4:10,300,China Eastern,Premium Economy,1450,910,TRUE,916,Y,Y,Y,1,8,1,23
Singapore Changi Airport,SIN,19/07/2024 10:10,Shanghai Pudong International Airport,PVG,19/07/2024 15:35,325,China Eastern,Premium Economy,790,225,N/A,1004,Y,Y,Y,1,8,1,23
Singapore Changi Airport,SIN,20/07/2024 23:10,Shanghai Pudong International Airport,PVG,21/07/2024 4:10,300,China Eastern,Premium Economy,1450,910,TRUE,916,Y,Y,Y,1,8,1,23
Singapore Changi Airport,SIN,20/07/2024 10:10,Shanghai Pudong International Airport,PVG,20/07/2024 15:35,325,China Eastern,Premium Economy,790,225,N/A,1085,Y,Y,Y,1,8,1,23
Singapore Changi Airport,SIN,21/07/2024 10:10,Shanghai Pudong International Airport,PVG,21/07/2024 15:35,325,China Eastern,Premium Economy,790,225,N/A,1085,Y,Y,Y,1,8,1,23
Singapore Changi Airport,SIN,21/07/2024 23:10,Shanghai Pudong International Airport,PVG,22/07/2024 4:10,300,China Eastern,Premium Economy,1450,910,TRUE,1163,Y,Y,Y,1,8,1,23
Singapore Changi Airport,SIN,22/07/2024 23:10,Shanghai Pudong International Airport,PVG,23/07/2024 4:10,300,China Eastern,Premium Economy,1450,910,TRUE,625,Y,Y,Y,1,8,1,23
Singapore Changi Airport,SIN,22/07/2024 10:10,Shanghai Pudong International Airport,PVG,22/07/2024 15:35,325,China Eastern,Premium Economy,790,225,N/A,795,Y,Y,Y,1,8,1,23
Singapore Changi Airport,SIN,23/07/2024 23:10,Shanghai Pudong International Airport,PVG,24/07/2024 4:10,300,China Eastern,Premium Economy,1450,910,TRUE,869,Y,Y,Y,1,8,1,23
Singapore Changi Airport,SIN,23/07/2024 10:10,Shanghai Pudong International Airport,PVG,23/07/2024 15:35,325,China Eastern,Premium Economy,790,225,N/A,1004,Y,Y,Y,1,8,1,23
Singapore Changi Airport,SIN,24/07/2024 23:10,Shanghai Pudong International Airport,PVG,25/07/2024 4:10,300,China Eastern,Premium Economy,1450,910,TRUE,869,Y,Y,Y,1,8,1,23
Singapore Changi Airport,SIN,24/07/2024 10:10,Shanghai Pudong International Airport,PVG,24/07/2024 15:35,325,China Eastern,Premium Economy,790,225,N/A,1004,Y,Y,Y,1,8,1,23
Singapore Changi Airport,SIN,25/07/2024 10:10,Shanghai Pudong International Airport,PVG,25/07/2024 15:35,325,China Eastern,Premium Economy,790,225,N/A,916,Y,Y,Y,1,8,1,23
Singapore Changi Airport,SIN,26/07/2024 23:10,Shanghai Pudong International Airport,PVG,27/07/2024 4:10,300,China Eastern,Premium Economy,1450,910,TRUE,869,Y,Y,Y,1,8,1,23
Singapore Changi Airport,SIN,26/07/2024 10:10,Shanghai Pudong International Airport,PVG,26/07/2024 15:35,325,China Eastern,Premium Economy,790,225,N/A,1085,Y,Y,Y,1,8,1,23
Singapore Changi Airport,SIN,27/07/2024 23:10,Shanghai Pudong International Airport,PVG,28/07/2024 4:10,300,China Eastern,Premium Economy,1450,910,TRUE,916,Y,Y,Y,1,8,1,23
Singapore Changi Airport,SIN,27/07/2024 10:10,Shanghai Pudong International Airport,PVG,27/07/2024 15:35,325,China Eastern,Premium Economy,790,225,N/A,1163,Y,Y,Y,1,8,1,23
Singapore Changi Airport,SIN,28/07/2024 10:10,Shanghai Pudong International Airport,PVG,28/07/2024 15:35,325,China Eastern,Premium Economy,790,225,N/A,1085,Y,Y,Y,1,8,1,23
Singapore Changi Airport,SIN,28/07/2024 23:10,Shanghai Pudong International Airport,PVG,29/07/2024 4:10,300,China Eastern,Premium Economy,1450,910,TRUE,1085,Y,Y,Y,1,8,1,23
Singapore Changi Airport,SIN,29/07/2024 23:10,Shanghai Pudong International Airport,PVG,30/07/2024 4:10,300,China Eastern,Premium Economy,1450,910,TRUE,916,Y,Y,Y,1,8,1,23
Singapore Changi Airport,SIN,29/07/2024 10:10,Shanghai Pudong International Airport,PVG,29/07/2024 15:35,325,China Eastern,Premium Economy,790,225,N/A,1004,Y,Y,Y,1,8,1,23
Singapore Changi Airport,SIN,30/07/2024 23:10,Shanghai Pudong International Airport,PVG,31/07/2024 4:10,300,China Eastern,Premium Economy,1450,910,TRUE,581,Y,Y,Y,1,8,1,23
Singapore Changi Airport,SIN,30/07/2024 10:10,Shanghai Pudong International Airport,PVG,30/07/2024 15:35,325,China Eastern,Premium Economy,790,225,N/A,1004,Y,Y,Y,1,8,1,23
Singapore Changi Airport,SIN,31/07/2024 10:10,Shanghai Pudong International Airport,PVG,31/07/2024 15:35,325,China Eastern,Premium Economy,790,225,N/A,714,Y,Y,Y,1,8,1,23
Singapore Changi Airport,SIN,31/07/2024 23:10,Shanghai Pudong International Airport,PVG,01/08/2024 4:10,300,China Eastern,Premium Economy,1450,910,TRUE,869,Y,Y,Y,1,8,1,23
Singapore Changi Airport,SIN,05/08/2024 23:10,Shanghai Pudong International Airport,PVG,06/08/2024 4:10,300,China Eastern,Premium Economy,1450,910,TRUE,986,Y,Y,Y,1,8,1,23
Singapore Changi Airport,SIN,05/08/2024 10:10,Shanghai Pudong International Airport,PVG,05/08/2024 15:35,325,China Eastern,Premium Economy,790,225,N/A,1089,Y,Y,Y,1,8,1,23
Singapore Changi Airport,SIN,06/08/2024 10:10,Shanghai Pudong International Airport,PVG,06/08/2024 15:35,325,China Eastern,Premium Economy,790,225,N/A,717,Y,Y,Y,1,8,1,23
Singapore Changi Airport,SIN,06/08/2024 23:10,Shanghai Pudong International Airport,PVG,07/08/2024 4:10,300,China Eastern,Premium Economy,1450,910,TRUE,2159,Y,Y,Y,1,8,1,23
Singapore Changi Airport,SIN,07/08/2024 23:10,Shanghai Pudong International Airport,PVG,08/08/2024 4:10,300,China Eastern,Premium Economy,1450,910,TRUE,986,Y,Y,Y,1,8,1,23
Singapore Changi Airport,SIN,07/08/2024 10:10,Shanghai Pudong International Airport,PVG,07/08/2024 15:35,325,China Eastern,Premium Economy,790,225,N/A,1089,Y,Y,Y,1,8,1,23
Singapore Changi Airport,SIN,08/08/2024 10:10,Shanghai Pudong International Airport,PVG,08/08/2024 15:35,325,China Eastern,Premium Economy,790,225,N/A,1089,Y,Y,Y,1,8,1,23
Singapore Changi Airport,SIN,09/08/2024 10:10,Shanghai Pudong International Airport,PVG,09/08/2024 15:35,325,China Eastern,Premium Economy,790,225,N/A,1089,Y,Y,Y,1,8,1,23
Singapore Changi Airport,SIN,09/08/2024 23:10,Shanghai Pudong International Airport,PVG,10/08/2024 4:10,300,China Eastern,Premium Economy,1450,910,TRUE,2159,Y,Y,Y,1,8,1,23
Singapore Changi Airport,SIN,10/08/2024 10:10,Shanghai Pudong International Airport,PVG,10/08/2024 15:35,325,China Eastern,Premium Economy,790,225,N/A,2159,Y,Y,Y,1,8,1,23
Singapore Changi Airport,SIN,11/08/2024 23:10,Shanghai Pudong International Airport,PVG,12/08/2024 4:10,300,China Eastern,Premium Economy,1450,910,TRUE,1053,Y,Y,Y,1,8,1,23
Singapore Changi Airport,SIN,11/08/2024 10:10,Shanghai Pudong International Airport,PVG,11/08/2024 15:35,325,China Eastern,Premium Economy,790,225,N/A,2159,Y,Y,Y,1,8,1,23
Singapore Changi Airport,SIN,12/08/2024 23:10,Shanghai Pudong International Airport,PVG,13/08/2024 4:10,300,China Eastern,Premium Economy,1450,910,TRUE,583,Y,Y,Y,1,8,1,23
Singapore Changi Airport,SIN,12/08/2024 10:10,Shanghai Pudong International Airport,PVG,12/08/2024 15:35,325,China Eastern,Premium Economy,790,225,N/A,1089,Y,Y,Y,1,8,1,23
Singapore Changi Airport,SIN,13/08/2024 10:10,Shanghai Pudong International Airport,PVG,13/08/2024 15:35,325,China Eastern,Premium Economy,790,225,N/A,628,Y,Y,Y,1,8,1,23
Singapore Changi Airport,SIN,13/08/2024 23:10,Shanghai Pudong International Airport,PVG,14/08/2024 4:10,300,China Eastern,Premium Economy,1450,910,TRUE,871,Y,Y,Y,1,8,1,23
Singapore Changi Airport,SIN,14/08/2024 23:10,Shanghai Pudong International Airport,PVG,15/08/2024 4:10,300,China Eastern,Premium Economy,1450,910,TRUE,871,Y,Y,Y,1,8,1,23
Singapore Changi Airport,SIN,14/08/2024 10:10,Shanghai Pudong International Airport,PVG,14/08/2024 15:35,325,China Eastern,Premium Economy,790,225,N/A,938,Y,Y,Y,1,8,1,23
Singapore Changi Airport,SIN,15/08/2024 10:10,Shanghai Pudong International Airport,PVG,15/08/2024 15:35,325,China Eastern,Premium Economy,790,225,N/A,938,Y,Y,Y,1,8,1,23
Singapore Changi Airport,SIN,16/08/2024 23:10,Shanghai Pudong International Airport,PVG,17/08/2024 4:10,300,China Eastern,Premium Economy,1450,910,TRUE,871,Y,Y,Y,1,8,1,23
Singapore Changi Airport,SIN,16/08/2024 10:10,Shanghai Pudong International Airport,PVG,16/08/2024 15:35,325,China Eastern,Premium Economy,790,225,N/A,938,Y,Y,Y,1,8,1,23
Singapore Changi Airport,SIN,17/08/2024 10:10,Shanghai Pudong International Airport,PVG,17/08/2024 15:35,325,China Eastern,Premium Economy,790,225,N/A,2159,Y,Y,Y,1,8,1,23
Singapore Changi Airport,SIN,18/08/2024 10:10,Shanghai Pudong International Airport,PVG,18/08/2024 15:35,325,China Eastern,Premium Economy,790,225,N/A,2159,Y,Y,Y,1,8,1,23
Singapore Changi Airport,SIN,18/08/2024 23:10,Shanghai Pudong International Airport,PVG,19/08/2024 4:10,300,China Eastern,Premium Economy,1450,910,TRUE,2159,Y,Y,Y,1,8,1,23
Singapore Changi Airport,SIN,19/08/2024 23:10,Shanghai Pudong International Airport,PVG,20/08/2024 4:10,300,China Eastern,Premium Economy,1450,910,TRUE,871,Y,Y,Y,1,8,1,23
Singapore Changi Airport,SIN,19/08/2024 10:10,Shanghai Pudong International Airport,PVG,19/08/2024 15:35,325,China Eastern,Premium Economy,790,225,N/A,938,Y,Y,Y,1,8,1,23
Singapore Changi Airport,SIN,20/08/2024 23:10,Shanghai Pudong International Airport,PVG,21/08/2024 4:10,300,China Eastern,Premium Economy,1450,910,TRUE,844,Y,Y,Y,1,8,1,23
Singapore Changi Airport,SIN,20/08/2024 10:10,Shanghai Pudong International Airport,PVG,20/08/2024 15:35,325,China Eastern,Premium Economy,790,225,N/A,938,Y,Y,Y,1,8,1,23
Singapore Changi Airport,SIN,21/08/2024 23:10,Shanghai Pudong International Airport,PVG,22/08/2024 4:10,300,China Eastern,Premium Economy,1450,910,TRUE,844,Y,Y,Y,1,8,1,23
Singapore Changi Airport,SIN,21/08/2024 10:10,Shanghai Pudong International Airport,PVG,21/08/2024 15:35,325,China Eastern,Premium Economy,790,225,N/A,911,Y,Y,Y,1,8,1,23
Singapore Changi Airport,SIN,22/08/2024 10:10,Shanghai Pudong International Airport,PVG,22/08/2024 15:35,325,China Eastern,Premium Economy,790,225,N/A,911,Y,Y,Y,1,8,1,23
Singapore Changi Airport,SIN,23/08/2024 23:10,Shanghai Pudong International Airport,PVG,24/08/2024 4:10,300,China Eastern,Premium Economy,1450,910,TRUE,844,Y,Y,Y,1,8,1,23
Singapore Changi Airport,SIN,23/08/2024 10:10,Shanghai Pudong International Airport,PVG,23/08/2024 15:35,325,China Eastern,Premium Economy,790,225,N/A,911,Y,Y,Y,1,8,1,23
Singapore Changi Airport,SIN,24/08/2024 10:10,Shanghai Pudong International Airport,PVG,24/08/2024 15:35,325,China Eastern,Premium Economy,790,225,N/A,992,Y,Y,Y,1,8,1,23
Singapore Changi Airport,SIN,25/08/2024 23:10,Shanghai Pudong International Airport,PVG,26/08/2024 4:10,300,China Eastern,Premium Economy,1450,910,TRUE,844,Y,Y,Y,1,8,1,23
Singapore Changi Airport,SIN,25/08/2024 10:10,Shanghai Pudong International Airport,PVG,25/08/2024 15:35,325,China Eastern,Premium Economy,790,225,N/A,2103,Y,Y,Y,1,8,1,23
Singapore Changi Airport,SIN,26/08/2024 23:10,Shanghai Pudong International Airport,PVG,27/08/2024 4:10,300,China Eastern,Premium Economy,1450,910,TRUE,844,Y,Y,Y,1,8,1,23
Singapore Changi Airport,SIN,26/08/2024 10:10,Shanghai Pudong International Airport,PVG,26/08/2024 15:35,325,China Eastern,Premium Economy,790,225,N/A,911,Y,Y,Y,1,8,1,23
Singapore Changi Airport,SIN,27/08/2024 23:10,Shanghai Pudong International Airport,PVG,28/08/2024 4:10,300,China Eastern,Premium Economy,1450,910,TRUE,844,Y,Y,Y,1,8,1,23
Singapore Changi Airport,SIN,27/08/2024 10:10,Shanghai Pudong International Airport,PVG,27/08/2024 15:35,325,China Eastern,Premium Economy,790,225,N/A,911,Y,Y,Y,1,8,1,23
Singapore Changi Airport,SIN,28/08/2024 10:10,Shanghai Pudong International Airport,PVG,28/08/2024 15:35,325,China Eastern,Premium Economy,790,225,N/A,911,Y,Y,Y,1,8,1,23
Singapore Changi Airport,SIN,28/08/2024 23:10,Shanghai Pudong International Airport,PVG,29/08/2024 4:10,300,China Eastern,Premium Economy,1450,910,TRUE,2103,Y,Y,Y,1,8,1,23
Singapore Changi Airport,SIN,29/08/2024 10:10,Shanghai Pudong International Airport,PVG,29/08/2024 15:35,325,China Eastern,Premium Economy,790,225,N/A,911,Y,Y,Y,1,8,1,23
Singapore Changi Airport,SIN,30/08/2024 10:10,Shanghai Pudong International Airport,PVG,30/08/2024 15:35,325,China Eastern,Premium Economy,790,225,N/A,911,Y,Y,Y,1,8,1,23
Singapore Changi Airport,SIN,30/08/2024 23:10,Shanghai Pudong International Airport,PVG,31/08/2024 4:10,300,China Eastern,Premium Economy,1450,910,TRUE,911,Y,Y,Y,1,8,1,23
Singapore Changi Airport,SIN,31/08/2024 10:10,Shanghai Pudong International Airport,PVG,31/08/2024 15:35,325,China Eastern,Premium Economy,790,225,N/A,911,Y,Y,Y,1,8,1,23