Departure Airport Name,Departure Airport ID,Departure Time,Arrival Airport Name,Arrival Airport ID,Arrival Time,Duration,Airline,Travel Class,Total Duration,Layover 1 Duration,Layover 1 Overnight,Price, Cabin Baggage, Checked Baggage,Meal Included,Cabin Baggage (Number),Cabin Baggage (kg per piece),Checked Baggage (Number),Checked Baggage (kg per piece) 
Phnom Penh International Airport,PNH,01/07/2024 9:35,Singapore Changi Airport,SIN,01/07/2024 12:40,125,Singapore Airlines,Business Class,1475,1220,TRUE,1253,Y,Y,Y,1,7,1,23
Phnom Penh International Airport,PNH,01/07/2024 18:25,Singapore Changi Airport,SIN,01/07/2024 21:25,120,Singapore Airlines,Business Class,945,695,TRUE,1406,Y,Y,Y,1,7,1,23
Phnom Penh International Airport,PNH,02/07/2024 11:10,Kuala Lumpur International Airport,KUL,02/07/2024 14:00,110,Malaysia Airlines,Business Class,690,435,N/A,1200,Y,Y,Y,1,8,2,23
Phnom Penh International Airport,PNH,02/07/2024 14:05,Singapore Changi Airport,SIN,02/07/2024 17:10,125,Singapore Airlines,Business Class,1435,1175,TRUE,1406,Y,Y,Y,1,7,1,23
Phnom Penh International Airport,PNH,03/07/2024 18:20,Kuala Lumpur International Airport,KUL,03/07/2024 21:10,110,Malaysia Airlines,Business Class,1155,900,TRUE,1211,Y,Y,Y,1,8,2,23
Phnom Penh International Airport,PNH,03/07/2024 18:40,Singapore Changi Airport,SIN,03/07/2024 21:40,120,Singapore Airlines,Business Class,930,680,TRUE,1253,Y,Y,Y,1,7,1,23
Phnom Penh International Airport,PNH,03/07/2024 11:10,Kuala Lumpur International Airport,KUL,03/07/2024 14:00,110,Malaysia Airlines,Business Class,690,435,N/A,1404,Y,Y,Y,1,8,2,23
Phnom Penh International Airport,PNH,04/07/2024 18:20,Kuala Lumpur International Airport,KUL,04/07/2024 21:10,110,Malaysia Airlines,Business Class,1155,900,TRUE,1211,Y,Y,Y,1,8,2,23
Phnom Penh International Airport,PNH,04/07/2024 14:05,Singapore Changi Airport,SIN,04/07/2024 17:10,125,Singapore Airlines,Business Class,1435,1175,TRUE,1253,Y,Y,Y,1,7,1,23
Phnom Penh International Airport,PNH,04/07/2024 18:25,Singapore Changi Airport,SIN,04/07/2024 21:25,120,Singapore Airlines,Business Class,1175,920,TRUE,1406,Y,Y,Y,1,7,1,23
Phnom Penh International Airport,PNH,05/07/2024 0:50,Ninoy Aquino International Airport,MNL,05/07/2024 4:40,170,Philippine Airlines,Business Class,1310,1015,TRUE,1171,Y,Y,Y,1,7,2,32
Phnom Penh International Airport,PNH,05/07/2024 18:20,Kuala Lumpur International Airport,KUL,05/07/2024 21:10,110,Malaysia Airlines,Business Class,1155,900,TRUE,1211,Y,Y,Y,1,8,2,23
Phnom Penh International Airport,PNH,05/07/2024 11:10,Kuala Lumpur International Airport,KUL,05/07/2024 14:00,110,Malaysia Airlines,Business Class,690,435,N/A,1404,Y,Y,Y,1,8,2,23
Phnom Penh International Airport,PNH,06/07/2024 18:20,Kuala Lumpur International Airport,KUL,06/07/2024 21:10,110,Malaysia Airlines,Business Class,1155,900,TRUE,1211,Y,Y,Y,1,8,2,23
Phnom Penh International Airport,PNH,07/07/2024 18:20,Kuala Lumpur International Airport,KUL,07/07/2024 21:10,110,Malaysia Airlines,Business Class,1155,900,TRUE,1211,Y,Y,Y,1,8,2,23
Phnom Penh International Airport,PNH,07/07/2024 18:40,Singapore Changi Airport,SIN,07/07/2024 21:40,120,Singapore Airlines,Business Class,930,680,TRUE,1253,Y,Y,Y,1,7,1,23
Phnom Penh International Airport,PNH,07/07/2024 11:10,Kuala Lumpur International Airport,KUL,07/07/2024 14:00,110,Malaysia Airlines,Business Class,690,435,N/A,1404,Y,Y,Y,1,8,2,23
Phnom Penh International Airport,PNH,08/07/2024 18:25,Singapore Changi Airport,SIN,08/07/2024 21:25,120,Singapore Airlines,Business Class,945,695,TRUE,1406,Y,Y,Y,1,7,1,23
Phnom Penh International Airport,PNH,09/07/2024 18:20,Kuala Lumpur International Airport,KUL,09/07/2024 21:10,110,Malaysia Airlines,Business Class,1700,1445,TRUE,1218,Y,Y,Y,1,8,2,23
Phnom Penh International Airport,PNH,09/07/2024 18:25,Singapore Changi Airport,SIN,09/07/2024 21:25,120,Singapore Airlines,Business Class,1175,920,TRUE,1253,Y,Y,Y,1,7,1,23
Phnom Penh International Airport,PNH,10/07/2024 11:10,Kuala Lumpur International Airport,KUL,10/07/2024 14:00,110,Malaysia Airlines,Business Class,690,435,N/A,1200,Y,Y,Y,1,8,2,23
Phnom Penh International Airport,PNH,10/07/2024 18:40,Singapore Changi Airport,SIN,10/07/2024 21:40,120,Singapore Airlines,Business Class,930,680,TRUE,1253,Y,Y,Y,1,7,1,23
Phnom Penh International Airport,PNH,10/07/2024 18:20,Kuala Lumpur International Airport,KUL,10/07/2024 21:10,110,Malaysia Airlines,Business Class,1155,900,TRUE,1415,Y,Y,Y,1,8,2,23
Phnom Penh International Airport,PNH,11/07/2024 18:25,Singapore Changi Airport,SIN,11/07/2024 21:25,120,Singapore Airlines,Business Class,1175,920,TRUE,1114,Y,Y,Y,1,7,1,23
Phnom Penh International Airport,PNH,11/07/2024 18:20,Kuala Lumpur International Airport,KUL,11/07/2024 21:10,110,Malaysia Airlines,Business Class,1155,900,TRUE,1211,Y,Y,Y,1,8,2,23
Phnom Penh International Airport,PNH,12/07/2024 0:50,Ninoy Aquino International Airport,MNL,12/07/2024 4:40,170,Philippine Airlines,Business Class,1310,1015,TRUE,1171,Y,Y,Y,1,7,2,32
Phnom Penh International Airport,PNH,12/07/2024 11:10,Kuala Lumpur International Airport,KUL,12/07/2024 14:00,110,Malaysia Airlines,Business Class,690,435,N/A,1200,Y,Y,Y,1,8,2,23
Phnom Penh International Airport,PNH,12/07/2024 18:20,Kuala Lumpur International Airport,KUL,12/07/2024 21:10,110,Malaysia Airlines,Business Class,1155,900,TRUE,1415,Y,Y,Y,1,8,2,23
Phnom Penh International Airport,PNH,13/07/2024 18:20,Kuala Lumpur International Airport,KUL,13/07/2024 21:10,110,Malaysia Airlines,Business Class,1155,900,TRUE,1211,Y,Y,Y,1,8,2,23
Phnom Penh International Airport,PNH,13/07/2024 18:40,Singapore Changi Airport,SIN,13/07/2024 21:40,120,Singapore Airlines,Business Class,1160,905,TRUE,1253,Y,Y,Y,1,7,1,23
Phnom Penh International Airport,PNH,14/07/2024 11:10,Kuala Lumpur International Airport,KUL,14/07/2024 14:00,110,Malaysia Airlines,Business Class,690,435,N/A,1200,Y,Y,Y,1,8,2,23
Phnom Penh International Airport,PNH,14/07/2024 18:40,Singapore Changi Airport,SIN,14/07/2024 21:40,120,Singapore Airlines,Business Class,930,680,TRUE,1253,Y,Y,Y,1,7,1,23
Phnom Penh International Airport,PNH,15/07/2024 9:35,Singapore Changi Airport,SIN,15/07/2024 12:40,125,Singapore Airlines,Business Class,1475,1220,TRUE,1253,Y,Y,Y,1,7,1,23
Phnom Penh International Airport,PNH,16/07/2024 9:35,Singapore Changi Airport,SIN,16/07/2024 12:40,125,Singapore Airlines,Business Class,1705,1445,TRUE,1017,Y,Y,Y,1,7,1,23
Phnom Penh International Airport,PNH,16/07/2024 11:10,Kuala Lumpur International Airport,KUL,16/07/2024 14:00,110,Malaysia Airlines,Business Class,690,435,N/A,1200,Y,Y,Y,1,8,2,23
Phnom Penh International Airport,PNH,16/07/2024 18:25,Singapore Changi Airport,SIN,16/07/2024 21:25,120,Singapore Airlines,Business Class,1175,920,TRUE,1253,Y,Y,Y,1,7,1,23
Phnom Penh International Airport,PNH,17/07/2024 11:10,Kuala Lumpur International Airport,KUL,17/07/2024 14:00,110,Malaysia Airlines,Business Class,690,435,N/A,1200,Y,Y,Y,1,8,2,23
Phnom Penh International Airport,PNH,17/07/2024 18:20,Kuala Lumpur International Airport,KUL,17/07/2024 21:10,110,Malaysia Airlines,Business Class,1155,900,TRUE,1211,Y,Y,Y,1,8,2,23
Phnom Penh International Airport,PNH,17/07/2024 18:40,Singapore Changi Airport,SIN,17/07/2024 21:40,120,Singapore Airlines,Business Class,930,680,TRUE,1253,Y,Y,Y,1,7,1,23
Phnom Penh International Airport,PNH,18/07/2024 18:20,Kuala Lumpur International Airport,KUL,18/07/2024 21:10,110,Malaysia Airlines,Business Class,1155,900,TRUE,1211,Y,Y,Y,1,8,2,23
Phnom Penh International Airport,PNH,18/07/2024 14:05,Singapore Changi Airport,SIN,18/07/2024 17:10,125,Singapore Airlines,Business Class,1435,1175,TRUE,1253,Y,Y,Y,1,7,1,23
Phnom Penh International Airport,PNH,19/07/2024 11:10,Kuala Lumpur International Airport,KUL,19/07/2024 14:00,110,Malaysia Airlines,Business Class,690,435,N/A,1200,Y,Y,Y,1,8,2,23
Phnom Penh International Airport,PNH,19/07/2024 9:35,Singapore Changi Airport,SIN,19/07/2024 12:40,125,Singapore Airlines,Business Class,1475,1220,TRUE,1406,Y,Y,Y,1,7,1,23
Phnom Penh International Airport,PNH,19/07/2024 0:50,Ninoy Aquino International Airport,MNL,19/07/2024 4:40,170,Philippine Airlines,Business Class,1310,1015,TRUE,1171,Y,Y,Y,1,7,2,32
Phnom Penh International Airport,PNH,19/07/2024 18:20,Kuala Lumpur International Airport,KUL,19/07/2024 21:10,110,Malaysia Airlines,Business Class,1155,900,TRUE,1211,Y,Y,Y,1,8,2,23
Phnom Penh International Airport,PNH,20/07/2024 18:20,Kuala Lumpur International Airport,KUL,20/07/2024 21:10,110,Malaysia Airlines,Business Class,1155,900,TRUE,1211,Y,Y,Y,1,8,2,23
Phnom Penh International Airport,PNH,20/07/2024 18:40,Singapore Changi Airport,SIN,20/07/2024 21:40,120,Singapore Airlines,Business Class,1160,905,TRUE,1406,Y,Y,Y,1,7,1,23
Phnom Penh International Airport,PNH,21/07/2024 18:40,Singapore Changi Airport,SIN,21/07/2024 21:40,120,Singapore Airlines,Business Class,930,680,TRUE,1114,Y,Y,Y,1,7,1,23
Phnom Penh International Airport,PNH,21/07/2024 11:10,Kuala Lumpur International Airport,KUL,21/07/2024 14:00,110,Malaysia Airlines,Business Class,690,435,N/A,1404,Y,Y,Y,1,8,2,23
Phnom Penh International Airport,PNH,22/07/2024 14:05,Singapore Changi Airport,SIN,22/07/2024 17:10,125,Singapore Airlines,Business Class,1205,950,TRUE,1406,Y,Y,Y,1,7,1,23
Phnom Penh International Airport,PNH,23/07/2024 11:10,Kuala Lumpur International Airport,KUL,23/07/2024 14:00,110,Malaysia Airlines,Business Class,690,435,N/A,1200,Y,Y,Y,1,8,2,23
Phnom Penh International Airport,PNH,23/07/2024 18:25,Singapore Changi Airport,SIN,23/07/2024 21:25,120,Singapore Airlines,Business Class,1175,920,TRUE,1253,Y,Y,Y,1,7,1,23
Phnom Penh International Airport,PNH,24/07/2024 18:20,Kuala Lumpur International Airport,KUL,24/07/2024 21:10,110,Malaysia Airlines,Business Class,1155,900,TRUE,781,Y,Y,Y,1,8,2,23
Phnom Penh International Airport,PNH,24/07/2024 18:40,Singapore Changi Airport,SIN,24/07/2024 21:40,120,Singapore Airlines,Business Class,930,680,TRUE,975,Y,Y,Y,1,7,1,23
Phnom Penh International Airport,PNH,24/07/2024 11:10,Kuala Lumpur International Airport,KUL,24/07/2024 14:00,110,Malaysia Airlines,Business Class,690,435,N/A,1200,Y,Y,Y,1,8,2,23
Phnom Penh International Airport,PNH,25/07/2024 18:25,Singapore Changi Airport,SIN,25/07/2024 21:25,120,Singapore Airlines,Business Class,1175,920,TRUE,975,Y,Y,Y,1,7,1,23
Phnom Penh International Airport,PNH,25/07/2024 18:20,Kuala Lumpur International Airport,KUL,25/07/2024 21:10,110,Malaysia Airlines,Business Class,1155,900,TRUE,1211,Y,Y,Y,1,8,2,23
Phnom Penh International Airport,PNH,26/07/2024 18:20,Kuala Lumpur International Airport,KUL,26/07/2024 21:10,110,Malaysia Airlines,Business Class,1155,900,TRUE,781,Y,Y,Y,1,8,2,23
Phnom Penh International Airport,PNH,26/07/2024 14:05,Singapore Changi Airport,SIN,26/07/2024 17:10,125,Singapore Airlines,Business Class,1205,950,TRUE,975,Y,Y,Y,1,7,1,23
Phnom Penh International Airport,PNH,26/07/2024 11:10,Kuala Lumpur International Airport,KUL,26/07/2024 14:00,110,Malaysia Airlines,Business Class,690,435,N/A,1200,Y,Y,Y,1,8,2,23
Phnom Penh International Airport,PNH,26/07/2024 0:50,Ninoy Aquino International Airport,MNL,26/07/2024 4:40,170,Philippine Airlines,Business Class,1310,1015,TRUE,1171,Y,Y,Y,1,7,2,32
Phnom Penh International Airport,PNH,27/07/2024 18:20,Kuala Lumpur International Airport,KUL,27/07/2024 21:10,110,Malaysia Airlines,Business Class,1155,900,TRUE,1211,Y,Y,Y,1,8,2,23
Phnom Penh International Airport,PNH,27/07/2024 18:40,Singapore Changi Airport,SIN,27/07/2024 21:40,120,Singapore Airlines,Business Class,1160,905,TRUE,1253,Y,Y,Y,1,7,1,23
Phnom Penh International Airport,PNH,28/07/2024 18:40,Singapore Changi Airport,SIN,28/07/2024 21:40,120,Singapore Airlines,Business Class,930,680,TRUE,1114,Y,Y,Y,1,7,1,23
Phnom Penh International Airport,PNH,28/07/2024 11:10,Kuala Lumpur International Airport,KUL,28/07/2024 14:00,110,Malaysia Airlines,Business Class,690,435,N/A,1200,Y,Y,Y,1,8,2,23
Phnom Penh International Airport,PNH,29/07/2024 18:25,Singapore Changi Airport,SIN,29/07/2024 21:25,120,Singapore Airlines,Business Class,945,695,TRUE,864,Y,Y,Y,1,7,1,23
Phnom Penh International Airport,PNH,30/07/2024 14:05,Singapore Changi Airport,SIN,30/07/2024 17:10,125,Singapore Airlines,Business Class,1435,1175,TRUE,864,Y,Y,Y,1,7,1,23
Phnom Penh International Airport,PNH,30/07/2024 18:25,Singapore Changi Airport,SIN,30/07/2024 21:25,120,Singapore Airlines,Business Class,1175,920,TRUE,1114,Y,Y,Y,1,7,1,23
Phnom Penh International Airport,PNH,30/07/2024 11:10,Kuala Lumpur International Airport,KUL,30/07/2024 14:00,110,Malaysia Airlines,Business Class,690,435,N/A,1200,Y,Y,Y,1,8,2,23
Phnom Penh International Airport,PNH,31/07/2024 11:10,Kuala Lumpur International Airport,KUL,31/07/2024 14:00,110,Malaysia Airlines,Business Class,690,435,N/A,1200,Y,Y,Y,1,8,2,23
Phnom Penh International Airport,PNH,31/07/2024 18:20,Kuala Lumpur International Airport,KUL,31/07/2024 21:10,110,Malaysia Airlines,Business Class,1155,900,TRUE,1211,Y,Y,Y,1,8,2,23
Phnom Penh International Airport,PNH,31/07/2024 18:40,Singapore Changi Airport,SIN,31/07/2024 21:40,120,Singapore Airlines,Business Class,930,680,TRUE,1253,Y,Y,Y,1,7,1,23
Phnom Penh International Airport,PNH,01/08/2024 11:10,Kuala Lumpur International Airport,KUL,01/08/2024 14:00,110,Malaysia Airlines,Business Class,690,435,N/A,1199,Y,Y,Y,1,8,2,23
Phnom Penh International Airport,PNH,01/08/2024 18:25,Singapore Changi Airport,SIN,01/08/2024 21:25,120,Singapore Airlines,Business Class,1175,920,TRUE,1252,Y,Y,Y,1,7,1,23
Phnom Penh International Airport,PNH,02/08/2024 14:05,Singapore Changi Airport,SIN,02/08/2024 17:10,125,Singapore Airlines,Business Class,1205,950,TRUE,1113,Y,Y,Y,1,7,1,23
Phnom Penh International Airport,PNH,02/08/2024 11:10,Kuala Lumpur International Airport,KUL,02/08/2024 14:00,110,Malaysia Airlines,Business Class,690,435,N/A,1199,Y,Y,Y,1,8,2,23
Phnom Penh International Airport,PNH,02/08/2024 0:50,Ninoy Aquino International Airport,MNL,02/08/2024 4:40,170,Philippine Airlines,Business Class,1310,1015,TRUE,1180,Y,Y,Y,1,7,2,32
Phnom Penh International Airport,PNH,02/08/2024 18:20,Kuala Lumpur International Airport,KUL,02/08/2024 21:10,110,Malaysia Airlines,Business Class,1155,900,TRUE,1497,Y,Y,Y,1,8,2,23
Phnom Penh International Airport,PNH,03/08/2024 18:20,Kuala Lumpur International Airport,KUL,03/08/2024 21:10,110,Malaysia Airlines,Business Class,1700,1445,TRUE,1217,Y,Y,Y,1,8,2,23
Phnom Penh International Airport,PNH,03/08/2024 18:40,Singapore Changi Airport,SIN,03/08/2024 21:40,120,Singapore Airlines,Business Class,1160,905,TRUE,1252,Y,Y,Y,1,7,1,23
Phnom Penh International Airport,PNH,03/08/2024 18:20,Kuala Lumpur International Airport,KUL,03/08/2024 21:10,110,Malaysia Airlines,Business Class,1155,900,TRUE,1497,Y,Y,Y,1,8,2,23
Phnom Penh International Airport,PNH,04/08/2024 11:10,Kuala Lumpur International Airport,KUL,04/08/2024 14:00,110,Malaysia Airlines,Business Class,690,435,N/A,1199,Y,Y,Y,1,8,2,23
Phnom Penh International Airport,PNH,04/08/2024 18:20,Kuala Lumpur International Airport,KUL,04/08/2024 21:10,110,Malaysia Airlines,Business Class,1155,900,TRUE,1210,Y,Y,Y,1,8,2,23
Phnom Penh International Airport,PNH,05/08/2024 18:20,Kuala Lumpur International Airport,KUL,05/08/2024 21:10,110,Malaysia Airlines,Business Class,1700,1445,TRUE,1504,Y,Y,Y,1,8,2,23
Phnom Penh International Airport,PNH,06/08/2024 18:20,Kuala Lumpur International Airport,KUL,06/08/2024 21:10,110,Malaysia Airlines,Business Class,1700,1445,TRUE,1217,Y,Y,Y,1,8,2,23
Phnom Penh International Airport,PNH,06/08/2024 18:25,Singapore Changi Airport,SIN,06/08/2024 21:25,120,Singapore Airlines,Business Class,1175,920,TRUE,1404,Y,Y,Y,1,7,1,23
Phnom Penh International Airport,PNH,06/08/2024 11:10,Kuala Lumpur International Airport,KUL,06/08/2024 14:00,110,Malaysia Airlines,Business Class,690,435,N/A,1486,Y,Y,Y,1,8,2,23
Phnom Penh International Airport,PNH,07/08/2024 18:40,Singapore Changi Airport,SIN,07/08/2024 21:40,120,Singapore Airlines,Business Class,930,680,TRUE,974,Y,Y,Y,1,7,1,23
Phnom Penh International Airport,PNH,07/08/2024 11:10,Kuala Lumpur International Airport,KUL,07/08/2024 14:00,110,Malaysia Airlines,Business Class,690,435,N/A,1199,Y,Y,Y,1,8,2,23
Phnom Penh International Airport,PNH,07/08/2024 18:20,Kuala Lumpur International Airport,KUL,07/08/2024 21:10,110,Malaysia Airlines,Business Class,1155,900,TRUE,1210,Y,Y,Y,1,8,2,23
Phnom Penh International Airport,PNH,08/08/2024 18:25,Singapore Changi Airport,SIN,08/08/2024 21:25,120,Singapore Airlines,Business Class,1175,920,TRUE,1113,Y,Y,Y,1,7,1,23
Phnom Penh International Airport,PNH,08/08/2024 11:10,Kuala Lumpur International Airport,KUL,08/08/2024 14:00,110,Malaysia Airlines,Business Class,690,435,N/A,1199,Y,Y,Y,1,8,2,23
Phnom Penh International Airport,PNH,08/08/2024 18:20,Kuala Lumpur International Airport,KUL,08/08/2024 21:10,110,Malaysia Airlines,Business Class,1155,900,TRUE,1210,Y,Y,Y,1,8,2,23
Phnom Penh International Airport,PNH,09/08/2024 18:25,Singapore Changi Airport,SIN,09/08/2024 21:25,120,Singapore Airlines,Business Class,945,695,TRUE,1113,Y,Y,Y,1,7,1,23
Phnom Penh International Airport,PNH,09/08/2024 0:50,Ninoy Aquino International Airport,MNL,09/08/2024 4:40,170,Philippine Airlines,Business Class,1310,1015,TRUE,1180,Y,Y,Y,1,7,2,32
Phnom Penh International Airport,PNH,09/08/2024 18:20,Kuala Lumpur International Airport,KUL,09/08/2024 21:10,110,Malaysia Airlines,Business Class,1155,900,TRUE,1497,Y,Y,Y,1,8,2,23
Phnom Penh International Airport,PNH,10/08/2024 18:20,Kuala Lumpur International Airport,KUL,10/08/2024 21:10,110,Malaysia Airlines,Business Class,1155,900,TRUE,1210,Y,Y,Y,1,8,2,23
Phnom Penh International Airport,PNH,11/08/2024 18:40,Singapore Changi Airport,SIN,11/08/2024 21:40,120,Singapore Airlines,Business Class,930,680,TRUE,974,Y,Y,Y,1,7,1,23
Phnom Penh International Airport,PNH,11/08/2024 11:10,Kuala Lumpur International Airport,KUL,11/08/2024 14:00,110,Malaysia Airlines,Business Class,690,435,N/A,1199,Y,Y,Y,1,8,2,23
Phnom Penh International Airport,PNH,12/08/2024 18:25,Singapore Changi Airport,SIN,12/08/2024 21:25,120,Singapore Airlines,Business Class,945,695,TRUE,1404,Y,Y,Y,1,7,1,23
Phnom Penh International Airport,PNH,13/08/2024 14:05,Singapore Changi Airport,SIN,13/08/2024 17:10,125,Singapore Airlines,Business Class,1435,1175,TRUE,974,Y,Y,Y,1,7,1,23
Phnom Penh International Airport,PNH,13/08/2024 18:25,Singapore Changi Airport,SIN,13/08/2024 21:25,120,Singapore Airlines,Business Class,1175,920,TRUE,1113,Y,Y,Y,1,7,1,23
Phnom Penh International Airport,PNH,13/08/2024 11:10,Kuala Lumpur International Airport,KUL,13/08/2024 14:00,110,Malaysia Airlines,Business Class,690,435,N/A,1199,Y,Y,Y,1,8,2,23
Phnom Penh International Airport,PNH,14/08/2024 18:40,Singapore Changi Airport,SIN,14/08/2024 21:40,120,Singapore Airlines,Business Class,930,680,TRUE,1252,Y,Y,Y,1,7,1,23
Phnom Penh International Airport,PNH,14/08/2024 11:10,Kuala Lumpur International Airport,KUL,14/08/2024 14:00,110,Malaysia Airlines,Business Class,690,435,N/A,1486,Y,Y,Y,1,8,2,23
Phnom Penh International Airport,PNH,14/08/2024 18:20,Kuala Lumpur International Airport,KUL,14/08/2024 21:10,110,Malaysia Airlines,Business Class,1155,900,TRUE,1497,Y,Y,Y,1,8,2,23
Phnom Penh International Airport,PNH,15/08/2024 11:10,Kuala Lumpur International Airport,KUL,15/08/2024 14:00,110,Malaysia Airlines,Business Class,690,435,N/A,1199,Y,Y,Y,1,8,2,23
Phnom Penh International Airport,PNH,15/08/2024 18:20,Kuala Lumpur International Airport,KUL,15/08/2024 21:10,110,Malaysia Airlines,Business Class,1155,900,TRUE,1210,Y,Y,Y,1,8,2,23
Phnom Penh International Airport,PNH,15/08/2024 14:05,Singapore Changi Airport,SIN,15/08/2024 17:10,125,Singapore Airlines,Business Class,1435,1175,TRUE,1404,Y,Y,Y,1,7,1,23
Phnom Penh International Airport,PNH,16/08/2024 18:25,Singapore Changi Airport,SIN,16/08/2024 21:25,120,Singapore Airlines,Business Class,945,695,TRUE,1113,Y,Y,Y,1,7,1,23
Phnom Penh International Airport,PNH,16/08/2024 0:50,Ninoy Aquino International Airport,MNL,16/08/2024 4:40,170,Philippine Airlines,Business Class,1310,1015,TRUE,1180,Y,Y,Y,1,7,2,32
Phnom Penh International Airport,PNH,16/08/2024 11:10,Kuala Lumpur International Airport,KUL,16/08/2024 14:00,110,Malaysia Airlines,Business Class,690,435,N/A,1199,Y,Y,Y,1,8,2,23
Phnom Penh International Airport,PNH,16/08/2024 18:20,Kuala Lumpur International Airport,KUL,16/08/2024 21:10,110,Malaysia Airlines,Business Class,1155,900,TRUE,1210,Y,Y,Y,1,8,2,23
Phnom Penh International Airport,PNH,17/08/2024 18:20,Kuala Lumpur International Airport,KUL,17/08/2024 21:10,110,Malaysia Airlines,Business Class,1155,900,TRUE,1210,Y,Y,Y,1,8,2,23
Phnom Penh International Airport,PNH,17/08/2024 18:40,Singapore Changi Airport,SIN,17/08/2024 21:40,120,Singapore Airlines,Business Class,1160,905,TRUE,1404,Y,Y,Y,1,7,1,23
Phnom Penh International Airport,PNH,18/08/2024 18:40,Singapore Changi Airport,SIN,18/08/2024 21:40,120,Singapore Airlines,Business Class,930,680,TRUE,1113,Y,Y,Y,1,7,1,23
Phnom Penh International Airport,PNH,18/08/2024 11:10,Kuala Lumpur International Airport,KUL,18/08/2024 14:00,110,Malaysia Airlines,Business Class,690,435,N/A,1199,Y,Y,Y,1,8,2,23
Phnom Penh International Airport,PNH,19/08/2024 18:25,Singapore Changi Airport,SIN,19/08/2024 21:25,120,Singapore Airlines,Business Class,945,695,TRUE,1252,Y,Y,Y,1,7,1,23
Phnom Penh International Airport,PNH,20/08/2024 14:05,Singapore Changi Airport,SIN,20/08/2024 17:10,125,Singapore Airlines,Business Class,1435,1175,TRUE,974,Y,Y,Y,1,7,1,23
Phnom Penh International Airport,PNH,20/08/2024 11:10,Kuala Lumpur International Airport,KUL,20/08/2024 14:00,110,Malaysia Airlines,Business Class,690,435,N/A,1486,Y,Y,Y,1,8,2,23
Phnom Penh International Airport,PNH,21/08/2024 18:40,Singapore Changi Airport,SIN,21/08/2024 21:40,120,Singapore Airlines,Business Class,930,680,TRUE,974,Y,Y,Y,1,7,1,23
Phnom Penh International Airport,PNH,21/08/2024 11:10,Kuala Lumpur International Airport,KUL,21/08/2024 14:00,110,Malaysia Airlines,Business Class,690,435,N/A,1199,Y,Y,Y,1,8,2,23
Phnom Penh International Airport,PNH,21/08/2024 18:20,Kuala Lumpur International Airport,KUL,21/08/2024 21:10,110,Malaysia Airlines,Business Class,1155,900,TRUE,1210,Y,Y,Y,1,8,2,23
Phnom Penh International Airport,PNH,22/08/2024 18:25,Singapore Changi Airport,SIN,22/08/2024 21:25,120,Singapore Airlines,Business Class,1175,920,TRUE,863,Y,Y,Y,1,7,1,23
Phnom Penh International Airport,PNH,22/08/2024 11:10,Kuala Lumpur International Airport,KUL,22/08/2024 14:00,110,Malaysia Airlines,Business Class,690,435,N/A,1199,Y,Y,Y,1,8,2,23
Phnom Penh International Airport,PNH,22/08/2024 18:20,Kuala Lumpur International Airport,KUL,22/08/2024 21:10,110,Malaysia Airlines,Business Class,1155,900,TRUE,1210,Y,Y,Y,1,8,2,23
Phnom Penh International Airport,PNH,23/08/2024 18:25,Singapore Changi Airport,SIN,23/08/2024 21:25,120,Singapore Airlines,Business Class,945,695,TRUE,863,Y,Y,Y,1,7,1,23
Phnom Penh International Airport,PNH,23/08/2024 0:50,Ninoy Aquino International Airport,MNL,23/08/2024 4:40,170,Philippine Airlines,Business Class,1310,1015,TRUE,1180,Y,Y,Y,1,7,2,32
Phnom Penh International Airport,PNH,23/08/2024 11:10,Kuala Lumpur International Airport,KUL,23/08/2024 14:00,110,Malaysia Airlines,Business Class,690,435,N/A,1199,Y,Y,Y,1,8,2,23
Phnom Penh International Airport,PNH,23/08/2024 18:20,Kuala Lumpur International Airport,KUL,23/08/2024 21:10,110,Malaysia Airlines,Business Class,1155,900,TRUE,1210,Y,Y,Y,1,8,2,23
Phnom Penh International Airport,PNH,24/08/2024 18:40,Singapore Changi Airport,SIN,24/08/2024 21:40,120,Singapore Airlines,Business Class,1160,905,TRUE,974,Y,Y,Y,1,7,1,23
Phnom Penh International Airport,PNH,24/08/2024 18:20,Kuala Lumpur International Airport,KUL,24/08/2024 21:10,110,Malaysia Airlines,Business Class,1155,900,TRUE,1210,Y,Y,Y,1,8,2,23
Phnom Penh International Airport,PNH,25/08/2024 11:10,Kuala Lumpur International Airport,KUL,25/08/2024 14:00,110,Malaysia Airlines,Business Class,690,435,N/A,1199,Y,Y,Y,1,8,2,23
Phnom Penh International Airport,PNH,25/08/2024 18:40,Singapore Changi Airport,SIN,25/08/2024 21:40,120,Singapore Airlines,Business Class,930,680,TRUE,1404,Y,Y,Y,1,7,1,23
Phnom Penh International Airport,PNH,26/08/2024 14:05,Singapore Changi Airport,SIN,26/08/2024 17:10,125,Singapore Airlines,Business Class,1205,950,TRUE,863,Y,Y,Y,1,7,1,23
Phnom Penh International Airport,PNH,26/08/2024 18:25,Singapore Changi Airport,SIN,26/08/2024 21:25,120,Singapore Airlines,Business Class,945,695,TRUE,1113,Y,Y,Y,1,7,1,23
Phnom Penh International Airport,PNH,27/08/2024 18:25,Singapore Changi Airport,SIN,27/08/2024 21:25,120,Singapore Airlines,Business Class,1175,920,TRUE,974,Y,Y,Y,1,7,1,23
Phnom Penh International Airport,PNH,27/08/2024 11:10,Kuala Lumpur International Airport,KUL,27/08/2024 14:00,110,Malaysia Airlines,Business Class,690,435,N/A,1199,Y,Y,Y,1,8,2,23
Phnom Penh International Airport,PNH,28/08/2024 18:40,Singapore Changi Airport,SIN,28/08/2024 21:40,120,Singapore Airlines,Business Class,930,680,TRUE,863,Y,Y,Y,1,7,1,23
Phnom Penh International Airport,PNH,28/08/2024 11:10,Kuala Lumpur International Airport,KUL,28/08/2024 14:00,110,Malaysia Airlines,Business Class,690,435,N/A,1199,Y,Y,Y,1,8,2,23
Phnom Penh International Airport,PNH,28/08/2024 18:20,Kuala Lumpur International Airport,KUL,28/08/2024 21:10,110,Malaysia Airlines,Business Class,1155,900,TRUE,1210,Y,Y,Y,1,8,2,23
Phnom Penh International Airport,PNH,29/08/2024 18:25,Singapore Changi Airport,SIN,29/08/2024 21:25,120,Singapore Airlines,Business Class,1175,920,TRUE,863,Y,Y,Y,1,7,1,23
Phnom Penh International Airport,PNH,29/08/2024 11:10,Kuala Lumpur International Airport,KUL,29/08/2024 14:00,110,Malaysia Airlines,Business Class,690,435,N/A,1199,Y,Y,Y,1,8,2,23
Phnom Penh International Airport,PNH,29/08/2024 18:20,Kuala Lumpur International Airport,KUL,29/08/2024 21:10,110,Malaysia Airlines,Business Class,1155,900,TRUE,1210,Y,Y,Y,1,8,2,23
Phnom Penh International Airport,PNH,30/08/2024 18:25,Singapore Changi Airport,SIN,30/08/2024 21:25,120,Singapore Airlines,Business Class,945,695,TRUE,1113,Y,Y,Y,1,7,1,23
Phnom Penh International Airport,PNH,30/08/2024 0:50,Ninoy Aquino International Airport,MNL,30/08/2024 4:40,170,Philippine Airlines,Business Class,1310,1015,TRUE,1180,Y,Y,Y,1,7,2,32
Phnom Penh International Airport,PNH,30/08/2024 11:10,Kuala Lumpur International Airport,KUL,30/08/2024 14:00,110,Malaysia Airlines,Business Class,690,435,N/A,1199,Y,Y,Y,1,8,2,23
Phnom Penh International Airport,PNH,30/08/2024 18:20,Kuala Lumpur International Airport,KUL,30/08/2024 21:10,110,Malaysia Airlines,Business Class,1155,900,TRUE,1210,Y,Y,Y,1,8,2,23
Phnom Penh International Airport,PNH,31/08/2024 18:20,Kuala Lumpur International Airport,KUL,31/08/2024 21:10,110,Malaysia Airlines,Business Class,1155,900,TRUE,1210,Y,Y,Y,1,8,2,23
Phnom Penh International Airport,PNH,31/08/2024 18:40,Singapore Changi Airport,SIN,31/08/2024 21:40,120,Singapore Airlines,Business Class,1160,905,TRUE,1404,Y,Y,Y,1,7,1,23