Departure Airport Name,Departure Airport ID,Departure Time,Arrival Airport Name,Arrival Airport ID,Arrival Time,Duration,Airline,Travel Class,Total Duration,Layover 1 Duration,Layover 1 Overnight,Price, Cabin Baggage, Checked Baggage,Meal Included,Cabin Baggage (Number),Cabin Baggage (kg per piece),Checked Baggage (Number),Checked Baggage (kg per piece) 
Wattay International Airport,VTE,01/07/2024 13:40,Suvarnabhumi Airport,BKK,01/07/2024 15:00,80,THAI,Premium Economy,375,215,N/A,446,Y,Y,Y,1,7,1,35
Wattay International Airport,VTE,01/07/2024 20:30,Suvarnabhumi Airport,BKK,01/07/2024 21:55,85,THAI,Premium Economy,740,580,TRUE,446,Y,Y,Y,1,7,1,35
Wattay International Airport,VTE,01/07/2024 13:40,Suvarnabhumi Airport,BKK,01/07/2024 15:00,80,THAI,Premium Economy,295,140,N/A,606,Y,Y,Y,1,7,1,35
Wattay International Airport,VTE,01/07/2024 20:30,Suvarnabhumi Airport,BKK,01/07/2024 21:55,85,THAI,Premium Economy,780,620,TRUE,606,Y,Y,Y,1,7,1,35
Wattay International Airport,VTE,02/07/2024 13:40,Suvarnabhumi Airport,BKK,02/07/2024 15:00,80,THAI,Premium Economy,375,215,N/A,446,Y,Y,Y,1,7,1,35
Wattay International Airport,VTE,02/07/2024 20:30,Suvarnabhumi Airport,BKK,02/07/2024 21:55,85,THAI,Premium Economy,740,580,TRUE,446,Y,Y,Y,1,7,1,35
Wattay International Airport,VTE,02/07/2024 13:40,Suvarnabhumi Airport,BKK,02/07/2024 15:00,80,THAI,Premium Economy,295,140,N/A,606,Y,Y,Y,1,7,1,35
Wattay International Airport,VTE,02/07/2024 20:30,Suvarnabhumi Airport,BKK,02/07/2024 21:55,85,THAI,Premium Economy,780,620,TRUE,606,Y,Y,Y,1,7,1,35
Wattay International Airport,VTE,03/07/2024 13:40,Suvarnabhumi Airport,BKK,03/07/2024 15:00,80,THAI,Premium Economy,375,215,N/A,446,Y,Y,Y,1,7,1,35
Wattay International Airport,VTE,03/07/2024 20:30,Suvarnabhumi Airport,BKK,03/07/2024 21:55,85,THAI,Premium Economy,740,580,TRUE,446,Y,Y,Y,1,7,1,35
Wattay International Airport,VTE,03/07/2024 13:40,Suvarnabhumi Airport,BKK,03/07/2024 15:00,80,THAI,Premium Economy,295,140,N/A,606,Y,Y,Y,1,7,1,35
Wattay International Airport,VTE,03/07/2024 20:30,Suvarnabhumi Airport,BKK,03/07/2024 21:55,85,THAI,Premium Economy,780,620,TRUE,606,Y,Y,Y,1,7,1,35
Wattay International Airport,VTE,04/07/2024 13:40,Suvarnabhumi Airport,BKK,04/07/2024 15:00,80,THAI,Premium Economy,375,215,N/A,446,Y,Y,Y,1,7,1,35
Wattay International Airport,VTE,04/07/2024 20:30,Suvarnabhumi Airport,BKK,04/07/2024 21:55,85,THAI,Premium Economy,740,580,TRUE,446,Y,Y,Y,1,7,1,35
Wattay International Airport,VTE,04/07/2024 13:40,Suvarnabhumi Airport,BKK,04/07/2024 15:00,80,THAI,Premium Economy,295,140,N/A,606,Y,Y,Y,1,7,1,35
Wattay International Airport,VTE,04/07/2024 20:30,Suvarnabhumi Airport,BKK,04/07/2024 21:55,85,THAI,Premium Economy,780,620,TRUE,606,Y,Y,Y,1,7,1,35
Wattay International Airport,VTE,05/07/2024 13:40,Suvarnabhumi Airport,BKK,05/07/2024 15:00,80,THAI,Premium Economy,375,215,N/A,446,Y,Y,Y,1,7,1,35
Wattay International Airport,VTE,05/07/2024 20:30,Suvarnabhumi Airport,BKK,05/07/2024 21:55,85,THAI,Premium Economy,740,580,TRUE,446,Y,Y,Y,1,7,1,35
Wattay International Airport,VTE,05/07/2024 13:40,Suvarnabhumi Airport,BKK,05/07/2024 15:00,80,THAI,Premium Economy,295,140,N/A,606,Y,Y,Y,1,7,1,35
Wattay International Airport,VTE,05/07/2024 20:30,Suvarnabhumi Airport,BKK,05/07/2024 21:55,85,THAI,Premium Economy,780,620,TRUE,606,Y,Y,Y,1,7,1,35
Wattay International Airport,VTE,06/07/2024 13:40,Suvarnabhumi Airport,BKK,06/07/2024 15:00,80,THAI,Premium Economy,375,215,N/A,446,Y,Y,Y,1,7,1,35
Wattay International Airport,VTE,06/07/2024 20:30,Suvarnabhumi Airport,BKK,06/07/2024 21:55,85,THAI,Premium Economy,740,580,TRUE,446,Y,Y,Y,1,7,1,35
Wattay International Airport,VTE,06/07/2024 13:40,Suvarnabhumi Airport,BKK,06/07/2024 15:00,80,THAI,Premium Economy,295,140,N/A,606,Y,Y,Y,1,7,1,35
Wattay International Airport,VTE,06/07/2024 20:30,Suvarnabhumi Airport,BKK,06/07/2024 21:55,85,THAI,Premium Economy,780,620,TRUE,606,Y,Y,Y,1,7,1,35
Wattay International Airport,VTE,07/07/2024 13:40,Suvarnabhumi Airport,BKK,07/07/2024 15:00,80,THAI,Premium Economy,375,215,N/A,446,Y,Y,Y,1,7,1,35
Wattay International Airport,VTE,07/07/2024 20:30,Suvarnabhumi Airport,BKK,07/07/2024 21:55,85,THAI,Premium Economy,740,580,TRUE,446,Y,Y,Y,1,7,1,35
Wattay International Airport,VTE,07/07/2024 13:40,Suvarnabhumi Airport,BKK,07/07/2024 15:00,80,THAI,Premium Economy,295,140,N/A,606,Y,Y,Y,1,7,1,35
Wattay International Airport,VTE,07/07/2024 20:30,Suvarnabhumi Airport,BKK,07/07/2024 21:55,85,THAI,Premium Economy,780,620,TRUE,606,Y,Y,Y,1,7,1,35
Wattay International Airport,VTE,08/07/2024 20:30,Suvarnabhumi Airport,BKK,08/07/2024 21:55,85,THAI,Premium Economy,740,580,TRUE,446,Y,Y,Y,1,7,1,35
Wattay International Airport,VTE,08/07/2024 13:40,Suvarnabhumi Airport,BKK,08/07/2024 15:00,80,THAI,Premium Economy,295,140,N/A,606,Y,Y,Y,1,7,1,35
Wattay International Airport,VTE,08/07/2024 20:30,Suvarnabhumi Airport,BKK,08/07/2024 21:55,85,THAI,Premium Economy,780,620,TRUE,606,Y,Y,Y,1,7,1,35
Wattay International Airport,VTE,09/07/2024 13:40,Suvarnabhumi Airport,BKK,09/07/2024 15:00,80,THAI,Premium Economy,375,215,N/A,446,Y,Y,Y,1,7,1,35
Wattay International Airport,VTE,09/07/2024 20:30,Suvarnabhumi Airport,BKK,09/07/2024 21:55,85,THAI,Premium Economy,740,580,TRUE,446,Y,Y,Y,1,7,1,35
Wattay International Airport,VTE,09/07/2024 13:40,Suvarnabhumi Airport,BKK,09/07/2024 15:00,80,THAI,Premium Economy,295,140,N/A,606,Y,Y,Y,1,7,1,35
Wattay International Airport,VTE,09/07/2024 20:30,Suvarnabhumi Airport,BKK,09/07/2024 21:55,85,THAI,Premium Economy,780,620,TRUE,606,Y,Y,Y,1,7,1,35
Wattay International Airport,VTE,10/07/2024 13:40,Suvarnabhumi Airport,BKK,10/07/2024 15:00,80,THAI,Premium Economy,375,215,N/A,446,Y,Y,Y,1,7,1,35
Wattay International Airport,VTE,10/07/2024 20:30,Suvarnabhumi Airport,BKK,10/07/2024 21:55,85,THAI,Premium Economy,740,580,TRUE,446,Y,Y,Y,1,7,1,35
Wattay International Airport,VTE,10/07/2024 13:40,Suvarnabhumi Airport,BKK,10/07/2024 15:00,80,THAI,Premium Economy,295,140,N/A,606,Y,Y,Y,1,7,1,35
Wattay International Airport,VTE,10/07/2024 20:30,Suvarnabhumi Airport,BKK,10/07/2024 21:55,85,THAI,Premium Economy,780,620,TRUE,606,Y,Y,Y,1,7,1,35
Wattay International Airport,VTE,11/07/2024 13:40,Suvarnabhumi Airport,BKK,11/07/2024 15:00,80,THAI,Premium Economy,375,215,N/A,446,Y,Y,Y,1,7,1,35
Wattay International Airport,VTE,11/07/2024 20:30,Suvarnabhumi Airport,BKK,11/07/2024 21:55,85,THAI,Premium Economy,740,580,TRUE,446,Y,Y,Y,1,7,1,35
Wattay International Airport,VTE,11/07/2024 13:40,Suvarnabhumi Airport,BKK,11/07/2024 15:00,80,THAI,Premium Economy,295,140,N/A,606,Y,Y,Y,1,7,1,35
Wattay International Airport,VTE,11/07/2024 20:30,Suvarnabhumi Airport,BKK,11/07/2024 21:55,85,THAI,Premium Economy,780,620,TRUE,606,Y,Y,Y,1,7,1,35
Wattay International Airport,VTE,12/07/2024 13:40,Suvarnabhumi Airport,BKK,12/07/2024 15:00,80,THAI,Premium Economy,375,215,N/A,446,Y,Y,Y,1,7,1,35
Wattay International Airport,VTE,12/07/2024 20:30,Suvarnabhumi Airport,BKK,12/07/2024 21:55,85,THAI,Premium Economy,740,580,TRUE,446,Y,Y,Y,1,7,1,35
Wattay International Airport,VTE,12/07/2024 13:40,Suvarnabhumi Airport,BKK,12/07/2024 15:00,80,THAI,Premium Economy,295,140,N/A,606,Y,Y,Y,1,7,1,35
Wattay International Airport,VTE,12/07/2024 20:30,Suvarnabhumi Airport,BKK,12/07/2024 21:55,85,THAI,Premium Economy,780,620,TRUE,606,Y,Y,Y,1,7,1,35
Wattay International Airport,VTE,13/07/2024 13:40,Suvarnabhumi Airport,BKK,13/07/2024 15:00,80,THAI,Premium Economy,375,215,N/A,446,Y,Y,Y,1,7,1,35
Wattay International Airport,VTE,13/07/2024 20:30,Suvarnabhumi Airport,BKK,13/07/2024 21:55,85,THAI,Premium Economy,740,580,TRUE,446,Y,Y,Y,1,7,1,35
Wattay International Airport,VTE,13/07/2024 20:30,Suvarnabhumi Airport,BKK,13/07/2024 21:55,85,THAI,Premium Economy,780,620,TRUE,606,Y,Y,Y,1,7,1,35
Wattay International Airport,VTE,14/07/2024 13:40,Suvarnabhumi Airport,BKK,14/07/2024 15:00,80,THAI,Premium Economy,375,215,N/A,446,Y,Y,Y,1,7,1,35
Wattay International Airport,VTE,14/07/2024 20:30,Suvarnabhumi Airport,BKK,14/07/2024 21:55,85,THAI,Premium Economy,740,580,TRUE,446,Y,Y,Y,1,7,1,35
Wattay International Airport,VTE,14/07/2024 13:40,Suvarnabhumi Airport,BKK,14/07/2024 15:00,80,THAI,Premium Economy,295,140,N/A,606,Y,Y,Y,1,7,1,35
Wattay International Airport,VTE,14/07/2024 20:30,Suvarnabhumi Airport,BKK,14/07/2024 21:55,85,THAI,Premium Economy,780,620,TRUE,606,Y,Y,Y,1,7,1,35
Wattay International Airport,VTE,15/07/2024 13:40,Suvarnabhumi Airport,BKK,15/07/2024 15:00,80,THAI,Premium Economy,375,215,N/A,446,Y,Y,Y,1,7,1,35
Wattay International Airport,VTE,15/07/2024 20:30,Suvarnabhumi Airport,BKK,15/07/2024 21:55,85,THAI,Premium Economy,740,580,TRUE,446,Y,Y,Y,1,7,1,35
Wattay International Airport,VTE,15/07/2024 13:40,Suvarnabhumi Airport,BKK,15/07/2024 15:00,80,THAI,Premium Economy,295,140,N/A,606,Y,Y,Y,1,7,1,35
Wattay International Airport,VTE,15/07/2024 20:30,Suvarnabhumi Airport,BKK,15/07/2024 21:55,85,THAI,Premium Economy,780,620,TRUE,606,Y,Y,Y,1,7,1,35
Wattay International Airport,VTE,16/07/2024 13:40,Suvarnabhumi Airport,BKK,16/07/2024 15:00,80,THAI,Premium Economy,375,215,N/A,446,Y,Y,Y,1,7,1,35
Wattay International Airport,VTE,16/07/2024 20:30,Suvarnabhumi Airport,BKK,16/07/2024 21:55,85,THAI,Premium Economy,740,580,TRUE,446,Y,Y,Y,1,7,1,35
Wattay International Airport,VTE,16/07/2024 13:40,Suvarnabhumi Airport,BKK,16/07/2024 15:00,80,THAI,Premium Economy,295,150,N/A,606,Y,Y,Y,1,7,1,35
Wattay International Airport,VTE,16/07/2024 20:30,Suvarnabhumi Airport,BKK,16/07/2024 21:55,85,THAI,Premium Economy,780,620,TRUE,606,Y,Y,Y,1,7,1,35
Wattay International Airport,VTE,17/07/2024 13:40,Suvarnabhumi Airport,BKK,17/07/2024 15:00,80,THAI,Premium Economy,375,215,N/A,446,Y,Y,Y,1,7,1,35
Wattay International Airport,VTE,17/07/2024 20:30,Suvarnabhumi Airport,BKK,17/07/2024 21:55,85,THAI,Premium Economy,740,580,TRUE,446,Y,Y,Y,1,7,1,35
Wattay International Airport,VTE,17/07/2024 13:40,Suvarnabhumi Airport,BKK,17/07/2024 15:00,80,THAI,Premium Economy,295,140,N/A,606,Y,Y,Y,1,7,1,35
Wattay International Airport,VTE,17/07/2024 20:30,Suvarnabhumi Airport,BKK,17/07/2024 21:55,85,THAI,Premium Economy,780,620,TRUE,606,Y,Y,Y,1,7,1,35
Wattay International Airport,VTE,18/07/2024 13:40,Suvarnabhumi Airport,BKK,18/07/2024 15:00,80,THAI,Premium Economy,375,215,N/A,446,Y,Y,Y,1,7,1,35
Wattay International Airport,VTE,18/07/2024 20:30,Suvarnabhumi Airport,BKK,18/07/2024 21:55,85,THAI,Premium Economy,740,580,TRUE,446,Y,Y,Y,1,7,1,35
Wattay International Airport,VTE,18/07/2024 13:40,Suvarnabhumi Airport,BKK,18/07/2024 15:00,80,THAI,Premium Economy,295,140,N/A,606,Y,Y,Y,1,7,1,35
Wattay International Airport,VTE,18/07/2024 20:30,Suvarnabhumi Airport,BKK,18/07/2024 21:55,85,THAI,Premium Economy,780,620,TRUE,606,Y,Y,Y,1,7,1,35
Wattay International Airport,VTE,19/07/2024 13:40,Suvarnabhumi Airport,BKK,19/07/2024 15:00,80,THAI,Premium Economy,375,215,N/A,446,Y,Y,Y,1,7,1,35
Wattay International Airport,VTE,19/07/2024 20:30,Suvarnabhumi Airport,BKK,19/07/2024 21:55,85,THAI,Premium Economy,740,580,TRUE,446,Y,Y,Y,1,7,1,35
Wattay International Airport,VTE,19/07/2024 13:40,Suvarnabhumi Airport,BKK,19/07/2024 15:00,80,THAI,Premium Economy,295,140,N/A,606,Y,Y,Y,1,7,1,35
Wattay International Airport,VTE,19/07/2024 20:30,Suvarnabhumi Airport,BKK,19/07/2024 21:55,85,THAI,Premium Economy,780,620,TRUE,606,Y,Y,Y,1,7,1,35
Wattay International Airport,VTE,20/07/2024 13:40,Suvarnabhumi Airport,BKK,20/07/2024 15:00,80,THAI,Premium Economy,375,215,N/A,446,Y,Y,Y,1,7,1,35
Wattay International Airport,VTE,20/07/2024 20:30,Suvarnabhumi Airport,BKK,20/07/2024 21:55,85,THAI,Premium Economy,740,580,TRUE,446,Y,Y,Y,1,7,1,35
Wattay International Airport,VTE,20/07/2024 13:40,Suvarnabhumi Airport,BKK,20/07/2024 15:00,80,THAI,Premium Economy,295,140,N/A,606,Y,Y,Y,1,7,1,35
Wattay International Airport,VTE,20/07/2024 20:30,Suvarnabhumi Airport,BKK,20/07/2024 21:55,85,THAI,Premium Economy,780,620,TRUE,606,Y,Y,Y,1,7,1,35
Wattay International Airport,VTE,21/07/2024 13:40,Suvarnabhumi Airport,BKK,21/07/2024 15:00,80,THAI,Premium Economy,375,215,N/A,446,Y,Y,Y,1,7,1,35
Wattay International Airport,VTE,21/07/2024 20:30,Suvarnabhumi Airport,BKK,21/07/2024 21:55,85,THAI,Premium Economy,740,580,TRUE,446,Y,Y,Y,1,7,1,35
Wattay International Airport,VTE,21/07/2024 13:40,Suvarnabhumi Airport,BKK,21/07/2024 15:00,80,THAI,Premium Economy,295,140,N/A,606,Y,Y,Y,1,7,1,35
Wattay International Airport,VTE,21/07/2024 20:30,Suvarnabhumi Airport,BKK,21/07/2024 21:55,85,THAI,Premium Economy,780,620,TRUE,606,Y,Y,Y,1,7,1,35
Wattay International Airport,VTE,22/07/2024 13:40,Suvarnabhumi Airport,BKK,22/07/2024 15:00,80,THAI,Premium Economy,375,215,N/A,446,Y,Y,Y,1,7,1,35
Wattay International Airport,VTE,22/07/2024 20:30,Suvarnabhumi Airport,BKK,22/07/2024 21:55,85,THAI,Premium Economy,740,580,TRUE,446,Y,Y,Y,1,7,1,35
Wattay International Airport,VTE,22/07/2024 13:40,Suvarnabhumi Airport,BKK,22/07/2024 15:00,80,THAI,Premium Economy,295,140,N/A,606,Y,Y,Y,1,7,1,35
Wattay International Airport,VTE,22/07/2024 20:30,Suvarnabhumi Airport,BKK,22/07/2024 21:55,85,THAI,Premium Economy,780,620,TRUE,606,Y,Y,Y,1,7,1,35
Wattay International Airport,VTE,23/07/2024 13:40,Suvarnabhumi Airport,BKK,23/07/2024 15:00,80,THAI,Premium Economy,375,215,N/A,446,Y,Y,Y,1,7,1,35
Wattay International Airport,VTE,23/07/2024 20:30,Suvarnabhumi Airport,BKK,23/07/2024 21:55,85,THAI,Premium Economy,740,580,TRUE,446,Y,Y,Y,1,7,1,35
Wattay International Airport,VTE,23/07/2024 13:40,Suvarnabhumi Airport,BKK,23/07/2024 15:00,80,THAI,Premium Economy,295,140,N/A,606,Y,Y,Y,1,7,1,35
Wattay International Airport,VTE,23/07/2024 20:30,Suvarnabhumi Airport,BKK,23/07/2024 21:55,85,THAI,Premium Economy,780,620,TRUE,606,Y,Y,Y,1,7,1,35
Wattay International Airport,VTE,24/07/2024 13:40,Suvarnabhumi Airport,BKK,24/07/2024 15:00,80,THAI,Premium Economy,375,215,N/A,446,Y,Y,Y,1,7,1,35
Wattay International Airport,VTE,24/07/2024 20:30,Suvarnabhumi Airport,BKK,24/07/2024 21:55,85,THAI,Premium Economy,740,580,TRUE,446,Y,Y,Y,1,7,1,35
Wattay International Airport,VTE,24/07/2024 13:40,Suvarnabhumi Airport,BKK,24/07/2024 15:00,80,THAI,Premium Economy,315,170,N/A,606,Y,Y,Y,1,7,1,35
Wattay International Airport,VTE,24/07/2024 20:30,Suvarnabhumi Airport,BKK,24/07/2024 21:55,85,THAI,Premium Economy,780,620,TRUE,606,Y,Y,Y,1,7,1,35
Wattay International Airport,VTE,25/07/2024 13:40,Suvarnabhumi Airport,BKK,25/07/2024 15:00,80,THAI,Premium Economy,375,215,N/A,446,Y,Y,Y,1,7,1,35
Wattay International Airport,VTE,25/07/2024 13:40,Suvarnabhumi Airport,BKK,25/07/2024 15:00,80,THAI,Premium Economy,295,140,N/A,606,Y,Y,Y,1,7,1,35
Wattay International Airport,VTE,26/07/2024 13:40,Suvarnabhumi Airport,BKK,26/07/2024 15:00,80,THAI,Premium Economy,375,215,N/A,446,Y,Y,Y,1,7,1,35
Wattay International Airport,VTE,26/07/2024 20:30,Suvarnabhumi Airport,BKK,26/07/2024 21:55,85,THAI,Premium Economy,740,580,TRUE,446,Y,Y,Y,1,7,1,35
Wattay International Airport,VTE,26/07/2024 13:40,Suvarnabhumi Airport,BKK,26/07/2024 15:00,80,THAI,Premium Economy,315,170,N/A,606,Y,Y,Y,1,7,1,35
Wattay International Airport,VTE,26/07/2024 20:30,Suvarnabhumi Airport,BKK,26/07/2024 21:55,85,THAI,Premium Economy,780,620,TRUE,606,Y,Y,Y,1,7,1,35
Wattay International Airport,VTE,27/07/2024 13:40,Suvarnabhumi Airport,BKK,27/07/2024 15:00,80,THAI,Premium Economy,375,215,N/A,446,Y,Y,Y,1,7,1,35
Wattay International Airport,VTE,27/07/2024 13:40,Suvarnabhumi Airport,BKK,27/07/2024 15:00,80,THAI,Premium Economy,295,140,N/A,606,Y,Y,Y,1,7,1,35
Wattay International Airport,VTE,28/07/2024 13:40,Suvarnabhumi Airport,BKK,28/07/2024 15:00,80,THAI,Premium Economy,375,215,N/A,446,Y,Y,Y,1,7,1,35
Wattay International Airport,VTE,28/07/2024 20:30,Suvarnabhumi Airport,BKK,28/07/2024 21:55,85,THAI,Premium Economy,740,580,TRUE,446,Y,Y,Y,1,7,1,35
Wattay International Airport,VTE,28/07/2024 13:40,Suvarnabhumi Airport,BKK,28/07/2024 15:00,80,THAI,Premium Economy,295,140,N/A,606,Y,Y,Y,1,7,1,35
Wattay International Airport,VTE,28/07/2024 20:30,Suvarnabhumi Airport,BKK,28/07/2024 21:55,85,THAI,Premium Economy,780,620,TRUE,606,Y,Y,Y,1,7,1,35
Wattay International Airport,VTE,29/07/2024 13:40,Suvarnabhumi Airport,BKK,29/07/2024 15:00,80,THAI,Premium Economy,375,215,N/A,446,Y,Y,Y,1,7,1,35
Wattay International Airport,VTE,29/07/2024 20:30,Suvarnabhumi Airport,BKK,29/07/2024 21:55,85,THAI,Premium Economy,740,580,TRUE,446,Y,Y,Y,1,7,1,35
Wattay International Airport,VTE,29/07/2024 13:40,Suvarnabhumi Airport,BKK,29/07/2024 15:00,80,THAI,Premium Economy,295,140,N/A,606,Y,Y,Y,1,7,1,35
Wattay International Airport,VTE,29/07/2024 20:30,Suvarnabhumi Airport,BKK,29/07/2024 21:55,85,THAI,Premium Economy,780,620,TRUE,606,Y,Y,Y,1,7,1,35
Wattay International Airport,VTE,30/07/2024 13:40,Suvarnabhumi Airport,BKK,30/07/2024 15:00,80,THAI,Premium Economy,375,215,N/A,446,Y,Y,Y,1,7,1,35
Wattay International Airport,VTE,30/07/2024 20:30,Suvarnabhumi Airport,BKK,30/07/2024 21:55,85,THAI,Premium Economy,740,580,TRUE,446,Y,Y,Y,1,7,1,35
Wattay International Airport,VTE,30/07/2024 13:40,Suvarnabhumi Airport,BKK,30/07/2024 15:00,80,THAI,Premium Economy,295,140,N/A,606,Y,Y,Y,1,7,1,35
Wattay International Airport,VTE,30/07/2024 20:30,Suvarnabhumi Airport,BKK,30/07/2024 21:55,85,THAI,Premium Economy,780,620,TRUE,606,Y,Y,Y,1,7,1,35
Wattay International Airport,VTE,31/07/2024 13:40,Suvarnabhumi Airport,BKK,31/07/2024 15:00,80,THAI,Premium Economy,375,215,N/A,443,Y,Y,Y,1,7,1,35
Wattay International Airport,VTE,31/07/2024 20:30,Suvarnabhumi Airport,BKK,31/07/2024 21:55,85,THAI,Premium Economy,740,580,TRUE,443,Y,Y,Y,1,7,1,35
Wattay International Airport,VTE,31/07/2024 13:40,Suvarnabhumi Airport,BKK,31/07/2024 15:00,80,THAI,Premium Economy,295,140,N/A,606,Y,Y,Y,1,7,1,35
Wattay International Airport,VTE,31/07/2024 20:30,Suvarnabhumi Airport,BKK,31/07/2024 21:55,85,THAI,Premium Economy,780,620,TRUE,606,Y,Y,Y,1,7,1,35
Wattay International Airport,VTE,01/08/2024 13:30,Suvarnabhumi Airport,BKK,01/08/2024 14:50,80,THAI,Premium Economy,385,225,N/A,500,Y,Y,Y,1,7,1,35
Wattay International Airport,VTE,01/08/2024 20:30,Suvarnabhumi Airport,BKK,01/08/2024 21:55,85,THAI,Premium Economy,740,580,TRUE,500,Y,Y,Y,1,7,1,35
Wattay International Airport,VTE,01/08/2024 13:30,Suvarnabhumi Airport,BKK,01/08/2024 14:50,80,THAI,Premium Economy,305,150,N/A,607,Y,Y,Y,1,7,1,35
Wattay International Airport,VTE,01/08/2024 20:30,Suvarnabhumi Airport,BKK,01/08/2024 21:55,85,THAI,Premium Economy,780,620,TRUE,607,Y,Y,Y,1,7,1,35
Wattay International Airport,VTE,02/08/2024 13:30,Suvarnabhumi Airport,BKK,02/08/2024 14:50,80,THAI,Premium Economy,385,225,N/A,500,Y,Y,Y,1,7,1,35
Wattay International Airport,VTE,02/08/2024 20:30,Suvarnabhumi Airport,BKK,02/08/2024 21:55,85,THAI,Premium Economy,740,580,TRUE,500,Y,Y,Y,1,7,1,35
Wattay International Airport,VTE,02/08/2024 13:30,Suvarnabhumi Airport,BKK,02/08/2024 14:50,80,THAI,Premium Economy,305,150,N/A,607,Y,Y,Y,1,7,1,35
Wattay International Airport,VTE,02/08/2024 20:30,Suvarnabhumi Airport,BKK,02/08/2024 21:55,85,THAI,Premium Economy,780,620,TRUE,607,Y,Y,Y,1,7,1,35
Wattay International Airport,VTE,03/08/2024 13:30,Suvarnabhumi Airport,BKK,03/08/2024 14:50,80,THAI,Premium Economy,385,225,N/A,500,Y,Y,Y,1,7,1,35
Wattay International Airport,VTE,03/08/2024 20:30,Suvarnabhumi Airport,BKK,03/08/2024 21:55,85,THAI,Premium Economy,740,580,TRUE,500,Y,Y,Y,1,7,1,35
Wattay International Airport,VTE,03/08/2024 13:30,Suvarnabhumi Airport,BKK,03/08/2024 14:50,80,THAI,Premium Economy,305,150,N/A,607,Y,Y,Y,1,7,1,35
Wattay International Airport,VTE,03/08/2024 20:30,Suvarnabhumi Airport,BKK,03/08/2024 21:55,85,THAI,Premium Economy,780,620,TRUE,607,Y,Y,Y,1,7,1,35
Wattay International Airport,VTE,04/08/2024 13:30,Suvarnabhumi Airport,BKK,04/08/2024 14:50,80,THAI,Premium Economy,385,225,N/A,500,Y,Y,Y,1,7,1,35
Wattay International Airport,VTE,04/08/2024 20:30,Suvarnabhumi Airport,BKK,04/08/2024 21:55,85,THAI,Premium Economy,740,580,TRUE,500,Y,Y,Y,1,7,1,35
Wattay International Airport,VTE,04/08/2024 13:30,Suvarnabhumi Airport,BKK,04/08/2024 14:50,80,THAI,Premium Economy,305,150,N/A,607,Y,Y,Y,1,7,1,35
Wattay International Airport,VTE,04/08/2024 20:30,Suvarnabhumi Airport,BKK,04/08/2024 21:55,85,THAI,Premium Economy,780,620,TRUE,607,Y,Y,Y,1,7,1,35
Wattay International Airport,VTE,05/08/2024 13:30,Suvarnabhumi Airport,BKK,05/08/2024 14:50,80,THAI,Premium Economy,385,225,N/A,500,Y,Y,Y,1,7,1,35
Wattay International Airport,VTE,05/08/2024 20:30,Suvarnabhumi Airport,BKK,05/08/2024 21:55,85,THAI,Premium Economy,740,580,TRUE,500,Y,Y,Y,1,7,1,35
Wattay International Airport,VTE,05/08/2024 13:30,Suvarnabhumi Airport,BKK,05/08/2024 14:50,80,THAI,Premium Economy,305,150,N/A,607,Y,Y,Y,1,7,1,35
Wattay International Airport,VTE,05/08/2024 20:30,Suvarnabhumi Airport,BKK,05/08/2024 21:55,85,THAI,Premium Economy,780,620,TRUE,607,Y,Y,Y,1,7,1,35
Wattay International Airport,VTE,06/08/2024 13:30,Suvarnabhumi Airport,BKK,06/08/2024 14:50,80,THAI,Premium Economy,385,225,N/A,500,Y,Y,Y,1,7,1,35
Wattay International Airport,VTE,06/08/2024 20:30,Suvarnabhumi Airport,BKK,06/08/2024 21:55,85,THAI,Premium Economy,740,580,TRUE,500,Y,Y,Y,1,7,1,35
Wattay International Airport,VTE,06/08/2024 13:30,Suvarnabhumi Airport,BKK,06/08/2024 14:50,80,THAI,Premium Economy,305,150,N/A,607,Y,Y,Y,1,7,1,35
Wattay International Airport,VTE,06/08/2024 20:30,Suvarnabhumi Airport,BKK,06/08/2024 21:55,85,THAI,Premium Economy,780,620,TRUE,607,Y,Y,Y,1,7,1,35
Wattay International Airport,VTE,07/08/2024 13:30,Suvarnabhumi Airport,BKK,07/08/2024 14:50,80,THAI,Premium Economy,385,225,N/A,500,Y,Y,Y,1,7,1,35
Wattay International Airport,VTE,07/08/2024 20:30,Suvarnabhumi Airport,BKK,07/08/2024 21:55,85,THAI,Premium Economy,740,580,TRUE,500,Y,Y,Y,1,7,1,35
Wattay International Airport,VTE,07/08/2024 13:30,Suvarnabhumi Airport,BKK,07/08/2024 14:50,80,THAI,Premium Economy,305,150,N/A,607,Y,Y,Y,1,7,1,35
Wattay International Airport,VTE,07/08/2024 20:30,Suvarnabhumi Airport,BKK,07/08/2024 21:55,85,THAI,Premium Economy,780,620,TRUE,607,Y,Y,Y,1,7,1,35
Wattay International Airport,VTE,08/08/2024 13:30,Suvarnabhumi Airport,BKK,08/08/2024 14:50,80,THAI,Premium Economy,385,225,N/A,500,Y,Y,Y,1,7,1,35
Wattay International Airport,VTE,08/08/2024 20:30,Suvarnabhumi Airport,BKK,08/08/2024 21:55,85,THAI,Premium Economy,1405,1240,TRUE,521,Y,Y,Y,1,7,1,35
Wattay International Airport,VTE,08/08/2024 13:30,Suvarnabhumi Airport,BKK,08/08/2024 14:50,80,THAI,Premium Economy,305,150,N/A,607,Y,Y,Y,1,7,1,35
Wattay International Airport,VTE,08/08/2024 20:30,Suvarnabhumi Airport,BKK,08/08/2024 21:55,85,THAI,Premium Economy,780,620,TRUE,607,Y,Y,Y,1,7,1,35
Wattay International Airport,VTE,09/08/2024 13:30,Suvarnabhumi Airport,BKK,09/08/2024 14:50,80,THAI,Premium Economy,385,225,N/A,500,Y,Y,Y,1,7,1,35
Wattay International Airport,VTE,09/08/2024 20:30,Suvarnabhumi Airport,BKK,09/08/2024 21:55,85,THAI,Premium Economy,740,580,TRUE,500,Y,Y,Y,1,7,1,35
Wattay International Airport,VTE,09/08/2024 13:30,Suvarnabhumi Airport,BKK,09/08/2024 14:50,80,THAI,Premium Economy,305,150,N/A,607,Y,Y,Y,1,7,1,35
Wattay International Airport,VTE,09/08/2024 20:30,Suvarnabhumi Airport,BKK,09/08/2024 21:55,85,THAI,Premium Economy,780,620,TRUE,607,Y,Y,Y,1,7,1,35
Wattay International Airport,VTE,10/08/2024 13:30,Suvarnabhumi Airport,BKK,10/08/2024 14:50,80,THAI,Premium Economy,385,225,N/A,500,Y,Y,Y,1,7,1,35
Wattay International Airport,VTE,10/08/2024 20:30,Suvarnabhumi Airport,BKK,10/08/2024 21:55,85,THAI,Premium Economy,740,580,TRUE,500,Y,Y,Y,1,7,1,35
Wattay International Airport,VTE,10/08/2024 13:30,Suvarnabhumi Airport,BKK,10/08/2024 14:50,80,THAI,Premium Economy,305,150,N/A,607,Y,Y,Y,1,7,1,35
Wattay International Airport,VTE,10/08/2024 20:30,Suvarnabhumi Airport,BKK,10/08/2024 21:55,85,THAI,Premium Economy,780,620,TRUE,607,Y,Y,Y,1,7,1,35
Wattay International Airport,VTE,11/08/2024 13:30,Suvarnabhumi Airport,BKK,11/08/2024 14:50,80,THAI,Premium Economy,385,225,N/A,500,Y,Y,Y,1,7,1,35
Wattay International Airport,VTE,11/08/2024 20:30,Suvarnabhumi Airport,BKK,11/08/2024 21:55,85,THAI,Premium Economy,740,580,TRUE,500,Y,Y,Y,1,7,1,35
Wattay International Airport,VTE,11/08/2024 13:30,Suvarnabhumi Airport,BKK,11/08/2024 14:50,80,THAI,Premium Economy,305,150,N/A,607,Y,Y,Y,1,7,1,35
Wattay International Airport,VTE,11/08/2024 20:30,Suvarnabhumi Airport,BKK,11/08/2024 21:55,85,THAI,Premium Economy,780,620,TRUE,607,Y,Y,Y,1,7,1,35
Wattay International Airport,VTE,12/08/2024 13:30,Suvarnabhumi Airport,BKK,12/08/2024 14:50,80,THAI,Premium Economy,385,225,N/A,500,Y,Y,Y,1,7,1,35
Wattay International Airport,VTE,12/08/2024 20:30,Suvarnabhumi Airport,BKK,12/08/2024 21:55,85,THAI,Premium Economy,740,580,TRUE,500,Y,Y,Y,1,7,1,35
Wattay International Airport,VTE,12/08/2024 13:30,Suvarnabhumi Airport,BKK,12/08/2024 14:50,80,THAI,Premium Economy,305,150,N/A,607,Y,Y,Y,1,7,1,35
Wattay International Airport,VTE,12/08/2024 20:30,Suvarnabhumi Airport,BKK,12/08/2024 21:55,85,THAI,Premium Economy,780,620,TRUE,607,Y,Y,Y,1,7,1,35
Wattay International Airport,VTE,13/08/2024 13:30,Suvarnabhumi Airport,BKK,13/08/2024 14:50,80,THAI,Premium Economy,385,225,N/A,500,Y,Y,Y,1,7,1,35
Wattay International Airport,VTE,13/08/2024 20:30,Suvarnabhumi Airport,BKK,13/08/2024 21:55,85,THAI,Premium Economy,740,580,TRUE,500,Y,Y,Y,1,7,1,35
Wattay International Airport,VTE,13/08/2024 13:30,Suvarnabhumi Airport,BKK,13/08/2024 14:50,80,THAI,Premium Economy,305,150,N/A,607,Y,Y,Y,1,7,1,35
Wattay International Airport,VTE,13/08/2024 20:30,Suvarnabhumi Airport,BKK,13/08/2024 21:55,85,THAI,Premium Economy,780,620,TRUE,607,Y,Y,Y,1,7,1,35
Wattay International Airport,VTE,14/08/2024 13:30,Suvarnabhumi Airport,BKK,14/08/2024 14:50,80,THAI,Premium Economy,385,225,N/A,500,Y,Y,Y,1,7,1,35
Wattay International Airport,VTE,14/08/2024 20:30,Suvarnabhumi Airport,BKK,14/08/2024 21:55,85,THAI,Premium Economy,740,580,TRUE,500,Y,Y,Y,1,7,1,35
Wattay International Airport,VTE,14/08/2024 13:30,Suvarnabhumi Airport,BKK,14/08/2024 14:50,80,THAI,Premium Economy,305,150,N/A,607,Y,Y,Y,1,7,1,35
Wattay International Airport,VTE,14/08/2024 20:30,Suvarnabhumi Airport,BKK,14/08/2024 21:55,85,THAI,Premium Economy,780,620,TRUE,607,Y,Y,Y,1,7,1,35
Wattay International Airport,VTE,15/08/2024 20:30,Suvarnabhumi Airport,BKK,15/08/2024 21:55,85,THAI,Premium Economy,740,580,TRUE,500,Y,Y,Y,1,7,1,35
Wattay International Airport,VTE,15/08/2024 13:30,Suvarnabhumi Airport,BKK,15/08/2024 14:50,80,THAI,Premium Economy,305,150,N/A,607,Y,Y,Y,1,7,1,35
Wattay International Airport,VTE,15/08/2024 20:30,Suvarnabhumi Airport,BKK,15/08/2024 21:55,85,THAI,Premium Economy,780,620,TRUE,607,Y,Y,Y,1,7,1,35
Wattay International Airport,VTE,16/08/2024 13:30,Suvarnabhumi Airport,BKK,16/08/2024 14:50,80,THAI,Premium Economy,385,225,N/A,500,Y,Y,Y,1,7,1,35
Wattay International Airport,VTE,16/08/2024 20:30,Suvarnabhumi Airport,BKK,16/08/2024 21:55,85,THAI,Premium Economy,740,580,TRUE,500,Y,Y,Y,1,7,1,35
Wattay International Airport,VTE,16/08/2024 13:30,Suvarnabhumi Airport,BKK,16/08/2024 14:50,80,THAI,Premium Economy,305,150,N/A,607,Y,Y,Y,1,7,1,35
Wattay International Airport,VTE,16/08/2024 20:30,Suvarnabhumi Airport,BKK,16/08/2024 21:55,85,THAI,Premium Economy,780,620,TRUE,607,Y,Y,Y,1,7,1,35
Wattay International Airport,VTE,17/08/2024 13:30,Suvarnabhumi Airport,BKK,17/08/2024 14:50,80,THAI,Premium Economy,385,225,N/A,500,Y,Y,Y,1,7,1,35
Wattay International Airport,VTE,17/08/2024 20:30,Suvarnabhumi Airport,BKK,17/08/2024 21:55,85,THAI,Premium Economy,740,580,TRUE,500,Y,Y,Y,1,7,1,35
Wattay International Airport,VTE,17/08/2024 13:30,Suvarnabhumi Airport,BKK,17/08/2024 14:50,80,THAI,Premium Economy,305,150,N/A,607,Y,Y,Y,1,7,1,35
Wattay International Airport,VTE,17/08/2024 20:30,Suvarnabhumi Airport,BKK,17/08/2024 21:55,85,THAI,Premium Economy,780,620,TRUE,607,Y,Y,Y,1,7,1,35
Wattay International Airport,VTE,18/08/2024 13:30,Suvarnabhumi Airport,BKK,18/08/2024 14:50,80,THAI,Premium Economy,385,225,N/A,500,Y,Y,Y,1,7,1,35
Wattay International Airport,VTE,18/08/2024 20:30,Suvarnabhumi Airport,BKK,18/08/2024 21:55,85,THAI,Premium Economy,740,580,TRUE,500,Y,Y,Y,1,7,1,35
Wattay International Airport,VTE,18/08/2024 13:30,Suvarnabhumi Airport,BKK,18/08/2024 14:50,80,THAI,Premium Economy,305,150,N/A,607,Y,Y,Y,1,7,1,35
Wattay International Airport,VTE,18/08/2024 20:30,Suvarnabhumi Airport,BKK,18/08/2024 21:55,85,THAI,Premium Economy,780,620,TRUE,607,Y,Y,Y,1,7,1,35
Wattay International Airport,VTE,19/08/2024 13:30,Suvarnabhumi Airport,BKK,19/08/2024 14:50,80,THAI,Premium Economy,385,225,N/A,500,Y,Y,Y,1,7,1,35
Wattay International Airport,VTE,19/08/2024 20:30,Suvarnabhumi Airport,BKK,19/08/2024 21:55,85,THAI,Premium Economy,740,580,TRUE,500,Y,Y,Y,1,7,1,35
Wattay International Airport,VTE,19/08/2024 13:30,Suvarnabhumi Airport,BKK,19/08/2024 14:50,80,THAI,Premium Economy,305,150,N/A,607,Y,Y,Y,1,7,1,35
Wattay International Airport,VTE,19/08/2024 20:30,Suvarnabhumi Airport,BKK,19/08/2024 21:55,85,THAI,Premium Economy,780,620,TRUE,607,Y,Y,Y,1,7,1,35
Wattay International Airport,VTE,20/08/2024 20:30,Suvarnabhumi Airport,BKK,20/08/2024 21:55,85,THAI,Premium Economy,740,580,TRUE,500,Y,Y,Y,1,7,1,35
Wattay International Airport,VTE,20/08/2024 13:30,Suvarnabhumi Airport,BKK,20/08/2024 14:50,80,THAI,Premium Economy,330,180,N/A,607,Y,Y,Y,1,7,1,35
Wattay International Airport,VTE,20/08/2024 20:30,Suvarnabhumi Airport,BKK,20/08/2024 21:55,85,THAI,Premium Economy,780,620,TRUE,607,Y,Y,Y,1,7,1,35
Wattay International Airport,VTE,21/08/2024 13:30,Suvarnabhumi Airport,BKK,21/08/2024 14:50,80,THAI,Premium Economy,385,225,N/A,500,Y,Y,Y,1,7,1,35
Wattay International Airport,VTE,21/08/2024 20:30,Suvarnabhumi Airport,BKK,21/08/2024 21:55,85,THAI,Premium Economy,740,580,TRUE,500,Y,Y,Y,1,7,1,35
Wattay International Airport,VTE,21/08/2024 13:30,Suvarnabhumi Airport,BKK,21/08/2024 14:50,80,THAI,Premium Economy,305,150,N/A,607,Y,Y,Y,1,7,1,35
Wattay International Airport,VTE,21/08/2024 20:30,Suvarnabhumi Airport,BKK,21/08/2024 21:55,85,THAI,Premium Economy,780,620,TRUE,607,Y,Y,Y,1,7,1,35
Wattay International Airport,VTE,22/08/2024 13:30,Suvarnabhumi Airport,BKK,22/08/2024 14:50,80,THAI,Premium Economy,385,225,N/A,500,Y,Y,Y,1,7,1,35
Wattay International Airport,VTE,22/08/2024 20:30,Suvarnabhumi Airport,BKK,22/08/2024 21:55,85,THAI,Premium Economy,740,580,TRUE,500,Y,Y,Y,1,7,1,35
Wattay International Airport,VTE,22/08/2024 13:30,Suvarnabhumi Airport,BKK,22/08/2024 14:50,80,THAI,Premium Economy,330,180,N/A,607,Y,Y,Y,1,7,1,35
Wattay International Airport,VTE,22/08/2024 20:30,Suvarnabhumi Airport,BKK,22/08/2024 21:55,85,THAI,Premium Economy,780,620,TRUE,607,Y,Y,Y,1,7,1,35
Wattay International Airport,VTE,23/08/2024 13:30,Suvarnabhumi Airport,BKK,23/08/2024 14:50,80,THAI,Premium Economy,385,225,N/A,500,Y,Y,Y,1,7,1,35
Wattay International Airport,VTE,23/08/2024 20:30,Suvarnabhumi Airport,BKK,23/08/2024 21:55,85,THAI,Premium Economy,740,580,TRUE,500,Y,Y,Y,1,7,1,35
Wattay International Airport,VTE,23/08/2024 13:30,Suvarnabhumi Airport,BKK,23/08/2024 14:50,80,THAI,Premium Economy,305,150,N/A,607,Y,Y,Y,1,7,1,35
Wattay International Airport,VTE,23/08/2024 20:30,Suvarnabhumi Airport,BKK,23/08/2024 21:55,85,THAI,Premium Economy,780,620,TRUE,607,Y,Y,Y,1,7,1,35
Wattay International Airport,VTE,24/08/2024 13:30,Suvarnabhumi Airport,BKK,24/08/2024 14:50,80,THAI,Premium Economy,385,225,N/A,500,Y,Y,Y,1,7,1,35
Wattay International Airport,VTE,24/08/2024 20:30,Suvarnabhumi Airport,BKK,24/08/2024 21:55,85,THAI,Premium Economy,740,580,TRUE,500,Y,Y,Y,1,7,1,35
Wattay International Airport,VTE,24/08/2024 13:30,Suvarnabhumi Airport,BKK,24/08/2024 14:50,80,THAI,Premium Economy,330,180,N/A,607,Y,Y,Y,1,7,1,35
Wattay International Airport,VTE,24/08/2024 20:30,Suvarnabhumi Airport,BKK,24/08/2024 21:55,85,THAI,Premium Economy,780,620,TRUE,607,Y,Y,Y,1,7,1,35
Wattay International Airport,VTE,25/08/2024 13:30,Suvarnabhumi Airport,BKK,25/08/2024 14:50,80,THAI,Premium Economy,385,225,N/A,500,Y,Y,Y,1,7,1,35
Wattay International Airport,VTE,25/08/2024 20:30,Suvarnabhumi Airport,BKK,25/08/2024 21:55,85,THAI,Premium Economy,740,580,TRUE,500,Y,Y,Y,1,7,1,35
Wattay International Airport,VTE,25/08/2024 13:30,Suvarnabhumi Airport,BKK,25/08/2024 14:50,80,THAI,Premium Economy,305,150,N/A,607,Y,Y,Y,1,7,1,35
Wattay International Airport,VTE,25/08/2024 20:30,Suvarnabhumi Airport,BKK,25/08/2024 21:55,85,THAI,Premium Economy,780,620,TRUE,607,Y,Y,Y,1,7,1,35
Wattay International Airport,VTE,26/08/2024 13:30,Suvarnabhumi Airport,BKK,26/08/2024 14:50,80,THAI,Premium Economy,385,225,N/A,500,Y,Y,Y,1,7,1,35
Wattay International Airport,VTE,26/08/2024 20:30,Suvarnabhumi Airport,BKK,26/08/2024 21:55,85,THAI,Premium Economy,740,580,TRUE,500,Y,Y,Y,1,7,1,35
Wattay International Airport,VTE,26/08/2024 13:30,Suvarnabhumi Airport,BKK,26/08/2024 14:50,80,THAI,Premium Economy,305,150,N/A,607,Y,Y,Y,1,7,1,35
Wattay International Airport,VTE,26/08/2024 20:30,Suvarnabhumi Airport,BKK,26/08/2024 21:55,85,THAI,Premium Economy,780,620,TRUE,607,Y,Y,Y,1,7,1,35
Wattay International Airport,VTE,27/08/2024 13:30,Suvarnabhumi Airport,BKK,27/08/2024 14:50,80,THAI,Premium Economy,385,225,N/A,500,Y,Y,Y,1,7,1,35
Wattay International Airport,VTE,27/08/2024 20:30,Suvarnabhumi Airport,BKK,27/08/2024 21:55,85,THAI,Premium Economy,740,580,TRUE,500,Y,Y,Y,1,7,1,35
Wattay International Airport,VTE,27/08/2024 13:30,Suvarnabhumi Airport,BKK,27/08/2024 14:50,80,THAI,Premium Economy,305,150,N/A,607,Y,Y,Y,1,7,1,35
Wattay International Airport,VTE,27/08/2024 20:30,Suvarnabhumi Airport,BKK,27/08/2024 21:55,85,THAI,Premium Economy,780,620,TRUE,607,Y,Y,Y,1,7,1,35
Wattay International Airport,VTE,28/08/2024 13:30,Suvarnabhumi Airport,BKK,28/08/2024 14:50,80,THAI,Premium Economy,385,225,N/A,500,Y,Y,Y,1,7,1,35
Wattay International Airport,VTE,28/08/2024 20:30,Suvarnabhumi Airport,BKK,28/08/2024 21:55,85,THAI,Premium Economy,740,580,TRUE,500,Y,Y,Y,1,7,1,35
Wattay International Airport,VTE,28/08/2024 13:30,Suvarnabhumi Airport,BKK,28/08/2024 14:50,80,THAI,Premium Economy,305,150,N/A,607,Y,Y,Y,1,7,1,35
Wattay International Airport,VTE,28/08/2024 20:30,Suvarnabhumi Airport,BKK,28/08/2024 21:55,85,THAI,Premium Economy,780,620,TRUE,607,Y,Y,Y,1,7,1,35
Wattay International Airport,VTE,29/08/2024 13:30,Suvarnabhumi Airport,BKK,29/08/2024 14:50,80,THAI,Premium Economy,385,225,N/A,500,Y,Y,Y,1,7,1,35
Wattay International Airport,VTE,29/08/2024 20:30,Suvarnabhumi Airport,BKK,29/08/2024 21:55,85,THAI,Premium Economy,740,580,TRUE,500,Y,Y,Y,1,7,1,35
Wattay International Airport,VTE,29/08/2024 13:30,Suvarnabhumi Airport,BKK,29/08/2024 14:50,80,THAI,Premium Economy,305,150,N/A,607,Y,Y,Y,1,7,1,35
Wattay International Airport,VTE,29/08/2024 20:30,Suvarnabhumi Airport,BKK,29/08/2024 21:55,85,THAI,Premium Economy,780,620,TRUE,607,Y,Y,Y,1,7,1,35
Wattay International Airport,VTE,30/08/2024 13:30,Suvarnabhumi Airport,BKK,30/08/2024 14:50,80,THAI,Premium Economy,385,225,N/A,500,Y,Y,Y,1,7,1,35
Wattay International Airport,VTE,30/08/2024 20:30,Suvarnabhumi Airport,BKK,30/08/2024 21:55,85,THAI,Premium Economy,740,580,TRUE,500,Y,Y,Y,1,7,1,35
Wattay International Airport,VTE,30/08/2024 13:30,Suvarnabhumi Airport,BKK,30/08/2024 14:50,80,THAI,Premium Economy,305,150,N/A,607,Y,Y,Y,1,7,1,35
Wattay International Airport,VTE,30/08/2024 20:30,Suvarnabhumi Airport,BKK,30/08/2024 21:55,85,THAI,Premium Economy,780,620,TRUE,607,Y,Y,Y,1,7,1,35
Wattay International Airport,VTE,31/08/2024 13:30,Suvarnabhumi Airport,BKK,31/08/2024 14:50,80,THAI,Premium Economy,385,225,N/A,500,Y,Y,Y,1,7,1,35
Wattay International Airport,VTE,31/08/2024 20:30,Suvarnabhumi Airport,BKK,31/08/2024 21:55,85,THAI,Premium Economy,740,580,TRUE,500,Y,Y,Y,1,7,1,35
Wattay International Airport,VTE,31/08/2024 13:30,Suvarnabhumi Airport,BKK,31/08/2024 14:50,80,THAI,Premium Economy,305,150,N/A,607,Y,Y,Y,1,7,1,35
Wattay International Airport,VTE,31/08/2024 20:30,Suvarnabhumi Airport,BKK,31/08/2024 21:55,85,THAI,Premium Economy,780,620,TRUE,607,Y,Y,Y,1,7,1,35