Departure Airport Name,Departure Airport ID,Departure Time,Arrival Airport Name,Arrival Airport ID,Arrival Time,Duration,Airline,Travel Class,Total Duration,Layover 1 Duration,Layover 1 Overnight,Price, Cabin Baggage, Checked Baggage,Meal Included,Cabin Baggage (Number),Cabin Baggage (kg per piece),Checked Baggage (Number),Checked Baggage (kg per piece) 
Ninoy Aquino International Airport,MNL,01/07/2024 22:35,Tan Son Nhat International Airport,SGN,02/07/2024 0:25,170,Cebu Pacific,Economy,170,N/A,N/A,94,Y,N,N,1,7,0,0
Ninoy Aquino International Airport,MNL,01/07/2024 19:30,Tan Son Nhat International Airport,SGN,01/07/2024 21:20,170,Cebu Pacific,Economy,170,N/A,N/A,133,Y,N,N,1,7,0,0
Ninoy Aquino International Airport,MNL,01/07/2024 6:45,Tan Son Nhat International Airport,SGN,01/07/2024 8:30,165,Philippine Airlines,Economy,165,N/A,N/A,260,Y,Y,Y,1,7,1,30
Ninoy Aquino International Airport,MNL,01/07/2024 5:20,Tan Son Nhat International Airport,SGN,01/07/2024 6:50,150,Vietnam Airlines,Economy,150,N/A,N/A,266,Y,Y,Y,1,10,1,23
Ninoy Aquino International Airport,MNL,01/07/2024 22:45,Kuala Lumpur International Airport,KUL,02/07/2024 2:40,235,AirAsia,Economy,620,255,TRUE,145,Y,N,N,1,7,0,0
Ninoy Aquino International Airport,MNL,01/07/2024 19:35,Singapore Changi Airport,SIN,01/07/2024 23:15,220,Scoot,Economy,1330,965,TRUE,164,Y,N,N,1,7,0,0
Ninoy Aquino International Airport,MNL,01/07/2024 10:45,Hong Kong International Airport,HKG,01/07/2024 13:15,150,Cathay Pacific,Economy,455,140,N/A,213,Y,Y,Y,1,7,1,23
Ninoy Aquino International Airport,MNL,01/07/2024 13:15,Kuala Lumpur International Airport,KUL,01/07/2024 17:15,240,AirAsia,Economy,505,140,N/A,225,Y,N,N,1,7,0,0
Ninoy Aquino International Airport,MNL,01/07/2024 9:05,Don Mueang International Airport,DMK,01/07/2024 11:25,200,Philippines AirAsia,Economy,435,135,N/A,274,Y,N,N,1,7,0,0
Ninoy Aquino International Airport,MNL,02/07/2024 22:35,Tan Son Nhat International Airport,SGN,03/07/2024 0:25,170,Cebu Pacific,Economy,170,N/A,N/A,104,Y,N,N,1,7,0,0
Ninoy Aquino International Airport,MNL,02/07/2024 13:15,Kuala Lumpur International Airport,KUL,02/07/2024 17:15,240,AirAsia,Economy,505,140,N/A,163,Y,N,N,1,7,0,0
Ninoy Aquino International Airport,MNL,02/07/2024 6:55,Singapore Changi Airport,SIN,02/07/2024 10:30,215,Scoot,Economy,650,290,N/A,184,Y,N,N,1,7,0,0
Ninoy Aquino International Airport,MNL,02/07/2024 6:45,Tan Son Nhat International Airport,SGN,02/07/2024 8:30,165,Philippine Airlines,Economy,165,N/A,N/A,186,Y,Y,Y,1,7,1,30
Ninoy Aquino International Airport,MNL,02/07/2024 10:45,Hong Kong International Airport,HKG,02/07/2024 13:15,150,Cathay Pacific,Economy,455,140,N/A,213,Y,Y,Y,1,7,1,23
Ninoy Aquino International Airport,MNL,02/07/2024 22:45,Kuala Lumpur International Airport,KUL,03/07/2024 2:40,235,AirAsia,Economy,910,550,TRUE,125,Y,N,N,1,7,0,0
Ninoy Aquino International Airport,MNL,02/07/2024 22:45,Kuala Lumpur International Airport,KUL,03/07/2024 2:40,235,AirAsia,Economy,620,255,TRUE,126,Y,N,N,1,7,0,0
Ninoy Aquino International Airport,MNL,02/07/2024 17:30,Kuala Lumpur International Airport,KUL,02/07/2024 21:20,230,Philippines AirAsia,Economy,935,575,TRUE,133,Y,N,N,1,7,0,0
Ninoy Aquino International Airport,MNL,02/07/2024 8:25,Guangzhou Baiyun International Airport,CAN,02/07/2024 10:40,135,China Southern,Economy,440,135,N/A,251,Y,Y,Y,1,8,1,23
Ninoy Aquino International Airport,MNL,02/07/2024 12:55,Suvarnabhumi Airport,BKK,02/07/2024 15:25,210,THAI,Economy,430,130,N/A,265,Y,Y,Y,1,7,2,23
Ninoy Aquino International Airport,MNL,03/07/2024 22:35,Tan Son Nhat International Airport,SGN,04/07/2024 0:25,170,Cebu Pacific,Economy,170,N/A,N/A,80,Y,N,N,1,7,0,0
Ninoy Aquino International Airport,MNL,03/07/2024 19:30,Tan Son Nhat International Airport,SGN,03/07/2024 21:20,170,Cebu Pacific,Economy,170,N/A,N/A,104,Y,N,N,1,7,0,0
Ninoy Aquino International Airport,MNL,03/07/2024 6:45,Tan Son Nhat International Airport,SGN,03/07/2024 8:30,165,Philippine Airlines,Economy,165,N/A,N/A,146,Y,Y,Y,1,7,1,30
Ninoy Aquino International Airport,MNL,03/07/2024 5:20,Tan Son Nhat International Airport,SGN,03/07/2024 6:50,150,Vietnam Airlines,Economy,150,N/A,N/A,155,Y,Y,Y,1,10,1,23
Ninoy Aquino International Airport,MNL,03/07/2024 19:35,Singapore Changi Airport,SIN,03/07/2024 23:15,220,Scoot,Economy,1330,965,TRUE,123,Y,N,N,1,7,0,0
Ninoy Aquino International Airport,MNL,03/07/2024 22:45,Kuala Lumpur International Airport,KUL,04/07/2024 2:40,235,AirAsia,Economy,620,255,TRUE,141,Y,N,N,1,7,0,0
Ninoy Aquino International Airport,MNL,03/07/2024 6:55,Singapore Changi Airport,SIN,03/07/2024 10:30,215,Scoot,Economy,515,160,N/A,147,Y,N,N,1,7,0,0
Ninoy Aquino International Airport,MNL,03/07/2024 13:15,Kuala Lumpur International Airport,KUL,03/07/2024 17:15,240,AirAsia,Economy,505,140,N/A,183,Y,N,N,1,7,0,0
Ninoy Aquino International Airport,MNL,03/07/2024 12:50,Tan Son Nhat International Airport,SGN,03/07/2024 14:30,160,Philippine Airlines,Economy,160,N/A,N/A,186,Y,Y,Y,1,7,1,30
Ninoy Aquino International Airport,MNL,03/07/2024 12:55,Suvarnabhumi Airport,BKK,03/07/2024 15:25,210,THAI,Economy,430,130,N/A,265,Y,Y,Y,1,7,2,23
Ninoy Aquino International Airport,MNL,04/07/2024 22:35,Tan Son Nhat International Airport,SGN,05/07/2024 0:25,170,Cebu Pacific,Economy,170,N/A,N/A,148,Y,N,N,1,7,0,0
Ninoy Aquino International Airport,MNL,04/07/2024 6:55,Singapore Changi Airport,SIN,04/07/2024 10:30,215,Scoot,Economy,510,160,N/A,151,Y,N,N,1,7,0,0
Ninoy Aquino International Airport,MNL,04/07/2024 6:45,Tan Son Nhat International Airport,SGN,04/07/2024 8:30,165,Philippine Airlines,Economy,165,N/A,N/A,196,Y,Y,Y,1,7,1,30
Ninoy Aquino International Airport,MNL,04/07/2024 6:55,Singapore Changi Airport,SIN,04/07/2024 10:30,215,Scoot,Economy,650,290,N/A,139,Y,N,N,1,7,0,0
Ninoy Aquino International Airport,MNL,04/07/2024 22:45,Kuala Lumpur International Airport,KUL,05/07/2024 2:40,235,AirAsia,Economy,1085,720,TRUE,152,Y,N,N,1,7,0,0
Ninoy Aquino International Airport,MNL,04/07/2024 13:15,Kuala Lumpur International Airport,KUL,04/07/2024 17:15,240,AirAsia,Economy,505,140,N/A,172,Y,N,N,1,7,0,0
Ninoy Aquino International Airport,MNL,04/07/2024 10:45,Hong Kong International Airport,HKG,04/07/2024 13:15,150,Cathay Pacific,Economy,455,140,N/A,205,Y,Y,Y,1,7,1,23
Ninoy Aquino International Airport,MNL,04/07/2024 8:25,Guangzhou Baiyun International Airport,CAN,04/07/2024 10:40,135,China Southern,Economy,440,135,N/A,251,Y,Y,Y,1,8,1,23
Ninoy Aquino International Airport,MNL,04/07/2024 12:55,Suvarnabhumi Airport,BKK,04/07/2024 15:25,210,THAI,Economy,430,130,N/A,265,Y,Y,Y,1,7,2,23
Ninoy Aquino International Airport,MNL,05/07/2024 22:35,Tan Son Nhat International Airport,SGN,06/07/2024 0:25,170,Cebu Pacific,Economy,170,N/A,N/A,104,Y,N,N,1,7,0,0
Ninoy Aquino International Airport,MNL,05/07/2024 5:20,Tan Son Nhat International Airport,SGN,05/07/2024 6:50,150,Vietnam Airlines,Economy,150,N/A,N/A,105,Y,Y,Y,1,10,1,23
Ninoy Aquino International Airport,MNL,05/07/2024 19:30,Tan Son Nhat International Airport,SGN,05/07/2024 21:20,170,Cebu Pacific,Economy,170,N/A,N/A,133,Y,N,N,1,7,0,0
Ninoy Aquino International Airport,MNL,05/07/2024 12:50,Tan Son Nhat International Airport,SGN,05/07/2024 14:30,160,Philippine Airlines,Economy,160,N/A,N/A,156,Y,Y,Y,1,7,1,30
Ninoy Aquino International Airport,MNL,05/07/2024 22:45,Kuala Lumpur International Airport,KUL,06/07/2024 2:40,235,AirAsia,Economy,620,255,TRUE,122,Y,N,N,1,7,0,0
Ninoy Aquino International Airport,MNL,05/07/2024 13:15,Kuala Lumpur International Airport,KUL,05/07/2024 17:15,240,AirAsia,Economy,505,140,N/A,165,Y,N,N,1,7,0,0
Ninoy Aquino International Airport,MNL,05/07/2024 5:30,Hong Kong International Airport,HKG,05/07/2024 7:40,130,Cathay Pacific,Economy,355,60,N/A,213,Y,Y,Y,1,7,1,23
Ninoy Aquino International Airport,MNL,05/07/2024 12:55,Suvarnabhumi Airport,BKK,05/07/2024 15:25,210,THAI,Economy,430,130,N/A,290,Y,Y,Y,1,7,2,23
Ninoy Aquino International Airport,MNL,06/07/2024 22:35,Tan Son Nhat International Airport,SGN,07/07/2024 0:25,170,Cebu Pacific,Economy,170,N/A,N/A,133,Y,N,N,1,7,0,0
Ninoy Aquino International Airport,MNL,06/07/2024 6:55,Singapore Changi Airport,SIN,06/07/2024 10:30,215,Scoot,Economy,510,170,N/A,144,Y,N,N,1,7,0,0
Ninoy Aquino International Airport,MNL,06/07/2024 6:45,Tan Son Nhat International Airport,SGN,06/07/2024 8:30,165,Philippine Airlines,Economy,165,N/A,N/A,156,Y,Y,Y,1,7,1,30
Ninoy Aquino International Airport,MNL,06/07/2024 19:35,Singapore Changi Airport,SIN,06/07/2024 23:15,220,Scoot,Economy,815,465,TRUE,110,Y,N,N,1,7,0,0
Ninoy Aquino International Airport,MNL,06/07/2024 22:45,Kuala Lumpur International Airport,KUL,07/07/2024 2:40,235,AirAsia,Economy,620,255,TRUE,123,Y,N,N,1,7,0,0
Ninoy Aquino International Airport,MNL,06/07/2024 20:55,Kuala Lumpur International Airport,KUL,07/07/2024 0:55,240,Cebu Pacific,Economy,730,360,TRUE,126,Y,N,N,1,7,0,0
Ninoy Aquino International Airport,MNL,06/07/2024 6:55,Singapore Changi Airport,SIN,06/07/2024 10:30,215,Scoot,Economy,650,290,N/A,133,Y,N,N,1,7,0,0
Ninoy Aquino International Airport,MNL,06/07/2024 13:15,Kuala Lumpur International Airport,KUL,06/07/2024 17:15,240,AirAsia,Economy,505,140,N/A,147,Y,N,N,1,7,0,0
Ninoy Aquino International Airport,MNL,06/07/2024 10:45,Hong Kong International Airport,HKG,06/07/2024 13:15,150,Cathay Pacific,Economy,455,140,N/A,213,Y,Y,Y,1,7,1,23
Ninoy Aquino International Airport,MNL,07/07/2024 22:35,Tan Son Nhat International Airport,SGN,08/07/2024 0:25,170,Cebu Pacific,Economy,170,N/A,N/A,117,Y,N,N,1,7,0,0
Ninoy Aquino International Airport,MNL,07/07/2024 5:20,Tan Son Nhat International Airport,SGN,07/07/2024 6:50,150,Vietnam Airlines,Economy,150,N/A,N/A,129,Y,Y,Y,1,10,1,23
Ninoy Aquino International Airport,MNL,07/07/2024 12:50,Tan Son Nhat International Airport,SGN,07/07/2024 14:30,160,Philippine Airlines,Economy,160,N/A,N/A,186,Y,Y,Y,1,7,1,30
Ninoy Aquino International Airport,MNL,07/07/2024 17:30,Kuala Lumpur International Airport,KUL,07/07/2024 21:30,240,Philippines AirAsia,Economy,935,565,TRUE,127,Y,N,N,1,7,0,0
Ninoy Aquino International Airport,MNL,07/07/2024 22:45,Kuala Lumpur International Airport,KUL,08/07/2024 2:40,235,AirAsia,Economy,620,255,TRUE,135,Y,N,N,1,7,0,0
Ninoy Aquino International Airport,MNL,07/07/2024 6:55,Singapore Changi Airport,SIN,07/07/2024 10:30,215,Scoot,Economy,510,160,N/A,157,Y,N,N,1,7,0,0
Ninoy Aquino International Airport,MNL,07/07/2024 13:15,Kuala Lumpur International Airport,KUL,07/07/2024 17:15,240,AirAsia,Economy,505,140,N/A,164,Y,N,N,1,7,0,0
Ninoy Aquino International Airport,MNL,07/07/2024 15:00,Hong Kong International Airport,HKG,07/07/2024 17:15,135,Philippines AirAsia,Economy,450,155,N/A,189,Y,N,N,1,7,0,0
Ninoy Aquino International Airport,MNL,07/07/2024 5:30,Hong Kong International Airport,HKG,07/07/2024 7:40,130,Cathay Pacific,Economy,355,60,N/A,199,Y,Y,Y,1,7,1,23
Ninoy Aquino International Airport,MNL,08/07/2024 22:35,Tan Son Nhat International Airport,SGN,09/07/2024 0:25,170,Cebu Pacific,Economy,170,N/A,N/A,85,Y,N,N,1,7,0,0
Ninoy Aquino International Airport,MNL,08/07/2024 5:20,Tan Son Nhat International Airport,SGN,08/07/2024 6:50,150,Vietnam Airlines,Economy,150,N/A,N/A,105,Y,Y,Y,1,10,1,23
Ninoy Aquino International Airport,MNL,08/07/2024 19:30,Tan Son Nhat International Airport,SGN,08/07/2024 21:20,170,Cebu Pacific,Economy,170,N/A,N/A,117,Y,N,N,1,7,0,0
Ninoy Aquino International Airport,MNL,08/07/2024 6:45,Tan Son Nhat International Airport,SGN,08/07/2024 8:30,165,Philippine Airlines,Economy,165,N/A,N/A,146,Y,Y,Y,1,7,1,30
Ninoy Aquino International Airport,MNL,08/07/2024 19:35,Singapore Changi Airport,SIN,08/07/2024 23:15,220,Scoot,Economy,1195,835,TRUE,133,Y,N,N,1,7,0,0
Ninoy Aquino International Airport,MNL,08/07/2024 10:45,Hong Kong International Airport,HKG,08/07/2024 13:15,150,Cathay Pacific,Economy,455,140,N/A,213,Y,Y,Y,1,7,1,23
Ninoy Aquino International Airport,MNL,08/07/2024 8:25,Guangzhou Baiyun International Airport,CAN,08/07/2024 10:40,135,China Southern,Economy,440,135,N/A,251,Y,Y,Y,1,8,1,23
Ninoy Aquino International Airport,MNL,08/07/2024 12:55,Suvarnabhumi Airport,BKK,08/07/2024 15:25,210,THAI,Economy,430,130,N/A,265,Y,Y,Y,1,7,2,23
Ninoy Aquino International Airport,MNL,08/07/2024 7:40,Singapore Changi Airport,SIN,08/07/2024 11:20,220,Singapore Airlines,Economy,480,130,N/A,286,Y,Y,Y,1,7,1,23
Ninoy Aquino International Airport,MNL,09/07/2024 22:35,Tan Son Nhat International Airport,SGN,10/07/2024 0:25,170,Cebu Pacific,Economy,170,N/A,N/A,94,Y,N,N,1,7,0,0
Ninoy Aquino International Airport,MNL,09/07/2024 6:55,Singapore Changi Airport,SIN,09/07/2024 10:30,215,Scoot,Economy,515,160,N/A,133,Y,N,N,1,7,0,0
Ninoy Aquino International Airport,MNL,09/07/2024 6:45,Tan Son Nhat International Airport,SGN,09/07/2024 8:30,165,Philippine Airlines,Economy,165,N/A,N/A,186,Y,Y,Y,1,7,1,30
Ninoy Aquino International Airport,MNL,09/07/2024 19:35,Singapore Changi Airport,SIN,09/07/2024 23:15,220,Scoot,Economy,1195,835,TRUE,99,Y,N,N,1,7,0,0
Ninoy Aquino International Airport,MNL,09/07/2024 22:45,Kuala Lumpur International Airport,KUL,10/07/2024 2:40,235,AirAsia,Economy,620,255,TRUE,119,Y,N,N,1,7,0,0
Ninoy Aquino International Airport,MNL,09/07/2024 12:50,Kuala Lumpur International Airport,KUL,09/07/2024 16:50,240,Malaysia Airlines,Economy,530,165,N/A,139,Y,Y,Y,1,7,1,23
Ninoy Aquino International Airport,MNL,09/07/2024 13:15,Kuala Lumpur International Airport,KUL,09/07/2024 17:15,240,AirAsia,Economy,505,140,N/A,141,Y,N,N,1,7,0,0
Ninoy Aquino International Airport,MNL,09/07/2024 10:45,Hong Kong International Airport,HKG,09/07/2024 13:15,150,Cathay Pacific,Economy,455,140,N/A,213,Y,Y,Y,1,7,1,23
Ninoy Aquino International Airport,MNL,09/07/2024 8:25,Guangzhou Baiyun International Airport,CAN,09/07/2024 10:40,135,China Southern,Economy,440,135,N/A,251,Y,Y,Y,1,8,1,23
Ninoy Aquino International Airport,MNL,10/07/2024 22:35,Tan Son Nhat International Airport,SGN,11/07/2024 0:25,170,Cebu Pacific,Economy,170,N/A,N/A,117,Y,N,N,1,7,0,0
Ninoy Aquino International Airport,MNL,10/07/2024 5:20,Tan Son Nhat International Airport,SGN,10/07/2024 6:50,150,Vietnam Airlines,Economy,150,N/A,N/A,129,Y,Y,Y,1,10,1,23
Ninoy Aquino International Airport,MNL,10/07/2024 19:30,Tan Son Nhat International Airport,SGN,10/07/2024 21:20,170,Cebu Pacific,Economy,170,N/A,N/A,133,Y,N,N,1,7,0,0
Ninoy Aquino International Airport,MNL,10/07/2024 6:45,Tan Son Nhat International Airport,SGN,10/07/2024 8:30,165,Philippine Airlines,Economy,165,N/A,N/A,146,Y,Y,Y,1,7,1,30
Ninoy Aquino International Airport,MNL,10/07/2024 6:55,Singapore Changi Airport,SIN,10/07/2024 10:30,215,Scoot,Economy,515,160,N/A,113,Y,N,N,1,7,0,0
Ninoy Aquino International Airport,MNL,10/07/2024 22:45,Kuala Lumpur International Airport,KUL,11/07/2024 2:40,235,AirAsia,Economy,620,255,TRUE,114,Y,N,N,1,7,0,0
Ninoy Aquino International Airport,MNL,10/07/2024 13:15,Kuala Lumpur International Airport,KUL,10/07/2024 17:15,240,AirAsia,Economy,505,140,N/A,134,Y,N,N,1,7,0,0
Ninoy Aquino International Airport,MNL,10/07/2024 10:45,Hong Kong International Airport,HKG,10/07/2024 13:15,150,Cathay Pacific,Economy,455,140,N/A,213,Y,Y,Y,1,7,1,23
Ninoy Aquino International Airport,MNL,10/07/2024 12:50,Tan Son Nhat International Airport,SGN,10/07/2024 14:30,160,Philippine Airlines,Economy,160,N/A,N/A,216,Y,Y,Y,1,7,1,30
Ninoy Aquino International Airport,MNL,11/07/2024 6:55,Singapore Changi Airport,SIN,11/07/2024 10:30,215,Scoot,Economy,510,160,N/A,113,Y,N,N,1,7,0,0
Ninoy Aquino International Airport,MNL,11/07/2024 22:35,Tan Son Nhat International Airport,SGN,12/07/2024 0:25,170,Cebu Pacific,Economy,170,N/A,N/A,133,Y,N,N,1,7,0,0
Ninoy Aquino International Airport,MNL,11/07/2024 6:45,Tan Son Nhat International Airport,SGN,11/07/2024 8:30,165,Philippine Airlines,Economy,165,N/A,N/A,156,Y,Y,Y,1,7,1,30
Ninoy Aquino International Airport,MNL,11/07/2024 22:45,Kuala Lumpur International Airport,KUL,12/07/2024 2:40,235,AirAsia,Economy,620,255,TRUE,118,Y,N,N,1,7,0,0
Ninoy Aquino International Airport,MNL,11/07/2024 18:20,Don Mueang International Airport,DMK,11/07/2024 20:50,210,Philippines AirAsia,Economy,955,640,TRUE,123,Y,N,N,1,7,0,0
Ninoy Aquino International Airport,MNL,11/07/2024 13:15,Kuala Lumpur International Airport,KUL,11/07/2024 17:15,240,AirAsia,Economy,505,140,N/A,133,Y,N,N,1,7,0,0
Ninoy Aquino International Airport,MNL,11/07/2024 10:45,Hong Kong International Airport,HKG,11/07/2024 13:15,150,Cathay Pacific,Economy,455,140,N/A,213,Y,Y,Y,1,7,1,23
Ninoy Aquino International Airport,MNL,11/07/2024 8:25,Guangzhou Baiyun International Airport,CAN,11/07/2024 10:40,135,China Southern,Economy,440,135,N/A,251,Y,Y,Y,1,8,1,23
Ninoy Aquino International Airport,MNL,11/07/2024 12:55,Suvarnabhumi Airport,BKK,11/07/2024 15:25,210,THAI,Economy,430,130,N/A,265,Y,Y,Y,1,7,2,23
Ninoy Aquino International Airport,MNL,12/07/2024 19:30,Tan Son Nhat International Airport,SGN,12/07/2024 21:20,170,Cebu Pacific,Economy,170,N/A,N/A,80,Y,N,N,1,7,0,0
Ninoy Aquino International Airport,MNL,12/07/2024 22:35,Tan Son Nhat International Airport,SGN,13/07/2024 0:25,170,Cebu Pacific,Economy,170,N/A,N/A,163,Y,N,N,1,7,0,0
Ninoy Aquino International Airport,MNL,12/07/2024 12:50,Tan Son Nhat International Airport,SGN,12/07/2024 14:30,160,Philippine Airlines,Economy,160,N/A,N/A,266,Y,Y,Y,1,7,1,30
Ninoy Aquino International Airport,MNL,12/07/2024 19:35,Singapore Changi Airport,SIN,12/07/2024 23:15,220,Scoot,Economy,1330,965,TRUE,113,Y,N,N,1,7,0,0
Ninoy Aquino International Airport,MNL,12/07/2024 22:45,Kuala Lumpur International Airport,KUL,13/07/2024 2:40,235,AirAsia,Economy,620,255,TRUE,115,Y,N,N,1,7,0,0
Ninoy Aquino International Airport,MNL,12/07/2024 19:35,Singapore Changi Airport,SIN,12/07/2024 23:15,220,Scoot,Economy,820,465,TRUE,124,Y,N,N,1,7,0,0
Ninoy Aquino International Airport,MNL,12/07/2024 13:15,Kuala Lumpur International Airport,KUL,12/07/2024 17:15,240,AirAsia,Economy,505,140,N/A,144,Y,N,N,1,7,0,0
Ninoy Aquino International Airport,MNL,12/07/2024 9:05,Don Mueang International Airport,DMK,12/07/2024 11:25,200,Philippines AirAsia,Economy,435,135,N/A,171,Y,N,N,1,7,0,0
Ninoy Aquino International Airport,MNL,12/07/2024 5:30,Hong Kong International Airport,HKG,12/07/2024 7:40,130,Cathay Pacific,Economy,355,60,N/A,213,Y,Y,Y,1,7,1,23
Ninoy Aquino International Airport,MNL,12/07/2024 10:45,Hong Kong International Airport,HKG,12/07/2024 13:15,150,Cathay Pacific,Economy,455,140,N/A,213,Y,Y,Y,1,7,1,23
Ninoy Aquino International Airport,MNL,13/07/2024 22:35,Tan Son Nhat International Airport,SGN,14/07/2024 0:25,170,Cebu Pacific,Economy,170,N/A,N/A,117,Y,N,N,1,7,0,0
Ninoy Aquino International Airport,MNL,13/07/2024 6:55,Singapore Changi Airport,SIN,13/07/2024 10:30,215,Scoot,Economy,510,170,N/A,124,Y,N,N,1,7,0,0
Ninoy Aquino International Airport,MNL,13/07/2024 6:45,Tan Son Nhat International Airport,SGN,13/07/2024 8:30,165,Philippine Airlines,Economy,165,N/A,N/A,196,Y,Y,Y,1,7,1,30
Ninoy Aquino International Airport,MNL,13/07/2024 19:35,Singapore Changi Airport,SIN,13/07/2024 23:15,220,Scoot,Economy,815,465,TRUE,102,Y,N,N,1,7,0,0
Ninoy Aquino International Airport,MNL,13/07/2024 6:55,Singapore Changi Airport,SIN,13/07/2024 10:30,215,Scoot,Economy,650,290,N/A,113,Y,N,N,1,7,0,0
Ninoy Aquino International Airport,MNL,13/07/2024 17:30,Kuala Lumpur International Airport,KUL,13/07/2024 21:25,235,Philippines AirAsia,Economy,935,570,TRUE,127,Y,N,N,1,7,0,0
Ninoy Aquino International Airport,MNL,13/07/2024 5:20,Noi Bai International Airport,HAN,13/07/2024 7:30,190,Vietnam Airlines,Economy,475,150,N/A,152,Y,Y,Y,1,10,1,23
Ninoy Aquino International Airport,MNL,13/07/2024 10:45,Hong Kong International Airport,HKG,13/07/2024 13:15,150,Cathay Pacific,Economy,455,140,N/A,213,Y,Y,Y,1,7,1,23
Ninoy Aquino International Airport,MNL,13/07/2024 8:25,Guangzhou Baiyun International Airport,CAN,13/07/2024 10:40,135,China Southern,Economy,440,135,N/A,251,Y,Y,Y,1,8,1,23
Ninoy Aquino International Airport,MNL,14/07/2024 5:20,Tan Son Nhat International Airport,SGN,14/07/2024 6:50,150,Vietnam Airlines,Economy,150,N/A,N/A,104,Y,Y,Y,1,10,1,23
Ninoy Aquino International Airport,MNL,14/07/2024 22:35,Tan Son Nhat International Airport,SGN,15/07/2024 0:25,170,Cebu Pacific,Economy,170,N/A,N/A,117,Y,N,N,1,7,0,0
Ninoy Aquino International Airport,MNL,14/07/2024 12:50,Tan Son Nhat International Airport,SGN,14/07/2024 14:30,160,Philippine Airlines,Economy,160,N/A,N/A,216,Y,Y,Y,1,7,1,30
Ninoy Aquino International Airport,MNL,14/07/2024 19:35,Singapore Changi Airport,SIN,14/07/2024 23:15,220,Scoot,Economy,820,465,TRUE,124,Y,N,N,1,7,0,0
Ninoy Aquino International Airport,MNL,14/07/2024 22:45,Kuala Lumpur International Airport,KUL,15/07/2024 2:40,235,AirAsia,Economy,620,255,TRUE,135,Y,N,N,1,7,0,0
Ninoy Aquino International Airport,MNL,14/07/2024 6:55,Singapore Changi Airport,SIN,14/07/2024 10:30,215,Scoot,Economy,510,160,N/A,137,Y,N,N,1,7,0,0
Ninoy Aquino International Airport,MNL,14/07/2024 13:15,Kuala Lumpur International Airport,KUL,14/07/2024 17:15,240,AirAsia,Economy,505,140,N/A,203,Y,N,N,1,7,0,0
Ninoy Aquino International Airport,MNL,14/07/2024 5:30,Hong Kong International Airport,HKG,14/07/2024 7:40,130,Cathay Pacific,Economy,355,60,N/A,213,Y,Y,Y,1,7,1,23
Ninoy Aquino International Airport,MNL,14/07/2024 8:00,Hong Kong International Airport,HKG,14/07/2024 10:30,150,Cathay Pacific,Economy,620,305,N/A,213,Y,Y,Y,1,7,1,23
Ninoy Aquino International Airport,MNL,15/07/2024 22:35,Tan Son Nhat International Airport,SGN,16/07/2024 0:25,170,Cebu Pacific,Economy,170,N/A,N/A,85,Y,N,N,1,7,0,0
Ninoy Aquino International Airport,MNL,15/07/2024 5:20,Tan Son Nhat International Airport,SGN,15/07/2024 6:50,150,Vietnam Airlines,Economy,150,N/A,N/A,104,Y,Y,Y,1,10,1,23
Ninoy Aquino International Airport,MNL,15/07/2024 19:30,Tan Son Nhat International Airport,SGN,15/07/2024 21:20,170,Cebu Pacific,Economy,170,N/A,N/A,117,Y,N,N,1,7,0,0
Ninoy Aquino International Airport,MNL,15/07/2024 6:45,Tan Son Nhat International Airport,SGN,15/07/2024 8:30,165,Philippine Airlines,Economy,165,N/A,N/A,186,Y,Y,Y,1,7,1,30
Ninoy Aquino International Airport,MNL,15/07/2024 19:35,Singapore Changi Airport,SIN,15/07/2024 23:15,220,Scoot,Economy,1195,835,TRUE,99,Y,N,N,1,7,0,0
Ninoy Aquino International Airport,MNL,15/07/2024 22:45,Kuala Lumpur International Airport,KUL,16/07/2024 2:40,235,AirAsia,Economy,620,255,TRUE,117,Y,N,N,1,7,0,0
Ninoy Aquino International Airport,MNL,15/07/2024 13:15,Kuala Lumpur International Airport,KUL,15/07/2024 17:15,240,AirAsia,Economy,505,140,N/A,144,Y,N,N,1,7,0,0
Ninoy Aquino International Airport,MNL,15/07/2024 10:45,Hong Kong International Airport,HKG,15/07/2024 13:15,150,Cathay Pacific,Economy,455,140,N/A,213,Y,Y,Y,1,7,1,23
Ninoy Aquino International Airport,MNL,15/07/2024 6:55,Singapore Changi Airport,SIN,15/07/2024 10:30,215,Scoot,Economy,510,160,N/A,222,Y,N,N,1,7,0,0
Ninoy Aquino International Airport,MNL,16/07/2024 6:55,Singapore Changi Airport,SIN,16/07/2024 10:30,215,Scoot,Economy,515,160,N/A,113,Y,N,N,1,7,0,0
Ninoy Aquino International Airport,MNL,16/07/2024 22:35,Tan Son Nhat International Airport,SGN,17/07/2024 0:25,170,Cebu Pacific,Economy,170,N/A,N/A,117,Y,N,N,1,7,0,0
Ninoy Aquino International Airport,MNL,16/07/2024 6:45,Tan Son Nhat International Airport,SGN,16/07/2024 8:30,165,Philippine Airlines,Economy,165,N/A,N/A,146,Y,Y,Y,1,7,1,30
Ninoy Aquino International Airport,MNL,16/07/2024 19:35,Singapore Changi Airport,SIN,16/07/2024 23:15,220,Scoot,Economy,1195,835,TRUE,99,Y,N,N,1,7,0,0
Ninoy Aquino International Airport,MNL,16/07/2024 19:35,Singapore Changi Airport,SIN,16/07/2024 23:15,220,Scoot,Economy,820,465,TRUE,102,Y,N,N,1,7,0,0
Ninoy Aquino International Airport,MNL,16/07/2024 22:45,Kuala Lumpur International Airport,KUL,17/07/2024 2:40,235,AirAsia,Economy,910,550,TRUE,110,Y,N,N,1,7,0,0
Ninoy Aquino International Airport,MNL,16/07/2024 13:15,Kuala Lumpur International Airport,KUL,16/07/2024 17:15,240,AirAsia,Economy,505,140,N/A,117,Y,N,N,1,7,0,0
Ninoy Aquino International Airport,MNL,16/07/2024 9:05,Don Mueang International Airport,DMK,16/07/2024 11:25,200,Philippines AirAsia,Economy,435,135,N/A,171,Y,N,N,1,7,0,0
Ninoy Aquino International Airport,MNL,16/07/2024 10:45,Hong Kong International Airport,HKG,16/07/2024 13:15,150,Cathay Pacific,Economy,455,140,N/A,213,Y,Y,Y,1,7,1,23
Ninoy Aquino International Airport,MNL,17/07/2024 22:35,Tan Son Nhat International Airport,SGN,18/07/2024 0:25,170,Cebu Pacific,Economy,170,N/A,N/A,80,Y,N,N,1,7,0,0
Ninoy Aquino International Airport,MNL,17/07/2024 5:20,Tan Son Nhat International Airport,SGN,17/07/2024 6:50,150,Vietnam Airlines,Economy,150,N/A,N/A,104,Y,Y,Y,1,10,1,23
Ninoy Aquino International Airport,MNL,17/07/2024 19:30,Tan Son Nhat International Airport,SGN,17/07/2024 21:20,170,Cebu Pacific,Economy,170,N/A,N/A,117,Y,N,N,1,7,0,0
Ninoy Aquino International Airport,MNL,17/07/2024 6:45,Tan Son Nhat International Airport,SGN,17/07/2024 8:30,165,Philippine Airlines,Economy,165,N/A,N/A,146,Y,Y,Y,1,7,1,30
Ninoy Aquino International Airport,MNL,17/07/2024 19:35,Singapore Changi Airport,SIN,17/07/2024 23:15,220,Scoot,Economy,820,465,TRUE,110,Y,N,N,1,7,0,0
Ninoy Aquino International Airport,MNL,17/07/2024 6:55,Singapore Changi Airport,SIN,17/07/2024 10:30,215,Scoot,Economy,515,160,N/A,113,Y,N,N,1,7,0,0
Ninoy Aquino International Airport,MNL,17/07/2024 22:45,Kuala Lumpur International Airport,KUL,18/07/2024 2:40,235,AirAsia,Economy,620,255,TRUE,115,Y,N,N,1,7,0,0
Ninoy Aquino International Airport,MNL,17/07/2024 13:15,Kuala Lumpur International Airport,KUL,17/07/2024 17:15,240,AirAsia,Economy,505,140,N/A,160,Y,N,N,1,7,0,0
Ninoy Aquino International Airport,MNL,17/07/2024 12:50,Tan Son Nhat International Airport,SGN,17/07/2024 14:30,160,Philippine Airlines,Economy,160,N/A,N/A,186,Y,Y,Y,1,7,1,30
Ninoy Aquino International Airport,MNL,18/07/2024 6:55,Singapore Changi Airport,SIN,18/07/2024 10:30,215,Scoot,Economy,510,160,N/A,110,Y,N,N,1,7,0,0
Ninoy Aquino International Airport,MNL,18/07/2024 22:35,Tan Son Nhat International Airport,SGN,19/07/2024 0:25,170,Cebu Pacific,Economy,170,N/A,N/A,133,Y,N,N,1,7,0,0
Ninoy Aquino International Airport,MNL,18/07/2024 6:45,Tan Son Nhat International Airport,SGN,18/07/2024 8:30,165,Philippine Airlines,Economy,165,N/A,N/A,156,Y,Y,Y,1,7,1,30
Ninoy Aquino International Airport,MNL,18/07/2024 22:45,Kuala Lumpur International Airport,KUL,19/07/2024 2:40,235,AirAsia,Economy,910,550,TRUE,110,Y,N,N,1,7,0,0
Ninoy Aquino International Airport,MNL,18/07/2024 17:30,Kuala Lumpur International Airport,KUL,18/07/2024 21:25,235,Philippines AirAsia,Economy,1180,820,TRUE,128,Y,N,N,1,7,0,0
Ninoy Aquino International Airport,MNL,18/07/2024 13:15,Kuala Lumpur International Airport,KUL,18/07/2024 17:15,240,AirAsia,Economy,505,140,N/A,133,Y,N,N,1,7,0,0
Ninoy Aquino International Airport,MNL,18/07/2024 6:50,Kuala Lumpur International Airport,KUL,18/07/2024 10:35,225,Malaysia Airlines,Economy,510,180,N/A,159,Y,Y,Y,1,7,1,23
Ninoy Aquino International Airport,MNL,18/07/2024 6:50,Kuala Lumpur International Airport,KUL,18/07/2024 10:35,225,Malaysia Airlines,Economy,590,235,N/A,208,Y,Y,Y,1,7,1,23
Ninoy Aquino International Airport,MNL,18/07/2024 10:45,Hong Kong International Airport,HKG,18/07/2024 13:15,150,Cathay Pacific,Economy,455,140,N/A,213,Y,Y,Y,1,7,1,23
Ninoy Aquino International Airport,MNL,18/07/2024 8:25,Guangzhou Baiyun International Airport,CAN,18/07/2024 10:40,135,China Southern,Economy,440,135,N/A,251,Y,Y,Y,1,8,1,23
Ninoy Aquino International Airport,MNL,19/07/2024 22:35,Tan Son Nhat International Airport,SGN,20/07/2024 0:25,170,Cebu Pacific,Economy,170,N/A,N/A,80,Y,N,N,1,7,0,0
Ninoy Aquino International Airport,MNL,19/07/2024 5:20,Tan Son Nhat International Airport,SGN,19/07/2024 6:50,150,Vietnam Airlines,Economy,150,N/A,N/A,104,Y,Y,Y,1,10,1,23
Ninoy Aquino International Airport,MNL,19/07/2024 19:30,Tan Son Nhat International Airport,SGN,19/07/2024 21:20,170,Cebu Pacific,Economy,170,N/A,N/A,133,Y,N,N,1,7,0,0
Ninoy Aquino International Airport,MNL,19/07/2024 12:50,Tan Son Nhat International Airport,SGN,19/07/2024 14:30,160,Philippine Airlines,Economy,160,N/A,N/A,156,Y,Y,Y,1,7,1,30
Ninoy Aquino International Airport,MNL,19/07/2024 19:35,Singapore Changi Airport,SIN,19/07/2024 23:15,220,Scoot,Economy,1330,965,TRUE,99,Y,N,N,1,7,0,0
Ninoy Aquino International Airport,MNL,19/07/2024 22:45,Kuala Lumpur International Airport,KUL,20/07/2024 2:40,235,AirAsia,Economy,620,255,TRUE,114,Y,N,N,1,7,0,0
Ninoy Aquino International Airport,MNL,19/07/2024 6:55,Singapore Changi Airport,SIN,19/07/2024 10:30,215,Scoot,Economy,650,290,N/A,124,Y,N,N,1,7,0,0
Ninoy Aquino International Airport,MNL,19/07/2024 13:15,Kuala Lumpur International Airport,KUL,19/07/2024 17:15,240,AirAsia,Economy,505,140,N/A,135,Y,N,N,1,7,0,0
Ninoy Aquino International Airport,MNL,19/07/2024 5:30,Hong Kong International Airport,HKG,19/07/2024 7:40,130,Cathay Pacific,Economy,355,60,N/A,213,Y,Y,Y,1,7,1,23
Ninoy Aquino International Airport,MNL,20/07/2024 22:35,Tan Son Nhat International Airport,SGN,21/07/2024 0:25,170,Cebu Pacific,Economy,170,N/A,N/A,85,Y,N,N,1,7,0,0
Ninoy Aquino International Airport,MNL,20/07/2024 6:55,Singapore Changi Airport,SIN,20/07/2024 10:30,215,Scoot,Economy,510,170,N/A,113,Y,N,N,1,7,0,0
Ninoy Aquino International Airport,MNL,20/07/2024 6:45,Tan Son Nhat International Airport,SGN,20/07/2024 8:30,165,Philippine Airlines,Economy,165,N/A,N/A,156,Y,Y,Y,1,7,1,30
Ninoy Aquino International Airport,MNL,20/07/2024 6:55,Singapore Changi Airport,SIN,20/07/2024 10:30,215,Scoot,Economy,650,290,N/A,102,Y,N,N,1,7,0,0
Ninoy Aquino International Airport,MNL,20/07/2024 17:30,Kuala Lumpur International Airport,KUL,20/07/2024 21:25,235,Philippines AirAsia,Economy,935,570,TRUE,123,Y,N,N,1,7,0,0
Ninoy Aquino International Airport,MNL,20/07/2024 22:45,Kuala Lumpur International Airport,KUL,21/07/2024 2:40,235,AirAsia,Economy,620,255,TRUE,132,Y,N,N,1,7,0,0
Ninoy Aquino International Airport,MNL,20/07/2024 13:15,Kuala Lumpur International Airport,KUL,20/07/2024 17:15,240,AirAsia,Economy,505,140,N/A,132,Y,N,N,1,7,0,0
Ninoy Aquino International Airport,MNL,20/07/2024 10:45,Hong Kong International Airport,HKG,20/07/2024 13:15,150,Cathay Pacific,Economy,455,140,N/A,213,Y,Y,Y,1,7,1,23
Ninoy Aquino International Airport,MNL,20/07/2024 7:40,Singapore Changi Airport,SIN,20/07/2024 11:20,220,Singapore Airlines,Economy,445,95,N/A,316,Y,Y,Y,1,7,1,23
Ninoy Aquino International Airport,MNL,21/07/2024 5:20,Tan Son Nhat International Airport,SGN,21/07/2024 6:50,150,Vietnam Airlines,Economy,150,N/A,N/A,104,Y,Y,Y,1,10,1,23
Ninoy Aquino International Airport,MNL,21/07/2024 22:35,Tan Son Nhat International Airport,SGN,22/07/2024 0:25,170,Cebu Pacific,Economy,170,N/A,N/A,117,Y,N,N,1,7,0,0
Ninoy Aquino International Airport,MNL,21/07/2024 12:50,Tan Son Nhat International Airport,SGN,21/07/2024 14:30,160,Philippine Airlines,Economy,160,N/A,N/A,146,Y,Y,Y,1,7,1,30
Ninoy Aquino International Airport,MNL,21/07/2024 22:45,Kuala Lumpur International Airport,KUL,22/07/2024 2:40,235,AirAsia,Economy,910,550,TRUE,95,Y,N,N,1,7,0,0
Ninoy Aquino International Airport,MNL,21/07/2024 22:45,Kuala Lumpur International Airport,KUL,22/07/2024 2:40,235,AirAsia,Economy,620,255,TRUE,101,Y,N,N,1,7,0,0
Ninoy Aquino International Airport,MNL,21/07/2024 19:35,Singapore Changi Airport,SIN,21/07/2024 23:15,220,Scoot,Economy,820,465,TRUE,110,Y,N,N,1,7,0,0
Ninoy Aquino International Airport,MNL,21/07/2024 6:55,Singapore Changi Airport,SIN,21/07/2024 10:30,215,Scoot,Economy,510,160,N/A,124,Y,N,N,1,7,0,0
Ninoy Aquino International Airport,MNL,21/07/2024 13:15,Kuala Lumpur International Airport,KUL,21/07/2024 17:15,240,AirAsia,Economy,505,140,N/A,126,Y,N,N,1,7,0,0
Ninoy Aquino International Airport,MNL,21/07/2024 5:30,Hong Kong International Airport,HKG,21/07/2024 7:40,130,Cathay Pacific,Economy,355,60,N/A,213,Y,Y,Y,1,7,1,23
Ninoy Aquino International Airport,MNL,22/07/2024 22:35,Tan Son Nhat International Airport,SGN,23/07/2024 0:25,170,Cebu Pacific,Economy,170,N/A,N/A,85,Y,N,N,1,7,0,0
Ninoy Aquino International Airport,MNL,22/07/2024 5:20,Tan Son Nhat International Airport,SGN,22/07/2024 6:50,150,Vietnam Airlines,Economy,150,N/A,N/A,104,Y,Y,Y,1,10,1,23
Ninoy Aquino International Airport,MNL,22/07/2024 19:30,Tan Son Nhat International Airport,SGN,22/07/2024 21:20,170,Cebu Pacific,Economy,170,N/A,N/A,117,Y,N,N,1,7,0,0
Ninoy Aquino International Airport,MNL,22/07/2024 6:45,Tan Son Nhat International Airport,SGN,22/07/2024 8:30,165,Philippine Airlines,Economy,165,N/A,N/A,146,Y,Y,Y,1,7,1,30
Ninoy Aquino International Airport,MNL,22/07/2024 6:55,Singapore Changi Airport,SIN,22/07/2024 10:30,215,Scoot,Economy,1580,1230,TRUE,87,Y,N,N,1,7,0,0
Ninoy Aquino International Airport,MNL,22/07/2024 22:45,Kuala Lumpur International Airport,KUL,23/07/2024 2:40,235,AirAsia,Economy,620,255,TRUE,103,Y,N,N,1,7,0,0
Ninoy Aquino International Airport,MNL,22/07/2024 6:55,Singapore Changi Airport,SIN,22/07/2024 10:30,215,Scoot,Economy,510,160,N/A,110,Y,N,N,1,7,0,0
Ninoy Aquino International Airport,MNL,22/07/2024 13:15,Kuala Lumpur International Airport,KUL,22/07/2024 17:15,240,AirAsia,Economy,505,140,N/A,119,Y,N,N,1,7,0,0
Ninoy Aquino International Airport,MNL,22/07/2024 10:45,Hong Kong International Airport,HKG,22/07/2024 13:15,150,Cathay Pacific,Economy,455,140,N/A,213,Y,Y,Y,1,7,1,23
Ninoy Aquino International Airport,MNL,23/07/2024 6:55,Singapore Changi Airport,SIN,23/07/2024 10:30,215,Scoot,Economy,515,160,N/A,94,Y,N,N,1,7,0,0
Ninoy Aquino International Airport,MNL,23/07/2024 22:35,Tan Son Nhat International Airport,SGN,24/07/2024 0:25,170,Cebu Pacific,Economy,170,N/A,N/A,117,Y,N,N,1,7,0,0
Ninoy Aquino International Airport,MNL,23/07/2024 6:45,Tan Son Nhat International Airport,SGN,23/07/2024 8:30,165,Philippine Airlines,Economy,165,N/A,N/A,146,Y,Y,Y,1,7,1,30
Ninoy Aquino International Airport,MNL,23/07/2024 19:35,Singapore Changi Airport,SIN,23/07/2024 23:15,220,Scoot,Economy,1195,835,TRUE,90,Y,N,N,1,7,0,0
Ninoy Aquino International Airport,MNL,23/07/2024 19:35,Singapore Changi Airport,SIN,23/07/2024 23:15,220,Scoot,Economy,820,465,TRUE,95,Y,N,N,1,7,0,0
Ninoy Aquino International Airport,MNL,23/07/2024 23:10,Don Mueang International Airport,DMK,24/07/2024 1:40,210,Philippines AirAsia,Economy,665,350,TRUE,114,Y,N,N,1,7,0,0
Ninoy Aquino International Airport,MNL,23/07/2024 13:15,Kuala Lumpur International Airport,KUL,23/07/2024 17:15,240,AirAsia,Economy,505,140,N/A,117,Y,N,N,1,7,0,0
Ninoy Aquino International Airport,MNL,23/07/2024 9:05,Don Mueang International Airport,DMK,23/07/2024 11:25,200,Philippines AirAsia,Economy,435,135,N/A,157,Y,N,N,1,7,0,0
Ninoy Aquino International Airport,MNL,23/07/2024 10:45,Hong Kong International Airport,HKG,23/07/2024 13:15,150,Cathay Pacific,Economy,455,140,N/A,213,Y,Y,Y,1,7,1,23
Ninoy Aquino International Airport,MNL,24/07/2024 22:35,Tan Son Nhat International Airport,SGN,25/07/2024 0:25,170,Cebu Pacific,Economy,170,N/A,N/A,80,Y,N,N,1,7,0,0
Ninoy Aquino International Airport,MNL,24/07/2024 5:20,Tan Son Nhat International Airport,SGN,24/07/2024 6:50,150,Vietnam Airlines,Economy,150,N/A,N/A,104,Y,Y,Y,1,10,1,23
Ninoy Aquino International Airport,MNL,24/07/2024 12:50,Tan Son Nhat International Airport,SGN,24/07/2024 14:30,160,Philippine Airlines,Economy,160,N/A,N/A,146,Y,Y,Y,1,7,1,30
Ninoy Aquino International Airport,MNL,24/07/2024 6:55,Singapore Changi Airport,SIN,24/07/2024 10:30,215,Scoot,Economy,515,160,N/A,97,Y,N,N,1,7,0,0
Ninoy Aquino International Airport,MNL,24/07/2024 22:45,Kuala Lumpur International Airport,KUL,25/07/2024 2:40,235,AirAsia,Economy,620,255,TRUE,115,Y,N,N,1,7,0,0
Ninoy Aquino International Airport,MNL,24/07/2024 13:15,Kuala Lumpur International Airport,KUL,24/07/2024 17:15,240,AirAsia,Economy,505,140,N/A,117,Y,N,N,1,7,0,0
Ninoy Aquino International Airport,MNL,24/07/2024 19:30,Tan Son Nhat International Airport,SGN,24/07/2024 21:20,170,Cebu Pacific,Economy,170,N/A,N/A,117,Y,N,N,1,7,0,0
Ninoy Aquino International Airport,MNL,24/07/2024 6:45,Tan Son Nhat International Airport,SGN,24/07/2024 8:30,165,Philippine Airlines,Economy,165,N/A,N/A,146,Y,Y,Y,1,7,1,30
Ninoy Aquino International Airport,MNL,25/07/2024 6:55,Singapore Changi Airport,SIN,25/07/2024 10:30,215,Scoot,Economy,510,160,N/A,113,Y,N,N,1,7,0,0
Ninoy Aquino International Airport,MNL,25/07/2024 22:35,Tan Son Nhat International Airport,SGN,26/07/2024 0:25,170,Cebu Pacific,Economy,170,N/A,N/A,133,Y,N,N,1,7,0,0
Ninoy Aquino International Airport,MNL,25/07/2024 6:45,Tan Son Nhat International Airport,SGN,25/07/2024 8:30,165,Philippine Airlines,Economy,165,N/A,N/A,156,Y,Y,Y,1,7,1,30
Ninoy Aquino International Airport,MNL,25/07/2024 22:45,Kuala Lumpur International Airport,KUL,26/07/2024 2:40,235,AirAsia,Economy,910,550,TRUE,111,Y,N,N,1,7,0,0
Ninoy Aquino International Airport,MNL,25/07/2024 17:30,Kuala Lumpur International Airport,KUL,25/07/2024 21:25,235,Philippines AirAsia,Economy,1180,820,TRUE,125,Y,N,N,1,7,0,0
Ninoy Aquino International Airport,MNL,25/07/2024 13:15,Kuala Lumpur International Airport,KUL,25/07/2024 17:15,240,AirAsia,Economy,505,140,N/A,126,Y,N,N,1,7,0,0
Ninoy Aquino International Airport,MNL,25/07/2024 19:35,Singapore Changi Airport,SIN,25/07/2024 23:15,220,Scoot,Economy,820,465,TRUE,130,Y,N,N,1,7,0,0
Ninoy Aquino International Airport,MNL,25/07/2024 6:50,Kuala Lumpur International Airport,KUL,25/07/2024 10:35,225,Malaysia Airlines,Economy,510,180,N/A,160,Y,Y,Y,1,7,1,23
Ninoy Aquino International Airport,MNL,25/07/2024 10:45,Hong Kong International Airport,HKG,25/07/2024 13:15,150,Cathay Pacific,Economy,455,140,N/A,199,Y,Y,Y,1,7,1,23
Ninoy Aquino International Airport,MNL,25/07/2024 6:50,Kuala Lumpur International Airport,KUL,25/07/2024 10:35,225,Malaysia Airlines,Economy,590,235,N/A,208,Y,Y,Y,1,7,1,23
Ninoy Aquino International Airport,MNL,26/07/2024 5:20,Tan Son Nhat International Airport,SGN,26/07/2024 6:50,150,Vietnam Airlines,Economy,150,N/A,N/A,104,Y,Y,Y,1,10,1,23
Ninoy Aquino International Airport,MNL,26/07/2024 19:30,Tan Son Nhat International Airport,SGN,26/07/2024 21:20,170,Cebu Pacific,Economy,170,N/A,N/A,133,Y,N,N,1,7,0,0
Ninoy Aquino International Airport,MNL,26/07/2024 22:35,Tan Son Nhat International Airport,SGN,27/07/2024 0:25,170,Cebu Pacific,Economy,170,N/A,N/A,133,Y,N,N,1,7,0,0
Ninoy Aquino International Airport,MNL,26/07/2024 12:50,Tan Son Nhat International Airport,SGN,26/07/2024 14:30,160,Philippine Airlines,Economy,160,N/A,N/A,196,Y,Y,Y,1,7,1,30
Ninoy Aquino International Airport,MNL,26/07/2024 19:35,Singapore Changi Airport,SIN,26/07/2024 23:15,220,Scoot,Economy,1330,965,TRUE,99,Y,N,N,1,7,0,0
Ninoy Aquino International Airport,MNL,26/07/2024 13:15,Kuala Lumpur International Airport,KUL,26/07/2024 17:15,240,AirAsia,Economy,505,140,N/A,120,Y,N,N,1,7,0,0
Ninoy Aquino International Airport,MNL,26/07/2024 6:55,Singapore Changi Airport,SIN,26/07/2024 10:30,215,Scoot,Economy,650,290,N/A,128,Y,N,N,1,7,0,0
Ninoy Aquino International Airport,MNL,26/07/2024 9:05,Don Mueang International Airport,DMK,26/07/2024 11:25,200,Philippines AirAsia,Economy,435,135,N/A,159,Y,N,N,1,7,0,0
Ninoy Aquino International Airport,MNL,26/07/2024 5:30,Hong Kong International Airport,HKG,26/07/2024 7:40,130,Cathay Pacific,Economy,355,60,N/A,213,Y,Y,Y,1,7,1,23
Ninoy Aquino International Airport,MNL,27/07/2024 22:35,Tan Son Nhat International Airport,SGN,28/07/2024 0:25,170,Cebu Pacific,Economy,170,N/A,N/A,65,Y,N,N,1,7,0,0
Ninoy Aquino International Airport,MNL,27/07/2024 6:55,Singapore Changi Airport,SIN,27/07/2024 10:30,215,Scoot,Economy,510,170,N/A,124,Y,N,N,1,7,0,0
Ninoy Aquino International Airport,MNL,27/07/2024 6:45,Tan Son Nhat International Airport,SGN,27/07/2024 8:30,165,Philippine Airlines,Economy,165,N/A,N/A,156,Y,Y,Y,1,7,1,30
Ninoy Aquino International Airport,MNL,27/07/2024 6:55,Singapore Changi Airport,SIN,27/07/2024 10:30,215,Scoot,Economy,1575,1230,TRUE,101,Y,N,N,1,7,0,0
Ninoy Aquino International Airport,MNL,27/07/2024 6:55,Singapore Changi Airport,SIN,27/07/2024 10:30,215,Scoot,Economy,650,290,N/A,113,Y,N,N,1,7,0,0
Ninoy Aquino International Airport,MNL,27/07/2024 18:20,Don Mueang International Airport,DMK,27/07/2024 20:50,210,Philippines AirAsia,Economy,955,640,TRUE,123,Y,N,N,1,7,0,0
Ninoy Aquino International Airport,MNL,27/07/2024 13:15,Kuala Lumpur International Airport,KUL,27/07/2024 17:15,240,AirAsia,Economy,505,140,N/A,132,Y,N,N,1,7,0,0
Ninoy Aquino International Airport,MNL,27/07/2024 9:05,Don Mueang International Airport,DMK,27/07/2024 11:25,200,Philippines AirAsia,Economy,435,135,N/A,161,Y,N,N,1,7,0,0
Ninoy Aquino International Airport,MNL,27/07/2024 6:50,Kuala Lumpur International Airport,KUL,27/07/2024 10:35,225,Malaysia Airlines,Economy,590,235,N/A,208,Y,Y,Y,1,7,1,23
Ninoy Aquino International Airport,MNL,27/07/2024 10:45,Hong Kong International Airport,HKG,27/07/2024 13:15,150,Cathay Pacific,Economy,455,140,N/A,213,Y,Y,Y,1,7,1,23
Ninoy Aquino International Airport,MNL,28/07/2024 5:20,Tan Son Nhat International Airport,SGN,28/07/2024 6:50,150,Vietnam Airlines,Economy,150,N/A,N/A,104,Y,Y,Y,1,10,1,23
Ninoy Aquino International Airport,MNL,28/07/2024 22:35,Tan Son Nhat International Airport,SGN,29/07/2024 0:25,170,Cebu Pacific,Economy,170,N/A,N/A,117,Y,N,N,1,7,0,0
Ninoy Aquino International Airport,MNL,28/07/2024 12:50,Tan Son Nhat International Airport,SGN,28/07/2024 14:30,160,Philippine Airlines,Economy,160,N/A,N/A,186,Y,Y,Y,1,7,1,30
Ninoy Aquino International Airport,MNL,28/07/2024 22:45,Kuala Lumpur International Airport,KUL,29/07/2024 2:40,235,AirAsia,Economy,910,550,TRUE,96,Y,N,N,1,7,0,0
Ninoy Aquino International Airport,MNL,28/07/2024 20:10,Singapore Changi Airport,SIN,28/07/2024 23:50,220,Scoot,Economy,1155,800,TRUE,99,Y,N,N,1,7,0,0
Ninoy Aquino International Airport,MNL,28/07/2024 22:45,Kuala Lumpur International Airport,KUL,29/07/2024 2:40,235,AirAsia,Economy,620,255,TRUE,100,Y,N,N,1,7,0,0
Ninoy Aquino International Airport,MNL,28/07/2024 6:55,Singapore Changi Airport,SIN,28/07/2024 10:30,215,Scoot,Economy,510,160,N/A,123,Y,N,N,1,7,0,0
Ninoy Aquino International Airport,MNL,28/07/2024 13:15,Kuala Lumpur International Airport,KUL,28/07/2024 17:15,240,AirAsia,Economy,505,140,N/A,131,Y,N,N,1,7,0,0
Ninoy Aquino International Airport,MNL,28/07/2024 15:00,Hong Kong International Airport,HKG,28/07/2024 17:15,135,Philippines AirAsia,Economy,450,155,N/A,168,Y,N,N,1,7,0,0
Ninoy Aquino International Airport,MNL,29/07/2024 19:30,Tan Son Nhat International Airport,SGN,29/07/2024 21:20,170,Cebu Pacific,Economy,170,N/A,N/A,58,Y,N,N,1,7,0,0
Ninoy Aquino International Airport,MNL,29/07/2024 22:35,Tan Son Nhat International Airport,SGN,30/07/2024 0:25,170,Cebu Pacific,Economy,170,N/A,N/A,58,Y,N,N,1,7,0,0
Ninoy Aquino International Airport,MNL,29/07/2024 5:20,Tan Son Nhat International Airport,SGN,29/07/2024 6:50,150,Vietnam Airlines,Economy,150,N/A,N/A,104,Y,Y,Y,1,10,1,23
Ninoy Aquino International Airport,MNL,29/07/2024 19:35,Singapore Changi Airport,SIN,29/07/2024 23:15,220,Scoot,Economy,820,465,TRUE,83,Y,N,N,1,7,0,0
Ninoy Aquino International Airport,MNL,29/07/2024 6:55,Singapore Changi Airport,SIN,29/07/2024 10:30,215,Scoot,Economy,510,160,N/A,106,Y,N,N,1,7,0,0
Ninoy Aquino International Airport,MNL,29/07/2024 13:15,Kuala Lumpur International Airport,KUL,29/07/2024 17:15,240,AirAsia,Economy,505,140,N/A,132,Y,N,N,1,7,0,0
Ninoy Aquino International Airport,MNL,29/07/2024 6:45,Tan Son Nhat International Airport,SGN,29/07/2024 8:30,165,Philippine Airlines,Economy,165,N/A,N/A,146,Y,Y,Y,1,7,1,30
Ninoy Aquino International Airport,MNL,29/07/2024 9:05,Don Mueang International Airport,DMK,29/07/2024 11:25,200,Philippines AirAsia,Economy,435,135,N/A,176,Y,N,N,1,7,0,0
Ninoy Aquino International Airport,MNL,29/07/2024 10:45,Hong Kong International Airport,HKG,29/07/2024 13:15,150,Cathay Pacific,Economy,455,140,N/A,213,Y,Y,Y,1,7,1,23
Ninoy Aquino International Airport,MNL,30/07/2024 22:35,Tan Son Nhat International Airport,SGN,31/07/2024 0:25,170,Cebu Pacific,Economy,170,N/A,N/A,65,Y,N,N,1,7,0,0
Ninoy Aquino International Airport,MNL,30/07/2024 6:55,Singapore Changi Airport,SIN,30/07/2024 10:30,215,Scoot,Economy,515,160,N/A,97,Y,N,N,1,7,0,0
Ninoy Aquino International Airport,MNL,30/07/2024 6:45,Tan Son Nhat International Airport,SGN,30/07/2024 8:30,165,Philippine Airlines,Economy,165,N/A,N/A,146,Y,Y,Y,1,7,1,30
Ninoy Aquino International Airport,MNL,30/07/2024 6:55,Singapore Changi Airport,SIN,30/07/2024 10:30,215,Scoot,Economy,1580,1230,TRUE,90,Y,N,N,1,7,0,0
Ninoy Aquino International Airport,MNL,30/07/2024 23:10,Don Mueang International Airport,DMK,31/07/2024 1:40,210,Philippines AirAsia,Economy,665,350,TRUE,114,Y,N,N,1,7,0,0
Ninoy Aquino International Airport,MNL,30/07/2024 13:15,Kuala Lumpur International Airport,KUL,30/07/2024 17:15,240,AirAsia,Economy,505,140,N/A,132,Y,N,N,1,7,0,0
Ninoy Aquino International Airport,MNL,30/07/2024 6:50,Kuala Lumpur International Airport,KUL,30/07/2024 10:35,225,Malaysia Airlines,Economy,590,235,N/A,208,Y,Y,Y,1,7,1,23
Ninoy Aquino International Airport,MNL,30/07/2024 10:45,Hong Kong International Airport,HKG,30/07/2024 13:15,150,Cathay Pacific,Economy,455,140,N/A,213,Y,Y,Y,1,7,1,23
Ninoy Aquino International Airport,MNL,30/07/2024 8:25,Guangzhou Baiyun International Airport,CAN,30/07/2024 10:40,135,China Southern,Economy,440,135,N/A,251,Y,Y,Y,1,8,1,23
Ninoy Aquino International Airport,MNL,31/07/2024 22:35,Tan Son Nhat International Airport,SGN,01/08/2024 0:25,170,Cebu Pacific,Economy,170,N/A,N/A,65,Y,N,N,1,7,0,0
Ninoy Aquino International Airport,MNL,31/07/2024 5:20,Tan Son Nhat International Airport,SGN,31/07/2024 6:50,150,Vietnam Airlines,Economy,150,N/A,N/A,104,Y,Y,Y,1,10,1,23
Ninoy Aquino International Airport,MNL,31/07/2024 12:50,Tan Son Nhat International Airport,SGN,31/07/2024 14:30,160,Philippine Airlines,Economy,160,N/A,N/A,146,Y,Y,Y,1,7,1,30
Ninoy Aquino International Airport,MNL,31/07/2024 6:55,Singapore Changi Airport,SIN,31/07/2024 10:30,215,Scoot,Economy,515,160,N/A,83,Y,N,N,1,7,0,0
Ninoy Aquino International Airport,MNL,31/07/2024 19:30,Tan Son Nhat International Airport,SGN,31/07/2024 21:20,170,Cebu Pacific,Economy,170,N/A,N/A,117,Y,N,N,1,7,0,0
Ninoy Aquino International Airport,MNL,31/07/2024 13:15,Kuala Lumpur International Airport,KUL,31/07/2024 17:15,240,AirAsia,Economy,505,140,N/A,132,Y,N,N,1,7,0,0
Ninoy Aquino International Airport,MNL,31/07/2024 6:45,Tan Son Nhat International Airport,SGN,31/07/2024 8:30,165,Philippine Airlines,Economy,165,N/A,N/A,146,Y,Y,Y,1,7,1,30
Ninoy Aquino International Airport,MNL,31/07/2024 12:55,Suvarnabhumi Airport,BKK,31/07/2024 15:25,210,THAI,Economy,430,130,N/A,265,Y,Y,Y,1,7,2,23
Ninoy Aquino International Airport,MNL,01/08/2024 13:15,Kuala Lumpur International Airport,KUL,01/08/2024 17:15,240,AirAsia,Economy,505,140,N/A,110,Y,N,N,1,7,0,0
Ninoy Aquino International Airport,MNL,01/08/2024 22:35,Tan Son Nhat International Airport,SGN,02/08/2024 0:25,170,Cebu Pacific,Economy,170,N/A,N/A,133,Y,N,N,1,7,0,0
Ninoy Aquino International Airport,MNL,01/08/2024 6:55,Singapore Changi Airport,SIN,01/08/2024 10:30,215,Scoot,Economy,510,160,N/A,142,Y,N,N,1,7,0,0
Ninoy Aquino International Airport,MNL,01/08/2024 6:45,Tan Son Nhat International Airport,SGN,01/08/2024 8:30,165,Philippine Airlines,Economy,165,N/A,N/A,156,Y,Y,Y,1,7,1,30
Ninoy Aquino International Airport,MNL,01/08/2024 22:45,Kuala Lumpur International Airport,KUL,02/08/2024 2:40,235,AirAsia,Economy,910,550,TRUE,97,Y,N,N,1,7,0,0
Ninoy Aquino International Airport,MNL,01/08/2024 17:30,Kuala Lumpur International Airport,KUL,01/08/2024 21:25,235,Philippines AirAsia,Economy,1180,820,TRUE,107,Y,N,N,1,7,0,0
Ninoy Aquino International Airport,MNL,01/08/2024 22:45,Kuala Lumpur International Airport,KUL,02/08/2024 2:40,235,AirAsia,Economy,620,255,TRUE,111,Y,N,N,1,7,0,0
Ninoy Aquino International Airport,MNL,01/08/2024 6:55,Singapore Changi Airport,SIN,01/08/2024 10:30,215,Scoot,Economy,650,290,N/A,123,Y,N,N,1,7,0,0
Ninoy Aquino International Airport,MNL,01/08/2024 6:55,Singapore Changi Airport,SIN,01/08/2024 10:30,215,Scoot,Economy,495,155,N/A,150,Y,N,N,1,7,0,0
Ninoy Aquino International Airport,MNL,01/08/2024 10:45,Hong Kong International Airport,HKG,01/08/2024 13:15,150,Cathay Pacific,Economy,455,140,N/A,213,Y,Y,Y,1,7,1,23
Ninoy Aquino International Airport,MNL,02/08/2024 19:30,Tan Son Nhat International Airport,SGN,02/08/2024 21:20,170,Cebu Pacific,Economy,170,N/A,N/A,65,Y,N,N,1,7,0,0
Ninoy Aquino International Airport,MNL,02/08/2024 5:20,Tan Son Nhat International Airport,SGN,02/08/2024 6:50,150,Vietnam Airlines,Economy,150,N/A,N/A,104,Y,Y,Y,1,10,1,23
Ninoy Aquino International Airport,MNL,02/08/2024 12:50,Tan Son Nhat International Airport,SGN,02/08/2024 14:30,160,Philippine Airlines,Economy,160,N/A,N/A,156,Y,Y,Y,1,7,1,30
Ninoy Aquino International Airport,MNL,02/08/2024 13:15,Kuala Lumpur International Airport,KUL,02/08/2024 17:15,240,AirAsia,Economy,505,140,N/A,107,Y,N,N,1,7,0,0
Ninoy Aquino International Airport,MNL,02/08/2024 22:35,Tan Son Nhat International Airport,SGN,03/08/2024 0:25,170,Cebu Pacific,Economy,170,N/A,N/A,117,Y,N,N,1,7,0,0
Ninoy Aquino International Airport,MNL,02/08/2024 6:55,Singapore Changi Airport,SIN,02/08/2024 10:30,215,Scoot,Economy,650,290,N/A,123,Y,N,N,1,7,0,0
Ninoy Aquino International Airport,MNL,02/08/2024 6:55,Singapore Changi Airport,SIN,02/08/2024 10:30,215,Scoot,Economy,510,160,N/A,142,Y,N,N,1,7,0,0
Ninoy Aquino International Airport,MNL,02/08/2024 5:30,Hong Kong International Airport,HKG,02/08/2024 7:40,130,Cathay Pacific,Economy,355,60,N/A,213,Y,Y,Y,1,7,1,23
Ninoy Aquino International Airport,MNL,03/08/2024 22:35,Tan Son Nhat International Airport,SGN,04/08/2024 0:25,170,Cebu Pacific,Economy,170,N/A,N/A,94,Y,N,N,1,7,0,0
Ninoy Aquino International Airport,MNL,03/08/2024 13:15,Kuala Lumpur International Airport,KUL,03/08/2024 17:15,240,AirAsia,Economy,505,140,N/A,103,Y,N,N,1,7,0,0
Ninoy Aquino International Airport,MNL,03/08/2024 6:55,Singapore Changi Airport,SIN,03/08/2024 10:30,215,Scoot,Economy,510,160,N/A,142,Y,N,N,1,7,0,0
Ninoy Aquino International Airport,MNL,03/08/2024 6:45,Tan Son Nhat International Airport,SGN,03/08/2024 8:30,165,Philippine Airlines,Economy,165,N/A,N/A,156,Y,Y,Y,1,7,1,30
Ninoy Aquino International Airport,MNL,03/08/2024 17:30,Kuala Lumpur International Airport,KUL,03/08/2024 21:25,235,Philippines AirAsia,Economy,935,570,TRUE,96,Y,N,N,1,7,0,0
Ninoy Aquino International Airport,MNL,03/08/2024 22:45,Kuala Lumpur International Airport,KUL,04/08/2024 2:40,235,AirAsia,Economy,620,255,TRUE,99,Y,N,N,1,7,0,0
Ninoy Aquino International Airport,MNL,03/08/2024 6:55,Singapore Changi Airport,SIN,03/08/2024 10:30,215,Scoot,Economy,650,290,N/A,123,Y,N,N,1,7,0,0
Ninoy Aquino International Airport,MNL,03/08/2024 9:05,Don Mueang International Airport,DMK,03/08/2024 11:25,200,Philippines AirAsia,Economy,435,135,N/A,165,Y,N,N,1,7,0,0
Ninoy Aquino International Airport,MNL,03/08/2024 10:45,Hong Kong International Airport,HKG,03/08/2024 13:15,150,Cathay Pacific,Economy,455,140,N/A,213,Y,Y,Y,1,7,1,23
Ninoy Aquino International Airport,MNL,04/08/2024 22:35,Tan Son Nhat International Airport,SGN,05/08/2024 0:25,170,Cebu Pacific,Economy,170,N/A,N/A,58,Y,N,N,1,7,0,0
Ninoy Aquino International Airport,MNL,04/08/2024 5:20,Tan Son Nhat International Airport,SGN,04/08/2024 6:50,150,Vietnam Airlines,Economy,150,N/A,N/A,104,Y,Y,Y,1,10,1,23
Ninoy Aquino International Airport,MNL,04/08/2024 12:50,Tan Son Nhat International Airport,SGN,04/08/2024 14:30,160,Philippine Airlines,Economy,160,N/A,N/A,146,Y,Y,Y,1,7,1,30
Ninoy Aquino International Airport,MNL,04/08/2024 19:35,Singapore Changi Airport,SIN,04/08/2024 23:15,220,Scoot,Economy,820,465,TRUE,110,Y,N,N,1,7,0,0
Ninoy Aquino International Airport,MNL,04/08/2024 23:10,Don Mueang International Airport,DMK,05/08/2024 1:40,210,Philippines AirAsia,Economy,665,350,TRUE,114,Y,N,N,1,7,0,0
Ninoy Aquino International Airport,MNL,04/08/2024 6:55,Singapore Changi Airport,SIN,04/08/2024 10:30,215,Scoot,Economy,650,290,N/A,123,Y,N,N,1,7,0,0
Ninoy Aquino International Airport,MNL,04/08/2024 13:15,Kuala Lumpur International Airport,KUL,04/08/2024 17:15,240,AirAsia,Economy,505,140,N/A,131,Y,N,N,1,7,0,0
Ninoy Aquino International Airport,MNL,04/08/2024 6:55,Singapore Changi Airport,SIN,04/08/2024 10:30,215,Scoot,Economy,510,160,N/A,142,Y,N,N,1,7,0,0
Ninoy Aquino International Airport,MNL,04/08/2024 5:30,Hong Kong International Airport,HKG,04/08/2024 7:40,130,Cathay Pacific,Economy,355,60,N/A,213,Y,Y,Y,1,7,1,23
Ninoy Aquino International Airport,MNL,05/08/2024 22:35,Tan Son Nhat International Airport,SGN,06/08/2024 0:25,170,Cebu Pacific,Economy,170,N/A,N/A,58,Y,N,N,1,7,0,0
Ninoy Aquino International Airport,MNL,05/08/2024 19:30,Tan Son Nhat International Airport,SGN,05/08/2024 21:20,170,Cebu Pacific,Economy,170,N/A,N/A,65,Y,N,N,1,7,0,0
Ninoy Aquino International Airport,MNL,05/08/2024 5:20,Tan Son Nhat International Airport,SGN,05/08/2024 6:50,150,Vietnam Airlines,Economy,150,N/A,N/A,104,Y,Y,Y,1,10,1,23
Ninoy Aquino International Airport,MNL,05/08/2024 6:45,Tan Son Nhat International Airport,SGN,05/08/2024 8:30,165,Philippine Airlines,Economy,165,N/A,N/A,146,Y,Y,Y,1,7,1,30
Ninoy Aquino International Airport,MNL,05/08/2024 19:35,Singapore Changi Airport,SIN,05/08/2024 23:15,220,Scoot,Economy,820,465,TRUE,110,Y,N,N,1,7,0,0
Ninoy Aquino International Airport,MNL,05/08/2024 6:55,Singapore Changi Airport,SIN,05/08/2024 10:30,215,Scoot,Economy,510,160,N/A,123,Y,N,N,1,7,0,0
Ninoy Aquino International Airport,MNL,05/08/2024 13:15,Kuala Lumpur International Airport,KUL,05/08/2024 17:15,240,AirAsia,Economy,505,140,N/A,144,Y,N,N,1,7,0,0
Ninoy Aquino International Airport,MNL,05/08/2024 10:45,Hong Kong International Airport,HKG,05/08/2024 13:15,150,Cathay Pacific,Economy,455,140,N/A,213,Y,Y,Y,1,7,1,23
Ninoy Aquino International Airport,MNL,05/08/2024 7:40,Singapore Changi Airport,SIN,05/08/2024 11:20,220,Singapore Airlines,Economy,480,130,N/A,286,Y,Y,Y,1,7,1,23
Ninoy Aquino International Airport,MNL,06/08/2024 22:35,Tan Son Nhat International Airport,SGN,07/08/2024 0:25,170,Cebu Pacific,Economy,170,N/A,N/A,65,Y,N,N,1,7,0,0
Ninoy Aquino International Airport,MNL,06/08/2024 13:15,Kuala Lumpur International Airport,KUL,06/08/2024 17:15,240,AirAsia,Economy,505,140,N/A,107,Y,N,N,1,7,0,0
Ninoy Aquino International Airport,MNL,06/08/2024 6:55,Singapore Changi Airport,SIN,06/08/2024 10:30,215,Scoot,Economy,515,160,N/A,123,Y,N,N,1,7,0,0
Ninoy Aquino International Airport,MNL,06/08/2024 6:45,Tan Son Nhat International Airport,SGN,06/08/2024 8:30,165,Philippine Airlines,Economy,165,N/A,N/A,146,Y,Y,Y,1,7,1,30
Ninoy Aquino International Airport,MNL,06/08/2024 22:45,Kuala Lumpur International Airport,KUL,07/08/2024 2:40,235,AirAsia,Economy,620,255,TRUE,99,Y,N,N,1,7,0,0
Ninoy Aquino International Airport,MNL,06/08/2024 23:10,Don Mueang International Airport,DMK,07/08/2024 1:40,210,Philippines AirAsia,Economy,665,350,TRUE,114,Y,N,N,1,7,0,0
Ninoy Aquino International Airport,MNL,06/08/2024 9:05,Don Mueang International Airport,DMK,06/08/2024 11:25,200,Philippines AirAsia,Economy,435,135,N/A,157,Y,N,N,1,7,0,0
Ninoy Aquino International Airport,MNL,06/08/2024 6:50,Kuala Lumpur International Airport,KUL,06/08/2024 10:35,225,Malaysia Airlines,Economy,590,235,N/A,208,Y,Y,Y,1,7,1,23
Ninoy Aquino International Airport,MNL,06/08/2024 10:45,Hong Kong International Airport,HKG,06/08/2024 13:15,150,Cathay Pacific,Economy,455,140,N/A,213,Y,Y,Y,1,7,1,23
Ninoy Aquino International Airport,MNL,07/08/2024 19:30,Tan Son Nhat International Airport,SGN,07/08/2024 21:20,170,Cebu Pacific,Economy,170,N/A,N/A,58,Y,N,N,1,7,0,0
Ninoy Aquino International Airport,MNL,07/08/2024 5:20,Tan Son Nhat International Airport,SGN,07/08/2024 6:50,150,Vietnam Airlines,Economy,150,N/A,N/A,104,Y,Y,Y,1,10,1,23
Ninoy Aquino International Airport,MNL,07/08/2024 12:50,Tan Son Nhat International Airport,SGN,07/08/2024 14:30,160,Philippine Airlines,Economy,160,N/A,N/A,146,Y,Y,Y,1,7,1,30
Ninoy Aquino International Airport,MNL,07/08/2024 13:15,Kuala Lumpur International Airport,KUL,07/08/2024 17:15,240,AirAsia,Economy,505,140,N/A,99,Y,N,N,1,7,0,0
Ninoy Aquino International Airport,MNL,07/08/2024 22:35,Tan Son Nhat International Airport,SGN,08/08/2024 0:25,170,Cebu Pacific,Economy,170,N/A,N/A,104,Y,N,N,1,7,0,0
Ninoy Aquino International Airport,MNL,07/08/2024 6:55,Singapore Changi Airport,SIN,07/08/2024 10:30,215,Scoot,Economy,650,290,N/A,110,Y,N,N,1,7,0,0
Ninoy Aquino International Airport,MNL,07/08/2024 6:55,Singapore Changi Airport,SIN,07/08/2024 10:30,215,Scoot,Economy,515,160,N/A,123,Y,N,N,1,7,0,0
Ninoy Aquino International Airport,MNL,07/08/2024 6:45,Tan Son Nhat International Airport,SGN,07/08/2024 8:30,165,Philippine Airlines,Economy,165,N/A,N/A,146,Y,Y,Y,1,7,1,30
Ninoy Aquino International Airport,MNL,08/08/2024 22:35,Tan Son Nhat International Airport,SGN,09/08/2024 0:25,170,Cebu Pacific,Economy,170,N/A,N/A,85,Y,N,N,1,7,0,0
Ninoy Aquino International Airport,MNL,08/08/2024 13:15,Kuala Lumpur International Airport,KUL,08/08/2024 17:15,240,AirAsia,Economy,505,140,N/A,99,Y,N,N,1,7,0,0
Ninoy Aquino International Airport,MNL,08/08/2024 6:45,Tan Son Nhat International Airport,SGN,08/08/2024 8:30,165,Philippine Airlines,Economy,165,N/A,N/A,156,Y,Y,Y,1,7,1,30
Ninoy Aquino International Airport,MNL,08/08/2024 22:45,Kuala Lumpur International Airport,KUL,09/08/2024 2:40,235,AirAsia,Economy,620,255,TRUE,108,Y,N,N,1,7,0,0
Ninoy Aquino International Airport,MNL,08/08/2024 19:35,Singapore Changi Airport,SIN,08/08/2024 23:15,220,Scoot,Economy,1330,965,TRUE,123,Y,N,N,1,7,0,0
Ninoy Aquino International Airport,MNL,08/08/2024 6:55,Singapore Changi Airport,SIN,08/08/2024 10:30,215,Scoot,Economy,650,290,N/A,164,Y,N,N,1,7,0,0
Ninoy Aquino International Airport,MNL,08/08/2024 6:50,Kuala Lumpur International Airport,KUL,08/08/2024 10:35,225,Malaysia Airlines,Economy,590,235,N/A,208,Y,Y,Y,1,7,1,23
Ninoy Aquino International Airport,MNL,08/08/2024 6:55,Singapore Changi Airport,SIN,08/08/2024 10:30,215,Scoot,Economy,510,160,N/A,208,Y,N,N,1,7,0,0
Ninoy Aquino International Airport,MNL,08/08/2024 10:45,Hong Kong International Airport,HKG,08/08/2024 13:15,150,Cathay Pacific,Economy,455,140,N/A,213,Y,Y,Y,1,7,1,23
Ninoy Aquino International Airport,MNL,09/08/2024 22:35,Tan Son Nhat International Airport,SGN,10/08/2024 0:25,170,Cebu Pacific,Economy,170,N/A,N/A,94,Y,N,N,1,7,0,0
Ninoy Aquino International Airport,MNL,09/08/2024 5:20,Tan Son Nhat International Airport,SGN,09/08/2024 6:50,150,Vietnam Airlines,Economy,150,N/A,N/A,104,Y,Y,Y,1,10,1,23
Ninoy Aquino International Airport,MNL,09/08/2024 19:30,Tan Son Nhat International Airport,SGN,09/08/2024 21:20,170,Cebu Pacific,Economy,170,N/A,N/A,133,Y,N,N,1,7,0,0
Ninoy Aquino International Airport,MNL,09/08/2024 12:50,Tan Son Nhat International Airport,SGN,09/08/2024 14:30,160,Philippine Airlines,Economy,160,N/A,N/A,148,Y,Y,Y,1,7,1,30
Ninoy Aquino International Airport,MNL,09/08/2024 19:35,Singapore Changi Airport,SIN,09/08/2024 23:15,220,Scoot,Economy,1330,965,TRUE,83,Y,N,N,1,7,0,0
Ninoy Aquino International Airport,MNL,09/08/2024 22:45,Kuala Lumpur International Airport,KUL,10/08/2024 2:40,235,AirAsia,Economy,620,255,TRUE,102,Y,N,N,1,7,0,0
Ninoy Aquino International Airport,MNL,09/08/2024 13:15,Kuala Lumpur International Airport,KUL,09/08/2024 17:15,240,AirAsia,Economy,505,140,N/A,108,Y,N,N,1,7,0,0
Ninoy Aquino International Airport,MNL,09/08/2024 6:55,Singapore Changi Airport,SIN,09/08/2024 10:30,215,Scoot,Economy,650,290,N/A,123,Y,N,N,1,7,0,0
Ninoy Aquino International Airport,MNL,09/08/2024 6:55,Singapore Changi Airport,SIN,09/08/2024 10:30,215,Scoot,Economy,510,160,N/A,186,Y,N,N,1,7,0,0
Ninoy Aquino International Airport,MNL,10/08/2024 22:35,Tan Son Nhat International Airport,SGN,11/08/2024 0:25,170,Cebu Pacific,Economy,170,N/A,N/A,58,Y,N,N,1,7,0,0
Ninoy Aquino International Airport,MNL,10/08/2024 6:55,Singapore Changi Airport,SIN,10/08/2024 10:30,215,Scoot,Economy,510,160,N/A,99,Y,N,N,1,7,0,0
Ninoy Aquino International Airport,MNL,10/08/2024 6:45,Tan Son Nhat International Airport,SGN,10/08/2024 8:30,165,Philippine Airlines,Economy,165,N/A,N/A,156,Y,Y,Y,1,7,1,30
Ninoy Aquino International Airport,MNL,10/08/2024 6:55,Singapore Changi Airport,SIN,10/08/2024 10:30,215,Scoot,Economy,650,290,N/A,83,Y,N,N,1,7,0,0
Ninoy Aquino International Airport,MNL,10/08/2024 13:15,Kuala Lumpur International Airport,KUL,10/08/2024 17:15,240,AirAsia,Economy,505,140,N/A,117,Y,N,N,1,7,0,0
Ninoy Aquino International Airport,MNL,10/08/2024 22:45,Kuala Lumpur International Airport,KUL,11/08/2024 2:40,235,AirAsia,Economy,620,255,TRUE,117,Y,N,N,1,7,0,0
Ninoy Aquino International Airport,MNL,10/08/2024 10:45,Hong Kong International Airport,HKG,10/08/2024 13:15,150,Cathay Pacific,Economy,455,140,N/A,213,Y,Y,Y,1,7,1,23
Ninoy Aquino International Airport,MNL,10/08/2024 7:40,Singapore Changi Airport,SIN,10/08/2024 11:20,220,Singapore Airlines,Economy,480,130,N/A,286,Y,Y,Y,1,7,1,23
Ninoy Aquino International Airport,MNL,11/08/2024 22:35,Tan Son Nhat International Airport,SGN,12/08/2024 0:25,170,Cebu Pacific,Economy,170,N/A,N/A,58,Y,N,N,1,7,0,0
Ninoy Aquino International Airport,MNL,11/08/2024 5:20,Tan Son Nhat International Airport,SGN,11/08/2024 6:50,150,Vietnam Airlines,Economy,150,N/A,N/A,104,Y,Y,Y,1,10,1,23
Ninoy Aquino International Airport,MNL,11/08/2024 12:50,Tan Son Nhat International Airport,SGN,11/08/2024 14:30,160,Philippine Airlines,Economy,160,N/A,N/A,146,Y,Y,Y,1,7,1,30
Ninoy Aquino International Airport,MNL,11/08/2024 6:55,Singapore Changi Airport,SIN,11/08/2024 10:30,215,Scoot,Economy,1580,1230,TRUE,94,Y,N,N,1,7,0,0
Ninoy Aquino International Airport,MNL,11/08/2024 23:10,Don Mueang International Airport,DMK,12/08/2024 1:40,210,Philippines AirAsia,Economy,665,350,TRUE,114,Y,N,N,1,7,0,0
Ninoy Aquino International Airport,MNL,11/08/2024 22:45,Kuala Lumpur International Airport,KUL,12/08/2024 2:40,235,AirAsia,Economy,620,255,TRUE,126,Y,N,N,1,7,0,0
Ninoy Aquino International Airport,MNL,11/08/2024 6:55,Singapore Changi Airport,SIN,11/08/2024 10:30,215,Scoot,Economy,510,160,N/A,130,Y,N,N,1,7,0,0
Ninoy Aquino International Airport,MNL,11/08/2024 13:15,Kuala Lumpur International Airport,KUL,11/08/2024 17:15,240,AirAsia,Economy,505,140,N/A,131,Y,N,N,1,7,0,0
Ninoy Aquino International Airport,MNL,11/08/2024 5:30,Hong Kong International Airport,HKG,11/08/2024 7:40,130,Cathay Pacific,Economy,355,60,N/A,213,Y,Y,Y,1,7,1,23
Ninoy Aquino International Airport,MNL,12/08/2024 22:35,Tan Son Nhat International Airport,SGN,13/08/2024 0:25,170,Cebu Pacific,Economy,170,N/A,N/A,58,Y,N,N,1,7,0,0
Ninoy Aquino International Airport,MNL,12/08/2024 6:55,Singapore Changi Airport,SIN,12/08/2024 10:30,215,Scoot,Economy,510,160,N/A,90,Y,N,N,1,7,0,0
Ninoy Aquino International Airport,MNL,12/08/2024 5:20,Tan Son Nhat International Airport,SGN,12/08/2024 6:50,150,Vietnam Airlines,Economy,150,N/A,N/A,104,Y,Y,Y,1,10,1,23
Ninoy Aquino International Airport,MNL,12/08/2024 19:30,Tan Son Nhat International Airport,SGN,12/08/2024 21:20,170,Cebu Pacific,Economy,170,N/A,N/A,117,Y,N,N,1,7,0,0
Ninoy Aquino International Airport,MNL,12/08/2024 6:45,Tan Son Nhat International Airport,SGN,12/08/2024 8:30,165,Philippine Airlines,Economy,165,N/A,N/A,136,Y,Y,Y,1,7,1,30
Ninoy Aquino International Airport,MNL,12/08/2024 6:55,Singapore Changi Airport,SIN,12/08/2024 10:30,215,Scoot,Economy,1580,1230,TRUE,87,Y,N,N,1,7,0,0
Ninoy Aquino International Airport,MNL,12/08/2024 13:15,Kuala Lumpur International Airport,KUL,12/08/2024 17:15,240,AirAsia,Economy,505,140,N/A,117,Y,N,N,1,7,0,0
Ninoy Aquino International Airport,MNL,12/08/2024 22:45,Kuala Lumpur International Airport,KUL,13/08/2024 2:40,235,AirAsia,Economy,620,255,TRUE,126,Y,N,N,1,7,0,0
Ninoy Aquino International Airport,MNL,12/08/2024 10:45,Hong Kong International Airport,HKG,12/08/2024 13:15,150,Cathay Pacific,Economy,455,140,N/A,213,Y,Y,Y,1,7,1,23
Ninoy Aquino International Airport,MNL,13/08/2024 22:35,Tan Son Nhat International Airport,SGN,14/08/2024 0:25,170,Cebu Pacific,Economy,170,N/A,N/A,58,Y,N,N,1,7,0,0
Ninoy Aquino International Airport,MNL,13/08/2024 6:55,Singapore Changi Airport,SIN,13/08/2024 10:30,215,Scoot,Economy,515,160,N/A,90,Y,N,N,1,7,0,0
Ninoy Aquino International Airport,MNL,13/08/2024 6:45,Tan Son Nhat International Airport,SGN,13/08/2024 8:30,165,Philippine Airlines,Economy,165,N/A,N/A,146,Y,Y,Y,1,7,1,30
Ninoy Aquino International Airport,MNL,13/08/2024 19:35,Singapore Changi Airport,SIN,13/08/2024 23:15,220,Scoot,Economy,1195,835,TRUE,78,Y,N,N,1,7,0,0
Ninoy Aquino International Airport,MNL,13/08/2024 17:30,Kuala Lumpur International Airport,KUL,13/08/2024 21:20,230,Philippines AirAsia,Economy,935,575,TRUE,110,Y,N,N,1,7,0,0
Ninoy Aquino International Airport,MNL,13/08/2024 13:15,Kuala Lumpur International Airport,KUL,13/08/2024 17:15,240,AirAsia,Economy,505,140,N/A,113,Y,N,N,1,7,0,0
Ninoy Aquino International Airport,MNL,13/08/2024 22:45,Kuala Lumpur International Airport,KUL,14/08/2024 2:40,235,AirAsia,Economy,620,255,TRUE,122,Y,N,N,1,7,0,0
Ninoy Aquino International Airport,MNL,13/08/2024 6:50,Kuala Lumpur International Airport,KUL,13/08/2024 10:35,225,Malaysia Airlines,Economy,590,235,N/A,208,Y,Y,Y,1,7,1,23
Ninoy Aquino International Airport,MNL,13/08/2024 10:45,Hong Kong International Airport,HKG,13/08/2024 13:15,150,Cathay Pacific,Economy,455,140,N/A,213,Y,Y,Y,1,7,1,23
Ninoy Aquino International Airport,MNL,13/08/2024 8:25,Guangzhou Baiyun International Airport,CAN,13/08/2024 10:40,135,China Southern,Economy,440,135,N/A,251,Y,Y,Y,1,8,1,23
Ninoy Aquino International Airport,MNL,14/08/2024 19:30,Tan Son Nhat International Airport,SGN,14/08/2024 21:20,170,Cebu Pacific,Economy,170,N/A,N/A,58,Y,N,N,1,7,0,0
Ninoy Aquino International Airport,MNL,14/08/2024 22:35,Tan Son Nhat International Airport,SGN,15/08/2024 0:25,170,Cebu Pacific,Economy,170,N/A,N/A,58,Y,N,N,1,7,0,0
Ninoy Aquino International Airport,MNL,14/08/2024 5:20,Tan Son Nhat International Airport,SGN,14/08/2024 6:50,150,Vietnam Airlines,Economy,150,N/A,N/A,104,Y,Y,Y,1,10,1,23
Ninoy Aquino International Airport,MNL,14/08/2024 6:55,Singapore Changi Airport,SIN,14/08/2024 10:30,215,Scoot,Economy,515,160,N/A,78,Y,N,N,1,7,0,0
Ninoy Aquino International Airport,MNL,14/08/2024 13:15,Kuala Lumpur International Airport,KUL,14/08/2024 17:15,240,AirAsia,Economy,505,140,N/A,122,Y,N,N,1,7,0,0
Ninoy Aquino International Airport,MNL,14/08/2024 22:45,Kuala Lumpur International Airport,KUL,15/08/2024 2:40,235,AirAsia,Economy,620,255,TRUE,122,Y,N,N,1,7,0,0
Ninoy Aquino International Airport,MNL,14/08/2024 6:45,Tan Son Nhat International Airport,SGN,14/08/2024 8:30,165,Philippine Airlines,Economy,165,N/A,N/A,136,Y,Y,Y,1,7,1,30
Ninoy Aquino International Airport,MNL,14/08/2024 12:50,Tan Son Nhat International Airport,SGN,14/08/2024 14:30,160,Philippine Airlines,Economy,160,N/A,N/A,136,Y,Y,Y,1,7,1,30
Ninoy Aquino International Airport,MNL,15/08/2024 6:55,Singapore Changi Airport,SIN,15/08/2024 10:30,215,Scoot,Economy,510,160,N/A,90,Y,N,N,1,7,0,0
Ninoy Aquino International Airport,MNL,15/08/2024 22:35,Tan Son Nhat International Airport,SGN,16/08/2024 0:25,170,Cebu Pacific,Economy,170,N/A,N/A,104,Y,N,N,1,7,0,0
Ninoy Aquino International Airport,MNL,15/08/2024 6:45,Tan Son Nhat International Airport,SGN,15/08/2024 8:30,165,Philippine Airlines,Economy,165,N/A,N/A,147,Y,Y,Y,1,7,1,30
Ninoy Aquino International Airport,MNL,15/08/2024 6:55,Singapore Changi Airport,SIN,15/08/2024 10:30,215,Scoot,Economy,650,290,N/A,83,Y,N,N,1,7,0,0
Ninoy Aquino International Airport,MNL,15/08/2024 20:55,Kuala Lumpur International Airport,KUL,16/08/2024 0:55,240,Cebu Pacific,Economy,730,360,TRUE,101,Y,N,N,1,7,0,0
Ninoy Aquino International Airport,MNL,15/08/2024 22:45,Kuala Lumpur International Airport,KUL,16/08/2024 2:40,235,AirAsia,Economy,620,255,TRUE,103,Y,N,N,1,7,0,0
Ninoy Aquino International Airport,MNL,15/08/2024 13:15,Kuala Lumpur International Airport,KUL,15/08/2024 17:15,240,AirAsia,Economy,505,140,N/A,110,Y,N,N,1,7,0,0
Ninoy Aquino International Airport,MNL,15/08/2024 9:05,Don Mueang International Airport,DMK,15/08/2024 11:25,200,Philippines AirAsia,Economy,435,135,N/A,165,Y,N,N,1,7,0,0
Ninoy Aquino International Airport,MNL,15/08/2024 10:45,Hong Kong International Airport,HKG,15/08/2024 13:15,150,Cathay Pacific,Economy,455,140,N/A,213,Y,Y,Y,1,7,1,23
Ninoy Aquino International Airport,MNL,16/08/2024 19:30,Tan Son Nhat International Airport,SGN,16/08/2024 21:20,170,Cebu Pacific,Economy,170,N/A,N/A,58,Y,N,N,1,7,0,0
Ninoy Aquino International Airport,MNL,16/08/2024 22:35,Tan Son Nhat International Airport,SGN,17/08/2024 0:25,170,Cebu Pacific,Economy,170,N/A,N/A,94,Y,N,N,1,7,0,0
Ninoy Aquino International Airport,MNL,16/08/2024 5:20,Tan Son Nhat International Airport,SGN,16/08/2024 6:50,150,Vietnam Airlines,Economy,150,N/A,N/A,104,Y,Y,Y,1,10,1,23
Ninoy Aquino International Airport,MNL,16/08/2024 12:50,Tan Son Nhat International Airport,SGN,16/08/2024 14:30,160,Philippine Airlines,Economy,160,N/A,N/A,146,Y,Y,Y,1,7,1,30
Ninoy Aquino International Airport,MNL,16/08/2024 19:35,Singapore Changi Airport,SIN,16/08/2024 23:15,220,Scoot,Economy,1190,835,TRUE,83,Y,N,N,1,7,0,0
Ninoy Aquino International Airport,MNL,16/08/2024 19:35,Singapore Changi Airport,SIN,16/08/2024 23:15,220,Scoot,Economy,820,465,TRUE,87,Y,N,N,1,7,0,0
Ninoy Aquino International Airport,MNL,16/08/2024 6:55,Singapore Changi Airport,SIN,16/08/2024 10:30,215,Scoot,Economy,650,290,N/A,90,Y,N,N,1,7,0,0
Ninoy Aquino International Airport,MNL,16/08/2024 13:15,Kuala Lumpur International Airport,KUL,16/08/2024 17:15,240,AirAsia,Economy,505,140,N/A,103,Y,N,N,1,7,0,0
Ninoy Aquino International Airport,MNL,16/08/2024 6:55,Singapore Changi Airport,SIN,16/08/2024 10:30,215,Scoot,Economy,510,160,N/A,106,Y,N,N,1,7,0,0
Ninoy Aquino International Airport,MNL,17/08/2024 22:35,Tan Son Nhat International Airport,SGN,18/08/2024 0:25,170,Cebu Pacific,Economy,170,N/A,N/A,57,Y,N,N,1,7,0,0
Ninoy Aquino International Airport,MNL,17/08/2024 6:55,Singapore Changi Airport,SIN,17/08/2024 10:30,215,Scoot,Economy,510,160,N/A,83,Y,N,N,1,7,0,0
Ninoy Aquino International Airport,MNL,17/08/2024 6:45,Tan Son Nhat International Airport,SGN,17/08/2024 8:30,165,Philippine Airlines,Economy,165,N/A,N/A,156,Y,Y,Y,1,7,1,30
Ninoy Aquino International Airport,MNL,17/08/2024 22:45,Kuala Lumpur International Airport,KUL,18/08/2024 2:40,235,AirAsia,Economy,1085,720,TRUE,131,Y,N,N,1,7,0,0
Ninoy Aquino International Airport,MNL,17/08/2024 13:15,Kuala Lumpur International Airport,KUL,17/08/2024 17:15,240,AirAsia,Economy,505,140,N/A,145,Y,N,N,1,7,0,0
Ninoy Aquino International Airport,MNL,17/08/2024 9:05,Don Mueang International Airport,DMK,17/08/2024 11:25,200,Philippines AirAsia,Economy,435,135,N/A,160,Y,N,N,1,7,0,0
Ninoy Aquino International Airport,MNL,17/08/2024 6:50,Kuala Lumpur International Airport,KUL,17/08/2024 10:35,225,Malaysia Airlines,Economy,590,235,N/A,208,Y,Y,Y,1,7,1,23
Ninoy Aquino International Airport,MNL,17/08/2024 10:45,Hong Kong International Airport,HKG,17/08/2024 13:15,150,Cathay Pacific,Economy,455,140,N/A,213,Y,Y,Y,1,7,1,23
Ninoy Aquino International Airport,MNL,17/08/2024 8:25,Guangzhou Baiyun International Airport,CAN,17/08/2024 10:40,135,China Southern,Economy,440,135,N/A,251,Y,Y,Y,1,8,1,23
Ninoy Aquino International Airport,MNL,18/08/2024 6:55,Singapore Changi Airport,SIN,18/08/2024 10:30,215,Scoot,Economy,510,160,N/A,90,Y,N,N,1,7,0,0
Ninoy Aquino International Airport,MNL,18/08/2024 5:20,Tan Son Nhat International Airport,SGN,18/08/2024 6:50,150,Vietnam Airlines,Economy,150,N/A,N/A,105,Y,Y,Y,1,10,1,23
Ninoy Aquino International Airport,MNL,18/08/2024 22:35,Tan Son Nhat International Airport,SGN,19/08/2024 0:25,170,Cebu Pacific,Economy,170,N/A,N/A,133,Y,N,N,1,7,0,0
Ninoy Aquino International Airport,MNL,18/08/2024 12:50,Tan Son Nhat International Airport,SGN,18/08/2024 14:30,160,Philippine Airlines,Economy,160,N/A,N/A,152,Y,Y,Y,1,7,1,30
Ninoy Aquino International Airport,MNL,18/08/2024 19:35,Singapore Changi Airport,SIN,18/08/2024 23:15,220,Scoot,Economy,1190,835,TRUE,83,Y,N,N,1,7,0,0
Ninoy Aquino International Airport,MNL,18/08/2024 19:35,Singapore Changi Airport,SIN,18/08/2024 23:15,220,Scoot,Economy,820,465,TRUE,87,Y,N,N,1,7,0,0
Ninoy Aquino International Airport,MNL,18/08/2024 22:45,Kuala Lumpur International Airport,KUL,19/08/2024 2:40,235,AirAsia,Economy,620,255,TRUE,98,Y,N,N,1,7,0,0
Ninoy Aquino International Airport,MNL,18/08/2024 13:15,Kuala Lumpur International Airport,KUL,18/08/2024 17:15,240,AirAsia,Economy,505,140,N/A,126,Y,N,N,1,7,0,0
Ninoy Aquino International Airport,MNL,19/08/2024 22:35,Tan Son Nhat International Airport,SGN,20/08/2024 0:25,170,Cebu Pacific,Economy,170,N/A,N/A,58,Y,N,N,1,7,0,0
Ninoy Aquino International Airport,MNL,19/08/2024 19:30,Tan Son Nhat International Airport,SGN,19/08/2024 21:20,170,Cebu Pacific,Economy,170,N/A,N/A,65,Y,N,N,1,7,0,0
Ninoy Aquino International Airport,MNL,19/08/2024 6:55,Singapore Changi Airport,SIN,19/08/2024 10:30,215,Scoot,Economy,510,160,N/A,83,Y,N,N,1,7,0,0
Ninoy Aquino International Airport,MNL,19/08/2024 5:20,Tan Son Nhat International Airport,SGN,19/08/2024 6:50,150,Vietnam Airlines,Economy,150,N/A,N/A,131,Y,Y,Y,1,10,1,23
Ninoy Aquino International Airport,MNL,19/08/2024 6:45,Tan Son Nhat International Airport,SGN,19/08/2024 8:30,165,Philippine Airlines,Economy,165,N/A,N/A,186,Y,Y,Y,1,7,1,30
Ninoy Aquino International Airport,MNL,19/08/2024 19:35,Singapore Changi Airport,SIN,19/08/2024 23:15,220,Scoot,Economy,1195,835,TRUE,78,Y,N,N,1,7,0,0
Ninoy Aquino International Airport,MNL,19/08/2024 18:20,Don Mueang International Airport,DMK,19/08/2024 20:50,210,Philippines AirAsia,Economy,955,640,TRUE,114,Y,N,N,1,7,0,0
Ninoy Aquino International Airport,MNL,19/08/2024 13:15,Kuala Lumpur International Airport,KUL,19/08/2024 17:15,240,AirAsia,Economy,505,140,N/A,122,Y,N,N,1,7,0,0
Ninoy Aquino International Airport,MNL,19/08/2024 10:45,Hong Kong International Airport,HKG,19/08/2024 13:15,150,Cathay Pacific,Economy,455,140,N/A,213,Y,Y,Y,1,7,1,23
Ninoy Aquino International Airport,MNL,19/08/2024 7:40,Singapore Changi Airport,SIN,19/08/2024 11:20,220,Singapore Airlines,Economy,480,130,N/A,286,Y,Y,Y,1,7,1,23
Ninoy Aquino International Airport,MNL,20/08/2024 6:55,Singapore Changi Airport,SIN,20/08/2024 10:30,215,Scoot,Economy,515,160,N/A,78,Y,N,N,1,7,0,0
Ninoy Aquino International Airport,MNL,20/08/2024 22:35,Tan Son Nhat International Airport,SGN,21/08/2024 0:25,170,Cebu Pacific,Economy,170,N/A,N/A,117,Y,N,N,1,7,0,0
Ninoy Aquino International Airport,MNL,20/08/2024 6:45,Tan Son Nhat International Airport,SGN,20/08/2024 8:30,165,Philippine Airlines,Economy,165,N/A,N/A,146,Y,Y,Y,1,7,1,30
Ninoy Aquino International Airport,MNL,20/08/2024 19:35,Singapore Changi Airport,SIN,20/08/2024 23:15,220,Scoot,Economy,1330,965,TRUE,78,Y,N,N,1,7,0,0
Ninoy Aquino International Airport,MNL,20/08/2024 19:35,Singapore Changi Airport,SIN,20/08/2024 23:15,220,Scoot,Economy,820,465,TRUE,83,Y,N,N,1,7,0,0
Ninoy Aquino International Airport,MNL,20/08/2024 17:30,Kuala Lumpur International Airport,KUL,20/08/2024 21:20,230,Philippines AirAsia,Economy,935,575,TRUE,101,Y,N,N,1,7,0,0
Ninoy Aquino International Airport,MNL,20/08/2024 13:15,Kuala Lumpur International Airport,KUL,20/08/2024 17:15,240,AirAsia,Economy,505,140,N/A,113,Y,N,N,1,7,0,0
Ninoy Aquino International Airport,MNL,20/08/2024 9:05,Don Mueang International Airport,DMK,20/08/2024 11:25,200,Philippines AirAsia,Economy,435,135,N/A,157,Y,N,N,1,7,0,0
Ninoy Aquino International Airport,MNL,20/08/2024 10:45,Hong Kong International Airport,HKG,20/08/2024 13:15,150,Cathay Pacific,Economy,455,140,N/A,213,Y,Y,Y,1,7,1,23
Ninoy Aquino International Airport,MNL,21/08/2024 19:30,Tan Son Nhat International Airport,SGN,21/08/2024 21:20,170,Cebu Pacific,Economy,170,N/A,N/A,85,Y,N,N,1,7,0,0
Ninoy Aquino International Airport,MNL,21/08/2024 12:50,Tan Son Nhat International Airport,SGN,21/08/2024 14:30,160,Philippine Airlines,Economy,160,N/A,N/A,146,Y,Y,Y,1,7,1,30
Ninoy Aquino International Airport,MNL,21/08/2024 5:20,Tan Son Nhat International Airport,SGN,21/08/2024 6:50,150,Vietnam Airlines,Economy,150,N/A,N/A,155,Y,Y,Y,1,10,1,23
Ninoy Aquino International Airport,MNL,21/08/2024 6:55,Singapore Changi Airport,SIN,21/08/2024 10:30,215,Scoot,Economy,650,290,N/A,92,Y,N,N,1,7,0,0
Ninoy Aquino International Airport,MNL,21/08/2024 19:35,Singapore Changi Airport,SIN,21/08/2024 23:15,220,Scoot,Economy,820,465,TRUE,96,Y,N,N,1,7,0,0
Ninoy Aquino International Airport,MNL,21/08/2024 6:55,Singapore Changi Airport,SIN,21/08/2024 10:30,215,Scoot,Economy,515,160,N/A,97,Y,N,N,1,7,0,0
Ninoy Aquino International Airport,MNL,21/08/2024 22:35,Tan Son Nhat International Airport,SGN,22/08/2024 0:25,170,Cebu Pacific,Economy,170,N/A,N/A,117,Y,N,N,1,7,0,0
Ninoy Aquino International Airport,MNL,21/08/2024 18:20,Don Mueang International Airport,DMK,21/08/2024 20:50,210,Philippines AirAsia,Economy,955,640,TRUE,134,Y,N,N,1,7,0,0
Ninoy Aquino International Airport,MNL,21/08/2024 6:45,Tan Son Nhat International Airport,SGN,21/08/2024 8:30,165,Philippine Airlines,Economy,165,N/A,N/A,146,Y,Y,Y,1,7,1,30
Ninoy Aquino International Airport,MNL,22/08/2024 22:35,Tan Son Nhat International Airport,SGN,23/08/2024 0:25,170,Cebu Pacific,Economy,170,N/A,N/A,58,Y,N,N,1,7,0,0
Ninoy Aquino International Airport,MNL,22/08/2024 6:55,Singapore Changi Airport,SIN,22/08/2024 10:30,215,Scoot,Economy,510,160,N/A,97,Y,N,N,1,7,0,0
Ninoy Aquino International Airport,MNL,22/08/2024 6:45,Tan Son Nhat International Airport,SGN,22/08/2024 8:30,165,Philippine Airlines,Economy,165,N/A,N/A,226,Y,Y,Y,1,7,1,30
Ninoy Aquino International Airport,MNL,22/08/2024 6:55,Singapore Changi Airport,SIN,22/08/2024 10:30,215,Scoot,Economy,650,290,N/A,92,Y,N,N,1,7,0,0
Ninoy Aquino International Airport,MNL,22/08/2024 17:30,Kuala Lumpur International Airport,KUL,22/08/2024 21:25,235,Philippines AirAsia,Economy,1180,820,TRUE,103,Y,N,N,1,7,0,0
Ninoy Aquino International Airport,MNL,22/08/2024 13:15,Kuala Lumpur International Airport,KUL,22/08/2024 17:15,240,AirAsia,Economy,505,140,N/A,113,Y,N,N,1,7,0,0
Ninoy Aquino International Airport,MNL,22/08/2024 6:50,Kuala Lumpur International Airport,KUL,22/08/2024 10:35,225,Malaysia Airlines,Economy,590,235,N/A,208,Y,Y,Y,1,7,1,23
Ninoy Aquino International Airport,MNL,22/08/2024 5:30,Hong Kong International Airport,HKG,22/08/2024 7:40,130,Cathay Pacific,Economy,355,60,N/A,213,Y,Y,Y,1,7,1,23
Ninoy Aquino International Airport,MNL,22/08/2024 10:45,Hong Kong International Airport,HKG,22/08/2024 13:15,150,Cathay Pacific,Economy,455,140,N/A,213,Y,Y,Y,1,7,1,23
Ninoy Aquino International Airport,MNL,23/08/2024 22:35,Tan Son Nhat International Airport,SGN,24/08/2024 0:25,170,Cebu Pacific,Economy,170,N/A,N/A,104,Y,N,N,1,7,0,0
Ninoy Aquino International Airport,MNL,23/08/2024 19:30,Tan Son Nhat International Airport,SGN,23/08/2024 21:20,170,Cebu Pacific,Economy,170,N/A,N/A,133,Y,N,N,1,7,0,0
Ninoy Aquino International Airport,MNL,23/08/2024 5:20,Tan Son Nhat International Airport,SGN,23/08/2024 6:50,150,Vietnam Airlines,Economy,150,N/A,N/A,190,Y,Y,Y,1,10,1,23
Ninoy Aquino International Airport,MNL,23/08/2024 12:50,Tan Son Nhat International Airport,SGN,23/08/2024 14:30,160,Philippine Airlines,Economy,160,N/A,N/A,226,Y,Y,Y,1,7,1,30
Ninoy Aquino International Airport,MNL,23/08/2024 19:35,Singapore Changi Airport,SIN,23/08/2024 23:15,220,Scoot,Economy,1190,835,TRUE,92,Y,N,N,1,7,0,0
Ninoy Aquino International Airport,MNL,23/08/2024 19:35,Singapore Changi Airport,SIN,23/08/2024 23:15,220,Scoot,Economy,820,465,TRUE,101,Y,N,N,1,7,0,0
Ninoy Aquino International Airport,MNL,23/08/2024 6:55,Singapore Changi Airport,SIN,23/08/2024 10:30,215,Scoot,Economy,650,290,N/A,107,Y,N,N,1,7,0,0
Ninoy Aquino International Airport,MNL,23/08/2024 6:55,Singapore Changi Airport,SIN,23/08/2024 10:30,215,Scoot,Economy,510,160,N/A,114,Y,N,N,1,7,0,0
Ninoy Aquino International Airport,MNL,23/08/2024 13:15,Kuala Lumpur International Airport,KUL,23/08/2024 17:15,240,AirAsia,Economy,505,140,N/A,132,Y,N,N,1,7,0,0
Ninoy Aquino International Airport,MNL,24/08/2024 6:55,Singapore Changi Airport,SIN,24/08/2024 10:30,215,Scoot,Economy,510,160,N/A,102,Y,N,N,1,7,0,0
Ninoy Aquino International Airport,MNL,24/08/2024 22:35,Tan Son Nhat International Airport,SGN,25/08/2024 0:25,170,Cebu Pacific,Economy,170,N/A,N/A,133,Y,N,N,1,7,0,0
Ninoy Aquino International Airport,MNL,24/08/2024 6:45,Tan Son Nhat International Airport,SGN,24/08/2024 8:30,165,Philippine Airlines,Economy,165,N/A,N/A,156,Y,Y,Y,1,7,1,30
Ninoy Aquino International Airport,MNL,24/08/2024 19:35,Singapore Changi Airport,SIN,24/08/2024 23:15,220,Scoot,Economy,815,465,TRUE,96,Y,N,N,1,7,0,0
Ninoy Aquino International Airport,MNL,24/08/2024 17:30,Kuala Lumpur International Airport,KUL,24/08/2024 21:25,235,Philippines AirAsia,Economy,1180,820,TRUE,138,Y,N,N,1,7,0,0
Ninoy Aquino International Airport,MNL,24/08/2024 13:15,Kuala Lumpur International Airport,KUL,24/08/2024 17:15,240,AirAsia,Economy,505,140,N/A,147,Y,N,N,1,7,0,0
Ninoy Aquino International Airport,MNL,24/08/2024 6:50,Kuala Lumpur International Airport,KUL,24/08/2024 10:35,225,Malaysia Airlines,Economy,590,235,N/A,208,Y,Y,Y,1,7,1,23
Ninoy Aquino International Airport,MNL,24/08/2024 10:45,Hong Kong International Airport,HKG,24/08/2024 13:15,150,Cathay Pacific,Economy,455,140,N/A,213,Y,Y,Y,1,7,1,23
Ninoy Aquino International Airport,MNL,24/08/2024 7:40,Singapore Changi Airport,SIN,24/08/2024 11:20,220,Singapore Airlines,Economy,480,130,N/A,286,Y,Y,Y,1,7,1,23
Ninoy Aquino International Airport,MNL,25/08/2024 22:35,Tan Son Nhat International Airport,SGN,26/08/2024 0:25,170,Cebu Pacific,Economy,170,N/A,N/A,58,Y,N,N,1,7,0,0
Ninoy Aquino International Airport,MNL,25/08/2024 6:55,Singapore Changi Airport,SIN,25/08/2024 10:30,215,Scoot,Economy,510,160,N/A,83,Y,N,N,1,7,0,0
Ninoy Aquino International Airport,MNL,25/08/2024 5:20,Tan Son Nhat International Airport,SGN,25/08/2024 6:50,150,Vietnam Airlines,Economy,150,N/A,N/A,131,Y,Y,Y,1,10,1,23
Ninoy Aquino International Airport,MNL,25/08/2024 12:50,Tan Son Nhat International Airport,SGN,25/08/2024 14:30,160,Philippine Airlines,Economy,160,N/A,N/A,186,Y,Y,Y,1,7,1,30
Ninoy Aquino International Airport,MNL,25/08/2024 19:35,Singapore Changi Airport,SIN,25/08/2024 23:15,220,Scoot,Economy,1190,835,TRUE,78,Y,N,N,1,7,0,0
Ninoy Aquino International Airport,MNL,25/08/2024 18:20,Don Mueang International Airport,DMK,25/08/2024 20:50,210,Philippines AirAsia,Economy,955,640,TRUE,114,Y,N,N,1,7,0,0
Ninoy Aquino International Airport,MNL,25/08/2024 23:10,Don Mueang International Airport,DMK,26/08/2024 1:40,210,Philippines AirAsia,Economy,665,350,TRUE,135,Y,N,N,1,7,0,0
Ninoy Aquino International Airport,MNL,25/08/2024 13:15,Kuala Lumpur International Airport,KUL,25/08/2024 17:15,240,AirAsia,Economy,505,140,N/A,145,Y,N,N,1,7,0,0
Ninoy Aquino International Airport,MNL,25/08/2024 22:45,Kuala Lumpur International Airport,KUL,26/08/2024 2:40,235,AirAsia,Economy,620,255,TRUE,145,Y,N,N,1,7,0,0
Ninoy Aquino International Airport,MNL,25/08/2024 5:30,Hong Kong International Airport,HKG,25/08/2024 7:40,130,Cathay Pacific,Economy,355,60,N/A,213,Y,Y,Y,1,7,1,23
Ninoy Aquino International Airport,MNL,26/08/2024 19:30,Tan Son Nhat International Airport,SGN,26/08/2024 21:20,170,Cebu Pacific,Economy,170,N/A,N/A,58,Y,N,N,1,7,0,0
Ninoy Aquino International Airport,MNL,26/08/2024 6:55,Singapore Changi Airport,SIN,26/08/2024 10:30,215,Scoot,Economy,510,160,N/A,78,Y,N,N,1,7,0,0
Ninoy Aquino International Airport,MNL,26/08/2024 22:35,Tan Son Nhat International Airport,SGN,27/08/2024 0:25,170,Cebu Pacific,Economy,170,N/A,N/A,85,Y,N,N,1,7,0,0
Ninoy Aquino International Airport,MNL,26/08/2024 5:20,Tan Son Nhat International Airport,SGN,26/08/2024 6:50,150,Vietnam Airlines,Economy,150,N/A,N/A,131,Y,Y,Y,1,10,1,23
Ninoy Aquino International Airport,MNL,26/08/2024 6:45,Tan Son Nhat International Airport,SGN,26/08/2024 8:30,165,Philippine Airlines,Economy,165,N/A,N/A,146,Y,Y,Y,1,7,1,30
Ninoy Aquino International Airport,MNL,26/08/2024 19:35,Singapore Changi Airport,SIN,26/08/2024 23:15,220,Scoot,Economy,1195,835,TRUE,78,Y,N,N,1,7,0,0
Ninoy Aquino International Airport,MNL,26/08/2024 19:35,Singapore Changi Airport,SIN,26/08/2024 23:15,220,Scoot,Economy,820,465,TRUE,83,Y,N,N,1,7,0,0
Ninoy Aquino International Airport,MNL,26/08/2024 18:20,Don Mueang International Airport,DMK,26/08/2024 20:50,210,Philippines AirAsia,Economy,955,640,TRUE,114,Y,N,N,1,7,0,0
Ninoy Aquino International Airport,MNL,26/08/2024 9:05,Don Mueang International Airport,DMK,26/08/2024 11:25,200,Philippines AirAsia,Economy,435,135,N/A,137,Y,N,N,1,7,0,0
Ninoy Aquino International Airport,MNL,27/08/2024 22:35,Tan Son Nhat International Airport,SGN,28/08/2024 0:25,170,Cebu Pacific,Economy,170,N/A,N/A,58,Y,N,N,1,7,0,0
Ninoy Aquino International Airport,MNL,27/08/2024 6:55,Singapore Changi Airport,SIN,27/08/2024 10:30,215,Scoot,Economy,515,160,N/A,78,Y,N,N,1,7,0,0
Ninoy Aquino International Airport,MNL,27/08/2024 6:45,Tan Son Nhat International Airport,SGN,27/08/2024 8:30,165,Philippine Airlines,Economy,165,N/A,N/A,146,Y,Y,Y,1,7,1,30
Ninoy Aquino International Airport,MNL,27/08/2024 13:15,Kuala Lumpur International Airport,KUL,27/08/2024 17:15,240,AirAsia,Economy,505,140,N/A,113,Y,N,N,1,7,0,0
Ninoy Aquino International Airport,MNL,27/08/2024 9:05,Don Mueang International Airport,DMK,27/08/2024 11:25,200,Philippines AirAsia,Economy,435,135,N/A,154,Y,N,N,1,7,0,0
Ninoy Aquino International Airport,MNL,27/08/2024 6:50,Kuala Lumpur International Airport,KUL,27/08/2024 10:35,225,Malaysia Airlines,Economy,590,235,N/A,208,Y,Y,Y,1,7,1,23
Ninoy Aquino International Airport,MNL,27/08/2024 10:45,Hong Kong International Airport,HKG,27/08/2024 13:15,150,Cathay Pacific,Economy,455,140,N/A,213,Y,Y,Y,1,7,1,23
Ninoy Aquino International Airport,MNL,27/08/2024 8:25,Guangzhou Baiyun International Airport,CAN,27/08/2024 10:40,135,China Southern,Economy,440,135,N/A,251,Y,Y,Y,1,8,1,23
Ninoy Aquino International Airport,MNL,28/08/2024 19:30,Tan Son Nhat International Airport,SGN,28/08/2024 21:20,170,Cebu Pacific,Economy,170,N/A,N/A,58,Y,N,N,1,7,0,0
Ninoy Aquino International Airport,MNL,28/08/2024 22:35,Tan Son Nhat International Airport,SGN,29/08/2024 0:25,170,Cebu Pacific,Economy,170,N/A,N/A,58,Y,N,N,1,7,0,0
Ninoy Aquino International Airport,MNL,28/08/2024 5:20,Tan Son Nhat International Airport,SGN,28/08/2024 6:50,150,Vietnam Airlines,Economy,150,N/A,N/A,131,Y,Y,Y,1,10,1,23
Ninoy Aquino International Airport,MNL,28/08/2024 12:50,Tan Son Nhat International Airport,SGN,28/08/2024 14:30,160,Philippine Airlines,Economy,160,N/A,N/A,146,Y,Y,Y,1,7,1,30
Ninoy Aquino International Airport,MNL,28/08/2024 6:55,Singapore Changi Airport,SIN,28/08/2024 10:30,215,Scoot,Economy,515,160,N/A,78,Y,N,N,1,7,0,0
Ninoy Aquino International Airport,MNL,28/08/2024 18:20,Don Mueang International Airport,DMK,28/08/2024 20:50,210,Philippines AirAsia,Economy,955,640,TRUE,110,Y,N,N,1,7,0,0
Ninoy Aquino International Airport,MNL,28/08/2024 22:45,Kuala Lumpur International Airport,KUL,29/08/2024 2:40,235,AirAsia,Economy,620,255,TRUE,129,Y,N,N,1,7,0,0
Ninoy Aquino International Airport,MNL,28/08/2024 13:15,Kuala Lumpur International Airport,KUL,28/08/2024 17:15,240,AirAsia,Economy,505,140,N/A,132,Y,N,N,1,7,0,0
Ninoy Aquino International Airport,MNL,28/08/2024 6:45,Tan Son Nhat International Airport,SGN,28/08/2024 8:30,165,Philippine Airlines,Economy,165,N/A,N/A,146,Y,Y,Y,1,7,1,30
Ninoy Aquino International Airport,MNL,29/08/2024 22:35,Tan Son Nhat International Airport,SGN,30/08/2024 0:25,170,Cebu Pacific,Economy,170,N/A,N/A,58,Y,N,N,1,7,0,0
Ninoy Aquino International Airport,MNL,29/08/2024 6:55,Singapore Changi Airport,SIN,29/08/2024 10:30,215,Scoot,Economy,650,290,N/A,78,Y,N,N,1,7,0,0
Ninoy Aquino International Airport,MNL,29/08/2024 6:45,Tan Son Nhat International Airport,SGN,29/08/2024 8:30,165,Philippine Airlines,Economy,165,N/A,N/A,156,Y,Y,Y,1,7,1,30
Ninoy Aquino International Airport,MNL,29/08/2024 6:55,Singapore Changi Airport,SIN,29/08/2024 10:30,215,Scoot,Economy,510,160,N/A,99,Y,N,N,1,7,0,0
Ninoy Aquino International Airport,MNL,29/08/2024 17:30,Kuala Lumpur International Airport,KUL,29/08/2024 21:25,235,Philippines AirAsia,Economy,935,570,TRUE,103,Y,N,N,1,7,0,0
Ninoy Aquino International Airport,MNL,29/08/2024 13:15,Kuala Lumpur International Airport,KUL,29/08/2024 17:15,240,AirAsia,Economy,505,140,N/A,111,Y,N,N,1,7,0,0
Ninoy Aquino International Airport,MNL,29/08/2024 22:45,Kuala Lumpur International Airport,KUL,30/08/2024 2:40,235,AirAsia,Economy,620,255,TRUE,111,Y,N,N,1,7,0,0
Ninoy Aquino International Airport,MNL,29/08/2024 9:05,Don Mueang International Airport,DMK,29/08/2024 11:25,200,Philippines AirAsia,Economy,435,135,N/A,195,Y,N,N,1,7,0,0
Ninoy Aquino International Airport,MNL,29/08/2024 10:45,Hong Kong International Airport,HKG,29/08/2024 13:15,150,Cathay Pacific,Economy,455,140,N/A,213,Y,Y,Y,1,7,1,23
Ninoy Aquino International Airport,MNL,30/08/2024 19:30,Tan Son Nhat International Airport,SGN,30/08/2024 21:20,170,Cebu Pacific,Economy,170,N/A,N/A,58,Y,N,N,1,7,0,0
Ninoy Aquino International Airport,MNL,30/08/2024 22:35,Tan Son Nhat International Airport,SGN,31/08/2024 0:25,170,Cebu Pacific,Economy,170,N/A,N/A,58,Y,N,N,1,7,0,0
Ninoy Aquino International Airport,MNL,30/08/2024 5:20,Tan Son Nhat International Airport,SGN,30/08/2024 6:50,150,Vietnam Airlines,Economy,150,N/A,N/A,131,Y,Y,Y,1,10,1,23
Ninoy Aquino International Airport,MNL,30/08/2024 12:50,Tan Son Nhat International Airport,SGN,30/08/2024 14:30,160,Philippine Airlines,Economy,160,N/A,N/A,156,Y,Y,Y,1,7,1,30
Ninoy Aquino International Airport,MNL,30/08/2024 6:55,Singapore Changi Airport,SIN,30/08/2024 10:30,215,Scoot,Economy,650,290,N/A,83,Y,N,N,1,7,0,0
Ninoy Aquino International Airport,MNL,30/08/2024 6:55,Singapore Changi Airport,SIN,30/08/2024 10:30,215,Scoot,Economy,510,160,N/A,99,Y,N,N,1,7,0,0
Ninoy Aquino International Airport,MNL,30/08/2024 17:30,Kuala Lumpur International Airport,KUL,30/08/2024 21:30,240,Philippines AirAsia,Economy,935,565,TRUE,103,Y,N,N,1,7,0,0
Ninoy Aquino International Airport,MNL,30/08/2024 13:15,Kuala Lumpur International Airport,KUL,30/08/2024 17:15,240,AirAsia,Economy,505,140,N/A,111,Y,N,N,1,7,0,0
Ninoy Aquino International Airport,MNL,30/08/2024 9:05,Don Mueang International Airport,DMK,30/08/2024 11:25,200,Philippines AirAsia,Economy,435,135,N/A,147,Y,N,N,1,7,0,0
Ninoy Aquino International Airport,MNL,31/08/2024 22:35,Tan Son Nhat International Airport,SGN,01/09/2024 0:25,170,Cebu Pacific,Economy,170,N/A,N/A,58,Y,N,N,1,7,0,0
Ninoy Aquino International Airport,MNL,31/08/2024 6:55,Singapore Changi Airport,SIN,31/08/2024 10:30,215,Scoot,Economy,510,160,N/A,110,Y,N,N,1,7,0,0
Ninoy Aquino International Airport,MNL,31/08/2024 6:45,Tan Son Nhat International Airport,SGN,31/08/2024 8:30,165,Philippine Airlines,Economy,165,N/A,N/A,156,Y,Y,Y,1,7,1,30
Ninoy Aquino International Airport,MNL,31/08/2024 19:35,Singapore Changi Airport,SIN,31/08/2024 23:15,220,Scoot,Economy,1190,835,TRUE,83,Y,N,N,1,7,0,0
Ninoy Aquino International Airport,MNL,31/08/2024 6:55,Singapore Changi Airport,SIN,31/08/2024 10:30,215,Scoot,Economy,650,290,N/A,99,Y,N,N,1,7,0,0
Ninoy Aquino International Airport,MNL,31/08/2024 17:30,Kuala Lumpur International Airport,KUL,31/08/2024 21:25,235,Philippines AirAsia,Economy,935,570,TRUE,107,Y,N,N,1,7,0,0
Ninoy Aquino International Airport,MNL,31/08/2024 13:15,Kuala Lumpur International Airport,KUL,31/08/2024 17:15,240,AirAsia,Economy,505,140,N/A,115,Y,N,N,1,7,0,0
Ninoy Aquino International Airport,MNL,31/08/2024 22:45,Kuala Lumpur International Airport,KUL,01/09/2024 2:40,235,AirAsia,Economy,620,255,TRUE,115,Y,N,N,1,7,0,0
Ninoy Aquino International Airport,MNL,31/08/2024 9:05,Don Mueang International Airport,DMK,31/08/2024 11:25,200,Philippines AirAsia,Economy,435,135,N/A,163,Y,N,N,1,7,0,0
Ninoy Aquino International Airport,MNL,31/08/2024 10:45,Hong Kong International Airport,HKG,31/08/2024 13:15,150,Cathay Pacific,Economy,455,140,N/A,213,Y,Y,Y,1,7,1,23