Departure Airport Name,Departure Airport ID,Departure Time,Arrival Airport Name,Arrival Airport ID,Arrival Time,Duration,Airline,Travel Class,Total Duration,Layover 1 Duration,Layover 1 Overnight,Price, Cabin Baggage, Checked Baggage,Meal Included,Cabin Baggage (Number),Cabin Baggage (kg per piece),Checked Baggage (Number),Checked Baggage (kg per piece) 
Ninoy Aquino International Airport,MNL,01/07/2024 22:45,Kuala Lumpur International Airport,KUL,02/07/2024 2:40,235,AirAsia,Economy,235,N/A,N/A,94,Y,N,N,1,7,0,0
Ninoy Aquino International Airport,MNL,01/07/2024 17:30,Kuala Lumpur International Airport,KUL,01/07/2024 21:30,240,Philippines AirAsia,Economy,240,N/A,N/A,102,Y,N,N,1,7,0,0
Ninoy Aquino International Airport,MNL,01/07/2024 12:50,Kuala Lumpur International Airport,KUL,01/07/2024 16:50,240,Malaysia Airlines,Economy,240,N/A,N/A,126,Y,Y,Y,1,7,1,23
Ninoy Aquino International Airport,MNL,01/07/2024 15:05,Kuala Lumpur International Airport,KUL,01/07/2024 19:00,235,Malaysia Airlines,Economy,235,N/A,N/A,126,Y,Y,Y,1,7,1,23
Ninoy Aquino International Airport,MNL,01/07/2024 6:30,Kuala Lumpur International Airport,KUL,01/07/2024 10:15,225,Philippine Airlines,Economy,225,N/A,N/A,157,Y,Y,Y,1,7,1,30
Ninoy Aquino International Airport,MNL,01/07/2024 19:35,Singapore Changi Airport,SIN,01/07/2024 23:15,220,Scoot,Economy,615,335,TRUE,84,Y,N,N,1,7,0,0
Ninoy Aquino International Airport,MNL,01/07/2024 13:15,Kuala Lumpur International Airport,KUL,01/07/2024 17:15,240,AirAsia,Economy,240,N/A,N/A,120,Y,N,N,1,7,0,0
Ninoy Aquino International Airport,MNL,01/07/2024 8:00,Hong Kong International Airport,HKG,01/07/2024 10:30,150,Cathay Pacific,Economy,525,130,N/A,213,Y,Y,Y,1,7,1,23
Ninoy Aquino International Airport,MNL,02/07/2024 17:30,Kuala Lumpur International Airport,KUL,02/07/2024 21:20,230,Philippines AirAsia,Economy,230,N/A,N/A,69,Y,N,N,1,7,0,0
Ninoy Aquino International Airport,MNL,02/07/2024 22:45,Kuala Lumpur International Airport,KUL,03/07/2024 2:40,235,AirAsia,Economy,235,N/A,N/A,69,Y,N,N,1,7,0,0
Ninoy Aquino International Airport,MNL,02/07/2024 20:55,Kuala Lumpur International Airport,KUL,03/07/2024 0:55,240,Cebu Pacific,Economy,240,N/A,N/A,81,Y,N,N,1,7,0,0
Ninoy Aquino International Airport,MNL,02/07/2024 6:55,Singapore Changi Airport,SIN,02/07/2024 10:30,215,Scoot,Economy,625,340,N/A,84,Y,N,N,1,7,0,0
Ninoy Aquino International Airport,MNL,02/07/2024 13:15,Kuala Lumpur International Airport,KUL,02/07/2024 17:15,240,AirAsia,Economy,240,N/A,N/A,102,Y,N,N,1,7,0,0
Ninoy Aquino International Airport,MNL,02/07/2024 12:50,Kuala Lumpur International Airport,KUL,02/07/2024 16:50,240,Malaysia Airlines,Economy,240,N/A,N/A,126,Y,Y,Y,1,7,1,23
Ninoy Aquino International Airport,MNL,02/07/2024 15:05,Kuala Lumpur International Airport,KUL,02/07/2024 19:00,235,Malaysia Airlines,Economy,235,N/A,N/A,126,Y,Y,Y,1,7,1,23
Ninoy Aquino International Airport,MNL,02/07/2024 11:20,Kuala Lumpur International Airport,KUL,02/07/2024 15:15,235,Philippine Airlines,Economy,235,N/A,N/A,272,Y,Y,Y,1,7,1,30
Ninoy Aquino International Airport,MNL,03/07/2024 20:55,Kuala Lumpur International Airport,KUL,04/07/2024 0:55,240,Cebu Pacific,Economy,240,N/A,N/A,69,Y,N,N,1,7,0,0
Ninoy Aquino International Airport,MNL,03/07/2024 22:45,Kuala Lumpur International Airport,KUL,04/07/2024 2:40,235,AirAsia,Economy,235,N/A,N/A,69,Y,N,N,1,7,0,0
Ninoy Aquino International Airport,MNL,03/07/2024 12:50,Kuala Lumpur International Airport,KUL,03/07/2024 16:50,240,Malaysia Airlines,Economy,240,N/A,N/A,83,Y,Y,Y,1,7,1,23
Ninoy Aquino International Airport,MNL,03/07/2024 17:30,Kuala Lumpur International Airport,KUL,03/07/2024 21:30,240,Philippines AirAsia,Economy,240,N/A,N/A,84,Y,N,N,1,7,0,0
Ninoy Aquino International Airport,MNL,03/07/2024 19:35,Singapore Changi Airport,SIN,03/07/2024 23:15,220,Scoot,Economy,615,335,TRUE,62,Y,N,N,1,7,0,0
Ninoy Aquino International Airport,MNL,03/07/2024 13:15,Kuala Lumpur International Airport,KUL,03/07/2024 17:15,240,AirAsia,Economy,240,N/A,N/A,101,Y,N,N,1,7,0,0
Ninoy Aquino International Airport,MNL,03/07/2024 2:00,Singapore Changi Airport,SIN,03/07/2024 6:00,240,Jetstar,Economy,370,60,N/A,104,Y,N,N,1,7,0,0
Ninoy Aquino International Airport,MNL,03/07/2024 6:50,Kuala Lumpur International Airport,KUL,03/07/2024 10:35,225,Malaysia Airlines,Economy,225,N/A,N/A,126,Y,Y,Y,1,7,1,23
Ninoy Aquino International Airport,MNL,03/07/2024 15:05,Kuala Lumpur International Airport,KUL,03/07/2024 19:00,235,Malaysia Airlines,Economy,235,N/A,N/A,126,Y,Y,Y,1,7,1,23
Ninoy Aquino International Airport,MNL,03/07/2024 6:30,Kuala Lumpur International Airport,KUL,03/07/2024 10:15,225,Philippine Airlines,Economy,225,N/A,N/A,135,Y,Y,Y,1,7,1,30
Ninoy Aquino International Airport,MNL,04/07/2024 20:55,Kuala Lumpur International Airport,KUL,05/07/2024 0:55,240,Cebu Pacific,Economy,240,N/A,N/A,69,Y,N,N,1,7,0,0
Ninoy Aquino International Airport,MNL,04/07/2024 17:30,Kuala Lumpur International Airport,KUL,04/07/2024 21:25,235,Philippines AirAsia,Economy,235,N/A,N/A,83,Y,N,N,1,7,0,0
Ninoy Aquino International Airport,MNL,04/07/2024 11:20,Kuala Lumpur International Airport,KUL,04/07/2024 15:15,235,Philippine Airlines,Economy,235,N/A,N/A,157,Y,Y,Y,1,7,1,30
Ninoy Aquino International Airport,MNL,04/07/2024 19:35,Singapore Changi Airport,SIN,04/07/2024 23:15,220,Scoot,Economy,615,335,TRUE,62,Y,N,N,1,7,0,0
Ninoy Aquino International Airport,MNL,04/07/2024 6:55,Singapore Changi Airport,SIN,04/07/2024 10:30,215,Scoot,Economy,680,390,N/A,66,Y,N,N,1,7,0,0
Ninoy Aquino International Airport,MNL,04/07/2024 22:45,Kuala Lumpur International Airport,KUL,05/07/2024 2:40,235,AirAsia,Economy,235,N/A,N/A,68,Y,N,N,1,7,0,0
Ninoy Aquino International Airport,MNL,04/07/2024 6:55,Singapore Changi Airport,SIN,04/07/2024 10:30,215,Scoot,Economy,625,340,N/A,71,Y,N,N,1,7,0,0
Ninoy Aquino International Airport,MNL,04/07/2024 13:15,Kuala Lumpur International Airport,KUL,04/07/2024 17:15,240,AirAsia,Economy,240,N/A,N/A,84,Y,N,N,1,7,0,0
Ninoy Aquino International Airport,MNL,04/07/2024 15:05,Kuala Lumpur International Airport,KUL,04/07/2024 19:00,235,Malaysia Airlines,Economy,235,N/A,N/A,124,Y,Y,Y,1,7,1,23
Ninoy Aquino International Airport,MNL,04/07/2024 12:50,Kuala Lumpur International Airport,KUL,04/07/2024 16:50,240,Malaysia Airlines,Economy,240,N/A,N/A,126,Y,Y,Y,1,7,1,23
Ninoy Aquino International Airport,MNL,04/07/2024 21:15,Kuala Lumpur International Airport,KUL,05/07/2024 1:10,235,Philippine Airlines,Economy,235,N/A,N/A,135,Y,Y,Y,1,7,1,30
Ninoy Aquino International Airport,MNL,05/07/2024 22:45,Kuala Lumpur International Airport,KUL,06/07/2024 2:40,235,AirAsia,Economy,235,N/A,N/A,66,Y,N,N,1,7,0,0
Ninoy Aquino International Airport,MNL,05/07/2024 17:30,Kuala Lumpur International Airport,KUL,05/07/2024 21:30,240,Philippines AirAsia,Economy,240,N/A,N/A,68,Y,N,N,1,7,0,0
Ninoy Aquino International Airport,MNL,05/07/2024 20:55,Kuala Lumpur International Airport,KUL,06/07/2024 0:55,240,Cebu Pacific,Economy,240,N/A,N/A,69,Y,N,N,1,7,0,0
Ninoy Aquino International Airport,MNL,05/07/2024 6:55,Singapore Changi Airport,SIN,05/07/2024 10:30,215,Scoot,Economy,625,340,N/A,71,Y,N,N,1,7,0,0
Ninoy Aquino International Airport,MNL,05/07/2024 13:15,Kuala Lumpur International Airport,KUL,05/07/2024 17:15,240,AirAsia,Economy,240,N/A,N/A,100,Y,N,N,1,7,0,0
Ninoy Aquino International Airport,MNL,05/07/2024 12:50,Kuala Lumpur International Airport,KUL,05/07/2024 16:50,240,Malaysia Airlines,Economy,240,N/A,N/A,124,Y,Y,Y,1,7,1,23
Ninoy Aquino International Airport,MNL,05/07/2024 15:05,Kuala Lumpur International Airport,KUL,05/07/2024 19:00,235,Malaysia Airlines,Economy,235,N/A,N/A,124,Y,Y,Y,1,7,1,23
Ninoy Aquino International Airport,MNL,05/07/2024 6:30,Kuala Lumpur International Airport,KUL,05/07/2024 10:15,225,Philippine Airlines,Economy,225,N/A,N/A,135,Y,Y,Y,1,7,1,30
Ninoy Aquino International Airport,MNL,05/07/2024 21:15,Kuala Lumpur International Airport,KUL,06/07/2024 1:10,235,Philippine Airlines,Economy,235,N/A,N/A,135,Y,Y,Y,1,7,1,30
Ninoy Aquino International Airport,MNL,06/07/2024 20:55,Kuala Lumpur International Airport,KUL,07/07/2024 0:55,240,Cebu Pacific,Economy,240,N/A,N/A,69,Y,N,N,1,7,0,0
Ninoy Aquino International Airport,MNL,06/07/2024 17:30,Kuala Lumpur International Airport,KUL,06/07/2024 21:25,235,Philippines AirAsia,Economy,235,N/A,N/A,83,Y,N,N,1,7,0,0
Ninoy Aquino International Airport,MNL,06/07/2024 11:20,Kuala Lumpur International Airport,KUL,06/07/2024 15:15,235,Philippine Airlines,Economy,235,N/A,N/A,135,Y,Y,Y,1,7,1,30
Ninoy Aquino International Airport,MNL,06/07/2024 22:45,Kuala Lumpur International Airport,KUL,07/07/2024 2:40,235,AirAsia,Economy,235,N/A,N/A,68,Y,N,N,1,7,0,0
Ninoy Aquino International Airport,MNL,06/07/2024 6:55,Singapore Changi Airport,SIN,06/07/2024 10:30,215,Scoot,Economy,680,390,N/A,71,Y,N,N,1,7,0,0
Ninoy Aquino International Airport,MNL,06/07/2024 13:15,Kuala Lumpur International Airport,KUL,06/07/2024 17:15,240,AirAsia,Economy,240,N/A,N/A,82,Y,N,N,1,7,0,0
Ninoy Aquino International Airport,MNL,06/07/2024 2:00,Singapore Changi Airport,SIN,06/07/2024 5:50,230,Jetstar,Economy,370,70,N/A,102,Y,N,N,1,7,0,0
Ninoy Aquino International Airport,MNL,06/07/2024 21:15,Kuala Lumpur International Airport,KUL,07/07/2024 1:10,235,Philippine Airlines,Economy,235,N/A,N/A,135,Y,Y,Y,1,7,1,30
Ninoy Aquino International Airport,MNL,06/07/2024 12:50,Kuala Lumpur International Airport,KUL,06/07/2024 16:50,240,Malaysia Airlines,Economy,240,N/A,N/A,269,Y,Y,Y,1,7,1,23
Ninoy Aquino International Airport,MNL,07/07/2024 17:30,Kuala Lumpur International Airport,KUL,07/07/2024 21:30,240,Philippines AirAsia,Economy,240,N/A,N/A,69,Y,N,N,1,7,0,0
Ninoy Aquino International Airport,MNL,07/07/2024 20:55,Kuala Lumpur International Airport,KUL,08/07/2024 0:55,240,Cebu Pacific,Economy,240,N/A,N/A,81,Y,N,N,1,7,0,0
Ninoy Aquino International Airport,MNL,07/07/2024 6:50,Kuala Lumpur International Airport,KUL,07/07/2024 10:35,225,Malaysia Airlines,Economy,225,N/A,N/A,89,Y,Y,Y,1,7,1,23
Ninoy Aquino International Airport,MNL,07/07/2024 6:55,Singapore Changi Airport,SIN,07/07/2024 10:30,215,Scoot,Economy,680,390,N/A,62,Y,N,N,1,7,0,0
Ninoy Aquino International Airport,MNL,07/07/2024 22:45,Kuala Lumpur International Airport,KUL,08/07/2024 2:40,235,AirAsia,Economy,235,N/A,N/A,68,Y,N,N,1,7,0,0
Ninoy Aquino International Airport,MNL,07/07/2024 13:15,Kuala Lumpur International Airport,KUL,07/07/2024 17:15,240,AirAsia,Economy,240,N/A,N/A,91,Y,N,N,1,7,0,0
Ninoy Aquino International Airport,MNL,07/07/2024 12:50,Kuala Lumpur International Airport,KUL,07/07/2024 16:50,240,Malaysia Airlines,Economy,240,N/A,N/A,124,Y,Y,Y,1,7,1,23
Ninoy Aquino International Airport,MNL,07/07/2024 15:05,Kuala Lumpur International Airport,KUL,07/07/2024 19:00,235,Malaysia Airlines,Economy,235,N/A,N/A,124,Y,Y,Y,1,7,1,23
Ninoy Aquino International Airport,MNL,07/07/2024 6:30,Kuala Lumpur International Airport,KUL,07/07/2024 10:15,225,Philippine Airlines,Economy,225,N/A,N/A,157,Y,Y,Y,1,7,1,30
Ninoy Aquino International Airport,MNL,08/07/2024 15:05,Kuala Lumpur International Airport,KUL,08/07/2024 19:00,235,Malaysia Airlines,Economy,235,N/A,N/A,91,Y,Y,Y,1,7,1,23
Ninoy Aquino International Airport,MNL,08/07/2024 17:30,Kuala Lumpur International Airport,KUL,08/07/2024 21:30,240,Philippines AirAsia,Economy,240,N/A,N/A,100,Y,N,N,1,7,0,0
Ninoy Aquino International Airport,MNL,08/07/2024 6:30,Kuala Lumpur International Airport,KUL,08/07/2024 10:15,225,Philippine Airlines,Economy,225,N/A,N/A,135,Y,Y,Y,1,7,1,30
Ninoy Aquino International Airport,MNL,08/07/2024 19:35,Singapore Changi Airport,SIN,08/07/2024 23:15,220,Scoot,Economy,615,335,TRUE,71,Y,N,N,1,7,0,0
Ninoy Aquino International Airport,MNL,08/07/2024 22:45,Kuala Lumpur International Airport,KUL,09/07/2024 2:40,235,AirAsia,Economy,235,N/A,N/A,93,Y,N,N,1,7,0,0
Ninoy Aquino International Airport,MNL,08/07/2024 13:15,Kuala Lumpur International Airport,KUL,08/07/2024 17:15,240,AirAsia,Economy,240,N/A,N/A,108,Y,N,N,1,7,0,0
Ninoy Aquino International Airport,MNL,08/07/2024 23:10,Kota Kinabalu International Airport,BKI,09/07/2024 1:20,130,Philippines AirAsia,Economy,560,280,TRUE,108,Y,N,N,1,7,0,0
Ninoy Aquino International Airport,MNL,08/07/2024 12:50,Kuala Lumpur International Airport,KUL,08/07/2024 16:50,240,Malaysia Airlines,Economy,240,N/A,N/A,124,Y,Y,Y,1,7,1,23
Ninoy Aquino International Airport,MNL,09/07/2024 20:55,Kuala Lumpur International Airport,KUL,10/07/2024 0:55,240,Cebu Pacific,Economy,240,N/A,N/A,69,Y,N,N,1,7,0,0
Ninoy Aquino International Airport,MNL,09/07/2024 12:50,Kuala Lumpur International Airport,KUL,09/07/2024 16:50,240,Malaysia Airlines,Economy,240,N/A,N/A,83,Y,Y,Y,1,7,1,23
Ninoy Aquino International Airport,MNL,09/07/2024 17:30,Kuala Lumpur International Airport,KUL,09/07/2024 21:20,230,Philippines AirAsia,Economy,230,N/A,N/A,83,Y,N,N,1,7,0,0
Ninoy Aquino International Airport,MNL,09/07/2024 6:55,Singapore Changi Airport,SIN,09/07/2024 10:30,215,Scoot,Economy,680,390,N/A,62,Y,N,N,1,7,0,0
Ninoy Aquino International Airport,MNL,09/07/2024 19:35,Singapore Changi Airport,SIN,09/07/2024 23:15,220,Scoot,Economy,615,335,TRUE,62,Y,N,N,1,7,0,0
Ninoy Aquino International Airport,MNL,09/07/2024 22:45,Kuala Lumpur International Airport,KUL,10/07/2024 2:40,235,AirAsia,Economy,235,N/A,N/A,68,Y,N,N,1,7,0,0
Ninoy Aquino International Airport,MNL,09/07/2024 15:05,Kuala Lumpur International Airport,KUL,09/07/2024 19:00,235,Malaysia Airlines,Economy,235,N/A,N/A,83,Y,Y,Y,1,7,1,23
Ninoy Aquino International Airport,MNL,09/07/2024 13:15,Kuala Lumpur International Airport,KUL,09/07/2024 17:15,240,AirAsia,Economy,240,N/A,N/A,85,Y,N,N,1,7,0,0
Ninoy Aquino International Airport,MNL,09/07/2024 11:20,Kuala Lumpur International Airport,KUL,09/07/2024 15:15,235,Philippine Airlines,Economy,235,N/A,N/A,187,Y,Y,Y,1,7,1,30
Ninoy Aquino International Airport,MNL,10/07/2024 17:30,Kuala Lumpur International Airport,KUL,10/07/2024 21:30,240,Philippines AirAsia,Economy,240,N/A,N/A,68,Y,N,N,1,7,0,0
Ninoy Aquino International Airport,MNL,10/07/2024 20:55,Kuala Lumpur International Airport,KUL,11/07/2024 0:55,240,Cebu Pacific,Economy,240,N/A,N/A,69,Y,N,N,1,7,0,0
Ninoy Aquino International Airport,MNL,10/07/2024 12:50,Kuala Lumpur International Airport,KUL,10/07/2024 16:50,240,Malaysia Airlines,Economy,240,N/A,N/A,83,Y,Y,Y,1,7,1,23
Ninoy Aquino International Airport,MNL,10/07/2024 6:55,Singapore Changi Airport,SIN,10/07/2024 10:30,215,Scoot,Economy,625,340,N/A,62,Y,N,N,1,7,0,0
Ninoy Aquino International Airport,MNL,10/07/2024 22:45,Kuala Lumpur International Airport,KUL,11/07/2024 2:40,235,AirAsia,Economy,235,N/A,N/A,63,Y,N,N,1,7,0,0
Ninoy Aquino International Airport,MNL,10/07/2024 2:00,Singapore Changi Airport,SIN,10/07/2024 6:00,240,Jetstar,Economy,370,60,N/A,79,Y,N,N,1,7,0,0
Ninoy Aquino International Airport,MNL,10/07/2024 13:15,Kuala Lumpur International Airport,KUL,10/07/2024 17:15,240,AirAsia,Economy,240,N/A,N/A,81,Y,N,N,1,7,0,0
Ninoy Aquino International Airport,MNL,10/07/2024 15:05,Kuala Lumpur International Airport,KUL,10/07/2024 19:00,235,Malaysia Airlines,Economy,235,N/A,N/A,83,Y,Y,Y,1,7,1,23
Ninoy Aquino International Airport,MNL,10/07/2024 6:50,Kuala Lumpur International Airport,KUL,10/07/2024 10:35,225,Malaysia Airlines,Economy,225,N/A,N/A,91,Y,Y,Y,1,7,1,23
Ninoy Aquino International Airport,MNL,10/07/2024 6:30,Kuala Lumpur International Airport,KUL,10/07/2024 10:15,225,Philippine Airlines,Economy,225,N/A,N/A,272,Y,Y,Y,1,7,1,30
Ninoy Aquino International Airport,MNL,11/07/2024 17:30,Kuala Lumpur International Airport,KUL,11/07/2024 21:25,235,Philippines AirAsia,Economy,235,N/A,N/A,68,Y,N,N,1,7,0,0
Ninoy Aquino International Airport,MNL,11/07/2024 20:55,Kuala Lumpur International Airport,KUL,12/07/2024 0:55,240,Cebu Pacific,Economy,240,N/A,N/A,69,Y,N,N,1,7,0,0
Ninoy Aquino International Airport,MNL,11/07/2024 12:50,Kuala Lumpur International Airport,KUL,11/07/2024 16:50,240,Malaysia Airlines,Economy,240,N/A,N/A,83,Y,Y,Y,1,7,1,23
Ninoy Aquino International Airport,MNL,11/07/2024 6:55,Singapore Changi Airport,SIN,11/07/2024 10:30,215,Scoot,Economy,680,390,N/A,62,Y,N,N,1,7,0,0
Ninoy Aquino International Airport,MNL,11/07/2024 6:55,Singapore Changi Airport,SIN,11/07/2024 10:30,215,Scoot,Economy,625,340,N/A,65,Y,N,N,1,7,0,0
Ninoy Aquino International Airport,MNL,11/07/2024 22:45,Kuala Lumpur International Airport,KUL,12/07/2024 2:40,235,AirAsia,Economy,235,N/A,N/A,67,Y,N,N,1,7,0,0
Ninoy Aquino International Airport,MNL,11/07/2024 13:15,Kuala Lumpur International Airport,KUL,11/07/2024 17:15,240,AirAsia,Economy,240,N/A,N/A,81,Y,N,N,1,7,0,0
Ninoy Aquino International Airport,MNL,11/07/2024 15:05,Kuala Lumpur International Airport,KUL,11/07/2024 19:00,235,Malaysia Airlines,Economy,235,N/A,N/A,83,Y,Y,Y,1,7,1,23
Ninoy Aquino International Airport,MNL,11/07/2024 12:05,Kuala Lumpur International Airport,KUL,11/07/2024 16:00,235,Philippine Airlines,Economy,235,N/A,N/A,135,Y,Y,Y,1,7,1,30
Ninoy Aquino International Airport,MNL,12/07/2024 22:45,Kuala Lumpur International Airport,KUL,13/07/2024 2:40,235,AirAsia,Economy,235,N/A,N/A,63,Y,N,N,1,7,0,0
Ninoy Aquino International Airport,MNL,12/07/2024 17:30,Kuala Lumpur International Airport,KUL,12/07/2024 21:30,240,Philippines AirAsia,Economy,240,N/A,N/A,68,Y,N,N,1,7,0,0
Ninoy Aquino International Airport,MNL,12/07/2024 20:55,Kuala Lumpur International Airport,KUL,13/07/2024 0:55,240,Cebu Pacific,Economy,240,N/A,N/A,69,Y,N,N,1,7,0,0
Ninoy Aquino International Airport,MNL,12/07/2024 13:15,Kuala Lumpur International Airport,KUL,12/07/2024 17:15,240,AirAsia,Economy,240,N/A,N/A,80,Y,N,N,1,7,0,0
Ninoy Aquino International Airport,MNL,12/07/2024 21:15,Kuala Lumpur International Airport,KUL,13/07/2024 1:10,235,Philippine Airlines,Economy,235,N/A,N/A,135,Y,Y,Y,1,7,1,30
Ninoy Aquino International Airport,MNL,12/07/2024 6:55,Singapore Changi Airport,SIN,12/07/2024 10:30,215,Scoot,Economy,680,390,N/A,71,Y,N,N,1,7,0,0
Ninoy Aquino International Airport,MNL,12/07/2024 15:05,Kuala Lumpur International Airport,KUL,12/07/2024 19:00,235,Malaysia Airlines,Economy,235,N/A,N/A,124,Y,Y,Y,1,7,1,23
Ninoy Aquino International Airport,MNL,12/07/2024 12:50,Kuala Lumpur International Airport,KUL,12/07/2024 16:50,240,Malaysia Airlines,Economy,240,N/A,N/A,128,Y,Y,Y,1,7,1,23
Ninoy Aquino International Airport,MNL,12/07/2024 6:30,Kuala Lumpur International Airport,KUL,12/07/2024 10:15,225,Philippine Airlines,Economy,225,N/A,N/A,227,Y,Y,Y,1,7,1,30
Ninoy Aquino International Airport,MNL,13/07/2024 22:45,Kuala Lumpur International Airport,KUL,14/07/2024 2:40,235,AirAsia,Economy,235,N/A,N/A,66,Y,N,N,1,7,0,0
Ninoy Aquino International Airport,MNL,13/07/2024 17:30,Kuala Lumpur International Airport,KUL,13/07/2024 21:25,235,Philippines AirAsia,Economy,235,N/A,N/A,69,Y,N,N,1,7,0,0
Ninoy Aquino International Airport,MNL,13/07/2024 20:55,Kuala Lumpur International Airport,KUL,14/07/2024 0:55,240,Cebu Pacific,Economy,240,N/A,N/A,69,Y,N,N,1,7,0,0
Ninoy Aquino International Airport,MNL,13/07/2024 6:55,Singapore Changi Airport,SIN,13/07/2024 10:30,215,Scoot,Economy,680,390,N/A,71,Y,N,N,1,7,0,0
Ninoy Aquino International Airport,MNL,13/07/2024 13:15,Kuala Lumpur International Airport,KUL,13/07/2024 17:15,240,AirAsia,Economy,240,N/A,N/A,94,Y,N,N,1,7,0,0
Ninoy Aquino International Airport,MNL,13/07/2024 2:00,Singapore Changi Airport,SIN,13/07/2024 5:50,230,Jetstar,Economy,370,70,N/A,107,Y,N,N,1,7,0,0
Ninoy Aquino International Airport,MNL,13/07/2024 11:20,Kuala Lumpur International Airport,KUL,13/07/2024 15:15,235,Philippine Airlines,Economy,235,N/A,N/A,135,Y,Y,Y,1,7,1,30
Ninoy Aquino International Airport,MNL,13/07/2024 21:15,Kuala Lumpur International Airport,KUL,14/07/2024 1:10,235,Philippine Airlines,Economy,235,N/A,N/A,135,Y,Y,Y,1,7,1,30
Ninoy Aquino International Airport,MNL,13/07/2024 12:50,Kuala Lumpur International Airport,KUL,13/07/2024 16:50,240,Malaysia Airlines,Economy,240,N/A,N/A,412,Y,Y,Y,1,7,1,23
Ninoy Aquino International Airport,MNL,14/07/2024 17:30,Kuala Lumpur International Airport,KUL,14/07/2024 21:30,240,Philippines AirAsia,Economy,240,N/A,N/A,67,Y,N,N,1,7,0,0
Ninoy Aquino International Airport,MNL,14/07/2024 20:55,Kuala Lumpur International Airport,KUL,15/07/2024 0:55,240,Cebu Pacific,Economy,240,N/A,N/A,69,Y,N,N,1,7,0,0
Ninoy Aquino International Airport,MNL,14/07/2024 6:30,Kuala Lumpur International Airport,KUL,14/07/2024 10:15,225,Philippine Airlines,Economy,225,N/A,N/A,135,Y,Y,Y,1,7,1,30
Ninoy Aquino International Airport,MNL,14/07/2024 6:55,Singapore Changi Airport,SIN,14/07/2024 10:30,215,Scoot,Economy,680,390,N/A,62,Y,N,N,1,7,0,0
Ninoy Aquino International Airport,MNL,14/07/2024 19:35,Singapore Changi Airport,SIN,14/07/2024 23:15,220,Scoot,Economy,615,335,TRUE,62,Y,N,N,1,7,0,0
Ninoy Aquino International Airport,MNL,14/07/2024 22:45,Kuala Lumpur International Airport,KUL,15/07/2024 2:40,235,AirAsia,Economy,235,N/A,N/A,67,Y,N,N,1,7,0,0
Ninoy Aquino International Airport,MNL,14/07/2024 2:00,Singapore Changi Airport,SIN,14/07/2024 5:50,230,Jetstar,Economy,370,70,N/A,83,Y,N,N,1,7,0,0
Ninoy Aquino International Airport,MNL,14/07/2024 13:15,Kuala Lumpur International Airport,KUL,14/07/2024 17:15,240,AirAsia,Economy,240,N/A,N/A,88,Y,N,N,1,7,0,0
Ninoy Aquino International Airport,MNL,14/07/2024 6:50,Kuala Lumpur International Airport,KUL,14/07/2024 10:35,225,Malaysia Airlines,Economy,225,N/A,N/A,124,Y,Y,Y,1,7,1,23
Ninoy Aquino International Airport,MNL,14/07/2024 15:05,Kuala Lumpur International Airport,KUL,14/07/2024 19:00,235,Malaysia Airlines,Economy,235,N/A,N/A,161,Y,Y,Y,1,7,1,23
Ninoy Aquino International Airport,MNL,15/07/2024 17:30,Kuala Lumpur International Airport,KUL,15/07/2024 21:30,240,Philippines AirAsia,Economy,240,N/A,N/A,68,Y,N,N,1,7,0,0
Ninoy Aquino International Airport,MNL,15/07/2024 12:50,Kuala Lumpur International Airport,KUL,15/07/2024 16:50,240,Malaysia Airlines,Economy,240,N/A,N/A,83,Y,Y,Y,1,7,1,23
Ninoy Aquino International Airport,MNL,15/07/2024 15:05,Kuala Lumpur International Airport,KUL,15/07/2024 19:00,235,Malaysia Airlines,Economy,235,N/A,N/A,83,Y,Y,Y,1,7,1,23
Ninoy Aquino International Airport,MNL,15/07/2024 19:35,Singapore Changi Airport,SIN,15/07/2024 23:15,220,Scoot,Economy,615,335,TRUE,62,Y,N,N,1,7,0,0
Ninoy Aquino International Airport,MNL,15/07/2024 22:45,Kuala Lumpur International Airport,KUL,16/07/2024 2:40,235,AirAsia,Economy,235,N/A,N/A,67,Y,N,N,1,7,0,0
Ninoy Aquino International Airport,MNL,15/07/2024 13:15,Kuala Lumpur International Airport,KUL,15/07/2024 17:15,240,AirAsia,Economy,240,N/A,N/A,81,Y,N,N,1,7,0,0
Ninoy Aquino International Airport,MNL,15/07/2024 6:50,Kuala Lumpur International Airport,KUL,15/07/2024 10:35,225,Malaysia Airlines,Economy,225,N/A,N/A,83,Y,Y,Y,1,7,1,23
Ninoy Aquino International Airport,MNL,15/07/2024 6:30,Kuala Lumpur International Airport,KUL,15/07/2024 10:15,225,Philippine Airlines,Economy,225,N/A,N/A,135,Y,Y,Y,1,7,1,30
Ninoy Aquino International Airport,MNL,16/07/2024 17:30,Kuala Lumpur International Airport,KUL,16/07/2024 21:20,230,Philippines AirAsia,Economy,230,N/A,N/A,65,Y,N,N,1,7,0,0
Ninoy Aquino International Airport,MNL,16/07/2024 20:55,Kuala Lumpur International Airport,KUL,17/07/2024 0:55,240,Cebu Pacific,Economy,240,N/A,N/A,69,Y,N,N,1,7,0,0
Ninoy Aquino International Airport,MNL,16/07/2024 12:50,Kuala Lumpur International Airport,KUL,16/07/2024 16:50,240,Malaysia Airlines,Economy,240,N/A,N/A,83,Y,Y,Y,1,7,1,23
Ninoy Aquino International Airport,MNL,16/07/2024 6:55,Singapore Changi Airport,SIN,16/07/2024 10:30,215,Scoot,Economy,625,340,N/A,62,Y,N,N,1,7,0,0
Ninoy Aquino International Airport,MNL,16/07/2024 19:35,Singapore Changi Airport,SIN,16/07/2024 23:15,220,Scoot,Economy,615,335,TRUE,62,Y,N,N,1,7,0,0
Ninoy Aquino International Airport,MNL,16/07/2024 22:45,Kuala Lumpur International Airport,KUL,17/07/2024 2:40,235,AirAsia,Economy,235,N/A,N/A,63,Y,N,N,1,7,0,0
Ninoy Aquino International Airport,MNL,16/07/2024 13:15,Kuala Lumpur International Airport,KUL,16/07/2024 17:15,240,AirAsia,Economy,240,N/A,N/A,66,Y,N,N,1,7,0,0
Ninoy Aquino International Airport,MNL,16/07/2024 6:50,Kuala Lumpur International Airport,KUL,16/07/2024 10:35,225,Malaysia Airlines,Economy,225,N/A,N/A,83,Y,Y,Y,1,7,1,23
Ninoy Aquino International Airport,MNL,16/07/2024 15:05,Kuala Lumpur International Airport,KUL,16/07/2024 19:00,235,Malaysia Airlines,Economy,235,N/A,N/A,83,Y,Y,Y,1,7,1,23
Ninoy Aquino International Airport,MNL,16/07/2024 11:20,Kuala Lumpur International Airport,KUL,16/07/2024 15:15,235,Philippine Airlines,Economy,235,N/A,N/A,135,Y,Y,Y,1,7,1,30
Ninoy Aquino International Airport,MNL,17/07/2024 20:55,Kuala Lumpur International Airport,KUL,18/07/2024 0:55,240,Cebu Pacific,Economy,240,N/A,N/A,51,Y,N,N,1,7,0,0
Ninoy Aquino International Airport,MNL,17/07/2024 17:30,Kuala Lumpur International Airport,KUL,17/07/2024 21:30,240,Philippines AirAsia,Economy,240,N/A,N/A,65,Y,N,N,1,7,0,0
Ninoy Aquino International Airport,MNL,17/07/2024 15:05,Kuala Lumpur International Airport,KUL,17/07/2024 19:00,235,Malaysia Airlines,Economy,235,N/A,N/A,83,Y,Y,Y,1,7,1,23
Ninoy Aquino International Airport,MNL,17/07/2024 19:35,Singapore Changi Airport,SIN,17/07/2024 23:15,220,Scoot,Economy,615,335,TRUE,62,Y,N,N,1,7,0,0
Ninoy Aquino International Airport,MNL,17/07/2024 22:45,Kuala Lumpur International Airport,KUL,18/07/2024 2:40,235,AirAsia,Economy,235,N/A,N/A,64,Y,N,N,1,7,0,0
Ninoy Aquino International Airport,MNL,17/07/2024 2:00,Singapore Changi Airport,SIN,17/07/2024 6:00,240,Jetstar,Economy,370,60,N/A,79,Y,N,N,1,7,0,0
Ninoy Aquino International Airport,MNL,17/07/2024 13:15,Kuala Lumpur International Airport,KUL,17/07/2024 17:15,240,AirAsia,Economy,240,N/A,N/A,81,Y,N,N,1,7,0,0
Ninoy Aquino International Airport,MNL,17/07/2024 6:50,Kuala Lumpur International Airport,KUL,17/07/2024 10:35,225,Malaysia Airlines,Economy,225,N/A,N/A,83,Y,Y,Y,1,7,1,23
Ninoy Aquino International Airport,MNL,17/07/2024 12:50,Kuala Lumpur International Airport,KUL,17/07/2024 16:50,240,Malaysia Airlines,Economy,240,N/A,N/A,124,Y,Y,Y,1,7,1,23
Ninoy Aquino International Airport,MNL,17/07/2024 6:30,Kuala Lumpur International Airport,KUL,17/07/2024 10:15,225,Philippine Airlines,Economy,225,N/A,N/A,135,Y,Y,Y,1,7,1,30
Ninoy Aquino International Airport,MNL,18/07/2024 17:30,Kuala Lumpur International Airport,KUL,18/07/2024 21:25,235,Philippines AirAsia,Economy,235,N/A,N/A,67,Y,N,N,1,7,0,0
Ninoy Aquino International Airport,MNL,18/07/2024 20:55,Kuala Lumpur International Airport,KUL,19/07/2024 0:55,240,Cebu Pacific,Economy,240,N/A,N/A,69,Y,N,N,1,7,0,0
Ninoy Aquino International Airport,MNL,18/07/2024 12:50,Kuala Lumpur International Airport,KUL,18/07/2024 16:50,240,Malaysia Airlines,Economy,240,N/A,N/A,83,Y,Y,Y,1,7,1,23
Ninoy Aquino International Airport,MNL,18/07/2024 6:55,Singapore Changi Airport,SIN,18/07/2024 10:30,215,Scoot,Economy,625,340,N/A,62,Y,N,N,1,7,0,0
Ninoy Aquino International Airport,MNL,18/07/2024 22:45,Kuala Lumpur International Airport,KUL,19/07/2024 2:40,235,AirAsia,Economy,235,N/A,N/A,63,Y,N,N,1,7,0,0
Ninoy Aquino International Airport,MNL,18/07/2024 13:15,Kuala Lumpur International Airport,KUL,18/07/2024 17:15,240,AirAsia,Economy,240,N/A,N/A,80,Y,N,N,1,7,0,0
Ninoy Aquino International Airport,MNL,18/07/2024 6:50,Kuala Lumpur International Airport,KUL,18/07/2024 10:35,225,Malaysia Airlines,Economy,225,N/A,N/A,83,Y,Y,Y,1,7,1,23
Ninoy Aquino International Airport,MNL,18/07/2024 15:05,Kuala Lumpur International Airport,KUL,18/07/2024 19:00,235,Malaysia Airlines,Economy,235,N/A,N/A,83,Y,Y,Y,1,7,1,23
Ninoy Aquino International Airport,MNL,18/07/2024 11:20,Kuala Lumpur International Airport,KUL,18/07/2024 15:15,235,Philippine Airlines,Economy,235,N/A,N/A,135,Y,Y,Y,1,7,1,30
Ninoy Aquino International Airport,MNL,18/07/2024 21:15,Kuala Lumpur International Airport,KUL,19/07/2024 1:10,235,Philippine Airlines,Economy,235,N/A,N/A,135,Y,Y,Y,1,7,1,30
Ninoy Aquino International Airport,MNL,19/07/2024 17:30,Kuala Lumpur International Airport,KUL,19/07/2024 21:30,240,Philippines AirAsia,Economy,240,N/A,N/A,65,Y,N,N,1,7,0,0
Ninoy Aquino International Airport,MNL,19/07/2024 20:55,Kuala Lumpur International Airport,KUL,20/07/2024 0:55,240,Cebu Pacific,Economy,240,N/A,N/A,69,Y,N,N,1,7,0,0
Ninoy Aquino International Airport,MNL,19/07/2024 12:50,Kuala Lumpur International Airport,KUL,19/07/2024 16:50,240,Malaysia Airlines,Economy,240,N/A,N/A,83,Y,Y,Y,1,7,1,23
Ninoy Aquino International Airport,MNL,19/07/2024 22:45,Kuala Lumpur International Airport,KUL,20/07/2024 2:40,235,AirAsia,Economy,235,N/A,N/A,63,Y,N,N,1,7,0,0
Ninoy Aquino International Airport,MNL,19/07/2024 13:15,Kuala Lumpur International Airport,KUL,19/07/2024 17:15,240,AirAsia,Economy,240,N/A,N/A,80,Y,N,N,1,7,0,0
Ninoy Aquino International Airport,MNL,19/07/2024 15:05,Kuala Lumpur International Airport,KUL,19/07/2024 19:00,235,Malaysia Airlines,Economy,235,N/A,N/A,83,Y,Y,Y,1,7,1,23
Ninoy Aquino International Airport,MNL,19/07/2024 6:30,Kuala Lumpur International Airport,KUL,19/07/2024 10:15,225,Philippine Airlines,Economy,225,N/A,N/A,135,Y,Y,Y,1,7,1,30
Ninoy Aquino International Airport,MNL,19/07/2024 21:15,Kuala Lumpur International Airport,KUL,20/07/2024 1:10,235,Philippine Airlines,Economy,235,N/A,N/A,135,Y,Y,Y,1,7,1,30
Ninoy Aquino International Airport,MNL,20/07/2024 22:45,Kuala Lumpur International Airport,KUL,21/07/2024 2:40,235,AirAsia,Economy,235,N/A,N/A,64,Y,N,N,1,7,0,0
Ninoy Aquino International Airport,MNL,20/07/2024 17:30,Kuala Lumpur International Airport,KUL,20/07/2024 21:25,235,Philippines AirAsia,Economy,235,N/A,N/A,66,Y,N,N,1,7,0,0
Ninoy Aquino International Airport,MNL,20/07/2024 20:55,Kuala Lumpur International Airport,KUL,21/07/2024 0:55,240,Cebu Pacific,Economy,240,N/A,N/A,69,Y,N,N,1,7,0,0
Ninoy Aquino International Airport,MNL,20/07/2024 6:50,Kuala Lumpur International Airport,KUL,20/07/2024 10:35,225,Malaysia Airlines,Economy,225,N/A,N/A,83,Y,Y,Y,1,7,1,23
Ninoy Aquino International Airport,MNL,20/07/2024 13:15,Kuala Lumpur International Airport,KUL,20/07/2024 17:15,240,AirAsia,Economy,240,N/A,N/A,81,Y,N,N,1,7,0,0
Ninoy Aquino International Airport,MNL,20/07/2024 2:00,Singapore Changi Airport,SIN,20/07/2024 5:50,230,Jetstar,Economy,370,70,N/A,85,Y,N,N,1,7,0,0
Ninoy Aquino International Airport,MNL,20/07/2024 12:50,Kuala Lumpur International Airport,KUL,20/07/2024 16:50,240,Malaysia Airlines,Economy,240,N/A,N/A,124,Y,Y,Y,1,7,1,23
Ninoy Aquino International Airport,MNL,20/07/2024 11:20,Kuala Lumpur International Airport,KUL,20/07/2024 15:15,235,Philippine Airlines,Economy,235,N/A,N/A,135,Y,Y,Y,1,7,1,30
Ninoy Aquino International Airport,MNL,20/07/2024 21:15,Kuala Lumpur International Airport,KUL,21/07/2024 1:10,235,Philippine Airlines,Economy,235,N/A,N/A,135,Y,Y,Y,1,7,1,30
Ninoy Aquino International Airport,MNL,21/07/2024 17:30,Kuala Lumpur International Airport,KUL,21/07/2024 21:30,240,Philippines AirAsia,Economy,240,N/A,N/A,65,Y,N,N,1,7,0,0
Ninoy Aquino International Airport,MNL,21/07/2024 20:55,Kuala Lumpur International Airport,KUL,22/07/2024 0:55,240,Cebu Pacific,Economy,240,N/A,N/A,69,Y,N,N,1,7,0,0
Ninoy Aquino International Airport,MNL,21/07/2024 6:50,Kuala Lumpur International Airport,KUL,21/07/2024 10:35,225,Malaysia Airlines,Economy,225,N/A,N/A,83,Y,Y,Y,1,7,1,23
Ninoy Aquino International Airport,MNL,21/07/2024 22:45,Kuala Lumpur International Airport,KUL,22/07/2024 2:40,235,AirAsia,Economy,235,N/A,N/A,49,Y,N,N,1,7,0,0
Ninoy Aquino International Airport,MNL,21/07/2024 19:35,Singapore Changi Airport,SIN,21/07/2024 23:15,220,Scoot,Economy,615,335,TRUE,62,Y,N,N,1,7,0,0
Ninoy Aquino International Airport,MNL,21/07/2024 13:15,Kuala Lumpur International Airport,KUL,21/07/2024 17:15,240,AirAsia,Economy,240,N/A,N/A,64,Y,N,N,1,7,0,0
Ninoy Aquino International Airport,MNL,21/07/2024 2:00,Singapore Changi Airport,SIN,21/07/2024 5:50,230,Jetstar,Economy,370,70,N/A,79,Y,N,N,1,7,0,0
Ninoy Aquino International Airport,MNL,21/07/2024 12:50,Kuala Lumpur International Airport,KUL,21/07/2024 16:50,240,Malaysia Airlines,Economy,240,N/A,N/A,126,Y,Y,Y,1,7,1,23
Ninoy Aquino International Airport,MNL,21/07/2024 15:05,Kuala Lumpur International Airport,KUL,21/07/2024 19:00,235,Malaysia Airlines,Economy,235,N/A,N/A,126,Y,Y,Y,1,7,1,23
Ninoy Aquino International Airport,MNL,21/07/2024 6:30,Kuala Lumpur International Airport,KUL,21/07/2024 10:15,225,Philippine Airlines,Economy,225,N/A,N/A,135,Y,Y,Y,1,7,1,30
Ninoy Aquino International Airport,MNL,22/07/2024 17:30,Kuala Lumpur International Airport,KUL,22/07/2024 21:30,240,Philippines AirAsia,Economy,240,N/A,N/A,47,Y,N,N,1,7,0,0
Ninoy Aquino International Airport,MNL,22/07/2024 22:45,Kuala Lumpur International Airport,KUL,23/07/2024 2:40,235,AirAsia,Economy,235,N/A,N/A,51,Y,N,N,1,7,0,0
Ninoy Aquino International Airport,MNL,22/07/2024 12:50,Kuala Lumpur International Airport,KUL,22/07/2024 16:50,240,Malaysia Airlines,Economy,240,N/A,N/A,83,Y,Y,Y,1,7,1,23
Ninoy Aquino International Airport,MNL,22/07/2024 6:55,Singapore Changi Airport,SIN,22/07/2024 10:30,215,Scoot,Economy,625,340,N/A,62,Y,N,N,1,7,0,0
Ninoy Aquino International Airport,MNL,22/07/2024 19:35,Singapore Changi Airport,SIN,22/07/2024 23:15,220,Scoot,Economy,615,335,TRUE,62,Y,N,N,1,7,0,0
Ninoy Aquino International Airport,MNL,22/07/2024 13:15,Kuala Lumpur International Airport,KUL,22/07/2024 17:15,240,AirAsia,Economy,240,N/A,N/A,67,Y,N,N,1,7,0,0
Ninoy Aquino International Airport,MNL,22/07/2024 6:50,Kuala Lumpur International Airport,KUL,22/07/2024 10:35,225,Malaysia Airlines,Economy,225,N/A,N/A,83,Y,Y,Y,1,7,1,23
Ninoy Aquino International Airport,MNL,22/07/2024 15:05,Kuala Lumpur International Airport,KUL,22/07/2024 19:00,235,Malaysia Airlines,Economy,235,N/A,N/A,83,Y,Y,Y,1,7,1,23
Ninoy Aquino International Airport,MNL,22/07/2024 6:30,Kuala Lumpur International Airport,KUL,22/07/2024 10:15,225,Philippine Airlines,Economy,225,N/A,N/A,135,Y,Y,Y,1,7,1,30
Ninoy Aquino International Airport,MNL,23/07/2024 17:30,Kuala Lumpur International Airport,KUL,23/07/2024 21:20,230,Philippines AirAsia,Economy,230,N/A,N/A,65,Y,N,N,1,7,0,0
Ninoy Aquino International Airport,MNL,23/07/2024 20:55,Kuala Lumpur International Airport,KUL,24/07/2024 0:55,240,Cebu Pacific,Economy,240,N/A,N/A,69,Y,N,N,1,7,0,0
Ninoy Aquino International Airport,MNL,23/07/2024 12:50,Kuala Lumpur International Airport,KUL,23/07/2024 16:50,240,Malaysia Airlines,Economy,240,N/A,N/A,83,Y,Y,Y,1,7,1,23
Ninoy Aquino International Airport,MNL,23/07/2024 6:55,Singapore Changi Airport,SIN,23/07/2024 10:30,215,Scoot,Economy,680,390,N/A,62,Y,N,N,1,7,0,0
Ninoy Aquino International Airport,MNL,23/07/2024 19:35,Singapore Changi Airport,SIN,23/07/2024 23:15,220,Scoot,Economy,615,335,TRUE,62,Y,N,N,1,7,0,0
Ninoy Aquino International Airport,MNL,23/07/2024 13:15,Kuala Lumpur International Airport,KUL,23/07/2024 17:15,240,AirAsia,Economy,240,N/A,N/A,63,Y,N,N,1,7,0,0
Ninoy Aquino International Airport,MNL,23/07/2024 22:45,Kuala Lumpur International Airport,KUL,24/07/2024 2:40,235,AirAsia,Economy,235,N/A,N/A,64,Y,N,N,1,7,0,0
Ninoy Aquino International Airport,MNL,23/07/2024 6:50,Kuala Lumpur International Airport,KUL,23/07/2024 10:35,225,Malaysia Airlines,Economy,225,N/A,N/A,83,Y,Y,Y,1,7,1,23
Ninoy Aquino International Airport,MNL,23/07/2024 15:05,Kuala Lumpur International Airport,KUL,23/07/2024 19:00,235,Malaysia Airlines,Economy,235,N/A,N/A,83,Y,Y,Y,1,7,1,23
Ninoy Aquino International Airport,MNL,23/07/2024 11:20,Kuala Lumpur International Airport,KUL,23/07/2024 15:15,235,Philippine Airlines,Economy,235,N/A,N/A,135,Y,Y,Y,1,7,1,30
Ninoy Aquino International Airport,MNL,24/07/2024 17:30,Kuala Lumpur International Airport,KUL,24/07/2024 21:30,240,Philippines AirAsia,Economy,240,N/A,N/A,65,Y,N,N,1,7,0,0
Ninoy Aquino International Airport,MNL,24/07/2024 20:55,Kuala Lumpur International Airport,KUL,25/07/2024 0:55,240,Cebu Pacific,Economy,240,N/A,N/A,66,Y,N,N,1,7,0,0
Ninoy Aquino International Airport,MNL,24/07/2024 12:50,Kuala Lumpur International Airport,KUL,24/07/2024 16:50,240,Malaysia Airlines,Economy,240,N/A,N/A,83,Y,Y,Y,1,7,1,23
Ninoy Aquino International Airport,MNL,24/07/2024 22:45,Kuala Lumpur International Airport,KUL,25/07/2024 2:40,235,AirAsia,Economy,235,N/A,N/A,49,Y,N,N,1,7,0,0
Ninoy Aquino International Airport,MNL,24/07/2024 19:35,Singapore Changi Airport,SIN,24/07/2024 23:15,220,Scoot,Economy,615,335,TRUE,62,Y,N,N,1,7,0,0
Ninoy Aquino International Airport,MNL,24/07/2024 13:15,Kuala Lumpur International Airport,KUL,24/07/2024 17:15,240,AirAsia,Economy,240,N/A,N/A,67,Y,N,N,1,7,0,0
Ninoy Aquino International Airport,MNL,24/07/2024 2:00,Singapore Changi Airport,SIN,24/07/2024 6:00,240,Jetstar,Economy,370,60,N/A,79,Y,N,N,1,7,0,0
Ninoy Aquino International Airport,MNL,24/07/2024 6:50,Kuala Lumpur International Airport,KUL,24/07/2024 10:35,225,Malaysia Airlines,Economy,225,N/A,N/A,83,Y,Y,Y,1,7,1,23
Ninoy Aquino International Airport,MNL,24/07/2024 15:05,Kuala Lumpur International Airport,KUL,24/07/2024 19:00,235,Malaysia Airlines,Economy,235,N/A,N/A,83,Y,Y,Y,1,7,1,23
Ninoy Aquino International Airport,MNL,24/07/2024 6:30,Kuala Lumpur International Airport,KUL,24/07/2024 10:15,225,Philippine Airlines,Economy,225,N/A,N/A,135,Y,Y,Y,1,7,1,30
Ninoy Aquino International Airport,MNL,25/07/2024 17:30,Kuala Lumpur International Airport,KUL,25/07/2024 21:25,235,Philippines AirAsia,Economy,235,N/A,N/A,65,Y,N,N,1,7,0,0
Ninoy Aquino International Airport,MNL,25/07/2024 20:55,Kuala Lumpur International Airport,KUL,26/07/2024 0:55,240,Cebu Pacific,Economy,240,N/A,N/A,69,Y,N,N,1,7,0,0
Ninoy Aquino International Airport,MNL,25/07/2024 12:50,Kuala Lumpur International Airport,KUL,25/07/2024 16:50,240,Malaysia Airlines,Economy,240,N/A,N/A,83,Y,Y,Y,1,7,1,23
Ninoy Aquino International Airport,MNL,25/07/2024 22:45,Kuala Lumpur International Airport,KUL,26/07/2024 2:40,235,AirAsia,Economy,235,N/A,N/A,63,Y,N,N,1,7,0,0
Ninoy Aquino International Airport,MNL,25/07/2024 13:15,Kuala Lumpur International Airport,KUL,25/07/2024 17:15,240,AirAsia,Economy,240,N/A,N/A,66,Y,N,N,1,7,0,0
Ninoy Aquino International Airport,MNL,25/07/2024 6:50,Kuala Lumpur International Airport,KUL,25/07/2024 10:35,225,Malaysia Airlines,Economy,225,N/A,N/A,83,Y,Y,Y,1,7,1,23
Ninoy Aquino International Airport,MNL,25/07/2024 15:05,Kuala Lumpur International Airport,KUL,25/07/2024 19:00,235,Malaysia Airlines,Economy,235,N/A,N/A,83,Y,Y,Y,1,7,1,23
Ninoy Aquino International Airport,MNL,25/07/2024 11:20,Kuala Lumpur International Airport,KUL,25/07/2024 15:15,235,Philippine Airlines,Economy,235,N/A,N/A,135,Y,Y,Y,1,7,1,30
Ninoy Aquino International Airport,MNL,25/07/2024 21:15,Kuala Lumpur International Airport,KUL,26/07/2024 1:10,235,Philippine Airlines,Economy,235,N/A,N/A,135,Y,Y,Y,1,7,1,30
Ninoy Aquino International Airport,MNL,26/07/2024 17:30,Kuala Lumpur International Airport,KUL,26/07/2024 21:30,240,Philippines AirAsia,Economy,240,N/A,N/A,65,Y,N,N,1,7,0,0
Ninoy Aquino International Airport,MNL,26/07/2024 20:55,Kuala Lumpur International Airport,KUL,27/07/2024 0:55,240,Cebu Pacific,Economy,240,N/A,N/A,66,Y,N,N,1,7,0,0
Ninoy Aquino International Airport,MNL,26/07/2024 12:50,Kuala Lumpur International Airport,KUL,26/07/2024 16:50,240,Malaysia Airlines,Economy,240,N/A,N/A,83,Y,Y,Y,1,7,1,23
Ninoy Aquino International Airport,MNL,26/07/2024 22:45,Kuala Lumpur International Airport,KUL,27/07/2024 2:40,235,AirAsia,Economy,235,N/A,N/A,64,Y,N,N,1,7,0,0
Ninoy Aquino International Airport,MNL,26/07/2024 13:15,Kuala Lumpur International Airport,KUL,26/07/2024 17:15,240,AirAsia,Economy,240,N/A,N/A,67,Y,N,N,1,7,0,0
Ninoy Aquino International Airport,MNL,26/07/2024 15:05,Kuala Lumpur International Airport,KUL,26/07/2024 19:00,235,Malaysia Airlines,Economy,235,N/A,N/A,83,Y,Y,Y,1,7,1,23
Ninoy Aquino International Airport,MNL,26/07/2024 6:30,Kuala Lumpur International Airport,KUL,26/07/2024 10:15,225,Philippine Airlines,Economy,225,N/A,N/A,135,Y,Y,Y,1,7,1,30
Ninoy Aquino International Airport,MNL,26/07/2024 21:15,Kuala Lumpur International Airport,KUL,27/07/2024 1:10,235,Philippine Airlines,Economy,235,N/A,N/A,135,Y,Y,Y,1,7,1,30
Ninoy Aquino International Airport,MNL,27/07/2024 17:30,Kuala Lumpur International Airport,KUL,27/07/2024 21:25,235,Philippines AirAsia,Economy,235,N/A,N/A,65,Y,N,N,1,7,0,0
Ninoy Aquino International Airport,MNL,27/07/2024 20:55,Kuala Lumpur International Airport,KUL,28/07/2024 0:55,240,Cebu Pacific,Economy,240,N/A,N/A,66,Y,N,N,1,7,0,0
Ninoy Aquino International Airport,MNL,27/07/2024 6:50,Kuala Lumpur International Airport,KUL,27/07/2024 10:35,225,Malaysia Airlines,Economy,225,N/A,N/A,83,Y,Y,Y,1,7,1,23
Ninoy Aquino International Airport,MNL,27/07/2024 22:45,Kuala Lumpur International Airport,KUL,28/07/2024 2:40,235,AirAsia,Economy,235,N/A,N/A,63,Y,N,N,1,7,0,0
Ninoy Aquino International Airport,MNL,27/07/2024 13:15,Kuala Lumpur International Airport,KUL,27/07/2024 17:15,240,AirAsia,Economy,240,N/A,N/A,64,Y,N,N,1,7,0,0
Ninoy Aquino International Airport,MNL,27/07/2024 2:00,Singapore Changi Airport,SIN,27/07/2024 5:50,230,Jetstar,Economy,370,70,N/A,95,Y,N,N,1,7,0,0
Ninoy Aquino International Airport,MNL,27/07/2024 11:20,Kuala Lumpur International Airport,KUL,27/07/2024 15:15,235,Philippine Airlines,Economy,235,N/A,N/A,135,Y,Y,Y,1,7,1,30
Ninoy Aquino International Airport,MNL,27/07/2024 21:15,Kuala Lumpur International Airport,KUL,28/07/2024 1:10,235,Philippine Airlines,Economy,235,N/A,N/A,135,Y,Y,Y,1,7,1,30
Ninoy Aquino International Airport,MNL,27/07/2024 12:50,Kuala Lumpur International Airport,KUL,27/07/2024 16:50,240,Malaysia Airlines,Economy,240,N/A,N/A,269,Y,Y,Y,1,7,1,23
Ninoy Aquino International Airport,MNL,28/07/2024 17:30,Kuala Lumpur International Airport,KUL,28/07/2024 21:30,240,Philippines AirAsia,Economy,240,N/A,N/A,65,Y,N,N,1,7,0,0
Ninoy Aquino International Airport,MNL,28/07/2024 20:55,Kuala Lumpur International Airport,KUL,29/07/2024 0:55,240,Cebu Pacific,Economy,240,N/A,N/A,69,Y,N,N,1,7,0,0
Ninoy Aquino International Airport,MNL,28/07/2024 6:50,Kuala Lumpur International Airport,KUL,28/07/2024 10:35,225,Malaysia Airlines,Economy,225,N/A,N/A,83,Y,Y,Y,1,7,1,23
Ninoy Aquino International Airport,MNL,28/07/2024 22:45,Kuala Lumpur International Airport,KUL,29/07/2024 2:40,235,AirAsia,Economy,235,N/A,N/A,49,Y,N,N,1,7,0,0
Ninoy Aquino International Airport,MNL,28/07/2024 6:55,Singapore Changi Airport,SIN,28/07/2024 10:30,215,Scoot,Economy,680,390,N/A,62,Y,N,N,1,7,0,0
Ninoy Aquino International Airport,MNL,28/07/2024 20:10,Singapore Changi Airport,SIN,28/07/2024 23:50,220,Scoot,Economy,580,300,TRUE,62,Y,N,N,1,7,0,0
Ninoy Aquino International Airport,MNL,28/07/2024 13:15,Kuala Lumpur International Airport,KUL,28/07/2024 17:15,240,AirAsia,Economy,240,N/A,N/A,64,Y,N,N,1,7,0,0
Ninoy Aquino International Airport,MNL,28/07/2024 2:00,Singapore Changi Airport,SIN,28/07/2024 5:50,230,Jetstar,Economy,370,70,N/A,83,Y,N,N,1,7,0,0
Ninoy Aquino International Airport,MNL,28/07/2024 6:30,Kuala Lumpur International Airport,KUL,28/07/2024 10:15,225,Philippine Airlines,Economy,225,N/A,N/A,135,Y,Y,Y,1,7,1,30
Ninoy Aquino International Airport,MNL,28/07/2024 12:50,Kuala Lumpur International Airport,KUL,28/07/2024 16:50,240,Malaysia Airlines,Economy,240,N/A,N/A,269,Y,Y,Y,1,7,1,23
Ninoy Aquino International Airport,MNL,28/07/2024 15:05,Kuala Lumpur International Airport,KUL,28/07/2024 19:00,235,Malaysia Airlines,Economy,235,N/A,N/A,357,Y,Y,Y,1,7,1,23
Ninoy Aquino International Airport,MNL,29/07/2024 17:30,Kuala Lumpur International Airport,KUL,29/07/2024 21:30,240,Philippines AirAsia,Economy,240,N/A,N/A,47,Y,N,N,1,7,0,0
Ninoy Aquino International Airport,MNL,29/07/2024 22:45,Kuala Lumpur International Airport,KUL,30/07/2024 2:40,235,AirAsia,Economy,235,N/A,N/A,49,Y,N,N,1,7,0,0
Ninoy Aquino International Airport,MNL,29/07/2024 12:50,Kuala Lumpur International Airport,KUL,29/07/2024 16:50,240,Malaysia Airlines,Economy,240,N/A,N/A,83,Y,Y,Y,1,7,1,23
Ninoy Aquino International Airport,MNL,29/07/2024 6:55,Singapore Changi Airport,SIN,29/07/2024 10:30,215,Scoot,Economy,680,390,N/A,62,Y,N,N,1,7,0,0
Ninoy Aquino International Airport,MNL,29/07/2024 19:35,Singapore Changi Airport,SIN,29/07/2024 23:15,220,Scoot,Economy,615,335,TRUE,62,Y,N,N,1,7,0,0
Ninoy Aquino International Airport,MNL,29/07/2024 13:15,Kuala Lumpur International Airport,KUL,29/07/2024 17:15,240,AirAsia,Economy,240,N/A,N/A,64,Y,N,N,1,7,0,0
Ninoy Aquino International Airport,MNL,29/07/2024 6:50,Kuala Lumpur International Airport,KUL,29/07/2024 10:35,225,Malaysia Airlines,Economy,225,N/A,N/A,83,Y,Y,Y,1,7,1,23
Ninoy Aquino International Airport,MNL,29/07/2024 15:05,Kuala Lumpur International Airport,KUL,29/07/2024 19:00,235,Malaysia Airlines,Economy,235,N/A,N/A,83,Y,Y,Y,1,7,1,23
Ninoy Aquino International Airport,MNL,29/07/2024 6:30,Kuala Lumpur International Airport,KUL,29/07/2024 10:15,225,Philippine Airlines,Economy,225,N/A,N/A,135,Y,Y,Y,1,7,1,30
Ninoy Aquino International Airport,MNL,30/07/2024 17:30,Kuala Lumpur International Airport,KUL,30/07/2024 21:20,230,Philippines AirAsia,Economy,230,N/A,N/A,47,Y,N,N,1,7,0,0
Ninoy Aquino International Airport,MNL,30/07/2024 13:15,Kuala Lumpur International Airport,KUL,30/07/2024 17:15,240,AirAsia,Economy,240,N/A,N/A,50,Y,N,N,1,7,0,0
Ninoy Aquino International Airport,MNL,30/07/2024 20:55,Kuala Lumpur International Airport,KUL,31/07/2024 0:55,240,Cebu Pacific,Economy,240,N/A,N/A,69,Y,N,N,1,7,0,0
Ninoy Aquino International Airport,MNL,30/07/2024 12:50,Kuala Lumpur International Airport,KUL,30/07/2024 16:50,240,Malaysia Airlines,Economy,240,N/A,N/A,83,Y,Y,Y,1,7,1,23
Ninoy Aquino International Airport,MNL,30/07/2024 22:45,Kuala Lumpur International Airport,KUL,31/07/2024 2:40,235,AirAsia,Economy,235,N/A,N/A,49,Y,N,N,1,7,0,0
Ninoy Aquino International Airport,MNL,30/07/2024 6:55,Singapore Changi Airport,SIN,30/07/2024 10:30,215,Scoot,Economy,680,390,N/A,62,Y,N,N,1,7,0,0
Ninoy Aquino International Airport,MNL,30/07/2024 6:50,Kuala Lumpur International Airport,KUL,30/07/2024 10:35,225,Malaysia Airlines,Economy,225,N/A,N/A,83,Y,Y,Y,1,7,1,23
Ninoy Aquino International Airport,MNL,30/07/2024 15:05,Kuala Lumpur International Airport,KUL,30/07/2024 19:00,235,Malaysia Airlines,Economy,235,N/A,N/A,83,Y,Y,Y,1,7,1,23
Ninoy Aquino International Airport,MNL,30/07/2024 11:20,Kuala Lumpur International Airport,KUL,30/07/2024 15:15,235,Philippine Airlines,Economy,235,N/A,N/A,135,Y,Y,Y,1,7,1,30
Ninoy Aquino International Airport,MNL,31/07/2024 17:30,Kuala Lumpur International Airport,KUL,31/07/2024 21:30,240,Philippines AirAsia,Economy,240,N/A,N/A,65,Y,N,N,1,7,0,0
Ninoy Aquino International Airport,MNL,31/07/2024 20:55,Kuala Lumpur International Airport,KUL,01/08/2024 0:55,240,Cebu Pacific,Economy,240,N/A,N/A,66,Y,N,N,1,7,0,0
Ninoy Aquino International Airport,MNL,31/07/2024 12:50,Kuala Lumpur International Airport,KUL,31/07/2024 16:50,240,Malaysia Airlines,Economy,240,N/A,N/A,83,Y,Y,Y,1,7,1,23
Ninoy Aquino International Airport,MNL,31/07/2024 22:45,Kuala Lumpur International Airport,KUL,01/08/2024 2:40,235,AirAsia,Economy,235,N/A,N/A,49,Y,N,N,1,7,0,0
Ninoy Aquino International Airport,MNL,31/07/2024 6:55,Singapore Changi Airport,SIN,31/07/2024 10:30,215,Scoot,Economy,625,340,N/A,62,Y,N,N,1,7,0,0
Ninoy Aquino International Airport,MNL,31/07/2024 19:35,Singapore Changi Airport,SIN,31/07/2024 23:15,220,Scoot,Economy,615,335,TRUE,62,Y,N,N,1,7,0,0
Ninoy Aquino International Airport,MNL,31/07/2024 13:15,Kuala Lumpur International Airport,KUL,31/07/2024 17:15,240,AirAsia,Economy,240,N/A,N/A,63,Y,N,N,1,7,0,0
Ninoy Aquino International Airport,MNL,31/07/2024 2:00,Singapore Changi Airport,SIN,31/07/2024 6:00,240,Jetstar,Economy,370,60,N/A,79,Y,N,N,1,7,0,0
Ninoy Aquino International Airport,MNL,31/07/2024 6:50,Kuala Lumpur International Airport,KUL,31/07/2024 10:35,225,Malaysia Airlines,Economy,225,N/A,N/A,83,Y,Y,Y,1,7,1,23
Ninoy Aquino International Airport,MNL,31/07/2024 15:05,Kuala Lumpur International Airport,KUL,31/07/2024 19:00,235,Malaysia Airlines,Economy,235,N/A,N/A,83,Y,Y,Y,1,7,1,23
Ninoy Aquino International Airport,MNL,31/07/2024 6:30,Kuala Lumpur International Airport,KUL,31/07/2024 10:15,225,Philippine Airlines,Economy,225,N/A,N/A,135,Y,Y,Y,1,7,1,30
Ninoy Aquino International Airport,MNL,01/08/2024 17:30,Kuala Lumpur International Airport,KUL,01/08/2024 21:25,235,Philippines AirAsia,Economy,235,N/A,N/A,47,Y,N,N,1,7,0,0
Ninoy Aquino International Airport,MNL,01/08/2024 13:15,Kuala Lumpur International Airport,KUL,01/08/2024 17:15,240,AirAsia,Economy,240,N/A,N/A,50,Y,N,N,1,7,0,0
Ninoy Aquino International Airport,MNL,01/08/2024 20:55,Kuala Lumpur International Airport,KUL,02/08/2024 0:55,240,Cebu Pacific,Economy,240,N/A,N/A,51,Y,N,N,1,7,0,0
Ninoy Aquino International Airport,MNL,01/08/2024 12:50,Kuala Lumpur International Airport,KUL,01/08/2024 16:50,240,Malaysia Airlines,Economy,240,N/A,N/A,83,Y,Y,Y,1,7,1,23
Ninoy Aquino International Airport,MNL,01/08/2024 22:45,Kuala Lumpur International Airport,KUL,02/08/2024 2:40,235,AirAsia,Economy,235,N/A,N/A,50,Y,N,N,1,7,0,0
Ninoy Aquino International Airport,MNL,01/08/2024 6:50,Kuala Lumpur International Airport,KUL,01/08/2024 10:35,225,Malaysia Airlines,Economy,225,N/A,N/A,83,Y,Y,Y,1,7,1,23
Ninoy Aquino International Airport,MNL,01/08/2024 15:05,Kuala Lumpur International Airport,KUL,01/08/2024 19:00,235,Malaysia Airlines,Economy,235,N/A,N/A,83,Y,Y,Y,1,7,1,23
Ninoy Aquino International Airport,MNL,01/08/2024 11:20,Kuala Lumpur International Airport,KUL,01/08/2024 15:15,235,Philippine Airlines,Economy,235,N/A,N/A,135,Y,Y,Y,1,7,1,30
Ninoy Aquino International Airport,MNL,01/08/2024 21:15,Kuala Lumpur International Airport,KUL,02/08/2024 1:10,235,Philippine Airlines,Economy,235,N/A,N/A,135,Y,Y,Y,1,7,1,30
Ninoy Aquino International Airport,MNL,02/08/2024 17:30,Kuala Lumpur International Airport,KUL,02/08/2024 21:30,240,Philippines AirAsia,Economy,240,N/A,N/A,47,Y,N,N,1,7,0,0
Ninoy Aquino International Airport,MNL,02/08/2024 20:55,Kuala Lumpur International Airport,KUL,03/08/2024 0:55,240,Cebu Pacific,Economy,240,N/A,N/A,51,Y,N,N,1,7,0,0
Ninoy Aquino International Airport,MNL,02/08/2024 13:15,Kuala Lumpur International Airport,KUL,02/08/2024 17:15,240,AirAsia,Economy,240,N/A,N/A,51,Y,N,N,1,7,0,0
Ninoy Aquino International Airport,MNL,02/08/2024 12:50,Kuala Lumpur International Airport,KUL,02/08/2024 16:50,240,Malaysia Airlines,Economy,240,N/A,N/A,83,Y,Y,Y,1,7,1,23
Ninoy Aquino International Airport,MNL,02/08/2024 22:45,Kuala Lumpur International Airport,KUL,03/08/2024 2:40,235,AirAsia,Economy,235,N/A,N/A,50,Y,N,N,1,7,0,0
Ninoy Aquino International Airport,MNL,02/08/2024 15:05,Kuala Lumpur International Airport,KUL,02/08/2024 19:00,235,Malaysia Airlines,Economy,235,N/A,N/A,83,Y,Y,Y,1,7,1,23
Ninoy Aquino International Airport,MNL,02/08/2024 6:30,Kuala Lumpur International Airport,KUL,02/08/2024 10:15,225,Philippine Airlines,Economy,225,N/A,N/A,135,Y,Y,Y,1,7,1,30
Ninoy Aquino International Airport,MNL,02/08/2024 21:15,Kuala Lumpur International Airport,KUL,03/08/2024 1:10,235,Philippine Airlines,Economy,235,N/A,N/A,135,Y,Y,Y,1,7,1,30
Ninoy Aquino International Airport,MNL,03/08/2024 17:30,Kuala Lumpur International Airport,KUL,03/08/2024 21:25,235,Philippines AirAsia,Economy,235,N/A,N/A,47,Y,N,N,1,7,0,0
Ninoy Aquino International Airport,MNL,03/08/2024 13:15,Kuala Lumpur International Airport,KUL,03/08/2024 17:15,240,AirAsia,Economy,240,N/A,N/A,50,Y,N,N,1,7,0,0
Ninoy Aquino International Airport,MNL,03/08/2024 20:55,Kuala Lumpur International Airport,KUL,04/08/2024 0:55,240,Cebu Pacific,Economy,240,N/A,N/A,51,Y,N,N,1,7,0,0
Ninoy Aquino International Airport,MNL,03/08/2024 12:50,Kuala Lumpur International Airport,KUL,03/08/2024 16:50,240,Malaysia Airlines,Economy,240,N/A,N/A,83,Y,Y,Y,1,7,1,23
Ninoy Aquino International Airport,MNL,03/08/2024 22:45,Kuala Lumpur International Airport,KUL,04/08/2024 2:40,235,AirAsia,Economy,235,N/A,N/A,50,Y,N,N,1,7,0,0
Ninoy Aquino International Airport,MNL,03/08/2024 6:50,Kuala Lumpur International Airport,KUL,03/08/2024 10:35,225,Malaysia Airlines,Economy,225,N/A,N/A,83,Y,Y,Y,1,7,1,23
Ninoy Aquino International Airport,MNL,03/08/2024 15:05,Kuala Lumpur International Airport,KUL,03/08/2024 19:00,235,Malaysia Airlines,Economy,235,N/A,N/A,83,Y,Y,Y,1,7,1,23
Ninoy Aquino International Airport,MNL,03/08/2024 11:20,Kuala Lumpur International Airport,KUL,03/08/2024 15:15,235,Philippine Airlines,Economy,235,N/A,N/A,135,Y,Y,Y,1,7,1,30
Ninoy Aquino International Airport,MNL,03/08/2024 21:15,Kuala Lumpur International Airport,KUL,04/08/2024 1:10,235,Philippine Airlines,Economy,235,N/A,N/A,135,Y,Y,Y,1,7,1,30
Ninoy Aquino International Airport,MNL,04/08/2024 17:30,Kuala Lumpur International Airport,KUL,04/08/2024 21:30,240,Philippines AirAsia,Economy,240,N/A,N/A,47,Y,N,N,1,7,0,0
Ninoy Aquino International Airport,MNL,04/08/2024 13:15,Kuala Lumpur International Airport,KUL,04/08/2024 17:15,240,AirAsia,Economy,240,N/A,N/A,49,Y,N,N,1,7,0,0
Ninoy Aquino International Airport,MNL,04/08/2024 12:50,Kuala Lumpur International Airport,KUL,04/08/2024 16:50,240,Malaysia Airlines,Economy,240,N/A,N/A,83,Y,Y,Y,1,7,1,23
Ninoy Aquino International Airport,MNL,04/08/2024 22:45,Kuala Lumpur International Airport,KUL,05/08/2024 2:40,235,AirAsia,Economy,235,N/A,N/A,49,Y,N,N,1,7,0,0
Ninoy Aquino International Airport,MNL,04/08/2024 19:35,Singapore Changi Airport,SIN,04/08/2024 23:15,220,Scoot,Economy,615,335,TRUE,62,Y,N,N,1,7,0,0
Ninoy Aquino International Airport,MNL,04/08/2024 15:05,Kuala Lumpur International Airport,KUL,04/08/2024 19:00,235,Malaysia Airlines,Economy,235,N/A,N/A,83,Y,Y,Y,1,7,1,23
Ninoy Aquino International Airport,MNL,04/08/2024 2:00,Singapore Changi Airport,SIN,04/08/2024 5:50,230,Jetstar,Economy,370,70,N/A,86,Y,N,N,1,7,0,0
Ninoy Aquino International Airport,MNL,04/08/2024 6:30,Kuala Lumpur International Airport,KUL,04/08/2024 10:15,225,Philippine Airlines,Economy,225,N/A,N/A,135,Y,Y,Y,1,7,1,30
Ninoy Aquino International Airport,MNL,04/08/2024 7:40,Singapore Changi Airport,SIN,04/08/2024 11:20,220,Singapore Airlines,Economy,365,85,N/A,251,Y,Y,Y,1,7,1,23
Ninoy Aquino International Airport,MNL,05/08/2024 17:30,Kuala Lumpur International Airport,KUL,05/08/2024 21:30,240,Philippines AirAsia,Economy,240,N/A,N/A,68,Y,N,N,1,7,0,0
Ninoy Aquino International Airport,MNL,05/08/2024 20:55,Kuala Lumpur International Airport,KUL,06/08/2024 0:55,240,Cebu Pacific,Economy,240,N/A,N/A,69,Y,N,N,1,7,0,0
Ninoy Aquino International Airport,MNL,05/08/2024 12:50,Kuala Lumpur International Airport,KUL,05/08/2024 16:50,240,Malaysia Airlines,Economy,240,N/A,N/A,83,Y,Y,Y,1,7,1,23
Ninoy Aquino International Airport,MNL,05/08/2024 6:55,Singapore Changi Airport,SIN,05/08/2024 10:30,215,Scoot,Economy,680,390,N/A,62,Y,N,N,1,7,0,0
Ninoy Aquino International Airport,MNL,05/08/2024 19:35,Singapore Changi Airport,SIN,05/08/2024 23:15,220,Scoot,Economy,615,335,TRUE,62,Y,N,N,1,7,0,0
Ninoy Aquino International Airport,MNL,05/08/2024 13:15,Kuala Lumpur International Airport,KUL,05/08/2024 17:15,240,AirAsia,Economy,240,N/A,N/A,67,Y,N,N,1,7,0,0
Ninoy Aquino International Airport,MNL,05/08/2024 22:45,Kuala Lumpur International Airport,KUL,06/08/2024 2:40,235,AirAsia,Economy,235,N/A,N/A,67,Y,N,N,1,7,0,0
Ninoy Aquino International Airport,MNL,05/08/2024 6:50,Kuala Lumpur International Airport,KUL,05/08/2024 10:35,225,Malaysia Airlines,Economy,225,N/A,N/A,83,Y,Y,Y,1,7,1,23
Ninoy Aquino International Airport,MNL,05/08/2024 15:05,Kuala Lumpur International Airport,KUL,05/08/2024 19:00,235,Malaysia Airlines,Economy,235,N/A,N/A,83,Y,Y,Y,1,7,1,23
Ninoy Aquino International Airport,MNL,05/08/2024 6:30,Kuala Lumpur International Airport,KUL,05/08/2024 10:15,225,Philippine Airlines,Economy,225,N/A,N/A,135,Y,Y,Y,1,7,1,30
Ninoy Aquino International Airport,MNL,06/08/2024 17:30,Kuala Lumpur International Airport,KUL,06/08/2024 21:20,230,Philippines AirAsia,Economy,230,N/A,N/A,47,Y,N,N,1,7,0,0
Ninoy Aquino International Airport,MNL,06/08/2024 13:15,Kuala Lumpur International Airport,KUL,06/08/2024 17:15,240,AirAsia,Economy,240,N/A,N/A,50,Y,N,N,1,7,0,0
Ninoy Aquino International Airport,MNL,06/08/2024 12:50,Kuala Lumpur International Airport,KUL,06/08/2024 16:50,240,Malaysia Airlines,Economy,240,N/A,N/A,83,Y,Y,Y,1,7,1,23
Ninoy Aquino International Airport,MNL,06/08/2024 22:45,Kuala Lumpur International Airport,KUL,07/08/2024 2:40,235,AirAsia,Economy,235,N/A,N/A,50,Y,N,N,1,7,0,0
Ninoy Aquino International Airport,MNL,06/08/2024 6:55,Singapore Changi Airport,SIN,06/08/2024 10:30,215,Scoot,Economy,680,390,N/A,62,Y,N,N,1,7,0,0
Ninoy Aquino International Airport,MNL,06/08/2024 6:50,Kuala Lumpur International Airport,KUL,06/08/2024 10:35,225,Malaysia Airlines,Economy,225,N/A,N/A,83,Y,Y,Y,1,7,1,23
Ninoy Aquino International Airport,MNL,06/08/2024 15:05,Kuala Lumpur International Airport,KUL,06/08/2024 19:00,235,Malaysia Airlines,Economy,235,N/A,N/A,83,Y,Y,Y,1,7,1,23
Ninoy Aquino International Airport,MNL,06/08/2024 11:20,Kuala Lumpur International Airport,KUL,06/08/2024 15:15,235,Philippine Airlines,Economy,235,N/A,N/A,135,Y,Y,Y,1,7,1,30
Ninoy Aquino International Airport,MNL,06/08/2024 7:40,Singapore Changi Airport,SIN,06/08/2024 11:20,220,Singapore Airlines,Economy,365,85,N/A,251,Y,Y,Y,1,7,1,23
Ninoy Aquino International Airport,MNL,07/08/2024 17:30,Kuala Lumpur International Airport,KUL,07/08/2024 21:30,240,Philippines AirAsia,Economy,240,N/A,N/A,47,Y,N,N,1,7,0,0
Ninoy Aquino International Airport,MNL,07/08/2024 13:15,Kuala Lumpur International Airport,KUL,07/08/2024 17:15,240,AirAsia,Economy,240,N/A,N/A,50,Y,N,N,1,7,0,0
Ninoy Aquino International Airport,MNL,07/08/2024 20:55,Kuala Lumpur International Airport,KUL,08/08/2024 0:55,240,Cebu Pacific,Economy,240,N/A,N/A,69,Y,N,N,1,7,0,0
Ninoy Aquino International Airport,MNL,07/08/2024 12:50,Kuala Lumpur International Airport,KUL,07/08/2024 16:50,240,Malaysia Airlines,Economy,240,N/A,N/A,83,Y,Y,Y,1,7,1,23
Ninoy Aquino International Airport,MNL,07/08/2024 22:45,Kuala Lumpur International Airport,KUL,08/08/2024 2:40,235,AirAsia,Economy,235,N/A,N/A,50,Y,N,N,1,7,0,0
Ninoy Aquino International Airport,MNL,07/08/2024 19:35,Singapore Changi Airport,SIN,07/08/2024 23:15,220,Scoot,Economy,615,335,TRUE,62,Y,N,N,1,7,0,0
Ninoy Aquino International Airport,MNL,07/08/2024 6:50,Kuala Lumpur International Airport,KUL,07/08/2024 10:35,225,Malaysia Airlines,Economy,225,N/A,N/A,83,Y,Y,Y,1,7,1,23
Ninoy Aquino International Airport,MNL,07/08/2024 15:05,Kuala Lumpur International Airport,KUL,07/08/2024 19:00,235,Malaysia Airlines,Economy,235,N/A,N/A,83,Y,Y,Y,1,7,1,23
Ninoy Aquino International Airport,MNL,07/08/2024 6:30,Kuala Lumpur International Airport,KUL,07/08/2024 10:15,225,Philippine Airlines,Economy,225,N/A,N/A,135,Y,Y,Y,1,7,1,30
Ninoy Aquino International Airport,MNL,08/08/2024 17:30,Kuala Lumpur International Airport,KUL,08/08/2024 21:25,235,Philippines AirAsia,Economy,235,N/A,N/A,47,Y,N,N,1,7,0,0
Ninoy Aquino International Airport,MNL,08/08/2024 20:55,Kuala Lumpur International Airport,KUL,09/08/2024 0:55,240,Cebu Pacific,Economy,240,N/A,N/A,50,Y,N,N,1,7,0,0
Ninoy Aquino International Airport,MNL,08/08/2024 12:50,Kuala Lumpur International Airport,KUL,08/08/2024 16:50,240,Malaysia Airlines,Economy,240,N/A,N/A,83,Y,Y,Y,1,7,1,23
Ninoy Aquino International Airport,MNL,08/08/2024 13:15,Kuala Lumpur International Airport,KUL,08/08/2024 17:15,240,AirAsia,Economy,240,N/A,N/A,50,Y,N,N,1,7,0,0
Ninoy Aquino International Airport,MNL,08/08/2024 22:45,Kuala Lumpur International Airport,KUL,09/08/2024 2:40,235,AirAsia,Economy,235,N/A,N/A,50,Y,N,N,1,7,0,0
Ninoy Aquino International Airport,MNL,08/08/2024 6:50,Kuala Lumpur International Airport,KUL,08/08/2024 10:35,225,Malaysia Airlines,Economy,225,N/A,N/A,83,Y,Y,Y,1,7,1,23
Ninoy Aquino International Airport,MNL,08/08/2024 15:05,Kuala Lumpur International Airport,KUL,08/08/2024 19:00,235,Malaysia Airlines,Economy,235,N/A,N/A,83,Y,Y,Y,1,7,1,23
Ninoy Aquino International Airport,MNL,08/08/2024 21:15,Kuala Lumpur International Airport,KUL,09/08/2024 1:10,235,Philippine Airlines,Economy,235,N/A,N/A,135,Y,Y,Y,1,7,1,30
Ninoy Aquino International Airport,MNL,08/08/2024 11:20,Kuala Lumpur International Airport,KUL,08/08/2024 15:15,235,Philippine Airlines,Economy,235,N/A,N/A,157,Y,Y,Y,1,7,1,30
Ninoy Aquino International Airport,MNL,09/08/2024 17:30,Kuala Lumpur International Airport,KUL,09/08/2024 21:30,240,Philippines AirAsia,Economy,240,N/A,N/A,47,Y,N,N,1,7,0,0
Ninoy Aquino International Airport,MNL,09/08/2024 20:55,Kuala Lumpur International Airport,KUL,10/08/2024 0:55,240,Cebu Pacific,Economy,240,N/A,N/A,51,Y,N,N,1,7,0,0
Ninoy Aquino International Airport,MNL,09/08/2024 13:15,Kuala Lumpur International Airport,KUL,09/08/2024 17:15,240,AirAsia,Economy,240,N/A,N/A,51,Y,N,N,1,7,0,0
Ninoy Aquino International Airport,MNL,09/08/2024 12:50,Kuala Lumpur International Airport,KUL,09/08/2024 16:50,240,Malaysia Airlines,Economy,240,N/A,N/A,83,Y,Y,Y,1,7,1,23
Ninoy Aquino International Airport,MNL,09/08/2024 22:45,Kuala Lumpur International Airport,KUL,10/08/2024 2:40,235,AirAsia,Economy,235,N/A,N/A,51,Y,N,N,1,7,0,0
Ninoy Aquino International Airport,MNL,09/08/2024 15:05,Kuala Lumpur International Airport,KUL,09/08/2024 19:00,235,Malaysia Airlines,Economy,235,N/A,N/A,83,Y,Y,Y,1,7,1,23
Ninoy Aquino International Airport,MNL,09/08/2024 6:30,Kuala Lumpur International Airport,KUL,09/08/2024 10:15,225,Philippine Airlines,Economy,225,N/A,N/A,135,Y,Y,Y,1,7,1,30
Ninoy Aquino International Airport,MNL,09/08/2024 21:15,Kuala Lumpur International Airport,KUL,10/08/2024 1:10,235,Philippine Airlines,Economy,235,N/A,N/A,135,Y,Y,Y,1,7,1,30
Ninoy Aquino International Airport,MNL,10/08/2024 17:30,Kuala Lumpur International Airport,KUL,10/08/2024 21:25,235,Philippines AirAsia,Economy,235,N/A,N/A,47,Y,N,N,1,7,0,0
Ninoy Aquino International Airport,MNL,10/08/2024 13:15,Kuala Lumpur International Airport,KUL,10/08/2024 17:15,240,AirAsia,Economy,240,N/A,N/A,50,Y,N,N,1,7,0,0
Ninoy Aquino International Airport,MNL,10/08/2024 12:50,Kuala Lumpur International Airport,KUL,10/08/2024 16:50,240,Malaysia Airlines,Economy,240,N/A,N/A,83,Y,Y,Y,1,7,1,23
Ninoy Aquino International Airport,MNL,10/08/2024 22:45,Kuala Lumpur International Airport,KUL,11/08/2024 2:40,235,AirAsia,Economy,235,N/A,N/A,50,Y,N,N,1,7,0,0
Ninoy Aquino International Airport,MNL,10/08/2024 20:55,Kuala Lumpur International Airport,KUL,11/08/2024 0:55,240,Cebu Pacific,Economy,240,N/A,N/A,68,Y,N,N,1,7,0,0
Ninoy Aquino International Airport,MNL,10/08/2024 6:50,Kuala Lumpur International Airport,KUL,10/08/2024 10:35,225,Malaysia Airlines,Economy,225,N/A,N/A,83,Y,Y,Y,1,7,1,23
Ninoy Aquino International Airport,MNL,10/08/2024 15:05,Kuala Lumpur International Airport,KUL,10/08/2024 19:00,235,Malaysia Airlines,Economy,235,N/A,N/A,83,Y,Y,Y,1,7,1,23
Ninoy Aquino International Airport,MNL,10/08/2024 21:15,Kuala Lumpur International Airport,KUL,11/08/2024 1:10,235,Philippine Airlines,Economy,235,N/A,N/A,135,Y,Y,Y,1,7,1,30
Ninoy Aquino International Airport,MNL,10/08/2024 11:20,Kuala Lumpur International Airport,KUL,10/08/2024 15:15,235,Philippine Airlines,Economy,235,N/A,N/A,401,Y,Y,Y,1,7,1,30
Ninoy Aquino International Airport,MNL,11/08/2024 17:30,Kuala Lumpur International Airport,KUL,11/08/2024 21:30,240,Philippines AirAsia,Economy,240,N/A,N/A,47,Y,N,N,1,7,0,0
Ninoy Aquino International Airport,MNL,11/08/2024 13:15,Kuala Lumpur International Airport,KUL,11/08/2024 17:15,240,AirAsia,Economy,240,N/A,N/A,50,Y,N,N,1,7,0,0
Ninoy Aquino International Airport,MNL,11/08/2024 12:50,Kuala Lumpur International Airport,KUL,11/08/2024 16:50,240,Malaysia Airlines,Economy,240,N/A,N/A,83,Y,Y,Y,1,7,1,23
Ninoy Aquino International Airport,MNL,11/08/2024 22:45,Kuala Lumpur International Airport,KUL,12/08/2024 2:40,235,AirAsia,Economy,235,N/A,N/A,50,Y,N,N,1,7,0,0
Ninoy Aquino International Airport,MNL,11/08/2024 6:55,Singapore Changi Airport,SIN,11/08/2024 10:30,215,Scoot,Economy,680,390,N/A,62,Y,N,N,1,7,0,0
Ninoy Aquino International Airport,MNL,11/08/2024 15:05,Kuala Lumpur International Airport,KUL,11/08/2024 19:00,235,Malaysia Airlines,Economy,235,N/A,N/A,83,Y,Y,Y,1,7,1,23
Ninoy Aquino International Airport,MNL,11/08/2024 2:00,Singapore Changi Airport,SIN,11/08/2024 5:50,230,Jetstar,Economy,370,70,N/A,86,Y,N,N,1,7,0,0
Ninoy Aquino International Airport,MNL,11/08/2024 6:30,Kuala Lumpur International Airport,KUL,11/08/2024 10:15,225,Philippine Airlines,Economy,225,N/A,N/A,135,Y,Y,Y,1,7,1,30
Ninoy Aquino International Airport,MNL,11/08/2024 7:40,Singapore Changi Airport,SIN,11/08/2024 11:20,220,Singapore Airlines,Economy,365,85,N/A,286,Y,Y,Y,1,7,1,23
Ninoy Aquino International Airport,MNL,12/08/2024 17:30,Kuala Lumpur International Airport,KUL,12/08/2024 21:30,240,Philippines AirAsia,Economy,240,N/A,N/A,47,Y,N,N,1,7,0,0
Ninoy Aquino International Airport,MNL,12/08/2024 13:15,Kuala Lumpur International Airport,KUL,12/08/2024 17:15,240,AirAsia,Economy,240,N/A,N/A,51,Y,N,N,1,7,0,0
Ninoy Aquino International Airport,MNL,12/08/2024 20:55,Kuala Lumpur International Airport,KUL,13/08/2024 0:55,240,Cebu Pacific,Economy,240,N/A,N/A,69,Y,N,N,1,7,0,0
Ninoy Aquino International Airport,MNL,12/08/2024 12:50,Kuala Lumpur International Airport,KUL,12/08/2024 16:50,240,Malaysia Airlines,Economy,240,N/A,N/A,83,Y,Y,Y,1,7,1,23
Ninoy Aquino International Airport,MNL,12/08/2024 22:45,Kuala Lumpur International Airport,KUL,13/08/2024 2:40,235,AirAsia,Economy,235,N/A,N/A,51,Y,N,N,1,7,0,0
Ninoy Aquino International Airport,MNL,12/08/2024 19:35,Singapore Changi Airport,SIN,12/08/2024 23:15,220,Scoot,Economy,615,335,TRUE,62,Y,N,N,1,7,0,0
Ninoy Aquino International Airport,MNL,12/08/2024 6:50,Kuala Lumpur International Airport,KUL,12/08/2024 10:35,225,Malaysia Airlines,Economy,225,N/A,N/A,83,Y,Y,Y,1,7,1,23
Ninoy Aquino International Airport,MNL,12/08/2024 15:05,Kuala Lumpur International Airport,KUL,12/08/2024 19:00,235,Malaysia Airlines,Economy,235,N/A,N/A,83,Y,Y,Y,1,7,1,23
Ninoy Aquino International Airport,MNL,12/08/2024 6:30,Kuala Lumpur International Airport,KUL,12/08/2024 10:15,225,Philippine Airlines,Economy,225,N/A,N/A,135,Y,Y,Y,1,7,1,30
Ninoy Aquino International Airport,MNL,13/08/2024 17:30,Kuala Lumpur International Airport,KUL,13/08/2024 21:20,230,Philippines AirAsia,Economy,230,N/A,N/A,47,Y,N,N,1,7,0,0
Ninoy Aquino International Airport,MNL,13/08/2024 13:15,Kuala Lumpur International Airport,KUL,13/08/2024 17:15,240,AirAsia,Economy,240,N/A,N/A,50,Y,N,N,1,7,0,0
Ninoy Aquino International Airport,MNL,13/08/2024 12:50,Kuala Lumpur International Airport,KUL,13/08/2024 16:50,240,Malaysia Airlines,Economy,240,N/A,N/A,83,Y,Y,Y,1,7,1,23
Ninoy Aquino International Airport,MNL,13/08/2024 22:45,Kuala Lumpur International Airport,KUL,14/08/2024 2:40,235,AirAsia,Economy,235,N/A,N/A,49,Y,N,N,1,7,0,0
Ninoy Aquino International Airport,MNL,13/08/2024 19:35,Singapore Changi Airport,SIN,13/08/2024 23:15,220,Scoot,Economy,615,335,TRUE,62,Y,N,N,1,7,0,0
Ninoy Aquino International Airport,MNL,13/08/2024 6:50,Kuala Lumpur International Airport,KUL,13/08/2024 10:35,225,Malaysia Airlines,Economy,225,N/A,N/A,83,Y,Y,Y,1,7,1,23
Ninoy Aquino International Airport,MNL,13/08/2024 15:05,Kuala Lumpur International Airport,KUL,13/08/2024 19:00,235,Malaysia Airlines,Economy,235,N/A,N/A,83,Y,Y,Y,1,7,1,23
Ninoy Aquino International Airport,MNL,13/08/2024 11:20,Kuala Lumpur International Airport,KUL,13/08/2024 15:15,235,Philippine Airlines,Economy,235,N/A,N/A,135,Y,Y,Y,1,7,1,30
Ninoy Aquino International Airport,MNL,13/08/2024 7:40,Singapore Changi Airport,SIN,13/08/2024 11:20,220,Singapore Airlines,Economy,365,85,N/A,251,Y,Y,Y,1,7,1,23
Ninoy Aquino International Airport,MNL,14/08/2024 17:30,Kuala Lumpur International Airport,KUL,14/08/2024 21:30,240,Philippines AirAsia,Economy,240,N/A,N/A,47,Y,N,N,1,7,0,0
Ninoy Aquino International Airport,MNL,14/08/2024 13:15,Kuala Lumpur International Airport,KUL,14/08/2024 17:15,240,AirAsia,Economy,240,N/A,N/A,50,Y,N,N,1,7,0,0
Ninoy Aquino International Airport,MNL,14/08/2024 20:55,Kuala Lumpur International Airport,KUL,15/08/2024 0:55,240,Cebu Pacific,Economy,240,N/A,N/A,69,Y,N,N,1,7,0,0
Ninoy Aquino International Airport,MNL,14/08/2024 12:50,Kuala Lumpur International Airport,KUL,14/08/2024 16:50,240,Malaysia Airlines,Economy,240,N/A,N/A,83,Y,Y,Y,1,7,1,23
Ninoy Aquino International Airport,MNL,14/08/2024 22:45,Kuala Lumpur International Airport,KUL,15/08/2024 2:40,235,AirAsia,Economy,235,N/A,N/A,49,Y,N,N,1,7,0,0
Ninoy Aquino International Airport,MNL,14/08/2024 19:35,Singapore Changi Airport,SIN,14/08/2024 23:15,220,Scoot,Economy,615,335,TRUE,62,Y,N,N,1,7,0,0
Ninoy Aquino International Airport,MNL,14/08/2024 6:50,Kuala Lumpur International Airport,KUL,14/08/2024 10:35,225,Malaysia Airlines,Economy,225,N/A,N/A,83,Y,Y,Y,1,7,1,23
Ninoy Aquino International Airport,MNL,14/08/2024 15:05,Kuala Lumpur International Airport,KUL,14/08/2024 19:00,235,Malaysia Airlines,Economy,235,N/A,N/A,83,Y,Y,Y,1,7,1,23
Ninoy Aquino International Airport,MNL,14/08/2024 6:30,Kuala Lumpur International Airport,KUL,14/08/2024 10:15,225,Philippine Airlines,Economy,225,N/A,N/A,135,Y,Y,Y,1,7,1,30
Ninoy Aquino International Airport,MNL,15/08/2024 17:30,Kuala Lumpur International Airport,KUL,15/08/2024 21:25,235,Philippines AirAsia,Economy,235,N/A,N/A,47,Y,N,N,1,7,0,0
Ninoy Aquino International Airport,MNL,15/08/2024 20:55,Kuala Lumpur International Airport,KUL,16/08/2024 0:55,240,Cebu Pacific,Economy,240,N/A,N/A,50,Y,N,N,1,7,0,0
Ninoy Aquino International Airport,MNL,15/08/2024 22:45,Kuala Lumpur International Airport,KUL,16/08/2024 2:40,235,AirAsia,Economy,235,N/A,N/A,51,Y,N,N,1,7,0,0
Ninoy Aquino International Airport,MNL,15/08/2024 12:50,Kuala Lumpur International Airport,KUL,15/08/2024 16:50,240,Malaysia Airlines,Economy,240,N/A,N/A,83,Y,Y,Y,1,7,1,23
Ninoy Aquino International Airport,MNL,15/08/2024 13:15,Kuala Lumpur International Airport,KUL,15/08/2024 17:15,240,AirAsia,Economy,240,N/A,N/A,50,Y,N,N,1,7,0,0
Ninoy Aquino International Airport,MNL,15/08/2024 6:50,Kuala Lumpur International Airport,KUL,15/08/2024 10:35,225,Malaysia Airlines,Economy,225,N/A,N/A,83,Y,Y,Y,1,7,1,23
Ninoy Aquino International Airport,MNL,15/08/2024 15:05,Kuala Lumpur International Airport,KUL,15/08/2024 19:00,235,Malaysia Airlines,Economy,235,N/A,N/A,83,Y,Y,Y,1,7,1,23
Ninoy Aquino International Airport,MNL,15/08/2024 11:20,Kuala Lumpur International Airport,KUL,15/08/2024 15:15,235,Philippine Airlines,Economy,235,N/A,N/A,135,Y,Y,Y,1,7,1,30
Ninoy Aquino International Airport,MNL,15/08/2024 21:15,Kuala Lumpur International Airport,KUL,16/08/2024 1:10,235,Philippine Airlines,Economy,235,N/A,N/A,135,Y,Y,Y,1,7,1,30
Ninoy Aquino International Airport,MNL,16/08/2024 17:30,Kuala Lumpur International Airport,KUL,16/08/2024 21:30,240,Philippines AirAsia,Economy,240,N/A,N/A,47,Y,N,N,1,7,0,0
Ninoy Aquino International Airport,MNL,16/08/2024 13:15,Kuala Lumpur International Airport,KUL,16/08/2024 17:15,240,AirAsia,Economy,240,N/A,N/A,50,Y,N,N,1,7,0,0
Ninoy Aquino International Airport,MNL,16/08/2024 20:55,Kuala Lumpur International Airport,KUL,17/08/2024 0:55,240,Cebu Pacific,Economy,240,N/A,N/A,51,Y,N,N,1,7,0,0
Ninoy Aquino International Airport,MNL,16/08/2024 12:50,Kuala Lumpur International Airport,KUL,16/08/2024 16:50,240,Malaysia Airlines,Economy,240,N/A,N/A,83,Y,Y,Y,1,7,1,23
Ninoy Aquino International Airport,MNL,16/08/2024 22:45,Kuala Lumpur International Airport,KUL,17/08/2024 2:40,235,AirAsia,Economy,235,N/A,N/A,64,Y,N,N,1,7,0,0
Ninoy Aquino International Airport,MNL,16/08/2024 15:05,Kuala Lumpur International Airport,KUL,16/08/2024 19:00,235,Malaysia Airlines,Economy,235,N/A,N/A,83,Y,Y,Y,1,7,1,23
Ninoy Aquino International Airport,MNL,16/08/2024 6:30,Kuala Lumpur International Airport,KUL,16/08/2024 10:15,225,Philippine Airlines,Economy,225,N/A,N/A,135,Y,Y,Y,1,7,1,30
Ninoy Aquino International Airport,MNL,16/08/2024 21:15,Kuala Lumpur International Airport,KUL,17/08/2024 1:10,235,Philippine Airlines,Economy,235,N/A,N/A,135,Y,Y,Y,1,7,1,30
Ninoy Aquino International Airport,MNL,17/08/2024 17:30,Kuala Lumpur International Airport,KUL,17/08/2024 21:25,235,Philippines AirAsia,Economy,235,N/A,N/A,47,Y,N,N,1,7,0,0
Ninoy Aquino International Airport,MNL,17/08/2024 20:55,Kuala Lumpur International Airport,KUL,18/08/2024 0:55,240,Cebu Pacific,Economy,240,N/A,N/A,51,Y,N,N,1,7,0,0
Ninoy Aquino International Airport,MNL,17/08/2024 22:45,Kuala Lumpur International Airport,KUL,18/08/2024 2:40,235,AirAsia,Economy,235,N/A,N/A,51,Y,N,N,1,7,0,0
Ninoy Aquino International Airport,MNL,17/08/2024 12:50,Kuala Lumpur International Airport,KUL,17/08/2024 16:50,240,Malaysia Airlines,Economy,240,N/A,N/A,83,Y,Y,Y,1,7,1,23
Ninoy Aquino International Airport,MNL,17/08/2024 13:15,Kuala Lumpur International Airport,KUL,17/08/2024 17:15,240,AirAsia,Economy,240,N/A,N/A,64,Y,N,N,1,7,0,0
Ninoy Aquino International Airport,MNL,17/08/2024 6:50,Kuala Lumpur International Airport,KUL,17/08/2024 10:35,225,Malaysia Airlines,Economy,225,N/A,N/A,83,Y,Y,Y,1,7,1,23
Ninoy Aquino International Airport,MNL,17/08/2024 15:05,Kuala Lumpur International Airport,KUL,17/08/2024 19:00,235,Malaysia Airlines,Economy,235,N/A,N/A,83,Y,Y,Y,1,7,1,23
Ninoy Aquino International Airport,MNL,17/08/2024 11:20,Kuala Lumpur International Airport,KUL,17/08/2024 15:15,235,Philippine Airlines,Economy,235,N/A,N/A,135,Y,Y,Y,1,7,1,30
Ninoy Aquino International Airport,MNL,17/08/2024 21:15,Kuala Lumpur International Airport,KUL,18/08/2024 1:10,235,Philippine Airlines,Economy,235,N/A,N/A,135,Y,Y,Y,1,7,1,30
Ninoy Aquino International Airport,MNL,18/08/2024 17:30,Kuala Lumpur International Airport,KUL,18/08/2024 21:30,240,Philippines AirAsia,Economy,240,N/A,N/A,47,Y,N,N,1,7,0,0
Ninoy Aquino International Airport,MNL,18/08/2024 13:15,Kuala Lumpur International Airport,KUL,18/08/2024 17:15,240,AirAsia,Economy,240,N/A,N/A,50,Y,N,N,1,7,0,0
Ninoy Aquino International Airport,MNL,18/08/2024 12:50,Kuala Lumpur International Airport,KUL,18/08/2024 16:50,240,Malaysia Airlines,Economy,240,N/A,N/A,83,Y,Y,Y,1,7,1,23
Ninoy Aquino International Airport,MNL,18/08/2024 22:45,Kuala Lumpur International Airport,KUL,19/08/2024 2:40,235,AirAsia,Economy,235,N/A,N/A,50,Y,N,N,1,7,0,0
Ninoy Aquino International Airport,MNL,18/08/2024 19:35,Singapore Changi Airport,SIN,18/08/2024 23:15,220,Scoot,Economy,615,335,TRUE,62,Y,N,N,1,7,0,0
Ninoy Aquino International Airport,MNL,18/08/2024 15:05,Kuala Lumpur International Airport,KUL,18/08/2024 19:00,235,Malaysia Airlines,Economy,235,N/A,N/A,83,Y,Y,Y,1,7,1,23
Ninoy Aquino International Airport,MNL,18/08/2024 2:00,Singapore Changi Airport,SIN,18/08/2024 5:50,230,Jetstar,Economy,370,70,N/A,86,Y,N,N,1,7,0,0
Ninoy Aquino International Airport,MNL,18/08/2024 6:30,Kuala Lumpur International Airport,KUL,18/08/2024 10:15,225,Philippine Airlines,Economy,225,N/A,N/A,135,Y,Y,Y,1,7,1,30
Ninoy Aquino International Airport,MNL,18/08/2024 7:40,Singapore Changi Airport,SIN,18/08/2024 11:20,220,Singapore Airlines,Economy,365,85,N/A,251,Y,Y,Y,1,7,1,23
Ninoy Aquino International Airport,MNL,19/08/2024 17:30,Kuala Lumpur International Airport,KUL,19/08/2024 21:30,240,Philippines AirAsia,Economy,240,N/A,N/A,47,Y,N,N,1,7,0,0
Ninoy Aquino International Airport,MNL,19/08/2024 13:15,Kuala Lumpur International Airport,KUL,19/08/2024 17:15,240,AirAsia,Economy,240,N/A,N/A,51,Y,N,N,1,7,0,0
Ninoy Aquino International Airport,MNL,19/08/2024 20:55,Kuala Lumpur International Airport,KUL,20/08/2024 0:55,240,Cebu Pacific,Economy,240,N/A,N/A,69,Y,N,N,1,7,0,0
Ninoy Aquino International Airport,MNL,19/08/2024 12:50,Kuala Lumpur International Airport,KUL,19/08/2024 16:50,240,Malaysia Airlines,Economy,240,N/A,N/A,83,Y,Y,Y,1,7,1,23
Ninoy Aquino International Airport,MNL,19/08/2024 22:45,Kuala Lumpur International Airport,KUL,20/08/2024 2:40,235,AirAsia,Economy,235,N/A,N/A,51,Y,N,N,1,7,0,0
Ninoy Aquino International Airport,MNL,19/08/2024 19:35,Singapore Changi Airport,SIN,19/08/2024 23:15,220,Scoot,Economy,615,335,TRUE,62,Y,N,N,1,7,0,0
Ninoy Aquino International Airport,MNL,19/08/2024 6:50,Kuala Lumpur International Airport,KUL,19/08/2024 10:35,225,Malaysia Airlines,Economy,225,N/A,N/A,83,Y,Y,Y,1,7,1,23
Ninoy Aquino International Airport,MNL,19/08/2024 15:05,Kuala Lumpur International Airport,KUL,19/08/2024 19:00,235,Malaysia Airlines,Economy,235,N/A,N/A,83,Y,Y,Y,1,7,1,23
Ninoy Aquino International Airport,MNL,19/08/2024 6:30,Kuala Lumpur International Airport,KUL,19/08/2024 10:15,225,Philippine Airlines,Economy,225,N/A,N/A,135,Y,Y,Y,1,7,1,30
Ninoy Aquino International Airport,MNL,20/08/2024 17:30,Kuala Lumpur International Airport,KUL,20/08/2024 21:20,230,Philippines AirAsia,Economy,230,N/A,N/A,47,Y,N,N,1,7,0,0
Ninoy Aquino International Airport,MNL,20/08/2024 13:15,Kuala Lumpur International Airport,KUL,20/08/2024 17:15,240,AirAsia,Economy,240,N/A,N/A,51,Y,N,N,1,7,0,0
Ninoy Aquino International Airport,MNL,20/08/2024 12:50,Kuala Lumpur International Airport,KUL,20/08/2024 16:50,240,Malaysia Airlines,Economy,240,N/A,N/A,83,Y,Y,Y,1,7,1,23
Ninoy Aquino International Airport,MNL,20/08/2024 22:45,Kuala Lumpur International Airport,KUL,21/08/2024 2:40,235,AirAsia,Economy,235,N/A,N/A,51,Y,N,N,1,7,0,0
Ninoy Aquino International Airport,MNL,20/08/2024 19:35,Singapore Changi Airport,SIN,20/08/2024 23:15,220,Scoot,Economy,615,335,TRUE,62,Y,N,N,1,7,0,0
Ninoy Aquino International Airport,MNL,20/08/2024 6:50,Kuala Lumpur International Airport,KUL,20/08/2024 10:35,225,Malaysia Airlines,Economy,225,N/A,N/A,83,Y,Y,Y,1,7,1,23
Ninoy Aquino International Airport,MNL,20/08/2024 15:05,Kuala Lumpur International Airport,KUL,20/08/2024 19:00,235,Malaysia Airlines,Economy,235,N/A,N/A,83,Y,Y,Y,1,7,1,23
Ninoy Aquino International Airport,MNL,20/08/2024 11:20,Kuala Lumpur International Airport,KUL,20/08/2024 15:15,235,Philippine Airlines,Economy,235,N/A,N/A,135,Y,Y,Y,1,7,1,30
Ninoy Aquino International Airport,MNL,20/08/2024 7:40,Singapore Changi Airport,SIN,20/08/2024 11:20,220,Singapore Airlines,Economy,365,85,N/A,251,Y,Y,Y,1,7,1,23
Ninoy Aquino International Airport,MNL,21/08/2024 17:30,Kuala Lumpur International Airport,KUL,21/08/2024 21:30,240,Philippines AirAsia,Economy,240,N/A,N/A,69,Y,N,N,1,7,0,0
Ninoy Aquino International Airport,MNL,21/08/2024 20:55,Kuala Lumpur International Airport,KUL,22/08/2024 0:55,240,Cebu Pacific,Economy,240,N/A,N/A,69,Y,N,N,1,7,0,0
Ninoy Aquino International Airport,MNL,21/08/2024 12:50,Kuala Lumpur International Airport,KUL,21/08/2024 16:50,240,Malaysia Airlines,Economy,240,N/A,N/A,83,Y,Y,Y,1,7,1,23
Ninoy Aquino International Airport,MNL,21/08/2024 19:35,Singapore Changi Airport,SIN,21/08/2024 23:15,220,Scoot,Economy,615,335,TRUE,62,Y,N,N,1,7,0,0
Ninoy Aquino International Airport,MNL,21/08/2024 22:45,Kuala Lumpur International Airport,KUL,22/08/2024 2:40,235,AirAsia,Economy,235,N/A,N/A,69,Y,N,N,1,7,0,0
Ninoy Aquino International Airport,MNL,21/08/2024 6:50,Kuala Lumpur International Airport,KUL,21/08/2024 10:35,225,Malaysia Airlines,Economy,225,N/A,N/A,83,Y,Y,Y,1,7,1,23
Ninoy Aquino International Airport,MNL,21/08/2024 15:05,Kuala Lumpur International Airport,KUL,21/08/2024 19:00,235,Malaysia Airlines,Economy,235,N/A,N/A,83,Y,Y,Y,1,7,1,23
Ninoy Aquino International Airport,MNL,21/08/2024 13:15,Kuala Lumpur International Airport,KUL,21/08/2024 17:15,240,AirAsia,Economy,240,N/A,N/A,85,Y,N,N,1,7,0,0
Ninoy Aquino International Airport,MNL,21/08/2024 2:00,Singapore Changi Airport,SIN,21/08/2024 6:00,240,Jetstar,Economy,370,60,N/A,92,Y,N,N,1,7,0,0
Ninoy Aquino International Airport,MNL,21/08/2024 6:30,Kuala Lumpur International Airport,KUL,21/08/2024 10:15,225,Philippine Airlines,Economy,225,N/A,N/A,135,Y,Y,Y,1,7,1,30
Ninoy Aquino International Airport,MNL,22/08/2024 17:30,Kuala Lumpur International Airport,KUL,22/08/2024 21:25,235,Philippines AirAsia,Economy,235,N/A,N/A,47,Y,N,N,1,7,0,0
Ninoy Aquino International Airport,MNL,22/08/2024 20:55,Kuala Lumpur International Airport,KUL,23/08/2024 0:55,240,Cebu Pacific,Economy,240,N/A,N/A,51,Y,N,N,1,7,0,0
Ninoy Aquino International Airport,MNL,22/08/2024 13:15,Kuala Lumpur International Airport,KUL,22/08/2024 17:15,240,AirAsia,Economy,240,N/A,N/A,51,Y,N,N,1,7,0,0
Ninoy Aquino International Airport,MNL,22/08/2024 12:50,Kuala Lumpur International Airport,KUL,22/08/2024 16:50,240,Malaysia Airlines,Economy,240,N/A,N/A,83,Y,Y,Y,1,7,1,23
Ninoy Aquino International Airport,MNL,22/08/2024 22:45,Kuala Lumpur International Airport,KUL,23/08/2024 2:40,235,AirAsia,Economy,235,N/A,N/A,51,Y,N,N,1,7,0,0
Ninoy Aquino International Airport,MNL,22/08/2024 6:50,Kuala Lumpur International Airport,KUL,22/08/2024 10:35,225,Malaysia Airlines,Economy,225,N/A,N/A,83,Y,Y,Y,1,7,1,23
Ninoy Aquino International Airport,MNL,22/08/2024 15:05,Kuala Lumpur International Airport,KUL,22/08/2024 19:00,235,Malaysia Airlines,Economy,235,N/A,N/A,83,Y,Y,Y,1,7,1,23
Ninoy Aquino International Airport,MNL,22/08/2024 11:20,Kuala Lumpur International Airport,KUL,22/08/2024 15:15,235,Philippine Airlines,Economy,235,N/A,N/A,187,Y,Y,Y,1,7,1,30
Ninoy Aquino International Airport,MNL,22/08/2024 21:15,Kuala Lumpur International Airport,KUL,23/08/2024 1:10,235,Philippine Airlines,Economy,235,N/A,N/A,187,Y,Y,Y,1,7,1,30
Ninoy Aquino International Airport,MNL,23/08/2024 17:30,Kuala Lumpur International Airport,KUL,23/08/2024 21:30,240,Philippines AirAsia,Economy,240,N/A,N/A,47,Y,N,N,1,7,0,0
Ninoy Aquino International Airport,MNL,23/08/2024 20:55,Kuala Lumpur International Airport,KUL,24/08/2024 0:55,240,Cebu Pacific,Economy,240,N/A,N/A,51,Y,N,N,1,7,0,0
Ninoy Aquino International Airport,MNL,23/08/2024 13:15,Kuala Lumpur International Airport,KUL,23/08/2024 17:15,240,AirAsia,Economy,240,N/A,N/A,66,Y,N,N,1,7,0,0
Ninoy Aquino International Airport,MNL,23/08/2024 12:50,Kuala Lumpur International Airport,KUL,23/08/2024 16:50,240,Malaysia Airlines,Economy,240,N/A,N/A,83,Y,Y,Y,1,7,1,23
Ninoy Aquino International Airport,MNL,23/08/2024 22:45,Kuala Lumpur International Airport,KUL,24/08/2024 2:40,235,AirAsia,Economy,235,N/A,N/A,66,Y,N,N,1,7,0,0
Ninoy Aquino International Airport,MNL,23/08/2024 15:05,Kuala Lumpur International Airport,KUL,23/08/2024 19:00,235,Malaysia Airlines,Economy,235,N/A,N/A,83,Y,Y,Y,1,7,1,23
Ninoy Aquino International Airport,MNL,23/08/2024 6:30,Kuala Lumpur International Airport,KUL,23/08/2024 10:15,225,Philippine Airlines,Economy,225,N/A,N/A,187,Y,Y,Y,1,7,1,30
Ninoy Aquino International Airport,MNL,23/08/2024 21:15,Kuala Lumpur International Airport,KUL,24/08/2024 1:10,235,Philippine Airlines,Economy,235,N/A,N/A,187,Y,Y,Y,1,7,1,30
Ninoy Aquino International Airport,MNL,24/08/2024 12:50,Kuala Lumpur International Airport,KUL,24/08/2024 16:50,240,Malaysia Airlines,Economy,240,N/A,N/A,83,Y,Y,Y,1,7,1,23
Ninoy Aquino International Airport,MNL,24/08/2024 13:15,Kuala Lumpur International Airport,KUL,24/08/2024 17:15,240,AirAsia,Economy,240,N/A,N/A,85,Y,N,N,1,7,0,0
Ninoy Aquino International Airport,MNL,24/08/2024 17:30,Kuala Lumpur International Airport,KUL,24/08/2024 21:25,235,Philippines AirAsia,Economy,235,N/A,N/A,85,Y,N,N,1,7,0,0
Ninoy Aquino International Airport,MNL,24/08/2024 20:55,Kuala Lumpur International Airport,KUL,25/08/2024 0:55,240,Cebu Pacific,Economy,240,N/A,N/A,85,Y,N,N,1,7,0,0
Ninoy Aquino International Airport,MNL,24/08/2024 19:35,Singapore Changi Airport,SIN,24/08/2024 23:15,220,Scoot,Economy,920,630,TRUE,71,Y,N,N,1,7,0,0
Ninoy Aquino International Airport,MNL,24/08/2024 6:50,Kuala Lumpur International Airport,KUL,24/08/2024 10:35,225,Malaysia Airlines,Economy,225,N/A,N/A,83,Y,Y,Y,1,7,1,23
Ninoy Aquino International Airport,MNL,24/08/2024 15:05,Kuala Lumpur International Airport,KUL,24/08/2024 19:00,235,Malaysia Airlines,Economy,235,N/A,N/A,83,Y,Y,Y,1,7,1,23
Ninoy Aquino International Airport,MNL,24/08/2024 22:45,Kuala Lumpur International Airport,KUL,25/08/2024 2:40,235,AirAsia,Economy,235,N/A,N/A,85,Y,N,N,1,7,0,0
Ninoy Aquino International Airport,MNL,24/08/2024 11:20,Kuala Lumpur International Airport,KUL,24/08/2024 15:15,235,Philippine Airlines,Economy,235,N/A,N/A,135,Y,Y,Y,1,7,1,30
Ninoy Aquino International Airport,MNL,24/08/2024 21:15,Kuala Lumpur International Airport,KUL,25/08/2024 1:10,235,Philippine Airlines,Economy,235,N/A,N/A,135,Y,Y,Y,1,7,1,30
Ninoy Aquino International Airport,MNL,25/08/2024 17:30,Kuala Lumpur International Airport,KUL,25/08/2024 21:30,240,Philippines AirAsia,Economy,240,N/A,N/A,47,Y,N,N,1,7,0,0
Ninoy Aquino International Airport,MNL,25/08/2024 13:15,Kuala Lumpur International Airport,KUL,25/08/2024 17:15,240,AirAsia,Economy,240,N/A,N/A,51,Y,N,N,1,7,0,0
Ninoy Aquino International Airport,MNL,25/08/2024 12:50,Kuala Lumpur International Airport,KUL,25/08/2024 16:50,240,Malaysia Airlines,Economy,240,N/A,N/A,83,Y,Y,Y,1,7,1,23
Ninoy Aquino International Airport,MNL,25/08/2024 22:45,Kuala Lumpur International Airport,KUL,26/08/2024 2:40,235,AirAsia,Economy,235,N/A,N/A,51,Y,N,N,1,7,0,0
Ninoy Aquino International Airport,MNL,25/08/2024 19:35,Singapore Changi Airport,SIN,25/08/2024 23:15,220,Scoot,Economy,615,335,TRUE,62,Y,N,N,1,7,0,0
Ninoy Aquino International Airport,MNL,25/08/2024 15:05,Kuala Lumpur International Airport,KUL,25/08/2024 19:00,235,Malaysia Airlines,Economy,235,N/A,N/A,83,Y,Y,Y,1,7,1,23
Ninoy Aquino International Airport,MNL,25/08/2024 2:00,Singapore Changi Airport,SIN,25/08/2024 5:50,230,Jetstar,Economy,370,70,N/A,92,Y,N,N,1,7,0,0
Ninoy Aquino International Airport,MNL,25/08/2024 6:30,Kuala Lumpur International Airport,KUL,25/08/2024 10:15,225,Philippine Airlines,Economy,225,N/A,N/A,135,Y,Y,Y,1,7,1,30
Ninoy Aquino International Airport,MNL,25/08/2024 7:40,Singapore Changi Airport,SIN,25/08/2024 11:20,220,Singapore Airlines,Economy,365,85,N/A,251,Y,Y,Y,1,7,1,23
Ninoy Aquino International Airport,MNL,26/08/2024 17:30,Kuala Lumpur International Airport,KUL,26/08/2024 21:30,240,Philippines AirAsia,Economy,240,N/A,N/A,66,Y,N,N,1,7,0,0
Ninoy Aquino International Airport,MNL,26/08/2024 13:15,Kuala Lumpur International Airport,KUL,26/08/2024 17:15,240,AirAsia,Economy,240,N/A,N/A,69,Y,N,N,1,7,0,0
Ninoy Aquino International Airport,MNL,26/08/2024 20:55,Kuala Lumpur International Airport,KUL,27/08/2024 0:55,240,Cebu Pacific,Economy,240,N/A,N/A,69,Y,N,N,1,7,0,0
Ninoy Aquino International Airport,MNL,26/08/2024 12:50,Kuala Lumpur International Airport,KUL,26/08/2024 16:50,240,Malaysia Airlines,Economy,240,N/A,N/A,83,Y,Y,Y,1,7,1,23
Ninoy Aquino International Airport,MNL,26/08/2024 6:55,Singapore Changi Airport,SIN,26/08/2024 10:30,215,Scoot,Economy,625,340,N/A,62,Y,N,N,1,7,0,0
Ninoy Aquino International Airport,MNL,26/08/2024 19:35,Singapore Changi Airport,SIN,26/08/2024 23:15,220,Scoot,Economy,615,335,TRUE,62,Y,N,N,1,7,0,0
Ninoy Aquino International Airport,MNL,26/08/2024 22:45,Kuala Lumpur International Airport,KUL,27/08/2024 2:40,235,AirAsia,Economy,235,N/A,N/A,69,Y,N,N,1,7,0,0
Ninoy Aquino International Airport,MNL,26/08/2024 6:50,Kuala Lumpur International Airport,KUL,26/08/2024 10:35,225,Malaysia Airlines,Economy,225,N/A,N/A,83,Y,Y,Y,1,7,1,23
Ninoy Aquino International Airport,MNL,26/08/2024 15:05,Kuala Lumpur International Airport,KUL,26/08/2024 19:00,235,Malaysia Airlines,Economy,235,N/A,N/A,83,Y,Y,Y,1,7,1,23
Ninoy Aquino International Airport,MNL,26/08/2024 6:30,Kuala Lumpur International Airport,KUL,26/08/2024 10:15,225,Philippine Airlines,Economy,225,N/A,N/A,135,Y,Y,Y,1,7,1,30
Ninoy Aquino International Airport,MNL,27/08/2024 17:30,Kuala Lumpur International Airport,KUL,27/08/2024 21:20,230,Philippines AirAsia,Economy,230,N/A,N/A,47,Y,N,N,1,7,0,0
Ninoy Aquino International Airport,MNL,27/08/2024 13:15,Kuala Lumpur International Airport,KUL,27/08/2024 17:15,240,AirAsia,Economy,240,N/A,N/A,51,Y,N,N,1,7,0,0
Ninoy Aquino International Airport,MNL,27/08/2024 12:50,Kuala Lumpur International Airport,KUL,27/08/2024 16:50,240,Malaysia Airlines,Economy,240,N/A,N/A,83,Y,Y,Y,1,7,1,23
Ninoy Aquino International Airport,MNL,27/08/2024 22:45,Kuala Lumpur International Airport,KUL,28/08/2024 2:40,235,AirAsia,Economy,235,N/A,N/A,51,Y,N,N,1,7,0,0
Ninoy Aquino International Airport,MNL,27/08/2024 19:35,Singapore Changi Airport,SIN,27/08/2024 23:15,220,Scoot,Economy,615,335,TRUE,62,Y,N,N,1,7,0,0
Ninoy Aquino International Airport,MNL,27/08/2024 6:50,Kuala Lumpur International Airport,KUL,27/08/2024 10:35,225,Malaysia Airlines,Economy,225,N/A,N/A,83,Y,Y,Y,1,7,1,23
Ninoy Aquino International Airport,MNL,27/08/2024 15:05,Kuala Lumpur International Airport,KUL,27/08/2024 19:00,235,Malaysia Airlines,Economy,235,N/A,N/A,83,Y,Y,Y,1,7,1,23
Ninoy Aquino International Airport,MNL,27/08/2024 11:20,Kuala Lumpur International Airport,KUL,27/08/2024 15:15,235,Philippine Airlines,Economy,235,N/A,N/A,135,Y,Y,Y,1,7,1,30
Ninoy Aquino International Airport,MNL,27/08/2024 7:40,Singapore Changi Airport,SIN,27/08/2024 11:20,220,Singapore Airlines,Economy,365,85,N/A,251,Y,Y,Y,1,7,1,23
Ninoy Aquino International Airport,MNL,28/08/2024 13:15,Kuala Lumpur International Airport,KUL,28/08/2024 17:15,240,AirAsia,Economy,240,N/A,N/A,66,Y,N,N,1,7,0,0
Ninoy Aquino International Airport,MNL,28/08/2024 17:30,Kuala Lumpur International Airport,KUL,28/08/2024 21:30,240,Philippines AirAsia,Economy,240,N/A,N/A,66,Y,N,N,1,7,0,0
Ninoy Aquino International Airport,MNL,28/08/2024 12:50,Kuala Lumpur International Airport,KUL,28/08/2024 16:50,240,Malaysia Airlines,Economy,240,N/A,N/A,83,Y,Y,Y,1,7,1,23
Ninoy Aquino International Airport,MNL,28/08/2024 20:55,Kuala Lumpur International Airport,KUL,29/08/2024 0:55,240,Cebu Pacific,Economy,240,N/A,N/A,85,Y,N,N,1,7,0,0
Ninoy Aquino International Airport,MNL,28/08/2024 6:55,Singapore Changi Airport,SIN,28/08/2024 10:30,215,Scoot,Economy,625,340,N/A,62,Y,N,N,1,7,0,0
Ninoy Aquino International Airport,MNL,28/08/2024 19:35,Singapore Changi Airport,SIN,28/08/2024 23:15,220,Scoot,Economy,615,335,TRUE,62,Y,N,N,1,7,0,0
Ninoy Aquino International Airport,MNL,28/08/2024 22:45,Kuala Lumpur International Airport,KUL,29/08/2024 2:40,235,AirAsia,Economy,235,N/A,N/A,63,Y,N,N,1,7,0,0
Ninoy Aquino International Airport,MNL,28/08/2024 6:50,Kuala Lumpur International Airport,KUL,28/08/2024 10:35,225,Malaysia Airlines,Economy,225,N/A,N/A,83,Y,Y,Y,1,7,1,23
Ninoy Aquino International Airport,MNL,28/08/2024 2:00,Singapore Changi Airport,SIN,28/08/2024 6:00,240,Jetstar,Economy,370,60,N/A,92,Y,N,N,1,7,0,0
Ninoy Aquino International Airport,MNL,28/08/2024 6:30,Kuala Lumpur International Airport,KUL,28/08/2024 10:15,225,Philippine Airlines,Economy,225,N/A,N/A,135,Y,Y,Y,1,7,1,30
Ninoy Aquino International Airport,MNL,28/08/2024 15:05,Kuala Lumpur International Airport,KUL,28/08/2024 19:00,235,Malaysia Airlines,Economy,235,N/A,N/A,467,Y,Y,Y,1,7,1,23
Ninoy Aquino International Airport,MNL,29/08/2024 13:15,Kuala Lumpur International Airport,KUL,29/08/2024 17:15,240,AirAsia,Economy,240,N/A,N/A,49,Y,N,N,1,7,0,0
Ninoy Aquino International Airport,MNL,29/08/2024 17:30,Kuala Lumpur International Airport,KUL,29/08/2024 21:25,235,Philippines AirAsia,Economy,235,N/A,N/A,49,Y,N,N,1,7,0,0
Ninoy Aquino International Airport,MNL,29/08/2024 20:55,Kuala Lumpur International Airport,KUL,30/08/2024 0:55,240,Cebu Pacific,Economy,240,N/A,N/A,51,Y,N,N,1,7,0,0
Ninoy Aquino International Airport,MNL,29/08/2024 12:50,Kuala Lumpur International Airport,KUL,29/08/2024 16:50,240,Malaysia Airlines,Economy,240,N/A,N/A,83,Y,Y,Y,1,7,1,23
Ninoy Aquino International Airport,MNL,29/08/2024 22:45,Kuala Lumpur International Airport,KUL,30/08/2024 2:40,235,AirAsia,Economy,235,N/A,N/A,49,Y,N,N,1,7,0,0
Ninoy Aquino International Airport,MNL,29/08/2024 6:50,Kuala Lumpur International Airport,KUL,29/08/2024 10:35,225,Malaysia Airlines,Economy,225,N/A,N/A,83,Y,Y,Y,1,7,1,23
Ninoy Aquino International Airport,MNL,29/08/2024 15:05,Kuala Lumpur International Airport,KUL,29/08/2024 19:00,235,Malaysia Airlines,Economy,235,N/A,N/A,83,Y,Y,Y,1,7,1,23
Ninoy Aquino International Airport,MNL,29/08/2024 11:20,Kuala Lumpur International Airport,KUL,29/08/2024 15:15,235,Philippine Airlines,Economy,235,N/A,N/A,135,Y,Y,Y,1,7,1,30
Ninoy Aquino International Airport,MNL,29/08/2024 21:15,Kuala Lumpur International Airport,KUL,30/08/2024 1:10,235,Philippine Airlines,Economy,235,N/A,N/A,135,Y,Y,Y,1,7,1,30
Ninoy Aquino International Airport,MNL,30/08/2024 13:15,Kuala Lumpur International Airport,KUL,30/08/2024 17:15,240,AirAsia,Economy,240,N/A,N/A,49,Y,N,N,1,7,0,0
Ninoy Aquino International Airport,MNL,30/08/2024 17:30,Kuala Lumpur International Airport,KUL,30/08/2024 21:30,240,Philippines AirAsia,Economy,240,N/A,N/A,49,Y,N,N,1,7,0,0
Ninoy Aquino International Airport,MNL,30/08/2024 20:55,Kuala Lumpur International Airport,KUL,31/08/2024 0:55,240,Cebu Pacific,Economy,240,N/A,N/A,51,Y,N,N,1,7,0,0
Ninoy Aquino International Airport,MNL,30/08/2024 12:50,Kuala Lumpur International Airport,KUL,30/08/2024 16:50,240,Malaysia Airlines,Economy,240,N/A,N/A,83,Y,Y,Y,1,7,1,23
Ninoy Aquino International Airport,MNL,30/08/2024 22:45,Kuala Lumpur International Airport,KUL,31/08/2024 2:40,235,AirAsia,Economy,235,N/A,N/A,49,Y,N,N,1,7,0,0
Ninoy Aquino International Airport,MNL,30/08/2024 15:05,Kuala Lumpur International Airport,KUL,30/08/2024 19:00,235,Malaysia Airlines,Economy,235,N/A,N/A,83,Y,Y,Y,1,7,1,23
Ninoy Aquino International Airport,MNL,30/08/2024 6:30,Kuala Lumpur International Airport,KUL,30/08/2024 10:15,225,Philippine Airlines,Economy,225,N/A,N/A,135,Y,Y,Y,1,7,1,30
Ninoy Aquino International Airport,MNL,30/08/2024 21:15,Kuala Lumpur International Airport,KUL,31/08/2024 1:10,235,Philippine Airlines,Economy,235,N/A,N/A,135,Y,Y,Y,1,7,1,30
Ninoy Aquino International Airport,MNL,31/08/2024 13:15,Kuala Lumpur International Airport,KUL,31/08/2024 17:15,240,AirAsia,Economy,240,N/A,N/A,49,Y,N,N,1,7,0,0
Ninoy Aquino International Airport,MNL,31/08/2024 17:30,Kuala Lumpur International Airport,KUL,31/08/2024 21:25,235,Philippines AirAsia,Economy,235,N/A,N/A,49,Y,N,N,1,7,0,0
Ninoy Aquino International Airport,MNL,31/08/2024 20:55,Kuala Lumpur International Airport,KUL,01/09/2024 0:55,240,Cebu Pacific,Economy,240,N/A,N/A,51,Y,N,N,1,7,0,0
Ninoy Aquino International Airport,MNL,31/08/2024 12:50,Kuala Lumpur International Airport,KUL,31/08/2024 16:50,240,Malaysia Airlines,Economy,240,N/A,N/A,83,Y,Y,Y,1,7,1,23
Ninoy Aquino International Airport,MNL,31/08/2024 22:45,Kuala Lumpur International Airport,KUL,01/09/2024 2:40,235,AirAsia,Economy,235,N/A,N/A,49,Y,N,N,1,7,0,0
Ninoy Aquino International Airport,MNL,31/08/2024 6:50,Kuala Lumpur International Airport,KUL,31/08/2024 10:35,225,Malaysia Airlines,Economy,225,N/A,N/A,83,Y,Y,Y,1,7,1,23
Ninoy Aquino International Airport,MNL,31/08/2024 15:05,Kuala Lumpur International Airport,KUL,31/08/2024 19:00,235,Malaysia Airlines,Economy,235,N/A,N/A,83,Y,Y,Y,1,7,1,23
Ninoy Aquino International Airport,MNL,31/08/2024 11:20,Kuala Lumpur International Airport,KUL,31/08/2024 15:15,235,Philippine Airlines,Economy,235,N/A,N/A,135,Y,Y,Y,1,7,1,30
Ninoy Aquino International Airport,MNL,31/08/2024 21:15,Kuala Lumpur International Airport,KUL,01/09/2024 1:10,235,Philippine Airlines,Economy,235,N/A,N/A,135,Y,Y,Y,1,7,1,30