Departure Airport Name,Departure Airport ID,Departure Time,Arrival Airport Name,Arrival Airport ID,Arrival Time,Duration,Airline,Travel Class,Total Duration,Layover 1 Duration,Layover 1 Overnight,Price, Cabin Baggage, Checked Baggage,Meal Included,Cabin Baggage (Number),Cabin Baggage (kg per piece),Checked Baggage (Number),Checked Baggage (kg per piece) 
Suvarnabhumi Airport,BKK,01/07/2024 11:35,Wattay International Airport,VTE,01/07/2024 12:50,75,THAI,Premium Economy,75,N/A,N/A,194,Y,Y,Y,1,7,1,35
Suvarnabhumi Airport,BKK,01/07/2024 18:25,Wattay International Airport,VTE,01/07/2024 19:45,80,THAI,Premium Economy,80,N/A,N/A,194,Y,Y,Y,1,7,1,35
Suvarnabhumi Airport,BKK,01/07/2024 13:35,Shanghai Pudong International Airport,PVG,01/07/2024 18:55,260,China Eastern,Premium Economy,1965,1465,TRUE,447,Y,Y,Y,1,8,1,23
Suvarnabhumi Airport,BKK,02/07/2024 11:35,Wattay International Airport,VTE,02/07/2024 12:50,75,THAI,Premium Economy,75,N/A,N/A,194,Y,Y,Y,1,7,1,35
Suvarnabhumi Airport,BKK,02/07/2024 18:25,Wattay International Airport,VTE,02/07/2024 19:45,80,THAI,Premium Economy,80,N/A,N/A,194,Y,Y,Y,1,7,1,35
Suvarnabhumi Airport,BKK,02/07/2024 19:05,Guangzhou Baiyun International Airport,CAN,02/07/2024 22:50,165,China Southern,Premium Economy,1385,1065,TRUE,535,Y,Y,Y,1,8,1,23
Suvarnabhumi Airport,BKK,02/07/2024 13:35,Shanghai Pudong International Airport,PVG,02/07/2024 19:00,265,China Eastern,Premium Economy,1965,1460,TRUE,733,Y,Y,Y,1,8,1,23
Suvarnabhumi Airport,BKK,03/07/2024 11:35,Wattay International Airport,VTE,03/07/2024 12:50,75,THAI,Premium Economy,75,N/A,N/A,194,Y,Y,Y,1,7,1,35
Suvarnabhumi Airport,BKK,03/07/2024 18:25,Wattay International Airport,VTE,03/07/2024 19:45,80,THAI,Premium Economy,80,N/A,N/A,194,Y,Y,Y,1,7,1,35
Suvarnabhumi Airport,BKK,03/07/2024 13:35,Shanghai Pudong International Airport,PVG,03/07/2024 19:00,265,China Eastern,Premium Economy,1965,1460,TRUE,733,Y,Y,Y,1,8,1,23
Suvarnabhumi Airport,BKK,04/07/2024 11:35,Wattay International Airport,VTE,04/07/2024 12:50,75,THAI,Premium Economy,75,N/A,N/A,194,Y,Y,Y,1,7,1,35
Suvarnabhumi Airport,BKK,04/07/2024 18:25,Wattay International Airport,VTE,04/07/2024 19:45,80,THAI,Premium Economy,80,N/A,N/A,194,Y,Y,Y,1,7,1,35
Suvarnabhumi Airport,BKK,04/07/2024 19:05,Guangzhou Baiyun International Airport,CAN,04/07/2024 22:50,165,China Southern,Premium Economy,1385,1065,TRUE,535,Y,Y,Y,1,8,1,23
Suvarnabhumi Airport,BKK,04/07/2024 13:35,Shanghai Pudong International Airport,PVG,04/07/2024 18:55,260,China Eastern,Premium Economy,1965,1465,TRUE,733,Y,Y,Y,1,8,1,23
Suvarnabhumi Airport,BKK,05/07/2024 11:35,Wattay International Airport,VTE,05/07/2024 12:50,75,THAI,Premium Economy,75,N/A,N/A,194,Y,Y,Y,1,7,1,35
Suvarnabhumi Airport,BKK,05/07/2024 18:25,Wattay International Airport,VTE,05/07/2024 19:45,80,THAI,Premium Economy,80,N/A,N/A,194,Y,Y,Y,1,7,1,35
Suvarnabhumi Airport,BKK,05/07/2024 13:35,Shanghai Pudong International Airport,PVG,05/07/2024 19:00,265,China Eastern,Premium Economy,1965,1460,TRUE,733,Y,Y,Y,1,8,1,23
Suvarnabhumi Airport,BKK,06/07/2024 18:25,Wattay International Airport,VTE,06/07/2024 19:45,80,THAI,Premium Economy,80,N/A,N/A,194,Y,Y,Y,1,7,1,35
Suvarnabhumi Airport,BKK,06/07/2024 19:05,Guangzhou Baiyun International Airport,CAN,06/07/2024 22:50,165,China Southern,Premium Economy,1385,1065,TRUE,535,Y,Y,Y,1,8,1,23
Suvarnabhumi Airport,BKK,06/07/2024 13:35,Shanghai Pudong International Airport,PVG,06/07/2024 19:00,265,China Eastern,Premium Economy,1965,1460,TRUE,612,Y,Y,Y,1,8,1,23
Suvarnabhumi Airport,BKK,07/07/2024 11:35,Wattay International Airport,VTE,07/07/2024 12:50,75,THAI,Premium Economy,75,N/A,N/A,194,Y,Y,Y,1,7,1,35
Suvarnabhumi Airport,BKK,07/07/2024 13:35,Shanghai Pudong International Airport,PVG,07/07/2024 18:55,260,China Eastern,Premium Economy,1965,1465,TRUE,802,Y,Y,Y,1,8,1,23
Suvarnabhumi Airport,BKK,08/07/2024 11:35,Wattay International Airport,VTE,08/07/2024 12:50,75,THAI,Premium Economy,75,N/A,N/A,194,Y,Y,Y,1,7,1,35
Suvarnabhumi Airport,BKK,08/07/2024 18:25,Wattay International Airport,VTE,08/07/2024 19:45,80,THAI,Premium Economy,80,N/A,N/A,194,Y,Y,Y,1,7,1,35
Suvarnabhumi Airport,BKK,08/07/2024 2:10,Shanghai Pudong International Airport,PVG,08/07/2024 7:30,260,China Eastern,Premium Economy,1210,710,N/A,733,Y,Y,Y,1,8,1,23
Suvarnabhumi Airport,BKK,09/07/2024 11:35,Wattay International Airport,VTE,09/07/2024 12:50,75,THAI,Premium Economy,75,N/A,N/A,194,Y,Y,Y,1,7,1,35
Suvarnabhumi Airport,BKK,09/07/2024 18:25,Wattay International Airport,VTE,09/07/2024 19:45,80,THAI,Premium Economy,80,N/A,N/A,194,Y,Y,Y,1,7,1,35
Suvarnabhumi Airport,BKK,09/07/2024 19:05,Guangzhou Baiyun International Airport,CAN,09/07/2024 22:50,165,China Southern,Premium Economy,1385,1065,TRUE,535,Y,Y,Y,1,8,1,23
Suvarnabhumi Airport,BKK,09/07/2024 13:35,Shanghai Pudong International Airport,PVG,09/07/2024 19:00,265,China Eastern,Premium Economy,1965,1460,TRUE,733,Y,Y,Y,1,8,1,23
Suvarnabhumi Airport,BKK,10/07/2024 11:35,Wattay International Airport,VTE,10/07/2024 12:50,75,THAI,Premium Economy,75,N/A,N/A,194,Y,Y,Y,1,7,1,35
Suvarnabhumi Airport,BKK,10/07/2024 18:25,Wattay International Airport,VTE,10/07/2024 19:45,80,THAI,Premium Economy,80,N/A,N/A,194,Y,Y,Y,1,7,1,35
Suvarnabhumi Airport,BKK,10/07/2024 13:35,Shanghai Pudong International Airport,PVG,10/07/2024 19:00,265,China Eastern,Premium Economy,1965,1460,TRUE,733,Y,Y,Y,1,8,1,23
Suvarnabhumi Airport,BKK,11/07/2024 11:35,Wattay International Airport,VTE,11/07/2024 12:50,75,THAI,Premium Economy,75,N/A,N/A,194,Y,Y,Y,1,7,1,35
Suvarnabhumi Airport,BKK,11/07/2024 18:25,Wattay International Airport,VTE,11/07/2024 19:45,80,THAI,Premium Economy,80,N/A,N/A,194,Y,Y,Y,1,7,1,35
Suvarnabhumi Airport,BKK,11/07/2024 19:05,Guangzhou Baiyun International Airport,CAN,11/07/2024 22:50,165,China Southern,Premium Economy,1385,1065,TRUE,535,Y,Y,Y,1,8,1,23
Suvarnabhumi Airport,BKK,11/07/2024 13:35,Shanghai Pudong International Airport,PVG,11/07/2024 18:55,260,China Eastern,Premium Economy,1965,1465,TRUE,789,Y,Y,Y,1,8,1,23
Suvarnabhumi Airport,BKK,12/07/2024 11:35,Wattay International Airport,VTE,12/07/2024 12:50,75,THAI,Premium Economy,75,N/A,N/A,194,Y,Y,Y,1,7,1,35
Suvarnabhumi Airport,BKK,12/07/2024 18:25,Wattay International Airport,VTE,12/07/2024 19:45,80,THAI,Premium Economy,80,N/A,N/A,194,Y,Y,Y,1,7,1,35
Suvarnabhumi Airport,BKK,12/07/2024 13:35,Shanghai Pudong International Airport,PVG,12/07/2024 19:00,265,China Eastern,Premium Economy,1965,1460,TRUE,789,Y,Y,Y,1,8,1,23
Suvarnabhumi Airport,BKK,13/07/2024 11:35,Wattay International Airport,VTE,13/07/2024 12:50,75,THAI,Premium Economy,75,N/A,N/A,194,Y,Y,Y,1,7,1,35
Suvarnabhumi Airport,BKK,13/07/2024 18:25,Wattay International Airport,VTE,13/07/2024 19:45,80,THAI,Premium Economy,80,N/A,N/A,194,Y,Y,Y,1,7,1,35
Suvarnabhumi Airport,BKK,13/07/2024 19:05,Guangzhou Baiyun International Airport,CAN,13/07/2024 22:50,165,China Southern,Premium Economy,1385,1065,TRUE,336,Y,Y,Y,1,8,1,23
Suvarnabhumi Airport,BKK,13/07/2024 13:35,Shanghai Pudong International Airport,PVG,13/07/2024 19:00,265,China Eastern,Premium Economy,1965,1460,TRUE,789,Y,Y,Y,1,8,1,23
Suvarnabhumi Airport,BKK,14/07/2024 11:35,Wattay International Airport,VTE,14/07/2024 12:50,75,THAI,Premium Economy,75,N/A,N/A,194,Y,Y,Y,1,7,1,35
Suvarnabhumi Airport,BKK,14/07/2024 18:25,Wattay International Airport,VTE,14/07/2024 19:45,80,THAI,Premium Economy,80,N/A,N/A,194,Y,Y,Y,1,7,1,35
Suvarnabhumi Airport,BKK,14/07/2024 13:35,Shanghai Pudong International Airport,PVG,14/07/2024 18:55,260,China Eastern,Premium Economy,1965,1465,TRUE,496,Y,Y,Y,1,8,1,23
Suvarnabhumi Airport,BKK,15/07/2024 11:35,Wattay International Airport,VTE,15/07/2024 12:50,75,THAI,Premium Economy,75,N/A,N/A,194,Y,Y,Y,1,7,1,35
Suvarnabhumi Airport,BKK,15/07/2024 18:25,Wattay International Airport,VTE,15/07/2024 19:45,80,THAI,Premium Economy,80,N/A,N/A,194,Y,Y,Y,1,7,1,35
Suvarnabhumi Airport,BKK,15/07/2024 2:10,Shanghai Pudong International Airport,PVG,15/07/2024 7:30,260,China Eastern,Premium Economy,1210,710,N/A,496,Y,Y,Y,1,8,1,23
Suvarnabhumi Airport,BKK,16/07/2024 11:35,Wattay International Airport,VTE,16/07/2024 12:50,75,THAI,Premium Economy,75,N/A,N/A,194,Y,Y,Y,1,7,1,35
Suvarnabhumi Airport,BKK,16/07/2024 18:25,Wattay International Airport,VTE,16/07/2024 19:45,80,THAI,Premium Economy,80,N/A,N/A,194,Y,Y,Y,1,7,1,35
Suvarnabhumi Airport,BKK,16/07/2024 19:05,Guangzhou Baiyun International Airport,CAN,16/07/2024 22:50,165,China Southern,Premium Economy,1385,1065,TRUE,535,Y,Y,Y,1,8,1,23
Suvarnabhumi Airport,BKK,16/07/2024 13:35,Shanghai Pudong International Airport,PVG,16/07/2024 19:00,265,China Eastern,Premium Economy,1965,1460,TRUE,789,Y,Y,Y,1,8,1,23
Suvarnabhumi Airport,BKK,17/07/2024 11:35,Wattay International Airport,VTE,17/07/2024 12:50,75,THAI,Premium Economy,75,N/A,N/A,194,Y,Y,Y,1,7,1,35
Suvarnabhumi Airport,BKK,17/07/2024 18:25,Wattay International Airport,VTE,17/07/2024 19:45,80,THAI,Premium Economy,80,N/A,N/A,194,Y,Y,Y,1,7,1,35
Suvarnabhumi Airport,BKK,17/07/2024 13:35,Shanghai Pudong International Airport,PVG,17/07/2024 19:00,265,China Eastern,Premium Economy,1965,1460,TRUE,496,Y,Y,Y,1,8,1,23
Suvarnabhumi Airport,BKK,18/07/2024 11:35,Wattay International Airport,VTE,18/07/2024 12:50,75,THAI,Premium Economy,75,N/A,N/A,194,Y,Y,Y,1,7,1,35
Suvarnabhumi Airport,BKK,18/07/2024 18:25,Wattay International Airport,VTE,18/07/2024 19:45,80,THAI,Premium Economy,80,N/A,N/A,194,Y,Y,Y,1,7,1,35
Suvarnabhumi Airport,BKK,18/07/2024 19:05,Guangzhou Baiyun International Airport,CAN,18/07/2024 22:50,165,China Southern,Premium Economy,1385,1065,TRUE,535,Y,Y,Y,1,8,1,23
Suvarnabhumi Airport,BKK,18/07/2024 13:35,Shanghai Pudong International Airport,PVG,18/07/2024 18:55,260,China Eastern,Premium Economy,1965,1465,TRUE,789,Y,Y,Y,1,8,1,23
Suvarnabhumi Airport,BKK,19/07/2024 11:35,Wattay International Airport,VTE,19/07/2024 12:50,75,THAI,Premium Economy,75,N/A,N/A,194,Y,Y,Y,1,7,1,35
Suvarnabhumi Airport,BKK,19/07/2024 18:25,Wattay International Airport,VTE,19/07/2024 19:45,80,THAI,Premium Economy,80,N/A,N/A,194,Y,Y,Y,1,7,1,35
Suvarnabhumi Airport,BKK,19/07/2024 13:35,Shanghai Pudong International Airport,PVG,19/07/2024 19:00,265,China Eastern,Premium Economy,1965,1460,TRUE,789,Y,Y,Y,1,8,1,23
Suvarnabhumi Airport,BKK,20/07/2024 11:35,Wattay International Airport,VTE,20/07/2024 12:50,75,THAI,Premium Economy,75,N/A,N/A,194,Y,Y,Y,1,7,1,35
Suvarnabhumi Airport,BKK,20/07/2024 18:25,Wattay International Airport,VTE,20/07/2024 19:45,80,THAI,Premium Economy,80,N/A,N/A,194,Y,Y,Y,1,7,1,35
Suvarnabhumi Airport,BKK,20/07/2024 19:05,Guangzhou Baiyun International Airport,CAN,20/07/2024 22:50,165,China Southern,Premium Economy,1385,1065,TRUE,535,Y,Y,Y,1,8,1,23
Suvarnabhumi Airport,BKK,20/07/2024 2:10,Shanghai Pudong International Airport,PVG,20/07/2024 7:30,260,China Eastern,Premium Economy,1210,710,N/A,789,Y,Y,Y,1,8,1,23
Suvarnabhumi Airport,BKK,21/07/2024 11:35,Wattay International Airport,VTE,21/07/2024 12:50,75,THAI,Premium Economy,75,N/A,N/A,194,Y,Y,Y,1,7,1,35
Suvarnabhumi Airport,BKK,21/07/2024 18:25,Wattay International Airport,VTE,21/07/2024 19:45,80,THAI,Premium Economy,80,N/A,N/A,194,Y,Y,Y,1,7,1,35
Suvarnabhumi Airport,BKK,21/07/2024 2:10,Shanghai Pudong International Airport,PVG,21/07/2024 7:30,260,China Eastern,Premium Economy,1210,710,N/A,780,Y,Y,Y,1,8,1,23
Suvarnabhumi Airport,BKK,22/07/2024 11:35,Wattay International Airport,VTE,22/07/2024 12:50,75,THAI,Premium Economy,75,N/A,N/A,194,Y,Y,Y,1,7,1,35
Suvarnabhumi Airport,BKK,22/07/2024 18:25,Wattay International Airport,VTE,22/07/2024 19:45,80,THAI,Premium Economy,80,N/A,N/A,194,Y,Y,Y,1,7,1,35
Suvarnabhumi Airport,BKK,22/07/2024 13:35,Shanghai Pudong International Airport,PVG,22/07/2024 18:55,260,China Eastern,Premium Economy,1965,1465,TRUE,904,Y,Y,Y,1,8,1,23
Suvarnabhumi Airport,BKK,23/07/2024 11:35,Wattay International Airport,VTE,23/07/2024 12:50,75,THAI,Premium Economy,75,N/A,N/A,194,Y,Y,Y,1,7,1,35
Suvarnabhumi Airport,BKK,23/07/2024 18:25,Wattay International Airport,VTE,23/07/2024 19:45,80,THAI,Premium Economy,80,N/A,N/A,194,Y,Y,Y,1,7,1,35
Suvarnabhumi Airport,BKK,23/07/2024 19:05,Guangzhou Baiyun International Airport,CAN,23/07/2024 22:50,165,China Southern,Premium Economy,1385,1065,TRUE,559,Y,Y,Y,1,8,1,23
Suvarnabhumi Airport,BKK,23/07/2024 13:35,Shanghai Pudong International Airport,PVG,23/07/2024 19:00,265,China Eastern,Premium Economy,1965,1460,TRUE,844,Y,Y,Y,1,8,1,23
Suvarnabhumi Airport,BKK,24/07/2024 11:35,Wattay International Airport,VTE,24/07/2024 12:50,75,THAI,Premium Economy,75,N/A,N/A,194,Y,Y,Y,1,7,1,35
Suvarnabhumi Airport,BKK,24/07/2024 18:25,Wattay International Airport,VTE,24/07/2024 19:45,80,THAI,Premium Economy,80,N/A,N/A,194,Y,Y,Y,1,7,1,35
Suvarnabhumi Airport,BKK,24/07/2024 13:35,Shanghai Pudong International Airport,PVG,24/07/2024 19:00,265,China Eastern,Premium Economy,1965,1460,TRUE,844,Y,Y,Y,1,8,1,23
Suvarnabhumi Airport,BKK,25/07/2024 11:35,Wattay International Airport,VTE,25/07/2024 12:50,75,THAI,Premium Economy,75,N/A,N/A,194,Y,Y,Y,1,7,1,35
Suvarnabhumi Airport,BKK,25/07/2024 18:25,Wattay International Airport,VTE,25/07/2024 19:45,80,THAI,Premium Economy,80,N/A,N/A,194,Y,Y,Y,1,7,1,35
Suvarnabhumi Airport,BKK,25/07/2024 19:05,Guangzhou Baiyun International Airport,CAN,25/07/2024 22:50,165,China Southern,Premium Economy,1385,1065,TRUE,535,Y,Y,Y,1,8,1,23
Suvarnabhumi Airport,BKK,25/07/2024 13:35,Shanghai Pudong International Airport,PVG,25/07/2024 18:55,260,China Eastern,Premium Economy,1965,1465,TRUE,844,Y,Y,Y,1,8,1,23
Suvarnabhumi Airport,BKK,26/07/2024 11:35,Wattay International Airport,VTE,26/07/2024 12:50,75,THAI,Premium Economy,75,N/A,N/A,194,Y,Y,Y,1,7,1,35
Suvarnabhumi Airport,BKK,26/07/2024 18:25,Wattay International Airport,VTE,26/07/2024 19:45,80,THAI,Premium Economy,80,N/A,N/A,194,Y,Y,Y,1,7,1,35
Suvarnabhumi Airport,BKK,26/07/2024 13:35,Shanghai Pudong International Airport,PVG,26/07/2024 19:00,265,China Eastern,Premium Economy,1965,1460,TRUE,844,Y,Y,Y,1,8,1,23
Suvarnabhumi Airport,BKK,27/07/2024 11:35,Wattay International Airport,VTE,27/07/2024 12:50,75,THAI,Premium Economy,75,N/A,N/A,194,Y,Y,Y,1,7,1,35
Suvarnabhumi Airport,BKK,27/07/2024 18:25,Wattay International Airport,VTE,27/07/2024 19:45,80,THAI,Premium Economy,80,N/A,N/A,194,Y,Y,Y,1,7,1,35
Suvarnabhumi Airport,BKK,27/07/2024 19:05,Guangzhou Baiyun International Airport,CAN,27/07/2024 22:50,165,China Southern,Premium Economy,1385,1065,TRUE,535,Y,Y,Y,1,8,1,23
Suvarnabhumi Airport,BKK,27/07/2024 13:35,Shanghai Pudong International Airport,PVG,27/07/2024 19:00,265,China Eastern,Premium Economy,1965,1460,TRUE,904,Y,Y,Y,1,8,1,23
Suvarnabhumi Airport,BKK,28/07/2024 11:35,Wattay International Airport,VTE,28/07/2024 12:50,75,THAI,Premium Economy,75,N/A,N/A,194,Y,Y,Y,1,7,1,35
Suvarnabhumi Airport,BKK,28/07/2024 13:35,Shanghai Pudong International Airport,PVG,28/07/2024 18:55,260,China Eastern,Premium Economy,1965,1465,TRUE,904,Y,Y,Y,1,8,1,23
Suvarnabhumi Airport,BKK,29/07/2024 11:35,Wattay International Airport,VTE,29/07/2024 12:50,75,THAI,Premium Economy,75,N/A,N/A,194,Y,Y,Y,1,7,1,35
Suvarnabhumi Airport,BKK,29/07/2024 18:25,Wattay International Airport,VTE,29/07/2024 19:45,80,THAI,Premium Economy,80,N/A,N/A,194,Y,Y,Y,1,7,1,35
Suvarnabhumi Airport,BKK,29/07/2024 13:35,Shanghai Pudong International Airport,PVG,29/07/2024 18:55,260,China Eastern,Premium Economy,1965,1465,TRUE,904,Y,Y,Y,1,8,1,23
Suvarnabhumi Airport,BKK,30/07/2024 11:35,Wattay International Airport,VTE,30/07/2024 12:50,75,THAI,Premium Economy,75,N/A,N/A,194,Y,Y,Y,1,7,1,35
Suvarnabhumi Airport,BKK,30/07/2024 18:25,Wattay International Airport,VTE,30/07/2024 19:45,80,THAI,Premium Economy,80,N/A,N/A,194,Y,Y,Y,1,7,1,35
Suvarnabhumi Airport,BKK,30/07/2024 19:05,Guangzhou Baiyun International Airport,CAN,30/07/2024 22:50,165,China Southern,Premium Economy,1385,1065,TRUE,535,Y,Y,Y,1,8,1,23
Suvarnabhumi Airport,BKK,30/07/2024 13:35,Shanghai Pudong International Airport,PVG,30/07/2024 19:00,265,China Eastern,Premium Economy,1965,1460,TRUE,626,Y,Y,Y,1,8,1,23
Suvarnabhumi Airport,BKK,31/07/2024 11:35,Wattay International Airport,VTE,31/07/2024 12:50,75,THAI,Premium Economy,75,N/A,N/A,194,Y,Y,Y,1,7,1,35
Suvarnabhumi Airport,BKK,31/07/2024 13:35,Shanghai Pudong International Airport,PVG,31/07/2024 19:00,265,China Eastern,Premium Economy,1965,1460,TRUE,844,Y,Y,Y,1,8,1,23
Suvarnabhumi Airport,BKK,01/08/2024 11:25,Wattay International Airport,VTE,01/08/2024 12:40,75,THAI,Premium Economy,75,N/A,N/A,252,Y,Y,Y,1,7,1,35
Suvarnabhumi Airport,BKK,01/08/2024 18:25,Wattay International Airport,VTE,01/08/2024 19:45,80,THAI,Premium Economy,80,N/A,N/A,252,Y,Y,Y,1,7,1,35
Suvarnabhumi Airport,BKK,01/08/2024 19:05,Guangzhou Baiyun International Airport,CAN,01/08/2024 22:50,165,China Southern,Premium Economy,1385,1065,TRUE,564,Y,Y,Y,1,8,1,23
Suvarnabhumi Airport,BKK,01/08/2024 13:35,Shanghai Pudong International Airport,PVG,01/08/2024 18:55,260,China Eastern,Premium Economy,1965,1465,TRUE,909,Y,Y,Y,1,8,1,23
Suvarnabhumi Airport,BKK,02/08/2024 11:25,Wattay International Airport,VTE,02/08/2024 12:40,75,THAI,Premium Economy,75,N/A,N/A,252,Y,Y,Y,1,7,1,35
Suvarnabhumi Airport,BKK,02/08/2024 18:25,Wattay International Airport,VTE,02/08/2024 19:45,80,THAI,Premium Economy,80,N/A,N/A,252,Y,Y,Y,1,7,1,35
Suvarnabhumi Airport,BKK,02/08/2024 13:35,Shanghai Pudong International Airport,PVG,02/08/2024 19:00,265,China Eastern,Premium Economy,1965,1460,TRUE,909,Y,Y,Y,1,8,1,23
Suvarnabhumi Airport,BKK,03/08/2024 11:25,Wattay International Airport,VTE,03/08/2024 12:40,75,THAI,Premium Economy,75,N/A,N/A,252,Y,Y,Y,1,7,1,35
Suvarnabhumi Airport,BKK,03/08/2024 19:05,Guangzhou Baiyun International Airport,CAN,03/08/2024 22:50,165,China Southern,Premium Economy,1385,1065,TRUE,564,Y,Y,Y,1,8,1,23
Suvarnabhumi Airport,BKK,03/08/2024 13:35,Shanghai Pudong International Airport,PVG,03/08/2024 19:00,265,China Eastern,Premium Economy,1965,1460,TRUE,909,Y,Y,Y,1,8,1,23
Suvarnabhumi Airport,BKK,04/08/2024 11:25,Wattay International Airport,VTE,04/08/2024 12:40,75,THAI,Premium Economy,75,N/A,N/A,252,Y,Y,Y,1,7,1,35
Suvarnabhumi Airport,BKK,04/08/2024 18:25,Wattay International Airport,VTE,04/08/2024 19:45,80,THAI,Premium Economy,80,N/A,N/A,252,Y,Y,Y,1,7,1,35
Suvarnabhumi Airport,BKK,04/08/2024 13:35,Shanghai Pudong International Airport,PVG,04/08/2024 18:55,260,China Eastern,Premium Economy,1965,1465,TRUE,909,Y,Y,Y,1,8,1,23
Suvarnabhumi Airport,BKK,05/08/2024 11:25,Wattay International Airport,VTE,05/08/2024 12:40,75,THAI,Premium Economy,75,N/A,N/A,252,Y,Y,Y,1,7,1,35
Suvarnabhumi Airport,BKK,05/08/2024 18:25,Wattay International Airport,VTE,05/08/2024 19:45,80,THAI,Premium Economy,80,N/A,N/A,252,Y,Y,Y,1,7,1,35
Suvarnabhumi Airport,BKK,05/08/2024 13:35,Shanghai Pudong International Airport,PVG,05/08/2024 18:55,260,China Eastern,Premium Economy,1965,1465,TRUE,504,Y,Y,Y,1,8,1,23
Suvarnabhumi Airport,BKK,06/08/2024 11:25,Wattay International Airport,VTE,06/08/2024 12:40,75,THAI,Premium Economy,75,N/A,N/A,252,Y,Y,Y,1,7,1,35
Suvarnabhumi Airport,BKK,06/08/2024 19:05,Guangzhou Baiyun International Airport,CAN,06/08/2024 22:50,165,China Southern,Premium Economy,1385,1065,TRUE,564,Y,Y,Y,1,8,1,23
Suvarnabhumi Airport,BKK,06/08/2024 13:35,Shanghai Pudong International Airport,PVG,06/08/2024 19:00,265,China Eastern,Premium Economy,1965,1460,TRUE,909,Y,Y,Y,1,8,1,23
Suvarnabhumi Airport,BKK,07/08/2024 11:25,Wattay International Airport,VTE,07/08/2024 12:40,75,THAI,Premium Economy,75,N/A,N/A,252,Y,Y,Y,1,7,1,35
Suvarnabhumi Airport,BKK,07/08/2024 18:25,Wattay International Airport,VTE,07/08/2024 19:45,80,THAI,Premium Economy,80,N/A,N/A,252,Y,Y,Y,1,7,1,35
Suvarnabhumi Airport,BKK,07/08/2024 13:35,Shanghai Pudong International Airport,PVG,07/08/2024 19:00,265,China Eastern,Premium Economy,1965,1460,TRUE,909,Y,Y,Y,1,8,1,23
Suvarnabhumi Airport,BKK,08/08/2024 11:25,Wattay International Airport,VTE,08/08/2024 12:40,75,THAI,Premium Economy,75,N/A,N/A,252,Y,Y,Y,1,7,1,35
Suvarnabhumi Airport,BKK,08/08/2024 18:25,Wattay International Airport,VTE,08/08/2024 19:45,80,THAI,Premium Economy,80,N/A,N/A,252,Y,Y,Y,1,7,1,35
Suvarnabhumi Airport,BKK,08/08/2024 19:05,Guangzhou Baiyun International Airport,CAN,08/08/2024 22:50,165,China Southern,Premium Economy,1385,1065,TRUE,564,Y,Y,Y,1,8,1,23
Suvarnabhumi Airport,BKK,08/08/2024 13:35,Shanghai Pudong International Airport,PVG,08/08/2024 18:55,260,China Eastern,Premium Economy,1965,1465,TRUE,909,Y,Y,Y,1,8,1,23
Suvarnabhumi Airport,BKK,09/08/2024 11:25,Wattay International Airport,VTE,09/08/2024 12:40,75,THAI,Premium Economy,75,N/A,N/A,252,Y,Y,Y,1,7,1,35
Suvarnabhumi Airport,BKK,09/08/2024 18:25,Wattay International Airport,VTE,09/08/2024 19:45,80,THAI,Premium Economy,80,N/A,N/A,252,Y,Y,Y,1,7,1,35
Suvarnabhumi Airport,BKK,09/08/2024 13:35,Shanghai Pudong International Airport,PVG,09/08/2024 19:00,265,China Eastern,Premium Economy,1965,1460,TRUE,504,Y,Y,Y,1,8,1,23
Suvarnabhumi Airport,BKK,10/08/2024 11:25,Wattay International Airport,VTE,10/08/2024 12:40,75,THAI,Premium Economy,75,N/A,N/A,252,Y,Y,Y,1,7,1,35
Suvarnabhumi Airport,BKK,10/08/2024 18:25,Wattay International Airport,VTE,10/08/2024 19:45,80,THAI,Premium Economy,80,N/A,N/A,252,Y,Y,Y,1,7,1,35
Suvarnabhumi Airport,BKK,10/08/2024 19:05,Guangzhou Baiyun International Airport,CAN,10/08/2024 22:50,165,China Southern,Premium Economy,1385,1065,TRUE,564,Y,Y,Y,1,8,1,23
Suvarnabhumi Airport,BKK,10/08/2024 13:35,Shanghai Pudong International Airport,PVG,10/08/2024 19:00,265,China Eastern,Premium Economy,1965,1460,TRUE,909,Y,Y,Y,1,8,1,23
Suvarnabhumi Airport,BKK,11/08/2024 11:25,Wattay International Airport,VTE,11/08/2024 12:40,75,THAI,Premium Economy,75,N/A,N/A,252,Y,Y,Y,1,7,1,35
Suvarnabhumi Airport,BKK,11/08/2024 18:25,Wattay International Airport,VTE,11/08/2024 19:45,80,THAI,Premium Economy,80,N/A,N/A,252,Y,Y,Y,1,7,1,35
Suvarnabhumi Airport,BKK,11/08/2024 13:35,Shanghai Pudong International Airport,PVG,11/08/2024 18:55,260,China Eastern,Premium Economy,1965,1465,TRUE,909,Y,Y,Y,1,8,1,23
Suvarnabhumi Airport,BKK,12/08/2024 18:25,Wattay International Airport,VTE,12/08/2024 19:45,80,THAI,Premium Economy,80,N/A,N/A,252,Y,Y,Y,1,7,1,35
Suvarnabhumi Airport,BKK,12/08/2024 13:35,Shanghai Pudong International Airport,PVG,12/08/2024 18:55,260,China Eastern,Premium Economy,1965,1465,TRUE,504,Y,Y,Y,1,8,1,23
Suvarnabhumi Airport,BKK,13/08/2024 11:25,Wattay International Airport,VTE,13/08/2024 12:40,75,THAI,Premium Economy,75,N/A,N/A,252,Y,Y,Y,1,7,1,35
Suvarnabhumi Airport,BKK,13/08/2024 18:25,Wattay International Airport,VTE,13/08/2024 19:45,80,THAI,Premium Economy,80,N/A,N/A,252,Y,Y,Y,1,7,1,35
Suvarnabhumi Airport,BKK,13/08/2024 19:05,Guangzhou Baiyun International Airport,CAN,13/08/2024 22:50,165,China Southern,Premium Economy,1385,1065,TRUE,564,Y,Y,Y,1,8,1,23
Suvarnabhumi Airport,BKK,13/08/2024 13:35,Shanghai Pudong International Airport,PVG,13/08/2024 19:00,265,China Eastern,Premium Economy,1965,1460,TRUE,909,Y,Y,Y,1,8,1,23
Suvarnabhumi Airport,BKK,14/08/2024 11:25,Wattay International Airport,VTE,14/08/2024 12:40,75,THAI,Premium Economy,75,N/A,N/A,252,Y,Y,Y,1,7,1,35
Suvarnabhumi Airport,BKK,14/08/2024 18:25,Wattay International Airport,VTE,14/08/2024 19:45,80,THAI,Premium Economy,80,N/A,N/A,252,Y,Y,Y,1,7,1,35
Suvarnabhumi Airport,BKK,14/08/2024 13:35,Shanghai Pudong International Airport,PVG,14/08/2024 19:00,265,China Eastern,Premium Economy,1965,1460,TRUE,792,Y,Y,Y,1,8,1,23
Suvarnabhumi Airport,BKK,15/08/2024 11:25,Wattay International Airport,VTE,15/08/2024 12:40,75,THAI,Premium Economy,75,N/A,N/A,252,Y,Y,Y,1,7,1,35
Suvarnabhumi Airport,BKK,15/08/2024 18:25,Wattay International Airport,VTE,15/08/2024 19:45,80,THAI,Premium Economy,80,N/A,N/A,252,Y,Y,Y,1,7,1,35
Suvarnabhumi Airport,BKK,15/08/2024 19:05,Guangzhou Baiyun International Airport,CAN,15/08/2024 22:50,165,China Southern,Premium Economy,1385,1065,TRUE,564,Y,Y,Y,1,8,1,23
Suvarnabhumi Airport,BKK,16/08/2024 11:25,Wattay International Airport,VTE,16/08/2024 12:40,75,THAI,Premium Economy,75,N/A,N/A,252,Y,Y,Y,1,7,1,35
Suvarnabhumi Airport,BKK,16/08/2024 18:25,Wattay International Airport,VTE,16/08/2024 19:45,80,THAI,Premium Economy,80,N/A,N/A,252,Y,Y,Y,1,7,1,35
Suvarnabhumi Airport,BKK,16/08/2024 13:35,Shanghai Pudong International Airport,PVG,16/08/2024 19:00,265,China Eastern,Premium Economy,1965,1460,TRUE,792,Y,Y,Y,1,8,1,23
Suvarnabhumi Airport,BKK,17/08/2024 11:25,Wattay International Airport,VTE,17/08/2024 12:40,75,THAI,Premium Economy,75,N/A,N/A,252,Y,Y,Y,1,7,1,35
Suvarnabhumi Airport,BKK,17/08/2024 19:05,Guangzhou Baiyun International Airport,CAN,17/08/2024 22:50,165,China Southern,Premium Economy,1385,1065,TRUE,564,Y,Y,Y,1,8,1,23
Suvarnabhumi Airport,BKK,17/08/2024 13:35,Shanghai Pudong International Airport,PVG,17/08/2024 19:00,265,China Eastern,Premium Economy,1965,1460,TRUE,857,Y,Y,Y,1,8,1,23
Suvarnabhumi Airport,BKK,18/08/2024 11:25,Wattay International Airport,VTE,18/08/2024 12:40,75,THAI,Premium Economy,75,N/A,N/A,252,Y,Y,Y,1,7,1,35
Suvarnabhumi Airport,BKK,18/08/2024 18:25,Wattay International Airport,VTE,18/08/2024 19:45,80,THAI,Premium Economy,80,N/A,N/A,252,Y,Y,Y,1,7,1,35
Suvarnabhumi Airport,BKK,18/08/2024 13:35,Shanghai Pudong International Airport,PVG,18/08/2024 18:55,260,China Eastern,Premium Economy,1965,1465,TRUE,792,Y,Y,Y,1,8,1,23
Suvarnabhumi Airport,BKK,19/08/2024 11:25,Wattay International Airport,VTE,19/08/2024 12:40,75,THAI,Premium Economy,75,N/A,N/A,252,Y,Y,Y,1,7,1,35
Suvarnabhumi Airport,BKK,19/08/2024 18:25,Wattay International Airport,VTE,19/08/2024 19:45,80,THAI,Premium Economy,80,N/A,N/A,252,Y,Y,Y,1,7,1,35
Suvarnabhumi Airport,BKK,19/08/2024 13:35,Shanghai Pudong International Airport,PVG,19/08/2024 18:55,260,China Eastern,Premium Economy,1965,1465,TRUE,792,Y,Y,Y,1,8,1,23
Suvarnabhumi Airport,BKK,20/08/2024 11:25,Wattay International Airport,VTE,20/08/2024 12:40,75,THAI,Premium Economy,75,N/A,N/A,252,Y,Y,Y,1,7,1,35
Suvarnabhumi Airport,BKK,20/08/2024 18:25,Wattay International Airport,VTE,20/08/2024 19:45,80,THAI,Premium Economy,80,N/A,N/A,252,Y,Y,Y,1,7,1,35
Suvarnabhumi Airport,BKK,20/08/2024 19:05,Guangzhou Baiyun International Airport,CAN,20/08/2024 22:50,165,China Southern,Premium Economy,1385,1065,TRUE,564,Y,Y,Y,1,8,1,23
Suvarnabhumi Airport,BKK,20/08/2024 13:35,Shanghai Pudong International Airport,PVG,20/08/2024 19:00,265,China Eastern,Premium Economy,1965,1460,TRUE,764,Y,Y,Y,1,8,1,23
Suvarnabhumi Airport,BKK,21/08/2024 11:25,Wattay International Airport,VTE,21/08/2024 12:40,75,THAI,Premium Economy,75,N/A,N/A,252,Y,Y,Y,1,7,1,35
Suvarnabhumi Airport,BKK,21/08/2024 18:25,Wattay International Airport,VTE,21/08/2024 19:45,80,THAI,Premium Economy,80,N/A,N/A,252,Y,Y,Y,1,7,1,35
Suvarnabhumi Airport,BKK,21/08/2024 13:35,Shanghai Pudong International Airport,PVG,21/08/2024 19:00,265,China Eastern,Premium Economy,1965,1460,TRUE,764,Y,Y,Y,1,8,1,23
Suvarnabhumi Airport,BKK,22/08/2024 11:25,Wattay International Airport,VTE,22/08/2024 12:40,75,THAI,Premium Economy,75,N/A,N/A,252,Y,Y,Y,1,7,1,35
Suvarnabhumi Airport,BKK,22/08/2024 18:25,Wattay International Airport,VTE,22/08/2024 19:45,80,THAI,Premium Economy,80,N/A,N/A,252,Y,Y,Y,1,7,1,35
Suvarnabhumi Airport,BKK,22/08/2024 19:05,Guangzhou Baiyun International Airport,CAN,22/08/2024 22:50,165,China Southern,Premium Economy,1385,1065,TRUE,564,Y,Y,Y,1,8,1,23
Suvarnabhumi Airport,BKK,22/08/2024 13:35,Shanghai Pudong International Airport,PVG,22/08/2024 18:55,260,China Eastern,Premium Economy,1965,1465,TRUE,764,Y,Y,Y,1,8,1,23
Suvarnabhumi Airport,BKK,23/08/2024 11:25,Wattay International Airport,VTE,23/08/2024 12:40,75,THAI,Premium Economy,75,N/A,N/A,252,Y,Y,Y,1,7,1,35
Suvarnabhumi Airport,BKK,23/08/2024 18:25,Wattay International Airport,VTE,23/08/2024 19:45,80,THAI,Premium Economy,80,N/A,N/A,252,Y,Y,Y,1,7,1,35
Suvarnabhumi Airport,BKK,23/08/2024 13:35,Shanghai Pudong International Airport,PVG,23/08/2024 19:00,265,China Eastern,Premium Economy,1965,1460,TRUE,764,Y,Y,Y,1,8,1,23
Suvarnabhumi Airport,BKK,24/08/2024 11:25,Wattay International Airport,VTE,24/08/2024 12:40,75,THAI,Premium Economy,75,N/A,N/A,252,Y,Y,Y,1,7,1,35
Suvarnabhumi Airport,BKK,24/08/2024 18:25,Wattay International Airport,VTE,24/08/2024 19:45,80,THAI,Premium Economy,80,N/A,N/A,252,Y,Y,Y,1,7,1,35
Suvarnabhumi Airport,BKK,24/08/2024 19:05,Guangzhou Baiyun International Airport,CAN,24/08/2024 22:50,165,China Southern,Premium Economy,1385,1065,TRUE,564,Y,Y,Y,1,8,1,23
Suvarnabhumi Airport,BKK,24/08/2024 13:35,Shanghai Pudong International Airport,PVG,24/08/2024 19:00,265,China Eastern,Premium Economy,1965,1460,TRUE,764,Y,Y,Y,1,8,1,23
Suvarnabhumi Airport,BKK,25/08/2024 11:25,Wattay International Airport,VTE,25/08/2024 12:40,75,THAI,Premium Economy,75,N/A,N/A,252,Y,Y,Y,1,7,1,35
Suvarnabhumi Airport,BKK,25/08/2024 18:25,Wattay International Airport,VTE,25/08/2024 19:45,80,THAI,Premium Economy,80,N/A,N/A,252,Y,Y,Y,1,7,1,35
Suvarnabhumi Airport,BKK,25/08/2024 13:35,Shanghai Pudong International Airport,PVG,25/08/2024 18:55,260,China Eastern,Premium Economy,1965,1465,TRUE,764,Y,Y,Y,1,8,1,23
Suvarnabhumi Airport,BKK,26/08/2024 11:25,Wattay International Airport,VTE,26/08/2024 12:40,75,THAI,Premium Economy,75,N/A,N/A,252,Y,Y,Y,1,7,1,35
Suvarnabhumi Airport,BKK,26/08/2024 18:25,Wattay International Airport,VTE,26/08/2024 19:45,80,THAI,Premium Economy,80,N/A,N/A,252,Y,Y,Y,1,7,1,35
Suvarnabhumi Airport,BKK,26/08/2024 13:35,Shanghai Pudong International Airport,PVG,26/08/2024 18:55,260,China Eastern,Premium Economy,1965,1465,TRUE,764,Y,Y,Y,1,8,1,23
Suvarnabhumi Airport,BKK,27/08/2024 11:25,Wattay International Airport,VTE,27/08/2024 12:40,75,THAI,Premium Economy,75,N/A,N/A,252,Y,Y,Y,1,7,1,35
Suvarnabhumi Airport,BKK,27/08/2024 18:25,Wattay International Airport,VTE,27/08/2024 19:45,80,THAI,Premium Economy,80,N/A,N/A,252,Y,Y,Y,1,7,1,35
Suvarnabhumi Airport,BKK,27/08/2024 19:05,Guangzhou Baiyun International Airport,CAN,27/08/2024 22:50,165,China Southern,Premium Economy,1385,1065,TRUE,564,Y,Y,Y,1,8,1,23
Suvarnabhumi Airport,BKK,27/08/2024 13:35,Shanghai Pudong International Airport,PVG,27/08/2024 19:00,265,China Eastern,Premium Economy,1965,1460,TRUE,764,Y,Y,Y,1,8,1,23
Suvarnabhumi Airport,BKK,28/08/2024 11:25,Wattay International Airport,VTE,28/08/2024 12:40,75,THAI,Premium Economy,75,N/A,N/A,252,Y,Y,Y,1,7,1,35
Suvarnabhumi Airport,BKK,28/08/2024 18:25,Wattay International Airport,VTE,28/08/2024 19:45,80,THAI,Premium Economy,80,N/A,N/A,252,Y,Y,Y,1,7,1,35
Suvarnabhumi Airport,BKK,29/08/2024 11:25,Wattay International Airport,VTE,29/08/2024 12:40,75,THAI,Premium Economy,75,N/A,N/A,252,Y,Y,Y,1,7,1,35
Suvarnabhumi Airport,BKK,29/08/2024 18:25,Wattay International Airport,VTE,29/08/2024 19:45,80,THAI,Premium Economy,80,N/A,N/A,252,Y,Y,Y,1,7,1,35
Suvarnabhumi Airport,BKK,29/08/2024 19:05,Guangzhou Baiyun International Airport,CAN,29/08/2024 22:50,165,China Southern,Premium Economy,1385,1065,TRUE,564,Y,Y,Y,1,8,1,23
Suvarnabhumi Airport,BKK,30/08/2024 11:25,Wattay International Airport,VTE,30/08/2024 12:40,75,THAI,Premium Economy,75,N/A,N/A,252,Y,Y,Y,1,7,1,35
Suvarnabhumi Airport,BKK,30/08/2024 18:25,Wattay International Airport,VTE,30/08/2024 19:45,80,THAI,Premium Economy,80,N/A,N/A,252,Y,Y,Y,1,7,1,35
Suvarnabhumi Airport,BKK,31/08/2024 11:25,Wattay International Airport,VTE,31/08/2024 12:40,75,THAI,Premium Economy,75,N/A,N/A,252,Y,Y,Y,1,7,1,35
Suvarnabhumi Airport,BKK,31/08/2024 18:25,Wattay International Airport,VTE,31/08/2024 19:45,80,THAI,Premium Economy,80,N/A,N/A,252,Y,Y,Y,1,7,1,35