Departure Airport Name,Departure Airport ID,Departure Time,Arrival Airport Name,Arrival Airport ID,Arrival Time,Duration,Airline,Travel Class,Total Duration,Layover 1 Duration,Layover 1 Overnight,Price, Cabin Baggage, Checked Baggage,Meal Included,Cabin Baggage (Number),Cabin Baggage (kg per piece),Checked Baggage (Number),Checked Baggage (kg per piece) 
Suvarnabhumi Airport,BKK,01/07/2024 9:45,Yangon International Airport,RGN,01/07/2024 10:45,90,THAI,Premium Economy,90,N/A,N/A,190,Y,Y,Y,1,7,1,35
Suvarnabhumi Airport,BKK,01/07/2024 17:05,Yangon International Airport,RGN,01/07/2024 18:00,85,THAI,Premium Economy,85,N/A,N/A,190,Y,Y,Y,1,7,1,35
Suvarnabhumi Airport,BKK,02/07/2024 9:45,Yangon International Airport,RGN,02/07/2024 10:45,90,THAI,Premium Economy,90,N/A,N/A,190,Y,Y,Y,1,7,1,35
Suvarnabhumi Airport,BKK,02/07/2024 17:05,Yangon International Airport,RGN,02/07/2024 18:00,85,THAI,Premium Economy,85,N/A,N/A,190,Y,Y,Y,1,7,1,35
Suvarnabhumi Airport,BKK,03/07/2024 9:45,Yangon International Airport,RGN,03/07/2024 10:45,90,THAI,Premium Economy,90,N/A,N/A,190,Y,Y,Y,1,7,1,35
Suvarnabhumi Airport,BKK,03/07/2024 17:05,Yangon International Airport,RGN,03/07/2024 18:00,85,THAI,Premium Economy,85,N/A,N/A,190,Y,Y,Y,1,7,1,35
Suvarnabhumi Airport,BKK,04/07/2024 9:45,Yangon International Airport,RGN,04/07/2024 10:45,90,THAI,Premium Economy,90,N/A,N/A,190,Y,Y,Y,1,7,1,35
Suvarnabhumi Airport,BKK,04/07/2024 17:05,Yangon International Airport,RGN,04/07/2024 18:00,85,THAI,Premium Economy,85,N/A,N/A,190,Y,Y,Y,1,7,1,35
Suvarnabhumi Airport,BKK,05/07/2024 9:45,Yangon International Airport,RGN,05/07/2024 10:45,90,THAI,Premium Economy,90,N/A,N/A,190,Y,Y,Y,1,7,1,35
Suvarnabhumi Airport,BKK,05/07/2024 17:05,Yangon International Airport,RGN,05/07/2024 18:00,85,THAI,Premium Economy,85,N/A,N/A,190,Y,Y,Y,1,7,1,35
Suvarnabhumi Airport,BKK,06/07/2024 9:45,Yangon International Airport,RGN,06/07/2024 10:45,90,THAI,Premium Economy,90,N/A,N/A,190,Y,Y,Y,1,7,1,35
Suvarnabhumi Airport,BKK,06/07/2024 17:05,Yangon International Airport,RGN,06/07/2024 18:00,85,THAI,Premium Economy,85,N/A,N/A,190,Y,Y,Y,1,7,1,35
Suvarnabhumi Airport,BKK,07/07/2024 9:45,Yangon International Airport,RGN,07/07/2024 10:45,90,THAI,Premium Economy,90,N/A,N/A,190,Y,Y,Y,1,7,1,35
Suvarnabhumi Airport,BKK,07/07/2024 17:05,Yangon International Airport,RGN,07/07/2024 18:00,85,THAI,Premium Economy,85,N/A,N/A,190,Y,Y,Y,1,7,1,35
Suvarnabhumi Airport,BKK,08/07/2024 9:45,Yangon International Airport,RGN,08/07/2024 10:45,90,THAI,Premium Economy,90,N/A,N/A,190,Y,Y,Y,1,7,1,35
Suvarnabhumi Airport,BKK,08/07/2024 17:05,Yangon International Airport,RGN,08/07/2024 18:00,85,THAI,Premium Economy,85,N/A,N/A,190,Y,Y,Y,1,7,1,35
Suvarnabhumi Airport,BKK,09/07/2024 9:45,Yangon International Airport,RGN,09/07/2024 10:45,90,THAI,Premium Economy,90,N/A,N/A,190,Y,Y,Y,1,7,1,35
Suvarnabhumi Airport,BKK,09/07/2024 17:05,Yangon International Airport,RGN,09/07/2024 18:00,85,THAI,Premium Economy,85,N/A,N/A,190,Y,Y,Y,1,7,1,35
Suvarnabhumi Airport,BKK,10/07/2024 9:45,Yangon International Airport,RGN,10/07/2024 10:45,90,THAI,Premium Economy,90,N/A,N/A,190,Y,Y,Y,1,7,1,35
Suvarnabhumi Airport,BKK,10/07/2024 17:05,Yangon International Airport,RGN,10/07/2024 18:00,85,THAI,Premium Economy,85,N/A,N/A,190,Y,Y,Y,1,7,1,35
Suvarnabhumi Airport,BKK,11/07/2024 9:45,Yangon International Airport,RGN,11/07/2024 10:45,90,THAI,Premium Economy,90,N/A,N/A,190,Y,Y,Y,1,7,1,35
Suvarnabhumi Airport,BKK,11/07/2024 17:05,Yangon International Airport,RGN,11/07/2024 18:00,85,THAI,Premium Economy,85,N/A,N/A,190,Y,Y,Y,1,7,1,35
Suvarnabhumi Airport,BKK,12/07/2024 9:45,Yangon International Airport,RGN,12/07/2024 10:45,90,THAI,Premium Economy,90,N/A,N/A,190,Y,Y,Y,1,7,1,35
Suvarnabhumi Airport,BKK,12/07/2024 17:05,Yangon International Airport,RGN,12/07/2024 18:00,85,THAI,Premium Economy,85,N/A,N/A,190,Y,Y,Y,1,7,1,35
Suvarnabhumi Airport,BKK,13/07/2024 9:45,Yangon International Airport,RGN,13/07/2024 10:45,90,THAI,Premium Economy,90,N/A,N/A,190,Y,Y,Y,1,7,1,35
Suvarnabhumi Airport,BKK,13/07/2024 17:05,Yangon International Airport,RGN,13/07/2024 18:00,85,THAI,Premium Economy,85,N/A,N/A,190,Y,Y,Y,1,7,1,35
Suvarnabhumi Airport,BKK,14/07/2024 9:45,Yangon International Airport,RGN,14/07/2024 10:45,90,THAI,Premium Economy,90,N/A,N/A,190,Y,Y,Y,1,7,1,35
Suvarnabhumi Airport,BKK,14/07/2024 17:05,Yangon International Airport,RGN,14/07/2024 18:00,85,THAI,Premium Economy,85,N/A,N/A,190,Y,Y,Y,1,7,1,35
Suvarnabhumi Airport,BKK,15/07/2024 9:45,Yangon International Airport,RGN,15/07/2024 10:45,90,THAI,Premium Economy,90,N/A,N/A,190,Y,Y,Y,1,7,1,35
Suvarnabhumi Airport,BKK,15/07/2024 17:05,Yangon International Airport,RGN,15/07/2024 18:00,85,THAI,Premium Economy,85,N/A,N/A,190,Y,Y,Y,1,7,1,35
Suvarnabhumi Airport,BKK,16/07/2024 9:45,Yangon International Airport,RGN,16/07/2024 10:45,90,THAI,Premium Economy,90,N/A,N/A,190,Y,Y,Y,1,7,1,35
Suvarnabhumi Airport,BKK,16/07/2024 17:05,Yangon International Airport,RGN,16/07/2024 18:00,85,THAI,Premium Economy,85,N/A,N/A,190,Y,Y,Y,1,7,1,35
Suvarnabhumi Airport,BKK,17/07/2024 9:45,Yangon International Airport,RGN,17/07/2024 10:45,90,THAI,Premium Economy,90,N/A,N/A,190,Y,Y,Y,1,7,1,35
Suvarnabhumi Airport,BKK,17/07/2024 17:05,Yangon International Airport,RGN,17/07/2024 18:00,85,THAI,Premium Economy,85,N/A,N/A,190,Y,Y,Y,1,7,1,35
Suvarnabhumi Airport,BKK,18/07/2024 9:45,Yangon International Airport,RGN,18/07/2024 10:45,90,THAI,Premium Economy,90,N/A,N/A,190,Y,Y,Y,1,7,1,35
Suvarnabhumi Airport,BKK,18/07/2024 17:05,Yangon International Airport,RGN,18/07/2024 18:00,85,THAI,Premium Economy,85,N/A,N/A,190,Y,Y,Y,1,7,1,35
Suvarnabhumi Airport,BKK,19/07/2024 9:45,Yangon International Airport,RGN,19/07/2024 10:45,90,THAI,Premium Economy,90,N/A,N/A,190,Y,Y,Y,1,7,1,35
Suvarnabhumi Airport,BKK,19/07/2024 17:05,Yangon International Airport,RGN,19/07/2024 18:00,85,THAI,Premium Economy,85,N/A,N/A,190,Y,Y,Y,1,7,1,35
Suvarnabhumi Airport,BKK,20/07/2024 9:45,Yangon International Airport,RGN,20/07/2024 10:45,90,THAI,Premium Economy,90,N/A,N/A,190,Y,Y,Y,1,7,1,35
Suvarnabhumi Airport,BKK,20/07/2024 17:05,Yangon International Airport,RGN,20/07/2024 18:00,85,THAI,Premium Economy,85,N/A,N/A,190,Y,Y,Y,1,7,1,35
Suvarnabhumi Airport,BKK,21/07/2024 9:45,Yangon International Airport,RGN,21/07/2024 10:45,90,THAI,Premium Economy,90,N/A,N/A,190,Y,Y,Y,1,7,1,35
Suvarnabhumi Airport,BKK,21/07/2024 17:05,Yangon International Airport,RGN,21/07/2024 18:00,85,THAI,Premium Economy,85,N/A,N/A,190,Y,Y,Y,1,7,1,35
Suvarnabhumi Airport,BKK,22/07/2024 9:45,Yangon International Airport,RGN,22/07/2024 10:45,90,THAI,Premium Economy,90,N/A,N/A,190,Y,Y,Y,1,7,1,35
Suvarnabhumi Airport,BKK,22/07/2024 17:05,Yangon International Airport,RGN,22/07/2024 18:00,85,THAI,Premium Economy,85,N/A,N/A,190,Y,Y,Y,1,7,1,35
Suvarnabhumi Airport,BKK,23/07/2024 9:45,Yangon International Airport,RGN,23/07/2024 10:45,90,THAI,Premium Economy,90,N/A,N/A,190,Y,Y,Y,1,7,1,35
Suvarnabhumi Airport,BKK,23/07/2024 17:05,Yangon International Airport,RGN,23/07/2024 18:00,85,THAI,Premium Economy,85,N/A,N/A,190,Y,Y,Y,1,7,1,35
Suvarnabhumi Airport,BKK,24/07/2024 9:45,Yangon International Airport,RGN,24/07/2024 10:45,90,THAI,Premium Economy,90,N/A,N/A,190,Y,Y,Y,1,7,1,35
Suvarnabhumi Airport,BKK,24/07/2024 17:05,Yangon International Airport,RGN,24/07/2024 18:00,85,THAI,Premium Economy,85,N/A,N/A,190,Y,Y,Y,1,7,1,35
Suvarnabhumi Airport,BKK,25/07/2024 9:45,Yangon International Airport,RGN,25/07/2024 10:45,90,THAI,Premium Economy,90,N/A,N/A,190,Y,Y,Y,1,7,1,35
Suvarnabhumi Airport,BKK,25/07/2024 17:05,Yangon International Airport,RGN,25/07/2024 18:00,85,THAI,Premium Economy,85,N/A,N/A,190,Y,Y,Y,1,7,1,35
Suvarnabhumi Airport,BKK,26/07/2024 9:45,Yangon International Airport,RGN,26/07/2024 10:45,90,THAI,Premium Economy,90,N/A,N/A,190,Y,Y,Y,1,7,1,35
Suvarnabhumi Airport,BKK,26/07/2024 17:05,Yangon International Airport,RGN,26/07/2024 18:00,85,THAI,Premium Economy,85,N/A,N/A,190,Y,Y,Y,1,7,1,35
Suvarnabhumi Airport,BKK,27/07/2024 9:45,Yangon International Airport,RGN,27/07/2024 10:45,90,THAI,Premium Economy,90,N/A,N/A,190,Y,Y,Y,1,7,1,35
Suvarnabhumi Airport,BKK,27/07/2024 17:05,Yangon International Airport,RGN,27/07/2024 18:00,85,THAI,Premium Economy,85,N/A,N/A,190,Y,Y,Y,1,7,1,35
Suvarnabhumi Airport,BKK,28/07/2024 9:45,Yangon International Airport,RGN,28/07/2024 10:45,90,THAI,Premium Economy,90,N/A,N/A,190,Y,Y,Y,1,7,1,35
Suvarnabhumi Airport,BKK,28/07/2024 17:05,Yangon International Airport,RGN,28/07/2024 18:00,85,THAI,Premium Economy,85,N/A,N/A,190,Y,Y,Y,1,7,1,35
Suvarnabhumi Airport,BKK,29/07/2024 9:45,Yangon International Airport,RGN,29/07/2024 10:45,90,THAI,Premium Economy,90,N/A,N/A,190,Y,Y,Y,1,7,1,35
Suvarnabhumi Airport,BKK,29/07/2024 17:05,Yangon International Airport,RGN,29/07/2024 18:00,85,THAI,Premium Economy,85,N/A,N/A,190,Y,Y,Y,1,7,1,35
Suvarnabhumi Airport,BKK,30/07/2024 9:45,Yangon International Airport,RGN,30/07/2024 10:45,90,THAI,Premium Economy,90,N/A,N/A,190,Y,Y,Y,1,7,1,35
Suvarnabhumi Airport,BKK,30/07/2024 17:05,Yangon International Airport,RGN,30/07/2024 18:00,85,THAI,Premium Economy,85,N/A,N/A,190,Y,Y,Y,1,7,1,35
Suvarnabhumi Airport,BKK,31/07/2024 9:45,Yangon International Airport,RGN,31/07/2024 10:45,90,THAI,Premium Economy,90,N/A,N/A,190,Y,Y,Y,1,7,1,35
Suvarnabhumi Airport,BKK,31/07/2024 17:05,Yangon International Airport,RGN,31/07/2024 18:00,85,THAI,Premium Economy,85,N/A,N/A,190,Y,Y,Y,1,7,1,35
Suvarnabhumi Airport,BKK,01/08/2024 9:35,Yangon International Airport,RGN,01/08/2024 10:35,90,THAI,Premium Economy,90,N/A,N/A,249,Y,Y,Y,1,7,1,35
Suvarnabhumi Airport,BKK,01/08/2024 17:05,Yangon International Airport,RGN,01/08/2024 18:00,85,THAI,Premium Economy,85,N/A,N/A,249,Y,Y,Y,1,7,1,35
Suvarnabhumi Airport,BKK,02/08/2024 9:35,Yangon International Airport,RGN,02/08/2024 10:35,90,THAI,Premium Economy,90,N/A,N/A,249,Y,Y,Y,1,7,1,35
Suvarnabhumi Airport,BKK,02/08/2024 17:05,Yangon International Airport,RGN,02/08/2024 18:00,85,THAI,Premium Economy,85,N/A,N/A,249,Y,Y,Y,1,7,1,35
Suvarnabhumi Airport,BKK,03/08/2024 9:35,Yangon International Airport,RGN,03/08/2024 10:35,90,THAI,Premium Economy,90,N/A,N/A,249,Y,Y,Y,1,7,1,35
Suvarnabhumi Airport,BKK,04/08/2024 9:35,Yangon International Airport,RGN,04/08/2024 10:35,90,THAI,Premium Economy,90,N/A,N/A,249,Y,Y,Y,1,7,1,35
Suvarnabhumi Airport,BKK,04/08/2024 17:05,Yangon International Airport,RGN,04/08/2024 18:00,85,THAI,Premium Economy,85,N/A,N/A,249,Y,Y,Y,1,7,1,35
Suvarnabhumi Airport,BKK,05/08/2024 9:35,Yangon International Airport,RGN,05/08/2024 10:35,90,THAI,Premium Economy,90,N/A,N/A,249,Y,Y,Y,1,7,1,35
Suvarnabhumi Airport,BKK,05/08/2024 17:05,Yangon International Airport,RGN,05/08/2024 18:00,85,THAI,Premium Economy,85,N/A,N/A,249,Y,Y,Y,1,7,1,35
Suvarnabhumi Airport,BKK,06/08/2024 9:35,Yangon International Airport,RGN,06/08/2024 10:35,90,THAI,Premium Economy,90,N/A,N/A,249,Y,Y,Y,1,7,1,35
Suvarnabhumi Airport,BKK,06/08/2024 17:05,Yangon International Airport,RGN,06/08/2024 18:00,85,THAI,Premium Economy,85,N/A,N/A,249,Y,Y,Y,1,7,1,35
Suvarnabhumi Airport,BKK,07/08/2024 9:35,Yangon International Airport,RGN,07/08/2024 10:35,90,THAI,Premium Economy,90,N/A,N/A,249,Y,Y,Y,1,7,1,35
Suvarnabhumi Airport,BKK,07/08/2024 17:05,Yangon International Airport,RGN,07/08/2024 18:00,85,THAI,Premium Economy,85,N/A,N/A,249,Y,Y,Y,1,7,1,35
Suvarnabhumi Airport,BKK,08/08/2024 9:35,Yangon International Airport,RGN,08/08/2024 10:35,90,THAI,Premium Economy,90,N/A,N/A,249,Y,Y,Y,1,7,1,35
Suvarnabhumi Airport,BKK,08/08/2024 17:05,Yangon International Airport,RGN,08/08/2024 18:00,85,THAI,Premium Economy,85,N/A,N/A,249,Y,Y,Y,1,7,1,35
Suvarnabhumi Airport,BKK,09/08/2024 9:35,Yangon International Airport,RGN,09/08/2024 10:35,90,THAI,Premium Economy,90,N/A,N/A,249,Y,Y,Y,1,7,1,35
Suvarnabhumi Airport,BKK,09/08/2024 17:05,Yangon International Airport,RGN,09/08/2024 18:00,85,THAI,Premium Economy,85,N/A,N/A,249,Y,Y,Y,1,7,1,35
Suvarnabhumi Airport,BKK,10/08/2024 9:35,Yangon International Airport,RGN,10/08/2024 10:35,90,THAI,Premium Economy,90,N/A,N/A,249,Y,Y,Y,1,7,1,35
Suvarnabhumi Airport,BKK,10/08/2024 17:05,Yangon International Airport,RGN,10/08/2024 18:00,85,THAI,Premium Economy,85,N/A,N/A,249,Y,Y,Y,1,7,1,35
Suvarnabhumi Airport,BKK,11/08/2024 9:35,Yangon International Airport,RGN,11/08/2024 10:35,90,THAI,Premium Economy,90,N/A,N/A,249,Y,Y,Y,1,7,1,35
Suvarnabhumi Airport,BKK,11/08/2024 17:05,Yangon International Airport,RGN,11/08/2024 18:00,85,THAI,Premium Economy,85,N/A,N/A,249,Y,Y,Y,1,7,1,35
Suvarnabhumi Airport,BKK,12/08/2024 9:35,Yangon International Airport,RGN,12/08/2024 10:35,90,THAI,Premium Economy,90,N/A,N/A,249,Y,Y,Y,1,7,1,35
Suvarnabhumi Airport,BKK,12/08/2024 17:05,Yangon International Airport,RGN,12/08/2024 18:00,85,THAI,Premium Economy,85,N/A,N/A,249,Y,Y,Y,1,7,1,35
Suvarnabhumi Airport,BKK,13/08/2024 9:35,Yangon International Airport,RGN,13/08/2024 10:35,90,THAI,Premium Economy,90,N/A,N/A,249,Y,Y,Y,1,7,1,35
Suvarnabhumi Airport,BKK,13/08/2024 17:05,Yangon International Airport,RGN,13/08/2024 18:00,85,THAI,Premium Economy,85,N/A,N/A,249,Y,Y,Y,1,7,1,35
Suvarnabhumi Airport,BKK,14/08/2024 9:35,Yangon International Airport,RGN,14/08/2024 10:35,90,THAI,Premium Economy,90,N/A,N/A,249,Y,Y,Y,1,7,1,35
Suvarnabhumi Airport,BKK,14/08/2024 17:05,Yangon International Airport,RGN,14/08/2024 18:00,85,THAI,Premium Economy,85,N/A,N/A,249,Y,Y,Y,1,7,1,35
Suvarnabhumi Airport,BKK,15/08/2024 9:35,Yangon International Airport,RGN,15/08/2024 10:35,90,THAI,Premium Economy,90,N/A,N/A,249,Y,Y,Y,1,7,1,35
Suvarnabhumi Airport,BKK,15/08/2024 17:05,Yangon International Airport,RGN,15/08/2024 18:00,85,THAI,Premium Economy,85,N/A,N/A,249,Y,Y,Y,1,7,1,35
Suvarnabhumi Airport,BKK,16/08/2024 9:35,Yangon International Airport,RGN,16/08/2024 10:35,90,THAI,Premium Economy,90,N/A,N/A,249,Y,Y,Y,1,7,1,35
Suvarnabhumi Airport,BKK,16/08/2024 17:05,Yangon International Airport,RGN,16/08/2024 18:00,85,THAI,Premium Economy,85,N/A,N/A,249,Y,Y,Y,1,7,1,35
Suvarnabhumi Airport,BKK,17/08/2024 9:35,Yangon International Airport,RGN,17/08/2024 10:35,90,THAI,Premium Economy,90,N/A,N/A,249,Y,Y,Y,1,7,1,35
Suvarnabhumi Airport,BKK,17/08/2024 17:05,Yangon International Airport,RGN,17/08/2024 18:00,85,THAI,Premium Economy,85,N/A,N/A,249,Y,Y,Y,1,7,1,35
Suvarnabhumi Airport,BKK,18/08/2024 9:35,Yangon International Airport,RGN,18/08/2024 10:35,90,THAI,Premium Economy,90,N/A,N/A,249,Y,Y,Y,1,7,1,35
Suvarnabhumi Airport,BKK,18/08/2024 17:05,Yangon International Airport,RGN,18/08/2024 18:00,85,THAI,Premium Economy,85,N/A,N/A,249,Y,Y,Y,1,7,1,35
Suvarnabhumi Airport,BKK,19/08/2024 9:35,Yangon International Airport,RGN,19/08/2024 10:35,90,THAI,Premium Economy,90,N/A,N/A,249,Y,Y,Y,1,7,1,35
Suvarnabhumi Airport,BKK,19/08/2024 17:05,Yangon International Airport,RGN,19/08/2024 18:00,85,THAI,Premium Economy,85,N/A,N/A,249,Y,Y,Y,1,7,1,35
Suvarnabhumi Airport,BKK,20/08/2024 9:35,Yangon International Airport,RGN,20/08/2024 10:35,90,THAI,Premium Economy,90,N/A,N/A,249,Y,Y,Y,1,7,1,35
Suvarnabhumi Airport,BKK,20/08/2024 17:05,Yangon International Airport,RGN,20/08/2024 18:00,85,THAI,Premium Economy,85,N/A,N/A,249,Y,Y,Y,1,7,1,35
Suvarnabhumi Airport,BKK,21/08/2024 9:35,Yangon International Airport,RGN,21/08/2024 10:35,90,THAI,Premium Economy,90,N/A,N/A,249,Y,Y,Y,1,7,1,35
Suvarnabhumi Airport,BKK,21/08/2024 17:05,Yangon International Airport,RGN,21/08/2024 18:00,85,THAI,Premium Economy,85,N/A,N/A,249,Y,Y,Y,1,7,1,35
Suvarnabhumi Airport,BKK,22/08/2024 9:35,Yangon International Airport,RGN,22/08/2024 10:35,90,THAI,Premium Economy,90,N/A,N/A,249,Y,Y,Y,1,7,1,35
Suvarnabhumi Airport,BKK,22/08/2024 17:05,Yangon International Airport,RGN,22/08/2024 18:00,85,THAI,Premium Economy,85,N/A,N/A,249,Y,Y,Y,1,7,1,35
Suvarnabhumi Airport,BKK,23/08/2024 9:35,Yangon International Airport,RGN,23/08/2024 10:35,90,THAI,Premium Economy,90,N/A,N/A,249,Y,Y,Y,1,7,1,35
Suvarnabhumi Airport,BKK,23/08/2024 17:05,Yangon International Airport,RGN,23/08/2024 18:00,85,THAI,Premium Economy,85,N/A,N/A,249,Y,Y,Y,1,7,1,35
Suvarnabhumi Airport,BKK,24/08/2024 9:35,Yangon International Airport,RGN,24/08/2024 10:35,90,THAI,Premium Economy,90,N/A,N/A,249,Y,Y,Y,1,7,1,35
Suvarnabhumi Airport,BKK,24/08/2024 17:05,Yangon International Airport,RGN,24/08/2024 18:00,85,THAI,Premium Economy,85,N/A,N/A,249,Y,Y,Y,1,7,1,35
Suvarnabhumi Airport,BKK,25/08/2024 9:35,Yangon International Airport,RGN,25/08/2024 10:35,90,THAI,Premium Economy,90,N/A,N/A,249,Y,Y,Y,1,7,1,35
Suvarnabhumi Airport,BKK,25/08/2024 17:05,Yangon International Airport,RGN,25/08/2024 18:00,85,THAI,Premium Economy,85,N/A,N/A,249,Y,Y,Y,1,7,1,35
Suvarnabhumi Airport,BKK,26/08/2024 9:35,Yangon International Airport,RGN,26/08/2024 10:35,90,THAI,Premium Economy,90,N/A,N/A,249,Y,Y,Y,1,7,1,35
Suvarnabhumi Airport,BKK,26/08/2024 17:05,Yangon International Airport,RGN,26/08/2024 18:00,85,THAI,Premium Economy,85,N/A,N/A,249,Y,Y,Y,1,7,1,35
Suvarnabhumi Airport,BKK,27/08/2024 9:35,Yangon International Airport,RGN,27/08/2024 10:35,90,THAI,Premium Economy,90,N/A,N/A,249,Y,Y,Y,1,7,1,35
Suvarnabhumi Airport,BKK,27/08/2024 17:05,Yangon International Airport,RGN,27/08/2024 18:00,85,THAI,Premium Economy,85,N/A,N/A,249,Y,Y,Y,1,7,1,35
Suvarnabhumi Airport,BKK,28/08/2024 9:35,Yangon International Airport,RGN,28/08/2024 10:35,90,THAI,Premium Economy,90,N/A,N/A,249,Y,Y,Y,1,7,1,35
Suvarnabhumi Airport,BKK,28/08/2024 17:05,Yangon International Airport,RGN,28/08/2024 18:00,85,THAI,Premium Economy,85,N/A,N/A,249,Y,Y,Y,1,7,1,35
Suvarnabhumi Airport,BKK,29/08/2024 9:35,Yangon International Airport,RGN,29/08/2024 10:35,90,THAI,Premium Economy,90,N/A,N/A,249,Y,Y,Y,1,7,1,35
Suvarnabhumi Airport,BKK,29/08/2024 17:05,Yangon International Airport,RGN,29/08/2024 18:00,85,THAI,Premium Economy,85,N/A,N/A,249,Y,Y,Y,1,7,1,35
Suvarnabhumi Airport,BKK,30/08/2024 9:35,Yangon International Airport,RGN,30/08/2024 10:35,90,THAI,Premium Economy,90,N/A,N/A,249,Y,Y,Y,1,7,1,35
Suvarnabhumi Airport,BKK,30/08/2024 17:05,Yangon International Airport,RGN,30/08/2024 18:00,85,THAI,Premium Economy,85,N/A,N/A,249,Y,Y,Y,1,7,1,35
Suvarnabhumi Airport,BKK,31/08/2024 9:35,Yangon International Airport,RGN,31/08/2024 10:35,90,THAI,Premium Economy,90,N/A,N/A,249,Y,Y,Y,1,7,1,35
Suvarnabhumi Airport,BKK,31/08/2024 17:05,Yangon International Airport,RGN,31/08/2024 18:00,85,THAI,Premium Economy,85,N/A,N/A,249,Y,Y,Y,1,7,1,35