Departure Airport Name,Departure Airport ID,Departure Time,Arrival Airport Name,Arrival Airport ID,Arrival Time,Duration,Airline,Travel Class,Total Duration,Layover 1 Duration,Layover 1 Overnight,Price, Cabin Baggage, Checked Baggage,Meal Included,Cabin Baggage (Number),Cabin Baggage (kg per piece),Checked Baggage (Number),Checked Baggage (kg per piece) ,Day of Week (on flight date),Overnight Flight,Departure Country Is Holiday,Arrival Country Is Holiday,Final Arrival Airport Name,Final Arrival Airport ID
Suvarnabhumi Airport,BKK,2024-07-01 21:15,Singapore Changi Airport,SIN,2024-07-02 00:35,140,Singapore Airlines,Business Class,775,505.0,True,951,Y,Y,Y,1,7,1,25,Monday,True,False,False,Brunei International Airport,BWN
Suvarnabhumi Airport,BKK,2024-07-01 13:30,Ninoy Aquino International Airport,MNL,2024-07-01 17:55,205,Philippine Airlines,Business Class,550,220.0,,1096,Y,Y,Y,1,7,2,32,Monday,False,False,False,Brunei International Airport,BWN
Suvarnabhumi Airport,BKK,2024-07-01 06:00,Kuala Lumpur International Airport,KUL,2024-07-01 09:10,130,Malaysia Airlines,Business Class,455,180.0,,1340,Y,Y,Y,1,8,2,23,Monday,False,False,False,Brunei International Airport,BWN
Suvarnabhumi Airport,BKK,2024-07-01 19:40,Kuala Lumpur International Airport,KUL,2024-07-01 22:50,130,Malaysia Airlines,Business Class,1620,1345.0,True,1179,Y,Y,Y,1,8,2,23,Monday,False,False,False,Brunei International Airport,BWN
Suvarnabhumi Airport,BKK,2024-07-01 19:15,Singapore Changi Airport,SIN,2024-07-01 22:30,135,THAI,Business Class,1085,820.0,True,1442,Y,Y,Y,1,7,2,30,Monday,False,False,False,Brunei International Airport,BWN
Suvarnabhumi Airport,BKK,2024-07-02 13:30,Brunei International Airport,BWN,2024-07-02 17:15,165,Royal Brunei,Business Class,165,,,571,Y,Y,Y,1,12,2,40,Tuesday,False,False,False,Brunei International Airport,BWN
Suvarnabhumi Airport,BKK,2024-07-02 21:15,Singapore Changi Airport,SIN,2024-07-03 00:35,140,Singapore Airlines,Business Class,1005,730.0,True,1083,Y,Y,Y,1,7,1,25,Tuesday,True,False,False,Brunei International Airport,BWN
Suvarnabhumi Airport,BKK,2024-07-02 14:15,Kuala Lumpur International Airport,KUL,2024-07-02 17:30,135,Malaysia Airlines,Business Class,505,225.0,,1168,Y,Y,Y,1,8,2,23,Tuesday,False,False,False,Brunei International Airport,BWN
Suvarnabhumi Airport,BKK,2024-07-02 19:40,Kuala Lumpur International Airport,KUL,2024-07-02 22:50,130,Malaysia Airlines,Business Class,1620,1345.0,True,1351,Y,Y,Y,1,8,2,23,Tuesday,False,False,False,Brunei International Airport,BWN
Suvarnabhumi Airport,BKK,2024-07-02 16:40,Kuala Lumpur International Airport,KUL,2024-07-02 19:50,130,THAI,Business Class,360,85.0,,1395,Y,Y,Y,1,7,2,30,Tuesday,False,False,False,Brunei International Airport,BWN
Suvarnabhumi Airport,BKK,2024-07-02 11:15,Singapore Changi Airport,SIN,2024-07-02 14:30,135,THAI,Business Class,680,415.0,,1442,Y,Y,Y,1,7,2,30,Tuesday,False,False,False,Brunei International Airport,BWN
Suvarnabhumi Airport,BKK,2024-07-02 19:15,Singapore Changi Airport,SIN,2024-07-02 22:30,135,THAI,Business Class,1085,820.0,True,1442,Y,Y,Y,1,7,2,30,Tuesday,False,False,False,Brunei International Airport,BWN
Suvarnabhumi Airport,BKK,2024-07-03 21:00,Brunei International Airport,BWN,2024-07-04 00:45,165,Royal Brunei,Business Class,165,,,629,Y,Y,Y,1,12,2,40,Wednesday,True,False,False,Brunei International Airport,BWN
Suvarnabhumi Airport,BKK,2024-07-03 21:15,Singapore Changi Airport,SIN,2024-07-04 00:35,140,Singapore Airlines,Business Class,775,505.0,True,951,Y,Y,Y,1,7,1,25,Wednesday,True,False,False,Brunei International Airport,BWN
Suvarnabhumi Airport,BKK,2024-07-03 22:50,Ninoy Aquino International Airport,MNL,2024-07-04 03:15,205,Philippine Airlines,Business Class,1430,1100.0,True,970,Y,Y,Y,1,7,2,32,Wednesday,True,False,False,Brunei International Airport,BWN
Suvarnabhumi Airport,BKK,2024-07-03 11:05,Kuala Lumpur International Airport,KUL,2024-07-03 14:15,130,Malaysia Airlines,Business Class,695,420.0,,1340,Y,Y,Y,1,8,2,23,Wednesday,False,False,False,Brunei International Airport,BWN
Suvarnabhumi Airport,BKK,2024-07-03 14:15,Kuala Lumpur International Airport,KUL,2024-07-03 17:30,135,Malaysia Airlines,Business Class,505,225.0,,1567,Y,Y,Y,1,8,2,23,Wednesday,False,False,False,Brunei International Airport,BWN
Suvarnabhumi Airport,BKK,2024-07-03 16:40,Kuala Lumpur International Airport,KUL,2024-07-03 19:50,130,THAI,Business Class,360,85.0,,1567,Y,Y,Y,1,7,2,30,Wednesday,False,False,False,Brunei International Airport,BWN
Suvarnabhumi Airport,BKK,2024-07-04 21:15,Singapore Changi Airport,SIN,2024-07-05 00:35,140,Singapore Airlines,Business Class,1005,730.0,True,951,Y,Y,Y,1,7,1,25,Thursday,True,False,False,Brunei International Airport,BWN
Suvarnabhumi Airport,BKK,2024-07-04 13:30,Ninoy Aquino International Airport,MNL,2024-07-04 17:55,205,Philippine Airlines,Business Class,550,220.0,,970,Y,Y,Y,1,7,2,32,Thursday,False,False,False,Brunei International Airport,BWN
Suvarnabhumi Airport,BKK,2024-07-04 06:00,Kuala Lumpur International Airport,KUL,2024-07-04 09:10,130,Malaysia Airlines,Business Class,455,180.0,,1168,Y,Y,Y,1,8,2,23,Thursday,False,False,False,Brunei International Airport,BWN
Suvarnabhumi Airport,BKK,2024-07-04 16:40,Kuala Lumpur International Airport,KUL,2024-07-04 19:50,130,THAI,Business Class,360,85.0,,1395,Y,Y,Y,1,7,2,30,Thursday,False,False,False,Brunei International Airport,BWN
Suvarnabhumi Airport,BKK,2024-07-04 22:50,Ninoy Aquino International Airport,MNL,2024-07-05 03:15,205,Philippine Airlines,Business Class,1430,1100.0,True,970,Y,Y,Y,1,7,2,32,Thursday,True,False,False,Brunei International Airport,BWN
Suvarnabhumi Airport,BKK,2024-07-04 14:15,Kuala Lumpur International Airport,KUL,2024-07-04 17:30,135,Malaysia Airlines,Business Class,505,225.0,,1168,Y,Y,Y,1,8,2,23,Thursday,False,False,False,Brunei International Airport,BWN
Suvarnabhumi Airport,BKK,2024-07-04 19:40,Kuala Lumpur International Airport,KUL,2024-07-04 22:50,130,Malaysia Airlines,Business Class,1075,800.0,True,1179,Y,Y,Y,1,8,2,23,Thursday,False,False,False,Brunei International Airport,BWN
Suvarnabhumi Airport,BKK,2024-07-04 09:05,Kuala Lumpur International Airport,KUL,2024-07-04 12:15,130,THAI,Business Class,815,540.0,,1395,Y,Y,Y,1,7,2,30,Thursday,False,False,False,Brunei International Airport,BWN
Suvarnabhumi Airport,BKK,2024-07-04 16:25,Singapore Changi Airport,SIN,2024-07-04 19:40,135,THAI,Business Class,394,135.0,,1442,Y,Y,Y,1,7,2,30,Thursday,False,False,False,Brunei International Airport,BWN
Suvarnabhumi Airport,BKK,2024-07-04 19:15,Singapore Changi Airport,SIN,2024-07-04 22:30,135,THAI,Business Class,1085,820.0,True,1442,Y,Y,Y,1,7,2,30,Thursday,False,False,False,Brunei International Airport,BWN
Suvarnabhumi Airport,BKK,2024-07-05 13:30,Ninoy Aquino International Airport,MNL,2024-07-05 17:55,205,Philippine Airlines,Business Class,550,220.0,,970,Y,Y,Y,1,7,2,32,Friday,False,False,False,Brunei International Airport,BWN
Suvarnabhumi Airport,BKK,2024-07-05 06:00,Kuala Lumpur International Airport,KUL,2024-07-05 09:10,130,Malaysia Airlines,Business Class,455,180.0,,1168,Y,Y,Y,1,8,2,23,Friday,False,False,False,Brunei International Airport,BWN
Suvarnabhumi Airport,BKK,2024-07-05 16:40,Kuala Lumpur International Airport,KUL,2024-07-05 19:50,130,THAI,Business Class,360,85.0,,1567,Y,Y,Y,1,7,2,30,Friday,False,False,False,Brunei International Airport,BWN
Suvarnabhumi Airport,BKK,2024-07-05 19:40,Kuala Lumpur International Airport,KUL,2024-07-05 22:50,130,Malaysia Airlines,Business Class,1075,800.0,True,1179,Y,Y,Y,1,8,2,23,Friday,False,False,False,Brunei International Airport,BWN
Suvarnabhumi Airport,BKK,2024-07-05 16:40,Kuala Lumpur International Airport,KUL,2024-07-05 19:50,130,THAI,Business Class,1255,980.0,True,1346,Y,Y,Y,1,7,2,30,Friday,False,False,False,Brunei International Airport,BWN
Suvarnabhumi Airport,BKK,2024-07-05 09:05,Kuala Lumpur International Airport,KUL,2024-07-05 12:15,130,THAI,Business Class,815,540.0,,1430,Y,Y,Y,1,7,2,30,Friday,False,False,False,Brunei International Airport,BWN
Suvarnabhumi Airport,BKK,2024-07-05 11:15,Singapore Changi Airport,SIN,2024-07-05 14:30,135,THAI,Business Class,680,415.0,,1442,Y,Y,Y,1,7,2,30,Friday,False,False,False,Brunei International Airport,BWN
Suvarnabhumi Airport,BKK,2024-07-05 15:30,Singapore Changi Airport,SIN,2024-07-05 18:55,145,Singapore Airlines,Business Class,1120,845.0,True,2097,Y,Y,Y,1,7,1,25,Friday,False,False,False,Brunei International Airport,BWN
Suvarnabhumi Airport,BKK,2024-07-06 13:30,Brunei International Airport,BWN,2024-07-06 17:15,165,Royal Brunei,Business Class,165,,,629,Y,Y,Y,1,12,2,40,Saturday,False,False,False,Brunei International Airport,BWN
Suvarnabhumi Airport,BKK,2024-07-06 06:00,Kuala Lumpur International Airport,KUL,2024-07-06 09:10,130,Malaysia Airlines,Business Class,455,180.0,,1168,Y,Y,Y,1,8,2,23,Saturday,False,False,False,Brunei International Airport,BWN
Suvarnabhumi Airport,BKK,2024-07-06 18:40,Kuala Lumpur International Airport,KUL,2024-07-06 21:55,135,Malaysia Airlines,Business Class,1135,855.0,True,1179,Y,Y,Y,1,8,2,23,Saturday,False,False,False,Brunei International Airport,BWN
Suvarnabhumi Airport,BKK,2024-07-06 16:40,Kuala Lumpur International Airport,KUL,2024-07-06 19:50,130,THAI,Business Class,1255,980.0,True,1406,Y,Y,Y,1,7,2,30,Saturday,False,False,False,Brunei International Airport,BWN
Suvarnabhumi Airport,BKK,2024-07-06 11:15,Singapore Changi Airport,SIN,2024-07-06 14:30,135,THAI,Business Class,680,415.0,,1442,Y,Y,Y,1,7,2,30,Saturday,False,False,False,Brunei International Airport,BWN
Suvarnabhumi Airport,BKK,2024-07-06 19:15,Singapore Changi Airport,SIN,2024-07-06 22:30,135,THAI,Business Class,1085,820.0,True,1442,Y,Y,Y,1,7,2,30,Saturday,False,False,False,Brunei International Airport,BWN
Suvarnabhumi Airport,BKK,2024-07-06 21:25,Singapore Changi Airport,SIN,2024-07-07 00:45,140,Singapore Airlines,Business Class,995,720.0,True,2097,Y,Y,Y,1,7,1,25,Saturday,True,False,False,Brunei International Airport,BWN
Suvarnabhumi Airport,BKK,2024-07-07 21:00,Brunei International Airport,BWN,2024-07-08 00:45,165,Royal Brunei,Business Class,165,,,571,Y,Y,Y,1,12,2,40,Sunday,True,False,True,Brunei International Airport,BWN
Suvarnabhumi Airport,BKK,2024-07-07 06:00,Kuala Lumpur International Airport,KUL,2024-07-07 09:10,130,Malaysia Airlines,Business Class,455,180.0,,1168,Y,Y,Y,1,8,2,23,Sunday,False,False,False,Brunei International Airport,BWN
Suvarnabhumi Airport,BKK,2024-07-07 16:40,Kuala Lumpur International Airport,KUL,2024-07-07 19:50,130,THAI,Business Class,360,85.0,,1567,Y,Y,Y,1,7,2,30,Sunday,False,False,False,Brunei International Airport,BWN
Suvarnabhumi Airport,BKK,2024-07-07 21:15,Singapore Changi Airport,SIN,2024-07-08 00:35,140,Singapore Airlines,Business Class,775,505.0,True,951,Y,Y,Y,1,7,1,25,Sunday,True,False,True,Brunei International Airport,BWN
Suvarnabhumi Airport,BKK,2024-07-07 22:50,Ninoy Aquino International Airport,MNL,2024-07-08 03:15,205,Philippine Airlines,Business Class,1430,1100.0,True,970,Y,Y,Y,1,7,2,32,Sunday,True,False,True,Brunei International Airport,BWN
Suvarnabhumi Airport,BKK,2024-07-07 09:05,Kuala Lumpur International Airport,KUL,2024-07-07 12:15,130,THAI,Business Class,815,540.0,,1430,Y,Y,Y,1,7,2,30,Sunday,False,False,False,Brunei International Airport,BWN
Suvarnabhumi Airport,BKK,2024-07-07 11:15,Singapore Changi Airport,SIN,2024-07-07 14:30,135,THAI,Business Class,685,420.0,,1442,Y,Y,Y,1,7,2,30,Sunday,False,False,False,Brunei International Airport,BWN
Suvarnabhumi Airport,BKK,2024-07-07 14:15,Kuala Lumpur International Airport,KUL,2024-07-07 17:30,135,Malaysia Airlines,Business Class,505,225.0,,1567,Y,Y,Y,1,8,2,23,Sunday,False,False,False,Brunei International Airport,BWN
Suvarnabhumi Airport,BKK,2024-07-08 21:15,Singapore Changi Airport,SIN,2024-07-09 00:35,140,Singapore Airlines,Business Class,775,505.0,True,1083,Y,Y,Y,1,7,1,25,Monday,True,False,False,Brunei International Airport,BWN
Suvarnabhumi Airport,BKK,2024-07-08 06:00,Kuala Lumpur International Airport,KUL,2024-07-08 09:10,130,Malaysia Airlines,Business Class,455,180.0,,1168,Y,Y,Y,1,8,2,23,Monday,False,False,True,Brunei International Airport,BWN
Suvarnabhumi Airport,BKK,2024-07-08 13:30,Ninoy Aquino International Airport,MNL,2024-07-08 17:55,205,Philippine Airlines,Business Class,550,220.0,,1189,Y,Y,Y,1,7,2,32,Monday,False,False,True,Brunei International Airport,BWN
Suvarnabhumi Airport,BKK,2024-07-08 19:15,Singapore Changi Airport,SIN,2024-07-08 22:30,135,THAI,Business Class,1085,820.0,True,1442,Y,Y,Y,1,7,2,30,Monday,False,False,True,Brunei International Airport,BWN
Suvarnabhumi Airport,BKK,2024-07-09 13:30,Brunei International Airport,BWN,2024-07-09 17:15,165,Royal Brunei,Business Class,165,,,571,Y,Y,Y,1,12,2,40,Tuesday,False,False,False,Brunei International Airport,BWN
Suvarnabhumi Airport,BKK,2024-07-09 21:15,Singapore Changi Airport,SIN,2024-07-10 00:35,140,Singapore Airlines,Business Class,1005,730.0,True,785,Y,Y,Y,1,7,1,25,Tuesday,True,False,False,Brunei International Airport,BWN
Suvarnabhumi Airport,BKK,2024-07-09 19:40,Kuala Lumpur International Airport,KUL,2024-07-09 22:50,130,Malaysia Airlines,Business Class,1620,1345.0,True,1179,Y,Y,Y,1,8,2,23,Tuesday,False,False,False,Brunei International Airport,BWN
Suvarnabhumi Airport,BKK,2024-07-09 11:15,Singapore Changi Airport,SIN,2024-07-09 14:30,135,THAI,Business Class,680,415.0,,1442,Y,Y,Y,1,7,2,30,Tuesday,False,False,False,Brunei International Airport,BWN
Suvarnabhumi Airport,BKK,2024-07-09 19:15,Singapore Changi Airport,SIN,2024-07-09 22:30,135,THAI,Business Class,1085,820.0,True,1442,Y,Y,Y,1,7,2,30,Tuesday,False,False,False,Brunei International Airport,BWN
Suvarnabhumi Airport,BKK,2024-07-10 21:00,Brunei International Airport,BWN,2024-07-11 00:45,165,Royal Brunei,Business Class,165,,,571,Y,Y,Y,1,12,2,40,Wednesday,True,False,False,Brunei International Airport,BWN
Suvarnabhumi Airport,BKK,2024-07-10 21:15,Singapore Changi Airport,SIN,2024-07-11 00:35,140,Singapore Airlines,Business Class,775,505.0,True,951,Y,Y,Y,1,7,1,25,Wednesday,True,False,False,Brunei International Airport,BWN
Suvarnabhumi Airport,BKK,2024-07-10 22:50,Ninoy Aquino International Airport,MNL,2024-07-11 03:15,205,Philippine Airlines,Business Class,1430,1100.0,True,970,Y,Y,Y,1,7,2,32,Wednesday,True,False,False,Brunei International Airport,BWN
Suvarnabhumi Airport,BKK,2024-07-10 14:15,Kuala Lumpur International Airport,KUL,2024-07-10 17:30,135,Malaysia Airlines,Business Class,505,225.0,,1168,Y,Y,Y,1,8,2,23,Wednesday,False,False,False,Brunei International Airport,BWN
Suvarnabhumi Airport,BKK,2024-07-10 16:40,Kuala Lumpur International Airport,KUL,2024-07-10 19:50,130,THAI,Business Class,360,85.0,,1395,Y,Y,Y,1,7,2,30,Wednesday,False,False,False,Brunei International Airport,BWN
Suvarnabhumi Airport,BKK,2024-07-11 21:15,Singapore Changi Airport,SIN,2024-07-12 00:35,140,Singapore Airlines,Business Class,1005,730.0,True,785,Y,Y,Y,1,7,1,25,Thursday,True,False,False,Brunei International Airport,BWN
Suvarnabhumi Airport,BKK,2024-07-11 13:30,Ninoy Aquino International Airport,MNL,2024-07-11 17:55,205,Philippine Airlines,Business Class,550,220.0,,970,Y,Y,Y,1,7,2,32,Thursday,False,False,False,Brunei International Airport,BWN
Suvarnabhumi Airport,BKK,2024-07-11 06:00,Kuala Lumpur International Airport,KUL,2024-07-11 09:10,130,Malaysia Airlines,Business Class,455,180.0,,1340,Y,Y,Y,1,8,2,23,Thursday,False,False,False,Brunei International Airport,BWN
Suvarnabhumi Airport,BKK,2024-07-11 14:15,Kuala Lumpur International Airport,KUL,2024-07-11 17:30,135,Malaysia Airlines,Business Class,505,225.0,,1340,Y,Y,Y,1,8,2,23,Thursday,False,False,False,Brunei International Airport,BWN
Suvarnabhumi Airport,BKK,2024-07-11 16:40,Kuala Lumpur International Airport,KUL,2024-07-11 19:50,130,THAI,Business Class,360,85.0,,1567,Y,Y,Y,1,7,2,30,Thursday,False,False,False,Brunei International Airport,BWN
Suvarnabhumi Airport,BKK,2024-07-11 19:40,Kuala Lumpur International Airport,KUL,2024-07-11 22:50,130,Malaysia Airlines,Business Class,1075,800.0,True,1179,Y,Y,Y,1,8,2,23,Thursday,False,False,False,Brunei International Airport,BWN
Suvarnabhumi Airport,BKK,2024-07-11 09:05,Kuala Lumpur International Airport,KUL,2024-07-11 12:15,130,THAI,Business Class,815,540.0,,1335,Y,Y,Y,1,7,2,30,Thursday,False,False,False,Brunei International Airport,BWN
Suvarnabhumi Airport,BKK,2024-07-11 11:15,Singapore Changi Airport,SIN,2024-07-11 14:30,135,THAI,Business Class,685,420.0,,1442,Y,Y,Y,1,7,2,30,Thursday,False,False,False,Brunei International Airport,BWN
Suvarnabhumi Airport,BKK,2024-07-12 21:15,Singapore Changi Airport,SIN,2024-07-13 00:35,140,Singapore Airlines,Business Class,775,505.0,True,951,Y,Y,Y,1,7,1,25,Friday,True,False,False,Brunei International Airport,BWN
Suvarnabhumi Airport,BKK,2024-07-12 13:30,Ninoy Aquino International Airport,MNL,2024-07-12 17:55,205,Philippine Airlines,Business Class,550,220.0,,970,Y,Y,Y,1,7,2,32,Friday,False,False,False,Brunei International Airport,BWN
Suvarnabhumi Airport,BKK,2024-07-12 06:00,Kuala Lumpur International Airport,KUL,2024-07-12 09:10,130,Malaysia Airlines,Business Class,455,180.0,,1168,Y,Y,Y,1,8,2,23,Friday,False,False,False,Brunei International Airport,BWN
Suvarnabhumi Airport,BKK,2024-07-12 14:15,Kuala Lumpur International Airport,KUL,2024-07-12 17:30,135,Malaysia Airlines,Business Class,505,225.0,,1168,Y,Y,Y,1,8,2,23,Friday,False,False,False,Brunei International Airport,BWN
Suvarnabhumi Airport,BKK,2024-07-12 16:40,Kuala Lumpur International Airport,KUL,2024-07-12 19:50,130,THAI,Business Class,360,85.0,,1395,Y,Y,Y,1,7,2,30,Friday,False,False,False,Brunei International Airport,BWN
Suvarnabhumi Airport,BKK,2024-07-12 09:05,Kuala Lumpur International Airport,KUL,2024-07-12 12:15,130,THAI,Business Class,815,540.0,,1335,Y,Y,Y,1,7,2,30,Friday,False,False,False,Brunei International Airport,BWN
Suvarnabhumi Airport,BKK,2024-07-12 19:40,Kuala Lumpur International Airport,KUL,2024-07-12 22:50,130,Malaysia Airlines,Business Class,1075,800.0,True,1351,Y,Y,Y,1,8,2,23,Friday,False,False,False,Brunei International Airport,BWN
Suvarnabhumi Airport,BKK,2024-07-12 11:15,Singapore Changi Airport,SIN,2024-07-12 14:30,135,THAI,Business Class,680,415.0,,1560,Y,Y,Y,1,7,2,30,Friday,False,False,False,Brunei International Airport,BWN
Suvarnabhumi Airport,BKK,2024-07-13 13:30,Brunei International Airport,BWN,2024-07-13 17:15,165,Royal Brunei,Business Class,165,,,571,Y,Y,Y,1,12,2,40,Saturday,False,False,False,Brunei International Airport,BWN
Suvarnabhumi Airport,BKK,2024-07-13 21:25,Singapore Changi Airport,SIN,2024-07-14 00:45,140,Singapore Airlines,Business Class,995,720.0,True,951,Y,Y,Y,1,7,1,25,Saturday,True,False,False,Brunei International Airport,BWN
Suvarnabhumi Airport,BKK,2024-07-13 18:40,Kuala Lumpur International Airport,KUL,2024-07-13 21:55,135,Malaysia Airlines,Business Class,1135,855.0,True,1179,Y,Y,Y,1,8,2,23,Saturday,False,False,False,Brunei International Airport,BWN
Suvarnabhumi Airport,BKK,2024-07-13 06:00,Kuala Lumpur International Airport,KUL,2024-07-13 09:10,130,Malaysia Airlines,Business Class,455,180.0,,1340,Y,Y,Y,1,8,2,23,Saturday,False,False,False,Brunei International Airport,BWN
Suvarnabhumi Airport,BKK,2024-07-13 16:40,Kuala Lumpur International Airport,KUL,2024-07-13 19:50,130,THAI,Business Class,1255,980.0,True,1406,Y,Y,Y,1,7,2,30,Saturday,False,False,False,Brunei International Airport,BWN
Suvarnabhumi Airport,BKK,2024-07-13 19:15,Singapore Changi Airport,SIN,2024-07-13 22:30,135,THAI,Business Class,1085,820.0,True,1442,Y,Y,Y,1,7,2,30,Saturday,False,False,False,Brunei International Airport,BWN
Suvarnabhumi Airport,BKK,2024-07-13 11:15,Singapore Changi Airport,SIN,2024-07-13 14:30,135,THAI,Business Class,680,415.0,,1560,Y,Y,Y,1,7,2,30,Saturday,False,False,False,Brunei International Airport,BWN
Suvarnabhumi Airport,BKK,2024-07-14 21:15,Singapore Changi Airport,SIN,2024-07-15 00:35,140,Singapore Airlines,Business Class,775,505.0,True,951,Y,Y,Y,1,7,1,25,Sunday,True,False,True,Brunei International Airport,BWN
Suvarnabhumi Airport,BKK,2024-07-14 06:00,Kuala Lumpur International Airport,KUL,2024-07-14 09:10,130,Malaysia Airlines,Business Class,455,180.0,,1168,Y,Y,Y,1,8,2,23,Sunday,False,False,False,Brunei International Airport,BWN
Suvarnabhumi Airport,BKK,2024-07-14 16:40,Kuala Lumpur International Airport,KUL,2024-07-14 19:50,130,THAI,Business Class,360,85.0,,1395,Y,Y,Y,1,7,2,30,Sunday,False,False,False,Brunei International Airport,BWN
Suvarnabhumi Airport,BKK,2024-07-14 22:50,Ninoy Aquino International Airport,MNL,2024-07-15 03:15,205,Philippine Airlines,Business Class,1430,1100.0,True,970,Y,Y,Y,1,7,2,32,Sunday,True,False,True,Brunei International Airport,BWN
Suvarnabhumi Airport,BKK,2024-07-14 09:05,Kuala Lumpur International Airport,KUL,2024-07-14 12:15,130,THAI,Business Class,815,540.0,,1335,Y,Y,Y,1,7,2,30,Sunday,False,False,False,Brunei International Airport,BWN
Suvarnabhumi Airport,BKK,2024-07-14 19:40,Kuala Lumpur International Airport,KUL,2024-07-14 22:50,130,Malaysia Airlines,Business Class,1075,800.0,True,1351,Y,Y,Y,1,8,2,23,Sunday,False,False,False,Brunei International Airport,BWN
Suvarnabhumi Airport,BKK,2024-07-14 14:15,Kuala Lumpur International Airport,KUL,2024-07-14 17:30,135,Malaysia Airlines,Business Class,505,225.0,,1395,Y,Y,Y,1,8,2,23,Sunday,False,False,False,Brunei International Airport,BWN
Suvarnabhumi Airport,BKK,2024-07-14 11:15,Singapore Changi Airport,SIN,2024-07-14 14:30,135,THAI,Business Class,685,420.0,,1442,Y,Y,Y,1,7,2,30,Sunday,False,False,False,Brunei International Airport,BWN
Suvarnabhumi Airport,BKK,2024-07-15 21:15,Singapore Changi Airport,SIN,2024-07-16 00:35,140,Singapore Airlines,Business Class,775,505.0,True,951,Y,Y,Y,1,7,1,25,Monday,True,False,False,Brunei International Airport,BWN
Suvarnabhumi Airport,BKK,2024-07-15 13:30,Ninoy Aquino International Airport,MNL,2024-07-15 17:55,205,Philippine Airlines,Business Class,550,220.0,,970,Y,Y,Y,1,7,2,32,Monday,False,False,True,Brunei International Airport,BWN
Suvarnabhumi Airport,BKK,2024-07-15 06:00,Kuala Lumpur International Airport,KUL,2024-07-15 09:10,130,Malaysia Airlines,Business Class,455,180.0,,1340,Y,Y,Y,1,8,2,23,Monday,False,False,True,Brunei International Airport,BWN
Suvarnabhumi Airport,BKK,2024-07-15 19:40,Kuala Lumpur International Airport,KUL,2024-07-15 22:50,130,Malaysia Airlines,Business Class,1620,1345.0,True,1179,Y,Y,Y,1,8,2,23,Monday,False,False,True,Brunei International Airport,BWN
Suvarnabhumi Airport,BKK,2024-07-15 16:40,Kuala Lumpur International Airport,KUL,2024-07-15 19:50,130,THAI,Business Class,1800,1525.0,True,1352,Y,Y,Y,1,7,2,30,Monday,False,False,True,Brunei International Airport,BWN
Suvarnabhumi Airport,BKK,2024-07-15 19:15,Singapore Changi Airport,SIN,2024-07-15 22:30,135,THAI,Business Class,1085,820.0,True,1442,Y,Y,Y,1,7,2,30,Monday,False,False,True,Brunei International Airport,BWN
Suvarnabhumi Airport,BKK,2024-07-16 21:15,Singapore Changi Airport,SIN,2024-07-17 00:35,140,Singapore Airlines,Business Class,1005,730.0,True,785,Y,Y,Y,1,7,1,25,Tuesday,True,False,False,Brunei International Airport,BWN
Suvarnabhumi Airport,BKK,2024-07-16 14:15,Kuala Lumpur International Airport,KUL,2024-07-16 17:30,135,Malaysia Airlines,Business Class,505,225.0,,1168,Y,Y,Y,1,8,2,23,Tuesday,False,False,False,Brunei International Airport,BWN
Suvarnabhumi Airport,BKK,2024-07-16 16:40,Kuala Lumpur International Airport,KUL,2024-07-16 19:50,130,THAI,Business Class,360,85.0,,1395,Y,Y,Y,1,7,2,30,Tuesday,False,False,False,Brunei International Airport,BWN
Suvarnabhumi Airport,BKK,2024-07-16 19:40,Kuala Lumpur International Airport,KUL,2024-07-16 22:50,130,Malaysia Airlines,Business Class,1620,1345.0,True,1179,Y,Y,Y,1,8,2,23,Tuesday,False,False,False,Brunei International Airport,BWN
Suvarnabhumi Airport,BKK,2024-07-16 09:05,Kuala Lumpur International Airport,KUL,2024-07-16 12:15,130,THAI,Business Class,815,540.0,,1335,Y,Y,Y,1,7,2,30,Tuesday,False,False,False,Brunei International Airport,BWN
Suvarnabhumi Airport,BKK,2024-07-16 11:15,Singapore Changi Airport,SIN,2024-07-16 14:30,135,THAI,Business Class,680,415.0,,1442,Y,Y,Y,1,7,2,30,Tuesday,False,False,False,Brunei International Airport,BWN
Suvarnabhumi Airport,BKK,2024-07-16 19:15,Singapore Changi Airport,SIN,2024-07-16 22:30,135,THAI,Business Class,1085,820.0,True,1442,Y,Y,Y,1,7,2,30,Tuesday,False,False,False,Brunei International Airport,BWN
Suvarnabhumi Airport,BKK,2024-07-17 21:15,Singapore Changi Airport,SIN,2024-07-18 00:35,140,Singapore Airlines,Business Class,775,505.0,True,951,Y,Y,Y,1,7,1,25,Wednesday,True,False,False,Brunei International Airport,BWN
Suvarnabhumi Airport,BKK,2024-07-17 14:15,Kuala Lumpur International Airport,KUL,2024-07-17 17:30,135,Malaysia Airlines,Business Class,505,225.0,,1395,Y,Y,Y,1,8,2,23,Wednesday,False,False,False,Brunei International Airport,BWN
Suvarnabhumi Airport,BKK,2024-07-17 16:40,Kuala Lumpur International Airport,KUL,2024-07-17 19:50,130,THAI,Business Class,360,85.0,,1395,Y,Y,Y,1,7,2,30,Wednesday,False,False,False,Brunei International Airport,BWN
Suvarnabhumi Airport,BKK,2024-07-17 22:50,Ninoy Aquino International Airport,MNL,2024-07-18 03:15,205,Philippine Airlines,Business Class,1430,1100.0,True,970,Y,Y,Y,1,7,2,32,Wednesday,True,False,False,Brunei International Airport,BWN
Suvarnabhumi Airport,BKK,2024-07-17 11:05,Kuala Lumpur International Airport,KUL,2024-07-17 14:15,130,Malaysia Airlines,Business Class,695,420.0,,1168,Y,Y,Y,1,8,2,23,Wednesday,False,False,False,Brunei International Airport,BWN
Suvarnabhumi Airport,BKK,2024-07-17 19:40,Kuala Lumpur International Airport,KUL,2024-07-17 22:50,130,Malaysia Airlines,Business Class,1075,800.0,True,1179,Y,Y,Y,1,8,2,23,Wednesday,False,False,False,Brunei International Airport,BWN
Suvarnabhumi Airport,BKK,2024-07-17 09:05,Kuala Lumpur International Airport,KUL,2024-07-17 12:15,130,THAI,Business Class,815,540.0,,1395,Y,Y,Y,1,7,2,30,Wednesday,False,False,False,Brunei International Airport,BWN
Suvarnabhumi Airport,BKK,2024-07-17 19:15,Singapore Changi Airport,SIN,2024-07-17 22:30,135,THAI,Business Class,1645,1380.0,True,1442,Y,Y,Y,1,7,2,30,Wednesday,False,False,False,Brunei International Airport,BWN
Suvarnabhumi Airport,BKK,2024-07-18 21:15,Singapore Changi Airport,SIN,2024-07-19 00:35,140,Singapore Airlines,Business Class,1005,730.0,True,951,Y,Y,Y,1,7,1,25,Thursday,True,False,False,Brunei International Airport,BWN
Suvarnabhumi Airport,BKK,2024-07-18 13:30,Ninoy Aquino International Airport,MNL,2024-07-18 17:55,205,Philippine Airlines,Business Class,550,220.0,,970,Y,Y,Y,1,7,2,32,Thursday,False,False,False,Brunei International Airport,BWN
Suvarnabhumi Airport,BKK,2024-07-18 06:00,Kuala Lumpur International Airport,KUL,2024-07-18 09:10,130,Malaysia Airlines,Business Class,455,180.0,,1168,Y,Y,Y,1,8,2,23,Thursday,False,False,False,Brunei International Airport,BWN
Suvarnabhumi Airport,BKK,2024-07-18 14:15,Kuala Lumpur International Airport,KUL,2024-07-18 17:30,135,Malaysia Airlines,Business Class,505,225.0,,1168,Y,Y,Y,1,8,2,23,Thursday,False,False,False,Brunei International Airport,BWN
Suvarnabhumi Airport,BKK,2024-07-18 16:40,Kuala Lumpur International Airport,KUL,2024-07-18 19:50,130,THAI,Business Class,360,85.0,,1395,Y,Y,Y,1,7,2,30,Thursday,False,False,False,Brunei International Airport,BWN
Suvarnabhumi Airport,BKK,2024-07-18 22:50,Ninoy Aquino International Airport,MNL,2024-07-19 03:15,205,Philippine Airlines,Business Class,1430,1100.0,True,970,Y,Y,Y,1,7,2,32,Thursday,True,False,False,Brunei International Airport,BWN
Suvarnabhumi Airport,BKK,2024-07-18 19:40,Kuala Lumpur International Airport,KUL,2024-07-18 22:50,130,Malaysia Airlines,Business Class,1075,800.0,True,1179,Y,Y,Y,1,8,2,23,Thursday,False,False,False,Brunei International Airport,BWN
Suvarnabhumi Airport,BKK,2024-07-18 16:40,Kuala Lumpur International Airport,KUL,2024-07-18 19:50,130,THAI,Business Class,1255,980.0,True,1346,Y,Y,Y,1,7,2,30,Thursday,False,False,False,Brunei International Airport,BWN
Suvarnabhumi Airport,BKK,2024-07-18 11:15,Singapore Changi Airport,SIN,2024-07-18 14:30,135,THAI,Business Class,685,420.0,,1442,Y,Y,Y,1,7,2,30,Thursday,False,False,False,Brunei International Airport,BWN
Suvarnabhumi Airport,BKK,2024-07-18 19:15,Singapore Changi Airport,SIN,2024-07-18 22:30,135,THAI,Business Class,1085,820.0,True,1442,Y,Y,Y,1,7,2,30,Thursday,False,False,False,Brunei International Airport,BWN
Suvarnabhumi Airport,BKK,2024-07-19 21:15,Singapore Changi Airport,SIN,2024-07-20 00:35,140,Singapore Airlines,Business Class,775,505.0,True,785,Y,Y,Y,1,7,1,25,Friday,True,False,False,Brunei International Airport,BWN
Suvarnabhumi Airport,BKK,2024-07-19 13:30,Ninoy Aquino International Airport,MNL,2024-07-19 17:55,205,Philippine Airlines,Business Class,550,220.0,,970,Y,Y,Y,1,7,2,32,Friday,False,False,False,Brunei International Airport,BWN
Suvarnabhumi Airport,BKK,2024-07-19 06:00,Kuala Lumpur International Airport,KUL,2024-07-19 09:10,130,Malaysia Airlines,Business Class,455,180.0,,1168,Y,Y,Y,1,8,2,23,Friday,False,False,False,Brunei International Airport,BWN
Suvarnabhumi Airport,BKK,2024-07-19 16:40,Kuala Lumpur International Airport,KUL,2024-07-19 19:50,130,THAI,Business Class,360,85.0,,1395,Y,Y,Y,1,7,2,30,Friday,False,False,False,Brunei International Airport,BWN
Suvarnabhumi Airport,BKK,2024-07-19 11:05,Kuala Lumpur International Airport,KUL,2024-07-19 14:15,130,Malaysia Airlines,Business Class,695,420.0,,1168,Y,Y,Y,1,8,2,23,Friday,False,False,False,Brunei International Airport,BWN
Suvarnabhumi Airport,BKK,2024-07-19 19:40,Kuala Lumpur International Airport,KUL,2024-07-19 22:50,130,Malaysia Airlines,Business Class,1075,800.0,True,1179,Y,Y,Y,1,8,2,23,Friday,False,False,False,Brunei International Airport,BWN
Suvarnabhumi Airport,BKK,2024-07-19 14:15,Kuala Lumpur International Airport,KUL,2024-07-19 17:30,135,Malaysia Airlines,Business Class,505,225.0,,1395,Y,Y,Y,1,8,2,23,Friday,False,False,False,Brunei International Airport,BWN
Suvarnabhumi Airport,BKK,2024-07-19 11:15,Singapore Changi Airport,SIN,2024-07-19 14:30,135,THAI,Business Class,680,415.0,,1560,Y,Y,Y,1,7,2,30,Friday,False,False,False,Brunei International Airport,BWN
Suvarnabhumi Airport,BKK,2024-07-20 21:25,Singapore Changi Airport,SIN,2024-07-21 00:45,140,Singapore Airlines,Business Class,995,720.0,True,1083,Y,Y,Y,1,7,1,25,Saturday,True,True,False,Brunei International Airport,BWN
Suvarnabhumi Airport,BKK,2024-07-20 06:00,Kuala Lumpur International Airport,KUL,2024-07-20 09:10,130,Malaysia Airlines,Business Class,455,180.0,,1168,Y,Y,Y,1,8,2,23,Saturday,False,True,False,Brunei International Airport,BWN
Suvarnabhumi Airport,BKK,2024-07-20 18:40,Kuala Lumpur International Airport,KUL,2024-07-20 21:55,135,Malaysia Airlines,Business Class,1135,855.0,True,1179,Y,Y,Y,1,8,2,23,Saturday,False,True,False,Brunei International Airport,BWN
Suvarnabhumi Airport,BKK,2024-07-20 16:40,Kuala Lumpur International Airport,KUL,2024-07-20 19:50,130,THAI,Business Class,1255,980.0,True,1346,Y,Y,Y,1,7,2,30,Saturday,False,True,False,Brunei International Airport,BWN
Suvarnabhumi Airport,BKK,2024-07-20 11:15,Singapore Changi Airport,SIN,2024-07-20 14:30,135,THAI,Business Class,680,415.0,,1442,Y,Y,Y,1,7,2,30,Saturday,False,True,False,Brunei International Airport,BWN
Suvarnabhumi Airport,BKK,2024-07-20 19:15,Singapore Changi Airport,SIN,2024-07-20 22:30,135,THAI,Business Class,1085,820.0,True,1442,Y,Y,Y,1,7,2,30,Saturday,False,True,False,Brunei International Airport,BWN
Suvarnabhumi Airport,BKK,2024-07-21 21:00,Brunei International Airport,BWN,2024-07-22 00:45,165,Royal Brunei,Business Class,165,,,629,Y,Y,Y,1,12,2,40,Sunday,True,False,False,Brunei International Airport,BWN
Suvarnabhumi Airport,BKK,2024-07-21 06:00,Kuala Lumpur International Airport,KUL,2024-07-21 09:10,130,Malaysia Airlines,Business Class,455,180.0,,1168,Y,Y,Y,1,8,2,23,Sunday,False,False,False,Brunei International Airport,BWN
Suvarnabhumi Airport,BKK,2024-07-21 16:40,Kuala Lumpur International Airport,KUL,2024-07-21 19:50,130,THAI,Business Class,360,85.0,,1567,Y,Y,Y,1,7,2,30,Sunday,False,False,False,Brunei International Airport,BWN
Suvarnabhumi Airport,BKK,2024-07-21 21:15,Singapore Changi Airport,SIN,2024-07-22 00:35,140,Singapore Airlines,Business Class,775,505.0,True,866,Y,Y,Y,1,7,1,25,Sunday,True,False,False,Brunei International Airport,BWN
Suvarnabhumi Airport,BKK,2024-07-21 22:50,Ninoy Aquino International Airport,MNL,2024-07-22 03:15,205,Philippine Airlines,Business Class,1430,1100.0,True,970,Y,Y,Y,1,7,2,32,Sunday,True,False,False,Brunei International Airport,BWN
Suvarnabhumi Airport,BKK,2024-07-21 09:05,Kuala Lumpur International Airport,KUL,2024-07-21 12:15,130,THAI,Business Class,815,540.0,,1335,Y,Y,Y,1,7,2,30,Sunday,False,False,False,Brunei International Airport,BWN
Suvarnabhumi Airport,BKK,2024-07-21 11:05,Kuala Lumpur International Airport,KUL,2024-07-21 14:15,130,Malaysia Airlines,Business Class,695,420.0,,1340,Y,Y,Y,1,8,2,23,Sunday,False,False,False,Brunei International Airport,BWN
Suvarnabhumi Airport,BKK,2024-07-21 11:15,Singapore Changi Airport,SIN,2024-07-21 14:30,135,THAI,Business Class,685,420.0,,1442,Y,Y,Y,1,7,2,30,Sunday,False,False,False,Brunei International Airport,BWN
Suvarnabhumi Airport,BKK,2024-07-21 14:15,Kuala Lumpur International Airport,KUL,2024-07-21 17:30,135,Malaysia Airlines,Business Class,505,225.0,,1567,Y,Y,Y,1,8,2,23,Sunday,False,False,False,Brunei International Airport,BWN
Suvarnabhumi Airport,BKK,2024-07-22 13:30,Ninoy Aquino International Airport,MNL,2024-07-22 17:55,205,Philippine Airlines,Business Class,550,220.0,,970,Y,Y,Y,1,7,2,32,Monday,False,True,False,Brunei International Airport,BWN
Suvarnabhumi Airport,BKK,2024-07-22 21:15,Singapore Changi Airport,SIN,2024-07-23 00:35,140,Singapore Airlines,Business Class,775,505.0,True,1083,Y,Y,Y,1,7,1,25,Monday,True,True,False,Brunei International Airport,BWN
Suvarnabhumi Airport,BKK,2024-07-22 06:00,Kuala Lumpur International Airport,KUL,2024-07-22 09:10,130,Malaysia Airlines,Business Class,455,180.0,,1340,Y,Y,Y,1,8,2,23,Monday,False,True,False,Brunei International Airport,BWN
Suvarnabhumi Airport,BKK,2024-07-22 19:40,Kuala Lumpur International Airport,KUL,2024-07-22 22:50,130,Malaysia Airlines,Business Class,1620,1345.0,True,1179,Y,Y,Y,1,8,2,23,Monday,False,True,False,Brunei International Airport,BWN
Suvarnabhumi Airport,BKK,2024-07-22 16:40,Kuala Lumpur International Airport,KUL,2024-07-22 19:50,130,THAI,Business Class,1800,1525.0,True,1352,Y,Y,Y,1,7,2,30,Monday,False,True,False,Brunei International Airport,BWN
Suvarnabhumi Airport,BKK,2024-07-22 19:15,Singapore Changi Airport,SIN,2024-07-22 22:30,135,THAI,Business Class,1085,820.0,True,1442,Y,Y,Y,1,7,2,30,Monday,False,True,False,Brunei International Airport,BWN
Suvarnabhumi Airport,BKK,2024-07-23 13:30,Brunei International Airport,BWN,2024-07-23 17:15,165,Royal Brunei,Business Class,165,,,629,Y,Y,Y,1,12,2,40,Tuesday,False,False,False,Brunei International Airport,BWN
Suvarnabhumi Airport,BKK,2024-07-23 21:15,Singapore Changi Airport,SIN,2024-07-24 00:35,140,Singapore Airlines,Business Class,1005,730.0,True,951,Y,Y,Y,1,7,1,25,Tuesday,True,False,False,Brunei International Airport,BWN
Suvarnabhumi Airport,BKK,2024-07-23 14:15,Kuala Lumpur International Airport,KUL,2024-07-23 17:30,135,Malaysia Airlines,Business Class,505,225.0,,1168,Y,Y,Y,1,8,2,23,Tuesday,False,False,False,Brunei International Airport,BWN
Suvarnabhumi Airport,BKK,2024-07-23 19:40,Kuala Lumpur International Airport,KUL,2024-07-23 22:50,130,Malaysia Airlines,Business Class,1620,1345.0,True,1179,Y,Y,Y,1,8,2,23,Tuesday,False,False,False,Brunei International Airport,BWN
Suvarnabhumi Airport,BKK,2024-07-23 16:40,Kuala Lumpur International Airport,KUL,2024-07-23 19:50,130,THAI,Business Class,360,85.0,,1395,Y,Y,Y,1,7,2,30,Tuesday,False,False,False,Brunei International Airport,BWN
Suvarnabhumi Airport,BKK,2024-07-23 11:15,Singapore Changi Airport,SIN,2024-07-23 14:30,135,THAI,Business Class,680,415.0,,1442,Y,Y,Y,1,7,2,30,Tuesday,False,False,False,Brunei International Airport,BWN
Suvarnabhumi Airport,BKK,2024-07-23 19:15,Singapore Changi Airport,SIN,2024-07-23 22:30,135,THAI,Business Class,1085,820.0,True,1442,Y,Y,Y,1,7,2,30,Tuesday,False,False,False,Brunei International Airport,BWN
Suvarnabhumi Airport,BKK,2024-07-24 21:00,Brunei International Airport,BWN,2024-07-25 00:45,165,Royal Brunei,Business Class,165,,,571,Y,Y,Y,1,12,2,40,Wednesday,True,False,False,Brunei International Airport,BWN
Suvarnabhumi Airport,BKK,2024-07-24 21:15,Singapore Changi Airport,SIN,2024-07-25 00:35,140,Singapore Airlines,Business Class,775,505.0,True,785,Y,Y,Y,1,7,1,25,Wednesday,True,False,False,Brunei International Airport,BWN
Suvarnabhumi Airport,BKK,2024-07-24 22:50,Ninoy Aquino International Airport,MNL,2024-07-25 03:15,205,Philippine Airlines,Business Class,1430,1100.0,True,970,Y,Y,Y,1,7,2,32,Wednesday,True,False,False,Brunei International Airport,BWN
Suvarnabhumi Airport,BKK,2024-07-24 14:15,Kuala Lumpur International Airport,KUL,2024-07-24 17:30,135,Malaysia Airlines,Business Class,505,225.0,,1168,Y,Y,Y,1,8,2,23,Wednesday,False,False,False,Brunei International Airport,BWN
Suvarnabhumi Airport,BKK,2024-07-24 09:05,Kuala Lumpur International Airport,KUL,2024-07-24 12:15,130,THAI,Business Class,815,540.0,,1335,Y,Y,Y,1,7,2,30,Wednesday,False,False,False,Brunei International Airport,BWN
Suvarnabhumi Airport,BKK,2024-07-24 16:40,Kuala Lumpur International Airport,KUL,2024-07-24 19:50,130,THAI,Business Class,360,85.0,,1395,Y,Y,Y,1,7,2,30,Wednesday,False,False,False,Brunei International Airport,BWN
Suvarnabhumi Airport,BKK,2024-07-25 21:15,Singapore Changi Airport,SIN,2024-07-26 00:35,140,Singapore Airlines,Business Class,1005,730.0,True,785,Y,Y,Y,1,7,1,25,Thursday,True,False,False,Brunei International Airport,BWN
Suvarnabhumi Airport,BKK,2024-07-25 13:30,Ninoy Aquino International Airport,MNL,2024-07-25 17:55,205,Philippine Airlines,Business Class,550,220.0,,970,Y,Y,Y,1,7,2,32,Thursday,False,False,False,Brunei International Airport,BWN
Suvarnabhumi Airport,BKK,2024-07-25 06:00,Kuala Lumpur International Airport,KUL,2024-07-25 09:10,130,Malaysia Airlines,Business Class,455,180.0,,1168,Y,Y,Y,1,8,2,23,Thursday,False,False,False,Brunei International Airport,BWN
Suvarnabhumi Airport,BKK,2024-07-25 16:40,Kuala Lumpur International Airport,KUL,2024-07-25 19:50,130,THAI,Business Class,360,85.0,,1567,Y,Y,Y,1,7,2,30,Thursday,False,False,False,Brunei International Airport,BWN
Suvarnabhumi Airport,BKK,2024-07-25 19:40,Kuala Lumpur International Airport,KUL,2024-07-25 22:50,130,Malaysia Airlines,Business Class,1075,800.0,True,1179,Y,Y,Y,1,8,2,23,Thursday,False,False,False,Brunei International Airport,BWN
Suvarnabhumi Airport,BKK,2024-07-25 11:05,Kuala Lumpur International Airport,KUL,2024-07-25 14:15,130,Malaysia Airlines,Business Class,695,420.0,,1340,Y,Y,Y,1,8,2,23,Thursday,False,False,False,Brunei International Airport,BWN
Suvarnabhumi Airport,BKK,2024-07-25 16:40,Kuala Lumpur International Airport,KUL,2024-07-25 19:50,130,THAI,Business Class,1255,980.0,True,1346,Y,Y,Y,1,7,2,30,Thursday,False,False,False,Brunei International Airport,BWN
Suvarnabhumi Airport,BKK,2024-07-25 11:15,Singapore Changi Airport,SIN,2024-07-25 14:30,135,THAI,Business Class,685,420.0,,1442,Y,Y,Y,1,7,2,30,Thursday,False,False,False,Brunei International Airport,BWN
Suvarnabhumi Airport,BKK,2024-07-25 14:15,Kuala Lumpur International Airport,KUL,2024-07-25 17:30,135,Malaysia Airlines,Business Class,505,225.0,,1567,Y,Y,Y,1,8,2,23,Thursday,False,False,False,Brunei International Airport,BWN
Suvarnabhumi Airport,BKK,2024-07-26 21:15,Singapore Changi Airport,SIN,2024-07-27 00:35,140,Singapore Airlines,Business Class,775,505.0,True,785,Y,Y,Y,1,7,1,25,Friday,True,False,False,Brunei International Airport,BWN
Suvarnabhumi Airport,BKK,2024-07-26 06:00,Kuala Lumpur International Airport,KUL,2024-07-26 09:10,130,Malaysia Airlines,Business Class,455,180.0,,1168,Y,Y,Y,1,8,2,23,Friday,False,False,False,Brunei International Airport,BWN
Suvarnabhumi Airport,BKK,2024-07-26 14:15,Kuala Lumpur International Airport,KUL,2024-07-26 17:30,135,Malaysia Airlines,Business Class,505,225.0,,1168,Y,Y,Y,1,8,2,23,Friday,False,False,False,Brunei International Airport,BWN
Suvarnabhumi Airport,BKK,2024-07-26 13:30,Ninoy Aquino International Airport,MNL,2024-07-26 17:55,205,Philippine Airlines,Business Class,550,220.0,,1278,Y,Y,Y,1,7,2,32,Friday,False,False,False,Brunei International Airport,BWN
Suvarnabhumi Airport,BKK,2024-07-26 16:40,Kuala Lumpur International Airport,KUL,2024-07-26 19:50,130,THAI,Business Class,360,85.0,,1395,Y,Y,Y,1,7,2,30,Friday,False,False,False,Brunei International Airport,BWN
Suvarnabhumi Airport,BKK,2024-07-26 19:40,Kuala Lumpur International Airport,KUL,2024-07-26 22:50,130,Malaysia Airlines,Business Class,1075,800.0,True,1179,Y,Y,Y,1,8,2,23,Friday,False,False,False,Brunei International Airport,BWN
Suvarnabhumi Airport,BKK,2024-07-26 09:05,Kuala Lumpur International Airport,KUL,2024-07-26 12:15,130,THAI,Business Class,815,540.0,,1335,Y,Y,Y,1,7,2,30,Friday,False,False,False,Brunei International Airport,BWN
Suvarnabhumi Airport,BKK,2024-07-26 16:40,Kuala Lumpur International Airport,KUL,2024-07-26 19:50,130,THAI,Business Class,1255,980.0,True,1346,Y,Y,Y,1,7,2,30,Friday,False,False,False,Brunei International Airport,BWN
Suvarnabhumi Airport,BKK,2024-07-27 13:30,Brunei International Airport,BWN,2024-07-27 17:15,165,Royal Brunei,Business Class,165,,,571,Y,Y,Y,1,12,2,40,Saturday,False,False,False,Brunei International Airport,BWN
Suvarnabhumi Airport,BKK,2024-07-27 06:00,Kuala Lumpur International Airport,KUL,2024-07-27 09:10,130,Malaysia Airlines,Business Class,455,180.0,,1168,Y,Y,Y,1,8,2,23,Saturday,False,False,False,Brunei International Airport,BWN
Suvarnabhumi Airport,BKK,2024-07-27 21:25,Singapore Changi Airport,SIN,2024-07-28 00:45,140,Singapore Airlines,Business Class,995,720.0,True,951,Y,Y,Y,1,7,1,25,Saturday,True,False,False,Brunei International Airport,BWN
Suvarnabhumi Airport,BKK,2024-07-27 17:15,Kuala Lumpur International Airport,KUL,2024-07-27 20:30,135,Malaysia Airlines,Business Class,1220,940.0,True,1179,Y,Y,Y,1,8,2,23,Saturday,False,False,False,Brunei International Airport,BWN
Suvarnabhumi Airport,BKK,2024-07-27 16:40,Kuala Lumpur International Airport,KUL,2024-07-27 19:50,130,THAI,Business Class,1255,980.0,True,1346,Y,Y,Y,1,7,2,30,Saturday,False,False,False,Brunei International Airport,BWN
Suvarnabhumi Airport,BKK,2024-07-27 18:40,Kuala Lumpur International Airport,KUL,2024-07-27 21:55,135,Malaysia Airlines,Business Class,1135,855.0,True,1406,Y,Y,Y,1,8,2,23,Saturday,False,False,False,Brunei International Airport,BWN
Suvarnabhumi Airport,BKK,2024-07-27 11:15,Singapore Changi Airport,SIN,2024-07-27 14:30,135,THAI,Business Class,680,415.0,,1442,Y,Y,Y,1,7,2,30,Saturday,False,False,False,Brunei International Airport,BWN
Suvarnabhumi Airport,BKK,2024-07-27 19:15,Singapore Changi Airport,SIN,2024-07-27 22:30,135,THAI,Business Class,1085,820.0,True,1442,Y,Y,Y,1,7,2,30,Saturday,False,False,False,Brunei International Airport,BWN
Suvarnabhumi Airport,BKK,2024-07-28 21:00,Brunei International Airport,BWN,2024-07-29 00:45,165,Royal Brunei,Business Class,165,,,629,Y,Y,Y,1,12,2,40,Sunday,True,True,False,Brunei International Airport,BWN
Suvarnabhumi Airport,BKK,2024-07-28 06:00,Kuala Lumpur International Airport,KUL,2024-07-28 09:10,130,Malaysia Airlines,Business Class,455,180.0,,1168,Y,Y,Y,1,8,2,23,Sunday,False,True,False,Brunei International Airport,BWN
Suvarnabhumi Airport,BKK,2024-07-28 16:40,Kuala Lumpur International Airport,KUL,2024-07-28 19:50,130,THAI,Business Class,360,85.0,,1395,Y,Y,Y,1,7,2,30,Sunday,False,True,False,Brunei International Airport,BWN
Suvarnabhumi Airport,BKK,2024-07-28 21:15,Singapore Changi Airport,SIN,2024-07-29 00:35,140,Singapore Airlines,Business Class,775,505.0,True,866,Y,Y,Y,1,7,1,25,Sunday,True,True,False,Brunei International Airport,BWN
Suvarnabhumi Airport,BKK,2024-07-28 22:50,Ninoy Aquino International Airport,MNL,2024-07-29 03:15,205,Philippine Airlines,Business Class,1430,1100.0,True,970,Y,Y,Y,1,7,2,32,Sunday,True,True,False,Brunei International Airport,BWN
Suvarnabhumi Airport,BKK,2024-07-28 14:15,Kuala Lumpur International Airport,KUL,2024-07-28 17:30,135,Malaysia Airlines,Business Class,505,225.0,,1168,Y,Y,Y,1,8,2,23,Sunday,False,True,False,Brunei International Airport,BWN
Suvarnabhumi Airport,BKK,2024-07-28 09:05,Kuala Lumpur International Airport,KUL,2024-07-28 12:15,130,THAI,Business Class,815,540.0,,1335,Y,Y,Y,1,7,2,30,Sunday,False,True,False,Brunei International Airport,BWN
Suvarnabhumi Airport,BKK,2024-07-28 11:15,Singapore Changi Airport,SIN,2024-07-28 14:30,135,THAI,Business Class,685,420.0,,1442,Y,Y,Y,1,7,2,30,Sunday,False,True,False,Brunei International Airport,BWN
Suvarnabhumi Airport,BKK,2024-07-29 21:15,Singapore Changi Airport,SIN,2024-07-30 00:35,140,Singapore Airlines,Business Class,775,505.0,True,752,Y,Y,Y,1,7,1,25,Monday,True,True,False,Brunei International Airport,BWN
Suvarnabhumi Airport,BKK,2024-07-29 13:30,Ninoy Aquino International Airport,MNL,2024-07-29 17:55,205,Philippine Airlines,Business Class,550,220.0,,1016,Y,Y,Y,1,7,2,32,Monday,False,True,False,Brunei International Airport,BWN
Suvarnabhumi Airport,BKK,2024-07-29 06:00,Kuala Lumpur International Airport,KUL,2024-07-29 09:10,130,Malaysia Airlines,Business Class,455,180.0,,1168,Y,Y,Y,1,8,2,23,Monday,False,True,False,Brunei International Airport,BWN
Suvarnabhumi Airport,BKK,2024-07-29 19:40,Kuala Lumpur International Airport,KUL,2024-07-29 22:50,130,Malaysia Airlines,Business Class,1620,1345.0,True,1179,Y,Y,Y,1,8,2,23,Monday,False,True,False,Brunei International Airport,BWN
Suvarnabhumi Airport,BKK,2024-07-29 16:40,Kuala Lumpur International Airport,KUL,2024-07-29 19:50,130,THAI,Business Class,1800,1525.0,True,1413,Y,Y,Y,1,7,2,30,Monday,False,True,False,Brunei International Airport,BWN
Suvarnabhumi Airport,BKK,2024-07-29 19:15,Singapore Changi Airport,SIN,2024-07-29 22:30,135,THAI,Business Class,1085,820.0,True,1442,Y,Y,Y,1,7,2,30,Monday,False,True,False,Brunei International Airport,BWN
Suvarnabhumi Airport,BKK,2024-07-30 13:30,Brunei International Airport,BWN,2024-07-30 17:15,165,Royal Brunei,Business Class,165,,,571,Y,Y,Y,1,12,2,40,Tuesday,False,False,False,Brunei International Airport,BWN
Suvarnabhumi Airport,BKK,2024-07-30 21:15,Singapore Changi Airport,SIN,2024-07-31 00:35,140,Singapore Airlines,Business Class,1005,730.0,True,752,Y,Y,Y,1,7,1,25,Tuesday,True,False,False,Brunei International Airport,BWN
Suvarnabhumi Airport,BKK,2024-07-30 14:15,Kuala Lumpur International Airport,KUL,2024-07-30 17:30,135,Malaysia Airlines,Business Class,505,225.0,,1168,Y,Y,Y,1,8,2,23,Tuesday,False,False,False,Brunei International Airport,BWN
Suvarnabhumi Airport,BKK,2024-07-30 19:40,Kuala Lumpur International Airport,KUL,2024-07-30 22:50,130,Malaysia Airlines,Business Class,1620,1345.0,True,1179,Y,Y,Y,1,8,2,23,Tuesday,False,False,False,Brunei International Airport,BWN
Suvarnabhumi Airport,BKK,2024-07-30 16:40,Kuala Lumpur International Airport,KUL,2024-07-30 19:50,130,THAI,Business Class,360,85.0,,1395,Y,Y,Y,1,7,2,30,Tuesday,False,False,False,Brunei International Airport,BWN
Suvarnabhumi Airport,BKK,2024-07-30 11:15,Singapore Changi Airport,SIN,2024-07-30 14:30,135,THAI,Business Class,680,415.0,,1442,Y,Y,Y,1,7,2,30,Tuesday,False,False,False,Brunei International Airport,BWN
Suvarnabhumi Airport,BKK,2024-07-30 19:15,Singapore Changi Airport,SIN,2024-07-30 22:30,135,THAI,Business Class,1085,820.0,True,1442,Y,Y,Y,1,7,2,30,Tuesday,False,False,False,Brunei International Airport,BWN
Suvarnabhumi Airport,BKK,2024-07-31 21:00,Brunei International Airport,BWN,2024-08-01 00:45,165,Royal Brunei,Business Class,165,,,629,Y,Y,Y,1,12,2,40,Wednesday,True,False,False,Brunei International Airport,BWN
Suvarnabhumi Airport,BKK,2024-07-31 21:15,Singapore Changi Airport,SIN,2024-08-01 00:35,140,Singapore Airlines,Business Class,775,505.0,True,951,Y,Y,Y,1,7,1,25,Wednesday,True,False,False,Brunei International Airport,BWN
Suvarnabhumi Airport,BKK,2024-07-31 22:50,Ninoy Aquino International Airport,MNL,2024-08-01 03:15,205,Philippine Airlines,Business Class,1430,1100.0,True,1096,Y,Y,Y,1,7,2,32,Wednesday,True,False,False,Brunei International Airport,BWN
Suvarnabhumi Airport,BKK,2024-07-31 14:15,Kuala Lumpur International Airport,KUL,2024-07-31 17:30,135,Malaysia Airlines,Business Class,505,225.0,,1168,Y,Y,Y,1,8,2,23,Wednesday,False,False,False,Brunei International Airport,BWN
Suvarnabhumi Airport,BKK,2024-07-31 09:05,Kuala Lumpur International Airport,KUL,2024-07-31 12:15,130,THAI,Business Class,815,540.0,,1335,Y,Y,Y,1,7,2,30,Wednesday,False,False,False,Brunei International Airport,BWN
Suvarnabhumi Airport,BKK,2024-07-31 16:40,Kuala Lumpur International Airport,KUL,2024-07-31 19:50,130,THAI,Business Class,360,85.0,,1395,Y,Y,Y,1,7,2,30,Wednesday,False,False,False,Brunei International Airport,BWN
Suvarnabhumi Airport,BKK,2024-08-01 21:15,Singapore Changi Airport,SIN,2024-08-02 00:35,140,Singapore Airlines,Business Class,1005,730.0,True,970,Y,Y,Y,1,7,1,25,Thursday,True,False,False,Brunei International Airport,BWN
Suvarnabhumi Airport,BKK,2024-08-01 13:30,Ninoy Aquino International Airport,MNL,2024-08-01 17:55,205,Philippine Airlines,Business Class,550,220.0,,1111,Y,Y,Y,1,7,2,32,Thursday,False,False,False,Brunei International Airport,BWN
Suvarnabhumi Airport,BKK,2024-08-01 06:00,Kuala Lumpur International Airport,KUL,2024-08-01 09:10,130,Malaysia Airlines,Business Class,455,180.0,,1182,Y,Y,Y,1,8,2,23,Thursday,False,False,False,Brunei International Airport,BWN
Suvarnabhumi Airport,BKK,2024-08-01 16:40,Kuala Lumpur International Airport,KUL,2024-08-01 19:50,130,THAI,Business Class,360,85.0,,1425,Y,Y,Y,1,7,2,30,Thursday,False,False,False,Brunei International Airport,BWN
Suvarnabhumi Airport,BKK,2024-08-01 22:50,Ninoy Aquino International Airport,MNL,2024-08-02 03:15,205,Philippine Airlines,Business Class,1430,1100.0,True,983,Y,Y,Y,1,7,2,32,Thursday,True,False,False,Brunei International Airport,BWN
Suvarnabhumi Airport,BKK,2024-08-01 19:40,Kuala Lumpur International Airport,KUL,2024-08-01 22:50,130,Malaysia Airlines,Business Class,1620,1345.0,True,1194,Y,Y,Y,1,8,2,23,Thursday,False,False,False,Brunei International Airport,BWN
Suvarnabhumi Airport,BKK,2024-08-01 09:05,Kuala Lumpur International Airport,KUL,2024-08-01 12:15,130,THAI,Business Class,815,540.0,,1425,Y,Y,Y,1,7,2,30,Thursday,False,False,False,Brunei International Airport,BWN
Suvarnabhumi Airport,BKK,2024-08-01 14:15,Kuala Lumpur International Airport,KUL,2024-08-01 17:30,135,Malaysia Airlines,Business Class,505,225.0,,1425,Y,Y,Y,1,8,2,23,Thursday,False,False,False,Brunei International Airport,BWN
Suvarnabhumi Airport,BKK,2024-08-01 19:15,Singapore Changi Airport,SIN,2024-08-01 22:30,135,THAI,Business Class,1085,820.0,True,1466,Y,Y,Y,1,7,2,30,Thursday,False,False,False,Brunei International Airport,BWN
Suvarnabhumi Airport,BKK,2024-08-01 11:15,Singapore Changi Airport,SIN,2024-08-01 14:30,135,THAI,Business Class,685,420.0,,1650,Y,Y,Y,1,7,2,30,Thursday,False,False,False,Brunei International Airport,BWN
Suvarnabhumi Airport,BKK,2024-08-02 21:15,Singapore Changi Airport,SIN,2024-08-03 00:35,140,Singapore Airlines,Business Class,775,505.0,True,801,Y,Y,Y,1,7,1,25,Friday,True,False,False,Brunei International Airport,BWN
Suvarnabhumi Airport,BKK,2024-08-02 13:30,Ninoy Aquino International Airport,MNL,2024-08-02 17:55,205,Philippine Airlines,Business Class,550,220.0,,983,Y,Y,Y,1,7,2,32,Friday,False,False,False,Brunei International Airport,BWN
Suvarnabhumi Airport,BKK,2024-08-02 14:25,Kuala Lumpur International Airport,KUL,2024-08-02 17:40,135,Malaysia Airlines,Business Class,495,215.0,,1182,Y,Y,Y,1,8,2,23,Friday,False,False,False,Brunei International Airport,BWN
Suvarnabhumi Airport,BKK,2024-08-02 16:40,Kuala Lumpur International Airport,KUL,2024-08-02 19:50,130,THAI,Business Class,1255,980.0,True,1368,Y,Y,Y,1,7,2,30,Friday,False,False,False,Brunei International Airport,BWN
Suvarnabhumi Airport,BKK,2024-08-02 19:40,Kuala Lumpur International Airport,KUL,2024-08-02 22:50,130,Malaysia Airlines,Business Class,1075,800.0,True,1370,Y,Y,Y,1,8,2,23,Friday,False,False,False,Brunei International Airport,BWN
Suvarnabhumi Airport,BKK,2024-08-02 16:40,Kuala Lumpur International Airport,KUL,2024-08-02 19:50,130,THAI,Business Class,360,85.0,,1425,Y,Y,Y,1,7,2,30,Friday,False,False,False,Brunei International Airport,BWN
Suvarnabhumi Airport,BKK,2024-08-02 11:15,Singapore Changi Airport,SIN,2024-08-02 14:30,135,THAI,Business Class,680,415.0,,1466,Y,Y,Y,1,7,2,30,Friday,False,False,False,Brunei International Airport,BWN
Suvarnabhumi Airport,BKK,2024-08-03 13:30,Brunei International Airport,BWN,2024-08-03 17:15,165,Royal Brunei,Business Class,165,,,583,Y,Y,Y,1,12,2,40,Saturday,False,False,False,Brunei International Airport,BWN
Suvarnabhumi Airport,BKK,2024-08-03 06:00,Kuala Lumpur International Airport,KUL,2024-08-03 09:10,130,Malaysia Airlines,Business Class,455,180.0,,1358,Y,Y,Y,1,8,2,23,Saturday,False,False,False,Brunei International Airport,BWN
Suvarnabhumi Airport,BKK,2024-08-03 21:25,Singapore Changi Airport,SIN,2024-08-04 00:45,140,Singapore Airlines,Business Class,995,720.0,True,970,Y,Y,Y,1,7,1,25,Saturday,True,False,False,Brunei International Airport,BWN
Suvarnabhumi Airport,BKK,2024-08-03 19:40,Kuala Lumpur International Airport,KUL,2024-08-03 22:50,130,Malaysia Airlines,Business Class,1620,1345.0,True,1194,Y,Y,Y,1,8,2,23,Saturday,False,False,False,Brunei International Airport,BWN
Suvarnabhumi Airport,BKK,2024-08-03 16:40,Kuala Lumpur International Airport,KUL,2024-08-03 19:50,130,THAI,Business Class,1255,980.0,True,1368,Y,Y,Y,1,7,2,30,Saturday,False,False,False,Brunei International Airport,BWN
Suvarnabhumi Airport,BKK,2024-08-03 19:40,Kuala Lumpur International Airport,KUL,2024-08-03 22:50,130,Malaysia Airlines,Business Class,1075,800.0,True,1370,Y,Y,Y,1,8,2,23,Saturday,False,False,False,Brunei International Airport,BWN
Suvarnabhumi Airport,BKK,2024-08-03 11:15,Singapore Changi Airport,SIN,2024-08-03 14:30,135,THAI,Business Class,680,415.0,,1466,Y,Y,Y,1,7,2,30,Saturday,False,False,False,Brunei International Airport,BWN
Suvarnabhumi Airport,BKK,2024-08-03 19:15,Singapore Changi Airport,SIN,2024-08-03 22:30,135,THAI,Business Class,1085,820.0,True,1466,Y,Y,Y,1,7,2,30,Saturday,False,False,False,Brunei International Airport,BWN
Suvarnabhumi Airport,BKK,2024-08-04 21:00,Brunei International Airport,BWN,2024-08-05 00:45,165,Royal Brunei,Business Class,165,,,583,Y,Y,Y,1,12,2,40,Sunday,True,False,False,Brunei International Airport,BWN
Suvarnabhumi Airport,BKK,2024-08-04 22:50,Ninoy Aquino International Airport,MNL,2024-08-05 03:15,205,Philippine Airlines,Business Class,1430,1100.0,True,983,Y,Y,Y,1,7,2,32,Sunday,True,False,False,Brunei International Airport,BWN
Suvarnabhumi Airport,BKK,2024-08-04 14:25,Kuala Lumpur International Airport,KUL,2024-08-04 17:40,135,Malaysia Airlines,Business Class,495,215.0,,1182,Y,Y,Y,1,8,2,23,Sunday,False,False,False,Brunei International Airport,BWN
Suvarnabhumi Airport,BKK,2024-08-04 06:00,Kuala Lumpur International Airport,KUL,2024-08-04 09:10,130,Malaysia Airlines,Business Class,455,180.0,,1358,Y,Y,Y,1,8,2,23,Sunday,False,False,False,Brunei International Airport,BWN
Suvarnabhumi Airport,BKK,2024-08-04 16:40,Kuala Lumpur International Airport,KUL,2024-08-04 19:50,130,THAI,Business Class,360,85.0,,1425,Y,Y,Y,1,7,2,30,Sunday,False,False,False,Brunei International Airport,BWN
Suvarnabhumi Airport,BKK,2024-08-04 11:15,Singapore Changi Airport,SIN,2024-08-04 14:30,135,THAI,Business Class,685,420.0,,1466,Y,Y,Y,1,7,2,30,Sunday,False,False,False,Brunei International Airport,BWN
Suvarnabhumi Airport,BKK,2024-08-05 13:30,Ninoy Aquino International Airport,MNL,2024-08-05 17:55,205,Philippine Airlines,Business Class,550,220.0,,1030,Y,Y,Y,1,7,2,32,Monday,False,False,False,Brunei International Airport,BWN
Suvarnabhumi Airport,BKK,2024-08-05 06:00,Kuala Lumpur International Airport,KUL,2024-08-05 09:10,130,Malaysia Airlines,Business Class,455,180.0,,1182,Y,Y,Y,1,8,2,23,Monday,False,False,False,Brunei International Airport,BWN
Suvarnabhumi Airport,BKK,2024-08-05 19:40,Kuala Lumpur International Airport,KUL,2024-08-05 22:50,130,Malaysia Airlines,Business Class,1620,1345.0,True,1370,Y,Y,Y,1,8,2,23,Monday,False,False,False,Brunei International Airport,BWN
Suvarnabhumi Airport,BKK,2024-08-05 19:15,Singapore Changi Airport,SIN,2024-08-05 22:30,135,THAI,Business Class,1085,820.0,True,1466,Y,Y,Y,1,7,2,30,Monday,False,False,False,Brunei International Airport,BWN
Suvarnabhumi Airport,BKK,2024-08-05 09:40,Singapore Changi Airport,SIN,2024-08-05 13:05,145,Singapore Airlines,Business Class,1470,1195.0,True,2139,Y,Y,Y,1,7,1,25,Monday,False,False,False,Brunei International Airport,BWN
Suvarnabhumi Airport,BKK,2024-08-06 13:30,Brunei International Airport,BWN,2024-08-06 17:15,165,Royal Brunei,Business Class,165,,,583,Y,Y,Y,1,12,2,40,Tuesday,False,False,False,Brunei International Airport,BWN
Suvarnabhumi Airport,BKK,2024-08-06 21:15,Singapore Changi Airport,SIN,2024-08-07 00:35,140,Singapore Airlines,Business Class,1005,730.0,True,1105,Y,Y,Y,1,7,1,25,Tuesday,True,False,False,Brunei International Airport,BWN
Suvarnabhumi Airport,BKK,2024-08-06 19:40,Kuala Lumpur International Airport,KUL,2024-08-06 22:50,130,Malaysia Airlines,Business Class,1620,1345.0,True,1194,Y,Y,Y,1,8,2,23,Tuesday,False,False,False,Brunei International Airport,BWN
Suvarnabhumi Airport,BKK,2024-08-06 14:15,Kuala Lumpur International Airport,KUL,2024-08-06 17:30,135,Malaysia Airlines,Business Class,505,225.0,,1358,Y,Y,Y,1,8,2,23,Tuesday,False,False,False,Brunei International Airport,BWN
Suvarnabhumi Airport,BKK,2024-08-06 11:15,Singapore Changi Airport,SIN,2024-08-06 14:30,135,THAI,Business Class,680,415.0,,1466,Y,Y,Y,1,7,2,30,Tuesday,False,False,False,Brunei International Airport,BWN
Suvarnabhumi Airport,BKK,2024-08-06 19:15,Singapore Changi Airport,SIN,2024-08-06 22:30,135,THAI,Business Class,1085,820.0,True,1466,Y,Y,Y,1,7,2,30,Tuesday,False,False,False,Brunei International Airport,BWN
Suvarnabhumi Airport,BKK,2024-08-06 16:40,Kuala Lumpur International Airport,KUL,2024-08-06 19:50,130,THAI,Business Class,360,85.0,,1601,Y,Y,Y,1,7,2,30,Tuesday,False,False,False,Brunei International Airport,BWN
Suvarnabhumi Airport,BKK,2024-08-07 21:00,Brunei International Airport,BWN,2024-08-08 00:45,165,Royal Brunei,Business Class,165,,,583,Y,Y,Y,1,12,2,40,Wednesday,True,False,False,Brunei International Airport,BWN
Suvarnabhumi Airport,BKK,2024-08-07 21:15,Singapore Changi Airport,SIN,2024-08-08 00:35,140,Singapore Airlines,Business Class,775,505.0,True,801,Y,Y,Y,1,7,1,25,Wednesday,True,False,False,Brunei International Airport,BWN
Suvarnabhumi Airport,BKK,2024-08-07 22:50,Ninoy Aquino International Airport,MNL,2024-08-08 03:15,205,Philippine Airlines,Business Class,1430,1100.0,True,983,Y,Y,Y,1,7,2,32,Wednesday,True,False,False,Brunei International Airport,BWN
Suvarnabhumi Airport,BKK,2024-08-07 14:15,Kuala Lumpur International Airport,KUL,2024-08-07 17:30,135,Malaysia Airlines,Business Class,505,225.0,,1182,Y,Y,Y,1,8,2,23,Wednesday,False,False,False,Brunei International Airport,BWN
Suvarnabhumi Airport,BKK,2024-08-07 09:05,Kuala Lumpur International Airport,KUL,2024-08-07 12:15,130,THAI,Business Class,815,540.0,,1357,Y,Y,Y,1,7,2,30,Wednesday,False,False,False,Brunei International Airport,BWN
Suvarnabhumi Airport,BKK,2024-08-07 16:40,Kuala Lumpur International Airport,KUL,2024-08-07 19:50,130,THAI,Business Class,360,85.0,,1425,Y,Y,Y,1,7,2,30,Wednesday,False,False,False,Brunei International Airport,BWN
Suvarnabhumi Airport,BKK,2024-08-08 21:15,Singapore Changi Airport,SIN,2024-08-09 00:35,140,Singapore Airlines,Business Class,1005,730.0,True,884,Y,Y,Y,1,7,1,25,Thursday,True,False,False,Brunei International Airport,BWN
Suvarnabhumi Airport,BKK,2024-08-08 13:30,Ninoy Aquino International Airport,MNL,2024-08-08 17:55,205,Philippine Airlines,Business Class,550,220.0,,983,Y,Y,Y,1,7,2,32,Thursday,False,False,False,Brunei International Airport,BWN
Suvarnabhumi Airport,BKK,2024-08-08 06:00,Kuala Lumpur International Airport,KUL,2024-08-08 09:10,130,Malaysia Airlines,Business Class,455,180.0,,1182,Y,Y,Y,1,8,2,23,Thursday,False,False,False,Brunei International Airport,BWN
Suvarnabhumi Airport,BKK,2024-08-08 16:40,Kuala Lumpur International Airport,KUL,2024-08-08 19:50,130,THAI,Business Class,360,85.0,,1425,Y,Y,Y,1,7,2,30,Thursday,False,False,False,Brunei International Airport,BWN
Suvarnabhumi Airport,BKK,2024-08-08 22:50,Ninoy Aquino International Airport,MNL,2024-08-09 03:15,205,Philippine Airlines,Business Class,1430,1100.0,True,983,Y,Y,Y,1,7,2,32,Thursday,True,False,False,Brunei International Airport,BWN
Suvarnabhumi Airport,BKK,2024-08-08 11:05,Kuala Lumpur International Airport,KUL,2024-08-08 14:15,130,Malaysia Airlines,Business Class,695,420.0,,1182,Y,Y,Y,1,8,2,23,Thursday,False,False,False,Brunei International Airport,BWN
Suvarnabhumi Airport,BKK,2024-08-08 19:40,Kuala Lumpur International Airport,KUL,2024-08-08 22:50,130,Malaysia Airlines,Business Class,1075,800.0,True,1194,Y,Y,Y,1,8,2,23,Thursday,False,False,False,Brunei International Airport,BWN
Suvarnabhumi Airport,BKK,2024-08-08 16:40,Kuala Lumpur International Airport,KUL,2024-08-08 19:50,130,THAI,Business Class,1255,980.0,True,1368,Y,Y,Y,1,7,2,30,Thursday,False,False,False,Brunei International Airport,BWN
Suvarnabhumi Airport,BKK,2024-08-08 14:15,Kuala Lumpur International Airport,KUL,2024-08-08 17:30,135,Malaysia Airlines,Business Class,505,225.0,,1425,Y,Y,Y,1,8,2,23,Thursday,False,False,False,Brunei International Airport,BWN
Suvarnabhumi Airport,BKK,2024-08-08 11:15,Singapore Changi Airport,SIN,2024-08-08 14:30,135,THAI,Business Class,685,420.0,,1587,Y,Y,Y,1,7,2,30,Thursday,False,False,False,Brunei International Airport,BWN
Suvarnabhumi Airport,BKK,2024-08-09 21:30,Singapore Changi Airport,SIN,2024-08-10 00:45,135,Singapore Airlines,Business Class,760,495.0,True,801,Y,Y,Y,1,7,1,25,Friday,True,False,False,Brunei International Airport,BWN
Suvarnabhumi Airport,BKK,2024-08-09 06:00,Kuala Lumpur International Airport,KUL,2024-08-09 09:10,130,Malaysia Airlines,Business Class,455,180.0,,1182,Y,Y,Y,1,8,2,23,Friday,False,False,False,Brunei International Airport,BWN
Suvarnabhumi Airport,BKK,2024-08-09 13:30,Ninoy Aquino International Airport,MNL,2024-08-09 17:55,205,Philippine Airlines,Business Class,550,220.0,,1207,Y,Y,Y,1,7,2,32,Friday,False,False,False,Brunei International Airport,BWN
Suvarnabhumi Airport,BKK,2024-08-09 16:40,Kuala Lumpur International Airport,KUL,2024-08-09 19:50,130,THAI,Business Class,1255,980.0,True,1368,Y,Y,Y,1,7,2,30,Friday,False,False,False,Brunei International Airport,BWN
Suvarnabhumi Airport,BKK,2024-08-09 19:40,Kuala Lumpur International Airport,KUL,2024-08-09 22:50,130,Malaysia Airlines,Business Class,1075,800.0,True,1370,Y,Y,Y,1,8,2,23,Friday,False,False,False,Brunei International Airport,BWN
Suvarnabhumi Airport,BKK,2024-08-09 08:00,Singapore Changi Airport,SIN,2024-08-09 11:15,135,THAI,Business Class,875,610.0,,1466,Y,Y,Y,1,7,2,30,Friday,False,False,False,Brunei International Airport,BWN
Suvarnabhumi Airport,BKK,2024-08-09 11:15,Singapore Changi Airport,SIN,2024-08-09 14:30,135,THAI,Business Class,680,415.0,,1747,Y,Y,Y,1,7,2,30,Friday,False,False,False,Brunei International Airport,BWN
Suvarnabhumi Airport,BKK,2024-08-10 13:30,Brunei International Airport,BWN,2024-08-10 17:15,165,Royal Brunei,Business Class,165,,,642,Y,Y,Y,1,12,2,40,Saturday,False,False,False,Brunei International Airport,BWN
Suvarnabhumi Airport,BKK,2024-08-10 19:40,Kuala Lumpur International Airport,KUL,2024-08-10 22:50,130,Malaysia Airlines,Business Class,1075,800.0,True,1194,Y,Y,Y,1,8,2,23,Saturday,False,False,False,Brunei International Airport,BWN
Suvarnabhumi Airport,BKK,2024-08-10 06:00,Kuala Lumpur International Airport,KUL,2024-08-10 09:10,130,Malaysia Airlines,Business Class,455,180.0,,1358,Y,Y,Y,1,8,2,23,Saturday,False,False,False,Brunei International Airport,BWN
Suvarnabhumi Airport,BKK,2024-08-10 16:40,Kuala Lumpur International Airport,KUL,2024-08-10 19:50,130,THAI,Business Class,1255,980.0,True,1368,Y,Y,Y,1,7,2,30,Saturday,False,False,False,Brunei International Airport,BWN
Suvarnabhumi Airport,BKK,2024-08-10 19:15,Singapore Changi Airport,SIN,2024-08-10 22:30,135,THAI,Business Class,1085,820.0,True,1466,Y,Y,Y,1,7,2,30,Saturday,False,False,False,Brunei International Airport,BWN
Suvarnabhumi Airport,BKK,2024-08-10 11:15,Singapore Changi Airport,SIN,2024-08-10 14:30,135,THAI,Business Class,680,415.0,,1650,Y,Y,Y,1,7,2,30,Saturday,False,False,False,Brunei International Airport,BWN
Suvarnabhumi Airport,BKK,2024-08-10 18:30,Singapore Changi Airport,SIN,2024-08-10 21:55,145,Singapore Airlines,Business Class,1170,890.0,True,2139,Y,Y,Y,1,7,1,25,Saturday,False,False,False,Brunei International Airport,BWN
Suvarnabhumi Airport,BKK,2024-08-11 21:30,Singapore Changi Airport,SIN,2024-08-12 00:45,135,Singapore Airlines,Business Class,760,495.0,True,884,Y,Y,Y,1,7,1,25,Sunday,True,False,False,Brunei International Airport,BWN
Suvarnabhumi Airport,BKK,2024-08-11 06:00,Kuala Lumpur International Airport,KUL,2024-08-11 09:10,130,Malaysia Airlines,Business Class,455,180.0,,1182,Y,Y,Y,1,8,2,23,Sunday,False,False,False,Brunei International Airport,BWN
Suvarnabhumi Airport,BKK,2024-08-11 16:40,Kuala Lumpur International Airport,KUL,2024-08-11 19:50,130,THAI,Business Class,360,85.0,,1601,Y,Y,Y,1,7,2,30,Sunday,False,False,False,Brunei International Airport,BWN
Suvarnabhumi Airport,BKK,2024-08-11 22:50,Ninoy Aquino International Airport,MNL,2024-08-12 03:15,205,Philippine Airlines,Business Class,1430,1100.0,True,983,Y,Y,Y,1,7,2,32,Sunday,True,False,False,Brunei International Airport,BWN
Suvarnabhumi Airport,BKK,2024-08-11 19:40,Kuala Lumpur International Airport,KUL,2024-08-11 22:50,130,Malaysia Airlines,Business Class,1075,800.0,True,1194,Y,Y,Y,1,8,2,23,Sunday,False,False,False,Brunei International Airport,BWN
Suvarnabhumi Airport,BKK,2024-08-11 11:05,Kuala Lumpur International Airport,KUL,2024-08-11 14:15,130,Malaysia Airlines,Business Class,695,420.0,,1358,Y,Y,Y,1,8,2,23,Sunday,False,False,False,Brunei International Airport,BWN
Suvarnabhumi Airport,BKK,2024-08-11 16:40,Kuala Lumpur International Airport,KUL,2024-08-11 19:50,130,THAI,Business Class,1255,980.0,True,1436,Y,Y,Y,1,7,2,30,Sunday,False,False,False,Brunei International Airport,BWN
Suvarnabhumi Airport,BKK,2024-08-11 09:05,Kuala Lumpur International Airport,KUL,2024-08-11 12:15,130,THAI,Business Class,815,540.0,,1572,Y,Y,Y,1,7,2,30,Sunday,False,False,False,Brunei International Airport,BWN
Suvarnabhumi Airport,BKK,2024-08-11 11:15,Singapore Changi Airport,SIN,2024-08-11 14:30,135,THAI,Business Class,685,420.0,,1650,Y,Y,Y,1,7,2,30,Sunday,False,False,False,Brunei International Airport,BWN
Suvarnabhumi Airport,BKK,2024-08-12 13:30,Ninoy Aquino International Airport,MNL,2024-08-12 17:55,205,Philippine Airlines,Business Class,550,220.0,,983,Y,Y,Y,1,7,2,32,Monday,False,True,False,Brunei International Airport,BWN
Suvarnabhumi Airport,BKK,2024-08-12 21:15,Singapore Changi Airport,SIN,2024-08-13 00:35,140,Singapore Airlines,Business Class,775,505.0,True,1105,Y,Y,Y,1,7,1,25,Monday,True,True,False,Brunei International Airport,BWN
Suvarnabhumi Airport,BKK,2024-08-12 06:00,Kuala Lumpur International Airport,KUL,2024-08-12 09:10,130,Malaysia Airlines,Business Class,455,180.0,,1182,Y,Y,Y,1,8,2,23,Monday,False,True,False,Brunei International Airport,BWN
Suvarnabhumi Airport,BKK,2024-08-12 19:40,Kuala Lumpur International Airport,KUL,2024-08-12 22:50,130,Malaysia Airlines,Business Class,1620,1345.0,True,1194,Y,Y,Y,1,8,2,23,Monday,False,True,False,Brunei International Airport,BWN
Suvarnabhumi Airport,BKK,2024-08-12 16:40,Kuala Lumpur International Airport,KUL,2024-08-12 19:50,130,THAI,Business Class,1800,1525.0,True,1375,Y,Y,Y,1,7,2,30,Monday,False,True,False,Brunei International Airport,BWN
Suvarnabhumi Airport,BKK,2024-08-12 19:15,Singapore Changi Airport,SIN,2024-08-12 22:30,135,THAI,Business Class,1085,820.0,True,1466,Y,Y,Y,1,7,2,30,Monday,False,True,False,Brunei International Airport,BWN
Suvarnabhumi Airport,BKK,2024-08-13 13:30,Brunei International Airport,BWN,2024-08-13 17:15,165,Royal Brunei,Business Class,165,,,642,Y,Y,Y,1,12,2,40,Tuesday,False,False,False,Brunei International Airport,BWN
Suvarnabhumi Airport,BKK,2024-08-13 16:40,Kuala Lumpur International Airport,KUL,2024-08-13 19:50,130,THAI,Business Class,360,85.0,,1425,Y,Y,Y,1,7,2,30,Tuesday,False,False,False,Brunei International Airport,BWN
Suvarnabhumi Airport,BKK,2024-08-13 21:15,Singapore Changi Airport,SIN,2024-08-14 00:35,140,Singapore Airlines,Business Class,1005,730.0,True,801,Y,Y,Y,1,7,1,25,Tuesday,True,False,False,Brunei International Airport,BWN
Suvarnabhumi Airport,BKK,2024-08-13 11:05,Kuala Lumpur International Airport,KUL,2024-08-13 14:15,130,Malaysia Airlines,Business Class,695,420.0,,1182,Y,Y,Y,1,8,2,23,Tuesday,False,False,False,Brunei International Airport,BWN
Suvarnabhumi Airport,BKK,2024-08-13 19:40,Kuala Lumpur International Airport,KUL,2024-08-13 22:50,130,Malaysia Airlines,Business Class,1620,1345.0,True,1370,Y,Y,Y,1,8,2,23,Tuesday,False,False,False,Brunei International Airport,BWN
Suvarnabhumi Airport,BKK,2024-08-13 14:15,Kuala Lumpur International Airport,KUL,2024-08-13 17:30,135,Malaysia Airlines,Business Class,505,225.0,,1425,Y,Y,Y,1,8,2,23,Tuesday,False,False,False,Brunei International Airport,BWN
Suvarnabhumi Airport,BKK,2024-08-13 11:15,Singapore Changi Airport,SIN,2024-08-13 14:30,135,THAI,Business Class,680,415.0,,1466,Y,Y,Y,1,7,2,30,Tuesday,False,False,False,Brunei International Airport,BWN
Suvarnabhumi Airport,BKK,2024-08-13 19:15,Singapore Changi Airport,SIN,2024-08-13 22:30,135,THAI,Business Class,1085,820.0,True,1466,Y,Y,Y,1,7,2,30,Tuesday,False,False,False,Brunei International Airport,BWN
Suvarnabhumi Airport,BKK,2024-08-14 21:00,Brunei International Airport,BWN,2024-08-15 00:45,165,Royal Brunei,Business Class,165,,,642,Y,Y,Y,1,12,2,40,Wednesday,True,False,False,Brunei International Airport,BWN
Suvarnabhumi Airport,BKK,2024-08-14 21:15,Singapore Changi Airport,SIN,2024-08-15 00:35,140,Singapore Airlines,Business Class,775,505.0,True,970,Y,Y,Y,1,7,1,25,Wednesday,True,False,False,Brunei International Airport,BWN
Suvarnabhumi Airport,BKK,2024-08-14 22:50,Ninoy Aquino International Airport,MNL,2024-08-15 03:15,205,Philippine Airlines,Business Class,1430,1100.0,True,983,Y,Y,Y,1,7,2,32,Wednesday,True,False,False,Brunei International Airport,BWN
Suvarnabhumi Airport,BKK,2024-08-14 09:05,Kuala Lumpur International Airport,KUL,2024-08-14 12:15,130,THAI,Business Class,815,540.0,,1357,Y,Y,Y,1,7,2,30,Wednesday,False,False,False,Brunei International Airport,BWN
Suvarnabhumi Airport,BKK,2024-08-14 14:15,Kuala Lumpur International Airport,KUL,2024-08-14 17:30,135,Malaysia Airlines,Business Class,505,225.0,,1358,Y,Y,Y,1,8,2,23,Wednesday,False,False,False,Brunei International Airport,BWN
Suvarnabhumi Airport,BKK,2024-08-14 16:40,Kuala Lumpur International Airport,KUL,2024-08-14 19:50,130,THAI,Business Class,360,85.0,,1601,Y,Y,Y,1,7,2,30,Wednesday,False,False,False,Brunei International Airport,BWN
Suvarnabhumi Airport,BKK,2024-08-15 21:15,Singapore Changi Airport,SIN,2024-08-16 00:35,140,Singapore Airlines,Business Class,1005,730.0,True,1105,Y,Y,Y,1,7,1,25,Thursday,True,False,False,Brunei International Airport,BWN
Suvarnabhumi Airport,BKK,2024-08-15 14:15,Kuala Lumpur International Airport,KUL,2024-08-15 17:30,135,Malaysia Airlines,Business Class,505,225.0,,1182,Y,Y,Y,1,8,2,23,Thursday,False,False,False,Brunei International Airport,BWN
Suvarnabhumi Airport,BKK,2024-08-15 06:00,Kuala Lumpur International Airport,KUL,2024-08-15 09:10,130,Malaysia Airlines,Business Class,455,180.0,,1358,Y,Y,Y,1,8,2,23,Thursday,False,False,False,Brunei International Airport,BWN
Suvarnabhumi Airport,BKK,2024-08-15 16:40,Kuala Lumpur International Airport,KUL,2024-08-15 19:50,130,THAI,Business Class,360,85.0,,1425,Y,Y,Y,1,7,2,30,Thursday,False,False,False,Brunei International Airport,BWN
Suvarnabhumi Airport,BKK,2024-08-15 22:50,Ninoy Aquino International Airport,MNL,2024-08-16 03:15,205,Philippine Airlines,Business Class,1430,1100.0,True,983,Y,Y,Y,1,7,2,32,Thursday,True,False,False,Brunei International Airport,BWN
Suvarnabhumi Airport,BKK,2024-08-15 19:40,Kuala Lumpur International Airport,KUL,2024-08-15 22:50,130,Malaysia Airlines,Business Class,1075,800.0,True,1194,Y,Y,Y,1,8,2,23,Thursday,False,False,False,Brunei International Airport,BWN
Suvarnabhumi Airport,BKK,2024-08-15 09:05,Kuala Lumpur International Airport,KUL,2024-08-15 12:15,130,THAI,Business Class,815,540.0,,1357,Y,Y,Y,1,7,2,30,Thursday,False,False,False,Brunei International Airport,BWN
Suvarnabhumi Airport,BKK,2024-08-15 11:15,Singapore Changi Airport,SIN,2024-08-15 14:30,135,THAI,Business Class,685,420.0,,1466,Y,Y,Y,1,7,2,30,Thursday,False,False,False,Brunei International Airport,BWN
Suvarnabhumi Airport,BKK,2024-08-15 19:15,Singapore Changi Airport,SIN,2024-08-15 22:30,135,THAI,Business Class,1085,820.0,True,1466,Y,Y,Y,1,7,2,30,Thursday,False,False,False,Brunei International Airport,BWN
Suvarnabhumi Airport,BKK,2024-08-16 21:15,Singapore Changi Airport,SIN,2024-08-17 00:35,140,Singapore Airlines,Business Class,775,505.0,True,884,Y,Y,Y,1,7,1,25,Friday,True,False,False,Brunei International Airport,BWN
Suvarnabhumi Airport,BKK,2024-08-16 13:30,Ninoy Aquino International Airport,MNL,2024-08-16 17:55,205,Philippine Airlines,Business Class,550,220.0,,983,Y,Y,Y,1,7,2,32,Friday,False,False,False,Brunei International Airport,BWN
Suvarnabhumi Airport,BKK,2024-08-16 06:00,Kuala Lumpur International Airport,KUL,2024-08-16 09:10,130,Malaysia Airlines,Business Class,455,180.0,,1182,Y,Y,Y,1,8,2,23,Friday,False,False,False,Brunei International Airport,BWN
Suvarnabhumi Airport,BKK,2024-08-16 14:25,Kuala Lumpur International Airport,KUL,2024-08-16 17:40,135,Malaysia Airlines,Business Class,495,215.0,,1182,Y,Y,Y,1,8,2,23,Friday,False,False,False,Brunei International Airport,BWN
Suvarnabhumi Airport,BKK,2024-08-16 16:40,Kuala Lumpur International Airport,KUL,2024-08-16 19:50,130,THAI,Business Class,360,85.0,,1425,Y,Y,Y,1,7,2,30,Friday,False,False,False,Brunei International Airport,BWN
Suvarnabhumi Airport,BKK,2024-08-16 19:40,Kuala Lumpur International Airport,KUL,2024-08-16 22:50,130,Malaysia Airlines,Business Class,1075,800.0,True,1194,Y,Y,Y,1,8,2,23,Friday,False,False,False,Brunei International Airport,BWN
Suvarnabhumi Airport,BKK,2024-08-16 16:40,Kuala Lumpur International Airport,KUL,2024-08-16 19:50,130,THAI,Business Class,1255,980.0,True,1368,Y,Y,Y,1,7,2,30,Friday,False,False,False,Brunei International Airport,BWN
Suvarnabhumi Airport,BKK,2024-08-16 08:00,Singapore Changi Airport,SIN,2024-08-16 11:15,135,THAI,Business Class,875,610.0,,1466,Y,Y,Y,1,7,2,30,Friday,False,False,False,Brunei International Airport,BWN
Suvarnabhumi Airport,BKK,2024-08-16 11:15,Singapore Changi Airport,SIN,2024-08-16 14:30,135,THAI,Business Class,680,415.0,,1587,Y,Y,Y,1,7,2,30,Friday,False,False,False,Brunei International Airport,BWN
Suvarnabhumi Airport,BKK,2024-08-17 21:15,Singapore Changi Airport,SIN,2024-08-18 00:35,140,Singapore Airlines,Business Class,1005,730.0,True,1105,Y,Y,Y,1,7,1,25,Saturday,True,False,False,Brunei International Airport,BWN
Suvarnabhumi Airport,BKK,2024-08-17 06:00,Kuala Lumpur International Airport,KUL,2024-08-17 09:10,130,Malaysia Airlines,Business Class,455,180.0,,1182,Y,Y,Y,1,8,2,23,Saturday,False,False,False,Brunei International Airport,BWN
Suvarnabhumi Airport,BKK,2024-08-17 11:15,Singapore Changi Airport,SIN,2024-08-17 14:30,135,THAI,Business Class,585,320.0,,1466,Y,Y,Y,1,7,2,30,Saturday,False,False,False,Brunei International Airport,BWN
Suvarnabhumi Airport,BKK,2024-08-17 19:40,Kuala Lumpur International Airport,KUL,2024-08-17 22:50,130,Malaysia Airlines,Business Class,1075,800.0,True,1194,Y,Y,Y,1,8,2,23,Saturday,False,False,False,Brunei International Airport,BWN
Suvarnabhumi Airport,BKK,2024-08-17 16:40,Kuala Lumpur International Airport,KUL,2024-08-17 19:50,130,THAI,Business Class,1255,980.0,True,1368,Y,Y,Y,1,7,2,30,Saturday,False,False,False,Brunei International Airport,BWN
Suvarnabhumi Airport,BKK,2024-08-17 19:15,Singapore Changi Airport,SIN,2024-08-17 22:30,135,THAI,Business Class,1085,820.0,True,1466,Y,Y,Y,1,7,2,30,Saturday,False,False,False,Brunei International Airport,BWN
Suvarnabhumi Airport,BKK,2024-08-18 21:00,Brunei International Airport,BWN,2024-08-19 00:45,165,Royal Brunei,Business Class,165,,,583,Y,Y,Y,1,12,2,40,Sunday,True,False,False,Brunei International Airport,BWN
Suvarnabhumi Airport,BKK,2024-08-18 06:00,Kuala Lumpur International Airport,KUL,2024-08-18 09:10,130,Malaysia Airlines,Business Class,455,180.0,,1182,Y,Y,Y,1,8,2,23,Sunday,False,False,False,Brunei International Airport,BWN
Suvarnabhumi Airport,BKK,2024-08-18 16:40,Kuala Lumpur International Airport,KUL,2024-08-18 19:50,130,THAI,Business Class,360,85.0,,1425,Y,Y,Y,1,7,2,30,Sunday,False,False,False,Brunei International Airport,BWN
Suvarnabhumi Airport,BKK,2024-08-18 21:15,Singapore Changi Airport,SIN,2024-08-19 00:35,140,Singapore Airlines,Business Class,775,505.0,True,884,Y,Y,Y,1,7,1,25,Sunday,True,False,False,Brunei International Airport,BWN
Suvarnabhumi Airport,BKK,2024-08-18 22:50,Ninoy Aquino International Airport,MNL,2024-08-19 03:15,205,Philippine Airlines,Business Class,1430,1100.0,True,983,Y,Y,Y,1,7,2,32,Sunday,True,False,False,Brunei International Airport,BWN
Suvarnabhumi Airport,BKK,2024-08-18 14:25,Kuala Lumpur International Airport,KUL,2024-08-18 17:40,135,Malaysia Airlines,Business Class,495,215.0,,1182,Y,Y,Y,1,8,2,23,Sunday,False,False,False,Brunei International Airport,BWN
Suvarnabhumi Airport,BKK,2024-08-18 09:05,Kuala Lumpur International Airport,KUL,2024-08-18 12:15,130,THAI,Business Class,815,540.0,,1357,Y,Y,Y,1,7,2,30,Sunday,False,False,False,Brunei International Airport,BWN
Suvarnabhumi Airport,BKK,2024-08-18 11:15,Singapore Changi Airport,SIN,2024-08-18 14:30,135,THAI,Business Class,685,420.0,,1466,Y,Y,Y,1,7,2,30,Sunday,False,False,False,Brunei International Airport,BWN
Suvarnabhumi Airport,BKK,2024-08-19 21:15,Singapore Changi Airport,SIN,2024-08-20 00:35,140,Singapore Airlines,Business Class,775,505.0,True,970,Y,Y,Y,1,7,1,25,Monday,True,False,False,Brunei International Airport,BWN
Suvarnabhumi Airport,BKK,2024-08-19 13:30,Ninoy Aquino International Airport,MNL,2024-08-19 17:55,205,Philippine Airlines,Business Class,550,220.0,,983,Y,Y,Y,1,7,2,32,Monday,False,False,False,Brunei International Airport,BWN
Suvarnabhumi Airport,BKK,2024-08-19 06:00,Kuala Lumpur International Airport,KUL,2024-08-19 09:10,130,Malaysia Airlines,Business Class,455,180.0,,1358,Y,Y,Y,1,8,2,23,Monday,False,False,False,Brunei International Airport,BWN
Suvarnabhumi Airport,BKK,2024-08-19 19:40,Kuala Lumpur International Airport,KUL,2024-08-19 22:50,130,Malaysia Airlines,Business Class,1620,1345.0,True,1370,Y,Y,Y,1,8,2,23,Monday,False,False,False,Brunei International Airport,BWN
Suvarnabhumi Airport,BKK,2024-08-19 16:40,Kuala Lumpur International Airport,KUL,2024-08-19 19:50,130,THAI,Business Class,1800,1525.0,True,1375,Y,Y,Y,1,7,2,30,Monday,False,False,False,Brunei International Airport,BWN
Suvarnabhumi Airport,BKK,2024-08-19 19:15,Singapore Changi Airport,SIN,2024-08-19 22:30,135,THAI,Business Class,1085,820.0,True,1466,Y,Y,Y,1,7,2,30,Monday,False,False,False,Brunei International Airport,BWN
Suvarnabhumi Airport,BKK,2024-08-20 13:30,Brunei International Airport,BWN,2024-08-20 17:15,165,Royal Brunei,Business Class,165,,,642,Y,Y,Y,1,12,2,40,Tuesday,False,False,False,Brunei International Airport,BWN
Suvarnabhumi Airport,BKK,2024-08-20 21:15,Singapore Changi Airport,SIN,2024-08-21 00:35,140,Singapore Airlines,Business Class,1005,730.0,True,768,Y,Y,Y,1,7,1,25,Tuesday,True,False,False,Brunei International Airport,BWN
Suvarnabhumi Airport,BKK,2024-08-20 19:40,Kuala Lumpur International Airport,KUL,2024-08-20 22:50,130,Malaysia Airlines,Business Class,1620,1345.0,True,1194,Y,Y,Y,1,8,2,23,Tuesday,False,False,False,Brunei International Airport,BWN
Suvarnabhumi Airport,BKK,2024-08-20 14:15,Kuala Lumpur International Airport,KUL,2024-08-20 17:30,135,Malaysia Airlines,Business Class,505,225.0,,1358,Y,Y,Y,1,8,2,23,Tuesday,False,False,False,Brunei International Airport,BWN
Suvarnabhumi Airport,BKK,2024-08-20 11:15,Singapore Changi Airport,SIN,2024-08-20 14:30,135,THAI,Business Class,680,415.0,,1466,Y,Y,Y,1,7,2,30,Tuesday,False,False,False,Brunei International Airport,BWN
Suvarnabhumi Airport,BKK,2024-08-20 19:15,Singapore Changi Airport,SIN,2024-08-20 22:30,135,THAI,Business Class,1085,820.0,True,1466,Y,Y,Y,1,7,2,30,Tuesday,False,False,False,Brunei International Airport,BWN
Suvarnabhumi Airport,BKK,2024-08-20 16:40,Kuala Lumpur International Airport,KUL,2024-08-20 19:50,130,THAI,Business Class,360,85.0,,1601,Y,Y,Y,1,7,2,30,Tuesday,False,False,False,Brunei International Airport,BWN
Suvarnabhumi Airport,BKK,2024-08-21 21:00,Brunei International Airport,BWN,2024-08-22 00:45,165,Royal Brunei,Business Class,165,,,642,Y,Y,Y,1,12,2,40,Wednesday,True,False,False,Brunei International Airport,BWN
Suvarnabhumi Airport,BKK,2024-08-21 14:15,Kuala Lumpur International Airport,KUL,2024-08-21 17:30,135,Malaysia Airlines,Business Class,505,225.0,,1425,Y,Y,Y,1,8,2,23,Wednesday,False,False,False,Brunei International Airport,BWN
Suvarnabhumi Airport,BKK,2024-08-21 16:40,Kuala Lumpur International Airport,KUL,2024-08-21 19:50,130,THAI,Business Class,360,85.0,,1425,Y,Y,Y,1,7,2,30,Wednesday,False,False,False,Brunei International Airport,BWN
Suvarnabhumi Airport,BKK,2024-08-21 12:15,Singapore Changi Airport,SIN,2024-08-21 15:40,145,Singapore Airlines,Business Class,1315,1040.0,True,768,Y,Y,Y,1,7,1,25,Wednesday,False,False,False,Brunei International Airport,BWN
Suvarnabhumi Airport,BKK,2024-08-21 21:15,Singapore Changi Airport,SIN,2024-08-22 00:35,140,Singapore Airlines,Business Class,775,505.0,True,801,Y,Y,Y,1,7,1,25,Wednesday,True,False,False,Brunei International Airport,BWN
Suvarnabhumi Airport,BKK,2024-08-21 22:50,Ninoy Aquino International Airport,MNL,2024-08-22 03:15,205,Philippine Airlines,Business Class,1430,1100.0,True,983,Y,Y,Y,1,7,2,32,Wednesday,True,False,False,Brunei International Airport,BWN
Suvarnabhumi Airport,BKK,2024-08-21 11:05,Kuala Lumpur International Airport,KUL,2024-08-21 14:15,130,Malaysia Airlines,Business Class,695,420.0,,1182,Y,Y,Y,1,8,2,23,Wednesday,False,False,False,Brunei International Airport,BWN
Suvarnabhumi Airport,BKK,2024-08-21 09:05,Kuala Lumpur International Airport,KUL,2024-08-21 12:15,130,THAI,Business Class,815,540.0,,1357,Y,Y,Y,1,7,2,30,Wednesday,False,False,False,Brunei International Airport,BWN
Suvarnabhumi Airport,BKK,2024-08-22 21:15,Singapore Changi Airport,SIN,2024-08-23 00:35,140,Singapore Airlines,Business Class,1005,730.0,True,768,Y,Y,Y,1,7,1,25,Thursday,True,False,False,Brunei International Airport,BWN
Suvarnabhumi Airport,BKK,2024-08-22 13:30,Ninoy Aquino International Airport,MNL,2024-08-22 17:55,205,Philippine Airlines,Business Class,550,220.0,,983,Y,Y,Y,1,7,2,32,Thursday,False,False,False,Brunei International Airport,BWN
Suvarnabhumi Airport,BKK,2024-08-22 06:00,Kuala Lumpur International Airport,KUL,2024-08-22 09:10,130,Malaysia Airlines,Business Class,455,180.0,,1182,Y,Y,Y,1,8,2,23,Thursday,False,False,False,Brunei International Airport,BWN
Suvarnabhumi Airport,BKK,2024-08-22 14:15,Kuala Lumpur International Airport,KUL,2024-08-22 17:30,135,Malaysia Airlines,Business Class,505,225.0,,1182,Y,Y,Y,1,8,2,23,Thursday,False,False,False,Brunei International Airport,BWN
Suvarnabhumi Airport,BKK,2024-08-22 16:40,Kuala Lumpur International Airport,KUL,2024-08-22 19:50,130,THAI,Business Class,360,85.0,,1425,Y,Y,Y,1,7,2,30,Thursday,False,False,False,Brunei International Airport,BWN
Suvarnabhumi Airport,BKK,2024-08-22 22:50,Ninoy Aquino International Airport,MNL,2024-08-23 03:15,205,Philippine Airlines,Business Class,1430,1100.0,True,983,Y,Y,Y,1,7,2,32,Thursday,True,False,False,Brunei International Airport,BWN
Suvarnabhumi Airport,BKK,2024-08-22 19:40,Kuala Lumpur International Airport,KUL,2024-08-22 22:50,130,Malaysia Airlines,Business Class,1075,800.0,True,1194,Y,Y,Y,1,8,2,23,Thursday,False,False,False,Brunei International Airport,BWN
Suvarnabhumi Airport,BKK,2024-08-22 09:05,Kuala Lumpur International Airport,KUL,2024-08-22 12:15,130,THAI,Business Class,815,540.0,,1357,Y,Y,Y,1,7,2,30,Thursday,False,False,False,Brunei International Airport,BWN
Suvarnabhumi Airport,BKK,2024-08-22 11:15,Singapore Changi Airport,SIN,2024-08-22 14:30,135,THAI,Business Class,685,420.0,,1466,Y,Y,Y,1,7,2,30,Thursday,False,False,False,Brunei International Airport,BWN
Suvarnabhumi Airport,BKK,2024-08-23 21:15,Singapore Changi Airport,SIN,2024-08-24 00:35,140,Singapore Airlines,Business Class,775,505.0,True,768,Y,Y,Y,1,7,1,25,Friday,True,False,False,Brunei International Airport,BWN
Suvarnabhumi Airport,BKK,2024-08-23 13:30,Ninoy Aquino International Airport,MNL,2024-08-23 17:55,205,Philippine Airlines,Business Class,550,220.0,,983,Y,Y,Y,1,7,2,32,Friday,False,False,False,Brunei International Airport,BWN
Suvarnabhumi Airport,BKK,2024-08-23 06:00,Kuala Lumpur International Airport,KUL,2024-08-23 09:10,130,Malaysia Airlines,Business Class,455,180.0,,1182,Y,Y,Y,1,8,2,23,Friday,False,False,False,Brunei International Airport,BWN
Suvarnabhumi Airport,BKK,2024-08-23 14:25,Kuala Lumpur International Airport,KUL,2024-08-23 17:40,135,Malaysia Airlines,Business Class,495,215.0,,1182,Y,Y,Y,1,8,2,23,Friday,False,False,False,Brunei International Airport,BWN
Suvarnabhumi Airport,BKK,2024-08-23 16:40,Kuala Lumpur International Airport,KUL,2024-08-23 19:50,130,THAI,Business Class,360,85.0,,1425,Y,Y,Y,1,7,2,30,Friday,False,False,False,Brunei International Airport,BWN
Suvarnabhumi Airport,BKK,2024-08-23 19:40,Kuala Lumpur International Airport,KUL,2024-08-23 22:50,130,Malaysia Airlines,Business Class,1075,800.0,True,1194,Y,Y,Y,1,8,2,23,Friday,False,False,False,Brunei International Airport,BWN
Suvarnabhumi Airport,BKK,2024-08-23 09:05,Kuala Lumpur International Airport,KUL,2024-08-23 12:15,130,THAI,Business Class,815,540.0,,1357,Y,Y,Y,1,7,2,30,Friday,False,False,False,Brunei International Airport,BWN
Suvarnabhumi Airport,BKK,2024-08-23 11:15,Singapore Changi Airport,SIN,2024-08-23 14:30,135,THAI,Business Class,680,415.0,,1466,Y,Y,Y,1,7,2,30,Friday,False,False,False,Brunei International Airport,BWN
Suvarnabhumi Airport,BKK,2024-08-24 13:30,Brunei International Airport,BWN,2024-08-24 17:15,165,Royal Brunei,Business Class,165,,,583,Y,Y,Y,1,12,2,40,Saturday,False,False,False,Brunei International Airport,BWN
Suvarnabhumi Airport,BKK,2024-08-24 21:15,Singapore Changi Airport,SIN,2024-08-25 00:35,140,Singapore Airlines,Business Class,1005,730.0,True,801,Y,Y,Y,1,7,1,25,Saturday,True,False,False,Brunei International Airport,BWN
Suvarnabhumi Airport,BKK,2024-08-24 06:00,Kuala Lumpur International Airport,KUL,2024-08-24 09:10,130,Malaysia Airlines,Business Class,455,180.0,,1182,Y,Y,Y,1,8,2,23,Saturday,False,False,False,Brunei International Airport,BWN
Suvarnabhumi Airport,BKK,2024-08-24 19:40,Kuala Lumpur International Airport,KUL,2024-08-24 22:50,130,Malaysia Airlines,Business Class,1075,800.0,True,1194,Y,Y,Y,1,8,2,23,Saturday,False,False,False,Brunei International Airport,BWN
Suvarnabhumi Airport,BKK,2024-08-24 16:40,Kuala Lumpur International Airport,KUL,2024-08-24 19:50,130,THAI,Business Class,1255,980.0,True,1368,Y,Y,Y,1,7,2,30,Saturday,False,False,False,Brunei International Airport,BWN
Suvarnabhumi Airport,BKK,2024-08-24 11:15,Singapore Changi Airport,SIN,2024-08-24 14:30,135,THAI,Business Class,680,415.0,,1466,Y,Y,Y,1,7,2,30,Saturday,False,False,False,Brunei International Airport,BWN
Suvarnabhumi Airport,BKK,2024-08-24 19:15,Singapore Changi Airport,SIN,2024-08-24 22:30,135,THAI,Business Class,1085,820.0,True,1466,Y,Y,Y,1,7,2,30,Saturday,False,False,False,Brunei International Airport,BWN
Suvarnabhumi Airport,BKK,2024-08-25 21:00,Brunei International Airport,BWN,2024-08-26 00:45,165,Royal Brunei,Business Class,165,,,583,Y,Y,Y,1,12,2,40,Sunday,True,False,False,Brunei International Airport,BWN
Suvarnabhumi Airport,BKK,2024-08-25 06:00,Kuala Lumpur International Airport,KUL,2024-08-25 09:10,130,Malaysia Airlines,Business Class,455,180.0,,1182,Y,Y,Y,1,8,2,23,Sunday,False,False,False,Brunei International Airport,BWN
Suvarnabhumi Airport,BKK,2024-08-25 16:40,Kuala Lumpur International Airport,KUL,2024-08-25 19:50,130,THAI,Business Class,360,85.0,,1425,Y,Y,Y,1,7,2,30,Sunday,False,False,False,Brunei International Airport,BWN
Suvarnabhumi Airport,BKK,2024-08-25 22:50,Ninoy Aquino International Airport,MNL,2024-08-26 03:15,205,Philippine Airlines,Business Class,1430,1100.0,True,983,Y,Y,Y,1,7,2,32,Sunday,True,False,False,Brunei International Airport,BWN
Suvarnabhumi Airport,BKK,2024-08-25 21:15,Singapore Changi Airport,SIN,2024-08-26 00:35,140,Singapore Airlines,Business Class,775,505.0,True,1105,Y,Y,Y,1,7,1,25,Sunday,True,False,False,Brunei International Airport,BWN
Suvarnabhumi Airport,BKK,2024-08-25 14:25,Kuala Lumpur International Airport,KUL,2024-08-25 17:40,135,Malaysia Airlines,Business Class,495,215.0,,1182,Y,Y,Y,1,8,2,23,Sunday,False,False,False,Brunei International Airport,BWN
Suvarnabhumi Airport,BKK,2024-08-25 09:05,Kuala Lumpur International Airport,KUL,2024-08-25 12:15,130,THAI,Business Class,815,540.0,,1357,Y,Y,Y,1,7,2,30,Sunday,False,False,False,Brunei International Airport,BWN
Suvarnabhumi Airport,BKK,2024-08-25 11:15,Singapore Changi Airport,SIN,2024-08-25 14:30,135,THAI,Business Class,685,420.0,,1466,Y,Y,Y,1,7,2,30,Sunday,False,False,False,Brunei International Airport,BWN
Suvarnabhumi Airport,BKK,2024-08-26 21:15,Singapore Changi Airport,SIN,2024-08-27 00:35,140,Singapore Airlines,Business Class,775,505.0,True,768,Y,Y,Y,1,7,1,25,Monday,True,False,False,Brunei International Airport,BWN
Suvarnabhumi Airport,BKK,2024-08-26 06:00,Kuala Lumpur International Airport,KUL,2024-08-26 09:10,130,Malaysia Airlines,Business Class,455,180.0,,1182,Y,Y,Y,1,8,2,23,Monday,False,False,False,Brunei International Airport,BWN
Suvarnabhumi Airport,BKK,2024-08-26 13:30,Ninoy Aquino International Airport,MNL,2024-08-26 17:55,205,Philippine Airlines,Business Class,550,220.0,,1207,Y,Y,Y,1,7,2,32,Monday,False,False,False,Brunei International Airport,BWN
Suvarnabhumi Airport,BKK,2024-08-26 19:40,Kuala Lumpur International Airport,KUL,2024-08-26 22:50,130,Malaysia Airlines,Business Class,1620,1345.0,True,1194,Y,Y,Y,1,8,2,23,Monday,False,False,False,Brunei International Airport,BWN
Suvarnabhumi Airport,BKK,2024-08-26 16:40,Kuala Lumpur International Airport,KUL,2024-08-26 19:50,130,THAI,Business Class,1800,1525.0,True,1375,Y,Y,Y,1,7,2,30,Monday,False,False,False,Brunei International Airport,BWN
Suvarnabhumi Airport,BKK,2024-08-26 19:15,Singapore Changi Airport,SIN,2024-08-26 22:30,135,THAI,Business Class,1085,820.0,True,1466,Y,Y,Y,1,7,2,30,Monday,False,False,False,Brunei International Airport,BWN
Suvarnabhumi Airport,BKK,2024-08-27 13:30,Brunei International Airport,BWN,2024-08-27 17:15,165,Royal Brunei,Business Class,165,,,583,Y,Y,Y,1,12,2,40,Tuesday,False,False,False,Brunei International Airport,BWN
Suvarnabhumi Airport,BKK,2024-08-27 21:15,Singapore Changi Airport,SIN,2024-08-28 00:35,140,Singapore Airlines,Business Class,1005,730.0,True,801,Y,Y,Y,1,7,1,25,Tuesday,True,False,False,Brunei International Airport,BWN
Suvarnabhumi Airport,BKK,2024-08-27 14:15,Kuala Lumpur International Airport,KUL,2024-08-27 17:30,135,Malaysia Airlines,Business Class,505,225.0,,1182,Y,Y,Y,1,8,2,23,Tuesday,False,False,False,Brunei International Airport,BWN
Suvarnabhumi Airport,BKK,2024-08-27 19:40,Kuala Lumpur International Airport,KUL,2024-08-27 22:50,130,Malaysia Airlines,Business Class,1620,1345.0,True,1194,Y,Y,Y,1,8,2,23,Tuesday,False,False,False,Brunei International Airport,BWN
Suvarnabhumi Airport,BKK,2024-08-27 16:40,Kuala Lumpur International Airport,KUL,2024-08-27 19:50,130,THAI,Business Class,360,85.0,,1425,Y,Y,Y,1,7,2,30,Tuesday,False,False,False,Brunei International Airport,BWN
Suvarnabhumi Airport,BKK,2024-08-27 11:15,Singapore Changi Airport,SIN,2024-08-27 14:30,135,THAI,Business Class,680,415.0,,1466,Y,Y,Y,1,7,2,30,Tuesday,False,False,False,Brunei International Airport,BWN
Suvarnabhumi Airport,BKK,2024-08-27 19:15,Singapore Changi Airport,SIN,2024-08-27 22:30,135,THAI,Business Class,1085,820.0,True,1466,Y,Y,Y,1,7,2,30,Tuesday,False,False,False,Brunei International Airport,BWN
Suvarnabhumi Airport,BKK,2024-08-28 21:00,Brunei International Airport,BWN,2024-08-29 00:45,165,Royal Brunei,Business Class,165,,,583,Y,Y,Y,1,12,2,40,Wednesday,True,False,False,Brunei International Airport,BWN
Suvarnabhumi Airport,BKK,2024-08-28 21:15,Singapore Changi Airport,SIN,2024-08-29 00:35,140,Singapore Airlines,Business Class,775,505.0,True,768,Y,Y,Y,1,7,1,25,Wednesday,True,False,False,Brunei International Airport,BWN
Suvarnabhumi Airport,BKK,2024-08-28 22:50,Ninoy Aquino International Airport,MNL,2024-08-29 03:15,205,Philippine Airlines,Business Class,1430,1100.0,True,983,Y,Y,Y,1,7,2,32,Wednesday,True,False,False,Brunei International Airport,BWN
Suvarnabhumi Airport,BKK,2024-08-28 14:15,Kuala Lumpur International Airport,KUL,2024-08-28 17:30,135,Malaysia Airlines,Business Class,505,225.0,,1182,Y,Y,Y,1,8,2,23,Wednesday,False,False,False,Brunei International Airport,BWN
Suvarnabhumi Airport,BKK,2024-08-28 09:05,Kuala Lumpur International Airport,KUL,2024-08-28 12:15,130,THAI,Business Class,815,540.0,,1357,Y,Y,Y,1,7,2,30,Wednesday,False,False,False,Brunei International Airport,BWN
Suvarnabhumi Airport,BKK,2024-08-28 16:40,Kuala Lumpur International Airport,KUL,2024-08-28 19:50,130,THAI,Business Class,360,85.0,,1425,Y,Y,Y,1,7,2,30,Wednesday,False,False,False,Brunei International Airport,BWN
Suvarnabhumi Airport,BKK,2024-08-29 21:15,Singapore Changi Airport,SIN,2024-08-30 00:35,140,Singapore Airlines,Business Class,1005,730.0,True,801,Y,Y,Y,1,7,1,25,Thursday,True,False,False,Brunei International Airport,BWN
Suvarnabhumi Airport,BKK,2024-08-29 13:30,Ninoy Aquino International Airport,MNL,2024-08-29 17:55,205,Philippine Airlines,Business Class,550,220.0,,983,Y,Y,Y,1,7,2,32,Thursday,False,False,False,Brunei International Airport,BWN
Suvarnabhumi Airport,BKK,2024-08-29 06:00,Kuala Lumpur International Airport,KUL,2024-08-29 09:10,130,Malaysia Airlines,Business Class,455,180.0,,1182,Y,Y,Y,1,8,2,23,Thursday,False,False,False,Brunei International Airport,BWN
Suvarnabhumi Airport,BKK,2024-08-29 14:15,Kuala Lumpur International Airport,KUL,2024-08-29 17:30,135,Malaysia Airlines,Business Class,505,225.0,,1182,Y,Y,Y,1,8,2,23,Thursday,False,False,False,Brunei International Airport,BWN
Suvarnabhumi Airport,BKK,2024-08-29 16:40,Kuala Lumpur International Airport,KUL,2024-08-29 19:50,130,THAI,Business Class,360,85.0,,1425,Y,Y,Y,1,7,2,30,Thursday,False,False,False,Brunei International Airport,BWN
Suvarnabhumi Airport,BKK,2024-08-29 19:40,Kuala Lumpur International Airport,KUL,2024-08-29 22:50,130,Malaysia Airlines,Business Class,1075,800.0,True,1194,Y,Y,Y,1,8,2,23,Thursday,False,False,False,Brunei International Airport,BWN
Suvarnabhumi Airport,BKK,2024-08-29 09:05,Kuala Lumpur International Airport,KUL,2024-08-29 12:15,130,THAI,Business Class,815,540.0,,1357,Y,Y,Y,1,7,2,30,Thursday,False,False,False,Brunei International Airport,BWN
Suvarnabhumi Airport,BKK,2024-08-29 11:15,Singapore Changi Airport,SIN,2024-08-29 14:30,135,THAI,Business Class,685,420.0,,1466,Y,Y,Y,1,7,2,30,Thursday,False,False,False,Brunei International Airport,BWN
Suvarnabhumi Airport,BKK,2024-08-29 19:15,Singapore Changi Airport,SIN,2024-08-29 22:30,135,THAI,Business Class,1085,820.0,True,1466,Y,Y,Y,1,7,2,30,Thursday,False,False,False,Brunei International Airport,BWN
Suvarnabhumi Airport,BKK,2024-08-30 21:15,Singapore Changi Airport,SIN,2024-08-31 00:35,140,Singapore Airlines,Business Class,775,505.0,True,884,Y,Y,Y,1,7,1,25,Friday,True,False,False,Brunei International Airport,BWN
Suvarnabhumi Airport,BKK,2024-08-30 13:30,Ninoy Aquino International Airport,MNL,2024-08-30 17:55,205,Philippine Airlines,Business Class,550,220.0,,983,Y,Y,Y,1,7,2,32,Friday,False,False,False,Brunei International Airport,BWN
Suvarnabhumi Airport,BKK,2024-08-30 06:00,Kuala Lumpur International Airport,KUL,2024-08-30 09:10,130,Malaysia Airlines,Business Class,455,180.0,,1182,Y,Y,Y,1,8,2,23,Friday,False,False,False,Brunei International Airport,BWN
Suvarnabhumi Airport,BKK,2024-08-30 14:25,Kuala Lumpur International Airport,KUL,2024-08-30 17:40,135,Malaysia Airlines,Business Class,495,215.0,,1182,Y,Y,Y,1,8,2,23,Friday,False,False,False,Brunei International Airport,BWN
Suvarnabhumi Airport,BKK,2024-08-30 16:40,Kuala Lumpur International Airport,KUL,2024-08-30 19:50,130,THAI,Business Class,360,85.0,,1425,Y,Y,Y,1,7,2,30,Friday,False,False,False,Brunei International Airport,BWN
Suvarnabhumi Airport,BKK,2024-08-30 19:40,Kuala Lumpur International Airport,KUL,2024-08-30 22:50,130,Malaysia Airlines,Business Class,1075,800.0,True,1194,Y,Y,Y,1,8,2,23,Friday,False,False,False,Brunei International Airport,BWN
Suvarnabhumi Airport,BKK,2024-08-30 09:05,Kuala Lumpur International Airport,KUL,2024-08-30 12:15,130,THAI,Business Class,815,540.0,,1357,Y,Y,Y,1,7,2,30,Friday,False,False,False,Brunei International Airport,BWN
Suvarnabhumi Airport,BKK,2024-08-30 11:15,Singapore Changi Airport,SIN,2024-08-30 14:30,135,THAI,Business Class,680,415.0,,1466,Y,Y,Y,1,7,2,30,Friday,False,False,False,Brunei International Airport,BWN
Suvarnabhumi Airport,BKK,2024-08-31 13:30,Brunei International Airport,BWN,2024-08-31 17:15,165,Royal Brunei,Business Class,165,,,583,Y,Y,Y,1,12,2,40,Saturday,False,False,False,Brunei International Airport,BWN
Suvarnabhumi Airport,BKK,2024-08-31 21:15,Singapore Changi Airport,SIN,2024-09-01 00:35,140,Singapore Airlines,Business Class,1005,730.0,True,1105,Y,Y,Y,1,7,1,25,Saturday,True,False,False,Brunei International Airport,BWN
Suvarnabhumi Airport,BKK,2024-08-31 06:00,Kuala Lumpur International Airport,KUL,2024-08-31 09:10,130,Malaysia Airlines,Business Class,455,180.0,,1182,Y,Y,Y,1,8,2,23,Saturday,False,False,False,Brunei International Airport,BWN
Suvarnabhumi Airport,BKK,2024-08-31 19:40,Kuala Lumpur International Airport,KUL,2024-08-31 22:50,130,Malaysia Airlines,Business Class,1075,800.0,True,1194,Y,Y,Y,1,8,2,23,Saturday,False,False,False,Brunei International Airport,BWN
Suvarnabhumi Airport,BKK,2024-08-31 16:40,Kuala Lumpur International Airport,KUL,2024-08-31 19:50,130,THAI,Business Class,1255,980.0,True,1368,Y,Y,Y,1,7,2,30,Saturday,False,False,False,Brunei International Airport,BWN
Suvarnabhumi Airport,BKK,2024-08-31 11:15,Singapore Changi Airport,SIN,2024-08-31 14:30,135,THAI,Business Class,680,415.0,,1466,Y,Y,Y,1,7,2,30,Saturday,False,False,False,Brunei International Airport,BWN
Suvarnabhumi Airport,BKK,2024-08-31 19:15,Singapore Changi Airport,SIN,2024-08-31 22:30,135,THAI,Business Class,1085,820.0,True,1466,Y,Y,Y,1,7,2,30,Saturday,False,False,False,Brunei International Airport,BWN
