Departure Airport Name,Departure Airport ID,Departure Time,Arrival Airport Name,Arrival Airport ID,Arrival Time,Duration,Airline,Travel Class,Total Duration,Layover 1 Duration,Layover 1 Overnight,Price, Cabin Baggage, Checked Baggage,Meal Included,Cabin Baggage (Number),Cabin Baggage (kg per piece),Checked Baggage (Number),Checked Baggage (kg per piece) ,Day of Week (on flight date),Overnight Flight,Departure Country Is Holiday,Arrival Country Is Holiday,Final Arrival Airport Name,Final Arrival Airport ID
Brunei International Airport,BWN,2024-07-01 18:30,Ninoy Aquino International Airport,MNL,2024-07-01 20:45,135,Royal Brunei,Business Class,135,,,840,Y,Y,Y,1,12,2,40,Monday,False,False,False,Ninoy Aquino International Airport,MNL
Brunei International Airport,BWN,2024-07-01 12:05,Singapore Changi Airport,SIN,2024-07-01 14:20,135,Singapore Airlines,Business Class,655,305.0,,1535,Y,Y,Y,1,7,1,25,Monday,False,False,False,Ninoy Aquino International Airport,MNL
Brunei International Airport,BWN,2024-07-02 12:05,Singapore Changi Airport,SIN,2024-07-02 14:20,135,Singapore Airlines,Business Class,1500,1140.0,True,1535,Y,Y,Y,1,7,1,25,Tuesday,False,False,False,Ninoy Aquino International Airport,MNL
Brunei International Airport,BWN,2024-07-02 12:05,Singapore Changi Airport,SIN,2024-07-02 14:20,135,Singapore Airlines,Business Class,655,305.0,,1693,Y,Y,Y,1,7,1,25,Tuesday,False,False,False,Ninoy Aquino International Airport,MNL
Brunei International Airport,BWN,2024-07-02 12:05,Singapore Changi Airport,SIN,2024-07-02 14:20,135,Singapore Airlines,Business Class,775,405.0,,2677,Y,Y,Y,1,7,1,25,Tuesday,False,False,False,Ninoy Aquino International Airport,MNL
Brunei International Airport,BWN,2024-07-03 11:55,Ninoy Aquino International Airport,MNL,2024-07-03 14:10,135,Royal Brunei,Business Class,135,,,993,Y,Y,Y,1,12,2,40,Wednesday,False,False,False,Ninoy Aquino International Airport,MNL
Brunei International Airport,BWN,2024-07-03 17:55,Kuala Lumpur International Airport,KUL,2024-07-03 20:25,150,Royal Brunei,Business Class,1085,705.0,True,1855,Y,Y,Y,1,12,2,40,Wednesday,False,False,False,Ninoy Aquino International Airport,MNL
Brunei International Airport,BWN,2024-07-03 17:55,Kuala Lumpur International Airport,KUL,2024-07-03 20:25,150,Royal Brunei,Business Class,1585,1200.0,True,2286,Y,Y,Y,1,12,2,40,Wednesday,False,False,False,Ninoy Aquino International Airport,MNL
Brunei International Airport,BWN,2024-07-04 18:30,Ninoy Aquino International Airport,MNL,2024-07-04 20:45,135,Royal Brunei,Business Class,135,,,840,Y,Y,Y,1,12,2,40,Thursday,False,False,False,Ninoy Aquino International Airport,MNL
Brunei International Airport,BWN,2024-07-04 12:05,Singapore Changi Airport,SIN,2024-07-04 14:20,135,Singapore Airlines,Business Class,655,305.0,,1535,Y,Y,Y,1,7,1,25,Thursday,False,False,False,Ninoy Aquino International Airport,MNL
Brunei International Airport,BWN,2024-07-04 08:50,Kuala Lumpur International Airport,KUL,2024-07-04 11:20,150,Royal Brunei,Business Class,690,305.0,,2390,Y,Y,Y,1,12,2,40,Thursday,False,False,False,Ninoy Aquino International Airport,MNL
Brunei International Airport,BWN,2024-07-05 18:30,Ninoy Aquino International Airport,MNL,2024-07-05 20:45,135,Royal Brunei,Business Class,135,,,840,Y,Y,Y,1,12,2,40,Friday,False,False,False,Ninoy Aquino International Airport,MNL
Brunei International Airport,BWN,2024-07-05 08:50,Kuala Lumpur International Airport,KUL,2024-07-05 11:20,150,Royal Brunei,Business Class,1630,1250.0,True,1965,Y,Y,Y,1,12,2,40,Friday,False,False,False,Ninoy Aquino International Airport,MNL
Brunei International Airport,BWN,2024-07-05 17:55,Kuala Lumpur International Airport,KUL,2024-07-05 20:25,150,Royal Brunei,Business Class,730,345.0,True,2390,Y,Y,Y,1,12,2,40,Friday,False,False,False,Ninoy Aquino International Airport,MNL
Brunei International Airport,BWN,2024-07-06 11:55,Ninoy Aquino International Airport,MNL,2024-07-06 14:10,135,Royal Brunei,Business Class,135,,,993,Y,Y,Y,1,12,2,40,Saturday,False,False,False,Ninoy Aquino International Airport,MNL
Brunei International Airport,BWN,2024-07-06 12:05,Singapore Changi Airport,SIN,2024-07-06 14:20,135,Singapore Airlines,Business Class,655,305.0,,1535,Y,Y,Y,1,7,1,25,Saturday,False,False,False,Ninoy Aquino International Airport,MNL
Brunei International Airport,BWN,2024-07-06 08:50,Kuala Lumpur International Airport,KUL,2024-07-06 11:20,150,Royal Brunei,Business Class,755,365.0,,1966,Y,Y,Y,1,12,2,40,Saturday,False,False,False,Ninoy Aquino International Airport,MNL
Brunei International Airport,BWN,2024-07-06 08:50,Kuala Lumpur International Airport,KUL,2024-07-06 11:20,150,Royal Brunei,Business Class,690,305.0,,2476,Y,Y,Y,1,12,2,40,Saturday,False,False,False,Ninoy Aquino International Airport,MNL
Brunei International Airport,BWN,2024-07-06 12:05,Singapore Changi Airport,SIN,2024-07-06 14:20,135,Singapore Airlines,Business Class,975,610.0,,2677,Y,Y,Y,1,7,1,25,Saturday,False,False,False,Ninoy Aquino International Airport,MNL
Brunei International Airport,BWN,2024-07-07 08:35,Taiwan Taoyuan International Airport,TPE,2024-07-07 12:10,215,Royal Brunei,Business Class,1500,1150.0,True,1553,Y,Y,Y,1,12,2,40,Sunday,False,False,False,Ninoy Aquino International Airport,MNL
Brunei International Airport,BWN,2024-07-07 15:50,Singapore Changi Airport,SIN,2024-07-07 18:00,130,Singapore Airlines,Business Class,430,85.0,,1693,Y,Y,Y,1,7,1,25,Sunday,False,False,False,Ninoy Aquino International Airport,MNL
Brunei International Airport,BWN,2024-07-07 17:55,Kuala Lumpur International Airport,KUL,2024-07-07 20:25,150,Royal Brunei,Business Class,1085,705.0,True,1855,Y,Y,Y,1,12,2,40,Sunday,False,False,False,Ninoy Aquino International Airport,MNL
Brunei International Airport,BWN,2024-07-07 15:50,Singapore Changi Airport,SIN,2024-07-07 18:00,130,Singapore Airlines,Business Class,475,110.0,,2677,Y,Y,Y,1,7,1,25,Sunday,False,False,False,Ninoy Aquino International Airport,MNL
Brunei International Airport,BWN,2024-07-08 18:30,Ninoy Aquino International Airport,MNL,2024-07-08 20:45,135,Royal Brunei,Business Class,135,,,840,Y,Y,Y,1,12,2,40,Monday,False,True,False,Ninoy Aquino International Airport,MNL
Brunei International Airport,BWN,2024-07-08 12:05,Singapore Changi Airport,SIN,2024-07-08 14:20,135,Singapore Airlines,Business Class,1500,1140.0,True,1535,Y,Y,Y,1,7,1,25,Monday,False,True,False,Ninoy Aquino International Airport,MNL
Brunei International Airport,BWN,2024-07-08 12:05,Singapore Changi Airport,SIN,2024-07-08 14:20,135,Singapore Airlines,Business Class,655,305.0,,1693,Y,Y,Y,1,7,1,25,Monday,False,True,False,Ninoy Aquino International Airport,MNL
Brunei International Airport,BWN,2024-07-09 12:05,Singapore Changi Airport,SIN,2024-07-09 14:20,135,Singapore Airlines,Business Class,655,305.0,,1535,Y,Y,Y,1,7,1,25,Tuesday,False,False,False,Ninoy Aquino International Airport,MNL
Brunei International Airport,BWN,2024-07-09 12:05,Singapore Changi Airport,SIN,2024-07-09 14:20,135,Singapore Airlines,Business Class,1500,1140.0,True,1292,Y,Y,Y,1,7,1,25,Tuesday,False,False,False,Ninoy Aquino International Airport,MNL
Brunei International Airport,BWN,2024-07-09 10:15,Taiwan Taoyuan International Airport,TPE,2024-07-09 13:50,215,Royal Brunei,Business Class,1400,1050.0,True,1553,Y,Y,Y,1,12,2,40,Tuesday,False,False,False,Ninoy Aquino International Airport,MNL
Brunei International Airport,BWN,2024-07-09 17:55,Kuala Lumpur International Airport,KUL,2024-07-09 20:25,150,Royal Brunei,Business Class,1085,705.0,True,1966,Y,Y,Y,1,12,2,40,Tuesday,False,False,False,Ninoy Aquino International Airport,MNL
Brunei International Airport,BWN,2024-07-09 17:55,Kuala Lumpur International Airport,KUL,2024-07-09 20:25,150,Royal Brunei,Business Class,1265,885.0,True,2402,Y,Y,Y,1,12,2,40,Tuesday,False,False,False,Ninoy Aquino International Airport,MNL
Brunei International Airport,BWN,2024-07-09 12:05,Singapore Changi Airport,SIN,2024-07-09 14:20,135,Singapore Airlines,Business Class,700,330.0,,2677,Y,Y,Y,1,7,1,25,Tuesday,False,False,False,Ninoy Aquino International Airport,MNL
Brunei International Airport,BWN,2024-07-10 11:55,Ninoy Aquino International Airport,MNL,2024-07-10 14:10,135,Royal Brunei,Business Class,135,,,993,Y,Y,Y,1,12,2,40,Wednesday,False,False,False,Ninoy Aquino International Airport,MNL
Brunei International Airport,BWN,2024-07-10 15:50,Singapore Changi Airport,SIN,2024-07-10 18:00,130,Singapore Airlines,Business Class,430,85.0,,1535,Y,Y,Y,1,7,1,25,Wednesday,False,False,False,Ninoy Aquino International Airport,MNL
Brunei International Airport,BWN,2024-07-10 17:55,Kuala Lumpur International Airport,KUL,2024-07-10 20:25,150,Royal Brunei,Business Class,1085,705.0,True,1855,Y,Y,Y,1,12,2,40,Wednesday,False,False,False,Ninoy Aquino International Airport,MNL
Brunei International Airport,BWN,2024-07-10 17:55,Kuala Lumpur International Airport,KUL,2024-07-10 20:25,150,Royal Brunei,Business Class,1615,1235.0,True,2372,Y,Y,Y,1,12,2,40,Wednesday,False,False,False,Ninoy Aquino International Airport,MNL
Brunei International Airport,BWN,2024-07-10 15:50,Singapore Changi Airport,SIN,2024-07-10 18:00,130,Singapore Airlines,Business Class,475,110.0,,2677,Y,Y,Y,1,7,1,25,Wednesday,False,False,False,Ninoy Aquino International Airport,MNL
Brunei International Airport,BWN,2024-07-11 18:30,Ninoy Aquino International Airport,MNL,2024-07-11 20:45,135,Royal Brunei,Business Class,135,,,840,Y,Y,Y,1,12,2,40,Thursday,False,False,False,Ninoy Aquino International Airport,MNL
Brunei International Airport,BWN,2024-07-11 12:05,Singapore Changi Airport,SIN,2024-07-11 14:20,135,Singapore Airlines,Business Class,1500,1140.0,True,1292,Y,Y,Y,1,7,1,25,Thursday,False,False,False,Ninoy Aquino International Airport,MNL
Brunei International Airport,BWN,2024-07-11 12:05,Singapore Changi Airport,SIN,2024-07-11 14:20,135,Singapore Airlines,Business Class,655,305.0,,1535,Y,Y,Y,1,7,1,25,Thursday,False,False,False,Ninoy Aquino International Airport,MNL
Brunei International Airport,BWN,2024-07-12 18:30,Ninoy Aquino International Airport,MNL,2024-07-12 20:45,135,Royal Brunei,Business Class,135,,,991,Y,Y,Y,1,12,2,40,Friday,False,False,False,Ninoy Aquino International Airport,MNL
Brunei International Airport,BWN,2024-07-12 15:50,Singapore Changi Airport,SIN,2024-07-12 18:00,130,Singapore Airlines,Business Class,430,85.0,,1693,Y,Y,Y,1,7,1,25,Friday,False,False,False,Ninoy Aquino International Airport,MNL
Brunei International Airport,BWN,2024-07-13 11:55,Ninoy Aquino International Airport,MNL,2024-07-13 14:10,135,Royal Brunei,Business Class,135,,,842,Y,Y,Y,1,12,2,40,Saturday,False,False,False,Ninoy Aquino International Airport,MNL
Brunei International Airport,BWN,2024-07-13 12:05,Singapore Changi Airport,SIN,2024-07-13 14:20,135,Singapore Airlines,Business Class,655,305.0,,1292,Y,Y,Y,1,7,1,25,Saturday,False,False,False,Ninoy Aquino International Airport,MNL
Brunei International Airport,BWN,2024-07-13 08:50,Kuala Lumpur International Airport,KUL,2024-07-13 11:20,150,Royal Brunei,Business Class,755,365.0,,1855,Y,Y,Y,1,12,2,40,Saturday,False,False,False,Ninoy Aquino International Airport,MNL
Brunei International Airport,BWN,2024-07-13 08:50,Kuala Lumpur International Airport,KUL,2024-07-13 11:20,150,Royal Brunei,Business Class,690,305.0,,2360,Y,Y,Y,1,12,2,40,Saturday,False,False,False,Ninoy Aquino International Airport,MNL
Brunei International Airport,BWN,2024-07-13 12:05,Singapore Changi Airport,SIN,2024-07-13 14:20,135,Singapore Airlines,Business Class,700,330.0,,2677,Y,Y,Y,1,7,1,25,Saturday,False,False,False,Ninoy Aquino International Airport,MNL
Brunei International Airport,BWN,2024-07-14 15:50,Singapore Changi Airport,SIN,2024-07-14 18:00,130,Singapore Airlines,Business Class,430,85.0,,1535,Y,Y,Y,1,7,1,25,Sunday,False,False,False,Ninoy Aquino International Airport,MNL
Brunei International Airport,BWN,2024-07-14 08:35,Taiwan Taoyuan International Airport,TPE,2024-07-14 12:10,215,Royal Brunei,Business Class,1500,1150.0,True,1553,Y,Y,Y,1,12,2,40,Sunday,False,False,False,Ninoy Aquino International Airport,MNL
Brunei International Airport,BWN,2024-07-14 08:50,Kuala Lumpur International Airport,KUL,2024-07-14 11:20,150,Royal Brunei,Business Class,755,365.0,,1855,Y,Y,Y,1,12,2,40,Sunday,False,False,False,Ninoy Aquino International Airport,MNL
Brunei International Airport,BWN,2024-07-14 17:55,Kuala Lumpur International Airport,KUL,2024-07-14 20:25,150,Royal Brunei,Business Class,1085,705.0,True,1855,Y,Y,Y,1,12,2,40,Sunday,False,False,False,Ninoy Aquino International Airport,MNL
Brunei International Airport,BWN,2024-07-14 17:55,Kuala Lumpur International Airport,KUL,2024-07-14 20:25,150,Royal Brunei,Business Class,1265,885.0,True,2286,Y,Y,Y,1,12,2,40,Sunday,False,False,False,Ninoy Aquino International Airport,MNL
Brunei International Airport,BWN,2024-07-14 15:50,Singapore Changi Airport,SIN,2024-07-14 18:00,130,Singapore Airlines,Business Class,475,110.0,,2677,Y,Y,Y,1,7,1,25,Sunday,False,False,False,Ninoy Aquino International Airport,MNL
Brunei International Airport,BWN,2024-07-15 18:30,Ninoy Aquino International Airport,MNL,2024-07-15 20:45,135,Royal Brunei,Business Class,135,,,840,Y,Y,Y,1,12,2,40,Monday,False,True,False,Ninoy Aquino International Airport,MNL
Brunei International Airport,BWN,2024-07-15 12:05,Singapore Changi Airport,SIN,2024-07-15 14:20,135,Singapore Airlines,Business Class,655,305.0,,1535,Y,Y,Y,1,7,1,25,Monday,False,True,False,Ninoy Aquino International Airport,MNL
Brunei International Airport,BWN,2024-07-16 12:05,Singapore Changi Airport,SIN,2024-07-16 14:20,135,Singapore Airlines,Business Class,655,305.0,,1693,Y,Y,Y,1,7,1,25,Tuesday,False,False,False,Ninoy Aquino International Airport,MNL
Brunei International Airport,BWN,2024-07-16 12:05,Singapore Changi Airport,SIN,2024-07-16 14:20,135,Singapore Airlines,Business Class,1500,1140.0,True,1535,Y,Y,Y,1,7,1,25,Tuesday,False,False,False,Ninoy Aquino International Airport,MNL
Brunei International Airport,BWN,2024-07-16 10:15,Taiwan Taoyuan International Airport,TPE,2024-07-16 13:50,215,Royal Brunei,Business Class,1400,1050.0,True,1553,Y,Y,Y,1,12,2,40,Tuesday,False,False,False,Ninoy Aquino International Airport,MNL
Brunei International Airport,BWN,2024-07-16 17:55,Kuala Lumpur International Airport,KUL,2024-07-16 20:25,150,Royal Brunei,Business Class,1085,705.0,True,1966,Y,Y,Y,1,12,2,40,Tuesday,False,False,False,Ninoy Aquino International Airport,MNL
Brunei International Airport,BWN,2024-07-16 17:55,Kuala Lumpur International Airport,KUL,2024-07-16 20:25,150,Royal Brunei,Business Class,1265,885.0,True,2402,Y,Y,Y,1,12,2,40,Tuesday,False,False,False,Ninoy Aquino International Airport,MNL
Brunei International Airport,BWN,2024-07-16 12:05,Singapore Changi Airport,SIN,2024-07-16 14:20,135,Singapore Airlines,Business Class,700,330.0,,2677,Y,Y,Y,1,7,1,25,Tuesday,False,False,False,Ninoy Aquino International Airport,MNL
Brunei International Airport,BWN,2024-07-17 11:55,Ninoy Aquino International Airport,MNL,2024-07-17 14:10,135,Royal Brunei,Business Class,135,,,842,Y,Y,Y,1,12,2,40,Wednesday,False,False,False,Ninoy Aquino International Airport,MNL
Brunei International Airport,BWN,2024-07-17 17:55,Kuala Lumpur International Airport,KUL,2024-07-17 20:25,150,Royal Brunei,Business Class,1085,705.0,True,1855,Y,Y,Y,1,12,2,40,Wednesday,False,False,False,Ninoy Aquino International Airport,MNL
Brunei International Airport,BWN,2024-07-17 17:55,Kuala Lumpur International Airport,KUL,2024-07-17 20:25,150,Royal Brunei,Business Class,2170,1785.0,True,2292,Y,Y,Y,1,12,2,40,Wednesday,False,False,False,Ninoy Aquino International Airport,MNL
Brunei International Airport,BWN,2024-07-17 17:55,Kuala Lumpur International Airport,KUL,2024-07-17 20:25,150,Royal Brunei,Business Class,1585,1200.0,True,2372,Y,Y,Y,1,12,2,40,Wednesday,False,False,False,Ninoy Aquino International Airport,MNL
Brunei International Airport,BWN,2024-07-18 18:30,Ninoy Aquino International Airport,MNL,2024-07-18 20:45,135,Royal Brunei,Business Class,135,,,840,Y,Y,Y,1,12,2,40,Thursday,False,False,False,Ninoy Aquino International Airport,MNL
Brunei International Airport,BWN,2024-07-18 12:05,Singapore Changi Airport,SIN,2024-07-18 14:20,135,Singapore Airlines,Business Class,1500,1140.0,True,1292,Y,Y,Y,1,7,1,25,Thursday,False,False,False,Ninoy Aquino International Airport,MNL
Brunei International Airport,BWN,2024-07-18 12:05,Singapore Changi Airport,SIN,2024-07-18 14:20,135,Singapore Airlines,Business Class,655,305.0,,1535,Y,Y,Y,1,7,1,25,Thursday,False,False,False,Ninoy Aquino International Airport,MNL
Brunei International Airport,BWN,2024-07-18 10:15,Taiwan Taoyuan International Airport,TPE,2024-07-18 13:50,215,Royal Brunei,Business Class,890,540.0,,1553,Y,Y,Y,1,12,2,40,Thursday,False,False,False,Ninoy Aquino International Airport,MNL
Brunei International Airport,BWN,2024-07-18 08:50,Kuala Lumpur International Airport,KUL,2024-07-18 11:20,150,Royal Brunei,Business Class,690,305.0,,2360,Y,Y,Y,1,12,2,40,Thursday,False,False,False,Ninoy Aquino International Airport,MNL
Brunei International Airport,BWN,2024-07-19 18:30,Ninoy Aquino International Airport,MNL,2024-07-19 20:45,135,Royal Brunei,Business Class,135,,,840,Y,Y,Y,1,12,2,40,Friday,False,False,False,Ninoy Aquino International Airport,MNL
Brunei International Airport,BWN,2024-07-19 15:50,Singapore Changi Airport,SIN,2024-07-19 18:00,130,Singapore Airlines,Business Class,430,85.0,,1292,Y,Y,Y,1,7,1,25,Friday,False,False,False,Ninoy Aquino International Airport,MNL
Brunei International Airport,BWN,2024-07-19 08:50,Kuala Lumpur International Airport,KUL,2024-07-19 11:20,150,Royal Brunei,Business Class,755,365.0,,1855,Y,Y,Y,1,12,2,40,Friday,False,False,False,Ninoy Aquino International Airport,MNL
Brunei International Airport,BWN,2024-07-19 15:50,Singapore Changi Airport,SIN,2024-07-19 18:00,130,Singapore Airlines,Business Class,475,110.0,,2677,Y,Y,Y,1,7,1,25,Friday,False,False,False,Ninoy Aquino International Airport,MNL
Brunei International Airport,BWN,2024-07-20 12:05,Singapore Changi Airport,SIN,2024-07-20 14:20,135,Singapore Airlines,Business Class,655,305.0,,1693,Y,Y,Y,1,7,1,25,Saturday,False,False,False,Ninoy Aquino International Airport,MNL
Brunei International Airport,BWN,2024-07-20 08:50,Kuala Lumpur International Airport,KUL,2024-07-20 11:20,150,Royal Brunei,Business Class,755,365.0,,1966,Y,Y,Y,1,12,2,40,Saturday,False,False,False,Ninoy Aquino International Airport,MNL
Brunei International Airport,BWN,2024-07-20 08:50,Kuala Lumpur International Airport,KUL,2024-07-20 11:20,150,Royal Brunei,Business Class,1275,890.0,True,2402,Y,Y,Y,1,12,2,40,Saturday,False,False,False,Ninoy Aquino International Airport,MNL
Brunei International Airport,BWN,2024-07-20 08:50,Kuala Lumpur International Airport,KUL,2024-07-20 11:20,150,Royal Brunei,Business Class,690,305.0,,2476,Y,Y,Y,1,12,2,40,Saturday,False,False,False,Ninoy Aquino International Airport,MNL
Brunei International Airport,BWN,2024-07-20 12:05,Singapore Changi Airport,SIN,2024-07-20 14:20,135,Singapore Airlines,Business Class,700,330.0,,2677,Y,Y,Y,1,7,1,25,Saturday,False,False,False,Ninoy Aquino International Airport,MNL
Brunei International Airport,BWN,2024-07-21 15:50,Singapore Changi Airport,SIN,2024-07-21 18:00,130,Singapore Airlines,Business Class,1275,920.0,True,1693,Y,Y,Y,1,7,1,25,Sunday,False,False,False,Ninoy Aquino International Airport,MNL
Brunei International Airport,BWN,2024-07-21 08:50,Kuala Lumpur International Airport,KUL,2024-07-21 11:20,150,Royal Brunei,Business Class,755,365.0,,1855,Y,Y,Y,1,12,2,40,Sunday,False,False,False,Ninoy Aquino International Airport,MNL
Brunei International Airport,BWN,2024-07-21 08:35,Taiwan Taoyuan International Airport,TPE,2024-07-21 12:10,215,Royal Brunei,Business Class,1500,1150.0,True,1553,Y,Y,Y,1,12,2,40,Sunday,False,False,False,Ninoy Aquino International Airport,MNL
Brunei International Airport,BWN,2024-07-21 17:55,Kuala Lumpur International Airport,KUL,2024-07-21 20:25,150,Royal Brunei,Business Class,1085,705.0,True,1966,Y,Y,Y,1,12,2,40,Sunday,False,False,False,Ninoy Aquino International Airport,MNL
Brunei International Airport,BWN,2024-07-21 08:50,Kuala Lumpur International Airport,KUL,2024-07-21 11:20,150,Royal Brunei,Business Class,1810,1430.0,True,2286,Y,Y,Y,1,12,2,40,Sunday,False,False,False,Ninoy Aquino International Airport,MNL
Brunei International Airport,BWN,2024-07-21 17:55,Kuala Lumpur International Airport,KUL,2024-07-21 20:25,150,Royal Brunei,Business Class,1265,885.0,True,2402,Y,Y,Y,1,12,2,40,Sunday,False,False,False,Ninoy Aquino International Airport,MNL
Brunei International Airport,BWN,2024-07-21 15:50,Singapore Changi Airport,SIN,2024-07-21 18:00,130,Singapore Airlines,Business Class,750,390.0,,2677,Y,Y,Y,1,7,1,25,Sunday,False,False,False,Ninoy Aquino International Airport,MNL
Brunei International Airport,BWN,2024-07-22 18:30,Ninoy Aquino International Airport,MNL,2024-07-22 20:45,135,Royal Brunei,Business Class,135,,,840,Y,Y,Y,1,12,2,40,Monday,False,False,False,Ninoy Aquino International Airport,MNL
Brunei International Airport,BWN,2024-07-22 12:05,Singapore Changi Airport,SIN,2024-07-22 14:20,135,Singapore Airlines,Business Class,655,305.0,,1693,Y,Y,Y,1,7,1,25,Monday,False,False,False,Ninoy Aquino International Airport,MNL
Brunei International Airport,BWN,2024-07-23 12:05,Singapore Changi Airport,SIN,2024-07-23 14:20,135,Singapore Airlines,Business Class,655,305.0,,1535,Y,Y,Y,1,7,1,25,Tuesday,False,False,False,Ninoy Aquino International Airport,MNL
Brunei International Airport,BWN,2024-07-23 10:15,Taiwan Taoyuan International Airport,TPE,2024-07-23 13:50,215,Royal Brunei,Business Class,1400,1050.0,True,1553,Y,Y,Y,1,12,2,40,Tuesday,False,False,False,Ninoy Aquino International Airport,MNL
Brunei International Airport,BWN,2024-07-23 17:55,Kuala Lumpur International Airport,KUL,2024-07-23 20:25,150,Royal Brunei,Business Class,1085,705.0,True,1855,Y,Y,Y,1,12,2,40,Tuesday,False,False,False,Ninoy Aquino International Airport,MNL
Brunei International Airport,BWN,2024-07-23 17:55,Kuala Lumpur International Airport,KUL,2024-07-23 20:25,150,Royal Brunei,Business Class,1265,885.0,True,2372,Y,Y,Y,1,12,2,40,Tuesday,False,False,False,Ninoy Aquino International Airport,MNL
Brunei International Airport,BWN,2024-07-23 12:05,Singapore Changi Airport,SIN,2024-07-23 14:20,135,Singapore Airlines,Business Class,700,330.0,,2677,Y,Y,Y,1,7,1,25,Tuesday,False,False,False,Ninoy Aquino International Airport,MNL
Brunei International Airport,BWN,2024-07-24 11:55,Ninoy Aquino International Airport,MNL,2024-07-24 14:10,135,Royal Brunei,Business Class,135,,,842,Y,Y,Y,1,12,2,40,Wednesday,False,False,False,Ninoy Aquino International Airport,MNL
Brunei International Airport,BWN,2024-07-24 15:50,Singapore Changi Airport,SIN,2024-07-24 18:00,130,Singapore Airlines,Business Class,430,85.0,,1292,Y,Y,Y,1,7,1,25,Wednesday,False,False,False,Ninoy Aquino International Airport,MNL
Brunei International Airport,BWN,2024-07-24 17:55,Kuala Lumpur International Airport,KUL,2024-07-24 20:25,150,Royal Brunei,Business Class,1085,705.0,True,1966,Y,Y,Y,1,12,2,40,Wednesday,False,False,False,Ninoy Aquino International Airport,MNL
Brunei International Airport,BWN,2024-07-24 17:55,Kuala Lumpur International Airport,KUL,2024-07-24 20:25,150,Royal Brunei,Business Class,2170,1785.0,True,2408,Y,Y,Y,1,12,2,40,Wednesday,False,False,False,Ninoy Aquino International Airport,MNL
Brunei International Airport,BWN,2024-07-24 17:55,Kuala Lumpur International Airport,KUL,2024-07-24 20:25,150,Royal Brunei,Business Class,1585,1200.0,True,2487,Y,Y,Y,1,12,2,40,Wednesday,False,False,False,Ninoy Aquino International Airport,MNL
Brunei International Airport,BWN,2024-07-24 15:50,Singapore Changi Airport,SIN,2024-07-24 18:00,130,Singapore Airlines,Business Class,475,110.0,,2677,Y,Y,Y,1,7,1,25,Wednesday,False,False,False,Ninoy Aquino International Airport,MNL
Brunei International Airport,BWN,2024-07-25 18:30,Ninoy Aquino International Airport,MNL,2024-07-25 20:45,135,Royal Brunei,Business Class,135,,,840,Y,Y,Y,1,12,2,40,Thursday,False,False,False,Ninoy Aquino International Airport,MNL
Brunei International Airport,BWN,2024-07-25 12:05,Singapore Changi Airport,SIN,2024-07-25 14:20,135,Singapore Airlines,Business Class,655,305.0,,1693,Y,Y,Y,1,7,1,25,Thursday,False,False,False,Ninoy Aquino International Airport,MNL
Brunei International Airport,BWN,2024-07-25 08:50,Kuala Lumpur International Airport,KUL,2024-07-25 11:20,150,Royal Brunei,Business Class,690,305.0,,2360,Y,Y,Y,1,12,2,40,Thursday,False,False,False,Ninoy Aquino International Airport,MNL
Brunei International Airport,BWN,2024-07-26 18:30,Ninoy Aquino International Airport,MNL,2024-07-26 20:45,135,Royal Brunei,Business Class,135,,,840,Y,Y,Y,1,12,2,40,Friday,False,False,False,Ninoy Aquino International Airport,MNL
Brunei International Airport,BWN,2024-07-26 15:50,Singapore Changi Airport,SIN,2024-07-26 18:00,130,Singapore Airlines,Business Class,430,85.0,,1535,Y,Y,Y,1,7,1,25,Friday,False,False,False,Ninoy Aquino International Airport,MNL
Brunei International Airport,BWN,2024-07-27 11:55,Ninoy Aquino International Airport,MNL,2024-07-27 14:10,135,Royal Brunei,Business Class,135,,,842,Y,Y,Y,1,12,2,40,Saturday,False,False,False,Ninoy Aquino International Airport,MNL
Brunei International Airport,BWN,2024-07-27 12:05,Singapore Changi Airport,SIN,2024-07-27 14:20,135,Singapore Airlines,Business Class,655,305.0,,1693,Y,Y,Y,1,7,1,25,Saturday,False,False,False,Ninoy Aquino International Airport,MNL
Brunei International Airport,BWN,2024-07-27 08:50,Kuala Lumpur International Airport,KUL,2024-07-27 11:20,150,Royal Brunei,Business Class,755,365.0,,1855,Y,Y,Y,1,12,2,40,Saturday,False,False,False,Ninoy Aquino International Airport,MNL
Brunei International Airport,BWN,2024-07-27 08:50,Kuala Lumpur International Airport,KUL,2024-07-27 11:20,150,Royal Brunei,Business Class,690,305.0,,2274,Y,Y,Y,1,12,2,40,Saturday,False,False,False,Ninoy Aquino International Airport,MNL
Brunei International Airport,BWN,2024-07-27 12:05,Singapore Changi Airport,SIN,2024-07-27 14:20,135,Singapore Airlines,Business Class,700,330.0,,2677,Y,Y,Y,1,7,1,25,Saturday,False,False,False,Ninoy Aquino International Airport,MNL
Brunei International Airport,BWN,2024-07-28 15:50,Singapore Changi Airport,SIN,2024-07-28 18:00,130,Singapore Airlines,Business Class,430,85.0,,1693,Y,Y,Y,1,7,1,25,Sunday,False,False,False,Ninoy Aquino International Airport,MNL
Brunei International Airport,BWN,2024-07-28 08:50,Kuala Lumpur International Airport,KUL,2024-07-28 11:20,150,Royal Brunei,Business Class,755,365.0,,1855,Y,Y,Y,1,12,2,40,Sunday,False,False,False,Ninoy Aquino International Airport,MNL
Brunei International Airport,BWN,2024-07-28 15:50,Singapore Changi Airport,SIN,2024-07-28 18:00,130,Singapore Airlines,Business Class,475,110.0,,2677,Y,Y,Y,1,7,1,25,Sunday,False,False,False,Ninoy Aquino International Airport,MNL
Brunei International Airport,BWN,2024-07-28 15:50,Singapore Changi Airport,SIN,2024-07-28 18:00,130,Singapore Airlines,Business Class,1535,1170.0,True,1292,Y,Y,Y,1,7,1,25,Sunday,False,False,False,Ninoy Aquino International Airport,MNL
Brunei International Airport,BWN,2024-07-28 15:50,Singapore Changi Airport,SIN,2024-07-28 18:00,130,Singapore Airlines,Business Class,1275,920.0,True,1535,Y,Y,Y,1,7,1,25,Sunday,False,False,False,Ninoy Aquino International Airport,MNL
Brunei International Airport,BWN,2024-07-28 08:35,Taiwan Taoyuan International Airport,TPE,2024-07-28 12:10,215,Royal Brunei,Business Class,1500,1150.0,True,1553,Y,Y,Y,1,12,2,40,Sunday,False,False,False,Ninoy Aquino International Airport,MNL
Brunei International Airport,BWN,2024-07-28 17:55,Kuala Lumpur International Airport,KUL,2024-07-28 20:25,150,Royal Brunei,Business Class,1085,705.0,True,1855,Y,Y,Y,1,12,2,40,Sunday,False,False,False,Ninoy Aquino International Airport,MNL
Brunei International Airport,BWN,2024-07-28 17:55,Kuala Lumpur International Airport,KUL,2024-07-28 20:25,150,Royal Brunei,Business Class,1265,885.0,True,2286,Y,Y,Y,1,12,2,40,Sunday,False,False,False,Ninoy Aquino International Airport,MNL
Brunei International Airport,BWN,2024-07-29 18:30,Ninoy Aquino International Airport,MNL,2024-07-29 20:45,135,Royal Brunei,Business Class,135,,,840,Y,Y,Y,1,12,2,40,Monday,False,False,False,Ninoy Aquino International Airport,MNL
Brunei International Airport,BWN,2024-07-29 12:05,Singapore Changi Airport,SIN,2024-07-29 14:20,135,Singapore Airlines,Business Class,1760,1390.0,True,1056,Y,Y,Y,1,7,1,25,Monday,False,False,False,Ninoy Aquino International Airport,MNL
Brunei International Airport,BWN,2024-07-29 12:05,Singapore Changi Airport,SIN,2024-07-29 14:20,135,Singapore Airlines,Business Class,655,305.0,,1535,Y,Y,Y,1,7,1,25,Monday,False,False,False,Ninoy Aquino International Airport,MNL
Brunei International Airport,BWN,2024-07-30 12:05,Singapore Changi Airport,SIN,2024-07-30 14:20,135,Singapore Airlines,Business Class,655,305.0,,1056,Y,Y,Y,1,7,1,25,Tuesday,False,False,False,Ninoy Aquino International Airport,MNL
Brunei International Airport,BWN,2024-07-30 10:15,Taiwan Taoyuan International Airport,TPE,2024-07-30 13:50,215,Royal Brunei,Business Class,1400,1050.0,True,1553,Y,Y,Y,1,12,2,40,Tuesday,False,False,False,Ninoy Aquino International Airport,MNL
Brunei International Airport,BWN,2024-07-30 17:55,Kuala Lumpur International Airport,KUL,2024-07-30 20:25,150,Royal Brunei,Business Class,1085,705.0,True,1855,Y,Y,Y,1,12,2,40,Tuesday,False,False,False,Ninoy Aquino International Airport,MNL
Brunei International Airport,BWN,2024-07-30 17:55,Kuala Lumpur International Airport,KUL,2024-07-30 20:25,150,Royal Brunei,Business Class,1265,885.0,True,2286,Y,Y,Y,1,12,2,40,Tuesday,False,False,False,Ninoy Aquino International Airport,MNL
Brunei International Airport,BWN,2024-07-30 12:05,Singapore Changi Airport,SIN,2024-07-30 14:20,135,Singapore Airlines,Business Class,700,330.0,,2677,Y,Y,Y,1,7,1,25,Tuesday,False,False,False,Ninoy Aquino International Airport,MNL
Brunei International Airport,BWN,2024-07-31 11:55,Ninoy Aquino International Airport,MNL,2024-07-31 14:10,135,Royal Brunei,Business Class,135,,,842,Y,Y,Y,1,12,2,40,Wednesday,False,False,False,Ninoy Aquino International Airport,MNL
Brunei International Airport,BWN,2024-07-31 15:50,Singapore Changi Airport,SIN,2024-07-31 18:00,130,Singapore Airlines,Business Class,430,85.0,,1292,Y,Y,Y,1,7,1,25,Wednesday,False,False,False,Ninoy Aquino International Airport,MNL
Brunei International Airport,BWN,2024-07-31 17:55,Kuala Lumpur International Airport,KUL,2024-07-31 20:25,150,Royal Brunei,Business Class,1085,705.0,True,1855,Y,Y,Y,1,12,2,40,Wednesday,False,False,False,Ninoy Aquino International Airport,MNL
Brunei International Airport,BWN,2024-07-31 17:55,Kuala Lumpur International Airport,KUL,2024-07-31 20:25,150,Royal Brunei,Business Class,1585,1200.0,True,2286,Y,Y,Y,1,12,2,40,Wednesday,False,False,False,Ninoy Aquino International Airport,MNL
Brunei International Airport,BWN,2024-07-31 15:50,Singapore Changi Airport,SIN,2024-07-31 18:00,130,Singapore Airlines,Business Class,475,110.0,,2677,Y,Y,Y,1,7,1,25,Wednesday,False,False,False,Ninoy Aquino International Airport,MNL
Brunei International Airport,BWN,2024-08-01 18:30,Ninoy Aquino International Airport,MNL,2024-08-01 20:45,135,Royal Brunei,Business Class,135,,,840,Y,Y,Y,1,12,2,40,Thursday,False,False,False,Ninoy Aquino International Airport,MNL
Brunei International Airport,BWN,2024-08-01 10:15,Taiwan Taoyuan International Airport,TPE,2024-08-01 13:50,215,Royal Brunei,Business Class,890,540.0,,1553,Y,Y,Y,1,12,2,40,Thursday,False,False,False,Ninoy Aquino International Airport,MNL
Brunei International Airport,BWN,2024-08-01 12:05,Singapore Changi Airport,SIN,2024-08-01 14:20,135,Singapore Airlines,Business Class,655,305.0,,1693,Y,Y,Y,1,7,1,25,Thursday,False,False,False,Ninoy Aquino International Airport,MNL
Brunei International Airport,BWN,2024-08-01 08:50,Kuala Lumpur International Airport,KUL,2024-08-01 11:20,150,Royal Brunei,Business Class,690,305.0,,2044,Y,Y,Y,1,12,2,40,Thursday,False,False,False,Ninoy Aquino International Airport,MNL
Brunei International Airport,BWN,2024-08-02 18:30,Ninoy Aquino International Airport,MNL,2024-08-02 20:45,135,Royal Brunei,Business Class,135,,,840,Y,Y,Y,1,12,2,40,Friday,False,False,False,Ninoy Aquino International Airport,MNL
Brunei International Airport,BWN,2024-08-02 15:50,Singapore Changi Airport,SIN,2024-08-02 18:00,130,Singapore Airlines,Business Class,430,85.0,,1535,Y,Y,Y,1,7,1,25,Friday,False,False,False,Ninoy Aquino International Airport,MNL
Brunei International Airport,BWN,2024-08-03 11:55,Ninoy Aquino International Airport,MNL,2024-08-03 14:10,135,Royal Brunei,Business Class,135,,,842,Y,Y,Y,1,12,2,40,Saturday,False,False,False,Ninoy Aquino International Airport,MNL
Brunei International Airport,BWN,2024-08-03 12:05,Singapore Changi Airport,SIN,2024-08-03 14:20,135,Singapore Airlines,Business Class,655,305.0,,1535,Y,Y,Y,1,7,1,25,Saturday,False,False,False,Ninoy Aquino International Airport,MNL
Brunei International Airport,BWN,2024-08-03 08:50,Kuala Lumpur International Airport,KUL,2024-08-03 11:20,150,Royal Brunei,Business Class,1630,1250.0,True,1745,Y,Y,Y,1,12,2,40,Saturday,False,False,False,Ninoy Aquino International Airport,MNL
Brunei International Airport,BWN,2024-08-03 08:50,Kuala Lumpur International Airport,KUL,2024-08-03 11:20,150,Royal Brunei,Business Class,690,305.0,,2360,Y,Y,Y,1,12,2,40,Saturday,False,False,False,Ninoy Aquino International Airport,MNL
Brunei International Airport,BWN,2024-08-03 12:05,Singapore Changi Airport,SIN,2024-08-03 14:20,135,Singapore Airlines,Business Class,700,330.0,,2677,Y,Y,Y,1,7,1,25,Saturday,False,False,False,Ninoy Aquino International Airport,MNL
Brunei International Airport,BWN,2024-08-04 15:50,Singapore Changi Airport,SIN,2024-08-04 18:00,130,Singapore Airlines,Business Class,430,85.0,,1292,Y,Y,Y,1,7,1,25,Sunday,False,False,False,Ninoy Aquino International Airport,MNL
Brunei International Airport,BWN,2024-08-04 08:35,Taiwan Taoyuan International Airport,TPE,2024-08-04 12:10,215,Royal Brunei,Business Class,1500,1150.0,True,1553,Y,Y,Y,1,12,2,40,Sunday,False,False,False,Ninoy Aquino International Airport,MNL
Brunei International Airport,BWN,2024-08-04 08:50,Kuala Lumpur International Airport,KUL,2024-08-04 11:20,150,Royal Brunei,Business Class,755,365.0,,1635,Y,Y,Y,1,12,2,40,Sunday,False,False,False,Ninoy Aquino International Airport,MNL
Brunei International Airport,BWN,2024-08-04 17:55,Kuala Lumpur International Airport,KUL,2024-08-04 20:25,150,Royal Brunei,Business Class,1085,705.0,True,1855,Y,Y,Y,1,12,2,40,Sunday,False,False,False,Ninoy Aquino International Airport,MNL
Brunei International Airport,BWN,2024-08-04 08:50,Kuala Lumpur International Airport,KUL,2024-08-04 11:20,150,Royal Brunei,Business Class,1810,1430.0,True,2056,Y,Y,Y,1,12,2,40,Sunday,False,False,False,Ninoy Aquino International Airport,MNL
Brunei International Airport,BWN,2024-08-04 17:55,Kuala Lumpur International Airport,KUL,2024-08-04 20:25,150,Royal Brunei,Business Class,1265,885.0,True,2286,Y,Y,Y,1,12,2,40,Sunday,False,False,False,Ninoy Aquino International Airport,MNL
Brunei International Airport,BWN,2024-08-04 15:50,Singapore Changi Airport,SIN,2024-08-04 18:00,130,Singapore Airlines,Business Class,475,110.0,,2677,Y,Y,Y,1,7,1,25,Sunday,False,False,False,Ninoy Aquino International Airport,MNL
Brunei International Airport,BWN,2024-08-05 18:30,Ninoy Aquino International Airport,MNL,2024-08-05 20:45,135,Royal Brunei,Business Class,135,,,840,Y,Y,Y,1,12,2,40,Monday,False,False,False,Ninoy Aquino International Airport,MNL
Brunei International Airport,BWN,2024-08-05 12:05,Singapore Changi Airport,SIN,2024-08-05 14:20,135,Singapore Airlines,Business Class,1760,1390.0,True,1056,Y,Y,Y,1,7,1,25,Monday,False,False,False,Ninoy Aquino International Airport,MNL
Brunei International Airport,BWN,2024-08-05 12:05,Singapore Changi Airport,SIN,2024-08-05 14:20,135,Singapore Airlines,Business Class,655,305.0,,1292,Y,Y,Y,1,7,1,25,Monday,False,False,False,Ninoy Aquino International Airport,MNL
Brunei International Airport,BWN,2024-08-06 12:05,Singapore Changi Airport,SIN,2024-08-06 14:20,135,Singapore Airlines,Business Class,655,305.0,,1535,Y,Y,Y,1,7,1,25,Tuesday,False,False,False,Ninoy Aquino International Airport,MNL
Brunei International Airport,BWN,2024-08-06 17:55,Kuala Lumpur International Airport,KUL,2024-08-06 20:25,150,Royal Brunei,Business Class,1085,705.0,True,1916,Y,Y,Y,1,12,2,40,Tuesday,False,False,False,Ninoy Aquino International Airport,MNL
Brunei International Airport,BWN,2024-08-06 17:55,Kuala Lumpur International Airport,KUL,2024-08-06 20:25,150,Royal Brunei,Business Class,1265,885.0,True,2286,Y,Y,Y,1,12,2,40,Tuesday,False,False,False,Ninoy Aquino International Airport,MNL
Brunei International Airport,BWN,2024-08-06 12:05,Singapore Changi Airport,SIN,2024-08-06 14:20,135,Singapore Airlines,Business Class,700,330.0,,2677,Y,Y,Y,1,7,1,25,Tuesday,False,False,False,Ninoy Aquino International Airport,MNL
Brunei International Airport,BWN,2024-08-07 11:55,Ninoy Aquino International Airport,MNL,2024-08-07 14:10,135,Royal Brunei,Business Class,135,,,993,Y,Y,Y,1,12,2,40,Wednesday,False,False,False,Ninoy Aquino International Airport,MNL
Brunei International Airport,BWN,2024-08-07 15:50,Singapore Changi Airport,SIN,2024-08-07 18:00,130,Singapore Airlines,Business Class,430,85.0,,1056,Y,Y,Y,1,7,1,25,Wednesday,False,False,False,Ninoy Aquino International Airport,MNL
Brunei International Airport,BWN,2024-08-07 15:50,Singapore Changi Airport,SIN,2024-08-07 18:00,130,Singapore Airlines,Business Class,1435,1080.0,True,906,Y,Y,Y,1,7,1,25,Wednesday,False,False,False,Ninoy Aquino International Airport,MNL
Brunei International Airport,BWN,2024-08-07 17:55,Kuala Lumpur International Airport,KUL,2024-08-07 20:25,150,Royal Brunei,Business Class,1085,705.0,True,1855,Y,Y,Y,1,12,2,40,Wednesday,False,False,False,Ninoy Aquino International Airport,MNL
Brunei International Airport,BWN,2024-08-07 17:55,Kuala Lumpur International Airport,KUL,2024-08-07 20:25,150,Royal Brunei,Business Class,1585,1200.0,True,2286,Y,Y,Y,1,12,2,40,Wednesday,False,False,False,Ninoy Aquino International Airport,MNL
Brunei International Airport,BWN,2024-08-07 15:50,Singapore Changi Airport,SIN,2024-08-07 18:00,130,Singapore Airlines,Business Class,475,110.0,,2677,Y,Y,Y,1,7,1,25,Wednesday,False,False,False,Ninoy Aquino International Airport,MNL
Brunei International Airport,BWN,2024-08-08 18:30,Ninoy Aquino International Airport,MNL,2024-08-08 20:45,135,Royal Brunei,Business Class,135,,,840,Y,Y,Y,1,12,2,40,Thursday,False,False,False,Ninoy Aquino International Airport,MNL
Brunei International Airport,BWN,2024-08-08 12:05,Singapore Changi Airport,SIN,2024-08-08 14:20,135,Singapore Airlines,Business Class,1660,1300.0,True,906,Y,Y,Y,1,7,1,25,Thursday,False,False,False,Ninoy Aquino International Airport,MNL
Brunei International Airport,BWN,2024-08-08 12:05,Singapore Changi Airport,SIN,2024-08-08 14:20,135,Singapore Airlines,Business Class,655,305.0,,1292,Y,Y,Y,1,7,1,25,Thursday,False,False,False,Ninoy Aquino International Airport,MNL
Brunei International Airport,BWN,2024-08-08 08:50,Kuala Lumpur International Airport,KUL,2024-08-08 11:20,150,Royal Brunei,Business Class,690,305.0,,2274,Y,Y,Y,1,12,2,40,Thursday,False,False,False,Ninoy Aquino International Airport,MNL
Brunei International Airport,BWN,2024-08-09 18:30,Ninoy Aquino International Airport,MNL,2024-08-09 20:45,135,Royal Brunei,Business Class,135,,,840,Y,Y,Y,1,12,2,40,Friday,False,False,False,Ninoy Aquino International Airport,MNL
Brunei International Airport,BWN,2024-08-09 15:50,Singapore Changi Airport,SIN,2024-08-09 18:00,130,Singapore Airlines,Business Class,430,85.0,,1056,Y,Y,Y,1,7,1,25,Friday,False,False,False,Ninoy Aquino International Airport,MNL
Brunei International Airport,BWN,2024-08-10 11:55,Ninoy Aquino International Airport,MNL,2024-08-10 14:10,135,Royal Brunei,Business Class,135,,,842,Y,Y,Y,1,12,2,40,Saturday,False,False,False,Ninoy Aquino International Airport,MNL
Brunei International Airport,BWN,2024-08-10 12:05,Singapore Changi Airport,SIN,2024-08-10 14:20,135,Singapore Airlines,Business Class,655,305.0,,1056,Y,Y,Y,1,7,1,25,Saturday,False,False,False,Ninoy Aquino International Airport,MNL
Brunei International Airport,BWN,2024-08-10 12:05,Singapore Changi Airport,SIN,2024-08-10 14:20,135,Singapore Airlines,Business Class,1660,1300.0,True,906,Y,Y,Y,1,7,1,25,Saturday,False,False,False,Ninoy Aquino International Airport,MNL
Brunei International Airport,BWN,2024-08-10 08:50,Kuala Lumpur International Airport,KUL,2024-08-10 11:20,150,Royal Brunei,Business Class,1630,1250.0,True,1965,Y,Y,Y,1,12,2,40,Saturday,False,False,False,Ninoy Aquino International Airport,MNL
Brunei International Airport,BWN,2024-08-10 08:50,Kuala Lumpur International Airport,KUL,2024-08-10 11:20,150,Royal Brunei,Business Class,690,305.0,,2274,Y,Y,Y,1,12,2,40,Saturday,False,False,False,Ninoy Aquino International Airport,MNL
Brunei International Airport,BWN,2024-08-10 12:05,Singapore Changi Airport,SIN,2024-08-10 14:20,135,Singapore Airlines,Business Class,700,330.0,,2677,Y,Y,Y,1,7,1,25,Saturday,False,False,False,Ninoy Aquino International Airport,MNL
Brunei International Airport,BWN,2024-08-11 15:50,Singapore Changi Airport,SIN,2024-08-11 18:00,130,Singapore Airlines,Business Class,430,85.0,,1292,Y,Y,Y,1,7,1,25,Sunday,False,False,False,Ninoy Aquino International Airport,MNL
Brunei International Airport,BWN,2024-08-11 15:50,Singapore Changi Airport,SIN,2024-08-11 18:00,130,Singapore Airlines,Business Class,1275,920.0,True,1056,Y,Y,Y,1,7,1,25,Sunday,False,False,False,Ninoy Aquino International Airport,MNL
Brunei International Airport,BWN,2024-08-11 08:35,Taiwan Taoyuan International Airport,TPE,2024-08-11 12:10,215,Royal Brunei,Business Class,1500,1150.0,True,1553,Y,Y,Y,1,12,2,40,Sunday,False,False,False,Ninoy Aquino International Airport,MNL
Brunei International Airport,BWN,2024-08-11 08:50,Kuala Lumpur International Airport,KUL,2024-08-11 11:20,150,Royal Brunei,Business Class,755,365.0,,1855,Y,Y,Y,1,12,2,40,Sunday,False,False,False,Ninoy Aquino International Airport,MNL
Brunei International Airport,BWN,2024-08-11 17:55,Kuala Lumpur International Airport,KUL,2024-08-11 20:25,150,Royal Brunei,Business Class,1085,705.0,True,1855,Y,Y,Y,1,12,2,40,Sunday,False,False,False,Ninoy Aquino International Airport,MNL
Brunei International Airport,BWN,2024-08-11 17:55,Kuala Lumpur International Airport,KUL,2024-08-11 20:25,150,Royal Brunei,Business Class,1265,885.0,True,2286,Y,Y,Y,1,12,2,40,Sunday,False,False,False,Ninoy Aquino International Airport,MNL
Brunei International Airport,BWN,2024-08-11 15:50,Singapore Changi Airport,SIN,2024-08-11 18:00,130,Singapore Airlines,Business Class,475,110.0,,2677,Y,Y,Y,1,7,1,25,Sunday,False,False,False,Ninoy Aquino International Airport,MNL
Brunei International Airport,BWN,2024-08-12 18:30,Ninoy Aquino International Airport,MNL,2024-08-12 20:45,135,Royal Brunei,Business Class,135,,,840,Y,Y,Y,1,12,2,40,Monday,False,False,False,Ninoy Aquino International Airport,MNL
Brunei International Airport,BWN,2024-08-12 12:05,Singapore Changi Airport,SIN,2024-08-12 14:20,135,Singapore Airlines,Business Class,1660,1300.0,True,906,Y,Y,Y,1,7,1,25,Monday,False,False,False,Ninoy Aquino International Airport,MNL
Brunei International Airport,BWN,2024-08-12 12:05,Singapore Changi Airport,SIN,2024-08-12 14:20,135,Singapore Airlines,Business Class,655,305.0,,1292,Y,Y,Y,1,7,1,25,Monday,False,False,False,Ninoy Aquino International Airport,MNL
Brunei International Airport,BWN,2024-08-13 12:05,Singapore Changi Airport,SIN,2024-08-13 14:20,135,Singapore Airlines,Business Class,655,305.0,,1056,Y,Y,Y,1,7,1,25,Tuesday,False,False,False,Ninoy Aquino International Airport,MNL
Brunei International Airport,BWN,2024-08-13 12:05,Singapore Changi Airport,SIN,2024-08-13 14:20,135,Singapore Airlines,Business Class,1660,1300.0,True,906,Y,Y,Y,1,7,1,25,Tuesday,False,False,False,Ninoy Aquino International Airport,MNL
Brunei International Airport,BWN,2024-08-13 10:15,Taiwan Taoyuan International Airport,TPE,2024-08-13 13:50,215,Royal Brunei,Business Class,1400,1050.0,True,1720,Y,Y,Y,1,12,2,40,Tuesday,False,False,False,Ninoy Aquino International Airport,MNL
Brunei International Airport,BWN,2024-08-13 17:55,Kuala Lumpur International Airport,KUL,2024-08-13 20:25,150,Royal Brunei,Business Class,1085,705.0,True,1855,Y,Y,Y,1,12,2,40,Tuesday,False,False,False,Ninoy Aquino International Airport,MNL
Brunei International Airport,BWN,2024-08-13 17:55,Kuala Lumpur International Airport,KUL,2024-08-13 20:25,150,Royal Brunei,Business Class,1265,885.0,True,2286,Y,Y,Y,1,12,2,40,Tuesday,False,False,False,Ninoy Aquino International Airport,MNL
Brunei International Airport,BWN,2024-08-13 12:05,Singapore Changi Airport,SIN,2024-08-13 14:20,135,Singapore Airlines,Business Class,700,330.0,,2677,Y,Y,Y,1,7,1,25,Tuesday,False,False,False,Ninoy Aquino International Airport,MNL
Brunei International Airport,BWN,2024-08-14 11:55,Ninoy Aquino International Airport,MNL,2024-08-14 14:10,135,Royal Brunei,Business Class,135,,,993,Y,Y,Y,1,12,2,40,Wednesday,False,False,False,Ninoy Aquino International Airport,MNL
Brunei International Airport,BWN,2024-08-14 15:50,Singapore Changi Airport,SIN,2024-08-14 18:00,130,Singapore Airlines,Business Class,430,85.0,,1056,Y,Y,Y,1,7,1,25,Wednesday,False,False,False,Ninoy Aquino International Airport,MNL
Brunei International Airport,BWN,2024-08-14 15:50,Singapore Changi Airport,SIN,2024-08-14 18:00,130,Singapore Airlines,Business Class,1435,1080.0,True,906,Y,Y,Y,1,7,1,25,Wednesday,False,False,False,Ninoy Aquino International Airport,MNL
Brunei International Airport,BWN,2024-08-14 17:55,Kuala Lumpur International Airport,KUL,2024-08-14 20:25,150,Royal Brunei,Business Class,1085,705.0,True,1855,Y,Y,Y,1,12,2,40,Wednesday,False,False,False,Ninoy Aquino International Airport,MNL
Brunei International Airport,BWN,2024-08-14 17:55,Kuala Lumpur International Airport,KUL,2024-08-14 20:25,150,Royal Brunei,Business Class,1585,1200.0,True,2286,Y,Y,Y,1,12,2,40,Wednesday,False,False,False,Ninoy Aquino International Airport,MNL
Brunei International Airport,BWN,2024-08-14 15:50,Singapore Changi Airport,SIN,2024-08-14 18:00,130,Singapore Airlines,Business Class,475,110.0,,2677,Y,Y,Y,1,7,1,25,Wednesday,False,False,False,Ninoy Aquino International Airport,MNL
Brunei International Airport,BWN,2024-08-15 18:30,Ninoy Aquino International Airport,MNL,2024-08-15 20:45,135,Royal Brunei,Business Class,135,,,840,Y,Y,Y,1,12,2,40,Thursday,False,False,False,Ninoy Aquino International Airport,MNL
Brunei International Airport,BWN,2024-08-15 12:05,Singapore Changi Airport,SIN,2024-08-15 14:20,135,Singapore Airlines,Business Class,1500,1140.0,True,906,Y,Y,Y,1,7,1,25,Thursday,False,False,False,Ninoy Aquino International Airport,MNL
Brunei International Airport,BWN,2024-08-15 12:05,Singapore Changi Airport,SIN,2024-08-15 14:20,135,Singapore Airlines,Business Class,655,305.0,,1056,Y,Y,Y,1,7,1,25,Thursday,False,False,False,Ninoy Aquino International Airport,MNL
Brunei International Airport,BWN,2024-08-15 08:50,Kuala Lumpur International Airport,KUL,2024-08-15 11:20,150,Royal Brunei,Business Class,690,305.0,,2274,Y,Y,Y,1,12,2,40,Thursday,False,False,False,Ninoy Aquino International Airport,MNL
Brunei International Airport,BWN,2024-08-16 18:30,Ninoy Aquino International Airport,MNL,2024-08-16 20:45,135,Royal Brunei,Business Class,135,,,840,Y,Y,Y,1,12,2,40,Friday,False,False,False,Ninoy Aquino International Airport,MNL
Brunei International Airport,BWN,2024-08-16 15:50,Singapore Changi Airport,SIN,2024-08-16 18:00,130,Singapore Airlines,Business Class,430,85.0,,1056,Y,Y,Y,1,7,1,25,Friday,False,False,False,Ninoy Aquino International Airport,MNL
Brunei International Airport,BWN,2024-08-17 11:55,Ninoy Aquino International Airport,MNL,2024-08-17 14:10,135,Royal Brunei,Business Class,135,,,842,Y,Y,Y,1,12,2,40,Saturday,False,False,False,Ninoy Aquino International Airport,MNL
Brunei International Airport,BWN,2024-08-17 12:05,Singapore Changi Airport,SIN,2024-08-17 14:20,135,Singapore Airlines,Business Class,655,305.0,,1056,Y,Y,Y,1,7,1,25,Saturday,False,False,False,Ninoy Aquino International Airport,MNL
Brunei International Airport,BWN,2024-08-17 08:50,Kuala Lumpur International Airport,KUL,2024-08-17 11:20,150,Royal Brunei,Business Class,1630,1250.0,True,1965,Y,Y,Y,1,12,2,40,Saturday,False,False,False,Ninoy Aquino International Airport,MNL
Brunei International Airport,BWN,2024-08-17 08:50,Kuala Lumpur International Airport,KUL,2024-08-17 11:20,150,Royal Brunei,Business Class,690,305.0,,2360,Y,Y,Y,1,12,2,40,Saturday,False,False,False,Ninoy Aquino International Airport,MNL
Brunei International Airport,BWN,2024-08-17 12:05,Singapore Changi Airport,SIN,2024-08-17 14:20,135,Singapore Airlines,Business Class,700,330.0,,2677,Y,Y,Y,1,7,1,25,Saturday,False,False,False,Ninoy Aquino International Airport,MNL
Brunei International Airport,BWN,2024-08-18 15:50,Singapore Changi Airport,SIN,2024-08-18 18:00,130,Singapore Airlines,Business Class,1435,1080.0,True,1056,Y,Y,Y,1,7,1,25,Sunday,False,False,False,Ninoy Aquino International Airport,MNL
Brunei International Airport,BWN,2024-08-18 15:50,Singapore Changi Airport,SIN,2024-08-18 18:00,130,Singapore Airlines,Business Class,430,85.0,,1292,Y,Y,Y,1,7,1,25,Sunday,False,False,False,Ninoy Aquino International Airport,MNL
Brunei International Airport,BWN,2024-08-18 08:50,Kuala Lumpur International Airport,KUL,2024-08-18 11:20,150,Royal Brunei,Business Class,755,365.0,,1635,Y,Y,Y,1,12,2,40,Sunday,False,False,False,Ninoy Aquino International Airport,MNL
Brunei International Airport,BWN,2024-08-18 08:35,Taiwan Taoyuan International Airport,TPE,2024-08-18 12:10,215,Royal Brunei,Business Class,1500,1150.0,True,1553,Y,Y,Y,1,12,2,40,Sunday,False,False,False,Ninoy Aquino International Airport,MNL
Brunei International Airport,BWN,2024-08-18 17:55,Kuala Lumpur International Airport,KUL,2024-08-18 20:25,150,Royal Brunei,Business Class,1085,705.0,True,1855,Y,Y,Y,1,12,2,40,Sunday,False,False,False,Ninoy Aquino International Airport,MNL
Brunei International Airport,BWN,2024-08-18 08:50,Kuala Lumpur International Airport,KUL,2024-08-18 11:20,150,Royal Brunei,Business Class,1810,1430.0,True,2056,Y,Y,Y,1,12,2,40,Sunday,False,False,False,Ninoy Aquino International Airport,MNL
Brunei International Airport,BWN,2024-08-18 17:55,Kuala Lumpur International Airport,KUL,2024-08-18 20:25,150,Royal Brunei,Business Class,1265,885.0,True,2286,Y,Y,Y,1,12,2,40,Sunday,False,False,False,Ninoy Aquino International Airport,MNL
Brunei International Airport,BWN,2024-08-18 15:50,Singapore Changi Airport,SIN,2024-08-18 18:00,130,Singapore Airlines,Business Class,475,110.0,,2677,Y,Y,Y,1,7,1,25,Sunday,False,False,False,Ninoy Aquino International Airport,MNL
Brunei International Airport,BWN,2024-08-19 18:30,Ninoy Aquino International Airport,MNL,2024-08-19 20:45,135,Royal Brunei,Business Class,135,,,840,Y,Y,Y,1,12,2,40,Monday,False,False,False,Ninoy Aquino International Airport,MNL
Brunei International Airport,BWN,2024-08-19 12:05,Singapore Changi Airport,SIN,2024-08-19 14:20,135,Singapore Airlines,Business Class,1660,1300.0,True,906,Y,Y,Y,1,7,1,25,Monday,False,False,False,Ninoy Aquino International Airport,MNL
Brunei International Airport,BWN,2024-08-19 12:05,Singapore Changi Airport,SIN,2024-08-19 14:20,135,Singapore Airlines,Business Class,655,305.0,,1292,Y,Y,Y,1,7,1,25,Monday,False,False,False,Ninoy Aquino International Airport,MNL
Brunei International Airport,BWN,2024-08-20 12:05,Singapore Changi Airport,SIN,2024-08-20 14:20,135,Singapore Airlines,Business Class,655,305.0,,906,Y,Y,Y,1,7,1,25,Tuesday,False,False,False,Ninoy Aquino International Airport,MNL
Brunei International Airport,BWN,2024-08-20 10:15,Taiwan Taoyuan International Airport,TPE,2024-08-20 13:50,215,Royal Brunei,Business Class,1400,1050.0,True,1553,Y,Y,Y,1,12,2,40,Tuesday,False,False,False,Ninoy Aquino International Airport,MNL
Brunei International Airport,BWN,2024-08-20 17:55,Kuala Lumpur International Airport,KUL,2024-08-20 20:25,150,Royal Brunei,Business Class,1085,705.0,True,1855,Y,Y,Y,1,12,2,40,Tuesday,False,False,False,Ninoy Aquino International Airport,MNL
Brunei International Airport,BWN,2024-08-20 17:55,Kuala Lumpur International Airport,KUL,2024-08-20 20:25,150,Royal Brunei,Business Class,1265,885.0,True,2286,Y,Y,Y,1,12,2,40,Tuesday,False,False,False,Ninoy Aquino International Airport,MNL
Brunei International Airport,BWN,2024-08-20 12:05,Singapore Changi Airport,SIN,2024-08-20 14:20,135,Singapore Airlines,Business Class,700,330.0,,2677,Y,Y,Y,1,7,1,25,Tuesday,False,False,False,Ninoy Aquino International Airport,MNL
Brunei International Airport,BWN,2024-08-21 11:55,Ninoy Aquino International Airport,MNL,2024-08-21 14:10,135,Royal Brunei,Business Class,135,,,842,Y,Y,Y,1,12,2,40,Wednesday,False,False,True,Ninoy Aquino International Airport,MNL
Brunei International Airport,BWN,2024-08-21 15:50,Singapore Changi Airport,SIN,2024-08-21 18:00,130,Singapore Airlines,Business Class,430,85.0,,1292,Y,Y,Y,1,7,1,25,Wednesday,False,False,True,Ninoy Aquino International Airport,MNL
Brunei International Airport,BWN,2024-08-21 15:50,Singapore Changi Airport,SIN,2024-08-21 18:00,130,Singapore Airlines,Business Class,1435,1080.0,True,906,Y,Y,Y,1,7,1,25,Wednesday,False,False,True,Ninoy Aquino International Airport,MNL
Brunei International Airport,BWN,2024-08-21 15:50,Singapore Changi Airport,SIN,2024-08-21 18:00,130,Singapore Airlines,Business Class,1275,920.0,True,1056,Y,Y,Y,1,7,1,25,Wednesday,False,False,True,Ninoy Aquino International Airport,MNL
Brunei International Airport,BWN,2024-08-21 17:55,Kuala Lumpur International Airport,KUL,2024-08-21 20:25,150,Royal Brunei,Business Class,1085,705.0,True,1855,Y,Y,Y,1,12,2,40,Wednesday,False,False,True,Ninoy Aquino International Airport,MNL
Brunei International Airport,BWN,2024-08-21 17:55,Kuala Lumpur International Airport,KUL,2024-08-21 20:25,150,Royal Brunei,Business Class,1585,1200.0,True,2286,Y,Y,Y,1,12,2,40,Wednesday,False,False,True,Ninoy Aquino International Airport,MNL
Brunei International Airport,BWN,2024-08-21 15:50,Singapore Changi Airport,SIN,2024-08-21 18:00,130,Singapore Airlines,Business Class,475,110.0,,2677,Y,Y,Y,1,7,1,25,Wednesday,False,False,True,Ninoy Aquino International Airport,MNL
Brunei International Airport,BWN,2024-08-22 18:30,Ninoy Aquino International Airport,MNL,2024-08-22 20:45,135,Royal Brunei,Business Class,135,,,840,Y,Y,Y,1,12,2,40,Thursday,False,False,False,Ninoy Aquino International Airport,MNL
Brunei International Airport,BWN,2024-08-22 12:05,Singapore Changi Airport,SIN,2024-08-22 14:20,135,Singapore Airlines,Business Class,655,305.0,,906,Y,Y,Y,1,7,1,25,Thursday,False,False,False,Ninoy Aquino International Airport,MNL
Brunei International Airport,BWN,2024-08-22 08:50,Kuala Lumpur International Airport,KUL,2024-08-22 11:20,150,Royal Brunei,Business Class,690,305.0,,2274,Y,Y,Y,1,12,2,40,Thursday,False,False,False,Ninoy Aquino International Airport,MNL
Brunei International Airport,BWN,2024-08-23 18:30,Ninoy Aquino International Airport,MNL,2024-08-23 20:45,135,Royal Brunei,Business Class,135,,,840,Y,Y,Y,1,12,2,40,Friday,False,False,False,Ninoy Aquino International Airport,MNL
Brunei International Airport,BWN,2024-08-23 15:50,Singapore Changi Airport,SIN,2024-08-23 18:00,130,Singapore Airlines,Business Class,430,85.0,,1056,Y,Y,Y,1,7,1,25,Friday,False,False,False,Ninoy Aquino International Airport,MNL
Brunei International Airport,BWN,2024-08-24 11:55,Ninoy Aquino International Airport,MNL,2024-08-24 14:10,135,Royal Brunei,Business Class,135,,,842,Y,Y,Y,1,12,2,40,Saturday,False,False,False,Ninoy Aquino International Airport,MNL
Brunei International Airport,BWN,2024-08-24 12:05,Singapore Changi Airport,SIN,2024-08-24 14:20,135,Singapore Airlines,Business Class,1500,1140.0,True,906,Y,Y,Y,1,7,1,25,Saturday,False,False,False,Ninoy Aquino International Airport,MNL
Brunei International Airport,BWN,2024-08-24 12:05,Singapore Changi Airport,SIN,2024-08-24 14:20,135,Singapore Airlines,Business Class,655,305.0,,1056,Y,Y,Y,1,7,1,25,Saturday,False,False,False,Ninoy Aquino International Airport,MNL
Brunei International Airport,BWN,2024-08-24 08:50,Kuala Lumpur International Airport,KUL,2024-08-24 11:20,150,Royal Brunei,Business Class,1630,1250.0,True,1745,Y,Y,Y,1,12,2,40,Saturday,False,False,False,Ninoy Aquino International Airport,MNL
Brunei International Airport,BWN,2024-08-24 08:50,Kuala Lumpur International Airport,KUL,2024-08-24 11:20,150,Royal Brunei,Business Class,690,305.0,,2274,Y,Y,Y,1,12,2,40,Saturday,False,False,False,Ninoy Aquino International Airport,MNL
Brunei International Airport,BWN,2024-08-24 12:05,Singapore Changi Airport,SIN,2024-08-24 14:20,135,Singapore Airlines,Business Class,700,330.0,,2677,Y,Y,Y,1,7,1,25,Saturday,False,False,False,Ninoy Aquino International Airport,MNL
Brunei International Airport,BWN,2024-08-25 15:50,Singapore Changi Airport,SIN,2024-08-25 18:00,130,Singapore Airlines,Business Class,430,85.0,,1056,Y,Y,Y,1,7,1,25,Sunday,False,False,False,Ninoy Aquino International Airport,MNL
Brunei International Airport,BWN,2024-08-25 15:50,Singapore Changi Airport,SIN,2024-08-25 18:00,130,Singapore Airlines,Business Class,1275,920.0,True,906,Y,Y,Y,1,7,1,25,Sunday,False,False,False,Ninoy Aquino International Airport,MNL
Brunei International Airport,BWN,2024-08-25 08:35,Taiwan Taoyuan International Airport,TPE,2024-08-25 12:10,215,Royal Brunei,Business Class,1500,1150.0,True,1553,Y,Y,Y,1,12,2,40,Sunday,False,False,False,Ninoy Aquino International Airport,MNL
Brunei International Airport,BWN,2024-08-25 08:50,Kuala Lumpur International Airport,KUL,2024-08-25 11:20,150,Royal Brunei,Business Class,755,365.0,,1635,Y,Y,Y,1,12,2,40,Sunday,False,False,False,Ninoy Aquino International Airport,MNL
Brunei International Airport,BWN,2024-08-25 17:55,Kuala Lumpur International Airport,KUL,2024-08-25 20:25,150,Royal Brunei,Business Class,1085,705.0,True,1855,Y,Y,Y,1,12,2,40,Sunday,False,False,False,Ninoy Aquino International Airport,MNL
Brunei International Airport,BWN,2024-08-25 17:55,Kuala Lumpur International Airport,KUL,2024-08-25 20:25,150,Royal Brunei,Business Class,1265,885.0,True,2286,Y,Y,Y,1,12,2,40,Sunday,False,False,False,Ninoy Aquino International Airport,MNL
Brunei International Airport,BWN,2024-08-25 15:50,Singapore Changi Airport,SIN,2024-08-25 18:00,130,Singapore Airlines,Business Class,475,110.0,,2677,Y,Y,Y,1,7,1,25,Sunday,False,False,False,Ninoy Aquino International Airport,MNL
Brunei International Airport,BWN,2024-08-26 18:30,Ninoy Aquino International Airport,MNL,2024-08-26 20:45,135,Royal Brunei,Business Class,135,,,840,Y,Y,Y,1,12,2,40,Monday,False,False,True,Ninoy Aquino International Airport,MNL
Brunei International Airport,BWN,2024-08-26 12:05,Singapore Changi Airport,SIN,2024-08-26 14:20,135,Singapore Airlines,Business Class,1660,1300.0,True,906,Y,Y,Y,1,7,1,25,Monday,False,False,True,Ninoy Aquino International Airport,MNL
Brunei International Airport,BWN,2024-08-26 12:05,Singapore Changi Airport,SIN,2024-08-26 14:20,135,Singapore Airlines,Business Class,655,305.0,,1535,Y,Y,Y,1,7,1,25,Monday,False,False,True,Ninoy Aquino International Airport,MNL
Brunei International Airport,BWN,2024-08-27 12:05,Singapore Changi Airport,SIN,2024-08-27 14:20,135,Singapore Airlines,Business Class,655,305.0,,1056,Y,Y,Y,1,7,1,25,Tuesday,False,False,False,Ninoy Aquino International Airport,MNL
Brunei International Airport,BWN,2024-08-27 10:15,Taiwan Taoyuan International Airport,TPE,2024-08-27 13:50,215,Royal Brunei,Business Class,1400,1050.0,True,1553,Y,Y,Y,1,12,2,40,Tuesday,False,False,False,Ninoy Aquino International Airport,MNL
Brunei International Airport,BWN,2024-08-27 17:55,Kuala Lumpur International Airport,KUL,2024-08-27 20:25,150,Royal Brunei,Business Class,1085,705.0,True,1855,Y,Y,Y,1,12,2,40,Tuesday,False,False,False,Ninoy Aquino International Airport,MNL
Brunei International Airport,BWN,2024-08-27 17:55,Kuala Lumpur International Airport,KUL,2024-08-27 20:25,150,Royal Brunei,Business Class,1265,885.0,True,2286,Y,Y,Y,1,12,2,40,Tuesday,False,False,False,Ninoy Aquino International Airport,MNL
Brunei International Airport,BWN,2024-08-27 12:05,Singapore Changi Airport,SIN,2024-08-27 14:20,135,Singapore Airlines,Business Class,700,330.0,,2677,Y,Y,Y,1,7,1,25,Tuesday,False,False,False,Ninoy Aquino International Airport,MNL
Brunei International Airport,BWN,2024-08-28 11:55,Ninoy Aquino International Airport,MNL,2024-08-28 14:10,135,Royal Brunei,Business Class,135,,,842,Y,Y,Y,1,12,2,40,Wednesday,False,False,False,Ninoy Aquino International Airport,MNL
Brunei International Airport,BWN,2024-08-28 15:50,Singapore Changi Airport,SIN,2024-08-28 18:00,130,Singapore Airlines,Business Class,430,85.0,,1056,Y,Y,Y,1,7,1,25,Wednesday,False,False,False,Ninoy Aquino International Airport,MNL
Brunei International Airport,BWN,2024-08-28 15:50,Singapore Changi Airport,SIN,2024-08-28 18:00,130,Singapore Airlines,Business Class,1275,920.0,True,906,Y,Y,Y,1,7,1,25,Wednesday,False,False,False,Ninoy Aquino International Airport,MNL
Brunei International Airport,BWN,2024-08-28 17:55,Kuala Lumpur International Airport,KUL,2024-08-28 20:25,150,Royal Brunei,Business Class,1085,705.0,True,1855,Y,Y,Y,1,12,2,40,Wednesday,False,False,False,Ninoy Aquino International Airport,MNL
Brunei International Airport,BWN,2024-08-28 17:55,Kuala Lumpur International Airport,KUL,2024-08-28 20:25,150,Royal Brunei,Business Class,1585,1200.0,True,2286,Y,Y,Y,1,12,2,40,Wednesday,False,False,False,Ninoy Aquino International Airport,MNL
Brunei International Airport,BWN,2024-08-28 15:50,Singapore Changi Airport,SIN,2024-08-28 18:00,130,Singapore Airlines,Business Class,475,110.0,,2677,Y,Y,Y,1,7,1,25,Wednesday,False,False,False,Ninoy Aquino International Airport,MNL
Brunei International Airport,BWN,2024-08-29 18:30,Ninoy Aquino International Airport,MNL,2024-08-29 20:45,135,Royal Brunei,Business Class,135,,,840,Y,Y,Y,1,12,2,40,Thursday,False,False,False,Ninoy Aquino International Airport,MNL
Brunei International Airport,BWN,2024-08-29 12:05,Singapore Changi Airport,SIN,2024-08-29 14:20,135,Singapore Airlines,Business Class,1500,1140.0,True,906,Y,Y,Y,1,7,1,25,Thursday,False,False,False,Ninoy Aquino International Airport,MNL
Brunei International Airport,BWN,2024-08-29 12:05,Singapore Changi Airport,SIN,2024-08-29 14:20,135,Singapore Airlines,Business Class,655,305.0,,1056,Y,Y,Y,1,7,1,25,Thursday,False,False,False,Ninoy Aquino International Airport,MNL
Brunei International Airport,BWN,2024-08-29 08:50,Kuala Lumpur International Airport,KUL,2024-08-29 11:20,150,Royal Brunei,Business Class,690,305.0,,2044,Y,Y,Y,1,12,2,40,Thursday,False,False,False,Ninoy Aquino International Airport,MNL
Brunei International Airport,BWN,2024-08-30 18:30,Ninoy Aquino International Airport,MNL,2024-08-30 20:45,135,Royal Brunei,Business Class,135,,,840,Y,Y,Y,1,12,2,40,Friday,False,False,False,Ninoy Aquino International Airport,MNL
Brunei International Airport,BWN,2024-08-30 15:50,Singapore Changi Airport,SIN,2024-08-30 18:00,130,Singapore Airlines,Business Class,430,85.0,,1056,Y,Y,Y,1,7,1,25,Friday,False,False,False,Ninoy Aquino International Airport,MNL
Brunei International Airport,BWN,2024-08-31 11:55,Ninoy Aquino International Airport,MNL,2024-08-31 14:10,135,Royal Brunei,Business Class,135,,,842,Y,Y,Y,1,12,2,40,Saturday,False,False,False,Ninoy Aquino International Airport,MNL
Brunei International Airport,BWN,2024-08-31 12:05,Singapore Changi Airport,SIN,2024-08-31 14:20,135,Singapore Airlines,Business Class,1500,1140.0,True,906,Y,Y,Y,1,7,1,25,Saturday,False,False,False,Ninoy Aquino International Airport,MNL
Brunei International Airport,BWN,2024-08-31 12:05,Singapore Changi Airport,SIN,2024-08-31 14:20,135,Singapore Airlines,Business Class,655,305.0,,1056,Y,Y,Y,1,7,1,25,Saturday,False,False,False,Ninoy Aquino International Airport,MNL
Brunei International Airport,BWN,2024-08-31 08:50,Kuala Lumpur International Airport,KUL,2024-08-31 11:20,150,Royal Brunei,Business Class,1630,1250.0,True,1757,Y,Y,Y,1,12,2,40,Saturday,False,False,False,Ninoy Aquino International Airport,MNL
Brunei International Airport,BWN,2024-08-31 08:50,Kuala Lumpur International Airport,KUL,2024-08-31 11:20,150,Royal Brunei,Business Class,690,305.0,,2044,Y,Y,Y,1,12,2,40,Saturday,False,False,False,Ninoy Aquino International Airport,MNL
Brunei International Airport,BWN,2024-08-31 12:05,Singapore Changi Airport,SIN,2024-08-31 14:20,135,Singapore Airlines,Business Class,700,330.0,,2677,Y,Y,Y,1,7,1,25,Saturday,False,False,False,Ninoy Aquino International Airport,MNL
