Departure Airport Name,Departure Airport ID,Departure Time,Arrival Airport Name,Arrival Airport ID,Arrival Time,Duration,Airline,Travel Class,Total Duration,Layover 1 Duration,Layover 1 Overnight,Price, Cabin Baggage, Checked Baggage,Meal Included,Cabin Baggage (Number),Cabin Baggage (kg per piece),Checked Baggage (Number),Checked Baggage (kg per piece) ,Day of Week (on flight date),Overnight Flight,Departure Country Is Holiday,Arrival Country Is Holiday,Final Arrival Airport Name,Final Arrival Airport ID
Soekarno–Hatta International Airport,CGK,2024-07-01 12:35,Suvarnabhumi Airport,BKK,2024-07-01 16:05,210,THAI,Business Class,430,140,,753,Y,Y,Y,1,7,2,30,Monday,False,False,False,Wattay International Airport,VTE
Soekarno–Hatta International Airport,CGK,2024-07-01 23:30,Shanghai Pudong International Airport,PVG,2024-07-02 06:55,385,China Eastern,Business Class,1370,745,,1178,Y,Y,Y,1,10,2,32,Monday,True,False,False,Wattay International Airport,VTE
Soekarno–Hatta International Airport,CGK,2024-07-02 12:35,Suvarnabhumi Airport,BKK,2024-07-02 16:05,210,THAI,Business Class,430,140,,753,Y,Y,Y,1,7,2,30,Tuesday,False,False,False,Wattay International Airport,VTE
Soekarno–Hatta International Airport,CGK,2024-07-02 09:10,Guangzhou Baiyun International Airport,CAN,2024-07-02 15:25,315,China Southern,Business Class,1980,1510,True,953,Y,Y,Y,1,10,2,32,Tuesday,False,False,False,Wattay International Airport,VTE
Soekarno–Hatta International Airport,CGK,2024-07-02 23:30,Shanghai Pudong International Airport,PVG,2024-07-03 06:55,385,China Eastern,Business Class,1370,745,,1178,Y,Y,Y,1,10,2,32,Tuesday,True,False,False,Wattay International Airport,VTE
Soekarno–Hatta International Airport,CGK,2024-07-02 13:15,Guangzhou Baiyun International Airport,CAN,2024-07-02 19:30,315,China Southern,Business Class,1735,1265,True,1229,Y,Y,Y,1,10,2,32,Tuesday,False,False,False,Wattay International Airport,VTE
Soekarno–Hatta International Airport,CGK,2024-07-02 21:50,Incheon International Airport,ICN,2024-07-03 07:10,440,Asiana,Business Class,1480,710,,2000,Y,Y,Y,2,10,2,23,Tuesday,True,False,False,Wattay International Airport,VTE
Soekarno–Hatta International Airport,CGK,2024-07-03 12:35,Suvarnabhumi Airport,BKK,2024-07-03 16:05,210,THAI,Business Class,430,140,,753,Y,Y,Y,1,7,2,30,Wednesday,False,False,False,Wattay International Airport,VTE
Soekarno–Hatta International Airport,CGK,2024-07-03 23:30,Shanghai Pudong International Airport,PVG,2024-07-04 07:00,390,China Eastern,Business Class,1370,740,,1178,Y,Y,Y,1,10,2,32,Wednesday,True,False,False,Wattay International Airport,VTE
Soekarno–Hatta International Airport,CGK,2024-07-03 09:10,Guangzhou Baiyun International Airport,CAN,2024-07-03 15:25,315,China Southern,Business Class,540,70,,1229,Y,Y,Y,1,10,2,32,Wednesday,False,False,False,Wattay International Airport,VTE
Soekarno–Hatta International Airport,CGK,2024-07-03 21:50,Incheon International Airport,ICN,2024-07-04 07:10,440,Asiana,Business Class,1480,710,,1454,Y,Y,Y,2,10,2,23,Wednesday,True,False,False,Wattay International Airport,VTE
Soekarno–Hatta International Airport,CGK,2024-07-04 12:35,Suvarnabhumi Airport,BKK,2024-07-04 16:05,210,THAI,Business Class,430,140,,753,Y,Y,Y,1,7,2,30,Thursday,False,False,False,Wattay International Airport,VTE
Soekarno–Hatta International Airport,CGK,2024-07-04 13:15,Guangzhou Baiyun International Airport,CAN,2024-07-04 19:30,315,China Southern,Business Class,1735,1265,True,953,Y,Y,Y,1,10,2,32,Thursday,False,False,False,Wattay International Airport,VTE
Soekarno–Hatta International Airport,CGK,2024-07-04 23:30,Shanghai Pudong International Airport,PVG,2024-07-05 06:55,385,China Eastern,Business Class,1370,745,,1470,Y,Y,Y,1,10,2,32,Thursday,True,False,False,Wattay International Airport,VTE
Soekarno–Hatta International Airport,CGK,2024-07-05 23:30,Shanghai Pudong International Airport,PVG,2024-07-06 07:00,390,China Eastern,Business Class,1370,740,,1470,Y,Y,Y,1,10,2,32,Friday,True,False,False,Wattay International Airport,VTE
Soekarno–Hatta International Airport,CGK,2024-07-05 09:10,Guangzhou Baiyun International Airport,CAN,2024-07-05 15:25,315,China Southern,Business Class,540,70,,1472,Y,Y,Y,1,10,2,32,Friday,False,False,False,Wattay International Airport,VTE
Soekarno–Hatta International Airport,CGK,2024-07-05 21:50,Incheon International Airport,ICN,2024-07-06 07:10,440,Asiana,Business Class,1480,710,,1764,Y,Y,Y,2,10,2,23,Friday,True,False,False,Wattay International Airport,VTE
Soekarno–Hatta International Airport,CGK,2024-07-05 08:15,Guangzhou Baiyun International Airport,CAN,2024-07-05 14:45,330,Garuda Indonesia,Business Class,595,110,,4158,Y,Y,Y,1,7,1,50,Friday,False,False,False,Wattay International Airport,VTE
Soekarno–Hatta International Airport,CGK,2024-07-06 12:35,Suvarnabhumi Airport,BKK,2024-07-06 16:05,210,THAI,Business Class,430,140,,943,Y,Y,Y,1,7,2,30,Saturday,False,False,False,Wattay International Airport,VTE
Soekarno–Hatta International Airport,CGK,2024-07-06 13:15,Guangzhou Baiyun International Airport,CAN,2024-07-06 19:30,315,China Southern,Business Class,1735,1265,True,1229,Y,Y,Y,1,10,2,32,Saturday,False,False,False,Wattay International Airport,VTE
Soekarno–Hatta International Airport,CGK,2024-07-06 21:50,Incheon International Airport,ICN,2024-07-07 07:10,440,Asiana,Business Class,1480,710,,1454,Y,Y,Y,2,10,2,23,Saturday,True,False,False,Wattay International Airport,VTE
Soekarno–Hatta International Airport,CGK,2024-07-06 23:30,Shanghai Pudong International Airport,PVG,2024-07-07 06:55,385,China Eastern,Business Class,1370,745,,2276,Y,Y,Y,1,10,2,32,Saturday,True,False,False,Wattay International Airport,VTE
Soekarno–Hatta International Airport,CGK,2024-07-07 23:30,Shanghai Pudong International Airport,PVG,2024-07-08 07:00,390,China Eastern,Business Class,1370,740,,1178,Y,Y,Y,1,10,2,32,Sunday,True,True,False,Wattay International Airport,VTE
Soekarno–Hatta International Airport,CGK,2024-07-07 09:10,Guangzhou Baiyun International Airport,CAN,2024-07-07 15:25,315,China Southern,Business Class,540,70,,1229,Y,Y,Y,1,10,2,32,Sunday,False,True,False,Wattay International Airport,VTE
Soekarno–Hatta International Airport,CGK,2024-07-07 08:15,Guangzhou Baiyun International Airport,CAN,2024-07-07 14:45,330,Garuda Indonesia,Business Class,595,110,,4158,Y,Y,Y,1,7,1,50,Sunday,False,True,False,Wattay International Airport,VTE
Soekarno–Hatta International Airport,CGK,2024-07-08 12:35,Suvarnabhumi Airport,BKK,2024-07-08 16:05,210,THAI,Business Class,430,140,,753,Y,Y,Y,1,7,2,30,Monday,False,False,False,Wattay International Airport,VTE
Soekarno–Hatta International Airport,CGK,2024-07-08 23:30,Shanghai Pudong International Airport,PVG,2024-07-09 06:55,385,China Eastern,Business Class,1370,745,,1178,Y,Y,Y,1,10,2,32,Monday,True,False,False,Wattay International Airport,VTE
Soekarno–Hatta International Airport,CGK,2024-07-09 12:35,Suvarnabhumi Airport,BKK,2024-07-09 16:05,210,THAI,Business Class,430,140,,753,Y,Y,Y,1,7,2,30,Tuesday,False,False,False,Wattay International Airport,VTE
Soekarno–Hatta International Airport,CGK,2024-07-09 09:10,Guangzhou Baiyun International Airport,CAN,2024-07-09 15:25,315,China Southern,Business Class,1980,1510,True,953,Y,Y,Y,1,10,2,32,Tuesday,False,False,False,Wattay International Airport,VTE
Soekarno–Hatta International Airport,CGK,2024-07-09 23:30,Shanghai Pudong International Airport,PVG,2024-07-10 06:55,385,China Eastern,Business Class,1370,745,,1178,Y,Y,Y,1,10,2,32,Tuesday,True,False,False,Wattay International Airport,VTE
Soekarno–Hatta International Airport,CGK,2024-07-09 13:15,Guangzhou Baiyun International Airport,CAN,2024-07-09 19:30,315,China Southern,Business Class,1735,1265,True,1229,Y,Y,Y,1,10,2,32,Tuesday,False,False,False,Wattay International Airport,VTE
Soekarno–Hatta International Airport,CGK,2024-07-09 21:50,Incheon International Airport,ICN,2024-07-10 07:10,440,Asiana,Business Class,1480,710,,1764,Y,Y,Y,2,10,2,23,Tuesday,True,False,False,Wattay International Airport,VTE
Soekarno–Hatta International Airport,CGK,2024-07-10 12:35,Suvarnabhumi Airport,BKK,2024-07-10 16:05,210,THAI,Business Class,430,140,,753,Y,Y,Y,1,7,2,30,Wednesday,False,False,False,Wattay International Airport,VTE
Soekarno–Hatta International Airport,CGK,2024-07-10 21:50,Incheon International Airport,ICN,2024-07-11 07:10,440,Asiana,Business Class,1480,710,,1120,Y,Y,Y,2,10,2,23,Wednesday,True,False,False,Wattay International Airport,VTE
Soekarno–Hatta International Airport,CGK,2024-07-10 23:30,Shanghai Pudong International Airport,PVG,2024-07-11 07:00,390,China Eastern,Business Class,1370,740,,1178,Y,Y,Y,1,10,2,32,Wednesday,True,False,False,Wattay International Airport,VTE
Soekarno–Hatta International Airport,CGK,2024-07-10 09:10,Guangzhou Baiyun International Airport,CAN,2024-07-10 15:25,315,China Southern,Business Class,540,70,,1229,Y,Y,Y,1,10,2,32,Wednesday,False,False,False,Wattay International Airport,VTE
Soekarno–Hatta International Airport,CGK,2024-07-11 12:35,Suvarnabhumi Airport,BKK,2024-07-11 16:05,210,THAI,Business Class,430,140,,753,Y,Y,Y,1,7,2,30,Thursday,False,False,False,Wattay International Airport,VTE
Soekarno–Hatta International Airport,CGK,2024-07-11 13:15,Guangzhou Baiyun International Airport,CAN,2024-07-11 19:30,315,China Southern,Business Class,1735,1265,True,953,Y,Y,Y,1,10,2,32,Thursday,False,False,False,Wattay International Airport,VTE
Soekarno–Hatta International Airport,CGK,2024-07-11 23:30,Shanghai Pudong International Airport,PVG,2024-07-12 06:55,385,China Eastern,Business Class,1370,745,,1231,Y,Y,Y,1,10,2,32,Thursday,True,False,False,Wattay International Airport,VTE
Soekarno–Hatta International Airport,CGK,2024-07-12 12:35,Suvarnabhumi Airport,BKK,2024-07-12 16:05,210,THAI,Business Class,430,140,,753,Y,Y,Y,1,7,2,30,Friday,False,False,False,Wattay International Airport,VTE
Soekarno–Hatta International Airport,CGK,2024-07-12 09:10,Guangzhou Baiyun International Airport,CAN,2024-07-12 15:25,315,China Southern,Business Class,540,70,,953,Y,Y,Y,1,10,2,32,Friday,False,False,False,Wattay International Airport,VTE
Soekarno–Hatta International Airport,CGK,2024-07-12 23:30,Shanghai Pudong International Airport,PVG,2024-07-13 07:00,390,China Eastern,Business Class,1370,740,,1231,Y,Y,Y,1,10,2,32,Friday,True,False,False,Wattay International Airport,VTE
Soekarno–Hatta International Airport,CGK,2024-07-12 08:15,Guangzhou Baiyun International Airport,CAN,2024-07-12 14:45,330,Garuda Indonesia,Business Class,595,110,,4158,Y,Y,Y,1,7,1,50,Friday,False,False,False,Wattay International Airport,VTE
Soekarno–Hatta International Airport,CGK,2024-07-13 12:35,Suvarnabhumi Airport,BKK,2024-07-13 16:05,210,THAI,Business Class,430,140,,753,Y,Y,Y,1,7,2,30,Saturday,False,False,False,Wattay International Airport,VTE
Soekarno–Hatta International Airport,CGK,2024-07-13 09:10,Guangzhou Baiyun International Airport,CAN,2024-07-13 15:25,315,China Southern,Business Class,1980,1510,True,953,Y,Y,Y,1,10,2,32,Saturday,False,False,False,Wattay International Airport,VTE
Soekarno–Hatta International Airport,CGK,2024-07-13 13:15,Guangzhou Baiyun International Airport,CAN,2024-07-13 19:30,315,China Southern,Business Class,1735,1265,True,1229,Y,Y,Y,1,10,2,32,Saturday,False,False,False,Wattay International Airport,VTE
Soekarno–Hatta International Airport,CGK,2024-07-13 23:30,Shanghai Pudong International Airport,PVG,2024-07-14 06:55,385,China Eastern,Business Class,1370,745,,1231,Y,Y,Y,1,10,2,32,Saturday,True,False,False,Wattay International Airport,VTE
Soekarno–Hatta International Airport,CGK,2024-07-13 21:50,Incheon International Airport,ICN,2024-07-14 07:10,440,Asiana,Business Class,1480,710,,1764,Y,Y,Y,2,10,2,23,Saturday,True,False,False,Wattay International Airport,VTE
Soekarno–Hatta International Airport,CGK,2024-07-14 12:35,Suvarnabhumi Airport,BKK,2024-07-14 16:05,210,THAI,Business Class,430,140,,753,Y,Y,Y,1,7,2,30,Sunday,False,False,False,Wattay International Airport,VTE
Soekarno–Hatta International Airport,CGK,2024-07-14 09:10,Guangzhou Baiyun International Airport,CAN,2024-07-14 15:25,315,China Southern,Business Class,540,70,,1229,Y,Y,Y,1,10,2,32,Sunday,False,False,False,Wattay International Airport,VTE
Soekarno–Hatta International Airport,CGK,2024-07-14 23:30,Shanghai Pudong International Airport,PVG,2024-07-15 07:00,390,China Eastern,Business Class,1370,740,,1983,Y,Y,Y,1,10,2,32,Sunday,True,False,False,Wattay International Airport,VTE
Soekarno–Hatta International Airport,CGK,2024-07-14 08:15,Guangzhou Baiyun International Airport,CAN,2024-07-14 14:45,330,Garuda Indonesia,Business Class,595,110,,2977,Y,Y,Y,1,7,1,50,Sunday,False,False,False,Wattay International Airport,VTE
Soekarno–Hatta International Airport,CGK,2024-07-15 12:35,Suvarnabhumi Airport,BKK,2024-07-15 16:05,210,THAI,Business Class,430,140,,753,Y,Y,Y,1,7,2,30,Monday,False,False,False,Wattay International Airport,VTE
Soekarno–Hatta International Airport,CGK,2024-07-15 23:30,Shanghai Pudong International Airport,PVG,2024-07-16 06:55,385,China Eastern,Business Class,1370,745,,1231,Y,Y,Y,1,10,2,32,Monday,True,False,False,Wattay International Airport,VTE
Soekarno–Hatta International Airport,CGK,2024-07-16 12:35,Suvarnabhumi Airport,BKK,2024-07-16 16:05,210,THAI,Business Class,430,140,,753,Y,Y,Y,1,7,2,30,Tuesday,False,False,False,Wattay International Airport,VTE
Soekarno–Hatta International Airport,CGK,2024-07-16 09:10,Guangzhou Baiyun International Airport,CAN,2024-07-16 15:25,315,China Southern,Business Class,1980,1510,True,953,Y,Y,Y,1,10,2,32,Tuesday,False,False,False,Wattay International Airport,VTE
Soekarno–Hatta International Airport,CGK,2024-07-16 13:15,Guangzhou Baiyun International Airport,CAN,2024-07-16 19:30,315,China Southern,Business Class,1735,1265,True,1229,Y,Y,Y,1,10,2,32,Tuesday,False,False,False,Wattay International Airport,VTE
Soekarno–Hatta International Airport,CGK,2024-07-16 23:30,Shanghai Pudong International Airport,PVG,2024-07-17 06:55,385,China Eastern,Business Class,1370,745,,1231,Y,Y,Y,1,10,2,32,Tuesday,True,False,False,Wattay International Airport,VTE
Soekarno–Hatta International Airport,CGK,2024-07-16 21:50,Incheon International Airport,ICN,2024-07-17 07:10,440,Asiana,Business Class,1480,710,,1454,Y,Y,Y,2,10,2,23,Tuesday,True,False,False,Wattay International Airport,VTE
Soekarno–Hatta International Airport,CGK,2024-07-17 12:35,Suvarnabhumi Airport,BKK,2024-07-17 16:05,210,THAI,Business Class,430,140,,753,Y,Y,Y,1,7,2,30,Wednesday,False,False,False,Wattay International Airport,VTE
Soekarno–Hatta International Airport,CGK,2024-07-17 09:10,Guangzhou Baiyun International Airport,CAN,2024-07-17 15:25,315,China Southern,Business Class,540,70,,1229,Y,Y,Y,1,10,2,32,Wednesday,False,False,False,Wattay International Airport,VTE
Soekarno–Hatta International Airport,CGK,2024-07-17 21:50,Incheon International Airport,ICN,2024-07-18 07:10,440,Asiana,Business Class,1480,710,,1454,Y,Y,Y,2,10,2,23,Wednesday,True,False,False,Wattay International Airport,VTE
Soekarno–Hatta International Airport,CGK,2024-07-17 23:30,Shanghai Pudong International Airport,PVG,2024-07-18 07:00,390,China Eastern,Business Class,1370,740,,1488,Y,Y,Y,1,10,2,32,Wednesday,True,False,False,Wattay International Airport,VTE
Soekarno–Hatta International Airport,CGK,2024-07-18 12:35,Suvarnabhumi Airport,BKK,2024-07-18 16:05,210,THAI,Business Class,430,140,,753,Y,Y,Y,1,7,2,30,Thursday,False,False,False,Wattay International Airport,VTE
Soekarno–Hatta International Airport,CGK,2024-07-18 13:15,Guangzhou Baiyun International Airport,CAN,2024-07-18 19:30,315,China Southern,Business Class,1735,1265,True,953,Y,Y,Y,1,10,2,32,Thursday,False,False,False,Wattay International Airport,VTE
Soekarno–Hatta International Airport,CGK,2024-07-18 23:30,Shanghai Pudong International Airport,PVG,2024-07-19 06:55,385,China Eastern,Business Class,1370,745,,1231,Y,Y,Y,1,10,2,32,Thursday,True,False,False,Wattay International Airport,VTE
Soekarno–Hatta International Airport,CGK,2024-07-19 12:35,Suvarnabhumi Airport,BKK,2024-07-19 16:05,210,THAI,Business Class,430,140,,753,Y,Y,Y,1,7,2,30,Friday,False,False,False,Wattay International Airport,VTE
Soekarno–Hatta International Airport,CGK,2024-07-19 09:10,Guangzhou Baiyun International Airport,CAN,2024-07-19 15:25,315,China Southern,Business Class,540,70,,953,Y,Y,Y,1,10,2,32,Friday,False,False,False,Wattay International Airport,VTE
Soekarno–Hatta International Airport,CGK,2024-07-19 21:50,Incheon International Airport,ICN,2024-07-20 07:10,440,Asiana,Business Class,1480,710,,1131,Y,Y,Y,2,10,2,23,Friday,True,False,True,Wattay International Airport,VTE
Soekarno–Hatta International Airport,CGK,2024-07-19 23:30,Shanghai Pudong International Airport,PVG,2024-07-20 07:00,390,China Eastern,Business Class,1370,740,,1231,Y,Y,Y,1,10,2,32,Friday,True,False,True,Wattay International Airport,VTE
Soekarno–Hatta International Airport,CGK,2024-07-19 08:15,Guangzhou Baiyun International Airport,CAN,2024-07-19 14:45,330,Garuda Indonesia,Business Class,595,110,,4158,Y,Y,Y,1,7,1,50,Friday,False,False,False,Wattay International Airport,VTE
Soekarno–Hatta International Airport,CGK,2024-07-20 12:35,Suvarnabhumi Airport,BKK,2024-07-20 16:05,210,THAI,Business Class,430,140,,753,Y,Y,Y,1,7,2,30,Saturday,False,False,True,Wattay International Airport,VTE
Soekarno–Hatta International Airport,CGK,2024-07-20 19:00,Suvarnabhumi Airport,BKK,2024-07-20 22:30,210,THAI,Business Class,1070,785,True,786,Y,Y,Y,1,7,2,30,Saturday,False,False,True,Wattay International Airport,VTE
Soekarno–Hatta International Airport,CGK,2024-07-20 21:50,Incheon International Airport,ICN,2024-07-21 07:10,440,Asiana,Business Class,1480,710,,1131,Y,Y,Y,2,10,2,23,Saturday,True,False,False,Wattay International Airport,VTE
Soekarno–Hatta International Airport,CGK,2024-07-20 13:15,Guangzhou Baiyun International Airport,CAN,2024-07-20 19:30,315,China Southern,Business Class,1735,1265,True,1229,Y,Y,Y,1,10,2,32,Saturday,False,False,True,Wattay International Airport,VTE
Soekarno–Hatta International Airport,CGK,2024-07-20 23:30,Shanghai Pudong International Airport,PVG,2024-07-21 06:55,385,China Eastern,Business Class,1370,745,,1231,Y,Y,Y,1,10,2,32,Saturday,True,False,False,Wattay International Airport,VTE
Soekarno–Hatta International Airport,CGK,2024-07-21 12:35,Suvarnabhumi Airport,BKK,2024-07-21 16:05,210,THAI,Business Class,430,140,,753,Y,Y,Y,1,7,2,30,Sunday,False,False,False,Wattay International Airport,VTE
Soekarno–Hatta International Airport,CGK,2024-07-21 09:10,Guangzhou Baiyun International Airport,CAN,2024-07-21 15:25,315,China Southern,Business Class,540,70,,1229,Y,Y,Y,1,10,2,32,Sunday,False,False,False,Wattay International Airport,VTE
Soekarno–Hatta International Airport,CGK,2024-07-21 19:00,Suvarnabhumi Airport,BKK,2024-07-21 22:30,210,THAI,Business Class,1070,785,True,786,Y,Y,Y,1,7,2,30,Sunday,False,False,False,Wattay International Airport,VTE
Soekarno–Hatta International Airport,CGK,2024-07-21 23:30,Shanghai Pudong International Airport,PVG,2024-07-22 07:00,390,China Eastern,Business Class,1370,740,,1231,Y,Y,Y,1,10,2,32,Sunday,True,False,False,Wattay International Airport,VTE
Soekarno–Hatta International Airport,CGK,2024-07-21 08:15,Guangzhou Baiyun International Airport,CAN,2024-07-21 14:45,330,Garuda Indonesia,Business Class,595,110,,4158,Y,Y,Y,1,7,1,50,Sunday,False,False,False,Wattay International Airport,VTE
Soekarno–Hatta International Airport,CGK,2024-07-22 12:35,Suvarnabhumi Airport,BKK,2024-07-22 16:05,210,THAI,Business Class,430,140,,753,Y,Y,Y,1,7,2,30,Monday,False,False,False,Wattay International Airport,VTE
Soekarno–Hatta International Airport,CGK,2024-07-22 19:00,Suvarnabhumi Airport,BKK,2024-07-22 22:30,210,THAI,Business Class,1070,785,True,786,Y,Y,Y,1,7,2,30,Monday,False,False,False,Wattay International Airport,VTE
Soekarno–Hatta International Airport,CGK,2024-07-22 23:30,Shanghai Pudong International Airport,PVG,2024-07-23 06:55,385,China Eastern,Business Class,1370,745,,1231,Y,Y,Y,1,10,2,32,Monday,True,False,False,Wattay International Airport,VTE
Soekarno–Hatta International Airport,CGK,2024-07-23 12:35,Suvarnabhumi Airport,BKK,2024-07-23 16:05,210,THAI,Business Class,430,140,,753,Y,Y,Y,1,7,2,30,Tuesday,False,False,False,Wattay International Airport,VTE
Soekarno–Hatta International Airport,CGK,2024-07-23 19:00,Suvarnabhumi Airport,BKK,2024-07-23 22:30,210,THAI,Business Class,1070,785,True,786,Y,Y,Y,1,7,2,30,Tuesday,False,False,False,Wattay International Airport,VTE
Soekarno–Hatta International Airport,CGK,2024-07-23 09:10,Guangzhou Baiyun International Airport,CAN,2024-07-23 15:25,315,China Southern,Business Class,1980,1510,True,953,Y,Y,Y,1,10,2,32,Tuesday,False,False,False,Wattay International Airport,VTE
Soekarno–Hatta International Airport,CGK,2024-07-23 13:15,Guangzhou Baiyun International Airport,CAN,2024-07-23 19:30,315,China Southern,Business Class,1735,1265,True,1229,Y,Y,Y,1,10,2,32,Tuesday,False,False,False,Wattay International Airport,VTE
Soekarno–Hatta International Airport,CGK,2024-07-23 23:30,Shanghai Pudong International Airport,PVG,2024-07-24 06:55,385,China Eastern,Business Class,1370,745,,1231,Y,Y,Y,1,10,2,32,Tuesday,True,False,False,Wattay International Airport,VTE
Soekarno–Hatta International Airport,CGK,2024-07-23 21:50,Incheon International Airport,ICN,2024-07-24 07:10,440,Asiana,Business Class,1480,710,,1775,Y,Y,Y,2,10,2,23,Tuesday,True,False,False,Wattay International Airport,VTE
Soekarno–Hatta International Airport,CGK,2024-07-24 12:35,Suvarnabhumi Airport,BKK,2024-07-24 16:05,210,THAI,Business Class,430,140,,753,Y,Y,Y,1,7,2,30,Wednesday,False,False,False,Wattay International Airport,VTE
Soekarno–Hatta International Airport,CGK,2024-07-24 19:00,Suvarnabhumi Airport,BKK,2024-07-24 22:30,210,THAI,Business Class,1070,785,True,786,Y,Y,Y,1,7,2,30,Wednesday,False,False,False,Wattay International Airport,VTE
Soekarno–Hatta International Airport,CGK,2024-07-24 23:30,Shanghai Pudong International Airport,PVG,2024-07-25 07:00,390,China Eastern,Business Class,1370,740,,1231,Y,Y,Y,1,10,2,32,Wednesday,True,False,False,Wattay International Airport,VTE
Soekarno–Hatta International Airport,CGK,2024-07-24 21:50,Incheon International Airport,ICN,2024-07-25 07:10,440,Asiana,Business Class,1480,710,,1465,Y,Y,Y,2,10,2,23,Wednesday,True,False,False,Wattay International Airport,VTE
Soekarno–Hatta International Airport,CGK,2024-07-24 09:10,Guangzhou Baiyun International Airport,CAN,2024-07-24 15:25,315,China Southern,Business Class,540,70,,1472,Y,Y,Y,1,10,2,32,Wednesday,False,False,False,Wattay International Airport,VTE
Soekarno–Hatta International Airport,CGK,2024-07-25 12:35,Suvarnabhumi Airport,BKK,2024-07-25 16:05,210,THAI,Business Class,430,140,,753,Y,Y,Y,1,7,2,30,Thursday,False,False,False,Wattay International Airport,VTE
Soekarno–Hatta International Airport,CGK,2024-07-25 19:00,Suvarnabhumi Airport,BKK,2024-07-25 22:30,210,THAI,Business Class,1070,785,True,786,Y,Y,Y,1,7,2,30,Thursday,False,False,False,Wattay International Airport,VTE
Soekarno–Hatta International Airport,CGK,2024-07-25 13:15,Guangzhou Baiyun International Airport,CAN,2024-07-25 19:30,315,China Southern,Business Class,1735,1265,True,953,Y,Y,Y,1,10,2,32,Thursday,False,False,False,Wattay International Airport,VTE
Soekarno–Hatta International Airport,CGK,2024-07-25 23:30,Shanghai Pudong International Airport,PVG,2024-07-26 06:55,385,China Eastern,Business Class,1370,745,,1231,Y,Y,Y,1,10,2,32,Thursday,True,False,False,Wattay International Airport,VTE
Soekarno–Hatta International Airport,CGK,2024-07-26 12:35,Suvarnabhumi Airport,BKK,2024-07-26 16:05,210,THAI,Business Class,430,140,,753,Y,Y,Y,1,7,2,30,Friday,False,False,False,Wattay International Airport,VTE
Soekarno–Hatta International Airport,CGK,2024-07-26 09:10,Guangzhou Baiyun International Airport,CAN,2024-07-26 15:25,315,China Southern,Business Class,540,70,,953,Y,Y,Y,1,10,2,32,Friday,False,False,False,Wattay International Airport,VTE
Soekarno–Hatta International Airport,CGK,2024-07-26 21:50,Incheon International Airport,ICN,2024-07-27 07:10,440,Asiana,Business Class,1480,710,,1488,Y,Y,Y,2,10,2,23,Friday,True,False,False,Wattay International Airport,VTE
Soekarno–Hatta International Airport,CGK,2024-07-26 23:30,Shanghai Pudong International Airport,PVG,2024-07-27 07:00,390,China Eastern,Business Class,1370,740,,1498,Y,Y,Y,1,10,2,32,Friday,True,False,False,Wattay International Airport,VTE
Soekarno–Hatta International Airport,CGK,2024-07-26 08:15,Guangzhou Baiyun International Airport,CAN,2024-07-26 14:45,330,Garuda Indonesia,Business Class,595,110,,4158,Y,Y,Y,1,7,1,50,Friday,False,False,False,Wattay International Airport,VTE
Soekarno–Hatta International Airport,CGK,2024-07-27 12:35,Suvarnabhumi Airport,BKK,2024-07-27 16:05,210,THAI,Business Class,430,140,,753,Y,Y,Y,1,7,2,30,Saturday,False,False,False,Wattay International Airport,VTE
Soekarno–Hatta International Airport,CGK,2024-07-27 19:00,Suvarnabhumi Airport,BKK,2024-07-27 22:30,210,THAI,Business Class,1070,785,True,786,Y,Y,Y,1,7,2,30,Saturday,False,False,False,Wattay International Airport,VTE
Soekarno–Hatta International Airport,CGK,2024-07-27 09:10,Guangzhou Baiyun International Airport,CAN,2024-07-27 15:25,315,China Southern,Business Class,1980,1510,True,953,Y,Y,Y,1,10,2,32,Saturday,False,False,False,Wattay International Airport,VTE
Soekarno–Hatta International Airport,CGK,2024-07-27 21:50,Incheon International Airport,ICN,2024-07-28 07:10,440,Asiana,Business Class,1480,710,,1193,Y,Y,Y,2,10,2,23,Saturday,True,False,False,Wattay International Airport,VTE
Soekarno–Hatta International Airport,CGK,2024-07-27 13:15,Guangzhou Baiyun International Airport,CAN,2024-07-27 19:30,315,China Southern,Business Class,1735,1265,True,1229,Y,Y,Y,1,10,2,32,Saturday,False,False,False,Wattay International Airport,VTE
Soekarno–Hatta International Airport,CGK,2024-07-27 23:30,Shanghai Pudong International Airport,PVG,2024-07-28 06:55,385,China Eastern,Business Class,1370,745,,1303,Y,Y,Y,1,10,2,32,Saturday,True,False,False,Wattay International Airport,VTE
Soekarno–Hatta International Airport,CGK,2024-07-28 12:35,Suvarnabhumi Airport,BKK,2024-07-28 16:05,210,THAI,Business Class,430,140,,753,Y,Y,Y,1,7,2,30,Sunday,False,False,False,Wattay International Airport,VTE
Soekarno–Hatta International Airport,CGK,2024-07-28 09:10,Guangzhou Baiyun International Airport,CAN,2024-07-28 15:25,315,China Southern,Business Class,540,70,,1229,Y,Y,Y,1,10,2,32,Sunday,False,False,False,Wattay International Airport,VTE
Soekarno–Hatta International Airport,CGK,2024-07-28 19:00,Suvarnabhumi Airport,BKK,2024-07-28 22:30,210,THAI,Business Class,1070,785,True,786,Y,Y,Y,1,7,2,30,Sunday,False,False,False,Wattay International Airport,VTE
Soekarno–Hatta International Airport,CGK,2024-07-28 23:30,Shanghai Pudong International Airport,PVG,2024-07-29 07:00,390,China Eastern,Business Class,1370,740,,1231,Y,Y,Y,1,10,2,32,Sunday,True,False,False,Wattay International Airport,VTE
Soekarno–Hatta International Airport,CGK,2024-07-28 08:15,Guangzhou Baiyun International Airport,CAN,2024-07-28 14:45,330,Garuda Indonesia,Business Class,595,110,,4158,Y,Y,Y,1,7,1,50,Sunday,False,False,False,Wattay International Airport,VTE
Soekarno–Hatta International Airport,CGK,2024-07-29 12:35,Suvarnabhumi Airport,BKK,2024-07-29 16:05,210,THAI,Business Class,430,140,,753,Y,Y,Y,1,7,2,30,Monday,False,False,False,Wattay International Airport,VTE
Soekarno–Hatta International Airport,CGK,2024-07-29 19:00,Suvarnabhumi Airport,BKK,2024-07-29 22:30,210,THAI,Business Class,1070,785,True,786,Y,Y,Y,1,7,2,30,Monday,False,False,False,Wattay International Airport,VTE
Soekarno–Hatta International Airport,CGK,2024-07-29 23:30,Shanghai Pudong International Airport,PVG,2024-07-30 06:55,385,China Eastern,Business Class,1370,745,,1498,Y,Y,Y,1,10,2,32,Monday,True,False,False,Wattay International Airport,VTE
Soekarno–Hatta International Airport,CGK,2024-07-30 12:35,Suvarnabhumi Airport,BKK,2024-07-30 16:05,210,THAI,Business Class,430,140,,753,Y,Y,Y,1,7,2,30,Tuesday,False,False,False,Wattay International Airport,VTE
Soekarno–Hatta International Airport,CGK,2024-07-30 19:00,Suvarnabhumi Airport,BKK,2024-07-30 22:30,210,THAI,Business Class,1070,785,True,786,Y,Y,Y,1,7,2,30,Tuesday,False,False,False,Wattay International Airport,VTE
Soekarno–Hatta International Airport,CGK,2024-07-30 09:10,Guangzhou Baiyun International Airport,CAN,2024-07-30 15:25,315,China Southern,Business Class,1980,1510,True,953,Y,Y,Y,1,10,2,32,Tuesday,False,False,False,Wattay International Airport,VTE
Soekarno–Hatta International Airport,CGK,2024-07-30 13:15,Guangzhou Baiyun International Airport,CAN,2024-07-30 19:30,315,China Southern,Business Class,1735,1265,True,1229,Y,Y,Y,1,10,2,32,Tuesday,False,False,False,Wattay International Airport,VTE
Soekarno–Hatta International Airport,CGK,2024-07-30 23:30,Shanghai Pudong International Airport,PVG,2024-07-31 06:55,385,China Eastern,Business Class,1370,745,,2276,Y,Y,Y,1,10,2,32,Tuesday,True,False,False,Wattay International Airport,VTE
Soekarno–Hatta International Airport,CGK,2024-07-31 12:35,Suvarnabhumi Airport,BKK,2024-07-31 16:05,210,THAI,Business Class,430,140,,753,Y,Y,Y,1,7,2,30,Wednesday,False,False,False,Wattay International Airport,VTE
Soekarno–Hatta International Airport,CGK,2024-07-31 19:00,Suvarnabhumi Airport,BKK,2024-07-31 22:30,210,THAI,Business Class,1060,775,True,786,Y,Y,Y,1,7,2,30,Wednesday,False,False,False,Wattay International Airport,VTE
Soekarno–Hatta International Airport,CGK,2024-07-31 09:10,Guangzhou Baiyun International Airport,CAN,2024-07-31 15:25,315,China Southern,Business Class,540,70,,1229,Y,Y,Y,1,10,2,32,Wednesday,False,False,False,Wattay International Airport,VTE
Soekarno–Hatta International Airport,CGK,2024-07-31 23:30,Shanghai Pudong International Airport,PVG,2024-08-01 07:00,390,China Eastern,Business Class,1370,740,,1231,Y,Y,Y,1,10,2,32,Wednesday,True,False,False,Wattay International Airport,VTE
Soekarno–Hatta International Airport,CGK,2024-07-31 21:50,Incheon International Airport,ICN,2024-08-01 07:10,440,Asiana,Business Class,1480,710,,1465,Y,Y,Y,2,10,2,23,Wednesday,True,False,False,Wattay International Airport,VTE
Soekarno–Hatta International Airport,CGK,2024-08-01 12:35,Suvarnabhumi Airport,BKK,2024-08-01 16:05,210,THAI,Business Class,430,140,,769,Y,Y,Y,1,7,2,30,Thursday,False,False,False,Wattay International Airport,VTE
Soekarno–Hatta International Airport,CGK,2024-08-01 09:10,Guangzhou Baiyun International Airport,CAN,2024-08-01 15:25,315,China Southern,Business Class,1980,1510,True,1102,Y,Y,Y,1,10,2,32,Thursday,False,False,False,Wattay International Airport,VTE
Soekarno–Hatta International Airport,CGK,2024-08-01 23:30,Shanghai Pudong International Airport,PVG,2024-08-02 06:55,385,China Eastern,Business Class,1370,745,,1423,Y,Y,Y,1,10,2,32,Thursday,True,False,False,Wattay International Airport,VTE
Soekarno–Hatta International Airport,CGK,2024-08-01 13:15,Guangzhou Baiyun International Airport,CAN,2024-08-01 19:15,300,China Southern,Business Class,1735,1280,True,3121,Y,Y,Y,1,10,2,32,Thursday,False,False,False,Wattay International Airport,VTE
Soekarno–Hatta International Airport,CGK,2024-08-02 12:35,Suvarnabhumi Airport,BKK,2024-08-02 16:05,210,THAI,Business Class,430,140,,769,Y,Y,Y,1,7,2,30,Friday,False,False,False,Wattay International Airport,VTE
Soekarno–Hatta International Airport,CGK,2024-08-02 09:10,Guangzhou Baiyun International Airport,CAN,2024-08-02 15:25,315,China Southern,Business Class,540,70,,1102,Y,Y,Y,1,10,2,32,Friday,False,False,False,Wattay International Airport,VTE
Soekarno–Hatta International Airport,CGK,2024-08-02 21:50,Incheon International Airport,ICN,2024-08-03 07:10,440,Asiana,Business Class,1480,710,,1484,Y,Y,Y,2,10,2,23,Friday,True,False,False,Wattay International Airport,VTE
Soekarno–Hatta International Airport,CGK,2024-08-02 23:30,Shanghai Pudong International Airport,PVG,2024-08-03 07:00,390,China Eastern,Business Class,1370,740,,2608,Y,Y,Y,1,10,2,32,Friday,True,False,False,Wattay International Airport,VTE
Soekarno–Hatta International Airport,CGK,2024-08-03 09:10,Guangzhou Baiyun International Airport,CAN,2024-08-03 15:25,315,China Southern,Business Class,1980,1510,True,1364,Y,Y,Y,1,10,2,32,Saturday,False,False,False,Wattay International Airport,VTE
Soekarno–Hatta International Airport,CGK,2024-08-03 23:30,Shanghai Pudong International Airport,PVG,2024-08-04 06:55,385,China Eastern,Business Class,1370,745,,1423,Y,Y,Y,1,10,2,32,Saturday,True,False,False,Wattay International Airport,VTE
Soekarno–Hatta International Airport,CGK,2024-08-03 21:50,Incheon International Airport,ICN,2024-08-04 07:10,440,Asiana,Business Class,1480,710,,1800,Y,Y,Y,2,10,2,23,Saturday,True,False,False,Wattay International Airport,VTE
Soekarno–Hatta International Airport,CGK,2024-08-03 13:15,Guangzhou Baiyun International Airport,CAN,2024-08-03 19:15,300,China Southern,Business Class,1735,1280,True,1831,Y,Y,Y,1,10,2,32,Saturday,False,False,False,Wattay International Airport,VTE
Soekarno–Hatta International Airport,CGK,2024-08-04 12:35,Suvarnabhumi Airport,BKK,2024-08-04 16:05,210,THAI,Business Class,430,140,,769,Y,Y,Y,1,7,2,30,Sunday,False,False,False,Wattay International Airport,VTE
Soekarno–Hatta International Airport,CGK,2024-08-04 09:10,Guangzhou Baiyun International Airport,CAN,2024-08-04 15:25,315,China Southern,Business Class,540,70,,1364,Y,Y,Y,1,10,2,32,Sunday,False,False,False,Wattay International Airport,VTE
Soekarno–Hatta International Airport,CGK,2024-08-04 23:30,Shanghai Pudong International Airport,PVG,2024-08-05 07:00,390,China Eastern,Business Class,1370,740,,1863,Y,Y,Y,1,10,2,32,Sunday,True,False,False,Wattay International Airport,VTE
Soekarno–Hatta International Airport,CGK,2024-08-05 12:35,Suvarnabhumi Airport,BKK,2024-08-05 16:05,210,THAI,Business Class,430,140,,769,Y,Y,Y,1,7,2,30,Monday,False,False,False,Wattay International Airport,VTE
Soekarno–Hatta International Airport,CGK,2024-08-05 23:30,Shanghai Pudong International Airport,PVG,2024-08-06 06:55,385,China Eastern,Business Class,1370,745,,2608,Y,Y,Y,1,10,2,32,Monday,True,False,False,Wattay International Airport,VTE
Soekarno–Hatta International Airport,CGK,2024-08-06 12:35,Suvarnabhumi Airport,BKK,2024-08-06 16:05,210,THAI,Business Class,1445,1160,True,803,Y,Y,Y,1,7,2,30,Tuesday,False,False,False,Wattay International Airport,VTE
Soekarno–Hatta International Airport,CGK,2024-08-06 09:10,Guangzhou Baiyun International Airport,CAN,2024-08-06 15:25,315,China Southern,Business Class,1980,1510,True,1102,Y,Y,Y,1,10,2,32,Tuesday,False,False,False,Wattay International Airport,VTE
Soekarno–Hatta International Airport,CGK,2024-08-06 23:30,Shanghai Pudong International Airport,PVG,2024-08-07 06:55,385,China Eastern,Business Class,1370,745,,1423,Y,Y,Y,1,10,2,32,Tuesday,True,False,False,Wattay International Airport,VTE
Soekarno–Hatta International Airport,CGK,2024-08-06 21:50,Incheon International Airport,ICN,2024-08-07 07:10,440,Asiana,Business Class,1480,710,,1800,Y,Y,Y,2,10,2,23,Tuesday,True,False,False,Wattay International Airport,VTE
Soekarno–Hatta International Airport,CGK,2024-08-06 13:15,Guangzhou Baiyun International Airport,CAN,2024-08-06 19:15,300,China Southern,Business Class,1735,1280,True,1831,Y,Y,Y,1,10,2,32,Tuesday,False,False,False,Wattay International Airport,VTE
Soekarno–Hatta International Airport,CGK,2024-08-07 12:35,Suvarnabhumi Airport,BKK,2024-08-07 16:05,210,THAI,Business Class,430,140,,769,Y,Y,Y,1,7,2,30,Wednesday,False,False,False,Wattay International Airport,VTE
Soekarno–Hatta International Airport,CGK,2024-08-07 09:10,Guangzhou Baiyun International Airport,CAN,2024-08-07 15:25,315,China Southern,Business Class,540,70,,1102,Y,Y,Y,1,10,2,32,Wednesday,False,False,False,Wattay International Airport,VTE
Soekarno–Hatta International Airport,CGK,2024-08-07 23:30,Shanghai Pudong International Airport,PVG,2024-08-08 07:00,390,China Eastern,Business Class,1370,740,,1423,Y,Y,Y,1,10,2,32,Wednesday,True,False,False,Wattay International Airport,VTE
Soekarno–Hatta International Airport,CGK,2024-08-07 21:50,Incheon International Airport,ICN,2024-08-08 07:10,440,Asiana,Business Class,1480,710,,1800,Y,Y,Y,2,10,2,23,Wednesday,True,False,False,Wattay International Airport,VTE
Soekarno–Hatta International Airport,CGK,2024-08-08 12:35,Suvarnabhumi Airport,BKK,2024-08-08 16:05,210,THAI,Business Class,430,140,,769,Y,Y,Y,1,7,2,30,Thursday,False,False,False,Wattay International Airport,VTE
Soekarno–Hatta International Airport,CGK,2024-08-08 13:15,Guangzhou Baiyun International Airport,CAN,2024-08-08 19:15,300,China Southern,Business Class,1735,1280,True,1102,Y,Y,Y,1,10,2,32,Thursday,False,False,False,Wattay International Airport,VTE
Soekarno–Hatta International Airport,CGK,2024-08-08 23:30,Shanghai Pudong International Airport,PVG,2024-08-09 06:55,385,China Eastern,Business Class,1370,745,,1423,Y,Y,Y,1,10,2,32,Thursday,True,False,False,Wattay International Airport,VTE
Soekarno–Hatta International Airport,CGK,2024-08-09 12:35,Suvarnabhumi Airport,BKK,2024-08-09 16:05,210,THAI,Business Class,430,140,,769,Y,Y,Y,1,7,2,30,Friday,False,False,False,Wattay International Airport,VTE
Soekarno–Hatta International Airport,CGK,2024-08-09 23:30,Shanghai Pudong International Airport,PVG,2024-08-10 07:00,390,China Eastern,Business Class,1370,740,,1423,Y,Y,Y,1,10,2,32,Friday,True,False,False,Wattay International Airport,VTE
Soekarno–Hatta International Airport,CGK,2024-08-09 09:10,Guangzhou Baiyun International Airport,CAN,2024-08-09 15:25,315,China Southern,Business Class,540,70,,1831,Y,Y,Y,1,10,2,32,Friday,False,False,False,Wattay International Airport,VTE
Soekarno–Hatta International Airport,CGK,2024-08-10 12:35,Suvarnabhumi Airport,BKK,2024-08-10 16:05,210,THAI,Business Class,430,140,,769,Y,Y,Y,1,7,2,30,Saturday,False,False,False,Wattay International Airport,VTE
Soekarno–Hatta International Airport,CGK,2024-08-10 19:00,Suvarnabhumi Airport,BKK,2024-08-10 22:30,210,THAI,Business Class,1060,775,True,803,Y,Y,Y,1,7,2,30,Saturday,False,False,False,Wattay International Airport,VTE
Soekarno–Hatta International Airport,CGK,2024-08-10 13:15,Guangzhou Baiyun International Airport,CAN,2024-08-10 19:15,300,China Southern,Business Class,1735,1280,True,1102,Y,Y,Y,1,10,2,32,Saturday,False,False,False,Wattay International Airport,VTE
Soekarno–Hatta International Airport,CGK,2024-08-10 23:30,Shanghai Pudong International Airport,PVG,2024-08-11 06:55,385,China Eastern,Business Class,1370,745,,1423,Y,Y,Y,1,10,2,32,Saturday,True,False,False,Wattay International Airport,VTE
Soekarno–Hatta International Airport,CGK,2024-08-10 21:50,Incheon International Airport,ICN,2024-08-11 07:10,440,Asiana,Business Class,1480,710,,2041,Y,Y,Y,2,10,2,23,Saturday,True,False,False,Wattay International Airport,VTE
Soekarno–Hatta International Airport,CGK,2024-08-11 12:35,Suvarnabhumi Airport,BKK,2024-08-11 16:05,210,THAI,Business Class,430,140,,769,Y,Y,Y,1,7,2,30,Sunday,False,False,False,Wattay International Airport,VTE
Soekarno–Hatta International Airport,CGK,2024-08-11 19:00,Suvarnabhumi Airport,BKK,2024-08-11 22:30,210,THAI,Business Class,1060,775,True,803,Y,Y,Y,1,7,2,30,Sunday,False,False,False,Wattay International Airport,VTE
Soekarno–Hatta International Airport,CGK,2024-08-11 09:10,Guangzhou Baiyun International Airport,CAN,2024-08-11 15:25,315,China Southern,Business Class,540,70,,1102,Y,Y,Y,1,10,2,32,Sunday,False,False,False,Wattay International Airport,VTE
Soekarno–Hatta International Airport,CGK,2024-08-11 23:30,Shanghai Pudong International Airport,PVG,2024-08-12 07:00,390,China Eastern,Business Class,1370,740,,1423,Y,Y,Y,1,10,2,32,Sunday,True,False,False,Wattay International Airport,VTE
Soekarno–Hatta International Airport,CGK,2024-08-12 12:35,Suvarnabhumi Airport,BKK,2024-08-12 16:05,210,THAI,Business Class,430,140,,769,Y,Y,Y,1,7,2,30,Monday,False,False,False,Wattay International Airport,VTE
Soekarno–Hatta International Airport,CGK,2024-08-12 19:00,Suvarnabhumi Airport,BKK,2024-08-12 22:30,210,THAI,Business Class,1060,775,True,803,Y,Y,Y,1,7,2,30,Monday,False,False,False,Wattay International Airport,VTE
Soekarno–Hatta International Airport,CGK,2024-08-12 23:30,Shanghai Pudong International Airport,PVG,2024-08-13 06:55,385,China Eastern,Business Class,1370,745,,1423,Y,Y,Y,1,10,2,32,Monday,True,False,False,Wattay International Airport,VTE
Soekarno–Hatta International Airport,CGK,2024-08-13 12:35,Suvarnabhumi Airport,BKK,2024-08-13 16:05,210,THAI,Business Class,430,140,,769,Y,Y,Y,1,7,2,30,Tuesday,False,False,False,Wattay International Airport,VTE
Soekarno–Hatta International Airport,CGK,2024-08-13 13:15,Guangzhou Baiyun International Airport,CAN,2024-08-13 19:15,300,China Southern,Business Class,1735,1280,True,1102,Y,Y,Y,1,10,2,32,Tuesday,False,False,False,Wattay International Airport,VTE
Soekarno–Hatta International Airport,CGK,2024-08-13 23:30,Shanghai Pudong International Airport,PVG,2024-08-14 06:55,385,China Eastern,Business Class,1370,745,,1423,Y,Y,Y,1,10,2,32,Tuesday,True,False,False,Wattay International Airport,VTE
Soekarno–Hatta International Airport,CGK,2024-08-13 21:50,Incheon International Airport,ICN,2024-08-14 07:10,440,Asiana,Business Class,1480,710,,1547,Y,Y,Y,2,10,2,23,Tuesday,True,False,False,Wattay International Airport,VTE
Soekarno–Hatta International Airport,CGK,2024-08-14 12:35,Suvarnabhumi Airport,BKK,2024-08-14 16:05,210,THAI,Business Class,430,140,,769,Y,Y,Y,1,7,2,30,Wednesday,False,False,False,Wattay International Airport,VTE
Soekarno–Hatta International Airport,CGK,2024-08-14 19:00,Suvarnabhumi Airport,BKK,2024-08-14 22:30,210,THAI,Business Class,1060,775,True,803,Y,Y,Y,1,7,2,30,Wednesday,False,False,False,Wattay International Airport,VTE
Soekarno–Hatta International Airport,CGK,2024-08-14 09:10,Guangzhou Baiyun International Airport,CAN,2024-08-14 15:25,315,China Southern,Business Class,540,70,,1102,Y,Y,Y,1,10,2,32,Wednesday,False,False,False,Wattay International Airport,VTE
Soekarno–Hatta International Airport,CGK,2024-08-14 23:30,Shanghai Pudong International Airport,PVG,2024-08-15 07:00,390,China Eastern,Business Class,1370,740,,1307,Y,Y,Y,1,10,2,32,Wednesday,True,False,False,Wattay International Airport,VTE
Soekarno–Hatta International Airport,CGK,2024-08-14 21:50,Incheon International Airport,ICN,2024-08-15 07:10,440,Asiana,Business Class,1480,710,,1800,Y,Y,Y,2,10,2,23,Wednesday,True,False,False,Wattay International Airport,VTE
Soekarno–Hatta International Airport,CGK,2024-08-15 12:35,Suvarnabhumi Airport,BKK,2024-08-15 16:05,210,THAI,Business Class,430,140,,769,Y,Y,Y,1,7,2,30,Thursday,False,False,False,Wattay International Airport,VTE
Soekarno–Hatta International Airport,CGK,2024-08-15 13:15,Guangzhou Baiyun International Airport,CAN,2024-08-15 19:15,300,China Southern,Business Class,1735,1280,True,1102,Y,Y,Y,1,10,2,32,Thursday,False,False,False,Wattay International Airport,VTE
Soekarno–Hatta International Airport,CGK,2024-08-15 23:30,Shanghai Pudong International Airport,PVG,2024-08-16 06:55,385,China Eastern,Business Class,1370,745,,1307,Y,Y,Y,1,10,2,32,Thursday,True,False,False,Wattay International Airport,VTE
Soekarno–Hatta International Airport,CGK,2024-08-16 12:35,Suvarnabhumi Airport,BKK,2024-08-16 16:05,210,THAI,Business Class,430,140,,769,Y,Y,Y,1,7,2,30,Friday,False,False,False,Wattay International Airport,VTE
Soekarno–Hatta International Airport,CGK,2024-08-16 09:10,Guangzhou Baiyun International Airport,CAN,2024-08-16 15:25,315,China Southern,Business Class,540,70,,1102,Y,Y,Y,1,10,2,32,Friday,False,False,False,Wattay International Airport,VTE
Soekarno–Hatta International Airport,CGK,2024-08-16 23:30,Shanghai Pudong International Airport,PVG,2024-08-17 07:00,390,China Eastern,Business Class,1370,740,,1307,Y,Y,Y,1,10,2,32,Friday,True,False,False,Wattay International Airport,VTE
Soekarno–Hatta International Airport,CGK,2024-08-16 21:50,Incheon International Airport,ICN,2024-08-17 07:10,440,Asiana,Business Class,1480,710,,1473,Y,Y,Y,2,10,2,23,Friday,True,False,False,Wattay International Airport,VTE
Soekarno–Hatta International Airport,CGK,2024-08-17 19:00,Suvarnabhumi Airport,BKK,2024-08-17 22:30,210,THAI,Business Class,1060,775,True,803,Y,Y,Y,1,7,2,30,Saturday,False,True,False,Wattay International Airport,VTE
Soekarno–Hatta International Airport,CGK,2024-08-17 13:15,Guangzhou Baiyun International Airport,CAN,2024-08-17 19:15,300,China Southern,Business Class,1735,1280,True,1102,Y,Y,Y,1,10,2,32,Saturday,False,True,False,Wattay International Airport,VTE
Soekarno–Hatta International Airport,CGK,2024-08-17 23:30,Shanghai Pudong International Airport,PVG,2024-08-18 06:55,385,China Eastern,Business Class,1370,745,,1863,Y,Y,Y,1,10,2,32,Saturday,True,True,False,Wattay International Airport,VTE
Soekarno–Hatta International Airport,CGK,2024-08-17 21:50,Incheon International Airport,ICN,2024-08-18 07:10,440,Asiana,Business Class,1480,710,,2030,Y,Y,Y,2,10,2,23,Saturday,True,True,False,Wattay International Airport,VTE
Soekarno–Hatta International Airport,CGK,2024-08-18 12:35,Suvarnabhumi Airport,BKK,2024-08-18 16:05,210,THAI,Business Class,430,140,,769,Y,Y,Y,1,7,2,30,Sunday,False,False,False,Wattay International Airport,VTE
Soekarno–Hatta International Airport,CGK,2024-08-18 19:00,Suvarnabhumi Airport,BKK,2024-08-18 22:30,210,THAI,Business Class,1060,775,True,803,Y,Y,Y,1,7,2,30,Sunday,False,False,False,Wattay International Airport,VTE
Soekarno–Hatta International Airport,CGK,2024-08-18 09:10,Guangzhou Baiyun International Airport,CAN,2024-08-18 15:25,315,China Southern,Business Class,540,70,,1102,Y,Y,Y,1,10,2,32,Sunday,False,False,False,Wattay International Airport,VTE
Soekarno–Hatta International Airport,CGK,2024-08-18 23:30,Shanghai Pudong International Airport,PVG,2024-08-19 07:00,390,China Eastern,Business Class,1370,740,,1307,Y,Y,Y,1,10,2,32,Sunday,True,False,False,Wattay International Airport,VTE
Soekarno–Hatta International Airport,CGK,2024-08-19 12:35,Suvarnabhumi Airport,BKK,2024-08-19 16:05,210,THAI,Business Class,430,140,,769,Y,Y,Y,1,7,2,30,Monday,False,False,False,Wattay International Airport,VTE
Soekarno–Hatta International Airport,CGK,2024-08-19 19:00,Suvarnabhumi Airport,BKK,2024-08-19 22:30,210,THAI,Business Class,1060,775,True,803,Y,Y,Y,1,7,2,30,Monday,False,False,False,Wattay International Airport,VTE
Soekarno–Hatta International Airport,CGK,2024-08-19 23:30,Shanghai Pudong International Airport,PVG,2024-08-20 06:55,385,China Eastern,Business Class,1370,745,,1307,Y,Y,Y,1,10,2,32,Monday,True,False,False,Wattay International Airport,VTE
Soekarno–Hatta International Airport,CGK,2024-08-20 12:35,Suvarnabhumi Airport,BKK,2024-08-20 16:05,210,THAI,Business Class,430,140,,769,Y,Y,Y,1,7,2,30,Tuesday,False,False,False,Wattay International Airport,VTE
Soekarno–Hatta International Airport,CGK,2024-08-20 19:00,Suvarnabhumi Airport,BKK,2024-08-20 22:30,210,THAI,Business Class,1060,775,True,803,Y,Y,Y,1,7,2,30,Tuesday,False,False,False,Wattay International Airport,VTE
Soekarno–Hatta International Airport,CGK,2024-08-20 13:15,Guangzhou Baiyun International Airport,CAN,2024-08-20 19:15,300,China Southern,Business Class,1735,1280,True,1102,Y,Y,Y,1,10,2,32,Tuesday,False,False,False,Wattay International Airport,VTE
Soekarno–Hatta International Airport,CGK,2024-08-20 23:30,Shanghai Pudong International Airport,PVG,2024-08-21 06:55,385,China Eastern,Business Class,1370,745,,1280,Y,Y,Y,1,10,2,32,Tuesday,True,False,False,Wattay International Airport,VTE
Soekarno–Hatta International Airport,CGK,2024-08-20 21:50,Incheon International Airport,ICN,2024-08-21 07:10,440,Asiana,Business Class,1480,710,,1473,Y,Y,Y,2,10,2,23,Tuesday,True,False,False,Wattay International Airport,VTE
Soekarno–Hatta International Airport,CGK,2024-08-21 12:35,Suvarnabhumi Airport,BKK,2024-08-21 16:05,210,THAI,Business Class,430,140,,769,Y,Y,Y,1,7,2,30,Wednesday,False,False,False,Wattay International Airport,VTE
Soekarno–Hatta International Airport,CGK,2024-08-21 19:00,Suvarnabhumi Airport,BKK,2024-08-21 22:30,210,THAI,Business Class,1060,775,True,803,Y,Y,Y,1,7,2,30,Wednesday,False,False,False,Wattay International Airport,VTE
Soekarno–Hatta International Airport,CGK,2024-08-21 09:10,Guangzhou Baiyun International Airport,CAN,2024-08-21 15:25,315,China Southern,Business Class,540,70,,1102,Y,Y,Y,1,10,2,32,Wednesday,False,False,False,Wattay International Airport,VTE
Soekarno–Hatta International Airport,CGK,2024-08-21 21:50,Incheon International Airport,ICN,2024-08-22 07:10,440,Asiana,Business Class,1480,710,,1132,Y,Y,Y,2,10,2,23,Wednesday,True,False,False,Wattay International Airport,VTE
Soekarno–Hatta International Airport,CGK,2024-08-21 23:30,Shanghai Pudong International Airport,PVG,2024-08-22 07:00,390,China Eastern,Business Class,1370,740,,1280,Y,Y,Y,1,10,2,32,Wednesday,True,False,False,Wattay International Airport,VTE
Soekarno–Hatta International Airport,CGK,2024-08-22 12:35,Suvarnabhumi Airport,BKK,2024-08-22 16:05,210,THAI,Business Class,430,140,,769,Y,Y,Y,1,7,2,30,Thursday,False,False,False,Wattay International Airport,VTE
Soekarno–Hatta International Airport,CGK,2024-08-22 19:00,Suvarnabhumi Airport,BKK,2024-08-22 22:30,210,THAI,Business Class,1060,775,True,803,Y,Y,Y,1,7,2,30,Thursday,False,False,False,Wattay International Airport,VTE
Soekarno–Hatta International Airport,CGK,2024-08-22 13:15,Guangzhou Baiyun International Airport,CAN,2024-08-22 19:15,300,China Southern,Business Class,1735,1280,True,1102,Y,Y,Y,1,10,2,32,Thursday,False,False,False,Wattay International Airport,VTE
Soekarno–Hatta International Airport,CGK,2024-08-22 23:30,Shanghai Pudong International Airport,PVG,2024-08-23 06:55,385,China Eastern,Business Class,1370,745,,1280,Y,Y,Y,1,10,2,32,Thursday,True,False,False,Wattay International Airport,VTE
Soekarno–Hatta International Airport,CGK,2024-08-23 12:35,Suvarnabhumi Airport,BKK,2024-08-23 16:05,210,THAI,Business Class,430,140,,769,Y,Y,Y,1,7,2,30,Friday,False,False,False,Wattay International Airport,VTE
Soekarno–Hatta International Airport,CGK,2024-08-23 09:10,Guangzhou Baiyun International Airport,CAN,2024-08-23 15:25,315,China Southern,Business Class,540,70,,1102,Y,Y,Y,1,10,2,32,Friday,False,False,False,Wattay International Airport,VTE
Soekarno–Hatta International Airport,CGK,2024-08-23 23:30,Shanghai Pudong International Airport,PVG,2024-08-24 07:00,390,China Eastern,Business Class,1370,740,,1203,Y,Y,Y,1,10,2,32,Friday,True,False,False,Wattay International Airport,VTE
Soekarno–Hatta International Airport,CGK,2024-08-23 21:50,Incheon International Airport,ICN,2024-08-24 07:10,440,Asiana,Business Class,1480,710,,1789,Y,Y,Y,2,10,2,23,Friday,True,False,False,Wattay International Airport,VTE
Soekarno–Hatta International Airport,CGK,2024-08-24 12:35,Suvarnabhumi Airport,BKK,2024-08-24 16:05,210,THAI,Business Class,430,140,,769,Y,Y,Y,1,7,2,30,Saturday,False,False,False,Wattay International Airport,VTE
Soekarno–Hatta International Airport,CGK,2024-08-24 19:00,Suvarnabhumi Airport,BKK,2024-08-24 22:30,210,THAI,Business Class,1060,775,True,803,Y,Y,Y,1,7,2,30,Saturday,False,False,False,Wattay International Airport,VTE
Soekarno–Hatta International Airport,CGK,2024-08-24 09:10,Guangzhou Baiyun International Airport,CAN,2024-08-24 15:25,315,China Southern,Business Class,1980,1510,True,1102,Y,Y,Y,1,10,2,32,Saturday,False,False,False,Wattay International Airport,VTE
Soekarno–Hatta International Airport,CGK,2024-08-24 23:30,Shanghai Pudong International Airport,PVG,2024-08-25 06:55,385,China Eastern,Business Class,1370,745,,1203,Y,Y,Y,1,10,2,32,Saturday,True,False,False,Wattay International Airport,VTE
Soekarno–Hatta International Airport,CGK,2024-08-24 13:15,Guangzhou Baiyun International Airport,CAN,2024-08-24 19:15,300,China Southern,Business Class,1735,1280,True,1364,Y,Y,Y,1,10,2,32,Saturday,False,False,False,Wattay International Airport,VTE
Soekarno–Hatta International Airport,CGK,2024-08-24 21:50,Incheon International Airport,ICN,2024-08-25 07:10,440,Asiana,Business Class,1480,710,,1789,Y,Y,Y,2,10,2,23,Saturday,True,False,False,Wattay International Airport,VTE
Soekarno–Hatta International Airport,CGK,2024-08-25 12:35,Suvarnabhumi Airport,BKK,2024-08-25 16:05,210,THAI,Business Class,430,140,,769,Y,Y,Y,1,7,2,30,Sunday,False,False,False,Wattay International Airport,VTE
Soekarno–Hatta International Airport,CGK,2024-08-25 19:00,Suvarnabhumi Airport,BKK,2024-08-25 22:30,210,THAI,Business Class,1060,775,True,803,Y,Y,Y,1,7,2,30,Sunday,False,False,False,Wattay International Airport,VTE
Soekarno–Hatta International Airport,CGK,2024-08-25 23:30,Shanghai Pudong International Airport,PVG,2024-08-26 07:00,390,China Eastern,Business Class,1370,740,,1203,Y,Y,Y,1,10,2,32,Sunday,True,False,False,Wattay International Airport,VTE
Soekarno–Hatta International Airport,CGK,2024-08-25 09:10,Guangzhou Baiyun International Airport,CAN,2024-08-25 15:25,315,China Southern,Business Class,540,70,,1364,Y,Y,Y,1,10,2,32,Sunday,False,False,False,Wattay International Airport,VTE
Soekarno–Hatta International Airport,CGK,2024-08-26 12:35,Suvarnabhumi Airport,BKK,2024-08-26 16:05,210,THAI,Business Class,430,140,,769,Y,Y,Y,1,7,2,30,Monday,False,False,False,Wattay International Airport,VTE
Soekarno–Hatta International Airport,CGK,2024-08-26 19:00,Suvarnabhumi Airport,BKK,2024-08-26 22:30,210,THAI,Business Class,1060,775,True,803,Y,Y,Y,1,7,2,30,Monday,False,False,False,Wattay International Airport,VTE
Soekarno–Hatta International Airport,CGK,2024-08-26 23:30,Shanghai Pudong International Airport,PVG,2024-08-27 06:55,385,China Eastern,Business Class,1370,745,,1203,Y,Y,Y,1,10,2,32,Monday,True,False,False,Wattay International Airport,VTE
Soekarno–Hatta International Airport,CGK,2024-08-27 12:35,Suvarnabhumi Airport,BKK,2024-08-27 16:05,210,THAI,Business Class,430,140,,769,Y,Y,Y,1,7,2,30,Tuesday,False,False,False,Wattay International Airport,VTE
Soekarno–Hatta International Airport,CGK,2024-08-27 19:00,Suvarnabhumi Airport,BKK,2024-08-27 22:30,210,THAI,Business Class,1060,775,True,803,Y,Y,Y,1,7,2,30,Tuesday,False,False,False,Wattay International Airport,VTE
Soekarno–Hatta International Airport,CGK,2024-08-27 13:15,Guangzhou Baiyun International Airport,CAN,2024-08-27 19:15,300,China Southern,Business Class,1735,1280,True,1102,Y,Y,Y,1,10,2,32,Tuesday,False,False,False,Wattay International Airport,VTE
Soekarno–Hatta International Airport,CGK,2024-08-27 21:50,Incheon International Airport,ICN,2024-08-28 07:10,440,Asiana,Business Class,1480,710,,1473,Y,Y,Y,2,10,2,23,Tuesday,True,False,False,Wattay International Airport,VTE
Soekarno–Hatta International Airport,CGK,2024-08-27 23:30,Shanghai Pudong International Airport,PVG,2024-08-28 06:55,385,China Eastern,Business Class,1370,745,,1752,Y,Y,Y,1,10,2,32,Tuesday,True,False,False,Wattay International Airport,VTE
Soekarno–Hatta International Airport,CGK,2024-08-28 12:35,Suvarnabhumi Airport,BKK,2024-08-28 16:05,210,THAI,Business Class,430,140,,769,Y,Y,Y,1,7,2,30,Wednesday,False,False,False,Wattay International Airport,VTE
Soekarno–Hatta International Airport,CGK,2024-08-28 19:00,Suvarnabhumi Airport,BKK,2024-08-28 22:30,210,THAI,Business Class,1060,775,True,803,Y,Y,Y,1,7,2,30,Wednesday,False,False,False,Wattay International Airport,VTE
Soekarno–Hatta International Airport,CGK,2024-08-28 09:10,Guangzhou Baiyun International Airport,CAN,2024-08-28 15:25,315,China Southern,Business Class,540,70,,1102,Y,Y,Y,1,10,2,32,Wednesday,False,False,False,Wattay International Airport,VTE
Soekarno–Hatta International Airport,CGK,2024-08-28 21:50,Incheon International Airport,ICN,2024-08-29 07:10,440,Asiana,Business Class,1480,710,,1244,Y,Y,Y,2,10,2,23,Wednesday,True,False,False,Wattay International Airport,VTE
Soekarno–Hatta International Airport,CGK,2024-08-28 23:30,Shanghai Pudong International Airport,PVG,2024-08-29 07:00,390,China Eastern,Business Class,1370,740,,1752,Y,Y,Y,1,10,2,32,Wednesday,True,False,False,Wattay International Airport,VTE
Soekarno–Hatta International Airport,CGK,2024-08-29 12:35,Suvarnabhumi Airport,BKK,2024-08-29 16:05,210,THAI,Business Class,430,140,,769,Y,Y,Y,1,7,2,30,Thursday,False,False,False,Wattay International Airport,VTE
Soekarno–Hatta International Airport,CGK,2024-08-29 19:00,Suvarnabhumi Airport,BKK,2024-08-29 22:30,210,THAI,Business Class,1060,775,True,803,Y,Y,Y,1,7,2,30,Thursday,False,False,False,Wattay International Airport,VTE
Soekarno–Hatta International Airport,CGK,2024-08-29 13:15,Guangzhou Baiyun International Airport,CAN,2024-08-29 19:15,300,China Southern,Business Class,1735,1280,True,1102,Y,Y,Y,1,10,2,32,Thursday,False,False,False,Wattay International Airport,VTE
Soekarno–Hatta International Airport,CGK,2024-08-29 23:30,Shanghai Pudong International Airport,PVG,2024-08-30 06:55,385,China Eastern,Business Class,1370,745,,1752,Y,Y,Y,1,10,2,32,Thursday,True,False,False,Wattay International Airport,VTE
Soekarno–Hatta International Airport,CGK,2024-08-30 12:35,Suvarnabhumi Airport,BKK,2024-08-30 16:05,210,THAI,Business Class,430,140,,769,Y,Y,Y,1,7,2,30,Friday,False,False,False,Wattay International Airport,VTE
Soekarno–Hatta International Airport,CGK,2024-08-30 19:00,Suvarnabhumi Airport,BKK,2024-08-30 22:30,210,THAI,Business Class,1060,775,True,803,Y,Y,Y,1,7,2,30,Friday,False,False,False,Wattay International Airport,VTE
Soekarno–Hatta International Airport,CGK,2024-08-30 09:10,Guangzhou Baiyun International Airport,CAN,2024-08-30 15:25,315,China Southern,Business Class,540,70,,1102,Y,Y,Y,1,10,2,32,Friday,False,False,False,Wattay International Airport,VTE
Soekarno–Hatta International Airport,CGK,2024-08-30 23:30,Shanghai Pudong International Airport,PVG,2024-08-31 07:00,390,China Eastern,Business Class,1370,740,,1752,Y,Y,Y,1,10,2,32,Friday,True,False,False,Wattay International Airport,VTE
Soekarno–Hatta International Airport,CGK,2024-08-30 21:50,Incheon International Airport,ICN,2024-08-31 07:10,440,Asiana,Business Class,1480,710,,1789,Y,Y,Y,2,10,2,23,Friday,True,False,False,Wattay International Airport,VTE
Soekarno–Hatta International Airport,CGK,2024-08-31 12:35,Suvarnabhumi Airport,BKK,2024-08-31 16:05,210,THAI,Business Class,430,140,,769,Y,Y,Y,1,7,2,30,Saturday,False,False,False,Wattay International Airport,VTE
Soekarno–Hatta International Airport,CGK,2024-08-31 19:00,Suvarnabhumi Airport,BKK,2024-08-31 22:30,210,THAI,Business Class,1060,775,True,803,Y,Y,Y,1,7,2,30,Saturday,False,False,False,Wattay International Airport,VTE
Soekarno–Hatta International Airport,CGK,2024-08-31 09:10,Guangzhou Baiyun International Airport,CAN,2024-08-31 15:25,315,China Southern,Business Class,1980,1510,True,1102,Y,Y,Y,1,10,2,32,Saturday,False,False,False,Wattay International Airport,VTE
Soekarno–Hatta International Airport,CGK,2024-08-31 23:30,Shanghai Pudong International Airport,PVG,2024-09-01 06:55,385,China Eastern,Business Class,1370,745,,1203,Y,Y,Y,1,10,2,32,Saturday,True,False,False,Wattay International Airport,VTE
Soekarno–Hatta International Airport,CGK,2024-08-31 13:15,Guangzhou Baiyun International Airport,CAN,2024-08-31 19:15,300,China Southern,Business Class,1735,1280,True,1364,Y,Y,Y,1,10,2,32,Saturday,False,False,False,Wattay International Airport,VTE
Soekarno–Hatta International Airport,CGK,2024-08-31 21:50,Incheon International Airport,ICN,2024-09-01 07:10,440,Asiana,Business Class,1480,710,,1778,Y,Y,Y,2,10,2,23,Saturday,True,False,False,Wattay International Airport,VTE
