Departure Airport Name,Departure Airport ID,Departure Time,Arrival Airport Name,Arrival Airport ID,Arrival Time,Duration,Airline,Travel Class,Total Duration,Layover 1 Duration,Layover 1 Overnight,Price, Cabin Baggage, Checked Baggage,Meal Included,Cabin Baggage (Number),Cabin Baggage (kg per piece),Checked Baggage (Number),Checked Baggage (kg per piece) ,Day of Week (on flight date),Overnight Flight,Departure Country Is Holiday,Arrival Country Is Holiday,Final Arrival Airport Name,Final Arrival Airport ID
Kuala Lumpur International Airport,KUL,2024-07-01 10:10,Ninoy Aquino International Airport,MNL,2024-07-01 14:05,235,Malaysia Airlines,Business Class,235,,,340,Y,Y,Y,2,7,2,32,Monday,False,False,False,Ninoy Aquino International Airport,MNL
Kuala Lumpur International Airport,KUL,2024-07-01 08:10,Ninoy Aquino International Airport,MNL,2024-07-01 12:00,230,Malaysia Airlines,Business Class,230,,,530,Y,Y,Y,2,7,2,32,Monday,False,False,False,Ninoy Aquino International Airport,MNL
Kuala Lumpur International Airport,KUL,2024-07-01 11:10,Ninoy Aquino International Airport,MNL,2024-07-01 15:00,230,Philippine Airlines,Business Class,230,,,537,Y,Y,Y,1,7,1,32,Monday,False,False,False,Ninoy Aquino International Airport,MNL
Kuala Lumpur International Airport,KUL,2024-07-01 12:10,Brunei International Airport,BWN,2024-07-01 14:35,145,Royal Brunei,Business Class,515,235.0,,464,Y,Y,Y,2,7,1,40,Monday,False,False,False,Ninoy Aquino International Airport,MNL
Kuala Lumpur International Airport,KUL,2024-07-01 14:55,Taiwan Taoyuan International Airport,TPE,2024-07-01 19:45,290,China Airlines,Business Class,610,185.0,,708,Y,Y,Y,2,7,2,32,Monday,False,False,False,Ninoy Aquino International Airport,MNL
Kuala Lumpur International Airport,KUL,2024-07-01 13:25,Guangzhou Baiyun International Airport,CAN,2024-07-01 17:35,250,China Southern,Business Class,590,210.0,,723,Y,Y,Y,1,8,2,32,Monday,False,False,False,Ninoy Aquino International Airport,MNL
Kuala Lumpur International Airport,KUL,2024-07-01 15:05,Suvarnabhumi Airport,BKK,2024-07-01 16:20,135,Malaysia Airlines,Business Class,455,110.0,,868,Y,Y,Y,2,7,2,32,Monday,False,False,False,Ninoy Aquino International Airport,MNL
Kuala Lumpur International Airport,KUL,2024-07-01 11:00,Singapore Changi Airport,SIN,2024-07-01 12:15,75,Singapore Airlines,Business Class,385,75.0,,1125,Y,Y,Y,2,7,2,40,Monday,False,False,False,Ninoy Aquino International Airport,MNL
Kuala Lumpur International Airport,KUL,2024-07-01 16:35,Singapore Changi Airport,SIN,2024-07-01 18:00,85,Singapore Airlines,Business Class,385,85.0,,1125,Y,Y,Y,2,7,2,40,Monday,False,False,False,Ninoy Aquino International Airport,MNL
Kuala Lumpur International Airport,KUL,2024-07-02 17:25,Ninoy Aquino International Airport,MNL,2024-07-02 21:25,240,Malaysia Airlines,Business Class,240,,,319,Y,Y,Y,2,7,2,32,Tuesday,False,False,False,Ninoy Aquino International Airport,MNL
Kuala Lumpur International Airport,KUL,2024-07-02 08:10,Ninoy Aquino International Airport,MNL,2024-07-02 12:00,230,Malaysia Airlines,Business Class,230,,,340,Y,Y,Y,2,7,2,32,Tuesday,False,False,False,Ninoy Aquino International Airport,MNL
Kuala Lumpur International Airport,KUL,2024-07-02 10:10,Ninoy Aquino International Airport,MNL,2024-07-02 14:05,235,Malaysia Airlines,Business Class,235,,,340,Y,Y,Y,2,7,2,32,Tuesday,False,False,False,Ninoy Aquino International Airport,MNL
Kuala Lumpur International Airport,KUL,2024-07-02 16:25,Ninoy Aquino International Airport,MNL,2024-07-02 20:20,235,Philippine Airlines,Business Class,235,,,537,Y,Y,Y,1,7,1,32,Tuesday,False,False,False,Ninoy Aquino International Airport,MNL
Kuala Lumpur International Airport,KUL,2024-07-02 21:15,Brunei International Airport,BWN,2024-07-02 23:40,145,Royal Brunei,Business Class,1015,735.0,True,464,Y,Y,Y,2,7,1,40,Tuesday,False,False,False,Ninoy Aquino International Airport,MNL
Kuala Lumpur International Airport,KUL,2024-07-02 02:20,Guangzhou Baiyun International Airport,CAN,2024-07-02 06:25,245,China Southern,Business Class,495,105.0,,723,Y,Y,Y,1,8,2,32,Tuesday,False,False,False,Ninoy Aquino International Airport,MNL
Kuala Lumpur International Airport,KUL,2024-07-02 20:55,Suvarnabhumi Airport,BKK,2024-07-02 22:05,130,THAI,Business Class,890,560.0,True,725,Y,Y,Y,2,7,2,32,Tuesday,False,False,False,Ninoy Aquino International Airport,MNL
Kuala Lumpur International Airport,KUL,2024-07-02 11:00,Singapore Changi Airport,SIN,2024-07-02 12:15,75,Singapore Airlines,Business Class,385,75.0,,1005,Y,Y,Y,2,7,2,40,Tuesday,False,False,False,Ninoy Aquino International Airport,MNL
Kuala Lumpur International Airport,KUL,2024-07-03 08:10,Ninoy Aquino International Airport,MNL,2024-07-03 12:00,230,Malaysia Airlines,Business Class,230,,,340,Y,Y,Y,2,7,2,32,Wednesday,False,False,False,Ninoy Aquino International Airport,MNL
Kuala Lumpur International Airport,KUL,2024-07-03 10:10,Ninoy Aquino International Airport,MNL,2024-07-03 14:05,235,Malaysia Airlines,Business Class,235,,,340,Y,Y,Y,2,7,2,32,Wednesday,False,False,False,Ninoy Aquino International Airport,MNL
Kuala Lumpur International Airport,KUL,2024-07-03 10:25,Singapore Changi Airport,SIN,2024-07-03 11:35,70,Singapore Airlines,Business Class,420,115.0,,754,Y,Y,Y,2,7,2,40,Wednesday,False,False,False,Ninoy Aquino International Airport,MNL
Kuala Lumpur International Airport,KUL,2024-07-03 21:15,Brunei International Airport,BWN,2024-07-03 23:40,145,Royal Brunei,Business Class,1410,1130.0,True,464,Y,Y,Y,2,7,1,40,Wednesday,False,False,False,Ninoy Aquino International Airport,MNL
Kuala Lumpur International Airport,KUL,2024-07-03 14:55,Taiwan Taoyuan International Airport,TPE,2024-07-03 19:45,290,China Airlines,Business Class,1120,695.0,True,708,Y,Y,Y,2,7,2,32,Wednesday,False,False,False,Ninoy Aquino International Airport,MNL
Kuala Lumpur International Airport,KUL,2024-07-03 02:20,Guangzhou Baiyun International Airport,CAN,2024-07-03 06:25,245,China Southern,Business Class,495,105.0,,723,Y,Y,Y,1,8,2,32,Wednesday,False,False,False,Ninoy Aquino International Airport,MNL
Kuala Lumpur International Airport,KUL,2024-07-03 13:25,Guangzhou Baiyun International Airport,CAN,2024-07-03 17:35,250,China Southern,Business Class,590,210.0,,723,Y,Y,Y,1,8,2,32,Wednesday,False,False,False,Ninoy Aquino International Airport,MNL
Kuala Lumpur International Airport,KUL,2024-07-03 11:00,Singapore Changi Airport,SIN,2024-07-03 12:15,75,Singapore Airlines,Business Class,720,430.0,,754,Y,Y,Y,2,7,2,40,Wednesday,False,False,False,Ninoy Aquino International Airport,MNL
Kuala Lumpur International Airport,KUL,2024-07-03 15:05,Suvarnabhumi Airport,BKK,2024-07-03 16:20,135,Malaysia Airlines,Business Class,455,110.0,,868,Y,Y,Y,2,7,2,32,Wednesday,False,False,False,Ninoy Aquino International Airport,MNL
Kuala Lumpur International Airport,KUL,2024-07-03 11:00,Singapore Changi Airport,SIN,2024-07-03 12:15,75,Singapore Airlines,Business Class,385,75.0,,1005,Y,Y,Y,2,7,2,40,Wednesday,False,False,False,Ninoy Aquino International Airport,MNL
Kuala Lumpur International Airport,KUL,2024-07-03 16:35,Singapore Changi Airport,SIN,2024-07-03 18:00,85,Singapore Airlines,Business Class,385,85.0,,1125,Y,Y,Y,2,7,2,40,Wednesday,False,False,False,Ninoy Aquino International Airport,MNL
Kuala Lumpur International Airport,KUL,2024-07-04 08:10,Ninoy Aquino International Airport,MNL,2024-07-04 12:00,230,Malaysia Airlines,Business Class,230,,,340,Y,Y,Y,2,7,2,32,Thursday,False,False,False,Ninoy Aquino International Airport,MNL
Kuala Lumpur International Airport,KUL,2024-07-04 10:10,Ninoy Aquino International Airport,MNL,2024-07-04 14:05,235,Malaysia Airlines,Business Class,235,,,340,Y,Y,Y,2,7,2,32,Thursday,False,False,False,Ninoy Aquino International Airport,MNL
Kuala Lumpur International Airport,KUL,2024-07-04 16:25,Ninoy Aquino International Airport,MNL,2024-07-04 20:20,235,Philippine Airlines,Business Class,235,,,537,Y,Y,Y,1,7,1,32,Thursday,False,False,False,Ninoy Aquino International Airport,MNL
Kuala Lumpur International Airport,KUL,2024-07-04 12:10,Brunei International Airport,BWN,2024-07-04 14:35,145,Royal Brunei,Business Class,515,235.0,,464,Y,Y,Y,2,7,1,40,Thursday,False,False,False,Ninoy Aquino International Airport,MNL
Kuala Lumpur International Airport,KUL,2024-07-04 02:20,Guangzhou Baiyun International Airport,CAN,2024-07-04 06:25,245,China Southern,Business Class,495,105.0,,723,Y,Y,Y,1,8,2,32,Thursday,False,False,False,Ninoy Aquino International Airport,MNL
Kuala Lumpur International Airport,KUL,2024-07-04 20:40,Singapore Changi Airport,SIN,2024-07-04 21:50,70,Singapore Airlines,Business Class,985,690.0,True,754,Y,Y,Y,2,7,2,40,Thursday,False,False,False,Ninoy Aquino International Airport,MNL
Kuala Lumpur International Airport,KUL,2024-07-04 11:00,Singapore Changi Airport,SIN,2024-07-04 12:15,75,Singapore Airlines,Business Class,385,75.0,,1125,Y,Y,Y,2,7,2,40,Thursday,False,False,False,Ninoy Aquino International Airport,MNL
Kuala Lumpur International Airport,KUL,2024-07-04 16:35,Singapore Changi Airport,SIN,2024-07-04 18:00,85,Singapore Airlines,Business Class,385,85.0,,1125,Y,Y,Y,2,7,2,40,Thursday,False,False,False,Ninoy Aquino International Airport,MNL
Kuala Lumpur International Airport,KUL,2024-07-05 08:10,Ninoy Aquino International Airport,MNL,2024-07-05 12:00,230,Malaysia Airlines,Business Class,230,,,340,Y,Y,Y,2,7,2,32,Friday,False,False,False,Ninoy Aquino International Airport,MNL
Kuala Lumpur International Airport,KUL,2024-07-05 02:10,Ninoy Aquino International Airport,MNL,2024-07-05 06:05,235,Philippine Airlines,Business Class,235,,,430,Y,Y,Y,1,7,1,32,Friday,False,False,False,Ninoy Aquino International Airport,MNL
Kuala Lumpur International Airport,KUL,2024-07-05 10:10,Ninoy Aquino International Airport,MNL,2024-07-05 14:05,235,Malaysia Airlines,Business Class,235,,,621,Y,Y,Y,2,7,2,32,Friday,False,False,False,Ninoy Aquino International Airport,MNL
Kuala Lumpur International Airport,KUL,2024-07-05 12:10,Brunei International Airport,BWN,2024-07-05 14:35,145,Royal Brunei,Business Class,515,235.0,,464,Y,Y,Y,2,7,1,40,Friday,False,False,False,Ninoy Aquino International Airport,MNL
Kuala Lumpur International Airport,KUL,2024-07-05 13:25,Guangzhou Baiyun International Airport,CAN,2024-07-05 17:35,250,China Southern,Business Class,590,210.0,,723,Y,Y,Y,1,8,2,32,Friday,False,False,False,Ninoy Aquino International Airport,MNL
Kuala Lumpur International Airport,KUL,2024-07-05 10:25,Singapore Changi Airport,SIN,2024-07-05 11:35,70,Singapore Airlines,Business Class,420,115.0,,754,Y,Y,Y,2,7,2,40,Friday,False,False,False,Ninoy Aquino International Airport,MNL
Kuala Lumpur International Airport,KUL,2024-07-05 11:00,Singapore Changi Airport,SIN,2024-07-05 12:15,75,Singapore Airlines,Business Class,385,75.0,,1005,Y,Y,Y,2,7,2,40,Friday,False,False,False,Ninoy Aquino International Airport,MNL
Kuala Lumpur International Airport,KUL,2024-07-05 16:35,Singapore Changi Airport,SIN,2024-07-05 18:00,85,Singapore Airlines,Business Class,385,85.0,,1005,Y,Y,Y,2,7,2,40,Friday,False,False,False,Ninoy Aquino International Airport,MNL
Kuala Lumpur International Airport,KUL,2024-07-06 17:25,Ninoy Aquino International Airport,MNL,2024-07-06 21:25,240,Malaysia Airlines,Business Class,240,,,319,Y,Y,Y,2,7,2,32,Saturday,False,False,False,Ninoy Aquino International Airport,MNL
Kuala Lumpur International Airport,KUL,2024-07-06 08:10,Ninoy Aquino International Airport,MNL,2024-07-06 12:00,230,Malaysia Airlines,Business Class,230,,,340,Y,Y,Y,2,7,2,32,Saturday,False,False,False,Ninoy Aquino International Airport,MNL
Kuala Lumpur International Airport,KUL,2024-07-06 02:10,Ninoy Aquino International Airport,MNL,2024-07-06 06:05,235,Philippine Airlines,Business Class,235,,,537,Y,Y,Y,1,7,1,32,Saturday,False,False,False,Ninoy Aquino International Airport,MNL
Kuala Lumpur International Airport,KUL,2024-07-06 16:25,Ninoy Aquino International Airport,MNL,2024-07-06 20:20,235,Philippine Airlines,Business Class,235,,,679,Y,Y,Y,1,7,1,32,Saturday,False,False,False,Ninoy Aquino International Airport,MNL
Kuala Lumpur International Airport,KUL,2024-07-06 14:55,Taiwan Taoyuan International Airport,TPE,2024-07-06 19:45,290,China Airlines,Business Class,610,185.0,,708,Y,Y,Y,2,7,2,32,Saturday,False,False,False,Ninoy Aquino International Airport,MNL
Kuala Lumpur International Airport,KUL,2024-07-06 20:55,Suvarnabhumi Airport,BKK,2024-07-06 22:05,130,THAI,Business Class,890,560.0,True,725,Y,Y,Y,2,7,2,32,Saturday,False,False,False,Ninoy Aquino International Airport,MNL
Kuala Lumpur International Airport,KUL,2024-07-06 09:00,Suvarnabhumi Airport,BKK,2024-07-06 10:15,135,Malaysia Airlines,Business Class,535,195.0,,945,Y,Y,Y,2,7,2,32,Saturday,False,False,False,Ninoy Aquino International Airport,MNL
Kuala Lumpur International Airport,KUL,2024-07-06 11:00,Singapore Changi Airport,SIN,2024-07-06 12:15,75,Singapore Airlines,Business Class,385,75.0,,1125,Y,Y,Y,2,7,2,40,Saturday,False,False,False,Ninoy Aquino International Airport,MNL
Kuala Lumpur International Airport,KUL,2024-07-06 02:20,Guangzhou Baiyun International Airport,CAN,2024-07-06 06:25,245,China Southern,Business Class,495,105.0,,1278,Y,Y,Y,1,8,2,32,Saturday,False,False,False,Ninoy Aquino International Airport,MNL
Kuala Lumpur International Airport,KUL,2024-07-07 08:10,Ninoy Aquino International Airport,MNL,2024-07-07 12:00,230,Malaysia Airlines,Business Class,230,,,340,Y,Y,Y,2,7,2,32,Sunday,False,True,False,Ninoy Aquino International Airport,MNL
Kuala Lumpur International Airport,KUL,2024-07-07 10:10,Ninoy Aquino International Airport,MNL,2024-07-07 14:05,235,Malaysia Airlines,Business Class,235,,,340,Y,Y,Y,2,7,2,32,Sunday,False,True,False,Ninoy Aquino International Airport,MNL
Kuala Lumpur International Airport,KUL,2024-07-07 11:10,Ninoy Aquino International Airport,MNL,2024-07-07 15:00,230,Philippine Airlines,Business Class,230,,,537,Y,Y,Y,1,7,1,32,Sunday,False,True,False,Ninoy Aquino International Airport,MNL
Kuala Lumpur International Airport,KUL,2024-07-07 02:10,Ninoy Aquino International Airport,MNL,2024-07-07 06:05,235,Philippine Airlines,Business Class,235,,,430,Y,Y,Y,1,7,1,32,Sunday,False,True,False,Ninoy Aquino International Airport,MNL
Kuala Lumpur International Airport,KUL,2024-07-07 21:15,Brunei International Airport,BWN,2024-07-07 23:40,145,Royal Brunei,Business Class,1410,1130.0,True,464,Y,Y,Y,2,7,1,40,Sunday,False,True,False,Ninoy Aquino International Airport,MNL
Kuala Lumpur International Airport,KUL,2024-07-07 02:20,Guangzhou Baiyun International Airport,CAN,2024-07-07 06:25,245,China Southern,Business Class,495,105.0,,723,Y,Y,Y,1,8,2,32,Sunday,False,True,False,Ninoy Aquino International Airport,MNL
Kuala Lumpur International Airport,KUL,2024-07-07 13:25,Guangzhou Baiyun International Airport,CAN,2024-07-07 17:35,250,China Southern,Business Class,590,210.0,,723,Y,Y,Y,1,8,2,32,Sunday,False,True,False,Ninoy Aquino International Airport,MNL
Kuala Lumpur International Airport,KUL,2024-07-07 16:00,Suvarnabhumi Airport,BKK,2024-07-07 17:20,140,Malaysia Airlines,Business Class,510,160.0,,868,Y,Y,Y,2,7,2,32,Sunday,False,True,False,Ninoy Aquino International Airport,MNL
Kuala Lumpur International Airport,KUL,2024-07-07 11:00,Singapore Changi Airport,SIN,2024-07-07 12:15,75,Singapore Airlines,Business Class,385,75.0,,1125,Y,Y,Y,2,7,2,40,Sunday,False,True,False,Ninoy Aquino International Airport,MNL
Kuala Lumpur International Airport,KUL,2024-07-07 16:35,Singapore Changi Airport,SIN,2024-07-07 18:00,85,Singapore Airlines,Business Class,385,85.0,,1125,Y,Y,Y,2,7,2,40,Sunday,False,True,False,Ninoy Aquino International Airport,MNL
Kuala Lumpur International Airport,KUL,2024-07-08 08:10,Ninoy Aquino International Airport,MNL,2024-07-08 12:00,230,Malaysia Airlines,Business Class,230,,,340,Y,Y,Y,2,7,2,32,Monday,False,True,False,Ninoy Aquino International Airport,MNL
Kuala Lumpur International Airport,KUL,2024-07-08 12:10,Brunei International Airport,BWN,2024-07-08 14:35,145,Royal Brunei,Business Class,515,235.0,,464,Y,Y,Y,2,7,1,40,Monday,False,True,False,Ninoy Aquino International Airport,MNL
Kuala Lumpur International Airport,KUL,2024-07-08 10:10,Ninoy Aquino International Airport,MNL,2024-07-08 14:05,235,Malaysia Airlines,Business Class,235,,,530,Y,Y,Y,2,7,2,32,Monday,False,True,False,Ninoy Aquino International Airport,MNL
Kuala Lumpur International Airport,KUL,2024-07-08 16:35,Singapore Changi Airport,SIN,2024-07-08 18:00,85,Singapore Airlines,Business Class,385,85.0,,1005,Y,Y,Y,2,7,2,40,Monday,False,True,False,Ninoy Aquino International Airport,MNL
Kuala Lumpur International Airport,KUL,2024-07-08 20:40,Singapore Changi Airport,SIN,2024-07-08 21:50,70,Singapore Airlines,Business Class,1245,940.0,True,693,Y,Y,Y,2,7,2,40,Monday,False,True,False,Ninoy Aquino International Airport,MNL
Kuala Lumpur International Airport,KUL,2024-07-08 14:55,Taiwan Taoyuan International Airport,TPE,2024-07-08 19:45,290,China Airlines,Business Class,610,185.0,,708,Y,Y,Y,2,7,2,32,Monday,False,True,False,Ninoy Aquino International Airport,MNL
Kuala Lumpur International Airport,KUL,2024-07-08 13:25,Guangzhou Baiyun International Airport,CAN,2024-07-08 17:35,250,China Southern,Business Class,590,210.0,,723,Y,Y,Y,1,8,2,32,Monday,False,True,False,Ninoy Aquino International Airport,MNL
Kuala Lumpur International Airport,KUL,2024-07-08 15:05,Suvarnabhumi Airport,BKK,2024-07-08 16:20,135,Malaysia Airlines,Business Class,455,110.0,,868,Y,Y,Y,2,7,2,32,Monday,False,True,False,Ninoy Aquino International Airport,MNL
Kuala Lumpur International Airport,KUL,2024-07-08 11:00,Singapore Changi Airport,SIN,2024-07-08 12:15,75,Singapore Airlines,Business Class,385,75.0,,1125,Y,Y,Y,2,7,2,40,Monday,False,True,False,Ninoy Aquino International Airport,MNL
Kuala Lumpur International Airport,KUL,2024-07-09 17:25,Ninoy Aquino International Airport,MNL,2024-07-09 21:25,240,Malaysia Airlines,Business Class,240,,,319,Y,Y,Y,2,7,2,32,Tuesday,False,False,False,Ninoy Aquino International Airport,MNL
Kuala Lumpur International Airport,KUL,2024-07-09 08:10,Ninoy Aquino International Airport,MNL,2024-07-09 12:00,230,Malaysia Airlines,Business Class,230,,,340,Y,Y,Y,2,7,2,32,Tuesday,False,False,False,Ninoy Aquino International Airport,MNL
Kuala Lumpur International Airport,KUL,2024-07-09 10:10,Ninoy Aquino International Airport,MNL,2024-07-09 14:05,235,Malaysia Airlines,Business Class,235,,,340,Y,Y,Y,2,7,2,32,Tuesday,False,False,False,Ninoy Aquino International Airport,MNL
Kuala Lumpur International Airport,KUL,2024-07-09 16:25,Ninoy Aquino International Airport,MNL,2024-07-09 20:20,235,Philippine Airlines,Business Class,235,,,679,Y,Y,Y,1,7,1,32,Tuesday,False,False,False,Ninoy Aquino International Airport,MNL
Kuala Lumpur International Airport,KUL,2024-07-09 10:25,Singapore Changi Airport,SIN,2024-07-09 11:35,70,Singapore Airlines,Business Class,420,115.0,,693,Y,Y,Y,2,7,2,40,Tuesday,False,False,False,Ninoy Aquino International Airport,MNL
Kuala Lumpur International Airport,KUL,2024-07-09 20:55,Suvarnabhumi Airport,BKK,2024-07-09 22:05,130,THAI,Business Class,890,560.0,True,725,Y,Y,Y,2,7,2,32,Tuesday,False,False,False,Ninoy Aquino International Airport,MNL
Kuala Lumpur International Airport,KUL,2024-07-09 11:00,Singapore Changi Airport,SIN,2024-07-09 12:15,75,Singapore Airlines,Business Class,385,75.0,,754,Y,Y,Y,2,7,2,40,Tuesday,False,False,False,Ninoy Aquino International Airport,MNL
Kuala Lumpur International Airport,KUL,2024-07-09 20:40,Singapore Changi Airport,SIN,2024-07-09 21:50,70,Singapore Airlines,Business Class,985,690.0,True,754,Y,Y,Y,2,7,2,40,Tuesday,False,False,False,Ninoy Aquino International Airport,MNL
Kuala Lumpur International Airport,KUL,2024-07-10 08:10,Ninoy Aquino International Airport,MNL,2024-07-10 12:00,230,Malaysia Airlines,Business Class,230,,,340,Y,Y,Y,2,7,2,32,Wednesday,False,False,False,Ninoy Aquino International Airport,MNL
Kuala Lumpur International Airport,KUL,2024-07-10 10:10,Ninoy Aquino International Airport,MNL,2024-07-10 14:05,235,Malaysia Airlines,Business Class,235,,,340,Y,Y,Y,2,7,2,32,Wednesday,False,False,False,Ninoy Aquino International Airport,MNL
Kuala Lumpur International Airport,KUL,2024-07-10 11:10,Ninoy Aquino International Airport,MNL,2024-07-10 15:00,230,Philippine Airlines,Business Class,230,,,430,Y,Y,Y,1,7,1,32,Wednesday,False,False,False,Ninoy Aquino International Airport,MNL
Kuala Lumpur International Airport,KUL,2024-07-10 21:15,Brunei International Airport,BWN,2024-07-10 23:40,145,Royal Brunei,Business Class,1410,1130.0,True,464,Y,Y,Y,2,7,1,40,Wednesday,False,False,False,Ninoy Aquino International Airport,MNL
Kuala Lumpur International Airport,KUL,2024-07-10 02:20,Guangzhou Baiyun International Airport,CAN,2024-07-10 06:25,245,China Southern,Business Class,495,105.0,,723,Y,Y,Y,1,8,2,32,Wednesday,False,False,False,Ninoy Aquino International Airport,MNL
Kuala Lumpur International Airport,KUL,2024-07-10 13:25,Guangzhou Baiyun International Airport,CAN,2024-07-10 17:35,250,China Southern,Business Class,590,210.0,,723,Y,Y,Y,1,8,2,32,Wednesday,False,False,False,Ninoy Aquino International Airport,MNL
Kuala Lumpur International Airport,KUL,2024-07-10 16:35,Singapore Changi Airport,SIN,2024-07-10 18:00,85,Singapore Airlines,Business Class,385,85.0,,754,Y,Y,Y,2,7,2,40,Wednesday,False,False,False,Ninoy Aquino International Airport,MNL
Kuala Lumpur International Airport,KUL,2024-07-10 15:05,Suvarnabhumi Airport,BKK,2024-07-10 16:20,135,Malaysia Airlines,Business Class,455,110.0,,945,Y,Y,Y,2,7,2,32,Wednesday,False,False,False,Ninoy Aquino International Airport,MNL
Kuala Lumpur International Airport,KUL,2024-07-10 13:10,Hong Kong International Airport,HKG,2024-07-10 17:20,250,Cathay Pacific,Business Class,585,190.0,,997,Y,Y,Y,1,10,2,32,Wednesday,False,False,False,Ninoy Aquino International Airport,MNL
Kuala Lumpur International Airport,KUL,2024-07-11 08:10,Ninoy Aquino International Airport,MNL,2024-07-11 12:00,230,Malaysia Airlines,Business Class,230,,,340,Y,Y,Y,2,7,2,32,Thursday,False,False,False,Ninoy Aquino International Airport,MNL
Kuala Lumpur International Airport,KUL,2024-07-11 12:10,Brunei International Airport,BWN,2024-07-11 14:35,145,Royal Brunei,Business Class,515,235.0,,464,Y,Y,Y,2,7,1,40,Thursday,False,False,False,Ninoy Aquino International Airport,MNL
Kuala Lumpur International Airport,KUL,2024-07-11 17:00,Ninoy Aquino International Airport,MNL,2024-07-11 20:50,230,Philippine Airlines,Business Class,230,,,909,Y,Y,Y,1,7,1,32,Thursday,False,False,False,Ninoy Aquino International Airport,MNL
Kuala Lumpur International Airport,KUL,2024-07-11 11:00,Singapore Changi Airport,SIN,2024-07-11 12:15,75,Singapore Airlines,Business Class,385,75.0,,1125,Y,Y,Y,2,7,2,40,Thursday,False,False,False,Ninoy Aquino International Airport,MNL
Kuala Lumpur International Airport,KUL,2024-07-11 14:55,Taiwan Taoyuan International Airport,TPE,2024-07-11 19:45,290,China Airlines,Business Class,610,185.0,,708,Y,Y,Y,2,7,2,32,Thursday,False,False,False,Ninoy Aquino International Airport,MNL
Kuala Lumpur International Airport,KUL,2024-07-11 02:20,Guangzhou Baiyun International Airport,CAN,2024-07-11 06:25,245,China Southern,Business Class,495,105.0,,723,Y,Y,Y,1,8,2,32,Thursday,False,False,False,Ninoy Aquino International Airport,MNL
Kuala Lumpur International Airport,KUL,2024-07-11 13:25,Guangzhou Baiyun International Airport,CAN,2024-07-11 17:35,250,China Southern,Business Class,590,210.0,,723,Y,Y,Y,1,8,2,32,Thursday,False,False,False,Ninoy Aquino International Airport,MNL
Kuala Lumpur International Airport,KUL,2024-07-11 11:00,Singapore Changi Airport,SIN,2024-07-11 12:15,75,Singapore Airlines,Business Class,720,430.0,,754,Y,Y,Y,2,7,2,40,Thursday,False,False,False,Ninoy Aquino International Airport,MNL
Kuala Lumpur International Airport,KUL,2024-07-11 16:35,Singapore Changi Airport,SIN,2024-07-11 18:00,85,Singapore Airlines,Business Class,385,85.0,,1125,Y,Y,Y,2,7,2,40,Thursday,False,False,False,Ninoy Aquino International Airport,MNL
Kuala Lumpur International Airport,KUL,2024-07-12 08:10,Ninoy Aquino International Airport,MNL,2024-07-12 12:00,230,Malaysia Airlines,Business Class,230,,,340,Y,Y,Y,2,7,2,32,Friday,False,False,False,Ninoy Aquino International Airport,MNL
Kuala Lumpur International Airport,KUL,2024-07-12 10:10,Ninoy Aquino International Airport,MNL,2024-07-12 14:05,235,Malaysia Airlines,Business Class,235,,,340,Y,Y,Y,2,7,2,32,Friday,False,False,False,Ninoy Aquino International Airport,MNL
Kuala Lumpur International Airport,KUL,2024-07-12 10:25,Singapore Changi Airport,SIN,2024-07-12 11:35,70,Singapore Airlines,Business Class,420,115.0,,754,Y,Y,Y,2,7,2,40,Friday,False,False,False,Ninoy Aquino International Airport,MNL
Kuala Lumpur International Airport,KUL,2024-07-12 21:15,Brunei International Airport,BWN,2024-07-12 23:40,145,Royal Brunei,Business Class,1015,735.0,True,464,Y,Y,Y,2,7,1,40,Friday,False,False,False,Ninoy Aquino International Airport,MNL
Kuala Lumpur International Airport,KUL,2024-07-12 10:25,Singapore Changi Airport,SIN,2024-07-12 11:35,70,Singapore Airlines,Business Class,755,470.0,,625,Y,Y,Y,2,7,2,40,Friday,False,False,False,Ninoy Aquino International Airport,MNL
Kuala Lumpur International Airport,KUL,2024-07-12 11:00,Singapore Changi Airport,SIN,2024-07-12 12:15,75,Singapore Airlines,Business Class,720,430.0,,754,Y,Y,Y,2,7,2,40,Friday,False,False,False,Ninoy Aquino International Airport,MNL
Kuala Lumpur International Airport,KUL,2024-07-12 15:05,Suvarnabhumi Airport,BKK,2024-07-12 16:20,135,Malaysia Airlines,Business Class,455,110.0,,868,Y,Y,Y,2,7,2,32,Friday,False,False,False,Ninoy Aquino International Airport,MNL
Kuala Lumpur International Airport,KUL,2024-07-12 11:00,Singapore Changi Airport,SIN,2024-07-12 12:15,75,Singapore Airlines,Business Class,385,75.0,,1005,Y,Y,Y,2,7,2,40,Friday,False,False,False,Ninoy Aquino International Airport,MNL
Kuala Lumpur International Airport,KUL,2024-07-12 16:35,Singapore Changi Airport,SIN,2024-07-12 18:00,85,Singapore Airlines,Business Class,385,85.0,,1125,Y,Y,Y,2,7,2,40,Friday,False,False,False,Ninoy Aquino International Airport,MNL
Kuala Lumpur International Airport,KUL,2024-07-12 07:50,Singapore Changi Airport,SIN,2024-07-12 09:05,75,Malaysia Airlines,Business Class,400,95.0,,1889,Y,Y,Y,2,7,2,32,Friday,False,False,False,Ninoy Aquino International Airport,MNL
Kuala Lumpur International Airport,KUL,2024-07-13 17:25,Ninoy Aquino International Airport,MNL,2024-07-13 21:25,240,Malaysia Airlines,Business Class,240,,,319,Y,Y,Y,2,7,2,32,Saturday,False,False,False,Ninoy Aquino International Airport,MNL
Kuala Lumpur International Airport,KUL,2024-07-13 08:10,Ninoy Aquino International Airport,MNL,2024-07-13 12:00,230,Malaysia Airlines,Business Class,230,,,340,Y,Y,Y,2,7,2,32,Saturday,False,False,False,Ninoy Aquino International Airport,MNL
Kuala Lumpur International Airport,KUL,2024-07-13 02:10,Ninoy Aquino International Airport,MNL,2024-07-13 06:05,235,Philippine Airlines,Business Class,235,,,430,Y,Y,Y,1,7,1,32,Saturday,False,False,False,Ninoy Aquino International Airport,MNL
Kuala Lumpur International Airport,KUL,2024-07-13 16:25,Ninoy Aquino International Airport,MNL,2024-07-13 20:20,235,Philippine Airlines,Business Class,235,,,679,Y,Y,Y,1,7,1,32,Saturday,False,False,False,Ninoy Aquino International Airport,MNL
Kuala Lumpur International Airport,KUL,2024-07-13 14:55,Taiwan Taoyuan International Airport,TPE,2024-07-13 19:45,290,China Airlines,Business Class,610,185.0,,708,Y,Y,Y,2,7,2,32,Saturday,False,False,False,Ninoy Aquino International Airport,MNL
Kuala Lumpur International Airport,KUL,2024-07-13 09:00,Suvarnabhumi Airport,BKK,2024-07-13 10:15,135,Malaysia Airlines,Business Class,535,195.0,,868,Y,Y,Y,2,7,2,32,Saturday,False,False,False,Ninoy Aquino International Airport,MNL
Kuala Lumpur International Airport,KUL,2024-07-13 10:25,Singapore Changi Airport,SIN,2024-07-13 11:35,70,Singapore Airlines,Business Class,420,115.0,,1005,Y,Y,Y,2,7,2,40,Saturday,False,False,False,Ninoy Aquino International Airport,MNL
Kuala Lumpur International Airport,KUL,2024-07-13 11:00,Singapore Changi Airport,SIN,2024-07-13 12:15,75,Singapore Airlines,Business Class,385,75.0,,1125,Y,Y,Y,2,7,2,40,Saturday,False,False,False,Ninoy Aquino International Airport,MNL
Kuala Lumpur International Airport,KUL,2024-07-13 16:35,Singapore Changi Airport,SIN,2024-07-13 18:00,85,Singapore Airlines,Business Class,385,85.0,,1125,Y,Y,Y,2,7,2,40,Saturday,False,False,False,Ninoy Aquino International Airport,MNL
Kuala Lumpur International Airport,KUL,2024-07-13 08:15,Hong Kong International Airport,HKG,2024-07-13 12:25,250,Cathay Pacific,Business Class,495,100.0,,1135,Y,Y,Y,1,10,2,32,Saturday,False,False,False,Ninoy Aquino International Airport,MNL
Kuala Lumpur International Airport,KUL,2024-07-14 17:25,Ninoy Aquino International Airport,MNL,2024-07-14 21:25,240,Malaysia Airlines,Business Class,240,,,319,Y,Y,Y,2,7,2,32,Sunday,False,False,False,Ninoy Aquino International Airport,MNL
Kuala Lumpur International Airport,KUL,2024-07-14 08:10,Ninoy Aquino International Airport,MNL,2024-07-14 12:00,230,Malaysia Airlines,Business Class,230,,,340,Y,Y,Y,2,7,2,32,Sunday,False,False,False,Ninoy Aquino International Airport,MNL
Kuala Lumpur International Airport,KUL,2024-07-14 02:10,Ninoy Aquino International Airport,MNL,2024-07-14 06:05,235,Philippine Airlines,Business Class,235,,,537,Y,Y,Y,1,7,1,32,Sunday,False,False,False,Ninoy Aquino International Airport,MNL
Kuala Lumpur International Airport,KUL,2024-07-14 21:15,Brunei International Airport,BWN,2024-07-14 23:40,145,Royal Brunei,Business Class,1410,1130.0,True,464,Y,Y,Y,2,7,1,40,Sunday,False,False,False,Ninoy Aquino International Airport,MNL
Kuala Lumpur International Airport,KUL,2024-07-14 10:10,Ninoy Aquino International Airport,MNL,2024-07-14 14:05,235,Malaysia Airlines,Business Class,235,,,621,Y,Y,Y,2,7,2,32,Sunday,False,False,False,Ninoy Aquino International Airport,MNL
Kuala Lumpur International Airport,KUL,2024-07-14 20:55,Suvarnabhumi Airport,BKK,2024-07-14 22:05,130,THAI,Business Class,890,560.0,True,725,Y,Y,Y,2,7,2,32,Sunday,False,False,False,Ninoy Aquino International Airport,MNL
Kuala Lumpur International Airport,KUL,2024-07-14 17:45,Suvarnabhumi Airport,BKK,2024-07-14 18:55,130,Malaysia Airlines,Business Class,570,235.0,,868,Y,Y,Y,2,7,2,32,Sunday,False,False,False,Ninoy Aquino International Airport,MNL
Kuala Lumpur International Airport,KUL,2024-07-14 11:10,Ninoy Aquino International Airport,MNL,2024-07-14 15:00,230,Philippine Airlines,Business Class,230,,,909,Y,Y,Y,1,7,1,32,Sunday,False,False,False,Ninoy Aquino International Airport,MNL
Kuala Lumpur International Airport,KUL,2024-07-14 20:40,Singapore Changi Airport,SIN,2024-07-14 21:50,70,Singapore Airlines,Business Class,985,690.0,True,1005,Y,Y,Y,2,7,2,40,Sunday,False,False,False,Ninoy Aquino International Airport,MNL
Kuala Lumpur International Airport,KUL,2024-07-14 11:00,Singapore Changi Airport,SIN,2024-07-14 12:15,75,Singapore Airlines,Business Class,385,75.0,,1125,Y,Y,Y,2,7,2,40,Sunday,False,False,False,Ninoy Aquino International Airport,MNL
Kuala Lumpur International Airport,KUL,2024-07-15 17:25,Ninoy Aquino International Airport,MNL,2024-07-15 21:25,240,Malaysia Airlines,Business Class,240,,,319,Y,Y,Y,2,7,2,32,Monday,False,False,False,Ninoy Aquino International Airport,MNL
Kuala Lumpur International Airport,KUL,2024-07-15 08:10,Ninoy Aquino International Airport,MNL,2024-07-15 12:00,230,Malaysia Airlines,Business Class,230,,,340,Y,Y,Y,2,7,2,32,Monday,False,False,False,Ninoy Aquino International Airport,MNL
Kuala Lumpur International Airport,KUL,2024-07-15 10:10,Ninoy Aquino International Airport,MNL,2024-07-15 14:05,235,Malaysia Airlines,Business Class,235,,,340,Y,Y,Y,2,7,2,32,Monday,False,False,False,Ninoy Aquino International Airport,MNL
Kuala Lumpur International Airport,KUL,2024-07-15 11:10,Ninoy Aquino International Airport,MNL,2024-07-15 15:00,230,Philippine Airlines,Business Class,230,,,537,Y,Y,Y,1,7,1,32,Monday,False,False,False,Ninoy Aquino International Airport,MNL
Kuala Lumpur International Airport,KUL,2024-07-15 14:55,Taiwan Taoyuan International Airport,TPE,2024-07-15 19:45,290,China Airlines,Business Class,610,185.0,,708,Y,Y,Y,2,7,2,32,Monday,False,False,False,Ninoy Aquino International Airport,MNL
Kuala Lumpur International Airport,KUL,2024-07-15 20:55,Suvarnabhumi Airport,BKK,2024-07-15 22:05,130,THAI,Business Class,890,560.0,True,725,Y,Y,Y,2,7,2,32,Monday,False,False,False,Ninoy Aquino International Airport,MNL
Kuala Lumpur International Airport,KUL,2024-07-15 17:45,Suvarnabhumi Airport,BKK,2024-07-15 18:55,130,Malaysia Airlines,Business Class,570,235.0,,868,Y,Y,Y,2,7,2,32,Monday,False,False,False,Ninoy Aquino International Airport,MNL
Kuala Lumpur International Airport,KUL,2024-07-15 21:45,Suvarnabhumi Airport,BKK,2024-07-15 23:05,140,Malaysia Airlines,Business Class,500,155.0,,868,Y,Y,Y,2,7,2,32,Monday,False,False,False,Ninoy Aquino International Airport,MNL
Kuala Lumpur International Airport,KUL,2024-07-15 16:35,Singapore Changi Airport,SIN,2024-07-15 18:00,85,Singapore Airlines,Business Class,385,85.0,,1005,Y,Y,Y,2,7,2,40,Monday,False,False,False,Ninoy Aquino International Airport,MNL
Kuala Lumpur International Airport,KUL,2024-07-15 02:20,Guangzhou Baiyun International Airport,CAN,2024-07-15 06:25,245,China Southern,Business Class,495,105.0,,1364,Y,Y,Y,1,8,2,32,Monday,False,False,False,Ninoy Aquino International Airport,MNL
Kuala Lumpur International Airport,KUL,2024-07-16 17:25,Ninoy Aquino International Airport,MNL,2024-07-16 21:25,240,Malaysia Airlines,Business Class,240,,,319,Y,Y,Y,2,7,2,32,Tuesday,False,False,False,Ninoy Aquino International Airport,MNL
Kuala Lumpur International Airport,KUL,2024-07-16 08:10,Ninoy Aquino International Airport,MNL,2024-07-16 12:00,230,Malaysia Airlines,Business Class,230,,,340,Y,Y,Y,2,7,2,32,Tuesday,False,False,False,Ninoy Aquino International Airport,MNL
Kuala Lumpur International Airport,KUL,2024-07-16 10:10,Ninoy Aquino International Airport,MNL,2024-07-16 14:05,235,Malaysia Airlines,Business Class,235,,,340,Y,Y,Y,2,7,2,32,Tuesday,False,False,False,Ninoy Aquino International Airport,MNL
Kuala Lumpur International Airport,KUL,2024-07-16 16:25,Ninoy Aquino International Airport,MNL,2024-07-16 20:20,235,Philippine Airlines,Business Class,235,,,430,Y,Y,Y,1,7,1,32,Tuesday,False,False,False,Ninoy Aquino International Airport,MNL
Kuala Lumpur International Airport,KUL,2024-07-16 21:15,Brunei International Airport,BWN,2024-07-16 23:40,145,Royal Brunei,Business Class,1015,735.0,True,464,Y,Y,Y,2,7,1,40,Tuesday,False,False,False,Ninoy Aquino International Airport,MNL
Kuala Lumpur International Airport,KUL,2024-07-16 20:55,Suvarnabhumi Airport,BKK,2024-07-16 22:05,130,THAI,Business Class,890,560.0,True,725,Y,Y,Y,2,7,2,32,Tuesday,False,False,False,Ninoy Aquino International Airport,MNL
Kuala Lumpur International Airport,KUL,2024-07-16 20:40,Singapore Changi Airport,SIN,2024-07-16 21:50,70,Singapore Airlines,Business Class,985,690.0,True,754,Y,Y,Y,2,7,2,40,Tuesday,False,False,False,Ninoy Aquino International Airport,MNL
Kuala Lumpur International Airport,KUL,2024-07-16 11:00,Singapore Changi Airport,SIN,2024-07-16 12:15,75,Singapore Airlines,Business Class,385,75.0,,1005,Y,Y,Y,2,7,2,40,Tuesday,False,False,False,Ninoy Aquino International Airport,MNL
Kuala Lumpur International Airport,KUL,2024-07-16 16:35,Singapore Changi Airport,SIN,2024-07-16 18:00,85,Singapore Airlines,Business Class,385,85.0,,1005,Y,Y,Y,2,7,2,40,Tuesday,False,False,False,Ninoy Aquino International Airport,MNL
Kuala Lumpur International Airport,KUL,2024-07-17 17:25,Ninoy Aquino International Airport,MNL,2024-07-17 21:25,240,Malaysia Airlines,Business Class,240,,,319,Y,Y,Y,2,7,2,32,Wednesday,False,False,False,Ninoy Aquino International Airport,MNL
Kuala Lumpur International Airport,KUL,2024-07-17 08:10,Ninoy Aquino International Airport,MNL,2024-07-17 12:00,230,Malaysia Airlines,Business Class,230,,,340,Y,Y,Y,2,7,2,32,Wednesday,False,False,False,Ninoy Aquino International Airport,MNL
Kuala Lumpur International Airport,KUL,2024-07-17 10:10,Ninoy Aquino International Airport,MNL,2024-07-17 14:05,235,Malaysia Airlines,Business Class,235,,,340,Y,Y,Y,2,7,2,32,Wednesday,False,False,False,Ninoy Aquino International Airport,MNL
Kuala Lumpur International Airport,KUL,2024-07-17 11:10,Ninoy Aquino International Airport,MNL,2024-07-17 15:00,230,Philippine Airlines,Business Class,230,,,430,Y,Y,Y,1,7,1,32,Wednesday,False,False,False,Ninoy Aquino International Airport,MNL
Kuala Lumpur International Airport,KUL,2024-07-17 14:55,Taiwan Taoyuan International Airport,TPE,2024-07-17 19:45,290,China Airlines,Business Class,1120,695.0,True,708,Y,Y,Y,2,7,2,32,Wednesday,False,False,False,Ninoy Aquino International Airport,MNL
Kuala Lumpur International Airport,KUL,2024-07-17 20:55,Suvarnabhumi Airport,BKK,2024-07-17 22:05,130,THAI,Business Class,890,560.0,True,725,Y,Y,Y,2,7,2,32,Wednesday,False,False,False,Ninoy Aquino International Airport,MNL
Kuala Lumpur International Airport,KUL,2024-07-17 17:45,Suvarnabhumi Airport,BKK,2024-07-17 18:55,130,Malaysia Airlines,Business Class,570,235.0,,868,Y,Y,Y,2,7,2,32,Wednesday,False,False,False,Ninoy Aquino International Airport,MNL
Kuala Lumpur International Airport,KUL,2024-07-17 20:40,Singapore Changi Airport,SIN,2024-07-17 21:50,70,Singapore Airlines,Business Class,985,690.0,True,1005,Y,Y,Y,2,7,2,40,Wednesday,False,False,False,Ninoy Aquino International Airport,MNL
Kuala Lumpur International Airport,KUL,2024-07-17 11:00,Singapore Changi Airport,SIN,2024-07-17 12:15,75,Singapore Airlines,Business Class,385,75.0,,1125,Y,Y,Y,2,7,2,40,Wednesday,False,False,False,Ninoy Aquino International Airport,MNL
Kuala Lumpur International Airport,KUL,2024-07-17 16:35,Singapore Changi Airport,SIN,2024-07-17 18:00,85,Singapore Airlines,Business Class,385,85.0,,1125,Y,Y,Y,2,7,2,40,Wednesday,False,False,False,Ninoy Aquino International Airport,MNL
Kuala Lumpur International Airport,KUL,2024-07-17 02:20,Guangzhou Baiyun International Airport,CAN,2024-07-17 06:25,245,China Southern,Business Class,495,105.0,,1364,Y,Y,Y,1,8,2,32,Wednesday,False,False,False,Ninoy Aquino International Airport,MNL
Kuala Lumpur International Airport,KUL,2024-07-18 08:10,Ninoy Aquino International Airport,MNL,2024-07-18 12:00,230,Malaysia Airlines,Business Class,230,,,340,Y,Y,Y,2,7,2,32,Thursday,False,False,False,Ninoy Aquino International Airport,MNL
Kuala Lumpur International Airport,KUL,2024-07-18 10:10,Ninoy Aquino International Airport,MNL,2024-07-18 14:05,235,Malaysia Airlines,Business Class,235,,,340,Y,Y,Y,2,7,2,32,Thursday,False,False,False,Ninoy Aquino International Airport,MNL
Kuala Lumpur International Airport,KUL,2024-07-18 16:25,Ninoy Aquino International Airport,MNL,2024-07-18 20:20,235,Philippine Airlines,Business Class,235,,,679,Y,Y,Y,1,7,1,32,Thursday,False,False,False,Ninoy Aquino International Airport,MNL
Kuala Lumpur International Airport,KUL,2024-07-18 14:55,Taiwan Taoyuan International Airport,TPE,2024-07-18 19:45,290,China Airlines,Business Class,610,185.0,,708,Y,Y,Y,2,7,2,32,Thursday,False,False,False,Ninoy Aquino International Airport,MNL
Kuala Lumpur International Airport,KUL,2024-07-18 20:55,Suvarnabhumi Airport,BKK,2024-07-18 22:05,130,THAI,Business Class,890,560.0,True,725,Y,Y,Y,2,7,2,32,Thursday,False,False,False,Ninoy Aquino International Airport,MNL
Kuala Lumpur International Airport,KUL,2024-07-18 20:40,Singapore Changi Airport,SIN,2024-07-18 21:50,70,Singapore Airlines,Business Class,985,690.0,True,754,Y,Y,Y,2,7,2,40,Thursday,False,False,False,Ninoy Aquino International Airport,MNL
Kuala Lumpur International Airport,KUL,2024-07-18 17:45,Suvarnabhumi Airport,BKK,2024-07-18 18:55,130,Malaysia Airlines,Business Class,570,235.0,,868,Y,Y,Y,2,7,2,32,Thursday,False,False,False,Ninoy Aquino International Airport,MNL
Kuala Lumpur International Airport,KUL,2024-07-18 11:00,Singapore Changi Airport,SIN,2024-07-18 12:15,75,Singapore Airlines,Business Class,385,75.0,,1005,Y,Y,Y,2,7,2,40,Thursday,False,False,False,Ninoy Aquino International Airport,MNL
Kuala Lumpur International Airport,KUL,2024-07-18 16:35,Singapore Changi Airport,SIN,2024-07-18 18:00,85,Singapore Airlines,Business Class,385,85.0,,1125,Y,Y,Y,2,7,2,40,Thursday,False,False,False,Ninoy Aquino International Airport,MNL
Kuala Lumpur International Airport,KUL,2024-07-19 17:25,Ninoy Aquino International Airport,MNL,2024-07-19 21:25,240,Malaysia Airlines,Business Class,240,,,319,Y,Y,Y,2,7,2,32,Friday,False,False,False,Ninoy Aquino International Airport,MNL
Kuala Lumpur International Airport,KUL,2024-07-19 08:10,Ninoy Aquino International Airport,MNL,2024-07-19 12:00,230,Malaysia Airlines,Business Class,230,,,340,Y,Y,Y,2,7,2,32,Friday,False,False,False,Ninoy Aquino International Airport,MNL
Kuala Lumpur International Airport,KUL,2024-07-19 10:10,Ninoy Aquino International Airport,MNL,2024-07-19 14:05,235,Malaysia Airlines,Business Class,235,,,340,Y,Y,Y,2,7,2,32,Friday,False,False,False,Ninoy Aquino International Airport,MNL
Kuala Lumpur International Airport,KUL,2024-07-19 02:10,Ninoy Aquino International Airport,MNL,2024-07-19 06:05,235,Philippine Airlines,Business Class,235,,,537,Y,Y,Y,1,7,1,32,Friday,False,False,False,Ninoy Aquino International Airport,MNL
Kuala Lumpur International Airport,KUL,2024-07-19 14:55,Taiwan Taoyuan International Airport,TPE,2024-07-19 19:45,290,China Airlines,Business Class,1120,695.0,True,708,Y,Y,Y,2,7,2,32,Friday,False,False,False,Ninoy Aquino International Airport,MNL
Kuala Lumpur International Airport,KUL,2024-07-19 18:40,Singapore Changi Airport,SIN,2024-07-19 19:50,70,Singapore Airlines,Business Class,1105,810.0,True,754,Y,Y,Y,2,7,2,40,Friday,False,False,False,Ninoy Aquino International Airport,MNL
Kuala Lumpur International Airport,KUL,2024-07-19 17:45,Suvarnabhumi Airport,BKK,2024-07-19 18:55,130,Malaysia Airlines,Business Class,570,235.0,,868,Y,Y,Y,2,7,2,32,Friday,False,False,False,Ninoy Aquino International Airport,MNL
Kuala Lumpur International Airport,KUL,2024-07-19 11:10,Ninoy Aquino International Airport,MNL,2024-07-19 15:00,230,Philippine Airlines,Business Class,230,,,909,Y,Y,Y,1,7,1,32,Friday,False,False,False,Ninoy Aquino International Airport,MNL
Kuala Lumpur International Airport,KUL,2024-07-19 16:35,Singapore Changi Airport,SIN,2024-07-19 18:00,85,Singapore Airlines,Business Class,385,85.0,,1005,Y,Y,Y,2,7,2,40,Friday,False,False,False,Ninoy Aquino International Airport,MNL
Kuala Lumpur International Airport,KUL,2024-07-19 20:40,Singapore Changi Airport,SIN,2024-07-19 21:50,70,Singapore Airlines,Business Class,985,690.0,True,1005,Y,Y,Y,2,7,2,40,Friday,False,False,False,Ninoy Aquino International Airport,MNL
Kuala Lumpur International Airport,KUL,2024-07-20 17:25,Ninoy Aquino International Airport,MNL,2024-07-20 21:25,240,Malaysia Airlines,Business Class,240,,,319,Y,Y,Y,2,7,2,32,Saturday,False,False,False,Ninoy Aquino International Airport,MNL
Kuala Lumpur International Airport,KUL,2024-07-20 08:10,Ninoy Aquino International Airport,MNL,2024-07-20 12:00,230,Malaysia Airlines,Business Class,230,,,340,Y,Y,Y,2,7,2,32,Saturday,False,False,False,Ninoy Aquino International Airport,MNL
Kuala Lumpur International Airport,KUL,2024-07-20 02:10,Ninoy Aquino International Airport,MNL,2024-07-20 06:05,235,Philippine Airlines,Business Class,235,,,430,Y,Y,Y,1,7,1,32,Saturday,False,False,False,Ninoy Aquino International Airport,MNL
Kuala Lumpur International Airport,KUL,2024-07-20 14:55,Taiwan Taoyuan International Airport,TPE,2024-07-20 19:45,290,China Airlines,Business Class,610,185.0,,708,Y,Y,Y,2,7,2,32,Saturday,False,False,False,Ninoy Aquino International Airport,MNL
Kuala Lumpur International Airport,KUL,2024-07-20 20:55,Suvarnabhumi Airport,BKK,2024-07-20 22:05,130,THAI,Business Class,890,560.0,True,725,Y,Y,Y,2,7,2,32,Saturday,False,False,False,Ninoy Aquino International Airport,MNL
Kuala Lumpur International Airport,KUL,2024-07-20 10:25,Singapore Changi Airport,SIN,2024-07-20 11:35,70,Singapore Airlines,Business Class,420,115.0,,754,Y,Y,Y,2,7,2,40,Saturday,False,False,False,Ninoy Aquino International Airport,MNL
Kuala Lumpur International Airport,KUL,2024-07-20 09:00,Suvarnabhumi Airport,BKK,2024-07-20 10:15,135,Malaysia Airlines,Business Class,535,195.0,,868,Y,Y,Y,2,7,2,32,Saturday,False,False,False,Ninoy Aquino International Airport,MNL
Kuala Lumpur International Airport,KUL,2024-07-20 08:15,Hong Kong International Airport,HKG,2024-07-20 12:25,250,Cathay Pacific,Business Class,495,100.0,,997,Y,Y,Y,1,10,2,32,Saturday,False,False,False,Ninoy Aquino International Airport,MNL
Kuala Lumpur International Airport,KUL,2024-07-20 11:00,Singapore Changi Airport,SIN,2024-07-20 12:15,75,Singapore Airlines,Business Class,385,75.0,,1005,Y,Y,Y,2,7,2,40,Saturday,False,False,False,Ninoy Aquino International Airport,MNL
Kuala Lumpur International Airport,KUL,2024-07-21 17:25,Ninoy Aquino International Airport,MNL,2024-07-21 21:25,240,Malaysia Airlines,Business Class,240,,,319,Y,Y,Y,2,7,2,32,Sunday,False,False,False,Ninoy Aquino International Airport,MNL
Kuala Lumpur International Airport,KUL,2024-07-21 08:10,Ninoy Aquino International Airport,MNL,2024-07-21 12:00,230,Malaysia Airlines,Business Class,230,,,340,Y,Y,Y,2,7,2,32,Sunday,False,False,False,Ninoy Aquino International Airport,MNL
Kuala Lumpur International Airport,KUL,2024-07-21 10:10,Ninoy Aquino International Airport,MNL,2024-07-21 14:05,235,Malaysia Airlines,Business Class,235,,,340,Y,Y,Y,2,7,2,32,Sunday,False,False,False,Ninoy Aquino International Airport,MNL
Kuala Lumpur International Airport,KUL,2024-07-21 02:10,Ninoy Aquino International Airport,MNL,2024-07-21 06:05,235,Philippine Airlines,Business Class,235,,,430,Y,Y,Y,1,7,1,32,Sunday,False,False,False,Ninoy Aquino International Airport,MNL
Kuala Lumpur International Airport,KUL,2024-07-21 11:10,Ninoy Aquino International Airport,MNL,2024-07-21 15:00,230,Philippine Airlines,Business Class,230,,,537,Y,Y,Y,1,7,1,32,Sunday,False,False,False,Ninoy Aquino International Airport,MNL
Kuala Lumpur International Airport,KUL,2024-07-21 12:10,Brunei International Airport,BWN,2024-07-21 14:35,145,Royal Brunei,Business Class,1955,1675.0,True,473,Y,Y,Y,2,7,1,40,Sunday,False,False,False,Ninoy Aquino International Airport,MNL
Kuala Lumpur International Airport,KUL,2024-07-21 20:55,Suvarnabhumi Airport,BKK,2024-07-21 22:05,130,THAI,Business Class,890,560.0,True,725,Y,Y,Y,2,7,2,32,Sunday,False,False,False,Ninoy Aquino International Airport,MNL
Kuala Lumpur International Airport,KUL,2024-07-21 17:45,Suvarnabhumi Airport,BKK,2024-07-21 18:55,130,Malaysia Airlines,Business Class,570,235.0,,868,Y,Y,Y,2,7,2,32,Sunday,False,False,False,Ninoy Aquino International Airport,MNL
Kuala Lumpur International Airport,KUL,2024-07-21 11:00,Singapore Changi Airport,SIN,2024-07-21 12:15,75,Singapore Airlines,Business Class,385,75.0,,1125,Y,Y,Y,2,7,2,40,Sunday,False,False,False,Ninoy Aquino International Airport,MNL
Kuala Lumpur International Airport,KUL,2024-07-21 21:45,Singapore Changi Airport,SIN,2024-07-21 22:55,70,Singapore Airlines,Business Class,920,625.0,True,1125,Y,Y,Y,2,7,2,40,Sunday,False,False,False,Ninoy Aquino International Airport,MNL
Kuala Lumpur International Airport,KUL,2024-07-22 17:25,Ninoy Aquino International Airport,MNL,2024-07-22 21:25,240,Malaysia Airlines,Business Class,240,,,319,Y,Y,Y,2,7,2,32,Monday,False,False,False,Ninoy Aquino International Airport,MNL
Kuala Lumpur International Airport,KUL,2024-07-22 08:10,Ninoy Aquino International Airport,MNL,2024-07-22 12:00,230,Malaysia Airlines,Business Class,230,,,340,Y,Y,Y,2,7,2,32,Monday,False,False,False,Ninoy Aquino International Airport,MNL
Kuala Lumpur International Airport,KUL,2024-07-22 10:10,Ninoy Aquino International Airport,MNL,2024-07-22 14:05,235,Malaysia Airlines,Business Class,235,,,340,Y,Y,Y,2,7,2,32,Monday,False,False,False,Ninoy Aquino International Airport,MNL
Kuala Lumpur International Airport,KUL,2024-07-22 11:10,Ninoy Aquino International Airport,MNL,2024-07-22 15:00,230,Philippine Airlines,Business Class,230,,,430,Y,Y,Y,1,7,1,32,Monday,False,False,False,Ninoy Aquino International Airport,MNL
Kuala Lumpur International Airport,KUL,2024-07-22 12:10,Brunei International Airport,BWN,2024-07-22 14:35,145,Royal Brunei,Business Class,515,235.0,,464,Y,Y,Y,2,7,1,40,Monday,False,False,False,Ninoy Aquino International Airport,MNL
Kuala Lumpur International Airport,KUL,2024-07-22 20:55,Suvarnabhumi Airport,BKK,2024-07-22 22:05,130,THAI,Business Class,890,560.0,True,725,Y,Y,Y,2,7,2,32,Monday,False,False,False,Ninoy Aquino International Airport,MNL
Kuala Lumpur International Airport,KUL,2024-07-22 20:40,Singapore Changi Airport,SIN,2024-07-22 21:50,70,Singapore Airlines,Business Class,1245,940.0,True,754,Y,Y,Y,2,7,2,40,Monday,False,False,False,Ninoy Aquino International Airport,MNL
Kuala Lumpur International Airport,KUL,2024-07-22 17:45,Suvarnabhumi Airport,BKK,2024-07-22 18:55,130,Malaysia Airlines,Business Class,570,235.0,,868,Y,Y,Y,2,7,2,32,Monday,False,False,False,Ninoy Aquino International Airport,MNL
Kuala Lumpur International Airport,KUL,2024-07-22 16:35,Singapore Changi Airport,SIN,2024-07-22 18:00,85,Singapore Airlines,Business Class,385,85.0,,1005,Y,Y,Y,2,7,2,40,Monday,False,False,False,Ninoy Aquino International Airport,MNL
Kuala Lumpur International Airport,KUL,2024-07-23 17:25,Ninoy Aquino International Airport,MNL,2024-07-23 21:25,240,Malaysia Airlines,Business Class,240,,,319,Y,Y,Y,2,7,2,32,Tuesday,False,False,False,Ninoy Aquino International Airport,MNL
Kuala Lumpur International Airport,KUL,2024-07-23 08:10,Ninoy Aquino International Airport,MNL,2024-07-23 12:00,230,Malaysia Airlines,Business Class,230,,,340,Y,Y,Y,2,7,2,32,Tuesday,False,False,False,Ninoy Aquino International Airport,MNL
Kuala Lumpur International Airport,KUL,2024-07-23 10:10,Ninoy Aquino International Airport,MNL,2024-07-23 14:05,235,Malaysia Airlines,Business Class,235,,,340,Y,Y,Y,2,7,2,32,Tuesday,False,False,False,Ninoy Aquino International Airport,MNL
Kuala Lumpur International Airport,KUL,2024-07-23 16:25,Ninoy Aquino International Airport,MNL,2024-07-23 20:20,235,Philippine Airlines,Business Class,235,,,430,Y,Y,Y,1,7,1,32,Tuesday,False,False,False,Ninoy Aquino International Airport,MNL
Kuala Lumpur International Airport,KUL,2024-07-23 21:15,Brunei International Airport,BWN,2024-07-23 23:40,145,Royal Brunei,Business Class,1015,735.0,True,464,Y,Y,Y,2,7,1,40,Tuesday,False,False,False,Ninoy Aquino International Airport,MNL
Kuala Lumpur International Airport,KUL,2024-07-23 20:55,Suvarnabhumi Airport,BKK,2024-07-23 22:05,130,THAI,Business Class,890,560.0,True,725,Y,Y,Y,2,7,2,32,Tuesday,False,False,False,Ninoy Aquino International Airport,MNL
Kuala Lumpur International Airport,KUL,2024-07-23 20:40,Singapore Changi Airport,SIN,2024-07-23 21:50,70,Singapore Airlines,Business Class,1245,940.0,True,754,Y,Y,Y,2,7,2,40,Tuesday,False,False,False,Ninoy Aquino International Airport,MNL
Kuala Lumpur International Airport,KUL,2024-07-23 11:00,Singapore Changi Airport,SIN,2024-07-23 12:15,75,Singapore Airlines,Business Class,385,75.0,,1005,Y,Y,Y,2,7,2,40,Tuesday,False,False,False,Ninoy Aquino International Airport,MNL
Kuala Lumpur International Airport,KUL,2024-07-23 16:35,Singapore Changi Airport,SIN,2024-07-23 18:00,85,Singapore Airlines,Business Class,385,85.0,,1005,Y,Y,Y,2,7,2,40,Tuesday,False,False,False,Ninoy Aquino International Airport,MNL
Kuala Lumpur International Airport,KUL,2024-07-24 17:25,Ninoy Aquino International Airport,MNL,2024-07-24 21:25,240,Malaysia Airlines,Business Class,240,,,319,Y,Y,Y,2,7,2,32,Wednesday,False,False,False,Ninoy Aquino International Airport,MNL
Kuala Lumpur International Airport,KUL,2024-07-24 08:10,Ninoy Aquino International Airport,MNL,2024-07-24 12:00,230,Malaysia Airlines,Business Class,230,,,340,Y,Y,Y,2,7,2,32,Wednesday,False,False,False,Ninoy Aquino International Airport,MNL
Kuala Lumpur International Airport,KUL,2024-07-24 10:10,Ninoy Aquino International Airport,MNL,2024-07-24 14:05,235,Malaysia Airlines,Business Class,235,,,340,Y,Y,Y,2,7,2,32,Wednesday,False,False,False,Ninoy Aquino International Airport,MNL
Kuala Lumpur International Airport,KUL,2024-07-24 11:10,Ninoy Aquino International Airport,MNL,2024-07-24 15:00,230,Philippine Airlines,Business Class,230,,,537,Y,Y,Y,1,7,1,32,Wednesday,False,False,False,Ninoy Aquino International Airport,MNL
Kuala Lumpur International Airport,KUL,2024-07-24 21:15,Brunei International Airport,BWN,2024-07-24 23:40,145,Royal Brunei,Business Class,1410,1130.0,True,464,Y,Y,Y,2,7,1,40,Wednesday,False,False,False,Ninoy Aquino International Airport,MNL
Kuala Lumpur International Airport,KUL,2024-07-24 20:40,Singapore Changi Airport,SIN,2024-07-24 21:50,70,Singapore Airlines,Business Class,1580,1295.0,True,625,Y,Y,Y,2,7,2,40,Wednesday,False,False,False,Ninoy Aquino International Airport,MNL
Kuala Lumpur International Airport,KUL,2024-07-24 20:55,Suvarnabhumi Airport,BKK,2024-07-24 22:05,130,THAI,Business Class,890,560.0,True,725,Y,Y,Y,2,7,2,32,Wednesday,False,False,False,Ninoy Aquino International Airport,MNL
Kuala Lumpur International Airport,KUL,2024-07-24 20:40,Singapore Changi Airport,SIN,2024-07-24 21:50,70,Singapore Airlines,Business Class,985,690.0,True,754,Y,Y,Y,2,7,2,40,Wednesday,False,False,False,Ninoy Aquino International Airport,MNL
Kuala Lumpur International Airport,KUL,2024-07-24 17:45,Suvarnabhumi Airport,BKK,2024-07-24 18:55,130,Malaysia Airlines,Business Class,570,235.0,,868,Y,Y,Y,2,7,2,32,Wednesday,False,False,False,Ninoy Aquino International Airport,MNL
Kuala Lumpur International Airport,KUL,2024-07-24 16:35,Singapore Changi Airport,SIN,2024-07-24 18:00,85,Singapore Airlines,Business Class,385,85.0,,1005,Y,Y,Y,2,7,2,40,Wednesday,False,False,False,Ninoy Aquino International Airport,MNL
Kuala Lumpur International Airport,KUL,2024-07-25 08:10,Ninoy Aquino International Airport,MNL,2024-07-25 12:00,230,Malaysia Airlines,Business Class,230,,,340,Y,Y,Y,2,7,2,32,Thursday,False,False,False,Ninoy Aquino International Airport,MNL
Kuala Lumpur International Airport,KUL,2024-07-25 10:10,Ninoy Aquino International Airport,MNL,2024-07-25 14:05,235,Malaysia Airlines,Business Class,235,,,530,Y,Y,Y,2,7,2,32,Thursday,False,False,False,Ninoy Aquino International Airport,MNL
Kuala Lumpur International Airport,KUL,2024-07-25 16:25,Ninoy Aquino International Airport,MNL,2024-07-25 20:20,235,Philippine Airlines,Business Class,235,,,679,Y,Y,Y,1,7,1,32,Thursday,False,False,False,Ninoy Aquino International Airport,MNL
Kuala Lumpur International Airport,KUL,2024-07-25 12:10,Brunei International Airport,BWN,2024-07-25 14:35,145,Royal Brunei,Business Class,515,235.0,,464,Y,Y,Y,2,7,1,40,Thursday,False,False,False,Ninoy Aquino International Airport,MNL
Kuala Lumpur International Airport,KUL,2024-07-25 20:55,Suvarnabhumi Airport,BKK,2024-07-25 22:05,130,THAI,Business Class,890,560.0,True,725,Y,Y,Y,2,7,2,32,Thursday,False,False,False,Ninoy Aquino International Airport,MNL
Kuala Lumpur International Airport,KUL,2024-07-25 10:25,Singapore Changi Airport,SIN,2024-07-25 11:35,70,Singapore Airlines,Business Class,420,115.0,,754,Y,Y,Y,2,7,2,40,Thursday,False,False,False,Ninoy Aquino International Airport,MNL
Kuala Lumpur International Airport,KUL,2024-07-25 11:00,Singapore Changi Airport,SIN,2024-07-25 12:15,75,Singapore Airlines,Business Class,385,75.0,,1125,Y,Y,Y,2,7,2,40,Thursday,False,False,False,Ninoy Aquino International Airport,MNL
Kuala Lumpur International Airport,KUL,2024-07-25 16:35,Singapore Changi Airport,SIN,2024-07-25 18:00,85,Singapore Airlines,Business Class,385,85.0,,1125,Y,Y,Y,2,7,2,40,Thursday,False,False,False,Ninoy Aquino International Airport,MNL
Kuala Lumpur International Airport,KUL,2024-07-26 17:25,Ninoy Aquino International Airport,MNL,2024-07-26 21:25,240,Malaysia Airlines,Business Class,240,,,319,Y,Y,Y,2,7,2,32,Friday,False,False,False,Ninoy Aquino International Airport,MNL
Kuala Lumpur International Airport,KUL,2024-07-26 08:10,Ninoy Aquino International Airport,MNL,2024-07-26 12:00,230,Malaysia Airlines,Business Class,230,,,340,Y,Y,Y,2,7,2,32,Friday,False,False,False,Ninoy Aquino International Airport,MNL
Kuala Lumpur International Airport,KUL,2024-07-26 10:10,Ninoy Aquino International Airport,MNL,2024-07-26 14:05,235,Malaysia Airlines,Business Class,235,,,340,Y,Y,Y,2,7,2,32,Friday,False,False,False,Ninoy Aquino International Airport,MNL
Kuala Lumpur International Airport,KUL,2024-07-26 11:10,Ninoy Aquino International Airport,MNL,2024-07-26 15:00,230,Philippine Airlines,Business Class,230,,,537,Y,Y,Y,1,7,1,32,Friday,False,False,False,Ninoy Aquino International Airport,MNL
Kuala Lumpur International Airport,KUL,2024-07-26 02:10,Ninoy Aquino International Airport,MNL,2024-07-26 06:05,235,Philippine Airlines,Business Class,235,,,430,Y,Y,Y,1,7,1,32,Friday,False,False,False,Ninoy Aquino International Airport,MNL
Kuala Lumpur International Airport,KUL,2024-07-26 12:10,Brunei International Airport,BWN,2024-07-26 14:35,145,Royal Brunei,Business Class,515,235.0,,464,Y,Y,Y,2,7,1,40,Friday,False,False,False,Ninoy Aquino International Airport,MNL
Kuala Lumpur International Airport,KUL,2024-07-26 21:15,Brunei International Airport,BWN,2024-07-26 23:40,145,Royal Brunei,Business Class,1015,735.0,True,464,Y,Y,Y,2,7,1,40,Friday,False,False,False,Ninoy Aquino International Airport,MNL
Kuala Lumpur International Airport,KUL,2024-07-26 20:55,Suvarnabhumi Airport,BKK,2024-07-26 22:05,130,THAI,Business Class,890,560.0,True,725,Y,Y,Y,2,7,2,32,Friday,False,False,False,Ninoy Aquino International Airport,MNL
Kuala Lumpur International Airport,KUL,2024-07-26 11:00,Singapore Changi Airport,SIN,2024-07-26 12:15,75,Singapore Airlines,Business Class,385,75.0,,1005,Y,Y,Y,2,7,2,40,Friday,False,False,False,Ninoy Aquino International Airport,MNL
Kuala Lumpur International Airport,KUL,2024-07-27 17:25,Ninoy Aquino International Airport,MNL,2024-07-27 21:25,240,Malaysia Airlines,Business Class,240,,,319,Y,Y,Y,2,7,2,32,Saturday,False,False,False,Ninoy Aquino International Airport,MNL
Kuala Lumpur International Airport,KUL,2024-07-27 08:10,Ninoy Aquino International Airport,MNL,2024-07-27 12:00,230,Malaysia Airlines,Business Class,230,,,340,Y,Y,Y,2,7,2,32,Saturday,False,False,False,Ninoy Aquino International Airport,MNL
Kuala Lumpur International Airport,KUL,2024-07-27 02:10,Ninoy Aquino International Airport,MNL,2024-07-27 06:05,235,Philippine Airlines,Business Class,235,,,430,Y,Y,Y,1,7,1,32,Saturday,False,False,False,Ninoy Aquino International Airport,MNL
Kuala Lumpur International Airport,KUL,2024-07-27 16:25,Ninoy Aquino International Airport,MNL,2024-07-27 20:20,235,Philippine Airlines,Business Class,235,,,430,Y,Y,Y,1,7,1,32,Saturday,False,False,False,Ninoy Aquino International Airport,MNL
Kuala Lumpur International Airport,KUL,2024-07-27 11:00,Singapore Changi Airport,SIN,2024-07-27 12:15,75,Singapore Airlines,Business Class,385,75.0,,754,Y,Y,Y,2,7,2,40,Saturday,False,False,False,Ninoy Aquino International Airport,MNL
Kuala Lumpur International Airport,KUL,2024-07-27 14:55,Taiwan Taoyuan International Airport,TPE,2024-07-27 19:45,290,China Airlines,Business Class,610,185.0,,708,Y,Y,Y,2,7,2,32,Saturday,False,False,False,Ninoy Aquino International Airport,MNL
Kuala Lumpur International Airport,KUL,2024-07-27 20:55,Suvarnabhumi Airport,BKK,2024-07-27 22:05,130,THAI,Business Class,890,560.0,True,725,Y,Y,Y,2,7,2,32,Saturday,False,False,False,Ninoy Aquino International Airport,MNL
Kuala Lumpur International Airport,KUL,2024-07-27 09:00,Suvarnabhumi Airport,BKK,2024-07-27 10:15,135,Malaysia Airlines,Business Class,535,195.0,,868,Y,Y,Y,2,7,2,32,Saturday,False,False,False,Ninoy Aquino International Airport,MNL
Kuala Lumpur International Airport,KUL,2024-07-27 08:15,Hong Kong International Airport,HKG,2024-07-27 12:25,250,Cathay Pacific,Business Class,495,100.0,,997,Y,Y,Y,1,10,2,32,Saturday,False,False,False,Ninoy Aquino International Airport,MNL
Kuala Lumpur International Airport,KUL,2024-07-28 17:25,Ninoy Aquino International Airport,MNL,2024-07-28 21:25,240,Malaysia Airlines,Business Class,240,,,319,Y,Y,Y,2,7,2,32,Sunday,False,False,False,Ninoy Aquino International Airport,MNL
Kuala Lumpur International Airport,KUL,2024-07-28 08:10,Ninoy Aquino International Airport,MNL,2024-07-28 12:00,230,Malaysia Airlines,Business Class,230,,,340,Y,Y,Y,2,7,2,32,Sunday,False,False,False,Ninoy Aquino International Airport,MNL
Kuala Lumpur International Airport,KUL,2024-07-28 10:10,Ninoy Aquino International Airport,MNL,2024-07-28 14:05,235,Malaysia Airlines,Business Class,235,,,340,Y,Y,Y,2,7,2,32,Sunday,False,False,False,Ninoy Aquino International Airport,MNL
Kuala Lumpur International Airport,KUL,2024-07-28 11:10,Ninoy Aquino International Airport,MNL,2024-07-28 15:00,230,Philippine Airlines,Business Class,230,,,430,Y,Y,Y,1,7,1,32,Sunday,False,False,False,Ninoy Aquino International Airport,MNL
Kuala Lumpur International Airport,KUL,2024-07-28 21:15,Brunei International Airport,BWN,2024-07-28 23:40,145,Royal Brunei,Business Class,1410,1130.0,True,464,Y,Y,Y,2,7,1,40,Sunday,False,False,False,Ninoy Aquino International Airport,MNL
Kuala Lumpur International Airport,KUL,2024-07-28 02:10,Ninoy Aquino International Airport,MNL,2024-07-28 06:05,235,Philippine Airlines,Business Class,235,,,537,Y,Y,Y,1,7,1,32,Sunday,False,False,False,Ninoy Aquino International Airport,MNL
Kuala Lumpur International Airport,KUL,2024-07-28 20:40,Singapore Changi Airport,SIN,2024-07-28 21:50,70,Singapore Airlines,Business Class,1245,940.0,True,693,Y,Y,Y,2,7,2,40,Sunday,False,False,False,Ninoy Aquino International Airport,MNL
Kuala Lumpur International Airport,KUL,2024-07-28 20:55,Suvarnabhumi Airport,BKK,2024-07-28 22:05,130,THAI,Business Class,890,560.0,True,725,Y,Y,Y,2,7,2,32,Sunday,False,False,False,Ninoy Aquino International Airport,MNL
Kuala Lumpur International Airport,KUL,2024-07-28 17:45,Suvarnabhumi Airport,BKK,2024-07-28 18:55,130,Malaysia Airlines,Business Class,570,235.0,,868,Y,Y,Y,2,7,2,32,Sunday,False,False,False,Ninoy Aquino International Airport,MNL
Kuala Lumpur International Airport,KUL,2024-07-28 16:35,Singapore Changi Airport,SIN,2024-07-28 18:00,85,Singapore Airlines,Business Class,385,85.0,,1125,Y,Y,Y,2,7,2,40,Sunday,False,False,False,Ninoy Aquino International Airport,MNL
Kuala Lumpur International Airport,KUL,2024-07-29 17:25,Ninoy Aquino International Airport,MNL,2024-07-29 21:25,240,Malaysia Airlines,Business Class,240,,,319,Y,Y,Y,2,7,2,32,Monday,False,False,False,Ninoy Aquino International Airport,MNL
Kuala Lumpur International Airport,KUL,2024-07-29 08:10,Ninoy Aquino International Airport,MNL,2024-07-29 12:00,230,Malaysia Airlines,Business Class,230,,,340,Y,Y,Y,2,7,2,32,Monday,False,False,False,Ninoy Aquino International Airport,MNL
Kuala Lumpur International Airport,KUL,2024-07-29 10:10,Ninoy Aquino International Airport,MNL,2024-07-29 14:05,235,Malaysia Airlines,Business Class,235,,,340,Y,Y,Y,2,7,2,32,Monday,False,False,False,Ninoy Aquino International Airport,MNL
Kuala Lumpur International Airport,KUL,2024-07-29 11:10,Ninoy Aquino International Airport,MNL,2024-07-29 15:00,230,Philippine Airlines,Business Class,230,,,537,Y,Y,Y,1,7,1,32,Monday,False,False,False,Ninoy Aquino International Airport,MNL
Kuala Lumpur International Airport,KUL,2024-07-29 12:10,Brunei International Airport,BWN,2024-07-29 14:35,145,Royal Brunei,Business Class,515,235.0,,464,Y,Y,Y,2,7,1,40,Monday,False,False,False,Ninoy Aquino International Airport,MNL
Kuala Lumpur International Airport,KUL,2024-07-29 18:40,Singapore Changi Airport,SIN,2024-07-29 19:50,70,Singapore Airlines,Business Class,1365,1060.0,True,625,Y,Y,Y,2,7,2,40,Monday,False,False,False,Ninoy Aquino International Airport,MNL
Kuala Lumpur International Airport,KUL,2024-07-29 20:40,Singapore Changi Airport,SIN,2024-07-29 21:50,70,Singapore Airlines,Business Class,1245,940.0,True,693,Y,Y,Y,2,7,2,40,Monday,False,False,False,Ninoy Aquino International Airport,MNL
Kuala Lumpur International Airport,KUL,2024-07-29 20:55,Suvarnabhumi Airport,BKK,2024-07-29 22:05,130,THAI,Business Class,890,560.0,True,725,Y,Y,Y,2,7,2,32,Monday,False,False,False,Ninoy Aquino International Airport,MNL
Kuala Lumpur International Airport,KUL,2024-07-29 11:00,Singapore Changi Airport,SIN,2024-07-29 12:15,75,Singapore Airlines,Business Class,385,75.0,,754,Y,Y,Y,2,7,2,40,Monday,False,False,False,Ninoy Aquino International Airport,MNL
Kuala Lumpur International Airport,KUL,2024-07-30 17:25,Ninoy Aquino International Airport,MNL,2024-07-30 21:25,240,Malaysia Airlines,Business Class,240,,,319,Y,Y,Y,2,7,2,32,Tuesday,False,False,False,Ninoy Aquino International Airport,MNL
Kuala Lumpur International Airport,KUL,2024-07-30 08:10,Ninoy Aquino International Airport,MNL,2024-07-30 12:00,230,Malaysia Airlines,Business Class,230,,,340,Y,Y,Y,2,7,2,32,Tuesday,False,False,False,Ninoy Aquino International Airport,MNL
Kuala Lumpur International Airport,KUL,2024-07-30 10:10,Ninoy Aquino International Airport,MNL,2024-07-30 14:05,235,Malaysia Airlines,Business Class,235,,,340,Y,Y,Y,2,7,2,32,Tuesday,False,False,False,Ninoy Aquino International Airport,MNL
Kuala Lumpur International Airport,KUL,2024-07-30 16:25,Ninoy Aquino International Airport,MNL,2024-07-30 20:20,235,Philippine Airlines,Business Class,235,,,430,Y,Y,Y,1,7,1,32,Tuesday,False,False,False,Ninoy Aquino International Airport,MNL
Kuala Lumpur International Airport,KUL,2024-07-30 21:15,Brunei International Airport,BWN,2024-07-30 23:40,145,Royal Brunei,Business Class,1015,735.0,True,464,Y,Y,Y,2,7,1,40,Tuesday,False,False,False,Ninoy Aquino International Airport,MNL
Kuala Lumpur International Airport,KUL,2024-07-30 18:40,Singapore Changi Airport,SIN,2024-07-30 19:50,70,Singapore Airlines,Business Class,1105,810.0,True,625,Y,Y,Y,2,7,2,40,Tuesday,False,False,False,Ninoy Aquino International Airport,MNL
Kuala Lumpur International Airport,KUL,2024-07-30 10:25,Singapore Changi Airport,SIN,2024-07-30 11:35,70,Singapore Airlines,Business Class,420,115.0,,693,Y,Y,Y,2,7,2,40,Tuesday,False,False,False,Ninoy Aquino International Airport,MNL
Kuala Lumpur International Airport,KUL,2024-07-30 16:35,Singapore Changi Airport,SIN,2024-07-30 18:00,85,Singapore Airlines,Business Class,385,85.0,,693,Y,Y,Y,2,7,2,40,Tuesday,False,False,False,Ninoy Aquino International Airport,MNL
Kuala Lumpur International Airport,KUL,2024-07-30 20:40,Singapore Changi Airport,SIN,2024-07-30 21:50,70,Singapore Airlines,Business Class,985,690.0,True,693,Y,Y,Y,2,7,2,40,Tuesday,False,False,False,Ninoy Aquino International Airport,MNL
Kuala Lumpur International Airport,KUL,2024-07-30 11:00,Singapore Changi Airport,SIN,2024-07-30 12:15,75,Singapore Airlines,Business Class,385,75.0,,754,Y,Y,Y,2,7,2,40,Tuesday,False,False,False,Ninoy Aquino International Airport,MNL
Kuala Lumpur International Airport,KUL,2024-07-31 17:25,Ninoy Aquino International Airport,MNL,2024-07-31 21:25,240,Malaysia Airlines,Business Class,240,,,319,Y,Y,Y,2,7,2,32,Wednesday,False,False,False,Ninoy Aquino International Airport,MNL
Kuala Lumpur International Airport,KUL,2024-07-31 08:10,Ninoy Aquino International Airport,MNL,2024-07-31 12:00,230,Malaysia Airlines,Business Class,230,,,340,Y,Y,Y,2,7,2,32,Wednesday,False,False,False,Ninoy Aquino International Airport,MNL
Kuala Lumpur International Airport,KUL,2024-07-31 10:10,Ninoy Aquino International Airport,MNL,2024-07-31 14:05,235,Malaysia Airlines,Business Class,235,,,340,Y,Y,Y,2,7,2,32,Wednesday,False,False,False,Ninoy Aquino International Airport,MNL
Kuala Lumpur International Airport,KUL,2024-07-31 11:10,Ninoy Aquino International Airport,MNL,2024-07-31 15:00,230,Philippine Airlines,Business Class,230,,,430,Y,Y,Y,1,7,1,32,Wednesday,False,False,False,Ninoy Aquino International Airport,MNL
Kuala Lumpur International Airport,KUL,2024-07-31 21:15,Brunei International Airport,BWN,2024-07-31 23:40,145,Royal Brunei,Business Class,1410,1130.0,True,464,Y,Y,Y,2,7,1,40,Wednesday,False,False,False,Ninoy Aquino International Airport,MNL
Kuala Lumpur International Airport,KUL,2024-07-31 18:40,Singapore Changi Airport,SIN,2024-07-31 19:50,70,Singapore Airlines,Business Class,1265,970.0,True,625,Y,Y,Y,2,7,2,40,Wednesday,False,False,False,Ninoy Aquino International Airport,MNL
Kuala Lumpur International Airport,KUL,2024-07-31 20:40,Singapore Changi Airport,SIN,2024-07-31 21:50,70,Singapore Airlines,Business Class,985,690.0,True,693,Y,Y,Y,2,7,2,40,Wednesday,False,False,False,Ninoy Aquino International Airport,MNL
Kuala Lumpur International Airport,KUL,2024-07-31 20:55,Suvarnabhumi Airport,BKK,2024-07-31 22:05,130,THAI,Business Class,890,560.0,True,725,Y,Y,Y,2,7,2,32,Wednesday,False,False,False,Ninoy Aquino International Airport,MNL
Kuala Lumpur International Airport,KUL,2024-07-31 17:45,Suvarnabhumi Airport,BKK,2024-07-31 18:55,130,Malaysia Airlines,Business Class,570,235.0,,868,Y,Y,Y,2,7,2,32,Wednesday,False,False,False,Ninoy Aquino International Airport,MNL
Kuala Lumpur International Airport,KUL,2024-07-31 11:00,Singapore Changi Airport,SIN,2024-07-31 12:15,75,Singapore Airlines,Business Class,385,75.0,,1005,Y,Y,Y,2,7,2,40,Wednesday,False,False,False,Ninoy Aquino International Airport,MNL
Kuala Lumpur International Airport,KUL,2024-07-31 16:35,Singapore Changi Airport,SIN,2024-07-31 18:00,85,Singapore Airlines,Business Class,385,85.0,,1005,Y,Y,Y,2,7,2,40,Wednesday,False,False,False,Ninoy Aquino International Airport,MNL
