Departure Airport Name,Departure Airport ID,Departure Time,Arrival Airport Name,Arrival Airport ID,Arrival Time,Duration,Airline,Travel Class,Total Duration,Layover 1 Duration,Layover 1 Overnight,Price, Cabin Baggage, Checked Baggage,Meal Included,Cabin Baggage (Number),Cabin Baggage (kg per piece),Checked Baggage (Number),Checked Baggage (kg per piece) ,Day of Week (on flight date),Overnight Flight,Departure Country Is Holiday,Arrival Country Is Holiday,Final Arrival Airport Name,Final Arrival Airport ID
Kuala Lumpur International Airport,KUL,2024-07-01 09:00,Tan Son Nhat International Airport,SGN,2024-07-01 10:00,120,Malaysia Airlines,Business Class,120,,,193,Y,Y,Y,2,7,2,32,Monday,False,False,False,Tan Son Nhat International Airport,SGN
Kuala Lumpur International Airport,KUL,2024-07-01 14:30,Tan Son Nhat International Airport,SGN,2024-07-01 15:40,130,Malaysia Airlines,Business Class,130,,,193,Y,Y,Y,2,7,2,32,Monday,False,False,False,Tan Son Nhat International Airport,SGN
Kuala Lumpur International Airport,KUL,2024-07-01 17:35,Tan Son Nhat International Airport,SGN,2024-07-01 18:50,135,Malaysia Airlines,Business Class,135,,,193,Y,Y,Y,2,7,2,32,Monday,False,False,False,Tan Son Nhat International Airport,SGN
Kuala Lumpur International Airport,KUL,2024-07-01 20:30,Tan Son Nhat International Airport,SGN,2024-07-01 22:05,155,Vietnam Airlines,Business Class,155,,,319,Y,Y,Y,2,10,2,32,Monday,False,False,False,Tan Son Nhat International Airport,SGN
Kuala Lumpur International Airport,KUL,2024-07-01 13:20,Suvarnabhumi Airport,BKK,2024-07-01 14:30,130,THAI,Business Class,405,185.0,,557,Y,Y,Y,2,7,2,32,Monday,False,False,False,Tan Son Nhat International Airport,SGN
Kuala Lumpur International Airport,KUL,2024-07-01 20:55,Suvarnabhumi Airport,BKK,2024-07-01 22:05,130,THAI,Business Class,790,570.0,True,557,Y,Y,Y,2,7,2,32,Monday,False,False,False,Tan Son Nhat International Airport,SGN
Kuala Lumpur International Airport,KUL,2024-07-01 11:00,Singapore Changi Airport,SIN,2024-07-01 12:15,75,Singapore Airlines,Business Class,280,75.0,,770,Y,Y,Y,2,7,2,40,Monday,False,False,False,Tan Son Nhat International Airport,SGN
Kuala Lumpur International Airport,KUL,2024-07-01 21:45,Singapore Changi Airport,SIN,2024-07-01 22:55,70,Singapore Airlines,Business Class,850,650.0,True,770,Y,Y,Y,2,7,2,40,Monday,False,False,False,Tan Son Nhat International Airport,SGN
Kuala Lumpur International Airport,KUL,2024-07-01 21:10,Kunming Changshui International Airport,KMG,2024-07-02 01:15,245,China Eastern,Business Class,1320,900.0,True,1571,Y,Y,Y,1,8,2,32,Monday,True,False,False,Tan Son Nhat International Airport,SGN
Kuala Lumpur International Airport,KUL,2024-07-02 09:00,Tan Son Nhat International Airport,SGN,2024-07-02 10:00,120,Malaysia Airlines,Business Class,120,,,193,Y,Y,Y,2,7,2,32,Tuesday,False,False,False,Tan Son Nhat International Airport,SGN
Kuala Lumpur International Airport,KUL,2024-07-02 14:30,Tan Son Nhat International Airport,SGN,2024-07-02 15:40,130,Malaysia Airlines,Business Class,130,,,193,Y,Y,Y,2,7,2,32,Tuesday,False,False,False,Tan Son Nhat International Airport,SGN
Kuala Lumpur International Airport,KUL,2024-07-02 17:35,Tan Son Nhat International Airport,SGN,2024-07-02 18:50,135,Malaysia Airlines,Business Class,135,,,193,Y,Y,Y,2,7,2,32,Tuesday,False,False,False,Tan Son Nhat International Airport,SGN
Kuala Lumpur International Airport,KUL,2024-07-02 13:20,Suvarnabhumi Airport,BKK,2024-07-02 14:30,130,THAI,Business Class,405,185.0,,557,Y,Y,Y,2,7,2,32,Tuesday,False,False,False,Tan Son Nhat International Airport,SGN
Kuala Lumpur International Airport,KUL,2024-07-02 14:30,Singapore Changi Airport,SIN,2024-07-02 15:50,80,Singapore Airlines,Business Class,295,85.0,,770,Y,Y,Y,2,7,2,40,Tuesday,False,False,False,Tan Son Nhat International Airport,SGN
Kuala Lumpur International Airport,KUL,2024-07-02 20:55,Suvarnabhumi Airport,BKK,2024-07-02 22:05,130,THAI,Business Class,790,570.0,True,557,Y,Y,Y,2,7,2,32,Tuesday,False,False,False,Tan Son Nhat International Airport,SGN
Kuala Lumpur International Airport,KUL,2024-07-02 11:00,Singapore Changi Airport,SIN,2024-07-02 12:15,75,Singapore Airlines,Business Class,1495,1290.0,True,668,Y,Y,Y,2,7,2,40,Tuesday,False,False,False,Tan Son Nhat International Airport,SGN
Kuala Lumpur International Airport,KUL,2024-07-02 21:45,Singapore Changi Airport,SIN,2024-07-02 22:55,70,Singapore Airlines,Business Class,850,650.0,True,770,Y,Y,Y,2,7,2,40,Tuesday,False,False,False,Tan Son Nhat International Airport,SGN
Kuala Lumpur International Airport,KUL,2024-07-02 18:00,Guangzhou Baiyun International Airport,CAN,2024-07-02 22:30,270,China Southern,Business Class,1080,620.0,True,965,Y,Y,Y,1,8,2,32,Tuesday,False,False,False,Tan Son Nhat International Airport,SGN
Kuala Lumpur International Airport,KUL,2024-07-02 17:45,Hong Kong International Airport,HKG,2024-07-02 21:55,250,Cathay Pacific,Business Class,1475,1060.0,True,1013,Y,Y,Y,1,10,2,32,Tuesday,False,False,False,Tan Son Nhat International Airport,SGN
Kuala Lumpur International Airport,KUL,2024-07-03 09:00,Tan Son Nhat International Airport,SGN,2024-07-03 10:00,120,Malaysia Airlines,Business Class,120,,,193,Y,Y,Y,2,7,2,32,Wednesday,False,False,False,Tan Son Nhat International Airport,SGN
Kuala Lumpur International Airport,KUL,2024-07-03 14:30,Tan Son Nhat International Airport,SGN,2024-07-03 15:40,130,Malaysia Airlines,Business Class,130,,,193,Y,Y,Y,2,7,2,32,Wednesday,False,False,False,Tan Son Nhat International Airport,SGN
Kuala Lumpur International Airport,KUL,2024-07-03 17:35,Tan Son Nhat International Airport,SGN,2024-07-03 18:50,135,Malaysia Airlines,Business Class,135,,,193,Y,Y,Y,2,7,2,32,Wednesday,False,False,False,Tan Son Nhat International Airport,SGN
Kuala Lumpur International Airport,KUL,2024-07-03 20:30,Tan Son Nhat International Airport,SGN,2024-07-03 21:40,130,Vietnam Airlines,Business Class,130,,,289,Y,Y,Y,2,10,2,32,Wednesday,False,False,False,Tan Son Nhat International Airport,SGN
Kuala Lumpur International Airport,KUL,2024-07-03 20:55,Suvarnabhumi Airport,BKK,2024-07-03 22:05,130,THAI,Business Class,790,570.0,True,557,Y,Y,Y,2,7,2,32,Wednesday,False,False,False,Tan Son Nhat International Airport,SGN
Kuala Lumpur International Airport,KUL,2024-07-03 11:00,Singapore Changi Airport,SIN,2024-07-03 12:15,75,Singapore Airlines,Business Class,280,75.0,,770,Y,Y,Y,2,7,2,40,Wednesday,False,False,False,Tan Son Nhat International Airport,SGN
Kuala Lumpur International Airport,KUL,2024-07-03 20:40,Singapore Changi Airport,SIN,2024-07-03 21:50,70,Singapore Airlines,Business Class,915,715.0,True,770,Y,Y,Y,2,7,2,40,Wednesday,False,False,False,Tan Son Nhat International Airport,SGN
Kuala Lumpur International Airport,KUL,2024-07-03 21:45,Singapore Changi Airport,SIN,2024-07-03 22:55,70,Singapore Airlines,Business Class,850,650.0,True,948,Y,Y,Y,2,7,2,40,Wednesday,False,False,False,Tan Son Nhat International Airport,SGN
Kuala Lumpur International Airport,KUL,2024-07-04 09:00,Tan Son Nhat International Airport,SGN,2024-07-04 10:00,120,Malaysia Airlines,Business Class,120,,,193,Y,Y,Y,2,7,2,32,Thursday,False,False,False,Tan Son Nhat International Airport,SGN
Kuala Lumpur International Airport,KUL,2024-07-04 14:30,Tan Son Nhat International Airport,SGN,2024-07-04 15:40,130,Malaysia Airlines,Business Class,130,,,193,Y,Y,Y,2,7,2,32,Thursday,False,False,False,Tan Son Nhat International Airport,SGN
Kuala Lumpur International Airport,KUL,2024-07-04 17:35,Tan Son Nhat International Airport,SGN,2024-07-04 18:50,135,Malaysia Airlines,Business Class,135,,,193,Y,Y,Y,2,7,2,32,Thursday,False,False,False,Tan Son Nhat International Airport,SGN
Kuala Lumpur International Airport,KUL,2024-07-04 13:20,Suvarnabhumi Airport,BKK,2024-07-04 14:30,130,THAI,Business Class,405,185.0,,684,Y,Y,Y,2,7,2,32,Thursday,False,False,False,Tan Son Nhat International Airport,SGN
Kuala Lumpur International Airport,KUL,2024-07-04 20:55,Suvarnabhumi Airport,BKK,2024-07-04 22:05,130,THAI,Business Class,790,570.0,True,684,Y,Y,Y,2,7,2,32,Thursday,False,False,False,Tan Son Nhat International Airport,SGN
Kuala Lumpur International Airport,KUL,2024-07-04 11:00,Singapore Changi Airport,SIN,2024-07-04 12:15,75,Singapore Airlines,Business Class,1495,1290.0,True,693,Y,Y,Y,2,7,2,40,Thursday,False,False,False,Tan Son Nhat International Airport,SGN
Kuala Lumpur International Airport,KUL,2024-07-04 20:40,Singapore Changi Airport,SIN,2024-07-04 21:50,70,Singapore Airlines,Business Class,915,715.0,True,770,Y,Y,Y,2,7,2,40,Thursday,False,False,False,Tan Son Nhat International Airport,SGN
Kuala Lumpur International Airport,KUL,2024-07-04 14:30,Singapore Changi Airport,SIN,2024-07-04 15:50,80,Singapore Airlines,Business Class,295,85.0,,948,Y,Y,Y,2,7,2,40,Thursday,False,False,False,Tan Son Nhat International Airport,SGN
Kuala Lumpur International Airport,KUL,2024-07-04 21:45,Singapore Changi Airport,SIN,2024-07-04 22:55,70,Singapore Airlines,Business Class,850,650.0,True,948,Y,Y,Y,2,7,2,40,Thursday,False,False,False,Tan Son Nhat International Airport,SGN
Kuala Lumpur International Airport,KUL,2024-07-04 18:00,Guangzhou Baiyun International Airport,CAN,2024-07-04 22:30,270,China Southern,Business Class,1080,620.0,True,965,Y,Y,Y,1,8,2,32,Thursday,False,False,False,Tan Son Nhat International Airport,SGN
Kuala Lumpur International Airport,KUL,2024-07-04 17:45,Hong Kong International Airport,HKG,2024-07-04 21:55,250,Cathay Pacific,Business Class,1060,645.0,True,1013,Y,Y,Y,1,10,2,32,Thursday,False,False,False,Tan Son Nhat International Airport,SGN
Kuala Lumpur International Airport,KUL,2024-07-05 09:00,Tan Son Nhat International Airport,SGN,2024-07-05 10:00,120,Malaysia Airlines,Business Class,120,,,193,Y,Y,Y,2,7,2,32,Friday,False,False,False,Tan Son Nhat International Airport,SGN
Kuala Lumpur International Airport,KUL,2024-07-05 14:30,Tan Son Nhat International Airport,SGN,2024-07-05 15:40,130,Malaysia Airlines,Business Class,130,,,193,Y,Y,Y,2,7,2,32,Friday,False,False,False,Tan Son Nhat International Airport,SGN
Kuala Lumpur International Airport,KUL,2024-07-05 20:30,Tan Son Nhat International Airport,SGN,2024-07-05 22:05,155,Vietnam Airlines,Business Class,155,,,356,Y,Y,Y,2,10,2,32,Friday,False,False,False,Tan Son Nhat International Airport,SGN
Kuala Lumpur International Airport,KUL,2024-07-05 20:55,Suvarnabhumi Airport,BKK,2024-07-05 22:05,130,THAI,Business Class,790,570.0,True,557,Y,Y,Y,2,7,2,32,Friday,False,False,False,Tan Son Nhat International Airport,SGN
Kuala Lumpur International Airport,KUL,2024-07-05 10:25,Singapore Changi Airport,SIN,2024-07-05 11:35,70,Singapore Airlines,Business Class,315,115.0,,770,Y,Y,Y,2,7,2,40,Friday,False,False,False,Tan Son Nhat International Airport,SGN
Kuala Lumpur International Airport,KUL,2024-07-05 11:00,Singapore Changi Airport,SIN,2024-07-05 12:15,75,Singapore Airlines,Business Class,280,75.0,,840,Y,Y,Y,2,7,2,40,Friday,False,False,False,Tan Son Nhat International Airport,SGN
Kuala Lumpur International Airport,KUL,2024-07-05 20:40,Singapore Changi Airport,SIN,2024-07-05 21:50,70,Singapore Airlines,Business Class,915,715.0,True,840,Y,Y,Y,2,7,2,40,Friday,False,False,False,Tan Son Nhat International Airport,SGN
Kuala Lumpur International Airport,KUL,2024-07-05 21:45,Singapore Changi Airport,SIN,2024-07-05 22:55,70,Singapore Airlines,Business Class,850,650.0,True,948,Y,Y,Y,2,7,2,40,Friday,False,False,False,Tan Son Nhat International Airport,SGN
Kuala Lumpur International Airport,KUL,2024-07-06 09:00,Tan Son Nhat International Airport,SGN,2024-07-06 10:00,120,Malaysia Airlines,Business Class,120,,,193,Y,Y,Y,2,7,2,32,Saturday,False,False,False,Tan Son Nhat International Airport,SGN
Kuala Lumpur International Airport,KUL,2024-07-06 14:30,Tan Son Nhat International Airport,SGN,2024-07-06 15:40,130,Malaysia Airlines,Business Class,130,,,193,Y,Y,Y,2,7,2,32,Saturday,False,False,False,Tan Son Nhat International Airport,SGN
Kuala Lumpur International Airport,KUL,2024-07-06 17:35,Tan Son Nhat International Airport,SGN,2024-07-06 18:50,135,Malaysia Airlines,Business Class,135,,,193,Y,Y,Y,2,7,2,32,Saturday,False,False,False,Tan Son Nhat International Airport,SGN
Kuala Lumpur International Airport,KUL,2024-07-06 20:30,Tan Son Nhat International Airport,SGN,2024-07-06 21:40,130,Vietnam Airlines,Business Class,130,,,241,Y,Y,Y,2,10,2,32,Saturday,False,False,False,Tan Son Nhat International Airport,SGN
Kuala Lumpur International Airport,KUL,2024-07-06 20:55,Suvarnabhumi Airport,BKK,2024-07-06 22:05,130,THAI,Business Class,790,570.0,True,557,Y,Y,Y,2,7,2,32,Saturday,False,False,False,Tan Son Nhat International Airport,SGN
Kuala Lumpur International Airport,KUL,2024-07-06 21:00,Singapore Changi Airport,SIN,2024-07-06 22:15,75,Singapore Airlines,Business Class,895,690.0,True,840,Y,Y,Y,2,7,2,40,Saturday,False,False,False,Tan Son Nhat International Airport,SGN
Kuala Lumpur International Airport,KUL,2024-07-06 10:25,Singapore Changi Airport,SIN,2024-07-06 11:35,70,Singapore Airlines,Business Class,280,80.0,,948,Y,Y,Y,2,7,2,40,Saturday,False,False,False,Tan Son Nhat International Airport,SGN
Kuala Lumpur International Airport,KUL,2024-07-06 21:45,Singapore Changi Airport,SIN,2024-07-06 22:55,70,Singapore Airlines,Economy,1300,1100.0,True,2101,Y,Y,Y,2,7,2,40,Saturday,False,False,False,Tan Son Nhat International Airport,SGN
Kuala Lumpur International Airport,KUL,2024-07-07 14:30,Tan Son Nhat International Airport,SGN,2024-07-07 15:40,130,Malaysia Airlines,Business Class,130,,,193,Y,Y,Y,2,7,2,32,Sunday,False,True,False,Tan Son Nhat International Airport,SGN
Kuala Lumpur International Airport,KUL,2024-07-07 17:35,Tan Son Nhat International Airport,SGN,2024-07-07 18:50,135,Malaysia Airlines,Business Class,135,,,193,Y,Y,Y,2,7,2,32,Sunday,False,True,False,Tan Son Nhat International Airport,SGN
Kuala Lumpur International Airport,KUL,2024-07-07 13:20,Suvarnabhumi Airport,BKK,2024-07-07 14:30,130,THAI,Business Class,405,185.0,,557,Y,Y,Y,2,7,2,32,Sunday,False,True,False,Tan Son Nhat International Airport,SGN
Kuala Lumpur International Airport,KUL,2024-07-07 11:00,Singapore Changi Airport,SIN,2024-07-07 12:15,75,Singapore Airlines,Business Class,280,75.0,,840,Y,Y,Y,2,7,2,40,Sunday,False,True,False,Tan Son Nhat International Airport,SGN
Kuala Lumpur International Airport,KUL,2024-07-07 20:55,Suvarnabhumi Airport,BKK,2024-07-07 22:05,130,THAI,Business Class,790,570.0,True,557,Y,Y,Y,2,7,2,32,Sunday,False,True,False,Tan Son Nhat International Airport,SGN
Kuala Lumpur International Airport,KUL,2024-07-07 16:35,Singapore Changi Airport,SIN,2024-07-07 18:00,85,Singapore Airlines,Business Class,1610,1395.0,True,693,Y,Y,Y,2,7,2,40,Sunday,False,True,False,Tan Son Nhat International Airport,SGN
Kuala Lumpur International Airport,KUL,2024-07-07 02:20,Guangzhou Baiyun International Airport,CAN,2024-07-07 06:25,245,China Southern,Business Class,805,380.0,,710,Y,Y,Y,1,8,2,32,Sunday,False,True,False,Tan Son Nhat International Airport,SGN
Kuala Lumpur International Airport,KUL,2024-07-07 20:40,Singapore Changi Airport,SIN,2024-07-07 21:50,70,Singapore Airlines,Business Class,915,715.0,True,770,Y,Y,Y,2,7,2,40,Sunday,False,True,False,Tan Son Nhat International Airport,SGN
Kuala Lumpur International Airport,KUL,2024-07-07 02:20,Guangzhou Baiyun International Airport,CAN,2024-07-07 06:25,245,China Southern,Business Class,580,145.0,,965,Y,Y,Y,1,8,2,32,Sunday,False,True,False,Tan Son Nhat International Airport,SGN
Kuala Lumpur International Airport,KUL,2024-07-07 02:10,Ninoy Aquino International Airport,MNL,2024-07-07 06:05,235,Philippine Airlines,Business Class,800,405.0,,1184,Y,Y,Y,1,7,1,32,Sunday,False,True,False,Tan Son Nhat International Airport,SGN
Kuala Lumpur International Airport,KUL,2024-07-08 14:30,Tan Son Nhat International Airport,SGN,2024-07-08 15:40,130,Malaysia Airlines,Business Class,130,,,193,Y,Y,Y,2,7,2,32,Monday,False,True,False,Tan Son Nhat International Airport,SGN
Kuala Lumpur International Airport,KUL,2024-07-08 17:35,Tan Son Nhat International Airport,SGN,2024-07-08 18:50,135,Malaysia Airlines,Business Class,135,,,193,Y,Y,Y,2,7,2,32,Monday,False,True,False,Tan Son Nhat International Airport,SGN
Kuala Lumpur International Airport,KUL,2024-07-08 20:30,Tan Son Nhat International Airport,SGN,2024-07-08 22:05,155,Vietnam Airlines,Business Class,155,,,241,Y,Y,Y,2,10,2,32,Monday,False,True,False,Tan Son Nhat International Airport,SGN
Kuala Lumpur International Airport,KUL,2024-07-08 09:00,Tan Son Nhat International Airport,SGN,2024-07-08 10:00,120,Malaysia Airlines,Business Class,120,,,392,Y,Y,Y,2,7,2,32,Monday,False,True,False,Tan Son Nhat International Airport,SGN
Kuala Lumpur International Airport,KUL,2024-07-08 13:20,Suvarnabhumi Airport,BKK,2024-07-08 14:30,130,THAI,Business Class,405,185.0,,557,Y,Y,Y,2,7,2,32,Monday,False,True,False,Tan Son Nhat International Airport,SGN
Kuala Lumpur International Airport,KUL,2024-07-08 20:55,Suvarnabhumi Airport,BKK,2024-07-08 22:05,130,THAI,Business Class,790,570.0,True,557,Y,Y,Y,2,7,2,32,Monday,False,True,False,Tan Son Nhat International Airport,SGN
Kuala Lumpur International Airport,KUL,2024-07-08 21:45,Singapore Changi Airport,SIN,2024-07-08 22:55,70,Singapore Airlines,Business Class,850,650.0,True,693,Y,Y,Y,2,7,2,40,Monday,False,True,False,Tan Son Nhat International Airport,SGN
Kuala Lumpur International Airport,KUL,2024-07-08 14:30,Singapore Changi Airport,SIN,2024-07-08 15:50,80,Singapore Airlines,Business Class,295,85.0,,840,Y,Y,Y,2,7,2,40,Monday,False,True,False,Tan Son Nhat International Airport,SGN
Kuala Lumpur International Airport,KUL,2024-07-08 21:10,Kunming Changshui International Airport,KMG,2024-07-09 01:15,245,China Eastern,Business Class,1320,900.0,True,1471,Y,Y,Y,1,8,2,32,Monday,True,True,False,Tan Son Nhat International Airport,SGN
Kuala Lumpur International Airport,KUL,2024-07-09 09:00,Tan Son Nhat International Airport,SGN,2024-07-09 10:00,120,Malaysia Airlines,Business Class,120,,,193,Y,Y,Y,2,7,2,32,Tuesday,False,False,False,Tan Son Nhat International Airport,SGN
Kuala Lumpur International Airport,KUL,2024-07-09 14:30,Tan Son Nhat International Airport,SGN,2024-07-09 15:40,130,Malaysia Airlines,Business Class,130,,,193,Y,Y,Y,2,7,2,32,Tuesday,False,False,False,Tan Son Nhat International Airport,SGN
Kuala Lumpur International Airport,KUL,2024-07-09 17:35,Tan Son Nhat International Airport,SGN,2024-07-09 18:50,135,Malaysia Airlines,Business Class,135,,,193,Y,Y,Y,2,7,2,32,Tuesday,False,False,False,Tan Son Nhat International Airport,SGN
Kuala Lumpur International Airport,KUL,2024-07-09 13:20,Suvarnabhumi Airport,BKK,2024-07-09 14:30,130,THAI,Business Class,405,185.0,,557,Y,Y,Y,2,7,2,32,Tuesday,False,False,False,Tan Son Nhat International Airport,SGN
Kuala Lumpur International Airport,KUL,2024-07-09 20:55,Suvarnabhumi Airport,BKK,2024-07-09 22:05,130,THAI,Business Class,1390,1170.0,True,590,Y,Y,Y,2,7,2,32,Tuesday,False,False,False,Tan Son Nhat International Airport,SGN
Kuala Lumpur International Airport,KUL,2024-07-09 18:40,Singapore Changi Airport,SIN,2024-07-09 19:50,70,Singapore Airlines,Business Class,1260,1060.0,True,668,Y,Y,Y,2,7,2,40,Tuesday,False,False,False,Tan Son Nhat International Airport,SGN
Kuala Lumpur International Airport,KUL,2024-07-09 21:45,Singapore Changi Airport,SIN,2024-07-09 22:55,70,Singapore Airlines,Business Class,1300,1100.0,True,668,Y,Y,Y,2,7,2,40,Tuesday,False,False,False,Tan Son Nhat International Airport,SGN
Kuala Lumpur International Airport,KUL,2024-07-09 20:55,Suvarnabhumi Airport,BKK,2024-07-09 22:05,130,THAI,Business Class,790,570.0,True,684,Y,Y,Y,2,7,2,32,Tuesday,False,False,False,Tan Son Nhat International Airport,SGN
Kuala Lumpur International Airport,KUL,2024-07-09 21:45,Singapore Changi Airport,SIN,2024-07-09 22:55,70,Singapore Airlines,Business Class,850,650.0,True,770,Y,Y,Y,2,7,2,40,Tuesday,False,False,False,Tan Son Nhat International Airport,SGN
Kuala Lumpur International Airport,KUL,2024-07-09 14:30,Singapore Changi Airport,SIN,2024-07-09 15:50,80,Singapore Airlines,Business Class,295,85.0,,948,Y,Y,Y,2,7,2,40,Tuesday,False,False,False,Tan Son Nhat International Airport,SGN
Kuala Lumpur International Airport,KUL,2024-07-10 14:30,Tan Son Nhat International Airport,SGN,2024-07-10 15:40,130,Malaysia Airlines,Business Class,130,,,193,Y,Y,Y,2,7,2,32,Wednesday,False,False,False,Tan Son Nhat International Airport,SGN
Kuala Lumpur International Airport,KUL,2024-07-10 17:35,Tan Son Nhat International Airport,SGN,2024-07-10 18:50,135,Malaysia Airlines,Business Class,135,,,193,Y,Y,Y,2,7,2,32,Wednesday,False,False,False,Tan Son Nhat International Airport,SGN
Kuala Lumpur International Airport,KUL,2024-07-10 20:30,Tan Son Nhat International Airport,SGN,2024-07-10 21:40,130,Vietnam Airlines,Business Class,130,,,241,Y,Y,Y,2,10,2,32,Wednesday,False,False,False,Tan Son Nhat International Airport,SGN
Kuala Lumpur International Airport,KUL,2024-07-10 09:00,Tan Son Nhat International Airport,SGN,2024-07-10 10:00,120,Malaysia Airlines,Business Class,120,,,329,Y,Y,Y,2,7,2,32,Wednesday,False,False,False,Tan Son Nhat International Airport,SGN
Kuala Lumpur International Airport,KUL,2024-07-10 11:00,Singapore Changi Airport,SIN,2024-07-10 12:15,75,Singapore Airlines,Business Class,280,75.0,,770,Y,Y,Y,2,7,2,40,Wednesday,False,False,False,Tan Son Nhat International Airport,SGN
Kuala Lumpur International Airport,KUL,2024-07-10 20:55,Suvarnabhumi Airport,BKK,2024-07-10 22:05,130,THAI,Business Class,790,570.0,True,557,Y,Y,Y,2,7,2,32,Wednesday,False,False,False,Tan Son Nhat International Airport,SGN
Kuala Lumpur International Airport,KUL,2024-07-10 21:45,Singapore Changi Airport,SIN,2024-07-10 22:55,70,Singapore Airlines,Business Class,850,650.0,True,770,Y,Y,Y,2,7,2,40,Wednesday,False,False,False,Tan Son Nhat International Airport,SGN
Kuala Lumpur International Airport,KUL,2024-07-10 21:15,Brunei International Airport,BWN,2024-07-10 23:40,145,Royal Brunei,Business Class,1030,770.0,True,1644,Y,Y,Y,2,7,1,40,Wednesday,False,False,False,Tan Son Nhat International Airport,SGN
Kuala Lumpur International Airport,KUL,2024-07-11 09:00,Tan Son Nhat International Airport,SGN,2024-07-11 10:00,120,Malaysia Airlines,Business Class,120,,,193,Y,Y,Y,2,7,2,32,Thursday,False,False,False,Tan Son Nhat International Airport,SGN
Kuala Lumpur International Airport,KUL,2024-07-11 14:30,Tan Son Nhat International Airport,SGN,2024-07-11 15:40,130,Malaysia Airlines,Business Class,130,,,193,Y,Y,Y,2,7,2,32,Thursday,False,False,False,Tan Son Nhat International Airport,SGN
Kuala Lumpur International Airport,KUL,2024-07-11 17:35,Tan Son Nhat International Airport,SGN,2024-07-11 18:50,135,Malaysia Airlines,Business Class,135,,,193,Y,Y,Y,2,7,2,32,Thursday,False,False,False,Tan Son Nhat International Airport,SGN
Kuala Lumpur International Airport,KUL,2024-07-11 13:20,Suvarnabhumi Airport,BKK,2024-07-11 14:30,130,THAI,Business Class,405,185.0,,557,Y,Y,Y,2,7,2,32,Thursday,False,False,False,Tan Son Nhat International Airport,SGN
Kuala Lumpur International Airport,KUL,2024-07-11 20:55,Suvarnabhumi Airport,BKK,2024-07-11 22:05,130,THAI,Business Class,790,570.0,True,557,Y,Y,Y,2,7,2,32,Thursday,False,False,False,Tan Son Nhat International Airport,SGN
Kuala Lumpur International Airport,KUL,2024-07-11 11:00,Singapore Changi Airport,SIN,2024-07-11 12:15,75,Singapore Airlines,Business Class,505,300.0,,770,Y,Y,Y,2,7,2,40,Thursday,False,False,False,Tan Son Nhat International Airport,SGN
Kuala Lumpur International Airport,KUL,2024-07-11 18:40,Singapore Changi Airport,SIN,2024-07-11 19:50,70,Singapore Airlines,Business Class,1485,1285.0,True,770,Y,Y,Y,2,7,2,40,Thursday,False,False,False,Tan Son Nhat International Airport,SGN
Kuala Lumpur International Airport,KUL,2024-07-11 20:40,Singapore Changi Airport,SIN,2024-07-11 21:50,70,Singapore Airlines,Business Class,915,715.0,True,840,Y,Y,Y,2,7,2,40,Thursday,False,False,False,Tan Son Nhat International Airport,SGN
Kuala Lumpur International Airport,KUL,2024-07-11 14:30,Singapore Changi Airport,SIN,2024-07-11 15:50,80,Singapore Airlines,Business Class,295,85.0,,948,Y,Y,Y,2,7,2,40,Thursday,False,False,False,Tan Son Nhat International Airport,SGN
Kuala Lumpur International Airport,KUL,2024-07-11 21:45,Singapore Changi Airport,SIN,2024-07-11 22:55,70,Singapore Airlines,Business Class,850,650.0,True,948,Y,Y,Y,2,7,2,40,Thursday,False,False,False,Tan Son Nhat International Airport,SGN
Kuala Lumpur International Airport,KUL,2024-07-11 18:00,Guangzhou Baiyun International Airport,CAN,2024-07-11 22:30,270,China Southern,Business Class,1080,620.0,True,965,Y,Y,Y,1,8,2,32,Thursday,False,False,False,Tan Son Nhat International Airport,SGN
Kuala Lumpur International Airport,KUL,2024-07-12 09:00,Tan Son Nhat International Airport,SGN,2024-07-12 10:00,120,Malaysia Airlines,Business Class,120,,,193,Y,Y,Y,2,7,2,32,Friday,False,False,False,Tan Son Nhat International Airport,SGN
Kuala Lumpur International Airport,KUL,2024-07-12 14:30,Tan Son Nhat International Airport,SGN,2024-07-12 15:40,130,Malaysia Airlines,Business Class,130,,,193,Y,Y,Y,2,7,2,32,Friday,False,False,False,Tan Son Nhat International Airport,SGN
Kuala Lumpur International Airport,KUL,2024-07-12 17:35,Tan Son Nhat International Airport,SGN,2024-07-12 18:50,135,Malaysia Airlines,Business Class,135,,,193,Y,Y,Y,2,7,2,32,Friday,False,False,False,Tan Son Nhat International Airport,SGN
Kuala Lumpur International Airport,KUL,2024-07-12 20:30,Tan Son Nhat International Airport,SGN,2024-07-12 22:05,155,Vietnam Airlines,Business Class,155,,,241,Y,Y,Y,2,10,2,32,Friday,False,False,False,Tan Son Nhat International Airport,SGN
Kuala Lumpur International Airport,KUL,2024-07-12 20:55,Suvarnabhumi Airport,BKK,2024-07-12 22:05,130,THAI,Business Class,790,570.0,True,557,Y,Y,Y,2,7,2,32,Friday,False,False,False,Tan Son Nhat International Airport,SGN
Kuala Lumpur International Airport,KUL,2024-07-12 21:45,Singapore Changi Airport,SIN,2024-07-12 22:55,70,Singapore Airlines,Business Class,850,650.0,True,770,Y,Y,Y,2,7,2,40,Friday,False,False,False,Tan Son Nhat International Airport,SGN
Kuala Lumpur International Airport,KUL,2024-07-12 11:00,Singapore Changi Airport,SIN,2024-07-12 12:15,75,Singapore Airlines,Business Class,280,75.0,,948,Y,Y,Y,2,7,2,40,Friday,False,False,False,Tan Son Nhat International Airport,SGN
Kuala Lumpur International Airport,KUL,2024-07-12 21:10,Kunming Changshui International Airport,KMG,2024-07-13 01:15,245,China Eastern,Business Class,1320,900.0,True,1471,Y,Y,Y,1,8,2,32,Friday,True,False,False,Tan Son Nhat International Airport,SGN
Kuala Lumpur International Airport,KUL,2024-07-13 09:00,Tan Son Nhat International Airport,SGN,2024-07-13 10:00,120,Malaysia Airlines,Business Class,120,,,193,Y,Y,Y,2,7,2,32,Saturday,False,False,False,Tan Son Nhat International Airport,SGN
Kuala Lumpur International Airport,KUL,2024-07-13 14:30,Tan Son Nhat International Airport,SGN,2024-07-13 15:40,130,Malaysia Airlines,Business Class,130,,,193,Y,Y,Y,2,7,2,32,Saturday,False,False,False,Tan Son Nhat International Airport,SGN
Kuala Lumpur International Airport,KUL,2024-07-13 17:35,Tan Son Nhat International Airport,SGN,2024-07-13 18:50,135,Malaysia Airlines,Business Class,135,,,193,Y,Y,Y,2,7,2,32,Saturday,False,False,False,Tan Son Nhat International Airport,SGN
Kuala Lumpur International Airport,KUL,2024-07-13 20:30,Tan Son Nhat International Airport,SGN,2024-07-13 21:40,130,Vietnam Airlines,Business Class,130,,,319,Y,Y,Y,2,10,2,32,Saturday,False,False,False,Tan Son Nhat International Airport,SGN
Kuala Lumpur International Airport,KUL,2024-07-13 20:55,Suvarnabhumi Airport,BKK,2024-07-13 22:05,130,THAI,Business Class,790,570.0,True,557,Y,Y,Y,2,7,2,32,Saturday,False,False,False,Tan Son Nhat International Airport,SGN
Kuala Lumpur International Airport,KUL,2024-07-13 21:45,Singapore Changi Airport,SIN,2024-07-13 22:55,70,Singapore Airlines,Business Class,1300,1100.0,True,668,Y,Y,Y,2,7,2,40,Saturday,False,False,False,Tan Son Nhat International Airport,SGN
Kuala Lumpur International Airport,KUL,2024-07-13 10:25,Singapore Changi Airport,SIN,2024-07-13 11:35,70,Singapore Airlines,Business Class,280,80.0,,770,Y,Y,Y,2,7,2,40,Saturday,False,False,False,Tan Son Nhat International Airport,SGN
Kuala Lumpur International Airport,KUL,2024-07-13 21:45,Singapore Changi Airport,SIN,2024-07-13 22:55,70,Singapore Airlines,Business Class,850,650.0,True,770,Y,Y,Y,2,7,2,40,Saturday,False,False,False,Tan Son Nhat International Airport,SGN
Kuala Lumpur International Airport,KUL,2024-07-14 14:30,Tan Son Nhat International Airport,SGN,2024-07-14 15:40,130,Malaysia Airlines,Business Class,130,,,193,Y,Y,Y,2,7,2,32,Sunday,False,False,False,Tan Son Nhat International Airport,SGN
Kuala Lumpur International Airport,KUL,2024-07-14 17:35,Tan Son Nhat International Airport,SGN,2024-07-14 18:50,135,Malaysia Airlines,Business Class,135,,,193,Y,Y,Y,2,7,2,32,Sunday,False,False,False,Tan Son Nhat International Airport,SGN
Kuala Lumpur International Airport,KUL,2024-07-14 13:20,Suvarnabhumi Airport,BKK,2024-07-14 14:30,130,THAI,Business Class,405,185.0,,557,Y,Y,Y,2,7,2,32,Sunday,False,False,False,Tan Son Nhat International Airport,SGN
Kuala Lumpur International Airport,KUL,2024-07-14 10:25,Singapore Changi Airport,SIN,2024-07-14 11:35,70,Singapore Airlines,Business Class,315,115.0,,770,Y,Y,Y,2,7,2,40,Sunday,False,False,False,Tan Son Nhat International Airport,SGN
Kuala Lumpur International Airport,KUL,2024-07-14 11:00,Singapore Changi Airport,SIN,2024-07-14 12:15,75,Singapore Airlines,Business Class,280,75.0,,840,Y,Y,Y,2,7,2,40,Sunday,False,False,False,Tan Son Nhat International Airport,SGN
Kuala Lumpur International Airport,KUL,2024-07-14 20:55,Suvarnabhumi Airport,BKK,2024-07-14 22:05,130,THAI,Business Class,790,570.0,True,557,Y,Y,Y,2,7,2,32,Sunday,False,False,False,Tan Son Nhat International Airport,SGN
Kuala Lumpur International Airport,KUL,2024-07-14 20:40,Singapore Changi Airport,SIN,2024-07-14 21:50,70,Singapore Airlines,Business Class,1365,1165.0,True,693,Y,Y,Y,2,7,2,40,Sunday,False,False,False,Tan Son Nhat International Airport,SGN
Kuala Lumpur International Airport,KUL,2024-07-14 21:45,Singapore Changi Airport,SIN,2024-07-14 22:55,70,Singapore Airlines,Business Class,1075,875.0,True,770,Y,Y,Y,2,7,2,40,Sunday,False,False,False,Tan Son Nhat International Airport,SGN
Kuala Lumpur International Airport,KUL,2024-07-14 21:45,Singapore Changi Airport,SIN,2024-07-14 22:55,70,Singapore Airlines,Business Class,850,650.0,True,840,Y,Y,Y,2,7,2,40,Sunday,False,False,False,Tan Son Nhat International Airport,SGN
Kuala Lumpur International Airport,KUL,2024-07-15 14:30,Tan Son Nhat International Airport,SGN,2024-07-15 15:40,130,Malaysia Airlines,Business Class,130,,,193,Y,Y,Y,2,7,2,32,Monday,False,False,False,Tan Son Nhat International Airport,SGN
Kuala Lumpur International Airport,KUL,2024-07-15 17:35,Tan Son Nhat International Airport,SGN,2024-07-15 18:50,135,Malaysia Airlines,Business Class,135,,,193,Y,Y,Y,2,7,2,32,Monday,False,False,False,Tan Son Nhat International Airport,SGN
Kuala Lumpur International Airport,KUL,2024-07-15 09:00,Tan Son Nhat International Airport,SGN,2024-07-15 10:00,120,Malaysia Airlines,Business Class,120,,,329,Y,Y,Y,2,7,2,32,Monday,False,False,False,Tan Son Nhat International Airport,SGN
Kuala Lumpur International Airport,KUL,2024-07-15 20:30,Tan Son Nhat International Airport,SGN,2024-07-15 22:05,155,Vietnam Airlines,Business Class,155,,,356,Y,Y,Y,2,10,2,32,Monday,False,False,False,Tan Son Nhat International Airport,SGN
Kuala Lumpur International Airport,KUL,2024-07-15 13:20,Suvarnabhumi Airport,BKK,2024-07-15 14:30,130,THAI,Business Class,405,185.0,,557,Y,Y,Y,2,7,2,32,Monday,False,False,False,Tan Son Nhat International Airport,SGN
Kuala Lumpur International Airport,KUL,2024-07-15 20:55,Suvarnabhumi Airport,BKK,2024-07-15 22:05,130,THAI,Business Class,790,570.0,True,557,Y,Y,Y,2,7,2,32,Monday,False,False,False,Tan Son Nhat International Airport,SGN
Kuala Lumpur International Airport,KUL,2024-07-15 21:45,Singapore Changi Airport,SIN,2024-07-15 22:55,70,Singapore Airlines,Business Class,850,650.0,True,693,Y,Y,Y,2,7,2,40,Monday,False,False,False,Tan Son Nhat International Airport,SGN
Kuala Lumpur International Airport,KUL,2024-07-15 10:25,Singapore Changi Airport,SIN,2024-07-15 11:35,70,Singapore Airlines,Business Class,315,115.0,,770,Y,Y,Y,2,7,2,40,Monday,False,False,False,Tan Son Nhat International Airport,SGN
Kuala Lumpur International Airport,KUL,2024-07-15 11:00,Singapore Changi Airport,SIN,2024-07-15 12:15,75,Singapore Airlines,Business Class,280,75.0,,840,Y,Y,Y,2,7,2,40,Monday,False,False,False,Tan Son Nhat International Airport,SGN
Kuala Lumpur International Airport,KUL,2024-07-16 09:00,Tan Son Nhat International Airport,SGN,2024-07-16 10:00,120,Malaysia Airlines,Business Class,120,,,193,Y,Y,Y,2,7,2,32,Tuesday,False,False,False,Tan Son Nhat International Airport,SGN
Kuala Lumpur International Airport,KUL,2024-07-16 14:30,Tan Son Nhat International Airport,SGN,2024-07-16 15:40,130,Malaysia Airlines,Business Class,130,,,193,Y,Y,Y,2,7,2,32,Tuesday,False,False,False,Tan Son Nhat International Airport,SGN
Kuala Lumpur International Airport,KUL,2024-07-16 17:35,Tan Son Nhat International Airport,SGN,2024-07-16 18:50,135,Malaysia Airlines,Business Class,135,,,193,Y,Y,Y,2,7,2,32,Tuesday,False,False,False,Tan Son Nhat International Airport,SGN
Kuala Lumpur International Airport,KUL,2024-07-16 13:20,Suvarnabhumi Airport,BKK,2024-07-16 14:30,130,THAI,Business Class,405,185.0,,557,Y,Y,Y,2,7,2,32,Tuesday,False,False,False,Tan Son Nhat International Airport,SGN
Kuala Lumpur International Airport,KUL,2024-07-16 14:30,Singapore Changi Airport,SIN,2024-07-16 15:50,80,Singapore Airlines,Business Class,295,85.0,,693,Y,Y,Y,2,7,2,40,Tuesday,False,False,False,Tan Son Nhat International Airport,SGN
Kuala Lumpur International Airport,KUL,2024-07-16 20:55,Suvarnabhumi Airport,BKK,2024-07-16 22:05,130,THAI,Business Class,790,570.0,True,557,Y,Y,Y,2,7,2,32,Tuesday,False,False,False,Tan Son Nhat International Airport,SGN
Kuala Lumpur International Airport,KUL,2024-07-16 20:40,Singapore Changi Airport,SIN,2024-07-16 21:50,70,Singapore Airlines,Business Class,1365,1165.0,True,668,Y,Y,Y,2,7,2,40,Tuesday,False,False,False,Tan Son Nhat International Airport,SGN
Kuala Lumpur International Airport,KUL,2024-07-16 20:40,Singapore Changi Airport,SIN,2024-07-16 21:50,70,Singapore Airlines,Business Class,915,715.0,True,693,Y,Y,Y,2,7,2,40,Tuesday,False,False,False,Tan Son Nhat International Airport,SGN
Kuala Lumpur International Airport,KUL,2024-07-16 17:45,Hong Kong International Airport,HKG,2024-07-16 21:55,250,Cathay Pacific,Business Class,1475,1060.0,True,1013,Y,Y,Y,1,10,2,32,Tuesday,False,False,False,Tan Son Nhat International Airport,SGN
Kuala Lumpur International Airport,KUL,2024-07-16 17:45,Hong Kong International Airport,HKG,2024-07-16 21:55,250,Cathay Pacific,Business Class,1060,645.0,True,1151,Y,Y,Y,1,10,2,32,Tuesday,False,False,False,Tan Son Nhat International Airport,SGN
Kuala Lumpur International Airport,KUL,2024-07-17 09:00,Tan Son Nhat International Airport,SGN,2024-07-17 10:00,120,Malaysia Airlines,Business Class,120,,,193,Y,Y,Y,2,7,2,32,Wednesday,False,False,False,Tan Son Nhat International Airport,SGN
Kuala Lumpur International Airport,KUL,2024-07-17 14:30,Tan Son Nhat International Airport,SGN,2024-07-17 15:40,130,Malaysia Airlines,Business Class,130,,,193,Y,Y,Y,2,7,2,32,Wednesday,False,False,False,Tan Son Nhat International Airport,SGN
Kuala Lumpur International Airport,KUL,2024-07-17 17:35,Tan Son Nhat International Airport,SGN,2024-07-17 18:50,135,Malaysia Airlines,Business Class,135,,,193,Y,Y,Y,2,7,2,32,Wednesday,False,False,False,Tan Son Nhat International Airport,SGN
Kuala Lumpur International Airport,KUL,2024-07-17 20:30,Tan Son Nhat International Airport,SGN,2024-07-17 21:40,130,Vietnam Airlines,Business Class,130,,,319,Y,Y,Y,2,10,2,32,Wednesday,False,False,False,Tan Son Nhat International Airport,SGN
Kuala Lumpur International Airport,KUL,2024-07-17 13:20,Suvarnabhumi Airport,BKK,2024-07-17 14:30,130,THAI,Business Class,405,185.0,,557,Y,Y,Y,2,7,2,32,Wednesday,False,False,False,Tan Son Nhat International Airport,SGN
Kuala Lumpur International Airport,KUL,2024-07-17 20:55,Suvarnabhumi Airport,BKK,2024-07-17 22:05,130,THAI,Business Class,790,570.0,True,557,Y,Y,Y,2,7,2,32,Wednesday,False,False,False,Tan Son Nhat International Airport,SGN
Kuala Lumpur International Airport,KUL,2024-07-17 20:40,Singapore Changi Airport,SIN,2024-07-17 21:50,70,Singapore Airlines,Business Class,915,715.0,True,770,Y,Y,Y,2,7,2,40,Wednesday,False,False,False,Tan Son Nhat International Airport,SGN
Kuala Lumpur International Airport,KUL,2024-07-17 11:00,Singapore Changi Airport,SIN,2024-07-17 12:15,75,Singapore Airlines,Business Class,280,75.0,,840,Y,Y,Y,2,7,2,40,Wednesday,False,False,False,Tan Son Nhat International Airport,SGN
Kuala Lumpur International Airport,KUL,2024-07-17 21:45,Singapore Changi Airport,SIN,2024-07-17 22:55,70,Singapore Airlines,Business Class,850,650.0,True,948,Y,Y,Y,2,7,2,40,Wednesday,False,False,False,Tan Son Nhat International Airport,SGN
Kuala Lumpur International Airport,KUL,2024-07-18 09:00,Tan Son Nhat International Airport,SGN,2024-07-18 10:00,120,Malaysia Airlines,Business Class,120,,,193,Y,Y,Y,2,7,2,32,Thursday,False,False,False,Tan Son Nhat International Airport,SGN
Kuala Lumpur International Airport,KUL,2024-07-18 14:30,Tan Son Nhat International Airport,SGN,2024-07-18 15:40,130,Malaysia Airlines,Business Class,130,,,193,Y,Y,Y,2,7,2,32,Thursday,False,False,False,Tan Son Nhat International Airport,SGN
Kuala Lumpur International Airport,KUL,2024-07-18 17:35,Tan Son Nhat International Airport,SGN,2024-07-18 18:50,135,Malaysia Airlines,Business Class,135,,,193,Y,Y,Y,2,7,2,32,Thursday,False,False,False,Tan Son Nhat International Airport,SGN
Kuala Lumpur International Airport,KUL,2024-07-18 13:20,Suvarnabhumi Airport,BKK,2024-07-18 14:30,130,THAI,Business Class,405,185.0,,557,Y,Y,Y,2,7,2,32,Thursday,False,False,False,Tan Son Nhat International Airport,SGN
Kuala Lumpur International Airport,KUL,2024-07-18 14:30,Singapore Changi Airport,SIN,2024-07-18 15:50,80,Singapore Airlines,Business Class,295,85.0,,770,Y,Y,Y,2,7,2,40,Thursday,False,False,False,Tan Son Nhat International Airport,SGN
Kuala Lumpur International Airport,KUL,2024-07-18 20:55,Suvarnabhumi Airport,BKK,2024-07-18 22:05,130,THAI,Business Class,790,570.0,True,557,Y,Y,Y,2,7,2,32,Thursday,False,False,False,Tan Son Nhat International Airport,SGN
Kuala Lumpur International Airport,KUL,2024-07-18 11:00,Singapore Changi Airport,SIN,2024-07-18 12:15,75,Singapore Airlines,Business Class,1495,1290.0,True,668,Y,Y,Y,2,7,2,40,Thursday,False,False,False,Tan Son Nhat International Airport,SGN
Kuala Lumpur International Airport,KUL,2024-07-18 20:40,Singapore Changi Airport,SIN,2024-07-18 21:50,70,Singapore Airlines,Business Class,915,715.0,True,770,Y,Y,Y,2,7,2,40,Thursday,False,False,False,Tan Son Nhat International Airport,SGN
Kuala Lumpur International Airport,KUL,2024-07-18 18:00,Guangzhou Baiyun International Airport,CAN,2024-07-18 22:30,270,China Southern,Business Class,1080,620.0,True,965,Y,Y,Y,1,8,2,32,Thursday,False,False,False,Tan Son Nhat International Airport,SGN
Kuala Lumpur International Airport,KUL,2024-07-18 17:45,Hong Kong International Airport,HKG,2024-07-18 21:55,250,Cathay Pacific,Business Class,1060,645.0,True,1013,Y,Y,Y,1,10,2,32,Thursday,False,False,False,Tan Son Nhat International Airport,SGN
Kuala Lumpur International Airport,KUL,2024-07-18 19:50,Hong Kong International Airport,HKG,2024-07-18 23:50,240,Malaysia Airlines,Business Class,935,530.0,True,1151,Y,Y,Y,2,7,2,32,Thursday,False,False,False,Tan Son Nhat International Airport,SGN
Kuala Lumpur International Airport,KUL,2024-07-19 09:00,Tan Son Nhat International Airport,SGN,2024-07-19 10:00,120,Malaysia Airlines,Business Class,120,,,193,Y,Y,Y,2,7,2,32,Friday,False,False,False,Tan Son Nhat International Airport,SGN
Kuala Lumpur International Airport,KUL,2024-07-19 14:30,Tan Son Nhat International Airport,SGN,2024-07-19 15:40,130,Malaysia Airlines,Business Class,130,,,193,Y,Y,Y,2,7,2,32,Friday,False,False,False,Tan Son Nhat International Airport,SGN
Kuala Lumpur International Airport,KUL,2024-07-19 17:35,Tan Son Nhat International Airport,SGN,2024-07-19 18:50,135,Malaysia Airlines,Business Class,135,,,193,Y,Y,Y,2,7,2,32,Friday,False,False,False,Tan Son Nhat International Airport,SGN
Kuala Lumpur International Airport,KUL,2024-07-19 20:30,Tan Son Nhat International Airport,SGN,2024-07-19 22:05,155,Vietnam Airlines,Business Class,155,,,241,Y,Y,Y,2,10,2,32,Friday,False,False,False,Tan Son Nhat International Airport,SGN
Kuala Lumpur International Airport,KUL,2024-07-19 20:55,Suvarnabhumi Airport,BKK,2024-07-19 22:05,130,THAI,Business Class,790,570.0,True,557,Y,Y,Y,2,7,2,32,Friday,False,False,False,Tan Son Nhat International Airport,SGN
Kuala Lumpur International Airport,KUL,2024-07-19 11:00,Singapore Changi Airport,SIN,2024-07-19 12:15,75,Singapore Airlines,Business Class,280,75.0,,770,Y,Y,Y,2,7,2,40,Friday,False,False,False,Tan Son Nhat International Airport,SGN
Kuala Lumpur International Airport,KUL,2024-07-19 20:40,Singapore Changi Airport,SIN,2024-07-19 21:50,70,Singapore Airlines,Business Class,915,715.0,True,840,Y,Y,Y,2,7,2,40,Friday,False,False,False,Tan Son Nhat International Airport,SGN
Kuala Lumpur International Airport,KUL,2024-07-19 21:45,Singapore Changi Airport,SIN,2024-07-19 22:55,70,Singapore Airlines,Business Class,850,650.0,True,948,Y,Y,Y,2,7,2,40,Friday,False,False,False,Tan Son Nhat International Airport,SGN
Kuala Lumpur International Airport,KUL,2024-07-20 09:00,Tan Son Nhat International Airport,SGN,2024-07-20 10:00,120,Malaysia Airlines,Business Class,120,,,193,Y,Y,Y,2,7,2,32,Saturday,False,False,False,Tan Son Nhat International Airport,SGN
Kuala Lumpur International Airport,KUL,2024-07-20 14:30,Tan Son Nhat International Airport,SGN,2024-07-20 15:40,130,Malaysia Airlines,Business Class,130,,,193,Y,Y,Y,2,7,2,32,Saturday,False,False,False,Tan Son Nhat International Airport,SGN
Kuala Lumpur International Airport,KUL,2024-07-20 17:35,Tan Son Nhat International Airport,SGN,2024-07-20 18:50,135,Malaysia Airlines,Business Class,135,,,193,Y,Y,Y,2,7,2,32,Saturday,False,False,False,Tan Son Nhat International Airport,SGN
Kuala Lumpur International Airport,KUL,2024-07-20 20:30,Tan Son Nhat International Airport,SGN,2024-07-20 21:40,130,Vietnam Airlines,Business Class,130,,,319,Y,Y,Y,2,10,2,32,Saturday,False,False,False,Tan Son Nhat International Airport,SGN
Kuala Lumpur International Airport,KUL,2024-07-20 13:20,Suvarnabhumi Airport,BKK,2024-07-20 14:30,130,THAI,Business Class,405,185.0,,557,Y,Y,Y,2,7,2,32,Saturday,False,False,False,Tan Son Nhat International Airport,SGN
Kuala Lumpur International Airport,KUL,2024-07-20 20:55,Suvarnabhumi Airport,BKK,2024-07-20 22:05,130,THAI,Business Class,790,570.0,True,557,Y,Y,Y,2,7,2,32,Saturday,False,False,False,Tan Son Nhat International Airport,SGN
Kuala Lumpur International Airport,KUL,2024-07-20 10:25,Singapore Changi Airport,SIN,2024-07-20 11:35,70,Singapore Airlines,Business Class,280,80.0,,770,Y,Y,Y,2,7,2,40,Saturday,False,False,False,Tan Son Nhat International Airport,SGN
Kuala Lumpur International Airport,KUL,2024-07-20 21:00,Singapore Changi Airport,SIN,2024-07-20 22:15,75,Singapore Airlines,Business Class,895,690.0,True,770,Y,Y,Y,2,7,2,40,Saturday,False,False,False,Tan Son Nhat International Airport,SGN
Kuala Lumpur International Airport,KUL,2024-07-20 21:45,Singapore Changi Airport,SIN,2024-07-20 22:55,70,Singapore Airlines,Business Class,850,650.0,True,948,Y,Y,Y,2,7,2,40,Saturday,False,False,False,Tan Son Nhat International Airport,SGN
Kuala Lumpur International Airport,KUL,2024-07-21 14:30,Tan Son Nhat International Airport,SGN,2024-07-21 15:40,130,Malaysia Airlines,Business Class,130,,,193,Y,Y,Y,2,7,2,32,Sunday,False,False,False,Tan Son Nhat International Airport,SGN
Kuala Lumpur International Airport,KUL,2024-07-21 17:35,Tan Son Nhat International Airport,SGN,2024-07-21 18:50,135,Malaysia Airlines,Business Class,135,,,193,Y,Y,Y,2,7,2,32,Sunday,False,False,False,Tan Son Nhat International Airport,SGN
Kuala Lumpur International Airport,KUL,2024-07-21 13:20,Suvarnabhumi Airport,BKK,2024-07-21 14:30,130,THAI,Business Class,405,185.0,,684,Y,Y,Y,2,7,2,32,Sunday,False,False,False,Tan Son Nhat International Airport,SGN
Kuala Lumpur International Airport,KUL,2024-07-21 10:25,Singapore Changi Airport,SIN,2024-07-21 11:35,70,Singapore Airlines,Business Class,315,115.0,,770,Y,Y,Y,2,7,2,40,Sunday,False,False,False,Tan Son Nhat International Airport,SGN
Kuala Lumpur International Airport,KUL,2024-07-21 11:00,Singapore Changi Airport,SIN,2024-07-21 12:15,75,Singapore Airlines,Business Class,280,75.0,,840,Y,Y,Y,2,7,2,40,Sunday,False,False,False,Tan Son Nhat International Airport,SGN
Kuala Lumpur International Airport,KUL,2024-07-21 20:55,Suvarnabhumi Airport,BKK,2024-07-21 22:05,130,THAI,Business Class,790,570.0,True,557,Y,Y,Y,2,7,2,32,Sunday,False,False,False,Tan Son Nhat International Airport,SGN
Kuala Lumpur International Airport,KUL,2024-07-21 10:25,Singapore Changi Airport,SIN,2024-07-21 11:35,70,Singapore Airlines,Business Class,1530,1330.0,True,668,Y,Y,Y,2,7,2,40,Sunday,False,False,False,Tan Son Nhat International Airport,SGN
Kuala Lumpur International Airport,KUL,2024-07-21 21:45,Singapore Changi Airport,SIN,2024-07-21 22:55,70,Singapore Airlines,Business Class,850,650.0,True,693,Y,Y,Y,2,7,2,40,Sunday,False,False,False,Tan Son Nhat International Airport,SGN
Kuala Lumpur International Airport,KUL,2024-07-21 02:20,Guangzhou Baiyun International Airport,CAN,2024-07-21 06:25,245,China Southern,Business Class,805,380.0,,965,Y,Y,Y,1,8,2,32,Sunday,False,False,False,Tan Son Nhat International Airport,SGN
Kuala Lumpur International Airport,KUL,2024-07-21 02:20,Guangzhou Baiyun International Airport,CAN,2024-07-21 06:25,245,China Southern,Business Class,580,145.0,,1278,Y,Y,Y,1,8,2,32,Sunday,False,False,False,Tan Son Nhat International Airport,SGN
Kuala Lumpur International Airport,KUL,2024-07-22 09:00,Tan Son Nhat International Airport,SGN,2024-07-22 10:00,120,Malaysia Airlines,Business Class,120,,,193,Y,Y,Y,2,7,2,32,Monday,False,False,False,Tan Son Nhat International Airport,SGN
Kuala Lumpur International Airport,KUL,2024-07-22 14:30,Tan Son Nhat International Airport,SGN,2024-07-22 15:40,130,Malaysia Airlines,Business Class,130,,,193,Y,Y,Y,2,7,2,32,Monday,False,False,False,Tan Son Nhat International Airport,SGN
Kuala Lumpur International Airport,KUL,2024-07-22 17:35,Tan Son Nhat International Airport,SGN,2024-07-22 18:50,135,Malaysia Airlines,Business Class,135,,,193,Y,Y,Y,2,7,2,32,Monday,False,False,False,Tan Son Nhat International Airport,SGN
Kuala Lumpur International Airport,KUL,2024-07-22 20:30,Tan Son Nhat International Airport,SGN,2024-07-22 22:05,155,Vietnam Airlines,Business Class,155,,,319,Y,Y,Y,2,10,2,32,Monday,False,False,False,Tan Son Nhat International Airport,SGN
Kuala Lumpur International Airport,KUL,2024-07-22 13:20,Suvarnabhumi Airport,BKK,2024-07-22 14:30,130,THAI,Business Class,405,185.0,,557,Y,Y,Y,2,7,2,32,Monday,False,False,False,Tan Son Nhat International Airport,SGN
Kuala Lumpur International Airport,KUL,2024-07-22 20:55,Suvarnabhumi Airport,BKK,2024-07-22 22:05,130,THAI,Business Class,790,570.0,True,557,Y,Y,Y,2,7,2,32,Monday,False,False,False,Tan Son Nhat International Airport,SGN
Kuala Lumpur International Airport,KUL,2024-07-22 21:45,Singapore Changi Airport,SIN,2024-07-22 22:55,70,Singapore Airlines,Business Class,1300,1100.0,True,668,Y,Y,Y,2,7,2,40,Monday,False,False,False,Tan Son Nhat International Airport,SGN
Kuala Lumpur International Airport,KUL,2024-07-22 11:00,Singapore Changi Airport,SIN,2024-07-22 12:15,75,Singapore Airlines,Business Class,280,75.0,,693,Y,Y,Y,2,7,2,40,Monday,False,False,False,Tan Son Nhat International Airport,SGN
Kuala Lumpur International Airport,KUL,2024-07-22 21:45,Singapore Changi Airport,SIN,2024-07-22 22:55,70,Singapore Airlines,Business Class,850,650.0,True,693,Y,Y,Y,2,7,2,40,Monday,False,False,False,Tan Son Nhat International Airport,SGN
Kuala Lumpur International Airport,KUL,2024-07-23 09:00,Tan Son Nhat International Airport,SGN,2024-07-23 10:00,120,Malaysia Airlines,Business Class,120,,,193,Y,Y,Y,2,7,2,32,Tuesday,False,False,False,Tan Son Nhat International Airport,SGN
Kuala Lumpur International Airport,KUL,2024-07-23 14:30,Tan Son Nhat International Airport,SGN,2024-07-23 15:40,130,Malaysia Airlines,Business Class,130,,,193,Y,Y,Y,2,7,2,32,Tuesday,False,False,False,Tan Son Nhat International Airport,SGN
Kuala Lumpur International Airport,KUL,2024-07-23 17:35,Tan Son Nhat International Airport,SGN,2024-07-23 18:50,135,Malaysia Airlines,Business Class,135,,,193,Y,Y,Y,2,7,2,32,Tuesday,False,False,False,Tan Son Nhat International Airport,SGN
Kuala Lumpur International Airport,KUL,2024-07-23 13:20,Suvarnabhumi Airport,BKK,2024-07-23 14:30,130,THAI,Business Class,405,185.0,,557,Y,Y,Y,2,7,2,32,Tuesday,False,False,False,Tan Son Nhat International Airport,SGN
Kuala Lumpur International Airport,KUL,2024-07-23 14:30,Singapore Changi Airport,SIN,2024-07-23 15:50,80,Singapore Airlines,Business Class,295,85.0,,693,Y,Y,Y,2,7,2,40,Tuesday,False,False,False,Tan Son Nhat International Airport,SGN
Kuala Lumpur International Airport,KUL,2024-07-23 20:55,Suvarnabhumi Airport,BKK,2024-07-23 22:05,130,THAI,Business Class,790,570.0,True,557,Y,Y,Y,2,7,2,32,Tuesday,False,False,False,Tan Son Nhat International Airport,SGN
Kuala Lumpur International Airport,KUL,2024-07-23 18:40,Singapore Changi Airport,SIN,2024-07-23 19:50,70,Singapore Airlines,Business Class,1035,835.0,True,668,Y,Y,Y,2,7,2,40,Tuesday,False,False,False,Tan Son Nhat International Airport,SGN
Kuala Lumpur International Airport,KUL,2024-07-23 21:45,Singapore Changi Airport,SIN,2024-07-23 22:55,70,Singapore Airlines,Business Class,850,650.0,True,693,Y,Y,Y,2,7,2,40,Tuesday,False,False,False,Tan Son Nhat International Airport,SGN
Kuala Lumpur International Airport,KUL,2024-07-23 17:45,Hong Kong International Airport,HKG,2024-07-23 21:55,250,Cathay Pacific,Business Class,1060,645.0,True,1013,Y,Y,Y,1,10,2,32,Tuesday,False,False,False,Tan Son Nhat International Airport,SGN
Kuala Lumpur International Airport,KUL,2024-07-24 09:00,Tan Son Nhat International Airport,SGN,2024-07-24 10:00,120,Malaysia Airlines,Business Class,120,,,193,Y,Y,Y,2,7,2,32,Wednesday,False,False,False,Tan Son Nhat International Airport,SGN
Kuala Lumpur International Airport,KUL,2024-07-24 14:30,Tan Son Nhat International Airport,SGN,2024-07-24 15:40,130,Malaysia Airlines,Business Class,130,,,193,Y,Y,Y,2,7,2,32,Wednesday,False,False,False,Tan Son Nhat International Airport,SGN
Kuala Lumpur International Airport,KUL,2024-07-24 20:30,Tan Son Nhat International Airport,SGN,2024-07-24 21:40,130,Vietnam Airlines,Business Class,130,,,319,Y,Y,Y,2,10,2,32,Wednesday,False,False,False,Tan Son Nhat International Airport,SGN
Kuala Lumpur International Airport,KUL,2024-07-24 17:35,Tan Son Nhat International Airport,SGN,2024-07-24 18:50,135,Malaysia Airlines,Business Class,135,,,329,Y,Y,Y,2,7,2,32,Wednesday,False,False,False,Tan Son Nhat International Airport,SGN
Kuala Lumpur International Airport,KUL,2024-07-24 13:20,Suvarnabhumi Airport,BKK,2024-07-24 14:30,130,THAI,Business Class,405,185.0,,557,Y,Y,Y,2,7,2,32,Wednesday,False,False,False,Tan Son Nhat International Airport,SGN
Kuala Lumpur International Airport,KUL,2024-07-24 20:55,Suvarnabhumi Airport,BKK,2024-07-24 22:05,130,THAI,Business Class,790,570.0,True,557,Y,Y,Y,2,7,2,32,Wednesday,False,False,False,Tan Son Nhat International Airport,SGN
Kuala Lumpur International Airport,KUL,2024-07-24 10:25,Singapore Changi Airport,SIN,2024-07-24 11:35,70,Singapore Airlines,Business Class,315,115.0,,770,Y,Y,Y,2,7,2,40,Wednesday,False,False,False,Tan Son Nhat International Airport,SGN
Kuala Lumpur International Airport,KUL,2024-07-24 20:40,Singapore Changi Airport,SIN,2024-07-24 21:50,70,Singapore Airlines,Business Class,915,715.0,True,770,Y,Y,Y,2,7,2,40,Wednesday,False,False,False,Tan Son Nhat International Airport,SGN
Kuala Lumpur International Airport,KUL,2024-07-24 11:00,Singapore Changi Airport,SIN,2024-07-24 12:15,75,Singapore Airlines,Business Class,280,75.0,,948,Y,Y,Y,2,7,2,40,Wednesday,False,False,False,Tan Son Nhat International Airport,SGN
Kuala Lumpur International Airport,KUL,2024-07-25 09:00,Tan Son Nhat International Airport,SGN,2024-07-25 10:00,120,Malaysia Airlines,Business Class,120,,,193,Y,Y,Y,2,7,2,32,Thursday,False,False,False,Tan Son Nhat International Airport,SGN
Kuala Lumpur International Airport,KUL,2024-07-25 14:30,Tan Son Nhat International Airport,SGN,2024-07-25 15:40,130,Malaysia Airlines,Business Class,130,,,193,Y,Y,Y,2,7,2,32,Thursday,False,False,False,Tan Son Nhat International Airport,SGN
Kuala Lumpur International Airport,KUL,2024-07-25 17:35,Tan Son Nhat International Airport,SGN,2024-07-25 18:50,135,Malaysia Airlines,Business Class,135,,,193,Y,Y,Y,2,7,2,32,Thursday,False,False,False,Tan Son Nhat International Airport,SGN
Kuala Lumpur International Airport,KUL,2024-07-25 20:55,Suvarnabhumi Airport,BKK,2024-07-25 22:05,130,THAI,Business Class,790,570.0,True,557,Y,Y,Y,2,7,2,32,Thursday,False,False,False,Tan Son Nhat International Airport,SGN
Kuala Lumpur International Airport,KUL,2024-07-25 10:25,Singapore Changi Airport,SIN,2024-07-25 11:35,70,Singapore Airlines,Business Class,1530,1330.0,True,668,Y,Y,Y,2,7,2,40,Thursday,False,False,False,Tan Son Nhat International Airport,SGN
Kuala Lumpur International Airport,KUL,2024-07-25 13:20,Suvarnabhumi Airport,BKK,2024-07-25 14:30,130,THAI,Business Class,405,185.0,,684,Y,Y,Y,2,7,2,32,Thursday,False,False,False,Tan Son Nhat International Airport,SGN
Kuala Lumpur International Airport,KUL,2024-07-25 14:30,Singapore Changi Airport,SIN,2024-07-25 15:50,80,Singapore Airlines,Business Class,295,85.0,,770,Y,Y,Y,2,7,2,40,Thursday,False,False,False,Tan Son Nhat International Airport,SGN
Kuala Lumpur International Airport,KUL,2024-07-25 20:40,Singapore Changi Airport,SIN,2024-07-25 21:50,70,Singapore Airlines,Business Class,915,715.0,True,770,Y,Y,Y,2,7,2,40,Thursday,False,False,False,Tan Son Nhat International Airport,SGN
Kuala Lumpur International Airport,KUL,2024-07-25 18:00,Guangzhou Baiyun International Airport,CAN,2024-07-25 22:30,270,China Southern,Business Class,1080,620.0,True,965,Y,Y,Y,1,8,2,32,Thursday,False,False,False,Tan Son Nhat International Airport,SGN
Kuala Lumpur International Airport,KUL,2024-07-25 17:45,Hong Kong International Airport,HKG,2024-07-25 21:55,250,Cathay Pacific,Business Class,1060,645.0,True,1013,Y,Y,Y,1,10,2,32,Thursday,False,False,False,Tan Son Nhat International Airport,SGN
Kuala Lumpur International Airport,KUL,2024-07-25 19:50,Hong Kong International Airport,HKG,2024-07-25 23:50,240,Malaysia Airlines,Business Class,935,530.0,True,1151,Y,Y,Y,2,7,2,32,Thursday,False,False,False,Tan Son Nhat International Airport,SGN
Kuala Lumpur International Airport,KUL,2024-07-26 09:00,Tan Son Nhat International Airport,SGN,2024-07-26 10:00,120,Malaysia Airlines,Business Class,120,,,193,Y,Y,Y,2,7,2,32,Friday,False,False,False,Tan Son Nhat International Airport,SGN
Kuala Lumpur International Airport,KUL,2024-07-26 14:30,Tan Son Nhat International Airport,SGN,2024-07-26 15:40,130,Malaysia Airlines,Business Class,130,,,193,Y,Y,Y,2,7,2,32,Friday,False,False,False,Tan Son Nhat International Airport,SGN
Kuala Lumpur International Airport,KUL,2024-07-26 17:35,Tan Son Nhat International Airport,SGN,2024-07-26 18:50,135,Malaysia Airlines,Business Class,135,,,193,Y,Y,Y,2,7,2,32,Friday,False,False,False,Tan Son Nhat International Airport,SGN
Kuala Lumpur International Airport,KUL,2024-07-26 20:30,Tan Son Nhat International Airport,SGN,2024-07-26 22:05,155,Vietnam Airlines,Business Class,155,,,241,Y,Y,Y,2,10,2,32,Friday,False,False,False,Tan Son Nhat International Airport,SGN
Kuala Lumpur International Airport,KUL,2024-07-26 20:55,Suvarnabhumi Airport,BKK,2024-07-26 22:05,130,THAI,Business Class,790,570.0,True,557,Y,Y,Y,2,7,2,32,Friday,False,False,False,Tan Son Nhat International Airport,SGN
Kuala Lumpur International Airport,KUL,2024-07-26 11:00,Singapore Changi Airport,SIN,2024-07-26 12:15,75,Singapore Airlines,Business Class,280,75.0,,693,Y,Y,Y,2,7,2,40,Friday,False,False,False,Tan Son Nhat International Airport,SGN
Kuala Lumpur International Airport,KUL,2024-07-26 20:40,Singapore Changi Airport,SIN,2024-07-26 21:50,70,Singapore Airlines,Business Class,915,715.0,True,770,Y,Y,Y,2,7,2,40,Friday,False,False,False,Tan Son Nhat International Airport,SGN
Kuala Lumpur International Airport,KUL,2024-07-26 21:45,Singapore Changi Airport,SIN,2024-07-26 22:55,70,Singapore Airlines,Business Class,850,650.0,True,948,Y,Y,Y,2,7,2,40,Friday,False,False,False,Tan Son Nhat International Airport,SGN
Kuala Lumpur International Airport,KUL,2024-07-27 09:00,Tan Son Nhat International Airport,SGN,2024-07-27 10:00,120,Malaysia Airlines,Business Class,120,,,193,Y,Y,Y,2,7,2,32,Saturday,False,False,False,Tan Son Nhat International Airport,SGN
Kuala Lumpur International Airport,KUL,2024-07-27 14:30,Tan Son Nhat International Airport,SGN,2024-07-27 15:40,130,Malaysia Airlines,Business Class,130,,,193,Y,Y,Y,2,7,2,32,Saturday,False,False,False,Tan Son Nhat International Airport,SGN
Kuala Lumpur International Airport,KUL,2024-07-27 17:35,Tan Son Nhat International Airport,SGN,2024-07-27 18:50,135,Malaysia Airlines,Business Class,135,,,193,Y,Y,Y,2,7,2,32,Saturday,False,False,False,Tan Son Nhat International Airport,SGN
Kuala Lumpur International Airport,KUL,2024-07-27 20:30,Tan Son Nhat International Airport,SGN,2024-07-27 21:40,130,Vietnam Airlines,Business Class,130,,,241,Y,Y,Y,2,10,2,32,Saturday,False,False,False,Tan Son Nhat International Airport,SGN
Kuala Lumpur International Airport,KUL,2024-07-27 20:55,Suvarnabhumi Airport,BKK,2024-07-27 22:05,130,THAI,Business Class,790,570.0,True,557,Y,Y,Y,2,7,2,32,Saturday,False,False,False,Tan Son Nhat International Airport,SGN
Kuala Lumpur International Airport,KUL,2024-07-27 21:45,Singapore Changi Airport,SIN,2024-07-27 22:55,70,Singapore Airlines,Business Class,1300,1100.0,True,668,Y,Y,Y,2,7,2,40,Saturday,False,False,False,Tan Son Nhat International Airport,SGN
Kuala Lumpur International Airport,KUL,2024-07-27 10:25,Singapore Changi Airport,SIN,2024-07-27 11:35,70,Singapore Airlines,Business Class,280,80.0,,693,Y,Y,Y,2,7,2,40,Saturday,False,False,False,Tan Son Nhat International Airport,SGN
Kuala Lumpur International Airport,KUL,2024-07-27 21:45,Singapore Changi Airport,SIN,2024-07-27 22:55,70,Singapore Airlines,Business Class,850,650.0,True,693,Y,Y,Y,2,7,2,40,Saturday,False,False,False,Tan Son Nhat International Airport,SGN
Kuala Lumpur International Airport,KUL,2024-07-28 14:30,Tan Son Nhat International Airport,SGN,2024-07-28 15:40,130,Malaysia Airlines,Business Class,130,,,193,Y,Y,Y,2,7,2,32,Sunday,False,False,False,Tan Son Nhat International Airport,SGN
Kuala Lumpur International Airport,KUL,2024-07-28 17:35,Tan Son Nhat International Airport,SGN,2024-07-28 18:50,135,Malaysia Airlines,Business Class,135,,,193,Y,Y,Y,2,7,2,32,Sunday,False,False,False,Tan Son Nhat International Airport,SGN
Kuala Lumpur International Airport,KUL,2024-07-28 13:20,Suvarnabhumi Airport,BKK,2024-07-28 14:30,130,THAI,Business Class,405,185.0,,557,Y,Y,Y,2,7,2,32,Sunday,False,False,False,Tan Son Nhat International Airport,SGN
Kuala Lumpur International Airport,KUL,2024-07-28 10:25,Singapore Changi Airport,SIN,2024-07-28 11:35,70,Singapore Airlines,Business Class,315,115.0,,840,Y,Y,Y,2,7,2,40,Sunday,False,False,False,Tan Son Nhat International Airport,SGN
Kuala Lumpur International Airport,KUL,2024-07-28 20:55,Suvarnabhumi Airport,BKK,2024-07-28 22:05,130,THAI,Business Class,790,570.0,True,557,Y,Y,Y,2,7,2,32,Sunday,False,False,False,Tan Son Nhat International Airport,SGN
Kuala Lumpur International Airport,KUL,2024-07-28 10:25,Singapore Changi Airport,SIN,2024-07-28 11:35,70,Singapore Airlines,Business Class,540,340.0,,693,Y,Y,Y,2,7,2,40,Sunday,False,False,False,Tan Son Nhat International Airport,SGN
Kuala Lumpur International Airport,KUL,2024-07-28 21:45,Singapore Changi Airport,SIN,2024-07-28 22:55,70,Singapore Airlines,Business Class,850,650.0,True,693,Y,Y,Y,2,7,2,40,Sunday,False,False,False,Tan Son Nhat International Airport,SGN
Kuala Lumpur International Airport,KUL,2024-07-28 11:00,Singapore Changi Airport,SIN,2024-07-28 12:15,75,Singapore Airlines,Business Class,280,75.0,,948,Y,Y,Y,2,7,2,40,Sunday,False,False,False,Tan Son Nhat International Airport,SGN
Kuala Lumpur International Airport,KUL,2024-07-28 02:20,Guangzhou Baiyun International Airport,CAN,2024-07-28 06:25,245,China Southern,Business Class,805,380.0,,965,Y,Y,Y,1,8,2,32,Sunday,False,False,False,Tan Son Nhat International Airport,SGN
Kuala Lumpur International Airport,KUL,2024-07-28 02:20,Guangzhou Baiyun International Airport,CAN,2024-07-28 06:25,245,China Southern,Business Class,580,145.0,,1278,Y,Y,Y,1,8,2,32,Sunday,False,False,False,Tan Son Nhat International Airport,SGN
Kuala Lumpur International Airport,KUL,2024-07-29 09:00,Tan Son Nhat International Airport,SGN,2024-07-29 10:00,120,Malaysia Airlines,Business Class,120,,,193,Y,Y,Y,2,7,2,32,Monday,False,False,False,Tan Son Nhat International Airport,SGN
Kuala Lumpur International Airport,KUL,2024-07-29 14:30,Tan Son Nhat International Airport,SGN,2024-07-29 15:40,130,Malaysia Airlines,Business Class,130,,,193,Y,Y,Y,2,7,2,32,Monday,False,False,False,Tan Son Nhat International Airport,SGN
Kuala Lumpur International Airport,KUL,2024-07-29 17:35,Tan Son Nhat International Airport,SGN,2024-07-29 18:50,135,Malaysia Airlines,Business Class,135,,,193,Y,Y,Y,2,7,2,32,Monday,False,False,False,Tan Son Nhat International Airport,SGN
Kuala Lumpur International Airport,KUL,2024-07-29 20:30,Tan Son Nhat International Airport,SGN,2024-07-29 22:05,155,Vietnam Airlines,Business Class,155,,,356,Y,Y,Y,2,10,2,32,Monday,False,False,False,Tan Son Nhat International Airport,SGN
Kuala Lumpur International Airport,KUL,2024-07-29 20:55,Suvarnabhumi Airport,BKK,2024-07-29 22:05,130,THAI,Business Class,790,570.0,True,557,Y,Y,Y,2,7,2,32,Monday,False,False,False,Tan Son Nhat International Airport,SGN
Kuala Lumpur International Airport,KUL,2024-07-29 21:45,Singapore Changi Airport,SIN,2024-07-29 22:55,70,Singapore Airlines,Business Class,1300,1100.0,True,668,Y,Y,Y,2,7,2,40,Monday,False,False,False,Tan Son Nhat International Airport,SGN
Kuala Lumpur International Airport,KUL,2024-07-29 11:00,Singapore Changi Airport,SIN,2024-07-29 12:15,75,Singapore Airlines,Business Class,280,75.0,,693,Y,Y,Y,2,7,2,40,Monday,False,False,False,Tan Son Nhat International Airport,SGN
Kuala Lumpur International Airport,KUL,2024-07-29 21:45,Singapore Changi Airport,SIN,2024-07-29 22:55,70,Singapore Airlines,Business Class,850,650.0,True,693,Y,Y,Y,2,7,2,40,Monday,False,False,False,Tan Son Nhat International Airport,SGN
Kuala Lumpur International Airport,KUL,2024-07-30 09:00,Tan Son Nhat International Airport,SGN,2024-07-30 10:00,120,Malaysia Airlines,Business Class,120,,,193,Y,Y,Y,2,7,2,32,Tuesday,False,False,False,Tan Son Nhat International Airport,SGN
Kuala Lumpur International Airport,KUL,2024-07-30 14:30,Tan Son Nhat International Airport,SGN,2024-07-30 15:40,130,Malaysia Airlines,Business Class,130,,,193,Y,Y,Y,2,7,2,32,Tuesday,False,False,False,Tan Son Nhat International Airport,SGN
Kuala Lumpur International Airport,KUL,2024-07-30 17:35,Tan Son Nhat International Airport,SGN,2024-07-30 18:50,135,Malaysia Airlines,Business Class,135,,,193,Y,Y,Y,2,7,2,32,Tuesday,False,False,False,Tan Son Nhat International Airport,SGN
Kuala Lumpur International Airport,KUL,2024-07-30 13:20,Suvarnabhumi Airport,BKK,2024-07-30 14:30,130,THAI,Business Class,405,185.0,,557,Y,Y,Y,2,7,2,32,Tuesday,False,False,False,Tan Son Nhat International Airport,SGN
Kuala Lumpur International Airport,KUL,2024-07-30 14:30,Singapore Changi Airport,SIN,2024-07-30 15:50,80,Singapore Airlines,Business Class,295,85.0,,693,Y,Y,Y,2,7,2,40,Tuesday,False,False,False,Tan Son Nhat International Airport,SGN
Kuala Lumpur International Airport,KUL,2024-07-30 20:55,Suvarnabhumi Airport,BKK,2024-07-30 22:05,130,THAI,Business Class,790,570.0,True,557,Y,Y,Y,2,7,2,32,Tuesday,False,False,False,Tan Son Nhat International Airport,SGN
Kuala Lumpur International Airport,KUL,2024-07-30 18:40,Singapore Changi Airport,SIN,2024-07-30 19:50,70,Singapore Airlines,Business Class,1035,835.0,True,668,Y,Y,Y,2,7,2,40,Tuesday,False,False,False,Tan Son Nhat International Airport,SGN
Kuala Lumpur International Airport,KUL,2024-07-30 21:45,Singapore Changi Airport,SIN,2024-07-30 22:55,70,Singapore Airlines,Business Class,850,650.0,True,693,Y,Y,Y,2,7,2,40,Tuesday,False,False,False,Tan Son Nhat International Airport,SGN
Kuala Lumpur International Airport,KUL,2024-07-30 18:00,Guangzhou Baiyun International Airport,CAN,2024-07-30 22:30,270,China Southern,Business Class,1080,620.0,True,965,Y,Y,Y,1,8,2,32,Tuesday,False,False,False,Tan Son Nhat International Airport,SGN
Kuala Lumpur International Airport,KUL,2024-07-30 17:45,Hong Kong International Airport,HKG,2024-07-30 21:55,250,Cathay Pacific,Business Class,1060,645.0,True,1151,Y,Y,Y,1,10,2,32,Tuesday,False,False,False,Tan Son Nhat International Airport,SGN
Kuala Lumpur International Airport,KUL,2024-07-31 09:00,Tan Son Nhat International Airport,SGN,2024-07-31 10:00,120,Malaysia Airlines,Business Class,120,,,193,Y,Y,Y,2,7,2,32,Wednesday,False,False,False,Tan Son Nhat International Airport,SGN
Kuala Lumpur International Airport,KUL,2024-07-31 14:30,Tan Son Nhat International Airport,SGN,2024-07-31 15:40,130,Malaysia Airlines,Business Class,130,,,193,Y,Y,Y,2,7,2,32,Wednesday,False,False,False,Tan Son Nhat International Airport,SGN
Kuala Lumpur International Airport,KUL,2024-07-31 17:35,Tan Son Nhat International Airport,SGN,2024-07-31 18:50,135,Malaysia Airlines,Business Class,135,,,193,Y,Y,Y,2,7,2,32,Wednesday,False,False,False,Tan Son Nhat International Airport,SGN
Kuala Lumpur International Airport,KUL,2024-07-31 20:30,Tan Son Nhat International Airport,SGN,2024-07-31 21:40,130,Vietnam Airlines,Business Class,130,,,319,Y,Y,Y,2,10,2,32,Wednesday,False,False,False,Tan Son Nhat International Airport,SGN
Kuala Lumpur International Airport,KUL,2024-07-31 20:55,Suvarnabhumi Airport,BKK,2024-07-31 22:05,130,THAI,Business Class,790,570.0,True,557,Y,Y,Y,2,7,2,32,Wednesday,False,False,False,Tan Son Nhat International Airport,SGN
Kuala Lumpur International Airport,KUL,2024-07-31 11:00,Singapore Changi Airport,SIN,2024-07-31 12:15,75,Singapore Airlines,Business Class,280,75.0,,693,Y,Y,Y,2,7,2,40,Wednesday,False,False,False,Tan Son Nhat International Airport,SGN
Kuala Lumpur International Airport,KUL,2024-07-31 20:40,Singapore Changi Airport,SIN,2024-07-31 21:50,70,Singapore Airlines,Business Class,915,715.0,True,693,Y,Y,Y,2,7,2,40,Wednesday,False,False,False,Tan Son Nhat International Airport,SGN
Kuala Lumpur International Airport,KUL,2024-07-31 21:45,Singapore Changi Airport,SIN,2024-07-31 22:55,70,Singapore Airlines,Business Class,850,650.0,True,770,Y,Y,Y,2,7,2,40,Wednesday,False,False,False,Tan Son Nhat International Airport,SGN
