Departure Airport Name,Departure Airport ID,Departure Time,Arrival Airport Name,Arrival Airport ID,Arrival Time,Duration,Airline,Travel Class,Total Duration,Layover 1 Duration,Layover 1 Overnight,Price, Cabin Baggage, Checked Baggage,Meal Included,Cabin Baggage (Number),Cabin Baggage (kg per piece),Checked Baggage (Number),Checked Baggage (kg per piece) ,Day of Week (on flight date),Overnight Flight,Departure Country Is Holiday,Arrival Country Is Holiday,Final Arrival Airport Name,Final Arrival Airport ID
Kuala Lumpur International Airport,KUL,2024-07-01 09:10,Yangon International Airport,RGN,2024-07-01 10:25,165,Malaysia Airlines,Business Class,165,,,196,Y,Y,Y,2,7,2,32,Monday,False,False,False,Yangon International Airport,RGN
Kuala Lumpur International Airport,KUL,2024-07-01 13:20,Suvarnabhumi Airport,BKK,2024-07-01 14:30,130,THAI,Business Class,370,155.0,,526,Y,Y,Y,2,7,2,32,Monday,False,False,False,Yangon International Airport,RGN
Kuala Lumpur International Airport,KUL,2024-07-01 20:55,Suvarnabhumi Airport,BKK,2024-07-01 22:05,130,THAI,Business Class,920,700.0,True,539,Y,Y,Y,2,7,2,32,Monday,False,False,False,Yangon International Airport,RGN
Kuala Lumpur International Airport,KUL,2024-07-01 21:45,Singapore Changi Airport,SIN,2024-07-01 22:55,70,Singapore Airlines,Business Class,785,540.0,True,1157,Y,Y,Y,2,7,2,40,Monday,False,False,False,Yangon International Airport,RGN
Kuala Lumpur International Airport,KUL,2024-07-01 21:10,Kunming Changshui International Airport,KMG,2024-07-02 01:15,245,China Eastern,Business Class,1110,745.0,True,1282,Y,Y,Y,1,8,2,32,Monday,True,False,False,Yangon International Airport,RGN
Kuala Lumpur International Airport,KUL,2024-07-01 02:20,Guangzhou Baiyun International Airport,CAN,2024-07-01 06:25,245,China Southern,Business Class,565,115.0,,1383,Y,Y,Y,1,8,2,32,Monday,False,False,False,Yangon International Airport,RGN
Kuala Lumpur International Airport,KUL,2024-07-01 17:10,Taiwan Taoyuan International Airport,TPE,2024-07-01 22:00,290,STARLUX,Business Class,1075,540.0,True,1828,Y,Y,Y,2,7,2,32,Monday,False,False,False,Yangon International Airport,RGN
Kuala Lumpur International Airport,KUL,2024-07-01 14:55,Taiwan Taoyuan International Airport,TPE,2024-07-01 19:45,290,China Airlines,Business Class,1210,675.0,True,1896,Y,Y,Y,2,7,2,32,Monday,False,False,False,Yangon International Airport,RGN
Kuala Lumpur International Airport,KUL,2024-07-02 09:10,Yangon International Airport,RGN,2024-07-02 10:25,165,Malaysia Airlines,Business Class,165,,,196,Y,Y,Y,2,7,2,32,Tuesday,False,False,False,Yangon International Airport,RGN
Kuala Lumpur International Airport,KUL,2024-07-02 13:20,Suvarnabhumi Airport,BKK,2024-07-02 14:30,130,THAI,Business Class,370,155.0,,526,Y,Y,Y,2,7,2,32,Tuesday,False,False,False,Yangon International Airport,RGN
Kuala Lumpur International Airport,KUL,2024-07-02 20:55,Suvarnabhumi Airport,BKK,2024-07-02 22:05,130,THAI,Business Class,920,700.0,True,539,Y,Y,Y,2,7,2,32,Tuesday,False,False,False,Yangon International Airport,RGN
Kuala Lumpur International Airport,KUL,2024-07-02 20:40,Singapore Changi Airport,SIN,2024-07-02 21:50,70,Singapore Airlines,Business Class,850,605.0,True,846,Y,Y,Y,2,7,2,40,Tuesday,False,False,False,Yangon International Airport,RGN
Kuala Lumpur International Airport,KUL,2024-07-02 21:45,Singapore Changi Airport,SIN,2024-07-02 22:55,70,Singapore Airlines,Business Class,785,540.0,True,906,Y,Y,Y,2,7,2,40,Tuesday,False,False,False,Yangon International Airport,RGN
Kuala Lumpur International Airport,KUL,2024-07-02 18:00,Guangzhou Baiyun International Airport,CAN,2024-07-02 22:30,270,China Southern,Business Class,1065,590.0,True,1029,Y,Y,Y,1,8,2,32,Tuesday,False,False,False,Yangon International Airport,RGN
Kuala Lumpur International Airport,KUL,2024-07-02 21:10,Kunming Changshui International Airport,KMG,2024-07-03 01:15,245,China Eastern,Business Class,1110,745.0,True,1282,Y,Y,Y,1,8,2,32,Tuesday,True,False,False,Yangon International Airport,RGN
Kuala Lumpur International Airport,KUL,2024-07-03 09:10,Yangon International Airport,RGN,2024-07-03 10:25,165,Malaysia Airlines,Business Class,165,,,196,Y,Y,Y,2,7,2,32,Wednesday,False,False,False,Yangon International Airport,RGN
Kuala Lumpur International Airport,KUL,2024-07-03 13:20,Suvarnabhumi Airport,BKK,2024-07-03 14:30,130,THAI,Business Class,370,155.0,,651,Y,Y,Y,2,7,2,32,Wednesday,False,False,False,Yangon International Airport,RGN
Kuala Lumpur International Airport,KUL,2024-07-03 20:55,Suvarnabhumi Airport,BKK,2024-07-03 22:05,130,THAI,Business Class,920,700.0,True,539,Y,Y,Y,2,7,2,32,Wednesday,False,False,False,Yangon International Airport,RGN
Kuala Lumpur International Airport,KUL,2024-07-03 20:40,Singapore Changi Airport,SIN,2024-07-03 21:50,70,Singapore Airlines,Business Class,850,605.0,True,846,Y,Y,Y,2,7,2,40,Wednesday,False,False,False,Yangon International Airport,RGN
Kuala Lumpur International Airport,KUL,2024-07-03 02:20,Guangzhou Baiyun International Airport,CAN,2024-07-03 06:25,245,China Southern,Business Class,565,115.0,,1029,Y,Y,Y,1,8,2,32,Wednesday,False,False,False,Yangon International Airport,RGN
Kuala Lumpur International Airport,KUL,2024-07-03 21:45,Singapore Changi Airport,SIN,2024-07-03 22:55,70,Singapore Airlines,Business Class,785,540.0,True,1157,Y,Y,Y,2,7,2,40,Wednesday,False,False,False,Yangon International Airport,RGN
Kuala Lumpur International Airport,KUL,2024-07-03 21:10,Kunming Changshui International Airport,KMG,2024-07-04 01:15,245,China Eastern,Business Class,1110,745.0,True,1282,Y,Y,Y,1,8,2,32,Wednesday,True,False,False,Yangon International Airport,RGN
Kuala Lumpur International Airport,KUL,2024-07-03 17:10,Taiwan Taoyuan International Airport,TPE,2024-07-03 22:00,290,STARLUX,Business Class,1075,540.0,True,1595,Y,Y,Y,2,7,2,32,Wednesday,False,False,False,Yangon International Airport,RGN
Kuala Lumpur International Airport,KUL,2024-07-04 09:10,Yangon International Airport,RGN,2024-07-04 10:25,165,Malaysia Airlines,Business Class,165,,,196,Y,Y,Y,2,7,2,32,Thursday,False,False,False,Yangon International Airport,RGN
Kuala Lumpur International Airport,KUL,2024-07-04 13:20,Suvarnabhumi Airport,BKK,2024-07-04 14:30,130,THAI,Business Class,370,155.0,,651,Y,Y,Y,2,7,2,32,Thursday,False,False,False,Yangon International Airport,RGN
Kuala Lumpur International Airport,KUL,2024-07-04 10:25,Singapore Changi Airport,SIN,2024-07-04 11:35,70,Singapore Airlines,Business Class,1465,1220.0,True,780,Y,Y,Y,2,7,2,40,Thursday,False,False,False,Yangon International Airport,RGN
Kuala Lumpur International Airport,KUL,2024-07-04 20:40,Singapore Changi Airport,SIN,2024-07-04 21:50,70,Singapore Airlines,Business Class,850,605.0,True,846,Y,Y,Y,2,7,2,40,Thursday,False,False,False,Yangon International Airport,RGN
Kuala Lumpur International Airport,KUL,2024-07-04 21:45,Singapore Changi Airport,SIN,2024-07-04 22:55,70,Singapore Airlines,Business Class,785,540.0,True,1024,Y,Y,Y,2,7,2,40,Thursday,False,False,False,Yangon International Airport,RGN
Kuala Lumpur International Airport,KUL,2024-07-04 16:55,Guangzhou Baiyun International Airport,CAN,2024-07-04 21:05,250,China Southern,Business Class,1130,675.0,True,1029,Y,Y,Y,1,8,2,32,Thursday,False,False,False,Yangon International Airport,RGN
Kuala Lumpur International Airport,KUL,2024-07-04 21:10,Kunming Changshui International Airport,KMG,2024-07-05 01:15,245,China Eastern,Business Class,1110,745.0,True,1282,Y,Y,Y,1,8,2,32,Thursday,True,False,False,Yangon International Airport,RGN
Kuala Lumpur International Airport,KUL,2024-07-04 18:00,Guangzhou Baiyun International Airport,CAN,2024-07-04 22:30,270,China Southern,Business Class,1065,590.0,True,1383,Y,Y,Y,1,8,2,32,Thursday,False,False,False,Yangon International Airport,RGN
Kuala Lumpur International Airport,KUL,2024-07-05 13:20,Suvarnabhumi Airport,BKK,2024-07-05 14:30,130,THAI,Business Class,370,155.0,,746,Y,Y,Y,2,7,2,32,Friday,False,False,False,Yangon International Airport,RGN
Kuala Lumpur International Airport,KUL,2024-07-05 18:40,Singapore Changi Airport,SIN,2024-07-05 19:50,70,Singapore Airlines,Business Class,970,725.0,True,846,Y,Y,Y,2,7,2,40,Friday,False,False,False,Yangon International Airport,RGN
Kuala Lumpur International Airport,KUL,2024-07-05 02:20,Guangzhou Baiyun International Airport,CAN,2024-07-05 06:25,245,China Southern,Business Class,565,115.0,,1029,Y,Y,Y,1,8,2,32,Friday,False,False,False,Yangon International Airport,RGN
Kuala Lumpur International Airport,KUL,2024-07-05 20:55,Suvarnabhumi Airport,BKK,2024-07-05 22:05,130,THAI,Business Class,920,700.0,True,539,Y,Y,Y,2,7,2,32,Friday,False,False,False,Yangon International Airport,RGN
Kuala Lumpur International Airport,KUL,2024-07-05 10:25,Singapore Changi Airport,SIN,2024-07-05 11:35,70,Singapore Airlines,Business Class,1465,1220.0,True,780,Y,Y,Y,2,7,2,40,Friday,False,False,False,Yangon International Airport,RGN
Kuala Lumpur International Airport,KUL,2024-07-05 20:40,Singapore Changi Airport,SIN,2024-07-05 21:50,70,Singapore Airlines,Business Class,850,605.0,True,1024,Y,Y,Y,2,7,2,40,Friday,False,False,False,Yangon International Airport,RGN
Kuala Lumpur International Airport,KUL,2024-07-05 13:25,Guangzhou Baiyun International Airport,CAN,2024-07-05 17:35,250,China Southern,Business Class,1340,885.0,True,1029,Y,Y,Y,1,8,2,32,Friday,False,False,False,Yangon International Airport,RGN
Kuala Lumpur International Airport,KUL,2024-07-05 21:45,Singapore Changi Airport,SIN,2024-07-05 22:55,70,Singapore Airlines,Business Class,785,540.0,True,1157,Y,Y,Y,2,7,2,40,Friday,False,False,False,Yangon International Airport,RGN
Kuala Lumpur International Airport,KUL,2024-07-05 21:10,Kunming Changshui International Airport,KMG,2024-07-06 01:15,245,China Eastern,Business Class,1110,745.0,True,1572,Y,Y,Y,1,8,2,32,Friday,True,False,False,Yangon International Airport,RGN
Kuala Lumpur International Airport,KUL,2024-07-05 17:10,Taiwan Taoyuan International Airport,TPE,2024-07-05 22:00,290,STARLUX,Business Class,1075,540.0,True,1828,Y,Y,Y,2,7,2,32,Friday,False,False,False,Yangon International Airport,RGN
Kuala Lumpur International Airport,KUL,2024-07-06 09:10,Yangon International Airport,RGN,2024-07-06 10:25,165,Malaysia Airlines,Business Class,165,,,196,Y,Y,Y,2,7,2,32,Saturday,False,False,False,Yangon International Airport,RGN
Kuala Lumpur International Airport,KUL,2024-07-06 20:55,Suvarnabhumi Airport,BKK,2024-07-06 22:05,130,THAI,Business Class,920,700.0,True,539,Y,Y,Y,2,7,2,32,Saturday,False,False,False,Yangon International Airport,RGN
Kuala Lumpur International Airport,KUL,2024-07-06 13:20,Suvarnabhumi Airport,BKK,2024-07-06 14:30,130,THAI,Business Class,370,155.0,,651,Y,Y,Y,2,7,2,32,Saturday,False,False,False,Yangon International Airport,RGN
Kuala Lumpur International Airport,KUL,2024-07-06 21:00,Singapore Changi Airport,SIN,2024-07-06 22:15,75,Singapore Airlines,Business Class,830,580.0,True,1024,Y,Y,Y,2,7,2,40,Saturday,False,False,False,Yangon International Airport,RGN
Kuala Lumpur International Airport,KUL,2024-07-06 02:20,Guangzhou Baiyun International Airport,CAN,2024-07-06 06:25,245,China Southern,Business Class,565,115.0,,1383,Y,Y,Y,1,8,2,32,Saturday,False,False,False,Yangon International Airport,RGN
Kuala Lumpur International Airport,KUL,2024-07-06 21:10,Kunming Changshui International Airport,KMG,2024-07-07 01:15,245,China Eastern,Business Class,1110,745.0,True,1572,Y,Y,Y,1,8,2,32,Saturday,True,False,False,Yangon International Airport,RGN
Kuala Lumpur International Airport,KUL,2024-07-07 09:10,Yangon International Airport,RGN,2024-07-07 10:25,165,Malaysia Airlines,Business Class,165,,,196,Y,Y,Y,2,7,2,32,Sunday,False,True,False,Yangon International Airport,RGN
Kuala Lumpur International Airport,KUL,2024-07-07 13:20,Suvarnabhumi Airport,BKK,2024-07-07 14:30,130,THAI,Business Class,370,155.0,,526,Y,Y,Y,2,7,2,32,Sunday,False,True,False,Yangon International Airport,RGN
Kuala Lumpur International Airport,KUL,2024-07-07 20:55,Suvarnabhumi Airport,BKK,2024-07-07 22:05,130,THAI,Business Class,920,700.0,True,539,Y,Y,Y,2,7,2,32,Sunday,False,True,False,Yangon International Airport,RGN
Kuala Lumpur International Airport,KUL,2024-07-07 20:40,Singapore Changi Airport,SIN,2024-07-07 21:50,70,Singapore Airlines,Business Class,850,605.0,True,906,Y,Y,Y,2,7,2,40,Sunday,False,True,False,Yangon International Airport,RGN
Kuala Lumpur International Airport,KUL,2024-07-07 21:45,Singapore Changi Airport,SIN,2024-07-07 22:55,70,Singapore Airlines,Business Class,785,540.0,True,1024,Y,Y,Y,2,7,2,40,Sunday,False,True,False,Yangon International Airport,RGN
Kuala Lumpur International Airport,KUL,2024-07-07 18:00,Guangzhou Baiyun International Airport,CAN,2024-07-07 22:30,270,China Southern,Business Class,1065,590.0,True,1029,Y,Y,Y,1,8,2,32,Sunday,False,True,False,Yangon International Airport,RGN
Kuala Lumpur International Airport,KUL,2024-07-07 21:10,Kunming Changshui International Airport,KMG,2024-07-08 01:15,245,China Eastern,Business Class,1110,745.0,True,1572,Y,Y,Y,1,8,2,32,Sunday,True,True,False,Yangon International Airport,RGN
Kuala Lumpur International Airport,KUL,2024-07-08 09:10,Yangon International Airport,RGN,2024-07-08 10:25,165,Malaysia Airlines,Business Class,165,,,196,Y,Y,Y,2,7,2,32,Monday,False,True,False,Yangon International Airport,RGN
Kuala Lumpur International Airport,KUL,2024-07-08 13:20,Suvarnabhumi Airport,BKK,2024-07-08 14:30,130,THAI,Business Class,370,155.0,,526,Y,Y,Y,2,7,2,32,Monday,False,True,False,Yangon International Airport,RGN
Kuala Lumpur International Airport,KUL,2024-07-08 20:55,Suvarnabhumi Airport,BKK,2024-07-08 22:05,130,THAI,Business Class,920,700.0,True,539,Y,Y,Y,2,7,2,32,Monday,False,True,False,Yangon International Airport,RGN
Kuala Lumpur International Airport,KUL,2024-07-08 20:40,Singapore Changi Airport,SIN,2024-07-08 21:50,70,Singapore Airlines,Business Class,850,605.0,True,846,Y,Y,Y,2,7,2,40,Monday,False,True,False,Yangon International Airport,RGN
Kuala Lumpur International Airport,KUL,2024-07-08 21:45,Singapore Changi Airport,SIN,2024-07-08 22:55,70,Singapore Airlines,Business Class,785,540.0,True,906,Y,Y,Y,2,7,2,40,Monday,False,True,False,Yangon International Airport,RGN
Kuala Lumpur International Airport,KUL,2024-07-08 02:20,Guangzhou Baiyun International Airport,CAN,2024-07-08 06:25,245,China Southern,Business Class,565,115.0,,1029,Y,Y,Y,1,8,2,32,Monday,False,True,False,Yangon International Airport,RGN
Kuala Lumpur International Airport,KUL,2024-07-08 21:10,Kunming Changshui International Airport,KMG,2024-07-09 01:15,245,China Eastern,Business Class,1110,745.0,True,1572,Y,Y,Y,1,8,2,32,Monday,True,True,False,Yangon International Airport,RGN
Kuala Lumpur International Airport,KUL,2024-07-08 14:55,Taiwan Taoyuan International Airport,TPE,2024-07-08 19:45,290,China Airlines,Business Class,1210,675.0,True,1896,Y,Y,Y,2,7,2,32,Monday,False,True,False,Yangon International Airport,RGN
Kuala Lumpur International Airport,KUL,2024-07-09 09:10,Yangon International Airport,RGN,2024-07-09 10:25,165,Malaysia Airlines,Business Class,165,,,196,Y,Y,Y,2,7,2,32,Tuesday,False,False,False,Yangon International Airport,RGN
Kuala Lumpur International Airport,KUL,2024-07-09 13:20,Suvarnabhumi Airport,BKK,2024-07-09 14:30,130,THAI,Business Class,370,155.0,,526,Y,Y,Y,2,7,2,32,Tuesday,False,False,False,Yangon International Airport,RGN
Kuala Lumpur International Airport,KUL,2024-07-09 20:55,Suvarnabhumi Airport,BKK,2024-07-09 22:05,130,THAI,Business Class,920,700.0,True,539,Y,Y,Y,2,7,2,32,Tuesday,False,False,False,Yangon International Airport,RGN
Kuala Lumpur International Airport,KUL,2024-07-09 08:55,Singapore Changi Airport,SIN,2024-07-09 10:05,70,Singapore Airlines,Business Class,1555,1310.0,True,906,Y,Y,Y,2,7,2,40,Tuesday,False,False,False,Yangon International Airport,RGN
Kuala Lumpur International Airport,KUL,2024-07-09 21:45,Singapore Changi Airport,SIN,2024-07-09 22:55,70,Singapore Airlines,Business Class,785,540.0,True,1024,Y,Y,Y,2,7,2,40,Tuesday,False,False,False,Yangon International Airport,RGN
Kuala Lumpur International Airport,KUL,2024-07-09 18:00,Guangzhou Baiyun International Airport,CAN,2024-07-09 22:30,270,China Southern,Business Class,1065,590.0,True,1029,Y,Y,Y,1,8,2,32,Tuesday,False,False,False,Yangon International Airport,RGN
Kuala Lumpur International Airport,KUL,2024-07-09 21:10,Kunming Changshui International Airport,KMG,2024-07-10 01:15,245,China Eastern,Business Class,1110,745.0,True,1572,Y,Y,Y,1,8,2,32,Tuesday,True,False,False,Yangon International Airport,RGN
Kuala Lumpur International Airport,KUL,2024-07-10 09:10,Yangon International Airport,RGN,2024-07-10 10:25,165,Malaysia Airlines,Business Class,165,,,196,Y,Y,Y,2,7,2,32,Wednesday,False,False,False,Yangon International Airport,RGN
Kuala Lumpur International Airport,KUL,2024-07-10 13:20,Suvarnabhumi Airport,BKK,2024-07-10 14:30,130,THAI,Business Class,370,155.0,,746,Y,Y,Y,2,7,2,32,Wednesday,False,False,False,Yangon International Airport,RGN
Kuala Lumpur International Airport,KUL,2024-07-10 20:55,Suvarnabhumi Airport,BKK,2024-07-10 22:05,130,THAI,Business Class,920,700.0,True,539,Y,Y,Y,2,7,2,32,Wednesday,False,False,False,Yangon International Airport,RGN
Kuala Lumpur International Airport,KUL,2024-07-10 20:40,Singapore Changi Airport,SIN,2024-07-10 21:50,70,Singapore Airlines,Business Class,850,605.0,True,846,Y,Y,Y,2,7,2,40,Wednesday,False,False,False,Yangon International Airport,RGN
Kuala Lumpur International Airport,KUL,2024-07-10 21:45,Singapore Changi Airport,SIN,2024-07-10 22:55,70,Singapore Airlines,Business Class,785,540.0,True,906,Y,Y,Y,2,7,2,40,Wednesday,False,False,False,Yangon International Airport,RGN
Kuala Lumpur International Airport,KUL,2024-07-10 02:20,Guangzhou Baiyun International Airport,CAN,2024-07-10 06:25,245,China Southern,Business Class,565,115.0,,1383,Y,Y,Y,1,8,2,32,Wednesday,False,False,False,Yangon International Airport,RGN
Kuala Lumpur International Airport,KUL,2024-07-10 21:10,Kunming Changshui International Airport,KMG,2024-07-11 01:15,245,China Eastern,Business Class,1110,745.0,True,1572,Y,Y,Y,1,8,2,32,Wednesday,True,False,False,Yangon International Airport,RGN
Kuala Lumpur International Airport,KUL,2024-07-10 17:10,Taiwan Taoyuan International Airport,TPE,2024-07-10 22:00,290,STARLUX,Business Class,1075,540.0,True,1595,Y,Y,Y,2,7,2,32,Wednesday,False,False,False,Yangon International Airport,RGN
Kuala Lumpur International Airport,KUL,2024-07-11 09:10,Yangon International Airport,RGN,2024-07-11 10:25,165,Malaysia Airlines,Business Class,165,,,196,Y,Y,Y,2,7,2,32,Thursday,False,False,False,Yangon International Airport,RGN
Kuala Lumpur International Airport,KUL,2024-07-11 13:20,Suvarnabhumi Airport,BKK,2024-07-11 14:30,130,THAI,Business Class,370,155.0,,526,Y,Y,Y,2,7,2,32,Thursday,False,False,False,Yangon International Airport,RGN
Kuala Lumpur International Airport,KUL,2024-07-11 20:55,Suvarnabhumi Airport,BKK,2024-07-11 22:05,130,THAI,Business Class,920,700.0,True,539,Y,Y,Y,2,7,2,32,Thursday,False,False,False,Yangon International Airport,RGN
Kuala Lumpur International Airport,KUL,2024-07-11 08:55,Singapore Changi Airport,SIN,2024-07-11 10:05,70,Singapore Airlines,Business Class,1555,1310.0,True,846,Y,Y,Y,2,7,2,40,Thursday,False,False,False,Yangon International Airport,RGN
Kuala Lumpur International Airport,KUL,2024-07-11 20:40,Singapore Changi Airport,SIN,2024-07-11 21:50,70,Singapore Airlines,Business Class,850,605.0,True,906,Y,Y,Y,2,7,2,40,Thursday,False,False,False,Yangon International Airport,RGN
Kuala Lumpur International Airport,KUL,2024-07-11 18:00,Guangzhou Baiyun International Airport,CAN,2024-07-11 22:30,270,China Southern,Business Class,1065,590.0,True,1029,Y,Y,Y,1,8,2,32,Thursday,False,False,False,Yangon International Airport,RGN
Kuala Lumpur International Airport,KUL,2024-07-11 21:45,Singapore Changi Airport,SIN,2024-07-11 22:55,70,Singapore Airlines,Business Class,785,540.0,True,1157,Y,Y,Y,2,7,2,40,Thursday,False,False,False,Yangon International Airport,RGN
Kuala Lumpur International Airport,KUL,2024-07-11 21:10,Kunming Changshui International Airport,KMG,2024-07-12 01:15,245,China Eastern,Business Class,1110,745.0,True,1572,Y,Y,Y,1,8,2,32,Thursday,True,False,False,Yangon International Airport,RGN
Kuala Lumpur International Airport,KUL,2024-07-12 09:10,Yangon International Airport,RGN,2024-07-12 10:25,165,Malaysia Airlines,Business Class,165,,,196,Y,Y,Y,2,7,2,32,Friday,False,False,False,Yangon International Airport,RGN
Kuala Lumpur International Airport,KUL,2024-07-12 13:20,Suvarnabhumi Airport,BKK,2024-07-12 14:30,130,THAI,Business Class,370,155.0,,651,Y,Y,Y,2,7,2,32,Friday,False,False,False,Yangon International Airport,RGN
Kuala Lumpur International Airport,KUL,2024-07-12 20:55,Suvarnabhumi Airport,BKK,2024-07-12 22:05,130,THAI,Business Class,920,700.0,True,539,Y,Y,Y,2,7,2,32,Friday,False,False,False,Yangon International Airport,RGN
Kuala Lumpur International Airport,KUL,2024-07-12 20:40,Singapore Changi Airport,SIN,2024-07-12 21:50,70,Singapore Airlines,Business Class,850,605.0,True,906,Y,Y,Y,2,7,2,40,Friday,False,False,False,Yangon International Airport,RGN
Kuala Lumpur International Airport,KUL,2024-07-12 21:45,Singapore Changi Airport,SIN,2024-07-12 22:55,70,Singapore Airlines,Business Class,785,540.0,True,1024,Y,Y,Y,2,7,2,40,Friday,False,False,False,Yangon International Airport,RGN
Kuala Lumpur International Airport,KUL,2024-07-12 13:25,Guangzhou Baiyun International Airport,CAN,2024-07-12 17:35,250,China Southern,Business Class,1340,885.0,True,1029,Y,Y,Y,1,8,2,32,Friday,False,False,False,Yangon International Airport,RGN
Kuala Lumpur International Airport,KUL,2024-07-12 18:00,Guangzhou Baiyun International Airport,CAN,2024-07-12 22:30,270,China Southern,Business Class,1065,590.0,True,1383,Y,Y,Y,1,8,2,32,Friday,False,False,False,Yangon International Airport,RGN
Kuala Lumpur International Airport,KUL,2024-07-12 02:20,Guangzhou Baiyun International Airport,CAN,2024-07-12 06:25,245,China Southern,Business Class,565,115.0,,1699,Y,Y,Y,1,8,2,32,Friday,False,False,False,Yangon International Airport,RGN
Kuala Lumpur International Airport,KUL,2024-07-13 09:10,Yangon International Airport,RGN,2024-07-13 10:25,165,Malaysia Airlines,Business Class,165,,,196,Y,Y,Y,2,7,2,32,Saturday,False,False,False,Yangon International Airport,RGN
Kuala Lumpur International Airport,KUL,2024-07-13 20:55,Suvarnabhumi Airport,BKK,2024-07-13 22:05,130,THAI,Business Class,920,700.0,True,539,Y,Y,Y,2,7,2,32,Saturday,False,False,False,Yangon International Airport,RGN
Kuala Lumpur International Airport,KUL,2024-07-13 13:20,Suvarnabhumi Airport,BKK,2024-07-13 14:30,130,THAI,Business Class,370,155.0,,651,Y,Y,Y,2,7,2,32,Saturday,False,False,False,Yangon International Airport,RGN
Kuala Lumpur International Airport,KUL,2024-07-13 21:45,Singapore Changi Airport,SIN,2024-07-13 22:55,70,Singapore Airlines,Business Class,785,540.0,True,906,Y,Y,Y,2,7,2,40,Saturday,False,False,False,Yangon International Airport,RGN
Kuala Lumpur International Airport,KUL,2024-07-13 02:20,Guangzhou Baiyun International Airport,CAN,2024-07-13 06:25,245,China Southern,Business Class,565,115.0,,1383,Y,Y,Y,1,8,2,32,Saturday,False,False,False,Yangon International Airport,RGN
Kuala Lumpur International Airport,KUL,2024-07-13 21:10,Kunming Changshui International Airport,KMG,2024-07-14 01:15,245,China Eastern,Business Class,1110,745.0,True,1572,Y,Y,Y,1,8,2,32,Saturday,True,False,False,Yangon International Airport,RGN
Kuala Lumpur International Airport,KUL,2024-07-14 09:10,Yangon International Airport,RGN,2024-07-14 10:25,165,Malaysia Airlines,Business Class,165,,,196,Y,Y,Y,2,7,2,32,Sunday,False,False,False,Yangon International Airport,RGN
Kuala Lumpur International Airport,KUL,2024-07-14 13:20,Suvarnabhumi Airport,BKK,2024-07-14 14:30,130,THAI,Business Class,370,155.0,,651,Y,Y,Y,2,7,2,32,Sunday,False,False,False,Yangon International Airport,RGN
Kuala Lumpur International Airport,KUL,2024-07-14 20:55,Suvarnabhumi Airport,BKK,2024-07-14 22:05,130,THAI,Business Class,920,700.0,True,539,Y,Y,Y,2,7,2,32,Sunday,False,False,False,Yangon International Airport,RGN
Kuala Lumpur International Airport,KUL,2024-07-14 20:40,Singapore Changi Airport,SIN,2024-07-14 21:50,70,Singapore Airlines,Business Class,850,605.0,True,906,Y,Y,Y,2,7,2,40,Sunday,False,False,False,Yangon International Airport,RGN
Kuala Lumpur International Airport,KUL,2024-07-14 21:45,Singapore Changi Airport,SIN,2024-07-14 22:55,70,Singapore Airlines,Business Class,785,540.0,True,1024,Y,Y,Y,2,7,2,40,Sunday,False,False,False,Yangon International Airport,RGN
Kuala Lumpur International Airport,KUL,2024-07-14 13:25,Guangzhou Baiyun International Airport,CAN,2024-07-14 17:35,250,China Southern,Business Class,1340,885.0,True,1029,Y,Y,Y,1,8,2,32,Sunday,False,False,False,Yangon International Airport,RGN
Kuala Lumpur International Airport,KUL,2024-07-14 18:00,Guangzhou Baiyun International Airport,CAN,2024-07-14 22:30,270,China Southern,Business Class,1065,590.0,True,1383,Y,Y,Y,1,8,2,32,Sunday,False,False,False,Yangon International Airport,RGN
Kuala Lumpur International Airport,KUL,2024-07-14 21:10,Kunming Changshui International Airport,KMG,2024-07-15 01:15,245,China Eastern,Business Class,1110,745.0,True,1572,Y,Y,Y,1,8,2,32,Sunday,True,False,False,Yangon International Airport,RGN
Kuala Lumpur International Airport,KUL,2024-07-15 09:10,Yangon International Airport,RGN,2024-07-15 10:25,165,Malaysia Airlines,Business Class,165,,,196,Y,Y,Y,2,7,2,32,Monday,False,False,False,Yangon International Airport,RGN
Kuala Lumpur International Airport,KUL,2024-07-15 13:20,Suvarnabhumi Airport,BKK,2024-07-15 14:30,130,THAI,Business Class,370,155.0,,526,Y,Y,Y,2,7,2,32,Monday,False,False,False,Yangon International Airport,RGN
Kuala Lumpur International Airport,KUL,2024-07-15 20:55,Suvarnabhumi Airport,BKK,2024-07-15 22:05,130,THAI,Business Class,920,700.0,True,539,Y,Y,Y,2,7,2,32,Monday,False,False,False,Yangon International Airport,RGN
Kuala Lumpur International Airport,KUL,2024-07-15 20:40,Singapore Changi Airport,SIN,2024-07-15 21:50,70,Singapore Airlines,Business Class,850,605.0,True,846,Y,Y,Y,2,7,2,40,Monday,False,False,False,Yangon International Airport,RGN
Kuala Lumpur International Airport,KUL,2024-07-15 21:45,Singapore Changi Airport,SIN,2024-07-15 22:55,70,Singapore Airlines,Business Class,785,540.0,True,906,Y,Y,Y,2,7,2,40,Monday,False,False,False,Yangon International Airport,RGN
Kuala Lumpur International Airport,KUL,2024-07-15 02:20,Guangzhou Baiyun International Airport,CAN,2024-07-15 06:25,245,China Southern,Business Class,565,115.0,,1029,Y,Y,Y,1,8,2,32,Monday,False,False,False,Yangon International Airport,RGN
Kuala Lumpur International Airport,KUL,2024-07-15 21:10,Kunming Changshui International Airport,KMG,2024-07-16 01:15,245,China Eastern,Business Class,1110,745.0,True,1572,Y,Y,Y,1,8,2,32,Monday,True,False,False,Yangon International Airport,RGN
Kuala Lumpur International Airport,KUL,2024-07-15 14:55,Taiwan Taoyuan International Airport,TPE,2024-07-15 19:45,290,China Airlines,Business Class,1210,675.0,True,1896,Y,Y,Y,2,7,2,32,Monday,False,False,False,Yangon International Airport,RGN
Kuala Lumpur International Airport,KUL,2024-07-16 09:10,Yangon International Airport,RGN,2024-07-16 10:25,165,Malaysia Airlines,Business Class,165,,,196,Y,Y,Y,2,7,2,32,Tuesday,False,False,False,Yangon International Airport,RGN
Kuala Lumpur International Airport,KUL,2024-07-16 13:20,Suvarnabhumi Airport,BKK,2024-07-16 14:30,130,THAI,Business Class,370,155.0,,526,Y,Y,Y,2,7,2,32,Tuesday,False,False,False,Yangon International Airport,RGN
Kuala Lumpur International Airport,KUL,2024-07-16 20:55,Suvarnabhumi Airport,BKK,2024-07-16 22:05,130,THAI,Business Class,920,700.0,True,539,Y,Y,Y,2,7,2,32,Tuesday,False,False,False,Yangon International Airport,RGN
Kuala Lumpur International Airport,KUL,2024-07-16 20:40,Singapore Changi Airport,SIN,2024-07-16 21:50,70,Singapore Airlines,Business Class,850,605.0,True,906,Y,Y,Y,2,7,2,40,Tuesday,False,False,False,Yangon International Airport,RGN
Kuala Lumpur International Airport,KUL,2024-07-16 13:25,Guangzhou Baiyun International Airport,CAN,2024-07-16 17:35,250,China Southern,Business Class,1340,885.0,True,1029,Y,Y,Y,1,8,2,32,Tuesday,False,False,False,Yangon International Airport,RGN
Kuala Lumpur International Airport,KUL,2024-07-16 21:45,Singapore Changi Airport,SIN,2024-07-16 22:55,70,Singapore Airlines,Business Class,785,540.0,True,1157,Y,Y,Y,2,7,2,40,Tuesday,False,False,False,Yangon International Airport,RGN
Kuala Lumpur International Airport,KUL,2024-07-16 21:10,Kunming Changshui International Airport,KMG,2024-07-17 01:15,245,China Eastern,Business Class,1110,745.0,True,1572,Y,Y,Y,1,8,2,32,Tuesday,True,False,False,Yangon International Airport,RGN
Kuala Lumpur International Airport,KUL,2024-07-16 18:00,Guangzhou Baiyun International Airport,CAN,2024-07-16 22:30,270,China Southern,Business Class,1065,590.0,True,1699,Y,Y,Y,1,8,2,32,Tuesday,False,False,False,Yangon International Airport,RGN
Kuala Lumpur International Airport,KUL,2024-07-17 09:10,Yangon International Airport,RGN,2024-07-17 10:25,165,Malaysia Airlines,Business Class,165,,,196,Y,Y,Y,2,7,2,32,Wednesday,False,False,False,Yangon International Airport,RGN
Kuala Lumpur International Airport,KUL,2024-07-17 13:20,Suvarnabhumi Airport,BKK,2024-07-17 14:30,130,THAI,Business Class,370,155.0,,526,Y,Y,Y,2,7,2,32,Wednesday,False,False,False,Yangon International Airport,RGN
Kuala Lumpur International Airport,KUL,2024-07-17 20:55,Suvarnabhumi Airport,BKK,2024-07-17 22:05,130,THAI,Business Class,920,700.0,True,539,Y,Y,Y,2,7,2,32,Wednesday,False,False,False,Yangon International Airport,RGN
Kuala Lumpur International Airport,KUL,2024-07-17 20:40,Singapore Changi Airport,SIN,2024-07-17 21:50,70,Singapore Airlines,Business Class,850,605.0,True,846,Y,Y,Y,2,7,2,40,Wednesday,False,False,False,Yangon International Airport,RGN
Kuala Lumpur International Airport,KUL,2024-07-17 21:45,Singapore Changi Airport,SIN,2024-07-17 22:55,70,Singapore Airlines,Business Class,785,540.0,True,1024,Y,Y,Y,2,7,2,40,Wednesday,False,False,False,Yangon International Airport,RGN
Kuala Lumpur International Airport,KUL,2024-07-17 02:20,Guangzhou Baiyun International Airport,CAN,2024-07-17 06:25,245,China Southern,Business Class,565,115.0,,1383,Y,Y,Y,1,8,2,32,Wednesday,False,False,False,Yangon International Airport,RGN
Kuala Lumpur International Airport,KUL,2024-07-17 21:10,Kunming Changshui International Airport,KMG,2024-07-18 01:15,245,China Eastern,Business Class,1110,745.0,True,1572,Y,Y,Y,1,8,2,32,Wednesday,True,False,False,Yangon International Airport,RGN
Kuala Lumpur International Airport,KUL,2024-07-17 14:55,Taiwan Taoyuan International Airport,TPE,2024-07-17 19:45,290,China Airlines,Business Class,1210,675.0,True,1896,Y,Y,Y,2,7,2,32,Wednesday,False,False,False,Yangon International Airport,RGN
Kuala Lumpur International Airport,KUL,2024-07-18 09:10,Yangon International Airport,RGN,2024-07-18 10:25,165,Malaysia Airlines,Business Class,165,,,196,Y,Y,Y,2,7,2,32,Thursday,False,False,False,Yangon International Airport,RGN
Kuala Lumpur International Airport,KUL,2024-07-18 13:20,Suvarnabhumi Airport,BKK,2024-07-18 14:30,130,THAI,Business Class,370,155.0,,526,Y,Y,Y,2,7,2,32,Thursday,False,False,False,Yangon International Airport,RGN
Kuala Lumpur International Airport,KUL,2024-07-18 20:55,Suvarnabhumi Airport,BKK,2024-07-18 22:05,130,THAI,Business Class,920,700.0,True,539,Y,Y,Y,2,7,2,32,Thursday,False,False,False,Yangon International Airport,RGN
Kuala Lumpur International Airport,KUL,2024-07-18 20:40,Singapore Changi Airport,SIN,2024-07-18 21:50,70,Singapore Airlines,Business Class,850,605.0,True,846,Y,Y,Y,2,7,2,40,Thursday,False,False,False,Yangon International Airport,RGN
Kuala Lumpur International Airport,KUL,2024-07-18 18:00,Guangzhou Baiyun International Airport,CAN,2024-07-18 22:30,270,China Southern,Business Class,1065,590.0,True,1029,Y,Y,Y,1,8,2,32,Thursday,False,False,False,Yangon International Airport,RGN
Kuala Lumpur International Airport,KUL,2024-07-18 21:45,Singapore Changi Airport,SIN,2024-07-18 22:55,70,Singapore Airlines,Business Class,785,540.0,True,1157,Y,Y,Y,2,7,2,40,Thursday,False,False,False,Yangon International Airport,RGN
Kuala Lumpur International Airport,KUL,2024-07-18 21:10,Kunming Changshui International Airport,KMG,2024-07-19 01:15,245,China Eastern,Business Class,1110,745.0,True,1572,Y,Y,Y,1,8,2,32,Thursday,True,False,True,Yangon International Airport,RGN
Kuala Lumpur International Airport,KUL,2024-07-19 09:10,Yangon International Airport,RGN,2024-07-19 10:25,165,Malaysia Airlines,Business Class,165,,,196,Y,Y,Y,2,7,2,32,Friday,False,False,True,Yangon International Airport,RGN
Kuala Lumpur International Airport,KUL,2024-07-19 13:20,Suvarnabhumi Airport,BKK,2024-07-19 14:30,130,THAI,Business Class,370,155.0,,823,Y,Y,Y,2,7,2,32,Friday,False,False,True,Yangon International Airport,RGN
Kuala Lumpur International Airport,KUL,2024-07-19 20:55,Suvarnabhumi Airport,BKK,2024-07-19 22:05,130,THAI,Business Class,920,700.0,True,539,Y,Y,Y,2,7,2,32,Friday,False,False,True,Yangon International Airport,RGN
Kuala Lumpur International Airport,KUL,2024-07-19 18:40,Singapore Changi Airport,SIN,2024-07-19 19:50,70,Singapore Airlines,Business Class,970,725.0,True,846,Y,Y,Y,2,7,2,40,Friday,False,False,True,Yangon International Airport,RGN
Kuala Lumpur International Airport,KUL,2024-07-19 20:40,Singapore Changi Airport,SIN,2024-07-19 21:50,70,Singapore Airlines,Business Class,850,605.0,True,906,Y,Y,Y,2,7,2,40,Friday,False,False,True,Yangon International Airport,RGN
Kuala Lumpur International Airport,KUL,2024-07-19 02:20,Guangzhou Baiyun International Airport,CAN,2024-07-19 06:25,245,China Southern,Business Class,565,115.0,,1029,Y,Y,Y,1,8,2,32,Friday,False,False,True,Yangon International Airport,RGN
Kuala Lumpur International Airport,KUL,2024-07-19 16:55,Guangzhou Baiyun International Airport,CAN,2024-07-19 21:05,250,China Southern,Business Class,1130,675.0,True,1029,Y,Y,Y,1,8,2,32,Friday,False,False,True,Yangon International Airport,RGN
Kuala Lumpur International Airport,KUL,2024-07-19 21:45,Singapore Changi Airport,SIN,2024-07-19 22:55,70,Singapore Airlines,Business Class,785,540.0,True,1157,Y,Y,Y,2,7,2,40,Friday,False,False,True,Yangon International Airport,RGN
Kuala Lumpur International Airport,KUL,2024-07-20 09:10,Yangon International Airport,RGN,2024-07-20 10:25,165,Malaysia Airlines,Business Class,165,,,196,Y,Y,Y,2,7,2,32,Saturday,False,False,True,Yangon International Airport,RGN
Kuala Lumpur International Airport,KUL,2024-07-20 13:20,Suvarnabhumi Airport,BKK,2024-07-20 14:30,130,THAI,Business Class,370,155.0,,526,Y,Y,Y,2,7,2,32,Saturday,False,False,True,Yangon International Airport,RGN
Kuala Lumpur International Airport,KUL,2024-07-20 20:55,Suvarnabhumi Airport,BKK,2024-07-20 22:05,130,THAI,Business Class,920,700.0,True,539,Y,Y,Y,2,7,2,32,Saturday,False,False,True,Yangon International Airport,RGN
Kuala Lumpur International Airport,KUL,2024-07-20 21:00,Singapore Changi Airport,SIN,2024-07-20 22:15,75,Singapore Airlines,Business Class,830,580.0,True,906,Y,Y,Y,2,7,2,40,Saturday,False,False,True,Yangon International Airport,RGN
Kuala Lumpur International Airport,KUL,2024-07-20 21:45,Singapore Changi Airport,SIN,2024-07-20 22:55,70,Singapore Airlines,Business Class,785,540.0,True,1157,Y,Y,Y,2,7,2,40,Saturday,False,False,True,Yangon International Airport,RGN
Kuala Lumpur International Airport,KUL,2024-07-20 02:20,Guangzhou Baiyun International Airport,CAN,2024-07-20 06:25,245,China Southern,Business Class,565,115.0,,1383,Y,Y,Y,1,8,2,32,Saturday,False,False,True,Yangon International Airport,RGN
Kuala Lumpur International Airport,KUL,2024-07-20 21:10,Kunming Changshui International Airport,KMG,2024-07-21 01:15,245,China Eastern,Business Class,1110,745.0,True,1572,Y,Y,Y,1,8,2,32,Saturday,True,False,False,Yangon International Airport,RGN
Kuala Lumpur International Airport,KUL,2024-07-21 09:10,Yangon International Airport,RGN,2024-07-21 10:25,165,Malaysia Airlines,Business Class,165,,,196,Y,Y,Y,2,7,2,32,Sunday,False,False,False,Yangon International Airport,RGN
Kuala Lumpur International Airport,KUL,2024-07-21 13:20,Suvarnabhumi Airport,BKK,2024-07-21 14:30,130,THAI,Business Class,370,155.0,,651,Y,Y,Y,2,7,2,32,Sunday,False,False,False,Yangon International Airport,RGN
Kuala Lumpur International Airport,KUL,2024-07-21 20:55,Suvarnabhumi Airport,BKK,2024-07-21 22:05,130,THAI,Business Class,920,700.0,True,539,Y,Y,Y,2,7,2,32,Sunday,False,False,False,Yangon International Airport,RGN
Kuala Lumpur International Airport,KUL,2024-07-21 20:40,Singapore Changi Airport,SIN,2024-07-21 21:50,70,Singapore Airlines,Business Class,850,605.0,True,906,Y,Y,Y,2,7,2,40,Sunday,False,False,False,Yangon International Airport,RGN
Kuala Lumpur International Airport,KUL,2024-07-21 21:45,Singapore Changi Airport,SIN,2024-07-21 22:55,70,Singapore Airlines,Business Class,785,540.0,True,1024,Y,Y,Y,2,7,2,40,Sunday,False,False,False,Yangon International Airport,RGN
Kuala Lumpur International Airport,KUL,2024-07-21 13:25,Guangzhou Baiyun International Airport,CAN,2024-07-21 17:35,250,China Southern,Business Class,1340,885.0,True,1029,Y,Y,Y,1,8,2,32,Sunday,False,False,False,Yangon International Airport,RGN
Kuala Lumpur International Airport,KUL,2024-07-21 21:10,Kunming Changshui International Airport,KMG,2024-07-22 01:15,245,China Eastern,Business Class,1110,745.0,True,1572,Y,Y,Y,1,8,2,32,Sunday,True,False,False,Yangon International Airport,RGN
Kuala Lumpur International Airport,KUL,2024-07-21 18:00,Guangzhou Baiyun International Airport,CAN,2024-07-21 22:30,270,China Southern,Business Class,1065,590.0,True,1699,Y,Y,Y,1,8,2,32,Sunday,False,False,False,Yangon International Airport,RGN
Kuala Lumpur International Airport,KUL,2024-07-22 09:10,Yangon International Airport,RGN,2024-07-22 10:25,165,Malaysia Airlines,Business Class,165,,,196,Y,Y,Y,2,7,2,32,Monday,False,False,False,Yangon International Airport,RGN
Kuala Lumpur International Airport,KUL,2024-07-22 13:20,Suvarnabhumi Airport,BKK,2024-07-22 14:30,130,THAI,Business Class,370,155.0,,526,Y,Y,Y,2,7,2,32,Monday,False,False,False,Yangon International Airport,RGN
Kuala Lumpur International Airport,KUL,2024-07-22 20:55,Suvarnabhumi Airport,BKK,2024-07-22 22:05,130,THAI,Business Class,920,700.0,True,539,Y,Y,Y,2,7,2,32,Monday,False,False,False,Yangon International Airport,RGN
Kuala Lumpur International Airport,KUL,2024-07-22 21:45,Singapore Changi Airport,SIN,2024-07-22 22:55,70,Singapore Airlines,Business Class,785,540.0,True,846,Y,Y,Y,2,7,2,40,Monday,False,False,False,Yangon International Airport,RGN
Kuala Lumpur International Airport,KUL,2024-07-22 02:20,Guangzhou Baiyun International Airport,CAN,2024-07-22 06:25,245,China Southern,Business Class,565,115.0,,1029,Y,Y,Y,1,8,2,32,Monday,False,False,False,Yangon International Airport,RGN
Kuala Lumpur International Airport,KUL,2024-07-22 21:10,Kunming Changshui International Airport,KMG,2024-07-23 01:15,245,China Eastern,Business Class,1110,745.0,True,1572,Y,Y,Y,1,8,2,32,Monday,True,False,False,Yangon International Airport,RGN
Kuala Lumpur International Airport,KUL,2024-07-22 14:55,Taiwan Taoyuan International Airport,TPE,2024-07-22 19:45,290,China Airlines,Business Class,1210,675.0,True,1818,Y,Y,Y,2,7,2,32,Monday,False,False,False,Yangon International Airport,RGN
Kuala Lumpur International Airport,KUL,2024-07-22 17:10,Taiwan Taoyuan International Airport,TPE,2024-07-22 22:00,290,STARLUX,Business Class,1075,540.0,True,1828,Y,Y,Y,2,7,2,32,Monday,False,False,False,Yangon International Airport,RGN
Kuala Lumpur International Airport,KUL,2024-07-23 09:10,Yangon International Airport,RGN,2024-07-23 10:25,165,Malaysia Airlines,Business Class,165,,,196,Y,Y,Y,2,7,2,32,Tuesday,False,False,False,Yangon International Airport,RGN
Kuala Lumpur International Airport,KUL,2024-07-23 13:20,Suvarnabhumi Airport,BKK,2024-07-23 14:30,130,THAI,Business Class,370,155.0,,526,Y,Y,Y,2,7,2,32,Tuesday,False,False,False,Yangon International Airport,RGN
Kuala Lumpur International Airport,KUL,2024-07-23 20:55,Suvarnabhumi Airport,BKK,2024-07-23 22:05,130,THAI,Business Class,920,700.0,True,539,Y,Y,Y,2,7,2,32,Tuesday,False,False,False,Yangon International Airport,RGN
Kuala Lumpur International Airport,KUL,2024-07-23 20:40,Singapore Changi Airport,SIN,2024-07-23 21:50,70,Singapore Airlines,Business Class,850,605.0,True,780,Y,Y,Y,2,7,2,40,Tuesday,False,False,False,Yangon International Airport,RGN
Kuala Lumpur International Airport,KUL,2024-07-23 21:45,Singapore Changi Airport,SIN,2024-07-23 22:55,70,Singapore Airlines,Business Class,785,540.0,True,906,Y,Y,Y,2,7,2,40,Tuesday,False,False,False,Yangon International Airport,RGN
Kuala Lumpur International Airport,KUL,2024-07-23 18:00,Guangzhou Baiyun International Airport,CAN,2024-07-23 22:30,270,China Southern,Business Class,1065,590.0,True,1029,Y,Y,Y,1,8,2,32,Tuesday,False,False,False,Yangon International Airport,RGN
Kuala Lumpur International Airport,KUL,2024-07-23 21:10,Kunming Changshui International Airport,KMG,2024-07-24 01:15,245,China Eastern,Business Class,1110,745.0,True,1572,Y,Y,Y,1,8,2,32,Tuesday,True,False,False,Yangon International Airport,RGN
Kuala Lumpur International Airport,KUL,2024-07-24 09:10,Yangon International Airport,RGN,2024-07-24 10:25,165,Malaysia Airlines,Business Class,165,,,196,Y,Y,Y,2,7,2,32,Wednesday,False,False,False,Yangon International Airport,RGN
Kuala Lumpur International Airport,KUL,2024-07-24 13:20,Suvarnabhumi Airport,BKK,2024-07-24 14:30,130,THAI,Business Class,370,155.0,,526,Y,Y,Y,2,7,2,32,Wednesday,False,False,False,Yangon International Airport,RGN
Kuala Lumpur International Airport,KUL,2024-07-24 20:55,Suvarnabhumi Airport,BKK,2024-07-24 22:05,130,THAI,Business Class,920,700.0,True,539,Y,Y,Y,2,7,2,32,Wednesday,False,False,False,Yangon International Airport,RGN
Kuala Lumpur International Airport,KUL,2024-07-24 20:40,Singapore Changi Airport,SIN,2024-07-24 21:50,70,Singapore Airlines,Business Class,850,605.0,True,846,Y,Y,Y,2,7,2,40,Wednesday,False,False,False,Yangon International Airport,RGN
Kuala Lumpur International Airport,KUL,2024-07-24 21:45,Singapore Changi Airport,SIN,2024-07-24 22:55,70,Singapore Airlines,Business Class,785,540.0,True,1024,Y,Y,Y,2,7,2,40,Wednesday,False,False,False,Yangon International Airport,RGN
Kuala Lumpur International Airport,KUL,2024-07-24 02:20,Guangzhou Baiyun International Airport,CAN,2024-07-24 06:25,245,China Southern,Business Class,565,115.0,,1383,Y,Y,Y,1,8,2,32,Wednesday,False,False,False,Yangon International Airport,RGN
Kuala Lumpur International Airport,KUL,2024-07-24 21:10,Kunming Changshui International Airport,KMG,2024-07-25 01:15,245,China Eastern,Business Class,1110,745.0,True,1572,Y,Y,Y,1,8,2,32,Wednesday,True,False,False,Yangon International Airport,RGN
Kuala Lumpur International Airport,KUL,2024-07-24 14:55,Taiwan Taoyuan International Airport,TPE,2024-07-24 19:45,290,China Airlines,Business Class,1210,675.0,True,1818,Y,Y,Y,2,7,2,32,Wednesday,False,False,False,Yangon International Airport,RGN
Kuala Lumpur International Airport,KUL,2024-07-25 09:10,Yangon International Airport,RGN,2024-07-25 10:25,165,Malaysia Airlines,Business Class,165,,,196,Y,Y,Y,2,7,2,32,Thursday,False,False,False,Yangon International Airport,RGN
Kuala Lumpur International Airport,KUL,2024-07-25 13:20,Suvarnabhumi Airport,BKK,2024-07-25 14:30,130,THAI,Business Class,370,155.0,,526,Y,Y,Y,2,7,2,32,Thursday,False,False,False,Yangon International Airport,RGN
Kuala Lumpur International Airport,KUL,2024-07-25 20:55,Suvarnabhumi Airport,BKK,2024-07-25 22:05,130,THAI,Business Class,920,700.0,True,539,Y,Y,Y,2,7,2,32,Thursday,False,False,False,Yangon International Airport,RGN
Kuala Lumpur International Airport,KUL,2024-07-25 20:40,Singapore Changi Airport,SIN,2024-07-25 21:50,70,Singapore Airlines,Business Class,850,605.0,True,846,Y,Y,Y,2,7,2,40,Thursday,False,False,False,Yangon International Airport,RGN
Kuala Lumpur International Airport,KUL,2024-07-25 18:00,Guangzhou Baiyun International Airport,CAN,2024-07-25 22:30,270,China Southern,Business Class,1065,590.0,True,1029,Y,Y,Y,1,8,2,32,Thursday,False,False,False,Yangon International Airport,RGN
Kuala Lumpur International Airport,KUL,2024-07-25 21:45,Singapore Changi Airport,SIN,2024-07-25 22:55,70,Singapore Airlines,Business Class,785,540.0,True,1157,Y,Y,Y,2,7,2,40,Thursday,False,False,False,Yangon International Airport,RGN
Kuala Lumpur International Airport,KUL,2024-07-25 21:10,Kunming Changshui International Airport,KMG,2024-07-26 01:15,245,China Eastern,Business Class,1110,745.0,True,1572,Y,Y,Y,1,8,2,32,Thursday,True,False,False,Yangon International Airport,RGN
Kuala Lumpur International Airport,KUL,2024-07-26 09:10,Yangon International Airport,RGN,2024-07-26 10:25,165,Malaysia Airlines,Business Class,165,,,196,Y,Y,Y,2,7,2,32,Friday,False,False,False,Yangon International Airport,RGN
Kuala Lumpur International Airport,KUL,2024-07-26 13:20,Suvarnabhumi Airport,BKK,2024-07-26 14:30,130,THAI,Business Class,370,155.0,,651,Y,Y,Y,2,7,2,32,Friday,False,False,False,Yangon International Airport,RGN
Kuala Lumpur International Airport,KUL,2024-07-26 20:55,Suvarnabhumi Airport,BKK,2024-07-26 22:05,130,THAI,Business Class,920,700.0,True,539,Y,Y,Y,2,7,2,32,Friday,False,False,False,Yangon International Airport,RGN
Kuala Lumpur International Airport,KUL,2024-07-26 20:40,Singapore Changi Airport,SIN,2024-07-26 21:50,70,Singapore Airlines,Business Class,850,605.0,True,846,Y,Y,Y,2,7,2,40,Friday,False,False,False,Yangon International Airport,RGN
Kuala Lumpur International Airport,KUL,2024-07-26 02:20,Guangzhou Baiyun International Airport,CAN,2024-07-26 06:25,245,China Southern,Business Class,565,115.0,,1029,Y,Y,Y,1,8,2,32,Friday,False,False,False,Yangon International Airport,RGN
Kuala Lumpur International Airport,KUL,2024-07-26 13:25,Guangzhou Baiyun International Airport,CAN,2024-07-26 17:35,250,China Southern,Business Class,1340,885.0,True,1029,Y,Y,Y,1,8,2,32,Friday,False,False,False,Yangon International Airport,RGN
Kuala Lumpur International Airport,KUL,2024-07-26 21:45,Singapore Changi Airport,SIN,2024-07-26 22:55,70,Singapore Airlines,Business Class,785,540.0,True,1157,Y,Y,Y,2,7,2,40,Friday,False,False,False,Yangon International Airport,RGN
Kuala Lumpur International Airport,KUL,2024-07-26 21:10,Kunming Changshui International Airport,KMG,2024-07-27 01:15,245,China Eastern,Business Class,1110,745.0,True,1572,Y,Y,Y,1,8,2,32,Friday,True,False,False,Yangon International Airport,RGN
Kuala Lumpur International Airport,KUL,2024-07-27 09:10,Yangon International Airport,RGN,2024-07-27 10:25,165,Malaysia Airlines,Business Class,165,,,196,Y,Y,Y,2,7,2,32,Saturday,False,False,False,Yangon International Airport,RGN
Kuala Lumpur International Airport,KUL,2024-07-27 20:55,Suvarnabhumi Airport,BKK,2024-07-27 22:05,130,THAI,Business Class,920,700.0,True,539,Y,Y,Y,2,7,2,32,Saturday,False,False,False,Yangon International Airport,RGN
Kuala Lumpur International Airport,KUL,2024-07-27 13:20,Suvarnabhumi Airport,BKK,2024-07-27 14:30,130,THAI,Business Class,370,155.0,,651,Y,Y,Y,2,7,2,32,Saturday,False,False,False,Yangon International Airport,RGN
Kuala Lumpur International Airport,KUL,2024-07-27 21:00,Singapore Changi Airport,SIN,2024-07-27 22:15,75,Singapore Airlines,Business Class,830,580.0,True,846,Y,Y,Y,2,7,2,40,Saturday,False,False,False,Yangon International Airport,RGN
Kuala Lumpur International Airport,KUL,2024-07-27 21:45,Singapore Changi Airport,SIN,2024-07-27 22:55,70,Singapore Airlines,Business Class,785,540.0,True,906,Y,Y,Y,2,7,2,40,Saturday,False,False,False,Yangon International Airport,RGN
Kuala Lumpur International Airport,KUL,2024-07-27 02:20,Guangzhou Baiyun International Airport,CAN,2024-07-27 06:25,245,China Southern,Business Class,565,115.0,,1383,Y,Y,Y,1,8,2,32,Saturday,False,False,False,Yangon International Airport,RGN
Kuala Lumpur International Airport,KUL,2024-07-27 21:10,Kunming Changshui International Airport,KMG,2024-07-28 01:15,245,China Eastern,Business Class,1110,745.0,True,1572,Y,Y,Y,1,8,2,32,Saturday,True,False,False,Yangon International Airport,RGN
Kuala Lumpur International Airport,KUL,2024-07-28 09:10,Yangon International Airport,RGN,2024-07-28 10:25,165,Malaysia Airlines,Business Class,165,,,196,Y,Y,Y,2,7,2,32,Sunday,False,False,False,Yangon International Airport,RGN
Kuala Lumpur International Airport,KUL,2024-07-28 13:20,Suvarnabhumi Airport,BKK,2024-07-28 14:30,130,THAI,Business Class,370,155.0,,526,Y,Y,Y,2,7,2,32,Sunday,False,False,False,Yangon International Airport,RGN
Kuala Lumpur International Airport,KUL,2024-07-28 20:55,Suvarnabhumi Airport,BKK,2024-07-28 22:05,130,THAI,Business Class,920,700.0,True,539,Y,Y,Y,2,7,2,32,Sunday,False,False,False,Yangon International Airport,RGN
Kuala Lumpur International Airport,KUL,2024-07-28 20:40,Singapore Changi Airport,SIN,2024-07-28 21:50,70,Singapore Airlines,Business Class,850,605.0,True,906,Y,Y,Y,2,7,2,40,Sunday,False,False,False,Yangon International Airport,RGN
Kuala Lumpur International Airport,KUL,2024-07-28 21:45,Singapore Changi Airport,SIN,2024-07-28 22:55,70,Singapore Airlines,Business Class,785,540.0,True,1024,Y,Y,Y,2,7,2,40,Sunday,False,False,False,Yangon International Airport,RGN
Kuala Lumpur International Airport,KUL,2024-07-28 18:00,Guangzhou Baiyun International Airport,CAN,2024-07-28 22:30,270,China Southern,Business Class,1065,590.0,True,1029,Y,Y,Y,1,8,2,32,Sunday,False,False,False,Yangon International Airport,RGN
Kuala Lumpur International Airport,KUL,2024-07-28 21:10,Kunming Changshui International Airport,KMG,2024-07-29 01:15,245,China Eastern,Business Class,1110,745.0,True,1460,Y,Y,Y,1,8,2,32,Sunday,True,False,False,Yangon International Airport,RGN
Kuala Lumpur International Airport,KUL,2024-07-28 14:55,Taiwan Taoyuan International Airport,TPE,2024-07-28 19:45,290,China Airlines,Business Class,1210,675.0,True,1818,Y,Y,Y,2,7,2,32,Sunday,False,False,False,Yangon International Airport,RGN
Kuala Lumpur International Airport,KUL,2024-07-29 09:10,Yangon International Airport,RGN,2024-07-29 10:25,165,Malaysia Airlines,Business Class,165,,,196,Y,Y,Y,2,7,2,32,Monday,False,False,False,Yangon International Airport,RGN
Kuala Lumpur International Airport,KUL,2024-07-29 13:20,Suvarnabhumi Airport,BKK,2024-07-29 14:30,130,THAI,Business Class,370,155.0,,526,Y,Y,Y,2,7,2,32,Monday,False,False,False,Yangon International Airport,RGN
Kuala Lumpur International Airport,KUL,2024-07-29 20:55,Suvarnabhumi Airport,BKK,2024-07-29 22:05,130,THAI,Business Class,920,700.0,True,539,Y,Y,Y,2,7,2,32,Monday,False,False,False,Yangon International Airport,RGN
Kuala Lumpur International Airport,KUL,2024-07-29 20:40,Singapore Changi Airport,SIN,2024-07-29 21:50,70,Singapore Airlines,Business Class,850,605.0,True,846,Y,Y,Y,2,7,2,40,Monday,False,False,False,Yangon International Airport,RGN
Kuala Lumpur International Airport,KUL,2024-07-29 21:45,Singapore Changi Airport,SIN,2024-07-29 22:55,70,Singapore Airlines,Business Class,785,540.0,True,906,Y,Y,Y,2,7,2,40,Monday,False,False,False,Yangon International Airport,RGN
Kuala Lumpur International Airport,KUL,2024-07-29 02:20,Guangzhou Baiyun International Airport,CAN,2024-07-29 06:25,245,China Southern,Business Class,565,115.0,,1383,Y,Y,Y,1,8,2,32,Monday,False,False,False,Yangon International Airport,RGN
Kuala Lumpur International Airport,KUL,2024-07-29 21:10,Kunming Changshui International Airport,KMG,2024-07-30 01:15,245,China Eastern,Business Class,1110,745.0,True,1460,Y,Y,Y,1,8,2,32,Monday,True,False,False,Yangon International Airport,RGN
Kuala Lumpur International Airport,KUL,2024-07-29 14:55,Taiwan Taoyuan International Airport,TPE,2024-07-29 19:45,290,China Airlines,Business Class,1210,675.0,True,1818,Y,Y,Y,2,7,2,32,Monday,False,False,False,Yangon International Airport,RGN
Kuala Lumpur International Airport,KUL,2024-07-30 09:10,Yangon International Airport,RGN,2024-07-30 10:25,165,Malaysia Airlines,Business Class,165,,,196,Y,Y,Y,2,7,2,32,Tuesday,False,False,False,Yangon International Airport,RGN
Kuala Lumpur International Airport,KUL,2024-07-30 13:20,Suvarnabhumi Airport,BKK,2024-07-30 14:30,130,THAI,Business Class,370,155.0,,526,Y,Y,Y,2,7,2,32,Tuesday,False,False,False,Yangon International Airport,RGN
Kuala Lumpur International Airport,KUL,2024-07-30 20:55,Suvarnabhumi Airport,BKK,2024-07-30 22:05,130,THAI,Business Class,920,700.0,True,539,Y,Y,Y,2,7,2,32,Tuesday,False,False,False,Yangon International Airport,RGN
Kuala Lumpur International Airport,KUL,2024-07-30 21:45,Singapore Changi Airport,SIN,2024-07-30 22:55,70,Singapore Airlines,Business Class,785,540.0,True,846,Y,Y,Y,2,7,2,40,Tuesday,False,False,False,Yangon International Airport,RGN
Kuala Lumpur International Airport,KUL,2024-07-30 18:00,Guangzhou Baiyun International Airport,CAN,2024-07-30 22:30,270,China Southern,Business Class,1065,590.0,True,1029,Y,Y,Y,1,8,2,32,Tuesday,False,False,False,Yangon International Airport,RGN
Kuala Lumpur International Airport,KUL,2024-07-30 21:10,Kunming Changshui International Airport,KMG,2024-07-31 01:15,245,China Eastern,Business Class,1110,745.0,True,1460,Y,Y,Y,1,8,2,32,Tuesday,True,False,False,Yangon International Airport,RGN
Kuala Lumpur International Airport,KUL,2024-07-31 09:10,Yangon International Airport,RGN,2024-07-31 10:25,165,Malaysia Airlines,Business Class,165,,,196,Y,Y,Y,2,7,2,32,Wednesday,False,False,False,Yangon International Airport,RGN
Kuala Lumpur International Airport,KUL,2024-07-31 13:20,Suvarnabhumi Airport,BKK,2024-07-31 14:30,130,THAI,Business Class,370,155.0,,746,Y,Y,Y,2,7,2,32,Wednesday,False,False,False,Yangon International Airport,RGN
Kuala Lumpur International Airport,KUL,2024-07-31 20:55,Suvarnabhumi Airport,BKK,2024-07-31 22:05,130,THAI,Business Class,910,690.0,True,539,Y,Y,Y,2,7,2,32,Wednesday,False,False,False,Yangon International Airport,RGN
Kuala Lumpur International Airport,KUL,2024-07-31 20:40,Singapore Changi Airport,SIN,2024-07-31 21:50,70,Singapore Airlines,Business Class,850,605.0,True,846,Y,Y,Y,2,7,2,40,Wednesday,False,False,False,Yangon International Airport,RGN
Kuala Lumpur International Airport,KUL,2024-07-31 21:45,Singapore Changi Airport,SIN,2024-07-31 22:55,70,Singapore Airlines,Business Class,785,540.0,True,906,Y,Y,Y,2,7,2,40,Wednesday,False,False,False,Yangon International Airport,RGN
Kuala Lumpur International Airport,KUL,2024-07-31 02:20,Guangzhou Baiyun International Airport,CAN,2024-07-31 06:25,245,China Southern,Business Class,565,115.0,,1383,Y,Y,Y,1,8,2,32,Wednesday,False,False,False,Yangon International Airport,RGN
Kuala Lumpur International Airport,KUL,2024-07-31 21:10,Kunming Changshui International Airport,KMG,2024-08-01 01:15,245,China Eastern,Business Class,1110,745.0,True,1460,Y,Y,Y,1,8,2,32,Wednesday,True,False,False,Yangon International Airport,RGN
Kuala Lumpur International Airport,KUL,2024-07-31 17:10,Taiwan Taoyuan International Airport,TPE,2024-07-31 22:00,290,STARLUX,Business Class,1075,540.0,True,1595,Y,Y,Y,2,7,2,32,Wednesday,False,False,False,Yangon International Airport,RGN
