Departure Airport Name,Departure Airport ID,Departure Time,Arrival Airport Name,Arrival Airport ID,Arrival Time,Duration,Airline,Travel Class,Total Duration,Layover 1 Duration,Layover 1 Overnight,Price, Cabin Baggage, Checked Baggage,Meal Included,Cabin Baggage (Number),Cabin Baggage (kg per piece),Checked Baggage (Number),Checked Baggage (kg per piece) ,Day of Week (on flight date),Overnight Flight,Departure Country Is Holiday,Arrival Country Is Holiday,Final Arrival Airport Name,Final Arrival Airport ID
Kuala Lumpur International Airport,KUL,2024-07-01 13:20,Suvarnabhumi Airport,BKK,2024-07-01 14:30,130,THAI,Business Class,445,235,,572.0,Y,Y,Y,2,7,2,32,Monday,False,False,False,Wattay International Airport,VTE
Kuala Lumpur International Airport,KUL,2024-07-01 20:55,Suvarnabhumi Airport,BKK,2024-07-01 22:05,130,THAI,Business Class,1015,810,True,606.0,Y,Y,Y,2,7,2,32,Monday,False,False,False,Wattay International Airport,VTE
Kuala Lumpur International Airport,KUL,2024-07-01 01:55,Shanghai Pudong International Airport,PVG,2024-07-01 07:30,335,China Eastern,Business Class,1285,710,,1080.0,Y,Y,Y,1,8,2,32,Monday,False,False,False,Wattay International Airport,VTE
Kuala Lumpur International Airport,KUL,2024-07-01 07:05,Shanghai Pudong International Airport,PVG,2024-07-01 12:45,340,Shanghai Airlines,Business Class,975,395,,1080.0,Y,Y,Y,1,5,1,30,Monday,False,False,False,Wattay International Airport,VTE
Kuala Lumpur International Airport,KUL,2024-07-01 19:55,Shanghai Pudong International Airport,PVG,2024-07-02 01:35,340,Shanghai Airlines,Business Class,1645,1065,True,1080.0,Y,Y,Y,1,5,1,30,Monday,True,False,False,Wattay International Airport,VTE
Kuala Lumpur International Airport,KUL,2024-07-01 21:10,Kunming Changshui International Airport,KMG,2024-07-02 01:15,245,China Eastern,Business Class,810,470,True,1362.0,Y,Y,Y,1,8,2,32,Monday,True,False,False,Wattay International Airport,VTE
Kuala Lumpur International Airport,KUL,2024-07-02 13:20,Suvarnabhumi Airport,BKK,2024-07-02 14:30,130,THAI,Business Class,445,235,,572.0,Y,Y,Y,2,7,2,32,Tuesday,False,False,False,Wattay International Airport,VTE
Kuala Lumpur International Airport,KUL,2024-07-02 20:55,Suvarnabhumi Airport,BKK,2024-07-02 22:05,130,THAI,Business Class,1015,810,True,606.0,Y,Y,Y,2,7,2,32,Tuesday,False,False,False,Wattay International Airport,VTE
Kuala Lumpur International Airport,KUL,2024-07-02 18:00,Guangzhou Baiyun International Airport,CAN,2024-07-02 22:30,270,China Southern,Business Class,1510,1085,True,877.0,Y,Y,Y,1,8,2,32,Tuesday,False,False,False,Wattay International Airport,VTE
Kuala Lumpur International Airport,KUL,2024-07-02 01:55,Shanghai Pudong International Airport,PVG,2024-07-02 07:30,335,China Eastern,Business Class,1285,710,,1081.0,Y,Y,Y,1,8,2,32,Tuesday,False,False,False,Wattay International Airport,VTE
Kuala Lumpur International Airport,KUL,2024-07-02 07:05,Shanghai Pudong International Airport,PVG,2024-07-02 12:45,340,Shanghai Airlines,Business Class,975,395,,1081.0,Y,Y,Y,1,5,1,30,Tuesday,False,False,False,Wattay International Airport,VTE
Kuala Lumpur International Airport,KUL,2024-07-02 19:55,Shanghai Pudong International Airport,PVG,2024-07-03 01:35,340,Shanghai Airlines,Business Class,1645,1065,True,1081.0,Y,Y,Y,1,5,1,30,Tuesday,True,False,False,Wattay International Airport,VTE
Kuala Lumpur International Airport,KUL,2024-07-02 21:10,Kunming Changshui International Airport,KMG,2024-07-03 01:15,245,China Eastern,Business Class,810,470,True,1363.0,Y,Y,Y,1,8,2,32,Tuesday,True,False,False,Wattay International Airport,VTE
Kuala Lumpur International Airport,KUL,2024-07-02 20:00,Noi Bai International Airport,HAN,2024-07-02 22:05,185,Vietnam Airlines,Business Class,945,685,True,,Y,Y,Y,2,10,2,32,Tuesday,False,False,False,Wattay International Airport,VTE
Kuala Lumpur International Airport,KUL,2024-07-03 13:20,Suvarnabhumi Airport,BKK,2024-07-03 14:30,130,THAI,Business Class,445,235,,572.0,Y,Y,Y,2,7,2,32,Wednesday,False,False,False,Wattay International Airport,VTE
Kuala Lumpur International Airport,KUL,2024-07-03 20:55,Suvarnabhumi Airport,BKK,2024-07-03 22:05,130,THAI,Business Class,1015,810,True,606.0,Y,Y,Y,2,7,2,32,Wednesday,False,False,False,Wattay International Airport,VTE
Kuala Lumpur International Airport,KUL,2024-07-03 08:55,Guangzhou Baiyun International Airport,CAN,2024-07-03 12:55,240,China Southern,Business Class,615,220,,1483.0,Y,Y,Y,1,8,2,32,Wednesday,False,False,False,Wattay International Airport,VTE
Kuala Lumpur International Airport,KUL,2024-07-03 02:20,Guangzhou Baiyun International Airport,CAN,2024-07-03 06:25,245,China Southern,Business Class,1010,610,,877.0,Y,Y,Y,1,8,2,32,Wednesday,False,False,False,Wattay International Airport,VTE
Kuala Lumpur International Airport,KUL,2024-07-03 01:55,Shanghai Pudong International Airport,PVG,2024-07-03 07:30,335,China Eastern,Business Class,1285,710,,1081.0,Y,Y,Y,1,8,2,32,Wednesday,False,False,False,Wattay International Airport,VTE
Kuala Lumpur International Airport,KUL,2024-07-03 07:05,Shanghai Pudong International Airport,PVG,2024-07-03 12:45,340,Shanghai Airlines,Business Class,975,395,,1081.0,Y,Y,Y,1,5,1,30,Wednesday,False,False,False,Wattay International Airport,VTE
Kuala Lumpur International Airport,KUL,2024-07-03 19:55,Shanghai Pudong International Airport,PVG,2024-07-04 01:35,340,Shanghai Airlines,Business Class,1645,1065,True,1081.0,Y,Y,Y,1,5,1,30,Wednesday,True,False,False,Wattay International Airport,VTE
Kuala Lumpur International Airport,KUL,2024-07-03 21:10,Kunming Changshui International Airport,KMG,2024-07-04 01:15,245,China Eastern,Business Class,810,470,True,1363.0,Y,Y,Y,1,8,2,32,Wednesday,True,False,False,Wattay International Airport,VTE
Kuala Lumpur International Airport,KUL,2024-07-03 09:00,Guangzhou Baiyun International Airport,CAN,2024-07-03 13:10,250,Malaysia Airlines,Business Class,610,205,,4186.0,Y,Y,Y,2,7,2,32,Wednesday,False,False,False,Wattay International Airport,VTE
Kuala Lumpur International Airport,KUL,2024-07-04 13:20,Suvarnabhumi Airport,BKK,2024-07-04 14:30,130,THAI,Business Class,445,235,,572.0,Y,Y,Y,2,7,2,32,Thursday,False,False,False,Wattay International Airport,VTE
Kuala Lumpur International Airport,KUL,2024-07-04 18:00,Guangzhou Baiyun International Airport,CAN,2024-07-04 22:30,270,China Southern,Business Class,1510,1085,True,877.0,Y,Y,Y,1,8,2,32,Thursday,False,False,False,Wattay International Airport,VTE
Kuala Lumpur International Airport,KUL,2024-07-04 01:55,Shanghai Pudong International Airport,PVG,2024-07-04 07:30,335,China Eastern,Business Class,1285,710,,1081.0,Y,Y,Y,1,8,2,32,Thursday,False,False,False,Wattay International Airport,VTE
Kuala Lumpur International Airport,KUL,2024-07-04 07:05,Shanghai Pudong International Airport,PVG,2024-07-04 12:45,340,Shanghai Airlines,Business Class,975,395,,1081.0,Y,Y,Y,1,5,1,30,Thursday,False,False,False,Wattay International Airport,VTE
Kuala Lumpur International Airport,KUL,2024-07-04 19:55,Shanghai Pudong International Airport,PVG,2024-07-05 01:35,340,Shanghai Airlines,Business Class,1645,1065,True,1081.0,Y,Y,Y,1,5,1,30,Thursday,True,False,False,Wattay International Airport,VTE
Kuala Lumpur International Airport,KUL,2024-07-04 21:10,Kunming Changshui International Airport,KMG,2024-07-05 01:15,245,China Eastern,Business Class,810,470,True,1363.0,Y,Y,Y,1,8,2,32,Thursday,True,False,False,Wattay International Airport,VTE
Kuala Lumpur International Airport,KUL,2024-07-04 20:00,Noi Bai International Airport,HAN,2024-07-04 22:05,185,Vietnam Airlines,Business Class,945,685,True,,Y,Y,Y,2,10,2,32,Thursday,False,False,False,Wattay International Airport,VTE
Kuala Lumpur International Airport,KUL,2024-07-05 20:55,Suvarnabhumi Airport,BKK,2024-07-05 22:05,130,THAI,Business Class,1015,810,True,606.0,Y,Y,Y,2,7,2,32,Friday,False,False,False,Wattay International Airport,VTE
Kuala Lumpur International Airport,KUL,2024-07-05 13:20,Suvarnabhumi Airport,BKK,2024-07-05 14:30,130,THAI,Business Class,445,235,,677.0,Y,Y,Y,2,7,2,32,Friday,False,False,False,Wattay International Airport,VTE
Kuala Lumpur International Airport,KUL,2024-07-05 08:55,Guangzhou Baiyun International Airport,CAN,2024-07-05 12:55,240,China Southern,Business Class,615,220,,1483.0,Y,Y,Y,1,8,2,32,Friday,False,False,False,Wattay International Airport,VTE
Kuala Lumpur International Airport,KUL,2024-07-05 02:20,Guangzhou Baiyun International Airport,CAN,2024-07-05 06:25,245,China Southern,Business Class,1010,610,,877.0,Y,Y,Y,1,8,2,32,Friday,False,False,False,Wattay International Airport,VTE
Kuala Lumpur International Airport,KUL,2024-07-05 01:55,Shanghai Pudong International Airport,PVG,2024-07-05 07:30,335,China Eastern,Business Class,1285,710,,1081.0,Y,Y,Y,1,8,2,32,Friday,False,False,False,Wattay International Airport,VTE
Kuala Lumpur International Airport,KUL,2024-07-05 07:05,Shanghai Pudong International Airport,PVG,2024-07-05 12:45,340,Shanghai Airlines,Business Class,975,395,,1081.0,Y,Y,Y,1,5,1,30,Friday,False,False,False,Wattay International Airport,VTE
Kuala Lumpur International Airport,KUL,2024-07-05 19:55,Shanghai Pudong International Airport,PVG,2024-07-06 01:35,340,Shanghai Airlines,Business Class,1645,1065,True,1259.0,Y,Y,Y,1,5,1,30,Friday,True,False,False,Wattay International Airport,VTE
Kuala Lumpur International Airport,KUL,2024-07-05 21:10,Kunming Changshui International Airport,KMG,2024-07-06 01:15,245,China Eastern,Business Class,810,470,True,1834.0,Y,Y,Y,1,8,2,32,Friday,True,False,False,Wattay International Airport,VTE
Kuala Lumpur International Airport,KUL,2024-07-05 09:00,Guangzhou Baiyun International Airport,CAN,2024-07-05 13:10,250,Malaysia Airlines,Business Class,610,205,,4186.0,Y,Y,Y,2,7,2,32,Friday,False,False,False,Wattay International Airport,VTE
Kuala Lumpur International Airport,KUL,2024-07-06 13:20,Suvarnabhumi Airport,BKK,2024-07-06 14:30,130,THAI,Business Class,445,235,,572.0,Y,Y,Y,2,7,2,32,Saturday,False,False,False,Wattay International Airport,VTE
Kuala Lumpur International Airport,KUL,2024-07-06 20:55,Suvarnabhumi Airport,BKK,2024-07-06 22:05,130,THAI,Business Class,1015,810,True,606.0,Y,Y,Y,2,7,2,32,Saturday,False,False,False,Wattay International Airport,VTE
Kuala Lumpur International Airport,KUL,2024-07-06 18:00,Guangzhou Baiyun International Airport,CAN,2024-07-06 22:30,270,China Southern,Business Class,1510,1085,True,877.0,Y,Y,Y,1,8,2,32,Saturday,False,False,False,Wattay International Airport,VTE
Kuala Lumpur International Airport,KUL,2024-07-06 01:55,Shanghai Pudong International Airport,PVG,2024-07-06 07:30,335,China Eastern,Business Class,1285,710,,1081.0,Y,Y,Y,1,8,2,32,Saturday,False,False,False,Wattay International Airport,VTE
Kuala Lumpur International Airport,KUL,2024-07-06 07:05,Shanghai Pudong International Airport,PVG,2024-07-06 12:45,340,Shanghai Airlines,Business Class,975,395,,1259.0,Y,Y,Y,1,5,1,30,Saturday,False,False,False,Wattay International Airport,VTE
Kuala Lumpur International Airport,KUL,2024-07-06 21:10,Kunming Changshui International Airport,KMG,2024-07-07 01:15,245,China Eastern,Business Class,810,470,True,1834.0,Y,Y,Y,1,8,2,32,Saturday,True,False,False,Wattay International Airport,VTE
Kuala Lumpur International Airport,KUL,2024-07-06 19:55,Shanghai Pudong International Airport,PVG,2024-07-07 01:35,340,Shanghai Airlines,Business Class,1645,1065,True,2091.0,Y,Y,Y,1,5,1,30,Saturday,True,False,False,Wattay International Airport,VTE
Kuala Lumpur International Airport,KUL,2024-07-07 13:20,Suvarnabhumi Airport,BKK,2024-07-07 14:30,130,THAI,Business Class,445,235,,572.0,Y,Y,Y,2,7,2,32,Sunday,False,True,False,Wattay International Airport,VTE
Kuala Lumpur International Airport,KUL,2024-07-07 20:55,Suvarnabhumi Airport,BKK,2024-07-07 22:05,130,THAI,Business Class,1015,810,True,606.0,Y,Y,Y,2,7,2,32,Sunday,False,True,False,Wattay International Airport,VTE
Kuala Lumpur International Airport,KUL,2024-07-07 08:55,Guangzhou Baiyun International Airport,CAN,2024-07-07 12:45,230,China Southern,Business Class,615,230,,1483.0,Y,Y,Y,1,8,2,32,Sunday,False,True,False,Wattay International Airport,VTE
Kuala Lumpur International Airport,KUL,2024-07-07 02:20,Guangzhou Baiyun International Airport,CAN,2024-07-07 06:25,245,China Southern,Business Class,1010,610,,877.0,Y,Y,Y,1,8,2,32,Sunday,False,True,False,Wattay International Airport,VTE
Kuala Lumpur International Airport,KUL,2024-07-07 19:55,Shanghai Pudong International Airport,PVG,2024-07-08 01:35,340,Shanghai Airlines,Business Class,1645,1065,True,1259.0,Y,Y,Y,1,5,1,30,Sunday,True,True,False,Wattay International Airport,VTE
Kuala Lumpur International Airport,KUL,2024-07-07 21:10,Kunming Changshui International Airport,KMG,2024-07-08 01:15,245,China Eastern,Business Class,810,470,True,1834.0,Y,Y,Y,1,8,2,32,Sunday,True,True,False,Wattay International Airport,VTE
Kuala Lumpur International Airport,KUL,2024-07-07 01:55,Shanghai Pudong International Airport,PVG,2024-07-07 07:30,335,China Eastern,Business Class,1285,710,,1913.0,Y,Y,Y,1,8,2,32,Sunday,False,True,False,Wattay International Airport,VTE
Kuala Lumpur International Airport,KUL,2024-07-07 07:05,Shanghai Pudong International Airport,PVG,2024-07-07 12:45,340,Shanghai Airlines,Business Class,975,395,,1913.0,Y,Y,Y,1,5,1,30,Sunday,False,True,False,Wattay International Airport,VTE
Kuala Lumpur International Airport,KUL,2024-07-07 09:00,Guangzhou Baiyun International Airport,CAN,2024-07-07 13:10,250,Malaysia Airlines,Business Class,610,205,,4186.0,Y,Y,Y,2,7,2,32,Sunday,False,True,False,Wattay International Airport,VTE
Kuala Lumpur International Airport,KUL,2024-07-07 20:00,Noi Bai International Airport,HAN,2024-07-07 22:05,185,Vietnam Airlines,Business Class,945,685,True,,Y,Y,Y,2,10,2,32,Sunday,False,True,False,Wattay International Airport,VTE
Kuala Lumpur International Airport,KUL,2024-07-08 13:20,Suvarnabhumi Airport,BKK,2024-07-08 14:30,130,THAI,Business Class,445,235,,572.0,Y,Y,Y,2,7,2,32,Monday,False,True,False,Wattay International Airport,VTE
Kuala Lumpur International Airport,KUL,2024-07-08 20:55,Suvarnabhumi Airport,BKK,2024-07-08 22:05,130,THAI,Business Class,1015,810,True,606.0,Y,Y,Y,2,7,2,32,Monday,False,True,False,Wattay International Airport,VTE
Kuala Lumpur International Airport,KUL,2024-07-08 01:55,Shanghai Pudong International Airport,PVG,2024-07-08 07:30,335,China Eastern,Business Class,1285,710,,1081.0,Y,Y,Y,1,8,2,32,Monday,False,True,False,Wattay International Airport,VTE
Kuala Lumpur International Airport,KUL,2024-07-08 07:05,Shanghai Pudong International Airport,PVG,2024-07-08 12:45,340,Shanghai Airlines,Business Class,975,395,,1081.0,Y,Y,Y,1,5,1,30,Monday,False,True,False,Wattay International Airport,VTE
Kuala Lumpur International Airport,KUL,2024-07-08 19:55,Shanghai Pudong International Airport,PVG,2024-07-09 01:35,340,Shanghai Airlines,Business Class,1645,1065,True,1259.0,Y,Y,Y,1,5,1,30,Monday,True,True,False,Wattay International Airport,VTE
Kuala Lumpur International Airport,KUL,2024-07-08 21:10,Kunming Changshui International Airport,KMG,2024-07-09 01:15,245,China Eastern,Business Class,810,470,True,1834.0,Y,Y,Y,1,8,2,32,Monday,True,True,False,Wattay International Airport,VTE
Kuala Lumpur International Airport,KUL,2024-07-09 13:20,Suvarnabhumi Airport,BKK,2024-07-09 14:30,130,THAI,Business Class,445,235,,572.0,Y,Y,Y,2,7,2,32,Tuesday,False,False,False,Wattay International Airport,VTE
Kuala Lumpur International Airport,KUL,2024-07-09 20:55,Suvarnabhumi Airport,BKK,2024-07-09 22:05,130,THAI,Business Class,1015,810,True,606.0,Y,Y,Y,2,7,2,32,Tuesday,False,False,False,Wattay International Airport,VTE
Kuala Lumpur International Airport,KUL,2024-07-09 07:05,Shanghai Pudong International Airport,PVG,2024-07-09 12:45,340,Shanghai Airlines,Business Class,975,395,,1081.0,Y,Y,Y,1,5,1,30,Tuesday,False,False,False,Wattay International Airport,VTE
Kuala Lumpur International Airport,KUL,2024-07-09 18:00,Guangzhou Baiyun International Airport,CAN,2024-07-09 22:30,270,China Southern,Business Class,1510,1085,True,877.0,Y,Y,Y,1,8,2,32,Tuesday,False,False,False,Wattay International Airport,VTE
Kuala Lumpur International Airport,KUL,2024-07-09 01:55,Shanghai Pudong International Airport,PVG,2024-07-09 07:30,335,China Eastern,Business Class,1285,710,,1081.0,Y,Y,Y,1,8,2,32,Tuesday,False,False,False,Wattay International Airport,VTE
Kuala Lumpur International Airport,KUL,2024-07-09 19:55,Shanghai Pudong International Airport,PVG,2024-07-10 01:35,340,Shanghai Airlines,Business Class,1645,1065,True,1081.0,Y,Y,Y,1,5,1,30,Tuesday,True,False,False,Wattay International Airport,VTE
Kuala Lumpur International Airport,KUL,2024-07-09 21:10,Kunming Changshui International Airport,KMG,2024-07-10 01:15,245,China Eastern,Business Class,810,470,True,1834.0,Y,Y,Y,1,8,2,32,Tuesday,True,False,False,Wattay International Airport,VTE
Kuala Lumpur International Airport,KUL,2024-07-09 20:00,Noi Bai International Airport,HAN,2024-07-09 22:05,185,Vietnam Airlines,Business Class,945,685,True,,Y,Y,Y,2,10,2,32,Tuesday,False,False,False,Wattay International Airport,VTE
Kuala Lumpur International Airport,KUL,2024-07-10 13:20,Suvarnabhumi Airport,BKK,2024-07-10 14:30,130,THAI,Business Class,445,235,,572.0,Y,Y,Y,2,7,2,32,Wednesday,False,False,False,Wattay International Airport,VTE
Kuala Lumpur International Airport,KUL,2024-07-10 20:55,Suvarnabhumi Airport,BKK,2024-07-10 22:05,130,THAI,Business Class,1015,810,True,606.0,Y,Y,Y,2,7,2,32,Wednesday,False,False,False,Wattay International Airport,VTE
Kuala Lumpur International Airport,KUL,2024-07-10 07:05,Shanghai Pudong International Airport,PVG,2024-07-10 12:45,340,Shanghai Airlines,Business Class,975,395,,1081.0,Y,Y,Y,1,5,1,30,Wednesday,False,False,False,Wattay International Airport,VTE
Kuala Lumpur International Airport,KUL,2024-07-10 08:55,Guangzhou Baiyun International Airport,CAN,2024-07-10 12:55,240,China Southern,Business Class,615,220,,1483.0,Y,Y,Y,1,8,2,32,Wednesday,False,False,False,Wattay International Airport,VTE
Kuala Lumpur International Airport,KUL,2024-07-10 01:55,Shanghai Pudong International Airport,PVG,2024-07-10 07:30,335,China Eastern,Business Class,1285,710,,1081.0,Y,Y,Y,1,8,2,32,Wednesday,False,False,False,Wattay International Airport,VTE
Kuala Lumpur International Airport,KUL,2024-07-10 19:55,Shanghai Pudong International Airport,PVG,2024-07-11 01:35,340,Shanghai Airlines,Business Class,1645,1065,True,1155.0,Y,Y,Y,1,5,1,30,Wednesday,True,False,False,Wattay International Airport,VTE
Kuala Lumpur International Airport,KUL,2024-07-10 02:20,Guangzhou Baiyun International Airport,CAN,2024-07-10 06:25,245,China Southern,Business Class,1010,610,,1232.0,Y,Y,Y,1,8,2,32,Wednesday,False,False,False,Wattay International Airport,VTE
Kuala Lumpur International Airport,KUL,2024-07-10 21:10,Kunming Changshui International Airport,KMG,2024-07-11 01:15,245,China Eastern,Business Class,810,470,True,1834.0,Y,Y,Y,1,8,2,32,Wednesday,True,False,False,Wattay International Airport,VTE
Kuala Lumpur International Airport,KUL,2024-07-10 09:00,Guangzhou Baiyun International Airport,CAN,2024-07-10 13:10,250,Malaysia Airlines,Business Class,610,205,,4186.0,Y,Y,Y,2,7,2,32,Wednesday,False,False,False,Wattay International Airport,VTE
Kuala Lumpur International Airport,KUL,2024-07-11 13:20,Suvarnabhumi Airport,BKK,2024-07-11 14:30,130,THAI,Business Class,445,235,,572.0,Y,Y,Y,2,7,2,32,Thursday,False,False,False,Wattay International Airport,VTE
Kuala Lumpur International Airport,KUL,2024-07-11 20:55,Suvarnabhumi Airport,BKK,2024-07-11 22:05,130,THAI,Business Class,1015,810,True,606.0,Y,Y,Y,2,7,2,32,Thursday,False,False,False,Wattay International Airport,VTE
Kuala Lumpur International Airport,KUL,2024-07-11 18:00,Guangzhou Baiyun International Airport,CAN,2024-07-11 22:30,270,China Southern,Business Class,1510,1085,True,877.0,Y,Y,Y,1,8,2,32,Thursday,False,False,False,Wattay International Airport,VTE
Kuala Lumpur International Airport,KUL,2024-07-11 01:55,Shanghai Pudong International Airport,PVG,2024-07-11 07:30,335,China Eastern,Business Class,1285,710,,1155.0,Y,Y,Y,1,8,2,32,Thursday,False,False,False,Wattay International Airport,VTE
Kuala Lumpur International Airport,KUL,2024-07-11 07:05,Shanghai Pudong International Airport,PVG,2024-07-11 12:45,340,Shanghai Airlines,Business Class,975,395,,1155.0,Y,Y,Y,1,5,1,30,Thursday,False,False,False,Wattay International Airport,VTE
Kuala Lumpur International Airport,KUL,2024-07-11 19:55,Shanghai Pudong International Airport,PVG,2024-07-12 01:35,340,Shanghai Airlines,Business Class,1645,1065,True,1155.0,Y,Y,Y,1,5,1,30,Thursday,True,False,False,Wattay International Airport,VTE
Kuala Lumpur International Airport,KUL,2024-07-11 21:10,Kunming Changshui International Airport,KMG,2024-07-12 01:15,245,China Eastern,Business Class,810,470,True,1834.0,Y,Y,Y,1,8,2,32,Thursday,True,False,False,Wattay International Airport,VTE
Kuala Lumpur International Airport,KUL,2024-07-11 20:00,Noi Bai International Airport,HAN,2024-07-11 22:05,185,Vietnam Airlines,Business Class,945,685,True,,Y,Y,Y,2,10,2,32,Thursday,False,False,False,Wattay International Airport,VTE
Kuala Lumpur International Airport,KUL,2024-07-12 13:20,Suvarnabhumi Airport,BKK,2024-07-12 14:30,130,THAI,Business Class,445,235,,572.0,Y,Y,Y,2,7,2,32,Friday,False,False,False,Wattay International Airport,VTE
Kuala Lumpur International Airport,KUL,2024-07-12 20:55,Suvarnabhumi Airport,BKK,2024-07-12 22:05,130,THAI,Business Class,1015,810,True,606.0,Y,Y,Y,2,7,2,32,Friday,False,False,False,Wattay International Airport,VTE
Kuala Lumpur International Airport,KUL,2024-07-12 07:05,Shanghai Pudong International Airport,PVG,2024-07-12 12:45,340,Shanghai Airlines,Business Class,975,395,,1155.0,Y,Y,Y,1,5,1,30,Friday,False,False,False,Wattay International Airport,VTE
Kuala Lumpur International Airport,KUL,2024-07-12 08:55,Guangzhou Baiyun International Airport,CAN,2024-07-12 12:55,240,China Southern,Business Class,615,220,,1483.0,Y,Y,Y,1,8,2,32,Friday,False,False,False,Wattay International Airport,VTE
Kuala Lumpur International Airport,KUL,2024-07-12 01:55,Shanghai Pudong International Airport,PVG,2024-07-12 07:30,335,China Eastern,Business Class,1285,710,,1155.0,Y,Y,Y,1,8,2,32,Friday,False,False,False,Wattay International Airport,VTE
Kuala Lumpur International Airport,KUL,2024-07-12 19:55,Shanghai Pudong International Airport,PVG,2024-07-13 01:35,340,Shanghai Airlines,Business Class,1645,1065,True,1333.0,Y,Y,Y,1,5,1,30,Friday,True,False,False,Wattay International Airport,VTE
Kuala Lumpur International Airport,KUL,2024-07-12 21:10,Kunming Changshui International Airport,KMG,2024-07-13 01:15,245,China Eastern,Business Class,1490,1155,True,1615.0,Y,Y,Y,1,8,2,32,Friday,True,False,False,Wattay International Airport,VTE
Kuala Lumpur International Airport,KUL,2024-07-12 21:10,Kunming Changshui International Airport,KMG,2024-07-13 01:15,245,China Eastern,Business Class,810,470,True,1834.0,Y,Y,Y,1,8,2,32,Friday,True,False,False,Wattay International Airport,VTE
Kuala Lumpur International Airport,KUL,2024-07-12 09:00,Guangzhou Baiyun International Airport,CAN,2024-07-12 13:10,250,Malaysia Airlines,Business Class,610,205,,4186.0,Y,Y,Y,2,7,2,32,Friday,False,False,False,Wattay International Airport,VTE
Kuala Lumpur International Airport,KUL,2024-07-13 13:20,Suvarnabhumi Airport,BKK,2024-07-13 14:30,130,THAI,Business Class,445,235,,572.0,Y,Y,Y,2,7,2,32,Saturday,False,False,False,Wattay International Airport,VTE
Kuala Lumpur International Airport,KUL,2024-07-13 20:55,Suvarnabhumi Airport,BKK,2024-07-13 22:05,130,THAI,Business Class,1015,810,True,606.0,Y,Y,Y,2,7,2,32,Saturday,False,False,False,Wattay International Airport,VTE
Kuala Lumpur International Airport,KUL,2024-07-13 18:00,Guangzhou Baiyun International Airport,CAN,2024-07-13 22:30,270,China Southern,Business Class,1510,1085,True,877.0,Y,Y,Y,1,8,2,32,Saturday,False,False,False,Wattay International Airport,VTE
Kuala Lumpur International Airport,KUL,2024-07-13 01:55,Shanghai Pudong International Airport,PVG,2024-07-13 07:30,335,China Eastern,Business Class,1285,710,,1155.0,Y,Y,Y,1,8,2,32,Saturday,False,False,False,Wattay International Airport,VTE
Kuala Lumpur International Airport,KUL,2024-07-13 07:05,Shanghai Pudong International Airport,PVG,2024-07-13 12:45,340,Shanghai Airlines,Business Class,975,395,,1333.0,Y,Y,Y,1,5,1,30,Saturday,False,False,False,Wattay International Airport,VTE
Kuala Lumpur International Airport,KUL,2024-07-13 19:55,Shanghai Pudong International Airport,PVG,2024-07-14 01:35,340,Shanghai Airlines,Business Class,1645,1065,True,1333.0,Y,Y,Y,1,5,1,30,Saturday,True,False,False,Wattay International Airport,VTE
Kuala Lumpur International Airport,KUL,2024-07-13 21:10,Kunming Changshui International Airport,KMG,2024-07-14 01:15,245,China Eastern,Business Class,1490,1155,True,1615.0,Y,Y,Y,1,8,2,32,Saturday,True,False,False,Wattay International Airport,VTE
Kuala Lumpur International Airport,KUL,2024-07-13 21:10,Kunming Changshui International Airport,KMG,2024-07-14 01:15,245,China Eastern,Business Class,810,470,True,1834.0,Y,Y,Y,1,8,2,32,Saturday,True,False,False,Wattay International Airport,VTE
Kuala Lumpur International Airport,KUL,2024-07-14 13:20,Suvarnabhumi Airport,BKK,2024-07-14 14:30,130,THAI,Business Class,445,235,,572.0,Y,Y,Y,2,7,2,32,Sunday,False,False,False,Wattay International Airport,VTE
Kuala Lumpur International Airport,KUL,2024-07-14 20:55,Suvarnabhumi Airport,BKK,2024-07-14 22:05,130,THAI,Business Class,1015,810,True,606.0,Y,Y,Y,2,7,2,32,Sunday,False,False,False,Wattay International Airport,VTE
Kuala Lumpur International Airport,KUL,2024-07-14 08:55,Guangzhou Baiyun International Airport,CAN,2024-07-14 12:45,230,China Southern,Business Class,615,230,,1483.0,Y,Y,Y,1,8,2,32,Sunday,False,False,False,Wattay International Airport,VTE
Kuala Lumpur International Airport,KUL,2024-07-14 02:20,Guangzhou Baiyun International Airport,CAN,2024-07-14 06:25,245,China Southern,Business Class,1010,610,,877.0,Y,Y,Y,1,8,2,32,Sunday,False,False,False,Wattay International Airport,VTE
Kuala Lumpur International Airport,KUL,2024-07-14 01:55,Shanghai Pudong International Airport,PVG,2024-07-14 07:30,335,China Eastern,Business Class,1285,710,,1155.0,Y,Y,Y,1,8,2,32,Sunday,False,False,False,Wattay International Airport,VTE
Kuala Lumpur International Airport,KUL,2024-07-14 07:05,Shanghai Pudong International Airport,PVG,2024-07-14 12:45,340,Shanghai Airlines,Business Class,975,395,,1155.0,Y,Y,Y,1,5,1,30,Sunday,False,False,False,Wattay International Airport,VTE
Kuala Lumpur International Airport,KUL,2024-07-14 21:10,Kunming Changshui International Airport,KMG,2024-07-15 01:15,245,China Eastern,Business Class,1490,1155,True,1615.0,Y,Y,Y,1,8,2,32,Sunday,True,False,False,Wattay International Airport,VTE
Kuala Lumpur International Airport,KUL,2024-07-14 21:10,Kunming Changshui International Airport,KMG,2024-07-15 01:15,245,China Eastern,Business Class,810,470,True,1834.0,Y,Y,Y,1,8,2,32,Sunday,True,False,False,Wattay International Airport,VTE
Kuala Lumpur International Airport,KUL,2024-07-14 09:00,Guangzhou Baiyun International Airport,CAN,2024-07-14 13:10,250,Malaysia Airlines,Business Class,610,205,,4186.0,Y,Y,Y,2,7,2,32,Sunday,False,False,False,Wattay International Airport,VTE
Kuala Lumpur International Airport,KUL,2024-07-14 20:00,Noi Bai International Airport,HAN,2024-07-14 22:05,185,Vietnam Airlines,Business Class,945,685,True,,Y,Y,Y,2,10,2,32,Sunday,False,False,False,Wattay International Airport,VTE
Kuala Lumpur International Airport,KUL,2024-07-15 13:20,Suvarnabhumi Airport,BKK,2024-07-15 14:30,130,THAI,Business Class,445,235,,572.0,Y,Y,Y,2,7,2,32,Monday,False,False,False,Wattay International Airport,VTE
Kuala Lumpur International Airport,KUL,2024-07-15 20:55,Suvarnabhumi Airport,BKK,2024-07-15 22:05,130,THAI,Business Class,1015,810,True,606.0,Y,Y,Y,2,7,2,32,Monday,False,False,False,Wattay International Airport,VTE
Kuala Lumpur International Airport,KUL,2024-07-15 19:55,Shanghai Pudong International Airport,PVG,2024-07-16 01:35,340,Shanghai Airlines,Business Class,1645,1065,True,1155.0,Y,Y,Y,1,5,1,30,Monday,True,False,False,Wattay International Airport,VTE
Kuala Lumpur International Airport,KUL,2024-07-15 21:10,Kunming Changshui International Airport,KMG,2024-07-16 01:15,245,China Eastern,Business Class,1490,1155,True,1615.0,Y,Y,Y,1,8,2,32,Monday,True,False,False,Wattay International Airport,VTE
Kuala Lumpur International Airport,KUL,2024-07-15 21:10,Kunming Changshui International Airport,KMG,2024-07-16 01:15,245,China Eastern,Business Class,810,470,True,1834.0,Y,Y,Y,1,8,2,32,Monday,True,False,False,Wattay International Airport,VTE
Kuala Lumpur International Airport,KUL,2024-07-15 01:55,Shanghai Pudong International Airport,PVG,2024-07-15 07:30,335,China Eastern,Business Class,1285,710,,1913.0,Y,Y,Y,1,8,2,32,Monday,False,False,False,Wattay International Airport,VTE
Kuala Lumpur International Airport,KUL,2024-07-15 07:05,Shanghai Pudong International Airport,PVG,2024-07-15 12:45,340,Shanghai Airlines,Business Class,975,395,,1913.0,Y,Y,Y,1,5,1,30,Monday,False,False,False,Wattay International Airport,VTE
Kuala Lumpur International Airport,KUL,2024-07-16 13:20,Suvarnabhumi Airport,BKK,2024-07-16 14:30,130,THAI,Business Class,445,235,,572.0,Y,Y,Y,2,7,2,32,Tuesday,False,False,False,Wattay International Airport,VTE
Kuala Lumpur International Airport,KUL,2024-07-16 20:55,Suvarnabhumi Airport,BKK,2024-07-16 22:05,130,THAI,Business Class,1015,810,True,606.0,Y,Y,Y,2,7,2,32,Tuesday,False,False,False,Wattay International Airport,VTE
Kuala Lumpur International Airport,KUL,2024-07-16 07:05,Shanghai Pudong International Airport,PVG,2024-07-16 12:45,340,Shanghai Airlines,Business Class,975,395,,1333.0,Y,Y,Y,1,5,1,30,Tuesday,False,False,False,Wattay International Airport,VTE
Kuala Lumpur International Airport,KUL,2024-07-16 13:25,Guangzhou Baiyun International Airport,CAN,2024-07-16 17:35,250,China Southern,Business Class,1785,1380,True,877.0,Y,Y,Y,1,8,2,32,Tuesday,False,False,False,Wattay International Airport,VTE
Kuala Lumpur International Airport,KUL,2024-07-16 01:55,Shanghai Pudong International Airport,PVG,2024-07-16 07:30,335,China Eastern,Business Class,1285,710,,1155.0,Y,Y,Y,1,8,2,32,Tuesday,False,False,False,Wattay International Airport,VTE
Kuala Lumpur International Airport,KUL,2024-07-16 19:55,Shanghai Pudong International Airport,PVG,2024-07-17 01:35,340,Shanghai Airlines,Business Class,1645,1065,True,1155.0,Y,Y,Y,1,5,1,30,Tuesday,True,False,False,Wattay International Airport,VTE
Kuala Lumpur International Airport,KUL,2024-07-16 18:00,Guangzhou Baiyun International Airport,CAN,2024-07-16 22:30,270,China Southern,Business Class,1510,1085,True,1483.0,Y,Y,Y,1,8,2,32,Tuesday,False,False,False,Wattay International Airport,VTE
Kuala Lumpur International Airport,KUL,2024-07-16 21:10,Kunming Changshui International Airport,KMG,2024-07-17 01:15,245,China Eastern,Business Class,810,470,True,1834.0,Y,Y,Y,1,8,2,32,Tuesday,True,False,False,Wattay International Airport,VTE
Kuala Lumpur International Airport,KUL,2024-07-16 20:00,Noi Bai International Airport,HAN,2024-07-16 22:05,185,Vietnam Airlines,Business Class,945,685,True,,Y,Y,Y,2,10,2,32,Tuesday,False,False,False,Wattay International Airport,VTE
Kuala Lumpur International Airport,KUL,2024-07-17 13:20,Suvarnabhumi Airport,BKK,2024-07-17 14:30,130,THAI,Business Class,445,235,,572.0,Y,Y,Y,2,7,2,32,Wednesday,False,False,False,Wattay International Airport,VTE
Kuala Lumpur International Airport,KUL,2024-07-17 20:55,Suvarnabhumi Airport,BKK,2024-07-17 22:05,130,THAI,Business Class,1015,810,True,606.0,Y,Y,Y,2,7,2,32,Wednesday,False,False,False,Wattay International Airport,VTE
Kuala Lumpur International Airport,KUL,2024-07-17 08:55,Guangzhou Baiyun International Airport,CAN,2024-07-17 12:55,240,China Southern,Business Class,615,220,,1483.0,Y,Y,Y,1,8,2,32,Wednesday,False,False,False,Wattay International Airport,VTE
Kuala Lumpur International Airport,KUL,2024-07-17 02:20,Guangzhou Baiyun International Airport,CAN,2024-07-17 06:25,245,China Southern,Business Class,1010,610,,877.0,Y,Y,Y,1,8,2,32,Wednesday,False,False,False,Wattay International Airport,VTE
Kuala Lumpur International Airport,KUL,2024-07-17 01:55,Shanghai Pudong International Airport,PVG,2024-07-17 07:30,335,China Eastern,Business Class,1285,710,,1155.0,Y,Y,Y,1,8,2,32,Wednesday,False,False,False,Wattay International Airport,VTE
Kuala Lumpur International Airport,KUL,2024-07-17 07:05,Shanghai Pudong International Airport,PVG,2024-07-17 12:45,340,Shanghai Airlines,Business Class,975,395,,1155.0,Y,Y,Y,1,5,1,30,Wednesday,False,False,False,Wattay International Airport,VTE
Kuala Lumpur International Airport,KUL,2024-07-17 21:10,Kunming Changshui International Airport,KMG,2024-07-18 01:15,245,China Eastern,Business Class,1490,1155,True,1500.0,Y,Y,Y,1,8,2,32,Wednesday,True,False,False,Wattay International Airport,VTE
Kuala Lumpur International Airport,KUL,2024-07-17 21:10,Kunming Changshui International Airport,KMG,2024-07-18 01:15,245,China Eastern,Business Class,810,470,True,1834.0,Y,Y,Y,1,8,2,32,Wednesday,True,False,False,Wattay International Airport,VTE
Kuala Lumpur International Airport,KUL,2024-07-17 09:00,Guangzhou Baiyun International Airport,CAN,2024-07-17 13:10,250,Malaysia Airlines,Business Class,610,205,,4186.0,Y,Y,Y,2,7,2,32,Wednesday,False,False,False,Wattay International Airport,VTE
Kuala Lumpur International Airport,KUL,2024-07-18 13:20,Suvarnabhumi Airport,BKK,2024-07-18 14:30,130,THAI,Business Class,445,235,,572.0,Y,Y,Y,2,7,2,32,Thursday,False,False,False,Wattay International Airport,VTE
Kuala Lumpur International Airport,KUL,2024-07-18 20:55,Suvarnabhumi Airport,BKK,2024-07-18 22:05,130,THAI,Business Class,1015,810,True,606.0,Y,Y,Y,2,7,2,32,Thursday,False,False,False,Wattay International Airport,VTE
Kuala Lumpur International Airport,KUL,2024-07-18 18:00,Guangzhou Baiyun International Airport,CAN,2024-07-18 22:30,270,China Southern,Business Class,1510,1085,True,877.0,Y,Y,Y,1,8,2,32,Thursday,False,False,False,Wattay International Airport,VTE
Kuala Lumpur International Airport,KUL,2024-07-18 19:55,Shanghai Pudong International Airport,PVG,2024-07-19 01:35,340,Shanghai Airlines,Business Class,1645,1065,True,1039.0,Y,Y,Y,1,5,1,30,Thursday,True,False,False,Wattay International Airport,VTE
Kuala Lumpur International Airport,KUL,2024-07-18 01:55,Shanghai Pudong International Airport,PVG,2024-07-18 07:30,335,China Eastern,Business Class,1285,710,,1373.0,Y,Y,Y,1,8,2,32,Thursday,False,False,False,Wattay International Airport,VTE
Kuala Lumpur International Airport,KUL,2024-07-18 07:05,Shanghai Pudong International Airport,PVG,2024-07-18 12:45,340,Shanghai Airlines,Business Class,975,395,,1373.0,Y,Y,Y,1,5,1,30,Thursday,False,False,False,Wattay International Airport,VTE
Kuala Lumpur International Airport,KUL,2024-07-18 21:10,Kunming Changshui International Airport,KMG,2024-07-19 01:15,245,China Eastern,Business Class,1490,1155,True,1500.0,Y,Y,Y,1,8,2,32,Thursday,True,False,False,Wattay International Airport,VTE
Kuala Lumpur International Airport,KUL,2024-07-18 21:10,Kunming Changshui International Airport,KMG,2024-07-19 01:15,245,China Eastern,Business Class,810,470,True,1834.0,Y,Y,Y,1,8,2,32,Thursday,True,False,False,Wattay International Airport,VTE
Kuala Lumpur International Airport,KUL,2024-07-18 20:00,Noi Bai International Airport,HAN,2024-07-18 22:05,185,Vietnam Airlines,Business Class,945,685,True,,Y,Y,Y,2,10,2,32,Thursday,False,False,False,Wattay International Airport,VTE
Kuala Lumpur International Airport,KUL,2024-07-19 20:55,Suvarnabhumi Airport,BKK,2024-07-19 22:05,130,THAI,Business Class,1015,810,True,606.0,Y,Y,Y,2,7,2,32,Friday,False,False,False,Wattay International Airport,VTE
Kuala Lumpur International Airport,KUL,2024-07-19 13:20,Suvarnabhumi Airport,BKK,2024-07-19 14:30,130,THAI,Business Class,445,235,,677.0,Y,Y,Y,2,7,2,32,Friday,False,False,False,Wattay International Airport,VTE
Kuala Lumpur International Airport,KUL,2024-07-19 08:55,Guangzhou Baiyun International Airport,CAN,2024-07-19 12:55,240,China Southern,Business Class,615,220,,1483.0,Y,Y,Y,1,8,2,32,Friday,False,False,False,Wattay International Airport,VTE
Kuala Lumpur International Airport,KUL,2024-07-19 02:20,Guangzhou Baiyun International Airport,CAN,2024-07-19 06:25,245,China Southern,Business Class,1010,610,,877.0,Y,Y,Y,1,8,2,32,Friday,False,False,False,Wattay International Airport,VTE
Kuala Lumpur International Airport,KUL,2024-07-19 01:55,Shanghai Pudong International Airport,PVG,2024-07-19 07:30,335,China Eastern,Business Class,1285,710,,1039.0,Y,Y,Y,1,8,2,32,Friday,False,False,False,Wattay International Airport,VTE
Kuala Lumpur International Airport,KUL,2024-07-19 07:05,Shanghai Pudong International Airport,PVG,2024-07-19 12:45,340,Shanghai Airlines,Business Class,975,395,,1039.0,Y,Y,Y,1,5,1,30,Friday,False,False,False,Wattay International Airport,VTE
Kuala Lumpur International Airport,KUL,2024-07-19 19:55,Shanghai Pudong International Airport,PVG,2024-07-20 01:35,340,Shanghai Airlines,Business Class,1645,1065,True,1217.0,Y,Y,Y,1,5,1,30,Friday,True,False,True,Wattay International Airport,VTE
Kuala Lumpur International Airport,KUL,2024-07-19 21:10,Kunming Changshui International Airport,KMG,2024-07-20 01:15,245,China Eastern,Business Class,810,470,True,1834.0,Y,Y,Y,1,8,2,32,Friday,True,False,True,Wattay International Airport,VTE
Kuala Lumpur International Airport,KUL,2024-07-19 09:00,Guangzhou Baiyun International Airport,CAN,2024-07-19 13:10,250,Malaysia Airlines,Business Class,610,205,,4186.0,Y,Y,Y,2,7,2,32,Friday,False,False,False,Wattay International Airport,VTE
Kuala Lumpur International Airport,KUL,2024-07-20 13:20,Suvarnabhumi Airport,BKK,2024-07-20 14:30,130,THAI,Business Class,445,235,,572.0,Y,Y,Y,2,7,2,32,Saturday,False,False,True,Wattay International Airport,VTE
Kuala Lumpur International Airport,KUL,2024-07-20 20:55,Suvarnabhumi Airport,BKK,2024-07-20 22:05,130,THAI,Business Class,1015,810,True,606.0,Y,Y,Y,2,7,2,32,Saturday,False,False,True,Wattay International Airport,VTE
Kuala Lumpur International Airport,KUL,2024-07-20 07:05,Shanghai Pudong International Airport,PVG,2024-07-20 12:45,340,Shanghai Airlines,Business Class,975,395,,1217.0,Y,Y,Y,1,5,1,30,Saturday,False,False,True,Wattay International Airport,VTE
Kuala Lumpur International Airport,KUL,2024-07-20 18:00,Guangzhou Baiyun International Airport,CAN,2024-07-20 22:30,270,China Southern,Business Class,1510,1085,True,877.0,Y,Y,Y,1,8,2,32,Saturday,False,False,True,Wattay International Airport,VTE
Kuala Lumpur International Airport,KUL,2024-07-20 01:55,Shanghai Pudong International Airport,PVG,2024-07-20 07:30,335,China Eastern,Business Class,1285,710,,1039.0,Y,Y,Y,1,8,2,32,Saturday,False,False,True,Wattay International Airport,VTE
Kuala Lumpur International Airport,KUL,2024-07-20 19:55,Shanghai Pudong International Airport,PVG,2024-07-21 01:35,340,Shanghai Airlines,Business Class,1645,1065,True,1217.0,Y,Y,Y,1,5,1,30,Saturday,True,False,False,Wattay International Airport,VTE
Kuala Lumpur International Airport,KUL,2024-07-20 21:10,Kunming Changshui International Airport,KMG,2024-07-21 01:15,245,China Eastern,Business Class,1490,1155,True,1500.0,Y,Y,Y,1,8,2,32,Saturday,True,False,False,Wattay International Airport,VTE
Kuala Lumpur International Airport,KUL,2024-07-20 21:10,Kunming Changshui International Airport,KMG,2024-07-21 01:15,245,China Eastern,Business Class,810,470,True,1834.0,Y,Y,Y,1,8,2,32,Saturday,True,False,False,Wattay International Airport,VTE
Kuala Lumpur International Airport,KUL,2024-07-21 13:20,Suvarnabhumi Airport,BKK,2024-07-21 14:30,130,THAI,Business Class,445,235,,572.0,Y,Y,Y,2,7,2,32,Sunday,False,False,False,Wattay International Airport,VTE
Kuala Lumpur International Airport,KUL,2024-07-21 20:55,Suvarnabhumi Airport,BKK,2024-07-21 22:05,130,THAI,Business Class,1015,810,True,606.0,Y,Y,Y,2,7,2,32,Sunday,False,False,False,Wattay International Airport,VTE
Kuala Lumpur International Airport,KUL,2024-07-21 08:55,Guangzhou Baiyun International Airport,CAN,2024-07-21 12:45,230,China Southern,Business Class,615,230,,1483.0,Y,Y,Y,1,8,2,32,Sunday,False,False,False,Wattay International Airport,VTE
Kuala Lumpur International Airport,KUL,2024-07-21 02:20,Guangzhou Baiyun International Airport,CAN,2024-07-21 06:25,245,China Southern,Business Class,1010,610,,877.0,Y,Y,Y,1,8,2,32,Sunday,False,False,False,Wattay International Airport,VTE
Kuala Lumpur International Airport,KUL,2024-07-21 01:55,Shanghai Pudong International Airport,PVG,2024-07-21 07:30,335,China Eastern,Business Class,1285,710,,1039.0,Y,Y,Y,1,8,2,32,Sunday,False,False,False,Wattay International Airport,VTE
Kuala Lumpur International Airport,KUL,2024-07-21 07:05,Shanghai Pudong International Airport,PVG,2024-07-21 12:45,340,Shanghai Airlines,Business Class,975,395,,1039.0,Y,Y,Y,1,5,1,30,Sunday,False,False,False,Wattay International Airport,VTE
Kuala Lumpur International Airport,KUL,2024-07-21 21:10,Kunming Changshui International Airport,KMG,2024-07-22 01:15,245,China Eastern,Business Class,1490,1155,True,1500.0,Y,Y,Y,1,8,2,32,Sunday,True,False,False,Wattay International Airport,VTE
Kuala Lumpur International Airport,KUL,2024-07-21 21:10,Kunming Changshui International Airport,KMG,2024-07-22 01:15,245,China Eastern,Business Class,810,470,True,1834.0,Y,Y,Y,1,8,2,32,Sunday,True,False,False,Wattay International Airport,VTE
Kuala Lumpur International Airport,KUL,2024-07-21 09:00,Guangzhou Baiyun International Airport,CAN,2024-07-21 13:10,250,Malaysia Airlines,Business Class,610,205,,4186.0,Y,Y,Y,2,7,2,32,Sunday,False,False,False,Wattay International Airport,VTE
Kuala Lumpur International Airport,KUL,2024-07-21 20:00,Noi Bai International Airport,HAN,2024-07-21 22:05,185,Vietnam Airlines,Business Class,945,685,True,,Y,Y,Y,2,10,2,32,Sunday,False,False,False,Wattay International Airport,VTE
Kuala Lumpur International Airport,KUL,2024-07-22 13:20,Suvarnabhumi Airport,BKK,2024-07-22 14:30,130,THAI,Business Class,445,235,,572.0,Y,Y,Y,2,7,2,32,Monday,False,False,False,Wattay International Airport,VTE
Kuala Lumpur International Airport,KUL,2024-07-22 20:55,Suvarnabhumi Airport,BKK,2024-07-22 22:05,130,THAI,Business Class,1015,810,True,606.0,Y,Y,Y,2,7,2,32,Monday,False,False,False,Wattay International Airport,VTE
Kuala Lumpur International Airport,KUL,2024-07-22 01:55,Shanghai Pudong International Airport,PVG,2024-07-22 07:30,335,China Eastern,Business Class,1285,710,,1039.0,Y,Y,Y,1,8,2,32,Monday,False,False,False,Wattay International Airport,VTE
Kuala Lumpur International Airport,KUL,2024-07-22 07:05,Shanghai Pudong International Airport,PVG,2024-07-22 12:45,340,Shanghai Airlines,Business Class,975,395,,1039.0,Y,Y,Y,1,5,1,30,Monday,False,False,False,Wattay International Airport,VTE
Kuala Lumpur International Airport,KUL,2024-07-22 19:55,Shanghai Pudong International Airport,PVG,2024-07-23 01:35,340,Shanghai Airlines,Business Class,1645,1065,True,1217.0,Y,Y,Y,1,5,1,30,Monday,True,False,False,Wattay International Airport,VTE
Kuala Lumpur International Airport,KUL,2024-07-22 21:10,Kunming Changshui International Airport,KMG,2024-07-23 01:15,245,China Eastern,Business Class,1490,1155,True,1500.0,Y,Y,Y,1,8,2,32,Monday,True,False,False,Wattay International Airport,VTE
Kuala Lumpur International Airport,KUL,2024-07-22 21:10,Kunming Changshui International Airport,KMG,2024-07-23 01:15,245,China Eastern,Business Class,810,470,True,1834.0,Y,Y,Y,1,8,2,32,Monday,True,False,False,Wattay International Airport,VTE
Kuala Lumpur International Airport,KUL,2024-07-23 13:20,Suvarnabhumi Airport,BKK,2024-07-23 14:30,130,THAI,Business Class,445,235,,572.0,Y,Y,Y,2,7,2,32,Tuesday,False,False,False,Wattay International Airport,VTE
Kuala Lumpur International Airport,KUL,2024-07-23 20:55,Suvarnabhumi Airport,BKK,2024-07-23 22:05,130,THAI,Business Class,1015,810,True,606.0,Y,Y,Y,2,7,2,32,Tuesday,False,False,False,Wattay International Airport,VTE
Kuala Lumpur International Airport,KUL,2024-07-23 07:05,Shanghai Pudong International Airport,PVG,2024-07-23 12:45,340,Shanghai Airlines,Business Class,975,395,,1039.0,Y,Y,Y,1,5,1,30,Tuesday,False,False,False,Wattay International Airport,VTE
Kuala Lumpur International Airport,KUL,2024-07-23 18:00,Guangzhou Baiyun International Airport,CAN,2024-07-23 22:30,270,China Southern,Business Class,1510,1085,True,877.0,Y,Y,Y,1,8,2,32,Tuesday,False,False,False,Wattay International Airport,VTE
Kuala Lumpur International Airport,KUL,2024-07-23 01:55,Shanghai Pudong International Airport,PVG,2024-07-23 07:30,335,China Eastern,Business Class,1285,710,,1039.0,Y,Y,Y,1,8,2,32,Tuesday,False,False,False,Wattay International Airport,VTE
Kuala Lumpur International Airport,KUL,2024-07-23 19:55,Shanghai Pudong International Airport,PVG,2024-07-24 01:35,340,Shanghai Airlines,Business Class,1645,1065,True,1039.0,Y,Y,Y,1,5,1,30,Tuesday,True,False,False,Wattay International Airport,VTE
Kuala Lumpur International Airport,KUL,2024-07-23 21:10,Kunming Changshui International Airport,KMG,2024-07-24 01:15,245,China Eastern,Business Class,1490,1155,True,1500.0,Y,Y,Y,1,8,2,32,Tuesday,True,False,False,Wattay International Airport,VTE
Kuala Lumpur International Airport,KUL,2024-07-23 21:10,Kunming Changshui International Airport,KMG,2024-07-24 01:15,245,China Eastern,Business Class,810,470,True,1834.0,Y,Y,Y,1,8,2,32,Tuesday,True,False,False,Wattay International Airport,VTE
Kuala Lumpur International Airport,KUL,2024-07-23 20:00,Noi Bai International Airport,HAN,2024-07-23 22:05,185,Vietnam Airlines,Business Class,945,685,True,,Y,Y,Y,2,10,2,32,Tuesday,False,False,False,Wattay International Airport,VTE
Kuala Lumpur International Airport,KUL,2024-07-24 13:20,Suvarnabhumi Airport,BKK,2024-07-24 14:30,130,THAI,Business Class,445,235,,572.0,Y,Y,Y,2,7,2,32,Wednesday,False,False,False,Wattay International Airport,VTE
Kuala Lumpur International Airport,KUL,2024-07-24 20:55,Suvarnabhumi Airport,BKK,2024-07-24 22:05,130,THAI,Business Class,1015,810,True,606.0,Y,Y,Y,2,7,2,32,Wednesday,False,False,False,Wattay International Airport,VTE
Kuala Lumpur International Airport,KUL,2024-07-24 07:05,Shanghai Pudong International Airport,PVG,2024-07-24 12:45,340,Shanghai Airlines,Business Class,975,395,,1039.0,Y,Y,Y,1,5,1,30,Wednesday,False,False,False,Wattay International Airport,VTE
Kuala Lumpur International Airport,KUL,2024-07-24 08:55,Guangzhou Baiyun International Airport,CAN,2024-07-24 12:55,240,China Southern,Business Class,615,220,,1483.0,Y,Y,Y,1,8,2,32,Wednesday,False,False,False,Wattay International Airport,VTE
Kuala Lumpur International Airport,KUL,2024-07-24 01:55,Shanghai Pudong International Airport,PVG,2024-07-24 07:30,335,China Eastern,Business Class,1285,710,,1039.0,Y,Y,Y,1,8,2,32,Wednesday,False,False,False,Wattay International Airport,VTE
Kuala Lumpur International Airport,KUL,2024-07-24 19:55,Shanghai Pudong International Airport,PVG,2024-07-25 01:35,340,Shanghai Airlines,Business Class,1645,1065,True,1039.0,Y,Y,Y,1,5,1,30,Wednesday,True,False,False,Wattay International Airport,VTE
Kuala Lumpur International Airport,KUL,2024-07-24 02:20,Guangzhou Baiyun International Airport,CAN,2024-07-24 06:25,245,China Southern,Business Class,1010,610,,1232.0,Y,Y,Y,1,8,2,32,Wednesday,False,False,False,Wattay International Airport,VTE
Kuala Lumpur International Airport,KUL,2024-07-24 21:10,Kunming Changshui International Airport,KMG,2024-07-25 01:15,245,China Eastern,Business Class,810,470,True,1834.0,Y,Y,Y,1,8,2,32,Wednesday,True,False,False,Wattay International Airport,VTE
Kuala Lumpur International Airport,KUL,2024-07-24 09:00,Guangzhou Baiyun International Airport,CAN,2024-07-24 13:10,250,Malaysia Airlines,Business Class,610,205,,4186.0,Y,Y,Y,2,7,2,32,Wednesday,False,False,False,Wattay International Airport,VTE
Kuala Lumpur International Airport,KUL,2024-07-25 13:20,Suvarnabhumi Airport,BKK,2024-07-25 14:30,130,THAI,Business Class,445,235,,572.0,Y,Y,Y,2,7,2,32,Thursday,False,False,False,Wattay International Airport,VTE
Kuala Lumpur International Airport,KUL,2024-07-25 20:55,Suvarnabhumi Airport,BKK,2024-07-25 22:05,130,THAI,Business Class,1015,810,True,606.0,Y,Y,Y,2,7,2,32,Thursday,False,False,False,Wattay International Airport,VTE
Kuala Lumpur International Airport,KUL,2024-07-25 07:05,Shanghai Pudong International Airport,PVG,2024-07-25 12:45,340,Shanghai Airlines,Business Class,975,395,,1039.0,Y,Y,Y,1,5,1,30,Thursday,False,False,False,Wattay International Airport,VTE
Kuala Lumpur International Airport,KUL,2024-07-25 18:00,Guangzhou Baiyun International Airport,CAN,2024-07-25 22:30,270,China Southern,Business Class,1510,1085,True,877.0,Y,Y,Y,1,8,2,32,Thursday,False,False,False,Wattay International Airport,VTE
Kuala Lumpur International Airport,KUL,2024-07-25 01:55,Shanghai Pudong International Airport,PVG,2024-07-25 07:30,335,China Eastern,Business Class,1285,710,,1039.0,Y,Y,Y,1,8,2,32,Thursday,False,False,False,Wattay International Airport,VTE
Kuala Lumpur International Airport,KUL,2024-07-25 19:55,Shanghai Pudong International Airport,PVG,2024-07-26 01:35,340,Shanghai Airlines,Business Class,1645,1065,True,1039.0,Y,Y,Y,1,5,1,30,Thursday,True,False,False,Wattay International Airport,VTE
Kuala Lumpur International Airport,KUL,2024-07-25 21:10,Kunming Changshui International Airport,KMG,2024-07-26 01:15,245,China Eastern,Business Class,1490,1155,True,1500.0,Y,Y,Y,1,8,2,32,Thursday,True,False,False,Wattay International Airport,VTE
Kuala Lumpur International Airport,KUL,2024-07-25 21:10,Kunming Changshui International Airport,KMG,2024-07-26 01:15,245,China Eastern,Business Class,810,470,True,1834.0,Y,Y,Y,1,8,2,32,Thursday,True,False,False,Wattay International Airport,VTE
Kuala Lumpur International Airport,KUL,2024-07-25 20:00,Noi Bai International Airport,HAN,2024-07-25 22:05,185,Vietnam Airlines,Business Class,945,685,True,,Y,Y,Y,2,10,2,32,Thursday,False,False,False,Wattay International Airport,VTE
Kuala Lumpur International Airport,KUL,2024-07-26 13:20,Suvarnabhumi Airport,BKK,2024-07-26 14:30,130,THAI,Business Class,445,235,,572.0,Y,Y,Y,2,7,2,32,Friday,False,False,False,Wattay International Airport,VTE
Kuala Lumpur International Airport,KUL,2024-07-26 20:55,Suvarnabhumi Airport,BKK,2024-07-26 22:05,130,THAI,Business Class,1015,810,True,606.0,Y,Y,Y,2,7,2,32,Friday,False,False,False,Wattay International Airport,VTE
Kuala Lumpur International Airport,KUL,2024-07-26 08:55,Guangzhou Baiyun International Airport,CAN,2024-07-26 12:55,240,China Southern,Business Class,615,220,,1483.0,Y,Y,Y,1,8,2,32,Friday,False,False,False,Wattay International Airport,VTE
Kuala Lumpur International Airport,KUL,2024-07-26 02:20,Guangzhou Baiyun International Airport,CAN,2024-07-26 06:25,245,China Southern,Business Class,1010,610,,877.0,Y,Y,Y,1,8,2,32,Friday,False,False,False,Wattay International Airport,VTE
Kuala Lumpur International Airport,KUL,2024-07-26 01:55,Shanghai Pudong International Airport,PVG,2024-07-26 07:30,335,China Eastern,Business Class,1285,710,,1039.0,Y,Y,Y,1,8,2,32,Friday,False,False,False,Wattay International Airport,VTE
Kuala Lumpur International Airport,KUL,2024-07-26 07:05,Shanghai Pudong International Airport,PVG,2024-07-26 12:45,340,Shanghai Airlines,Business Class,975,395,,1039.0,Y,Y,Y,1,5,1,30,Friday,False,False,False,Wattay International Airport,VTE
Kuala Lumpur International Airport,KUL,2024-07-26 19:55,Shanghai Pudong International Airport,PVG,2024-07-27 01:35,340,Shanghai Airlines,Business Class,1645,1065,True,1217.0,Y,Y,Y,1,5,1,30,Friday,True,False,False,Wattay International Airport,VTE
Kuala Lumpur International Airport,KUL,2024-07-26 21:10,Kunming Changshui International Airport,KMG,2024-07-27 01:15,245,China Eastern,Business Class,810,470,True,1834.0,Y,Y,Y,1,8,2,32,Friday,True,False,False,Wattay International Airport,VTE
Kuala Lumpur International Airport,KUL,2024-07-26 09:00,Guangzhou Baiyun International Airport,CAN,2024-07-26 13:10,250,Malaysia Airlines,Business Class,610,205,,4186.0,Y,Y,Y,2,7,2,32,Friday,False,False,False,Wattay International Airport,VTE
Kuala Lumpur International Airport,KUL,2024-07-27 13:20,Suvarnabhumi Airport,BKK,2024-07-27 14:30,130,THAI,Business Class,445,235,,572.0,Y,Y,Y,2,7,2,32,Saturday,False,False,False,Wattay International Airport,VTE
Kuala Lumpur International Airport,KUL,2024-07-27 20:55,Suvarnabhumi Airport,BKK,2024-07-27 22:05,130,THAI,Business Class,1015,810,True,606.0,Y,Y,Y,2,7,2,32,Saturday,False,False,False,Wattay International Airport,VTE
Kuala Lumpur International Airport,KUL,2024-07-27 13:25,Guangzhou Baiyun International Airport,CAN,2024-07-27 17:35,250,China Southern,Business Class,1785,1380,True,877.0,Y,Y,Y,1,8,2,32,Saturday,False,False,False,Wattay International Airport,VTE
Kuala Lumpur International Airport,KUL,2024-07-27 01:55,Shanghai Pudong International Airport,PVG,2024-07-27 07:30,335,China Eastern,Business Class,1285,710,,1039.0,Y,Y,Y,1,8,2,32,Saturday,False,False,False,Wattay International Airport,VTE
Kuala Lumpur International Airport,KUL,2024-07-27 07:05,Shanghai Pudong International Airport,PVG,2024-07-27 12:45,340,Shanghai Airlines,Business Class,975,395,,1217.0,Y,Y,Y,1,5,1,30,Saturday,False,False,False,Wattay International Airport,VTE
Kuala Lumpur International Airport,KUL,2024-07-27 19:55,Shanghai Pudong International Airport,PVG,2024-07-28 01:35,340,Shanghai Airlines,Business Class,1645,1065,True,1217.0,Y,Y,Y,1,5,1,30,Saturday,True,False,False,Wattay International Airport,VTE
Kuala Lumpur International Airport,KUL,2024-07-27 18:00,Guangzhou Baiyun International Airport,CAN,2024-07-27 22:30,270,China Southern,Business Class,1510,1085,True,1483.0,Y,Y,Y,1,8,2,32,Saturday,False,False,False,Wattay International Airport,VTE
Kuala Lumpur International Airport,KUL,2024-07-27 21:10,Kunming Changshui International Airport,KMG,2024-07-28 01:15,245,China Eastern,Business Class,810,470,True,1834.0,Y,Y,Y,1,8,2,32,Saturday,True,False,False,Wattay International Airport,VTE
Kuala Lumpur International Airport,KUL,2024-07-28 13:20,Suvarnabhumi Airport,BKK,2024-07-28 14:30,130,THAI,Business Class,445,235,,572.0,Y,Y,Y,2,7,2,32,Sunday,False,False,False,Wattay International Airport,VTE
Kuala Lumpur International Airport,KUL,2024-07-28 20:55,Suvarnabhumi Airport,BKK,2024-07-28 22:05,130,THAI,Business Class,1015,810,True,606.0,Y,Y,Y,2,7,2,32,Sunday,False,False,False,Wattay International Airport,VTE
Kuala Lumpur International Airport,KUL,2024-07-28 08:55,Guangzhou Baiyun International Airport,CAN,2024-07-28 12:45,230,China Southern,Business Class,615,230,,1483.0,Y,Y,Y,1,8,2,32,Sunday,False,False,False,Wattay International Airport,VTE
Kuala Lumpur International Airport,KUL,2024-07-28 02:20,Guangzhou Baiyun International Airport,CAN,2024-07-28 06:25,245,China Southern,Business Class,1010,610,,877.0,Y,Y,Y,1,8,2,32,Sunday,False,False,False,Wattay International Airport,VTE
Kuala Lumpur International Airport,KUL,2024-07-28 01:55,Shanghai Pudong International Airport,PVG,2024-07-28 07:30,335,China Eastern,Business Class,1285,710,,1039.0,Y,Y,Y,1,8,2,32,Sunday,False,False,False,Wattay International Airport,VTE
Kuala Lumpur International Airport,KUL,2024-07-28 07:05,Shanghai Pudong International Airport,PVG,2024-07-28 12:45,340,Shanghai Airlines,Business Class,975,395,,1039.0,Y,Y,Y,1,5,1,30,Sunday,False,False,False,Wattay International Airport,VTE
Kuala Lumpur International Airport,KUL,2024-07-28 21:10,Kunming Changshui International Airport,KMG,2024-07-29 01:15,245,China Eastern,Business Class,1490,1155,True,1500.0,Y,Y,Y,1,8,2,32,Sunday,True,False,False,Wattay International Airport,VTE
Kuala Lumpur International Airport,KUL,2024-07-28 21:10,Kunming Changshui International Airport,KMG,2024-07-29 01:15,245,China Eastern,Business Class,810,470,True,1834.0,Y,Y,Y,1,8,2,32,Sunday,True,False,False,Wattay International Airport,VTE
Kuala Lumpur International Airport,KUL,2024-07-28 09:00,Guangzhou Baiyun International Airport,CAN,2024-07-28 13:10,250,Malaysia Airlines,Business Class,610,205,,4186.0,Y,Y,Y,2,7,2,32,Sunday,False,False,False,Wattay International Airport,VTE
Kuala Lumpur International Airport,KUL,2024-07-28 20:00,Noi Bai International Airport,HAN,2024-07-28 22:05,185,Vietnam Airlines,Business Class,945,685,True,,Y,Y,Y,2,10,2,32,Sunday,False,False,False,Wattay International Airport,VTE
Kuala Lumpur International Airport,KUL,2024-07-29 13:20,Suvarnabhumi Airport,BKK,2024-07-29 14:30,130,THAI,Business Class,445,235,,572.0,Y,Y,Y,2,7,2,32,Monday,False,False,False,Wattay International Airport,VTE
Kuala Lumpur International Airport,KUL,2024-07-29 20:55,Suvarnabhumi Airport,BKK,2024-07-29 22:05,130,THAI,Business Class,1015,810,True,606.0,Y,Y,Y,2,7,2,32,Monday,False,False,False,Wattay International Airport,VTE
Kuala Lumpur International Airport,KUL,2024-07-29 01:55,Shanghai Pudong International Airport,PVG,2024-07-29 07:30,335,China Eastern,Business Class,1285,710,,1039.0,Y,Y,Y,1,8,2,32,Monday,False,False,False,Wattay International Airport,VTE
Kuala Lumpur International Airport,KUL,2024-07-29 07:05,Shanghai Pudong International Airport,PVG,2024-07-29 12:45,340,Shanghai Airlines,Business Class,975,395,,1039.0,Y,Y,Y,1,5,1,30,Monday,False,False,False,Wattay International Airport,VTE
Kuala Lumpur International Airport,KUL,2024-07-29 19:55,Shanghai Pudong International Airport,PVG,2024-07-30 01:35,340,Shanghai Airlines,Business Class,1645,1065,True,1039.0,Y,Y,Y,1,5,1,30,Monday,True,False,False,Wattay International Airport,VTE
Kuala Lumpur International Airport,KUL,2024-07-29 21:10,Kunming Changshui International Airport,KMG,2024-07-30 01:15,245,China Eastern,Business Class,1490,1155,True,1500.0,Y,Y,Y,1,8,2,32,Monday,True,False,False,Wattay International Airport,VTE
Kuala Lumpur International Airport,KUL,2024-07-29 21:10,Kunming Changshui International Airport,KMG,2024-07-30 01:15,245,China Eastern,Business Class,810,470,True,1834.0,Y,Y,Y,1,8,2,32,Monday,True,False,False,Wattay International Airport,VTE
Kuala Lumpur International Airport,KUL,2024-07-30 13:20,Suvarnabhumi Airport,BKK,2024-07-30 14:30,130,THAI,Business Class,445,235,,572.0,Y,Y,Y,2,7,2,32,Tuesday,False,False,False,Wattay International Airport,VTE
Kuala Lumpur International Airport,KUL,2024-07-30 20:55,Suvarnabhumi Airport,BKK,2024-07-30 22:05,130,THAI,Business Class,1015,810,True,606.0,Y,Y,Y,2,7,2,32,Tuesday,False,False,False,Wattay International Airport,VTE
Kuala Lumpur International Airport,KUL,2024-07-30 07:05,Shanghai Pudong International Airport,PVG,2024-07-30 12:45,340,Shanghai Airlines,Business Class,975,395,,1039.0,Y,Y,Y,1,5,1,30,Tuesday,False,False,False,Wattay International Airport,VTE
Kuala Lumpur International Airport,KUL,2024-07-30 18:00,Guangzhou Baiyun International Airport,CAN,2024-07-30 22:30,270,China Southern,Business Class,1510,1085,True,877.0,Y,Y,Y,1,8,2,32,Tuesday,False,False,False,Wattay International Airport,VTE
Kuala Lumpur International Airport,KUL,2024-07-30 01:55,Shanghai Pudong International Airport,PVG,2024-07-30 07:30,335,China Eastern,Business Class,1285,710,,1039.0,Y,Y,Y,1,8,2,32,Tuesday,False,False,False,Wattay International Airport,VTE
Kuala Lumpur International Airport,KUL,2024-07-30 21:10,Kunming Changshui International Airport,KMG,2024-07-31 01:15,245,China Eastern,Business Class,1490,1155,True,1500.0,Y,Y,Y,1,8,2,32,Tuesday,True,False,False,Wattay International Airport,VTE
Kuala Lumpur International Airport,KUL,2024-07-30 21:10,Kunming Changshui International Airport,KMG,2024-07-31 01:15,245,China Eastern,Business Class,810,470,True,1834.0,Y,Y,Y,1,8,2,32,Tuesday,True,False,False,Wattay International Airport,VTE
Kuala Lumpur International Airport,KUL,2024-07-30 19:55,Shanghai Pudong International Airport,PVG,2024-07-31 01:35,340,Shanghai Airlines,Business Class,1645,1065,True,1913.0,Y,Y,Y,1,5,1,30,Tuesday,True,False,False,Wattay International Airport,VTE
Kuala Lumpur International Airport,KUL,2024-07-30 20:00,Noi Bai International Airport,HAN,2024-07-30 22:05,185,Vietnam Airlines,Business Class,945,685,True,,Y,Y,Y,2,10,2,32,Tuesday,False,False,False,Wattay International Airport,VTE
Kuala Lumpur International Airport,KUL,2024-07-31 20:55,Suvarnabhumi Airport,BKK,2024-07-31 22:05,130,THAI,Business Class,1005,800,True,606.0,Y,Y,Y,2,7,2,32,Wednesday,False,False,False,Wattay International Airport,VTE
Kuala Lumpur International Airport,KUL,2024-07-31 13:20,Suvarnabhumi Airport,BKK,2024-07-31 14:30,130,THAI,Business Class,445,235,,747.0,Y,Y,Y,2,7,2,32,Wednesday,False,False,False,Wattay International Airport,VTE
Kuala Lumpur International Airport,KUL,2024-07-31 08:55,Guangzhou Baiyun International Airport,CAN,2024-07-31 12:55,240,China Southern,Business Class,615,220,,1483.0,Y,Y,Y,1,8,2,32,Wednesday,False,False,False,Wattay International Airport,VTE
Kuala Lumpur International Airport,KUL,2024-07-31 19:55,Shanghai Pudong International Airport,PVG,2024-08-01 01:35,340,Shanghai Airlines,Business Class,1645,1065,True,1217.0,Y,Y,Y,1,5,1,30,Wednesday,True,False,False,Wattay International Airport,VTE
Kuala Lumpur International Airport,KUL,2024-07-31 02:20,Guangzhou Baiyun International Airport,CAN,2024-07-31 06:25,245,China Southern,Business Class,1010,610,,1232.0,Y,Y,Y,1,8,2,32,Wednesday,False,False,False,Wattay International Airport,VTE
Kuala Lumpur International Airport,KUL,2024-07-31 21:10,Kunming Changshui International Airport,KMG,2024-08-01 01:15,245,China Eastern,Business Class,1490,1155,True,1500.0,Y,Y,Y,1,8,2,32,Wednesday,True,False,False,Wattay International Airport,VTE
Kuala Lumpur International Airport,KUL,2024-07-31 21:10,Kunming Changshui International Airport,KMG,2024-08-01 01:15,245,China Eastern,Business Class,810,470,True,1834.0,Y,Y,Y,1,8,2,32,Wednesday,True,False,False,Wattay International Airport,VTE
Kuala Lumpur International Airport,KUL,2024-07-31 07:05,Shanghai Pudong International Airport,PVG,2024-07-31 12:45,340,Shanghai Airlines,Business Class,975,395,,1913.0,Y,Y,Y,1,5,1,30,Wednesday,False,False,False,Wattay International Airport,VTE
Kuala Lumpur International Airport,KUL,2024-07-31 09:00,Guangzhou Baiyun International Airport,CAN,2024-07-31 13:10,250,Malaysia Airlines,Business Class,610,205,,4186.0,Y,Y,Y,2,7,2,32,Wednesday,False,False,False,Wattay International Airport,VTE
