Departure Airport Name,Departure Airport ID,Departure Time,Arrival Airport Name,Arrival Airport ID,Arrival Time,Duration,Airline,Travel Class,Total Duration,Layover 1 Duration,Layover 1 Overnight,Price, Cabin Baggage, Checked Baggage,Meal Included,Cabin Baggage (Number),Cabin Baggage (kg per piece),Checked Baggage (Number),Checked Baggage (kg per piece) ,Day of Week (on flight date),Overnight Flight,Departure Country Is Holiday,Arrival Country Is Holiday,Final Arrival Airport Name,Final Arrival Airport ID
Kuala Lumpur International Airport,KUL,2024-07-01 09:00,Phnom Penh International Airport,PNH,2024-07-01 10:00,120,Malaysia Airlines,Business Class,120,,,213,Y,Y,Y,2,7,2,32,Monday,False,False,False,Phnom Penh International Airport,PNH
Kuala Lumpur International Airport,KUL,2024-07-01 16:30,Phnom Penh International Airport,PNH,2024-07-01 17:25,115,Malaysia Airlines,Business Class,115,,,213,Y,Y,Y,2,7,2,32,Monday,False,False,False,Phnom Penh International Airport,PNH
Kuala Lumpur International Airport,KUL,2024-07-01 08:55,Singapore Changi Airport,SIN,2024-07-01 10:05,70,Singapore Airlines,Business Class,310,115.0,,1021,Y,Y,Y,2,7,2,40,Monday,False,False,False,Phnom Penh International Airport,PNH
Kuala Lumpur International Airport,KUL,2024-07-01 12:10,Suvarnabhumi Airport,BKK,2024-07-01 13:25,135,Malaysia Airlines,Business Class,445,235.0,,536,Y,Y,Y,2,7,2,32,Monday,False,False,False,Phnom Penh International Airport,PNH
Kuala Lumpur International Airport,KUL,2024-07-01 21:45,Suvarnabhumi Airport,BKK,2024-07-01 23:05,140,Malaysia Airlines,Business Class,765,550.0,True,536,Y,Y,Y,2,7,2,32,Monday,False,False,False,Phnom Penh International Airport,PNH
Kuala Lumpur International Airport,KUL,2024-07-01 13:20,Suvarnabhumi Airport,BKK,2024-07-01 14:30,130,THAI,Business Class,455,245.0,,569,Y,Y,Y,2,7,2,32,Monday,False,False,False,Phnom Penh International Airport,PNH
Kuala Lumpur International Airport,KUL,2024-07-01 20:55,Suvarnabhumi Airport,BKK,2024-07-01 22:05,130,THAI,Business Class,775,570.0,True,569,Y,Y,Y,2,7,2,32,Monday,False,False,False,Phnom Penh International Airport,PNH
Kuala Lumpur International Airport,KUL,2024-07-01 13:20,Suvarnabhumi Airport,BKK,2024-07-01 14:30,130,THAI,Business Class,375,170.0,,623,Y,Y,Y,2,7,2,32,Monday,False,False,False,Phnom Penh International Airport,PNH
Kuala Lumpur International Airport,KUL,2024-07-01 20:55,Suvarnabhumi Airport,BKK,2024-07-01 22:05,130,THAI,Business Class,815,610.0,True,623,Y,Y,Y,2,7,2,32,Monday,False,False,False,Phnom Penh International Airport,PNH
Kuala Lumpur International Airport,KUL,2024-07-01 16:55,Guangzhou Baiyun International Airport,CAN,2024-07-01 21:05,250,China Southern,Business Class,495,65.0,,918,Y,Y,Y,1,8,2,32,Monday,False,False,False,Phnom Penh International Airport,PNH
Kuala Lumpur International Airport,KUL,2024-07-01 21:45,Singapore Changi Airport,SIN,2024-07-01 22:55,70,Singapore Airlines,Business Class,980,785.0,True,1021,Y,Y,Y,2,7,2,40,Monday,False,False,False,Phnom Penh International Airport,PNH
Kuala Lumpur International Airport,KUL,2024-07-01 21:45,Singapore Changi Airport,SIN,2024-07-01 22:55,70,Singapore Airlines,Business Class,715,525.0,True,1153,Y,Y,Y,2,7,2,40,Monday,False,False,False,Phnom Penh International Airport,PNH
Kuala Lumpur International Airport,KUL,2024-07-02 09:00,Phnom Penh International Airport,PNH,2024-07-02 10:00,120,Malaysia Airlines,Business Class,120,,,213,Y,Y,Y,2,7,2,32,Tuesday,False,False,False,Phnom Penh International Airport,PNH
Kuala Lumpur International Airport,KUL,2024-07-02 16:30,Phnom Penh International Airport,PNH,2024-07-02 17:25,115,Malaysia Airlines,Business Class,115,,,213,Y,Y,Y,2,7,2,32,Tuesday,False,False,False,Phnom Penh International Airport,PNH
Kuala Lumpur International Airport,KUL,2024-07-02 13:20,Suvarnabhumi Airport,BKK,2024-07-02 14:30,130,THAI,Business Class,455,245.0,,569,Y,Y,Y,2,7,2,32,Tuesday,False,False,False,Phnom Penh International Airport,PNH
Kuala Lumpur International Airport,KUL,2024-07-02 12:10,Suvarnabhumi Airport,BKK,2024-07-02 13:25,135,Malaysia Airlines,Business Class,445,235.0,,536,Y,Y,Y,2,7,2,32,Tuesday,False,False,False,Phnom Penh International Airport,PNH
Kuala Lumpur International Airport,KUL,2024-07-02 21:45,Suvarnabhumi Airport,BKK,2024-07-02 23:05,140,Malaysia Airlines,Business Class,1310,1095.0,True,557,Y,Y,Y,2,7,2,32,Tuesday,False,False,False,Phnom Penh International Airport,PNH
Kuala Lumpur International Airport,KUL,2024-07-02 20:55,Suvarnabhumi Airport,BKK,2024-07-02 22:05,130,THAI,Business Class,775,570.0,True,569,Y,Y,Y,2,7,2,32,Tuesday,False,False,False,Phnom Penh International Airport,PNH
Kuala Lumpur International Airport,KUL,2024-07-02 13:20,Suvarnabhumi Airport,BKK,2024-07-02 14:30,130,THAI,Business Class,375,170.0,,623,Y,Y,Y,2,7,2,32,Tuesday,False,False,False,Phnom Penh International Airport,PNH
Kuala Lumpur International Airport,KUL,2024-07-02 20:55,Suvarnabhumi Airport,BKK,2024-07-02 22:05,130,THAI,Business Class,1360,1155.0,True,644,Y,Y,Y,2,7,2,32,Tuesday,False,False,False,Phnom Penh International Airport,PNH
Kuala Lumpur International Airport,KUL,2024-07-02 21:45,Singapore Changi Airport,SIN,2024-07-02 22:55,70,Singapore Airlines,Business Class,980,785.0,True,842,Y,Y,Y,2,7,2,40,Tuesday,False,False,False,Phnom Penh International Airport,PNH
Kuala Lumpur International Airport,KUL,2024-07-02 21:45,Singapore Changi Airport,SIN,2024-07-02 22:55,70,Singapore Airlines,Business Class,715,525.0,True,903,Y,Y,Y,2,7,2,40,Tuesday,False,False,False,Phnom Penh International Airport,PNH
Kuala Lumpur International Airport,KUL,2024-07-02 16:55,Guangzhou Baiyun International Airport,CAN,2024-07-02 21:05,250,China Southern,Business Class,495,65.0,,918,Y,Y,Y,1,8,2,32,Tuesday,False,False,False,Phnom Penh International Airport,PNH
Kuala Lumpur International Airport,KUL,2024-07-03 09:00,Phnom Penh International Airport,PNH,2024-07-03 10:00,120,Malaysia Airlines,Business Class,120,,,213,Y,Y,Y,2,7,2,32,Wednesday,False,False,False,Phnom Penh International Airport,PNH
Kuala Lumpur International Airport,KUL,2024-07-03 16:30,Phnom Penh International Airport,PNH,2024-07-03 17:25,115,Malaysia Airlines,Business Class,115,,,213,Y,Y,Y,2,7,2,32,Wednesday,False,False,False,Phnom Penh International Airport,PNH
Kuala Lumpur International Airport,KUL,2024-07-03 13:20,Suvarnabhumi Airport,BKK,2024-07-03 14:30,130,THAI,Business Class,455,245.0,,569,Y,Y,Y,2,7,2,32,Wednesday,False,False,False,Phnom Penh International Airport,PNH
Kuala Lumpur International Airport,KUL,2024-07-03 08:55,Singapore Changi Airport,SIN,2024-07-03 10:05,70,Singapore Airlines,Business Class,310,115.0,,1021,Y,Y,Y,2,7,2,40,Wednesday,False,False,False,Phnom Penh International Airport,PNH
Kuala Lumpur International Airport,KUL,2024-07-03 21:45,Suvarnabhumi Airport,BKK,2024-07-03 23:05,140,Malaysia Airlines,Business Class,765,550.0,True,536,Y,Y,Y,2,7,2,32,Wednesday,False,False,False,Phnom Penh International Airport,PNH
Kuala Lumpur International Airport,KUL,2024-07-03 20:55,Suvarnabhumi Airport,BKK,2024-07-03 22:05,130,THAI,Business Class,775,570.0,True,569,Y,Y,Y,2,7,2,32,Wednesday,False,False,False,Phnom Penh International Airport,PNH
Kuala Lumpur International Airport,KUL,2024-07-03 13:20,Suvarnabhumi Airport,BKK,2024-07-03 14:30,130,THAI,Business Class,375,170.0,,728,Y,Y,Y,2,7,2,32,Wednesday,False,False,False,Phnom Penh International Airport,PNH
Kuala Lumpur International Airport,KUL,2024-07-03 11:00,Singapore Changi Airport,SIN,2024-07-03 12:15,75,Singapore Airlines,Business Class,440,255.0,,842,Y,Y,Y,2,7,2,40,Wednesday,False,False,False,Phnom Penh International Airport,PNH
Kuala Lumpur International Airport,KUL,2024-07-03 16:55,Guangzhou Baiyun International Airport,CAN,2024-07-03 21:05,250,China Southern,Business Class,495,65.0,,918,Y,Y,Y,1,8,2,32,Wednesday,False,False,False,Phnom Penh International Airport,PNH
Kuala Lumpur International Airport,KUL,2024-07-03 20:40,Singapore Changi Airport,SIN,2024-07-03 21:50,70,Singapore Airlines,Business Class,1045,850.0,True,1021,Y,Y,Y,2,7,2,40,Wednesday,False,False,False,Phnom Penh International Airport,PNH
Kuala Lumpur International Airport,KUL,2024-07-03 21:45,Singapore Changi Airport,SIN,2024-07-03 22:55,70,Singapore Airlines,Business Class,715,525.0,True,1153,Y,Y,Y,2,7,2,40,Wednesday,False,False,False,Phnom Penh International Airport,PNH
Kuala Lumpur International Airport,KUL,2024-07-04 16:30,Phnom Penh International Airport,PNH,2024-07-04 17:25,115,Malaysia Airlines,Business Class,115,,,348,Y,Y,Y,2,7,2,32,Thursday,False,False,False,Phnom Penh International Airport,PNH
Kuala Lumpur International Airport,KUL,2024-07-04 13:20,Suvarnabhumi Airport,BKK,2024-07-04 14:30,130,THAI,Business Class,455,245.0,,569,Y,Y,Y,2,7,2,32,Thursday,False,False,False,Phnom Penh International Airport,PNH
Kuala Lumpur International Airport,KUL,2024-07-04 08:55,Singapore Changi Airport,SIN,2024-07-04 10:05,70,Singapore Airlines,Business Class,310,115.0,,1021,Y,Y,Y,2,7,2,40,Thursday,False,False,False,Phnom Penh International Airport,PNH
Kuala Lumpur International Airport,KUL,2024-07-04 21:45,Suvarnabhumi Airport,BKK,2024-07-04 23:05,140,Malaysia Airlines,Business Class,765,550.0,True,536,Y,Y,Y,2,7,2,32,Thursday,False,False,False,Phnom Penh International Airport,PNH
Kuala Lumpur International Airport,KUL,2024-07-04 20:55,Suvarnabhumi Airport,BKK,2024-07-04 22:05,130,THAI,Business Class,775,570.0,True,569,Y,Y,Y,2,7,2,32,Thursday,False,False,False,Phnom Penh International Airport,PNH
Kuala Lumpur International Airport,KUL,2024-07-04 13:20,Suvarnabhumi Airport,BKK,2024-07-04 14:30,130,THAI,Business Class,375,170.0,,728,Y,Y,Y,2,7,2,32,Thursday,False,False,False,Phnom Penh International Airport,PNH
Kuala Lumpur International Airport,KUL,2024-07-04 20:40,Singapore Changi Airport,SIN,2024-07-04 21:50,70,Singapore Airlines,Business Class,780,590.0,True,903,Y,Y,Y,2,7,2,40,Thursday,False,False,False,Phnom Penh International Airport,PNH
Kuala Lumpur International Airport,KUL,2024-07-04 02:20,Guangzhou Baiyun International Airport,CAN,2024-07-04 06:25,245,China Southern,Business Class,560,155.0,,918,Y,Y,Y,1,8,2,32,Thursday,False,False,False,Phnom Penh International Airport,PNH
Kuala Lumpur International Airport,KUL,2024-07-04 16:55,Guangzhou Baiyun International Airport,CAN,2024-07-04 21:05,250,China Southern,Business Class,495,65.0,,918,Y,Y,Y,1,8,2,32,Thursday,False,False,False,Phnom Penh International Airport,PNH
Kuala Lumpur International Airport,KUL,2024-07-05 09:00,Phnom Penh International Airport,PNH,2024-07-05 10:00,120,Malaysia Airlines,Business Class,120,,,213,Y,Y,Y,2,7,2,32,Friday,False,False,False,Phnom Penh International Airport,PNH
Kuala Lumpur International Airport,KUL,2024-07-05 16:30,Phnom Penh International Airport,PNH,2024-07-05 17:25,115,Malaysia Airlines,Business Class,115,,,213,Y,Y,Y,2,7,2,32,Friday,False,False,False,Phnom Penh International Airport,PNH
Kuala Lumpur International Airport,KUL,2024-07-05 13:20,Suvarnabhumi Airport,BKK,2024-07-05 14:30,130,THAI,Business Class,455,245.0,,569,Y,Y,Y,2,7,2,32,Friday,False,False,False,Phnom Penh International Airport,PNH
Kuala Lumpur International Airport,KUL,2024-07-05 08:55,Singapore Changi Airport,SIN,2024-07-05 10:05,70,Singapore Airlines,Business Class,310,115.0,,1021,Y,Y,Y,2,7,2,40,Friday,False,False,False,Phnom Penh International Airport,PNH
Kuala Lumpur International Airport,KUL,2024-07-05 21:45,Suvarnabhumi Airport,BKK,2024-07-05 23:05,140,Malaysia Airlines,Business Class,765,550.0,True,536,Y,Y,Y,2,7,2,32,Friday,False,False,False,Phnom Penh International Airport,PNH
Kuala Lumpur International Airport,KUL,2024-07-05 20:55,Suvarnabhumi Airport,BKK,2024-07-05 22:05,130,THAI,Business Class,775,570.0,True,569,Y,Y,Y,2,7,2,32,Friday,False,False,False,Phnom Penh International Airport,PNH
Kuala Lumpur International Airport,KUL,2024-07-05 18:40,Singapore Changi Airport,SIN,2024-07-05 19:50,70,Singapore Airlines,Business Class,1165,970.0,True,903,Y,Y,Y,2,7,2,40,Friday,False,False,False,Phnom Penh International Airport,PNH
Kuala Lumpur International Airport,KUL,2024-07-05 13:20,Suvarnabhumi Airport,BKK,2024-07-05 14:30,130,THAI,Business Class,375,170.0,,915,Y,Y,Y,2,7,2,32,Friday,False,False,False,Phnom Penh International Airport,PNH
Kuala Lumpur International Airport,KUL,2024-07-05 16:55,Guangzhou Baiyun International Airport,CAN,2024-07-05 21:05,250,China Southern,Business Class,495,65.0,,918,Y,Y,Y,1,8,2,32,Friday,False,False,False,Phnom Penh International Airport,PNH
Kuala Lumpur International Airport,KUL,2024-07-05 20:40,Singapore Changi Airport,SIN,2024-07-05 21:50,70,Singapore Airlines,Business Class,1045,850.0,True,1021,Y,Y,Y,2,7,2,40,Friday,False,False,False,Phnom Penh International Airport,PNH
Kuala Lumpur International Airport,KUL,2024-07-05 21:45,Singapore Changi Airport,SIN,2024-07-05 22:55,70,Singapore Airlines,Business Class,715,525.0,True,1153,Y,Y,Y,2,7,2,40,Friday,False,False,False,Phnom Penh International Airport,PNH
Kuala Lumpur International Airport,KUL,2024-07-06 16:30,Phnom Penh International Airport,PNH,2024-07-06 17:25,115,Malaysia Airlines,Business Class,115,,,213,Y,Y,Y,2,7,2,32,Saturday,False,False,False,Phnom Penh International Airport,PNH
Kuala Lumpur International Airport,KUL,2024-07-06 13:20,Suvarnabhumi Airport,BKK,2024-07-06 14:30,130,THAI,Business Class,455,245.0,,569,Y,Y,Y,2,7,2,32,Saturday,False,False,False,Phnom Penh International Airport,PNH
Kuala Lumpur International Airport,KUL,2024-07-06 11:00,Singapore Changi Airport,SIN,2024-07-06 12:15,75,Singapore Airlines,Business Class,440,255.0,,903,Y,Y,Y,2,7,2,40,Saturday,False,False,False,Phnom Penh International Airport,PNH
Kuala Lumpur International Airport,KUL,2024-07-06 21:45,Suvarnabhumi Airport,BKK,2024-07-06 23:05,140,Malaysia Airlines,Business Class,765,550.0,True,536,Y,Y,Y,2,7,2,32,Saturday,False,False,False,Phnom Penh International Airport,PNH
Kuala Lumpur International Airport,KUL,2024-07-06 20:55,Suvarnabhumi Airport,BKK,2024-07-06 22:05,130,THAI,Business Class,775,570.0,True,569,Y,Y,Y,2,7,2,32,Saturday,False,False,False,Phnom Penh International Airport,PNH
Kuala Lumpur International Airport,KUL,2024-07-06 13:20,Suvarnabhumi Airport,BKK,2024-07-06 14:30,130,THAI,Business Class,375,170.0,,838,Y,Y,Y,2,7,2,32,Saturday,False,False,False,Phnom Penh International Airport,PNH
Kuala Lumpur International Airport,KUL,2024-07-06 16:55,Guangzhou Baiyun International Airport,CAN,2024-07-06 21:05,250,China Southern,Business Class,495,65.0,,918,Y,Y,Y,1,8,2,32,Saturday,False,False,False,Phnom Penh International Airport,PNH
Kuala Lumpur International Airport,KUL,2024-07-06 02:20,Guangzhou Baiyun International Airport,CAN,2024-07-06 06:25,245,China Southern,Business Class,560,155.0,,1272,Y,Y,Y,1,8,2,32,Saturday,False,False,False,Phnom Penh International Airport,PNH
Kuala Lumpur International Airport,KUL,2024-07-07 09:00,Phnom Penh International Airport,PNH,2024-07-07 10:00,120,Malaysia Airlines,Business Class,120,,,213,Y,Y,Y,2,7,2,32,Sunday,False,True,False,Phnom Penh International Airport,PNH
Kuala Lumpur International Airport,KUL,2024-07-07 16:30,Phnom Penh International Airport,PNH,2024-07-07 17:25,115,Malaysia Airlines,Business Class,115,,,213,Y,Y,Y,2,7,2,32,Sunday,False,True,False,Phnom Penh International Airport,PNH
Kuala Lumpur International Airport,KUL,2024-07-07 08:55,Singapore Changi Airport,SIN,2024-07-07 10:05,70,Singapore Airlines,Business Class,310,115.0,,1021,Y,Y,Y,2,7,2,40,Sunday,False,True,False,Phnom Penh International Airport,PNH
Kuala Lumpur International Airport,KUL,2024-07-07 12:10,Suvarnabhumi Airport,BKK,2024-07-07 13:25,135,Malaysia Airlines,Business Class,445,235.0,,536,Y,Y,Y,2,7,2,32,Sunday,False,True,False,Phnom Penh International Airport,PNH
Kuala Lumpur International Airport,KUL,2024-07-07 21:45,Suvarnabhumi Airport,BKK,2024-07-07 23:05,140,Malaysia Airlines,Business Class,765,550.0,True,536,Y,Y,Y,2,7,2,32,Sunday,False,True,False,Phnom Penh International Airport,PNH
Kuala Lumpur International Airport,KUL,2024-07-07 13:20,Suvarnabhumi Airport,BKK,2024-07-07 14:30,130,THAI,Business Class,455,245.0,,569,Y,Y,Y,2,7,2,32,Sunday,False,True,False,Phnom Penh International Airport,PNH
Kuala Lumpur International Airport,KUL,2024-07-07 20:55,Suvarnabhumi Airport,BKK,2024-07-07 22:05,130,THAI,Business Class,775,570.0,True,569,Y,Y,Y,2,7,2,32,Sunday,False,True,False,Phnom Penh International Airport,PNH
Kuala Lumpur International Airport,KUL,2024-07-07 13:20,Suvarnabhumi Airport,BKK,2024-07-07 14:30,130,THAI,Business Class,375,170.0,,623,Y,Y,Y,2,7,2,32,Sunday,False,True,False,Phnom Penh International Airport,PNH
Kuala Lumpur International Airport,KUL,2024-07-07 20:40,Singapore Changi Airport,SIN,2024-07-07 21:50,70,Singapore Airlines,Business Class,1045,850.0,True,842,Y,Y,Y,2,7,2,40,Sunday,False,True,False,Phnom Penh International Airport,PNH
Kuala Lumpur International Airport,KUL,2024-07-07 11:00,Singapore Changi Airport,SIN,2024-07-07 12:15,75,Singapore Airlines,Business Class,440,255.0,,903,Y,Y,Y,2,7,2,40,Sunday,False,True,False,Phnom Penh International Airport,PNH
Kuala Lumpur International Airport,KUL,2024-07-07 16:55,Guangzhou Baiyun International Airport,CAN,2024-07-07 21:05,250,China Southern,Business Class,495,65.0,,918,Y,Y,Y,1,8,2,32,Sunday,False,True,False,Phnom Penh International Airport,PNH
Kuala Lumpur International Airport,KUL,2024-07-07 21:45,Singapore Changi Airport,SIN,2024-07-07 22:55,70,Singapore Airlines,Business Class,980,785.0,True,1021,Y,Y,Y,2,7,2,40,Sunday,False,True,False,Phnom Penh International Airport,PNH
Kuala Lumpur International Airport,KUL,2024-07-08 09:00,Phnom Penh International Airport,PNH,2024-07-08 10:00,120,Malaysia Airlines,Business Class,120,,,213,Y,Y,Y,2,7,2,32,Monday,False,True,False,Phnom Penh International Airport,PNH
Kuala Lumpur International Airport,KUL,2024-07-08 16:30,Phnom Penh International Airport,PNH,2024-07-08 17:25,115,Malaysia Airlines,Business Class,115,,,348,Y,Y,Y,2,7,2,32,Monday,False,True,False,Phnom Penh International Airport,PNH
Kuala Lumpur International Airport,KUL,2024-07-08 08:55,Singapore Changi Airport,SIN,2024-07-08 10:05,70,Singapore Airlines,Business Class,310,115.0,,842,Y,Y,Y,2,7,2,40,Monday,False,True,False,Phnom Penh International Airport,PNH
Kuala Lumpur International Airport,KUL,2024-07-08 12:10,Suvarnabhumi Airport,BKK,2024-07-08 13:25,135,Malaysia Airlines,Business Class,445,235.0,,536,Y,Y,Y,2,7,2,32,Monday,False,True,False,Phnom Penh International Airport,PNH
Kuala Lumpur International Airport,KUL,2024-07-08 21:45,Suvarnabhumi Airport,BKK,2024-07-08 23:05,140,Malaysia Airlines,Business Class,765,550.0,True,536,Y,Y,Y,2,7,2,32,Monday,False,True,False,Phnom Penh International Airport,PNH
Kuala Lumpur International Airport,KUL,2024-07-08 13:20,Suvarnabhumi Airport,BKK,2024-07-08 14:30,130,THAI,Business Class,455,245.0,,569,Y,Y,Y,2,7,2,32,Monday,False,True,False,Phnom Penh International Airport,PNH
Kuala Lumpur International Airport,KUL,2024-07-08 20:55,Suvarnabhumi Airport,BKK,2024-07-08 22:05,130,THAI,Business Class,775,570.0,True,569,Y,Y,Y,2,7,2,32,Monday,False,True,False,Phnom Penh International Airport,PNH
Kuala Lumpur International Airport,KUL,2024-07-08 13:20,Suvarnabhumi Airport,BKK,2024-07-08 14:30,130,THAI,Business Class,375,170.0,,623,Y,Y,Y,2,7,2,32,Monday,False,True,False,Phnom Penh International Airport,PNH
Kuala Lumpur International Airport,KUL,2024-07-08 20:55,Suvarnabhumi Airport,BKK,2024-07-08 22:05,130,THAI,Business Class,815,610.0,True,623,Y,Y,Y,2,7,2,32,Monday,False,True,False,Phnom Penh International Airport,PNH
Kuala Lumpur International Airport,KUL,2024-07-08 21:45,Singapore Changi Airport,SIN,2024-07-08 22:55,70,Singapore Airlines,Business Class,715,525.0,True,842,Y,Y,Y,2,7,2,40,Monday,False,True,False,Phnom Penh International Airport,PNH
Kuala Lumpur International Airport,KUL,2024-07-08 16:55,Guangzhou Baiyun International Airport,CAN,2024-07-08 21:05,250,China Southern,Business Class,495,65.0,,918,Y,Y,Y,1,8,2,32,Monday,False,True,False,Phnom Penh International Airport,PNH
Kuala Lumpur International Airport,KUL,2024-07-08 17:45,Hong Kong International Airport,HKG,2024-07-08 21:55,250,Cathay Pacific,Business Class,1050,640.0,True,1013,Y,Y,Y,1,10,2,32,Monday,False,True,False,Phnom Penh International Airport,PNH
Kuala Lumpur International Airport,KUL,2024-07-09 09:00,Phnom Penh International Airport,PNH,2024-07-09 10:00,120,Malaysia Airlines,Business Class,120,,,213,Y,Y,Y,2,7,2,32,Tuesday,False,False,False,Phnom Penh International Airport,PNH
Kuala Lumpur International Airport,KUL,2024-07-09 16:30,Phnom Penh International Airport,PNH,2024-07-09 17:25,115,Malaysia Airlines,Business Class,115,,,213,Y,Y,Y,2,7,2,32,Tuesday,False,False,False,Phnom Penh International Airport,PNH
Kuala Lumpur International Airport,KUL,2024-07-09 13:20,Suvarnabhumi Airport,BKK,2024-07-09 14:30,130,THAI,Business Class,455,245.0,,569,Y,Y,Y,2,7,2,32,Tuesday,False,False,False,Phnom Penh International Airport,PNH
Kuala Lumpur International Airport,KUL,2024-07-09 08:55,Singapore Changi Airport,SIN,2024-07-09 10:05,70,Singapore Airlines,Business Class,310,115.0,,842,Y,Y,Y,2,7,2,40,Tuesday,False,False,False,Phnom Penh International Airport,PNH
Kuala Lumpur International Airport,KUL,2024-07-09 09:00,Suvarnabhumi Airport,BKK,2024-07-09 10:15,135,Malaysia Airlines,Business Class,635,425.0,,536,Y,Y,Y,2,7,2,32,Tuesday,False,False,False,Phnom Penh International Airport,PNH
Kuala Lumpur International Airport,KUL,2024-07-09 21:45,Suvarnabhumi Airport,BKK,2024-07-09 23:05,140,Malaysia Airlines,Business Class,1310,1095.0,True,557,Y,Y,Y,2,7,2,32,Tuesday,False,False,False,Phnom Penh International Airport,PNH
Kuala Lumpur International Airport,KUL,2024-07-09 20:55,Suvarnabhumi Airport,BKK,2024-07-09 22:05,130,THAI,Business Class,775,570.0,True,569,Y,Y,Y,2,7,2,32,Tuesday,False,False,False,Phnom Penh International Airport,PNH
Kuala Lumpur International Airport,KUL,2024-07-09 13:20,Suvarnabhumi Airport,BKK,2024-07-09 14:30,130,THAI,Business Class,375,170.0,,623,Y,Y,Y,2,7,2,32,Tuesday,False,False,False,Phnom Penh International Airport,PNH
Kuala Lumpur International Airport,KUL,2024-07-09 20:55,Suvarnabhumi Airport,BKK,2024-07-09 22:05,130,THAI,Business Class,1360,1155.0,True,644,Y,Y,Y,2,7,2,32,Tuesday,False,False,False,Phnom Penh International Airport,PNH
Kuala Lumpur International Airport,KUL,2024-07-09 21:45,Singapore Changi Airport,SIN,2024-07-09 22:55,70,Singapore Airlines,Business Class,1235,1055.0,True,842,Y,Y,Y,2,7,2,40,Tuesday,False,False,False,Phnom Penh International Airport,PNH
Kuala Lumpur International Airport,KUL,2024-07-09 21:45,Singapore Changi Airport,SIN,2024-07-09 22:55,70,Singapore Airlines,Business Class,715,525.0,True,903,Y,Y,Y,2,7,2,40,Tuesday,False,False,False,Phnom Penh International Airport,PNH
Kuala Lumpur International Airport,KUL,2024-07-09 16:55,Guangzhou Baiyun International Airport,CAN,2024-07-09 21:05,250,China Southern,Business Class,495,65.0,,918,Y,Y,Y,1,8,2,32,Tuesday,False,False,False,Phnom Penh International Airport,PNH
Kuala Lumpur International Airport,KUL,2024-07-10 16:30,Phnom Penh International Airport,PNH,2024-07-10 17:25,115,Malaysia Airlines,Business Class,115,,,213,Y,Y,Y,2,7,2,32,Wednesday,False,False,False,Phnom Penh International Airport,PNH
Kuala Lumpur International Airport,KUL,2024-07-10 09:00,Phnom Penh International Airport,PNH,2024-07-10 10:00,120,Malaysia Airlines,Business Class,120,,,348,Y,Y,Y,2,7,2,32,Wednesday,False,False,False,Phnom Penh International Airport,PNH
Kuala Lumpur International Airport,KUL,2024-07-10 13:20,Suvarnabhumi Airport,BKK,2024-07-10 14:30,130,THAI,Business Class,455,245.0,,569,Y,Y,Y,2,7,2,32,Wednesday,False,False,False,Phnom Penh International Airport,PNH
Kuala Lumpur International Airport,KUL,2024-07-10 21:45,Suvarnabhumi Airport,BKK,2024-07-10 23:05,140,Malaysia Airlines,Business Class,765,550.0,True,536,Y,Y,Y,2,7,2,32,Wednesday,False,False,False,Phnom Penh International Airport,PNH
Kuala Lumpur International Airport,KUL,2024-07-10 20:55,Suvarnabhumi Airport,BKK,2024-07-10 22:05,130,THAI,Business Class,775,570.0,True,569,Y,Y,Y,2,7,2,32,Wednesday,False,False,False,Phnom Penh International Airport,PNH
Kuala Lumpur International Airport,KUL,2024-07-10 11:00,Singapore Changi Airport,SIN,2024-07-10 12:15,75,Singapore Airlines,Business Class,440,255.0,,842,Y,Y,Y,2,7,2,40,Wednesday,False,False,False,Phnom Penh International Airport,PNH
Kuala Lumpur International Airport,KUL,2024-07-10 21:45,Singapore Changi Airport,SIN,2024-07-10 22:55,70,Singapore Airlines,Business Class,980,785.0,True,903,Y,Y,Y,2,7,2,40,Wednesday,False,False,False,Phnom Penh International Airport,PNH
Kuala Lumpur International Airport,KUL,2024-07-10 13:20,Suvarnabhumi Airport,BKK,2024-07-10 14:30,130,THAI,Business Class,375,170.0,,915,Y,Y,Y,2,7,2,32,Wednesday,False,False,False,Phnom Penh International Airport,PNH
Kuala Lumpur International Airport,KUL,2024-07-10 16:55,Guangzhou Baiyun International Airport,CAN,2024-07-10 21:05,250,China Southern,Business Class,495,65.0,,918,Y,Y,Y,1,8,2,32,Wednesday,False,False,False,Phnom Penh International Airport,PNH
Kuala Lumpur International Airport,KUL,2024-07-10 08:55,Singapore Changi Airport,SIN,2024-07-10 10:05,70,Singapore Airlines,Business Class,310,115.0,,1153,Y,Y,Y,2,7,2,40,Wednesday,False,False,False,Phnom Penh International Airport,PNH
Kuala Lumpur International Airport,KUL,2024-07-10 21:45,Singapore Changi Airport,SIN,2024-07-10 22:55,70,Singapore Airlines,Business Class,715,525.0,True,1153,Y,Y,Y,2,7,2,40,Wednesday,False,False,False,Phnom Penh International Airport,PNH
Kuala Lumpur International Airport,KUL,2024-07-11 16:30,Phnom Penh International Airport,PNH,2024-07-11 17:25,115,Malaysia Airlines,Business Class,115,,,415,Y,Y,Y,2,7,2,32,Thursday,False,False,False,Phnom Penh International Airport,PNH
Kuala Lumpur International Airport,KUL,2024-07-11 13:20,Suvarnabhumi Airport,BKK,2024-07-11 14:30,130,THAI,Business Class,455,245.0,,569,Y,Y,Y,2,7,2,32,Thursday,False,False,False,Phnom Penh International Airport,PNH
Kuala Lumpur International Airport,KUL,2024-07-11 08:55,Singapore Changi Airport,SIN,2024-07-11 10:05,70,Singapore Airlines,Business Class,310,115.0,,903,Y,Y,Y,2,7,2,40,Thursday,False,False,False,Phnom Penh International Airport,PNH
Kuala Lumpur International Airport,KUL,2024-07-11 21:45,Suvarnabhumi Airport,BKK,2024-07-11 23:05,140,Malaysia Airlines,Business Class,1310,1095.0,True,557,Y,Y,Y,2,7,2,32,Thursday,False,False,False,Phnom Penh International Airport,PNH
Kuala Lumpur International Airport,KUL,2024-07-11 20:55,Suvarnabhumi Airport,BKK,2024-07-11 22:05,130,THAI,Business Class,775,570.0,True,569,Y,Y,Y,2,7,2,32,Thursday,False,False,False,Phnom Penh International Airport,PNH
Kuala Lumpur International Airport,KUL,2024-07-11 13:20,Suvarnabhumi Airport,BKK,2024-07-11 14:30,130,THAI,Business Class,375,170.0,,623,Y,Y,Y,2,7,2,32,Thursday,False,False,False,Phnom Penh International Airport,PNH
Kuala Lumpur International Airport,KUL,2024-07-11 02:20,Guangzhou Baiyun International Airport,CAN,2024-07-11 06:25,245,China Southern,Business Class,560,155.0,,918,Y,Y,Y,1,8,2,32,Thursday,False,False,False,Phnom Penh International Airport,PNH
Kuala Lumpur International Airport,KUL,2024-07-11 10:25,Singapore Changi Airport,SIN,2024-07-11 11:30,65,Batik Air,Business Class,430,245.0,,924,Y,Y,Y,2,5,1,30,Thursday,False,False,False,Phnom Penh International Airport,PNH
Kuala Lumpur International Airport,KUL,2024-07-11 16:55,Guangzhou Baiyun International Airport,CAN,2024-07-11 21:05,250,China Southern,Business Class,495,65.0,,1272,Y,Y,Y,1,8,2,32,Thursday,False,False,False,Phnom Penh International Airport,PNH
Kuala Lumpur International Airport,KUL,2024-07-11 17:00,Ninoy Aquino International Airport,MNL,2024-07-11 20:50,230,Philippine Airlines,Business Class,479,70.0,,1667,Y,Y,Y,1,7,1,32,Thursday,False,False,False,Phnom Penh International Airport,PNH
Kuala Lumpur International Airport,KUL,2024-07-12 09:00,Phnom Penh International Airport,PNH,2024-07-12 10:00,120,Malaysia Airlines,Business Class,120,,,213,Y,Y,Y,2,7,2,32,Friday,False,False,False,Phnom Penh International Airport,PNH
Kuala Lumpur International Airport,KUL,2024-07-12 16:30,Phnom Penh International Airport,PNH,2024-07-12 17:25,115,Malaysia Airlines,Business Class,115,,,213,Y,Y,Y,2,7,2,32,Friday,False,False,False,Phnom Penh International Airport,PNH
Kuala Lumpur International Airport,KUL,2024-07-12 13:20,Suvarnabhumi Airport,BKK,2024-07-12 14:30,130,THAI,Business Class,455,245.0,,569,Y,Y,Y,2,7,2,32,Friday,False,False,False,Phnom Penh International Airport,PNH
Kuala Lumpur International Airport,KUL,2024-07-12 08:55,Singapore Changi Airport,SIN,2024-07-12 10:05,70,Singapore Airlines,Business Class,310,115.0,,1021,Y,Y,Y,2,7,2,40,Friday,False,False,False,Phnom Penh International Airport,PNH
Kuala Lumpur International Airport,KUL,2024-07-12 21:45,Suvarnabhumi Airport,BKK,2024-07-12 23:05,140,Malaysia Airlines,Business Class,1310,1105.0,True,557,Y,Y,Y,2,7,2,32,Friday,False,False,False,Phnom Penh International Airport,PNH
Kuala Lumpur International Airport,KUL,2024-07-12 20:55,Suvarnabhumi Airport,BKK,2024-07-12 22:05,130,THAI,Business Class,775,570.0,True,569,Y,Y,Y,2,7,2,32,Friday,False,False,False,Phnom Penh International Airport,PNH
Kuala Lumpur International Airport,KUL,2024-07-12 13:20,Suvarnabhumi Airport,BKK,2024-07-12 14:30,130,THAI,Business Class,375,170.0,,728,Y,Y,Y,2,7,2,32,Friday,False,False,False,Phnom Penh International Airport,PNH
Kuala Lumpur International Airport,KUL,2024-07-12 21:45,Singapore Changi Airport,SIN,2024-07-12 22:55,70,Singapore Airlines,Business Class,715,525.0,True,903,Y,Y,Y,2,7,2,40,Friday,False,False,False,Phnom Penh International Airport,PNH
Kuala Lumpur International Airport,KUL,2024-07-12 18:00,Guangzhou Baiyun International Airport,CAN,2024-07-12 22:30,270,China Southern,Business Class,1060,630.0,True,918,Y,Y,Y,1,8,2,32,Friday,False,False,False,Phnom Penh International Airport,PNH
Kuala Lumpur International Airport,KUL,2024-07-12 20:45,Shenzhen Bao'an International Airport,SZX,2024-07-13 01:05,260,Shenzhen,Business Class,925,510.0,True,1179,Y,Y,Y,2,5,1,30,Friday,True,False,False,Phnom Penh International Airport,PNH
Kuala Lumpur International Airport,KUL,2024-07-12 16:55,Guangzhou Baiyun International Airport,CAN,2024-07-12 21:05,250,China Southern,Business Class,495,65.0,,1803,Y,Y,Y,1,8,2,32,Friday,False,False,False,Phnom Penh International Airport,PNH
Kuala Lumpur International Airport,KUL,2024-07-13 16:30,Phnom Penh International Airport,PNH,2024-07-13 17:25,115,Malaysia Airlines,Business Class,115,,,499,Y,Y,Y,2,7,2,32,Saturday,False,False,False,Phnom Penh International Airport,PNH
Kuala Lumpur International Airport,KUL,2024-07-13 13:20,Suvarnabhumi Airport,BKK,2024-07-13 14:30,130,THAI,Business Class,455,245.0,,569,Y,Y,Y,2,7,2,32,Saturday,False,False,False,Phnom Penh International Airport,PNH
Kuala Lumpur International Airport,KUL,2024-07-13 08:55,Singapore Changi Airport,SIN,2024-07-13 10:05,70,Singapore Airlines,Business Class,310,115.0,,842,Y,Y,Y,2,7,2,40,Saturday,False,False,False,Phnom Penh International Airport,PNH
Kuala Lumpur International Airport,KUL,2024-07-13 12:10,Suvarnabhumi Airport,BKK,2024-07-13 13:25,135,Malaysia Airlines,Business Class,445,245.0,,536,Y,Y,Y,2,7,2,32,Saturday,False,False,False,Phnom Penh International Airport,PNH
Kuala Lumpur International Airport,KUL,2024-07-13 20:55,Suvarnabhumi Airport,BKK,2024-07-13 22:05,130,THAI,Business Class,775,570.0,True,569,Y,Y,Y,2,7,2,32,Saturday,False,False,False,Phnom Penh International Airport,PNH
Kuala Lumpur International Airport,KUL,2024-07-13 10:25,Singapore Changi Airport,SIN,2024-07-13 11:35,70,Singapore Airlines,Business Class,475,295.0,,842,Y,Y,Y,2,7,2,40,Saturday,False,False,False,Phnom Penh International Airport,PNH
Kuala Lumpur International Airport,KUL,2024-07-13 02:20,Guangzhou Baiyun International Airport,CAN,2024-07-13 06:25,245,China Southern,Business Class,560,155.0,,918,Y,Y,Y,1,8,2,32,Saturday,False,False,False,Phnom Penh International Airport,PNH
Kuala Lumpur International Airport,KUL,2024-07-13 16:55,Guangzhou Baiyun International Airport,CAN,2024-07-13 21:05,250,China Southern,Business Class,495,65.0,,918,Y,Y,Y,1,8,2,32,Saturday,False,False,False,Phnom Penh International Airport,PNH
Kuala Lumpur International Airport,KUL,2024-07-13 11:00,Singapore Changi Airport,SIN,2024-07-13 12:15,75,Singapore Airlines,Business Class,440,255.0,,1153,Y,Y,Y,2,7,2,40,Saturday,False,False,False,Phnom Penh International Airport,PNH
Kuala Lumpur International Airport,KUL,2024-07-14 09:00,Phnom Penh International Airport,PNH,2024-07-14 10:00,120,Malaysia Airlines,Business Class,120,,,213,Y,Y,Y,2,7,2,32,Sunday,False,False,False,Phnom Penh International Airport,PNH
Kuala Lumpur International Airport,KUL,2024-07-14 16:30,Phnom Penh International Airport,PNH,2024-07-14 17:25,115,Malaysia Airlines,Business Class,115,,,213,Y,Y,Y,2,7,2,32,Sunday,False,False,False,Phnom Penh International Airport,PNH
Kuala Lumpur International Airport,KUL,2024-07-14 13:20,Suvarnabhumi Airport,BKK,2024-07-14 14:30,130,THAI,Business Class,455,245.0,,569,Y,Y,Y,2,7,2,32,Sunday,False,False,False,Phnom Penh International Airport,PNH
Kuala Lumpur International Airport,KUL,2024-07-14 08:55,Singapore Changi Airport,SIN,2024-07-14 10:05,70,Singapore Airlines,Business Class,310,115.0,,1021,Y,Y,Y,2,7,2,40,Sunday,False,False,False,Phnom Penh International Airport,PNH
Kuala Lumpur International Airport,KUL,2024-07-14 20:55,Suvarnabhumi Airport,BKK,2024-07-14 22:05,130,THAI,Business Class,775,570.0,True,569,Y,Y,Y,2,7,2,32,Sunday,False,False,False,Phnom Penh International Airport,PNH
Kuala Lumpur International Airport,KUL,2024-07-14 13:20,Suvarnabhumi Airport,BKK,2024-07-14 14:30,130,THAI,Business Class,375,170.0,,623,Y,Y,Y,2,7,2,32,Sunday,False,False,False,Phnom Penh International Airport,PNH
Kuala Lumpur International Airport,KUL,2024-07-14 10:25,Singapore Changi Airport,SIN,2024-07-14 11:35,70,Singapore Airlines,Business Class,475,295.0,,842,Y,Y,Y,2,7,2,40,Sunday,False,False,False,Phnom Penh International Airport,PNH
Kuala Lumpur International Airport,KUL,2024-07-14 16:55,Guangzhou Baiyun International Airport,CAN,2024-07-14 21:05,250,China Southern,Business Class,495,65.0,,918,Y,Y,Y,1,8,2,32,Sunday,False,False,False,Phnom Penh International Airport,PNH
Kuala Lumpur International Airport,KUL,2024-07-14 18:00,Guangzhou Baiyun International Airport,CAN,2024-07-14 22:30,270,China Southern,Business Class,1060,630.0,True,918,Y,Y,Y,1,8,2,32,Sunday,False,False,False,Phnom Penh International Airport,PNH
Kuala Lumpur International Airport,KUL,2024-07-14 11:00,Singapore Changi Airport,SIN,2024-07-14 12:15,75,Singapore Airlines,Business Class,440,255.0,,1021,Y,Y,Y,2,7,2,40,Sunday,False,False,False,Phnom Penh International Airport,PNH
Kuala Lumpur International Airport,KUL,2024-07-14 21:45,Singapore Changi Airport,SIN,2024-07-14 22:55,70,Singapore Airlines,Business Class,715,525.0,True,1021,Y,Y,Y,2,7,2,40,Sunday,False,False,False,Phnom Penh International Airport,PNH
Kuala Lumpur International Airport,KUL,2024-07-15 09:00,Phnom Penh International Airport,PNH,2024-07-15 10:00,120,Malaysia Airlines,Business Class,120,,,213,Y,Y,Y,2,7,2,32,Monday,False,False,False,Phnom Penh International Airport,PNH
Kuala Lumpur International Airport,KUL,2024-07-15 16:30,Phnom Penh International Airport,PNH,2024-07-15 17:25,115,Malaysia Airlines,Business Class,115,,,213,Y,Y,Y,2,7,2,32,Monday,False,False,False,Phnom Penh International Airport,PNH
Kuala Lumpur International Airport,KUL,2024-07-15 13:20,Suvarnabhumi Airport,BKK,2024-07-15 14:30,130,THAI,Business Class,455,245.0,,569,Y,Y,Y,2,7,2,32,Monday,False,False,False,Phnom Penh International Airport,PNH
Kuala Lumpur International Airport,KUL,2024-07-15 12:10,Suvarnabhumi Airport,BKK,2024-07-15 13:25,135,Malaysia Airlines,Business Class,445,235.0,,536,Y,Y,Y,2,7,2,32,Monday,False,False,False,Phnom Penh International Airport,PNH
Kuala Lumpur International Airport,KUL,2024-07-15 17:45,Suvarnabhumi Airport,BKK,2024-07-15 18:55,130,Malaysia Airlines,Business Class,1005,800.0,True,557,Y,Y,Y,2,7,2,32,Monday,False,False,False,Phnom Penh International Airport,PNH
Kuala Lumpur International Airport,KUL,2024-07-15 21:45,Suvarnabhumi Airport,BKK,2024-07-15 23:05,140,Malaysia Airlines,Business Class,1310,1105.0,True,557,Y,Y,Y,2,7,2,32,Monday,False,False,False,Phnom Penh International Airport,PNH
Kuala Lumpur International Airport,KUL,2024-07-15 20:55,Suvarnabhumi Airport,BKK,2024-07-15 22:05,130,THAI,Business Class,775,570.0,True,569,Y,Y,Y,2,7,2,32,Monday,False,False,False,Phnom Penh International Airport,PNH
Kuala Lumpur International Airport,KUL,2024-07-15 13:20,Suvarnabhumi Airport,BKK,2024-07-15 14:30,130,THAI,Business Class,375,170.0,,623,Y,Y,Y,2,7,2,32,Monday,False,False,False,Phnom Penh International Airport,PNH
Kuala Lumpur International Airport,KUL,2024-07-15 21:45,Singapore Changi Airport,SIN,2024-07-15 22:55,70,Singapore Airlines,Business Class,980,785.0,True,842,Y,Y,Y,2,7,2,40,Monday,False,False,False,Phnom Penh International Airport,PNH
Kuala Lumpur International Airport,KUL,2024-07-15 21:45,Singapore Changi Airport,SIN,2024-07-15 22:55,70,Singapore Airlines,Business Class,715,525.0,True,903,Y,Y,Y,2,7,2,40,Monday,False,False,False,Phnom Penh International Airport,PNH
Kuala Lumpur International Airport,KUL,2024-07-15 16:55,Guangzhou Baiyun International Airport,CAN,2024-07-15 21:05,250,China Southern,Business Class,495,65.0,,918,Y,Y,Y,1,8,2,32,Monday,False,False,False,Phnom Penh International Airport,PNH
Kuala Lumpur International Airport,KUL,2024-07-15 08:55,Singapore Changi Airport,SIN,2024-07-15 10:05,70,Singapore Airlines,Business Class,310,115.0,,1153,Y,Y,Y,2,7,2,40,Monday,False,False,False,Phnom Penh International Airport,PNH
Kuala Lumpur International Airport,KUL,2024-07-16 09:00,Phnom Penh International Airport,PNH,2024-07-16 10:00,120,Malaysia Airlines,Business Class,120,,,213,Y,Y,Y,2,7,2,32,Tuesday,False,False,False,Phnom Penh International Airport,PNH
Kuala Lumpur International Airport,KUL,2024-07-16 16:30,Phnom Penh International Airport,PNH,2024-07-16 17:25,115,Malaysia Airlines,Business Class,115,,,213,Y,Y,Y,2,7,2,32,Tuesday,False,False,False,Phnom Penh International Airport,PNH
Kuala Lumpur International Airport,KUL,2024-07-16 08:55,Singapore Changi Airport,SIN,2024-07-16 10:05,70,Singapore Airlines,Business Class,310,115.0,,842,Y,Y,Y,2,7,2,40,Tuesday,False,False,False,Phnom Penh International Airport,PNH
Kuala Lumpur International Airport,KUL,2024-07-16 12:10,Suvarnabhumi Airport,BKK,2024-07-16 13:25,135,Malaysia Airlines,Business Class,445,245.0,,536,Y,Y,Y,2,7,2,32,Tuesday,False,False,False,Phnom Penh International Airport,PNH
Kuala Lumpur International Airport,KUL,2024-07-16 21:45,Suvarnabhumi Airport,BKK,2024-07-16 23:05,140,Malaysia Airlines,Business Class,1310,1095.0,True,557,Y,Y,Y,2,7,2,32,Tuesday,False,False,False,Phnom Penh International Airport,PNH
Kuala Lumpur International Airport,KUL,2024-07-16 13:20,Suvarnabhumi Airport,BKK,2024-07-16 14:30,130,THAI,Business Class,455,245.0,,569,Y,Y,Y,2,7,2,32,Tuesday,False,False,False,Phnom Penh International Airport,PNH
Kuala Lumpur International Airport,KUL,2024-07-16 20:55,Suvarnabhumi Airport,BKK,2024-07-16 22:05,130,THAI,Business Class,775,570.0,True,569,Y,Y,Y,2,7,2,32,Tuesday,False,False,False,Phnom Penh International Airport,PNH
Kuala Lumpur International Airport,KUL,2024-07-16 13:20,Suvarnabhumi Airport,BKK,2024-07-16 14:30,130,THAI,Business Class,375,180.0,,623,Y,Y,Y,2,7,2,32,Tuesday,False,False,False,Phnom Penh International Airport,PNH
Kuala Lumpur International Airport,KUL,2024-07-16 20:55,Suvarnabhumi Airport,BKK,2024-07-16 22:05,130,THAI,Business Class,1360,1155.0,True,644,Y,Y,Y,2,7,2,32,Tuesday,False,False,False,Phnom Penh International Airport,PNH
Kuala Lumpur International Airport,KUL,2024-07-16 20:40,Singapore Changi Airport,SIN,2024-07-16 21:50,70,Singapore Airlines,Business Class,780,590.0,True,842,Y,Y,Y,2,7,2,40,Tuesday,False,False,False,Phnom Penh International Airport,PNH
Kuala Lumpur International Airport,KUL,2024-07-16 21:45,Singapore Changi Airport,SIN,2024-07-16 22:55,70,Singapore Airlines,Business Class,715,525.0,True,1153,Y,Y,Y,2,7,2,40,Tuesday,False,False,False,Phnom Penh International Airport,PNH
Kuala Lumpur International Airport,KUL,2024-07-16 16:55,Guangzhou Baiyun International Airport,CAN,2024-07-16 21:05,250,China Southern,Business Class,495,65.0,,1272,Y,Y,Y,1,8,2,32,Tuesday,False,False,False,Phnom Penh International Airport,PNH
Kuala Lumpur International Airport,KUL,2024-07-17 09:00,Phnom Penh International Airport,PNH,2024-07-17 10:00,120,Malaysia Airlines,Business Class,120,,,213,Y,Y,Y,2,7,2,32,Wednesday,False,False,False,Phnom Penh International Airport,PNH
Kuala Lumpur International Airport,KUL,2024-07-17 16:30,Phnom Penh International Airport,PNH,2024-07-17 17:25,115,Malaysia Airlines,Business Class,115,,,213,Y,Y,Y,2,7,2,32,Wednesday,False,False,False,Phnom Penh International Airport,PNH
Kuala Lumpur International Airport,KUL,2024-07-17 08:55,Singapore Changi Airport,SIN,2024-07-17 10:05,70,Singapore Airlines,Business Class,310,115.0,,903,Y,Y,Y,2,7,2,40,Wednesday,False,False,False,Phnom Penh International Airport,PNH
Kuala Lumpur International Airport,KUL,2024-07-17 12:10,Suvarnabhumi Airport,BKK,2024-07-17 13:25,135,Malaysia Airlines,Business Class,445,235.0,,536,Y,Y,Y,2,7,2,32,Wednesday,False,False,False,Phnom Penh International Airport,PNH
Kuala Lumpur International Airport,KUL,2024-07-17 21:45,Suvarnabhumi Airport,BKK,2024-07-17 23:05,140,Malaysia Airlines,Business Class,765,550.0,True,536,Y,Y,Y,2,7,2,32,Wednesday,False,False,False,Phnom Penh International Airport,PNH
Kuala Lumpur International Airport,KUL,2024-07-17 13:20,Suvarnabhumi Airport,BKK,2024-07-17 14:30,130,THAI,Business Class,455,245.0,,569,Y,Y,Y,2,7,2,32,Wednesday,False,False,False,Phnom Penh International Airport,PNH
Kuala Lumpur International Airport,KUL,2024-07-17 20:55,Suvarnabhumi Airport,BKK,2024-07-17 22:05,130,THAI,Business Class,775,570.0,True,569,Y,Y,Y,2,7,2,32,Wednesday,False,False,False,Phnom Penh International Airport,PNH
Kuala Lumpur International Airport,KUL,2024-07-17 13:20,Suvarnabhumi Airport,BKK,2024-07-17 14:30,130,THAI,Business Class,375,170.0,,623,Y,Y,Y,2,7,2,32,Wednesday,False,False,False,Phnom Penh International Airport,PNH
Kuala Lumpur International Airport,KUL,2024-07-17 11:00,Singapore Changi Airport,SIN,2024-07-17 12:15,75,Singapore Airlines,Business Class,440,255.0,,842,Y,Y,Y,2,7,2,40,Wednesday,False,False,False,Phnom Penh International Airport,PNH
Kuala Lumpur International Airport,KUL,2024-07-17 20:40,Singapore Changi Airport,SIN,2024-07-17 21:50,70,Singapore Airlines,Business Class,780,590.0,True,903,Y,Y,Y,2,7,2,40,Wednesday,False,False,False,Phnom Penh International Airport,PNH
Kuala Lumpur International Airport,KUL,2024-07-17 16:55,Guangzhou Baiyun International Airport,CAN,2024-07-17 21:05,250,China Southern,Business Class,495,65.0,,918,Y,Y,Y,1,8,2,32,Wednesday,False,False,False,Phnom Penh International Airport,PNH
Kuala Lumpur International Airport,KUL,2024-07-17 21:45,Singapore Changi Airport,SIN,2024-07-17 22:55,70,Singapore Airlines,Business Class,715,525.0,True,1153,Y,Y,Y,2,7,2,40,Wednesday,False,False,False,Phnom Penh International Airport,PNH
Kuala Lumpur International Airport,KUL,2024-07-18 16:30,Phnom Penh International Airport,PNH,2024-07-18 17:25,115,Malaysia Airlines,Business Class,115,,,213,Y,Y,Y,2,7,2,32,Thursday,False,False,False,Phnom Penh International Airport,PNH
Kuala Lumpur International Airport,KUL,2024-07-18 13:20,Suvarnabhumi Airport,BKK,2024-07-18 14:30,130,THAI,Business Class,455,245.0,,569,Y,Y,Y,2,7,2,32,Thursday,False,False,False,Phnom Penh International Airport,PNH
Kuala Lumpur International Airport,KUL,2024-07-18 09:00,Suvarnabhumi Airport,BKK,2024-07-18 10:15,135,Malaysia Airlines,Business Class,635,425.0,,536,Y,Y,Y,2,7,2,32,Thursday,False,False,False,Phnom Penh International Airport,PNH
Kuala Lumpur International Airport,KUL,2024-07-18 21:45,Suvarnabhumi Airport,BKK,2024-07-18 23:05,140,Malaysia Airlines,Business Class,765,550.0,True,536,Y,Y,Y,2,7,2,32,Thursday,False,False,False,Phnom Penh International Airport,PNH
Kuala Lumpur International Airport,KUL,2024-07-18 20:55,Suvarnabhumi Airport,BKK,2024-07-18 22:05,130,THAI,Business Class,775,570.0,True,569,Y,Y,Y,2,7,2,32,Thursday,False,False,False,Phnom Penh International Airport,PNH
Kuala Lumpur International Airport,KUL,2024-07-18 13:20,Suvarnabhumi Airport,BKK,2024-07-18 14:30,130,THAI,Business Class,375,170.0,,623,Y,Y,Y,2,7,2,32,Thursday,False,False,False,Phnom Penh International Airport,PNH
Kuala Lumpur International Airport,KUL,2024-07-18 20:40,Singapore Changi Airport,SIN,2024-07-18 21:50,70,Singapore Airlines,Business Class,780,590.0,True,903,Y,Y,Y,2,7,2,40,Thursday,False,False,False,Phnom Penh International Airport,PNH
Kuala Lumpur International Airport,KUL,2024-07-18 02:20,Guangzhou Baiyun International Airport,CAN,2024-07-18 06:25,245,China Southern,Business Class,560,155.0,,918,Y,Y,Y,1,8,2,32,Thursday,False,False,False,Phnom Penh International Airport,PNH
Kuala Lumpur International Airport,KUL,2024-07-18 16:55,Guangzhou Baiyun International Airport,CAN,2024-07-18 21:05,250,China Southern,Business Class,495,65.0,,918,Y,Y,Y,1,8,2,32,Thursday,False,False,False,Phnom Penh International Airport,PNH
Kuala Lumpur International Airport,KUL,2024-07-18 08:55,Singapore Changi Airport,SIN,2024-07-18 10:05,70,Singapore Airlines,Business Class,310,115.0,,1153,Y,Y,Y,2,7,2,40,Thursday,False,False,False,Phnom Penh International Airport,PNH
Kuala Lumpur International Airport,KUL,2024-07-19 09:00,Phnom Penh International Airport,PNH,2024-07-19 10:00,120,Malaysia Airlines,Business Class,120,,,213,Y,Y,Y,2,7,2,32,Friday,False,False,False,Phnom Penh International Airport,PNH
Kuala Lumpur International Airport,KUL,2024-07-19 16:30,Phnom Penh International Airport,PNH,2024-07-19 17:25,115,Malaysia Airlines,Business Class,115,,,213,Y,Y,Y,2,7,2,32,Friday,False,False,False,Phnom Penh International Airport,PNH
Kuala Lumpur International Airport,KUL,2024-07-19 13:20,Suvarnabhumi Airport,BKK,2024-07-19 14:30,130,THAI,Business Class,455,245.0,,569,Y,Y,Y,2,7,2,32,Friday,False,False,False,Phnom Penh International Airport,PNH
Kuala Lumpur International Airport,KUL,2024-07-19 11:00,Singapore Changi Airport,SIN,2024-07-19 12:15,75,Singapore Airlines,Business Class,450,255.0,,842,Y,Y,Y,2,7,2,40,Friday,False,False,False,Phnom Penh International Airport,PNH
Kuala Lumpur International Airport,KUL,2024-07-19 09:00,Suvarnabhumi Airport,BKK,2024-07-19 10:15,135,Malaysia Airlines,Business Class,635,425.0,,536,Y,Y,Y,2,7,2,32,Friday,False,False,False,Phnom Penh International Airport,PNH
Kuala Lumpur International Airport,KUL,2024-07-19 21:45,Suvarnabhumi Airport,BKK,2024-07-19 23:05,140,Malaysia Airlines,Business Class,765,550.0,True,536,Y,Y,Y,2,7,2,32,Friday,False,False,False,Phnom Penh International Airport,PNH
Kuala Lumpur International Airport,KUL,2024-07-19 20:55,Suvarnabhumi Airport,BKK,2024-07-19 22:05,130,THAI,Business Class,775,570.0,True,569,Y,Y,Y,2,7,2,32,Friday,False,False,False,Phnom Penh International Airport,PNH
Kuala Lumpur International Airport,KUL,2024-07-19 20:55,Suvarnabhumi Airport,BKK,2024-07-19 22:05,130,THAI,Business Class,815,610.0,True,623,Y,Y,Y,2,7,2,32,Friday,False,False,False,Phnom Penh International Airport,PNH
Kuala Lumpur International Airport,KUL,2024-07-19 16:35,Singapore Changi Airport,SIN,2024-07-19 18:00,85,Singapore Airlines,Business Class,1025,820.0,True,903,Y,Y,Y,2,7,2,40,Friday,False,False,False,Phnom Penh International Airport,PNH
Kuala Lumpur International Airport,KUL,2024-07-19 13:20,Suvarnabhumi Airport,BKK,2024-07-19 14:30,130,THAI,Business Class,375,170.0,,915,Y,Y,Y,2,7,2,32,Friday,False,False,False,Phnom Penh International Airport,PNH
Kuala Lumpur International Airport,KUL,2024-07-19 16:55,Guangzhou Baiyun International Airport,CAN,2024-07-19 21:05,250,China Southern,Business Class,495,65.0,,918,Y,Y,Y,1,8,2,32,Friday,False,False,False,Phnom Penh International Airport,PNH
Kuala Lumpur International Airport,KUL,2024-07-19 20:40,Singapore Changi Airport,SIN,2024-07-19 21:50,70,Singapore Airlines,Business Class,780,590.0,True,1021,Y,Y,Y,2,7,2,40,Friday,False,False,False,Phnom Penh International Airport,PNH
Kuala Lumpur International Airport,KUL,2024-07-20 16:30,Phnom Penh International Airport,PNH,2024-07-20 17:25,115,Malaysia Airlines,Business Class,115,,,213,Y,Y,Y,2,7,2,32,Saturday,False,False,False,Phnom Penh International Airport,PNH
Kuala Lumpur International Airport,KUL,2024-07-20 13:20,Suvarnabhumi Airport,BKK,2024-07-20 14:30,130,THAI,Business Class,455,245.0,,569,Y,Y,Y,2,7,2,32,Saturday,False,False,False,Phnom Penh International Airport,PNH
Kuala Lumpur International Airport,KUL,2024-07-20 12:10,Suvarnabhumi Airport,BKK,2024-07-20 13:25,135,Malaysia Airlines,Business Class,445,235.0,,536,Y,Y,Y,2,7,2,32,Saturday,False,False,False,Phnom Penh International Airport,PNH
Kuala Lumpur International Airport,KUL,2024-07-20 20:55,Suvarnabhumi Airport,BKK,2024-07-20 22:05,130,THAI,Business Class,775,570.0,True,569,Y,Y,Y,2,7,2,32,Saturday,False,False,False,Phnom Penh International Airport,PNH
Kuala Lumpur International Airport,KUL,2024-07-20 13:20,Suvarnabhumi Airport,BKK,2024-07-20 14:30,130,THAI,Business Class,375,170.0,,623,Y,Y,Y,2,7,2,32,Saturday,False,False,False,Phnom Penh International Airport,PNH
Kuala Lumpur International Airport,KUL,2024-07-20 11:00,Singapore Changi Airport,SIN,2024-07-20 12:15,75,Singapore Airlines,Business Class,440,255.0,,842,Y,Y,Y,2,7,2,40,Saturday,False,False,False,Phnom Penh International Airport,PNH
Kuala Lumpur International Airport,KUL,2024-07-20 21:00,Singapore Changi Airport,SIN,2024-07-20 22:15,75,Singapore Airlines,Business Class,1025,825.0,True,842,Y,Y,Y,2,7,2,40,Saturday,False,False,False,Phnom Penh International Airport,PNH
Kuala Lumpur International Airport,KUL,2024-07-20 02:20,Guangzhou Baiyun International Airport,CAN,2024-07-20 06:25,245,China Southern,Business Class,560,155.0,,918,Y,Y,Y,1,8,2,32,Saturday,False,False,False,Phnom Penh International Airport,PNH
Kuala Lumpur International Airport,KUL,2024-07-20 16:55,Guangzhou Baiyun International Airport,CAN,2024-07-20 21:05,250,China Southern,Business Class,495,65.0,,918,Y,Y,Y,1,8,2,32,Saturday,False,False,False,Phnom Penh International Airport,PNH
Kuala Lumpur International Airport,KUL,2024-07-20 08:55,Singapore Changi Airport,SIN,2024-07-20 10:05,70,Singapore Airlines,Business Class,310,115.0,,1153,Y,Y,Y,2,7,2,40,Saturday,False,False,False,Phnom Penh International Airport,PNH
Kuala Lumpur International Airport,KUL,2024-07-21 09:00,Phnom Penh International Airport,PNH,2024-07-21 10:00,120,Malaysia Airlines,Business Class,120,,,213,Y,Y,Y,2,7,2,32,Sunday,False,False,False,Phnom Penh International Airport,PNH
Kuala Lumpur International Airport,KUL,2024-07-21 16:30,Phnom Penh International Airport,PNH,2024-07-21 17:25,115,Malaysia Airlines,Business Class,115,,,213,Y,Y,Y,2,7,2,32,Sunday,False,False,False,Phnom Penh International Airport,PNH
Kuala Lumpur International Airport,KUL,2024-07-21 13:20,Suvarnabhumi Airport,BKK,2024-07-21 14:30,130,THAI,Business Class,455,245.0,,569,Y,Y,Y,2,7,2,32,Sunday,False,False,False,Phnom Penh International Airport,PNH
Kuala Lumpur International Airport,KUL,2024-07-21 08:55,Singapore Changi Airport,SIN,2024-07-21 10:05,70,Singapore Airlines,Business Class,310,115.0,,842,Y,Y,Y,2,7,2,40,Sunday,False,False,False,Phnom Penh International Airport,PNH
Kuala Lumpur International Airport,KUL,2024-07-21 09:00,Suvarnabhumi Airport,BKK,2024-07-21 10:15,135,Malaysia Airlines,Business Class,635,425.0,,536,Y,Y,Y,2,7,2,32,Sunday,False,False,False,Phnom Penh International Airport,PNH
Kuala Lumpur International Airport,KUL,2024-07-21 21:45,Suvarnabhumi Airport,BKK,2024-07-21 23:05,140,Malaysia Airlines,Business Class,765,550.0,True,536,Y,Y,Y,2,7,2,32,Sunday,False,False,False,Phnom Penh International Airport,PNH
Kuala Lumpur International Airport,KUL,2024-07-21 20:55,Suvarnabhumi Airport,BKK,2024-07-21 22:05,130,THAI,Business Class,775,570.0,True,569,Y,Y,Y,2,7,2,32,Sunday,False,False,False,Phnom Penh International Airport,PNH
Kuala Lumpur International Airport,KUL,2024-07-21 13:20,Suvarnabhumi Airport,BKK,2024-07-21 14:30,130,THAI,Business Class,375,170.0,,838,Y,Y,Y,2,7,2,32,Sunday,False,False,False,Phnom Penh International Airport,PNH
Kuala Lumpur International Airport,KUL,2024-07-21 10:25,Singapore Changi Airport,SIN,2024-07-21 11:35,70,Singapore Airlines,Business Class,475,295.0,,842,Y,Y,Y,2,7,2,40,Sunday,False,False,False,Phnom Penh International Airport,PNH
Kuala Lumpur International Airport,KUL,2024-07-21 21:45,Singapore Changi Airport,SIN,2024-07-21 22:55,70,Singapore Airlines,Business Class,980,785.0,True,842,Y,Y,Y,2,7,2,40,Sunday,False,False,False,Phnom Penh International Airport,PNH
Kuala Lumpur International Airport,KUL,2024-07-21 11:00,Singapore Changi Airport,SIN,2024-07-21 12:15,75,Singapore Airlines,Business Class,440,255.0,,1021,Y,Y,Y,2,7,2,40,Sunday,False,False,False,Phnom Penh International Airport,PNH
Kuala Lumpur International Airport,KUL,2024-07-21 16:55,Guangzhou Baiyun International Airport,CAN,2024-07-21 21:05,250,China Southern,Business Class,495,65.0,,1272,Y,Y,Y,1,8,2,32,Sunday,False,False,False,Phnom Penh International Airport,PNH
Kuala Lumpur International Airport,KUL,2024-07-22 09:00,Phnom Penh International Airport,PNH,2024-07-22 10:00,120,Malaysia Airlines,Business Class,120,,,213,Y,Y,Y,2,7,2,32,Monday,False,False,False,Phnom Penh International Airport,PNH
Kuala Lumpur International Airport,KUL,2024-07-22 16:30,Phnom Penh International Airport,PNH,2024-07-22 17:25,115,Malaysia Airlines,Business Class,115,,,213,Y,Y,Y,2,7,2,32,Monday,False,False,False,Phnom Penh International Airport,PNH
Kuala Lumpur International Airport,KUL,2024-07-22 08:55,Singapore Changi Airport,SIN,2024-07-22 10:05,70,Singapore Airlines,Business Class,310,115.0,,842,Y,Y,Y,2,7,2,40,Monday,False,False,False,Phnom Penh International Airport,PNH
Kuala Lumpur International Airport,KUL,2024-07-22 12:10,Suvarnabhumi Airport,BKK,2024-07-22 13:25,135,Malaysia Airlines,Business Class,445,235.0,,536,Y,Y,Y,2,7,2,32,Monday,False,False,False,Phnom Penh International Airport,PNH
Kuala Lumpur International Airport,KUL,2024-07-22 21:45,Suvarnabhumi Airport,BKK,2024-07-22 23:05,140,Malaysia Airlines,Business Class,765,550.0,True,536,Y,Y,Y,2,7,2,32,Monday,False,False,False,Phnom Penh International Airport,PNH
Kuala Lumpur International Airport,KUL,2024-07-22 13:20,Suvarnabhumi Airport,BKK,2024-07-22 14:30,130,THAI,Business Class,455,245.0,,569,Y,Y,Y,2,7,2,32,Monday,False,False,False,Phnom Penh International Airport,PNH
Kuala Lumpur International Airport,KUL,2024-07-22 20:55,Suvarnabhumi Airport,BKK,2024-07-22 22:05,130,THAI,Business Class,775,570.0,True,569,Y,Y,Y,2,7,2,32,Monday,False,False,False,Phnom Penh International Airport,PNH
Kuala Lumpur International Airport,KUL,2024-07-22 13:20,Suvarnabhumi Airport,BKK,2024-07-22 14:30,130,THAI,Business Class,375,170.0,,623,Y,Y,Y,2,7,2,32,Monday,False,False,False,Phnom Penh International Airport,PNH
Kuala Lumpur International Airport,KUL,2024-07-22 20:55,Suvarnabhumi Airport,BKK,2024-07-22 22:05,130,THAI,Business Class,815,610.0,True,623,Y,Y,Y,2,7,2,32,Monday,False,False,False,Phnom Penh International Airport,PNH
Kuala Lumpur International Airport,KUL,2024-07-22 21:45,Singapore Changi Airport,SIN,2024-07-22 22:55,70,Singapore Airlines,Business Class,715,525.0,True,842,Y,Y,Y,2,7,2,40,Monday,False,False,False,Phnom Penh International Airport,PNH
Kuala Lumpur International Airport,KUL,2024-07-22 17:45,Hong Kong International Airport,HKG,2024-07-22 21:55,250,Cathay Pacific,Business Class,1050,640.0,True,1013,Y,Y,Y,1,10,2,32,Monday,False,False,False,Phnom Penh International Airport,PNH
Kuala Lumpur International Airport,KUL,2024-07-22 16:55,Guangzhou Baiyun International Airport,CAN,2024-07-22 21:05,250,China Southern,Business Class,495,65.0,,1272,Y,Y,Y,1,8,2,32,Monday,False,False,False,Phnom Penh International Airport,PNH
Kuala Lumpur International Airport,KUL,2024-07-23 16:30,Phnom Penh International Airport,PNH,2024-07-23 17:25,115,Malaysia Airlines,Business Class,115,,,213,Y,Y,Y,2,7,2,32,Tuesday,False,False,False,Phnom Penh International Airport,PNH
Kuala Lumpur International Airport,KUL,2024-07-23 09:00,Phnom Penh International Airport,PNH,2024-07-23 10:00,120,Malaysia Airlines,Business Class,120,,,348,Y,Y,Y,2,7,2,32,Tuesday,False,False,False,Phnom Penh International Airport,PNH
Kuala Lumpur International Airport,KUL,2024-07-23 13:20,Suvarnabhumi Airport,BKK,2024-07-23 14:30,130,THAI,Business Class,455,245.0,,569,Y,Y,Y,2,7,2,32,Tuesday,False,False,False,Phnom Penh International Airport,PNH
Kuala Lumpur International Airport,KUL,2024-07-23 12:10,Suvarnabhumi Airport,BKK,2024-07-23 13:25,135,Malaysia Airlines,Business Class,445,235.0,,536,Y,Y,Y,2,7,2,32,Tuesday,False,False,False,Phnom Penh International Airport,PNH
Kuala Lumpur International Airport,KUL,2024-07-23 21:45,Suvarnabhumi Airport,BKK,2024-07-23 23:05,140,Malaysia Airlines,Business Class,1330,1125.0,True,557,Y,Y,Y,2,7,2,32,Tuesday,False,False,False,Phnom Penh International Airport,PNH
Kuala Lumpur International Airport,KUL,2024-07-23 20:55,Suvarnabhumi Airport,BKK,2024-07-23 22:05,130,THAI,Business Class,775,570.0,True,569,Y,Y,Y,2,7,2,32,Tuesday,False,False,False,Phnom Penh International Airport,PNH
Kuala Lumpur International Airport,KUL,2024-07-23 13:20,Suvarnabhumi Airport,BKK,2024-07-23 14:30,130,THAI,Business Class,375,170.0,,623,Y,Y,Y,2,7,2,32,Tuesday,False,False,False,Phnom Penh International Airport,PNH
Kuala Lumpur International Airport,KUL,2024-07-23 21:45,Singapore Changi Airport,SIN,2024-07-23 22:55,70,Singapore Airlines,Business Class,1235,1055.0,True,842,Y,Y,Y,2,7,2,40,Tuesday,False,False,False,Phnom Penh International Airport,PNH
Kuala Lumpur International Airport,KUL,2024-07-23 21:45,Singapore Changi Airport,SIN,2024-07-23 22:55,70,Singapore Airlines,Business Class,715,525.0,True,903,Y,Y,Y,2,7,2,40,Tuesday,False,False,False,Phnom Penh International Airport,PNH
Kuala Lumpur International Airport,KUL,2024-07-23 18:00,Guangzhou Baiyun International Airport,CAN,2024-07-23 22:30,270,China Southern,Business Class,1060,630.0,True,918,Y,Y,Y,1,8,2,32,Tuesday,False,False,False,Phnom Penh International Airport,PNH
Kuala Lumpur International Airport,KUL,2024-07-23 11:00,Singapore Changi Airport,SIN,2024-07-23 12:15,75,Singapore Airlines,Business Class,450,255.0,,1021,Y,Y,Y,2,7,2,40,Tuesday,False,False,False,Phnom Penh International Airport,PNH
Kuala Lumpur International Airport,KUL,2024-07-23 16:55,Guangzhou Baiyun International Airport,CAN,2024-07-23 21:05,250,China Southern,Business Class,495,65.0,,1272,Y,Y,Y,1,8,2,32,Tuesday,False,False,False,Phnom Penh International Airport,PNH
Kuala Lumpur International Airport,KUL,2024-07-24 09:00,Phnom Penh International Airport,PNH,2024-07-24 10:00,120,Malaysia Airlines,Business Class,120,,,213,Y,Y,Y,2,7,2,32,Wednesday,False,False,False,Phnom Penh International Airport,PNH
Kuala Lumpur International Airport,KUL,2024-07-24 16:30,Phnom Penh International Airport,PNH,2024-07-24 17:25,115,Malaysia Airlines,Business Class,115,,,213,Y,Y,Y,2,7,2,32,Wednesday,False,False,False,Phnom Penh International Airport,PNH
Kuala Lumpur International Airport,KUL,2024-07-24 15:05,Suvarnabhumi Airport,BKK,2024-07-24 16:20,135,Malaysia Airlines,Business Class,290,90.0,,536,Y,Y,Y,2,7,2,32,Wednesday,False,False,False,Phnom Penh International Airport,PNH
Kuala Lumpur International Airport,KUL,2024-07-24 13:20,Suvarnabhumi Airport,BKK,2024-07-24 14:30,130,THAI,Business Class,455,245.0,,569,Y,Y,Y,2,7,2,32,Wednesday,False,False,False,Phnom Penh International Airport,PNH
Kuala Lumpur International Airport,KUL,2024-07-24 21:45,Suvarnabhumi Airport,BKK,2024-07-24 23:05,140,Malaysia Airlines,Business Class,765,550.0,True,536,Y,Y,Y,2,7,2,32,Wednesday,False,False,False,Phnom Penh International Airport,PNH
Kuala Lumpur International Airport,KUL,2024-07-24 20:55,Suvarnabhumi Airport,BKK,2024-07-24 22:05,130,THAI,Business Class,775,570.0,True,569,Y,Y,Y,2,7,2,32,Wednesday,False,False,False,Phnom Penh International Airport,PNH
Kuala Lumpur International Airport,KUL,2024-07-24 10:25,Singapore Changi Airport,SIN,2024-07-24 11:35,70,Singapore Airlines,Business Class,475,295.0,,842,Y,Y,Y,2,7,2,40,Wednesday,False,False,False,Phnom Penh International Airport,PNH
Kuala Lumpur International Airport,KUL,2024-07-24 20:40,Singapore Changi Airport,SIN,2024-07-24 21:50,70,Singapore Airlines,Business Class,1045,850.0,True,842,Y,Y,Y,2,7,2,40,Wednesday,False,False,False,Phnom Penh International Airport,PNH
Kuala Lumpur International Airport,KUL,2024-07-24 08:55,Singapore Changi Airport,SIN,2024-07-24 10:05,70,Singapore Airlines,Business Class,310,115.0,,1153,Y,Y,Y,2,7,2,40,Wednesday,False,False,False,Phnom Penh International Airport,PNH
Kuala Lumpur International Airport,KUL,2024-07-24 11:00,Singapore Changi Airport,SIN,2024-07-24 12:15,75,Singapore Airlines,Business Class,440,255.0,,1153,Y,Y,Y,2,7,2,40,Wednesday,False,False,False,Phnom Penh International Airport,PNH
Kuala Lumpur International Airport,KUL,2024-07-24 16:55,Guangzhou Baiyun International Airport,CAN,2024-07-24 21:05,250,China Southern,Business Class,495,65.0,,1272,Y,Y,Y,1,8,2,32,Wednesday,False,False,False,Phnom Penh International Airport,PNH
Kuala Lumpur International Airport,KUL,2024-07-25 16:30,Phnom Penh International Airport,PNH,2024-07-25 17:25,115,Malaysia Airlines,Business Class,115,,,213,Y,Y,Y,2,7,2,32,Thursday,False,False,False,Phnom Penh International Airport,PNH
Kuala Lumpur International Airport,KUL,2024-07-25 13:20,Suvarnabhumi Airport,BKK,2024-07-25 14:30,130,THAI,Business Class,455,245.0,,569,Y,Y,Y,2,7,2,32,Thursday,False,False,False,Phnom Penh International Airport,PNH
Kuala Lumpur International Airport,KUL,2024-07-25 12:10,Suvarnabhumi Airport,BKK,2024-07-25 13:25,135,Malaysia Airlines,Business Class,445,235.0,,536,Y,Y,Y,2,7,2,32,Thursday,False,False,False,Phnom Penh International Airport,PNH
Kuala Lumpur International Airport,KUL,2024-07-25 17:45,Suvarnabhumi Airport,BKK,2024-07-25 18:55,130,Malaysia Airlines,Business Class,1005,800.0,True,557,Y,Y,Y,2,7,2,32,Thursday,False,False,False,Phnom Penh International Airport,PNH
Kuala Lumpur International Airport,KUL,2024-07-25 20:55,Suvarnabhumi Airport,BKK,2024-07-25 22:05,130,THAI,Business Class,775,570.0,True,569,Y,Y,Y,2,7,2,32,Thursday,False,False,False,Phnom Penh International Airport,PNH
Kuala Lumpur International Airport,KUL,2024-07-25 13:20,Suvarnabhumi Airport,BKK,2024-07-25 14:30,130,THAI,Business Class,375,170.0,,728,Y,Y,Y,2,7,2,32,Thursday,False,False,False,Phnom Penh International Airport,PNH
Kuala Lumpur International Airport,KUL,2024-07-25 20:40,Singapore Changi Airport,SIN,2024-07-25 21:50,70,Singapore Airlines,Business Class,780,590.0,True,903,Y,Y,Y,2,7,2,40,Thursday,False,False,False,Phnom Penh International Airport,PNH
Kuala Lumpur International Airport,KUL,2024-07-25 02:20,Guangzhou Baiyun International Airport,CAN,2024-07-25 06:25,245,China Southern,Business Class,560,155.0,,918,Y,Y,Y,1,8,2,32,Thursday,False,False,False,Phnom Penh International Airport,PNH
Kuala Lumpur International Airport,KUL,2024-07-25 08:55,Singapore Changi Airport,SIN,2024-07-25 10:05,70,Singapore Airlines,Business Class,310,115.0,,1153,Y,Y,Y,2,7,2,40,Thursday,False,False,False,Phnom Penh International Airport,PNH
Kuala Lumpur International Airport,KUL,2024-07-25 16:55,Guangzhou Baiyun International Airport,CAN,2024-07-25 21:05,250,China Southern,Business Class,495,65.0,,1272,Y,Y,Y,1,8,2,32,Thursday,False,False,False,Phnom Penh International Airport,PNH
Kuala Lumpur International Airport,KUL,2024-07-26 09:00,Phnom Penh International Airport,PNH,2024-07-26 10:00,120,Malaysia Airlines,Business Class,120,,,213,Y,Y,Y,2,7,2,32,Friday,False,False,False,Phnom Penh International Airport,PNH
Kuala Lumpur International Airport,KUL,2024-07-26 16:30,Phnom Penh International Airport,PNH,2024-07-26 17:25,115,Malaysia Airlines,Business Class,115,,,213,Y,Y,Y,2,7,2,32,Friday,False,False,False,Phnom Penh International Airport,PNH
Kuala Lumpur International Airport,KUL,2024-07-26 15:05,Suvarnabhumi Airport,BKK,2024-07-26 16:20,135,Malaysia Airlines,Business Class,290,90.0,,536,Y,Y,Y,2,7,2,32,Friday,False,False,False,Phnom Penh International Airport,PNH
Kuala Lumpur International Airport,KUL,2024-07-26 13:20,Suvarnabhumi Airport,BKK,2024-07-26 14:30,130,THAI,Business Class,455,245.0,,569,Y,Y,Y,2,7,2,32,Friday,False,False,False,Phnom Penh International Airport,PNH
Kuala Lumpur International Airport,KUL,2024-07-26 08:55,Singapore Changi Airport,SIN,2024-07-26 10:05,70,Singapore Airlines,Business Class,310,115.0,,842,Y,Y,Y,2,7,2,40,Friday,False,False,False,Phnom Penh International Airport,PNH
Kuala Lumpur International Airport,KUL,2024-07-26 21:45,Suvarnabhumi Airport,BKK,2024-07-26 23:05,140,Malaysia Airlines,Business Class,765,550.0,True,536,Y,Y,Y,2,7,2,32,Friday,False,False,False,Phnom Penh International Airport,PNH
Kuala Lumpur International Airport,KUL,2024-07-26 20:55,Suvarnabhumi Airport,BKK,2024-07-26 22:05,130,THAI,Business Class,775,570.0,True,569,Y,Y,Y,2,7,2,32,Friday,False,False,False,Phnom Penh International Airport,PNH
Kuala Lumpur International Airport,KUL,2024-07-26 20:55,Suvarnabhumi Airport,BKK,2024-07-26 22:05,130,THAI,Business Class,815,610.0,True,623,Y,Y,Y,2,7,2,32,Friday,False,False,False,Phnom Penh International Airport,PNH
Kuala Lumpur International Airport,KUL,2024-07-26 20:40,Singapore Changi Airport,SIN,2024-07-26 21:50,70,Singapore Airlines,Business Class,1045,850.0,True,903,Y,Y,Y,2,7,2,40,Friday,False,False,False,Phnom Penh International Airport,PNH
Kuala Lumpur International Airport,KUL,2024-07-26 21:45,Singapore Changi Airport,SIN,2024-07-26 22:55,70,Singapore Airlines,Business Class,980,785.0,True,1153,Y,Y,Y,2,7,2,40,Friday,False,False,False,Phnom Penh International Airport,PNH
Kuala Lumpur International Airport,KUL,2024-07-26 20:45,Shenzhen Bao'an International Airport,SZX,2024-07-27 01:05,260,Shenzhen,Business Class,925,510.0,True,1179,Y,Y,Y,2,5,1,30,Friday,True,False,False,Phnom Penh International Airport,PNH
Kuala Lumpur International Airport,KUL,2024-07-27 16:30,Phnom Penh International Airport,PNH,2024-07-27 17:25,115,Malaysia Airlines,Business Class,115,,,213,Y,Y,Y,2,7,2,32,Saturday,False,False,False,Phnom Penh International Airport,PNH
Kuala Lumpur International Airport,KUL,2024-07-27 13:20,Suvarnabhumi Airport,BKK,2024-07-27 14:30,130,THAI,Business Class,455,245.0,,569,Y,Y,Y,2,7,2,32,Saturday,False,False,False,Phnom Penh International Airport,PNH
Kuala Lumpur International Airport,KUL,2024-07-27 08:55,Singapore Changi Airport,SIN,2024-07-27 10:05,70,Singapore Airlines,Business Class,310,115.0,,842,Y,Y,Y,2,7,2,40,Saturday,False,False,False,Phnom Penh International Airport,PNH
Kuala Lumpur International Airport,KUL,2024-07-27 12:10,Suvarnabhumi Airport,BKK,2024-07-27 13:25,135,Malaysia Airlines,Business Class,445,235.0,,536,Y,Y,Y,2,7,2,32,Saturday,False,False,False,Phnom Penh International Airport,PNH
Kuala Lumpur International Airport,KUL,2024-07-27 20:55,Suvarnabhumi Airport,BKK,2024-07-27 22:05,130,THAI,Business Class,775,570.0,True,569,Y,Y,Y,2,7,2,32,Saturday,False,False,False,Phnom Penh International Airport,PNH
Kuala Lumpur International Airport,KUL,2024-07-27 13:20,Suvarnabhumi Airport,BKK,2024-07-27 14:30,130,THAI,Business Class,375,170.0,,728,Y,Y,Y,2,7,2,32,Saturday,False,False,False,Phnom Penh International Airport,PNH
Kuala Lumpur International Airport,KUL,2024-07-27 11:00,Singapore Changi Airport,SIN,2024-07-27 12:15,75,Singapore Airlines,Business Class,440,255.0,,842,Y,Y,Y,2,7,2,40,Saturday,False,False,False,Phnom Penh International Airport,PNH
Kuala Lumpur International Airport,KUL,2024-07-27 08:15,Hong Kong International Airport,HKG,2024-07-27 12:25,250,Cathay Pacific,Business Class,595,175.0,,1135,Y,Y,Y,1,10,2,32,Saturday,False,False,False,Phnom Penh International Airport,PNH
Kuala Lumpur International Airport,KUL,2024-07-27 02:20,Guangzhou Baiyun International Airport,CAN,2024-07-27 06:25,245,China Southern,Business Class,560,155.0,,1272,Y,Y,Y,1,8,2,32,Saturday,False,False,False,Phnom Penh International Airport,PNH
Kuala Lumpur International Airport,KUL,2024-07-27 16:55,Guangzhou Baiyun International Airport,CAN,2024-07-27 21:05,250,China Southern,Business Class,495,65.0,,1272,Y,Y,Y,1,8,2,32,Saturday,False,False,False,Phnom Penh International Airport,PNH
Kuala Lumpur International Airport,KUL,2024-07-28 09:00,Phnom Penh International Airport,PNH,2024-07-28 10:00,120,Malaysia Airlines,Business Class,120,,,213,Y,Y,Y,2,7,2,32,Sunday,False,False,False,Phnom Penh International Airport,PNH
Kuala Lumpur International Airport,KUL,2024-07-28 16:30,Phnom Penh International Airport,PNH,2024-07-28 17:25,115,Malaysia Airlines,Business Class,115,,,213,Y,Y,Y,2,7,2,32,Sunday,False,False,False,Phnom Penh International Airport,PNH
Kuala Lumpur International Airport,KUL,2024-07-28 13:20,Suvarnabhumi Airport,BKK,2024-07-28 14:30,130,THAI,Business Class,455,245.0,,569,Y,Y,Y,2,7,2,32,Sunday,False,False,False,Phnom Penh International Airport,PNH
Kuala Lumpur International Airport,KUL,2024-07-28 20:55,Suvarnabhumi Airport,BKK,2024-07-28 22:05,130,THAI,Business Class,775,570.0,True,569,Y,Y,Y,2,7,2,32,Sunday,False,False,False,Phnom Penh International Airport,PNH
Kuala Lumpur International Airport,KUL,2024-07-28 10:25,Singapore Changi Airport,SIN,2024-07-28 11:35,70,Singapore Airlines,Business Class,475,295.0,,842,Y,Y,Y,2,7,2,40,Sunday,False,False,False,Phnom Penh International Airport,PNH
Kuala Lumpur International Airport,KUL,2024-07-28 21:45,Singapore Changi Airport,SIN,2024-07-28 22:55,70,Singapore Airlines,Business Class,980,785.0,True,903,Y,Y,Y,2,7,2,40,Sunday,False,False,False,Phnom Penh International Airport,PNH
Kuala Lumpur International Airport,KUL,2024-07-28 09:10,Hong Kong International Airport,HKG,2024-07-28 13:15,245,Malaysia Airlines,Business Class,540,125.0,,1135,Y,Y,Y,2,7,2,32,Sunday,False,False,False,Phnom Penh International Airport,PNH
Kuala Lumpur International Airport,KUL,2024-07-28 08:55,Singapore Changi Airport,SIN,2024-07-28 10:05,70,Singapore Airlines,Business Class,310,115.0,,1153,Y,Y,Y,2,7,2,40,Sunday,False,False,False,Phnom Penh International Airport,PNH
Kuala Lumpur International Airport,KUL,2024-07-28 11:00,Singapore Changi Airport,SIN,2024-07-28 12:15,75,Singapore Airlines,Business Class,440,255.0,,1153,Y,Y,Y,2,7,2,40,Sunday,False,False,False,Phnom Penh International Airport,PNH
Kuala Lumpur International Airport,KUL,2024-07-28 16:55,Guangzhou Baiyun International Airport,CAN,2024-07-28 21:05,250,China Southern,Business Class,495,65.0,,1272,Y,Y,Y,1,8,2,32,Sunday,False,False,False,Phnom Penh International Airport,PNH
Kuala Lumpur International Airport,KUL,2024-07-29 09:00,Phnom Penh International Airport,PNH,2024-07-29 10:00,120,Malaysia Airlines,Business Class,120,,,213,Y,Y,Y,2,7,2,32,Monday,False,False,False,Phnom Penh International Airport,PNH
Kuala Lumpur International Airport,KUL,2024-07-29 16:30,Phnom Penh International Airport,PNH,2024-07-29 17:25,115,Malaysia Airlines,Business Class,115,,,213,Y,Y,Y,2,7,2,32,Monday,False,False,False,Phnom Penh International Airport,PNH
Kuala Lumpur International Airport,KUL,2024-07-29 13:20,Suvarnabhumi Airport,BKK,2024-07-29 14:30,130,THAI,Business Class,455,245.0,,569,Y,Y,Y,2,7,2,32,Monday,False,False,False,Phnom Penh International Airport,PNH
Kuala Lumpur International Airport,KUL,2024-07-29 08:55,Singapore Changi Airport,SIN,2024-07-29 10:05,70,Singapore Airlines,Business Class,310,115.0,,903,Y,Y,Y,2,7,2,40,Monday,False,False,False,Phnom Penh International Airport,PNH
Kuala Lumpur International Airport,KUL,2024-07-29 09:00,Suvarnabhumi Airport,BKK,2024-07-29 10:15,135,Malaysia Airlines,Business Class,635,425.0,,536,Y,Y,Y,2,7,2,32,Monday,False,False,False,Phnom Penh International Airport,PNH
Kuala Lumpur International Airport,KUL,2024-07-29 21:45,Suvarnabhumi Airport,BKK,2024-07-29 23:05,140,Malaysia Airlines,Business Class,1310,1095.0,True,557,Y,Y,Y,2,7,2,32,Monday,False,False,False,Phnom Penh International Airport,PNH
Kuala Lumpur International Airport,KUL,2024-07-29 20:55,Suvarnabhumi Airport,BKK,2024-07-29 22:05,130,THAI,Business Class,775,570.0,True,569,Y,Y,Y,2,7,2,32,Monday,False,False,False,Phnom Penh International Airport,PNH
Kuala Lumpur International Airport,KUL,2024-07-29 17:45,Suvarnabhumi Airport,BKK,2024-07-29 18:55,130,Malaysia Airlines,Business Class,1005,800.0,True,634,Y,Y,Y,2,7,2,32,Monday,False,False,False,Phnom Penh International Airport,PNH
Kuala Lumpur International Airport,KUL,2024-07-29 13:20,Suvarnabhumi Airport,BKK,2024-07-29 14:30,130,THAI,Business Class,375,170.0,,728,Y,Y,Y,2,7,2,32,Monday,False,False,False,Phnom Penh International Airport,PNH
Kuala Lumpur International Airport,KUL,2024-07-29 21:45,Singapore Changi Airport,SIN,2024-07-29 22:55,70,Singapore Airlines,Business Class,980,785.0,True,842,Y,Y,Y,2,7,2,40,Monday,False,False,False,Phnom Penh International Airport,PNH
Kuala Lumpur International Airport,KUL,2024-07-29 21:45,Singapore Changi Airport,SIN,2024-07-29 22:55,70,Singapore Airlines,Business Class,715,525.0,True,903,Y,Y,Y,2,7,2,40,Monday,False,False,False,Phnom Penh International Airport,PNH
Kuala Lumpur International Airport,KUL,2024-07-29 16:55,Guangzhou Baiyun International Airport,CAN,2024-07-29 21:05,250,China Southern,Business Class,495,65.0,,1272,Y,Y,Y,1,8,2,32,Monday,False,False,False,Phnom Penh International Airport,PNH
Kuala Lumpur International Airport,KUL,2024-07-30 09:00,Phnom Penh International Airport,PNH,2024-07-30 10:00,120,Malaysia Airlines,Business Class,120,,,213,Y,Y,Y,2,7,2,32,Tuesday,False,False,False,Phnom Penh International Airport,PNH
Kuala Lumpur International Airport,KUL,2024-07-30 16:30,Phnom Penh International Airport,PNH,2024-07-30 17:25,115,Malaysia Airlines,Business Class,115,,,213,Y,Y,Y,2,7,2,32,Tuesday,False,False,False,Phnom Penh International Airport,PNH
Kuala Lumpur International Airport,KUL,2024-07-30 08:55,Singapore Changi Airport,SIN,2024-07-30 10:05,70,Singapore Airlines,Business Class,310,115.0,,842,Y,Y,Y,2,7,2,40,Tuesday,False,False,False,Phnom Penh International Airport,PNH
Kuala Lumpur International Airport,KUL,2024-07-30 12:10,Suvarnabhumi Airport,BKK,2024-07-30 13:25,135,Malaysia Airlines,Business Class,445,235.0,,536,Y,Y,Y,2,7,2,32,Tuesday,False,False,False,Phnom Penh International Airport,PNH
Kuala Lumpur International Airport,KUL,2024-07-30 13:20,Suvarnabhumi Airport,BKK,2024-07-30 14:30,130,THAI,Business Class,455,245.0,,569,Y,Y,Y,2,7,2,32,Tuesday,False,False,False,Phnom Penh International Airport,PNH
Kuala Lumpur International Airport,KUL,2024-07-30 20:55,Suvarnabhumi Airport,BKK,2024-07-30 22:05,130,THAI,Business Class,775,570.0,True,569,Y,Y,Y,2,7,2,32,Tuesday,False,False,False,Phnom Penh International Airport,PNH
Kuala Lumpur International Airport,KUL,2024-07-30 13:20,Suvarnabhumi Airport,BKK,2024-07-30 14:30,130,THAI,Business Class,375,170.0,,623,Y,Y,Y,2,7,2,32,Tuesday,False,False,False,Phnom Penh International Airport,PNH
Kuala Lumpur International Airport,KUL,2024-07-30 21:45,Singapore Changi Airport,SIN,2024-07-30 22:55,70,Singapore Airlines,Business Class,1235,1055.0,True,777,Y,Y,Y,2,7,2,40,Tuesday,False,False,False,Phnom Penh International Airport,PNH
Kuala Lumpur International Airport,KUL,2024-07-30 21:45,Singapore Changi Airport,SIN,2024-07-30 22:55,70,Singapore Airlines,Business Class,980,785.0,True,842,Y,Y,Y,2,7,2,40,Tuesday,False,False,False,Phnom Penh International Airport,PNH
Kuala Lumpur International Airport,KUL,2024-07-30 18:40,Singapore Changi Airport,SIN,2024-07-30 19:50,70,Singapore Airlines,Business Class,900,710.0,True,1021,Y,Y,Y,2,7,2,40,Tuesday,False,False,False,Phnom Penh International Airport,PNH
Kuala Lumpur International Airport,KUL,2024-07-30 21:45,Singapore Changi Airport,SIN,2024-07-30 22:55,70,Singapore Airlines,Business Class,715,525.0,True,1153,Y,Y,Y,2,7,2,40,Tuesday,False,False,False,Phnom Penh International Airport,PNH
Kuala Lumpur International Airport,KUL,2024-07-30 16:55,Guangzhou Baiyun International Airport,CAN,2024-07-30 21:05,250,China Southern,Business Class,495,65.0,,1272,Y,Y,Y,1,8,2,32,Tuesday,False,False,False,Phnom Penh International Airport,PNH
Kuala Lumpur International Airport,KUL,2024-07-31 09:00,Phnom Penh International Airport,PNH,2024-07-31 10:00,120,Malaysia Airlines,Business Class,120,,,213,Y,Y,Y,2,7,2,32,Wednesday,False,False,False,Phnom Penh International Airport,PNH
Kuala Lumpur International Airport,KUL,2024-07-31 16:30,Phnom Penh International Airport,PNH,2024-07-31 17:25,115,Malaysia Airlines,Business Class,115,,,213,Y,Y,Y,2,7,2,32,Wednesday,False,False,False,Phnom Penh International Airport,PNH
Kuala Lumpur International Airport,KUL,2024-07-31 08:55,Singapore Changi Airport,SIN,2024-07-31 10:05,70,Singapore Airlines,Business Class,310,115.0,,842,Y,Y,Y,2,7,2,40,Wednesday,False,False,False,Phnom Penh International Airport,PNH
Kuala Lumpur International Airport,KUL,2024-07-31 12:10,Suvarnabhumi Airport,BKK,2024-07-31 13:25,135,Malaysia Airlines,Business Class,445,235.0,,536,Y,Y,Y,2,7,2,32,Wednesday,False,False,False,Phnom Penh International Airport,PNH
Kuala Lumpur International Airport,KUL,2024-07-31 13:20,Suvarnabhumi Airport,BKK,2024-07-31 14:30,130,THAI,Business Class,455,245.0,,569,Y,Y,Y,2,7,2,32,Wednesday,False,False,False,Phnom Penh International Airport,PNH
Kuala Lumpur International Airport,KUL,2024-07-31 20:55,Suvarnabhumi Airport,BKK,2024-07-31 22:05,130,THAI,Business Class,775,570.0,True,569,Y,Y,Y,2,7,2,32,Wednesday,False,False,False,Phnom Penh International Airport,PNH
Kuala Lumpur International Airport,KUL,2024-07-31 10:25,Singapore Changi Airport,SIN,2024-07-31 11:35,70,Singapore Airlines,Business Class,475,295.0,,777,Y,Y,Y,2,7,2,40,Wednesday,False,False,False,Phnom Penh International Airport,PNH
Kuala Lumpur International Airport,KUL,2024-07-31 11:00,Singapore Changi Airport,SIN,2024-07-31 12:15,75,Singapore Airlines,Business Class,440,255.0,,842,Y,Y,Y,2,7,2,40,Wednesday,False,False,False,Phnom Penh International Airport,PNH
Kuala Lumpur International Airport,KUL,2024-07-31 21:45,Singapore Changi Airport,SIN,2024-07-31 22:55,70,Singapore Airlines,Business Class,980,785.0,True,903,Y,Y,Y,2,7,2,40,Wednesday,False,False,False,Phnom Penh International Airport,PNH
Kuala Lumpur International Airport,KUL,2024-07-31 13:20,Suvarnabhumi Airport,BKK,2024-07-31 14:30,130,THAI,Business Class,375,170.0,,915,Y,Y,Y,2,7,2,32,Wednesday,False,False,False,Phnom Penh International Airport,PNH
Kuala Lumpur International Airport,KUL,2024-07-31 21:45,Singapore Changi Airport,SIN,2024-07-31 22:55,70,Singapore Airlines,Business Class,715,525.0,True,1021,Y,Y,Y,2,7,2,40,Wednesday,False,False,False,Phnom Penh International Airport,PNH
Kuala Lumpur International Airport,KUL,2024-07-31 16:55,Guangzhou Baiyun International Airport,CAN,2024-07-31 21:05,250,China Southern,Business Class,495,65.0,,1272,Y,Y,Y,1,8,2,32,Wednesday,False,False,False,Phnom Penh International Airport,PNH
