Departure Airport Name,Departure Airport ID,Departure Time,Arrival Airport Name,Arrival Airport ID,Arrival Time,Duration,Airline,Travel Class,Total Duration,Layover 1 Duration,Layover 1 Overnight,Price, Cabin Baggage, Checked Baggage,Meal Included,Cabin Baggage (Number),Cabin Baggage (kg per piece),Checked Baggage (Number),Checked Baggage (kg per piece) ,Day of Week (on flight date),Overnight Flight,Departure Country Is Holiday,Arrival Country Is Holiday,Final Arrival Airport Name,Final Arrival Airport ID
Ninoy Aquino International Airport,MNL,2024-07-01 12:55,Suvarnabhumi Airport,BKK,2024-07-01 15:25,210,THAI,Business Class,470,180,,780.0,Y,Y,Y,1,7,2,30,Monday,False,False,False,Wattay International Airport,VTE
Ninoy Aquino International Airport,MNL,2024-07-01 06:55,Shanghai Pudong International Airport,PVG,2024-07-01 11:00,245,China Eastern,Business Class,985,500,,1527.0,Y,Y,Y,1,10,2,32,Monday,False,False,False,Wattay International Airport,VTE
Ninoy Aquino International Airport,MNL,2024-07-01 22:10,Noi Bai International Airport,HAN,2024-07-02 00:45,215,Philippine Airlines,Business Class,815,525,True,,Y,Y,Y,1,7,2,32,Monday,True,False,False,Wattay International Airport,VTE
Ninoy Aquino International Airport,MNL,2024-07-02 12:55,Suvarnabhumi Airport,BKK,2024-07-02 15:25,210,THAI,Business Class,470,180,,780.0,Y,Y,Y,1,7,2,30,Tuesday,False,False,False,Wattay International Airport,VTE
Ninoy Aquino International Airport,MNL,2024-07-02 03:55,Shanghai Pudong International Airport,PVG,2024-07-02 07:25,210,China Eastern,Business Class,1165,715,,1527.0,Y,Y,Y,1,10,2,32,Tuesday,False,False,False,Wattay International Airport,VTE
Ninoy Aquino International Airport,MNL,2024-07-02 17:35,Guangzhou Baiyun International Airport,CAN,2024-07-02 20:05,150,China Southern,Business Class,1535,1230,True,5250.0,Y,Y,Y,1,10,2,32,Tuesday,False,False,False,Wattay International Airport,VTE
Ninoy Aquino International Airport,MNL,2024-07-02 05:20,Noi Bai International Airport,HAN,2024-07-02 07:30,190,Vietnam Airlines,Business Class,385,120,,,Y,Y,Y,2,10,1,32,Tuesday,False,False,False,Wattay International Airport,VTE
Ninoy Aquino International Airport,MNL,2024-07-03 12:55,Suvarnabhumi Airport,BKK,2024-07-03 15:25,210,THAI,Business Class,470,180,,780.0,Y,Y,Y,1,7,2,30,Wednesday,False,False,False,Wattay International Airport,VTE
Ninoy Aquino International Airport,MNL,2024-07-03 06:55,Shanghai Pudong International Airport,PVG,2024-07-03 11:00,245,China Eastern,Business Class,985,500,,1527.0,Y,Y,Y,1,10,2,32,Wednesday,False,False,False,Wattay International Airport,VTE
Ninoy Aquino International Airport,MNL,2024-07-03 11:55,Guangzhou Baiyun International Airport,CAN,2024-07-03 14:25,150,China Southern,Business Class,435,130,,5250.0,Y,Y,Y,1,10,2,32,Wednesday,False,False,False,Wattay International Airport,VTE
Ninoy Aquino International Airport,MNL,2024-07-03 22:10,Noi Bai International Airport,HAN,2024-07-04 00:45,215,Philippine Airlines,Business Class,815,525,True,,Y,Y,Y,1,7,2,32,Wednesday,True,False,False,Wattay International Airport,VTE
Ninoy Aquino International Airport,MNL,2024-07-04 12:55,Suvarnabhumi Airport,BKK,2024-07-04 15:25,210,THAI,Business Class,1495,1210,True,800.0,Y,Y,Y,1,7,2,30,Thursday,False,False,False,Wattay International Airport,VTE
Ninoy Aquino International Airport,MNL,2024-07-04 03:55,Shanghai Pudong International Airport,PVG,2024-07-04 07:25,210,China Eastern,Business Class,1165,715,,1527.0,Y,Y,Y,1,10,2,32,Thursday,False,False,False,Wattay International Airport,VTE
Ninoy Aquino International Airport,MNL,2024-07-04 17:35,Guangzhou Baiyun International Airport,CAN,2024-07-04 20:05,150,China Southern,Business Class,1535,1230,True,5250.0,Y,Y,Y,1,10,2,32,Thursday,False,False,False,Wattay International Airport,VTE
Ninoy Aquino International Airport,MNL,2024-07-04 05:20,Noi Bai International Airport,HAN,2024-07-04 07:30,190,Vietnam Airlines,Business Class,385,120,,,Y,Y,Y,2,10,1,32,Thursday,False,False,False,Wattay International Airport,VTE
Ninoy Aquino International Airport,MNL,2024-07-05 12:55,Suvarnabhumi Airport,BKK,2024-07-05 15:25,210,THAI,Business Class,470,180,,780.0,Y,Y,Y,1,7,2,30,Friday,False,False,False,Wattay International Airport,VTE
Ninoy Aquino International Airport,MNL,2024-07-05 03:55,Shanghai Pudong International Airport,PVG,2024-07-05 07:25,210,China Eastern,Business Class,1165,715,,1527.0,Y,Y,Y,1,10,2,32,Friday,False,False,False,Wattay International Airport,VTE
Ninoy Aquino International Airport,MNL,2024-07-05 11:55,Guangzhou Baiyun International Airport,CAN,2024-07-05 14:25,150,China Southern,Business Class,435,130,,5250.0,Y,Y,Y,1,10,2,32,Friday,False,False,False,Wattay International Airport,VTE
Ninoy Aquino International Airport,MNL,2024-07-05 22:10,Noi Bai International Airport,HAN,2024-07-06 00:45,215,Philippine Airlines,Business Class,815,525,True,,Y,Y,Y,1,7,2,32,Friday,True,False,False,Wattay International Airport,VTE
Ninoy Aquino International Airport,MNL,2024-07-06 12:55,Suvarnabhumi Airport,BKK,2024-07-06 15:25,210,THAI,Business Class,470,180,,780.0,Y,Y,Y,1,7,2,30,Saturday,False,False,False,Wattay International Airport,VTE
Ninoy Aquino International Airport,MNL,2024-07-06 03:55,Shanghai Pudong International Airport,PVG,2024-07-06 07:25,210,China Eastern,Business Class,1165,715,,1527.0,Y,Y,Y,1,10,2,32,Saturday,False,False,False,Wattay International Airport,VTE
Ninoy Aquino International Airport,MNL,2024-07-06 17:35,Guangzhou Baiyun International Airport,CAN,2024-07-06 20:00,145,China Southern,Business Class,1535,1235,True,5250.0,Y,Y,Y,1,10,2,32,Saturday,False,False,False,Wattay International Airport,VTE
Ninoy Aquino International Airport,MNL,2024-07-06 05:20,Noi Bai International Airport,HAN,2024-07-06 07:30,190,Vietnam Airlines,Business Class,385,120,,,Y,Y,Y,2,10,1,32,Saturday,False,False,False,Wattay International Airport,VTE
Ninoy Aquino International Airport,MNL,2024-07-07 12:55,Suvarnabhumi Airport,BKK,2024-07-07 15:25,210,THAI,Business Class,1495,1210,True,800.0,Y,Y,Y,1,7,2,30,Sunday,False,False,False,Wattay International Airport,VTE
Ninoy Aquino International Airport,MNL,2024-07-07 03:55,Shanghai Pudong International Airport,PVG,2024-07-07 07:25,210,China Eastern,Business Class,1165,715,,2153.0,Y,Y,Y,1,10,2,32,Sunday,False,False,False,Wattay International Airport,VTE
Ninoy Aquino International Airport,MNL,2024-07-07 11:55,Guangzhou Baiyun International Airport,CAN,2024-07-07 14:25,150,China Southern,Business Class,435,130,,5250.0,Y,Y,Y,1,10,2,32,Sunday,False,False,False,Wattay International Airport,VTE
Ninoy Aquino International Airport,MNL,2024-07-07 22:10,Noi Bai International Airport,HAN,2024-07-08 00:45,215,Philippine Airlines,Business Class,815,525,True,,Y,Y,Y,1,7,2,32,Sunday,True,False,False,Wattay International Airport,VTE
Ninoy Aquino International Airport,MNL,2024-07-08 12:55,Suvarnabhumi Airport,BKK,2024-07-08 15:25,210,THAI,Business Class,470,180,,780.0,Y,Y,Y,1,7,2,30,Monday,False,False,False,Wattay International Airport,VTE
Ninoy Aquino International Airport,MNL,2024-07-08 06:55,Shanghai Pudong International Airport,PVG,2024-07-08 11:00,245,China Eastern,Business Class,985,500,,1527.0,Y,Y,Y,1,10,2,32,Monday,False,False,False,Wattay International Airport,VTE
Ninoy Aquino International Airport,MNL,2024-07-08 22:10,Noi Bai International Airport,HAN,2024-07-09 00:45,215,Philippine Airlines,Business Class,815,525,True,,Y,Y,Y,1,7,2,32,Monday,True,False,False,Wattay International Airport,VTE
Ninoy Aquino International Airport,MNL,2024-07-09 12:55,Suvarnabhumi Airport,BKK,2024-07-09 15:25,210,THAI,Business Class,470,180,,780.0,Y,Y,Y,1,7,2,30,Tuesday,False,False,False,Wattay International Airport,VTE
Ninoy Aquino International Airport,MNL,2024-07-09 03:55,Shanghai Pudong International Airport,PVG,2024-07-09 07:25,210,China Eastern,Business Class,1165,715,,1527.0,Y,Y,Y,1,10,2,32,Tuesday,False,False,False,Wattay International Airport,VTE
Ninoy Aquino International Airport,MNL,2024-07-09 17:35,Guangzhou Baiyun International Airport,CAN,2024-07-09 20:05,150,China Southern,Business Class,1535,1230,True,5250.0,Y,Y,Y,1,10,2,32,Tuesday,False,False,False,Wattay International Airport,VTE
Ninoy Aquino International Airport,MNL,2024-07-09 05:20,Noi Bai International Airport,HAN,2024-07-09 07:30,190,Vietnam Airlines,Business Class,385,120,,,Y,Y,Y,2,10,1,32,Tuesday,False,False,False,Wattay International Airport,VTE
Ninoy Aquino International Airport,MNL,2024-07-10 12:55,Suvarnabhumi Airport,BKK,2024-07-10 15:25,210,THAI,Business Class,470,180,,780.0,Y,Y,Y,1,7,2,30,Wednesday,False,False,False,Wattay International Airport,VTE
Ninoy Aquino International Airport,MNL,2024-07-10 06:55,Shanghai Pudong International Airport,PVG,2024-07-10 11:00,245,China Eastern,Business Class,985,500,,1527.0,Y,Y,Y,1,10,2,32,Wednesday,False,False,False,Wattay International Airport,VTE
Ninoy Aquino International Airport,MNL,2024-07-10 11:55,Guangzhou Baiyun International Airport,CAN,2024-07-10 14:25,150,China Southern,Business Class,435,130,,5250.0,Y,Y,Y,1,10,2,32,Wednesday,False,False,False,Wattay International Airport,VTE
Ninoy Aquino International Airport,MNL,2024-07-10 22:10,Noi Bai International Airport,HAN,2024-07-11 00:45,215,Philippine Airlines,Business Class,815,525,True,,Y,Y,Y,1,7,2,32,Wednesday,True,False,False,Wattay International Airport,VTE
Ninoy Aquino International Airport,MNL,2024-07-11 12:55,Suvarnabhumi Airport,BKK,2024-07-11 15:25,210,THAI,Business Class,470,180,,780.0,Y,Y,Y,1,7,2,30,Thursday,False,False,False,Wattay International Airport,VTE
Ninoy Aquino International Airport,MNL,2024-07-11 03:55,Shanghai Pudong International Airport,PVG,2024-07-11 07:25,210,China Eastern,Business Class,1165,715,,1497.0,Y,Y,Y,1,10,2,32,Thursday,False,False,False,Wattay International Airport,VTE
Ninoy Aquino International Airport,MNL,2024-07-11 17:35,Guangzhou Baiyun International Airport,CAN,2024-07-11 20:05,150,China Southern,Business Class,1535,1230,True,5250.0,Y,Y,Y,1,10,2,32,Thursday,False,False,False,Wattay International Airport,VTE
Ninoy Aquino International Airport,MNL,2024-07-11 05:20,Noi Bai International Airport,HAN,2024-07-11 07:30,190,Vietnam Airlines,Business Class,385,120,,,Y,Y,Y,2,10,1,32,Thursday,False,False,False,Wattay International Airport,VTE
Ninoy Aquino International Airport,MNL,2024-07-12 12:55,Suvarnabhumi Airport,BKK,2024-07-12 15:25,210,THAI,Business Class,470,180,,780.0,Y,Y,Y,1,7,2,30,Friday,False,False,False,Wattay International Airport,VTE
Ninoy Aquino International Airport,MNL,2024-07-12 03:55,Shanghai Pudong International Airport,PVG,2024-07-12 07:25,210,China Eastern,Business Class,1165,715,,1497.0,Y,Y,Y,1,10,2,32,Friday,False,False,False,Wattay International Airport,VTE
Ninoy Aquino International Airport,MNL,2024-07-12 11:55,Guangzhou Baiyun International Airport,CAN,2024-07-12 14:25,150,China Southern,Business Class,435,130,,5250.0,Y,Y,Y,1,10,2,32,Friday,False,False,False,Wattay International Airport,VTE
Ninoy Aquino International Airport,MNL,2024-07-12 22:10,Noi Bai International Airport,HAN,2024-07-13 00:45,215,Philippine Airlines,Business Class,815,525,True,,Y,Y,Y,1,7,2,32,Friday,True,False,False,Wattay International Airport,VTE
Ninoy Aquino International Airport,MNL,2024-07-13 12:55,Suvarnabhumi Airport,BKK,2024-07-13 15:25,210,THAI,Business Class,470,180,,780.0,Y,Y,Y,1,7,2,30,Saturday,False,False,False,Wattay International Airport,VTE
Ninoy Aquino International Airport,MNL,2024-07-13 03:55,Shanghai Pudong International Airport,PVG,2024-07-13 07:25,210,China Eastern,Business Class,1165,715,,1497.0,Y,Y,Y,1,10,2,32,Saturday,False,False,False,Wattay International Airport,VTE
Ninoy Aquino International Airport,MNL,2024-07-13 17:35,Guangzhou Baiyun International Airport,CAN,2024-07-13 20:00,145,China Southern,Business Class,1535,1235,True,5250.0,Y,Y,Y,1,10,2,32,Saturday,False,False,False,Wattay International Airport,VTE
Ninoy Aquino International Airport,MNL,2024-07-13 05:20,Noi Bai International Airport,HAN,2024-07-13 07:30,190,Vietnam Airlines,Business Class,385,120,,,Y,Y,Y,2,10,1,32,Saturday,False,False,False,Wattay International Airport,VTE
Ninoy Aquino International Airport,MNL,2024-07-14 12:55,Suvarnabhumi Airport,BKK,2024-07-14 15:25,210,THAI,Business Class,470,180,,1391.0,Y,Y,Y,1,7,2,30,Sunday,False,False,False,Wattay International Airport,VTE
Ninoy Aquino International Airport,MNL,2024-07-14 03:55,Shanghai Pudong International Airport,PVG,2024-07-14 07:25,210,China Eastern,Business Class,1165,715,,1497.0,Y,Y,Y,1,10,2,32,Sunday,False,False,False,Wattay International Airport,VTE
Ninoy Aquino International Airport,MNL,2024-07-14 11:55,Guangzhou Baiyun International Airport,CAN,2024-07-14 14:25,150,China Southern,Business Class,435,130,,5250.0,Y,Y,Y,1,10,2,32,Sunday,False,False,False,Wattay International Airport,VTE
Ninoy Aquino International Airport,MNL,2024-07-14 22:10,Noi Bai International Airport,HAN,2024-07-15 00:45,215,Philippine Airlines,Business Class,815,525,True,,Y,Y,Y,1,7,2,32,Sunday,True,False,False,Wattay International Airport,VTE
Ninoy Aquino International Airport,MNL,2024-07-15 12:55,Suvarnabhumi Airport,BKK,2024-07-15 15:25,210,THAI,Business Class,470,180,,780.0,Y,Y,Y,1,7,2,30,Monday,False,False,False,Wattay International Airport,VTE
Ninoy Aquino International Airport,MNL,2024-07-15 06:55,Shanghai Pudong International Airport,PVG,2024-07-15 11:00,245,China Eastern,Business Class,985,500,,2268.0,Y,Y,Y,1,10,2,32,Monday,False,False,False,Wattay International Airport,VTE
Ninoy Aquino International Airport,MNL,2024-07-15 22:10,Noi Bai International Airport,HAN,2024-07-16 00:45,215,Philippine Airlines,Business Class,815,525,True,,Y,Y,Y,1,7,2,32,Monday,True,False,False,Wattay International Airport,VTE
Ninoy Aquino International Airport,MNL,2024-07-16 12:55,Suvarnabhumi Airport,BKK,2024-07-16 15:25,210,THAI,Business Class,470,180,,780.0,Y,Y,Y,1,7,2,30,Tuesday,False,False,False,Wattay International Airport,VTE
Ninoy Aquino International Airport,MNL,2024-07-16 03:55,Shanghai Pudong International Airport,PVG,2024-07-16 07:25,210,China Eastern,Business Class,1165,715,,1497.0,Y,Y,Y,1,10,2,32,Tuesday,False,False,False,Wattay International Airport,VTE
Ninoy Aquino International Airport,MNL,2024-07-16 17:35,Guangzhou Baiyun International Airport,CAN,2024-07-16 20:05,150,China Southern,Business Class,1535,1230,True,5250.0,Y,Y,Y,1,10,2,32,Tuesday,False,False,False,Wattay International Airport,VTE
Ninoy Aquino International Airport,MNL,2024-07-16 05:20,Noi Bai International Airport,HAN,2024-07-16 07:30,190,Vietnam Airlines,Business Class,385,120,,,Y,Y,Y,2,10,1,32,Tuesday,False,False,False,Wattay International Airport,VTE
Ninoy Aquino International Airport,MNL,2024-07-17 12:55,Suvarnabhumi Airport,BKK,2024-07-17 15:25,210,THAI,Business Class,470,180,,780.0,Y,Y,Y,1,7,2,30,Wednesday,False,False,False,Wattay International Airport,VTE
Ninoy Aquino International Airport,MNL,2024-07-17 06:55,Shanghai Pudong International Airport,PVG,2024-07-17 11:00,245,China Eastern,Business Class,985,500,,1497.0,Y,Y,Y,1,10,2,32,Wednesday,False,False,False,Wattay International Airport,VTE
Ninoy Aquino International Airport,MNL,2024-07-17 11:55,Guangzhou Baiyun International Airport,CAN,2024-07-17 14:25,150,China Southern,Business Class,435,130,,5250.0,Y,Y,Y,1,10,2,32,Wednesday,False,False,False,Wattay International Airport,VTE
Ninoy Aquino International Airport,MNL,2024-07-17 22:10,Noi Bai International Airport,HAN,2024-07-18 00:45,215,Philippine Airlines,Business Class,815,525,True,,Y,Y,Y,1,7,2,32,Wednesday,True,False,False,Wattay International Airport,VTE
Ninoy Aquino International Airport,MNL,2024-07-18 12:55,Suvarnabhumi Airport,BKK,2024-07-18 15:25,210,THAI,Business Class,470,180,,780.0,Y,Y,Y,1,7,2,30,Thursday,False,False,False,Wattay International Airport,VTE
Ninoy Aquino International Airport,MNL,2024-07-18 03:55,Shanghai Pudong International Airport,PVG,2024-07-18 07:25,210,China Eastern,Business Class,1165,715,,1357.0,Y,Y,Y,1,10,2,32,Thursday,False,False,False,Wattay International Airport,VTE
Ninoy Aquino International Airport,MNL,2024-07-18 17:35,Guangzhou Baiyun International Airport,CAN,2024-07-18 20:05,150,China Southern,Business Class,1535,1230,True,5250.0,Y,Y,Y,1,10,2,32,Thursday,False,False,False,Wattay International Airport,VTE
Ninoy Aquino International Airport,MNL,2024-07-18 05:20,Noi Bai International Airport,HAN,2024-07-18 07:30,190,Vietnam Airlines,Business Class,385,120,,,Y,Y,Y,2,10,1,32,Thursday,False,False,False,Wattay International Airport,VTE
Ninoy Aquino International Airport,MNL,2024-07-19 12:55,Suvarnabhumi Airport,BKK,2024-07-19 15:25,210,THAI,Business Class,470,180,,780.0,Y,Y,Y,1,7,2,30,Friday,False,False,False,Wattay International Airport,VTE
Ninoy Aquino International Airport,MNL,2024-07-19 03:55,Shanghai Pudong International Airport,PVG,2024-07-19 07:25,210,China Eastern,Business Class,1165,715,,1357.0,Y,Y,Y,1,10,2,32,Friday,False,False,False,Wattay International Airport,VTE
Ninoy Aquino International Airport,MNL,2024-07-19 11:55,Guangzhou Baiyun International Airport,CAN,2024-07-19 14:25,150,China Southern,Business Class,435,130,,5250.0,Y,Y,Y,1,10,2,32,Friday,False,False,False,Wattay International Airport,VTE
Ninoy Aquino International Airport,MNL,2024-07-19 22:10,Noi Bai International Airport,HAN,2024-07-20 00:45,215,Philippine Airlines,Business Class,815,525,True,,Y,Y,Y,1,7,2,32,Friday,True,False,True,Wattay International Airport,VTE
Ninoy Aquino International Airport,MNL,2024-07-20 12:55,Suvarnabhumi Airport,BKK,2024-07-20 15:25,210,THAI,Business Class,470,180,,780.0,Y,Y,Y,1,7,2,30,Saturday,False,False,True,Wattay International Airport,VTE
Ninoy Aquino International Airport,MNL,2024-07-20 03:55,Shanghai Pudong International Airport,PVG,2024-07-20 07:25,210,China Eastern,Business Class,1165,715,,1357.0,Y,Y,Y,1,10,2,32,Saturday,False,False,True,Wattay International Airport,VTE
Ninoy Aquino International Airport,MNL,2024-07-20 17:35,Guangzhou Baiyun International Airport,CAN,2024-07-20 20:00,145,China Southern,Business Class,1535,1235,True,5250.0,Y,Y,Y,1,10,2,32,Saturday,False,False,True,Wattay International Airport,VTE
Ninoy Aquino International Airport,MNL,2024-07-20 05:20,Noi Bai International Airport,HAN,2024-07-20 07:30,190,Vietnam Airlines,Business Class,385,120,,,Y,Y,Y,2,10,1,32,Saturday,False,False,True,Wattay International Airport,VTE
Ninoy Aquino International Airport,MNL,2024-07-21 12:55,Suvarnabhumi Airport,BKK,2024-07-21 15:25,210,THAI,Business Class,470,180,,780.0,Y,Y,Y,1,7,2,30,Sunday,False,False,False,Wattay International Airport,VTE
Ninoy Aquino International Airport,MNL,2024-07-21 03:55,Shanghai Pudong International Airport,PVG,2024-07-21 07:25,210,China Eastern,Business Class,1165,715,,1357.0,Y,Y,Y,1,10,2,32,Sunday,False,False,False,Wattay International Airport,VTE
Ninoy Aquino International Airport,MNL,2024-07-21 11:55,Guangzhou Baiyun International Airport,CAN,2024-07-21 14:25,150,China Southern,Business Class,435,130,,5250.0,Y,Y,Y,1,10,2,32,Sunday,False,False,False,Wattay International Airport,VTE
Ninoy Aquino International Airport,MNL,2024-07-21 22:10,Noi Bai International Airport,HAN,2024-07-22 00:45,215,Philippine Airlines,Business Class,815,525,True,,Y,Y,Y,1,7,2,32,Sunday,True,False,False,Wattay International Airport,VTE
Ninoy Aquino International Airport,MNL,2024-07-22 12:55,Suvarnabhumi Airport,BKK,2024-07-22 15:25,210,THAI,Business Class,470,180,,780.0,Y,Y,Y,1,7,2,30,Monday,False,False,False,Wattay International Airport,VTE
Ninoy Aquino International Airport,MNL,2024-07-22 06:55,Shanghai Pudong International Airport,PVG,2024-07-22 11:00,245,China Eastern,Business Class,985,500,,1357.0,Y,Y,Y,1,10,2,32,Monday,False,False,False,Wattay International Airport,VTE
Ninoy Aquino International Airport,MNL,2024-07-22 22:10,Noi Bai International Airport,HAN,2024-07-23 00:45,215,Philippine Airlines,Business Class,815,525,True,,Y,Y,Y,1,7,2,32,Monday,True,False,False,Wattay International Airport,VTE
Ninoy Aquino International Airport,MNL,2024-07-23 12:55,Suvarnabhumi Airport,BKK,2024-07-23 15:25,210,THAI,Business Class,470,180,,780.0,Y,Y,Y,1,7,2,30,Tuesday,False,False,False,Wattay International Airport,VTE
Ninoy Aquino International Airport,MNL,2024-07-23 03:55,Shanghai Pudong International Airport,PVG,2024-07-23 07:25,210,China Eastern,Business Class,1165,715,,1357.0,Y,Y,Y,1,10,2,32,Tuesday,False,False,False,Wattay International Airport,VTE
Ninoy Aquino International Airport,MNL,2024-07-23 17:35,Guangzhou Baiyun International Airport,CAN,2024-07-23 20:05,150,China Southern,Business Class,1535,1230,True,5250.0,Y,Y,Y,1,10,2,32,Tuesday,False,False,False,Wattay International Airport,VTE
Ninoy Aquino International Airport,MNL,2024-07-23 05:20,Noi Bai International Airport,HAN,2024-07-23 07:30,190,Vietnam Airlines,Business Class,385,120,,,Y,Y,Y,2,10,1,32,Tuesday,False,False,False,Wattay International Airport,VTE
Ninoy Aquino International Airport,MNL,2024-07-24 12:55,Suvarnabhumi Airport,BKK,2024-07-24 15:25,210,THAI,Business Class,470,180,,780.0,Y,Y,Y,1,7,2,30,Wednesday,False,False,False,Wattay International Airport,VTE
Ninoy Aquino International Airport,MNL,2024-07-24 06:55,Shanghai Pudong International Airport,PVG,2024-07-24 11:00,245,China Eastern,Business Class,985,500,,1357.0,Y,Y,Y,1,10,2,32,Wednesday,False,False,False,Wattay International Airport,VTE
Ninoy Aquino International Airport,MNL,2024-07-24 11:55,Guangzhou Baiyun International Airport,CAN,2024-07-24 14:25,150,China Southern,Business Class,435,130,,5250.0,Y,Y,Y,1,10,2,32,Wednesday,False,False,False,Wattay International Airport,VTE
Ninoy Aquino International Airport,MNL,2024-07-24 22:10,Noi Bai International Airport,HAN,2024-07-25 00:45,215,Philippine Airlines,Business Class,815,525,True,,Y,Y,Y,1,7,2,32,Wednesday,True,False,False,Wattay International Airport,VTE
Ninoy Aquino International Airport,MNL,2024-07-25 03:55,Shanghai Pudong International Airport,PVG,2024-07-25 07:25,210,China Eastern,Business Class,1165,715,,1243.0,Y,Y,Y,1,10,2,32,Thursday,False,False,False,Wattay International Airport,VTE
Ninoy Aquino International Airport,MNL,2024-07-25 17:35,Guangzhou Baiyun International Airport,CAN,2024-07-25 20:05,150,China Southern,Business Class,1535,1230,True,5250.0,Y,Y,Y,1,10,2,32,Thursday,False,False,False,Wattay International Airport,VTE
Ninoy Aquino International Airport,MNL,2024-07-25 05:20,Noi Bai International Airport,HAN,2024-07-25 07:30,190,Vietnam Airlines,Business Class,385,120,,,Y,Y,Y,2,10,1,32,Thursday,False,False,False,Wattay International Airport,VTE
Ninoy Aquino International Airport,MNL,2024-07-26 12:55,Suvarnabhumi Airport,BKK,2024-07-26 15:25,210,THAI,Business Class,470,180,,780.0,Y,Y,Y,1,7,2,30,Friday,False,False,False,Wattay International Airport,VTE
Ninoy Aquino International Airport,MNL,2024-07-26 03:55,Shanghai Pudong International Airport,PVG,2024-07-26 07:25,210,China Eastern,Business Class,1165,715,,1243.0,Y,Y,Y,1,10,2,32,Friday,False,False,False,Wattay International Airport,VTE
Ninoy Aquino International Airport,MNL,2024-07-26 11:55,Guangzhou Baiyun International Airport,CAN,2024-07-26 14:25,150,China Southern,Business Class,435,130,,5250.0,Y,Y,Y,1,10,2,32,Friday,False,False,False,Wattay International Airport,VTE
Ninoy Aquino International Airport,MNL,2024-07-26 22:10,Noi Bai International Airport,HAN,2024-07-27 00:45,215,Philippine Airlines,Business Class,815,525,True,,Y,Y,Y,1,7,2,32,Friday,True,False,False,Wattay International Airport,VTE
Ninoy Aquino International Airport,MNL,2024-07-27 12:55,Suvarnabhumi Airport,BKK,2024-07-27 15:25,210,THAI,Business Class,470,180,,780.0,Y,Y,Y,1,7,2,30,Saturday,False,False,False,Wattay International Airport,VTE
Ninoy Aquino International Airport,MNL,2024-07-27 03:55,Shanghai Pudong International Airport,PVG,2024-07-27 07:25,210,China Eastern,Business Class,1165,715,,1243.0,Y,Y,Y,1,10,2,32,Saturday,False,False,False,Wattay International Airport,VTE
Ninoy Aquino International Airport,MNL,2024-07-27 17:35,Guangzhou Baiyun International Airport,CAN,2024-07-27 20:00,145,China Southern,Business Class,1535,1235,True,5250.0,Y,Y,Y,1,10,2,32,Saturday,False,False,False,Wattay International Airport,VTE
Ninoy Aquino International Airport,MNL,2024-07-27 05:20,Noi Bai International Airport,HAN,2024-07-27 07:30,190,Vietnam Airlines,Business Class,385,120,,,Y,Y,Y,2,10,1,32,Saturday,False,False,False,Wattay International Airport,VTE
Ninoy Aquino International Airport,MNL,2024-07-28 12:55,Suvarnabhumi Airport,BKK,2024-07-28 15:25,210,THAI,Business Class,470,180,,780.0,Y,Y,Y,1,7,2,30,Sunday,False,False,False,Wattay International Airport,VTE
Ninoy Aquino International Airport,MNL,2024-07-28 03:55,Shanghai Pudong International Airport,PVG,2024-07-28 07:25,210,China Eastern,Business Class,1165,715,,1243.0,Y,Y,Y,1,10,2,32,Sunday,False,False,False,Wattay International Airport,VTE
Ninoy Aquino International Airport,MNL,2024-07-28 11:55,Guangzhou Baiyun International Airport,CAN,2024-07-28 14:25,150,China Southern,Business Class,435,130,,5250.0,Y,Y,Y,1,10,2,32,Sunday,False,False,False,Wattay International Airport,VTE
Ninoy Aquino International Airport,MNL,2024-07-28 22:10,Noi Bai International Airport,HAN,2024-07-29 00:45,215,Philippine Airlines,Business Class,815,525,True,,Y,Y,Y,1,7,2,32,Sunday,True,False,False,Wattay International Airport,VTE
Ninoy Aquino International Airport,MNL,2024-07-29 12:55,Suvarnabhumi Airport,BKK,2024-07-29 15:25,210,THAI,Business Class,470,180,,780.0,Y,Y,Y,1,7,2,30,Monday,False,False,False,Wattay International Airport,VTE
Ninoy Aquino International Airport,MNL,2024-07-29 06:55,Shanghai Pudong International Airport,PVG,2024-07-29 11:00,245,China Eastern,Business Class,985,500,,1243.0,Y,Y,Y,1,10,2,32,Monday,False,False,False,Wattay International Airport,VTE
Ninoy Aquino International Airport,MNL,2024-07-29 22:10,Noi Bai International Airport,HAN,2024-07-30 00:45,215,Philippine Airlines,Business Class,815,525,True,,Y,Y,Y,1,7,2,32,Monday,True,False,False,Wattay International Airport,VTE
Ninoy Aquino International Airport,MNL,2024-07-30 12:55,Suvarnabhumi Airport,BKK,2024-07-30 15:25,210,THAI,Business Class,470,180,,780.0,Y,Y,Y,1,7,2,30,Tuesday,False,False,False,Wattay International Airport,VTE
Ninoy Aquino International Airport,MNL,2024-07-30 03:55,Shanghai Pudong International Airport,PVG,2024-07-30 07:25,210,China Eastern,Business Class,1165,715,,1243.0,Y,Y,Y,1,10,2,32,Tuesday,False,False,False,Wattay International Airport,VTE
Ninoy Aquino International Airport,MNL,2024-07-30 17:35,Guangzhou Baiyun International Airport,CAN,2024-07-30 20:05,150,China Southern,Business Class,1535,1230,True,5250.0,Y,Y,Y,1,10,2,32,Tuesday,False,False,False,Wattay International Airport,VTE
Ninoy Aquino International Airport,MNL,2024-07-30 05:20,Noi Bai International Airport,HAN,2024-07-30 07:30,190,Vietnam Airlines,Business Class,385,120,,,Y,Y,Y,2,10,1,32,Tuesday,False,False,False,Wattay International Airport,VTE
Ninoy Aquino International Airport,MNL,2024-07-31 12:55,Suvarnabhumi Airport,BKK,2024-07-31 15:25,210,THAI,Business Class,470,180,,780.0,Y,Y,Y,1,7,2,30,Wednesday,False,False,False,Wattay International Airport,VTE
Ninoy Aquino International Airport,MNL,2024-07-31 11:55,Guangzhou Baiyun International Airport,CAN,2024-07-31 14:25,150,China Southern,Business Class,435,130,,5250.0,Y,Y,Y,1,10,2,32,Wednesday,False,False,False,Wattay International Airport,VTE
Ninoy Aquino International Airport,MNL,2024-07-31 22:10,Noi Bai International Airport,HAN,2024-08-01 00:45,215,Philippine Airlines,Business Class,815,525,True,,Y,Y,Y,1,7,2,32,Wednesday,True,False,False,Wattay International Airport,VTE
Ninoy Aquino International Airport,MNL,2024-08-01 12:55,Suvarnabhumi Airport,BKK,2024-08-01 15:25,210,THAI,Business Class,470,180,,816.0,Y,Y,Y,1,7,2,30,Thursday,False,False,False,Wattay International Airport,VTE
Ninoy Aquino International Airport,MNL,2024-08-01 03:55,Shanghai Pudong International Airport,PVG,2024-08-01 07:25,210,China Eastern,Business Class,1165,715,,1243.0,Y,Y,Y,1,10,2,32,Thursday,False,False,False,Wattay International Airport,VTE
Ninoy Aquino International Airport,MNL,2024-08-01 17:35,Guangzhou Baiyun International Airport,CAN,2024-08-01 20:05,150,China Southern,Business Class,1535,1230,True,5250.0,Y,Y,Y,1,10,2,32,Thursday,False,False,False,Wattay International Airport,VTE
Ninoy Aquino International Airport,MNL,2024-08-01 05:20,Noi Bai International Airport,HAN,2024-08-01 07:30,190,Vietnam Airlines,Business Class,385,120,,,Y,Y,Y,2,10,1,32,Thursday,False,False,False,Wattay International Airport,VTE
Ninoy Aquino International Airport,MNL,2024-08-02 12:55,Suvarnabhumi Airport,BKK,2024-08-02 15:25,210,THAI,Business Class,470,180,,864.0,Y,Y,Y,1,7,2,30,Friday,False,False,False,Wattay International Airport,VTE
Ninoy Aquino International Airport,MNL,2024-08-02 03:55,Shanghai Pudong International Airport,PVG,2024-08-02 07:25,210,China Eastern,Business Class,1165,715,,1243.0,Y,Y,Y,1,10,2,32,Friday,False,False,False,Wattay International Airport,VTE
Ninoy Aquino International Airport,MNL,2024-08-02 11:55,Guangzhou Baiyun International Airport,CAN,2024-08-02 14:25,150,China Southern,Business Class,435,130,,5250.0,Y,Y,Y,1,10,2,32,Friday,False,False,False,Wattay International Airport,VTE
Ninoy Aquino International Airport,MNL,2024-08-02 22:10,Noi Bai International Airport,HAN,2024-08-03 00:45,215,Philippine Airlines,Business Class,815,525,True,,Y,Y,Y,1,7,2,32,Friday,True,False,False,Wattay International Airport,VTE
Ninoy Aquino International Airport,MNL,2024-08-03 12:55,Suvarnabhumi Airport,BKK,2024-08-03 15:25,210,THAI,Business Class,470,180,,864.0,Y,Y,Y,1,7,2,30,Saturday,False,False,False,Wattay International Airport,VTE
Ninoy Aquino International Airport,MNL,2024-08-03 03:55,Shanghai Pudong International Airport,PVG,2024-08-03 07:25,210,China Eastern,Business Class,1165,715,,1243.0,Y,Y,Y,1,10,2,32,Saturday,False,False,False,Wattay International Airport,VTE
Ninoy Aquino International Airport,MNL,2024-08-03 17:35,Guangzhou Baiyun International Airport,CAN,2024-08-03 20:00,145,China Southern,Business Class,1535,1235,True,5250.0,Y,Y,Y,1,10,2,32,Saturday,False,False,False,Wattay International Airport,VTE
Ninoy Aquino International Airport,MNL,2024-08-03 05:20,Noi Bai International Airport,HAN,2024-08-03 07:30,190,Vietnam Airlines,Business Class,385,120,,,Y,Y,Y,2,10,1,32,Saturday,False,False,False,Wattay International Airport,VTE
Ninoy Aquino International Airport,MNL,2024-08-04 12:55,Suvarnabhumi Airport,BKK,2024-08-04 15:25,210,THAI,Business Class,470,180,,864.0,Y,Y,Y,1,7,2,30,Sunday,False,False,False,Wattay International Airport,VTE
Ninoy Aquino International Airport,MNL,2024-08-04 03:55,Shanghai Pudong International Airport,PVG,2024-08-04 07:25,210,China Eastern,Business Class,1165,715,,1243.0,Y,Y,Y,1,10,2,32,Sunday,False,False,False,Wattay International Airport,VTE
Ninoy Aquino International Airport,MNL,2024-08-04 11:55,Guangzhou Baiyun International Airport,CAN,2024-08-04 14:25,150,China Southern,Business Class,435,130,,5250.0,Y,Y,Y,1,10,2,32,Sunday,False,False,False,Wattay International Airport,VTE
Ninoy Aquino International Airport,MNL,2024-08-04 22:10,Noi Bai International Airport,HAN,2024-08-05 00:45,215,Philippine Airlines,Business Class,815,525,True,,Y,Y,Y,1,7,2,32,Sunday,True,False,False,Wattay International Airport,VTE
Ninoy Aquino International Airport,MNL,2024-08-05 12:55,Suvarnabhumi Airport,BKK,2024-08-05 15:25,210,THAI,Business Class,470,180,,816.0,Y,Y,Y,1,7,2,30,Monday,False,False,False,Wattay International Airport,VTE
Ninoy Aquino International Airport,MNL,2024-08-05 22:10,Noi Bai International Airport,HAN,2024-08-06 00:45,215,Philippine Airlines,Business Class,815,525,True,,Y,Y,Y,1,7,2,32,Monday,True,False,False,Wattay International Airport,VTE
Ninoy Aquino International Airport,MNL,2024-08-06 12:55,Suvarnabhumi Airport,BKK,2024-08-06 15:25,210,THAI,Business Class,470,180,,816.0,Y,Y,Y,1,7,2,30,Tuesday,False,False,False,Wattay International Airport,VTE
Ninoy Aquino International Airport,MNL,2024-08-06 03:55,Shanghai Pudong International Airport,PVG,2024-08-06 07:25,210,China Eastern,Business Class,1165,715,,1243.0,Y,Y,Y,1,10,2,32,Tuesday,False,False,False,Wattay International Airport,VTE
Ninoy Aquino International Airport,MNL,2024-08-06 17:35,Guangzhou Baiyun International Airport,CAN,2024-08-06 20:05,150,China Southern,Business Class,1535,1230,True,5250.0,Y,Y,Y,1,10,2,32,Tuesday,False,False,False,Wattay International Airport,VTE
Ninoy Aquino International Airport,MNL,2024-08-06 05:20,Noi Bai International Airport,HAN,2024-08-06 07:30,190,Vietnam Airlines,Business Class,385,120,,,Y,Y,Y,2,10,1,32,Tuesday,False,False,False,Wattay International Airport,VTE
Ninoy Aquino International Airport,MNL,2024-08-07 12:55,Suvarnabhumi Airport,BKK,2024-08-07 15:25,210,THAI,Business Class,470,180,,816.0,Y,Y,Y,1,7,2,30,Wednesday,False,False,False,Wattay International Airport,VTE
Ninoy Aquino International Airport,MNL,2024-08-07 11:55,Guangzhou Baiyun International Airport,CAN,2024-08-07 14:25,150,China Southern,Business Class,435,130,,5250.0,Y,Y,Y,1,10,2,32,Wednesday,False,False,False,Wattay International Airport,VTE
Ninoy Aquino International Airport,MNL,2024-08-07 22:10,Noi Bai International Airport,HAN,2024-08-08 00:45,215,Philippine Airlines,Business Class,815,525,True,,Y,Y,Y,1,7,2,32,Wednesday,True,False,False,Wattay International Airport,VTE
Ninoy Aquino International Airport,MNL,2024-08-08 12:55,Suvarnabhumi Airport,BKK,2024-08-08 15:25,210,THAI,Business Class,470,180,,816.0,Y,Y,Y,1,7,2,30,Thursday,False,False,False,Wattay International Airport,VTE
Ninoy Aquino International Airport,MNL,2024-08-08 03:55,Shanghai Pudong International Airport,PVG,2024-08-08 07:25,210,China Eastern,Business Class,1165,715,,1243.0,Y,Y,Y,1,10,2,32,Thursday,False,False,False,Wattay International Airport,VTE
Ninoy Aquino International Airport,MNL,2024-08-08 17:35,Guangzhou Baiyun International Airport,CAN,2024-08-08 20:05,150,China Southern,Business Class,1535,1230,True,5250.0,Y,Y,Y,1,10,2,32,Thursday,False,False,False,Wattay International Airport,VTE
Ninoy Aquino International Airport,MNL,2024-08-08 05:20,Noi Bai International Airport,HAN,2024-08-08 07:30,190,Vietnam Airlines,Business Class,385,120,,,Y,Y,Y,2,10,1,32,Thursday,False,False,False,Wattay International Airport,VTE
Ninoy Aquino International Airport,MNL,2024-08-09 12:55,Suvarnabhumi Airport,BKK,2024-08-09 15:25,210,THAI,Business Class,470,180,,864.0,Y,Y,Y,1,7,2,30,Friday,False,False,False,Wattay International Airport,VTE
Ninoy Aquino International Airport,MNL,2024-08-09 03:55,Shanghai Pudong International Airport,PVG,2024-08-09 07:25,210,China Eastern,Business Class,1165,715,,1243.0,Y,Y,Y,1,10,2,32,Friday,False,False,False,Wattay International Airport,VTE
Ninoy Aquino International Airport,MNL,2024-08-09 11:55,Guangzhou Baiyun International Airport,CAN,2024-08-09 14:25,150,China Southern,Business Class,435,130,,5250.0,Y,Y,Y,1,10,2,32,Friday,False,False,False,Wattay International Airport,VTE
Ninoy Aquino International Airport,MNL,2024-08-09 22:10,Noi Bai International Airport,HAN,2024-08-10 00:45,215,Philippine Airlines,Business Class,815,525,True,,Y,Y,Y,1,7,2,32,Friday,True,False,False,Wattay International Airport,VTE
Ninoy Aquino International Airport,MNL,2024-08-10 12:55,Suvarnabhumi Airport,BKK,2024-08-10 15:25,210,THAI,Business Class,470,180,,864.0,Y,Y,Y,1,7,2,30,Saturday,False,False,False,Wattay International Airport,VTE
Ninoy Aquino International Airport,MNL,2024-08-10 03:55,Shanghai Pudong International Airport,PVG,2024-08-10 07:25,210,China Eastern,Business Class,1165,715,,1243.0,Y,Y,Y,1,10,2,32,Saturday,False,False,False,Wattay International Airport,VTE
Ninoy Aquino International Airport,MNL,2024-08-10 17:35,Guangzhou Baiyun International Airport,CAN,2024-08-10 20:00,145,China Southern,Business Class,1535,1235,True,5250.0,Y,Y,Y,1,10,2,32,Saturday,False,False,False,Wattay International Airport,VTE
Ninoy Aquino International Airport,MNL,2024-08-10 05:20,Noi Bai International Airport,HAN,2024-08-10 07:30,190,Vietnam Airlines,Business Class,385,120,,,Y,Y,Y,2,10,1,32,Saturday,False,False,False,Wattay International Airport,VTE
Ninoy Aquino International Airport,MNL,2024-08-11 12:55,Suvarnabhumi Airport,BKK,2024-08-11 15:25,210,THAI,Business Class,470,180,,864.0,Y,Y,Y,1,7,2,30,Sunday,False,False,False,Wattay International Airport,VTE
Ninoy Aquino International Airport,MNL,2024-08-11 03:55,Shanghai Pudong International Airport,PVG,2024-08-11 07:25,210,China Eastern,Business Class,1165,715,,1243.0,Y,Y,Y,1,10,2,32,Sunday,False,False,False,Wattay International Airport,VTE
Ninoy Aquino International Airport,MNL,2024-08-11 11:55,Guangzhou Baiyun International Airport,CAN,2024-08-11 14:25,150,China Southern,Business Class,435,130,,5250.0,Y,Y,Y,1,10,2,32,Sunday,False,False,False,Wattay International Airport,VTE
Ninoy Aquino International Airport,MNL,2024-08-11 22:10,Noi Bai International Airport,HAN,2024-08-12 00:45,215,Philippine Airlines,Business Class,815,525,True,,Y,Y,Y,1,7,2,32,Sunday,True,False,False,Wattay International Airport,VTE
Ninoy Aquino International Airport,MNL,2024-08-12 12:55,Suvarnabhumi Airport,BKK,2024-08-12 15:25,210,THAI,Business Class,470,180,,816.0,Y,Y,Y,1,7,2,30,Monday,False,False,False,Wattay International Airport,VTE
Ninoy Aquino International Airport,MNL,2024-08-12 22:10,Noi Bai International Airport,HAN,2024-08-13 00:45,215,Philippine Airlines,Business Class,815,525,True,,Y,Y,Y,1,7,2,32,Monday,True,False,False,Wattay International Airport,VTE
Ninoy Aquino International Airport,MNL,2024-08-13 12:55,Suvarnabhumi Airport,BKK,2024-08-13 15:25,210,THAI,Business Class,470,180,,816.0,Y,Y,Y,1,7,2,30,Tuesday,False,False,False,Wattay International Airport,VTE
Ninoy Aquino International Airport,MNL,2024-08-13 03:55,Shanghai Pudong International Airport,PVG,2024-08-13 07:25,210,China Eastern,Business Class,1165,715,,3151.0,Y,Y,Y,1,10,2,32,Tuesday,False,False,False,Wattay International Airport,VTE
Ninoy Aquino International Airport,MNL,2024-08-13 17:35,Guangzhou Baiyun International Airport,CAN,2024-08-13 20:05,150,China Southern,Business Class,1535,1230,True,5250.0,Y,Y,Y,1,10,2,32,Tuesday,False,False,False,Wattay International Airport,VTE
Ninoy Aquino International Airport,MNL,2024-08-13 05:20,Noi Bai International Airport,HAN,2024-08-13 07:30,190,Vietnam Airlines,Business Class,385,120,,,Y,Y,Y,2,10,1,32,Tuesday,False,False,False,Wattay International Airport,VTE
Ninoy Aquino International Airport,MNL,2024-08-14 12:55,Suvarnabhumi Airport,BKK,2024-08-14 15:25,210,THAI,Business Class,470,180,,816.0,Y,Y,Y,1,7,2,30,Wednesday,False,False,False,Wattay International Airport,VTE
Ninoy Aquino International Airport,MNL,2024-08-14 11:55,Guangzhou Baiyun International Airport,CAN,2024-08-14 14:25,150,China Southern,Business Class,435,130,,5250.0,Y,Y,Y,1,10,2,32,Wednesday,False,False,False,Wattay International Airport,VTE
Ninoy Aquino International Airport,MNL,2024-08-14 22:10,Noi Bai International Airport,HAN,2024-08-15 00:45,215,Philippine Airlines,Business Class,815,525,True,,Y,Y,Y,1,7,2,32,Wednesday,True,False,False,Wattay International Airport,VTE
Ninoy Aquino International Airport,MNL,2024-08-15 12:55,Suvarnabhumi Airport,BKK,2024-08-15 15:25,210,THAI,Business Class,470,180,,984.0,Y,Y,Y,1,7,2,30,Thursday,False,False,False,Wattay International Airport,VTE
Ninoy Aquino International Airport,MNL,2024-08-15 03:55,Shanghai Pudong International Airport,PVG,2024-08-15 07:25,210,China Eastern,Business Class,1165,715,,1243.0,Y,Y,Y,1,10,2,32,Thursday,False,False,False,Wattay International Airport,VTE
Ninoy Aquino International Airport,MNL,2024-08-15 17:35,Guangzhou Baiyun International Airport,CAN,2024-08-15 20:05,150,China Southern,Business Class,1535,1230,True,5250.0,Y,Y,Y,1,10,2,32,Thursday,False,False,False,Wattay International Airport,VTE
Ninoy Aquino International Airport,MNL,2024-08-15 05:20,Noi Bai International Airport,HAN,2024-08-15 07:30,190,Vietnam Airlines,Business Class,385,120,,,Y,Y,Y,2,10,1,32,Thursday,False,False,False,Wattay International Airport,VTE
Ninoy Aquino International Airport,MNL,2024-08-16 12:55,Suvarnabhumi Airport,BKK,2024-08-16 15:25,210,THAI,Business Class,470,180,,864.0,Y,Y,Y,1,7,2,30,Friday,False,False,False,Wattay International Airport,VTE
Ninoy Aquino International Airport,MNL,2024-08-16 03:55,Shanghai Pudong International Airport,PVG,2024-08-16 07:25,210,China Eastern,Business Class,1165,715,,1243.0,Y,Y,Y,1,10,2,32,Friday,False,False,False,Wattay International Airport,VTE
Ninoy Aquino International Airport,MNL,2024-08-16 11:55,Guangzhou Baiyun International Airport,CAN,2024-08-16 14:25,150,China Southern,Business Class,435,130,,5250.0,Y,Y,Y,1,10,2,32,Friday,False,False,False,Wattay International Airport,VTE
Ninoy Aquino International Airport,MNL,2024-08-16 22:10,Noi Bai International Airport,HAN,2024-08-17 00:45,215,Philippine Airlines,Business Class,815,525,True,,Y,Y,Y,1,7,2,32,Friday,True,False,False,Wattay International Airport,VTE
Ninoy Aquino International Airport,MNL,2024-08-17 12:55,Suvarnabhumi Airport,BKK,2024-08-17 15:25,210,THAI,Business Class,470,180,,864.0,Y,Y,Y,1,7,2,30,Saturday,False,False,False,Wattay International Airport,VTE
Ninoy Aquino International Airport,MNL,2024-08-17 03:55,Shanghai Pudong International Airport,PVG,2024-08-17 07:25,210,China Eastern,Business Class,1165,715,,3151.0,Y,Y,Y,1,10,2,32,Saturday,False,False,False,Wattay International Airport,VTE
Ninoy Aquino International Airport,MNL,2024-08-17 17:35,Guangzhou Baiyun International Airport,CAN,2024-08-17 20:00,145,China Southern,Business Class,1535,1235,True,5250.0,Y,Y,Y,1,10,2,32,Saturday,False,False,False,Wattay International Airport,VTE
Ninoy Aquino International Airport,MNL,2024-08-17 05:20,Noi Bai International Airport,HAN,2024-08-17 07:30,190,Vietnam Airlines,Business Class,385,120,,,Y,Y,Y,2,10,1,32,Saturday,False,False,False,Wattay International Airport,VTE
Ninoy Aquino International Airport,MNL,2024-08-18 12:55,Suvarnabhumi Airport,BKK,2024-08-18 15:25,210,THAI,Business Class,470,180,,864.0,Y,Y,Y,1,7,2,30,Sunday,False,False,False,Wattay International Airport,VTE
Ninoy Aquino International Airport,MNL,2024-08-18 03:55,Shanghai Pudong International Airport,PVG,2024-08-18 07:25,210,China Eastern,Business Class,1165,715,,1243.0,Y,Y,Y,1,10,2,32,Sunday,False,False,False,Wattay International Airport,VTE
Ninoy Aquino International Airport,MNL,2024-08-18 11:55,Guangzhou Baiyun International Airport,CAN,2024-08-18 14:25,150,China Southern,Business Class,435,130,,5250.0,Y,Y,Y,1,10,2,32,Sunday,False,False,False,Wattay International Airport,VTE
Ninoy Aquino International Airport,MNL,2024-08-18 22:10,Noi Bai International Airport,HAN,2024-08-19 00:45,215,Philippine Airlines,Business Class,815,525,True,,Y,Y,Y,1,7,2,32,Sunday,True,False,False,Wattay International Airport,VTE
Ninoy Aquino International Airport,MNL,2024-08-19 12:55,Suvarnabhumi Airport,BKK,2024-08-19 15:25,210,THAI,Business Class,470,180,,816.0,Y,Y,Y,1,7,2,30,Monday,False,False,False,Wattay International Airport,VTE
Ninoy Aquino International Airport,MNL,2024-08-19 22:10,Noi Bai International Airport,HAN,2024-08-20 00:45,215,Philippine Airlines,Business Class,815,525,True,,Y,Y,Y,1,7,2,32,Monday,True,False,False,Wattay International Airport,VTE
Ninoy Aquino International Airport,MNL,2024-08-20 12:55,Suvarnabhumi Airport,BKK,2024-08-20 15:25,210,THAI,Business Class,470,180,,816.0,Y,Y,Y,1,7,2,30,Tuesday,False,False,False,Wattay International Airport,VTE
Ninoy Aquino International Airport,MNL,2024-08-20 17:35,Guangzhou Baiyun International Airport,CAN,2024-08-20 20:05,150,China Southern,Business Class,1535,1230,True,5250.0,Y,Y,Y,1,10,2,32,Tuesday,False,False,False,Wattay International Airport,VTE
Ninoy Aquino International Airport,MNL,2024-08-20 05:20,Noi Bai International Airport,HAN,2024-08-20 07:30,190,Vietnam Airlines,Business Class,385,120,,,Y,Y,Y,2,10,1,32,Tuesday,False,False,False,Wattay International Airport,VTE
Ninoy Aquino International Airport,MNL,2024-08-21 12:55,Suvarnabhumi Airport,BKK,2024-08-21 15:25,210,THAI,Business Class,470,180,,816.0,Y,Y,Y,1,7,2,30,Wednesday,False,True,False,Wattay International Airport,VTE
Ninoy Aquino International Airport,MNL,2024-08-21 11:55,Guangzhou Baiyun International Airport,CAN,2024-08-21 14:25,150,China Southern,Business Class,435,130,,5250.0,Y,Y,Y,1,10,2,32,Wednesday,False,True,False,Wattay International Airport,VTE
Ninoy Aquino International Airport,MNL,2024-08-21 22:10,Noi Bai International Airport,HAN,2024-08-22 00:45,215,Philippine Airlines,Business Class,815,525,True,,Y,Y,Y,1,7,2,32,Wednesday,True,True,False,Wattay International Airport,VTE
Ninoy Aquino International Airport,MNL,2024-08-22 12:55,Suvarnabhumi Airport,BKK,2024-08-22 15:25,210,THAI,Business Class,470,180,,816.0,Y,Y,Y,1,7,2,30,Thursday,False,False,False,Wattay International Airport,VTE
Ninoy Aquino International Airport,MNL,2024-08-22 03:55,Shanghai Pudong International Airport,PVG,2024-08-22 07:25,210,China Eastern,Business Class,1165,715,,1214.0,Y,Y,Y,1,10,2,32,Thursday,False,False,False,Wattay International Airport,VTE
Ninoy Aquino International Airport,MNL,2024-08-22 17:35,Guangzhou Baiyun International Airport,CAN,2024-08-22 20:05,150,China Southern,Business Class,1535,1230,True,5250.0,Y,Y,Y,1,10,2,32,Thursday,False,False,False,Wattay International Airport,VTE
Ninoy Aquino International Airport,MNL,2024-08-22 05:20,Noi Bai International Airport,HAN,2024-08-22 07:30,190,Vietnam Airlines,Business Class,385,120,,,Y,Y,Y,2,10,1,32,Thursday,False,False,False,Wattay International Airport,VTE
Ninoy Aquino International Airport,MNL,2024-08-23 12:55,Suvarnabhumi Airport,BKK,2024-08-23 15:25,210,THAI,Business Class,470,180,,864.0,Y,Y,Y,1,7,2,30,Friday,False,False,False,Wattay International Airport,VTE
Ninoy Aquino International Airport,MNL,2024-08-23 03:55,Shanghai Pudong International Airport,PVG,2024-08-23 07:25,210,China Eastern,Business Class,1165,715,,1214.0,Y,Y,Y,1,10,2,32,Friday,False,False,False,Wattay International Airport,VTE
Ninoy Aquino International Airport,MNL,2024-08-23 11:55,Guangzhou Baiyun International Airport,CAN,2024-08-23 14:25,150,China Southern,Business Class,435,130,,5250.0,Y,Y,Y,1,10,2,32,Friday,False,False,False,Wattay International Airport,VTE
Ninoy Aquino International Airport,MNL,2024-08-23 22:10,Noi Bai International Airport,HAN,2024-08-24 00:45,215,Philippine Airlines,Business Class,815,525,True,,Y,Y,Y,1,7,2,32,Friday,True,False,False,Wattay International Airport,VTE
Ninoy Aquino International Airport,MNL,2024-08-24 12:55,Suvarnabhumi Airport,BKK,2024-08-24 15:25,210,THAI,Business Class,470,180,,864.0,Y,Y,Y,1,7,2,30,Saturday,False,False,False,Wattay International Airport,VTE
Ninoy Aquino International Airport,MNL,2024-08-24 03:55,Shanghai Pudong International Airport,PVG,2024-08-24 07:25,210,China Eastern,Business Class,1165,715,,1214.0,Y,Y,Y,1,10,2,32,Saturday,False,False,False,Wattay International Airport,VTE
Ninoy Aquino International Airport,MNL,2024-08-24 17:35,Guangzhou Baiyun International Airport,CAN,2024-08-24 20:00,145,China Southern,Business Class,1535,1235,True,5250.0,Y,Y,Y,1,10,2,32,Saturday,False,False,False,Wattay International Airport,VTE
Ninoy Aquino International Airport,MNL,2024-08-24 05:20,Noi Bai International Airport,HAN,2024-08-24 07:30,190,Vietnam Airlines,Business Class,385,120,,,Y,Y,Y,2,10,1,32,Saturday,False,False,False,Wattay International Airport,VTE
Ninoy Aquino International Airport,MNL,2024-08-25 12:55,Suvarnabhumi Airport,BKK,2024-08-25 15:25,210,THAI,Business Class,470,180,,864.0,Y,Y,Y,1,7,2,30,Sunday,False,False,False,Wattay International Airport,VTE
Ninoy Aquino International Airport,MNL,2024-08-25 03:55,Shanghai Pudong International Airport,PVG,2024-08-25 07:25,210,China Eastern,Business Class,1165,715,,3151.0,Y,Y,Y,1,10,2,32,Sunday,False,False,False,Wattay International Airport,VTE
Ninoy Aquino International Airport,MNL,2024-08-25 11:55,Guangzhou Baiyun International Airport,CAN,2024-08-25 14:25,150,China Southern,Business Class,435,130,,5250.0,Y,Y,Y,1,10,2,32,Sunday,False,False,False,Wattay International Airport,VTE
Ninoy Aquino International Airport,MNL,2024-08-25 22:10,Noi Bai International Airport,HAN,2024-08-26 00:45,215,Philippine Airlines,Business Class,815,525,True,,Y,Y,Y,1,7,2,32,Sunday,True,False,False,Wattay International Airport,VTE
Ninoy Aquino International Airport,MNL,2024-08-26 12:55,Suvarnabhumi Airport,BKK,2024-08-26 15:25,210,THAI,Business Class,470,180,,816.0,Y,Y,Y,1,7,2,30,Monday,False,True,False,Wattay International Airport,VTE
Ninoy Aquino International Airport,MNL,2024-08-26 22:10,Noi Bai International Airport,HAN,2024-08-27 00:45,215,Philippine Airlines,Business Class,815,525,True,,Y,Y,Y,1,7,2,32,Monday,True,True,False,Wattay International Airport,VTE
Ninoy Aquino International Airport,MNL,2024-08-27 12:55,Suvarnabhumi Airport,BKK,2024-08-27 15:25,210,THAI,Business Class,470,180,,816.0,Y,Y,Y,1,7,2,30,Tuesday,False,False,False,Wattay International Airport,VTE
Ninoy Aquino International Airport,MNL,2024-08-27 03:55,Shanghai Pudong International Airport,PVG,2024-08-27 07:25,210,China Eastern,Business Class,1165,715,,3968.0,Y,Y,Y,1,10,2,32,Tuesday,False,False,False,Wattay International Airport,VTE
Ninoy Aquino International Airport,MNL,2024-08-27 17:35,Guangzhou Baiyun International Airport,CAN,2024-08-27 20:05,150,China Southern,Business Class,1535,1230,True,5250.0,Y,Y,Y,1,10,2,32,Tuesday,False,False,False,Wattay International Airport,VTE
Ninoy Aquino International Airport,MNL,2024-08-27 05:20,Noi Bai International Airport,HAN,2024-08-27 07:30,190,Vietnam Airlines,Business Class,385,120,,,Y,Y,Y,2,10,1,32,Tuesday,False,False,False,Wattay International Airport,VTE
Ninoy Aquino International Airport,MNL,2024-08-28 12:55,Suvarnabhumi Airport,BKK,2024-08-28 15:25,210,THAI,Business Class,470,180,,816.0,Y,Y,Y,1,7,2,30,Wednesday,False,False,False,Wattay International Airport,VTE
Ninoy Aquino International Airport,MNL,2024-08-28 11:55,Guangzhou Baiyun International Airport,CAN,2024-08-28 14:25,150,China Southern,Business Class,435,130,,5250.0,Y,Y,Y,1,10,2,32,Wednesday,False,False,False,Wattay International Airport,VTE
Ninoy Aquino International Airport,MNL,2024-08-28 22:10,Noi Bai International Airport,HAN,2024-08-29 00:45,215,Philippine Airlines,Business Class,815,525,True,,Y,Y,Y,1,7,2,32,Wednesday,True,False,False,Wattay International Airport,VTE
Ninoy Aquino International Airport,MNL,2024-08-29 12:55,Suvarnabhumi Airport,BKK,2024-08-29 15:25,210,THAI,Business Class,470,180,,816.0,Y,Y,Y,1,7,2,30,Thursday,False,False,False,Wattay International Airport,VTE
Ninoy Aquino International Airport,MNL,2024-08-29 03:55,Shanghai Pudong International Airport,PVG,2024-08-29 07:25,210,China Eastern,Business Class,1165,715,,3151.0,Y,Y,Y,1,10,2,32,Thursday,False,False,False,Wattay International Airport,VTE
Ninoy Aquino International Airport,MNL,2024-08-29 17:35,Guangzhou Baiyun International Airport,CAN,2024-08-29 20:05,150,China Southern,Business Class,1535,1230,True,5250.0,Y,Y,Y,1,10,2,32,Thursday,False,False,False,Wattay International Airport,VTE
Ninoy Aquino International Airport,MNL,2024-08-29 05:20,Noi Bai International Airport,HAN,2024-08-29 07:30,190,Vietnam Airlines,Business Class,385,120,,,Y,Y,Y,2,10,1,32,Thursday,False,False,False,Wattay International Airport,VTE
Ninoy Aquino International Airport,MNL,2024-08-30 12:55,Suvarnabhumi Airport,BKK,2024-08-30 15:25,210,THAI,Business Class,470,180,,864.0,Y,Y,Y,1,7,2,30,Friday,False,False,False,Wattay International Airport,VTE
Ninoy Aquino International Airport,MNL,2024-08-30 03:55,Shanghai Pudong International Airport,PVG,2024-08-30 07:25,210,China Eastern,Business Class,1165,715,,3151.0,Y,Y,Y,1,10,2,32,Friday,False,False,False,Wattay International Airport,VTE
Ninoy Aquino International Airport,MNL,2024-08-30 11:55,Guangzhou Baiyun International Airport,CAN,2024-08-30 14:25,150,China Southern,Business Class,435,130,,5250.0,Y,Y,Y,1,10,2,32,Friday,False,False,False,Wattay International Airport,VTE
Ninoy Aquino International Airport,MNL,2024-08-30 22:10,Noi Bai International Airport,HAN,2024-08-31 00:45,215,Philippine Airlines,Business Class,815,525,True,,Y,Y,Y,1,7,2,32,Friday,True,False,False,Wattay International Airport,VTE
Ninoy Aquino International Airport,MNL,2024-08-31 12:55,Suvarnabhumi Airport,BKK,2024-08-31 15:25,210,THAI,Business Class,470,180,,864.0,Y,Y,Y,1,7,2,30,Saturday,False,False,False,Wattay International Airport,VTE
Ninoy Aquino International Airport,MNL,2024-08-31 03:55,Shanghai Pudong International Airport,PVG,2024-08-31 07:25,210,China Eastern,Business Class,1165,715,,3151.0,Y,Y,Y,1,10,2,32,Saturday,False,False,False,Wattay International Airport,VTE
Ninoy Aquino International Airport,MNL,2024-08-31 17:35,Guangzhou Baiyun International Airport,CAN,2024-08-31 20:00,145,China Southern,Business Class,1535,1235,True,5250.0,Y,Y,Y,1,10,2,32,Saturday,False,False,False,Wattay International Airport,VTE
Ninoy Aquino International Airport,MNL,2024-08-31 05:20,Noi Bai International Airport,HAN,2024-08-31 07:30,190,Vietnam Airlines,Business Class,385,120,,,Y,Y,Y,2,10,1,32,Saturday,False,False,False,Wattay International Airport,VTE
