Departure Airport Name,Departure Airport ID,Departure Time,Arrival Airport Name,Arrival Airport ID,Arrival Time,Duration,Airline,Travel Class,Total Duration,Layover 1 Duration,Layover 1 Overnight,Price, Cabin Baggage, Checked Baggage,Meal Included,Cabin Baggage (Number),Cabin Baggage (kg per piece),Checked Baggage (Number),Checked Baggage (kg per piece) ,Day of Week (on flight date),Overnight Flight,Departure Country Is Holiday,Arrival Country Is Holiday,Final Arrival Airport Name,Final Arrival Airport ID
Phnom Penh International Airport,PNH,2024-07-01 18:20,Kuala Lumpur International Airport,KUL,2024-07-01 21:10,110,Malaysia Airlines,Business Class,995,720,True,699,Y,Y,Y,1,8,2,23,Monday,False,False,False,Yangon International Airport,RGN
Phnom Penh International Airport,PNH,2024-07-01 14:00,Kunming Changshui International Airport,KMG,2024-07-01 18:00,180,China Eastern,Business Class,1480,1180,True,909,Y,Y,Y,1,10,2,32,Monday,False,False,False,Yangon International Airport,RGN
Phnom Penh International Airport,PNH,2024-07-01 09:35,Singapore Changi Airport,SIN,2024-07-01 12:40,125,Singapore Airlines,Business Class,1455,1155,True,945,Y,Y,Y,1,7,1,23,Monday,False,False,False,Yangon International Airport,RGN
Phnom Penh International Airport,PNH,2024-07-01 18:25,Singapore Changi Airport,SIN,2024-07-01 21:25,120,Singapore Airlines,Business Class,925,630,True,1187,Y,Y,Y,1,7,1,23,Monday,False,False,False,Yangon International Airport,RGN
Phnom Penh International Airport,PNH,2024-07-01 17:10,Taiwan Taoyuan International Airport,TPE,2024-07-01 21:40,210,China Airlines,Business Class,1015,560,True,1226,Y,Y,Y,2,7,2,32,Monday,False,False,False,Yangon International Airport,RGN
Phnom Penh International Airport,PNH,2024-07-01 18:20,Kuala Lumpur International Airport,KUL,2024-07-01 21:10,110,Malaysia Airlines,Business Class,1170,895,True,1247,Y,Y,Y,1,8,2,23,Monday,False,False,False,Yangon International Airport,RGN
Phnom Penh International Airport,PNH,2024-07-02 18:20,Kuala Lumpur International Airport,KUL,2024-07-02 21:10,110,Malaysia Airlines,Business Class,995,720,True,699,Y,Y,Y,1,8,2,23,Tuesday,False,False,False,Yangon International Airport,RGN
Phnom Penh International Airport,PNH,2024-07-02 14:05,Singapore Changi Airport,SIN,2024-07-02 17:10,125,Singapore Airlines,Business Class,1185,885,True,945,Y,Y,Y,1,7,1,23,Tuesday,False,False,False,Yangon International Airport,RGN
Phnom Penh International Airport,PNH,2024-07-02 15:05,Kunming Changshui International Airport,KMG,2024-07-02 18:50,165,China Eastern,Business Class,1415,1130,True,909,Y,Y,Y,1,10,2,32,Tuesday,False,False,False,Yangon International Airport,RGN
Phnom Penh International Airport,PNH,2024-07-02 15:35,Guangzhou Baiyun International Airport,CAN,2024-07-02 19:20,165,China Southern,Business Class,1150,780,True,999,Y,Y,Y,1,10,2,32,Tuesday,False,False,False,Yangon International Airport,RGN
Phnom Penh International Airport,PNH,2024-07-02 18:20,Kuala Lumpur International Airport,KUL,2024-07-02 21:10,110,Malaysia Airlines,Business Class,1170,895,True,1247,Y,Y,Y,1,8,2,23,Tuesday,False,False,False,Yangon International Airport,RGN
Phnom Penh International Airport,PNH,2024-07-03 18:20,Kuala Lumpur International Airport,KUL,2024-07-03 21:10,110,Malaysia Airlines,Business Class,995,720,True,699,Y,Y,Y,1,8,2,23,Wednesday,False,False,False,Yangon International Airport,RGN
Phnom Penh International Airport,PNH,2024-07-03 18:40,Singapore Changi Airport,SIN,2024-07-03 21:40,120,Singapore Airlines,Business Class,910,615,True,875,Y,Y,Y,1,7,1,23,Wednesday,False,False,False,Yangon International Airport,RGN
Phnom Penh International Airport,PNH,2024-07-03 14:00,Kunming Changshui International Airport,KMG,2024-07-03 18:00,180,China Eastern,Business Class,1480,1180,True,909,Y,Y,Y,1,10,2,32,Wednesday,False,False,False,Yangon International Airport,RGN
Phnom Penh International Airport,PNH,2024-07-03 10:50,Taiwan Taoyuan International Airport,TPE,2024-07-03 15:20,210,China Airlines,Business Class,1395,940,True,1226,Y,Y,Y,2,7,2,32,Wednesday,False,False,False,Yangon International Airport,RGN
Phnom Penh International Airport,PNH,2024-07-03 18:20,Kuala Lumpur International Airport,KUL,2024-07-03 21:10,110,Malaysia Airlines,Business Class,1170,895,True,1247,Y,Y,Y,1,8,2,23,Wednesday,False,False,False,Yangon International Airport,RGN
Phnom Penh International Airport,PNH,2024-07-04 08:00,Guangzhou Baiyun International Airport,CAN,2024-07-04 11:40,160,China Southern,Business Class,1605,1240,True,849,Y,Y,Y,1,10,2,32,Thursday,False,False,False,Yangon International Airport,RGN
Phnom Penh International Airport,PNH,2024-07-04 15:05,Kunming Changshui International Airport,KMG,2024-07-04 18:50,165,China Eastern,Business Class,1415,1130,True,1006,Y,Y,Y,1,10,2,32,Thursday,False,False,False,Yangon International Airport,RGN
Phnom Penh International Airport,PNH,2024-07-04 18:25,Singapore Changi Airport,SIN,2024-07-04 21:25,120,Singapore Airlines,Business Class,925,630,True,1187,Y,Y,Y,1,7,1,23,Thursday,False,False,False,Yangon International Airport,RGN
Phnom Penh International Airport,PNH,2024-07-04 18:20,Kuala Lumpur International Airport,KUL,2024-07-04 21:10,110,Malaysia Airlines,Business Class,1170,895,True,1247,Y,Y,Y,1,8,2,23,Thursday,False,False,False,Yangon International Airport,RGN
Phnom Penh International Airport,PNH,2024-07-04 15:35,Guangzhou Baiyun International Airport,CAN,2024-07-04 19:20,165,China Southern,Business Class,1150,780,True,1455,Y,Y,Y,1,10,2,32,Thursday,False,False,False,Yangon International Airport,RGN
Phnom Penh International Airport,PNH,2024-07-05 18:20,Kuala Lumpur International Airport,KUL,2024-07-05 21:10,110,Malaysia Airlines,Business Class,995,720,True,699,Y,Y,Y,1,8,2,23,Friday,False,False,False,Yangon International Airport,RGN
Phnom Penh International Airport,PNH,2024-07-05 08:00,Guangzhou Baiyun International Airport,CAN,2024-07-05 11:40,160,China Southern,Business Class,1605,1240,True,849,Y,Y,Y,1,10,2,32,Friday,False,False,False,Yangon International Airport,RGN
Phnom Penh International Airport,PNH,2024-07-05 15:35,Guangzhou Baiyun International Airport,CAN,2024-07-05 19:20,165,China Southern,Business Class,1150,780,True,999,Y,Y,Y,1,10,2,32,Friday,False,False,False,Yangon International Airport,RGN
Phnom Penh International Airport,PNH,2024-07-05 14:00,Kunming Changshui International Airport,KMG,2024-07-05 17:45,165,China Eastern,Business Class,1480,1195,True,1006,Y,Y,Y,1,10,2,32,Friday,False,False,False,Yangon International Airport,RGN
Phnom Penh International Airport,PNH,2024-07-05 10:50,Taiwan Taoyuan International Airport,TPE,2024-07-05 15:20,210,China Airlines,Business Class,1395,940,True,1048,Y,Y,Y,2,7,2,32,Friday,False,False,False,Yangon International Airport,RGN
Phnom Penh International Airport,PNH,2024-07-05 18:25,Singapore Changi Airport,SIN,2024-07-05 21:25,120,Singapore Airlines,Business Class,925,630,True,1187,Y,Y,Y,1,7,1,23,Friday,False,False,False,Yangon International Airport,RGN
Phnom Penh International Airport,PNH,2024-07-05 18:20,Kuala Lumpur International Airport,KUL,2024-07-05 21:10,110,Malaysia Airlines,Business Class,1170,895,True,1247,Y,Y,Y,1,8,2,23,Friday,False,False,False,Yangon International Airport,RGN
Phnom Penh International Airport,PNH,2024-07-06 18:20,Kuala Lumpur International Airport,KUL,2024-07-06 21:10,110,Malaysia Airlines,Business Class,995,720,True,699,Y,Y,Y,1,8,2,23,Saturday,False,False,False,Yangon International Airport,RGN
Phnom Penh International Airport,PNH,2024-07-06 15:05,Kunming Changshui International Airport,KMG,2024-07-06 18:50,165,China Eastern,Business Class,1415,1130,True,1006,Y,Y,Y,1,10,2,32,Saturday,False,False,False,Yangon International Airport,RGN
Phnom Penh International Airport,PNH,2024-07-06 18:40,Singapore Changi Airport,SIN,2024-07-06 21:40,120,Singapore Airlines,Business Class,910,615,True,1048,Y,Y,Y,1,7,1,23,Saturday,False,False,False,Yangon International Airport,RGN
Phnom Penh International Airport,PNH,2024-07-06 18:20,Kuala Lumpur International Airport,KUL,2024-07-06 21:10,110,Malaysia Airlines,Business Class,1170,895,True,1247,Y,Y,Y,1,8,2,23,Saturday,False,False,False,Yangon International Airport,RGN
Phnom Penh International Airport,PNH,2024-07-07 18:20,Kuala Lumpur International Airport,KUL,2024-07-07 21:10,110,Malaysia Airlines,Business Class,995,720,True,699,Y,Y,Y,1,8,2,23,Sunday,False,False,False,Yangon International Airport,RGN
Phnom Penh International Airport,PNH,2024-07-07 15:35,Guangzhou Baiyun International Airport,CAN,2024-07-07 19:20,165,China Southern,Business Class,1150,780,True,849,Y,Y,Y,1,10,2,32,Sunday,False,False,False,Yangon International Airport,RGN
Phnom Penh International Airport,PNH,2024-07-07 18:40,Singapore Changi Airport,SIN,2024-07-07 21:40,120,Singapore Airlines,Business Class,910,615,True,945,Y,Y,Y,1,7,1,23,Sunday,False,False,False,Yangon International Airport,RGN
Phnom Penh International Airport,PNH,2024-07-07 14:00,Kunming Changshui International Airport,KMG,2024-07-07 17:45,165,China Eastern,Business Class,1480,1195,True,1006,Y,Y,Y,1,10,2,32,Sunday,False,False,False,Yangon International Airport,RGN
Phnom Penh International Airport,PNH,2024-07-07 18:20,Kuala Lumpur International Airport,KUL,2024-07-07 21:10,110,Malaysia Airlines,Business Class,1170,895,True,1247,Y,Y,Y,1,8,2,23,Sunday,False,False,False,Yangon International Airport,RGN
Phnom Penh International Airport,PNH,2024-07-08 18:20,Kuala Lumpur International Airport,KUL,2024-07-08 21:10,110,Malaysia Airlines,Business Class,995,720,True,699,Y,Y,Y,1,8,2,23,Monday,False,False,False,Yangon International Airport,RGN
Phnom Penh International Airport,PNH,2024-07-08 14:05,Singapore Changi Airport,SIN,2024-07-08 17:10,125,Singapore Airlines,Business Class,1185,885,True,875,Y,Y,Y,1,7,1,23,Monday,False,False,False,Yangon International Airport,RGN
Phnom Penh International Airport,PNH,2024-07-08 14:00,Kunming Changshui International Airport,KMG,2024-07-08 18:00,180,China Eastern,Business Class,1480,1180,True,909,Y,Y,Y,1,10,2,32,Monday,False,False,False,Yangon International Airport,RGN
Phnom Penh International Airport,PNH,2024-07-08 17:10,Taiwan Taoyuan International Airport,TPE,2024-07-08 21:40,210,China Airlines,Business Class,1015,560,True,1048,Y,Y,Y,2,7,2,32,Monday,False,False,False,Yangon International Airport,RGN
Phnom Penh International Airport,PNH,2024-07-08 18:25,Singapore Changi Airport,SIN,2024-07-08 21:25,120,Singapore Airlines,Business Class,925,630,True,1187,Y,Y,Y,1,7,1,23,Monday,False,False,False,Yangon International Airport,RGN
Phnom Penh International Airport,PNH,2024-07-08 18:20,Kuala Lumpur International Airport,KUL,2024-07-08 21:10,110,Malaysia Airlines,Business Class,1170,895,True,1247,Y,Y,Y,1,8,2,23,Monday,False,False,False,Yangon International Airport,RGN
Phnom Penh International Airport,PNH,2024-07-09 18:20,Kuala Lumpur International Airport,KUL,2024-07-09 21:10,110,Malaysia Airlines,Business Class,995,720,True,699,Y,Y,Y,1,8,2,23,Tuesday,False,False,False,Yangon International Airport,RGN
Phnom Penh International Airport,PNH,2024-07-09 15:35,Guangzhou Baiyun International Airport,CAN,2024-07-09 19:20,165,China Southern,Business Class,1150,780,True,849,Y,Y,Y,1,10,2,32,Tuesday,False,False,False,Yangon International Airport,RGN
Phnom Penh International Airport,PNH,2024-07-09 15:05,Kunming Changshui International Airport,KMG,2024-07-09 18:50,165,China Eastern,Business Class,1415,1130,True,909,Y,Y,Y,1,10,2,32,Tuesday,False,False,False,Yangon International Airport,RGN
Phnom Penh International Airport,PNH,2024-07-09 18:25,Singapore Changi Airport,SIN,2024-07-09 21:25,120,Singapore Airlines,Business Class,925,630,True,1187,Y,Y,Y,1,7,1,23,Tuesday,False,False,False,Yangon International Airport,RGN
Phnom Penh International Airport,PNH,2024-07-09 18:20,Kuala Lumpur International Airport,KUL,2024-07-09 21:10,110,Malaysia Airlines,Business Class,1170,895,True,1247,Y,Y,Y,1,8,2,23,Tuesday,False,False,False,Yangon International Airport,RGN
Phnom Penh International Airport,PNH,2024-07-10 18:20,Kuala Lumpur International Airport,KUL,2024-07-10 21:10,110,Malaysia Airlines,Business Class,995,720,True,699,Y,Y,Y,1,8,2,23,Wednesday,False,False,False,Yangon International Airport,RGN
Phnom Penh International Airport,PNH,2024-07-10 18:40,Singapore Changi Airport,SIN,2024-07-10 21:40,120,Singapore Airlines,Business Class,910,615,True,875,Y,Y,Y,1,7,1,23,Wednesday,False,False,False,Yangon International Airport,RGN
Phnom Penh International Airport,PNH,2024-07-10 14:00,Kunming Changshui International Airport,KMG,2024-07-10 18:00,180,China Eastern,Business Class,1480,1180,True,909,Y,Y,Y,1,10,2,32,Wednesday,False,False,False,Yangon International Airport,RGN
Phnom Penh International Airport,PNH,2024-07-10 10:50,Taiwan Taoyuan International Airport,TPE,2024-07-10 15:20,210,China Airlines,Business Class,1395,940,True,1226,Y,Y,Y,2,7,2,32,Wednesday,False,False,False,Yangon International Airport,RGN
Phnom Penh International Airport,PNH,2024-07-10 18:20,Kuala Lumpur International Airport,KUL,2024-07-10 21:10,110,Malaysia Airlines,Business Class,1170,895,True,1247,Y,Y,Y,1,8,2,23,Wednesday,False,False,False,Yangon International Airport,RGN
Phnom Penh International Airport,PNH,2024-07-11 18:20,Kuala Lumpur International Airport,KUL,2024-07-11 21:10,110,Malaysia Airlines,Business Class,995,720,True,699,Y,Y,Y,1,8,2,23,Thursday,False,False,False,Yangon International Airport,RGN
Phnom Penh International Airport,PNH,2024-07-11 18:25,Singapore Changi Airport,SIN,2024-07-11 21:25,120,Singapore Airlines,Business Class,925,630,True,945,Y,Y,Y,1,7,1,23,Thursday,False,False,False,Yangon International Airport,RGN
Phnom Penh International Airport,PNH,2024-07-11 12:05,Guangzhou Baiyun International Airport,CAN,2024-07-11 15:50,165,China Southern,Business Class,1360,990,True,849,Y,Y,Y,1,10,2,32,Thursday,False,False,False,Yangon International Airport,RGN
Phnom Penh International Airport,PNH,2024-07-11 15:05,Kunming Changshui International Airport,KMG,2024-07-11 18:50,165,China Eastern,Business Class,1415,1130,True,909,Y,Y,Y,1,10,2,32,Thursday,False,False,False,Yangon International Airport,RGN
Phnom Penh International Airport,PNH,2024-07-11 18:20,Kuala Lumpur International Airport,KUL,2024-07-11 21:10,110,Malaysia Airlines,Business Class,1170,895,True,1247,Y,Y,Y,1,8,2,23,Thursday,False,False,False,Yangon International Airport,RGN
Phnom Penh International Airport,PNH,2024-07-11 15:35,Guangzhou Baiyun International Airport,CAN,2024-07-11 19:20,165,China Southern,Business Class,1150,780,True,1455,Y,Y,Y,1,10,2,32,Thursday,False,False,False,Yangon International Airport,RGN
Phnom Penh International Airport,PNH,2024-07-12 18:20,Kuala Lumpur International Airport,KUL,2024-07-12 21:10,110,Malaysia Airlines,Business Class,995,720,True,699,Y,Y,Y,1,8,2,23,Friday,False,False,False,Yangon International Airport,RGN
Phnom Penh International Airport,PNH,2024-07-12 08:00,Guangzhou Baiyun International Airport,CAN,2024-07-12 11:40,160,China Southern,Business Class,1605,1240,True,849,Y,Y,Y,1,10,2,32,Friday,False,False,False,Yangon International Airport,RGN
Phnom Penh International Airport,PNH,2024-07-12 14:00,Kunming Changshui International Airport,KMG,2024-07-12 17:45,165,China Eastern,Business Class,1480,1195,True,909,Y,Y,Y,1,10,2,32,Friday,False,False,False,Yangon International Airport,RGN
Phnom Penh International Airport,PNH,2024-07-12 15:35,Guangzhou Baiyun International Airport,CAN,2024-07-12 19:20,165,China Southern,Business Class,1150,780,True,999,Y,Y,Y,1,10,2,32,Friday,False,False,False,Yangon International Airport,RGN
Phnom Penh International Airport,PNH,2024-07-12 10:50,Taiwan Taoyuan International Airport,TPE,2024-07-12 15:20,210,China Airlines,Business Class,1395,940,True,1226,Y,Y,Y,2,7,2,32,Friday,False,False,False,Yangon International Airport,RGN
Phnom Penh International Airport,PNH,2024-07-12 18:20,Kuala Lumpur International Airport,KUL,2024-07-12 21:10,110,Malaysia Airlines,Business Class,1170,895,True,1247,Y,Y,Y,1,8,2,23,Friday,False,False,False,Yangon International Airport,RGN
Phnom Penh International Airport,PNH,2024-07-13 18:20,Kuala Lumpur International Airport,KUL,2024-07-13 21:10,110,Malaysia Airlines,Business Class,995,720,True,699,Y,Y,Y,1,8,2,23,Saturday,False,False,False,Yangon International Airport,RGN
Phnom Penh International Airport,PNH,2024-07-13 18:40,Singapore Changi Airport,SIN,2024-07-13 21:40,120,Singapore Airlines,Business Class,910,615,True,875,Y,Y,Y,1,7,1,23,Saturday,False,False,False,Yangon International Airport,RGN
Phnom Penh International Airport,PNH,2024-07-13 15:05,Kunming Changshui International Airport,KMG,2024-07-13 18:50,165,China Eastern,Business Class,1415,1130,True,909,Y,Y,Y,1,10,2,32,Saturday,False,False,False,Yangon International Airport,RGN
Phnom Penh International Airport,PNH,2024-07-13 18:20,Kuala Lumpur International Airport,KUL,2024-07-13 21:10,110,Malaysia Airlines,Business Class,1170,895,True,1247,Y,Y,Y,1,8,2,23,Saturday,False,False,False,Yangon International Airport,RGN
Phnom Penh International Airport,PNH,2024-07-14 18:20,Kuala Lumpur International Airport,KUL,2024-07-14 21:10,110,Malaysia Airlines,Business Class,995,720,True,699,Y,Y,Y,1,8,2,23,Sunday,False,False,False,Yangon International Airport,RGN
Phnom Penh International Airport,PNH,2024-07-14 15:35,Guangzhou Baiyun International Airport,CAN,2024-07-14 19:20,165,China Southern,Business Class,1150,780,True,849,Y,Y,Y,1,10,2,32,Sunday,False,False,False,Yangon International Airport,RGN
Phnom Penh International Airport,PNH,2024-07-14 18:40,Singapore Changi Airport,SIN,2024-07-14 21:40,120,Singapore Airlines,Business Class,910,615,True,945,Y,Y,Y,1,7,1,23,Sunday,False,False,False,Yangon International Airport,RGN
Phnom Penh International Airport,PNH,2024-07-14 14:00,Kunming Changshui International Airport,KMG,2024-07-14 17:45,165,China Eastern,Business Class,1480,1195,True,909,Y,Y,Y,1,10,2,32,Sunday,False,False,False,Yangon International Airport,RGN
Phnom Penh International Airport,PNH,2024-07-14 18:20,Kuala Lumpur International Airport,KUL,2024-07-14 21:10,110,Malaysia Airlines,Business Class,1170,895,True,1247,Y,Y,Y,1,8,2,23,Sunday,False,False,False,Yangon International Airport,RGN
Phnom Penh International Airport,PNH,2024-07-15 18:20,Kuala Lumpur International Airport,KUL,2024-07-15 21:10,110,Malaysia Airlines,Business Class,995,720,True,699,Y,Y,Y,1,8,2,23,Monday,False,False,False,Yangon International Airport,RGN
Phnom Penh International Airport,PNH,2024-07-15 09:35,Singapore Changi Airport,SIN,2024-07-15 12:40,125,Singapore Airlines,Business Class,1455,1155,True,875,Y,Y,Y,1,7,1,23,Monday,False,False,False,Yangon International Airport,RGN
Phnom Penh International Airport,PNH,2024-07-15 14:00,Kunming Changshui International Airport,KMG,2024-07-15 18:00,180,China Eastern,Business Class,1480,1180,True,909,Y,Y,Y,1,10,2,32,Monday,False,False,False,Yangon International Airport,RGN
Phnom Penh International Airport,PNH,2024-07-15 17:10,Taiwan Taoyuan International Airport,TPE,2024-07-15 21:40,210,China Airlines,Business Class,1015,560,True,1226,Y,Y,Y,2,7,2,32,Monday,False,False,False,Yangon International Airport,RGN
Phnom Penh International Airport,PNH,2024-07-15 18:20,Kuala Lumpur International Airport,KUL,2024-07-15 21:10,110,Malaysia Airlines,Business Class,1170,895,True,1247,Y,Y,Y,1,8,2,23,Monday,False,False,False,Yangon International Airport,RGN
Phnom Penh International Airport,PNH,2024-07-16 18:20,Kuala Lumpur International Airport,KUL,2024-07-16 21:10,110,Malaysia Airlines,Business Class,995,720,True,699,Y,Y,Y,1,8,2,23,Tuesday,False,False,False,Yangon International Airport,RGN
Phnom Penh International Airport,PNH,2024-07-16 15:35,Guangzhou Baiyun International Airport,CAN,2024-07-16 19:20,165,China Southern,Business Class,1150,780,True,849,Y,Y,Y,1,10,2,32,Tuesday,False,False,False,Yangon International Airport,RGN
Phnom Penh International Airport,PNH,2024-07-16 18:25,Singapore Changi Airport,SIN,2024-07-16 21:25,120,Singapore Airlines,Business Class,925,630,True,1048,Y,Y,Y,1,7,1,23,Tuesday,False,False,False,Yangon International Airport,RGN
Phnom Penh International Airport,PNH,2024-07-16 15:05,Kunming Changshui International Airport,KMG,2024-07-16 18:50,165,China Eastern,Business Class,1415,1130,True,909,Y,Y,Y,1,10,2,32,Tuesday,False,False,False,Yangon International Airport,RGN
Phnom Penh International Airport,PNH,2024-07-16 09:35,Singapore Changi Airport,SIN,2024-07-16 12:40,125,Singapore Airlines,Business Class,1455,1155,True,945,Y,Y,Y,1,7,1,23,Tuesday,False,False,False,Yangon International Airport,RGN
Phnom Penh International Airport,PNH,2024-07-16 18:20,Kuala Lumpur International Airport,KUL,2024-07-16 21:10,110,Malaysia Airlines,Business Class,1170,895,True,1247,Y,Y,Y,1,8,2,23,Tuesday,False,False,False,Yangon International Airport,RGN
Phnom Penh International Airport,PNH,2024-07-17 18:20,Kuala Lumpur International Airport,KUL,2024-07-17 21:10,110,Malaysia Airlines,Business Class,995,720,True,699,Y,Y,Y,1,8,2,23,Wednesday,False,False,False,Yangon International Airport,RGN
Phnom Penh International Airport,PNH,2024-07-17 18:40,Singapore Changi Airport,SIN,2024-07-17 21:40,120,Singapore Airlines,Business Class,910,615,True,875,Y,Y,Y,1,7,1,23,Wednesday,False,False,False,Yangon International Airport,RGN
Phnom Penh International Airport,PNH,2024-07-17 14:00,Kunming Changshui International Airport,KMG,2024-07-17 18:00,180,China Eastern,Business Class,1480,1180,True,909,Y,Y,Y,1,10,2,32,Wednesday,False,False,False,Yangon International Airport,RGN
Phnom Penh International Airport,PNH,2024-07-17 10:50,Taiwan Taoyuan International Airport,TPE,2024-07-17 15:20,210,China Airlines,Business Class,1395,940,True,1226,Y,Y,Y,2,7,2,32,Wednesday,False,False,False,Yangon International Airport,RGN
Phnom Penh International Airport,PNH,2024-07-18 18:20,Kuala Lumpur International Airport,KUL,2024-07-18 21:10,110,Malaysia Airlines,Business Class,995,720,True,699,Y,Y,Y,1,8,2,23,Thursday,False,False,False,Yangon International Airport,RGN
Phnom Penh International Airport,PNH,2024-07-18 14:05,Singapore Changi Airport,SIN,2024-07-18 17:10,125,Singapore Airlines,Business Class,1185,885,True,875,Y,Y,Y,1,7,1,23,Thursday,False,False,False,Yangon International Airport,RGN
Phnom Penh International Airport,PNH,2024-07-18 08:00,Guangzhou Baiyun International Airport,CAN,2024-07-18 11:40,160,China Southern,Business Class,1605,1240,True,849,Y,Y,Y,1,10,2,32,Thursday,False,False,False,Yangon International Airport,RGN
Phnom Penh International Airport,PNH,2024-07-18 15:05,Kunming Changshui International Airport,KMG,2024-07-18 18:50,165,China Eastern,Business Class,1415,1130,True,909,Y,Y,Y,1,10,2,32,Thursday,False,False,False,Yangon International Airport,RGN
Phnom Penh International Airport,PNH,2024-07-18 15:35,Guangzhou Baiyun International Airport,CAN,2024-07-18 19:20,165,China Southern,Business Class,1150,780,True,999,Y,Y,Y,1,10,2,32,Thursday,False,False,False,Yangon International Airport,RGN
Phnom Penh International Airport,PNH,2024-07-18 18:20,Kuala Lumpur International Airport,KUL,2024-07-18 21:10,110,Malaysia Airlines,Business Class,1170,895,True,1247,Y,Y,Y,1,8,2,23,Thursday,False,False,False,Yangon International Airport,RGN
Phnom Penh International Airport,PNH,2024-07-19 18:20,Kuala Lumpur International Airport,KUL,2024-07-19 21:10,110,Malaysia Airlines,Business Class,995,720,True,699,Y,Y,Y,1,8,2,23,Friday,False,False,True,Yangon International Airport,RGN
Phnom Penh International Airport,PNH,2024-07-19 14:00,Kunming Changshui International Airport,KMG,2024-07-19 17:45,165,China Eastern,Business Class,1480,1195,True,909,Y,Y,Y,1,10,2,32,Friday,False,False,True,Yangon International Airport,RGN
Phnom Penh International Airport,PNH,2024-07-19 15:35,Guangzhou Baiyun International Airport,CAN,2024-07-19 19:20,165,China Southern,Business Class,1150,780,True,999,Y,Y,Y,1,10,2,32,Friday,False,False,True,Yangon International Airport,RGN
Phnom Penh International Airport,PNH,2024-07-19 09:35,Singapore Changi Airport,SIN,2024-07-19 12:40,125,Singapore Airlines,Business Class,1455,1155,True,1187,Y,Y,Y,1,7,1,23,Friday,False,False,True,Yangon International Airport,RGN
Phnom Penh International Airport,PNH,2024-07-19 08:00,Guangzhou Baiyun International Airport,CAN,2024-07-19 11:40,160,China Southern,Business Class,1605,1240,True,849,Y,Y,Y,1,10,2,32,Friday,False,False,True,Yangon International Airport,RGN
Phnom Penh International Airport,PNH,2024-07-19 10:50,Taiwan Taoyuan International Airport,TPE,2024-07-19 15:20,210,China Airlines,Business Class,1395,940,True,1226,Y,Y,Y,2,7,2,32,Friday,False,False,True,Yangon International Airport,RGN
Phnom Penh International Airport,PNH,2024-07-19 18:20,Kuala Lumpur International Airport,KUL,2024-07-19 21:10,110,Malaysia Airlines,Business Class,1170,895,True,1247,Y,Y,Y,1,8,2,23,Friday,False,False,True,Yangon International Airport,RGN
Phnom Penh International Airport,PNH,2024-07-20 18:20,Kuala Lumpur International Airport,KUL,2024-07-20 21:10,110,Malaysia Airlines,Business Class,995,720,True,699,Y,Y,Y,1,8,2,23,Saturday,False,False,True,Yangon International Airport,RGN
Phnom Penh International Airport,PNH,2024-07-20 15:05,Kunming Changshui International Airport,KMG,2024-07-20 18:50,165,China Eastern,Business Class,1415,1130,True,909,Y,Y,Y,1,10,2,32,Saturday,False,False,True,Yangon International Airport,RGN
Phnom Penh International Airport,PNH,2024-07-20 18:40,Singapore Changi Airport,SIN,2024-07-20 21:40,120,Singapore Airlines,Business Class,910,615,True,1048,Y,Y,Y,1,7,1,23,Saturday,False,False,True,Yangon International Airport,RGN
Phnom Penh International Airport,PNH,2024-07-21 18:20,Kuala Lumpur International Airport,KUL,2024-07-21 21:10,110,Malaysia Airlines,Business Class,995,720,True,699,Y,Y,Y,1,8,2,23,Sunday,False,False,False,Yangon International Airport,RGN
Phnom Penh International Airport,PNH,2024-07-21 18:40,Singapore Changi Airport,SIN,2024-07-21 21:40,120,Singapore Airlines,Business Class,910,615,True,945,Y,Y,Y,1,7,1,23,Sunday,False,False,False,Yangon International Airport,RGN
Phnom Penh International Airport,PNH,2024-07-21 08:00,Guangzhou Baiyun International Airport,CAN,2024-07-21 11:40,160,China Southern,Business Class,1605,1240,True,849,Y,Y,Y,1,10,2,32,Sunday,False,False,False,Yangon International Airport,RGN
Phnom Penh International Airport,PNH,2024-07-21 14:00,Kunming Changshui International Airport,KMG,2024-07-21 17:45,165,China Eastern,Business Class,1480,1195,True,909,Y,Y,Y,1,10,2,32,Sunday,False,False,False,Yangon International Airport,RGN
Phnom Penh International Airport,PNH,2024-07-21 15:35,Guangzhou Baiyun International Airport,CAN,2024-07-21 19:20,165,China Southern,Business Class,1150,780,True,999,Y,Y,Y,1,10,2,32,Sunday,False,False,False,Yangon International Airport,RGN
Phnom Penh International Airport,PNH,2024-07-21 10:50,Taiwan Taoyuan International Airport,TPE,2024-07-21 15:20,210,China Airlines,Business Class,1395,940,True,1226,Y,Y,Y,2,7,2,32,Sunday,False,False,False,Yangon International Airport,RGN
Phnom Penh International Airport,PNH,2024-07-21 18:20,Kuala Lumpur International Airport,KUL,2024-07-21 21:10,110,Malaysia Airlines,Business Class,1170,895,True,1247,Y,Y,Y,1,8,2,23,Sunday,False,False,False,Yangon International Airport,RGN
Phnom Penh International Airport,PNH,2024-07-22 18:20,Kuala Lumpur International Airport,KUL,2024-07-22 21:10,110,Malaysia Airlines,Business Class,995,720,True,699,Y,Y,Y,1,8,2,23,Monday,False,False,False,Yangon International Airport,RGN
Phnom Penh International Airport,PNH,2024-07-22 14:00,Kunming Changshui International Airport,KMG,2024-07-22 18:00,180,China Eastern,Business Class,1480,1180,True,909,Y,Y,Y,1,10,2,32,Monday,False,False,False,Yangon International Airport,RGN
Phnom Penh International Airport,PNH,2024-07-22 14:05,Singapore Changi Airport,SIN,2024-07-22 17:10,125,Singapore Airlines,Business Class,1185,885,True,1187,Y,Y,Y,1,7,1,23,Monday,False,False,False,Yangon International Airport,RGN
Phnom Penh International Airport,PNH,2024-07-22 17:10,Taiwan Taoyuan International Airport,TPE,2024-07-22 21:40,210,China Airlines,Business Class,1015,560,True,1226,Y,Y,Y,2,7,2,32,Monday,False,False,False,Yangon International Airport,RGN
Phnom Penh International Airport,PNH,2024-07-22 18:20,Kuala Lumpur International Airport,KUL,2024-07-22 21:10,110,Malaysia Airlines,Business Class,1170,895,True,1247,Y,Y,Y,1,8,2,23,Monday,False,False,False,Yangon International Airport,RGN
Phnom Penh International Airport,PNH,2024-07-23 18:20,Kuala Lumpur International Airport,KUL,2024-07-23 21:10,110,Malaysia Airlines,Business Class,995,720,True,699,Y,Y,Y,1,8,2,23,Tuesday,False,False,False,Yangon International Airport,RGN
Phnom Penh International Airport,PNH,2024-07-23 15:35,Guangzhou Baiyun International Airport,CAN,2024-07-23 19:20,165,China Southern,Business Class,1150,780,True,849,Y,Y,Y,1,10,2,32,Tuesday,False,False,False,Yangon International Airport,RGN
Phnom Penh International Airport,PNH,2024-07-23 09:35,Singapore Changi Airport,SIN,2024-07-23 12:40,125,Singapore Airlines,Business Class,1455,1155,True,875,Y,Y,Y,1,7,1,23,Tuesday,False,False,False,Yangon International Airport,RGN
Phnom Penh International Airport,PNH,2024-07-23 15:05,Kunming Changshui International Airport,KMG,2024-07-23 18:50,165,China Eastern,Business Class,1415,1130,True,909,Y,Y,Y,1,10,2,32,Tuesday,False,False,False,Yangon International Airport,RGN
Phnom Penh International Airport,PNH,2024-07-23 18:25,Singapore Changi Airport,SIN,2024-07-23 21:25,120,Singapore Airlines,Business Class,925,630,True,1048,Y,Y,Y,1,7,1,23,Tuesday,False,False,False,Yangon International Airport,RGN
Phnom Penh International Airport,PNH,2024-07-23 18:20,Kuala Lumpur International Airport,KUL,2024-07-23 21:10,110,Malaysia Airlines,Business Class,1170,895,True,1247,Y,Y,Y,1,8,2,23,Tuesday,False,False,False,Yangon International Airport,RGN
Phnom Penh International Airport,PNH,2024-07-24 18:20,Kuala Lumpur International Airport,KUL,2024-07-24 21:10,110,Malaysia Airlines,Business Class,995,720,True,699,Y,Y,Y,1,8,2,23,Wednesday,False,False,False,Yangon International Airport,RGN
Phnom Penh International Airport,PNH,2024-07-24 18:40,Singapore Changi Airport,SIN,2024-07-24 21:40,120,Singapore Airlines,Business Class,910,615,True,875,Y,Y,Y,1,7,1,23,Wednesday,False,False,False,Yangon International Airport,RGN
Phnom Penh International Airport,PNH,2024-07-24 14:00,Kunming Changshui International Airport,KMG,2024-07-24 18:00,180,China Eastern,Business Class,1480,1180,True,909,Y,Y,Y,1,10,2,32,Wednesday,False,False,False,Yangon International Airport,RGN
Phnom Penh International Airport,PNH,2024-07-24 10:50,Taiwan Taoyuan International Airport,TPE,2024-07-24 15:20,210,China Airlines,Business Class,1395,940,True,1226,Y,Y,Y,2,7,2,32,Wednesday,False,False,False,Yangon International Airport,RGN
Phnom Penh International Airport,PNH,2024-07-24 18:20,Kuala Lumpur International Airport,KUL,2024-07-24 21:10,110,Malaysia Airlines,Business Class,1170,895,True,1247,Y,Y,Y,1,8,2,23,Wednesday,False,False,False,Yangon International Airport,RGN
Phnom Penh International Airport,PNH,2024-07-25 18:20,Kuala Lumpur International Airport,KUL,2024-07-25 21:10,110,Malaysia Airlines,Business Class,995,720,True,699,Y,Y,Y,1,8,2,23,Thursday,False,False,False,Yangon International Airport,RGN
Phnom Penh International Airport,PNH,2024-07-25 18:25,Singapore Changi Airport,SIN,2024-07-25 21:25,120,Singapore Airlines,Business Class,925,630,True,875,Y,Y,Y,1,7,1,23,Thursday,False,False,False,Yangon International Airport,RGN
Phnom Penh International Airport,PNH,2024-07-25 08:00,Guangzhou Baiyun International Airport,CAN,2024-07-25 11:40,160,China Southern,Business Class,1605,1240,True,849,Y,Y,Y,1,10,2,32,Thursday,False,False,False,Yangon International Airport,RGN
Phnom Penh International Airport,PNH,2024-07-25 15:05,Kunming Changshui International Airport,KMG,2024-07-25 18:50,165,China Eastern,Business Class,1415,1130,True,909,Y,Y,Y,1,10,2,32,Thursday,False,False,False,Yangon International Airport,RGN
Phnom Penh International Airport,PNH,2024-07-25 15:35,Guangzhou Baiyun International Airport,CAN,2024-07-25 19:20,165,China Southern,Business Class,1150,780,True,999,Y,Y,Y,1,10,2,32,Thursday,False,False,False,Yangon International Airport,RGN
Phnom Penh International Airport,PNH,2024-07-25 18:20,Kuala Lumpur International Airport,KUL,2024-07-25 21:10,110,Malaysia Airlines,Business Class,1170,895,True,1247,Y,Y,Y,1,8,2,23,Thursday,False,False,False,Yangon International Airport,RGN
Phnom Penh International Airport,PNH,2024-07-26 18:20,Kuala Lumpur International Airport,KUL,2024-07-26 21:10,110,Malaysia Airlines,Business Class,995,720,True,699,Y,Y,Y,1,8,2,23,Friday,False,False,False,Yangon International Airport,RGN
Phnom Penh International Airport,PNH,2024-07-26 15:35,Guangzhou Baiyun International Airport,CAN,2024-07-26 19:20,165,China Southern,Business Class,1150,780,True,849,Y,Y,Y,1,10,2,32,Friday,False,False,False,Yangon International Airport,RGN
Phnom Penh International Airport,PNH,2024-07-26 14:05,Singapore Changi Airport,SIN,2024-07-26 17:10,125,Singapore Airlines,Business Class,1185,885,True,875,Y,Y,Y,1,7,1,23,Friday,False,False,False,Yangon International Airport,RGN
Phnom Penh International Airport,PNH,2024-07-26 14:00,Kunming Changshui International Airport,KMG,2024-07-26 17:45,165,China Eastern,Business Class,1480,1195,True,909,Y,Y,Y,1,10,2,32,Friday,False,False,False,Yangon International Airport,RGN
Phnom Penh International Airport,PNH,2024-07-26 10:50,Taiwan Taoyuan International Airport,TPE,2024-07-26 15:20,210,China Airlines,Business Class,1395,940,True,1226,Y,Y,Y,2,7,2,32,Friday,False,False,False,Yangon International Airport,RGN
Phnom Penh International Airport,PNH,2024-07-26 18:20,Kuala Lumpur International Airport,KUL,2024-07-26 21:10,110,Malaysia Airlines,Business Class,1170,895,True,1247,Y,Y,Y,1,8,2,23,Friday,False,False,False,Yangon International Airport,RGN
Phnom Penh International Airport,PNH,2024-07-27 18:20,Kuala Lumpur International Airport,KUL,2024-07-27 21:10,110,Malaysia Airlines,Business Class,995,720,True,699,Y,Y,Y,1,8,2,23,Saturday,False,False,False,Yangon International Airport,RGN
Phnom Penh International Airport,PNH,2024-07-27 18:40,Singapore Changi Airport,SIN,2024-07-27 21:40,120,Singapore Airlines,Business Class,910,615,True,875,Y,Y,Y,1,7,1,23,Saturday,False,False,False,Yangon International Airport,RGN
Phnom Penh International Airport,PNH,2024-07-27 15:05,Kunming Changshui International Airport,KMG,2024-07-27 18:50,165,China Eastern,Business Class,1415,1130,True,909,Y,Y,Y,1,10,2,32,Saturday,False,False,False,Yangon International Airport,RGN
Phnom Penh International Airport,PNH,2024-07-27 18:20,Kuala Lumpur International Airport,KUL,2024-07-27 21:10,110,Malaysia Airlines,Business Class,1170,895,True,1247,Y,Y,Y,1,8,2,23,Saturday,False,False,False,Yangon International Airport,RGN
Phnom Penh International Airport,PNH,2024-07-28 18:20,Kuala Lumpur International Airport,KUL,2024-07-28 21:10,110,Malaysia Airlines,Business Class,995,720,True,699,Y,Y,Y,1,8,2,23,Sunday,False,False,False,Yangon International Airport,RGN
Phnom Penh International Airport,PNH,2024-07-28 18:40,Singapore Changi Airport,SIN,2024-07-28 21:40,120,Singapore Airlines,Business Class,910,615,True,945,Y,Y,Y,1,7,1,23,Sunday,False,False,False,Yangon International Airport,RGN
Phnom Penh International Airport,PNH,2024-07-28 08:00,Guangzhou Baiyun International Airport,CAN,2024-07-28 11:40,160,China Southern,Business Class,1605,1240,True,849,Y,Y,Y,1,10,2,32,Sunday,False,False,False,Yangon International Airport,RGN
Phnom Penh International Airport,PNH,2024-07-28 14:00,Kunming Changshui International Airport,KMG,2024-07-28 17:45,165,China Eastern,Business Class,1480,1195,True,909,Y,Y,Y,1,10,2,32,Sunday,False,False,False,Yangon International Airport,RGN
Phnom Penh International Airport,PNH,2024-07-28 15:35,Guangzhou Baiyun International Airport,CAN,2024-07-28 19:20,165,China Southern,Business Class,1150,780,True,999,Y,Y,Y,1,10,2,32,Sunday,False,False,False,Yangon International Airport,RGN
Phnom Penh International Airport,PNH,2024-07-28 10:50,Taiwan Taoyuan International Airport,TPE,2024-07-28 15:20,210,China Airlines,Business Class,1395,940,True,1226,Y,Y,Y,2,7,2,32,Sunday,False,False,False,Yangon International Airport,RGN
Phnom Penh International Airport,PNH,2024-07-28 18:20,Kuala Lumpur International Airport,KUL,2024-07-28 21:10,110,Malaysia Airlines,Business Class,1170,895,True,1247,Y,Y,Y,1,8,2,23,Sunday,False,False,False,Yangon International Airport,RGN
Phnom Penh International Airport,PNH,2024-07-29 18:20,Kuala Lumpur International Airport,KUL,2024-07-29 21:10,110,Malaysia Airlines,Business Class,995,720,True,699,Y,Y,Y,1,8,2,23,Monday,False,False,False,Yangon International Airport,RGN
Phnom Penh International Airport,PNH,2024-07-29 18:25,Singapore Changi Airport,SIN,2024-07-29 21:25,120,Singapore Airlines,Business Class,925,630,True,875,Y,Y,Y,1,7,1,23,Monday,False,False,False,Yangon International Airport,RGN
Phnom Penh International Airport,PNH,2024-07-29 14:00,Kunming Changshui International Airport,KMG,2024-07-29 18:00,180,China Eastern,Business Class,1480,1180,True,909,Y,Y,Y,1,10,2,32,Monday,False,False,False,Yangon International Airport,RGN
Phnom Penh International Airport,PNH,2024-07-29 17:10,Taiwan Taoyuan International Airport,TPE,2024-07-29 21:40,210,China Airlines,Business Class,1015,560,True,1226,Y,Y,Y,2,7,2,32,Monday,False,False,False,Yangon International Airport,RGN
Phnom Penh International Airport,PNH,2024-07-29 18:20,Kuala Lumpur International Airport,KUL,2024-07-29 21:10,110,Malaysia Airlines,Business Class,1170,895,True,1247,Y,Y,Y,1,8,2,23,Monday,False,False,False,Yangon International Airport,RGN
Phnom Penh International Airport,PNH,2024-07-30 18:20,Kuala Lumpur International Airport,KUL,2024-07-30 21:10,110,Malaysia Airlines,Business Class,995,720,True,699,Y,Y,Y,1,8,2,23,Tuesday,False,False,False,Yangon International Airport,RGN
Phnom Penh International Airport,PNH,2024-07-30 14:05,Singapore Changi Airport,SIN,2024-07-30 17:10,125,Singapore Airlines,Business Class,1185,885,True,799,Y,Y,Y,1,7,1,23,Tuesday,False,False,False,Yangon International Airport,RGN
Phnom Penh International Airport,PNH,2024-07-30 15:35,Guangzhou Baiyun International Airport,CAN,2024-07-30 19:20,165,China Southern,Business Class,1150,780,True,849,Y,Y,Y,1,10,2,32,Tuesday,False,False,False,Yangon International Airport,RGN
Phnom Penh International Airport,PNH,2024-07-30 15:05,Kunming Changshui International Airport,KMG,2024-07-30 18:50,165,China Eastern,Business Class,1415,1130,True,909,Y,Y,Y,1,10,2,32,Tuesday,False,False,False,Yangon International Airport,RGN
Phnom Penh International Airport,PNH,2024-07-30 18:25,Singapore Changi Airport,SIN,2024-07-30 21:25,120,Singapore Airlines,Business Class,925,630,True,945,Y,Y,Y,1,7,1,23,Tuesday,False,False,False,Yangon International Airport,RGN
Phnom Penh International Airport,PNH,2024-07-30 18:20,Kuala Lumpur International Airport,KUL,2024-07-30 21:10,110,Malaysia Airlines,Business Class,1170,895,True,1247,Y,Y,Y,1,8,2,23,Tuesday,False,False,False,Yangon International Airport,RGN
Phnom Penh International Airport,PNH,2024-07-31 18:20,Kuala Lumpur International Airport,KUL,2024-07-31 21:10,110,Malaysia Airlines,Business Class,995,720,True,699,Y,Y,Y,1,8,2,23,Wednesday,False,False,False,Yangon International Airport,RGN
Phnom Penh International Airport,PNH,2024-07-31 18:40,Singapore Changi Airport,SIN,2024-07-31 21:40,120,Singapore Airlines,Business Class,910,615,True,875,Y,Y,Y,1,7,1,23,Wednesday,False,False,False,Yangon International Airport,RGN
Phnom Penh International Airport,PNH,2024-07-31 14:00,Kunming Changshui International Airport,KMG,2024-07-31 18:00,180,China Eastern,Business Class,1480,1180,True,909,Y,Y,Y,1,10,2,32,Wednesday,False,False,False,Yangon International Airport,RGN
Phnom Penh International Airport,PNH,2024-07-31 10:50,Taiwan Taoyuan International Airport,TPE,2024-07-31 15:20,210,China Airlines,Business Class,1395,940,True,1226,Y,Y,Y,2,7,2,32,Wednesday,False,False,False,Yangon International Airport,RGN
Phnom Penh International Airport,PNH,2024-07-31 18:20,Kuala Lumpur International Airport,KUL,2024-07-31 21:10,110,Malaysia Airlines,Business Class,1170,895,True,1247,Y,Y,Y,1,8,2,23,Wednesday,False,False,False,Yangon International Airport,RGN
Phnom Penh International Airport,PNH,2024-08-01 18:25,Singapore Changi Airport,SIN,2024-08-01 21:25,120,Singapore Airlines,Business Class,925,630,True,875,Y,Y,Y,1,7,1,23,Thursday,False,False,False,Yangon International Airport,RGN
Phnom Penh International Airport,PNH,2024-08-01 18:20,Kuala Lumpur International Airport,KUL,2024-08-01 21:10,110,Malaysia Airlines,Business Class,995,720,True,930,Y,Y,Y,1,8,2,23,Thursday,False,False,False,Yangon International Airport,RGN
Phnom Penh International Airport,PNH,2024-08-01 15:35,Guangzhou Baiyun International Airport,CAN,2024-08-01 19:20,165,China Southern,Business Class,1150,780,True,1201,Y,Y,Y,1,10,2,32,Thursday,False,False,False,Yangon International Airport,RGN
Phnom Penh International Airport,PNH,2024-08-01 18:20,Kuala Lumpur International Airport,KUL,2024-08-01 21:10,110,Malaysia Airlines,Business Class,1170,895,True,1246,Y,Y,Y,1,8,2,23,Thursday,False,False,False,Yangon International Airport,RGN
Phnom Penh International Airport,PNH,2024-08-01 18:25,Singapore Changi Airport,SIN,2024-08-01 21:25,120,Singapore Airlines,Business Class,1250,950,True,1838,Y,Y,Y,1,7,1,23,Thursday,False,False,False,Yangon International Airport,RGN
Phnom Penh International Airport,PNH,2024-08-02 14:05,Singapore Changi Airport,SIN,2024-08-02 17:10,125,Singapore Airlines,Business Class,1185,885,True,875,Y,Y,Y,1,7,1,23,Friday,False,False,False,Yangon International Airport,RGN
Phnom Penh International Airport,PNH,2024-08-02 14:00,Kunming Changshui International Airport,KMG,2024-08-02 17:45,165,China Eastern,Business Class,1480,1195,True,879,Y,Y,Y,1,10,2,32,Friday,False,False,False,Yangon International Airport,RGN
Phnom Penh International Airport,PNH,2024-08-02 18:20,Kuala Lumpur International Airport,KUL,2024-08-02 21:10,110,Malaysia Airlines,Business Class,995,720,True,930,Y,Y,Y,1,8,2,23,Friday,False,False,False,Yangon International Airport,RGN
Phnom Penh International Airport,PNH,2024-08-02 15:35,Guangzhou Baiyun International Airport,CAN,2024-08-02 19:20,165,China Southern,Business Class,1150,780,True,1201,Y,Y,Y,1,10,2,32,Friday,False,False,False,Yangon International Airport,RGN
Phnom Penh International Airport,PNH,2024-08-02 10:50,Taiwan Taoyuan International Airport,TPE,2024-08-02 15:20,210,China Airlines,Business Class,1395,940,True,1225,Y,Y,Y,2,7,2,32,Friday,False,False,False,Yangon International Airport,RGN
Phnom Penh International Airport,PNH,2024-08-02 18:20,Kuala Lumpur International Airport,KUL,2024-08-02 21:10,110,Malaysia Airlines,Business Class,1170,895,True,1246,Y,Y,Y,1,8,2,23,Friday,False,False,False,Yangon International Airport,RGN
Phnom Penh International Airport,PNH,2024-08-03 15:05,Kunming Changshui International Airport,KMG,2024-08-03 18:50,165,China Eastern,Business Class,1415,1130,True,879,Y,Y,Y,1,10,2,32,Saturday,False,False,False,Yangon International Airport,RGN
Phnom Penh International Airport,PNH,2024-08-03 18:40,Singapore Changi Airport,SIN,2024-08-03 21:40,120,Singapore Airlines,Business Class,910,615,True,944,Y,Y,Y,1,7,1,23,Saturday,False,False,False,Yangon International Airport,RGN
Phnom Penh International Airport,PNH,2024-08-03 18:20,Kuala Lumpur International Airport,KUL,2024-08-03 21:10,110,Malaysia Airlines,Business Class,995,720,True,1001,Y,Y,Y,1,8,2,23,Saturday,False,False,False,Yangon International Airport,RGN
Phnom Penh International Airport,PNH,2024-08-03 18:40,Singapore Changi Airport,SIN,2024-08-03 21:40,120,Singapore Airlines,Business Class,1235,935,True,1838,Y,Y,Y,1,7,1,23,Saturday,False,False,False,Yangon International Airport,RGN
Phnom Penh International Airport,PNH,2024-08-04 18:40,Singapore Changi Airport,SIN,2024-08-04 21:40,120,Singapore Airlines,Business Class,910,615,True,944,Y,Y,Y,1,7,1,23,Sunday,False,False,False,Yangon International Airport,RGN
Phnom Penh International Airport,PNH,2024-08-04 15:35,Guangzhou Baiyun International Airport,CAN,2024-08-04 19:20,165,China Southern,Business Class,1150,780,True,1201,Y,Y,Y,1,10,2,32,Sunday,False,False,False,Yangon International Airport,RGN
Phnom Penh International Airport,PNH,2024-08-04 18:20,Kuala Lumpur International Airport,KUL,2024-08-04 21:10,110,Malaysia Airlines,Business Class,1170,895,True,1246,Y,Y,Y,1,8,2,23,Sunday,False,False,False,Yangon International Airport,RGN
Phnom Penh International Airport,PNH,2024-08-04 18:40,Singapore Changi Airport,SIN,2024-08-04 21:40,120,Singapore Airlines,Business Class,1235,935,True,1838,Y,Y,Y,1,7,1,23,Sunday,False,False,False,Yangon International Airport,RGN
Phnom Penh International Airport,PNH,2024-08-05 14:05,Singapore Changi Airport,SIN,2024-08-05 17:10,125,Singapore Airlines,Business Class,1185,885,True,875,Y,Y,Y,1,7,1,23,Monday,False,False,False,Yangon International Airport,RGN
Phnom Penh International Airport,PNH,2024-08-05 18:20,Kuala Lumpur International Airport,KUL,2024-08-05 21:10,110,Malaysia Airlines,Business Class,995,720,True,930,Y,Y,Y,1,8,2,23,Monday,False,False,False,Yangon International Airport,RGN
Phnom Penh International Airport,PNH,2024-08-05 14:00,Kunming Changshui International Airport,KMG,2024-08-05 18:00,180,China Eastern,Business Class,1480,1180,True,879,Y,Y,Y,1,10,2,32,Monday,False,False,False,Yangon International Airport,RGN
Phnom Penh International Airport,PNH,2024-08-05 17:10,Taiwan Taoyuan International Airport,TPE,2024-08-05 21:40,210,China Airlines,Business Class,1015,560,True,1225,Y,Y,Y,2,7,2,32,Monday,False,False,False,Yangon International Airport,RGN
Phnom Penh International Airport,PNH,2024-08-05 18:20,Kuala Lumpur International Airport,KUL,2024-08-05 21:10,110,Malaysia Airlines,Business Class,1170,895,True,1246,Y,Y,Y,1,8,2,23,Monday,False,False,False,Yangon International Airport,RGN
Phnom Penh International Airport,PNH,2024-08-06 14:05,Singapore Changi Airport,SIN,2024-08-06 17:10,125,Singapore Airlines,Business Class,1185,885,True,875,Y,Y,Y,1,7,1,23,Tuesday,False,False,False,Yangon International Airport,RGN
Phnom Penh International Airport,PNH,2024-08-06 18:20,Kuala Lumpur International Airport,KUL,2024-08-06 21:10,110,Malaysia Airlines,Business Class,995,720,True,930,Y,Y,Y,1,8,2,23,Tuesday,False,False,False,Yangon International Airport,RGN
Phnom Penh International Airport,PNH,2024-08-06 15:05,Kunming Changshui International Airport,KMG,2024-08-06 18:50,165,China Eastern,Business Class,1415,1130,True,879,Y,Y,Y,1,10,2,32,Tuesday,False,False,False,Yangon International Airport,RGN
Phnom Penh International Airport,PNH,2024-08-06 18:25,Singapore Changi Airport,SIN,2024-08-06 21:25,120,Singapore Airlines,Business Class,925,630,True,1047,Y,Y,Y,1,7,1,23,Tuesday,False,False,False,Yangon International Airport,RGN
Phnom Penh International Airport,PNH,2024-08-06 15:35,Guangzhou Baiyun International Airport,CAN,2024-08-06 19:20,165,China Southern,Business Class,1150,780,True,1201,Y,Y,Y,1,10,2,32,Tuesday,False,False,False,Yangon International Airport,RGN
Phnom Penh International Airport,PNH,2024-08-06 18:25,Singapore Changi Airport,SIN,2024-08-06 21:25,120,Singapore Airlines,Business Class,1250,950,True,1838,Y,Y,Y,1,7,1,23,Tuesday,False,False,False,Yangon International Airport,RGN
Phnom Penh International Airport,PNH,2024-08-07 18:40,Singapore Changi Airport,SIN,2024-08-07 21:40,120,Singapore Airlines,Business Class,910,615,True,875,Y,Y,Y,1,7,1,23,Wednesday,False,False,False,Yangon International Airport,RGN
Phnom Penh International Airport,PNH,2024-08-07 18:20,Kuala Lumpur International Airport,KUL,2024-08-07 21:10,110,Malaysia Airlines,Business Class,995,720,True,930,Y,Y,Y,1,8,2,23,Wednesday,False,False,False,Yangon International Airport,RGN
Phnom Penh International Airport,PNH,2024-08-07 14:00,Kunming Changshui International Airport,KMG,2024-08-07 18:00,180,China Eastern,Business Class,1480,1180,True,879,Y,Y,Y,1,10,2,32,Wednesday,False,False,False,Yangon International Airport,RGN
Phnom Penh International Airport,PNH,2024-08-07 10:50,Taiwan Taoyuan International Airport,TPE,2024-08-07 15:20,210,China Airlines,Business Class,1395,940,True,1047,Y,Y,Y,2,7,2,32,Wednesday,False,False,False,Yangon International Airport,RGN
Phnom Penh International Airport,PNH,2024-08-07 18:40,Singapore Changi Airport,SIN,2024-08-07 21:40,120,Singapore Airlines,Business Class,1235,935,True,1838,Y,Y,Y,1,7,1,23,Wednesday,False,False,False,Yangon International Airport,RGN
Phnom Penh International Airport,PNH,2024-08-08 18:25,Singapore Changi Airport,SIN,2024-08-08 21:25,120,Singapore Airlines,Business Class,925,630,True,875,Y,Y,Y,1,7,1,23,Thursday,False,False,False,Yangon International Airport,RGN
Phnom Penh International Airport,PNH,2024-08-08 18:20,Kuala Lumpur International Airport,KUL,2024-08-08 21:10,110,Malaysia Airlines,Business Class,995,720,True,930,Y,Y,Y,1,8,2,23,Thursday,False,False,False,Yangon International Airport,RGN
Phnom Penh International Airport,PNH,2024-08-08 15:35,Guangzhou Baiyun International Airport,CAN,2024-08-08 19:20,165,China Southern,Business Class,1150,780,True,1201,Y,Y,Y,1,10,2,32,Thursday,False,False,False,Yangon International Airport,RGN
Phnom Penh International Airport,PNH,2024-08-08 18:20,Kuala Lumpur International Airport,KUL,2024-08-08 21:10,110,Malaysia Airlines,Business Class,1170,895,True,1246,Y,Y,Y,1,8,2,23,Thursday,False,False,False,Yangon International Airport,RGN
Phnom Penh International Airport,PNH,2024-08-08 18:25,Singapore Changi Airport,SIN,2024-08-08 21:25,120,Singapore Airlines,Business Class,1250,950,True,1838,Y,Y,Y,1,7,1,23,Thursday,False,False,False,Yangon International Airport,RGN
Phnom Penh International Airport,PNH,2024-08-09 18:25,Singapore Changi Airport,SIN,2024-08-09 21:25,120,Singapore Airlines,Business Class,925,630,True,875,Y,Y,Y,1,7,1,23,Friday,False,False,False,Yangon International Airport,RGN
Phnom Penh International Airport,PNH,2024-08-09 18:20,Kuala Lumpur International Airport,KUL,2024-08-09 21:10,110,Malaysia Airlines,Business Class,995,720,True,930,Y,Y,Y,1,8,2,23,Friday,False,False,False,Yangon International Airport,RGN
Phnom Penh International Airport,PNH,2024-08-09 14:00,Kunming Changshui International Airport,KMG,2024-08-09 17:45,165,China Eastern,Business Class,1480,1195,True,879,Y,Y,Y,1,10,2,32,Friday,False,False,False,Yangon International Airport,RGN
Phnom Penh International Airport,PNH,2024-08-09 10:50,Taiwan Taoyuan International Airport,TPE,2024-08-09 15:20,210,China Airlines,Business Class,1395,940,True,1047,Y,Y,Y,2,7,2,32,Friday,False,False,False,Yangon International Airport,RGN
Phnom Penh International Airport,PNH,2024-08-09 15:35,Guangzhou Baiyun International Airport,CAN,2024-08-09 19:20,165,China Southern,Business Class,1150,780,True,1201,Y,Y,Y,1,10,2,32,Friday,False,False,False,Yangon International Airport,RGN
Phnom Penh International Airport,PNH,2024-08-09 18:20,Kuala Lumpur International Airport,KUL,2024-08-09 21:10,110,Malaysia Airlines,Business Class,1170,895,True,1246,Y,Y,Y,1,8,2,23,Friday,False,False,False,Yangon International Airport,RGN
Phnom Penh International Airport,PNH,2024-08-09 18:25,Singapore Changi Airport,SIN,2024-08-09 21:25,120,Singapore Airlines,Business Class,1250,950,True,1838,Y,Y,Y,1,7,1,23,Friday,False,False,False,Yangon International Airport,RGN
Phnom Penh International Airport,PNH,2024-08-10 18:40,Singapore Changi Airport,SIN,2024-08-10 21:40,120,Singapore Airlines,Business Class,910,615,True,875,Y,Y,Y,1,7,1,23,Saturday,False,False,False,Yangon International Airport,RGN
Phnom Penh International Airport,PNH,2024-08-10 15:05,Kunming Changshui International Airport,KMG,2024-08-10 18:50,165,China Eastern,Business Class,1415,1130,True,879,Y,Y,Y,1,10,2,32,Saturday,False,False,False,Yangon International Airport,RGN
Phnom Penh International Airport,PNH,2024-08-10 18:20,Kuala Lumpur International Airport,KUL,2024-08-10 21:10,110,Malaysia Airlines,Business Class,995,720,True,930,Y,Y,Y,1,8,2,23,Saturday,False,False,False,Yangon International Airport,RGN
Phnom Penh International Airport,PNH,2024-08-10 18:20,Kuala Lumpur International Airport,KUL,2024-08-10 21:10,110,Malaysia Airlines,Business Class,1170,895,True,1246,Y,Y,Y,1,8,2,23,Saturday,False,False,False,Yangon International Airport,RGN
Phnom Penh International Airport,PNH,2024-08-10 18:40,Singapore Changi Airport,SIN,2024-08-10 21:40,120,Singapore Airlines,Business Class,1235,935,True,1838,Y,Y,Y,1,7,1,23,Saturday,False,False,False,Yangon International Airport,RGN
Phnom Penh International Airport,PNH,2024-08-11 18:20,Kuala Lumpur International Airport,KUL,2024-08-11 21:10,110,Malaysia Airlines,Business Class,995,720,True,930,Y,Y,Y,1,8,2,23,Sunday,False,False,False,Yangon International Airport,RGN
Phnom Penh International Airport,PNH,2024-08-11 18:40,Singapore Changi Airport,SIN,2024-08-11 21:40,120,Singapore Airlines,Business Class,910,615,True,944,Y,Y,Y,1,7,1,23,Sunday,False,False,False,Yangon International Airport,RGN
Phnom Penh International Airport,PNH,2024-08-11 15:35,Guangzhou Baiyun International Airport,CAN,2024-08-11 19:20,165,China Southern,Business Class,1150,780,True,1201,Y,Y,Y,1,10,2,32,Sunday,False,False,False,Yangon International Airport,RGN
Phnom Penh International Airport,PNH,2024-08-11 18:20,Kuala Lumpur International Airport,KUL,2024-08-11 21:10,110,Malaysia Airlines,Business Class,1170,895,True,1246,Y,Y,Y,1,8,2,23,Sunday,False,False,False,Yangon International Airport,RGN
Phnom Penh International Airport,PNH,2024-08-11 18:40,Singapore Changi Airport,SIN,2024-08-11 21:40,120,Singapore Airlines,Business Class,1235,935,True,1838,Y,Y,Y,1,7,1,23,Sunday,False,False,False,Yangon International Airport,RGN
Phnom Penh International Airport,PNH,2024-08-12 18:25,Singapore Changi Airport,SIN,2024-08-12 21:25,120,Singapore Airlines,Business Class,925,630,True,875,Y,Y,Y,1,7,1,23,Monday,False,False,False,Yangon International Airport,RGN
Phnom Penh International Airport,PNH,2024-08-12 18:20,Kuala Lumpur International Airport,KUL,2024-08-12 21:10,110,Malaysia Airlines,Business Class,995,720,True,930,Y,Y,Y,1,8,2,23,Monday,False,False,False,Yangon International Airport,RGN
Phnom Penh International Airport,PNH,2024-08-12 14:00,Kunming Changshui International Airport,KMG,2024-08-12 18:00,180,China Eastern,Business Class,1480,1180,True,879,Y,Y,Y,1,10,2,32,Monday,False,False,False,Yangon International Airport,RGN
Phnom Penh International Airport,PNH,2024-08-12 17:10,Taiwan Taoyuan International Airport,TPE,2024-08-12 21:40,210,China Airlines,Business Class,1015,560,True,1225,Y,Y,Y,2,7,2,32,Monday,False,False,False,Yangon International Airport,RGN
Phnom Penh International Airport,PNH,2024-08-12 18:20,Kuala Lumpur International Airport,KUL,2024-08-12 21:10,110,Malaysia Airlines,Business Class,1170,895,True,1246,Y,Y,Y,1,8,2,23,Monday,False,False,False,Yangon International Airport,RGN
Phnom Penh International Airport,PNH,2024-08-12 18:25,Singapore Changi Airport,SIN,2024-08-12 21:25,120,Singapore Airlines,Business Class,1250,950,True,1838,Y,Y,Y,1,7,1,23,Monday,False,False,False,Yangon International Airport,RGN
Phnom Penh International Airport,PNH,2024-08-13 18:20,Kuala Lumpur International Airport,KUL,2024-08-13 21:10,110,Malaysia Airlines,Business Class,995,720,True,930,Y,Y,Y,1,8,2,23,Tuesday,False,False,False,Yangon International Airport,RGN
Phnom Penh International Airport,PNH,2024-08-13 18:25,Singapore Changi Airport,SIN,2024-08-13 21:25,120,Singapore Airlines,Business Class,925,630,True,944,Y,Y,Y,1,7,1,23,Tuesday,False,False,False,Yangon International Airport,RGN
Phnom Penh International Airport,PNH,2024-08-13 14:05,Singapore Changi Airport,SIN,2024-08-13 17:10,125,Singapore Airlines,Business Class,1185,885,True,875,Y,Y,Y,1,7,1,23,Tuesday,False,False,False,Yangon International Airport,RGN
Phnom Penh International Airport,PNH,2024-08-13 15:05,Kunming Changshui International Airport,KMG,2024-08-13 18:50,165,China Eastern,Business Class,1415,1130,True,879,Y,Y,Y,1,10,2,32,Tuesday,False,False,False,Yangon International Airport,RGN
Phnom Penh International Airport,PNH,2024-08-13 15:35,Guangzhou Baiyun International Airport,CAN,2024-08-13 19:20,165,China Southern,Business Class,1150,780,True,1201,Y,Y,Y,1,10,2,32,Tuesday,False,False,False,Yangon International Airport,RGN
Phnom Penh International Airport,PNH,2024-08-13 18:20,Kuala Lumpur International Airport,KUL,2024-08-13 21:10,110,Malaysia Airlines,Business Class,1170,895,True,1246,Y,Y,Y,1,8,2,23,Tuesday,False,False,False,Yangon International Airport,RGN
Phnom Penh International Airport,PNH,2024-08-13 18:25,Singapore Changi Airport,SIN,2024-08-13 21:25,120,Singapore Airlines,Business Class,1250,950,True,1838,Y,Y,Y,1,7,1,23,Tuesday,False,False,False,Yangon International Airport,RGN
Phnom Penh International Airport,PNH,2024-08-14 18:20,Kuala Lumpur International Airport,KUL,2024-08-14 21:10,110,Malaysia Airlines,Business Class,995,720,True,930,Y,Y,Y,1,8,2,23,Wednesday,False,False,False,Yangon International Airport,RGN
Phnom Penh International Airport,PNH,2024-08-14 18:40,Singapore Changi Airport,SIN,2024-08-14 21:40,120,Singapore Airlines,Business Class,910,615,True,944,Y,Y,Y,1,7,1,23,Wednesday,False,False,False,Yangon International Airport,RGN
Phnom Penh International Airport,PNH,2024-08-14 14:00,Kunming Changshui International Airport,KMG,2024-08-14 18:00,180,China Eastern,Business Class,1480,1180,True,879,Y,Y,Y,1,10,2,32,Wednesday,False,False,False,Yangon International Airport,RGN
Phnom Penh International Airport,PNH,2024-08-14 10:50,Taiwan Taoyuan International Airport,TPE,2024-08-14 15:20,210,China Airlines,Business Class,1395,940,True,1047,Y,Y,Y,2,7,2,32,Wednesday,False,False,False,Yangon International Airport,RGN
Phnom Penh International Airport,PNH,2024-08-14 18:20,Kuala Lumpur International Airport,KUL,2024-08-14 21:10,110,Malaysia Airlines,Business Class,1170,895,True,1246,Y,Y,Y,1,8,2,23,Wednesday,False,False,False,Yangon International Airport,RGN
Phnom Penh International Airport,PNH,2024-08-14 18:40,Singapore Changi Airport,SIN,2024-08-14 21:40,120,Singapore Airlines,Business Class,1235,935,True,1838,Y,Y,Y,1,7,1,23,Wednesday,False,False,False,Yangon International Airport,RGN
Phnom Penh International Airport,PNH,2024-08-15 18:20,Kuala Lumpur International Airport,KUL,2024-08-15 21:10,110,Malaysia Airlines,Business Class,995,720,True,930,Y,Y,Y,1,8,2,23,Thursday,False,False,False,Yangon International Airport,RGN
Phnom Penh International Airport,PNH,2024-08-15 14:05,Singapore Changi Airport,SIN,2024-08-15 17:10,125,Singapore Airlines,Business Class,1185,885,True,944,Y,Y,Y,1,7,1,23,Thursday,False,False,False,Yangon International Airport,RGN
Phnom Penh International Airport,PNH,2024-08-15 12:05,Guangzhou Baiyun International Airport,CAN,2024-08-15 15:50,165,China Southern,Business Class,1360,990,True,1201,Y,Y,Y,1,10,2,32,Thursday,False,False,False,Yangon International Airport,RGN
Phnom Penh International Airport,PNH,2024-08-15 18:20,Kuala Lumpur International Airport,KUL,2024-08-15 21:10,110,Malaysia Airlines,Business Class,1170,895,True,1246,Y,Y,Y,1,8,2,23,Thursday,False,False,False,Yangon International Airport,RGN
Phnom Penh International Airport,PNH,2024-08-15 15:35,Guangzhou Baiyun International Airport,CAN,2024-08-15 19:20,165,China Southern,Business Class,1150,780,True,1445,Y,Y,Y,1,10,2,32,Thursday,False,False,False,Yangon International Airport,RGN
Phnom Penh International Airport,PNH,2024-08-16 18:25,Singapore Changi Airport,SIN,2024-08-16 21:25,120,Singapore Airlines,Business Class,925,630,True,875,Y,Y,Y,1,7,1,23,Friday,False,False,False,Yangon International Airport,RGN
Phnom Penh International Airport,PNH,2024-08-16 18:20,Kuala Lumpur International Airport,KUL,2024-08-16 21:10,110,Malaysia Airlines,Business Class,995,720,True,930,Y,Y,Y,1,8,2,23,Friday,False,False,False,Yangon International Airport,RGN
Phnom Penh International Airport,PNH,2024-08-16 14:00,Kunming Changshui International Airport,KMG,2024-08-16 17:45,165,China Eastern,Business Class,1480,1195,True,879,Y,Y,Y,1,10,2,32,Friday,False,False,False,Yangon International Airport,RGN
Phnom Penh International Airport,PNH,2024-08-16 15:35,Guangzhou Baiyun International Airport,CAN,2024-08-16 19:20,165,China Southern,Business Class,1150,780,True,1201,Y,Y,Y,1,10,2,32,Friday,False,False,False,Yangon International Airport,RGN
Phnom Penh International Airport,PNH,2024-08-16 18:20,Kuala Lumpur International Airport,KUL,2024-08-16 21:10,110,Malaysia Airlines,Business Class,1170,895,True,1246,Y,Y,Y,1,8,2,23,Friday,False,False,False,Yangon International Airport,RGN
Phnom Penh International Airport,PNH,2024-08-16 18:25,Singapore Changi Airport,SIN,2024-08-16 21:25,120,Singapore Airlines,Business Class,1250,950,True,1838,Y,Y,Y,1,7,1,23,Friday,False,False,False,Yangon International Airport,RGN
Phnom Penh International Airport,PNH,2024-08-17 18:40,Singapore Changi Airport,SIN,2024-08-17 21:40,120,Singapore Airlines,Business Class,910,615,True,875,Y,Y,Y,1,7,1,23,Saturday,False,False,False,Yangon International Airport,RGN
Phnom Penh International Airport,PNH,2024-08-17 15:05,Kunming Changshui International Airport,KMG,2024-08-17 18:50,165,China Eastern,Business Class,1415,1130,True,879,Y,Y,Y,1,10,2,32,Saturday,False,False,False,Yangon International Airport,RGN
Phnom Penh International Airport,PNH,2024-08-17 18:20,Kuala Lumpur International Airport,KUL,2024-08-17 21:10,110,Malaysia Airlines,Business Class,995,720,True,930,Y,Y,Y,1,8,2,23,Saturday,False,False,False,Yangon International Airport,RGN
Phnom Penh International Airport,PNH,2024-08-17 18:20,Kuala Lumpur International Airport,KUL,2024-08-17 21:10,110,Malaysia Airlines,Business Class,1170,895,True,1246,Y,Y,Y,1,8,2,23,Saturday,False,False,False,Yangon International Airport,RGN
Phnom Penh International Airport,PNH,2024-08-17 18:40,Singapore Changi Airport,SIN,2024-08-17 21:40,120,Singapore Airlines,Business Class,1235,935,True,1838,Y,Y,Y,1,7,1,23,Saturday,False,False,False,Yangon International Airport,RGN
Phnom Penh International Airport,PNH,2024-08-18 18:20,Kuala Lumpur International Airport,KUL,2024-08-18 21:10,110,Malaysia Airlines,Business Class,995,720,True,930,Y,Y,Y,1,8,2,23,Sunday,False,False,False,Yangon International Airport,RGN
Phnom Penh International Airport,PNH,2024-08-18 18:40,Singapore Changi Airport,SIN,2024-08-18 21:40,120,Singapore Airlines,Business Class,910,615,True,944,Y,Y,Y,1,7,1,23,Sunday,False,False,False,Yangon International Airport,RGN
Phnom Penh International Airport,PNH,2024-08-18 15:35,Guangzhou Baiyun International Airport,CAN,2024-08-18 19:20,165,China Southern,Business Class,1150,780,True,1201,Y,Y,Y,1,10,2,32,Sunday,False,False,False,Yangon International Airport,RGN
Phnom Penh International Airport,PNH,2024-08-18 18:20,Kuala Lumpur International Airport,KUL,2024-08-18 21:10,110,Malaysia Airlines,Business Class,1170,895,True,1246,Y,Y,Y,1,8,2,23,Sunday,False,False,False,Yangon International Airport,RGN
Phnom Penh International Airport,PNH,2024-08-18 18:40,Singapore Changi Airport,SIN,2024-08-18 21:40,120,Singapore Airlines,Business Class,1235,935,True,1838,Y,Y,Y,1,7,1,23,Sunday,False,False,False,Yangon International Airport,RGN
Phnom Penh International Airport,PNH,2024-08-19 18:25,Singapore Changi Airport,SIN,2024-08-19 21:25,120,Singapore Airlines,Business Class,925,630,True,875,Y,Y,Y,1,7,1,23,Monday,False,False,False,Yangon International Airport,RGN
Phnom Penh International Airport,PNH,2024-08-19 18:20,Kuala Lumpur International Airport,KUL,2024-08-19 21:10,110,Malaysia Airlines,Business Class,995,720,True,930,Y,Y,Y,1,8,2,23,Monday,False,False,False,Yangon International Airport,RGN
Phnom Penh International Airport,PNH,2024-08-19 14:00,Kunming Changshui International Airport,KMG,2024-08-19 18:00,180,China Eastern,Business Class,1480,1180,True,879,Y,Y,Y,1,10,2,32,Monday,False,False,False,Yangon International Airport,RGN
Phnom Penh International Airport,PNH,2024-08-19 17:10,Taiwan Taoyuan International Airport,TPE,2024-08-19 21:40,210,China Airlines,Business Class,1015,560,True,1047,Y,Y,Y,2,7,2,32,Monday,False,False,False,Yangon International Airport,RGN
Phnom Penh International Airport,PNH,2024-08-19 18:20,Kuala Lumpur International Airport,KUL,2024-08-19 21:10,110,Malaysia Airlines,Business Class,1170,895,True,1246,Y,Y,Y,1,8,2,23,Monday,False,False,False,Yangon International Airport,RGN
Phnom Penh International Airport,PNH,2024-08-19 18:25,Singapore Changi Airport,SIN,2024-08-19 21:25,120,Singapore Airlines,Business Class,1250,950,True,1838,Y,Y,Y,1,7,1,23,Monday,False,False,False,Yangon International Airport,RGN
Phnom Penh International Airport,PNH,2024-08-20 09:35,Singapore Changi Airport,SIN,2024-08-20 12:40,125,Singapore Airlines,Business Class,1455,1155,True,798,Y,Y,Y,1,7,1,23,Tuesday,False,False,False,Yangon International Airport,RGN
Phnom Penh International Airport,PNH,2024-08-20 14:05,Singapore Changi Airport,SIN,2024-08-20 17:10,125,Singapore Airlines,Business Class,1185,885,True,875,Y,Y,Y,1,7,1,23,Tuesday,False,False,False,Yangon International Airport,RGN
Phnom Penh International Airport,PNH,2024-08-20 15:05,Kunming Changshui International Airport,KMG,2024-08-20 18:50,165,China Eastern,Business Class,1415,1130,True,879,Y,Y,Y,1,10,2,32,Tuesday,False,False,False,Yangon International Airport,RGN
Phnom Penh International Airport,PNH,2024-08-20 18:20,Kuala Lumpur International Airport,KUL,2024-08-20 21:10,110,Malaysia Airlines,Business Class,995,720,True,930,Y,Y,Y,1,8,2,23,Tuesday,False,False,False,Yangon International Airport,RGN
Phnom Penh International Airport,PNH,2024-08-20 15:35,Guangzhou Baiyun International Airport,CAN,2024-08-20 19:20,165,China Southern,Business Class,1150,780,True,1201,Y,Y,Y,1,10,2,32,Tuesday,False,False,False,Yangon International Airport,RGN
Phnom Penh International Airport,PNH,2024-08-20 18:20,Kuala Lumpur International Airport,KUL,2024-08-20 21:10,110,Malaysia Airlines,Business Class,1170,895,True,1246,Y,Y,Y,1,8,2,23,Tuesday,False,False,False,Yangon International Airport,RGN
Phnom Penh International Airport,PNH,2024-08-21 18:40,Singapore Changi Airport,SIN,2024-08-21 21:40,120,Singapore Airlines,Business Class,910,615,True,875,Y,Y,Y,1,7,1,23,Wednesday,False,False,False,Yangon International Airport,RGN
Phnom Penh International Airport,PNH,2024-08-21 18:20,Kuala Lumpur International Airport,KUL,2024-08-21 21:10,110,Malaysia Airlines,Business Class,995,720,True,930,Y,Y,Y,1,8,2,23,Wednesday,False,False,False,Yangon International Airport,RGN
Phnom Penh International Airport,PNH,2024-08-21 14:00,Kunming Changshui International Airport,KMG,2024-08-21 18:00,180,China Eastern,Business Class,1480,1180,True,879,Y,Y,Y,1,10,2,32,Wednesday,False,False,False,Yangon International Airport,RGN
Phnom Penh International Airport,PNH,2024-08-21 10:50,Taiwan Taoyuan International Airport,TPE,2024-08-21 15:20,210,China Airlines,Business Class,1395,940,True,1047,Y,Y,Y,2,7,2,32,Wednesday,False,False,False,Yangon International Airport,RGN
Phnom Penh International Airport,PNH,2024-08-21 18:20,Kuala Lumpur International Airport,KUL,2024-08-21 21:10,110,Malaysia Airlines,Business Class,1170,895,True,1246,Y,Y,Y,1,8,2,23,Wednesday,False,False,False,Yangon International Airport,RGN
Phnom Penh International Airport,PNH,2024-08-21 18:40,Singapore Changi Airport,SIN,2024-08-21 21:40,120,Singapore Airlines,Business Class,1235,935,True,1838,Y,Y,Y,1,7,1,23,Wednesday,False,False,False,Yangon International Airport,RGN
Phnom Penh International Airport,PNH,2024-08-22 18:25,Singapore Changi Airport,SIN,2024-08-22 21:25,120,Singapore Airlines,Business Class,925,630,True,875,Y,Y,Y,1,7,1,23,Thursday,False,False,False,Yangon International Airport,RGN
Phnom Penh International Airport,PNH,2024-08-22 18:20,Kuala Lumpur International Airport,KUL,2024-08-22 21:10,110,Malaysia Airlines,Business Class,995,720,True,930,Y,Y,Y,1,8,2,23,Thursday,False,False,False,Yangon International Airport,RGN
Phnom Penh International Airport,PNH,2024-08-22 15:35,Guangzhou Baiyun International Airport,CAN,2024-08-22 19:20,165,China Southern,Business Class,1150,780,True,1201,Y,Y,Y,1,10,2,32,Thursday,False,False,False,Yangon International Airport,RGN
Phnom Penh International Airport,PNH,2024-08-22 18:20,Kuala Lumpur International Airport,KUL,2024-08-22 21:10,110,Malaysia Airlines,Business Class,1170,895,True,1246,Y,Y,Y,1,8,2,23,Thursday,False,False,False,Yangon International Airport,RGN
Phnom Penh International Airport,PNH,2024-08-22 18:25,Singapore Changi Airport,SIN,2024-08-22 21:25,120,Singapore Airlines,Business Class,1250,950,True,1838,Y,Y,Y,1,7,1,23,Thursday,False,False,False,Yangon International Airport,RGN
Phnom Penh International Airport,PNH,2024-08-23 18:25,Singapore Changi Airport,SIN,2024-08-23 21:25,120,Singapore Airlines,Business Class,925,630,True,875,Y,Y,Y,1,7,1,23,Friday,False,False,False,Yangon International Airport,RGN
Phnom Penh International Airport,PNH,2024-08-23 18:20,Kuala Lumpur International Airport,KUL,2024-08-23 21:10,110,Malaysia Airlines,Business Class,995,720,True,930,Y,Y,Y,1,8,2,23,Friday,False,False,False,Yangon International Airport,RGN
Phnom Penh International Airport,PNH,2024-08-23 14:00,Kunming Changshui International Airport,KMG,2024-08-23 17:45,165,China Eastern,Business Class,1480,1195,True,879,Y,Y,Y,1,10,2,32,Friday,False,False,False,Yangon International Airport,RGN
Phnom Penh International Airport,PNH,2024-08-23 15:35,Guangzhou Baiyun International Airport,CAN,2024-08-23 19:20,165,China Southern,Business Class,1150,780,True,1201,Y,Y,Y,1,10,2,32,Friday,False,False,False,Yangon International Airport,RGN
Phnom Penh International Airport,PNH,2024-08-23 10:50,Taiwan Taoyuan International Airport,TPE,2024-08-23 15:20,210,China Airlines,Business Class,1395,940,True,1225,Y,Y,Y,2,7,2,32,Friday,False,False,False,Yangon International Airport,RGN
Phnom Penh International Airport,PNH,2024-08-23 18:20,Kuala Lumpur International Airport,KUL,2024-08-23 21:10,110,Malaysia Airlines,Business Class,1170,895,True,1246,Y,Y,Y,1,8,2,23,Friday,False,False,False,Yangon International Airport,RGN
Phnom Penh International Airport,PNH,2024-08-23 18:25,Singapore Changi Airport,SIN,2024-08-23 21:25,120,Singapore Airlines,Business Class,1250,950,True,1838,Y,Y,Y,1,7,1,23,Friday,False,False,False,Yangon International Airport,RGN
Phnom Penh International Airport,PNH,2024-08-24 18:40,Singapore Changi Airport,SIN,2024-08-24 21:40,120,Singapore Airlines,Business Class,910,615,True,875,Y,Y,Y,1,7,1,23,Saturday,False,False,False,Yangon International Airport,RGN
Phnom Penh International Airport,PNH,2024-08-24 15:05,Kunming Changshui International Airport,KMG,2024-08-24 18:50,165,China Eastern,Business Class,1415,1130,True,879,Y,Y,Y,1,10,2,32,Saturday,False,False,False,Yangon International Airport,RGN
Phnom Penh International Airport,PNH,2024-08-24 18:20,Kuala Lumpur International Airport,KUL,2024-08-24 21:10,110,Malaysia Airlines,Business Class,995,720,True,930,Y,Y,Y,1,8,2,23,Saturday,False,False,False,Yangon International Airport,RGN
Phnom Penh International Airport,PNH,2024-08-24 18:20,Kuala Lumpur International Airport,KUL,2024-08-24 21:10,110,Malaysia Airlines,Business Class,1170,895,True,1246,Y,Y,Y,1,8,2,23,Saturday,False,False,False,Yangon International Airport,RGN
Phnom Penh International Airport,PNH,2024-08-24 18:40,Singapore Changi Airport,SIN,2024-08-24 21:40,120,Singapore Airlines,Business Class,1235,935,True,1838,Y,Y,Y,1,7,1,23,Saturday,False,False,False,Yangon International Airport,RGN
Phnom Penh International Airport,PNH,2024-08-25 18:20,Kuala Lumpur International Airport,KUL,2024-08-25 21:10,110,Malaysia Airlines,Business Class,995,720,True,930,Y,Y,Y,1,8,2,23,Sunday,False,False,False,Yangon International Airport,RGN
Phnom Penh International Airport,PNH,2024-08-25 18:40,Singapore Changi Airport,SIN,2024-08-25 21:40,120,Singapore Airlines,Business Class,910,615,True,944,Y,Y,Y,1,7,1,23,Sunday,False,False,False,Yangon International Airport,RGN
Phnom Penh International Airport,PNH,2024-08-25 14:00,Kunming Changshui International Airport,KMG,2024-08-25 17:45,165,China Eastern,Business Class,1480,1195,True,879,Y,Y,Y,1,10,2,32,Sunday,False,False,False,Yangon International Airport,RGN
Phnom Penh International Airport,PNH,2024-08-25 15:35,Guangzhou Baiyun International Airport,CAN,2024-08-25 19:20,165,China Southern,Business Class,1150,780,True,1201,Y,Y,Y,1,10,2,32,Sunday,False,False,False,Yangon International Airport,RGN
Phnom Penh International Airport,PNH,2024-08-25 18:20,Kuala Lumpur International Airport,KUL,2024-08-25 21:10,110,Malaysia Airlines,Business Class,1170,895,True,1246,Y,Y,Y,1,8,2,23,Sunday,False,False,False,Yangon International Airport,RGN
Phnom Penh International Airport,PNH,2024-08-25 18:40,Singapore Changi Airport,SIN,2024-08-25 21:40,120,Singapore Airlines,Business Class,1235,935,True,1838,Y,Y,Y,1,7,1,23,Sunday,False,False,False,Yangon International Airport,RGN
Phnom Penh International Airport,PNH,2024-08-26 14:05,Singapore Changi Airport,SIN,2024-08-26 17:10,125,Singapore Airlines,Business Class,1185,885,True,875,Y,Y,Y,1,7,1,23,Monday,False,False,False,Yangon International Airport,RGN
Phnom Penh International Airport,PNH,2024-08-26 14:00,Kunming Changshui International Airport,KMG,2024-08-26 18:00,180,China Eastern,Business Class,1480,1180,True,879,Y,Y,Y,1,10,2,32,Monday,False,False,False,Yangon International Airport,RGN
Phnom Penh International Airport,PNH,2024-08-26 18:20,Kuala Lumpur International Airport,KUL,2024-08-26 21:10,110,Malaysia Airlines,Business Class,995,720,True,930,Y,Y,Y,1,8,2,23,Monday,False,False,False,Yangon International Airport,RGN
Phnom Penh International Airport,PNH,2024-08-26 18:25,Singapore Changi Airport,SIN,2024-08-26 21:25,120,Singapore Airlines,Business Class,925,630,True,944,Y,Y,Y,1,7,1,23,Monday,False,False,False,Yangon International Airport,RGN
Phnom Penh International Airport,PNH,2024-08-26 17:10,Taiwan Taoyuan International Airport,TPE,2024-08-26 21:40,210,China Airlines,Business Class,1015,560,True,1225,Y,Y,Y,2,7,2,32,Monday,False,False,False,Yangon International Airport,RGN
Phnom Penh International Airport,PNH,2024-08-26 18:20,Kuala Lumpur International Airport,KUL,2024-08-26 21:10,110,Malaysia Airlines,Business Class,1170,895,True,1246,Y,Y,Y,1,8,2,23,Monday,False,False,False,Yangon International Airport,RGN
Phnom Penh International Airport,PNH,2024-08-26 18:25,Singapore Changi Airport,SIN,2024-08-26 21:25,120,Singapore Airlines,Business Class,1250,950,True,1838,Y,Y,Y,1,7,1,23,Monday,False,False,False,Yangon International Airport,RGN
Phnom Penh International Airport,PNH,2024-08-27 18:25,Singapore Changi Airport,SIN,2024-08-27 21:25,120,Singapore Airlines,Business Class,925,630,True,798,Y,Y,Y,1,7,1,23,Tuesday,False,False,False,Yangon International Airport,RGN
Phnom Penh International Airport,PNH,2024-08-27 15:05,Kunming Changshui International Airport,KMG,2024-08-27 18:50,165,China Eastern,Business Class,1415,1130,True,879,Y,Y,Y,1,10,2,32,Tuesday,False,False,False,Yangon International Airport,RGN
Phnom Penh International Airport,PNH,2024-08-27 18:20,Kuala Lumpur International Airport,KUL,2024-08-27 21:10,110,Malaysia Airlines,Business Class,995,720,True,930,Y,Y,Y,1,8,2,23,Tuesday,False,False,False,Yangon International Airport,RGN
Phnom Penh International Airport,PNH,2024-08-27 15:35,Guangzhou Baiyun International Airport,CAN,2024-08-27 19:20,165,China Southern,Business Class,1150,780,True,1201,Y,Y,Y,1,10,2,32,Tuesday,False,False,False,Yangon International Airport,RGN
Phnom Penh International Airport,PNH,2024-08-27 18:20,Kuala Lumpur International Airport,KUL,2024-08-27 21:10,110,Malaysia Airlines,Business Class,1170,895,True,1246,Y,Y,Y,1,8,2,23,Tuesday,False,False,False,Yangon International Airport,RGN
Phnom Penh International Airport,PNH,2024-08-27 18:25,Singapore Changi Airport,SIN,2024-08-27 21:25,120,Singapore Airlines,Business Class,1250,950,True,1838,Y,Y,Y,1,7,1,23,Tuesday,False,False,False,Yangon International Airport,RGN
Phnom Penh International Airport,PNH,2024-08-28 18:40,Singapore Changi Airport,SIN,2024-08-28 21:40,120,Singapore Airlines,Business Class,910,615,True,798,Y,Y,Y,1,7,1,23,Wednesday,False,False,False,Yangon International Airport,RGN
Phnom Penh International Airport,PNH,2024-08-28 14:00,Kunming Changshui International Airport,KMG,2024-08-28 18:00,180,China Eastern,Business Class,1480,1180,True,879,Y,Y,Y,1,10,2,32,Wednesday,False,False,False,Yangon International Airport,RGN
Phnom Penh International Airport,PNH,2024-08-28 18:20,Kuala Lumpur International Airport,KUL,2024-08-28 21:10,110,Malaysia Airlines,Business Class,995,720,True,930,Y,Y,Y,1,8,2,23,Wednesday,False,False,False,Yangon International Airport,RGN
Phnom Penh International Airport,PNH,2024-08-28 10:50,Taiwan Taoyuan International Airport,TPE,2024-08-28 15:20,210,China Airlines,Business Class,1395,940,True,1225,Y,Y,Y,2,7,2,32,Wednesday,False,False,False,Yangon International Airport,RGN
Phnom Penh International Airport,PNH,2024-08-28 18:20,Kuala Lumpur International Airport,KUL,2024-08-28 21:10,110,Malaysia Airlines,Business Class,1170,895,True,1246,Y,Y,Y,1,8,2,23,Wednesday,False,False,False,Yangon International Airport,RGN
Phnom Penh International Airport,PNH,2024-08-28 18:40,Singapore Changi Airport,SIN,2024-08-28 21:40,120,Singapore Airlines,Business Class,1235,935,True,1838,Y,Y,Y,1,7,1,23,Wednesday,False,False,False,Yangon International Airport,RGN
Phnom Penh International Airport,PNH,2024-08-29 18:25,Singapore Changi Airport,SIN,2024-08-29 21:25,120,Singapore Airlines,Business Class,925,630,True,798,Y,Y,Y,1,7,1,23,Thursday,False,False,False,Yangon International Airport,RGN
Phnom Penh International Airport,PNH,2024-08-29 15:05,Kunming Changshui International Airport,KMG,2024-08-29 18:50,165,China Eastern,Business Class,1415,1130,True,879,Y,Y,Y,1,10,2,32,Thursday,False,False,False,Yangon International Airport,RGN
Phnom Penh International Airport,PNH,2024-08-29 18:20,Kuala Lumpur International Airport,KUL,2024-08-29 21:10,110,Malaysia Airlines,Business Class,995,720,True,943,Y,Y,Y,1,8,2,23,Thursday,False,False,False,Yangon International Airport,RGN
Phnom Penh International Airport,PNH,2024-08-29 15:35,Guangzhou Baiyun International Airport,CAN,2024-08-29 19:20,165,China Southern,Business Class,1150,780,True,1201,Y,Y,Y,1,10,2,32,Thursday,False,False,False,Yangon International Airport,RGN
Phnom Penh International Airport,PNH,2024-08-29 18:20,Kuala Lumpur International Airport,KUL,2024-08-29 21:10,110,Malaysia Airlines,Business Class,1170,895,True,1246,Y,Y,Y,1,8,2,23,Thursday,False,False,False,Yangon International Airport,RGN
Phnom Penh International Airport,PNH,2024-08-29 18:25,Singapore Changi Airport,SIN,2024-08-29 21:25,120,Singapore Airlines,Business Class,1250,950,True,1838,Y,Y,Y,1,7,1,23,Thursday,False,False,False,Yangon International Airport,RGN
Phnom Penh International Airport,PNH,2024-08-30 18:25,Singapore Changi Airport,SIN,2024-08-30 21:25,120,Singapore Airlines,Business Class,925,630,True,875,Y,Y,Y,1,7,1,23,Friday,False,False,False,Yangon International Airport,RGN
Phnom Penh International Airport,PNH,2024-08-30 18:20,Kuala Lumpur International Airport,KUL,2024-08-30 21:10,110,Malaysia Airlines,Business Class,995,720,True,943,Y,Y,Y,1,8,2,23,Friday,False,False,False,Yangon International Airport,RGN
Phnom Penh International Airport,PNH,2024-08-30 14:00,Kunming Changshui International Airport,KMG,2024-08-30 17:45,165,China Eastern,Business Class,1480,1195,True,879,Y,Y,Y,1,10,2,32,Friday,False,False,False,Yangon International Airport,RGN
Phnom Penh International Airport,PNH,2024-08-30 15:35,Guangzhou Baiyun International Airport,CAN,2024-08-30 19:20,165,China Southern,Business Class,1150,780,True,1201,Y,Y,Y,1,10,2,32,Friday,False,False,False,Yangon International Airport,RGN
Phnom Penh International Airport,PNH,2024-08-30 10:50,Taiwan Taoyuan International Airport,TPE,2024-08-30 15:20,210,China Airlines,Business Class,1395,940,True,1225,Y,Y,Y,2,7,2,32,Friday,False,False,False,Yangon International Airport,RGN
Phnom Penh International Airport,PNH,2024-08-30 18:20,Kuala Lumpur International Airport,KUL,2024-08-30 21:10,110,Malaysia Airlines,Business Class,1170,895,True,1246,Y,Y,Y,1,8,2,23,Friday,False,False,False,Yangon International Airport,RGN
Phnom Penh International Airport,PNH,2024-08-30 18:25,Singapore Changi Airport,SIN,2024-08-30 21:25,120,Singapore Airlines,Business Class,1250,950,True,1838,Y,Y,Y,1,7,1,23,Friday,False,False,False,Yangon International Airport,RGN
Phnom Penh International Airport,PNH,2024-08-31 18:40,Singapore Changi Airport,SIN,2024-08-31 21:40,120,Singapore Airlines,Business Class,910,615,True,798,Y,Y,Y,1,7,1,23,Saturday,False,False,False,Yangon International Airport,RGN
Phnom Penh International Airport,PNH,2024-08-31 15:05,Kunming Changshui International Airport,KMG,2024-08-31 18:50,165,China Eastern,Business Class,1415,1130,True,879,Y,Y,Y,1,10,2,32,Saturday,False,False,False,Yangon International Airport,RGN
Phnom Penh International Airport,PNH,2024-08-31 18:20,Kuala Lumpur International Airport,KUL,2024-08-31 21:10,110,Malaysia Airlines,Business Class,995,720,True,943,Y,Y,Y,1,8,2,23,Saturday,False,False,False,Yangon International Airport,RGN
Phnom Penh International Airport,PNH,2024-08-31 18:20,Kuala Lumpur International Airport,KUL,2024-08-31 21:10,110,Malaysia Airlines,Business Class,1170,895,True,1246,Y,Y,Y,1,8,2,23,Saturday,False,False,False,Yangon International Airport,RGN
Phnom Penh International Airport,PNH,2024-08-31 18:40,Singapore Changi Airport,SIN,2024-08-31 21:40,120,Singapore Airlines,Business Class,1235,935,True,1838,Y,Y,Y,1,7,1,23,Saturday,False,False,False,Yangon International Airport,RGN
