Departure Airport Name,Departure Airport ID,Departure Time,Arrival Airport Name,Arrival Airport ID,Arrival Time,Duration,Airline,Travel Class,Total Duration,Layover 1 Duration,Layover 1 Overnight,Price, Cabin Baggage, Checked Baggage,Meal Included,Cabin Baggage (Number),Cabin Baggage (kg per piece),Checked Baggage (Number),Checked Baggage (kg per piece) ,Day of Week (on flight date),Overnight Flight,Departure Country Is Holiday,Arrival Country Is Holiday,Final Arrival Airport Name,Final Arrival Airport ID
Phnom Penh International Airport,PNH,2024-07-01 17:45,Wattay International Airport,VTE,2024-07-01 19:15,90,Vietnam Airlines,Business Class,90,,,394,Y,Y,Y,2,10,1,32,Monday,False,False,False,Wattay International Airport,VTE
Phnom Penh International Airport,PNH,2024-07-01 14:00,Kunming Changshui International Airport,KMG,2024-07-01 18:00,180,China Eastern,Business Class,420,150.0,,1020,Y,Y,Y,1,10,2,32,Monday,False,False,False,Wattay International Airport,VTE
Phnom Penh International Airport,PNH,2024-07-02 17:45,Wattay International Airport,VTE,2024-07-02 19:15,90,Vietnam Airlines,Business Class,90,,,428,Y,Y,Y,2,10,1,32,Tuesday,False,False,False,Wattay International Airport,VTE
Phnom Penh International Airport,PNH,2024-07-02 15:35,Guangzhou Baiyun International Airport,CAN,2024-07-02 19:20,165,China Southern,Business Class,1595,1275.0,True,847,Y,Y,Y,1,10,2,32,Tuesday,False,False,False,Wattay International Airport,VTE
Phnom Penh International Airport,PNH,2024-07-02 15:05,Kunming Changshui International Airport,KMG,2024-07-02 18:50,165,China Eastern,Business Class,1115,855.0,True,1020,Y,Y,Y,1,10,2,32,Tuesday,False,False,False,Wattay International Airport,VTE
Phnom Penh International Airport,PNH,2024-07-02 23:55,Incheon International Airport,ICN,2024-07-03 07:10,315,Asiana,Business Class,1355,710.0,,1397,Y,Y,Y,2,10,2,32,Tuesday,True,False,False,Wattay International Airport,VTE
Phnom Penh International Airport,PNH,2024-07-03 17:45,Wattay International Airport,VTE,2024-07-03 19:15,90,Vietnam Airlines,Business Class,90,,,428,Y,Y,Y,2,10,1,32,Wednesday,False,False,False,Wattay International Airport,VTE
Phnom Penh International Airport,PNH,2024-07-03 08:00,Guangzhou Baiyun International Airport,CAN,2024-07-03 11:40,160,China Southern,Business Class,610,295.0,,697,Y,Y,Y,1,10,2,32,Wednesday,False,False,False,Wattay International Airport,VTE
Phnom Penh International Airport,PNH,2024-07-03 14:00,Kunming Changshui International Airport,KMG,2024-07-03 18:00,180,China Eastern,Business Class,420,150.0,,1020,Y,Y,Y,1,10,2,32,Wednesday,False,False,False,Wattay International Airport,VTE
Phnom Penh International Airport,PNH,2024-07-03 23:55,Incheon International Airport,ICN,2024-07-04 07:10,315,Asiana,Business Class,1355,710.0,,1397,Y,Y,Y,2,10,2,32,Wednesday,True,False,False,Wattay International Airport,VTE
Phnom Penh International Airport,PNH,2024-07-04 17:45,Wattay International Airport,VTE,2024-07-04 19:15,90,Vietnam Airlines,Business Class,90,,,394,Y,Y,Y,2,10,1,32,Thursday,False,False,False,Wattay International Airport,VTE
Phnom Penh International Airport,PNH,2024-07-04 08:00,Guangzhou Baiyun International Airport,CAN,2024-07-04 11:40,160,China Southern,Business Class,2050,1735.0,True,697,Y,Y,Y,1,10,2,32,Thursday,False,False,False,Wattay International Airport,VTE
Phnom Penh International Airport,PNH,2024-07-04 15:05,Kunming Changshui International Airport,KMG,2024-07-04 18:50,165,China Eastern,Business Class,1115,855.0,True,1088,Y,Y,Y,1,10,2,32,Thursday,False,False,False,Wattay International Airport,VTE
Phnom Penh International Airport,PNH,2024-07-04 15:35,Guangzhou Baiyun International Airport,CAN,2024-07-04 19:20,165,China Southern,Business Class,1595,1275.0,True,1303,Y,Y,Y,1,10,2,32,Thursday,False,False,False,Wattay International Airport,VTE
Phnom Penh International Airport,PNH,2024-07-05 17:45,Wattay International Airport,VTE,2024-07-05 19:15,90,Vietnam Airlines,Business Class,90,,,394,Y,Y,Y,2,10,1,32,Friday,False,False,False,Wattay International Airport,VTE
Phnom Penh International Airport,PNH,2024-07-05 08:00,Guangzhou Baiyun International Airport,CAN,2024-07-05 11:40,160,China Southern,Business Class,610,295.0,,697,Y,Y,Y,1,10,2,32,Friday,False,False,False,Wattay International Airport,VTE
Phnom Penh International Airport,PNH,2024-07-05 14:00,Kunming Changshui International Airport,KMG,2024-07-05 17:45,165,China Eastern,Business Class,1180,920.0,True,1088,Y,Y,Y,1,10,2,32,Friday,False,False,False,Wattay International Airport,VTE
Phnom Penh International Airport,PNH,2024-07-05 14:00,Kunming Changshui International Airport,KMG,2024-07-05 17:45,165,China Eastern,Business Class,420,165.0,,1384,Y,Y,Y,1,10,2,32,Friday,False,False,False,Wattay International Airport,VTE
Phnom Penh International Airport,PNH,2024-07-06 17:45,Wattay International Airport,VTE,2024-07-06 19:15,90,Vietnam Airlines,Business Class,90,,,428,Y,Y,Y,2,10,1,32,Saturday,False,False,False,Wattay International Airport,VTE
Phnom Penh International Airport,PNH,2024-07-06 08:00,Guangzhou Baiyun International Airport,CAN,2024-07-06 11:40,160,China Southern,Business Class,2050,1735.0,True,697,Y,Y,Y,1,10,2,32,Saturday,False,False,False,Wattay International Airport,VTE
Phnom Penh International Airport,PNH,2024-07-06 15:05,Kunming Changshui International Airport,KMG,2024-07-06 18:50,165,China Eastern,Business Class,1115,855.0,True,1088,Y,Y,Y,1,10,2,32,Saturday,False,False,False,Wattay International Airport,VTE
Phnom Penh International Airport,PNH,2024-07-06 23:55,Incheon International Airport,ICN,2024-07-07 07:10,315,Asiana,Business Class,1355,710.0,,1397,Y,Y,Y,2,10,2,32,Saturday,True,False,False,Wattay International Airport,VTE
Phnom Penh International Airport,PNH,2024-07-07 17:45,Wattay International Airport,VTE,2024-07-07 19:15,90,Vietnam Airlines,Business Class,90,,,394,Y,Y,Y,2,10,1,32,Sunday,False,False,False,Wattay International Airport,VTE
Phnom Penh International Airport,PNH,2024-07-07 08:00,Guangzhou Baiyun International Airport,CAN,2024-07-07 11:40,160,China Southern,Business Class,610,295.0,,697,Y,Y,Y,1,10,2,32,Sunday,False,False,False,Wattay International Airport,VTE
Phnom Penh International Airport,PNH,2024-07-07 14:00,Kunming Changshui International Airport,KMG,2024-07-07 17:45,165,China Eastern,Business Class,420,165.0,,1088,Y,Y,Y,1,10,2,32,Sunday,False,False,False,Wattay International Airport,VTE
Phnom Penh International Airport,PNH,2024-07-08 17:45,Wattay International Airport,VTE,2024-07-08 19:15,90,Vietnam Airlines,Business Class,90,,,394,Y,Y,Y,2,10,1,32,Monday,False,False,False,Wattay International Airport,VTE
Phnom Penh International Airport,PNH,2024-07-08 14:00,Kunming Changshui International Airport,KMG,2024-07-08 18:00,180,China Eastern,Business Class,420,150.0,,1088,Y,Y,Y,1,10,2,32,Monday,False,False,False,Wattay International Airport,VTE
Phnom Penh International Airport,PNH,2024-07-09 17:45,Wattay International Airport,VTE,2024-07-09 19:15,90,Vietnam Airlines,Business Class,90,,,394,Y,Y,Y,2,10,1,32,Tuesday,False,False,False,Wattay International Airport,VTE
Phnom Penh International Airport,PNH,2024-07-09 15:35,Guangzhou Baiyun International Airport,CAN,2024-07-09 19:20,165,China Southern,Business Class,1595,1275.0,True,697,Y,Y,Y,1,10,2,32,Tuesday,False,False,False,Wattay International Airport,VTE
Phnom Penh International Airport,PNH,2024-07-09 15:05,Kunming Changshui International Airport,KMG,2024-07-09 18:50,165,China Eastern,Business Class,1115,855.0,True,1088,Y,Y,Y,1,10,2,32,Tuesday,False,False,False,Wattay International Airport,VTE
Phnom Penh International Airport,PNH,2024-07-09 23:55,Incheon International Airport,ICN,2024-07-10 07:10,315,Asiana,Business Class,1355,710.0,,1397,Y,Y,Y,2,10,2,32,Tuesday,True,False,False,Wattay International Airport,VTE
Phnom Penh International Airport,PNH,2024-07-10 17:45,Wattay International Airport,VTE,2024-07-10 19:15,90,Vietnam Airlines,Business Class,90,,,394,Y,Y,Y,2,10,1,32,Wednesday,False,False,False,Wattay International Airport,VTE
Phnom Penh International Airport,PNH,2024-07-10 08:00,Guangzhou Baiyun International Airport,CAN,2024-07-10 11:40,160,China Southern,Business Class,610,295.0,,697,Y,Y,Y,1,10,2,32,Wednesday,False,False,False,Wattay International Airport,VTE
Phnom Penh International Airport,PNH,2024-07-10 23:55,Incheon International Airport,ICN,2024-07-11 07:10,315,Asiana,Business Class,1355,710.0,,1000,Y,Y,Y,2,10,2,32,Wednesday,True,False,False,Wattay International Airport,VTE
Phnom Penh International Airport,PNH,2024-07-10 14:00,Kunming Changshui International Airport,KMG,2024-07-10 18:00,180,China Eastern,Business Class,420,180.0,,1088,Y,Y,Y,1,10,2,32,Wednesday,False,False,False,Wattay International Airport,VTE
Phnom Penh International Airport,PNH,2024-07-11 17:45,Wattay International Airport,VTE,2024-07-11 19:15,90,Vietnam Airlines,Business Class,90,,,428,Y,Y,Y,2,10,1,32,Thursday,False,False,False,Wattay International Airport,VTE
Phnom Penh International Airport,PNH,2024-07-11 12:05,Guangzhou Baiyun International Airport,CAN,2024-07-11 15:50,165,China Southern,Business Class,1805,1485.0,True,697,Y,Y,Y,1,10,2,32,Thursday,False,False,False,Wattay International Airport,VTE
Phnom Penh International Airport,PNH,2024-07-11 15:05,Kunming Changshui International Airport,KMG,2024-07-11 18:50,165,China Eastern,Business Class,1115,855.0,True,1162,Y,Y,Y,1,10,2,32,Thursday,False,False,False,Wattay International Airport,VTE
Phnom Penh International Airport,PNH,2024-07-11 15:35,Guangzhou Baiyun International Airport,CAN,2024-07-11 19:20,165,China Southern,Business Class,1595,1275.0,True,1303,Y,Y,Y,1,10,2,32,Thursday,False,False,False,Wattay International Airport,VTE
Phnom Penh International Airport,PNH,2024-07-12 17:45,Wattay International Airport,VTE,2024-07-12 19:15,90,Vietnam Airlines,Business Class,90,,,394,Y,Y,Y,2,10,1,32,Friday,False,False,False,Wattay International Airport,VTE
Phnom Penh International Airport,PNH,2024-07-12 08:00,Guangzhou Baiyun International Airport,CAN,2024-07-12 11:40,160,China Southern,Business Class,610,295.0,,697,Y,Y,Y,1,10,2,32,Friday,False,False,False,Wattay International Airport,VTE
Phnom Penh International Airport,PNH,2024-07-12 23:55,Incheon International Airport,ICN,2024-07-13 07:10,315,Asiana,Business Class,1355,710.0,,1000,Y,Y,Y,2,10,2,32,Friday,True,False,False,Wattay International Airport,VTE
Phnom Penh International Airport,PNH,2024-07-12 14:00,Kunming Changshui International Airport,KMG,2024-07-12 17:45,165,China Eastern,Business Class,420,165.0,,1384,Y,Y,Y,1,10,2,32,Friday,False,False,False,Wattay International Airport,VTE
Phnom Penh International Airport,PNH,2024-07-13 17:45,Wattay International Airport,VTE,2024-07-13 19:15,90,Vietnam Airlines,Business Class,90,,,428,Y,Y,Y,2,10,1,32,Saturday,False,False,False,Wattay International Airport,VTE
Phnom Penh International Airport,PNH,2024-07-13 15:35,Guangzhou Baiyun International Airport,CAN,2024-07-13 19:20,165,China Southern,Business Class,1595,1275.0,True,697,Y,Y,Y,1,10,2,32,Saturday,False,False,False,Wattay International Airport,VTE
Phnom Penh International Airport,PNH,2024-07-13 23:55,Incheon International Airport,ICN,2024-07-14 07:10,315,Asiana,Business Class,1355,710.0,,1000,Y,Y,Y,2,10,2,32,Saturday,True,False,False,Wattay International Airport,VTE
Phnom Penh International Airport,PNH,2024-07-13 15:05,Kunming Changshui International Airport,KMG,2024-07-13 18:50,165,China Eastern,Business Class,1115,855.0,True,1076,Y,Y,Y,1,10,2,32,Saturday,False,False,False,Wattay International Airport,VTE
Phnom Penh International Airport,PNH,2024-07-14 17:45,Wattay International Airport,VTE,2024-07-14 19:15,90,Vietnam Airlines,Business Class,90,,,394,Y,Y,Y,2,10,1,32,Sunday,False,False,False,Wattay International Airport,VTE
Phnom Penh International Airport,PNH,2024-07-14 08:00,Guangzhou Baiyun International Airport,CAN,2024-07-14 11:40,160,China Southern,Business Class,610,295.0,,697,Y,Y,Y,1,10,2,32,Sunday,False,False,False,Wattay International Airport,VTE
Phnom Penh International Airport,PNH,2024-07-14 14:00,Kunming Changshui International Airport,KMG,2024-07-14 17:45,165,China Eastern,Business Class,420,165.0,,1076,Y,Y,Y,1,10,2,32,Sunday,False,False,False,Wattay International Airport,VTE
Phnom Penh International Airport,PNH,2024-07-15 17:45,Wattay International Airport,VTE,2024-07-15 19:15,90,Vietnam Airlines,Business Class,90,,,394,Y,Y,Y,2,10,1,32,Monday,False,False,False,Wattay International Airport,VTE
Phnom Penh International Airport,PNH,2024-07-15 14:00,Kunming Changshui International Airport,KMG,2024-07-15 18:00,180,China Eastern,Business Class,420,150.0,,1076,Y,Y,Y,1,10,2,32,Monday,False,False,False,Wattay International Airport,VTE
Phnom Penh International Airport,PNH,2024-07-16 17:45,Wattay International Airport,VTE,2024-07-16 19:15,90,Vietnam Airlines,Business Class,90,,,493,Y,Y,Y,2,10,1,32,Tuesday,False,False,False,Wattay International Airport,VTE
Phnom Penh International Airport,PNH,2024-07-16 15:35,Guangzhou Baiyun International Airport,CAN,2024-07-16 19:20,165,China Southern,Business Class,1595,1275.0,True,697,Y,Y,Y,1,10,2,32,Tuesday,False,False,False,Wattay International Airport,VTE
Phnom Penh International Airport,PNH,2024-07-16 23:55,Incheon International Airport,ICN,2024-07-17 07:10,315,Asiana,Business Class,1355,710.0,,1000,Y,Y,Y,2,10,2,32,Tuesday,True,False,False,Wattay International Airport,VTE
Phnom Penh International Airport,PNH,2024-07-16 15:05,Kunming Changshui International Airport,KMG,2024-07-16 18:50,165,China Eastern,Business Class,1115,855.0,True,1076,Y,Y,Y,1,10,2,32,Tuesday,False,False,False,Wattay International Airport,VTE
Phnom Penh International Airport,PNH,2024-07-17 17:45,Wattay International Airport,VTE,2024-07-17 19:15,90,Vietnam Airlines,Business Class,90,,,394,Y,Y,Y,2,10,1,32,Wednesday,False,False,False,Wattay International Airport,VTE
Phnom Penh International Airport,PNH,2024-07-17 08:00,Guangzhou Baiyun International Airport,CAN,2024-07-17 11:40,160,China Southern,Business Class,610,295.0,,697,Y,Y,Y,1,10,2,32,Wednesday,False,False,False,Wattay International Airport,VTE
Phnom Penh International Airport,PNH,2024-07-17 23:55,Incheon International Airport,ICN,2024-07-18 07:10,315,Asiana,Business Class,1355,710.0,,1000,Y,Y,Y,2,10,2,32,Wednesday,True,False,False,Wattay International Airport,VTE
Phnom Penh International Airport,PNH,2024-07-17 14:00,Kunming Changshui International Airport,KMG,2024-07-17 18:00,180,China Eastern,Business Class,420,150.0,,1076,Y,Y,Y,1,10,2,32,Wednesday,False,False,False,Wattay International Airport,VTE
Phnom Penh International Airport,PNH,2024-07-18 17:45,Wattay International Airport,VTE,2024-07-18 19:15,90,Vietnam Airlines,Business Class,90,,,394,Y,Y,Y,2,10,1,32,Thursday,False,False,False,Wattay International Airport,VTE
Phnom Penh International Airport,PNH,2024-07-18 08:00,Guangzhou Baiyun International Airport,CAN,2024-07-18 11:40,160,China Southern,Business Class,2050,1735.0,True,697,Y,Y,Y,1,10,2,32,Thursday,False,False,False,Wattay International Airport,VTE
Phnom Penh International Airport,PNH,2024-07-18 15:35,Guangzhou Baiyun International Airport,CAN,2024-07-18 19:20,165,China Southern,Business Class,1595,1275.0,True,847,Y,Y,Y,1,10,2,32,Thursday,False,False,False,Wattay International Airport,VTE
Phnom Penh International Airport,PNH,2024-07-18 15:05,Kunming Changshui International Airport,KMG,2024-07-18 18:50,165,China Eastern,Business Class,1115,855.0,True,1076,Y,Y,Y,1,10,2,32,Thursday,False,False,False,Wattay International Airport,VTE
Phnom Penh International Airport,PNH,2024-07-19 17:45,Wattay International Airport,VTE,2024-07-19 19:15,90,Vietnam Airlines,Business Class,90,,,394,Y,Y,Y,2,10,1,32,Friday,False,False,False,Wattay International Airport,VTE
Phnom Penh International Airport,PNH,2024-07-19 08:00,Guangzhou Baiyun International Airport,CAN,2024-07-19 11:40,160,China Southern,Business Class,610,295.0,,697,Y,Y,Y,1,10,2,32,Friday,False,False,False,Wattay International Airport,VTE
Phnom Penh International Airport,PNH,2024-07-19 14:00,Kunming Changshui International Airport,KMG,2024-07-19 17:45,165,China Eastern,Business Class,1180,920.0,True,1046,Y,Y,Y,1,10,2,32,Friday,False,False,False,Wattay International Airport,VTE
Phnom Penh International Airport,PNH,2024-07-19 14:00,Kunming Changshui International Airport,KMG,2024-07-19 17:45,165,China Eastern,Business Class,420,165.0,,1076,Y,Y,Y,1,10,2,32,Friday,False,False,False,Wattay International Airport,VTE
Phnom Penh International Airport,PNH,2024-07-19 23:55,Incheon International Airport,ICN,2024-07-20 07:10,315,Asiana,Business Class,1355,710.0,,1164,Y,Y,Y,2,10,2,32,Friday,True,False,True,Wattay International Airport,VTE
Phnom Penh International Airport,PNH,2024-07-20 17:45,Wattay International Airport,VTE,2024-07-20 19:15,90,Vietnam Airlines,Business Class,90,,,394,Y,Y,Y,2,10,1,32,Saturday,False,False,True,Wattay International Airport,VTE
Phnom Penh International Airport,PNH,2024-07-20 12:05,Guangzhou Baiyun International Airport,CAN,2024-07-20 15:50,165,China Southern,Business Class,1805,1485.0,True,697,Y,Y,Y,1,10,2,32,Saturday,False,False,True,Wattay International Airport,VTE
Phnom Penh International Airport,PNH,2024-07-20 23:55,Incheon International Airport,ICN,2024-07-21 07:10,315,Asiana,Business Class,1355,710.0,,1011,Y,Y,Y,2,10,2,32,Saturday,True,False,False,Wattay International Airport,VTE
Phnom Penh International Airport,PNH,2024-07-20 15:05,Kunming Changshui International Airport,KMG,2024-07-20 18:50,165,China Eastern,Business Class,1115,855.0,True,1046,Y,Y,Y,1,10,2,32,Saturday,False,False,True,Wattay International Airport,VTE
Phnom Penh International Airport,PNH,2024-07-21 17:45,Wattay International Airport,VTE,2024-07-21 19:15,90,Vietnam Airlines,Business Class,90,,,394,Y,Y,Y,2,10,1,32,Sunday,False,False,False,Wattay International Airport,VTE
Phnom Penh International Airport,PNH,2024-07-21 08:00,Guangzhou Baiyun International Airport,CAN,2024-07-21 11:40,160,China Southern,Business Class,610,295.0,,697,Y,Y,Y,1,10,2,32,Sunday,False,False,False,Wattay International Airport,VTE
Phnom Penh International Airport,PNH,2024-07-21 14:00,Kunming Changshui International Airport,KMG,2024-07-21 17:45,165,China Eastern,Business Class,420,165.0,,1046,Y,Y,Y,1,10,2,32,Sunday,False,False,False,Wattay International Airport,VTE
Phnom Penh International Airport,PNH,2024-07-22 17:45,Wattay International Airport,VTE,2024-07-22 19:15,90,Vietnam Airlines,Business Class,90,,,394,Y,Y,Y,2,10,1,32,Monday,False,False,False,Wattay International Airport,VTE
Phnom Penh International Airport,PNH,2024-07-22 14:00,Kunming Changshui International Airport,KMG,2024-07-22 18:00,180,China Eastern,Business Class,420,150.0,,1046,Y,Y,Y,1,10,2,32,Monday,False,False,False,Wattay International Airport,VTE
Phnom Penh International Airport,PNH,2024-07-23 17:45,Wattay International Airport,VTE,2024-07-23 19:15,90,Vietnam Airlines,Business Class,90,,,428,Y,Y,Y,2,10,1,32,Tuesday,False,False,False,Wattay International Airport,VTE
Phnom Penh International Airport,PNH,2024-07-23 15:35,Guangzhou Baiyun International Airport,CAN,2024-07-23 19:20,165,China Southern,Business Class,1595,1275.0,True,697,Y,Y,Y,1,10,2,32,Tuesday,False,False,False,Wattay International Airport,VTE
Phnom Penh International Airport,PNH,2024-07-23 23:55,Incheon International Airport,ICN,2024-07-24 07:10,315,Asiana,Business Class,1355,710.0,,1011,Y,Y,Y,2,10,2,32,Tuesday,True,False,False,Wattay International Airport,VTE
Phnom Penh International Airport,PNH,2024-07-23 15:05,Kunming Changshui International Airport,KMG,2024-07-23 18:50,165,China Eastern,Business Class,1115,855.0,True,1046,Y,Y,Y,1,10,2,32,Tuesday,False,False,False,Wattay International Airport,VTE
Phnom Penh International Airport,PNH,2024-07-24 17:45,Wattay International Airport,VTE,2024-07-24 19:15,90,Vietnam Airlines,Business Class,90,,,394,Y,Y,Y,2,10,1,32,Wednesday,False,False,False,Wattay International Airport,VTE
Phnom Penh International Airport,PNH,2024-07-24 08:00,Guangzhou Baiyun International Airport,CAN,2024-07-24 11:40,160,China Southern,Business Class,610,295.0,,697,Y,Y,Y,1,10,2,32,Wednesday,False,False,False,Wattay International Airport,VTE
Phnom Penh International Airport,PNH,2024-07-24 23:55,Incheon International Airport,ICN,2024-07-25 07:10,315,Asiana,Business Class,1355,710.0,,1011,Y,Y,Y,2,10,2,32,Wednesday,True,False,False,Wattay International Airport,VTE
Phnom Penh International Airport,PNH,2024-07-24 14:00,Kunming Changshui International Airport,KMG,2024-07-24 18:00,180,China Eastern,Business Class,420,150.0,,1046,Y,Y,Y,1,10,2,32,Wednesday,False,False,False,Wattay International Airport,VTE
Phnom Penh International Airport,PNH,2024-07-25 17:45,Wattay International Airport,VTE,2024-07-25 19:15,90,Vietnam Airlines,Business Class,90,,,394,Y,Y,Y,2,10,1,32,Thursday,False,False,False,Wattay International Airport,VTE
Phnom Penh International Airport,PNH,2024-07-25 08:00,Guangzhou Baiyun International Airport,CAN,2024-07-25 11:40,160,China Southern,Business Class,2050,1735.0,True,697,Y,Y,Y,1,10,2,32,Thursday,False,False,False,Wattay International Airport,VTE
Phnom Penh International Airport,PNH,2024-07-25 15:35,Guangzhou Baiyun International Airport,CAN,2024-07-25 19:20,165,China Southern,Business Class,1595,1275.0,True,847,Y,Y,Y,1,10,2,32,Thursday,False,False,False,Wattay International Airport,VTE
Phnom Penh International Airport,PNH,2024-07-25 15:05,Kunming Changshui International Airport,KMG,2024-07-25 18:50,165,China Eastern,Business Class,1115,855.0,True,1046,Y,Y,Y,1,10,2,32,Thursday,False,False,False,Wattay International Airport,VTE
Phnom Penh International Airport,PNH,2024-07-26 17:45,Wattay International Airport,VTE,2024-07-26 19:15,90,Vietnam Airlines,Business Class,90,,,394,Y,Y,Y,2,10,1,32,Friday,False,False,False,Wattay International Airport,VTE
Phnom Penh International Airport,PNH,2024-07-26 08:00,Guangzhou Baiyun International Airport,CAN,2024-07-26 11:40,160,China Southern,Business Class,610,295.0,,697,Y,Y,Y,1,10,2,32,Friday,False,False,False,Wattay International Airport,VTE
Phnom Penh International Airport,PNH,2024-07-26 23:55,Incheon International Airport,ICN,2024-07-27 07:10,315,Asiana,Business Class,1355,710.0,,1036,Y,Y,Y,2,10,2,32,Friday,True,False,False,Wattay International Airport,VTE
Phnom Penh International Airport,PNH,2024-07-26 14:00,Kunming Changshui International Airport,KMG,2024-07-26 17:45,165,China Eastern,Business Class,420,165.0,,1046,Y,Y,Y,1,10,2,32,Friday,False,False,False,Wattay International Airport,VTE
Phnom Penh International Airport,PNH,2024-07-27 17:45,Wattay International Airport,VTE,2024-07-27 19:15,90,Vietnam Airlines,Business Class,90,,,394,Y,Y,Y,2,10,1,32,Saturday,False,False,False,Wattay International Airport,VTE
Phnom Penh International Airport,PNH,2024-07-27 12:05,Guangzhou Baiyun International Airport,CAN,2024-07-27 15:50,165,China Southern,Business Class,1805,1485.0,True,697,Y,Y,Y,1,10,2,32,Saturday,False,False,False,Wattay International Airport,VTE
Phnom Penh International Airport,PNH,2024-07-27 15:05,Kunming Changshui International Airport,KMG,2024-07-27 18:50,165,China Eastern,Business Class,1115,855.0,True,1046,Y,Y,Y,1,10,2,32,Saturday,False,False,False,Wattay International Airport,VTE
Phnom Penh International Airport,PNH,2024-07-27 23:55,Incheon International Airport,ICN,2024-07-28 07:10,315,Asiana,Business Class,1355,710.0,,1077,Y,Y,Y,2,10,2,32,Saturday,True,False,False,Wattay International Airport,VTE
Phnom Penh International Airport,PNH,2024-07-28 17:45,Wattay International Airport,VTE,2024-07-28 19:15,90,Vietnam Airlines,Business Class,90,,,394,Y,Y,Y,2,10,1,32,Sunday,False,False,False,Wattay International Airport,VTE
Phnom Penh International Airport,PNH,2024-07-28 08:00,Guangzhou Baiyun International Airport,CAN,2024-07-28 11:40,160,China Southern,Business Class,610,295.0,,697,Y,Y,Y,1,10,2,32,Sunday,False,False,False,Wattay International Airport,VTE
Phnom Penh International Airport,PNH,2024-07-28 14:00,Kunming Changshui International Airport,KMG,2024-07-28 17:45,165,China Eastern,Business Class,420,165.0,,1046,Y,Y,Y,1,10,2,32,Sunday,False,False,False,Wattay International Airport,VTE
Phnom Penh International Airport,PNH,2024-07-29 17:45,Wattay International Airport,VTE,2024-07-29 19:15,90,Vietnam Airlines,Business Class,90,,,394,Y,Y,Y,2,10,1,32,Monday,False,False,False,Wattay International Airport,VTE
Phnom Penh International Airport,PNH,2024-07-29 14:00,Kunming Changshui International Airport,KMG,2024-07-29 18:00,180,China Eastern,Business Class,420,150.0,,1046,Y,Y,Y,1,10,2,32,Monday,False,False,False,Wattay International Airport,VTE
Phnom Penh International Airport,PNH,2024-07-30 17:45,Wattay International Airport,VTE,2024-07-30 19:15,90,Vietnam Airlines,Business Class,90,,,428,Y,Y,Y,2,10,1,32,Tuesday,False,False,False,Wattay International Airport,VTE
Phnom Penh International Airport,PNH,2024-07-30 15:35,Guangzhou Baiyun International Airport,CAN,2024-07-30 19:20,165,China Southern,Business Class,1595,1275.0,True,697,Y,Y,Y,1,10,2,32,Tuesday,False,False,False,Wattay International Airport,VTE
Phnom Penh International Airport,PNH,2024-07-30 15:05,Kunming Changshui International Airport,KMG,2024-07-30 18:50,165,China Eastern,Business Class,1115,855.0,True,1046,Y,Y,Y,1,10,2,32,Tuesday,False,False,False,Wattay International Airport,VTE
Phnom Penh International Airport,PNH,2024-07-31 17:45,Wattay International Airport,VTE,2024-07-31 19:15,90,Vietnam Airlines,Business Class,90,,,394,Y,Y,Y,2,10,1,32,Wednesday,False,False,False,Wattay International Airport,VTE
Phnom Penh International Airport,PNH,2024-07-31 08:00,Guangzhou Baiyun International Airport,CAN,2024-07-31 11:40,160,China Southern,Business Class,610,295.0,,697,Y,Y,Y,1,10,2,32,Wednesday,False,False,False,Wattay International Airport,VTE
Phnom Penh International Airport,PNH,2024-07-31 23:55,Incheon International Airport,ICN,2024-08-01 07:10,315,Asiana,Business Class,1355,710.0,,1011,Y,Y,Y,2,10,2,32,Wednesday,True,False,False,Wattay International Airport,VTE
Phnom Penh International Airport,PNH,2024-07-31 14:00,Kunming Changshui International Airport,KMG,2024-07-31 18:00,180,China Eastern,Business Class,420,150.0,,1046,Y,Y,Y,1,10,2,32,Wednesday,False,False,False,Wattay International Airport,VTE
Phnom Penh International Airport,PNH,2024-08-01 17:45,Wattay International Airport,VTE,2024-08-01 19:15,90,Vietnam Airlines,Business Class,90,,,428,Y,Y,Y,2,10,1,32,Thursday,False,False,False,Wattay International Airport,VTE
Phnom Penh International Airport,PNH,2024-08-01 15:05,Kunming Changshui International Airport,KMG,2024-08-01 18:50,165,China Eastern,Business Class,1115,855.0,True,735,Y,Y,Y,1,10,2,32,Thursday,False,False,False,Wattay International Airport,VTE
Phnom Penh International Airport,PNH,2024-08-01 15:35,Guangzhou Baiyun International Airport,CAN,2024-08-01 19:20,165,China Southern,Business Class,1595,1275.0,True,1073,Y,Y,Y,1,10,2,32,Thursday,False,False,False,Wattay International Airport,VTE
Phnom Penh International Airport,PNH,2024-08-02 17:45,Wattay International Airport,VTE,2024-08-02 19:15,90,Vietnam Airlines,Business Class,90,,,393,Y,Y,Y,2,10,1,32,Friday,False,False,False,Wattay International Airport,VTE
Phnom Penh International Airport,PNH,2024-08-02 14:00,Kunming Changshui International Airport,KMG,2024-08-02 17:45,165,China Eastern,Business Class,420,165.0,,735,Y,Y,Y,1,10,2,32,Friday,False,False,False,Wattay International Airport,VTE
Phnom Penh International Airport,PNH,2024-08-02 23:55,Incheon International Airport,ICN,2024-08-03 07:20,325,Asiana,Business Class,1355,700.0,,1009,Y,Y,Y,2,10,2,32,Friday,True,False,False,Wattay International Airport,VTE
Phnom Penh International Airport,PNH,2024-08-02 08:00,Guangzhou Baiyun International Airport,CAN,2024-08-02 11:40,160,China Southern,Business Class,610,295.0,,1073,Y,Y,Y,1,10,2,32,Friday,False,False,False,Wattay International Airport,VTE
Phnom Penh International Airport,PNH,2024-08-03 17:45,Wattay International Airport,VTE,2024-08-03 19:15,90,Vietnam Airlines,Business Class,90,,,428,Y,Y,Y,2,10,1,32,Saturday,False,False,False,Wattay International Airport,VTE
Phnom Penh International Airport,PNH,2024-08-03 15:05,Kunming Changshui International Airport,KMG,2024-08-03 18:50,165,China Eastern,Business Class,1115,855.0,True,735,Y,Y,Y,1,10,2,32,Saturday,False,False,False,Wattay International Airport,VTE
Phnom Penh International Airport,PNH,2024-08-03 15:35,Guangzhou Baiyun International Airport,CAN,2024-08-03 19:20,165,China Southern,Business Class,1595,1275.0,True,1073,Y,Y,Y,1,10,2,32,Saturday,False,False,False,Wattay International Airport,VTE
Phnom Penh International Airport,PNH,2024-08-03 23:55,Incheon International Airport,ICN,2024-08-04 07:20,325,Asiana,Business Class,1355,700.0,,1405,Y,Y,Y,2,10,2,32,Saturday,True,False,False,Wattay International Airport,VTE
Phnom Penh International Airport,PNH,2024-08-04 17:45,Wattay International Airport,VTE,2024-08-04 19:15,90,Vietnam Airlines,Business Class,90,,,393,Y,Y,Y,2,10,1,32,Sunday,False,False,False,Wattay International Airport,VTE
Phnom Penh International Airport,PNH,2024-08-04 14:00,Kunming Changshui International Airport,KMG,2024-08-04 17:45,165,China Eastern,Business Class,420,165.0,,735,Y,Y,Y,1,10,2,32,Sunday,False,False,False,Wattay International Airport,VTE
Phnom Penh International Airport,PNH,2024-08-04 08:00,Guangzhou Baiyun International Airport,CAN,2024-08-04 11:40,160,China Southern,Business Class,610,295.0,,1073,Y,Y,Y,1,10,2,32,Sunday,False,False,False,Wattay International Airport,VTE
Phnom Penh International Airport,PNH,2024-08-05 17:45,Wattay International Airport,VTE,2024-08-05 19:15,90,Vietnam Airlines,Business Class,90,,,393,Y,Y,Y,2,10,1,32,Monday,False,False,False,Wattay International Airport,VTE
Phnom Penh International Airport,PNH,2024-08-05 14:00,Kunming Changshui International Airport,KMG,2024-08-05 18:00,180,China Eastern,Business Class,420,150.0,,735,Y,Y,Y,1,10,2,32,Monday,False,False,False,Wattay International Airport,VTE
Phnom Penh International Airport,PNH,2024-08-06 17:45,Wattay International Airport,VTE,2024-08-06 19:15,90,Vietnam Airlines,Business Class,90,,,393,Y,Y,Y,2,10,1,32,Tuesday,False,False,False,Wattay International Airport,VTE
Phnom Penh International Airport,PNH,2024-08-06 15:05,Kunming Changshui International Airport,KMG,2024-08-06 18:50,165,China Eastern,Business Class,1115,855.0,True,735,Y,Y,Y,1,10,2,32,Tuesday,False,False,False,Wattay International Airport,VTE
Phnom Penh International Airport,PNH,2024-08-06 15:35,Guangzhou Baiyun International Airport,CAN,2024-08-06 19:20,165,China Southern,Business Class,1595,1275.0,True,1073,Y,Y,Y,1,10,2,32,Tuesday,False,False,False,Wattay International Airport,VTE
Phnom Penh International Airport,PNH,2024-08-06 23:55,Incheon International Airport,ICN,2024-08-07 07:20,325,Asiana,Business Class,1355,700.0,,1100,Y,Y,Y,2,10,2,32,Tuesday,True,False,False,Wattay International Airport,VTE
Phnom Penh International Airport,PNH,2024-08-07 17:45,Wattay International Airport,VTE,2024-08-07 19:15,90,Vietnam Airlines,Business Class,90,,,393,Y,Y,Y,2,10,1,32,Wednesday,False,False,False,Wattay International Airport,VTE
Phnom Penh International Airport,PNH,2024-08-07 14:00,Kunming Changshui International Airport,KMG,2024-08-07 18:00,180,China Eastern,Business Class,420,150.0,,735,Y,Y,Y,1,10,2,32,Wednesday,False,False,False,Wattay International Airport,VTE
Phnom Penh International Airport,PNH,2024-08-07 23:55,Incheon International Airport,ICN,2024-08-08 07:20,325,Asiana,Business Class,1355,700.0,,1009,Y,Y,Y,2,10,2,32,Wednesday,True,False,False,Wattay International Airport,VTE
Phnom Penh International Airport,PNH,2024-08-07 08:00,Guangzhou Baiyun International Airport,CAN,2024-08-07 11:40,160,China Southern,Business Class,610,295.0,,1073,Y,Y,Y,1,10,2,32,Wednesday,False,False,False,Wattay International Airport,VTE
Phnom Penh International Airport,PNH,2024-08-08 17:45,Wattay International Airport,VTE,2024-08-08 19:15,90,Vietnam Airlines,Business Class,90,,,393,Y,Y,Y,2,10,1,32,Thursday,False,False,False,Wattay International Airport,VTE
Phnom Penh International Airport,PNH,2024-08-08 15:05,Kunming Changshui International Airport,KMG,2024-08-08 18:50,165,China Eastern,Business Class,1795,1540.0,True,735,Y,Y,Y,1,10,2,32,Thursday,False,False,False,Wattay International Airport,VTE
Phnom Penh International Airport,PNH,2024-08-08 15:35,Guangzhou Baiyun International Airport,CAN,2024-08-08 19:20,165,China Southern,Business Class,1595,1275.0,True,1073,Y,Y,Y,1,10,2,32,Thursday,False,False,False,Wattay International Airport,VTE
Phnom Penh International Airport,PNH,2024-08-08 15:05,Kunming Changshui International Airport,KMG,2024-08-08 18:50,165,China Eastern,Business Class,1115,855.0,True,1382,Y,Y,Y,1,10,2,32,Thursday,False,False,False,Wattay International Airport,VTE
Phnom Penh International Airport,PNH,2024-08-09 17:45,Wattay International Airport,VTE,2024-08-09 19:15,90,Vietnam Airlines,Business Class,90,,,393,Y,Y,Y,2,10,1,32,Friday,False,False,False,Wattay International Airport,VTE
Phnom Penh International Airport,PNH,2024-08-09 14:00,Kunming Changshui International Airport,KMG,2024-08-09 17:45,165,China Eastern,Business Class,420,165.0,,735,Y,Y,Y,1,10,2,32,Friday,False,False,False,Wattay International Airport,VTE
Phnom Penh International Airport,PNH,2024-08-09 23:55,Incheon International Airport,ICN,2024-08-10 07:20,325,Asiana,Business Class,1355,700.0,,1009,Y,Y,Y,2,10,2,32,Friday,True,False,False,Wattay International Airport,VTE
Phnom Penh International Airport,PNH,2024-08-09 08:00,Guangzhou Baiyun International Airport,CAN,2024-08-09 11:40,160,China Southern,Business Class,610,295.0,,1073,Y,Y,Y,1,10,2,32,Friday,False,False,False,Wattay International Airport,VTE
Phnom Penh International Airport,PNH,2024-08-10 17:45,Wattay International Airport,VTE,2024-08-10 19:15,90,Vietnam Airlines,Business Class,90,,,393,Y,Y,Y,2,10,1,32,Saturday,False,False,False,Wattay International Airport,VTE
Phnom Penh International Airport,PNH,2024-08-10 15:05,Kunming Changshui International Airport,KMG,2024-08-10 18:50,165,China Eastern,Business Class,1115,855.0,True,735,Y,Y,Y,1,10,2,32,Saturday,False,False,False,Wattay International Airport,VTE
Phnom Penh International Airport,PNH,2024-08-10 15:35,Guangzhou Baiyun International Airport,CAN,2024-08-10 19:20,165,China Southern,Business Class,1595,1275.0,True,1073,Y,Y,Y,1,10,2,32,Saturday,False,False,False,Wattay International Airport,VTE
Phnom Penh International Airport,PNH,2024-08-10 23:55,Incheon International Airport,ICN,2024-08-11 07:20,325,Asiana,Business Class,1355,700.0,,1100,Y,Y,Y,2,10,2,32,Saturday,True,False,False,Wattay International Airport,VTE
Phnom Penh International Airport,PNH,2024-08-11 17:45,Wattay International Airport,VTE,2024-08-11 19:15,90,Vietnam Airlines,Business Class,90,,,393,Y,Y,Y,2,10,1,32,Sunday,False,False,False,Wattay International Airport,VTE
Phnom Penh International Airport,PNH,2024-08-11 14:00,Kunming Changshui International Airport,KMG,2024-08-11 17:45,165,China Eastern,Business Class,420,165.0,,735,Y,Y,Y,1,10,2,32,Sunday,False,False,False,Wattay International Airport,VTE
Phnom Penh International Airport,PNH,2024-08-11 08:00,Guangzhou Baiyun International Airport,CAN,2024-08-11 11:40,160,China Southern,Business Class,610,295.0,,1073,Y,Y,Y,1,10,2,32,Sunday,False,False,False,Wattay International Airport,VTE
Phnom Penh International Airport,PNH,2024-08-12 17:45,Wattay International Airport,VTE,2024-08-12 19:15,90,Vietnam Airlines,Business Class,90,,,393,Y,Y,Y,2,10,1,32,Monday,False,False,False,Wattay International Airport,VTE
Phnom Penh International Airport,PNH,2024-08-12 14:00,Kunming Changshui International Airport,KMG,2024-08-12 18:00,180,China Eastern,Business Class,420,150.0,,735,Y,Y,Y,1,10,2,32,Monday,False,False,False,Wattay International Airport,VTE
Phnom Penh International Airport,PNH,2024-08-13 17:45,Wattay International Airport,VTE,2024-08-13 19:15,90,Vietnam Airlines,Business Class,90,,,428,Y,Y,Y,2,10,1,32,Tuesday,False,False,False,Wattay International Airport,VTE
Phnom Penh International Airport,PNH,2024-08-13 15:05,Kunming Changshui International Airport,KMG,2024-08-13 18:50,165,China Eastern,Business Class,1115,855.0,True,735,Y,Y,Y,1,10,2,32,Tuesday,False,False,False,Wattay International Airport,VTE
Phnom Penh International Airport,PNH,2024-08-13 23:55,Incheon International Airport,ICN,2024-08-14 07:20,325,Asiana,Business Class,1355,700.0,,1073,Y,Y,Y,2,10,2,32,Tuesday,True,False,False,Wattay International Airport,VTE
Phnom Penh International Airport,PNH,2024-08-14 17:45,Wattay International Airport,VTE,2024-08-14 19:15,90,Vietnam Airlines,Business Class,90,,,393,Y,Y,Y,2,10,1,32,Wednesday,False,False,False,Wattay International Airport,VTE
Phnom Penh International Airport,PNH,2024-08-14 14:00,Kunming Changshui International Airport,KMG,2024-08-14 18:00,180,China Eastern,Business Class,420,150.0,,735,Y,Y,Y,1,10,2,32,Wednesday,False,False,False,Wattay International Airport,VTE
Phnom Penh International Airport,PNH,2024-08-14 08:00,Guangzhou Baiyun International Airport,CAN,2024-08-14 11:40,160,China Southern,Business Class,610,295.0,,1073,Y,Y,Y,1,10,2,32,Wednesday,False,False,False,Wattay International Airport,VTE
Phnom Penh International Airport,PNH,2024-08-14 23:55,Incheon International Airport,ICN,2024-08-15 07:20,325,Asiana,Business Class,1355,700.0,,1100,Y,Y,Y,2,10,2,32,Wednesday,True,False,False,Wattay International Airport,VTE
Phnom Penh International Airport,PNH,2024-08-15 17:45,Wattay International Airport,VTE,2024-08-15 19:15,90,Vietnam Airlines,Business Class,90,,,393,Y,Y,Y,2,10,1,32,Thursday,False,False,False,Wattay International Airport,VTE
Phnom Penh International Airport,PNH,2024-08-15 15:05,Kunming Changshui International Airport,KMG,2024-08-15 18:50,165,China Eastern,Business Class,1115,855.0,True,735,Y,Y,Y,1,10,2,32,Thursday,False,False,False,Wattay International Airport,VTE
Phnom Penh International Airport,PNH,2024-08-15 12:05,Guangzhou Baiyun International Airport,CAN,2024-08-15 15:50,165,China Southern,Business Class,1805,1485.0,True,1073,Y,Y,Y,1,10,2,32,Thursday,False,False,False,Wattay International Airport,VTE
Phnom Penh International Airport,PNH,2024-08-15 15:35,Guangzhou Baiyun International Airport,CAN,2024-08-15 19:20,165,China Southern,Business Class,1595,1275.0,True,1317,Y,Y,Y,1,10,2,32,Thursday,False,False,False,Wattay International Airport,VTE
Phnom Penh International Airport,PNH,2024-08-16 17:45,Wattay International Airport,VTE,2024-08-16 19:15,90,Vietnam Airlines,Business Class,90,,,393,Y,Y,Y,2,10,1,32,Friday,False,False,False,Wattay International Airport,VTE
Phnom Penh International Airport,PNH,2024-08-16 14:00,Kunming Changshui International Airport,KMG,2024-08-16 17:45,165,China Eastern,Business Class,420,165.0,,735,Y,Y,Y,1,10,2,32,Friday,False,False,False,Wattay International Airport,VTE
Phnom Penh International Airport,PNH,2024-08-16 08:00,Guangzhou Baiyun International Airport,CAN,2024-08-16 11:40,160,China Southern,Business Class,610,295.0,,1073,Y,Y,Y,1,10,2,32,Friday,False,False,False,Wattay International Airport,VTE
Phnom Penh International Airport,PNH,2024-08-16 23:55,Incheon International Airport,ICN,2024-08-17 07:20,325,Asiana,Business Class,1355,700.0,,1089,Y,Y,Y,2,10,2,32,Friday,True,False,False,Wattay International Airport,VTE
Phnom Penh International Airport,PNH,2024-08-17 17:45,Wattay International Airport,VTE,2024-08-17 19:15,90,Vietnam Airlines,Business Class,90,,,393,Y,Y,Y,2,10,1,32,Saturday,False,False,False,Wattay International Airport,VTE
Phnom Penh International Airport,PNH,2024-08-17 15:05,Kunming Changshui International Airport,KMG,2024-08-17 18:50,165,China Eastern,Business Class,1115,855.0,True,735,Y,Y,Y,1,10,2,32,Saturday,False,False,False,Wattay International Airport,VTE
Phnom Penh International Airport,PNH,2024-08-17 15:35,Guangzhou Baiyun International Airport,CAN,2024-08-17 19:20,165,China Southern,Business Class,1595,1275.0,True,1073,Y,Y,Y,1,10,2,32,Saturday,False,False,False,Wattay International Airport,VTE
Phnom Penh International Airport,PNH,2024-08-17 23:55,Incheon International Airport,ICN,2024-08-18 07:20,325,Asiana,Business Class,1355,700.0,,1089,Y,Y,Y,2,10,2,32,Saturday,True,False,False,Wattay International Airport,VTE
Phnom Penh International Airport,PNH,2024-08-18 17:45,Wattay International Airport,VTE,2024-08-18 19:15,90,Vietnam Airlines,Business Class,90,,,393,Y,Y,Y,2,10,1,32,Sunday,False,False,False,Wattay International Airport,VTE
Phnom Penh International Airport,PNH,2024-08-18 14:00,Kunming Changshui International Airport,KMG,2024-08-18 17:45,165,China Eastern,Business Class,420,165.0,,735,Y,Y,Y,1,10,2,32,Sunday,False,False,False,Wattay International Airport,VTE
Phnom Penh International Airport,PNH,2024-08-18 08:00,Guangzhou Baiyun International Airport,CAN,2024-08-18 11:40,160,China Southern,Business Class,610,295.0,,1073,Y,Y,Y,1,10,2,32,Sunday,False,False,False,Wattay International Airport,VTE
Phnom Penh International Airport,PNH,2024-08-19 17:45,Wattay International Airport,VTE,2024-08-19 19:15,90,Vietnam Airlines,Business Class,90,,,393,Y,Y,Y,2,10,1,32,Monday,False,False,False,Wattay International Airport,VTE
Phnom Penh International Airport,PNH,2024-08-19 14:00,Kunming Changshui International Airport,KMG,2024-08-19 18:00,180,China Eastern,Business Class,420,150.0,,735,Y,Y,Y,1,10,2,32,Monday,False,False,False,Wattay International Airport,VTE
Phnom Penh International Airport,PNH,2024-08-20 17:45,Wattay International Airport,VTE,2024-08-20 19:15,90,Vietnam Airlines,Business Class,90,,,393,Y,Y,Y,2,10,1,32,Tuesday,False,False,False,Wattay International Airport,VTE
Phnom Penh International Airport,PNH,2024-08-20 15:05,Kunming Changshui International Airport,KMG,2024-08-20 18:50,165,China Eastern,Business Class,1115,855.0,True,735,Y,Y,Y,1,10,2,32,Tuesday,False,False,False,Wattay International Airport,VTE
Phnom Penh International Airport,PNH,2024-08-20 15:35,Guangzhou Baiyun International Airport,CAN,2024-08-20 19:20,165,China Southern,Business Class,1595,1275.0,True,1073,Y,Y,Y,1,10,2,32,Tuesday,False,False,False,Wattay International Airport,VTE
Phnom Penh International Airport,PNH,2024-08-20 23:55,Incheon International Airport,ICN,2024-08-21 07:20,325,Asiana,Business Class,1355,700.0,,1089,Y,Y,Y,2,10,2,32,Tuesday,True,False,False,Wattay International Airport,VTE
Phnom Penh International Airport,PNH,2024-08-21 17:45,Wattay International Airport,VTE,2024-08-21 19:15,90,Vietnam Airlines,Business Class,90,,,393,Y,Y,Y,2,10,1,32,Wednesday,False,False,False,Wattay International Airport,VTE
Phnom Penh International Airport,PNH,2024-08-21 14:00,Kunming Changshui International Airport,KMG,2024-08-21 18:00,180,China Eastern,Business Class,420,150.0,,735,Y,Y,Y,1,10,2,32,Wednesday,False,False,False,Wattay International Airport,VTE
Phnom Penh International Airport,PNH,2024-08-21 08:00,Guangzhou Baiyun International Airport,CAN,2024-08-21 11:40,160,China Southern,Business Class,610,295.0,,1073,Y,Y,Y,1,10,2,32,Wednesday,False,False,False,Wattay International Airport,VTE
Phnom Penh International Airport,PNH,2024-08-22 17:45,Wattay International Airport,VTE,2024-08-22 19:15,90,Vietnam Airlines,Business Class,90,,,393,Y,Y,Y,2,10,1,32,Thursday,False,False,False,Wattay International Airport,VTE
Phnom Penh International Airport,PNH,2024-08-22 15:05,Kunming Changshui International Airport,KMG,2024-08-22 18:50,165,China Eastern,Business Class,1115,855.0,True,735,Y,Y,Y,1,10,2,32,Thursday,False,False,False,Wattay International Airport,VTE
Phnom Penh International Airport,PNH,2024-08-22 15:35,Guangzhou Baiyun International Airport,CAN,2024-08-22 19:20,165,China Southern,Business Class,1595,1275.0,True,1073,Y,Y,Y,1,10,2,32,Thursday,False,False,False,Wattay International Airport,VTE
Phnom Penh International Airport,PNH,2024-08-23 17:45,Wattay International Airport,VTE,2024-08-23 19:15,90,Vietnam Airlines,Business Class,90,,,393,Y,Y,Y,2,10,1,32,Friday,False,False,False,Wattay International Airport,VTE
Phnom Penh International Airport,PNH,2024-08-23 14:00,Kunming Changshui International Airport,KMG,2024-08-23 17:45,165,China Eastern,Business Class,420,165.0,,735,Y,Y,Y,1,10,2,32,Friday,False,False,False,Wattay International Airport,VTE
Phnom Penh International Airport,PNH,2024-08-23 23:55,Incheon International Airport,ICN,2024-08-24 07:20,325,Asiana,Business Class,1355,700.0,,997,Y,Y,Y,2,10,2,32,Friday,True,False,False,Wattay International Airport,VTE
Phnom Penh International Airport,PNH,2024-08-23 08:00,Guangzhou Baiyun International Airport,CAN,2024-08-23 11:40,160,China Southern,Business Class,610,295.0,,1073,Y,Y,Y,1,10,2,32,Friday,False,False,False,Wattay International Airport,VTE
Phnom Penh International Airport,PNH,2024-08-24 17:45,Wattay International Airport,VTE,2024-08-24 19:15,90,Vietnam Airlines,Business Class,90,,,393,Y,Y,Y,2,10,1,32,Saturday,False,False,False,Wattay International Airport,VTE
Phnom Penh International Airport,PNH,2024-08-24 15:05,Kunming Changshui International Airport,KMG,2024-08-24 18:50,165,China Eastern,Business Class,1115,855.0,True,735,Y,Y,Y,1,10,2,32,Saturday,False,False,False,Wattay International Airport,VTE
Phnom Penh International Airport,PNH,2024-08-24 23:55,Incheon International Airport,ICN,2024-08-25 07:20,325,Asiana,Business Class,1355,700.0,,1028,Y,Y,Y,2,10,2,32,Saturday,True,False,False,Wattay International Airport,VTE
Phnom Penh International Airport,PNH,2024-08-25 17:45,Wattay International Airport,VTE,2024-08-25 19:15,90,Vietnam Airlines,Business Class,90,,,393,Y,Y,Y,2,10,1,32,Sunday,False,False,False,Wattay International Airport,VTE
Phnom Penh International Airport,PNH,2024-08-25 14:00,Kunming Changshui International Airport,KMG,2024-08-25 17:45,165,China Eastern,Business Class,420,165.0,,735,Y,Y,Y,1,10,2,32,Sunday,False,False,False,Wattay International Airport,VTE
Phnom Penh International Airport,PNH,2024-08-25 08:00,Guangzhou Baiyun International Airport,CAN,2024-08-25 11:40,160,China Southern,Business Class,610,295.0,,1073,Y,Y,Y,1,10,2,32,Sunday,False,False,False,Wattay International Airport,VTE
Phnom Penh International Airport,PNH,2024-08-26 17:45,Wattay International Airport,VTE,2024-08-26 19:15,90,Vietnam Airlines,Business Class,90,,,393,Y,Y,Y,2,10,1,32,Monday,False,False,False,Wattay International Airport,VTE
Phnom Penh International Airport,PNH,2024-08-26 14:00,Kunming Changshui International Airport,KMG,2024-08-26 18:00,180,China Eastern,Business Class,420,150.0,,735,Y,Y,Y,1,10,2,32,Monday,False,False,False,Wattay International Airport,VTE
Phnom Penh International Airport,PNH,2024-08-27 17:45,Wattay International Airport,VTE,2024-08-27 19:15,90,Vietnam Airlines,Business Class,90,,,393,Y,Y,Y,2,10,1,32,Tuesday,False,False,False,Wattay International Airport,VTE
Phnom Penh International Airport,PNH,2024-08-27 15:05,Kunming Changshui International Airport,KMG,2024-08-27 18:50,165,China Eastern,Business Class,1115,855.0,True,735,Y,Y,Y,1,10,2,32,Tuesday,False,False,False,Wattay International Airport,VTE
Phnom Penh International Airport,PNH,2024-08-27 23:55,Incheon International Airport,ICN,2024-08-28 07:20,325,Asiana,Business Class,1355,700.0,,997,Y,Y,Y,2,10,2,32,Tuesday,True,False,False,Wattay International Airport,VTE
Phnom Penh International Airport,PNH,2024-08-28 17:45,Wattay International Airport,VTE,2024-08-28 19:15,90,Vietnam Airlines,Business Class,90,,,393,Y,Y,Y,2,10,1,32,Wednesday,False,False,False,Wattay International Airport,VTE
Phnom Penh International Airport,PNH,2024-08-28 14:00,Kunming Changshui International Airport,KMG,2024-08-28 18:00,180,China Eastern,Business Class,420,150.0,,735,Y,Y,Y,1,10,2,32,Wednesday,False,False,False,Wattay International Airport,VTE
Phnom Penh International Airport,PNH,2024-08-28 23:55,Incheon International Airport,ICN,2024-08-29 07:20,325,Asiana,Business Class,1355,700.0,,997,Y,Y,Y,2,10,2,32,Wednesday,True,False,False,Wattay International Airport,VTE
Phnom Penh International Airport,PNH,2024-08-28 08:00,Guangzhou Baiyun International Airport,CAN,2024-08-28 11:40,160,China Southern,Business Class,610,295.0,,1073,Y,Y,Y,1,10,2,32,Wednesday,False,False,False,Wattay International Airport,VTE
Phnom Penh International Airport,PNH,2024-08-29 17:45,Wattay International Airport,VTE,2024-08-29 19:15,90,Vietnam Airlines,Business Class,90,,,393,Y,Y,Y,2,10,1,32,Thursday,False,False,False,Wattay International Airport,VTE
Phnom Penh International Airport,PNH,2024-08-29 15:05,Kunming Changshui International Airport,KMG,2024-08-29 18:50,165,China Eastern,Business Class,1115,855.0,True,735,Y,Y,Y,1,10,2,32,Thursday,False,False,False,Wattay International Airport,VTE
Phnom Penh International Airport,PNH,2024-08-29 15:35,Guangzhou Baiyun International Airport,CAN,2024-08-29 19:20,165,China Southern,Business Class,1595,1275.0,True,1073,Y,Y,Y,1,10,2,32,Thursday,False,False,False,Wattay International Airport,VTE
Phnom Penh International Airport,PNH,2024-08-30 17:45,Wattay International Airport,VTE,2024-08-30 19:15,90,Vietnam Airlines,Business Class,90,,,393,Y,Y,Y,2,10,1,32,Friday,False,False,False,Wattay International Airport,VTE
Phnom Penh International Airport,PNH,2024-08-30 14:00,Kunming Changshui International Airport,KMG,2024-08-30 17:45,165,China Eastern,Business Class,420,165.0,,735,Y,Y,Y,1,10,2,32,Friday,False,False,False,Wattay International Airport,VTE
Phnom Penh International Airport,PNH,2024-08-30 23:55,Incheon International Airport,ICN,2024-08-31 07:20,325,Asiana,Business Class,1355,700.0,,997,Y,Y,Y,2,10,2,32,Friday,True,False,False,Wattay International Airport,VTE
Phnom Penh International Airport,PNH,2024-08-30 08:00,Guangzhou Baiyun International Airport,CAN,2024-08-30 11:40,160,China Southern,Business Class,610,295.0,,1073,Y,Y,Y,1,10,2,32,Friday,False,False,False,Wattay International Airport,VTE
Phnom Penh International Airport,PNH,2024-08-31 17:45,Wattay International Airport,VTE,2024-08-31 19:15,90,Vietnam Airlines,Business Class,90,,,393,Y,Y,Y,2,10,1,32,Saturday,False,False,False,Wattay International Airport,VTE
Phnom Penh International Airport,PNH,2024-08-31 15:05,Kunming Changshui International Airport,KMG,2024-08-31 18:50,165,China Eastern,Business Class,1115,855.0,True,735,Y,Y,Y,1,10,2,32,Saturday,False,False,False,Wattay International Airport,VTE
Phnom Penh International Airport,PNH,2024-08-31 23:55,Incheon International Airport,ICN,2024-09-01 07:20,325,Asiana,Business Class,1355,700.0,,986,Y,Y,Y,2,10,2,32,Saturday,True,False,False,Wattay International Airport,VTE
