Departure Airport Name,Departure Airport ID,Departure Time,Arrival Airport Name,Arrival Airport ID,Arrival Time,Duration,Airline,Travel Class,Total Duration,Layover 1 Duration,Layover 1 Overnight,Price, Cabin Baggage, Checked Baggage,Meal Included,Cabin Baggage (Number),Cabin Baggage (kg per piece),Checked Baggage (Number),Checked Baggage (kg per piece) ,Day of Week (on flight date),Overnight Flight,Departure Country Is Holiday,Arrival Country Is Holiday,Final Arrival Airport Name,Final Arrival Airport ID
Phnom Penh International Airport,PNH,2024-07-01 20:50,Singapore Changi Airport,SIN,2024-07-01 23:50,120,Emirates,Business Class,120,,,608,Y,Y,Y,1,7,1,40,Monday,False,False,False,Singapore Changi Airport,SIN
Phnom Penh International Airport,PNH,2024-07-01 11:10,Kuala Lumpur International Airport,KUL,2024-07-01 14:00,110,Malaysia Airlines,Business Class,320,130.0,,615,Y,Y,Y,1,8,2,23,Monday,False,False,False,Singapore Changi Airport,SIN
Phnom Penh International Airport,PNH,2024-07-01 09:35,Singapore Changi Airport,SIN,2024-07-01 12:40,125,Singapore Airlines,Business Class,125,,,856,Y,Y,Y,1,7,1,23,Monday,False,False,False,Singapore Changi Airport,SIN
Phnom Penh International Airport,PNH,2024-07-01 14:05,Singapore Changi Airport,SIN,2024-07-01 17:10,125,Singapore Airlines,Business Class,125,,,1179,Y,Y,Y,1,7,1,23,Monday,False,False,False,Singapore Changi Airport,SIN
Phnom Penh International Airport,PNH,2024-07-01 18:25,Singapore Changi Airport,SIN,2024-07-01 21:25,120,Singapore Airlines,Business Class,120,,,1179,Y,Y,Y,1,7,1,23,Monday,False,False,False,Singapore Changi Airport,SIN
Phnom Penh International Airport,PNH,2024-07-01 18:20,Kuala Lumpur International Airport,KUL,2024-07-01 21:10,110,Malaysia Airlines,Business Class,290,115.0,,615,Y,Y,Y,1,8,2,23,Monday,False,False,False,Singapore Changi Airport,SIN
Phnom Penh International Airport,PNH,2024-07-01 12:05,Guangzhou Baiyun International Airport,CAN,2024-07-01 15:50,165,China Southern,Business Class,585,180.0,,1116,Y,Y,Y,1,10,2,32,Monday,False,False,False,Singapore Changi Airport,SIN
Phnom Penh International Airport,PNH,2024-07-02 20:50,Singapore Changi Airport,SIN,2024-07-02 23:50,120,Emirates,Business Class,120,,,608,Y,Y,Y,1,7,1,40,Tuesday,False,False,False,Singapore Changi Airport,SIN
Phnom Penh International Airport,PNH,2024-07-02 11:10,Kuala Lumpur International Airport,KUL,2024-07-02 14:00,110,Malaysia Airlines,Business Class,320,130.0,,615,Y,Y,Y,1,8,2,23,Tuesday,False,False,False,Singapore Changi Airport,SIN
Phnom Penh International Airport,PNH,2024-07-02 14:05,Singapore Changi Airport,SIN,2024-07-02 17:10,125,Singapore Airlines,Business Class,125,,,948,Y,Y,Y,1,7,1,23,Tuesday,False,False,False,Singapore Changi Airport,SIN
Phnom Penh International Airport,PNH,2024-07-02 18:20,Kuala Lumpur International Airport,KUL,2024-07-02 21:10,110,Malaysia Airlines,Business Class,290,115.0,,615,Y,Y,Y,1,8,2,23,Tuesday,False,False,False,Singapore Changi Airport,SIN
Phnom Penh International Airport,PNH,2024-07-02 09:35,Singapore Changi Airport,SIN,2024-07-02 12:40,125,Singapore Airlines,Business Class,125,,,1179,Y,Y,Y,1,7,1,23,Tuesday,False,False,False,Singapore Changi Airport,SIN
Phnom Penh International Airport,PNH,2024-07-03 20:50,Singapore Changi Airport,SIN,2024-07-03 23:50,120,Emirates,Business Class,120,,,608,Y,Y,Y,1,7,1,40,Wednesday,False,False,False,Singapore Changi Airport,SIN
Phnom Penh International Airport,PNH,2024-07-03 11:10,Kuala Lumpur International Airport,KUL,2024-07-03 14:00,110,Malaysia Airlines,Business Class,320,130.0,,615,Y,Y,Y,1,8,2,23,Wednesday,False,False,False,Singapore Changi Airport,SIN
Phnom Penh International Airport,PNH,2024-07-03 18:40,Singapore Changi Airport,SIN,2024-07-03 21:40,120,Singapore Airlines,Business Class,120,,,686,Y,Y,Y,1,7,1,23,Wednesday,False,False,False,Singapore Changi Airport,SIN
Phnom Penh International Airport,PNH,2024-07-03 09:35,Singapore Changi Airport,SIN,2024-07-03 12:40,125,Singapore Airlines,Business Class,125,,,1053,Y,Y,Y,1,7,1,23,Wednesday,False,False,False,Singapore Changi Airport,SIN
Phnom Penh International Airport,PNH,2024-07-03 14:05,Singapore Changi Airport,SIN,2024-07-03 17:10,125,Singapore Airlines,Business Class,125,,,1179,Y,Y,Y,1,7,1,23,Wednesday,False,False,False,Singapore Changi Airport,SIN
Phnom Penh International Airport,PNH,2024-07-03 18:20,Kuala Lumpur International Airport,KUL,2024-07-03 21:10,110,Malaysia Airlines,Business Class,290,115.0,,615,Y,Y,Y,1,8,2,23,Wednesday,False,False,False,Singapore Changi Airport,SIN
Phnom Penh International Airport,PNH,2024-07-03 00:50,Ninoy Aquino International Airport,MNL,2024-07-03 04:40,170,Philippine Airlines,Business Class,470,65.0,True,1126,Y,Y,Y,1,7,2,32,Wednesday,False,False,False,Singapore Changi Airport,SIN
Phnom Penh International Airport,PNH,2024-07-04 20:50,Singapore Changi Airport,SIN,2024-07-04 23:50,120,Emirates,Business Class,120,,,608,Y,Y,Y,1,7,1,40,Thursday,False,False,False,Singapore Changi Airport,SIN
Phnom Penh International Airport,PNH,2024-07-04 18:20,Kuala Lumpur International Airport,KUL,2024-07-04 21:10,110,Malaysia Airlines,Business Class,290,115.0,,615,Y,Y,Y,1,8,2,23,Thursday,False,False,False,Singapore Changi Airport,SIN
Phnom Penh International Airport,PNH,2024-07-04 09:35,Singapore Changi Airport,SIN,2024-07-04 12:40,125,Singapore Airlines,Business Class,125,,,1179,Y,Y,Y,1,7,1,23,Thursday,False,False,False,Singapore Changi Airport,SIN
Phnom Penh International Airport,PNH,2024-07-04 14:05,Singapore Changi Airport,SIN,2024-07-04 17:10,125,Singapore Airlines,Business Class,125,,,1179,Y,Y,Y,1,7,1,23,Thursday,False,False,False,Singapore Changi Airport,SIN
Phnom Penh International Airport,PNH,2024-07-04 18:25,Singapore Changi Airport,SIN,2024-07-04 21:25,120,Singapore Airlines,Business Class,120,,,1179,Y,Y,Y,1,7,1,23,Thursday,False,False,False,Singapore Changi Airport,SIN
Phnom Penh International Airport,PNH,2024-07-04 08:00,Guangzhou Baiyun International Airport,CAN,2024-07-04 11:40,160,China Southern,Business Class,830,430.0,,965,Y,Y,Y,1,10,2,32,Thursday,False,False,False,Singapore Changi Airport,SIN
Phnom Penh International Airport,PNH,2024-07-05 20:50,Singapore Changi Airport,SIN,2024-07-05 23:50,120,Emirates,Business Class,120,,,608,Y,Y,Y,1,7,1,40,Friday,False,False,False,Singapore Changi Airport,SIN
Phnom Penh International Airport,PNH,2024-07-05 11:10,Kuala Lumpur International Airport,KUL,2024-07-05 14:00,110,Malaysia Airlines,Business Class,320,130.0,,615,Y,Y,Y,1,8,2,23,Friday,False,False,False,Singapore Changi Airport,SIN
Phnom Penh International Airport,PNH,2024-07-05 14:05,Singapore Changi Airport,SIN,2024-07-05 17:10,125,Singapore Airlines,Business Class,125,,,1179,Y,Y,Y,1,7,1,23,Friday,False,False,False,Singapore Changi Airport,SIN
Phnom Penh International Airport,PNH,2024-07-05 18:25,Singapore Changi Airport,SIN,2024-07-05 21:25,120,Singapore Airlines,Business Class,120,,,1179,Y,Y,Y,1,7,1,23,Friday,False,False,False,Singapore Changi Airport,SIN
Phnom Penh International Airport,PNH,2024-07-05 18:20,Kuala Lumpur International Airport,KUL,2024-07-05 21:10,110,Malaysia Airlines,Business Class,290,115.0,,615,Y,Y,Y,1,8,2,23,Friday,False,False,False,Singapore Changi Airport,SIN
Phnom Penh International Airport,PNH,2024-07-05 00:50,Ninoy Aquino International Airport,MNL,2024-07-05 04:40,170,Philippine Airlines,Business Class,470,65.0,True,1126,Y,Y,Y,1,7,2,32,Friday,False,False,False,Singapore Changi Airport,SIN
Phnom Penh International Airport,PNH,2024-07-05 08:00,Guangzhou Baiyun International Airport,CAN,2024-07-05 11:40,160,China Southern,Business Class,470,65.0,,1356,Y,Y,Y,1,10,2,32,Friday,False,False,False,Singapore Changi Airport,SIN
Phnom Penh International Airport,PNH,2024-07-06 20:50,Singapore Changi Airport,SIN,2024-07-06 23:50,120,Emirates,Business Class,120,,,608,Y,Y,Y,1,7,1,40,Saturday,False,False,False,Singapore Changi Airport,SIN
Phnom Penh International Airport,PNH,2024-07-06 18:20,Kuala Lumpur International Airport,KUL,2024-07-06 21:10,110,Malaysia Airlines,Business Class,290,115.0,,615,Y,Y,Y,1,8,2,23,Saturday,False,False,False,Singapore Changi Airport,SIN
Phnom Penh International Airport,PNH,2024-07-06 18:40,Singapore Changi Airport,SIN,2024-07-06 21:40,120,Singapore Airlines,Business Class,120,,,686,Y,Y,Y,1,7,1,23,Saturday,False,False,False,Singapore Changi Airport,SIN
Phnom Penh International Airport,PNH,2024-07-06 09:35,Singapore Changi Airport,SIN,2024-07-06 12:40,125,Singapore Airlines,Business Class,125,,,1179,Y,Y,Y,1,7,1,23,Saturday,False,False,False,Singapore Changi Airport,SIN
Phnom Penh International Airport,PNH,2024-07-06 14:05,Singapore Changi Airport,SIN,2024-07-06 17:10,125,Singapore Airlines,Business Class,125,,,1179,Y,Y,Y,1,7,1,23,Saturday,False,False,False,Singapore Changi Airport,SIN
Phnom Penh International Airport,PNH,2024-07-06 00:50,Ninoy Aquino International Airport,MNL,2024-07-06 04:40,170,Philippine Airlines,Business Class,470,65.0,True,1126,Y,Y,Y,1,7,2,32,Saturday,False,False,False,Singapore Changi Airport,SIN
Phnom Penh International Airport,PNH,2024-07-07 20:50,Singapore Changi Airport,SIN,2024-07-07 23:50,120,Emirates,Business Class,120,,,608,Y,Y,Y,1,7,1,40,Sunday,False,False,False,Singapore Changi Airport,SIN
Phnom Penh International Airport,PNH,2024-07-07 11:10,Kuala Lumpur International Airport,KUL,2024-07-07 14:00,110,Malaysia Airlines,Business Class,320,130.0,,615,Y,Y,Y,1,8,2,23,Sunday,False,False,False,Singapore Changi Airport,SIN
Phnom Penh International Airport,PNH,2024-07-07 18:40,Singapore Changi Airport,SIN,2024-07-07 21:40,120,Singapore Airlines,Business Class,120,,,686,Y,Y,Y,1,7,1,23,Sunday,False,False,False,Singapore Changi Airport,SIN
Phnom Penh International Airport,PNH,2024-07-07 09:35,Singapore Changi Airport,SIN,2024-07-07 12:40,125,Singapore Airlines,Business Class,125,,,1179,Y,Y,Y,1,7,1,23,Sunday,False,False,False,Singapore Changi Airport,SIN
Phnom Penh International Airport,PNH,2024-07-07 14:05,Singapore Changi Airport,SIN,2024-07-07 17:10,125,Singapore Airlines,Business Class,125,,,1179,Y,Y,Y,1,7,1,23,Sunday,False,False,False,Singapore Changi Airport,SIN
Phnom Penh International Airport,PNH,2024-07-07 18:20,Kuala Lumpur International Airport,KUL,2024-07-07 21:10,110,Malaysia Airlines,Business Class,290,115.0,,615,Y,Y,Y,1,8,2,23,Sunday,False,False,False,Singapore Changi Airport,SIN
Phnom Penh International Airport,PNH,2024-07-07 00:50,Ninoy Aquino International Airport,MNL,2024-07-07 04:40,170,Philippine Airlines,Business Class,470,65.0,True,1126,Y,Y,Y,1,7,2,32,Sunday,False,False,False,Singapore Changi Airport,SIN
Phnom Penh International Airport,PNH,2024-07-08 20:50,Singapore Changi Airport,SIN,2024-07-08 23:50,120,Emirates,Business Class,120,,,608,Y,Y,Y,1,7,1,40,Monday,False,False,False,Singapore Changi Airport,SIN
Phnom Penh International Airport,PNH,2024-07-08 09:35,Singapore Changi Airport,SIN,2024-07-08 12:40,125,Singapore Airlines,Business Class,125,,,774,Y,Y,Y,1,7,1,23,Monday,False,False,False,Singapore Changi Airport,SIN
Phnom Penh International Airport,PNH,2024-07-08 14:05,Singapore Changi Airport,SIN,2024-07-08 17:10,125,Singapore Airlines,Business Class,125,,,774,Y,Y,Y,1,7,1,23,Monday,False,False,False,Singapore Changi Airport,SIN
Phnom Penh International Airport,PNH,2024-07-08 11:10,Kuala Lumpur International Airport,KUL,2024-07-08 14:00,110,Malaysia Airlines,Business Class,320,130.0,,615,Y,Y,Y,1,8,2,23,Monday,False,False,False,Singapore Changi Airport,SIN
Phnom Penh International Airport,PNH,2024-07-08 18:20,Kuala Lumpur International Airport,KUL,2024-07-08 21:10,110,Malaysia Airlines,Business Class,290,115.0,,615,Y,Y,Y,1,8,2,23,Monday,False,False,False,Singapore Changi Airport,SIN
Phnom Penh International Airport,PNH,2024-07-08 18:25,Singapore Changi Airport,SIN,2024-07-08 21:25,120,Singapore Airlines,Business Class,120,,,1179,Y,Y,Y,1,7,1,23,Monday,False,False,False,Singapore Changi Airport,SIN
Phnom Penh International Airport,PNH,2024-07-09 20:50,Singapore Changi Airport,SIN,2024-07-09 23:50,120,Emirates,Business Class,120,,,608,Y,Y,Y,1,7,1,40,Tuesday,False,False,False,Singapore Changi Airport,SIN
Phnom Penh International Airport,PNH,2024-07-09 11:10,Kuala Lumpur International Airport,KUL,2024-07-09 14:00,110,Malaysia Airlines,Business Class,320,130.0,,615,Y,Y,Y,1,8,2,23,Tuesday,False,False,False,Singapore Changi Airport,SIN
Phnom Penh International Airport,PNH,2024-07-09 18:25,Singapore Changi Airport,SIN,2024-07-09 21:25,120,Singapore Airlines,Business Class,120,,,1053,Y,Y,Y,1,7,1,23,Tuesday,False,False,False,Singapore Changi Airport,SIN
Phnom Penh International Airport,PNH,2024-07-09 09:35,Singapore Changi Airport,SIN,2024-07-09 12:40,125,Singapore Airlines,Business Class,125,,,1179,Y,Y,Y,1,7,1,23,Tuesday,False,False,False,Singapore Changi Airport,SIN
Phnom Penh International Airport,PNH,2024-07-09 14:05,Singapore Changi Airport,SIN,2024-07-09 17:10,125,Singapore Airlines,Business Class,125,,,1179,Y,Y,Y,1,7,1,23,Tuesday,False,False,False,Singapore Changi Airport,SIN
Phnom Penh International Airport,PNH,2024-07-09 18:20,Kuala Lumpur International Airport,KUL,2024-07-09 21:10,110,Malaysia Airlines,Business Class,290,115.0,,615,Y,Y,Y,1,8,2,23,Tuesday,False,False,False,Singapore Changi Airport,SIN
Phnom Penh International Airport,PNH,2024-07-10 20:50,Singapore Changi Airport,SIN,2024-07-10 23:50,120,Emirates,Business Class,120,,,608,Y,Y,Y,1,7,1,40,Wednesday,False,False,False,Singapore Changi Airport,SIN
Phnom Penh International Airport,PNH,2024-07-10 11:10,Kuala Lumpur International Airport,KUL,2024-07-10 14:00,110,Malaysia Airlines,Business Class,320,130.0,,615,Y,Y,Y,1,8,2,23,Wednesday,False,False,False,Singapore Changi Airport,SIN
Phnom Penh International Airport,PNH,2024-07-10 18:40,Singapore Changi Airport,SIN,2024-07-10 21:40,120,Singapore Airlines,Business Class,120,,,686,Y,Y,Y,1,7,1,23,Wednesday,False,False,False,Singapore Changi Airport,SIN
Phnom Penh International Airport,PNH,2024-07-10 09:35,Singapore Changi Airport,SIN,2024-07-10 12:40,125,Singapore Airlines,Business Class,125,,,774,Y,Y,Y,1,7,1,23,Wednesday,False,False,False,Singapore Changi Airport,SIN
Phnom Penh International Airport,PNH,2024-07-10 14:05,Singapore Changi Airport,SIN,2024-07-10 17:10,125,Singapore Airlines,Business Class,125,,,1053,Y,Y,Y,1,7,1,23,Wednesday,False,False,False,Singapore Changi Airport,SIN
Phnom Penh International Airport,PNH,2024-07-10 18:20,Kuala Lumpur International Airport,KUL,2024-07-10 21:10,110,Malaysia Airlines,Business Class,290,115.0,,615,Y,Y,Y,1,8,2,23,Wednesday,False,False,False,Singapore Changi Airport,SIN
Phnom Penh International Airport,PNH,2024-07-10 00:50,Ninoy Aquino International Airport,MNL,2024-07-10 04:40,170,Philippine Airlines,Business Class,470,65.0,True,1126,Y,Y,Y,1,7,2,32,Wednesday,False,False,False,Singapore Changi Airport,SIN
Phnom Penh International Airport,PNH,2024-07-11 20:50,Singapore Changi Airport,SIN,2024-07-11 23:50,120,Emirates,Business Class,120,,,608,Y,Y,Y,1,7,1,40,Thursday,False,False,False,Singapore Changi Airport,SIN
Phnom Penh International Airport,PNH,2024-07-11 18:20,Kuala Lumpur International Airport,KUL,2024-07-11 21:10,110,Malaysia Airlines,Business Class,290,115.0,,615,Y,Y,Y,1,8,2,23,Thursday,False,False,False,Singapore Changi Airport,SIN
Phnom Penh International Airport,PNH,2024-07-11 18:25,Singapore Changi Airport,SIN,2024-07-11 21:25,120,Singapore Airlines,Business Class,120,,,948,Y,Y,Y,1,7,1,23,Thursday,False,False,False,Singapore Changi Airport,SIN
Phnom Penh International Airport,PNH,2024-07-11 09:35,Singapore Changi Airport,SIN,2024-07-11 12:40,125,Singapore Airlines,Business Class,125,,,1179,Y,Y,Y,1,7,1,23,Thursday,False,False,False,Singapore Changi Airport,SIN
Phnom Penh International Airport,PNH,2024-07-11 14:05,Singapore Changi Airport,SIN,2024-07-11 17:10,125,Singapore Airlines,Business Class,125,,,1179,Y,Y,Y,1,7,1,23,Thursday,False,False,False,Singapore Changi Airport,SIN
Phnom Penh International Airport,PNH,2024-07-12 20:50,Singapore Changi Airport,SIN,2024-07-12 23:50,120,Emirates,Business Class,120,,,608,Y,Y,Y,1,7,1,40,Friday,False,False,False,Singapore Changi Airport,SIN
Phnom Penh International Airport,PNH,2024-07-12 11:10,Kuala Lumpur International Airport,KUL,2024-07-12 14:00,110,Malaysia Airlines,Business Class,320,130.0,,615,Y,Y,Y,1,8,2,23,Friday,False,False,False,Singapore Changi Airport,SIN
Phnom Penh International Airport,PNH,2024-07-12 18:20,Kuala Lumpur International Airport,KUL,2024-07-12 21:10,110,Malaysia Airlines,Business Class,290,115.0,,615,Y,Y,Y,1,8,2,23,Friday,False,False,False,Singapore Changi Airport,SIN
Phnom Penh International Airport,PNH,2024-07-12 00:50,Ninoy Aquino International Airport,MNL,2024-07-12 04:40,170,Philippine Airlines,Business Class,470,65.0,True,1126,Y,Y,Y,1,7,2,32,Friday,False,False,False,Singapore Changi Airport,SIN
Phnom Penh International Airport,PNH,2024-07-12 08:00,Guangzhou Baiyun International Airport,CAN,2024-07-12 11:40,160,China Southern,Business Class,470,65.0,,1356,Y,Y,Y,1,10,2,32,Friday,False,False,False,Singapore Changi Airport,SIN
Phnom Penh International Airport,PNH,2024-07-12 12:05,Guangzhou Baiyun International Airport,CAN,2024-07-12 15:50,165,China Southern,Business Class,585,180.0,,1507,Y,Y,Y,1,10,2,32,Friday,False,False,False,Singapore Changi Airport,SIN
Phnom Penh International Airport,PNH,2024-07-13 20:50,Singapore Changi Airport,SIN,2024-07-13 23:50,120,Emirates,Business Class,120,,,608,Y,Y,Y,1,7,1,40,Saturday,False,False,False,Singapore Changi Airport,SIN
Phnom Penh International Airport,PNH,2024-07-13 18:20,Kuala Lumpur International Airport,KUL,2024-07-13 21:10,110,Malaysia Airlines,Business Class,290,115.0,,615,Y,Y,Y,1,8,2,23,Saturday,False,False,False,Singapore Changi Airport,SIN
Phnom Penh International Airport,PNH,2024-07-13 18:40,Singapore Changi Airport,SIN,2024-07-13 21:40,120,Singapore Airlines,Business Class,120,,,686,Y,Y,Y,1,7,1,23,Saturday,False,False,False,Singapore Changi Airport,SIN
Phnom Penh International Airport,PNH,2024-07-13 09:35,Singapore Changi Airport,SIN,2024-07-13 12:40,125,Singapore Airlines,Business Class,125,,,774,Y,Y,Y,1,7,1,23,Saturday,False,False,False,Singapore Changi Airport,SIN
Phnom Penh International Airport,PNH,2024-07-13 00:50,Ninoy Aquino International Airport,MNL,2024-07-13 04:40,170,Philippine Airlines,Business Class,470,65.0,True,1126,Y,Y,Y,1,7,2,32,Saturday,False,False,False,Singapore Changi Airport,SIN
Phnom Penh International Airport,PNH,2024-07-14 20:50,Singapore Changi Airport,SIN,2024-07-14 23:50,120,Emirates,Business Class,120,,,608,Y,Y,Y,1,7,1,40,Sunday,False,False,False,Singapore Changi Airport,SIN
Phnom Penh International Airport,PNH,2024-07-14 18:40,Singapore Changi Airport,SIN,2024-07-14 21:40,120,Singapore Airlines,Business Class,120,,,686,Y,Y,Y,1,7,1,23,Sunday,False,False,False,Singapore Changi Airport,SIN
Phnom Penh International Airport,PNH,2024-07-14 09:35,Singapore Changi Airport,SIN,2024-07-14 12:40,125,Singapore Airlines,Business Class,125,,,774,Y,Y,Y,1,7,1,23,Sunday,False,False,False,Singapore Changi Airport,SIN
Phnom Penh International Airport,PNH,2024-07-14 14:05,Singapore Changi Airport,SIN,2024-07-14 17:10,125,Singapore Airlines,Business Class,125,,,774,Y,Y,Y,1,7,1,23,Sunday,False,False,False,Singapore Changi Airport,SIN
Phnom Penh International Airport,PNH,2024-07-14 11:10,Kuala Lumpur International Airport,KUL,2024-07-14 14:00,110,Malaysia Airlines,Business Class,320,130.0,,615,Y,Y,Y,1,8,2,23,Sunday,False,False,False,Singapore Changi Airport,SIN
Phnom Penh International Airport,PNH,2024-07-14 18:20,Kuala Lumpur International Airport,KUL,2024-07-14 21:10,110,Malaysia Airlines,Business Class,290,115.0,,615,Y,Y,Y,1,8,2,23,Sunday,False,False,False,Singapore Changi Airport,SIN
Phnom Penh International Airport,PNH,2024-07-14 00:50,Ninoy Aquino International Airport,MNL,2024-07-14 04:40,170,Philippine Airlines,Business Class,470,65.0,True,1126,Y,Y,Y,1,7,2,32,Sunday,False,False,False,Singapore Changi Airport,SIN
Phnom Penh International Airport,PNH,2024-07-15 20:50,Singapore Changi Airport,SIN,2024-07-15 23:50,120,Emirates,Business Class,120,,,608,Y,Y,Y,1,7,1,40,Monday,False,False,False,Singapore Changi Airport,SIN
Phnom Penh International Airport,PNH,2024-07-15 11:10,Kuala Lumpur International Airport,KUL,2024-07-15 14:00,110,Malaysia Airlines,Business Class,320,130.0,,615,Y,Y,Y,1,8,2,23,Monday,False,False,False,Singapore Changi Airport,SIN
Phnom Penh International Airport,PNH,2024-07-15 09:35,Singapore Changi Airport,SIN,2024-07-15 12:40,125,Singapore Airlines,Business Class,125,,,774,Y,Y,Y,1,7,1,23,Monday,False,False,False,Singapore Changi Airport,SIN
Phnom Penh International Airport,PNH,2024-07-15 18:20,Kuala Lumpur International Airport,KUL,2024-07-15 21:10,110,Malaysia Airlines,Business Class,290,115.0,,615,Y,Y,Y,1,8,2,23,Monday,False,False,False,Singapore Changi Airport,SIN
Phnom Penh International Airport,PNH,2024-07-15 11:10,Kuala Lumpur International Airport,KUL,2024-07-15 14:00,110,Malaysia Airlines,Business Class,350,155.0,,1823,Y,Y,Y,1,8,2,23,Monday,False,False,False,Singapore Changi Airport,SIN
Phnom Penh International Airport,PNH,2024-07-15 12:05,Guangzhou Baiyun International Airport,CAN,2024-07-15 15:50,165,China Southern,Business Class,585,180.0,,2711,Y,Y,Y,1,10,2,32,Monday,False,False,False,Singapore Changi Airport,SIN
Phnom Penh International Airport,PNH,2024-07-16 20:50,Singapore Changi Airport,SIN,2024-07-16 23:50,120,Emirates,Business Class,120,,,608,Y,Y,Y,1,7,1,40,Tuesday,False,False,False,Singapore Changi Airport,SIN
Phnom Penh International Airport,PNH,2024-07-16 11:10,Kuala Lumpur International Airport,KUL,2024-07-16 14:00,110,Malaysia Airlines,Business Class,320,130.0,,615,Y,Y,Y,1,8,2,23,Tuesday,False,False,False,Singapore Changi Airport,SIN
Phnom Penh International Airport,PNH,2024-07-16 09:35,Singapore Changi Airport,SIN,2024-07-16 12:40,125,Singapore Airlines,Business Class,125,,,774,Y,Y,Y,1,7,1,23,Tuesday,False,False,False,Singapore Changi Airport,SIN
Phnom Penh International Airport,PNH,2024-07-16 18:25,Singapore Changi Airport,SIN,2024-07-16 21:25,120,Singapore Airlines,Business Class,120,,,1053,Y,Y,Y,1,7,1,23,Tuesday,False,False,False,Singapore Changi Airport,SIN
Phnom Penh International Airport,PNH,2024-07-16 14:05,Singapore Changi Airport,SIN,2024-07-16 17:10,125,Singapore Airlines,Business Class,125,,,1179,Y,Y,Y,1,7,1,23,Tuesday,False,False,False,Singapore Changi Airport,SIN
Phnom Penh International Airport,PNH,2024-07-16 18:20,Kuala Lumpur International Airport,KUL,2024-07-16 21:10,110,Malaysia Airlines,Business Class,290,115.0,,615,Y,Y,Y,1,8,2,23,Tuesday,False,False,False,Singapore Changi Airport,SIN
Phnom Penh International Airport,PNH,2024-07-17 20:50,Singapore Changi Airport,SIN,2024-07-17 23:50,120,Emirates,Business Class,120,,,608,Y,Y,Y,1,7,1,40,Wednesday,False,False,False,Singapore Changi Airport,SIN
Phnom Penh International Airport,PNH,2024-07-17 11:10,Kuala Lumpur International Airport,KUL,2024-07-17 14:00,110,Malaysia Airlines,Business Class,320,130.0,,615,Y,Y,Y,1,8,2,23,Wednesday,False,False,False,Singapore Changi Airport,SIN
Phnom Penh International Airport,PNH,2024-07-17 18:40,Singapore Changi Airport,SIN,2024-07-17 21:40,120,Singapore Airlines,Business Class,120,,,686,Y,Y,Y,1,7,1,23,Wednesday,False,False,False,Singapore Changi Airport,SIN
Phnom Penh International Airport,PNH,2024-07-17 14:05,Singapore Changi Airport,SIN,2024-07-17 17:10,125,Singapore Airlines,Business Class,125,,,1053,Y,Y,Y,1,7,1,23,Wednesday,False,False,False,Singapore Changi Airport,SIN
Phnom Penh International Airport,PNH,2024-07-17 09:35,Singapore Changi Airport,SIN,2024-07-17 12:40,125,Singapore Airlines,Business Class,125,,,1179,Y,Y,Y,1,7,1,23,Wednesday,False,False,False,Singapore Changi Airport,SIN
Phnom Penh International Airport,PNH,2024-07-17 18:20,Kuala Lumpur International Airport,KUL,2024-07-17 21:10,110,Malaysia Airlines,Business Class,290,115.0,,615,Y,Y,Y,1,8,2,23,Wednesday,False,False,False,Singapore Changi Airport,SIN
Phnom Penh International Airport,PNH,2024-07-17 00:50,Ninoy Aquino International Airport,MNL,2024-07-17 04:40,170,Philippine Airlines,Business Class,470,65.0,True,1126,Y,Y,Y,1,7,2,32,Wednesday,False,False,False,Singapore Changi Airport,SIN
Phnom Penh International Airport,PNH,2024-07-18 20:50,Singapore Changi Airport,SIN,2024-07-18 23:50,120,Emirates,Business Class,120,,,608,Y,Y,Y,1,7,1,40,Thursday,False,False,False,Singapore Changi Airport,SIN
Phnom Penh International Airport,PNH,2024-07-18 18:20,Kuala Lumpur International Airport,KUL,2024-07-18 21:10,110,Malaysia Airlines,Business Class,290,115.0,,615,Y,Y,Y,1,8,2,23,Thursday,False,False,False,Singapore Changi Airport,SIN
Phnom Penh International Airport,PNH,2024-07-18 09:35,Singapore Changi Airport,SIN,2024-07-18 12:40,125,Singapore Airlines,Business Class,125,,,774,Y,Y,Y,1,7,1,23,Thursday,False,False,False,Singapore Changi Airport,SIN
Phnom Penh International Airport,PNH,2024-07-18 14:05,Singapore Changi Airport,SIN,2024-07-18 17:10,125,Singapore Airlines,Business Class,125,,,774,Y,Y,Y,1,7,1,23,Thursday,False,False,False,Singapore Changi Airport,SIN
Phnom Penh International Airport,PNH,2024-07-19 20:50,Singapore Changi Airport,SIN,2024-07-19 23:50,120,Emirates,Business Class,120,,,608,Y,Y,Y,1,7,1,40,Friday,False,False,False,Singapore Changi Airport,SIN
Phnom Penh International Airport,PNH,2024-07-19 11:10,Kuala Lumpur International Airport,KUL,2024-07-19 14:00,110,Malaysia Airlines,Business Class,320,130.0,,615,Y,Y,Y,1,8,2,23,Friday,False,False,False,Singapore Changi Airport,SIN
Phnom Penh International Airport,PNH,2024-07-19 09:35,Singapore Changi Airport,SIN,2024-07-19 12:40,125,Singapore Airlines,Business Class,125,,,1179,Y,Y,Y,1,7,1,23,Friday,False,False,False,Singapore Changi Airport,SIN
Phnom Penh International Airport,PNH,2024-07-19 18:20,Kuala Lumpur International Airport,KUL,2024-07-19 21:10,110,Malaysia Airlines,Business Class,290,115.0,,615,Y,Y,Y,1,8,2,23,Friday,False,False,False,Singapore Changi Airport,SIN
Phnom Penh International Airport,PNH,2024-07-19 00:50,Ninoy Aquino International Airport,MNL,2024-07-19 04:40,170,Philippine Airlines,Business Class,470,65.0,True,1126,Y,Y,Y,1,7,2,32,Friday,False,False,False,Singapore Changi Airport,SIN
Phnom Penh International Airport,PNH,2024-07-19 12:05,Guangzhou Baiyun International Airport,CAN,2024-07-19 15:50,165,China Southern,Business Class,585,180.0,,1507,Y,Y,Y,1,10,2,32,Friday,False,False,False,Singapore Changi Airport,SIN
Phnom Penh International Airport,PNH,2024-07-20 20:50,Singapore Changi Airport,SIN,2024-07-20 23:50,120,Emirates,Business Class,120,,,608,Y,Y,Y,1,7,1,40,Saturday,False,False,False,Singapore Changi Airport,SIN
Phnom Penh International Airport,PNH,2024-07-20 18:20,Kuala Lumpur International Airport,KUL,2024-07-20 21:10,110,Malaysia Airlines,Business Class,290,115.0,,615,Y,Y,Y,1,8,2,23,Saturday,False,False,False,Singapore Changi Airport,SIN
Phnom Penh International Airport,PNH,2024-07-20 18:40,Singapore Changi Airport,SIN,2024-07-20 21:40,120,Singapore Airlines,Business Class,120,,,686,Y,Y,Y,1,7,1,23,Saturday,False,False,False,Singapore Changi Airport,SIN
Phnom Penh International Airport,PNH,2024-07-20 14:05,Singapore Changi Airport,SIN,2024-07-20 17:10,125,Singapore Airlines,Business Class,125,,,774,Y,Y,Y,1,7,1,23,Saturday,False,False,False,Singapore Changi Airport,SIN
Phnom Penh International Airport,PNH,2024-07-20 00:50,Ninoy Aquino International Airport,MNL,2024-07-20 04:40,170,Philippine Airlines,Business Class,470,65.0,True,1126,Y,Y,Y,1,7,2,32,Saturday,False,False,False,Singapore Changi Airport,SIN
Phnom Penh International Airport,PNH,2024-07-20 00:10,Shanghai Pudong International Airport,PVG,2024-07-20 05:25,255,China Eastern,Business Class,865,285.0,,2396,Y,Y,Y,1,10,2,32,Saturday,False,False,False,Singapore Changi Airport,SIN
Phnom Penh International Airport,PNH,2024-07-21 20:50,Singapore Changi Airport,SIN,2024-07-21 23:50,120,Emirates,Business Class,120,,,608,Y,Y,Y,1,7,1,40,Sunday,False,False,False,Singapore Changi Airport,SIN
Phnom Penh International Airport,PNH,2024-07-21 18:40,Singapore Changi Airport,SIN,2024-07-21 21:40,120,Singapore Airlines,Business Class,120,,,686,Y,Y,Y,1,7,1,23,Sunday,False,False,False,Singapore Changi Airport,SIN
Phnom Penh International Airport,PNH,2024-07-21 09:35,Singapore Changi Airport,SIN,2024-07-21 12:40,125,Singapore Airlines,Business Class,125,,,774,Y,Y,Y,1,7,1,23,Sunday,False,False,False,Singapore Changi Airport,SIN
Phnom Penh International Airport,PNH,2024-07-21 11:10,Kuala Lumpur International Airport,KUL,2024-07-21 14:00,110,Malaysia Airlines,Business Class,320,130.0,,615,Y,Y,Y,1,8,2,23,Sunday,False,False,False,Singapore Changi Airport,SIN
Phnom Penh International Airport,PNH,2024-07-21 18:20,Kuala Lumpur International Airport,KUL,2024-07-21 21:10,110,Malaysia Airlines,Business Class,290,115.0,,615,Y,Y,Y,1,8,2,23,Sunday,False,False,False,Singapore Changi Airport,SIN
Phnom Penh International Airport,PNH,2024-07-21 00:50,Ninoy Aquino International Airport,MNL,2024-07-21 04:40,170,Philippine Airlines,Business Class,470,65.0,True,1126,Y,Y,Y,1,7,2,32,Sunday,False,False,False,Singapore Changi Airport,SIN
Phnom Penh International Airport,PNH,2024-07-21 14:05,Singapore Changi Airport,SIN,2024-07-21 17:10,125,Singapore Airlines,Business Class,125,,,1179,Y,Y,Y,1,7,1,23,Sunday,False,False,False,Singapore Changi Airport,SIN
Phnom Penh International Airport,PNH,2024-07-22 20:50,Singapore Changi Airport,SIN,2024-07-22 23:50,120,Emirates,Business Class,120,,,608,Y,Y,Y,1,7,1,40,Monday,False,False,False,Singapore Changi Airport,SIN
Phnom Penh International Airport,PNH,2024-07-22 11:10,Kuala Lumpur International Airport,KUL,2024-07-22 14:00,110,Malaysia Airlines,Business Class,320,130.0,,615,Y,Y,Y,1,8,2,23,Monday,False,False,False,Singapore Changi Airport,SIN
Phnom Penh International Airport,PNH,2024-07-22 09:35,Singapore Changi Airport,SIN,2024-07-22 12:40,125,Singapore Airlines,Business Class,125,,,1179,Y,Y,Y,1,7,1,23,Monday,False,False,False,Singapore Changi Airport,SIN
Phnom Penh International Airport,PNH,2024-07-22 18:20,Kuala Lumpur International Airport,KUL,2024-07-22 21:10,110,Malaysia Airlines,Business Class,290,115.0,,615,Y,Y,Y,1,8,2,23,Monday,False,False,False,Singapore Changi Airport,SIN
Phnom Penh International Airport,PNH,2024-07-22 14:05,Singapore Changi Airport,SIN,2024-07-22 17:10,125,Singapore Airlines,Business Class,125,,,1179,Y,Y,Y,1,7,1,23,Monday,False,False,False,Singapore Changi Airport,SIN
Phnom Penh International Airport,PNH,2024-07-23 20:50,Singapore Changi Airport,SIN,2024-07-23 23:50,120,Emirates,Business Class,120,,,608,Y,Y,Y,1,7,1,40,Tuesday,False,False,False,Singapore Changi Airport,SIN
Phnom Penh International Airport,PNH,2024-07-23 11:10,Kuala Lumpur International Airport,KUL,2024-07-23 14:00,110,Malaysia Airlines,Business Class,320,130.0,,615,Y,Y,Y,1,8,2,23,Tuesday,False,False,False,Singapore Changi Airport,SIN
Phnom Penh International Airport,PNH,2024-07-23 09:35,Singapore Changi Airport,SIN,2024-07-23 12:40,125,Singapore Airlines,Business Class,125,,,774,Y,Y,Y,1,7,1,23,Tuesday,False,False,False,Singapore Changi Airport,SIN
Phnom Penh International Airport,PNH,2024-07-23 18:25,Singapore Changi Airport,SIN,2024-07-23 21:25,120,Singapore Airlines,Business Class,120,,,1053,Y,Y,Y,1,7,1,23,Tuesday,False,False,False,Singapore Changi Airport,SIN
Phnom Penh International Airport,PNH,2024-07-23 14:05,Singapore Changi Airport,SIN,2024-07-23 17:10,125,Singapore Airlines,Business Class,125,,,1179,Y,Y,Y,1,7,1,23,Tuesday,False,False,False,Singapore Changi Airport,SIN
Phnom Penh International Airport,PNH,2024-07-23 18:20,Kuala Lumpur International Airport,KUL,2024-07-23 21:10,110,Malaysia Airlines,Business Class,290,115.0,,615,Y,Y,Y,1,8,2,23,Tuesday,False,False,False,Singapore Changi Airport,SIN
Phnom Penh International Airport,PNH,2024-07-24 20:50,Singapore Changi Airport,SIN,2024-07-24 23:50,120,Emirates,Business Class,120,,,608,Y,Y,Y,1,7,1,40,Wednesday,False,False,False,Singapore Changi Airport,SIN
Phnom Penh International Airport,PNH,2024-07-24 18:40,Singapore Changi Airport,SIN,2024-07-24 21:40,120,Singapore Airlines,Business Class,120,,,686,Y,Y,Y,1,7,1,23,Wednesday,False,False,False,Singapore Changi Airport,SIN
Phnom Penh International Airport,PNH,2024-07-24 09:35,Singapore Changi Airport,SIN,2024-07-24 12:40,125,Singapore Airlines,Business Class,125,,,774,Y,Y,Y,1,7,1,23,Wednesday,False,False,False,Singapore Changi Airport,SIN
Phnom Penh International Airport,PNH,2024-07-24 14:05,Singapore Changi Airport,SIN,2024-07-24 17:10,125,Singapore Airlines,Business Class,125,,,774,Y,Y,Y,1,7,1,23,Wednesday,False,False,False,Singapore Changi Airport,SIN
Phnom Penh International Airport,PNH,2024-07-24 11:10,Kuala Lumpur International Airport,KUL,2024-07-24 14:00,110,Malaysia Airlines,Business Class,320,130.0,,615,Y,Y,Y,1,8,2,23,Wednesday,False,False,False,Singapore Changi Airport,SIN
Phnom Penh International Airport,PNH,2024-07-24 18:20,Kuala Lumpur International Airport,KUL,2024-07-24 21:10,110,Malaysia Airlines,Business Class,290,115.0,,615,Y,Y,Y,1,8,2,23,Wednesday,False,False,False,Singapore Changi Airport,SIN
Phnom Penh International Airport,PNH,2024-07-24 00:50,Ninoy Aquino International Airport,MNL,2024-07-24 04:40,170,Philippine Airlines,Business Class,470,65.0,True,1126,Y,Y,Y,1,7,2,32,Wednesday,False,False,False,Singapore Changi Airport,SIN
Phnom Penh International Airport,PNH,2024-07-25 20:50,Singapore Changi Airport,SIN,2024-07-25 23:50,120,Emirates,Business Class,120,,,608,Y,Y,Y,1,7,1,40,Thursday,False,False,False,Singapore Changi Airport,SIN
Phnom Penh International Airport,PNH,2024-07-25 18:20,Kuala Lumpur International Airport,KUL,2024-07-25 21:10,110,Malaysia Airlines,Business Class,290,115.0,,615,Y,Y,Y,1,8,2,23,Thursday,False,False,False,Singapore Changi Airport,SIN
Phnom Penh International Airport,PNH,2024-07-25 09:35,Singapore Changi Airport,SIN,2024-07-25 12:40,125,Singapore Airlines,Business Class,125,,,774,Y,Y,Y,1,7,1,23,Thursday,False,False,False,Singapore Changi Airport,SIN
Phnom Penh International Airport,PNH,2024-07-25 14:05,Singapore Changi Airport,SIN,2024-07-25 17:10,125,Singapore Airlines,Business Class,125,,,774,Y,Y,Y,1,7,1,23,Thursday,False,False,False,Singapore Changi Airport,SIN
Phnom Penh International Airport,PNH,2024-07-25 18:25,Singapore Changi Airport,SIN,2024-07-25 21:25,120,Singapore Airlines,Business Class,120,,,774,Y,Y,Y,1,7,1,23,Thursday,False,False,False,Singapore Changi Airport,SIN
Phnom Penh International Airport,PNH,2024-07-26 20:50,Singapore Changi Airport,SIN,2024-07-26 23:50,120,Emirates,Business Class,120,,,608,Y,Y,Y,1,7,1,40,Friday,False,False,False,Singapore Changi Airport,SIN
Phnom Penh International Airport,PNH,2024-07-26 11:10,Kuala Lumpur International Airport,KUL,2024-07-26 14:00,110,Malaysia Airlines,Business Class,320,130.0,,615,Y,Y,Y,1,8,2,23,Friday,False,False,False,Singapore Changi Airport,SIN
Phnom Penh International Airport,PNH,2024-07-26 09:35,Singapore Changi Airport,SIN,2024-07-26 12:40,125,Singapore Airlines,Business Class,125,,,774,Y,Y,Y,1,7,1,23,Friday,False,False,False,Singapore Changi Airport,SIN
Phnom Penh International Airport,PNH,2024-07-26 14:05,Singapore Changi Airport,SIN,2024-07-26 17:10,125,Singapore Airlines,Business Class,125,,,774,Y,Y,Y,1,7,1,23,Friday,False,False,False,Singapore Changi Airport,SIN
Phnom Penh International Airport,PNH,2024-07-26 18:20,Kuala Lumpur International Airport,KUL,2024-07-26 21:10,110,Malaysia Airlines,Business Class,290,115.0,,615,Y,Y,Y,1,8,2,23,Friday,False,False,False,Singapore Changi Airport,SIN
Phnom Penh International Airport,PNH,2024-07-26 00:50,Ninoy Aquino International Airport,MNL,2024-07-26 04:40,170,Philippine Airlines,Business Class,470,65.0,True,1126,Y,Y,Y,1,7,2,32,Friday,False,False,False,Singapore Changi Airport,SIN
Phnom Penh International Airport,PNH,2024-07-27 20:50,Singapore Changi Airport,SIN,2024-07-27 23:50,120,Emirates,Business Class,120,,,608,Y,Y,Y,1,7,1,40,Saturday,False,False,False,Singapore Changi Airport,SIN
Phnom Penh International Airport,PNH,2024-07-27 18:40,Singapore Changi Airport,SIN,2024-07-27 21:40,120,Singapore Airlines,Business Class,120,,,686,Y,Y,Y,1,7,1,23,Saturday,False,False,False,Singapore Changi Airport,SIN
Phnom Penh International Airport,PNH,2024-07-27 09:35,Singapore Changi Airport,SIN,2024-07-27 12:40,125,Singapore Airlines,Business Class,125,,,774,Y,Y,Y,1,7,1,23,Saturday,False,False,False,Singapore Changi Airport,SIN
Phnom Penh International Airport,PNH,2024-07-27 14:05,Singapore Changi Airport,SIN,2024-07-27 17:10,125,Singapore Airlines,Business Class,125,,,774,Y,Y,Y,1,7,1,23,Saturday,False,False,False,Singapore Changi Airport,SIN
Phnom Penh International Airport,PNH,2024-07-27 18:20,Kuala Lumpur International Airport,KUL,2024-07-27 21:10,110,Malaysia Airlines,Business Class,290,115.0,,615,Y,Y,Y,1,8,2,23,Saturday,False,False,False,Singapore Changi Airport,SIN
Phnom Penh International Airport,PNH,2024-07-27 00:50,Ninoy Aquino International Airport,MNL,2024-07-27 04:40,170,Philippine Airlines,Business Class,470,65.0,True,1126,Y,Y,Y,1,7,2,32,Saturday,False,False,False,Singapore Changi Airport,SIN
Phnom Penh International Airport,PNH,2024-07-28 20:50,Singapore Changi Airport,SIN,2024-07-28 23:50,120,Emirates,Business Class,120,,,608,Y,Y,Y,1,7,1,40,Sunday,False,False,False,Singapore Changi Airport,SIN
Phnom Penh International Airport,PNH,2024-07-28 18:40,Singapore Changi Airport,SIN,2024-07-28 21:40,120,Singapore Airlines,Business Class,120,,,686,Y,Y,Y,1,7,1,23,Sunday,False,False,False,Singapore Changi Airport,SIN
Phnom Penh International Airport,PNH,2024-07-28 09:35,Singapore Changi Airport,SIN,2024-07-28 12:40,125,Singapore Airlines,Business Class,125,,,774,Y,Y,Y,1,7,1,23,Sunday,False,False,False,Singapore Changi Airport,SIN
Phnom Penh International Airport,PNH,2024-07-28 14:05,Singapore Changi Airport,SIN,2024-07-28 17:10,125,Singapore Airlines,Business Class,125,,,774,Y,Y,Y,1,7,1,23,Sunday,False,False,False,Singapore Changi Airport,SIN
Phnom Penh International Airport,PNH,2024-07-28 11:10,Kuala Lumpur International Airport,KUL,2024-07-28 14:00,110,Malaysia Airlines,Business Class,320,130.0,,615,Y,Y,Y,1,8,2,23,Sunday,False,False,False,Singapore Changi Airport,SIN
Phnom Penh International Airport,PNH,2024-07-28 18:20,Kuala Lumpur International Airport,KUL,2024-07-28 21:10,110,Malaysia Airlines,Business Class,290,115.0,,615,Y,Y,Y,1,8,2,23,Sunday,False,False,False,Singapore Changi Airport,SIN
Phnom Penh International Airport,PNH,2024-07-28 00:50,Ninoy Aquino International Airport,MNL,2024-07-28 04:40,170,Philippine Airlines,Business Class,470,65.0,True,1126,Y,Y,Y,1,7,2,32,Sunday,False,False,False,Singapore Changi Airport,SIN
Phnom Penh International Airport,PNH,2024-07-29 20:50,Singapore Changi Airport,SIN,2024-07-29 23:50,120,Emirates,Business Class,120,,,608,Y,Y,Y,1,7,1,40,Monday,False,False,False,Singapore Changi Airport,SIN
Phnom Penh International Airport,PNH,2024-07-29 11:10,Kuala Lumpur International Airport,KUL,2024-07-29 14:00,110,Malaysia Airlines,Business Class,320,130.0,,615,Y,Y,Y,1,8,2,23,Monday,False,False,False,Singapore Changi Airport,SIN
Phnom Penh International Airport,PNH,2024-07-29 09:35,Singapore Changi Airport,SIN,2024-07-29 12:40,125,Singapore Airlines,Business Class,125,,,774,Y,Y,Y,1,7,1,23,Monday,False,False,False,Singapore Changi Airport,SIN
Phnom Penh International Airport,PNH,2024-07-29 14:05,Singapore Changi Airport,SIN,2024-07-29 17:10,125,Singapore Airlines,Business Class,125,,,774,Y,Y,Y,1,7,1,23,Monday,False,False,False,Singapore Changi Airport,SIN
Phnom Penh International Airport,PNH,2024-07-29 18:25,Singapore Changi Airport,SIN,2024-07-29 21:25,120,Singapore Airlines,Business Class,120,,,774,Y,Y,Y,1,7,1,23,Monday,False,False,False,Singapore Changi Airport,SIN
Phnom Penh International Airport,PNH,2024-07-29 18:20,Kuala Lumpur International Airport,KUL,2024-07-29 21:10,110,Malaysia Airlines,Business Class,290,115.0,,615,Y,Y,Y,1,8,2,23,Monday,False,False,False,Singapore Changi Airport,SIN
Phnom Penh International Airport,PNH,2024-07-30 20:50,Singapore Changi Airport,SIN,2024-07-30 23:50,120,Emirates,Business Class,120,,,608,Y,Y,Y,1,7,1,40,Tuesday,False,False,False,Singapore Changi Airport,SIN
Phnom Penh International Airport,PNH,2024-07-30 11:10,Kuala Lumpur International Airport,KUL,2024-07-30 14:00,110,Malaysia Airlines,Business Class,320,130.0,,615,Y,Y,Y,1,8,2,23,Tuesday,False,False,False,Singapore Changi Airport,SIN
Phnom Penh International Airport,PNH,2024-07-30 09:35,Singapore Changi Airport,SIN,2024-07-30 12:40,125,Singapore Airlines,Business Class,125,,,774,Y,Y,Y,1,7,1,23,Tuesday,False,False,False,Singapore Changi Airport,SIN
Phnom Penh International Airport,PNH,2024-07-30 14:05,Singapore Changi Airport,SIN,2024-07-30 17:10,125,Singapore Airlines,Business Class,125,,,774,Y,Y,Y,1,7,1,23,Tuesday,False,False,False,Singapore Changi Airport,SIN
Phnom Penh International Airport,PNH,2024-07-30 18:25,Singapore Changi Airport,SIN,2024-07-30 21:25,120,Singapore Airlines,Business Class,120,,,948,Y,Y,Y,1,7,1,23,Tuesday,False,False,False,Singapore Changi Airport,SIN
Phnom Penh International Airport,PNH,2024-07-30 18:20,Kuala Lumpur International Airport,KUL,2024-07-30 21:10,110,Malaysia Airlines,Business Class,290,115.0,,615,Y,Y,Y,1,8,2,23,Tuesday,False,False,False,Singapore Changi Airport,SIN
Phnom Penh International Airport,PNH,2024-07-31 20:50,Singapore Changi Airport,SIN,2024-07-31 23:50,120,Emirates,Business Class,120,,,608,Y,Y,Y,1,7,1,40,Wednesday,False,False,False,Singapore Changi Airport,SIN
Phnom Penh International Airport,PNH,2024-07-31 18:40,Singapore Changi Airport,SIN,2024-07-31 21:40,120,Singapore Airlines,Business Class,120,,,686,Y,Y,Y,1,7,1,23,Wednesday,False,False,False,Singapore Changi Airport,SIN
Phnom Penh International Airport,PNH,2024-07-31 09:35,Singapore Changi Airport,SIN,2024-07-31 12:40,125,Singapore Airlines,Business Class,125,,,774,Y,Y,Y,1,7,1,23,Wednesday,False,False,False,Singapore Changi Airport,SIN
Phnom Penh International Airport,PNH,2024-07-31 14:05,Singapore Changi Airport,SIN,2024-07-31 17:10,125,Singapore Airlines,Business Class,125,,,774,Y,Y,Y,1,7,1,23,Wednesday,False,False,False,Singapore Changi Airport,SIN
Phnom Penh International Airport,PNH,2024-07-31 11:10,Kuala Lumpur International Airport,KUL,2024-07-31 14:00,110,Malaysia Airlines,Business Class,320,130.0,,615,Y,Y,Y,1,8,2,23,Wednesday,False,False,False,Singapore Changi Airport,SIN
Phnom Penh International Airport,PNH,2024-07-31 18:20,Kuala Lumpur International Airport,KUL,2024-07-31 21:10,110,Malaysia Airlines,Business Class,290,115.0,,615,Y,Y,Y,1,8,2,23,Wednesday,False,False,False,Singapore Changi Airport,SIN
Phnom Penh International Airport,PNH,2024-07-31 00:50,Ninoy Aquino International Airport,MNL,2024-07-31 04:40,170,Philippine Airlines,Business Class,470,65.0,True,1126,Y,Y,Y,1,7,2,32,Wednesday,False,False,False,Singapore Changi Airport,SIN
Phnom Penh International Airport,PNH,2024-08-01 11:10,Kuala Lumpur International Airport,KUL,2024-08-01 14:00,110,Malaysia Airlines,Business Class,320,130.0,,569,Y,Y,Y,1,8,2,23,Thursday,False,False,False,Singapore Changi Airport,SIN
Phnom Penh International Airport,PNH,2024-08-01 20:50,Singapore Changi Airport,SIN,2024-08-01 23:50,120,Emirates,Business Class,120,,,608,Y,Y,Y,1,7,1,40,Thursday,False,False,False,Singapore Changi Airport,SIN
Phnom Penh International Airport,PNH,2024-08-01 18:25,Singapore Changi Airport,SIN,2024-08-01 21:25,120,Singapore Airlines,Business Class,120,,,857,Y,Y,Y,1,7,1,23,Thursday,False,False,False,Singapore Changi Airport,SIN
Phnom Penh International Airport,PNH,2024-08-01 14:05,Singapore Changi Airport,SIN,2024-08-01 17:10,125,Singapore Airlines,Business Class,125,,,1054,Y,Y,Y,1,7,1,23,Thursday,False,False,False,Singapore Changi Airport,SIN
Phnom Penh International Airport,PNH,2024-08-01 09:35,Singapore Changi Airport,SIN,2024-08-01 12:40,125,Singapore Airlines,Business Class,125,,,1180,Y,Y,Y,1,7,1,23,Thursday,False,False,False,Singapore Changi Airport,SIN
Phnom Penh International Airport,PNH,2024-08-01 11:10,Kuala Lumpur International Airport,KUL,2024-08-01 14:00,110,Malaysia Airlines,Business Class,350,155.0,,502,Y,Y,Y,1,8,2,23,Thursday,False,False,False,Singapore Changi Airport,SIN
Phnom Penh International Airport,PNH,2024-08-01 18:20,Kuala Lumpur International Airport,KUL,2024-08-01 21:10,110,Malaysia Airlines,Business Class,290,115.0,,569,Y,Y,Y,1,8,2,23,Thursday,False,False,False,Singapore Changi Airport,SIN
Phnom Penh International Airport,PNH,2024-08-02 11:10,Kuala Lumpur International Airport,KUL,2024-08-02 14:00,110,Malaysia Airlines,Business Class,320,130.0,,569,Y,Y,Y,1,8,2,23,Friday,False,False,False,Singapore Changi Airport,SIN
Phnom Penh International Airport,PNH,2024-08-02 20:50,Singapore Changi Airport,SIN,2024-08-02 23:50,120,Emirates,Business Class,120,,,608,Y,Y,Y,1,7,1,40,Friday,False,False,False,Singapore Changi Airport,SIN
Phnom Penh International Airport,PNH,2024-08-02 14:05,Singapore Changi Airport,SIN,2024-08-02 17:10,125,Singapore Airlines,Business Class,125,,,857,Y,Y,Y,1,7,1,23,Friday,False,False,False,Singapore Changi Airport,SIN
Phnom Penh International Airport,PNH,2024-08-02 11:10,Kuala Lumpur International Airport,KUL,2024-08-02 14:00,110,Malaysia Airlines,Business Class,645,465.0,,472,Y,Y,Y,1,8,2,23,Friday,False,False,False,Singapore Changi Airport,SIN
Phnom Penh International Airport,PNH,2024-08-02 18:20,Kuala Lumpur International Airport,KUL,2024-08-02 21:10,110,Malaysia Airlines,Business Class,290,115.0,,569,Y,Y,Y,1,8,2,23,Friday,False,False,False,Singapore Changi Airport,SIN
Phnom Penh International Airport,PNH,2024-08-02 00:50,Ninoy Aquino International Airport,MNL,2024-08-02 04:40,170,Philippine Airlines,Business Class,470,65.0,True,1002,Y,Y,Y,1,7,2,32,Friday,False,False,False,Singapore Changi Airport,SIN
Phnom Penh International Airport,PNH,2024-08-02 08:00,Guangzhou Baiyun International Airport,CAN,2024-08-02 11:40,160,China Southern,Business Class,470,65.0,,1711,Y,Y,Y,1,10,2,32,Friday,False,False,False,Singapore Changi Airport,SIN
Phnom Penh International Airport,PNH,2024-08-03 11:10,Kuala Lumpur International Airport,KUL,2024-08-03 14:00,110,Malaysia Airlines,Business Class,265,75.0,,569,Y,Y,Y,1,8,2,23,Saturday,False,False,False,Singapore Changi Airport,SIN
Phnom Penh International Airport,PNH,2024-08-03 20:50,Singapore Changi Airport,SIN,2024-08-03 23:50,120,Emirates,Business Class,120,,,608,Y,Y,Y,1,7,1,40,Saturday,False,False,False,Singapore Changi Airport,SIN
Phnom Penh International Airport,PNH,2024-08-03 18:40,Singapore Changi Airport,SIN,2024-08-03 21:40,120,Singapore Airlines,Business Class,120,,,687,Y,Y,Y,1,7,1,23,Saturday,False,False,False,Singapore Changi Airport,SIN
Phnom Penh International Airport,PNH,2024-08-03 18:20,Kuala Lumpur International Airport,KUL,2024-08-03 21:10,110,Malaysia Airlines,Business Class,290,115.0,,569,Y,Y,Y,1,8,2,23,Saturday,False,False,False,Singapore Changi Airport,SIN
Phnom Penh International Airport,PNH,2024-08-03 00:50,Ninoy Aquino International Airport,MNL,2024-08-03 04:40,170,Philippine Airlines,Business Class,470,65.0,True,1002,Y,Y,Y,1,7,2,32,Saturday,False,False,False,Singapore Changi Airport,SIN
Phnom Penh International Airport,PNH,2024-08-03 14:05,Singapore Changi Airport,SIN,2024-08-03 17:10,125,Singapore Airlines,Business Class,125,,,1180,Y,Y,Y,1,7,1,23,Saturday,False,False,False,Singapore Changi Airport,SIN
Phnom Penh International Airport,PNH,2024-08-04 07:55,Singapore Changi Airport,SIN,2024-08-04 10:55,120,Cambodia Airways,Business Class,120,,,433,Y,Y,Y,1,7,1,40,Sunday,False,False,False,Singapore Changi Airport,SIN
Phnom Penh International Airport,PNH,2024-08-04 20:50,Singapore Changi Airport,SIN,2024-08-04 23:50,120,Emirates,Business Class,120,,,608,Y,Y,Y,1,7,1,40,Sunday,False,False,False,Singapore Changi Airport,SIN
Phnom Penh International Airport,PNH,2024-08-04 18:40,Singapore Changi Airport,SIN,2024-08-04 21:40,120,Singapore Airlines,Business Class,120,,,687,Y,Y,Y,1,7,1,23,Sunday,False,False,False,Singapore Changi Airport,SIN
Phnom Penh International Airport,PNH,2024-08-04 11:10,Kuala Lumpur International Airport,KUL,2024-08-04 14:00,110,Malaysia Airlines,Business Class,320,130.0,,569,Y,Y,Y,1,8,2,23,Sunday,False,False,False,Singapore Changi Airport,SIN
Phnom Penh International Airport,PNH,2024-08-04 18:20,Kuala Lumpur International Airport,KUL,2024-08-04 21:10,110,Malaysia Airlines,Business Class,290,115.0,,569,Y,Y,Y,1,8,2,23,Sunday,False,False,False,Singapore Changi Airport,SIN
Phnom Penh International Airport,PNH,2024-08-04 14:05,Singapore Changi Airport,SIN,2024-08-04 17:10,125,Singapore Airlines,Business Class,125,,,774,Y,Y,Y,1,7,1,23,Sunday,False,False,False,Singapore Changi Airport,SIN
Phnom Penh International Airport,PNH,2024-08-05 11:10,Kuala Lumpur International Airport,KUL,2024-08-05 14:00,110,Malaysia Airlines,Business Class,320,130.0,,569,Y,Y,Y,1,8,2,23,Monday,False,False,False,Singapore Changi Airport,SIN
Phnom Penh International Airport,PNH,2024-08-05 20:50,Singapore Changi Airport,SIN,2024-08-05 23:50,120,Emirates,Business Class,120,,,608,Y,Y,Y,1,7,1,40,Monday,False,False,False,Singapore Changi Airport,SIN
Phnom Penh International Airport,PNH,2024-08-05 09:35,Singapore Changi Airport,SIN,2024-08-05 12:40,125,Singapore Airlines,Business Class,125,,,774,Y,Y,Y,1,7,1,23,Monday,False,False,False,Singapore Changi Airport,SIN
Phnom Penh International Airport,PNH,2024-08-05 14:05,Singapore Changi Airport,SIN,2024-08-05 17:10,125,Singapore Airlines,Business Class,125,,,774,Y,Y,Y,1,7,1,23,Monday,False,False,False,Singapore Changi Airport,SIN
Phnom Penh International Airport,PNH,2024-08-05 18:20,Kuala Lumpur International Airport,KUL,2024-08-05 21:10,110,Malaysia Airlines,Business Class,290,115.0,,569,Y,Y,Y,1,8,2,23,Monday,False,False,False,Singapore Changi Airport,SIN
Phnom Penh International Airport,PNH,2024-08-06 20:50,Singapore Changi Airport,SIN,2024-08-06 23:50,120,Emirates,Business Class,120,,,608,Y,Y,Y,1,7,1,40,Tuesday,False,False,False,Singapore Changi Airport,SIN
Phnom Penh International Airport,PNH,2024-08-06 09:35,Singapore Changi Airport,SIN,2024-08-06 12:40,125,Singapore Airlines,Business Class,125,,,774,Y,Y,Y,1,7,1,23,Tuesday,False,False,False,Singapore Changi Airport,SIN
Phnom Penh International Airport,PNH,2024-08-06 14:05,Singapore Changi Airport,SIN,2024-08-06 17:10,125,Singapore Airlines,Business Class,125,,,774,Y,Y,Y,1,7,1,23,Tuesday,False,False,False,Singapore Changi Airport,SIN
Phnom Penh International Airport,PNH,2024-08-06 11:10,Kuala Lumpur International Airport,KUL,2024-08-06 14:00,110,Malaysia Airlines,Business Class,350,155.0,,472,Y,Y,Y,1,8,2,23,Tuesday,False,False,False,Singapore Changi Airport,SIN
Phnom Penh International Airport,PNH,2024-08-06 11:10,Kuala Lumpur International Airport,KUL,2024-08-06 14:00,110,Malaysia Airlines,Business Class,320,130.0,,569,Y,Y,Y,1,8,2,23,Tuesday,False,False,False,Singapore Changi Airport,SIN
Phnom Penh International Airport,PNH,2024-08-06 18:20,Kuala Lumpur International Airport,KUL,2024-08-06 21:10,110,Malaysia Airlines,Business Class,290,115.0,,569,Y,Y,Y,1,8,2,23,Tuesday,False,False,False,Singapore Changi Airport,SIN
Phnom Penh International Airport,PNH,2024-08-06 18:25,Singapore Changi Airport,SIN,2024-08-06 21:25,120,Singapore Airlines,Business Class,120,,,1054,Y,Y,Y,1,7,1,23,Tuesday,False,False,False,Singapore Changi Airport,SIN
Phnom Penh International Airport,PNH,2024-08-07 20:50,Singapore Changi Airport,SIN,2024-08-07 23:50,120,Emirates,Business Class,120,,,608,Y,Y,Y,1,7,1,40,Wednesday,False,False,False,Singapore Changi Airport,SIN
Phnom Penh International Airport,PNH,2024-08-07 18:40,Singapore Changi Airport,SIN,2024-08-07 21:40,120,Singapore Airlines,Business Class,120,,,687,Y,Y,Y,1,7,1,23,Wednesday,False,False,False,Singapore Changi Airport,SIN
Phnom Penh International Airport,PNH,2024-08-07 09:35,Singapore Changi Airport,SIN,2024-08-07 12:40,125,Singapore Airlines,Business Class,125,,,774,Y,Y,Y,1,7,1,23,Wednesday,False,False,False,Singapore Changi Airport,SIN
Phnom Penh International Airport,PNH,2024-08-07 14:05,Singapore Changi Airport,SIN,2024-08-07 17:10,125,Singapore Airlines,Business Class,125,,,857,Y,Y,Y,1,7,1,23,Wednesday,False,False,False,Singapore Changi Airport,SIN
Phnom Penh International Airport,PNH,2024-08-07 11:10,Kuala Lumpur International Airport,KUL,2024-08-07 14:00,110,Malaysia Airlines,Business Class,350,155.0,,472,Y,Y,Y,1,8,2,23,Wednesday,False,False,False,Singapore Changi Airport,SIN
Phnom Penh International Airport,PNH,2024-08-07 11:10,Kuala Lumpur International Airport,KUL,2024-08-07 14:00,110,Malaysia Airlines,Business Class,320,130.0,,569,Y,Y,Y,1,8,2,23,Wednesday,False,False,False,Singapore Changi Airport,SIN
Phnom Penh International Airport,PNH,2024-08-07 18:20,Kuala Lumpur International Airport,KUL,2024-08-07 21:10,110,Malaysia Airlines,Business Class,290,115.0,,569,Y,Y,Y,1,8,2,23,Wednesday,False,False,False,Singapore Changi Airport,SIN
Phnom Penh International Airport,PNH,2024-08-08 11:10,Kuala Lumpur International Airport,KUL,2024-08-08 14:00,110,Malaysia Airlines,Business Class,320,130.0,,569,Y,Y,Y,1,8,2,23,Thursday,False,False,False,Singapore Changi Airport,SIN
Phnom Penh International Airport,PNH,2024-08-08 20:50,Singapore Changi Airport,SIN,2024-08-08 23:50,120,Emirates,Business Class,120,,,608,Y,Y,Y,1,7,1,40,Thursday,False,False,False,Singapore Changi Airport,SIN
Phnom Penh International Airport,PNH,2024-08-08 09:35,Singapore Changi Airport,SIN,2024-08-08 12:40,125,Singapore Airlines,Business Class,125,,,774,Y,Y,Y,1,7,1,23,Thursday,False,False,False,Singapore Changi Airport,SIN
Phnom Penh International Airport,PNH,2024-08-08 18:25,Singapore Changi Airport,SIN,2024-08-08 21:25,120,Singapore Airlines,Business Class,120,,,857,Y,Y,Y,1,7,1,23,Thursday,False,False,False,Singapore Changi Airport,SIN
Phnom Penh International Airport,PNH,2024-08-08 11:10,Kuala Lumpur International Airport,KUL,2024-08-08 14:00,110,Malaysia Airlines,Business Class,645,465.0,,502,Y,Y,Y,1,8,2,23,Thursday,False,False,False,Singapore Changi Airport,SIN
Phnom Penh International Airport,PNH,2024-08-08 18:20,Kuala Lumpur International Airport,KUL,2024-08-08 21:10,110,Malaysia Airlines,Business Class,290,115.0,,569,Y,Y,Y,1,8,2,23,Thursday,False,False,False,Singapore Changi Airport,SIN
Phnom Penh International Airport,PNH,2024-08-09 11:10,Kuala Lumpur International Airport,KUL,2024-08-09 14:00,110,Malaysia Airlines,Business Class,265,75.0,,569,Y,Y,Y,1,8,2,23,Friday,False,False,True,Singapore Changi Airport,SIN
Phnom Penh International Airport,PNH,2024-08-09 20:50,Singapore Changi Airport,SIN,2024-08-09 23:50,120,Emirates,Business Class,120,,,608,Y,Y,Y,1,7,1,40,Friday,False,False,True,Singapore Changi Airport,SIN
Phnom Penh International Airport,PNH,2024-08-09 09:35,Singapore Changi Airport,SIN,2024-08-09 12:40,125,Singapore Airlines,Business Class,125,,,774,Y,Y,Y,1,7,1,23,Friday,False,False,True,Singapore Changi Airport,SIN
Phnom Penh International Airport,PNH,2024-08-09 14:05,Singapore Changi Airport,SIN,2024-08-09 17:10,125,Singapore Airlines,Business Class,125,,,774,Y,Y,Y,1,7,1,23,Friday,False,False,True,Singapore Changi Airport,SIN
Phnom Penh International Airport,PNH,2024-08-09 18:25,Singapore Changi Airport,SIN,2024-08-09 21:25,120,Singapore Airlines,Business Class,120,,,857,Y,Y,Y,1,7,1,23,Friday,False,False,True,Singapore Changi Airport,SIN
Phnom Penh International Airport,PNH,2024-08-09 11:10,Kuala Lumpur International Airport,KUL,2024-08-09 14:00,110,Malaysia Airlines,Business Class,605,420.0,,502,Y,Y,Y,1,8,2,23,Friday,False,False,True,Singapore Changi Airport,SIN
Phnom Penh International Airport,PNH,2024-08-09 18:20,Kuala Lumpur International Airport,KUL,2024-08-09 21:10,110,Malaysia Airlines,Business Class,290,115.0,,569,Y,Y,Y,1,8,2,23,Friday,False,False,True,Singapore Changi Airport,SIN
Phnom Penh International Airport,PNH,2024-08-10 20:50,Singapore Changi Airport,SIN,2024-08-10 23:50,120,Emirates,Business Class,120,,,608,Y,Y,Y,1,7,1,40,Saturday,False,False,False,Singapore Changi Airport,SIN
Phnom Penh International Airport,PNH,2024-08-10 18:40,Singapore Changi Airport,SIN,2024-08-10 21:40,120,Singapore Airlines,Business Class,120,,,687,Y,Y,Y,1,7,1,23,Saturday,False,False,False,Singapore Changi Airport,SIN
Phnom Penh International Airport,PNH,2024-08-10 09:35,Singapore Changi Airport,SIN,2024-08-10 12:40,125,Singapore Airlines,Business Class,125,,,774,Y,Y,Y,1,7,1,23,Saturday,False,False,False,Singapore Changi Airport,SIN
Phnom Penh International Airport,PNH,2024-08-10 11:10,Kuala Lumpur International Airport,KUL,2024-08-10 14:00,110,Malaysia Airlines,Business Class,320,130.0,,569,Y,Y,Y,1,8,2,23,Saturday,False,False,False,Singapore Changi Airport,SIN
Phnom Penh International Airport,PNH,2024-08-10 18:20,Kuala Lumpur International Airport,KUL,2024-08-10 21:10,110,Malaysia Airlines,Business Class,290,115.0,,569,Y,Y,Y,1,8,2,23,Saturday,False,False,False,Singapore Changi Airport,SIN
Phnom Penh International Airport,PNH,2024-08-10 14:05,Singapore Changi Airport,SIN,2024-08-10 17:10,125,Singapore Airlines,Business Class,125,,,1180,Y,Y,Y,1,7,1,23,Saturday,False,False,False,Singapore Changi Airport,SIN
Phnom Penh International Airport,PNH,2024-08-11 07:55,Singapore Changi Airport,SIN,2024-08-11 10:55,120,Cambodia Airways,Business Class,120,,,433,Y,Y,Y,1,7,1,40,Sunday,False,False,False,Singapore Changi Airport,SIN
Phnom Penh International Airport,PNH,2024-08-11 20:50,Singapore Changi Airport,SIN,2024-08-11 23:50,120,Emirates,Business Class,120,,,608,Y,Y,Y,1,7,1,40,Sunday,False,False,False,Singapore Changi Airport,SIN
Phnom Penh International Airport,PNH,2024-08-11 09:35,Singapore Changi Airport,SIN,2024-08-11 12:40,125,Singapore Airlines,Business Class,125,,,774,Y,Y,Y,1,7,1,23,Sunday,False,False,False,Singapore Changi Airport,SIN
Phnom Penh International Airport,PNH,2024-08-11 18:20,Kuala Lumpur International Airport,KUL,2024-08-11 21:10,110,Malaysia Airlines,Business Class,290,115.0,,569,Y,Y,Y,1,8,2,23,Sunday,False,False,False,Singapore Changi Airport,SIN
Phnom Penh International Airport,PNH,2024-08-11 18:40,Singapore Changi Airport,SIN,2024-08-11 21:40,120,Singapore Airlines,Business Class,120,,,687,Y,Y,Y,1,7,1,23,Sunday,False,False,False,Singapore Changi Airport,SIN
Phnom Penh International Airport,PNH,2024-08-11 14:05,Singapore Changi Airport,SIN,2024-08-11 17:10,125,Singapore Airlines,Business Class,125,,,774,Y,Y,Y,1,7,1,23,Sunday,False,False,False,Singapore Changi Airport,SIN
Phnom Penh International Airport,PNH,2024-08-11 11:10,Kuala Lumpur International Airport,KUL,2024-08-11 14:00,110,Malaysia Airlines,Business Class,265,75.0,,1065,Y,Y,Y,1,8,2,23,Sunday,False,False,False,Singapore Changi Airport,SIN
Phnom Penh International Airport,PNH,2024-08-12 11:10,Kuala Lumpur International Airport,KUL,2024-08-12 14:00,110,Malaysia Airlines,Business Class,320,130.0,,569,Y,Y,Y,1,8,2,23,Monday,False,False,False,Singapore Changi Airport,SIN
Phnom Penh International Airport,PNH,2024-08-12 20:50,Singapore Changi Airport,SIN,2024-08-12 23:50,120,Emirates,Business Class,120,,,608,Y,Y,Y,1,7,1,40,Monday,False,False,False,Singapore Changi Airport,SIN
Phnom Penh International Airport,PNH,2024-08-12 14:05,Singapore Changi Airport,SIN,2024-08-12 17:10,125,Singapore Airlines,Business Class,125,,,774,Y,Y,Y,1,7,1,23,Monday,False,False,False,Singapore Changi Airport,SIN
Phnom Penh International Airport,PNH,2024-08-12 18:25,Singapore Changi Airport,SIN,2024-08-12 21:25,120,Singapore Airlines,Business Class,120,,,774,Y,Y,Y,1,7,1,23,Monday,False,False,False,Singapore Changi Airport,SIN
Phnom Penh International Airport,PNH,2024-08-12 09:35,Singapore Changi Airport,SIN,2024-08-12 12:40,125,Singapore Airlines,Business Class,125,,,1180,Y,Y,Y,1,7,1,23,Monday,False,False,False,Singapore Changi Airport,SIN
Phnom Penh International Airport,PNH,2024-08-12 18:20,Kuala Lumpur International Airport,KUL,2024-08-12 21:10,110,Malaysia Airlines,Business Class,290,115.0,,569,Y,Y,Y,1,8,2,23,Monday,False,False,False,Singapore Changi Airport,SIN
Phnom Penh International Airport,PNH,2024-08-13 11:10,Kuala Lumpur International Airport,KUL,2024-08-13 14:00,110,Malaysia Airlines,Business Class,320,130.0,,569,Y,Y,Y,1,8,2,23,Tuesday,False,False,False,Singapore Changi Airport,SIN
Phnom Penh International Airport,PNH,2024-08-13 20:50,Singapore Changi Airport,SIN,2024-08-13 23:50,120,Emirates,Business Class,120,,,608,Y,Y,Y,1,7,1,40,Tuesday,False,False,False,Singapore Changi Airport,SIN
Phnom Penh International Airport,PNH,2024-08-13 09:35,Singapore Changi Airport,SIN,2024-08-13 12:40,125,Singapore Airlines,Business Class,125,,,774,Y,Y,Y,1,7,1,23,Tuesday,False,False,False,Singapore Changi Airport,SIN
Phnom Penh International Airport,PNH,2024-08-13 14:05,Singapore Changi Airport,SIN,2024-08-13 17:10,125,Singapore Airlines,Business Class,125,,,857,Y,Y,Y,1,7,1,23,Tuesday,False,False,False,Singapore Changi Airport,SIN
Phnom Penh International Airport,PNH,2024-08-13 18:25,Singapore Changi Airport,SIN,2024-08-13 21:25,120,Singapore Airlines,Business Class,120,,,949,Y,Y,Y,1,7,1,23,Tuesday,False,False,False,Singapore Changi Airport,SIN
Phnom Penh International Airport,PNH,2024-08-13 11:10,Kuala Lumpur International Airport,KUL,2024-08-13 14:00,110,Malaysia Airlines,Business Class,350,155.0,,502,Y,Y,Y,1,8,2,23,Tuesday,False,False,False,Singapore Changi Airport,SIN
Phnom Penh International Airport,PNH,2024-08-13 18:20,Kuala Lumpur International Airport,KUL,2024-08-13 21:10,110,Malaysia Airlines,Business Class,290,115.0,,569,Y,Y,Y,1,8,2,23,Tuesday,False,False,False,Singapore Changi Airport,SIN
Phnom Penh International Airport,PNH,2024-08-14 20:50,Singapore Changi Airport,SIN,2024-08-14 23:50,120,Emirates,Business Class,120,,,608,Y,Y,Y,1,7,1,40,Wednesday,False,False,False,Singapore Changi Airport,SIN
Phnom Penh International Airport,PNH,2024-08-14 18:40,Singapore Changi Airport,SIN,2024-08-14 21:40,120,Singapore Airlines,Business Class,120,,,687,Y,Y,Y,1,7,1,23,Wednesday,False,False,False,Singapore Changi Airport,SIN
Phnom Penh International Airport,PNH,2024-08-14 09:35,Singapore Changi Airport,SIN,2024-08-14 12:40,125,Singapore Airlines,Business Class,125,,,774,Y,Y,Y,1,7,1,23,Wednesday,False,False,False,Singapore Changi Airport,SIN
Phnom Penh International Airport,PNH,2024-08-14 14:05,Singapore Changi Airport,SIN,2024-08-14 17:10,125,Singapore Airlines,Business Class,125,,,857,Y,Y,Y,1,7,1,23,Wednesday,False,False,False,Singapore Changi Airport,SIN
Phnom Penh International Airport,PNH,2024-08-14 11:10,Kuala Lumpur International Airport,KUL,2024-08-14 14:00,110,Malaysia Airlines,Business Class,320,130.0,,569,Y,Y,Y,1,8,2,23,Wednesday,False,False,False,Singapore Changi Airport,SIN
Phnom Penh International Airport,PNH,2024-08-14 18:20,Kuala Lumpur International Airport,KUL,2024-08-14 21:10,110,Malaysia Airlines,Business Class,290,115.0,,569,Y,Y,Y,1,8,2,23,Wednesday,False,False,False,Singapore Changi Airport,SIN
Phnom Penh International Airport,PNH,2024-08-15 11:10,Kuala Lumpur International Airport,KUL,2024-08-15 14:00,110,Malaysia Airlines,Business Class,320,130.0,,569,Y,Y,Y,1,8,2,23,Thursday,False,False,False,Singapore Changi Airport,SIN
Phnom Penh International Airport,PNH,2024-08-15 20:50,Singapore Changi Airport,SIN,2024-08-15 23:50,120,Emirates,Business Class,120,,,608,Y,Y,Y,1,7,1,40,Thursday,False,False,False,Singapore Changi Airport,SIN
Phnom Penh International Airport,PNH,2024-08-15 09:35,Singapore Changi Airport,SIN,2024-08-15 12:40,125,Singapore Airlines,Business Class,125,,,774,Y,Y,Y,1,7,1,23,Thursday,False,False,False,Singapore Changi Airport,SIN
Phnom Penh International Airport,PNH,2024-08-15 14:05,Singapore Changi Airport,SIN,2024-08-15 17:10,125,Singapore Airlines,Business Class,125,,,774,Y,Y,Y,1,7,1,23,Thursday,False,False,False,Singapore Changi Airport,SIN
Phnom Penh International Airport,PNH,2024-08-15 11:10,Kuala Lumpur International Airport,KUL,2024-08-15 14:00,110,Malaysia Airlines,Business Class,580,400.0,,502,Y,Y,Y,1,8,2,23,Thursday,False,False,False,Singapore Changi Airport,SIN
Phnom Penh International Airport,PNH,2024-08-15 18:20,Kuala Lumpur International Airport,KUL,2024-08-15 21:10,110,Malaysia Airlines,Business Class,290,115.0,,569,Y,Y,Y,1,8,2,23,Thursday,False,False,False,Singapore Changi Airport,SIN
Phnom Penh International Airport,PNH,2024-08-16 20:50,Singapore Changi Airport,SIN,2024-08-16 23:50,120,Emirates,Business Class,120,,,608,Y,Y,Y,1,7,1,40,Friday,False,False,False,Singapore Changi Airport,SIN
Phnom Penh International Airport,PNH,2024-08-16 09:35,Singapore Changi Airport,SIN,2024-08-16 12:40,125,Singapore Airlines,Business Class,125,,,774,Y,Y,Y,1,7,1,23,Friday,False,False,False,Singapore Changi Airport,SIN
Phnom Penh International Airport,PNH,2024-08-16 14:05,Singapore Changi Airport,SIN,2024-08-16 17:10,125,Singapore Airlines,Business Class,125,,,774,Y,Y,Y,1,7,1,23,Friday,False,False,False,Singapore Changi Airport,SIN
Phnom Penh International Airport,PNH,2024-08-16 18:25,Singapore Changi Airport,SIN,2024-08-16 21:25,120,Singapore Airlines,Business Class,120,,,774,Y,Y,Y,1,7,1,23,Friday,False,False,False,Singapore Changi Airport,SIN
Phnom Penh International Airport,PNH,2024-08-16 11:10,Kuala Lumpur International Airport,KUL,2024-08-16 14:00,110,Malaysia Airlines,Business Class,320,130.0,,569,Y,Y,Y,1,8,2,23,Friday,False,False,False,Singapore Changi Airport,SIN
Phnom Penh International Airport,PNH,2024-08-16 18:20,Kuala Lumpur International Airport,KUL,2024-08-16 21:10,110,Malaysia Airlines,Business Class,290,115.0,,569,Y,Y,Y,1,8,2,23,Friday,False,False,False,Singapore Changi Airport,SIN
Phnom Penh International Airport,PNH,2024-08-17 20:50,Singapore Changi Airport,SIN,2024-08-17 23:50,120,Emirates,Business Class,120,,,608,Y,Y,Y,1,7,1,40,Saturday,False,False,False,Singapore Changi Airport,SIN
Phnom Penh International Airport,PNH,2024-08-17 18:40,Singapore Changi Airport,SIN,2024-08-17 21:40,120,Singapore Airlines,Business Class,120,,,687,Y,Y,Y,1,7,1,23,Saturday,False,False,False,Singapore Changi Airport,SIN
Phnom Penh International Airport,PNH,2024-08-17 09:35,Singapore Changi Airport,SIN,2024-08-17 12:40,125,Singapore Airlines,Business Class,125,,,774,Y,Y,Y,1,7,1,23,Saturday,False,False,False,Singapore Changi Airport,SIN
Phnom Penh International Airport,PNH,2024-08-17 14:05,Singapore Changi Airport,SIN,2024-08-17 17:10,125,Singapore Airlines,Business Class,125,,,857,Y,Y,Y,1,7,1,23,Saturday,False,False,False,Singapore Changi Airport,SIN
Phnom Penh International Airport,PNH,2024-08-17 11:10,Kuala Lumpur International Airport,KUL,2024-08-17 14:00,110,Malaysia Airlines,Business Class,320,130.0,,569,Y,Y,Y,1,8,2,23,Saturday,False,False,False,Singapore Changi Airport,SIN
Phnom Penh International Airport,PNH,2024-08-17 18:20,Kuala Lumpur International Airport,KUL,2024-08-17 21:10,110,Malaysia Airlines,Business Class,290,115.0,,569,Y,Y,Y,1,8,2,23,Saturday,False,False,False,Singapore Changi Airport,SIN
Phnom Penh International Airport,PNH,2024-08-18 07:55,Singapore Changi Airport,SIN,2024-08-18 10:55,120,Cambodia Airways,Business Class,120,,,433,Y,Y,Y,1,7,1,40,Sunday,False,False,False,Singapore Changi Airport,SIN
Phnom Penh International Airport,PNH,2024-08-18 20:50,Singapore Changi Airport,SIN,2024-08-18 23:50,120,Emirates,Business Class,120,,,608,Y,Y,Y,1,7,1,40,Sunday,False,False,False,Singapore Changi Airport,SIN
Phnom Penh International Airport,PNH,2024-08-18 09:35,Singapore Changi Airport,SIN,2024-08-18 12:40,125,Singapore Airlines,Business Class,125,,,774,Y,Y,Y,1,7,1,23,Sunday,False,False,False,Singapore Changi Airport,SIN
Phnom Penh International Airport,PNH,2024-08-18 11:10,Kuala Lumpur International Airport,KUL,2024-08-18 14:00,110,Malaysia Airlines,Business Class,320,130.0,,569,Y,Y,Y,1,8,2,23,Sunday,False,False,False,Singapore Changi Airport,SIN
Phnom Penh International Airport,PNH,2024-08-18 18:20,Kuala Lumpur International Airport,KUL,2024-08-18 21:10,110,Malaysia Airlines,Business Class,290,115.0,,569,Y,Y,Y,1,8,2,23,Sunday,False,False,False,Singapore Changi Airport,SIN
Phnom Penh International Airport,PNH,2024-08-18 18:40,Singapore Changi Airport,SIN,2024-08-18 21:40,120,Singapore Airlines,Business Class,120,,,687,Y,Y,Y,1,7,1,23,Sunday,False,False,False,Singapore Changi Airport,SIN
Phnom Penh International Airport,PNH,2024-08-18 14:05,Singapore Changi Airport,SIN,2024-08-18 17:10,125,Singapore Airlines,Business Class,125,,,857,Y,Y,Y,1,7,1,23,Sunday,False,False,False,Singapore Changi Airport,SIN
Phnom Penh International Airport,PNH,2024-08-19 11:10,Kuala Lumpur International Airport,KUL,2024-08-19 14:00,110,Malaysia Airlines,Business Class,320,130.0,,569,Y,Y,Y,1,8,2,23,Monday,False,False,False,Singapore Changi Airport,SIN
Phnom Penh International Airport,PNH,2024-08-19 20:50,Singapore Changi Airport,SIN,2024-08-19 23:50,120,Emirates,Business Class,120,,,608,Y,Y,Y,1,7,1,40,Monday,False,False,False,Singapore Changi Airport,SIN
Phnom Penh International Airport,PNH,2024-08-19 09:35,Singapore Changi Airport,SIN,2024-08-19 12:40,125,Singapore Airlines,Business Class,125,,,774,Y,Y,Y,1,7,1,23,Monday,False,False,False,Singapore Changi Airport,SIN
Phnom Penh International Airport,PNH,2024-08-19 14:05,Singapore Changi Airport,SIN,2024-08-19 17:10,125,Singapore Airlines,Business Class,125,,,774,Y,Y,Y,1,7,1,23,Monday,False,False,False,Singapore Changi Airport,SIN
Phnom Penh International Airport,PNH,2024-08-19 18:25,Singapore Changi Airport,SIN,2024-08-19 21:25,120,Singapore Airlines,Business Class,120,,,857,Y,Y,Y,1,7,1,23,Monday,False,False,False,Singapore Changi Airport,SIN
Phnom Penh International Airport,PNH,2024-08-19 11:10,Kuala Lumpur International Airport,KUL,2024-08-19 14:00,110,Malaysia Airlines,Business Class,350,155.0,,472,Y,Y,Y,1,8,2,23,Monday,False,False,False,Singapore Changi Airport,SIN
Phnom Penh International Airport,PNH,2024-08-19 18:20,Kuala Lumpur International Airport,KUL,2024-08-19 21:10,110,Malaysia Airlines,Business Class,290,115.0,,569,Y,Y,Y,1,8,2,23,Monday,False,False,False,Singapore Changi Airport,SIN
Phnom Penh International Airport,PNH,2024-08-20 11:10,Kuala Lumpur International Airport,KUL,2024-08-20 14:00,110,Malaysia Airlines,Business Class,320,130.0,,569,Y,Y,Y,1,8,2,23,Tuesday,False,False,False,Singapore Changi Airport,SIN
Phnom Penh International Airport,PNH,2024-08-20 20:50,Singapore Changi Airport,SIN,2024-08-20 23:50,120,Emirates,Business Class,120,,,608,Y,Y,Y,1,7,1,40,Tuesday,False,False,False,Singapore Changi Airport,SIN
Phnom Penh International Airport,PNH,2024-08-20 09:35,Singapore Changi Airport,SIN,2024-08-20 12:40,125,Singapore Airlines,Business Class,125,,,774,Y,Y,Y,1,7,1,23,Tuesday,False,False,False,Singapore Changi Airport,SIN
Phnom Penh International Airport,PNH,2024-08-20 14:05,Singapore Changi Airport,SIN,2024-08-20 17:10,125,Singapore Airlines,Business Class,125,,,857,Y,Y,Y,1,7,1,23,Tuesday,False,False,False,Singapore Changi Airport,SIN
Phnom Penh International Airport,PNH,2024-08-20 18:20,Kuala Lumpur International Airport,KUL,2024-08-20 21:10,110,Malaysia Airlines,Business Class,290,115.0,,569,Y,Y,Y,1,8,2,23,Tuesday,False,False,False,Singapore Changi Airport,SIN
Phnom Penh International Airport,PNH,2024-08-21 20:50,Singapore Changi Airport,SIN,2024-08-21 23:50,120,Emirates,Business Class,120,,,608,Y,Y,Y,1,7,1,40,Wednesday,False,False,False,Singapore Changi Airport,SIN
Phnom Penh International Airport,PNH,2024-08-21 18:40,Singapore Changi Airport,SIN,2024-08-21 21:40,120,Singapore Airlines,Business Class,120,,,687,Y,Y,Y,1,7,1,23,Wednesday,False,False,False,Singapore Changi Airport,SIN
Phnom Penh International Airport,PNH,2024-08-21 09:35,Singapore Changi Airport,SIN,2024-08-21 12:40,125,Singapore Airlines,Business Class,125,,,774,Y,Y,Y,1,7,1,23,Wednesday,False,False,False,Singapore Changi Airport,SIN
Phnom Penh International Airport,PNH,2024-08-21 14:05,Singapore Changi Airport,SIN,2024-08-21 17:10,125,Singapore Airlines,Business Class,125,,,774,Y,Y,Y,1,7,1,23,Wednesday,False,False,False,Singapore Changi Airport,SIN
Phnom Penh International Airport,PNH,2024-08-21 11:10,Kuala Lumpur International Airport,KUL,2024-08-21 14:00,110,Malaysia Airlines,Business Class,350,155.0,,441,Y,Y,Y,1,8,2,23,Wednesday,False,False,False,Singapore Changi Airport,SIN
Phnom Penh International Airport,PNH,2024-08-21 11:10,Kuala Lumpur International Airport,KUL,2024-08-21 14:00,110,Malaysia Airlines,Business Class,320,130.0,,569,Y,Y,Y,1,8,2,23,Wednesday,False,False,False,Singapore Changi Airport,SIN
Phnom Penh International Airport,PNH,2024-08-21 18:20,Kuala Lumpur International Airport,KUL,2024-08-21 21:10,110,Malaysia Airlines,Business Class,290,115.0,,569,Y,Y,Y,1,8,2,23,Wednesday,False,False,False,Singapore Changi Airport,SIN
Phnom Penh International Airport,PNH,2024-08-22 20:50,Singapore Changi Airport,SIN,2024-08-22 23:50,120,Emirates,Business Class,120,,,608,Y,Y,Y,1,7,1,40,Thursday,False,False,False,Singapore Changi Airport,SIN
Phnom Penh International Airport,PNH,2024-08-22 09:35,Singapore Changi Airport,SIN,2024-08-22 12:40,125,Singapore Airlines,Business Class,125,,,774,Y,Y,Y,1,7,1,23,Thursday,False,False,False,Singapore Changi Airport,SIN
Phnom Penh International Airport,PNH,2024-08-22 14:05,Singapore Changi Airport,SIN,2024-08-22 17:10,125,Singapore Airlines,Business Class,125,,,774,Y,Y,Y,1,7,1,23,Thursday,False,False,False,Singapore Changi Airport,SIN
Phnom Penh International Airport,PNH,2024-08-22 18:25,Singapore Changi Airport,SIN,2024-08-22 21:25,120,Singapore Airlines,Business Class,120,,,774,Y,Y,Y,1,7,1,23,Thursday,False,False,False,Singapore Changi Airport,SIN
Phnom Penh International Airport,PNH,2024-08-22 11:10,Kuala Lumpur International Airport,KUL,2024-08-22 14:00,110,Malaysia Airlines,Business Class,350,155.0,,502,Y,Y,Y,1,8,2,23,Thursday,False,False,False,Singapore Changi Airport,SIN
Phnom Penh International Airport,PNH,2024-08-22 11:10,Kuala Lumpur International Airport,KUL,2024-08-22 14:00,110,Malaysia Airlines,Business Class,320,130.0,,569,Y,Y,Y,1,8,2,23,Thursday,False,False,False,Singapore Changi Airport,SIN
Phnom Penh International Airport,PNH,2024-08-22 18:20,Kuala Lumpur International Airport,KUL,2024-08-22 21:10,110,Malaysia Airlines,Business Class,290,115.0,,569,Y,Y,Y,1,8,2,23,Thursday,False,False,False,Singapore Changi Airport,SIN
Phnom Penh International Airport,PNH,2024-08-23 20:50,Singapore Changi Airport,SIN,2024-08-23 23:50,120,Emirates,Business Class,120,,,608,Y,Y,Y,1,7,1,40,Friday,False,False,False,Singapore Changi Airport,SIN
Phnom Penh International Airport,PNH,2024-08-23 09:35,Singapore Changi Airport,SIN,2024-08-23 12:40,125,Singapore Airlines,Business Class,125,,,774,Y,Y,Y,1,7,1,23,Friday,False,False,False,Singapore Changi Airport,SIN
Phnom Penh International Airport,PNH,2024-08-23 14:05,Singapore Changi Airport,SIN,2024-08-23 17:10,125,Singapore Airlines,Business Class,125,,,774,Y,Y,Y,1,7,1,23,Friday,False,False,False,Singapore Changi Airport,SIN
Phnom Penh International Airport,PNH,2024-08-23 18:25,Singapore Changi Airport,SIN,2024-08-23 21:25,120,Singapore Airlines,Business Class,120,,,774,Y,Y,Y,1,7,1,23,Friday,False,False,False,Singapore Changi Airport,SIN
Phnom Penh International Airport,PNH,2024-08-23 11:10,Kuala Lumpur International Airport,KUL,2024-08-23 14:00,110,Malaysia Airlines,Business Class,320,130.0,,569,Y,Y,Y,1,8,2,23,Friday,False,False,False,Singapore Changi Airport,SIN
Phnom Penh International Airport,PNH,2024-08-23 18:20,Kuala Lumpur International Airport,KUL,2024-08-23 21:10,110,Malaysia Airlines,Business Class,290,115.0,,569,Y,Y,Y,1,8,2,23,Friday,False,False,False,Singapore Changi Airport,SIN
Phnom Penh International Airport,PNH,2024-08-24 20:50,Singapore Changi Airport,SIN,2024-08-24 23:50,120,Emirates,Business Class,120,,,608,Y,Y,Y,1,7,1,40,Saturday,False,False,False,Singapore Changi Airport,SIN
Phnom Penh International Airport,PNH,2024-08-24 18:40,Singapore Changi Airport,SIN,2024-08-24 21:40,120,Singapore Airlines,Business Class,120,,,687,Y,Y,Y,1,7,1,23,Saturday,False,False,False,Singapore Changi Airport,SIN
Phnom Penh International Airport,PNH,2024-08-24 09:35,Singapore Changi Airport,SIN,2024-08-24 12:40,125,Singapore Airlines,Business Class,125,,,774,Y,Y,Y,1,7,1,23,Saturday,False,False,False,Singapore Changi Airport,SIN
Phnom Penh International Airport,PNH,2024-08-24 14:05,Singapore Changi Airport,SIN,2024-08-24 17:10,125,Singapore Airlines,Business Class,125,,,774,Y,Y,Y,1,7,1,23,Saturday,False,False,False,Singapore Changi Airport,SIN
Phnom Penh International Airport,PNH,2024-08-24 11:10,Kuala Lumpur International Airport,KUL,2024-08-24 14:00,110,Malaysia Airlines,Business Class,320,130.0,,569,Y,Y,Y,1,8,2,23,Saturday,False,False,False,Singapore Changi Airport,SIN
Phnom Penh International Airport,PNH,2024-08-24 18:20,Kuala Lumpur International Airport,KUL,2024-08-24 21:10,110,Malaysia Airlines,Business Class,290,115.0,,569,Y,Y,Y,1,8,2,23,Saturday,False,False,False,Singapore Changi Airport,SIN
Phnom Penh International Airport,PNH,2024-08-25 07:55,Singapore Changi Airport,SIN,2024-08-25 10:55,120,Cambodia Airways,Business Class,120,,,433,Y,Y,Y,1,7,1,40,Sunday,False,False,False,Singapore Changi Airport,SIN
Phnom Penh International Airport,PNH,2024-08-25 20:50,Singapore Changi Airport,SIN,2024-08-25 23:50,120,Emirates,Business Class,120,,,608,Y,Y,Y,1,7,1,40,Sunday,False,False,False,Singapore Changi Airport,SIN
Phnom Penh International Airport,PNH,2024-08-25 18:40,Singapore Changi Airport,SIN,2024-08-25 21:40,120,Singapore Airlines,Business Class,120,,,687,Y,Y,Y,1,7,1,23,Sunday,False,False,False,Singapore Changi Airport,SIN
Phnom Penh International Airport,PNH,2024-08-25 18:20,Kuala Lumpur International Airport,KUL,2024-08-25 21:10,110,Malaysia Airlines,Business Class,290,115.0,,569,Y,Y,Y,1,8,2,23,Sunday,False,False,False,Singapore Changi Airport,SIN
Phnom Penh International Airport,PNH,2024-08-25 14:05,Singapore Changi Airport,SIN,2024-08-25 17:10,125,Singapore Airlines,Business Class,125,,,774,Y,Y,Y,1,7,1,23,Sunday,False,False,False,Singapore Changi Airport,SIN
Phnom Penh International Airport,PNH,2024-08-25 09:35,Singapore Changi Airport,SIN,2024-08-25 12:40,125,Singapore Airlines,Business Class,125,,,1180,Y,Y,Y,1,7,1,23,Sunday,False,False,False,Singapore Changi Airport,SIN
Phnom Penh International Airport,PNH,2024-08-26 20:50,Singapore Changi Airport,SIN,2024-08-26 23:50,120,Emirates,Business Class,120,,,608,Y,Y,Y,1,7,1,40,Monday,False,False,False,Singapore Changi Airport,SIN
Phnom Penh International Airport,PNH,2024-08-26 09:35,Singapore Changi Airport,SIN,2024-08-26 12:40,125,Singapore Airlines,Business Class,125,,,774,Y,Y,Y,1,7,1,23,Monday,False,False,False,Singapore Changi Airport,SIN
Phnom Penh International Airport,PNH,2024-08-26 14:05,Singapore Changi Airport,SIN,2024-08-26 17:10,125,Singapore Airlines,Business Class,125,,,774,Y,Y,Y,1,7,1,23,Monday,False,False,False,Singapore Changi Airport,SIN
Phnom Penh International Airport,PNH,2024-08-26 11:10,Kuala Lumpur International Airport,KUL,2024-08-26 14:00,110,Malaysia Airlines,Business Class,320,130.0,,569,Y,Y,Y,1,8,2,23,Monday,False,False,False,Singapore Changi Airport,SIN
Phnom Penh International Airport,PNH,2024-08-26 18:20,Kuala Lumpur International Airport,KUL,2024-08-26 21:10,110,Malaysia Airlines,Business Class,290,115.0,,569,Y,Y,Y,1,8,2,23,Monday,False,False,False,Singapore Changi Airport,SIN
Phnom Penh International Airport,PNH,2024-08-26 18:25,Singapore Changi Airport,SIN,2024-08-26 21:25,120,Singapore Airlines,Business Class,120,,,949,Y,Y,Y,1,7,1,23,Monday,False,False,False,Singapore Changi Airport,SIN
Phnom Penh International Airport,PNH,2024-08-27 11:10,Kuala Lumpur International Airport,KUL,2024-08-27 14:00,110,Malaysia Airlines,Business Class,320,130.0,,569,Y,Y,Y,1,8,2,23,Tuesday,False,False,False,Singapore Changi Airport,SIN
Phnom Penh International Airport,PNH,2024-08-27 20:50,Singapore Changi Airport,SIN,2024-08-27 23:50,120,Emirates,Business Class,120,,,608,Y,Y,Y,1,7,1,40,Tuesday,False,False,False,Singapore Changi Airport,SIN
Phnom Penh International Airport,PNH,2024-08-27 14:05,Singapore Changi Airport,SIN,2024-08-27 17:10,125,Singapore Airlines,Business Class,125,,,774,Y,Y,Y,1,7,1,23,Tuesday,False,False,False,Singapore Changi Airport,SIN
Phnom Penh International Airport,PNH,2024-08-27 18:25,Singapore Changi Airport,SIN,2024-08-27 21:25,120,Singapore Airlines,Business Class,120,,,774,Y,Y,Y,1,7,1,23,Tuesday,False,False,False,Singapore Changi Airport,SIN
Phnom Penh International Airport,PNH,2024-08-27 09:35,Singapore Changi Airport,SIN,2024-08-27 12:40,125,Singapore Airlines,Business Class,125,,,1054,Y,Y,Y,1,7,1,23,Tuesday,False,False,False,Singapore Changi Airport,SIN
Phnom Penh International Airport,PNH,2024-08-27 11:10,Kuala Lumpur International Airport,KUL,2024-08-27 14:00,110,Malaysia Airlines,Business Class,645,465.0,,441,Y,Y,Y,1,8,2,23,Tuesday,False,False,False,Singapore Changi Airport,SIN
Phnom Penh International Airport,PNH,2024-08-27 18:20,Kuala Lumpur International Airport,KUL,2024-08-27 21:10,110,Malaysia Airlines,Business Class,290,115.0,,569,Y,Y,Y,1,8,2,23,Tuesday,False,False,False,Singapore Changi Airport,SIN
Phnom Penh International Airport,PNH,2024-08-28 11:10,Kuala Lumpur International Airport,KUL,2024-08-28 14:00,110,Malaysia Airlines,Business Class,320,130.0,,569,Y,Y,Y,1,8,2,23,Wednesday,False,False,False,Singapore Changi Airport,SIN
Phnom Penh International Airport,PNH,2024-08-28 20:50,Singapore Changi Airport,SIN,2024-08-28 23:50,120,Emirates,Business Class,120,,,608,Y,Y,Y,1,7,1,40,Wednesday,False,False,False,Singapore Changi Airport,SIN
Phnom Penh International Airport,PNH,2024-08-28 18:40,Singapore Changi Airport,SIN,2024-08-28 21:40,120,Singapore Airlines,Business Class,120,,,687,Y,Y,Y,1,7,1,23,Wednesday,False,False,False,Singapore Changi Airport,SIN
Phnom Penh International Airport,PNH,2024-08-28 09:35,Singapore Changi Airport,SIN,2024-08-28 12:40,125,Singapore Airlines,Business Class,125,,,774,Y,Y,Y,1,7,1,23,Wednesday,False,False,False,Singapore Changi Airport,SIN
Phnom Penh International Airport,PNH,2024-08-28 14:05,Singapore Changi Airport,SIN,2024-08-28 17:10,125,Singapore Airlines,Business Class,125,,,857,Y,Y,Y,1,7,1,23,Wednesday,False,False,False,Singapore Changi Airport,SIN
Phnom Penh International Airport,PNH,2024-08-28 11:10,Kuala Lumpur International Airport,KUL,2024-08-28 14:00,110,Malaysia Airlines,Business Class,350,155.0,,502,Y,Y,Y,1,8,2,23,Wednesday,False,False,False,Singapore Changi Airport,SIN
Phnom Penh International Airport,PNH,2024-08-28 18:20,Kuala Lumpur International Airport,KUL,2024-08-28 21:10,110,Malaysia Airlines,Business Class,290,115.0,,569,Y,Y,Y,1,8,2,23,Wednesday,False,False,False,Singapore Changi Airport,SIN
Phnom Penh International Airport,PNH,2024-08-29 20:50,Singapore Changi Airport,SIN,2024-08-29 23:50,120,Emirates,Business Class,120,,,608,Y,Y,Y,1,7,1,40,Thursday,False,False,False,Singapore Changi Airport,SIN
Phnom Penh International Airport,PNH,2024-08-29 09:35,Singapore Changi Airport,SIN,2024-08-29 12:40,125,Singapore Airlines,Business Class,125,,,774,Y,Y,Y,1,7,1,23,Thursday,False,False,False,Singapore Changi Airport,SIN
Phnom Penh International Airport,PNH,2024-08-29 14:05,Singapore Changi Airport,SIN,2024-08-29 17:10,125,Singapore Airlines,Business Class,125,,,774,Y,Y,Y,1,7,1,23,Thursday,False,False,False,Singapore Changi Airport,SIN
Phnom Penh International Airport,PNH,2024-08-29 18:25,Singapore Changi Airport,SIN,2024-08-29 21:25,120,Singapore Airlines,Business Class,120,,,774,Y,Y,Y,1,7,1,23,Thursday,False,False,False,Singapore Changi Airport,SIN
Phnom Penh International Airport,PNH,2024-08-29 11:10,Kuala Lumpur International Airport,KUL,2024-08-29 14:00,110,Malaysia Airlines,Business Class,350,155.0,,502,Y,Y,Y,1,8,2,23,Thursday,False,False,False,Singapore Changi Airport,SIN
Phnom Penh International Airport,PNH,2024-08-29 11:10,Kuala Lumpur International Airport,KUL,2024-08-29 14:00,110,Malaysia Airlines,Business Class,320,130.0,,569,Y,Y,Y,1,8,2,23,Thursday,False,False,False,Singapore Changi Airport,SIN
Phnom Penh International Airport,PNH,2024-08-29 18:20,Kuala Lumpur International Airport,KUL,2024-08-29 21:10,110,Malaysia Airlines,Business Class,290,115.0,,569,Y,Y,Y,1,8,2,23,Thursday,False,False,False,Singapore Changi Airport,SIN
Phnom Penh International Airport,PNH,2024-08-30 20:50,Singapore Changi Airport,SIN,2024-08-30 23:50,120,Emirates,Business Class,120,,,608,Y,Y,Y,1,7,1,40,Friday,False,False,False,Singapore Changi Airport,SIN
Phnom Penh International Airport,PNH,2024-08-30 09:35,Singapore Changi Airport,SIN,2024-08-30 12:40,125,Singapore Airlines,Business Class,125,,,774,Y,Y,Y,1,7,1,23,Friday,False,False,False,Singapore Changi Airport,SIN
Phnom Penh International Airport,PNH,2024-08-30 18:25,Singapore Changi Airport,SIN,2024-08-30 21:25,120,Singapore Airlines,Business Class,120,,,774,Y,Y,Y,1,7,1,23,Friday,False,False,False,Singapore Changi Airport,SIN
Phnom Penh International Airport,PNH,2024-08-30 14:05,Singapore Changi Airport,SIN,2024-08-30 17:10,125,Singapore Airlines,Business Class,125,,,857,Y,Y,Y,1,7,1,23,Friday,False,False,False,Singapore Changi Airport,SIN
Phnom Penh International Airport,PNH,2024-08-30 11:10,Kuala Lumpur International Airport,KUL,2024-08-30 14:00,110,Malaysia Airlines,Business Class,320,130.0,,569,Y,Y,Y,1,8,2,23,Friday,False,False,False,Singapore Changi Airport,SIN
Phnom Penh International Airport,PNH,2024-08-30 18:20,Kuala Lumpur International Airport,KUL,2024-08-30 21:10,110,Malaysia Airlines,Business Class,290,115.0,,569,Y,Y,Y,1,8,2,23,Friday,False,False,False,Singapore Changi Airport,SIN
Phnom Penh International Airport,PNH,2024-08-31 20:50,Singapore Changi Airport,SIN,2024-08-31 23:50,120,Emirates,Business Class,120,,,608,Y,Y,Y,1,7,1,40,Saturday,False,False,False,Singapore Changi Airport,SIN
Phnom Penh International Airport,PNH,2024-08-31 18:40,Singapore Changi Airport,SIN,2024-08-31 21:40,120,Singapore Airlines,Business Class,120,,,687,Y,Y,Y,1,7,1,23,Saturday,False,False,False,Singapore Changi Airport,SIN
Phnom Penh International Airport,PNH,2024-08-31 09:35,Singapore Changi Airport,SIN,2024-08-31 12:40,125,Singapore Airlines,Business Class,125,,,774,Y,Y,Y,1,7,1,23,Saturday,False,False,False,Singapore Changi Airport,SIN
Phnom Penh International Airport,PNH,2024-08-31 14:05,Singapore Changi Airport,SIN,2024-08-31 17:10,125,Singapore Airlines,Business Class,125,,,857,Y,Y,Y,1,7,1,23,Saturday,False,False,False,Singapore Changi Airport,SIN
Phnom Penh International Airport,PNH,2024-08-31 11:10,Kuala Lumpur International Airport,KUL,2024-08-31 14:00,110,Malaysia Airlines,Business Class,320,130.0,,569,Y,Y,Y,1,8,2,23,Saturday,False,False,False,Singapore Changi Airport,SIN
Phnom Penh International Airport,PNH,2024-08-31 18:20,Kuala Lumpur International Airport,KUL,2024-08-31 21:10,110,Malaysia Airlines,Business Class,290,115.0,,569,Y,Y,Y,1,8,2,23,Saturday,False,False,False,Singapore Changi Airport,SIN
