Departure Airport Name,Departure Airport ID,Departure Time,Arrival Airport Name,Arrival Airport ID,Arrival Time,Duration,Airline,Travel Class,Total Duration,Layover 1 Duration,Layover 1 Overnight,Price, Cabin Baggage, Checked Baggage,Meal Included,Cabin Baggage (Number),Cabin Baggage (kg per piece),Checked Baggage (Number),Checked Baggage (kg per piece) ,Day of Week (on flight date),Overnight Flight,Departure Country Is Holiday,Arrival Country Is Holiday,Final Arrival Airport Name,Final Arrival Airport ID
Phnom Penh International Airport,PNH,2024-07-01 09:35,Singapore Changi Airport,SIN,2024-07-01 12:40,125,Singapore Airlines,Business Class,1475,1220,True,1253,Y,Y,Y,1,7,1,23,Monday,False,False,False,Brunei International Airport,BWN
Phnom Penh International Airport,PNH,2024-07-01 18:25,Singapore Changi Airport,SIN,2024-07-01 21:25,120,Singapore Airlines,Business Class,945,695,True,1406,Y,Y,Y,1,7,1,23,Monday,False,False,False,Brunei International Airport,BWN
Phnom Penh International Airport,PNH,2024-07-02 11:10,Kuala Lumpur International Airport,KUL,2024-07-02 14:00,110,Malaysia Airlines,Business Class,690,435,,1200,Y,Y,Y,1,8,2,23,Tuesday,False,False,False,Brunei International Airport,BWN
Phnom Penh International Airport,PNH,2024-07-02 14:05,Singapore Changi Airport,SIN,2024-07-02 17:10,125,Singapore Airlines,Business Class,1435,1175,True,1406,Y,Y,Y,1,7,1,23,Tuesday,False,False,False,Brunei International Airport,BWN
Phnom Penh International Airport,PNH,2024-07-03 18:20,Kuala Lumpur International Airport,KUL,2024-07-03 21:10,110,Malaysia Airlines,Business Class,1155,900,True,1211,Y,Y,Y,1,8,2,23,Wednesday,False,False,False,Brunei International Airport,BWN
Phnom Penh International Airport,PNH,2024-07-03 18:40,Singapore Changi Airport,SIN,2024-07-03 21:40,120,Singapore Airlines,Business Class,930,680,True,1253,Y,Y,Y,1,7,1,23,Wednesday,False,False,False,Brunei International Airport,BWN
Phnom Penh International Airport,PNH,2024-07-03 11:10,Kuala Lumpur International Airport,KUL,2024-07-03 14:00,110,Malaysia Airlines,Business Class,690,435,,1404,Y,Y,Y,1,8,2,23,Wednesday,False,False,False,Brunei International Airport,BWN
Phnom Penh International Airport,PNH,2024-07-04 18:20,Kuala Lumpur International Airport,KUL,2024-07-04 21:10,110,Malaysia Airlines,Business Class,1155,900,True,1211,Y,Y,Y,1,8,2,23,Thursday,False,False,False,Brunei International Airport,BWN
Phnom Penh International Airport,PNH,2024-07-04 14:05,Singapore Changi Airport,SIN,2024-07-04 17:10,125,Singapore Airlines,Business Class,1435,1175,True,1253,Y,Y,Y,1,7,1,23,Thursday,False,False,False,Brunei International Airport,BWN
Phnom Penh International Airport,PNH,2024-07-04 18:25,Singapore Changi Airport,SIN,2024-07-04 21:25,120,Singapore Airlines,Business Class,1175,920,True,1406,Y,Y,Y,1,7,1,23,Thursday,False,False,False,Brunei International Airport,BWN
Phnom Penh International Airport,PNH,2024-07-05 00:50,Ninoy Aquino International Airport,MNL,2024-07-05 04:40,170,Philippine Airlines,Business Class,1310,1015,True,1171,Y,Y,Y,1,7,2,32,Friday,False,False,False,Brunei International Airport,BWN
Phnom Penh International Airport,PNH,2024-07-05 18:20,Kuala Lumpur International Airport,KUL,2024-07-05 21:10,110,Malaysia Airlines,Business Class,1155,900,True,1211,Y,Y,Y,1,8,2,23,Friday,False,False,False,Brunei International Airport,BWN
Phnom Penh International Airport,PNH,2024-07-05 11:10,Kuala Lumpur International Airport,KUL,2024-07-05 14:00,110,Malaysia Airlines,Business Class,690,435,,1404,Y,Y,Y,1,8,2,23,Friday,False,False,False,Brunei International Airport,BWN
Phnom Penh International Airport,PNH,2024-07-06 18:20,Kuala Lumpur International Airport,KUL,2024-07-06 21:10,110,Malaysia Airlines,Business Class,1155,900,True,1211,Y,Y,Y,1,8,2,23,Saturday,False,False,False,Brunei International Airport,BWN
Phnom Penh International Airport,PNH,2024-07-07 18:20,Kuala Lumpur International Airport,KUL,2024-07-07 21:10,110,Malaysia Airlines,Business Class,1155,900,True,1211,Y,Y,Y,1,8,2,23,Sunday,False,False,False,Brunei International Airport,BWN
Phnom Penh International Airport,PNH,2024-07-07 18:40,Singapore Changi Airport,SIN,2024-07-07 21:40,120,Singapore Airlines,Business Class,930,680,True,1253,Y,Y,Y,1,7,1,23,Sunday,False,False,False,Brunei International Airport,BWN
Phnom Penh International Airport,PNH,2024-07-07 11:10,Kuala Lumpur International Airport,KUL,2024-07-07 14:00,110,Malaysia Airlines,Business Class,690,435,,1404,Y,Y,Y,1,8,2,23,Sunday,False,False,False,Brunei International Airport,BWN
Phnom Penh International Airport,PNH,2024-07-08 18:25,Singapore Changi Airport,SIN,2024-07-08 21:25,120,Singapore Airlines,Business Class,945,695,True,1406,Y,Y,Y,1,7,1,23,Monday,False,False,True,Brunei International Airport,BWN
Phnom Penh International Airport,PNH,2024-07-09 18:20,Kuala Lumpur International Airport,KUL,2024-07-09 21:10,110,Malaysia Airlines,Business Class,1700,1445,True,1218,Y,Y,Y,1,8,2,23,Tuesday,False,False,False,Brunei International Airport,BWN
Phnom Penh International Airport,PNH,2024-07-09 18:25,Singapore Changi Airport,SIN,2024-07-09 21:25,120,Singapore Airlines,Business Class,1175,920,True,1253,Y,Y,Y,1,7,1,23,Tuesday,False,False,False,Brunei International Airport,BWN
Phnom Penh International Airport,PNH,2024-07-10 11:10,Kuala Lumpur International Airport,KUL,2024-07-10 14:00,110,Malaysia Airlines,Business Class,690,435,,1200,Y,Y,Y,1,8,2,23,Wednesday,False,False,False,Brunei International Airport,BWN
Phnom Penh International Airport,PNH,2024-07-10 18:40,Singapore Changi Airport,SIN,2024-07-10 21:40,120,Singapore Airlines,Business Class,930,680,True,1253,Y,Y,Y,1,7,1,23,Wednesday,False,False,False,Brunei International Airport,BWN
Phnom Penh International Airport,PNH,2024-07-10 18:20,Kuala Lumpur International Airport,KUL,2024-07-10 21:10,110,Malaysia Airlines,Business Class,1155,900,True,1415,Y,Y,Y,1,8,2,23,Wednesday,False,False,False,Brunei International Airport,BWN
Phnom Penh International Airport,PNH,2024-07-11 18:25,Singapore Changi Airport,SIN,2024-07-11 21:25,120,Singapore Airlines,Business Class,1175,920,True,1114,Y,Y,Y,1,7,1,23,Thursday,False,False,False,Brunei International Airport,BWN
Phnom Penh International Airport,PNH,2024-07-11 18:20,Kuala Lumpur International Airport,KUL,2024-07-11 21:10,110,Malaysia Airlines,Business Class,1155,900,True,1211,Y,Y,Y,1,8,2,23,Thursday,False,False,False,Brunei International Airport,BWN
Phnom Penh International Airport,PNH,2024-07-12 00:50,Ninoy Aquino International Airport,MNL,2024-07-12 04:40,170,Philippine Airlines,Business Class,1310,1015,True,1171,Y,Y,Y,1,7,2,32,Friday,False,False,False,Brunei International Airport,BWN
Phnom Penh International Airport,PNH,2024-07-12 11:10,Kuala Lumpur International Airport,KUL,2024-07-12 14:00,110,Malaysia Airlines,Business Class,690,435,,1200,Y,Y,Y,1,8,2,23,Friday,False,False,False,Brunei International Airport,BWN
Phnom Penh International Airport,PNH,2024-07-12 18:20,Kuala Lumpur International Airport,KUL,2024-07-12 21:10,110,Malaysia Airlines,Business Class,1155,900,True,1415,Y,Y,Y,1,8,2,23,Friday,False,False,False,Brunei International Airport,BWN
Phnom Penh International Airport,PNH,2024-07-13 18:20,Kuala Lumpur International Airport,KUL,2024-07-13 21:10,110,Malaysia Airlines,Business Class,1155,900,True,1211,Y,Y,Y,1,8,2,23,Saturday,False,False,False,Brunei International Airport,BWN
Phnom Penh International Airport,PNH,2024-07-13 18:40,Singapore Changi Airport,SIN,2024-07-13 21:40,120,Singapore Airlines,Business Class,1160,905,True,1253,Y,Y,Y,1,7,1,23,Saturday,False,False,False,Brunei International Airport,BWN
Phnom Penh International Airport,PNH,2024-07-14 11:10,Kuala Lumpur International Airport,KUL,2024-07-14 14:00,110,Malaysia Airlines,Business Class,690,435,,1200,Y,Y,Y,1,8,2,23,Sunday,False,False,False,Brunei International Airport,BWN
Phnom Penh International Airport,PNH,2024-07-14 18:40,Singapore Changi Airport,SIN,2024-07-14 21:40,120,Singapore Airlines,Business Class,930,680,True,1253,Y,Y,Y,1,7,1,23,Sunday,False,False,False,Brunei International Airport,BWN
Phnom Penh International Airport,PNH,2024-07-15 09:35,Singapore Changi Airport,SIN,2024-07-15 12:40,125,Singapore Airlines,Business Class,1475,1220,True,1253,Y,Y,Y,1,7,1,23,Monday,False,False,True,Brunei International Airport,BWN
Phnom Penh International Airport,PNH,2024-07-16 09:35,Singapore Changi Airport,SIN,2024-07-16 12:40,125,Singapore Airlines,Business Class,1705,1445,True,1017,Y,Y,Y,1,7,1,23,Tuesday,False,False,False,Brunei International Airport,BWN
Phnom Penh International Airport,PNH,2024-07-16 11:10,Kuala Lumpur International Airport,KUL,2024-07-16 14:00,110,Malaysia Airlines,Business Class,690,435,,1200,Y,Y,Y,1,8,2,23,Tuesday,False,False,False,Brunei International Airport,BWN
Phnom Penh International Airport,PNH,2024-07-16 18:25,Singapore Changi Airport,SIN,2024-07-16 21:25,120,Singapore Airlines,Business Class,1175,920,True,1253,Y,Y,Y,1,7,1,23,Tuesday,False,False,False,Brunei International Airport,BWN
Phnom Penh International Airport,PNH,2024-07-17 11:10,Kuala Lumpur International Airport,KUL,2024-07-17 14:00,110,Malaysia Airlines,Business Class,690,435,,1200,Y,Y,Y,1,8,2,23,Wednesday,False,False,False,Brunei International Airport,BWN
Phnom Penh International Airport,PNH,2024-07-17 18:20,Kuala Lumpur International Airport,KUL,2024-07-17 21:10,110,Malaysia Airlines,Business Class,1155,900,True,1211,Y,Y,Y,1,8,2,23,Wednesday,False,False,False,Brunei International Airport,BWN
Phnom Penh International Airport,PNH,2024-07-17 18:40,Singapore Changi Airport,SIN,2024-07-17 21:40,120,Singapore Airlines,Business Class,930,680,True,1253,Y,Y,Y,1,7,1,23,Wednesday,False,False,False,Brunei International Airport,BWN
Phnom Penh International Airport,PNH,2024-07-18 18:20,Kuala Lumpur International Airport,KUL,2024-07-18 21:10,110,Malaysia Airlines,Business Class,1155,900,True,1211,Y,Y,Y,1,8,2,23,Thursday,False,False,False,Brunei International Airport,BWN
Phnom Penh International Airport,PNH,2024-07-18 14:05,Singapore Changi Airport,SIN,2024-07-18 17:10,125,Singapore Airlines,Business Class,1435,1175,True,1253,Y,Y,Y,1,7,1,23,Thursday,False,False,False,Brunei International Airport,BWN
Phnom Penh International Airport,PNH,2024-07-19 11:10,Kuala Lumpur International Airport,KUL,2024-07-19 14:00,110,Malaysia Airlines,Business Class,690,435,,1200,Y,Y,Y,1,8,2,23,Friday,False,False,False,Brunei International Airport,BWN
Phnom Penh International Airport,PNH,2024-07-19 09:35,Singapore Changi Airport,SIN,2024-07-19 12:40,125,Singapore Airlines,Business Class,1475,1220,True,1406,Y,Y,Y,1,7,1,23,Friday,False,False,False,Brunei International Airport,BWN
Phnom Penh International Airport,PNH,2024-07-19 00:50,Ninoy Aquino International Airport,MNL,2024-07-19 04:40,170,Philippine Airlines,Business Class,1310,1015,True,1171,Y,Y,Y,1,7,2,32,Friday,False,False,False,Brunei International Airport,BWN
Phnom Penh International Airport,PNH,2024-07-19 18:20,Kuala Lumpur International Airport,KUL,2024-07-19 21:10,110,Malaysia Airlines,Business Class,1155,900,True,1211,Y,Y,Y,1,8,2,23,Friday,False,False,False,Brunei International Airport,BWN
Phnom Penh International Airport,PNH,2024-07-20 18:20,Kuala Lumpur International Airport,KUL,2024-07-20 21:10,110,Malaysia Airlines,Business Class,1155,900,True,1211,Y,Y,Y,1,8,2,23,Saturday,False,False,False,Brunei International Airport,BWN
Phnom Penh International Airport,PNH,2024-07-20 18:40,Singapore Changi Airport,SIN,2024-07-20 21:40,120,Singapore Airlines,Business Class,1160,905,True,1406,Y,Y,Y,1,7,1,23,Saturday,False,False,False,Brunei International Airport,BWN
Phnom Penh International Airport,PNH,2024-07-21 18:40,Singapore Changi Airport,SIN,2024-07-21 21:40,120,Singapore Airlines,Business Class,930,680,True,1114,Y,Y,Y,1,7,1,23,Sunday,False,False,False,Brunei International Airport,BWN
Phnom Penh International Airport,PNH,2024-07-21 11:10,Kuala Lumpur International Airport,KUL,2024-07-21 14:00,110,Malaysia Airlines,Business Class,690,435,,1404,Y,Y,Y,1,8,2,23,Sunday,False,False,False,Brunei International Airport,BWN
Phnom Penh International Airport,PNH,2024-07-22 14:05,Singapore Changi Airport,SIN,2024-07-22 17:10,125,Singapore Airlines,Business Class,1205,950,True,1406,Y,Y,Y,1,7,1,23,Monday,False,False,False,Brunei International Airport,BWN
Phnom Penh International Airport,PNH,2024-07-23 11:10,Kuala Lumpur International Airport,KUL,2024-07-23 14:00,110,Malaysia Airlines,Business Class,690,435,,1200,Y,Y,Y,1,8,2,23,Tuesday,False,False,False,Brunei International Airport,BWN
Phnom Penh International Airport,PNH,2024-07-23 18:25,Singapore Changi Airport,SIN,2024-07-23 21:25,120,Singapore Airlines,Business Class,1175,920,True,1253,Y,Y,Y,1,7,1,23,Tuesday,False,False,False,Brunei International Airport,BWN
Phnom Penh International Airport,PNH,2024-07-24 18:20,Kuala Lumpur International Airport,KUL,2024-07-24 21:10,110,Malaysia Airlines,Business Class,1155,900,True,781,Y,Y,Y,1,8,2,23,Wednesday,False,False,False,Brunei International Airport,BWN
Phnom Penh International Airport,PNH,2024-07-24 18:40,Singapore Changi Airport,SIN,2024-07-24 21:40,120,Singapore Airlines,Business Class,930,680,True,975,Y,Y,Y,1,7,1,23,Wednesday,False,False,False,Brunei International Airport,BWN
Phnom Penh International Airport,PNH,2024-07-24 11:10,Kuala Lumpur International Airport,KUL,2024-07-24 14:00,110,Malaysia Airlines,Business Class,690,435,,1200,Y,Y,Y,1,8,2,23,Wednesday,False,False,False,Brunei International Airport,BWN
Phnom Penh International Airport,PNH,2024-07-25 18:25,Singapore Changi Airport,SIN,2024-07-25 21:25,120,Singapore Airlines,Business Class,1175,920,True,975,Y,Y,Y,1,7,1,23,Thursday,False,False,False,Brunei International Airport,BWN
Phnom Penh International Airport,PNH,2024-07-25 18:20,Kuala Lumpur International Airport,KUL,2024-07-25 21:10,110,Malaysia Airlines,Business Class,1155,900,True,1211,Y,Y,Y,1,8,2,23,Thursday,False,False,False,Brunei International Airport,BWN
Phnom Penh International Airport,PNH,2024-07-26 18:20,Kuala Lumpur International Airport,KUL,2024-07-26 21:10,110,Malaysia Airlines,Business Class,1155,900,True,781,Y,Y,Y,1,8,2,23,Friday,False,False,False,Brunei International Airport,BWN
Phnom Penh International Airport,PNH,2024-07-26 14:05,Singapore Changi Airport,SIN,2024-07-26 17:10,125,Singapore Airlines,Business Class,1205,950,True,975,Y,Y,Y,1,7,1,23,Friday,False,False,False,Brunei International Airport,BWN
Phnom Penh International Airport,PNH,2024-07-26 11:10,Kuala Lumpur International Airport,KUL,2024-07-26 14:00,110,Malaysia Airlines,Business Class,690,435,,1200,Y,Y,Y,1,8,2,23,Friday,False,False,False,Brunei International Airport,BWN
Phnom Penh International Airport,PNH,2024-07-26 00:50,Ninoy Aquino International Airport,MNL,2024-07-26 04:40,170,Philippine Airlines,Business Class,1310,1015,True,1171,Y,Y,Y,1,7,2,32,Friday,False,False,False,Brunei International Airport,BWN
Phnom Penh International Airport,PNH,2024-07-27 18:20,Kuala Lumpur International Airport,KUL,2024-07-27 21:10,110,Malaysia Airlines,Business Class,1155,900,True,1211,Y,Y,Y,1,8,2,23,Saturday,False,False,False,Brunei International Airport,BWN
Phnom Penh International Airport,PNH,2024-07-27 18:40,Singapore Changi Airport,SIN,2024-07-27 21:40,120,Singapore Airlines,Business Class,1160,905,True,1253,Y,Y,Y,1,7,1,23,Saturday,False,False,False,Brunei International Airport,BWN
Phnom Penh International Airport,PNH,2024-07-28 18:40,Singapore Changi Airport,SIN,2024-07-28 21:40,120,Singapore Airlines,Business Class,930,680,True,1114,Y,Y,Y,1,7,1,23,Sunday,False,False,False,Brunei International Airport,BWN
Phnom Penh International Airport,PNH,2024-07-28 11:10,Kuala Lumpur International Airport,KUL,2024-07-28 14:00,110,Malaysia Airlines,Business Class,690,435,,1200,Y,Y,Y,1,8,2,23,Sunday,False,False,False,Brunei International Airport,BWN
Phnom Penh International Airport,PNH,2024-07-29 18:25,Singapore Changi Airport,SIN,2024-07-29 21:25,120,Singapore Airlines,Business Class,945,695,True,864,Y,Y,Y,1,7,1,23,Monday,False,False,False,Brunei International Airport,BWN
Phnom Penh International Airport,PNH,2024-07-30 14:05,Singapore Changi Airport,SIN,2024-07-30 17:10,125,Singapore Airlines,Business Class,1435,1175,True,864,Y,Y,Y,1,7,1,23,Tuesday,False,False,False,Brunei International Airport,BWN
Phnom Penh International Airport,PNH,2024-07-30 18:25,Singapore Changi Airport,SIN,2024-07-30 21:25,120,Singapore Airlines,Business Class,1175,920,True,1114,Y,Y,Y,1,7,1,23,Tuesday,False,False,False,Brunei International Airport,BWN
Phnom Penh International Airport,PNH,2024-07-30 11:10,Kuala Lumpur International Airport,KUL,2024-07-30 14:00,110,Malaysia Airlines,Business Class,690,435,,1200,Y,Y,Y,1,8,2,23,Tuesday,False,False,False,Brunei International Airport,BWN
Phnom Penh International Airport,PNH,2024-07-31 11:10,Kuala Lumpur International Airport,KUL,2024-07-31 14:00,110,Malaysia Airlines,Business Class,690,435,,1200,Y,Y,Y,1,8,2,23,Wednesday,False,False,False,Brunei International Airport,BWN
Phnom Penh International Airport,PNH,2024-07-31 18:20,Kuala Lumpur International Airport,KUL,2024-07-31 21:10,110,Malaysia Airlines,Business Class,1155,900,True,1211,Y,Y,Y,1,8,2,23,Wednesday,False,False,False,Brunei International Airport,BWN
Phnom Penh International Airport,PNH,2024-07-31 18:40,Singapore Changi Airport,SIN,2024-07-31 21:40,120,Singapore Airlines,Business Class,930,680,True,1253,Y,Y,Y,1,7,1,23,Wednesday,False,False,False,Brunei International Airport,BWN
Phnom Penh International Airport,PNH,2024-08-01 11:10,Kuala Lumpur International Airport,KUL,2024-08-01 14:00,110,Malaysia Airlines,Business Class,690,435,,1199,Y,Y,Y,1,8,2,23,Thursday,False,False,False,Brunei International Airport,BWN
Phnom Penh International Airport,PNH,2024-08-01 18:25,Singapore Changi Airport,SIN,2024-08-01 21:25,120,Singapore Airlines,Business Class,1175,920,True,1252,Y,Y,Y,1,7,1,23,Thursday,False,False,False,Brunei International Airport,BWN
Phnom Penh International Airport,PNH,2024-08-02 14:05,Singapore Changi Airport,SIN,2024-08-02 17:10,125,Singapore Airlines,Business Class,1205,950,True,1113,Y,Y,Y,1,7,1,23,Friday,False,False,False,Brunei International Airport,BWN
Phnom Penh International Airport,PNH,2024-08-02 11:10,Kuala Lumpur International Airport,KUL,2024-08-02 14:00,110,Malaysia Airlines,Business Class,690,435,,1199,Y,Y,Y,1,8,2,23,Friday,False,False,False,Brunei International Airport,BWN
Phnom Penh International Airport,PNH,2024-08-02 00:50,Ninoy Aquino International Airport,MNL,2024-08-02 04:40,170,Philippine Airlines,Business Class,1310,1015,True,1180,Y,Y,Y,1,7,2,32,Friday,False,False,False,Brunei International Airport,BWN
Phnom Penh International Airport,PNH,2024-08-02 18:20,Kuala Lumpur International Airport,KUL,2024-08-02 21:10,110,Malaysia Airlines,Business Class,1155,900,True,1497,Y,Y,Y,1,8,2,23,Friday,False,False,False,Brunei International Airport,BWN
Phnom Penh International Airport,PNH,2024-08-03 18:20,Kuala Lumpur International Airport,KUL,2024-08-03 21:10,110,Malaysia Airlines,Business Class,1700,1445,True,1217,Y,Y,Y,1,8,2,23,Saturday,False,False,False,Brunei International Airport,BWN
Phnom Penh International Airport,PNH,2024-08-03 18:40,Singapore Changi Airport,SIN,2024-08-03 21:40,120,Singapore Airlines,Business Class,1160,905,True,1252,Y,Y,Y,1,7,1,23,Saturday,False,False,False,Brunei International Airport,BWN
Phnom Penh International Airport,PNH,2024-08-03 18:20,Kuala Lumpur International Airport,KUL,2024-08-03 21:10,110,Malaysia Airlines,Business Class,1155,900,True,1497,Y,Y,Y,1,8,2,23,Saturday,False,False,False,Brunei International Airport,BWN
Phnom Penh International Airport,PNH,2024-08-04 11:10,Kuala Lumpur International Airport,KUL,2024-08-04 14:00,110,Malaysia Airlines,Business Class,690,435,,1199,Y,Y,Y,1,8,2,23,Sunday,False,False,False,Brunei International Airport,BWN
Phnom Penh International Airport,PNH,2024-08-04 18:20,Kuala Lumpur International Airport,KUL,2024-08-04 21:10,110,Malaysia Airlines,Business Class,1155,900,True,1210,Y,Y,Y,1,8,2,23,Sunday,False,False,False,Brunei International Airport,BWN
Phnom Penh International Airport,PNH,2024-08-05 18:20,Kuala Lumpur International Airport,KUL,2024-08-05 21:10,110,Malaysia Airlines,Business Class,1700,1445,True,1504,Y,Y,Y,1,8,2,23,Monday,False,False,False,Brunei International Airport,BWN
Phnom Penh International Airport,PNH,2024-08-06 18:20,Kuala Lumpur International Airport,KUL,2024-08-06 21:10,110,Malaysia Airlines,Business Class,1700,1445,True,1217,Y,Y,Y,1,8,2,23,Tuesday,False,False,False,Brunei International Airport,BWN
Phnom Penh International Airport,PNH,2024-08-06 18:25,Singapore Changi Airport,SIN,2024-08-06 21:25,120,Singapore Airlines,Business Class,1175,920,True,1404,Y,Y,Y,1,7,1,23,Tuesday,False,False,False,Brunei International Airport,BWN
Phnom Penh International Airport,PNH,2024-08-06 11:10,Kuala Lumpur International Airport,KUL,2024-08-06 14:00,110,Malaysia Airlines,Business Class,690,435,,1486,Y,Y,Y,1,8,2,23,Tuesday,False,False,False,Brunei International Airport,BWN
Phnom Penh International Airport,PNH,2024-08-07 18:40,Singapore Changi Airport,SIN,2024-08-07 21:40,120,Singapore Airlines,Business Class,930,680,True,974,Y,Y,Y,1,7,1,23,Wednesday,False,False,False,Brunei International Airport,BWN
Phnom Penh International Airport,PNH,2024-08-07 11:10,Kuala Lumpur International Airport,KUL,2024-08-07 14:00,110,Malaysia Airlines,Business Class,690,435,,1199,Y,Y,Y,1,8,2,23,Wednesday,False,False,False,Brunei International Airport,BWN
Phnom Penh International Airport,PNH,2024-08-07 18:20,Kuala Lumpur International Airport,KUL,2024-08-07 21:10,110,Malaysia Airlines,Business Class,1155,900,True,1210,Y,Y,Y,1,8,2,23,Wednesday,False,False,False,Brunei International Airport,BWN
Phnom Penh International Airport,PNH,2024-08-08 18:25,Singapore Changi Airport,SIN,2024-08-08 21:25,120,Singapore Airlines,Business Class,1175,920,True,1113,Y,Y,Y,1,7,1,23,Thursday,False,False,False,Brunei International Airport,BWN
Phnom Penh International Airport,PNH,2024-08-08 11:10,Kuala Lumpur International Airport,KUL,2024-08-08 14:00,110,Malaysia Airlines,Business Class,690,435,,1199,Y,Y,Y,1,8,2,23,Thursday,False,False,False,Brunei International Airport,BWN
Phnom Penh International Airport,PNH,2024-08-08 18:20,Kuala Lumpur International Airport,KUL,2024-08-08 21:10,110,Malaysia Airlines,Business Class,1155,900,True,1210,Y,Y,Y,1,8,2,23,Thursday,False,False,False,Brunei International Airport,BWN
Phnom Penh International Airport,PNH,2024-08-09 18:25,Singapore Changi Airport,SIN,2024-08-09 21:25,120,Singapore Airlines,Business Class,945,695,True,1113,Y,Y,Y,1,7,1,23,Friday,False,False,False,Brunei International Airport,BWN
Phnom Penh International Airport,PNH,2024-08-09 00:50,Ninoy Aquino International Airport,MNL,2024-08-09 04:40,170,Philippine Airlines,Business Class,1310,1015,True,1180,Y,Y,Y,1,7,2,32,Friday,False,False,False,Brunei International Airport,BWN
Phnom Penh International Airport,PNH,2024-08-09 18:20,Kuala Lumpur International Airport,KUL,2024-08-09 21:10,110,Malaysia Airlines,Business Class,1155,900,True,1497,Y,Y,Y,1,8,2,23,Friday,False,False,False,Brunei International Airport,BWN
Phnom Penh International Airport,PNH,2024-08-10 18:20,Kuala Lumpur International Airport,KUL,2024-08-10 21:10,110,Malaysia Airlines,Business Class,1155,900,True,1210,Y,Y,Y,1,8,2,23,Saturday,False,False,False,Brunei International Airport,BWN
Phnom Penh International Airport,PNH,2024-08-11 18:40,Singapore Changi Airport,SIN,2024-08-11 21:40,120,Singapore Airlines,Business Class,930,680,True,974,Y,Y,Y,1,7,1,23,Sunday,False,False,False,Brunei International Airport,BWN
Phnom Penh International Airport,PNH,2024-08-11 11:10,Kuala Lumpur International Airport,KUL,2024-08-11 14:00,110,Malaysia Airlines,Business Class,690,435,,1199,Y,Y,Y,1,8,2,23,Sunday,False,False,False,Brunei International Airport,BWN
Phnom Penh International Airport,PNH,2024-08-12 18:25,Singapore Changi Airport,SIN,2024-08-12 21:25,120,Singapore Airlines,Business Class,945,695,True,1404,Y,Y,Y,1,7,1,23,Monday,False,False,False,Brunei International Airport,BWN
Phnom Penh International Airport,PNH,2024-08-13 14:05,Singapore Changi Airport,SIN,2024-08-13 17:10,125,Singapore Airlines,Business Class,1435,1175,True,974,Y,Y,Y,1,7,1,23,Tuesday,False,False,False,Brunei International Airport,BWN
Phnom Penh International Airport,PNH,2024-08-13 18:25,Singapore Changi Airport,SIN,2024-08-13 21:25,120,Singapore Airlines,Business Class,1175,920,True,1113,Y,Y,Y,1,7,1,23,Tuesday,False,False,False,Brunei International Airport,BWN
Phnom Penh International Airport,PNH,2024-08-13 11:10,Kuala Lumpur International Airport,KUL,2024-08-13 14:00,110,Malaysia Airlines,Business Class,690,435,,1199,Y,Y,Y,1,8,2,23,Tuesday,False,False,False,Brunei International Airport,BWN
Phnom Penh International Airport,PNH,2024-08-14 18:40,Singapore Changi Airport,SIN,2024-08-14 21:40,120,Singapore Airlines,Business Class,930,680,True,1252,Y,Y,Y,1,7,1,23,Wednesday,False,False,False,Brunei International Airport,BWN
Phnom Penh International Airport,PNH,2024-08-14 11:10,Kuala Lumpur International Airport,KUL,2024-08-14 14:00,110,Malaysia Airlines,Business Class,690,435,,1486,Y,Y,Y,1,8,2,23,Wednesday,False,False,False,Brunei International Airport,BWN
Phnom Penh International Airport,PNH,2024-08-14 18:20,Kuala Lumpur International Airport,KUL,2024-08-14 21:10,110,Malaysia Airlines,Business Class,1155,900,True,1497,Y,Y,Y,1,8,2,23,Wednesday,False,False,False,Brunei International Airport,BWN
Phnom Penh International Airport,PNH,2024-08-15 11:10,Kuala Lumpur International Airport,KUL,2024-08-15 14:00,110,Malaysia Airlines,Business Class,690,435,,1199,Y,Y,Y,1,8,2,23,Thursday,False,False,False,Brunei International Airport,BWN
Phnom Penh International Airport,PNH,2024-08-15 18:20,Kuala Lumpur International Airport,KUL,2024-08-15 21:10,110,Malaysia Airlines,Business Class,1155,900,True,1210,Y,Y,Y,1,8,2,23,Thursday,False,False,False,Brunei International Airport,BWN
Phnom Penh International Airport,PNH,2024-08-15 14:05,Singapore Changi Airport,SIN,2024-08-15 17:10,125,Singapore Airlines,Business Class,1435,1175,True,1404,Y,Y,Y,1,7,1,23,Thursday,False,False,False,Brunei International Airport,BWN
Phnom Penh International Airport,PNH,2024-08-16 18:25,Singapore Changi Airport,SIN,2024-08-16 21:25,120,Singapore Airlines,Business Class,945,695,True,1113,Y,Y,Y,1,7,1,23,Friday,False,False,False,Brunei International Airport,BWN
Phnom Penh International Airport,PNH,2024-08-16 00:50,Ninoy Aquino International Airport,MNL,2024-08-16 04:40,170,Philippine Airlines,Business Class,1310,1015,True,1180,Y,Y,Y,1,7,2,32,Friday,False,False,False,Brunei International Airport,BWN
Phnom Penh International Airport,PNH,2024-08-16 11:10,Kuala Lumpur International Airport,KUL,2024-08-16 14:00,110,Malaysia Airlines,Business Class,690,435,,1199,Y,Y,Y,1,8,2,23,Friday,False,False,False,Brunei International Airport,BWN
Phnom Penh International Airport,PNH,2024-08-16 18:20,Kuala Lumpur International Airport,KUL,2024-08-16 21:10,110,Malaysia Airlines,Business Class,1155,900,True,1210,Y,Y,Y,1,8,2,23,Friday,False,False,False,Brunei International Airport,BWN
Phnom Penh International Airport,PNH,2024-08-17 18:20,Kuala Lumpur International Airport,KUL,2024-08-17 21:10,110,Malaysia Airlines,Business Class,1155,900,True,1210,Y,Y,Y,1,8,2,23,Saturday,False,False,False,Brunei International Airport,BWN
Phnom Penh International Airport,PNH,2024-08-17 18:40,Singapore Changi Airport,SIN,2024-08-17 21:40,120,Singapore Airlines,Business Class,1160,905,True,1404,Y,Y,Y,1,7,1,23,Saturday,False,False,False,Brunei International Airport,BWN
Phnom Penh International Airport,PNH,2024-08-18 18:40,Singapore Changi Airport,SIN,2024-08-18 21:40,120,Singapore Airlines,Business Class,930,680,True,1113,Y,Y,Y,1,7,1,23,Sunday,False,False,False,Brunei International Airport,BWN
Phnom Penh International Airport,PNH,2024-08-18 11:10,Kuala Lumpur International Airport,KUL,2024-08-18 14:00,110,Malaysia Airlines,Business Class,690,435,,1199,Y,Y,Y,1,8,2,23,Sunday,False,False,False,Brunei International Airport,BWN
Phnom Penh International Airport,PNH,2024-08-19 18:25,Singapore Changi Airport,SIN,2024-08-19 21:25,120,Singapore Airlines,Business Class,945,695,True,1252,Y,Y,Y,1,7,1,23,Monday,False,False,False,Brunei International Airport,BWN
Phnom Penh International Airport,PNH,2024-08-20 14:05,Singapore Changi Airport,SIN,2024-08-20 17:10,125,Singapore Airlines,Business Class,1435,1175,True,974,Y,Y,Y,1,7,1,23,Tuesday,False,False,False,Brunei International Airport,BWN
Phnom Penh International Airport,PNH,2024-08-20 11:10,Kuala Lumpur International Airport,KUL,2024-08-20 14:00,110,Malaysia Airlines,Business Class,690,435,,1486,Y,Y,Y,1,8,2,23,Tuesday,False,False,False,Brunei International Airport,BWN
Phnom Penh International Airport,PNH,2024-08-21 18:40,Singapore Changi Airport,SIN,2024-08-21 21:40,120,Singapore Airlines,Business Class,930,680,True,974,Y,Y,Y,1,7,1,23,Wednesday,False,False,False,Brunei International Airport,BWN
Phnom Penh International Airport,PNH,2024-08-21 11:10,Kuala Lumpur International Airport,KUL,2024-08-21 14:00,110,Malaysia Airlines,Business Class,690,435,,1199,Y,Y,Y,1,8,2,23,Wednesday,False,False,False,Brunei International Airport,BWN
Phnom Penh International Airport,PNH,2024-08-21 18:20,Kuala Lumpur International Airport,KUL,2024-08-21 21:10,110,Malaysia Airlines,Business Class,1155,900,True,1210,Y,Y,Y,1,8,2,23,Wednesday,False,False,False,Brunei International Airport,BWN
Phnom Penh International Airport,PNH,2024-08-22 18:25,Singapore Changi Airport,SIN,2024-08-22 21:25,120,Singapore Airlines,Business Class,1175,920,True,863,Y,Y,Y,1,7,1,23,Thursday,False,False,False,Brunei International Airport,BWN
Phnom Penh International Airport,PNH,2024-08-22 11:10,Kuala Lumpur International Airport,KUL,2024-08-22 14:00,110,Malaysia Airlines,Business Class,690,435,,1199,Y,Y,Y,1,8,2,23,Thursday,False,False,False,Brunei International Airport,BWN
Phnom Penh International Airport,PNH,2024-08-22 18:20,Kuala Lumpur International Airport,KUL,2024-08-22 21:10,110,Malaysia Airlines,Business Class,1155,900,True,1210,Y,Y,Y,1,8,2,23,Thursday,False,False,False,Brunei International Airport,BWN
Phnom Penh International Airport,PNH,2024-08-23 18:25,Singapore Changi Airport,SIN,2024-08-23 21:25,120,Singapore Airlines,Business Class,945,695,True,863,Y,Y,Y,1,7,1,23,Friday,False,False,False,Brunei International Airport,BWN
Phnom Penh International Airport,PNH,2024-08-23 00:50,Ninoy Aquino International Airport,MNL,2024-08-23 04:40,170,Philippine Airlines,Business Class,1310,1015,True,1180,Y,Y,Y,1,7,2,32,Friday,False,False,False,Brunei International Airport,BWN
Phnom Penh International Airport,PNH,2024-08-23 11:10,Kuala Lumpur International Airport,KUL,2024-08-23 14:00,110,Malaysia Airlines,Business Class,690,435,,1199,Y,Y,Y,1,8,2,23,Friday,False,False,False,Brunei International Airport,BWN
Phnom Penh International Airport,PNH,2024-08-23 18:20,Kuala Lumpur International Airport,KUL,2024-08-23 21:10,110,Malaysia Airlines,Business Class,1155,900,True,1210,Y,Y,Y,1,8,2,23,Friday,False,False,False,Brunei International Airport,BWN
Phnom Penh International Airport,PNH,2024-08-24 18:40,Singapore Changi Airport,SIN,2024-08-24 21:40,120,Singapore Airlines,Business Class,1160,905,True,974,Y,Y,Y,1,7,1,23,Saturday,False,False,False,Brunei International Airport,BWN
Phnom Penh International Airport,PNH,2024-08-24 18:20,Kuala Lumpur International Airport,KUL,2024-08-24 21:10,110,Malaysia Airlines,Business Class,1155,900,True,1210,Y,Y,Y,1,8,2,23,Saturday,False,False,False,Brunei International Airport,BWN
Phnom Penh International Airport,PNH,2024-08-25 11:10,Kuala Lumpur International Airport,KUL,2024-08-25 14:00,110,Malaysia Airlines,Business Class,690,435,,1199,Y,Y,Y,1,8,2,23,Sunday,False,False,False,Brunei International Airport,BWN
Phnom Penh International Airport,PNH,2024-08-25 18:40,Singapore Changi Airport,SIN,2024-08-25 21:40,120,Singapore Airlines,Business Class,930,680,True,1404,Y,Y,Y,1,7,1,23,Sunday,False,False,False,Brunei International Airport,BWN
Phnom Penh International Airport,PNH,2024-08-26 14:05,Singapore Changi Airport,SIN,2024-08-26 17:10,125,Singapore Airlines,Business Class,1205,950,True,863,Y,Y,Y,1,7,1,23,Monday,False,False,False,Brunei International Airport,BWN
Phnom Penh International Airport,PNH,2024-08-26 18:25,Singapore Changi Airport,SIN,2024-08-26 21:25,120,Singapore Airlines,Business Class,945,695,True,1113,Y,Y,Y,1,7,1,23,Monday,False,False,False,Brunei International Airport,BWN
Phnom Penh International Airport,PNH,2024-08-27 18:25,Singapore Changi Airport,SIN,2024-08-27 21:25,120,Singapore Airlines,Business Class,1175,920,True,974,Y,Y,Y,1,7,1,23,Tuesday,False,False,False,Brunei International Airport,BWN
Phnom Penh International Airport,PNH,2024-08-27 11:10,Kuala Lumpur International Airport,KUL,2024-08-27 14:00,110,Malaysia Airlines,Business Class,690,435,,1199,Y,Y,Y,1,8,2,23,Tuesday,False,False,False,Brunei International Airport,BWN
Phnom Penh International Airport,PNH,2024-08-28 18:40,Singapore Changi Airport,SIN,2024-08-28 21:40,120,Singapore Airlines,Business Class,930,680,True,863,Y,Y,Y,1,7,1,23,Wednesday,False,False,False,Brunei International Airport,BWN
Phnom Penh International Airport,PNH,2024-08-28 11:10,Kuala Lumpur International Airport,KUL,2024-08-28 14:00,110,Malaysia Airlines,Business Class,690,435,,1199,Y,Y,Y,1,8,2,23,Wednesday,False,False,False,Brunei International Airport,BWN
Phnom Penh International Airport,PNH,2024-08-28 18:20,Kuala Lumpur International Airport,KUL,2024-08-28 21:10,110,Malaysia Airlines,Business Class,1155,900,True,1210,Y,Y,Y,1,8,2,23,Wednesday,False,False,False,Brunei International Airport,BWN
Phnom Penh International Airport,PNH,2024-08-29 18:25,Singapore Changi Airport,SIN,2024-08-29 21:25,120,Singapore Airlines,Business Class,1175,920,True,863,Y,Y,Y,1,7,1,23,Thursday,False,False,False,Brunei International Airport,BWN
Phnom Penh International Airport,PNH,2024-08-29 11:10,Kuala Lumpur International Airport,KUL,2024-08-29 14:00,110,Malaysia Airlines,Business Class,690,435,,1199,Y,Y,Y,1,8,2,23,Thursday,False,False,False,Brunei International Airport,BWN
Phnom Penh International Airport,PNH,2024-08-29 18:20,Kuala Lumpur International Airport,KUL,2024-08-29 21:10,110,Malaysia Airlines,Business Class,1155,900,True,1210,Y,Y,Y,1,8,2,23,Thursday,False,False,False,Brunei International Airport,BWN
Phnom Penh International Airport,PNH,2024-08-30 18:25,Singapore Changi Airport,SIN,2024-08-30 21:25,120,Singapore Airlines,Business Class,945,695,True,1113,Y,Y,Y,1,7,1,23,Friday,False,False,False,Brunei International Airport,BWN
Phnom Penh International Airport,PNH,2024-08-30 00:50,Ninoy Aquino International Airport,MNL,2024-08-30 04:40,170,Philippine Airlines,Business Class,1310,1015,True,1180,Y,Y,Y,1,7,2,32,Friday,False,False,False,Brunei International Airport,BWN
Phnom Penh International Airport,PNH,2024-08-30 11:10,Kuala Lumpur International Airport,KUL,2024-08-30 14:00,110,Malaysia Airlines,Business Class,690,435,,1199,Y,Y,Y,1,8,2,23,Friday,False,False,False,Brunei International Airport,BWN
Phnom Penh International Airport,PNH,2024-08-30 18:20,Kuala Lumpur International Airport,KUL,2024-08-30 21:10,110,Malaysia Airlines,Business Class,1155,900,True,1210,Y,Y,Y,1,8,2,23,Friday,False,False,False,Brunei International Airport,BWN
Phnom Penh International Airport,PNH,2024-08-31 18:20,Kuala Lumpur International Airport,KUL,2024-08-31 21:10,110,Malaysia Airlines,Business Class,1155,900,True,1210,Y,Y,Y,1,8,2,23,Saturday,False,False,False,Brunei International Airport,BWN
Phnom Penh International Airport,PNH,2024-08-31 18:40,Singapore Changi Airport,SIN,2024-08-31 21:40,120,Singapore Airlines,Business Class,1160,905,True,1404,Y,Y,Y,1,7,1,23,Saturday,False,False,False,Brunei International Airport,BWN
