Departure Airport Name,Departure Airport ID,Departure Time,Arrival Airport Name,Arrival Airport ID,Arrival Time,Duration,Airline,Travel Class,Total Duration,Layover 1 Duration,Layover 1 Overnight,Price, Cabin Baggage, Checked Baggage,Meal Included,Cabin Baggage (Number),Cabin Baggage (kg per piece),Checked Baggage (Number),Checked Baggage (kg per piece) ,Day of Week (on flight date),Overnight Flight,Departure Country Is Holiday,Arrival Country Is Holiday,Final Arrival Airport Name,Final Arrival Airport ID
Yangon International Airport,RGN,2024-07-01 11:25,Kuala Lumpur International Airport,KUL,2024-07-01 15:50,175,Malaysia Airlines,Business Class,430,120,,931,Y,Y,Y,1,8,2,23,Monday,False,False,False,Soekarno-Hatta International Airport,CGK
Yangon International Airport,RGN,2024-07-01 10:35,Singapore Changi Airport,SIN,2024-07-01 15:20,195,Singapore Airlines,Business Class,365,65,,1322,Y,Y,Y,1,7,1,25,Monday,False,False,False,Soekarno-Hatta International Airport,CGK
Yangon International Airport,RGN,2024-07-01 11:25,Kuala Lumpur International Airport,KUL,2024-07-01 15:50,175,Malaysia Airlines,Business Class,1235,935,True,618,Y,Y,Y,1,8,2,23,Monday,False,False,False,Soekarno-Hatta International Airport,CGK
Yangon International Airport,RGN,2024-07-01 11:25,Guangzhou Baiyun International Airport,CAN,2024-07-01 16:15,200,China Southern,Business Class,1460,960,True,1279,Y,Y,Y,1,10,2,32,Monday,False,False,False,Soekarno-Hatta International Airport,CGK
Yangon International Airport,RGN,2024-07-01 11:25,Guangzhou Baiyun International Airport,CAN,2024-07-01 16:15,200,China Southern,Business Class,690,185,,3321,Y,Y,Y,1,10,2,32,Monday,False,False,False,Soekarno-Hatta International Airport,CGK
Yangon International Airport,RGN,2024-07-02 11:25,Kuala Lumpur International Airport,KUL,2024-07-02 15:50,175,Malaysia Airlines,Business Class,430,120,,735,Y,Y,Y,1,8,2,23,Tuesday,False,False,False,Soekarno-Hatta International Airport,CGK
Yangon International Airport,RGN,2024-07-02 10:35,Singapore Changi Airport,SIN,2024-07-02 15:20,195,Singapore Airlines,Business Class,420,120,,1078,Y,Y,Y,1,7,1,25,Tuesday,False,False,False,Soekarno-Hatta International Airport,CGK
Yangon International Airport,RGN,2024-07-02 11:25,Kuala Lumpur International Airport,KUL,2024-07-02 15:50,175,Malaysia Airlines,Business Class,1235,935,True,618,Y,Y,Y,1,8,2,23,Tuesday,False,False,False,Soekarno-Hatta International Airport,CGK
Yangon International Airport,RGN,2024-07-02 11:25,Kuala Lumpur International Airport,KUL,2024-07-02 15:50,175,Malaysia Airlines,Business Class,670,360,,666,Y,Y,Y,1,8,2,23,Tuesday,False,False,False,Soekarno-Hatta International Airport,CGK
Yangon International Airport,RGN,2024-07-02 10:35,Taiwan Taoyuan International Airport,TPE,2024-07-02 16:10,245,China Airlines,Business Class,805,240,,1001,Y,Y,Y,2,7,2,32,Tuesday,False,False,False,Soekarno-Hatta International Airport,CGK
Yangon International Airport,RGN,2024-07-02 10:35,Singapore Changi Airport,SIN,2024-07-02 15:20,195,Singapore Airlines,Business Class,365,65,,1322,Y,Y,Y,1,7,1,25,Tuesday,False,False,False,Soekarno-Hatta International Airport,CGK
Yangon International Airport,RGN,2024-07-03 11:25,Kuala Lumpur International Airport,KUL,2024-07-03 15:50,175,Malaysia Airlines,Business Class,430,120,,666,Y,Y,Y,1,8,2,23,Wednesday,False,False,False,Soekarno-Hatta International Airport,CGK
Yangon International Airport,RGN,2024-07-03 10:35,Singapore Changi Airport,SIN,2024-07-03 15:20,195,Singapore Airlines,Business Class,365,65,,1078,Y,Y,Y,1,7,1,25,Wednesday,False,False,False,Soekarno-Hatta International Airport,CGK
Yangon International Airport,RGN,2024-07-03 11:25,Kuala Lumpur International Airport,KUL,2024-07-03 15:50,175,Malaysia Airlines,Business Class,1235,935,True,618,Y,Y,Y,1,8,2,23,Wednesday,False,False,False,Soekarno-Hatta International Airport,CGK
Yangon International Airport,RGN,2024-07-03 10:35,Singapore Changi Airport,SIN,2024-07-03 15:20,195,Singapore Airlines,Business Class,1200,900,True,926,Y,Y,Y,1,7,1,25,Wednesday,False,False,False,Soekarno-Hatta International Airport,CGK
Yangon International Airport,RGN,2024-07-03 11:25,Guangzhou Baiyun International Airport,CAN,2024-07-03 16:15,200,China Southern,Business Class,1460,960,True,1296,Y,Y,Y,1,10,2,32,Wednesday,False,False,False,Soekarno-Hatta International Airport,CGK
Yangon International Airport,RGN,2024-07-03 11:25,Guangzhou Baiyun International Airport,CAN,2024-07-03 16:15,200,China Southern,Business Class,690,185,,1872,Y,Y,Y,1,10,2,32,Wednesday,False,False,False,Soekarno-Hatta International Airport,CGK
Yangon International Airport,RGN,2024-07-04 11:25,Kuala Lumpur International Airport,KUL,2024-07-04 15:50,175,Malaysia Airlines,Business Class,430,120,,606,Y,Y,Y,1,8,2,23,Thursday,False,False,False,Soekarno-Hatta International Airport,CGK
Yangon International Airport,RGN,2024-07-04 10:35,Singapore Changi Airport,SIN,2024-07-04 15:20,195,Singapore Airlines,Business Class,420,120,,1078,Y,Y,Y,1,7,1,25,Thursday,False,False,False,Soekarno-Hatta International Airport,CGK
Yangon International Airport,RGN,2024-07-04 10:35,Singapore Changi Airport,SIN,2024-07-04 15:20,195,Singapore Airlines,Business Class,365,65,,1322,Y,Y,Y,1,7,1,25,Thursday,False,False,False,Soekarno-Hatta International Airport,CGK
Yangon International Airport,RGN,2024-07-04 10:35,Taiwan Taoyuan International Airport,TPE,2024-07-04 16:10,245,China Airlines,Business Class,805,240,,1001,Y,Y,Y,2,7,2,32,Thursday,False,False,False,Soekarno-Hatta International Airport,CGK
Yangon International Airport,RGN,2024-07-05 11:25,Guangzhou Baiyun International Airport,CAN,2024-07-05 16:15,200,China Southern,Business Class,690,185,,1072,Y,Y,Y,1,10,2,32,Friday,False,False,False,Soekarno-Hatta International Airport,CGK
Yangon International Airport,RGN,2024-07-05 10:35,Singapore Changi Airport,SIN,2024-07-05 15:20,195,Singapore Airlines,Business Class,420,120,,1078,Y,Y,Y,1,7,1,25,Friday,False,False,False,Soekarno-Hatta International Airport,CGK
Yangon International Airport,RGN,2024-07-05 10:35,Singapore Changi Airport,SIN,2024-07-05 15:20,195,Singapore Airlines,Business Class,365,65,,1322,Y,Y,Y,1,7,1,25,Friday,False,False,False,Soekarno-Hatta International Airport,CGK
Yangon International Airport,RGN,2024-07-06 11:25,Kuala Lumpur International Airport,KUL,2024-07-06 15:50,175,Malaysia Airlines,Business Class,430,120,,666,Y,Y,Y,1,8,2,23,Saturday,False,False,False,Soekarno-Hatta International Airport,CGK
Yangon International Airport,RGN,2024-07-06 11:25,Kuala Lumpur International Airport,KUL,2024-07-06 15:50,175,Malaysia Airlines,Business Class,1235,935,True,618,Y,Y,Y,1,8,2,23,Saturday,False,False,False,Soekarno-Hatta International Airport,CGK
Yangon International Airport,RGN,2024-07-06 11:25,Guangzhou Baiyun International Airport,CAN,2024-07-06 16:00,185,China Southern,Business Class,690,200,,1072,Y,Y,Y,1,10,2,32,Saturday,False,False,False,Soekarno-Hatta International Airport,CGK
Yangon International Airport,RGN,2024-07-06 10:35,Taiwan Taoyuan International Airport,TPE,2024-07-06 16:10,245,China Airlines,Business Class,2245,1680,True,1396,Y,Y,Y,2,7,2,32,Saturday,False,False,False,Soekarno-Hatta International Airport,CGK
Yangon International Airport,RGN,2024-07-06 10:35,Singapore Changi Airport,SIN,2024-07-06 15:20,195,Singapore Airlines,Business Class,1570,1270,True,2421,Y,Y,Y,1,7,1,25,Saturday,False,False,False,Soekarno-Hatta International Airport,CGK
Yangon International Airport,RGN,2024-07-07 11:25,Kuala Lumpur International Airport,KUL,2024-07-07 15:50,175,Malaysia Airlines,Business Class,1235,935,True,618,Y,Y,Y,1,8,2,23,Sunday,False,False,True,Soekarno-Hatta International Airport,CGK
Yangon International Airport,RGN,2024-07-07 11:25,Kuala Lumpur International Airport,KUL,2024-07-07 15:50,175,Malaysia Airlines,Business Class,430,120,,666,Y,Y,Y,1,8,2,23,Sunday,False,False,True,Soekarno-Hatta International Airport,CGK
Yangon International Airport,RGN,2024-07-07 10:35,Singapore Changi Airport,SIN,2024-07-07 15:20,195,Singapore Airlines,Business Class,1200,900,True,1322,Y,Y,Y,1,7,1,25,Sunday,False,False,True,Soekarno-Hatta International Airport,CGK
Yangon International Airport,RGN,2024-07-08 11:25,Kuala Lumpur International Airport,KUL,2024-07-08 15:50,175,Malaysia Airlines,Business Class,430,120,,666,Y,Y,Y,1,8,2,23,Monday,False,False,False,Soekarno-Hatta International Airport,CGK
Yangon International Airport,RGN,2024-07-08 11:25,Kuala Lumpur International Airport,KUL,2024-07-08 15:50,175,Malaysia Airlines,Business Class,670,360,,606,Y,Y,Y,1,8,2,23,Monday,False,False,False,Soekarno-Hatta International Airport,CGK
Yangon International Airport,RGN,2024-07-08 11:25,Guangzhou Baiyun International Airport,CAN,2024-07-08 16:15,200,China Southern,Business Class,690,185,,1072,Y,Y,Y,1,10,2,32,Monday,False,False,False,Soekarno-Hatta International Airport,CGK
Yangon International Airport,RGN,2024-07-08 10:35,Singapore Changi Airport,SIN,2024-07-08 15:20,195,Singapore Airlines,Business Class,695,395,,1322,Y,Y,Y,1,7,1,25,Monday,False,False,False,Soekarno-Hatta International Airport,CGK
Yangon International Airport,RGN,2024-07-09 11:25,Kuala Lumpur International Airport,KUL,2024-07-09 15:50,175,Malaysia Airlines,Business Class,430,120,,606,Y,Y,Y,1,8,2,23,Tuesday,False,False,False,Soekarno-Hatta International Airport,CGK
Yangon International Airport,RGN,2024-07-09 10:35,Singapore Changi Airport,SIN,2024-07-09 15:20,195,Singapore Airlines,Business Class,1200,900,True,1078,Y,Y,Y,1,7,1,25,Tuesday,False,False,False,Soekarno-Hatta International Airport,CGK
Yangon International Airport,RGN,2024-07-09 10:35,Taiwan Taoyuan International Airport,TPE,2024-07-09 16:10,245,China Airlines,Business Class,805,240,,1315,Y,Y,Y,2,7,2,32,Tuesday,False,False,False,Soekarno-Hatta International Airport,CGK
Yangon International Airport,RGN,2024-07-10 11:25,Kuala Lumpur International Airport,KUL,2024-07-10 15:50,175,Malaysia Airlines,Business Class,430,120,,606,Y,Y,Y,1,8,2,23,Wednesday,False,False,False,Soekarno-Hatta International Airport,CGK
Yangon International Airport,RGN,2024-07-10 11:25,Kuala Lumpur International Airport,KUL,2024-07-10 15:50,175,Malaysia Airlines,Business Class,1630,1315,True,596,Y,Y,Y,1,8,2,23,Wednesday,False,False,False,Soekarno-Hatta International Airport,CGK
Yangon International Airport,RGN,2024-07-10 11:25,Guangzhou Baiyun International Airport,CAN,2024-07-10 16:15,200,China Southern,Business Class,1460,960,True,1296,Y,Y,Y,1,10,2,32,Wednesday,False,False,False,Soekarno-Hatta International Airport,CGK
Yangon International Airport,RGN,2024-07-10 10:35,Singapore Changi Airport,SIN,2024-07-10 15:20,195,Singapore Airlines,Business Class,1200,900,True,1322,Y,Y,Y,1,7,1,25,Wednesday,False,False,False,Soekarno-Hatta International Airport,CGK
Yangon International Airport,RGN,2024-07-10 11:25,Guangzhou Baiyun International Airport,CAN,2024-07-10 16:15,200,China Southern,Business Class,690,185,,1502,Y,Y,Y,1,10,2,32,Wednesday,False,False,False,Soekarno-Hatta International Airport,CGK
Yangon International Airport,RGN,2024-07-11 11:25,Kuala Lumpur International Airport,KUL,2024-07-11 15:50,175,Malaysia Airlines,Business Class,430,120,,606,Y,Y,Y,1,8,2,23,Thursday,False,False,False,Soekarno-Hatta International Airport,CGK
Yangon International Airport,RGN,2024-07-11 10:35,Taiwan Taoyuan International Airport,TPE,2024-07-11 16:10,245,China Airlines,Business Class,805,240,,1315,Y,Y,Y,2,7,2,32,Thursday,False,False,False,Soekarno-Hatta International Airport,CGK
Yangon International Airport,RGN,2024-07-11 10:35,Singapore Changi Airport,SIN,2024-07-11 15:20,195,Singapore Airlines,Business Class,365,65,,1322,Y,Y,Y,1,7,1,25,Thursday,False,False,False,Soekarno-Hatta International Airport,CGK
Yangon International Airport,RGN,2024-07-12 11:25,Kuala Lumpur International Airport,KUL,2024-07-12 15:50,175,Malaysia Airlines,Business Class,430,120,,666,Y,Y,Y,1,8,2,23,Friday,False,False,False,Soekarno-Hatta International Airport,CGK
Yangon International Airport,RGN,2024-07-12 11:25,Kuala Lumpur International Airport,KUL,2024-07-12 15:50,175,Malaysia Airlines,Business Class,1235,935,True,618,Y,Y,Y,1,8,2,23,Friday,False,False,False,Soekarno-Hatta International Airport,CGK
Yangon International Airport,RGN,2024-07-12 10:35,Singapore Changi Airport,SIN,2024-07-12 15:20,195,Singapore Airlines,Business Class,1200,900,True,1078,Y,Y,Y,1,7,1,25,Friday,False,False,False,Soekarno-Hatta International Airport,CGK
Yangon International Airport,RGN,2024-07-12 11:25,Guangzhou Baiyun International Airport,CAN,2024-07-12 16:15,200,China Southern,Business Class,690,185,,1279,Y,Y,Y,1,10,2,32,Friday,False,False,False,Soekarno-Hatta International Airport,CGK
Yangon International Airport,RGN,2024-07-12 10:35,Singapore Changi Airport,SIN,2024-07-12 15:20,195,Singapore Airlines,Business Class,695,395,,1322,Y,Y,Y,1,7,1,25,Friday,False,False,False,Soekarno-Hatta International Airport,CGK
Yangon International Airport,RGN,2024-07-13 11:25,Kuala Lumpur International Airport,KUL,2024-07-13 15:50,175,Malaysia Airlines,Business Class,430,120,,606,Y,Y,Y,1,8,2,23,Saturday,False,False,False,Soekarno-Hatta International Airport,CGK
Yangon International Airport,RGN,2024-07-13 11:25,Guangzhou Baiyun International Airport,CAN,2024-07-13 16:00,185,China Southern,Business Class,1460,975,True,1072,Y,Y,Y,1,10,2,32,Saturday,False,False,False,Soekarno-Hatta International Airport,CGK
Yangon International Airport,RGN,2024-07-13 10:35,Singapore Changi Airport,SIN,2024-07-13 15:20,195,Singapore Airlines,Business Class,695,395,,1078,Y,Y,Y,1,7,1,25,Saturday,False,False,False,Soekarno-Hatta International Airport,CGK
Yangon International Airport,RGN,2024-07-13 11:25,Guangzhou Baiyun International Airport,CAN,2024-07-13 16:00,185,China Southern,Business Class,690,200,,1279,Y,Y,Y,1,10,2,32,Saturday,False,False,False,Soekarno-Hatta International Airport,CGK
Yangon International Airport,RGN,2024-07-13 10:35,Taiwan Taoyuan International Airport,TPE,2024-07-13 16:10,245,China Airlines,Business Class,1590,1025,True,1315,Y,Y,Y,2,7,2,32,Saturday,False,False,False,Soekarno-Hatta International Airport,CGK
Yangon International Airport,RGN,2024-07-13 10:35,Singapore Changi Airport,SIN,2024-07-13 15:20,195,Singapore Airlines,Business Class,420,120,,1322,Y,Y,Y,1,7,1,25,Saturday,False,False,False,Soekarno-Hatta International Airport,CGK
Yangon International Airport,RGN,2024-07-14 11:25,Kuala Lumpur International Airport,KUL,2024-07-14 15:50,175,Malaysia Airlines,Business Class,430,120,,606,Y,Y,Y,1,8,2,23,Sunday,False,False,False,Soekarno-Hatta International Airport,CGK
Yangon International Airport,RGN,2024-07-14 10:35,Singapore Changi Airport,SIN,2024-07-14 15:20,195,Singapore Airlines,Business Class,365,65,,1322,Y,Y,Y,1,7,1,25,Sunday,False,False,False,Soekarno-Hatta International Airport,CGK
Yangon International Airport,RGN,2024-07-14 11:25,Kuala Lumpur International Airport,KUL,2024-07-14 15:50,175,Malaysia Airlines,Business Class,1780,1460,True,601,Y,Y,Y,1,8,2,23,Sunday,False,False,False,Soekarno-Hatta International Airport,CGK
Yangon International Airport,RGN,2024-07-14 10:35,Singapore Changi Airport,SIN,2024-07-14 15:20,195,Singapore Airlines,Business Class,1200,900,True,1078,Y,Y,Y,1,7,1,25,Sunday,False,False,False,Soekarno-Hatta International Airport,CGK
Yangon International Airport,RGN,2024-07-15 11:25,Kuala Lumpur International Airport,KUL,2024-07-15 15:50,175,Malaysia Airlines,Business Class,430,120,,735,Y,Y,Y,1,8,2,23,Monday,False,False,False,Soekarno-Hatta International Airport,CGK
Yangon International Airport,RGN,2024-07-15 10:35,Singapore Changi Airport,SIN,2024-07-15 15:20,195,Singapore Airlines,Business Class,420,120,,1078,Y,Y,Y,1,7,1,25,Monday,False,False,False,Soekarno-Hatta International Airport,CGK
Yangon International Airport,RGN,2024-07-15 11:25,Kuala Lumpur International Airport,KUL,2024-07-15 15:50,175,Malaysia Airlines,Business Class,670,360,,606,Y,Y,Y,1,8,2,23,Monday,False,False,False,Soekarno-Hatta International Airport,CGK
Yangon International Airport,RGN,2024-07-15 11:25,Guangzhou Baiyun International Airport,CAN,2024-07-15 16:15,200,China Southern,Business Class,690,185,,1072,Y,Y,Y,1,10,2,32,Monday,False,False,False,Soekarno-Hatta International Airport,CGK
Yangon International Airport,RGN,2024-07-15 10:35,Singapore Changi Airport,SIN,2024-07-15 15:20,195,Singapore Airlines,Business Class,365,65,,1322,Y,Y,Y,1,7,1,25,Monday,False,False,False,Soekarno-Hatta International Airport,CGK
Yangon International Airport,RGN,2024-07-16 11:25,Kuala Lumpur International Airport,KUL,2024-07-16 15:50,175,Malaysia Airlines,Business Class,430,120,,606,Y,Y,Y,1,8,2,23,Tuesday,False,False,False,Soekarno-Hatta International Airport,CGK
Yangon International Airport,RGN,2024-07-16 10:35,Singapore Changi Airport,SIN,2024-07-16 15:20,195,Singapore Airlines,Business Class,365,65,,1078,Y,Y,Y,1,7,1,25,Tuesday,False,False,False,Soekarno-Hatta International Airport,CGK
Yangon International Airport,RGN,2024-07-16 10:35,Taiwan Taoyuan International Airport,TPE,2024-07-16 16:10,245,China Airlines,Business Class,805,240,,1315,Y,Y,Y,2,7,2,32,Tuesday,False,False,False,Soekarno-Hatta International Airport,CGK
Yangon International Airport,RGN,2024-07-17 11:25,Kuala Lumpur International Airport,KUL,2024-07-17 15:50,175,Malaysia Airlines,Business Class,430,120,,606,Y,Y,Y,1,8,2,23,Wednesday,False,False,False,Soekarno-Hatta International Airport,CGK
Yangon International Airport,RGN,2024-07-17 10:35,Singapore Changi Airport,SIN,2024-07-17 15:20,195,Singapore Airlines,Business Class,420,120,,926,Y,Y,Y,1,7,1,25,Wednesday,False,False,False,Soekarno-Hatta International Airport,CGK
Yangon International Airport,RGN,2024-07-17 10:35,Singapore Changi Airport,SIN,2024-07-17 15:20,195,Singapore Airlines,Business Class,365,65,,1078,Y,Y,Y,1,7,1,25,Wednesday,False,False,False,Soekarno-Hatta International Airport,CGK
Yangon International Airport,RGN,2024-07-17 11:25,Guangzhou Baiyun International Airport,CAN,2024-07-17 16:15,200,China Southern,Business Class,690,185,,1072,Y,Y,Y,1,10,2,32,Wednesday,False,False,False,Soekarno-Hatta International Airport,CGK
Yangon International Airport,RGN,2024-07-18 11:25,Kuala Lumpur International Airport,KUL,2024-07-18 15:50,175,Malaysia Airlines,Business Class,670,360,,606,Y,Y,Y,1,8,2,23,Thursday,False,False,False,Soekarno-Hatta International Airport,CGK
Yangon International Airport,RGN,2024-07-18 10:35,Singapore Changi Airport,SIN,2024-07-18 15:20,195,Singapore Airlines,Business Class,365,65,,926,Y,Y,Y,1,7,1,25,Thursday,False,False,False,Soekarno-Hatta International Airport,CGK
Yangon International Airport,RGN,2024-07-18 10:35,Taiwan Taoyuan International Airport,TPE,2024-07-18 16:10,245,China Airlines,Business Class,805,240,,1315,Y,Y,Y,2,7,2,32,Thursday,False,False,False,Soekarno-Hatta International Airport,CGK
Yangon International Airport,RGN,2024-07-19 11:25,Kuala Lumpur International Airport,KUL,2024-07-19 15:50,175,Malaysia Airlines,Business Class,430,120,,606,Y,Y,Y,1,8,2,23,Friday,False,True,False,Soekarno-Hatta International Airport,CGK
Yangon International Airport,RGN,2024-07-19 10:35,Singapore Changi Airport,SIN,2024-07-19 15:20,195,Singapore Airlines,Business Class,365,65,,1078,Y,Y,Y,1,7,1,25,Friday,False,True,False,Soekarno-Hatta International Airport,CGK
Yangon International Airport,RGN,2024-07-19 10:35,Singapore Changi Airport,SIN,2024-07-19 15:20,195,Singapore Airlines,Business Class,1200,900,True,926,Y,Y,Y,1,7,1,25,Friday,False,True,False,Soekarno-Hatta International Airport,CGK
Yangon International Airport,RGN,2024-07-19 11:25,Guangzhou Baiyun International Airport,CAN,2024-07-19 16:15,200,China Southern,Business Class,690,185,,1072,Y,Y,Y,1,10,2,32,Friday,False,True,False,Soekarno-Hatta International Airport,CGK
Yangon International Airport,RGN,2024-07-20 11:25,Kuala Lumpur International Airport,KUL,2024-07-20 15:50,175,Malaysia Airlines,Business Class,430,120,,606,Y,Y,Y,1,8,2,23,Saturday,False,True,False,Soekarno-Hatta International Airport,CGK
Yangon International Airport,RGN,2024-07-20 10:35,Singapore Changi Airport,SIN,2024-07-20 15:20,195,Singapore Airlines,Business Class,365,65,,926,Y,Y,Y,1,7,1,25,Saturday,False,True,False,Soekarno-Hatta International Airport,CGK
Yangon International Airport,RGN,2024-07-20 11:25,Guangzhou Baiyun International Airport,CAN,2024-07-20 16:00,185,China Southern,Business Class,1460,975,True,1072,Y,Y,Y,1,10,2,32,Saturday,False,True,False,Soekarno-Hatta International Airport,CGK
Yangon International Airport,RGN,2024-07-20 11:25,Guangzhou Baiyun International Airport,CAN,2024-07-20 16:00,185,China Southern,Business Class,690,200,,1279,Y,Y,Y,1,10,2,32,Saturday,False,True,False,Soekarno-Hatta International Airport,CGK
Yangon International Airport,RGN,2024-07-20 10:35,Taiwan Taoyuan International Airport,TPE,2024-07-20 16:10,245,China Airlines,Business Class,1590,1025,True,1315,Y,Y,Y,2,7,2,32,Saturday,False,True,False,Soekarno-Hatta International Airport,CGK
Yangon International Airport,RGN,2024-07-21 11:25,Kuala Lumpur International Airport,KUL,2024-07-21 15:50,175,Malaysia Airlines,Business Class,430,120,,606,Y,Y,Y,1,8,2,23,Sunday,False,False,False,Soekarno-Hatta International Airport,CGK
Yangon International Airport,RGN,2024-07-21 10:35,Singapore Changi Airport,SIN,2024-07-21 15:20,195,Singapore Airlines,Business Class,365,65,,926,Y,Y,Y,1,7,1,25,Sunday,False,False,False,Soekarno-Hatta International Airport,CGK
Yangon International Airport,RGN,2024-07-22 11:25,Kuala Lumpur International Airport,KUL,2024-07-22 15:50,175,Malaysia Airlines,Business Class,430,120,,606,Y,Y,Y,1,8,2,23,Monday,False,False,False,Soekarno-Hatta International Airport,CGK
Yangon International Airport,RGN,2024-07-22 10:35,Singapore Changi Airport,SIN,2024-07-22 15:20,195,Singapore Airlines,Business Class,420,120,,926,Y,Y,Y,1,7,1,25,Monday,False,False,False,Soekarno-Hatta International Airport,CGK
Yangon International Airport,RGN,2024-07-22 11:25,Guangzhou Baiyun International Airport,CAN,2024-07-22 16:15,200,China Southern,Business Class,690,185,,1072,Y,Y,Y,1,10,2,32,Monday,False,False,False,Soekarno-Hatta International Airport,CGK
Yangon International Airport,RGN,2024-07-22 10:35,Singapore Changi Airport,SIN,2024-07-22 15:20,195,Singapore Airlines,Business Class,365,65,,1078,Y,Y,Y,1,7,1,25,Monday,False,False,False,Soekarno-Hatta International Airport,CGK
Yangon International Airport,RGN,2024-07-22 10:35,Taiwan Taoyuan International Airport,TPE,2024-07-22 16:10,245,China Airlines,Business Class,1590,1025,True,1315,Y,Y,Y,2,7,2,32,Monday,False,False,False,Soekarno-Hatta International Airport,CGK
Yangon International Airport,RGN,2024-07-23 11:25,Kuala Lumpur International Airport,KUL,2024-07-23 15:50,175,Malaysia Airlines,Business Class,430,120,,606,Y,Y,Y,1,8,2,23,Tuesday,False,False,False,Soekarno-Hatta International Airport,CGK
Yangon International Airport,RGN,2024-07-23 10:35,Singapore Changi Airport,SIN,2024-07-23 15:20,195,Singapore Airlines,Business Class,365,65,,926,Y,Y,Y,1,7,1,25,Tuesday,False,False,False,Soekarno-Hatta International Airport,CGK
Yangon International Airport,RGN,2024-07-23 10:35,Taiwan Taoyuan International Airport,TPE,2024-07-23 16:10,245,China Airlines,Business Class,805,240,,1315,Y,Y,Y,2,7,2,32,Tuesday,False,False,False,Soekarno-Hatta International Airport,CGK
Yangon International Airport,RGN,2024-07-24 11:25,Kuala Lumpur International Airport,KUL,2024-07-24 15:50,175,Malaysia Airlines,Business Class,430,120,,752,Y,Y,Y,1,8,2,23,Wednesday,False,False,False,Soekarno-Hatta International Airport,CGK
Yangon International Airport,RGN,2024-07-24 10:35,Singapore Changi Airport,SIN,2024-07-24 15:20,195,Singapore Airlines,Business Class,365,65,,926,Y,Y,Y,1,7,1,25,Wednesday,False,False,False,Soekarno-Hatta International Airport,CGK
Yangon International Airport,RGN,2024-07-24 11:25,Kuala Lumpur International Airport,KUL,2024-07-24 15:50,175,Malaysia Airlines,Business Class,1235,935,True,618,Y,Y,Y,1,8,2,23,Wednesday,False,False,False,Soekarno-Hatta International Airport,CGK
Yangon International Airport,RGN,2024-07-24 11:25,Guangzhou Baiyun International Airport,CAN,2024-07-24 16:15,200,China Southern,Business Class,1460,960,True,1296,Y,Y,Y,1,10,2,32,Wednesday,False,False,False,Soekarno-Hatta International Airport,CGK
Yangon International Airport,RGN,2024-07-24 11:25,Guangzhou Baiyun International Airport,CAN,2024-07-24 16:15,200,China Southern,Business Class,690,185,,1502,Y,Y,Y,1,10,2,32,Wednesday,False,False,False,Soekarno-Hatta International Airport,CGK
Yangon International Airport,RGN,2024-07-25 11:25,Kuala Lumpur International Airport,KUL,2024-07-25 15:50,175,Malaysia Airlines,Business Class,430,120,,606,Y,Y,Y,1,8,2,23,Thursday,False,False,False,Soekarno-Hatta International Airport,CGK
Yangon International Airport,RGN,2024-07-25 10:35,Singapore Changi Airport,SIN,2024-07-25 15:20,195,Singapore Airlines,Business Class,365,65,,926,Y,Y,Y,1,7,1,25,Thursday,False,False,False,Soekarno-Hatta International Airport,CGK
Yangon International Airport,RGN,2024-07-25 10:35,Taiwan Taoyuan International Airport,TPE,2024-07-25 16:10,245,China Airlines,Business Class,805,240,,1315,Y,Y,Y,2,7,2,32,Thursday,False,False,False,Soekarno-Hatta International Airport,CGK
Yangon International Airport,RGN,2024-07-26 11:25,Kuala Lumpur International Airport,KUL,2024-07-26 15:50,175,Malaysia Airlines,Business Class,430,120,,606,Y,Y,Y,1,8,2,23,Friday,False,False,False,Soekarno-Hatta International Airport,CGK
Yangon International Airport,RGN,2024-07-26 10:35,Singapore Changi Airport,SIN,2024-07-26 15:20,195,Singapore Airlines,Business Class,365,65,,926,Y,Y,Y,1,7,1,25,Friday,False,False,False,Soekarno-Hatta International Airport,CGK
Yangon International Airport,RGN,2024-07-26 11:25,Guangzhou Baiyun International Airport,CAN,2024-07-26 16:15,200,China Southern,Business Class,690,185,,1072,Y,Y,Y,1,10,2,32,Friday,False,False,False,Soekarno-Hatta International Airport,CGK
Yangon International Airport,RGN,2024-07-27 11:25,Kuala Lumpur International Airport,KUL,2024-07-27 15:50,175,Malaysia Airlines,Business Class,430,120,,606,Y,Y,Y,1,8,2,23,Saturday,False,False,False,Soekarno-Hatta International Airport,CGK
Yangon International Airport,RGN,2024-07-27 10:35,Singapore Changi Airport,SIN,2024-07-27 15:20,195,Singapore Airlines,Business Class,365,65,,926,Y,Y,Y,1,7,1,25,Saturday,False,False,False,Soekarno-Hatta International Airport,CGK
Yangon International Airport,RGN,2024-07-27 11:25,Guangzhou Baiyun International Airport,CAN,2024-07-27 16:00,185,China Southern,Business Class,690,200,,1072,Y,Y,Y,1,10,2,32,Saturday,False,False,False,Soekarno-Hatta International Airport,CGK
Yangon International Airport,RGN,2024-07-27 10:35,Taiwan Taoyuan International Airport,TPE,2024-07-27 16:10,245,China Airlines,Business Class,1590,1025,True,1315,Y,Y,Y,2,7,2,32,Saturday,False,False,False,Soekarno-Hatta International Airport,CGK
Yangon International Airport,RGN,2024-07-28 11:25,Kuala Lumpur International Airport,KUL,2024-07-28 15:50,175,Malaysia Airlines,Business Class,670,360,,606,Y,Y,Y,1,8,2,23,Sunday,False,False,False,Soekarno-Hatta International Airport,CGK
Yangon International Airport,RGN,2024-07-28 10:35,Singapore Changi Airport,SIN,2024-07-28 15:20,195,Singapore Airlines,Business Class,365,65,,926,Y,Y,Y,1,7,1,25,Sunday,False,False,False,Soekarno-Hatta International Airport,CGK
Yangon International Airport,RGN,2024-07-28 11:25,Kuala Lumpur International Airport,KUL,2024-07-28 15:50,175,Malaysia Airlines,Business Class,430,120,,931,Y,Y,Y,1,8,2,23,Sunday,False,False,False,Soekarno-Hatta International Airport,CGK
Yangon International Airport,RGN,2024-07-29 11:25,Kuala Lumpur International Airport,KUL,2024-07-29 15:50,175,Malaysia Airlines,Business Class,430,120,,606,Y,Y,Y,1,8,2,23,Monday,False,False,False,Soekarno-Hatta International Airport,CGK
Yangon International Airport,RGN,2024-07-29 10:35,Singapore Changi Airport,SIN,2024-07-29 15:20,195,Singapore Airlines,Business Class,365,65,,926,Y,Y,Y,1,7,1,25,Monday,False,False,False,Soekarno-Hatta International Airport,CGK
Yangon International Airport,RGN,2024-07-29 11:25,Guangzhou Baiyun International Airport,CAN,2024-07-29 16:15,200,China Southern,Business Class,690,185,,1072,Y,Y,Y,1,10,2,32,Monday,False,False,False,Soekarno-Hatta International Airport,CGK
Yangon International Airport,RGN,2024-07-29 10:35,Taiwan Taoyuan International Airport,TPE,2024-07-29 16:10,245,China Airlines,Business Class,1590,1025,True,1315,Y,Y,Y,2,7,2,32,Monday,False,False,False,Soekarno-Hatta International Airport,CGK
Yangon International Airport,RGN,2024-07-30 11:25,Kuala Lumpur International Airport,KUL,2024-07-30 15:50,175,Malaysia Airlines,Business Class,430,120,,606,Y,Y,Y,1,8,2,23,Tuesday,False,False,False,Soekarno-Hatta International Airport,CGK
Yangon International Airport,RGN,2024-07-30 10:35,Singapore Changi Airport,SIN,2024-07-30 15:20,195,Singapore Airlines,Business Class,365,65,,926,Y,Y,Y,1,7,1,25,Tuesday,False,False,False,Soekarno-Hatta International Airport,CGK
Yangon International Airport,RGN,2024-07-30 10:35,Taiwan Taoyuan International Airport,TPE,2024-07-30 16:10,245,China Airlines,Business Class,805,240,,1315,Y,Y,Y,2,7,2,32,Tuesday,False,False,False,Soekarno-Hatta International Airport,CGK
Yangon International Airport,RGN,2024-07-31 11:25,Kuala Lumpur International Airport,KUL,2024-07-31 15:50,175,Malaysia Airlines,Business Class,430,120,,606,Y,Y,Y,1,8,2,23,Wednesday,False,False,False,Soekarno-Hatta International Airport,CGK
Yangon International Airport,RGN,2024-07-31 10:35,Singapore Changi Airport,SIN,2024-07-31 15:20,195,Singapore Airlines,Business Class,365,65,,926,Y,Y,Y,1,7,1,25,Wednesday,False,False,False,Soekarno-Hatta International Airport,CGK
Yangon International Airport,RGN,2024-07-31 11:25,Guangzhou Baiyun International Airport,CAN,2024-07-31 16:15,200,China Southern,Business Class,690,185,,1072,Y,Y,Y,1,10,2,32,Wednesday,False,False,False,Soekarno-Hatta International Airport,CGK
Yangon International Airport,RGN,2024-08-01 11:25,Kuala Lumpur International Airport,KUL,2024-08-01 15:50,175,Malaysia Airlines,Business Class,430,120,,350,Y,Y,Y,1,8,2,23,Thursday,False,False,False,Soekarno-Hatta International Airport,CGK
Yangon International Airport,RGN,2024-08-01 10:35,Singapore Changi Airport,SIN,2024-08-01 15:20,195,Singapore Airlines,Business Class,365,65,,754,Y,Y,Y,1,7,1,25,Thursday,False,False,False,Soekarno-Hatta International Airport,CGK
Yangon International Airport,RGN,2024-08-01 06:50,Kuala Lumpur International Airport,KUL,2024-08-01 11:05,165,MAI,Business Class,465,160,,499,Y,Y,Y,1,7,1,30,Thursday,False,False,False,Soekarno-Hatta International Airport,CGK
Yangon International Airport,RGN,2024-08-01 10:35,Taiwan Taoyuan International Airport,TPE,2024-08-01 16:10,245,China Airlines,Business Class,805,240,,814,Y,Y,Y,2,7,2,32,Thursday,False,False,False,Soekarno-Hatta International Airport,CGK
Yangon International Airport,RGN,2024-08-02 11:25,Kuala Lumpur International Airport,KUL,2024-08-02 15:50,175,Malaysia Airlines,Business Class,430,120,,350,Y,Y,Y,1,8,2,23,Friday,False,False,False,Soekarno-Hatta International Airport,CGK
Yangon International Airport,RGN,2024-08-02 10:35,Singapore Changi Airport,SIN,2024-08-02 15:20,195,Singapore Airlines,Business Class,365,65,,877,Y,Y,Y,1,7,1,25,Friday,False,False,False,Soekarno-Hatta International Airport,CGK
Yangon International Airport,RGN,2024-08-02 06:50,Kuala Lumpur International Airport,KUL,2024-08-02 11:05,165,MAI,Business Class,465,160,,499,Y,Y,Y,1,7,1,30,Friday,False,False,False,Soekarno-Hatta International Airport,CGK
Yangon International Airport,RGN,2024-08-02 11:25,Guangzhou Baiyun International Airport,CAN,2024-08-02 16:15,200,China Southern,Business Class,690,185,,873,Y,Y,Y,1,10,2,32,Friday,False,False,False,Soekarno-Hatta International Airport,CGK
Yangon International Airport,RGN,2024-08-03 11:25,Kuala Lumpur International Airport,KUL,2024-08-03 15:50,175,Malaysia Airlines,Business Class,430,120,,350,Y,Y,Y,1,8,2,23,Saturday,False,False,False,Soekarno-Hatta International Airport,CGK
Yangon International Airport,RGN,2024-08-03 06:50,Kuala Lumpur International Airport,KUL,2024-08-03 11:05,165,MAI,Business Class,465,160,,499,Y,Y,Y,1,7,1,30,Saturday,False,False,False,Soekarno-Hatta International Airport,CGK
Yangon International Airport,RGN,2024-08-03 10:35,Taiwan Taoyuan International Airport,TPE,2024-08-03 16:10,245,China Airlines,Business Class,2245,1680,True,1136,Y,Y,Y,2,7,2,32,Saturday,False,False,False,Soekarno-Hatta International Airport,CGK
Yangon International Airport,RGN,2024-08-04 11:25,Kuala Lumpur International Airport,KUL,2024-08-04 15:50,175,Malaysia Airlines,Business Class,430,120,,396,Y,Y,Y,1,8,2,23,Sunday,False,False,False,Soekarno-Hatta International Airport,CGK
Yangon International Airport,RGN,2024-08-04 10:35,Singapore Changi Airport,SIN,2024-08-04 15:20,195,Singapore Airlines,Business Class,420,120,,754,Y,Y,Y,1,7,1,25,Sunday,False,False,False,Soekarno-Hatta International Airport,CGK
Yangon International Airport,RGN,2024-08-04 11:25,Kuala Lumpur International Airport,KUL,2024-08-04 15:50,175,Malaysia Airlines,Business Class,670,360,,350,Y,Y,Y,1,8,2,23,Sunday,False,False,False,Soekarno-Hatta International Airport,CGK
Yangon International Airport,RGN,2024-08-04 06:50,Kuala Lumpur International Airport,KUL,2024-08-04 11:05,165,MAI,Business Class,945,645,,499,Y,Y,Y,1,7,1,30,Sunday,False,False,False,Soekarno-Hatta International Airport,CGK
Yangon International Airport,RGN,2024-08-04 06:50,Kuala Lumpur International Airport,KUL,2024-08-04 11:05,165,MAI,Business Class,465,160,,546,Y,Y,Y,1,7,1,30,Sunday,False,False,False,Soekarno-Hatta International Airport,CGK
Yangon International Airport,RGN,2024-08-04 10:35,Singapore Changi Airport,SIN,2024-08-04 15:20,195,Singapore Airlines,Business Class,365,65,,1076,Y,Y,Y,1,7,1,25,Sunday,False,False,False,Soekarno-Hatta International Airport,CGK
Yangon International Airport,RGN,2024-08-05 11:25,Guangzhou Baiyun International Airport,CAN,2024-08-05 16:15,200,China Southern,Business Class,690,185,,1428,Y,Y,Y,1,10,2,32,Monday,False,False,False,Soekarno-Hatta International Airport,CGK
Yangon International Airport,RGN,2024-08-06 11:25,Kuala Lumpur International Airport,KUL,2024-08-06 15:50,175,Malaysia Airlines,Business Class,430,120,,350,Y,Y,Y,1,8,2,23,Tuesday,False,False,False,Soekarno-Hatta International Airport,CGK
Yangon International Airport,RGN,2024-08-06 10:35,Singapore Changi Airport,SIN,2024-08-06 15:20,195,Singapore Airlines,Business Class,365,65,,754,Y,Y,Y,1,7,1,25,Tuesday,False,False,False,Soekarno-Hatta International Airport,CGK
Yangon International Airport,RGN,2024-08-06 06:50,Kuala Lumpur International Airport,KUL,2024-08-06 11:05,165,MAI,Business Class,465,160,,499,Y,Y,Y,1,7,1,30,Tuesday,False,False,False,Soekarno-Hatta International Airport,CGK
Yangon International Airport,RGN,2024-08-06 10:35,Taiwan Taoyuan International Airport,TPE,2024-08-06 16:10,245,China Airlines,Business Class,805,240,,1070,Y,Y,Y,2,7,2,32,Tuesday,False,False,False,Soekarno-Hatta International Airport,CGK
Yangon International Airport,RGN,2024-08-07 11:25,Kuala Lumpur International Airport,KUL,2024-08-07 15:50,175,Malaysia Airlines,Business Class,430,120,,350,Y,Y,Y,1,8,2,23,Wednesday,False,False,False,Soekarno-Hatta International Airport,CGK
Yangon International Airport,RGN,2024-08-07 10:35,Singapore Changi Airport,SIN,2024-08-07 15:20,195,Singapore Airlines,Business Class,365,65,,754,Y,Y,Y,1,7,1,25,Wednesday,False,False,False,Soekarno-Hatta International Airport,CGK
Yangon International Airport,RGN,2024-08-07 06:50,Kuala Lumpur International Airport,KUL,2024-08-07 11:05,165,MAI,Business Class,465,160,,499,Y,Y,Y,1,7,1,30,Wednesday,False,False,False,Soekarno-Hatta International Airport,CGK
Yangon International Airport,RGN,2024-08-07 11:25,Guangzhou Baiyun International Airport,CAN,2024-08-07 16:15,200,China Southern,Business Class,690,185,,1277,Y,Y,Y,1,10,2,32,Wednesday,False,False,False,Soekarno-Hatta International Airport,CGK
Yangon International Airport,RGN,2024-08-08 11:25,Kuala Lumpur International Airport,KUL,2024-08-08 15:50,175,Malaysia Airlines,Business Class,430,120,,350,Y,Y,Y,1,8,2,23,Thursday,False,False,False,Soekarno-Hatta International Airport,CGK
Yangon International Airport,RGN,2024-08-08 10:35,Singapore Changi Airport,SIN,2024-08-08 15:20,195,Singapore Airlines,Business Class,365,65,,754,Y,Y,Y,1,7,1,25,Thursday,False,False,False,Soekarno-Hatta International Airport,CGK
Yangon International Airport,RGN,2024-08-08 06:50,Kuala Lumpur International Airport,KUL,2024-08-08 11:05,165,MAI,Business Class,465,160,,499,Y,Y,Y,1,7,1,30,Thursday,False,False,False,Soekarno-Hatta International Airport,CGK
Yangon International Airport,RGN,2024-08-08 10:35,Taiwan Taoyuan International Airport,TPE,2024-08-08 16:10,245,China Airlines,Business Class,805,240,,814,Y,Y,Y,2,7,2,32,Thursday,False,False,False,Soekarno-Hatta International Airport,CGK
Yangon International Airport,RGN,2024-08-09 11:25,Kuala Lumpur International Airport,KUL,2024-08-09 15:50,175,Malaysia Airlines,Business Class,430,120,,350,Y,Y,Y,1,8,2,23,Friday,False,False,False,Soekarno-Hatta International Airport,CGK
Yangon International Airport,RGN,2024-08-09 10:35,Singapore Changi Airport,SIN,2024-08-09 15:20,195,Singapore Airlines,Business Class,365,65,,754,Y,Y,Y,1,7,1,25,Friday,False,False,False,Soekarno-Hatta International Airport,CGK
Yangon International Airport,RGN,2024-08-09 06:50,Kuala Lumpur International Airport,KUL,2024-08-09 11:05,165,MAI,Business Class,465,160,,499,Y,Y,Y,1,7,1,30,Friday,False,False,False,Soekarno-Hatta International Airport,CGK
Yangon International Airport,RGN,2024-08-09 11:25,Guangzhou Baiyun International Airport,CAN,2024-08-09 16:15,200,China Southern,Business Class,690,185,,709,Y,Y,Y,1,10,2,32,Friday,False,False,False,Soekarno-Hatta International Airport,CGK
Yangon International Airport,RGN,2024-08-10 11:25,Kuala Lumpur International Airport,KUL,2024-08-10 15:50,175,Malaysia Airlines,Business Class,430,120,,350,Y,Y,Y,1,8,2,23,Saturday,False,False,False,Soekarno-Hatta International Airport,CGK
Yangon International Airport,RGN,2024-08-10 10:35,Singapore Changi Airport,SIN,2024-08-10 15:20,195,Singapore Airlines,Business Class,365,65,,754,Y,Y,Y,1,7,1,25,Saturday,False,False,False,Soekarno-Hatta International Airport,CGK
Yangon International Airport,RGN,2024-08-10 06:50,Kuala Lumpur International Airport,KUL,2024-08-10 11:05,165,MAI,Business Class,465,160,,499,Y,Y,Y,1,7,1,30,Saturday,False,False,False,Soekarno-Hatta International Airport,CGK
Yangon International Airport,RGN,2024-08-10 10:35,Taiwan Taoyuan International Airport,TPE,2024-08-10 16:10,245,China Airlines,Business Class,1590,1025,True,1070,Y,Y,Y,2,7,2,32,Saturday,False,False,False,Soekarno-Hatta International Airport,CGK
Yangon International Airport,RGN,2024-08-10 11:25,Guangzhou Baiyun International Airport,CAN,2024-08-10 16:00,185,China Southern,Business Class,690,200,,1277,Y,Y,Y,1,10,2,32,Saturday,False,False,False,Soekarno-Hatta International Airport,CGK
Yangon International Airport,RGN,2024-08-11 11:25,Kuala Lumpur International Airport,KUL,2024-08-11 15:50,175,Malaysia Airlines,Business Class,430,120,,396,Y,Y,Y,1,8,2,23,Sunday,False,False,False,Soekarno-Hatta International Airport,CGK
Yangon International Airport,RGN,2024-08-11 10:35,Singapore Changi Airport,SIN,2024-08-11 15:20,195,Singapore Airlines,Business Class,420,120,,754,Y,Y,Y,1,7,1,25,Sunday,False,False,False,Soekarno-Hatta International Airport,CGK
Yangon International Airport,RGN,2024-08-11 11:25,Kuala Lumpur International Airport,KUL,2024-08-11 15:50,175,Malaysia Airlines,Business Class,670,360,,350,Y,Y,Y,1,8,2,23,Sunday,False,False,False,Soekarno-Hatta International Airport,CGK
Yangon International Airport,RGN,2024-08-11 06:50,Kuala Lumpur International Airport,KUL,2024-08-11 11:05,165,MAI,Business Class,615,305,,499,Y,Y,Y,1,7,1,30,Sunday,False,False,False,Soekarno-Hatta International Airport,CGK
Yangon International Airport,RGN,2024-08-11 06:50,Kuala Lumpur International Airport,KUL,2024-08-11 11:05,165,MAI,Business Class,465,160,,546,Y,Y,Y,1,7,1,30,Sunday,False,False,False,Soekarno-Hatta International Airport,CGK
Yangon International Airport,RGN,2024-08-11 10:35,Singapore Changi Airport,SIN,2024-08-11 15:20,195,Singapore Airlines,Business Class,365,65,,877,Y,Y,Y,1,7,1,25,Sunday,False,False,False,Soekarno-Hatta International Airport,CGK
Yangon International Airport,RGN,2024-08-12 11:25,Kuala Lumpur International Airport,KUL,2024-08-12 15:50,175,Malaysia Airlines,Business Class,430,120,,350,Y,Y,Y,1,8,2,23,Monday,False,False,False,Soekarno-Hatta International Airport,CGK
Yangon International Airport,RGN,2024-08-12 10:35,Singapore Changi Airport,SIN,2024-08-12 15:20,195,Singapore Airlines,Business Class,365,65,,754,Y,Y,Y,1,7,1,25,Monday,False,False,False,Soekarno-Hatta International Airport,CGK
Yangon International Airport,RGN,2024-08-12 06:50,Kuala Lumpur International Airport,KUL,2024-08-12 11:05,165,MAI,Business Class,465,160,,499,Y,Y,Y,1,7,1,30,Monday,False,False,False,Soekarno-Hatta International Airport,CGK
Yangon International Airport,RGN,2024-08-12 11:25,Guangzhou Baiyun International Airport,CAN,2024-08-12 16:15,200,China Southern,Business Class,690,185,,1277,Y,Y,Y,1,10,2,32,Monday,False,False,False,Soekarno-Hatta International Airport,CGK
Yangon International Airport,RGN,2024-08-13 11:25,Kuala Lumpur International Airport,KUL,2024-08-13 15:50,175,Malaysia Airlines,Business Class,430,120,,350,Y,Y,Y,1,8,2,23,Tuesday,False,False,False,Soekarno-Hatta International Airport,CGK
Yangon International Airport,RGN,2024-08-13 10:35,Singapore Changi Airport,SIN,2024-08-13 15:20,195,Singapore Airlines,Business Class,365,65,,754,Y,Y,Y,1,7,1,25,Tuesday,False,False,False,Soekarno-Hatta International Airport,CGK
Yangon International Airport,RGN,2024-08-13 06:50,Kuala Lumpur International Airport,KUL,2024-08-13 11:05,165,MAI,Business Class,465,160,,499,Y,Y,Y,1,7,1,30,Tuesday,False,False,False,Soekarno-Hatta International Airport,CGK
Yangon International Airport,RGN,2024-08-13 10:35,Taiwan Taoyuan International Airport,TPE,2024-08-13 16:10,245,China Airlines,Business Class,805,240,,814,Y,Y,Y,2,7,2,32,Tuesday,False,False,False,Soekarno-Hatta International Airport,CGK
Yangon International Airport,RGN,2024-08-14 11:25,Kuala Lumpur International Airport,KUL,2024-08-14 15:50,175,Malaysia Airlines,Business Class,430,120,,350,Y,Y,Y,1,8,2,23,Wednesday,False,False,False,Soekarno-Hatta International Airport,CGK
Yangon International Airport,RGN,2024-08-14 10:35,Singapore Changi Airport,SIN,2024-08-14 15:20,195,Singapore Airlines,Business Class,365,65,,754,Y,Y,Y,1,7,1,25,Wednesday,False,False,False,Soekarno-Hatta International Airport,CGK
Yangon International Airport,RGN,2024-08-14 06:50,Kuala Lumpur International Airport,KUL,2024-08-14 11:05,165,MAI,Business Class,465,160,,499,Y,Y,Y,1,7,1,30,Wednesday,False,False,False,Soekarno-Hatta International Airport,CGK
Yangon International Airport,RGN,2024-08-14 11:25,Guangzhou Baiyun International Airport,CAN,2024-08-14 16:15,200,China Southern,Business Class,690,185,,1277,Y,Y,Y,1,10,2,32,Wednesday,False,False,False,Soekarno-Hatta International Airport,CGK
Yangon International Airport,RGN,2024-08-15 11:25,Kuala Lumpur International Airport,KUL,2024-08-15 15:50,175,Malaysia Airlines,Business Class,430,120,,350,Y,Y,Y,1,8,2,23,Thursday,False,False,False,Soekarno-Hatta International Airport,CGK
Yangon International Airport,RGN,2024-08-15 10:35,Singapore Changi Airport,SIN,2024-08-15 15:20,195,Singapore Airlines,Business Class,365,65,,754,Y,Y,Y,1,7,1,25,Thursday,False,False,False,Soekarno-Hatta International Airport,CGK
Yangon International Airport,RGN,2024-08-15 06:50,Kuala Lumpur International Airport,KUL,2024-08-15 11:05,165,MAI,Business Class,465,160,,499,Y,Y,Y,1,7,1,30,Thursday,False,False,False,Soekarno-Hatta International Airport,CGK
Yangon International Airport,RGN,2024-08-15 10:35,Taiwan Taoyuan International Airport,TPE,2024-08-15 16:10,245,China Airlines,Business Class,805,240,,814,Y,Y,Y,2,7,2,32,Thursday,False,False,False,Soekarno-Hatta International Airport,CGK
Yangon International Airport,RGN,2024-08-16 11:25,Kuala Lumpur International Airport,KUL,2024-08-16 15:50,175,Malaysia Airlines,Business Class,430,120,,350,Y,Y,Y,1,8,2,23,Friday,False,False,False,Soekarno-Hatta International Airport,CGK
Yangon International Airport,RGN,2024-08-16 10:35,Singapore Changi Airport,SIN,2024-08-16 15:20,195,Singapore Airlines,Business Class,365,65,,754,Y,Y,Y,1,7,1,25,Friday,False,False,False,Soekarno-Hatta International Airport,CGK
Yangon International Airport,RGN,2024-08-16 06:50,Kuala Lumpur International Airport,KUL,2024-08-16 11:05,165,MAI,Business Class,465,160,,499,Y,Y,Y,1,7,1,30,Friday,False,False,False,Soekarno-Hatta International Airport,CGK
Yangon International Airport,RGN,2024-08-16 11:25,Guangzhou Baiyun International Airport,CAN,2024-08-16 16:15,200,China Southern,Business Class,690,185,,709,Y,Y,Y,1,10,2,32,Friday,False,False,False,Soekarno-Hatta International Airport,CGK
Yangon International Airport,RGN,2024-08-17 11:25,Kuala Lumpur International Airport,KUL,2024-08-17 15:50,175,Malaysia Airlines,Business Class,430,120,,350,Y,Y,Y,1,8,2,23,Saturday,False,False,True,Soekarno-Hatta International Airport,CGK
Yangon International Airport,RGN,2024-08-17 10:35,Singapore Changi Airport,SIN,2024-08-17 15:20,195,Singapore Airlines,Business Class,365,65,,754,Y,Y,Y,1,7,1,25,Saturday,False,False,True,Soekarno-Hatta International Airport,CGK
Yangon International Airport,RGN,2024-08-17 06:50,Kuala Lumpur International Airport,KUL,2024-08-17 11:05,165,MAI,Business Class,465,160,,499,Y,Y,Y,1,7,1,30,Saturday,False,False,True,Soekarno-Hatta International Airport,CGK
Yangon International Airport,RGN,2024-08-17 10:35,Taiwan Taoyuan International Airport,TPE,2024-08-17 16:10,245,China Airlines,Business Class,1590,1025,True,1070,Y,Y,Y,2,7,2,32,Saturday,False,False,True,Soekarno-Hatta International Airport,CGK
Yangon International Airport,RGN,2024-08-17 11:25,Guangzhou Baiyun International Airport,CAN,2024-08-17 16:00,185,China Southern,Business Class,690,200,,1277,Y,Y,Y,1,10,2,32,Saturday,False,False,True,Soekarno-Hatta International Airport,CGK
Yangon International Airport,RGN,2024-08-18 11:25,Kuala Lumpur International Airport,KUL,2024-08-18 15:50,175,Malaysia Airlines,Business Class,430,120,,396,Y,Y,Y,1,8,2,23,Sunday,False,False,False,Soekarno-Hatta International Airport,CGK
Yangon International Airport,RGN,2024-08-18 10:35,Singapore Changi Airport,SIN,2024-08-18 15:20,195,Singapore Airlines,Business Class,365,65,,754,Y,Y,Y,1,7,1,25,Sunday,False,False,False,Soekarno-Hatta International Airport,CGK
Yangon International Airport,RGN,2024-08-18 11:25,Kuala Lumpur International Airport,KUL,2024-08-18 15:50,175,Malaysia Airlines,Business Class,670,360,,350,Y,Y,Y,1,8,2,23,Sunday,False,False,False,Soekarno-Hatta International Airport,CGK
Yangon International Airport,RGN,2024-08-18 06:50,Kuala Lumpur International Airport,KUL,2024-08-18 11:05,165,MAI,Business Class,465,160,,499,Y,Y,Y,1,7,1,30,Sunday,False,False,False,Soekarno-Hatta International Airport,CGK
Yangon International Airport,RGN,2024-08-19 11:25,Kuala Lumpur International Airport,KUL,2024-08-19 15:50,175,Malaysia Airlines,Business Class,430,120,,350,Y,Y,Y,1,8,2,23,Monday,False,False,False,Soekarno-Hatta International Airport,CGK
Yangon International Airport,RGN,2024-08-19 10:35,Singapore Changi Airport,SIN,2024-08-19 15:20,195,Singapore Airlines,Business Class,365,65,,754,Y,Y,Y,1,7,1,25,Monday,False,False,False,Soekarno-Hatta International Airport,CGK
Yangon International Airport,RGN,2024-08-19 06:50,Kuala Lumpur International Airport,KUL,2024-08-19 11:05,165,MAI,Business Class,615,305,,499,Y,Y,Y,1,7,1,30,Monday,False,False,False,Soekarno-Hatta International Airport,CGK
Yangon International Airport,RGN,2024-08-19 06:50,Kuala Lumpur International Airport,KUL,2024-08-19 11:05,165,MAI,Business Class,465,160,,546,Y,Y,Y,1,7,1,30,Monday,False,False,False,Soekarno-Hatta International Airport,CGK
Yangon International Airport,RGN,2024-08-19 11:25,Guangzhou Baiyun International Airport,CAN,2024-08-19 16:15,200,China Southern,Business Class,690,185,,1277,Y,Y,Y,1,10,2,32,Monday,False,False,False,Soekarno-Hatta International Airport,CGK
Yangon International Airport,RGN,2024-08-20 11:25,Kuala Lumpur International Airport,KUL,2024-08-20 15:50,175,Malaysia Airlines,Business Class,430,120,,350,Y,Y,Y,1,8,2,23,Tuesday,False,False,False,Soekarno-Hatta International Airport,CGK
Yangon International Airport,RGN,2024-08-20 10:35,Singapore Changi Airport,SIN,2024-08-20 15:20,195,Singapore Airlines,Business Class,365,65,,754,Y,Y,Y,1,7,1,25,Tuesday,False,False,False,Soekarno-Hatta International Airport,CGK
Yangon International Airport,RGN,2024-08-20 06:50,Kuala Lumpur International Airport,KUL,2024-08-20 11:05,165,MAI,Business Class,465,160,,499,Y,Y,Y,1,7,1,30,Tuesday,False,False,False,Soekarno-Hatta International Airport,CGK
Yangon International Airport,RGN,2024-08-20 10:35,Taiwan Taoyuan International Airport,TPE,2024-08-20 16:10,245,China Airlines,Business Class,805,240,,814,Y,Y,Y,2,7,2,32,Tuesday,False,False,False,Soekarno-Hatta International Airport,CGK
Yangon International Airport,RGN,2024-08-21 11:25,Kuala Lumpur International Airport,KUL,2024-08-21 15:50,175,Malaysia Airlines,Business Class,430,120,,350,Y,Y,Y,1,8,2,23,Wednesday,False,False,False,Soekarno-Hatta International Airport,CGK
Yangon International Airport,RGN,2024-08-21 10:35,Singapore Changi Airport,SIN,2024-08-21 15:20,195,Singapore Airlines,Business Class,365,65,,754,Y,Y,Y,1,7,1,25,Wednesday,False,False,False,Soekarno-Hatta International Airport,CGK
Yangon International Airport,RGN,2024-08-21 06:50,Kuala Lumpur International Airport,KUL,2024-08-21 11:05,165,MAI,Business Class,465,160,,499,Y,Y,Y,1,7,1,30,Wednesday,False,False,False,Soekarno-Hatta International Airport,CGK
Yangon International Airport,RGN,2024-08-21 11:25,Guangzhou Baiyun International Airport,CAN,2024-08-21 16:15,200,China Southern,Business Class,690,185,,1277,Y,Y,Y,1,10,2,32,Wednesday,False,False,False,Soekarno-Hatta International Airport,CGK
Yangon International Airport,RGN,2024-08-22 11:25,Kuala Lumpur International Airport,KUL,2024-08-22 15:50,175,Malaysia Airlines,Business Class,430,120,,350,Y,Y,Y,1,8,2,23,Thursday,False,False,False,Soekarno-Hatta International Airport,CGK
Yangon International Airport,RGN,2024-08-22 10:35,Singapore Changi Airport,SIN,2024-08-22 15:20,195,Singapore Airlines,Business Class,365,65,,754,Y,Y,Y,1,7,1,25,Thursday,False,False,False,Soekarno-Hatta International Airport,CGK
Yangon International Airport,RGN,2024-08-22 06:50,Kuala Lumpur International Airport,KUL,2024-08-22 11:05,165,MAI,Business Class,465,160,,499,Y,Y,Y,1,7,1,30,Thursday,False,False,False,Soekarno-Hatta International Airport,CGK
Yangon International Airport,RGN,2024-08-22 10:35,Taiwan Taoyuan International Airport,TPE,2024-08-22 16:10,245,China Airlines,Business Class,805,240,,814,Y,Y,Y,2,7,2,32,Thursday,False,False,False,Soekarno-Hatta International Airport,CGK
Yangon International Airport,RGN,2024-08-23 11:25,Kuala Lumpur International Airport,KUL,2024-08-23 15:50,175,Malaysia Airlines,Business Class,430,120,,350,Y,Y,Y,1,8,2,23,Friday,False,False,False,Soekarno-Hatta International Airport,CGK
Yangon International Airport,RGN,2024-08-23 10:35,Singapore Changi Airport,SIN,2024-08-23 15:20,195,Singapore Airlines,Business Class,365,65,,877,Y,Y,Y,1,7,1,25,Friday,False,False,False,Soekarno-Hatta International Airport,CGK
Yangon International Airport,RGN,2024-08-23 06:50,Kuala Lumpur International Airport,KUL,2024-08-23 11:05,165,MAI,Business Class,465,160,,499,Y,Y,Y,1,7,1,30,Friday,False,False,False,Soekarno-Hatta International Airport,CGK
Yangon International Airport,RGN,2024-08-23 11:25,Guangzhou Baiyun International Airport,CAN,2024-08-23 16:15,200,China Southern,Business Class,690,185,,691,Y,Y,Y,1,10,2,32,Friday,False,False,False,Soekarno-Hatta International Airport,CGK
Yangon International Airport,RGN,2024-08-23 10:35,Singapore Changi Airport,SIN,2024-08-23 15:20,195,Singapore Airlines,Business Class,695,395,,754,Y,Y,Y,1,7,1,25,Friday,False,False,False,Soekarno-Hatta International Airport,CGK
Yangon International Airport,RGN,2024-08-24 11:25,Kuala Lumpur International Airport,KUL,2024-08-24 15:50,175,Malaysia Airlines,Business Class,430,120,,350,Y,Y,Y,1,8,2,23,Saturday,False,False,False,Soekarno-Hatta International Airport,CGK
Yangon International Airport,RGN,2024-08-24 10:35,Singapore Changi Airport,SIN,2024-08-24 15:20,195,Singapore Airlines,Business Class,365,65,,754,Y,Y,Y,1,7,1,25,Saturday,False,False,False,Soekarno-Hatta International Airport,CGK
Yangon International Airport,RGN,2024-08-24 06:50,Kuala Lumpur International Airport,KUL,2024-08-24 11:05,165,MAI,Business Class,465,160,,499,Y,Y,Y,1,7,1,30,Saturday,False,False,False,Soekarno-Hatta International Airport,CGK
Yangon International Airport,RGN,2024-08-24 10:35,Taiwan Taoyuan International Airport,TPE,2024-08-24 16:10,245,China Airlines,Business Class,1590,1025,True,1070,Y,Y,Y,2,7,2,32,Saturday,False,False,False,Soekarno-Hatta International Airport,CGK
Yangon International Airport,RGN,2024-08-24 11:25,Guangzhou Baiyun International Airport,CAN,2024-08-24 16:00,185,China Southern,Business Class,690,200,,1277,Y,Y,Y,1,10,2,32,Saturday,False,False,False,Soekarno-Hatta International Airport,CGK
Yangon International Airport,RGN,2024-08-25 11:25,Kuala Lumpur International Airport,KUL,2024-08-25 15:50,175,Malaysia Airlines,Business Class,430,120,,350,Y,Y,Y,1,8,2,23,Sunday,False,False,False,Soekarno-Hatta International Airport,CGK
Yangon International Airport,RGN,2024-08-25 10:35,Singapore Changi Airport,SIN,2024-08-25 15:20,195,Singapore Airlines,Business Class,365,65,,754,Y,Y,Y,1,7,1,25,Sunday,False,False,False,Soekarno-Hatta International Airport,CGK
Yangon International Airport,RGN,2024-08-25 06:50,Kuala Lumpur International Airport,KUL,2024-08-25 11:05,165,MAI,Business Class,615,305,,499,Y,Y,Y,1,7,1,30,Sunday,False,False,False,Soekarno-Hatta International Airport,CGK
Yangon International Airport,RGN,2024-08-25 06:50,Kuala Lumpur International Airport,KUL,2024-08-25 11:05,165,MAI,Business Class,465,160,,546,Y,Y,Y,1,7,1,30,Sunday,False,False,False,Soekarno-Hatta International Airport,CGK
Yangon International Airport,RGN,2024-08-26 11:25,Kuala Lumpur International Airport,KUL,2024-08-26 15:50,175,Malaysia Airlines,Business Class,430,120,,350,Y,Y,Y,1,8,2,23,Monday,False,False,False,Soekarno-Hatta International Airport,CGK
Yangon International Airport,RGN,2024-08-26 10:35,Singapore Changi Airport,SIN,2024-08-26 15:20,195,Singapore Airlines,Business Class,365,65,,754,Y,Y,Y,1,7,1,25,Monday,False,False,False,Soekarno-Hatta International Airport,CGK
Yangon International Airport,RGN,2024-08-26 06:50,Kuala Lumpur International Airport,KUL,2024-08-26 11:05,165,MAI,Business Class,615,305,,499,Y,Y,Y,1,7,1,30,Monday,False,False,False,Soekarno-Hatta International Airport,CGK
Yangon International Airport,RGN,2024-08-26 06:50,Kuala Lumpur International Airport,KUL,2024-08-26 11:05,165,MAI,Business Class,465,160,,546,Y,Y,Y,1,7,1,30,Monday,False,False,False,Soekarno-Hatta International Airport,CGK
Yangon International Airport,RGN,2024-08-26 11:25,Guangzhou Baiyun International Airport,CAN,2024-08-26 16:15,200,China Southern,Business Class,690,185,,873,Y,Y,Y,1,10,2,32,Monday,False,False,False,Soekarno-Hatta International Airport,CGK
Yangon International Airport,RGN,2024-08-27 11:25,Kuala Lumpur International Airport,KUL,2024-08-27 15:50,175,Malaysia Airlines,Business Class,430,120,,350,Y,Y,Y,1,8,2,23,Tuesday,False,False,False,Soekarno-Hatta International Airport,CGK
Yangon International Airport,RGN,2024-08-27 10:35,Singapore Changi Airport,SIN,2024-08-27 15:20,195,Singapore Airlines,Business Class,365,65,,555,Y,Y,Y,1,7,1,25,Tuesday,False,False,False,Soekarno-Hatta International Airport,CGK
Yangon International Airport,RGN,2024-08-27 06:50,Kuala Lumpur International Airport,KUL,2024-08-27 11:05,165,MAI,Business Class,465,160,,499,Y,Y,Y,1,7,1,30,Tuesday,False,False,False,Soekarno-Hatta International Airport,CGK
Yangon International Airport,RGN,2024-08-27 10:35,Taiwan Taoyuan International Airport,TPE,2024-08-27 16:10,245,China Airlines,Business Class,805,240,,1070,Y,Y,Y,2,7,2,32,Tuesday,False,False,False,Soekarno-Hatta International Airport,CGK
Yangon International Airport,RGN,2024-08-28 11:25,Kuala Lumpur International Airport,KUL,2024-08-28 15:50,175,Malaysia Airlines,Business Class,430,120,,350,Y,Y,Y,1,8,2,23,Wednesday,False,False,False,Soekarno-Hatta International Airport,CGK
Yangon International Airport,RGN,2024-08-28 10:35,Singapore Changi Airport,SIN,2024-08-28 15:20,195,Singapore Airlines,Business Class,365,65,,754,Y,Y,Y,1,7,1,25,Wednesday,False,False,False,Soekarno-Hatta International Airport,CGK
Yangon International Airport,RGN,2024-08-28 06:50,Kuala Lumpur International Airport,KUL,2024-08-28 11:05,165,MAI,Business Class,615,305,,499,Y,Y,Y,1,7,1,30,Wednesday,False,False,False,Soekarno-Hatta International Airport,CGK
Yangon International Airport,RGN,2024-08-28 06:50,Kuala Lumpur International Airport,KUL,2024-08-28 11:05,165,MAI,Business Class,465,160,,546,Y,Y,Y,1,7,1,30,Wednesday,False,False,False,Soekarno-Hatta International Airport,CGK
Yangon International Airport,RGN,2024-08-28 11:25,Guangzhou Baiyun International Airport,CAN,2024-08-28 16:15,200,China Southern,Business Class,1460,960,True,1277,Y,Y,Y,1,10,2,32,Wednesday,False,False,False,Soekarno-Hatta International Airport,CGK
Yangon International Airport,RGN,2024-08-28 11:25,Guangzhou Baiyun International Airport,CAN,2024-08-28 16:15,200,China Southern,Business Class,690,185,,1428,Y,Y,Y,1,10,2,32,Wednesday,False,False,False,Soekarno-Hatta International Airport,CGK
Yangon International Airport,RGN,2024-08-29 11:25,Kuala Lumpur International Airport,KUL,2024-08-29 15:50,175,Malaysia Airlines,Business Class,430,120,,350,Y,Y,Y,1,8,2,23,Thursday,False,False,False,Soekarno-Hatta International Airport,CGK
Yangon International Airport,RGN,2024-08-29 10:35,Singapore Changi Airport,SIN,2024-08-29 15:20,195,Singapore Airlines,Business Class,420,120,,555,Y,Y,Y,1,7,1,25,Thursday,False,False,False,Soekarno-Hatta International Airport,CGK
Yangon International Airport,RGN,2024-08-29 06:50,Kuala Lumpur International Airport,KUL,2024-08-29 11:05,165,MAI,Business Class,465,160,,499,Y,Y,Y,1,7,1,30,Thursday,False,False,False,Soekarno-Hatta International Airport,CGK
Yangon International Airport,RGN,2024-08-29 10:35,Singapore Changi Airport,SIN,2024-08-29 15:20,195,Singapore Airlines,Business Class,365,65,,754,Y,Y,Y,1,7,1,25,Thursday,False,False,False,Soekarno-Hatta International Airport,CGK
Yangon International Airport,RGN,2024-08-29 10:35,Taiwan Taoyuan International Airport,TPE,2024-08-29 16:10,245,China Airlines,Business Class,805,240,,1070,Y,Y,Y,2,7,2,32,Thursday,False,False,False,Soekarno-Hatta International Airport,CGK
Yangon International Airport,RGN,2024-08-30 11:25,Kuala Lumpur International Airport,KUL,2024-08-30 15:50,175,Malaysia Airlines,Business Class,430,120,,358,Y,Y,Y,1,8,2,23,Friday,False,False,False,Soekarno-Hatta International Airport,CGK
Yangon International Airport,RGN,2024-08-30 10:35,Singapore Changi Airport,SIN,2024-08-30 15:20,195,Singapore Airlines,Business Class,365,65,,754,Y,Y,Y,1,7,1,25,Friday,False,False,False,Soekarno-Hatta International Airport,CGK
Yangon International Airport,RGN,2024-08-30 06:50,Kuala Lumpur International Airport,KUL,2024-08-30 11:05,165,MAI,Business Class,465,160,,507,Y,Y,Y,1,7,1,30,Friday,False,False,False,Soekarno-Hatta International Airport,CGK
Yangon International Airport,RGN,2024-08-30 11:25,Guangzhou Baiyun International Airport,CAN,2024-08-30 16:15,200,China Southern,Business Class,690,185,,873,Y,Y,Y,1,10,2,32,Friday,False,False,False,Soekarno-Hatta International Airport,CGK
Yangon International Airport,RGN,2024-08-31 11:25,Kuala Lumpur International Airport,KUL,2024-08-31 15:50,175,Malaysia Airlines,Business Class,430,120,,358,Y,Y,Y,1,8,2,23,Saturday,False,False,False,Soekarno-Hatta International Airport,CGK
Yangon International Airport,RGN,2024-08-31 06:50,Kuala Lumpur International Airport,KUL,2024-08-31 11:05,165,MAI,Business Class,465,160,,507,Y,Y,Y,1,7,1,30,Saturday,False,False,False,Soekarno-Hatta International Airport,CGK
Yangon International Airport,RGN,2024-08-31 10:35,Singapore Changi Airport,SIN,2024-08-31 15:20,195,Singapore Airlines,Business Class,365,65,,877,Y,Y,Y,1,7,1,25,Saturday,False,False,False,Soekarno-Hatta International Airport,CGK
Yangon International Airport,RGN,2024-08-31 10:35,Singapore Changi Airport,SIN,2024-08-31 15:20,195,Singapore Airlines,Business Class,695,395,,754,Y,Y,Y,1,7,1,25,Saturday,False,False,False,Soekarno-Hatta International Airport,CGK
Yangon International Airport,RGN,2024-08-31 10:35,Taiwan Taoyuan International Airport,TPE,2024-08-31 16:10,245,China Airlines,Business Class,1590,1025,True,1070,Y,Y,Y,2,7,2,32,Saturday,False,False,False,Soekarno-Hatta International Airport,CGK
Yangon International Airport,RGN,2024-08-31 11:25,Guangzhou Baiyun International Airport,CAN,2024-08-31 16:00,185,China Southern,Business Class,690,200,,1277,Y,Y,Y,1,10,2,32,Saturday,False,False,False,Soekarno-Hatta International Airport,CGK
