Departure Airport Name,Departure Airport ID,Departure Time,Arrival Airport Name,Arrival Airport ID,Arrival Time,Duration,Airline,Travel Class,Total Duration,Layover 1 Duration,Layover 1 Overnight,Price, Cabin Baggage, Checked Baggage,Meal Included,Cabin Baggage (Number),Cabin Baggage (kg per piece),Checked Baggage (Number),Checked Baggage (kg per piece) ,Day of Week (on flight date),Overnight Flight,Departure Country Is Holiday,Arrival Country Is Holiday,Final Arrival Airport Name,Final Arrival Airport ID
Yangon International Airport,RGN,2024-07-01 11:25,Kuala Lumpur International Airport,KUL,2024-07-01 15:50,175,Malaysia Airlines,Business Class,320,70.0,,365,Y,Y,Y,1,8,2,23,Monday,False,False,False,Singapore Changi Airport,SIN
Yangon International Airport,RGN,2024-07-01 07:30,Singapore Changi Airport,SIN,2024-07-01 12:00,180,Myanmar National Airlines,Business Class,180,,,475,Y,Y,Y,1,7,1,40,Monday,False,False,False,Singapore Changi Airport,SIN
Yangon International Airport,RGN,2024-07-01 10:35,Singapore Changi Airport,SIN,2024-07-01 15:20,195,Singapore Airlines,Business Class,195,,,1266,Y,Y,Y,1,7,1,25,Monday,False,False,False,Singapore Changi Airport,SIN
Yangon International Airport,RGN,2024-07-01 15:10,Kunming Changshui International Airport,KMG,2024-07-01 18:40,120,China Eastern,Business Class,1120,760.0,True,1016,Y,Y,Y,1,10,2,32,Monday,False,False,False,Singapore Changi Airport,SIN
Yangon International Airport,RGN,2024-07-01 11:25,Guangzhou Baiyun International Airport,CAN,2024-07-01 16:15,200,China Southern,Business Class,850,420.0,,1210,Y,Y,Y,1,10,2,32,Monday,False,False,False,Singapore Changi Airport,SIN
Yangon International Airport,RGN,2024-07-01 11:25,Guangzhou Baiyun International Airport,CAN,2024-07-01 16:15,200,China Southern,Business Class,595,155.0,,1476,Y,Y,Y,1,10,2,32,Monday,False,False,False,Singapore Changi Airport,SIN
Yangon International Airport,RGN,2024-07-02 11:25,Kuala Lumpur International Airport,KUL,2024-07-02 15:50,175,Malaysia Airlines,Business Class,320,70.0,,365,Y,Y,Y,1,8,2,23,Tuesday,False,False,False,Singapore Changi Airport,SIN
Yangon International Airport,RGN,2024-07-02 07:30,Singapore Changi Airport,SIN,2024-07-02 12:00,180,Myanmar National Airlines,Business Class,180,,,475,Y,Y,Y,1,7,1,40,Tuesday,False,False,False,Singapore Changi Airport,SIN
Yangon International Airport,RGN,2024-07-02 10:35,Singapore Changi Airport,SIN,2024-07-02 15:20,195,Singapore Airlines,Business Class,195,,,805,Y,Y,Y,1,7,1,25,Tuesday,False,False,False,Singapore Changi Airport,SIN
Yangon International Airport,RGN,2024-07-02 15:10,Kunming Changshui International Airport,KMG,2024-07-02 18:40,120,China Eastern,Business Class,1120,760.0,True,792,Y,Y,Y,1,10,2,32,Tuesday,False,False,False,Singapore Changi Airport,SIN
Yangon International Airport,RGN,2024-07-03 11:25,Kuala Lumpur International Airport,KUL,2024-07-03 15:50,175,Malaysia Airlines,Business Class,675,435.0,,365,Y,Y,Y,1,8,2,23,Wednesday,False,False,False,Singapore Changi Airport,SIN
Yangon International Airport,RGN,2024-07-03 07:30,Singapore Changi Airport,SIN,2024-07-03 12:00,180,Myanmar National Airlines,Business Class,180,,,475,Y,Y,Y,1,7,1,40,Wednesday,False,False,False,Singapore Changi Airport,SIN
Yangon International Airport,RGN,2024-07-03 10:35,Singapore Changi Airport,SIN,2024-07-03 15:20,195,Singapore Airlines,Business Class,195,,,656,Y,Y,Y,1,7,1,25,Wednesday,False,False,False,Singapore Changi Airport,SIN
Yangon International Airport,RGN,2024-07-03 15:10,Kunming Changshui International Airport,KMG,2024-07-03 18:40,120,China Eastern,Business Class,1140,780.0,True,792,Y,Y,Y,1,10,2,32,Wednesday,False,False,False,Singapore Changi Airport,SIN
Yangon International Airport,RGN,2024-07-03 11:25,Guangzhou Baiyun International Airport,CAN,2024-07-03 16:15,200,China Southern,Business Class,595,155.0,,1476,Y,Y,Y,1,10,2,32,Wednesday,False,False,False,Singapore Changi Airport,SIN
Yangon International Airport,RGN,2024-07-04 11:25,Kuala Lumpur International Airport,KUL,2024-07-04 15:50,175,Malaysia Airlines,Business Class,320,70.0,,365,Y,Y,Y,1,8,2,23,Thursday,False,False,False,Singapore Changi Airport,SIN
Yangon International Airport,RGN,2024-07-04 10:35,Singapore Changi Airport,SIN,2024-07-04 15:20,195,Singapore Airlines,Business Class,195,,,412,Y,Y,Y,1,7,1,25,Thursday,False,False,False,Singapore Changi Airport,SIN
Yangon International Airport,RGN,2024-07-04 07:30,Singapore Changi Airport,SIN,2024-07-04 12:00,180,Myanmar National Airlines,Business Class,180,,,475,Y,Y,Y,1,7,1,40,Thursday,False,False,False,Singapore Changi Airport,SIN
Yangon International Airport,RGN,2024-07-04 15:10,Kunming Changshui International Airport,KMG,2024-07-04 18:40,120,China Eastern,Business Class,1120,760.0,True,792,Y,Y,Y,1,10,2,32,Thursday,False,False,False,Singapore Changi Airport,SIN
Yangon International Airport,RGN,2024-07-05 10:35,Singapore Changi Airport,SIN,2024-07-05 15:20,195,Singapore Airlines,Business Class,195,,,412,Y,Y,Y,1,7,1,25,Friday,False,False,False,Singapore Changi Airport,SIN
Yangon International Airport,RGN,2024-07-05 07:30,Singapore Changi Airport,SIN,2024-07-05 12:00,180,Myanmar National Airlines,Business Class,180,,,475,Y,Y,Y,1,7,1,40,Friday,False,False,False,Singapore Changi Airport,SIN
Yangon International Airport,RGN,2024-07-05 15:10,Kunming Changshui International Airport,KMG,2024-07-05 18:40,120,China Eastern,Business Class,1140,780.0,True,1139,Y,Y,Y,1,10,2,32,Friday,False,False,False,Singapore Changi Airport,SIN
Yangon International Airport,RGN,2024-07-05 11:25,Guangzhou Baiyun International Airport,CAN,2024-07-05 16:15,200,China Southern,Business Class,850,420.0,,1210,Y,Y,Y,1,10,2,32,Friday,False,False,False,Singapore Changi Airport,SIN
Yangon International Airport,RGN,2024-07-05 11:25,Guangzhou Baiyun International Airport,CAN,2024-07-05 16:15,200,China Southern,Business Class,595,155.0,,1476,Y,Y,Y,1,10,2,32,Friday,False,False,False,Singapore Changi Airport,SIN
Yangon International Airport,RGN,2024-07-06 11:25,Kuala Lumpur International Airport,KUL,2024-07-06 15:50,175,Malaysia Airlines,Business Class,320,70.0,,365,Y,Y,Y,1,8,2,23,Saturday,False,False,False,Singapore Changi Airport,SIN
Yangon International Airport,RGN,2024-07-06 07:30,Singapore Changi Airport,SIN,2024-07-06 12:00,180,Myanmar National Airlines,Business Class,180,,,475,Y,Y,Y,1,7,1,40,Saturday,False,False,False,Singapore Changi Airport,SIN
Yangon International Airport,RGN,2024-07-06 10:35,Singapore Changi Airport,SIN,2024-07-06 15:20,195,Singapore Airlines,Business Class,195,,,805,Y,Y,Y,1,7,1,25,Saturday,False,False,False,Singapore Changi Airport,SIN
Yangon International Airport,RGN,2024-07-06 15:10,Kunming Changshui International Airport,KMG,2024-07-06 18:40,120,China Eastern,Business Class,1120,760.0,True,792,Y,Y,Y,1,10,2,32,Saturday,False,False,False,Singapore Changi Airport,SIN
Yangon International Airport,RGN,2024-07-06 11:25,Guangzhou Baiyun International Airport,CAN,2024-07-06 16:00,185,China Southern,Business Class,595,170.0,,1210,Y,Y,Y,1,10,2,32,Saturday,False,False,False,Singapore Changi Airport,SIN
Yangon International Airport,RGN,2024-07-07 10:35,Singapore Changi Airport,SIN,2024-07-07 15:20,195,Singapore Airlines,Business Class,195,,,412,Y,Y,Y,1,7,1,25,Sunday,False,False,False,Singapore Changi Airport,SIN
Yangon International Airport,RGN,2024-07-07 07:30,Singapore Changi Airport,SIN,2024-07-07 12:00,180,Myanmar National Airlines,Business Class,180,,,475,Y,Y,Y,1,7,1,40,Sunday,False,False,False,Singapore Changi Airport,SIN
Yangon International Airport,RGN,2024-07-07 11:25,Kuala Lumpur International Airport,KUL,2024-07-07 15:50,175,Malaysia Airlines,Business Class,1280,1035.0,True,374,Y,Y,Y,1,8,2,23,Sunday,False,False,False,Singapore Changi Airport,SIN
Yangon International Airport,RGN,2024-07-07 15:10,Kunming Changshui International Airport,KMG,2024-07-07 18:40,120,China Eastern,Business Class,1130,780.0,True,917,Y,Y,Y,1,10,2,32,Sunday,False,False,False,Singapore Changi Airport,SIN
Yangon International Airport,RGN,2024-07-08 11:25,Kuala Lumpur International Airport,KUL,2024-07-08 15:50,175,Malaysia Airlines,Business Class,320,70.0,,365,Y,Y,Y,1,8,2,23,Monday,False,False,False,Singapore Changi Airport,SIN
Yangon International Airport,RGN,2024-07-08 10:35,Singapore Changi Airport,SIN,2024-07-08 15:20,195,Singapore Airlines,Business Class,195,,,412,Y,Y,Y,1,7,1,25,Monday,False,False,False,Singapore Changi Airport,SIN
Yangon International Airport,RGN,2024-07-08 07:30,Singapore Changi Airport,SIN,2024-07-08 12:00,180,Myanmar National Airlines,Business Class,180,,,475,Y,Y,Y,1,7,1,40,Monday,False,False,False,Singapore Changi Airport,SIN
Yangon International Airport,RGN,2024-07-08 15:10,Kunming Changshui International Airport,KMG,2024-07-08 18:40,120,China Eastern,Business Class,1120,760.0,True,917,Y,Y,Y,1,10,2,32,Monday,False,False,False,Singapore Changi Airport,SIN
Yangon International Airport,RGN,2024-07-08 11:25,Guangzhou Baiyun International Airport,CAN,2024-07-08 16:15,200,China Southern,Business Class,595,155.0,,1210,Y,Y,Y,1,10,2,32,Monday,False,False,False,Singapore Changi Airport,SIN
Yangon International Airport,RGN,2024-07-09 11:25,Kuala Lumpur International Airport,KUL,2024-07-09 15:50,175,Malaysia Airlines,Business Class,320,70.0,,365,Y,Y,Y,1,8,2,23,Tuesday,False,False,False,Singapore Changi Airport,SIN
Yangon International Airport,RGN,2024-07-09 10:35,Singapore Changi Airport,SIN,2024-07-09 15:20,195,Singapore Airlines,Business Class,195,,,412,Y,Y,Y,1,7,1,25,Tuesday,False,False,False,Singapore Changi Airport,SIN
Yangon International Airport,RGN,2024-07-09 07:30,Singapore Changi Airport,SIN,2024-07-09 12:00,180,Myanmar National Airlines,Business Class,180,,,475,Y,Y,Y,1,7,1,40,Tuesday,False,False,False,Singapore Changi Airport,SIN
Yangon International Airport,RGN,2024-07-09 15:10,Kunming Changshui International Airport,KMG,2024-07-09 18:40,120,China Eastern,Business Class,1120,760.0,True,917,Y,Y,Y,1,10,2,32,Tuesday,False,False,False,Singapore Changi Airport,SIN
Yangon International Airport,RGN,2024-07-10 11:25,Kuala Lumpur International Airport,KUL,2024-07-10 15:50,175,Malaysia Airlines,Business Class,320,70.0,,365,Y,Y,Y,1,8,2,23,Wednesday,False,False,False,Singapore Changi Airport,SIN
Yangon International Airport,RGN,2024-07-10 07:30,Singapore Changi Airport,SIN,2024-07-10 12:00,180,Myanmar National Airlines,Business Class,180,,,475,Y,Y,Y,1,7,1,40,Wednesday,False,False,False,Singapore Changi Airport,SIN
Yangon International Airport,RGN,2024-07-10 10:35,Singapore Changi Airport,SIN,2024-07-10 15:20,195,Singapore Airlines,Business Class,195,,,1266,Y,Y,Y,1,7,1,25,Wednesday,False,False,False,Singapore Changi Airport,SIN
Yangon International Airport,RGN,2024-07-10 15:10,Kunming Changshui International Airport,KMG,2024-07-10 18:40,120,China Eastern,Business Class,1140,780.0,True,917,Y,Y,Y,1,10,2,32,Wednesday,False,False,False,Singapore Changi Airport,SIN
Yangon International Airport,RGN,2024-07-10 11:25,Guangzhou Baiyun International Airport,CAN,2024-07-10 16:15,200,China Southern,Business Class,595,155.0,,1476,Y,Y,Y,1,10,2,32,Wednesday,False,False,False,Singapore Changi Airport,SIN
Yangon International Airport,RGN,2024-07-11 11:25,Kuala Lumpur International Airport,KUL,2024-07-11 15:50,175,Malaysia Airlines,Business Class,320,70.0,,365,Y,Y,Y,1,8,2,23,Thursday,False,False,False,Singapore Changi Airport,SIN
Yangon International Airport,RGN,2024-07-11 10:35,Singapore Changi Airport,SIN,2024-07-11 15:20,195,Singapore Airlines,Business Class,195,,,412,Y,Y,Y,1,7,1,25,Thursday,False,False,False,Singapore Changi Airport,SIN
Yangon International Airport,RGN,2024-07-11 07:30,Singapore Changi Airport,SIN,2024-07-11 12:00,180,Myanmar National Airlines,Business Class,180,,,475,Y,Y,Y,1,7,1,40,Thursday,False,False,False,Singapore Changi Airport,SIN
Yangon International Airport,RGN,2024-07-11 15:10,Kunming Changshui International Airport,KMG,2024-07-11 18:40,120,China Eastern,Business Class,1120,760.0,True,1047,Y,Y,Y,1,10,2,32,Thursday,False,False,False,Singapore Changi Airport,SIN
Yangon International Airport,RGN,2024-07-12 11:25,Kuala Lumpur International Airport,KUL,2024-07-12 15:50,175,Malaysia Airlines,Business Class,320,70.0,,365,Y,Y,Y,1,8,2,23,Friday,False,False,False,Singapore Changi Airport,SIN
Yangon International Airport,RGN,2024-07-12 10:35,Singapore Changi Airport,SIN,2024-07-12 15:20,195,Singapore Airlines,Business Class,195,,,412,Y,Y,Y,1,7,1,25,Friday,False,False,False,Singapore Changi Airport,SIN
Yangon International Airport,RGN,2024-07-12 07:30,Singapore Changi Airport,SIN,2024-07-12 12:00,180,Myanmar National Airlines,Business Class,180,,,475,Y,Y,Y,1,7,1,40,Friday,False,False,False,Singapore Changi Airport,SIN
Yangon International Airport,RGN,2024-07-12 15:10,Kunming Changshui International Airport,KMG,2024-07-12 18:40,120,China Eastern,Business Class,1140,780.0,True,1047,Y,Y,Y,1,10,2,32,Friday,False,False,False,Singapore Changi Airport,SIN
Yangon International Airport,RGN,2024-07-12 11:25,Guangzhou Baiyun International Airport,CAN,2024-07-12 16:15,200,China Southern,Business Class,595,155.0,,1210,Y,Y,Y,1,10,2,32,Friday,False,False,False,Singapore Changi Airport,SIN
Yangon International Airport,RGN,2024-07-13 11:25,Kuala Lumpur International Airport,KUL,2024-07-13 15:50,175,Malaysia Airlines,Business Class,320,70.0,,365,Y,Y,Y,1,8,2,23,Saturday,False,False,False,Singapore Changi Airport,SIN
Yangon International Airport,RGN,2024-07-13 07:30,Singapore Changi Airport,SIN,2024-07-13 12:00,180,Myanmar National Airlines,Business Class,180,,,475,Y,Y,Y,1,7,1,40,Saturday,False,False,False,Singapore Changi Airport,SIN
Yangon International Airport,RGN,2024-07-13 10:35,Singapore Changi Airport,SIN,2024-07-13 15:20,195,Singapore Airlines,Business Class,195,,,656,Y,Y,Y,1,7,1,25,Saturday,False,False,False,Singapore Changi Airport,SIN
Yangon International Airport,RGN,2024-07-13 15:10,Kunming Changshui International Airport,KMG,2024-07-13 18:40,120,China Eastern,Business Class,1120,760.0,True,1047,Y,Y,Y,1,10,2,32,Saturday,False,False,False,Singapore Changi Airport,SIN
Yangon International Airport,RGN,2024-07-13 11:25,Guangzhou Baiyun International Airport,CAN,2024-07-13 16:00,185,China Southern,Business Class,595,170.0,,1210,Y,Y,Y,1,10,2,32,Saturday,False,False,False,Singapore Changi Airport,SIN
Yangon International Airport,RGN,2024-07-14 10:35,Singapore Changi Airport,SIN,2024-07-14 15:20,195,Singapore Airlines,Business Class,195,,,412,Y,Y,Y,1,7,1,25,Sunday,False,False,False,Singapore Changi Airport,SIN
Yangon International Airport,RGN,2024-07-14 07:30,Singapore Changi Airport,SIN,2024-07-14 12:00,180,Myanmar National Airlines,Business Class,180,,,475,Y,Y,Y,1,7,1,40,Sunday,False,False,False,Singapore Changi Airport,SIN
Yangon International Airport,RGN,2024-07-14 11:25,Kuala Lumpur International Airport,KUL,2024-07-14 15:50,175,Malaysia Airlines,Business Class,675,435.0,,365,Y,Y,Y,1,8,2,23,Sunday,False,False,False,Singapore Changi Airport,SIN
Yangon International Airport,RGN,2024-07-14 15:10,Kunming Changshui International Airport,KMG,2024-07-14 18:40,120,China Eastern,Business Class,1130,780.0,True,1047,Y,Y,Y,1,10,2,32,Sunday,False,False,False,Singapore Changi Airport,SIN
Yangon International Airport,RGN,2024-07-15 11:25,Kuala Lumpur International Airport,KUL,2024-07-15 15:50,175,Malaysia Airlines,Business Class,320,70.0,,365,Y,Y,Y,1,8,2,23,Monday,False,False,False,Singapore Changi Airport,SIN
Yangon International Airport,RGN,2024-07-15 07:30,Singapore Changi Airport,SIN,2024-07-15 12:00,180,Myanmar National Airlines,Business Class,180,,,475,Y,Y,Y,1,7,1,40,Monday,False,False,False,Singapore Changi Airport,SIN
Yangon International Airport,RGN,2024-07-15 10:35,Singapore Changi Airport,SIN,2024-07-15 15:20,195,Singapore Airlines,Business Class,195,,,1000,Y,Y,Y,1,7,1,25,Monday,False,False,False,Singapore Changi Airport,SIN
Yangon International Airport,RGN,2024-07-15 15:10,Kunming Changshui International Airport,KMG,2024-07-15 18:40,120,China Eastern,Business Class,1120,760.0,True,1047,Y,Y,Y,1,10,2,32,Monday,False,False,False,Singapore Changi Airport,SIN
Yangon International Airport,RGN,2024-07-15 11:25,Guangzhou Baiyun International Airport,CAN,2024-07-15 16:15,200,China Southern,Business Class,595,155.0,,1210,Y,Y,Y,1,10,2,32,Monday,False,False,False,Singapore Changi Airport,SIN
Yangon International Airport,RGN,2024-07-16 11:25,Kuala Lumpur International Airport,KUL,2024-07-16 15:50,175,Malaysia Airlines,Business Class,320,70.0,,365,Y,Y,Y,1,8,2,23,Tuesday,False,False,False,Singapore Changi Airport,SIN
Yangon International Airport,RGN,2024-07-16 10:35,Singapore Changi Airport,SIN,2024-07-16 15:20,195,Singapore Airlines,Business Class,195,,,412,Y,Y,Y,1,7,1,25,Tuesday,False,False,False,Singapore Changi Airport,SIN
Yangon International Airport,RGN,2024-07-16 07:30,Singapore Changi Airport,SIN,2024-07-16 12:00,180,Myanmar National Airlines,Business Class,180,,,475,Y,Y,Y,1,7,1,40,Tuesday,False,False,False,Singapore Changi Airport,SIN
Yangon International Airport,RGN,2024-07-16 15:10,Kunming Changshui International Airport,KMG,2024-07-16 18:40,120,China Eastern,Business Class,1120,760.0,True,1047,Y,Y,Y,1,10,2,32,Tuesday,False,False,False,Singapore Changi Airport,SIN
Yangon International Airport,RGN,2024-07-17 11:25,Kuala Lumpur International Airport,KUL,2024-07-17 15:50,175,Malaysia Airlines,Business Class,675,435.0,,365,Y,Y,Y,1,8,2,23,Wednesday,False,False,False,Singapore Changi Airport,SIN
Yangon International Airport,RGN,2024-07-17 07:30,Singapore Changi Airport,SIN,2024-07-17 12:00,180,Myanmar National Airlines,Business Class,180,,,475,Y,Y,Y,1,7,1,40,Wednesday,False,False,False,Singapore Changi Airport,SIN
Yangon International Airport,RGN,2024-07-17 10:35,Singapore Changi Airport,SIN,2024-07-17 15:20,195,Singapore Airlines,Business Class,195,,,656,Y,Y,Y,1,7,1,25,Wednesday,False,False,False,Singapore Changi Airport,SIN
Yangon International Airport,RGN,2024-07-17 15:10,Kunming Changshui International Airport,KMG,2024-07-17 18:40,120,China Eastern,Business Class,1140,780.0,True,1047,Y,Y,Y,1,10,2,32,Wednesday,False,False,False,Singapore Changi Airport,SIN
Yangon International Airport,RGN,2024-07-17 11:25,Guangzhou Baiyun International Airport,CAN,2024-07-17 16:15,200,China Southern,Business Class,595,155.0,,1210,Y,Y,Y,1,10,2,32,Wednesday,False,False,False,Singapore Changi Airport,SIN
Yangon International Airport,RGN,2024-07-18 11:25,Kuala Lumpur International Airport,KUL,2024-07-18 15:50,175,Malaysia Airlines,Business Class,675,435.0,,365,Y,Y,Y,1,8,2,23,Thursday,False,False,False,Singapore Changi Airport,SIN
Yangon International Airport,RGN,2024-07-18 10:35,Singapore Changi Airport,SIN,2024-07-18 15:20,195,Singapore Airlines,Business Class,195,,,412,Y,Y,Y,1,7,1,25,Thursday,False,False,False,Singapore Changi Airport,SIN
Yangon International Airport,RGN,2024-07-18 07:30,Singapore Changi Airport,SIN,2024-07-18 12:00,180,Myanmar National Airlines,Business Class,180,,,475,Y,Y,Y,1,7,1,40,Thursday,False,False,False,Singapore Changi Airport,SIN
Yangon International Airport,RGN,2024-07-18 15:10,Kunming Changshui International Airport,KMG,2024-07-18 18:40,120,China Eastern,Business Class,1120,760.0,True,1047,Y,Y,Y,1,10,2,32,Thursday,False,False,False,Singapore Changi Airport,SIN
Yangon International Airport,RGN,2024-07-19 11:25,Kuala Lumpur International Airport,KUL,2024-07-19 15:50,175,Malaysia Airlines,Business Class,450,200.0,,365,Y,Y,Y,1,8,2,23,Friday,False,True,False,Singapore Changi Airport,SIN
Yangon International Airport,RGN,2024-07-19 07:30,Singapore Changi Airport,SIN,2024-07-19 12:00,180,Myanmar National Airlines,Business Class,180,,,475,Y,Y,Y,1,7,1,40,Friday,False,True,False,Singapore Changi Airport,SIN
Yangon International Airport,RGN,2024-07-19 10:35,Singapore Changi Airport,SIN,2024-07-19 15:20,195,Singapore Airlines,Business Class,195,,,805,Y,Y,Y,1,7,1,25,Friday,False,True,False,Singapore Changi Airport,SIN
Yangon International Airport,RGN,2024-07-19 15:10,Kunming Changshui International Airport,KMG,2024-07-19 18:40,120,China Eastern,Business Class,1140,780.0,True,823,Y,Y,Y,1,10,2,32,Friday,False,True,False,Singapore Changi Airport,SIN
Yangon International Airport,RGN,2024-07-19 11:25,Guangzhou Baiyun International Airport,CAN,2024-07-19 16:15,200,China Southern,Business Class,595,155.0,,1210,Y,Y,Y,1,10,2,32,Friday,False,True,False,Singapore Changi Airport,SIN
Yangon International Airport,RGN,2024-07-20 11:25,Kuala Lumpur International Airport,KUL,2024-07-20 15:50,175,Malaysia Airlines,Business Class,320,70.0,,365,Y,Y,Y,1,8,2,23,Saturday,False,True,False,Singapore Changi Airport,SIN
Yangon International Airport,RGN,2024-07-20 07:30,Singapore Changi Airport,SIN,2024-07-20 12:00,180,Myanmar National Airlines,Business Class,180,,,475,Y,Y,Y,1,7,1,40,Saturday,False,True,False,Singapore Changi Airport,SIN
Yangon International Airport,RGN,2024-07-20 10:35,Singapore Changi Airport,SIN,2024-07-20 15:20,195,Singapore Airlines,Business Class,195,,,656,Y,Y,Y,1,7,1,25,Saturday,False,True,False,Singapore Changi Airport,SIN
Yangon International Airport,RGN,2024-07-20 15:10,Kunming Changshui International Airport,KMG,2024-07-20 18:40,120,China Eastern,Business Class,1120,760.0,True,1139,Y,Y,Y,1,10,2,32,Saturday,False,True,False,Singapore Changi Airport,SIN
Yangon International Airport,RGN,2024-07-20 11:25,Guangzhou Baiyun International Airport,CAN,2024-07-20 16:00,185,China Southern,Business Class,850,435.0,,1210,Y,Y,Y,1,10,2,32,Saturday,False,True,False,Singapore Changi Airport,SIN
Yangon International Airport,RGN,2024-07-20 11:25,Guangzhou Baiyun International Airport,CAN,2024-07-20 16:00,185,China Southern,Business Class,595,170.0,,1476,Y,Y,Y,1,10,2,32,Saturday,False,True,False,Singapore Changi Airport,SIN
Yangon International Airport,RGN,2024-07-21 10:35,Singapore Changi Airport,SIN,2024-07-21 15:20,195,Singapore Airlines,Business Class,195,,,412,Y,Y,Y,1,7,1,25,Sunday,False,False,False,Singapore Changi Airport,SIN
Yangon International Airport,RGN,2024-07-21 07:30,Singapore Changi Airport,SIN,2024-07-21 12:00,180,Myanmar National Airlines,Business Class,180,,,475,Y,Y,Y,1,7,1,40,Sunday,False,False,False,Singapore Changi Airport,SIN
Yangon International Airport,RGN,2024-07-21 11:25,Kuala Lumpur International Airport,KUL,2024-07-21 15:50,175,Malaysia Airlines,Business Class,675,435.0,,365,Y,Y,Y,1,8,2,23,Sunday,False,False,False,Singapore Changi Airport,SIN
Yangon International Airport,RGN,2024-07-21 15:10,Kunming Changshui International Airport,KMG,2024-07-21 18:40,120,China Eastern,Business Class,1130,780.0,True,823,Y,Y,Y,1,10,2,32,Sunday,False,False,False,Singapore Changi Airport,SIN
Yangon International Airport,RGN,2024-07-22 11:25,Kuala Lumpur International Airport,KUL,2024-07-22 15:50,175,Malaysia Airlines,Business Class,320,70.0,,365,Y,Y,Y,1,8,2,23,Monday,False,False,False,Singapore Changi Airport,SIN
Yangon International Airport,RGN,2024-07-22 10:35,Singapore Changi Airport,SIN,2024-07-22 15:20,195,Singapore Airlines,Business Class,195,,,412,Y,Y,Y,1,7,1,25,Monday,False,False,False,Singapore Changi Airport,SIN
Yangon International Airport,RGN,2024-07-22 07:30,Singapore Changi Airport,SIN,2024-07-22 12:00,180,Myanmar National Airlines,Business Class,180,,,475,Y,Y,Y,1,7,1,40,Monday,False,False,False,Singapore Changi Airport,SIN
Yangon International Airport,RGN,2024-07-22 15:10,Kunming Changshui International Airport,KMG,2024-07-22 18:40,120,China Eastern,Business Class,1120,760.0,True,823,Y,Y,Y,1,10,2,32,Monday,False,False,False,Singapore Changi Airport,SIN
Yangon International Airport,RGN,2024-07-22 11:25,Guangzhou Baiyun International Airport,CAN,2024-07-22 16:15,200,China Southern,Business Class,595,155.0,,1210,Y,Y,Y,1,10,2,32,Monday,False,False,False,Singapore Changi Airport,SIN
Yangon International Airport,RGN,2024-07-23 11:25,Kuala Lumpur International Airport,KUL,2024-07-23 15:50,175,Malaysia Airlines,Business Class,320,70.0,,365,Y,Y,Y,1,8,2,23,Tuesday,False,False,False,Singapore Changi Airport,SIN
Yangon International Airport,RGN,2024-07-23 10:35,Singapore Changi Airport,SIN,2024-07-23 15:20,195,Singapore Airlines,Business Class,195,,,412,Y,Y,Y,1,7,1,25,Tuesday,False,False,False,Singapore Changi Airport,SIN
Yangon International Airport,RGN,2024-07-23 07:30,Singapore Changi Airport,SIN,2024-07-23 12:00,180,Myanmar National Airlines,Business Class,180,,,475,Y,Y,Y,1,7,1,40,Tuesday,False,False,False,Singapore Changi Airport,SIN
Yangon International Airport,RGN,2024-07-23 15:10,Kunming Changshui International Airport,KMG,2024-07-23 18:40,120,China Eastern,Business Class,1120,760.0,True,823,Y,Y,Y,1,10,2,32,Tuesday,False,False,False,Singapore Changi Airport,SIN
Yangon International Airport,RGN,2024-07-24 11:25,Kuala Lumpur International Airport,KUL,2024-07-24 15:50,175,Malaysia Airlines,Business Class,320,70.0,,365,Y,Y,Y,1,8,2,23,Wednesday,False,False,False,Singapore Changi Airport,SIN
Yangon International Airport,RGN,2024-07-24 10:35,Singapore Changi Airport,SIN,2024-07-24 15:20,195,Singapore Airlines,Business Class,195,,,412,Y,Y,Y,1,7,1,25,Wednesday,False,False,False,Singapore Changi Airport,SIN
Yangon International Airport,RGN,2024-07-24 07:30,Singapore Changi Airport,SIN,2024-07-24 12:00,180,Myanmar National Airlines,Business Class,180,,,475,Y,Y,Y,1,7,1,40,Wednesday,False,False,False,Singapore Changi Airport,SIN
Yangon International Airport,RGN,2024-07-24 15:10,Kunming Changshui International Airport,KMG,2024-07-24 18:40,120,China Eastern,Business Class,1140,780.0,True,1139,Y,Y,Y,1,10,2,32,Wednesday,False,False,False,Singapore Changi Airport,SIN
Yangon International Airport,RGN,2024-07-24 11:25,Guangzhou Baiyun International Airport,CAN,2024-07-24 16:15,200,China Southern,Business Class,595,155.0,,1476,Y,Y,Y,1,10,2,32,Wednesday,False,False,False,Singapore Changi Airport,SIN
Yangon International Airport,RGN,2024-07-25 11:25,Kuala Lumpur International Airport,KUL,2024-07-25 15:50,175,Malaysia Airlines,Business Class,320,70.0,,365,Y,Y,Y,1,8,2,23,Thursday,False,False,False,Singapore Changi Airport,SIN
Yangon International Airport,RGN,2024-07-25 10:35,Singapore Changi Airport,SIN,2024-07-25 15:20,195,Singapore Airlines,Business Class,195,,,412,Y,Y,Y,1,7,1,25,Thursday,False,False,False,Singapore Changi Airport,SIN
Yangon International Airport,RGN,2024-07-25 07:30,Singapore Changi Airport,SIN,2024-07-25 12:00,180,Myanmar National Airlines,Business Class,180,,,475,Y,Y,Y,1,7,1,40,Thursday,False,False,False,Singapore Changi Airport,SIN
Yangon International Airport,RGN,2024-07-25 15:10,Kunming Changshui International Airport,KMG,2024-07-25 18:40,120,China Eastern,Business Class,1120,760.0,True,823,Y,Y,Y,1,10,2,32,Thursday,False,False,False,Singapore Changi Airport,SIN
Yangon International Airport,RGN,2024-07-26 11:25,Kuala Lumpur International Airport,KUL,2024-07-26 15:50,175,Malaysia Airlines,Business Class,320,70.0,,365,Y,Y,Y,1,8,2,23,Friday,False,False,False,Singapore Changi Airport,SIN
Yangon International Airport,RGN,2024-07-26 10:35,Singapore Changi Airport,SIN,2024-07-26 15:20,195,Singapore Airlines,Business Class,195,,,412,Y,Y,Y,1,7,1,25,Friday,False,False,False,Singapore Changi Airport,SIN
Yangon International Airport,RGN,2024-07-26 07:30,Singapore Changi Airport,SIN,2024-07-26 12:00,180,Myanmar National Airlines,Business Class,180,,,475,Y,Y,Y,1,7,1,40,Friday,False,False,False,Singapore Changi Airport,SIN
Yangon International Airport,RGN,2024-07-26 15:10,Kunming Changshui International Airport,KMG,2024-07-26 18:40,120,China Eastern,Business Class,1140,780.0,True,823,Y,Y,Y,1,10,2,32,Friday,False,False,False,Singapore Changi Airport,SIN
Yangon International Airport,RGN,2024-07-26 11:25,Guangzhou Baiyun International Airport,CAN,2024-07-26 16:15,200,China Southern,Business Class,595,155.0,,1210,Y,Y,Y,1,10,2,32,Friday,False,False,False,Singapore Changi Airport,SIN
Yangon International Airport,RGN,2024-07-27 11:25,Kuala Lumpur International Airport,KUL,2024-07-27 15:50,175,Malaysia Airlines,Business Class,320,70.0,,365,Y,Y,Y,1,8,2,23,Saturday,False,False,False,Singapore Changi Airport,SIN
Yangon International Airport,RGN,2024-07-27 07:30,Singapore Changi Airport,SIN,2024-07-27 12:00,180,Myanmar National Airlines,Business Class,180,,,475,Y,Y,Y,1,7,1,40,Saturday,False,False,False,Singapore Changi Airport,SIN
Yangon International Airport,RGN,2024-07-27 10:35,Singapore Changi Airport,SIN,2024-07-27 15:20,195,Singapore Airlines,Business Class,195,,,805,Y,Y,Y,1,7,1,25,Saturday,False,False,False,Singapore Changi Airport,SIN
Yangon International Airport,RGN,2024-07-27 15:10,Kunming Changshui International Airport,KMG,2024-07-27 18:40,120,China Eastern,Business Class,1120,760.0,True,823,Y,Y,Y,1,10,2,32,Saturday,False,False,False,Singapore Changi Airport,SIN
Yangon International Airport,RGN,2024-07-27 11:25,Guangzhou Baiyun International Airport,CAN,2024-07-27 16:00,185,China Southern,Business Class,595,170.0,,1210,Y,Y,Y,1,10,2,32,Saturday,False,False,False,Singapore Changi Airport,SIN
Yangon International Airport,RGN,2024-07-28 11:25,Kuala Lumpur International Airport,KUL,2024-07-28 15:50,175,Malaysia Airlines,Business Class,320,70.0,,365,Y,Y,Y,1,8,2,23,Sunday,False,False,False,Singapore Changi Airport,SIN
Yangon International Airport,RGN,2024-07-28 10:35,Singapore Changi Airport,SIN,2024-07-28 15:20,195,Singapore Airlines,Business Class,195,,,412,Y,Y,Y,1,7,1,25,Sunday,False,False,False,Singapore Changi Airport,SIN
Yangon International Airport,RGN,2024-07-28 07:30,Singapore Changi Airport,SIN,2024-07-28 12:00,180,Myanmar National Airlines,Business Class,180,,,475,Y,Y,Y,1,7,1,40,Sunday,False,False,False,Singapore Changi Airport,SIN
Yangon International Airport,RGN,2024-07-28 15:10,Kunming Changshui International Airport,KMG,2024-07-28 18:40,120,China Eastern,Business Class,1130,780.0,True,823,Y,Y,Y,1,10,2,32,Sunday,False,False,False,Singapore Changi Airport,SIN
Yangon International Airport,RGN,2024-07-29 11:25,Kuala Lumpur International Airport,KUL,2024-07-29 15:50,175,Malaysia Airlines,Business Class,675,435.0,,365,Y,Y,Y,1,8,2,23,Monday,False,False,False,Singapore Changi Airport,SIN
Yangon International Airport,RGN,2024-07-29 10:35,Singapore Changi Airport,SIN,2024-07-29 15:20,195,Singapore Airlines,Business Class,195,,,412,Y,Y,Y,1,7,1,25,Monday,False,False,False,Singapore Changi Airport,SIN
Yangon International Airport,RGN,2024-07-29 07:30,Singapore Changi Airport,SIN,2024-07-29 12:00,180,Myanmar National Airlines,Business Class,180,,,475,Y,Y,Y,1,7,1,40,Monday,False,False,False,Singapore Changi Airport,SIN
Yangon International Airport,RGN,2024-07-29 15:10,Kunming Changshui International Airport,KMG,2024-07-29 18:40,120,China Eastern,Business Class,1120,760.0,True,823,Y,Y,Y,1,10,2,32,Monday,False,False,False,Singapore Changi Airport,SIN
Yangon International Airport,RGN,2024-07-29 11:25,Guangzhou Baiyun International Airport,CAN,2024-07-29 16:15,200,China Southern,Business Class,595,155.0,,1210,Y,Y,Y,1,10,2,32,Monday,False,False,False,Singapore Changi Airport,SIN
Yangon International Airport,RGN,2024-07-30 11:25,Kuala Lumpur International Airport,KUL,2024-07-30 15:50,175,Malaysia Airlines,Business Class,320,70.0,,365,Y,Y,Y,1,8,2,23,Tuesday,False,False,False,Singapore Changi Airport,SIN
Yangon International Airport,RGN,2024-07-30 10:35,Singapore Changi Airport,SIN,2024-07-30 15:20,195,Singapore Airlines,Business Class,195,,,412,Y,Y,Y,1,7,1,25,Tuesday,False,False,False,Singapore Changi Airport,SIN
Yangon International Airport,RGN,2024-07-30 07:30,Singapore Changi Airport,SIN,2024-07-30 12:00,180,Myanmar National Airlines,Business Class,180,,,475,Y,Y,Y,1,7,1,40,Tuesday,False,False,False,Singapore Changi Airport,SIN
Yangon International Airport,RGN,2024-07-30 15:10,Kunming Changshui International Airport,KMG,2024-07-30 18:40,120,China Eastern,Business Class,1120,760.0,True,1139,Y,Y,Y,1,10,2,32,Tuesday,False,False,False,Singapore Changi Airport,SIN
Yangon International Airport,RGN,2024-07-31 11:25,Kuala Lumpur International Airport,KUL,2024-07-31 15:50,175,Malaysia Airlines,Business Class,675,435.0,,365,Y,Y,Y,1,8,2,23,Wednesday,False,False,False,Singapore Changi Airport,SIN
Yangon International Airport,RGN,2024-07-31 10:35,Singapore Changi Airport,SIN,2024-07-31 15:20,195,Singapore Airlines,Business Class,195,,,412,Y,Y,Y,1,7,1,25,Wednesday,False,False,False,Singapore Changi Airport,SIN
Yangon International Airport,RGN,2024-07-31 07:30,Singapore Changi Airport,SIN,2024-07-31 12:00,180,Myanmar National Airlines,Business Class,180,,,475,Y,Y,Y,1,7,1,40,Wednesday,False,False,False,Singapore Changi Airport,SIN
Yangon International Airport,RGN,2024-07-31 15:10,Kunming Changshui International Airport,KMG,2024-07-31 18:40,120,China Eastern,Business Class,1140,780.0,True,1139,Y,Y,Y,1,10,2,32,Wednesday,False,False,False,Singapore Changi Airport,SIN
Yangon International Airport,RGN,2024-07-31 11:25,Guangzhou Baiyun International Airport,CAN,2024-07-31 16:15,200,China Southern,Business Class,850,420.0,,1210,Y,Y,Y,1,10,2,32,Wednesday,False,False,False,Singapore Changi Airport,SIN
Yangon International Airport,RGN,2024-07-31 11:25,Guangzhou Baiyun International Airport,CAN,2024-07-31 16:15,200,China Southern,Business Class,595,155.0,,1476,Y,Y,Y,1,10,2,32,Wednesday,False,False,False,Singapore Changi Airport,SIN
Yangon International Airport,RGN,2024-08-01 11:25,Kuala Lumpur International Airport,KUL,2024-08-01 15:50,175,Malaysia Airlines,Business Class,320,70.0,,301,Y,Y,Y,1,8,2,23,Thursday,False,False,False,Singapore Changi Airport,SIN
Yangon International Airport,RGN,2024-08-01 07:30,Singapore Changi Airport,SIN,2024-08-01 12:00,180,Myanmar National Airlines,Business Class,180,,,387,Y,Y,Y,1,7,1,40,Thursday,False,False,False,Singapore Changi Airport,SIN
Yangon International Airport,RGN,2024-08-01 10:35,Singapore Changi Airport,SIN,2024-08-01 15:20,195,Singapore Airlines,Business Class,195,,,655,Y,Y,Y,1,7,1,25,Thursday,False,False,False,Singapore Changi Airport,SIN
Yangon International Airport,RGN,2024-08-01 11:25,Kuala Lumpur International Airport,KUL,2024-08-01 15:50,175,Malaysia Airlines,Business Class,535,290.0,,355,Y,Y,Y,1,8,2,23,Thursday,False,False,False,Singapore Changi Airport,SIN
Yangon International Airport,RGN,2024-08-01 15:10,Kunming Changshui International Airport,KMG,2024-08-01 18:40,120,China Eastern,Business Class,1120,760.0,True,651,Y,Y,Y,1,10,2,32,Thursday,False,False,False,Singapore Changi Airport,SIN
Yangon International Airport,RGN,2024-08-02 11:25,Kuala Lumpur International Airport,KUL,2024-08-02 15:50,175,Malaysia Airlines,Business Class,320,70.0,,301,Y,Y,Y,1,8,2,23,Friday,False,False,False,Singapore Changi Airport,SIN
Yangon International Airport,RGN,2024-08-02 07:30,Singapore Changi Airport,SIN,2024-08-02 12:00,180,Myanmar National Airlines,Business Class,180,,,387,Y,Y,Y,1,7,1,40,Friday,False,False,False,Singapore Changi Airport,SIN
Yangon International Airport,RGN,2024-08-02 10:35,Singapore Changi Airport,SIN,2024-08-02 15:20,195,Singapore Airlines,Business Class,195,,,813,Y,Y,Y,1,7,1,25,Friday,False,False,False,Singapore Changi Airport,SIN
Yangon International Airport,RGN,2024-08-02 11:25,Kuala Lumpur International Airport,KUL,2024-08-02 15:50,175,Malaysia Airlines,Business Class,600,355.0,,335,Y,Y,Y,1,8,2,23,Friday,False,False,False,Singapore Changi Airport,SIN
Yangon International Airport,RGN,2024-08-02 11:25,Kuala Lumpur International Airport,KUL,2024-08-02 15:50,175,Malaysia Airlines,Business Class,535,290.0,,355,Y,Y,Y,1,8,2,23,Friday,False,False,False,Singapore Changi Airport,SIN
Yangon International Airport,RGN,2024-08-02 11:25,Guangzhou Baiyun International Airport,CAN,2024-08-02 16:15,200,China Southern,Business Class,595,155.0,,983,Y,Y,Y,1,10,2,32,Friday,False,False,False,Singapore Changi Airport,SIN
Yangon International Airport,RGN,2024-08-03 11:25,Kuala Lumpur International Airport,KUL,2024-08-03 15:50,175,Malaysia Airlines,Business Class,320,70.0,,301,Y,Y,Y,1,8,2,23,Saturday,False,False,False,Singapore Changi Airport,SIN
Yangon International Airport,RGN,2024-08-03 07:30,Singapore Changi Airport,SIN,2024-08-03 12:00,180,Myanmar National Airlines,Business Class,180,,,387,Y,Y,Y,1,7,1,40,Saturday,False,False,False,Singapore Changi Airport,SIN
Yangon International Airport,RGN,2024-08-03 11:25,Kuala Lumpur International Airport,KUL,2024-08-03 15:50,175,Malaysia Airlines,Business Class,560,310.0,,335,Y,Y,Y,1,8,2,23,Saturday,False,False,False,Singapore Changi Airport,SIN
Yangon International Airport,RGN,2024-08-03 10:35,Taiwan Taoyuan International Airport,TPE,2024-08-03 16:10,245,China Airlines,Business Class,755,235.0,,1070,Y,Y,Y,2,7,2,32,Saturday,False,False,False,Singapore Changi Airport,SIN
Yangon International Airport,RGN,2024-08-04 11:25,Kuala Lumpur International Airport,KUL,2024-08-04 15:50,175,Malaysia Airlines,Business Class,675,435.0,,301,Y,Y,Y,1,8,2,23,Sunday,False,False,False,Singapore Changi Airport,SIN
Yangon International Airport,RGN,2024-08-04 07:30,Singapore Changi Airport,SIN,2024-08-04 12:00,180,Myanmar National Airlines,Business Class,180,,,387,Y,Y,Y,1,7,1,40,Sunday,False,False,False,Singapore Changi Airport,SIN
Yangon International Airport,RGN,2024-08-04 10:35,Singapore Changi Airport,SIN,2024-08-04 15:20,195,Singapore Airlines,Business Class,195,,,534,Y,Y,Y,1,7,1,25,Sunday,False,False,False,Singapore Changi Airport,SIN
Yangon International Airport,RGN,2024-08-04 06:50,Kuala Lumpur International Airport,KUL,2024-08-04 11:05,165,MAI,Business Class,380,140.0,,592,Y,Y,Y,1,7,1,30,Sunday,False,False,False,Singapore Changi Airport,SIN
Yangon International Airport,RGN,2024-08-04 11:25,Kuala Lumpur International Airport,KUL,2024-08-04 15:50,175,Malaysia Airlines,Business Class,535,290.0,,555,Y,Y,Y,1,8,2,23,Sunday,False,False,False,Singapore Changi Airport,SIN
Yangon International Airport,RGN,2024-08-04 15:10,Kunming Changshui International Airport,KMG,2024-08-04 18:40,120,China Eastern,Business Class,1130,780.0,True,833,Y,Y,Y,1,10,2,32,Sunday,False,False,False,Singapore Changi Airport,SIN
Yangon International Airport,RGN,2024-08-05 07:30,Singapore Changi Airport,SIN,2024-08-05 12:00,180,Myanmar National Airlines,Business Class,180,,,387,Y,Y,Y,1,7,1,40,Monday,False,False,False,Singapore Changi Airport,SIN
Yangon International Airport,RGN,2024-08-05 11:25,Guangzhou Baiyun International Airport,CAN,2024-08-05 16:15,200,China Southern,Business Class,595,155.0,,1227,Y,Y,Y,1,10,2,32,Monday,False,False,False,Singapore Changi Airport,SIN
Yangon International Airport,RGN,2024-08-06 11:25,Kuala Lumpur International Airport,KUL,2024-08-06 15:50,175,Malaysia Airlines,Business Class,320,70.0,,301,Y,Y,Y,1,8,2,23,Tuesday,False,False,False,Singapore Changi Airport,SIN
Yangon International Airport,RGN,2024-08-06 10:35,Singapore Changi Airport,SIN,2024-08-06 15:20,195,Singapore Airlines,Business Class,195,,,335,Y,Y,Y,1,7,1,25,Tuesday,False,False,False,Singapore Changi Airport,SIN
Yangon International Airport,RGN,2024-08-06 07:30,Singapore Changi Airport,SIN,2024-08-06 12:00,180,Myanmar National Airlines,Business Class,180,,,387,Y,Y,Y,1,7,1,40,Tuesday,False,False,False,Singapore Changi Airport,SIN
Yangon International Airport,RGN,2024-08-06 11:25,Kuala Lumpur International Airport,KUL,2024-08-06 15:50,175,Malaysia Airlines,Business Class,535,290.0,,555,Y,Y,Y,1,8,2,23,Tuesday,False,False,False,Singapore Changi Airport,SIN
Yangon International Airport,RGN,2024-08-06 15:10,Kunming Changshui International Airport,KMG,2024-08-06 18:40,120,China Eastern,Business Class,1120,760.0,True,833,Y,Y,Y,1,10,2,32,Tuesday,False,False,False,Singapore Changi Airport,SIN
Yangon International Airport,RGN,2024-08-07 11:25,Kuala Lumpur International Airport,KUL,2024-08-07 15:50,175,Malaysia Airlines,Business Class,320,70.0,,301,Y,Y,Y,1,8,2,23,Wednesday,False,False,False,Singapore Changi Airport,SIN
Yangon International Airport,RGN,2024-08-07 10:35,Singapore Changi Airport,SIN,2024-08-07 15:20,195,Singapore Airlines,Business Class,195,,,335,Y,Y,Y,1,7,1,25,Wednesday,False,False,False,Singapore Changi Airport,SIN
Yangon International Airport,RGN,2024-08-07 07:30,Singapore Changi Airport,SIN,2024-08-07 12:00,180,Myanmar National Airlines,Business Class,180,,,387,Y,Y,Y,1,7,1,40,Wednesday,False,False,False,Singapore Changi Airport,SIN
Yangon International Airport,RGN,2024-08-07 11:25,Kuala Lumpur International Airport,KUL,2024-08-07 15:50,175,Malaysia Airlines,Business Class,600,355.0,,355,Y,Y,Y,1,8,2,23,Wednesday,False,False,False,Singapore Changi Airport,SIN
Yangon International Airport,RGN,2024-08-07 11:25,Kuala Lumpur International Airport,KUL,2024-08-07 15:50,175,Malaysia Airlines,Business Class,535,290.0,,555,Y,Y,Y,1,8,2,23,Wednesday,False,False,False,Singapore Changi Airport,SIN
Yangon International Airport,RGN,2024-08-07 11:25,Guangzhou Baiyun International Airport,CAN,2024-08-07 16:15,200,China Southern,Business Class,595,155.0,,1529,Y,Y,Y,1,10,2,32,Wednesday,False,False,False,Singapore Changi Airport,SIN
Yangon International Airport,RGN,2024-08-08 11:25,Kuala Lumpur International Airport,KUL,2024-08-08 15:50,175,Malaysia Airlines,Business Class,675,435.0,,301,Y,Y,Y,1,8,2,23,Thursday,False,False,False,Singapore Changi Airport,SIN
Yangon International Airport,RGN,2024-08-08 07:30,Singapore Changi Airport,SIN,2024-08-08 12:00,180,Myanmar National Airlines,Business Class,180,,,387,Y,Y,Y,1,7,1,40,Thursday,False,False,False,Singapore Changi Airport,SIN
Yangon International Airport,RGN,2024-08-08 10:35,Singapore Changi Airport,SIN,2024-08-08 15:20,195,Singapore Airlines,Business Class,195,,,534,Y,Y,Y,1,7,1,25,Thursday,False,False,False,Singapore Changi Airport,SIN
Yangon International Airport,RGN,2024-08-08 06:50,Kuala Lumpur International Airport,KUL,2024-08-08 11:05,165,MAI,Business Class,380,140.0,,592,Y,Y,Y,1,7,1,30,Thursday,False,False,False,Singapore Changi Airport,SIN
Yangon International Airport,RGN,2024-08-08 11:25,Kuala Lumpur International Airport,KUL,2024-08-08 15:50,175,Malaysia Airlines,Business Class,600,355.0,,355,Y,Y,Y,1,8,2,23,Thursday,False,False,False,Singapore Changi Airport,SIN
Yangon International Airport,RGN,2024-08-08 15:10,Kunming Changshui International Airport,KMG,2024-08-08 18:40,120,China Eastern,Business Class,1120,760.0,True,651,Y,Y,Y,1,10,2,32,Thursday,False,False,False,Singapore Changi Airport,SIN
Yangon International Airport,RGN,2024-08-09 10:35,Singapore Changi Airport,SIN,2024-08-09 15:20,195,Singapore Airlines,Business Class,195,,,335,Y,Y,Y,1,7,1,25,Friday,False,False,True,Singapore Changi Airport,SIN
Yangon International Airport,RGN,2024-08-09 07:30,Singapore Changi Airport,SIN,2024-08-09 12:00,180,Myanmar National Airlines,Business Class,180,,,387,Y,Y,Y,1,7,1,40,Friday,False,False,True,Singapore Changi Airport,SIN
Yangon International Airport,RGN,2024-08-09 11:25,Kuala Lumpur International Airport,KUL,2024-08-09 15:50,175,Malaysia Airlines,Business Class,675,435.0,,301,Y,Y,Y,1,8,2,23,Friday,False,False,True,Singapore Changi Airport,SIN
Yangon International Airport,RGN,2024-08-09 11:25,Kuala Lumpur International Airport,KUL,2024-08-09 15:50,175,Malaysia Airlines,Business Class,560,310.0,,355,Y,Y,Y,1,8,2,23,Friday,False,False,True,Singapore Changi Airport,SIN
Yangon International Airport,RGN,2024-08-09 06:50,Kuala Lumpur International Airport,KUL,2024-08-09 11:05,165,MAI,Business Class,380,140.0,,592,Y,Y,Y,1,7,1,30,Friday,False,False,True,Singapore Changi Airport,SIN
Yangon International Airport,RGN,2024-08-09 11:25,Guangzhou Baiyun International Airport,CAN,2024-08-09 16:15,200,China Southern,Business Class,595,155.0,,788,Y,Y,Y,1,10,2,32,Friday,False,False,True,Singapore Changi Airport,SIN
Yangon International Airport,RGN,2024-08-10 11:25,Kuala Lumpur International Airport,KUL,2024-08-10 15:50,175,Malaysia Airlines,Business Class,675,435.0,,301,Y,Y,Y,1,8,2,23,Saturday,False,False,False,Singapore Changi Airport,SIN
Yangon International Airport,RGN,2024-08-10 10:35,Singapore Changi Airport,SIN,2024-08-10 15:20,195,Singapore Airlines,Business Class,195,,,335,Y,Y,Y,1,7,1,25,Saturday,False,False,False,Singapore Changi Airport,SIN
Yangon International Airport,RGN,2024-08-10 07:30,Singapore Changi Airport,SIN,2024-08-10 12:00,180,Myanmar National Airlines,Business Class,180,,,387,Y,Y,Y,1,7,1,40,Saturday,False,False,False,Singapore Changi Airport,SIN
Yangon International Airport,RGN,2024-08-10 06:50,Kuala Lumpur International Airport,KUL,2024-08-10 11:05,165,MAI,Business Class,380,140.0,,592,Y,Y,Y,1,7,1,30,Saturday,False,False,False,Singapore Changi Airport,SIN
Yangon International Airport,RGN,2024-08-10 15:10,Kunming Changshui International Airport,KMG,2024-08-10 18:40,120,China Eastern,Business Class,1120,760.0,True,651,Y,Y,Y,1,10,2,32,Saturday,False,False,False,Singapore Changi Airport,SIN
Yangon International Airport,RGN,2024-08-10 11:25,Guangzhou Baiyun International Airport,CAN,2024-08-10 16:00,185,China Southern,Business Class,595,170.0,,1227,Y,Y,Y,1,10,2,32,Saturday,False,False,False,Singapore Changi Airport,SIN
Yangon International Airport,RGN,2024-08-11 07:30,Singapore Changi Airport,SIN,2024-08-11 12:00,180,Myanmar National Airlines,Business Class,180,,,387,Y,Y,Y,1,7,1,40,Sunday,False,False,False,Singapore Changi Airport,SIN
Yangon International Airport,RGN,2024-08-11 10:35,Singapore Changi Airport,SIN,2024-08-11 15:20,195,Singapore Airlines,Business Class,195,,,534,Y,Y,Y,1,7,1,25,Sunday,False,False,False,Singapore Changi Airport,SIN
Yangon International Airport,RGN,2024-08-11 06:50,Kuala Lumpur International Airport,KUL,2024-08-11 11:05,165,MAI,Business Class,380,140.0,,685,Y,Y,Y,1,7,1,30,Sunday,False,False,False,Singapore Changi Airport,SIN
Yangon International Airport,RGN,2024-08-11 11:25,Kuala Lumpur International Airport,KUL,2024-08-11 15:50,175,Malaysia Airlines,Business Class,1210,960.0,True,323,Y,Y,Y,1,8,2,23,Sunday,False,False,False,Singapore Changi Airport,SIN
Yangon International Airport,RGN,2024-08-11 11:25,Kuala Lumpur International Airport,KUL,2024-08-11 15:50,175,Malaysia Airlines,Business Class,560,310.0,,555,Y,Y,Y,1,8,2,23,Sunday,False,False,False,Singapore Changi Airport,SIN
Yangon International Airport,RGN,2024-08-11 15:10,Kunming Changshui International Airport,KMG,2024-08-11 18:40,120,China Eastern,Business Class,1130,780.0,True,651,Y,Y,Y,1,10,2,32,Sunday,False,False,False,Singapore Changi Airport,SIN
Yangon International Airport,RGN,2024-08-12 11:25,Kuala Lumpur International Airport,KUL,2024-08-12 15:50,175,Malaysia Airlines,Business Class,320,70.0,,301,Y,Y,Y,1,8,2,23,Monday,False,False,False,Singapore Changi Airport,SIN
Yangon International Airport,RGN,2024-08-12 10:35,Singapore Changi Airport,SIN,2024-08-12 15:20,195,Singapore Airlines,Business Class,195,,,335,Y,Y,Y,1,7,1,25,Monday,False,False,False,Singapore Changi Airport,SIN
Yangon International Airport,RGN,2024-08-12 07:30,Singapore Changi Airport,SIN,2024-08-12 12:00,180,Myanmar National Airlines,Business Class,180,,,387,Y,Y,Y,1,7,1,40,Monday,False,False,False,Singapore Changi Airport,SIN
Yangon International Airport,RGN,2024-08-12 11:25,Kuala Lumpur International Airport,KUL,2024-08-12 15:50,175,Malaysia Airlines,Business Class,535,290.0,,555,Y,Y,Y,1,8,2,23,Monday,False,False,False,Singapore Changi Airport,SIN
Yangon International Airport,RGN,2024-08-12 11:25,Guangzhou Baiyun International Airport,CAN,2024-08-12 16:15,200,China Southern,Business Class,595,155.0,,1227,Y,Y,Y,1,10,2,32,Monday,False,False,False,Singapore Changi Airport,SIN
Yangon International Airport,RGN,2024-08-13 11:25,Kuala Lumpur International Airport,KUL,2024-08-13 15:50,175,Malaysia Airlines,Business Class,320,70.0,,301,Y,Y,Y,1,8,2,23,Tuesday,False,False,False,Singapore Changi Airport,SIN
Yangon International Airport,RGN,2024-08-13 10:35,Singapore Changi Airport,SIN,2024-08-13 15:20,195,Singapore Airlines,Business Class,195,,,335,Y,Y,Y,1,7,1,25,Tuesday,False,False,False,Singapore Changi Airport,SIN
Yangon International Airport,RGN,2024-08-13 07:30,Singapore Changi Airport,SIN,2024-08-13 12:00,180,Myanmar National Airlines,Business Class,180,,,387,Y,Y,Y,1,7,1,40,Tuesday,False,False,False,Singapore Changi Airport,SIN
Yangon International Airport,RGN,2024-08-13 11:25,Kuala Lumpur International Airport,KUL,2024-08-13 15:50,175,Malaysia Airlines,Business Class,535,290.0,,555,Y,Y,Y,1,8,2,23,Tuesday,False,False,False,Singapore Changi Airport,SIN
Yangon International Airport,RGN,2024-08-13 15:10,Kunming Changshui International Airport,KMG,2024-08-13 18:40,120,China Eastern,Business Class,1120,760.0,True,651,Y,Y,Y,1,10,2,32,Tuesday,False,False,False,Singapore Changi Airport,SIN
Yangon International Airport,RGN,2024-08-14 11:25,Kuala Lumpur International Airport,KUL,2024-08-14 15:50,175,Malaysia Airlines,Business Class,320,70.0,,301,Y,Y,Y,1,8,2,23,Wednesday,False,False,False,Singapore Changi Airport,SIN
Yangon International Airport,RGN,2024-08-14 07:30,Singapore Changi Airport,SIN,2024-08-14 12:00,180,Myanmar National Airlines,Business Class,180,,,387,Y,Y,Y,1,7,1,40,Wednesday,False,False,False,Singapore Changi Airport,SIN
Yangon International Airport,RGN,2024-08-14 10:35,Singapore Changi Airport,SIN,2024-08-14 15:20,195,Singapore Airlines,Business Class,195,,,534,Y,Y,Y,1,7,1,25,Wednesday,False,False,False,Singapore Changi Airport,SIN
Yangon International Airport,RGN,2024-08-14 11:25,Kuala Lumpur International Airport,KUL,2024-08-14 15:50,175,Malaysia Airlines,Business Class,535,290.0,,555,Y,Y,Y,1,8,2,23,Wednesday,False,False,False,Singapore Changi Airport,SIN
Yangon International Airport,RGN,2024-08-14 15:10,Kunming Changshui International Airport,KMG,2024-08-14 18:40,120,China Eastern,Business Class,1140,780.0,True,651,Y,Y,Y,1,10,2,32,Wednesday,False,False,False,Singapore Changi Airport,SIN
Yangon International Airport,RGN,2024-08-14 11:25,Guangzhou Baiyun International Airport,CAN,2024-08-14 16:15,200,China Southern,Business Class,595,155.0,,1227,Y,Y,Y,1,10,2,32,Wednesday,False,False,False,Singapore Changi Airport,SIN
Yangon International Airport,RGN,2024-08-15 11:25,Kuala Lumpur International Airport,KUL,2024-08-15 15:50,175,Malaysia Airlines,Business Class,320,70.0,,301,Y,Y,Y,1,8,2,23,Thursday,False,False,False,Singapore Changi Airport,SIN
Yangon International Airport,RGN,2024-08-15 07:30,Singapore Changi Airport,SIN,2024-08-15 12:00,180,Myanmar National Airlines,Business Class,180,,,387,Y,Y,Y,1,7,1,40,Thursday,False,False,False,Singapore Changi Airport,SIN
Yangon International Airport,RGN,2024-08-15 10:35,Singapore Changi Airport,SIN,2024-08-15 15:20,195,Singapore Airlines,Business Class,195,,,534,Y,Y,Y,1,7,1,25,Thursday,False,False,False,Singapore Changi Airport,SIN
Yangon International Airport,RGN,2024-08-15 11:25,Kuala Lumpur International Airport,KUL,2024-08-15 15:50,175,Malaysia Airlines,Business Class,535,290.0,,355,Y,Y,Y,1,8,2,23,Thursday,False,False,False,Singapore Changi Airport,SIN
Yangon International Airport,RGN,2024-08-15 15:10,Kunming Changshui International Airport,KMG,2024-08-15 18:40,120,China Eastern,Business Class,1120,760.0,True,651,Y,Y,Y,1,10,2,32,Thursday,False,False,False,Singapore Changi Airport,SIN
Yangon International Airport,RGN,2024-08-16 11:25,Kuala Lumpur International Airport,KUL,2024-08-16 15:50,175,Malaysia Airlines,Business Class,320,70.0,,301,Y,Y,Y,1,8,2,23,Friday,False,False,False,Singapore Changi Airport,SIN
Yangon International Airport,RGN,2024-08-16 07:30,Singapore Changi Airport,SIN,2024-08-16 12:00,180,Myanmar National Airlines,Business Class,180,,,387,Y,Y,Y,1,7,1,40,Friday,False,False,False,Singapore Changi Airport,SIN
Yangon International Airport,RGN,2024-08-16 10:35,Singapore Changi Airport,SIN,2024-08-16 15:20,195,Singapore Airlines,Business Class,195,,,655,Y,Y,Y,1,7,1,25,Friday,False,False,False,Singapore Changi Airport,SIN
Yangon International Airport,RGN,2024-08-16 11:25,Kuala Lumpur International Airport,KUL,2024-08-16 15:50,175,Malaysia Airlines,Business Class,535,290.0,,449,Y,Y,Y,1,8,2,23,Friday,False,False,False,Singapore Changi Airport,SIN
Yangon International Airport,RGN,2024-08-16 11:25,Guangzhou Baiyun International Airport,CAN,2024-08-16 16:15,200,China Southern,Business Class,850,420.0,,788,Y,Y,Y,1,10,2,32,Friday,False,False,False,Singapore Changi Airport,SIN
Yangon International Airport,RGN,2024-08-16 11:25,Guangzhou Baiyun International Airport,CAN,2024-08-16 16:15,200,China Southern,Business Class,595,155.0,,1529,Y,Y,Y,1,10,2,32,Friday,False,False,False,Singapore Changi Airport,SIN
Yangon International Airport,RGN,2024-08-17 11:25,Kuala Lumpur International Airport,KUL,2024-08-17 15:50,175,Malaysia Airlines,Business Class,320,70.0,,301,Y,Y,Y,1,8,2,23,Saturday,False,False,False,Singapore Changi Airport,SIN
Yangon International Airport,RGN,2024-08-17 10:35,Singapore Changi Airport,SIN,2024-08-17 15:20,195,Singapore Airlines,Business Class,195,,,335,Y,Y,Y,1,7,1,25,Saturday,False,False,False,Singapore Changi Airport,SIN
Yangon International Airport,RGN,2024-08-17 07:30,Singapore Changi Airport,SIN,2024-08-17 12:00,180,Myanmar National Airlines,Business Class,180,,,387,Y,Y,Y,1,7,1,40,Saturday,False,False,False,Singapore Changi Airport,SIN
Yangon International Airport,RGN,2024-08-17 11:25,Kuala Lumpur International Airport,KUL,2024-08-17 15:50,175,Malaysia Airlines,Business Class,535,290.0,,555,Y,Y,Y,1,8,2,23,Saturday,False,False,False,Singapore Changi Airport,SIN
Yangon International Airport,RGN,2024-08-17 15:10,Kunming Changshui International Airport,KMG,2024-08-17 18:40,120,China Eastern,Business Class,1120,760.0,True,651,Y,Y,Y,1,10,2,32,Saturday,False,False,False,Singapore Changi Airport,SIN
Yangon International Airport,RGN,2024-08-17 11:25,Guangzhou Baiyun International Airport,CAN,2024-08-17 16:00,185,China Southern,Business Class,595,170.0,,1529,Y,Y,Y,1,10,2,32,Saturday,False,False,False,Singapore Changi Airport,SIN
Yangon International Airport,RGN,2024-08-18 11:25,Kuala Lumpur International Airport,KUL,2024-08-18 15:50,175,Malaysia Airlines,Business Class,320,70.0,,301,Y,Y,Y,1,8,2,23,Sunday,False,False,False,Singapore Changi Airport,SIN
Yangon International Airport,RGN,2024-08-18 10:35,Singapore Changi Airport,SIN,2024-08-18 15:20,195,Singapore Airlines,Business Class,195,,,335,Y,Y,Y,1,7,1,25,Sunday,False,False,False,Singapore Changi Airport,SIN
Yangon International Airport,RGN,2024-08-18 07:30,Singapore Changi Airport,SIN,2024-08-18 12:00,180,Myanmar National Airlines,Business Class,180,,,387,Y,Y,Y,1,7,1,40,Sunday,False,False,False,Singapore Changi Airport,SIN
Yangon International Airport,RGN,2024-08-18 11:25,Kuala Lumpur International Airport,KUL,2024-08-18 15:50,175,Malaysia Airlines,Business Class,535,290.0,,555,Y,Y,Y,1,8,2,23,Sunday,False,False,False,Singapore Changi Airport,SIN
Yangon International Airport,RGN,2024-08-18 15:10,Kunming Changshui International Airport,KMG,2024-08-18 18:40,120,China Eastern,Business Class,1130,780.0,True,651,Y,Y,Y,1,10,2,32,Sunday,False,False,False,Singapore Changi Airport,SIN
Yangon International Airport,RGN,2024-08-19 11:25,Kuala Lumpur International Airport,KUL,2024-08-19 15:50,175,Malaysia Airlines,Business Class,320,70.0,,301,Y,Y,Y,1,8,2,23,Monday,False,False,False,Singapore Changi Airport,SIN
Yangon International Airport,RGN,2024-08-19 10:35,Singapore Changi Airport,SIN,2024-08-19 15:20,195,Singapore Airlines,Business Class,195,,,335,Y,Y,Y,1,7,1,25,Monday,False,False,False,Singapore Changi Airport,SIN
Yangon International Airport,RGN,2024-08-19 07:30,Singapore Changi Airport,SIN,2024-08-19 12:00,180,Myanmar National Airlines,Business Class,180,,,387,Y,Y,Y,1,7,1,40,Monday,False,False,False,Singapore Changi Airport,SIN
Yangon International Airport,RGN,2024-08-19 11:25,Kuala Lumpur International Airport,KUL,2024-08-19 15:50,175,Malaysia Airlines,Business Class,535,290.0,,555,Y,Y,Y,1,8,2,23,Monday,False,False,False,Singapore Changi Airport,SIN
Yangon International Airport,RGN,2024-08-19 11:25,Guangzhou Baiyun International Airport,CAN,2024-08-19 16:15,200,China Southern,Business Class,595,155.0,,1227,Y,Y,Y,1,10,2,32,Monday,False,False,False,Singapore Changi Airport,SIN
Yangon International Airport,RGN,2024-08-20 11:25,Kuala Lumpur International Airport,KUL,2024-08-20 15:50,175,Malaysia Airlines,Business Class,320,70.0,,301,Y,Y,Y,1,8,2,23,Tuesday,False,False,False,Singapore Changi Airport,SIN
Yangon International Airport,RGN,2024-08-20 10:35,Singapore Changi Airport,SIN,2024-08-20 15:20,195,Singapore Airlines,Business Class,195,,,335,Y,Y,Y,1,7,1,25,Tuesday,False,False,False,Singapore Changi Airport,SIN
Yangon International Airport,RGN,2024-08-20 07:30,Singapore Changi Airport,SIN,2024-08-20 12:00,180,Myanmar National Airlines,Business Class,180,,,387,Y,Y,Y,1,7,1,40,Tuesday,False,False,False,Singapore Changi Airport,SIN
Yangon International Airport,RGN,2024-08-20 11:25,Kuala Lumpur International Airport,KUL,2024-08-20 15:50,175,Malaysia Airlines,Business Class,600,355.0,,335,Y,Y,Y,1,8,2,23,Tuesday,False,False,False,Singapore Changi Airport,SIN
Yangon International Airport,RGN,2024-08-20 11:25,Kuala Lumpur International Airport,KUL,2024-08-20 15:50,175,Malaysia Airlines,Business Class,535,290.0,,502,Y,Y,Y,1,8,2,23,Tuesday,False,False,False,Singapore Changi Airport,SIN
Yangon International Airport,RGN,2024-08-20 15:10,Kunming Changshui International Airport,KMG,2024-08-20 18:40,120,China Eastern,Business Class,1120,760.0,True,716,Y,Y,Y,1,10,2,32,Tuesday,False,False,False,Singapore Changi Airport,SIN
Yangon International Airport,RGN,2024-08-21 11:25,Kuala Lumpur International Airport,KUL,2024-08-21 15:50,175,Malaysia Airlines,Business Class,320,70.0,,301,Y,Y,Y,1,8,2,23,Wednesday,False,False,False,Singapore Changi Airport,SIN
Yangon International Airport,RGN,2024-08-21 10:35,Singapore Changi Airport,SIN,2024-08-21 15:20,195,Singapore Airlines,Business Class,195,,,335,Y,Y,Y,1,7,1,25,Wednesday,False,False,False,Singapore Changi Airport,SIN
Yangon International Airport,RGN,2024-08-21 07:30,Singapore Changi Airport,SIN,2024-08-21 12:00,180,Myanmar National Airlines,Business Class,180,,,387,Y,Y,Y,1,7,1,40,Wednesday,False,False,False,Singapore Changi Airport,SIN
Yangon International Airport,RGN,2024-08-21 11:25,Kuala Lumpur International Airport,KUL,2024-08-21 15:50,175,Malaysia Airlines,Business Class,600,355.0,,355,Y,Y,Y,1,8,2,23,Wednesday,False,False,False,Singapore Changi Airport,SIN
Yangon International Airport,RGN,2024-08-21 11:25,Kuala Lumpur International Airport,KUL,2024-08-21 15:50,175,Malaysia Airlines,Business Class,535,290.0,,449,Y,Y,Y,1,8,2,23,Wednesday,False,False,False,Singapore Changi Airport,SIN
Yangon International Airport,RGN,2024-08-21 11:25,Guangzhou Baiyun International Airport,CAN,2024-08-21 16:15,200,China Southern,Business Class,595,155.0,,1227,Y,Y,Y,1,10,2,32,Wednesday,False,False,False,Singapore Changi Airport,SIN
Yangon International Airport,RGN,2024-08-22 11:25,Kuala Lumpur International Airport,KUL,2024-08-22 15:50,175,Malaysia Airlines,Business Class,450,200.0,,301,Y,Y,Y,1,8,2,23,Thursday,False,False,False,Singapore Changi Airport,SIN
Yangon International Airport,RGN,2024-08-22 10:35,Singapore Changi Airport,SIN,2024-08-22 15:20,195,Singapore Airlines,Business Class,195,,,335,Y,Y,Y,1,7,1,25,Thursday,False,False,False,Singapore Changi Airport,SIN
Yangon International Airport,RGN,2024-08-22 07:30,Singapore Changi Airport,SIN,2024-08-22 12:00,180,Myanmar National Airlines,Business Class,180,,,387,Y,Y,Y,1,7,1,40,Thursday,False,False,False,Singapore Changi Airport,SIN
Yangon International Airport,RGN,2024-08-22 11:25,Kuala Lumpur International Airport,KUL,2024-08-22 15:50,175,Malaysia Airlines,Business Class,535,290.0,,355,Y,Y,Y,1,8,2,23,Thursday,False,False,False,Singapore Changi Airport,SIN
Yangon International Airport,RGN,2024-08-22 06:50,Kuala Lumpur International Airport,KUL,2024-08-22 11:05,165,MAI,Business Class,380,140.0,,592,Y,Y,Y,1,7,1,30,Thursday,False,False,False,Singapore Changi Airport,SIN
Yangon International Airport,RGN,2024-08-22 15:10,Kunming Changshui International Airport,KMG,2024-08-22 18:40,120,China Eastern,Business Class,1120,760.0,True,716,Y,Y,Y,1,10,2,32,Thursday,False,False,False,Singapore Changi Airport,SIN
Yangon International Airport,RGN,2024-08-23 11:25,Kuala Lumpur International Airport,KUL,2024-08-23 15:50,175,Malaysia Airlines,Business Class,320,70.0,,301,Y,Y,Y,1,8,2,23,Friday,False,False,False,Singapore Changi Airport,SIN
Yangon International Airport,RGN,2024-08-23 07:30,Singapore Changi Airport,SIN,2024-08-23 12:00,180,Myanmar National Airlines,Business Class,180,,,387,Y,Y,Y,1,7,1,40,Friday,False,False,False,Singapore Changi Airport,SIN
Yangon International Airport,RGN,2024-08-23 10:35,Singapore Changi Airport,SIN,2024-08-23 15:20,195,Singapore Airlines,Business Class,195,,,655,Y,Y,Y,1,7,1,25,Friday,False,False,False,Singapore Changi Airport,SIN
Yangon International Airport,RGN,2024-08-23 11:25,Kuala Lumpur International Airport,KUL,2024-08-23 15:50,175,Malaysia Airlines,Business Class,535,290.0,,355,Y,Y,Y,1,8,2,23,Friday,False,False,False,Singapore Changi Airport,SIN
Yangon International Airport,RGN,2024-08-23 11:25,Guangzhou Baiyun International Airport,CAN,2024-08-23 16:15,200,China Southern,Business Class,595,155.0,,788,Y,Y,Y,1,10,2,32,Friday,False,False,False,Singapore Changi Airport,SIN
Yangon International Airport,RGN,2024-08-24 11:25,Kuala Lumpur International Airport,KUL,2024-08-24 15:50,175,Malaysia Airlines,Business Class,320,70.0,,301,Y,Y,Y,1,8,2,23,Saturday,False,False,False,Singapore Changi Airport,SIN
Yangon International Airport,RGN,2024-08-24 10:35,Singapore Changi Airport,SIN,2024-08-24 15:20,195,Singapore Airlines,Business Class,195,,,335,Y,Y,Y,1,7,1,25,Saturday,False,False,False,Singapore Changi Airport,SIN
Yangon International Airport,RGN,2024-08-24 07:30,Singapore Changi Airport,SIN,2024-08-24 12:00,180,Myanmar National Airlines,Business Class,180,,,387,Y,Y,Y,1,7,1,40,Saturday,False,False,False,Singapore Changi Airport,SIN
Yangon International Airport,RGN,2024-08-24 11:25,Kuala Lumpur International Airport,KUL,2024-08-24 15:50,175,Malaysia Airlines,Business Class,535,290.0,,555,Y,Y,Y,1,8,2,23,Saturday,False,False,False,Singapore Changi Airport,SIN
Yangon International Airport,RGN,2024-08-24 15:10,Kunming Changshui International Airport,KMG,2024-08-24 18:40,120,China Eastern,Business Class,1120,760.0,True,716,Y,Y,Y,1,10,2,32,Saturday,False,False,False,Singapore Changi Airport,SIN
Yangon International Airport,RGN,2024-08-24 11:25,Guangzhou Baiyun International Airport,CAN,2024-08-24 16:00,185,China Southern,Business Class,595,170.0,,1227,Y,Y,Y,1,10,2,32,Saturday,False,False,False,Singapore Changi Airport,SIN
Yangon International Airport,RGN,2024-08-25 11:25,Kuala Lumpur International Airport,KUL,2024-08-25 15:50,175,Malaysia Airlines,Business Class,675,435.0,,301,Y,Y,Y,1,8,2,23,Sunday,False,False,False,Singapore Changi Airport,SIN
Yangon International Airport,RGN,2024-08-25 10:35,Singapore Changi Airport,SIN,2024-08-25 15:20,195,Singapore Airlines,Business Class,195,,,335,Y,Y,Y,1,7,1,25,Sunday,False,False,False,Singapore Changi Airport,SIN
Yangon International Airport,RGN,2024-08-25 07:30,Singapore Changi Airport,SIN,2024-08-25 12:00,180,Myanmar National Airlines,Business Class,180,,,387,Y,Y,Y,1,7,1,40,Sunday,False,False,False,Singapore Changi Airport,SIN
Yangon International Airport,RGN,2024-08-25 06:50,Kuala Lumpur International Airport,KUL,2024-08-25 11:05,165,MAI,Business Class,380,140.0,,592,Y,Y,Y,1,7,1,30,Sunday,False,False,False,Singapore Changi Airport,SIN
Yangon International Airport,RGN,2024-08-25 11:25,Kuala Lumpur International Airport,KUL,2024-08-25 15:50,175,Malaysia Airlines,Business Class,535,290.0,,555,Y,Y,Y,1,8,2,23,Sunday,False,False,False,Singapore Changi Airport,SIN
Yangon International Airport,RGN,2024-08-25 15:10,Kunming Changshui International Airport,KMG,2024-08-25 18:40,120,China Eastern,Business Class,1130,780.0,True,716,Y,Y,Y,1,10,2,32,Sunday,False,False,False,Singapore Changi Airport,SIN
Yangon International Airport,RGN,2024-08-26 10:35,Singapore Changi Airport,SIN,2024-08-26 15:20,195,Singapore Airlines,Business Class,195,,,335,Y,Y,Y,1,7,1,25,Monday,False,False,False,Singapore Changi Airport,SIN
Yangon International Airport,RGN,2024-08-26 07:30,Singapore Changi Airport,SIN,2024-08-26 12:00,180,Myanmar National Airlines,Business Class,180,,,387,Y,Y,Y,1,7,1,40,Monday,False,False,False,Singapore Changi Airport,SIN
Yangon International Airport,RGN,2024-08-26 11:25,Kuala Lumpur International Airport,KUL,2024-08-26 15:50,175,Malaysia Airlines,Business Class,675,435.0,,301,Y,Y,Y,1,8,2,23,Monday,False,False,False,Singapore Changi Airport,SIN
Yangon International Airport,RGN,2024-08-26 11:25,Kuala Lumpur International Airport,KUL,2024-08-26 15:50,175,Malaysia Airlines,Business Class,535,290.0,,502,Y,Y,Y,1,8,2,23,Monday,False,False,False,Singapore Changi Airport,SIN
Yangon International Airport,RGN,2024-08-26 06:50,Kuala Lumpur International Airport,KUL,2024-08-26 11:05,165,MAI,Business Class,380,140.0,,592,Y,Y,Y,1,7,1,30,Monday,False,False,False,Singapore Changi Airport,SIN
Yangon International Airport,RGN,2024-08-26 15:10,Kunming Changshui International Airport,KMG,2024-08-26 18:40,120,China Eastern,Business Class,1120,760.0,True,716,Y,Y,Y,1,10,2,32,Monday,False,False,False,Singapore Changi Airport,SIN
Yangon International Airport,RGN,2024-08-26 11:25,Guangzhou Baiyun International Airport,CAN,2024-08-26 16:15,200,China Southern,Business Class,595,155.0,,983,Y,Y,Y,1,10,2,32,Monday,False,False,False,Singapore Changi Airport,SIN
Yangon International Airport,RGN,2024-08-27 11:25,Kuala Lumpur International Airport,KUL,2024-08-27 15:50,175,Malaysia Airlines,Business Class,320,70.0,,301,Y,Y,Y,1,8,2,23,Tuesday,False,False,False,Singapore Changi Airport,SIN
Yangon International Airport,RGN,2024-08-27 10:35,Singapore Changi Airport,SIN,2024-08-27 15:20,195,Singapore Airlines,Business Class,195,,,335,Y,Y,Y,1,7,1,25,Tuesday,False,False,False,Singapore Changi Airport,SIN
Yangon International Airport,RGN,2024-08-27 07:30,Singapore Changi Airport,SIN,2024-08-27 12:00,180,Myanmar National Airlines,Business Class,180,,,387,Y,Y,Y,1,7,1,40,Tuesday,False,False,False,Singapore Changi Airport,SIN
Yangon International Airport,RGN,2024-08-27 11:25,Kuala Lumpur International Airport,KUL,2024-08-27 15:50,175,Malaysia Airlines,Business Class,600,355.0,,316,Y,Y,Y,1,8,2,23,Tuesday,False,False,False,Singapore Changi Airport,SIN
Yangon International Airport,RGN,2024-08-27 11:25,Kuala Lumpur International Airport,KUL,2024-08-27 15:50,175,Malaysia Airlines,Business Class,535,290.0,,502,Y,Y,Y,1,8,2,23,Tuesday,False,False,False,Singapore Changi Airport,SIN
Yangon International Airport,RGN,2024-08-27 15:10,Kunming Changshui International Airport,KMG,2024-08-27 18:40,120,China Eastern,Business Class,1120,760.0,True,716,Y,Y,Y,1,10,2,32,Tuesday,False,False,False,Singapore Changi Airport,SIN
Yangon International Airport,RGN,2024-08-28 11:25,Kuala Lumpur International Airport,KUL,2024-08-28 15:50,175,Malaysia Airlines,Business Class,320,70.0,,301,Y,Y,Y,1,8,2,23,Wednesday,False,False,False,Singapore Changi Airport,SIN
Yangon International Airport,RGN,2024-08-28 10:35,Singapore Changi Airport,SIN,2024-08-28 15:20,195,Singapore Airlines,Business Class,195,,,335,Y,Y,Y,1,7,1,25,Wednesday,False,False,False,Singapore Changi Airport,SIN
Yangon International Airport,RGN,2024-08-28 07:30,Singapore Changi Airport,SIN,2024-08-28 12:00,180,Myanmar National Airlines,Business Class,180,,,387,Y,Y,Y,1,7,1,40,Wednesday,False,False,False,Singapore Changi Airport,SIN
Yangon International Airport,RGN,2024-08-28 11:25,Kuala Lumpur International Airport,KUL,2024-08-28 15:50,175,Malaysia Airlines,Business Class,600,355.0,,355,Y,Y,Y,1,8,2,23,Wednesday,False,False,False,Singapore Changi Airport,SIN
Yangon International Airport,RGN,2024-08-28 11:25,Kuala Lumpur International Airport,KUL,2024-08-28 15:50,175,Malaysia Airlines,Business Class,535,290.0,,502,Y,Y,Y,1,8,2,23,Wednesday,False,False,False,Singapore Changi Airport,SIN
Yangon International Airport,RGN,2024-08-28 11:25,Guangzhou Baiyun International Airport,CAN,2024-08-28 16:15,200,China Southern,Business Class,595,155.0,,1227,Y,Y,Y,1,10,2,32,Wednesday,False,False,False,Singapore Changi Airport,SIN
Yangon International Airport,RGN,2024-08-29 11:25,Kuala Lumpur International Airport,KUL,2024-08-29 15:50,175,Malaysia Airlines,Business Class,675,435.0,,301,Y,Y,Y,1,8,2,23,Thursday,False,False,False,Singapore Changi Airport,SIN
Yangon International Airport,RGN,2024-08-29 10:35,Singapore Changi Airport,SIN,2024-08-29 15:20,195,Singapore Airlines,Business Class,195,,,335,Y,Y,Y,1,7,1,25,Thursday,False,False,False,Singapore Changi Airport,SIN
Yangon International Airport,RGN,2024-08-29 07:30,Singapore Changi Airport,SIN,2024-08-29 12:00,180,Myanmar National Airlines,Business Class,180,,,387,Y,Y,Y,1,7,1,40,Thursday,False,False,False,Singapore Changi Airport,SIN
Yangon International Airport,RGN,2024-08-29 06:50,Kuala Lumpur International Airport,KUL,2024-08-29 11:05,165,MAI,Business Class,380,140.0,,592,Y,Y,Y,1,7,1,30,Thursday,False,False,False,Singapore Changi Airport,SIN
Yangon International Airport,RGN,2024-08-29 11:25,Kuala Lumpur International Airport,KUL,2024-08-29 15:50,175,Malaysia Airlines,Business Class,535,290.0,,355,Y,Y,Y,1,8,2,23,Thursday,False,False,False,Singapore Changi Airport,SIN
Yangon International Airport,RGN,2024-08-29 15:10,Kunming Changshui International Airport,KMG,2024-08-29 18:40,120,China Eastern,Business Class,1120,760.0,True,716,Y,Y,Y,1,10,2,32,Thursday,False,False,False,Singapore Changi Airport,SIN
Yangon International Airport,RGN,2024-08-30 11:25,Kuala Lumpur International Airport,KUL,2024-08-30 15:50,175,Malaysia Airlines,Business Class,450,200.0,,301,Y,Y,Y,1,8,2,23,Friday,False,False,False,Singapore Changi Airport,SIN
Yangon International Airport,RGN,2024-08-30 10:35,Singapore Changi Airport,SIN,2024-08-30 15:20,195,Singapore Airlines,Business Class,195,,,335,Y,Y,Y,1,7,1,25,Friday,False,False,False,Singapore Changi Airport,SIN
Yangon International Airport,RGN,2024-08-30 07:30,Singapore Changi Airport,SIN,2024-08-30 12:00,180,Myanmar National Airlines,Business Class,180,,,387,Y,Y,Y,1,7,1,40,Friday,False,False,False,Singapore Changi Airport,SIN
Yangon International Airport,RGN,2024-08-30 11:25,Kuala Lumpur International Airport,KUL,2024-08-30 15:50,175,Malaysia Airlines,Business Class,535,290.0,,335,Y,Y,Y,1,8,2,23,Friday,False,False,False,Singapore Changi Airport,SIN
Yangon International Airport,RGN,2024-08-30 06:50,Kuala Lumpur International Airport,KUL,2024-08-30 11:05,165,MAI,Business Class,380,140.0,,600,Y,Y,Y,1,7,1,30,Friday,False,False,False,Singapore Changi Airport,SIN
Yangon International Airport,RGN,2024-08-30 15:10,Kunming Changshui International Airport,KMG,2024-08-30 18:40,120,China Eastern,Business Class,1140,780.0,True,716,Y,Y,Y,1,10,2,32,Friday,False,False,False,Singapore Changi Airport,SIN
Yangon International Airport,RGN,2024-08-30 11:25,Guangzhou Baiyun International Airport,CAN,2024-08-30 16:15,200,China Southern,Business Class,595,155.0,,983,Y,Y,Y,1,10,2,32,Friday,False,False,False,Singapore Changi Airport,SIN
Yangon International Airport,RGN,2024-08-31 11:25,Kuala Lumpur International Airport,KUL,2024-08-31 15:50,175,Malaysia Airlines,Business Class,320,70.0,,301,Y,Y,Y,1,8,2,23,Saturday,False,False,False,Singapore Changi Airport,SIN
Yangon International Airport,RGN,2024-08-31 07:30,Singapore Changi Airport,SIN,2024-08-31 12:00,180,Myanmar National Airlines,Business Class,180,,,387,Y,Y,Y,1,7,1,40,Saturday,False,False,False,Singapore Changi Airport,SIN
Yangon International Airport,RGN,2024-08-31 10:35,Singapore Changi Airport,SIN,2024-08-31 15:20,195,Singapore Airlines,Business Class,195,,,655,Y,Y,Y,1,7,1,25,Saturday,False,False,False,Singapore Changi Airport,SIN
Yangon International Airport,RGN,2024-08-31 11:25,Kuala Lumpur International Airport,KUL,2024-08-31 15:50,175,Malaysia Airlines,Business Class,535,290.0,,563,Y,Y,Y,1,8,2,23,Saturday,False,False,False,Singapore Changi Airport,SIN
Yangon International Airport,RGN,2024-08-31 15:10,Kunming Changshui International Airport,KMG,2024-08-31 18:40,120,China Eastern,Business Class,1120,760.0,True,716,Y,Y,Y,1,10,2,32,Saturday,False,False,False,Singapore Changi Airport,SIN
Yangon International Airport,RGN,2024-08-31 11:25,Guangzhou Baiyun International Airport,CAN,2024-08-31 16:00,185,China Southern,Business Class,595,170.0,,1227,Y,Y,Y,1,10,2,32,Saturday,False,False,False,Singapore Changi Airport,SIN
