Departure Airport Name,Departure Airport ID,Departure Time,Arrival Airport Name,Arrival Airport ID,Arrival Time,Duration,Airline,Travel Class,Total Duration,Layover 1 Duration,Layover 1 Overnight,Price, Cabin Baggage, Checked Baggage,Meal Included,Cabin Baggage (Number),Cabin Baggage (kg per piece),Checked Baggage (Number),Checked Baggage (kg per piece) ,Day of Week (on flight date),Overnight Flight,Departure Country Is Holiday,Arrival Country Is Holiday,Final Arrival Airport Name,Final Arrival Airport ID
Yangon International Airport,RGN,2024-07-01 11:25,Kuala Lumpur International Airport,KUL,2024-07-01 15:50,175,Malaysia Airlines,Business Class,175,,,280.0,Y,Y,Y,1,8,2,23,Monday,False,False,False,Kuala Lumpur International Airport,KUL
Yangon International Airport,RGN,2024-07-01 10:35,Singapore Changi Airport,SIN,2024-07-01 15:20,195,Singapore Airlines,Business Class,335,65.0,,1144.0,Y,Y,Y,1,7,1,25,Monday,False,False,False,Kuala Lumpur International Airport,KUL
Yangon International Airport,RGN,2024-07-01 11:25,Guangzhou Baiyun International Airport,CAN,2024-07-01 16:15,200,China Southern,Business Class,735,285.0,,840.0,Y,Y,Y,1,10,2,32,Monday,False,False,False,Kuala Lumpur International Airport,KUL
Yangon International Airport,RGN,2024-07-01 15:10,Kunming Changshui International Airport,KMG,2024-07-01 18:40,120,China Eastern,Business Class,1650,1300.0,True,1062.0,Y,Y,Y,1,10,2,32,Monday,False,False,False,Kuala Lumpur International Airport,KUL
Yangon International Airport,RGN,2024-07-02 11:25,Kuala Lumpur International Airport,KUL,2024-07-02 15:50,175,Malaysia Airlines,Business Class,175,,,280.0,Y,Y,Y,1,8,2,23,Tuesday,False,False,False,Kuala Lumpur International Airport,KUL
Yangon International Airport,RGN,2024-07-02 10:35,Singapore Changi Airport,SIN,2024-07-02 15:20,195,Singapore Airlines,Business Class,335,65.0,,938.0,Y,Y,Y,1,7,1,25,Tuesday,False,False,False,Kuala Lumpur International Airport,KUL
Yangon International Airport,RGN,2024-07-02 10:35,Singapore Changi Airport,SIN,2024-07-02 15:20,195,Singapore Airlines,Business Class,1200,945.0,True,837.0,Y,Y,Y,1,7,1,25,Tuesday,False,False,False,Kuala Lumpur International Airport,KUL
Yangon International Airport,RGN,2024-07-02 15:10,Kunming Changshui International Airport,KMG,2024-07-02 18:40,120,China Eastern,Business Class,1650,1300.0,True,1062.0,Y,Y,Y,1,10,2,32,Tuesday,False,False,False,Kuala Lumpur International Airport,KUL
Yangon International Airport,RGN,2024-07-03 11:25,Kuala Lumpur International Airport,KUL,2024-07-03 15:50,175,Malaysia Airlines,Business Class,175,,,280.0,Y,Y,Y,1,8,2,23,Wednesday,False,False,False,Kuala Lumpur International Airport,KUL
Yangon International Airport,RGN,2024-07-03 10:35,Singapore Changi Airport,SIN,2024-07-03 15:20,195,Singapore Airlines,Business Class,335,65.0,,837.0,Y,Y,Y,1,7,1,25,Wednesday,False,False,False,Kuala Lumpur International Airport,KUL
Yangon International Airport,RGN,2024-07-03 15:10,Kunming Changshui International Airport,KMG,2024-07-03 18:40,120,China Eastern,Business Class,1650,1300.0,True,839.0,Y,Y,Y,1,10,2,32,Wednesday,False,False,False,Kuala Lumpur International Airport,KUL
Yangon International Airport,RGN,2024-07-04 11:25,Kuala Lumpur International Airport,KUL,2024-07-04 15:50,175,Malaysia Airlines,Business Class,175,,,280.0,Y,Y,Y,1,8,2,23,Thursday,False,False,False,Kuala Lumpur International Airport,KUL
Yangon International Airport,RGN,2024-07-04 10:35,Singapore Changi Airport,SIN,2024-07-04 15:20,195,Singapore Airlines,Business Class,335,65.0,,837.0,Y,Y,Y,1,7,1,25,Thursday,False,False,False,Kuala Lumpur International Airport,KUL
Yangon International Airport,RGN,2024-07-04 15:10,Kunming Changshui International Airport,KMG,2024-07-04 18:40,120,China Eastern,Business Class,1650,1300.0,True,1418.0,Y,Y,Y,1,10,2,32,Thursday,False,False,False,Kuala Lumpur International Airport,KUL
Yangon International Airport,RGN,2024-07-05 10:35,Singapore Changi Airport,SIN,2024-07-05 15:20,195,Singapore Airlines,Business Class,335,65.0,,938.0,Y,Y,Y,1,7,1,25,Friday,False,False,False,Kuala Lumpur International Airport,KUL
Yangon International Airport,RGN,2024-07-05 11:25,Guangzhou Baiyun International Airport,CAN,2024-07-05 16:15,200,China Southern,Business Class,535,80.0,,1328.0,Y,Y,Y,1,10,2,32,Friday,False,False,False,Kuala Lumpur International Airport,KUL
Yangon International Airport,RGN,2024-07-05 10:35,Singapore Changi Airport,SIN,2024-07-05 15:20,195,Singapore Airlines,Business Class,1200,945.0,True,837.0,Y,Y,Y,1,7,1,25,Friday,False,False,False,Kuala Lumpur International Airport,KUL
Yangon International Airport,RGN,2024-07-05 15:10,Kunming Changshui International Airport,KMG,2024-07-05 18:40,120,China Eastern,Business Class,1650,1300.0,True,839.0,Y,Y,Y,1,10,2,32,Friday,False,False,False,Kuala Lumpur International Airport,KUL
Yangon International Airport,RGN,2024-07-05 11:25,Guangzhou Baiyun International Airport,CAN,2024-07-05 16:15,200,China Southern,Business Class,735,280.0,,1122.0,Y,Y,Y,1,10,2,32,Friday,False,False,False,Kuala Lumpur International Airport,KUL
Yangon International Airport,RGN,2024-07-05 10:35,Singapore Changi Airport,SIN,2024-07-05 15:20,195,Singapore Airlines,Business Class,440,175.0,,2145.0,Y,Y,Y,1,7,1,25,Friday,False,False,False,Kuala Lumpur International Airport,KUL
Yangon International Airport,RGN,2024-07-06 11:25,Kuala Lumpur International Airport,KUL,2024-07-06 15:50,175,Malaysia Airlines,Business Class,175,,,280.0,Y,Y,Y,1,8,2,23,Saturday,False,False,False,Kuala Lumpur International Airport,KUL
Yangon International Airport,RGN,2024-07-06 10:35,Singapore Changi Airport,SIN,2024-07-06 15:20,195,Singapore Airlines,Business Class,465,200.0,,837.0,Y,Y,Y,1,7,1,25,Saturday,False,False,False,Kuala Lumpur International Airport,KUL
Yangon International Airport,RGN,2024-07-06 10:35,Singapore Changi Airport,SIN,2024-07-06 15:20,195,Singapore Airlines,Business Class,390,125.0,,2145.0,Y,Y,Y,1,7,1,25,Saturday,False,False,False,Kuala Lumpur International Airport,KUL
Yangon International Airport,RGN,2024-07-07 11:25,Kuala Lumpur International Airport,KUL,2024-07-07 15:50,175,Malaysia Airlines,Business Class,175,,,280.0,Y,Y,Y,1,8,2,23,Sunday,False,False,True,Kuala Lumpur International Airport,KUL
Yangon International Airport,RGN,2024-07-07 10:35,Singapore Changi Airport,SIN,2024-07-07 15:20,195,Singapore Airlines,Business Class,1285,1030.0,True,735.0,Y,Y,Y,1,7,1,25,Sunday,False,False,True,Kuala Lumpur International Airport,KUL
Yangon International Airport,RGN,2024-07-07 15:10,Kunming Changshui International Airport,KMG,2024-07-07 18:40,120,China Eastern,Business Class,1650,1300.0,True,1418.0,Y,Y,Y,1,10,2,32,Sunday,False,False,True,Kuala Lumpur International Airport,KUL
Yangon International Airport,RGN,2024-07-07 10:35,Singapore Changi Airport,SIN,2024-07-07 15:20,195,Singapore Airlines,Business Class,440,175.0,,2145.0,Y,Y,Y,1,7,1,25,Sunday,False,False,True,Kuala Lumpur International Airport,KUL
Yangon International Airport,RGN,2024-07-08 11:25,Kuala Lumpur International Airport,KUL,2024-07-08 15:50,175,Malaysia Airlines,Business Class,175,,,280.0,Y,Y,Y,1,8,2,23,Monday,False,False,True,Kuala Lumpur International Airport,KUL
Yangon International Airport,RGN,2024-07-08 10:35,Singapore Changi Airport,SIN,2024-07-08 15:20,195,Singapore Airlines,Business Class,335,65.0,,837.0,Y,Y,Y,1,7,1,25,Monday,False,False,True,Kuala Lumpur International Airport,KUL
Yangon International Airport,RGN,2024-07-08 10:35,Singapore Changi Airport,SIN,2024-07-08 15:20,195,Singapore Airlines,Business Class,1285,1030.0,True,735.0,Y,Y,Y,1,7,1,25,Monday,False,False,True,Kuala Lumpur International Airport,KUL
Yangon International Airport,RGN,2024-07-08 15:10,Kunming Changshui International Airport,KMG,2024-07-08 18:40,120,China Eastern,Business Class,1650,1300.0,True,839.0,Y,Y,Y,1,10,2,32,Monday,False,False,True,Kuala Lumpur International Airport,KUL
Yangon International Airport,RGN,2024-07-09 11:25,Kuala Lumpur International Airport,KUL,2024-07-09 15:50,175,Malaysia Airlines,Business Class,175,,,280.0,Y,Y,Y,1,8,2,23,Tuesday,False,False,False,Kuala Lumpur International Airport,KUL
Yangon International Airport,RGN,2024-07-09 10:35,Singapore Changi Airport,SIN,2024-07-09 15:20,195,Singapore Airlines,Business Class,335,65.0,,735.0,Y,Y,Y,1,7,1,25,Tuesday,False,False,False,Kuala Lumpur International Airport,KUL
Yangon International Airport,RGN,2024-07-09 15:10,Kunming Changshui International Airport,KMG,2024-07-09 18:40,120,China Eastern,Business Class,1650,1300.0,True,839.0,Y,Y,Y,1,10,2,32,Tuesday,False,False,False,Kuala Lumpur International Airport,KUL
Yangon International Airport,RGN,2024-07-10 11:25,Kuala Lumpur International Airport,KUL,2024-07-10 15:50,175,Malaysia Airlines,Business Class,175,,,280.0,Y,Y,Y,1,8,2,23,Wednesday,False,False,False,Kuala Lumpur International Airport,KUL
Yangon International Airport,RGN,2024-07-10 15:10,Kunming Changshui International Airport,KMG,2024-07-10 18:40,120,China Eastern,Business Class,1650,1300.0,True,839.0,Y,Y,Y,1,10,2,32,Wednesday,False,False,False,Kuala Lumpur International Airport,KUL
Yangon International Airport,RGN,2024-07-10 10:35,Singapore Changi Airport,SIN,2024-07-10 15:20,195,Singapore Airlines,Business Class,335,65.0,,1144.0,Y,Y,Y,1,7,1,25,Wednesday,False,False,False,Kuala Lumpur International Airport,KUL
Yangon International Airport,RGN,2024-07-11 11:25,Kuala Lumpur International Airport,KUL,2024-07-11 15:50,175,Malaysia Airlines,Business Class,175,,,280.0,Y,Y,Y,1,8,2,23,Thursday,False,False,False,Kuala Lumpur International Airport,KUL
Yangon International Airport,RGN,2024-07-11 10:35,Singapore Changi Airport,SIN,2024-07-11 15:20,195,Singapore Airlines,Business Class,335,65.0,,837.0,Y,Y,Y,1,7,1,25,Thursday,False,False,False,Kuala Lumpur International Airport,KUL
Yangon International Airport,RGN,2024-07-11 10:35,Singapore Changi Airport,SIN,2024-07-11 15:20,195,Singapore Airlines,Business Class,1285,1030.0,True,735.0,Y,Y,Y,1,7,1,25,Thursday,False,False,False,Kuala Lumpur International Airport,KUL
Yangon International Airport,RGN,2024-07-11 15:10,Kunming Changshui International Airport,KMG,2024-07-11 18:40,120,China Eastern,Business Class,1650,1300.0,True,839.0,Y,Y,Y,1,10,2,32,Thursday,False,False,False,Kuala Lumpur International Airport,KUL
Yangon International Airport,RGN,2024-07-12 11:25,Kuala Lumpur International Airport,KUL,2024-07-12 15:50,175,Malaysia Airlines,Business Class,175,,,280.0,Y,Y,Y,1,8,2,23,Friday,False,False,False,Kuala Lumpur International Airport,KUL
Yangon International Airport,RGN,2024-07-12 10:35,Singapore Changi Airport,SIN,2024-07-12 15:20,195,Singapore Airlines,Business Class,335,65.0,,837.0,Y,Y,Y,1,7,1,25,Friday,False,False,False,Kuala Lumpur International Airport,KUL
Yangon International Airport,RGN,2024-07-12 10:35,Singapore Changi Airport,SIN,2024-07-12 15:20,195,Singapore Airlines,Business Class,1200,945.0,True,735.0,Y,Y,Y,1,7,1,25,Friday,False,False,False,Kuala Lumpur International Airport,KUL
Yangon International Airport,RGN,2024-07-12 15:10,Kunming Changshui International Airport,KMG,2024-07-12 18:40,120,China Eastern,Business Class,1650,1300.0,True,839.0,Y,Y,Y,1,10,2,32,Friday,False,False,False,Kuala Lumpur International Airport,KUL
Yangon International Airport,RGN,2024-07-13 11:25,Kuala Lumpur International Airport,KUL,2024-07-13 15:50,175,Malaysia Airlines,Business Class,175,,,280.0,Y,Y,Y,1,8,2,23,Saturday,False,False,False,Kuala Lumpur International Airport,KUL
Yangon International Airport,RGN,2024-07-13 10:35,Singapore Changi Airport,SIN,2024-07-13 15:20,195,Singapore Airlines,Business Class,465,200.0,,735.0,Y,Y,Y,1,7,1,25,Saturday,False,False,False,Kuala Lumpur International Airport,KUL
Yangon International Airport,RGN,2024-07-13 15:10,Kunming Changshui International Airport,KMG,2024-07-13 18:40,120,China Eastern,Business Class,1650,1300.0,True,839.0,Y,Y,Y,1,10,2,32,Saturday,False,False,False,Kuala Lumpur International Airport,KUL
Yangon International Airport,RGN,2024-07-13 10:35,Singapore Changi Airport,SIN,2024-07-13 15:20,195,Singapore Airlines,Business Class,390,125.0,,2145.0,Y,Y,Y,1,7,1,25,Saturday,False,False,False,Kuala Lumpur International Airport,KUL
Yangon International Airport,RGN,2024-07-14 11:25,Kuala Lumpur International Airport,KUL,2024-07-14 15:50,175,Malaysia Airlines,Business Class,175,,,280.0,Y,Y,Y,1,8,2,23,Sunday,False,False,False,Kuala Lumpur International Airport,KUL
Yangon International Airport,RGN,2024-07-14 10:35,Singapore Changi Airport,SIN,2024-07-14 15:20,195,Singapore Airlines,Business Class,1200,945.0,True,735.0,Y,Y,Y,1,7,1,25,Sunday,False,False,False,Kuala Lumpur International Airport,KUL
Yangon International Airport,RGN,2024-07-14 15:10,Kunming Changshui International Airport,KMG,2024-07-14 18:40,120,China Eastern,Business Class,1650,1300.0,True,839.0,Y,Y,Y,1,10,2,32,Sunday,False,False,False,Kuala Lumpur International Airport,KUL
Yangon International Airport,RGN,2024-07-14 10:35,Singapore Changi Airport,SIN,2024-07-14 15:20,195,Singapore Airlines,Business Class,435,175.0,,2145.0,Y,Y,Y,1,7,1,25,Sunday,False,False,False,Kuala Lumpur International Airport,KUL
Yangon International Airport,RGN,2024-07-15 11:25,Kuala Lumpur International Airport,KUL,2024-07-15 15:50,175,Malaysia Airlines,Business Class,175,,,280.0,Y,Y,Y,1,8,2,23,Monday,False,False,False,Kuala Lumpur International Airport,KUL
Yangon International Airport,RGN,2024-07-15 10:35,Singapore Changi Airport,SIN,2024-07-15 15:20,195,Singapore Airlines,Business Class,335,65.0,,938.0,Y,Y,Y,1,7,1,25,Monday,False,False,False,Kuala Lumpur International Airport,KUL
Yangon International Airport,RGN,2024-07-15 15:10,Kunming Changshui International Airport,KMG,2024-07-15 18:40,120,China Eastern,Business Class,1650,1300.0,True,839.0,Y,Y,Y,1,10,2,32,Monday,False,False,False,Kuala Lumpur International Airport,KUL
Yangon International Airport,RGN,2024-07-16 11:25,Kuala Lumpur International Airport,KUL,2024-07-16 15:50,175,Malaysia Airlines,Business Class,175,,,280.0,Y,Y,Y,1,8,2,23,Tuesday,False,False,False,Kuala Lumpur International Airport,KUL
Yangon International Airport,RGN,2024-07-16 10:35,Singapore Changi Airport,SIN,2024-07-16 15:20,195,Singapore Airlines,Business Class,335,65.0,,735.0,Y,Y,Y,1,7,1,25,Tuesday,False,False,False,Kuala Lumpur International Airport,KUL
Yangon International Airport,RGN,2024-07-16 15:10,Kunming Changshui International Airport,KMG,2024-07-16 18:40,120,China Eastern,Business Class,1650,1300.0,True,839.0,Y,Y,Y,1,10,2,32,Tuesday,False,False,False,Kuala Lumpur International Airport,KUL
Yangon International Airport,RGN,2024-07-17 11:25,Kuala Lumpur International Airport,KUL,2024-07-17 15:50,175,Malaysia Airlines,Business Class,175,,,280.0,Y,Y,Y,1,8,2,23,Wednesday,False,False,False,Kuala Lumpur International Airport,KUL
Yangon International Airport,RGN,2024-07-17 10:35,Singapore Changi Airport,SIN,2024-07-17 15:20,195,Singapore Airlines,Business Class,335,65.0,,837.0,Y,Y,Y,1,7,1,25,Wednesday,False,False,False,Kuala Lumpur International Airport,KUL
Yangon International Airport,RGN,2024-07-17 10:35,Singapore Changi Airport,SIN,2024-07-17 15:20,195,Singapore Airlines,Business Class,1200,945.0,True,735.0,Y,Y,Y,1,7,1,25,Wednesday,False,False,False,Kuala Lumpur International Airport,KUL
Yangon International Airport,RGN,2024-07-17 15:10,Kunming Changshui International Airport,KMG,2024-07-17 18:40,120,China Eastern,Business Class,1650,1300.0,True,839.0,Y,Y,Y,1,10,2,32,Wednesday,False,False,False,Kuala Lumpur International Airport,KUL
Yangon International Airport,RGN,2024-07-18 11:25,Kuala Lumpur International Airport,KUL,2024-07-18 15:50,175,Malaysia Airlines,Business Class,175,,,280.0,Y,Y,Y,1,8,2,23,Thursday,False,False,False,Kuala Lumpur International Airport,KUL
Yangon International Airport,RGN,2024-07-18 10:35,Singapore Changi Airport,SIN,2024-07-18 15:20,195,Singapore Airlines,Business Class,335,65.0,,735.0,Y,Y,Y,1,7,1,25,Thursday,False,False,False,Kuala Lumpur International Airport,KUL
Yangon International Airport,RGN,2024-07-18 15:10,Kunming Changshui International Airport,KMG,2024-07-18 18:40,120,China Eastern,Business Class,1650,1300.0,True,839.0,Y,Y,Y,1,10,2,32,Thursday,False,False,False,Kuala Lumpur International Airport,KUL
Yangon International Airport,RGN,2024-07-19 11:25,Kuala Lumpur International Airport,KUL,2024-07-19 15:50,175,Malaysia Airlines,Business Class,175,,,280.0,Y,Y,Y,1,8,2,23,Friday,False,True,False,Kuala Lumpur International Airport,KUL
Yangon International Airport,RGN,2024-07-19 10:35,Singapore Changi Airport,SIN,2024-07-19 15:20,195,Singapore Airlines,Business Class,335,65.0,,938.0,Y,Y,Y,1,7,1,25,Friday,False,True,False,Kuala Lumpur International Airport,KUL
Yangon International Airport,RGN,2024-07-19 10:35,Singapore Changi Airport,SIN,2024-07-19 15:20,195,Singapore Airlines,Business Class,1200,945.0,True,837.0,Y,Y,Y,1,7,1,25,Friday,False,True,False,Kuala Lumpur International Airport,KUL
Yangon International Airport,RGN,2024-07-19 15:10,Kunming Changshui International Airport,KMG,2024-07-19 18:40,120,China Eastern,Business Class,1650,1300.0,True,839.0,Y,Y,Y,1,10,2,32,Friday,False,True,False,Kuala Lumpur International Airport,KUL
Yangon International Airport,RGN,2024-07-20 11:25,Kuala Lumpur International Airport,KUL,2024-07-20 15:50,175,Malaysia Airlines,Business Class,175,,,280.0,Y,Y,Y,1,8,2,23,Saturday,False,True,False,Kuala Lumpur International Airport,KUL
Yangon International Airport,RGN,2024-07-20 10:35,Singapore Changi Airport,SIN,2024-07-20 15:20,195,Singapore Airlines,Business Class,1285,1030.0,True,735.0,Y,Y,Y,1,7,1,25,Saturday,False,True,False,Kuala Lumpur International Airport,KUL
Yangon International Airport,RGN,2024-07-20 15:10,Kunming Changshui International Airport,KMG,2024-07-20 18:40,120,China Eastern,Business Class,1650,1300.0,True,839.0,Y,Y,Y,1,10,2,32,Saturday,False,True,False,Kuala Lumpur International Airport,KUL
Yangon International Airport,RGN,2024-07-20 10:35,Singapore Changi Airport,SIN,2024-07-20 15:20,195,Singapore Airlines,Business Class,390,125.0,,2145.0,Y,Y,Y,1,7,1,25,Saturday,False,True,False,Kuala Lumpur International Airport,KUL
Yangon International Airport,RGN,2024-07-21 11:25,Kuala Lumpur International Airport,KUL,2024-07-21 15:50,175,Malaysia Airlines,Business Class,175,,,280.0,Y,Y,Y,1,8,2,23,Sunday,False,False,False,Kuala Lumpur International Airport,KUL
Yangon International Airport,RGN,2024-07-21 10:35,Singapore Changi Airport,SIN,2024-07-21 15:20,195,Singapore Airlines,Business Class,1285,1030.0,True,735.0,Y,Y,Y,1,7,1,25,Sunday,False,False,False,Kuala Lumpur International Airport,KUL
Yangon International Airport,RGN,2024-07-21 15:10,Kunming Changshui International Airport,KMG,2024-07-21 18:40,120,China Eastern,Business Class,1650,1300.0,True,839.0,Y,Y,Y,1,10,2,32,Sunday,False,False,False,Kuala Lumpur International Airport,KUL
Yangon International Airport,RGN,2024-07-21 10:35,Singapore Changi Airport,SIN,2024-07-21 15:20,195,Singapore Airlines,Business Class,440,175.0,,2145.0,Y,Y,Y,1,7,1,25,Sunday,False,False,False,Kuala Lumpur International Airport,KUL
Yangon International Airport,RGN,2024-07-22 11:25,Kuala Lumpur International Airport,KUL,2024-07-22 15:50,175,Malaysia Airlines,Business Class,175,,,280.0,Y,Y,Y,1,8,2,23,Monday,False,False,False,Kuala Lumpur International Airport,KUL
Yangon International Airport,RGN,2024-07-22 10:35,Singapore Changi Airport,SIN,2024-07-22 15:20,195,Singapore Airlines,Business Class,335,65.0,,735.0,Y,Y,Y,1,7,1,25,Monday,False,False,False,Kuala Lumpur International Airport,KUL
Yangon International Airport,RGN,2024-07-22 15:10,Kunming Changshui International Airport,KMG,2024-07-22 18:40,120,China Eastern,Business Class,1650,1300.0,True,839.0,Y,Y,Y,1,10,2,32,Monday,False,False,False,Kuala Lumpur International Airport,KUL
Yangon International Airport,RGN,2024-07-23 11:25,Kuala Lumpur International Airport,KUL,2024-07-23 15:50,175,Malaysia Airlines,Business Class,175,,,280.0,Y,Y,Y,1,8,2,23,Tuesday,False,False,False,Kuala Lumpur International Airport,KUL
Yangon International Airport,RGN,2024-07-23 10:35,Singapore Changi Airport,SIN,2024-07-23 15:20,195,Singapore Airlines,Business Class,335,65.0,,735.0,Y,Y,Y,1,7,1,25,Tuesday,False,False,False,Kuala Lumpur International Airport,KUL
Yangon International Airport,RGN,2024-07-23 15:10,Kunming Changshui International Airport,KMG,2024-07-23 18:40,120,China Eastern,Business Class,1650,1300.0,True,839.0,Y,Y,Y,1,10,2,32,Tuesday,False,False,False,Kuala Lumpur International Airport,KUL
Yangon International Airport,RGN,2024-07-24 11:25,Kuala Lumpur International Airport,KUL,2024-07-24 15:50,175,Malaysia Airlines,Business Class,175,,,280.0,Y,Y,Y,1,8,2,23,Wednesday,False,False,False,Kuala Lumpur International Airport,KUL
Yangon International Airport,RGN,2024-07-24 10:35,Singapore Changi Airport,SIN,2024-07-24 15:20,195,Singapore Airlines,Business Class,335,65.0,,735.0,Y,Y,Y,1,7,1,25,Wednesday,False,False,False,Kuala Lumpur International Airport,KUL
Yangon International Airport,RGN,2024-07-24 15:10,Kunming Changshui International Airport,KMG,2024-07-24 18:40,120,China Eastern,Business Class,1650,1300.0,True,839.0,Y,Y,Y,1,10,2,32,Wednesday,False,False,False,Kuala Lumpur International Airport,KUL
Yangon International Airport,RGN,2024-07-25 11:25,Kuala Lumpur International Airport,KUL,2024-07-25 15:50,175,Malaysia Airlines,Business Class,175,,,280.0,Y,Y,Y,1,8,2,23,Thursday,False,False,False,Kuala Lumpur International Airport,KUL
Yangon International Airport,RGN,2024-07-25 10:35,Singapore Changi Airport,SIN,2024-07-25 15:20,195,Singapore Airlines,Business Class,335,65.0,,735.0,Y,Y,Y,1,7,1,25,Thursday,False,False,False,Kuala Lumpur International Airport,KUL
Yangon International Airport,RGN,2024-07-25 15:10,Kunming Changshui International Airport,KMG,2024-07-25 18:40,120,China Eastern,Business Class,1650,1300.0,True,839.0,Y,Y,Y,1,10,2,32,Thursday,False,False,False,Kuala Lumpur International Airport,KUL
Yangon International Airport,RGN,2024-07-26 11:25,Kuala Lumpur International Airport,KUL,2024-07-26 15:50,175,Malaysia Airlines,Business Class,175,,,280.0,Y,Y,Y,1,8,2,23,Friday,False,False,False,Kuala Lumpur International Airport,KUL
Yangon International Airport,RGN,2024-07-26 10:35,Singapore Changi Airport,SIN,2024-07-26 15:20,195,Singapore Airlines,Business Class,335,65.0,,837.0,Y,Y,Y,1,7,1,25,Friday,False,False,False,Kuala Lumpur International Airport,KUL
Yangon International Airport,RGN,2024-07-26 10:35,Singapore Changi Airport,SIN,2024-07-26 15:20,195,Singapore Airlines,Business Class,1325,1070.0,True,735.0,Y,Y,Y,1,7,1,25,Friday,False,False,False,Kuala Lumpur International Airport,KUL
Yangon International Airport,RGN,2024-07-26 15:10,Kunming Changshui International Airport,KMG,2024-07-26 18:40,120,China Eastern,Business Class,1650,1300.0,True,839.0,Y,Y,Y,1,10,2,32,Friday,False,False,False,Kuala Lumpur International Airport,KUL
Yangon International Airport,RGN,2024-07-27 11:25,Kuala Lumpur International Airport,KUL,2024-07-27 15:50,175,Malaysia Airlines,Business Class,175,,,280.0,Y,Y,Y,1,8,2,23,Saturday,False,False,False,Kuala Lumpur International Airport,KUL
Yangon International Airport,RGN,2024-07-27 10:35,Singapore Changi Airport,SIN,2024-07-27 15:20,195,Singapore Airlines,Business Class,465,200.0,,837.0,Y,Y,Y,1,7,1,25,Saturday,False,False,False,Kuala Lumpur International Airport,KUL
Yangon International Airport,RGN,2024-07-27 15:10,Kunming Changshui International Airport,KMG,2024-07-27 18:40,120,China Eastern,Business Class,1650,1300.0,True,839.0,Y,Y,Y,1,10,2,32,Saturday,False,False,False,Kuala Lumpur International Airport,KUL
Yangon International Airport,RGN,2024-07-27 10:35,Singapore Changi Airport,SIN,2024-07-27 15:20,195,Singapore Airlines,Business Class,390,125.0,,2145.0,Y,Y,Y,1,7,1,25,Saturday,False,False,False,Kuala Lumpur International Airport,KUL
Yangon International Airport,RGN,2024-07-28 11:25,Kuala Lumpur International Airport,KUL,2024-07-28 15:50,175,Malaysia Airlines,Business Class,175,,,280.0,Y,Y,Y,1,8,2,23,Sunday,False,False,False,Kuala Lumpur International Airport,KUL
Yangon International Airport,RGN,2024-07-28 10:35,Singapore Changi Airport,SIN,2024-07-28 15:20,195,Singapore Airlines,Business Class,1200,945.0,True,735.0,Y,Y,Y,1,7,1,25,Sunday,False,False,False,Kuala Lumpur International Airport,KUL
Yangon International Airport,RGN,2024-07-28 15:10,Kunming Changshui International Airport,KMG,2024-07-28 18:40,120,China Eastern,Business Class,1650,1300.0,True,839.0,Y,Y,Y,1,10,2,32,Sunday,False,False,False,Kuala Lumpur International Airport,KUL
Yangon International Airport,RGN,2024-07-28 10:35,Singapore Changi Airport,SIN,2024-07-28 15:20,195,Singapore Airlines,Business Class,440,175.0,,2145.0,Y,Y,Y,1,7,1,25,Sunday,False,False,False,Kuala Lumpur International Airport,KUL
Yangon International Airport,RGN,2024-07-29 11:25,Kuala Lumpur International Airport,KUL,2024-07-29 15:50,175,Malaysia Airlines,Business Class,175,,,280.0,Y,Y,Y,1,8,2,23,Monday,False,False,False,Kuala Lumpur International Airport,KUL
Yangon International Airport,RGN,2024-07-29 10:35,Singapore Changi Airport,SIN,2024-07-29 15:20,195,Singapore Airlines,Business Class,335,65.0,,735.0,Y,Y,Y,1,7,1,25,Monday,False,False,False,Kuala Lumpur International Airport,KUL
Yangon International Airport,RGN,2024-07-29 15:10,Kunming Changshui International Airport,KMG,2024-07-29 18:40,120,China Eastern,Business Class,1650,1300.0,True,839.0,Y,Y,Y,1,10,2,32,Monday,False,False,False,Kuala Lumpur International Airport,KUL
Yangon International Airport,RGN,2024-07-30 11:25,Kuala Lumpur International Airport,KUL,2024-07-30 15:50,175,Malaysia Airlines,Business Class,175,,,280.0,Y,Y,Y,1,8,2,23,Tuesday,False,False,False,Kuala Lumpur International Airport,KUL
Yangon International Airport,RGN,2024-07-30 10:35,Singapore Changi Airport,SIN,2024-07-30 15:20,195,Singapore Airlines,Business Class,335,65.0,,735.0,Y,Y,Y,1,7,1,25,Tuesday,False,False,False,Kuala Lumpur International Airport,KUL
Yangon International Airport,RGN,2024-07-30 15:10,Kunming Changshui International Airport,KMG,2024-07-30 18:40,120,China Eastern,Business Class,1650,1300.0,True,839.0,Y,Y,Y,1,10,2,32,Tuesday,False,False,False,Kuala Lumpur International Airport,KUL
Yangon International Airport,RGN,2024-07-31 11:25,Kuala Lumpur International Airport,KUL,2024-07-31 15:50,175,Malaysia Airlines,Business Class,175,,,280.0,Y,Y,Y,1,8,2,23,Wednesday,False,False,False,Kuala Lumpur International Airport,KUL
Yangon International Airport,RGN,2024-07-31 10:35,Singapore Changi Airport,SIN,2024-07-31 15:20,195,Singapore Airlines,Business Class,335,65.0,,735.0,Y,Y,Y,1,7,1,25,Wednesday,False,False,False,Kuala Lumpur International Airport,KUL
Yangon International Airport,RGN,2024-07-31 15:10,Kunming Changshui International Airport,KMG,2024-07-31 18:40,120,China Eastern,Business Class,1650,1300.0,True,839.0,Y,Y,Y,1,10,2,32,Wednesday,False,False,False,Kuala Lumpur International Airport,KUL
Yangon International Airport,RGN,2024-08-01 11:25,Kuala Lumpur International Airport,KUL,2024-08-01 15:50,175,Malaysia Airlines,Business Class,175,,,202.0,Y,Y,Y,1,8,2,23,Thursday,False,False,False,Kuala Lumpur International Airport,KUL
Yangon International Airport,RGN,2024-08-01 10:35,Singapore Changi Airport,SIN,2024-08-01 15:20,195,Singapore Airlines,Business Class,335,65.0,,681.0,Y,Y,Y,1,7,1,25,Thursday,False,False,False,Kuala Lumpur International Airport,KUL
Yangon International Airport,RGN,2024-08-01 15:10,Kunming Changshui International Airport,KMG,2024-08-01 18:40,120,China Eastern,Business Class,1650,1300.0,True,768.0,Y,Y,Y,1,10,2,32,Thursday,False,False,False,Kuala Lumpur International Airport,KUL
Yangon International Airport,RGN,2024-08-02 11:25,Kuala Lumpur International Airport,KUL,2024-08-02 15:50,175,Malaysia Airlines,Business Class,175,,,202.0,Y,Y,Y,1,8,2,23,Friday,False,False,False,Kuala Lumpur International Airport,KUL
Yangon International Airport,RGN,2024-08-02 11:25,Guangzhou Baiyun International Airport,CAN,2024-08-02 16:15,200,China Southern,Business Class,735,280.0,,682.0,Y,Y,Y,1,10,2,32,Friday,False,False,False,Kuala Lumpur International Airport,KUL
Yangon International Airport,RGN,2024-08-02 10:35,Singapore Changi Airport,SIN,2024-08-02 15:20,195,Singapore Airlines,Business Class,335,65.0,,763.0,Y,Y,Y,1,7,1,25,Friday,False,False,False,Kuala Lumpur International Airport,KUL
Yangon International Airport,RGN,2024-08-03 11:25,Kuala Lumpur International Airport,KUL,2024-08-03 15:50,175,Malaysia Airlines,Business Class,175,,,202.0,Y,Y,Y,1,8,2,23,Saturday,False,False,False,Kuala Lumpur International Airport,KUL
Yangon International Airport,RGN,2024-08-03 15:10,Kunming Changshui International Airport,KMG,2024-08-03 18:40,120,China Eastern,Business Class,1650,1300.0,True,768.0,Y,Y,Y,1,10,2,32,Saturday,False,False,False,Kuala Lumpur International Airport,KUL
Yangon International Airport,RGN,2024-08-04 11:25,Kuala Lumpur International Airport,KUL,2024-08-04 15:50,175,Malaysia Airlines,Business Class,175,,,202.0,Y,Y,Y,1,8,2,23,Sunday,False,False,False,Kuala Lumpur International Airport,KUL
Yangon International Airport,RGN,2024-08-04 10:35,Singapore Changi Airport,SIN,2024-08-04 15:20,195,Singapore Airlines,Business Class,460,190.0,,598.0,Y,Y,Y,1,7,1,25,Sunday,False,False,False,Kuala Lumpur International Airport,KUL
Yangon International Airport,RGN,2024-08-04 15:10,Kunming Changshui International Airport,KMG,2024-08-04 18:40,120,China Eastern,Business Class,1650,1300.0,True,768.0,Y,Y,Y,1,10,2,32,Sunday,False,False,False,Kuala Lumpur International Airport,KUL
Yangon International Airport,RGN,2024-08-04 10:35,Singapore Changi Airport,SIN,2024-08-04 15:20,195,Singapore Airlines,Business Class,440,175.0,,1746.0,Y,Y,Y,1,7,1,25,Sunday,False,False,False,Kuala Lumpur International Airport,KUL
Yangon International Airport,RGN,2024-08-05 11:25,Guangzhou Baiyun International Airport,CAN,2024-08-05 16:15,200,China Southern,Business Class,735,285.0,,682.0,Y,Y,Y,1,10,2,32,Monday,False,False,False,Kuala Lumpur International Airport,KUL
Yangon International Airport,RGN,2024-08-05 11:25,Guangzhou Baiyun International Airport,CAN,2024-08-05 16:15,200,China Southern,Business Class,535,80.0,,1229.0,Y,Y,Y,1,10,2,32,Monday,False,False,False,Kuala Lumpur International Airport,KUL
Yangon International Airport,RGN,2024-08-05 21:30,Beijing Capital International Airport,PEK,2024-08-06 04:05,305,Air China,Business Class,1440,740.0,True,,Y,Y,Y,2,8,1,30,Monday,True,False,False,Kuala Lumpur International Airport,KUL
Yangon International Airport,RGN,2024-08-06 11:25,Kuala Lumpur International Airport,KUL,2024-08-06 15:50,175,Malaysia Airlines,Business Class,175,,,202.0,Y,Y,Y,1,8,2,23,Tuesday,False,False,False,Kuala Lumpur International Airport,KUL
Yangon International Airport,RGN,2024-08-06 10:35,Singapore Changi Airport,SIN,2024-08-06 15:20,195,Singapore Airlines,Business Class,335,65.0,,598.0,Y,Y,Y,1,7,1,25,Tuesday,False,False,False,Kuala Lumpur International Airport,KUL
Yangon International Airport,RGN,2024-08-06 15:10,Kunming Changshui International Airport,KMG,2024-08-06 18:40,120,China Eastern,Business Class,1650,1300.0,True,768.0,Y,Y,Y,1,10,2,32,Tuesday,False,False,False,Kuala Lumpur International Airport,KUL
Yangon International Airport,RGN,2024-08-07 11:25,Kuala Lumpur International Airport,KUL,2024-08-07 15:50,175,Malaysia Airlines,Business Class,175,,,202.0,Y,Y,Y,1,8,2,23,Wednesday,False,False,False,Kuala Lumpur International Airport,KUL
Yangon International Airport,RGN,2024-08-07 10:35,Singapore Changi Airport,SIN,2024-08-07 15:20,195,Singapore Airlines,Business Class,335,65.0,,598.0,Y,Y,Y,1,7,1,25,Wednesday,False,False,False,Kuala Lumpur International Airport,KUL
Yangon International Airport,RGN,2024-08-07 15:10,Kunming Changshui International Airport,KMG,2024-08-07 18:40,120,China Eastern,Business Class,1650,1300.0,True,768.0,Y,Y,Y,1,10,2,32,Wednesday,False,False,False,Kuala Lumpur International Airport,KUL
Yangon International Airport,RGN,2024-08-08 11:25,Kuala Lumpur International Airport,KUL,2024-08-08 15:50,175,Malaysia Airlines,Business Class,175,,,202.0,Y,Y,Y,1,8,2,23,Thursday,False,False,False,Kuala Lumpur International Airport,KUL
Yangon International Airport,RGN,2024-08-08 10:35,Singapore Changi Airport,SIN,2024-08-08 15:20,195,Singapore Airlines,Business Class,335,65.0,,598.0,Y,Y,Y,1,7,1,25,Thursday,False,False,False,Kuala Lumpur International Airport,KUL
Yangon International Airport,RGN,2024-08-08 15:10,Kunming Changshui International Airport,KMG,2024-08-08 18:40,120,China Eastern,Business Class,1650,1300.0,True,768.0,Y,Y,Y,1,10,2,32,Thursday,False,False,False,Kuala Lumpur International Airport,KUL
Yangon International Airport,RGN,2024-08-09 11:25,Kuala Lumpur International Airport,KUL,2024-08-09 15:50,175,Malaysia Airlines,Business Class,175,,,202.0,Y,Y,Y,1,8,2,23,Friday,False,False,False,Kuala Lumpur International Airport,KUL
Yangon International Airport,RGN,2024-08-09 10:35,Singapore Changi Airport,SIN,2024-08-09 15:20,195,Singapore Airlines,Business Class,335,65.0,,598.0,Y,Y,Y,1,7,1,25,Friday,False,False,False,Kuala Lumpur International Airport,KUL
Yangon International Airport,RGN,2024-08-09 10:35,Singapore Changi Airport,SIN,2024-08-09 15:20,195,Singapore Airlines,Business Class,415,130.0,,1746.0,Y,Y,Y,1,7,1,25,Friday,False,False,False,Kuala Lumpur International Airport,KUL
Yangon International Airport,RGN,2024-08-10 11:25,Kuala Lumpur International Airport,KUL,2024-08-10 15:50,175,Malaysia Airlines,Business Class,175,,,202.0,Y,Y,Y,1,8,2,23,Saturday,False,False,False,Kuala Lumpur International Airport,KUL
Yangon International Airport,RGN,2024-08-10 10:35,Singapore Changi Airport,SIN,2024-08-10 15:20,195,Singapore Airlines,Business Class,460,190.0,,598.0,Y,Y,Y,1,7,1,25,Saturday,False,False,False,Kuala Lumpur International Airport,KUL
Yangon International Airport,RGN,2024-08-10 15:10,Kunming Changshui International Airport,KMG,2024-08-10 18:40,120,China Eastern,Business Class,1650,1300.0,True,768.0,Y,Y,Y,1,10,2,32,Saturday,False,False,False,Kuala Lumpur International Airport,KUL
Yangon International Airport,RGN,2024-08-10 10:35,Singapore Changi Airport,SIN,2024-08-10 15:20,195,Singapore Airlines,Business Class,440,175.0,,1746.0,Y,Y,Y,1,7,1,25,Saturday,False,False,False,Kuala Lumpur International Airport,KUL
Yangon International Airport,RGN,2024-08-11 11:25,Kuala Lumpur International Airport,KUL,2024-08-11 15:50,175,Malaysia Airlines,Business Class,175,,,202.0,Y,Y,Y,1,8,2,23,Sunday,False,False,False,Kuala Lumpur International Airport,KUL
Yangon International Airport,RGN,2024-08-11 10:35,Singapore Changi Airport,SIN,2024-08-11 15:20,195,Singapore Airlines,Business Class,465,200.0,,598.0,Y,Y,Y,1,7,1,25,Sunday,False,False,False,Kuala Lumpur International Airport,KUL
Yangon International Airport,RGN,2024-08-11 15:10,Kunming Changshui International Airport,KMG,2024-08-11 18:40,120,China Eastern,Business Class,1650,1300.0,True,768.0,Y,Y,Y,1,10,2,32,Sunday,False,False,False,Kuala Lumpur International Airport,KUL
Yangon International Airport,RGN,2024-08-11 10:35,Singapore Changi Airport,SIN,2024-08-11 15:20,195,Singapore Airlines,Business Class,415,130.0,,1746.0,Y,Y,Y,1,7,1,25,Sunday,False,False,False,Kuala Lumpur International Airport,KUL
Yangon International Airport,RGN,2024-08-12 11:25,Kuala Lumpur International Airport,KUL,2024-08-12 15:50,175,Malaysia Airlines,Business Class,175,,,202.0,Y,Y,Y,1,8,2,23,Monday,False,False,False,Kuala Lumpur International Airport,KUL
Yangon International Airport,RGN,2024-08-12 10:35,Singapore Changi Airport,SIN,2024-08-12 15:20,195,Singapore Airlines,Business Class,335,65.0,,598.0,Y,Y,Y,1,7,1,25,Monday,False,False,False,Kuala Lumpur International Airport,KUL
Yangon International Airport,RGN,2024-08-13 11:25,Kuala Lumpur International Airport,KUL,2024-08-13 15:50,175,Malaysia Airlines,Business Class,175,,,202.0,Y,Y,Y,1,8,2,23,Tuesday,False,False,False,Kuala Lumpur International Airport,KUL
Yangon International Airport,RGN,2024-08-13 10:35,Singapore Changi Airport,SIN,2024-08-13 15:20,195,Singapore Airlines,Business Class,335,65.0,,598.0,Y,Y,Y,1,7,1,25,Tuesday,False,False,False,Kuala Lumpur International Airport,KUL
Yangon International Airport,RGN,2024-08-13 15:10,Kunming Changshui International Airport,KMG,2024-08-13 18:40,120,China Eastern,Business Class,1650,1300.0,True,768.0,Y,Y,Y,1,10,2,32,Tuesday,False,False,False,Kuala Lumpur International Airport,KUL
Yangon International Airport,RGN,2024-08-14 11:25,Kuala Lumpur International Airport,KUL,2024-08-14 15:50,175,Malaysia Airlines,Business Class,175,,,202.0,Y,Y,Y,1,8,2,23,Wednesday,False,False,False,Kuala Lumpur International Airport,KUL
Yangon International Airport,RGN,2024-08-14 10:35,Singapore Changi Airport,SIN,2024-08-14 15:20,195,Singapore Airlines,Business Class,335,65.0,,598.0,Y,Y,Y,1,7,1,25,Wednesday,False,False,False,Kuala Lumpur International Airport,KUL
Yangon International Airport,RGN,2024-08-14 15:10,Kunming Changshui International Airport,KMG,2024-08-14 18:40,120,China Eastern,Business Class,1650,1300.0,True,768.0,Y,Y,Y,1,10,2,32,Wednesday,False,False,False,Kuala Lumpur International Airport,KUL
Yangon International Airport,RGN,2024-08-15 11:25,Kuala Lumpur International Airport,KUL,2024-08-15 15:50,175,Malaysia Airlines,Business Class,175,,,202.0,Y,Y,Y,1,8,2,23,Thursday,False,False,False,Kuala Lumpur International Airport,KUL
Yangon International Airport,RGN,2024-08-15 10:35,Singapore Changi Airport,SIN,2024-08-15 15:20,195,Singapore Airlines,Business Class,335,65.0,,598.0,Y,Y,Y,1,7,1,25,Thursday,False,False,False,Kuala Lumpur International Airport,KUL
Yangon International Airport,RGN,2024-08-15 15:10,Kunming Changshui International Airport,KMG,2024-08-15 18:40,120,China Eastern,Business Class,1650,1300.0,True,768.0,Y,Y,Y,1,10,2,32,Thursday,False,False,False,Kuala Lumpur International Airport,KUL
Yangon International Airport,RGN,2024-08-16 11:25,Kuala Lumpur International Airport,KUL,2024-08-16 15:50,175,Malaysia Airlines,Business Class,175,,,202.0,Y,Y,Y,1,8,2,23,Friday,False,False,False,Kuala Lumpur International Airport,KUL
Yangon International Airport,RGN,2024-08-16 10:35,Singapore Changi Airport,SIN,2024-08-16 15:20,195,Singapore Airlines,Business Class,335,65.0,,681.0,Y,Y,Y,1,7,1,25,Friday,False,False,False,Kuala Lumpur International Airport,KUL
Yangon International Airport,RGN,2024-08-17 11:25,Kuala Lumpur International Airport,KUL,2024-08-17 15:50,175,Malaysia Airlines,Business Class,175,,,202.0,Y,Y,Y,1,8,2,23,Saturday,False,False,False,Kuala Lumpur International Airport,KUL
Yangon International Airport,RGN,2024-08-17 10:35,Singapore Changi Airport,SIN,2024-08-17 15:20,195,Singapore Airlines,Business Class,460,190.0,,598.0,Y,Y,Y,1,7,1,25,Saturday,False,False,False,Kuala Lumpur International Airport,KUL
Yangon International Airport,RGN,2024-08-17 15:10,Kunming Changshui International Airport,KMG,2024-08-17 18:40,120,China Eastern,Business Class,1650,1300.0,True,768.0,Y,Y,Y,1,10,2,32,Saturday,False,False,False,Kuala Lumpur International Airport,KUL
Yangon International Airport,RGN,2024-08-17 10:35,Singapore Changi Airport,SIN,2024-08-17 15:20,195,Singapore Airlines,Business Class,440,175.0,,1746.0,Y,Y,Y,1,7,1,25,Saturday,False,False,False,Kuala Lumpur International Airport,KUL
Yangon International Airport,RGN,2024-08-18 11:25,Kuala Lumpur International Airport,KUL,2024-08-18 15:50,175,Malaysia Airlines,Business Class,175,,,202.0,Y,Y,Y,1,8,2,23,Sunday,False,False,False,Kuala Lumpur International Airport,KUL
Yangon International Airport,RGN,2024-08-18 10:35,Singapore Changi Airport,SIN,2024-08-18 15:20,195,Singapore Airlines,Business Class,460,190.0,,598.0,Y,Y,Y,1,7,1,25,Sunday,False,False,False,Kuala Lumpur International Airport,KUL
Yangon International Airport,RGN,2024-08-18 15:10,Kunming Changshui International Airport,KMG,2024-08-18 18:40,120,China Eastern,Business Class,1650,1300.0,True,768.0,Y,Y,Y,1,10,2,32,Sunday,False,False,False,Kuala Lumpur International Airport,KUL
Yangon International Airport,RGN,2024-08-18 10:35,Singapore Changi Airport,SIN,2024-08-18 15:20,195,Singapore Airlines,Business Class,440,175.0,,1746.0,Y,Y,Y,1,7,1,25,Sunday,False,False,False,Kuala Lumpur International Airport,KUL
Yangon International Airport,RGN,2024-08-19 11:25,Kuala Lumpur International Airport,KUL,2024-08-19 15:50,175,Malaysia Airlines,Business Class,175,,,202.0,Y,Y,Y,1,8,2,23,Monday,False,False,False,Kuala Lumpur International Airport,KUL
Yangon International Airport,RGN,2024-08-19 10:35,Singapore Changi Airport,SIN,2024-08-19 15:20,195,Singapore Airlines,Business Class,335,65.0,,598.0,Y,Y,Y,1,7,1,25,Monday,False,False,False,Kuala Lumpur International Airport,KUL
Yangon International Airport,RGN,2024-08-20 11:25,Kuala Lumpur International Airport,KUL,2024-08-20 15:50,175,Malaysia Airlines,Business Class,175,,,202.0,Y,Y,Y,1,8,2,23,Tuesday,False,False,False,Kuala Lumpur International Airport,KUL
Yangon International Airport,RGN,2024-08-20 10:35,Singapore Changi Airport,SIN,2024-08-20 15:20,195,Singapore Airlines,Business Class,335,65.0,,598.0,Y,Y,Y,1,7,1,25,Tuesday,False,False,False,Kuala Lumpur International Airport,KUL
Yangon International Airport,RGN,2024-08-20 15:10,Kunming Changshui International Airport,KMG,2024-08-20 18:40,120,China Eastern,Business Class,1650,1300.0,True,768.0,Y,Y,Y,1,10,2,32,Tuesday,False,False,False,Kuala Lumpur International Airport,KUL
Yangon International Airport,RGN,2024-08-21 11:25,Kuala Lumpur International Airport,KUL,2024-08-21 15:50,175,Malaysia Airlines,Business Class,175,,,202.0,Y,Y,Y,1,8,2,23,Wednesday,False,False,False,Kuala Lumpur International Airport,KUL
Yangon International Airport,RGN,2024-08-21 10:35,Singapore Changi Airport,SIN,2024-08-21 15:20,195,Singapore Airlines,Business Class,335,65.0,,598.0,Y,Y,Y,1,7,1,25,Wednesday,False,False,False,Kuala Lumpur International Airport,KUL
Yangon International Airport,RGN,2024-08-21 15:10,Kunming Changshui International Airport,KMG,2024-08-21 18:40,120,China Eastern,Business Class,1650,1300.0,True,768.0,Y,Y,Y,1,10,2,32,Wednesday,False,False,False,Kuala Lumpur International Airport,KUL
Yangon International Airport,RGN,2024-08-22 11:25,Kuala Lumpur International Airport,KUL,2024-08-22 15:50,175,Malaysia Airlines,Business Class,175,,,202.0,Y,Y,Y,1,8,2,23,Thursday,False,False,False,Kuala Lumpur International Airport,KUL
Yangon International Airport,RGN,2024-08-22 10:35,Singapore Changi Airport,SIN,2024-08-22 15:20,195,Singapore Airlines,Business Class,335,65.0,,598.0,Y,Y,Y,1,7,1,25,Thursday,False,False,False,Kuala Lumpur International Airport,KUL
Yangon International Airport,RGN,2024-08-22 15:10,Kunming Changshui International Airport,KMG,2024-08-22 18:40,120,China Eastern,Business Class,1650,1300.0,True,768.0,Y,Y,Y,1,10,2,32,Thursday,False,False,False,Kuala Lumpur International Airport,KUL
Yangon International Airport,RGN,2024-08-23 11:25,Kuala Lumpur International Airport,KUL,2024-08-23 15:50,175,Malaysia Airlines,Business Class,175,,,202.0,Y,Y,Y,1,8,2,23,Friday,False,False,False,Kuala Lumpur International Airport,KUL
Yangon International Airport,RGN,2024-08-23 10:35,Singapore Changi Airport,SIN,2024-08-23 15:20,195,Singapore Airlines,Business Class,335,65.0,,681.0,Y,Y,Y,1,7,1,25,Friday,False,False,False,Kuala Lumpur International Airport,KUL
Yangon International Airport,RGN,2024-08-24 11:25,Kuala Lumpur International Airport,KUL,2024-08-24 15:50,175,Malaysia Airlines,Business Class,175,,,202.0,Y,Y,Y,1,8,2,23,Saturday,False,False,False,Kuala Lumpur International Airport,KUL
Yangon International Airport,RGN,2024-08-24 10:35,Singapore Changi Airport,SIN,2024-08-24 15:20,195,Singapore Airlines,Business Class,460,190.0,,598.0,Y,Y,Y,1,7,1,25,Saturday,False,False,False,Kuala Lumpur International Airport,KUL
Yangon International Airport,RGN,2024-08-24 15:10,Kunming Changshui International Airport,KMG,2024-08-24 18:40,120,China Eastern,Business Class,1650,1300.0,True,904.0,Y,Y,Y,1,10,2,32,Saturday,False,False,False,Kuala Lumpur International Airport,KUL
Yangon International Airport,RGN,2024-08-24 10:35,Singapore Changi Airport,SIN,2024-08-24 15:20,195,Singapore Airlines,Business Class,440,175.0,,1746.0,Y,Y,Y,1,7,1,25,Saturday,False,False,False,Kuala Lumpur International Airport,KUL
Yangon International Airport,RGN,2024-08-25 11:25,Kuala Lumpur International Airport,KUL,2024-08-25 15:50,175,Malaysia Airlines,Business Class,175,,,202.0,Y,Y,Y,1,8,2,23,Sunday,False,False,False,Kuala Lumpur International Airport,KUL
Yangon International Airport,RGN,2024-08-25 10:35,Singapore Changi Airport,SIN,2024-08-25 15:20,195,Singapore Airlines,Business Class,460,190.0,,598.0,Y,Y,Y,1,7,1,25,Sunday,False,False,False,Kuala Lumpur International Airport,KUL
Yangon International Airport,RGN,2024-08-25 15:10,Kunming Changshui International Airport,KMG,2024-08-25 18:40,120,China Eastern,Business Class,1650,1300.0,True,904.0,Y,Y,Y,1,10,2,32,Sunday,False,False,False,Kuala Lumpur International Airport,KUL
Yangon International Airport,RGN,2024-08-25 10:35,Singapore Changi Airport,SIN,2024-08-25 15:20,195,Singapore Airlines,Business Class,440,175.0,,1746.0,Y,Y,Y,1,7,1,25,Sunday,False,False,False,Kuala Lumpur International Airport,KUL
Yangon International Airport,RGN,2024-08-26 11:25,Kuala Lumpur International Airport,KUL,2024-08-26 15:50,175,Malaysia Airlines,Business Class,175,,,202.0,Y,Y,Y,1,8,2,23,Monday,False,False,False,Kuala Lumpur International Airport,KUL
Yangon International Airport,RGN,2024-08-26 10:35,Singapore Changi Airport,SIN,2024-08-26 15:20,195,Singapore Airlines,Business Class,335,65.0,,598.0,Y,Y,Y,1,7,1,25,Monday,False,False,False,Kuala Lumpur International Airport,KUL
Yangon International Airport,RGN,2024-08-26 15:10,Kunming Changshui International Airport,KMG,2024-08-26 18:40,120,China Eastern,Business Class,1650,1300.0,True,904.0,Y,Y,Y,1,10,2,32,Monday,False,False,False,Kuala Lumpur International Airport,KUL
Yangon International Airport,RGN,2024-08-27 11:25,Kuala Lumpur International Airport,KUL,2024-08-27 15:50,175,Malaysia Airlines,Business Class,175,,,202.0,Y,Y,Y,1,8,2,23,Tuesday,False,False,False,Kuala Lumpur International Airport,KUL
Yangon International Airport,RGN,2024-08-27 10:35,Singapore Changi Airport,SIN,2024-08-27 15:20,195,Singapore Airlines,Business Class,335,65.0,,598.0,Y,Y,Y,1,7,1,25,Tuesday,False,False,False,Kuala Lumpur International Airport,KUL
Yangon International Airport,RGN,2024-08-27 15:10,Kunming Changshui International Airport,KMG,2024-08-27 18:40,120,China Eastern,Business Class,1650,1300.0,True,904.0,Y,Y,Y,1,10,2,32,Tuesday,False,False,False,Kuala Lumpur International Airport,KUL
Yangon International Airport,RGN,2024-08-28 11:25,Kuala Lumpur International Airport,KUL,2024-08-28 15:50,175,Malaysia Airlines,Business Class,175,,,202.0,Y,Y,Y,1,8,2,23,Wednesday,False,False,False,Kuala Lumpur International Airport,KUL
Yangon International Airport,RGN,2024-08-28 10:35,Singapore Changi Airport,SIN,2024-08-28 15:20,195,Singapore Airlines,Business Class,335,65.0,,598.0,Y,Y,Y,1,7,1,25,Wednesday,False,False,False,Kuala Lumpur International Airport,KUL
Yangon International Airport,RGN,2024-08-28 15:10,Kunming Changshui International Airport,KMG,2024-08-28 18:40,120,China Eastern,Business Class,1650,1300.0,True,904.0,Y,Y,Y,1,10,2,32,Wednesday,False,False,False,Kuala Lumpur International Airport,KUL
Yangon International Airport,RGN,2024-08-29 11:25,Kuala Lumpur International Airport,KUL,2024-08-29 15:50,175,Malaysia Airlines,Business Class,175,,,202.0,Y,Y,Y,1,8,2,23,Thursday,False,False,False,Kuala Lumpur International Airport,KUL
Yangon International Airport,RGN,2024-08-29 10:35,Singapore Changi Airport,SIN,2024-08-29 15:20,195,Singapore Airlines,Business Class,335,65.0,,598.0,Y,Y,Y,1,7,1,25,Thursday,False,False,False,Kuala Lumpur International Airport,KUL
Yangon International Airport,RGN,2024-08-29 15:10,Kunming Changshui International Airport,KMG,2024-08-29 18:40,120,China Eastern,Business Class,1650,1300.0,True,904.0,Y,Y,Y,1,10,2,32,Thursday,False,False,False,Kuala Lumpur International Airport,KUL
Yangon International Airport,RGN,2024-08-30 11:25,Kuala Lumpur International Airport,KUL,2024-08-30 15:50,175,Malaysia Airlines,Business Class,175,,,202.0,Y,Y,Y,1,8,2,23,Friday,False,False,False,Kuala Lumpur International Airport,KUL
Yangon International Airport,RGN,2024-08-30 10:35,Singapore Changi Airport,SIN,2024-08-30 15:20,195,Singapore Airlines,Business Class,335,65.0,,598.0,Y,Y,Y,1,7,1,25,Friday,False,False,False,Kuala Lumpur International Airport,KUL
Yangon International Airport,RGN,2024-08-30 15:10,Kunming Changshui International Airport,KMG,2024-08-30 18:40,120,China Eastern,Business Class,1650,1300.0,True,904.0,Y,Y,Y,1,10,2,32,Friday,False,False,False,Kuala Lumpur International Airport,KUL
Yangon International Airport,RGN,2024-08-31 11:25,Kuala Lumpur International Airport,KUL,2024-08-31 15:50,175,Malaysia Airlines,Business Class,175,,,202.0,Y,Y,Y,1,8,2,23,Saturday,False,False,True,Kuala Lumpur International Airport,KUL
Yangon International Airport,RGN,2024-08-31 10:35,Singapore Changi Airport,SIN,2024-08-31 15:20,195,Singapore Airlines,Business Class,460,190.0,,681.0,Y,Y,Y,1,7,1,25,Saturday,False,False,True,Kuala Lumpur International Airport,KUL
Yangon International Airport,RGN,2024-08-31 15:10,Kunming Changshui International Airport,KMG,2024-08-31 18:40,120,China Eastern,Business Class,1650,1300.0,True,904.0,Y,Y,Y,1,10,2,32,Saturday,False,False,True,Kuala Lumpur International Airport,KUL
Yangon International Airport,RGN,2024-08-31 10:35,Singapore Changi Airport,SIN,2024-08-31 15:20,195,Singapore Airlines,Business Class,440,175.0,,1746.0,Y,Y,Y,1,7,1,25,Saturday,False,False,True,Kuala Lumpur International Airport,KUL
