Departure Airport Name,Departure Airport ID,Departure Time,Arrival Airport Name,Arrival Airport ID,Arrival Time,Duration,Airline,Travel Class,Total Duration,Layover 1 Duration,Layover 1 Overnight,Price, Cabin Baggage, Checked Baggage,Meal Included,Cabin Baggage (Number),Cabin Baggage (kg per piece),Checked Baggage (Number),Checked Baggage (kg per piece) ,Day of Week (on flight date),Overnight Flight,Departure Country Is Holiday,Arrival Country Is Holiday,Final Arrival Airport Name,Final Arrival Airport ID
Tan Son Nhat International Airport,SGN,2024-07-01 19:40,Kuala Lumpur International Airport,KUL,2024-07-01 22:30,110,Malaysia Airlines,Business Class,915,640,True,865,Y,Y,Y,1,8,2,23,Monday,False,False,False,Yangon International Airport,RGN
Tan Son Nhat International Airport,SGN,2024-07-01 02:35,Guangzhou Baiyun International Airport,CAN,2024-07-01 06:40,185,China Southern,Business Class,490,100,,876,Y,Y,Y,1,10,2,32,Monday,False,False,False,Yangon International Airport,RGN
Tan Son Nhat International Airport,SGN,2024-07-01 19:40,Singapore Changi Airport,SIN,2024-07-01 22:40,120,Singapore Airlines,Business Class,850,555,True,1007,Y,Y,Y,1,7,1,25,Monday,False,False,False,Yangon International Airport,RGN
Tan Son Nhat International Airport,SGN,2024-07-01 19:40,Kuala Lumpur International Airport,KUL,2024-07-01 22:30,110,Malaysia Airlines,Business Class,1090,815,True,1106,Y,Y,Y,1,8,2,23,Monday,False,False,False,Yangon International Airport,RGN
Tan Son Nhat International Airport,SGN,2024-07-01 17:45,Taiwan Taoyuan International Airport,TPE,2024-07-01 22:15,210,China Airlines,Business Class,980,525,True,2111,Y,Y,Y,2,7,2,32,Monday,False,False,False,Yangon International Airport,RGN
Tan Son Nhat International Airport,SGN,2024-07-02 19:40,Singapore Changi Airport,SIN,2024-07-02 22:40,120,Singapore Airlines,Business Class,850,555,True,860,Y,Y,Y,1,7,1,25,Tuesday,False,False,False,Yangon International Airport,RGN
Tan Son Nhat International Airport,SGN,2024-07-02 19:40,Kuala Lumpur International Airport,KUL,2024-07-02 22:30,110,Malaysia Airlines,Business Class,915,640,True,865,Y,Y,Y,1,8,2,23,Tuesday,False,False,False,Yangon International Airport,RGN
Tan Son Nhat International Airport,SGN,2024-07-02 15:45,Guangzhou Baiyun International Airport,CAN,2024-07-02 19:40,175,China Southern,Business Class,1140,760,True,876,Y,Y,Y,1,10,2,32,Tuesday,False,False,False,Yangon International Airport,RGN
Tan Son Nhat International Airport,SGN,2024-07-02 19:10,Kunming Changshui International Airport,KMG,2024-07-02 23:00,170,China Eastern,Business Class,1170,880,True,895,Y,Y,Y,1,10,2,32,Tuesday,False,False,False,Yangon International Airport,RGN
Tan Son Nhat International Airport,SGN,2024-07-02 19:40,Kuala Lumpur International Airport,KUL,2024-07-02 22:30,110,Malaysia Airlines,Business Class,1090,815,True,1106,Y,Y,Y,1,8,2,23,Tuesday,False,False,False,Yangon International Airport,RGN
Tan Son Nhat International Airport,SGN,2024-07-03 19:40,Singapore Changi Airport,SIN,2024-07-03 22:40,120,Singapore Airlines,Business Class,850,555,True,860,Y,Y,Y,1,7,1,25,Wednesday,False,False,False,Yangon International Airport,RGN
Tan Son Nhat International Airport,SGN,2024-07-03 19:40,Kuala Lumpur International Airport,KUL,2024-07-03 22:30,110,Malaysia Airlines,Business Class,915,640,True,865,Y,Y,Y,1,8,2,23,Wednesday,False,False,False,Yangon International Airport,RGN
Tan Son Nhat International Airport,SGN,2024-07-03 02:35,Guangzhou Baiyun International Airport,CAN,2024-07-03 06:40,185,China Southern,Business Class,490,100,,1630,Y,Y,Y,1,10,2,32,Wednesday,False,False,False,Yangon International Airport,RGN
Tan Son Nhat International Airport,SGN,2024-07-03 19:40,Kuala Lumpur International Airport,KUL,2024-07-03 22:30,110,Malaysia Airlines,Business Class,1090,815,True,1106,Y,Y,Y,1,8,2,23,Wednesday,False,False,False,Yangon International Airport,RGN
Tan Son Nhat International Airport,SGN,2024-07-03 17:45,Taiwan Taoyuan International Airport,TPE,2024-07-03 22:15,210,China Airlines,Business Class,980,525,True,2111,Y,Y,Y,2,7,2,32,Wednesday,False,False,False,Yangon International Airport,RGN
Tan Son Nhat International Airport,SGN,2024-07-04 19:40,Singapore Changi Airport,SIN,2024-07-04 22:40,120,Singapore Airlines,Business Class,850,555,True,1007,Y,Y,Y,1,7,1,25,Thursday,False,False,False,Yangon International Airport,RGN
Tan Son Nhat International Airport,SGN,2024-07-04 15:45,Guangzhou Baiyun International Airport,CAN,2024-07-04 19:40,175,China Southern,Business Class,1140,760,True,876,Y,Y,Y,1,10,2,32,Thursday,False,False,False,Yangon International Airport,RGN
Tan Son Nhat International Airport,SGN,2024-07-04 19:10,Kunming Changshui International Airport,KMG,2024-07-04 23:00,170,China Eastern,Business Class,1170,880,True,895,Y,Y,Y,1,10,2,32,Thursday,False,False,False,Yangon International Airport,RGN
Tan Son Nhat International Airport,SGN,2024-07-04 19:40,Kuala Lumpur International Airport,KUL,2024-07-04 22:30,110,Malaysia Airlines,Business Class,1090,815,True,1106,Y,Y,Y,1,8,2,23,Thursday,False,False,False,Yangon International Airport,RGN
Tan Son Nhat International Airport,SGN,2024-07-05 19:40,Singapore Changi Airport,SIN,2024-07-05 22:40,120,Singapore Airlines,Business Class,850,555,True,860,Y,Y,Y,1,7,1,25,Friday,False,False,False,Yangon International Airport,RGN
Tan Son Nhat International Airport,SGN,2024-07-05 02:35,Guangzhou Baiyun International Airport,CAN,2024-07-05 06:40,185,China Southern,Business Class,490,100,,876,Y,Y,Y,1,10,2,32,Friday,False,False,False,Yangon International Airport,RGN
Tan Son Nhat International Airport,SGN,2024-07-05 16:40,Kuala Lumpur International Airport,KUL,2024-07-05 19:40,120,Malaysia Airlines,Business Class,1095,810,True,876,Y,Y,Y,1,8,2,23,Friday,False,False,False,Yangon International Airport,RGN
Tan Son Nhat International Airport,SGN,2024-07-05 15:45,Guangzhou Baiyun International Airport,CAN,2024-07-05 19:40,175,China Southern,Business Class,1140,760,True,876,Y,Y,Y,1,10,2,32,Friday,False,False,False,Yangon International Airport,RGN
Tan Son Nhat International Airport,SGN,2024-07-05 16:40,Kuala Lumpur International Airport,KUL,2024-07-05 19:40,120,Malaysia Airlines,Business Class,1270,985,True,1106,Y,Y,Y,1,8,2,23,Friday,False,False,False,Yangon International Airport,RGN
Tan Son Nhat International Airport,SGN,2024-07-05 17:45,Taiwan Taoyuan International Airport,TPE,2024-07-05 22:15,210,China Airlines,Business Class,980,525,True,2111,Y,Y,Y,2,7,2,32,Friday,False,False,False,Yangon International Airport,RGN
Tan Son Nhat International Airport,SGN,2024-07-06 19:40,Kuala Lumpur International Airport,KUL,2024-07-06 22:30,110,Malaysia Airlines,Business Class,915,640,True,865,Y,Y,Y,1,8,2,23,Saturday,False,False,False,Yangon International Airport,RGN
Tan Son Nhat International Airport,SGN,2024-07-06 19:40,Singapore Changi Airport,SIN,2024-07-06 22:40,120,Singapore Airlines,Business Class,850,555,True,1166,Y,Y,Y,1,7,1,25,Saturday,False,False,False,Yangon International Airport,RGN
Tan Son Nhat International Airport,SGN,2024-07-06 02:35,Guangzhou Baiyun International Airport,CAN,2024-07-06 06:40,185,China Southern,Business Class,490,100,,1190,Y,Y,Y,1,10,2,32,Saturday,False,False,False,Yangon International Airport,RGN
Tan Son Nhat International Airport,SGN,2024-07-06 19:10,Kunming Changshui International Airport,KMG,2024-07-06 23:00,170,China Eastern,Business Class,1170,880,True,895,Y,Y,Y,1,10,2,32,Saturday,False,False,False,Yangon International Airport,RGN
Tan Son Nhat International Airport,SGN,2024-07-06 19:40,Kuala Lumpur International Airport,KUL,2024-07-06 22:30,110,Malaysia Airlines,Business Class,1090,815,True,1106,Y,Y,Y,1,8,2,23,Saturday,False,False,False,Yangon International Airport,RGN
Tan Son Nhat International Airport,SGN,2024-07-07 19:40,Kuala Lumpur International Airport,KUL,2024-07-07 22:30,110,Malaysia Airlines,Business Class,915,640,True,865,Y,Y,Y,1,8,2,23,Sunday,False,False,False,Yangon International Airport,RGN
Tan Son Nhat International Airport,SGN,2024-07-07 15:45,Guangzhou Baiyun International Airport,CAN,2024-07-07 19:40,175,China Southern,Business Class,1140,760,True,876,Y,Y,Y,1,10,2,32,Sunday,False,False,False,Yangon International Airport,RGN
Tan Son Nhat International Airport,SGN,2024-07-07 19:40,Singapore Changi Airport,SIN,2024-07-07 22:40,120,Singapore Airlines,Business Class,850,555,True,1007,Y,Y,Y,1,7,1,25,Sunday,False,False,False,Yangon International Airport,RGN
Tan Son Nhat International Airport,SGN,2024-07-07 19:40,Kuala Lumpur International Airport,KUL,2024-07-07 22:30,110,Malaysia Airlines,Business Class,1090,815,True,1106,Y,Y,Y,1,8,2,23,Sunday,False,False,False,Yangon International Airport,RGN
Tan Son Nhat International Airport,SGN,2024-07-08 19:40,Singapore Changi Airport,SIN,2024-07-08 22:40,120,Singapore Airlines,Business Class,850,555,True,860,Y,Y,Y,1,7,1,25,Monday,False,False,False,Yangon International Airport,RGN
Tan Son Nhat International Airport,SGN,2024-07-08 19:40,Kuala Lumpur International Airport,KUL,2024-07-08 22:30,110,Malaysia Airlines,Business Class,915,640,True,865,Y,Y,Y,1,8,2,23,Monday,False,False,False,Yangon International Airport,RGN
Tan Son Nhat International Airport,SGN,2024-07-08 02:35,Guangzhou Baiyun International Airport,CAN,2024-07-08 06:40,185,China Southern,Business Class,490,100,,876,Y,Y,Y,1,10,2,32,Monday,False,False,False,Yangon International Airport,RGN
Tan Son Nhat International Airport,SGN,2024-07-08 19:40,Kuala Lumpur International Airport,KUL,2024-07-08 22:30,110,Malaysia Airlines,Business Class,1090,815,True,1106,Y,Y,Y,1,8,2,23,Monday,False,False,False,Yangon International Airport,RGN
Tan Son Nhat International Airport,SGN,2024-07-08 17:45,Taiwan Taoyuan International Airport,TPE,2024-07-08 22:15,210,China Airlines,Business Class,980,525,True,2111,Y,Y,Y,2,7,2,32,Monday,False,False,False,Yangon International Airport,RGN
Tan Son Nhat International Airport,SGN,2024-07-09 19:40,Kuala Lumpur International Airport,KUL,2024-07-09 22:30,110,Malaysia Airlines,Business Class,915,640,True,865,Y,Y,Y,1,8,2,23,Tuesday,False,False,False,Yangon International Airport,RGN
Tan Son Nhat International Airport,SGN,2024-07-09 15:45,Guangzhou Baiyun International Airport,CAN,2024-07-09 19:40,175,China Southern,Business Class,1140,760,True,876,Y,Y,Y,1,10,2,32,Tuesday,False,False,False,Yangon International Airport,RGN
Tan Son Nhat International Airport,SGN,2024-07-09 19:10,Kunming Changshui International Airport,KMG,2024-07-09 23:00,170,China Eastern,Business Class,1170,880,True,895,Y,Y,Y,1,10,2,32,Tuesday,False,False,False,Yangon International Airport,RGN
Tan Son Nhat International Airport,SGN,2024-07-09 19:40,Kuala Lumpur International Airport,KUL,2024-07-09 22:30,110,Malaysia Airlines,Business Class,1090,815,True,1106,Y,Y,Y,1,8,2,23,Tuesday,False,False,False,Yangon International Airport,RGN
Tan Son Nhat International Airport,SGN,2024-07-09 19:40,Singapore Changi Airport,SIN,2024-07-09 22:40,120,Singapore Airlines,Business Class,850,555,True,1382,Y,Y,Y,1,7,1,25,Tuesday,False,False,False,Yangon International Airport,RGN
Tan Son Nhat International Airport,SGN,2024-07-10 19:40,Singapore Changi Airport,SIN,2024-07-10 22:40,120,Singapore Airlines,Business Class,850,555,True,860,Y,Y,Y,1,7,1,25,Wednesday,False,False,False,Yangon International Airport,RGN
Tan Son Nhat International Airport,SGN,2024-07-10 19:40,Kuala Lumpur International Airport,KUL,2024-07-10 22:30,110,Malaysia Airlines,Business Class,915,640,True,865,Y,Y,Y,1,8,2,23,Wednesday,False,False,False,Yangon International Airport,RGN
Tan Son Nhat International Airport,SGN,2024-07-10 02:35,Guangzhou Baiyun International Airport,CAN,2024-07-10 06:40,185,China Southern,Business Class,490,100,,876,Y,Y,Y,1,10,2,32,Wednesday,False,False,False,Yangon International Airport,RGN
Tan Son Nhat International Airport,SGN,2024-07-10 19:40,Kuala Lumpur International Airport,KUL,2024-07-10 22:30,110,Malaysia Airlines,Business Class,1090,815,True,1106,Y,Y,Y,1,8,2,23,Wednesday,False,False,False,Yangon International Airport,RGN
Tan Son Nhat International Airport,SGN,2024-07-10 10:50,Taiwan Taoyuan International Airport,TPE,2024-07-10 15:20,210,China Airlines,Business Class,1395,940,True,2111,Y,Y,Y,2,7,2,32,Wednesday,False,False,False,Yangon International Airport,RGN
Tan Son Nhat International Airport,SGN,2024-07-11 19:40,Singapore Changi Airport,SIN,2024-07-11 22:40,120,Singapore Airlines,Business Class,850,555,True,860,Y,Y,Y,1,7,1,25,Thursday,False,False,False,Yangon International Airport,RGN
Tan Son Nhat International Airport,SGN,2024-07-11 19:40,Kuala Lumpur International Airport,KUL,2024-07-11 22:30,110,Malaysia Airlines,Business Class,915,640,True,865,Y,Y,Y,1,8,2,23,Thursday,False,False,False,Yangon International Airport,RGN
Tan Son Nhat International Airport,SGN,2024-07-11 15:45,Guangzhou Baiyun International Airport,CAN,2024-07-11 19:40,175,China Southern,Business Class,1140,760,True,876,Y,Y,Y,1,10,2,32,Thursday,False,False,False,Yangon International Airport,RGN
Tan Son Nhat International Airport,SGN,2024-07-11 19:10,Kunming Changshui International Airport,KMG,2024-07-11 23:00,170,China Eastern,Business Class,1170,880,True,895,Y,Y,Y,1,10,2,32,Thursday,False,False,False,Yangon International Airport,RGN
Tan Son Nhat International Airport,SGN,2024-07-11 19:40,Kuala Lumpur International Airport,KUL,2024-07-11 22:30,110,Malaysia Airlines,Business Class,1090,815,True,1106,Y,Y,Y,1,8,2,23,Thursday,False,False,False,Yangon International Airport,RGN
Tan Son Nhat International Airport,SGN,2024-07-12 19:40,Singapore Changi Airport,SIN,2024-07-12 22:40,120,Singapore Airlines,Business Class,850,555,True,860,Y,Y,Y,1,7,1,25,Friday,False,False,False,Yangon International Airport,RGN
Tan Son Nhat International Airport,SGN,2024-07-12 19:40,Kuala Lumpur International Airport,KUL,2024-07-12 22:30,110,Malaysia Airlines,Business Class,915,640,True,865,Y,Y,Y,1,8,2,23,Friday,False,False,False,Yangon International Airport,RGN
Tan Son Nhat International Airport,SGN,2024-07-12 02:35,Guangzhou Baiyun International Airport,CAN,2024-07-12 06:40,185,China Southern,Business Class,490,100,,876,Y,Y,Y,1,10,2,32,Friday,False,False,False,Yangon International Airport,RGN
Tan Son Nhat International Airport,SGN,2024-07-12 15:45,Guangzhou Baiyun International Airport,CAN,2024-07-12 19:40,175,China Southern,Business Class,1140,760,True,876,Y,Y,Y,1,10,2,32,Friday,False,False,False,Yangon International Airport,RGN
Tan Son Nhat International Airport,SGN,2024-07-12 19:40,Kuala Lumpur International Airport,KUL,2024-07-12 22:30,110,Malaysia Airlines,Business Class,1090,815,True,1106,Y,Y,Y,1,8,2,23,Friday,False,False,False,Yangon International Airport,RGN
Tan Son Nhat International Airport,SGN,2024-07-12 17:45,Taiwan Taoyuan International Airport,TPE,2024-07-12 22:15,210,China Airlines,Business Class,980,525,True,2111,Y,Y,Y,2,7,2,32,Friday,False,False,False,Yangon International Airport,RGN
Tan Son Nhat International Airport,SGN,2024-07-13 19:40,Singapore Changi Airport,SIN,2024-07-13 22:40,120,Singapore Airlines,Business Class,850,555,True,860,Y,Y,Y,1,7,1,25,Saturday,False,False,False,Yangon International Airport,RGN
Tan Son Nhat International Airport,SGN,2024-07-13 19:40,Kuala Lumpur International Airport,KUL,2024-07-13 22:30,110,Malaysia Airlines,Business Class,915,640,True,865,Y,Y,Y,1,8,2,23,Saturday,False,False,False,Yangon International Airport,RGN
Tan Son Nhat International Airport,SGN,2024-07-13 02:35,Guangzhou Baiyun International Airport,CAN,2024-07-13 06:40,185,China Southern,Business Class,490,100,,876,Y,Y,Y,1,10,2,32,Saturday,False,False,False,Yangon International Airport,RGN
Tan Son Nhat International Airport,SGN,2024-07-13 19:10,Kunming Changshui International Airport,KMG,2024-07-13 23:00,170,China Eastern,Business Class,1170,880,True,895,Y,Y,Y,1,10,2,32,Saturday,False,False,False,Yangon International Airport,RGN
Tan Son Nhat International Airport,SGN,2024-07-13 19:40,Kuala Lumpur International Airport,KUL,2024-07-13 22:30,110,Malaysia Airlines,Business Class,1090,815,True,1106,Y,Y,Y,1,8,2,23,Saturday,False,False,False,Yangon International Airport,RGN
Tan Son Nhat International Airport,SGN,2024-07-14 19:40,Kuala Lumpur International Airport,KUL,2024-07-14 22:30,110,Malaysia Airlines,Business Class,915,640,True,865,Y,Y,Y,1,8,2,23,Sunday,False,False,False,Yangon International Airport,RGN
Tan Son Nhat International Airport,SGN,2024-07-14 15:45,Guangzhou Baiyun International Airport,CAN,2024-07-14 19:40,175,China Southern,Business Class,1140,760,True,876,Y,Y,Y,1,10,2,32,Sunday,False,False,False,Yangon International Airport,RGN
Tan Son Nhat International Airport,SGN,2024-07-14 19:40,Singapore Changi Airport,SIN,2024-07-14 22:40,120,Singapore Airlines,Business Class,850,555,True,1382,Y,Y,Y,1,7,1,25,Sunday,False,False,False,Yangon International Airport,RGN
Tan Son Nhat International Airport,SGN,2024-07-14 19:40,Kuala Lumpur International Airport,KUL,2024-07-14 22:30,110,Malaysia Airlines,Business Class,1090,815,True,1106,Y,Y,Y,1,8,2,23,Sunday,False,False,False,Yangon International Airport,RGN
Tan Son Nhat International Airport,SGN,2024-07-14 12:20,Singapore Changi Airport,SIN,2024-07-14 15:30,130,Singapore Airlines,Business Class,1290,985,True,1166,Y,Y,Y,1,7,1,25,Sunday,False,False,False,Yangon International Airport,RGN
Tan Son Nhat International Airport,SGN,2024-07-15 19:40,Singapore Changi Airport,SIN,2024-07-15 22:40,120,Singapore Airlines,Business Class,850,555,True,860,Y,Y,Y,1,7,1,25,Monday,False,False,False,Yangon International Airport,RGN
Tan Son Nhat International Airport,SGN,2024-07-15 19:40,Kuala Lumpur International Airport,KUL,2024-07-15 22:30,110,Malaysia Airlines,Business Class,915,640,True,865,Y,Y,Y,1,8,2,23,Monday,False,False,False,Yangon International Airport,RGN
Tan Son Nhat International Airport,SGN,2024-07-15 02:35,Guangzhou Baiyun International Airport,CAN,2024-07-15 06:40,185,China Southern,Business Class,490,100,,876,Y,Y,Y,1,10,2,32,Monday,False,False,False,Yangon International Airport,RGN
Tan Son Nhat International Airport,SGN,2024-07-15 19:40,Kuala Lumpur International Airport,KUL,2024-07-15 22:30,110,Malaysia Airlines,Business Class,1090,815,True,1106,Y,Y,Y,1,8,2,23,Monday,False,False,False,Yangon International Airport,RGN
Tan Son Nhat International Airport,SGN,2024-07-16 19:40,Kuala Lumpur International Airport,KUL,2024-07-16 22:30,110,Malaysia Airlines,Business Class,915,640,True,865,Y,Y,Y,1,8,2,23,Tuesday,False,False,False,Yangon International Airport,RGN
Tan Son Nhat International Airport,SGN,2024-07-16 19:40,Singapore Changi Airport,SIN,2024-07-16 22:40,120,Singapore Airlines,Business Class,850,555,True,1007,Y,Y,Y,1,7,1,25,Tuesday,False,False,False,Yangon International Airport,RGN
Tan Son Nhat International Airport,SGN,2024-07-16 15:45,Guangzhou Baiyun International Airport,CAN,2024-07-16 19:40,175,China Southern,Business Class,1140,760,True,876,Y,Y,Y,1,10,2,32,Tuesday,False,False,False,Yangon International Airport,RGN
Tan Son Nhat International Airport,SGN,2024-07-16 19:10,Kunming Changshui International Airport,KMG,2024-07-16 23:00,170,China Eastern,Business Class,1170,880,True,895,Y,Y,Y,1,10,2,32,Tuesday,False,False,False,Yangon International Airport,RGN
Tan Son Nhat International Airport,SGN,2024-07-16 19:40,Kuala Lumpur International Airport,KUL,2024-07-16 22:30,110,Malaysia Airlines,Business Class,1090,815,True,1106,Y,Y,Y,1,8,2,23,Tuesday,False,False,False,Yangon International Airport,RGN
Tan Son Nhat International Airport,SGN,2024-07-17 19:40,Singapore Changi Airport,SIN,2024-07-17 22:40,120,Singapore Airlines,Business Class,850,555,True,860,Y,Y,Y,1,7,1,25,Wednesday,False,False,False,Yangon International Airport,RGN
Tan Son Nhat International Airport,SGN,2024-07-17 19:40,Kuala Lumpur International Airport,KUL,2024-07-17 22:30,110,Malaysia Airlines,Business Class,915,640,True,865,Y,Y,Y,1,8,2,23,Wednesday,False,False,False,Yangon International Airport,RGN
Tan Son Nhat International Airport,SGN,2024-07-17 02:35,Guangzhou Baiyun International Airport,CAN,2024-07-17 06:40,185,China Southern,Business Class,490,100,,876,Y,Y,Y,1,10,2,32,Wednesday,False,False,False,Yangon International Airport,RGN
Tan Son Nhat International Airport,SGN,2024-07-17 17:20,Taiwan Taoyuan International Airport,TPE,2024-07-17 21:50,210,China Airlines,Business Class,1005,550,True,2111,Y,Y,Y,2,7,2,32,Wednesday,False,False,False,Yangon International Airport,RGN
Tan Son Nhat International Airport,SGN,2024-07-18 19:40,Singapore Changi Airport,SIN,2024-07-18 22:40,120,Singapore Airlines,Business Class,850,555,True,860,Y,Y,Y,1,7,1,25,Thursday,False,False,False,Yangon International Airport,RGN
Tan Son Nhat International Airport,SGN,2024-07-18 19:40,Kuala Lumpur International Airport,KUL,2024-07-18 22:30,110,Malaysia Airlines,Business Class,915,640,True,865,Y,Y,Y,1,8,2,23,Thursday,False,False,False,Yangon International Airport,RGN
Tan Son Nhat International Airport,SGN,2024-07-18 15:45,Guangzhou Baiyun International Airport,CAN,2024-07-18 19:40,175,China Southern,Business Class,1140,760,True,876,Y,Y,Y,1,10,2,32,Thursday,False,False,False,Yangon International Airport,RGN
Tan Son Nhat International Airport,SGN,2024-07-18 19:10,Kunming Changshui International Airport,KMG,2024-07-18 23:00,170,China Eastern,Business Class,1170,880,True,895,Y,Y,Y,1,10,2,32,Thursday,False,False,False,Yangon International Airport,RGN
Tan Son Nhat International Airport,SGN,2024-07-18 19:40,Kuala Lumpur International Airport,KUL,2024-07-18 22:30,110,Malaysia Airlines,Business Class,1090,815,True,1106,Y,Y,Y,1,8,2,23,Thursday,False,False,False,Yangon International Airport,RGN
Tan Son Nhat International Airport,SGN,2024-07-19 19:40,Singapore Changi Airport,SIN,2024-07-19 22:40,120,Singapore Airlines,Business Class,850,555,True,860,Y,Y,Y,1,7,1,25,Friday,False,False,True,Yangon International Airport,RGN
Tan Son Nhat International Airport,SGN,2024-07-19 19:40,Kuala Lumpur International Airport,KUL,2024-07-19 22:30,110,Malaysia Airlines,Business Class,915,640,True,865,Y,Y,Y,1,8,2,23,Friday,False,False,True,Yangon International Airport,RGN
Tan Son Nhat International Airport,SGN,2024-07-19 02:35,Guangzhou Baiyun International Airport,CAN,2024-07-19 06:40,185,China Southern,Business Class,490,100,,876,Y,Y,Y,1,10,2,32,Friday,False,False,True,Yangon International Airport,RGN
Tan Son Nhat International Airport,SGN,2024-07-19 15:45,Guangzhou Baiyun International Airport,CAN,2024-07-19 19:40,175,China Southern,Business Class,1140,760,True,876,Y,Y,Y,1,10,2,32,Friday,False,False,True,Yangon International Airport,RGN
Tan Son Nhat International Airport,SGN,2024-07-19 19:40,Kuala Lumpur International Airport,KUL,2024-07-19 22:30,110,Malaysia Airlines,Business Class,1090,815,True,1106,Y,Y,Y,1,8,2,23,Friday,False,False,True,Yangon International Airport,RGN
Tan Son Nhat International Airport,SGN,2024-07-19 17:20,Taiwan Taoyuan International Airport,TPE,2024-07-19 21:50,210,China Airlines,Business Class,1005,550,True,2111,Y,Y,Y,2,7,2,32,Friday,False,False,True,Yangon International Airport,RGN
Tan Son Nhat International Airport,SGN,2024-07-20 02:35,Guangzhou Baiyun International Airport,CAN,2024-07-20 06:40,185,China Southern,Business Class,490,100,,876,Y,Y,Y,1,10,2,32,Saturday,False,False,True,Yangon International Airport,RGN
Tan Son Nhat International Airport,SGN,2024-07-20 19:40,Kuala Lumpur International Airport,KUL,2024-07-20 22:30,110,Malaysia Airlines,Business Class,915,640,True,865,Y,Y,Y,1,8,2,23,Saturday,False,False,True,Yangon International Airport,RGN
Tan Son Nhat International Airport,SGN,2024-07-20 19:10,Kunming Changshui International Airport,KMG,2024-07-20 23:00,170,China Eastern,Business Class,1170,880,True,895,Y,Y,Y,1,10,2,32,Saturday,False,False,True,Yangon International Airport,RGN
Tan Son Nhat International Airport,SGN,2024-07-20 19:40,Singapore Changi Airport,SIN,2024-07-20 22:40,120,Singapore Airlines,Business Class,850,555,True,1166,Y,Y,Y,1,7,1,25,Saturday,False,False,True,Yangon International Airport,RGN
Tan Son Nhat International Airport,SGN,2024-07-21 19:40,Kuala Lumpur International Airport,KUL,2024-07-21 22:30,110,Malaysia Airlines,Business Class,915,640,True,865,Y,Y,Y,1,8,2,23,Sunday,False,False,False,Yangon International Airport,RGN
Tan Son Nhat International Airport,SGN,2024-07-21 19:40,Singapore Changi Airport,SIN,2024-07-21 22:40,120,Singapore Airlines,Business Class,850,555,True,1007,Y,Y,Y,1,7,1,25,Sunday,False,False,False,Yangon International Airport,RGN
Tan Son Nhat International Airport,SGN,2024-07-21 02:35,Guangzhou Baiyun International Airport,CAN,2024-07-21 06:40,185,China Southern,Business Class,1930,1540,True,876,Y,Y,Y,1,10,2,32,Sunday,False,False,False,Yangon International Airport,RGN
Tan Son Nhat International Airport,SGN,2024-07-21 19:40,Kuala Lumpur International Airport,KUL,2024-07-21 22:30,110,Malaysia Airlines,Business Class,1090,815,True,1106,Y,Y,Y,1,8,2,23,Sunday,False,False,False,Yangon International Airport,RGN
Tan Son Nhat International Airport,SGN,2024-07-21 15:45,Guangzhou Baiyun International Airport,CAN,2024-07-21 19:40,175,China Southern,Business Class,1140,760,True,1190,Y,Y,Y,1,10,2,32,Sunday,False,False,False,Yangon International Airport,RGN
Tan Son Nhat International Airport,SGN,2024-07-21 17:20,Taiwan Taoyuan International Airport,TPE,2024-07-21 21:50,210,China Airlines,Business Class,1005,550,True,2033,Y,Y,Y,2,7,2,32,Sunday,False,False,False,Yangon International Airport,RGN
Tan Son Nhat International Airport,SGN,2024-07-22 19:40,Singapore Changi Airport,SIN,2024-07-22 22:40,120,Singapore Airlines,Business Class,850,555,True,860,Y,Y,Y,1,7,1,25,Monday,False,False,False,Yangon International Airport,RGN
Tan Son Nhat International Airport,SGN,2024-07-22 19:40,Kuala Lumpur International Airport,KUL,2024-07-22 22:30,110,Malaysia Airlines,Business Class,915,640,True,865,Y,Y,Y,1,8,2,23,Monday,False,False,False,Yangon International Airport,RGN
Tan Son Nhat International Airport,SGN,2024-07-22 02:35,Guangzhou Baiyun International Airport,CAN,2024-07-22 06:40,185,China Southern,Business Class,490,100,,876,Y,Y,Y,1,10,2,32,Monday,False,False,False,Yangon International Airport,RGN
Tan Son Nhat International Airport,SGN,2024-07-22 19:40,Kuala Lumpur International Airport,KUL,2024-07-22 22:30,110,Malaysia Airlines,Business Class,1090,815,True,1106,Y,Y,Y,1,8,2,23,Monday,False,False,False,Yangon International Airport,RGN
Tan Son Nhat International Airport,SGN,2024-07-22 17:20,Taiwan Taoyuan International Airport,TPE,2024-07-22 21:50,210,China Airlines,Business Class,1005,550,True,2033,Y,Y,Y,2,7,2,32,Monday,False,False,False,Yangon International Airport,RGN
Tan Son Nhat International Airport,SGN,2024-07-23 19:40,Singapore Changi Airport,SIN,2024-07-23 22:40,120,Singapore Airlines,Business Class,850,555,True,860,Y,Y,Y,1,7,1,25,Tuesday,False,False,False,Yangon International Airport,RGN
Tan Son Nhat International Airport,SGN,2024-07-23 19:40,Kuala Lumpur International Airport,KUL,2024-07-23 22:30,110,Malaysia Airlines,Business Class,915,640,True,865,Y,Y,Y,1,8,2,23,Tuesday,False,False,False,Yangon International Airport,RGN
Tan Son Nhat International Airport,SGN,2024-07-23 19:10,Kunming Changshui International Airport,KMG,2024-07-23 23:00,170,China Eastern,Business Class,1170,880,True,848,Y,Y,Y,1,10,2,32,Tuesday,False,False,False,Yangon International Airport,RGN
Tan Son Nhat International Airport,SGN,2024-07-23 15:45,Guangzhou Baiyun International Airport,CAN,2024-07-23 19:40,175,China Southern,Business Class,1140,760,True,876,Y,Y,Y,1,10,2,32,Tuesday,False,False,False,Yangon International Airport,RGN
Tan Son Nhat International Airport,SGN,2024-07-23 19:40,Kuala Lumpur International Airport,KUL,2024-07-23 22:30,110,Malaysia Airlines,Business Class,1090,815,True,1106,Y,Y,Y,1,8,2,23,Tuesday,False,False,False,Yangon International Airport,RGN
Tan Son Nhat International Airport,SGN,2024-07-24 19:40,Singapore Changi Airport,SIN,2024-07-24 22:40,120,Singapore Airlines,Business Class,850,555,True,860,Y,Y,Y,1,7,1,25,Wednesday,False,False,False,Yangon International Airport,RGN
Tan Son Nhat International Airport,SGN,2024-07-24 19:40,Kuala Lumpur International Airport,KUL,2024-07-24 22:30,110,Malaysia Airlines,Business Class,915,640,True,865,Y,Y,Y,1,8,2,23,Wednesday,False,False,False,Yangon International Airport,RGN
Tan Son Nhat International Airport,SGN,2024-07-24 02:35,Guangzhou Baiyun International Airport,CAN,2024-07-24 06:40,185,China Southern,Business Class,490,100,,876,Y,Y,Y,1,10,2,32,Wednesday,False,False,False,Yangon International Airport,RGN
Tan Son Nhat International Airport,SGN,2024-07-24 19:40,Kuala Lumpur International Airport,KUL,2024-07-24 22:30,110,Malaysia Airlines,Business Class,1090,815,True,1106,Y,Y,Y,1,8,2,23,Wednesday,False,False,False,Yangon International Airport,RGN
Tan Son Nhat International Airport,SGN,2024-07-24 17:20,Taiwan Taoyuan International Airport,TPE,2024-07-24 21:50,210,China Airlines,Business Class,1005,550,True,2033,Y,Y,Y,2,7,2,32,Wednesday,False,False,False,Yangon International Airport,RGN
Tan Son Nhat International Airport,SGN,2024-07-25 19:40,Singapore Changi Airport,SIN,2024-07-25 22:40,120,Singapore Airlines,Business Class,850,555,True,860,Y,Y,Y,1,7,1,25,Thursday,False,False,False,Yangon International Airport,RGN
Tan Son Nhat International Airport,SGN,2024-07-25 19:40,Kuala Lumpur International Airport,KUL,2024-07-25 22:30,110,Malaysia Airlines,Business Class,915,640,True,865,Y,Y,Y,1,8,2,23,Thursday,False,False,False,Yangon International Airport,RGN
Tan Son Nhat International Airport,SGN,2024-07-25 19:10,Kunming Changshui International Airport,KMG,2024-07-25 23:00,170,China Eastern,Business Class,1170,880,True,848,Y,Y,Y,1,10,2,32,Thursday,False,False,False,Yangon International Airport,RGN
Tan Son Nhat International Airport,SGN,2024-07-25 15:45,Guangzhou Baiyun International Airport,CAN,2024-07-25 19:40,175,China Southern,Business Class,1140,760,True,876,Y,Y,Y,1,10,2,32,Thursday,False,False,False,Yangon International Airport,RGN
Tan Son Nhat International Airport,SGN,2024-07-25 19:40,Kuala Lumpur International Airport,KUL,2024-07-25 22:30,110,Malaysia Airlines,Business Class,1090,815,True,1106,Y,Y,Y,1,8,2,23,Thursday,False,False,False,Yangon International Airport,RGN
Tan Son Nhat International Airport,SGN,2024-07-26 19:40,Singapore Changi Airport,SIN,2024-07-26 22:40,120,Singapore Airlines,Business Class,850,555,True,860,Y,Y,Y,1,7,1,25,Friday,False,False,False,Yangon International Airport,RGN
Tan Son Nhat International Airport,SGN,2024-07-26 19:40,Kuala Lumpur International Airport,KUL,2024-07-26 22:30,110,Malaysia Airlines,Business Class,915,640,True,865,Y,Y,Y,1,8,2,23,Friday,False,False,False,Yangon International Airport,RGN
Tan Son Nhat International Airport,SGN,2024-07-26 02:35,Guangzhou Baiyun International Airport,CAN,2024-07-26 06:40,185,China Southern,Business Class,490,100,,876,Y,Y,Y,1,10,2,32,Friday,False,False,False,Yangon International Airport,RGN
Tan Son Nhat International Airport,SGN,2024-07-26 15:45,Guangzhou Baiyun International Airport,CAN,2024-07-26 19:40,175,China Southern,Business Class,1140,760,True,876,Y,Y,Y,1,10,2,32,Friday,False,False,False,Yangon International Airport,RGN
Tan Son Nhat International Airport,SGN,2024-07-26 19:40,Kuala Lumpur International Airport,KUL,2024-07-26 22:30,110,Malaysia Airlines,Business Class,1090,815,True,1106,Y,Y,Y,1,8,2,23,Friday,False,False,False,Yangon International Airport,RGN
Tan Son Nhat International Airport,SGN,2024-07-26 17:20,Taiwan Taoyuan International Airport,TPE,2024-07-26 21:50,210,China Airlines,Business Class,1005,550,True,2033,Y,Y,Y,2,7,2,32,Friday,False,False,False,Yangon International Airport,RGN
Tan Son Nhat International Airport,SGN,2024-07-27 19:40,Singapore Changi Airport,SIN,2024-07-27 22:40,120,Singapore Airlines,Business Class,850,555,True,860,Y,Y,Y,1,7,1,25,Saturday,False,False,False,Yangon International Airport,RGN
Tan Son Nhat International Airport,SGN,2024-07-27 19:40,Kuala Lumpur International Airport,KUL,2024-07-27 22:30,110,Malaysia Airlines,Business Class,915,640,True,865,Y,Y,Y,1,8,2,23,Saturday,False,False,False,Yangon International Airport,RGN
Tan Son Nhat International Airport,SGN,2024-07-27 02:35,Guangzhou Baiyun International Airport,CAN,2024-07-27 06:40,185,China Southern,Business Class,490,100,,876,Y,Y,Y,1,10,2,32,Saturday,False,False,False,Yangon International Airport,RGN
Tan Son Nhat International Airport,SGN,2024-07-27 19:10,Kunming Changshui International Airport,KMG,2024-07-27 23:00,170,China Eastern,Business Class,1170,880,True,848,Y,Y,Y,1,10,2,32,Saturday,False,False,False,Yangon International Airport,RGN
Tan Son Nhat International Airport,SGN,2024-07-27 19:40,Kuala Lumpur International Airport,KUL,2024-07-27 22:30,110,Malaysia Airlines,Business Class,1090,815,True,1106,Y,Y,Y,1,8,2,23,Saturday,False,False,False,Yangon International Airport,RGN
Tan Son Nhat International Airport,SGN,2024-07-28 19:40,Kuala Lumpur International Airport,KUL,2024-07-28 22:30,110,Malaysia Airlines,Business Class,915,640,True,865,Y,Y,Y,1,8,2,23,Sunday,False,False,False,Yangon International Airport,RGN
Tan Son Nhat International Airport,SGN,2024-07-28 19:40,Singapore Changi Airport,SIN,2024-07-28 22:40,120,Singapore Airlines,Business Class,850,555,True,1007,Y,Y,Y,1,7,1,25,Sunday,False,False,False,Yangon International Airport,RGN
Tan Son Nhat International Airport,SGN,2024-07-28 19:40,Kuala Lumpur International Airport,KUL,2024-07-28 22:30,110,Malaysia Airlines,Business Class,1090,815,True,1106,Y,Y,Y,1,8,2,23,Sunday,False,False,False,Yangon International Airport,RGN
Tan Son Nhat International Airport,SGN,2024-07-28 08:00,Guangzhou Baiyun International Airport,CAN,2024-07-28 11:45,165,China Southern,Business Class,1605,1235,True,1190,Y,Y,Y,1,10,2,32,Sunday,False,False,False,Yangon International Airport,RGN
Tan Son Nhat International Airport,SGN,2024-07-28 11:55,Guangzhou Baiyun International Airport,CAN,2024-07-28 15:50,175,China Southern,Business Class,1370,990,True,1289,Y,Y,Y,1,10,2,32,Sunday,False,False,False,Yangon International Airport,RGN
Tan Son Nhat International Airport,SGN,2024-07-28 15:45,Guangzhou Baiyun International Airport,CAN,2024-07-28 19:40,175,China Southern,Business Class,1140,760,True,1630,Y,Y,Y,1,10,2,32,Sunday,False,False,False,Yangon International Airport,RGN
Tan Son Nhat International Airport,SGN,2024-07-28 17:20,Taiwan Taoyuan International Airport,TPE,2024-07-28 21:50,210,China Airlines,Business Class,1005,550,True,2033,Y,Y,Y,2,7,2,32,Sunday,False,False,False,Yangon International Airport,RGN
Tan Son Nhat International Airport,SGN,2024-07-29 19:40,Singapore Changi Airport,SIN,2024-07-29 22:40,120,Singapore Airlines,Business Class,850,555,True,860,Y,Y,Y,1,7,1,25,Monday,False,False,False,Yangon International Airport,RGN
Tan Son Nhat International Airport,SGN,2024-07-29 19:40,Kuala Lumpur International Airport,KUL,2024-07-29 22:30,110,Malaysia Airlines,Business Class,915,640,True,865,Y,Y,Y,1,8,2,23,Monday,False,False,False,Yangon International Airport,RGN
Tan Son Nhat International Airport,SGN,2024-07-29 02:35,Guangzhou Baiyun International Airport,CAN,2024-07-29 06:40,185,China Southern,Business Class,490,100,,876,Y,Y,Y,1,10,2,32,Monday,False,False,False,Yangon International Airport,RGN
Tan Son Nhat International Airport,SGN,2024-07-29 19:40,Kuala Lumpur International Airport,KUL,2024-07-29 22:30,110,Malaysia Airlines,Business Class,1090,815,True,1106,Y,Y,Y,1,8,2,23,Monday,False,False,False,Yangon International Airport,RGN
Tan Son Nhat International Airport,SGN,2024-07-29 17:20,Taiwan Taoyuan International Airport,TPE,2024-07-29 21:50,210,China Airlines,Business Class,1005,550,True,2033,Y,Y,Y,2,7,2,32,Monday,False,False,False,Yangon International Airport,RGN
Tan Son Nhat International Airport,SGN,2024-07-30 19:40,Singapore Changi Airport,SIN,2024-07-30 22:40,120,Singapore Airlines,Business Class,850,555,True,860,Y,Y,Y,1,7,1,25,Tuesday,False,False,False,Yangon International Airport,RGN
Tan Son Nhat International Airport,SGN,2024-07-30 19:40,Kuala Lumpur International Airport,KUL,2024-07-30 22:30,110,Malaysia Airlines,Business Class,915,640,True,865,Y,Y,Y,1,8,2,23,Tuesday,False,False,False,Yangon International Airport,RGN
Tan Son Nhat International Airport,SGN,2024-07-30 19:10,Kunming Changshui International Airport,KMG,2024-07-30 23:00,170,China Eastern,Business Class,1170,880,True,848,Y,Y,Y,1,10,2,32,Tuesday,False,False,False,Yangon International Airport,RGN
Tan Son Nhat International Airport,SGN,2024-07-30 15:45,Guangzhou Baiyun International Airport,CAN,2024-07-30 19:40,175,China Southern,Business Class,1140,760,True,876,Y,Y,Y,1,10,2,32,Tuesday,False,False,False,Yangon International Airport,RGN
Tan Son Nhat International Airport,SGN,2024-07-30 19:40,Kuala Lumpur International Airport,KUL,2024-07-30 22:30,110,Malaysia Airlines,Business Class,1090,815,True,1106,Y,Y,Y,1,8,2,23,Tuesday,False,False,False,Yangon International Airport,RGN
Tan Son Nhat International Airport,SGN,2024-07-31 19:40,Kuala Lumpur International Airport,KUL,2024-07-31 22:30,110,Malaysia Airlines,Business Class,915,640,True,865,Y,Y,Y,1,8,2,23,Wednesday,False,False,False,Yangon International Airport,RGN
Tan Son Nhat International Airport,SGN,2024-07-31 02:35,Guangzhou Baiyun International Airport,CAN,2024-07-31 06:40,185,China Southern,Business Class,490,100,,876,Y,Y,Y,1,10,2,32,Wednesday,False,False,False,Yangon International Airport,RGN
Tan Son Nhat International Airport,SGN,2024-07-31 19:40,Singapore Changi Airport,SIN,2024-07-31 22:40,120,Singapore Airlines,Business Class,850,555,True,1007,Y,Y,Y,1,7,1,25,Wednesday,False,False,False,Yangon International Airport,RGN
Tan Son Nhat International Airport,SGN,2024-07-31 12:20,Singapore Changi Airport,SIN,2024-07-31 15:30,130,Singapore Airlines,Business Class,1290,985,True,860,Y,Y,Y,1,7,1,25,Wednesday,False,False,False,Yangon International Airport,RGN
Tan Son Nhat International Airport,SGN,2024-07-31 19:40,Kuala Lumpur International Airport,KUL,2024-07-31 22:30,110,Malaysia Airlines,Business Class,1090,815,True,1106,Y,Y,Y,1,8,2,23,Wednesday,False,False,False,Yangon International Airport,RGN
Tan Son Nhat International Airport,SGN,2024-07-31 17:20,Taiwan Taoyuan International Airport,TPE,2024-07-31 21:50,210,China Airlines,Business Class,1005,550,True,2033,Y,Y,Y,2,7,2,32,Wednesday,False,False,False,Yangon International Airport,RGN
Tan Son Nhat International Airport,SGN,2024-08-01 19:40,Kuala Lumpur International Airport,KUL,2024-08-01 22:30,110,Malaysia Airlines,Business Class,915,640,True,406,Y,Y,Y,1,8,2,23,Thursday,False,False,False,Yangon International Airport,RGN
Tan Son Nhat International Airport,SGN,2024-08-01 12:20,Singapore Changi Airport,SIN,2024-08-01 15:30,130,Singapore Airlines,Business Class,1290,985,True,863,Y,Y,Y,1,7,1,25,Thursday,False,False,False,Yangon International Airport,RGN
Tan Son Nhat International Airport,SGN,2024-08-01 11:55,Guangzhou Baiyun International Airport,CAN,2024-08-01 15:50,175,China Southern,Business Class,1370,990,True,960,Y,Y,Y,1,10,2,32,Thursday,False,False,False,Yangon International Airport,RGN
Tan Son Nhat International Airport,SGN,2024-08-01 19:40,Singapore Changi Airport,SIN,2024-08-01 22:40,120,Singapore Airlines,Business Class,850,555,True,1011,Y,Y,Y,1,7,1,25,Thursday,False,False,False,Yangon International Airport,RGN
Tan Son Nhat International Airport,SGN,2024-08-01 08:00,Guangzhou Baiyun International Airport,CAN,2024-08-01 11:55,175,China Southern,Business Class,1605,1225,True,876,Y,Y,Y,1,10,2,32,Thursday,False,False,False,Yangon International Airport,RGN
Tan Son Nhat International Airport,SGN,2024-08-01 19:40,Kuala Lumpur International Airport,KUL,2024-08-01 22:30,110,Malaysia Airlines,Business Class,1090,815,True,960,Y,Y,Y,1,8,2,23,Thursday,False,False,False,Yangon International Airport,RGN
Tan Son Nhat International Airport,SGN,2024-08-01 15:45,Guangzhou Baiyun International Airport,CAN,2024-08-01 19:40,175,China Southern,Business Class,1140,760,True,1323,Y,Y,Y,1,10,2,32,Thursday,False,False,False,Yangon International Airport,RGN
Tan Son Nhat International Airport,SGN,2024-08-01 19:40,Singapore Changi Airport,SIN,2024-08-01 22:40,120,Singapore Airlines,Business Class,1175,875,True,1717,Y,Y,Y,1,7,1,25,Thursday,False,False,False,Yangon International Airport,RGN
Tan Son Nhat International Airport,SGN,2024-08-02 19:40,Kuala Lumpur International Airport,KUL,2024-08-02 22:30,110,Malaysia Airlines,Business Class,915,640,True,406,Y,Y,Y,1,8,2,23,Friday,False,False,False,Yangon International Airport,RGN
Tan Son Nhat International Airport,SGN,2024-08-02 19:40,Singapore Changi Airport,SIN,2024-08-02 22:40,120,Singapore Airlines,Business Class,850,555,True,863,Y,Y,Y,1,7,1,25,Friday,False,False,False,Yangon International Airport,RGN
Tan Son Nhat International Airport,SGN,2024-08-02 02:35,Guangzhou Baiyun International Airport,CAN,2024-08-02 06:40,185,China Southern,Business Class,490,100,,876,Y,Y,Y,1,10,2,32,Friday,False,False,False,Yangon International Airport,RGN
Tan Son Nhat International Airport,SGN,2024-08-02 15:45,Guangzhou Baiyun International Airport,CAN,2024-08-02 19:40,175,China Southern,Business Class,1140,760,True,876,Y,Y,Y,1,10,2,32,Friday,False,False,False,Yangon International Airport,RGN
Tan Son Nhat International Airport,SGN,2024-08-02 19:40,Kuala Lumpur International Airport,KUL,2024-08-02 22:30,110,Malaysia Airlines,Business Class,1090,815,True,960,Y,Y,Y,1,8,2,23,Friday,False,False,False,Yangon International Airport,RGN
Tan Son Nhat International Airport,SGN,2024-08-02 19:40,Singapore Changi Airport,SIN,2024-08-02 22:40,120,Singapore Airlines,Business Class,1175,875,True,1717,Y,Y,Y,1,7,1,25,Friday,False,False,False,Yangon International Airport,RGN
Tan Son Nhat International Airport,SGN,2024-08-02 17:20,Taiwan Taoyuan International Airport,TPE,2024-08-02 21:50,210,China Airlines,Business Class,1005,550,True,2041,Y,Y,Y,2,7,2,32,Friday,False,False,False,Yangon International Airport,RGN
Tan Son Nhat International Airport,SGN,2024-08-03 02:35,Guangzhou Baiyun International Airport,CAN,2024-08-03 06:40,185,China Southern,Business Class,490,100,,876,Y,Y,Y,1,10,2,32,Saturday,False,False,False,Yangon International Airport,RGN
Tan Son Nhat International Airport,SGN,2024-08-03 19:10,Kunming Changshui International Airport,KMG,2024-08-03 23:00,170,China Eastern,Business Class,1170,880,True,898,Y,Y,Y,1,10,2,32,Saturday,False,False,False,Yangon International Airport,RGN
Tan Son Nhat International Airport,SGN,2024-08-03 16:40,Kuala Lumpur International Airport,KUL,2024-08-03 19:40,120,Malaysia Airlines,Business Class,1095,810,True,960,Y,Y,Y,1,8,2,23,Saturday,False,False,False,Yangon International Airport,RGN
Tan Son Nhat International Airport,SGN,2024-08-03 19:40,Singapore Changi Airport,SIN,2024-08-03 22:40,120,Singapore Airlines,Business Class,850,555,True,1011,Y,Y,Y,1,7,1,25,Saturday,False,False,False,Yangon International Airport,RGN
Tan Son Nhat International Airport,SGN,2024-08-03 19:40,Singapore Changi Airport,SIN,2024-08-03 22:40,120,Singapore Airlines,Business Class,1175,875,True,1717,Y,Y,Y,1,7,1,25,Saturday,False,False,False,Yangon International Airport,RGN
Tan Son Nhat International Airport,SGN,2024-08-04 15:45,Guangzhou Baiyun International Airport,CAN,2024-08-04 19:40,175,China Southern,Business Class,1140,760,True,876,Y,Y,Y,1,10,2,32,Sunday,False,False,False,Yangon International Airport,RGN
Tan Son Nhat International Airport,SGN,2024-08-04 19:40,Singapore Changi Airport,SIN,2024-08-04 22:40,120,Singapore Airlines,Business Class,850,555,True,1011,Y,Y,Y,1,7,1,25,Sunday,False,False,False,Yangon International Airport,RGN
Tan Son Nhat International Airport,SGN,2024-08-04 19:40,Kuala Lumpur International Airport,KUL,2024-08-04 22:30,110,Malaysia Airlines,Business Class,1090,815,True,960,Y,Y,Y,1,8,2,23,Sunday,False,False,False,Yangon International Airport,RGN
Tan Son Nhat International Airport,SGN,2024-08-04 19:40,Singapore Changi Airport,SIN,2024-08-04 22:40,120,Singapore Airlines,Business Class,1175,875,True,1717,Y,Y,Y,1,7,1,25,Sunday,False,False,False,Yangon International Airport,RGN
Tan Son Nhat International Airport,SGN,2024-08-05 16:40,Kuala Lumpur International Airport,KUL,2024-08-05 19:40,120,Malaysia Airlines,Business Class,1095,810,True,759,Y,Y,Y,1,8,2,23,Monday,False,False,False,Yangon International Airport,RGN
Tan Son Nhat International Airport,SGN,2024-08-05 19:40,Singapore Changi Airport,SIN,2024-08-05 22:40,120,Singapore Airlines,Business Class,850,555,True,863,Y,Y,Y,1,7,1,25,Monday,False,False,False,Yangon International Airport,RGN
Tan Son Nhat International Airport,SGN,2024-08-05 19:40,Kuala Lumpur International Airport,KUL,2024-08-05 22:30,110,Malaysia Airlines,Business Class,1090,815,True,960,Y,Y,Y,1,8,2,23,Monday,False,False,False,Yangon International Airport,RGN
Tan Son Nhat International Airport,SGN,2024-08-05 02:35,Guangzhou Baiyun International Airport,CAN,2024-08-05 06:40,185,China Southern,Business Class,490,100,,1323,Y,Y,Y,1,10,2,32,Monday,False,False,False,Yangon International Airport,RGN
Tan Son Nhat International Airport,SGN,2024-08-05 19:40,Singapore Changi Airport,SIN,2024-08-05 22:40,120,Singapore Airlines,Business Class,1175,875,True,1717,Y,Y,Y,1,7,1,25,Monday,False,False,False,Yangon International Airport,RGN
Tan Son Nhat International Airport,SGN,2024-08-05 17:20,Taiwan Taoyuan International Airport,TPE,2024-08-05 21:50,210,China Airlines,Business Class,1005,550,True,2041,Y,Y,Y,2,7,2,32,Monday,False,False,False,Yangon International Airport,RGN
Tan Son Nhat International Airport,SGN,2024-08-06 19:40,Kuala Lumpur International Airport,KUL,2024-08-06 22:30,110,Malaysia Airlines,Business Class,915,640,True,406,Y,Y,Y,1,8,2,23,Tuesday,False,False,False,Yangon International Airport,RGN
Tan Son Nhat International Airport,SGN,2024-08-06 12:20,Singapore Changi Airport,SIN,2024-08-06 15:30,130,Singapore Airlines,Business Class,1290,985,True,863,Y,Y,Y,1,7,1,25,Tuesday,False,False,False,Yangon International Airport,RGN
Tan Son Nhat International Airport,SGN,2024-08-06 15:45,Guangzhou Baiyun International Airport,CAN,2024-08-06 19:40,175,China Southern,Business Class,1140,760,True,876,Y,Y,Y,1,10,2,32,Tuesday,False,False,False,Yangon International Airport,RGN
Tan Son Nhat International Airport,SGN,2024-08-06 19:10,Kunming Changshui International Airport,KMG,2024-08-06 23:00,170,China Eastern,Business Class,1170,880,True,898,Y,Y,Y,1,10,2,32,Tuesday,False,False,False,Yangon International Airport,RGN
Tan Son Nhat International Airport,SGN,2024-08-06 19:40,Singapore Changi Airport,SIN,2024-08-06 22:40,120,Singapore Airlines,Business Class,850,555,True,1388,Y,Y,Y,1,7,1,25,Tuesday,False,False,False,Yangon International Airport,RGN
Tan Son Nhat International Airport,SGN,2024-08-06 19:40,Singapore Changi Airport,SIN,2024-08-06 22:40,120,Singapore Airlines,Business Class,1175,875,True,1717,Y,Y,Y,1,7,1,25,Tuesday,False,False,False,Yangon International Airport,RGN
Tan Son Nhat International Airport,SGN,2024-08-07 19:40,Kuala Lumpur International Airport,KUL,2024-08-07 22:30,110,Malaysia Airlines,Business Class,915,640,True,406,Y,Y,Y,1,8,2,23,Wednesday,False,False,False,Yangon International Airport,RGN
Tan Son Nhat International Airport,SGN,2024-08-07 19:40,Singapore Changi Airport,SIN,2024-08-07 22:40,120,Singapore Airlines,Business Class,850,555,True,863,Y,Y,Y,1,7,1,25,Wednesday,False,False,False,Yangon International Airport,RGN
Tan Son Nhat International Airport,SGN,2024-08-07 02:35,Guangzhou Baiyun International Airport,CAN,2024-08-07 06:40,185,China Southern,Business Class,490,100,,876,Y,Y,Y,1,10,2,32,Wednesday,False,False,False,Yangon International Airport,RGN
Tan Son Nhat International Airport,SGN,2024-08-07 19:40,Kuala Lumpur International Airport,KUL,2024-08-07 22:30,110,Malaysia Airlines,Business Class,1090,815,True,960,Y,Y,Y,1,8,2,23,Wednesday,False,False,False,Yangon International Airport,RGN
Tan Son Nhat International Airport,SGN,2024-08-07 19:40,Singapore Changi Airport,SIN,2024-08-07 22:40,120,Singapore Airlines,Business Class,1175,875,True,1717,Y,Y,Y,1,7,1,25,Wednesday,False,False,False,Yangon International Airport,RGN
Tan Son Nhat International Airport,SGN,2024-08-07 17:20,Taiwan Taoyuan International Airport,TPE,2024-08-07 21:50,210,China Airlines,Business Class,1005,550,True,2041,Y,Y,Y,2,7,2,32,Wednesday,False,False,False,Yangon International Airport,RGN
Tan Son Nhat International Airport,SGN,2024-08-08 19:40,Kuala Lumpur International Airport,KUL,2024-08-08 22:30,110,Malaysia Airlines,Business Class,915,640,True,406,Y,Y,Y,1,8,2,23,Thursday,False,False,False,Yangon International Airport,RGN
Tan Son Nhat International Airport,SGN,2024-08-08 12:20,Singapore Changi Airport,SIN,2024-08-08 15:30,130,Singapore Airlines,Business Class,1290,985,True,863,Y,Y,Y,1,7,1,25,Thursday,False,False,False,Yangon International Airport,RGN
Tan Son Nhat International Airport,SGN,2024-08-08 15:45,Guangzhou Baiyun International Airport,CAN,2024-08-08 19:40,175,China Southern,Business Class,1140,760,True,876,Y,Y,Y,1,10,2,32,Thursday,False,False,False,Yangon International Airport,RGN
Tan Son Nhat International Airport,SGN,2024-08-08 19:40,Kuala Lumpur International Airport,KUL,2024-08-08 22:30,110,Malaysia Airlines,Business Class,1090,815,True,960,Y,Y,Y,1,8,2,23,Thursday,False,False,False,Yangon International Airport,RGN
Tan Son Nhat International Airport,SGN,2024-08-08 19:40,Singapore Changi Airport,SIN,2024-08-08 22:40,120,Singapore Airlines,Business Class,850,555,True,1171,Y,Y,Y,1,7,1,25,Thursday,False,False,False,Yangon International Airport,RGN
Tan Son Nhat International Airport,SGN,2024-08-08 19:40,Singapore Changi Airport,SIN,2024-08-08 22:40,120,Singapore Airlines,Business Class,1175,875,True,1717,Y,Y,Y,1,7,1,25,Thursday,False,False,False,Yangon International Airport,RGN
Tan Son Nhat International Airport,SGN,2024-08-09 19:40,Kuala Lumpur International Airport,KUL,2024-08-09 22:30,110,Malaysia Airlines,Business Class,915,640,True,406,Y,Y,Y,1,8,2,23,Friday,False,False,False,Yangon International Airport,RGN
Tan Son Nhat International Airport,SGN,2024-08-09 02:35,Guangzhou Baiyun International Airport,CAN,2024-08-09 06:40,185,China Southern,Business Class,490,100,,876,Y,Y,Y,1,10,2,32,Friday,False,False,False,Yangon International Airport,RGN
Tan Son Nhat International Airport,SGN,2024-08-09 19:40,Singapore Changi Airport,SIN,2024-08-09 22:40,120,Singapore Airlines,Business Class,850,555,True,1011,Y,Y,Y,1,7,1,25,Friday,False,False,False,Yangon International Airport,RGN
Tan Son Nhat International Airport,SGN,2024-08-09 15:45,Guangzhou Baiyun International Airport,CAN,2024-08-09 19:40,175,China Southern,Business Class,1140,760,True,876,Y,Y,Y,1,10,2,32,Friday,False,False,False,Yangon International Airport,RGN
Tan Son Nhat International Airport,SGN,2024-08-09 19:40,Kuala Lumpur International Airport,KUL,2024-08-09 22:30,110,Malaysia Airlines,Business Class,1090,815,True,960,Y,Y,Y,1,8,2,23,Friday,False,False,False,Yangon International Airport,RGN
Tan Son Nhat International Airport,SGN,2024-08-09 19:40,Singapore Changi Airport,SIN,2024-08-09 22:40,120,Singapore Airlines,Business Class,1175,875,True,1717,Y,Y,Y,1,7,1,25,Friday,False,False,False,Yangon International Airport,RGN
Tan Son Nhat International Airport,SGN,2024-08-09 17:20,Taiwan Taoyuan International Airport,TPE,2024-08-09 21:50,210,China Airlines,Business Class,1005,550,True,2041,Y,Y,Y,2,7,2,32,Friday,False,False,False,Yangon International Airport,RGN
Tan Son Nhat International Airport,SGN,2024-08-10 19:40,Kuala Lumpur International Airport,KUL,2024-08-10 22:30,110,Malaysia Airlines,Business Class,915,640,True,406,Y,Y,Y,1,8,2,23,Saturday,False,False,False,Yangon International Airport,RGN
Tan Son Nhat International Airport,SGN,2024-08-10 19:40,Singapore Changi Airport,SIN,2024-08-10 22:40,120,Singapore Airlines,Business Class,850,555,True,863,Y,Y,Y,1,7,1,25,Saturday,False,False,False,Yangon International Airport,RGN
Tan Son Nhat International Airport,SGN,2024-08-10 02:35,Guangzhou Baiyun International Airport,CAN,2024-08-10 06:40,185,China Southern,Business Class,490,100,,876,Y,Y,Y,1,10,2,32,Saturday,False,False,False,Yangon International Airport,RGN
Tan Son Nhat International Airport,SGN,2024-08-10 19:10,Kunming Changshui International Airport,KMG,2024-08-10 23:00,170,China Eastern,Business Class,1170,880,True,898,Y,Y,Y,1,10,2,32,Saturday,False,False,False,Yangon International Airport,RGN
Tan Son Nhat International Airport,SGN,2024-08-10 19:40,Kuala Lumpur International Airport,KUL,2024-08-10 22:30,110,Malaysia Airlines,Business Class,1090,815,True,960,Y,Y,Y,1,8,2,23,Saturday,False,False,False,Yangon International Airport,RGN
Tan Son Nhat International Airport,SGN,2024-08-10 19:40,Singapore Changi Airport,SIN,2024-08-10 22:40,120,Singapore Airlines,Business Class,1175,875,True,1717,Y,Y,Y,1,7,1,25,Saturday,False,False,False,Yangon International Airport,RGN
Tan Son Nhat International Airport,SGN,2024-08-11 19:40,Kuala Lumpur International Airport,KUL,2024-08-11 22:30,110,Malaysia Airlines,Business Class,915,640,True,406,Y,Y,Y,1,8,2,23,Sunday,False,False,False,Yangon International Airport,RGN
Tan Son Nhat International Airport,SGN,2024-08-11 15:45,Guangzhou Baiyun International Airport,CAN,2024-08-11 19:40,175,China Southern,Business Class,1140,760,True,876,Y,Y,Y,1,10,2,32,Sunday,False,False,False,Yangon International Airport,RGN
Tan Son Nhat International Airport,SGN,2024-08-11 19:40,Kuala Lumpur International Airport,KUL,2024-08-11 22:30,110,Malaysia Airlines,Business Class,1090,815,True,960,Y,Y,Y,1,8,2,23,Sunday,False,False,False,Yangon International Airport,RGN
Tan Son Nhat International Airport,SGN,2024-08-11 19:40,Singapore Changi Airport,SIN,2024-08-11 22:40,120,Singapore Airlines,Business Class,850,555,True,1388,Y,Y,Y,1,7,1,25,Sunday,False,False,False,Yangon International Airport,RGN
Tan Son Nhat International Airport,SGN,2024-08-11 19:40,Singapore Changi Airport,SIN,2024-08-11 22:40,120,Singapore Airlines,Business Class,1175,875,True,1717,Y,Y,Y,1,7,1,25,Sunday,False,False,False,Yangon International Airport,RGN
Tan Son Nhat International Airport,SGN,2024-08-12 19:40,Kuala Lumpur International Airport,KUL,2024-08-12 22:30,110,Malaysia Airlines,Business Class,915,640,True,406,Y,Y,Y,1,8,2,23,Monday,False,False,False,Yangon International Airport,RGN
Tan Son Nhat International Airport,SGN,2024-08-12 19:40,Singapore Changi Airport,SIN,2024-08-12 22:40,120,Singapore Airlines,Business Class,850,555,True,863,Y,Y,Y,1,7,1,25,Monday,False,False,False,Yangon International Airport,RGN
Tan Son Nhat International Airport,SGN,2024-08-12 02:35,Guangzhou Baiyun International Airport,CAN,2024-08-12 06:40,185,China Southern,Business Class,490,100,,876,Y,Y,Y,1,10,2,32,Monday,False,False,False,Yangon International Airport,RGN
Tan Son Nhat International Airport,SGN,2024-08-12 19:40,Kuala Lumpur International Airport,KUL,2024-08-12 22:30,110,Malaysia Airlines,Business Class,1090,815,True,960,Y,Y,Y,1,8,2,23,Monday,False,False,False,Yangon International Airport,RGN
Tan Son Nhat International Airport,SGN,2024-08-12 19:40,Singapore Changi Airport,SIN,2024-08-12 22:40,120,Singapore Airlines,Business Class,1175,875,True,1717,Y,Y,Y,1,7,1,25,Monday,False,False,False,Yangon International Airport,RGN
Tan Son Nhat International Airport,SGN,2024-08-12 17:20,Taiwan Taoyuan International Airport,TPE,2024-08-12 21:50,210,China Airlines,Business Class,1005,550,True,2041,Y,Y,Y,2,7,2,32,Monday,False,False,False,Yangon International Airport,RGN
Tan Son Nhat International Airport,SGN,2024-08-13 19:40,Kuala Lumpur International Airport,KUL,2024-08-13 22:30,110,Malaysia Airlines,Business Class,915,640,True,406,Y,Y,Y,1,8,2,23,Tuesday,False,False,False,Yangon International Airport,RGN
Tan Son Nhat International Airport,SGN,2024-08-13 12:20,Singapore Changi Airport,SIN,2024-08-13 15:30,130,Singapore Airlines,Business Class,1290,985,True,863,Y,Y,Y,1,7,1,25,Tuesday,False,False,False,Yangon International Airport,RGN
Tan Son Nhat International Airport,SGN,2024-08-13 19:10,Kunming Changshui International Airport,KMG,2024-08-13 23:00,170,China Eastern,Business Class,1170,880,True,898,Y,Y,Y,1,10,2,32,Tuesday,False,False,False,Yangon International Airport,RGN
Tan Son Nhat International Airport,SGN,2024-08-13 08:00,Guangzhou Baiyun International Airport,CAN,2024-08-13 11:55,175,China Southern,Business Class,1605,1225,True,876,Y,Y,Y,1,10,2,32,Tuesday,False,False,False,Yangon International Airport,RGN
Tan Son Nhat International Airport,SGN,2024-08-13 19:40,Kuala Lumpur International Airport,KUL,2024-08-13 22:30,110,Malaysia Airlines,Business Class,1090,815,True,960,Y,Y,Y,1,8,2,23,Tuesday,False,False,False,Yangon International Airport,RGN
Tan Son Nhat International Airport,SGN,2024-08-13 11:55,Guangzhou Baiyun International Airport,CAN,2024-08-13 15:50,175,China Southern,Business Class,1370,990,True,960,Y,Y,Y,1,10,2,32,Tuesday,False,False,False,Yangon International Airport,RGN
Tan Son Nhat International Airport,SGN,2024-08-13 19:40,Singapore Changi Airport,SIN,2024-08-13 22:40,120,Singapore Airlines,Business Class,850,555,True,1388,Y,Y,Y,1,7,1,25,Tuesday,False,False,False,Yangon International Airport,RGN
Tan Son Nhat International Airport,SGN,2024-08-13 15:45,Guangzhou Baiyun International Airport,CAN,2024-08-13 19:40,175,China Southern,Business Class,1140,760,True,1712,Y,Y,Y,1,10,2,32,Tuesday,False,False,False,Yangon International Airport,RGN
Tan Son Nhat International Airport,SGN,2024-08-13 19:40,Singapore Changi Airport,SIN,2024-08-13 22:40,120,Singapore Airlines,Business Class,1175,875,True,1717,Y,Y,Y,1,7,1,25,Tuesday,False,False,False,Yangon International Airport,RGN
Tan Son Nhat International Airport,SGN,2024-08-14 19:40,Kuala Lumpur International Airport,KUL,2024-08-14 22:30,110,Malaysia Airlines,Business Class,915,640,True,406,Y,Y,Y,1,8,2,23,Wednesday,False,False,False,Yangon International Airport,RGN
Tan Son Nhat International Airport,SGN,2024-08-14 02:35,Guangzhou Baiyun International Airport,CAN,2024-08-14 06:40,185,China Southern,Business Class,490,100,,876,Y,Y,Y,1,10,2,32,Wednesday,False,False,False,Yangon International Airport,RGN
Tan Son Nhat International Airport,SGN,2024-08-14 19:40,Singapore Changi Airport,SIN,2024-08-14 22:40,120,Singapore Airlines,Business Class,850,555,True,1011,Y,Y,Y,1,7,1,25,Wednesday,False,False,False,Yangon International Airport,RGN
Tan Son Nhat International Airport,SGN,2024-08-14 19:40,Kuala Lumpur International Airport,KUL,2024-08-14 22:30,110,Malaysia Airlines,Business Class,1090,815,True,960,Y,Y,Y,1,8,2,23,Wednesday,False,False,False,Yangon International Airport,RGN
Tan Son Nhat International Airport,SGN,2024-08-14 19:40,Singapore Changi Airport,SIN,2024-08-14 22:40,120,Singapore Airlines,Business Class,1175,875,True,1717,Y,Y,Y,1,7,1,25,Wednesday,False,False,False,Yangon International Airport,RGN
Tan Son Nhat International Airport,SGN,2024-08-14 17:20,Taiwan Taoyuan International Airport,TPE,2024-08-14 21:50,210,China Airlines,Business Class,1005,550,True,2041,Y,Y,Y,2,7,2,32,Wednesday,False,False,False,Yangon International Airport,RGN
Tan Son Nhat International Airport,SGN,2024-08-15 19:40,Kuala Lumpur International Airport,KUL,2024-08-15 22:30,110,Malaysia Airlines,Business Class,915,640,True,406,Y,Y,Y,1,8,2,23,Thursday,False,False,False,Yangon International Airport,RGN
Tan Son Nhat International Airport,SGN,2024-08-15 15:45,Guangzhou Baiyun International Airport,CAN,2024-08-15 19:40,175,China Southern,Business Class,1140,760,True,876,Y,Y,Y,1,10,2,32,Thursday,False,False,False,Yangon International Airport,RGN
Tan Son Nhat International Airport,SGN,2024-08-15 19:40,Kuala Lumpur International Airport,KUL,2024-08-15 22:30,110,Malaysia Airlines,Business Class,1090,815,True,960,Y,Y,Y,1,8,2,23,Thursday,False,False,False,Yangon International Airport,RGN
Tan Son Nhat International Airport,SGN,2024-08-15 19:40,Singapore Changi Airport,SIN,2024-08-15 22:40,120,Singapore Airlines,Business Class,850,555,True,1011,Y,Y,Y,1,7,1,25,Thursday,False,False,False,Yangon International Airport,RGN
Tan Son Nhat International Airport,SGN,2024-08-15 19:40,Singapore Changi Airport,SIN,2024-08-15 22:40,120,Singapore Airlines,Business Class,1175,875,True,1717,Y,Y,Y,1,7,1,25,Thursday,False,False,False,Yangon International Airport,RGN
Tan Son Nhat International Airport,SGN,2024-08-16 19:40,Kuala Lumpur International Airport,KUL,2024-08-16 22:30,110,Malaysia Airlines,Business Class,915,640,True,406,Y,Y,Y,1,8,2,23,Friday,False,False,False,Yangon International Airport,RGN
Tan Son Nhat International Airport,SGN,2024-08-16 19:40,Singapore Changi Airport,SIN,2024-08-16 22:40,120,Singapore Airlines,Business Class,850,555,True,863,Y,Y,Y,1,7,1,25,Friday,False,False,False,Yangon International Airport,RGN
Tan Son Nhat International Airport,SGN,2024-08-16 02:35,Guangzhou Baiyun International Airport,CAN,2024-08-16 06:40,185,China Southern,Business Class,490,100,,876,Y,Y,Y,1,10,2,32,Friday,False,False,False,Yangon International Airport,RGN
Tan Son Nhat International Airport,SGN,2024-08-16 15:45,Guangzhou Baiyun International Airport,CAN,2024-08-16 19:40,175,China Southern,Business Class,1140,760,True,876,Y,Y,Y,1,10,2,32,Friday,False,False,False,Yangon International Airport,RGN
Tan Son Nhat International Airport,SGN,2024-08-16 19:40,Kuala Lumpur International Airport,KUL,2024-08-16 22:30,110,Malaysia Airlines,Business Class,1090,815,True,960,Y,Y,Y,1,8,2,23,Friday,False,False,False,Yangon International Airport,RGN
Tan Son Nhat International Airport,SGN,2024-08-16 19:40,Singapore Changi Airport,SIN,2024-08-16 22:40,120,Singapore Airlines,Business Class,1175,875,True,1717,Y,Y,Y,1,7,1,25,Friday,False,False,False,Yangon International Airport,RGN
Tan Son Nhat International Airport,SGN,2024-08-16 17:20,Taiwan Taoyuan International Airport,TPE,2024-08-16 21:50,210,China Airlines,Business Class,1005,550,True,2041,Y,Y,Y,2,7,2,32,Friday,False,False,False,Yangon International Airport,RGN
Tan Son Nhat International Airport,SGN,2024-08-17 16:40,Kuala Lumpur International Airport,KUL,2024-08-17 19:40,120,Malaysia Airlines,Business Class,1095,810,True,759,Y,Y,Y,1,8,2,23,Saturday,False,False,False,Yangon International Airport,RGN
Tan Son Nhat International Airport,SGN,2024-08-17 19:40,Singapore Changi Airport,SIN,2024-08-17 22:40,120,Singapore Airlines,Business Class,850,555,True,863,Y,Y,Y,1,7,1,25,Saturday,False,False,False,Yangon International Airport,RGN
Tan Son Nhat International Airport,SGN,2024-08-17 02:35,Guangzhou Baiyun International Airport,CAN,2024-08-17 06:40,185,China Southern,Business Class,490,100,,876,Y,Y,Y,1,10,2,32,Saturday,False,False,False,Yangon International Airport,RGN
Tan Son Nhat International Airport,SGN,2024-08-17 19:10,Kunming Changshui International Airport,KMG,2024-08-17 23:00,170,China Eastern,Business Class,1170,880,True,851,Y,Y,Y,1,10,2,32,Saturday,False,False,False,Yangon International Airport,RGN
Tan Son Nhat International Airport,SGN,2024-08-17 16:40,Kuala Lumpur International Airport,KUL,2024-08-17 19:40,120,Malaysia Airlines,Business Class,1270,985,True,960,Y,Y,Y,1,8,2,23,Saturday,False,False,False,Yangon International Airport,RGN
Tan Son Nhat International Airport,SGN,2024-08-17 19:40,Singapore Changi Airport,SIN,2024-08-17 22:40,120,Singapore Airlines,Business Class,1175,875,True,1717,Y,Y,Y,1,7,1,25,Saturday,False,False,False,Yangon International Airport,RGN
Tan Son Nhat International Airport,SGN,2024-08-18 19:40,Kuala Lumpur International Airport,KUL,2024-08-18 22:30,110,Malaysia Airlines,Business Class,915,640,True,406,Y,Y,Y,1,8,2,23,Sunday,False,False,False,Yangon International Airport,RGN
Tan Son Nhat International Airport,SGN,2024-08-18 15:45,Guangzhou Baiyun International Airport,CAN,2024-08-18 19:40,175,China Southern,Business Class,1140,760,True,876,Y,Y,Y,1,10,2,32,Sunday,False,False,False,Yangon International Airport,RGN
Tan Son Nhat International Airport,SGN,2024-08-18 19:40,Kuala Lumpur International Airport,KUL,2024-08-18 22:30,110,Malaysia Airlines,Business Class,1090,815,True,960,Y,Y,Y,1,8,2,23,Sunday,False,False,False,Yangon International Airport,RGN
Tan Son Nhat International Airport,SGN,2024-08-18 19:40,Singapore Changi Airport,SIN,2024-08-18 22:40,120,Singapore Airlines,Business Class,850,555,True,1011,Y,Y,Y,1,7,1,25,Sunday,False,False,False,Yangon International Airport,RGN
Tan Son Nhat International Airport,SGN,2024-08-18 19:40,Singapore Changi Airport,SIN,2024-08-18 22:40,120,Singapore Airlines,Business Class,1175,875,True,1717,Y,Y,Y,1,7,1,25,Sunday,False,False,False,Yangon International Airport,RGN
Tan Son Nhat International Airport,SGN,2024-08-19 19:40,Kuala Lumpur International Airport,KUL,2024-08-19 22:30,110,Malaysia Airlines,Business Class,915,640,True,406,Y,Y,Y,1,8,2,23,Monday,False,False,False,Yangon International Airport,RGN
Tan Son Nhat International Airport,SGN,2024-08-19 19:40,Singapore Changi Airport,SIN,2024-08-19 22:40,120,Singapore Airlines,Business Class,850,555,True,863,Y,Y,Y,1,7,1,25,Monday,False,False,False,Yangon International Airport,RGN
Tan Son Nhat International Airport,SGN,2024-08-19 02:35,Guangzhou Baiyun International Airport,CAN,2024-08-19 06:40,185,China Southern,Business Class,490,100,,876,Y,Y,Y,1,10,2,32,Monday,False,False,False,Yangon International Airport,RGN
Tan Son Nhat International Airport,SGN,2024-08-19 19:40,Kuala Lumpur International Airport,KUL,2024-08-19 22:30,110,Malaysia Airlines,Business Class,1090,815,True,960,Y,Y,Y,1,8,2,23,Monday,False,False,False,Yangon International Airport,RGN
Tan Son Nhat International Airport,SGN,2024-08-19 19:40,Singapore Changi Airport,SIN,2024-08-19 22:40,120,Singapore Airlines,Business Class,1175,875,True,1717,Y,Y,Y,1,7,1,25,Monday,False,False,False,Yangon International Airport,RGN
Tan Son Nhat International Airport,SGN,2024-08-19 17:20,Taiwan Taoyuan International Airport,TPE,2024-08-19 21:50,210,China Airlines,Business Class,1005,550,True,2041,Y,Y,Y,2,7,2,32,Monday,False,False,False,Yangon International Airport,RGN
Tan Son Nhat International Airport,SGN,2024-08-20 19:40,Kuala Lumpur International Airport,KUL,2024-08-20 22:30,110,Malaysia Airlines,Business Class,915,640,True,406,Y,Y,Y,1,8,2,23,Tuesday,False,False,False,Yangon International Airport,RGN
Tan Son Nhat International Airport,SGN,2024-08-20 19:10,Kunming Changshui International Airport,KMG,2024-08-20 23:00,170,China Eastern,Business Class,1170,880,True,851,Y,Y,Y,1,10,2,32,Tuesday,False,False,False,Yangon International Airport,RGN
Tan Son Nhat International Airport,SGN,2024-08-20 19:40,Singapore Changi Airport,SIN,2024-08-20 22:40,120,Singapore Airlines,Business Class,850,555,True,863,Y,Y,Y,1,7,1,25,Tuesday,False,False,False,Yangon International Airport,RGN
Tan Son Nhat International Airport,SGN,2024-08-20 15:45,Guangzhou Baiyun International Airport,CAN,2024-08-20 19:40,175,China Southern,Business Class,1140,760,True,876,Y,Y,Y,1,10,2,32,Tuesday,False,False,False,Yangon International Airport,RGN
Tan Son Nhat International Airport,SGN,2024-08-20 19:40,Kuala Lumpur International Airport,KUL,2024-08-20 22:30,110,Malaysia Airlines,Business Class,1090,815,True,960,Y,Y,Y,1,8,2,23,Tuesday,False,False,False,Yangon International Airport,RGN
Tan Son Nhat International Airport,SGN,2024-08-20 19:40,Singapore Changi Airport,SIN,2024-08-20 22:40,120,Singapore Airlines,Business Class,1175,875,True,1717,Y,Y,Y,1,7,1,25,Tuesday,False,False,False,Yangon International Airport,RGN
Tan Son Nhat International Airport,SGN,2024-08-21 19:40,Kuala Lumpur International Airport,KUL,2024-08-21 22:30,110,Malaysia Airlines,Business Class,915,640,True,406,Y,Y,Y,1,8,2,23,Wednesday,False,False,False,Yangon International Airport,RGN
Tan Son Nhat International Airport,SGN,2024-08-21 19:40,Singapore Changi Airport,SIN,2024-08-21 22:40,120,Singapore Airlines,Business Class,850,555,True,863,Y,Y,Y,1,7,1,25,Wednesday,False,False,False,Yangon International Airport,RGN
Tan Son Nhat International Airport,SGN,2024-08-21 02:35,Guangzhou Baiyun International Airport,CAN,2024-08-21 06:40,185,China Southern,Business Class,490,100,,876,Y,Y,Y,1,10,2,32,Wednesday,False,False,False,Yangon International Airport,RGN
Tan Son Nhat International Airport,SGN,2024-08-21 19:40,Kuala Lumpur International Airport,KUL,2024-08-21 22:30,110,Malaysia Airlines,Business Class,1090,815,True,960,Y,Y,Y,1,8,2,23,Wednesday,False,False,False,Yangon International Airport,RGN
Tan Son Nhat International Airport,SGN,2024-08-21 19:40,Singapore Changi Airport,SIN,2024-08-21 22:40,120,Singapore Airlines,Business Class,1175,875,True,1717,Y,Y,Y,1,7,1,25,Wednesday,False,False,False,Yangon International Airport,RGN
Tan Son Nhat International Airport,SGN,2024-08-21 17:20,Taiwan Taoyuan International Airport,TPE,2024-08-21 21:50,210,China Airlines,Business Class,1005,550,True,2041,Y,Y,Y,2,7,2,32,Wednesday,False,False,False,Yangon International Airport,RGN
Tan Son Nhat International Airport,SGN,2024-08-22 19:40,Kuala Lumpur International Airport,KUL,2024-08-22 22:30,110,Malaysia Airlines,Business Class,915,640,True,406,Y,Y,Y,1,8,2,23,Thursday,False,False,False,Yangon International Airport,RGN
Tan Son Nhat International Airport,SGN,2024-08-22 19:40,Singapore Changi Airport,SIN,2024-08-22 22:40,120,Singapore Airlines,Business Class,850,555,True,863,Y,Y,Y,1,7,1,25,Thursday,False,False,False,Yangon International Airport,RGN
Tan Son Nhat International Airport,SGN,2024-08-22 19:40,Kuala Lumpur International Airport,KUL,2024-08-22 22:30,110,Malaysia Airlines,Business Class,1090,815,True,960,Y,Y,Y,1,8,2,23,Thursday,False,False,False,Yangon International Airport,RGN
Tan Son Nhat International Airport,SGN,2024-08-22 11:55,Guangzhou Baiyun International Airport,CAN,2024-08-22 15:50,175,China Southern,Business Class,1370,990,True,960,Y,Y,Y,1,10,2,32,Thursday,False,False,False,Yangon International Airport,RGN
Tan Son Nhat International Airport,SGN,2024-08-22 08:00,Guangzhou Baiyun International Airport,CAN,2024-08-22 11:55,175,China Southern,Business Class,1605,1225,True,876,Y,Y,Y,1,10,2,32,Thursday,False,False,False,Yangon International Airport,RGN
Tan Son Nhat International Airport,SGN,2024-08-22 15:45,Guangzhou Baiyun International Airport,CAN,2024-08-22 19:40,175,China Southern,Business Class,1140,760,True,1323,Y,Y,Y,1,10,2,32,Thursday,False,False,False,Yangon International Airport,RGN
Tan Son Nhat International Airport,SGN,2024-08-22 19:40,Singapore Changi Airport,SIN,2024-08-22 22:40,120,Singapore Airlines,Business Class,1175,875,True,1717,Y,Y,Y,1,7,1,25,Thursday,False,False,False,Yangon International Airport,RGN
Tan Son Nhat International Airport,SGN,2024-08-23 19:40,Kuala Lumpur International Airport,KUL,2024-08-23 22:30,110,Malaysia Airlines,Business Class,915,640,True,406,Y,Y,Y,1,8,2,23,Friday,False,False,False,Yangon International Airport,RGN
Tan Son Nhat International Airport,SGN,2024-08-23 19:40,Singapore Changi Airport,SIN,2024-08-23 22:40,120,Singapore Airlines,Business Class,850,555,True,863,Y,Y,Y,1,7,1,25,Friday,False,False,False,Yangon International Airport,RGN
Tan Son Nhat International Airport,SGN,2024-08-23 02:35,Guangzhou Baiyun International Airport,CAN,2024-08-23 06:40,185,China Southern,Business Class,490,100,,876,Y,Y,Y,1,10,2,32,Friday,False,False,False,Yangon International Airport,RGN
Tan Son Nhat International Airport,SGN,2024-08-23 15:45,Guangzhou Baiyun International Airport,CAN,2024-08-23 19:40,175,China Southern,Business Class,1140,760,True,876,Y,Y,Y,1,10,2,32,Friday,False,False,False,Yangon International Airport,RGN
Tan Son Nhat International Airport,SGN,2024-08-23 19:40,Kuala Lumpur International Airport,KUL,2024-08-23 22:30,110,Malaysia Airlines,Business Class,1090,815,True,960,Y,Y,Y,1,8,2,23,Friday,False,False,False,Yangon International Airport,RGN
Tan Son Nhat International Airport,SGN,2024-08-23 19:40,Singapore Changi Airport,SIN,2024-08-23 22:40,120,Singapore Airlines,Business Class,1175,875,True,1717,Y,Y,Y,1,7,1,25,Friday,False,False,False,Yangon International Airport,RGN
Tan Son Nhat International Airport,SGN,2024-08-23 17:20,Taiwan Taoyuan International Airport,TPE,2024-08-23 21:50,210,China Airlines,Business Class,1005,550,True,2041,Y,Y,Y,2,7,2,32,Friday,False,False,False,Yangon International Airport,RGN
Tan Son Nhat International Airport,SGN,2024-08-24 19:40,Kuala Lumpur International Airport,KUL,2024-08-24 22:30,110,Malaysia Airlines,Business Class,915,640,True,406,Y,Y,Y,1,8,2,23,Saturday,False,False,False,Yangon International Airport,RGN
Tan Son Nhat International Airport,SGN,2024-08-24 19:40,Singapore Changi Airport,SIN,2024-08-24 22:40,120,Singapore Airlines,Business Class,850,555,True,863,Y,Y,Y,1,7,1,25,Saturday,False,False,False,Yangon International Airport,RGN
Tan Son Nhat International Airport,SGN,2024-08-24 02:35,Guangzhou Baiyun International Airport,CAN,2024-08-24 06:40,185,China Southern,Business Class,490,100,,876,Y,Y,Y,1,10,2,32,Saturday,False,False,False,Yangon International Airport,RGN
Tan Son Nhat International Airport,SGN,2024-08-24 19:10,Kunming Changshui International Airport,KMG,2024-08-24 23:00,170,China Eastern,Business Class,1170,880,True,851,Y,Y,Y,1,10,2,32,Saturday,False,False,False,Yangon International Airport,RGN
Tan Son Nhat International Airport,SGN,2024-08-24 19:40,Kuala Lumpur International Airport,KUL,2024-08-24 22:30,110,Malaysia Airlines,Business Class,1090,815,True,960,Y,Y,Y,1,8,2,23,Saturday,False,False,False,Yangon International Airport,RGN
Tan Son Nhat International Airport,SGN,2024-08-24 19:40,Singapore Changi Airport,SIN,2024-08-24 22:40,120,Singapore Airlines,Business Class,1175,875,True,1717,Y,Y,Y,1,7,1,25,Saturday,False,False,False,Yangon International Airport,RGN
Tan Son Nhat International Airport,SGN,2024-08-25 19:40,Kuala Lumpur International Airport,KUL,2024-08-25 22:30,110,Malaysia Airlines,Business Class,915,640,True,406,Y,Y,Y,1,8,2,23,Sunday,False,False,False,Yangon International Airport,RGN
Tan Son Nhat International Airport,SGN,2024-08-25 15:45,Guangzhou Baiyun International Airport,CAN,2024-08-25 19:40,175,China Southern,Business Class,1140,760,True,876,Y,Y,Y,1,10,2,32,Sunday,False,False,False,Yangon International Airport,RGN
Tan Son Nhat International Airport,SGN,2024-08-25 19:40,Kuala Lumpur International Airport,KUL,2024-08-25 22:30,110,Malaysia Airlines,Business Class,1090,815,True,960,Y,Y,Y,1,8,2,23,Sunday,False,False,False,Yangon International Airport,RGN
Tan Son Nhat International Airport,SGN,2024-08-25 19:40,Singapore Changi Airport,SIN,2024-08-25 22:40,120,Singapore Airlines,Business Class,850,555,True,1011,Y,Y,Y,1,7,1,25,Sunday,False,False,False,Yangon International Airport,RGN
Tan Son Nhat International Airport,SGN,2024-08-25 19:40,Singapore Changi Airport,SIN,2024-08-25 22:40,120,Singapore Airlines,Business Class,1175,875,True,1717,Y,Y,Y,1,7,1,25,Sunday,False,False,False,Yangon International Airport,RGN
Tan Son Nhat International Airport,SGN,2024-08-26 19:40,Kuala Lumpur International Airport,KUL,2024-08-26 22:30,110,Malaysia Airlines,Business Class,915,640,True,406,Y,Y,Y,1,8,2,23,Monday,False,False,False,Yangon International Airport,RGN
Tan Son Nhat International Airport,SGN,2024-08-26 19:40,Singapore Changi Airport,SIN,2024-08-26 22:40,120,Singapore Airlines,Business Class,850,555,True,863,Y,Y,Y,1,7,1,25,Monday,False,False,False,Yangon International Airport,RGN
Tan Son Nhat International Airport,SGN,2024-08-26 02:35,Guangzhou Baiyun International Airport,CAN,2024-08-26 06:40,185,China Southern,Business Class,490,100,,876,Y,Y,Y,1,10,2,32,Monday,False,False,False,Yangon International Airport,RGN
Tan Son Nhat International Airport,SGN,2024-08-26 19:40,Kuala Lumpur International Airport,KUL,2024-08-26 22:30,110,Malaysia Airlines,Business Class,1090,815,True,960,Y,Y,Y,1,8,2,23,Monday,False,False,False,Yangon International Airport,RGN
Tan Son Nhat International Airport,SGN,2024-08-26 19:40,Singapore Changi Airport,SIN,2024-08-26 22:40,120,Singapore Airlines,Business Class,1175,875,True,1717,Y,Y,Y,1,7,1,25,Monday,False,False,False,Yangon International Airport,RGN
Tan Son Nhat International Airport,SGN,2024-08-26 17:20,Taiwan Taoyuan International Airport,TPE,2024-08-26 21:50,210,China Airlines,Business Class,1005,550,True,2041,Y,Y,Y,2,7,2,32,Monday,False,False,False,Yangon International Airport,RGN
Tan Son Nhat International Airport,SGN,2024-08-27 19:40,Kuala Lumpur International Airport,KUL,2024-08-27 22:30,110,Malaysia Airlines,Business Class,915,640,True,406,Y,Y,Y,1,8,2,23,Tuesday,False,False,False,Yangon International Airport,RGN
Tan Son Nhat International Airport,SGN,2024-08-27 19:40,Singapore Changi Airport,SIN,2024-08-27 22:40,120,Singapore Airlines,Business Class,850,555,True,863,Y,Y,Y,1,7,1,25,Tuesday,False,False,False,Yangon International Airport,RGN
Tan Son Nhat International Airport,SGN,2024-08-27 15:45,Guangzhou Baiyun International Airport,CAN,2024-08-27 19:40,175,China Southern,Business Class,1140,760,True,1093,Y,Y,Y,1,10,2,32,Tuesday,False,False,False,Yangon International Airport,RGN
Tan Son Nhat International Airport,SGN,2024-08-27 08:00,Guangzhou Baiyun International Airport,CAN,2024-08-27 11:55,175,China Southern,Business Class,1605,1225,True,876,Y,Y,Y,1,10,2,32,Tuesday,False,False,False,Yangon International Airport,RGN
Tan Son Nhat International Airport,SGN,2024-08-27 19:40,Kuala Lumpur International Airport,KUL,2024-08-27 22:30,110,Malaysia Airlines,Business Class,1090,815,True,960,Y,Y,Y,1,8,2,23,Tuesday,False,False,False,Yangon International Airport,RGN
Tan Son Nhat International Airport,SGN,2024-08-27 19:10,Kunming Changshui International Airport,KMG,2024-08-27 23:00,170,China Eastern,Business Class,1170,880,True,1288,Y,Y,Y,1,10,2,32,Tuesday,False,False,False,Yangon International Airport,RGN
Tan Son Nhat International Airport,SGN,2024-08-27 19:40,Singapore Changi Airport,SIN,2024-08-27 22:40,120,Singapore Airlines,Business Class,1175,875,True,1717,Y,Y,Y,1,7,1,25,Tuesday,False,False,False,Yangon International Airport,RGN
Tan Son Nhat International Airport,SGN,2024-08-28 19:40,Kuala Lumpur International Airport,KUL,2024-08-28 22:30,110,Malaysia Airlines,Business Class,915,640,True,406,Y,Y,Y,1,8,2,23,Wednesday,False,False,False,Yangon International Airport,RGN
Tan Son Nhat International Airport,SGN,2024-08-28 19:40,Singapore Changi Airport,SIN,2024-08-28 22:40,120,Singapore Airlines,Business Class,850,555,True,863,Y,Y,Y,1,7,1,25,Wednesday,False,False,False,Yangon International Airport,RGN
Tan Son Nhat International Airport,SGN,2024-08-28 02:35,Guangzhou Baiyun International Airport,CAN,2024-08-28 06:40,185,China Southern,Business Class,490,100,,876,Y,Y,Y,1,10,2,32,Wednesday,False,False,False,Yangon International Airport,RGN
Tan Son Nhat International Airport,SGN,2024-08-28 19:40,Kuala Lumpur International Airport,KUL,2024-08-28 22:30,110,Malaysia Airlines,Business Class,1090,815,True,960,Y,Y,Y,1,8,2,23,Wednesday,False,False,False,Yangon International Airport,RGN
Tan Son Nhat International Airport,SGN,2024-08-28 19:40,Singapore Changi Airport,SIN,2024-08-28 22:40,120,Singapore Airlines,Business Class,1175,875,True,1717,Y,Y,Y,1,7,1,25,Wednesday,False,False,False,Yangon International Airport,RGN
Tan Son Nhat International Airport,SGN,2024-08-28 17:20,Taiwan Taoyuan International Airport,TPE,2024-08-28 21:50,210,China Airlines,Business Class,1005,550,True,2041,Y,Y,Y,2,7,2,32,Wednesday,False,False,False,Yangon International Airport,RGN
Tan Son Nhat International Airport,SGN,2024-08-29 19:40,Kuala Lumpur International Airport,KUL,2024-08-29 22:30,110,Malaysia Airlines,Business Class,915,640,True,406,Y,Y,Y,1,8,2,23,Thursday,False,False,False,Yangon International Airport,RGN
Tan Son Nhat International Airport,SGN,2024-08-29 19:40,Singapore Changi Airport,SIN,2024-08-29 22:40,120,Singapore Airlines,Business Class,850,555,True,863,Y,Y,Y,1,7,1,25,Thursday,False,False,False,Yangon International Airport,RGN
Tan Son Nhat International Airport,SGN,2024-08-29 19:10,Kunming Changshui International Airport,KMG,2024-08-29 23:00,170,China Eastern,Business Class,1170,880,True,851,Y,Y,Y,1,10,2,32,Thursday,False,False,False,Yangon International Airport,RGN
Tan Son Nhat International Airport,SGN,2024-08-29 15:45,Guangzhou Baiyun International Airport,CAN,2024-08-29 19:40,175,China Southern,Business Class,1140,760,True,876,Y,Y,Y,1,10,2,32,Thursday,False,False,False,Yangon International Airport,RGN
Tan Son Nhat International Airport,SGN,2024-08-29 19:40,Kuala Lumpur International Airport,KUL,2024-08-29 22:30,110,Malaysia Airlines,Business Class,1090,815,True,960,Y,Y,Y,1,8,2,23,Thursday,False,False,False,Yangon International Airport,RGN
Tan Son Nhat International Airport,SGN,2024-08-29 19:40,Singapore Changi Airport,SIN,2024-08-29 22:40,120,Singapore Airlines,Business Class,1175,875,True,1717,Y,Y,Y,1,7,1,25,Thursday,False,False,False,Yangon International Airport,RGN
Tan Son Nhat International Airport,SGN,2024-08-30 19:40,Kuala Lumpur International Airport,KUL,2024-08-30 22:30,110,Malaysia Airlines,Business Class,915,640,True,406,Y,Y,Y,1,8,2,23,Friday,False,False,False,Yangon International Airport,RGN
Tan Son Nhat International Airport,SGN,2024-08-30 19:40,Singapore Changi Airport,SIN,2024-08-30 22:40,120,Singapore Airlines,Business Class,850,555,True,863,Y,Y,Y,1,7,1,25,Friday,False,False,False,Yangon International Airport,RGN
Tan Son Nhat International Airport,SGN,2024-08-30 02:35,Guangzhou Baiyun International Airport,CAN,2024-08-30 06:40,185,China Southern,Business Class,490,100,,876,Y,Y,Y,1,10,2,32,Friday,False,False,False,Yangon International Airport,RGN
Tan Son Nhat International Airport,SGN,2024-08-30 15:45,Guangzhou Baiyun International Airport,CAN,2024-08-30 19:40,175,China Southern,Business Class,1140,760,True,876,Y,Y,Y,1,10,2,32,Friday,False,False,False,Yangon International Airport,RGN
Tan Son Nhat International Airport,SGN,2024-08-30 19:40,Kuala Lumpur International Airport,KUL,2024-08-30 22:30,110,Malaysia Airlines,Business Class,1090,815,True,960,Y,Y,Y,1,8,2,23,Friday,False,False,False,Yangon International Airport,RGN
Tan Son Nhat International Airport,SGN,2024-08-30 19:40,Singapore Changi Airport,SIN,2024-08-30 22:40,120,Singapore Airlines,Business Class,1175,875,True,1717,Y,Y,Y,1,7,1,25,Friday,False,False,False,Yangon International Airport,RGN
Tan Son Nhat International Airport,SGN,2024-08-30 17:20,Taiwan Taoyuan International Airport,TPE,2024-08-30 21:50,210,China Airlines,Business Class,1005,550,True,2041,Y,Y,Y,2,7,2,32,Friday,False,False,False,Yangon International Airport,RGN
Tan Son Nhat International Airport,SGN,2024-08-31 19:40,Kuala Lumpur International Airport,KUL,2024-08-31 22:30,110,Malaysia Airlines,Business Class,915,640,True,406,Y,Y,Y,1,8,2,23,Saturday,False,False,False,Yangon International Airport,RGN
Tan Son Nhat International Airport,SGN,2024-08-31 19:40,Singapore Changi Airport,SIN,2024-08-31 22:40,120,Singapore Airlines,Business Class,850,555,True,863,Y,Y,Y,1,7,1,25,Saturday,False,False,False,Yangon International Airport,RGN
Tan Son Nhat International Airport,SGN,2024-08-31 02:35,Guangzhou Baiyun International Airport,CAN,2024-08-31 06:40,185,China Southern,Business Class,490,100,,876,Y,Y,Y,1,10,2,32,Saturday,False,False,False,Yangon International Airport,RGN
Tan Son Nhat International Airport,SGN,2024-08-31 19:10,Kunming Changshui International Airport,KMG,2024-08-31 23:00,170,China Eastern,Business Class,1170,880,True,851,Y,Y,Y,1,10,2,32,Saturday,False,False,False,Yangon International Airport,RGN
Tan Son Nhat International Airport,SGN,2024-08-31 19:40,Kuala Lumpur International Airport,KUL,2024-08-31 22:30,110,Malaysia Airlines,Business Class,1090,815,True,960,Y,Y,Y,1,8,2,23,Saturday,False,False,False,Yangon International Airport,RGN
Tan Son Nhat International Airport,SGN,2024-08-31 19:40,Singapore Changi Airport,SIN,2024-08-31 22:40,120,Singapore Airlines,Business Class,1175,875,True,1717,Y,Y,Y,1,7,1,25,Saturday,False,False,False,Yangon International Airport,RGN
