Departure Airport Name,Departure Airport ID,Departure Time,Arrival Airport Name,Arrival Airport ID,Arrival Time,Duration,Airline,Travel Class,Total Duration,Layover 1 Duration,Layover 1 Overnight,Price, Cabin Baggage, Checked Baggage,Meal Included,Cabin Baggage (Number),Cabin Baggage (kg per piece),Checked Baggage (Number),Checked Baggage (kg per piece) ,Day of Week (on flight date),Overnight Flight,Departure Country Is Holiday,Arrival Country Is Holiday,Final Arrival Airport Name,Final Arrival Airport ID
Tan Son Nhat International Airport,SGN,2024-07-01 19:40,Singapore Changi Airport,SIN,2024-07-01 22:40,120,Singapore Airlines,Business Class,870,620.0,True,1039,Y,Y,Y,1,7,1,23,Monday,False,False,False,Brunei International Airport,BWN
Tan Son Nhat International Airport,SGN,2024-07-01 09:30,Ninoy Aquino International Airport,MNL,2024-07-01 13:40,190,Philippine Airlines,Business Class,790,475.0,,1267,Y,Y,Y,1,7,2,32,Monday,False,False,False,Brunei International Airport,BWN
Tan Son Nhat International Airport,SGN,2024-07-01 19:40,Kuala Lumpur International Airport,KUL,2024-07-01 22:30,110,Malaysia Airlines,Business Class,1620,1365.0,True,1421,Y,Y,Y,1,8,2,23,Monday,False,False,False,Brunei International Airport,BWN
Tan Son Nhat International Airport,SGN,2024-07-02 14:05,Brunei International Airport,BWN,2024-07-02 17:10,125,Royal Brunei,Business Class,125,,,582,Y,Y,Y,1,12,2,40,Tuesday,False,False,False,Brunei International Airport,BWN
Tan Son Nhat International Airport,SGN,2024-07-02 19:40,Singapore Changi Airport,SIN,2024-07-02 22:40,120,Singapore Airlines,Business Class,1100,845.0,True,1334,Y,Y,Y,1,7,1,23,Tuesday,False,False,False,Brunei International Airport,BWN
Tan Son Nhat International Airport,SGN,2024-07-02 11:00,Kuala Lumpur International Airport,KUL,2024-07-02 13:55,115,Malaysia Airlines,Business Class,700,440.0,,1410,Y,Y,Y,1,8,2,23,Tuesday,False,False,False,Brunei International Airport,BWN
Tan Son Nhat International Airport,SGN,2024-07-02 19:40,Kuala Lumpur International Airport,KUL,2024-07-02 22:30,110,Malaysia Airlines,Business Class,1620,1365.0,True,1591,Y,Y,Y,1,8,2,23,Tuesday,False,False,False,Brunei International Airport,BWN
Tan Son Nhat International Airport,SGN,2024-07-03 19:40,Singapore Changi Airport,SIN,2024-07-03 22:40,120,Singapore Airlines,Business Class,870,620.0,True,1039,Y,Y,Y,1,7,1,23,Wednesday,False,False,False,Brunei International Airport,BWN
Tan Son Nhat International Airport,SGN,2024-07-03 16:40,Kuala Lumpur International Airport,KUL,2024-07-03 19:40,120,Malaysia Airlines,Business Class,360,95.0,,1580,Y,Y,Y,1,8,2,23,Wednesday,False,False,False,Brunei International Airport,BWN
Tan Son Nhat International Airport,SGN,2024-07-03 15:30,Ninoy Aquino International Airport,MNL,2024-07-03 19:40,190,Philippine Airlines,Business Class,1870,1555.0,True,1142,Y,Y,Y,1,7,2,32,Wednesday,False,False,False,Brunei International Airport,BWN
Tan Son Nhat International Airport,SGN,2024-07-03 19:40,Kuala Lumpur International Airport,KUL,2024-07-03 22:30,110,Malaysia Airlines,Business Class,1075,820.0,True,1421,Y,Y,Y,1,8,2,23,Wednesday,False,False,False,Brunei International Airport,BWN
Tan Son Nhat International Airport,SGN,2024-07-04 14:15,Brunei International Airport,BWN,2024-07-04 17:20,125,Royal Brunei,Business Class,125,,,582,Y,Y,Y,1,12,2,40,Thursday,False,False,False,Brunei International Airport,BWN
Tan Son Nhat International Airport,SGN,2024-07-04 19:40,Singapore Changi Airport,SIN,2024-07-04 22:40,120,Singapore Airlines,Business Class,1100,845.0,True,1039,Y,Y,Y,1,7,1,23,Thursday,False,False,False,Brunei International Airport,BWN
Tan Son Nhat International Airport,SGN,2024-07-04 09:30,Ninoy Aquino International Airport,MNL,2024-07-04 13:40,190,Philippine Airlines,Business Class,790,475.0,,1152,Y,Y,Y,1,7,2,32,Thursday,False,False,False,Brunei International Airport,BWN
Tan Son Nhat International Airport,SGN,2024-07-04 16:40,Kuala Lumpur International Airport,KUL,2024-07-04 19:40,120,Malaysia Airlines,Business Class,360,95.0,,1410,Y,Y,Y,1,8,2,23,Thursday,False,False,False,Brunei International Airport,BWN
Tan Son Nhat International Airport,SGN,2024-07-04 19:40,Kuala Lumpur International Airport,KUL,2024-07-04 22:30,110,Malaysia Airlines,Business Class,1075,820.0,True,1421,Y,Y,Y,1,8,2,23,Thursday,False,False,False,Brunei International Airport,BWN
Tan Son Nhat International Airport,SGN,2024-07-05 15:30,Ninoy Aquino International Airport,MNL,2024-07-05 19:40,190,Philippine Airlines,Business Class,430,115.0,,1152,Y,Y,Y,1,7,2,32,Friday,False,False,False,Brunei International Airport,BWN
Tan Son Nhat International Airport,SGN,2024-07-05 16:40,Kuala Lumpur International Airport,KUL,2024-07-05 19:40,120,Malaysia Airlines,Business Class,1255,990.0,True,1421,Y,Y,Y,1,8,2,23,Friday,False,False,False,Brunei International Airport,BWN
Tan Son Nhat International Airport,SGN,2024-07-05 16:40,Kuala Lumpur International Airport,KUL,2024-07-05 19:40,120,Malaysia Airlines,Business Class,360,95.0,,1580,Y,Y,Y,1,8,2,23,Friday,False,False,False,Brunei International Airport,BWN
Tan Son Nhat International Airport,SGN,2024-07-06 19:40,Kuala Lumpur International Airport,KUL,2024-07-06 22:30,110,Malaysia Airlines,Business Class,1075,820.0,True,1421,Y,Y,Y,1,8,2,23,Saturday,False,False,False,Brunei International Airport,BWN
Tan Son Nhat International Airport,SGN,2024-07-07 20:35,Brunei International Airport,BWN,2024-07-07 23:40,125,Royal Brunei,Business Class,125,,,582,Y,Y,Y,1,12,2,40,Sunday,False,False,False,Brunei International Airport,BWN
Tan Son Nhat International Airport,SGN,2024-07-07 19:40,Singapore Changi Airport,SIN,2024-07-07 22:40,120,Singapore Airlines,Business Class,870,620.0,True,1039,Y,Y,Y,1,7,1,23,Sunday,False,False,False,Brunei International Airport,BWN
Tan Son Nhat International Airport,SGN,2024-07-07 15:30,Ninoy Aquino International Airport,MNL,2024-07-07 19:40,190,Philippine Airlines,Business Class,1870,1555.0,True,1142,Y,Y,Y,1,7,2,32,Sunday,False,False,False,Brunei International Airport,BWN
Tan Son Nhat International Airport,SGN,2024-07-07 16:40,Kuala Lumpur International Airport,KUL,2024-07-07 19:40,120,Malaysia Airlines,Business Class,360,95.0,,1580,Y,Y,Y,1,8,2,23,Sunday,False,False,False,Brunei International Airport,BWN
Tan Son Nhat International Airport,SGN,2024-07-08 09:30,Ninoy Aquino International Airport,MNL,2024-07-08 13:40,190,Philippine Airlines,Business Class,790,475.0,,1142,Y,Y,Y,1,7,2,32,Monday,False,False,True,Brunei International Airport,BWN
Tan Son Nhat International Airport,SGN,2024-07-08 19:40,Singapore Changi Airport,SIN,2024-07-08 22:40,120,Singapore Airlines,Business Class,870,620.0,True,1334,Y,Y,Y,1,7,1,23,Monday,False,False,True,Brunei International Airport,BWN
Tan Son Nhat International Airport,SGN,2024-07-09 14:05,Brunei International Airport,BWN,2024-07-09 17:10,125,Royal Brunei,Business Class,125,,,582,Y,Y,Y,1,12,2,40,Tuesday,False,False,False,Brunei International Airport,BWN
Tan Son Nhat International Airport,SGN,2024-07-09 19:40,Singapore Changi Airport,SIN,2024-07-09 22:40,120,Singapore Airlines,Business Class,1100,845.0,True,767,Y,Y,Y,1,7,1,23,Tuesday,False,False,False,Brunei International Airport,BWN
Tan Son Nhat International Airport,SGN,2024-07-09 19:40,Kuala Lumpur International Airport,KUL,2024-07-09 22:30,110,Malaysia Airlines,Business Class,1620,1365.0,True,1421,Y,Y,Y,1,8,2,23,Tuesday,False,False,False,Brunei International Airport,BWN
Tan Son Nhat International Airport,SGN,2024-07-10 19:40,Singapore Changi Airport,SIN,2024-07-10 22:40,120,Singapore Airlines,Business Class,870,620.0,True,1039,Y,Y,Y,1,7,1,23,Wednesday,False,False,False,Brunei International Airport,BWN
Tan Son Nhat International Airport,SGN,2024-07-10 16:40,Kuala Lumpur International Airport,KUL,2024-07-10 19:40,120,Malaysia Airlines,Business Class,360,95.0,,1410,Y,Y,Y,1,8,2,23,Wednesday,False,False,False,Brunei International Airport,BWN
Tan Son Nhat International Airport,SGN,2024-07-10 15:30,Ninoy Aquino International Airport,MNL,2024-07-10 19:40,190,Philippine Airlines,Business Class,1870,1555.0,True,1142,Y,Y,Y,1,7,2,32,Wednesday,False,False,False,Brunei International Airport,BWN
Tan Son Nhat International Airport,SGN,2024-07-10 19:40,Kuala Lumpur International Airport,KUL,2024-07-10 22:30,110,Malaysia Airlines,Business Class,1075,820.0,True,1591,Y,Y,Y,1,8,2,23,Wednesday,False,False,False,Brunei International Airport,BWN
Tan Son Nhat International Airport,SGN,2024-07-11 14:15,Brunei International Airport,BWN,2024-07-11 17:20,125,Royal Brunei,Business Class,125,,,582,Y,Y,Y,1,12,2,40,Thursday,False,False,False,Brunei International Airport,BWN
Tan Son Nhat International Airport,SGN,2024-07-11 19:40,Singapore Changi Airport,SIN,2024-07-11 22:40,120,Singapore Airlines,Business Class,1100,845.0,True,767,Y,Y,Y,1,7,1,23,Thursday,False,False,False,Brunei International Airport,BWN
Tan Son Nhat International Airport,SGN,2024-07-11 09:30,Ninoy Aquino International Airport,MNL,2024-07-11 13:40,190,Philippine Airlines,Business Class,790,475.0,,1152,Y,Y,Y,1,7,2,32,Thursday,False,False,False,Brunei International Airport,BWN
Tan Son Nhat International Airport,SGN,2024-07-11 19:40,Kuala Lumpur International Airport,KUL,2024-07-11 22:30,110,Malaysia Airlines,Business Class,1075,820.0,True,1421,Y,Y,Y,1,8,2,23,Thursday,False,False,False,Brunei International Airport,BWN
Tan Son Nhat International Airport,SGN,2024-07-11 16:40,Kuala Lumpur International Airport,KUL,2024-07-11 19:40,120,Malaysia Airlines,Business Class,360,95.0,,1580,Y,Y,Y,1,8,2,23,Thursday,False,False,False,Brunei International Airport,BWN
Tan Son Nhat International Airport,SGN,2024-07-12 19:40,Singapore Changi Airport,SIN,2024-07-12 22:40,120,Singapore Airlines,Business Class,870,620.0,True,1039,Y,Y,Y,1,7,1,23,Friday,False,False,False,Brunei International Airport,BWN
Tan Son Nhat International Airport,SGN,2024-07-12 15:30,Ninoy Aquino International Airport,MNL,2024-07-12 19:40,190,Philippine Airlines,Business Class,430,115.0,,1152,Y,Y,Y,1,7,2,32,Friday,False,False,False,Brunei International Airport,BWN
Tan Son Nhat International Airport,SGN,2024-07-12 16:40,Kuala Lumpur International Airport,KUL,2024-07-12 19:40,120,Malaysia Airlines,Business Class,360,95.0,,1410,Y,Y,Y,1,8,2,23,Friday,False,False,False,Brunei International Airport,BWN
Tan Son Nhat International Airport,SGN,2024-07-12 19:40,Kuala Lumpur International Airport,KUL,2024-07-12 22:30,110,Malaysia Airlines,Business Class,1075,820.0,True,1591,Y,Y,Y,1,8,2,23,Friday,False,False,False,Brunei International Airport,BWN
Tan Son Nhat International Airport,SGN,2024-07-13 19:40,Singapore Changi Airport,SIN,2024-07-13 22:40,120,Singapore Airlines,Business Class,1100,845.0,True,1039,Y,Y,Y,1,7,1,23,Saturday,False,False,False,Brunei International Airport,BWN
Tan Son Nhat International Airport,SGN,2024-07-13 19:40,Kuala Lumpur International Airport,KUL,2024-07-13 22:30,110,Malaysia Airlines,Business Class,1075,820.0,True,1421,Y,Y,Y,1,8,2,23,Saturday,False,False,False,Brunei International Airport,BWN
Tan Son Nhat International Airport,SGN,2024-07-14 16:40,Kuala Lumpur International Airport,KUL,2024-07-14 19:40,120,Malaysia Airlines,Business Class,360,95.0,,1410,Y,Y,Y,1,8,2,23,Sunday,False,False,False,Brunei International Airport,BWN
Tan Son Nhat International Airport,SGN,2024-07-14 12:20,Singapore Changi Airport,SIN,2024-07-14 15:30,130,Singapore Airlines,Business Class,1310,1050.0,True,1039,Y,Y,Y,1,7,1,23,Sunday,False,False,False,Brunei International Airport,BWN
Tan Son Nhat International Airport,SGN,2024-07-14 15:30,Ninoy Aquino International Airport,MNL,2024-07-14 19:40,190,Philippine Airlines,Business Class,1870,1555.0,True,1142,Y,Y,Y,1,7,2,32,Sunday,False,False,False,Brunei International Airport,BWN
Tan Son Nhat International Airport,SGN,2024-07-14 19:40,Singapore Changi Airport,SIN,2024-07-14 22:40,120,Singapore Airlines,Business Class,870,620.0,True,1334,Y,Y,Y,1,7,1,23,Sunday,False,False,False,Brunei International Airport,BWN
Tan Son Nhat International Airport,SGN,2024-07-14 19:40,Kuala Lumpur International Airport,KUL,2024-07-14 22:30,110,Malaysia Airlines,Business Class,1075,820.0,True,1591,Y,Y,Y,1,8,2,23,Sunday,False,False,False,Brunei International Airport,BWN
Tan Son Nhat International Airport,SGN,2024-07-15 19:40,Singapore Changi Airport,SIN,2024-07-15 22:40,120,Singapore Airlines,Business Class,870,620.0,True,1039,Y,Y,Y,1,7,1,23,Monday,False,False,True,Brunei International Airport,BWN
Tan Son Nhat International Airport,SGN,2024-07-15 09:30,Ninoy Aquino International Airport,MNL,2024-07-15 13:40,190,Philippine Airlines,Business Class,790,475.0,,1142,Y,Y,Y,1,7,2,32,Monday,False,False,True,Brunei International Airport,BWN
Tan Son Nhat International Airport,SGN,2024-07-15 19:40,Kuala Lumpur International Airport,KUL,2024-07-15 22:30,110,Malaysia Airlines,Business Class,1620,1365.0,True,1421,Y,Y,Y,1,8,2,23,Monday,False,False,True,Brunei International Airport,BWN
Tan Son Nhat International Airport,SGN,2024-07-16 14:05,Brunei International Airport,BWN,2024-07-16 17:10,125,Royal Brunei,Business Class,125,,,582,Y,Y,Y,1,12,2,40,Tuesday,False,False,False,Brunei International Airport,BWN
Tan Son Nhat International Airport,SGN,2024-07-16 19:40,Singapore Changi Airport,SIN,2024-07-16 22:40,120,Singapore Airlines,Business Class,1100,845.0,True,767,Y,Y,Y,1,7,1,23,Tuesday,False,False,False,Brunei International Airport,BWN
Tan Son Nhat International Airport,SGN,2024-07-16 16:40,Kuala Lumpur International Airport,KUL,2024-07-16 19:40,120,Malaysia Airlines,Business Class,360,95.0,,1410,Y,Y,Y,1,8,2,23,Tuesday,False,False,False,Brunei International Airport,BWN
Tan Son Nhat International Airport,SGN,2024-07-16 19:40,Kuala Lumpur International Airport,KUL,2024-07-16 22:30,110,Malaysia Airlines,Business Class,1620,1365.0,True,1421,Y,Y,Y,1,8,2,23,Tuesday,False,False,False,Brunei International Airport,BWN
Tan Son Nhat International Airport,SGN,2024-07-17 19:40,Singapore Changi Airport,SIN,2024-07-17 22:40,120,Singapore Airlines,Business Class,870,620.0,True,1039,Y,Y,Y,1,7,1,23,Wednesday,False,False,False,Brunei International Airport,BWN
Tan Son Nhat International Airport,SGN,2024-07-17 16:40,Kuala Lumpur International Airport,KUL,2024-07-17 19:40,120,Malaysia Airlines,Business Class,360,95.0,,1410,Y,Y,Y,1,8,2,23,Wednesday,False,False,False,Brunei International Airport,BWN
Tan Son Nhat International Airport,SGN,2024-07-17 15:30,Ninoy Aquino International Airport,MNL,2024-07-17 19:40,190,Philippine Airlines,Business Class,1870,1555.0,True,1142,Y,Y,Y,1,7,2,32,Wednesday,False,False,False,Brunei International Airport,BWN
Tan Son Nhat International Airport,SGN,2024-07-17 19:40,Kuala Lumpur International Airport,KUL,2024-07-17 22:30,110,Malaysia Airlines,Business Class,1075,820.0,True,1421,Y,Y,Y,1,8,2,23,Wednesday,False,False,False,Brunei International Airport,BWN
Tan Son Nhat International Airport,SGN,2024-07-18 19:40,Singapore Changi Airport,SIN,2024-07-18 22:40,120,Singapore Airlines,Business Class,1100,845.0,True,1039,Y,Y,Y,1,7,1,23,Thursday,False,False,False,Brunei International Airport,BWN
Tan Son Nhat International Airport,SGN,2024-07-18 16:40,Kuala Lumpur International Airport,KUL,2024-07-18 19:40,120,Malaysia Airlines,Business Class,360,95.0,,1410,Y,Y,Y,1,8,2,23,Thursday,False,False,False,Brunei International Airport,BWN
Tan Son Nhat International Airport,SGN,2024-07-18 09:30,Ninoy Aquino International Airport,MNL,2024-07-18 13:40,190,Philippine Airlines,Business Class,790,475.0,,1152,Y,Y,Y,1,7,2,32,Thursday,False,False,False,Brunei International Airport,BWN
Tan Son Nhat International Airport,SGN,2024-07-18 19:40,Kuala Lumpur International Airport,KUL,2024-07-18 22:30,110,Malaysia Airlines,Business Class,1075,820.0,True,1421,Y,Y,Y,1,8,2,23,Thursday,False,False,False,Brunei International Airport,BWN
Tan Son Nhat International Airport,SGN,2024-07-19 19:40,Singapore Changi Airport,SIN,2024-07-19 22:40,120,Singapore Airlines,Business Class,870,620.0,True,767,Y,Y,Y,1,7,1,23,Friday,False,False,False,Brunei International Airport,BWN
Tan Son Nhat International Airport,SGN,2024-07-19 15:30,Ninoy Aquino International Airport,MNL,2024-07-19 19:40,190,Philippine Airlines,Business Class,430,115.0,,1152,Y,Y,Y,1,7,2,32,Friday,False,False,False,Brunei International Airport,BWN
Tan Son Nhat International Airport,SGN,2024-07-19 16:40,Kuala Lumpur International Airport,KUL,2024-07-19 19:40,120,Malaysia Airlines,Business Class,360,95.0,,1410,Y,Y,Y,1,8,2,23,Friday,False,False,False,Brunei International Airport,BWN
Tan Son Nhat International Airport,SGN,2024-07-19 19:40,Kuala Lumpur International Airport,KUL,2024-07-19 22:30,110,Malaysia Airlines,Business Class,1075,820.0,True,1421,Y,Y,Y,1,8,2,23,Friday,False,False,False,Brunei International Airport,BWN
Tan Son Nhat International Airport,SGN,2024-07-20 19:40,Singapore Changi Airport,SIN,2024-07-20 22:40,120,Singapore Airlines,Business Class,1100,845.0,True,1334,Y,Y,Y,1,7,1,23,Saturday,False,False,False,Brunei International Airport,BWN
Tan Son Nhat International Airport,SGN,2024-07-20 19:40,Kuala Lumpur International Airport,KUL,2024-07-20 22:30,110,Malaysia Airlines,Business Class,1075,820.0,True,1421,Y,Y,Y,1,8,2,23,Saturday,False,False,False,Brunei International Airport,BWN
Tan Son Nhat International Airport,SGN,2024-07-21 20:35,Brunei International Airport,BWN,2024-07-21 23:40,125,Royal Brunei,Business Class,125,,,582,Y,Y,Y,1,12,2,40,Sunday,False,False,False,Brunei International Airport,BWN
Tan Son Nhat International Airport,SGN,2024-07-21 19:40,Singapore Changi Airport,SIN,2024-07-21 22:40,120,Singapore Airlines,Business Class,870,620.0,True,914,Y,Y,Y,1,7,1,23,Sunday,False,False,False,Brunei International Airport,BWN
Tan Son Nhat International Airport,SGN,2024-07-21 15:30,Ninoy Aquino International Airport,MNL,2024-07-21 19:40,190,Philippine Airlines,Business Class,1870,1555.0,True,1142,Y,Y,Y,1,7,2,32,Sunday,False,False,False,Brunei International Airport,BWN
Tan Son Nhat International Airport,SGN,2024-07-21 16:40,Kuala Lumpur International Airport,KUL,2024-07-21 19:40,120,Malaysia Airlines,Business Class,360,95.0,,1580,Y,Y,Y,1,8,2,23,Sunday,False,False,False,Brunei International Airport,BWN
Tan Son Nhat International Airport,SGN,2024-07-22 09:30,Ninoy Aquino International Airport,MNL,2024-07-22 13:40,190,Philippine Airlines,Business Class,790,475.0,,1142,Y,Y,Y,1,7,2,32,Monday,False,False,False,Brunei International Airport,BWN
Tan Son Nhat International Airport,SGN,2024-07-22 19:40,Singapore Changi Airport,SIN,2024-07-22 22:40,120,Singapore Airlines,Business Class,870,620.0,True,1334,Y,Y,Y,1,7,1,23,Monday,False,False,False,Brunei International Airport,BWN
Tan Son Nhat International Airport,SGN,2024-07-22 19:40,Kuala Lumpur International Airport,KUL,2024-07-22 22:30,110,Malaysia Airlines,Business Class,1620,1365.0,True,1421,Y,Y,Y,1,8,2,23,Monday,False,False,False,Brunei International Airport,BWN
Tan Son Nhat International Airport,SGN,2024-07-23 14:05,Brunei International Airport,BWN,2024-07-23 17:10,125,Royal Brunei,Business Class,125,,,582,Y,Y,Y,1,12,2,40,Tuesday,False,False,False,Brunei International Airport,BWN
Tan Son Nhat International Airport,SGN,2024-07-23 19:40,Singapore Changi Airport,SIN,2024-07-23 22:40,120,Singapore Airlines,Business Class,1100,845.0,True,1039,Y,Y,Y,1,7,1,23,Tuesday,False,False,False,Brunei International Airport,BWN
Tan Son Nhat International Airport,SGN,2024-07-23 16:40,Kuala Lumpur International Airport,KUL,2024-07-23 19:40,120,Malaysia Airlines,Business Class,360,95.0,,1410,Y,Y,Y,1,8,2,23,Tuesday,False,False,False,Brunei International Airport,BWN
Tan Son Nhat International Airport,SGN,2024-07-23 19:40,Kuala Lumpur International Airport,KUL,2024-07-23 22:30,110,Malaysia Airlines,Business Class,1620,1365.0,True,1421,Y,Y,Y,1,8,2,23,Tuesday,False,False,False,Brunei International Airport,BWN
Tan Son Nhat International Airport,SGN,2024-07-24 19:40,Singapore Changi Airport,SIN,2024-07-24 22:40,120,Singapore Airlines,Business Class,870,620.0,True,767,Y,Y,Y,1,7,1,23,Wednesday,False,False,False,Brunei International Airport,BWN
Tan Son Nhat International Airport,SGN,2024-07-24 16:40,Kuala Lumpur International Airport,KUL,2024-07-24 19:40,120,Malaysia Airlines,Business Class,360,95.0,,1410,Y,Y,Y,1,8,2,23,Wednesday,False,False,False,Brunei International Airport,BWN
Tan Son Nhat International Airport,SGN,2024-07-24 15:30,Ninoy Aquino International Airport,MNL,2024-07-24 19:40,190,Philippine Airlines,Business Class,1870,1555.0,True,1142,Y,Y,Y,1,7,2,32,Wednesday,False,False,False,Brunei International Airport,BWN
Tan Son Nhat International Airport,SGN,2024-07-24 19:40,Kuala Lumpur International Airport,KUL,2024-07-24 22:30,110,Malaysia Airlines,Business Class,1075,820.0,True,1364,Y,Y,Y,1,8,2,23,Wednesday,False,False,False,Brunei International Airport,BWN
Tan Son Nhat International Airport,SGN,2024-07-25 14:15,Brunei International Airport,BWN,2024-07-25 17:20,125,Royal Brunei,Business Class,125,,,582,Y,Y,Y,1,12,2,40,Thursday,False,False,False,Brunei International Airport,BWN
Tan Son Nhat International Airport,SGN,2024-07-25 19:40,Singapore Changi Airport,SIN,2024-07-25 22:40,120,Singapore Airlines,Business Class,1100,845.0,True,767,Y,Y,Y,1,7,1,23,Thursday,False,False,False,Brunei International Airport,BWN
Tan Son Nhat International Airport,SGN,2024-07-25 09:30,Ninoy Aquino International Airport,MNL,2024-07-25 13:40,190,Philippine Airlines,Business Class,790,475.0,,1152,Y,Y,Y,1,7,2,32,Thursday,False,False,False,Brunei International Airport,BWN
Tan Son Nhat International Airport,SGN,2024-07-25 19:40,Kuala Lumpur International Airport,KUL,2024-07-25 22:30,110,Malaysia Airlines,Business Class,1075,820.0,True,1421,Y,Y,Y,1,8,2,23,Thursday,False,False,False,Brunei International Airport,BWN
Tan Son Nhat International Airport,SGN,2024-07-25 16:40,Kuala Lumpur International Airport,KUL,2024-07-25 19:40,120,Malaysia Airlines,Business Class,360,95.0,,1580,Y,Y,Y,1,8,2,23,Thursday,False,False,False,Brunei International Airport,BWN
Tan Son Nhat International Airport,SGN,2024-07-26 19:40,Singapore Changi Airport,SIN,2024-07-26 22:40,120,Singapore Airlines,Business Class,870,620.0,True,767,Y,Y,Y,1,7,1,23,Friday,False,False,False,Brunei International Airport,BWN
Tan Son Nhat International Airport,SGN,2024-07-26 15:30,Ninoy Aquino International Airport,MNL,2024-07-26 19:40,190,Philippine Airlines,Business Class,430,115.0,,1152,Y,Y,Y,1,7,2,32,Friday,False,False,False,Brunei International Airport,BWN
Tan Son Nhat International Airport,SGN,2024-07-26 19:40,Kuala Lumpur International Airport,KUL,2024-07-26 22:30,110,Malaysia Airlines,Business Class,1075,820.0,True,1364,Y,Y,Y,1,8,2,23,Friday,False,False,False,Brunei International Airport,BWN
Tan Son Nhat International Airport,SGN,2024-07-26 16:40,Kuala Lumpur International Airport,KUL,2024-07-26 19:40,120,Malaysia Airlines,Business Class,360,95.0,,1410,Y,Y,Y,1,8,2,23,Friday,False,False,False,Brunei International Airport,BWN
Tan Son Nhat International Airport,SGN,2024-07-27 19:40,Singapore Changi Airport,SIN,2024-07-27 22:40,120,Singapore Airlines,Business Class,1100,845.0,True,1039,Y,Y,Y,1,7,1,23,Saturday,False,False,False,Brunei International Airport,BWN
Tan Son Nhat International Airport,SGN,2024-07-27 19:40,Kuala Lumpur International Airport,KUL,2024-07-27 22:30,110,Malaysia Airlines,Business Class,1075,820.0,True,1421,Y,Y,Y,1,8,2,23,Saturday,False,False,False,Brunei International Airport,BWN
Tan Son Nhat International Airport,SGN,2024-07-28 20:35,Brunei International Airport,BWN,2024-07-28 23:40,125,Royal Brunei,Business Class,125,,,582,Y,Y,Y,1,12,2,40,Sunday,False,False,False,Brunei International Airport,BWN
Tan Son Nhat International Airport,SGN,2024-07-28 19:40,Singapore Changi Airport,SIN,2024-07-28 22:40,120,Singapore Airlines,Business Class,870,620.0,True,914,Y,Y,Y,1,7,1,23,Sunday,False,False,False,Brunei International Airport,BWN
Tan Son Nhat International Airport,SGN,2024-07-28 15:30,Ninoy Aquino International Airport,MNL,2024-07-28 19:40,190,Philippine Airlines,Business Class,1870,1555.0,True,1142,Y,Y,Y,1,7,2,32,Sunday,False,False,False,Brunei International Airport,BWN
Tan Son Nhat International Airport,SGN,2024-07-28 16:40,Kuala Lumpur International Airport,KUL,2024-07-28 19:40,120,Malaysia Airlines,Business Class,360,95.0,,1410,Y,Y,Y,1,8,2,23,Sunday,False,False,False,Brunei International Airport,BWN
Tan Son Nhat International Airport,SGN,2024-07-29 19:40,Singapore Changi Airport,SIN,2024-07-29 22:40,120,Singapore Airlines,Business Class,870,620.0,True,767,Y,Y,Y,1,7,1,23,Monday,False,False,False,Brunei International Airport,BWN
Tan Son Nhat International Airport,SGN,2024-07-29 09:30,Ninoy Aquino International Airport,MNL,2024-07-29 13:40,190,Philippine Airlines,Business Class,790,475.0,,1142,Y,Y,Y,1,7,2,32,Monday,False,False,False,Brunei International Airport,BWN
Tan Son Nhat International Airport,SGN,2024-07-29 19:40,Kuala Lumpur International Airport,KUL,2024-07-29 22:30,110,Malaysia Airlines,Business Class,1620,1365.0,True,1421,Y,Y,Y,1,8,2,23,Monday,False,False,False,Brunei International Airport,BWN
Tan Son Nhat International Airport,SGN,2024-07-30 14:05,Brunei International Airport,BWN,2024-07-30 17:10,125,Royal Brunei,Business Class,125,,,582,Y,Y,Y,1,12,2,40,Tuesday,False,False,False,Brunei International Airport,BWN
Tan Son Nhat International Airport,SGN,2024-07-30 19:40,Singapore Changi Airport,SIN,2024-07-30 22:40,120,Singapore Airlines,Business Class,1100,845.0,True,767,Y,Y,Y,1,7,1,23,Tuesday,False,False,False,Brunei International Airport,BWN
Tan Son Nhat International Airport,SGN,2024-07-30 16:40,Kuala Lumpur International Airport,KUL,2024-07-30 19:40,120,Malaysia Airlines,Business Class,360,95.0,,1410,Y,Y,Y,1,8,2,23,Tuesday,False,False,False,Brunei International Airport,BWN
Tan Son Nhat International Airport,SGN,2024-07-30 19:40,Kuala Lumpur International Airport,KUL,2024-07-30 22:30,110,Malaysia Airlines,Business Class,1620,1365.0,True,1421,Y,Y,Y,1,8,2,23,Tuesday,False,False,False,Brunei International Airport,BWN
Tan Son Nhat International Airport,SGN,2024-07-31 19:40,Singapore Changi Airport,SIN,2024-07-31 22:40,120,Singapore Airlines,Business Class,870,620.0,True,1039,Y,Y,Y,1,7,1,23,Wednesday,False,False,False,Brunei International Airport,BWN
Tan Son Nhat International Airport,SGN,2024-07-31 16:40,Kuala Lumpur International Airport,KUL,2024-07-31 19:40,120,Malaysia Airlines,Business Class,360,95.0,,1410,Y,Y,Y,1,8,2,23,Wednesday,False,False,False,Brunei International Airport,BWN
Tan Son Nhat International Airport,SGN,2024-07-31 15:30,Ninoy Aquino International Airport,MNL,2024-07-31 19:40,190,Philippine Airlines,Business Class,1870,1555.0,True,1267,Y,Y,Y,1,7,2,32,Wednesday,False,False,False,Brunei International Airport,BWN
Tan Son Nhat International Airport,SGN,2024-07-31 19:40,Kuala Lumpur International Airport,KUL,2024-07-31 22:30,110,Malaysia Airlines,Business Class,1075,820.0,True,1421,Y,Y,Y,1,8,2,23,Wednesday,False,False,False,Brunei International Airport,BWN
Tan Son Nhat International Airport,SGN,2024-08-01 14:15,Brunei International Airport,BWN,2024-08-01 17:20,125,Royal Brunei,Business Class,125,,,584,Y,Y,Y,1,12,2,40,Thursday,False,False,False,Brunei International Airport,BWN
Tan Son Nhat International Airport,SGN,2024-08-01 19:40,Singapore Changi Airport,SIN,2024-08-01 22:40,120,Singapore Airlines,Business Class,1100,845.0,True,917,Y,Y,Y,1,7,1,23,Thursday,False,False,False,Brunei International Airport,BWN
Tan Son Nhat International Airport,SGN,2024-08-01 09:30,Ninoy Aquino International Airport,MNL,2024-08-01 13:40,190,Philippine Airlines,Business Class,790,475.0,,1312,Y,Y,Y,1,7,2,32,Thursday,False,False,False,Brunei International Airport,BWN
Tan Son Nhat International Airport,SGN,2024-08-01 16:40,Kuala Lumpur International Airport,KUL,2024-08-01 19:40,120,Malaysia Airlines,Business Class,360,95.0,,1423,Y,Y,Y,1,8,2,23,Thursday,False,False,False,Brunei International Airport,BWN
Tan Son Nhat International Airport,SGN,2024-08-01 19:40,Kuala Lumpur International Airport,KUL,2024-08-01 22:30,110,Malaysia Airlines,Business Class,1620,1365.0,True,1434,Y,Y,Y,1,8,2,23,Thursday,False,False,False,Brunei International Airport,BWN
Tan Son Nhat International Airport,SGN,2024-08-02 19:40,Singapore Changi Airport,SIN,2024-08-02 22:40,120,Singapore Airlines,Business Class,870,620.0,True,917,Y,Y,Y,1,7,1,23,Friday,False,False,False,Brunei International Airport,BWN
Tan Son Nhat International Airport,SGN,2024-08-02 15:30,Ninoy Aquino International Airport,MNL,2024-08-02 19:40,190,Philippine Airlines,Business Class,430,115.0,,1186,Y,Y,Y,1,7,2,32,Friday,False,False,False,Brunei International Airport,BWN
Tan Son Nhat International Airport,SGN,2024-08-02 16:40,Kuala Lumpur International Airport,KUL,2024-08-02 19:40,120,Malaysia Airlines,Business Class,360,95.0,,1423,Y,Y,Y,1,8,2,23,Friday,False,False,False,Brunei International Airport,BWN
Tan Son Nhat International Airport,SGN,2024-08-02 19:40,Kuala Lumpur International Airport,KUL,2024-08-02 22:30,110,Malaysia Airlines,Business Class,1075,820.0,True,1607,Y,Y,Y,1,8,2,23,Friday,False,False,False,Brunei International Airport,BWN
Tan Son Nhat International Airport,SGN,2024-08-03 19:40,Singapore Changi Airport,SIN,2024-08-03 22:40,120,Singapore Airlines,Business Class,1100,845.0,True,1043,Y,Y,Y,1,7,1,23,Saturday,False,False,False,Brunei International Airport,BWN
Tan Son Nhat International Airport,SGN,2024-08-03 19:40,Kuala Lumpur International Airport,KUL,2024-08-03 22:30,110,Malaysia Airlines,Business Class,1620,1365.0,True,1434,Y,Y,Y,1,8,2,23,Saturday,False,False,False,Brunei International Airport,BWN
Tan Son Nhat International Airport,SGN,2024-08-03 19:40,Kuala Lumpur International Airport,KUL,2024-08-03 22:30,110,Malaysia Airlines,Business Class,1075,820.0,True,1607,Y,Y,Y,1,8,2,23,Saturday,False,False,False,Brunei International Airport,BWN
Tan Son Nhat International Airport,SGN,2024-08-04 20:35,Brunei International Airport,BWN,2024-08-04 23:40,125,Royal Brunei,Business Class,125,,,584,Y,Y,Y,1,12,2,40,Sunday,False,False,False,Brunei International Airport,BWN
Tan Son Nhat International Airport,SGN,2024-08-04 15:30,Ninoy Aquino International Airport,MNL,2024-08-04 19:40,190,Philippine Airlines,Business Class,1870,1555.0,True,1176,Y,Y,Y,1,7,2,32,Sunday,False,False,False,Brunei International Airport,BWN
Tan Son Nhat International Airport,SGN,2024-08-04 16:40,Kuala Lumpur International Airport,KUL,2024-08-04 19:40,120,Malaysia Airlines,Business Class,360,95.0,,1423,Y,Y,Y,1,8,2,23,Sunday,False,False,False,Brunei International Airport,BWN
Tan Son Nhat International Airport,SGN,2024-08-05 09:30,Ninoy Aquino International Airport,MNL,2024-08-05 13:40,190,Philippine Airlines,Business Class,790,475.0,,1176,Y,Y,Y,1,7,2,32,Monday,False,False,False,Brunei International Airport,BWN
Tan Son Nhat International Airport,SGN,2024-08-05 19:40,Singapore Changi Airport,SIN,2024-08-05 22:40,120,Singapore Airlines,Business Class,870,620.0,True,1339,Y,Y,Y,1,7,1,23,Monday,False,False,False,Brunei International Airport,BWN
Tan Son Nhat International Airport,SGN,2024-08-05 19:40,Kuala Lumpur International Airport,KUL,2024-08-05 22:30,110,Malaysia Airlines,Business Class,1620,1365.0,True,1607,Y,Y,Y,1,8,2,23,Monday,False,False,False,Brunei International Airport,BWN
Tan Son Nhat International Airport,SGN,2024-08-06 14:05,Brunei International Airport,BWN,2024-08-06 17:10,125,Royal Brunei,Business Class,125,,,584,Y,Y,Y,1,12,2,40,Tuesday,False,False,False,Brunei International Airport,BWN
Tan Son Nhat International Airport,SGN,2024-08-06 19:40,Singapore Changi Airport,SIN,2024-08-06 22:40,120,Singapore Airlines,Business Class,1100,845.0,True,1339,Y,Y,Y,1,7,1,23,Tuesday,False,False,False,Brunei International Airport,BWN
Tan Son Nhat International Airport,SGN,2024-08-06 19:40,Kuala Lumpur International Airport,KUL,2024-08-06 22:30,110,Malaysia Airlines,Business Class,1620,1365.0,True,1434,Y,Y,Y,1,8,2,23,Tuesday,False,False,False,Brunei International Airport,BWN
Tan Son Nhat International Airport,SGN,2024-08-06 16:40,Kuala Lumpur International Airport,KUL,2024-08-06 19:40,120,Malaysia Airlines,Business Class,360,95.0,,1596,Y,Y,Y,1,8,2,23,Tuesday,False,False,False,Brunei International Airport,BWN
Tan Son Nhat International Airport,SGN,2024-08-07 19:40,Singapore Changi Airport,SIN,2024-08-07 22:40,120,Singapore Airlines,Business Class,870,620.0,True,770,Y,Y,Y,1,7,1,23,Wednesday,False,False,False,Brunei International Airport,BWN
Tan Son Nhat International Airport,SGN,2024-08-07 16:40,Kuala Lumpur International Airport,KUL,2024-08-07 19:40,120,Malaysia Airlines,Business Class,360,95.0,,1423,Y,Y,Y,1,8,2,23,Wednesday,False,False,False,Brunei International Airport,BWN
Tan Son Nhat International Airport,SGN,2024-08-07 09:30,Ninoy Aquino International Airport,MNL,2024-08-07 13:40,190,Philippine Airlines,Business Class,2230,1915.0,True,1176,Y,Y,Y,1,7,2,32,Wednesday,False,False,False,Brunei International Airport,BWN
Tan Son Nhat International Airport,SGN,2024-08-07 19:40,Kuala Lumpur International Airport,KUL,2024-08-07 22:30,110,Malaysia Airlines,Business Class,1075,820.0,True,1434,Y,Y,Y,1,8,2,23,Wednesday,False,False,False,Brunei International Airport,BWN
Tan Son Nhat International Airport,SGN,2024-08-08 14:15,Brunei International Airport,BWN,2024-08-08 17:20,125,Royal Brunei,Business Class,125,,,584,Y,Y,Y,1,12,2,40,Thursday,False,False,False,Brunei International Airport,BWN
Tan Son Nhat International Airport,SGN,2024-08-08 19:40,Singapore Changi Airport,SIN,2024-08-08 22:40,120,Singapore Airlines,Business Class,1100,845.0,True,1043,Y,Y,Y,1,7,1,23,Thursday,False,False,False,Brunei International Airport,BWN
Tan Son Nhat International Airport,SGN,2024-08-08 09:30,Ninoy Aquino International Airport,MNL,2024-08-08 13:40,190,Philippine Airlines,Business Class,790,475.0,,1186,Y,Y,Y,1,7,2,32,Thursday,False,False,False,Brunei International Airport,BWN
Tan Son Nhat International Airport,SGN,2024-08-08 16:40,Kuala Lumpur International Airport,KUL,2024-08-08 19:40,120,Malaysia Airlines,Business Class,360,95.0,,1423,Y,Y,Y,1,8,2,23,Thursday,False,False,False,Brunei International Airport,BWN
Tan Son Nhat International Airport,SGN,2024-08-08 19:40,Kuala Lumpur International Airport,KUL,2024-08-08 22:30,110,Malaysia Airlines,Business Class,1075,820.0,True,1434,Y,Y,Y,1,8,2,23,Thursday,False,False,False,Brunei International Airport,BWN
Tan Son Nhat International Airport,SGN,2024-08-09 19:40,Singapore Changi Airport,SIN,2024-08-09 22:40,120,Singapore Airlines,Business Class,870,620.0,True,917,Y,Y,Y,1,7,1,23,Friday,False,False,False,Brunei International Airport,BWN
Tan Son Nhat International Airport,SGN,2024-08-09 15:30,Ninoy Aquino International Airport,MNL,2024-08-09 19:40,190,Philippine Airlines,Business Class,430,115.0,,1186,Y,Y,Y,1,7,2,32,Friday,False,False,False,Brunei International Airport,BWN
Tan Son Nhat International Airport,SGN,2024-08-09 19:40,Kuala Lumpur International Airport,KUL,2024-08-09 22:30,110,Malaysia Airlines,Business Class,1075,820.0,True,1434,Y,Y,Y,1,8,2,23,Friday,False,False,False,Brunei International Airport,BWN
Tan Son Nhat International Airport,SGN,2024-08-10 19:40,Kuala Lumpur International Airport,KUL,2024-08-10 22:30,110,Malaysia Airlines,Business Class,1620,1365.0,True,1434,Y,Y,Y,1,8,2,23,Saturday,False,False,False,Brunei International Airport,BWN
Tan Son Nhat International Airport,SGN,2024-08-10 19:40,Kuala Lumpur International Airport,KUL,2024-08-10 22:30,110,Malaysia Airlines,Business Class,1075,820.0,True,1607,Y,Y,Y,1,8,2,23,Saturday,False,False,False,Brunei International Airport,BWN
Tan Son Nhat International Airport,SGN,2024-08-11 20:35,Brunei International Airport,BWN,2024-08-11 23:40,125,Royal Brunei,Business Class,125,,,584,Y,Y,Y,1,12,2,40,Sunday,False,False,False,Brunei International Airport,BWN
Tan Son Nhat International Airport,SGN,2024-08-11 15:30,Ninoy Aquino International Airport,MNL,2024-08-11 19:40,190,Philippine Airlines,Business Class,1870,1555.0,True,1297,Y,Y,Y,1,7,2,32,Sunday,False,False,False,Brunei International Airport,BWN
Tan Son Nhat International Airport,SGN,2024-08-11 19:40,Singapore Changi Airport,SIN,2024-08-11 22:40,120,Singapore Airlines,Business Class,870,620.0,True,1339,Y,Y,Y,1,7,1,23,Sunday,False,False,False,Brunei International Airport,BWN
Tan Son Nhat International Airport,SGN,2024-08-11 16:40,Kuala Lumpur International Airport,KUL,2024-08-11 19:40,120,Malaysia Airlines,Business Class,360,95.0,,1423,Y,Y,Y,1,8,2,23,Sunday,False,False,False,Brunei International Airport,BWN
Tan Son Nhat International Airport,SGN,2024-08-12 19:40,Singapore Changi Airport,SIN,2024-08-12 22:40,120,Singapore Airlines,Business Class,870,620.0,True,1339,Y,Y,Y,1,7,1,23,Monday,False,False,False,Brunei International Airport,BWN
Tan Son Nhat International Airport,SGN,2024-08-12 19:40,Kuala Lumpur International Airport,KUL,2024-08-12 22:30,110,Malaysia Airlines,Business Class,1620,1365.0,True,1434,Y,Y,Y,1,8,2,23,Monday,False,False,False,Brunei International Airport,BWN
Tan Son Nhat International Airport,SGN,2024-08-13 14:05,Brunei International Airport,BWN,2024-08-13 17:10,125,Royal Brunei,Business Class,125,,,584,Y,Y,Y,1,12,2,40,Tuesday,False,False,False,Brunei International Airport,BWN
Tan Son Nhat International Airport,SGN,2024-08-13 19:40,Singapore Changi Airport,SIN,2024-08-13 22:40,120,Singapore Airlines,Business Class,1100,845.0,True,1339,Y,Y,Y,1,7,1,23,Tuesday,False,False,False,Brunei International Airport,BWN
Tan Son Nhat International Airport,SGN,2024-08-13 16:40,Kuala Lumpur International Airport,KUL,2024-08-13 19:40,120,Malaysia Airlines,Business Class,360,95.0,,1423,Y,Y,Y,1,8,2,23,Tuesday,False,False,False,Brunei International Airport,BWN
Tan Son Nhat International Airport,SGN,2024-08-13 19:40,Kuala Lumpur International Airport,KUL,2024-08-13 22:30,110,Malaysia Airlines,Business Class,1620,1365.0,True,1607,Y,Y,Y,1,8,2,23,Tuesday,False,False,False,Brunei International Airport,BWN
Tan Son Nhat International Airport,SGN,2024-08-14 19:40,Singapore Changi Airport,SIN,2024-08-14 22:40,120,Singapore Airlines,Business Class,870,620.0,True,1043,Y,Y,Y,1,7,1,23,Wednesday,False,False,False,Brunei International Airport,BWN
Tan Son Nhat International Airport,SGN,2024-08-14 16:40,Kuala Lumpur International Airport,KUL,2024-08-14 19:40,120,Malaysia Airlines,Business Class,360,95.0,,1596,Y,Y,Y,1,8,2,23,Wednesday,False,False,False,Brunei International Airport,BWN
Tan Son Nhat International Airport,SGN,2024-08-14 15:30,Ninoy Aquino International Airport,MNL,2024-08-14 19:40,190,Philippine Airlines,Business Class,1870,1555.0,True,1176,Y,Y,Y,1,7,2,32,Wednesday,False,False,False,Brunei International Airport,BWN
Tan Son Nhat International Airport,SGN,2024-08-14 19:40,Kuala Lumpur International Airport,KUL,2024-08-14 22:30,110,Malaysia Airlines,Business Class,1620,1365.0,True,1434,Y,Y,Y,1,8,2,23,Wednesday,False,False,False,Brunei International Airport,BWN
Tan Son Nhat International Airport,SGN,2024-08-14 19:40,Kuala Lumpur International Airport,KUL,2024-08-14 22:30,110,Malaysia Airlines,Business Class,1075,820.0,True,1607,Y,Y,Y,1,8,2,23,Wednesday,False,False,False,Brunei International Airport,BWN
Tan Son Nhat International Airport,SGN,2024-08-15 14:15,Brunei International Airport,BWN,2024-08-15 17:20,125,Royal Brunei,Business Class,125,,,584,Y,Y,Y,1,12,2,40,Thursday,False,False,False,Brunei International Airport,BWN
Tan Son Nhat International Airport,SGN,2024-08-15 09:30,Ninoy Aquino International Airport,MNL,2024-08-15 13:40,190,Philippine Airlines,Business Class,790,475.0,,1186,Y,Y,Y,1,7,2,32,Thursday,False,False,False,Brunei International Airport,BWN
Tan Son Nhat International Airport,SGN,2024-08-15 19:40,Singapore Changi Airport,SIN,2024-08-15 22:40,120,Singapore Airlines,Business Class,1100,845.0,True,1339,Y,Y,Y,1,7,1,23,Thursday,False,False,False,Brunei International Airport,BWN
Tan Son Nhat International Airport,SGN,2024-08-15 16:40,Kuala Lumpur International Airport,KUL,2024-08-15 19:40,120,Malaysia Airlines,Business Class,360,95.0,,1423,Y,Y,Y,1,8,2,23,Thursday,False,False,False,Brunei International Airport,BWN
Tan Son Nhat International Airport,SGN,2024-08-15 19:40,Kuala Lumpur International Airport,KUL,2024-08-15 22:30,110,Malaysia Airlines,Business Class,1075,820.0,True,1434,Y,Y,Y,1,8,2,23,Thursday,False,False,False,Brunei International Airport,BWN
Tan Son Nhat International Airport,SGN,2024-08-16 19:40,Singapore Changi Airport,SIN,2024-08-16 22:40,120,Singapore Airlines,Business Class,870,620.0,True,917,Y,Y,Y,1,7,1,23,Friday,False,False,False,Brunei International Airport,BWN
Tan Son Nhat International Airport,SGN,2024-08-16 15:30,Ninoy Aquino International Airport,MNL,2024-08-16 19:40,190,Philippine Airlines,Business Class,430,115.0,,1186,Y,Y,Y,1,7,2,32,Friday,False,False,False,Brunei International Airport,BWN
Tan Son Nhat International Airport,SGN,2024-08-16 16:40,Kuala Lumpur International Airport,KUL,2024-08-16 19:40,120,Malaysia Airlines,Business Class,360,95.0,,1423,Y,Y,Y,1,8,2,23,Friday,False,False,False,Brunei International Airport,BWN
Tan Son Nhat International Airport,SGN,2024-08-16 19:40,Kuala Lumpur International Airport,KUL,2024-08-16 22:30,110,Malaysia Airlines,Business Class,1075,820.0,True,1434,Y,Y,Y,1,8,2,23,Friday,False,False,False,Brunei International Airport,BWN
Tan Son Nhat International Airport,SGN,2024-08-17 19:40,Singapore Changi Airport,SIN,2024-08-17 22:40,120,Singapore Airlines,Business Class,1100,845.0,True,1339,Y,Y,Y,1,7,1,23,Saturday,False,False,False,Brunei International Airport,BWN
Tan Son Nhat International Airport,SGN,2024-08-17 16:40,Kuala Lumpur International Airport,KUL,2024-08-17 19:40,120,Malaysia Airlines,Business Class,1255,990.0,True,1434,Y,Y,Y,1,8,2,23,Saturday,False,False,False,Brunei International Airport,BWN
Tan Son Nhat International Airport,SGN,2024-08-18 20:35,Brunei International Airport,BWN,2024-08-18 23:40,125,Royal Brunei,Business Class,125,,,584,Y,Y,Y,1,12,2,40,Sunday,False,False,False,Brunei International Airport,BWN
Tan Son Nhat International Airport,SGN,2024-08-18 19:40,Singapore Changi Airport,SIN,2024-08-18 22:40,120,Singapore Airlines,Business Class,870,620.0,True,917,Y,Y,Y,1,7,1,23,Sunday,False,False,False,Brunei International Airport,BWN
Tan Son Nhat International Airport,SGN,2024-08-18 15:30,Ninoy Aquino International Airport,MNL,2024-08-18 19:40,190,Philippine Airlines,Business Class,1870,1555.0,True,1176,Y,Y,Y,1,7,2,32,Sunday,False,False,False,Brunei International Airport,BWN
Tan Son Nhat International Airport,SGN,2024-08-18 16:40,Kuala Lumpur International Airport,KUL,2024-08-18 19:40,120,Malaysia Airlines,Business Class,360,95.0,,1596,Y,Y,Y,1,8,2,23,Sunday,False,False,False,Brunei International Airport,BWN
Tan Son Nhat International Airport,SGN,2024-08-19 19:40,Singapore Changi Airport,SIN,2024-08-19 22:40,120,Singapore Airlines,Business Class,870,620.0,True,1043,Y,Y,Y,1,7,1,23,Monday,False,False,False,Brunei International Airport,BWN
Tan Son Nhat International Airport,SGN,2024-08-19 09:30,Ninoy Aquino International Airport,MNL,2024-08-19 13:40,190,Philippine Airlines,Business Class,790,475.0,,1176,Y,Y,Y,1,7,2,32,Monday,False,False,False,Brunei International Airport,BWN
Tan Son Nhat International Airport,SGN,2024-08-19 19:40,Kuala Lumpur International Airport,KUL,2024-08-19 22:30,110,Malaysia Airlines,Business Class,1620,1365.0,True,1607,Y,Y,Y,1,8,2,23,Monday,False,False,False,Brunei International Airport,BWN
Tan Son Nhat International Airport,SGN,2024-08-20 14:05,Brunei International Airport,BWN,2024-08-20 17:10,125,Royal Brunei,Business Class,125,,,584,Y,Y,Y,1,12,2,40,Tuesday,False,False,False,Brunei International Airport,BWN
Tan Son Nhat International Airport,SGN,2024-08-20 19:40,Singapore Changi Airport,SIN,2024-08-20 22:40,120,Singapore Airlines,Business Class,1100,845.0,True,770,Y,Y,Y,1,7,1,23,Tuesday,False,False,False,Brunei International Airport,BWN
Tan Son Nhat International Airport,SGN,2024-08-20 19:40,Kuala Lumpur International Airport,KUL,2024-08-20 22:30,110,Malaysia Airlines,Business Class,1620,1365.0,True,1434,Y,Y,Y,1,8,2,23,Tuesday,False,False,False,Brunei International Airport,BWN
Tan Son Nhat International Airport,SGN,2024-08-20 16:40,Kuala Lumpur International Airport,KUL,2024-08-20 19:40,120,Malaysia Airlines,Business Class,360,95.0,,1596,Y,Y,Y,1,8,2,23,Tuesday,False,False,False,Brunei International Airport,BWN
Tan Son Nhat International Airport,SGN,2024-08-21 19:40,Singapore Changi Airport,SIN,2024-08-21 22:40,120,Singapore Airlines,Business Class,870,620.0,True,770,Y,Y,Y,1,7,1,23,Wednesday,False,False,False,Brunei International Airport,BWN
Tan Son Nhat International Airport,SGN,2024-08-21 16:40,Kuala Lumpur International Airport,KUL,2024-08-21 19:40,120,Malaysia Airlines,Business Class,360,95.0,,1423,Y,Y,Y,1,8,2,23,Wednesday,False,False,False,Brunei International Airport,BWN
Tan Son Nhat International Airport,SGN,2024-08-21 15:30,Ninoy Aquino International Airport,MNL,2024-08-21 19:40,190,Philippine Airlines,Business Class,1870,1555.0,True,1176,Y,Y,Y,1,7,2,32,Wednesday,False,False,False,Brunei International Airport,BWN
Tan Son Nhat International Airport,SGN,2024-08-21 19:40,Kuala Lumpur International Airport,KUL,2024-08-21 22:30,110,Malaysia Airlines,Business Class,1075,820.0,True,1434,Y,Y,Y,1,8,2,23,Wednesday,False,False,False,Brunei International Airport,BWN
Tan Son Nhat International Airport,SGN,2024-08-22 14:15,Brunei International Airport,BWN,2024-08-22 17:20,125,Royal Brunei,Business Class,125,,,584,Y,Y,Y,1,12,2,40,Thursday,False,False,False,Brunei International Airport,BWN
Tan Son Nhat International Airport,SGN,2024-08-22 19:40,Singapore Changi Airport,SIN,2024-08-22 22:40,120,Singapore Airlines,Business Class,1100,845.0,True,770,Y,Y,Y,1,7,1,23,Thursday,False,False,False,Brunei International Airport,BWN
Tan Son Nhat International Airport,SGN,2024-08-22 09:30,Ninoy Aquino International Airport,MNL,2024-08-22 13:40,190,Philippine Airlines,Business Class,790,475.0,,1186,Y,Y,Y,1,7,2,32,Thursday,False,False,False,Brunei International Airport,BWN
Tan Son Nhat International Airport,SGN,2024-08-22 16:40,Kuala Lumpur International Airport,KUL,2024-08-22 19:40,120,Malaysia Airlines,Business Class,360,95.0,,1423,Y,Y,Y,1,8,2,23,Thursday,False,False,False,Brunei International Airport,BWN
Tan Son Nhat International Airport,SGN,2024-08-22 19:40,Kuala Lumpur International Airport,KUL,2024-08-22 22:30,110,Malaysia Airlines,Business Class,1075,820.0,True,1434,Y,Y,Y,1,8,2,23,Thursday,False,False,False,Brunei International Airport,BWN
Tan Son Nhat International Airport,SGN,2024-08-23 19:40,Singapore Changi Airport,SIN,2024-08-23 22:40,120,Singapore Airlines,Business Class,870,620.0,True,770,Y,Y,Y,1,7,1,23,Friday,False,False,False,Brunei International Airport,BWN
Tan Son Nhat International Airport,SGN,2024-08-23 15:30,Ninoy Aquino International Airport,MNL,2024-08-23 19:40,190,Philippine Airlines,Business Class,430,115.0,,1186,Y,Y,Y,1,7,2,32,Friday,False,False,False,Brunei International Airport,BWN
Tan Son Nhat International Airport,SGN,2024-08-23 16:40,Kuala Lumpur International Airport,KUL,2024-08-23 19:40,120,Malaysia Airlines,Business Class,360,95.0,,1423,Y,Y,Y,1,8,2,23,Friday,False,False,False,Brunei International Airport,BWN
Tan Son Nhat International Airport,SGN,2024-08-23 19:40,Kuala Lumpur International Airport,KUL,2024-08-23 22:30,110,Malaysia Airlines,Business Class,1075,820.0,True,1434,Y,Y,Y,1,8,2,23,Friday,False,False,False,Brunei International Airport,BWN
Tan Son Nhat International Airport,SGN,2024-08-24 19:40,Singapore Changi Airport,SIN,2024-08-24 22:40,120,Singapore Airlines,Business Class,1100,845.0,True,770,Y,Y,Y,1,7,1,23,Saturday,False,False,False,Brunei International Airport,BWN
Tan Son Nhat International Airport,SGN,2024-08-24 19:40,Kuala Lumpur International Airport,KUL,2024-08-24 22:30,110,Malaysia Airlines,Business Class,1075,820.0,True,1434,Y,Y,Y,1,8,2,23,Saturday,False,False,False,Brunei International Airport,BWN
Tan Son Nhat International Airport,SGN,2024-08-25 20:35,Brunei International Airport,BWN,2024-08-25 23:40,125,Royal Brunei,Business Class,125,,,584,Y,Y,Y,1,12,2,40,Sunday,False,False,False,Brunei International Airport,BWN
Tan Son Nhat International Airport,SGN,2024-08-25 15:30,Ninoy Aquino International Airport,MNL,2024-08-25 19:40,190,Philippine Airlines,Business Class,1870,1555.0,True,1176,Y,Y,Y,1,7,2,32,Sunday,False,False,False,Brunei International Airport,BWN
Tan Son Nhat International Airport,SGN,2024-08-25 19:40,Singapore Changi Airport,SIN,2024-08-25 22:40,120,Singapore Airlines,Business Class,870,620.0,True,1339,Y,Y,Y,1,7,1,23,Sunday,False,False,False,Brunei International Airport,BWN
Tan Son Nhat International Airport,SGN,2024-08-25 16:40,Kuala Lumpur International Airport,KUL,2024-08-25 19:40,120,Malaysia Airlines,Business Class,360,95.0,,1423,Y,Y,Y,1,8,2,23,Sunday,False,False,False,Brunei International Airport,BWN
Tan Son Nhat International Airport,SGN,2024-08-26 19:40,Singapore Changi Airport,SIN,2024-08-26 22:40,120,Singapore Airlines,Business Class,870,620.0,True,770,Y,Y,Y,1,7,1,23,Monday,False,False,False,Brunei International Airport,BWN
Tan Son Nhat International Airport,SGN,2024-08-26 09:30,Ninoy Aquino International Airport,MNL,2024-08-26 13:40,190,Philippine Airlines,Business Class,790,475.0,,1176,Y,Y,Y,1,7,2,32,Monday,False,False,False,Brunei International Airport,BWN
Tan Son Nhat International Airport,SGN,2024-08-26 19:40,Kuala Lumpur International Airport,KUL,2024-08-26 22:30,110,Malaysia Airlines,Business Class,1620,1365.0,True,1434,Y,Y,Y,1,8,2,23,Monday,False,False,False,Brunei International Airport,BWN
Tan Son Nhat International Airport,SGN,2024-08-27 14:05,Brunei International Airport,BWN,2024-08-27 17:10,125,Royal Brunei,Business Class,125,,,584,Y,Y,Y,1,12,2,40,Tuesday,False,False,False,Brunei International Airport,BWN
Tan Son Nhat International Airport,SGN,2024-08-27 19:40,Singapore Changi Airport,SIN,2024-08-27 22:40,120,Singapore Airlines,Business Class,1100,845.0,True,770,Y,Y,Y,1,7,1,23,Tuesday,False,False,False,Brunei International Airport,BWN
Tan Son Nhat International Airport,SGN,2024-08-27 16:40,Kuala Lumpur International Airport,KUL,2024-08-27 19:40,120,Malaysia Airlines,Business Class,360,95.0,,1423,Y,Y,Y,1,8,2,23,Tuesday,False,False,False,Brunei International Airport,BWN
Tan Son Nhat International Airport,SGN,2024-08-27 19:40,Kuala Lumpur International Airport,KUL,2024-08-27 22:30,110,Malaysia Airlines,Business Class,1620,1365.0,True,1434,Y,Y,Y,1,8,2,23,Tuesday,False,False,False,Brunei International Airport,BWN
Tan Son Nhat International Airport,SGN,2024-08-28 19:40,Singapore Changi Airport,SIN,2024-08-28 22:40,120,Singapore Airlines,Business Class,870,620.0,True,770,Y,Y,Y,1,7,1,23,Wednesday,False,False,False,Brunei International Airport,BWN
Tan Son Nhat International Airport,SGN,2024-08-28 16:40,Kuala Lumpur International Airport,KUL,2024-08-28 19:40,120,Malaysia Airlines,Business Class,360,95.0,,1423,Y,Y,Y,1,8,2,23,Wednesday,False,False,False,Brunei International Airport,BWN
Tan Son Nhat International Airport,SGN,2024-08-28 15:30,Ninoy Aquino International Airport,MNL,2024-08-28 19:40,190,Philippine Airlines,Business Class,1870,1555.0,True,1176,Y,Y,Y,1,7,2,32,Wednesday,False,False,False,Brunei International Airport,BWN
Tan Son Nhat International Airport,SGN,2024-08-28 19:40,Kuala Lumpur International Airport,KUL,2024-08-28 22:30,110,Malaysia Airlines,Business Class,1075,820.0,True,1434,Y,Y,Y,1,8,2,23,Wednesday,False,False,False,Brunei International Airport,BWN
Tan Son Nhat International Airport,SGN,2024-08-29 14:15,Brunei International Airport,BWN,2024-08-29 17:20,125,Royal Brunei,Business Class,125,,,584,Y,Y,Y,1,12,2,40,Thursday,False,False,False,Brunei International Airport,BWN
Tan Son Nhat International Airport,SGN,2024-08-29 19:40,Singapore Changi Airport,SIN,2024-08-29 22:40,120,Singapore Airlines,Business Class,1100,845.0,True,770,Y,Y,Y,1,7,1,23,Thursday,False,False,False,Brunei International Airport,BWN
Tan Son Nhat International Airport,SGN,2024-08-29 09:30,Ninoy Aquino International Airport,MNL,2024-08-29 13:40,190,Philippine Airlines,Business Class,790,475.0,,1186,Y,Y,Y,1,7,2,32,Thursday,False,False,False,Brunei International Airport,BWN
Tan Son Nhat International Airport,SGN,2024-08-29 16:40,Kuala Lumpur International Airport,KUL,2024-08-29 19:40,120,Malaysia Airlines,Business Class,360,95.0,,1423,Y,Y,Y,1,8,2,23,Thursday,False,False,False,Brunei International Airport,BWN
Tan Son Nhat International Airport,SGN,2024-08-29 19:40,Kuala Lumpur International Airport,KUL,2024-08-29 22:30,110,Malaysia Airlines,Business Class,1075,820.0,True,1434,Y,Y,Y,1,8,2,23,Thursday,False,False,False,Brunei International Airport,BWN
Tan Son Nhat International Airport,SGN,2024-08-30 19:40,Singapore Changi Airport,SIN,2024-08-30 22:40,120,Singapore Airlines,Business Class,870,620.0,True,917,Y,Y,Y,1,7,1,23,Friday,False,False,False,Brunei International Airport,BWN
Tan Son Nhat International Airport,SGN,2024-08-30 15:30,Ninoy Aquino International Airport,MNL,2024-08-30 19:40,190,Philippine Airlines,Business Class,430,115.0,,1186,Y,Y,Y,1,7,2,32,Friday,False,False,False,Brunei International Airport,BWN
Tan Son Nhat International Airport,SGN,2024-08-30 16:40,Kuala Lumpur International Airport,KUL,2024-08-30 19:40,120,Malaysia Airlines,Business Class,360,95.0,,1423,Y,Y,Y,1,8,2,23,Friday,False,False,False,Brunei International Airport,BWN
Tan Son Nhat International Airport,SGN,2024-08-30 19:40,Kuala Lumpur International Airport,KUL,2024-08-30 22:30,110,Malaysia Airlines,Business Class,1075,820.0,True,1434,Y,Y,Y,1,8,2,23,Friday,False,False,False,Brunei International Airport,BWN
Tan Son Nhat International Airport,SGN,2024-08-31 19:40,Kuala Lumpur International Airport,KUL,2024-08-31 22:30,110,Malaysia Airlines,Business Class,1075,820.0,True,1434,Y,Y,Y,1,8,2,23,Saturday,False,False,False,Brunei International Airport,BWN
