Departure Airport Name,Departure Airport ID,Departure Time,Arrival Airport Name,Arrival Airport ID,Arrival Time,Duration,Airline,Travel Class,Total Duration,Layover 1 Duration,Layover 1 Overnight,Price, Cabin Baggage, Checked Baggage,Meal Included,Cabin Baggage (Number),Cabin Baggage (kg per piece),Checked Baggage (Number),Checked Baggage (kg per piece) ,Day of Week (on flight date),Overnight Flight,Departure Country Is Holiday,Arrival Country Is Holiday,Final Arrival Airport Name,Final Arrival Airport ID
Singapore Changi Airport,SIN,2024-07-01 12:10,Brunei International Airport,BWN,2024-07-01 14:20,130,Royal Brunei,Business Class,130,,,946,Y,Y,Y,1,12,2,40,Monday,False,False,False,Brunei International Airport,BWN
Singapore Changi Airport,SIN,2024-07-01 09:00,Brunei International Airport,BWN,2024-07-01 11:10,130,Singapore Airlines,Business Class,130,,,1146,Y,Y,Y,1,7,1,25,Monday,False,False,False,Brunei International Airport,BWN
Singapore Changi Airport,SIN,2024-07-01 21:15,Kuala Lumpur International Airport,KUL,2024-07-01 22:15,60,Malaysia Airlines,Business Class,1585,1380.0,True,1251,Y,Y,Y,1,8,2,23,Monday,False,False,False,Brunei International Airport,BWN
Singapore Changi Airport,SIN,2024-07-01 14:30,Ninoy Aquino International Airport,MNL,2024-07-01 18:25,235,Philippine Airlines,Business Class,550,190.0,,1289,Y,Y,Y,1,7,2,32,Monday,False,False,False,Brunei International Airport,BWN
Singapore Changi Airport,SIN,2024-07-01 09:55,Kuala Lumpur International Airport,KUL,2024-07-01 11:10,75,Malaysia Airlines,Business Class,280,60.0,,1410,Y,Y,Y,1,8,2,23,Monday,False,False,False,Brunei International Airport,BWN
Singapore Changi Airport,SIN,2024-07-01 16:25,Kuala Lumpur International Airport,KUL,2024-07-01 17:40,75,Singapore Airlines,Business Class,1875,1655.0,True,1457,Y,Y,Y,1,7,1,25,Monday,False,False,False,Brunei International Airport,BWN
Singapore Changi Airport,SIN,2024-07-02 21:25,Brunei International Airport,BWN,2024-07-02 23:35,130,Royal Brunei,Business Class,130,,,946,Y,Y,Y,1,12,2,40,Tuesday,False,False,False,Brunei International Airport,BWN
Singapore Changi Airport,SIN,2024-07-02 12:10,Brunei International Airport,BWN,2024-07-02 14:20,130,Royal Brunei,Business Class,130,,,1123,Y,Y,Y,1,12,2,40,Tuesday,False,False,False,Brunei International Airport,BWN
Singapore Changi Airport,SIN,2024-07-02 09:00,Brunei International Airport,BWN,2024-07-02 11:10,130,Singapore Airlines,Business Class,130,,,1237,Y,Y,Y,1,7,1,25,Tuesday,False,False,False,Brunei International Airport,BWN
Singapore Changi Airport,SIN,2024-07-02 18:15,Kuala Lumpur International Airport,KUL,2024-07-02 19:20,65,Malaysia Airlines,Business Class,325,115.0,,1240,Y,Y,Y,1,8,2,23,Tuesday,False,False,False,Brunei International Airport,BWN
Singapore Changi Airport,SIN,2024-07-03 12:10,Brunei International Airport,BWN,2024-07-03 14:20,130,Royal Brunei,Business Class,130,,,1123,Y,Y,Y,1,12,2,40,Wednesday,False,False,False,Brunei International Airport,BWN
Singapore Changi Airport,SIN,2024-07-03 12:45,Brunei International Airport,BWN,2024-07-03 15:00,135,Singapore Airlines,Business Class,135,,,1326,Y,Y,Y,1,7,1,25,Wednesday,False,False,False,Brunei International Airport,BWN
Singapore Changi Airport,SIN,2024-07-03 19:50,Ninoy Aquino International Airport,MNL,2024-07-03 23:45,235,Philippine Airlines,Business Class,1670,1310.0,True,1164,Y,Y,Y,1,7,2,32,Wednesday,False,False,False,Brunei International Airport,BWN
Singapore Changi Airport,SIN,2024-07-03 21:15,Kuala Lumpur International Airport,KUL,2024-07-03 22:15,60,Malaysia Airlines,Business Class,1040,835.0,True,1251,Y,Y,Y,1,8,2,23,Wednesday,False,False,False,Brunei International Airport,BWN
Singapore Changi Airport,SIN,2024-07-03 18:15,Kuala Lumpur International Airport,KUL,2024-07-03 19:25,70,Malaysia Airlines,Business Class,325,110.0,,1410,Y,Y,Y,1,8,2,23,Wednesday,False,False,False,Brunei International Airport,BWN
Singapore Changi Airport,SIN,2024-07-03 18:30,Kuala Lumpur International Airport,KUL,2024-07-03 19:45,75,Singapore Airlines,Business Class,1205,985.0,True,1450,Y,Y,Y,1,7,1,25,Wednesday,False,False,False,Brunei International Airport,BWN
Singapore Changi Airport,SIN,2024-07-03 18:30,Kuala Lumpur International Airport,KUL,2024-07-03 19:45,75,Singapore Airlines,Business Class,310,90.0,,1610,Y,Y,Y,1,7,1,25,Wednesday,False,False,False,Brunei International Airport,BWN
Singapore Changi Airport,SIN,2024-07-04 21:30,Brunei International Airport,BWN,2024-07-04 23:40,130,Royal Brunei,Business Class,130,,,946,Y,Y,Y,1,12,2,40,Thursday,False,False,False,Brunei International Airport,BWN
Singapore Changi Airport,SIN,2024-07-04 09:00,Brunei International Airport,BWN,2024-07-04 11:10,130,Singapore Airlines,Business Class,130,,,1055,Y,Y,Y,1,7,1,25,Thursday,False,False,False,Brunei International Airport,BWN
Singapore Changi Airport,SIN,2024-07-04 14:30,Ninoy Aquino International Airport,MNL,2024-07-04 18:25,235,Philippine Airlines,Business Class,550,190.0,,1164,Y,Y,Y,1,7,2,32,Thursday,False,False,False,Brunei International Airport,BWN
Singapore Changi Airport,SIN,2024-07-04 09:55,Kuala Lumpur International Airport,KUL,2024-07-04 11:10,75,Malaysia Airlines,Business Class,280,60.0,,1240,Y,Y,Y,1,8,2,23,Thursday,False,False,False,Brunei International Airport,BWN
Singapore Changi Airport,SIN,2024-07-04 21:55,Brunei International Airport,BWN,2024-07-04 23:59,124,Royal Brunei,Business Class,124,,,1385,Y,Y,Y,1,12,2,40,Thursday,False,False,False,Brunei International Airport,BWN
Singapore Changi Airport,SIN,2024-07-04 09:10,Kuala Lumpur International Airport,KUL,2024-07-04 10:10,60,Singapore Airlines,Business Class,325,120.0,,1610,Y,Y,Y,1,7,1,25,Thursday,False,False,False,Brunei International Airport,BWN
Singapore Changi Airport,SIN,2024-07-05 12:10,Brunei International Airport,BWN,2024-07-05 14:20,130,Royal Brunei,Business Class,130,,,946,Y,Y,Y,1,12,2,40,Friday,False,False,False,Brunei International Airport,BWN
Singapore Changi Airport,SIN,2024-07-05 21:25,Brunei International Airport,BWN,2024-07-05 23:35,130,Royal Brunei,Business Class,130,,,946,Y,Y,Y,1,12,2,40,Friday,False,False,False,Brunei International Airport,BWN
Singapore Changi Airport,SIN,2024-07-05 12:45,Brunei International Airport,BWN,2024-07-05 15:00,135,Singapore Airlines,Business Class,135,,,1237,Y,Y,Y,1,7,1,25,Friday,False,False,False,Brunei International Airport,BWN
Singapore Changi Airport,SIN,2024-07-05 14:30,Ninoy Aquino International Airport,MNL,2024-07-05 18:25,235,Philippine Airlines,Business Class,550,190.0,,1164,Y,Y,Y,1,7,2,32,Friday,False,False,False,Brunei International Airport,BWN
Singapore Changi Airport,SIN,2024-07-05 09:55,Kuala Lumpur International Airport,KUL,2024-07-05 11:10,75,Malaysia Airlines,Business Class,280,60.0,,1240,Y,Y,Y,1,8,2,23,Friday,False,False,False,Brunei International Airport,BWN
Singapore Changi Airport,SIN,2024-07-06 21:25,Brunei International Airport,BWN,2024-07-06 23:35,130,Royal Brunei,Business Class,130,,,946,Y,Y,Y,1,12,2,40,Saturday,False,False,False,Brunei International Airport,BWN
Singapore Changi Airport,SIN,2024-07-06 09:55,Kuala Lumpur International Airport,KUL,2024-07-06 11:10,75,Malaysia Airlines,Business Class,280,60.0,,1240,Y,Y,Y,1,8,2,23,Saturday,False,False,False,Brunei International Airport,BWN
Singapore Changi Airport,SIN,2024-07-06 07:05,Kuala Lumpur International Airport,KUL,2024-07-06 08:05,60,Singapore Airlines,Business Class,450,245.0,,1439,Y,Y,Y,1,7,1,25,Saturday,False,False,False,Brunei International Airport,BWN
Singapore Changi Airport,SIN,2024-07-07 12:10,Brunei International Airport,BWN,2024-07-07 14:20,130,Royal Brunei,Business Class,130,,,946,Y,Y,Y,1,12,2,40,Sunday,False,False,False,Brunei International Airport,BWN
Singapore Changi Airport,SIN,2024-07-07 21:30,Brunei International Airport,BWN,2024-07-07 23:40,130,Royal Brunei,Business Class,130,,,946,Y,Y,Y,1,12,2,40,Sunday,False,False,False,Brunei International Airport,BWN
Singapore Changi Airport,SIN,2024-07-07 09:55,Kuala Lumpur International Airport,KUL,2024-07-07 11:10,75,Malaysia Airlines,Business Class,280,60.0,,1240,Y,Y,Y,1,8,2,23,Sunday,False,False,False,Brunei International Airport,BWN
Singapore Changi Airport,SIN,2024-07-08 12:10,Brunei International Airport,BWN,2024-07-08 14:20,130,Royal Brunei,Business Class,130,,,946,Y,Y,Y,1,12,2,40,Monday,False,False,True,Brunei International Airport,BWN
Singapore Changi Airport,SIN,2024-07-08 14:30,Ninoy Aquino International Airport,MNL,2024-07-08 18:25,235,Philippine Airlines,Business Class,550,190.0,,1164,Y,Y,Y,1,7,2,32,Monday,False,False,True,Brunei International Airport,BWN
Singapore Changi Airport,SIN,2024-07-08 09:00,Brunei International Airport,BWN,2024-07-08 11:10,130,Singapore Airlines,Business Class,130,,,1237,Y,Y,Y,1,7,1,25,Monday,False,False,True,Brunei International Airport,BWN
Singapore Changi Airport,SIN,2024-07-08 09:10,Kuala Lumpur International Airport,KUL,2024-07-08 10:10,60,Singapore Airlines,Business Class,325,120.0,,1610,Y,Y,Y,1,7,1,25,Monday,False,False,True,Brunei International Airport,BWN
Singapore Changi Airport,SIN,2024-07-09 12:10,Brunei International Airport,BWN,2024-07-09 14:20,130,Royal Brunei,Business Class,130,,,946,Y,Y,Y,1,12,2,40,Tuesday,False,False,False,Brunei International Airport,BWN
Singapore Changi Airport,SIN,2024-07-09 21:25,Brunei International Airport,BWN,2024-07-09 23:35,130,Royal Brunei,Business Class,130,,,946,Y,Y,Y,1,12,2,40,Tuesday,False,False,False,Brunei International Airport,BWN
Singapore Changi Airport,SIN,2024-07-09 21:15,Kuala Lumpur International Airport,KUL,2024-07-09 22:15,60,Malaysia Airlines,Business Class,1585,1380.0,True,1421,Y,Y,Y,1,8,2,23,Tuesday,False,False,False,Brunei International Airport,BWN
Singapore Changi Airport,SIN,2024-07-10 12:10,Brunei International Airport,BWN,2024-07-10 14:20,130,Royal Brunei,Business Class,130,,,946,Y,Y,Y,1,12,2,40,Wednesday,False,False,False,Brunei International Airport,BWN
Singapore Changi Airport,SIN,2024-07-10 12:45,Brunei International Airport,BWN,2024-07-10 15:00,135,Singapore Airlines,Business Class,135,,,967,Y,Y,Y,1,7,1,25,Wednesday,False,False,False,Brunei International Airport,BWN
Singapore Changi Airport,SIN,2024-07-10 19:50,Ninoy Aquino International Airport,MNL,2024-07-10 23:45,235,Philippine Airlines,Business Class,1670,1310.0,True,1164,Y,Y,Y,1,7,2,32,Wednesday,False,False,False,Brunei International Airport,BWN
Singapore Changi Airport,SIN,2024-07-10 18:15,Kuala Lumpur International Airport,KUL,2024-07-10 19:25,70,Malaysia Airlines,Business Class,325,110.0,,1410,Y,Y,Y,1,8,2,23,Wednesday,False,False,False,Brunei International Airport,BWN
Singapore Changi Airport,SIN,2024-07-10 21:15,Kuala Lumpur International Airport,KUL,2024-07-10 22:15,60,Malaysia Airlines,Business Class,1040,835.0,True,1421,Y,Y,Y,1,8,2,23,Wednesday,False,False,False,Brunei International Airport,BWN
Singapore Changi Airport,SIN,2024-07-10 18:30,Kuala Lumpur International Airport,KUL,2024-07-10 19:45,75,Singapore Airlines,Business Class,310,90.0,,1610,Y,Y,Y,1,7,1,25,Wednesday,False,False,False,Brunei International Airport,BWN
Singapore Changi Airport,SIN,2024-07-11 21:30,Brunei International Airport,BWN,2024-07-11 23:40,130,Royal Brunei,Business Class,130,,,1123,Y,Y,Y,1,12,2,40,Thursday,False,False,False,Brunei International Airport,BWN
Singapore Changi Airport,SIN,2024-07-11 14:30,Ninoy Aquino International Airport,MNL,2024-07-11 18:25,235,Philippine Airlines,Business Class,550,190.0,,1164,Y,Y,Y,1,7,2,32,Thursday,False,False,False,Brunei International Airport,BWN
Singapore Changi Airport,SIN,2024-07-11 09:00,Brunei International Airport,BWN,2024-07-11 11:10,130,Singapore Airlines,Business Class,130,,,1237,Y,Y,Y,1,7,1,25,Thursday,False,False,False,Brunei International Airport,BWN
Singapore Changi Airport,SIN,2024-07-11 09:55,Kuala Lumpur International Airport,KUL,2024-07-11 11:10,75,Malaysia Airlines,Business Class,280,60.0,,1410,Y,Y,Y,1,8,2,23,Thursday,False,False,False,Brunei International Airport,BWN
Singapore Changi Airport,SIN,2024-07-12 12:10,Brunei International Airport,BWN,2024-07-12 14:20,130,Royal Brunei,Business Class,130,,,946,Y,Y,Y,1,12,2,40,Friday,False,False,False,Brunei International Airport,BWN
Singapore Changi Airport,SIN,2024-07-12 21:25,Brunei International Airport,BWN,2024-07-12 23:35,130,Royal Brunei,Business Class,130,,,946,Y,Y,Y,1,12,2,40,Friday,False,False,False,Brunei International Airport,BWN
Singapore Changi Airport,SIN,2024-07-12 12:45,Brunei International Airport,BWN,2024-07-12 15:00,135,Singapore Airlines,Business Class,135,,,967,Y,Y,Y,1,7,1,25,Friday,False,False,False,Brunei International Airport,BWN
Singapore Changi Airport,SIN,2024-07-12 14:30,Ninoy Aquino International Airport,MNL,2024-07-12 18:25,235,Philippine Airlines,Business Class,550,190.0,,1164,Y,Y,Y,1,7,2,32,Friday,False,False,False,Brunei International Airport,BWN
Singapore Changi Airport,SIN,2024-07-12 09:55,Kuala Lumpur International Airport,KUL,2024-07-12 11:10,75,Malaysia Airlines,Business Class,280,60.0,,1240,Y,Y,Y,1,8,2,23,Friday,False,False,False,Brunei International Airport,BWN
Singapore Changi Airport,SIN,2024-07-13 21:25,Brunei International Airport,BWN,2024-07-13 23:35,130,Royal Brunei,Business Class,130,,,946,Y,Y,Y,1,12,2,40,Saturday,False,False,False,Brunei International Airport,BWN
Singapore Changi Airport,SIN,2024-07-13 09:00,Brunei International Airport,BWN,2024-07-13 11:10,130,Singapore Airlines,Business Class,130,,,1237,Y,Y,Y,1,7,1,25,Saturday,False,False,False,Brunei International Airport,BWN
Singapore Changi Airport,SIN,2024-07-13 21:15,Kuala Lumpur International Airport,KUL,2024-07-13 22:15,60,Malaysia Airlines,Business Class,1040,835.0,True,1251,Y,Y,Y,1,8,2,23,Saturday,False,False,False,Brunei International Airport,BWN
Singapore Changi Airport,SIN,2024-07-13 09:55,Kuala Lumpur International Airport,KUL,2024-07-13 11:10,75,Malaysia Airlines,Business Class,280,60.0,,1410,Y,Y,Y,1,8,2,23,Saturday,False,False,False,Brunei International Airport,BWN
Singapore Changi Airport,SIN,2024-07-14 12:10,Brunei International Airport,BWN,2024-07-14 14:20,130,Royal Brunei,Business Class,130,,,946,Y,Y,Y,1,12,2,40,Sunday,False,False,False,Brunei International Airport,BWN
Singapore Changi Airport,SIN,2024-07-14 21:30,Brunei International Airport,BWN,2024-07-14 23:40,130,Royal Brunei,Business Class,130,,,946,Y,Y,Y,1,12,2,40,Sunday,False,False,False,Brunei International Airport,BWN
Singapore Changi Airport,SIN,2024-07-14 12:45,Brunei International Airport,BWN,2024-07-14 15:00,135,Singapore Airlines,Business Class,135,,,1237,Y,Y,Y,1,7,1,25,Sunday,False,False,False,Brunei International Airport,BWN
Singapore Changi Airport,SIN,2024-07-14 09:55,Kuala Lumpur International Airport,KUL,2024-07-14 11:10,75,Malaysia Airlines,Business Class,280,60.0,,1240,Y,Y,Y,1,8,2,23,Sunday,False,False,False,Brunei International Airport,BWN
Singapore Changi Airport,SIN,2024-07-15 09:00,Brunei International Airport,BWN,2024-07-15 11:10,130,Singapore Airlines,Business Class,130,,,1237,Y,Y,Y,1,7,1,25,Monday,False,False,True,Brunei International Airport,BWN
Singapore Changi Airport,SIN,2024-07-15 12:10,Brunei International Airport,BWN,2024-07-15 14:20,130,Royal Brunei,Business Class,130,,,1293,Y,Y,Y,1,12,2,40,Monday,False,False,True,Brunei International Airport,BWN
Singapore Changi Airport,SIN,2024-07-15 14:30,Ninoy Aquino International Airport,MNL,2024-07-15 18:25,235,Philippine Airlines,Business Class,550,190.0,,1164,Y,Y,Y,1,7,2,32,Monday,False,False,True,Brunei International Airport,BWN
Singapore Changi Airport,SIN,2024-07-15 21:15,Kuala Lumpur International Airport,KUL,2024-07-15 22:15,60,Malaysia Airlines,Business Class,1585,1380.0,True,1251,Y,Y,Y,1,8,2,23,Monday,False,False,True,Brunei International Airport,BWN
Singapore Changi Airport,SIN,2024-07-15 09:55,Kuala Lumpur International Airport,KUL,2024-07-15 11:10,75,Malaysia Airlines,Business Class,280,60.0,,1410,Y,Y,Y,1,8,2,23,Monday,False,False,True,Brunei International Airport,BWN
Singapore Changi Airport,SIN,2024-07-15 16:25,Kuala Lumpur International Airport,KUL,2024-07-15 17:40,75,Singapore Airlines,Business Class,1875,1655.0,True,1457,Y,Y,Y,1,7,1,25,Monday,False,False,True,Brunei International Airport,BWN
Singapore Changi Airport,SIN,2024-07-16 12:10,Brunei International Airport,BWN,2024-07-16 14:20,130,Royal Brunei,Business Class,130,,,946,Y,Y,Y,1,12,2,40,Tuesday,False,False,False,Brunei International Airport,BWN
Singapore Changi Airport,SIN,2024-07-16 21:25,Brunei International Airport,BWN,2024-07-16 23:35,130,Royal Brunei,Business Class,130,,,946,Y,Y,Y,1,12,2,40,Tuesday,False,False,False,Brunei International Airport,BWN
Singapore Changi Airport,SIN,2024-07-16 09:00,Brunei International Airport,BWN,2024-07-16 11:10,130,Singapore Airlines,Business Class,130,,,1237,Y,Y,Y,1,7,1,25,Tuesday,False,False,False,Brunei International Airport,BWN
Singapore Changi Airport,SIN,2024-07-16 18:15,Kuala Lumpur International Airport,KUL,2024-07-16 19:25,70,Malaysia Airlines,Business Class,325,110.0,,1240,Y,Y,Y,1,8,2,23,Tuesday,False,False,False,Brunei International Airport,BWN
Singapore Changi Airport,SIN,2024-07-16 18:30,Kuala Lumpur International Airport,KUL,2024-07-16 19:45,75,Singapore Airlines,Business Class,310,90.0,,1439,Y,Y,Y,1,7,1,25,Tuesday,False,False,False,Brunei International Airport,BWN
Singapore Changi Airport,SIN,2024-07-17 12:45,Brunei International Airport,BWN,2024-07-17 15:00,135,Singapore Airlines,Business Class,135,,,1055,Y,Y,Y,1,7,1,25,Wednesday,False,False,False,Brunei International Airport,BWN
Singapore Changi Airport,SIN,2024-07-17 12:10,Brunei International Airport,BWN,2024-07-17 14:20,130,Royal Brunei,Business Class,130,,,1293,Y,Y,Y,1,12,2,40,Wednesday,False,False,False,Brunei International Airport,BWN
Singapore Changi Airport,SIN,2024-07-17 19:50,Ninoy Aquino International Airport,MNL,2024-07-17 23:45,235,Philippine Airlines,Business Class,1670,1310.0,True,1164,Y,Y,Y,1,7,2,32,Wednesday,False,False,False,Brunei International Airport,BWN
Singapore Changi Airport,SIN,2024-07-17 18:15,Kuala Lumpur International Airport,KUL,2024-07-17 19:25,70,Malaysia Airlines,Business Class,325,110.0,,1240,Y,Y,Y,1,8,2,23,Wednesday,False,False,False,Brunei International Airport,BWN
Singapore Changi Airport,SIN,2024-07-17 21:15,Kuala Lumpur International Airport,KUL,2024-07-17 22:15,60,Malaysia Airlines,Business Class,1040,835.0,True,1251,Y,Y,Y,1,8,2,23,Wednesday,False,False,False,Brunei International Airport,BWN
Singapore Changi Airport,SIN,2024-07-17 18:30,Kuala Lumpur International Airport,KUL,2024-07-17 19:45,75,Singapore Airlines,Business Class,310,90.0,,1439,Y,Y,Y,1,7,1,25,Wednesday,False,False,False,Brunei International Airport,BWN
Singapore Changi Airport,SIN,2024-07-18 21:30,Brunei International Airport,BWN,2024-07-18 23:40,130,Royal Brunei,Business Class,130,,,946,Y,Y,Y,1,12,2,40,Thursday,False,False,False,Brunei International Airport,BWN
Singapore Changi Airport,SIN,2024-07-18 09:00,Brunei International Airport,BWN,2024-07-18 11:10,130,Singapore Airlines,Business Class,130,,,1237,Y,Y,Y,1,7,1,25,Thursday,False,False,False,Brunei International Airport,BWN
Singapore Changi Airport,SIN,2024-07-18 14:30,Ninoy Aquino International Airport,MNL,2024-07-18 18:25,235,Philippine Airlines,Business Class,550,190.0,,1164,Y,Y,Y,1,7,2,32,Thursday,False,False,False,Brunei International Airport,BWN
Singapore Changi Airport,SIN,2024-07-18 09:55,Kuala Lumpur International Airport,KUL,2024-07-18 11:10,75,Malaysia Airlines,Business Class,280,60.0,,1240,Y,Y,Y,1,8,2,23,Thursday,False,False,False,Brunei International Airport,BWN
Singapore Changi Airport,SIN,2024-07-18 09:10,Kuala Lumpur International Airport,KUL,2024-07-18 10:10,60,Singapore Airlines,Business Class,325,120.0,,1610,Y,Y,Y,1,7,1,25,Thursday,False,False,False,Brunei International Airport,BWN
Singapore Changi Airport,SIN,2024-07-19 12:10,Brunei International Airport,BWN,2024-07-19 14:20,130,Royal Brunei,Business Class,130,,,946,Y,Y,Y,1,12,2,40,Friday,False,False,False,Brunei International Airport,BWN
Singapore Changi Airport,SIN,2024-07-19 21:25,Brunei International Airport,BWN,2024-07-19 23:35,130,Royal Brunei,Business Class,130,,,946,Y,Y,Y,1,12,2,40,Friday,False,False,False,Brunei International Airport,BWN
Singapore Changi Airport,SIN,2024-07-19 12:45,Brunei International Airport,BWN,2024-07-19 15:00,135,Singapore Airlines,Business Class,135,,,1237,Y,Y,Y,1,7,1,25,Friday,False,False,False,Brunei International Airport,BWN
Singapore Changi Airport,SIN,2024-07-19 14:30,Ninoy Aquino International Airport,MNL,2024-07-19 18:25,235,Philippine Airlines,Business Class,550,190.0,,1164,Y,Y,Y,1,7,2,32,Friday,False,False,False,Brunei International Airport,BWN
Singapore Changi Airport,SIN,2024-07-19 09:55,Kuala Lumpur International Airport,KUL,2024-07-19 11:10,75,Malaysia Airlines,Business Class,280,60.0,,1240,Y,Y,Y,1,8,2,23,Friday,False,False,False,Brunei International Airport,BWN
Singapore Changi Airport,SIN,2024-07-20 21:25,Brunei International Airport,BWN,2024-07-20 23:35,130,Royal Brunei,Business Class,130,,,946,Y,Y,Y,1,12,2,40,Saturday,False,False,False,Brunei International Airport,BWN
Singapore Changi Airport,SIN,2024-07-20 09:00,Brunei International Airport,BWN,2024-07-20 11:10,130,Singapore Airlines,Business Class,130,,,967,Y,Y,Y,1,7,1,25,Saturday,False,False,False,Brunei International Airport,BWN
Singapore Changi Airport,SIN,2024-07-20 09:55,Kuala Lumpur International Airport,KUL,2024-07-20 11:10,75,Malaysia Airlines,Business Class,280,60.0,,1240,Y,Y,Y,1,8,2,23,Saturday,False,False,False,Brunei International Airport,BWN
Singapore Changi Airport,SIN,2024-07-21 12:10,Brunei International Airport,BWN,2024-07-21 14:20,130,Royal Brunei,Business Class,130,,,946,Y,Y,Y,1,12,2,40,Sunday,False,False,False,Brunei International Airport,BWN
Singapore Changi Airport,SIN,2024-07-21 21:30,Brunei International Airport,BWN,2024-07-21 23:40,130,Royal Brunei,Business Class,130,,,946,Y,Y,Y,1,12,2,40,Sunday,False,False,False,Brunei International Airport,BWN
Singapore Changi Airport,SIN,2024-07-21 09:55,Kuala Lumpur International Airport,KUL,2024-07-21 11:10,75,Malaysia Airlines,Business Class,280,60.0,,1240,Y,Y,Y,1,8,2,23,Sunday,False,False,False,Brunei International Airport,BWN
Singapore Changi Airport,SIN,2024-07-21 12:45,Brunei International Airport,BWN,2024-07-21 15:00,135,Singapore Airlines,Business Class,135,,,1326,Y,Y,Y,1,7,1,25,Sunday,False,False,False,Brunei International Airport,BWN
Singapore Changi Airport,SIN,2024-07-22 12:10,Brunei International Airport,BWN,2024-07-22 14:20,130,Royal Brunei,Business Class,130,,,946,Y,Y,Y,1,12,2,40,Monday,False,False,False,Brunei International Airport,BWN
Singapore Changi Airport,SIN,2024-07-22 09:00,Brunei International Airport,BWN,2024-07-22 11:10,130,Singapore Airlines,Business Class,130,,,1146,Y,Y,Y,1,7,1,25,Monday,False,False,False,Brunei International Airport,BWN
Singapore Changi Airport,SIN,2024-07-22 14:30,Ninoy Aquino International Airport,MNL,2024-07-22 18:25,235,Philippine Airlines,Business Class,550,190.0,,1164,Y,Y,Y,1,7,2,32,Monday,False,False,False,Brunei International Airport,BWN
Singapore Changi Airport,SIN,2024-07-22 21:15,Kuala Lumpur International Airport,KUL,2024-07-22 22:15,60,Malaysia Airlines,Business Class,1585,1380.0,True,1251,Y,Y,Y,1,8,2,23,Monday,False,False,False,Brunei International Airport,BWN
Singapore Changi Airport,SIN,2024-07-22 09:55,Kuala Lumpur International Airport,KUL,2024-07-22 11:10,75,Malaysia Airlines,Business Class,280,60.0,,1410,Y,Y,Y,1,8,2,23,Monday,False,False,False,Brunei International Airport,BWN
Singapore Changi Airport,SIN,2024-07-22 18:30,Kuala Lumpur International Airport,KUL,2024-07-22 19:45,75,Singapore Airlines,Business Class,1750,1530.0,True,1457,Y,Y,Y,1,7,1,25,Monday,False,False,False,Brunei International Airport,BWN
Singapore Changi Airport,SIN,2024-07-23 12:10,Brunei International Airport,BWN,2024-07-23 14:20,130,Royal Brunei,Business Class,130,,,946,Y,Y,Y,1,12,2,40,Tuesday,False,False,False,Brunei International Airport,BWN
Singapore Changi Airport,SIN,2024-07-23 21:25,Brunei International Airport,BWN,2024-07-23 23:35,130,Royal Brunei,Business Class,130,,,1123,Y,Y,Y,1,12,2,40,Tuesday,False,False,False,Brunei International Airport,BWN
Singapore Changi Airport,SIN,2024-07-23 09:00,Brunei International Airport,BWN,2024-07-23 11:10,130,Singapore Airlines,Business Class,130,,,1326,Y,Y,Y,1,7,1,25,Tuesday,False,False,False,Brunei International Airport,BWN
Singapore Changi Airport,SIN,2024-07-23 18:15,Kuala Lumpur International Airport,KUL,2024-07-23 19:25,70,Malaysia Airlines,Business Class,325,110.0,,1240,Y,Y,Y,1,8,2,23,Tuesday,False,False,False,Brunei International Airport,BWN
Singapore Changi Airport,SIN,2024-07-23 18:30,Kuala Lumpur International Airport,KUL,2024-07-23 19:45,75,Singapore Airlines,Business Class,310,90.0,,1439,Y,Y,Y,1,7,1,25,Tuesday,False,False,False,Brunei International Airport,BWN
Singapore Changi Airport,SIN,2024-07-24 12:10,Brunei International Airport,BWN,2024-07-24 14:20,130,Royal Brunei,Business Class,130,,,946,Y,Y,Y,1,12,2,40,Wednesday,False,False,False,Brunei International Airport,BWN
Singapore Changi Airport,SIN,2024-07-24 12:45,Brunei International Airport,BWN,2024-07-24 15:00,135,Singapore Airlines,Business Class,135,,,1237,Y,Y,Y,1,7,1,25,Wednesday,False,False,False,Brunei International Airport,BWN
Singapore Changi Airport,SIN,2024-07-24 19:50,Ninoy Aquino International Airport,MNL,2024-07-24 23:45,235,Philippine Airlines,Business Class,1670,1310.0,True,1164,Y,Y,Y,1,7,2,32,Wednesday,False,False,False,Brunei International Airport,BWN
Singapore Changi Airport,SIN,2024-07-24 18:15,Kuala Lumpur International Airport,KUL,2024-07-24 19:25,70,Malaysia Airlines,Business Class,325,110.0,,1240,Y,Y,Y,1,8,2,23,Wednesday,False,False,False,Brunei International Airport,BWN
Singapore Changi Airport,SIN,2024-07-24 21:15,Kuala Lumpur International Airport,KUL,2024-07-24 22:15,60,Malaysia Airlines,Business Class,1040,835.0,True,1251,Y,Y,Y,1,8,2,23,Wednesday,False,False,False,Brunei International Airport,BWN
Singapore Changi Airport,SIN,2024-07-24 14:50,Kuala Lumpur International Airport,KUL,2024-07-24 15:50,60,Singapore Airlines,Business Class,530,325.0,,1610,Y,Y,Y,1,7,1,25,Wednesday,False,False,False,Brunei International Airport,BWN
Singapore Changi Airport,SIN,2024-07-24 20:00,Kuala Lumpur International Airport,KUL,2024-07-24 20:55,55,Singapore Airlines,Business Class,1115,915.0,True,1621,Y,Y,Y,1,7,1,25,Wednesday,False,False,False,Brunei International Airport,BWN
Singapore Changi Airport,SIN,2024-07-25 09:00,Brunei International Airport,BWN,2024-07-25 11:10,130,Singapore Airlines,Business Class,130,,,967,Y,Y,Y,1,7,1,25,Thursday,False,False,False,Brunei International Airport,BWN
Singapore Changi Airport,SIN,2024-07-25 21:30,Brunei International Airport,BWN,2024-07-25 23:40,130,Royal Brunei,Business Class,130,,,1123,Y,Y,Y,1,12,2,40,Thursday,False,False,False,Brunei International Airport,BWN
Singapore Changi Airport,SIN,2024-07-25 14:30,Ninoy Aquino International Airport,MNL,2024-07-25 18:25,235,Philippine Airlines,Business Class,550,190.0,,1164,Y,Y,Y,1,7,2,32,Thursday,False,False,False,Brunei International Airport,BWN
Singapore Changi Airport,SIN,2024-07-25 09:55,Kuala Lumpur International Airport,KUL,2024-07-25 11:10,75,Malaysia Airlines,Business Class,280,60.0,,1240,Y,Y,Y,1,8,2,23,Thursday,False,False,False,Brunei International Airport,BWN
Singapore Changi Airport,SIN,2024-07-26 12:10,Brunei International Airport,BWN,2024-07-26 14:20,130,Royal Brunei,Business Class,130,,,946,Y,Y,Y,1,12,2,40,Friday,False,False,False,Brunei International Airport,BWN
Singapore Changi Airport,SIN,2024-07-26 12:45,Brunei International Airport,BWN,2024-07-26 15:00,135,Singapore Airlines,Business Class,135,,,967,Y,Y,Y,1,7,1,25,Friday,False,False,False,Brunei International Airport,BWN
Singapore Changi Airport,SIN,2024-07-26 14:30,Ninoy Aquino International Airport,MNL,2024-07-26 18:25,235,Philippine Airlines,Business Class,550,190.0,,1164,Y,Y,Y,1,7,2,32,Friday,False,False,False,Brunei International Airport,BWN
Singapore Changi Airport,SIN,2024-07-26 09:55,Kuala Lumpur International Airport,KUL,2024-07-26 11:10,75,Malaysia Airlines,Business Class,280,60.0,,1240,Y,Y,Y,1,8,2,23,Friday,False,False,False,Brunei International Airport,BWN
Singapore Changi Airport,SIN,2024-07-26 18:15,Kuala Lumpur International Airport,KUL,2024-07-26 19:25,70,Malaysia Airlines,Business Class,325,110.0,,1240,Y,Y,Y,1,8,2,23,Friday,False,False,False,Brunei International Airport,BWN
Singapore Changi Airport,SIN,2024-07-26 21:15,Kuala Lumpur International Airport,KUL,2024-07-26 22:15,60,Malaysia Airlines,Business Class,1040,835.0,True,1251,Y,Y,Y,1,8,2,23,Friday,False,False,False,Brunei International Airport,BWN
Singapore Changi Airport,SIN,2024-07-26 21:25,Brunei International Airport,BWN,2024-07-26 23:35,130,Royal Brunei,Business Class,130,,,1293,Y,Y,Y,1,12,2,40,Friday,False,False,False,Brunei International Airport,BWN
Singapore Changi Airport,SIN,2024-07-27 21:25,Brunei International Airport,BWN,2024-07-27 23:35,130,Royal Brunei,Business Class,130,,,946,Y,Y,Y,1,12,2,40,Saturday,False,False,False,Brunei International Airport,BWN
Singapore Changi Airport,SIN,2024-07-27 09:00,Brunei International Airport,BWN,2024-07-27 11:10,130,Singapore Airlines,Business Class,130,,,1055,Y,Y,Y,1,7,1,25,Saturday,False,False,False,Brunei International Airport,BWN
Singapore Changi Airport,SIN,2024-07-27 09:55,Kuala Lumpur International Airport,KUL,2024-07-27 11:10,75,Malaysia Airlines,Business Class,280,60.0,,1240,Y,Y,Y,1,8,2,23,Saturday,False,False,False,Brunei International Airport,BWN
Singapore Changi Airport,SIN,2024-07-28 12:10,Brunei International Airport,BWN,2024-07-28 14:20,130,Royal Brunei,Business Class,130,,,946,Y,Y,Y,1,12,2,40,Sunday,False,False,False,Brunei International Airport,BWN
Singapore Changi Airport,SIN,2024-07-28 21:30,Brunei International Airport,BWN,2024-07-28 23:40,130,Royal Brunei,Business Class,130,,,946,Y,Y,Y,1,12,2,40,Sunday,False,False,False,Brunei International Airport,BWN
Singapore Changi Airport,SIN,2024-07-28 12:45,Brunei International Airport,BWN,2024-07-28 15:00,135,Singapore Airlines,Business Class,135,,,1237,Y,Y,Y,1,7,1,25,Sunday,False,False,False,Brunei International Airport,BWN
Singapore Changi Airport,SIN,2024-07-28 09:55,Kuala Lumpur International Airport,KUL,2024-07-28 11:10,75,Malaysia Airlines,Business Class,280,60.0,,1240,Y,Y,Y,1,8,2,23,Sunday,False,False,False,Brunei International Airport,BWN
Singapore Changi Airport,SIN,2024-07-29 12:10,Brunei International Airport,BWN,2024-07-29 14:20,130,Royal Brunei,Business Class,130,,,1123,Y,Y,Y,1,12,2,40,Monday,False,False,False,Brunei International Airport,BWN
Singapore Changi Airport,SIN,2024-07-29 09:00,Brunei International Airport,BWN,2024-07-29 11:10,130,Singapore Airlines,Business Class,130,,,1146,Y,Y,Y,1,7,1,25,Monday,False,False,False,Brunei International Airport,BWN
Singapore Changi Airport,SIN,2024-07-29 14:30,Ninoy Aquino International Airport,MNL,2024-07-29 18:25,235,Philippine Airlines,Business Class,550,190.0,,1164,Y,Y,Y,1,7,2,32,Monday,False,False,False,Brunei International Airport,BWN
Singapore Changi Airport,SIN,2024-07-29 09:55,Kuala Lumpur International Airport,KUL,2024-07-29 11:10,75,Malaysia Airlines,Business Class,280,60.0,,1240,Y,Y,Y,1,8,2,23,Monday,False,False,False,Brunei International Airport,BWN
Singapore Changi Airport,SIN,2024-07-29 21:15,Kuala Lumpur International Airport,KUL,2024-07-29 22:15,60,Malaysia Airlines,Business Class,1585,1380.0,True,1251,Y,Y,Y,1,8,2,23,Monday,False,False,False,Brunei International Airport,BWN
Singapore Changi Airport,SIN,2024-07-29 18:30,Kuala Lumpur International Airport,KUL,2024-07-29 19:45,75,Singapore Airlines,Business Class,1750,1530.0,True,1457,Y,Y,Y,1,7,1,25,Monday,False,False,False,Brunei International Airport,BWN
Singapore Changi Airport,SIN,2024-07-29 20:00,Kuala Lumpur International Airport,KUL,2024-07-29 20:55,55,Singapore Airlines,Business Class,1660,1460.0,True,1627,Y,Y,Y,1,7,1,25,Monday,False,False,False,Brunei International Airport,BWN
Singapore Changi Airport,SIN,2024-07-30 12:10,Brunei International Airport,BWN,2024-07-30 14:20,130,Royal Brunei,Business Class,130,,,946,Y,Y,Y,1,12,2,40,Tuesday,False,False,False,Brunei International Airport,BWN
Singapore Changi Airport,SIN,2024-07-30 21:25,Brunei International Airport,BWN,2024-07-30 23:35,130,Royal Brunei,Business Class,130,,,946,Y,Y,Y,1,12,2,40,Tuesday,False,False,False,Brunei International Airport,BWN
Singapore Changi Airport,SIN,2024-07-30 09:00,Brunei International Airport,BWN,2024-07-30 11:10,130,Singapore Airlines,Business Class,130,,,967,Y,Y,Y,1,7,1,25,Tuesday,False,False,False,Brunei International Airport,BWN
Singapore Changi Airport,SIN,2024-07-30 18:15,Kuala Lumpur International Airport,KUL,2024-07-30 19:25,70,Malaysia Airlines,Business Class,325,110.0,,1240,Y,Y,Y,1,8,2,23,Tuesday,False,False,False,Brunei International Airport,BWN
Singapore Changi Airport,SIN,2024-07-31 12:10,Brunei International Airport,BWN,2024-07-31 14:20,130,Royal Brunei,Business Class,130,,,946,Y,Y,Y,1,12,2,40,Wednesday,False,False,False,Brunei International Airport,BWN
Singapore Changi Airport,SIN,2024-07-31 12:45,Brunei International Airport,BWN,2024-07-31 15:00,135,Singapore Airlines,Business Class,135,,,967,Y,Y,Y,1,7,1,25,Wednesday,False,False,False,Brunei International Airport,BWN
Singapore Changi Airport,SIN,2024-07-31 18:15,Kuala Lumpur International Airport,KUL,2024-07-31 19:25,70,Malaysia Airlines,Business Class,325,110.0,,1240,Y,Y,Y,1,8,2,23,Wednesday,False,False,False,Brunei International Airport,BWN
Singapore Changi Airport,SIN,2024-07-31 21:15,Kuala Lumpur International Airport,KUL,2024-07-31 22:15,60,Malaysia Airlines,Business Class,1040,835.0,True,1251,Y,Y,Y,1,8,2,23,Wednesday,False,False,False,Brunei International Airport,BWN
Singapore Changi Airport,SIN,2024-07-31 19:50,Ninoy Aquino International Airport,MNL,2024-07-31 23:45,235,Philippine Airlines,Business Class,1670,1310.0,True,1289,Y,Y,Y,1,7,2,32,Wednesday,False,False,False,Brunei International Airport,BWN
Singapore Changi Airport,SIN,2024-07-31 14:50,Kuala Lumpur International Airport,KUL,2024-07-31 15:50,60,Singapore Airlines,Business Class,530,325.0,,1610,Y,Y,Y,1,7,1,25,Wednesday,False,False,False,Brunei International Airport,BWN
Singapore Changi Airport,SIN,2024-08-01 21:30,Brunei International Airport,BWN,2024-08-01 23:40,130,Royal Brunei,Business Class,130,,,954,Y,Y,Y,1,12,2,40,Thursday,False,False,False,Brunei International Airport,BWN
Singapore Changi Airport,SIN,2024-08-01 09:00,Brunei International Airport,BWN,2024-08-01 11:10,130,Singapore Airlines,Business Class,130,,,1064,Y,Y,Y,1,7,1,25,Thursday,False,False,False,Brunei International Airport,BWN
Singapore Changi Airport,SIN,2024-08-01 00:30,Ninoy Aquino International Airport,MNL,2024-08-01 04:20,230,Philippine Airlines,Business Class,1390,1035.0,True,1323,Y,Y,Y,1,7,2,32,Thursday,False,False,False,Brunei International Airport,BWN
Singapore Changi Airport,SIN,2024-08-01 09:55,Kuala Lumpur International Airport,KUL,2024-08-01 11:10,75,Malaysia Airlines,Business Class,280,60.0,,1454,Y,Y,Y,1,8,2,23,Thursday,False,False,False,Brunei International Airport,BWN
Singapore Changi Airport,SIN,2024-08-02 21:25,Brunei International Airport,BWN,2024-08-02 23:35,130,Royal Brunei,Business Class,130,,,1133,Y,Y,Y,1,12,2,40,Friday,False,False,False,Brunei International Airport,BWN
Singapore Changi Airport,SIN,2024-08-02 12:45,Brunei International Airport,BWN,2024-08-02 15:00,135,Singapore Airlines,Business Class,135,,,1247,Y,Y,Y,1,7,1,25,Friday,False,False,False,Brunei International Airport,BWN
Singapore Changi Airport,SIN,2024-08-02 12:10,Brunei International Airport,BWN,2024-08-02 14:20,130,Royal Brunei,Business Class,130,,,1397,Y,Y,Y,1,12,2,40,Friday,False,False,False,Brunei International Airport,BWN
Singapore Changi Airport,SIN,2024-08-02 14:30,Ninoy Aquino International Airport,MNL,2024-08-02 18:25,235,Philippine Airlines,Business Class,550,190.0,,1197,Y,Y,Y,1,7,2,32,Friday,False,False,False,Brunei International Airport,BWN
Singapore Changi Airport,SIN,2024-08-02 18:30,Kuala Lumpur International Airport,KUL,2024-08-02 19:45,75,Singapore Airlines,Business Class,310,90.0,,1454,Y,Y,Y,1,7,1,25,Friday,False,False,False,Brunei International Airport,BWN
Singapore Changi Airport,SIN,2024-08-03 09:00,Brunei International Airport,BWN,2024-08-03 11:10,130,Singapore Airlines,Business Class,130,,,1064,Y,Y,Y,1,7,1,25,Saturday,False,False,False,Brunei International Airport,BWN
Singapore Changi Airport,SIN,2024-08-03 21:25,Brunei International Airport,BWN,2024-08-03 23:35,130,Royal Brunei,Business Class,130,,,1304,Y,Y,Y,1,12,2,40,Saturday,False,False,False,Brunei International Airport,BWN
Singapore Changi Airport,SIN,2024-08-03 21:15,Kuala Lumpur International Airport,KUL,2024-08-03 22:15,60,Malaysia Airlines,Business Class,1585,1380.0,True,1465,Y,Y,Y,1,8,2,23,Saturday,False,False,False,Brunei International Airport,BWN
Singapore Changi Airport,SIN,2024-08-03 09:55,Kuala Lumpur International Airport,KUL,2024-08-03 11:10,75,Malaysia Airlines,Business Class,280,60.0,,1627,Y,Y,Y,1,8,2,23,Saturday,False,False,False,Brunei International Airport,BWN
Singapore Changi Airport,SIN,2024-08-04 12:10,Brunei International Airport,BWN,2024-08-04 14:20,130,Royal Brunei,Business Class,130,,,954,Y,Y,Y,1,12,2,40,Sunday,False,False,False,Brunei International Airport,BWN
Singapore Changi Airport,SIN,2024-08-04 21:30,Brunei International Airport,BWN,2024-08-04 23:40,130,Royal Brunei,Business Class,130,,,954,Y,Y,Y,1,12,2,40,Sunday,False,False,False,Brunei International Airport,BWN
Singapore Changi Airport,SIN,2024-08-04 12:45,Brunei International Airport,BWN,2024-08-04 15:00,135,Singapore Airlines,Business Class,135,,,1247,Y,Y,Y,1,7,1,25,Sunday,False,False,False,Brunei International Airport,BWN
Singapore Changi Airport,SIN,2024-08-04 18:15,Kuala Lumpur International Airport,KUL,2024-08-04 19:25,70,Malaysia Airlines,Business Class,325,110.0,,1454,Y,Y,Y,1,8,2,23,Sunday,False,False,False,Brunei International Airport,BWN
Singapore Changi Airport,SIN,2024-08-04 09:55,Kuala Lumpur International Airport,KUL,2024-08-04 11:10,75,Malaysia Airlines,Business Class,280,60.0,,1627,Y,Y,Y,1,8,2,23,Sunday,False,False,False,Brunei International Airport,BWN
Singapore Changi Airport,SIN,2024-08-05 12:10,Brunei International Airport,BWN,2024-08-05 14:20,130,Royal Brunei,Business Class,130,,,954,Y,Y,Y,1,12,2,40,Monday,False,False,False,Brunei International Airport,BWN
Singapore Changi Airport,SIN,2024-08-05 14:30,Ninoy Aquino International Airport,MNL,2024-08-05 18:25,235,Philippine Airlines,Business Class,550,190.0,,1197,Y,Y,Y,1,7,2,32,Monday,False,False,False,Brunei International Airport,BWN
Singapore Changi Airport,SIN,2024-08-05 09:55,Kuala Lumpur International Airport,KUL,2024-08-05 11:10,75,Malaysia Airlines,Business Class,280,60.0,,1454,Y,Y,Y,1,8,2,23,Monday,False,False,False,Brunei International Airport,BWN
Singapore Changi Airport,SIN,2024-08-05 21:15,Kuala Lumpur International Airport,KUL,2024-08-05 22:15,60,Malaysia Airlines,Business Class,1585,1380.0,True,1638,Y,Y,Y,1,8,2,23,Monday,False,False,False,Brunei International Airport,BWN
Singapore Changi Airport,SIN,2024-08-05 18:30,Kuala Lumpur International Airport,KUL,2024-08-05 19:45,75,Singapore Airlines,Business Class,1750,1530.0,True,1644,Y,Y,Y,1,7,1,25,Monday,False,False,False,Brunei International Airport,BWN
Singapore Changi Airport,SIN,2024-08-06 12:10,Brunei International Airport,BWN,2024-08-06 14:20,130,Royal Brunei,Business Class,130,,,954,Y,Y,Y,1,12,2,40,Tuesday,False,False,False,Brunei International Airport,BWN
Singapore Changi Airport,SIN,2024-08-06 21:25,Brunei International Airport,BWN,2024-08-06 23:35,130,Royal Brunei,Business Class,130,,,1133,Y,Y,Y,1,12,2,40,Tuesday,False,False,False,Brunei International Airport,BWN
Singapore Changi Airport,SIN,2024-08-06 09:00,Brunei International Airport,BWN,2024-08-06 11:10,130,Singapore Airlines,Business Class,130,,,1338,Y,Y,Y,1,7,1,25,Tuesday,False,False,False,Brunei International Airport,BWN
Singapore Changi Airport,SIN,2024-08-06 21:15,Kuala Lumpur International Airport,KUL,2024-08-06 22:15,60,Malaysia Airlines,Business Class,1585,1380.0,True,1465,Y,Y,Y,1,8,2,23,Tuesday,False,False,False,Brunei International Airport,BWN
Singapore Changi Airport,SIN,2024-08-06 18:30,Kuala Lumpur International Airport,KUL,2024-08-06 19:45,75,Singapore Airlines,Business Class,310,90.0,,1627,Y,Y,Y,1,7,1,25,Tuesday,False,False,False,Brunei International Airport,BWN
Singapore Changi Airport,SIN,2024-08-07 12:10,Brunei International Airport,BWN,2024-08-07 14:20,130,Royal Brunei,Business Class,130,,,954,Y,Y,Y,1,12,2,40,Wednesday,False,False,False,Brunei International Airport,BWN
Singapore Changi Airport,SIN,2024-08-07 12:45,Brunei International Airport,BWN,2024-08-07 15:00,135,Singapore Airlines,Business Class,135,,,1338,Y,Y,Y,1,7,1,25,Wednesday,False,False,False,Brunei International Airport,BWN
Singapore Changi Airport,SIN,2024-08-07 19:50,Ninoy Aquino International Airport,MNL,2024-08-07 23:45,235,Philippine Airlines,Business Class,1670,1310.0,True,1197,Y,Y,Y,1,7,2,32,Wednesday,False,False,False,Brunei International Airport,BWN
Singapore Changi Airport,SIN,2024-08-07 14:50,Kuala Lumpur International Airport,KUL,2024-08-07 15:50,60,Singapore Airlines,Business Class,530,325.0,,1454,Y,Y,Y,1,7,1,25,Wednesday,False,False,False,Brunei International Airport,BWN
Singapore Changi Airport,SIN,2024-08-07 18:15,Kuala Lumpur International Airport,KUL,2024-08-07 19:25,70,Malaysia Airlines,Business Class,325,110.0,,1454,Y,Y,Y,1,8,2,23,Wednesday,False,False,False,Brunei International Airport,BWN
Singapore Changi Airport,SIN,2024-08-07 21:15,Kuala Lumpur International Airport,KUL,2024-08-07 22:15,60,Malaysia Airlines,Business Class,1040,835.0,True,1465,Y,Y,Y,1,8,2,23,Wednesday,False,False,False,Brunei International Airport,BWN
Singapore Changi Airport,SIN,2024-08-08 21:30,Brunei International Airport,BWN,2024-08-08 23:40,130,Royal Brunei,Business Class,130,,,954,Y,Y,Y,1,12,2,40,Thursday,False,False,False,Brunei International Airport,BWN
Singapore Changi Airport,SIN,2024-08-08 09:00,Brunei International Airport,BWN,2024-08-08 11:10,130,Singapore Airlines,Business Class,130,,,975,Y,Y,Y,1,7,1,25,Thursday,False,False,False,Brunei International Airport,BWN
Singapore Changi Airport,SIN,2024-08-08 10:40,Ninoy Aquino International Airport,MNL,2024-08-08 14:30,230,Philippine Airlines,Business Class,780,425.0,,1197,Y,Y,Y,1,7,2,32,Thursday,False,False,False,Brunei International Airport,BWN
Singapore Changi Airport,SIN,2024-08-08 09:55,Kuala Lumpur International Airport,KUL,2024-08-08 11:10,75,Malaysia Airlines,Business Class,280,60.0,,1454,Y,Y,Y,1,8,2,23,Thursday,False,False,False,Brunei International Airport,BWN
Singapore Changi Airport,SIN,2024-08-09 12:10,Brunei International Airport,BWN,2024-08-09 14:20,130,Royal Brunei,Business Class,130,,,954,Y,Y,Y,1,12,2,40,Friday,False,True,False,Brunei International Airport,BWN
Singapore Changi Airport,SIN,2024-08-09 21:25,Brunei International Airport,BWN,2024-08-09 23:35,130,Royal Brunei,Business Class,130,,,954,Y,Y,Y,1,12,2,40,Friday,False,True,False,Brunei International Airport,BWN
Singapore Changi Airport,SIN,2024-08-09 12:45,Brunei International Airport,BWN,2024-08-09 15:00,135,Singapore Airlines,Business Class,135,,,1156,Y,Y,Y,1,7,1,25,Friday,False,True,False,Brunei International Airport,BWN
Singapore Changi Airport,SIN,2024-08-09 00:30,Ninoy Aquino International Airport,MNL,2024-08-09 04:20,230,Philippine Airlines,Business Class,1390,1035.0,True,1197,Y,Y,Y,1,7,2,32,Friday,False,True,False,Brunei International Airport,BWN
Singapore Changi Airport,SIN,2024-08-09 09:55,Kuala Lumpur International Airport,KUL,2024-08-09 11:10,75,Malaysia Airlines,Business Class,280,60.0,,1454,Y,Y,Y,1,8,2,23,Friday,False,True,False,Brunei International Airport,BWN
Singapore Changi Airport,SIN,2024-08-10 21:25,Brunei International Airport,BWN,2024-08-10 23:35,130,Royal Brunei,Business Class,130,,,954,Y,Y,Y,1,12,2,40,Saturday,False,False,False,Brunei International Airport,BWN
Singapore Changi Airport,SIN,2024-08-10 09:00,Brunei International Airport,BWN,2024-08-10 11:10,130,Singapore Airlines,Business Class,130,,,1064,Y,Y,Y,1,7,1,25,Saturday,False,False,False,Brunei International Airport,BWN
Singapore Changi Airport,SIN,2024-08-10 21:15,Kuala Lumpur International Airport,KUL,2024-08-10 22:15,60,Malaysia Airlines,Business Class,1040,835.0,True,1465,Y,Y,Y,1,8,2,23,Saturday,False,False,False,Brunei International Airport,BWN
Singapore Changi Airport,SIN,2024-08-10 09:55,Kuala Lumpur International Airport,KUL,2024-08-10 11:10,75,Malaysia Airlines,Business Class,280,60.0,,1627,Y,Y,Y,1,8,2,23,Saturday,False,False,False,Brunei International Airport,BWN
Singapore Changi Airport,SIN,2024-08-11 12:10,Brunei International Airport,BWN,2024-08-11 14:20,130,Royal Brunei,Business Class,130,,,1133,Y,Y,Y,1,12,2,40,Sunday,False,False,False,Brunei International Airport,BWN
Singapore Changi Airport,SIN,2024-08-11 21:30,Brunei International Airport,BWN,2024-08-11 23:40,130,Royal Brunei,Business Class,130,,,1133,Y,Y,Y,1,12,2,40,Sunday,False,False,False,Brunei International Airport,BWN
Singapore Changi Airport,SIN,2024-08-11 09:55,Kuala Lumpur International Airport,KUL,2024-08-11 11:10,75,Malaysia Airlines,Business Class,280,60.0,,1454,Y,Y,Y,1,8,2,23,Sunday,False,False,False,Brunei International Airport,BWN
Singapore Changi Airport,SIN,2024-08-12 12:10,Brunei International Airport,BWN,2024-08-12 14:20,130,Royal Brunei,Business Class,130,,,954,Y,Y,Y,1,12,2,40,Monday,False,False,False,Brunei International Airport,BWN
Singapore Changi Airport,SIN,2024-08-12 09:00,Brunei International Airport,BWN,2024-08-12 11:10,130,Singapore Airlines,Business Class,130,,,1064,Y,Y,Y,1,7,1,25,Monday,False,False,False,Brunei International Airport,BWN
Singapore Changi Airport,SIN,2024-08-12 14:30,Ninoy Aquino International Airport,MNL,2024-08-12 18:25,235,Philippine Airlines,Business Class,550,190.0,,1197,Y,Y,Y,1,7,2,32,Monday,False,False,False,Brunei International Airport,BWN
Singapore Changi Airport,SIN,2024-08-12 09:55,Kuala Lumpur International Airport,KUL,2024-08-12 11:10,75,Malaysia Airlines,Business Class,280,60.0,,1454,Y,Y,Y,1,8,2,23,Monday,False,False,False,Brunei International Airport,BWN
Singapore Changi Airport,SIN,2024-08-12 21:15,Kuala Lumpur International Airport,KUL,2024-08-12 22:15,60,Malaysia Airlines,Business Class,1585,1380.0,True,1465,Y,Y,Y,1,8,2,23,Monday,False,False,False,Brunei International Airport,BWN
Singapore Changi Airport,SIN,2024-08-12 18:30,Kuala Lumpur International Airport,KUL,2024-08-12 19:45,75,Singapore Airlines,Business Class,1750,1530.0,True,1472,Y,Y,Y,1,7,1,25,Monday,False,False,False,Brunei International Airport,BWN
Singapore Changi Airport,SIN,2024-08-13 12:10,Brunei International Airport,BWN,2024-08-13 14:20,130,Royal Brunei,Business Class,130,,,954,Y,Y,Y,1,12,2,40,Tuesday,False,False,False,Brunei International Airport,BWN
Singapore Changi Airport,SIN,2024-08-13 21:25,Brunei International Airport,BWN,2024-08-13 23:35,130,Royal Brunei,Business Class,130,,,954,Y,Y,Y,1,12,2,40,Tuesday,False,False,False,Brunei International Airport,BWN
Singapore Changi Airport,SIN,2024-08-13 09:00,Brunei International Airport,BWN,2024-08-13 11:10,130,Singapore Airlines,Business Class,130,,,1338,Y,Y,Y,1,7,1,25,Tuesday,False,False,False,Brunei International Airport,BWN
Singapore Changi Airport,SIN,2024-08-13 18:30,Kuala Lumpur International Airport,KUL,2024-08-13 19:45,75,Singapore Airlines,Business Class,310,90.0,,1454,Y,Y,Y,1,7,1,25,Tuesday,False,False,False,Brunei International Airport,BWN
Singapore Changi Airport,SIN,2024-08-14 12:10,Brunei International Airport,BWN,2024-08-14 14:20,130,Royal Brunei,Business Class,130,,,954,Y,Y,Y,1,12,2,40,Wednesday,False,False,False,Brunei International Airport,BWN
Singapore Changi Airport,SIN,2024-08-14 12:45,Brunei International Airport,BWN,2024-08-14 15:00,135,Singapore Airlines,Business Class,135,,,1064,Y,Y,Y,1,7,1,25,Wednesday,False,False,False,Brunei International Airport,BWN
Singapore Changi Airport,SIN,2024-08-14 18:15,Kuala Lumpur International Airport,KUL,2024-08-14 19:25,70,Malaysia Airlines,Business Class,325,110.0,,1627,Y,Y,Y,1,8,2,23,Wednesday,False,False,False,Brunei International Airport,BWN
Singapore Changi Airport,SIN,2024-08-14 19:50,Ninoy Aquino International Airport,MNL,2024-08-14 23:45,235,Philippine Airlines,Business Class,1670,1310.0,True,1197,Y,Y,Y,1,7,2,32,Wednesday,False,False,False,Brunei International Airport,BWN
Singapore Changi Airport,SIN,2024-08-14 21:15,Kuala Lumpur International Airport,KUL,2024-08-14 22:15,60,Malaysia Airlines,Business Class,1585,1380.0,True,1465,Y,Y,Y,1,8,2,23,Wednesday,False,False,False,Brunei International Airport,BWN
Singapore Changi Airport,SIN,2024-08-14 20:00,Kuala Lumpur International Airport,KUL,2024-08-14 20:55,55,Singapore Airlines,Business Class,1660,1460.0,True,1472,Y,Y,Y,1,7,1,25,Wednesday,False,False,False,Brunei International Airport,BWN
Singapore Changi Airport,SIN,2024-08-14 20:00,Kuala Lumpur International Airport,KUL,2024-08-14 20:55,55,Singapore Airlines,Business Class,1115,915.0,True,1638,Y,Y,Y,1,7,1,25,Wednesday,False,False,False,Brunei International Airport,BWN
Singapore Changi Airport,SIN,2024-08-14 21:15,Kuala Lumpur International Airport,KUL,2024-08-14 22:15,60,Malaysia Airlines,Business Class,1040,835.0,True,1638,Y,Y,Y,1,8,2,23,Wednesday,False,False,False,Brunei International Airport,BWN
Singapore Changi Airport,SIN,2024-08-15 21:30,Brunei International Airport,BWN,2024-08-15 23:40,130,Royal Brunei,Business Class,130,,,954,Y,Y,Y,1,12,2,40,Thursday,False,False,False,Brunei International Airport,BWN
Singapore Changi Airport,SIN,2024-08-15 09:00,Brunei International Airport,BWN,2024-08-15 11:10,130,Singapore Airlines,Business Class,130,,,1247,Y,Y,Y,1,7,1,25,Thursday,False,False,False,Brunei International Airport,BWN
Singapore Changi Airport,SIN,2024-08-15 14:30,Ninoy Aquino International Airport,MNL,2024-08-15 18:25,235,Philippine Airlines,Business Class,550,190.0,,1197,Y,Y,Y,1,7,2,32,Thursday,False,False,False,Brunei International Airport,BWN
Singapore Changi Airport,SIN,2024-08-15 09:10,Kuala Lumpur International Airport,KUL,2024-08-15 10:10,60,Singapore Airlines,Business Class,325,120.0,,1627,Y,Y,Y,1,7,1,25,Thursday,False,False,False,Brunei International Airport,BWN
Singapore Changi Airport,SIN,2024-08-15 09:55,Kuala Lumpur International Airport,KUL,2024-08-15 11:10,75,Malaysia Airlines,Business Class,280,60.0,,1627,Y,Y,Y,1,8,2,23,Thursday,False,False,False,Brunei International Airport,BWN
Singapore Changi Airport,SIN,2024-08-16 12:10,Brunei International Airport,BWN,2024-08-16 14:20,130,Royal Brunei,Business Class,130,,,954,Y,Y,Y,1,12,2,40,Friday,False,False,False,Brunei International Airport,BWN
Singapore Changi Airport,SIN,2024-08-16 21:25,Brunei International Airport,BWN,2024-08-16 23:35,130,Royal Brunei,Business Class,130,,,954,Y,Y,Y,1,12,2,40,Friday,False,False,False,Brunei International Airport,BWN
Singapore Changi Airport,SIN,2024-08-16 12:45,Brunei International Airport,BWN,2024-08-16 15:00,135,Singapore Airlines,Business Class,135,,,1247,Y,Y,Y,1,7,1,25,Friday,False,False,False,Brunei International Airport,BWN
Singapore Changi Airport,SIN,2024-08-16 14:30,Ninoy Aquino International Airport,MNL,2024-08-16 18:25,235,Philippine Airlines,Business Class,550,190.0,,1197,Y,Y,Y,1,7,2,32,Friday,False,False,False,Brunei International Airport,BWN
Singapore Changi Airport,SIN,2024-08-16 09:55,Kuala Lumpur International Airport,KUL,2024-08-16 11:10,75,Malaysia Airlines,Business Class,280,60.0,,1454,Y,Y,Y,1,8,2,23,Friday,False,False,False,Brunei International Airport,BWN
Singapore Changi Airport,SIN,2024-08-17 21:25,Brunei International Airport,BWN,2024-08-17 23:35,130,Royal Brunei,Business Class,130,,,1133,Y,Y,Y,1,12,2,40,Saturday,False,False,False,Brunei International Airport,BWN
Singapore Changi Airport,SIN,2024-08-17 09:00,Brunei International Airport,BWN,2024-08-17 11:10,130,Singapore Airlines,Business Class,130,,,1156,Y,Y,Y,1,7,1,25,Saturday,False,False,False,Brunei International Airport,BWN
Singapore Changi Airport,SIN,2024-08-17 19:50,Brunei International Airport,BWN,2024-08-17 22:00,130,Royal Brunei,Business Class,130,,,1397,Y,Y,Y,1,12,2,40,Saturday,False,False,False,Brunei International Airport,BWN
Singapore Changi Airport,SIN,2024-08-17 09:55,Kuala Lumpur International Airport,KUL,2024-08-17 11:10,75,Malaysia Airlines,Business Class,280,60.0,,1454,Y,Y,Y,1,8,2,23,Saturday,False,False,False,Brunei International Airport,BWN
Singapore Changi Airport,SIN,2024-08-18 21:30,Brunei International Airport,BWN,2024-08-18 23:40,130,Royal Brunei,Business Class,130,,,954,Y,Y,Y,1,12,2,40,Sunday,False,False,False,Brunei International Airport,BWN
Singapore Changi Airport,SIN,2024-08-18 12:10,Brunei International Airport,BWN,2024-08-18 14:20,130,Royal Brunei,Business Class,130,,,1133,Y,Y,Y,1,12,2,40,Sunday,False,False,False,Brunei International Airport,BWN
Singapore Changi Airport,SIN,2024-08-18 12:45,Brunei International Airport,BWN,2024-08-18 15:00,135,Singapore Airlines,Business Class,135,,,1338,Y,Y,Y,1,7,1,25,Sunday,False,False,False,Brunei International Airport,BWN
Singapore Changi Airport,SIN,2024-08-18 09:55,Kuala Lumpur International Airport,KUL,2024-08-18 11:10,75,Malaysia Airlines,Business Class,280,60.0,,1454,Y,Y,Y,1,8,2,23,Sunday,False,False,False,Brunei International Airport,BWN
Singapore Changi Airport,SIN,2024-08-19 12:10,Brunei International Airport,BWN,2024-08-19 14:20,130,Royal Brunei,Business Class,130,,,1133,Y,Y,Y,1,12,2,40,Monday,False,False,False,Brunei International Airport,BWN
Singapore Changi Airport,SIN,2024-08-19 09:00,Brunei International Airport,BWN,2024-08-19 11:10,130,Singapore Airlines,Business Class,130,,,1156,Y,Y,Y,1,7,1,25,Monday,False,False,False,Brunei International Airport,BWN
Singapore Changi Airport,SIN,2024-08-19 14:30,Ninoy Aquino International Airport,MNL,2024-08-19 18:25,235,Philippine Airlines,Business Class,550,190.0,,1197,Y,Y,Y,1,7,2,32,Monday,False,False,False,Brunei International Airport,BWN
Singapore Changi Airport,SIN,2024-08-19 09:55,Kuala Lumpur International Airport,KUL,2024-08-19 11:10,75,Malaysia Airlines,Business Class,280,60.0,,1627,Y,Y,Y,1,8,2,23,Monday,False,False,False,Brunei International Airport,BWN
Singapore Changi Airport,SIN,2024-08-19 21:15,Kuala Lumpur International Airport,KUL,2024-08-19 22:15,60,Malaysia Airlines,Business Class,1585,1380.0,True,1638,Y,Y,Y,1,8,2,23,Monday,False,False,False,Brunei International Airport,BWN
Singapore Changi Airport,SIN,2024-08-19 18:30,Kuala Lumpur International Airport,KUL,2024-08-19 19:45,75,Singapore Airlines,Business Class,1750,1530.0,True,1644,Y,Y,Y,1,7,1,25,Monday,False,False,False,Brunei International Airport,BWN
Singapore Changi Airport,SIN,2024-08-20 12:10,Brunei International Airport,BWN,2024-08-20 14:20,130,Royal Brunei,Business Class,130,,,954,Y,Y,Y,1,12,2,40,Tuesday,False,False,False,Brunei International Airport,BWN
Singapore Changi Airport,SIN,2024-08-20 21:25,Brunei International Airport,BWN,2024-08-20 23:35,130,Royal Brunei,Business Class,130,,,954,Y,Y,Y,1,12,2,40,Tuesday,False,False,False,Brunei International Airport,BWN
Singapore Changi Airport,SIN,2024-08-20 09:00,Brunei International Airport,BWN,2024-08-20 11:10,130,Singapore Airlines,Business Class,130,,,1247,Y,Y,Y,1,7,1,25,Tuesday,False,False,False,Brunei International Airport,BWN
Singapore Changi Airport,SIN,2024-08-20 21:15,Kuala Lumpur International Airport,KUL,2024-08-20 22:15,60,Malaysia Airlines,Business Class,1585,1380.0,True,1465,Y,Y,Y,1,8,2,23,Tuesday,False,False,False,Brunei International Airport,BWN
Singapore Changi Airport,SIN,2024-08-20 18:30,Kuala Lumpur International Airport,KUL,2024-08-20 19:45,75,Singapore Airlines,Business Class,310,90.0,,1627,Y,Y,Y,1,7,1,25,Tuesday,False,False,False,Brunei International Airport,BWN
Singapore Changi Airport,SIN,2024-08-21 12:10,Brunei International Airport,BWN,2024-08-21 14:20,130,Royal Brunei,Business Class,130,,,954,Y,Y,Y,1,12,2,40,Wednesday,False,False,False,Brunei International Airport,BWN
Singapore Changi Airport,SIN,2024-08-21 12:45,Brunei International Airport,BWN,2024-08-21 15:00,135,Singapore Airlines,Business Class,135,,,975,Y,Y,Y,1,7,1,25,Wednesday,False,False,False,Brunei International Airport,BWN
Singapore Changi Airport,SIN,2024-08-21 19:50,Ninoy Aquino International Airport,MNL,2024-08-21 23:45,235,Philippine Airlines,Business Class,1670,1310.0,True,1197,Y,Y,Y,1,7,2,32,Wednesday,False,False,False,Brunei International Airport,BWN
Singapore Changi Airport,SIN,2024-08-21 18:15,Kuala Lumpur International Airport,KUL,2024-08-21 19:25,70,Malaysia Airlines,Business Class,325,110.0,,1454,Y,Y,Y,1,8,2,23,Wednesday,False,False,False,Brunei International Airport,BWN
Singapore Changi Airport,SIN,2024-08-21 18:30,Kuala Lumpur International Airport,KUL,2024-08-21 19:45,75,Singapore Airlines,Business Class,310,90.0,,1454,Y,Y,Y,1,7,1,25,Wednesday,False,False,False,Brunei International Airport,BWN
Singapore Changi Airport,SIN,2024-08-21 20:00,Kuala Lumpur International Airport,KUL,2024-08-21 20:55,55,Singapore Airlines,Business Class,1115,915.0,True,1465,Y,Y,Y,1,7,1,25,Wednesday,False,False,False,Brunei International Airport,BWN
Singapore Changi Airport,SIN,2024-08-21 21:15,Kuala Lumpur International Airport,KUL,2024-08-21 22:15,60,Malaysia Airlines,Business Class,1040,835.0,True,1465,Y,Y,Y,1,8,2,23,Wednesday,False,False,False,Brunei International Airport,BWN
Singapore Changi Airport,SIN,2024-08-22 21:30,Brunei International Airport,BWN,2024-08-22 23:40,130,Royal Brunei,Business Class,130,,,954,Y,Y,Y,1,12,2,40,Thursday,False,False,False,Brunei International Airport,BWN
Singapore Changi Airport,SIN,2024-08-22 09:00,Brunei International Airport,BWN,2024-08-22 11:10,130,Singapore Airlines,Business Class,130,,,975,Y,Y,Y,1,7,1,25,Thursday,False,False,False,Brunei International Airport,BWN
Singapore Changi Airport,SIN,2024-08-22 14:30,Ninoy Aquino International Airport,MNL,2024-08-22 18:25,235,Philippine Airlines,Business Class,550,190.0,,1197,Y,Y,Y,1,7,2,32,Thursday,False,False,False,Brunei International Airport,BWN
Singapore Changi Airport,SIN,2024-08-22 09:55,Kuala Lumpur International Airport,KUL,2024-08-22 11:10,75,Malaysia Airlines,Business Class,280,60.0,,1454,Y,Y,Y,1,8,2,23,Thursday,False,False,False,Brunei International Airport,BWN
Singapore Changi Airport,SIN,2024-08-23 12:10,Brunei International Airport,BWN,2024-08-23 14:20,130,Royal Brunei,Business Class,130,,,954,Y,Y,Y,1,12,2,40,Friday,False,False,False,Brunei International Airport,BWN
Singapore Changi Airport,SIN,2024-08-23 12:45,Brunei International Airport,BWN,2024-08-23 15:00,135,Singapore Airlines,Business Class,135,,,975,Y,Y,Y,1,7,1,25,Friday,False,False,False,Brunei International Airport,BWN
Singapore Changi Airport,SIN,2024-08-23 21:25,Brunei International Airport,BWN,2024-08-23 23:35,130,Royal Brunei,Business Class,130,,,1133,Y,Y,Y,1,12,2,40,Friday,False,False,False,Brunei International Airport,BWN
Singapore Changi Airport,SIN,2024-08-23 14:30,Ninoy Aquino International Airport,MNL,2024-08-23 18:25,235,Philippine Airlines,Business Class,550,190.0,,1197,Y,Y,Y,1,7,2,32,Friday,False,False,False,Brunei International Airport,BWN
Singapore Changi Airport,SIN,2024-08-23 09:55,Kuala Lumpur International Airport,KUL,2024-08-23 11:10,75,Malaysia Airlines,Business Class,280,60.0,,1454,Y,Y,Y,1,8,2,23,Friday,False,False,False,Brunei International Airport,BWN
Singapore Changi Airport,SIN,2024-08-24 21:25,Brunei International Airport,BWN,2024-08-24 23:35,130,Royal Brunei,Business Class,130,,,954,Y,Y,Y,1,12,2,40,Saturday,False,False,False,Brunei International Airport,BWN
Singapore Changi Airport,SIN,2024-08-24 09:00,Brunei International Airport,BWN,2024-08-24 11:10,130,Singapore Airlines,Business Class,130,,,975,Y,Y,Y,1,7,1,25,Saturday,False,False,False,Brunei International Airport,BWN
Singapore Changi Airport,SIN,2024-08-24 09:55,Kuala Lumpur International Airport,KUL,2024-08-24 11:10,75,Malaysia Airlines,Business Class,280,60.0,,1454,Y,Y,Y,1,8,2,23,Saturday,False,False,False,Brunei International Airport,BWN
Singapore Changi Airport,SIN,2024-08-25 12:10,Brunei International Airport,BWN,2024-08-25 14:20,130,Royal Brunei,Business Class,130,,,954,Y,Y,Y,1,12,2,40,Sunday,False,False,False,Brunei International Airport,BWN
Singapore Changi Airport,SIN,2024-08-25 21:30,Brunei International Airport,BWN,2024-08-25 23:40,130,Royal Brunei,Business Class,130,,,954,Y,Y,Y,1,12,2,40,Sunday,False,False,False,Brunei International Airport,BWN
Singapore Changi Airport,SIN,2024-08-25 12:45,Brunei International Airport,BWN,2024-08-25 15:00,135,Singapore Airlines,Business Class,135,,,1156,Y,Y,Y,1,7,1,25,Sunday,False,False,False,Brunei International Airport,BWN
Singapore Changi Airport,SIN,2024-08-25 09:55,Kuala Lumpur International Airport,KUL,2024-08-25 11:10,75,Malaysia Airlines,Business Class,280,60.0,,1454,Y,Y,Y,1,8,2,23,Sunday,False,False,False,Brunei International Airport,BWN
Singapore Changi Airport,SIN,2024-08-26 12:10,Brunei International Airport,BWN,2024-08-26 14:20,130,Royal Brunei,Business Class,130,,,954,Y,Y,Y,1,12,2,40,Monday,False,False,False,Brunei International Airport,BWN
Singapore Changi Airport,SIN,2024-08-26 09:00,Brunei International Airport,BWN,2024-08-26 11:10,130,Singapore Airlines,Business Class,130,,,1338,Y,Y,Y,1,7,1,25,Monday,False,False,False,Brunei International Airport,BWN
Singapore Changi Airport,SIN,2024-08-26 10:40,Ninoy Aquino International Airport,MNL,2024-08-26 14:30,230,Philippine Airlines,Business Class,780,425.0,,1197,Y,Y,Y,1,7,2,32,Monday,False,False,False,Brunei International Airport,BWN
Singapore Changi Airport,SIN,2024-08-26 14:30,Ninoy Aquino International Airport,MNL,2024-08-26 18:25,235,Philippine Airlines,Business Class,550,190.0,,1335,Y,Y,Y,1,7,2,32,Monday,False,False,False,Brunei International Airport,BWN
Singapore Changi Airport,SIN,2024-08-26 09:55,Kuala Lumpur International Airport,KUL,2024-08-26 11:10,75,Malaysia Airlines,Business Class,280,60.0,,1454,Y,Y,Y,1,8,2,23,Monday,False,False,False,Brunei International Airport,BWN
Singapore Changi Airport,SIN,2024-08-26 21:15,Kuala Lumpur International Airport,KUL,2024-08-26 22:15,60,Malaysia Airlines,Business Class,1585,1380.0,True,1465,Y,Y,Y,1,8,2,23,Monday,False,False,False,Brunei International Airport,BWN
Singapore Changi Airport,SIN,2024-08-26 18:30,Kuala Lumpur International Airport,KUL,2024-08-26 19:45,75,Singapore Airlines,Business Class,1750,1530.0,True,1472,Y,Y,Y,1,7,1,25,Monday,False,False,False,Brunei International Airport,BWN
Singapore Changi Airport,SIN,2024-08-27 21:25,Brunei International Airport,BWN,2024-08-27 23:35,130,Royal Brunei,Business Class,130,,,954,Y,Y,Y,1,12,2,40,Tuesday,False,False,False,Brunei International Airport,BWN
Singapore Changi Airport,SIN,2024-08-27 09:00,Brunei International Airport,BWN,2024-08-27 11:10,130,Singapore Airlines,Business Class,130,,,975,Y,Y,Y,1,7,1,25,Tuesday,False,False,False,Brunei International Airport,BWN
Singapore Changi Airport,SIN,2024-08-27 12:10,Brunei International Airport,BWN,2024-08-27 14:20,130,Royal Brunei,Business Class,130,,,1133,Y,Y,Y,1,12,2,40,Tuesday,False,False,False,Brunei International Airport,BWN
Singapore Changi Airport,SIN,2024-08-27 18:30,Kuala Lumpur International Airport,KUL,2024-08-27 19:45,75,Singapore Airlines,Business Class,310,90.0,,1454,Y,Y,Y,1,7,1,25,Tuesday,False,False,False,Brunei International Airport,BWN
Singapore Changi Airport,SIN,2024-08-28 12:10,Brunei International Airport,BWN,2024-08-28 14:20,130,Royal Brunei,Business Class,130,,,954,Y,Y,Y,1,12,2,40,Wednesday,False,False,False,Brunei International Airport,BWN
Singapore Changi Airport,SIN,2024-08-28 12:45,Brunei International Airport,BWN,2024-08-28 15:00,135,Singapore Airlines,Business Class,135,,,1064,Y,Y,Y,1,7,1,25,Wednesday,False,False,False,Brunei International Airport,BWN
Singapore Changi Airport,SIN,2024-08-28 19:50,Ninoy Aquino International Airport,MNL,2024-08-28 23:45,235,Philippine Airlines,Business Class,1670,1310.0,True,1197,Y,Y,Y,1,7,2,32,Wednesday,False,False,False,Brunei International Airport,BWN
Singapore Changi Airport,SIN,2024-08-28 18:15,Kuala Lumpur International Airport,KUL,2024-08-28 19:25,70,Malaysia Airlines,Business Class,325,110.0,,1454,Y,Y,Y,1,8,2,23,Wednesday,False,False,False,Brunei International Airport,BWN
Singapore Changi Airport,SIN,2024-08-28 18:30,Kuala Lumpur International Airport,KUL,2024-08-28 19:45,75,Singapore Airlines,Business Class,310,90.0,,1454,Y,Y,Y,1,7,1,25,Wednesday,False,False,False,Brunei International Airport,BWN
Singapore Changi Airport,SIN,2024-08-28 20:00,Kuala Lumpur International Airport,KUL,2024-08-28 20:55,55,Singapore Airlines,Business Class,1115,915.0,True,1465,Y,Y,Y,1,7,1,25,Wednesday,False,False,False,Brunei International Airport,BWN
Singapore Changi Airport,SIN,2024-08-28 21:15,Kuala Lumpur International Airport,KUL,2024-08-28 22:15,60,Malaysia Airlines,Business Class,1040,835.0,True,1465,Y,Y,Y,1,8,2,23,Wednesday,False,False,False,Brunei International Airport,BWN
Singapore Changi Airport,SIN,2024-08-29 21:30,Brunei International Airport,BWN,2024-08-29 23:40,130,Royal Brunei,Business Class,130,,,954,Y,Y,Y,1,12,2,40,Thursday,False,False,False,Brunei International Airport,BWN
Singapore Changi Airport,SIN,2024-08-29 09:00,Brunei International Airport,BWN,2024-08-29 11:10,130,Singapore Airlines,Business Class,130,,,975,Y,Y,Y,1,7,1,25,Thursday,False,False,False,Brunei International Airport,BWN
Singapore Changi Airport,SIN,2024-08-29 14:30,Ninoy Aquino International Airport,MNL,2024-08-29 18:25,235,Philippine Airlines,Business Class,550,190.0,,1197,Y,Y,Y,1,7,2,32,Thursday,False,False,False,Brunei International Airport,BWN
Singapore Changi Airport,SIN,2024-08-29 09:55,Kuala Lumpur International Airport,KUL,2024-08-29 11:10,75,Malaysia Airlines,Business Class,280,60.0,,1454,Y,Y,Y,1,8,2,23,Thursday,False,False,False,Brunei International Airport,BWN
Singapore Changi Airport,SIN,2024-08-30 12:10,Brunei International Airport,BWN,2024-08-30 14:20,130,Royal Brunei,Business Class,130,,,954,Y,Y,Y,1,12,2,40,Friday,False,False,False,Brunei International Airport,BWN
Singapore Changi Airport,SIN,2024-08-30 21:25,Brunei International Airport,BWN,2024-08-30 23:35,130,Royal Brunei,Business Class,130,,,954,Y,Y,Y,1,12,2,40,Friday,False,False,False,Brunei International Airport,BWN
Singapore Changi Airport,SIN,2024-08-30 12:45,Brunei International Airport,BWN,2024-08-30 15:00,135,Singapore Airlines,Business Class,135,,,1064,Y,Y,Y,1,7,1,25,Friday,False,False,False,Brunei International Airport,BWN
Singapore Changi Airport,SIN,2024-08-30 14:30,Ninoy Aquino International Airport,MNL,2024-08-30 18:25,235,Philippine Airlines,Business Class,550,190.0,,1197,Y,Y,Y,1,7,2,32,Friday,False,False,False,Brunei International Airport,BWN
Singapore Changi Airport,SIN,2024-08-30 09:55,Kuala Lumpur International Airport,KUL,2024-08-30 11:10,75,Malaysia Airlines,Business Class,280,60.0,,1454,Y,Y,Y,1,8,2,23,Friday,False,False,False,Brunei International Airport,BWN
Singapore Changi Airport,SIN,2024-08-31 21:25,Brunei International Airport,BWN,2024-08-31 23:35,130,Royal Brunei,Business Class,130,,,954,Y,Y,Y,1,12,2,40,Saturday,False,False,False,Brunei International Airport,BWN
Singapore Changi Airport,SIN,2024-08-31 09:00,Brunei International Airport,BWN,2024-08-31 11:10,130,Singapore Airlines,Business Class,130,,,1156,Y,Y,Y,1,7,1,25,Saturday,False,False,False,Brunei International Airport,BWN
Singapore Changi Airport,SIN,2024-08-31 09:55,Kuala Lumpur International Airport,KUL,2024-08-31 11:10,75,Malaysia Airlines,Business Class,280,60.0,,1454,Y,Y,Y,1,8,2,23,Saturday,False,False,False,Brunei International Airport,BWN
