Departure Airport Name,Departure Airport ID,Departure Time,Arrival Airport Name,Arrival Airport ID,Arrival Time,Duration,Airline,Travel Class,Total Duration,Layover 1 Duration,Layover 1 Overnight,Price, Cabin Baggage, Checked Baggage,Meal Included,Cabin Baggage (Number),Cabin Baggage (kg per piece),Checked Baggage (Number),Checked Baggage (kg per piece) ,Day of Week (on flight date),Overnight Flight,Departure Country Is Holiday,Arrival Country Is Holiday,Final Arrival Airport Name,Final Arrival Airport ID
Wattay International Airport,VTE,2024-07-01 21:50,Kunming Changshui International Airport,KMG,2024-07-02 00:25,95,China Eastern,Business Class,1010,795,True,1166,Y,Y,Y,1,10,2,32,Monday,True,False,False,Yangon International Airport,RGN
Wattay International Airport,VTE,2024-07-02 21:50,Kunming Changshui International Airport,KMG,2024-07-03 00:25,95,China Eastern,Business Class,1010,795,True,1166,Y,Y,Y,1,10,2,32,Tuesday,True,False,False,Yangon International Airport,RGN
Wattay International Airport,VTE,2024-07-03 21:50,Kunming Changshui International Airport,KMG,2024-07-04 00:25,95,China Eastern,Business Class,1010,795,True,1045,Y,Y,Y,1,10,2,32,Wednesday,True,False,False,Yangon International Airport,RGN
Wattay International Airport,VTE,2024-07-04 21:50,Kunming Changshui International Airport,KMG,2024-07-05 00:25,95,China Eastern,Business Class,1010,795,True,999,Y,Y,Y,1,10,2,32,Thursday,True,False,False,Yangon International Airport,RGN
Wattay International Airport,VTE,2024-07-05 21:50,Kunming Changshui International Airport,KMG,2024-07-06 00:25,95,China Eastern,Business Class,1010,795,True,999,Y,Y,Y,1,10,2,32,Friday,True,False,False,Yangon International Airport,RGN
Wattay International Airport,VTE,2024-07-05 19:10,Guangzhou Baiyun International Airport,CAN,2024-07-05 22:25,135,China Southern,Business Class,935,595,True,1024,Y,Y,Y,1,10,2,32,Friday,False,False,False,Yangon International Airport,RGN
Wattay International Airport,VTE,2024-07-06 21:50,Kunming Changshui International Airport,KMG,2024-07-07 00:25,95,China Eastern,Business Class,1010,795,True,999,Y,Y,Y,1,10,2,32,Saturday,True,False,False,Yangon International Airport,RGN
Wattay International Airport,VTE,2024-07-07 21:50,Kunming Changshui International Airport,KMG,2024-07-08 00:25,95,China Eastern,Business Class,1010,795,True,999,Y,Y,Y,1,10,2,32,Sunday,True,False,False,Yangon International Airport,RGN
Wattay International Airport,VTE,2024-07-07 19:10,Guangzhou Baiyun International Airport,CAN,2024-07-07 22:25,135,China Southern,Business Class,935,595,True,1024,Y,Y,Y,1,10,2,32,Sunday,False,False,False,Yangon International Airport,RGN
Wattay International Airport,VTE,2024-07-08 21:50,Kunming Changshui International Airport,KMG,2024-07-09 00:25,95,China Eastern,Business Class,1010,795,True,1045,Y,Y,Y,1,10,2,32,Monday,True,False,False,Yangon International Airport,RGN
Wattay International Airport,VTE,2024-07-09 21:50,Kunming Changshui International Airport,KMG,2024-07-10 00:25,95,China Eastern,Business Class,1010,795,True,1045,Y,Y,Y,1,10,2,32,Tuesday,True,False,False,Yangon International Airport,RGN
Wattay International Airport,VTE,2024-07-10 21:50,Kunming Changshui International Airport,KMG,2024-07-11 00:25,95,China Eastern,Business Class,1010,795,True,1045,Y,Y,Y,1,10,2,32,Wednesday,True,False,False,Yangon International Airport,RGN
Wattay International Airport,VTE,2024-07-11 21:50,Kunming Changshui International Airport,KMG,2024-07-12 00:25,95,China Eastern,Business Class,1010,795,True,1045,Y,Y,Y,1,10,2,32,Thursday,True,False,False,Yangon International Airport,RGN
Wattay International Airport,VTE,2024-07-12 21:50,Kunming Changshui International Airport,KMG,2024-07-13 00:25,95,China Eastern,Business Class,1010,795,True,999,Y,Y,Y,1,10,2,32,Friday,True,False,False,Yangon International Airport,RGN
Wattay International Airport,VTE,2024-07-12 19:10,Guangzhou Baiyun International Airport,CAN,2024-07-12 22:25,135,China Southern,Business Class,935,595,True,1024,Y,Y,Y,1,10,2,32,Friday,False,False,False,Yangon International Airport,RGN
Wattay International Airport,VTE,2024-07-13 21:50,Kunming Changshui International Airport,KMG,2024-07-14 00:25,95,China Eastern,Business Class,1010,795,True,999,Y,Y,Y,1,10,2,32,Saturday,True,False,False,Yangon International Airport,RGN
Wattay International Airport,VTE,2024-07-14 19:10,Guangzhou Baiyun International Airport,CAN,2024-07-14 22:25,135,China Southern,Business Class,935,595,True,1024,Y,Y,Y,1,10,2,32,Sunday,False,False,False,Yangon International Airport,RGN
Wattay International Airport,VTE,2024-07-14 21:50,Kunming Changshui International Airport,KMG,2024-07-15 00:25,95,China Eastern,Business Class,1010,795,True,1093,Y,Y,Y,1,10,2,32,Sunday,True,False,False,Yangon International Airport,RGN
Wattay International Airport,VTE,2024-07-15 21:50,Kunming Changshui International Airport,KMG,2024-07-16 00:25,95,China Eastern,Business Class,1010,795,True,999,Y,Y,Y,1,10,2,32,Monday,True,False,False,Yangon International Airport,RGN
Wattay International Airport,VTE,2024-07-16 21:50,Kunming Changshui International Airport,KMG,2024-07-17 00:25,95,China Eastern,Business Class,1010,795,True,1045,Y,Y,Y,1,10,2,32,Tuesday,True,False,False,Yangon International Airport,RGN
Wattay International Airport,VTE,2024-07-17 21:50,Kunming Changshui International Airport,KMG,2024-07-18 00:25,95,China Eastern,Business Class,1010,795,True,1045,Y,Y,Y,1,10,2,32,Wednesday,True,False,False,Yangon International Airport,RGN
Wattay International Airport,VTE,2024-07-18 21:50,Kunming Changshui International Airport,KMG,2024-07-19 00:25,95,China Eastern,Business Class,1010,795,True,1045,Y,Y,Y,1,10,2,32,Thursday,True,False,True,Yangon International Airport,RGN
Wattay International Airport,VTE,2024-07-19 21:50,Kunming Changshui International Airport,KMG,2024-07-20 00:25,95,China Eastern,Business Class,1010,795,True,1045,Y,Y,Y,1,10,2,32,Friday,True,False,True,Yangon International Airport,RGN
Wattay International Airport,VTE,2024-07-19 19:10,Guangzhou Baiyun International Airport,CAN,2024-07-19 22:25,135,China Southern,Business Class,935,595,True,1839,Y,Y,Y,1,10,2,32,Friday,False,False,True,Yangon International Airport,RGN
Wattay International Airport,VTE,2024-07-20 21:50,Kunming Changshui International Airport,KMG,2024-07-21 00:25,95,China Eastern,Business Class,1010,795,True,999,Y,Y,Y,1,10,2,32,Saturday,True,True,False,Yangon International Airport,RGN
Wattay International Airport,VTE,2024-07-21 21:50,Kunming Changshui International Airport,KMG,2024-07-22 00:25,95,China Eastern,Business Class,1010,795,True,999,Y,Y,Y,1,10,2,32,Sunday,True,False,False,Yangon International Airport,RGN
Wattay International Airport,VTE,2024-07-21 19:10,Guangzhou Baiyun International Airport,CAN,2024-07-21 22:25,135,China Southern,Business Class,935,595,True,1024,Y,Y,Y,1,10,2,32,Sunday,False,False,False,Yangon International Airport,RGN
Wattay International Airport,VTE,2024-07-22 21:50,Kunming Changshui International Airport,KMG,2024-07-23 00:25,95,China Eastern,Business Class,1010,795,True,999,Y,Y,Y,1,10,2,32,Monday,True,False,False,Yangon International Airport,RGN
Wattay International Airport,VTE,2024-07-23 21:50,Kunming Changshui International Airport,KMG,2024-07-24 00:25,95,China Eastern,Business Class,1010,795,True,999,Y,Y,Y,1,10,2,32,Tuesday,True,False,False,Yangon International Airport,RGN
Wattay International Airport,VTE,2024-07-24 21:50,Kunming Changshui International Airport,KMG,2024-07-25 00:25,95,China Eastern,Business Class,1010,795,True,934,Y,Y,Y,1,10,2,32,Wednesday,True,False,False,Yangon International Airport,RGN
Wattay International Airport,VTE,2024-07-25 21:50,Kunming Changshui International Airport,KMG,2024-07-26 00:25,95,China Eastern,Business Class,1010,795,True,934,Y,Y,Y,1,10,2,32,Thursday,True,False,False,Yangon International Airport,RGN
Wattay International Airport,VTE,2024-07-26 21:50,Kunming Changshui International Airport,KMG,2024-07-27 00:25,95,China Eastern,Business Class,1010,795,True,934,Y,Y,Y,1,10,2,32,Friday,True,False,False,Yangon International Airport,RGN
Wattay International Airport,VTE,2024-07-26 19:10,Guangzhou Baiyun International Airport,CAN,2024-07-26 22:25,135,China Southern,Business Class,935,595,True,1024,Y,Y,Y,1,10,2,32,Friday,False,False,False,Yangon International Airport,RGN
Wattay International Airport,VTE,2024-07-27 21:50,Kunming Changshui International Airport,KMG,2024-07-28 00:25,95,China Eastern,Business Class,1010,795,True,934,Y,Y,Y,1,10,2,32,Saturday,True,False,False,Yangon International Airport,RGN
Wattay International Airport,VTE,2024-07-28 21:50,Kunming Changshui International Airport,KMG,2024-07-29 00:25,95,China Eastern,Business Class,1010,795,True,934,Y,Y,Y,1,10,2,32,Sunday,True,False,False,Yangon International Airport,RGN
Wattay International Airport,VTE,2024-07-28 19:10,Guangzhou Baiyun International Airport,CAN,2024-07-28 22:25,135,China Southern,Business Class,935,595,True,1024,Y,Y,Y,1,10,2,32,Sunday,False,False,False,Yangon International Airport,RGN
Wattay International Airport,VTE,2024-07-29 21:50,Kunming Changshui International Airport,KMG,2024-07-30 00:25,95,China Eastern,Business Class,1010,795,True,934,Y,Y,Y,1,10,2,32,Monday,True,False,False,Yangon International Airport,RGN
Wattay International Airport,VTE,2024-07-30 21:50,Kunming Changshui International Airport,KMG,2024-07-31 00:25,95,China Eastern,Business Class,1010,795,True,934,Y,Y,Y,1,10,2,32,Tuesday,True,False,False,Yangon International Airport,RGN
Wattay International Airport,VTE,2024-07-31 21:50,Kunming Changshui International Airport,KMG,2024-08-01 00:25,95,China Eastern,Business Class,1010,795,True,934,Y,Y,Y,1,10,2,32,Wednesday,True,False,False,Yangon International Airport,RGN
Wattay International Airport,VTE,2024-08-02 10:40,Kunming Changshui International Airport,KMG,2024-08-02 13:15,95,China Eastern,Business Class,1680,1465,True,703,Y,Y,Y,1,10,2,32,Friday,False,False,False,Yangon International Airport,RGN
Wattay International Airport,VTE,2024-08-02 19:10,Guangzhou Baiyun International Airport,CAN,2024-08-02 22:25,135,China Southern,Business Class,935,595,True,868,Y,Y,Y,1,10,2,32,Friday,False,False,False,Yangon International Airport,RGN
Wattay International Airport,VTE,2024-08-02 21:50,Kunming Changshui International Airport,KMG,2024-08-03 00:25,95,China Eastern,Business Class,1010,795,True,1250,Y,Y,Y,1,10,2,32,Friday,True,False,False,Yangon International Airport,RGN
Wattay International Airport,VTE,2024-08-03 21:50,Kunming Changshui International Airport,KMG,2024-08-04 00:25,95,China Eastern,Business Class,1010,795,True,703,Y,Y,Y,1,10,2,32,Saturday,True,False,False,Yangon International Airport,RGN
Wattay International Airport,VTE,2024-08-04 19:10,Guangzhou Baiyun International Airport,CAN,2024-08-04 22:25,135,China Southern,Business Class,935,595,True,868,Y,Y,Y,1,10,2,32,Sunday,False,False,False,Yangon International Airport,RGN
Wattay International Airport,VTE,2024-08-05 21:50,Kunming Changshui International Airport,KMG,2024-08-06 00:25,95,China Eastern,Business Class,1010,795,True,703,Y,Y,Y,1,10,2,32,Monday,True,False,False,Yangon International Airport,RGN
Wattay International Airport,VTE,2024-08-06 21:50,Kunming Changshui International Airport,KMG,2024-08-07 00:25,95,China Eastern,Business Class,1010,795,True,703,Y,Y,Y,1,10,2,32,Tuesday,True,False,False,Yangon International Airport,RGN
Wattay International Airport,VTE,2024-08-07 21:50,Kunming Changshui International Airport,KMG,2024-08-08 00:25,95,China Eastern,Business Class,1010,795,True,703,Y,Y,Y,1,10,2,32,Wednesday,True,False,False,Yangon International Airport,RGN
Wattay International Airport,VTE,2024-08-09 21:50,Kunming Changshui International Airport,KMG,2024-08-10 00:25,95,China Eastern,Business Class,1010,795,True,703,Y,Y,Y,1,10,2,32,Friday,True,False,False,Yangon International Airport,RGN
Wattay International Airport,VTE,2024-08-09 19:10,Guangzhou Baiyun International Airport,CAN,2024-08-09 22:25,135,China Southern,Business Class,935,595,True,868,Y,Y,Y,1,10,2,32,Friday,False,False,False,Yangon International Airport,RGN
Wattay International Airport,VTE,2024-08-10 21:50,Kunming Changshui International Airport,KMG,2024-08-11 00:25,95,China Eastern,Business Class,1010,795,True,703,Y,Y,Y,1,10,2,32,Saturday,True,False,False,Yangon International Airport,RGN
Wattay International Airport,VTE,2024-08-11 19:10,Guangzhou Baiyun International Airport,CAN,2024-08-11 22:25,135,China Southern,Business Class,935,595,True,868,Y,Y,Y,1,10,2,32,Sunday,False,False,False,Yangon International Airport,RGN
Wattay International Airport,VTE,2024-08-12 21:50,Kunming Changshui International Airport,KMG,2024-08-13 00:25,95,China Eastern,Business Class,1010,795,True,703,Y,Y,Y,1,10,2,32,Monday,True,False,False,Yangon International Airport,RGN
Wattay International Airport,VTE,2024-08-13 21:50,Kunming Changshui International Airport,KMG,2024-08-14 00:25,95,China Eastern,Business Class,1010,795,True,703,Y,Y,Y,1,10,2,32,Tuesday,True,False,False,Yangon International Airport,RGN
Wattay International Airport,VTE,2024-08-14 21:50,Kunming Changshui International Airport,KMG,2024-08-15 00:25,95,China Eastern,Business Class,1010,795,True,703,Y,Y,Y,1,10,2,32,Wednesday,True,False,False,Yangon International Airport,RGN
Wattay International Airport,VTE,2024-08-16 21:50,Kunming Changshui International Airport,KMG,2024-08-17 00:25,95,China Eastern,Business Class,1010,795,True,703,Y,Y,Y,1,10,2,32,Friday,True,False,False,Yangon International Airport,RGN
Wattay International Airport,VTE,2024-08-16 19:10,Guangzhou Baiyun International Airport,CAN,2024-08-16 22:25,135,China Southern,Business Class,935,595,True,868,Y,Y,Y,1,10,2,32,Friday,False,False,False,Yangon International Airport,RGN
Wattay International Airport,VTE,2024-08-17 21:50,Kunming Changshui International Airport,KMG,2024-08-18 00:25,95,China Eastern,Business Class,1010,795,True,703,Y,Y,Y,1,10,2,32,Saturday,True,False,False,Yangon International Airport,RGN
Wattay International Airport,VTE,2024-08-18 19:10,Guangzhou Baiyun International Airport,CAN,2024-08-18 22:25,135,China Southern,Business Class,935,595,True,868,Y,Y,Y,1,10,2,32,Sunday,False,False,False,Yangon International Airport,RGN
Wattay International Airport,VTE,2024-08-19 21:50,Kunming Changshui International Airport,KMG,2024-08-20 00:25,95,China Eastern,Business Class,1010,795,True,703,Y,Y,Y,1,10,2,32,Monday,True,False,False,Yangon International Airport,RGN
Wattay International Airport,VTE,2024-08-20 21:50,Kunming Changshui International Airport,KMG,2024-08-21 00:25,95,China Eastern,Business Class,1010,795,True,703,Y,Y,Y,1,10,2,32,Tuesday,True,False,False,Yangon International Airport,RGN
Wattay International Airport,VTE,2024-08-21 21:50,Kunming Changshui International Airport,KMG,2024-08-22 00:25,95,China Eastern,Business Class,1010,795,True,703,Y,Y,Y,1,10,2,32,Wednesday,True,False,False,Yangon International Airport,RGN
Wattay International Airport,VTE,2024-08-23 21:50,Kunming Changshui International Airport,KMG,2024-08-24 00:25,95,China Eastern,Business Class,1010,795,True,703,Y,Y,Y,1,10,2,32,Friday,True,False,False,Yangon International Airport,RGN
Wattay International Airport,VTE,2024-08-23 19:10,Guangzhou Baiyun International Airport,CAN,2024-08-23 22:25,135,China Southern,Business Class,935,595,True,868,Y,Y,Y,1,10,2,32,Friday,False,False,False,Yangon International Airport,RGN
Wattay International Airport,VTE,2024-08-24 21:50,Kunming Changshui International Airport,KMG,2024-08-25 00:25,95,China Eastern,Business Class,1010,795,True,703,Y,Y,Y,1,10,2,32,Saturday,True,False,False,Yangon International Airport,RGN
Wattay International Airport,VTE,2024-08-25 21:50,Kunming Changshui International Airport,KMG,2024-08-26 00:25,95,China Eastern,Business Class,1010,795,True,703,Y,Y,Y,1,10,2,32,Sunday,True,False,False,Yangon International Airport,RGN
Wattay International Airport,VTE,2024-08-25 19:10,Guangzhou Baiyun International Airport,CAN,2024-08-25 22:25,135,China Southern,Business Class,935,595,True,868,Y,Y,Y,1,10,2,32,Sunday,False,False,False,Yangon International Airport,RGN
Wattay International Airport,VTE,2024-08-26 21:50,Kunming Changshui International Airport,KMG,2024-08-27 00:25,95,China Eastern,Business Class,1010,795,True,703,Y,Y,Y,1,10,2,32,Monday,True,False,False,Yangon International Airport,RGN
Wattay International Airport,VTE,2024-08-27 21:50,Kunming Changshui International Airport,KMG,2024-08-28 00:25,95,China Eastern,Business Class,1010,795,True,703,Y,Y,Y,1,10,2,32,Tuesday,True,False,False,Yangon International Airport,RGN
Wattay International Airport,VTE,2024-08-28 21:50,Kunming Changshui International Airport,KMG,2024-08-29 00:25,95,China Eastern,Business Class,1010,795,True,703,Y,Y,Y,1,10,2,32,Wednesday,True,False,False,Yangon International Airport,RGN
Wattay International Airport,VTE,2024-08-29 21:50,Kunming Changshui International Airport,KMG,2024-08-30 00:25,95,China Eastern,Business Class,1010,795,True,703,Y,Y,Y,1,10,2,32,Thursday,True,False,False,Yangon International Airport,RGN
Wattay International Airport,VTE,2024-08-30 21:50,Kunming Changshui International Airport,KMG,2024-08-31 00:25,95,China Eastern,Business Class,1010,795,True,703,Y,Y,Y,1,10,2,32,Friday,True,False,False,Yangon International Airport,RGN
Wattay International Airport,VTE,2024-08-30 19:10,Guangzhou Baiyun International Airport,CAN,2024-08-30 22:25,135,China Southern,Business Class,935,595,True,868,Y,Y,Y,1,10,2,32,Friday,False,False,False,Yangon International Airport,RGN
Wattay International Airport,VTE,2024-08-31 21:50,Kunming Changshui International Airport,KMG,2024-09-01 00:25,95,China Eastern,Business Class,1010,795,True,703,Y,Y,Y,1,10,2,32,Saturday,True,False,False,Yangon International Airport,RGN
