Departure Airport Name,Departure Airport ID,Departure Time,Arrival Airport Name,Arrival Airport ID,Arrival Time,Duration,Airline,Travel Class,Total Duration,Layover 1 Duration,Layover 1 Overnight,Price, Cabin Baggage, Checked Baggage,Meal Included,Cabin Baggage (Number),Cabin Baggage (kg per piece),Checked Baggage (Number),Checked Baggage (kg per piece) ,Day of Week (on flight date),Overnight Flight,Departure Country Is Holiday,Arrival Country Is Holiday,Final Arrival Airport Name,Final Arrival Airport ID
Wattay International Airport,VTE,2024-07-01 21:50,Kunming Changshui International Airport,KMG,2024-07-02 00:25,95,China Eastern,Business Class,750,415,True,1488.0,Y,Y,Y,1,10,2,32,Monday,True,False,False,Singapore Changi Airport,SIN
Wattay International Airport,VTE,2024-07-01 23:20,Shanghai Pudong International Airport,PVG,2024-07-02 04:30,250,China Eastern,Business Class,1745,1160,True,1224.0,Y,Y,Y,1,10,2,32,Monday,True,False,False,Singapore Changi Airport,SIN
Wattay International Airport,VTE,2024-07-01 23:20,Shanghai Pudong International Airport,PVG,2024-07-02 04:30,250,China Eastern,Business Class,1015,410,True,2003.0,Y,Y,Y,1,10,2,32,Monday,True,False,False,Singapore Changi Airport,SIN
Wattay International Airport,VTE,2024-07-01 23:20,Shanghai Pudong International Airport,PVG,2024-07-02 04:30,250,China Eastern,Business Class,915,340,True,3047.0,Y,Y,Y,1,10,2,32,Monday,True,False,False,Singapore Changi Airport,SIN
Wattay International Airport,VTE,2024-07-01 20:00,Noi Bai International Airport,HAN,2024-07-01 21:25,85,Vietnam Airlines,Business Class,895,610,True,,Y,Y,Y,2,10,1,32,Monday,False,False,False,Singapore Changi Airport,SIN
Wattay International Airport,VTE,2024-07-02 23:20,Shanghai Pudong International Airport,PVG,2024-07-03 04:30,250,China Eastern,Business Class,1190,610,True,1224.0,Y,Y,Y,1,10,2,32,Tuesday,True,False,False,Singapore Changi Airport,SIN
Wattay International Airport,VTE,2024-07-02 21:50,Kunming Changshui International Airport,KMG,2024-07-03 00:25,95,China Eastern,Business Class,750,415,True,1410.0,Y,Y,Y,1,10,2,32,Tuesday,True,False,False,Singapore Changi Airport,SIN
Wattay International Airport,VTE,2024-07-02 23:20,Shanghai Pudong International Airport,PVG,2024-07-03 04:30,250,China Eastern,Business Class,915,340,True,1864.0,Y,Y,Y,1,10,2,32,Tuesday,True,False,False,Singapore Changi Airport,SIN
Wattay International Airport,VTE,2024-07-02 20:00,Noi Bai International Airport,HAN,2024-07-02 21:25,85,Vietnam Airlines,Business Class,895,610,True,,Y,Y,Y,2,10,1,32,Tuesday,False,False,False,Singapore Changi Airport,SIN
Wattay International Airport,VTE,2024-07-03 19:10,Guangzhou Baiyun International Airport,CAN,2024-07-03 22:25,135,China Southern,Business Class,980,595,True,1139.0,Y,Y,Y,1,10,2,32,Wednesday,False,False,False,Singapore Changi Airport,SIN
Wattay International Airport,VTE,2024-07-03 23:20,Shanghai Pudong International Airport,PVG,2024-07-04 04:30,250,China Eastern,Business Class,1015,410,True,1224.0,Y,Y,Y,1,10,2,32,Wednesday,True,False,False,Singapore Changi Airport,SIN
Wattay International Airport,VTE,2024-07-03 21:50,Kunming Changshui International Airport,KMG,2024-07-04 00:25,95,China Eastern,Business Class,770,435,True,1289.0,Y,Y,Y,1,10,2,32,Wednesday,True,False,False,Singapore Changi Airport,SIN
Wattay International Airport,VTE,2024-07-03 23:20,Shanghai Pudong International Airport,PVG,2024-07-04 04:30,250,China Eastern,Business Class,915,340,True,1743.0,Y,Y,Y,1,10,2,32,Wednesday,True,False,False,Singapore Changi Airport,SIN
Wattay International Airport,VTE,2024-07-03 20:00,Noi Bai International Airport,HAN,2024-07-03 21:25,85,Vietnam Airlines,Business Class,895,610,True,,Y,Y,Y,2,10,1,32,Wednesday,False,False,False,Singapore Changi Airport,SIN
Wattay International Airport,VTE,2024-07-04 21:50,Kunming Changshui International Airport,KMG,2024-07-05 00:25,95,China Eastern,Business Class,750,415,True,1289.0,Y,Y,Y,1,10,2,32,Thursday,True,False,False,Singapore Changi Airport,SIN
Wattay International Airport,VTE,2024-07-04 23:20,Shanghai Pudong International Airport,PVG,2024-07-05 04:30,250,China Eastern,Business Class,1015,410,True,1743.0,Y,Y,Y,1,10,2,32,Thursday,True,False,False,Singapore Changi Airport,SIN
Wattay International Airport,VTE,2024-07-04 23:20,Shanghai Pudong International Airport,PVG,2024-07-05 04:30,250,China Eastern,Business Class,915,340,True,2230.0,Y,Y,Y,1,10,2,32,Thursday,True,False,False,Singapore Changi Airport,SIN
Wattay International Airport,VTE,2024-07-04 20:00,Noi Bai International Airport,HAN,2024-07-04 21:25,85,Vietnam Airlines,Business Class,895,610,True,,Y,Y,Y,2,10,1,32,Thursday,False,False,False,Singapore Changi Airport,SIN
Wattay International Airport,VTE,2024-07-05 21:50,Kunming Changshui International Airport,KMG,2024-07-06 00:25,95,China Eastern,Business Class,770,435,True,1289.0,Y,Y,Y,1,10,2,32,Friday,True,False,False,Singapore Changi Airport,SIN
Wattay International Airport,VTE,2024-07-05 19:10,Guangzhou Baiyun International Airport,CAN,2024-07-05 22:25,135,China Southern,Business Class,1855,1490,True,1139.0,Y,Y,Y,1,10,2,32,Friday,False,False,False,Singapore Changi Airport,SIN
Wattay International Airport,VTE,2024-07-05 23:20,Shanghai Pudong International Airport,PVG,2024-07-06 04:30,250,China Eastern,Business Class,1015,410,True,1224.0,Y,Y,Y,1,10,2,32,Friday,True,False,False,Singapore Changi Airport,SIN
Wattay International Airport,VTE,2024-07-05 19:10,Guangzhou Baiyun International Airport,CAN,2024-07-05 22:25,135,China Southern,Business Class,1240,860,True,1526.0,Y,Y,Y,1,10,2,32,Friday,False,False,False,Singapore Changi Airport,SIN
Wattay International Airport,VTE,2024-07-05 19:10,Guangzhou Baiyun International Airport,CAN,2024-07-05 22:25,135,China Southern,Business Class,980,595,True,1858.0,Y,Y,Y,1,10,2,32,Friday,False,False,False,Singapore Changi Airport,SIN
Wattay International Airport,VTE,2024-07-06 21:50,Kunming Changshui International Airport,KMG,2024-07-07 00:25,95,China Eastern,Business Class,750,415,True,1289.0,Y,Y,Y,1,10,2,32,Saturday,True,False,False,Singapore Changi Airport,SIN
Wattay International Airport,VTE,2024-07-06 23:20,Shanghai Pudong International Airport,PVG,2024-07-07 04:30,250,China Eastern,Business Class,1295,720,True,1224.0,Y,Y,Y,1,10,2,32,Saturday,True,False,False,Singapore Changi Airport,SIN
Wattay International Airport,VTE,2024-07-06 23:20,Shanghai Pudong International Airport,PVG,2024-07-07 04:30,250,China Eastern,Business Class,1015,410,True,1743.0,Y,Y,Y,1,10,2,32,Saturday,True,False,False,Singapore Changi Airport,SIN
Wattay International Airport,VTE,2024-07-06 23:20,Shanghai Pudong International Airport,PVG,2024-07-07 04:30,250,China Eastern,Business Class,915,340,True,4039.0,Y,Y,Y,1,10,2,32,Saturday,True,False,False,Singapore Changi Airport,SIN
Wattay International Airport,VTE,2024-07-06 20:00,Noi Bai International Airport,HAN,2024-07-06 21:25,85,Vietnam Airlines,Business Class,895,610,True,,Y,Y,Y,2,10,1,32,Saturday,False,False,False,Singapore Changi Airport,SIN
Wattay International Airport,VTE,2024-07-07 21:50,Kunming Changshui International Airport,KMG,2024-07-08 00:25,95,China Eastern,Business Class,760,435,True,1289.0,Y,Y,Y,1,10,2,32,Sunday,True,False,False,Singapore Changi Airport,SIN
Wattay International Airport,VTE,2024-07-07 19:10,Guangzhou Baiyun International Airport,CAN,2024-07-07 22:25,135,China Southern,Business Class,1240,860,True,1139.0,Y,Y,Y,1,10,2,32,Sunday,False,False,False,Singapore Changi Airport,SIN
Wattay International Airport,VTE,2024-07-07 23:20,Shanghai Pudong International Airport,PVG,2024-07-08 04:30,250,China Eastern,Business Class,1295,720,True,1224.0,Y,Y,Y,1,10,2,32,Sunday,True,False,False,Singapore Changi Airport,SIN
Wattay International Airport,VTE,2024-07-07 19:10,Guangzhou Baiyun International Airport,CAN,2024-07-07 22:25,135,China Southern,Business Class,980,595,True,1526.0,Y,Y,Y,1,10,2,32,Sunday,False,False,False,Singapore Changi Airport,SIN
Wattay International Airport,VTE,2024-07-07 23:20,Shanghai Pudong International Airport,PVG,2024-07-08 04:30,250,China Eastern,Business Class,915,340,True,1743.0,Y,Y,Y,1,10,2,32,Sunday,True,False,False,Singapore Changi Airport,SIN
Wattay International Airport,VTE,2024-07-07 20:00,Noi Bai International Airport,HAN,2024-07-07 21:25,85,Vietnam Airlines,Business Class,895,610,True,,Y,Y,Y,2,10,1,32,Sunday,False,False,False,Singapore Changi Airport,SIN
Wattay International Airport,VTE,2024-07-08 21:50,Kunming Changshui International Airport,KMG,2024-07-09 00:25,95,China Eastern,Business Class,750,415,True,1183.0,Y,Y,Y,1,10,2,32,Monday,True,False,False,Singapore Changi Airport,SIN
Wattay International Airport,VTE,2024-07-08 23:20,Shanghai Pudong International Airport,PVG,2024-07-09 04:30,250,China Eastern,Business Class,1190,610,True,1273.0,Y,Y,Y,1,10,2,32,Monday,True,False,False,Singapore Changi Airport,SIN
Wattay International Airport,VTE,2024-07-08 23:20,Shanghai Pudong International Airport,PVG,2024-07-09 04:30,250,China Eastern,Business Class,915,340,True,1743.0,Y,Y,Y,1,10,2,32,Monday,True,False,False,Singapore Changi Airport,SIN
Wattay International Airport,VTE,2024-07-08 20:00,Noi Bai International Airport,HAN,2024-07-08 21:25,85,Vietnam Airlines,Business Class,895,610,True,,Y,Y,Y,2,10,1,32,Monday,False,False,False,Singapore Changi Airport,SIN
Wattay International Airport,VTE,2024-07-09 21:50,Kunming Changshui International Airport,KMG,2024-07-10 00:25,95,China Eastern,Business Class,750,415,True,1183.0,Y,Y,Y,1,10,2,32,Tuesday,True,False,False,Singapore Changi Airport,SIN
Wattay International Airport,VTE,2024-07-09 23:20,Shanghai Pudong International Airport,PVG,2024-07-10 04:30,250,China Eastern,Business Class,1015,410,True,1273.0,Y,Y,Y,1,10,2,32,Tuesday,True,False,False,Singapore Changi Airport,SIN
Wattay International Airport,VTE,2024-07-09 23:20,Shanghai Pudong International Airport,PVG,2024-07-10 04:30,250,China Eastern,Business Class,915,340,True,1743.0,Y,Y,Y,1,10,2,32,Tuesday,True,False,False,Singapore Changi Airport,SIN
Wattay International Airport,VTE,2024-07-09 20:00,Noi Bai International Airport,HAN,2024-07-09 21:25,85,Vietnam Airlines,Business Class,895,610,True,,Y,Y,Y,2,10,1,32,Tuesday,False,False,False,Singapore Changi Airport,SIN
Wattay International Airport,VTE,2024-07-10 19:10,Guangzhou Baiyun International Airport,CAN,2024-07-10 22:25,135,China Southern,Business Class,980,595,True,1139.0,Y,Y,Y,1,10,2,32,Wednesday,False,False,False,Singapore Changi Airport,SIN
Wattay International Airport,VTE,2024-07-10 21:50,Kunming Changshui International Airport,KMG,2024-07-11 00:25,95,China Eastern,Business Class,770,435,True,1183.0,Y,Y,Y,1,10,2,32,Wednesday,True,False,False,Singapore Changi Airport,SIN
Wattay International Airport,VTE,2024-07-10 23:20,Shanghai Pudong International Airport,PVG,2024-07-11 04:30,250,China Eastern,Business Class,1190,610,True,1273.0,Y,Y,Y,1,10,2,32,Wednesday,True,False,False,Singapore Changi Airport,SIN
Wattay International Airport,VTE,2024-07-10 23:20,Shanghai Pudong International Airport,PVG,2024-07-11 04:30,250,China Eastern,Business Class,915,340,True,1743.0,Y,Y,Y,1,10,2,32,Wednesday,True,False,False,Singapore Changi Airport,SIN
Wattay International Airport,VTE,2024-07-10 20:00,Noi Bai International Airport,HAN,2024-07-10 21:25,85,Vietnam Airlines,Business Class,895,610,True,,Y,Y,Y,2,10,1,32,Wednesday,False,False,False,Singapore Changi Airport,SIN
Wattay International Airport,VTE,2024-07-11 21:50,Kunming Changshui International Airport,KMG,2024-07-12 00:25,95,China Eastern,Business Class,750,415,True,1183.0,Y,Y,Y,1,10,2,32,Thursday,True,False,False,Singapore Changi Airport,SIN
Wattay International Airport,VTE,2024-07-11 23:20,Shanghai Pudong International Airport,PVG,2024-07-12 04:30,250,China Eastern,Business Class,915,340,True,1273.0,Y,Y,Y,1,10,2,32,Thursday,True,False,False,Singapore Changi Airport,SIN
Wattay International Airport,VTE,2024-07-11 20:00,Noi Bai International Airport,HAN,2024-07-11 21:25,85,Vietnam Airlines,Business Class,895,610,True,,Y,Y,Y,2,10,1,32,Thursday,False,False,False,Singapore Changi Airport,SIN
Wattay International Airport,VTE,2024-07-12 21:50,Kunming Changshui International Airport,KMG,2024-07-13 00:25,95,China Eastern,Business Class,770,435,True,1289.0,Y,Y,Y,1,10,2,32,Friday,True,False,False,Singapore Changi Airport,SIN
Wattay International Airport,VTE,2024-07-12 23:20,Shanghai Pudong International Airport,PVG,2024-07-13 04:30,250,China Eastern,Business Class,1745,1160,True,1273.0,Y,Y,Y,1,10,2,32,Friday,True,False,False,Singapore Changi Airport,SIN
Wattay International Airport,VTE,2024-07-12 19:10,Guangzhou Baiyun International Airport,CAN,2024-07-12 22:25,135,China Southern,Business Class,980,595,True,1526.0,Y,Y,Y,1,10,2,32,Friday,False,False,False,Singapore Changi Airport,SIN
Wattay International Airport,VTE,2024-07-12 23:20,Shanghai Pudong International Airport,PVG,2024-07-13 04:30,250,China Eastern,Business Class,915,340,True,1743.0,Y,Y,Y,1,10,2,32,Friday,True,False,False,Singapore Changi Airport,SIN
Wattay International Airport,VTE,2024-07-12 20:00,Noi Bai International Airport,HAN,2024-07-12 21:25,85,Vietnam Airlines,Business Class,895,610,True,,Y,Y,Y,2,10,1,32,Friday,False,False,False,Singapore Changi Airport,SIN
Wattay International Airport,VTE,2024-07-13 21:50,Kunming Changshui International Airport,KMG,2024-07-14 00:25,95,China Eastern,Business Class,750,415,True,1289.0,Y,Y,Y,1,10,2,32,Saturday,True,False,False,Singapore Changi Airport,SIN
Wattay International Airport,VTE,2024-07-13 23:20,Shanghai Pudong International Airport,PVG,2024-07-14 04:30,250,China Eastern,Business Class,1745,1160,True,1273.0,Y,Y,Y,1,10,2,32,Saturday,True,False,False,Singapore Changi Airport,SIN
Wattay International Airport,VTE,2024-07-13 23:20,Shanghai Pudong International Airport,PVG,2024-07-14 04:30,250,China Eastern,Business Class,1190,610,True,1743.0,Y,Y,Y,1,10,2,32,Saturday,True,False,False,Singapore Changi Airport,SIN
Wattay International Airport,VTE,2024-07-13 23:20,Shanghai Pudong International Airport,PVG,2024-07-14 04:30,250,China Eastern,Business Class,915,340,True,2230.0,Y,Y,Y,1,10,2,32,Saturday,True,False,False,Singapore Changi Airport,SIN
Wattay International Airport,VTE,2024-07-13 20:00,Noi Bai International Airport,HAN,2024-07-13 21:25,85,Vietnam Airlines,Business Class,895,610,True,,Y,Y,Y,2,10,1,32,Saturday,False,False,False,Singapore Changi Airport,SIN
Wattay International Airport,VTE,2024-07-14 21:50,Kunming Changshui International Airport,KMG,2024-07-15 00:25,95,China Eastern,Business Class,760,435,True,1289.0,Y,Y,Y,1,10,2,32,Sunday,True,False,False,Singapore Changi Airport,SIN
Wattay International Airport,VTE,2024-07-14 19:10,Guangzhou Baiyun International Airport,CAN,2024-07-14 22:25,135,China Southern,Business Class,980,595,True,1526.0,Y,Y,Y,1,10,2,32,Sunday,False,False,False,Singapore Changi Airport,SIN
Wattay International Airport,VTE,2024-07-14 19:10,Guangzhou Baiyun International Airport,CAN,2024-07-14 22:25,135,China Southern,Business Class,1600,1225,True,1139.0,Y,Y,Y,1,10,2,32,Sunday,False,False,False,Singapore Changi Airport,SIN
Wattay International Airport,VTE,2024-07-14 23:20,Shanghai Pudong International Airport,PVG,2024-07-15 04:30,250,China Eastern,Business Class,1015,410,True,1273.0,Y,Y,Y,1,10,2,32,Sunday,True,False,False,Singapore Changi Airport,SIN
Wattay International Airport,VTE,2024-07-14 23:20,Shanghai Pudong International Airport,PVG,2024-07-15 04:30,250,China Eastern,Business Class,915,340,True,1743.0,Y,Y,Y,1,10,2,32,Sunday,True,False,False,Singapore Changi Airport,SIN
Wattay International Airport,VTE,2024-07-14 20:00,Noi Bai International Airport,HAN,2024-07-14 21:25,85,Vietnam Airlines,Business Class,895,610,True,,Y,Y,Y,2,10,1,32,Sunday,False,False,False,Singapore Changi Airport,SIN
Wattay International Airport,VTE,2024-07-15 23:20,Shanghai Pudong International Airport,PVG,2024-07-16 04:30,250,China Eastern,Business Class,915,340,True,1273.0,Y,Y,Y,1,10,2,32,Monday,True,False,False,Singapore Changi Airport,SIN
Wattay International Airport,VTE,2024-07-15 21:50,Kunming Changshui International Airport,KMG,2024-07-16 00:25,95,China Eastern,Business Class,750,415,True,1289.0,Y,Y,Y,1,10,2,32,Monday,True,False,False,Singapore Changi Airport,SIN
Wattay International Airport,VTE,2024-07-15 20:00,Noi Bai International Airport,HAN,2024-07-15 21:25,85,Vietnam Airlines,Business Class,895,610,True,,Y,Y,Y,2,10,1,32,Monday,False,False,False,Singapore Changi Airport,SIN
Wattay International Airport,VTE,2024-07-16 21:50,Kunming Changshui International Airport,KMG,2024-07-17 00:25,95,China Eastern,Business Class,750,415,True,1183.0,Y,Y,Y,1,10,2,32,Tuesday,True,False,False,Singapore Changi Airport,SIN
Wattay International Airport,VTE,2024-07-16 23:20,Shanghai Pudong International Airport,PVG,2024-07-17 04:30,250,China Eastern,Business Class,915,340,True,1273.0,Y,Y,Y,1,10,2,32,Tuesday,True,False,False,Singapore Changi Airport,SIN
Wattay International Airport,VTE,2024-07-16 20:00,Noi Bai International Airport,HAN,2024-07-16 21:25,85,Vietnam Airlines,Business Class,895,610,True,,Y,Y,Y,2,10,1,32,Tuesday,False,False,False,Singapore Changi Airport,SIN
Wattay International Airport,VTE,2024-07-17 19:10,Guangzhou Baiyun International Airport,CAN,2024-07-17 22:25,135,China Southern,Business Class,980,595,True,1139.0,Y,Y,Y,1,10,2,32,Wednesday,False,False,False,Singapore Changi Airport,SIN
Wattay International Airport,VTE,2024-07-17 21:50,Kunming Changshui International Airport,KMG,2024-07-18 00:25,95,China Eastern,Business Class,770,435,True,1183.0,Y,Y,Y,1,10,2,32,Wednesday,True,False,False,Singapore Changi Airport,SIN
Wattay International Airport,VTE,2024-07-17 23:20,Shanghai Pudong International Airport,PVG,2024-07-18 04:30,250,China Eastern,Business Class,915,340,True,1273.0,Y,Y,Y,1,10,2,32,Wednesday,True,False,False,Singapore Changi Airport,SIN
Wattay International Airport,VTE,2024-07-17 20:00,Noi Bai International Airport,HAN,2024-07-17 21:25,85,Vietnam Airlines,Business Class,895,610,True,,Y,Y,Y,2,10,1,32,Wednesday,False,False,False,Singapore Changi Airport,SIN
Wattay International Airport,VTE,2024-07-18 21:50,Kunming Changshui International Airport,KMG,2024-07-19 00:25,95,China Eastern,Business Class,750,415,True,1183.0,Y,Y,Y,1,10,2,32,Thursday,True,False,False,Singapore Changi Airport,SIN
Wattay International Airport,VTE,2024-07-18 23:20,Shanghai Pudong International Airport,PVG,2024-07-19 04:30,250,China Eastern,Business Class,1015,410,True,1273.0,Y,Y,Y,1,10,2,32,Thursday,True,False,False,Singapore Changi Airport,SIN
Wattay International Airport,VTE,2024-07-18 23:20,Shanghai Pudong International Airport,PVG,2024-07-19 04:30,250,China Eastern,Business Class,915,340,True,1743.0,Y,Y,Y,1,10,2,32,Thursday,True,False,False,Singapore Changi Airport,SIN
Wattay International Airport,VTE,2024-07-18 20:00,Noi Bai International Airport,HAN,2024-07-18 21:25,85,Vietnam Airlines,Business Class,895,610,True,,Y,Y,Y,2,10,1,32,Thursday,False,False,False,Singapore Changi Airport,SIN
Wattay International Airport,VTE,2024-07-19 21:50,Kunming Changshui International Airport,KMG,2024-07-20 00:25,95,China Eastern,Business Class,770,435,True,1183.0,Y,Y,Y,1,10,2,32,Friday,True,False,False,Singapore Changi Airport,SIN
Wattay International Airport,VTE,2024-07-19 19:10,Guangzhou Baiyun International Airport,CAN,2024-07-19 22:25,135,China Southern,Business Class,980,595,True,1858.0,Y,Y,Y,1,10,2,32,Friday,False,False,False,Singapore Changi Airport,SIN
Wattay International Airport,VTE,2024-07-19 23:20,Shanghai Pudong International Airport,PVG,2024-07-20 04:30,250,China Eastern,Business Class,1295,720,True,1273.0,Y,Y,Y,1,10,2,32,Friday,True,False,False,Singapore Changi Airport,SIN
Wattay International Airport,VTE,2024-07-19 23:20,Shanghai Pudong International Airport,PVG,2024-07-20 04:30,250,China Eastern,Business Class,915,340,True,1743.0,Y,Y,Y,1,10,2,32,Friday,True,False,False,Singapore Changi Airport,SIN
Wattay International Airport,VTE,2024-07-19 20:00,Noi Bai International Airport,HAN,2024-07-19 21:25,85,Vietnam Airlines,Business Class,895,610,True,,Y,Y,Y,2,10,1,32,Friday,False,False,False,Singapore Changi Airport,SIN
Wattay International Airport,VTE,2024-07-20 21:50,Kunming Changshui International Airport,KMG,2024-07-21 00:25,95,China Eastern,Business Class,750,415,True,1183.0,Y,Y,Y,1,10,2,32,Saturday,True,True,False,Singapore Changi Airport,SIN
Wattay International Airport,VTE,2024-07-20 23:20,Shanghai Pudong International Airport,PVG,2024-07-21 04:30,250,China Eastern,Business Class,1015,410,True,1273.0,Y,Y,Y,1,10,2,32,Saturday,True,True,False,Singapore Changi Airport,SIN
Wattay International Airport,VTE,2024-07-20 23:20,Shanghai Pudong International Airport,PVG,2024-07-21 04:30,250,China Eastern,Business Class,915,340,True,1743.0,Y,Y,Y,1,10,2,32,Saturday,True,True,False,Singapore Changi Airport,SIN
Wattay International Airport,VTE,2024-07-20 20:00,Noi Bai International Airport,HAN,2024-07-20 21:25,85,Vietnam Airlines,Business Class,895,610,True,,Y,Y,Y,2,10,1,32,Saturday,False,True,False,Singapore Changi Airport,SIN
Wattay International Airport,VTE,2024-07-21 21:50,Kunming Changshui International Airport,KMG,2024-07-22 00:25,95,China Eastern,Business Class,760,435,True,1183.0,Y,Y,Y,1,10,2,32,Sunday,True,False,False,Singapore Changi Airport,SIN
Wattay International Airport,VTE,2024-07-21 19:10,Guangzhou Baiyun International Airport,CAN,2024-07-21 22:25,135,China Southern,Business Class,1240,860,True,1139.0,Y,Y,Y,1,10,2,32,Sunday,False,False,False,Singapore Changi Airport,SIN
Wattay International Airport,VTE,2024-07-21 23:20,Shanghai Pudong International Airport,PVG,2024-07-22 04:30,250,China Eastern,Business Class,915,340,True,1273.0,Y,Y,Y,1,10,2,32,Sunday,True,False,False,Singapore Changi Airport,SIN
Wattay International Airport,VTE,2024-07-21 19:10,Guangzhou Baiyun International Airport,CAN,2024-07-21 22:25,135,China Southern,Business Class,980,595,True,1526.0,Y,Y,Y,1,10,2,32,Sunday,False,False,False,Singapore Changi Airport,SIN
Wattay International Airport,VTE,2024-07-21 20:00,Noi Bai International Airport,HAN,2024-07-21 21:25,85,Vietnam Airlines,Business Class,895,610,True,,Y,Y,Y,2,10,1,32,Sunday,False,False,False,Singapore Changi Airport,SIN
Wattay International Airport,VTE,2024-07-22 21:50,Kunming Changshui International Airport,KMG,2024-07-23 00:25,95,China Eastern,Business Class,750,415,True,1183.0,Y,Y,Y,1,10,2,32,Monday,True,False,False,Singapore Changi Airport,SIN
Wattay International Airport,VTE,2024-07-22 23:20,Shanghai Pudong International Airport,PVG,2024-07-23 04:30,250,China Eastern,Business Class,915,340,True,1273.0,Y,Y,Y,1,10,2,32,Monday,True,False,False,Singapore Changi Airport,SIN
Wattay International Airport,VTE,2024-07-22 20:00,Noi Bai International Airport,HAN,2024-07-22 21:25,85,Vietnam Airlines,Business Class,895,610,True,,Y,Y,Y,2,10,1,32,Monday,False,False,False,Singapore Changi Airport,SIN
Wattay International Airport,VTE,2024-07-23 21:50,Kunming Changshui International Airport,KMG,2024-07-24 00:25,95,China Eastern,Business Class,750,415,True,1183.0,Y,Y,Y,1,10,2,32,Tuesday,True,False,False,Singapore Changi Airport,SIN
Wattay International Airport,VTE,2024-07-23 23:20,Shanghai Pudong International Airport,PVG,2024-07-24 04:30,250,China Eastern,Business Class,915,340,True,1273.0,Y,Y,Y,1,10,2,32,Tuesday,True,False,False,Singapore Changi Airport,SIN
Wattay International Airport,VTE,2024-07-23 20:00,Noi Bai International Airport,HAN,2024-07-23 21:25,85,Vietnam Airlines,Business Class,895,610,True,,Y,Y,Y,2,10,1,32,Tuesday,False,False,False,Singapore Changi Airport,SIN
Wattay International Airport,VTE,2024-07-24 19:10,Guangzhou Baiyun International Airport,CAN,2024-07-24 22:25,135,China Southern,Business Class,980,595,True,1139.0,Y,Y,Y,1,10,2,32,Wednesday,False,False,False,Singapore Changi Airport,SIN
Wattay International Airport,VTE,2024-07-24 21:50,Kunming Changshui International Airport,KMG,2024-07-25 00:25,95,China Eastern,Business Class,770,435,True,1179.0,Y,Y,Y,1,10,2,32,Wednesday,True,False,False,Singapore Changi Airport,SIN
Wattay International Airport,VTE,2024-07-24 23:20,Shanghai Pudong International Airport,PVG,2024-07-25 04:30,250,China Eastern,Business Class,915,340,True,1273.0,Y,Y,Y,1,10,2,32,Wednesday,True,False,False,Singapore Changi Airport,SIN
Wattay International Airport,VTE,2024-07-24 20:00,Noi Bai International Airport,HAN,2024-07-24 21:25,85,Vietnam Airlines,Business Class,895,610,True,,Y,Y,Y,2,10,1,32,Wednesday,False,False,False,Singapore Changi Airport,SIN
Wattay International Airport,VTE,2024-07-25 21:50,Kunming Changshui International Airport,KMG,2024-07-26 00:25,95,China Eastern,Business Class,750,415,True,1179.0,Y,Y,Y,1,10,2,32,Thursday,True,False,False,Singapore Changi Airport,SIN
Wattay International Airport,VTE,2024-07-25 23:20,Shanghai Pudong International Airport,PVG,2024-07-26 04:30,250,China Eastern,Business Class,915,340,True,1273.0,Y,Y,Y,1,10,2,32,Thursday,True,False,False,Singapore Changi Airport,SIN
Wattay International Airport,VTE,2024-07-25 20:00,Noi Bai International Airport,HAN,2024-07-25 21:25,85,Vietnam Airlines,Business Class,895,610,True,,Y,Y,Y,2,10,1,32,Thursday,False,False,False,Singapore Changi Airport,SIN
Wattay International Airport,VTE,2024-07-26 21:50,Kunming Changshui International Airport,KMG,2024-07-27 00:25,95,China Eastern,Business Class,770,435,True,1179.0,Y,Y,Y,1,10,2,32,Friday,True,False,False,Singapore Changi Airport,SIN
Wattay International Airport,VTE,2024-07-26 19:10,Guangzhou Baiyun International Airport,CAN,2024-07-26 22:25,135,China Southern,Business Class,980,595,True,1526.0,Y,Y,Y,1,10,2,32,Friday,False,False,False,Singapore Changi Airport,SIN
Wattay International Airport,VTE,2024-07-26 19:10,Guangzhou Baiyun International Airport,CAN,2024-07-26 22:25,135,China Southern,Business Class,1240,860,True,1139.0,Y,Y,Y,1,10,2,32,Friday,False,False,False,Singapore Changi Airport,SIN
Wattay International Airport,VTE,2024-07-26 23:20,Shanghai Pudong International Airport,PVG,2024-07-27 04:30,250,China Eastern,Business Class,1015,410,True,1273.0,Y,Y,Y,1,10,2,32,Friday,True,False,False,Singapore Changi Airport,SIN
Wattay International Airport,VTE,2024-07-26 23:20,Shanghai Pudong International Airport,PVG,2024-07-27 04:30,250,China Eastern,Business Class,915,340,True,1632.0,Y,Y,Y,1,10,2,32,Friday,True,False,False,Singapore Changi Airport,SIN
Wattay International Airport,VTE,2024-07-26 20:00,Noi Bai International Airport,HAN,2024-07-26 21:25,85,Vietnam Airlines,Business Class,895,610,True,,Y,Y,Y,2,10,1,32,Friday,False,False,False,Singapore Changi Airport,SIN
Wattay International Airport,VTE,2024-07-27 21:50,Kunming Changshui International Airport,KMG,2024-07-28 00:25,95,China Eastern,Business Class,750,415,True,1179.0,Y,Y,Y,1,10,2,32,Saturday,True,False,False,Singapore Changi Airport,SIN
Wattay International Airport,VTE,2024-07-27 23:20,Shanghai Pudong International Airport,PVG,2024-07-28 04:30,250,China Eastern,Business Class,1295,720,True,1273.0,Y,Y,Y,1,10,2,32,Saturday,True,False,False,Singapore Changi Airport,SIN
Wattay International Airport,VTE,2024-07-27 23:20,Shanghai Pudong International Airport,PVG,2024-07-28 04:30,250,China Eastern,Business Class,915,340,True,1632.0,Y,Y,Y,1,10,2,32,Saturday,True,False,False,Singapore Changi Airport,SIN
Wattay International Airport,VTE,2024-07-27 20:00,Noi Bai International Airport,HAN,2024-07-27 21:25,85,Vietnam Airlines,Business Class,895,610,True,,Y,Y,Y,2,10,1,32,Saturday,False,False,False,Singapore Changi Airport,SIN
Wattay International Airport,VTE,2024-07-28 21:50,Kunming Changshui International Airport,KMG,2024-07-29 00:25,95,China Eastern,Business Class,760,435,True,1179.0,Y,Y,Y,1,10,2,32,Sunday,True,False,False,Singapore Changi Airport,SIN
Wattay International Airport,VTE,2024-07-28 19:10,Guangzhou Baiyun International Airport,CAN,2024-07-28 22:25,135,China Southern,Business Class,1240,860,True,1139.0,Y,Y,Y,1,10,2,32,Sunday,False,False,False,Singapore Changi Airport,SIN
Wattay International Airport,VTE,2024-07-28 23:20,Shanghai Pudong International Airport,PVG,2024-07-29 04:30,250,China Eastern,Business Class,1190,610,True,1273.0,Y,Y,Y,1,10,2,32,Sunday,True,False,False,Singapore Changi Airport,SIN
Wattay International Airport,VTE,2024-07-28 19:10,Guangzhou Baiyun International Airport,CAN,2024-07-28 22:25,135,China Southern,Business Class,980,595,True,1526.0,Y,Y,Y,1,10,2,32,Sunday,False,False,False,Singapore Changi Airport,SIN
Wattay International Airport,VTE,2024-07-28 23:20,Shanghai Pudong International Airport,PVG,2024-07-29 04:30,250,China Eastern,Business Class,915,340,True,1632.0,Y,Y,Y,1,10,2,32,Sunday,True,False,False,Singapore Changi Airport,SIN
Wattay International Airport,VTE,2024-07-28 20:00,Noi Bai International Airport,HAN,2024-07-28 21:25,85,Vietnam Airlines,Business Class,895,610,True,,Y,Y,Y,2,10,1,32,Sunday,False,False,False,Singapore Changi Airport,SIN
Wattay International Airport,VTE,2024-07-29 21:50,Kunming Changshui International Airport,KMG,2024-07-30 00:25,95,China Eastern,Business Class,750,415,True,1179.0,Y,Y,Y,1,10,2,32,Monday,True,False,False,Singapore Changi Airport,SIN
Wattay International Airport,VTE,2024-07-29 23:20,Shanghai Pudong International Airport,PVG,2024-07-30 04:30,250,China Eastern,Business Class,915,340,True,1273.0,Y,Y,Y,1,10,2,32,Monday,True,False,False,Singapore Changi Airport,SIN
Wattay International Airport,VTE,2024-07-29 20:00,Noi Bai International Airport,HAN,2024-07-29 21:25,85,Vietnam Airlines,Business Class,895,610,True,,Y,Y,Y,2,10,1,32,Monday,False,False,False,Singapore Changi Airport,SIN
Wattay International Airport,VTE,2024-07-30 21:50,Kunming Changshui International Airport,KMG,2024-07-31 00:25,95,China Eastern,Business Class,750,415,True,1179.0,Y,Y,Y,1,10,2,32,Tuesday,True,False,False,Singapore Changi Airport,SIN
Wattay International Airport,VTE,2024-07-30 23:20,Shanghai Pudong International Airport,PVG,2024-07-31 04:30,250,China Eastern,Business Class,915,340,True,1273.0,Y,Y,Y,1,10,2,32,Tuesday,True,False,False,Singapore Changi Airport,SIN
Wattay International Airport,VTE,2024-07-30 20:00,Noi Bai International Airport,HAN,2024-07-30 21:25,85,Vietnam Airlines,Business Class,895,610,True,,Y,Y,Y,2,10,1,32,Tuesday,False,False,False,Singapore Changi Airport,SIN
Wattay International Airport,VTE,2024-07-31 19:10,Guangzhou Baiyun International Airport,CAN,2024-07-31 22:25,135,China Southern,Business Class,980,595,True,1139.0,Y,Y,Y,1,10,2,32,Wednesday,False,False,False,Singapore Changi Airport,SIN
Wattay International Airport,VTE,2024-07-31 21:50,Kunming Changshui International Airport,KMG,2024-08-01 00:25,95,China Eastern,Business Class,770,435,True,1179.0,Y,Y,Y,1,10,2,32,Wednesday,True,False,False,Singapore Changi Airport,SIN
Wattay International Airport,VTE,2024-07-31 23:20,Shanghai Pudong International Airport,PVG,2024-08-01 04:30,250,China Eastern,Business Class,915,340,True,1273.0,Y,Y,Y,1,10,2,32,Wednesday,True,False,False,Singapore Changi Airport,SIN
Wattay International Airport,VTE,2024-07-31 20:00,Noi Bai International Airport,HAN,2024-07-31 21:25,85,Vietnam Airlines,Business Class,895,610,True,,Y,Y,Y,2,10,1,32,Wednesday,False,False,False,Singapore Changi Airport,SIN
Wattay International Airport,VTE,2024-08-01 21:50,Kunming Changshui International Airport,KMG,2024-08-02 00:25,95,China Eastern,Business Class,750,415,True,886.0,Y,Y,Y,1,10,2,32,Thursday,True,False,False,Singapore Changi Airport,SIN
Wattay International Airport,VTE,2024-08-01 23:20,Shanghai Pudong International Airport,PVG,2024-08-02 04:30,250,China Eastern,Business Class,915,340,True,2532.0,Y,Y,Y,1,10,2,32,Thursday,True,False,False,Singapore Changi Airport,SIN
Wattay International Airport,VTE,2024-08-01 20:00,Noibai International Airport,HAN,2024-08-01 21:25,85,Vietnam Airlines,Business Class,895,610,True,,Y,Y,Y,2,10,1,32,Thursday,False,False,False,Singapore Changi Airport,SIN
Wattay International Airport,VTE,2024-08-02 21:50,Kunming Changshui International Airport,KMG,2024-08-03 00:25,95,China Eastern,Business Class,770,435,True,1801.0,Y,Y,Y,1,10,2,32,Friday,True,False,False,Singapore Changi Airport,SIN
Wattay International Airport,VTE,2024-08-02 19:10,Guangzhou Baiyun International Airport,CAN,2024-08-02 22:25,135,China Southern,Business Class,980,595,True,1942.0,Y,Y,Y,1,10,2,32,Friday,False,False,False,Singapore Changi Airport,SIN
Wattay International Airport,VTE,2024-08-02 10:40,Kunming Changshui International Airport,KMG,2024-08-02 13:15,95,China Eastern,Business Class,1440,1105,True,886.0,Y,Y,Y,1,10,2,32,Friday,False,False,False,Singapore Changi Airport,SIN
Wattay International Airport,VTE,2024-08-02 19:10,Guangzhou Baiyun International Airport,CAN,2024-08-02 22:25,135,China Southern,Business Class,1600,1225,True,1072.0,Y,Y,Y,1,10,2,32,Friday,False,False,False,Singapore Changi Airport,SIN
Wattay International Airport,VTE,2024-08-02 23:20,Shanghai Pudong International Airport,PVG,2024-08-03 04:30,250,China Eastern,Business Class,1015,410,True,1393.0,Y,Y,Y,1,10,2,32,Friday,True,False,False,Singapore Changi Airport,SIN
Wattay International Airport,VTE,2024-08-02 23:20,Shanghai Pudong International Airport,PVG,2024-08-03 04:30,250,China Eastern,Business Class,915,340,True,1745.0,Y,Y,Y,1,10,2,32,Friday,True,False,False,Singapore Changi Airport,SIN
Wattay International Airport,VTE,2024-08-02 20:00,Noibai International Airport,HAN,2024-08-02 21:25,85,Vietnam Airlines,Business Class,895,610,True,,Y,Y,Y,2,10,1,32,Friday,False,False,False,Singapore Changi Airport,SIN
Wattay International Airport,VTE,2024-08-03 21:50,Kunming Changshui International Airport,KMG,2024-08-04 00:25,95,China Eastern,Business Class,750,415,True,886.0,Y,Y,Y,1,10,2,32,Saturday,True,False,False,Singapore Changi Airport,SIN
Wattay International Airport,VTE,2024-08-03 23:20,Shanghai Pudong International Airport,PVG,2024-08-04 04:30,250,China Eastern,Business Class,1295,720,True,1393.0,Y,Y,Y,1,10,2,32,Saturday,True,False,False,Singapore Changi Airport,SIN
Wattay International Airport,VTE,2024-08-03 23:20,Shanghai Pudong International Airport,PVG,2024-08-04 04:30,250,China Eastern,Business Class,915,340,True,1745.0,Y,Y,Y,1,10,2,32,Saturday,True,False,False,Singapore Changi Airport,SIN
Wattay International Airport,VTE,2024-08-03 20:00,Noibai International Airport,HAN,2024-08-03 21:25,85,Vietnam Airlines,Business Class,895,610,True,,Y,Y,Y,2,10,1,32,Saturday,False,False,False,Singapore Changi Airport,SIN
Wattay International Airport,VTE,2024-08-04 21:50,Kunming Changshui International Airport,KMG,2024-08-05 00:25,95,China Eastern,Business Class,760,435,True,886.0,Y,Y,Y,1,10,2,32,Sunday,True,False,False,Singapore Changi Airport,SIN
Wattay International Airport,VTE,2024-08-04 19:10,Guangzhou Baiyun International Airport,CAN,2024-08-04 22:25,135,China Southern,Business Class,1240,860,True,1072.0,Y,Y,Y,1,10,2,32,Sunday,False,False,False,Singapore Changi Airport,SIN
Wattay International Airport,VTE,2024-08-04 23:20,Shanghai Pudong International Airport,PVG,2024-08-05 04:30,250,China Eastern,Business Class,1295,720,True,1393.0,Y,Y,Y,1,10,2,32,Sunday,True,False,False,Singapore Changi Airport,SIN
Wattay International Airport,VTE,2024-08-04 23:20,Shanghai Pudong International Airport,PVG,2024-08-05 04:30,250,China Eastern,Business Class,915,340,True,1745.0,Y,Y,Y,1,10,2,32,Sunday,True,False,False,Singapore Changi Airport,SIN
Wattay International Airport,VTE,2024-08-04 19:10,Guangzhou Baiyun International Airport,CAN,2024-08-04 22:25,135,China Southern,Business Class,980,595,True,2317.0,Y,Y,Y,1,10,2,32,Sunday,False,False,False,Singapore Changi Airport,SIN
Wattay International Airport,VTE,2024-08-04 20:00,Noibai International Airport,HAN,2024-08-04 21:25,85,Vietnam Airlines,Business Class,895,610,True,,Y,Y,Y,2,10,1,32,Sunday,False,False,False,Singapore Changi Airport,SIN
Wattay International Airport,VTE,2024-08-05 21:50,Kunming Changshui International Airport,KMG,2024-08-06 00:25,95,China Eastern,Business Class,750,415,True,886.0,Y,Y,Y,1,10,2,32,Monday,True,False,False,Singapore Changi Airport,SIN
Wattay International Airport,VTE,2024-08-05 23:20,Shanghai Pudong International Airport,PVG,2024-08-06 04:30,250,China Eastern,Business Class,915,340,True,1670.0,Y,Y,Y,1,10,2,32,Monday,True,False,False,Singapore Changi Airport,SIN
Wattay International Airport,VTE,2024-08-05 20:00,Noibai International Airport,HAN,2024-08-05 21:25,85,Vietnam Airlines,Business Class,895,610,True,,Y,Y,Y,2,10,1,32,Monday,False,False,False,Singapore Changi Airport,SIN
Wattay International Airport,VTE,2024-08-06 21:50,Kunming Changshui International Airport,KMG,2024-08-07 00:25,95,China Eastern,Business Class,750,415,True,886.0,Y,Y,Y,1,10,2,32,Tuesday,True,False,False,Singapore Changi Airport,SIN
Wattay International Airport,VTE,2024-08-06 20:00,Noibai International Airport,HAN,2024-08-06 21:25,85,Vietnam Airlines,Business Class,895,610,True,,Y,Y,Y,2,10,1,32,Tuesday,False,False,False,Singapore Changi Airport,SIN
Wattay International Airport,VTE,2024-08-07 21:50,Kunming Changshui International Airport,KMG,2024-08-08 00:25,95,China Eastern,Business Class,770,435,True,886.0,Y,Y,Y,1,10,2,32,Wednesday,True,False,False,Singapore Changi Airport,SIN
Wattay International Airport,VTE,2024-08-07 19:10,Guangzhou Baiyun International Airport,CAN,2024-08-07 22:25,135,China Southern,Business Class,1240,860,True,1072.0,Y,Y,Y,1,10,2,32,Wednesday,False,False,False,Singapore Changi Airport,SIN
Wattay International Airport,VTE,2024-08-07 23:20,Shanghai Pudong International Airport,PVG,2024-08-08 04:30,250,China Eastern,Business Class,1015,410,True,1393.0,Y,Y,Y,1,10,2,32,Wednesday,True,False,False,Singapore Changi Airport,SIN
Wattay International Airport,VTE,2024-08-07 23:20,Shanghai Pudong International Airport,PVG,2024-08-08 04:30,250,China Eastern,Business Class,915,340,True,1745.0,Y,Y,Y,1,10,2,32,Wednesday,True,False,False,Singapore Changi Airport,SIN
Wattay International Airport,VTE,2024-08-07 19:10,Guangzhou Baiyun International Airport,CAN,2024-08-07 22:25,135,China Southern,Business Class,980,595,True,1942.0,Y,Y,Y,1,10,2,32,Wednesday,False,False,False,Singapore Changi Airport,SIN
Wattay International Airport,VTE,2024-08-07 20:00,Noibai International Airport,HAN,2024-08-07 21:25,85,Vietnam Airlines,Business Class,895,610,True,,Y,Y,Y,2,10,1,32,Wednesday,False,False,False,Singapore Changi Airport,SIN
Wattay International Airport,VTE,2024-08-08 21:50,Kunming Changshui International Airport,KMG,2024-08-09 00:25,95,China Eastern,Business Class,750,415,True,886.0,Y,Y,Y,1,10,2,32,Thursday,True,False,True,Singapore Changi Airport,SIN
Wattay International Airport,VTE,2024-08-08 23:20,Shanghai Pudong International Airport,PVG,2024-08-09 04:30,250,China Eastern,Business Class,1295,720,True,1393.0,Y,Y,Y,1,10,2,32,Thursday,True,False,True,Singapore Changi Airport,SIN
Wattay International Airport,VTE,2024-08-08 23:20,Shanghai Pudong International Airport,PVG,2024-08-09 04:30,250,China Eastern,Business Class,1015,410,True,1745.0,Y,Y,Y,1,10,2,32,Thursday,True,False,True,Singapore Changi Airport,SIN
Wattay International Airport,VTE,2024-08-08 23:20,Shanghai Pudong International Airport,PVG,2024-08-09 04:30,250,China Eastern,Business Class,915,340,True,2232.0,Y,Y,Y,1,10,2,32,Thursday,True,False,True,Singapore Changi Airport,SIN
Wattay International Airport,VTE,2024-08-08 20:00,Noibai International Airport,HAN,2024-08-08 21:25,85,Vietnam Airlines,Business Class,895,610,True,,Y,Y,Y,2,10,1,32,Thursday,False,False,False,Singapore Changi Airport,SIN
Wattay International Airport,VTE,2024-08-09 21:50,Kunming Changshui International Airport,KMG,2024-08-10 00:25,95,China Eastern,Business Class,770,435,True,886.0,Y,Y,Y,1,10,2,32,Friday,True,False,False,Singapore Changi Airport,SIN
Wattay International Airport,VTE,2024-08-09 19:10,Guangzhou Baiyun International Airport,CAN,2024-08-09 22:25,135,China Southern,Business Class,1240,860,True,1072.0,Y,Y,Y,1,10,2,32,Friday,False,False,True,Singapore Changi Airport,SIN
Wattay International Airport,VTE,2024-08-09 23:20,Shanghai Pudong International Airport,PVG,2024-08-10 04:30,250,China Eastern,Business Class,1295,720,True,1393.0,Y,Y,Y,1,10,2,32,Friday,True,False,False,Singapore Changi Airport,SIN
Wattay International Airport,VTE,2024-08-09 23:20,Shanghai Pudong International Airport,PVG,2024-08-10 04:30,250,China Eastern,Business Class,915,340,True,1745.0,Y,Y,Y,1,10,2,32,Friday,True,False,False,Singapore Changi Airport,SIN
Wattay International Airport,VTE,2024-08-09 20:00,Noibai International Airport,HAN,2024-08-09 21:25,85,Vietnam Airlines,Business Class,895,610,True,,Y,Y,Y,2,10,1,32,Friday,False,False,True,Singapore Changi Airport,SIN
Wattay International Airport,VTE,2024-08-10 21:50,Kunming Changshui International Airport,KMG,2024-08-11 00:25,95,China Eastern,Business Class,750,415,True,886.0,Y,Y,Y,1,10,2,32,Saturday,True,False,False,Singapore Changi Airport,SIN
Wattay International Airport,VTE,2024-08-10 23:20,Shanghai Pudong International Airport,PVG,2024-08-11 04:30,250,China Eastern,Business Class,1295,720,True,1393.0,Y,Y,Y,1,10,2,32,Saturday,True,False,False,Singapore Changi Airport,SIN
Wattay International Airport,VTE,2024-08-10 23:20,Shanghai Pudong International Airport,PVG,2024-08-11 04:30,250,China Eastern,Business Class,915,340,True,1745.0,Y,Y,Y,1,10,2,32,Saturday,True,False,False,Singapore Changi Airport,SIN
Wattay International Airport,VTE,2024-08-10 20:00,Noibai International Airport,HAN,2024-08-10 21:25,85,Vietnam Airlines,Business Class,895,610,True,,Y,Y,Y,2,10,1,32,Saturday,False,False,False,Singapore Changi Airport,SIN
Wattay International Airport,VTE,2024-08-11 21:50,Kunming Changshui International Airport,KMG,2024-08-12 00:25,95,China Eastern,Business Class,760,435,True,886.0,Y,Y,Y,1,10,2,32,Sunday,True,False,False,Singapore Changi Airport,SIN
Wattay International Airport,VTE,2024-08-11 19:10,Guangzhou Baiyun International Airport,CAN,2024-08-11 22:25,135,China Southern,Business Class,980,595,True,1747.0,Y,Y,Y,1,10,2,32,Sunday,False,False,False,Singapore Changi Airport,SIN
Wattay International Airport,VTE,2024-08-11 19:10,Guangzhou Baiyun International Airport,CAN,2024-08-11 22:25,135,China Southern,Business Class,1600,1225,True,1371.0,Y,Y,Y,1,10,2,32,Sunday,False,False,False,Singapore Changi Airport,SIN
Wattay International Airport,VTE,2024-08-11 23:20,Shanghai Pudong International Airport,PVG,2024-08-12 04:30,250,China Eastern,Business Class,1295,720,True,1393.0,Y,Y,Y,1,10,2,32,Sunday,True,False,False,Singapore Changi Airport,SIN
Wattay International Airport,VTE,2024-08-11 23:20,Shanghai Pudong International Airport,PVG,2024-08-12 04:30,250,China Eastern,Business Class,1015,410,True,1745.0,Y,Y,Y,1,10,2,32,Sunday,True,False,False,Singapore Changi Airport,SIN
Wattay International Airport,VTE,2024-08-11 23:20,Shanghai Pudong International Airport,PVG,2024-08-12 04:30,250,China Eastern,Business Class,915,340,True,2232.0,Y,Y,Y,1,10,2,32,Sunday,True,False,False,Singapore Changi Airport,SIN
Wattay International Airport,VTE,2024-08-11 20:00,Noibai International Airport,HAN,2024-08-11 21:25,85,Vietnam Airlines,Business Class,895,610,True,,Y,Y,Y,2,10,1,32,Sunday,False,False,False,Singapore Changi Airport,SIN
Wattay International Airport,VTE,2024-08-12 21:50,Kunming Changshui International Airport,KMG,2024-08-13 00:25,95,China Eastern,Business Class,750,415,True,886.0,Y,Y,Y,1,10,2,32,Monday,True,False,False,Singapore Changi Airport,SIN
Wattay International Airport,VTE,2024-08-12 23:20,Shanghai Pudong International Airport,PVG,2024-08-13 04:30,250,China Eastern,Business Class,1015,410,True,1393.0,Y,Y,Y,1,10,2,32,Monday,True,False,False,Singapore Changi Airport,SIN
Wattay International Airport,VTE,2024-08-12 23:20,Shanghai Pudong International Airport,PVG,2024-08-13 04:30,250,China Eastern,Business Class,915,340,True,1745.0,Y,Y,Y,1,10,2,32,Monday,True,False,False,Singapore Changi Airport,SIN
Wattay International Airport,VTE,2024-08-12 20:00,Noibai International Airport,HAN,2024-08-12 21:25,85,Vietnam Airlines,Business Class,895,610,True,,Y,Y,Y,2,10,1,32,Monday,False,False,False,Singapore Changi Airport,SIN
Wattay International Airport,VTE,2024-08-12 21:15,Haikou Meilan International Airport,HAK,2024-08-12 23:40,85,Hainan,Business Class,2205,1905,True,,Y,Y,Y,2,10,2,32,Monday,False,False,False,Singapore Changi Airport,SIN
Wattay International Airport,VTE,2024-08-13 21:50,Kunming Changshui International Airport,KMG,2024-08-14 00:25,95,China Eastern,Business Class,750,415,True,886.0,Y,Y,Y,1,10,2,32,Tuesday,True,False,False,Singapore Changi Airport,SIN
Wattay International Airport,VTE,2024-08-13 23:20,Shanghai Pudong International Airport,PVG,2024-08-14 04:30,250,China Eastern,Business Class,915,340,True,1383.0,Y,Y,Y,1,10,2,32,Tuesday,True,False,False,Singapore Changi Airport,SIN
Wattay International Airport,VTE,2024-08-13 20:00,Noibai International Airport,HAN,2024-08-13 21:25,85,Vietnam Airlines,Business Class,895,610,True,,Y,Y,Y,2,10,1,32,Tuesday,False,False,False,Singapore Changi Airport,SIN
Wattay International Airport,VTE,2024-08-14 21:50,Kunming Changshui International Airport,KMG,2024-08-15 00:25,95,China Eastern,Business Class,770,435,True,886.0,Y,Y,Y,1,10,2,32,Wednesday,True,False,False,Singapore Changi Airport,SIN
Wattay International Airport,VTE,2024-08-14 19:10,Guangzhou Baiyun International Airport,CAN,2024-08-14 22:25,135,China Southern,Business Class,980,595,True,1371.0,Y,Y,Y,1,10,2,32,Wednesday,False,False,False,Singapore Changi Airport,SIN
Wattay International Airport,VTE,2024-08-14 19:10,Guangzhou Baiyun International Airport,CAN,2024-08-14 22:25,135,China Southern,Business Class,1600,1225,True,1072.0,Y,Y,Y,1,10,2,32,Wednesday,False,False,False,Singapore Changi Airport,SIN
Wattay International Airport,VTE,2024-08-14 23:20,Shanghai Pudong International Airport,PVG,2024-08-15 04:30,250,China Eastern,Business Class,915,340,True,1383.0,Y,Y,Y,1,10,2,32,Wednesday,True,False,False,Singapore Changi Airport,SIN
Wattay International Airport,VTE,2024-08-14 20:00,Noibai International Airport,HAN,2024-08-14 21:25,85,Vietnam Airlines,Business Class,895,610,True,,Y,Y,Y,2,10,1,32,Wednesday,False,False,False,Singapore Changi Airport,SIN
Wattay International Airport,VTE,2024-08-15 21:50,Kunming Changshui International Airport,KMG,2024-08-16 00:25,95,China Eastern,Business Class,750,415,True,886.0,Y,Y,Y,1,10,2,32,Thursday,True,False,False,Singapore Changi Airport,SIN
Wattay International Airport,VTE,2024-08-15 23:20,Shanghai Pudong International Airport,PVG,2024-08-16 04:30,250,China Eastern,Business Class,1015,410,True,1383.0,Y,Y,Y,1,10,2,32,Thursday,True,False,False,Singapore Changi Airport,SIN
Wattay International Airport,VTE,2024-08-15 23:20,Shanghai Pudong International Airport,PVG,2024-08-16 04:30,250,China Eastern,Business Class,915,340,True,2232.0,Y,Y,Y,1,10,2,32,Thursday,True,False,False,Singapore Changi Airport,SIN
Wattay International Airport,VTE,2024-08-15 20:00,Noibai International Airport,HAN,2024-08-15 21:25,85,Vietnam Airlines,Business Class,895,610,True,,Y,Y,Y,2,10,1,32,Thursday,False,False,False,Singapore Changi Airport,SIN
Wattay International Airport,VTE,2024-08-16 21:50,Kunming Changshui International Airport,KMG,2024-08-17 00:25,95,China Eastern,Business Class,770,435,True,886.0,Y,Y,Y,1,10,2,32,Friday,True,False,False,Singapore Changi Airport,SIN
Wattay International Airport,VTE,2024-08-16 19:10,Guangzhou Baiyun International Airport,CAN,2024-08-16 22:25,135,China Southern,Business Class,980,595,True,1371.0,Y,Y,Y,1,10,2,32,Friday,False,False,False,Singapore Changi Airport,SIN
Wattay International Airport,VTE,2024-08-16 23:20,Shanghai Pudong International Airport,PVG,2024-08-17 04:30,250,China Eastern,Business Class,915,340,True,1383.0,Y,Y,Y,1,10,2,32,Friday,True,False,False,Singapore Changi Airport,SIN
Wattay International Airport,VTE,2024-08-16 20:00,Noibai International Airport,HAN,2024-08-16 21:25,85,Vietnam Airlines,Business Class,895,610,True,,Y,Y,Y,2,10,1,32,Friday,False,False,False,Singapore Changi Airport,SIN
Wattay International Airport,VTE,2024-08-17 21:50,Kunming Changshui International Airport,KMG,2024-08-18 00:25,95,China Eastern,Business Class,750,415,True,886.0,Y,Y,Y,1,10,2,32,Saturday,True,False,False,Singapore Changi Airport,SIN
Wattay International Airport,VTE,2024-08-17 23:20,Shanghai Pudong International Airport,PVG,2024-08-18 04:30,250,China Eastern,Business Class,1190,610,True,1272.0,Y,Y,Y,1,10,2,32,Saturday,True,False,False,Singapore Changi Airport,SIN
Wattay International Airport,VTE,2024-08-17 23:20,Shanghai Pudong International Airport,PVG,2024-08-18 04:30,250,China Eastern,Business Class,915,340,True,1564.0,Y,Y,Y,1,10,2,32,Saturday,True,False,False,Singapore Changi Airport,SIN
Wattay International Airport,VTE,2024-08-17 20:00,Noibai International Airport,HAN,2024-08-17 21:25,85,Vietnam Airlines,Business Class,895,610,True,,Y,Y,Y,2,10,1,32,Saturday,False,False,False,Singapore Changi Airport,SIN
Wattay International Airport,VTE,2024-08-18 21:50,Kunming Changshui International Airport,KMG,2024-08-19 00:25,95,China Eastern,Business Class,760,435,True,886.0,Y,Y,Y,1,10,2,32,Sunday,True,False,False,Singapore Changi Airport,SIN
Wattay International Airport,VTE,2024-08-18 19:10,Guangzhou Baiyun International Airport,CAN,2024-08-18 22:25,135,China Southern,Business Class,1600,1225,True,1072.0,Y,Y,Y,1,10,2,32,Sunday,False,False,False,Singapore Changi Airport,SIN
Wattay International Airport,VTE,2024-08-18 23:20,Shanghai Pudong International Airport,PVG,2024-08-19 04:30,250,China Eastern,Business Class,1015,410,True,1272.0,Y,Y,Y,1,10,2,32,Sunday,True,False,False,Singapore Changi Airport,SIN
Wattay International Airport,VTE,2024-08-18 23:20,Shanghai Pudong International Airport,PVG,2024-08-19 04:30,250,China Eastern,Business Class,915,340,True,1564.0,Y,Y,Y,1,10,2,32,Sunday,True,False,False,Singapore Changi Airport,SIN
Wattay International Airport,VTE,2024-08-18 19:10,Guangzhou Baiyun International Airport,CAN,2024-08-18 22:25,135,China Southern,Business Class,980,595,True,2211.0,Y,Y,Y,1,10,2,32,Sunday,False,False,False,Singapore Changi Airport,SIN
Wattay International Airport,VTE,2024-08-18 20:00,Noibai International Airport,HAN,2024-08-18 21:25,85,Vietnam Airlines,Business Class,895,610,True,,Y,Y,Y,2,10,1,32,Sunday,False,False,False,Singapore Changi Airport,SIN
Wattay International Airport,VTE,2024-08-19 21:50,Kunming Changshui International Airport,KMG,2024-08-20 00:25,95,China Eastern,Business Class,750,415,True,886.0,Y,Y,Y,1,10,2,32,Monday,True,False,False,Singapore Changi Airport,SIN
Wattay International Airport,VTE,2024-08-19 23:20,Shanghai Pudong International Airport,PVG,2024-08-20 04:30,250,China Eastern,Business Class,1190,610,True,1272.0,Y,Y,Y,1,10,2,32,Monday,True,False,False,Singapore Changi Airport,SIN
Wattay International Airport,VTE,2024-08-19 23:20,Shanghai Pudong International Airport,PVG,2024-08-20 04:30,250,China Eastern,Business Class,915,340,True,1564.0,Y,Y,Y,1,10,2,32,Monday,True,False,False,Singapore Changi Airport,SIN
Wattay International Airport,VTE,2024-08-19 20:00,Noibai International Airport,HAN,2024-08-19 21:25,85,Vietnam Airlines,Business Class,895,610,True,,Y,Y,Y,2,10,1,32,Monday,False,False,False,Singapore Changi Airport,SIN
Wattay International Airport,VTE,2024-08-20 21:50,Kunming Changshui International Airport,KMG,2024-08-21 00:25,95,China Eastern,Business Class,750,415,True,886.0,Y,Y,Y,1,10,2,32,Tuesday,True,False,False,Singapore Changi Airport,SIN
Wattay International Airport,VTE,2024-08-20 23:20,Shanghai Pudong International Airport,PVG,2024-08-21 04:30,250,China Eastern,Business Class,915,340,True,1272.0,Y,Y,Y,1,10,2,32,Tuesday,True,False,False,Singapore Changi Airport,SIN
Wattay International Airport,VTE,2024-08-20 20:00,Noibai International Airport,HAN,2024-08-20 21:25,85,Vietnam Airlines,Business Class,895,610,True,,Y,Y,Y,2,10,1,32,Tuesday,False,False,False,Singapore Changi Airport,SIN
Wattay International Airport,VTE,2024-08-21 21:50,Kunming Changshui International Airport,KMG,2024-08-22 00:25,95,China Eastern,Business Class,770,435,True,886.0,Y,Y,Y,1,10,2,32,Wednesday,True,False,False,Singapore Changi Airport,SIN
Wattay International Airport,VTE,2024-08-21 19:10,Guangzhou Baiyun International Airport,CAN,2024-08-21 22:25,135,China Southern,Business Class,1240,860,True,1072.0,Y,Y,Y,1,10,2,32,Wednesday,False,False,False,Singapore Changi Airport,SIN
Wattay International Airport,VTE,2024-08-21 23:20,Shanghai Pudong International Airport,PVG,2024-08-22 04:30,250,China Eastern,Business Class,915,340,True,1272.0,Y,Y,Y,1,10,2,32,Wednesday,True,False,False,Singapore Changi Airport,SIN
Wattay International Airport,VTE,2024-08-21 19:10,Guangzhou Baiyun International Airport,CAN,2024-08-21 22:25,135,China Southern,Business Class,980,595,True,1747.0,Y,Y,Y,1,10,2,32,Wednesday,False,False,False,Singapore Changi Airport,SIN
Wattay International Airport,VTE,2024-08-21 20:00,Noibai International Airport,HAN,2024-08-21 21:25,85,Vietnam Airlines,Business Class,895,610,True,,Y,Y,Y,2,10,1,32,Wednesday,False,False,False,Singapore Changi Airport,SIN
Wattay International Airport,VTE,2024-08-22 21:50,Kunming Changshui International Airport,KMG,2024-08-23 00:25,95,China Eastern,Business Class,750,415,True,886.0,Y,Y,Y,1,10,2,32,Thursday,True,False,False,Singapore Changi Airport,SIN
Wattay International Airport,VTE,2024-08-22 23:20,Shanghai Pudong International Airport,PVG,2024-08-23 04:30,250,China Eastern,Business Class,915,340,True,1272.0,Y,Y,Y,1,10,2,32,Thursday,True,False,False,Singapore Changi Airport,SIN
Wattay International Airport,VTE,2024-08-22 20:00,Noibai International Airport,HAN,2024-08-22 21:25,85,Vietnam Airlines,Business Class,895,610,True,,Y,Y,Y,2,10,1,32,Thursday,False,False,False,Singapore Changi Airport,SIN
Wattay International Airport,VTE,2024-08-23 21:50,Kunming Changshui International Airport,KMG,2024-08-24 00:25,95,China Eastern,Business Class,770,435,True,886.0,Y,Y,Y,1,10,2,32,Friday,True,False,False,Singapore Changi Airport,SIN
Wattay International Airport,VTE,2024-08-23 19:10,Guangzhou Baiyun International Airport,CAN,2024-08-23 22:25,135,China Southern,Business Class,980,595,True,1371.0,Y,Y,Y,1,10,2,32,Friday,False,False,False,Singapore Changi Airport,SIN
Wattay International Airport,VTE,2024-08-23 19:10,Guangzhou Baiyun International Airport,CAN,2024-08-23 22:25,135,China Southern,Business Class,1240,860,True,1072.0,Y,Y,Y,1,10,2,32,Friday,False,False,False,Singapore Changi Airport,SIN
Wattay International Airport,VTE,2024-08-23 23:20,Shanghai Pudong International Airport,PVG,2024-08-24 04:30,250,China Eastern,Business Class,915,340,True,1272.0,Y,Y,Y,1,10,2,32,Friday,True,False,False,Singapore Changi Airport,SIN
Wattay International Airport,VTE,2024-08-23 20:00,Noibai International Airport,HAN,2024-08-23 21:25,85,Vietnam Airlines,Business Class,895,610,True,,Y,Y,Y,2,10,1,32,Friday,False,False,False,Singapore Changi Airport,SIN
Wattay International Airport,VTE,2024-08-24 21:50,Kunming Changshui International Airport,KMG,2024-08-25 00:25,95,China Eastern,Business Class,750,415,True,886.0,Y,Y,Y,1,10,2,32,Saturday,True,False,False,Singapore Changi Airport,SIN
Wattay International Airport,VTE,2024-08-24 23:20,Shanghai Pudong International Airport,PVG,2024-08-25 04:30,250,China Eastern,Business Class,915,340,True,1272.0,Y,Y,Y,1,10,2,32,Saturday,True,False,False,Singapore Changi Airport,SIN
Wattay International Airport,VTE,2024-08-24 20:00,Noibai International Airport,HAN,2024-08-24 21:25,85,Vietnam Airlines,Business Class,895,610,True,,Y,Y,Y,2,10,1,32,Saturday,False,False,False,Singapore Changi Airport,SIN
Wattay International Airport,VTE,2024-08-25 21:50,Kunming Changshui International Airport,KMG,2024-08-26 00:25,95,China Eastern,Business Class,760,435,True,886.0,Y,Y,Y,1,10,2,32,Sunday,True,False,False,Singapore Changi Airport,SIN
Wattay International Airport,VTE,2024-08-25 19:10,Guangzhou Baiyun International Airport,CAN,2024-08-25 22:25,135,China Southern,Business Class,1600,1225,True,1072.0,Y,Y,Y,1,10,2,32,Sunday,False,False,False,Singapore Changi Airport,SIN
Wattay International Airport,VTE,2024-08-25 23:20,Shanghai Pudong International Airport,PVG,2024-08-26 04:30,250,China Eastern,Business Class,915,340,True,1272.0,Y,Y,Y,1,10,2,32,Sunday,True,False,False,Singapore Changi Airport,SIN
Wattay International Airport,VTE,2024-08-25 19:10,Guangzhou Baiyun International Airport,CAN,2024-08-25 22:25,135,China Southern,Business Class,1240,860,True,1371.0,Y,Y,Y,1,10,2,32,Sunday,False,False,False,Singapore Changi Airport,SIN
Wattay International Airport,VTE,2024-08-25 19:10,Guangzhou Baiyun International Airport,CAN,2024-08-25 22:25,135,China Southern,Business Class,980,595,True,1747.0,Y,Y,Y,1,10,2,32,Sunday,False,False,False,Singapore Changi Airport,SIN
Wattay International Airport,VTE,2024-08-25 20:00,Noibai International Airport,HAN,2024-08-25 21:25,85,Vietnam Airlines,Business Class,895,610,True,,Y,Y,Y,2,10,1,32,Sunday,False,False,False,Singapore Changi Airport,SIN
Wattay International Airport,VTE,2024-08-26 21:50,Kunming Changshui International Airport,KMG,2024-08-27 00:25,95,China Eastern,Business Class,750,415,True,886.0,Y,Y,Y,1,10,2,32,Monday,True,False,False,Singapore Changi Airport,SIN
Wattay International Airport,VTE,2024-08-26 23:20,Shanghai Pudong International Airport,PVG,2024-08-27 04:30,250,China Eastern,Business Class,915,340,True,1272.0,Y,Y,Y,1,10,2,32,Monday,True,False,False,Singapore Changi Airport,SIN
Wattay International Airport,VTE,2024-08-26 20:00,Noibai International Airport,HAN,2024-08-26 21:25,85,Vietnam Airlines,Business Class,895,610,True,,Y,Y,Y,2,10,1,32,Monday,False,False,False,Singapore Changi Airport,SIN
Wattay International Airport,VTE,2024-08-27 21:50,Kunming Changshui International Airport,KMG,2024-08-28 00:25,95,China Eastern,Business Class,750,415,True,886.0,Y,Y,Y,1,10,2,32,Tuesday,True,False,False,Singapore Changi Airport,SIN
Wattay International Airport,VTE,2024-08-27 23:20,Shanghai Pudong International Airport,PVG,2024-08-28 04:30,250,China Eastern,Business Class,915,340,True,1272.0,Y,Y,Y,1,10,2,32,Tuesday,True,False,False,Singapore Changi Airport,SIN
Wattay International Airport,VTE,2024-08-27 20:00,Noibai International Airport,HAN,2024-08-27 21:25,85,Vietnam Airlines,Business Class,895,610,True,,Y,Y,Y,2,10,1,32,Tuesday,False,False,False,Singapore Changi Airport,SIN
Wattay International Airport,VTE,2024-08-28 21:50,Kunming Changshui International Airport,KMG,2024-08-29 00:25,95,China Eastern,Business Class,770,435,True,886.0,Y,Y,Y,1,10,2,32,Wednesday,True,False,False,Singapore Changi Airport,SIN
Wattay International Airport,VTE,2024-08-28 19:10,Guangzhou Baiyun International Airport,CAN,2024-08-28 22:25,135,China Southern,Business Class,980,595,True,1371.0,Y,Y,Y,1,10,2,32,Wednesday,False,False,False,Singapore Changi Airport,SIN
Wattay International Airport,VTE,2024-08-28 19:10,Guangzhou Baiyun International Airport,CAN,2024-08-28 22:25,135,China Southern,Business Class,1240,860,True,1072.0,Y,Y,Y,1,10,2,32,Wednesday,False,False,False,Singapore Changi Airport,SIN
Wattay International Airport,VTE,2024-08-28 23:20,Shanghai Pudong International Airport,PVG,2024-08-29 04:30,250,China Eastern,Business Class,915,340,True,1272.0,Y,Y,Y,1,10,2,32,Wednesday,True,False,False,Singapore Changi Airport,SIN
Wattay International Airport,VTE,2024-08-28 20:00,Noibai International Airport,HAN,2024-08-28 21:25,85,Vietnam Airlines,Business Class,895,610,True,,Y,Y,Y,2,10,1,32,Wednesday,False,False,False,Singapore Changi Airport,SIN
Wattay International Airport,VTE,2024-08-29 21:50,Kunming Changshui International Airport,KMG,2024-08-30 00:25,95,China Eastern,Business Class,750,415,True,886.0,Y,Y,Y,1,10,2,32,Thursday,True,False,False,Singapore Changi Airport,SIN
Wattay International Airport,VTE,2024-08-29 23:20,Shanghai Pudong International Airport,PVG,2024-08-30 04:30,250,China Eastern,Business Class,915,340,True,1272.0,Y,Y,Y,1,10,2,32,Thursday,True,False,False,Singapore Changi Airport,SIN
Wattay International Airport,VTE,2024-08-29 20:00,Noibai International Airport,HAN,2024-08-29 21:25,85,Vietnam Airlines,Business Class,895,610,True,,Y,Y,Y,2,10,1,32,Thursday,False,False,False,Singapore Changi Airport,SIN
Wattay International Airport,VTE,2024-08-30 21:50,Kunming Changshui International Airport,KMG,2024-08-31 00:25,95,China Eastern,Business Class,770,435,True,886.0,Y,Y,Y,1,10,2,32,Friday,True,False,False,Singapore Changi Airport,SIN
Wattay International Airport,VTE,2024-08-30 19:10,Guangzhou Baiyun International Airport,CAN,2024-08-30 22:25,135,China Southern,Business Class,1600,1225,True,1072.0,Y,Y,Y,1,10,2,32,Friday,False,False,False,Singapore Changi Airport,SIN
Wattay International Airport,VTE,2024-08-30 23:20,Shanghai Pudong International Airport,PVG,2024-08-31 04:30,250,China Eastern,Business Class,915,340,True,1272.0,Y,Y,Y,1,10,2,32,Friday,True,False,False,Singapore Changi Airport,SIN
Wattay International Airport,VTE,2024-08-30 19:10,Guangzhou Baiyun International Airport,CAN,2024-08-30 22:25,135,China Southern,Business Class,980,595,True,1747.0,Y,Y,Y,1,10,2,32,Friday,False,False,False,Singapore Changi Airport,SIN
Wattay International Airport,VTE,2024-08-30 20:00,Noibai International Airport,HAN,2024-08-30 21:25,85,Vietnam Airlines,Business Class,895,610,True,,Y,Y,Y,2,10,1,32,Friday,False,False,False,Singapore Changi Airport,SIN
Wattay International Airport,VTE,2024-08-31 21:50,Kunming Changshui International Airport,KMG,2024-09-01 00:25,95,China Eastern,Business Class,750,415,True,847.0,Y,Y,Y,1,10,2,32,Saturday,True,False,False,Singapore Changi Airport,SIN
Wattay International Airport,VTE,2024-08-31 23:20,Shanghai Pudong International Airport,PVG,2024-09-01 04:30,250,China Eastern,Business Class,915,340,True,1272.0,Y,Y,Y,1,10,2,32,Saturday,True,False,False,Singapore Changi Airport,SIN
Wattay International Airport,VTE,2024-08-31 20:00,Noibai International Airport,HAN,2024-08-31 21:25,85,Vietnam Airlines,Business Class,895,610,True,,Y,Y,Y,2,10,1,32,Saturday,False,False,False,Singapore Changi Airport,SIN
