Departure Airport Name,Departure Airport ID,Departure Time,Arrival Airport Name,Arrival Airport ID,Arrival Time,Duration,Airline,Travel Class,Total Duration,Layover 1 Duration,Layover 1 Overnight,Price, Cabin Baggage, Checked Baggage,Meal Included,Cabin Baggage (Number),Cabin Baggage (kg per piece),Checked Baggage (Number),Checked Baggage (kg per piece) ,Day of Week (on flight date),Overnight Flight,Departure Country Is Holiday,Arrival Country Is Holiday,Final Arrival Airport Name,Final Arrival Airport ID
Wattay International Airport,VTE,2024-07-01 23:20,Shanghai Pudong International Airport,PVG,2024-07-02 04:30,250,China Eastern,Business Class,1390,750,True,1636,Y,Y,Y,1,10,2,32,Monday,True,False,False,Soekarno-Hatta International Airport,CGK
Wattay International Airport,VTE,2024-07-02 23:20,Shanghai Pudong International Airport,PVG,2024-07-03 04:30,250,China Eastern,Business Class,1390,750,True,1636,Y,Y,Y,1,10,2,32,Tuesday,True,False,False,Soekarno-Hatta International Airport,CGK
Wattay International Airport,VTE,2024-07-03 19:10,Guangzhou Baiyun International Airport,CAN,2024-07-03 22:25,135,China Southern,Business Class,1695,1255,True,1195,Y,Y,Y,1,10,2,32,Wednesday,False,False,False,Soekarno-Hatta International Airport,CGK
Wattay International Airport,VTE,2024-07-03 23:20,Shanghai Pudong International Airport,PVG,2024-07-04 04:30,250,China Eastern,Business Class,1390,750,True,1337,Y,Y,Y,1,10,2,32,Wednesday,True,False,False,Soekarno-Hatta International Airport,CGK
Wattay International Airport,VTE,2024-07-03 19:10,Guangzhou Baiyun International Airport,CAN,2024-07-03 22:25,135,China Southern,Business Class,1025,590,True,1734,Y,Y,Y,1,10,2,32,Wednesday,False,False,False,Soekarno-Hatta International Airport,CGK
Wattay International Airport,VTE,2024-07-04 23:20,Shanghai Pudong International Airport,PVG,2024-07-05 04:30,250,China Eastern,Business Class,1390,750,True,1636,Y,Y,Y,1,10,2,32,Thursday,True,False,False,Soekarno-Hatta International Airport,CGK
Wattay International Airport,VTE,2024-07-05 19:10,Guangzhou Baiyun International Airport,CAN,2024-07-05 22:25,135,China Southern,Business Class,1025,590,True,1355,Y,Y,Y,1,10,2,32,Friday,False,False,False,Soekarno-Hatta International Airport,CGK
Wattay International Airport,VTE,2024-07-05 23:20,Shanghai Pudong International Airport,PVG,2024-07-06 04:30,250,China Eastern,Business Class,1390,750,True,1636,Y,Y,Y,1,10,2,32,Friday,True,False,False,Soekarno-Hatta International Airport,CGK
Wattay International Airport,VTE,2024-07-06 23:20,Shanghai Pudong International Airport,PVG,2024-07-07 04:30,250,China Eastern,Business Class,1390,750,True,1636,Y,Y,Y,1,10,2,32,Saturday,True,False,True,Soekarno-Hatta International Airport,CGK
Wattay International Airport,VTE,2024-07-07 19:10,Guangzhou Baiyun International Airport,CAN,2024-07-07 22:25,135,China Southern,Business Class,1025,590,True,1195,Y,Y,Y,1,10,2,32,Sunday,False,False,True,Soekarno-Hatta International Airport,CGK
Wattay International Airport,VTE,2024-07-07 23:20,Shanghai Pudong International Airport,PVG,2024-07-08 04:30,250,China Eastern,Business Class,1390,750,True,1915,Y,Y,Y,1,10,2,32,Sunday,True,False,False,Soekarno-Hatta International Airport,CGK
Wattay International Airport,VTE,2024-07-08 23:20,Shanghai Pudong International Airport,PVG,2024-07-09 04:30,250,China Eastern,Business Class,1390,750,True,1337,Y,Y,Y,1,10,2,32,Monday,True,False,False,Soekarno-Hatta International Airport,CGK
Wattay International Airport,VTE,2024-07-09 23:20,Shanghai Pudong International Airport,PVG,2024-07-10 04:30,250,China Eastern,Business Class,1390,750,True,1636,Y,Y,Y,1,10,2,32,Tuesday,True,False,False,Soekarno-Hatta International Airport,CGK
Wattay International Airport,VTE,2024-07-10 19:10,Guangzhou Baiyun International Airport,CAN,2024-07-10 22:25,135,China Southern,Business Class,1025,590,True,1195,Y,Y,Y,1,10,2,32,Wednesday,False,False,False,Soekarno-Hatta International Airport,CGK
Wattay International Airport,VTE,2024-07-10 23:20,Shanghai Pudong International Airport,PVG,2024-07-11 04:30,250,China Eastern,Business Class,1390,750,True,1337,Y,Y,Y,1,10,2,32,Wednesday,True,False,False,Soekarno-Hatta International Airport,CGK
Wattay International Airport,VTE,2024-07-11 23:20,Shanghai Pudong International Airport,PVG,2024-07-12 04:30,250,China Eastern,Business Class,1390,750,True,1337,Y,Y,Y,1,10,2,32,Thursday,True,False,False,Soekarno-Hatta International Airport,CGK
Wattay International Airport,VTE,2024-07-12 23:20,Shanghai Pudong International Airport,PVG,2024-07-13 04:30,250,China Eastern,Business Class,1390,750,True,1636,Y,Y,Y,1,10,2,32,Friday,True,False,False,Soekarno-Hatta International Airport,CGK
Wattay International Airport,VTE,2024-07-12 19:10,Guangzhou Baiyun International Airport,CAN,2024-07-12 22:25,135,China Southern,Business Class,1695,1255,True,1734,Y,Y,Y,1,10,2,32,Friday,False,False,False,Soekarno-Hatta International Airport,CGK
Wattay International Airport,VTE,2024-07-12 19:10,Guangzhou Baiyun International Airport,CAN,2024-07-12 22:25,135,China Southern,Business Class,1025,590,True,2448,Y,Y,Y,1,10,2,32,Friday,False,False,False,Soekarno-Hatta International Airport,CGK
Wattay International Airport,VTE,2024-07-13 23:20,Shanghai Pudong International Airport,PVG,2024-07-14 04:30,250,China Eastern,Business Class,1390,750,True,1337,Y,Y,Y,1,10,2,32,Saturday,True,False,False,Soekarno-Hatta International Airport,CGK
Wattay International Airport,VTE,2024-07-14 19:10,Guangzhou Baiyun International Airport,CAN,2024-07-14 22:25,135,China Southern,Business Class,1025,590,True,1195,Y,Y,Y,1,10,2,32,Sunday,False,False,False,Soekarno-Hatta International Airport,CGK
Wattay International Airport,VTE,2024-07-14 23:20,Shanghai Pudong International Airport,PVG,2024-07-15 04:30,250,China Eastern,Business Class,1390,750,True,1337,Y,Y,Y,1,10,2,32,Sunday,True,False,False,Soekarno-Hatta International Airport,CGK
Wattay International Airport,VTE,2024-07-15 23:20,Shanghai Pudong International Airport,PVG,2024-07-16 04:30,250,China Eastern,Business Class,1390,750,True,1337,Y,Y,Y,1,10,2,32,Monday,True,False,False,Soekarno-Hatta International Airport,CGK
Wattay International Airport,VTE,2024-07-16 23:20,Shanghai Pudong International Airport,PVG,2024-07-17 04:30,250,China Eastern,Business Class,1390,750,True,1337,Y,Y,Y,1,10,2,32,Tuesday,True,False,False,Soekarno-Hatta International Airport,CGK
Wattay International Airport,VTE,2024-07-17 19:10,Guangzhou Baiyun International Airport,CAN,2024-07-17 22:25,135,China Southern,Business Class,1025,590,True,1195,Y,Y,Y,1,10,2,32,Wednesday,False,False,False,Soekarno-Hatta International Airport,CGK
Wattay International Airport,VTE,2024-07-17 23:20,Shanghai Pudong International Airport,PVG,2024-07-18 04:30,250,China Eastern,Business Class,1390,750,True,1337,Y,Y,Y,1,10,2,32,Wednesday,True,False,False,Soekarno-Hatta International Airport,CGK
Wattay International Airport,VTE,2024-07-18 23:20,Shanghai Pudong International Airport,PVG,2024-07-19 04:30,250,China Eastern,Business Class,1390,750,True,1337,Y,Y,Y,1,10,2,32,Thursday,True,False,False,Soekarno-Hatta International Airport,CGK
Wattay International Airport,VTE,2024-07-19 19:10,Guangzhou Baiyun International Airport,CAN,2024-07-19 22:25,135,China Southern,Business Class,1025,590,True,1355,Y,Y,Y,1,10,2,32,Friday,False,False,False,Soekarno-Hatta International Airport,CGK
Wattay International Airport,VTE,2024-07-19 23:20,Shanghai Pudong International Airport,PVG,2024-07-20 04:30,250,China Eastern,Business Class,1390,750,True,1636,Y,Y,Y,1,10,2,32,Friday,True,False,False,Soekarno-Hatta International Airport,CGK
Wattay International Airport,VTE,2024-07-20 23:20,Shanghai Pudong International Airport,PVG,2024-07-21 04:30,250,China Eastern,Business Class,1390,750,True,1337,Y,Y,Y,1,10,2,32,Saturday,True,True,False,Soekarno-Hatta International Airport,CGK
Wattay International Airport,VTE,2024-07-21 19:10,Guangzhou Baiyun International Airport,CAN,2024-07-21 22:25,135,China Southern,Business Class,1695,1255,True,1195,Y,Y,Y,1,10,2,32,Sunday,False,False,False,Soekarno-Hatta International Airport,CGK
Wattay International Airport,VTE,2024-07-21 23:20,Shanghai Pudong International Airport,PVG,2024-07-22 04:30,250,China Eastern,Business Class,1390,750,True,1337,Y,Y,Y,1,10,2,32,Sunday,True,False,False,Soekarno-Hatta International Airport,CGK
Wattay International Airport,VTE,2024-07-21 19:10,Guangzhou Baiyun International Airport,CAN,2024-07-21 22:25,135,China Southern,Business Class,1025,590,True,1734,Y,Y,Y,1,10,2,32,Sunday,False,False,False,Soekarno-Hatta International Airport,CGK
Wattay International Airport,VTE,2024-07-22 23:20,Shanghai Pudong International Airport,PVG,2024-07-23 04:30,250,China Eastern,Business Class,1390,750,True,1337,Y,Y,Y,1,10,2,32,Monday,True,False,False,Soekarno-Hatta International Airport,CGK
Wattay International Airport,VTE,2024-07-23 23:20,Shanghai Pudong International Airport,PVG,2024-07-24 04:30,250,China Eastern,Business Class,1390,750,True,1337,Y,Y,Y,1,10,2,32,Tuesday,True,False,False,Soekarno-Hatta International Airport,CGK
Wattay International Airport,VTE,2024-07-24 19:10,Guangzhou Baiyun International Airport,CAN,2024-07-24 22:25,135,China Southern,Business Class,1025,590,True,1195,Y,Y,Y,1,10,2,32,Wednesday,False,False,False,Soekarno-Hatta International Airport,CGK
Wattay International Airport,VTE,2024-07-24 23:20,Shanghai Pudong International Airport,PVG,2024-07-25 04:30,250,China Eastern,Business Class,1390,750,True,1337,Y,Y,Y,1,10,2,32,Wednesday,True,False,False,Soekarno-Hatta International Airport,CGK
Wattay International Airport,VTE,2024-07-25 23:20,Shanghai Pudong International Airport,PVG,2024-07-26 04:30,250,China Eastern,Business Class,1390,750,True,1337,Y,Y,Y,1,10,2,32,Thursday,True,False,False,Soekarno-Hatta International Airport,CGK
Wattay International Airport,VTE,2024-07-26 19:10,Guangzhou Baiyun International Airport,CAN,2024-07-26 22:25,135,China Southern,Business Class,1025,590,True,1195,Y,Y,Y,1,10,2,32,Friday,False,False,False,Soekarno-Hatta International Airport,CGK
Wattay International Airport,VTE,2024-07-26 23:20,Shanghai Pudong International Airport,PVG,2024-07-27 04:30,250,China Eastern,Business Class,1390,750,True,1337,Y,Y,Y,1,10,2,32,Friday,True,False,False,Soekarno-Hatta International Airport,CGK
Wattay International Airport,VTE,2024-07-27 23:20,Shanghai Pudong International Airport,PVG,2024-07-28 04:30,250,China Eastern,Business Class,1390,750,True,1613,Y,Y,Y,1,10,2,32,Saturday,True,False,False,Soekarno-Hatta International Airport,CGK
Wattay International Airport,VTE,2024-07-28 19:10,Guangzhou Baiyun International Airport,CAN,2024-07-28 22:25,135,China Southern,Business Class,1025,590,True,1195,Y,Y,Y,1,10,2,32,Sunday,False,False,False,Soekarno-Hatta International Airport,CGK
Wattay International Airport,VTE,2024-07-28 23:20,Shanghai Pudong International Airport,PVG,2024-07-29 04:30,250,China Eastern,Business Class,1390,750,True,1337,Y,Y,Y,1,10,2,32,Sunday,True,False,False,Soekarno-Hatta International Airport,CGK
Wattay International Airport,VTE,2024-07-29 23:20,Shanghai Pudong International Airport,PVG,2024-07-30 04:30,250,China Eastern,Business Class,1390,750,True,1337,Y,Y,Y,1,10,2,32,Monday,True,False,False,Soekarno-Hatta International Airport,CGK
Wattay International Airport,VTE,2024-07-30 23:20,Shanghai Pudong International Airport,PVG,2024-07-31 04:30,250,China Eastern,Business Class,1390,750,True,1337,Y,Y,Y,1,10,2,32,Tuesday,True,False,False,Soekarno-Hatta International Airport,CGK
Wattay International Airport,VTE,2024-07-31 19:10,Guangzhou Baiyun International Airport,CAN,2024-07-31 22:25,135,China Southern,Business Class,1025,590,True,1195,Y,Y,Y,1,10,2,32,Wednesday,False,False,False,Soekarno-Hatta International Airport,CGK
Wattay International Airport,VTE,2024-07-31 23:20,Shanghai Pudong International Airport,PVG,2024-08-01 04:30,250,China Eastern,Business Class,1390,750,True,1329,Y,Y,Y,1,10,2,32,Wednesday,True,False,False,Soekarno-Hatta International Airport,CGK
Wattay International Airport,VTE,2024-08-01 23:20,Shanghai Pudong International Airport,PVG,2024-08-02 04:30,250,China Eastern,Business Class,1390,750,True,2721,Y,Y,Y,1,10,2,32,Thursday,True,False,False,Soekarno-Hatta International Airport,CGK
Wattay International Airport,VTE,2024-08-02 19:10,Guangzhou Baiyun International Airport,CAN,2024-08-02 22:25,135,China Southern,Business Class,1025,590,True,950,Y,Y,Y,1,10,2,32,Friday,False,False,False,Soekarno-Hatta International Airport,CGK
Wattay International Airport,VTE,2024-08-02 23:20,Shanghai Pudong International Airport,PVG,2024-08-03 04:30,250,China Eastern,Business Class,1390,750,True,1638,Y,Y,Y,1,10,2,32,Friday,True,False,False,Soekarno-Hatta International Airport,CGK
Wattay International Airport,VTE,2024-08-03 23:20,Shanghai Pudong International Airport,PVG,2024-08-04 04:30,250,China Eastern,Business Class,1390,750,True,1638,Y,Y,Y,1,10,2,32,Saturday,True,False,False,Soekarno-Hatta International Airport,CGK
Wattay International Airport,VTE,2024-08-04 19:10,Guangzhou Baiyun International Airport,CAN,2024-08-04 22:25,135,China Southern,Business Class,1025,590,True,1773,Y,Y,Y,1,10,2,32,Sunday,False,False,False,Soekarno-Hatta International Airport,CGK
Wattay International Airport,VTE,2024-08-04 23:20,Shanghai Pudong International Airport,PVG,2024-08-05 04:30,250,China Eastern,Business Class,1390,750,True,4168,Y,Y,Y,1,10,2,32,Sunday,True,False,False,Soekarno-Hatta International Airport,CGK
Wattay International Airport,VTE,2024-08-05 23:20,Shanghai Pudong International Airport,PVG,2024-08-06 04:30,250,China Eastern,Business Class,1390,750,True,1616,Y,Y,Y,1,10,2,32,Monday,True,False,False,Soekarno-Hatta International Airport,CGK
Wattay International Airport,VTE,2024-08-07 19:10,Guangzhou Baiyun International Airport,CAN,2024-08-07 22:25,135,China Southern,Business Class,1025,590,True,950,Y,Y,Y,1,10,2,32,Wednesday,False,False,False,Soekarno-Hatta International Airport,CGK
Wattay International Airport,VTE,2024-08-07 23:20,Shanghai Pudong International Airport,PVG,2024-08-08 04:30,250,China Eastern,Business Class,1390,750,True,1339,Y,Y,Y,1,10,2,32,Wednesday,True,False,False,Soekarno-Hatta International Airport,CGK
Wattay International Airport,VTE,2024-08-08 23:20,Shanghai Pudong International Airport,PVG,2024-08-09 04:30,250,China Eastern,Business Class,1390,750,True,1638,Y,Y,Y,1,10,2,32,Thursday,True,False,False,Soekarno-Hatta International Airport,CGK
Wattay International Airport,VTE,2024-08-09 19:10,Guangzhou Baiyun International Airport,CAN,2024-08-09 22:25,135,China Southern,Business Class,1025,590,True,950,Y,Y,Y,1,10,2,32,Friday,False,False,False,Soekarno-Hatta International Airport,CGK
Wattay International Airport,VTE,2024-08-09 23:20,Shanghai Pudong International Airport,PVG,2024-08-10 04:30,250,China Eastern,Business Class,1390,750,True,1339,Y,Y,Y,1,10,2,32,Friday,True,False,False,Soekarno-Hatta International Airport,CGK
Wattay International Airport,VTE,2024-08-10 23:20,Shanghai Pudong International Airport,PVG,2024-08-11 04:30,250,China Eastern,Business Class,1390,750,True,1339,Y,Y,Y,1,10,2,32,Saturday,True,False,False,Soekarno-Hatta International Airport,CGK
Wattay International Airport,VTE,2024-08-11 19:10,Guangzhou Baiyun International Airport,CAN,2024-08-11 22:25,135,China Southern,Business Class,1025,590,True,950,Y,Y,Y,1,10,2,32,Sunday,False,False,False,Soekarno-Hatta International Airport,CGK
Wattay International Airport,VTE,2024-08-11 23:20,Shanghai Pudong International Airport,PVG,2024-08-12 04:30,250,China Eastern,Business Class,1390,750,True,1339,Y,Y,Y,1,10,2,32,Sunday,True,False,False,Soekarno-Hatta International Airport,CGK
Wattay International Airport,VTE,2024-08-12 23:20,Shanghai Pudong International Airport,PVG,2024-08-13 04:30,250,China Eastern,Business Class,1390,750,True,1339,Y,Y,Y,1,10,2,32,Monday,True,False,False,Soekarno-Hatta International Airport,CGK
Wattay International Airport,VTE,2024-08-13 23:20,Shanghai Pudong International Airport,PVG,2024-08-14 04:30,250,China Eastern,Business Class,1390,750,True,1339,Y,Y,Y,1,10,2,32,Tuesday,True,False,False,Soekarno-Hatta International Airport,CGK
Wattay International Airport,VTE,2024-08-14 19:10,Guangzhou Baiyun International Airport,CAN,2024-08-14 22:25,135,China Southern,Business Class,1025,590,True,950,Y,Y,Y,1,10,2,32,Wednesday,False,False,False,Soekarno-Hatta International Airport,CGK
Wattay International Airport,VTE,2024-08-14 23:20,Shanghai Pudong International Airport,PVG,2024-08-15 04:30,250,China Eastern,Business Class,1390,750,True,1339,Y,Y,Y,1,10,2,32,Wednesday,True,False,False,Soekarno-Hatta International Airport,CGK
Wattay International Airport,VTE,2024-08-15 23:20,Shanghai Pudong International Airport,PVG,2024-08-16 04:30,250,China Eastern,Business Class,1390,750,True,1339,Y,Y,Y,1,10,2,32,Thursday,True,False,False,Soekarno-Hatta International Airport,CGK
Wattay International Airport,VTE,2024-08-16 19:10,Guangzhou Baiyun International Airport,CAN,2024-08-16 22:25,135,China Southern,Business Class,1025,590,True,950,Y,Y,Y,1,10,2,32,Friday,False,False,False,Soekarno-Hatta International Airport,CGK
Wattay International Airport,VTE,2024-08-16 23:20,Shanghai Pudong International Airport,PVG,2024-08-17 04:30,250,China Eastern,Business Class,1390,750,True,1339,Y,Y,Y,1,10,2,32,Friday,True,False,True,Soekarno-Hatta International Airport,CGK
Wattay International Airport,VTE,2024-08-17 23:20,Shanghai Pudong International Airport,PVG,2024-08-18 04:30,250,China Eastern,Business Class,1390,750,True,1339,Y,Y,Y,1,10,2,32,Saturday,True,False,False,Soekarno-Hatta International Airport,CGK
Wattay International Airport,VTE,2024-08-18 19:10,Guangzhou Baiyun International Airport,CAN,2024-08-18 22:25,135,China Southern,Business Class,1025,590,True,950,Y,Y,Y,1,10,2,32,Sunday,False,False,False,Soekarno-Hatta International Airport,CGK
Wattay International Airport,VTE,2024-08-18 23:20,Shanghai Pudong International Airport,PVG,2024-08-19 04:30,250,China Eastern,Business Class,1390,750,True,1339,Y,Y,Y,1,10,2,32,Sunday,True,False,False,Soekarno-Hatta International Airport,CGK
Wattay International Airport,VTE,2024-08-19 23:20,Shanghai Pudong International Airport,PVG,2024-08-20 04:30,250,China Eastern,Business Class,1390,750,True,1339,Y,Y,Y,1,10,2,32,Monday,True,False,False,Soekarno-Hatta International Airport,CGK
Wattay International Airport,VTE,2024-08-20 23:20,Shanghai Pudong International Airport,PVG,2024-08-21 04:30,250,China Eastern,Business Class,1390,750,True,1339,Y,Y,Y,1,10,2,32,Tuesday,True,False,False,Soekarno-Hatta International Airport,CGK
Wattay International Airport,VTE,2024-08-21 19:10,Guangzhou Baiyun International Airport,CAN,2024-08-21 22:25,135,China Southern,Business Class,1025,590,True,950,Y,Y,Y,1,10,2,32,Wednesday,False,False,False,Soekarno-Hatta International Airport,CGK
Wattay International Airport,VTE,2024-08-21 23:20,Shanghai Pudong International Airport,PVG,2024-08-22 04:30,250,China Eastern,Business Class,1390,750,True,1339,Y,Y,Y,1,10,2,32,Wednesday,True,False,False,Soekarno-Hatta International Airport,CGK
Wattay International Airport,VTE,2024-08-22 23:20,Shanghai Pudong International Airport,PVG,2024-08-23 04:30,250,China Eastern,Business Class,1390,750,True,1614,Y,Y,Y,1,10,2,32,Thursday,True,False,False,Soekarno-Hatta International Airport,CGK
Wattay International Airport,VTE,2024-08-23 19:10,Guangzhou Baiyun International Airport,CAN,2024-08-23 22:25,135,China Southern,Business Class,1695,1255,True,950,Y,Y,Y,1,10,2,32,Friday,False,False,False,Soekarno-Hatta International Airport,CGK
Wattay International Airport,VTE,2024-08-23 23:20,Shanghai Pudong International Airport,PVG,2024-08-24 04:30,250,China Eastern,Business Class,1390,750,True,1339,Y,Y,Y,1,10,2,32,Friday,True,False,False,Soekarno-Hatta International Airport,CGK
Wattay International Airport,VTE,2024-08-23 19:10,Guangzhou Baiyun International Airport,CAN,2024-08-23 22:25,135,China Southern,Business Class,1025,590,True,1773,Y,Y,Y,1,10,2,32,Friday,False,False,False,Soekarno-Hatta International Airport,CGK
Wattay International Airport,VTE,2024-08-24 23:20,Shanghai Pudong International Airport,PVG,2024-08-25 04:30,250,China Eastern,Business Class,1390,750,True,1339,Y,Y,Y,1,10,2,32,Saturday,True,False,False,Soekarno-Hatta International Airport,CGK
Wattay International Airport,VTE,2024-08-25 19:10,Guangzhou Baiyun International Airport,CAN,2024-08-25 22:25,135,China Southern,Business Class,1025,590,True,950,Y,Y,Y,1,10,2,32,Sunday,False,False,False,Soekarno-Hatta International Airport,CGK
Wattay International Airport,VTE,2024-08-25 23:20,Shanghai Pudong International Airport,PVG,2024-08-26 04:30,250,China Eastern,Business Class,1390,750,True,1336,Y,Y,Y,1,10,2,32,Sunday,True,False,False,Soekarno-Hatta International Airport,CGK
Wattay International Airport,VTE,2024-08-26 23:20,Shanghai Pudong International Airport,PVG,2024-08-27 04:30,250,China Eastern,Business Class,1390,750,True,1290,Y,Y,Y,1,10,2,32,Monday,True,False,False,Soekarno-Hatta International Airport,CGK
Wattay International Airport,VTE,2024-08-27 23:20,Shanghai Pudong International Airport,PVG,2024-08-28 04:30,250,China Eastern,Business Class,1390,750,True,1290,Y,Y,Y,1,10,2,32,Tuesday,True,False,False,Soekarno-Hatta International Airport,CGK
Wattay International Airport,VTE,2024-08-28 19:10,Guangzhou Baiyun International Airport,CAN,2024-08-28 22:25,135,China Southern,Business Class,1025,590,True,950,Y,Y,Y,1,10,2,32,Wednesday,False,False,False,Soekarno-Hatta International Airport,CGK
Wattay International Airport,VTE,2024-08-28 23:20,Shanghai Pudong International Airport,PVG,2024-08-29 04:30,250,China Eastern,Business Class,1390,750,True,1290,Y,Y,Y,1,10,2,32,Wednesday,True,False,False,Soekarno-Hatta International Airport,CGK
Wattay International Airport,VTE,2024-08-29 23:20,Shanghai Pudong International Airport,PVG,2024-08-30 04:30,250,China Eastern,Business Class,1390,750,True,1290,Y,Y,Y,1,10,2,32,Thursday,True,False,False,Soekarno-Hatta International Airport,CGK
Wattay International Airport,VTE,2024-08-30 19:10,Guangzhou Baiyun International Airport,CAN,2024-08-30 22:25,135,China Southern,Business Class,1025,590,True,950,Y,Y,Y,1,10,2,32,Friday,False,False,False,Soekarno-Hatta International Airport,CGK
Wattay International Airport,VTE,2024-08-30 23:20,Shanghai Pudong International Airport,PVG,2024-08-31 04:30,250,China Eastern,Business Class,1390,750,True,1290,Y,Y,Y,1,10,2,32,Friday,True,False,False,Soekarno-Hatta International Airport,CGK
Wattay International Airport,VTE,2024-08-31 23:20,Shanghai Pudong International Airport,PVG,2024-09-01 04:30,250,China Eastern,Business Class,1390,750,True,1290,Y,Y,Y,1,10,2,32,Saturday,True,False,False,Soekarno-Hatta International Airport,CGK
