Departure Airport Name,Departure Airport ID,Departure Time,Arrival Airport Name,Arrival Airport ID,Arrival Time,Duration,Airline,Travel Class,Total Duration,Layover 1 Duration,Layover 1 Overnight,Price, Cabin Baggage, Checked Baggage,Meal Included,Cabin Baggage (Number),Cabin Baggage (kg per piece),Checked Baggage (Number),Checked Baggage (kg per piece) ,Day of Week (on flight date),Overnight Flight,Departure Country Is Holiday,Arrival Country Is Holiday,Final Arrival Airport Name,Final Arrival Airport ID
Wattay International Airport,VTE,2024-07-01 23:20,Shanghai Pudong International Airport,PVG,2024-07-02 04:30,250,China Eastern,Business Class,1575,1045,True,1050.0,Y,Y,Y,1,10,2,32,Monday,True,False,False,Tan Son Nhat International Airport,SGN
Wattay International Airport,VTE,2024-07-01 21:50,Kunming Changshui International Airport,KMG,2024-07-02 00:25,95,China Eastern,Business Class,1220,950,True,1175.0,Y,Y,Y,1,10,2,32,Monday,True,False,False,Tan Son Nhat International Airport,SGN
Wattay International Airport,VTE,2024-07-01 11:30,Phnom Penh International Airport,PNH,2024-07-01 13:00,90,Vietnam Airlines,Business Class,235,70,,,Y,Y,Y,2,10,1,32,Monday,False,False,False,Tan Son Nhat International Airport,SGN
Wattay International Airport,VTE,2024-07-02 23:20,Shanghai Pudong International Airport,PVG,2024-07-03 04:30,250,China Eastern,Business Class,1575,1045,True,1050.0,Y,Y,Y,1,10,2,32,Tuesday,True,False,False,Tan Son Nhat International Airport,SGN
Wattay International Airport,VTE,2024-07-02 10:40,Kunming Changshui International Airport,KMG,2024-07-02 13:15,95,China Eastern,Business Class,450,180,,2239.0,Y,Y,Y,1,10,2,32,Tuesday,False,False,False,Tan Son Nhat International Airport,SGN
Wattay International Airport,VTE,2024-07-02 11:30,Phnom Penh International Airport,PNH,2024-07-02 13:00,90,Vietnam Airlines,Business Class,235,70,,,Y,Y,Y,2,10,1,32,Tuesday,False,False,False,Tan Son Nhat International Airport,SGN
Wattay International Airport,VTE,2024-07-03 19:10,Guangzhou Baiyun International Airport,CAN,2024-07-03 22:25,135,China Southern,Business Class,385,60,,829.0,Y,Y,Y,1,10,2,32,Wednesday,False,False,False,Tan Son Nhat International Airport,SGN
Wattay International Airport,VTE,2024-07-03 23:20,Shanghai Pudong International Airport,PVG,2024-07-04 04:30,250,China Eastern,Business Class,1575,1065,True,1050.0,Y,Y,Y,1,10,2,32,Wednesday,True,False,False,Tan Son Nhat International Airport,SGN
Wattay International Airport,VTE,2024-07-03 21:50,Kunming Changshui International Airport,KMG,2024-07-04 00:25,95,China Eastern,Business Class,1220,950,True,1055.0,Y,Y,Y,1,10,2,32,Wednesday,True,False,False,Tan Son Nhat International Airport,SGN
Wattay International Airport,VTE,2024-07-03 11:30,Phnom Penh International Airport,PNH,2024-07-03 13:00,90,Vietnam Airlines,Business Class,235,70,,,Y,Y,Y,2,10,1,32,Wednesday,False,False,False,Tan Son Nhat International Airport,SGN
Wattay International Airport,VTE,2024-07-04 23:20,Shanghai Pudong International Airport,PVG,2024-07-05 04:30,250,China Eastern,Business Class,1575,1065,True,1050.0,Y,Y,Y,1,10,2,32,Thursday,True,False,False,Tan Son Nhat International Airport,SGN
Wattay International Airport,VTE,2024-07-04 10:40,Kunming Changshui International Airport,KMG,2024-07-04 13:15,95,China Eastern,Business Class,450,180,,1565.0,Y,Y,Y,1,10,2,32,Thursday,False,False,False,Tan Son Nhat International Airport,SGN
Wattay International Airport,VTE,2024-07-04 11:30,Phnom Penh International Airport,PNH,2024-07-04 13:00,90,Vietnam Airlines,Business Class,235,70,,,Y,Y,Y,2,10,1,32,Thursday,False,False,False,Tan Son Nhat International Airport,SGN
Wattay International Airport,VTE,2024-07-05 19:10,Guangzhou Baiyun International Airport,CAN,2024-07-05 22:25,135,China Southern,Business Class,385,60,,829.0,Y,Y,Y,1,10,2,32,Friday,False,False,False,Tan Son Nhat International Airport,SGN
Wattay International Airport,VTE,2024-07-05 23:20,Shanghai Pudong International Airport,PVG,2024-07-06 04:30,250,China Eastern,Business Class,1575,1045,True,1050.0,Y,Y,Y,1,10,2,32,Friday,True,False,False,Tan Son Nhat International Airport,SGN
Wattay International Airport,VTE,2024-07-05 21:50,Kunming Changshui International Airport,KMG,2024-07-06 00:25,95,China Eastern,Business Class,1220,950,True,1055.0,Y,Y,Y,1,10,2,32,Friday,True,False,False,Tan Son Nhat International Airport,SGN
Wattay International Airport,VTE,2024-07-05 23:20,Shanghai Pudong International Airport,PVG,2024-07-06 04:30,250,China Eastern,Business Class,760,255,True,3846.0,Y,Y,Y,1,10,2,32,Friday,True,False,False,Tan Son Nhat International Airport,SGN
Wattay International Airport,VTE,2024-07-05 11:30,Phnom Penh International Airport,PNH,2024-07-05 13:00,90,Vietnam Airlines,Business Class,235,70,,,Y,Y,Y,2,10,1,32,Friday,False,False,False,Tan Son Nhat International Airport,SGN
Wattay International Airport,VTE,2024-07-06 23:20,Shanghai Pudong International Airport,PVG,2024-07-07 04:30,250,China Eastern,Business Class,1575,1065,True,1050.0,Y,Y,Y,1,10,2,32,Saturday,True,False,False,Tan Son Nhat International Airport,SGN
Wattay International Airport,VTE,2024-07-06 10:40,Kunming Changshui International Airport,KMG,2024-07-06 13:15,95,China Eastern,Business Class,450,180,,1055.0,Y,Y,Y,1,10,2,32,Saturday,False,False,False,Tan Son Nhat International Airport,SGN
Wattay International Airport,VTE,2024-07-06 11:30,Phnom Penh International Airport,PNH,2024-07-06 13:00,90,Vietnam Airlines,Business Class,235,70,,,Y,Y,Y,2,10,1,32,Saturday,False,False,False,Tan Son Nhat International Airport,SGN
Wattay International Airport,VTE,2024-07-07 19:10,Guangzhou Baiyun International Airport,CAN,2024-07-07 22:25,135,China Southern,Business Class,385,60,,829.0,Y,Y,Y,1,10,2,32,Sunday,False,False,False,Tan Son Nhat International Airport,SGN
Wattay International Airport,VTE,2024-07-07 23:20,Shanghai Pudong International Airport,PVG,2024-07-08 04:30,250,China Eastern,Business Class,1575,1065,True,1050.0,Y,Y,Y,1,10,2,32,Sunday,True,False,False,Tan Son Nhat International Airport,SGN
Wattay International Airport,VTE,2024-07-07 11:30,Phnom Penh International Airport,PNH,2024-07-07 13:00,90,Vietnam Airlines,Business Class,235,70,,,Y,Y,Y,2,10,1,32,Sunday,False,False,False,Tan Son Nhat International Airport,SGN
Wattay International Airport,VTE,2024-07-08 23:20,Shanghai Pudong International Airport,PVG,2024-07-09 04:30,250,China Eastern,Business Class,1575,1045,True,1050.0,Y,Y,Y,1,10,2,32,Monday,True,False,False,Tan Son Nhat International Airport,SGN
Wattay International Airport,VTE,2024-07-08 21:50,Kunming Changshui International Airport,KMG,2024-07-09 00:25,95,China Eastern,Business Class,1220,950,True,1055.0,Y,Y,Y,1,10,2,32,Monday,True,False,False,Tan Son Nhat International Airport,SGN
Wattay International Airport,VTE,2024-07-08 11:30,Phnom Penh International Airport,PNH,2024-07-08 13:00,90,Vietnam Airlines,Business Class,235,70,,,Y,Y,Y,2,10,1,32,Monday,False,False,False,Tan Son Nhat International Airport,SGN
Wattay International Airport,VTE,2024-07-09 23:20,Shanghai Pudong International Airport,PVG,2024-07-10 04:30,250,China Eastern,Business Class,1575,1045,True,1050.0,Y,Y,Y,1,10,2,32,Tuesday,True,False,False,Tan Son Nhat International Airport,SGN
Wattay International Airport,VTE,2024-07-09 10:40,Kunming Changshui International Airport,KMG,2024-07-09 13:15,95,China Eastern,Business Class,450,180,,1055.0,Y,Y,Y,1,10,2,32,Tuesday,False,False,False,Tan Son Nhat International Airport,SGN
Wattay International Airport,VTE,2024-07-09 11:30,Phnom Penh International Airport,PNH,2024-07-09 13:00,90,Vietnam Airlines,Business Class,235,70,,,Y,Y,Y,2,10,1,32,Tuesday,False,False,False,Tan Son Nhat International Airport,SGN
Wattay International Airport,VTE,2024-07-10 19:10,Guangzhou Baiyun International Airport,CAN,2024-07-10 22:25,135,China Southern,Business Class,385,60,,829.0,Y,Y,Y,1,10,2,32,Wednesday,False,False,False,Tan Son Nhat International Airport,SGN
Wattay International Airport,VTE,2024-07-10 23:20,Shanghai Pudong International Airport,PVG,2024-07-11 04:30,250,China Eastern,Business Class,1575,1065,True,1050.0,Y,Y,Y,1,10,2,32,Wednesday,True,False,False,Tan Son Nhat International Airport,SGN
Wattay International Airport,VTE,2024-07-10 21:50,Kunming Changshui International Airport,KMG,2024-07-11 00:25,95,China Eastern,Business Class,1220,950,True,1055.0,Y,Y,Y,1,10,2,32,Wednesday,True,False,False,Tan Son Nhat International Airport,SGN
Wattay International Airport,VTE,2024-07-10 11:30,Phnom Penh International Airport,PNH,2024-07-10 13:00,90,Vietnam Airlines,Business Class,385,235,,,Y,Y,Y,2,10,1,32,Wednesday,False,False,False,Tan Son Nhat International Airport,SGN
Wattay International Airport,VTE,2024-07-11 23:20,Shanghai Pudong International Airport,PVG,2024-07-12 04:30,250,China Eastern,Business Class,1575,1065,True,1050.0,Y,Y,Y,1,10,2,32,Thursday,True,False,False,Tan Son Nhat International Airport,SGN
Wattay International Airport,VTE,2024-07-11 10:40,Kunming Changshui International Airport,KMG,2024-07-11 13:15,95,China Eastern,Business Class,450,180,,1055.0,Y,Y,Y,1,10,2,32,Thursday,False,False,False,Tan Son Nhat International Airport,SGN
Wattay International Airport,VTE,2024-07-11 11:30,Phnom Penh International Airport,PNH,2024-07-11 13:00,90,Vietnam Airlines,Business Class,235,70,,,Y,Y,Y,2,10,1,32,Thursday,False,False,False,Tan Son Nhat International Airport,SGN
Wattay International Airport,VTE,2024-07-12 19:10,Guangzhou Baiyun International Airport,CAN,2024-07-12 22:25,135,China Southern,Business Class,385,60,,829.0,Y,Y,Y,1,10,2,32,Friday,False,False,False,Tan Son Nhat International Airport,SGN
Wattay International Airport,VTE,2024-07-12 21:50,Kunming Changshui International Airport,KMG,2024-07-13 00:25,95,China Eastern,Business Class,1220,950,True,1055.0,Y,Y,Y,1,10,2,32,Friday,True,False,False,Tan Son Nhat International Airport,SGN
Wattay International Airport,VTE,2024-07-12 23:20,Shanghai Pudong International Airport,PVG,2024-07-13 04:30,250,China Eastern,Business Class,1575,1045,True,1106.0,Y,Y,Y,1,10,2,32,Friday,True,False,False,Tan Son Nhat International Airport,SGN
Wattay International Airport,VTE,2024-07-12 11:30,Phnom Penh International Airport,PNH,2024-07-12 13:00,90,Vietnam Airlines,Business Class,235,70,,,Y,Y,Y,2,10,1,32,Friday,False,False,False,Tan Son Nhat International Airport,SGN
Wattay International Airport,VTE,2024-07-13 10:40,Kunming Changshui International Airport,KMG,2024-07-13 13:15,95,China Eastern,Business Class,450,180,,1055.0,Y,Y,Y,1,10,2,32,Saturday,False,False,False,Tan Son Nhat International Airport,SGN
Wattay International Airport,VTE,2024-07-13 23:20,Shanghai Pudong International Airport,PVG,2024-07-14 04:30,250,China Eastern,Business Class,1575,1065,True,1106.0,Y,Y,Y,1,10,2,32,Saturday,True,False,False,Tan Son Nhat International Airport,SGN
Wattay International Airport,VTE,2024-07-13 11:30,Phnom Penh International Airport,PNH,2024-07-13 13:00,90,Vietnam Airlines,Business Class,235,70,,,Y,Y,Y,2,10,1,32,Saturday,False,False,False,Tan Son Nhat International Airport,SGN
Wattay International Airport,VTE,2024-07-14 19:10,Guangzhou Baiyun International Airport,CAN,2024-07-14 22:25,135,China Southern,Business Class,950,635,True,829.0,Y,Y,Y,1,10,2,32,Sunday,False,False,False,Tan Son Nhat International Airport,SGN
Wattay International Airport,VTE,2024-07-14 23:20,Shanghai Pudong International Airport,PVG,2024-07-15 04:30,250,China Eastern,Business Class,1575,1065,True,1106.0,Y,Y,Y,1,10,2,32,Sunday,True,False,False,Tan Son Nhat International Airport,SGN
Wattay International Airport,VTE,2024-07-14 19:10,Guangzhou Baiyun International Airport,CAN,2024-07-14 22:25,135,China Southern,Business Class,385,60,,1273.0,Y,Y,Y,1,10,2,32,Sunday,False,False,False,Tan Son Nhat International Airport,SGN
Wattay International Airport,VTE,2024-07-14 11:30,Phnom Penh International Airport,PNH,2024-07-14 13:00,90,Vietnam Airlines,Business Class,235,70,,,Y,Y,Y,2,10,1,32,Sunday,False,False,False,Tan Son Nhat International Airport,SGN
Wattay International Airport,VTE,2024-07-15 21:50,Kunming Changshui International Airport,KMG,2024-07-16 00:25,95,China Eastern,Business Class,1220,950,True,1055.0,Y,Y,Y,1,10,2,32,Monday,True,False,False,Tan Son Nhat International Airport,SGN
Wattay International Airport,VTE,2024-07-15 23:20,Shanghai Pudong International Airport,PVG,2024-07-16 04:30,250,China Eastern,Business Class,1575,1045,True,1106.0,Y,Y,Y,1,10,2,32,Monday,True,False,False,Tan Son Nhat International Airport,SGN
Wattay International Airport,VTE,2024-07-15 11:30,Phnom Penh International Airport,PNH,2024-07-15 13:00,90,Vietnam Airlines,Business Class,235,70,,,Y,Y,Y,2,10,1,32,Monday,False,False,False,Tan Son Nhat International Airport,SGN
Wattay International Airport,VTE,2024-07-16 10:40,Kunming Changshui International Airport,KMG,2024-07-16 13:15,95,China Eastern,Business Class,450,180,,1055.0,Y,Y,Y,1,10,2,32,Tuesday,False,False,False,Tan Son Nhat International Airport,SGN
Wattay International Airport,VTE,2024-07-16 23:20,Shanghai Pudong International Airport,PVG,2024-07-17 04:30,250,China Eastern,Business Class,1575,1045,True,1106.0,Y,Y,Y,1,10,2,32,Tuesday,True,False,False,Tan Son Nhat International Airport,SGN
Wattay International Airport,VTE,2024-07-16 11:30,Phnom Penh International Airport,PNH,2024-07-16 13:00,90,Vietnam Airlines,Business Class,385,235,,,Y,Y,Y,2,10,1,32,Tuesday,False,False,False,Tan Son Nhat International Airport,SGN
Wattay International Airport,VTE,2024-07-17 19:10,Guangzhou Baiyun International Airport,CAN,2024-07-17 22:25,135,China Southern,Business Class,385,60,,829.0,Y,Y,Y,1,10,2,32,Wednesday,False,False,False,Tan Son Nhat International Airport,SGN
Wattay International Airport,VTE,2024-07-17 21:50,Kunming Changshui International Airport,KMG,2024-07-18 00:25,95,China Eastern,Business Class,1220,950,True,1055.0,Y,Y,Y,1,10,2,32,Wednesday,True,False,False,Tan Son Nhat International Airport,SGN
Wattay International Airport,VTE,2024-07-17 23:20,Shanghai Pudong International Airport,PVG,2024-07-18 04:30,250,China Eastern,Business Class,1575,1065,True,1106.0,Y,Y,Y,1,10,2,32,Wednesday,True,False,False,Tan Son Nhat International Airport,SGN
Wattay International Airport,VTE,2024-07-17 11:30,Phnom Penh International Airport,PNH,2024-07-17 13:00,90,Vietnam Airlines,Business Class,235,70,,,Y,Y,Y,2,10,1,32,Wednesday,False,False,False,Tan Son Nhat International Airport,SGN
Wattay International Airport,VTE,2024-07-18 10:40,Kunming Changshui International Airport,KMG,2024-07-18 13:15,95,China Eastern,Business Class,450,180,,1055.0,Y,Y,Y,1,10,2,32,Thursday,False,False,False,Tan Son Nhat International Airport,SGN
Wattay International Airport,VTE,2024-07-18 23:20,Shanghai Pudong International Airport,PVG,2024-07-19 04:30,250,China Eastern,Business Class,1575,1065,True,1106.0,Y,Y,Y,1,10,2,32,Thursday,True,False,False,Tan Son Nhat International Airport,SGN
Wattay International Airport,VTE,2024-07-18 11:30,Phnom Penh International Airport,PNH,2024-07-18 13:00,90,Vietnam Airlines,Business Class,235,70,,,Y,Y,Y,2,10,1,32,Thursday,False,False,False,Tan Son Nhat International Airport,SGN
Wattay International Airport,VTE,2024-07-19 21:50,Kunming Changshui International Airport,KMG,2024-07-20 00:25,95,China Eastern,Business Class,1220,950,True,1055.0,Y,Y,Y,1,10,2,32,Friday,True,False,False,Tan Son Nhat International Airport,SGN
Wattay International Airport,VTE,2024-07-19 23:20,Shanghai Pudong International Airport,PVG,2024-07-20 04:30,250,China Eastern,Business Class,1575,1045,True,1106.0,Y,Y,Y,1,10,2,32,Friday,True,False,False,Tan Son Nhat International Airport,SGN
Wattay International Airport,VTE,2024-07-19 19:10,Guangzhou Baiyun International Airport,CAN,2024-07-19 22:25,135,China Southern,Business Class,385,60,,1644.0,Y,Y,Y,1,10,2,32,Friday,False,False,False,Tan Son Nhat International Airport,SGN
Wattay International Airport,VTE,2024-07-19 11:30,Phnom Penh International Airport,PNH,2024-07-19 13:00,90,Vietnam Airlines,Business Class,235,70,,,Y,Y,Y,2,10,1,32,Friday,False,False,False,Tan Son Nhat International Airport,SGN
Wattay International Airport,VTE,2024-07-20 10:40,Kunming Changshui International Airport,KMG,2024-07-20 13:15,95,China Eastern,Business Class,450,180,,1055.0,Y,Y,Y,1,10,2,32,Saturday,False,True,False,Tan Son Nhat International Airport,SGN
Wattay International Airport,VTE,2024-07-20 23:20,Shanghai Pudong International Airport,PVG,2024-07-21 04:30,250,China Eastern,Business Class,1575,1065,True,1106.0,Y,Y,Y,1,10,2,32,Saturday,True,True,False,Tan Son Nhat International Airport,SGN
Wattay International Airport,VTE,2024-07-20 11:30,Phnom Penh International Airport,PNH,2024-07-20 13:00,90,Vietnam Airlines,Business Class,235,70,,,Y,Y,Y,2,10,1,32,Saturday,False,True,False,Tan Son Nhat International Airport,SGN
Wattay International Airport,VTE,2024-07-21 19:10,Guangzhou Baiyun International Airport,CAN,2024-07-21 22:25,135,China Southern,Business Class,385,60,,829.0,Y,Y,Y,1,10,2,32,Sunday,False,False,False,Tan Son Nhat International Airport,SGN
Wattay International Airport,VTE,2024-07-21 23:20,Shanghai Pudong International Airport,PVG,2024-07-22 04:30,250,China Eastern,Business Class,1575,1065,True,1106.0,Y,Y,Y,1,10,2,32,Sunday,True,False,False,Tan Son Nhat International Airport,SGN
Wattay International Airport,VTE,2024-07-21 11:30,Phnom Penh International Airport,PNH,2024-07-21 13:00,90,Vietnam Airlines,Business Class,235,70,,,Y,Y,Y,2,10,1,32,Sunday,False,False,False,Tan Son Nhat International Airport,SGN
Wattay International Airport,VTE,2024-07-22 21:50,Kunming Changshui International Airport,KMG,2024-07-23 00:25,95,China Eastern,Business Class,1220,950,True,1055.0,Y,Y,Y,1,10,2,32,Monday,True,False,False,Tan Son Nhat International Airport,SGN
Wattay International Airport,VTE,2024-07-22 23:20,Shanghai Pudong International Airport,PVG,2024-07-23 04:30,250,China Eastern,Business Class,1575,1045,True,1106.0,Y,Y,Y,1,10,2,32,Monday,True,False,False,Tan Son Nhat International Airport,SGN
Wattay International Airport,VTE,2024-07-22 11:30,Phnom Penh International Airport,PNH,2024-07-22 13:00,90,Vietnam Airlines,Business Class,235,70,,,Y,Y,Y,2,10,1,32,Monday,False,False,False,Tan Son Nhat International Airport,SGN
Wattay International Airport,VTE,2024-07-23 23:20,Shanghai Pudong International Airport,PVG,2024-07-24 04:30,250,China Eastern,Business Class,1575,1045,True,1033.0,Y,Y,Y,1,10,2,32,Tuesday,True,False,False,Tan Son Nhat International Airport,SGN
Wattay International Airport,VTE,2024-07-23 10:40,Kunming Changshui International Airport,KMG,2024-07-23 13:15,95,China Eastern,Business Class,450,180,,1055.0,Y,Y,Y,1,10,2,32,Tuesday,False,False,False,Tan Son Nhat International Airport,SGN
Wattay International Airport,VTE,2024-07-23 11:30,Phnom Penh International Airport,PNH,2024-07-23 13:00,90,Vietnam Airlines,Business Class,235,70,,,Y,Y,Y,2,10,1,32,Tuesday,False,False,False,Tan Son Nhat International Airport,SGN
Wattay International Airport,VTE,2024-07-24 19:10,Guangzhou Baiyun International Airport,CAN,2024-07-24 22:25,135,China Southern,Business Class,385,60,,829.0,Y,Y,Y,1,10,2,32,Wednesday,False,False,False,Tan Son Nhat International Airport,SGN
Wattay International Airport,VTE,2024-07-24 21:50,Kunming Changshui International Airport,KMG,2024-07-25 00:25,95,China Eastern,Business Class,1220,950,True,903.0,Y,Y,Y,1,10,2,32,Wednesday,True,False,False,Tan Son Nhat International Airport,SGN
Wattay International Airport,VTE,2024-07-24 23:20,Shanghai Pudong International Airport,PVG,2024-07-25 04:30,250,China Eastern,Business Class,1575,1065,True,922.0,Y,Y,Y,1,10,2,32,Wednesday,True,False,False,Tan Son Nhat International Airport,SGN
Wattay International Airport,VTE,2024-07-24 11:30,Phnom Penh International Airport,PNH,2024-07-24 13:00,90,Vietnam Airlines,Business Class,235,70,,,Y,Y,Y,2,10,1,32,Wednesday,False,False,False,Tan Son Nhat International Airport,SGN
Wattay International Airport,VTE,2024-07-25 10:40,Kunming Changshui International Airport,KMG,2024-07-25 13:15,95,China Eastern,Business Class,450,180,,903.0,Y,Y,Y,1,10,2,32,Thursday,False,False,False,Tan Son Nhat International Airport,SGN
Wattay International Airport,VTE,2024-07-25 23:20,Shanghai Pudong International Airport,PVG,2024-07-26 04:30,250,China Eastern,Business Class,1575,1065,True,922.0,Y,Y,Y,1,10,2,32,Thursday,True,False,False,Tan Son Nhat International Airport,SGN
Wattay International Airport,VTE,2024-07-25 11:30,Phnom Penh International Airport,PNH,2024-07-25 13:00,90,Vietnam Airlines,Business Class,235,70,,,Y,Y,Y,2,10,1,32,Thursday,False,False,False,Tan Son Nhat International Airport,SGN
Wattay International Airport,VTE,2024-07-26 19:10,Guangzhou Baiyun International Airport,CAN,2024-07-26 22:25,135,China Southern,Business Class,385,60,,829.0,Y,Y,Y,1,10,2,32,Friday,False,False,False,Tan Son Nhat International Airport,SGN
Wattay International Airport,VTE,2024-07-26 21:50,Kunming Changshui International Airport,KMG,2024-07-27 00:25,95,China Eastern,Business Class,1220,950,True,903.0,Y,Y,Y,1,10,2,32,Friday,True,False,False,Tan Son Nhat International Airport,SGN
Wattay International Airport,VTE,2024-07-26 23:20,Shanghai Pudong International Airport,PVG,2024-07-27 04:30,250,China Eastern,Business Class,1575,1045,True,922.0,Y,Y,Y,1,10,2,32,Friday,True,False,False,Tan Son Nhat International Airport,SGN
Wattay International Airport,VTE,2024-07-26 11:30,Phnom Penh International Airport,PNH,2024-07-26 13:00,90,Vietnam Airlines,Business Class,235,70,,,Y,Y,Y,2,10,1,32,Friday,False,False,False,Tan Son Nhat International Airport,SGN
Wattay International Airport,VTE,2024-07-27 10:40,Kunming Changshui International Airport,KMG,2024-07-27 13:15,95,China Eastern,Business Class,450,180,,903.0,Y,Y,Y,1,10,2,32,Saturday,False,False,False,Tan Son Nhat International Airport,SGN
Wattay International Airport,VTE,2024-07-27 23:20,Shanghai Pudong International Airport,PVG,2024-07-28 04:30,250,China Eastern,Business Class,1575,1065,True,922.0,Y,Y,Y,1,10,2,32,Saturday,True,False,False,Tan Son Nhat International Airport,SGN
Wattay International Airport,VTE,2024-07-27 11:30,Phnom Penh International Airport,PNH,2024-07-27 13:00,90,Vietnam Airlines,Business Class,235,70,,,Y,Y,Y,2,10,1,32,Saturday,False,False,False,Tan Son Nhat International Airport,SGN
Wattay International Airport,VTE,2024-07-28 19:10,Guangzhou Baiyun International Airport,CAN,2024-07-28 22:25,135,China Southern,Business Class,385,60,,829.0,Y,Y,Y,1,10,2,32,Sunday,False,False,False,Tan Son Nhat International Airport,SGN
Wattay International Airport,VTE,2024-07-28 23:20,Shanghai Pudong International Airport,PVG,2024-07-29 04:30,250,China Eastern,Business Class,1575,1065,True,922.0,Y,Y,Y,1,10,2,32,Sunday,True,False,False,Tan Son Nhat International Airport,SGN
Wattay International Airport,VTE,2024-07-28 11:30,Phnom Penh International Airport,PNH,2024-07-28 13:00,90,Vietnam Airlines,Business Class,235,70,,,Y,Y,Y,2,10,1,32,Sunday,False,False,False,Tan Son Nhat International Airport,SGN
Wattay International Airport,VTE,2024-07-29 23:20,Shanghai Pudong International Airport,PVG,2024-07-30 04:30,250,China Eastern,Business Class,1575,1045,True,922.0,Y,Y,Y,1,10,2,32,Monday,True,False,False,Tan Son Nhat International Airport,SGN
Wattay International Airport,VTE,2024-07-29 21:50,Kunming Changshui International Airport,KMG,2024-07-30 00:25,95,China Eastern,Business Class,1220,950,True,1223.0,Y,Y,Y,1,10,2,32,Monday,True,False,False,Tan Son Nhat International Airport,SGN
Wattay International Airport,VTE,2024-07-29 11:30,Phnom Penh International Airport,PNH,2024-07-29 13:00,90,Vietnam Airlines,Business Class,235,70,,,Y,Y,Y,2,10,1,32,Monday,False,False,False,Tan Son Nhat International Airport,SGN
Wattay International Airport,VTE,2024-07-30 23:20,Shanghai Pudong International Airport,PVG,2024-07-31 04:30,250,China Eastern,Business Class,1575,1045,True,922.0,Y,Y,Y,1,10,2,32,Tuesday,True,False,False,Tan Son Nhat International Airport,SGN
Wattay International Airport,VTE,2024-07-30 10:40,Kunming Changshui International Airport,KMG,2024-07-30 13:15,95,China Eastern,Business Class,450,180,,1565.0,Y,Y,Y,1,10,2,32,Tuesday,False,False,False,Tan Son Nhat International Airport,SGN
Wattay International Airport,VTE,2024-07-30 20:00,Noi Bai International Airport,HAN,2024-07-30 21:25,85,Vietnam Airlines,Business Class,675,455,True,,Y,Y,Y,2,10,1,32,Tuesday,False,False,False,Tan Son Nhat International Airport,SGN
Wattay International Airport,VTE,2024-07-31 19:10,Guangzhou Baiyun International Airport,CAN,2024-07-31 22:25,135,China Southern,Business Class,385,60,,829.0,Y,Y,Y,1,10,2,32,Wednesday,False,False,False,Tan Son Nhat International Airport,SGN
Wattay International Airport,VTE,2024-07-31 21:50,Kunming Changshui International Airport,KMG,2024-08-01 00:25,95,China Eastern,Business Class,1220,950,True,903.0,Y,Y,Y,1,10,2,32,Wednesday,True,False,False,Tan Son Nhat International Airport,SGN
Wattay International Airport,VTE,2024-07-31 23:20,Shanghai Pudong International Airport,PVG,2024-08-01 04:30,250,China Eastern,Business Class,1575,1065,True,922.0,Y,Y,Y,1,10,2,32,Wednesday,True,False,False,Tan Son Nhat International Airport,SGN
Wattay International Airport,VTE,2024-07-31 11:30,Phnom Penh International Airport,PNH,2024-07-31 13:00,90,Vietnam Airlines,Business Class,235,70,,,Y,Y,Y,2,10,1,32,Wednesday,False,False,False,Tan Son Nhat International Airport,SGN
Wattay International Airport,VTE,2024-08-01 10:40,Kunming Changshui International Airport,KMG,2024-08-01 13:15,95,China Eastern,Business Class,450,180,,792.0,Y,Y,Y,1,10,2,32,Thursday,False,False,False,Tan Son Nhat International Airport,SGN
Wattay International Airport,VTE,2024-08-01 11:30,Phnom Penh International Airport,PNH,2024-08-01 13:00,90,Vietnam Airlines,Business Class,235,70,,,Y,Y,Y,2,10,1,32,Thursday,False,False,False,Tan Son Nhat International Airport,SGN
Wattay International Airport,VTE,2024-08-02 19:10,Guangzhou Baiyun International Airport,CAN,2024-08-02 22:25,135,China Southern,Business Class,385,60,,948.0,Y,Y,Y,1,10,2,32,Friday,False,False,False,Tan Son Nhat International Airport,SGN
Wattay International Airport,VTE,2024-08-02 19:10,Guangzhou Baiyun International Airport,CAN,2024-08-02 22:25,135,China Southern,Business Class,950,625,True,677.0,Y,Y,Y,1,10,2,32,Friday,False,False,False,Tan Son Nhat International Airport,SGN
Wattay International Airport,VTE,2024-08-02 10:40,Kunming Changshui International Airport,KMG,2024-08-02 13:15,95,China Eastern,Business Class,1890,1620,True,792.0,Y,Y,Y,1,10,2,32,Friday,False,False,False,Tan Son Nhat International Airport,SGN
Wattay International Airport,VTE,2024-08-02 23:20,Shanghai Pudong International Airport,PVG,2024-08-03 04:30,250,China Eastern,Business Class,1575,1045,True,1107.0,Y,Y,Y,1,10,2,32,Friday,True,False,False,Tan Son Nhat International Airport,SGN
Wattay International Airport,VTE,2024-08-02 21:50,Kunming Changshui International Airport,KMG,2024-08-03 00:25,95,China Eastern,Business Class,1220,950,True,1289.0,Y,Y,Y,1,10,2,32,Friday,True,False,False,Tan Son Nhat International Airport,SGN
Wattay International Airport,VTE,2024-08-02 11:30,Phnom Penh International Airport,PNH,2024-08-02 13:00,90,Vietnam Airlines,Business Class,235,70,,,Y,Y,Y,2,10,1,32,Friday,False,False,False,Tan Son Nhat International Airport,SGN
Wattay International Airport,VTE,2024-08-03 23:20,Shanghai Pudong International Airport,PVG,2024-08-04 04:30,250,China Eastern,Business Class,1575,1065,True,1107.0,Y,Y,Y,1,10,2,32,Saturday,True,False,False,Tan Son Nhat International Airport,SGN
Wattay International Airport,VTE,2024-08-03 10:40,Kunming Changshui International Airport,KMG,2024-08-03 13:15,95,China Eastern,Business Class,450,180,,1567.0,Y,Y,Y,1,10,2,32,Saturday,False,False,False,Tan Son Nhat International Airport,SGN
Wattay International Airport,VTE,2024-08-03 11:30,Phnom Penh International Airport,PNH,2024-08-03 13:00,90,Vietnam Airlines,Business Class,235,70,,,Y,Y,Y,2,10,1,32,Saturday,False,False,False,Tan Son Nhat International Airport,SGN
Wattay International Airport,VTE,2024-08-04 19:10,Guangzhou Baiyun International Airport,CAN,2024-08-04 22:25,135,China Southern,Business Class,385,60,,677.0,Y,Y,Y,1,10,2,32,Sunday,False,False,False,Tan Son Nhat International Airport,SGN
Wattay International Airport,VTE,2024-08-04 23:20,Shanghai Pudong International Airport,PVG,2024-08-05 04:30,250,China Eastern,Business Class,1575,1065,True,1107.0,Y,Y,Y,1,10,2,32,Sunday,True,False,False,Tan Son Nhat International Airport,SGN
Wattay International Airport,VTE,2024-08-04 11:30,Phnom Penh International Airport,PNH,2024-08-04 13:00,90,Vietnam Airlines,Business Class,235,70,,,Y,Y,Y,2,10,1,32,Sunday,False,False,False,Tan Son Nhat International Airport,SGN
Wattay International Airport,VTE,2024-08-05 10:40,Kunming Changshui International Airport,KMG,2024-08-05 13:15,95,China Eastern,Business Class,1890,1620,True,1567.0,Y,Y,Y,1,10,2,32,Monday,False,False,False,Tan Son Nhat International Airport,SGN
Wattay International Airport,VTE,2024-08-05 11:30,Phnom Penh International Airport,PNH,2024-08-05 13:00,90,Vietnam Airlines,Business Class,235,70,,,Y,Y,Y,2,10,1,32,Monday,False,False,False,Tan Son Nhat International Airport,SGN
Wattay International Airport,VTE,2024-08-06 10:40,Kunming Changshui International Airport,KMG,2024-08-06 13:15,95,China Eastern,Business Class,450,180,,1567.0,Y,Y,Y,1,10,2,32,Tuesday,False,False,False,Tan Son Nhat International Airport,SGN
Wattay International Airport,VTE,2024-08-06 11:30,Phnom Penh International Airport,PNH,2024-08-06 13:00,90,Vietnam Airlines,Business Class,235,70,,,Y,Y,Y,2,10,1,32,Tuesday,False,False,False,Tan Son Nhat International Airport,SGN
Wattay International Airport,VTE,2024-08-07 19:10,Guangzhou Baiyun International Airport,CAN,2024-08-07 22:25,135,China Southern,Business Class,385,60,,677.0,Y,Y,Y,1,10,2,32,Wednesday,False,False,False,Tan Son Nhat International Airport,SGN
Wattay International Airport,VTE,2024-08-07 21:50,Kunming Changshui International Airport,KMG,2024-08-08 00:25,95,China Eastern,Business Class,1220,950,True,792.0,Y,Y,Y,1,10,2,32,Wednesday,True,False,False,Tan Son Nhat International Airport,SGN
Wattay International Airport,VTE,2024-08-07 23:20,Shanghai Pudong International Airport,PVG,2024-08-08 04:30,250,China Eastern,Business Class,1575,1065,True,1107.0,Y,Y,Y,1,10,2,32,Wednesday,True,False,False,Tan Son Nhat International Airport,SGN
Wattay International Airport,VTE,2024-08-07 11:30,Phnom Penh International Airport,PNH,2024-08-07 13:00,90,Vietnam Airlines,Business Class,235,70,,,Y,Y,Y,2,10,1,32,Wednesday,False,False,False,Tan Son Nhat International Airport,SGN
Wattay International Airport,VTE,2024-08-08 10:40,Kunming Changshui International Airport,KMG,2024-08-08 13:15,95,China Eastern,Business Class,450,180,,857.0,Y,Y,Y,1,10,2,32,Thursday,False,False,False,Tan Son Nhat International Airport,SGN
Wattay International Airport,VTE,2024-08-08 23:20,Shanghai Pudong International Airport,PVG,2024-08-09 04:30,250,China Eastern,Business Class,1575,1065,True,1107.0,Y,Y,Y,1,10,2,32,Thursday,True,False,False,Tan Son Nhat International Airport,SGN
Wattay International Airport,VTE,2024-08-08 11:30,Phnom Penh International Airport,PNH,2024-08-08 13:00,90,Vietnam Airlines,Business Class,235,70,,,Y,Y,Y,2,10,1,32,Thursday,False,False,False,Tan Son Nhat International Airport,SGN
Wattay International Airport,VTE,2024-08-09 19:10,Guangzhou Baiyun International Airport,CAN,2024-08-09 22:25,135,China Southern,Business Class,950,625,True,677.0,Y,Y,Y,1,10,2,32,Friday,False,False,False,Tan Son Nhat International Airport,SGN
Wattay International Airport,VTE,2024-08-09 19:10,Guangzhou Baiyun International Airport,CAN,2024-08-09 22:25,135,China Southern,Business Class,385,60,,948.0,Y,Y,Y,1,10,2,32,Friday,False,False,False,Tan Son Nhat International Airport,SGN
Wattay International Airport,VTE,2024-08-09 21:50,Kunming Changshui International Airport,KMG,2024-08-10 00:25,95,China Eastern,Business Class,1220,950,True,792.0,Y,Y,Y,1,10,2,32,Friday,True,False,False,Tan Son Nhat International Airport,SGN
Wattay International Airport,VTE,2024-08-09 23:20,Shanghai Pudong International Airport,PVG,2024-08-10 04:30,250,China Eastern,Business Class,1575,1045,True,1107.0,Y,Y,Y,1,10,2,32,Friday,True,False,False,Tan Son Nhat International Airport,SGN
Wattay International Airport,VTE,2024-08-09 11:30,Phnom Penh International Airport,PNH,2024-08-09 13:00,90,Vietnam Airlines,Business Class,235,70,,,Y,Y,Y,2,10,1,32,Friday,False,False,False,Tan Son Nhat International Airport,SGN
Wattay International Airport,VTE,2024-08-10 10:40,Kunming Changshui International Airport,KMG,2024-08-10 13:15,95,China Eastern,Business Class,450,180,,792.0,Y,Y,Y,1,10,2,32,Saturday,False,False,False,Tan Son Nhat International Airport,SGN
Wattay International Airport,VTE,2024-08-10 23:20,Shanghai Pudong International Airport,PVG,2024-08-11 04:30,250,China Eastern,Business Class,1575,1065,True,1107.0,Y,Y,Y,1,10,2,32,Saturday,True,False,False,Tan Son Nhat International Airport,SGN
Wattay International Airport,VTE,2024-08-10 11:30,Phnom Penh International Airport,PNH,2024-08-10 13:00,90,Vietnam Airlines,Business Class,235,70,,,Y,Y,Y,2,10,1,32,Saturday,False,False,False,Tan Son Nhat International Airport,SGN
Wattay International Airport,VTE,2024-08-11 19:10,Guangzhou Baiyun International Airport,CAN,2024-08-11 22:25,135,China Southern,Business Class,385,60,,677.0,Y,Y,Y,1,10,2,32,Sunday,False,False,False,Tan Son Nhat International Airport,SGN
Wattay International Airport,VTE,2024-08-11 23:20,Shanghai Pudong International Airport,PVG,2024-08-12 04:30,250,China Eastern,Business Class,1575,1065,True,1107.0,Y,Y,Y,1,10,2,32,Sunday,True,False,False,Tan Son Nhat International Airport,SGN
Wattay International Airport,VTE,2024-08-11 11:30,Phnom Penh International Airport,PNH,2024-08-11 13:00,90,Vietnam Airlines,Business Class,235,70,,,Y,Y,Y,2,10,1,32,Sunday,False,False,False,Tan Son Nhat International Airport,SGN
Wattay International Airport,VTE,2024-08-12 21:50,Kunming Changshui International Airport,KMG,2024-08-13 00:25,95,China Eastern,Business Class,1220,950,True,792.0,Y,Y,Y,1,10,2,32,Monday,True,False,False,Tan Son Nhat International Airport,SGN
Wattay International Airport,VTE,2024-08-12 23:20,Shanghai Pudong International Airport,PVG,2024-08-13 04:30,250,China Eastern,Business Class,1575,1045,True,1107.0,Y,Y,Y,1,10,2,32,Monday,True,False,False,Tan Son Nhat International Airport,SGN
Wattay International Airport,VTE,2024-08-12 11:30,Phnom Penh International Airport,PNH,2024-08-12 13:00,90,Vietnam Airlines,Business Class,235,70,,,Y,Y,Y,2,10,1,32,Monday,False,False,False,Tan Son Nhat International Airport,SGN
Wattay International Airport,VTE,2024-08-13 10:40,Kunming Changshui International Airport,KMG,2024-08-13 13:15,95,China Eastern,Business Class,450,180,,857.0,Y,Y,Y,1,10,2,32,Tuesday,False,False,False,Tan Son Nhat International Airport,SGN
Wattay International Airport,VTE,2024-08-13 23:20,Shanghai Pudong International Airport,PVG,2024-08-14 04:30,250,China Eastern,Business Class,1575,1045,True,1107.0,Y,Y,Y,1,10,2,32,Tuesday,True,False,False,Tan Son Nhat International Airport,SGN
Wattay International Airport,VTE,2024-08-13 11:30,Phnom Penh International Airport,PNH,2024-08-13 13:00,90,Vietnam Airlines,Business Class,235,70,,,Y,Y,Y,2,10,1,32,Tuesday,False,False,False,Tan Son Nhat International Airport,SGN
Wattay International Airport,VTE,2024-08-14 19:10,Guangzhou Baiyun International Airport,CAN,2024-08-14 22:25,135,China Southern,Business Class,385,60,,677.0,Y,Y,Y,1,10,2,32,Wednesday,False,False,False,Tan Son Nhat International Airport,SGN
Wattay International Airport,VTE,2024-08-14 21:50,Kunming Changshui International Airport,KMG,2024-08-15 00:25,95,China Eastern,Business Class,1220,950,True,792.0,Y,Y,Y,1,10,2,32,Wednesday,True,False,False,Tan Son Nhat International Airport,SGN
Wattay International Airport,VTE,2024-08-14 23:20,Shanghai Pudong International Airport,PVG,2024-08-15 04:30,250,China Eastern,Business Class,1575,1065,True,1107.0,Y,Y,Y,1,10,2,32,Wednesday,True,False,False,Tan Son Nhat International Airport,SGN
Wattay International Airport,VTE,2024-08-14 11:30,Phnom Penh International Airport,PNH,2024-08-14 13:00,90,Vietnam Airlines,Business Class,235,70,,,Y,Y,Y,2,10,1,32,Wednesday,False,False,False,Tan Son Nhat International Airport,SGN
Wattay International Airport,VTE,2024-08-15 10:40,Kunming Changshui International Airport,KMG,2024-08-15 13:15,95,China Eastern,Business Class,450,180,,792.0,Y,Y,Y,1,10,2,32,Thursday,False,False,False,Tan Son Nhat International Airport,SGN
Wattay International Airport,VTE,2024-08-15 23:20,Shanghai Pudong International Airport,PVG,2024-08-16 04:30,250,China Eastern,Business Class,1575,1065,True,1107.0,Y,Y,Y,1,10,2,32,Thursday,True,False,False,Tan Son Nhat International Airport,SGN
Wattay International Airport,VTE,2024-08-15 11:30,Phnom Penh International Airport,PNH,2024-08-15 13:00,90,Vietnam Airlines,Business Class,235,70,,,Y,Y,Y,2,10,1,32,Thursday,False,False,False,Tan Son Nhat International Airport,SGN
Wattay International Airport,VTE,2024-08-16 19:10,Guangzhou Baiyun International Airport,CAN,2024-08-16 22:25,135,China Southern,Business Class,385,60,,677.0,Y,Y,Y,1,10,2,32,Friday,False,False,False,Tan Son Nhat International Airport,SGN
Wattay International Airport,VTE,2024-08-16 21:50,Kunming Changshui International Airport,KMG,2024-08-17 00:25,95,China Eastern,Business Class,1220,950,True,751.0,Y,Y,Y,1,10,2,32,Friday,True,False,False,Tan Son Nhat International Airport,SGN
Wattay International Airport,VTE,2024-08-16 23:20,Shanghai Pudong International Airport,PVG,2024-08-17 04:30,250,China Eastern,Business Class,1575,1045,True,1035.0,Y,Y,Y,1,10,2,32,Friday,True,False,False,Tan Son Nhat International Airport,SGN
Wattay International Airport,VTE,2024-08-16 11:30,Phnom Penh International Airport,PNH,2024-08-16 13:00,90,Vietnam Airlines,Business Class,235,70,,,Y,Y,Y,2,10,1,32,Friday,False,False,False,Tan Son Nhat International Airport,SGN
Wattay International Airport,VTE,2024-08-17 10:40,Kunming Changshui International Airport,KMG,2024-08-17 13:15,95,China Eastern,Business Class,450,180,,751.0,Y,Y,Y,1,10,2,32,Saturday,False,False,False,Tan Son Nhat International Airport,SGN
Wattay International Airport,VTE,2024-08-17 23:20,Shanghai Pudong International Airport,PVG,2024-08-18 04:30,250,China Eastern,Business Class,1575,1065,True,924.0,Y,Y,Y,1,10,2,32,Saturday,True,False,False,Tan Son Nhat International Airport,SGN
Wattay International Airport,VTE,2024-08-17 11:30,Phnom Penh International Airport,PNH,2024-08-17 13:00,90,Vietnam Airlines,Business Class,235,70,,,Y,Y,Y,2,10,1,32,Saturday,False,False,False,Tan Son Nhat International Airport,SGN
Wattay International Airport,VTE,2024-08-18 19:10,Guangzhou Baiyun International Airport,CAN,2024-08-18 22:25,135,China Southern,Business Class,385,60,,677.0,Y,Y,Y,1,10,2,32,Sunday,False,False,False,Tan Son Nhat International Airport,SGN
Wattay International Airport,VTE,2024-08-18 23:20,Shanghai Pudong International Airport,PVG,2024-08-19 04:30,250,China Eastern,Business Class,1575,1065,True,924.0,Y,Y,Y,1,10,2,32,Sunday,True,False,False,Tan Son Nhat International Airport,SGN
Wattay International Airport,VTE,2024-08-18 11:30,Phnom Penh International Airport,PNH,2024-08-18 13:00,90,Vietnam Airlines,Business Class,235,70,,,Y,Y,Y,2,10,1,32,Sunday,False,False,False,Tan Son Nhat International Airport,SGN
Wattay International Airport,VTE,2024-08-19 21:50,Kunming Changshui International Airport,KMG,2024-08-20 00:25,95,China Eastern,Business Class,1220,950,True,751.0,Y,Y,Y,1,10,2,32,Monday,True,False,False,Tan Son Nhat International Airport,SGN
Wattay International Airport,VTE,2024-08-19 23:20,Shanghai Pudong International Airport,PVG,2024-08-20 04:30,250,China Eastern,Business Class,1575,1045,True,924.0,Y,Y,Y,1,10,2,32,Monday,True,False,False,Tan Son Nhat International Airport,SGN
Wattay International Airport,VTE,2024-08-19 11:30,Phnom Penh International Airport,PNH,2024-08-19 13:00,90,Vietnam Airlines,Business Class,235,70,,,Y,Y,Y,2,10,1,32,Monday,False,False,False,Tan Son Nhat International Airport,SGN
Wattay International Airport,VTE,2024-08-20 10:40,Kunming Changshui International Airport,KMG,2024-08-20 13:15,95,China Eastern,Business Class,450,180,,751.0,Y,Y,Y,1,10,2,32,Tuesday,False,False,False,Tan Son Nhat International Airport,SGN
Wattay International Airport,VTE,2024-08-20 23:20,Shanghai Pudong International Airport,PVG,2024-08-21 04:30,250,China Eastern,Business Class,1575,1045,True,896.0,Y,Y,Y,1,10,2,32,Tuesday,True,False,False,Tan Son Nhat International Airport,SGN
Wattay International Airport,VTE,2024-08-20 11:30,Phnom Penh International Airport,PNH,2024-08-20 13:00,90,Vietnam Airlines,Business Class,235,70,,,Y,Y,Y,2,10,1,32,Tuesday,False,False,False,Tan Son Nhat International Airport,SGN
Wattay International Airport,VTE,2024-08-21 19:10,Guangzhou Baiyun International Airport,CAN,2024-08-21 22:25,135,China Southern,Business Class,385,60,,677.0,Y,Y,Y,1,10,2,32,Wednesday,False,False,False,Tan Son Nhat International Airport,SGN
Wattay International Airport,VTE,2024-08-21 21:50,Kunming Changshui International Airport,KMG,2024-08-22 00:25,95,China Eastern,Business Class,1220,950,True,751.0,Y,Y,Y,1,10,2,32,Wednesday,True,False,False,Tan Son Nhat International Airport,SGN
Wattay International Airport,VTE,2024-08-21 23:20,Shanghai Pudong International Airport,PVG,2024-08-22 04:30,250,China Eastern,Business Class,1575,1065,True,896.0,Y,Y,Y,1,10,2,32,Wednesday,True,False,False,Tan Son Nhat International Airport,SGN
Wattay International Airport,VTE,2024-08-21 11:30,Phnom Penh International Airport,PNH,2024-08-21 13:00,90,Vietnam Airlines,Business Class,235,70,,,Y,Y,Y,2,10,1,32,Wednesday,False,False,False,Tan Son Nhat International Airport,SGN
Wattay International Airport,VTE,2024-08-22 10:40,Kunming Changshui International Airport,KMG,2024-08-22 13:15,95,China Eastern,Business Class,450,180,,751.0,Y,Y,Y,1,10,2,32,Thursday,False,False,False,Tan Son Nhat International Airport,SGN
Wattay International Airport,VTE,2024-08-22 23:20,Shanghai Pudong International Airport,PVG,2024-08-23 04:30,250,China Eastern,Business Class,1575,1065,True,896.0,Y,Y,Y,1,10,2,32,Thursday,True,False,False,Tan Son Nhat International Airport,SGN
Wattay International Airport,VTE,2024-08-22 11:30,Phnom Penh International Airport,PNH,2024-08-22 13:00,90,Vietnam Airlines,Business Class,235,70,,,Y,Y,Y,2,10,1,32,Thursday,False,False,False,Tan Son Nhat International Airport,SGN
Wattay International Airport,VTE,2024-08-23 19:10,Guangzhou Baiyun International Airport,CAN,2024-08-23 22:25,135,China Southern,Business Class,385,60,,677.0,Y,Y,Y,1,10,2,32,Friday,False,False,False,Tan Son Nhat International Airport,SGN
Wattay International Airport,VTE,2024-08-23 21:50,Kunming Changshui International Airport,KMG,2024-08-24 00:25,95,China Eastern,Business Class,1220,950,True,751.0,Y,Y,Y,1,10,2,32,Friday,True,False,False,Tan Son Nhat International Airport,SGN
Wattay International Airport,VTE,2024-08-23 23:20,Shanghai Pudong International Airport,PVG,2024-08-24 04:30,250,China Eastern,Business Class,1575,1045,True,896.0,Y,Y,Y,1,10,2,32,Friday,True,False,False,Tan Son Nhat International Airport,SGN
Wattay International Airport,VTE,2024-08-23 11:30,Phnom Penh International Airport,PNH,2024-08-23 13:00,90,Vietnam Airlines,Business Class,235,70,,,Y,Y,Y,2,10,1,32,Friday,False,False,False,Tan Son Nhat International Airport,SGN
Wattay International Airport,VTE,2024-08-24 10:40,Kunming Changshui International Airport,KMG,2024-08-24 13:15,95,China Eastern,Business Class,450,180,,751.0,Y,Y,Y,1,10,2,32,Saturday,False,False,False,Tan Son Nhat International Airport,SGN
Wattay International Airport,VTE,2024-08-24 23:20,Shanghai Pudong International Airport,PVG,2024-08-25 04:30,250,China Eastern,Business Class,1575,1065,True,896.0,Y,Y,Y,1,10,2,32,Saturday,True,False,False,Tan Son Nhat International Airport,SGN
Wattay International Airport,VTE,2024-08-24 11:30,Phnom Penh International Airport,PNH,2024-08-24 13:00,90,Vietnam Airlines,Business Class,235,70,,,Y,Y,Y,2,10,1,32,Saturday,False,False,False,Tan Son Nhat International Airport,SGN
Wattay International Airport,VTE,2024-08-25 19:10,Guangzhou Baiyun International Airport,CAN,2024-08-25 22:25,135,China Southern,Business Class,385,60,,677.0,Y,Y,Y,1,10,2,32,Sunday,False,False,False,Tan Son Nhat International Airport,SGN
Wattay International Airport,VTE,2024-08-25 23:20,Shanghai Pudong International Airport,PVG,2024-08-26 04:30,250,China Eastern,Business Class,1575,1065,True,896.0,Y,Y,Y,1,10,2,32,Sunday,True,False,False,Tan Son Nhat International Airport,SGN
Wattay International Airport,VTE,2024-08-25 11:30,Phnom Penh International Airport,PNH,2024-08-25 13:00,90,Vietnam Airlines,Business Class,235,70,,,Y,Y,Y,2,10,1,32,Sunday,False,False,False,Tan Son Nhat International Airport,SGN
Wattay International Airport,VTE,2024-08-26 21:50,Kunming Changshui International Airport,KMG,2024-08-27 00:25,95,China Eastern,Business Class,1220,950,True,751.0,Y,Y,Y,1,10,2,32,Monday,True,False,False,Tan Son Nhat International Airport,SGN
Wattay International Airport,VTE,2024-08-26 23:20,Shanghai Pudong International Airport,PVG,2024-08-27 04:30,250,China Eastern,Business Class,1575,1045,True,896.0,Y,Y,Y,1,10,2,32,Monday,True,False,False,Tan Son Nhat International Airport,SGN
Wattay International Airport,VTE,2024-08-26 11:30,Phnom Penh International Airport,PNH,2024-08-26 13:00,90,Vietnam Airlines,Business Class,235,70,,,Y,Y,Y,2,10,1,32,Monday,False,False,False,Tan Son Nhat International Airport,SGN
Wattay International Airport,VTE,2024-08-27 10:40,Kunming Changshui International Airport,KMG,2024-08-27 13:15,95,China Eastern,Business Class,450,180,,751.0,Y,Y,Y,1,10,2,32,Tuesday,False,False,False,Tan Son Nhat International Airport,SGN
Wattay International Airport,VTE,2024-08-27 23:20,Shanghai Pudong International Airport,PVG,2024-08-28 04:30,250,China Eastern,Business Class,1575,1045,True,896.0,Y,Y,Y,1,10,2,32,Tuesday,True,False,False,Tan Son Nhat International Airport,SGN
Wattay International Airport,VTE,2024-08-27 11:30,Phnom Penh International Airport,PNH,2024-08-27 13:00,90,Vietnam Airlines,Business Class,235,70,,,Y,Y,Y,2,10,1,32,Tuesday,False,False,False,Tan Son Nhat International Airport,SGN
Wattay International Airport,VTE,2024-08-28 19:10,Guangzhou Baiyun International Airport,CAN,2024-08-28 22:25,135,China Southern,Business Class,385,60,,677.0,Y,Y,Y,1,10,2,32,Wednesday,False,False,False,Tan Son Nhat International Airport,SGN
Wattay International Airport,VTE,2024-08-28 21:50,Kunming Changshui International Airport,KMG,2024-08-29 00:25,95,China Eastern,Business Class,1220,950,True,751.0,Y,Y,Y,1,10,2,32,Wednesday,True,False,False,Tan Son Nhat International Airport,SGN
Wattay International Airport,VTE,2024-08-28 23:20,Shanghai Pudong International Airport,PVG,2024-08-29 04:30,250,China Eastern,Business Class,1575,1065,True,896.0,Y,Y,Y,1,10,2,32,Wednesday,True,False,False,Tan Son Nhat International Airport,SGN
Wattay International Airport,VTE,2024-08-28 11:30,Phnom Penh International Airport,PNH,2024-08-28 13:00,90,Vietnam Airlines,Business Class,235,70,,,Y,Y,Y,2,10,1,32,Wednesday,False,False,False,Tan Son Nhat International Airport,SGN
Wattay International Airport,VTE,2024-08-29 10:40,Kunming Changshui International Airport,KMG,2024-08-29 13:15,95,China Eastern,Business Class,450,180,,751.0,Y,Y,Y,1,10,2,32,Thursday,False,False,False,Tan Son Nhat International Airport,SGN
Wattay International Airport,VTE,2024-08-29 23:20,Shanghai Pudong International Airport,PVG,2024-08-30 04:30,250,China Eastern,Business Class,1575,1065,True,896.0,Y,Y,Y,1,10,2,32,Thursday,True,False,False,Tan Son Nhat International Airport,SGN
Wattay International Airport,VTE,2024-08-29 11:30,Phnom Penh International Airport,PNH,2024-08-29 13:00,90,Vietnam Airlines,Business Class,235,70,,,Y,Y,Y,2,10,1,32,Thursday,False,False,False,Tan Son Nhat International Airport,SGN
Wattay International Airport,VTE,2024-08-30 19:10,Guangzhou Baiyun International Airport,CAN,2024-08-30 22:25,135,China Southern,Business Class,385,60,,677.0,Y,Y,Y,1,10,2,32,Friday,False,False,False,Tan Son Nhat International Airport,SGN
Wattay International Airport,VTE,2024-08-30 21:50,Kunming Changshui International Airport,KMG,2024-08-31 00:25,95,China Eastern,Business Class,1220,950,True,751.0,Y,Y,Y,1,10,2,32,Friday,True,False,False,Tan Son Nhat International Airport,SGN
Wattay International Airport,VTE,2024-08-30 23:20,Shanghai Pudong International Airport,PVG,2024-08-31 04:30,250,China Eastern,Business Class,1575,1045,True,896.0,Y,Y,Y,1,10,2,32,Friday,True,False,False,Tan Son Nhat International Airport,SGN
Wattay International Airport,VTE,2024-08-30 11:30,Phnom Penh International Airport,PNH,2024-08-30 13:00,90,Vietnam Airlines,Business Class,235,70,,,Y,Y,Y,2,10,1,32,Friday,False,False,False,Tan Son Nhat International Airport,SGN
Wattay International Airport,VTE,2024-08-31 10:40,Kunming Changshui International Airport,KMG,2024-08-31 13:15,95,China Eastern,Business Class,450,180,,751.0,Y,Y,Y,1,10,2,32,Saturday,False,False,False,Tan Son Nhat International Airport,SGN
Wattay International Airport,VTE,2024-08-31 11:30,Phnom Penh International Airport,PNH,2024-08-31 13:00,90,Vietnam Airlines,Business Class,235,70,,,Y,Y,Y,2,10,1,32,Saturday,False,False,False,Tan Son Nhat International Airport,SGN
