Departure Airport Name,Departure Airport ID,Departure Time,Arrival Airport Name,Arrival Airport ID,Arrival Time,Duration,Airline,Travel Class,Total Duration,Layover 1 Duration,Layover 1 Overnight,Price, Cabin Baggage, Checked Baggage,Meal Included,Cabin Baggage (Number),Cabin Baggage (kg per piece),Checked Baggage (Number),Checked Baggage (kg per piece) 
Ninoy Aquino International Airport,MNL,01/07/2024 12:55,Suvarnabhumi Airport,BKK,01/07/2024 15:25,210,THAI,Business Class,470,180,N/A,780,Y,Y,Y,1,7,2,30
Ninoy Aquino International Airport,MNL,01/07/2024 6:55,Shanghai Pudong International Airport,PVG,01/07/2024 11:00,245,China Eastern,Business Class,985,500,N/A,1527,Y,Y,Y,1,10,2,32
Ninoy Aquino International Airport,MNL,01/07/2024 22:10,Noi Bai International Airport,HAN,02/07/2024 0:45,215,Philippine Airlines,Business Class,815,525,TRUE,N/A,Y,Y,Y,1,7,2,32
Ninoy Aquino International Airport,MNL,02/07/2024 12:55,Suvarnabhumi Airport,BKK,02/07/2024 15:25,210,THAI,Business Class,470,180,N/A,780,Y,Y,Y,1,7,2,30
Ninoy Aquino International Airport,MNL,02/07/2024 3:55,Shanghai Pudong International Airport,PVG,02/07/2024 7:25,210,China Eastern,Business Class,1165,715,N/A,1527,Y,Y,Y,1,10,2,32
Ninoy Aquino International Airport,MNL,02/07/2024 17:35,Guangzhou Baiyun International Airport,CAN,02/07/2024 20:05,150,China Southern,Business Class,1535,1230,TRUE,5250,Y,Y,Y,1,10,2,32
Ninoy Aquino International Airport,MNL,02/07/2024 5:20,Noi Bai International Airport,HAN,02/07/2024 7:30,190,Vietnam Airlines,Business Class,385,120,N/A,N/A,Y,Y,Y,2,10,1,32
Ninoy Aquino International Airport,MNL,03/07/2024 12:55,Suvarnabhumi Airport,BKK,03/07/2024 15:25,210,THAI,Business Class,470,180,N/A,780,Y,Y,Y,1,7,2,30
Ninoy Aquino International Airport,MNL,03/07/2024 6:55,Shanghai Pudong International Airport,PVG,03/07/2024 11:00,245,China Eastern,Business Class,985,500,N/A,1527,Y,Y,Y,1,10,2,32
Ninoy Aquino International Airport,MNL,03/07/2024 11:55,Guangzhou Baiyun International Airport,CAN,03/07/2024 14:25,150,China Southern,Business Class,435,130,N/A,5250,Y,Y,Y,1,10,2,32
Ninoy Aquino International Airport,MNL,03/07/2024 22:10,Noi Bai International Airport,HAN,04/07/2024 0:45,215,Philippine Airlines,Business Class,815,525,TRUE,N/A,Y,Y,Y,1,7,2,32
Ninoy Aquino International Airport,MNL,04/07/2024 12:55,Suvarnabhumi Airport,BKK,04/07/2024 15:25,210,THAI,Business Class,1495,1210,TRUE,800,Y,Y,Y,1,7,2,30
Ninoy Aquino International Airport,MNL,04/07/2024 3:55,Shanghai Pudong International Airport,PVG,04/07/2024 7:25,210,China Eastern,Business Class,1165,715,N/A,1527,Y,Y,Y,1,10,2,32
Ninoy Aquino International Airport,MNL,04/07/2024 17:35,Guangzhou Baiyun International Airport,CAN,04/07/2024 20:05,150,China Southern,Business Class,1535,1230,TRUE,5250,Y,Y,Y,1,10,2,32
Ninoy Aquino International Airport,MNL,04/07/2024 5:20,Noi Bai International Airport,HAN,04/07/2024 7:30,190,Vietnam Airlines,Business Class,385,120,N/A,N/A,Y,Y,Y,2,10,1,32
Ninoy Aquino International Airport,MNL,05/07/2024 12:55,Suvarnabhumi Airport,BKK,05/07/2024 15:25,210,THAI,Business Class,470,180,N/A,780,Y,Y,Y,1,7,2,30
Ninoy Aquino International Airport,MNL,05/07/2024 3:55,Shanghai Pudong International Airport,PVG,05/07/2024 7:25,210,China Eastern,Business Class,1165,715,N/A,1527,Y,Y,Y,1,10,2,32
Ninoy Aquino International Airport,MNL,05/07/2024 11:55,Guangzhou Baiyun International Airport,CAN,05/07/2024 14:25,150,China Southern,Business Class,435,130,N/A,5250,Y,Y,Y,1,10,2,32
Ninoy Aquino International Airport,MNL,05/07/2024 22:10,Noi Bai International Airport,HAN,06/07/2024 0:45,215,Philippine Airlines,Business Class,815,525,TRUE,N/A,Y,Y,Y,1,7,2,32
Ninoy Aquino International Airport,MNL,06/07/2024 12:55,Suvarnabhumi Airport,BKK,06/07/2024 15:25,210,THAI,Business Class,470,180,N/A,780,Y,Y,Y,1,7,2,30
Ninoy Aquino International Airport,MNL,06/07/2024 3:55,Shanghai Pudong International Airport,PVG,06/07/2024 7:25,210,China Eastern,Business Class,1165,715,N/A,1527,Y,Y,Y,1,10,2,32
Ninoy Aquino International Airport,MNL,06/07/2024 17:35,Guangzhou Baiyun International Airport,CAN,06/07/2024 20:00,145,China Southern,Business Class,1535,1235,TRUE,5250,Y,Y,Y,1,10,2,32
Ninoy Aquino International Airport,MNL,06/07/2024 5:20,Noi Bai International Airport,HAN,06/07/2024 7:30,190,Vietnam Airlines,Business Class,385,120,N/A,N/A,Y,Y,Y,2,10,1,32
Ninoy Aquino International Airport,MNL,07/07/2024 12:55,Suvarnabhumi Airport,BKK,07/07/2024 15:25,210,THAI,Business Class,1495,1210,TRUE,800,Y,Y,Y,1,7,2,30
Ninoy Aquino International Airport,MNL,07/07/2024 3:55,Shanghai Pudong International Airport,PVG,07/07/2024 7:25,210,China Eastern,Business Class,1165,715,N/A,2153,Y,Y,Y,1,10,2,32
Ninoy Aquino International Airport,MNL,07/07/2024 11:55,Guangzhou Baiyun International Airport,CAN,07/07/2024 14:25,150,China Southern,Business Class,435,130,N/A,5250,Y,Y,Y,1,10,2,32
Ninoy Aquino International Airport,MNL,07/07/2024 22:10,Noi Bai International Airport,HAN,08/07/2024 0:45,215,Philippine Airlines,Business Class,815,525,TRUE,N/A,Y,Y,Y,1,7,2,32
Ninoy Aquino International Airport,MNL,08/07/2024 12:55,Suvarnabhumi Airport,BKK,08/07/2024 15:25,210,THAI,Business Class,470,180,N/A,780,Y,Y,Y,1,7,2,30
Ninoy Aquino International Airport,MNL,08/07/2024 6:55,Shanghai Pudong International Airport,PVG,08/07/2024 11:00,245,China Eastern,Business Class,985,500,N/A,1527,Y,Y,Y,1,10,2,32
Ninoy Aquino International Airport,MNL,08/07/2024 22:10,Noi Bai International Airport,HAN,09/07/2024 0:45,215,Philippine Airlines,Business Class,815,525,TRUE,N/A,Y,Y,Y,1,7,2,32
Ninoy Aquino International Airport,MNL,09/07/2024 12:55,Suvarnabhumi Airport,BKK,09/07/2024 15:25,210,THAI,Business Class,470,180,N/A,780,Y,Y,Y,1,7,2,30
Ninoy Aquino International Airport,MNL,09/07/2024 3:55,Shanghai Pudong International Airport,PVG,09/07/2024 7:25,210,China Eastern,Business Class,1165,715,N/A,1527,Y,Y,Y,1,10,2,32
Ninoy Aquino International Airport,MNL,09/07/2024 17:35,Guangzhou Baiyun International Airport,CAN,09/07/2024 20:05,150,China Southern,Business Class,1535,1230,TRUE,5250,Y,Y,Y,1,10,2,32
Ninoy Aquino International Airport,MNL,09/07/2024 5:20,Noi Bai International Airport,HAN,09/07/2024 7:30,190,Vietnam Airlines,Business Class,385,120,N/A,N/A,Y,Y,Y,2,10,1,32
Ninoy Aquino International Airport,MNL,10/07/2024 12:55,Suvarnabhumi Airport,BKK,10/07/2024 15:25,210,THAI,Business Class,470,180,N/A,780,Y,Y,Y,1,7,2,30
Ninoy Aquino International Airport,MNL,10/07/2024 6:55,Shanghai Pudong International Airport,PVG,10/07/2024 11:00,245,China Eastern,Business Class,985,500,N/A,1527,Y,Y,Y,1,10,2,32
Ninoy Aquino International Airport,MNL,10/07/2024 11:55,Guangzhou Baiyun International Airport,CAN,10/07/2024 14:25,150,China Southern,Business Class,435,130,N/A,5250,Y,Y,Y,1,10,2,32
Ninoy Aquino International Airport,MNL,10/07/2024 22:10,Noi Bai International Airport,HAN,11/07/2024 0:45,215,Philippine Airlines,Business Class,815,525,TRUE,N/A,Y,Y,Y,1,7,2,32
Ninoy Aquino International Airport,MNL,11/07/2024 12:55,Suvarnabhumi Airport,BKK,11/07/2024 15:25,210,THAI,Business Class,470,180,N/A,780,Y,Y,Y,1,7,2,30
Ninoy Aquino International Airport,MNL,11/07/2024 3:55,Shanghai Pudong International Airport,PVG,11/07/2024 7:25,210,China Eastern,Business Class,1165,715,N/A,1497,Y,Y,Y,1,10,2,32
Ninoy Aquino International Airport,MNL,11/07/2024 17:35,Guangzhou Baiyun International Airport,CAN,11/07/2024 20:05,150,China Southern,Business Class,1535,1230,TRUE,5250,Y,Y,Y,1,10,2,32
Ninoy Aquino International Airport,MNL,11/07/2024 5:20,Noi Bai International Airport,HAN,11/07/2024 7:30,190,Vietnam Airlines,Business Class,385,120,N/A,N/A,Y,Y,Y,2,10,1,32
Ninoy Aquino International Airport,MNL,12/07/2024 12:55,Suvarnabhumi Airport,BKK,12/07/2024 15:25,210,THAI,Business Class,470,180,N/A,780,Y,Y,Y,1,7,2,30
Ninoy Aquino International Airport,MNL,12/07/2024 3:55,Shanghai Pudong International Airport,PVG,12/07/2024 7:25,210,China Eastern,Business Class,1165,715,N/A,1497,Y,Y,Y,1,10,2,32
Ninoy Aquino International Airport,MNL,12/07/2024 11:55,Guangzhou Baiyun International Airport,CAN,12/07/2024 14:25,150,China Southern,Business Class,435,130,N/A,5250,Y,Y,Y,1,10,2,32
Ninoy Aquino International Airport,MNL,12/07/2024 22:10,Noi Bai International Airport,HAN,13/07/2024 0:45,215,Philippine Airlines,Business Class,815,525,TRUE,N/A,Y,Y,Y,1,7,2,32
Ninoy Aquino International Airport,MNL,13/07/2024 12:55,Suvarnabhumi Airport,BKK,13/07/2024 15:25,210,THAI,Business Class,470,180,N/A,780,Y,Y,Y,1,7,2,30
Ninoy Aquino International Airport,MNL,13/07/2024 3:55,Shanghai Pudong International Airport,PVG,13/07/2024 7:25,210,China Eastern,Business Class,1165,715,N/A,1497,Y,Y,Y,1,10,2,32
Ninoy Aquino International Airport,MNL,13/07/2024 17:35,Guangzhou Baiyun International Airport,CAN,13/07/2024 20:00,145,China Southern,Business Class,1535,1235,TRUE,5250,Y,Y,Y,1,10,2,32
Ninoy Aquino International Airport,MNL,13/07/2024 5:20,Noi Bai International Airport,HAN,13/07/2024 7:30,190,Vietnam Airlines,Business Class,385,120,N/A,N/A,Y,Y,Y,2,10,1,32
Ninoy Aquino International Airport,MNL,14/07/2024 12:55,Suvarnabhumi Airport,BKK,14/07/2024 15:25,210,THAI,Business Class,470,180,N/A,1391,Y,Y,Y,1,7,2,30
Ninoy Aquino International Airport,MNL,14/07/2024 3:55,Shanghai Pudong International Airport,PVG,14/07/2024 7:25,210,China Eastern,Business Class,1165,715,N/A,1497,Y,Y,Y,1,10,2,32
Ninoy Aquino International Airport,MNL,14/07/2024 11:55,Guangzhou Baiyun International Airport,CAN,14/07/2024 14:25,150,China Southern,Business Class,435,130,N/A,5250,Y,Y,Y,1,10,2,32
Ninoy Aquino International Airport,MNL,14/07/2024 22:10,Noi Bai International Airport,HAN,15/07/2024 0:45,215,Philippine Airlines,Business Class,815,525,TRUE,N/A,Y,Y,Y,1,7,2,32
Ninoy Aquino International Airport,MNL,15/07/2024 12:55,Suvarnabhumi Airport,BKK,15/07/2024 15:25,210,THAI,Business Class,470,180,N/A,780,Y,Y,Y,1,7,2,30
Ninoy Aquino International Airport,MNL,15/07/2024 6:55,Shanghai Pudong International Airport,PVG,15/07/2024 11:00,245,China Eastern,Business Class,985,500,N/A,2268,Y,Y,Y,1,10,2,32
Ninoy Aquino International Airport,MNL,15/07/2024 22:10,Noi Bai International Airport,HAN,16/07/2024 0:45,215,Philippine Airlines,Business Class,815,525,TRUE,N/A,Y,Y,Y,1,7,2,32
Ninoy Aquino International Airport,MNL,16/07/2024 12:55,Suvarnabhumi Airport,BKK,16/07/2024 15:25,210,THAI,Business Class,470,180,N/A,780,Y,Y,Y,1,7,2,30
Ninoy Aquino International Airport,MNL,16/07/2024 3:55,Shanghai Pudong International Airport,PVG,16/07/2024 7:25,210,China Eastern,Business Class,1165,715,N/A,1497,Y,Y,Y,1,10,2,32
Ninoy Aquino International Airport,MNL,16/07/2024 17:35,Guangzhou Baiyun International Airport,CAN,16/07/2024 20:05,150,China Southern,Business Class,1535,1230,TRUE,5250,Y,Y,Y,1,10,2,32
Ninoy Aquino International Airport,MNL,16/07/2024 5:20,Noi Bai International Airport,HAN,16/07/2024 7:30,190,Vietnam Airlines,Business Class,385,120,N/A,N/A,Y,Y,Y,2,10,1,32
Ninoy Aquino International Airport,MNL,17/07/2024 12:55,Suvarnabhumi Airport,BKK,17/07/2024 15:25,210,THAI,Business Class,470,180,N/A,780,Y,Y,Y,1,7,2,30
Ninoy Aquino International Airport,MNL,17/07/2024 6:55,Shanghai Pudong International Airport,PVG,17/07/2024 11:00,245,China Eastern,Business Class,985,500,N/A,1497,Y,Y,Y,1,10,2,32
Ninoy Aquino International Airport,MNL,17/07/2024 11:55,Guangzhou Baiyun International Airport,CAN,17/07/2024 14:25,150,China Southern,Business Class,435,130,N/A,5250,Y,Y,Y,1,10,2,32
Ninoy Aquino International Airport,MNL,17/07/2024 22:10,Noi Bai International Airport,HAN,18/07/2024 0:45,215,Philippine Airlines,Business Class,815,525,TRUE,N/A,Y,Y,Y,1,7,2,32
Ninoy Aquino International Airport,MNL,18/07/2024 12:55,Suvarnabhumi Airport,BKK,18/07/2024 15:25,210,THAI,Business Class,470,180,N/A,780,Y,Y,Y,1,7,2,30
Ninoy Aquino International Airport,MNL,18/07/2024 3:55,Shanghai Pudong International Airport,PVG,18/07/2024 7:25,210,China Eastern,Business Class,1165,715,N/A,1357,Y,Y,Y,1,10,2,32
Ninoy Aquino International Airport,MNL,18/07/2024 17:35,Guangzhou Baiyun International Airport,CAN,18/07/2024 20:05,150,China Southern,Business Class,1535,1230,TRUE,5250,Y,Y,Y,1,10,2,32
Ninoy Aquino International Airport,MNL,18/07/2024 5:20,Noi Bai International Airport,HAN,18/07/2024 7:30,190,Vietnam Airlines,Business Class,385,120,N/A,N/A,Y,Y,Y,2,10,1,32
Ninoy Aquino International Airport,MNL,19/07/2024 12:55,Suvarnabhumi Airport,BKK,19/07/2024 15:25,210,THAI,Business Class,470,180,N/A,780,Y,Y,Y,1,7,2,30
Ninoy Aquino International Airport,MNL,19/07/2024 3:55,Shanghai Pudong International Airport,PVG,19/07/2024 7:25,210,China Eastern,Business Class,1165,715,N/A,1357,Y,Y,Y,1,10,2,32
Ninoy Aquino International Airport,MNL,19/07/2024 11:55,Guangzhou Baiyun International Airport,CAN,19/07/2024 14:25,150,China Southern,Business Class,435,130,N/A,5250,Y,Y,Y,1,10,2,32
Ninoy Aquino International Airport,MNL,19/07/2024 22:10,Noi Bai International Airport,HAN,20/07/2024 0:45,215,Philippine Airlines,Business Class,815,525,TRUE,N/A,Y,Y,Y,1,7,2,32
Ninoy Aquino International Airport,MNL,20/07/2024 12:55,Suvarnabhumi Airport,BKK,20/07/2024 15:25,210,THAI,Business Class,470,180,N/A,780,Y,Y,Y,1,7,2,30
Ninoy Aquino International Airport,MNL,20/07/2024 3:55,Shanghai Pudong International Airport,PVG,20/07/2024 7:25,210,China Eastern,Business Class,1165,715,N/A,1357,Y,Y,Y,1,10,2,32
Ninoy Aquino International Airport,MNL,20/07/2024 17:35,Guangzhou Baiyun International Airport,CAN,20/07/2024 20:00,145,China Southern,Business Class,1535,1235,TRUE,5250,Y,Y,Y,1,10,2,32
Ninoy Aquino International Airport,MNL,20/07/2024 5:20,Noi Bai International Airport,HAN,20/07/2024 7:30,190,Vietnam Airlines,Business Class,385,120,N/A,N/A,Y,Y,Y,2,10,1,32
Ninoy Aquino International Airport,MNL,21/07/2024 12:55,Suvarnabhumi Airport,BKK,21/07/2024 15:25,210,THAI,Business Class,470,180,N/A,780,Y,Y,Y,1,7,2,30
Ninoy Aquino International Airport,MNL,21/07/2024 3:55,Shanghai Pudong International Airport,PVG,21/07/2024 7:25,210,China Eastern,Business Class,1165,715,N/A,1357,Y,Y,Y,1,10,2,32
Ninoy Aquino International Airport,MNL,21/07/2024 11:55,Guangzhou Baiyun International Airport,CAN,21/07/2024 14:25,150,China Southern,Business Class,435,130,N/A,5250,Y,Y,Y,1,10,2,32
Ninoy Aquino International Airport,MNL,21/07/2024 22:10,Noi Bai International Airport,HAN,22/07/2024 0:45,215,Philippine Airlines,Business Class,815,525,TRUE,N/A,Y,Y,Y,1,7,2,32
Ninoy Aquino International Airport,MNL,22/07/2024 12:55,Suvarnabhumi Airport,BKK,22/07/2024 15:25,210,THAI,Business Class,470,180,N/A,780,Y,Y,Y,1,7,2,30
Ninoy Aquino International Airport,MNL,22/07/2024 6:55,Shanghai Pudong International Airport,PVG,22/07/2024 11:00,245,China Eastern,Business Class,985,500,N/A,1357,Y,Y,Y,1,10,2,32
Ninoy Aquino International Airport,MNL,22/07/2024 22:10,Noi Bai International Airport,HAN,23/07/2024 0:45,215,Philippine Airlines,Business Class,815,525,TRUE,N/A,Y,Y,Y,1,7,2,32
Ninoy Aquino International Airport,MNL,23/07/2024 12:55,Suvarnabhumi Airport,BKK,23/07/2024 15:25,210,THAI,Business Class,470,180,N/A,780,Y,Y,Y,1,7,2,30
Ninoy Aquino International Airport,MNL,23/07/2024 3:55,Shanghai Pudong International Airport,PVG,23/07/2024 7:25,210,China Eastern,Business Class,1165,715,N/A,1357,Y,Y,Y,1,10,2,32
Ninoy Aquino International Airport,MNL,23/07/2024 17:35,Guangzhou Baiyun International Airport,CAN,23/07/2024 20:05,150,China Southern,Business Class,1535,1230,TRUE,5250,Y,Y,Y,1,10,2,32
Ninoy Aquino International Airport,MNL,23/07/2024 5:20,Noi Bai International Airport,HAN,23/07/2024 7:30,190,Vietnam Airlines,Business Class,385,120,N/A,N/A,Y,Y,Y,2,10,1,32
Ninoy Aquino International Airport,MNL,24/07/2024 12:55,Suvarnabhumi Airport,BKK,24/07/2024 15:25,210,THAI,Business Class,470,180,N/A,780,Y,Y,Y,1,7,2,30
Ninoy Aquino International Airport,MNL,24/07/2024 6:55,Shanghai Pudong International Airport,PVG,24/07/2024 11:00,245,China Eastern,Business Class,985,500,N/A,1357,Y,Y,Y,1,10,2,32
Ninoy Aquino International Airport,MNL,24/07/2024 11:55,Guangzhou Baiyun International Airport,CAN,24/07/2024 14:25,150,China Southern,Business Class,435,130,N/A,5250,Y,Y,Y,1,10,2,32
Ninoy Aquino International Airport,MNL,24/07/2024 22:10,Noi Bai International Airport,HAN,25/07/2024 0:45,215,Philippine Airlines,Business Class,815,525,TRUE,N/A,Y,Y,Y,1,7,2,32
Ninoy Aquino International Airport,MNL,25/07/2024 3:55,Shanghai Pudong International Airport,PVG,25/07/2024 7:25,210,China Eastern,Business Class,1165,715,N/A,1243,Y,Y,Y,1,10,2,32
Ninoy Aquino International Airport,MNL,25/07/2024 17:35,Guangzhou Baiyun International Airport,CAN,25/07/2024 20:05,150,China Southern,Business Class,1535,1230,TRUE,5250,Y,Y,Y,1,10,2,32
Ninoy Aquino International Airport,MNL,25/07/2024 5:20,Noi Bai International Airport,HAN,25/07/2024 7:30,190,Vietnam Airlines,Business Class,385,120,N/A,N/A,Y,Y,Y,2,10,1,32
Ninoy Aquino International Airport,MNL,26/07/2024 12:55,Suvarnabhumi Airport,BKK,26/07/2024 15:25,210,THAI,Business Class,470,180,N/A,780,Y,Y,Y,1,7,2,30
Ninoy Aquino International Airport,MNL,26/07/2024 3:55,Shanghai Pudong International Airport,PVG,26/07/2024 7:25,210,China Eastern,Business Class,1165,715,N/A,1243,Y,Y,Y,1,10,2,32
Ninoy Aquino International Airport,MNL,26/07/2024 11:55,Guangzhou Baiyun International Airport,CAN,26/07/2024 14:25,150,China Southern,Business Class,435,130,N/A,5250,Y,Y,Y,1,10,2,32
Ninoy Aquino International Airport,MNL,26/07/2024 22:10,Noi Bai International Airport,HAN,27/07/2024 0:45,215,Philippine Airlines,Business Class,815,525,TRUE,N/A,Y,Y,Y,1,7,2,32
Ninoy Aquino International Airport,MNL,27/07/2024 12:55,Suvarnabhumi Airport,BKK,27/07/2024 15:25,210,THAI,Business Class,470,180,N/A,780,Y,Y,Y,1,7,2,30
Ninoy Aquino International Airport,MNL,27/07/2024 3:55,Shanghai Pudong International Airport,PVG,27/07/2024 7:25,210,China Eastern,Business Class,1165,715,N/A,1243,Y,Y,Y,1,10,2,32
Ninoy Aquino International Airport,MNL,27/07/2024 17:35,Guangzhou Baiyun International Airport,CAN,27/07/2024 20:00,145,China Southern,Business Class,1535,1235,TRUE,5250,Y,Y,Y,1,10,2,32
Ninoy Aquino International Airport,MNL,27/07/2024 5:20,Noi Bai International Airport,HAN,27/07/2024 7:30,190,Vietnam Airlines,Business Class,385,120,N/A,N/A,Y,Y,Y,2,10,1,32
Ninoy Aquino International Airport,MNL,28/07/2024 12:55,Suvarnabhumi Airport,BKK,28/07/2024 15:25,210,THAI,Business Class,470,180,N/A,780,Y,Y,Y,1,7,2,30
Ninoy Aquino International Airport,MNL,28/07/2024 3:55,Shanghai Pudong International Airport,PVG,28/07/2024 7:25,210,China Eastern,Business Class,1165,715,N/A,1243,Y,Y,Y,1,10,2,32
Ninoy Aquino International Airport,MNL,28/07/2024 11:55,Guangzhou Baiyun International Airport,CAN,28/07/2024 14:25,150,China Southern,Business Class,435,130,N/A,5250,Y,Y,Y,1,10,2,32
Ninoy Aquino International Airport,MNL,28/07/2024 22:10,Noi Bai International Airport,HAN,29/07/2024 0:45,215,Philippine Airlines,Business Class,815,525,TRUE,N/A,Y,Y,Y,1,7,2,32
Ninoy Aquino International Airport,MNL,29/07/2024 12:55,Suvarnabhumi Airport,BKK,29/07/2024 15:25,210,THAI,Business Class,470,180,N/A,780,Y,Y,Y,1,7,2,30
Ninoy Aquino International Airport,MNL,29/07/2024 6:55,Shanghai Pudong International Airport,PVG,29/07/2024 11:00,245,China Eastern,Business Class,985,500,N/A,1243,Y,Y,Y,1,10,2,32
Ninoy Aquino International Airport,MNL,29/07/2024 22:10,Noi Bai International Airport,HAN,30/07/2024 0:45,215,Philippine Airlines,Business Class,815,525,TRUE,N/A,Y,Y,Y,1,7,2,32
Ninoy Aquino International Airport,MNL,30/07/2024 12:55,Suvarnabhumi Airport,BKK,30/07/2024 15:25,210,THAI,Business Class,470,180,N/A,780,Y,Y,Y,1,7,2,30
Ninoy Aquino International Airport,MNL,30/07/2024 3:55,Shanghai Pudong International Airport,PVG,30/07/2024 7:25,210,China Eastern,Business Class,1165,715,N/A,1243,Y,Y,Y,1,10,2,32
Ninoy Aquino International Airport,MNL,30/07/2024 17:35,Guangzhou Baiyun International Airport,CAN,30/07/2024 20:05,150,China Southern,Business Class,1535,1230,TRUE,5250,Y,Y,Y,1,10,2,32
Ninoy Aquino International Airport,MNL,30/07/2024 5:20,Noi Bai International Airport,HAN,30/07/2024 7:30,190,Vietnam Airlines,Business Class,385,120,N/A,N/A,Y,Y,Y,2,10,1,32
Ninoy Aquino International Airport,MNL,31/07/2024 12:55,Suvarnabhumi Airport,BKK,31/07/2024 15:25,210,THAI,Business Class,470,180,N/A,780,Y,Y,Y,1,7,2,30
Ninoy Aquino International Airport,MNL,31/07/2024 11:55,Guangzhou Baiyun International Airport,CAN,31/07/2024 14:25,150,China Southern,Business Class,435,130,N/A,5250,Y,Y,Y,1,10,2,32
Ninoy Aquino International Airport,MNL,31/07/2024 22:10,Noi Bai International Airport,HAN,01/08/2024 0:45,215,Philippine Airlines,Business Class,815,525,TRUE,N/A,Y,Y,Y,1,7,2,32
Ninoy Aquino International Airport,MNL,01/08/2024 12:55,Suvarnabhumi Airport,BKK,01/08/2024 15:25,210,THAI,Business Class,470,180,N/A,816,Y,Y,Y,1,7,2,30
Ninoy Aquino International Airport,MNL,01/08/2024 3:55,Shanghai Pudong International Airport,PVG,01/08/2024 7:25,210,China Eastern,Business Class,1165,715,N/A,1243,Y,Y,Y,1,10,2,32
Ninoy Aquino International Airport,MNL,01/08/2024 17:35,Guangzhou Baiyun International Airport,CAN,01/08/2024 20:05,150,China Southern,Business Class,1535,1230,TRUE,5250,Y,Y,Y,1,10,2,32
Ninoy Aquino International Airport,MNL,01/08/2024 5:20,Noi Bai International Airport,HAN,01/08/2024 7:30,190,Vietnam Airlines,Business Class,385,120,N/A,N/A,Y,Y,Y,2,10,1,32
Ninoy Aquino International Airport,MNL,02/08/2024 12:55,Suvarnabhumi Airport,BKK,02/08/2024 15:25,210,THAI,Business Class,470,180,N/A,864,Y,Y,Y,1,7,2,30
Ninoy Aquino International Airport,MNL,02/08/2024 3:55,Shanghai Pudong International Airport,PVG,02/08/2024 7:25,210,China Eastern,Business Class,1165,715,N/A,1243,Y,Y,Y,1,10,2,32
Ninoy Aquino International Airport,MNL,02/08/2024 11:55,Guangzhou Baiyun International Airport,CAN,02/08/2024 14:25,150,China Southern,Business Class,435,130,N/A,5250,Y,Y,Y,1,10,2,32
Ninoy Aquino International Airport,MNL,02/08/2024 22:10,Noi Bai International Airport,HAN,03/08/2024 0:45,215,Philippine Airlines,Business Class,815,525,TRUE,N/A,Y,Y,Y,1,7,2,32
Ninoy Aquino International Airport,MNL,03/08/2024 12:55,Suvarnabhumi Airport,BKK,03/08/2024 15:25,210,THAI,Business Class,470,180,N/A,864,Y,Y,Y,1,7,2,30
Ninoy Aquino International Airport,MNL,03/08/2024 3:55,Shanghai Pudong International Airport,PVG,03/08/2024 7:25,210,China Eastern,Business Class,1165,715,N/A,1243,Y,Y,Y,1,10,2,32
Ninoy Aquino International Airport,MNL,03/08/2024 17:35,Guangzhou Baiyun International Airport,CAN,03/08/2024 20:00,145,China Southern,Business Class,1535,1235,TRUE,5250,Y,Y,Y,1,10,2,32
Ninoy Aquino International Airport,MNL,03/08/2024 5:20,Noi Bai International Airport,HAN,03/08/2024 7:30,190,Vietnam Airlines,Business Class,385,120,N/A,N/A,Y,Y,Y,2,10,1,32
Ninoy Aquino International Airport,MNL,04/08/2024 12:55,Suvarnabhumi Airport,BKK,04/08/2024 15:25,210,THAI,Business Class,470,180,N/A,864,Y,Y,Y,1,7,2,30
Ninoy Aquino International Airport,MNL,04/08/2024 3:55,Shanghai Pudong International Airport,PVG,04/08/2024 7:25,210,China Eastern,Business Class,1165,715,N/A,1243,Y,Y,Y,1,10,2,32
Ninoy Aquino International Airport,MNL,04/08/2024 11:55,Guangzhou Baiyun International Airport,CAN,04/08/2024 14:25,150,China Southern,Business Class,435,130,N/A,5250,Y,Y,Y,1,10,2,32
Ninoy Aquino International Airport,MNL,04/08/2024 22:10,Noi Bai International Airport,HAN,05/08/2024 0:45,215,Philippine Airlines,Business Class,815,525,TRUE,N/A,Y,Y,Y,1,7,2,32
Ninoy Aquino International Airport,MNL,05/08/2024 12:55,Suvarnabhumi Airport,BKK,05/08/2024 15:25,210,THAI,Business Class,470,180,N/A,816,Y,Y,Y,1,7,2,30
Ninoy Aquino International Airport,MNL,05/08/2024 22:10,Noi Bai International Airport,HAN,06/08/2024 0:45,215,Philippine Airlines,Business Class,815,525,TRUE,N/A,Y,Y,Y,1,7,2,32
Ninoy Aquino International Airport,MNL,06/08/2024 12:55,Suvarnabhumi Airport,BKK,06/08/2024 15:25,210,THAI,Business Class,470,180,N/A,816,Y,Y,Y,1,7,2,30
Ninoy Aquino International Airport,MNL,06/08/2024 3:55,Shanghai Pudong International Airport,PVG,06/08/2024 7:25,210,China Eastern,Business Class,1165,715,N/A,1243,Y,Y,Y,1,10,2,32
Ninoy Aquino International Airport,MNL,06/08/2024 17:35,Guangzhou Baiyun International Airport,CAN,06/08/2024 20:05,150,China Southern,Business Class,1535,1230,TRUE,5250,Y,Y,Y,1,10,2,32
Ninoy Aquino International Airport,MNL,06/08/2024 5:20,Noi Bai International Airport,HAN,06/08/2024 7:30,190,Vietnam Airlines,Business Class,385,120,N/A,N/A,Y,Y,Y,2,10,1,32
Ninoy Aquino International Airport,MNL,07/08/2024 12:55,Suvarnabhumi Airport,BKK,07/08/2024 15:25,210,THAI,Business Class,470,180,N/A,816,Y,Y,Y,1,7,2,30
Ninoy Aquino International Airport,MNL,07/08/2024 11:55,Guangzhou Baiyun International Airport,CAN,07/08/2024 14:25,150,China Southern,Business Class,435,130,N/A,5250,Y,Y,Y,1,10,2,32
Ninoy Aquino International Airport,MNL,07/08/2024 22:10,Noi Bai International Airport,HAN,08/08/2024 0:45,215,Philippine Airlines,Business Class,815,525,TRUE,N/A,Y,Y,Y,1,7,2,32
Ninoy Aquino International Airport,MNL,08/08/2024 12:55,Suvarnabhumi Airport,BKK,08/08/2024 15:25,210,THAI,Business Class,470,180,N/A,816,Y,Y,Y,1,7,2,30
Ninoy Aquino International Airport,MNL,08/08/2024 3:55,Shanghai Pudong International Airport,PVG,08/08/2024 7:25,210,China Eastern,Business Class,1165,715,N/A,1243,Y,Y,Y,1,10,2,32
Ninoy Aquino International Airport,MNL,08/08/2024 17:35,Guangzhou Baiyun International Airport,CAN,08/08/2024 20:05,150,China Southern,Business Class,1535,1230,TRUE,5250,Y,Y,Y,1,10,2,32
Ninoy Aquino International Airport,MNL,08/08/2024 5:20,Noi Bai International Airport,HAN,08/08/2024 7:30,190,Vietnam Airlines,Business Class,385,120,N/A,N/A,Y,Y,Y,2,10,1,32
Ninoy Aquino International Airport,MNL,09/08/2024 12:55,Suvarnabhumi Airport,BKK,09/08/2024 15:25,210,THAI,Business Class,470,180,N/A,864,Y,Y,Y,1,7,2,30
Ninoy Aquino International Airport,MNL,09/08/2024 3:55,Shanghai Pudong International Airport,PVG,09/08/2024 7:25,210,China Eastern,Business Class,1165,715,N/A,1243,Y,Y,Y,1,10,2,32
Ninoy Aquino International Airport,MNL,09/08/2024 11:55,Guangzhou Baiyun International Airport,CAN,09/08/2024 14:25,150,China Southern,Business Class,435,130,N/A,5250,Y,Y,Y,1,10,2,32
Ninoy Aquino International Airport,MNL,09/08/2024 22:10,Noi Bai International Airport,HAN,10/08/2024 0:45,215,Philippine Airlines,Business Class,815,525,TRUE,N/A,Y,Y,Y,1,7,2,32
Ninoy Aquino International Airport,MNL,10/08/2024 12:55,Suvarnabhumi Airport,BKK,10/08/2024 15:25,210,THAI,Business Class,470,180,N/A,864,Y,Y,Y,1,7,2,30
Ninoy Aquino International Airport,MNL,10/08/2024 3:55,Shanghai Pudong International Airport,PVG,10/08/2024 7:25,210,China Eastern,Business Class,1165,715,N/A,1243,Y,Y,Y,1,10,2,32
Ninoy Aquino International Airport,MNL,10/08/2024 17:35,Guangzhou Baiyun International Airport,CAN,10/08/2024 20:00,145,China Southern,Business Class,1535,1235,TRUE,5250,Y,Y,Y,1,10,2,32
Ninoy Aquino International Airport,MNL,10/08/2024 5:20,Noi Bai International Airport,HAN,10/08/2024 7:30,190,Vietnam Airlines,Business Class,385,120,N/A,N/A,Y,Y,Y,2,10,1,32
Ninoy Aquino International Airport,MNL,11/08/2024 12:55,Suvarnabhumi Airport,BKK,11/08/2024 15:25,210,THAI,Business Class,470,180,N/A,864,Y,Y,Y,1,7,2,30
Ninoy Aquino International Airport,MNL,11/08/2024 3:55,Shanghai Pudong International Airport,PVG,11/08/2024 7:25,210,China Eastern,Business Class,1165,715,N/A,1243,Y,Y,Y,1,10,2,32
Ninoy Aquino International Airport,MNL,11/08/2024 11:55,Guangzhou Baiyun International Airport,CAN,11/08/2024 14:25,150,China Southern,Business Class,435,130,N/A,5250,Y,Y,Y,1,10,2,32
Ninoy Aquino International Airport,MNL,11/08/2024 22:10,Noi Bai International Airport,HAN,12/08/2024 0:45,215,Philippine Airlines,Business Class,815,525,TRUE,N/A,Y,Y,Y,1,7,2,32
Ninoy Aquino International Airport,MNL,12/08/2024 12:55,Suvarnabhumi Airport,BKK,12/08/2024 15:25,210,THAI,Business Class,470,180,N/A,816,Y,Y,Y,1,7,2,30
Ninoy Aquino International Airport,MNL,12/08/2024 22:10,Noi Bai International Airport,HAN,13/08/2024 0:45,215,Philippine Airlines,Business Class,815,525,TRUE,N/A,Y,Y,Y,1,7,2,32
Ninoy Aquino International Airport,MNL,13/08/2024 12:55,Suvarnabhumi Airport,BKK,13/08/2024 15:25,210,THAI,Business Class,470,180,N/A,816,Y,Y,Y,1,7,2,30
Ninoy Aquino International Airport,MNL,13/08/2024 3:55,Shanghai Pudong International Airport,PVG,13/08/2024 7:25,210,China Eastern,Business Class,1165,715,N/A,3151,Y,Y,Y,1,10,2,32
Ninoy Aquino International Airport,MNL,13/08/2024 17:35,Guangzhou Baiyun International Airport,CAN,13/08/2024 20:05,150,China Southern,Business Class,1535,1230,TRUE,5250,Y,Y,Y,1,10,2,32
Ninoy Aquino International Airport,MNL,13/08/2024 5:20,Noi Bai International Airport,HAN,13/08/2024 7:30,190,Vietnam Airlines,Business Class,385,120,N/A,N/A,Y,Y,Y,2,10,1,32
Ninoy Aquino International Airport,MNL,14/08/2024 12:55,Suvarnabhumi Airport,BKK,14/08/2024 15:25,210,THAI,Business Class,470,180,N/A,816,Y,Y,Y,1,7,2,30
Ninoy Aquino International Airport,MNL,14/08/2024 11:55,Guangzhou Baiyun International Airport,CAN,14/08/2024 14:25,150,China Southern,Business Class,435,130,N/A,5250,Y,Y,Y,1,10,2,32
Ninoy Aquino International Airport,MNL,14/08/2024 22:10,Noi Bai International Airport,HAN,15/08/2024 0:45,215,Philippine Airlines,Business Class,815,525,TRUE,N/A,Y,Y,Y,1,7,2,32
Ninoy Aquino International Airport,MNL,15/08/2024 12:55,Suvarnabhumi Airport,BKK,15/08/2024 15:25,210,THAI,Business Class,470,180,N/A,984,Y,Y,Y,1,7,2,30
Ninoy Aquino International Airport,MNL,15/08/2024 3:55,Shanghai Pudong International Airport,PVG,15/08/2024 7:25,210,China Eastern,Business Class,1165,715,N/A,1243,Y,Y,Y,1,10,2,32
Ninoy Aquino International Airport,MNL,15/08/2024 17:35,Guangzhou Baiyun International Airport,CAN,15/08/2024 20:05,150,China Southern,Business Class,1535,1230,TRUE,5250,Y,Y,Y,1,10,2,32
Ninoy Aquino International Airport,MNL,15/08/2024 5:20,Noi Bai International Airport,HAN,15/08/2024 7:30,190,Vietnam Airlines,Business Class,385,120,N/A,N/A,Y,Y,Y,2,10,1,32
Ninoy Aquino International Airport,MNL,16/08/2024 12:55,Suvarnabhumi Airport,BKK,16/08/2024 15:25,210,THAI,Business Class,470,180,N/A,864,Y,Y,Y,1,7,2,30
Ninoy Aquino International Airport,MNL,16/08/2024 3:55,Shanghai Pudong International Airport,PVG,16/08/2024 7:25,210,China Eastern,Business Class,1165,715,N/A,1243,Y,Y,Y,1,10,2,32
Ninoy Aquino International Airport,MNL,16/08/2024 11:55,Guangzhou Baiyun International Airport,CAN,16/08/2024 14:25,150,China Southern,Business Class,435,130,N/A,5250,Y,Y,Y,1,10,2,32
Ninoy Aquino International Airport,MNL,16/08/2024 22:10,Noi Bai International Airport,HAN,17/08/2024 0:45,215,Philippine Airlines,Business Class,815,525,TRUE,N/A,Y,Y,Y,1,7,2,32
Ninoy Aquino International Airport,MNL,17/08/2024 12:55,Suvarnabhumi Airport,BKK,17/08/2024 15:25,210,THAI,Business Class,470,180,N/A,864,Y,Y,Y,1,7,2,30
Ninoy Aquino International Airport,MNL,17/08/2024 3:55,Shanghai Pudong International Airport,PVG,17/08/2024 7:25,210,China Eastern,Business Class,1165,715,N/A,3151,Y,Y,Y,1,10,2,32
Ninoy Aquino International Airport,MNL,17/08/2024 17:35,Guangzhou Baiyun International Airport,CAN,17/08/2024 20:00,145,China Southern,Business Class,1535,1235,TRUE,5250,Y,Y,Y,1,10,2,32
Ninoy Aquino International Airport,MNL,17/08/2024 5:20,Noi Bai International Airport,HAN,17/08/2024 7:30,190,Vietnam Airlines,Business Class,385,120,N/A,N/A,Y,Y,Y,2,10,1,32
Ninoy Aquino International Airport,MNL,18/08/2024 12:55,Suvarnabhumi Airport,BKK,18/08/2024 15:25,210,THAI,Business Class,470,180,N/A,864,Y,Y,Y,1,7,2,30
Ninoy Aquino International Airport,MNL,18/08/2024 3:55,Shanghai Pudong International Airport,PVG,18/08/2024 7:25,210,China Eastern,Business Class,1165,715,N/A,1243,Y,Y,Y,1,10,2,32
Ninoy Aquino International Airport,MNL,18/08/2024 11:55,Guangzhou Baiyun International Airport,CAN,18/08/2024 14:25,150,China Southern,Business Class,435,130,N/A,5250,Y,Y,Y,1,10,2,32
Ninoy Aquino International Airport,MNL,18/08/2024 22:10,Noi Bai International Airport,HAN,19/08/2024 0:45,215,Philippine Airlines,Business Class,815,525,TRUE,N/A,Y,Y,Y,1,7,2,32
Ninoy Aquino International Airport,MNL,19/08/2024 12:55,Suvarnabhumi Airport,BKK,19/08/2024 15:25,210,THAI,Business Class,470,180,N/A,816,Y,Y,Y,1,7,2,30
Ninoy Aquino International Airport,MNL,19/08/2024 22:10,Noi Bai International Airport,HAN,20/08/2024 0:45,215,Philippine Airlines,Business Class,815,525,TRUE,N/A,Y,Y,Y,1,7,2,32
Ninoy Aquino International Airport,MNL,20/08/2024 12:55,Suvarnabhumi Airport,BKK,20/08/2024 15:25,210,THAI,Business Class,470,180,N/A,816,Y,Y,Y,1,7,2,30
Ninoy Aquino International Airport,MNL,20/08/2024 17:35,Guangzhou Baiyun International Airport,CAN,20/08/2024 20:05,150,China Southern,Business Class,1535,1230,TRUE,5250,Y,Y,Y,1,10,2,32
Ninoy Aquino International Airport,MNL,20/08/2024 5:20,Noi Bai International Airport,HAN,20/08/2024 7:30,190,Vietnam Airlines,Business Class,385,120,N/A,N/A,Y,Y,Y,2,10,1,32
Ninoy Aquino International Airport,MNL,21/08/2024 12:55,Suvarnabhumi Airport,BKK,21/08/2024 15:25,210,THAI,Business Class,470,180,N/A,816,Y,Y,Y,1,7,2,30
Ninoy Aquino International Airport,MNL,21/08/2024 11:55,Guangzhou Baiyun International Airport,CAN,21/08/2024 14:25,150,China Southern,Business Class,435,130,N/A,5250,Y,Y,Y,1,10,2,32
Ninoy Aquino International Airport,MNL,21/08/2024 22:10,Noi Bai International Airport,HAN,22/08/2024 0:45,215,Philippine Airlines,Business Class,815,525,TRUE,N/A,Y,Y,Y,1,7,2,32
Ninoy Aquino International Airport,MNL,22/08/2024 12:55,Suvarnabhumi Airport,BKK,22/08/2024 15:25,210,THAI,Business Class,470,180,N/A,816,Y,Y,Y,1,7,2,30
Ninoy Aquino International Airport,MNL,22/08/2024 3:55,Shanghai Pudong International Airport,PVG,22/08/2024 7:25,210,China Eastern,Business Class,1165,715,N/A,1214,Y,Y,Y,1,10,2,32
Ninoy Aquino International Airport,MNL,22/08/2024 17:35,Guangzhou Baiyun International Airport,CAN,22/08/2024 20:05,150,China Southern,Business Class,1535,1230,TRUE,5250,Y,Y,Y,1,10,2,32
Ninoy Aquino International Airport,MNL,22/08/2024 5:20,Noi Bai International Airport,HAN,22/08/2024 7:30,190,Vietnam Airlines,Business Class,385,120,N/A,N/A,Y,Y,Y,2,10,1,32
Ninoy Aquino International Airport,MNL,23/08/2024 12:55,Suvarnabhumi Airport,BKK,23/08/2024 15:25,210,THAI,Business Class,470,180,N/A,864,Y,Y,Y,1,7,2,30
Ninoy Aquino International Airport,MNL,23/08/2024 3:55,Shanghai Pudong International Airport,PVG,23/08/2024 7:25,210,China Eastern,Business Class,1165,715,N/A,1214,Y,Y,Y,1,10,2,32
Ninoy Aquino International Airport,MNL,23/08/2024 11:55,Guangzhou Baiyun International Airport,CAN,23/08/2024 14:25,150,China Southern,Business Class,435,130,N/A,5250,Y,Y,Y,1,10,2,32
Ninoy Aquino International Airport,MNL,23/08/2024 22:10,Noi Bai International Airport,HAN,24/08/2024 0:45,215,Philippine Airlines,Business Class,815,525,TRUE,N/A,Y,Y,Y,1,7,2,32
Ninoy Aquino International Airport,MNL,24/08/2024 12:55,Suvarnabhumi Airport,BKK,24/08/2024 15:25,210,THAI,Business Class,470,180,N/A,864,Y,Y,Y,1,7,2,30
Ninoy Aquino International Airport,MNL,24/08/2024 3:55,Shanghai Pudong International Airport,PVG,24/08/2024 7:25,210,China Eastern,Business Class,1165,715,N/A,1214,Y,Y,Y,1,10,2,32
Ninoy Aquino International Airport,MNL,24/08/2024 17:35,Guangzhou Baiyun International Airport,CAN,24/08/2024 20:00,145,China Southern,Business Class,1535,1235,TRUE,5250,Y,Y,Y,1,10,2,32
Ninoy Aquino International Airport,MNL,24/08/2024 5:20,Noi Bai International Airport,HAN,24/08/2024 7:30,190,Vietnam Airlines,Business Class,385,120,N/A,N/A,Y,Y,Y,2,10,1,32
Ninoy Aquino International Airport,MNL,25/08/2024 12:55,Suvarnabhumi Airport,BKK,25/08/2024 15:25,210,THAI,Business Class,470,180,N/A,864,Y,Y,Y,1,7,2,30
Ninoy Aquino International Airport,MNL,25/08/2024 3:55,Shanghai Pudong International Airport,PVG,25/08/2024 7:25,210,China Eastern,Business Class,1165,715,N/A,3151,Y,Y,Y,1,10,2,32
Ninoy Aquino International Airport,MNL,25/08/2024 11:55,Guangzhou Baiyun International Airport,CAN,25/08/2024 14:25,150,China Southern,Business Class,435,130,N/A,5250,Y,Y,Y,1,10,2,32
Ninoy Aquino International Airport,MNL,25/08/2024 22:10,Noi Bai International Airport,HAN,26/08/2024 0:45,215,Philippine Airlines,Business Class,815,525,TRUE,N/A,Y,Y,Y,1,7,2,32
Ninoy Aquino International Airport,MNL,26/08/2024 12:55,Suvarnabhumi Airport,BKK,26/08/2024 15:25,210,THAI,Business Class,470,180,N/A,816,Y,Y,Y,1,7,2,30
Ninoy Aquino International Airport,MNL,26/08/2024 22:10,Noi Bai International Airport,HAN,27/08/2024 0:45,215,Philippine Airlines,Business Class,815,525,TRUE,N/A,Y,Y,Y,1,7,2,32
Ninoy Aquino International Airport,MNL,27/08/2024 12:55,Suvarnabhumi Airport,BKK,27/08/2024 15:25,210,THAI,Business Class,470,180,N/A,816,Y,Y,Y,1,7,2,30
Ninoy Aquino International Airport,MNL,27/08/2024 3:55,Shanghai Pudong International Airport,PVG,27/08/2024 7:25,210,China Eastern,Business Class,1165,715,N/A,3968,Y,Y,Y,1,10,2,32
Ninoy Aquino International Airport,MNL,27/08/2024 17:35,Guangzhou Baiyun International Airport,CAN,27/08/2024 20:05,150,China Southern,Business Class,1535,1230,TRUE,5250,Y,Y,Y,1,10,2,32
Ninoy Aquino International Airport,MNL,27/08/2024 5:20,Noi Bai International Airport,HAN,27/08/2024 7:30,190,Vietnam Airlines,Business Class,385,120,N/A,N/A,Y,Y,Y,2,10,1,32
Ninoy Aquino International Airport,MNL,28/08/2024 12:55,Suvarnabhumi Airport,BKK,28/08/2024 15:25,210,THAI,Business Class,470,180,N/A,816,Y,Y,Y,1,7,2,30
Ninoy Aquino International Airport,MNL,28/08/2024 11:55,Guangzhou Baiyun International Airport,CAN,28/08/2024 14:25,150,China Southern,Business Class,435,130,N/A,5250,Y,Y,Y,1,10,2,32
Ninoy Aquino International Airport,MNL,28/08/2024 22:10,Noi Bai International Airport,HAN,29/08/2024 0:45,215,Philippine Airlines,Business Class,815,525,TRUE,N/A,Y,Y,Y,1,7,2,32
Ninoy Aquino International Airport,MNL,29/08/2024 12:55,Suvarnabhumi Airport,BKK,29/08/2024 15:25,210,THAI,Business Class,470,180,N/A,816,Y,Y,Y,1,7,2,30
Ninoy Aquino International Airport,MNL,29/08/2024 3:55,Shanghai Pudong International Airport,PVG,29/08/2024 7:25,210,China Eastern,Business Class,1165,715,N/A,3151,Y,Y,Y,1,10,2,32
Ninoy Aquino International Airport,MNL,29/08/2024 17:35,Guangzhou Baiyun International Airport,CAN,29/08/2024 20:05,150,China Southern,Business Class,1535,1230,TRUE,5250,Y,Y,Y,1,10,2,32
Ninoy Aquino International Airport,MNL,29/08/2024 5:20,Noi Bai International Airport,HAN,29/08/2024 7:30,190,Vietnam Airlines,Business Class,385,120,N/A,N/A,Y,Y,Y,2,10,1,32
Ninoy Aquino International Airport,MNL,30/08/2024 12:55,Suvarnabhumi Airport,BKK,30/08/2024 15:25,210,THAI,Business Class,470,180,N/A,864,Y,Y,Y,1,7,2,30
Ninoy Aquino International Airport,MNL,30/08/2024 3:55,Shanghai Pudong International Airport,PVG,30/08/2024 7:25,210,China Eastern,Business Class,1165,715,N/A,3151,Y,Y,Y,1,10,2,32
Ninoy Aquino International Airport,MNL,30/08/2024 11:55,Guangzhou Baiyun International Airport,CAN,30/08/2024 14:25,150,China Southern,Business Class,435,130,N/A,5250,Y,Y,Y,1,10,2,32
Ninoy Aquino International Airport,MNL,30/08/2024 22:10,Noi Bai International Airport,HAN,31/08/2024 0:45,215,Philippine Airlines,Business Class,815,525,TRUE,N/A,Y,Y,Y,1,7,2,32
Ninoy Aquino International Airport,MNL,31/08/2024 12:55,Suvarnabhumi Airport,BKK,31/08/2024 15:25,210,THAI,Business Class,470,180,N/A,864,Y,Y,Y,1,7,2,30
Ninoy Aquino International Airport,MNL,31/08/2024 3:55,Shanghai Pudong International Airport,PVG,31/08/2024 7:25,210,China Eastern,Business Class,1165,715,N/A,3151,Y,Y,Y,1,10,2,32
Ninoy Aquino International Airport,MNL,31/08/2024 17:35,Guangzhou Baiyun International Airport,CAN,31/08/2024 20:00,145,China Southern,Business Class,1535,1235,TRUE,5250,Y,Y,Y,1,10,2,32
Ninoy Aquino International Airport,MNL,31/08/2024 5:20,Noi Bai International Airport,HAN,31/08/2024 7:30,190,Vietnam Airlines,Business Class,385,120,N/A,N/A,Y,Y,Y,2,10,1,32